/*--------------------------------*- C++ -*----------------------------------*\
| =========                 |                                                 |
| \\      /  F ield         | OpenFOAM: The Open Source CFD Toolbox           |
|  \\    /   O peration     | Version:  2206                                  |
|   \\  /    A nd           | Website:  www.openfoam.com                      |
|    \\/     M anipulation  |                                                 |
\*---------------------------------------------------------------------------*/
FoamFile
{
    version     2.0;
    format      ascii;
    arch        "LSB;label=32;scalar=64";
    class       volScalarField;
    location    "2300";
    object      nut;
}
// * * * * * * * * * * * * * * * * * * * * * * * * * * * * * * * * * * * * * //

dimensions      [0 2 -1 0 0 0 0];

internalField   nonuniform List<scalar> 
25600
(
0.000592674
0.000593803
0.000596063
0.000599212
0.000603479
0.000608719
0.000615125
0.000622567
0.000631197
0.000640883
0.000651724
0.000663575
0.000676487
0.000690299
0.000705023
0.000720496
0.000736707
0.000753501
0.00077086
0.000788646
0.000806845
0.000825342
0.00084413
0.000863117
0.000882303
0.000901617
0.000921069
0.0009406
0.000960227
0.000979905
0.000999653
0.00101944
0.00103928
0.00105915
0.00107907
0.00109902
0.00111903
0.00113906
0.00115916
0.0011793
0.0011995
0.00121976
0.00124009
0.00126048
0.00128096
0.00130151
0.00132217
0.00134291
0.00136376
0.00138471
0.00140579
0.00142698
0.00144831
0.00146978
0.00149139
0.00151316
0.00153509
0.00155718
0.00157946
0.00160192
0.00162458
0.00164743
0.00167051
0.00169379
0.00171732
0.00174107
0.00176509
0.00178935
0.00181389
0.0018387
0.0018638
0.0018892
0.00191492
0.00194095
0.00196732
0.00199403
0.0020211
0.00204853
0.00207635
0.00210456
0.00213318
0.00216221
0.00219168
0.0022216
0.00225198
0.00228283
0.00231418
0.00234603
0.00237841
0.00241132
0.00244479
0.00247883
0.00251346
0.00254869
0.00258455
0.00262104
0.0026582
0.00269603
0.00273457
0.00277382
0.00281381
0.00285455
0.00289608
0.0029384
0.00298154
0.00302553
0.00307039
0.00311613
0.00316278
0.00321036
0.00325891
0.00330843
0.00335896
0.00341052
0.00346313
0.00351682
0.00357162
0.00362754
0.00368461
0.00374285
0.0038023
0.00386297
0.00392489
0.00398808
0.00405256
0.00411835
0.00418548
0.00425396
0.00432381
0.00439504
0.00446768
0.00454172
0.00461719
0.00469409
0.00477242
0.00485218
0.00493337
0.00501599
0.00510002
0.00518544
0.00527224
0.0053604
0.00544987
0.00554063
0.00563264
0.00572584
0.00582018
0.00591562
0.00601208
0.00610949
0.00620779
0.0063069
0.00640673
0.0065072
0.00660823
0.00670973
0.00681161
0.00691379
0.00701618
0.0071187
0.00722128
0.00732383
0.0074263
0.00752863
0.00763075
0.00773264
0.00783425
0.00793555
0.00803652
0.00813715
0.00823743
0.00833734
0.00843689
0.00853607
0.00863486
0.00873327
0.00883126
0.0089288
0.00902586
0.00912237
0.00921828
0.0093135
0.00940795
0.00950157
0.00959429
0.00968612
0.00977716
0.00986771
0.00995839
0.0100503
0.0101418
0.0102309
0.0103172
0.0104004
0.01048
0.0105558
0.0106273
0.0106943
0.0107564
0.0108132
0.0108645
0.0109099
0.0109492
0.0109822
0.0110085
0.0110282
0.011041
0.0110467
0.0110454
0.011037
0.0110215
0.0109989
0.0109693
0.0109328
0.0108894
0.0108394
0.0107829
0.0107201
0.0106511
0.0105762
0.0104957
0.0104097
0.0103186
0.0102224
0.0101215
0.0100161
0.00990637
0.00979243
0.00967441
0.00955234
0.00942613
0.00929551
0.00915991
0.00901823
0.00886844
0.00870669
0.00852548
0.00830991
0.00803282
0.00766626
0.00604819
0.00604955
0.0060511
0.00605499
0.00606212
0.00607333
0.00608971
0.00611221
0.00614182
0.00617934
0.00622549
0.00628072
0.00634532
0.00641934
0.00650268
0.00659501
0.00669593
0.00680488
0.00692128
0.0070445
0.00717391
0.00730886
0.00744879
0.00759312
0.00774137
0.00789307
0.00804784
0.00820531
0.00836518
0.0085272
0.00869115
0.00885682
0.00902409
0.00919282
0.0093629
0.00953425
0.00970683
0.00988055
0.0100554
0.0102314
0.0104084
0.0105866
0.0107658
0.0109461
0.0111276
0.0113102
0.0114939
0.0116788
0.011865
0.0120523
0.012241
0.012431
0.0126223
0.0128151
0.0130093
0.013205
0.0134023
0.0136012
0.0138017
0.0140039
0.0142079
0.0144138
0.0146215
0.0148311
0.0150428
0.0152566
0.0154724
0.0156905
0.0159109
0.0161337
0.0163588
0.0165865
0.0168168
0.0170497
0.0172854
0.0175239
0.0177653
0.0180097
0.0182572
0.0185079
0.0187618
0.0190191
0.01928
0.0195443
0.0198124
0.0200842
0.0203599
0.0206396
0.0209235
0.0212115
0.0215039
0.0218007
0.0221021
0.0224082
0.0227191
0.0230349
0.0233558
0.0236819
0.0240134
0.0243503
0.0246927
0.025041
0.0253951
0.0257552
0.0261215
0.026494
0.026873
0.0272586
0.027651
0.0280502
0.0284565
0.0288699
0.0292908
0.0297191
0.0301551
0.0305989
0.0310508
0.0315108
0.0319792
0.032456
0.0329416
0.033436
0.0339395
0.0344522
0.0349744
0.0355062
0.0360477
0.0365993
0.0371612
0.0377334
0.0383163
0.03891
0.0395147
0.0401307
0.0407582
0.0413974
0.0420484
0.0427115
0.0433869
0.0440748
0.0447753
0.0454887
0.046215
0.0469544
0.047707
0.048473
0.0492524
0.0500452
0.0508515
0.0516713
0.0525046
0.0533513
0.0542113
0.0550845
0.0559708
0.05687
0.0577821
0.0587067
0.0596438
0.0605932
0.0615548
0.0625284
0.063514
0.0645116
0.0655213
0.0665433
0.0675779
0.0686253
0.0696862
0.0707611
0.0718507
0.072956
0.0740777
0.075217
0.0763748
0.0775522
0.0787499
0.0799689
0.0812094
0.0824718
0.0837554
0.0850591
0.086381
0.0877175
0.0890639
0.0904132
0.0917558
0.0930789
0.0943652
0.0955928
0.0968015
0.0980063
0.0992067
0.100399
0.101578
0.102739
0.103875
0.104982
0.106053
0.107083
0.108064
0.108992
0.109862
0.110667
0.111403
0.112065
0.11265
0.113154
0.113573
0.113907
0.114152
0.114308
0.114374
0.11435
0.114236
0.114033
0.113743
0.113366
0.112905
0.112363
0.111741
0.111042
0.110269
0.109424
0.10851
0.107528
0.106481
0.105369
0.104192
0.102949
0.101634
0.100239
0.0987502
0.0971394
0.0953581
0.0933097
0.0907869
0.0872921
0.0815204
0.0700589
0.0120134
0.012007
0.0119959
0.0119834
0.0119731
0.0119685
0.0119736
0.0119919
0.0120263
0.0120793
0.0121527
0.0122475
0.012364
0.0125022
0.0126613
0.0128404
0.0130382
0.0132535
0.0134848
0.0137306
0.0139895
0.0142601
0.0145411
0.0148313
0.0151296
0.0154351
0.015747
0.0160644
0.0163868
0.0167135
0.0170442
0.0173783
0.0177156
0.0180558
0.0183986
0.0187439
0.0190915
0.0194412
0.0197931
0.020147
0.020503
0.0208608
0.0212207
0.0215825
0.0219463
0.0223121
0.02268
0.0230499
0.023422
0.0237962
0.0241728
0.0245517
0.024933
0.0253167
0.0257031
0.0260921
0.0264839
0.0268785
0.0272761
0.0276767
0.0280805
0.0284876
0.0288981
0.0293121
0.0297297
0.0301511
0.0305764
0.0310058
0.0314393
0.0318771
0.0323194
0.0327663
0.033218
0.0336746
0.0341363
0.0346032
0.0350756
0.0355536
0.0360373
0.036527
0.0370229
0.0375252
0.0380339
0.0385495
0.039072
0.0396016
0.0401387
0.0406834
0.0412359
0.0417965
0.0423654
0.0429429
0.0435291
0.0441244
0.044729
0.0453432
0.0459672
0.0466014
0.0472459
0.0479011
0.0485672
0.0492446
0.0499335
0.0506343
0.0513473
0.0520727
0.0528109
0.0535623
0.0543271
0.0551057
0.0558985
0.0567059
0.0575281
0.0583655
0.0592186
0.0600877
0.0609733
0.0618758
0.0627955
0.063733
0.0646887
0.065663
0.0666565
0.0676696
0.0687028
0.0697568
0.070832
0.071929
0.0730484
0.0741908
0.0753568
0.0765471
0.0777622
0.0790029
0.0802698
0.0815635
0.0828848
0.0842344
0.085613
0.0870211
0.0884595
0.0899289
0.0914298
0.092963
0.0945288
0.096128
0.0977609
0.0994281
0.10113
0.102866
0.104638
0.106445
0.108288
0.110166
0.11208
0.114028
0.116012
0.118031
0.120085
0.122172
0.124294
0.126449
0.128638
0.13086
0.133115
0.135403
0.137724
0.140078
0.142466
0.144889
0.147346
0.14984
0.152371
0.15494
0.157549
0.160199
0.162891
0.165625
0.168402
0.171222
0.174082
0.176982
0.179915
0.182878
0.185862
0.188857
0.19185
0.194828
0.197775
0.200675
0.20356
0.20644
0.209313
0.21217
0.215
0.217792
0.220531
0.223204
0.225798
0.228298
0.230689
0.23296
0.235095
0.237082
0.23891
0.240568
0.242046
0.243335
0.24443
0.245323
0.24601
0.246489
0.246757
0.246814
0.246661
0.246299
0.245732
0.244962
0.243995
0.242836
0.241489
0.239961
0.238256
0.236381
0.234339
0.232136
0.229772
0.227247
0.224557
0.221693
0.218638
0.21536
0.211809
0.207898
0.203478
0.19829
0.191861
0.183332
0.171186
0.153107
0.0171492
0.0171349
0.0171111
0.0170826
0.0170558
0.0170374
0.0170342
0.0170521
0.0170961
0.01717
0.0172761
0.0174157
0.0175887
0.0177945
0.0180317
0.0182984
0.0185926
0.018912
0.0192543
0.0196173
0.0199988
0.0203969
0.0208095
0.0212351
0.021672
0.0221189
0.0225747
0.0230381
0.0235084
0.0239847
0.0244663
0.0249527
0.0254434
0.025938
0.0264361
0.0269375
0.027442
0.0279494
0.0284595
0.0289723
0.0294877
0.0300057
0.0305262
0.0310493
0.031575
0.0321032
0.0326342
0.0331678
0.0337043
0.0342436
0.0347859
0.0353313
0.0358798
0.0364316
0.0369869
0.0375457
0.0381082
0.0386745
0.0392447
0.0398191
0.0403978
0.0409809
0.0415686
0.0421611
0.0427585
0.0433612
0.0439691
0.0445826
0.0452019
0.0458271
0.0464585
0.0470963
0.0477408
0.0483921
0.0490505
0.0497162
0.0503896
0.0510708
0.0517602
0.052458
0.0531645
0.0538801
0.0546048
0.0553392
0.0560835
0.0568381
0.0576032
0.0583791
0.0591664
0.0599652
0.0607759
0.061599
0.0624348
0.0632837
0.064146
0.0650223
0.0659128
0.0668181
0.0677385
0.0686745
0.0696265
0.0705951
0.0715806
0.0725836
0.0736045
0.0746439
0.0757022
0.0767801
0.077878
0.0789965
0.0801362
0.0812977
0.0824816
0.0836884
0.0849189
0.0861736
0.0874534
0.0887588
0.0900906
0.0914497
0.0928366
0.0942523
0.0956975
0.0971732
0.0986802
0.100219
0.101792
0.103399
0.10504
0.106718
0.108434
0.110187
0.111981
0.113815
0.115691
0.117609
0.119573
0.121581
0.123637
0.12574
0.127892
0.130095
0.132349
0.134656
0.137017
0.139432
0.141903
0.14443
0.147015
0.149657
0.152358
0.155119
0.157938
0.160817
0.163755
0.166753
0.169811
0.172927
0.176102
0.179335
0.182625
0.185972
0.189376
0.192834
0.196348
0.199916
0.203537
0.207212
0.210941
0.214722
0.218557
0.222445
0.226388
0.230385
0.234437
0.238545
0.24271
0.24693
0.251206
0.255536
0.259918
0.264348
0.268823
0.273334
0.277874
0.282433
0.286999
0.291559
0.296099
0.300607
0.305103
0.309589
0.314057
0.318495
0.322886
0.327212
0.331453
0.335589
0.339598
0.343459
0.347151
0.350653
0.353945
0.357008
0.359824
0.362377
0.364652
0.366637
0.368322
0.369697
0.370756
0.371494
0.371909
0.372001
0.37177
0.371219
0.370352
0.369176
0.367695
0.365918
0.363853
0.361506
0.358887
0.356001
0.352854
0.349451
0.345791
0.341871
0.337681
0.333201
0.328398
0.323217
0.317573
0.311329
0.304273
0.29607
0.2862
0.273884
0.258052
0.237503
0.0215714
0.0215517
0.0215192
0.0214808
0.0214451
0.0214215
0.0214192
0.0214462
0.0215089
0.0216118
0.0217577
0.0219475
0.0221809
0.0224565
0.022772
0.0231249
0.0235121
0.0239306
0.0243774
0.0248496
0.0253445
0.0258594
0.0263921
0.0269405
0.0275026
0.0280768
0.0286616
0.0292557
0.0298579
0.0304673
0.0310831
0.0317046
0.0323311
0.0329623
0.0335976
0.0342368
0.0348796
0.0355257
0.0361751
0.0368276
0.0374831
0.0381415
0.038803
0.0394674
0.0401348
0.0408053
0.0414789
0.0421556
0.0428357
0.0435191
0.0442061
0.0448967
0.0455911
0.0462895
0.0469919
0.0476986
0.0484097
0.0491255
0.049846
0.0505716
0.0513024
0.0520385
0.0527804
0.0535281
0.0542819
0.0550421
0.0558089
0.0565826
0.0573634
0.0581516
0.0589475
0.0597514
0.0605636
0.0613844
0.0622141
0.0630531
0.0639016
0.0647601
0.0656288
0.0665083
0.0673987
0.0683005
0.0692142
0.0701401
0.0710785
0.0720301
0.0729951
0.0739741
0.0749675
0.0759758
0.0769995
0.078039
0.0790948
0.0801676
0.0812577
0.0823659
0.0834926
0.0846383
0.0858038
0.0869896
0.0881963
0.0894245
0.0906749
0.0919482
0.093245
0.0945661
0.0959122
0.0972839
0.0986821
0.100108
0.101561
0.103043
0.104556
0.106098
0.107673
0.109279
0.110919
0.112594
0.114304
0.11605
0.117834
0.119657
0.12152
0.123424
0.125371
0.127361
0.129396
0.131478
0.133608
0.135787
0.138017
0.1403
0.142636
0.145029
0.147478
0.149987
0.152557
0.155189
0.157886
0.160649
0.163479
0.166378
0.169349
0.172392
0.17551
0.178703
0.181973
0.185322
0.18875
0.192258
0.195848
0.19952
0.203274
0.207111
0.211031
0.215034
0.21912
0.223288
0.227538
0.231868
0.236279
0.240768
0.245335
0.249978
0.254696
0.259487
0.264351
0.269285
0.27429
0.279362
0.284503
0.28971
0.294983
0.300322
0.305726
0.311193
0.316724
0.322317
0.32797
0.333682
0.339448
0.345266
0.351129
0.357031
0.362963
0.368916
0.37488
0.38084
0.386785
0.3927
0.398593
0.404466
0.410305
0.416094
0.421812
0.427435
0.432939
0.438297
0.443482
0.448468
0.453228
0.457736
0.461965
0.465893
0.469496
0.472755
0.475651
0.478169
0.480295
0.482019
0.483332
0.484229
0.484708
0.484767
0.484409
0.483636
0.482455
0.480871
0.478894
0.476532
0.473794
0.470691
0.46723
0.46342
0.459267
0.454773
0.449938
0.444754
0.439206
0.433265
0.426888
0.420004
0.41251
0.404252
0.395005
0.384448
0.372137
0.35749
0.339825
0.318492
0.0254501
0.0254274
0.0253911
0.0253493
0.0253127
0.0252928
0.0253003
0.0253449
0.0254338
0.0255722
0.0257628
0.0260063
0.0263018
0.0266471
0.0270394
0.0274751
0.0279506
0.0284623
0.0290063
0.0295794
0.0301783
0.0308
0.0314417
0.0321012
0.0327761
0.0334646
0.0341651
0.0348759
0.0355959
0.0363239
0.0370591
0.0378005
0.0385476
0.0392998
0.0400567
0.0408177
0.0415828
0.0423515
0.0431238
0.0438995
0.0446785
0.0454608
0.0462464
0.0470353
0.0478275
0.048623
0.0494221
0.0502246
0.0510309
0.051841
0.0526551
0.0534733
0.0542958
0.0551227
0.0559544
0.0567909
0.0576324
0.0584793
0.0593318
0.06019
0.0610543
0.0619248
0.062802
0.063686
0.0645771
0.0654757
0.066382
0.0672964
0.0682192
0.0691507
0.0700913
0.0710413
0.0720012
0.0729713
0.0739519
0.0749436
0.0759466
0.0769616
0.0779887
0.0790287
0.0800818
0.0811486
0.0822295
0.0833251
0.084436
0.0855625
0.0867053
0.0878649
0.089042
0.090237
0.0914506
0.0926835
0.0939362
0.0952094
0.0965039
0.0978202
0.0991591
0.100521
0.101908
0.103319
0.104755
0.106219
0.107709
0.109227
0.110775
0.112352
0.11396
0.1156
0.117273
0.118979
0.12072
0.122497
0.124311
0.126163
0.128054
0.129985
0.131959
0.133975
0.136035
0.138142
0.140295
0.142497
0.144749
0.147053
0.14941
0.151822
0.154291
0.156818
0.159406
0.162056
0.16477
0.16755
0.170399
0.173318
0.176309
0.179375
0.182518
0.18574
0.189043
0.192429
0.1959
0.199459
0.203108
0.206849
0.210683
0.214613
0.21864
0.222766
0.226992
0.23132
0.235751
0.240285
0.244924
0.249667
0.254515
0.259468
0.264525
0.269686
0.274949
0.280314
0.28578
0.291343
0.297004
0.302759
0.308606
0.314543
0.320568
0.326677
0.332869
0.339141
0.345491
0.351916
0.358414
0.364983
0.371621
0.378325
0.385093
0.391922
0.39881
0.405754
0.412748
0.419789
0.42687
0.433985
0.441125
0.44828
0.455441
0.462595
0.469727
0.476826
0.483874
0.49089
0.497854
0.504743
0.511534
0.5182
0.524712
0.531039
0.537152
0.543019
0.548609
0.553892
0.558837
0.563419
0.567611
0.57139
0.574735
0.577628
0.580054
0.582001
0.583461
0.584426
0.584894
0.584865
0.58434
0.583324
0.581823
0.579845
0.577401
0.574499
0.57115
0.567366
0.563156
0.558528
0.553488
0.54804
0.542181
0.535901
0.529182
0.521993
0.514283
0.505981
0.496981
0.487136
0.476243
0.464034
0.450164
0.434224
0.415774
0.394422
0.0289163
0.028893
0.0288569
0.0288174
0.0287865
0.0287771
0.0288014
0.0288698
0.0289904
0.0291683
0.0294062
0.0297045
0.0300618
0.0304752
0.0309411
0.0314555
0.032014
0.0326123
0.0332464
0.0339122
0.0346062
0.0353251
0.0360659
0.0368258
0.0376025
0.038394
0.0391983
0.0400139
0.0408393
0.0416734
0.0425151
0.0433636
0.0442182
0.0450782
0.0459431
0.0468126
0.0476863
0.048564
0.0494454
0.0503305
0.0512191
0.0521112
0.0530068
0.053906
0.0548087
0.0557151
0.0566252
0.0575393
0.0584573
0.0593795
0.0603061
0.0612372
0.062173
0.0631138
0.0640597
0.0650111
0.0659682
0.0669311
0.0679003
0.068876
0.0698585
0.0708481
0.071845
0.0728498
0.0738626
0.0748838
0.0759139
0.0769531
0.0780019
0.0790606
0.0801298
0.0812097
0.0823009
0.0834037
0.0845188
0.0856464
0.0867872
0.0879416
0.0891102
0.0902935
0.091492
0.0927063
0.0939371
0.0951848
0.0964502
0.0977338
0.0990363
0.100358
0.101701
0.103064
0.104449
0.105857
0.107287
0.108742
0.110221
0.111727
0.113258
0.114817
0.116405
0.118021
0.119668
0.121346
0.123055
0.124799
0.126576
0.128389
0.130238
0.132124
0.13405
0.136015
0.138022
0.140072
0.142165
0.144304
0.146489
0.148723
0.151006
0.153341
0.155729
0.158171
0.16067
0.163226
0.165843
0.168522
0.171265
0.174073
0.17695
0.179896
0.182915
0.186009
0.18918
0.19243
0.195761
0.199177
0.20268
0.206272
0.209956
0.213735
0.21761
0.221586
0.225663
0.229845
0.234135
0.238534
0.243045
0.24767
0.252412
0.257271
0.26225
0.26735
0.272573
0.277919
0.283389
0.288984
0.294704
0.300548
0.306516
0.312606
0.318819
0.325151
0.331602
0.338168
0.344846
0.351635
0.35853
0.365529
0.372627
0.37982
0.387105
0.394478
0.401934
0.40947
0.417081
0.424763
0.432513
0.440326
0.448199
0.456126
0.464105
0.47213
0.480195
0.488297
0.496427
0.504579
0.512744
0.520912
0.529073
0.537213
0.54532
0.553375
0.561362
0.569293
0.577149
0.584904
0.592534
0.600007
0.607294
0.614362
0.621177
0.627705
0.633913
0.639766
0.645235
0.650287
0.654895
0.659035
0.662682
0.665818
0.668427
0.670495
0.672013
0.672974
0.673376
0.673218
0.672502
0.671234
0.669421
0.667071
0.664196
0.660807
0.656914
0.65253
0.647666
0.642331
0.63653
0.630268
0.623541
0.616341
0.608649
0.600433
0.591647
0.582223
0.572064
0.561045
0.548996
0.535707
0.520922
0.504353
0.485704
0.464714
0.0320637
0.0320414
0.0320088
0.0319759
0.0319556
0.0319619
0.0320077
0.0321041
0.0322594
0.0324789
0.032765
0.0331177
0.033535
0.0340136
0.0345494
0.0351376
0.0357734
0.0364521
0.037169
0.0379199
0.0387009
0.0395083
0.0403389
0.0411899
0.0420587
0.042943
0.0438409
0.0447507
0.0456708
0.0466001
0.0475374
0.0484818
0.0494325
0.050389
0.0513506
0.052317
0.0532877
0.0542627
0.0552415
0.0562242
0.0572106
0.0582007
0.0591944
0.0601919
0.0611932
0.0621983
0.0632075
0.0642208
0.0652384
0.0662605
0.0672872
0.0683189
0.0693557
0.0703979
0.0714458
0.0724995
0.0735594
0.0746259
0.0756992
0.0767796
0.0778674
0.0789631
0.080067
0.0811795
0.0823009
0.0834317
0.0845723
0.0857231
0.0868845
0.0880571
0.0892412
0.0904374
0.0916462
0.0928681
0.0941036
0.0953533
0.0966178
0.0978976
0.0991933
0.100506
0.101835
0.103182
0.104548
0.105933
0.107338
0.108764
0.110211
0.11168
0.113172
0.114688
0.116229
0.117795
0.119388
0.121008
0.122657
0.124334
0.126042
0.127781
0.129553
0.131358
0.133197
0.135072
0.136984
0.138934
0.140924
0.142954
0.145026
0.147141
0.149301
0.151507
0.153761
0.156064
0.158417
0.160823
0.163283
0.165799
0.168372
0.171005
0.173699
0.176457
0.179279
0.182169
0.185129
0.18816
0.191266
0.194447
0.197708
0.20105
0.204475
0.207988
0.211589
0.215282
0.21907
0.222955
0.226941
0.23103
0.235225
0.23953
0.243946
0.248478
0.253128
0.257898
0.262792
0.267812
0.272961
0.278241
0.283655
0.289205
0.294891
0.300718
0.306684
0.312792
0.319042
0.325435
0.33197
0.338648
0.345466
0.352425
0.359521
0.366754
0.374119
0.381615
0.389237
0.396982
0.404844
0.41282
0.420904
0.429091
0.437375
0.44575
0.454211
0.462752
0.471367
0.480049
0.488793
0.497593
0.506442
0.515336
0.524269
0.533233
0.542223
0.551232
0.560253
0.569278
0.578299
0.587304
0.596283
0.605223
0.614109
0.622924
0.631649
0.640293
0.648834
0.65725
0.665512
0.673589
0.681451
0.689062
0.696387
0.703391
0.710037
0.716292
0.722122
0.727494
0.732379
0.73675
0.740583
0.743858
0.746558
0.748668
0.75018
0.751086
0.751383
0.751071
0.750154
0.748636
0.746526
0.743834
0.74057
0.736747
0.732378
0.727475
0.722049
0.716112
0.70967
0.702727
0.695283
0.687329
0.678849
0.669817
0.66019
0.64991
0.638899
0.62705
0.614233
0.600285
0.585019
0.568231
0.549711
0.529272
0.0349581
0.0349382
0.0349113
0.0348881
0.034882
0.0349074
0.0349778
0.0351046
0.0352962
0.0355577
0.0358914
0.0362969
0.0367718
0.0373123
0.0379136
0.0385706
0.0392781
0.0400308
0.0408239
0.0416527
0.042513
0.0434011
0.0443134
0.0452469
0.046199
0.0471673
0.0481497
0.0491444
0.05015
0.0511649
0.0521882
0.0532188
0.054256
0.0552991
0.0563475
0.0574008
0.0584587
0.0595208
0.060587
0.0616572
0.0627312
0.063809
0.0648907
0.0659763
0.0670658
0.0681594
0.0692572
0.0703594
0.0714662
0.0725777
0.0736942
0.074816
0.0759432
0.0770762
0.0782153
0.0793607
0.0805129
0.081672
0.0828385
0.0840128
0.0851951
0.086386
0.0875858
0.0887949
0.0900138
0.0912429
0.0924827
0.0937337
0.0949964
0.0962712
0.0975588
0.0988596
0.100174
0.101503
0.102848
0.104207
0.105583
0.106976
0.108387
0.109816
0.111264
0.112731
0.114219
0.115729
0.117261
0.118815
0.120394
0.121997
0.123626
0.125281
0.126964
0.128675
0.130416
0.132187
0.13399
0.135826
0.137695
0.1396
0.141541
0.143519
0.145536
0.147593
0.149692
0.151833
0.154019
0.156251
0.158529
0.160857
0.163234
0.165664
0.168148
0.170687
0.173283
0.175939
0.178656
0.181435
0.18428
0.187192
0.190174
0.193227
0.196354
0.199557
0.202839
0.206202
0.209649
0.213182
0.216805
0.220519
0.224329
0.228236
0.232243
0.236355
0.240573
0.244902
0.249344
0.253902
0.25858
0.263381
0.268308
0.273364
0.278553
0.283878
0.289341
0.294947
0.300696
0.306593
0.312639
0.318837
0.325189
0.331696
0.33836
0.345182
0.352162
0.359301
0.366598
0.374053
0.381664
0.38943
0.397348
0.405416
0.41363
0.421985
0.430479
0.439104
0.447856
0.456729
0.465716
0.47481
0.484003
0.493289
0.502659
0.512106
0.521621
0.531197
0.540825
0.550498
0.560208
0.569947
0.579707
0.589482
0.599262
0.609041
0.618811
0.628562
0.638286
0.647972
0.657609
0.667184
0.676681
0.686084
0.695373
0.704554
0.713607
0.722508
0.731228
0.739739
0.748007
0.755998
0.763675
0.771003
0.777945
0.784464
0.790527
0.796099
0.801151
0.805654
0.809584
0.812919
0.815642
0.817739
0.819198
0.820014
0.820184
0.819707
0.818587
0.81683
0.814445
0.811441
0.807831
0.803629
0.798847
0.793499
0.787598
0.781155
0.774179
0.766677
0.758648
0.750088
0.740986
0.731318
0.721052
0.710141
0.698522
0.686112
0.67281
0.658496
0.643032
0.626268
0.608053
0.588247
0.0376458
0.0376292
0.0376098
0.0375983
0.0376086
0.0376553
0.0377521
0.0379104
0.0381386
0.0384417
0.0388217
0.0392778
0.0398072
0.0404057
0.0410681
0.041789
0.0425627
0.0433835
0.0442464
0.0451465
0.0460792
0.0470407
0.0480272
0.0490358
0.0500634
0.0511077
0.0521666
0.0532381
0.0543208
0.0554131
0.0565139
0.0576223
0.0587374
0.0598585
0.0609851
0.0621166
0.0632529
0.0643935
0.0655383
0.0666871
0.0678399
0.0689967
0.0701574
0.0713221
0.072491
0.0736641
0.0748416
0.0760237
0.0772106
0.0784025
0.0795997
0.0808024
0.0820109
0.0832255
0.0844466
0.0856744
0.0869094
0.0881519
0.0894023
0.0906609
0.0919282
0.0932047
0.0944908
0.0957869
0.0970935
0.0984112
0.0997404
0.101082
0.102436
0.103803
0.105183
0.106579
0.107989
0.109415
0.110857
0.112316
0.113793
0.115289
0.116803
0.118338
0.119893
0.12147
0.123069
0.124692
0.126339
0.128011
0.129709
0.131434
0.133187
0.13497
0.136782
0.138626
0.140502
0.142412
0.144357
0.146338
0.148356
0.150413
0.15251
0.154648
0.156829
0.159054
0.161325
0.163644
0.166011
0.168429
0.1709
0.173424
0.176004
0.178643
0.18134
0.1841
0.186923
0.189812
0.192768
0.195795
0.198894
0.202068
0.205319
0.208649
0.212062
0.21556
0.219145
0.22282
0.226588
0.230453
0.234416
0.238482
0.242653
0.246932
0.251324
0.25583
0.260454
0.265201
0.270073
0.275074
0.280207
0.285476
0.290884
0.296435
0.302133
0.30798
0.31398
0.320135
0.32645
0.332926
0.339567
0.346374
0.353349
0.360495
0.367812
0.375302
0.382964
0.3908
0.398808
0.406987
0.415337
0.423853
0.432534
0.441376
0.450375
0.459526
0.468822
0.478259
0.487828
0.497523
0.507335
0.517256
0.527276
0.537387
0.547578
0.55784
0.568162
0.578535
0.588947
0.599391
0.609855
0.620329
0.630806
0.641275
0.651728
0.662155
0.672548
0.682897
0.693192
0.703424
0.713581
0.723649
0.733615
0.743461
0.753169
0.76274
0.772157
0.781398
0.790435
0.799239
0.807778
0.816017
0.82392
0.831452
0.838574
0.845251
0.851448
0.857129
0.862265
0.866825
0.870786
0.874125
0.876823
0.878866
0.880244
0.88095
0.88098
0.880335
0.879019
0.877038
0.8744
0.871118
0.867203
0.86267
0.857534
0.851808
0.845507
0.838644
0.831229
0.82327
0.814771
0.805731
0.796142
0.785988
0.775246
0.763879
0.751839
0.739065
0.72548
0.710994
0.695507
0.678907
0.661082
0.641925
0.0401596
0.040147
0.0401361
0.0401377
0.0401658
0.040235
0.0403589
0.040549
0.0408134
0.0411569
0.0415812
0.0420852
0.0426658
0.0433185
0.0440377
0.0448176
0.0456522
0.0465356
0.0474624
0.0484276
0.0494264
0.0504547
0.0515088
0.0525854
0.0536816
0.0547949
0.0559231
0.0570641
0.0582165
0.0593787
0.0605497
0.0617283
0.0629137
0.0641053
0.0653024
0.0665046
0.0677115
0.0689229
0.0701386
0.0713583
0.0725822
0.07381
0.075042
0.0762781
0.0775185
0.0787632
0.0800125
0.0812666
0.0825256
0.0837899
0.0850598
0.0863354
0.0876171
0.0889052
0.0902002
0.0915022
0.0928119
0.0941294
0.0954553
0.09679
0.0981339
0.0994875
0.100851
0.102226
0.103612
0.105009
0.106419
0.107842
0.109278
0.110728
0.112193
0.113674
0.11517
0.116684
0.118215
0.119764
0.121332
0.12292
0.124529
0.126159
0.127812
0.129488
0.131188
0.132914
0.134665
0.136444
0.138251
0.140087
0.141954
0.143852
0.145783
0.147749
0.149749
0.151786
0.15386
0.155974
0.158129
0.160326
0.162566
0.164851
0.167183
0.169564
0.171994
0.174476
0.177012
0.179603
0.182251
0.184959
0.187727
0.190559
0.193456
0.196421
0.199455
0.202561
0.205742
0.209
0.212337
0.215756
0.219259
0.22285
0.226531
0.230305
0.234174
0.238143
0.242214
0.24639
0.250674
0.255071
0.259582
0.264212
0.268965
0.273843
0.27885
0.283991
0.289269
0.294687
0.300249
0.305959
0.311821
0.317838
0.324014
0.330353
0.336857
0.343531
0.350377
0.357397
0.364596
0.371974
0.379535
0.387279
0.395208
0.403322
0.411623
0.420109
0.42878
0.437635
0.446671
0.455885
0.465274
0.474834
0.484559
0.494444
0.504482
0.514665
0.524985
0.535433
0.546
0.556675
0.567447
0.578306
0.589238
0.600233
0.611278
0.622361
0.63347
0.644593
0.655717
0.666832
0.677927
0.68899
0.700012
0.710982
0.72189
0.732727
0.743482
0.754145
0.764704
0.775148
0.785463
0.795634
0.805642
0.815481
0.825143
0.834606
0.843845
0.852831
0.861532
0.869916
0.877947
0.885589
0.892805
0.899558
0.905813
0.911536
0.916694
0.921259
0.925204
0.928506
0.931148
0.933113
0.934391
0.934975
0.934862
0.934053
0.93255
0.930362
0.927496
0.923966
0.919784
0.914965
0.909524
0.903478
0.896841
0.889629
0.881853
0.873523
0.864648
0.855229
0.845263
0.834741
0.823648
0.811957
0.799633
0.786633
0.772899
0.758366
0.742959
0.726595
0.70919
0.690662
0.0425232
0.0425149
0.0425132
0.0425288
0.0425754
0.0426675
0.0428187
0.04304
0.0433396
0.0437218
0.0441882
0.0447373
0.0453658
0.0460688
0.0468405
0.0476747
0.0485652
0.049506
0.0504912
0.0515158
0.0525749
0.0536641
0.0547796
0.0559181
0.0570766
0.0582524
0.0594433
0.0606474
0.0618629
0.0630885
0.0643229
0.065565
0.066814
0.0680693
0.0693301
0.0705961
0.0718669
0.0731422
0.0744218
0.0757057
0.0769936
0.0782857
0.0795819
0.0808824
0.0821873
0.0834966
0.0848107
0.0861297
0.0874539
0.0887834
0.0901188
0.0914601
0.0928078
0.0941622
0.0955238
0.0968928
0.0982696
0.0996549
0.101049
0.102452
0.103865
0.105288
0.106722
0.108167
0.109624
0.111094
0.112576
0.114072
0.115583
0.117108
0.118649
0.120207
0.121781
0.123374
0.124985
0.126615
0.128266
0.129938
0.131632
0.133349
0.13509
0.136856
0.138647
0.140466
0.142312
0.144188
0.146094
0.148032
0.150002
0.152006
0.154045
0.15612
0.158234
0.160387
0.16258
0.164816
0.167096
0.169421
0.171792
0.174213
0.176684
0.179207
0.181784
0.184418
0.187109
0.189859
0.192672
0.195549
0.198492
0.201503
0.204586
0.207741
0.210972
0.214281
0.217671
0.221144
0.224703
0.228351
0.23209
0.235925
0.239857
0.24389
0.248027
0.252271
0.256625
0.261094
0.26568
0.270387
0.275219
0.28018
0.285272
0.2905
0.295868
0.30138
0.30704
0.312851
0.318817
0.324943
0.331232
0.337688
0.344314
0.351116
0.358095
0.365255
0.3726
0.380133
0.387855
0.39577
0.403878
0.412183
0.420685
0.429384
0.438281
0.447375
0.456665
0.466149
0.475825
0.485688
0.495736
0.505961
0.51636
0.526924
0.537646
0.548517
0.559528
0.570668
0.581926
0.593289
0.604746
0.616283
0.627887
0.639543
0.651236
0.662954
0.674681
0.686404
0.698108
0.709781
0.721409
0.73298
0.744483
0.755906
0.767239
0.77847
0.789591
0.80059
0.811456
0.822179
0.832746
0.843143
0.853355
0.863365
0.873177
0.88277
0.89212
0.9012
0.90998
0.918429
0.926513
0.934195
0.941439
0.948209
0.954469
0.960185
0.965323
0.969854
0.973751
0.976991
0.979555
0.981427
0.982597
0.983056
0.982801
0.981833
0.980156
0.977777
0.974706
0.970955
0.966537
0.961469
0.955767
0.949448
0.942528
0.935024
0.92695
0.918319
0.90914
0.899421
0.889162
0.878361
0.867009
0.855089
0.842579
0.829445
0.815649
0.801143
0.785872
0.769774
0.752784
0.73484
0.0447537
0.04475
0.0447578
0.0447877
0.044853
0.044968
0.045146
0.0453978
0.0457311
0.0461502
0.0466562
0.0472476
0.0479205
0.04867
0.04949
0.0503741
0.0513159
0.0523091
0.0533477
0.0544265
0.0555404
0.056685
0.0578564
0.0590511
0.0602661
0.0614987
0.0627465
0.0640077
0.0652805
0.0665634
0.0678551
0.0691548
0.0704613
0.0717742
0.0730927
0.0744163
0.0757448
0.0770779
0.0784153
0.079757
0.0811029
0.0824529
0.0838072
0.0851658
0.0865288
0.0878965
0.089269
0.0906465
0.0920294
0.0934179
0.0948122
0.0962128
0.09762
0.0990342
0.100456
0.101885
0.103322
0.104769
0.106224
0.107689
0.109164
0.11065
0.112147
0.113655
0.115177
0.116711
0.118259
0.119821
0.121398
0.122991
0.124601
0.126227
0.127872
0.129536
0.131219
0.132923
0.134648
0.136395
0.138166
0.139961
0.141782
0.143628
0.145503
0.147405
0.149338
0.151301
0.153297
0.155326
0.15739
0.159489
0.161627
0.163803
0.166019
0.168278
0.170579
0.172926
0.17532
0.177762
0.180254
0.182799
0.185397
0.188051
0.190763
0.193535
0.196369
0.199267
0.202231
0.205264
0.208369
0.211546
0.2148
0.218132
0.221546
0.225043
0.228627
0.2323
0.236066
0.239928
0.243888
0.24795
0.252117
0.256392
0.260779
0.265281
0.269901
0.274645
0.279514
0.284513
0.289646
0.294917
0.300329
0.305886
0.311594
0.317455
0.323474
0.329654
0.336001
0.342518
0.349209
0.356078
0.363129
0.370365
0.377791
0.385409
0.393223
0.401236
0.409451
0.417869
0.426492
0.435323
0.444361
0.453608
0.463063
0.472726
0.482594
0.492666
0.502937
0.513406
0.524065
0.53491
0.545933
0.557127
0.568482
0.579989
0.591637
0.603414
0.615306
0.627301
0.639384
0.65154
0.663752
0.676006
0.688284
0.700571
0.71285
0.725104
0.737319
0.749479
0.761569
0.773576
0.785486
0.797287
0.808968
0.820518
0.831927
0.843184
0.854279
0.865202
0.875942
0.886486
0.896821
0.906931
0.916821
0.926472
0.935864
0.944972
0.953769
0.962223
0.970304
0.977975
0.985201
0.991945
0.998172
1.00385
1.00894
1.01341
1.01724
1.0204
1.02288
1.02465
1.0257
1.02604
1.02565
1.02453
1.02269
1.02013
1.01688
1.01293
1.0083
1.00301
0.997082
0.990527
0.983366
0.975615
0.967292
0.958411
0.948985
0.939025
0.928536
0.91752
0.905975
0.893893
0.881258
0.868052
0.854245
0.839806
0.824693
0.808863
0.792265
0.774851
0.0468638
0.0468648
0.0468823
0.0469264
0.0470103
0.0471479
0.0473519
0.047633
0.0479984
0.0484523
0.0489954
0.0496259
0.0503401
0.0511324
0.0519968
0.0529266
0.0539153
0.0549562
0.0560436
0.0571716
0.0583354
0.0595304
0.0607525
0.0619983
0.0632645
0.0645486
0.0658481
0.067161
0.0684856
0.0698204
0.0711641
0.0725157
0.0738743
0.0752392
0.0766098
0.0779856
0.0793663
0.0807515
0.0821411
0.083535
0.0849332
0.0863355
0.0877421
0.0891531
0.0905687
0.0919889
0.0934141
0.0948444
0.0962801
0.0977216
0.0991692
0.100623
0.102084
0.103552
0.105027
0.106511
0.108003
0.109503
0.111014
0.112534
0.114065
0.115607
0.117161
0.118726
0.120305
0.121898
0.123504
0.125126
0.126763
0.128416
0.130087
0.131776
0.133483
0.135211
0.136959
0.138728
0.14052
0.142335
0.144175
0.14604
0.147932
0.149852
0.1518
0.153778
0.155788
0.157831
0.159907
0.162018
0.164166
0.166353
0.168578
0.170845
0.173155
0.175509
0.177908
0.180356
0.182853
0.185402
0.188004
0.190661
0.193375
0.196149
0.198984
0.201883
0.204847
0.20788
0.210984
0.214161
0.217413
0.220744
0.224156
0.227651
0.231234
0.234905
0.238669
0.242529
0.246487
0.250547
0.254712
0.258986
0.263371
0.267873
0.272493
0.277236
0.282106
0.287106
0.292241
0.297514
0.302929
0.308491
0.314203
0.32007
0.326096
0.332286
0.338642
0.345171
0.351876
0.358761
0.36583
0.373087
0.380537
0.388183
0.396029
0.404078
0.412333
0.420798
0.429475
0.438366
0.447473
0.456797
0.466339
0.476099
0.486078
0.496272
0.506682
0.517303
0.528132
0.539164
0.550395
0.561816
0.573421
0.5852
0.597144
0.60924
0.621478
0.633843
0.646321
0.658897
0.671555
0.684277
0.697046
0.709843
0.722652
0.735452
0.748225
0.760955
0.773622
0.786209
0.798702
0.811083
0.82334
0.835458
0.847426
0.859232
0.870867
0.882319
0.89358
0.904641
0.915492
0.926122
0.936521
0.946674
0.956585
0.966241
0.975624
0.984711
0.993477
1.0019
1.00993
1.01756
1.02473
1.03142
1.03759
1.04321
1.04823
1.05263
1.05638
1.05946
1.06184
1.0635
1.06445
1.06466
1.06413
1.06287
1.06088
1.05816
1.05473
1.0506
1.04579
1.0403
1.03417
1.02741
1.02004
1.01207
1.00354
0.994443
0.984811
0.974652
0.963976
0.95279
0.941097
0.928894
0.916176
0.902931
0.889142
0.874786
0.859835
0.844257
0.828015
0.811072
0.0488632
0.0488689
0.0488959
0.0489541
0.0490562
0.0492156
0.0494447
0.0497536
0.0501494
0.0506358
0.0512135
0.0518804
0.0526324
0.0534641
0.0543692
0.0553407
0.056372
0.0574565
0.0585881
0.059761
0.0609701
0.0622108
0.0634789
0.0647709
0.0660836
0.0674143
0.0687605
0.0701202
0.0714917
0.0728735
0.0742642
0.0756628
0.0770684
0.0784804
0.079898
0.0813208
0.0827485
0.0841808
0.0856175
0.0870585
0.0885037
0.0899532
0.091407
0.0928652
0.094328
0.0957955
0.0972681
0.0987458
0.100229
0.101718
0.103214
0.104715
0.106224
0.10774
0.109264
0.110796
0.112337
0.113887
0.115446
0.117016
0.118597
0.120189
0.121793
0.12341
0.12504
0.126684
0.128343
0.130018
0.131708
0.133416
0.135141
0.136885
0.138649
0.140433
0.142239
0.144066
0.145918
0.147793
0.149694
0.151622
0.153578
0.155562
0.157577
0.159623
0.161701
0.163814
0.165962
0.168148
0.170371
0.172635
0.17494
0.177288
0.179681
0.182121
0.184609
0.187147
0.189738
0.192382
0.195083
0.197842
0.200661
0.203543
0.20649
0.209505
0.212589
0.215745
0.218975
0.222284
0.225672
0.229143
0.2327
0.236346
0.240083
0.243915
0.247845
0.251877
0.256012
0.260256
0.264612
0.269082
0.273672
0.278383
0.283221
0.288189
0.293292
0.298532
0.303915
0.309444
0.315124
0.320959
0.326953
0.33311
0.339436
0.345933
0.352608
0.359464
0.366505
0.373736
0.381161
0.388785
0.39661
0.404642
0.412883
0.421337
0.430008
0.438898
0.44801
0.457346
0.466907
0.476695
0.48671
0.496953
0.507422
0.518116
0.529033
0.540169
0.551521
0.563082
0.574846
0.586807
0.598955
0.611281
0.623772
0.636418
0.649204
0.662116
0.675138
0.688252
0.70144
0.714684
0.727964
0.741261
0.754552
0.767819
0.781041
0.794197
0.807268
0.820235
0.833081
0.845788
0.858342
0.870727
0.882932
0.894945
0.906755
0.918354
0.929733
0.940884
0.951799
0.962469
0.972886
0.983039
0.992931
1.00255
1.01189
1.02092
1.02962
1.03798
1.04595
1.0535
1.06061
1.06723
1.07332
1.07886
1.08381
1.08813
1.0918
1.09478
1.09706
1.09863
1.09946
1.09955
1.0989
1.0975
1.09536
1.09249
1.0889
1.0846
1.07961
1.07395
1.06763
1.06068
1.05312
1.04496
1.03624
1.02696
1.01715
1.00682
0.995987
0.98466
0.972846
0.96055
0.947771
0.934505
0.920743
0.906471
0.891671
0.876321
0.860394
0.843861
0.0507594
0.0507696
0.050806
0.0508779
0.0509975
0.0511778
0.0514308
0.0517661
0.0521904
0.0527071
0.0533168
0.0540172
0.054804
0.0556717
0.0566137
0.0576233
0.0586934
0.0598174
0.0609891
0.0622026
0.0634527
0.0647348
0.0660446
0.0673784
0.0687331
0.0701059
0.0714944
0.0728964
0.0743103
0.0757344
0.0771675
0.0786085
0.0800565
0.0815109
0.0829709
0.0844361
0.0859062
0.0873808
0.0888599
0.0903432
0.0918308
0.0933226
0.0948188
0.0963194
0.0978246
0.0993345
0.10085
0.10237
0.103896
0.105427
0.106965
0.10851
0.110062
0.111621
0.113188
0.114763
0.116347
0.117941
0.119545
0.121159
0.122784
0.12442
0.12607
0.127732
0.129407
0.131097
0.132803
0.134524
0.136262
0.138017
0.139791
0.141584
0.143397
0.145231
0.147087
0.148967
0.15087
0.152799
0.154755
0.156738
0.158749
0.160791
0.162864
0.164969
0.167109
0.169284
0.171496
0.173747
0.176037
0.178369
0.180745
0.183165
0.185633
0.188149
0.190715
0.193335
0.196008
0.198739
0.201528
0.204379
0.207292
0.210272
0.21332
0.216438
0.219629
0.222897
0.226243
0.22967
0.233182
0.236781
0.240471
0.244254
0.248133
0.252113
0.256195
0.260385
0.264685
0.269098
0.27363
0.278282
0.28306
0.287967
0.293007
0.298185
0.303504
0.308968
0.314583
0.320351
0.326279
0.332369
0.338627
0.345057
0.351664
0.358451
0.365425
0.372588
0.379946
0.387503
0.395263
0.403231
0.41141
0.419805
0.428419
0.437255
0.446317
0.455608
0.46513
0.474884
0.484874
0.495099
0.50556
0.516256
0.527188
0.538352
0.549746
0.561366
0.573208
0.585266
0.597532
0.609999
0.622656
0.635494
0.6485
0.66166
0.674959
0.688382
0.70191
0.715526
0.729208
0.742937
0.756691
0.770449
0.784186
0.797882
0.811513
0.825057
0.838493
0.851801
0.86496
0.877954
0.890765
0.903378
0.915781
0.927961
0.939909
0.951617
0.963076
0.97428
0.985224
0.995901
1.0063
1.01643
1.02627
1.03583
1.04509
1.05405
1.06267
1.07094
1.07883
1.0863
1.09332
1.09986
1.10588
1.11134
1.11621
1.12045
1.12403
1.12692
1.12911
1.13057
1.13129
1.13126
1.13048
1.12895
1.12667
1.12365
1.1199
1.11544
1.11029
1.10446
1.09797
1.09084
1.0831
1.07477
1.06587
1.05643
1.04646
1.03597
1.025
1.01355
1.00163
0.989251
0.976421
0.963139
0.949403
0.935206
0.920537
0.905384
0.88973
0.873555
0.0525582
0.0525729
0.0526183
0.0527033
0.0528397
0.05304
0.0533155
0.0536755
0.0541264
0.0546713
0.0553104
0.0560415
0.0568601
0.0577605
0.0587362
0.0597802
0.0608854
0.0620451
0.0632531
0.0645033
0.0657904
0.0671098
0.0684572
0.0698288
0.0712214
0.0726322
0.0740587
0.0754988
0.0769508
0.0784131
0.0798843
0.0813635
0.0828497
0.0843421
0.0858402
0.0873435
0.0888516
0.0903643
0.0918813
0.0934026
0.0949281
0.0964579
0.097992
0.0995305
0.101074
0.102621
0.104174
0.105733
0.107296
0.108866
0.110442
0.112025
0.113615
0.115212
0.116817
0.118431
0.120054
0.121686
0.123328
0.124981
0.126645
0.128322
0.13001
0.131712
0.133428
0.135158
0.136904
0.138666
0.140446
0.142243
0.144059
0.145894
0.147751
0.149629
0.15153
0.153454
0.155403
0.157379
0.159381
0.161412
0.163473
0.165564
0.167688
0.169846
0.172039
0.174268
0.176536
0.178843
0.181192
0.183584
0.186022
0.188505
0.191038
0.193621
0.196257
0.198948
0.201695
0.204502
0.207369
0.210301
0.213299
0.216365
0.219502
0.222714
0.226002
0.229369
0.232819
0.236354
0.239977
0.243692
0.247502
0.251409
0.255418
0.259532
0.263754
0.268088
0.272538
0.277108
0.281801
0.286622
0.291574
0.296662
0.30189
0.307261
0.312782
0.318455
0.324285
0.330278
0.336436
0.342766
0.349271
0.355957
0.362827
0.369887
0.377141
0.384594
0.39225
0.400114
0.40819
0.416482
0.424995
0.433733
0.442698
0.451895
0.461326
0.470995
0.480904
0.491054
0.501448
0.512085
0.522967
0.534092
0.545459
0.557067
0.568911
0.580988
0.593293
0.605819
0.618558
0.631502
0.64464
0.65796
0.671449
0.685094
0.698876
0.712779
0.726784
0.740871
0.755017
0.769201
0.783398
0.797586
0.811739
0.825833
0.839843
0.853744
0.867515
0.881132
0.894575
0.907824
0.920861
0.933672
0.946242
0.95856
0.970617
0.982404
0.993916
1.00515
1.01609
1.02675
1.03712
1.04719
1.05697
1.06645
1.07563
1.08449
1.09302
1.1012
1.10899
1.11638
1.12332
1.12978
1.13572
1.1411
1.14588
1.15004
1.15354
1.15634
1.15843
1.15979
1.1604
1.16025
1.15935
1.15768
1.15526
1.1521
1.1482
1.14358
1.13826
1.13226
1.1256
1.11831
1.1104
1.1019
1.09284
1.08323
1.07311
1.06248
1.05138
1.03981
1.02779
1.01534
1.00245
0.989152
0.975434
0.961298
0.94674
0.931755
0.916331
0.900458
0.0542645
0.0542835
0.0543375
0.0544351
0.0545875
0.0548066
0.0551032
0.0554863
0.0559618
0.0565326
0.0571988
0.0579578
0.0588053
0.0597353
0.0607414
0.0618164
0.0629532
0.0641452
0.0653857
0.0666688
0.0679893
0.0693423
0.0707234
0.0721289
0.0735556
0.0750005
0.0764612
0.0779355
0.0794217
0.0809182
0.0824237
0.083937
0.0854574
0.0869839
0.0885161
0.0900535
0.0915956
0.0931422
0.0946932
0.0962483
0.0978077
0.0993712
0.100939
0.102511
0.104088
0.10567
0.107256
0.108848
0.110445
0.112049
0.113658
0.115275
0.116898
0.118529
0.120168
0.121816
0.123472
0.125138
0.126814
0.128502
0.1302
0.13191
0.133633
0.13537
0.137121
0.138886
0.140667
0.142465
0.14428
0.146113
0.147966
0.149838
0.151732
0.153647
0.155586
0.157549
0.159538
0.161553
0.163596
0.165668
0.167771
0.169905
0.172073
0.174275
0.176513
0.178789
0.181105
0.183461
0.185861
0.188305
0.190795
0.193334
0.195923
0.198564
0.20126
0.204012
0.206824
0.209696
0.212633
0.215635
0.218707
0.221849
0.225066
0.22836
0.231733
0.235189
0.238731
0.242362
0.246085
0.249904
0.253821
0.257841
0.261967
0.266202
0.270551
0.275017
0.279605
0.284317
0.289159
0.294134
0.299247
0.304501
0.309902
0.315454
0.321161
0.327029
0.33306
0.339261
0.345636
0.352189
0.358926
0.365851
0.372969
0.380285
0.387803
0.395529
0.403466
0.411619
0.419993
0.428592
0.43742
0.446481
0.455778
0.465316
0.475097
0.485124
0.495398
0.505923
0.516699
0.527727
0.539006
0.550537
0.562317
0.574344
0.586615
0.599125
0.611868
0.624837
0.638024
0.651419
0.665012
0.678789
0.692737
0.70684
0.72108
0.735439
0.749895
0.764428
0.779013
0.793627
0.808244
0.822839
0.837383
0.851851
0.866217
0.880453
0.894535
0.908438
0.922141
0.935621
0.948862
0.961847
0.974562
0.986995
0.999138
1.01098
1.02253
1.03377
1.0447
1.05533
1.06564
1.07565
1.08535
1.09474
1.10382
1.11259
1.12103
1.12911
1.13682
1.14412
1.15098
1.15736
1.16322
1.16853
1.17324
1.17732
1.18073
1.18344
1.18544
1.18669
1.18719
1.18692
1.18589
1.18409
1.18153
1.17821
1.17415
1.16938
1.16389
1.15773
1.1509
1.14343
1.13536
1.12669
1.11747
1.1077
1.09743
1.08666
1.07543
1.06374
1.05162
1.03909
1.02616
1.01283
0.999118
0.985025
0.970554
0.955702
0.940466
0.924841
0.0558826
0.0559055
0.0559677
0.0560772
0.0562446
0.0564813
0.0567977
0.0572022
0.0577003
0.0582949
0.0589856
0.05977
0.0606435
0.0616003
0.0626336
0.0637364
0.0649016
0.0661223
0.0673919
0.0687046
0.0700549
0.0714378
0.0728491
0.074285
0.0757421
0.0772175
0.0787087
0.0802136
0.0817304
0.0832574
0.0847934
0.0863373
0.087888
0.089445
0.0910076
0.0925752
0.0941475
0.0957243
0.0973054
0.0988906
0.10048
0.102073
0.103671
0.105273
0.10688
0.108491
0.110107
0.111728
0.113355
0.114988
0.116627
0.118273
0.119926
0.121586
0.123254
0.124931
0.126617
0.128313
0.130018
0.131735
0.133462
0.135202
0.136955
0.138721
0.140502
0.142297
0.144108
0.145936
0.147782
0.149646
0.151529
0.153433
0.155358
0.157305
0.159276
0.161272
0.163293
0.165342
0.167419
0.169526
0.171664
0.173834
0.176038
0.178277
0.180554
0.182869
0.185225
0.187623
0.190064
0.192552
0.195087
0.197672
0.200308
0.202999
0.205746
0.208551
0.211417
0.214346
0.217342
0.220405
0.22354
0.226749
0.230034
0.2334
0.236848
0.240382
0.244005
0.24772
0.251532
0.255442
0.259456
0.263576
0.267807
0.272152
0.276615
0.2812
0.285912
0.290754
0.295732
0.300848
0.306108
0.311516
0.317077
0.322795
0.328676
0.334723
0.340942
0.347337
0.353914
0.360677
0.36763
0.37478
0.382131
0.389688
0.397455
0.405437
0.413639
0.422066
0.430721
0.43961
0.448737
0.458104
0.467717
0.477577
0.48769
0.498056
0.508678
0.519558
0.530696
0.542095
0.553752
0.565668
0.57784
0.590266
0.602941
0.615862
0.629021
0.642412
0.656025
0.66985
0.683875
0.698088
0.712473
0.727013
0.74169
0.756483
0.771371
0.786329
0.801334
0.81636
0.831377
0.84636
0.861278
0.876104
0.890807
0.905361
0.919737
0.93391
0.947856
0.961552
0.974979
0.988121
1.00096
1.0135
1.02571
1.0376
1.04916
1.0604
1.07131
1.08189
1.09215
1.10208
1.1117
1.121
1.12999
1.13867
1.14701
1.155
1.16263
1.16985
1.17663
1.18294
1.18874
1.19398
1.19861
1.20261
1.20594
1.20857
1.21047
1.21161
1.21199
1.2116
1.21044
1.20849
1.20578
1.20231
1.19809
1.19314
1.18749
1.18115
1.17415
1.16651
1.15826
1.14943
1.14004
1.13012
1.11969
1.10878
1.09741
1.08561
1.07339
1.06078
1.04778
1.03442
1.0207
1.00663
0.992215
0.977465
0.962377
0.946951
0.0574159
0.0574426
0.0575125
0.0576331
0.0578146
0.0580677
0.0584024
0.0588265
0.0593454
0.0599615
0.0606744
0.0614816
0.0623785
0.0633591
0.0644167
0.0655442
0.0667346
0.0679808
0.0692764
0.0706152
0.0719919
0.0734015
0.0748397
0.0763025
0.0777866
0.0792891
0.0808074
0.0823395
0.0838834
0.0854375
0.0870006
0.0885714
0.0901492
0.0917331
0.0933224
0.0949168
0.0965159
0.0981193
0.0997269
0.101339
0.102954
0.104574
0.106198
0.107826
0.109458
0.111095
0.112737
0.114385
0.116037
0.117696
0.11936
0.121031
0.122709
0.124395
0.126088
0.12779
0.129501
0.131222
0.132953
0.134694
0.136447
0.138212
0.139989
0.141781
0.143586
0.145406
0.147243
0.149096
0.150966
0.152856
0.154765
0.156694
0.158645
0.160618
0.162616
0.164638
0.166687
0.168763
0.170867
0.173002
0.175168
0.177368
0.179602
0.181872
0.184179
0.186526
0.188914
0.191346
0.193822
0.196345
0.198916
0.201539
0.204215
0.206946
0.209735
0.212584
0.215496
0.218473
0.221517
0.224632
0.227821
0.231085
0.234429
0.237856
0.241368
0.244969
0.248662
0.252451
0.25634
0.260331
0.26443
0.268639
0.272963
0.277405
0.28197
0.286663
0.291487
0.296447
0.301547
0.306792
0.312187
0.317736
0.323444
0.329316
0.335356
0.341571
0.347964
0.35454
0.361305
0.368264
0.375421
0.382783
0.390352
0.398136
0.406137
0.414362
0.422815
0.431501
0.440424
0.449588
0.458997
0.468656
0.478568
0.488736
0.499163
0.509852
0.520804
0.532022
0.543506
0.555258
0.567275
0.579557
0.592103
0.604909
0.61797
0.631283
0.644839
0.658632
0.672651
0.686887
0.701326
0.715956
0.730759
0.745719
0.760815
0.776026
0.791328
0.806697
0.822107
0.837529
0.852934
0.868292
0.883571
0.898742
0.913773
0.928633
0.943293
0.957725
0.971903
0.985803
0.999406
1.01269
1.02565
1.03827
1.05055
1.06247
1.07404
1.08527
1.09614
1.10668
1.11687
1.12674
1.13627
1.14549
1.15439
1.16298
1.17124
1.17915
1.1867
1.19386
1.20058
1.20683
1.21256
1.21773
1.22231
1.22623
1.22948
1.23201
1.23381
1.23484
1.2351
1.23457
1.23326
1.23117
1.22829
1.22465
1.22026
1.21514
1.20931
1.20279
1.1956
1.18779
1.17936
1.17035
1.16079
1.15071
1.14012
1.12907
1.11756
1.10564
1.09331
1.0806
1.06754
1.05412
1.04038
1.02631
1.01193
0.997256
0.982279
0.967008
0.0588677
0.0588981
0.0589751
0.0591061
0.0593006
0.0595689
0.0599204
0.0603624
0.0609001
0.0615356
0.0622685
0.0630961
0.0640136
0.0650153
0.0660943
0.0672437
0.0684562
0.0697249
0.0710432
0.0724051
0.0738051
0.0752382
0.0766999
0.0781864
0.0796944
0.0812207
0.082763
0.0843189
0.0858867
0.0874647
0.0890515
0.0906462
0.0922476
0.0938551
0.095468
0.0970858
0.0987082
0.100335
0.101966
0.1036
0.105239
0.106881
0.108528
0.110179
0.111834
0.113493
0.115157
0.116826
0.118501
0.120181
0.121868
0.12356
0.12526
0.126967
0.128682
0.130405
0.132137
0.133878
0.13563
0.137392
0.139165
0.140951
0.142749
0.144561
0.146386
0.148227
0.150084
0.151957
0.153848
0.155758
0.157687
0.159637
0.161608
0.163602
0.16562
0.167663
0.169733
0.17183
0.173957
0.176113
0.178302
0.180524
0.182781
0.185074
0.187406
0.189777
0.192191
0.194648
0.197151
0.199702
0.202302
0.204955
0.207662
0.210425
0.213247
0.216131
0.219079
0.222094
0.225178
0.228335
0.231568
0.234879
0.238271
0.241749
0.245315
0.248972
0.252725
0.256577
0.260531
0.264593
0.268765
0.273051
0.277457
0.281985
0.286641
0.291429
0.296354
0.30142
0.306631
0.311993
0.31751
0.323188
0.329031
0.335045
0.341233
0.347603
0.354158
0.360903
0.367845
0.374987
0.382336
0.389896
0.397672
0.40567
0.413894
0.422349
0.43104
0.439972
0.449148
0.458574
0.468253
0.478189
0.488386
0.498847
0.509575
0.520572
0.53184
0.543381
0.555195
0.567283
0.579645
0.592277
0.60518
0.618349
0.63178
0.645467
0.659404
0.673582
0.687991
0.70262
0.717457
0.732487
0.747693
0.763057
0.778558
0.794173
0.809877
0.825644
0.841447
0.857255
0.873038
0.888763
0.904397
0.919906
0.935257
0.950418
0.965356
0.980043
0.994448
1.00855
1.02232
1.03574
1.04881
1.06151
1.07384
1.08579
1.09737
1.10858
1.11942
1.1299
1.14004
1.14983
1.15929
1.16843
1.17725
1.18576
1.19395
1.2018
1.20929
1.21639
1.22306
1.22926
1.23494
1.24006
1.24457
1.24842
1.25158
1.25402
1.2557
1.25661
1.25674
1.25607
1.2546
1.25234
1.24929
1.24547
1.24089
1.23558
1.22956
1.22284
1.21547
1.20746
1.19885
1.18966
1.17992
1.16966
1.15892
1.14771
1.13606
1.12401
1.11156
1.09875
1.0856
1.07212
1.05834
1.04426
1.02989
1.01526
1.00036
0.985205
0.0602413
0.0602749
0.0603586
0.0604992
0.0607057
0.0609879
0.0613546
0.061813
0.0623676
0.0630204
0.063771
0.0646164
0.0655521
0.0665722
0.06767
0.0688383
0.0700701
0.0713583
0.0726965
0.0740784
0.0754986
0.0769521
0.0784344
0.0799416
0.0814703
0.0830175
0.0845806
0.0861573
0.0877459
0.0893447
0.0909522
0.0925675
0.0941895
0.0958175
0.0974507
0.0990889
0.100731
0.102378
0.104029
0.105683
0.107342
0.109004
0.11067
0.11234
0.114014
0.115692
0.117375
0.119063
0.120756
0.122455
0.124159
0.12587
0.127587
0.129312
0.131044
0.132785
0.134534
0.136292
0.138061
0.139839
0.141629
0.143431
0.145246
0.147073
0.148915
0.150772
0.152644
0.154533
0.156439
0.158364
0.160309
0.162274
0.164261
0.16627
0.168304
0.170362
0.172447
0.17456
0.176702
0.178874
0.181079
0.183317
0.18559
0.1879
0.190249
0.192639
0.19507
0.197546
0.200069
0.20264
0.205261
0.207935
0.210665
0.213452
0.216299
0.219209
0.222185
0.225229
0.228344
0.231534
0.234801
0.238148
0.241579
0.245098
0.248707
0.252411
0.256213
0.260117
0.264127
0.268248
0.272482
0.276836
0.281312
0.285915
0.290651
0.295523
0.300537
0.305697
0.311009
0.316476
0.322105
0.327901
0.333868
0.340011
0.346337
0.35285
0.359556
0.36646
0.373566
0.380881
0.38841
0.396158
0.40413
0.412331
0.420766
0.42944
0.438358
0.447524
0.456943
0.466619
0.476556
0.486758
0.497228
0.507969
0.518985
0.530277
0.541847
0.553697
0.565828
0.578239
0.59093
0.603899
0.617143
0.630659
0.644445
0.658493
0.672795
0.687343
0.702126
0.717134
0.732353
0.747769
0.763363
0.779118
0.79501
0.811017
0.827113
0.84327
0.859459
0.875648
0.891804
0.907892
0.923878
0.939725
0.955396
0.970857
0.986073
1.00101
1.01564
1.02994
1.04388
1.05744
1.07061
1.08339
1.09577
1.10774
1.11932
1.13051
1.14131
1.15175
1.16183
1.17156
1.18095
1.19002
1.19878
1.20723
1.21536
1.22317
1.23062
1.23768
1.24431
1.25047
1.25611
1.26117
1.26562
1.26939
1.27247
1.2748
1.27636
1.27714
1.27711
1.27628
1.27463
1.27219
1.26895
1.26493
1.26015
1.25464
1.24841
1.24149
1.23391
1.2257
1.21689
1.20751
1.19759
1.18715
1.17623
1.16486
1.15307
1.14087
1.1283
1.11538
1.10213
1.08858
1.07473
1.06062
1.04625
1.03163
1.01678
1.00171
0.0615394
0.061576
0.0616658
0.0618152
0.0620328
0.0623276
0.0627081
0.063181
0.0637506
0.0644188
0.0651848
0.0660459
0.0669973
0.0680333
0.0691471
0.0703317
0.0715799
0.0728849
0.0742399
0.0756391
0.0770766
0.0785476
0.0800476
0.0815725
0.083119
0.0846841
0.0862651
0.0878597
0.0894662
0.0910828
0.0927081
0.0943411
0.0959807
0.0976262
0.0992769
0.100932
0.102592
0.104256
0.105923
0.107595
0.109269
0.110948
0.11263
0.114316
0.116006
0.1177
0.119399
0.121102
0.12281
0.124524
0.126243
0.127968
0.1297
0.131439
0.133185
0.134939
0.136702
0.138474
0.140255
0.142047
0.143849
0.145664
0.14749
0.14933
0.151183
0.153051
0.154935
0.156835
0.158752
0.160688
0.162643
0.164619
0.166615
0.168635
0.170678
0.172747
0.174842
0.176964
0.179116
0.181299
0.183513
0.185761
0.188045
0.190365
0.192725
0.195125
0.197568
0.200056
0.20259
0.205174
0.207808
0.210497
0.213241
0.216044
0.218908
0.221836
0.22483
0.227895
0.231032
0.234245
0.237537
0.240911
0.244371
0.247921
0.251564
0.255305
0.259146
0.263092
0.267148
0.271317
0.275604
0.280013
0.284549
0.289217
0.294022
0.298968
0.304061
0.309305
0.314706
0.320268
0.325998
0.331901
0.337981
0.344245
0.350698
0.357344
0.364191
0.371242
0.378505
0.385983
0.393682
0.401608
0.409766
0.41816
0.426797
0.43568
0.444815
0.454206
0.463857
0.473773
0.483958
0.494415
0.505147
0.516158
0.527451
0.539027
0.550888
0.563035
0.57547
0.588192
0.6012
0.614491
0.628063
0.641913
0.656037
0.670428
0.68508
0.699983
0.715127
0.730501
0.74609
0.761879
0.777851
0.793985
0.810259
0.82665
0.84313
0.85967
0.87624
0.892806
0.909334
0.925786
0.942125
0.958312
0.974308
0.990074
1.00557
1.02077
1.03563
1.05013
1.06424
1.07794
1.09122
1.10407
1.11649
1.12849
1.14006
1.15123
1.162
1.17238
1.18241
1.19209
1.20143
1.21045
1.21916
1.22756
1.23566
1.24344
1.25086
1.2579
1.26452
1.27065
1.27625
1.28127
1.28565
1.28934
1.29231
1.29452
1.29595
1.29657
1.29637
1.29536
1.29352
1.29087
1.28742
1.28319
1.27819
1.27245
1.266
1.25886
1.25107
1.24264
1.23362
1.22404
1.21392
1.20329
1.1922
1.18065
1.1687
1.15635
1.14365
1.13061
1.11726
1.10361
1.0897
1.07553
1.06113
1.04651
1.03169
1.01667
0.062765
0.0628043
0.0628997
0.0630571
0.0632846
0.0635908
0.0639837
0.0644695
0.0650523
0.0657338
0.0665131
0.0673875
0.0683523
0.0694016
0.0705289
0.0717271
0.0729891
0.0743081
0.0756774
0.0770909
0.078543
0.0800287
0.0815435
0.0830835
0.084645
0.0862251
0.0878212
0.089431
0.0910525
0.0926842
0.0943245
0.0959723
0.0976268
0.0992869
0.100952
0.102622
0.104296
0.105974
0.107655
0.109341
0.111029
0.112721
0.114417
0.116116
0.117818
0.119525
0.121236
0.122952
0.124672
0.126397
0.128128
0.129865
0.131607
0.133357
0.135114
0.136878
0.138651
0.140432
0.142223
0.144023
0.145835
0.147658
0.149492
0.15134
0.153201
0.155076
0.156967
0.158874
0.160798
0.16274
0.164701
0.166682
0.168684
0.170709
0.172757
0.174831
0.17693
0.179057
0.181213
0.1834
0.185618
0.187871
0.190158
0.192483
0.194847
0.197251
0.199699
0.202191
0.204731
0.20732
0.20996
0.212655
0.215406
0.218217
0.221089
0.224027
0.227032
0.230108
0.233258
0.236486
0.239794
0.243186
0.246666
0.250238
0.253905
0.257672
0.261543
0.265521
0.269612
0.27382
0.278149
0.282604
0.28719
0.291913
0.296776
0.301786
0.306947
0.312266
0.317746
0.323394
0.329215
0.335216
0.3414
0.347775
0.354345
0.361116
0.368095
0.375286
0.382695
0.390327
0.398189
0.406285
0.41462
0.4232
0.43203
0.441114
0.450458
0.460066
0.469941
0.480089
0.490513
0.501216
0.512202
0.523473
0.535033
0.546884
0.559025
0.571458
0.584184
0.597203
0.610514
0.624114
0.638002
0.652173
0.666624
0.681348
0.696337
0.711583
0.727076
0.742802
0.75875
0.774901
0.791239
0.807743
0.824391
0.841157
0.858014
0.874932
0.89188
0.908821
0.92572
0.942538
0.959234
0.975768
0.992096
1.00818
1.02397
1.03944
1.05454
1.06925
1.08354
1.09739
1.11078
1.12371
1.13618
1.14819
1.15975
1.17089
1.18163
1.19197
1.20195
1.21158
1.22088
1.22986
1.23854
1.24693
1.25501
1.26278
1.27021
1.27725
1.28385
1.28997
1.29554
1.3005
1.30481
1.30841
1.31127
1.31334
1.31461
1.31505
1.31466
1.31344
1.31138
1.3085
1.30482
1.30035
1.29511
1.28913
1.28244
1.27506
1.26704
1.25838
1.24914
1.23934
1.22902
1.21819
1.20691
1.19519
1.18307
1.17057
1.15772
1.14455
1.13108
1.11733
1.10334
1.08911
1.07466
1.06002
1.04521
1.03022
0.0639209
0.0639627
0.0640632
0.0642278
0.0644642
0.0647805
0.0651843
0.0656814
0.0662756
0.0669684
0.067759
0.0686445
0.0696202
0.0706805
0.0718188
0.0730281
0.0743013
0.0756316
0.0770124
0.0784377
0.0799017
0.0813994
0.0829264
0.0844786
0.0860525
0.087645
0.0892535
0.0908757
0.0925097
0.0941536
0.0958063
0.0974663
0.0991328
0.100805
0.102482
0.104164
0.105849
0.107539
0.109231
0.110927
0.112627
0.114329
0.116035
0.117745
0.119457
0.121174
0.122894
0.124619
0.126348
0.128082
0.129821
0.131566
0.133317
0.135074
0.136838
0.138609
0.140388
0.142176
0.143972
0.145779
0.147595
0.149423
0.151262
0.153114
0.154978
0.156857
0.158751
0.16066
0.162586
0.16453
0.166493
0.168475
0.170478
0.172504
0.174552
0.176625
0.178724
0.18085
0.183005
0.18519
0.187408
0.189658
0.191944
0.194267
0.196628
0.199031
0.201476
0.203967
0.206504
0.209092
0.211731
0.214425
0.217175
0.219986
0.222859
0.225798
0.228806
0.231885
0.23504
0.238273
0.241589
0.24499
0.248481
0.252065
0.255748
0.259532
0.263422
0.267423
0.27154
0.275777
0.280138
0.28463
0.289257
0.294024
0.298937
0.304001
0.309222
0.314605
0.320156
0.32588
0.331784
0.337873
0.344153
0.35063
0.35731
0.364199
0.371301
0.378624
0.386173
0.393952
0.401969
0.410228
0.418734
0.427494
0.43651
0.445789
0.455335
0.465153
0.475246
0.485618
0.496274
0.507217
0.518449
0.529972
0.541789
0.553903
0.566314
0.579023
0.592031
0.605338
0.618942
0.632843
0.647036
0.661518
0.676284
0.691329
0.706645
0.722222
0.738051
0.75412
0.770413
0.786916
0.803609
0.820473
0.837485
0.854618
0.871846
0.889137
0.906459
0.923774
0.941046
0.958233
0.975292
0.992181
1.00885
1.02526
1.04137
1.05712
1.07248
1.08742
1.10191
1.11591
1.12943
1.14244
1.15496
1.16699
1.17855
1.18966
1.20035
1.21065
1.22059
1.23018
1.23945
1.24841
1.25709
1.26547
1.27357
1.28136
1.28881
1.29587
1.30248
1.30858
1.31412
1.31903
1.32325
1.32674
1.32945
1.33136
1.33244
1.33268
1.33207
1.33061
1.3283
1.32517
1.32123
1.31649
1.31099
1.30475
1.2978
1.29018
1.2819
1.27301
1.26353
1.25351
1.24297
1.23194
1.22045
1.20855
1.19625
1.18359
1.17059
1.15728
1.14369
1.12983
1.11574
1.10144
1.08694
1.07226
1.05743
1.04245
0.0650102
0.0650542
0.0651592
0.0653302
0.0655745
0.0658997
0.0663129
0.0668196
0.0674235
0.0681258
0.0689255
0.0698199
0.0708045
0.0718734
0.0730202
0.0742381
0.07552
0.0768591
0.0782489
0.0796832
0.0811565
0.0826637
0.0842002
0.0857621
0.0873458
0.0889481
0.0905665
0.0921985
0.0938422
0.095496
0.0971583
0.098828
0.100504
0.102186
0.103872
0.105563
0.107257
0.108955
0.110657
0.112361
0.114069
0.115779
0.117493
0.119209
0.120929
0.122653
0.12438
0.126111
0.127846
0.129586
0.131331
0.133081
0.134836
0.136597
0.138365
0.14014
0.141923
0.143713
0.145513
0.147321
0.149139
0.150968
0.152808
0.15466
0.156525
0.158403
0.160296
0.162204
0.164129
0.16607
0.16803
0.170009
0.172009
0.17403
0.176074
0.178142
0.180235
0.182356
0.184504
0.186683
0.188893
0.191136
0.193415
0.195729
0.198083
0.200477
0.202914
0.205396
0.207926
0.210504
0.213135
0.215821
0.218564
0.221367
0.224234
0.227166
0.230168
0.233243
0.236394
0.239625
0.242939
0.24634
0.249833
0.253421
0.25711
0.260902
0.264803
0.268818
0.272951
0.277208
0.281593
0.286112
0.29077
0.295573
0.300526
0.305636
0.310907
0.316347
0.32196
0.327752
0.333731
0.339902
0.34627
0.352843
0.359625
0.366624
0.373844
0.381293
0.388975
0.396897
0.405063
0.41348
0.422152
0.431085
0.440284
0.449752
0.459496
0.469518
0.479824
0.490416
0.501296
0.51247
0.52394
0.535708
0.547776
0.560147
0.572821
0.5858
0.599083
0.612671
0.626561
0.640752
0.655241
0.670024
0.685097
0.700452
0.716083
0.73198
0.748134
0.764532
0.78116
0.798002
0.815039
0.832252
0.849618
0.86711
0.8847
0.902358
0.92005
0.937738
0.955383
0.972944
0.990374
1.00763
1.02466
1.04141
1.05784
1.0739
1.08955
1.10474
1.11944
1.13363
1.14728
1.16039
1.17297
1.18502
1.19657
1.20766
1.21832
1.22857
1.23847
1.24803
1.25729
1.26625
1.27494
1.28336
1.29149
1.29933
1.30681
1.3139
1.32052
1.32662
1.33211
1.33695
1.34107
1.34442
1.34696
1.34868
1.34954
1.34953
1.34866
1.34693
1.34435
1.34094
1.3367
1.33168
1.3259
1.31938
1.31215
1.30425
1.29572
1.28657
1.27685
1.26659
1.25582
1.24458
1.23289
1.22079
1.20831
1.19548
1.18233
1.16887
1.15515
1.14118
1.12699
1.1126
1.09803
1.08331
1.06845
1.05347
0.0660358
0.0660817
0.0661906
0.0663673
0.0666185
0.0669514
0.0673726
0.0678874
0.0684992
0.069209
0.070016
0.0709172
0.0719083
0.0729835
0.0741366
0.0753607
0.0766488
0.0779943
0.0793905
0.0808314
0.0823114
0.0838255
0.0853691
0.0869381
0.088529
0.0901387
0.0917644
0.0934037
0.0950548
0.0967159
0.0983854
0.100062
0.101745
0.103434
0.105127
0.106824
0.108525
0.110229
0.111937
0.113647
0.11536
0.117076
0.118795
0.120516
0.122241
0.123969
0.1257
0.127434
0.129173
0.130916
0.132663
0.134415
0.136172
0.137935
0.139704
0.14148
0.143263
0.145053
0.146852
0.148659
0.150476
0.152302
0.15414
0.155989
0.15785
0.159724
0.161613
0.163516
0.165434
0.167369
0.169322
0.171294
0.173286
0.175298
0.177333
0.179392
0.181475
0.183585
0.185723
0.187889
0.190087
0.192318
0.194583
0.196884
0.199224
0.201604
0.204027
0.206494
0.209008
0.211572
0.214188
0.216859
0.219587
0.222375
0.225228
0.228146
0.231135
0.234197
0.237336
0.240556
0.243861
0.247255
0.250741
0.254324
0.25801
0.261802
0.265705
0.269725
0.273865
0.278133
0.282533
0.287071
0.291752
0.296582
0.301568
0.306715
0.312029
0.317517
0.323185
0.329039
0.335085
0.34133
0.347781
0.354443
0.361322
0.368426
0.375759
0.383329
0.39114
0.399199
0.407512
0.416082
0.424917
0.43402
0.443397
0.453053
0.462989
0.473212
0.483724
0.494529
0.505631
0.517033
0.528738
0.540747
0.553063
0.565687
0.57862
0.591863
0.605415
0.619277
0.633446
0.64792
0.662696
0.677771
0.693139
0.708795
0.72473
0.740935
0.757402
0.774116
0.791066
0.808234
0.825603
0.843153
0.860861
0.878701
0.896646
0.914663
0.932719
0.950777
0.968796
0.986733
1.00454
1.02217
1.03957
1.05669
1.07347
1.08987
1.10583
1.1213
1.13625
1.15064
1.16446
1.17769
1.19033
1.20242
1.21397
1.22503
1.23564
1.24586
1.25572
1.26526
1.27452
1.2835
1.29223
1.3007
1.3089
1.3168
1.32435
1.33148
1.33811
1.34419
1.34962
1.35436
1.35834
1.36152
1.36386
1.36533
1.36593
1.36565
1.36449
1.36245
1.35956
1.35583
1.35129
1.34595
1.33986
1.33304
1.32552
1.31733
1.30852
1.29911
1.28914
1.27863
1.26763
1.25617
1.24427
1.23198
1.21931
1.2063
1.19299
1.17939
1.16553
1.15144
1.13714
1.12266
1.10802
1.09324
1.07834
1.06334
0.0670008
0.0670483
0.0671607
0.0673422
0.0675993
0.0679387
0.0683666
0.068888
0.0695059
0.0702215
0.0710337
0.0719397
0.0729352
0.0740145
0.0751715
0.0763994
0.0776914
0.0790407
0.080441
0.081886
0.0833704
0.0848889
0.0864371
0.0880108
0.0896065
0.091221
0.0928516
0.0944959
0.0961519
0.0978178
0.0994922
0.101174
0.102861
0.104554
0.106252
0.107953
0.109658
0.111366
0.113077
0.114791
0.116507
0.118226
0.119947
0.121671
0.123398
0.125127
0.12686
0.128595
0.130335
0.132078
0.133825
0.135576
0.137333
0.139094
0.140862
0.142635
0.144415
0.146202
0.147997
0.1498
0.151612
0.153434
0.155265
0.157108
0.158962
0.160829
0.162709
0.164603
0.166513
0.168438
0.17038
0.172341
0.17432
0.17632
0.178342
0.180386
0.182455
0.18455
0.186671
0.188822
0.191002
0.193215
0.195462
0.197744
0.200065
0.202425
0.204827
0.207274
0.209767
0.212309
0.214904
0.217553
0.220259
0.223026
0.225857
0.228754
0.231722
0.234764
0.237884
0.241086
0.244373
0.24775
0.251222
0.254792
0.258467
0.26225
0.266147
0.270163
0.274303
0.278574
0.28298
0.287529
0.292225
0.297075
0.302085
0.307262
0.312612
0.318141
0.323857
0.329766
0.335874
0.342189
0.348716
0.355463
0.362435
0.369639
0.377082
0.38477
0.392707
0.400901
0.409357
0.418079
0.427075
0.436346
0.445897
0.455735
0.465862
0.476283
0.487001
0.49802
0.509343
0.520972
0.532909
0.545158
0.557719
0.570593
0.583782
0.597285
0.611102
0.625232
0.639673
0.654424
0.66948
0.684837
0.700491
0.716436
0.732663
0.749165
0.765931
0.782949
0.800206
0.817687
0.835374
0.853246
0.871283
0.889458
0.907745
0.926112
0.944525
0.962948
0.981339
0.999654
1.01785
1.03586
1.05365
1.07116
1.08832
1.10508
1.12138
1.13718
1.15241
1.16705
1.18106
1.19444
1.20718
1.21931
1.23086
1.24189
1.25246
1.26263
1.27246
1.28199
1.29126
1.30028
1.30907
1.31763
1.32592
1.33391
1.34153
1.3487
1.35534
1.36137
1.36672
1.37132
1.37512
1.37808
1.38017
1.38137
1.38166
1.38106
1.37956
1.37718
1.37394
1.36987
1.36498
1.35931
1.35289
1.34575
1.33792
1.32944
1.32033
1.31065
1.30041
1.28966
1.27842
1.26673
1.25462
1.24213
1.22927
1.21609
1.20261
1.18886
1.17487
1.16065
1.14625
1.13167
1.11695
1.1021
1.08716
1.07213
0.0679084
0.0679573
0.0680726
0.0682583
0.0685203
0.0688649
0.0692982
0.0698246
0.0704471
0.0711666
0.0719822
0.072891
0.0738887
0.07497
0.0761287
0.0773581
0.0786516
0.0800025
0.0814043
0.0828512
0.0843374
0.085858
0.0874083
0.0889843
0.0905824
0.0921994
0.0938326
0.0954795
0.0971381
0.0988065
0.100483
0.102167
0.103857
0.105553
0.107252
0.108955
0.110662
0.112372
0.114084
0.115798
0.117515
0.119235
0.120956
0.12268
0.124406
0.126135
0.127866
0.1296
0.131338
0.133078
0.134823
0.136571
0.138324
0.140082
0.141844
0.143613
0.145388
0.147169
0.148957
0.150753
0.152557
0.154371
0.156193
0.158026
0.159871
0.161727
0.163595
0.165477
0.167373
0.169285
0.171213
0.173158
0.175122
0.177106
0.17911
0.181136
0.183186
0.185261
0.187362
0.189491
0.19165
0.19384
0.196064
0.198322
0.200618
0.202953
0.205329
0.207749
0.210215
0.21273
0.215297
0.217918
0.220596
0.223334
0.226137
0.229006
0.231946
0.234961
0.238054
0.241229
0.244491
0.247845
0.251294
0.254844
0.258499
0.262266
0.266148
0.270153
0.274285
0.278551
0.282956
0.287507
0.292211
0.297073
0.302101
0.307302
0.312681
0.318247
0.324005
0.329964
0.336129
0.342508
0.349109
0.355936
0.362998
0.370301
0.377851
0.385653
0.393716
0.402044
0.410641
0.419513
0.428666
0.438104
0.447831
0.457853
0.468172
0.478792
0.489718
0.500951
0.512495
0.524352
0.536523
0.549011
0.561816
0.57494
0.588382
0.602142
0.616219
0.630613
0.645321
0.660341
0.675669
0.6913
0.70723
0.723453
0.739961
0.756746
0.773797
0.791104
0.808654
0.82643
0.844418
0.862597
0.880946
0.899441
0.918056
0.936759
0.955519
0.974298
0.993056
1.01175
1.03033
1.04874
1.06693
1.08484
1.10241
1.11958
1.13627
1.15243
1.168
1.18293
1.19719
1.21075
1.22361
1.23581
1.24737
1.25838
1.2689
1.27902
1.28881
1.29833
1.30762
1.3167
1.32558
1.33424
1.34265
1.35074
1.35843
1.36564
1.37226
1.37822
1.38345
1.38787
1.39144
1.39413
1.39591
1.39677
1.39671
1.39574
1.39386
1.3911
1.38749
1.38304
1.37778
1.37175
1.36498
1.3575
1.34935
1.34056
1.33116
1.32119
1.31069
1.29968
1.2882
1.27628
1.26396
1.25127
1.23822
1.22487
1.21123
1.19733
1.18319
1.16886
1.15434
1.13967
1.12486
1.10995
1.09496
1.0799
0.0687621
0.0688121
0.0689298
0.0691189
0.0693848
0.0697337
0.0701709
0.0707009
0.0713263
0.072048
0.072865
0.0737746
0.0747726
0.0758537
0.0770119
0.0782407
0.0795334
0.0808834
0.0822846
0.0837308
0.0852166
0.0867368
0.088287
0.089863
0.0914612
0.0930784
0.0947118
0.096359
0.0980179
0.0996866
0.101364
0.103048
0.104738
0.106433
0.108132
0.109835
0.111541
0.11325
0.114961
0.116675
0.11839
0.120108
0.121827
0.123548
0.125272
0.126997
0.128725
0.130455
0.132188
0.133924
0.135664
0.137407
0.139153
0.140904
0.14266
0.144421
0.146187
0.14796
0.149739
0.151525
0.153319
0.155121
0.156932
0.158752
0.160583
0.162425
0.164279
0.166146
0.168026
0.169921
0.171831
0.173757
0.175702
0.177665
0.179648
0.181652
0.183679
0.18573
0.187807
0.189911
0.192043
0.194206
0.196401
0.19863
0.200896
0.2032
0.205545
0.207933
0.210367
0.212849
0.215382
0.217968
0.220612
0.223316
0.226083
0.228918
0.231823
0.234804
0.237863
0.241005
0.244235
0.247557
0.250976
0.254497
0.258126
0.261868
0.265729
0.269715
0.273831
0.278085
0.282482
0.28703
0.291734
0.296603
0.301642
0.30686
0.312263
0.31786
0.323656
0.32966
0.335879
0.34232
0.34899
0.355897
0.363046
0.370446
0.378102
0.38602
0.394206
0.402665
0.411404
0.420428
0.429741
0.439348
0.449254
0.459462
0.469977
0.4808
0.491936
0.503387
0.515154
0.527241
0.539647
0.552375
0.565425
0.578797
0.592491
0.606507
0.620842
0.635495
0.650465
0.665747
0.681339
0.697235
0.713431
0.729921
0.746697
0.76375
0.781072
0.798652
0.816476
0.834531
0.852801
0.871268
0.88991
0.908707
0.927631
0.946654
0.965746
0.984869
1.00398
1.02305
1.04202
1.06083
1.07944
1.09778
1.11579
1.13339
1.15052
1.1671
1.18306
1.19835
1.21292
1.22672
1.23976
1.25205
1.26364
1.27462
1.28508
1.29513
1.30488
1.31438
1.32371
1.33286
1.34184
1.35064
1.35918
1.36738
1.37514
1.38235
1.38893
1.39477
1.3998
1.40398
1.40726
1.40962
1.41103
1.4115
1.41104
1.40965
1.40736
1.40419
1.40016
1.39531
1.38966
1.38326
1.37612
1.36829
1.35981
1.3507
1.341
1.33074
1.31997
1.3087
1.29698
1.28484
1.27231
1.25941
1.24618
1.23265
1.21885
1.2048
1.19054
1.17608
1.16145
1.14669
1.1318
1.11682
1.10178
1.08668
0.0695654
0.0696162
0.0697359
0.0699276
0.0701966
0.0705485
0.0709884
0.0715205
0.0721473
0.0728695
0.0736862
0.0745947
0.0755909
0.0766697
0.0778252
0.0790511
0.0803408
0.0816878
0.0830859
0.0845293
0.0860123
0.0875299
0.0890776
0.0906513
0.0922473
0.0938624
0.0954938
0.0971391
0.098796
0.100463
0.102138
0.10382
0.105508
0.107201
0.108898
0.110598
0.112301
0.114007
0.115715
0.117425
0.119137
0.12085
0.122565
0.124282
0.126
0.127721
0.129443
0.131167
0.132893
0.134622
0.136354
0.138089
0.139827
0.141569
0.143316
0.145066
0.146822
0.148583
0.15035
0.152124
0.153905
0.155693
0.157489
0.159294
0.161109
0.162934
0.16477
0.166618
0.168479
0.170354
0.172243
0.174148
0.176069
0.178008
0.179967
0.181945
0.183945
0.185969
0.188017
0.190091
0.192192
0.194323
0.196486
0.198682
0.200913
0.203182
0.20549
0.207841
0.210237
0.21268
0.215173
0.21772
0.220323
0.222986
0.225713
0.228506
0.23137
0.234309
0.237328
0.24043
0.24362
0.246904
0.250286
0.253772
0.257368
0.261078
0.26491
0.26887
0.272964
0.277199
0.281581
0.286118
0.290818
0.295687
0.300733
0.305963
0.311386
0.317009
0.32284
0.328886
0.335156
0.341656
0.348395
0.35538
0.362616
0.370111
0.377872
0.385905
0.394216
0.402811
0.411696
0.420874
0.430352
0.440134
0.450223
0.460622
0.471337
0.482368
0.493719
0.505391
0.517386
0.529706
0.54235
0.55532
0.568616
0.582237
0.596183
0.610451
0.625041
0.63995
0.655176
0.670715
0.686563
0.702715
0.719166
0.73591
0.75294
0.770248
0.787824
0.805658
0.823739
0.842052
0.860584
0.879316
0.898231
0.917307
0.936519
0.955842
0.975246
0.994696
1.01416
1.03359
1.05294
1.07216
1.09119
1.10998
1.12845
1.14653
1.16414
1.18121
1.19764
1.21336
1.22831
1.24244
1.25571
1.26814
1.27979
1.29074
1.30113
1.3111
1.32078
1.33026
1.33961
1.34883
1.35794
1.36688
1.37555
1.38386
1.39166
1.39885
1.40531
1.41097
1.41575
1.41961
1.42253
1.42449
1.42547
1.4255
1.42458
1.42274
1.41999
1.41637
1.41191
1.40663
1.40058
1.39378
1.38627
1.37808
1.36926
1.35983
1.34982
1.33928
1.32824
1.31672
1.30476
1.29239
1.27965
1.26656
1.25315
1.23946
1.2255
1.21131
1.19692
1.18234
1.16761
1.15275
1.13779
1.12275
1.10765
1.09252
0.0703221
0.0703736
0.0704946
0.0706883
0.0709595
0.0713133
0.0717547
0.0722875
0.072914
0.0736351
0.0744497
0.0753552
0.0763477
0.0774222
0.0785729
0.0797937
0.0810781
0.0824199
0.0838128
0.0852509
0.0867289
0.0882416
0.0897846
0.0913537
0.0929453
0.0945561
0.0961833
0.0978244
0.0994772
0.10114
0.102811
0.104489
0.106173
0.107861
0.109553
0.111249
0.112948
0.114648
0.116351
0.118055
0.119761
0.121469
0.123177
0.124887
0.126598
0.128311
0.130025
0.131741
0.133458
0.135178
0.1369
0.138625
0.140352
0.142083
0.143818
0.145556
0.147299
0.149046
0.150799
0.152557
0.154322
0.156094
0.157873
0.15966
0.161456
0.163262
0.165077
0.166904
0.168743
0.170594
0.172459
0.174339
0.176234
0.178146
0.180076
0.182026
0.183996
0.185987
0.188003
0.190043
0.19211
0.194206
0.196331
0.198489
0.200681
0.20291
0.205177
0.207486
0.209839
0.212238
0.214687
0.217188
0.219745
0.222361
0.225041
0.227787
0.230604
0.233495
0.236466
0.239522
0.242666
0.245905
0.249244
0.252687
0.256243
0.259915
0.263712
0.26764
0.271705
0.275914
0.280276
0.284798
0.289487
0.294351
0.299398
0.304637
0.310076
0.315722
0.321585
0.327671
0.333991
0.340549
0.347355
0.354416
0.36174
0.369333
0.377202
0.385354
0.393795
0.40253
0.411565
0.420904
0.430553
0.440514
0.450792
0.461391
0.472311
0.483556
0.495127
0.507026
0.519254
0.531811
0.544697
0.557912
0.571456
0.585326
0.599523
0.614044
0.628886
0.644047
0.659524
0.675312
0.691408
0.707806
0.724501
0.741487
0.758757
0.776303
0.794115
0.812185
0.830502
0.849052
0.867823
0.886798
0.90596
0.925289
0.944766
0.964364
0.984056
1.00381
1.0236
1.04338
1.0631
1.08272
1.10219
1.12143
1.14039
1.15899
1.17714
1.19475
1.21172
1.22798
1.24341
1.25795
1.27155
1.2842
1.29594
1.30688
1.31719
1.32704
1.33661
1.34604
1.35539
1.36468
1.3739
1.38297
1.39178
1.40016
1.40796
1.41505
1.42134
1.42673
1.43118
1.43465
1.43714
1.43863
1.43913
1.43866
1.43725
1.43491
1.43168
1.42758
1.42266
1.41695
1.41047
1.40327
1.39538
1.38683
1.37767
1.36792
1.35761
1.34679
1.33548
1.32371
1.31152
1.29894
1.286
1.27272
1.25914
1.24529
1.23118
1.21686
1.20234
1.18766
1.17283
1.15789
1.14285
1.12775
1.11261
1.09745
0.0710363
0.0710881
0.0712101
0.0714051
0.0716775
0.0720322
0.0724738
0.0730059
0.0736308
0.0743491
0.0751598
0.0760605
0.0770473
0.0781155
0.0792594
0.080473
0.08175
0.0830843
0.0844697
0.0859004
0.0873711
0.0888768
0.0904128
0.0919751
0.09356
0.0951643
0.0967851
0.0984199
0.100066
0.101723
0.103388
0.105059
0.106737
0.108419
0.110104
0.111793
0.113485
0.115179
0.116874
0.118571
0.120269
0.121968
0.123668
0.125369
0.127071
0.128774
0.130478
0.132183
0.13389
0.135598
0.137309
0.139021
0.140736
0.142453
0.144173
0.145897
0.147624
0.149356
0.151092
0.152833
0.15458
0.156332
0.158092
0.159859
0.161633
0.163417
0.165209
0.167012
0.168825
0.170651
0.172489
0.17434
0.176206
0.178088
0.179987
0.181904
0.18384
0.185798
0.187777
0.18978
0.191809
0.193864
0.195949
0.198065
0.200214
0.202398
0.20462
0.206882
0.209187
0.211537
0.213936
0.216387
0.218893
0.221457
0.224084
0.226777
0.22954
0.232379
0.235297
0.238299
0.241392
0.244579
0.247868
0.251263
0.254772
0.258401
0.262156
0.266045
0.270075
0.274254
0.27859
0.283091
0.287765
0.29262
0.297666
0.30291
0.308361
0.314029
0.319921
0.326046
0.332413
0.33903
0.345904
0.353045
0.360459
0.368153
0.376135
0.384411
0.392988
0.401869
0.411061
0.420569
0.430395
0.440544
0.451019
0.461823
0.472957
0.484423
0.496221
0.508353
0.520819
0.533618
0.546749
0.560212
0.574006
0.588127
0.602575
0.617346
0.632438
0.647846
0.663568
0.679599
0.695935
0.712569
0.729497
0.746711
0.764205
0.781972
0.800003
0.818289
0.83682
0.855585
0.87457
0.893761
0.913144
0.9327
0.952412
0.972257
0.992211
1.01225
1.03233
1.05244
1.07252
1.09253
1.11242
1.13213
1.15159
1.17073
1.18946
1.20768
1.22528
1.24216
1.25819
1.27328
1.28732
1.30029
1.31219
1.32315
1.33335
1.34304
1.35247
1.36178
1.37107
1.38038
1.38967
1.39886
1.40776
1.41617
1.4239
1.43083
1.43684
1.44188
1.44592
1.44893
1.45091
1.45188
1.45185
1.45084
1.4489
1.44604
1.4423
1.43772
1.43233
1.42616
1.41926
1.41166
1.40339
1.39449
1.38499
1.37493
1.36433
1.35323
1.34167
1.32966
1.31725
1.30447
1.29134
1.27788
1.26414
1.25014
1.2359
1.22145
1.20682
1.19204
1.17713
1.16211
1.14701
1.13185
1.11667
1.10148
0.0717122
0.0717641
0.0718867
0.0720823
0.072355
0.0727096
0.0731503
0.0736804
0.0743021
0.0750159
0.0758211
0.0767152
0.0776945
0.0787543
0.0798894
0.0810937
0.0823612
0.0836858
0.0850616
0.0864827
0.0879439
0.0894402
0.090967
0.0925203
0.0940964
0.0956921
0.0973043
0.0989306
0.100569
0.102217
0.103873
0.105537
0.107206
0.108879
0.110556
0.112237
0.113919
0.115604
0.11729
0.118977
0.120665
0.122354
0.124043
0.125734
0.127424
0.129116
0.130808
0.132501
0.134195
0.135889
0.137586
0.139284
0.140983
0.142685
0.144389
0.146096
0.147806
0.149519
0.151236
0.152958
0.154684
0.156416
0.158153
0.159897
0.161648
0.163407
0.165174
0.16695
0.168736
0.170533
0.172341
0.174162
0.175996
0.177845
0.17971
0.181591
0.183491
0.18541
0.18735
0.189313
0.1913
0.193312
0.195353
0.197423
0.199524
0.20166
0.203832
0.206043
0.208296
0.210593
0.212938
0.215333
0.217782
0.220289
0.222858
0.225493
0.228198
0.230977
0.233837
0.236781
0.239815
0.242946
0.246178
0.249519
0.252976
0.256555
0.260263
0.264108
0.268099
0.272242
0.276548
0.281023
0.285678
0.290521
0.295561
0.300808
0.30627
0.311957
0.317877
0.324041
0.330458
0.337135
0.344081
0.351305
0.358814
0.366615
0.374716
0.383123
0.391842
0.400878
0.410236
0.419919
0.429932
0.440276
0.450955
0.461969
0.473321
0.485011
0.49704
0.509407
0.522112
0.535154
0.548532
0.562243
0.576286
0.590657
0.605353
0.620373
0.63571
0.651363
0.667325
0.683593
0.700162
0.717025
0.734176
0.75161
0.769319
0.787296
0.805532
0.824017
0.842743
0.861698
0.880873
0.900254
0.919828
0.939582
0.959498
0.979559
0.999742
1.02003
1.04038
1.06078
1.08119
1.10157
1.12186
1.14203
1.162
1.1817
1.20103
1.21991
1.23822
1.25582
1.27257
1.28833
1.30298
1.3164
1.32857
1.33958
1.34967
1.35917
1.36836
1.37747
1.3866
1.39583
1.40512
1.41435
1.42328
1.43165
1.43924
1.4459
1.45156
1.45617
1.45973
1.46221
1.46364
1.46405
1.46345
1.46188
1.45939
1.45599
1.45174
1.44667
1.44081
1.4342
1.42688
1.41889
1.41025
1.401
1.39118
1.38082
1.36994
1.35858
1.34678
1.33455
1.32194
1.30896
1.29565
1.28204
1.26815
1.25401
1.23965
1.22509
1.21037
1.19549
1.1805
1.16542
1.15026
1.13507
1.11985
1.10465
0.0723545
0.0724064
0.072529
0.0727245
0.0729968
0.0733503
0.0737888
0.0743156
0.0749327
0.0756406
0.0764386
0.0773242
0.0782941
0.0793438
0.080468
0.081661
0.0829169
0.0842297
0.0855936
0.0870029
0.0884524
0.0899371
0.0914526
0.0929948
0.0945599
0.0961446
0.0977462
0.099362
0.10099
0.102627
0.104273
0.105926
0.107585
0.109248
0.110915
0.112584
0.114256
0.115929
0.117604
0.119279
0.120956
0.122633
0.12431
0.125987
0.127665
0.129342
0.131021
0.132699
0.134378
0.136058
0.137738
0.13942
0.141102
0.142786
0.144472
0.14616
0.147851
0.149544
0.15124
0.15294
0.154644
0.156352
0.158066
0.159785
0.16151
0.163242
0.164981
0.166728
0.168484
0.17025
0.172026
0.173813
0.175613
0.177427
0.179254
0.181098
0.182958
0.184836
0.186734
0.188653
0.190595
0.192561
0.194554
0.196574
0.198625
0.200709
0.202828
0.204984
0.20718
0.20942
0.211706
0.214041
0.216429
0.218875
0.221381
0.223952
0.226593
0.229309
0.232104
0.234984
0.237955
0.241023
0.244195
0.247476
0.250875
0.254399
0.258055
0.261851
0.265797
0.269901
0.274172
0.278619
0.283251
0.288078
0.29311
0.298357
0.303829
0.309536
0.315487
0.321692
0.32816
0.334901
0.341924
0.349236
0.356846
0.364761
0.372989
0.381534
0.390403
0.399599
0.409127
0.418991
0.429194
0.439738
0.450625
0.461856
0.473431
0.48535
0.497614
0.510221
0.523169
0.536457
0.550082
0.564042
0.578333
0.592952
0.607895
0.623158
0.638737
0.654626
0.670822
0.687318
0.70411
0.72119
0.738553
0.756192
0.7741
0.79227
0.810693
0.829361
0.848265
0.867395
0.886742
0.906295
0.926042
0.945969
0.966062
0.986306
1.00668
1.02718
1.04777
1.06843
1.08913
1.10984
1.13051
1.15111
1.17156
1.19181
1.21177
1.23133
1.25038
1.26877
1.28635
1.30292
1.31832
1.33236
1.34494
1.35609
1.36609
1.37531
1.38416
1.3929
1.40171
1.41069
1.41985
1.42903
1.43791
1.44617
1.45353
1.45987
1.46512
1.46926
1.47229
1.47422
1.47508
1.4749
1.47373
1.4716
1.46855
1.46462
1.45986
1.4543
1.44799
1.44096
1.43324
1.42486
1.41588
1.40631
1.39618
1.38554
1.3744
1.3628
1.35078
1.33835
1.32554
1.3124
1.29893
1.28517
1.27115
1.2569
1.24243
1.22778
1.21297
1.19802
1.18297
1.16783
1.15264
1.13741
1.12217
1.10696
0.0729683
0.0730198
0.073142
0.0733369
0.0736079
0.0739592
0.0743945
0.0749167
0.0755278
0.0762283
0.0770174
0.077893
0.0788517
0.0798892
0.0810005
0.0821802
0.0834224
0.0847212
0.0860711
0.0874665
0.0889021
0.0903731
0.0918751
0.0934039
0.0949558
0.0965276
0.0981164
0.0997195
0.101335
0.10296
0.104594
0.106234
0.10788
0.109531
0.111185
0.112842
0.1145
0.116161
0.117822
0.119484
0.121147
0.12281
0.124473
0.126135
0.127798
0.12946
0.131123
0.132785
0.134447
0.13611
0.137772
0.139436
0.141099
0.142764
0.14443
0.146097
0.147766
0.149437
0.151111
0.152787
0.154467
0.15615
0.157837
0.159529
0.161226
0.162929
0.164638
0.166354
0.168078
0.169811
0.171553
0.173305
0.175068
0.176843
0.178631
0.180434
0.182252
0.184087
0.18594
0.187812
0.189706
0.191623
0.193565
0.195533
0.19753
0.199558
0.20162
0.203718
0.205854
0.208032
0.210255
0.212527
0.21485
0.217229
0.219668
0.222171
0.224744
0.227391
0.230117
0.232928
0.235831
0.238832
0.241937
0.245154
0.24849
0.251954
0.255554
0.259297
0.263194
0.267254
0.271486
0.275901
0.280508
0.285318
0.290342
0.29559
0.301072
0.3068
0.312783
0.319032
0.325557
0.332367
0.339471
0.346879
0.354596
0.362631
0.37099
0.379678
0.388701
0.398063
0.407769
0.41782
0.428221
0.438971
0.450073
0.461525
0.473329
0.485483
0.497985
0.510835
0.524028
0.537563
0.551436
0.565644
0.580182
0.595046
0.610232
0.625735
0.641549
0.657669
0.67409
0.690806
0.70781
0.725097
0.742659
0.76049
0.778582
0.796929
0.815522
0.834354
0.853416
0.872699
0.892194
0.911893
0.931784
0.951857
0.9721
0.992501
1.01305
1.03372
1.05451
1.07539
1.09634
1.11734
1.13834
1.15932
1.18022
1.20099
1.22153
1.24176
1.26155
1.28076
1.2992
1.31666
1.33292
1.34773
1.36086
1.37225
1.38217
1.39094
1.39922
1.40733
1.41558
1.42414
1.43304
1.44212
1.45089
1.45904
1.46619
1.47221
1.47706
1.48074
1.48325
1.48464
1.48494
1.4842
1.48246
1.47978
1.4762
1.47176
1.46652
1.46051
1.45376
1.44633
1.43824
1.42952
1.42021
1.41034
1.39994
1.38904
1.37767
1.36586
1.35363
1.34102
1.32806
1.31476
1.30116
1.28728
1.27315
1.25879
1.24424
1.22951
1.21463
1.19963
1.18453
1.16936
1.15413
1.13889
1.12365
1.10844
0.0735588
0.0736098
0.0737312
0.0739248
0.0741938
0.074542
0.0749729
0.0754893
0.076093
0.0767846
0.0775633
0.0784271
0.0793728
0.0803964
0.0814929
0.0826572
0.0838836
0.0851664
0.0865002
0.0878794
0.089299
0.0907541
0.0922403
0.0937536
0.0952902
0.0968469
0.0984207
0.100009
0.10161
0.10322
0.104839
0.106466
0.108097
0.109733
0.111373
0.113015
0.114659
0.116305
0.117951
0.119598
0.121245
0.122892
0.124539
0.126185
0.127831
0.129476
0.131121
0.132765
0.134409
0.136052
0.137695
0.139338
0.140982
0.142625
0.144269
0.145914
0.14756
0.149207
0.150856
0.152507
0.15416
0.155816
0.157475
0.159138
0.160805
0.162477
0.164155
0.165838
0.167528
0.169225
0.17093
0.172645
0.174369
0.176104
0.177851
0.17961
0.181384
0.183173
0.184979
0.186802
0.188646
0.190511
0.192399
0.194312
0.196252
0.198221
0.200223
0.202259
0.204332
0.206445
0.208602
0.210806
0.21306
0.215369
0.217737
0.220168
0.222668
0.225241
0.227894
0.230632
0.233462
0.236391
0.239425
0.242573
0.245843
0.249242
0.252781
0.256467
0.260312
0.264325
0.268517
0.272898
0.277479
0.282271
0.287287
0.292536
0.298031
0.303782
0.309801
0.316099
0.322685
0.329569
0.33676
0.344266
0.352095
0.360254
0.36875
0.377588
0.386773
0.396309
0.4062
0.416446
0.42705
0.438013
0.449335
0.461015
0.473051
0.485442
0.498186
0.51128
0.524719
0.538501
0.552621
0.567075
0.581858
0.596964
0.612389
0.628126
0.644169
0.660514
0.677153
0.694079
0.711288
0.72877
0.74652
0.764531
0.782795
0.801304
0.820052
0.83903
0.85823
0.877645
0.897267
0.917087
0.937096
0.957286
0.977648
0.998171
1.01885
1.03966
1.0606
1.08166
1.10281
1.12405
1.14533
1.16663
1.18791
1.20911
1.23018
1.251
1.27147
1.29143
1.31068
1.32899
1.34607
1.36159
1.37523
1.38685
1.39635
1.40414
1.41135
1.41848
1.42598
1.43414
1.44296
1.45221
1.46117
1.46936
1.47647
1.48232
1.48689
1.49018
1.49226
1.49315
1.49294
1.49167
1.48941
1.48622
1.48216
1.47726
1.47157
1.46515
1.45802
1.45022
1.44179
1.43276
1.42317
1.41304
1.4024
1.39128
1.37971
1.36771
1.35532
1.34256
1.32945
1.31603
1.30232
1.28834
1.27412
1.25969
1.24507
1.23028
1.21536
1.20032
1.18519
1.17
1.15477
1.13952
1.12429
1.1091
0.0741321
0.0741822
0.0743024
0.0744941
0.0747604
0.0751046
0.0755301
0.0760395
0.0766345
0.0773157
0.0780824
0.0789328
0.0798638
0.0808715
0.0819513
0.0830982
0.0843068
0.0855715
0.086887
0.088248
0.0896493
0.0910863
0.0925546
0.0940501
0.0955693
0.0971087
0.0986654
0.100237
0.101821
0.103415
0.105018
0.106627
0.108242
0.109862
0.111485
0.113111
0.114738
0.116367
0.117997
0.119626
0.121256
0.122885
0.124514
0.126142
0.127769
0.129396
0.131021
0.132645
0.134269
0.135891
0.137513
0.139135
0.140756
0.142376
0.143997
0.145617
0.147238
0.14886
0.150482
0.152106
0.153731
0.155358
0.156988
0.15862
0.160256
0.161895
0.163539
0.165187
0.166841
0.168502
0.170169
0.171844
0.173527
0.17522
0.176923
0.178637
0.180365
0.182106
0.183862
0.185634
0.187425
0.189235
0.191067
0.192922
0.194803
0.196711
0.19865
0.200621
0.202628
0.204673
0.20676
0.208893
0.211075
0.21331
0.215603
0.217959
0.220382
0.222878
0.225453
0.228114
0.230867
0.23372
0.23668
0.239754
0.242953
0.246285
0.24976
0.253387
0.257177
0.261141
0.26529
0.269637
0.274191
0.278967
0.283975
0.289228
0.294738
0.300516
0.306575
0.312925
0.319576
0.326537
0.333819
0.34143
0.349377
0.357668
0.366309
0.375304
0.384658
0.394375
0.404456
0.414902
0.425716
0.436896
0.448442
0.460352
0.472623
0.485254
0.49824
0.511578
0.525263
0.53929
0.553656
0.568353
0.583377
0.598721
0.61438
0.630346
0.646614
0.663176
0.680026
0.697156
0.714559
0.732229
0.750158
0.768337
0.786761
0.805421
0.824309
0.843418
0.862742
0.882271
0.901998
0.921917
0.94202
0.962299
0.982747
1.00336
1.02412
1.04503
1.06608
1.08726
1.10856
1.12995
1.15144
1.17298
1.19455
1.21609
1.23756
1.25886
1.27987
1.30043
1.32033
1.33929
1.35697
1.37294
1.38678
1.39831
1.40713
1.41384
1.41983
1.42586
1.43262
1.44047
1.44936
1.45891
1.46825
1.47666
1.48393
1.48979
1.49422
1.49726
1.49898
1.49947
1.49881
1.49709
1.49438
1.49075
1.48625
1.48095
1.47488
1.4681
1.46064
1.45253
1.44382
1.43454
1.4247
1.41435
1.40351
1.39221
1.38048
1.36833
1.35581
1.34293
1.32972
1.3162
1.3024
1.28835
1.27407
1.25959
1.24492
1.2301
1.21515
1.2001
1.18496
1.16977
1.15454
1.13931
1.1241
1.10894
0.0746944
0.0747435
0.0748622
0.0750514
0.0753141
0.0756534
0.0760724
0.0765736
0.0771587
0.0778281
0.0785814
0.0794167
0.0803312
0.0813213
0.0823825
0.0835101
0.0846988
0.0859433
0.0872384
0.0885789
0.0899598
0.0913765
0.0928247
0.0943003
0.0957998
0.0973198
0.0988573
0.10041
0.101975
0.10355
0.105134
0.106726
0.108322
0.109924
0.111528
0.113136
0.114745
0.116355
0.117965
0.119576
0.121187
0.122797
0.124406
0.126014
0.12762
0.129226
0.13083
0.132433
0.134035
0.135635
0.137234
0.138832
0.140429
0.142025
0.14362
0.145215
0.146809
0.148403
0.149998
0.151593
0.153189
0.154785
0.156384
0.157984
0.159586
0.161191
0.162799
0.164412
0.166028
0.167649
0.169277
0.17091
0.172551
0.1742
0.175858
0.177525
0.179204
0.180895
0.1826
0.18432
0.186055
0.187809
0.189583
0.191378
0.193197
0.195042
0.196915
0.198819
0.200756
0.202731
0.204746
0.206804
0.208911
0.211069
0.213284
0.21556
0.217903
0.220319
0.222814
0.225394
0.228067
0.23084
0.233721
0.23672
0.239845
0.243107
0.246515
0.25008
0.253814
0.257728
0.261835
0.266146
0.270675
0.275435
0.280437
0.285696
0.291225
0.297034
0.303135
0.30954
0.31626
0.323305
0.330684
0.338406
0.346479
0.354908
0.3637
0.372858
0.382387
0.392289
0.402566
0.413217
0.424243
0.435643
0.447415
0.459556
0.472064
0.484933
0.498161
0.511742
0.52567
0.539942
0.554549
0.569487
0.584748
0.600326
0.616214
0.632405
0.648891
0.665666
0.68272
0.700048
0.71764
0.73549
0.753589
0.771929
0.790503
0.809303
0.828322
0.84755
0.866982
0.886609
0.906425
0.926422
0.946595
0.966937
0.987442
1.0081
1.02892
1.04988
1.07098
1.09222
1.11359
1.13507
1.15666
1.17834
1.20007
1.22183
1.24355
1.26515
1.28651
1.30746
1.32777
1.34714
1.36515
1.38132
1.39515
1.40645
1.41475
1.42068
1.42576
1.43093
1.43708
1.44462
1.45348
1.46315
1.47267
1.48125
1.48867
1.49457
1.4989
1.50175
1.50319
1.50335
1.50233
1.50024
1.49716
1.49317
1.48832
1.48269
1.47632
1.46926
1.46153
1.45319
1.44425
1.43476
1.42475
1.41423
1.40324
1.3918
1.37995
1.36769
1.35507
1.34211
1.32883
1.31525
1.3014
1.28731
1.27299
1.25848
1.2438
1.22897
1.21402
1.19897
1.18384
1.16867
1.15347
1.13828
1.12311
1.108
0.0752527
0.0753007
0.0754173
0.0756035
0.0758619
0.0761955
0.076607
0.077099
0.0776728
0.0783291
0.0790674
0.079886
0.0807824
0.081753
0.0827938
0.0839001
0.0850669
0.0862891
0.0875617
0.0888795
0.0902378
0.091632
0.0930579
0.0945114
0.0959889
0.0974873
0.0990034
0.100535
0.102079
0.103633
0.105197
0.106768
0.108344
0.109925
0.111509
0.113096
0.114685
0.116274
0.117864
0.119454
0.121044
0.122632
0.12422
0.125806
0.127391
0.128974
0.130556
0.132135
0.133713
0.135289
0.136864
0.138437
0.140008
0.141578
0.143146
0.144714
0.14628
0.147846
0.149411
0.150975
0.15254
0.154105
0.15567
0.157236
0.158804
0.160373
0.161945
0.163519
0.165097
0.166678
0.168263
0.169854
0.171451
0.173054
0.174665
0.176285
0.177914
0.179553
0.181205
0.182869
0.184548
0.186244
0.187957
0.189691
0.191446
0.193225
0.19503
0.196865
0.198731
0.200633
0.202573
0.204555
0.206583
0.208662
0.210796
0.212991
0.215251
0.217584
0.219995
0.222491
0.225081
0.227772
0.230573
0.233493
0.236543
0.239732
0.243072
0.246574
0.250251
0.254114
0.258178
0.262455
0.26696
0.271705
0.276705
0.281973
0.287521
0.293363
0.299511
0.305977
0.312772
0.319906
0.327388
0.335228
0.343431
0.352004
0.360952
0.370278
0.379986
0.390077
0.400552
0.41141
0.422651
0.434271
0.446269
0.458641
0.471383
0.48449
0.497957
0.511778
0.525947
0.540459
0.555305
0.570479
0.585974
0.601783
0.617897
0.634308
0.651009
0.667991
0.685246
0.702767
0.720543
0.738568
0.756832
0.775327
0.794045
0.812978
0.832117
0.851455
0.870983
0.890695
0.910583
0.930641
0.950863
0.971242
0.991774
1.01245
1.03328
1.05424
1.07534
1.09657
1.11793
1.13941
1.16101
1.1827
1.20446
1.22626
1.24805
1.26974
1.29121
1.3123
1.33276
1.35226
1.37037
1.38655
1.40029
1.41139
1.41938
1.42489
1.42946
1.43413
1.43986
1.44713
1.45583
1.46541
1.47489
1.48345
1.49084
1.49667
1.50087
1.50352
1.50473
1.50462
1.50333
1.50095
1.4976
1.49334
1.48825
1.48238
1.47579
1.46853
1.46062
1.45211
1.44302
1.4334
1.42326
1.41263
1.40154
1.39002
1.37809
1.36578
1.3531
1.34009
1.32677
1.31317
1.2993
1.2852
1.27088
1.25637
1.2417
1.22688
1.21196
1.19693
1.18184
1.16671
1.15156
1.13642
1.12132
1.10627
0.0758147
0.0758612
0.0759755
0.0761581
0.0764115
0.0767385
0.0771416
0.0776231
0.0781845
0.0788263
0.0795482
0.0803486
0.0812251
0.0821746
0.083193
0.084276
0.0854189
0.0866168
0.0878646
0.0891577
0.0904912
0.0918606
0.0932619
0.094691
0.0961444
0.0976188
0.0991113
0.100619
0.10214
0.103672
0.105213
0.106761
0.108315
0.109873
0.111435
0.113
0.114566
0.116133
0.1177
0.119268
0.120834
0.1224
0.123964
0.125527
0.127088
0.128647
0.130204
0.131759
0.133312
0.134862
0.136411
0.137957
0.139501
0.141043
0.142583
0.144122
0.145659
0.147194
0.148728
0.150261
0.151793
0.153324
0.154855
0.156387
0.157918
0.15945
0.160984
0.162519
0.164056
0.165595
0.167138
0.168685
0.170236
0.171793
0.173355
0.174925
0.176503
0.178089
0.179686
0.181294
0.182916
0.184551
0.186203
0.187873
0.189563
0.191274
0.193011
0.194774
0.196568
0.198395
0.200258
0.202162
0.20411
0.206107
0.208159
0.210269
0.212445
0.214691
0.217017
0.219427
0.221932
0.224539
0.227257
0.230097
0.233069
0.236185
0.239455
0.242893
0.246512
0.250326
0.254347
0.258592
0.263073
0.267807
0.272805
0.278084
0.283656
0.289535
0.295735
0.302267
0.309142
0.31637
0.323961
0.331923
0.340261
0.348982
0.35809
0.367587
0.377476
0.387757
0.398431
0.409495
0.420949
0.432789
0.445011
0.457611
0.470585
0.483926
0.497629
0.511688
0.526094
0.540843
0.555925
0.571333
0.587059
0.603095
0.619432
0.636061
0.652975
0.670163
0.687617
0.705327
0.723285
0.741482
0.759908
0.778554
0.797412
0.816472
0.835725
0.855164
0.87478
0.894565
0.914512
0.934614
0.954864
0.975256
0.995786
1.01645
1.03724
1.05816
1.07919
1.10035
1.12162
1.143
1.16448
1.18605
1.20769
1.22935
1.251
1.27255
1.29388
1.31482
1.33514
1.3545
1.37247
1.38853
1.40214
1.41311
1.421
1.42641
1.43087
1.43541
1.44096
1.44802
1.45647
1.4658
1.47503
1.48335
1.49049
1.49607
1.50004
1.50245
1.50344
1.50313
1.50164
1.49909
1.49557
1.49115
1.48592
1.47993
1.47322
1.46585
1.45785
1.44925
1.44009
1.4304
1.4202
1.40953
1.3984
1.38685
1.3749
1.36257
1.34989
1.33687
1.32356
1.30996
1.29611
1.28203
1.26774
1.25326
1.23863
1.22386
1.20898
1.19401
1.17898
1.16391
1.14884
1.13377
1.11874
1.10378
0.0763885
0.0764334
0.0765449
0.0767234
0.0769712
0.0772907
0.0776844
0.0781545
0.0787022
0.0793283
0.0800323
0.0808129
0.081668
0.0825944
0.0835887
0.0846465
0.0857635
0.0869348
0.0881558
0.0894218
0.0907282
0.0920706
0.093445
0.0948474
0.0962744
0.0977226
0.0991892
0.100671
0.102167
0.103674
0.105189
0.106713
0.108242
0.109776
0.111314
0.112854
0.114396
0.115938
0.117481
0.119024
0.120566
0.122107
0.123646
0.125184
0.126719
0.128252
0.129783
0.131312
0.132838
0.134361
0.135882
0.1374
0.138915
0.140428
0.141938
0.143446
0.144952
0.146456
0.147957
0.149457
0.150955
0.152452
0.153948
0.155443
0.156937
0.158431
0.159925
0.161419
0.162915
0.164412
0.165911
0.167412
0.168917
0.170425
0.171939
0.173457
0.174982
0.176515
0.178056
0.179607
0.181169
0.182744
0.184333
0.185938
0.187562
0.189205
0.190871
0.192562
0.194281
0.196032
0.197817
0.199641
0.201508
0.203422
0.205389
0.207413
0.209502
0.211662
0.2139
0.216223
0.218641
0.221162
0.223796
0.226555
0.229448
0.232489
0.23569
0.239064
0.242626
0.24639
0.25037
0.254584
0.259044
0.263767
0.268767
0.27406
0.27966
0.285582
0.291837
0.29844
0.305399
0.312727
0.32043
0.328516
0.336993
0.345863
0.355131
0.3648
0.374869
0.385339
0.39621
0.407479
0.419143
0.431198
0.443641
0.456466
0.469668
0.483241
0.497177
0.51147
0.526112
0.541095
0.556411
0.572051
0.588007
0.60427
0.62083
0.637677
0.654802
0.672196
0.689849
0.70775
0.725889
0.744257
0.762844
0.781639
0.800634
0.819817
0.839181
0.858714
0.878409
0.898257
0.91825
0.938379
0.958638
0.979019
0.999518
1.02013
1.04084
1.06166
1.08258
1.10359
1.12469
1.14587
1.16712
1.18843
1.20978
1.23112
1.25241
1.27357
1.29449
1.31499
1.33487
1.3538
1.37139
1.38715
1.40058
1.41149
1.41944
1.42505
1.42977
1.43452
1.44013
1.44704
1.45517
1.46408
1.47286
1.48071
1.4874
1.49259
1.49623
1.4984
1.49921
1.49877
1.49719
1.49457
1.49099
1.48655
1.48129
1.47528
1.46856
1.46118
1.45318
1.44458
1.43543
1.42575
1.41557
1.40492
1.39381
1.38229
1.37036
1.35807
1.34542
1.33245
1.31918
1.30564
1.29184
1.27781
1.26358
1.24917
1.2346
1.2199
1.2051
1.19021
1.17527
1.16029
1.1453
1.13033
1.1154
1.10054
0.076983
0.0770261
0.0771345
0.0773084
0.0775498
0.0778611
0.0782445
0.078702
0.0792349
0.0798439
0.0805286
0.081288
0.0821199
0.0830217
0.0839899
0.0850206
0.0861096
0.0872523
0.0884443
0.089681
0.090958
0.0922711
0.0936162
0.0949895
0.0963877
0.0978074
0.0992457
0.1007
0.102168
0.103647
0.105135
0.106632
0.108134
0.109642
0.111153
0.112667
0.114182
0.115698
0.117215
0.118731
0.120247
0.121761
0.123273
0.124784
0.126292
0.127798
0.129301
0.130801
0.132299
0.133793
0.135285
0.136773
0.138258
0.139741
0.14122
0.142696
0.14417
0.14564
0.147108
0.148574
0.150037
0.151498
0.152957
0.154414
0.155869
0.157324
0.158778
0.160231
0.161684
0.163137
0.164591
0.166046
0.167503
0.168963
0.170426
0.171893
0.173365
0.174843
0.176327
0.17782
0.179323
0.180836
0.182361
0.183901
0.185456
0.18703
0.188625
0.190243
0.191887
0.19356
0.195267
0.19701
0.198794
0.200624
0.202505
0.204443
0.206444
0.208515
0.210664
0.212899
0.215229
0.217663
0.220213
0.222889
0.225703
0.22867
0.231801
0.235112
0.238617
0.242333
0.246275
0.250458
0.254899
0.259614
0.264619
0.269931
0.275563
0.28153
0.287846
0.294522
0.30157
0.308998
0.316815
0.325029
0.333643
0.342662
0.35209
0.361926
0.372173
0.382829
0.393893
0.405362
0.417232
0.429499
0.442159
0.455205
0.468632
0.482433
0.4966
0.511126
0.526002
0.54122
0.55677
0.572644
0.588831
0.605322
0.622106
0.639174
0.656514
0.674115
0.691968
0.710061
0.728384
0.746924
0.765672
0.784617
0.803747
0.823051
0.84252
0.862143
0.881909
0.90181
0.921835
0.941976
0.962223
0.98257
1.00301
1.02353
1.04413
1.0648
1.08554
1.10633
1.12717
1.14805
1.16896
1.18988
1.21078
1.23162
1.25235
1.27288
1.29312
1.3129
1.33202
1.35021
1.36713
1.38235
1.39546
1.40626
1.41441
1.42047
1.42579
1.43104
1.43688
1.44365
1.45136
1.4597
1.46784
1.47509
1.4812
1.48593
1.48926
1.49124
1.49196
1.49149
1.48993
1.48737
1.48388
1.47952
1.47436
1.46844
1.46182
1.45454
1.44663
1.43813
1.42907
1.41947
1.40938
1.39881
1.38779
1.37635
1.36451
1.35229
1.33973
1.32685
1.31366
1.3002
1.28649
1.27256
1.25842
1.24411
1.22964
1.21504
1.20034
1.18556
1.17072
1.15585
1.14098
1.12613
1.11132
1.09658
0.0776077
0.0776488
0.0777537
0.0779224
0.0781569
0.0784591
0.0788313
0.0792752
0.0797922
0.0803828
0.0810469
0.0817835
0.0825907
0.0834661
0.0844064
0.085408
0.0864669
0.0875789
0.0887396
0.0899448
0.0911901
0.0924714
0.0937849
0.0951268
0.0964938
0.0978825
0.0992901
0.100714
0.102152
0.103601
0.10506
0.106527
0.108001
0.109479
0.110962
0.112447
0.113934
0.115422
0.11691
0.118398
0.119885
0.121371
0.122855
0.124336
0.125816
0.127292
0.128766
0.130237
0.131704
0.133168
0.134629
0.136086
0.13754
0.13899
0.140437
0.14188
0.14332
0.144756
0.14619
0.14762
0.149046
0.15047
0.151891
0.15331
0.154726
0.15614
0.157552
0.158963
0.160373
0.161781
0.163189
0.164598
0.166007
0.167417
0.168829
0.170244
0.171662
0.173084
0.174512
0.175946
0.177387
0.178838
0.1803
0.181773
0.183261
0.184765
0.186288
0.187832
0.1894
0.190996
0.192622
0.194284
0.195985
0.19773
0.199525
0.201375
0.203288
0.20527
0.20733
0.209476
0.211717
0.214064
0.216529
0.219123
0.221859
0.224751
0.227813
0.231062
0.234512
0.238181
0.242085
0.24624
0.250665
0.255376
0.26039
0.265723
0.271391
0.277408
0.283786
0.290539
0.297675
0.305205
0.313136
0.321474
0.330224
0.339389
0.348971
0.358972
0.369391
0.380228
0.391479
0.403143
0.415214
0.427689
0.440563
0.453828
0.467478
0.481507
0.495905
0.510664
0.525776
0.541231
0.557019
0.573129
0.589551
0.606275
0.623288
0.64058
0.658139
0.675953
0.694011
0.7123
0.730808
0.749523
0.768434
0.787527
0.806791
0.826214
0.845785
0.865491
0.88532
0.905263
0.925307
0.945442
0.965657
0.985943
1.00629
1.02669
1.04713
1.0676
1.0881
1.10861
1.12911
1.1496
1.17006
1.19046
1.21077
1.23095
1.25092
1.27063
1.28994
1.30873
1.32681
1.34394
1.35985
1.37421
1.38669
1.39715
1.40551
1.4122
1.41826
1.42415
1.43028
1.43693
1.44415
1.45179
1.45917
1.46584
1.47145
1.47583
1.47897
1.4809
1.48166
1.48132
1.47993
1.47756
1.47427
1.47012
1.46518
1.45947
1.45305
1.44596
1.43824
1.42991
1.42102
1.41158
1.40164
1.39122
1.38035
1.36905
1.35734
1.34526
1.33283
1.32008
1.30702
1.29369
1.2801
1.2663
1.25228
1.2381
1.22376
1.20929
1.19472
1.18007
1.16536
1.15063
1.1359
1.12118
1.10651
1.09191
0.0782729
0.0783117
0.0784127
0.0785758
0.0788026
0.0790951
0.0794551
0.0798844
0.0803843
0.0809554
0.0815976
0.0823099
0.0830909
0.0839381
0.0848487
0.0858193
0.0868462
0.0879253
0.0890526
0.0902239
0.0914352
0.0926824
0.0939619
0.0952699
0.0966032
0.0979585
0.099333
0.100724
0.102129
0.103547
0.104974
0.10641
0.107852
0.109299
0.110751
0.112205
0.113662
0.115119
0.116577
0.118035
0.119492
0.120947
0.1224
0.123851
0.1253
0.126746
0.128188
0.129628
0.131063
0.132496
0.133924
0.135349
0.13677
0.138187
0.139599
0.141008
0.142413
0.143814
0.145211
0.146604
0.147994
0.14938
0.150762
0.152141
0.153517
0.15489
0.15626
0.157627
0.158992
0.160356
0.161717
0.163078
0.164438
0.165798
0.167159
0.168521
0.169885
0.171251
0.172621
0.173996
0.175377
0.176765
0.178162
0.17957
0.180989
0.182423
0.183874
0.185344
0.186837
0.188354
0.189901
0.191481
0.193098
0.194758
0.196467
0.19823
0.200054
0.201947
0.203917
0.205974
0.208127
0.210387
0.212767
0.215279
0.217937
0.220756
0.223751
0.226939
0.230336
0.23396
0.237828
0.241959
0.24637
0.251081
0.256107
0.261465
0.26717
0.273238
0.27968
0.286508
0.293733
0.301362
0.309403
0.317862
0.326742
0.336047
0.345779
0.355937
0.366522
0.377533
0.388966
0.40082
0.413089
0.425769
0.438855
0.452338
0.466213
0.480471
0.495104
0.510102
0.525454
0.541152
0.557183
0.573537
0.590201
0.607164
0.624414
0.641937
0.659721
0.677753
0.696021
0.71451
0.733207
0.752099
0.771173
0.790415
0.809812
0.829351
0.849017
0.868799
0.888682
0.908654
0.928702
0.948813
0.968974
0.989174
1.0094
1.02964
1.04988
1.0701
1.0903
1.11046
1.13056
1.15058
1.17049
1.19027
1.20987
1.22924
1.24832
1.26702
1.28524
1.30283
1.31963
1.33544
1.35002
1.36314
1.37458
1.38424
1.3924
1.3994
1.40588
1.41217
1.41853
1.42515
1.43208
1.43923
1.44614
1.45249
1.45788
1.46219
1.46539
1.46746
1.46845
1.46838
1.46729
1.46524
1.46229
1.45847
1.45384
1.44844
1.44232
1.43551
1.42806
1.41999
1.41134
1.40214
1.39242
1.38221
1.37153
1.36043
1.34891
1.33701
1.32476
1.31217
1.29928
1.28612
1.2727
1.25905
1.24519
1.23116
1.21698
1.20267
1.18826
1.17377
1.15922
1.14465
1.13007
1.11552
1.10101
1.08657
0.0789891
0.0790255
0.0791223
0.0792793
0.0794978
0.0797798
0.0801268
0.0805406
0.0810224
0.0815728
0.0821917
0.0828785
0.0836316
0.0844491
0.0853282
0.086266
0.0872588
0.0883029
0.0893946
0.0905298
0.0917047
0.0929155
0.0941585
0.0954302
0.0967273
0.0980467
0.0993857
0.100742
0.102112
0.103495
0.104888
0.106289
0.107698
0.109112
0.110531
0.111952
0.113376
0.114801
0.116226
0.117652
0.119076
0.120499
0.12192
0.123339
0.124755
0.126168
0.127578
0.128984
0.130387
0.131786
0.13318
0.134571
0.135957
0.137339
0.138717
0.14009
0.141459
0.142823
0.144183
0.145539
0.14689
0.148237
0.149579
0.150918
0.152252
0.153583
0.15491
0.156233
0.157554
0.158871
0.160186
0.161499
0.162809
0.164119
0.165428
0.166736
0.168045
0.169356
0.170668
0.171984
0.173304
0.17463
0.175962
0.177304
0.178655
0.180019
0.181398
0.182794
0.184211
0.185651
0.187118
0.188616
0.190151
0.191726
0.193348
0.195024
0.19676
0.198564
0.200445
0.202413
0.204479
0.206653
0.208949
0.211381
0.213962
0.216709
0.219639
0.222767
0.226113
0.229694
0.23353
0.237639
0.242041
0.246753
0.251793
0.257177
0.262922
0.26904
0.275545
0.282447
0.289756
0.297481
0.305626
0.314199
0.323202
0.332639
0.342511
0.35282
0.363564
0.374743
0.386354
0.398395
0.41086
0.423746
0.437045
0.45075
0.464855
0.479349
0.494223
0.509466
0.525069
0.541018
0.557303
0.573909
0.590825
0.608037
0.625531
0.643294
0.66131
0.679567
0.698049
0.716742
0.735632
0.754703
0.77394
0.79333
0.812856
0.832505
0.852261
0.872108
0.892033
0.91202
0.932055
0.952121
0.972205
0.992291
1.01236
1.03241
1.0524
1.07234
1.09219
1.11194
1.13156
1.15104
1.17033
1.18939
1.20819
1.22667
1.24474
1.26234
1.27934
1.29561
1.31102
1.32538
1.33851
1.35025
1.36048
1.36921
1.37672
1.38342
1.38975
1.39599
1.40233
1.40888
1.41568
1.42261
1.42935
1.43558
1.44099
1.44544
1.44888
1.45126
1.45261
1.45293
1.45227
1.45065
1.44812
1.44472
1.4405
1.4355
1.42975
1.4233
1.41619
1.40845
1.40011
1.3912
1.38176
1.37182
1.3614
1.35053
1.33925
1.32758
1.31554
1.30317
1.29049
1.27752
1.2643
1.25085
1.23719
1.22334
1.20935
1.19522
1.18099
1.16669
1.15232
1.13793
1.12354
1.10916
1.09483
1.08057
0.0797674
0.0798012
0.0798935
0.080044
0.0802537
0.0805244
0.0808578
0.0812552
0.0817179
0.0822464
0.0828409
0.0835007
0.0842247
0.0850108
0.0858568
0.0867599
0.0877167
0.0887239
0.0897778
0.0908747
0.0920109
0.0931828
0.0943869
0.0956198
0.0968782
0.0981593
0.0994601
0.100778
0.102111
0.103457
0.104813
0.106178
0.107551
0.108929
0.110313
0.111699
0.113088
0.114478
0.115869
0.11726
0.11865
0.120038
0.121425
0.12281
0.124191
0.12557
0.126945
0.128317
0.129685
0.131049
0.132408
0.133763
0.135114
0.13646
0.137801
0.139137
0.140468
0.141795
0.143116
0.144433
0.145745
0.147051
0.148353
0.14965
0.150943
0.15223
0.153514
0.154793
0.156067
0.157338
0.158606
0.15987
0.161131
0.16239
0.163647
0.164902
0.166156
0.167411
0.168666
0.169922
0.171181
0.172445
0.173713
0.174989
0.176273
0.177567
0.178874
0.180197
0.181539
0.182901
0.184289
0.185707
0.187159
0.18865
0.190187
0.191776
0.193425
0.195141
0.196934
0.198815
0.200794
0.202884
0.205097
0.20745
0.209957
0.212634
0.2155
0.218571
0.221868
0.22541
0.229216
0.233306
0.2377
0.242416
0.247472
0.252883
0.258666
0.264833
0.271397
0.278368
0.285755
0.293566
0.301808
0.310485
0.319602
0.329162
0.339167
0.349618
0.360516
0.37186
0.383647
0.395875
0.408539
0.421634
0.435153
0.449089
0.463432
0.478172
0.493299
0.508801
0.524665
0.540879
0.557428
0.5743
0.591478
0.608949
0.626697
0.644707
0.662964
0.68145
0.700152
0.719053
0.738136
0.757385
0.776785
0.796318
0.815968
0.835719
0.855554
0.875456
0.895409
0.915394
0.935396
0.955395
0.975376
0.995319
1.01521
1.03502
1.05473
1.07433
1.09379
1.11308
1.13217
1.15104
1.16965
1.18794
1.20588
1.22339
1.2404
1.25683
1.27258
1.28751
1.30152
1.31445
1.32618
1.33662
1.34572
1.35358
1.36043
1.36665
1.37258
1.37846
1.38448
1.39073
1.3972
1.40379
1.41025
1.41632
1.42175
1.42637
1.43008
1.43282
1.43458
1.43536
1.43518
1.43405
1.43201
1.42909
1.42534
1.4208
1.41549
1.40947
1.40276
1.3954
1.38742
1.37886
1.36975
1.36013
1.35001
1.33944
1.32843
1.31703
1.30525
1.29313
1.28069
1.26796
1.25497
1.24174
1.2283
1.21467
1.20089
1.18698
1.17296
1.15886
1.1447
1.13052
1.11633
1.10215
1.08802
1.07396
0.080619
0.08065
0.0807376
0.0808811
0.0810815
0.0813404
0.0816593
0.0820396
0.0824823
0.082988
0.083557
0.0841887
0.0848821
0.0856355
0.0864468
0.0873134
0.0882325
0.0892007
0.0902148
0.0912712
0.0923664
0.0934971
0.0946599
0.0958514
0.0970687
0.0983088
0.099569
0.100847
0.10214
0.103446
0.104763
0.106089
0.107423
0.108764
0.110109
0.111458
0.112809
0.114163
0.115517
0.116871
0.118224
0.119577
0.120927
0.122275
0.123621
0.124963
0.126302
0.127638
0.128969
0.130296
0.131619
0.132937
0.13425
0.135558
0.136861
0.138159
0.139452
0.14074
0.142022
0.143298
0.14457
0.145835
0.147095
0.14835
0.1496
0.150844
0.152083
0.153317
0.154545
0.15577
0.156989
0.158204
0.159416
0.160624
0.161828
0.16303
0.16423
0.165428
0.166625
0.167823
0.169022
0.170223
0.171428
0.172638
0.173855
0.175081
0.176317
0.177568
0.178834
0.180121
0.181431
0.182769
0.184139
0.185548
0.187
0.188504
0.190066
0.191696
0.193403
0.195198
0.197092
0.199099
0.201232
0.203508
0.205942
0.208552
0.211356
0.214373
0.217624
0.22113
0.224909
0.228983
0.233371
0.238092
0.243163
0.2486
0.254418
0.260629
0.267246
0.274278
0.281735
0.289623
0.29795
0.306721
0.315942
0.325616
0.335746
0.346335
0.357384
0.368891
0.380857
0.393277
0.406147
0.419461
0.433212
0.44739
0.461986
0.476987
0.492382
0.508157
0.524298
0.540791
0.557619
0.574768
0.592221
0.609961
0.627973
0.646238
0.66474
0.683462
0.702385
0.721494
0.74077
0.760195
0.779752
0.799423
0.819189
0.839032
0.858934
0.878876
0.898839
0.918803
0.93875
0.958659
0.978509
0.99828
1.01795
1.03749
1.05689
1.07611
1.09513
1.11392
1.13244
1.15066
1.16854
1.18602
1.20305
1.21957
1.2355
1.25076
1.26526
1.27889
1.29155
1.30315
1.3136
1.32286
1.33095
1.33799
1.34419
1.34985
1.35525
1.36062
1.36612
1.37184
1.37779
1.38388
1.38992
1.39572
1.40105
1.40573
1.40965
1.41271
1.41487
1.4161
1.4164
1.41577
1.41425
1.41185
1.40861
1.40456
1.39973
1.39417
1.3879
1.38097
1.3734
1.36523
1.3565
1.34723
1.33746
1.32721
1.31652
1.30542
1.29394
1.2821
1.26994
1.25747
1.24474
1.23177
1.21858
1.2052
1.19166
1.17798
1.1642
1.15033
1.1364
1.12244
1.10848
1.09452
1.08061
1.06676
0.0815546
0.0815828
0.0816654
0.0818015
0.0819923
0.0822389
0.0825428
0.0829052
0.0833271
0.0838092
0.0843517
0.0849543
0.0856159
0.0863353
0.0871104
0.0879391
0.0888186
0.0897461
0.0907183
0.0917321
0.0927843
0.0938714
0.0949905
0.0961383
0.097312
0.0985086
0.0997255
0.10096
0.102211
0.103475
0.10475
0.106035
0.107328
0.108628
0.109933
0.111242
0.112554
0.113868
0.115183
0.116498
0.117813
0.119126
0.120439
0.121749
0.123056
0.12436
0.125661
0.126958
0.128251
0.12954
0.130824
0.132103
0.133378
0.134647
0.135911
0.137169
0.138422
0.139669
0.140911
0.142146
0.143376
0.1446
0.145818
0.147029
0.148235
0.149435
0.150629
0.151817
0.152999
0.154176
0.155348
0.156514
0.157675
0.158832
0.159984
0.161133
0.162278
0.16342
0.164561
0.1657
0.166839
0.167979
0.169121
0.170266
0.171417
0.172574
0.173741
0.17492
0.176114
0.177325
0.178558
0.179818
0.181108
0.182435
0.183805
0.185225
0.186703
0.188248
0.18987
0.191581
0.193393
0.195319
0.197374
0.199576
0.20194
0.204485
0.20723
0.210197
0.213405
0.216877
0.220632
0.224692
0.229075
0.2338
0.238884
0.244343
0.250191
0.25644
0.2631
0.270183
0.277698
0.285651
0.294052
0.302906
0.312221
0.322002
0.332253
0.342978
0.354178
0.365855
0.378007
0.39063
0.403719
0.417267
0.431265
0.445704
0.46057
0.475851
0.491532
0.507597
0.524032
0.540819
0.557941
0.575379
0.593118
0.611137
0.629419
0.647945
0.666696
0.685655
0.704801
0.724116
0.743581
0.763177
0.782884
0.802682
0.822552
0.842474
0.862427
0.882392
0.902345
0.922268
0.942136
0.961928
0.981621
1.00119
1.02061
1.03986
1.0589
1.07771
1.09626
1.11451
1.13242
1.14996
1.16707
1.18372
1.19983
1.21535
1.2302
1.24432
1.25762
1.27001
1.28143
1.2918
1.30108
1.30928
1.31644
1.3227
1.32824
1.33329
1.33809
1.34284
1.3477
1.35277
1.35807
1.36354
1.36906
1.37446
1.37956
1.38419
1.3882
1.39148
1.39395
1.39557
1.39631
1.39617
1.39515
1.39326
1.39053
1.38699
1.38266
1.37759
1.37179
1.36531
1.35818
1.35044
1.34211
1.33323
1.32383
1.31394
1.3036
1.29284
1.28168
1.27015
1.25829
1.24613
1.23369
1.22099
1.20808
1.19497
1.1817
1.16828
1.15475
1.14114
1.12746
1.11375
1.10003
1.08632
1.07264
1.05902
0.0825843
0.0826095
0.082687
0.0828156
0.0829963
0.0832302
0.0835186
0.0838626
0.0842632
0.0847211
0.0852363
0.0858088
0.0864377
0.0871219
0.0878597
0.088649
0.0894875
0.0903725
0.0913011
0.0922704
0.0932773
0.0943188
0.0953919
0.0964937
0.0976212
0.0987719
0.099943
0.101132
0.102338
0.103557
0.104788
0.106029
0.107278
0.108535
0.109797
0.111063
0.112333
0.113606
0.114879
0.116153
0.117427
0.1187
0.119972
0.121241
0.122509
0.123773
0.125033
0.126291
0.127543
0.128792
0.130036
0.131275
0.132509
0.133738
0.134961
0.136179
0.13739
0.138596
0.139796
0.140989
0.142176
0.143357
0.144531
0.145699
0.146861
0.148015
0.149164
0.150306
0.151441
0.15257
0.153693
0.15481
0.155921
0.157027
0.158127
0.159223
0.160314
0.161401
0.162484
0.163566
0.164645
0.165725
0.166804
0.167886
0.168971
0.170062
0.17116
0.172269
0.173391
0.174529
0.175687
0.176869
0.178082
0.179329
0.180618
0.181956
0.183352
0.184815
0.186355
0.187984
0.189715
0.191563
0.193544
0.195673
0.19797
0.200454
0.203144
0.206063
0.209232
0.212672
0.216405
0.220451
0.224829
0.229556
0.23465
0.240126
0.245995
0.252271
0.258965
0.266086
0.273644
0.28165
0.290113
0.299041
0.308442
0.318326
0.328698
0.339562
0.350922
0.362779
0.37513
0.387973
0.401299
0.415102
0.429369
0.444089
0.459246
0.474827
0.490813
0.507188
0.523933
0.541029
0.558456
0.576196
0.594229
0.612534
0.631091
0.649881
0.668883
0.688077
0.707443
0.72696
0.746607
0.766364
0.78621
0.806124
0.826083
0.846068
0.866055
0.886022
0.905945
0.925802
0.945568
0.965217
0.984725
1.00406
1.02321
1.04212
1.06078
1.07915
1.09719
1.11488
1.13216
1.14899
1.16533
1.18112
1.19632
1.21085
1.22465
1.23767
1.24982
1.26106
1.27132
1.28056
1.28879
1.29601
1.30231
1.3078
1.31265
1.31704
1.32119
1.32528
1.32944
1.3338
1.33838
1.34318
1.34811
1.35302
1.35778
1.36222
1.36619
1.36957
1.37225
1.37418
1.37529
1.37557
1.37501
1.3736
1.37137
1.36832
1.3645
1.35991
1.3546
1.34858
1.34191
1.33461
1.3267
1.31824
1.30924
1.29974
1.28977
1.27936
1.26855
1.25737
1.24584
1.23399
1.22186
1.20948
1.19686
1.18405
1.17106
1.15793
1.14468
1.13134
1.11794
1.10449
1.09103
1.07757
1.06415
1.05078
0.0837168
0.0837391
0.0838113
0.0839323
0.0841027
0.0843237
0.0845963
0.0849215
0.0853004
0.0857334
0.0862209
0.0867627
0.0873581
0.0880063
0.0887057
0.0894545
0.0902506
0.0910917
0.0919751
0.0928982
0.093858
0.0948519
0.0958769
0.0969304
0.0980095
0.0991118
0.100235
0.101376
0.102534
0.103705
0.104889
0.106084
0.107287
0.108498
0.109715
0.110937
0.112162
0.11339
0.11462
0.11585
0.117081
0.118311
0.11954
0.120767
0.121992
0.123214
0.124433
0.125648
0.126859
0.128066
0.129268
0.130465
0.131657
0.132844
0.134025
0.1352
0.136369
0.137532
0.138688
0.139839
0.140982
0.142119
0.143249
0.144372
0.145489
0.146598
0.1477
0.148795
0.149883
0.150964
0.152039
0.153106
0.154167
0.155222
0.15627
0.157312
0.158349
0.159382
0.160409
0.161433
0.162454
0.163474
0.164492
0.165511
0.166533
0.167558
0.168589
0.169629
0.17068
0.171747
0.172831
0.173939
0.175075
0.176245
0.177456
0.178715
0.18003
0.181413
0.182873
0.184424
0.186078
0.187851
0.18976
0.191821
0.194054
0.196479
0.199118
0.201993
0.205125
0.208536
0.212247
0.216279
0.220649
0.225376
0.230474
0.235957
0.241838
0.248129
0.254841
0.261986
0.269576
0.277621
0.286135
0.29513
0.304615
0.314603
0.3251
0.336114
0.347648
0.359701
0.372273
0.385357
0.398944
0.413025
0.427585
0.44261
0.458082
0.473983
0.490294
0.506995
0.524065
0.541482
0.559227
0.577276
0.595609
0.614203
0.633038
0.652091
0.671341
0.690766
0.710345
0.730054
0.749874
0.76978
0.789752
0.809765
0.829798
0.849827
0.869827
0.889775
0.909646
0.929413
0.94905
0.968531
0.987827
1.00691
1.02574
1.0443
1.06255
1.08045
1.09797
1.11506
1.13169
1.14781
1.16337
1.17832
1.1926
1.20617
1.21896
1.23093
1.242
1.25215
1.26134
1.26955
1.27679
1.28311
1.28857
1.2933
1.29744
1.30116
1.30463
1.30801
1.31146
1.31508
1.31894
1.32303
1.32732
1.33169
1.33602
1.34017
1.34399
1.34735
1.35014
1.35226
1.35366
1.35429
1.35412
1.35315
1.35137
1.34879
1.34544
1.34133
1.33649
1.33095
1.32474
1.31788
1.31042
1.30238
1.29379
1.28469
1.27512
1.26509
1.25465
1.24383
1.23265
1.22115
1.20935
1.19729
1.185
1.1725
1.15982
1.14699
1.13404
1.12099
1.10788
1.09471
1.08153
1.06835
1.0552
1.04209
0.0849592
0.0849785
0.0850454
0.0851586
0.0853187
0.0855266
0.0857832
0.0860896
0.0864465
0.0868545
0.0873139
0.0878246
0.0883861
0.0889977
0.089658
0.0903655
0.0911183
0.0919143
0.0927513
0.0936266
0.0945378
0.0954823
0.0964574
0.0974605
0.0984892
0.099541
0.100614
0.101705
0.102812
0.103934
0.105069
0.106214
0.107369
0.108531
0.1097
0.110875
0.112053
0.113234
0.114418
0.115603
0.116788
0.117973
0.119157
0.120339
0.12152
0.122697
0.123872
0.125043
0.12621
0.127373
0.128532
0.129685
0.130834
0.131977
0.133114
0.134245
0.135371
0.13649
0.137602
0.138708
0.139807
0.140899
0.141984
0.143061
0.144132
0.145194
0.14625
0.147298
0.148338
0.149371
0.150396
0.151414
0.152425
0.153429
0.154425
0.155415
0.156398
0.157376
0.158348
0.159316
0.160279
0.16124
0.162198
0.163156
0.164114
0.165076
0.166041
0.167014
0.167997
0.168994
0.170007
0.171042
0.172104
0.173199
0.174334
0.175516
0.176755
0.17806
0.179444
0.180919
0.182499
0.184201
0.18604
0.188036
0.190209
0.19258
0.195171
0.198004
0.201102
0.204485
0.208175
0.212191
0.216551
0.22127
0.226363
0.231843
0.237723
0.244015
0.250731
0.257886
0.265493
0.273568
0.282126
0.291184
0.300756
0.310855
0.321491
0.332671
0.344398
0.356672
0.369489
0.382841
0.396716
0.411101
0.42598
0.441333
0.457141
0.473383
0.490036
0.507077
0.524484
0.542234
0.560301
0.578665
0.5973
0.616184
0.635294
0.654606
0.674098
0.693746
0.713527
0.733418
0.753396
0.773438
0.793518
0.813615
0.833701
0.853754
0.873747
0.893653
0.913447
0.933101
0.952586
0.971872
0.99093
1.00973
1.02823
1.04641
1.06422
1.08163
1.09861
1.1151
1.13106
1.14646
1.16124
1.17536
1.18876
1.20139
1.21321
1.22417
1.23424
1.24337
1.25156
1.2588
1.26512
1.27057
1.27523
1.2792
1.28262
1.28564
1.28842
1.2911
1.29383
1.29672
1.29985
1.30324
1.30688
1.31067
1.31452
1.3183
1.32187
1.32511
1.32789
1.33011
1.3317
1.33259
1.33275
1.33214
1.33076
1.32862
1.32571
1.32205
1.31767
1.31258
1.30682
1.30041
1.29339
1.28578
1.27761
1.26893
1.25976
1.25013
1.24007
1.22962
1.21881
1.20767
1.19622
1.18451
1.17255
1.16039
1.14803
1.13553
1.12289
1.11015
1.09734
1.08448
1.07159
1.0587
1.04583
1.033
0.0863157
0.0863321
0.0863938
0.0864992
0.086649
0.0868438
0.0870846
0.0873721
0.0877071
0.08809
0.0885213
0.0890009
0.0895284
0.0901031
0.090724
0.0913897
0.0920986
0.0928489
0.0936384
0.094465
0.0953263
0.0962199
0.0971436
0.0980947
0.0990711
0.10007
0.101091
0.102129
0.103184
0.104254
0.105337
0.106431
0.107535
0.108647
0.109766
0.11089
0.112019
0.113152
0.114287
0.115423
0.116561
0.117698
0.118835
0.11997
0.121104
0.122236
0.123364
0.124489
0.125611
0.126728
0.127841
0.12895
0.130053
0.13115
0.132242
0.133329
0.134409
0.135482
0.136549
0.137609
0.138662
0.139708
0.140747
0.141778
0.142802
0.143818
0.144826
0.145826
0.146819
0.147803
0.148779
0.149747
0.150708
0.15166
0.152605
0.153543
0.154473
0.155397
0.156315
0.157226
0.158133
0.159036
0.159935
0.160833
0.16173
0.162629
0.163531
0.164439
0.165355
0.166284
0.167228
0.168193
0.169184
0.170206
0.171268
0.172376
0.173541
0.174773
0.176083
0.177486
0.178996
0.180629
0.182403
0.184338
0.186455
0.188775
0.191321
0.194115
0.197179
0.200536
0.204203
0.208201
0.212544
0.217248
0.222326
0.227791
0.233655
0.239932
0.246637
0.253787
0.2614
0.269497
0.278098
0.287223
0.29689
0.307115
0.317908
0.329277
0.341224
0.353747
0.366839
0.380488
0.39468
0.409396
0.424618
0.440322
0.456486
0.473084
0.490093
0.507486
0.525238
0.543324
0.561718
0.580396
0.599332
0.618502
0.63788
0.657443
0.677167
0.697026
0.716997
0.737056
0.757177
0.777336
0.797508
0.817668
0.837788
0.857843
0.877807
0.89765
0.917344
0.93686
0.956168
0.975237
0.994033
1.01252
1.03068
1.04845
1.06581
1.08272
1.09913
1.11501
1.13031
1.14499
1.159
1.1723
1.18484
1.19657
1.20747
1.21748
1.22658
1.23476
1.24201
1.24834
1.25378
1.2584
1.26227
1.2655
1.2682
1.27052
1.2726
1.27458
1.27661
1.27879
1.28121
1.28391
1.28689
1.29009
1.29342
1.29677
1.30003
1.30306
1.30575
1.30797
1.30966
1.31072
1.31112
1.31081
1.30978
1.308
1.30549
1.30225
1.2983
1.29364
1.28832
1.28235
1.27576
1.26858
1.26084
1.25257
1.2438
1.23458
1.22491
1.21485
1.20442
1.19365
1.18257
1.17122
1.15961
1.14779
1.13578
1.12361
1.1113
1.09889
1.0864
1.07385
1.06127
1.04869
1.03611
1.02357
0.0877879
0.0878015
0.087858
0.0879559
0.0880955
0.0882774
0.0885025
0.0887714
0.0890847
0.089443
0.0898465
0.0902952
0.0907889
0.0913269
0.0919085
0.0925323
0.0931972
0.0939013
0.094643
0.0954201
0.0962307
0.0970726
0.0979436
0.0988416
0.0997642
0.10071
0.101675
0.10266
0.103661
0.104677
0.105706
0.106746
0.107797
0.108856
0.109922
0.110995
0.112072
0.113153
0.114238
0.115324
0.116411
0.117499
0.118586
0.119673
0.120758
0.121841
0.122922
0.123999
0.125073
0.126143
0.127209
0.12827
0.129326
0.130377
0.131422
0.132462
0.133495
0.134522
0.135542
0.136556
0.137562
0.138561
0.139553
0.140537
0.141513
0.142481
0.143441
0.144393
0.145337
0.146272
0.147199
0.148118
0.149028
0.14993
0.150824
0.151709
0.152587
0.153458
0.154321
0.155178
0.156029
0.156875
0.157717
0.158556
0.159393
0.160231
0.161071
0.161916
0.162768
0.163631
0.164509
0.165406
0.166328
0.167281
0.168273
0.16931
0.170405
0.171566
0.172806
0.174141
0.175584
0.177152
0.178865
0.180743
0.182807
0.18508
0.187583
0.190341
0.193374
0.196702
0.200345
0.204319
0.208639
0.213318
0.218369
0.223803
0.229636
0.235882
0.242561
0.249694
0.257306
0.265423
0.27407
0.283272
0.293051
0.303422
0.314399
0.325986
0.338185
0.350988
0.364385
0.378361
0.392896
0.40797
0.423556
0.43963
0.456165
0.473133
0.490506
0.508257
0.526358
0.544781
0.5635
0.582488
0.601718
0.621165
0.640803
0.660606
0.680548
0.700605
0.720751
0.74096
0.761207
0.781465
0.801709
0.821911
0.842045
0.862082
0.881994
0.901751
0.921323
0.94068
0.95979
0.978619
0.997134
1.0153
1.03308
1.05043
1.06733
1.08372
1.09957
1.11484
1.12948
1.14344
1.1567
1.1692
1.1809
1.19177
1.20178
1.21088
1.21908
1.22635
1.23271
1.23818
1.24279
1.24661
1.24971
1.2522
1.25419
1.25582
1.25721
1.25851
1.25985
1.26134
1.26308
1.26511
1.26744
1.27004
1.27284
1.27573
1.27862
1.28137
1.28388
1.28603
1.28772
1.28888
1.28944
1.28936
1.2886
1.28714
1.28498
1.28211
1.27855
1.2743
1.26939
1.26384
1.25767
1.2509
1.24358
1.23573
1.22737
1.21855
1.20929
1.19962
1.18958
1.17919
1.16849
1.1575
1.14626
1.1348
1.12314
1.11132
1.09936
1.08728
1.07512
1.0629
1.05064
1.03837
1.02611
1.01387
0.0893739
0.0893849
0.0894364
0.0895269
0.0896566
0.089826
0.0900358
0.0902865
0.0905788
0.0909129
0.0912892
0.0917076
0.0921681
0.09267
0.0932127
0.0937951
0.0944162
0.0950744
0.0957681
0.0964957
0.0972553
0.098045
0.0988628
0.0997067
0.100575
0.101465
0.102375
0.103304
0.104249
0.10521
0.106183
0.107168
0.108164
0.109168
0.11018
0.111199
0.112222
0.11325
0.114282
0.115315
0.116351
0.117387
0.118423
0.119459
0.120493
0.121526
0.122556
0.123584
0.124609
0.125629
0.126646
0.127659
0.128666
0.129669
0.130666
0.131657
0.132642
0.133621
0.134593
0.135559
0.136517
0.137469
0.138412
0.139348
0.140276
0.141196
0.142108
0.143011
0.143906
0.144792
0.145669
0.146538
0.147398
0.148249
0.149092
0.149926
0.150752
0.15157
0.15238
0.153183
0.153979
0.15477
0.155555
0.156337
0.157117
0.157896
0.158676
0.15946
0.16025
0.16105
0.161863
0.162696
0.163552
0.164438
0.165363
0.166333
0.16736
0.168454
0.169629
0.170898
0.172278
0.173786
0.175441
0.177266
0.179281
0.181509
0.183974
0.186696
0.189697
0.192997
0.196611
0.200556
0.204843
0.209485
0.214494
0.219883
0.225667
0.231868
0.238508
0.245617
0.253226
0.261366
0.27007
0.279367
0.289279
0.299826
0.311017
0.322855
0.335337
0.348453
0.362187
0.376517
0.391421
0.406872
0.422841
0.439299
0.456216
0.47356
0.491302
0.509412
0.52786
0.546616
0.565654
0.584944
0.604459
0.624172
0.644055
0.664084
0.68423
0.704468
0.724771
0.745113
0.765466
0.785805
0.8061
0.826326
0.846452
0.866449
0.886289
0.905939
0.925369
0.944547
0.963439
0.98201
1.00023
1.01805
1.03544
1.05237
1.06879
1.08466
1.09994
1.1146
1.12858
1.14185
1.15437
1.16609
1.17699
1.18703
1.19619
1.20443
1.21177
1.21818
1.2237
1.22834
1.23215
1.2352
1.23756
1.23932
1.24061
1.24155
1.24227
1.24291
1.24359
1.24442
1.2455
1.24689
1.2486
1.25061
1.25286
1.25527
1.25775
1.26018
1.26245
1.26445
1.26608
1.26725
1.2679
1.26798
1.26742
1.26622
1.26436
1.26181
1.2586
1.25472
1.25019
1.24503
1.23926
1.2329
1.22599
1.21854
1.21059
1.20217
1.19331
1.18404
1.17438
1.16438
1.15406
1.14346
1.13259
1.1215
1.1102
1.09874
1.08713
1.0754
1.06359
1.0517
1.03978
1.02783
1.01589
1.00397
0.0910683
0.0910768
0.0911236
0.091207
0.0913271
0.0914845
0.0916796
0.0919128
0.0921847
0.0924955
0.0928454
0.0932346
0.0936627
0.0941294
0.0946342
0.0951761
0.0957541
0.096367
0.0970135
0.0976919
0.0984008
0.0991383
0.0999028
0.100692
0.101505
0.10234
0.103194
0.104066
0.104955
0.105858
0.106775
0.107704
0.108643
0.109591
0.110547
0.11151
0.112478
0.113451
0.114427
0.115407
0.116388
0.117371
0.118354
0.119337
0.120319
0.1213
0.122278
0.123255
0.124228
0.125198
0.126164
0.127126
0.128084
0.129037
0.129984
0.130926
0.131862
0.132791
0.133714
0.134631
0.13554
0.136443
0.137337
0.138224
0.139104
0.139975
0.140837
0.141691
0.142537
0.143374
0.144201
0.14502
0.14583
0.146631
0.147423
0.148206
0.14898
0.149746
0.150504
0.151254
0.151997
0.152733
0.153464
0.15419
0.154913
0.155635
0.156357
0.157082
0.157812
0.158552
0.159304
0.160074
0.160867
0.16169
0.162551
0.163457
0.16442
0.165451
0.166563
0.167772
0.169092
0.170544
0.172146
0.173921
0.175891
0.178078
0.180505
0.183193
0.186162
0.189429
0.19301
0.196918
0.201162
0.205754
0.210706
0.216032
0.221754
0.227895
0.234489
0.24157
0.249178
0.257353
0.266132
0.275547
0.285623
0.296376
0.307816
0.31994
0.332739
0.346198
0.360296
0.375005
0.390298
0.406143
0.422507
0.439357
0.456659
0.474382
0.492491
0.510956
0.529745
0.548827
0.568172
0.587753
0.607539
0.627503
0.647618
0.667855
0.688188
0.708589
0.729031
0.749487
0.769928
0.790327
0.810655
0.830883
0.850982
0.87092
0.890668
0.910193
0.929462
0.948443
0.9671
0.985397
1.0033
1.02077
1.03777
1.05426
1.07019
1.08554
1.10026
1.11431
1.12765
1.14024
1.15204
1.16302
1.17314
1.18239
1.19073
1.19816
1.20467
1.21028
1.21499
1.21884
1.22189
1.22419
1.22583
1.2269
1.22751
1.22779
1.22786
1.22785
1.2279
1.2281
1.22855
1.22932
1.23042
1.23185
1.23356
1.23547
1.23752
1.23958
1.24157
1.24336
1.24486
1.24599
1.24666
1.24682
1.24642
1.24541
1.24378
1.24151
1.2386
1.23506
1.23088
1.22608
1.22069
1.21471
1.20819
1.20113
1.19358
1.18556
1.17709
1.16821
1.15895
1.14934
1.13941
1.12918
1.1187
1.10798
1.09706
1.08596
1.07471
1.06334
1.05188
1.04034
1.02876
1.01714
1.00553
0.99393
0.0928623
0.0928686
0.0929108
0.0929875
0.0930986
0.0932445
0.0934255
0.093642
0.0938944
0.0941829
0.0945076
0.0948686
0.0952657
0.0956986
0.0961667
0.0966693
0.0972055
0.0977744
0.0983746
0.0990049
0.0996638
0.10035
0.101061
0.101797
0.102555
0.103334
0.104132
0.104947
0.105779
0.106625
0.107484
0.108355
0.109237
0.110128
0.111027
0.111932
0.112844
0.113761
0.114681
0.115605
0.116531
0.117458
0.118387
0.119315
0.120244
0.121171
0.122096
0.12302
0.12394
0.124858
0.125772
0.126683
0.127589
0.12849
0.129387
0.130278
0.131163
0.132042
0.132916
0.133782
0.134642
0.135494
0.136339
0.137177
0.138006
0.138828
0.139641
0.140445
0.141241
0.142028
0.142807
0.143576
0.144335
0.145086
0.145828
0.14656
0.147283
0.147998
0.148704
0.149402
0.150092
0.150776
0.151453
0.152125
0.152794
0.15346
0.154126
0.154795
0.155468
0.156149
0.156843
0.157554
0.158287
0.15905
0.15985
0.160696
0.161599
0.16257
0.163624
0.164774
0.16604
0.167439
0.168992
0.170721
0.172648
0.174796
0.177188
0.179842
0.182777
0.186009
0.18955
0.193411
0.1976
0.202127
0.207007
0.212256
0.217901
0.223973
0.230515
0.237571
0.245189
0.253416
0.262294
0.271857
0.28213
0.293126
0.304849
0.317291
0.330439
0.344269
0.358753
0.37386
0.389556
0.405804
0.422569
0.439814
0.457502
0.475599
0.494069
0.51288
0.531999
0.551394
0.571035
0.590891
0.610933
0.631132
0.65146
0.671889
0.69239
0.712936
0.733498
0.754048
0.774558
0.794999
0.81534
0.835553
0.855605
0.875467
0.895106
0.914488
0.933581
0.952349
0.970757
0.988769
1.00635
1.02346
1.04005
1.0561
1.07156
1.08639
1.10055
1.114
1.12671
1.13863
1.14974
1.16
1.16938
1.17787
1.18544
1.1921
1.19783
1.20266
1.20661
1.20972
1.21203
1.21363
1.21458
1.21498
1.21494
1.21458
1.21403
1.21341
1.21284
1.21244
1.21228
1.21245
1.21296
1.21382
1.21499
1.21641
1.218
1.21968
1.22134
1.22288
1.22421
1.22523
1.22586
1.22605
1.22573
1.22486
1.22341
1.22137
1.21872
1.21546
1.2116
1.20713
1.20209
1.19648
1.19032
1.18365
1.17648
1.16884
1.16076
1.15227
1.1434
1.13418
1.12463
1.11479
1.10469
1.09435
1.0838
1.07308
1.0622
1.05119
1.04008
1.0289
1.01766
1.00639
0.995117
0.98385
0.0947441
0.0947482
0.0947863
0.0948566
0.0949592
0.0950942
0.0952619
0.0954625
0.0956965
0.0959638
0.0962646
0.0965988
0.0969664
0.097367
0.0978
0.098265
0.0987611
0.0992874
0.099843
0.100427
0.101037
0.101673
0.102333
0.103015
0.103719
0.104443
0.105185
0.105944
0.106719
0.107508
0.108309
0.109123
0.109946
0.110779
0.11162
0.112469
0.113323
0.114182
0.115046
0.115913
0.116782
0.117654
0.118526
0.119399
0.120272
0.121145
0.122016
0.122885
0.123752
0.124616
0.125478
0.126335
0.127189
0.128038
0.128882
0.129722
0.130555
0.131384
0.132206
0.133021
0.13383
0.134632
0.135427
0.136214
0.136994
0.137765
0.138528
0.139283
0.140029
0.140767
0.141495
0.142214
0.142924
0.143625
0.144317
0.144999
0.145672
0.146336
0.146991
0.147638
0.148277
0.148909
0.149535
0.150154
0.15077
0.151383
0.151996
0.152609
0.153228
0.153854
0.154492
0.155146
0.155823
0.156529
0.157271
0.158061
0.158907
0.159822
0.160821
0.161918
0.163132
0.164482
0.16599
0.167676
0.169564
0.171676
0.174032
0.176652
0.179551
0.182742
0.186236
0.190039
0.194161
0.198609
0.203401
0.208559
0.214116
0.220114
0.226606
0.233645
0.24129
0.249593
0.258599
0.268344
0.278849
0.290122
0.302162
0.314954
0.328476
0.342698
0.357586
0.373103
0.389209
0.405865
0.423031
0.440667
0.458735
0.477197
0.496018
0.515163
0.534598
0.554291
0.57421
0.594325
0.614605
0.635021
0.655545
0.676146
0.696797
0.717469
0.738133
0.75876
0.77932
0.799784
0.820121
0.8403
0.860291
0.880059
0.899573
0.918799
0.937702
0.956246
0.974396
0.992113
1.00936
1.0261
1.04229
1.0579
1.07288
1.0872
1.10081
1.11369
1.12578
1.13707
1.14751
1.15707
1.16575
1.17351
1.18036
1.18627
1.19127
1.19538
1.19861
1.20101
1.20263
1.20356
1.20385
1.20362
1.20296
1.20199
1.20084
1.19963
1.19848
1.19749
1.19676
1.19635
1.19629
1.19659
1.19723
1.19815
1.19928
1.20055
1.20186
1.20311
1.20422
1.20508
1.20563
1.20579
1.2055
1.20472
1.20341
1.20154
1.19911
1.1961
1.19251
1.18834
1.18361
1.17834
1.17253
1.16621
1.15941
1.15214
1.14444
1.13634
1.12785
1.11901
1.10985
1.10039
1.09067
1.08071
1.07055
1.06019
1.04969
1.03905
1.0283
1.01748
1.0066
0.995678
0.984744
0.973817
0.096699
0.0967012
0.0967355
0.0967998
0.0968943
0.0970191
0.0971742
0.09736
0.0975765
0.0978239
0.0981021
0.0984112
0.0987509
0.0991209
0.0995208
0.09995
0.100408
0.100894
0.101407
0.101945
0.102509
0.103096
0.103706
0.104337
0.104989
0.105659
0.106346
0.10705
0.107768
0.1085
0.109245
0.110001
0.110767
0.111542
0.112326
0.113116
0.113913
0.114714
0.115521
0.11633
0.117143
0.117958
0.118774
0.119591
0.120408
0.121225
0.122041
0.122855
0.123667
0.124477
0.125285
0.126088
0.126889
0.127685
0.128476
0.129263
0.130045
0.130821
0.131591
0.132355
0.133113
0.133864
0.134608
0.135345
0.136074
0.136795
0.137508
0.138213
0.138909
0.139597
0.140276
0.140945
0.141606
0.142257
0.142899
0.143532
0.144155
0.14477
0.145376
0.145973
0.146562
0.147143
0.147718
0.148287
0.148852
0.149414
0.149974
0.150536
0.151102
0.151675
0.15226
0.152861
0.153484
0.154136
0.154825
0.155561
0.156354
0.157217
0.158165
0.159213
0.160379
0.161684
0.163149
0.164796
0.166647
0.168724
0.171045
0.173629
0.176489
0.179634
0.183072
0.186807
0.190847
0.195203
0.199893
0.204948
0.210411
0.216334
0.222782
0.22982
0.237514
0.245921
0.25509
0.265051
0.275823
0.287407
0.299793
0.31296
0.326876
0.341506
0.356808
0.37274
0.389258
0.406319
0.42388
0.441899
0.460335
0.47915
0.498307
0.51777
0.537505
0.557478
0.577658
0.598014
0.618514
0.639129
0.659829
0.680585
0.701367
0.722147
0.742894
0.76358
0.784173
0.804644
0.82496
0.845092
0.865005
0.884667
0.904043
0.923101
0.941803
0.960115
0.977998
0.995416
1.01233
1.0287
1.04449
1.05966
1.07418
1.08799
1.10107
1.11338
1.12488
1.13555
1.14535
1.15427
1.16227
1.16935
1.1755
1.18073
1.18504
1.18846
1.19102
1.19275
1.19373
1.19401
1.19369
1.19285
1.19161
1.19007
1.18835
1.18658
1.18487
1.18333
1.18205
1.18108
1.18047
1.18023
1.18035
1.18077
1.18144
1.18228
1.18322
1.18416
1.18501
1.18568
1.18609
1.18618
1.18587
1.18513
1.18391
1.18217
1.17991
1.17711
1.17375
1.16985
1.16541
1.16044
1.15496
1.14898
1.14252
1.13562
1.12828
1.12054
1.11243
1.10397
1.09519
1.08611
1.07677
1.06719
1.0574
1.04743
1.03729
1.02703
1.01665
1.00619
0.995662
0.985097
0.974512
0.963929
0.0987106
0.0987112
0.0987418
0.0988006
0.0988875
0.0990026
0.099146
0.0993178
0.099518
0.0997466
0.100004
0.100289
0.100603
0.100944
0.101313
0.101708
0.10213
0.102578
0.10305
0.103546
0.104065
0.104606
0.105168
0.10575
0.106351
0.106969
0.107603
0.108253
0.108916
0.109593
0.110282
0.110982
0.111691
0.11241
0.113136
0.113869
0.114608
0.115353
0.116102
0.116854
0.11761
0.118368
0.119128
0.119888
0.120649
0.12141
0.122171
0.12293
0.123687
0.124442
0.125195
0.125945
0.126691
0.127434
0.128172
0.128906
0.129635
0.130359
0.131077
0.13179
0.132496
0.133195
0.133888
0.134574
0.135253
0.135924
0.136587
0.137242
0.137888
0.138526
0.139156
0.139776
0.140388
0.14099
0.141583
0.142167
0.142742
0.143308
0.143864
0.144413
0.144953
0.145486
0.146012
0.146532
0.147047
0.14756
0.148071
0.148583
0.149099
0.149622
0.150156
0.150707
0.15128
0.151881
0.15252
0.153206
0.15395
0.154764
0.155664
0.156666
0.157789
0.159053
0.160478
0.162088
0.163904
0.165947
0.168234
0.17078
0.173596
0.176688
0.180061
0.183717
0.187662
0.191911
0.196489
0.201433
0.206799
0.212652
0.219069
0.226126
0.233896
0.24244
0.251804
0.262016
0.273087
0.285011
0.297768
0.311328
0.325652
0.340698
0.356417
0.372764
0.389689
0.407147
0.425092
0.44348
0.46227
0.481422
0.500898
0.520662
0.540678
0.560913
0.581335
0.601912
0.622613
0.643408
0.664266
0.685158
0.706054
0.726925
0.747739
0.768467
0.789078
0.80954
0.829822
0.849891
0.869715
0.889259
0.908488
0.927368
0.945863
0.963935
0.981548
0.998665
1.01525
1.03125
1.04665
1.06139
1.07544
1.08877
1.10133
1.1131
1.12404
1.13412
1.14331
1.1516
1.15898
1.16542
1.17092
1.1755
1.17917
1.18195
1.18387
1.18499
1.18535
1.18505
1.18414
1.18274
1.18094
1.17886
1.17661
1.17431
1.17208
1.17001
1.16819
1.1667
1.16556
1.1648
1.1644
1.16434
1.16454
1.16496
1.16551
1.16611
1.16668
1.16712
1.16737
1.16734
1.16698
1.16623
1.16505
1.1634
1.16127
1.15864
1.15548
1.15182
1.14763
1.14294
1.13776
1.13209
1.12597
1.1194
1.11241
1.10503
1.09729
1.08919
1.08078
1.07208
1.06312
1.05392
1.0445
1.0349
1.02514
1.01524
1.00523
0.995132
0.984967
0.974757
0.964523
0.954286
0.100761
0.10076
0.100788
0.100841
0.100921
0.101027
0.101159
0.101318
0.101503
0.101714
0.101951
0.102214
0.102503
0.102818
0.103157
0.103522
0.10391
0.104321
0.104755
0.105211
0.105688
0.106186
0.106702
0.107237
0.107789
0.108357
0.108941
0.109539
0.11015
0.110773
0.111408
0.112053
0.112707
0.11337
0.11404
0.114717
0.1154
0.116089
0.116781
0.117478
0.118177
0.118879
0.119582
0.120287
0.120992
0.121697
0.122402
0.123106
0.123809
0.12451
0.125208
0.125904
0.126596
0.127285
0.12797
0.128651
0.129328
0.129999
0.130665
0.131326
0.131981
0.132629
0.133271
0.133906
0.134534
0.135155
0.135768
0.136374
0.136971
0.13756
0.13814
0.138712
0.139275
0.139829
0.140374
0.14091
0.141437
0.141955
0.142465
0.142966
0.143459
0.143944
0.144423
0.144896
0.145364
0.145829
0.146293
0.146757
0.147226
0.147702
0.148188
0.148691
0.149217
0.149771
0.150363
0.151002
0.1517
0.15247
0.153326
0.154285
0.155368
0.156593
0.157983
0.159558
0.161341
0.16335
0.165601
0.168107
0.170874
0.173907
0.177204
0.18077
0.184609
0.18874
0.193195
0.198025
0.203296
0.209089
0.215493
0.222594
0.23047
0.239183
0.248776
0.259271
0.270669
0.282955
0.296101
0.310065
0.324804
0.340266
0.3564
0.373154
0.390476
0.408318
0.426632
0.445374
0.4645
0.483971
0.503746
0.523791
0.544069
0.564547
0.585191
0.605971
0.626854
0.64781
0.668809
0.68982
0.710813
0.731758
0.752624
0.773379
0.793994
0.814435
0.83467
0.854666
0.87439
0.893806
0.912881
0.931577
0.94986
0.96769
0.985032
1.00185
1.0181
1.03374
1.04875
1.06307
1.07668
1.08954
1.10161
1.11286
1.12326
1.13278
1.14141
1.14911
1.15589
1.16173
1.16664
1.17061
1.17368
1.17586
1.1772
1.17774
1.17754
1.17668
1.17524
1.17331
1.171
1.16841
1.16566
1.16287
1.16014
1.15758
1.15526
1.15326
1.15162
1.15036
1.14947
1.14892
1.14867
1.14866
1.14882
1.14907
1.14933
1.14952
1.14956
1.14939
1.14893
1.14814
1.14697
1.14538
1.14334
1.14084
1.13785
1.13438
1.13042
1.12599
1.12107
1.1157
1.10988
1.10364
1.09698
1.08995
1.08255
1.07482
1.06677
1.05843
1.04984
1.04101
1.03196
1.02273
1.01334
1.00381
0.994167
0.984431
0.974624
0.964768
0.954885
0.944992
0.102833
0.102831
0.102855
0.102903
0.102977
0.103074
0.103196
0.103342
0.103512
0.103707
0.103926
0.104168
0.104434
0.104724
0.105036
0.105371
0.105727
0.106105
0.106504
0.106922
0.10736
0.107816
0.108289
0.10878
0.109286
0.109807
0.110343
0.110891
0.111452
0.112024
0.112607
0.113199
0.1138
0.114409
0.115025
0.115648
0.116276
0.11691
0.117547
0.118189
0.118833
0.11948
0.120128
0.120778
0.121428
0.122079
0.122729
0.123379
0.124027
0.124674
0.125318
0.12596
0.1266
0.127236
0.127868
0.128496
0.129121
0.12974
0.130354
0.130964
0.131567
0.132165
0.132756
0.133341
0.13392
0.134491
0.135055
0.135611
0.136159
0.1367
0.137232
0.137756
0.138271
0.138778
0.139276
0.139765
0.140246
0.140717
0.141181
0.141636
0.142083
0.142523
0.142956
0.143383
0.143806
0.144226
0.144645
0.145065
0.145488
0.145919
0.146361
0.14682
0.1473
0.147811
0.148359
0.148955
0.14961
0.150338
0.151154
0.152075
0.15312
0.15431
0.155666
0.157209
0.15896
0.160936
0.16315
0.165612
0.168326
0.17129
0.174504
0.177968
0.18169
0.185694
0.190022
0.194737
0.19992
0.205667
0.21208
0.219252
0.227265
0.236179
0.246031
0.256835
0.268583
0.281247
0.294791
0.309166
0.324318
0.340192
0.356731
0.373879
0.391584
0.409794
0.42846
0.447536
0.466978
0.486747
0.506803
0.527108
0.547628
0.568329
0.589177
0.610141
0.631188
0.652288
0.673411
0.694524
0.715599
0.736604
0.757507
0.778277
0.798883
0.819292
0.83947
0.859384
0.879
0.898283
0.917197
0.935706
0.953774
0.971362
0.988432
1.00495
1.02087
1.03617
1.05079
1.06472
1.0779
1.09031
1.1019
1.11267
1.12256
1.13156
1.13965
1.14681
1.15304
1.15832
1.16267
1.16609
1.1686
1.17023
1.17103
1.17104
1.17033
1.16896
1.16702
1.16461
1.16182
1.15877
1.15556
1.15231
1.14912
1.14609
1.1433
1.14083
1.13871
1.13697
1.1356
1.13459
1.13389
1.13345
1.13322
1.13311
1.13306
1.13298
1.1328
1.13245
1.13187
1.13101
1.12981
1.12823
1.12626
1.12385
1.121
1.1177
1.11394
1.10972
1.10506
1.09995
1.09442
1.08848
1.08214
1.07543
1.06837
1.06098
1.05329
1.04531
1.03707
1.0286
1.01992
1.01106
1.00203
0.992861
0.983578
0.974199
0.964748
0.955243
0.945706
0.936154
0.104907
0.104904
0.104925
0.104969
0.105036
0.105125
0.105237
0.105371
0.105528
0.105707
0.105908
0.106132
0.106376
0.106642
0.106929
0.107236
0.107563
0.10791
0.108275
0.108658
0.109059
0.109476
0.10991
0.110359
0.110822
0.111299
0.111789
0.11229
0.112804
0.113327
0.11386
0.114403
0.114953
0.115511
0.116075
0.116646
0.117221
0.117802
0.118387
0.118975
0.119566
0.120159
0.120754
0.12135
0.121947
0.122544
0.123141
0.123737
0.124333
0.124926
0.125518
0.126108
0.126695
0.127279
0.127859
0.128436
0.129009
0.129577
0.130141
0.1307
0.131253
0.131801
0.132342
0.132878
0.133407
0.13393
0.134445
0.134953
0.135454
0.135947
0.136432
0.136909
0.137378
0.137839
0.138291
0.138734
0.139169
0.139596
0.140015
0.140425
0.140828
0.141224
0.141614
0.141998
0.142378
0.142755
0.143131
0.143508
0.143889
0.144278
0.144678
0.145095
0.145534
0.146004
0.146511
0.147067
0.147683
0.148373
0.149152
0.150037
0.151048
0.152206
0.15353
0.155043
0.156763
0.158705
0.16088
0.163295
0.16595
0.16884
0.171961
0.175314
0.17891
0.182781
0.186979
0.191583
0.196689
0.202409
0.208854
0.216126
0.224306
0.23345
0.243587
0.254721
0.266832
0.279884
0.293829
0.308611
0.32417
0.340445
0.357375
0.374903
0.392972
0.41153
0.430527
0.449917
0.469656
0.489702
0.510017
0.530563
0.551306
0.57221
0.593243
0.614372
0.635567
0.656795
0.678025
0.699227
0.720369
0.74142
0.762349
0.783123
0.80371
0.824077
0.84419
0.864016
0.883518
0.902664
0.921413
0.939731
0.957582
0.974928
0.991732
1.00796
1.02357
1.03852
1.05279
1.06632
1.0791
1.09108
1.10224
1.11254
1.12196
1.13047
1.13806
1.14472
1.15043
1.1552
1.15904
1.16194
1.16395
1.16508
1.16539
1.16492
1.16373
1.1619
1.15952
1.15666
1.15344
1.14996
1.14633
1.14266
1.13904
1.13559
1.13236
1.12945
1.12688
1.12468
1.12286
1.1214
1.12027
1.11942
1.11879
1.11833
1.11795
1.11759
1.11717
1.11663
1.11591
1.11494
1.11369
1.11211
1.11016
1.10782
1.10508
1.10192
1.09833
1.09431
1.08987
1.08501
1.07974
1.07408
1.06804
1.06164
1.0549
1.04784
1.04048
1.03284
1.02495
1.01683
1.00851
0.999999
0.991327
0.982515
0.973585
0.964558
0.955454
0.946294
0.937095
0.927878
0.106967
0.106963
0.106981
0.10702
0.107081
0.107163
0.107265
0.107388
0.107532
0.107696
0.107881
0.108086
0.10831
0.108554
0.108817
0.109098
0.109398
0.109715
0.110049
0.1104
0.110766
0.111148
0.111544
0.111954
0.112377
0.112812
0.113259
0.113717
0.114186
0.114663
0.11515
0.115645
0.116147
0.116656
0.117172
0.117693
0.118218
0.118748
0.119282
0.119819
0.120359
0.120901
0.121444
0.121989
0.122534
0.12308
0.123625
0.12417
0.124714
0.125257
0.125797
0.126336
0.126872
0.127405
0.127936
0.128462
0.128985
0.129504
0.130018
0.130527
0.131032
0.131531
0.132024
0.132512
0.132993
0.133468
0.133936
0.134398
0.134852
0.135299
0.135738
0.13617
0.136593
0.137009
0.137417
0.137817
0.138208
0.138591
0.138967
0.139335
0.139696
0.14005
0.140398
0.140741
0.14108
0.141416
0.141752
0.142089
0.14243
0.14278
0.143141
0.143519
0.14392
0.144351
0.144821
0.145341
0.145921
0.146575
0.14732
0.148173
0.149153
0.15028
0.151576
0.153059
0.154748
0.156656
0.158791
0.161155
0.163745
0.166553
0.169574
0.172808
0.176272
0.180006
0.184077
0.188577
0.193622
0.199335
0.205838
0.213237
0.22161
0.231008
0.24145
0.252927
0.26541
0.278852
0.293195
0.308376
0.324329
0.34099
0.358294
0.376181
0.394594
0.413479
0.432786
0.452468
0.472481
0.492784
0.513338
0.534105
0.555051
0.57614
0.597341
0.618619
0.639944
0.661285
0.682609
0.703885
0.725083
0.746169
0.767113
0.787881
0.808441
0.828759
0.848801
0.868533
0.887917
0.906918
0.9255
0.943628
0.961266
0.978376
0.994922
1.01087
1.02617
1.0408
1.05472
1.0679
1.08029
1.09187
1.10261
1.11248
1.12146
1.12952
1.13665
1.14284
1.14809
1.15239
1.15575
1.15819
1.15974
1.16042
1.16028
1.15938
1.15777
1.15553
1.15274
1.14949
1.14589
1.14202
1.13801
1.13396
1.12996
1.12611
1.12249
1.11916
1.11617
1.11355
1.11131
1.10942
1.10788
1.10663
1.10562
1.1048
1.1041
1.10346
1.10279
1.10205
1.10116
1.10008
1.09874
1.09713
1.09519
1.09289
1.09023
1.08718
1.08374
1.07989
1.07565
1.07101
1.06598
1.06058
1.05482
1.04871
1.04227
1.03552
1.02848
1.02118
1.01362
1.00584
0.99786
0.989693
0.981365
0.972897
0.96431
0.955624
0.946857
0.93803
0.929161
0.920266
0.108995
0.10899
0.109006
0.109041
0.109096
0.10917
0.109263
0.109375
0.109507
0.109657
0.109826
0.110013
0.110219
0.110442
0.110682
0.11094
0.111213
0.111503
0.111808
0.112128
0.112463
0.112811
0.113172
0.113546
0.113931
0.114328
0.114735
0.115152
0.115579
0.116014
0.116457
0.116907
0.117364
0.117827
0.118296
0.11877
0.119249
0.119731
0.120217
0.120705
0.121197
0.12169
0.122184
0.12268
0.123176
0.123672
0.124168
0.124664
0.125158
0.125652
0.126143
0.126633
0.12712
0.127605
0.128086
0.128564
0.129039
0.12951
0.129976
0.130438
0.130895
0.131347
0.131794
0.132235
0.13267
0.133099
0.133522
0.133939
0.134348
0.13475
0.135146
0.135534
0.135914
0.136287
0.136652
0.137009
0.137359
0.137701
0.138036
0.138363
0.138684
0.138998
0.139307
0.139611
0.139911
0.140209
0.140507
0.140806
0.141111
0.141423
0.141748
0.14209
0.142456
0.142852
0.143288
0.143774
0.144321
0.144943
0.145657
0.14648
0.147432
0.148531
0.149799
0.151255
0.152913
0.154786
0.156878
0.159188
0.161709
0.16443
0.167343
0.170453
0.173781
0.177378
0.181326
0.185734
0.190734
0.196462
0.203048
0.210598
0.219188
0.228858
0.239618
0.251446
0.264302
0.278128
0.292859
0.308426
0.324758
0.341785
0.359443
0.377668
0.396402
0.415592
0.435187
0.45514
0.475406
0.495945
0.516717
0.537686
0.558816
0.580073
0.601424
0.622836
0.644278
0.665717
0.687122
0.708461
0.729703
0.750815
0.771765
0.79252
0.813047
0.833311
0.853274
0.872903
0.892164
0.911021
0.929439
0.947382
0.964812
0.981695
0.997992
1.01367
1.02868
1.04301
1.0566
1.06943
1.08146
1.09267
1.10302
1.11249
1.12106
1.12871
1.13542
1.14118
1.146
1.14988
1.15282
1.15484
1.15598
1.15625
1.15572
1.15443
1.15245
1.14985
1.1467
1.14311
1.13916
1.13497
1.13062
1.12623
1.12188
1.11768
1.1137
1.11
1.10663
1.10362
1.10098
1.09871
1.09677
1.09514
1.09377
1.09261
1.0916
1.09066
1.08975
1.08879
1.08773
1.08651
1.08509
1.08342
1.08146
1.0792
1.07659
1.07363
1.07031
1.06661
1.06254
1.0581
1.0533
1.04814
1.04263
1.03679
1.03064
1.02418
1.01745
1.01045
1.00322
0.995761
0.988103
0.980264
0.972266
0.964127
0.955868
0.947508
0.939065
0.930558
0.922003
0.913417
0.110977
0.11097
0.110984
0.111015
0.111064
0.11113
0.111215
0.111317
0.111436
0.111573
0.111727
0.111898
0.112085
0.112289
0.112508
0.112743
0.112992
0.113256
0.113534
0.113826
0.11413
0.114447
0.114776
0.115116
0.115466
0.115827
0.116197
0.116576
0.116963
0.117358
0.117761
0.11817
0.118585
0.119005
0.119431
0.119861
0.120295
0.120732
0.121173
0.121616
0.122061
0.122508
0.122956
0.123405
0.123855
0.124304
0.124754
0.125202
0.12565
0.126097
0.126542
0.126985
0.127425
0.127863
0.128298
0.128731
0.129159
0.129584
0.130005
0.130421
0.130833
0.13124
0.131642
0.132039
0.13243
0.132816
0.133195
0.133568
0.133935
0.134295
0.134648
0.134995
0.135334
0.135666
0.13599
0.136307
0.136617
0.13692
0.137216
0.137505
0.137788
0.138065
0.138336
0.138604
0.138868
0.13913
0.139393
0.139658
0.139928
0.140206
0.140498
0.140807
0.14114
0.141504
0.141909
0.142364
0.142881
0.143474
0.14416
0.144956
0.145881
0.146955
0.148198
0.149626
0.151254
0.153091
0.155139
0.157392
0.159839
0.162467
0.165269
0.16825
0.171441
0.174904
0.178737
0.183066
0.188039
0.193804
0.200495
0.208218
0.217042
0.226997
0.238081
0.250261
0.263483
0.277684
0.292789
0.308724
0.325414
0.342787
0.360775
0.379316
0.398349
0.417821
0.437682
0.457883
0.478381
0.499136
0.520108
0.54126
0.562557
0.583965
0.605451
0.626982
0.648526
0.670052
0.691526
0.712918
0.734195
0.755325
0.776274
0.797011
0.817495
0.837694
0.857574
0.877102
0.896241
0.914957
0.933214
0.950976
0.968208
0.984871
1.00093
1.01635
1.0311
1.04513
1.05842
1.07092
1.08262
1.09348
1.10348
1.11258
1.12078
1.12804
1.13437
1.13975
1.14418
1.14768
1.15024
1.15189
1.15266
1.15259
1.15171
1.15008
1.14778
1.14486
1.14141
1.13752
1.13328
1.1288
1.12416
1.11947
1.11483
1.11032
1.10602
1.10199
1.09828
1.09492
1.09193
1.08929
1.087
1.08501
1.0833
1.08182
1.0805
1.07929
1.07813
1.07696
1.07572
1.07437
1.07284
1.0711
1.06911
1.06685
1.06428
1.0614
1.05817
1.05461
1.05069
1.04643
1.04182
1.03688
1.03161
1.02602
1.02013
1.01395
1.0075
1.0008
0.99386
0.986707
0.979357
0.971829
0.964142
0.956315
0.948366
0.940315
0.932178
0.923972
0.915714
0.907418
0.112897
0.112889
0.1129
0.112927
0.112971
0.11303
0.113106
0.113198
0.113307
0.11343
0.11357
0.113725
0.113895
0.11408
0.114279
0.114492
0.114719
0.114959
0.115212
0.115476
0.115753
0.116041
0.116339
0.116647
0.116965
0.117292
0.117628
0.117972
0.118323
0.118681
0.119045
0.119415
0.119791
0.120172
0.120557
0.120946
0.121338
0.121734
0.122132
0.122532
0.122935
0.123338
0.123743
0.124149
0.124555
0.12496
0.125366
0.125771
0.126174
0.126577
0.126978
0.127377
0.127773
0.128167
0.128559
0.128947
0.129332
0.129714
0.130092
0.130465
0.130834
0.131199
0.131559
0.131914
0.132263
0.132607
0.132946
0.133278
0.133604
0.133924
0.134238
0.134545
0.134845
0.135138
0.135425
0.135704
0.135977
0.136243
0.136503
0.136756
0.137003
0.137245
0.137482
0.137715
0.137946
0.138175
0.138405
0.138638
0.138877
0.139124
0.139385
0.139664
0.139967
0.140303
0.140679
0.141106
0.141596
0.142163
0.142824
0.143595
0.144496
0.145547
0.146765
0.148167
0.149765
0.151566
0.153567
0.15576
0.15813
0.160663
0.163349
0.1662
0.169255
0.17259
0.176318
0.180584
0.185548
0.191369
0.198185
0.206098
0.215167
0.225414
0.236822
0.249347
0.262926
0.277486
0.292947
0.309229
0.326255
0.343951
0.362246
0.381079
0.400388
0.420119
0.440223
0.460651
0.481362
0.502312
0.523465
0.544783
0.566231
0.587775
0.609382
0.631019
0.652654
0.674254
0.695788
0.717224
0.738529
0.759671
0.780612
0.801317
0.821753
0.841886
0.861682
0.881108
0.900128
0.918707
0.936809
0.954399
0.97144
0.987896
1.00373
1.01891
1.0334
1.04716
1.06016
1.07238
1.08377
1.09431
1.10397
1.11274
1.1206
1.12752
1.1335
1.13854
1.14263
1.14578
1.14801
1.14934
1.14979
1.14941
1.14823
1.14632
1.14374
1.14056
1.13685
1.13271
1.12823
1.1235
1.11863
1.1137
1.1088
1.10403
1.09946
1.09514
1.09114
1.08747
1.08416
1.0812
1.07858
1.07628
1.07425
1.07247
1.07087
1.0694
1.068
1.06663
1.06521
1.06371
1.06208
1.06027
1.05824
1.05597
1.05342
1.05059
1.04745
1.04399
1.04021
1.03611
1.03168
1.02693
1.02187
1.01651
1.01087
1.00494
0.998754
0.992323
0.985663
0.978793
0.971729
0.964489
0.957092
0.949555
0.941896
0.934132
0.926279
0.918352
0.910369
0.902341
0.114741
0.114733
0.114742
0.114765
0.114803
0.114856
0.114924
0.115006
0.115103
0.115215
0.115341
0.115481
0.115634
0.115801
0.115981
0.116174
0.11638
0.116597
0.116826
0.117065
0.117316
0.117576
0.117846
0.118125
0.118413
0.118709
0.119013
0.119323
0.119641
0.119964
0.120293
0.120628
0.120967
0.121311
0.121658
0.122009
0.122363
0.12272
0.123079
0.123439
0.123802
0.124165
0.12453
0.124895
0.12526
0.125625
0.125989
0.126353
0.126715
0.127077
0.127436
0.127794
0.12815
0.128503
0.128854
0.129201
0.129546
0.129887
0.130224
0.130557
0.130887
0.131211
0.131532
0.131847
0.132158
0.132463
0.132763
0.133057
0.133346
0.133628
0.133905
0.134175
0.134439
0.134696
0.134947
0.135192
0.13543
0.135662
0.135887
0.136107
0.136322
0.136531
0.136737
0.136939
0.137139
0.137338
0.137538
0.137741
0.137951
0.13817
0.138403
0.138655
0.138931
0.139241
0.139591
0.139993
0.140459
0.141003
0.141641
0.14239
0.14327
0.144298
0.145494
0.14687
0.148439
0.150202
0.152156
0.154287
0.156579
0.159013
0.161583
0.164305
0.167229
0.170442
0.174077
0.178294
0.183268
0.189163
0.196119
0.204232
0.213554
0.224092
0.235817
0.248677
0.262597
0.277498
0.293293
0.3099
0.327238
0.345232
0.363811
0.382911
0.402473
0.422442
0.442767
0.463403
0.484305
0.505433
0.52675
0.548217
0.569801
0.591466
0.613181
0.634911
0.656626
0.678292
0.699878
0.721351
0.742677
0.763819
0.784742
0.805412
0.825798
0.845864
0.865578
0.884905
0.903809
0.922256
0.940211
0.957636
0.974498
0.99076
1.00639
1.02134
1.03559
1.0491
1.06184
1.07378
1.08489
1.09514
1.10451
1.11297
1.12052
1.12713
1.13281
1.13754
1.14133
1.14418
1.14612
1.14717
1.14735
1.1467
1.14528
1.14313
1.14032
1.13692
1.13301
1.12867
1.12399
1.11907
1.114
1.10887
1.10377
1.09879
1.09399
1.08944
1.08518
1.08125
1.07767
1.07443
1.07153
1.06895
1.06664
1.06459
1.06273
1.06102
1.05941
1.05784
1.05626
1.05462
1.05288
1.05099
1.04892
1.04663
1.0441
1.04131
1.03823
1.03487
1.03121
1.02724
1.02297
1.0184
1.01353
1.00838
1.00295
0.997254
0.991307
0.985123
0.978716
0.972104
0.965302
0.958327
0.951195
0.943923
0.936528
0.929025
0.921431
0.913759
0.906024
0.898239
0.116499
0.11649
0.116496
0.116515
0.116548
0.116595
0.116655
0.116728
0.116814
0.116914
0.117027
0.117152
0.11729
0.117441
0.117603
0.117777
0.117962
0.118158
0.118364
0.11858
0.118806
0.119041
0.119285
0.119537
0.119796
0.120063
0.120337
0.120617
0.120903
0.121195
0.121492
0.121793
0.122098
0.122408
0.12272
0.123036
0.123355
0.123675
0.123998
0.124322
0.124648
0.124974
0.125301
0.125628
0.125956
0.126283
0.126609
0.126935
0.127259
0.127582
0.127904
0.128224
0.128541
0.128856
0.129169
0.129479
0.129785
0.130089
0.130389
0.130685
0.130977
0.131265
0.131549
0.131828
0.132102
0.132372
0.132636
0.132895
0.133149
0.133397
0.133639
0.133875
0.134106
0.13433
0.134548
0.13476
0.134967
0.135167
0.135362
0.135552
0.135736
0.135916
0.136092
0.136266
0.136438
0.136609
0.136783
0.13696
0.137143
0.137337
0.137545
0.137772
0.138025
0.138311
0.138639
0.139019
0.139463
0.139986
0.140604
0.141334
0.142193
0.143202
0.144375
0.145728
0.147267
0.148993
0.150899
0.152967
0.155179
0.157515
0.15997
0.162566
0.165363
0.168466
0.172021
0.176204
0.181202
0.187186
0.194292
0.202612
0.212186
0.223009
0.235042
0.24822
0.262463
0.277682
0.293789
0.310696
0.328322
0.346589
0.365427
0.384772
0.404563
0.424747
0.445274
0.466096
0.487172
0.508461
0.529924
0.551526
0.57323
0.595005
0.616815
0.638628
0.660413
0.682137
0.703767
0.72527
0.746606
0.76774
0.788641
0.809276
0.82961
0.849611
0.869245
0.888476
0.90727
0.925592
0.943407
0.960679
0.977372
0.993452
1.00888
1.02363
1.03766
1.05094
1.06344
1.07513
1.08598
1.09597
1.10507
1.11326
1.12054
1.12688
1.13228
1.13674
1.14027
1.14286
1.14456
1.14536
1.14531
1.14445
1.14282
1.14048
1.13749
1.13392
1.12985
1.12535
1.12053
1.11546
1.11025
1.10497
1.09972
1.09457
1.08959
1.08485
1.0804
1.07625
1.07244
1.06897
1.06583
1.06301
1.06046
1.05817
1.05609
1.05417
1.05237
1.05062
1.04889
1.04713
1.04528
1.04332
1.0412
1.03889
1.03636
1.0336
1.03059
1.0273
1.02374
1.01989
1.01576
1.01134
1.00665
1.00168
0.996444
0.990955
0.985223
0.97926
0.973081
0.9667
0.960132
0.953394
0.946499
0.939465
0.932305
0.925036
0.917671
0.910224
0.902709
0.895137
0.118156
0.118147
0.118151
0.118166
0.118195
0.118235
0.118287
0.118352
0.118428
0.118517
0.118617
0.118729
0.118852
0.118986
0.119132
0.119288
0.119454
0.119629
0.119815
0.120009
0.120212
0.120424
0.120643
0.120869
0.121103
0.121343
0.121589
0.121841
0.122099
0.122361
0.122627
0.122898
0.123173
0.12345
0.123731
0.124015
0.1243
0.124588
0.124877
0.125168
0.125459
0.125751
0.126044
0.126337
0.126629
0.126921
0.127213
0.127504
0.127793
0.128081
0.128368
0.128652
0.128935
0.129215
0.129493
0.129768
0.13004
0.130309
0.130574
0.130836
0.131094
0.131349
0.131599
0.131845
0.132086
0.132323
0.132554
0.132781
0.133003
0.133219
0.13343
0.133635
0.133835
0.13403
0.134218
0.134401
0.134578
0.134751
0.134917
0.135079
0.135237
0.13539
0.13554
0.135688
0.135835
0.135982
0.136131
0.136285
0.136445
0.136616
0.136802
0.137008
0.13724
0.137505
0.137813
0.138173
0.138599
0.139104
0.139703
0.140415
0.141258
0.142248
0.143401
0.14473
0.14624
0.14793
0.149787
0.151794
0.153926
0.156164
0.158507
0.160983
0.163662
0.166664
0.170151
0.174315
0.179351
0.185433
0.192696
0.201223
0.211044
0.222142
0.234467
0.247945
0.262488
0.278002
0.294395
0.311578
0.329466
0.347982
0.367056
0.386621
0.40662
0.426998
0.447706
0.468697
0.489928
0.511361
0.532955
0.554677
0.576489
0.59836
0.620255
0.642142
0.663989
0.685763
0.707431
0.728951
0.75029
0.771414
0.792291
0.812889
0.833173
0.85311
0.872666
0.891807
0.910497
0.928702
0.946386
0.963515
0.980053
0.995965
1.01122
1.02577
1.03961
1.05268
1.06496
1.07642
1.08704
1.09679
1.10565
1.1136
1.12064
1.12674
1.1319
1.13613
1.13943
1.14181
1.14329
1.1439
1.14366
1.14262
1.14083
1.13834
1.13521
1.13151
1.12732
1.12272
1.11779
1.11263
1.10731
1.10193
1.09657
1.09131
1.08621
1.08133
1.07672
1.07241
1.06843
1.06477
1.06144
1.05842
1.05568
1.05319
1.05092
1.04882
1.04685
1.04496
1.04309
1.04122
1.03928
1.03725
1.03509
1.03276
1.03024
1.0275
1.02453
1.02131
1.01783
1.01409
1.01008
1.0058
1.00125
0.996445
0.991382
0.986073
0.980528
0.974759
0.968779
0.962601
0.956239
0.949706
0.943019
0.93619
0.929235
0.922167
0.915
0.907747
0.900421
0.893031
0.119703
0.119693
0.119695
0.119708
0.119731
0.119765
0.119811
0.119867
0.119934
0.120012
0.1201
0.120199
0.120309
0.120428
0.120558
0.120697
0.120845
0.121003
0.121168
0.121342
0.121524
0.121714
0.12191
0.122114
0.122323
0.122538
0.122759
0.122985
0.123216
0.123451
0.12369
0.123933
0.124179
0.124428
0.12468
0.124933
0.125189
0.125446
0.125705
0.125965
0.126225
0.126486
0.126747
0.127009
0.127269
0.12753
0.12779
0.128048
0.128306
0.128562
0.128816
0.129069
0.12932
0.129568
0.129814
0.130057
0.130298
0.130535
0.13077
0.131001
0.131228
0.131451
0.131671
0.131887
0.132098
0.132305
0.132507
0.132705
0.132898
0.133086
0.133268
0.133446
0.133618
0.133786
0.133947
0.134104
0.134256
0.134402
0.134544
0.134681
0.134815
0.134945
0.135072
0.135197
0.135322
0.135447
0.135575
0.135707
0.135848
0.135999
0.136166
0.136352
0.136566
0.136813
0.137104
0.137447
0.137856
0.138345
0.138929
0.139626
0.140453
0.141426
0.142561
0.143868
0.14535
0.147004
0.148814
0.150759
0.152814
0.154958
0.157194
0.159556
0.162126
0.165039
0.168471
0.172627
0.17771
0.183898
0.19132
0.20005
0.210107
0.221466
0.234064
0.24782
0.262638
0.278423
0.295077
0.312509
0.330634
0.349375
0.36866
0.388424
0.408609
0.429161
0.450031
0.471172
0.492542
0.514102
0.535814
0.557641
0.57955
0.601506
0.623476
0.645428
0.667329
0.689147
0.71084
0.732371
0.753709
0.774821
0.795674
0.816235
0.836471
0.856347
0.87583
0.894886
0.913479
0.931576
0.94914
0.966137
0.982532
0.998291
1.01338
1.02777
1.04141
1.0543
1.06638
1.07765
1.08806
1.0976
1.10625
1.11399
1.12081
1.1267
1.13166
1.13569
1.1388
1.14099
1.1423
1.14275
1.14236
1.14118
1.13927
1.13666
1.13343
1.12965
1.12538
1.12071
1.11572
1.1105
1.10513
1.09969
1.09427
1.08893
1.08375
1.07878
1.07407
1.06965
1.06554
1.06175
1.05828
1.0551
1.05221
1.04957
1.04715
1.04491
1.0428
1.04079
1.03882
1.03685
1.03484
1.03275
1.03055
1.02821
1.02569
1.02297
1.02004
1.01688
1.01348
1.00982
1.00591
1.00175
0.99733
0.992659
0.987742
0.982587
0.977203
0.9716
0.965789
0.959783
0.953595
0.947238
0.940725
0.934069
0.927286
0.920386
0.913384
0.906291
0.899119
0.891878
0.12113
0.121119
0.121119
0.121129
0.121148
0.121177
0.121215
0.121264
0.121322
0.12139
0.121468
0.121555
0.121652
0.121757
0.121872
0.121996
0.122128
0.122268
0.122416
0.122571
0.122733
0.122903
0.123078
0.12326
0.123448
0.12364
0.123838
0.124041
0.124247
0.124458
0.124672
0.124889
0.125109
0.125332
0.125556
0.125783
0.126012
0.126242
0.126473
0.126704
0.126937
0.127169
0.127402
0.127635
0.127867
0.128099
0.12833
0.128559
0.128788
0.129015
0.129241
0.129465
0.129687
0.129906
0.130124
0.130338
0.13055
0.13076
0.130966
0.131169
0.131368
0.131565
0.131757
0.131945
0.13213
0.13231
0.132486
0.132658
0.132825
0.132988
0.133145
0.133298
0.133446
0.133589
0.133728
0.133861
0.13399
0.134114
0.134234
0.13435
0.134462
0.134571
0.134678
0.134783
0.134888
0.134995
0.135104
0.135219
0.135342
0.135476
0.135626
0.135797
0.135994
0.136227
0.136502
0.136831
0.137226
0.137701
0.138272
0.138955
0.139768
0.140726
0.141844
0.143131
0.144587
0.146206
0.147971
0.149857
0.151837
0.153893
0.156027
0.158284
0.160756
0.163591
0.16698
0.171138
0.176276
0.182571
0.190148
0.199073
0.209354
0.220954
0.233804
0.247814
0.262883
0.278911
0.2958
0.313456
0.331793
0.350734
0.370208
0.390149
0.410499
0.431205
0.452218
0.473492
0.494986
0.516658
0.538473
0.560395
0.582387
0.604418
0.626454
0.648463
0.670413
0.692263
0.713974
0.735513
0.756848
0.777946
0.798774
0.8193
0.839489
0.859309
0.878724
0.897702
0.916206
0.934203
0.951658
0.968536
0.984802
1.00042
1.01537
1.0296
1.04308
1.0558
1.06771
1.07879
1.08902
1.09838
1.10685
1.1144
1.12104
1.12675
1.13154
1.1354
1.13835
1.14039
1.14156
1.14188
1.14137
1.14009
1.13808
1.1354
1.13211
1.12827
1.12396
1.11926
1.11425
1.109
1.10361
1.09815
1.09271
1.08735
1.08213
1.07712
1.07235
1.06786
1.06367
1.0598
1.05622
1.05295
1.04995
1.0472
1.04467
1.04232
1.04012
1.03801
1.03596
1.03392
1.03185
1.02973
1.0275
1.02514
1.02263
1.01993
1.01704
1.01392
1.01058
1.00701
1.00318
0.999117
0.994804
0.990248
0.985453
0.980426
0.975174
0.969708
0.964037
0.958172
0.952126
0.945911
0.93954
0.933024
0.926378
0.919613
0.912741
0.905774
0.898724
0.891598
0.122426
0.122415
0.122413
0.12242
0.122435
0.122459
0.122491
0.122533
0.122583
0.122642
0.12271
0.122786
0.122871
0.122964
0.123066
0.123175
0.123292
0.123417
0.123548
0.123686
0.123831
0.123982
0.124139
0.124302
0.124469
0.124641
0.124818
0.124999
0.125184
0.125372
0.125564
0.125758
0.125955
0.126154
0.126355
0.126557
0.126761
0.126966
0.127173
0.127379
0.127586
0.127794
0.128001
0.128208
0.128415
0.12862
0.128826
0.12903
0.129232
0.129434
0.129634
0.129832
0.130028
0.130222
0.130414
0.130603
0.13079
0.130974
0.131156
0.131334
0.131509
0.13168
0.131849
0.132013
0.132174
0.132331
0.132484
0.132633
0.132777
0.132917
0.133053
0.133184
0.133311
0.133433
0.133551
0.133664
0.133773
0.133878
0.133978
0.134076
0.134169
0.134261
0.13435
0.134439
0.134527
0.134618
0.134711
0.134811
0.134919
0.135038
0.135174
0.135331
0.135516
0.135735
0.135998
0.136315
0.136698
0.137162
0.137722
0.138393
0.139194
0.140139
0.141242
0.142509
0.143941
0.145528
0.147251
0.149081
0.150991
0.152964
0.155005
0.157167
0.159552
0.16232
0.165676
0.169845
0.175041
0.181442
0.189168
0.198275
0.208762
0.220583
0.233661
0.247898
0.263192
0.279438
0.296535
0.314389
0.332914
0.352032
0.371671
0.391768
0.412263
0.433105
0.454243
0.475634
0.497235
0.519006
0.540911
0.562914
0.584981
0.607077
0.629171
0.651229
0.673219
0.695092
0.716817
0.738361
0.759691
0.780775
0.801579
0.822072
0.842218
0.861985
0.881339
0.900245
0.918669
0.936577
0.953933
0.970704
0.986855
1.00235
1.01717
1.03126
1.0446
1.05717
1.06893
1.07986
1.08993
1.09913
1.10743
1.11483
1.12131
1.12688
1.13152
1.13524
1.13805
1.13998
1.14103
1.14125
1.14066
1.1393
1.13723
1.1345
1.13117
1.12731
1.12299
1.11829
1.11328
1.10804
1.10267
1.09722
1.09179
1.08644
1.08122
1.0762
1.07142
1.06691
1.06269
1.05876
1.05514
1.0518
1.04874
1.04592
1.04332
1.0409
1.03863
1.03646
1.03436
1.03227
1.03017
1.02802
1.02578
1.02342
1.02091
1.01824
1.01538
1.01231
1.00902
1.0055
1.00175
0.997768
0.993542
0.989079
0.984382
0.979458
0.974312
0.968954
0.963394
0.95764
0.951705
0.9456
0.939338
0.932929
0.926387
0.919723
0.912949
0.906075
0.899113
0.892071
0.123584
0.123572
0.123569
0.123573
0.123584
0.123604
0.123631
0.123666
0.123709
0.12376
0.123819
0.123885
0.12396
0.124042
0.124131
0.124228
0.124331
0.124442
0.124559
0.124682
0.124811
0.124946
0.125086
0.125231
0.125381
0.125535
0.125693
0.125855
0.12602
0.126189
0.12636
0.126534
0.12671
0.126888
0.127068
0.127249
0.127431
0.127615
0.127799
0.127983
0.128168
0.128353
0.128538
0.128722
0.128906
0.12909
0.129272
0.129453
0.129633
0.129812
0.129989
0.130165
0.130338
0.13051
0.130679
0.130846
0.131011
0.131173
0.131333
0.131489
0.131643
0.131793
0.13194
0.132084
0.132224
0.132361
0.132494
0.132623
0.132748
0.132869
0.132985
0.133098
0.133206
0.133311
0.133411
0.133507
0.133598
0.133687
0.133771
0.133852
0.133931
0.134007
0.134082
0.134156
0.134231
0.134308
0.134388
0.134475
0.13457
0.134678
0.134802
0.134948
0.135122
0.13533
0.135583
0.13589
0.136264
0.136718
0.137268
0.13793
0.138721
0.139655
0.140744
0.141995
0.143404
0.144962
0.146645
0.148424
0.150271
0.152168
0.154126
0.156203
0.158511
0.161224
0.164556
0.168741
0.173997
0.1805
0.188363
0.197636
0.20831
0.220329
0.233609
0.248048
0.26354
0.279976
0.297255
0.315282
0.33397
0.353242
0.373025
0.393257
0.413878
0.434837
0.456084
0.477575
0.499269
0.521125
0.543108
0.565182
0.587311
0.609464
0.631608
0.65371
0.675727
0.69762
0.719355
0.740902
0.762226
0.783296
0.804078
0.82454
0.844647
0.864367
0.883666
0.902509
0.920861
0.93869
0.955959
0.972636
0.988686
1.00408
1.01877
1.03275
1.04597
1.05841
1.07004
1.08083
1.09077
1.09983
1.108
1.11526
1.12162
1.12705
1.13157
1.13518
1.13789
1.13972
1.14068
1.14082
1.14017
1.13876
1.13666
1.1339
1.13056
1.1267
1.12239
1.11771
1.11272
1.10753
1.10219
1.09679
1.09139
1.08608
1.0809
1.0759
1.07114
1.06664
1.06241
1.05848
1.05485
1.05149
1.0484
1.04555
1.04291
1.04046
1.03815
1.03595
1.03382
1.03171
1.02959
1.02743
1.02519
1.02283
1.02034
1.01769
1.01486
1.01183
1.00859
1.00512
1.00143
0.99751
0.993353
0.988963
0.984342
0.979497
0.974432
0.969156
0.963678
0.958007
0.952153
0.946129
0.939945
0.933613
0.927144
0.920551
0.913843
0.907032
0.900128
0.89314
0.124595
0.124582
0.124578
0.12458
0.124588
0.124604
0.124626
0.124655
0.124692
0.124736
0.124787
0.124845
0.12491
0.124982
0.125061
0.125147
0.125239
0.125337
0.125441
0.125551
0.125666
0.125787
0.125912
0.126042
0.126176
0.126314
0.126456
0.126602
0.12675
0.126902
0.127055
0.127212
0.12737
0.12753
0.127691
0.127854
0.128017
0.128182
0.128347
0.128512
0.128678
0.128843
0.129008
0.129173
0.129338
0.129501
0.129664
0.129826
0.129986
0.130145
0.130303
0.130459
0.130613
0.130765
0.130916
0.131064
0.131209
0.131353
0.131493
0.131631
0.131767
0.131899
0.132028
0.132154
0.132277
0.132396
0.132512
0.132624
0.132732
0.132837
0.132938
0.133035
0.133128
0.133217
0.133302
0.133383
0.133461
0.133535
0.133607
0.133675
0.13374
0.133804
0.133867
0.133929
0.133993
0.134058
0.134128
0.134205
0.13429
0.134388
0.134503
0.134639
0.134804
0.135004
0.135248
0.135548
0.135914
0.136361
0.136903
0.137558
0.13834
0.139265
0.140342
0.141578
0.142968
0.144499
0.146147
0.147882
0.149672
0.151502
0.153387
0.15539
0.157634
0.160302
0.163618
0.167822
0.173136
0.179732
0.18772
0.197142
0.207979
0.220171
0.233627
0.248241
0.263903
0.280503
0.297938
0.316112
0.33494
0.354343
0.374249
0.394595
0.415324
0.436382
0.457722
0.479298
0.50107
0.522999
0.545048
0.567181
0.589364
0.611565
0.63375
0.655887
0.677926
0.699833
0.721577
0.743124
0.764443
0.785499
0.806261
0.826695
0.846769
0.866447
0.885697
0.904485
0.922775
0.940535
0.957729
0.974325
0.990288
1.00559
1.02019
1.03406
1.04717
1.0595
1.07102
1.0817
1.09152
1.10047
1.10853
1.11568
1.12193
1.12726
1.13168
1.1352
1.13783
1.13958
1.14048
1.14057
1.13987
1.13843
1.13631
1.13354
1.13021
1.12636
1.12208
1.11743
1.1125
1.10735
1.10207
1.09672
1.09139
1.08613
1.081
1.07606
1.07134
1.06687
1.06268
1.05877
1.05515
1.0518
1.04871
1.04586
1.04322
1.04076
1.03845
1.03624
1.0341
1.03199
1.02987
1.02771
1.02548
1.02314
1.02066
1.01804
1.01523
1.01224
1.00904
1.00562
1.00197
0.998098
0.993994
0.989659
0.985095
0.980307
0.9753
0.970083
0.964662
0.959048
0.95325
0.94728
0.941148
0.934865
0.928443
0.921892
0.915225
0.90845
0.901579
0.894621
0.125451
0.125439
0.125433
0.125433
0.125439
0.125451
0.12547
0.125494
0.125526
0.125563
0.125608
0.125659
0.125716
0.12578
0.12585
0.125926
0.126008
0.126096
0.126189
0.126287
0.126391
0.1265
0.126612
0.12673
0.126851
0.126976
0.127104
0.127235
0.12737
0.127506
0.127646
0.127787
0.12793
0.128074
0.12822
0.128367
0.128515
0.128664
0.128813
0.128962
0.129111
0.12926
0.129409
0.129558
0.129706
0.129853
0.129999
0.130144
0.130288
0.130431
0.130572
0.130712
0.13085
0.130986
0.13112
0.131252
0.131382
0.13151
0.131635
0.131757
0.131877
0.131994
0.132109
0.13222
0.132328
0.132433
0.132535
0.132633
0.132728
0.132819
0.132907
0.132991
0.133071
0.133148
0.133221
0.133291
0.133357
0.13342
0.13348
0.133538
0.133593
0.133647
0.1337
0.133753
0.133807
0.133864
0.133925
0.133993
0.134071
0.134161
0.134269
0.134398
0.134556
0.134749
0.134988
0.135281
0.135641
0.136082
0.136619
0.137267
0.138043
0.13896
0.140029
0.141252
0.142626
0.144134
0.145752
0.147447
0.149189
0.150962
0.152785
0.154727
0.156918
0.159551
0.162856
0.167081
0.172448
0.179128
0.187225
0.196775
0.207753
0.220092
0.233697
0.248458
0.264262
0.280999
0.298565
0.316863
0.335807
0.355318
0.375326
0.395768
0.416585
0.437725
0.459141
0.480788
0.502626
0.524614
0.546717
0.568899
0.591126
0.613366
0.635587
0.657748
0.679805
0.701724
0.723473
0.74502
0.766333
0.787377
0.808121
0.828532
0.848575
0.868218
0.887427
0.906168
0.924406
0.942108
0.959239
0.975767
0.991657
1.00688
1.0214
1.03519
1.04821
1.06045
1.07188
1.08246
1.09219
1.10105
1.10901
1.11608
1.12224
1.12749
1.13183
1.13528
1.13784
1.13954
1.14039
1.14044
1.13971
1.13826
1.13613
1.13337
1.13005
1.12623
1.12198
1.11738
1.1125
1.10741
1.10219
1.09691
1.09165
1.08645
1.08139
1.07651
1.07185
1.06744
1.06329
1.05942
1.05584
1.05252
1.04945
1.04662
1.044
1.04156
1.03926
1.03706
1.03493
1.03283
1.03073
1.02858
1.02636
1.02404
1.02159
1.01899
1.01622
1.01325
1.01008
1.00669
1.00309
0.999251
0.995185
0.990889
0.986365
0.981617
0.976649
0.97147
0.966086
0.960508
0.954745
0.948806
0.942704
0.936448
0.930051
0.923522
0.916873
0.910114
0.903256
0.896307
0.126148
0.126135
0.126129
0.126127
0.126131
0.12614
0.126156
0.126177
0.126203
0.126236
0.126275
0.12632
0.126371
0.126428
0.126491
0.126559
0.126633
0.126713
0.126797
0.126887
0.126981
0.12708
0.127183
0.12729
0.1274
0.127514
0.127631
0.127751
0.127874
0.127999
0.128127
0.128256
0.128386
0.128519
0.128652
0.128786
0.128921
0.129057
0.129193
0.129329
0.129466
0.129602
0.129737
0.129873
0.130007
0.130141
0.130274
0.130406
0.130537
0.130666
0.130795
0.130921
0.131046
0.131169
0.13129
0.13141
0.131527
0.131642
0.131755
0.131865
0.131973
0.132078
0.13218
0.13228
0.132376
0.13247
0.13256
0.132648
0.132732
0.132812
0.13289
0.132964
0.133034
0.133101
0.133165
0.133225
0.133283
0.133337
0.133389
0.133438
0.133486
0.133532
0.133577
0.133623
0.13367
0.13372
0.133775
0.133837
0.133909
0.133993
0.134095
0.134219
0.134372
0.13456
0.134794
0.135083
0.135439
0.135875
0.136408
0.137053
0.137824
0.138735
0.139796
0.14101
0.14237
0.143861
0.145454
0.147117
0.148819
0.150546
0.152318
0.154211
0.156361
0.158967
0.162268
0.166514
0.171928
0.178679
0.186868
0.196524
0.207618
0.220078
0.233804
0.248684
0.264603
0.281451
0.299121
0.317518
0.336555
0.356153
0.376243
0.39676
0.417648
0.438854
0.460331
0.482034
0.503923
0.525958
0.548104
0.570325
0.592587
0.614858
0.637106
0.659286
0.681356
0.703284
0.725037
0.746583
0.767889
0.788923
0.809652
0.830043
0.850062
0.869676
0.888851
0.907553
0.925749
0.943404
0.960484
0.976957
0.992789
1.00795
1.0224
1.03612
1.04908
1.06125
1.0726
1.08311
1.09277
1.10155
1.10944
1.11644
1.12253
1.12771
1.132
1.13539
1.13791
1.13956
1.14038
1.14041
1.13966
1.1382
1.13607
1.13333
1.13003
1.12624
1.12203
1.11747
1.11264
1.10761
1.10245
1.09724
1.09205
1.08692
1.08193
1.07711
1.07251
1.06816
1.06407
1.06025
1.05671
1.05343
1.0504
1.04761
1.04502
1.0426
1.04032
1.03815
1.03604
1.03396
1.03188
1.02975
1.02756
1.02526
1.02283
1.02025
1.0175
1.01456
1.01142
1.00806
1.00448
1.00067
0.996631
0.992362
0.987863
0.98314
0.978197
0.97304
0.967678
0.962119
0.956373
0.95045
0.944361
0.938116
0.931727
0.925205
0.91856
0.911803
0.904944
0.897991
0.12668
0.126667
0.126659
0.126657
0.126659
0.126667
0.126679
0.126697
0.126721
0.12675
0.126785
0.126826
0.126872
0.126924
0.126981
0.127044
0.127112
0.127185
0.127262
0.127345
0.127432
0.127523
0.127619
0.127718
0.12782
0.127926
0.128035
0.128147
0.128261
0.128377
0.128495
0.128615
0.128737
0.12886
0.128984
0.129109
0.129234
0.12936
0.129486
0.129613
0.129739
0.129865
0.129991
0.130117
0.130241
0.130365
0.130488
0.13061
0.130731
0.130851
0.130969
0.131086
0.131201
0.131314
0.131426
0.131536
0.131643
0.131749
0.131852
0.131953
0.132052
0.132148
0.132242
0.132332
0.13242
0.132506
0.132588
0.132667
0.132743
0.132816
0.132885
0.132952
0.133015
0.133075
0.133132
0.133185
0.133236
0.133284
0.13333
0.133373
0.133415
0.133455
0.133495
0.133536
0.133578
0.133624
0.133674
0.133731
0.133799
0.133879
0.133977
0.134098
0.134247
0.134432
0.134663
0.134948
0.135302
0.135736
0.136266
0.136908
0.137676
0.138584
0.13964
0.140847
0.142197
0.143674
0.145249
0.146887
0.148559
0.15025
0.151984
0.15384
0.155961
0.158549
0.161849
0.166114
0.171567
0.178377
0.186639
0.196379
0.207563
0.220116
0.233935
0.248907
0.264915
0.281846
0.299596
0.318068
0.337175
0.356839
0.37699
0.397564
0.418505
0.43976
0.461282
0.483027
0.504954
0.527025
0.549202
0.571452
0.59374
0.616034
0.638301
0.660494
0.682573
0.704507
0.726262
0.747806
0.769108
0.790133
0.81085
0.831225
0.851225
0.870816
0.889965
0.908638
0.9268
0.944419
0.961461
0.977891
0.993679
1.00879
1.0232
1.03686
1.04977
1.06188
1.07318
1.08364
1.09324
1.10196
1.1098
1.11675
1.12279
1.12793
1.13217
1.13552
1.138
1.13963
1.14043
1.14044
1.13968
1.13822
1.1361
1.13336
1.13008
1.12632
1.12215
1.11763
1.11285
1.10787
1.10277
1.09761
1.09248
1.08741
1.08248
1.07772
1.07318
1.06888
1.06484
1.06107
1.05757
1.05434
1.05135
1.04859
1.04603
1.04364
1.04139
1.03925
1.03716
1.03511
1.03305
1.03095
1.02877
1.0265
1.02409
1.02153
1.0188
1.01588
1.01276
1.00942
1.00586
1.00207
0.998044
0.993791
0.989309
0.984599
0.979669
0.974524
0.969171
0.963621
0.957881
0.951963
0.945877
0.939634
0.933244
0.926719
0.920069
0.913305
0.906437
0.899475
0.127042
0.127029
0.127021
0.127018
0.127019
0.127025
0.127036
0.127052
0.127074
0.127101
0.127133
0.12717
0.127213
0.127262
0.127315
0.127374
0.127438
0.127507
0.127581
0.127659
0.127741
0.127827
0.127918
0.128012
0.128109
0.128209
0.128313
0.128418
0.128527
0.128637
0.12875
0.128864
0.128979
0.129096
0.129213
0.129332
0.129451
0.129571
0.12969
0.12981
0.12993
0.13005
0.130169
0.130288
0.130406
0.130523
0.13064
0.130755
0.130869
0.130983
0.131094
0.131204
0.131313
0.13142
0.131525
0.131629
0.13173
0.13183
0.131927
0.132022
0.132114
0.132205
0.132292
0.132377
0.13246
0.132539
0.132616
0.13269
0.132761
0.132828
0.132893
0.132955
0.133013
0.133068
0.133121
0.13317
0.133216
0.13326
0.133302
0.133341
0.133379
0.133416
0.133453
0.13349
0.133529
0.133572
0.133619
0.133674
0.133738
0.133816
0.133912
0.13403
0.134178
0.134361
0.13459
0.134874
0.135226
0.135659
0.136189
0.136829
0.137596
0.138502
0.139556
0.140758
0.142103
0.143571
0.145133
0.146755
0.148405
0.150072
0.151781
0.153613
0.155714
0.158293
0.161596
0.165877
0.171362
0.178215
0.186531
0.196331
0.20758
0.220199
0.234084
0.249119
0.265188
0.282177
0.299982
0.318505
0.33766
0.357368
0.37756
0.398173
0.419149
0.440437
0.46199
0.483762
0.505715
0.527808
0.550007
0.572275
0.594579
0.616888
0.639168
0.661368
0.683453
0.705389
0.727145
0.748688
0.769985
0.791003
0.811711
0.832075
0.852061
0.871636
0.890766
0.909418
0.927558
0.945152
0.962167
0.978568
0.994325
1.0094
1.02378
1.03741
1.05028
1.06235
1.07361
1.08403
1.0936
1.10229
1.11009
1.117
1.123
1.12811
1.13233
1.13566
1.13811
1.13972
1.14051
1.1405
1.13975
1.13828
1.13616
1.13344
1.13018
1.12644
1.12229
1.1178
1.11305
1.10811
1.10305
1.09794
1.09285
1.08783
1.08294
1.07823
1.07373
1.06947
1.06547
1.06174
1.05828
1.05507
1.05212
1.04939
1.04686
1.0445
1.04227
1.04015
1.03809
1.03605
1.03401
1.03193
1.02977
1.02751
1.02512
1.02258
1.01986
1.01695
1.01384
1.01052
1.00697
1.00319
0.999175
0.994931
0.990456
0.985754
0.980829
0.975688
0.970339
0.96479
0.959051
0.953132
0.947044
0.940797
0.934402
0.927871
0.921213
0.91444
0.907563
0.90059
0.127232
0.127219
0.127211
0.127207
0.127208
0.127214
0.127224
0.127239
0.127259
0.127285
0.127316
0.127352
0.127394
0.12744
0.127492
0.127549
0.127611
0.127678
0.127749
0.127825
0.127905
0.127989
0.128077
0.128169
0.128263
0.128361
0.128462
0.128565
0.12867
0.128778
0.128887
0.128998
0.129111
0.129225
0.129339
0.129455
0.129571
0.129687
0.129804
0.129921
0.130038
0.130154
0.13027
0.130386
0.130501
0.130615
0.130728
0.13084
0.130951
0.131061
0.13117
0.131277
0.131382
0.131486
0.131588
0.131689
0.131787
0.131884
0.131978
0.13207
0.13216
0.132247
0.132332
0.132414
0.132494
0.132571
0.132645
0.132716
0.132784
0.13285
0.132912
0.132971
0.133027
0.13308
0.13313
0.133178
0.133222
0.133264
0.133304
0.133341
0.133378
0.133413
0.133448
0.133484
0.133522
0.133563
0.133609
0.133662
0.133726
0.133803
0.133898
0.134015
0.134162
0.134345
0.134573
0.134858
0.13521
0.135643
0.136173
0.136814
0.137581
0.138488
0.139541
0.140742
0.142084
0.143548
0.145104
0.146717
0.148356
0.150011
0.151706
0.153527
0.15562
0.158196
0.161505
0.165801
0.171307
0.17819
0.18654
0.196378
0.207666
0.220324
0.234246
0.249318
0.265421
0.282442
0.300276
0.318827
0.338007
0.357739
0.377953
0.398585
0.419579
0.440884
0.462451
0.484237
0.506202
0.528307
0.550515
0.572792
0.595104
0.617419
0.639704
0.661907
0.683993
0.70593
0.727685
0.749226
0.770519
0.791533
0.812235
0.832591
0.852569
0.872134
0.891254
0.909894
0.928021
0.945601
0.9626
0.978986
0.994726
1.00979
1.02414
1.03775
1.0506
1.06266
1.0739
1.0843
1.09384
1.10251
1.11029
1.11718
1.12317
1.12827
1.13246
1.13578
1.13822
1.13982
1.1406
1.14059
1.13983
1.13837
1.13625
1.13353
1.13028
1.12655
1.12241
1.11794
1.11321
1.10829
1.10325
1.09817
1.09309
1.0881
1.08324
1.07855
1.07407
1.06984
1.06586
1.06215
1.0587
1.05552
1.05259
1.04987
1.04736
1.04501
1.0428
1.04069
1.03864
1.03662
1.03459
1.03251
1.03037
1.02811
1.02573
1.0232
1.02049
1.01759
1.01448
1.01116
1.00762
1.00384
0.999836
0.995595
0.991123
0.986422
0.981498
0.976358
0.971009
0.965459
0.959718
0.953797
0.947705
0.941454
0.935055
0.928518
0.921855
0.915076
0.908191
0.90121
0.00655412
0.00667933
0.00670726
0.0066495
0.00653489
0.00638198
0.00620145
0.00599963
0.00578845
0.00557432
0.00535449
0.00513082
0.00490531
0.00467971
0.0044555
0.00423393
0.00401604
0.0038027
0.00359505
0.00339453
0.00319968
0.00301093
0.00282876
0.00265356
0.00248563
0.00232519
0.00217243
0.0020275
0.00189052
0.00176158
0.00164074
0.00152803
0.00142343
0.00132688
0.00123822
0.00115722
0.00108351
0.00101665
0.000956059
0.000901084
0.000851022
0.000805164
0.00076283
0.0007234
0.000686334
0.000651179
0.00061757
0.000585218
0.000553903
0.000523461
0.000493766
0.00046488
0.000436666
0.000409006
0.000381877
0.000355276
0.000329226
0.000303724
0.000278797
0.000254473
0.000230786
0.000207776
0.00018549
0.000163981
0.000143319
0.000123581
0.000104864
8.72764e-05
7.09716e-05
5.60874e-05
4.27853e-05
3.12489e-05
2.16885e-05
1.43494e-05
9.41713e-06
6.72585e-06
5.4416e-06
4.51235e-06
3.22789e-06
2.3152e-06
0.067996
0.0723738
0.0732438
0.0727174
0.0715642
0.0700024
0.068137
0.0660303
0.0636968
0.0611789
0.0585824
0.0559477
0.053304
0.0506747
0.0480789
0.0455321
0.0430465
0.0406312
0.0382847
0.035961
0.0337195
0.0315764
0.0295375
0.0276046
0.0257781
0.0240573
0.0224411
0.0209278
0.0195155
0.0182021
0.0169853
0.0158625
0.0148308
0.0138867
0.0130263
0.0122447
0.0115363
0.0108945
0.0103123
0.00978179
0.00929548
0.00884592
0.00842633
0.00803069
0.00765391
0.00729181
0.00694108
0.0065992
0.00626434
0.00593521
0.00561078
0.00528784
0.00496986
0.00465753
0.00435075
0.00404926
0.00375283
0.0034627
0.00317914
0.00290244
0.00263294
0.00237105
0.00211728
0.00187225
0.0016367
0.00141155
0.00119789
0.000996975
0.000810243
0.000639814
0.000487535
0.000355587
0.000246354
0.00016257
0.000106177
7.51787e-05
6.03352e-05
4.96653e-05
3.41147e-05
2.13424e-05
0.150997
0.158076
0.159173
0.157808
0.155125
0.151542
0.147289
0.142529
0.137325
0.131782
0.126069
0.120271
0.114454
0.108672
0.102968
0.0973784
0.0919307
0.0866441
0.0815205
0.0765045
0.0716777
0.0670696
0.0626925
0.0585516
0.0546482
0.0509813
0.0475484
0.044346
0.0413698
0.0386149
0.0360756
0.0337457
0.0316177
0.0296829
0.0279306
0.026348
0.0249202
0.0236302
0.0224601
0.021391
0.0204051
0.019486
0.0186194
0.0177933
0.016998
0.016226
0.0154715
0.0147305
0.014
0.0132783
0.0125635
0.0118517
0.0111483
0.0104549
0.00977198
0.00909939
0.00843704
0.00778757
0.00715184
0.00653069
0.00592507
0.00533607
0.00476494
0.0042132
0.00368264
0.0031754
0.00269404
0.0022415
0.00182108
0.0014374
0.00109478
0.000798164
0.000552996
0.0003654
0.000239253
0.000169533
0.000136082
0.000112234
7.64993e-05
4.84495e-05
0.234954
0.242326
0.243064
0.240612
0.236252
0.230561
0.223882
0.216473
0.208444
0.199966
0.191237
0.182379
0.173492
0.164658
0.155944
0.147405
0.139083
0.131008
0.12319
0.115583
0.108271
0.101291
0.0946636
0.0883976
0.0824966
0.0769604
0.0717863
0.0669697
0.0625046
0.058384
0.0545994
0.051141
0.0479968
0.0451523
0.0425894
0.0402863
0.0382175
0.036354
0.0346649
0.0331192
0.0316877
0.0303443
0.0290672
0.0278388
0.0266456
0.0254775
0.0243273
0.0231902
0.0220632
0.0209444
0.0198322
0.0187232
0.0176242
0.0165378
0.0154651
0.0144068
0.0133633
0.0123385
0.0113341
0.0103517
0.009393
0.0084599
0.00755459
0.00667959
0.00583789
0.00503299
0.0042691
0.003551
0.00288407
0.00227546
0.00173222
0.00126229
0.000874407
0.000578256
0.000379241
0.000268681
0.000215608
0.000178064
0.000120839
7.78109e-05
0.314944
0.321509
0.321403
0.317654
0.311571
0.303824
0.294851
0.284963
0.274324
0.263153
0.251663
0.240008
0.228314
0.216686
0.205212
0.193962
0.182994
0.172349
0.162045
0.15205
0.142444
0.133275
0.124567
0.116335
0.108586
0.10132
0.0945354
0.0882285
0.0823923
0.077018
0.0720953
0.0676112
0.0635495
0.05989
0.0566074
0.0536703
0.051042
0.0486809
0.0465429
0.0445839
0.0427631
0.0410448
0.0393996
0.0378048
0.0362435
0.0347037
0.0331777
0.0316603
0.0301491
0.0286427
0.0271403
0.0256397
0.0241489
0.0226717
0.0212102
0.0197661
0.0183406
0.0169389
0.0155635
0.014217
0.012902
0.0116212
0.0103779
0.00917571
0.00801886
0.00691236
0.00586208
0.00487478
0.00395798
0.00312144
0.00237503
0.00172981
0.00119795
0.000792682
0.000520468
0.000368533
0.000295625
0.000244376
0.000165413
0.000108101
0.38969
0.394759
0.393417
0.38822
0.380417
0.370723
0.359638
0.347488
0.334494
0.320905
0.306943
0.292786
0.27858
0.26445
0.250497
0.23681
0.223456
0.210489
0.197933
0.185771
0.174085
0.162925
0.152323
0.142298
0.132861
0.124015
0.115761
0.108095
0.101009
0.094496
0.0885426
0.0831338
0.0782496
0.0738645
0.0699457
0.0664526
0.0633372
0.060545
0.0580186
0.055701
0.0535399
0.0514899
0.0495147
0.0475864
0.0456855
0.0437985
0.0419173
0.0400373
0.0381568
0.0362757
0.0343938
0.032511
0.0306365
0.0287752
0.0269304
0.0251051
0.0233016
0.0215261
0.0197823
0.0180737
0.0164038
0.0147766
0.0131961
0.0116673
0.0101956
0.00878767
0.0074511
0.00619464
0.00502803
0.00396366
0.00301433
0.00219425
0.0015191
0.00100565
0.000660893
0.000467653
0.000375015
0.000310216
0.000209708
0.000138836
0.458775
0.461932
0.459086
0.452346
0.442862
0.431355
0.418342
0.404157
0.389066
0.37333
0.357182
0.340814
0.324388
0.308041
0.291891
0.276037
0.260557
0.245516
0.230942
0.216834
0.203276
0.190323
0.178012
0.166366
0.155402
0.145125
0.135538
0.12664
0.118424
0.110882
0.104
0.0977614
0.092143
0.0871139
0.0826341
0.0786541
0.0751144
0.0719481
0.0690847
0.0664546
0.0639943
0.0616493
0.0593763
0.0571434
0.054928
0.0527161
0.0504993
0.0482739
0.0460393
0.0437966
0.0415472
0.039293
0.0370443
0.0348074
0.032587
0.0303872
0.0282119
0.0260682
0.0239609
0.0218946
0.0198739
0.0179036
0.0159892
0.0141365
0.0123526
0.0106456
0.00902481
0.00750114
0.00608656
0.0047961
0.00364553
0.00265226
0.00183555
0.0012156
0.000799463
0.000565328
0.000453245
0.000375124
0.000253514
0.000169767
0.522162
0.52319
0.518679
0.510355
0.49925
0.486069
0.471306
0.455305
0.438357
0.42073
0.402663
0.384356
0.365981
0.347689
0.329606
0.31184
0.294482
0.277605
0.261234
0.245391
0.230161
0.215603
0.201759
0.188658
0.176318
0.164752
0.153965
0.143957
0.134723
0.126256
0.118542
0.111562
0.105291
0.0996921
0.094719
0.0903129
0.0864036
0.082912
0.079755
0.0768509
0.0741256
0.0715161
0.0689728
0.0664595
0.0639518
0.0614345
0.0588998
0.056345
0.0537708
0.0511798
0.0485748
0.0459603
0.0433476
0.0407445
0.038157
0.0355908
0.033051
0.0305459
0.0280814
0.0256632
0.023297
0.0209887
0.0187448
0.0165726
0.0144804
0.0124778
0.0105763
0.00878849
0.00712887
0.00561505
0.00426582
0.00310182
0.00214589
0.0014216
0.000935538
0.000661146
0.000530018
0.000438845
0.000296729
0.000200744
0.580026
0.578843
0.572592
0.562685
0.550039
0.535311
0.518964
0.501349
0.482764
0.463479
0.443734
0.423734
0.403661
0.38367
0.363896
0.344456
0.325448
0.306957
0.288992
0.271612
0.254897
0.238911
0.2237
0.209298
0.195728
0.183007
0.171143
0.16014
0.149994
0.1407
0.132243
0.124605
0.117755
0.111654
0.106249
0.101471
0.0972394
0.0934643
0.0900503
0.0869044
0.0839425
0.0810937
0.0783028
0.0755298
0.0727484
0.0699431
0.0671064
0.0642368
0.0613364
0.0584097
0.055461
0.0524973
0.049531
0.0465713
0.0436259
0.0407019
0.0378057
0.0349467
0.0321322
0.0293688
0.0266633
0.0240228
0.021455
0.0189683
0.0165726
0.014279
0.0121008
0.0100528
0.00815183
0.00641807
0.00487335
0.00354159
0.00244922
0.00162302
0.0010687
0.000754852
0.00060516
0.000501228
0.000339302
0.000231667
0.63266
0.629273
0.621271
0.609814
0.595713
0.579557
0.561781
0.542731
0.522704
0.501968
0.48076
0.45929
0.437741
0.416273
0.395029
0.374129
0.353678
0.333766
0.314404
0.295669
0.277642
0.260392
0.243967
0.228409
0.213744
0.199994
0.187169
0.175278
0.16432
0.15429
0.145174
0.136953
0.129594
0.123053
0.11727
0.112167
0.107656
0.103633
0.0999932
0.0966322
0.0934572
0.09039
0.0873703
0.0843549
0.0813158
0.0782374
0.0751128
0.0719416
0.0687277
0.0654771
0.0621961
0.0588939
0.0555844
0.052278
0.048984
0.045711
0.0424669
0.0392622
0.0361052
0.0330038
0.029966
0.0269998
0.0241141
0.0213187
0.0186248
0.0160453
0.0135952
0.0112915
0.00915328
0.00720347
0.00546687
0.00397069
0.00274492
0.00181946
0.00119868
0.000846289
0.00067857
0.000562186
0.000381209
0.000262463
0.68042
0.674893
0.665172
0.652223
0.63675
0.619277
0.600211
0.579884
0.558587
0.536582
0.514103
0.491357
0.468529
0.445782
0.423262
0.401095
0.37939
0.358235
0.337651
0.317728
0.298549
0.280184
0.262689
0.246108
0.230473
0.21581
0.202134
0.189456
0.177778
0.167097
0.1574
0.148667
0.140862
0.133937
0.127824
0.122441
0.117686
0.113446
0.109606
0.106052
0.102683
0.0994148
0.0961818
0.0929384
0.0896553
0.0863166
0.0829165
0.0794558
0.0759399
0.0723766
0.0687742
0.0651441
0.0615013
0.057858
0.0542249
0.050612
0.0470287
0.0434865
0.039995
0.0365632
0.0332002
0.0299151
0.0267181
0.0236201
0.0206339
0.017774
0.0150572
0.0125026
0.0101317
0.00797008
0.00604551
0.00438849
0.0030326
0.00201065
0.00132528
0.000935361
0.000750188
0.000621669
0.000422436
0.00029308
0.723687
0.716117
0.704739
0.690367
0.673605
0.654919
0.634686
0.61322
0.590804
0.567688
0.544102
0.520251
0.496318
0.472468
0.448846
0.425582
0.40279
0.380553
0.358906
0.337946
0.317759
0.298418
0.279984
0.262503
0.246015
0.230547
0.21612
0.202748
0.190437
0.179185
0.168979
0.159799
0.151607
0.144349
0.137952
0.132325
0.127358
0.122928
0.11891
0.115182
0.111635
0.108179
0.104745
0.101286
0.09777
0.0941823
0.0905177
0.0867782
0.082971
0.0791054
0.0751919
0.0712439
0.0672778
0.0633072
0.0593442
0.0554005
0.0514868
0.0476156
0.0437977
0.0400434
0.0363626
0.0327658
0.0292642
0.0258702
0.0225978
0.0194632
0.0164852
0.0136849
0.0110861
0.00871708
0.00660869
0.00479462
0.00331199
0.00219641
0.00144839
0.00102202
0.000819987
0.000679656
0.000462983
0.000323475
0.762847
0.753348
0.740393
0.724672
0.706702
0.686898
0.665606
0.643122
0.619715
0.595626
0.571077
0.546269
0.521382
0.496581
0.47201
0.447802
0.424073
0.400898
0.37833
0.35647
0.335407
0.315216
0.295962
0.277696
0.26046
0.244288
0.229205
0.215226
0.202362
0.190612
0.179965
0.170398
0.161872
0.154328
0.147688
0.141851
0.1367
0.132103
0.127925
0.124037
0.120325
0.116693
0.113069
0.109403
0.105664
0.101837
0.0979178
0.0939093
0.0898205
0.0856625
0.0814476
0.0771914
0.0729116
0.0686231
0.0643396
0.060074
0.0558386
0.0516469
0.0475109
0.0434419
0.039451
0.0355497
0.0317505
0.0280671
0.0245149
0.0211117
0.0178781
0.0148373
0.0120156
0.00944396
0.00715603
0.00518882
0.00358295
0.00237664
0.00156793
0.00110624
0.000887959
0.000736143
0.000502849
0.000353617
0.798274
0.786966
0.772523
0.755528
0.736428
0.715592
0.693336
0.669937
0.64565
0.620707
0.595319
0.569682
0.543973
0.518354
0.492969
0.467952
0.443419
0.419433
0.396071
0.373435
0.351616
0.33069
0.310726
0.291778
0.273894
0.257111
0.241458
0.226954
0.213612
0.201433
0.190407
0.180509
0.171698
0.163911
0.157063
0.151047
0.145736
0.140991
0.136668
0.132634
0.128766
0.124967
0.121161
0.117297
0.113343
0.109285
0.105119
0.100851
0.0964893
0.0920481
0.0875411
0.0829861
0.0784017
0.0738044
0.0692094
0.0646309
0.0600826
0.0555789
0.051133
0.0467572
0.0424638
0.0382656
0.0341759
0.0302097
0.0263841
0.0227184
0.0192351
0.0159594
0.01292
0.0101504
0.00768733
0.00557098
0.00384541
0.00255129
0.00168388
0.00118802
0.000954114
0.00079114
0.000542041
0.000383482
0.830321
0.817326
0.801485
0.783292
0.763134
0.741343
0.718205
0.693981
0.66891
0.643213
0.617092
0.590737
0.56432
0.538
0.511919
0.48621
0.460987
0.436308
0.412268
0.388968
0.3665
0.344944
0.32437
0.304837
0.286396
0.269087
0.252945
0.237991
0.22424
0.211696
0.200349
0.190172
0.181121
0.17313
0.166107
0.159938
0.154488
0.149611
0.145157
0.140985
0.13697
0.133011
0.129029
0.124974
0.120812
0.11653
0.112126
0.107605
0.102979
0.0982634
0.0934731
0.088628
0.0837481
0.0788509
0.0739532
0.0690706
0.0642179
0.0594106
0.054663
0.0499885
0.0454004
0.0409124
0.0365394
0.0322974
0.028205
0.024283
0.0205558
0.0170507
0.0137988
0.0108362
0.00820249
0.00594106
0.00409938
0.00272037
0.00179623
0.00126739
0.00101847
0.000844664
0.000580566
0.000413047
0.859318
0.844753
0.8276
0.808281
0.787134
0.764455
0.740509
0.715537
0.689764
0.663399
0.636637
0.609659
0.582632
0.555712
0.529038
0.50274
0.476928
0.451662
0.427047
0.403184
0.380165
0.358073
0.336981
0.31695
0.298036
0.280282
0.263725
0.24839
0.234296
0.221446
0.20983
0.199422
0.190174
0.182014
0.174845
0.168545
0.162975
0.15798
0.153405
0.149104
0.144948
0.140834
0.136682
0.132441
0.128077
0.123577
0.118941
0.114175
0.109293
0.10431
0.0992448
0.0941182
0.0889513
0.0837629
0.0785712
0.0733931
0.0682444
0.0631419
0.0581007
0.0531353
0.0482601
0.04349
0.0388407
0.0343298
0.0299771
0.0258052
0.0218401
0.0181113
0.0146521
0.0115014
0.00870155
0.00629911
0.00434489
0.00288391
0.00190501
0.00134438
0.00108105
0.000896741
0.000618431
0.000442296
0.885561
0.869539
0.851158
0.830781
0.808707
0.785202
0.76051
0.734855
0.70845
0.681492
0.654167
0.626649
0.599098
0.571665
0.544488
0.517694
0.491382
0.465622
0.440523
0.416188
0.392708
0.370167
0.34864
0.328192
0.308881
0.290755
0.273852
0.258203
0.243825
0.230724
0.21889
0.208294
0.198886
0.190588
0.183299
0.176891
0.171215
0.166114
0.161426
0.157002
0.15271
0.148445
0.144127
0.139704
0.135142
0.130431
0.125568
0.120564
0.115432
0.110191
0.104858
0.0994582
0.0940126
0.0885414
0.0830642
0.0775988
0.0721626
0.066773
0.0614462
0.0561978
0.0510432
0.0459982
0.0410799
0.0363069
0.0317005
0.0272849
0.0230879
0.019141
0.0154799
0.012146
0.00918458
0.00664524
0.00458206
0.00304197
0.00201026
0.00141902
0.00114188
0.0009474
0.000655644
0.000471216
0.909322
0.891946
0.872416
0.851044
0.828099
0.803823
0.77844
0.752161
0.725184
0.697697
0.669876
0.641888
0.613887
0.586019
0.558417
0.531207
0.504474
0.478303
0.452804
0.428077
0.404216
0.381305
0.35942
0.33863
0.318994
0.300563
0.283379
0.267474
0.252868
0.239567
0.22756
0.216817
0.207283
0.198877
0.191491
0.184992
0.179225
0.174026
0.169232
0.16469
0.160265
0.155853
0.151372
0.146769
0.142015
0.137095
0.132012
0.126776
0.121401
0.115907
0.110316
0.10465
0.0989336
0.0931878
0.0874331
0.0816888
0.0759731
0.0703044
0.0647
0.0591764
0.0537498
0.0484373
0.043257
0.0382288
0.0333753
0.0287223
0.0242993
0.02014
0.0162824
0.0127703
0.00965177
0.0069796
0.00481099
0.00319463
0.00211203
0.00149138
0.00120101
0.000996673
0.000692215
0.000499795
0.930843
0.912209
0.8916
0.869292
0.845528
0.82053
0.794505
0.767652
0.740156
0.712194
0.683936
0.655538
0.627152
0.598914
0.570958
0.5434
0.516318
0.489811
0.463986
0.438942
0.414773
0.391563
0.36939
0.348325
0.32843
0.309757
0.292352
0.276247
0.261464
0.24801
0.235873
0.225019
0.215391
0.206902
0.19944
0.192864
0.187017
0.181729
0.176834
0.172176
0.167622
0.163063
0.158421
0.153643
0.148698
0.143576
0.138277
0.132814
0.127202
0.121463
0.115619
0.109696
0.103716
0.0977036
0.0916795
0.0856643
0.0796771
0.0737373
0.067863
0.0620717
0.0563807
0.0508079
0.0453726
0.040096
0.0350019
0.0301177
0.0254748
0.0211087
0.0170598
0.0133744
0.0101033
0.00730238
0.00503185
0.00334199
0.00221038
0.00156149
0.00125847
0.00104459
0.000728151
0.000528023
0.950339
0.930533
0.908911
0.885721
0.861185
0.835509
0.808886
0.781501
0.753531
0.725144
0.696498
0.667745
0.639028
0.610481
0.582229
0.554384
0.52702
0.500243
0.474159
0.448865
0.424453
0.40101
0.378614
0.357337
0.337242
0.318386
0.300814
0.284561
0.269649
0.256085
0.243856
0.232925
0.223231
0.214683
0.207162
0.200523
0.194605
0.189234
0.184241
0.17947
0.174787
0.170084
0.165283
0.160331
0.155199
0.149877
0.144367
0.138682
0.13284
0.126862
0.120772
0.114598
0.108363
0.102091
0.0958051
0.0895268
0.0832758
0.0770726
0.070936
0.0648846
0.0589364
0.0531106
0.0474272
0.0419088
0.0365807
0.0314715
0.0266146
0.0220473
0.0178124
0.0139586
0.0105395
0.0076138
0.0052448
0.00348417
0.0023054
0.00162941
0.00131429
0.0010912
0.000763461
0.000555892
0.968001
0.947099
0.924525
0.900502
0.875237
0.848922
0.82174
0.793864
0.76546
0.736688
0.707699
0.678637
0.649639
0.620833
0.592341
0.56426
0.536673
0.509687
0.483403
0.45792
0.433326
0.40971
0.387149
0.365717
0.34548
0.326493
0.308806
0.292452
0.277456
0.263822
0.251536
0.240558
0.230824
0.222236
0.214672
0.207982
0.201999
0.19655
0.191462
0.18658
0.181769
0.176922
0.171962
0.166838
0.161522
0.156003
0.150286
0.144384
0.138316
0.132106
0.125777
0.119359
0.112875
0.106352
0.0998118
0.0932779
0.0867708
0.0803117
0.0739204
0.0676161
0.0614181
0.0553462
0.0494216
0.0436682
0.0381123
0.0327843
0.0277192
0.0229564
0.0185406
0.0145233
0.0109606
0.00791411
0.00545004
0.00362129
0.00239716
0.00169521
0.00136852
0.00113652
0.000798152
0.000583394
0.983995
0.962066
0.938593
0.913783
0.887829
0.860913
0.833206
0.804873
0.776071
0.746952
0.717659
0.68833
0.659094
0.630075
0.601391
0.573123
0.545365
0.518223
0.491795
0.466176
0.441457
0.417722
0.395051
0.373517
0.353188
0.334121
0.316365
0.299956
0.284915
0.271248
0.258937
0.24794
0.238187
0.229578
0.221984
0.215251
0.209211
0.203686
0.198505
0.193512
0.188572
0.183583
0.178465
0.17317
0.167671
0.161958
0.156038
0.149924
0.143636
0.137199
0.130638
0.123981
0.117256
0.110488
0.103702
0.0969195
0.0901637
0.0834561
0.0768174
0.0702676
0.0638267
0.0575156
0.0513567
0.0453746
0.0395973
0.0340567
0.0287892
0.0238362
0.0192449
0.0150689
0.011367
0.00820358
0.00564776
0.00375349
0.00248574
0.00175895
0.00142119
0.0011806
0.000832233
0.000610523
0.998466
0.975571
0.951249
0.925693
0.899088
0.871604
0.843405
0.814647
0.78548
0.756047
0.726485
0.696925
0.667491
0.638301
0.609462
0.581054
0.553174
0.525925
0.499402
0.473699
0.448903
0.4251
0.402368
0.380783
0.36041
0.341308
0.323527
0.307102
0.292055
0.278388
0.266082
0.25509
0.245339
0.236723
0.22911
0.222343
0.216249
0.21065
0.205377
0.200272
0.195204
0.190071
0.184796
0.179331
0.173651
0.167748
0.161627
0.155305
0.148802
0.142143
0.135356
0.128469
0.121509
0.114503
0.107477
0.100454
0.0934564
0.0865075
0.0796285
0.0728402
0.0661634
0.05962
0.0532333
0.0470291
0.0410367
0.0352893
0.0298252
0.0246875
0.0199257
0.0155957
0.011759
0.00848248
0.00583818
0.0038809
0.00257125
0.00182067
0.00147235
0.00122347
0.000865709
0.000637274
1.01154
0.987731
0.962607
0.936345
0.909123
0.881103
0.852443
0.82329
0.793788
0.764072
0.734273
0.704515
0.674918
0.645593
0.616637
0.58813
0.560172
0.53286
0.506288
0.480546
0.45572
0.431895
0.409149
0.387557
0.367184
0.34809
0.330324
0.313921
0.298901
0.285265
0.27299
0.262026
0.252293
0.243684
0.236061
0.229265
0.22312
0.21745
0.212083
0.206867
0.20167
0.196392
0.19096
0.185326
0.179466
0.173375
0.167058
0.160532
0.153818
0.146944
0.139935
0.132823
0.125635
0.118399
0.111139
0.103882
0.0966506
0.0894675
0.0823552
0.0753353
0.0684295
0.0616604
0.0550524
0.0486325
0.042431
0.0364828
0.0308277
0.0255108
0.0205836
0.0161043
0.0121369
0.00875111
0.0060215
0.00400366
0.00265376
0.00188044
0.00152204
0.00126516
0.000898588
0.000663642
1.02332
0.998649
0.972765
0.945834
0.918029
0.889505
0.860412
0.830892
0.801082
0.771112
0.741106
0.711182
0.681453
0.652028
0.622988
0.594421
0.566424
0.539091
0.51251
0.486771
0.461959
0.438155
0.415437
0.39388
0.373548
0.354502
0.336788
0.320441
0.30548
0.291901
0.27968
0.268762
0.259064
0.250473
0.242848
0.236026
0.229833
0.224091
0.218631
0.213301
0.207974
0.202551
0.196961
0.191159
0.185122
0.178844
0.172334
0.165607
0.158688
0.151602
0.144379
0.137048
0.129638
0.122177
0.114692
0.107208
0.0997483
0.0923379
0.0849992
0.0777545
0.0706263
0.0636381
0.0568152
0.0501857
0.0437813
0.0376381
0.0317975
0.0263066
0.0212189
0.016595
0.0125011
0.00900975
0.00619795
0.00412191
0.00273337
0.00193833
0.00157028
0.0013057
0.000930875
0.000689622
1.03389
1.00841
0.981808
0.954244
0.925887
0.896889
0.867391
0.837532
0.807442
0.777245
0.747059
0.716997
0.687168
0.65767
0.62858
0.59999
0.571991
0.544673
0.518123
0.492427
0.467667
0.443923
0.421273
0.399789
0.379537
0.360573
0.342945
0.326686
0.311812
0.298316
0.28617
0.275316
0.265665
0.2571
0.249477
0.242634
0.236393
0.230579
0.225024
0.219579
0.21412
0.208552
0.202804
0.196834
0.19062
0.184159
0.177458
0.170535
0.163415
0.156123
0.14869
0.141146
0.13352
0.125841
0.118136
0.110432
0.102751
0.0951205
0.087562
0.0800991
0.0727551
0.0655542
0.0585227
0.0516898
0.0450884
0.0387559
0.0327354
0.0270757
0.0218324
0.0170682
0.012852
0.00925872
0.00636774
0.00423581
0.00281018
0.00199438
0.00161713
0.00134514
0.000962575
0.00071521
1.04334
1.01709
0.989808
0.961646
0.93277
0.903326
0.873452
0.843281
0.812936
0.782538
0.752199
0.722028
0.692126
0.662582
0.633475
0.604894
0.576927
0.54966
0.523176
0.497558
0.472887
0.449241
0.426695
0.405321
0.385182
0.366335
0.348825
0.332682
0.317919
0.304529
0.292476
0.281699
0.272105
0.263574
0.255959
0.249094
0.242806
0.236918
0.231267
0.225705
0.220114
0.214398
0.208492
0.202355
0.195967
0.189323
0.182435
0.17532
0.168002
0.160509
0.152872
0.14512
0.137285
0.129394
0.121475
0.113557
0.105662
0.0978171
0.0900454
0.0823708
0.0748173
0.06741
0.0601761
0.0531458
0.0463531
0.039837
0.0336419
0.0278185
0.0224244
0.0175246
0.0131901
0.00949832
0.0065311
0.0043455
0.00288427
0.00204865
0.00166262
0.0013835
0.000993695
0.000740402
1.05173
1.02476
0.996827
0.968102
0.938738
0.908878
0.878655
0.848198
0.817625
0.787052
0.756586
0.726331
0.696384
0.666822
0.637727
0.609187
0.581283
0.554099
0.527715
0.502209
0.477661
0.454147
0.431739
0.410508
0.390515
0.371814
0.35445
0.338449
0.323822
0.310555
0.298611
0.287923
0.278396
0.269903
0.262298
0.255414
0.249077
0.243114
0.237364
0.231684
0.225958
0.220094
0.21403
0.207726
0.201164
0.194341
0.187268
0.179964
0.172453
0.164764
0.156927
0.148973
0.140933
0.132837
0.124711
0.116585
0.108482
0.10043
0.0924511
0.0845711
0.0768144
0.0692069
0.0617766
0.0545548
0.0475765
0.0408822
0.0345179
0.0285358
0.0229957
0.0179645
0.0135156
0.00972884
0.00668825
0.00445111
0.00295573
0.00210119
0.00170679
0.0014208
0.00102424
0.000765195
1.05912
1.03145
1.00292
0.973664
0.943844
0.913598
0.883055
0.852338
0.821563
0.790841
0.760274
0.729962
0.699992
0.670439
0.641387
0.612916
0.585106
0.558036
0.531782
0.506421
0.482028
0.458677
0.436439
0.415381
0.395563
0.377038
0.359845
0.344009
0.329537
0.316411
0.30459
0.294001
0.284546
0.276096
0.268502
0.261598
0.25521
0.24917
0.243319
0.237519
0.231656
0.225643
0.219421
0.212951
0.206216
0.199215
0.19196
0.18447
0.17677
0.168889
0.160858
0.152708
0.14447
0.136173
0.127847
0.119518
0.111214
0.10296
0.0947808
0.0867017
0.0787478
0.0709461
0.0633253
0.0559177
0.0487596
0.0418925
0.035364
0.0292282
0.0235466
0.0183884
0.013829
0.00995059
0.0068394
0.0045528
0.00302466
0.00215207
0.00174966
0.00145709
0.00105421
0.000789586
1.06554
1.03723
1.00813
0.978378
0.948135
0.917532
0.886697
0.855749
0.824799
0.793953
0.763311
0.732967
0.702998
0.673483
0.6445
0.616127
0.58844
0.561513
0.535419
0.510231
0.486023
0.462865
0.440826
0.41997
0.400354
0.382029
0.365031
0.349381
0.335082
0.322111
0.310423
0.299941
0.290563
0.282158
0.274575
0.267649
0.26121
0.255089
0.249135
0.243212
0.237211
0.231049
0.224667
0.218031
0.211125
0.203949
0.196515
0.188843
0.180958
0.17289
0.164669
0.156327
0.147896
0.139405
0.130883
0.12236
0.11386
0.10541
0.0970363
0.088764
0.080619
0.0726289
0.0648235
0.0572357
0.0499032
0.0428687
0.0361812
0.0298965
0.0240779
0.0187968
0.0141306
0.0101639
0.00698476
0.00465069
0.00309114
0.00220132
0.00179128
0.00149238
0.00108361
0.000813571
1.07104
1.04212
1.01249
0.982283
0.95165
0.920722
0.889625
0.858473
0.827374
0.796432
0.76574
0.735388
0.705447
0.675995
0.647109
0.618862
0.591324
0.564567
0.538661
0.513676
0.48968
0.466743
0.44493
0.424302
0.404914
0.386812
0.370029
0.354583
0.340471
0.327668
0.316122
0.305753
0.296455
0.288095
0.280523
0.273573
0.267078
0.260875
0.254814
0.248766
0.242626
0.236313
0.229773
0.222972
0.215896
0.208547
0.200936
0.193085
0.185019
0.176768
0.168362
0.159834
0.151215
0.142535
0.133824
0.12511
0.116421
0.107782
0.0992192
0.0907596
0.0824294
0.0742568
0.0662722
0.0585099
0.0510083
0.0438115
0.03697
0.0305411
0.0245901
0.0191901
0.0144209
0.010369
0.00712455
0.00474493
0.00315525
0.00224901
0.00183167
0.0015267
0.00111244
0.000837147
1.07565
1.04617
1.01604
0.985413
0.954424
0.923205
0.891875
0.860548
0.829329
0.798317
0.767603
0.737265
0.707378
0.678018
0.649255
0.621159
0.593797
0.567237
0.541545
0.516788
0.493032
0.470341
0.448779
0.428403
0.409265
0.391407
0.374858
0.359631
0.34572
0.333094
0.321696
0.311444
0.302227
0.293913
0.286349
0.279372
0.272819
0.26653
0.260361
0.254186
0.247904
0.24144
0.23474
0.227775
0.220531
0.21301
0.205226
0.197199
0.188956
0.180526
0.17194
0.163231
0.154429
0.145566
0.136671
0.127773
0.118899
0.110076
0.101331
0.0926902
0.0841805
0.0758309
0.0676728
0.0597413
0.0520759
0.044722
0.0377313
0.0311629
0.0250837
0.0195689
0.0147002
0.0105662
0.00725897
0.00483564
0.00321708
0.00229517
0.00187086
0.00156008
0.00114072
0.000860311
1.07939
1.04939
1.01881
0.987799
0.95649
0.925011
0.893481
0.86201
0.8307
0.799645
0.768933
0.738636
0.708831
0.679587
0.650973
0.623054
0.595894
0.569557
0.544104
0.519601
0.496108
0.473688
0.4524
0.432297
0.413429
0.395833
0.379534
0.364541
0.35084
0.338398
0.327154
0.317021
0.307886
0.299614
0.292056
0.28505
0.278435
0.272057
0.265776
0.259471
0.253047
0.246431
0.239572
0.232443
0.225033
0.217343
0.209388
0.201189
0.192772
0.184167
0.175406
0.16652
0.15754
0.148499
0.139426
0.13035
0.121297
0.112297
0.103374
0.0945573
0.0858736
0.0773525
0.0690264
0.060931
0.053107
0.0456009
0.0384658
0.0317624
0.0255593
0.0199336
0.0149688
0.0107558
0.00738821
0.00492296
0.0032767
0.00233985
0.0019089
0.00159254
0.00116843
0.00088306
1.08229
1.05181
1.02083
0.989467
0.957874
0.926171
0.894474
0.86289
0.831518
0.80045
0.769765
0.739537
0.70984
0.680739
0.6523
0.624583
0.597649
0.571558
0.54637
0.522143
0.498937
0.47681
0.455817
0.436009
0.417429
0.400111
0.384075
0.369325
0.355844
0.343592
0.332504
0.32249
0.313435
0.305204
0.297648
0.290608
0.283928
0.277457
0.271061
0.264626
0.258058
0.251289
0.244272
0.23698
0.229404
0.221548
0.213425
0.205057
0.19647
0.187695
0.178762
0.169704
0.160552
0.151338
0.142092
0.132843
0.123617
0.114444
0.10535
0.0963624
0.0875102
0.0788231
0.0703342
0.0620801
0.0541025
0.0464491
0.0391743
0.0323402
0.0260174
0.0202845
0.0152272
0.010938
0.00751247
0.00500701
0.00333419
0.0023831
0.0019458
0.0016241
0.00119558
0.000905392
1.08437
1.05346
1.02211
0.990442
0.958604
0.926713
0.894882
0.863217
0.831814
0.80076
0.770131
0.740001
0.710438
0.681506
0.653266
0.625776
0.599093
0.573273
0.548371
0.524444
0.501547
0.479733
0.459055
0.439558
0.421282
0.404256
0.388495
0.373997
0.360741
0.348683
0.337752
0.327856
0.318878
0.310685
0.303126
0.296049
0.289299
0.282732
0.27622
0.269651
0.262938
0.256016
0.248841
0.241388
0.233648
0.225627
0.217339
0.208805
0.200053
0.191111
0.182011
0.172786
0.163467
0.154085
0.144671
0.135253
0.12586
0.11652
0.107259
0.0981071
0.0890917
0.0802438
0.0715973
0.0631895
0.0550633
0.0472673
0.0398574
0.0328971
0.0264586
0.0206223
0.0154757
0.0111132
0.00763194
0.00508791
0.00338963
0.00242495
0.00198159
0.00165478
0.00122217
0.000927303
1.08564
1.05435
1.02267
0.990746
0.958702
0.92666
0.894732
0.86302
0.831618
0.800607
0.770063
0.740058
0.710657
0.68192
0.653905
0.626666
0.600257
0.57473
0.550137
0.526531
0.503962
0.482481
0.462135
0.442966
0.425008
0.408285
0.392807
0.378569
0.365542
0.353678
0.342903
0.333123
0.32422
0.316059
0.308494
0.301374
0.294551
0.287885
0.281253
0.274549
0.267691
0.260616
0.253283
0.245669
0.237768
0.229584
0.221134
0.212437
0.203522
0.194418
0.185156
0.175768
0.166286
0.156741
0.147164
0.137584
0.128029
0.118526
0.109105
0.0997929
0.0906194
0.081616
0.0728168
0.0642604
0.0559904
0.0480565
0.0405159
0.0334336
0.0268833
0.0209473
0.0157146
0.0112816
0.00774679
0.00516576
0.00344309
0.00246544
0.0020163
0.0016846
0.00124821
0.000948791
1.08612
1.0545
1.02255
0.990399
0.958191
0.926037
0.894049
0.862325
0.830954
0.800018
0.76959
0.739739
0.710527
0.682011
0.654246
0.627282
0.60117
0.575958
0.551695
0.528429
0.506208
0.485077
0.465079
0.44625
0.428622
0.412211
0.397025
0.383049
0.370253
0.358583
0.347964
0.338296
0.329462
0.321328
0.313752
0.306585
0.299684
0.292916
0.286162
0.279322
0.272317
0.265089
0.257599
0.249826
0.241765
0.233422
0.224811
0.215956
0.206882
0.19762
0.188199
0.178653
0.169013
0.15931
0.149575
0.139837
0.130124
0.120465
0.110888
0.101421
0.0920948
0.0829408
0.073994
0.0652938
0.0568846
0.0488174
0.0411506
0.0339503
0.0272922
0.0212598
0.0159442
0.0114434
0.0078572
0.0052407
0.00349462
0.00250462
0.00204995
0.00171358
0.00127369
0.000969853
1.08583
1.05392
1.02174
0.989424
0.957093
0.924869
0.892858
0.861156
0.829851
0.799022
0.768741
0.739073
0.710077
0.681808
0.654317
0.627652
0.601859
0.576984
0.553071
0.530165
0.508308
0.487542
0.467905
0.449429
0.43214
0.416049
0.401158
0.387448
0.374883
0.363406
0.352937
0.343377
0.334607
0.326496
0.318902
0.311683
0.304701
0.297828
0.290949
0.283971
0.276819
0.269437
0.261791
0.253861
0.245642
0.237141
0.228374
0.219363
0.210134
0.200717
0.191142
0.181442
0.171649
0.161793
0.151905
0.142014
0.132149
0.122338
0.11261
0.102993
0.0935191
0.0842194
0.0751299
0.0662906
0.0577469
0.0495509
0.041762
0.0344479
0.0276856
0.0215605
0.016165
0.0115988
0.00796332
0.00531281
0.00354431
0.00254252
0.00208257
0.00174175
0.00129861
0.000990485
1.08478
1.05264
1.02028
0.987838
0.955431
0.923177
0.891182
0.85954
0.828336
0.797647
0.767543
0.738086
0.709335
0.681339
0.654147
0.627804
0.602352
0.577834
0.55429
0.53176
0.510283
0.489896
0.470632
0.452519
0.435576
0.419811
0.405217
0.391774
0.379439
0.368151
0.357828
0.34837
0.339658
0.331562
0.323946
0.31667
0.309603
0.30262
0.295615
0.288498
0.281198
0.273664
0.265862
0.257776
0.249401
0.240746
0.231825
0.222661
0.213281
0.203713
0.193989
0.184139
0.174196
0.164191
0.154155
0.144117
0.134104
0.124146
0.114272
0.104511
0.0948937
0.0854531
0.0762255
0.0672517
0.0585781
0.0502576
0.0423508
0.0349269
0.0280641
0.0218495
0.0163771
0.0117482
0.00806533
0.0053822
0.0035922
0.00257917
0.00211418
0.0017691
0.00132299
0.00101069
1.08299
1.05068
1.01819
0.985665
0.953226
0.920986
0.889047
0.857501
0.826433
0.795918
0.766023
0.736809
0.708329
0.680632
0.653763
0.627765
0.602675
0.578533
0.555375
0.533237
0.512154
0.492158
0.473278
0.455536
0.438944
0.423507
0.409213
0.396034
0.383926
0.372822
0.36264
0.353277
0.344616
0.336529
0.328884
0.321547
0.314389
0.307295
0.300162
0.292904
0.285456
0.27777
0.269814
0.261574
0.253045
0.244237
0.235166
0.225853
0.216325
0.20661
0.19674
0.186745
0.176657
0.166508
0.156329
0.146147
0.135992
0.125892
0.115876
0.105975
0.0962197
0.0866429
0.0772819
0.0681783
0.0593791
0.0509383
0.0429178
0.0353878
0.0284282
0.0221274
0.0165809
0.0118917
0.00816337
0.00544897
0.00363836
0.0026146
0.00214481
0.00179567
0.0013468
0.00103045
1.08047
1.04804
1.01548
0.982925
0.950501
0.918317
0.886475
0.855066
0.824171
0.793864
0.764209
0.735266
0.707086
0.679714
0.653192
0.62756
0.602853
0.579105
0.556349
0.534618
0.513942
0.494347
0.475859
0.458493
0.442257
0.427149
0.413153
0.400236
0.388349
0.377424
0.367374
0.358099
0.349482
0.341398
0.333718
0.326313
0.319062
0.311853
0.30459
0.297191
0.289595
0.281757
0.273649
0.265255
0.256576
0.247618
0.238399
0.22894
0.219268
0.20941
0.199398
0.189262
0.179034
0.168746
0.158427
0.148106
0.137813
0.127576
0.117424
0.107388
0.0974985
0.0877901
0.0783002
0.0690711
0.0601506
0.0515938
0.0434635
0.0358312
0.0287782
0.0223944
0.0167767
0.0120295
0.00825759
0.00551322
0.00368284
0.00264885
0.00217446
0.00182145
0.00137006
0.00104978
1.07724
1.04475
1.01217
0.97964
0.947279
0.915197
0.883494
0.85226
0.821575
0.79151
0.762129
0.733487
0.705633
0.678612
0.652461
0.627216
0.60291
0.579573
0.557235
0.535923
0.515664
0.496481
0.47839
0.461404
0.445525
0.430746
0.417045
0.404385
0.392713
0.381958
0.372034
0.362838
0.354257
0.346168
0.338447
0.330971
0.323622
0.316296
0.3089
0.30136
0.293616
0.285627
0.277368
0.268824
0.259995
0.250891
0.241527
0.231926
0.222112
0.212115
0.201965
0.191692
0.181329
0.170905
0.160451
0.149997
0.13957
0.1292
0.118917
0.10875
0.0987311
0.0888957
0.0792813
0.069931
0.0608935
0.0522247
0.0439885
0.0362576
0.0291147
0.0226509
0.0169648
0.0121619
0.00834813
0.00557501
0.0037257
0.00268195
0.00220317
0.00184648
0.00139277
0.00106867
1.07333
1.04084
1.00829
0.975835
0.943585
0.91165
0.880129
0.84911
0.818672
0.788884
0.759808
0.731497
0.703998
0.677352
0.651594
0.626757
0.60287
0.57996
0.558053
0.537173
0.517341
0.498574
0.480886
0.464282
0.44876
0.434306
0.420895
0.408486
0.397021
0.386428
0.37662
0.367495
0.358942
0.350841
0.343072
0.335519
0.328069
0.320623
0.313094
0.305411
0.29752
0.289382
0.280972
0.27228
0.263305
0.254057
0.244552
0.234811
0.22486
0.214728
0.204444
0.194038
0.183543
0.172988
0.162404
0.15182
0.141264
0.130766
0.120355
0.110062
0.0999188
0.0899607
0.0802262
0.070759
0.0616086
0.0528318
0.0444935
0.0366676
0.0294381
0.0228974
0.0171454
0.012289
0.00843511
0.00563445
0.00376698
0.00271392
0.00223095
0.00187075
0.00141492
0.00108711
1.06876
1.03632
1.00387
0.971535
0.939445
0.907704
0.876408
0.845645
0.815491
0.786015
0.757276
0.729326
0.702208
0.67596
0.650617
0.626207
0.602756
0.580288
0.558825
0.538386
0.518988
0.500643
0.483359
0.467137
0.451969
0.437837
0.424709
0.412542
0.401276
0.390836
0.381134
0.37207
0.363536
0.355415
0.347594
0.339958
0.332403
0.324835
0.317172
0.309347
0.301309
0.293023
0.284465
0.275626
0.266508
0.257118
0.247474
0.237598
0.227514
0.21725
0.206836
0.196301
0.185678
0.174997
0.164287
0.153578
0.142897
0.132275
0.121741
0.111326
0.101063
0.0909862
0.0811359
0.0715559
0.0622967
0.0534157
0.0449791
0.0370616
0.0297487
0.023134
0.0173187
0.012411
0.00851867
0.00569161
0.00380674
0.00274479
0.00225782
0.00189428
0.00143651
0.00110511
1.06355
1.03122
0.998917
0.966767
0.934887
0.903386
0.872359
0.841892
0.812061
0.782931
0.754561
0.727
0.700289
0.674464
0.649556
0.625591
0.602592
0.580579
0.55957
0.539581
0.520622
0.502702
0.485823
0.469981
0.455162
0.441344
0.428492
0.416557
0.405479
0.395181
0.385575
0.376563
0.368039
0.359892
0.352011
0.344288
0.336626
0.328933
0.321135
0.313167
0.304984
0.29655
0.287847
0.278864
0.269604
0.260077
0.250298
0.240289
0.230075
0.219683
0.209143
0.198484
0.187737
0.176933
0.166102
0.155271
0.144471
0.133729
0.123076
0.112543
0.102164
0.0919732
0.0820112
0.0723225
0.0629583
0.0539771
0.0454457
0.0374402
0.030047
0.0233612
0.0174851
0.0125281
0.00859892
0.00574657
0.00384502
0.00277458
0.0022838
0.00191709
0.00145754
0.00112266
1.05772
1.02558
0.993478
0.961561
0.929943
0.898728
0.868014
0.837883
0.808411
0.779662
0.751691
0.724547
0.698269
0.672889
0.648435
0.624932
0.6024
0.580854
0.560309
0.540775
0.522259
0.504764
0.488288
0.472821
0.458345
0.444833
0.432246
0.420534
0.409632
0.399465
0.389944
0.380974
0.372451
0.364269
0.356323
0.34851
0.340736
0.332918
0.324983
0.316874
0.308545
0.299967
0.291119
0.281995
0.272597
0.262934
0.253024
0.242886
0.232546
0.22203
0.211367
0.200587
0.18972
0.178798
0.167849
0.156902
0.145985
0.135128
0.124361
0.113715
0.103223
0.0929227
0.082853
0.0730596
0.0635943
0.0545165
0.0458939
0.0378037
0.0303333
0.0235792
0.0176447
0.0126405
0.00867598
0.00579939
0.00388186
0.00280332
0.0023089
0.00193917
0.00147801
0.00113975
1.05132
1.01942
0.98758
0.95595
0.924642
0.893762
0.863403
0.833648
0.804572
0.776237
0.748697
0.721997
0.696174
0.67126
0.64728
0.624255
0.602202
0.581133
0.561059
0.541985
0.523913
0.506842
0.490764
0.475665
0.461524
0.448308
0.435975
0.424473
0.413735
0.403686
0.39424
0.385301
0.376771
0.368548
0.36053
0.352622
0.344734
0.336789
0.328718
0.320467
0.311995
0.303273
0.294284
0.285021
0.275487
0.265693
0.255654
0.24539
0.234927
0.224291
0.213509
0.202612
0.191631
0.180594
0.169532
0.158472
0.147443
0.136474
0.125597
0.114842
0.104242
0.0938356
0.0836621
0.0737679
0.0642054
0.0550346
0.0463243
0.0381526
0.0306081
0.0237883
0.0177979
0.0127483
0.00874995
0.00585015
0.0039173
0.00283104
0.00233313
0.00196055
0.00149793
0.0011564
1.04438
1.01278
0.981258
0.949969
0.919022
0.888521
0.85856
0.829221
0.800577
0.772688
0.745607
0.719377
0.694033
0.669605
0.646116
0.623584
0.602021
0.581437
0.561838
0.543225
0.525597
0.508945
0.49326
0.478521
0.464704
0.451772
0.439681
0.428375
0.417789
0.407846
0.398461
0.389544
0.380998
0.372725
0.364631
0.356624
0.348621
0.340547
0.33234
0.323948
0.315334
0.30647
0.297342
0.287943
0.278277
0.268354
0.258189
0.247804
0.237222
0.226469
0.215572
0.204562
0.193469
0.182322
0.17115
0.159981
0.148844
0.137769
0.126785
0.115925
0.105221
0.0947127
0.0844395
0.0744483
0.0647921
0.055532
0.0467374
0.0384873
0.0308716
0.0239889
0.0179447
0.0128517
0.00882094
0.00589891
0.00395138
0.00285774
0.00235652
0.00198123
0.00151727
0.00117258
1.03693
1.00569
0.97455
0.943655
0.913117
0.883042
0.853521
0.824637
0.796459
0.769048
0.742453
0.716717
0.691874
0.667951
0.644968
0.622941
0.601878
0.581785
0.562663
0.544511
0.527322
0.511084
0.495782
0.481394
0.467888
0.455227
0.443363
0.43224
0.421791
0.411941
0.402607
0.393701
0.38513
0.376802
0.368626
0.360517
0.352395
0.344192
0.335848
0.327317
0.318563
0.30956
0.300295
0.290763
0.280968
0.270919
0.260632
0.250129
0.239431
0.228565
0.217557
0.206438
0.195237
0.183984
0.172706
0.161432
0.150191
0.139013
0.127927
0.116965
0.106162
0.095555
0.0851858
0.0751013
0.0653552
0.0560092
0.0471335
0.0388083
0.0311243
0.0241811
0.0180854
0.0129508
0.00888904
0.00594573
0.00398414
0.00288346
0.00237907
0.00200121
0.00153606
0.0011883
1.02903
0.998206
0.967498
0.937049
0.90697
0.877364
0.848324
0.81993
0.792252
0.765348
0.739266
0.714048
0.689726
0.666325
0.643863
0.622349
0.601792
0.582193
0.56355
0.545855
0.529099
0.513267
0.498338
0.484286
0.471078
0.458673
0.447022
0.436066
0.425741
0.41597
0.406675
0.39777
0.389166
0.380775
0.372513
0.364298
0.356057
0.347724
0.339245
0.330576
0.321682
0.312543
0.303144
0.293482
0.28356
0.273389
0.262985
0.252366
0.241556
0.23058
0.219466
0.208241
0.196936
0.18558
0.174201
0.162826
0.151485
0.140207
0.129023
0.117964
0.107065
0.0963633
0.0859018
0.0757277
0.0658952
0.0564667
0.0475133
0.0391158
0.0313663
0.0243652
0.0182201
0.0130458
0.00895434
0.00599066
0.00401561
0.00290821
0.0024008
0.00202051
0.00155428
0.00120356
1.02071
0.990366
0.960148
0.930195
0.900621
0.871529
0.843008
0.815141
0.787992
0.761622
0.736079
0.711401
0.687619
0.664755
0.642823
0.621832
0.601785
0.58268
0.564511
0.547269
0.530938
0.5155
0.500931
0.487202
0.474276
0.462111
0.450656
0.439853
0.429636
0.419932
0.410663
0.401749
0.393104
0.384645
0.376292
0.367969
0.359606
0.351144
0.34253
0.333723
0.324694
0.31542
0.30589
0.296101
0.286057
0.275767
0.265247
0.254517
0.243599
0.232517
0.221299
0.209972
0.198568
0.187113
0.175635
0.164164
0.152727
0.141353
0.130074
0.118922
0.10793
0.0971385
0.0865884
0.0763282
0.0664127
0.0569051
0.0478771
0.0394104
0.0315981
0.0245415
0.0183492
0.0131368
0.00901693
0.00603376
0.00404582
0.00293201
0.00242173
0.00203913
0.00157193
0.00121836
1.01203
0.982223
0.952547
0.923141
0.894117
0.865578
0.837614
0.810304
0.783716
0.757908
0.732927
0.708809
0.685582
0.663267
0.641874
0.62141
0.601873
0.58326
0.565561
0.548762
0.532845
0.517788
0.503564
0.490142
0.477482
0.46554
0.454264
0.443597
0.433473
0.423822
0.414569
0.405635
0.396942
0.388409
0.379961
0.371527
0.363043
0.35445
0.345703
0.336762
0.327598
0.318193
0.308535
0.298622
0.288458
0.278053
0.267422
0.256584
0.245561
0.234377
0.223059
0.211634
0.200133
0.188583
0.177012
0.165447
0.153917
0.142452
0.131082
0.11984
0.10876
0.0978811
0.087246
0.0769033
0.0669083
0.0573248
0.0482253
0.0396924
0.0318198
0.0247101
0.0184727
0.0132238
0.00907689
0.00607509
0.00407481
0.00295488
0.00244185
0.00205707
0.001589
0.00123268
1.00304
0.97383
0.944749
0.915936
0.887505
0.859557
0.832183
0.805463
0.779464
0.754243
0.729845
0.706304
0.683646
0.661888
0.641039
0.621102
0.602075
0.583948
0.566709
0.550342
0.534826
0.520135
0.50624
0.493106
0.480693
0.468956
0.457842
0.447295
0.437249
0.427638
0.418389
0.409428
0.400678
0.392066
0.38352
0.374973
0.366366
0.357645
0.348765
0.339691
0.330396
0.320862
0.311079
0.301046
0.290765
0.280249
0.26951
0.258567
0.247443
0.236161
0.224747
0.213228
0.201634
0.189992
0.17833
0.166676
0.155058
0.143504
0.132047
0.120719
0.109554
0.0985921
0.0878755
0.0774537
0.0673825
0.0577263
0.0485584
0.039962
0.0320319
0.0248714
0.0185907
0.0133071
0.0091343
0.00611468
0.0041026
0.00297683
0.00246118
0.00207435
0.00160551
0.00124654
0.993816
0.965249
0.93681
0.908635
0.880835
0.853513
0.826763
0.800663
0.775279
0.750667
0.726868
0.703917
0.681837
0.660642
0.640339
0.620929
0.602404
0.584755
0.567966
0.552018
0.536886
0.522543
0.508958
0.496093
0.483908
0.472357
0.461388
0.450943
0.440961
0.431377
0.422121
0.413122
0.40431
0.395614
0.386966
0.378306
0.369576
0.360726
0.351715
0.342511
0.333087
0.323428
0.313524
0.303373
0.29298
0.282355
0.271512
0.260469
0.249247
0.23787
0.226363
0.214754
0.203071
0.191341
0.179593
0.167853
0.156149
0.144512
0.132971
0.12156
0.110314
0.0992721
0.0884775
0.07798
0.0678359
0.0581101
0.0488767
0.0402196
0.0322345
0.0250255
0.0187036
0.0133868
0.00918922
0.00615259
0.00412922
0.00299788
0.00247974
0.00209097
0.00162144
0.00125992
0.984412
0.956543
0.92879
0.901291
0.874159
0.8475
0.821404
0.795951
0.771204
0.747218
0.724034
0.701683
0.680186
0.659555
0.639796
0.620906
0.602876
0.585693
0.569339
0.553792
0.539026
0.525012
0.511716
0.4991
0.487124
0.475739
0.464895
0.454537
0.444604
0.435034
0.425761
0.416717
0.407836
0.399051
0.3903
0.381524
0.372671
0.363695
0.354556
0.345223
0.335674
0.325892
0.31587
0.305606
0.295104
0.284374
0.27343
0.26229
0.250975
0.239506
0.22791
0.216214
0.204445
0.192632
0.1808
0.168978
0.157193
0.145474
0.133854
0.122364
0.11104
0.0999218
0.0890526
0.0784826
0.0682688
0.0584766
0.0491806
0.0404656
0.032428
0.0251726
0.0188113
0.0134628
0.00924173
0.00618885
0.00415469
0.00301804
0.00249753
0.00210694
0.0016368
0.00127282
0.974908
0.947777
0.920752
0.893968
0.86754
0.841573
0.816158
0.791373
0.767282
0.743936
0.721376
0.69963
0.678718
0.65865
0.639428
0.621048
0.6035
0.586768
0.570831
0.555667
0.541247
0.52754
0.514511
0.502123
0.490334
0.479096
0.46836
0.458072
0.448174
0.438606
0.429305
0.420208
0.411252
0.402376
0.393519
0.384628
0.375652
0.36655
0.357285
0.347827
0.338155
0.328255
0.318118
0.307744
0.297137
0.286306
0.275266
0.264032
0.252626
0.24107
0.229389
0.217609
0.205759
0.193865
0.181953
0.170052
0.158189
0.146394
0.134697
0.123131
0.111733
0.100542
0.0896013
0.0789622
0.0686818
0.0588262
0.0494705
0.0407002
0.0326124
0.0253129
0.0189141
0.0135355
0.00929188
0.0062235
0.00417905
0.00303733
0.00251456
0.00212225
0.00165158
0.00128525
0.965382
0.93903
0.91277
0.886734
0.861039
0.835791
0.811079
0.78698
0.763557
0.740861
0.718929
0.697789
0.677458
0.657946
0.639252
0.621369
0.604287
0.587987
0.572447
0.557643
0.543546
0.530123
0.51734
0.505157
0.493533
0.482422
0.471776
0.461541
0.451664
0.442087
0.43275
0.423593
0.414558
0.405586
0.396622
0.387615
0.378519
0.369293
0.359904
0.350324
0.340533
0.330518
0.32027
0.30979
0.299081
0.288153
0.277019
0.265696
0.254203
0.242563
0.2308
0.21894
0.207012
0.19504
0.183053
0.171077
0.159139
0.14727
0.1355
0.123863
0.112394
0.101133
0.0901243
0.0794192
0.0690754
0.0591592
0.0497466
0.0409237
0.0327882
0.0254466
0.0190121
0.0136047
0.00933975
0.00625659
0.0042023
0.00305575
0.00253084
0.00213691
0.00166577
0.00129719
0.955923
0.930385
0.90492
0.87966
0.854723
0.830213
0.806221
0.78282
0.760073
0.738029
0.716726
0.696187
0.676431
0.657462
0.63928
0.621878
0.605242
0.589352
0.574187
0.55972
0.545921
0.532758
0.520195
0.508194
0.496715
0.485711
0.475136
0.464941
0.455071
0.445473
0.436091
0.426869
0.41775
0.40868
0.399608
0.390485
0.38127
0.371923
0.362413
0.352714
0.342808
0.332681
0.322326
0.311744
0.300937
0.289915
0.278692
0.267283
0.255707
0.243987
0.232145
0.220208
0.208205
0.196161
0.184101
0.172053
0.160044
0.148105
0.136265
0.124559
0.113023
0.101695
0.0906221
0.0798542
0.0694499
0.0594761
0.0500094
0.0411363
0.0329554
0.0255738
0.0191054
0.0136707
0.00938537
0.00628815
0.00422448
0.00307333
0.00254637
0.00215093
0.00167939
0.00130864
0.946624
0.921926
0.897282
0.872819
0.848658
0.824901
0.801637
0.77894
0.756872
0.735479
0.714797
0.69485
0.675654
0.657213
0.639525
0.622582
0.606368
0.590864
0.576047
0.561891
0.548364
0.535435
0.523069
0.511228
0.49987
0.488955
0.478435
0.468263
0.458388
0.44876
0.439326
0.430031
0.420825
0.411656
0.402475
0.393238
0.383905
0.374439
0.364812
0.354998
0.344979
0.334745
0.324287
0.313606
0.302705
0.291594
0.280285
0.268793
0.257138
0.245341
0.233424
0.221415
0.209341
0.197226
0.185097
0.17298
0.160904
0.148898
0.136993
0.125221
0.11362
0.10223
0.0910951
0.0802675
0.0698057
0.0597772
0.050259
0.0413383
0.0331143
0.0256948
0.0191941
0.0137334
0.00942882
0.0063182
0.00424561
0.00309007
0.00256118
0.00216431
0.00169242
0.00131961
0.937582
0.913744
0.889937
0.866286
0.842911
0.819913
0.797381
0.775387
0.753992
0.733242
0.71317
0.6938
0.675145
0.657211
0.639993
0.623483
0.607665
0.59252
0.578024
0.56415
0.550869
0.538148
0.525953
0.514248
0.502992
0.492145
0.481663
0.471501
0.46161
0.451943
0.442448
0.433078
0.423781
0.414511
0.405222
0.395873
0.386424
0.376843
0.367101
0.357175
0.347049
0.33671
0.326154
0.315378
0.304387
0.29319
0.281799
0.270229
0.258498
0.246627
0.234639
0.222561
0.210419
0.198237
0.186043
0.173861
0.161721
0.149651
0.137683
0.125849
0.114187
0.102737
0.0915438
0.0806595
0.0701433
0.0600629
0.0504959
0.04153
0.0332651
0.0258095
0.0192783
0.0137931
0.00947012
0.00634679
0.00426569
0.00310598
0.00257525
0.00217704
0.00170486
0.00133009
0.928895
0.905929
0.882967
0.860134
0.837548
0.815309
0.793504
0.772206
0.751472
0.731348
0.711868
0.693053
0.674916
0.657462
0.640688
0.624582
0.609131
0.594314
0.580109
0.566488
0.553424
0.540885
0.528837
0.517244
0.506069
0.495273
0.484814
0.474648
0.464731
0.455015
0.445456
0.436005
0.426616
0.417245
0.407848
0.398387
0.388826
0.379132
0.369279
0.359246
0.349016
0.338578
0.327926
0.31706
0.305984
0.294705
0.283235
0.27159
0.259787
0.247847
0.235791
0.223647
0.21144
0.199196
0.186939
0.174696
0.162494
0.150364
0.138336
0.126444
0.114724
0.103217
0.0919688
0.0810308
0.0704629
0.0603334
0.0507201
0.0417115
0.0334079
0.0259183
0.0193581
0.0138496
0.00950934
0.00637394
0.00428475
0.00312108
0.0025886
0.00218915
0.00171671
0.00134008
0.920663
0.898572
0.876456
0.854437
0.832633
0.811143
0.790053
0.769434
0.749342
0.729823
0.710909
0.692622
0.674975
0.657971
0.641607
0.625874
0.610757
0.596236
0.582291
0.568894
0.556019
0.543634
0.531708
0.520206
0.509093
0.49833
0.487879
0.477697
0.467743
0.457973
0.448343
0.438809
0.429326
0.419854
0.410352
0.400782
0.39111
0.381308
0.371348
0.361212
0.350882
0.340349
0.329606
0.318654
0.307496
0.296139
0.284594
0.272878
0.261007
0.249
0.23688
0.224674
0.212406
0.200102
0.187786
0.175484
0.163225
0.151038
0.138954
0.127006
0.115232
0.103671
0.0923703
0.0813816
0.070765
0.060589
0.0509321
0.0418831
0.033543
0.0260212
0.0194337
0.0139032
0.00954651
0.00639967
0.00430281
0.00313536
0.00260124
0.00220062
0.00172797
0.00134958
0.912985
0.891761
0.870481
0.849264
0.828227
0.807468
0.787071
0.767106
0.74763
0.728686
0.710307
0.692515
0.675323
0.658734
0.642746
0.62735
0.612532
0.598275
0.584557
0.571353
0.558638
0.546382
0.534554
0.523121
0.512051
0.501306
0.490849
0.480641
0.470642
0.460811
0.451107
0.441487
0.43191
0.422338
0.412731
0.403055
0.393277
0.38337
0.373308
0.363072
0.352647
0.342023
0.331194
0.32016
0.308923
0.297492
0.285878
0.274094
0.262157
0.250088
0.237908
0.225643
0.213317
0.200956
0.188584
0.176228
0.163915
0.151674
0.139537
0.127537
0.11571
0.104099
0.0927489
0.0817124
0.0710498
0.0608301
0.051132
0.042045
0.0336704
0.0261183
0.0195051
0.0139539
0.00958167
0.00642401
0.00431988
0.00314885
0.00261316
0.00221146
0.00173863
0.00135858
0.905957
0.885582
0.865117
0.844679
0.824384
0.804327
0.784593
0.76525
0.746354
0.727949
0.710068
0.692732
0.675956
0.659743
0.644092
0.628996
0.614443
0.600414
0.586891
0.57385
0.561267
0.549113
0.537361
0.525978
0.514932
0.50419
0.493715
0.483472
0.473421
0.463524
0.453742
0.444035
0.434365
0.424694
0.414985
0.405206
0.395326
0.385317
0.375157
0.364827
0.354311
0.343601
0.33269
0.321578
0.310268
0.298767
0.287085
0.275238
0.26324
0.251112
0.238874
0.226554
0.214174
0.20176
0.189335
0.176927
0.164563
0.152272
0.140084
0.128035
0.11616
0.104501
0.0931049
0.0820235
0.0713177
0.0610568
0.0513201
0.0421973
0.0337904
0.0262097
0.0195723
0.0140016
0.00961486
0.00644698
0.00433597
0.00316155
0.00262438
0.00222168
0.0017487
0.00136708
0.89967
0.880114
0.860431
0.840738
0.821148
0.801755
0.782644
0.763881
0.745524
0.727615
0.710189
0.693266
0.676863
0.660985
0.645632
0.630797
0.61647
0.602635
0.589274
0.576367
0.563888
0.551813
0.540114
0.528762
0.517725
0.506972
0.49647
0.486182
0.476073
0.466107
0.456245
0.446451
0.436688
0.42692
0.417113
0.407234
0.397256
0.387151
0.376897
0.366477
0.355875
0.345083
0.334094
0.322909
0.311529
0.299962
0.288218
0.276311
0.264256
0.252072
0.239781
0.227408
0.214977
0.202513
0.190039
0.177583
0.16517
0.152832
0.140598
0.128502
0.116582
0.104879
0.0934387
0.0823151
0.0715688
0.0612694
0.0514965
0.0423402
0.033903
0.0262957
0.0196356
0.0140466
0.00964611
0.00646861
0.00435111
0.00317346
0.0026349
0.00223126
0.00175818
0.00137508
0.894202
0.875422
0.856478
0.837484
0.818552
0.799777
0.78124
0.763009
0.745141
0.72768
0.710659
0.694103
0.678028
0.66244
0.647342
0.632729
0.618591
0.604916
0.591686
0.578883
0.566483
0.554464
0.542798
0.531459
0.520418
0.509643
0.499103
0.488765
0.478593
0.468554
0.458612
0.448731
0.438877
0.429015
0.419112
0.409139
0.399066
0.38887
0.378527
0.368022
0.357339
0.34647
0.335408
0.324154
0.312709
0.30108
0.289277
0.277313
0.265204
0.252969
0.240627
0.228206
0.215728
0.203216
0.190697
0.178195
0.165738
0.153355
0.141077
0.128939
0.116976
0.105231
0.0937505
0.0825877
0.0718036
0.0614682
0.0516615
0.0424739
0.0340084
0.0263761
0.0196949
0.0140888
0.00967546
0.00648892
0.00436529
0.0031846
0.00264473
0.00224023
0.00176705
0.00138258
0.889619
0.871559
0.853298
0.834947
0.816618
0.798402
0.780383
0.762628
0.745194
0.728127
0.71146
0.695221
0.679425
0.664083
0.649198
0.634767
0.620782
0.607233
0.594104
0.581377
0.569032
0.557047
0.545398
0.534057
0.522998
0.512191
0.501607
0.491212
0.480975
0.470862
0.460839
0.450873
0.44093
0.430977
0.420983
0.410919
0.400757
0.390474
0.380048
0.369462
0.358703
0.347762
0.336632
0.325313
0.313807
0.30212
0.290262
0.278246
0.266087
0.253803
0.241415
0.228948
0.216426
0.203871
0.191309
0.178765
0.166266
0.153842
0.141523
0.129345
0.117343
0.105559
0.0940408
0.0828414
0.0720221
0.0616534
0.0518152
0.0425986
0.0341067
0.0264513
0.0197503
0.0141282
0.00970294
0.00650792
0.00437853
0.00319497
0.00265386
0.00224857
0.00177532
0.00138957
0.885964
0.868558
0.850912
0.833139
0.815345
0.797625
0.780061
0.76272
0.745661
0.72893
0.712563
0.696589
0.681025
0.665883
0.651169
0.636881
0.623014
0.609559
0.596502
0.583827
0.571516
0.559546
0.547897
0.536541
0.525454
0.514607
0.503972
0.493517
0.483212
0.473024
0.462922
0.452873
0.442844
0.432804
0.422723
0.412573
0.402327
0.391963
0.381459
0.370798
0.359968
0.348959
0.337766
0.326387
0.314824
0.303084
0.291175
0.27911
0.266905
0.254576
0.242144
0.229635
0.217072
0.204477
0.191875
0.179292
0.166755
0.154293
0.141937
0.129721
0.117682
0.105863
0.0943097
0.0830765
0.0722248
0.061825
0.0519578
0.0427143
0.0341981
0.0265211
0.0198018
0.014165
0.00972856
0.00652563
0.00439085
0.00320457
0.00266231
0.00225628
0.00178299
0.00139606
0.883257
0.866427
0.849321
0.832049
0.814718
0.797423
0.780244
0.763252
0.746506
0.730052
0.71393
0.698169
0.682788
0.667803
0.653219
0.639038
0.625256
0.611866
0.598855
0.58621
0.573912
0.561942
0.550278
0.538897
0.527773
0.51688
0.50619
0.495673
0.485299
0.475038
0.464858
0.454728
0.444618
0.434495
0.424333
0.414102
0.403777
0.393337
0.38276
0.37203
0.361134
0.350062
0.33881
0.327376
0.315761
0.303971
0.292015
0.279905
0.267657
0.255287
0.242815
0.230268
0.217667
0.205035
0.192397
0.179778
0.167205
0.154708
0.142317
0.130067
0.117995
0.106143
0.0945575
0.0832933
0.0724116
0.0619835
0.0520895
0.0428212
0.0342826
0.0265858
0.0198497
0.0141992
0.00975236
0.00654206
0.00440224
0.00321341
0.00267007
0.00226338
0.00179005
0.00140204
0.881487
0.865147
0.848496
0.831644
0.814698
0.797753
0.780889
0.764179
0.747681
0.731446
0.715514
0.699915
0.684672
0.669801
0.65531
0.641202
0.627476
0.614124
0.601137
0.588501
0.5762
0.564216
0.552527
0.541111
0.529944
0.519
0.508252
0.497672
0.48723
0.476898
0.466643
0.456437
0.446249
0.436049
0.42581
0.415504
0.405106
0.394595
0.383951
0.373157
0.3622
0.351072
0.339766
0.32828
0.316617
0.304782
0.292783
0.280633
0.268345
0.255937
0.243429
0.230846
0.218211
0.205545
0.192874
0.180222
0.167617
0.155088
0.142665
0.130384
0.118281
0.106399
0.0947846
0.0834919
0.072583
0.0621288
0.0522104
0.0429194
0.0343602
0.0266454
0.0198938
0.0142307
0.00977436
0.00655724
0.00441273
0.00322151
0.00267715
0.00226986
0.00179651
0.00140752
0.880609
0.864667
0.848383
0.831867
0.815225
0.798553
0.781933
0.765437
0.749128
0.733055
0.71726
0.701777
0.686629
0.671834
0.657401
0.643337
0.629639
0.616303
0.60332
0.590677
0.57836
0.56635
0.554627
0.543171
0.531956
0.520959
0.510152
0.499509
0.489001
0.4786
0.468274
0.457996
0.447735
0.437464
0.427154
0.416778
0.406314
0.395739
0.385033
0.37418
0.363168
0.351988
0.340632
0.329101
0.317394
0.305518
0.29348
0.281292
0.268969
0.256527
0.243986
0.231371
0.218704
0.206008
0.193307
0.180625
0.167991
0.155432
0.142982
0.130672
0.118542
0.106632
0.094991
0.0836726
0.0727389
0.0622611
0.0523205
0.043009
0.0344312
0.0266999
0.0199342
0.0142597
0.00979458
0.00657116
0.00442232
0.00322885
0.00268356
0.00227571
0.00180236
0.00141248
0.88054
0.864904
0.848898
0.832633
0.816217
0.799744
0.783299
0.766955
0.750775
0.734811
0.719107
0.703697
0.688606
0.673853
0.65945
0.645402
0.631711
0.618372
0.605377
0.592714
0.58037
0.568326
0.556564
0.545062
0.533798
0.522746
0.511882
0.501178
0.490607
0.48014
0.469748
0.459403
0.449076
0.438738
0.428363
0.417925
0.4074
0.396766
0.386005
0.375099
0.364038
0.35281
0.341411
0.329837
0.318092
0.306178
0.294106
0.281885
0.26953
0.257057
0.244486
0.231843
0.219148
0.206424
0.193696
0.180988
0.168327
0.155743
0.143266
0.130931
0.118776
0.106842
0.0951771
0.0838355
0.0728796
0.0623807
0.0524202
0.0430902
0.0344956
0.0267494
0.019971
0.0142861
0.00981304
0.00658386
0.00443101
0.00323545
0.00268928
0.00228095
0.0018076
0.00141694
0.881163
0.865744
0.849931
0.833838
0.817572
0.801231
0.784898
0.768648
0.752546
0.736644
0.720989
0.705614
0.690548
0.675809
0.661411
0.64736
0.633658
0.620301
0.607282
0.59459
0.582211
0.570128
0.558323
0.546774
0.535459
0.524355
0.513435
0.502673
0.492043
0.481515
0.471063
0.460656
0.450268
0.439871
0.429438
0.418943
0.408364
0.397678
0.386867
0.375915
0.364809
0.353539
0.342101
0.330491
0.31871
0.306764
0.294661
0.28241
0.270027
0.257527
0.24493
0.232262
0.219542
0.206794
0.194042
0.18131
0.168626
0.156019
0.143519
0.131162
0.118985
0.107029
0.0953429
0.0839809
0.0730052
0.0624875
0.0525093
0.0431629
0.0345534
0.0267939
0.0200042
0.01431
0.00982975
0.00659533
0.00443881
0.00324131
0.00269434
0.00228557
0.00181223
0.00142088
0.882328
0.867042
0.851346
0.835353
0.819173
0.802902
0.786627
0.770423
0.754355
0.738478
0.722837
0.707469
0.692401
0.677654
0.663242
0.649172
0.635445
0.62206
0.609009
0.596281
0.583864
0.571739
0.55989
0.548295
0.536932
0.525776
0.514804
0.503989
0.493304
0.482722
0.472215
0.461754
0.451312
0.440862
0.430377
0.419832
0.409205
0.398473
0.387619
0.376626
0.365481
0.354175
0.342703
0.331061
0.31925
0.307276
0.295145
0.282869
0.270461
0.257938
0.245318
0.232628
0.219886
0.207117
0.194344
0.181592
0.168888
0.15626
0.143741
0.131364
0.119168
0.107193
0.0954886
0.0841087
0.0731159
0.0625818
0.0525881
0.0432273
0.0346047
0.0268336
0.0200338
0.0143314
0.00984474
0.00660558
0.00444574
0.00324643
0.00269872
0.00228957
0.00181625
0.00142431
0.883856
0.868636
0.852991
0.83704
0.820891
0.804643
0.788382
0.772185
0.756117
0.740234
0.724582
0.709198
0.694111
0.67934
0.664901
0.650802
0.637043
0.623623
0.610536
0.59777
0.585312
0.573146
0.561254
0.549614
0.538206
0.527004
0.515985
0.505122
0.494388
0.483758
0.473202
0.462694
0.452205
0.441709
0.431179
0.420592
0.409923
0.399153
0.388261
0.377233
0.366055
0.354719
0.343217
0.331548
0.319712
0.307713
0.29556
0.283262
0.270833
0.25829
0.245651
0.232941
0.220182
0.207395
0.194604
0.181834
0.169112
0.156468
0.143932
0.131539
0.119325
0.107335
0.0956144
0.0842192
0.0732117
0.0626635
0.0526566
0.0432834
0.0346496
0.0268684
0.02006
0.0143503
0.00985801
0.00661463
0.00445178
0.00325081
0.00270243
0.00229296
0.00181965
0.00142722
0.885554
0.870346
0.854705
0.838751
0.822594
0.806333
0.790055
0.773838
0.757747
0.741838
0.726159
0.710745
0.695626
0.680823
0.66635
0.652216
0.638421
0.624965
0.611841
0.599037
0.586541
0.574336
0.562404
0.550724
0.539275
0.528032
0.516971
0.506067
0.495292
0.48462
0.474023
0.463474
0.452946
0.442411
0.431845
0.421222
0.410519
0.399716
0.388793
0.377736
0.366531
0.355169
0.343644
0.331952
0.320095
0.308076
0.295904
0.283588
0.271143
0.258583
0.245928
0.233203
0.220428
0.207626
0.194821
0.182036
0.1693
0.156642
0.144092
0.131685
0.119458
0.107454
0.0957204
0.0843125
0.0732927
0.0627328
0.0527148
0.0433314
0.034688
0.0268984
0.0200826
0.0143668
0.00986957
0.00662248
0.00445696
0.00325447
0.00270548
0.00229573
0.00182245
0.00142962
0.887225
0.871995
0.856326
0.840342
0.824153
0.807857
0.791545
0.775292
0.759165
0.743221
0.727505
0.712055
0.696901
0.682062
0.667554
0.653384
0.639555
0.626064
0.612904
0.600066
0.587536
0.575296
0.56333
0.551616
0.540132
0.528854
0.517759
0.50682
0.496012
0.485306
0.474676
0.464094
0.453534
0.442969
0.432373
0.421721
0.410991
0.400162
0.389216
0.378136
0.366909
0.355527
0.343983
0.332273
0.3204
0.308366
0.296179
0.283849
0.27139
0.258817
0.246149
0.233412
0.220626
0.207812
0.194995
0.182199
0.169452
0.156782
0.144221
0.131803
0.119565
0.10755
0.0958067
0.0843887
0.0733591
0.0627898
0.0527629
0.0433711
0.0347202
0.0269237
0.0201018
0.0143808
0.00987944
0.00662914
0.00446127
0.00325739
0.00270785
0.00229788
0.00182462
0.0014315
0.888685
0.873416
0.857706
0.84168
0.825449
0.809113
0.792759
0.776467
0.760302
0.74432
0.728568
0.713084
0.697895
0.683023
0.668483
0.654282
0.640422
0.626901
0.613712
0.600845
0.588286
0.576019
0.564025
0.552283
0.540772
0.529468
0.518346
0.50738
0.496546
0.485814
0.475159
0.464553
0.453969
0.443381
0.432763
0.42209
0.41134
0.400492
0.389528
0.378431
0.367189
0.355792
0.344234
0.332512
0.320626
0.308581
0.296383
0.284044
0.271575
0.258992
0.246316
0.23357
0.220775
0.207952
0.195127
0.182323
0.169567
0.156889
0.14432
0.131893
0.119647
0.107625
0.0958733
0.0844477
0.0734108
0.0628345
0.0528009
0.0434028
0.034746
0.0269441
0.0201175
0.0143924
0.00988763
0.00663462
0.00446471
0.00325959
0.00270956
0.00229942
0.00182619
0.00143287
0.889776
0.874468
0.858719
0.842655
0.826386
0.810013
0.793624
0.777298
0.761101
0.745088
0.729306
0.713793
0.698577
0.683679
0.669114
0.654888
0.641005
0.627462
0.614251
0.601363
0.588783
0.576496
0.564482
0.552721
0.541191
0.529868
0.518728
0.507744
0.496892
0.486143
0.475471
0.464849
0.45425
0.443647
0.433014
0.422328
0.411565
0.400705
0.38973
0.378622
0.367371
0.355965
0.344398
0.332668
0.320775
0.308723
0.296519
0.284173
0.271698
0.25911
0.246427
0.233676
0.220875
0.208047
0.195216
0.182407
0.169646
0.156962
0.144388
0.131956
0.119705
0.107677
0.0959204
0.0844898
0.073448
0.0628669
0.0528288
0.0434264
0.0347655
0.0269599
0.0201298
0.0144016
0.00989415
0.00663892
0.0044673
0.00326106
0.0027106
0.00230034
0.00182713
0.00143372
0.89038
0.875048
0.859274
0.843185
0.826892
0.810496
0.794085
0.777738
0.76152
0.745488
0.729688
0.714158
0.698925
0.684011
0.669431
0.655191
0.641294
0.627737
0.614514
0.601613
0.589021
0.576722
0.564697
0.552926
0.541385
0.530053
0.518903
0.50791
0.497049
0.486292
0.475612
0.464982
0.454375
0.443765
0.433126
0.422434
0.411666
0.400801
0.389821
0.378709
0.367454
0.356044
0.344475
0.332742
0.320846
0.308791
0.296585
0.284236
0.271759
0.259168
0.246484
0.23373
0.220927
0.208097
0.195263
0.182451
0.169688
0.157002
0.144425
0.131991
0.119737
0.107707
0.095948
0.0845149
0.0734707
0.0628873
0.0528468
0.043442
0.0347788
0.026971
0.0201387
0.0144085
0.00989904
0.00664206
0.00446904
0.0032618
0.00271098
0.00230064
0.00182746
0.00143405
)
;

boundaryField
{
    farLeft
    {
        type            symmetryPlane;
    }
    flatBed
    {
        type            nutkWallFunction;
        blending        stepwise;
        value           nonuniform List<scalar> 
240
(
6.10035e-05
6.11276e-05
6.13352e-05
6.16333e-05
6.203e-05
6.25237e-05
6.31209e-05
6.38196e-05
6.46241e-05
6.55304e-05
6.65395e-05
6.76445e-05
6.88431e-05
7.01259e-05
7.14881e-05
7.29191e-05
7.4413e-05
7.59593e-05
7.75522e-05
7.91825e-05
8.08454e-05
8.25332e-05
8.42426e-05
8.59676e-05
8.77059e-05
8.94533e-05
9.12085e-05
9.29684e-05
9.47327e-05
9.6499e-05
9.82676e-05
0.000100037
0.000101808
0.000103578
0.00010535
0.000107122
0.000108896
0.00011067
0.000112445
0.000114223
0.000116003
0.000117785
0.000119571
0.00012136
0.000123154
0.000124952
0.000126756
0.000128566
0.000130382
0.000132205
0.000134036
0.000135876
0.000137724
0.000139582
0.000141451
0.00014333
0.000145221
0.000147124
0.000149041
0.00015097
0.000152914
0.000154874
0.000156849
0.00015884
0.000160849
0.000162876
0.000164922
0.000166987
0.000169073
0.00017118
0.000173309
0.000175461
0.000177637
0.000179837
0.000182064
0.000184316
0.000186596
0.000188905
0.000191243
0.000193611
0.000196011
0.000198443
0.000200909
0.000203409
0.000205945
0.000208518
0.000211129
0.000213779
0.000216469
0.000219201
0.000221976
0.000224795
0.00022766
0.000230571
0.00023353
0.000236538
0.000239598
0.000242709
0.000245875
0.000249095
0.000252373
0.000255708
0.000259103
0.000262559
0.000266079
0.000269662
0.000273312
0.00027703
0.000280817
0.000284675
0.000288606
0.000292612
0.000296694
0.000300853
0.000305093
0.000309414
0.000313818
0.000318307
0.000322883
0.000327548
0.000332302
0.000337148
0.000342087
0.000347121
0.000352252
0.00035748
0.000362807
0.000368235
0.000373763
0.000379395
0.000385129
0.000390967
0.000396909
0.000402956
0.000409107
0.000415363
0.000421722
0.000428184
0.000434749
0.000441413
0.000448176
0.000455035
0.000461987
0.000469031
0.000476162
0.000483376
0.000490669
0.000498037
0.000505475
0.000512977
0.000520538
0.000528151
0.00053581
0.00054351
0.000551243
0.000559002
0.000566782
0.000574576
0.000582377
0.000590179
0.000597977
0.000605765
0.000613538
0.000621292
0.000629024
0.00063673
0.000644407
0.000652053
0.000659668
0.00066725
0.000674798
0.000682313
0.000689793
0.000697239
0.000704651
0.000712027
0.000719365
0.000726665
0.000733923
0.000741134
0.000748295
0.000755399
0.000762441
0.000769415
0.000776318
0.00078315
0.000789919
0.000796648
0.000803382
0.000810208
0.000816993
0.000823594
0.000829983
0.000836136
0.000842027
0.000847628
0.000852915
0.000857861
0.000862442
0.000866634
0.000870414
0.000873762
0.000876657
0.000879084
0.000881026
0.000882471
0.000883409
0.000883832
0.000883734
0.000883112
0.000881966
0.000880299
0.000878113
0.000875416
0.000872216
0.000868522
0.000864348
0.000859705
0.000854608
0.000849073
0.000843115
0.000836752
0.000829999
0.000822874
0.000815392
0.000807568
0.000799416
0.000790946
0.000782165
0.000773075
0.000763668
0.000753922
0.000743794
0.000733201
0.000721988
0.000709864
0.000696263
0.000680054
0.000659175
0.000631469
)
;
    }
    slope
    {
        type            nutkWallFunction;
        blending        stepwise;
        value           nonuniform List<scalar> 
80
(
0.000546812
0.000556394
0.000558526
0.000554103
0.000545324
0.000533594
0.000519718
0.00050417
0.000487867
0.000471283
0.000454206
0.000436776
0.000419143
0.00040144
0.000383781
0.000366261
0.000348962
0.000331952
0.000315325
0.000299196
0.00028345
0.000268123
0.000253258
0.000238889
0.000225043
0.000211744
0.000199011
0.000186864
0.000175316
0.000164383
0.000154076
0.000144406
0.000135377
0.000126994
0.00011925
0.000112132
0.000105619
9.96767e-05
9.42616e-05
8.93218e-05
8.47996e-05
8.06355e-05
7.67716e-05
7.31545e-05
6.97373e-05
6.64803e-05
6.33508e-05
6.03233e-05
5.73778e-05
5.44994e-05
5.16764e-05
4.89154e-05
4.62025e-05
4.35267e-05
4.08855e-05
3.82781e-05
3.57063e-05
3.31694e-05
3.06693e-05
2.82083e-05
2.57891e-05
2.3415e-05
2.10897e-05
1.88182e-05
1.66065e-05
1.44621e-05
1.23944e-05
1.04145e-05
8.53895e-06
6.78362e-06
5.1684e-06
3.71816e-06
2.46529e-06
1.45477e-06
7.36966e-07
3.23961e-07
1.18481e-07
0
0
0
)
;
    }
    top
    {
        type            symmetryPlane;
    }
    frontAndBack
    {
        type            empty;
    }
    defaultFaces
    {
        type            empty;
    }
}


// ************************************************************************* //
