/*--------------------------------*- C++ -*----------------------------------*\
| =========                 |                                                 |
| \\      /  F ield         | OpenFOAM: The Open Source CFD Toolbox           |
|  \\    /   O peration     | Version:  2206                                  |
|   \\  /    A nd           | Website:  www.openfoam.com                      |
|    \\/     M anipulation  |                                                 |
\*---------------------------------------------------------------------------*/
FoamFile
{
    version     2.0;
    format      ascii;
    arch        "LSB;label=32;scalar=64";
    class       volScalarField;
    location    "400";
    object      epsilon;
}
// * * * * * * * * * * * * * * * * * * * * * * * * * * * * * * * * * * * * * //

dimensions      [0 2 -3 0 0 0 0];

internalField   nonuniform List<scalar> 
10000
(
2.95625
3.04973
3.13303
3.20549
3.26469
3.30917
3.33956
3.33468
3.28813
3.19824
3.06648
2.89701
2.69611
2.47149
2.23161
1.98512
1.74016
1.50395
1.28228
1.0793
0.89746
0.737659
0.599534
0.481839
0.38281
0.300453
0.232751
0.177787
0.133788
0.0991445
0.0723875
0.0521773
0.0372892
0.0266115
0.0191545
0.0140687
0.0106591
0.00839042
0.00687455
0.00584556
0.00512945
0.00461611
0.00423702
0.00394968
0.00372741
0.00355324
0.00341607
0.00330863
0.00322601
0.00316491
0.0031231
0.00309912
0.00309204
0.00310134
0.00312679
0.00316836
0.00322617
0.00330037
0.00339107
0.00349835
0.00362144
0.00375607
0.00390163
0.00405745
0.00422282
0.00439698
0.00457913
0.00476842
0.004964
0.005165
0.00537057
0.00557989
0.00579223
0.0060069
0.00622335
0.00644115
0.00666005
0.00687997
0.0071011
0.00732386
0.00754901
0.00777768
0.00801148
0.00825255
0.00850375
0.0087688
0.00905263
0.0093532
0.0096701
0.0100063
0.0103654
0.0107512
0.0111673
0.0116154
0.0120932
0.0125876
0.0130606
0.0134059
0.0133745
0.0127223
1.59748
1.61893
1.63385
1.6426
1.64474
1.6408
1.63141
1.60878
1.57033
1.51524
1.44383
1.35752
1.25868
1.15037
1.03611
0.919543
0.804215
0.693297
0.589393
0.494403
0.409473
0.335044
0.270966
0.216659
0.171276
0.133839
0.103343
0.0788125
0.0593414
0.0441042
0.0323604
0.0234543
0.0168151
0.011955
0.00846592
0.00601345
0.00432878
0.00319903
0.00245876
0.00198306
0.0016815
0.00149188
0.00137348
0.00130081
0.00125848
0.00123738
0.00123215
0.00123959
0.00125769
0.00128508
0.00132079
0.00136404
0.00141418
0.00147061
0.00153281
0.00160029
0.00167262
0.00174943
0.00183043
0.00191538
0.00200496
0.00209723
0.00219206
0.00228925
0.00238854
0.00248968
0.00259246
0.00269673
0.00280237
0.00290939
0.00301786
0.00312798
0.00324009
0.00335465
0.00347228
0.00359379
0.00372018
0.00385266
0.00399269
0.00414204
0.00430277
0.00447736
0.00466874
0.00488039
0.00511646
0.00538192
0.00568271
0.0060207
0.00641035
0.00686376
0.00739597
0.00802632
0.00877989
0.00968953
0.0107981
0.0121595
0.0138319
0.0158597
0.018231
0.020732
1.5427
1.56287
1.57919
1.59241
1.60231
1.60849
1.60962
1.60025
1.57629
1.53565
1.47768
1.40314
1.31398
1.21306
1.10381
0.989934
0.875126
0.762823
0.655985
0.556922
0.467199
0.387626
0.318346
0.258976
0.208786
0.166847
0.13216
0.10374
0.0806677
0.0621058
0.0473092
0.0356238
0.0264848
0.019414
0.0140139
0.00995867
0.00698129
0.00485862
0.00339879
0.00243425
0.00182182
0.00144624
0.00122201
0.00109095
0.00101632
0.000976347
0.000958674
0.000956439
0.000965774
0.000984379
0.00101075
0.00104379
0.00108261
0.00112647
0.00117469
0.00122663
0.00128175
0.00133951
0.00139945
0.00146117
0.00152448
0.00158832
0.00165235
0.00171626
0.00177977
0.00184264
0.00190472
0.00196588
0.0020261
0.00208541
0.00214392
0.00220184
0.00225943
0.00231704
0.00237507
0.00243403
0.00249446
0.002557
0.00262234
0.00269126
0.00276462
0.00284339
0.00292864
0.00302162
0.00312375
0.00323676
0.00336273
0.00350395
0.00365854
0.00383028
0.00402195
0.00423691
0.00447938
0.00475489
0.00507109
0.00543893
0.00587383
0.00639861
0.00706279
0.00801872
1.69798
1.72592
1.75411
1.78285
1.8113
1.83791
1.85978
1.87064
1.86394
1.83601
1.78537
1.71256
1.61977
1.51039
1.38848
1.25848
1.12485
0.991836
0.863228
0.742147
0.630889
0.530852
0.442589
0.365949
0.300272
0.244588
0.197787
0.158745
0.126396
0.0997724
0.078006
0.0603314
0.0460811
0.0346828
0.0256544
0.018596
0.013178
0.00912456
0.00619519
0.00416836
0.00283436
0.00200009
0.00150157
0.00121386
0.00105172
0.000962203
0.000914788
0.000892747
0.000887156
0.000893187
0.000908061
0.000930007
0.000957755
0.000990301
0.0010268
0.0010665
0.00110875
0.00115294
0.00119854
0.00124532
0.00129226
0.00133886
0.00138474
0.0014296
0.00147319
0.00151531
0.00155585
0.00159474
0.00163199
0.00166768
0.00170192
0.0017349
0.00176685
0.00179801
0.00182869
0.00185919
0.00188987
0.00192106
0.00195314
0.00198648
0.00202149
0.00205858
0.00209821
0.00214087
0.00218714
0.00223769
0.00229337
0.00235524
0.00242218
0.00249405
0.00257147
0.00265529
0.00274665
0.00284717
0.00295936
0.00308708
0.00323612
0.00341511
0.00364104
0.00395465
1.93657
1.97725
2.02373
2.07597
2.13202
2.18853
2.24034
2.27881
2.29421
2.28098
2.23693
2.16277
2.06145
1.93735
1.7956
1.64166
1.48097
1.31873
1.15969
1.00793
0.866651
0.737987
0.623039
0.521985
0.434294
0.358974
0.294787
0.240437
0.19468
0.156376
0.1245
0.0981336
0.0764625
0.0587719
0.0444442
0.0329554
0.0238691
0.0168232
0.0115112
0.0076582
0.00499917
0.00326828
0.00220802
0.00159277
0.00124969
0.00106285
0.000962558
0.000910133
0.000885197
0.000877269
0.000880858
0.000892878
0.000911397
0.000935049
0.000962775
0.000993704
0.00102709
0.00106229
0.00109875
0.00113594
0.00117299
0.00120945
0.00124498
0.00127932
0.00131226
0.00134365
0.00137343
0.00140158
0.00142817
0.0014533
0.00147712
0.00149981
0.00152159
0.00154271
0.00156341
0.00158396
0.00160462
0.00162566
0.00164734
0.00166992
0.00169366
0.0017188
0.00174561
0.00177434
0.00180528
0.00183873
0.00187504
0.00191462
0.00195695
0.00200119
0.00204742
0.00209579
0.00214657
0.00220017
0.00225733
0.0023193
0.00238794
0.00246601
0.00255966
0.00268549
2.21641
2.27429
2.34526
2.42953
2.52345
2.62093
2.71344
2.78817
2.83151
2.83579
2.79847
2.72107
2.60794
2.46502
2.2989
2.11627
1.92358
1.72701
1.53222
1.34425
1.16724
1.00419
0.856854
0.725851
0.610877
0.510973
0.424803
0.350905
0.287856
0.23435
0.189202
0.151335
0.119774
0.0936402
0.0721491
0.0546168
0.0404608
0.029196
0.020421
0.0137937
0.00899937
0.00572056
0.00362288
0.00237108
0.00166824
0.00128994
0.00109059
0.00098638
0.000932799
0.000907306
0.000898678
0.000901171
0.000911601
0.000927987
0.000948947
0.000973423
0.00100057
0.00102967
0.00106013
0.00109121
0.00112223
0.00115277
0.00118253
0.00121125
0.00123878
0.00126502
0.00128993
0.00131356
0.00133598
0.00135732
0.00137776
0.00139749
0.00141673
0.0014357
0.00145464
0.00147378
0.00149336
0.00151358
0.00153465
0.00155677
0.00158011
0.00160482
0.00163105
0.00165891
0.00168852
0.00171997
0.00175333
0.00178869
0.0018256
0.00186316
0.00190111
0.00193922
0.00197722
0.00201487
0.00205198
0.00208857
0.00212486
0.00216137
0.00220034
0.00225005
2.51058
2.59047
2.69314
2.81977
2.9642
3.11623
3.26241
3.38307
3.46015
3.48408
3.45279
3.36962
3.24123
3.0758
2.88177
2.6672
2.43955
2.20574
1.9722
1.74476
1.52845
1.32711
1.14326
0.978045
0.831507
0.702808
0.59056
0.49317
0.409069
0.33682
0.27511
0.22273
0.178561
0.141566
0.110786
0.0853574
0.064519
0.0476257
0.0341446
0.0236368
0.0157247
0.0100487
0.00622683
0.00383972
0.00245987
0.00171264
0.00132431
0.00112567
0.00102416
0.000972807
0.000948695
0.00094069
0.000943173
0.000953034
0.00096834
0.000987746
0.00101024
0.00103503
0.00106145
0.00108862
0.00111599
0.00114318
0.00116988
0.00119589
0.00122106
0.00124533
0.0012687
0.00129122
0.001313
0.00133418
0.00135493
0.00137547
0.00139598
0.0014167
0.00143783
0.00145958
0.00148215
0.0015057
0.0015304
0.00155637
0.00158372
0.00161253
0.00164284
0.00167465
0.00170794
0.00174266
0.00177869
0.00181589
0.0018538
0.00189145
0.00192833
0.00196392
0.00199761
0.00202868
0.00205644
0.00208019
0.00209935
0.00211338
0.00212275
0.002132
2.79674
2.90484
3.04888
3.2317
3.44303
3.66644
3.88147
4.05748
4.17215
4.21516
4.18657
4.09305
3.94472
3.75272
3.52768
3.27904
3.01508
2.74318
2.47013
2.20225
1.94524
1.70373
1.48096
1.2787
1.09744
0.936601
0.794799
0.670359
0.561628
0.467122
0.385462
0.315361
0.255608
0.205046
0.162563
0.127111
0.0977356
0.0735975
0.0539935
0.0383484
0.0261909
0.0171072
0.0106833
0.00645415
0.00389388
0.00246844
0.00172548
0.00135187
0.0011654
0.00107178
0.00102515
0.00100382
0.000997424
0.00100074
0.00101086
0.00102595
0.00104477
0.00106637
0.00109001
0.00111471
0.00114
0.0011655
0.00119092
0.00121606
0.00124081
0.00126511
0.00128898
0.00131249
0.00133575
0.00135892
0.00138216
0.00140567
0.00142964
0.00145427
0.00147975
0.00150624
0.0015339
0.00156287
0.00159323
0.00162506
0.00165839
0.00169322
0.00172948
0.00176709
0.0018059
0.00184569
0.00188622
0.00192716
0.00196803
0.0020077
0.00204543
0.00208041
0.00211171
0.00213826
0.00215891
0.00217244
0.00217765
0.00217326
0.00215862
0.0021359
3.0563
3.20244
3.403
3.66217
3.9625
4.27789
4.5771
4.81396
4.96407
5.01944
4.98512
4.8731
4.69809
4.47473
4.21591
3.93227
3.63248
3.32391
3.01316
2.70652
2.41002
2.12887
1.8669
1.6265
1.4088
1.21363
1.03966
0.8852
0.748604
0.628495
0.52351
0.432364
0.353846
0.286748
0.229854
0.181966
0.141932
0.108701
0.081364
0.0591656
0.0414982
0.0278625
0.0178039
0.0108366
0.00638577
0.0037933
0.00240974
0.00171564
0.00137633
0.00121004
0.00112762
0.00108728
0.00106968
0.00106565
0.00107052
0.00108165
0.00109739
0.00111659
0.00113823
0.00116147
0.00118579
0.00121079
0.00123618
0.00126178
0.00128746
0.00131319
0.00133899
0.00136493
0.00139113
0.00141773
0.00144489
0.0014728
0.00150162
0.00153152
0.00156265
0.00159515
0.00162914
0.00166467
0.0017018
0.00174053
0.00178081
0.00182255
0.00186562
0.00190982
0.00195488
0.00200048
0.00204621
0.00209159
0.00213614
0.00217856
0.00221785
0.00225295
0.00228266
0.00230561
0.00232031
0.00232516
0.00231855
0.00229885
0.00226479
0.00221727
3.27578
3.47924
3.76346
4.13048
4.55017
4.98123
5.37259
5.66336
5.83338
5.88313
5.82652
5.68281
5.47196
5.21195
4.91749
4.59977
4.26716
3.9263
3.5829
3.24255
2.91105
2.59381
2.2951
2.01773
1.76375
1.53362
1.32609
1.13952
0.972391
0.823722
0.692247
0.576764
0.476208
0.389421
0.315158
0.252143
0.199055
0.154634
0.117739
0.0873953
0.0628114
0.0433567
0.0285056
0.0177507
0.0105066
0.00605239
0.00357357
0.00230888
0.00169625
0.0014031
0.0012611
0.00119143
0.0011582
0.00114499
0.00114397
0.00115111
0.00116406
0.00118134
0.00120165
0.00122419
0.00124838
0.00127379
0.00130012
0.00132717
0.00135483
0.00138305
0.00141185
0.0014413
0.00147151
0.00150261
0.00153473
0.00156804
0.00160268
0.00163879
0.00167647
0.00171583
0.00175691
0.00179975
0.00184433
0.00189058
0.00193839
0.00198761
0.00203801
0.00208929
0.0021411
0.002193
0.00224445
0.00229482
0.00234363
0.00238943
0.00243097
0.00246694
0.0024959
0.00251622
0.00252613
0.00252374
0.00250714
0.00247443
0.00242399
0.002356
3.44861
3.75504
4.17551
4.70069
5.27948
5.84643
6.30953
6.61872
6.76906
6.77811
6.67215
6.47828
6.22084
5.91978
5.59022
5.24264
4.88409
4.51953
4.15293
3.78834
3.43059
3.08484
2.75542
2.44518
2.15748
1.89389
1.6531
1.43361
1.23411
1.05464
0.894019
0.751166
0.625406
0.515746
0.420999
0.339951
0.271158
0.213197
0.16469
0.124415
0.0913522
0.0646876
0.043777
0.0280647
0.0169668
0.00975631
0.00552451
0.0032868
0.00219452
0.00168016
0.00143729
0.00132036
0.0012637
0.00123792
0.00122961
0.00123227
0.00124245
0.00125811
0.00127759
0.00130002
0.00132476
0.00135132
0.00137938
0.00140871
0.00143919
0.00147076
0.00150343
0.00153726
0.00157233
0.00160876
0.00164665
0.00168615
0.00172735
0.00177036
0.00181526
0.00186208
0.00191085
0.00196154
0.00201408
0.00206835
0.00212419
0.00218135
0.00223956
0.00229844
0.00235754
0.00241633
0.00247417
0.00253029
0.00258402
0.00263407
0.0026788
0.00271668
0.00274606
0.00276508
0.00277174
0.00276391
0.00273949
0.00269642
0.00263293
0.00254881
3.57699
4.11384
4.77221
5.52902
6.30317
6.97879
7.43032
7.67121
7.72847
7.64241
7.45111
7.18647
6.87361
6.53124
6.17238
5.80498
5.43336
5.05977
4.68548
4.31208
3.94256
3.58109
3.23174
2.89642
2.58081
2.28805
2.01657
1.76519
1.53262
1.32133
1.12987
0.957204
0.803514
0.66805
0.549738
0.44767
0.36034
0.286269
0.223871
0.171671
0.128398
0.0929987
0.0646559
0.0427181
0.0265852
0.0155553
0.00870409
0.00489621
0.00298769
0.00209157
0.00167745
0.00148295
0.00138969
0.00134553
0.00132733
0.00132443
0.00133149
0.0013456
0.00136455
0.00138733
0.00141316
0.00144148
0.00147193
0.00150425
0.00153828
0.00157394
0.00161121
0.00165014
0.00169079
0.00173323
0.00177757
0.00182388
0.00187225
0.00192275
0.0019754
0.00203021
0.00208717
0.00214618
0.00220716
0.00226992
0.00233425
0.00239986
0.00246641
0.00253347
0.00260051
0.00266691
0.00273194
0.00279473
0.00285429
0.00290966
0.00295874
0.00299982
0.00303101
0.00305027
0.00305539
0.00304407
0.00301401
0.00296304
0.00288928
0.00279222
3.8105
4.84494
5.91252
6.95827
7.85558
8.44601
8.71397
8.74371
8.60618
8.3593
8.04519
7.69302
7.32246
6.94637
6.57232
6.20351
5.83992
5.47988
5.12097
4.76149
4.40162
4.04379
3.69152
3.34808
3.01748
2.70363
2.407
2.12744
1.86267
1.62064
1.39839
1.19456
1.01122
0.847778
0.703183
0.577325
0.468596
0.375734
0.29699
0.230673
0.175279
0.129477
0.0922181
0.0626978
0.0402565
0.0242157
0.0136931
0.00750249
0.00426333
0.00272083
0.0020172
0.00169477
0.00154328
0.00147116
0.00143868
0.00142816
0.00143123
0.00144353
0.00146204
0.00148544
0.00151277
0.00154337
0.00157677
0.00161268
0.00165088
0.00169127
0.0017338
0.00177847
0.00182531
0.00187438
0.00192573
0.00197943
0.00203551
0.002094
0.0021549
0.00221819
0.0022838
0.00235162
0.00242149
0.00249323
0.00256656
0.00264116
0.00271662
0.00279247
0.00286812
0.00294288
0.00301593
0.00308631
0.00315286
0.00321475
0.00326952
0.0033152
0.00334975
0.00337093
0.00337637
0.00336361
0.00333021
0.0032739
0.00319273
0.00308597
4.85547
6.91327
8.44181
9.54031
10.0997
10.1524
9.9248
9.55112
9.11456
8.66167
8.21627
7.78961
7.38644
7.00813
6.6537
6.31984
6.00118
5.69125
5.38304
5.07078
4.7511
4.42393
4.09194
3.75895
3.42892
3.10683
2.79526
2.49612
2.21065
1.94248
1.69267
1.45886
1.24632
1.05442
0.881847
0.730255
0.597536
0.483321
0.385734
0.30296
0.233378
0.175352
0.127575
0.089025
0.0589262
0.0365899
0.0211984
0.0116063
0.006308
0.00370292
0.00251445
0.00198113
0.00173653
0.00162127
0.00156752
0.00154596
0.00154334
0.00155309
0.00157089
0.00159492
0.00162395
0.00165715
0.00169394
0.00173392
0.00177682
0.00182249
0.00187082
0.00192179
0.00197538
0.00203162
0.00209052
0.0021521
0.00221638
0.00228335
0.00235297
0.0024252
0.00249992
0.002577
0.00265626
0.00273745
0.00282028
0.00290438
0.0029893
0.00307452
0.00315941
0.00324321
0.00332505
0.00340391
0.00347855
0.00354823
0.00361007
0.00366187
0.0037014
0.00372626
0.00373393
0.00372181
0.00368735
0.00362822
0.00354239
0.00342888
10.743
12.8318
13.2658
12.7314
11.768
10.7719
9.88226
9.12696
8.4946
7.96248
7.50921
7.11849
6.77885
6.48221
6.2218
5.99045
5.779
5.57665
5.37142
5.15264
4.91365
4.65227
4.36979
4.07121
3.76288
3.44878
3.13588
2.8291
2.53211
2.24848
1.98039
1.72845
1.49504
1.27963
1.08218
0.906276
0.747762
0.610285
0.491595
0.390009
0.304089
0.231889
0.171868
0.122749
0.0835733
0.0535899
0.0320284
0.0178437
0.00953219
0.00524855
0.00326138
0.00238155
0.00198817
0.00180632
0.00172075
0.00168294
0.00167183
0.00167767
0.00169399
0.00171828
0.00174891
0.00178478
0.00182514
0.00186949
0.00191745
0.0019688
0.00202337
0.00208108
0.00214187
0.00220571
0.00227259
0.00234249
0.00241539
0.00249125
0.00257002
0.00265159
0.00273584
0.00282261
0.00291167
0.00300276
0.00309554
0.0031896
0.00328446
0.00337951
0.0034741
0.00356741
0.00365854
0.00374647
0.00383009
0.00390888
0.00397926
0.00403876
0.00408495
0.00411529
0.00412713
0.00411775
0.00408452
0.00402505
0.0039373
0.00382012
0.454399
1.25278
2.2405
3.22276
4.05306
4.67233
5.07667
5.29615
5.37682
5.36596
5.30381
5.22085
5.1382
5.06924
5.02053
4.99316
4.98046
4.96954
4.94332
4.87627
4.76696
4.61784
4.43106
4.21011
3.96208
3.69454
3.41445
3.12817
2.84139
2.55917
2.28545
2.02314
1.77497
1.54247
1.32668
1.12842
0.943453
0.780922
0.635349
0.509041
0.40143
0.310206
0.233754
0.170464
0.119108
0.0787816
0.0486941
0.0279001
0.014973
0.00791575
0.00452507
0.00302341
0.00236717
0.00207159
0.00193398
0.00187075
0.00184661
0.0018457
0.00185888
0.00188258
0.00191453
0.00195324
0.0019977
0.00204719
0.00210121
0.0021594
0.0022215
0.00228736
0.00235685
0.00242988
0.0025064
0.00258632
0.00266961
0.00275617
0.00284592
0.00293874
0.00303446
0.00313288
0.00323376
0.00333677
0.00344155
0.00354762
0.00365443
0.00376133
0.00386754
0.00397218
0.0040742
0.00417244
0.00426558
0.00435356
0.00443267
0.00450001
0.00455297
0.00458887
0.00460492
0.00459832
0.00456638
0.0045067
0.0044173
0.00429705
0.00955277
0.0270229
0.0517067
0.0914568
0.159371
0.256971
0.382122
0.530874
0.69953
0.886168
1.09137
1.31827
1.57189
1.85751
2.17636
2.50375
2.82254
3.116
3.36961
3.57919
3.73251
3.82333
3.85188
3.8215
3.73717
3.6059
3.43576
3.23514
3.01234
2.77523
2.53075
2.28484
2.04263
1.80816
1.58458
1.37405
1.17718
0.996188
0.827085
0.677034
0.542089
0.425642
0.326906
0.244009
0.175509
0.120293
0.0774784
0.0462769
0.0255184
0.0133012
0.00705842
0.00422908
0.00301286
0.00248262
0.00224182
0.00212981
0.00208068
0.00206477
0.00206963
0.00208912
0.00211979
0.00215946
0.00220667
0.00226038
0.00231986
0.0023846
0.00245421
0.00252841
0.00260701
0.00268985
0.00277682
0.00286781
0.00296273
0.00306148
0.00316393
0.00326994
0.00337934
0.0034919
0.00360734
0.00372532
0.00384542
0.00396712
0.00408982
0.00421277
0.00433513
0.00445587
0.00457381
0.00468759
0.0047956
0.00489678
0.00498957
0.00507017
0.00513566
0.0051832
0.00520986
0.00521269
0.00518888
0.0051359
0.00505162
0.0049347
0.0011202
0.00144811
0.00184783
0.00218558
0.00278497
0.00385879
0.00578382
0.00915932
0.0148404
0.0240026
0.0383143
0.0602703
0.0934717
0.142733
0.215309
0.336556
0.519557
0.769952
1.08369
1.44545
1.8271
2.19389
2.51409
2.766
2.93965
3.03476
3.0572
3.01607
2.92184
2.78531
2.61684
2.42595
2.22116
2.00977
1.79789
1.59032
1.39066
1.20172
1.02428
0.86007
0.705019
0.567551
0.444189
0.338645
0.249895
0.17678
0.118255
0.0736988
0.0422644
0.0223775
0.0114423
0.00624221
0.00399879
0.00304735
0.0026291
0.00243739
0.00234943
0.0023122
0.00230488
0.00231761
0.00234513
0.00238429
0.00243306
0.00249003
0.0025542
0.00262484
0.00270143
0.00278359
0.00287102
0.00296352
0.0030609
0.00316303
0.00326978
0.00338103
0.00349662
0.00361639
0.00374015
0.00386764
0.00399855
0.0041325
0.00426902
0.00440755
0.00454741
0.00468777
0.00482769
0.00496603
0.00510152
0.00523267
0.00535781
0.00547513
0.00558461
0.00568172
0.00576327
0.00582621
0.00586746
0.00588391
0.00587258
0.00583076
0.00575612
0.00564707
0.000998381
0.00100158
0.0010094
0.00101912
0.00103578
0.0010635
0.00110756
0.00117634
0.0012829
0.00144706
0.00169833
0.00208694
0.00297783
0.00572128
0.0124065
0.0273707
0.0579704
0.114857
0.21114
0.359921
0.569758
0.839398
1.1544
1.48844
1.80974
2.08948
2.30775
2.45511
2.53092
2.5406
2.49298
2.39838
2.26741
2.11016
1.93573
1.75196
1.56539
1.38119
1.20301
1.03344
0.873019
0.722761
0.581819
0.455487
0.344152
0.250499
0.173347
0.112471
0.0673546
0.036895
0.0188306
0.0096457
0.00556518
0.00385827
0.00313205
0.00280822
0.00265924
0.00259028
0.00256527
0.00256787
0.00258992
0.00262685
0.00267583
0.00273497
0.00280293
0.00287878
0.00296182
0.00305153
0.00314753
0.00324955
0.00335734
0.00347073
0.00358955
0.00371364
0.00384284
0.00397696
0.00411576
0.00425897
0.00440623
0.00455714
0.00471116
0.00486768
0.00502596
0.0051851
0.00534407
0.00550165
0.00565644
0.00580687
0.00595112
0.00608725
0.00621581
0.0063321
0.00643266
0.00651421
0.00657351
0.00660729
0.00661242
0.00658601
0.00652552
0.00642914
0.000995939
0.000991755
0.000988256
0.000985994
0.000985561
0.000987844
0.000993888
0.00100499
0.00102264
0.00104852
0.00108617
0.00114288
0.00123895
0.00145745
0.00203722
0.0036099
0.00764994
0.0171131
0.0371621
0.0757755
0.143606
0.252379
0.411554
0.623858
0.881516
1.16569
1.45035
1.70887
1.92016
2.07162
2.1591
2.18504
2.15619
2.08161
1.9712
1.83464
1.68086
1.51754
1.35094
1.18585
1.02551
0.872007
0.72597
0.586088
0.458528
0.343305
0.244921
0.164916
0.103097
0.0589257
0.0307996
0.0153691
0.00813548
0.00508435
0.00381856
0.00327156
0.00302353
0.0029056
0.0028543
0.00284192
0.00285537
0.00288781
0.00293527
0.00299521
0.00306589
0.00314608
0.00323489
0.00333166
0.0034359
0.00354722
0.00366535
0.00379005
0.00392111
0.00405834
0.00420154
0.00435049
0.00450491
0.00466451
0.0048289
0.00499761
0.00517008
0.00534564
0.0055235
0.00570269
0.00588212
0.0060605
0.00623635
0.00640798
0.00657348
0.00673064
0.00688016
0.00701806
0.00714038
0.00724362
0.00732434
0.00737915
0.00740476
0.00739808
0.00735637
0.00727756
0.000995873
0.000991487
0.000987441
0.000984401
0.000983137
0.00098451
0.000989434
0.000998826
0.0010136
0.00103468
0.00106314
0.0011004
0.00114904
0.00121677
0.00132995
0.00157337
0.00219245
0.0038096
0.00780173
0.0168241
0.0354069
0.0704347
0.130988
0.226971
0.366326
0.551347
0.775573
1.02323
1.27222
1.49949
1.68614
1.82029
1.89744
1.91917
1.89125
1.82185
1.72007
1.59493
1.45461
1.30604
1.15477
1.00477
0.858602
0.717244
0.581026
0.451418
0.334365
0.233124
0.151818
0.0907322
0.0492986
0.0247609
0.0124159
0.0070257
0.00481085
0.00388161
0.0034671
0.00327066
0.00317902
0.00314417
0.00314445
0.00316924
0.00321281
0.0032717
0.00334363
0.003427
0.00352067
0.00362379
0.00373574
0.00385603
0.00398429
0.00412022
0.00426357
0.00441408
0.00457154
0.00473566
0.00490615
0.00508267
0.00526478
0.005452
0.00564372
0.00583922
0.00603766
0.00623804
0.0064392
0.0066398
0.00683831
0.00703301
0.00722195
0.00740302
0.0075745
0.00773628
0.00788305
0.00801098
0.00811647
0.00819599
0.00824607
0.00826344
0.00824514
0.00818888
0.000995977
0.000991712
0.000987738
0.000984555
0.000982746
0.00098295
0.00098589
0.000992388
0.00100338
0.0010199
0.00104311
0.00107425
0.00111465
0.00116612
0.00123256
0.0013264
0.00148882
0.00184313
0.00271559
0.00486548
0.00984299
0.0204438
0.0411952
0.0786383
0.140926
0.236337
0.370678
0.544193
0.74933
0.970904
1.18913
1.3842
1.54041
1.64826
1.70466
1.71173
1.67521
1.60281
1.50291
1.38363
1.25213
1.11428
0.974501
0.835672
0.699307
0.565887
0.435058
0.317433
0.215644
0.134596
0.0765508
0.0396006
0.0195076
0.0102042
0.00632769
0.00473385
0.004034
0.0037079
0.00355215
0.00348263
0.00346261
0.00347506
0.00351135
0.00356658
0.00363769
0.0037226
0.00381984
0.0039283
0.00404718
0.00417585
0.00431383
0.00446074
0.00461625
0.00478004
0.00495184
0.00513132
0.00531816
0.00551195
0.00571225
0.0059185
0.00613009
0.00634624
0.00656609
0.00678859
0.00701256
0.0072366
0.00745914
0.00767839
0.00789234
0.00809877
0.0082953
0.00848324
0.00865702
0.00881255
0.00894605
0.00905385
0.00913231
0.00917798
0.00918764
0.00915877
0.000996143
0.000992039
0.000988245
0.000985155
0.000983262
0.000983139
0.000985463
0.000991017
0.00100068
0.00101541
0.00103625
0.00106431
0.00110077
0.00114689
0.0012042
0.00127539
0.00136809
0.00150718
0.0017681
0.00235396
0.00374879
0.00697152
0.0139217
0.0277826
0.0533808
0.0971888
0.166567
0.26804
0.404797
0.57421
0.766661
0.96669
1.15628
1.31885
1.44225
1.52007
1.55136
1.53941
1.49027
1.41133
1.31018
1.19381
1.06815
0.937688
0.805405
0.673039
0.541284
0.41012
0.292296
0.192493
0.114932
0.062037
0.0309987
0.0154969
0.00876442
0.00599558
0.00480219
0.0042572
0.00399617
0.00387118
0.0038192
0.00381196
0.00383584
0.0038836
0.00395096
0.00403511
0.00413407
0.00424643
0.00437111
0.00450728
0.00465433
0.00481173
0.00497906
0.00515593
0.00534198
0.00553683
0.00574011
0.00595135
0.00617008
0.0063957
0.00662756
0.00686487
0.00710671
0.00735205
0.00759966
0.00784813
0.00809587
0.00834105
0.00858158
0.00881515
0.00903915
0.0092551
0.00945821
0.00964407
0.00980867
0.00994816
0.0100588
0.0101368
0.0101788
0.0101821
0.000996357
0.000992414
0.000988808
0.000985839
0.000983889
0.000983432
0.000985057
0.000989469
0.000997493
0.00101007
0.00102826
0.0010532
0.00108609
0.0011282
0.00118082
0.00124542
0.00132422
0.00142282
0.00155887
0.00178575
0.00224798
0.00329284
0.00566158
0.0107612
0.0209947
0.0400993
0.0732994
0.12693
0.207267
0.318588
0.460897
0.628281
0.808966
0.987425
1.14775
1.27686
1.3664
1.41322
1.41858
1.38693
1.32452
1.23821
1.13454
1.01914
0.896278
0.76898
0.639166
0.508013
0.376934
0.260308
0.164899
0.094429
0.0490098
0.0243054
0.0128457
0.00797326
0.0059113
0.00498954
0.00455071
0.00433378
0.00422978
0.00419075
0.00419423
0.00422884
0.00428817
0.00436826
0.00446638
0.0045806
0.00470947
0.0048519
0.00500703
0.00517417
0.00535275
0.00554227
0.00574227
0.0059523
0.0061719
0.00640058
0.00663777
0.00688287
0.00713516
0.00739385
0.007658
0.00792656
0.0081983
0.00847184
0.00874559
0.00901774
0.00928623
0.00954876
0.00980275
0.0100475
0.0102819
0.0105006
0.0106991
0.0108735
0.0110198
0.0111341
0.0112127
0.0112527
0.000996606
0.000992825
0.000989405
0.000986558
0.000984575
0.000983865
0.000984972
0.000988563
0.000995439
0.00100653
0.00102288
0.00104561
0.00107592
0.00111504
0.00116424
0.00122485
0.0012983
0.00138664
0.00149455
0.00163619
0.00185394
0.00226214
0.00313515
0.00506024
0.00916008
0.0173691
0.0327336
0.059609
0.103477
0.170114
0.264054
0.386602
0.534119
0.69752
0.863572
1.01762
1.14664
1.24138
1.29728
1.31411
1.29498
1.245
1.17018
1.07638
0.968683
0.851136
0.72679
0.597934
0.466728
0.336039
0.223619
0.135795
0.0748082
0.0382124
0.0195376
0.0111793
0.00761009
0.00603207
0.00528589
0.00491176
0.00472025
0.0046287
0.00459879
0.00461148
0.00465653
0.00472787
0.00482155
0.00493484
0.00506571
0.00521266
0.00537449
0.00555028
0.00573925
0.00594075
0.00615418
0.00637897
0.00661457
0.00686041
0.00711587
0.00738027
0.00765287
0.00793283
0.00821923
0.00851099
0.00880692
0.00910566
0.00940567
0.0097052
0.0100023
0.0102946
0.0105798
0.0108552
0.0111227
0.0113762
0.0116112
0.0118234
0.0120086
0.0121628
0.0122821
0.0123632
0.000996891
0.000993297
0.000990074
0.000987335
0.000985299
0.000984338
0.000984954
0.00098777
0.000993552
0.00100322
0.0010178
0.00103844
0.00106632
0.0011027
0.00114887
0.0012062
0.00127606
0.0013599
0.00145968
0.00157967
0.00173237
0.00195463
0.0023449
0.00313774
0.00483291
0.00838483
0.0154408
0.0286051
0.0516411
0.0893807
0.147094
0.22922
0.33764
0.470029
0.619121
0.773509
0.91986
1.04567
1.14147
1.20193
1.22579
1.21505
1.17378
1.10703
1.01987
0.916864
0.801932
0.678375
0.549263
0.417703
0.290458
0.1859
0.108692
0.0584533
0.0302302
0.0164867
0.0103523
0.00761728
0.00632699
0.00567647
0.00533344
0.00515305
0.00506798
0.00504494
0.00506636
0.00512229
0.00520659
0.00531515
0.00544508
0.00559423
0.00576093
0.0059439
0.00614207
0.00635457
0.00658061
0.00681948
0.00707048
0.00733295
0.00760617
0.00788939
0.00818182
0.00848258
0.00879072
0.00910519
0.0094248
0.00974827
0.0100741
0.0104007
0.0107262
0.0110484
0.0113649
0.0116729
0.0119744
0.0122643
0.0125378
0.0127903
0.0130174
0.013215
0.0133787
0.0135051
0.000997219
0.000993939
0.000991076
0.000988638
0.000986879
0.000986243
0.000987272
0.000990593
0.000996964
0.00100727
0.00102249
0.00104363
0.00107173
0.00110788
0.00115322
0.00120898
0.00127646
0.00135697
0.00145199
0.00156355
0.00169593
0.00186124
0.00209419
0.00248596
0.00325081
0.00484048
0.00811156
0.0145362
0.0264379
0.0471809
0.0811211
0.133087
0.207287
0.305779
0.426941
0.564668
0.708904
0.847489
0.968628
1.06301
1.12493
1.15242
1.14653
1.11034
1.04795
0.96379
0.8622
0.747296
0.623098
0.493745
0.363837
0.244512
0.151518
0.0866687
0.0467877
0.0253225
0.0149643
0.0101767
0.00790028
0.00675143
0.00613993
0.00580626
0.00562905
0.00554802
0.00553169
0.00556269
0.00563085
0.0057297
0.00585487
0.00600323
0.00617243
0.00636065
0.00656645
0.00678861
0.00702612
0.00727805
0.00754353
0.00782175
0.00811188
0.00841307
0.00872445
0.00904509
0.009374
0.00971013
0.0100523
0.0103994
0.0107499
0.0111024
0.0114552
0.0118065
0.0121541
0.0124953
0.0128304
0.0131575
0.0134709
0.0137656
0.0140372
0.014281
0.0144926
0.0146683
0.00099862
0.000998775
0.00100212
0.00100938
0.00102151
0.00103932
0.00106324
0.00109333
0.00112922
0.00117016
0.00121516
0.00126304
0.00131279
0.00136382
0.00141623
0.00147086
0.00152932
0.0015938
0.00166697
0.00175187
0.0018522
0.00197387
0.00213042
0.00235749
0.00274521
0.00350086
0.00505435
0.00821082
0.0143419
0.0255983
0.0450824
0.0768079
0.125238
0.194305
0.28602
0.399071
0.528048
0.663841
0.795252
0.911188
1.00261
1.06362
1.09164
1.08693
1.05176
0.989672
0.904931
0.802132
0.686074
0.561763
0.434552
0.310671
0.203745
0.124443
0.0714928
0.0398459
0.022895
0.0145082
0.0104172
0.00835054
0.00725511
0.00665362
0.00632115
0.00614605
0.00607034
0.00606279
0.00610566
0.00618834
0.00630397
0.00644787
0.00661663
0.00680772
0.00701912
0.00724923
0.00749666
0.00776025
0.00803889
0.0083316
0.00863736
0.00895524
0.00928423
0.00962336
0.00997155
0.0103278
0.0106909
0.0110597
0.0114329
0.0118092
0.0121873
0.0125655
0.0129422
0.0133156
0.0136832
0.0140475
0.0144015
0.0147399
0.0150577
0.0153502
0.0156127
0.0158413
0.00108212
0.00126941
0.00158996
0.00206428
0.00269344
0.00346181
0.00433737
0.00527069
0.00619754
0.00704594
0.00774616
0.00824115
0.00849565
0.00850057
0.00827286
0.00785132
0.00728939
0.00664659
0.0059805
0.00534081
0.00476586
0.00428213
0.00390693
0.00365626
0.00356217
0.00370796
0.00429207
0.00573072
0.00880124
0.0148195
0.0258344
0.0447795
0.0754209
0.121917
0.1879
0.275193
0.38253
0.504851
0.633652
0.758418
0.868573
0.955284
1.01252
1.03737
1.02972
0.99166
0.926807
0.839775
0.735739
0.620234
0.49909
0.378569
0.265683
0.17345
0.10707
0.0630733
0.0364913
0.0220275
0.0146161
0.0108418
0.00886526
0.00779337
0.00719893
0.00687133
0.0067031
0.00663723
0.00664252
0.0067008
0.00680112
0.00693619
0.00710114
0.00729226
0.0075069
0.00774281
0.00799828
0.00827169
0.00856179
0.00886723
0.00918697
0.00951976
0.00986462
0.0102204
0.0105859
0.0109602
0.011342
0.0117302
0.0121236
0.0125209
0.0129211
0.0133228
0.0137249
0.0141263
0.0145255
0.0149259
0.0153205
0.0157029
0.0160681
0.0164109
0.0167266
0.0170113
0.00986088
0.0212814
0.0366172
0.0553049
0.0756034
0.0959271
0.114905
0.131238
0.143787
0.15173
0.154663
0.152629
0.146128
0.13596
0.1231
0.108596
0.0934608
0.0785767
0.064637
0.0521164
0.041279
0.0322088
0.024852
0.0190643
0.0146594
0.0114569
0.00933846
0.0083224
0.00867185
0.0110441
0.0166605
0.0274708
0.0462696
0.0766216
0.122417
0.186981
0.271847
0.375547
0.492963
0.615667
0.733341
0.835712
0.914351
0.963722
0.981435
0.967857
0.925476
0.858213
0.770912
0.668981
0.558234
0.444811
0.335116
0.235678
0.156814
0.0988929
0.0590362
0.0349724
0.021738
0.0148361
0.0112634
0.00937049
0.00833759
0.00776507
0.00745374
0.00730104
0.00725179
0.00727529
0.0073533
0.00747469
0.00763196
0.00782011
0.00803525
0.00827463
0.00853581
0.00881697
0.00911633
0.00943251
0.00976403
0.0101097
0.0104682
0.0108384
0.011219
0.011609
0.012007
0.012412
0.0128227
0.0132379
0.0136566
0.0140777
0.0145003
0.0149242
0.0153499
0.0157843
0.0162183
0.0166445
0.0170567
0.0174504
0.0178206
0.0181638
0.0910719
0.133165
0.181713
0.238958
0.298713
0.35661
0.41089
0.460408
0.503932
0.540298
0.568599
0.588824
0.596788
0.591043
0.572826
0.543884
0.506393
0.462783
0.415779
0.367732
0.320617
0.275949
0.234762
0.197659
0.164894
0.136461
0.112181
0.0917849
0.0750026
0.0616518
0.0517449
0.0456198
0.0440724
0.0484588
0.0606972
0.0831076
0.118038
0.167292
0.231463
0.309374
0.397809
0.491666
0.584481
0.66922
0.73912
0.788498
0.813363
0.811844
0.784318
0.733306
0.663083
0.579096
0.487153
0.39255
0.299653
0.211122
0.133659
0.0802575
0.047088
0.0286184
0.0190486
0.0141401
0.0115547
0.0101446
0.0093597
0.00892802
0.00870925
0.00862705
0.0086387
0.00871867
0.00885165
0.00902734
0.00923909
0.00948174
0.00975174
0.0100459
0.0103619
0.0106976
0.0110512
0.0114209
0.0118053
0.0122028
0.0126123
0.0130321
0.0134612
0.0138981
0.0143416
0.0147903
0.0152429
0.0156981
0.0161546
0.0166111
0.0170665
0.0175194
0.0179783
0.0184382
0.0188915
0.0193326
0.0197571
0.0201617
0.0214396
0.0188465
0.0168061
0.0151445
0.0141577
0.0138859
0.0142415
0.0151704
0.016643
0.0186398
0.0211206
0.0241609
0.0376626
0.0613299
0.090127
0.121002
0.152002
0.180741
0.202216
0.21563
0.220862
0.218718
0.210532
0.197844
0.182157
0.164793
0.146834
0.129123
0.112292
0.0968159
0.0830743
0.0714433
0.0623942
0.0566073
0.0550645
0.0590955
0.0703254
0.0905044
0.121206
0.163449
0.217299
0.281573
0.353689
0.429723
0.504672
0.57292
0.628865
0.667654
0.685868
0.682024
0.656738
0.612499
0.553102
0.482882
0.406061
0.32639
0.247786
0.174974
0.111559
0.0663383
0.039666
0.0252851
0.0178683
0.0140096
0.0119431
0.0108115
0.0101962
0.00988337
0.00975924
0.00975981
0.00984838
0.0100024
0.010208
0.0104557
0.0107394
0.0110543
0.0113971
0.0117648
0.0121555
0.0125672
0.0129984
0.0134477
0.0139139
0.0143958
0.0148924
0.0154023
0.0159248
0.0164581
0.0170012
0.0175524
0.0181098
0.0186713
0.0192349
0.0197976
0.0203568
0.02092
0.0214898
0.0220608
0.0226292
0.023192
0.021148
0.0175734
0.0148309
0.0125874
0.0107085
0.00917855
0.0079353
0.00692018
0.006092
0.00542233
0.0048918
0.00449091
0.00425025
0.00421585
0.00443677
0.0049855
0.00599729
0.00953869
0.0222251
0.0411608
0.0637033
0.0852762
0.103169
0.115893
0.123059
0.125109
0.122915
0.117489
0.109808
0.100749
0.0910712
0.0814364
0.0724534
0.0647489
0.0590442
0.0562355
0.0574381
0.0639814
0.0773179
0.0988535
0.1297
0.170399
0.220639
0.279035
0.342998
0.408762
0.471622
0.526436
0.568341
0.593521
0.599814
0.58695
0.556389
0.510828
0.453644
0.388431
0.318887
0.248843
0.182217
0.123772
0.0773623
0.0463371
0.0292409
0.0202729
0.0155968
0.0131051
0.0117541
0.0110291
0.0106684
0.0105315
0.0105408
0.0106507
0.0108345
0.0110752
0.0113622
0.0116879
0.0120476
0.0124373
0.0128545
0.0132968
0.0137628
0.0142508
0.0147599
0.0152889
0.0158368
0.0164028
0.0169859
0.0175851
0.0181996
0.018828
0.0194693
0.020122
0.0207847
0.0214556
0.0221331
0.0228149
0.0235052
0.0242089
0.0249247
0.0256511
0.0194746
0.0162848
0.0136673
0.0115267
0.00979773
0.00842227
0.00733256
0.00648105
0.00582983
0.00534547
0.00499731
0.00475751
0.00460217
0.00451196
0.00446871
0.00445264
0.0044451
0.00445087
0.00452946
0.00479814
0.00562488
0.0113438
0.0231235
0.0384528
0.0542137
0.0678253
0.0777936
0.0837136
0.0858953
0.0849916
0.0817544
0.0769298
0.0712165
0.0652812
0.0597925
0.0554823
0.0531997
0.0539565
0.0589266
0.0693978
0.0866534
0.111801
0.145548
0.18795
0.238155
0.294194
0.352892
0.410031
0.46082
0.500626
0.525764
0.534072
0.525117
0.500004
0.460989
0.411028
0.353462
0.29181
0.229681
0.170821
0.118912
0.0774107
0.0481374
0.030438
0.0210916
0.0161739
0.0135509
0.0121372
0.0113917
0.0110353
0.0109184
0.0109562
0.0111003
0.0113211
0.0116009
0.0119277
0.0122943
0.0126953
0.0131271
0.0135868
0.0140727
0.014583
0.0151165
0.0156721
0.016249
0.0168463
0.0174637
0.0181002
0.0187556
0.0194292
0.0201208
0.02083
0.0215565
0.0223
0.0230605
0.0238374
0.0246304
0.0254411
0.0262753
0.0271357
0.018743
0.0156713
0.0131202
0.0111112
0.00957885
0.00845745
0.00768135
0.00719471
0.0069393
0.00685547
0.00688669
0.00698383
0.00710712
0.00722706
0.00732321
0.00738379
0.0074046
0.00739055
0.00735006
0.00728412
0.00718744
0.00710295
0.00732918
0.00962944
0.0158648
0.0261581
0.0382751
0.0494779
0.0580161
0.0633275
0.065608
0.0654029
0.0633572
0.0601253
0.0563442
0.052664
0.0497865
0.048518
0.0497998
0.0547164
0.0644536
0.0802119
0.103061
0.13374
0.172408
0.218351
0.269725
0.323438
0.375358
0.420865
0.455664
0.476533
0.48179
0.471348
0.446493
0.409489
0.363219
0.31086
0.255704
0.201023
0.149999
0.105625
0.0703351
0.0453027
0.029614
0.0206821
0.0159709
0.0134446
0.0120857
0.0113818
0.0110637
0.0109838
0.0110587
0.0112392
0.0114961
0.0118106
0.0121714
0.0125706
0.0130031
0.0134652
0.0139543
0.0144683
0.0150059
0.0155658
0.0161471
0.016749
0.0173711
0.018013
0.0186746
0.0193558
0.0200572
0.020779
0.0215222
0.022288
0.0230778
0.0238932
0.0247366
0.0256095
0.0265142
0.0274552
0.0176452
0.0148836
0.0126669
0.0111948
0.0104462
0.0102807
0.0105261
0.0110231
0.0116297
0.0122353
0.0127648
0.0131752
0.0134473
0.0135787
0.013577
0.0134559
0.0132313
0.012922
0.0125482
0.0121372
0.0117553
0.0114221
0.0111133
0.0109087
0.0112241
0.0131165
0.0180341
0.0262744
0.0358699
0.044253
0.0500447
0.0530865
0.0538097
0.0528256
0.0507482
0.0481761
0.0457134
0.0440245
0.0438742
0.046162
0.0519192
0.0622752
0.0783719
0.101226
0.131519
0.169304
0.21367
0.262452
0.312223
0.358674
0.397387
0.424666
0.438156
0.43705
0.421979
0.394669
0.357578
0.313538
0.265514
0.216415
0.169009
0.125838
0.0891129
0.0603979
0.0401046
0.0271745
0.0196079
0.0153576
0.013016
0.0117666
0.0111316
0.0108612
0.010819
0.0109259
0.0111353
0.0114182
0.0117567
0.0121389
0.0125572
0.0130064
0.0134829
0.0139838
0.0145075
0.0150521
0.0156168
0.0162005
0.0168029
0.0174233
0.0180619
0.0187189
0.0193949
0.0200909
0.0208085
0.0215497
0.0223173
0.0231145
0.0239456
0.0248155
0.0257297
0.0266898
0.01712
0.0155675
0.0151732
0.0160258
0.017681
0.0195721
0.0213276
0.0227686
0.0238236
0.0244867
0.0247878
0.0247728
0.0244914
0.0239922
0.0233199
0.0225167
0.0216227
0.020684
0.0197728
0.018913
0.0180355
0.017122
0.0161844
0.0152553
0.0144284
0.0139759
0.014544
0.0172683
0.0230479
0.0308692
0.038115
0.0430291
0.045403
0.0457843
0.0448288
0.0431308
0.0412284
0.0396778
0.0391056
0.0402599
0.0440262
0.0514235
0.0635579
0.0815308
0.106273
0.13827
0.17719
0.221486
0.268238
0.313435
0.352732
0.382323
0.399632
0.40356
0.394418
0.373608
0.343271
0.305925
0.264219
0.220724
0.177842
0.137726
0.102239
0.0728281
0.0502873
0.034466
0.0242695
0.0181054
0.0145197
0.0124832
0.0113602
0.0107843
0.0105467
0.0105257
0.010649
0.010872
0.0111654
0.0115114
0.0118986
0.0123192
0.012768
0.0132411
0.013736
0.0142504
0.014783
0.0153324
0.015898
0.0164792
0.0170758
0.0176881
0.0183166
0.0189624
0.0196272
0.0203133
0.021024
0.0217635
0.0225372
0.0233518
0.024216
0.0251381
0.0253885
0.0293989
0.0337734
0.0378319
0.0409869
0.0430132
0.0440416
0.0442791
0.0439049
0.043064
0.0418694
0.0404107
0.0387587
0.0369731
0.0351049
0.0332045
0.0313305
0.0295561
0.0277918
0.0260049
0.02422
0.0224594
0.0207411
0.0190877
0.0175431
0.016227
0.0154268
0.0157498
0.0181969
0.0234742
0.0302572
0.0358314
0.0389118
0.0398347
0.0393661
0.0381533
0.0366867
0.0354265
0.0348837
0.0356872
0.0386059
0.0445581
0.0545895
0.0698111
0.0912675
0.11967
0.154991
0.195975
0.239926
0.282974
0.320901
0.350053
0.367991
0.373676
0.367386
0.35039
0.324618
0.292322
0.255843
0.217425
0.179126
0.142748
0.109821
0.0815457
0.0587056
0.0414999
0.0294606
0.0215769
0.0166649
0.0137001
0.0119538
0.0109614
0.0104419
0.0102257
0.01021
0.0103302
0.0105455
0.0108292
0.0111641
0.0115386
0.0119447
0.0123769
0.0128313
0.0133047
0.0137953
0.0143012
0.0148215
0.0153551
0.0159017
0.0164612
0.017034
0.0176208
0.0182231
0.018843
0.0194837
0.0201492
0.0208455
0.0215805
0.0223651
0.023209
0.0752796
0.0804382
0.0811396
0.0801521
0.078275
0.0758533
0.0730871
0.0700908
0.0669329
0.0636635
0.0603208
0.0569411
0.0535566
0.0502028
0.0469249
0.0437852
0.0407583
0.0377421
0.0347852
0.0319222
0.0291793
0.0265794
0.0241377
0.0218714
0.0198095
0.0180319
0.0167207
0.016262
0.0173678
0.0209809
0.0268943
0.0320748
0.0343676
0.0348281
0.0343418
0.0333834
0.0322854
0.0313916
0.0311281
0.0320556
0.0348599
0.040388
0.0496413
0.0637278
0.0837463
0.110489
0.143973
0.182894
0.224481
0.264868
0.300036
0.32674
0.342976
0.348021
0.342303
0.327087
0.304161
0.27554
0.243269
0.209268
0.175265
0.142738
0.112913
0.0867377
0.0648587
0.0475429
0.0346282
0.0255405
0.0194593
0.0155391
0.0130785
0.0115715
0.0106832
0.0102
0.00998714
0.00995853
0.0100586
0.0102504
0.0105097
0.0108195
0.0111686
0.0115486
0.011954
0.0123804
0.0128249
0.0132851
0.0137595
0.0142467
0.014746
0.015257
0.0157797
0.0163144
0.0168622
0.0174246
0.0180041
0.018604
0.0192293
0.0198863
0.0205838
0.0213323
0.158711
0.146363
0.133542
0.123021
0.114466
0.107157
0.100567
0.0944091
0.0885382
0.082888
0.0774253
0.0721395
0.0670329
0.0621446
0.0575268
0.0530814
0.0487816
0.0446744
0.0407778
0.0371088
0.0336703
0.030461
0.0275305
0.0248955
0.0225836
0.0207071
0.0194969
0.019333
0.0205981
0.0232606
0.0264916
0.0289055
0.0298848
0.0299692
0.0295832
0.0289855
0.0283995
0.0281047
0.0284774
0.030026
0.033391
0.0393723
0.0489327
0.0631498
0.0830876
0.109449
0.142087
0.179517
0.219125
0.256741
0.287776
0.310376
0.323215
0.325988
0.319338
0.304555
0.283301
0.257361
0.228494
0.198307
0.168212
0.13939
0.112792
0.089139
0.0689169
0.0523518
0.0393951
0.0297242
0.0228154
0.0180567
0.0148708
0.0127852
0.011452
0.0106303
0.0101589
0.0099305
0.00987375
0.0099404
0.0100977
0.0103227
0.0105995
0.0109167
0.0112661
0.0116419
0.0120396
0.0124559
0.0128887
0.0133358
0.0137963
0.0142692
0.0147541
0.0152508
0.0157598
0.0162821
0.0168191
0.0173733
0.0179483
0.018549
0.0191826
0.0198582
0.24726
0.197833
0.172048
0.155763
0.143478
0.133066
0.123698
0.115057
0.107002
0.0994467
0.0923236
0.0856098
0.0793156
0.0734285
0.0677917
0.0624178
0.0573111
0.0524717
0.0478971
0.0435826
0.0395205
0.0357171
0.032202
0.0290344
0.0263155
0.0241943
0.0228279
0.0223156
0.0226145
0.0234969
0.0245589
0.0253565
0.0257115
0.025773
0.0256958
0.0256296
0.0257611
0.0263569
0.0277877
0.0305503
0.0352765
0.0427478
0.0538836
0.0696576
0.0909078
0.117948
0.150144
0.185623
0.221519
0.2541
0.280012
0.297846
0.306827
0.306589
0.298117
0.283019
0.262778
0.238914
0.2129
0.186049
0.159482
0.134112
0.110653
0.0896268
0.0713751
0.0560539
0.0436401
0.0339365
0.026611
0.02125
0.017429
0.0147636
0.0129405
0.0117208
0.0109318
0.0104511
0.0101936
0.0100995
0.010127
0.0102462
0.0104359
0.0106805
0.0109689
0.0112927
0.0116457
0.0120233
0.0124221
0.0128394
0.0132733
0.0137223
0.0141854
0.0146621
0.0151522
0.0156558
0.0161736
0.0167071
0.0172586
0.0178316
0.0184314
0.0190655
0.214039
0.204289
0.190652
0.176548
0.163202
0.15094
0.139751
0.129524
0.120141
0.111492
0.103444
0.0958116
0.0884904
0.0814098
0.0745987
0.0680397
0.0617355
0.0557012
0.0499623
0.0445645
0.0395708
0.0350602
0.0311138
0.0278057
0.0251866
0.0232761
0.0220517
0.0214462
0.0213433
0.0215866
0.0219981
0.0224299
0.0228297
0.0232505
0.0237859
0.0245753
0.025823
0.0278198
0.0309595
0.0357506
0.0428197
0.0528956
0.0667551
0.0850794
0.108223
0.135876
0.166833
0.19896
0.229549
0.255719
0.275315
0.28744
0.291794
0.288516
0.278548
0.262811
0.243192
0.221052
0.197533
0.173654
0.150271
0.128062
0.107539
0.0890624
0.0728525
0.0589995
0.0474744
0.0381395
0.0307734
0.0250996
0.0208233
0.0176611
0.0153632
0.0137225
0.0125764
0.0118005
0.0113025
0.0110141
0.0108853
0.0108791
0.0109684
0.0111328
0.0113572
0.0116303
0.0119434
0.0122899
0.012665
0.0130646
0.013486
0.0139269
0.0143855
0.0148606
0.0153513
0.015857
0.0163778
0.0169141
0.0174669
0.0180383
0.0186319
0.0192533
0.210642
0.199628
0.18504
0.170064
0.155833
0.142639
0.130452
0.119137
0.108531
0.0986021
0.0894176
0.0809495
0.0731052
0.0658212
0.0590685
0.0528448
0.0471512
0.0419967
0.0373921
0.0333483
0.02987
0.0269554
0.0245925
0.0227606
0.0214289
0.0205586
0.0201025
0.0200074
0.0202151
0.0206689
0.0213221
0.0221555
0.0231929
0.0245092
0.026225
0.0285169
0.031629
0.0358831
0.0416844
0.0495142
0.0599082
0.0734002
0.0904267
0.111164
0.135347
0.16209
0.189881
0.21672
0.240489
0.259305
0.271994
0.278159
0.277888
0.271616
0.260202
0.244509
0.225326
0.204646
0.183346
0.162132
0.141609
0.122249
0.104398
0.0882866
0.0740426
0.0617038
0.0512297
0.0425122
0.035394
0.0296846
0.0251813
0.0216838
0.0190082
0.0169926
0.0155011
0.0144219
0.0136664
0.0131643
0.0128613
0.0127152
0.0126936
0.0127714
0.0129294
0.0131526
0.0134295
0.0137511
0.0141103
0.0145018
0.0149213
0.0153654
0.0158314
0.0163172
0.0168212
0.0173421
0.017879
0.0184313
0.0189991
0.019583
0.0201847
0.0208075
0.142385
0.130445
0.117266
0.105048
0.0941639
0.0846076
0.0762648
0.0689928
0.0626497
0.0570548
0.0520274
0.0475021
0.0434243
0.0397533
0.0364585
0.0335197
0.030922
0.0286558
0.0267128
0.0250866
0.0237705
0.0227585
0.0220439
0.0216207
0.021483
0.0216269
0.0220498
0.0227533
0.0237443
0.0250393
0.0266696
0.0286884
0.0311786
0.0342588
0.0380881
0.0428708
0.0488591
0.0563485
0.0656662
0.0771401
0.0910566
0.107585
0.126692
0.148034
0.170898
0.19417
0.216461
0.23627
0.252253
0.263409
0.269267
0.269822
0.265397
0.256536
0.243966
0.228368
0.210095
0.190747
0.171429
0.152594
0.134612
0.117778
0.102304
0.0883188
0.0758844
0.0650015
0.0556212
0.0476541
0.0409824
0.0354694
0.0309723
0.0273492
0.0244669
0.0222043
0.0204548
0.0191267
0.0181427
0.0174385
0.0169614
0.0166687
0.0165257
0.0165048
0.0165838
0.0167448
0.0169737
0.0172592
0.0175923
0.0179656
0.0183733
0.0188108
0.0192741
0.0197601
0.0202664
0.0207905
0.0213309
0.0218859
0.0224544
0.0230356
0.023629
0.0242347
0.0714251
0.0665677
0.0618498
0.0576578
0.0539454
0.050653
0.0477228
0.0451071
0.0427665
0.0406669
0.0387802
0.0370889
0.0355813
0.0342517
0.0330971
0.0321183
0.031318
0.0307015
0.0302759
0.0300508
0.0300373
0.0302496
0.0307039
0.0314201
0.0324215
0.0337362
0.0353973
0.0374453
0.0399283
0.0429054
0.0464482
0.0506445
0.0556002
0.0614411
0.0683124
0.0763738
0.0857924
0.0967246
0.109295
0.123561
0.139473
0.156828
0.175237
0.194093
0.212598
0.229809
0.244764
0.256581
0.264607
0.268474
0.268149
0.263855
0.256009
0.245125
0.231767
0.216381
0.198954
0.181039
0.163577
0.146867
0.131114
0.116482
0.103078
0.0909608
0.0801457
0.0706099
0.0623012
0.0551436
0.0490452
0.0439034
0.0396126
0.036067
0.0331666
0.0308181
0.0289379
0.0274518
0.0262963
0.0254167
0.0247674
0.0243099
0.0240126
0.0238488
0.0237968
0.0238384
0.0239586
0.0241451
0.0243875
0.0246773
0.0250074
0.0253719
0.0257657
0.0261846
0.0266251
0.0270838
0.0275581
0.0280455
0.0285437
0.02905
0.0295615
0.0300739
0.071385
0.0697239
0.0680699
0.0665343
0.0651204
0.0638236
0.0626395
0.0615667
0.0606059
0.0597609
0.0590366
0.0584402
0.0579797
0.0576654
0.0575089
0.0575242
0.057727
0.0581359
0.0587715
0.0596578
0.060821
0.0622914
0.064102
0.0662901
0.0688966
0.0719666
0.0755489
0.0796967
0.0844667
0.0899188
0.0961156
0.103121
0.110997
0.119802
0.129585
0.140374
0.152169
0.164922
0.178528
0.192798
0.207456
0.222123
0.236329
0.249521
0.26112
0.270552
0.277335
0.281106
0.281693
0.279097
0.273508
0.265236
0.254675
0.242236
0.228279
0.212908
0.196139
0.179622
0.163827
0.148924
0.135024
0.122203
0.1105
0.0999233
0.0904579
0.0820667
0.0746956
0.0682773
0.0627354
0.0579876
0.0539497
0.0505378
0.0476721
0.0452777
0.0432873
0.0416409
0.0402869
0.039181
0.038286
0.0375703
0.0370081
0.036577
0.0362585
0.0360367
0.0358982
0.0358313
0.0358261
0.0358739
0.0359674
0.0360998
0.0362656
0.0364596
0.0366776
0.0369154
0.0371694
0.0374364
0.0377127
0.0379944
0.0382754
0.0385452
0.114717
0.11494
0.115241
0.115581
0.115963
0.116393
0.116879
0.117431
0.11806
0.11878
0.119603
0.120548
0.121632
0.122874
0.124297
0.125926
0.127786
0.129906
0.132318
0.135055
0.138151
0.141645
0.145574
0.149976
0.154889
0.160351
0.166395
0.173048
0.180331
0.188257
0.196825
0.206018
0.215802
0.22612
0.236889
0.247993
0.259283
0.270567
0.281617
0.292159
0.301891
0.310483
0.317604
0.322932
0.326195
0.327175
0.325757
0.321913
0.315732
0.30739
0.297147
0.285299
0.272153
0.257969
0.242874
0.226528
0.210171
0.194474
0.179657
0.165816
0.153
0.141227
0.130489
0.120764
0.112015
0.104195
0.0972485
0.0911118
0.0857181
0.0809974
0.0768801
0.0732971
0.0701834
0.067478
0.0651258
0.0630777
0.0612913
0.0597297
0.0583623
0.0571627
0.0561092
0.0551831
0.0543689
0.0536528
0.0530235
0.0524705
0.051985
0.0515586
0.0511845
0.050856
0.0505674
0.0503133
0.0500889
0.0498899
0.0497122
0.0495518
0.0494047
0.0492654
0.0491249
0.0489649
0.186754
0.189232
0.192141
0.195177
0.198299
0.20151
0.204818
0.208234
0.211771
0.215443
0.219266
0.223257
0.227434
0.231819
0.236433
0.2413
0.246444
0.251891
0.257664
0.263792
0.270295
0.277197
0.284513
0.292258
0.300435
0.309039
0.318053
0.327445
0.337168
0.347153
0.357311
0.367529
0.377675
0.387589
0.397094
0.40599
0.414068
0.421101
0.42687
0.431155
0.433759
0.434508
0.433276
0.429974
0.424583
0.417133
0.407727
0.396511
0.383689
0.369489
0.354157
0.337926
0.320996
0.303484
0.285146
0.266869
0.249368
0.23284
0.217371
0.202994
0.189709
0.177492
0.166309
0.156114
0.146855
0.138476
0.130918
0.124119
0.118014
0.112543
0.107642
0.103251
0.0993148
0.0957796
0.0925972
0.089724
0.0871213
0.0847551
0.0825962
0.0806189
0.0788019
0.0771261
0.0755759
0.0741372
0.072798
0.0715476
0.070377
0.0692776
0.0682422
0.0672639
0.066337
0.0654558
0.0646156
0.0638117
0.0630401
0.0622967
0.061577
0.0608749
0.0601788
0.0594618
0.264016
0.268814
0.27452
0.280529
0.286743
0.293155
0.299771
0.306605
0.313669
0.320978
0.328546
0.336389
0.344524
0.352967
0.361733
0.370839
0.380296
0.390119
0.400313
0.410883
0.421825
0.433131
0.444777
0.456733
0.468951
0.481367
0.493897
0.506438
0.518864
0.531023
0.542743
0.553832
0.564079
0.573258
0.581142
0.587501
0.59212
0.594798
0.595371
0.593706
0.589726
0.583397
0.574749
0.563857
0.550857
0.535917
0.51925
0.501081
0.481652
0.461186
0.439888
0.417928
0.395455
0.372363
0.349404
0.327563
0.30698
0.287695
0.26972
0.253042
0.23762
0.223407
0.210341
0.19836
0.187397
0.177383
0.168251
0.159934
0.152364
0.145478
0.139212
0.133508
0.12831
0.123566
0.119226
0.115247
0.111589
0.108216
0.105094
0.102196
0.0994962
0.0969724
0.0946055
0.0923782
0.0902758
0.0882852
0.0863953
0.0845958
0.0828782
0.0812348
0.0796588
0.0781442
0.0766858
0.075279
0.0739195
0.0726033
0.071326
0.0700808
0.068854
0.0676109
0.315278
0.321651
0.329276
0.337356
0.345749
0.35444
0.363436
0.372753
0.382405
0.392409
0.402779
0.413534
0.424687
0.436253
0.448245
0.460674
0.473544
0.486859
0.500613
0.514793
0.529377
0.54433
0.559601
0.575124
0.590813
0.606559
0.622228
0.637664
0.652681
0.667071
0.680603
0.693025
0.704076
0.713485
0.720993
0.726347
0.729332
0.729756
0.727492
0.72245
0.714621
0.70404
0.690821
0.675117
0.657141
0.637127
0.61534
0.592038
0.567476
0.541863
0.515376
0.488168
0.460331
0.431878
0.40476
0.379214
0.355256
0.332889
0.312088
0.29281
0.274991
0.258561
0.243443
0.229555
0.216817
0.205147
0.194467
0.184698
0.175767
0.167602
0.160136
0.153305
0.147049
0.141311
0.13604
0.131187
0.126708
0.122564
0.118718
0.115138
0.111793
0.108659
0.105713
0.102933
0.100302
0.0978057
0.0954295
0.0931615
0.0909921
0.088912
0.0869139
0.084991
0.0831378
0.0813492
0.0796209
0.0779488
0.0763285
0.0747529
0.0732065
0.0716487
0.00235527
0.00219037
0.00204339
0.00191271
0.00179691
0.00169468
0.00160489
0.00152651
0.00145864
0.00140047
0.0013513
0.0013105
0.00127748
0.00125171
0.00123272
0.00122014
0.00121368
0.00121307
0.00121814
0.00122872
0.00124473
0.00126611
0.00129284
0.00132497
0.00136257
0.00140578
0.00145481
0.0015099
0.00157141
0.00163978
0.00171547
0.00179902
0.00189105
0.00199231
0.00210367
0.00222613
0.00236088
0.00250932
0.00267305
0.002854
0.00305438
0.00327685
0.0035245
0.00380097
0.00411059
0.0044584
0.00485036
0.00529341
0.00579563
0.0063663
0.00701597
0.00775639
0.00860039
0.00956148
0.0106533
0.0118888
0.0132791
0.0148322
0.0165516
0.018435
0.0204734
0.0226504
0.0249428
0.0273207
0.0297498
0.0321921
0.0346087
0.0369608
0.0392119
0.0413288
0.0432829
0.0450502
0.0466127
0.0479577
0.0490783
0.0499734
0.0506474
0.05111
0.0513761
0.0514659
0.0514047
0.0512227
0.0509562
0.0506472
0.0503457
0.0501109
0.0500156
0.0501513
0.0506388
0.0516444
0.0534103
0.0563083
0.0609439
0.0683632
0.0804889
0.101097
0.138146
0.21024
0.370848
0.891969
0.0236519
0.0237309
0.0237901
0.0238392
0.0238817
0.0239191
0.0239525
0.0239816
0.0240066
0.0240269
0.0240424
0.0240524
0.024057
0.0240557
0.0240484
0.0240342
0.0240129
0.0239838
0.0239463
0.0238998
0.0238437
0.0237772
0.0236999
0.0236108
0.0235095
0.023395
0.0232666
0.0231236
0.0229652
0.0227905
0.0225992
0.022391
0.0221656
0.0219223
0.0216605
0.0213794
0.0210785
0.020757
0.0204147
0.0200513
0.0196669
0.019262
0.0188376
0.0183952
0.017937
0.017466
0.0169859
0.0165017
0.0160191
0.0155452
0.0150879
0.0146561
0.0142595
0.0139081
0.0136117
0.0133796
0.0132192
0.0131357
0.0131314
0.013205
0.0133519
0.013565
0.0138352
0.0141531
0.0145098
0.0148979
0.0153121
0.0157489
0.0162067
0.0166852
0.0171855
0.0177094
0.0182592
0.0188378
0.019448
0.0200934
0.020777
0.0215026
0.022274
0.0230957
0.0239721
0.0249093
0.0259137
0.0269944
0.0281617
0.0294307
0.03082
0.0323568
0.0340772
0.0360347
0.038305
0.0410045
0.0443116
0.0485212
0.0541455
0.0621626
0.0746835
0.0972047
0.149025
0.348647
0.00945351
0.00947623
0.00944549
0.00939092
0.00932489
0.00925323
0.00917874
0.00910259
0.00902529
0.00894694
0.0088675
0.0087868
0.00870468
0.00862089
0.00853523
0.00844747
0.00835739
0.00826477
0.00816943
0.00807117
0.00796982
0.00786523
0.00775727
0.00764584
0.00753084
0.00741223
0.00729
0.00716416
0.00703477
0.00690193
0.00676582
0.00662664
0.00648466
0.00634025
0.00619382
0.00604591
0.00589715
0.0057483
0.00560024
0.00545396
0.00531064
0.00517154
0.00503813
0.00491195
0.00479473
0.00468826
0.00459443
0.00451517
0.00445238
0.00440788
0.00438332
0.0043801
0.00439929
0.00444151
0.00450696
0.00459532
0.0047059
0.00483762
0.00498925
0.00515943
0.005347
0.0055509
0.00577047
0.00600527
0.0062553
0.00652072
0.00680204
0.00709985
0.00741498
0.00774823
0.00810061
0.00847303
0.00886663
0.00928243
0.00972172
0.0101857
0.010676
0.0111941
0.0117423
0.0123227
0.0129387
0.0135937
0.0142929
0.0150424
0.0158509
0.016729
0.0176921
0.0187603
0.0199624
0.0213376
0.0229437
0.0248648
0.0272312
0.0302502
0.0342788
0.0399827
0.0487647
0.0642094
0.0989685
0.232017
0.0043519
0.00436523
0.00436444
0.00435654
0.00434476
0.00433069
0.00431509
0.00429818
0.00428001
0.00426048
0.00423949
0.00421689
0.0041926
0.00416649
0.00413854
0.00410868
0.00407694
0.00404333
0.00400793
0.00397081
0.0039321
0.00389193
0.00385048
0.00380792
0.00376445
0.00372028
0.00367565
0.00363078
0.00358594
0.00354138
0.00349737
0.00345418
0.00341209
0.00337139
0.00333238
0.00329534
0.00326059
0.00322842
0.00319916
0.00317308
0.00315053
0.00313179
0.00311716
0.00310694
0.00310141
0.00310083
0.00310548
0.00311557
0.00313136
0.00315304
0.00318083
0.00321491
0.0032555
0.00330278
0.00335699
0.00341833
0.00348712
0.00356363
0.00364824
0.00374131
0.00384331
0.00395469
0.00407599
0.0042077
0.00435044
0.00450475
0.00467127
0.00485055
0.00504331
0.00525014
0.00547179
0.00570895
0.00596251
0.00623328
0.00652236
0.00683085
0.00716022
0.00751203
0.00788841
0.00829175
0.00872528
0.00919283
0.00969958
0.010252
0.0108586
0.0115307
0.0122834
0.0131371
0.0141201
0.0152717
0.0166489
0.0183356
0.0204605
0.0232312
0.0270037
0.0324481
0.0409934
0.0563386
0.0915662
0.227807
0.00282195
0.00283109
0.00283759
0.0028417
0.00284392
0.00284459
0.00284398
0.00284222
0.00283942
0.00283566
0.00283102
0.00282557
0.00281941
0.00281261
0.00280528
0.00279749
0.00278936
0.00278095
0.00277238
0.00276371
0.00275505
0.00274646
0.00273802
0.00272979
0.00272185
0.00271424
0.00270704
0.00270027
0.00269401
0.00268828
0.00268313
0.00267861
0.00267476
0.00267161
0.00266922
0.00266761
0.00266685
0.00266697
0.00266804
0.0026701
0.00267323
0.00267748
0.00268295
0.00268972
0.00269788
0.00270754
0.00271884
0.0027319
0.00274689
0.00276396
0.00278333
0.00280519
0.0028298
0.0028574
0.00288831
0.00292282
0.00296128
0.00300407
0.00305159
0.00310425
0.00316254
0.00322691
0.0032979
0.00337602
0.00346186
0.00355598
0.00365901
0.00377159
0.0038944
0.00402812
0.00417354
0.00433142
0.00450265
0.00468815
0.00488901
0.00510638
0.00534168
0.00559649
0.00587282
0.00617297
0.00649997
0.00685741
0.00725011
0.00768404
0.00816727
0.00871013
0.00932694
0.0100367
0.0108663
0.0118531
0.0130519
0.0145434
0.0164532
0.0189826
0.0224789
0.0275902
0.0356857
0.0502602
0.0835692
0.212162
0.0022885
0.00229495
0.00230359
0.00231216
0.00232013
0.00232741
0.00233407
0.00234017
0.00234579
0.00235098
0.0023558
0.0023603
0.00236453
0.00236854
0.00237237
0.00237604
0.00237961
0.0023831
0.00238654
0.00238996
0.00239338
0.00239682
0.00240031
0.00240386
0.00240749
0.00241121
0.00241504
0.002419
0.00242309
0.00242734
0.00243175
0.00243635
0.00244115
0.00244617
0.00245143
0.00245696
0.00246277
0.0024689
0.00247538
0.00248225
0.00248955
0.00249732
0.00250564
0.00251453
0.0025241
0.0025344
0.00254554
0.0025576
0.00257071
0.00258498
0.00260055
0.00261758
0.00263624
0.00265671
0.00267922
0.00270397
0.00273123
0.00276126
0.00279437
0.00283087
0.00287112
0.00291548
0.00296438
0.00301824
0.00307755
0.00314277
0.00321449
0.00329324
0.00337967
0.00347441
0.0035782
0.00369178
0.00381602
0.0039518
0.00410017
0.00426224
0.00443935
0.00463298
0.00484495
0.00507735
0.00533286
0.00561465
0.00592689
0.00627479
0.00666528
0.00710737
0.00761343
0.00820016
0.00889117
0.00971996
0.0107358
0.0120131
0.0136682
0.0158925
0.0190186
0.0236771
0.0312073
0.0450398
0.0771863
0.203675
0.00211562
0.0021183
0.00212528
0.00213337
0.00214158
0.00214956
0.00215725
0.00216461
0.00217169
0.00217849
0.00218506
0.00219142
0.0021976
0.00220362
0.00220952
0.00221531
0.00222102
0.00222666
0.00223228
0.00223786
0.00224346
0.00224906
0.00225471
0.0022604
0.00226617
0.00227201
0.00227795
0.002284
0.00229018
0.00229649
0.00230297
0.0023096
0.00231642
0.00232343
0.00233066
0.00233812
0.00234583
0.0023538
0.00236207
0.00237064
0.00237957
0.00238887
0.00239858
0.00240874
0.0024194
0.0024306
0.00244241
0.00245489
0.00246812
0.00248217
0.00249716
0.00251317
0.00253033
0.00254878
0.00256865
0.00259012
0.00261337
0.0026386
0.00266604
0.00269591
0.00272852
0.00276413
0.00280308
0.00284571
0.00289243
0.00294363
0.00299978
0.00306136
0.00312893
0.00320304
0.00328436
0.00337356
0.00347143
0.00357879
0.0036966
0.0038259
0.00396794
0.00412405
0.00429591
0.00448542
0.00469494
0.00492731
0.00518617
0.00547605
0.00580294
0.00617462
0.00660175
0.00709878
0.00768624
0.00839344
0.00926412
0.0103649
0.0118021
0.013753
0.0165329
0.0207477
0.0277055
0.0407734
0.0717337
0.195984
0.00208115
0.0020798
0.00208415
0.00209042
0.00209727
0.00210418
0.00211096
0.00211753
0.00212389
0.00213005
0.00213602
0.00214181
0.00214747
0.002153
0.00215843
0.00216378
0.00216908
0.00217435
0.0021796
0.00218486
0.00219015
0.00219548
0.00220089
0.00220637
0.00221195
0.00221765
0.00222348
0.00222945
0.0022356
0.00224191
0.00224842
0.00225513
0.00226207
0.00226924
0.00227666
0.00228434
0.00229231
0.00230057
0.00230915
0.00231807
0.00232734
0.002337
0.00234707
0.00235757
0.00236855
0.00238004
0.00239209
0.00240475
0.00241806
0.0024321
0.00244693
0.00246264
0.00247931
0.00249704
0.00251596
0.00253618
0.00255786
0.00258114
0.00260621
0.00263326
0.00266251
0.00269419
0.00272858
0.00276596
0.00280667
0.00285104
0.00289948
0.00295239
0.00301027
0.00307361
0.00314299
0.00321902
0.00330241
0.00339392
0.00349443
0.00360489
0.00372643
0.00386032
0.00400806
0.00417138
0.00435244
0.00455378
0.00477863
0.005031
0.00531616
0.0056409
0.00601448
0.00644946
0.00696368
0.0075827
0.00834488
0.00930915
0.0105708
0.0122911
0.0147619
0.0185566
0.0249367
0.0371992
0.0669563
0.1899
0.00213387
0.00212837
0.00212971
0.00213363
0.0021385
0.00214364
0.00214877
0.00215377
0.00215859
0.00216324
0.00216771
0.00217203
0.00217621
0.00218027
0.00218424
0.00218814
0.00219199
0.00219581
0.00219964
0.00220347
0.00220735
0.00221128
0.00221529
0.0022194
0.00222362
0.00222798
0.0022325
0.00223718
0.00224206
0.00224714
0.00225244
0.00225798
0.00226378
0.00226985
0.00227622
0.00228288
0.00228987
0.0022972
0.0023049
0.00231297
0.00232145
0.00233034
0.0023397
0.00234952
0.00235986
0.00237074
0.00238219
0.00239427
0.00240701
0.00242047
0.00243471
0.00244979
0.0024658
0.0024828
0.0025009
0.0025202
0.00254082
0.00256288
0.00258654
0.00261196
0.00263933
0.00266883
0.00270072
0.00273521
0.00277262
0.00281322
0.00285737
0.00290544
0.00295786
0.00301506
0.00307759
0.00314598
0.0032209
0.00330303
0.0033932
0.00349228
0.00360133
0.00372151
0.00385424
0.00400111
0.00416411
0.00434556
0.00454841
0.00477628
0.00503389
0.00532729
0.00566468
0.00605715
0.0065204
0.00707689
0.00776042
0.00862311
0.00974992
0.0112862
0.0134993
0.0169243
0.0227669
0.0342467
0.0628666
0.184949
0.00225105
0.0022417
0.00224029
0.00224206
0.0022451
0.00224856
0.00225209
0.00225551
0.00225876
0.00226181
0.00226467
0.00226735
0.00226986
0.00227223
0.00227447
0.00227661
0.00227868
0.00228069
0.00228267
0.00228463
0.00228662
0.00228863
0.00229071
0.00229287
0.00229513
0.00229751
0.00230004
0.00230274
0.00230562
0.00230871
0.00231204
0.0023156
0.00231944
0.00232356
0.002328
0.00233276
0.00233787
0.00234335
0.00234923
0.00235552
0.00236226
0.00236946
0.00237715
0.00238536
0.00239413
0.00240347
0.00241344
0.00242407
0.0024354
0.00244748
0.00246038
0.00247414
0.00248883
0.00250453
0.00252132
0.00253929
0.00255855
0.00257921
0.00260141
0.00262527
0.00265098
0.0026787
0.00270865
0.00274102
0.00277609
0.00281412
0.00285542
0.00290033
0.00294923
0.00300255
0.00306075
0.00312437
0.003194
0.00327029
0.00335401
0.003446
0.00354725
0.00365887
0.00378218
0.00391871
0.0040703
0.00423915
0.00442801
0.00464022
0.00488014
0.0051533
0.00546717
0.00583177
0.00626124
0.00677575
0.00740557
0.00819743
0.00922772
0.010628
0.0126425
0.0157683
0.0211477
0.0319031
0.0594056
0.180718
0.00242715
0.00241415
0.0024102
0.00240998
0.00241132
0.00241322
0.00241522
0.00241711
0.0024188
0.00242025
0.00242146
0.00242242
0.00242317
0.00242371
0.00242407
0.00242427
0.00242433
0.00242428
0.00242415
0.00242394
0.00242371
0.00242346
0.00242322
0.00242302
0.00242288
0.00242282
0.00242287
0.00242306
0.00242341
0.00242393
0.00242467
0.00242564
0.00242687
0.00242837
0.00243018
0.00243232
0.00243481
0.00243769
0.00244097
0.00244468
0.00244886
0.00245352
0.00245871
0.00246445
0.00247078
0.00247772
0.00248533
0.00249364
0.0025027
0.00251255
0.00252325
0.00253486
0.00254744
0.00256106
0.0025758
0.00259175
0.00260901
0.00262767
0.00264787
0.00266973
0.00269341
0.00271906
0.00274688
0.00277706
0.00280984
0.00284547
0.00288424
0.00292646
0.00297249
0.00302272
0.0030776
0.00313763
0.00320338
0.00327545
0.0033546
0.00344161
0.00353744
0.00364316
0.00376003
0.00388952
0.0040334
0.00419377
0.00437323
0.00457496
0.00480305
0.00506269
0.0053608
0.00570666
0.00611324
0.00659901
0.00719155
0.00793337
0.0088939
0.010193
0.0120547
0.0149397
0.0199257
0.0300284
0.056486
0.177083
0.00265759
0.00264121
0.00263502
0.0026331
0.002633
0.00263355
0.00263422
0.00263475
0.00263503
0.002635
0.00263465
0.00263397
0.002633
0.00263173
0.0026302
0.00262842
0.00262643
0.00262424
0.00262188
0.00261937
0.00261676
0.00261405
0.00261128
0.00260848
0.00260567
0.00260287
0.00260013
0.00259746
0.0025949
0.00259246
0.00259019
0.0025881
0.00258624
0.00258461
0.00258327
0.00258222
0.00258152
0.00258117
0.00258122
0.0025817
0.00258264
0.00258407
0.00258603
0.00258856
0.00259169
0.00259546
0.00259991
0.0026051
0.00261107
0.00261786
0.00262555
0.00263417
0.00264381
0.00265453
0.00266641
0.00267954
0.00269401
0.00270993
0.0027274
0.00274657
0.00276756
0.00279054
0.00281569
0.00284319
0.00287328
0.00290617
0.00294216
0.00298154
0.00302465
0.00307186
0.00312362
0.00318038
0.00324271
0.00331119
0.00338655
0.00346955
0.00356112
0.00366231
0.00377434
0.00389864
0.00403695
0.00419128
0.00436416
0.00455866
0.0047787
0.00502923
0.00531682
0.00565023
0.00604164
0.00650827
0.00707576
0.00778345
0.00869546
0.00992241
0.0116716
0.0143722
0.0190411
0.0285817
0.0540708
0.173777
0.00294148
0.00292199
0.00291382
0.00291045
0.00290914
0.00290856
0.0029081
0.00290745
0.00290647
0.0029051
0.00290331
0.00290109
0.00289847
0.00289545
0.00289206
0.00288832
0.00288426
0.00287989
0.00287526
0.00287037
0.00286527
0.00285998
0.00285454
0.00284896
0.00284328
0.00283753
0.00283175
0.00282596
0.00282019
0.00281447
0.00280885
0.00280334
0.00279799
0.00279282
0.00278787
0.00278318
0.00277877
0.00277468
0.00277096
0.00276763
0.00276474
0.00276231
0.0027604
0.00275905
0.00275829
0.00275817
0.00275875
0.00276006
0.00276216
0.00276512
0.00276898
0.00277381
0.00277968
0.00278667
0.00279485
0.00280432
0.00281516
0.00282749
0.00284141
0.00285706
0.00287457
0.0028941
0.00291583
0.00293993
0.00296663
0.00299615
0.00302877
0.00306477
0.00310449
0.00314829
0.00319659
0.00324985
0.00330861
0.00337346
0.00344508
0.00352426
0.00361189
0.003709
0.0038168
0.0039367
0.0040704
0.0042199
0.00438765
0.00457667
0.00479075
0.00503471
0.00531487
0.00563963
0.00602059
0.00647409
0.0070243
0.00770816
0.00858563
0.00975994
0.0114245
0.0139811
0.0183907
0.0274445
0.0520421
0.170712
0.00327754
0.0032553
0.00324548
0.00324097
0.00323873
0.00323729
0.00323595
0.00323435
0.00323234
0.00322981
0.00322676
0.00322316
0.00321904
0.00321439
0.00320925
0.00320362
0.00319755
0.00319105
0.00318416
0.00317689
0.00316928
0.00316136
0.00315317
0.00314473
0.00313607
0.00312723
0.00311824
0.00310913
0.00309995
0.00309072
0.00308148
0.00307227
0.00306312
0.00305406
0.00304515
0.00303641
0.0030279
0.00301963
0.00301166
0.00300403
0.00299678
0.00298995
0.0029836
0.00297776
0.00297249
0.00296783
0.00296385
0.00296059
0.00295811
0.00295648
0.00295576
0.00295601
0.00295732
0.00295975
0.0029634
0.00296836
0.00297472
0.00298259
0.0029921
0.00300337
0.00301654
0.00303176
0.00304922
0.00306908
0.00309158
0.00311694
0.00314542
0.00317732
0.00321295
0.00325268
0.00329692
0.00334614
0.00340085
0.00346164
0.00352921
0.0036043
0.00368782
0.00378078
0.00388441
0.00400008
0.00412948
0.00427459
0.00443787
0.00462226
0.00483151
0.00507034
0.00534492
0.00566341
0.006037
0.00648142
0.00701975
0.00768711
0.00854026
0.00967657
0.0112781
0.0137233
0.0179227
0.0265579
0.0503328
0.167793
0.00366513
0.00364065
0.00362959
0.0036243
0.00362149
0.00361951
0.00361759
0.00361532
0.00361253
0.00360911
0.00360503
0.00360027
0.00359484
0.00358874
0.003582
0.00357464
0.00356668
0.00355815
0.00354908
0.00353949
0.00352942
0.00351889
0.00350795
0.00349662
0.00348493
0.00347293
0.00346065
0.00344811
0.00343537
0.00342246
0.00340942
0.00339628
0.0033831
0.0033699
0.00335673
0.00334363
0.00333065
0.00331783
0.00330522
0.00329286
0.0032808
0.00326909
0.00325778
0.00324692
0.00323657
0.00322679
0.00321763
0.00320915
0.00320142
0.0031945
0.00318847
0.00318339
0.00317936
0.00317645
0.00317476
0.00317438
0.00317541
0.00317797
0.00318219
0.00318818
0.00319611
0.00320612
0.00321839
0.00323312
0.00325051
0.0032708
0.00329425
0.00332116
0.00335184
0.00338666
0.00342603
0.00347041
0.00352033
0.00357635
0.00363919
0.00370958
0.00378843
0.00387676
0.00397578
0.00408688
0.00421175
0.00435236
0.00451116
0.00469109
0.00489587
0.00513017
0.00540008
0.00571359
0.00608165
0.00651953
0.00704951
0.00770535
0.00854127
0.00964984
0.0112035
0.0135602
0.0175834
0.0258428
0.0488121
0.164938
0.00414045
0.00411353
0.00410121
0.00409518
0.00409183
0.00408936
0.0040869
0.00408399
0.00408043
0.00407609
0.00407094
0.00406493
0.00405809
0.00405041
0.00404192
0.00403263
0.00402258
0.00401177
0.00400026
0.00398805
0.00397519
0.0039617
0.00394763
0.003933
0.00391785
0.00390222
0.00388615
0.00386967
0.00385283
0.00383566
0.00381821
0.00380051
0.00378263
0.00376459
0.00374645
0.00372824
0.00371002
0.00369184
0.00367375
0.0036558
0.00363804
0.00362053
0.00360332
0.00358647
0.00357004
0.00355409
0.0035387
0.00352391
0.00350982
0.00349648
0.00348399
0.0034724
0.00346183
0.00345234
0.00344406
0.00343706
0.00343148
0.00342741
0.00342501
0.00342439
0.00342572
0.00342916
0.00343488
0.00344309
0.003454
0.00346785
0.0034849
0.00350545
0.00352984
0.00355841
0.0035916
0.00362985
0.0036737
0.00372373
0.00378064
0.00384519
0.00391828
0.00400094
0.00409439
0.00420003
0.00431956
0.00445497
0.00460871
0.00478374
0.00498378
0.0052135
0.00547896
0.00578808
0.00615167
0.00658471
0.00710897
0.00775723
0.00858178
0.00967143
0.0111906
0.013479
0.0173544
0.0252604
0.0472955
0.160251
0.00478101
0.0047527
0.00474009
0.00473428
0.00473135
0.00472931
0.0047272
0.00472449
0.00472095
0.00471643
0.00471086
0.00470423
0.00469652
0.00468773
0.0046779
0.00466702
0.00465513
0.00464224
0.00462839
0.0046136
0.00459792
0.00458135
0.00456396
0.00454576
0.00452681
0.00450712
0.00448675
0.00446573
0.00444412
0.00442193
0.00439925
0.00437608
0.0043525
0.00432855
0.00430427
0.00427971
0.00425495
0.00423
0.00420496
0.00417985
0.00415475
0.00412972
0.00410481
0.0040801
0.00405564
0.00403151
0.00400779
0.00398454
0.00396184
0.00393978
0.00391844
0.00389791
0.00387829
0.00385968
0.00384218
0.0038259
0.00381097
0.00379752
0.00378568
0.0037756
0.00376744
0.00376137
0.0037576
0.00375631
0.00375775
0.00376214
0.00376978
0.00378096
0.00379603
0.00381535
0.00383936
0.00386851
0.00390336
0.0039445
0.00399263
0.00404853
0.00411313
0.00418746
0.00427277
0.00437048
0.00448233
0.00461033
0.00475698
0.00492528
0.005119
0.00534285
0.00560292
0.00590719
0.00626644
0.00669555
0.00721606
0.00786012
0.00867878
0.00975806
0.0112562
0.0134982
0.0172632
0.0248855
0.0461348
0.156567
0.00550075
0.00547232
0.00546053
0.00545597
0.00545444
0.0054538
0.00545298
0.0054514
0.00544878
0.00544494
0.00543982
0.00543336
0.00542558
0.00541645
0.00540599
0.00539421
0.00538114
0.00536679
0.00535119
0.00533437
0.00531636
0.00529719
0.0052769
0.00525551
0.00523308
0.00520963
0.00518521
0.00515985
0.00513361
0.00510652
0.00507864
0.00505001
0.00502068
0.0049907
0.00496013
0.00492901
0.00489741
0.00486538
0.00483299
0.00480029
0.00476735
0.00473423
0.00470101
0.00466775
0.00463453
0.00460141
0.0045685
0.00453585
0.00450357
0.00447174
0.00444046
0.00440982
0.00437993
0.0043509
0.00432285
0.0042959
0.00427018
0.00424584
0.00422301
0.00420187
0.00418258
0.00416533
0.00415033
0.00413779
0.00412795
0.00412107
0.00411744
0.00411738
0.00412125
0.00412942
0.00414234
0.00416049
0.00418444
0.00421478
0.00425226
0.00429765
0.00435191
0.00441609
0.00449148
0.00457952
0.00468197
0.00480091
0.00493885
0.00509887
0.00528478
0.00550136
0.00575479
0.0060531
0.00640711
0.00683176
0.00734845
0.00798908
0.00880391
0.00987714
0.0113626
0.013574
0.0172601
0.0246604
0.0452262
0.153035
0.00629473
0.00626774
0.00625813
0.00625608
0.00625719
0.00625916
0.00626082
0.00626152
0.00626096
0.00625894
0.00625536
0.00625017
0.00624335
0.00623489
0.0062248
0.00621308
0.00619975
0.00618482
0.00616833
0.00615029
0.00613073
0.00610968
0.00608718
0.00606324
0.00603793
0.00601126
0.00598328
0.00595403
0.00592356
0.0058919
0.00585911
0.00582523
0.00579033
0.00575443
0.00571761
0.00567992
0.00564142
0.00560217
0.00556223
0.00552167
0.00548056
0.00543896
0.00539695
0.00535461
0.00531202
0.00526926
0.00522641
0.00518357
0.00514083
0.00509829
0.00505605
0.00501423
0.00497293
0.00493227
0.0048924
0.00485342
0.00481551
0.0047788
0.00474346
0.00470966
0.00467759
0.00464745
0.00461946
0.00459385
0.00457088
0.00455083
0.004534
0.00452072
0.00451137
0.00450635
0.00450613
0.0045112
0.00452214
0.00453959
0.00456428
0.00459704
0.00463884
0.00469077
0.00475412
0.00483039
0.00492137
0.00502917
0.00515636
0.00530607
0.00548218
0.00568955
0.00593443
0.00622493
0.00657199
0.0069906
0.00750221
0.0081386
0.00894957
0.0100181
0.0114947
0.0136845
0.0173105
0.0245287
0.044483
0.149738
0.00715981
0.00713609
0.00713026
0.00713224
0.00713745
0.00714345
0.00714899
0.00715338
0.00715626
0.0071574
0.00715671
0.00715409
0.00714953
0.007143
0.00713451
0.00712404
0.00711162
0.00709725
0.00708095
0.00706273
0.00704263
0.00702065
0.00699685
0.00697123
0.00694385
0.00691472
0.00688389
0.0068514
0.00681729
0.00678159
0.00674436
0.00670565
0.00666551
0.00662398
0.00658113
0.00653701
0.00649168
0.00644521
0.00639766
0.0063491
0.00629961
0.00624925
0.00619811
0.00614626
0.00609379
0.00604079
0.00598736
0.00593359
0.00587958
0.00582543
0.00577128
0.00571722
0.00566339
0.00560991
0.00555694
0.0055046
0.00545307
0.00540251
0.00535309
0.005305
0.00525846
0.00521366
0.00517087
0.0051303
0.00509226
0.00505703
0.00502495
0.00499635
0.00497165
0.00495125
0.00493567
0.0049254
0.00492106
0.00492331
0.00493292
0.00495073
0.00497775
0.00501509
0.00506408
0.00512627
0.00520347
0.00529784
0.00541203
0.00554919
0.00571328
0.00590925
0.00614343
0.00642406
0.00676218
0.00717291
0.00767782
0.00830873
0.00911527
0.0101797
0.0116505
0.013826
0.0174095
0.024486
0.0439095
0.146659
0.00809236
0.00807394
0.00807371
0.00808144
0.00809241
0.00810407
0.00811512
0.00812479
0.00813269
0.00813856
0.00814229
0.00814378
0.00814298
0.00813987
0.00813442
0.00812663
0.00811651
0.00810404
0.00808924
0.00807212
0.00805271
0.008031
0.00800704
0.00798083
0.00795241
0.00792179
0.00788904
0.00785415
0.0078172
0.00777819
0.0077372
0.00769425
0.0076494
0.00760269
0.00755419
0.00750395
0.00745204
0.0073985
0.00734342
0.00728686
0.0072289
0.0071696
0.00710907
0.00704738
0.00698462
0.00692089
0.00685628
0.0067909
0.00672486
0.00665827
0.00659127
0.00652396
0.0064565
0.00638902
0.00632168
0.00625464
0.00618806
0.00612213
0.00605704
0.005993
0.00593023
0.00586895
0.00580945
0.00575196
0.00569682
0.00564431
0.00559481
0.00554867
0.00550634
0.00546826
0.00543494
0.00540693
0.00538488
0.00536947
0.0053615
0.00536185
0.00537156
0.00539179
0.00542391
0.00546948
0.00553039
0.00560885
0.00570752
0.00582966
0.00597928
0.0061614
0.00638246
0.0066508
0.0069776
0.00737813
0.00787408
0.00849743
0.00929779
0.0103571
0.0118221
0.0139865
0.017537
0.0244972
0.0434505
0.143822
0.00908799
0.00907711
0.0090845
0.00909988
0.00911845
0.00913759
0.00915594
0.00917267
0.00918737
0.00919974
0.00920965
0.00921696
0.00922165
0.00922364
0.00922291
0.00921944
0.00921322
0.00920424
0.00919249
0.00917797
0.0091607
0.00914067
0.0091179
0.0090924
0.0090642
0.00903331
0.00899975
0.00896356
0.00892477
0.0088834
0.0088395
0.0087931
0.00874427
0.00869303
0.00863944
0.00858356
0.00852544
0.00846515
0.00840276
0.00833833
0.00827195
0.00820368
0.00813362
0.00806185
0.00798848
0.00791359
0.00783729
0.0077597
0.00768093
0.00760111
0.00752036
0.00743883
0.00735667
0.00727401
0.00719105
0.00710794
0.00702487
0.00694204
0.00685966
0.00677795
0.00669716
0.00661754
0.00653937
0.00646293
0.00638857
0.0063166
0.00624743
0.00618145
0.00611911
0.0060609
0.00600736
0.00595908
0.00591674
0.00588105
0.00585286
0.00583309
0.00582282
0.00582325
0.00583578
0.00586205
0.00590397
0.00596381
0.0060443
0.00614874
0.00628123
0.00644685
0.00665215
0.00690556
0.0072184
0.00760607
0.00809045
0.00870366
0.00949544
0.0105475
0.0120057
0.0141599
0.0176836
0.0245475
0.0430858
0.141219
0.0101413
0.0101404
0.0101576
0.0101827
0.0102108
0.0102395
0.0102671
0.0102928
0.0103162
0.010337
0.0103551
0.0103701
0.0103822
0.0103912
0.010397
0.0103997
0.0103992
0.0103955
0.0103886
0.0103784
0.0103649
0.0103482
0.0103282
0.010305
0.0102785
0.0102487
0.0102157
0.0101795
0.0101401
0.0100976
0.0100518
0.010003
0.0099511
0.00989617
0.00983825
0.00977739
0.00971366
0.0096471
0.00957779
0.00950579
0.00943118
0.00935403
0.00927445
0.0091925
0.0091083
0.00902194
0.00893354
0.00884321
0.00875109
0.0086573
0.00856198
0.00846528
0.00836736
0.00826839
0.00816855
0.00806802
0.00796701
0.00786573
0.00776442
0.00766331
0.00756267
0.00746277
0.00736392
0.00726644
0.00717068
0.007077
0.00698583
0.00689759
0.00681277
0.00673189
0.00665554
0.00658434
0.00651901
0.0064603
0.00640912
0.00636642
0.00633333
0.0063111
0.00630119
0.00630529
0.00632536
0.00636372
0.00642316
0.00650706
0.00661957
0.00676586
0.00695255
0.00718818
0.00748417
0.00785608
0.00832592
0.00892601
0.00970619
0.0107482
0.012197
0.0143399
0.0178389
0.0246193
0.042787
0.138837
0.011246
0.0112576
0.0112869
0.0113239
0.0113639
0.011404
0.011443
0.0114799
0.0115141
0.0115454
0.0115737
0.0115986
0.0116201
0.0116381
0.0116527
0.0116636
0.0116708
0.0116744
0.0116742
0.0116703
0.0116625
0.011651
0.0116356
0.0116164
0.0115933
0.0115663
0.0115355
0.0115008
0.0114622
0.0114198
0.0113736
0.0113235
0.0112697
0.0112121
0.0111508
0.0110859
0.0110173
0.0109451
0.0108695
0.0107904
0.0107079
0.0106221
0.0105331
0.010441
0.0103459
0.0102479
0.0101471
0.0100436
0.00993756
0.00982913
0.00971846
0.0096057
0.00949103
0.00937461
0.00925666
0.00913737
0.00901698
0.00889569
0.00877378
0.0086515
0.00852915
0.00840702
0.00828544
0.00816476
0.00804537
0.00792766
0.00781208
0.0076991
0.00758925
0.00748309
0.00738123
0.00728436
0.00719323
0.00710866
0.00703158
0.00696302
0.00690416
0.00685629
0.00682095
0.00679986
0.00679506
0.00680893
0.00684433
0.00690468
0.00699422
0.00711818
0.00728325
0.00749807
0.00777415
0.00812716
0.00857927
0.00916291
0.00992807
0.0109564
0.0123926
0.0145212
0.0179954
0.0247003
0.0425335
0.136645
0.0123944
0.0124212
0.0124651
0.0125164
0.0125704
0.0126244
0.0126769
0.0127271
0.0127744
0.0128185
0.0128591
0.0128961
0.0129293
0.0129586
0.012984
0.0130053
0.0130225
0.0130355
0.0130443
0.0130487
0.0130488
0.0130445
0.0130357
0.0130225
0.0130047
0.0129824
0.0129556
0.0129241
0.0128881
0.0128475
0.0128023
0.0127525
0.0126981
0.0126392
0.0125757
0.0125077
0.0124353
0.0123584
0.0122771
0.0121916
0.0121018
0.0120078
0.0119097
0.0118076
0.0117017
0.0115919
0.0114785
0.0113615
0.0112412
0.0111175
0.0109908
0.0108612
0.0107288
0.0105939
0.0104566
0.0103173
0.0101761
0.0100332
0.00988907
0.00974386
0.00959791
0.00945155
0.00930516
0.0091591
0.00901379
0.00886967
0.00872722
0.00858696
0.00844945
0.0083153
0.00818518
0.0080598
0.00793998
0.0078266
0.00772064
0.00762319
0.00753548
0.00745889
0.007395
0.0073456
0.00731281
0.00729907
0.00730729
0.00734098
0.00740442
0.00750292
0.00764324
0.00783409
0.00808705
0.00841788
0.00884882
0.00941242
0.0101587
0.0111694
0.0125886
0.0146988
0.0181452
0.0247776
0.0423032
0.134599
0.0135779
0.0136226
0.0136836
0.0137516
0.0138219
0.0138921
0.0139605
0.0140263
0.014089
0.0141481
0.0142035
0.0142549
0.0143022
0.0143452
0.0143838
0.0144179
0.0144474
0.0144722
0.0144922
0.0145073
0.0145175
0.0145227
0.0145228
0.0145177
0.0145075
0.0144919
0.0144711
0.0144449
0.0144133
0.0143764
0.0143339
0.0142861
0.0142327
0.0141739
0.0141097
0.01404
0.0139649
0.0138844
0.0137985
0.0137074
0.013611
0.0135094
0.0134027
0.0132911
0.0131745
0.0130531
0.012927
0.0127964
0.0126614
0.0125221
0.0123787
0.0122315
0.0120806
0.0119261
0.0117685
0.0116078
0.0114443
0.0112784
0.0111103
0.0109404
0.010769
0.0105964
0.0104231
0.0102494
0.0100759
0.00990293
0.00973111
0.00956097
0.00939312
0.00922823
0.00906701
0.00891024
0.00875878
0.00861358
0.00847569
0.00834625
0.00822656
0.00811808
0.00802245
0.00794156
0.00787756
0.00783299
0.00781082
0.00781463
0.00784877
0.00791862
0.00803096
0.00819458
0.00842109
0.00872631
0.0091325
0.00967226
0.0103956
0.011384
0.0127811
0.0148674
0.0182808
0.0248396
0.0420768
0.132646
0.0147861
0.0148515
0.0149322
0.0150194
0.0151085
0.0151971
0.0152838
0.0153676
0.015448
0.0155246
0.0155972
0.0156654
0.0157292
0.0157883
0.0158426
0.015892
0.0159363
0.0159753
0.0160091
0.0160374
0.0160602
0.0160773
0.0160887
0.0160942
0.0160938
0.0160873
0.0160747
0.016056
0.016031
0.0159998
0.0159621
0.0159181
0.0158677
0.0158108
0.0157474
0.0156776
0.0156013
0.0155185
0.0154293
0.0153336
0.0152316
0.0151233
0.0150087
0.014888
0.0147612
0.0146285
0.0144899
0.0143456
0.0141958
0.0140406
0.0138801
0.0137147
0.0135444
0.0133696
0.0131904
0.0130072
0.0128202
0.0126298
0.0124362
0.0122398
0.0120411
0.0118403
0.0116379
0.0114344
0.0112303
0.0110261
0.0108224
0.0106198
0.0104189
0.0102205
0.0100253
0.00983421
0.00964812
0.00946805
0.00929511
0.00913054
0.0089757
0.00883212
0.00870153
0.00858588
0.00848743
0.00840877
0.00835296
0.00832365
0.00832524
0.00836316
0.00844427
0.00857735
0.00877405
0.00905016
0.00942793
0.00993985
0.0106358
0.011597
0.0129661
0.0150218
0.0183948
0.024875
0.0418355
0.130717
0.016007
0.016096
0.016199
0.0163078
0.0164181
0.0165277
0.016635
0.0167392
0.0168398
0.0169364
0.0170286
0.0171161
0.0171989
0.0172767
0.0173493
0.0174165
0.0174782
0.0175342
0.0175843
0.0176284
0.0176664
0.017698
0.0177233
0.0177419
0.0177539
0.017759
0.0177572
0.0177483
0.0177324
0.0177091
0.0176786
0.0176406
0.0175951
0.0175422
0.0174816
0.0174135
0.0173376
0.0172542
0.0171631
0.0170643
0.0169579
0.016844
0.0167225
0.0165935
0.0164572
0.0163137
0.0161629
0.0160052
0.0158406
0.0156692
0.0154914
0.0153073
0.0151171
0.0149211
0.0147195
0.0145127
0.0143009
0.0140845
0.0138639
0.0136394
0.0134114
0.0131805
0.012947
0.0127115
0.0124745
0.0122366
0.0119985
0.0117607
0.0115241
0.0112893
0.0110573
0.0108289
0.0106051
0.0103871
0.010176
0.00997316
0.00977998
0.00959808
0.0094293
0.00927566
0.00913951
0.00902352
0.00893084
0.00886518
0.00883101
0.00883381
0.00888046
0.00897976
0.00914332
0.00938688
0.00973256
0.0102127
0.0108767
0.0118052
0.0131398
0.0151563
0.018478
0.0248662
0.0415421
0.128719
0.0172277
0.0173428
0.0174707
0.0176035
0.0177374
0.0178702
0.0180005
0.0181275
0.0182507
0.0183696
0.0184839
0.0185933
0.0186977
0.0187966
0.0188901
0.0189778
0.0190595
0.019135
0.0192042
0.0192668
0.0193227
0.0193716
0.0194134
0.0194479
0.019475
0.0194944
0.019506
0.0195097
0.0195053
0.0194926
0.0194716
0.0194421
0.019404
0.0193573
0.0193017
0.0192374
0.0191641
0.0190818
0.0189906
0.0188904
0.0187811
0.0186629
0.0185358
0.0183997
0.0182548
0.0181012
0.0179389
0.0177681
0.017589
0.0174017
0.0172065
0.0170034
0.0167929
0.0165751
0.0163504
0.016119
0.0158814
0.0156378
0.0153887
0.0151345
0.0148756
0.0146126
0.014346
0.0140763
0.0138042
0.0135303
0.0132552
0.0129797
0.0127046
0.0124307
0.012159
0.0118904
0.0116261
0.0113671
0.0111148
0.0108705
0.0106359
0.0104125
0.0102024
0.0100076
0.00983052
0.00967403
0.00954131
0.00943615
0.00936308
0.00932762
0.00933667
0.00939901
0.00952618
0.00973379
0.0100437
0.0104879
0.0111151
0.0120049
0.0132967
0.0152621
0.0185134
0.0247765
0.0411079
0.12654
0.0184333
0.018577
0.0187319
0.018891
0.0190507
0.019209
0.0193647
0.0195168
0.0196649
0.0198085
0.0199474
0.0200811
0.0202095
0.0203323
0.0204492
0.02056
0.0206644
0.0207623
0.0208533
0.0209372
0.0210138
0.0210829
0.0211442
0.0211975
0.0212425
0.0212791
0.021307
0.0213261
0.0213361
0.0213369
0.0213282
0.0213099
0.0212818
0.0212439
0.0211959
0.0211377
0.0210693
0.0209905
0.0209013
0.0208016
0.0206914
0.0205707
0.0204394
0.0202976
0.0201454
0.0199828
0.01981
0.0196269
0.0194339
0.019231
0.0190185
0.0187966
0.0185656
0.0183257
0.0180772
0.0178205
0.0175561
0.0172842
0.0170053
0.01672
0.0164286
0.0161318
0.0158301
0.0155242
0.0152147
0.0149024
0.0145879
0.0142721
0.0139559
0.0136402
0.013326
0.0130143
0.0127064
0.0124034
0.0121068
0.011818
0.0115388
0.0112708
0.0110161
0.010777
0.0105559
0.0103558
0.0101799
0.0100321
0.00991712
0.00984037
0.00980879
0.00983114
0.00991883
0.0100873
0.010358
0.0107622
0.0113479
0.0121927
0.0134326
0.0153321
0.0184856
0.024564
0.0404084
0.124086
0.0205041
0.0206812
0.0208686
0.0210598
0.0212512
0.0214409
0.0216276
0.0218105
0.0219892
0.022163
0.0223317
0.0224949
0.0226524
0.0228038
0.0229489
0.0230873
0.0232188
0.0233429
0.0234596
0.0235683
0.0236689
0.023761
0.0238443
0.0239186
0.0239834
0.0240386
0.0240838
0.0241188
0.0241433
0.024157
0.0241597
0.024151
0.0241309
0.0240991
0.0240553
0.0239994
0.0239313
0.0238507
0.0237576
0.0236518
0.0235333
0.023402
0.0232579
0.023101
0.0229313
0.0227489
0.0225539
0.0223463
0.0221264
0.0218944
0.0216504
0.0213947
0.0211276
0.0208494
0.0205606
0.0202615
0.0199525
0.0196341
0.0193069
0.0189714
0.0186282
0.0182779
0.0179213
0.0175589
0.0171917
0.0168205
0.016446
0.0160693
0.0156912
0.0153129
0.0149355
0.0145602
0.0141882
0.0138209
0.0134599
0.0131067
0.0127632
0.0124311
0.0121128
0.0118104
0.0115268
0.0112648
0.0110278
0.0108199
0.0106457
0.0105107
0.0104218
0.0103877
0.0104196
0.0105326
0.0107477
0.0110952
0.0116217
0.0124021
0.0135677
0.0153722
0.018382
0.0241774
0.0391944
0.116128
0.0236779
0.0239525
0.0242306
0.0245088
0.0247853
0.0250589
0.0253289
0.025595
0.0258567
0.0261138
0.026366
0.026613
0.0268545
0.02709
0.0273193
0.0275419
0.0277575
0.0279656
0.0281656
0.0283573
0.0285401
0.0287134
0.0288769
0.0290299
0.0291721
0.0293028
0.0294216
0.0295279
0.0296213
0.0297012
0.0297671
0.0298185
0.029855
0.0298761
0.0298813
0.0298702
0.0298425
0.0297977
0.0297355
0.0296555
0.0295576
0.0294414
0.0293068
0.0291536
0.0289816
0.0287909
0.0285813
0.028353
0.0281059
0.0278403
0.0275564
0.0272543
0.0269344
0.0265971
0.0262428
0.0258719
0.0254851
0.0250829
0.024666
0.0242351
0.0237911
0.0233347
0.0228669
0.0223886
0.0219009
0.0214048
0.0209015
0.0203922
0.0198782
0.0193608
0.0188415
0.0183218
0.0178032
0.0172875
0.0167765
0.0162722
0.0157765
0.0152918
0.0148206
0.0143654
0.0139294
0.0135157
0.0131282
0.012771
0.012449
0.012168
0.011935
0.0117585
0.0116497
0.011623
0.0116987
0.0119057
0.0122881
0.0129169
0.0139157
0.0155227
0.0182664
0.023611
0.0375095
0.1103
0.0262839
0.0266714
0.0270543
0.0274329
0.0278073
0.0281775
0.0285437
0.028906
0.0292645
0.0296191
0.0299697
0.030316
0.0306579
0.030995
0.0313269
0.031653
0.031973
0.0322862
0.032592
0.0328899
0.0331791
0.0334588
0.0337285
0.0339872
0.0342343
0.0344689
0.0346901
0.0348972
0.0350892
0.0352653
0.0354247
0.0355665
0.0356898
0.0357938
0.0358776
0.0359406
0.0359818
0.0360006
0.0359962
0.035968
0.0359153
0.0358377
0.0357346
0.0356055
0.0354502
0.0352682
0.0350594
0.0348237
0.0345609
0.0342711
0.0339545
0.0336111
0.0332414
0.0328457
0.0324246
0.0319786
0.0315084
0.0310148
0.0304988
0.0299612
0.0294031
0.0288257
0.0282302
0.027618
0.0269904
0.026349
0.0256952
0.0250308
0.0243575
0.0236771
0.0229915
0.0223027
0.0216127
0.0209236
0.0202378
0.0195575
0.0188853
0.0182238
0.017576
0.0169449
0.0163341
0.0157472
0.0151883
0.0146618
0.014173
0.0137278
0.0133333
0.0129979
0.0127324
0.0125509
0.0124724
0.0125243
0.0127474
0.0132075
0.0140187
0.0154003
0.0178362
0.0226606
0.0352847
0.102425
0.0278886
0.0283847
0.0288692
0.0293458
0.0298162
0.0302817
0.0307434
0.0312019
0.031658
0.0321117
0.0325634
0.033013
0.0334604
0.0339053
0.0343475
0.0347863
0.0352214
0.0356521
0.0360776
0.0364971
0.0369099
0.0373149
0.0377112
0.0380978
0.0384734
0.038837
0.0391874
0.0395232
0.0398433
0.0401462
0.0404307
0.0406953
0.0409387
0.0411596
0.0413565
0.0415281
0.0416731
0.0417903
0.0418783
0.0419359
0.0419621
0.0419558
0.041916
0.0418418
0.0417325
0.0415872
0.0414055
0.0411869
0.0409311
0.0406379
0.0403073
0.0399393
0.0395342
0.0390924
0.0386144
0.0381011
0.0375532
0.0369718
0.0363579
0.0357131
0.0350386
0.0343359
0.0336069
0.0328532
0.0320768
0.0312797
0.0304641
0.0296325
0.0287871
0.0279305
0.0270651
0.0261936
0.0253185
0.0244424
0.0235683
0.0226987
0.0218367
0.0209854
0.0201493
0.0193318
0.0185367
0.0177679
0.0170298
0.0163271
0.0156652
0.01505
0.0144887
0.0139895
0.0135629
0.0132219
0.0129843
0.0128751
0.0129316
0.0132134
0.013824
0.0149609
0.0170598
0.0213155
0.0325548
0.0927612
0.0282812
0.0288637
0.0294311
0.0299891
0.0305405
0.0310875
0.0316319
0.032175
0.0327177
0.0332608
0.0338049
0.0343501
0.0348967
0.0354446
0.0359935
0.0365432
0.0370932
0.0376428
0.0381914
0.038738
0.0392818
0.0398216
0.0403562
0.0408843
0.0414045
0.0419153
0.0424151
0.0429021
0.0433746
0.0438308
0.0442686
0.0446862
0.0450814
0.0454523
0.0457967
0.0461126
0.046398
0.0466507
0.0468689
0.0470504
0.0471936
0.0472964
0.0473573
0.0473747
0.047347
0.0472731
0.0471517
0.0469819
0.0467629
0.0464943
0.0461755
0.0458065
0.0453873
0.0449184
0.0444003
0.043834
0.0432205
0.0425611
0.0418574
0.0411109
0.0403235
0.0394973
0.0386344
0.0377371
0.0368075
0.0358496
0.0348669
0.0338623
0.0328391
0.0318004
0.0307495
0.0296896
0.0286243
0.0275569
0.026491
0.0254303
0.0243783
0.0233389
0.0223161
0.0213137
0.020336
0.0193873
0.0184723
0.017596
0.0167638
0.015982
0.0152572
0.0145977
0.0140132
0.0135156
0.0131212
0.0128521
0.0127413
0.0128413
0.0132424
0.0141175
0.0158465
0.0194694
0.0291739
0.0815861
0.0275348
0.0281692
0.0287897
0.0294021
0.0300096
0.0306148
0.0312197
0.031826
0.032435
0.0330479
0.0336654
0.0342882
0.0349167
0.0355511
0.0361915
0.0368378
0.0374896
0.0381466
0.038808
0.0394732
0.0401411
0.0408106
0.0414806
0.0421494
0.0428156
0.0434773
0.0441326
0.0447794
0.0454153
0.0460381
0.0466451
0.0472339
0.0478015
0.0483453
0.0488624
0.0493498
0.0498046
0.0502237
0.0506043
0.0509434
0.051238
0.0514852
0.0516823
0.0518267
0.0519161
0.0519482
0.051921
0.0518329
0.0516823
0.0514682
0.0511894
0.0508455
0.050436
0.049962
0.0494241
0.0488231
0.0481605
0.0474377
0.0466567
0.0458197
0.0449294
0.0439884
0.043
0.0419674
0.0408942
0.0397843
0.0386417
0.0374702
0.036274
0.0350572
0.0338243
0.0325794
0.0313269
0.0300714
0.028817
0.0275684
0.0263298
0.0251059
0.023901
0.0227198
0.0215669
0.020447
0.0193651
0.0183264
0.0173364
0.0164011
0.0155272
0.0147221
0.0139947
0.0133557
0.0128191
0.012404
0.0121384
0.0120664
0.0122643
0.0128774
0.0142253
0.0171819
0.0252557
0.069206
0.0259566
0.0266078
0.0272504
0.0278891
0.0285268
0.0291656
0.0298076
0.0304544
0.0311074
0.031768
0.032437
0.0331154
0.0338039
0.0345028
0.0352126
0.0359333
0.0366649
0.0374072
0.0381599
0.0389223
0.0396937
0.0404731
0.0412595
0.0420515
0.0428473
0.0436451
0.0444427
0.0452378
0.0460278
0.0468101
0.0475816
0.0483394
0.0490799
0.0497999
0.0504957
0.0511635
0.0517994
0.0523997
0.0529603
0.0534767
0.0539441
0.0543583
0.0547155
0.055012
0.055244
0.0554084
0.0555021
0.0555224
0.0554669
0.0553338
0.0551216
0.0548291
0.054456
0.0540022
0.0534682
0.0528547
0.0521633
0.0513958
0.0505546
0.0496424
0.0486625
0.0476185
0.0465143
0.0453543
0.0441431
0.0428855
0.0415865
0.0402514
0.0388856
0.0374944
0.0360834
0.0346582
0.0332242
0.031787
0.0303522
0.028925
0.0275108
0.0261149
0.0247425
0.0233988
0.0220888
0.0208177
0.0195906
0.0184127
0.0172896
0.0162268
0.0152305
0.0143073
0.013465
0.0127126
0.0120616
0.0115275
0.011133
0.0109134
0.0109298
0.0112992
0.0122787
0.0145718
0.020993
0.0561755
0.0239749
0.0246182
0.0252608
0.025906
0.0265557
0.0272113
0.0278744
0.0285462
0.0292279
0.0299205
0.0306251
0.0313423
0.0320729
0.0328174
0.0335762
0.0343496
0.0351378
0.0359407
0.0367583
0.0375903
0.0384363
0.0392961
0.0401691
0.041054
0.0419482
0.04285
0.0437575
0.0446688
0.0455814
0.0464927
0.0473997
0.0482993
0.0491878
0.0500614
0.0509158
0.0517466
0.0525491
0.0533182
0.0540486
0.0547351
0.0553719
0.0559538
0.0564752
0.056931
0.057316
0.0576254
0.0578546
0.0579995
0.0580565
0.0580224
0.0578947
0.0576713
0.057351
0.056933
0.0564175
0.0558052
0.0550974
0.0542963
0.0534046
0.0524258
0.0513638
0.0502232
0.049009
0.0477267
0.0463821
0.0449816
0.0435316
0.0420388
0.04051
0.0389523
0.0373725
0.0357777
0.0341748
0.0325706
0.0309717
0.0293846
0.0278158
0.0262711
0.0247566
0.0232779
0.0218405
0.0204497
0.0191108
0.0178288
0.0166087
0.0154558
0.0143753
0.0133728
0.0124544
0.0116274
0.0109004
0.0102853
0.00979897
0.00946808
0.00933895
0.00950067
0.0101502
0.0118276
0.0166862
0.0434887
0.0220293
0.0226557
0.02329
0.0239347
0.0245904
0.0252578
0.0259377
0.0266306
0.0273372
0.0280579
0.0287934
0.0295439
0.0303097
0.0310911
0.0318882
0.032701
0.0335295
0.0343737
0.0352333
0.0361081
0.0369979
0.0379021
0.0388203
0.0397516
0.040695
0.0416496
0.042614
0.043587
0.0445669
0.0455517
0.046539
0.0475261
0.0485097
0.0494862
0.0504515
0.0514008
0.0523289
0.0532304
0.0540991
0.0549285
0.055712
0.0564427
0.0571135
0.0577174
0.0582474
0.0586968
0.0590591
0.0593284
0.0594993
0.0595668
0.059527
0.0593766
0.0591131
0.0587351
0.0582421
0.0576344
0.0569134
0.0560814
0.0551417
0.0540985
0.0529565
0.0517214
0.0503997
0.0489982
0.0475245
0.0459863
0.0443919
0.0427497
0.0410683
0.0393564
0.0376226
0.0358754
0.0341233
0.0323745
0.0306367
0.0289176
0.0272244
0.0255639
0.0239426
0.0223665
0.0208413
0.0193722
0.0179643
0.0166223
0.0153505
0.0141532
0.0130346
0.0119989
0.0110505
0.0101943
0.0094363
0.00878425
0.00824966
0.00785093
0.00762059
0.00762221
0.00799794
0.00913925
0.012603
0.0318557
0.0205024
0.0211071
0.0217312
0.0223736
0.0230347
0.0237142
0.0244121
0.0251281
0.025862
0.0266133
0.0273817
0.0281667
0.0289676
0.0297839
0.0306149
0.0314599
0.0323182
0.0331893
0.0340723
0.034967
0.0358727
0.0367891
0.0377158
0.0386528
0.0395997
0.0405566
0.0415232
0.0424993
0.0434845
0.0444783
0.0454796
0.0464869
0.0474983
0.0485111
0.0495221
0.050527
0.0515211
0.0524986
0.0534532
0.0543776
0.055264
0.0561042
0.0568893
0.0576104
0.0582584
0.0588243
0.0592995
0.0596756
0.059945
0.0601008
0.0601372
0.0600491
0.0598329
0.0594859
0.059007
0.0583962
0.0576547
0.0567852
0.0557916
0.0546787
0.0534526
0.0521205
0.0506901
0.0491702
0.0475701
0.0458995
0.0441686
0.0423877
0.0405675
0.0387184
0.0368508
0.0349748
0.0331003
0.0312368
0.0293933
0.0275783
0.0257996
0.0240647
0.0223802
0.0207523
0.0191865
0.0176877
0.0162604
0.0149083
0.0136351
0.0124436
0.0113367
0.0103169
0.00938649
0.00854814
0.00780487
0.00716082
0.00662243
0.00620074
0.00591633
0.00581101
0.00598041
0.00669072
0.00899977
0.0219833
0.0196841
0.0202818
0.0209011
0.0215459
0.0222164
0.0229123
0.0236327
0.0243764
0.0251424
0.0259292
0.0267352
0.0275587
0.028398
0.0292511
0.0301163
0.0309916
0.0318752
0.0327657
0.0336613
0.0345609
0.0354634
0.0363683
0.0372751
0.0381839
0.0390949
0.0400089
0.0409269
0.04185
0.0427794
0.0437166
0.0446624
0.0456176
0.0465824
0.0475561
0.0485374
0.0495236
0.0505112
0.0514952
0.0524694
0.0534263
0.0543575
0.0552533
0.0561033
0.0568963
0.0576211
0.0582659
0.0588194
0.0592708
0.0596096
0.0598268
0.0599139
0.0598644
0.0596729
0.0593357
0.0588507
0.0582177
0.057438
0.0565148
0.0554525
0.0542574
0.0529369
0.0514998
0.0499559
0.0483159
0.0465911
0.0447935
0.0429354
0.0410293
0.0390876
0.0371228
0.0351469
0.0331716
0.0312081
0.0292668
0.0273577
0.0254897
0.0236712
0.0219096
0.0202114
0.0185824
0.0170276
0.0155511
0.0141562
0.0128457
0.0116217
0.0104857
0.00943855
0.00848103
0.00761339
0.00683582
0.0061486
0.00555256
0.00504983
0.00464535
0.0043501
0.00418857
0.00421969
0.00461106
0.00603111
0.0141685
0.019873
0.0204823
0.0211123
0.0217683
0.0224548
0.0231712
0.0239162
0.0246882
0.0254852
0.0263048
0.0271443
0.0280008
0.0288714
0.0297529
0.0306422
0.0315362
0.0324321
0.0333271
0.0342186
0.0351045
0.0359831
0.0368532
0.0377138
0.0385649
0.0394069
0.0402408
0.0410683
0.0418917
0.0427138
0.0435378
0.0443669
0.0452047
0.0460539
0.0469172
0.0477958
0.0486899
0.0495983
0.0505176
0.0514428
0.0523669
0.0532809
0.0541742
0.0550345
0.0558487
0.0566025
0.0572815
0.0578713
0.0583578
0.0587278
0.0589694
0.0590719
0.0590266
0.0588265
0.058467
0.0579453
0.0572612
0.0564162
0.0554143
0.0542613
0.0529649
0.0515345
0.0499808
0.048316
0.0465529
0.0447054
0.0427876
0.0408142
0.0387998
0.0367586
0.0347049
0.0326521
0.0306131
0.0286
0.0266239
0.024695
0.0228225
0.0210144
0.0192776
0.017618
0.0160405
0.0145489
0.013146
0.0118337
0.0106131
0.00948471
0.00844809
0.00750237
0.00664617
0.00587772
0.00519496
0.00459577
0.0040782
0.00364101
0.00328454
0.00301272
0.0028375
0.00279123
0.00297034
0.00376411
0.00846675
0.0214415
0.0220705
0.0227175
0.0233873
0.0240877
0.024818
0.0255764
0.026361
0.027169
0.0279976
0.0288431
0.0297022
0.0305708
0.0314453
0.0323218
0.0331964
0.0340657
0.0349262
0.035775
0.0366094
0.0374271
0.0382266
0.0390064
0.0397663
0.0405062
0.0412273
0.0419312
0.0426206
0.043299
0.0439708
0.0446411
0.0453154
0.0459997
0.0466996
0.0474201
0.0481649
0.0489359
0.0497327
0.0505521
0.0513881
0.052232
0.053072
0.0538942
0.0546829
0.0554208
0.0560902
0.0566732
0.0571523
0.0575112
0.057735
0.0578109
0.0577281
0.0574785
0.0570566
0.0564596
0.0556876
0.0547432
0.0536318
0.0523609
0.0509404
0.0493819
0.0476989
0.0459059
0.0440184
0.0420527
0.0400256
0.0379535
0.0358532
0.0337404
0.0316308
0.0295387
0.0274778
0.0254603
0.0234973
0.0215988
0.0197732
0.0180276
0.0163679
0.0147985
0.0133229
0.011943
0.01066
0.00947401
0.00838413
0.00738882
0.00648581
0.0056723
0.00494498
0.00430017
0.00373396
0.0032423
0.00282122
0.00246711
0.00217731
0.00195113
0.00179239
0.00171604
0.00177164
0.00216533
0.0046389
0.0248626
0.0254873
0.0261257
0.0267823
0.0274639
0.0281692
0.0288961
0.0296424
0.0304052
0.0311813
0.0319674
0.0327599
0.033555
0.0343492
0.0351388
0.0359203
0.0366903
0.0374459
0.0381842
0.0389029
0.0395998
0.0402733
0.0409222
0.041546
0.0421445
0.0427185
0.0432694
0.0437995
0.0443121
0.0448118
0.0453042
0.0457958
0.0462945
0.0468085
0.0473458
0.047914
0.0485184
0.0491622
0.0498445
0.050561
0.051303
0.0520578
0.0528095
0.0535393
0.0542266
0.0548499
0.0553875
0.0558187
0.0561238
0.0562856
0.0562891
0.0561224
0.0557768
0.0552469
0.0545307
0.0536294
0.0525477
0.051293
0.0498756
0.0483079
0.0466047
0.0447822
0.0428578
0.0408497
0.0387768
0.0366578
0.0345111
0.0323549
0.0302061
0.0280808
0.0259937
0.0239582
0.0219861
0.0200876
0.0182714
0.0165446
0.0149125
0.0133791
0.011947
0.0106173
0.00939018
0.0082644
0.00723798
0.00630805
0.00547107
0.0047229
0.00405896
0.00347434
0.00296388
0.00252228
0.00214426
0.0018246
0.00155843
0.00134148
0.00117063
0.00104519
0.000970126
0.000967462
0.00113516
0.00230639
0.0306127
0.031147
0.0316901
0.0322467
0.0328178
0.0334015
0.0339959
0.0345991
0.0352088
0.0358227
0.0364384
0.0370534
0.0376651
0.0382711
0.0388689
0.0394562
0.0400307
0.0405904
0.0411332
0.0416575
0.0421618
0.0426449
0.0431058
0.043544
0.0439594
0.0443524
0.0447239
0.045076
0.0454111
0.0457334
0.0460478
0.0463611
0.0466814
0.0470181
0.0473814
0.0477814
0.0482265
0.0487225
0.049271
0.0498684
0.0505059
0.0511691
0.0518393
0.0524942
0.0531094
0.0536594
0.0541189
0.0544641
0.054673
0.0547265
0.0546089
0.0543082
0.0538164
0.0531295
0.0522475
0.0511743
0.0499173
0.0484872
0.0468977
0.0451648
0.0433063
0.0413418
0.0392914
0.0371761
0.0350166
0.0328334
0.0306462
0.0284736
0.0263327
0.0242394
0.0222075
0.0202493
0.0183751
0.0165932
0.0149101
0.0133307
0.0118579
0.0104933
0.00923687
0.00808734
0.00704233
0.00609849
0.00525165
0.004497
0.00382921
0.00324261
0.00273127
0.00228914
0.00191014
0.00158828
0.00131771
0.00109284
0.000908467
0.000759891
0.000643211
0.000555873
0.0004981
0.000477842
0.00053639
0.00103194
0.0388293
0.0391062
0.0393899
0.0396844
0.0399832
0.0402851
0.0405893
0.0408952
0.041202
0.0415091
0.0418159
0.0421216
0.0424255
0.0427268
0.0430245
0.0433177
0.0436053
0.0438864
0.0441596
0.044424
0.0446783
0.0449216
0.0451529
0.0453715
0.0455769
0.0457692
0.0459488
0.0461169
0.0462755
0.0464281
0.0465792
0.0467351
0.046904
0.0470955
0.0473208
0.0475912
0.0479166
0.0483038
0.0487547
0.0492648
0.0498229
0.0504116
0.051008
0.0515856
0.0521159
0.05257
0.0529197
0.0531395
0.0532063
0.0531014
0.0528099
0.0523217
0.0516311
0.0507376
0.0496444
0.0483597
0.0468947
0.0452645
0.0434867
0.0415811
0.0395691
0.0374731
0.0353159
0.0331203
0.0309084
0.0287015
0.0265191
0.0243795
0.0222989
0.0202913
0.018369
0.0165416
0.014817
0.0132007
0.0116963
0.0103056
0.0090287
0.00786424
0.00680948
0.00586061
0.00501288
0.00426084
0.00359847
0.0030194
0.00251701
0.0020846
0.00171551
0.00140319
0.00114132
0.000923886
0.000745198
0.000599995
0.000483475
0.000391372
0.00032006
0.00026676
0.000230103
0.000212077
0.000228217
0.000419098
0.0487785
0.0485845
0.0484041
0.0482371
0.048075
0.0479183
0.0477677
0.0476243
0.0474892
0.0473636
0.0472482
0.0471439
0.0470512
0.0469705
0.0469018
0.046845
0.0467996
0.0467648
0.0467395
0.0467227
0.0467127
0.046708
0.0467071
0.0467083
0.0467103
0.0467121
0.0467133
0.0467145
0.0467171
0.0467241
0.0467404
0.0467727
0.0468297
0.0469222
0.0470619
0.0472604
0.047527
0.0478667
0.0482779
0.0487513
0.0492702
0.0498111
0.0503457
0.0508432
0.0512714
0.0515997
0.0517992
0.0518449
0.0517156
0.0513951
0.0508721
0.0501405
0.0491996
0.0480534
0.0467107
0.0451844
0.0434911
0.0416504
0.0396841
0.0376157
0.0354697
0.0332708
0.0310435
0.0288112
0.0265961
0.0244188
0.0222976
0.0202488
0.0182861
0.016421
0.0146621
0.0130161
0.0114872
0.0100773
0.00878679
0.00761396
0.00655583
0.00560811
0.00476548
0.00402184
0.00337052
0.00280444
0.00231634
0.00189891
0.00154493
0.00124739
0.000999559
0.000795109
0.000628127
0.000493171
0.000385296
0.00030007
0.000233584
0.000182461
0.000143871
0.000115587
9.61676e-05
8.56626e-05
8.94849e-05
0.000160123
0.0586429
0.057822
0.057035
0.0562733
0.0555355
0.054823
0.0541374
0.0534806
0.052854
0.0522591
0.0516971
0.0511692
0.050676
0.0502178
0.0497946
0.0494061
0.0490512
0.048729
0.0484374
0.0481746
0.047938
0.0477251
0.0475329
0.0473586
0.0471995
0.0470536
0.0469193
0.0467966
0.0466867
0.046593
0.0465213
0.0464798
0.0464793
0.0465323
0.0466515
0.0468477
0.0471266
0.0474869
0.0479182
0.0484016
0.048911
0.0494151
0.0498802
0.0502724
0.0505591
0.0507107
0.0507014
0.05051
0.0501204
0.0495219
0.0487094
0.0476831
0.0464488
0.0450169
0.0434024
0.0416239
0.0397032
0.0376644
0.0355331
0.0333355
0.0310981
0.0288464
0.026605
0.0243964
0.0222413
0.0201579
0.0181614
0.0162648
0.0144781
0.0128085
0.0112607
0.00983719
0.00853811
0.00736173
0.00630465
0.00536211
0.00452822
0.00379624
0.00315882
0.00260827
0.00213667
0.00173614
0.00139896
0.00111768
0.000885232
0.000695021
0.000540952
0.000417479
0.000319617
0.000242944
0.00018359
0.000138216
0.000103987
7.85442e-05
5.9971e-05
4.67821e-05
3.79609e-05
3.31926e-05
3.42925e-05
6.10464e-05
0.0661662
0.0647292
0.0633535
0.0620329
0.060768
0.0595593
0.0584077
0.057314
0.0562791
0.0553036
0.054388
0.0535324
0.0527368
0.0520007
0.051323
0.0507025
0.0501372
0.0496247
0.049162
0.0487457
0.048372
0.0480366
0.0477351
0.0474632
0.0472165
0.0469918
0.0467864
0.0465998
0.0464336
0.0462926
0.046185
0.0461229
0.0461212
0.0461955
0.0463592
0.0466186
0.0469704
0.0473998
0.0478815
0.0483828
0.0488674
0.0492983
0.04964
0.0498602
0.0499306
0.0498273
0.0495311
0.0490283
0.0483105
0.0473749
0.0462242
0.0448666
0.0433152
0.0415873
0.0397043
0.0376902
0.0355712
0.0333748
0.0311289
0.0288608
0.0265969
0.0243619
0.022178
0.0200653
0.0180405
0.0161179
0.0143084
0.0126199
0.0110577
0.00962442
0.00832012
0.0071429
0.00608899
0.00515314
0.00432891
0.00360897
0.00298535
0.00244975
0.00199371
0.00160885
0.001287
0.00102037
0.000801603
0.000623898
0.000481037
0.000367414
0.000278045
0.000208558
0.000155167
0.000114642
8.42665e-05
6.17878e-05
4.53717e-05
3.35508e-05
2.51795e-05
1.93953e-05
1.5605e-05
1.35516e-05
1.38577e-05
2.42877e-05
0.0697953
0.0679585
0.0662106
0.0645485
0.0629702
0.0614746
0.0600606
0.0587274
0.0574741
0.0563003
0.055205
0.0541873
0.0532458
0.0523792
0.0515853
0.050862
0.0502061
0.0496144
0.0490827
0.0486068
0.0481814
0.0478014
0.0474612
0.0471556
0.0468799
0.0466308
0.0464068
0.0462096
0.0460443
0.0459209
0.0458532
0.0458582
0.0459523
0.0461477
0.0464466
0.0468387
0.0473004
0.0477978
0.0482918
0.0487423
0.0491118
0.0493668
0.049478
0.049421
0.0491758
0.0487275
0.0480658
0.0471859
0.0460884
0.0447794
0.0432703
0.0415771
0.0397203
0.0377237
0.0356136
0.0334183
0.0311664
0.0288866
0.0266066
0.0243524
0.0221479
0.0200141
0.0179693
0.0160282
0.0142027
0.0125014
0.0109296
0.00949
0.00818277
0.00700572
0.00595478
0.00502431
0.00420741
0.00349628
0.00288251
0.00235736
0.00191198
0.00153763
0.00122587
0.000968673
0.000758524
0.000588517
0.000452382
0.00034451
0.00025995
0.000194395
0.000144145
0.000106071
7.75564e-05
5.64509e-05
4.101e-05
2.9841e-05
2.18497e-05
1.61918e-05
1.22295e-05
9.49553e-06
7.6696e-06
6.58863e-06
6.43292e-06
1.00092e-05
)
;

boundaryField
{
    jetInlet
    {
        type            fixedValue;
        value           uniform 0.001;
    }
    returnOutlet
    {
        type            inletOutlet;
        inletValue      uniform 0.001;
        value           nonuniform List<scalar> 
35
(
2.95625
1.59748
1.5427
1.69798
1.93657
2.21641
2.51058
2.79674
3.0563
3.27578
3.44861
3.57699
0.001
0.001
0.001
0.001
0.001
0.001
0.001
0.001
0.001
0.001
0.001
0.001
0.001
0.001
0.214039
0.210642
0.142385
0.0714251
0.071385
0.114717
0.186754
0.264016
0.315278
)
;
    }
    flatBed
    {
        type            epsilonWallFunction;
        blending        stepwise;
        value           nonuniform List<scalar> 
100
(
2.95625
3.04973
3.13303
3.20549
3.26469
3.30917
3.33956
3.33468
3.28813
3.19824
3.06648
2.89701
2.69611
2.47149
2.23161
1.98512
1.74016
1.50395
1.28228
1.0793
0.89746
0.737659
0.599534
0.481839
0.38281
0.300453
0.232751
0.177787
0.133788
0.0991445
0.0723875
0.0521773
0.0372892
0.0266115
0.0191545
0.0140687
0.0106591
0.00839042
0.00687455
0.00584556
0.00512945
0.00461611
0.00423702
0.00394968
0.00372741
0.00355324
0.00341607
0.00330863
0.00322601
0.00316491
0.0031231
0.00309912
0.00309204
0.00310134
0.00312679
0.00316836
0.00322617
0.00330037
0.00339107
0.00349835
0.00362144
0.00375607
0.00390163
0.00405745
0.00422282
0.00439698
0.00457913
0.00476842
0.004964
0.005165
0.00537057
0.00557989
0.00579223
0.0060069
0.00622335
0.00644115
0.00666005
0.00687997
0.0071011
0.00732386
0.00754901
0.00777768
0.00801148
0.00825255
0.00850375
0.0087688
0.00905263
0.0093532
0.0096701
0.0100063
0.0103654
0.0107512
0.0111673
0.0116154
0.0120932
0.0125876
0.0130606
0.0134059
0.0133745
0.0127223
)
;
    }
    slope
    {
        type            epsilonWallFunction;
        blending        stepwise;
        value           nonuniform List<scalar> 
50
(
0.891969
0.348647
0.232017
0.227807
0.212162
0.203675
0.195984
0.1899
0.184949
0.180718
0.177083
0.173777
0.170712
0.167793
0.164938
0.160251
0.156567
0.153035
0.149738
0.146659
0.143822
0.141219
0.138837
0.136645
0.134599
0.132646
0.130717
0.128719
0.12654
0.124086
0.116128
0.1103
0.102425
0.0927612
0.0815861
0.069206
0.0561755
0.0434887
0.0318557
0.0219833
0.0141685
0.00846675
0.0046389
0.00230639
0.00103194
0.000419098
0.000160123
6.10464e-05
2.42877e-05
1.00092e-05
)
;
    }
    top
    {
        type            symmetryPlane;
    }
    frontAndBack
    {
        type            empty;
    }
    defaultFaces
    {
        type            empty;
    }
}


// ************************************************************************* //
