/*--------------------------------*- C++ -*----------------------------------*\
| =========                 |                                                 |
| \\      /  F ield         | OpenFOAM: The Open Source CFD Toolbox           |
|  \\    /   O peration     | Version:  2206                                  |
|   \\  /    A nd           | Website:  www.openfoam.com                      |
|    \\/     M anipulation  |                                                 |
\*---------------------------------------------------------------------------*/
FoamFile
{
    version     2.0;
    format      ascii;
    arch        "LSB;label=32;scalar=64";
    class       volScalarField;
    location    "400";
    object      nut;
}
// * * * * * * * * * * * * * * * * * * * * * * * * * * * * * * * * * * * * * //

dimensions      [0 2 -1 0 0 0 0];

internalField   nonuniform List<scalar> 
10000
(
0.00242927
0.0024365
0.00244242
0.00244708
0.0024503
0.00245194
0.00245197
0.00244847
0.00243963
0.00242474
0.00240323
0.0023747
0.00233887
0.00229564
0.00224502
0.00218719
0.00212241
0.00205109
0.00197376
0.00189106
0.00180378
0.00171281
0.00161916
0.00152395
0.00142837
0.00133364
0.00124096
0.00115148
0.00106624
0.000986138
0.000911905
0.000844093
0.000783078
0.00072907
0.000682135
0.000642209
0.000609094
0.000582447
0.000561758
0.000546364
0.000535498
0.000528375
0.000524277
0.000522601
0.000522877
0.000524746
0.000527943
0.000532261
0.000537538
0.000543417
0.000549763
0.000556494
0.000563535
0.00057082
0.000578284
0.00058587
0.000593528
0.00060121
0.000608876
0.000616491
0.000624025
0.000631451
0.00063875
0.000645905
0.000652903
0.000659736
0.000666398
0.000672885
0.000679199
0.000685341
0.000691315
0.00069713
0.000702793
0.000708315
0.00071371
0.000718991
0.000724177
0.000729287
0.000734344
0.000739374
0.000744409
0.000749486
0.000754648
0.000759772
0.000764861
0.000769923
0.000774968
0.000780001
0.000785027
0.000790045
0.000795047
0.000800017
0.000804925
0.000809722
0.000814327
0.000818574
0.000822122
0.000824437
0.000825062
0.000823115
0.016936
0.0171527
0.0173938
0.0176521
0.0179246
0.0181979
0.0184518
0.0186989
0.0189283
0.0191273
0.0192844
0.0193902
0.0194372
0.0194198
0.0193342
0.0191779
0.0189499
0.0186498
0.0182786
0.0178378
0.0173301
0.0167593
0.0161303
0.0154496
0.014725
0.0139654
0.0131809
0.0123819
0.0115786
0.0107806
0.0099954
0.00922817
0.00848062
0.00775137
0.00703733
0.00633679
0.00565338
0.00499887
0.00439198
0.00385268
0.00339494
0.00302239
0.00272902
0.00250301
0.00233101
0.00220092
0.00210306
0.00203018
0.0019769
0.00193832
0.00191206
0.001896
0.00188856
0.00188851
0.00189487
0.0019069
0.00192398
0.00194562
0.00197144
0.00200111
0.00203438
0.00207104
0.00211091
0.00215384
0.00219971
0.00224838
0.00229974
0.0023537
0.00241011
0.00246886
0.00252979
0.00259274
0.0026575
0.00272384
0.00279147
0.00286006
0.00292919
0.00299838
0.00306705
0.00313448
0.00319984
0.00326211
0.00331829
0.00337279
0.00342537
0.00347537
0.00352192
0.00356393
0.0035999
0.00362788
0.00364524
0.00364845
0.00363272
0.00359146
0.00351564
0.00339288
0.00320642
0.00293207
0.00252974
0.00195146
0.0309699
0.031147
0.0313562
0.0315908
0.0318437
0.0321006
0.032342
0.0325702
0.0327673
0.0329152
0.0329988
0.0330061
0.0329283
0.032759
0.0324943
0.0321316
0.0316697
0.0311082
0.0304477
0.0296895
0.0288362
0.0278919
0.0268628
0.0257573
0.0245865
0.0233639
0.0221057
0.0208298
0.0195552
0.0183015
0.0170869
0.0159272
0.0148333
0.0138102
0.0128541
0.0119531
0.0110882
0.0102396
0.00939524
0.00855888
0.00775196
0.0070062
0.00635082
0.00580221
0.00536141
0.0050181
0.00475676
0.00456152
0.00441614
0.00430961
0.00423447
0.00418519
0.00415752
0.00414813
0.00415439
0.00417417
0.00420573
0.00424761
0.00429856
0.00435751
0.00442351
0.00449574
0.0045734
0.00465581
0.00474227
0.00483216
0.00492484
0.00501969
0.00511611
0.00521347
0.00531116
0.00540854
0.00550497
0.00559981
0.00569238
0.00578203
0.00586806
0.00594979
0.00602651
0.00609751
0.00616207
0.00621942
0.00626825
0.00631093
0.00634686
0.00637517
0.00639481
0.00640448
0.00640258
0.00638706
0.00635529
0.00630379
0.00622779
0.0061207
0.00597305
0.00577131
0.00549566
0.00511205
0.00454839
0.00369107
0.0405811
0.04056
0.040538
0.0405413
0.0405708
0.0406162
0.0406603
0.0406979
0.0407143
0.0406908
0.0406111
0.0404631
0.0402376
0.0399286
0.0395323
0.0390461
0.0384684
0.0377981
0.0370342
0.0361761
0.0352237
0.0341781
0.0330423
0.0318216
0.030524
0.0291609
0.0277465
0.0262981
0.0248355
0.02338
0.0219541
0.0205796
0.019277
0.0180634
0.0169501
0.0159402
0.0150253
0.0141843
0.0133862
0.0125982
0.0117985
0.0109873
0.0101886
0.00944045
0.00877813
0.00822269
0.00777803
0.00743544
0.00717596
0.00698339
0.00684532
0.00675185
0.00669507
0.00666871
0.00666773
0.00668806
0.00672637
0.00677985
0.00684615
0.00692323
0.00700931
0.00710281
0.00720233
0.00730658
0.00741441
0.00752473
0.00763656
0.00774896
0.00786106
0.00797204
0.00808113
0.00818757
0.00829068
0.00838976
0.00848418
0.0085733
0.00865649
0.00873313
0.00880258
0.00886416
0.00891715
0.00896073
0.00899391
0.00901728
0.00902996
0.00903084
0.00901859
0.0089916
0.00894794
0.00888514
0.00880006
0.00868857
0.0085451
0.00836193
0.00812813
0.00782814
0.00743956
0.00692567
0.00621433
0.00519379
0.0473447
0.0471092
0.0468209
0.046556
0.046333
0.0461488
0.045988
0.0458367
0.0456869
0.0455178
0.0453115
0.045054
0.0447361
0.0443519
0.0438984
0.0433737
0.0427767
0.042106
0.0413592
0.0405336
0.0396257
0.038632
0.0375503
0.03638
0.0351233
0.0337858
0.0323769
0.0309095
0.0294003
0.0278691
0.0263377
0.0248297
0.0233695
0.0219814
0.0206884
0.0195098
0.0184577
0.0175324
0.0167181
0.0159819
0.0152793
0.0145682
0.013826
0.0130604
0.0123055
0.0116054
0.0109957
0.0104945
0.0100966
0.00979094
0.00956438
0.00940404
0.00929843
0.00923782
0.00921418
0.00922093
0.00925267
0.00930496
0.00937407
0.00945687
0.00955068
0.0096532
0.00976245
0.00987668
0.00999436
0.0101141
0.0102348
0.0103552
0.0104745
0.0105918
0.0107061
0.0108168
0.0109231
0.0110244
0.0111199
0.0112089
0.0112909
0.0113649
0.0114301
0.0114858
0.0115307
0.0115638
0.0115841
0.011591
0.0115831
0.0115589
0.0115166
0.011454
0.0113683
0.0112563
0.0111139
0.0109357
0.0107148
0.0104418
0.0101036
0.00968276
0.00915474
0.00848337
0.00760533
0.00642853
0.0523872
0.051974
0.0514477
0.0509368
0.0504838
0.0500946
0.0497555
0.0494437
0.049154
0.0488654
0.048557
0.0482134
0.0478253
0.047388
0.0469005
0.0463631
0.0457768
0.0451413
0.0444545
0.0437124
0.0429085
0.0420351
0.0410838
0.0400475
0.0389208
0.0377022
0.0363941
0.0350038
0.0335429
0.0320274
0.0304768
0.0289134
0.0273614
0.0258466
0.0243968
0.0230403
0.0218039
0.0207092
0.0197667
0.0189687
0.0182849
0.0176648
0.0170506
0.0163997
0.0157017
0.0149822
0.0142872
0.0136616
0.0131282
0.012695
0.0123577
0.0121064
0.0119288
0.0118128
0.0117476
0.0117241
0.0117344
0.0117721
0.0118319
0.0119093
0.0120008
0.0121031
0.0122138
0.0123305
0.0124514
0.0125748
0.0126994
0.0128239
0.0129471
0.0130682
0.0131861
0.0133
0.013409
0.0135124
0.0136092
0.0136985
0.0137795
0.0138511
0.0139121
0.0139614
0.0139975
0.0140189
0.0140244
0.0140126
0.0139814
0.0139289
0.0138523
0.0137488
0.0136149
0.0134463
0.0132379
0.0129832
0.012674
0.0122996
0.0118461
0.0112954
0.0106238
0.00979994
0.00877713
0.00749785
0.0562017
0.0556677
0.0549579
0.0542453
0.0535988
0.053034
0.0525389
0.0520868
0.0516695
0.0512685
0.0508609
0.0504304
0.0499682
0.0494717
0.0489429
0.0483857
0.0478047
0.0472026
0.0465795
0.0459316
0.0452512
0.0445269
0.0437451
0.042891
0.0419515
0.0409164
0.03978
0.038542
0.037208
0.035789
0.034301
0.0327633
0.031198
0.0296292
0.0280839
0.0265926
0.0251882
0.0239047
0.0227726
0.0218128
0.0210271
0.0203896
0.0198463
0.0193275
0.0187729
0.0181558
0.0174922
0.0168271
0.0162057
0.0156622
0.0152115
0.014855
0.0145863
0.0143949
0.0142691
0.0141978
0.0141711
0.0141805
0.014219
0.0142805
0.0143603
0.0144544
0.0145592
0.0146722
0.0147909
0.0149133
0.0150377
0.0151627
0.0152869
0.0154091
0.0155282
0.0156432
0.0157529
0.0158563
0.0159522
0.0160397
0.0161173
0.0161837
0.0162376
0.0162774
0.0163013
0.0163076
0.0162948
0.0162606
0.0162023
0.0161173
0.0160023
0.0158537
0.0156672
0.0154378
0.0151595
0.0148251
0.0144256
0.0139501
0.0133849
0.0127131
0.0119144
0.0109648
0.00983333
0.00848856
0.0588715
0.0582879
0.0574708
0.0566211
0.0558323
0.0551291
0.0545014
0.0539216
0.0533812
0.0528673
0.0523565
0.0518317
0.0512851
0.0507165
0.0501313
0.049538
0.0489455
0.0483614
0.0477895
0.0472288
0.0466721
0.0461063
0.0455134
0.0448719
0.04416
0.0433579
0.0424505
0.0414289
0.0402908
0.0390412
0.037692
0.0362593
0.0347617
0.0332202
0.0316585
0.0301047
0.0285916
0.027156
0.0258381
0.0246777
0.023706
0.0229341
0.0223411
0.0218705
0.0214423
0.0209813
0.0204474
0.0198478
0.0192253
0.0186289
0.0180933
0.017639
0.0172732
0.0169932
0.0167909
0.0166557
0.0165768
0.0165442
0.0165492
0.0165842
0.0166431
0.0167207
0.0168129
0.0169159
0.0170271
0.0171437
0.0172639
0.0173857
0.0175076
0.017628
0.0177456
0.0178591
0.0179671
0.0180682
0.0181612
0.0182446
0.0183168
0.0183764
0.0184215
0.0184503
0.0184608
0.018451
0.0184195
0.0183627
0.0182777
0.0181609
0.0180088
0.0178171
0.0175811
0.017295
0.0169525
0.0165459
0.016066
0.0155023
0.0148421
0.0140706
0.0131717
0.0121281
0.0109213
0.00953659
0.060219
0.0596766
0.0588574
0.0579655
0.057111
0.0563241
0.0555963
0.0549022
0.0542456
0.0536227
0.05301
0.0523901
0.0517559
0.0511094
0.0504595
0.0498189
0.0492016
0.0486205
0.0480849
0.0475982
0.0471565
0.0467475
0.0463509
0.0459396
0.0454835
0.0449527
0.0443216
0.0435712
0.0426898
0.041675
0.040534
0.0392795
0.0379271
0.0364939
0.0349988
0.0334659
0.0319242
0.0304076
0.0289564
0.0276174
0.0264395
0.0254639
0.0247106
0.0241629
0.0237616
0.0234174
0.0230429
0.0225871
0.02206
0.0214973
0.0209399
0.0204247
0.0199772
0.0196096
0.0193232
0.0191125
0.0189686
0.0188812
0.0188409
0.0188389
0.0188676
0.0189208
0.0189932
0.0190805
0.0191788
0.0192854
0.0193975
0.0195129
0.0196296
0.0197459
0.01986
0.0199704
0.0200754
0.0201736
0.0202632
0.0203426
0.0204099
0.0204635
0.0205012
0.0205211
0.0205208
0.0204981
0.0204514
0.0203766
0.0202697
0.0201271
0.0199446
0.0197175
0.0194406
0.0191079
0.0187126
0.0182469
0.0177017
0.0170669
0.0163309
0.0154811
0.0145044
0.0133888
0.0121232
0.0107011
0.0598517
0.0594813
0.058811
0.0580133
0.0572056
0.0564171
0.0556391
0.0548506
0.0540995
0.0533872
0.0526896
0.051989
0.0512791
0.0505642
0.0498562
0.0491715
0.0485288
0.0479463
0.047439
0.0470163
0.0466799
0.0464211
0.0462203
0.0460474
0.0458654
0.0456343
0.0453173
0.0448842
0.0443124
0.0435901
0.0427196
0.0417101
0.0405743
0.0393255
0.0379773
0.0365494
0.035066
0.033555
0.0320506
0.0305976
0.0292502
0.0280656
0.027095
0.0263661
0.0258651
0.025529
0.0252599
0.0249613
0.0245956
0.0241553
0.0236611
0.0231507
0.0226638
0.0222302
0.0218664
0.0215775
0.0213608
0.021209
0.0211132
0.0210644
0.0210542
0.0210753
0.0211213
0.021187
0.0212679
0.0213603
0.0214612
0.0215676
0.0216774
0.0217882
0.0218982
0.0220054
0.022108
0.0222041
0.0222919
0.0223694
0.0224347
0.0224856
0.0225199
0.0225353
0.0225292
0.022499
0.0224433
0.0223569
0.0222355
0.0220748
0.0218703
0.0216169
0.021309
0.0209402
0.0205036
0.0199911
0.0193939
0.0187021
0.017905
0.0169917
0.0159515
0.0147756
0.0134577
0.0119963
0.0570922
0.0571399
0.0568502
0.0563402
0.0557384
0.0550676
0.0543102
0.0534716
0.0526822
0.0519301
0.0511896
0.0504444
0.0496911
0.0489369
0.0481969
0.047491
0.0468415
0.0462707
0.0457988
0.0454416
0.0452072
0.0450934
0.0450849
0.0451521
0.0452538
0.0453416
0.0453669
0.0452887
0.045072
0.0446925
0.0441478
0.0434434
0.0425889
0.0415952
0.0404688
0.039226
0.0378865
0.0364716
0.0350059
0.0335269
0.0320849
0.03074
0.0295586
0.0286012
0.0279016
0.0274469
0.0271687
0.0269677
0.0267684
0.0265069
0.0261576
0.0257342
0.0252744
0.0248201
0.0244048
0.0240489
0.0237609
0.0235406
0.0233826
0.0232794
0.0232227
0.0232047
0.0232182
0.0232573
0.0233166
0.0233916
0.0234788
0.0235746
0.0236764
0.0237816
0.0238878
0.0239928
0.0240944
0.0241906
0.0242793
0.0243582
0.0244251
0.0244776
0.0245132
0.0245292
0.0245227
0.0244908
0.024432
0.0243406
0.0242114
0.0240398
0.0238206
0.0235486
0.0232177
0.0228213
0.0223521
0.021802
0.0211621
0.0204228
0.0195744
0.0186067
0.0175109
0.0162805
0.0149121
0.0134068
0.0506681
0.0518078
0.0522916
0.0523518
0.0521803
0.0517935
0.0511147
0.0503763
0.0496659
0.0489648
0.0482535
0.0475244
0.0467818
0.0460388
0.0453145
0.0446319
0.044016
0.0434917
0.043083
0.0428103
0.0426883
0.0427224
0.0429045
0.0432102
0.0435983
0.044015
0.0444017
0.0447066
0.0448818
0.044887
0.0447169
0.0443718
0.0438577
0.0431844
0.0423489
0.041366
0.040252
0.0390223
0.0376893
0.0362814
0.0348405
0.0334193
0.0320853
0.0309153
0.0299768
0.0293083
0.0288949
0.0286826
0.0285869
0.0285024
0.0283472
0.0280871
0.0277335
0.0273245
0.0269046
0.0265104
0.0261656
0.0258815
0.0256604
0.0254988
0.0253903
0.0253278
0.0253039
0.0253119
0.025346
0.0254011
0.0254726
0.0255568
0.0256504
0.0257502
0.0258535
0.0259577
0.0260605
0.0261592
0.0262515
0.026335
0.0264069
0.0264648
0.0265057
0.0265266
0.0265243
0.0264953
0.0264381
0.0263466
0.0262149
0.0260376
0.0258093
0.0255242
0.025176
0.0247578
0.024262
0.0236804
0.0230042
0.0222242
0.0213307
0.0203147
0.0191686
0.0178871
0.0164687
0.0149165
0.0380043
0.0424137
0.0443616
0.0454172
0.0459653
0.0460459
0.0456718
0.0452363
0.0447483
0.0442051
0.0436109
0.042976
0.0423167
0.0416539
0.0410117
0.0404161
0.0398939
0.0394719
0.0391759
0.0390294
0.0390522
0.0392565
0.0396425
0.0401928
0.0408704
0.0416201
0.0423752
0.0430691
0.0436462
0.0440679
0.0443144
0.0443776
0.0442582
0.043967
0.0434864
0.0428341
0.0420233
0.0410652
0.039957
0.0387191
0.0373836
0.0359893
0.0345952
0.0332795
0.0321248
0.031206
0.0305701
0.0302284
0.0301264
0.0301542
0.0301883
0.0301368
0.0299616
0.0296741
0.0293143
0.0289291
0.0285578
0.0282269
0.0279501
0.0277317
0.0275699
0.0274598
0.0273949
0.0273687
0.0273749
0.0274078
0.0274624
0.0275343
0.0276194
0.0277144
0.0278158
0.0279208
0.0280264
0.0281297
0.028228
0.0283184
0.028398
0.0284638
0.0285126
0.0285413
0.0285461
0.0285234
0.0284703
0.0283819
0.0282512
0.0280719
0.0278382
0.0275438
0.0271821
0.026746
0.0262278
0.0256192
0.0249113
0.0240951
0.0231615
0.022102
0.0209096
0.0195799
0.0181126
0.0165112
0.0232824
0.0298518
0.0334642
0.0357644
0.0370558
0.0375711
0.0377828
0.0377855
0.037628
0.0373469
0.0369722
0.036531
0.0360504
0.0355584
0.0350836
0.0346556
0.0343033
0.034055
0.0339377
0.0339768
0.0341953
0.034611
0.0352315
0.0360474
0.0370275
0.0381183
0.0392488
0.0403428
0.0413373
0.0421888
0.0428705
0.0433683
0.0436767
0.0437958
0.0437269
0.0434753
0.0430449
0.0424445
0.041651
0.0406821
0.03956
0.0383051
0.0369618
0.035602
0.034305
0.0331656
0.0322832
0.0317264
0.0315
0.0315317
0.0316923
0.0318453
0.0318928
0.0317966
0.0315704
0.0312571
0.0309063
0.0305596
0.0302455
0.0299797
0.0297683
0.0296111
0.0295041
0.0294419
0.0294184
0.0294277
0.0294644
0.0295234
0.0296002
0.0296908
0.0297912
0.029898
0.0300077
0.0301171
0.0302229
0.0303217
0.0304103
0.0304853
0.0305432
0.0305805
0.0305934
0.0305782
0.0305304
0.0304471
0.0303195
0.0301405
0.0299037
0.0296024
0.0292299
0.0287789
0.0282414
0.0276091
0.0268732
0.026025
0.0250554
0.0239565
0.0227217
0.0213472
0.0198327
0.018182
0.0126852
0.0184554
0.0220402
0.0242426
0.0256377
0.0265867
0.0272393
0.0276757
0.0279371
0.0280506
0.0280407
0.0279343
0.0277622
0.0275581
0.0273569
0.0271928
0.0270987
0.0271054
0.027242
0.0275357
0.0280119
0.0286929
0.0295924
0.0307071
0.0320111
0.0334533
0.0349596
0.036446
0.0378505
0.0391299
0.0402551
0.0412077
0.0419771
0.0425558
0.0429451
0.0431474
0.0431586
0.042973
0.0425831
0.041986
0.0411907
0.0401929
0.0390224
0.037741
0.0364183
0.0351483
0.034056
0.0332559
0.0328179
0.0327366
0.0329192
0.033219
0.0334891
0.0336296
0.0336058
0.0334358
0.0331665
0.03285
0.0325297
0.0322358
0.0319857
0.0317867
0.0316397
0.0315419
0.0314884
0.0314736
0.0314918
0.0315378
0.0316063
0.0316927
0.0317926
0.0319019
0.0320165
0.0321327
0.0322466
0.0323544
0.0324524
0.0325366
0.0326033
0.0326486
0.0326685
0.0326593
0.0326174
0.0325402
0.0324168
0.0322393
0.0320007
0.0316942
0.0313127
0.0308487
0.0302944
0.0296412
0.0288807
0.0280039
0.0270023
0.0258681
0.0245949
0.0231791
0.0216205
0.0199228
0.000715331
0.00191744
0.00364745
0.00570388
0.00784761
0.00990003
0.0117317
0.0132686
0.0144883
0.0154088
0.0160731
0.0165367
0.0168576
0.0170915
0.0172882
0.0174922
0.0177426
0.0180746
0.0185206
0.0191116
0.0198778
0.0208476
0.0220409
0.0234583
0.0250786
0.0268551
0.0287077
0.0305287
0.0323038
0.0340081
0.0356147
0.0370991
0.0384412
0.0396265
0.0406404
0.0414669
0.0420915
0.0425004
0.042681
0.0426202
0.0423083
0.0417424
0.0409319
0.0399115
0.0387216
0.0374422
0.0362142
0.0351767
0.0344572
0.0341372
0.0342008
0.034542
0.0349967
0.0354053
0.035662
0.0357311
0.0356331
0.0354179
0.0351412
0.0348499
0.0345774
0.0343436
0.0341579
0.0340228
0.0339365
0.0338946
0.0338921
0.0339233
0.0339825
0.0340646
0.0341644
0.034277
0.0343977
0.0345221
0.0346456
0.0347637
0.0348722
0.0349665
0.0350421
0.0350947
0.0351198
0.035113
0.03507
0.0349905
0.0348627
0.0346777
0.0344281
0.0341067
0.0337062
0.0332191
0.0326374
0.0319528
0.0311569
0.0302409
0.0291966
0.0280163
0.0266939
0.0252256
0.0236111
0.0218546
0.000671746
0.000370573
0.000339124
0.000388923
0.000509947
0.000715152
0.00100559
0.00137286
0.00180149
0.00227276
0.00276863
0.00327488
0.0037829
0.00429052
0.00480203
0.00532795
0.00588485
0.00649531
0.00718838
0.00799996
0.0089727
0.0101517
0.0115561
0.0131086
0.0148175
0.0166809
0.0186955
0.0208749
0.0231487
0.025456
0.0277458
0.0299742
0.0321023
0.0340955
0.035924
0.0375617
0.038986
0.040177
0.0411157
0.0417829
0.0421599
0.0422314
0.0419883
0.041435
0.0405996
0.0395435
0.0383817
0.0372355
0.036265
0.0356386
0.035434
0.0356468
0.0361584
0.0367899
0.0373659
0.0377694
0.0379595
0.0379568
0.0378142
0.037592
0.0373419
0.0371015
0.0368941
0.0367319
0.0366191
0.0365551
0.0365362
0.0365574
0.0366129
0.0366969
0.0368036
0.0369272
0.0370622
0.0372033
0.0373453
0.0374828
0.0376107
0.0377239
0.0378172
0.0378853
0.0379229
0.0379246
0.0378846
0.0378051
0.0376748
0.0374845
0.0372264
0.036893
0.036477
0.0359708
0.0353668
0.0346569
0.0338327
0.0328862
0.0318091
0.0305941
0.0292347
0.0277267
0.0260683
0.0242615
0.00311203
0.0027851
0.00248465
0.00225782
0.00199048
0.00170536
0.00143269
0.00119534
0.0010051
0.000864341
0.000769088
0.000712582
0.000688
0.000689953
0.000715017
0.000761853
0.000831319
0.000926834
0.00105519
0.001228
0.0014609
0.00177403
0.00221118
0.00289588
0.00389483
0.00526243
0.00703268
0.00921236
0.0117596
0.0145873
0.0175806
0.0206234
0.0236195
0.0265001
0.0292186
0.0317421
0.0340438
0.0360993
0.0378849
0.0393763
0.0405485
0.0413774
0.0418413
0.0419278
0.0416416
0.0410137
0.040114
0.0390573
0.0380087
0.0371677
0.0366564
0.0366072
0.0369928
0.0376912
0.0385058
0.0392481
0.0397947
0.0401036
0.0401976
0.0401334
0.0399751
0.0397785
0.0395841
0.039418
0.0392941
0.0392181
0.0391899
0.0392061
0.0392616
0.0393504
0.0394663
0.0396028
0.0397536
0.0399124
0.0400733
0.0402303
0.0403773
0.0405085
0.0406181
0.0407003
0.040749
0.0407582
0.0407215
0.0406418
0.0405096
0.0403153
0.0400505
0.0397077
0.0392794
0.0387583
0.0381369
0.0374074
0.036562
0.0355928
0.034492
0.0332522
0.0318666
0.0303301
0.0286392
0.0267934
0.00323875
0.00323379
0.00322737
0.00322077
0.00321425
0.00320805
0.00320162
0.00319357
0.00318178
0.00316385
0.00313757
0.00310144
0.00305485
0.00299797
0.00293132
0.00285534
0.00276995
0.00267433
0.00257095
0.00246106
0.00220808
0.00179584
0.00146685
0.00130745
0.00135353
0.00163105
0.00218653
0.00308981
0.00441732
0.00622687
0.00853177
0.0112844
0.0143795
0.0176769
0.0210344
0.0243314
0.0274778
0.0304095
0.0330798
0.0354504
0.037487
0.0391564
0.040427
0.0412731
0.0416805
0.0416553
0.0412349
0.0404981
0.0395722
0.0386349
0.0378935
0.0375698
0.0376961
0.0382874
0.0391892
0.040192
0.0410982
0.0417823
0.0422055
0.0423954
0.0424133
0.0423271
0.0421949
0.0420595
0.0419485
0.0418767
0.0418504
0.0418695
0.0419309
0.042029
0.0421574
0.0423093
0.0424776
0.0426555
0.042836
0.0430125
0.0431783
0.0433269
0.0434518
0.0435468
0.0436056
0.0436221
0.0435905
0.043506
0.04337
0.0431706
0.0428988
0.0425466
0.0421065
0.0415716
0.0409345
0.0401881
0.0393248
0.0383373
0.037218
0.0359598
0.0345558
0.0329999
0.0312873
0.029415
0.00323963
0.00323938
0.00323984
0.00324164
0.00324543
0.00325197
0.00326223
0.00327741
0.00329885
0.00332794
0.00336604
0.00341425
0.00347341
0.003544
0.00362606
0.00371918
0.00382227
0.00393358
0.00403828
0.00411189
0.00411588
0.00396242
0.00356785
0.00294242
0.00226772
0.00176972
0.00154926
0.00161178
0.00196556
0.00265773
0.00376319
0.00535677
0.00748166
0.0101235
0.0132015
0.0165826
0.020111
0.0236383
0.027041
0.0302232
0.0331105
0.0356433
0.0377705
0.0394494
0.0406477
0.0413499
0.0415657
0.0413402
0.0407623
0.0399728
0.0391631
0.0385624
0.0383822
0.0387534
0.0395728
0.0406948
0.0418907
0.0429563
0.0437704
0.0443022
0.0445865
0.0446897
0.0446826
0.0446249
0.0445604
0.0445167
0.044509
0.0445431
0.0446189
0.0447327
0.0448785
0.0450494
0.045238
0.0454366
0.0456378
0.0458342
0.0460184
0.0461835
0.0463225
0.0464286
0.0464954
0.0465165
0.0464856
0.0463965
0.0462543
0.0460473
0.045766
0.0454024
0.0449492
0.0443994
0.0437464
0.0429834
0.0421035
0.0410998
0.0399654
0.0386935
0.0372771
0.0357099
0.0339861
0.0321006
0.00323961
0.00323926
0.00323933
0.00324045
0.00324347
0.00324942
0.00325946
0.0032748
0.00329664
0.00332617
0.00336455
0.0034129
0.00347223
0.00354345
0.0036274
0.00372476
0.00383563
0.00395961
0.0040954
0.00423929
0.00438205
0.00450076
0.00454674
0.00443495
0.00406637
0.00342611
0.00268269
0.00208709
0.00177804
0.00177542
0.00208288
0.00274048
0.00382086
0.0054023
0.0075357
0.0102159
0.0133689
0.0168623
0.0205324
0.0242149
0.0277645
0.031061
0.0340077
0.0365273
0.0385595
0.040063
0.0410203
0.0414454
0.0413915
0.0409603
0.0403072
0.0396405
0.0391997
0.0392086
0.0398058
0.0408914
0.0422512
0.0436397
0.0448567
0.0457915
0.0464254
0.0468022
0.0469935
0.0470721
0.0470982
0.047115
0.0471493
0.0472153
0.0473182
0.047457
0.0476273
0.0478225
0.0480352
0.0482574
0.048481
0.048698
0.0489006
0.0490813
0.0492327
0.0493479
0.04942
0.0494425
0.0494088
0.0493125
0.0491601
0.0489413
0.0486468
0.0482684
0.047799
0.0472322
0.0465615
0.0457808
0.0448839
0.0438647
0.0427169
0.0414341
0.0400099
0.0384379
0.0367117
0.0348253
0.00323969
0.00323943
0.00323956
0.00324054
0.00324299
0.00324763
0.00325533
0.00326704
0.00328384
0.00330688
0.00333742
0.00337675
0.00342621
0.00348709
0.00356057
0.00364767
0.00374946
0.00386664
0.00399944
0.00414731
0.00430834
0.0044773
0.00464123
0.00477053
0.00480639
0.00465636
0.00423201
0.00355139
0.00280435
0.00222936
0.00194983
0.00198702
0.00235335
0.00309672
0.00429431
0.00602433
0.00833207
0.0112016
0.0145452
0.0182157
0.022035
0.0258234
0.0294196
0.0326885
0.0355223
0.0378405
0.039591
0.0407541
0.0413483
0.041437
0.0411361
0.0406177
0.040106
0.0398528
0.0400862
0.040917
0.0422988
0.0438956
0.0454702
0.0468276
0.0478726
0.0486019
0.0490695
0.0493517
0.0495226
0.0496411
0.0497483
0.0498692
0.0500162
0.0501931
0.0503977
0.0506249
0.0508674
0.0511171
0.0513657
0.0516047
0.051826
0.0520216
0.0521839
0.0523057
0.0523802
0.0524008
0.0523611
0.0522549
0.0520858
0.0518496
0.0515367
0.0511391
0.0506496
0.0500622
0.0493709
0.0485702
0.0476549
0.0466193
0.0454581
0.0441657
0.0427363
0.0411638
0.0394418
0.0375638
0.00323985
0.00323974
0.00324005
0.00324118
0.00324363
0.00324804
0.00325519
0.00326596
0.00328133
0.00330238
0.00333025
0.00336612
0.0034112
0.00346674
0.00353393
0.00361387
0.00370751
0.00381569
0.00393902
0.0040779
0.0042323
0.00440124
0.00458156
0.00476483
0.004931
0.00503798
0.00501208
0.00475841
0.00422266
0.00348792
0.00277482
0.00228822
0.00211399
0.0022701
0.00278472
0.00372144
0.00516409
0.00718467
0.00980847
0.0129894
0.0166065
0.0204843
0.0244236
0.0282313
0.0317385
0.0348089
0.0373425
0.0392772
0.0405922
0.0413121
0.0415122
0.0413247
0.0409399
0.0405982
0.0405616
0.0410495
0.042162
0.0438171
0.0456568
0.0474079
0.0488915
0.050035
0.0508531
0.0514106
0.0517878
0.0520577
0.0522764
0.0524818
0.0526957
0.0529278
0.0531802
0.0534496
0.0537297
0.0540128
0.0542903
0.0545538
0.0547946
0.0550048
0.0551765
0.0553025
0.0553761
0.0553911
0.0553416
0.0552225
0.0550293
0.0547694
0.0544325
0.0540103
0.053496
0.0528836
0.0521679
0.051344
0.0504073
0.0493533
0.0481773
0.0468748
0.0454407
0.0438695
0.0421554
0.040292
0.0032401
0.00324015
0.00324067
0.00324195
0.00324441
0.00324856
0.003255
0.00326449
0.00327786
0.0032961
0.0033203
0.00335164
0.00339139
0.00344082
0.00350122
0.00357379
0.00365966
0.00375984
0.00387515
0.00400622
0.0041534
0.00431665
0.00449522
0.00468671
0.00488474
0.00507401
0.0052218
0.00526828
0.00512689
0.00471968
0.00405916
0.00330559
0.00268559
0.0023484
0.00234365
0.00269543
0.00345481
0.00470263
0.00652334
0.00896814
0.0120217
0.0155869
0.019495
0.0235357
0.0274924
0.031169
0.0344059
0.0370873
0.0391442
0.0405573
0.0413597
0.0416416
0.0415533
0.0413049
0.0411532
0.0413641
0.0421462
0.0435668
0.045492
0.0475646
0.0494726
0.0510637
0.052293
0.0531949
0.0538439
0.0543215
0.0546979
0.0550244
0.0553337
0.0556437
0.0559614
0.0562866
0.0566148
0.0569391
0.0572512
0.0575427
0.057805
0.05803
0.0582099
0.0583378
0.0584072
0.0584121
0.0583471
0.0582073
0.0579877
0.0576986
0.0573316
0.0568789
0.0563342
0.0556919
0.0549472
0.0540959
0.0531341
0.0520583
0.0508648
0.0495499
0.0481097
0.0465395
0.0448343
0.0429882
0.00324045
0.00324069
0.00324142
0.00324288
0.00324539
0.00324937
0.00325536
0.00326402
0.00327615
0.00329265
0.00331459
0.00334313
0.00337949
0.00342495
0.0034808
0.00354825
0.00362846
0.00372246
0.00383117
0.00395531
0.00409539
0.00425172
0.00442424
0.00461234
0.004814
0.00502391
0.00522927
0.00540261
0.00549279
0.00542198
0.0051071
0.00452358
0.0037777
0.00308274
0.00262736
0.00249985
0.00273381
0.00337414
0.0044974
0.00619356
0.00852921
0.0115089
0.0150511
0.0189916
0.0231112
0.027175
0.0309665
0.0343088
0.0370758
0.0391964
0.0406566
0.0415018
0.0418398
0.0418421
0.0417398
0.041804
0.0423002
0.0434127
0.0451591
0.0473578
0.049635
0.0516709
0.0533481
0.0546524
0.0556371
0.056383
0.0569697
0.0574611
0.0579017
0.0583181
0.0587237
0.0591226
0.0595126
0.0598885
0.0602429
0.0605676
0.0608544
0.0610953
0.061283
0.0614108
0.0614725
0.0614631
0.0613776
0.0612119
0.0609612
0.0606359
0.0602319
0.0597423
0.0591613
0.0584835
0.0577046
0.0568211
0.0558298
0.0547279
0.0535129
0.0521821
0.0507326
0.049161
0.047463
0.0456339
0.00324089
0.00324136
0.00324232
0.00324394
0.00324647
0.00325023
0.0032557
0.00326345
0.00327418
0.00328874
0.00330816
0.00333357
0.00336622
0.00340742
0.0034585
0.00352075
0.00359542
0.00368365
0.00378646
0.00390468
0.00403893
0.00418962
0.00435689
0.00454061
0.00474009
0.00495341
0.00517568
0.00539527
0.00558746
0.00570619
0.00567994
0.00542641
0.00490335
0.00418035
0.00344795
0.00291281
0.00269629
0.00284832
0.00341427
0.0044686
0.00610418
0.00839614
0.0113595
0.0149192
0.0189093
0.0231004
0.0272427
0.0311046
0.0344986
0.0372945
0.0394244
0.0408845
0.041737
0.0421113
0.0422036
0.0422666
0.0425824
0.043406
0.0448806
0.0469631
0.0494205
0.0518603
0.0539898
0.055734
0.0571096
0.0581841
0.059039
0.059747
0.0603625
0.0609214
0.0614441
0.0619397
0.0624096
0.0628509
0.0632575
0.0636225
0.0639383
0.0641975
0.0643932
0.0645194
0.0645707
0.0645428
0.0644321
0.0642358
0.0639519
0.06358
0.0631312
0.062598
0.0619745
0.0612555
0.0604371
0.059516
0.05849
0.0573571
0.0561158
0.0547644
0.0533013
0.0517241
0.0500296
0.0482143
0.00324141
0.00324219
0.0032434
0.0032451
0.00324744
0.00325072
0.00325531
0.00326172
0.00327056
0.00328262
0.00329886
0.00332036
0.00334835
0.00338414
0.00342902
0.00348435
0.00355142
0.00363151
0.00372582
0.00383538
0.0039611
0.00410364
0.00426348
0.00444083
0.00463559
0.00484709
0.0050734
0.00530965
0.00554451
0.00575429
0.00589539
0.00590006
0.00568784
0.00520865
0.00451024
0.00376333
0.00318032
0.00290644
0.00300918
0.00353928
0.00457236
0.00620377
0.0085126
0.011516
0.0151362
0.0191982
0.0234598
0.0276577
0.0315503
0.0349457
0.0377157
0.0398019
0.041217
0.0420463
0.0424464
0.0426409
0.042903
0.0435178
0.0447121
0.0465692
0.0489745
0.051649
0.0541975
0.056389
0.0581935
0.0596521
0.060837
0.0618217
0.0626665
0.0634142
0.0640919
0.0647145
0.0652879
0.0658125
0.0662848
0.0666995
0.0670506
0.0673316
0.0675366
0.0676605
0.067699
0.0676487
0.0675073
0.0672736
0.0669467
0.0665256
0.0660261
0.0654429
0.0647709
0.0640051
0.0631416
0.0621777
0.0611117
0.0599424
0.0586694
0.0572921
0.0558099
0.0542218
0.0525257
0.0507192
0.00324173
0.00324162
0.00323972
0.00323454
0.00322489
0.0032099
0.00318908
0.00316251
0.00313103
0.00309626
0.00306062
0.00302706
0.00299889
0.00297948
0.00297212
0.00297987
0.0030056
0.0030519
0.00312107
0.00321501
0.00333514
0.00348227
0.00365649
0.00385714
0.00408284
0.00433152
0.00460041
0.00488552
0.00518021
0.00547182
0.00573605
0.00592974
0.0059868
0.00582822
0.00540072
0.00474028
0.00400444
0.00340702
0.00310995
0.0031974
0.0037294
0.00478634
0.00646666
0.00884961
0.0119468
0.0156685
0.0198231
0.0241521
0.02838
0.032259
0.0355987
0.0382812
0.040267
0.0415952
0.042382
0.0428163
0.0431484
0.0436641
0.0446323
0.0462272
0.0484528
0.051125
0.053945
0.0565524
0.0587981
0.0606864
0.0622665
0.0636003
0.0647436
0.0657409
0.0666243
0.0674145
0.0681231
0.0687549
0.0693106
0.0697878
0.0701827
0.0704908
0.0707077
0.0708296
0.0708533
0.0707771
0.0706
0.0703225
0.0699455
0.0694701
0.0689125
0.0682731
0.067547
0.0667292
0.0658157
0.0648039
0.0636926
0.0624816
0.0611711
0.0597619
0.0582548
0.0566498
0.0549459
0.0531417
0.00318498
0.00304344
0.00281825
0.00255064
0.002292
0.0020727
0.00190063
0.0017718
0.00167818
0.00161144
0.0015643
0.00153091
0.00150685
0.00148903
0.00147563
0.00146603
0.00146083
0.00146186
0.00147214
0.001496
0.0015391
0.00160847
0.00171255
0.00186085
0.00206324
0.00232843
0.0026616
0.00306181
0.00351984
0.00401729
0.00452605
0.00500664
0.00540408
0.00564512
0.00564717
0.00535379
0.00479552
0.00412537
0.00356257
0.00328577
0.00339779
0.00397262
0.00509967
0.00688126
0.00939281
0.0126323
0.0164877
0.0207427
0.0251174
0.0293246
0.0331176
0.036321
0.038843
0.0406775
0.0418999
0.0426612
0.0431788
0.0437178
0.0445531
0.0459071
0.047876
0.0503864
0.0532227
0.0561181
0.0587848
0.0611362
0.0631836
0.0649584
0.0664926
0.0678224
0.068981
0.0699946
0.0708814
0.0716531
0.0723161
0.0728727
0.0733231
0.0736658
0.0738987
0.0740199
0.0740282
0.0739232
0.0737057
0.0733782
0.0729445
0.0724106
0.0717843
0.0710828
0.0702983
0.0694245
0.0684569
0.0673928
0.0662315
0.0649734
0.0636199
0.0621729
0.0606346
0.0590063
0.0572886
0.0554807
0.00258519
0.00292054
0.00327263
0.00360927
0.0039095
0.00416518
0.0043738
0.00453328
0.00464161
0.00469751
0.00470069
0.00465205
0.00455387
0.00440993
0.0042254
0.00400703
0.0037622
0.00349898
0.0032259
0.00295166
0.00268489
0.00243393
0.00220675
0.00201102
0.00185442
0.00174522
0.00169321
0.00171081
0.00181398
0.00202149
0.00235028
0.00280458
0.00336003
0.00395092
0.00447048
0.00479081
0.00480811
0.00451194
0.00403334
0.00359737
0.00340853
0.0035993
0.00426759
0.00551817
0.00745737
0.010149
0.0135616
0.0175431
0.0218407
0.0261582
0.0302181
0.0338053
0.036786
0.0391105
0.0408091
0.0419859
0.0428113
0.0435084
0.0443258
0.0454929
0.0471634
0.0493706
0.0520238
0.0549481
0.057944
0.0607814
0.0633825
0.0657248
0.0677762
0.0695517
0.0710809
0.0723942
0.0735183
0.0744741
0.0752764
0.0759354
0.0764569
0.0768443
0.0770994
0.0772231
0.0772163
0.0770807
0.0768187
0.0764343
0.0759339
0.0753268
0.0746274
0.0738625
0.0730181
0.0720861
0.0710614
0.0699416
0.0687261
0.0674163
0.0660144
0.0645236
0.0629475
0.0612894
0.0595516
0.0577356
0.000563242
0.00076417
0.000997864
0.00126851
0.00156556
0.00187896
0.00220292
0.00253326
0.00286553
0.00319505
0.00351718
0.00382735
0.00412119
0.00439513
0.00464292
0.00483714
0.00497375
0.00505055
0.00506735
0.00502614
0.00493069
0.00478725
0.00460333
0.00438735
0.00414833
0.00389545
0.00363767
0.00338363
0.00314154
0.00291917
0.00272389
0.00256269
0.00244215
0.00236816
0.00234529
0.0023756
0.0024568
0.00257968
0.00272563
0.00286781
0.00298627
0.00310301
0.00330862
0.00374081
0.0045427
0.00584273
0.0077426
0.010294
0.0134717
0.0171607
0.0211667
0.0252503
0.0291709
0.0327273
0.0357843
0.0382855
0.0402536
0.0417832
0.0430288
0.0441873
0.0454763
0.047104
0.0492327
0.0519361
0.0551698
0.0587746
0.0625397
0.066269
0.0696147
0.0725456
0.0750626
0.0771883
0.0789604
0.0804195
0.0816023
0.0825395
0.0832545
0.0837652
0.0840845
0.0842221
0.0841855
0.0839812
0.0836151
0.0830938
0.0824241
0.0816141
0.0806727
0.0796188
0.0784923
0.0772907
0.07601
0.0746479
0.0732044
0.071681
0.070081
0.0684085
0.0666685
0.064866
0.0630062
0.0610949
0.00121116
0.00123193
0.00124702
0.00124622
0.00123823
0.00122785
0.00121532
0.0012022
0.00119142
0.00118655
0.00119099
0.00120759
0.00123792
0.00127982
0.00129795
0.00128382
0.00141151
0.00164975
0.00195599
0.00230216
0.00266744
0.00300117
0.00327945
0.00349289
0.00363787
0.003717
0.00373625
0.00370364
0.00362836
0.00352017
0.00338901
0.00324479
0.00309721
0.0029555
0.00282819
0.00272274
0.00264524
0.00260013
0.00259009
0.00261589
0.00267645
0.00277042
0.00290414
0.00310985
0.00346261
0.00407333
0.00506365
0.00654344
0.00859159
0.011234
0.0144249
0.0180416
0.0219011
0.0257928
0.0295167
0.0329156
0.0358949
0.0384293
0.0405611
0.0423924
0.0440735
0.0457892
0.0477386
0.0501052
0.0530182
0.0565122
0.0605063
0.064815
0.0691865
0.0734048
0.0772793
0.0806316
0.0834805
0.0858584
0.0878098
0.0893806
0.0906126
0.0915412
0.0921951
0.092597
0.0927644
0.0927115
0.0924496
0.0919884
0.0913361
0.0905006
0.0894894
0.0883097
0.0869686
0.0855128
0.0839699
0.0823467
0.080649
0.0788828
0.0770545
0.0751706
0.0732384
0.0712653
0.0692585
0.0672263
0.00120013
0.00119201
0.00118638
0.00118085
0.00117394
0.00116876
0.00116568
0.001164
0.00116323
0.00116348
0.00116529
0.00116965
0.00117835
0.00119453
0.00122153
0.0012583
0.00130304
0.00135549
0.00142037
0.00150289
0.00157129
0.00127639
0.00133573
0.00160537
0.00196703
0.00233059
0.0026516
0.00290851
0.00309524
0.00321449
0.00327339
0.00328112
0.00324784
0.00318401
0.00310014
0.00300632
0.002912
0.00282567
0.00275479
0.00270578
0.00268444
0.00269637
0.00274832
0.00285182
0.0030326
0.00334415
0.00387301
0.00472628
0.00601129
0.0078155
0.0101853
0.0131055
0.0164891
0.020186
0.02401
0.0277739
0.0313221
0.0345515
0.0374212
0.0399527
0.0422249
0.0443657
0.0465395
0.048929
0.0517072
0.0550009
0.0588527
0.0631986
0.0678754
0.0726626
0.0773309
0.0816898
0.0856288
0.088991
0.0918127
0.094136
0.0960088
0.0974774
0.0985831
0.099361
0.0998401
0.100044
0.0999912
0.0996975
0.0991755
0.098436
0.097489
0.0963434
0.0950085
0.0934936
0.0918291
0.090059
0.0881962
0.0862529
0.08424
0.0821683
0.0800486
0.0778913
0.0757065
0.0735049
0.00131923
0.00131155
0.00130088
0.00128758
0.00127349
0.00126078
0.00124978
0.00124119
0.00123625
0.00123686
0.00124566
0.00126596
0.00130175
0.0013575
0.00143818
0.00154918
0.00169602
0.00188378
0.0021165
0.00239711
0.00272638
0.00308146
0.00342557
0.00369802
0.00365409
0.00261753
0.00227278
0.00235064
0.00256593
0.00279269
0.00298061
0.00311347
0.00319055
0.00321782
0.00320396
0.00315866
0.00309189
0.00301332
0.00293211
0.00285672
0.00279512
0.00275501
0.0027447
0.00277437
0.0028592
0.00302621
0.00332485
0.00383303
0.00465006
0.0058797
0.00761051
0.00989375
0.0127221
0.0160186
0.019645
0.0234282
0.0271946
0.0308009
0.0341535
0.0372162
0.0400116
0.0426152
0.0451474
0.0477601
0.0506163
0.0538622
0.0575936
0.0618265
0.0664854
0.0714156
0.0764174
0.0812879
0.0858561
0.0899954
0.0936494
0.0967298
0.0992808
0.101348
0.102978
0.104212
0.105089
0.105639
0.105888
0.105859
0.105569
0.105033
0.104264
0.103272
0.102067
0.100658
0.0990561
0.0972761
0.0953663
0.0933456
0.0912292
0.0890324
0.0867698
0.0844559
0.0821046
0.07973
0.00134473
0.00133689
0.00132369
0.00131008
0.00129809
0.00129064
0.00129042
0.00130182
0.00133102
0.00138583
0.00147522
0.00160857
0.00179478
0.00204133
0.00235336
0.00273299
0.00317906
0.00368743
0.00425196
0.00486608
0.00552442
0.00622096
0.0069412
0.00764681
0.00824712
0.00853356
0.00816374
0.00647577
0.00480867
0.00399539
0.00370826
0.0036246
0.00359562
0.00356497
0.00351546
0.00344504
0.00335735
0.00325806
0.00315368
0.00305091
0.00295655
0.00287755
0.00282144
0.00279708
0.00281628
0.00289693
0.00306967
0.00338685
0.00392722
0.00478906
0.00607443
0.00786858
0.0102163
0.0131001
0.0164334
0.0200738
0.0238538
0.0276151
0.0312354
0.0346424
0.0378193
0.0408024
0.0436743
0.0465536
0.0495779
0.0528824
0.0565731
0.0607003
0.0652425
0.0701059
0.0751418
0.0801757
0.0850385
0.0895892
0.0937269
0.0973887
0.100559
0.103203
0.105359
0.107072
0.108382
0.109325
0.109932
0.11023
0.110241
0.109983
0.109472
0.108721
0.107741
0.10654
0.105127
0.103511
0.1017
0.0997323
0.0976342
0.0954225
0.0931143
0.0907273
0.0882789
0.0857867
0.00141491
0.00140844
0.00139691
0.00139058
0.0014005
0.00144138
0.00153161
0.00169326
0.00194848
0.00231542
0.00280444
0.00341553
0.00413839
0.0049548
0.00584227
0.00677742
0.00773862
0.00870742
0.00966937
0.0106141
0.0115355
0.0124311
0.0133
0.014136
0.0149176
0.0155905
0.0159769
0.0157257
0.0143126
0.011742
0.00902324
0.00709741
0.00595732
0.00525706
0.00476769
0.00438703
0.00407303
0.00380657
0.00357751
0.00337999
0.00321114
0.00307042
0.00295963
0.00288295
0.0028478
0.00286644
0.00295985
0.00316471
0.00354142
0.00417562
0.00516904
0.00662181
0.00860895
0.011154
0.0142113
0.0176683
0.0213717
0.0251617
0.0289032
0.0325045
0.0359254
0.0391759
0.0423108
0.04542
0.0486146
0.0520089
0.0556992
0.0597429
0.0641439
0.0688481
0.073752
0.0787206
0.0836103
0.0882888
0.0926488
0.0966142
0.10014
0.103204
0.105813
0.107978
0.10971
0.111049
0.112029
0.112679
0.113025
0.113089
0.112887
0.112436
0.111746
0.110828
0.10969
0.108337
0.106777
0.105013
0.103074
0.100984
0.0987621
0.0964248
0.0939912
0.0914811
0.00147428
0.00148351
0.00151913
0.00163594
0.00189593
0.00235768
0.00306109
0.00401473
0.00519139
0.00653834
0.00799343
0.00949771
0.0110021
0.0124695
0.0138736
0.0151978
0.0164331
0.0175767
0.0186309
0.019603
0.0205043
0.0213499
0.0221608
0.0229229
0.0235781
0.024036
0.0241942
0.023903
0.0229316
0.0210118
0.0180522
0.0145207
0.01135
0.00906194
0.00750957
0.00639329
0.00553696
0.00486333
0.00433302
0.00391737
0.00359265
0.00334021
0.00314728
0.00300689
0.002918
0.00288583
0.00292402
0.00305943
0.00333976
0.00383907
0.00465429
0.00589106
0.00764095
0.00995217
0.012805
0.0161075
0.0197175
0.0234787
0.0272535
0.0309435
0.0344972
0.03791
0.0412183
0.0444899
0.0478121
0.0512766
0.0549627
0.0589217
0.0631656
0.0676628
0.0723423
0.077105
0.0818383
0.0864317
0.0907879
0.0948305
0.0985063
0.101784
0.104651
0.10711
0.109171
0.110855
0.112187
0.113187
0.113871
0.114266
0.114391
0.114265
0.113901
0.113311
0.112501
0.111479
0.110248
0.10881
0.107168
0.105337
0.103339
0.101188
0.0989019
0.0964975
0.00159691
0.0018889
0.00255238
0.00373193
0.00543536
0.00752912
0.00983649
0.0122053
0.014526
0.0167291
0.0187757
0.0206471
0.0223378
0.0238504
0.0251921
0.0263738
0.0274084
0.0283112
0.0290994
0.0297928
0.0304155
0.0309446
0.0313442
0.031594
0.0316825
0.0315779
0.0312205
0.0305113
0.0293044
0.027418
0.0246991
0.0211861
0.0173078
0.0137788
0.011046
0.00903271
0.0074872
0.0062602
0.00529669
0.00456266
0.00401744
0.00361782
0.0033275
0.00312114
0.00298476
0.00291467
0.00291774
0.00301432
0.00324475
0.00367589
0.00440108
0.00552847
0.00715813
0.00934965
0.012093
0.0153026
0.0188405
0.022555
0.0263129
0.0300185
0.0336198
0.0371063
0.0405032
0.0438621
0.0472502
0.0507379
0.0543862
0.0582352
0.0622964
0.0665499
0.0709466
0.0754154
0.0798725
0.084232
0.0884141
0.0923517
0.0959933
0.0993037
0.102263
0.104865
0.107111
0.109013
0.110585
0.111845
0.112811
0.113502
0.113935
0.114128
0.114093
0.113842
0.113384
0.112722
0.111862
0.110806
0.109552
0.108097
0.106446
0.104612
0.102605
0.100436
0.00306566
0.00558528
0.00890294
0.0125805
0.0162437
0.0196798
0.0228011
0.0255828
0.0280285
0.030156
0.0319888
0.0335519
0.0348706
0.035969
0.0368697
0.0375943
0.0381632
0.0385962
0.0389129
0.0390996
0.0391324
0.0390198
0.0387684
0.0383764
0.037831
0.0371028
0.0361408
0.0348655
0.0331682
0.0309233
0.0280316
0.0245102
0.0206072
0.0168002
0.0135526
0.0109971
0.00897068
0.00731084
0.00597778
0.00497047
0.00425041
0.00374865
0.00340042
0.00316068
0.00300422
0.00292114
0.00291479
0.00300317
0.00322481
0.00364547
0.00435921
0.00547707
0.00710164
0.00929009
0.0120242
0.0152099
0.0187066
0.0223694
0.0260769
0.0297444
0.0333264
0.0368128
0.0402228
0.0435957
0.046982
0.0504334
0.0539939
0.0576918
0.0615349
0.0655091
0.0695799
0.0736972
0.0778008
0.0818275
0.0857162
0.0894131
0.0928743
0.0960669
0.0989691
0.101569
0.103864
0.105857
0.107557
0.108976
0.110127
0.111026
0.111688
0.112127
0.112358
0.112393
0.112241
0.111911
0.111408
0.110734
0.109889
0.108867
0.107658
0.106251
0.104648
0.102844
0.0126991
0.0184852
0.0237333
0.0283139
0.0322085
0.0354649
0.0381558
0.0403567
0.0421368
0.0435561
0.0446654
0.0455073
0.0461169
0.0465231
0.0467495
0.0468143
0.046731
0.0464988
0.0461068
0.0455673
0.044892
0.0440871
0.0431521
0.0420782
0.0408454
0.03942
0.0377518
0.0357734
0.0334064
0.0305773
0.027252
0.0234815
0.0196847
0.0162332
0.0133367
0.010963
0.00897294
0.00729036
0.00592824
0.00490478
0.00418324
0.00368949
0.00335366
0.00312844
0.00298828
0.00292416
0.00294112
0.00305977
0.00332192
0.00379652
0.00457936
0.00578038
0.00749511
0.00976714
0.0125663
0.0158075
0.0192953
0.022896
0.0265212
0.0301058
0.0336151
0.0370407
0.0403977
0.0437162
0.047033
0.0503845
0.0538002
0.0572983
0.0608827
0.0645425
0.0682534
0.0719804
0.075682
0.0793134
0.0828308
0.086194
0.0893688
0.0923281
0.095052
0.0975278
0.0997494
0.101716
0.103431
0.104903
0.10614
0.107153
0.107955
0.108559
0.108976
0.109218
0.109297
0.109221
0.108998
0.108633
0.108128
0.107481
0.106683
0.105719
0.104569
0.103222
0.033173
0.0389868
0.0433299
0.0465807
0.0490058
0.0507954
0.0520867
0.0529805
0.0535521
0.0538577
0.0539399
0.0538299
0.05355
0.0531142
0.0525285
0.0517882
0.0508971
0.0498656
0.0487047
0.047419
0.0460078
0.0444645
0.0427755
0.0409197
0.0388688
0.0365886
0.0340457
0.0312209
0.0281321
0.0248599
0.0215575
0.0184178
0.0156062
0.0131764
0.0110868
0.00926886
0.00768376
0.0063384
0.00526004
0.00445391
0.00388464
0.0034953
0.00323505
0.00307089
0.00298727
0.00298299
0.00307065
0.00327924
0.00365892
0.00428377
0.0052471
0.00664493
0.00854655
0.0109637
0.0138391
0.0170608
0.0204759
0.0239771
0.0274922
0.0309781
0.0344241
0.0377607
0.0410161
0.0442222
0.0474074
0.0505972
0.0538113
0.0570604
0.0603458
0.0636591
0.0669833
0.070295
0.0735661
0.0767667
0.079867
0.082839
0.085658
0.0883038
0.0907605
0.0930171
0.0950669
0.0969073
0.0985392
0.0999663
0.101195
0.102232
0.103087
0.10377
0.104291
0.104661
0.104889
0.104987
0.104962
0.104822
0.104572
0.104215
0.103748
0.103161
0.102431
0.101533
0.0595609
0.0599397
0.0602673
0.0604406
0.0604223
0.0602091
0.0598128
0.059251
0.0585406
0.0576958
0.0567264
0.0556369
0.0544243
0.053074
0.0516058
0.0500354
0.048363
0.0465852
0.0446959
0.0426871
0.0405493
0.0382731
0.0358521
0.033287
0.0305924
0.0278022
0.0249739
0.0221854
0.0195225
0.0170588
0.0148387
0.0128716
0.0111395
0.00960939
0.00824978
0.00704392
0.00599457
0.0051171
0.00442366
0.00390856
0.00354702
0.00330731
0.00316383
0.00310288
0.00312311
0.00323515
0.00346289
0.00384593
0.00444139
0.00532169
0.00656505
0.00823715
0.010367
0.0129298
0.0158489
0.0190164
0.02232
0.0256783
0.0290363
0.0323601
0.0356327
0.0388382
0.0420016
0.0450785
0.0480886
0.0510659
0.0540285
0.0569853
0.0599369
0.0628778
0.065797
0.0686794
0.0715074
0.074262
0.0769241
0.0794757
0.0819005
0.0841848
0.0863172
0.0882897
0.0900968
0.0917356
0.093206
0.0945096
0.0956502
0.0966329
0.0974639
0.0981508
0.0987015
0.0991246
0.0994291
0.099624
0.0997184
0.0997209
0.099639
0.0994785
0.0992421
0.0989273
0.0985233
0.0979972
0.0629879
0.0627518
0.0621653
0.0612856
0.0601666
0.0588567
0.0573952
0.0558102
0.054119
0.052328
0.0504336
0.0484599
0.0464307
0.0443648
0.04225
0.0400789
0.0378485
0.0355608
0.033223
0.0308484
0.0284564
0.0260733
0.0237303
0.0214617
0.0193012
0.017278
0.0154134
0.0137188
0.0121951
0.0108343
0.00962147
0.00853874
0.0075689
0.0066987
0.00592154
0.00523853
0.00465669
0.00418413
0.00382401
0.00357146
0.00341572
0.00334615
0.00335755
0.00345294
0.00364454
0.00395468
0.00441667
0.00507509
0.00598363
0.00719916
0.00877061
0.0107245
0.0130515
0.0157038
0.0186045
0.0216671
0.0248131
0.0279847
0.0311424
0.0342622
0.0373318
0.0403473
0.0433178
0.0462502
0.049061
0.0517895
0.0544636
0.0570954
0.0596883
0.0622406
0.0647462
0.0671969
0.0695825
0.0718922
0.0741148
0.07624
0.078258
0.0801607
0.0819411
0.0835942
0.0851164
0.0865058
0.0877623
0.0888868
0.0898818
0.0907507
0.0914982
0.0921295
0.0926507
0.0930684
0.0933898
0.0936224
0.0937743
0.0938535
0.093868
0.0938254
0.0937319
0.0935908
0.0933996
0.0931346
0.0540709
0.0532833
0.0518739
0.0500692
0.0480134
0.0458041
0.043511
0.0411862
0.03887
0.0365943
0.034385
0.032235
0.0301399
0.0281016
0.0261248
0.024215
0.0223786
0.0206218
0.018951
0.0173719
0.0158897
0.0145082
0.0132296
0.0120543
0.0109808
0.0100054
0.00912267
0.00832587
0.00760736
0.00695943
0.00637495
0.0058483
0.00537599
0.00495729
0.00459436
0.00429169
0.00405491
0.00388893
0.00379667
0.00377923
0.00383771
0.00397581
0.00420197
0.00453068
0.00498297
0.00558655
0.006375
0.00738575
0.00865593
0.0102161
0.0120821
0.014248
0.0166829
0.0193349
0.0221415
0.0250412
0.0279821
0.0309257
0.0338459
0.0367268
0.0395609
0.0423467
0.0450888
0.0477954
0.0503664
0.0528141
0.0551729
0.0574596
0.0596816
0.0618409
0.0639364
0.0659648
0.0679218
0.0698023
0.0716011
0.0733132
0.0749339
0.0764593
0.0778861
0.0792119
0.0804354
0.0815558
0.0825736
0.08349
0.0843069
0.085027
0.0856538
0.0861912
0.0866438
0.0870166
0.0873151
0.0875453
0.0877134
0.0878262
0.0878907
0.0879141
0.0879031
0.0878633
0.0877962
0.0876951
0.0328612
0.0315622
0.0297828
0.0278961
0.0260441
0.0242826
0.0226315
0.021095
0.0196698
0.018349
0.0171249
0.0159887
0.0149327
0.0139499
0.0130348
0.0121824
0.0113889
0.0106508
0.00996528
0.00932984
0.00874223
0.00820032
0.00770206
0.00724539
0.00682827
0.00644868
0.00610472
0.00579473
0.00551743
0.00527214
0.00505892
0.00487885
0.00473409
0.00462795
0.00456482
0.00454988
0.00458874
0.00468726
0.00485156
0.00508866
0.00540726
0.00581874
0.00633763
0.00698184
0.0077722
0.00873158
0.00988312
0.0112477
0.0128404
0.0146668
0.0167192
0.018976
0.0214025
0.0239563
0.0265936
0.0292746
0.0319669
0.0346466
0.0372974
0.0399095
0.042478
0.0450013
0.0474812
0.0499224
0.0521857
0.0543162
0.0563399
0.0582729
0.0601247
0.0619003
0.0636021
0.0652308
0.0667863
0.0682676
0.0696735
0.0710029
0.0722547
0.073428
0.0745222
0.0755372
0.0764733
0.077331
0.0781115
0.0788165
0.079448
0.0800083
0.0805004
0.0809274
0.0812928
0.0816007
0.0818551
0.0820605
0.0822218
0.0823442
0.082433
0.0824942
0.0825337
0.0825571
0.082568
0.0825645
0.0152096
0.0144925
0.0137194
0.0129962
0.0123347
0.0117315
0.0111806
0.0106758
0.0102116
0.00978319
0.00938662
0.00901861
0.00867655
0.00835833
0.00806232
0.00778729
0.00753229
0.00729667
0.00707998
0.00688199
0.0067026
0.00654191
0.00640013
0.00627767
0.00617509
0.00609319
0.006033
0.0059959
0.00598362
0.00599836
0.00604286
0.00612043
0.00623502
0.00639126
0.00659442
0.00685045
0.00716594
0.0075482
0.00800539
0.00854668
0.0091824
0.00992411
0.0107843
0.0117762
0.0129125
0.0142049
0.0156621
0.0172884
0.0190823
0.0210349
0.0231296
0.0253437
0.0276495
0.030018
0.0324218
0.034837
0.0372447
0.039631
0.0419861
0.044304
0.0465814
0.0488175
0.0510144
0.053093
0.0550125
0.0568017
0.0584798
0.0600604
0.0615531
0.0629644
0.064299
0.0655601
0.0667502
0.0678712
0.0689246
0.0699118
0.0708339
0.0716922
0.072488
0.0732226
0.0738974
0.0745143
0.0750748
0.0755811
0.0760353
0.0764398
0.0767971
0.07711
0.0773813
0.0776142
0.0778119
0.0779777
0.0781154
0.0782287
0.0783216
0.0783986
0.0784641
0.0785227
0.0785779
0.07863
0.0137385
0.0134409
0.0131328
0.0128406
0.0125658
0.0123075
0.012065
0.0118377
0.011625
0.0114268
0.0112429
0.0110732
0.0109178
0.010777
0.010651
0.0105404
0.0104455
0.0103672
0.0103061
0.010263
0.0102392
0.0102356
0.0102536
0.0102947
0.0103606
0.0104533
0.0105747
0.0107275
0.0109143
0.0111383
0.0114027
0.0117116
0.0120691
0.0124798
0.0129488
0.0134815
0.0140836
0.0147614
0.0155212
0.0163697
0.0173134
0.0183589
0.0195119
0.0207774
0.0221585
0.0236564
0.0252692
0.026992
0.0288158
0.0307285
0.0327148
0.0347574
0.0368379
0.0389391
0.0410448
0.0431416
0.0452189
0.0472684
0.0492844
0.0512631
0.0532026
0.0551025
0.0569106
0.0585687
0.060096
0.0615071
0.0628147
0.064029
0.0651583
0.0662091
0.0671868
0.0680958
0.0689401
0.0697231
0.0704478
0.0711169
0.071733
0.0722986
0.0728158
0.0732871
0.0737146
0.0741005
0.0744469
0.0747561
0.0750303
0.0752718
0.0754829
0.0756659
0.0758233
0.0759575
0.0760712
0.0761667
0.076247
0.0763146
0.0763726
0.0764239
0.0764717
0.076519
0.0765678
0.0766209
0.0257668
0.0255906
0.0254013
0.0252152
0.0250344
0.0248596
0.0246918
0.0245317
0.0243804
0.024239
0.0241084
0.0239899
0.0238847
0.0237941
0.0237195
0.0236623
0.0236239
0.0236061
0.0236103
0.0236385
0.0236923
0.0237739
0.0238853
0.0240285
0.0242059
0.02442
0.0246731
0.024968
0.0253073
0.025694
0.0261309
0.0266211
0.0271676
0.0277736
0.0284419
0.0291758
0.0299779
0.0308508
0.0317969
0.032818
0.0339153
0.0350893
0.0363394
0.0376642
0.0390606
0.0405241
0.0420488
0.043627
0.0452496
0.0469066
0.0485869
0.0502794
0.0519731
0.053658
0.0553248
0.0569661
0.0585754
0.0601479
0.0616801
0.0631708
0.0646199
0.0659929
0.0672338
0.0683587
0.0693781
0.0703022
0.0711398
0.0718987
0.0725853
0.0732055
0.0737642
0.0742662
0.0747155
0.0751158
0.0754707
0.0757832
0.0760564
0.0762931
0.0764958
0.076667
0.0768091
0.0769243
0.0770148
0.0770827
0.0771301
0.0771589
0.0771712
0.0771689
0.077154
0.0771284
0.077094
0.077053
0.0770071
0.0769584
0.0769089
0.0768605
0.0768153
0.076775
0.0767411
0.0767146
0.042672
0.0427192
0.0428005
0.0428937
0.042993
0.0430977
0.0432081
0.0433252
0.0434498
0.0435828
0.0437255
0.0438789
0.0440442
0.0442227
0.0444159
0.0446251
0.0448519
0.0450978
0.0453646
0.0456538
0.0459673
0.0463068
0.0466741
0.0470711
0.0474996
0.0479614
0.0484582
0.0489917
0.0495635
0.050175
0.0508274
0.0515217
0.0522589
0.0530393
0.0538632
0.0547304
0.0556403
0.0565918
0.0575835
0.0586134
0.0596787
0.0607763
0.0619025
0.0630529
0.0642224
0.0654055
0.0665963
0.0677884
0.068975
0.0701495
0.0713052
0.0724358
0.0735351
0.0745979
0.0756192
0.0765948
0.0775215
0.0783968
0.0792201
0.0799936
0.0807101
0.0813168
0.08183
0.0822594
0.0826136
0.0829008
0.0831277
0.0833002
0.0834235
0.0835021
0.0835402
0.0835414
0.0835094
0.0834471
0.0833576
0.0832434
0.0831072
0.0829513
0.0827779
0.082589
0.0823866
0.0821726
0.0819487
0.0817167
0.0814781
0.0812345
0.0809876
0.0807387
0.0804894
0.0802412
0.0799955
0.0797537
0.0795172
0.0792875
0.0790658
0.0788535
0.0786516
0.078461
0.0782826
0.078117
0.0538274
0.0540614
0.0543932
0.0547593
0.0551429
0.0555405
0.0559519
0.0563776
0.0568182
0.0572747
0.0577479
0.0582385
0.0587476
0.0592759
0.0598246
0.0603944
0.0609863
0.0616013
0.0622402
0.0629038
0.063593
0.0643084
0.0650507
0.0658203
0.0666175
0.0674424
0.0682949
0.0691747
0.0700812
0.0710134
0.07197
0.0729494
0.0739495
0.0749679
0.0760017
0.0770478
0.0781024
0.0791615
0.0802209
0.0812759
0.0823216
0.083353
0.0843648
0.085352
0.0863092
0.0872316
0.0881143
0.0889526
0.0897423
0.0904797
0.0911611
0.0917836
0.0923445
0.0928416
0.0932729
0.0936369
0.0939325
0.0941602
0.0943226
0.0944248
0.0944461
0.0943852
0.0942564
0.0940696
0.0938337
0.0935562
0.093243
0.0928992
0.092529
0.0921362
0.0917239
0.0912949
0.0908518
0.0903968
0.0899322
0.0894597
0.0889813
0.0884986
0.088013
0.0875262
0.0870396
0.0865543
0.0860717
0.0855931
0.0851195
0.0846522
0.0841922
0.0837407
0.0832987
0.0828672
0.0824475
0.0820404
0.081647
0.0812683
0.0809053
0.0805587
0.0802293
0.0799176
0.0796243
0.0793502
0.000265558
0.000263713
0.000263248
0.000263605
0.000264501
0.000265736
0.000267177
0.00026873
0.000270335
0.000271948
0.000273543
0.000275101
0.000276609
0.000278059
0.000279443
0.000280757
0.000281997
0.000283162
0.000284247
0.000285252
0.000286174
0.000287012
0.000287766
0.000288433
0.000289013
0.000289507
0.000289912
0.00029023
0.00029046
0.000290602
0.000290657
0.000290624
0.000290504
0.000290297
0.000290002
0.000289621
0.000289152
0.000288595
0.000287949
0.000287214
0.000286387
0.000285469
0.000284457
0.000283348
0.000282141
0.000280834
0.000279422
0.000277905
0.000276278
0.000274539
0.000272684
0.000270711
0.000268617
0.000266399
0.000264055
0.000261582
0.000258979
0.000256244
0.000253377
0.000250377
0.000247245
0.00024398
0.000240586
0.000237063
0.000233414
0.000229642
0.00022575
0.000221741
0.000217618
0.000213386
0.000209047
0.000204604
0.000200059
0.000195413
0.000190666
0.000185818
0.000180867
0.000175808
0.000170637
0.000165346
0.000159927
0.000154368
0.000148657
0.000142777
0.000136709
0.000130434
0.000123925
0.000117154
0.000110087
0.000102686
9.49055e-05
8.66941e-05
7.79905e-05
6.87242e-05
5.88152e-05
4.81787e-05
3.67444e-05
2.45322e-05
1.19963e-05
1.97737e-06
0.00113005
0.00111706
0.00110899
0.00110381
0.00110041
0.00109804
0.00109618
0.00109449
0.00109272
0.00109069
0.00108828
0.00108539
0.00108196
0.00107792
0.00107323
0.00106786
0.00106175
0.0010549
0.00104727
0.00103884
0.0010296
0.00101954
0.00100866
0.000996951
0.000984438
0.000971139
0.000957085
0.000942318
0.000926891
0.000910868
0.000894322
0.000877337
0.000860006
0.000842428
0.000824707
0.000806952
0.000789268
0.00077176
0.000754529
0.000737666
0.000721253
0.000705362
0.000690052
0.000675367
0.000661341
0.000647993
0.000635331
0.000623353
0.000612046
0.000601391
0.000591361
0.000581928
0.000573055
0.000564706
0.000556844
0.000549429
0.000542423
0.000535788
0.000529486
0.00052348
0.000517735
0.000512216
0.000506889
0.000501722
0.000496682
0.000491737
0.000486856
0.000482008
0.00047716
0.000472281
0.000467338
0.000462298
0.000457124
0.000451781
0.000446229
0.000440426
0.000434328
0.000427886
0.000421048
0.000413779
0.000406022
0.000397715
0.00038879
0.000379173
0.000368779
0.000357516
0.000345276
0.00033194
0.000317367
0.000301394
0.000283829
0.000264439
0.000242942
0.000218985
0.000192123
0.000161789
0.000127248
8.77301e-05
4.34025e-05
5.02263e-06
0.00227236
0.0022255
0.00218985
0.00216138
0.00213754
0.00211645
0.00209662
0.00207691
0.00205645
0.0020345
0.0020105
0.00198397
0.00195451
0.00192182
0.00188564
0.00184582
0.00180229
0.00175509
0.00170437
0.00165045
0.00159376
0.00153492
0.00147464
0.00141377
0.0013532
0.00129384
0.00123653
0.00118204
0.00113096
0.0010837
0.00104051
0.00100145
0.000966433
0.000935268
0.000907672
0.000883321
0.00086187
0.000842974
0.000826306
0.000811564
0.000798475
0.0007868
0.000776327
0.000766876
0.000758291
0.000750441
0.000743214
0.000736514
0.000730263
0.000724392
0.000718843
0.000713569
0.000708528
0.000703684
0.000699007
0.00069447
0.000690049
0.000685724
0.000681474
0.000677281
0.000673129
0.000668999
0.000664873
0.000660736
0.000656565
0.000652343
0.000648046
0.00064365
0.000639129
0.000634454
0.00062959
0.000624503
0.000619153
0.000613495
0.000607481
0.000601058
0.000594166
0.000586742
0.000578716
0.000570009
0.000560539
0.000550213
0.000538929
0.000526578
0.000513037
0.000498171
0.000481829
0.00046384
0.00044401
0.000422114
0.000397884
0.000371001
0.000341074
0.000307617
0.000270015
0.000227484
0.000179212
0.000124229
6.2384e-05
7.07392e-06
0.0035232
0.00343869
0.00336501
0.00329807
0.00323488
0.00317288
0.00310995
0.00304431
0.00297452
0.00289948
0.00281837
0.00273073
0.00263647
0.00253589
0.00242974
0.00231919
0.00220586
0.00209169
0.00197884
0.00186953
0.00176578
0.00166932
0.00158137
0.00150261
0.0014332
0.00137282
0.00132084
0.00127639
0.00123853
0.0012063
0.00117879
0.0011552
0.00113482
0.00111705
0.00110139
0.00108744
0.00107486
0.00106339
0.0010528
0.00104292
0.00103361
0.00102475
0.00101626
0.00100806
0.00100009
0.000992302
0.000984649
0.000977102
0.000969632
0.000962218
0.000954839
0.000947481
0.000940129
0.000932775
0.000925406
0.000918016
0.000910598
0.000903145
0.00089565
0.000888109
0.000880514
0.000872858
0.000865134
0.000857331
0.00084944
0.000841448
0.000833338
0.000825095
0.000816695
0.000808116
0.000799329
0.000790301
0.000780995
0.00077137
0.000761377
0.000750963
0.000740068
0.000728626
0.000716563
0.000703798
0.00069024
0.000675791
0.000660341
0.000643769
0.000625941
0.000606709
0.000585904
0.000563337
0.00053879
0.000512009
0.000482694
0.000450482
0.000414924
0.00037545
0.000331324
0.000281567
0.000224852
0.000159417
8.36536e-05
8.8718e-06
0.00470235
0.00458779
0.00448215
0.00438211
0.00428498
0.00418835
0.00409016
0.00398874
0.00388285
0.00377167
0.00365483
0.00353242
0.00340498
0.00327351
0.00313938
0.0030043
0.00287017
0.00273897
0.00261257
0.00249262
0.00238043
0.00227687
0.00218236
0.00209696
0.00202033
0.00195193
0.00189104
0.00183684
0.00178853
0.00174533
0.00170651
0.00167144
0.00163954
0.00161035
0.00158343
0.00155844
0.00153509
0.00151311
0.00149229
0.00147246
0.00145345
0.00143514
0.00141741
0.00140016
0.0013833
0.00136676
0.00135047
0.00133438
0.00131843
0.00130259
0.00128681
0.00127107
0.00125535
0.0012396
0.00122383
0.00120801
0.00119214
0.0011762
0.00116019
0.00114411
0.00112796
0.00111173
0.00109543
0.00107905
0.00106261
0.00104609
0.0010295
0.00101284
0.000996103
0.000979281
0.000962363
0.000945335
0.000928178
0.000910866
0.000893368
0.000875645
0.000857652
0.000839335
0.000820629
0.000801462
0.000781748
0.000761392
0.000740284
0.000718299
0.000695296
0.000671118
0.000645582
0.000618483
0.000589586
0.000558615
0.000525246
0.000489092
0.000449672
0.000406384
0.00035844
0.000304779
0.000243933
0.000173876
9.25857e-05
1.09177e-05
0.0058048
0.00567143
0.00555203
0.00544234
0.00533924
0.00524003
0.0051424
0.00504449
0.00494482
0.0048423
0.0047362
0.00462614
0.00451205
0.00439414
0.00427289
0.004149
0.00402337
0.00389698
0.00377094
0.00364632
0.00352418
0.00340545
0.00329095
0.0031813
0.00307698
0.00297826
0.00288528
0.002798
0.00271629
0.00263994
0.00256864
0.00250208
0.0024399
0.00238174
0.00232725
0.0022761
0.00222794
0.00218248
0.00213942
0.0020985
0.00205948
0.00202212
0.00198623
0.0019516
0.00191807
0.00188548
0.00185369
0.00182257
0.001792
0.00176189
0.00173213
0.00170266
0.00167339
0.00164427
0.00161525
0.00158629
0.00155735
0.00152841
0.00149945
0.00147045
0.00144141
0.00141233
0.00138321
0.00135407
0.0013249
0.00129573
0.00126657
0.00123743
0.00120833
0.00117929
0.00115031
0.0011214
0.00109258
0.00106384
0.00103518
0.00100658
0.000978023
0.000949483
0.000920919
0.000892283
0.000863511
0.00083453
0.000805248
0.000775559
0.000745339
0.000714442
0.000682699
0.000649914
0.000615859
0.000580265
0.000542814
0.000503124
0.000460725
0.000415021
0.000365243
0.00031035
0.000248886
0.000178813
9.79465e-05
1.35016e-05
0.00686863
0.00672422
0.00660247
0.00649677
0.00640278
0.00631691
0.00623622
0.00615832
0.00608132
0.00600372
0.00592437
0.00584242
0.00575726
0.00566847
0.00557583
0.00547927
0.00537884
0.00527475
0.00516727
0.00505679
0.00494379
0.00482878
0.00471236
0.00459514
0.00447773
0.00436077
0.00424486
0.00413056
0.00401839
0.00390879
0.00380216
0.0036988
0.00359894
0.00350273
0.00341026
0.00332156
0.00323658
0.00315524
0.0030774
0.00300291
0.00293158
0.00286321
0.00279757
0.00273446
0.00267363
0.00261489
0.002558
0.00250276
0.00244899
0.00239649
0.0023451
0.00229465
0.00224502
0.00219607
0.0021477
0.0020998
0.00205229
0.0020051
0.00195818
0.00191147
0.00186496
0.00181862
0.00177243
0.0017264
0.00168052
0.00163481
0.00158929
0.00154398
0.00149889
0.00145406
0.00140951
0.00136526
0.00132134
0.00127777
0.00123455
0.00119171
0.00114923
0.00110713
0.00106537
0.00102394
0.000982796
0.00094189
0.000901159
0.000860521
0.000819877
0.000779107
0.000738068
0.000696587
0.000654459
0.000611441
0.000567239
0.000521496
0.000473774
0.000423525
0.000370044
0.000312397
0.000249304
0.000178999
9.9705e-05
1.61782e-05
0.0079797
0.007825
0.00770079
0.00759808
0.00751125
0.00743581
0.0073682
0.00730561
0.00724582
0.00718711
0.00712814
0.00706788
0.00700552
0.00694043
0.00687214
0.0068003
0.00672463
0.00664494
0.0065611
0.00647306
0.00638081
0.0062844
0.00618395
0.00607963
0.00597166
0.00586033
0.00574598
0.00562901
0.00550984
0.00538897
0.00526688
0.00514409
0.00502115
0.00489855
0.0047768
0.00465635
0.00453763
0.00442099
0.00430675
0.00419515
0.00408637
0.00398053
0.00387769
0.00377786
0.003681
0.00358703
0.00349583
0.00340727
0.00332117
0.00323739
0.00315572
0.00307601
0.00299805
0.0029217
0.00284677
0.00277313
0.00270063
0.00262916
0.00255859
0.00248884
0.00241984
0.0023515
0.00228379
0.00221665
0.00215008
0.00208404
0.00201853
0.00195355
0.0018891
0.00182519
0.00176184
0.00169907
0.00163689
0.00157532
0.00151437
0.00145405
0.00139438
0.00133537
0.001277
0.00121928
0.0011622
0.00110572
0.00104981
0.000994435
0.000939532
0.000885026
0.000830824
0.000776808
0.000722832
0.000668715
0.000614234
0.000559102
0.000502962
0.000445348
0.00038565
0.000323049
0.000256404
0.000184119
0.000104572
1.95284e-05
0.00918441
0.00901737
0.00888679
0.00878178
0.00869566
0.00862321
0.00856037
0.00850399
0.00845165
0.00840148
0.00835203
0.0083022
0.00825113
0.00819817
0.00814278
0.00808454
0.00802312
0.00795823
0.00788963
0.00781713
0.00774056
0.00765978
0.00757468
0.00748518
0.00739122
0.0072928
0.00718995
0.00708273
0.00697125
0.0068557
0.00673628
0.00661327
0.006487
0.00635783
0.00622619
0.00609252
0.0059573
0.00582102
0.00568419
0.00554728
0.00541078
0.00527511
0.00514068
0.00500783
0.00487688
0.00474805
0.00462154
0.00449748
0.00437595
0.00425698
0.00414057
0.00402667
0.00391521
0.0038061
0.00369923
0.00359447
0.00349172
0.00339083
0.00329168
0.00319416
0.00309815
0.00300356
0.00291028
0.00281823
0.00272735
0.00263756
0.00254881
0.00246106
0.00237427
0.00228841
0.00220344
0.00211936
0.00203615
0.0019538
0.0018723
0.00179165
0.00171184
0.00163287
0.00155475
0.00147748
0.00140105
0.00132547
0.00125073
0.00117683
0.00110376
0.0010315
0.000960021
0.000889288
0.000819243
0.000749807
0.000680867
0.000612265
0.000543781
0.000475108
0.000405816
0.0003353
0.00026269
0.000186751
0.000106389
2.29985e-05
0.0104995
0.0103176
0.0101767
0.0100643
0.00997309
0.00989718
0.00983215
0.00977457
0.00972183
0.00967194
0.00962336
0.00957495
0.0095258
0.00947524
0.00942273
0.00936783
0.00931022
0.00924959
0.00918571
0.00911837
0.00904737
0.00897255
0.00889374
0.0088108
0.00872362
0.00863206
0.00853604
0.00843549
0.00833034
0.00822059
0.00810624
0.00798734
0.00786399
0.00773632
0.00760451
0.0074688
0.00732946
0.00718683
0.00704127
0.00689319
0.00674302
0.00659123
0.00643827
0.00628462
0.00613073
0.00597705
0.00582399
0.00567192
0.00552118
0.00537205
0.00522478
0.00507957
0.00493655
0.00479583
0.00465747
0.00452149
0.0043879
0.00425666
0.00412772
0.004001
0.00387644
0.00375393
0.00363337
0.00351468
0.00339776
0.00328249
0.0031688
0.00305659
0.00294577
0.00283626
0.00272799
0.00262089
0.0025149
0.00240997
0.00230605
0.0022031
0.0021011
0.00200002
0.00189985
0.00180059
0.00170224
0.00160482
0.00150835
0.00141285
0.00131837
0.00122495
0.00113264
0.0010415
0.000951565
0.0008629
0.000775539
0.0006895
0.000604765
0.000521258
0.000438815
0.000357135
0.000275699
0.000193679
0.000110417
2.69019e-05
0.0119157
0.0117168
0.0115624
0.011439
0.0113385
0.0112546
0.0111825
0.0111186
0.0110602
0.011005
0.0109515
0.0108985
0.010845
0.0107902
0.0107337
0.010675
0.0106138
0.0105498
0.0104827
0.0104123
0.0103385
0.0102611
0.0101799
0.0100949
0.0100058
0.00991261
0.00981517
0.0097134
0.00960719
0.00949649
0.00938123
0.00926139
0.00913695
0.00900794
0.00887442
0.00873647
0.00859422
0.00844785
0.00829756
0.00814361
0.00798629
0.00782595
0.00766293
0.00749764
0.0073305
0.00716193
0.00699237
0.00682225
0.006652
0.00648201
0.00631266
0.00614431
0.00597724
0.00581174
0.00564801
0.00548626
0.0053266
0.00516915
0.00501397
0.00486108
0.00471049
0.00456215
0.00441603
0.00427205
0.00413012
0.00399015
0.00385203
0.00371565
0.00358089
0.00344766
0.00331582
0.00318528
0.00305594
0.00292771
0.0028005
0.00267425
0.0025489
0.0024244
0.00230073
0.00217786
0.00205581
0.0019346
0.00181426
0.00169485
0.00157646
0.00145919
0.00134315
0.0012285
0.0011154
0.00100405
0.000894653
0.000787446
0.000682662
0.000580533
0.000481263
0.000384993
0.000291735
0.000201285
0.00011369
3.10034e-05
0.0134205
0.013203
0.0130326
0.0128953
0.0127823
0.0126869
0.0126043
0.0125304
0.0124624
0.012398
0.0123355
0.0122736
0.0122113
0.0121478
0.0120827
0.0120153
0.0119454
0.0118726
0.0117968
0.0117177
0.0116352
0.0115491
0.0114593
0.0113657
0.0112681
0.0111665
0.0110608
0.0109508
0.0108366
0.0107181
0.0105951
0.0104678
0.010336
0.0101997
0.0100591
0.00991416
0.00976492
0.00961152
0.00945411
0.00929285
0.00912795
0.00895966
0.00878825
0.00861403
0.00843732
0.00825849
0.00807789
0.00789591
0.00771294
0.00752937
0.00734556
0.00716189
0.00697868
0.00679626
0.0066149
0.00643485
0.00625632
0.00607949
0.00590447
0.00573137
0.00556024
0.0053911
0.00522396
0.00505877
0.00489548
0.00473401
0.00457426
0.00441612
0.00425947
0.00410421
0.00395019
0.0037973
0.00364543
0.00349446
0.00334429
0.00319483
0.00304602
0.00289778
0.00275009
0.00260293
0.00245629
0.00231022
0.00216475
0.00201999
0.00187603
0.00173303
0.00159119
0.00145072
0.00131191
0.00117509
0.00104065
0.000909035
0.000780768
0.00065644
0.00053671
0.000422293
0.00031392
0.000212256
0.000118294
3.53602e-05
0.0150029
0.014765
0.0145767
0.0144231
0.0142949
0.0141854
0.0140892
0.0140023
0.0139216
0.0138448
0.01377
0.013696
0.0136215
0.0135459
0.0134684
0.0133887
0.0133063
0.013221
0.0131325
0.0130406
0.0129451
0.012846
0.012743
0.0126362
0.0125253
0.0124104
0.0122914
0.0121682
0.0120408
0.0119092
0.0117733
0.0116332
0.0114888
0.0113402
0.0111874
0.0110306
0.0108697
0.010705
0.0105366
0.0103646
0.0101892
0.0100107
0.0098292
0.00964508
0.00945858
0.00927001
0.00907967
0.00888789
0.00869499
0.00850131
0.00830715
0.00811284
0.00791865
0.00772487
0.00753173
0.00733946
0.00714825
0.00695825
0.00676958
0.00658233
0.00639655
0.00621226
0.00602946
0.00584812
0.00566818
0.00548955
0.00531215
0.00513586
0.00496057
0.00478615
0.00461249
0.00443945
0.00426691
0.00409476
0.0039229
0.00375124
0.0035797
0.00340822
0.00323678
0.00306536
0.00289397
0.00272266
0.00255149
0.00238058
0.00221008
0.00204017
0.00187111
0.0017032
0.00153682
0.00137241
0.00121054
0.00105187
0.000897202
0.000747522
0.000603998
0.000468038
0.000341295
0.000225622
0.000123386
3.98818e-05
0.0166564
0.016397
0.0161889
0.0160169
0.0158713
0.0157451
0.0156327
0.0155301
0.0154339
0.0153418
0.0152518
0.0151626
0.0150729
0.014982
0.0148892
0.014794
0.014696
0.0145948
0.0144903
0.0143822
0.0142705
0.0141548
0.0140353
0.0139117
0.013784
0.0136522
0.0135162
0.013376
0.0132317
0.0130832
0.0129305
0.0127737
0.0126129
0.0124482
0.0122795
0.0121072
0.0119312
0.0117517
0.011569
0.0113832
0.0111946
0.0110033
0.0108096
0.0106138
0.0104162
0.010217
0.0100165
0.00981498
0.00961274
0.00941006
0.00920717
0.00900432
0.00880174
0.00859962
0.00839813
0.00819742
0.00799759
0.00779874
0.0076009
0.0074041
0.00720834
0.00701359
0.00681977
0.00662682
0.00643463
0.00624309
0.00605208
0.00586146
0.00567109
0.00548084
0.00529056
0.00510012
0.0049094
0.00471828
0.00452665
0.00433444
0.00414157
0.00394799
0.00375369
0.00355866
0.00336293
0.00316657
0.00296968
0.00277238
0.00257488
0.0023774
0.00218025
0.00198379
0.00178849
0.00159492
0.00140376
0.0012159
0.00103241
0.000854626
0.000684269
0.000523505
0.000375074
0.000242337
0.00012956
4.45609e-05
0.0183785
0.0180965
0.0178673
0.0176749
0.0175098
0.0173646
0.0172336
0.0171126
0.0169983
0.0168881
0.0167801
0.0166728
0.0165651
0.016456
0.0163449
0.0162312
0.0161146
0.0159947
0.0158712
0.015744
0.0156129
0.0154778
0.0153386
0.0151953
0.0150478
0.0148961
0.0147402
0.0145801
0.0144159
0.0142476
0.0140753
0.013899
0.013719
0.0135354
0.0133482
0.0131576
0.012964
0.0127674
0.0125681
0.0123663
0.0121624
0.0119565
0.0117489
0.0115399
0.0113299
0.011119
0.0109076
0.0106959
0.0104841
0.0102725
0.0100613
0.00985065
0.00964072
0.00943162
0.00922343
0.0090162
0.00880997
0.00860471
0.00840038
0.00819691
0.00799421
0.00779214
0.00759056
0.00738932
0.00718824
0.00698714
0.00678584
0.00658413
0.00638184
0.00617878
0.00597478
0.00576967
0.00556331
0.00535556
0.00514632
0.00493548
0.00472298
0.00450878
0.00429286
0.00407524
0.00385596
0.00363512
0.00341284
0.00318929
0.00296469
0.00273933
0.00251356
0.00228782
0.00206265
0.00183873
0.00161688
0.00139815
0.00118388
0.00097576
0.000776034
0.000587659
0.000414577
0.000261938
0.000136465
4.93697e-05
0.0202879
0.019978
0.0197226
0.0195054
0.0193161
0.0191473
0.0189931
0.0188492
0.0187122
0.0185793
0.0184487
0.0183187
0.0181882
0.0180563
0.0179222
0.0177854
0.0176455
0.0175021
0.0173551
0.0172041
0.0170491
0.01689
0.0167267
0.0165592
0.0163874
0.0162115
0.0160313
0.0158471
0.0156588
0.0154667
0.0152707
0.0150711
0.0148681
0.0146618
0.0144524
0.0142403
0.0140256
0.0138086
0.0135896
0.0133689
0.0131468
0.0129236
0.0126996
0.0124752
0.0122505
0.012026
0.0118018
0.0115782
0.0113555
0.0111338
0.0109132
0.010694
0.0104761
0.0102596
0.0100445
0.00983079
0.00961838
0.00940717
0.009197
0.0089877
0.00877906
0.00857087
0.00836288
0.00815483
0.00794646
0.00773749
0.00752765
0.00731668
0.0071043
0.00689028
0.00667437
0.00645635
0.00623605
0.00601327
0.00578788
0.00555977
0.00532883
0.00509504
0.00485835
0.00461881
0.00437646
0.00413141
0.00388382
0.00363389
0.00338187
0.00312811
0.00287301
0.00261709
0.00236095
0.00210538
0.00185134
0.00160004
0.00135306
0.00111243
0.000880901
0.000662213
0.000461565
0.00028612
0.000145615
5.48372e-05
0.0226722
0.0223315
0.0220462
0.0217993
0.0215807
0.0213825
0.0211989
0.0210255
0.0208588
0.0206961
0.0205355
0.0203754
0.0202146
0.0200522
0.0198873
0.0197196
0.0195486
0.0193739
0.0191953
0.0190127
0.018826
0.018635
0.0184398
0.0182403
0.0180366
0.0178287
0.0176169
0.0174011
0.0171815
0.0169583
0.0167317
0.0165019
0.0162692
0.0160339
0.0157962
0.0155564
0.0153149
0.0150721
0.0148282
0.0145837
0.0143389
0.0140941
0.0138497
0.013606
0.0133634
0.0131222
0.0128825
0.0126446
0.0124087
0.012175
0.0119435
0.0117143
0.0114874
0.0112627
0.0110402
0.0108197
0.0106011
0.010384
0.0101684
0.00995373
0.00973985
0.00952636
0.0093129
0.00909907
0.00888449
0.00866876
0.0084515
0.0082323
0.00801079
0.00778662
0.00755942
0.00732889
0.00709473
0.00685667
0.0066145
0.00636802
0.00611709
0.00586159
0.00560147
0.00533672
0.00506738
0.00479355
0.00451538
0.0042331
0.00394701
0.00365747
0.00336496
0.00307007
0.00277351
0.00247619
0.00217923
0.00188407
0.00159257
0.00130722
0.00103141
0.000769962
0.000529847
0.000321226
0.000158416
6.13669e-05
0.0251873
0.0248164
0.0245007
0.0242231
0.0239732
0.0237432
0.0235273
0.023321
0.0231211
0.0229247
0.0227301
0.0225355
0.0223399
0.0221424
0.0219422
0.0217389
0.021532
0.0213213
0.0211065
0.0208876
0.0206645
0.020437
0.0202054
0.0199695
0.0197296
0.0194857
0.019238
0.0189866
0.0187319
0.018474
0.0182132
0.0179499
0.0176844
0.017417
0.0171481
0.0168781
0.0166074
0.0163364
0.0160656
0.0157952
0.0155259
0.0152579
0.0149916
0.0147275
0.0144657
0.0142066
0.0139504
0.0136973
0.0134475
0.0132011
0.012958
0.0127183
0.0124819
0.0122487
0.0120185
0.011791
0.0115661
0.0113433
0.0111223
0.0109027
0.0106841
0.0104659
0.0102479
0.0100293
0.00980978
0.00958876
0.00936573
0.00914018
0.00891161
0.00867952
0.00844344
0.00820292
0.00795755
0.00770695
0.00745076
0.0071887
0.00692049
0.00664595
0.00636492
0.00607733
0.00578315
0.00548243
0.00517532
0.004862
0.00454278
0.00421807
0.00388837
0.00355432
0.00321675
0.00287666
0.00253534
0.00219442
0.00185605
0.00152315
0.00119973
0.000891677
0.000607793
0.00036157
0.000172847
6.79688e-05
0.0278013
0.0274018
0.0270565
0.026748
0.0264659
0.0262026
0.0259523
0.0257107
0.0254745
0.0252412
0.0250089
0.0247761
0.0245418
0.0243051
0.0240654
0.0238222
0.0235752
0.0233242
0.023069
0.0228095
0.0225457
0.0222777
0.0220055
0.0217293
0.0214492
0.0211654
0.0208782
0.0205879
0.0202947
0.019999
0.0197011
0.0194015
0.0191005
0.0187987
0.0184964
0.0181941
0.0178924
0.0175916
0.0172923
0.016995
0.0167
0.0164078
0.0161189
0.0158334
0.0155518
0.0152744
0.0150012
0.0147326
0.0144685
0.014209
0.013954
0.0137036
0.0134575
0.0132156
0.0129775
0.0127429
0.0125115
0.0122829
0.0120567
0.0118322
0.011609
0.0113866
0.0111644
0.0109418
0.0107181
0.0104927
0.0102651
0.0100346
0.0098005
0.00956228
0.00931929
0.00907097
0.00881675
0.0085561
0.00828855
0.00801365
0.007731
0.00744027
0.00714118
0.00683354
0.00651721
0.00619215
0.00585841
0.00551614
0.0051656
0.00480715
0.00444133
0.0040688
0.00369044
0.00330734
0.00292091
0.00253299
0.00214596
0.00176311
0.00138907
0.00103067
0.000698528
0.000409644
0.000190306
7.46421e-05
0.0304897
0.0300642
0.0296908
0.0293521
0.0290378
0.0287405
0.0284545
0.0281758
0.0279012
0.0276284
0.0273556
0.0270815
0.0268052
0.0265259
0.026243
0.0259563
0.0256654
0.0253702
0.0250707
0.0247668
0.0244587
0.0241464
0.02383
0.0235099
0.0231863
0.0228594
0.0225296
0.0221973
0.0218628
0.0215266
0.0211892
0.020851
0.0205125
0.0201744
0.0198371
0.0195011
0.019167
0.0188354
0.0185068
0.0181816
0.0178604
0.0175436
0.0172315
0.0169245
0.0166229
0.016327
0.0160367
0.0157524
0.0154739
0.0152013
0.0149345
0.0146733
0.0144174
0.0141665
0.0139204
0.0136787
0.0134408
0.0132063
0.0129746
0.0127453
0.0125176
0.012291
0.0120648
0.0118383
0.0116108
0.0113817
0.0111501
0.0109154
0.0106769
0.0104337
0.0101852
0.00993058
0.00966925
0.0094005
0.00912367
0.00883818
0.00854345
0.00823899
0.00792436
0.0075992
0.00726322
0.00691625
0.0065582
0.0061891
0.00580912
0.00541857
0.0050179
0.0046078
0.00418913
0.00376306
0.0033311
0.00289522
0.00245807
0.00202328
0.00159603
0.00118411
0.000799909
0.000464056
0.000210067
8.13474e-05
0.0332269
0.0327785
0.032379
0.0320113
0.0316653
0.0313337
0.0310114
0.0306944
0.0303798
0.0300656
0.0297501
0.0294323
0.0291112
0.0287864
0.0284574
0.028124
0.0277861
0.0274436
0.0270965
0.0267451
0.0263893
0.0260296
0.0256661
0.0252992
0.0249291
0.0245564
0.0241815
0.0238048
0.0234269
0.0230482
0.0226694
0.022291
0.0219137
0.021538
0.0211646
0.0207941
0.020427
0.0200641
0.0197058
0.0193526
0.0190051
0.0186636
0.0183285
0.0180002
0.0176788
0.0173645
0.0170575
0.0167577
0.0164651
0.0161796
0.015901
0.0156291
0.0153635
0.0151039
0.0148498
0.0146007
0.0143563
0.0141158
0.0138787
0.0136444
0.0134121
0.0131813
0.0129512
0.012721
0.0124899
0.0122573
0.0120222
0.0117839
0.0115415
0.0112942
0.0110411
0.0107815
0.0105144
0.0102391
0.00995473
0.00966053
0.00935577
0.00903976
0.00871188
0.00837158
0.00801837
0.00765189
0.00727187
0.00687819
0.00647085
0.00605004
0.00561612
0.00516969
0.00471158
0.00424297
0.00376542
0.00328102
0.00279263
0.0023042
0.00182143
0.00135302
0.00091307
0.000525837
0.000232714
8.80785e-05
0.0359859
0.0355173
0.0350936
0.0346982
0.0343212
0.0339557
0.0335967
0.0332407
0.0328851
0.032528
0.0321682
0.0318047
0.0314368
0.0310643
0.0306868
0.0303043
0.0299168
0.0295244
0.0291272
0.0287256
0.0283199
0.0279103
0.0274972
0.0270812
0.0266627
0.0262423
0.0258204
0.0253977
0.0249749
0.0245525
0.0241312
0.0237118
0.0232949
0.0228813
0.0224715
0.0220664
0.0216665
0.0212724
0.0208848
0.0205041
0.0201307
0.0197652
0.0194078
0.0190587
0.0187182
0.0183863
0.0180631
0.0177485
0.0174423
0.0171444
0.0168544
0.0165721
0.0162971
0.0160288
0.0157669
0.0155107
0.0152597
0.0150132
0.0147707
0.0145314
0.0142945
0.0140595
0.0138254
0.0135915
0.0133569
0.0131209
0.0128825
0.0126409
0.0123951
0.0121443
0.0118874
0.0116236
0.0113518
0.0110712
0.0107806
0.0104793
0.0101662
0.00984052
0.0095014
0.00914808
0.00877985
0.00839612
0.0079964
0.00758034
0.00714776
0.00669865
0.00623319
0.00575186
0.0052554
0.00474491
0.00422197
0.00368875
0.00314825
0.00260471
0.00206434
0.00153669
0.00103754
0.000594776
0.000258179
9.48233e-05
0.0387397
0.0382533
0.0378071
0.037385
0.0369776
0.0365783
0.0361826
0.0357871
0.0353898
0.0349889
0.0345836
0.034173
0.0337568
0.0333349
0.0329071
0.0324737
0.0320347
0.0315906
0.0311415
0.0306879
0.0302304
0.0297693
0.0293052
0.0288387
0.0283705
0.0279012
0.0274314
0.026962
0.0264937
0.0260273
0.0255635
0.0251031
0.0246469
0.0241956
0.0237502
0.0233111
0.0228792
0.022455
0.022039
0.0216319
0.021234
0.0208456
0.020467
0.0200985
0.0197399
0.0193915
0.0190531
0.0187245
0.0184056
0.018096
0.0177953
0.0175032
0.0172191
0.0169426
0.0166731
0.01641
0.0161525
0.0159002
0.0156522
0.0154079
0.0151664
0.0149271
0.014689
0.0144514
0.0142133
0.013974
0.0137325
0.0134877
0.0132389
0.0129849
0.0127248
0.0124574
0.0121817
0.0118966
0.011601
0.0112938
0.0109739
0.0106402
0.0102916
0.00992715
0.00954593
0.00914707
0.00872982
0.00829357
0.00783787
0.00736246
0.00686733
0.00635271
0.0058192
0.00526776
0.00469992
0.00411783
0.00352462
0.00292475
0.00232489
0.00173542
0.00117372
0.00067131
0.000286734
0.000101577
0.0414635
0.0409607
0.0404931
0.0400452
0.0396078
0.0391748
0.0387422
0.038307
0.0378673
0.0374219
0.0369701
0.0365115
0.036046
0.0355735
0.0350943
0.0346087
0.0341171
0.03362
0.0331179
0.0326114
0.0321011
0.0315876
0.0310718
0.0305544
0.030036
0.0295177
0.0290001
0.0284843
0.0279709
0.027461
0.0269555
0.0264551
0.0259608
0.0254734
0.0249936
0.0245222
0.02406
0.0236074
0.023165
0.0227332
0.0223125
0.0219031
0.0215051
0.0211186
0.0207436
0.0203801
0.0200278
0.0196865
0.0193558
0.0190354
0.0187249
0.0184236
0.0181311
0.0178468
0.0175701
0.0173003
0.0170366
0.0167785
0.0165252
0.0162758
0.0160297
0.015786
0.0155438
0.0153024
0.0150609
0.0148182
0.0145735
0.0143258
0.014074
0.0138171
0.013554
0.0132836
0.0130045
0.0127158
0.012416
0.0121039
0.0117784
0.0114379
0.0110814
0.0107076
0.0103152
0.00990314
0.00947038
0.009016
0.00853926
0.00803959
0.00751667
0.0069705
0.00640139
0.00581013
0.00519808
0.00456735
0.00392105
0.00326386
0.00260281
0.00194908
0.00132161
0.000755528
0.000318466
0.000108335
0.044136
0.0436176
0.043129
0.0426553
0.0421878
0.0417211
0.0412513
0.0407759
0.0402934
0.039803
0.0393042
0.0387968
0.0382812
0.0377575
0.0372262
0.0366878
0.036143
0.0355925
0.035037
0.0344772
0.033914
0.0333483
0.032781
0.032213
0.0316452
0.0310786
0.0305143
0.0299531
0.0293962
0.0288445
0.028299
0.0277607
0.0272304
0.026709
0.0261973
0.0256961
0.0252059
0.0247274
0.024261
0.0238071
0.0233659
0.0229376
0.0225222
0.0221198
0.0217303
0.0213533
0.0209887
0.020636
0.0202949
0.0199648
0.0196452
0.0193356
0.0190353
0.0187437
0.0184602
0.0181839
0.0179143
0.0176505
0.0173918
0.0171374
0.0168866
0.0166384
0.0163921
0.0161468
0.0159016
0.0156556
0.0154076
0.0151569
0.0149022
0.0146425
0.0143766
0.0141033
0.0138213
0.0135294
0.013226
0.01291
0.0125797
0.0122337
0.0118705
0.0114887
0.0110867
0.0106632
0.0102168
0.00974623
0.00925042
0.00872847
0.00817969
0.00760373
0.00700062
0.00637084
0.00571552
0.00503659
0.00433712
0.00362186
0.00289816
0.00217789
0.00148153
0.000847753
0.000353573
0.000115093
0.0467401
0.046206
0.0456959
0.045196
0.0446981
0.0441971
0.0436895
0.0431735
0.0426477
0.0421117
0.0415654
0.041009
0.0404429
0.0398677
0.0392841
0.0386928
0.0380949
0.0374911
0.0368825
0.0362701
0.0356548
0.0350378
0.0344201
0.0338028
0.0331871
0.0325742
0.031965
0.0313609
0.0307628
0.0301719
0.0295893
0.0290158
0.0284525
0.0279003
0.0273598
0.0268318
0.0263169
0.0258155
0.025328
0.0248547
0.0243957
0.0239511
0.0235209
0.0231048
0.0227026
0.0223141
0.0219387
0.0215761
0.0212258
0.0208871
0.0205594
0.0202422
0.0199348
0.0196364
0.0193464
0.0190639
0.0187884
0.018519
0.018255
0.0179956
0.0177399
0.0174872
0.0172365
0.0169872
0.0167381
0.0164884
0.0162371
0.0159831
0.0157254
0.0154628
0.0151941
0.0149181
0.0146334
0.0143385
0.0140321
0.0137126
0.0133783
0.0130276
0.0126588
0.0122702
0.01186
0.0114265
0.0109681
0.0104831
0.00997005
0.00942768
0.00885491
0.00825097
0.00761549
0.0069486
0.00625109
0.00552465
0.00477218
0.00399839
0.00321083
0.00242197
0.00165372
0.000948234
0.000392213
0.000121845
0.0492637
0.0487128
0.0481803
0.0476532
0.0471239
0.0465877
0.0460417
0.0454843
0.0449146
0.0443326
0.0437385
0.0431327
0.0425161
0.0418895
0.0412539
0.0406103
0.0399598
0.0393037
0.0386431
0.0379793
0.0373134
0.0366468
0.0359808
0.0353167
0.0346556
0.033999
0.0333481
0.0327041
0.0320683
0.0314417
0.0308255
0.0302206
0.0296281
0.0290486
0.0284831
0.027932
0.0273958
0.0268749
0.0263697
0.0258801
0.0254063
0.0249481
0.0245054
0.0240778
0.0236651
0.0232668
0.0228823
0.0225112
0.0221528
0.0218066
0.0214717
0.0211476
0.0208335
0.0205287
0.0202324
0.0199441
0.0196628
0.0193878
0.0191183
0.0188537
0.018593
0.0183354
0.0180802
0.0178264
0.0175731
0.0173195
0.0170645
0.016807
0.016546
0.0162803
0.0160087
0.0157299
0.0154424
0.0151448
0.0148354
0.0145127
0.0141749
0.0138201
0.0134465
0.013052
0.0126347
0.0121926
0.0117235
0.0112257
0.0106971
0.010136
0.009541
0.0089108
0.0082446
0.00754208
0.00680361
0.00603053
0.00522546
0.00439296
0.00354065
0.00268145
0.0018385
0.00105737
0.000434623
0.000128584
0.0516988
0.0511294
0.050573
0.0500172
0.0494551
0.0488826
0.0482971
0.0476975
0.0470833
0.0464549
0.0458127
0.0451577
0.0444908
0.0438133
0.0431263
0.0424314
0.0417297
0.0410228
0.040312
0.0395989
0.0388849
0.0381715
0.0374601
0.0367522
0.0360493
0.0353527
0.0346638
0.033984
0.0333145
0.0326564
0.0320109
0.031379
0.0307614
0.030159
0.0295724
0.0290022
0.0284485
0.0279118
0.0273921
0.0268894
0.0264037
0.0259345
0.0254818
0.0250449
0.0246236
0.0242172
0.0238251
0.0234467
0.0230813
0.0227283
0.0223869
0.0220564
0.021736
0.0214251
0.0211228
0.0208285
0.0205414
0.0202607
0.0199856
0.0197155
0.0194494
0.0191867
0.0189264
0.0186678
0.01841
0.018152
0.0178928
0.0176314
0.0173667
0.0170976
0.0168227
0.0165408
0.0162503
0.0159498
0.0156376
0.0153118
0.0149707
0.0146122
0.0142342
0.0138346
0.013411
0.0129612
0.0124827
0.0119733
0.0114306
0.0108524
0.0102367
0.00958189
0.00888653
0.00814982
0.00737166
0.00655291
0.00569583
0.00480473
0.00388715
0.00295625
0.00203622
0.00117566
0.000481155
0.000135299
0.0540441
0.0534541
0.0528715
0.0522849
0.0516882
0.0510776
0.0504512
0.0498082
0.0491488
0.0484735
0.0477831
0.047079
0.0463624
0.0456349
0.044898
0.0441532
0.0434023
0.0426468
0.0418885
0.041129
0.0403701
0.0396133
0.0388603
0.0381127
0.037372
0.0366398
0.0359176
0.0352066
0.0345081
0.0338233
0.0331532
0.0324988
0.0318608
0.0312398
0.0306364
0.030051
0.0294837
0.0289346
0.0284038
0.0278909
0.0273959
0.0269183
0.0264576
0.0260134
0.025585
0.0251719
0.0247734
0.0243887
0.0240172
0.0236581
0.0233106
0.0229741
0.0226477
0.0223308
0.0220225
0.0217221
0.021429
0.0211423
0.0208613
0.0205853
0.0203135
0.0200451
0.0197793
0.0195154
0.0192523
0.0189894
0.0187254
0.0184596
0.0181907
0.0179175
0.0176389
0.0173534
0.0170596
0.0167558
0.0164404
0.0161115
0.0157671
0.015405
0.0150229
0.0146185
0.0141893
0.0137325
0.0132455
0.0127255
0.0121699
0.0115759
0.010941
0.010263
0.00953989
0.00877037
0.00795373
0.00709034
0.00618199
0.00523262
0.00424959
0.00324618
0.00224726
0.00130401
0.000532565
0.000141975
0.0563014
0.0556885
0.0550768
0.0544567
0.0538226
0.0531716
0.0525025
0.051815
0.0511094
0.0503869
0.0496485
0.0488959
0.0481307
0.0473546
0.0465695
0.0457772
0.0449795
0.0441785
0.043376
0.0425738
0.0417739
0.040978
0.0401878
0.0394052
0.0386317
0.0378689
0.0371183
0.0363812
0.0356588
0.0349523
0.0342626
0.0335904
0.0329365
0.0323014
0.0316853
0.0310885
0.0305111
0.0299529
0.0294138
0.0288935
0.0283916
0.0279076
0.0274408
0.0269908
0.0265568
0.0261382
0.0257341
0.0253439
0.0249667
0.0246019
0.0242487
0.0239063
0.0235739
0.0232508
0.0229363
0.0226297
0.0223302
0.0220371
0.0217497
0.0214673
0.0211891
0.0209145
0.0206425
0.0203725
0.0201036
0.019835
0.0195656
0.0192945
0.0190206
0.0187427
0.0184597
0.01817
0.0178722
0.0175647
0.0172457
0.0169132
0.0165652
0.0161994
0.0158133
0.0154043
0.0149697
0.0145065
0.0140116
0.013482
0.0129144
0.0123057
0.0116528
0.0109529
0.0102033
0.00940223
0.00854823
0.00764108
0.00668206
0.00567471
0.00462613
0.00354966
0.00247078
0.00144276
0.00059003
0.0001486
0.0596492
0.0589667
0.0582833
0.0575896
0.0568805
0.0561532
0.0554068
0.0546412
0.0538574
0.0530565
0.0522403
0.0514104
0.050569
0.0497181
0.0488598
0.0479963
0.0471297
0.0462622
0.0453958
0.0445328
0.043675
0.0428244
0.0419828
0.0411521
0.0403339
0.0395297
0.0387408
0.0379686
0.0372142
0.0364783
0.0357619
0.0350656
0.0343896
0.0337345
0.0331001
0.0324866
0.0318938
0.0313214
0.0307689
0.030236
0.0297221
0.0292264
0.0287484
0.0282873
0.0278424
0.0274129
0.0269979
0.0265967
0.0262086
0.0258326
0.0254681
0.0251143
0.0247704
0.0244357
0.0241096
0.0237912
0.0234799
0.023175
0.0228758
0.0225816
0.0222918
0.0220055
0.0217221
0.0214409
0.0211609
0.0208814
0.0206015
0.0203201
0.0200363
0.0197488
0.0194564
0.0191577
0.0188512
0.0185353
0.0182081
0.0178676
0.0175115
0.0171375
0.016743
0.016325
0.0158806
0.0154065
0.0148993
0.0143554
0.013771
0.0131425
0.0124662
0.0117386
0.0109563
0.0101168
0.00921796
0.00825895
0.00724049
0.00616579
0.00504189
0.00388252
0.0027144
0.0015939
0.000655087
0.000162242
0.0657069
0.0649225
0.0641321
0.0633277
0.0625051
0.0616623
0.0607991
0.0599159
0.0590142
0.0580959
0.0571631
0.0562182
0.0552637
0.0543023
0.0533364
0.0523688
0.0514019
0.0504384
0.0494805
0.0485307
0.0475912
0.046664
0.0457511
0.0448542
0.0439749
0.0431146
0.0422745
0.0414557
0.0406588
0.0398845
0.0391333
0.0384053
0.0377006
0.0370191
0.0363605
0.0357244
0.0351103
0.0345177
0.0339457
0.0333938
0.032861
0.0323466
0.0318497
0.0313694
0.0309049
0.0304552
0.0300196
0.0295972
0.0291872
0.0287889
0.0284013
0.0280239
0.0276559
0.0272967
0.0269455
0.0266018
0.0262649
0.0259343
0.0256092
0.0252892
0.0249736
0.0246619
0.0243533
0.0240473
0.0237432
0.0234402
0.0231376
0.0228345
0.0225299
0.0222228
0.0219121
0.0215964
0.0212743
0.0209442
0.020604
0.0202519
0.0198853
0.0195018
0.0190982
0.0186714
0.0182175
0.0177327
0.0172125
0.016652
0.0160461
0.0153895
0.0146762
0.0139006
0.0130568
0.0121393
0.011143
0.010064
0.0089
0.00765131
0.00632285
0.00492742
0.00349319
0.00208371
0.00086048
0.000184965
0.0718561
0.0709417
0.0700208
0.0690864
0.0681349
0.0671648
0.0661762
0.0651701
0.0641483
0.063113
0.0620667
0.0610122
0.0599523
0.05889
0.0578281
0.0567695
0.0557169
0.054673
0.0536404
0.0526213
0.051618
0.0506323
0.0496662
0.0487211
0.0477983
0.0468988
0.0460236
0.0451732
0.044348
0.0435481
0.0427736
0.0420243
0.0412997
0.0405994
0.0399228
0.0392692
0.0386377
0.0380275
0.0374376
0.0368673
0.0363154
0.035781
0.0352632
0.034761
0.0342735
0.0337999
0.0333392
0.0328906
0.0324534
0.0320268
0.0316101
0.0312025
0.0308035
0.0304124
0.0300287
0.0296518
0.0292811
0.0289162
0.0285566
0.0282017
0.027851
0.0275042
0.0271606
0.0268198
0.0264812
0.0261442
0.0258082
0.0254725
0.0251362
0.0247985
0.0244583
0.0241145
0.0237658
0.0234106
0.0230472
0.0226735
0.0222871
0.0218853
0.021465
0.0210226
0.0205541
0.0200548
0.0195196
0.0189425
0.0183171
0.0176363
0.0168925
0.0160773
0.0151822
0.0141984
0.0131174
0.0119311
0.0106332
0.00921992
0.00769246
0.00606086
0.00435279
0.00263664
0.00109859
0.000207369
0.0779346
0.0768765
0.0758154
0.074745
0.0736619
0.0725651
0.0714547
0.0703319
0.0691987
0.0680574
0.0669107
0.0657615
0.0646127
0.0634672
0.0623281
0.0611981
0.06008
0.0589763
0.0578894
0.0568213
0.055774
0.0547491
0.053748
0.0527719
0.0518216
0.0508978
0.0500008
0.0491308
0.0482877
0.0474713
0.0466811
0.0459167
0.0451772
0.044462
0.04377
0.0431004
0.0424521
0.0418241
0.0412154
0.0406249
0.0400515
0.0394944
0.0389524
0.0384245
0.03791
0.0374079
0.0369173
0.0364375
0.0359677
0.0355072
0.0350553
0.0346115
0.0341751
0.0337456
0.0333224
0.0329052
0.0324934
0.0320866
0.0316845
0.0312865
0.0308924
0.0305018
0.0301142
0.0297292
0.0293465
0.0289656
0.028586
0.0282072
0.0278285
0.0274491
0.0270684
0.0266853
0.0262986
0.025907
0.0255089
0.0251025
0.0246854
0.0242552
0.0238085
0.0233419
0.0228511
0.0223311
0.0217762
0.0211798
0.0205344
0.0198315
0.0190616
0.0182143
0.0172781
0.0162409
0.01509
0.0138131
0.0123984
0.0108369
0.00912393
0.0072646
0.00528315
0.00324926
0.00136938
0.00022941
0.0838738
0.0826833
0.081495
0.080303
0.0791043
0.0778978
0.076684
0.075464
0.0742398
0.0730136
0.071788
0.070566
0.0693502
0.0681435
0.0669487
0.0657684
0.064605
0.0634607
0.0623377
0.0612376
0.0601619
0.059112
0.0580887
0.0570928
0.0561247
0.0551846
0.0542725
0.0533881
0.0525311
0.0517008
0.0508966
0.0501176
0.0493628
0.0486313
0.047922
0.0472338
0.0465656
0.0459162
0.0452846
0.0446696
0.0440702
0.0434854
0.0429141
0.0423554
0.0418083
0.0412721
0.0407459
0.040229
0.0397206
0.0392202
0.038727
0.0382404
0.0377601
0.0372855
0.0368161
0.0363515
0.0358914
0.0354353
0.0349831
0.0345342
0.0340885
0.0336457
0.0332055
0.0327675
0.0323316
0.0318973
0.0314644
0.0310324
0.0306009
0.0301693
0.0297371
0.0293034
0.0288673
0.0284278
0.0279834
0.0275326
0.0270733
0.026603
0.026119
0.0256175
0.0250944
0.0245448
0.0239625
0.0233405
0.0226707
0.0219435
0.0211478
0.0202713
0.0192999
0.0182183
0.0170099
0.0156571
0.0141428
0.012451
0.0105702
0.00849814
0.00625289
0.00390148
0.0016647
0.000250734
0.0895149
0.0882277
0.0869466
0.0856662
0.0843842
0.0830998
0.0818134
0.0805262
0.07924
0.077957
0.0766798
0.0754108
0.0741527
0.0729081
0.0716795
0.0704691
0.0692791
0.0681113
0.0669675
0.065849
0.0647569
0.0636922
0.0626553
0.0616467
0.0606663
0.0597142
0.05879
0.0578932
0.0570231
0.0561789
0.0553598
0.0545647
0.0537925
0.0530421
0.0523125
0.0516023
0.0509105
0.0502358
0.0495772
0.0489336
0.0483037
0.0476867
0.0470815
0.0464872
0.0459028
0.0453277
0.0447609
0.0442018
0.0436496
0.0431038
0.0425638
0.0420291
0.0414991
0.0409735
0.0404518
0.0399338
0.039419
0.0389073
0.0383983
0.0378918
0.0373875
0.0368853
0.036385
0.0358863
0.0353891
0.0348932
0.0343983
0.0339042
0.0334107
0.0329173
0.0324237
0.0319292
0.0314334
0.0309352
0.0304336
0.0299272
0.0294143
0.0288928
0.02836
0.0278127
0.0272467
0.0266571
0.026038
0.0253822
0.024681
0.0239242
0.0230995
0.0221928
0.0211882
0.0200676
0.0188105
0.0173945
0.0157962
0.0139927
0.0119643
0.00969994
0.0072094
0.00455441
0.00196589
0.000271082
0.0945641
0.0932355
0.0919132
0.0905931
0.0892736
0.0879545
0.0866364
0.0853208
0.0840093
0.0827042
0.0814078
0.0801224
0.0788505
0.0775944
0.0763562
0.0751381
0.0739419
0.072769
0.0716209
0.0704986
0.069403
0.0683347
0.0672939
0.0662807
0.065295
0.0643366
0.0634048
0.062499
0.0616185
0.0607623
0.0599294
0.0591188
0.0583294
0.0575599
0.0568093
0.0560763
0.0553596
0.0546583
0.0539711
0.0532969
0.0526346
0.0519833
0.0513418
0.0507094
0.0500852
0.0494682
0.0488578
0.0482533
0.047654
0.0470592
0.0464686
0.0458815
0.0452977
0.0447167
0.0441382
0.0435621
0.0429879
0.0424155
0.0418447
0.0412753
0.0407072
0.04014
0.0395739
0.0390086
0.038444
0.0378799
0.0373164
0.0367531
0.0361899
0.0356266
0.0350631
0.0344994
0.033935
0.0333692
0.0328012
0.03223
0.031654
0.0310715
0.0304802
0.029877
0.0292583
0.0286195
0.0279548
0.0272571
0.0265178
0.0257263
0.0248699
0.0239334
0.0228988
0.0217453
0.0204489
0.0189825
0.0173168
0.0154215
0.0132678
0.0108347
0.00812157
0.00518259
0.00225731
0.000290159
0.0986314
0.0973303
0.0960307
0.0947302
0.0934288
0.0921271
0.0908263
0.0895283
0.088235
0.0869487
0.0856715
0.0844059
0.083154
0.081918
0.0806999
0.0795014
0.0783242
0.0771697
0.0760388
0.0749325
0.0738514
0.0727958
0.0717659
0.0707616
0.0697827
0.0688287
0.0678991
0.0669931
0.0661098
0.0652485
0.0644081
0.0635876
0.0627859
0.0620018
0.0612341
0.0604817
0.0597434
0.059018
0.0583046
0.0576019
0.0569089
0.0562247
0.0555482
0.0548786
0.0542151
0.0535567
0.0529028
0.0522525
0.0516054
0.0509606
0.0503175
0.0496757
0.0490354
0.0483964
0.0477586
0.0471215
0.0464851
0.045849
0.0452133
0.0445777
0.0439422
0.0433068
0.0426713
0.0420358
0.0414003
0.0407648
0.0401293
0.0394938
0.0388583
0.0382228
0.0375872
0.0369513
0.0363148
0.0356773
0.0350382
0.0343968
0.0337518
0.0331019
0.032445
0.0317788
0.0310998
0.0304039
0.0296858
0.0289388
0.0281543
0.0273218
0.0264285
0.0254585
0.0243927
0.0232084
0.0218786
0.0203725
0.0186553
0.0166893
0.0144369
0.0118661
0.00896418
0.00577428
0.00253809
0.000307022
0.101264
0.100066
0.0988592
0.0976442
0.096423
0.0951976
0.0939702
0.092743
0.0915185
0.090299
0.089087
0.0878846
0.0866941
0.0855175
0.0843566
0.0832131
0.0820883
0.0809834
0.0798994
0.078837
0.0777966
0.0767786
0.0757828
0.0748093
0.0738575
0.072927
0.072017
0.0711267
0.0702553
0.0694027
0.0685679
0.0677497
0.0669471
0.0661589
0.0653841
0.0646214
0.0638699
0.0631284
0.0623959
0.0616714
0.0609539
0.0602425
0.0595363
0.0588345
0.0581362
0.0574409
0.0567478
0.0560563
0.0553659
0.0546761
0.0539865
0.0532967
0.0526065
0.0519154
0.0512233
0.0505301
0.0498354
0.0491393
0.0484416
0.0477423
0.0470414
0.0463389
0.0456349
0.0449295
0.0442228
0.0435148
0.0428057
0.0420956
0.0413847
0.0406729
0.0399604
0.0392471
0.038533
0.0378178
0.0371014
0.036383
0.035662
0.0349372
0.0342071
0.0334697
0.0327222
0.0319608
0.0311808
0.0303761
0.0295385
0.0286581
0.027722
0.0267145
0.0256157
0.0244019
0.0230442
0.0215084
0.0197553
0.0177407
0.0154185
0.0127458
0.00969674
0.00630071
0.0027949
0.000321003
0.101963
0.100947
0.0999099
0.0988551
0.0977858
0.0967054
0.0956169
0.0945235
0.093428
0.092333
0.0912411
0.0901548
0.0890761
0.0880072
0.0869497
0.0859052
0.084875
0.0838603
0.0828619
0.0818805
0.0809166
0.0799703
0.0790416
0.0781306
0.0772369
0.07636
0.0754995
0.0746546
0.0738246
0.0730086
0.0722058
0.0714153
0.0706359
0.0698667
0.0691066
0.0683547
0.06761
0.0668714
0.066138
0.0654088
0.0646831
0.0639598
0.0632383
0.0625178
0.0617975
0.0610768
0.0603552
0.0596321
0.0589071
0.0581796
0.0574494
0.0567161
0.0559795
0.0552393
0.0544954
0.0537476
0.052996
0.0522404
0.0514809
0.0507176
0.0499505
0.0491799
0.0484057
0.0476283
0.0468478
0.0460646
0.0452787
0.0444905
0.0437002
0.0429081
0.0421143
0.0413192
0.0405226
0.0397248
0.0389256
0.0381248
0.0373219
0.0365162
0.0357066
0.0348914
0.0340684
0.0332346
0.0323857
0.0315163
0.030619
0.0296844
0.0287004
0.0276515
0.026518
0.0252757
0.0238946
0.0223384
0.0205644
0.0185232
0.0161612
0.0134255
0.0102772
0.00673096
0.00301321
0.000331319
0.100625
0.0998467
0.0990381
0.0982032
0.0973462
0.0964712
0.0955818
0.0946814
0.0937733
0.0928602
0.091945
0.0910299
0.0901172
0.0892089
0.0883065
0.0874116
0.0865255
0.0856491
0.0847831
0.0839283
0.0830849
0.0822532
0.0814332
0.0806247
0.0798275
0.0790411
0.0782649
0.0774985
0.076741
0.0759917
0.0752497
0.0745142
0.0737842
0.0730589
0.0723372
0.0716184
0.0709015
0.0701855
0.0694697
0.0687532
0.0680352
0.067315
0.0665919
0.0658651
0.0651342
0.0643986
0.0636578
0.0629113
0.0621589
0.0614001
0.0606347
0.0598625
0.0590833
0.0582971
0.0575038
0.0567035
0.0558961
0.0550818
0.0542607
0.053433
0.052599
0.0517589
0.0509131
0.0500618
0.0492054
0.0483443
0.047479
0.0466097
0.045737
0.0448612
0.0439827
0.043102
0.0422193
0.0413349
0.0404489
0.0395614
0.0386723
0.0377812
0.0368873
0.0359895
0.0350861
0.0341747
0.0332517
0.0323124
0.0313504
0.0303571
0.0293212
0.0282281
0.0270588
0.0257892
0.0243893
0.0228216
0.0210413
0.0189952
0.0166238
0.0138659
0.010671
0.00703868
0.00317989
0.000337284
0.0974129
0.0968869
0.0963292
0.0957434
0.0951329
0.0945015
0.0938523
0.0931885
0.092513
0.0918284
0.0911369
0.0904409
0.0897422
0.0890425
0.0883432
0.0876455
0.0869503
0.0862586
0.0855708
0.0848874
0.0842085
0.0835342
0.0828644
0.0821989
0.0815374
0.0808793
0.0802241
0.0795712
0.0789198
0.0782694
0.077619
0.0769679
0.0763153
0.0756602
0.075002
0.0743398
0.0736728
0.0730002
0.0723214
0.0716355
0.070942
0.0702402
0.0695296
0.0688096
0.0680799
0.06734
0.0665895
0.0658283
0.0650559
0.0642724
0.0634775
0.0626713
0.0618537
0.0610248
0.0601847
0.0593337
0.0584719
0.0575996
0.0567171
0.0558248
0.0549232
0.0540126
0.0530936
0.0521667
0.0512325
0.0502914
0.0493442
0.0483913
0.0474335
0.0464713
0.0455053
0.0445362
0.0435645
0.0425906
0.041615
0.0406379
0.0396597
0.0386802
0.0376991
0.0367157
0.0357289
0.0347368
0.0337366
0.0327243
0.0316946
0.0306399
0.02955
0.0284114
0.0272063
0.0259115
0.0244976
0.0229274
0.0211548
0.019125
0.0167744
0.0140357
0.0108491
0.00720082
0.00328264
0.000338194
0.0928029
0.0924973
0.0921687
0.0918191
0.0914506
0.0910653
0.0906652
0.0902522
0.0898281
0.0893946
0.0889532
0.0885051
0.0880516
0.0875935
0.0871316
0.0866665
0.0861987
0.0857284
0.0852557
0.0847807
0.0843031
0.0838227
0.0833391
0.0828519
0.0823606
0.0818644
0.0813628
0.0808551
0.0803405
0.0798183
0.0792877
0.078748
0.0781984
0.0776381
0.0770665
0.0764828
0.0758863
0.0752765
0.0746527
0.0740144
0.073361
0.0726921
0.0720074
0.0713064
0.0705889
0.0698547
0.0691035
0.0683354
0.0675502
0.0667479
0.0659288
0.0650928
0.0642403
0.0633715
0.0624868
0.0615865
0.0606711
0.0597411
0.0587971
0.0578396
0.0568694
0.055887
0.0548933
0.053889
0.0528748
0.0518516
0.0508202
0.0497815
0.0487363
0.0476855
0.0466299
0.0455703
0.0445075
0.0434423
0.0423754
0.0413073
0.0402386
0.0391695
0.0381001
0.0370302
0.0359591
0.0348855
0.0338074
0.0327217
0.0316239
0.0305075
0.0293638
0.0281805
0.0269414
0.0256249
0.0242028
0.0226391
0.0208885
0.0188954
0.016595
0.0139163
0.0107934
0.0072019
0.00331211
0.000333505
0.0875383
0.0873988
0.0872502
0.0870934
0.0869291
0.086758
0.0865809
0.0863981
0.08621
0.0860172
0.0858196
0.0856173
0.0854104
0.0851987
0.0849819
0.0847596
0.0845313
0.0842966
0.0840547
0.083805
0.0835467
0.083279
0.0830011
0.082712
0.0824109
0.082097
0.0817693
0.0814269
0.0810689
0.0806946
0.080303
0.0798934
0.079465
0.0790171
0.078549
0.07806
0.0775496
0.0770172
0.0764623
0.0758845
0.0752835
0.0746588
0.0740103
0.0733378
0.0726411
0.0719203
0.0711753
0.0704062
0.0696133
0.0687967
0.0679568
0.0670939
0.0662086
0.0653014
0.0643728
0.0634235
0.0624543
0.0614659
0.0604592
0.0594351
0.0583945
0.0573383
0.0562677
0.0551837
0.0540873
0.0529797
0.051862
0.0507352
0.0496007
0.0484594
0.0473125
0.0461611
0.0450062
0.043849
0.0426904
0.0415312
0.0403724
0.0392143
0.0380577
0.0369025
0.0357487
0.0345954
0.0334415
0.0322845
0.0311209
0.0299456
0.0287509
0.0275263
0.0262573
0.0249243
0.0235012
0.0219539
0.020239
0.0183026
0.0160803
0.0135007
0.0104955
0.00703311
0.0032616
0.000322748
0.0825221
0.082496
0.0824737
0.0824555
0.0824414
0.0824316
0.0824257
0.0824234
0.0824241
0.082427
0.0824313
0.082436
0.0824399
0.0824418
0.0824403
0.0824342
0.0824219
0.082402
0.082373
0.0823333
0.0822815
0.0822161
0.0821356
0.0820386
0.0819238
0.0817896
0.081635
0.0814585
0.0812591
0.0810357
0.0807871
0.0805124
0.0802107
0.0798811
0.0795229
0.0791353
0.0787176
0.0782694
0.0777901
0.0772793
0.0767367
0.0761621
0.0755552
0.0749159
0.0742444
0.0735407
0.0728049
0.0720375
0.0712386
0.0704089
0.0695489
0.0686592
0.0677406
0.0667938
0.0658199
0.0648197
0.0637944
0.062745
0.0616728
0.060579
0.0594649
0.0583318
0.0571812
0.0560144
0.0548329
0.0536381
0.0524315
0.0512146
0.0499888
0.0487556
0.0475165
0.0462728
0.045026
0.0437773
0.0425281
0.0412795
0.0400326
0.0387885
0.0375478
0.0363112
0.0350789
0.0338508
0.032626
0.0314032
0.0301795
0.028951
0.0277115
0.026452
0.0251599
0.023818
0.0224026
0.0208826
0.0192176
0.0173566
0.0152387
0.0127948
0.00995805
0.00669387
0.00312808
0.000305637
0.078659
0.0787029
0.0787575
0.0788232
0.0789002
0.0789883
0.0790873
0.0791966
0.0793153
0.0794424
0.0795766
0.0797165
0.0798606
0.0800071
0.080154
0.0802995
0.0804416
0.0805781
0.0807069
0.0808259
0.080933
0.081026
0.0811029
0.0811616
0.0812001
0.0812167
0.0812093
0.0811763
0.081116
0.0810267
0.080907
0.0807554
0.0805707
0.0803515
0.0800969
0.0798057
0.079477
0.0791101
0.0787042
0.0782587
0.0777732
0.0772473
0.0766808
0.0760736
0.0754258
0.0747374
0.0740089
0.0732406
0.0724331
0.0715871
0.0707034
0.0697828
0.0688266
0.0678357
0.0668116
0.0657555
0.0646689
0.0635534
0.0624105
0.0612419
0.0600493
0.0588346
0.0575995
0.0563458
0.0550755
0.0537904
0.0524923
0.0511832
0.0498649
0.0485391
0.0472078
0.0458726
0.0445353
0.0431975
0.0418608
0.0405267
0.0391966
0.0378717
0.0365532
0.0352421
0.0339389
0.0326439
0.031357
0.0300773
0.028803
0.0275309
0.0262563
0.0249717
0.0236666
0.0223261
0.0209293
0.0194487
0.0178478
0.0160806
0.0140911
0.0118162
0.00919412
0.00619133
0.00291224
0.000282015
0.0766664
0.0767243
0.0767947
0.0768781
0.076975
0.0770857
0.0772101
0.0773479
0.0774988
0.077662
0.0778366
0.0780215
0.0782152
0.0784163
0.0786229
0.0788332
0.0790451
0.0792564
0.0794649
0.0796682
0.0798637
0.080049
0.0802216
0.080379
0.0805185
0.0806376
0.0807339
0.0808049
0.0808482
0.0808615
0.0808426
0.0807893
0.0806996
0.0805715
0.0804034
0.0801935
0.0799404
0.0796427
0.0792992
0.0789089
0.0784709
0.0779848
0.0774499
0.0768661
0.0762333
0.0755517
0.0748215
0.0740433
0.0732179
0.0723462
0.0714292
0.0704681
0.0694645
0.0684199
0.0673359
0.0662144
0.0650573
0.0638666
0.0626445
0.0613931
0.0601147
0.0588115
0.0574859
0.0561401
0.0547766
0.0533977
0.0520056
0.0506027
0.0491913
0.0477735
0.0463515
0.0449274
0.0435033
0.0420812
0.0406628
0.03925
0.0378445
0.0364478
0.0350613
0.0336862
0.0323235
0.0309738
0.0296375
0.0283141
0.0270027
0.025701
0.0244052
0.0231094
0.021805
0.0204794
0.0191149
0.0176875
0.0161659
0.0145099
0.0126711
0.0105949
0.00822829
0.00554193
0.00261979
0.000251962
0.0766965
0.0766907
0.0766981
0.0767195
0.0767558
0.0768075
0.0768751
0.0769588
0.0770585
0.0771741
0.0773053
0.0774514
0.0776115
0.0777846
0.0779694
0.0781645
0.078368
0.0785782
0.0787927
0.0790095
0.0792258
0.0794391
0.0796466
0.0798453
0.0800322
0.0802042
0.080358
0.0804905
0.0805983
0.0806783
0.0807273
0.0807422
0.0807199
0.0806575
0.0805523
0.0804017
0.0802034
0.0799552
0.0796552
0.0793018
0.0788936
0.0784295
0.0779088
0.0773309
0.0766957
0.0760032
0.0752539
0.0744484
0.0735877
0.072673
0.0717057
0.0706875
0.0696203
0.0685062
0.0673473
0.0661461
0.0649051
0.0636268
0.0623141
0.0609697
0.0595963
0.0581969
0.0567743
0.0553315
0.0538711
0.0523962
0.0509094
0.0494134
0.0479111
0.0464048
0.0448973
0.0433908
0.0418877
0.0403903
0.0389007
0.0374208
0.0359526
0.0344979
0.0330581
0.0316348
0.0302291
0.0288421
0.0274742
0.0261257
0.024796
0.0234835
0.0221856
0.0208975
0.0196122
0.0183194
0.0170046
0.0156478
0.014223
0.0126972
0.0110309
0.00918048
0.00710385
0.00477767
0.00226552
0.000216428
0.0779723
0.0778441
0.0777324
0.0776382
0.0775625
0.0775059
0.0774693
0.0774529
0.0774571
0.0774821
0.0775279
0.0775941
0.0776805
0.0777862
0.0779106
0.0780523
0.07821
0.0783821
0.0785666
0.0787613
0.0789637
0.0791711
0.0793804
0.0795883
0.0797913
0.0799856
0.0801674
0.0803325
0.0804767
0.0805958
0.0806856
0.0807417
0.08076
0.0807366
0.0806675
0.0805491
0.0803782
0.0801516
0.0798668
0.0795214
0.0791137
0.078642
0.0781053
0.0775031
0.0768352
0.0761016
0.0753032
0.0744409
0.073516
0.0725301
0.0714855
0.0703841
0.0692287
0.0680219
0.0667666
0.065466
0.0641232
0.0627415
0.0613242
0.0598749
0.058397
0.0568939
0.055369
0.0538258
0.0522675
0.0506975
0.049119
0.047535
0.0459486
0.0443627
0.04278
0.0412033
0.0396349
0.0380774
0.036533
0.0350038
0.0334919
0.0319991
0.0305271
0.0290775
0.0276517
0.0262508
0.0248756
0.0235267
0.0222039
0.0209064
0.019632
0.0183773
0.0171366
0.0159016
0.0146606
0.0133976
0.0120922
0.0107189
0.00924822
0.00764801
0.00588779
0.00394943
0.00187571
0.000178903
0.0790999
0.0788705
0.0786622
0.0784759
0.0783124
0.0781723
0.0780562
0.0779646
0.0778978
0.0778563
0.0778399
0.0778486
0.0778823
0.0779403
0.0780221
0.0781265
0.0782525
0.0783983
0.0785622
0.0787418
0.0789345
0.0791375
0.0793472
0.07956
0.0797717
0.079978
0.0801742
0.0803551
0.0805158
0.0806509
0.080755
0.080823
0.0808495
0.0808295
0.0807584
0.0806316
0.0804452
0.0801955
0.0798795
0.0794946
0.0790388
0.0785106
0.0779092
0.0772342
0.0764859
0.0756648
0.0747724
0.0738101
0.0727802
0.0716849
0.0705272
0.0693101
0.0680368
0.066711
0.0653362
0.0639164
0.0624555
0.0609574
0.0594261
0.0578657
0.0562802
0.0546735
0.0530495
0.0514119
0.0497646
0.048111
0.0464546
0.0447988
0.0431467
0.0415013
0.0398656
0.0382422
0.0366337
0.0350427
0.0334713
0.0319217
0.030396
0.028896
0.0274236
0.0259804
0.0245679
0.0231874
0.0218398
0.0205259
0.0192456
0.0179982
0.0167819
0.0155935
0.0144278
0.0132776
0.012133
0.0109815
0.00980806
0.00859594
0.00732755
0.00598614
0.00455771
0.00303537
0.00144728
0.000145595
)
;

boundaryField
{
    jetInlet
    {
        type            calculated;
        value           uniform 0.00324;
    }
    returnOutlet
    {
        type            calculated;
        value           nonuniform List<scalar> 
35
(
0.00242927
0.016936
0.0309699
0.0405811
0.0473447
0.0523872
0.0562017
0.0588715
0.060219
0.0598517
0.0570922
0.0506681
0.00324
0.00324
0.00324
0.00324
0.00324
0.00324
0.00324
0.00324
0.00324
0.00324
0.00324
0.00324
0.00324
0.00324
0.0595609
0.0629879
0.0540709
0.0328612
0.0152096
0.0137385
0.0257668
0.042672
0.0538274
)
;
    }
    flatBed
    {
        type            nutkWallFunction;
        blending        stepwise;
        value           nonuniform List<scalar> 
100
(
0.000220761
0.000221374
0.000221879
0.000222279
0.000222559
0.000222709
0.000222726
0.00022244
0.00022171
0.000220474
0.000218685
0.000216307
0.000213315
0.000209699
0.000205456
0.000200595
0.000195136
0.000189108
0.000182549
0.000175507
0.000168044
0.000160228
0.000152141
0.000143873
0.000135522
0.000127191
0.000118987
0.000111011
0.000103361
9.61272e-05
8.93854e-05
8.31992e-05
7.76168e-05
7.26708e-05
6.83785e-05
6.47415e-05
6.17448e-05
5.93553e-05
5.75216e-05
5.61766e-05
5.52449e-05
5.46515e-05
5.43294e-05
5.42238e-05
5.42925e-05
5.45037e-05
5.48335e-05
5.52634e-05
5.57785e-05
5.63448e-05
5.69522e-05
5.75933e-05
5.82611e-05
5.89493e-05
5.96521e-05
6.03642e-05
6.10807e-05
6.17975e-05
6.25109e-05
6.32176e-05
6.3915e-05
6.46008e-05
6.52732e-05
6.59307e-05
6.65724e-05
6.71974e-05
6.78054e-05
6.83962e-05
6.89699e-05
6.95267e-05
7.00671e-05
7.05919e-05
7.11019e-05
7.15981e-05
7.20818e-05
7.25543e-05
7.30172e-05
7.34724e-05
7.3922e-05
7.43684e-05
7.48144e-05
7.52633e-05
7.5719e-05
7.61703e-05
7.66178e-05
7.70623e-05
7.75047e-05
7.79457e-05
7.83858e-05
7.88251e-05
7.92631e-05
7.9699e-05
8.01305e-05
8.05541e-05
8.09637e-05
8.13463e-05
8.16741e-05
8.19045e-05
8.20031e-05
8.18939e-05
)
;
    }
    slope
    {
        type            nutkWallFunction;
        blending        stepwise;
        value           nonuniform List<scalar> 
50
(
0
4.62192e-08
3.7559e-07
6.57311e-07
9.65643e-07
1.34197e-06
1.72138e-06
2.18495e-06
2.6547e-06
3.17197e-06
3.70542e-06
4.26216e-06
4.83088e-06
5.41088e-06
5.99902e-06
6.65917e-06
7.43699e-06
8.21305e-06
8.98802e-06
9.75811e-06
1.05233e-05
1.12828e-05
1.20367e-05
1.27848e-05
1.35272e-05
1.42636e-05
1.49935e-05
1.57161e-05
1.64301e-05
1.71347e-05
1.85819e-05
2.09529e-05
2.32581e-05
2.54972e-05
2.76408e-05
2.96674e-05
3.15509e-05
3.32024e-05
3.45616e-05
3.55563e-05
3.61237e-05
3.61978e-05
3.57268e-05
3.46629e-05
3.29727e-05
3.063e-05
2.76248e-05
2.40246e-05
2.01539e-05
1.6647e-05
)
;
    }
    top
    {
        type            symmetryPlane;
    }
    frontAndBack
    {
        type            empty;
    }
    defaultFaces
    {
        type            empty;
    }
}


// ************************************************************************* //
