/*--------------------------------*- C++ -*----------------------------------*\
| =========                 |                                                 |
| \\      /  F ield         | OpenFOAM: The Open Source CFD Toolbox           |
|  \\    /   O peration     | Version:  2206                                  |
|   \\  /    A nd           | Website:  www.openfoam.com                      |
|    \\/     M anipulation  |                                                 |
\*---------------------------------------------------------------------------*/
FoamFile
{
    version     2.0;
    format      ascii;
    arch        "LSB;label=32;scalar=64";
    class       volScalarField;
    location    "4200";
    object      k;
}
// * * * * * * * * * * * * * * * * * * * * * * * * * * * * * * * * * * * * * //

dimensions      [0 2 -2 0 0 0 0];

internalField   nonuniform List<scalar> 
25600
(
0.0850385
0.084988
0.0850365
0.0851009
0.0851703
0.0852425
0.0853168
0.0853933
0.085472
0.0855532
0.0856368
0.0857229
0.0858116
0.0859028
0.0859966
0.0860928
0.0861915
0.0862928
0.0863964
0.0865024
0.0866109
0.0867216
0.0868347
0.0869501
0.0870677
0.0871875
0.0873095
0.0874336
0.0875598
0.087688
0.0878183
0.0879505
0.0880846
0.0882207
0.0883585
0.0884981
0.0886394
0.0887824
0.088927
0.0890732
0.0892208
0.0893699
0.0895204
0.0896722
0.0898253
0.0899796
0.090135
0.0902915
0.0904489
0.0906073
0.0907665
0.0909265
0.0910873
0.0912486
0.0914105
0.0915729
0.0917357
0.0918987
0.092062
0.0922255
0.092389
0.0925525
0.0927159
0.0928791
0.0930419
0.0932044
0.0933664
0.0935278
0.0936886
0.0938486
0.0940077
0.0941658
0.0943229
0.0944787
0.0946333
0.0947865
0.0949382
0.0950883
0.0952367
0.0953833
0.0955279
0.0956704
0.0958108
0.0959488
0.0960845
0.0962176
0.096348
0.0964757
0.0966004
0.0967221
0.0968406
0.0969558
0.0970675
0.0971757
0.0972801
0.0973806
0.0974772
0.0975695
0.0976575
0.0977411
0.0978201
0.0978942
0.0979634
0.0980275
0.0980863
0.0981396
0.0981873
0.0982292
0.0982651
0.0982949
0.0983182
0.098335
0.0983449
0.0983479
0.0983438
0.0983322
0.0983129
0.0982859
0.0982507
0.0982072
0.0981552
0.0980943
0.0980244
0.0979452
0.0978563
0.0977576
0.0976487
0.0975295
0.0973995
0.0972584
0.0971061
0.0969421
0.0967662
0.0965781
0.0963773
0.0961637
0.0959368
0.0956963
0.095442
0.0951734
0.0948902
0.0945922
0.0942789
0.09395
0.0936053
0.0932445
0.0928671
0.0924731
0.092062
0.0916338
0.0911881
0.0907248
0.0902437
0.0897466
0.0892543
0.0887641
0.0882738
0.0877818
0.0872867
0.0867874
0.0862834
0.0857742
0.0852597
0.0847402
0.084216
0.0836879
0.0831568
0.0826238
0.0820905
0.0815585
0.0810298
0.0805067
0.0799916
0.0794873
0.078997
0.0785238
0.0780714
0.0776436
0.0772442
0.0768772
0.0765469
0.076257
0.0760113
0.0758134
0.0756661
0.0755714
0.0755309
0.0755446
0.0756117
0.0757297
0.0758949
0.0761022
0.0763451
0.0766161
0.0769068
0.0772082
0.0775115
0.0778079
0.0780898
0.0783508
0.0785866
0.078795
0.0789765
0.0791344
0.0792752
0.0794083
0.0795462
0.0797036
0.0798977
0.080147
0.0804711
0.0808888
0.0814189
0.0820771
0.0828775
0.0838298
0.0849408
0.0862119
0.0876417
0.0892231
0.0909478
0.0928021
0.0947751
0.0968551
0.099048
0.101393
0.103853
0.106279
0.108675
0.110993
0.113188
0.115203
0.116972
0.118404
0.119385
0.119784
0.119525
0.118768
0.118429
0.119074
0.177291
0.17728
0.177283
0.177295
0.177315
0.177342
0.177375
0.177413
0.177457
0.177507
0.177561
0.177621
0.177685
0.177755
0.177829
0.177908
0.177992
0.17808
0.178174
0.178271
0.178374
0.17848
0.178591
0.178707
0.178827
0.178951
0.179079
0.179211
0.179347
0.179487
0.179631
0.179778
0.179929
0.180084
0.180242
0.180404
0.180568
0.180736
0.180907
0.18108
0.181256
0.181435
0.181617
0.181801
0.181987
0.182175
0.182365
0.182558
0.182752
0.182947
0.183144
0.183342
0.183541
0.183742
0.183943
0.184145
0.184347
0.184549
0.184752
0.184955
0.185158
0.18536
0.185562
0.185763
0.185964
0.186163
0.186361
0.186558
0.186753
0.186947
0.187138
0.187328
0.187514
0.187699
0.187881
0.188059
0.188235
0.188407
0.188576
0.188741
0.188901
0.189058
0.18921
0.189358
0.189501
0.189638
0.189771
0.189898
0.190019
0.190134
0.190243
0.190345
0.19044
0.190529
0.190611
0.190685
0.190751
0.190809
0.190859
0.190901
0.190934
0.190958
0.190972
0.190977
0.190972
0.190957
0.190932
0.190895
0.190848
0.19079
0.190719
0.190637
0.190543
0.190436
0.190316
0.190183
0.190037
0.189877
0.189702
0.189513
0.189309
0.18909
0.188855
0.188604
0.188337
0.188053
0.187753
0.187435
0.187099
0.186745
0.186373
0.185983
0.185573
0.185144
0.184695
0.184226
0.183738
0.183228
0.182699
0.182148
0.181576
0.180984
0.18037
0.179735
0.179079
0.178402
0.177705
0.176987
0.176248
0.175491
0.174714
0.173918
0.173105
0.172275
0.17143
0.170573
0.169706
0.16883
0.167948
0.167062
0.166176
0.165292
0.164414
0.163546
0.162692
0.161857
0.161046
0.160265
0.159519
0.158816
0.158163
0.157566
0.157035
0.156577
0.156202
0.155917
0.155731
0.155652
0.155689
0.155848
0.156135
0.156554
0.157108
0.157795
0.158614
0.15956
0.160624
0.161794
0.163057
0.164396
0.165792
0.167224
0.168673
0.170116
0.171534
0.172909
0.174225
0.175469
0.176635
0.177717
0.178718
0.179645
0.180509
0.181327
0.182122
0.182919
0.183747
0.18464
0.18563
0.186752
0.188038
0.18952
0.191225
0.193178
0.195397
0.197896
0.200682
0.203756
0.207115
0.210746
0.214633
0.218752
0.223079
0.227581
0.232225
0.236972
0.24177
0.246555
0.251268
0.25584
0.260199
0.264266
0.267952
0.271151
0.273733
0.275514
0.276268
0.275652
0.273054
0.26797
0.219686
0.219674
0.219674
0.219681
0.219697
0.219721
0.219752
0.21979
0.219836
0.219888
0.219947
0.220012
0.220084
0.220162
0.220246
0.220336
0.220433
0.220535
0.220644
0.220758
0.220878
0.221004
0.221135
0.221272
0.221415
0.221563
0.221716
0.221874
0.222037
0.222205
0.222378
0.222556
0.222739
0.222926
0.223117
0.223312
0.223512
0.223715
0.223922
0.224133
0.224348
0.224566
0.224787
0.225011
0.225237
0.225467
0.225699
0.225934
0.22617
0.226409
0.226649
0.226891
0.227135
0.22738
0.227625
0.227872
0.22812
0.228367
0.228615
0.228863
0.229111
0.229359
0.229606
0.229852
0.230097
0.23034
0.230583
0.230823
0.231061
0.231298
0.231531
0.231763
0.231991
0.232216
0.232437
0.232655
0.232869
0.233079
0.233284
0.233484
0.23368
0.23387
0.234055
0.234234
0.234407
0.234574
0.234734
0.234887
0.235033
0.235172
0.235303
0.235426
0.23554
0.235646
0.235743
0.235831
0.235909
0.235977
0.236035
0.236083
0.23612
0.236146
0.23616
0.236163
0.236153
0.236131
0.236097
0.236049
0.235987
0.235912
0.235823
0.235719
0.235601
0.235467
0.235317
0.235151
0.234969
0.234771
0.234555
0.234322
0.234071
0.233801
0.233514
0.233207
0.232881
0.232535
0.232169
0.231783
0.231376
0.230948
0.230499
0.230029
0.229536
0.229022
0.228485
0.227926
0.227345
0.226741
0.226115
0.225466
0.224795
0.224101
0.223386
0.22265
0.221892
0.221114
0.220317
0.219501
0.218668
0.217819
0.216955
0.216078
0.21519
0.214294
0.213393
0.21249
0.21159
0.210696
0.209813
0.208946
0.2081
0.20728
0.206495
0.20575
0.205052
0.204412
0.203836
0.203334
0.202917
0.202594
0.202376
0.202274
0.202298
0.202459
0.202768
0.203232
0.203861
0.20466
0.205634
0.206786
0.208113
0.209613
0.211278
0.213098
0.215059
0.217143
0.219331
0.221598
0.22392
0.226271
0.228625
0.230953
0.233233
0.23544
0.237555
0.239563
0.241451
0.243214
0.24485
0.246366
0.247771
0.249081
0.250319
0.251511
0.252688
0.253884
0.255135
0.25648
0.257956
0.259601
0.261448
0.263528
0.265868
0.268488
0.271405
0.274625
0.278152
0.281981
0.286101
0.290495
0.29514
0.300008
0.305067
0.310279
0.315604
0.320997
0.326407
0.331778
0.337049
0.34216
0.347046
0.351644
0.355889
0.359713
0.363048
0.365819
0.367941
0.369311
0.369779
0.36905
0.247291
0.247276
0.247274
0.247281
0.247297
0.247321
0.247354
0.247394
0.247443
0.2475
0.247564
0.247636
0.247716
0.247803
0.247897
0.247999
0.248107
0.248223
0.248345
0.248475
0.248611
0.248754
0.248904
0.24906
0.249222
0.24939
0.249565
0.249746
0.249933
0.250125
0.250323
0.250526
0.250735
0.250949
0.251169
0.251393
0.251621
0.251855
0.252093
0.252335
0.252581
0.252831
0.253085
0.253342
0.253603
0.253866
0.254133
0.254403
0.254675
0.254949
0.255226
0.255504
0.255784
0.256065
0.256348
0.256632
0.256917
0.257202
0.257487
0.257772
0.258058
0.258343
0.258627
0.25891
0.259192
0.259472
0.259751
0.260028
0.260303
0.260575
0.260844
0.26111
0.261373
0.261633
0.261888
0.262139
0.262386
0.262628
0.262865
0.263096
0.263322
0.263542
0.263755
0.263963
0.264163
0.264356
0.264541
0.264719
0.264889
0.26505
0.265202
0.265345
0.265479
0.265603
0.265717
0.265821
0.265913
0.265995
0.266065
0.266123
0.26617
0.266203
0.266224
0.266232
0.266226
0.266206
0.266171
0.266122
0.266058
0.265978
0.265883
0.265771
0.265643
0.265497
0.265335
0.265154
0.264956
0.264739
0.264502
0.264247
0.263972
0.263677
0.263362
0.263026
0.262668
0.26229
0.261889
0.261467
0.261022
0.260555
0.260065
0.259553
0.259017
0.258458
0.257876
0.25727
0.256642
0.25599
0.255316
0.25462
0.253902
0.253162
0.252402
0.251622
0.250823
0.250007
0.249175
0.248329
0.24747
0.246601
0.245725
0.244844
0.243962
0.243083
0.242211
0.241354
0.240515
0.239702
0.238921
0.23818
0.237487
0.23685
0.23628
0.235786
0.23538
0.235073
0.234877
0.234804
0.234869
0.235084
0.235461
0.236013
0.236753
0.237689
0.238832
0.240188
0.241761
0.243553
0.245561
0.247781
0.250201
0.252809
0.255586
0.258512
0.26156
0.264702
0.267909
0.271147
0.274384
0.277588
0.280729
0.283777
0.286709
0.289503
0.292145
0.294623
0.296936
0.299085
0.30108
0.302936
0.304674
0.306321
0.307907
0.309468
0.311042
0.312667
0.314384
0.316233
0.318249
0.320469
0.322922
0.325635
0.328626
0.331912
0.335498
0.339387
0.343574
0.348048
0.352792
0.357784
0.362996
0.368399
0.373956
0.379631
0.385381
0.391164
0.396935
0.402646
0.408248
0.413695
0.41894
0.423939
0.428653
0.433047
0.437089
0.440751
0.444009
0.446835
0.449191
0.450963
0.267943
0.267928
0.267925
0.267932
0.267949
0.267975
0.26801
0.268055
0.268108
0.26817
0.268241
0.26832
0.268408
0.268505
0.268609
0.268722
0.268843
0.268972
0.269108
0.269253
0.269405
0.269564
0.269731
0.269906
0.270087
0.270276
0.270471
0.270674
0.270883
0.271098
0.27132
0.271548
0.271782
0.272022
0.272267
0.272518
0.272775
0.273037
0.273303
0.273575
0.273851
0.274131
0.274416
0.274705
0.274997
0.275293
0.275592
0.275895
0.2762
0.276508
0.276818
0.277131
0.277445
0.277761
0.278079
0.278398
0.278717
0.279038
0.279358
0.279679
0.28
0.28032
0.280639
0.280958
0.281275
0.281591
0.281905
0.282216
0.282525
0.282832
0.283135
0.283435
0.283732
0.284024
0.284313
0.284596
0.284875
0.285149
0.285417
0.285679
0.285935
0.286185
0.286427
0.286663
0.286891
0.287111
0.287323
0.287526
0.287721
0.287906
0.288082
0.288248
0.288404
0.288549
0.288683
0.288805
0.288916
0.289015
0.289102
0.289175
0.289236
0.289283
0.289316
0.289334
0.289338
0.289327
0.2893
0.289257
0.289198
0.289123
0.28903
0.28892
0.288792
0.288646
0.288482
0.288298
0.288095
0.287872
0.287629
0.287365
0.287081
0.286776
0.286449
0.2861
0.285729
0.285335
0.284919
0.28448
0.284018
0.283532
0.283024
0.282491
0.281936
0.281357
0.280754
0.280129
0.279481
0.278811
0.278119
0.277405
0.276672
0.275919
0.275148
0.27436
0.273558
0.272742
0.271915
0.271079
0.270238
0.269395
0.268553
0.267718
0.266893
0.266085
0.265299
0.264545
0.263831
0.263164
0.262554
0.262011
0.261547
0.261173
0.260902
0.260748
0.260725
0.260848
0.261132
0.261592
0.262244
0.263103
0.264183
0.265496
0.267053
0.268864
0.270934
0.273266
0.275858
0.278706
0.281798
0.285121
0.288655
0.292375
0.296252
0.300255
0.304346
0.308488
0.312642
0.316769
0.320829
0.324788
0.328614
0.332278
0.335761
0.339046
0.342127
0.345004
0.347682
0.350178
0.352512
0.354712
0.35681
0.358845
0.360854
0.362882
0.364969
0.367158
0.369489
0.371998
0.374719
0.377679
0.380901
0.384402
0.388192
0.392276
0.396651
0.40131
0.406239
0.411421
0.416832
0.422445
0.42823
0.434155
0.440183
0.446279
0.452405
0.458521
0.46459
0.470573
0.476433
0.482137
0.487652
0.492951
0.498012
0.502816
0.507351
0.511607
0.515578
0.519261
0.522646
0.525668
0.284343
0.284327
0.284324
0.284332
0.28435
0.284379
0.284417
0.284466
0.284524
0.284592
0.28467
0.284757
0.284854
0.28496
0.285075
0.2852
0.285333
0.285475
0.285626
0.285786
0.285954
0.28613
0.286315
0.286508
0.286709
0.286917
0.287134
0.287358
0.287589
0.287828
0.288073
0.288326
0.288585
0.288851
0.289123
0.289401
0.289685
0.289975
0.290271
0.290572
0.290878
0.291189
0.291504
0.291824
0.292149
0.292477
0.292809
0.293144
0.293483
0.293825
0.294169
0.294516
0.294865
0.295216
0.295569
0.295922
0.296278
0.296633
0.29699
0.297346
0.297703
0.298059
0.298414
0.298769
0.299122
0.299473
0.299823
0.30017
0.300515
0.300857
0.301196
0.301531
0.301862
0.30219
0.302512
0.30283
0.303143
0.30345
0.303751
0.304046
0.304334
0.304616
0.30489
0.305157
0.305415
0.305666
0.305907
0.30614
0.306363
0.306576
0.306779
0.306972
0.307153
0.307324
0.307482
0.307629
0.307763
0.307885
0.307993
0.308088
0.308168
0.308235
0.308286
0.308323
0.308344
0.308349
0.308337
0.308309
0.308264
0.308202
0.308121
0.308022
0.307905
0.307768
0.307612
0.307437
0.307241
0.307024
0.306787
0.306528
0.306248
0.305946
0.305622
0.305275
0.304906
0.304514
0.304099
0.303661
0.303199
0.302714
0.302206
0.301674
0.30112
0.300542
0.299943
0.299321
0.298677
0.298013
0.297329
0.296626
0.295905
0.295168
0.294417
0.293653
0.292879
0.292097
0.291311
0.290524
0.28974
0.288964
0.2882
0.287455
0.286735
0.286047
0.285401
0.284806
0.284274
0.283815
0.283441
0.283167
0.283005
0.282971
0.283081
0.283352
0.283802
0.284447
0.285307
0.286398
0.287738
0.289342
0.291226
0.2934
0.295875
0.298655
0.301744
0.305137
0.308827
0.3128
0.317037
0.321514
0.3262
0.331059
0.336051
0.341133
0.346258
0.351378
0.356447
0.361419
0.366252
0.37091
0.375363
0.379587
0.38357
0.387305
0.390797
0.39406
0.397114
0.39999
0.402724
0.405355
0.40793
0.410493
0.413093
0.415775
0.418584
0.421558
0.424733
0.428139
0.431799
0.435731
0.439945
0.444444
0.449227
0.454286
0.459606
0.465169
0.470954
0.476933
0.483079
0.489359
0.495742
0.502193
0.508678
0.515163
0.521615
0.528001
0.534289
0.540451
0.546461
0.552294
0.55793
0.563355
0.568555
0.573525
0.57826
0.58276
0.587029
0.59107
0.594889
0.598435
0.297735
0.297717
0.297715
0.297724
0.297744
0.297776
0.297818
0.297871
0.297935
0.29801
0.298095
0.298191
0.298297
0.298414
0.29854
0.298677
0.298823
0.298979
0.299145
0.29932
0.299505
0.299699
0.299902
0.300115
0.300335
0.300565
0.300803
0.301049
0.301304
0.301567
0.301837
0.302115
0.3024
0.302693
0.302992
0.303299
0.303611
0.303931
0.304256
0.304587
0.304925
0.305267
0.305615
0.305967
0.306324
0.306686
0.307052
0.307422
0.307795
0.308172
0.308551
0.308934
0.309319
0.309706
0.310095
0.310486
0.310878
0.311271
0.311665
0.312059
0.312453
0.312847
0.31324
0.313633
0.314024
0.314413
0.314801
0.315186
0.315569
0.315949
0.316325
0.316698
0.317067
0.317431
0.317791
0.318146
0.318496
0.318839
0.319177
0.319508
0.319832
0.320149
0.320459
0.32076
0.321053
0.321338
0.321613
0.321879
0.322135
0.322381
0.322616
0.322841
0.323053
0.323254
0.323443
0.32362
0.323783
0.323933
0.32407
0.324192
0.3243
0.324393
0.324471
0.324533
0.324578
0.324608
0.32462
0.324616
0.324593
0.324553
0.324494
0.324416
0.324319
0.324203
0.324067
0.32391
0.323733
0.323535
0.323316
0.323075
0.322813
0.322528
0.322221
0.321892
0.32154
0.321165
0.320767
0.320347
0.319903
0.319437
0.318948
0.318437
0.317904
0.317349
0.316773
0.316177
0.315562
0.314928
0.314277
0.313611
0.31293
0.312238
0.311536
0.310828
0.310115
0.309402
0.308693
0.307992
0.307305
0.306637
0.305995
0.305386
0.304819
0.304304
0.30385
0.303472
0.303182
0.302996
0.302927
0.302992
0.303209
0.303596
0.304172
0.304957
0.305973
0.307239
0.308775
0.310602
0.312738
0.315199
0.317998
0.321148
0.324653
0.328517
0.332735
0.3373
0.342193
0.347394
0.352873
0.358593
0.364512
0.370581
0.376749
0.382959
0.389153
0.395275
0.401271
0.40709
0.412691
0.418037
0.423105
0.427881
0.432364
0.436564
0.440501
0.444209
0.447725
0.451098
0.45438
0.457625
0.460887
0.46422
0.467674
0.471295
0.47512
0.479183
0.483507
0.488109
0.492998
0.498173
0.503631
0.509357
0.515335
0.521542
0.527952
0.534535
0.54126
0.548092
0.555
0.561947
0.568901
0.575829
0.582698
0.58948
0.596146
0.60267
0.60903
0.615205
0.621178
0.626937
0.63247
0.637771
0.642838
0.647671
0.652274
0.656654
0.660819
0.66478
0.668549
0.672086
0.308813
0.308795
0.308793
0.308804
0.308827
0.308861
0.308908
0.308967
0.309037
0.309119
0.309212
0.309317
0.309433
0.30956
0.309699
0.309848
0.310009
0.31018
0.310361
0.310553
0.310756
0.310968
0.311191
0.311423
0.311665
0.311917
0.312177
0.312447
0.312726
0.313014
0.31331
0.313615
0.313927
0.314248
0.314576
0.314912
0.315255
0.315605
0.315962
0.316326
0.316695
0.317071
0.317452
0.317839
0.318231
0.318628
0.319029
0.319435
0.319845
0.320259
0.320676
0.321096
0.32152
0.321945
0.322373
0.322803
0.323234
0.323667
0.3241
0.324534
0.324968
0.325403
0.325836
0.326269
0.326701
0.327131
0.32756
0.327986
0.32841
0.32883
0.329248
0.329662
0.330072
0.330477
0.330878
0.331273
0.331663
0.332047
0.332425
0.332796
0.333161
0.333517
0.333867
0.334207
0.33454
0.334863
0.335177
0.335481
0.335776
0.336059
0.336332
0.336594
0.336843
0.337081
0.337306
0.337519
0.337718
0.337904
0.338075
0.338232
0.338374
0.338501
0.338612
0.338708
0.338787
0.338849
0.338894
0.338921
0.338931
0.338922
0.338894
0.338848
0.338782
0.338697
0.338591
0.338465
0.338319
0.338151
0.337963
0.337753
0.337521
0.337268
0.336992
0.336695
0.336375
0.336034
0.33567
0.335284
0.334876
0.334446
0.333996
0.333524
0.333032
0.332521
0.331991
0.331444
0.33088
0.330301
0.329709
0.329105
0.328493
0.327874
0.327252
0.326629
0.326011
0.325402
0.324806
0.32423
0.32368
0.323163
0.322688
0.322264
0.321901
0.321611
0.321407
0.321305
0.321322
0.321476
0.321783
0.322265
0.322941
0.323835
0.324968
0.326364
0.328047
0.330039
0.332365
0.335045
0.338099
0.341544
0.345393
0.349654
0.354333
0.359425
0.364923
0.37081
0.377059
0.38364
0.39051
0.397619
0.40491
0.412322
0.419785
0.427231
0.434589
0.441794
0.448783
0.455505
0.461917
0.467993
0.473718
0.479095
0.484141
0.488889
0.493383
0.497679
0.501838
0.505927
0.510015
0.514167
0.518444
0.522901
0.527583
0.532527
0.537758
0.543293
0.549135
0.555282
0.561719
0.568428
0.575382
0.582549
0.589895
0.597381
0.604969
0.61262
0.620293
0.627951
0.635558
0.643078
0.65048
0.657735
0.664815
0.671699
0.678365
0.684796
0.69098
0.696906
0.702566
0.707958
0.71308
0.717936
0.722532
0.726875
0.730975
0.734846
0.738502
0.74196
0.745237
0.748296
0.31802
0.318001
0.318
0.318012
0.318038
0.318076
0.318128
0.318192
0.318269
0.318359
0.318461
0.318576
0.318703
0.318842
0.318993
0.319156
0.319332
0.319518
0.319717
0.319926
0.320148
0.32038
0.320623
0.320876
0.321141
0.321416
0.3217
0.321995
0.3223
0.322614
0.322938
0.323271
0.323612
0.323963
0.324322
0.324689
0.325064
0.325446
0.325836
0.326234
0.326638
0.327049
0.327466
0.327889
0.328318
0.328752
0.329191
0.329636
0.330084
0.330538
0.330994
0.331455
0.331919
0.332385
0.332855
0.333326
0.333799
0.334274
0.33475
0.335227
0.335704
0.336182
0.336659
0.337136
0.337611
0.338086
0.338558
0.339029
0.339497
0.339962
0.340424
0.340883
0.341337
0.341787
0.342233
0.342673
0.343108
0.343536
0.343959
0.344375
0.344783
0.345185
0.345578
0.345963
0.346339
0.346707
0.347065
0.347413
0.34775
0.348078
0.348394
0.348698
0.348991
0.349272
0.34954
0.349794
0.350036
0.350264
0.350477
0.350676
0.35086
0.351028
0.351181
0.351318
0.351438
0.351541
0.351627
0.351696
0.351747
0.351779
0.351793
0.351787
0.351763
0.351719
0.351655
0.351571
0.351467
0.351342
0.351196
0.35103
0.350842
0.350633
0.350403
0.350152
0.34988
0.349586
0.349272
0.348937
0.348582
0.348207
0.347813
0.3474
0.346969
0.346522
0.346059
0.345582
0.345093
0.344593
0.344085
0.34357
0.343053
0.342537
0.342024
0.34152
0.34103
0.340559
0.340114
0.339702
0.33933
0.339008
0.338747
0.338557
0.338451
0.338442
0.338548
0.338785
0.339175
0.339738
0.340498
0.341477
0.342699
0.344191
0.345979
0.34809
0.350552
0.353391
0.356633
0.360301
0.364418
0.368999
0.37406
0.379606
0.38564
0.392153
0.399132
0.40655
0.414373
0.422555
0.43104
0.439762
0.448646
0.457611
0.466572
0.475441
0.484134
0.492573
0.500691
0.508434
0.515768
0.522676
0.529165
0.535261
0.541011
0.546478
0.551739
0.556877
0.56198
0.567136
0.572424
0.577916
0.583671
0.589735
0.596137
0.602894
0.610004
0.617458
0.62523
0.633288
0.641592
0.650096
0.658749
0.667501
0.676299
0.685092
0.693833
0.702473
0.710972
0.71929
0.727392
0.735248
0.742834
0.750126
0.757108
0.763766
0.770091
0.776078
0.781723
0.787029
0.792
0.796642
0.800965
0.804982
0.808706
0.812154
0.815342
0.818289
0.821015
0.823543
0.825894
0.828029
0.325664
0.325645
0.325645
0.32566
0.325688
0.325731
0.325788
0.325858
0.325943
0.326041
0.326152
0.326277
0.326416
0.326568
0.326733
0.326911
0.327102
0.327306
0.327522
0.32775
0.327991
0.328244
0.328509
0.328786
0.329074
0.329373
0.329684
0.330005
0.330337
0.330679
0.331032
0.331395
0.331767
0.332149
0.332541
0.332941
0.333349
0.333767
0.334192
0.334625
0.335066
0.335514
0.335969
0.336431
0.336899
0.337373
0.337853
0.338338
0.338829
0.339324
0.339823
0.340326
0.340833
0.341344
0.341857
0.342373
0.342892
0.343412
0.343933
0.344456
0.34498
0.345504
0.346028
0.346552
0.347075
0.347597
0.348117
0.348635
0.349152
0.349665
0.350176
0.350682
0.351186
0.351684
0.352179
0.352668
0.353151
0.353629
0.354101
0.354566
0.355023
0.355474
0.355916
0.356351
0.356776
0.357193
0.3576
0.357997
0.358384
0.35876
0.359125
0.359479
0.35982
0.36015
0.360467
0.360771
0.361061
0.361338
0.3616
0.361848
0.362081
0.362299
0.362501
0.362686
0.362856
0.363009
0.363144
0.363263
0.363363
0.363446
0.36351
0.363556
0.363583
0.36359
0.363579
0.363547
0.363497
0.363426
0.363335
0.363224
0.363093
0.362942
0.362771
0.36258
0.362369
0.362139
0.36189
0.361622
0.361336
0.361032
0.360712
0.360376
0.360026
0.359663
0.359288
0.358903
0.35851
0.358113
0.357713
0.357313
0.356919
0.356532
0.35616
0.355806
0.355476
0.355179
0.354921
0.354711
0.35456
0.354477
0.354476
0.35457
0.354773
0.355104
0.355579
0.356219
0.35705
0.358099
0.359389
0.360949
0.362809
0.364997
0.367546
0.370486
0.37385
0.377669
0.381972
0.386786
0.392135
0.39804
0.404513
0.411562
0.419187
0.427376
0.436106
0.445345
0.455044
0.465144
0.47557
0.486234
0.497041
0.507884
0.518653
0.529239
0.539539
0.549461
0.558931
0.567899
0.576341
0.584263
0.591703
0.598725
0.605418
0.611888
0.618251
0.624629
0.631134
0.637869
0.644921
0.652352
0.660204
0.668497
0.677227
0.686371
0.695889
0.70573
0.71583
0.72612
0.736528
0.746979
0.757402
0.767729
0.777894
0.787839
0.797513
0.80687
0.815871
0.824485
0.832686
0.840455
0.847778
0.854647
0.861059
0.867015
0.872519
0.877579
0.882207
0.886417
0.890225
0.893651
0.896713
0.899434
0.901837
0.903944
0.905779
0.907367
0.908732
0.909899
0.910895
0.911675
0.331982
0.331963
0.331964
0.331981
0.332013
0.33206
0.332123
0.3322
0.332292
0.332399
0.332521
0.332658
0.332809
0.332974
0.333154
0.333348
0.333556
0.333777
0.334012
0.334261
0.334523
0.334798
0.335086
0.335387
0.3357
0.336026
0.336363
0.336713
0.337074
0.337446
0.33783
0.338224
0.33863
0.339045
0.339471
0.339906
0.340351
0.340805
0.341268
0.341739
0.342219
0.342707
0.343202
0.343705
0.344215
0.344731
0.345254
0.345783
0.346317
0.346857
0.347401
0.34795
0.348504
0.349061
0.349621
0.350185
0.350751
0.35132
0.35189
0.352462
0.353036
0.35361
0.354184
0.354758
0.355332
0.355905
0.356477
0.357047
0.357615
0.358181
0.358743
0.359303
0.359858
0.36041
0.360957
0.3615
0.362037
0.362568
0.363093
0.363612
0.364123
0.364627
0.365124
0.365612
0.366092
0.366563
0.367024
0.367476
0.367917
0.368348
0.368768
0.369176
0.369573
0.369958
0.37033
0.370689
0.371035
0.371367
0.371685
0.371989
0.372278
0.372551
0.37281
0.373053
0.373279
0.373489
0.373683
0.373859
0.374019
0.37416
0.374284
0.37439
0.374477
0.374546
0.374597
0.374629
0.374642
0.374636
0.374611
0.374568
0.374505
0.374424
0.374325
0.374207
0.374072
0.373919
0.373749
0.373563
0.373361
0.373145
0.372916
0.372675
0.372423
0.372162
0.371894
0.371622
0.371348
0.371075
0.370807
0.370547
0.3703
0.370072
0.369867
0.369693
0.369556
0.369466
0.369431
0.369462
0.369571
0.369771
0.370076
0.370503
0.371069
0.371794
0.3727
0.37381
0.375151
0.376757
0.378657
0.380886
0.383476
0.386463
0.389885
0.393777
0.398179
0.403126
0.408654
0.414796
0.42158
0.429031
0.437165
0.445992
0.45551
0.465705
0.476549
0.487998
0.499992
0.512452
0.525281
0.538365
0.551575
0.564774
0.577818
0.590565
0.602886
0.61467
0.625835
0.636338
0.646175
0.655389
0.664066
0.672327
0.680324
0.688222
0.696191
0.704388
0.71295
0.721983
0.731558
0.741707
0.752429
0.76369
0.775426
0.787556
0.799983
0.812602
0.825302
0.837976
0.85052
0.86284
0.874848
0.886468
0.897635
0.908295
0.918405
0.927932
0.936853
0.945151
0.952821
0.959862
0.966279
0.972084
0.97729
0.981918
0.985988
0.989526
0.992557
0.995109
0.997211
0.998893
1.00019
1.00112
1.00172
1.00203
1.00206
1.00186
1.00144
1.00083
1.00006
0.999075
0.337164
0.337145
0.337148
0.337167
0.337203
0.337255
0.337324
0.337408
0.337509
0.337626
0.337759
0.337907
0.338072
0.338252
0.338447
0.338658
0.338883
0.339124
0.339379
0.339649
0.339934
0.340232
0.340545
0.340871
0.341211
0.341565
0.341931
0.34231
0.342702
0.343107
0.343523
0.343951
0.344391
0.344842
0.345304
0.345776
0.346259
0.346752
0.347255
0.347767
0.348288
0.348818
0.349356
0.349903
0.350457
0.351018
0.351586
0.352161
0.352743
0.35333
0.353922
0.35452
0.355122
0.355729
0.35634
0.356954
0.357572
0.358192
0.358815
0.359439
0.360065
0.360692
0.36132
0.361949
0.362577
0.363205
0.363831
0.364457
0.36508
0.365702
0.366321
0.366937
0.367549
0.368158
0.368762
0.369362
0.369956
0.370545
0.371128
0.371705
0.372275
0.372838
0.373393
0.37394
0.374479
0.375009
0.37553
0.376041
0.376542
0.377033
0.377513
0.377982
0.378439
0.378884
0.379317
0.379738
0.380145
0.380539
0.380919
0.381285
0.381637
0.381974
0.382296
0.382603
0.382894
0.383169
0.383428
0.38367
0.383896
0.384105
0.384296
0.384471
0.384628
0.384768
0.38489
0.384994
0.385081
0.38515
0.385202
0.385237
0.385254
0.385254
0.385238
0.385206
0.385158
0.385095
0.385018
0.384928
0.384825
0.384712
0.384589
0.384458
0.384321
0.38418
0.384038
0.383897
0.383761
0.383633
0.383518
0.383421
0.383346
0.3833
0.38329
0.383324
0.38341
0.383558
0.38378
0.384087
0.384494
0.385017
0.385671
0.386477
0.387456
0.388629
0.390023
0.391665
0.393585
0.395821
0.39841
0.401393
0.404808
0.408698
0.413107
0.418081
0.423664
0.429901
0.436837
0.444512
0.452965
0.462226
0.472321
0.483262
0.495052
0.507676
0.521105
0.535284
0.550138
0.565567
0.581446
0.597625
0.613934
0.630188
0.646192
0.66176
0.676718
0.690927
0.704294
0.716782
0.728425
0.739321
0.749635
0.759577
0.76939
0.77932
0.789599
0.800422
0.81193
0.824204
0.837262
0.851065
0.865524
0.880515
0.895886
0.911475
0.927113
0.942637
0.957895
0.97275
0.987083
1.00079
1.01379
1.02603
1.03744
1.04801
1.05771
1.06654
1.0745
1.08161
1.08788
1.09335
1.09803
1.10197
1.10521
1.10777
1.10971
1.11106
1.11186
1.11215
1.11198
1.11138
1.11039
1.10905
1.1074
1.10546
1.10328
1.10087
1.09828
1.09553
1.09263
1.08953
0.341373
0.341354
0.341358
0.34138
0.34142
0.341478
0.341553
0.341645
0.341755
0.341883
0.342027
0.342189
0.342367
0.342562
0.342774
0.343002
0.343247
0.343508
0.343785
0.344077
0.344386
0.344709
0.345048
0.345401
0.34577
0.346152
0.346549
0.34696
0.347385
0.347823
0.348274
0.348737
0.349214
0.349702
0.350203
0.350714
0.351238
0.351772
0.352317
0.352872
0.353437
0.354011
0.354595
0.355187
0.355788
0.356397
0.357013
0.357637
0.358268
0.358905
0.359549
0.360198
0.360853
0.361512
0.362176
0.362844
0.363516
0.364191
0.364869
0.365549
0.366231
0.366915
0.3676
0.368286
0.368972
0.369657
0.370343
0.371027
0.37171
0.372391
0.37307
0.373746
0.374419
0.375088
0.375754
0.376415
0.377071
0.377722
0.378367
0.379006
0.379639
0.380265
0.380883
0.381494
0.382096
0.38269
0.383275
0.383851
0.384417
0.384972
0.385518
0.386052
0.386575
0.387087
0.387586
0.388073
0.388548
0.389009
0.389458
0.389892
0.390313
0.390719
0.391111
0.391488
0.39185
0.392197
0.392528
0.392843
0.393143
0.393426
0.393694
0.393945
0.39418
0.394398
0.3946
0.394786
0.394956
0.395109
0.395247
0.395369
0.395476
0.395568
0.395645
0.395709
0.39576
0.395799
0.395827
0.395845
0.395854
0.395857
0.395854
0.395847
0.39584
0.395835
0.395835
0.395842
0.395862
0.395898
0.395956
0.396041
0.396159
0.396318
0.396527
0.396793
0.397128
0.397542
0.39805
0.398665
0.399404
0.400285
0.401327
0.402554
0.403989
0.405659
0.407594
0.409825
0.412388
0.41532
0.418671
0.422487
0.426816
0.431709
0.437219
0.443401
0.450312
0.458007
0.466544
0.475977
0.486356
0.497728
0.510128
0.523583
0.538105
0.553685
0.570294
0.587873
0.606335
0.625555
0.645374
0.665597
0.685996
0.706316
0.72629
0.745652
0.764163
0.781629
0.79793
0.813042
0.82705
0.840147
0.852621
0.864822
0.877127
0.889893
0.903421
0.917921
0.9335
0.950152
0.967777
0.986194
1.00517
1.02446
1.04379
1.0629
1.08157
1.09959
1.11679
1.13303
1.14822
1.16227
1.17515
1.18681
1.19727
1.20654
1.21463
1.22159
1.22745
1.23227
1.23611
1.239
1.24103
1.24223
1.24268
1.24242
1.24151
1.24001
1.23797
1.23544
1.23247
1.2291
1.22538
1.22135
1.21705
1.21251
1.20777
1.20285
1.19778
1.19259
1.1873
1.1818
0.344751
0.344732
0.344738
0.344763
0.344807
0.344871
0.344953
0.345054
0.345174
0.345312
0.345469
0.345644
0.345837
0.346049
0.346278
0.346525
0.34679
0.347072
0.347372
0.347688
0.348022
0.348372
0.348738
0.34912
0.349518
0.349932
0.350361
0.350805
0.351264
0.351737
0.352225
0.352726
0.353241
0.353769
0.35431
0.354864
0.355429
0.356007
0.356596
0.357196
0.357807
0.358428
0.35906
0.359701
0.360351
0.36101
0.361677
0.362353
0.363036
0.363726
0.364423
0.365127
0.365836
0.366551
0.367271
0.367996
0.368725
0.369458
0.370194
0.370933
0.371675
0.372418
0.373163
0.37391
0.374657
0.375404
0.376152
0.376898
0.377644
0.378388
0.37913
0.37987
0.380607
0.381341
0.382071
0.382798
0.383519
0.384236
0.384947
0.385653
0.386352
0.387045
0.387731
0.388409
0.389079
0.389741
0.390395
0.391039
0.391675
0.3923
0.392915
0.39352
0.394113
0.394696
0.395267
0.395826
0.396373
0.396907
0.397429
0.397937
0.398432
0.398914
0.399381
0.399834
0.400273
0.400698
0.401108
0.401503
0.401883
0.402248
0.402597
0.402932
0.403252
0.403556
0.403846
0.404121
0.404381
0.404626
0.404858
0.405076
0.405281
0.405474
0.405655
0.405825
0.405984
0.406135
0.406278
0.406415
0.406547
0.406677
0.406806
0.406937
0.407073
0.407216
0.407371
0.407542
0.407732
0.407948
0.408195
0.408479
0.408809
0.409192
0.409638
0.410157
0.410762
0.411466
0.412284
0.413232
0.41433
0.415598
0.41706
0.41874
0.420667
0.422873
0.425391
0.428258
0.431516
0.435207
0.439379
0.444096
0.449416
0.455398
0.46211
0.469617
0.477991
0.487305
0.497632
0.509046
0.52162
0.535418
0.550502
0.566919
0.5847
0.603854
0.624365
0.646178
0.669199
0.693285
0.718239
0.743809
0.769691
0.795532
0.820949
0.845554
0.868981
0.890937
0.911241
0.929869
0.946983
0.962927
0.978192
0.993348
1.00897
1.02556
1.04347
1.06289
1.08379
1.10598
1.12912
1.15281
1.17663
1.20015
1.22301
1.2449
1.26555
1.28479
1.30248
1.31853
1.33291
1.34562
1.35667
1.36612
1.37402
1.38045
1.38549
1.38922
1.39173
1.3931
1.39342
1.39277
1.39124
1.38889
1.38581
1.38207
1.37772
1.37284
1.36748
1.3617
1.35554
1.34906
1.3423
1.3353
1.32809
1.32072
1.31321
1.30559
1.29787
1.29008
1.28222
1.27419
0.347427
0.347409
0.347417
0.347445
0.347494
0.347564
0.347653
0.347763
0.347893
0.348043
0.348213
0.348403
0.348612
0.348841
0.349089
0.349356
0.349642
0.349946
0.35027
0.350611
0.350971
0.351349
0.351744
0.352156
0.352586
0.353032
0.353495
0.353974
0.354469
0.35498
0.355506
0.356046
0.356602
0.357171
0.357755
0.358352
0.358962
0.359586
0.360221
0.360869
0.361528
0.362199
0.36288
0.363572
0.364274
0.364986
0.365706
0.366436
0.367174
0.36792
0.368673
0.369434
0.370201
0.370974
0.371753
0.372537
0.373326
0.37412
0.374917
0.375718
0.376522
0.377328
0.378136
0.378946
0.379758
0.38057
0.381382
0.382194
0.383006
0.383816
0.384625
0.385432
0.386237
0.387039
0.387837
0.388632
0.389423
0.390209
0.39099
0.391765
0.392535
0.393298
0.394055
0.394805
0.395547
0.396281
0.397007
0.397725
0.398433
0.399132
0.399821
0.4005
0.401169
0.401827
0.402474
0.403109
0.403733
0.404345
0.404944
0.405531
0.406106
0.406667
0.407215
0.40775
0.408271
0.408779
0.409273
0.409753
0.410219
0.410671
0.411109
0.411533
0.411944
0.41234
0.412724
0.413094
0.413451
0.413796
0.414129
0.414451
0.414762
0.415062
0.415354
0.415638
0.415914
0.416185
0.416453
0.416717
0.416982
0.417248
0.417519
0.417797
0.418086
0.418389
0.418711
0.419056
0.419429
0.419836
0.420285
0.420782
0.421336
0.421957
0.422655
0.423443
0.424335
0.425344
0.42649
0.427789
0.429265
0.43094
0.432841
0.434997
0.43744
0.440206
0.443335
0.446869
0.450855
0.455344
0.460391
0.466057
0.472419
0.479553
0.487538
0.496458
0.506402
0.517464
0.529741
0.543334
0.558343
0.574869
0.593004
0.612833
0.634425
0.657825
0.683045
0.710058
0.73878
0.769063
0.800682
0.833327
0.866601
0.900019
0.933026
0.96503
0.995446
1.02377
1.04968
1.0731
1.09428
1.11382
1.13255
1.15136
1.17114
1.19254
1.21597
1.24145
1.26869
1.29711
1.32602
1.3547
1.38252
1.40897
1.43364
1.45626
1.47665
1.49474
1.5105
1.52398
1.53525
1.54442
1.5516
1.55693
1.56054
1.56256
1.56313
1.56237
1.5604
1.55733
1.55327
1.54833
1.54259
1.53615
1.52907
1.52143
1.51331
1.50476
1.49584
1.48661
1.47711
1.46739
1.45749
1.44744
1.43728
1.42704
1.41673
1.40638
1.39599
1.38559
1.37517
1.3646
0.349522
0.349504
0.349513
0.349545
0.349599
0.349675
0.349773
0.349892
0.350033
0.350195
0.350379
0.350584
0.35081
0.351057
0.351324
0.351612
0.35192
0.352249
0.352597
0.352965
0.353353
0.353759
0.354185
0.354629
0.355091
0.355572
0.35607
0.356586
0.357118
0.357668
0.358234
0.358816
0.359414
0.360027
0.360655
0.361298
0.361955
0.362626
0.36331
0.364007
0.364717
0.365439
0.366173
0.366918
0.367674
0.368441
0.369217
0.370003
0.370799
0.371602
0.372415
0.373235
0.374062
0.374896
0.375736
0.376582
0.377434
0.378291
0.379152
0.380017
0.380886
0.381758
0.382632
0.383509
0.384387
0.385267
0.386147
0.387028
0.387908
0.388788
0.389666
0.390543
0.391419
0.392291
0.393161
0.394027
0.39489
0.395748
0.396602
0.397451
0.398294
0.399132
0.399963
0.400787
0.401604
0.402414
0.403216
0.40401
0.404795
0.405571
0.406338
0.407095
0.407843
0.40858
0.409306
0.410022
0.410726
0.41142
0.412101
0.412771
0.413428
0.414074
0.414707
0.415327
0.415935
0.41653
0.417113
0.417682
0.418239
0.418783
0.419314
0.419833
0.420339
0.420834
0.421316
0.421787
0.422248
0.422697
0.423137
0.423568
0.42399
0.424405
0.424814
0.425218
0.425618
0.426016
0.426414
0.426814
0.427217
0.427628
0.428048
0.428481
0.428931
0.429402
0.429898
0.430425
0.430989
0.431597
0.432256
0.432974
0.433762
0.43463
0.43559
0.436655
0.437842
0.439166
0.440647
0.442307
0.444169
0.446259
0.448607
0.451247
0.454214
0.457548
0.461295
0.465503
0.470227
0.475524
0.48146
0.488104
0.495532
0.503839
0.513126
0.523497
0.535062
0.54794
0.562259
0.578154
0.595764
0.615234
0.636707
0.660323
0.68621
0.714475
0.745193
0.778392
0.81404
0.852017
0.892103
0.933954
0.97708
1.02084
1.06446
1.10701
1.14754
1.18513
1.21909
1.24917
1.27571
1.29969
1.32247
1.34544
1.36983
1.39648
1.42581
1.45758
1.491
1.52488
1.55804
1.58949
1.61853
1.6447
1.66777
1.68766
1.70439
1.71809
1.72893
1.73711
1.74283
1.7463
1.74774
1.74734
1.74528
1.74175
1.7369
1.73088
1.72382
1.71583
1.70704
1.69754
1.68742
1.67677
1.66565
1.65413
1.64228
1.63015
1.61778
1.60524
1.59254
1.57975
1.56687
1.55395
1.54101
1.52807
1.51514
1.50223
1.48936
1.47652
1.4637
1.45075
0.351144
0.351127
0.351139
0.351175
0.351234
0.351317
0.351423
0.351552
0.351704
0.351879
0.352077
0.352298
0.352541
0.352807
0.353095
0.353405
0.353737
0.35409
0.354464
0.35486
0.355276
0.355713
0.35617
0.356648
0.357144
0.357661
0.358196
0.35875
0.359322
0.359912
0.36052
0.361145
0.361787
0.362445
0.36312
0.36381
0.364516
0.365236
0.365971
0.36672
0.367482
0.368258
0.369046
0.369847
0.370659
0.371483
0.372317
0.373162
0.374017
0.374881
0.375754
0.376635
0.377525
0.378422
0.379326
0.380237
0.381154
0.382076
0.383004
0.383936
0.384872
0.385812
0.386755
0.3877
0.388648
0.389597
0.390548
0.391499
0.392451
0.393403
0.394354
0.395303
0.396251
0.397198
0.398141
0.399082
0.400019
0.400953
0.401882
0.402807
0.403726
0.40464
0.405548
0.40645
0.407345
0.408233
0.409114
0.409987
0.410852
0.411708
0.412555
0.413394
0.414223
0.415042
0.415851
0.41665
0.417439
0.418216
0.418983
0.419739
0.420483
0.421216
0.421937
0.422647
0.423345
0.424031
0.424706
0.425368
0.42602
0.426659
0.427287
0.427905
0.428511
0.429107
0.429692
0.430269
0.430836
0.431394
0.431945
0.43249
0.433028
0.433562
0.434092
0.434621
0.435149
0.435679
0.436213
0.436752
0.4373
0.437859
0.438434
0.439027
0.439642
0.440285
0.440961
0.441676
0.442435
0.443248
0.444121
0.445065
0.44609
0.447208
0.448432
0.449777
0.45126
0.452899
0.454716
0.456733
0.458978
0.461478
0.464267
0.467382
0.470861
0.47475
0.479099
0.483962
0.4894
0.49548
0.502276
0.509868
0.518346
0.527807
0.538362
0.550145
0.563294
0.577957
0.594295
0.612482
0.632707
0.655167
0.680073
0.707636
0.738068
0.771569
0.808314
0.848439
0.892012
0.939011
0.98929
1.04254
1.09824
1.15564
1.21372
1.27116
1.32644
1.37789
1.424
1.46386
1.49778
1.52723
1.55434
1.58101
1.60879
1.63887
1.67184
1.70735
1.74382
1.77927
1.81202
1.84112
1.86619
1.88713
1.90404
1.91714
1.92674
1.93314
1.93667
1.93763
1.93632
1.93299
1.92789
1.92124
1.91322
1.90403
1.8938
1.88267
1.87078
1.85821
1.84508
1.83145
1.81742
1.80304
1.78838
1.77349
1.75842
1.74322
1.72791
1.71254
1.69713
1.68172
1.66633
1.65097
1.63567
1.62044
1.60528
1.59019
1.57518
1.56024
1.54535
1.53036
0.352399
0.352382
0.352396
0.352436
0.352501
0.352591
0.352706
0.352845
0.353009
0.353198
0.353411
0.353649
0.35391
0.354196
0.354505
0.354838
0.355194
0.355572
0.355974
0.356399
0.356845
0.357314
0.357804
0.358315
0.358848
0.359401
0.359974
0.360568
0.361181
0.361814
0.362465
0.363135
0.363822
0.364528
0.365251
0.36599
0.366746
0.367518
0.368305
0.369107
0.369924
0.370755
0.3716
0.372457
0.373328
0.37421
0.375105
0.37601
0.376926
0.377853
0.378789
0.379734
0.380688
0.381651
0.382621
0.383598
0.384582
0.385572
0.386568
0.387568
0.388574
0.389584
0.390597
0.391614
0.392633
0.393655
0.394678
0.395702
0.396727
0.397753
0.398778
0.399802
0.400826
0.401847
0.402867
0.403884
0.404898
0.405909
0.406916
0.407918
0.408916
0.409909
0.410896
0.411878
0.412853
0.413822
0.414783
0.415738
0.416684
0.417623
0.418553
0.419475
0.420388
0.421292
0.422186
0.42307
0.423945
0.42481
0.425664
0.426508
0.427342
0.428164
0.428977
0.429778
0.430569
0.431349
0.432118
0.432876
0.433625
0.434363
0.435091
0.435809
0.436518
0.437218
0.43791
0.438594
0.43927
0.439941
0.440606
0.441267
0.441924
0.44258
0.443235
0.443891
0.444551
0.445215
0.445887
0.446569
0.447263
0.447974
0.448705
0.44946
0.450244
0.451061
0.451918
0.45282
0.453776
0.454793
0.455881
0.457049
0.458309
0.459674
0.461158
0.462777
0.46455
0.466495
0.468636
0.470999
0.47361
0.476501
0.479709
0.48327
0.48723
0.491637
0.496544
0.502012
0.508107
0.514903
0.522483
0.530936
0.540365
0.550882
0.562609
0.575684
0.590268
0.606545
0.624716
0.644993
0.667616
0.692842
0.720951
0.752241
0.787026
0.825622
0.868341
0.915471
0.96725
1.02384
1.08526
1.15137
1.22178
1.29577
1.37218
1.44935
1.52503
1.59634
1.66003
1.71346
1.75713
1.79216
1.82216
1.84894
1.87409
1.89949
1.92701
1.9576
1.98917
2.01979
2.04631
2.06787
2.08461
2.09689
2.10513
2.1098
2.1113
2.11005
2.10639
2.10062
2.09304
2.08388
2.07336
2.06166
2.04896
2.03539
2.02109
2.00615
1.99069
1.97478
1.95851
1.94192
1.9251
1.90808
1.89091
1.87363
1.85628
1.83889
1.8215
1.80411
1.78677
1.76948
1.75226
1.73513
1.7181
1.70116
1.68433
1.66761
1.65097
1.63442
1.61794
1.60137
0.353382
0.353366
0.353383
0.353427
0.353498
0.353595
0.353719
0.353869
0.354046
0.354249
0.354478
0.354732
0.355013
0.355319
0.35565
0.356006
0.356387
0.356793
0.357223
0.357677
0.358155
0.358656
0.35918
0.359727
0.360297
0.360888
0.361502
0.362136
0.362792
0.363468
0.364164
0.36488
0.365615
0.366369
0.367141
0.367931
0.368739
0.369564
0.370405
0.371262
0.372135
0.373023
0.373926
0.374843
0.375773
0.376716
0.377672
0.37864
0.379619
0.38061
0.38161
0.382621
0.383641
0.384671
0.385708
0.386753
0.387806
0.388865
0.389931
0.391003
0.392079
0.393161
0.394246
0.395336
0.396428
0.397523
0.39862
0.399719
0.40082
0.40192
0.403021
0.404122
0.405222
0.406321
0.407418
0.408513
0.409606
0.410695
0.411781
0.412863
0.413941
0.415014
0.416082
0.417145
0.418202
0.419253
0.420297
0.421334
0.422364
0.423387
0.424401
0.425408
0.426406
0.427396
0.428377
0.429348
0.430311
0.431264
0.432208
0.433142
0.434066
0.43498
0.435885
0.43678
0.437665
0.43854
0.439405
0.440262
0.441108
0.441946
0.442776
0.443597
0.44441
0.445216
0.446015
0.446809
0.447597
0.448381
0.449162
0.44994
0.450718
0.451497
0.452278
0.453063
0.453854
0.454654
0.455465
0.456289
0.457131
0.457994
0.458881
0.459797
0.460748
0.461738
0.462773
0.463862
0.46501
0.466228
0.467525
0.468911
0.470399
0.472002
0.473735
0.475615
0.477662
0.479896
0.482341
0.485024
0.487973
0.491223
0.494809
0.498774
0.503162
0.508026
0.513421
0.519412
0.52607
0.533473
0.54171
0.550879
0.56109
0.572466
0.585144
0.59928
0.615044
0.63263
0.652258
0.674185
0.698699
0.726106
0.75675
0.791004
0.829274
0.87199
0.919595
0.972532
1.03122
1.096
1.16712
1.24464
1.32834
1.41759
1.51122
1.60732
1.70303
1.79431
1.8764
1.94612
1.99701
2.02864
2.04962
2.06259
2.07128
2.0799
2.09224
2.11055
2.13297
2.15639
2.17799
2.19572
2.20905
2.21811
2.22323
2.22483
2.22334
2.21917
2.2127
2.20425
2.19412
2.18256
2.16979
2.15598
2.14129
2.12587
2.10983
2.09326
2.07627
2.05892
2.04127
2.0234
2.00533
1.98713
1.96883
1.95045
1.93204
1.91362
1.8952
1.87682
1.85849
1.84022
1.82203
1.80393
1.78592
1.76801
1.75019
1.73246
1.71482
1.69724
1.67973
1.66212
0.354184
0.354169
0.354189
0.354237
0.354314
0.354419
0.354553
0.354714
0.354904
0.355121
0.355366
0.355639
0.355939
0.356266
0.35662
0.357001
0.357408
0.357841
0.3583
0.358785
0.359295
0.35983
0.360389
0.360973
0.361581
0.362212
0.362866
0.363542
0.364241
0.364962
0.365705
0.366468
0.367251
0.368055
0.368879
0.369721
0.370582
0.371461
0.372358
0.373272
0.374202
0.375148
0.37611
0.377087
0.378079
0.379084
0.380103
0.381134
0.382178
0.383234
0.384301
0.385378
0.386466
0.387563
0.38867
0.389784
0.390907
0.392037
0.393174
0.394317
0.395466
0.39662
0.397779
0.398942
0.400109
0.401279
0.402452
0.403626
0.404803
0.40598
0.407158
0.408336
0.409514
0.410691
0.411866
0.41304
0.414212
0.415381
0.416547
0.41771
0.418868
0.420023
0.421173
0.422317
0.423457
0.42459
0.425718
0.426839
0.427953
0.42906
0.43016
0.431252
0.432337
0.433413
0.434481
0.435541
0.436592
0.437635
0.438668
0.439693
0.440709
0.441715
0.442713
0.443702
0.444682
0.445653
0.446615
0.44757
0.448516
0.449454
0.450385
0.45131
0.452228
0.45314
0.454047
0.45495
0.45585
0.456748
0.457644
0.458541
0.459439
0.46034
0.461246
0.462159
0.463082
0.464016
0.464965
0.465931
0.466918
0.46793
0.46897
0.470045
0.471158
0.472316
0.473525
0.474793
0.476128
0.477538
0.479034
0.480627
0.48233
0.484156
0.486121
0.488244
0.490542
0.493039
0.495757
0.498726
0.501974
0.505536
0.509449
0.513755
0.518501
0.523741
0.529531
0.535937
0.543031
0.550895
0.55962
0.569308
0.580071
0.592038
0.605353
0.620179
0.636696
0.655113
0.675661
0.698603
0.72423
0.752882
0.784938
0.820818
0.860981
0.905918
0.956145
1.01219
1.07458
1.14376
1.22008
1.30371
1.39449
1.4918
1.59438
1.70008
1.80563
1.9064
1.99706
2.07431
2.12733
2.15433
2.16463
2.1624
2.15415
2.14657
2.14476
2.15124
2.16483
2.18176
2.20066
2.21845
2.23345
2.24497
2.25284
2.25716
2.25818
2.25626
2.25176
2.24503
2.23639
2.22612
2.21448
2.20167
2.18787
2.17324
2.15791
2.14199
2.12557
2.10874
2.09156
2.0741
2.05641
2.03852
2.02049
2.00235
1.98412
1.96584
1.94752
1.92919
1.91086
1.89255
1.87427
1.85603
1.83784
1.81969
1.8016
1.78355
1.76555
1.74757
1.72961
1.71157
0.35489
0.354875
0.354898
0.354951
0.355034
0.355147
0.355291
0.355464
0.355667
0.355899
0.356161
0.356452
0.356772
0.357121
0.357498
0.357904
0.358338
0.3588
0.359289
0.359805
0.360348
0.360918
0.361513
0.362134
0.362781
0.363452
0.364148
0.364868
0.365612
0.366379
0.367168
0.36798
0.368813
0.369668
0.370543
0.371439
0.372354
0.373289
0.374242
0.375213
0.376202
0.377208
0.37823
0.379269
0.380322
0.381391
0.382473
0.38357
0.384679
0.385801
0.386935
0.38808
0.389236
0.390403
0.391578
0.392763
0.393957
0.395159
0.396367
0.397583
0.398805
0.400033
0.401266
0.402504
0.403745
0.404991
0.406239
0.40749
0.408743
0.409997
0.411252
0.412508
0.413764
0.41502
0.416274
0.417527
0.418779
0.420028
0.421274
0.422517
0.423757
0.424993
0.426225
0.427451
0.428673
0.42989
0.431101
0.432306
0.433504
0.434696
0.435881
0.437059
0.43823
0.439393
0.440548
0.441696
0.442836
0.443967
0.445091
0.446206
0.447313
0.448411
0.449502
0.450584
0.451659
0.452726
0.453785
0.454837
0.455882
0.456921
0.457953
0.45898
0.460002
0.46102
0.462034
0.463046
0.464056
0.465066
0.466077
0.46709
0.468107
0.469129
0.470158
0.471197
0.472249
0.473314
0.474397
0.475501
0.476629
0.477785
0.478974
0.480201
0.481471
0.48279
0.484164
0.485602
0.487112
0.488703
0.490385
0.492169
0.494069
0.496099
0.498274
0.500612
0.503134
0.50586
0.508815
0.512026
0.515524
0.519342
0.523517
0.528092
0.533113
0.538631
0.544705
0.551398
0.558782
0.566937
0.575953
0.585928
0.596976
0.609221
0.622805
0.637887
0.654645
0.673283
0.694027
0.717138
0.742904
0.771653
0.803751
0.839603
0.879654
0.924392
0.974336
1.03002
1.09196
1.16063
1.23641
1.31946
1.40969
1.50653
1.6088
1.71441
1.82015
1.9214
2.0128
2.09094
2.14424
2.17035
2.1786
2.17324
2.16112
2.14927
2.14302
2.14497
2.15436
2.16779
2.18417
2.20053
2.21511
2.22709
2.23613
2.24216
2.2453
2.24576
2.2438
2.23971
2.23374
2.22613
2.21709
2.20682
2.19547
2.1832
2.17012
2.15636
2.14198
2.12709
2.11175
2.09602
2.07995
2.0636
2.04699
2.03018
2.01319
1.99605
1.97879
1.96143
1.94398
1.92646
1.9089
1.89129
1.87364
1.85597
1.83827
1.82055
1.8028
1.78501
1.76719
1.74926
0.355575
0.355562
0.355587
0.355645
0.355735
0.355856
0.35601
0.356195
0.356411
0.356659
0.356938
0.357248
0.357589
0.35796
0.358362
0.358793
0.359254
0.359745
0.360265
0.360813
0.36139
0.361995
0.362627
0.363287
0.363973
0.364686
0.365424
0.366188
0.366977
0.367791
0.368628
0.369489
0.370373
0.371279
0.372208
0.373157
0.374128
0.375118
0.376129
0.377158
0.378207
0.379273
0.380356
0.381457
0.382573
0.383706
0.384853
0.386014
0.38719
0.388379
0.38958
0.390794
0.392019
0.393254
0.3945
0.395756
0.397021
0.398294
0.399575
0.400864
0.402159
0.403461
0.404768
0.40608
0.407397
0.408717
0.410041
0.411368
0.412698
0.414029
0.415362
0.416695
0.418029
0.419363
0.420696
0.422028
0.423358
0.424687
0.426013
0.427337
0.428657
0.429974
0.431287
0.432595
0.433899
0.435198
0.436492
0.43778
0.439062
0.440338
0.441607
0.44287
0.444126
0.445375
0.446617
0.447852
0.449079
0.450299
0.451511
0.452716
0.453913
0.455103
0.456285
0.45746
0.458628
0.459789
0.460943
0.462092
0.463234
0.464371
0.465503
0.466631
0.467756
0.468877
0.469996
0.471115
0.472233
0.473353
0.474476
0.475602
0.476734
0.477874
0.479023
0.480185
0.48136
0.482553
0.483765
0.485001
0.486264
0.487558
0.488888
0.490259
0.491676
0.493146
0.494675
0.496271
0.497942
0.499698
0.501548
0.503505
0.505581
0.507791
0.510149
0.512673
0.515383
0.5183
0.521448
0.524854
0.528546
0.532558
0.536925
0.541688
0.546891
0.552584
0.558822
0.565666
0.573183
0.58145
0.590548
0.600573
0.611628
0.62383
0.637307
0.652207
0.668691
0.686942
0.707165
0.72959
0.754473
0.782099
0.812785
0.846881
0.884764
0.926841
0.973537
1.02528
1.08249
1.14553
1.21467
1.29004
1.37149
1.45854
1.55016
1.64466
1.73937
1.83051
1.91356
1.98556
2.03812
2.06971
2.08847
2.09672
2.09876
2.09944
2.10284
2.11132
2.12435
2.13957
2.15515
2.16935
2.18146
2.19126
2.19875
2.20401
2.20715
2.20832
2.20768
2.20539
2.2016
2.19643
2.19004
2.18252
2.17401
2.16458
2.15434
2.14337
2.13174
2.11951
2.10675
2.0935
2.07983
2.06576
2.05134
2.03661
2.02159
2.00632
1.99082
1.97512
1.95922
1.94316
1.92695
1.91059
1.8941
1.87748
1.86075
1.8439
1.82693
1.80985
1.79265
1.77531
0.356311
0.356299
0.356327
0.35639
0.356486
0.356616
0.35678
0.356977
0.357208
0.357471
0.357768
0.358097
0.358459
0.358853
0.359279
0.359737
0.360226
0.360746
0.361297
0.361878
0.362489
0.36313
0.363799
0.364498
0.365225
0.365979
0.366761
0.36757
0.368404
0.369265
0.370151
0.371062
0.371997
0.372956
0.373937
0.374942
0.375968
0.377015
0.378083
0.379172
0.38028
0.381406
0.382551
0.383714
0.384894
0.38609
0.387302
0.38853
0.389771
0.391027
0.392296
0.393578
0.394872
0.396177
0.397493
0.398819
0.400155
0.4015
0.402853
0.404214
0.405582
0.406957
0.408338
0.409724
0.411115
0.412511
0.41391
0.415312
0.416718
0.418125
0.419534
0.420944
0.422355
0.423766
0.425177
0.426587
0.427996
0.429403
0.430808
0.432211
0.433611
0.435007
0.4364
0.437789
0.439174
0.440553
0.441928
0.443298
0.444662
0.446021
0.447373
0.448719
0.450059
0.451393
0.452719
0.454039
0.455352
0.456658
0.457958
0.45925
0.460535
0.461814
0.463086
0.464351
0.465611
0.466864
0.468111
0.469354
0.470591
0.471824
0.473053
0.474279
0.475503
0.476725
0.477947
0.479168
0.480392
0.481618
0.482848
0.484084
0.485327
0.48658
0.487844
0.489122
0.490416
0.491729
0.493064
0.494425
0.495815
0.497239
0.498701
0.500205
0.501759
0.503367
0.505037
0.506776
0.508593
0.510496
0.512495
0.514603
0.516831
0.519193
0.521704
0.524381
0.527243
0.53031
0.533605
0.537152
0.540981
0.545121
0.549607
0.554475
0.559768
0.565531
0.571815
0.578675
0.586173
0.594378
0.603363
0.613213
0.624019
0.635882
0.648916
0.663244
0.679004
0.69635
0.715448
0.736485
0.759664
0.785207
0.813355
0.844366
0.878511
0.916068
0.957317
1.00252
1.0519
1.10564
1.16378
1.22626
1.29279
1.36278
1.43532
1.50902
1.58199
1.65184
1.71589
1.77204
1.82027
1.86098
1.89634
1.9273
1.95443
1.97916
2.00314
2.02729
2.05061
2.07232
2.09091
2.10629
2.11879
2.12879
2.13659
2.14244
2.14653
2.14904
2.1501
2.14982
2.1483
2.14563
2.14191
2.1372
2.13157
2.1251
2.11784
2.10984
2.10117
2.09186
2.08198
2.07155
2.06061
2.04921
2.03737
2.02513
2.01251
1.99954
1.98624
1.97264
1.95875
1.94459
1.93018
1.91552
1.90063
1.88552
1.87019
1.85465
1.8389
1.82294
1.80678
1.79042
0.35716
0.35715
0.357181
0.357249
0.357352
0.357491
0.357665
0.357875
0.358119
0.358399
0.358713
0.359062
0.359445
0.359862
0.360313
0.360797
0.361315
0.361865
0.362447
0.363061
0.363707
0.364384
0.365091
0.365829
0.366597
0.367393
0.368219
0.369072
0.369954
0.370862
0.371797
0.372758
0.373744
0.374755
0.375791
0.37685
0.377932
0.379036
0.380162
0.381309
0.382477
0.383664
0.384871
0.386096
0.387339
0.388599
0.389875
0.391168
0.392476
0.393798
0.395134
0.396484
0.397846
0.39922
0.400606
0.402002
0.403408
0.404823
0.406248
0.40768
0.409121
0.410568
0.412021
0.413481
0.414945
0.416414
0.417887
0.419364
0.420844
0.422326
0.42381
0.425296
0.426782
0.428269
0.429756
0.431242
0.432728
0.434212
0.435694
0.437174
0.438651
0.440125
0.441596
0.443063
0.444527
0.445986
0.44744
0.448889
0.450333
0.451772
0.453205
0.454632
0.456053
0.457469
0.458877
0.46028
0.461676
0.463066
0.46445
0.465827
0.467198
0.468563
0.469922
0.471275
0.472622
0.473964
0.475302
0.476635
0.477964
0.479289
0.480612
0.481932
0.483252
0.48457
0.48589
0.48721
0.488534
0.489861
0.491194
0.492534
0.493883
0.495243
0.496616
0.498003
0.499409
0.500835
0.502285
0.503762
0.50527
0.506813
0.508395
0.510022
0.511699
0.513432
0.515228
0.517094
0.519037
0.521068
0.523195
0.52543
0.527783
0.530269
0.532902
0.535697
0.538672
0.541846
0.54524
0.548878
0.552786
0.55699
0.561523
0.566418
0.571712
0.577447
0.583667
0.590421
0.597764
0.605754
0.614455
0.623939
0.634282
0.645569
0.65789
0.671348
0.686049
0.702114
0.719668
0.738851
0.759808
0.782695
0.807675
0.834913
0.864576
0.896822
0.931793
0.969604
1.01032
1.05396
1.10042
1.14949
1.20083
1.2539
1.30796
1.36209
1.41522
1.46626
1.51428
1.5589
1.60058
1.64032
1.67923
1.71811
1.75743
1.79688
1.83612
1.87429
1.90993
1.94184
1.96947
1.99292
2.01254
2.02875
2.042
2.05265
2.06106
2.0675
2.07223
2.07542
2.07725
2.07785
2.07734
2.0758
2.07333
2.06998
2.06583
2.06092
2.0553
2.04901
2.0421
2.03459
2.02653
2.01793
2.00884
1.99926
1.98924
1.97878
1.96792
1.95666
1.94503
1.93304
1.92071
1.90804
1.89504
1.88173
1.86812
1.8542
1.83998
1.82547
1.81066
1.79561
0.35818
0.35817
0.358205
0.358278
0.358388
0.358536
0.358721
0.358943
0.359202
0.359497
0.35983
0.360198
0.360603
0.361043
0.361519
0.36203
0.362576
0.363156
0.36377
0.364417
0.365098
0.365811
0.366557
0.367334
0.368142
0.368981
0.369851
0.370749
0.371677
0.372633
0.373617
0.374628
0.375666
0.376729
0.377818
0.378932
0.380069
0.38123
0.382414
0.383619
0.384846
0.386094
0.387362
0.388649
0.389954
0.391277
0.392618
0.393975
0.395348
0.396736
0.398139
0.399555
0.400985
0.402426
0.40388
0.405345
0.40682
0.408305
0.4098
0.411302
0.412813
0.414331
0.415856
0.417386
0.418923
0.420464
0.422009
0.423558
0.42511
0.426665
0.428222
0.429781
0.431341
0.432901
0.434462
0.436022
0.437582
0.43914
0.440697
0.442252
0.443804
0.445353
0.4469
0.448442
0.449982
0.451516
0.453047
0.454573
0.456094
0.45761
0.459121
0.460626
0.462125
0.463619
0.465107
0.46659
0.468066
0.469536
0.471
0.472459
0.473912
0.475359
0.476801
0.478238
0.47967
0.481097
0.482521
0.48394
0.485356
0.48677
0.488182
0.489592
0.491002
0.492413
0.493824
0.495239
0.496657
0.49808
0.49951
0.500948
0.502395
0.503855
0.505329
0.506819
0.508327
0.509858
0.511413
0.512996
0.514611
0.516262
0.517953
0.519689
0.521475
0.523318
0.525223
0.527197
0.529249
0.531386
0.533618
0.535955
0.538407
0.540988
0.54371
0.546588
0.549638
0.552878
0.556326
0.560004
0.563935
0.568144
0.572658
0.577507
0.582724
0.588345
0.594406
0.600952
0.608026
0.615678
0.623961
0.632933
0.642655
0.653194
0.66462
0.67701
0.690445
0.70501
0.720796
0.737896
0.756409
0.776431
0.79806
0.821391
0.846507
0.873483
0.90237
0.93319
0.965928
1.00052
1.03682
1.07465
1.1137
1.1536
1.19391
1.23413
1.27377
1.31245
1.34998
1.38651
1.42253
1.45882
1.49611
1.535
1.57573
1.61812
1.66127
1.70414
1.74549
1.78419
1.81944
1.8509
1.87849
1.90238
1.92282
1.94014
1.95467
1.96674
1.97663
1.9846
1.99087
1.99564
1.99906
2.00128
2.0024
2.00252
2.00173
2.00009
1.99766
1.99449
1.99063
1.98611
1.98097
1.97524
1.96894
1.9621
1.95475
1.94689
1.93855
1.92975
1.9205
1.91081
1.9007
1.89018
1.87925
1.86793
1.85622
1.84413
1.83166
1.81882
1.80561
1.7921
0.359418
0.35941
0.359448
0.359526
0.359643
0.359799
0.359995
0.36023
0.360503
0.360815
0.361165
0.361554
0.36198
0.362444
0.362945
0.363482
0.364056
0.364667
0.365312
0.365993
0.366709
0.367459
0.368242
0.369059
0.369908
0.370789
0.371702
0.372645
0.373619
0.374623
0.375655
0.376716
0.377805
0.37892
0.380062
0.38123
0.382423
0.38364
0.38488
0.386144
0.387429
0.388736
0.390064
0.391412
0.392779
0.394164
0.395568
0.396988
0.398425
0.399878
0.401345
0.402827
0.404322
0.405831
0.407351
0.408883
0.410425
0.411978
0.41354
0.415111
0.41669
0.418277
0.419871
0.42147
0.423076
0.424686
0.426301
0.42792
0.429543
0.431168
0.432795
0.434424
0.436055
0.437686
0.439317
0.440949
0.442579
0.444209
0.445837
0.447463
0.449087
0.450709
0.452327
0.453942
0.455554
0.457161
0.458765
0.460364
0.461958
0.463548
0.465132
0.466712
0.468286
0.469854
0.471418
0.472975
0.474527
0.476074
0.477615
0.479151
0.480682
0.482207
0.483728
0.485244
0.486755
0.488263
0.489767
0.491268
0.492767
0.494264
0.495759
0.497254
0.498749
0.500245
0.501744
0.503245
0.504752
0.506264
0.507783
0.509312
0.510851
0.512402
0.513969
0.515552
0.517155
0.518779
0.52043
0.522108
0.523818
0.525565
0.527351
0.529182
0.531063
0.532998
0.534995
0.53706
0.5392
0.541422
0.543736
0.54615
0.548674
0.551321
0.554101
0.557029
0.560117
0.563383
0.566843
0.570516
0.574421
0.578581
0.583019
0.587761
0.592834
0.598269
0.604096
0.610351
0.617071
0.624295
0.632065
0.640426
0.649425
0.659112
0.669541
0.680764
0.69284
0.705827
0.719784
0.73477
0.750845
0.768063
0.786476
0.806128
0.827055
0.849277
0.872796
0.897594
0.923624
0.950807
0.979029
1.00814
1.03795
1.06826
1.09883
1.12947
1.16001
1.1904
1.22072
1.25123
1.28232
1.31453
1.34834
1.38416
1.42214
1.46221
1.50371
1.54584
1.58763
1.62815
1.66658
1.70235
1.73511
1.7647
1.79113
1.81451
1.83501
1.85284
1.86825
1.88146
1.89268
1.90213
1.90996
1.91636
1.92145
1.92535
1.92818
1.93001
1.93093
1.931
1.93027
1.9288
1.92663
1.92378
1.9203
1.91621
1.91154
1.90629
1.9005
1.89419
1.88735
1.88002
1.87219
1.86389
1.85511
1.84587
1.83617
1.82603
1.81544
1.80442
1.79297
1.78117
0.360917
0.36091
0.360951
0.361034
0.361158
0.361324
0.36153
0.361777
0.362065
0.362393
0.362761
0.36317
0.363617
0.364104
0.36463
0.365195
0.365797
0.366437
0.367115
0.367829
0.368579
0.369365
0.370186
0.371042
0.371931
0.372854
0.37381
0.374798
0.375818
0.376868
0.377949
0.379059
0.380198
0.381365
0.382559
0.38378
0.385027
0.386299
0.387595
0.388916
0.390259
0.391624
0.39301
0.394418
0.395845
0.397291
0.398756
0.400238
0.401737
0.403252
0.404783
0.406328
0.407887
0.40946
0.411045
0.412641
0.414249
0.415867
0.417494
0.419131
0.420776
0.422429
0.424088
0.425754
0.427426
0.429103
0.430785
0.432471
0.43416
0.435852
0.437546
0.439243
0.44094
0.442639
0.444338
0.446036
0.447734
0.449431
0.451127
0.452821
0.454513
0.456202
0.457889
0.459572
0.461252
0.462928
0.4646
0.466268
0.467932
0.469591
0.471245
0.472894
0.474538
0.476177
0.47781
0.479439
0.481062
0.48268
0.484293
0.485902
0.487505
0.489103
0.490698
0.492288
0.493874
0.495456
0.497036
0.498613
0.500188
0.501762
0.503335
0.504908
0.506482
0.508057
0.509635
0.511218
0.512805
0.514398
0.516
0.51761
0.519232
0.520867
0.522517
0.524184
0.52587
0.527579
0.529313
0.531075
0.532868
0.534697
0.536565
0.538476
0.540435
0.542448
0.544519
0.546656
0.548863
0.551149
0.553522
0.555989
0.55856
0.561245
0.564054
0.566999
0.570093
0.57335
0.576784
0.58041
0.584247
0.588313
0.592627
0.597212
0.602089
0.607282
0.612819
0.618726
0.625033
0.63177
0.638969
0.646663
0.654889
0.663681
0.673077
0.683115
0.693832
0.705265
0.71745
0.730423
0.744216
0.758855
0.774363
0.790757
0.808043
0.826217
0.845262
0.865148
0.885829
0.90724
0.929304
0.95193
0.975018
0.998472
1.02221
1.04618
1.07038
1.09488
1.11984
1.14549
1.17217
1.20021
1.22995
1.26166
1.29546
1.3313
1.36893
1.40773
1.44703
1.48613
1.52435
1.56111
1.59594
1.6285
1.65861
1.68618
1.7112
1.73374
1.75391
1.77185
1.78772
1.80168
1.81387
1.82446
1.83356
1.84132
1.84784
1.85322
1.85754
1.8609
1.86334
1.86494
1.86574
1.86578
1.8651
1.86374
1.86172
1.85907
1.85581
1.85196
1.84753
1.84254
1.837
1.83092
1.82431
1.81719
1.80955
1.80141
1.79277
1.78365
1.77406
1.76406
0.36271
0.362704
0.362749
0.362837
0.362968
0.363143
0.36336
0.363619
0.363921
0.364266
0.364652
0.36508
0.365549
0.366059
0.36661
0.3672
0.367831
0.368501
0.369209
0.369956
0.370741
0.371562
0.372421
0.373315
0.374244
0.375209
0.376207
0.377239
0.378303
0.3794
0.380528
0.381686
0.382874
0.384091
0.385337
0.38661
0.38791
0.389235
0.390586
0.391962
0.39336
0.394782
0.396226
0.397691
0.399176
0.400681
0.402205
0.403747
0.405306
0.406882
0.408473
0.41008
0.4117
0.413334
0.414981
0.416639
0.418309
0.419989
0.421679
0.423379
0.425086
0.426802
0.428524
0.430253
0.431988
0.433728
0.435473
0.437222
0.438974
0.440729
0.442487
0.444246
0.446007
0.447769
0.449531
0.451293
0.453054
0.454815
0.456574
0.458331
0.460086
0.461839
0.463589
0.465336
0.46708
0.468819
0.470556
0.472287
0.474015
0.475738
0.477457
0.479171
0.48088
0.482584
0.484283
0.485977
0.487666
0.48935
0.49103
0.492704
0.494375
0.496041
0.497703
0.499361
0.501015
0.502667
0.504316
0.505963
0.507608
0.509252
0.510896
0.51254
0.514185
0.515833
0.517483
0.519138
0.520798
0.522465
0.52414
0.525824
0.52752
0.529229
0.530952
0.532692
0.534452
0.536233
0.538039
0.539872
0.541736
0.543634
0.545569
0.547545
0.549567
0.55164
0.553769
0.555958
0.558214
0.560544
0.562953
0.565451
0.568044
0.570741
0.573552
0.576487
0.579556
0.582772
0.586147
0.589693
0.593427
0.597362
0.601515
0.605903
0.610545
0.61546
0.620667
0.62619
0.632049
0.638268
0.64487
0.651879
0.659322
0.667221
0.675603
0.684492
0.693911
0.703882
0.714427
0.725564
0.737307
0.749667
0.762652
0.776262
0.790492
0.80533
0.820756
0.836742
0.853255
0.870253
0.887692
0.905527
0.92372
0.942243
0.961089
0.98028
0.999878
1.01999
1.04078
1.06245
1.08523
1.10939
1.13516
1.16272
1.19218
1.22353
1.25667
1.29123
1.32677
1.36281
1.39882
1.43431
1.46882
1.50198
1.53349
1.56316
1.59084
1.61648
1.64006
1.66163
1.68125
1.69901
1.71501
1.72936
1.74216
1.75352
1.76354
1.77233
1.77995
1.7865
1.79203
1.79663
1.80033
1.80319
1.80526
1.80656
1.80714
1.80703
1.80623
1.80479
1.80271
1.80002
1.79673
1.79285
1.78839
1.78336
1.77778
1.77165
1.76498
1.75779
1.75009
1.74195
0.364826
0.364822
0.36487
0.364963
0.365101
0.365284
0.365512
0.365784
0.3661
0.36646
0.366864
0.367311
0.367801
0.368334
0.368909
0.369526
0.370184
0.370883
0.371622
0.372401
0.37322
0.374076
0.374971
0.375903
0.376872
0.377877
0.378916
0.379991
0.381099
0.382241
0.383414
0.38462
0.385856
0.387122
0.388417
0.389741
0.391092
0.392469
0.393873
0.395302
0.396755
0.398231
0.39973
0.40125
0.402791
0.404353
0.405933
0.407532
0.409149
0.410782
0.412432
0.414096
0.415775
0.417467
0.419173
0.42089
0.422619
0.424358
0.426107
0.427865
0.429632
0.431407
0.433188
0.434976
0.43677
0.438569
0.440373
0.442181
0.443992
0.445806
0.447622
0.44944
0.45126
0.45308
0.454901
0.456721
0.458541
0.46036
0.462177
0.463993
0.465807
0.467618
0.469426
0.471232
0.473034
0.474832
0.476627
0.478417
0.480204
0.481986
0.483763
0.485536
0.487304
0.489068
0.490826
0.49258
0.494329
0.496074
0.497814
0.499549
0.50128
0.503007
0.50473
0.50645
0.508167
0.509881
0.511592
0.513301
0.51501
0.516717
0.518424
0.520132
0.521842
0.523553
0.525268
0.526988
0.528712
0.530444
0.532183
0.533932
0.535691
0.537464
0.53925
0.541053
0.542875
0.544718
0.546584
0.548476
0.550396
0.552349
0.554337
0.556364
0.558434
0.56055
0.562718
0.564943
0.567229
0.569582
0.572009
0.574515
0.577108
0.579794
0.582583
0.585483
0.588502
0.59165
0.594939
0.598378
0.601979
0.605755
0.609719
0.613884
0.618265
0.622876
0.627733
0.632853
0.63825
0.643943
0.649947
0.656281
0.662961
0.670002
0.677422
0.685236
0.693457
0.702097
0.711167
0.720676
0.730628
0.741027
0.751871
0.763156
0.774873
0.787011
0.799552
0.812478
0.82577
0.839405
0.853367
0.867641
0.882224
0.897127
0.91238
0.928034
0.94417
0.960901
0.978368
0.996737
1.01619
1.03692
1.0591
1.08286
1.1083
1.13545
1.16424
1.19455
1.22605
1.25842
1.2913
1.32428
1.35701
1.38912
1.42032
1.45035
1.47901
1.50616
1.53171
1.5556
1.57782
1.59838
1.61732
1.63471
1.65059
1.66505
1.67815
1.68998
1.7006
1.71008
1.71849
1.72589
1.73234
1.73787
1.74254
1.74639
1.74946
1.75176
1.75334
1.75421
1.7544
1.75393
1.75281
1.75106
1.74868
1.74571
1.74214
1.73798
1.73326
1.72799
1.72217
1.71588
0.367286
0.367283
0.367334
0.367432
0.367577
0.367769
0.368007
0.368291
0.368621
0.368997
0.369418
0.369884
0.370395
0.37095
0.371549
0.372192
0.372877
0.373604
0.374373
0.375184
0.376035
0.376926
0.377856
0.378825
0.379832
0.380876
0.381956
0.383072
0.384223
0.385408
0.386626
0.387877
0.389159
0.390472
0.391815
0.393187
0.394588
0.396016
0.39747
0.39895
0.400454
0.401982
0.403534
0.405107
0.406702
0.408317
0.409951
0.411605
0.413275
0.414963
0.416667
0.418387
0.42012
0.421868
0.423628
0.425401
0.427184
0.428979
0.430783
0.432596
0.434418
0.436247
0.438083
0.439926
0.441775
0.443628
0.445487
0.447348
0.449214
0.451082
0.452952
0.454824
0.456697
0.458571
0.460445
0.462318
0.464192
0.466064
0.467934
0.469803
0.471669
0.473533
0.475395
0.477253
0.479108
0.480959
0.482806
0.48465
0.486489
0.488324
0.490154
0.49198
0.493801
0.495618
0.49743
0.499237
0.50104
0.502838
0.504631
0.506421
0.508206
0.509988
0.511765
0.51354
0.515311
0.51708
0.518847
0.520612
0.522375
0.524138
0.525901
0.527665
0.52943
0.531198
0.532969
0.534744
0.536524
0.538311
0.540105
0.541908
0.543722
0.545548
0.547387
0.549242
0.551115
0.553007
0.55492
0.556858
0.558823
0.560817
0.562844
0.564907
0.567009
0.569154
0.571346
0.573589
0.575887
0.578246
0.58067
0.583166
0.585738
0.588394
0.59114
0.593983
0.59693
0.599989
0.603169
0.606479
0.609928
0.613525
0.61728
0.621205
0.625309
0.629605
0.634103
0.638816
0.643754
0.64893
0.654355
0.660041
0.665998
0.672238
0.678769
0.685601
0.69274
0.700194
0.707967
0.716061
0.724477
0.733215
0.742269
0.751636
0.761308
0.771276
0.78153
0.79206
0.802858
0.813918
0.82524
0.83683
0.848704
0.860891
0.873435
0.886398
0.899863
0.91393
0.928719
0.944366
0.961014
0.978807
0.997878
1.01834
1.04027
1.06372
1.08866
1.11504
1.14267
1.17135
1.20082
1.2308
1.261
1.29113
1.32091
1.35009
1.37846
1.40583
1.43207
1.45706
1.48074
1.50306
1.524
1.54356
1.56177
1.57865
1.59424
1.6086
1.62177
1.6338
1.64474
1.65465
1.66356
1.67153
1.6786
1.6848
1.69017
1.69474
1.69854
1.7016
1.70393
1.70555
1.7065
1.70678
1.7064
1.70539
1.70376
1.70152
1.69868
1.69526
1.69128
1.6868
0.370105
0.370103
0.370157
0.37026
0.370412
0.370612
0.37086
0.371156
0.3715
0.371891
0.372329
0.372814
0.373345
0.373922
0.374544
0.375211
0.375922
0.376678
0.377476
0.378317
0.3792
0.380124
0.381089
0.382093
0.383136
0.384218
0.385338
0.386493
0.387685
0.388912
0.390173
0.391467
0.392794
0.394152
0.395541
0.39696
0.398407
0.399883
0.401385
0.402913
0.404467
0.406044
0.407645
0.409269
0.410914
0.412579
0.414264
0.415968
0.41769
0.419429
0.421184
0.422955
0.424739
0.426538
0.428349
0.430173
0.432007
0.433853
0.435707
0.437571
0.439443
0.441323
0.443209
0.445102
0.447
0.448904
0.450811
0.452722
0.454636
0.456553
0.458472
0.460392
0.462314
0.464235
0.466157
0.468079
0.469999
0.471919
0.473836
0.475752
0.477666
0.479577
0.481485
0.483389
0.485291
0.487189
0.489083
0.490972
0.492858
0.494739
0.496616
0.498489
0.500356
0.502219
0.504078
0.505932
0.507781
0.509626
0.511467
0.513303
0.515135
0.516964
0.518789
0.520611
0.52243
0.524246
0.52606
0.527872
0.529684
0.531494
0.533305
0.535116
0.536929
0.538743
0.540561
0.542383
0.544209
0.546042
0.547881
0.549729
0.551587
0.553456
0.555337
0.557233
0.559145
0.561074
0.563024
0.564996
0.566991
0.569014
0.571067
0.573151
0.575271
0.577429
0.579629
0.581874
0.584169
0.586517
0.588922
0.59139
0.593925
0.596532
0.599217
0.601985
0.604842
0.607796
0.610851
0.614016
0.617297
0.620702
0.624238
0.627913
0.631735
0.635713
0.639854
0.644167
0.64866
0.653341
0.658217
0.663295
0.668584
0.674088
0.679813
0.685764
0.691945
0.698358
0.705005
0.711886
0.719
0.726344
0.733915
0.74171
0.749724
0.757953
0.766391
0.775039
0.783896
0.792966
0.80226
0.811795
0.821597
0.831703
0.842161
0.853033
0.864394
0.876334
0.888952
0.902358
0.916666
0.93199
0.948435
0.966095
0.985042
1.00532
1.02694
1.04987
1.07404
1.0993
1.12549
1.1524
1.17983
1.20754
1.2353
1.26291
1.29014
1.31682
1.3428
1.36792
1.39209
1.41523
1.43727
1.45818
1.47792
1.49651
1.51395
1.53024
1.54543
1.55952
1.57257
1.5846
1.59564
1.60574
1.61492
1.62322
1.63066
1.63729
1.64311
1.64817
1.65248
1.65605
1.65892
1.6611
1.6626
1.66344
1.66364
1.66321
1.66217
1.66053
1.65831
1.65555
0.373292
0.373292
0.373349
0.373457
0.373615
0.373824
0.374082
0.374389
0.374746
0.375152
0.375606
0.376109
0.376659
0.377257
0.377902
0.378593
0.37933
0.380112
0.380938
0.381808
0.382722
0.383678
0.384676
0.385714
0.386793
0.387911
0.389068
0.390262
0.391493
0.39276
0.394061
0.395397
0.396766
0.398167
0.399599
0.401062
0.402554
0.404074
0.405622
0.407196
0.408795
0.410419
0.412067
0.413737
0.415429
0.417141
0.418873
0.420625
0.422394
0.42418
0.425982
0.427799
0.429631
0.431476
0.433334
0.435204
0.437085
0.438977
0.440877
0.442787
0.444704
0.446629
0.448561
0.450498
0.452441
0.454388
0.45634
0.458295
0.460252
0.462212
0.464174
0.466137
0.468101
0.470065
0.472028
0.473991
0.475953
0.477914
0.479873
0.48183
0.483784
0.485735
0.487684
0.489629
0.49157
0.493508
0.495442
0.497371
0.499297
0.501217
0.503134
0.505046
0.506953
0.508856
0.510754
0.512647
0.514536
0.516421
0.518301
0.520177
0.522048
0.523917
0.525781
0.527643
0.529501
0.531357
0.53321
0.535062
0.536913
0.538762
0.540612
0.542462
0.544313
0.546166
0.548022
0.549881
0.551744
0.553613
0.555488
0.557371
0.559262
0.561163
0.563076
0.565001
0.566941
0.568896
0.57087
0.572863
0.574877
0.576916
0.57898
0.581073
0.583197
0.585354
0.587548
0.589782
0.592058
0.59438
0.596751
0.599176
0.601659
0.604202
0.606811
0.609491
0.612245
0.615079
0.617998
0.621007
0.624111
0.627316
0.630628
0.634051
0.637593
0.641258
0.645053
0.648982
0.653051
0.657266
0.66163
0.66615
0.670827
0.675667
0.680672
0.685844
0.691185
0.696696
0.702376
0.708225
0.714242
0.720425
0.726772
0.733282
0.739954
0.746786
0.75378
0.76094
0.768273
0.775789
0.783505
0.791445
0.799637
0.808121
0.816944
0.826165
0.83585
0.846075
0.856925
0.868489
0.88086
0.894129
0.908383
0.923699
0.940142
0.957755
0.976563
0.996561
1.01772
1.03996
1.06315
1.08717
1.11187
1.13707
1.16259
1.18825
1.21388
1.2393
1.26436
1.28892
1.31285
1.33606
1.35845
1.37997
1.40056
1.42018
1.43882
1.45646
1.47311
1.48877
1.50345
1.51717
1.52995
1.54181
1.55278
1.56288
1.57213
1.58055
1.58817
1.59502
1.6011
1.60644
1.61106
1.61497
1.6182
1.62076
1.62265
1.62391
1.62455
1.62457
1.624
1.62287
0.376854
0.376855
0.376915
0.377028
0.377192
0.377408
0.377675
0.377994
0.378363
0.378783
0.379253
0.379773
0.380343
0.380961
0.381627
0.382341
0.383102
0.38391
0.384763
0.385662
0.386605
0.387591
0.38862
0.389692
0.390804
0.391957
0.393148
0.394379
0.395647
0.396952
0.398292
0.399667
0.401075
0.402517
0.40399
0.405494
0.407027
0.408589
0.410179
0.411796
0.413438
0.415105
0.416796
0.418509
0.420244
0.422
0.423775
0.425569
0.427381
0.42921
0.431055
0.432915
0.43479
0.436677
0.438577
0.440489
0.442411
0.444344
0.446285
0.448236
0.450193
0.452158
0.454129
0.456106
0.458088
0.460074
0.462063
0.464056
0.466051
0.468048
0.470047
0.472047
0.474046
0.476046
0.478046
0.480044
0.482041
0.484037
0.48603
0.488021
0.490009
0.491994
0.493976
0.495955
0.49793
0.4999
0.501867
0.503829
0.505787
0.507741
0.50969
0.511634
0.513574
0.515508
0.517439
0.519364
0.521285
0.523201
0.525113
0.527021
0.528925
0.530825
0.532721
0.534614
0.536504
0.538391
0.540276
0.542158
0.54404
0.54592
0.5478
0.54968
0.551561
0.553443
0.555327
0.557214
0.559104
0.560999
0.5629
0.564807
0.566722
0.568645
0.570578
0.572522
0.574478
0.576449
0.578434
0.580437
0.582459
0.584501
0.586565
0.588653
0.590768
0.592912
0.595087
0.597295
0.59954
0.601823
0.604148
0.606517
0.608934
0.611402
0.613924
0.616503
0.619144
0.621849
0.624624
0.62747
0.630393
0.633396
0.636484
0.639659
0.642927
0.64629
0.649753
0.653319
0.656992
0.660775
0.66467
0.668681
0.672809
0.677056
0.681423
0.685912
0.690524
0.695257
0.700113
0.70509
0.710188
0.715407
0.720747
0.726207
0.73179
0.737499
0.743339
0.749317
0.755445
0.761736
0.768212
0.774897
0.781822
0.789026
0.796553
0.804455
0.812791
0.821627
0.831034
0.841085
0.851858
0.863427
0.875864
0.889236
0.903599
0.918995
0.935454
0.952986
0.971583
0.991197
1.01176
1.03318
1.05534
1.07813
1.1014
1.12502
1.14883
1.17269
1.19645
1.21999
1.24318
1.26592
1.2881
1.30965
1.33049
1.35058
1.36986
1.38831
1.40591
1.42263
1.43849
1.45347
1.46758
1.48084
1.49324
1.50481
1.51556
1.52551
1.53467
1.54306
1.55069
1.55759
1.56377
1.56924
1.57402
1.57812
1.58156
1.58436
1.58653
1.58808
1.58902
1.58939
0.380789
0.380792
0.380855
0.380971
0.381142
0.381365
0.381642
0.381971
0.382352
0.382786
0.383271
0.383808
0.384395
0.385032
0.385719
0.386455
0.387239
0.388071
0.38895
0.389876
0.390846
0.391862
0.392921
0.394023
0.395167
0.396352
0.397578
0.398842
0.400145
0.401485
0.402861
0.404273
0.405719
0.407198
0.408709
0.410251
0.411823
0.413424
0.415053
0.416708
0.41839
0.420096
0.421826
0.423579
0.425353
0.427148
0.428962
0.430795
0.432646
0.434514
0.436397
0.438295
0.440207
0.442132
0.444069
0.446017
0.447976
0.449944
0.451922
0.453907
0.4559
0.457899
0.459904
0.461914
0.463929
0.465947
0.467969
0.469994
0.47202
0.474049
0.476078
0.478107
0.480137
0.482166
0.484195
0.486222
0.488247
0.490271
0.492292
0.49431
0.496326
0.498338
0.500346
0.502351
0.504352
0.506349
0.508341
0.510329
0.512313
0.514291
0.516265
0.518234
0.520199
0.522158
0.524113
0.526062
0.528008
0.529948
0.531884
0.533816
0.535743
0.537667
0.539586
0.541503
0.543416
0.545326
0.547233
0.549138
0.551042
0.552944
0.554845
0.556746
0.558647
0.560549
0.562453
0.564358
0.566266
0.568178
0.570094
0.572016
0.573943
0.575878
0.577821
0.579773
0.581735
0.58371
0.585696
0.587698
0.589714
0.591748
0.593801
0.595873
0.597968
0.600087
0.602231
0.604402
0.606603
0.608836
0.611103
0.613406
0.615747
0.618129
0.620555
0.623026
0.625546
0.628117
0.630742
0.633424
0.636165
0.638967
0.641835
0.644769
0.647773
0.65085
0.654001
0.657228
0.660535
0.663922
0.667391
0.670943
0.67458
0.678303
0.682112
0.686007
0.689989
0.694059
0.698215
0.702458
0.70679
0.71121
0.71572
0.720324
0.725024
0.729828
0.734741
0.739776
0.744944
0.750264
0.755757
0.761447
0.767366
0.77355
0.78004
0.786882
0.794128
0.801835
0.810062
0.818873
0.82833
0.838497
0.849435
0.861201
0.873843
0.887402
0.901908
0.917379
0.933819
0.951204
0.969493
0.988626
1.00853
1.02911
1.05026
1.07188
1.09384
1.11602
1.13831
1.16058
1.18273
1.20463
1.2262
1.24736
1.26801
1.2881
1.30756
1.32636
1.34446
1.36182
1.37843
1.39426
1.40932
1.4236
1.4371
1.44982
1.46176
1.47294
1.48337
1.49305
1.502
1.51023
1.51775
1.52457
1.53071
1.53618
1.541
1.54517
1.54871
1.55163
1.55395
1.55568
0.385096
0.385099
0.385165
0.385286
0.385462
0.385692
0.385977
0.386317
0.38671
0.387156
0.387656
0.388208
0.388812
0.389467
0.390174
0.390931
0.391737
0.392592
0.393495
0.394446
0.395443
0.396485
0.397572
0.398703
0.399877
0.401093
0.402349
0.403646
0.404981
0.406354
0.407764
0.409209
0.410689
0.412203
0.413749
0.415326
0.416933
0.41857
0.420234
0.421925
0.423642
0.425384
0.427149
0.428937
0.430747
0.432576
0.434426
0.436293
0.438178
0.440079
0.441996
0.443927
0.445872
0.447829
0.449798
0.451778
0.453767
0.455766
0.457774
0.459788
0.46181
0.463838
0.465871
0.467908
0.46995
0.471995
0.474043
0.476093
0.478145
0.480198
0.482251
0.484304
0.486357
0.488409
0.49046
0.492509
0.494556
0.4966
0.498642
0.500681
0.502716
0.504748
0.506776
0.5088
0.51082
0.512835
0.514846
0.516852
0.518853
0.520849
0.52284
0.524827
0.526808
0.528784
0.530756
0.532722
0.534683
0.53664
0.538592
0.54054
0.542483
0.544421
0.546356
0.548287
0.550215
0.55214
0.554061
0.55598
0.557897
0.559812
0.561726
0.563639
0.565551
0.567463
0.569377
0.571291
0.573207
0.575126
0.577048
0.578974
0.580904
0.582841
0.584783
0.586733
0.588691
0.590658
0.592636
0.594625
0.596626
0.598641
0.600671
0.602717
0.604781
0.606863
0.608966
0.611091
0.613239
0.615412
0.617611
0.619839
0.622096
0.624385
0.626708
0.629065
0.63146
0.633894
0.636368
0.638885
0.641445
0.644052
0.646707
0.64941
0.652165
0.654971
0.657832
0.660747
0.663718
0.666745
0.669831
0.672975
0.676178
0.67944
0.682762
0.686145
0.689587
0.693091
0.696657
0.700286
0.703979
0.707739
0.711569
0.715473
0.719458
0.72353
0.727699
0.731978
0.736381
0.740926
0.745635
0.750533
0.75565
0.761017
0.766674
0.772661
0.779025
0.785813
0.793077
0.800871
0.809249
0.818263
0.827967
0.838408
0.84963
0.861671
0.87456
0.888317
0.902953
0.91846
0.934814
0.951976
0.969894
0.988504
1.00773
1.02748
1.04767
1.0682
1.08897
1.10987
1.1308
1.15167
1.17238
1.19285
1.21299
1.23275
1.25204
1.27083
1.28905
1.30668
1.32367
1.34001
1.35566
1.37063
1.3849
1.39845
1.4113
1.42343
1.43486
1.44558
1.4556
1.46492
1.47357
1.48154
1.48884
1.49549
1.50149
1.50686
1.5116
1.51573
1.51926
1.52218
0.389766
0.38977
0.389839
0.389963
0.390145
0.390382
0.390675
0.391024
0.391428
0.391887
0.3924
0.392966
0.393586
0.394259
0.394984
0.39576
0.396587
0.397464
0.39839
0.399364
0.400385
0.401453
0.402566
0.403724
0.404926
0.40617
0.407455
0.408781
0.410146
0.411549
0.41299
0.414466
0.415977
0.417522
0.4191
0.420709
0.422348
0.424016
0.425713
0.427436
0.429184
0.430958
0.432754
0.434573
0.436413
0.438274
0.440153
0.44205
0.443964
0.445895
0.44784
0.449799
0.451771
0.453755
0.455751
0.457756
0.459772
0.461795
0.463827
0.465865
0.46791
0.46996
0.472015
0.474074
0.476137
0.478202
0.480269
0.482338
0.484409
0.486479
0.48855
0.49062
0.492689
0.494757
0.496823
0.498887
0.500949
0.503007
0.505063
0.507115
0.509163
0.511207
0.513247
0.515283
0.517314
0.51934
0.521361
0.523378
0.525389
0.527395
0.529396
0.531392
0.533382
0.535368
0.537348
0.539322
0.541292
0.543257
0.545216
0.547171
0.549122
0.551068
0.553009
0.554947
0.556881
0.558811
0.560738
0.562662
0.564583
0.566502
0.56842
0.570335
0.57225
0.574164
0.576077
0.577991
0.579906
0.581822
0.583741
0.585661
0.587585
0.589513
0.591445
0.593383
0.595327
0.597277
0.599236
0.601202
0.603178
0.605165
0.607162
0.609172
0.611195
0.613232
0.615284
0.617353
0.619439
0.621544
0.623668
0.625813
0.627981
0.630171
0.632386
0.634627
0.636894
0.639189
0.641513
0.643868
0.646253
0.648671
0.651122
0.653607
0.656127
0.658682
0.661274
0.663904
0.66657
0.669275
0.672018
0.6748
0.677622
0.680483
0.683384
0.686325
0.689309
0.692334
0.695404
0.698519
0.701683
0.7049
0.708172
0.711507
0.714911
0.718394
0.721965
0.725639
0.729431
0.733358
0.737442
0.741708
0.746182
0.750896
0.755884
0.761182
0.766831
0.772873
0.779353
0.786317
0.79381
0.801879
0.810569
0.819921
0.829975
0.840764
0.852315
0.864651
0.877784
0.891716
0.906434
0.921914
0.93812
0.955005
0.972514
0.990581
1.00913
1.02809
1.04738
1.0669
1.08657
1.1063
1.12601
1.14563
1.16506
1.18424
1.20311
1.2216
1.23967
1.25727
1.27435
1.29089
1.30685
1.32221
1.33695
1.35107
1.36454
1.37736
1.38953
1.40104
1.4119
1.4221
1.43165
1.44055
1.44882
1.45645
1.46345
1.46983
1.4756
1.48076
1.48533
1.48929
0.394791
0.394796
0.394867
0.394995
0.395182
0.395425
0.395726
0.396084
0.396498
0.396968
0.397493
0.398074
0.398709
0.399398
0.40014
0.400934
0.40178
0.402677
0.403624
0.40462
0.405664
0.406755
0.407892
0.409075
0.410302
0.411572
0.412883
0.414236
0.415628
0.417059
0.418527
0.420032
0.421571
0.423144
0.42475
0.426388
0.428055
0.429751
0.431476
0.433227
0.435003
0.436804
0.438627
0.440473
0.442339
0.444225
0.44613
0.448052
0.449991
0.451945
0.453914
0.455896
0.45789
0.459896
0.461912
0.463938
0.465973
0.468016
0.470066
0.472122
0.474184
0.47625
0.478321
0.480395
0.482472
0.484551
0.486631
0.488713
0.490795
0.492877
0.494958
0.497038
0.499117
0.501193
0.503268
0.505339
0.507408
0.509474
0.511535
0.513593
0.515647
0.517696
0.51974
0.52178
0.523815
0.525845
0.527869
0.529888
0.531902
0.53391
0.535913
0.53791
0.539902
0.541888
0.543868
0.545844
0.547813
0.549778
0.551737
0.553691
0.555641
0.557585
0.559525
0.561461
0.563392
0.56532
0.567243
0.569164
0.571081
0.572995
0.574907
0.576816
0.578724
0.58063
0.582535
0.58444
0.586344
0.588248
0.590153
0.59206
0.593967
0.595877
0.59779
0.599706
0.601626
0.603551
0.60548
0.607415
0.609357
0.611305
0.613261
0.615226
0.617199
0.619183
0.621177
0.623182
0.625199
0.627229
0.629272
0.63133
0.633403
0.635491
0.637595
0.639717
0.641856
0.644014
0.646191
0.648387
0.650604
0.652841
0.6551
0.65738
0.659681
0.662006
0.664352
0.666722
0.669115
0.671531
0.673971
0.676435
0.678924
0.681437
0.683976
0.686542
0.689135
0.691758
0.694413
0.697103
0.69983
0.7026
0.705419
0.708292
0.711228
0.714237
0.71733
0.72052
0.723825
0.72726
0.730848
0.734611
0.738574
0.742766
0.747218
0.751963
0.757036
0.762476
0.768319
0.774608
0.78138
0.788677
0.796537
0.804996
0.81409
0.823847
0.834295
0.845453
0.857337
0.869953
0.883294
0.897347
0.912086
0.927478
0.943484
0.960051
0.977125
0.994642
1.01253
1.03073
1.04915
1.06773
1.08639
1.10506
1.12366
1.14212
1.16039
1.1784
1.19611
1.21345
1.23038
1.24688
1.2629
1.27841
1.29338
1.30781
1.32167
1.33494
1.34762
1.35969
1.37117
1.38203
1.39228
1.40191
1.41094
1.41936
1.42718
1.43439
1.44101
1.44704
1.45248
1.45732
0.400159
0.400165
0.400238
0.40037
0.40056
0.40081
0.401118
0.401484
0.401907
0.402388
0.402925
0.403518
0.404167
0.404871
0.405629
0.40644
0.407303
0.408219
0.409185
0.410201
0.411265
0.412378
0.413538
0.414743
0.415993
0.417286
0.418621
0.419998
0.421415
0.42287
0.424363
0.425893
0.427457
0.429055
0.430686
0.432348
0.43404
0.435761
0.437509
0.439284
0.441083
0.442907
0.444753
0.446621
0.448509
0.450417
0.452342
0.454284
0.456243
0.458216
0.460202
0.462202
0.464213
0.466235
0.468266
0.470307
0.472356
0.474411
0.476474
0.478541
0.480614
0.482691
0.484771
0.486853
0.488938
0.491024
0.493111
0.495199
0.497286
0.499372
0.501457
0.50354
0.505621
0.5077
0.509775
0.511847
0.513916
0.515981
0.518042
0.520098
0.522149
0.524196
0.526238
0.528274
0.530305
0.53233
0.53435
0.536364
0.538372
0.540375
0.542371
0.544362
0.546347
0.548326
0.550299
0.552267
0.554228
0.556185
0.558135
0.56008
0.56202
0.563955
0.565885
0.56781
0.569731
0.571647
0.573559
0.575466
0.577371
0.579271
0.581169
0.583063
0.584955
0.586845
0.588733
0.590618
0.592503
0.594387
0.59627
0.598152
0.600035
0.601918
0.603802
0.605688
0.607575
0.609464
0.611356
0.613251
0.61515
0.617052
0.618959
0.620871
0.622787
0.62471
0.626639
0.628574
0.630516
0.632466
0.634424
0.63639
0.638364
0.640348
0.642341
0.644344
0.646357
0.64838
0.650413
0.652458
0.654513
0.65658
0.658658
0.660747
0.662848
0.66496
0.667084
0.66922
0.671369
0.673529
0.675702
0.677889
0.680088
0.682303
0.684533
0.68678
0.689046
0.691332
0.693643
0.695981
0.698351
0.700758
0.703209
0.70571
0.708271
0.710902
0.713614
0.716423
0.719342
0.72239
0.725585
0.728951
0.732511
0.73629
0.740316
0.744621
0.749234
0.754189
0.759521
0.765264
0.771452
0.778121
0.785304
0.793034
0.801341
0.810251
0.819789
0.829974
0.84082
0.852337
0.864523
0.877368
0.890858
0.904967
0.919666
0.934916
0.950673
0.966886
0.983502
1.00046
1.0177
1.03515
1.05276
1.07045
1.08816
1.10582
1.12339
1.14079
1.15799
1.17491
1.19153
1.2078
1.22368
1.23914
1.25415
1.26868
1.28271
1.29623
1.30921
1.32165
1.33354
1.34486
1.35562
1.3658
1.3754
1.38443
1.39288
1.40075
1.40805
1.41478
1.42093
1.42648
0.405856
0.405863
0.405937
0.406072
0.406267
0.406522
0.406837
0.40721
0.407642
0.408133
0.408681
0.409286
0.409947
0.410664
0.411437
0.412263
0.413143
0.414075
0.415059
0.416093
0.417176
0.418308
0.419487
0.420713
0.421983
0.423297
0.424654
0.426052
0.427491
0.428968
0.430482
0.432033
0.433619
0.435239
0.436891
0.438574
0.440287
0.442028
0.443797
0.445591
0.44741
0.449252
0.451117
0.453002
0.454908
0.456831
0.458772
0.46073
0.462702
0.464689
0.466688
0.4687
0.470722
0.472754
0.474796
0.476845
0.478902
0.480965
0.483033
0.485107
0.487184
0.489264
0.491347
0.493432
0.495519
0.497605
0.499692
0.501778
0.503864
0.505947
0.508029
0.510108
0.512185
0.514258
0.516327
0.518393
0.520455
0.522512
0.524564
0.526611
0.528653
0.53069
0.532721
0.534746
0.536765
0.538779
0.540786
0.542787
0.544782
0.546771
0.548754
0.55073
0.5527
0.554664
0.556622
0.558573
0.560519
0.562459
0.564392
0.56632
0.568242
0.570159
0.572071
0.573977
0.575878
0.577774
0.579666
0.581553
0.583435
0.585314
0.587189
0.58906
0.590927
0.592792
0.594653
0.596512
0.598368
0.600222
0.602074
0.603925
0.605774
0.607622
0.609469
0.611316
0.613162
0.615008
0.616855
0.618702
0.62055
0.622398
0.624249
0.6261
0.627954
0.629809
0.631667
0.633527
0.63539
0.637256
0.639124
0.640996
0.642871
0.644749
0.646631
0.648516
0.650405
0.652297
0.654193
0.656092
0.657995
0.659901
0.661811
0.663724
0.665641
0.667561
0.669485
0.671413
0.673344
0.67528
0.67722
0.679166
0.681118
0.683077
0.685046
0.687025
0.689017
0.691026
0.693053
0.695105
0.697185
0.699299
0.701455
0.70366
0.705924
0.708257
0.710671
0.71318
0.715799
0.718544
0.721435
0.724492
0.727737
0.731194
0.734887
0.738845
0.743095
0.747667
0.752591
0.757897
0.763616
0.769778
0.776413
0.783549
0.791213
0.799429
0.808218
0.817599
0.827585
0.838186
0.849402
0.861229
0.873656
0.886666
0.900236
0.914336
0.928931
0.943982
0.959443
0.975266
0.991399
1.00779
1.02437
1.0411
1.05791
1.07474
1.09155
1.10827
1.12486
1.14127
1.15745
1.17335
1.18895
1.2042
1.21908
1.23355
1.24759
1.26117
1.27429
1.28691
1.29904
1.31064
1.32173
1.33228
1.34229
1.35176
1.36068
1.36905
1.37686
1.38412
1.39083
1.39695
0.411867
0.411874
0.41195
0.412088
0.412287
0.412547
0.412867
0.413248
0.413688
0.414187
0.414745
0.41536
0.416033
0.416763
0.417548
0.418388
0.419283
0.42023
0.421229
0.422279
0.42338
0.424529
0.425726
0.426969
0.428258
0.42959
0.430965
0.432382
0.433839
0.435335
0.436868
0.438437
0.440042
0.441679
0.443349
0.445049
0.446779
0.448537
0.450321
0.452131
0.453965
0.455822
0.4577
0.459599
0.461516
0.463452
0.465404
0.467371
0.469353
0.471347
0.473354
0.475372
0.477401
0.479438
0.481483
0.483535
0.485594
0.487658
0.489727
0.4918
0.493876
0.495954
0.498033
0.500114
0.502195
0.504276
0.506355
0.508434
0.510511
0.512585
0.514657
0.516725
0.51879
0.52085
0.522907
0.524959
0.527006
0.529047
0.531084
0.533115
0.53514
0.537159
0.539172
0.541178
0.543178
0.545172
0.547159
0.54914
0.551114
0.553082
0.555042
0.556996
0.558944
0.560885
0.562819
0.564747
0.566668
0.568583
0.570492
0.572394
0.574291
0.576181
0.578066
0.579945
0.581818
0.583687
0.585549
0.587407
0.58926
0.591108
0.592952
0.594791
0.596626
0.598456
0.600283
0.602107
0.603926
0.605743
0.607556
0.609366
0.611173
0.612978
0.61478
0.61658
0.618378
0.620173
0.621967
0.623759
0.625549
0.627338
0.629125
0.630911
0.632696
0.634479
0.636261
0.638042
0.639822
0.6416
0.643377
0.645153
0.646928
0.648701
0.650472
0.652242
0.654011
0.655777
0.657541
0.659303
0.661063
0.66282
0.664575
0.666327
0.668077
0.669824
0.671569
0.673311
0.675052
0.676791
0.67853
0.68027
0.682011
0.683755
0.685504
0.687261
0.689028
0.690808
0.692606
0.694427
0.696275
0.698157
0.70008
0.702054
0.704087
0.706189
0.708374
0.710653
0.713043
0.715558
0.718217
0.721039
0.724044
0.727254
0.730693
0.734384
0.738353
0.742626
0.747229
0.75219
0.757536
0.763293
0.769488
0.776144
0.783286
0.790934
0.799109
0.807826
0.817099
0.826936
0.837339
0.848307
0.859832
0.871901
0.884497
0.897596
0.911172
0.925192
0.939619
0.954412
0.969529
0.984922
1.00054
1.01634
1.03227
1.04827
1.0643
1.08031
1.09624
1.11206
1.12771
1.14316
1.15837
1.1733
1.18791
1.20219
1.2161
1.22961
1.24271
1.25537
1.26758
1.27932
1.29058
1.30135
1.31161
1.32137
1.3306
1.33932
1.3475
1.35515
1.36226
1.36881
0.418175
0.418183
0.41826
0.418401
0.418603
0.418867
0.419193
0.41958
0.420027
0.420534
0.4211
0.421725
0.422409
0.423149
0.423946
0.424799
0.425706
0.426666
0.42768
0.428744
0.429859
0.431023
0.432235
0.433494
0.434798
0.436147
0.437538
0.43897
0.440443
0.441954
0.443503
0.445087
0.446706
0.448358
0.450042
0.451756
0.453499
0.455269
0.457066
0.458887
0.460732
0.462599
0.464486
0.466393
0.468318
0.47026
0.472218
0.47419
0.476176
0.478174
0.480183
0.482202
0.48423
0.486267
0.48831
0.49036
0.492415
0.494474
0.496537
0.498603
0.500671
0.50274
0.50481
0.50688
0.508949
0.511017
0.513084
0.515148
0.517209
0.519267
0.521322
0.523372
0.525418
0.52746
0.529496
0.531527
0.533552
0.535571
0.537585
0.539592
0.541592
0.543586
0.545574
0.547554
0.549528
0.551494
0.553454
0.555406
0.557351
0.55929
0.561221
0.563145
0.565062
0.566972
0.568874
0.57077
0.57266
0.574542
0.576418
0.578287
0.58015
0.582006
0.583856
0.5857
0.587537
0.589369
0.591195
0.593016
0.594831
0.59664
0.598445
0.600244
0.602038
0.603827
0.605612
0.607391
0.609167
0.610937
0.612704
0.614466
0.616224
0.617978
0.619728
0.621474
0.623216
0.624954
0.626688
0.628419
0.630145
0.631868
0.633587
0.635302
0.637013
0.63872
0.640422
0.642121
0.643815
0.645504
0.647188
0.648868
0.650543
0.652212
0.653876
0.655534
0.657186
0.658832
0.660471
0.662104
0.663731
0.66535
0.666963
0.668569
0.670168
0.67176
0.673346
0.674926
0.676501
0.678071
0.679638
0.681202
0.682765
0.68433
0.685898
0.687472
0.689056
0.690653
0.692268
0.693906
0.695573
0.697275
0.69902
0.700816
0.702674
0.704604
0.706617
0.708726
0.710947
0.713293
0.715782
0.718431
0.721259
0.724287
0.727536
0.731027
0.734784
0.738831
0.743189
0.747883
0.752938
0.758375
0.764219
0.77049
0.77721
0.784398
0.792069
0.800239
0.80892
0.81812
0.827842
0.838084
0.848841
0.860104
0.87186
0.88409
0.896771
0.909879
0.923382
0.937246
0.951436
0.965911
0.980631
0.995552
1.01063
1.02582
1.04108
1.05636
1.07162
1.08681
1.10188
1.11681
1.13156
1.14608
1.16034
1.17432
1.18799
1.20131
1.21427
1.22685
1.23902
1.25076
1.26207
1.27292
1.2833
1.29321
1.30262
1.31154
1.31996
1.32787
1.33526
1.34209
0.424762
0.42477
0.424849
0.424992
0.425198
0.425466
0.425796
0.426188
0.426641
0.427155
0.427729
0.428363
0.429055
0.429806
0.430613
0.431476
0.432394
0.433367
0.434392
0.435469
0.436597
0.437774
0.438999
0.44027
0.441588
0.442949
0.444353
0.445799
0.447284
0.448808
0.450368
0.451965
0.453595
0.455258
0.456952
0.458676
0.460428
0.462207
0.464012
0.46584
0.467691
0.469563
0.471455
0.473366
0.475294
0.477238
0.479197
0.481169
0.483153
0.485149
0.487155
0.48917
0.491193
0.493223
0.495259
0.4973
0.499346
0.501394
0.503445
0.505498
0.507552
0.509606
0.51166
0.513713
0.515764
0.517813
0.519859
0.521902
0.523942
0.525977
0.528007
0.530033
0.532053
0.534068
0.536077
0.53808
0.540076
0.542066
0.544049
0.546025
0.547994
0.549956
0.55191
0.553857
0.555797
0.557729
0.559653
0.56157
0.563479
0.56538
0.567274
0.56916
0.571039
0.57291
0.574774
0.576631
0.57848
0.580322
0.582157
0.583985
0.585806
0.58762
0.589427
0.591228
0.593022
0.59481
0.596592
0.598367
0.600136
0.6019
0.603657
0.605408
0.607154
0.608894
0.610628
0.612357
0.61408
0.615798
0.617511
0.619218
0.620919
0.622616
0.624306
0.625992
0.627672
0.629347
0.631016
0.632679
0.634337
0.635988
0.637634
0.639274
0.640907
0.642534
0.644155
0.645768
0.647375
0.648974
0.650565
0.652149
0.653725
0.655292
0.656851
0.658401
0.659942
0.661474
0.662996
0.664509
0.666012
0.667506
0.668989
0.670463
0.671927
0.673383
0.67483
0.676268
0.6777
0.679125
0.680546
0.681964
0.68338
0.684797
0.686218
0.687646
0.689085
0.690538
0.69201
0.693508
0.695036
0.696603
0.698215
0.699882
0.701613
0.703419
0.70531
0.7073
0.709402
0.711631
0.714002
0.716531
0.719237
0.722138
0.725252
0.7286
0.732202
0.73608
0.740254
0.744745
0.749575
0.754763
0.760331
0.766296
0.772677
0.779491
0.786752
0.794473
0.802664
0.811333
0.820482
0.830112
0.840217
0.850791
0.861824
0.8733
0.885201
0.897506
0.910189
0.923222
0.936575
0.950212
0.9641
0.978199
0.992473
1.00688
1.02138
1.03593
1.0505
1.06504
1.07951
1.09387
1.1081
1.12215
1.136
1.1496
1.16295
1.17599
1.18873
1.20112
1.21315
1.22478
1.23602
1.24684
1.25722
1.26716
1.27664
1.28566
1.29419
1.30223
1.30978
1.3168
0.43161
0.431618
0.431699
0.431843
0.432051
0.432323
0.432657
0.433054
0.433513
0.434033
0.434614
0.435255
0.435955
0.436713
0.437529
0.438402
0.43933
0.440312
0.441347
0.442435
0.443573
0.44476
0.445996
0.447279
0.448606
0.449978
0.451393
0.452848
0.454343
0.455876
0.457446
0.459051
0.460689
0.46236
0.464061
0.465791
0.467548
0.469332
0.47114
0.472971
0.474824
0.476698
0.47859
0.4805
0.482426
0.484367
0.486322
0.488289
0.490267
0.492256
0.494253
0.496258
0.498271
0.500289
0.502312
0.504338
0.506368
0.5084
0.510434
0.512468
0.514502
0.516535
0.518566
0.520596
0.522622
0.524646
0.526665
0.528681
0.530691
0.532697
0.534697
0.536691
0.538679
0.54066
0.542635
0.544603
0.546563
0.548517
0.550462
0.5524
0.55433
0.556252
0.558167
0.560073
0.561971
0.563861
0.565742
0.567616
0.569481
0.571338
0.573188
0.575029
0.576862
0.578687
0.580504
0.582314
0.584116
0.58591
0.587696
0.589475
0.591247
0.593012
0.594769
0.596519
0.598262
0.599999
0.601728
0.603451
0.605167
0.606876
0.608579
0.610276
0.611966
0.613649
0.615326
0.616997
0.618661
0.620319
0.621971
0.623616
0.625255
0.626888
0.628513
0.630132
0.631745
0.63335
0.634949
0.63654
0.638124
0.639701
0.64127
0.642831
0.644383
0.645928
0.647464
0.648991
0.650509
0.652018
0.653517
0.655006
0.656485
0.657953
0.659411
0.660858
0.662293
0.663718
0.665131
0.666532
0.667922
0.6693
0.670667
0.672023
0.673369
0.674704
0.67603
0.677347
0.678657
0.679961
0.68126
0.682557
0.683853
0.685152
0.686456
0.687769
0.689095
0.690439
0.691805
0.693199
0.694627
0.696097
0.697617
0.699195
0.70084
0.702564
0.704376
0.706289
0.708316
0.71047
0.712767
0.715221
0.717848
0.720666
0.723692
0.726944
0.730441
0.7342
0.738241
0.742583
0.747244
0.752242
0.757595
0.763319
0.76943
0.775943
0.782869
0.79022
0.798006
0.806231
0.814899
0.824009
0.833559
0.843543
0.853952
0.864774
0.875993
0.887591
0.899547
0.911837
0.924435
0.937311
0.950434
0.963773
0.977293
0.990958
1.00473
1.01858
1.03247
1.04636
1.06021
1.07399
1.08767
1.10121
1.11458
1.12776
1.14071
1.1534
1.16582
1.17793
1.18972
1.20116
1.21223
1.22292
1.23321
1.24308
1.25253
1.26153
1.27008
1.27816
1.28577
1.29286
0.438698
0.438707
0.438788
0.438934
0.439145
0.439419
0.439757
0.440158
0.440621
0.441146
0.441733
0.44238
0.443087
0.443852
0.444676
0.445556
0.446492
0.447482
0.448526
0.449621
0.450768
0.451964
0.453208
0.454499
0.455835
0.457215
0.458637
0.460099
0.461601
0.463141
0.464716
0.466326
0.467969
0.469644
0.471348
0.47308
0.474839
0.476624
0.478432
0.480262
0.482113
0.483983
0.485871
0.487775
0.489695
0.491628
0.493574
0.495531
0.497498
0.499475
0.501458
0.503449
0.505445
0.507446
0.50945
0.511457
0.513466
0.515475
0.517485
0.519494
0.521502
0.523508
0.525511
0.527511
0.529507
0.531499
0.533485
0.535467
0.537442
0.539412
0.541374
0.54333
0.545279
0.547221
0.549155
0.55108
0.552998
0.554908
0.556809
0.558702
0.560587
0.562462
0.564329
0.566187
0.568037
0.569878
0.57171
0.573533
0.575347
0.577153
0.578951
0.580739
0.582519
0.584291
0.586055
0.58781
0.589557
0.591296
0.593027
0.59475
0.596465
0.598173
0.599873
0.601565
0.60325
0.604928
0.606598
0.608261
0.609917
0.611566
0.613207
0.614842
0.616469
0.618089
0.619703
0.621309
0.622908
0.6245
0.626084
0.627662
0.629232
0.630795
0.63235
0.633897
0.635437
0.636969
0.638492
0.640007
0.641514
0.643012
0.6445
0.64598
0.64745
0.648911
0.650361
0.651801
0.65323
0.654649
0.656057
0.657453
0.658838
0.660211
0.661571
0.66292
0.664256
0.66558
0.666891
0.66819
0.669477
0.670752
0.672015
0.673267
0.674508
0.675739
0.676961
0.678176
0.679384
0.680587
0.681788
0.682987
0.684189
0.685396
0.686611
0.687837
0.68908
0.690345
0.691635
0.692958
0.694319
0.695727
0.697188
0.698712
0.700307
0.701983
0.703751
0.705623
0.707611
0.709728
0.711987
0.714402
0.716989
0.719762
0.722738
0.725933
0.729363
0.733046
0.736997
0.741234
0.745772
0.750628
0.755816
0.761352
0.767249
0.773518
0.780172
0.787219
0.794667
0.802521
0.810782
0.819452
0.828527
0.838002
0.847871
0.858122
0.868742
0.879717
0.891027
0.902652
0.91457
0.926754
0.939179
0.951815
0.964634
0.977602
0.99069
1.00386
1.01709
1.03034
1.04357
1.05676
1.06988
1.08288
1.09575
1.10845
1.12096
1.13325
1.14529
1.15706
1.16854
1.1797
1.19053
1.20101
1.21111
1.22083
1.23015
1.23905
1.24752
1.25555
1.26313
1.27021
0.446008
0.446016
0.446098
0.446246
0.446458
0.446734
0.447075
0.447479
0.447946
0.448476
0.449067
0.449719
0.450432
0.451203
0.452032
0.452918
0.45386
0.454857
0.455907
0.457009
0.458162
0.459365
0.460615
0.461912
0.463253
0.464638
0.466065
0.467532
0.469038
0.470581
0.472159
0.473771
0.475415
0.47709
0.478794
0.480525
0.482282
0.484063
0.485867
0.487692
0.489536
0.491399
0.493278
0.495173
0.497082
0.499003
0.500935
0.502878
0.504829
0.506788
0.508753
0.510723
0.512698
0.514676
0.516656
0.518638
0.52062
0.522602
0.524583
0.526561
0.528537
0.53051
0.532479
0.534443
0.536402
0.538356
0.540303
0.542244
0.544179
0.546106
0.548025
0.549936
0.55184
0.553735
0.555621
0.557499
0.559367
0.561227
0.563077
0.564918
0.56675
0.568573
0.570386
0.572189
0.573983
0.575768
0.577543
0.579309
0.581066
0.582814
0.584552
0.586282
0.588002
0.589714
0.591416
0.59311
0.594796
0.596473
0.598141
0.599801
0.601453
0.603097
0.604733
0.606361
0.607981
0.609593
0.611197
0.612794
0.614383
0.615964
0.617538
0.619104
0.620662
0.622213
0.623756
0.625292
0.62682
0.62834
0.629852
0.631357
0.632853
0.634341
0.635821
0.637292
0.638754
0.640208
0.641653
0.643088
0.644514
0.645931
0.647337
0.648733
0.650119
0.651494
0.652859
0.654212
0.655553
0.656883
0.658202
0.659508
0.660801
0.662082
0.663351
0.664607
0.66585
0.667081
0.668299
0.669505
0.670699
0.671881
0.673053
0.674213
0.675364
0.676507
0.677642
0.678771
0.679896
0.681019
0.682141
0.683265
0.684395
0.685533
0.686682
0.687848
0.689035
0.690246
0.691489
0.692769
0.694092
0.695465
0.696897
0.698396
0.69997
0.70163
0.703385
0.705246
0.707225
0.709334
0.711585
0.713993
0.716569
0.719329
0.722286
0.725456
0.728853
0.732492
0.736388
0.740555
0.745008
0.74976
0.754825
0.760216
0.765943
0.772017
0.778449
0.785244
0.79241
0.79995
0.807866
0.816159
0.824824
0.833859
0.843257
0.853008
0.863101
0.873523
0.884257
0.895285
0.906589
0.918145
0.92993
0.941919
0.954085
0.966402
0.978839
0.991369
1.00396
1.01659
1.02921
1.04181
1.05436
1.06682
1.07916
1.09136
1.1034
1.11524
1.12686
1.13824
1.14936
1.16018
1.17071
1.1809
1.19075
1.20024
1.20935
1.21807
1.22639
1.23429
1.24176
1.24876
0.453516
0.453525
0.453607
0.453756
0.453969
0.454248
0.45459
0.454997
0.455467
0.456
0.456595
0.457251
0.457968
0.458743
0.459577
0.460468
0.461415
0.462416
0.463471
0.464577
0.465735
0.466941
0.468195
0.469496
0.47084
0.472228
0.473657
0.475126
0.476633
0.478176
0.479754
0.481365
0.483007
0.484679
0.486379
0.488105
0.489856
0.49163
0.493426
0.495242
0.497076
0.498927
0.500794
0.502674
0.504568
0.506472
0.508386
0.510309
0.51224
0.514176
0.516118
0.518063
0.520012
0.521962
0.523913
0.525864
0.527814
0.529763
0.531708
0.533651
0.53559
0.537523
0.539452
0.541375
0.543292
0.545201
0.547104
0.548999
0.550886
0.552764
0.554634
0.556494
0.558346
0.560188
0.562021
0.563844
0.565657
0.56746
0.569253
0.571036
0.572809
0.574571
0.576324
0.578066
0.579798
0.581521
0.583233
0.584935
0.586628
0.58831
0.589983
0.591647
0.593301
0.594945
0.596581
0.598207
0.599824
0.601432
0.603032
0.604623
0.606205
0.607778
0.609344
0.6109
0.612449
0.613989
0.615521
0.617046
0.618562
0.62007
0.62157
0.623061
0.624545
0.626021
0.627489
0.628949
0.6304
0.631843
0.633278
0.634705
0.636122
0.637532
0.638932
0.640323
0.641705
0.643077
0.64444
0.645794
0.647137
0.64847
0.649792
0.651104
0.652405
0.653695
0.654973
0.65624
0.657495
0.658738
0.65997
0.661188
0.662395
0.663589
0.664771
0.66594
0.667097
0.668243
0.669376
0.670498
0.671609
0.67271
0.673801
0.674883
0.675958
0.677027
0.67809
0.67915
0.680209
0.681268
0.682331
0.6834
0.684478
0.685568
0.686675
0.687802
0.688955
0.690138
0.691356
0.692617
0.693926
0.695291
0.696718
0.698217
0.699796
0.701464
0.70323
0.705106
0.707101
0.709228
0.711497
0.713921
0.716512
0.719283
0.722247
0.725417
0.728807
0.732429
0.736297
0.740423
0.74482
0.7495
0.754474
0.759753
0.765346
0.771264
0.777512
0.784099
0.791027
0.798301
0.805921
0.813888
0.822198
0.830849
0.839832
0.849142
0.858767
0.868695
0.878912
0.889403
0.900149
0.911132
0.92233
0.933721
0.945282
0.956988
0.968812
0.980731
0.992715
1.00474
1.01677
1.02879
1.04077
1.05268
1.06449
1.07617
1.08771
1.09908
1.11025
1.1212
1.13191
1.14236
1.15252
1.16238
1.17192
1.18112
1.18997
1.19845
1.20654
1.21424
1.22153
1.22838
0.461202
0.461211
0.461294
0.461443
0.461657
0.461937
0.462282
0.46269
0.463163
0.463698
0.464296
0.464955
0.465674
0.466452
0.467289
0.468183
0.469133
0.470137
0.471195
0.472304
0.473464
0.474673
0.475928
0.47723
0.478575
0.479963
0.481392
0.48286
0.484365
0.485905
0.48748
0.489087
0.490724
0.492389
0.494082
0.4958
0.497542
0.499306
0.50109
0.502892
0.504712
0.506548
0.508397
0.51026
0.512133
0.514017
0.515908
0.517807
0.519712
0.521622
0.523535
0.525451
0.527368
0.529285
0.531202
0.533117
0.53503
0.53694
0.538846
0.540747
0.542643
0.544532
0.546416
0.548291
0.55016
0.55202
0.553872
0.555715
0.557548
0.559372
0.561186
0.562991
0.564784
0.566568
0.568341
0.570103
0.571854
0.573595
0.575324
0.577043
0.57875
0.580447
0.582133
0.583808
0.585472
0.587125
0.588768
0.590401
0.592023
0.593634
0.595236
0.596827
0.598408
0.59998
0.601542
0.603094
0.604637
0.60617
0.607694
0.60921
0.610716
0.612213
0.613702
0.615182
0.616653
0.618116
0.61957
0.621016
0.622454
0.623883
0.625304
0.626716
0.62812
0.629516
0.630904
0.632283
0.633653
0.635015
0.636368
0.637713
0.639048
0.640375
0.641692
0.643
0.644299
0.645588
0.646867
0.648136
0.649394
0.650643
0.65188
0.653107
0.654323
0.655528
0.656722
0.657904
0.659075
0.660234
0.661381
0.662516
0.66364
0.664752
0.665853
0.666942
0.66802
0.669087
0.670144
0.671192
0.67223
0.67326
0.674282
0.675299
0.67631
0.677318
0.678324
0.67933
0.680339
0.681352
0.682373
0.683403
0.684448
0.68551
0.686593
0.687701
0.68884
0.690014
0.69123
0.692492
0.693809
0.695185
0.69663
0.69815
0.699754
0.701451
0.703249
0.70516
0.707191
0.709355
0.711662
0.714123
0.716748
0.719551
0.722541
0.725732
0.729135
0.732761
0.736621
0.740728
0.745092
0.749723
0.754631
0.759825
0.765313
0.771102
0.7772
0.78361
0.790336
0.797381
0.804745
0.812427
0.820426
0.828737
0.837354
0.846269
0.855475
0.864959
0.87471
0.884712
0.89495
0.905407
0.916065
0.926902
0.937898
0.949032
0.960279
0.971616
0.98302
0.994464
1.00592
1.01738
1.02879
1.04015
1.05142
1.06259
1.07362
1.0845
1.09519
1.10569
1.11596
1.12599
1.13576
1.14524
1.15442
1.16328
1.17181
1.18
1.18781
1.19526
1.20231
1.20894
0.469044
0.469053
0.469136
0.469285
0.4695
0.469781
0.470126
0.470536
0.47101
0.471547
0.472146
0.472807
0.473528
0.474308
0.475147
0.476043
0.476994
0.478
0.479058
0.480168
0.481328
0.482537
0.483792
0.485093
0.486437
0.487823
0.489248
0.490712
0.492213
0.493748
0.495316
0.496916
0.498545
0.500201
0.501883
0.50359
0.505319
0.507068
0.508837
0.510623
0.512425
0.514241
0.516069
0.517909
0.519759
0.521617
0.523482
0.525353
0.527228
0.529106
0.530986
0.532867
0.534748
0.536628
0.538506
0.540381
0.542251
0.544118
0.545978
0.547833
0.54968
0.551521
0.553353
0.555177
0.556991
0.558797
0.560592
0.562377
0.564152
0.565916
0.567669
0.569411
0.571142
0.572861
0.574568
0.576263
0.577947
0.579619
0.58128
0.582928
0.584565
0.58619
0.587803
0.589405
0.590995
0.592574
0.594141
0.595698
0.597243
0.598778
0.600302
0.601815
0.603318
0.60481
0.606293
0.607765
0.609228
0.610681
0.612125
0.613559
0.614984
0.616399
0.617806
0.619203
0.620592
0.621972
0.623344
0.624706
0.62606
0.627406
0.628743
0.630071
0.631391
0.632703
0.634006
0.6353
0.636585
0.637862
0.63913
0.64039
0.64164
0.642881
0.644113
0.645335
0.646548
0.647751
0.648945
0.650129
0.651302
0.652465
0.653618
0.654761
0.655893
0.657014
0.658124
0.659224
0.660313
0.661391
0.662458
0.663514
0.66456
0.665595
0.66662
0.667636
0.668642
0.669639
0.670628
0.67161
0.672585
0.673554
0.674519
0.675481
0.676441
0.677402
0.678364
0.67933
0.680303
0.681285
0.682279
0.683288
0.684315
0.685365
0.686441
0.687548
0.688691
0.689874
0.691104
0.692386
0.693727
0.695133
0.696612
0.698171
0.699817
0.70156
0.703408
0.705369
0.707453
0.709671
0.71203
0.714543
0.717218
0.720066
0.723098
0.726324
0.729755
0.7334
0.737269
0.741373
0.745721
0.75032
0.755181
0.760309
0.765712
0.771396
0.777366
0.783625
0.790177
0.797022
0.80416
0.811591
0.819313
0.82732
0.835608
0.844169
0.852995
0.862076
0.871401
0.880956
0.890728
0.9007
0.910856
0.921178
0.931646
0.942242
0.952943
0.963729
0.974576
0.985464
0.996368
1.00727
1.01813
1.02895
1.03969
1.05033
1.06085
1.07122
1.08143
1.09145
1.10126
1.11085
1.12019
1.12926
1.13805
1.14654
1.15471
1.16255
1.17005
1.17719
1.18396
1.19033
0.477019
0.477028
0.47711
0.47726
0.477475
0.477756
0.478102
0.478513
0.478987
0.479525
0.480125
0.480786
0.481508
0.482289
0.483128
0.484023
0.484975
0.48598
0.487038
0.488147
0.489306
0.490512
0.491765
0.493062
0.494403
0.495784
0.497204
0.498662
0.500155
0.501683
0.503242
0.504831
0.506449
0.508093
0.509761
0.511453
0.513166
0.514898
0.516647
0.518413
0.520193
0.521986
0.52379
0.525604
0.527426
0.529254
0.531088
0.532926
0.534767
0.53661
0.538453
0.540295
0.542136
0.543973
0.545807
0.547637
0.549461
0.551278
0.553089
0.554892
0.556687
0.558472
0.560249
0.562015
0.563771
0.565516
0.56725
0.568973
0.570684
0.572382
0.574069
0.575743
0.577405
0.579054
0.580691
0.582314
0.583925
0.585523
0.587109
0.588682
0.590242
0.591789
0.593325
0.594848
0.596358
0.597857
0.599344
0.600819
0.602283
0.603735
0.605176
0.606606
0.608025
0.609433
0.610831
0.612218
0.613596
0.614963
0.616321
0.617669
0.619007
0.620336
0.621656
0.622966
0.624268
0.62556
0.626844
0.628119
0.629385
0.630643
0.631892
0.633132
0.634364
0.635587
0.636802
0.638008
0.639206
0.640394
0.641575
0.642746
0.643908
0.645062
0.646206
0.647341
0.648468
0.649584
0.650692
0.65179
0.652878
0.653956
0.655025
0.656084
0.657133
0.658173
0.659202
0.660222
0.661232
0.662232
0.663223
0.664205
0.665178
0.666142
0.667098
0.668047
0.668988
0.669923
0.670853
0.671778
0.672699
0.673618
0.674536
0.675454
0.676375
0.6773
0.67823
0.67917
0.68012
0.681085
0.682066
0.683067
0.684092
0.685144
0.686228
0.687349
0.68851
0.689717
0.690977
0.692293
0.693673
0.695124
0.696651
0.698262
0.699964
0.701766
0.703675
0.7057
0.707849
0.710131
0.712555
0.71513
0.717866
0.720771
0.723854
0.727126
0.730595
0.734269
0.738159
0.74227
0.746613
0.751194
0.756019
0.761096
0.766429
0.772024
0.777884
0.784011
0.790407
0.797074
0.804011
0.811216
0.818687
0.826419
0.834408
0.842645
0.851124
0.859836
0.868768
0.877911
0.88725
0.896771
0.90646
0.916299
0.926271
0.936359
0.946542
0.956803
0.967119
0.977471
0.987837
0.998197
1.00853
1.01881
1.02902
1.03914
1.04914
1.059
1.06872
1.07825
1.08759
1.09671
1.10561
1.11425
1.12262
1.1307
1.13849
1.14596
1.1531
1.1599
1.16634
1.1724
0.485104
0.485112
0.485194
0.485343
0.485559
0.48584
0.486186
0.486596
0.48707
0.487608
0.488208
0.488869
0.48959
0.49037
0.491208
0.492103
0.493053
0.494056
0.495112
0.496218
0.497374
0.498576
0.499824
0.501117
0.502451
0.503825
0.505238
0.506687
0.508171
0.509687
0.511235
0.512811
0.514414
0.516043
0.517695
0.519369
0.521062
0.522773
0.524501
0.526243
0.527998
0.529764
0.531539
0.533323
0.535113
0.536909
0.538708
0.54051
0.542313
0.544115
0.545917
0.547716
0.549512
0.551303
0.553089
0.554868
0.556641
0.558406
0.560162
0.561909
0.563646
0.565372
0.567088
0.568792
0.570485
0.572165
0.573833
0.575488
0.577129
0.578758
0.580373
0.581975
0.583563
0.585137
0.586697
0.588244
0.589777
0.591296
0.592802
0.594294
0.595773
0.597238
0.59869
0.600129
0.601555
0.602969
0.60437
0.605759
0.607135
0.6085
0.609853
0.611195
0.612525
0.613844
0.615153
0.61645
0.617738
0.619015
0.620282
0.621539
0.622786
0.624024
0.625253
0.626472
0.627682
0.628883
0.630075
0.631258
0.632433
0.633599
0.634757
0.635906
0.637046
0.638178
0.639302
0.640417
0.641524
0.642623
0.643713
0.644794
0.645867
0.646932
0.647988
0.649035
0.650074
0.651103
0.652125
0.653137
0.65414
0.655135
0.656121
0.657098
0.658067
0.659027
0.659978
0.660921
0.661856
0.662784
0.663703
0.664615
0.665521
0.66642
0.667313
0.668202
0.669086
0.669966
0.670844
0.671721
0.672598
0.673476
0.674357
0.675242
0.676134
0.677034
0.677945
0.678869
0.679809
0.680768
0.681748
0.682754
0.683789
0.684857
0.685962
0.687108
0.688301
0.689545
0.690845
0.692208
0.69364
0.695145
0.696732
0.698406
0.700175
0.702046
0.704026
0.706123
0.708345
0.7107
0.713196
0.715841
0.718644
0.721612
0.724753
0.728077
0.73159
0.7353
0.739215
0.743341
0.747686
0.752255
0.757054
0.762088
0.767361
0.772877
0.778638
0.784646
0.790903
0.797408
0.80416
0.811158
0.818399
0.825878
0.83359
0.841528
0.849686
0.858053
0.866621
0.875379
0.884314
0.893413
0.902662
0.912046
0.921549
0.931155
0.940846
0.950604
0.96041
0.970247
0.980093
0.98993
0.999737
1.00949
1.01918
1.02878
1.03827
1.04763
1.05684
1.06588
1.07474
1.08339
1.09182
1.10001
1.10794
1.1156
1.12298
1.13005
1.13681
1.14324
1.14933
1.15505
0.493275
0.493282
0.493364
0.493513
0.493728
0.494008
0.494353
0.494763
0.495237
0.495773
0.496372
0.497032
0.497751
0.49853
0.499366
0.500258
0.501205
0.502205
0.503257
0.504359
0.505509
0.506706
0.507948
0.509232
0.510558
0.511924
0.513326
0.514765
0.516236
0.51774
0.519273
0.520834
0.52242
0.524031
0.525663
0.527316
0.528987
0.530674
0.532376
0.534091
0.535818
0.537554
0.539298
0.541048
0.542803
0.544562
0.546322
0.548084
0.549845
0.551604
0.55336
0.555112
0.556859
0.5586
0.560333
0.562059
0.563776
0.565484
0.567181
0.568867
0.570542
0.572206
0.573856
0.575494
0.577118
0.578729
0.580326
0.581908
0.583477
0.585031
0.58657
0.588094
0.589604
0.591098
0.592578
0.594043
0.595493
0.596929
0.59835
0.599757
0.601149
0.602527
0.603892
0.605242
0.606579
0.607903
0.609214
0.610512
0.611797
0.61307
0.61433
0.615579
0.616816
0.618042
0.619257
0.620461
0.621654
0.622836
0.624009
0.625171
0.626324
0.627466
0.6286
0.629724
0.630839
0.631945
0.633043
0.634131
0.635211
0.636283
0.637346
0.638401
0.639448
0.640487
0.641517
0.64254
0.643554
0.644561
0.645559
0.64655
0.647532
0.648507
0.649474
0.650433
0.651384
0.652328
0.653263
0.654191
0.655111
0.656024
0.656929
0.657827
0.658717
0.659601
0.660478
0.661348
0.662212
0.66307
0.663923
0.664771
0.665615
0.666455
0.667292
0.668127
0.668961
0.669795
0.67063
0.671467
0.672308
0.673154
0.674007
0.674869
0.675742
0.676627
0.677529
0.678448
0.679388
0.680352
0.681343
0.682365
0.68342
0.684514
0.68565
0.686833
0.688068
0.689358
0.69071
0.692129
0.69362
0.69519
0.696844
0.698589
0.700432
0.702378
0.704435
0.70661
0.708911
0.711343
0.713915
0.716634
0.719507
0.722541
0.725743
0.729121
0.732681
0.736429
0.740372
0.744515
0.748865
0.753426
0.758202
0.763197
0.768415
0.773858
0.779528
0.785426
0.791552
0.797906
0.804486
0.81129
0.818315
0.825557
0.83301
0.840668
0.848524
0.856569
0.864794
0.873188
0.881742
0.890441
0.899274
0.908226
0.917284
0.92643
0.93565
0.944927
0.954243
0.963582
0.972925
0.982254
0.99155
1.0008
1.00997
1.01906
1.02804
1.03689
1.0456
1.05415
1.06252
1.07069
1.07865
1.08638
1.09386
1.10108
1.10803
1.11469
1.12104
1.12708
1.13279
1.13815
0.501508
0.501515
0.501596
0.501744
0.501958
0.502237
0.502582
0.50299
0.503462
0.503997
0.504594
0.505251
0.505968
0.506744
0.507576
0.508465
0.509408
0.510403
0.511449
0.512545
0.513689
0.514878
0.516112
0.517387
0.518703
0.520057
0.521448
0.522873
0.52433
0.525818
0.527335
0.528877
0.530445
0.532034
0.533645
0.535273
0.536919
0.53858
0.540254
0.541939
0.543633
0.545336
0.547045
0.548758
0.550475
0.552194
0.553912
0.55563
0.557345
0.559057
0.560764
0.562466
0.56416
0.565846
0.567524
0.569192
0.57085
0.572496
0.574131
0.575753
0.577362
0.578957
0.580538
0.582105
0.583658
0.585195
0.586717
0.588223
0.589713
0.591188
0.592647
0.59409
0.595517
0.596927
0.598322
0.599701
0.601065
0.602413
0.603745
0.605062
0.606364
0.607651
0.608923
0.610181
0.611425
0.612655
0.613871
0.615074
0.616263
0.61744
0.618605
0.619757
0.620897
0.622026
0.623143
0.624249
0.625344
0.626429
0.627503
0.628568
0.629622
0.630667
0.631702
0.632728
0.633746
0.634754
0.635754
0.636745
0.637728
0.638703
0.63967
0.640629
0.64158
0.642523
0.643459
0.644388
0.645309
0.646223
0.647129
0.648028
0.64892
0.649806
0.650684
0.651555
0.65242
0.653278
0.654129
0.654974
0.655813
0.656645
0.657472
0.658293
0.659109
0.65992
0.660726
0.661527
0.662325
0.66312
0.663911
0.664701
0.665489
0.666276
0.667063
0.667852
0.668643
0.669438
0.670237
0.671042
0.671856
0.672678
0.673512
0.67436
0.675223
0.676103
0.677004
0.677928
0.678878
0.679856
0.680867
0.681913
0.682999
0.684128
0.685304
0.686532
0.687816
0.68916
0.690571
0.692053
0.693611
0.69525
0.696978
0.698798
0.700719
0.702744
0.704882
0.707138
0.709518
0.71203
0.714679
0.717472
0.720415
0.723515
0.726777
0.730208
0.733814
0.737599
0.741569
0.745729
0.750083
0.754635
0.759388
0.764346
0.76951
0.774883
0.780464
0.786256
0.792257
0.798466
0.804882
0.811501
0.818321
0.825337
0.832544
0.839935
0.847504
0.855242
0.863141
0.87119
0.87938
0.887699
0.896135
0.904675
0.913305
0.922012
0.93078
0.939593
0.948437
0.957295
0.96615
0.974985
0.983784
0.992528
1.0012
1.00979
1.01826
1.02662
1.03483
1.04289
1.05077
1.05846
1.06594
1.07321
1.08023
1.08701
1.09351
1.09974
1.10568
1.11131
1.11664
1.12161
0.509779
0.509785
0.509866
0.510013
0.510225
0.510503
0.510846
0.511253
0.511722
0.512255
0.512849
0.513503
0.514217
0.514988
0.515817
0.5167
0.517637
0.518626
0.519666
0.520754
0.521889
0.52307
0.524293
0.525558
0.526862
0.528203
0.529579
0.530989
0.53243
0.5339
0.535398
0.53692
0.538465
0.540032
0.541617
0.54322
0.544838
0.546469
0.548111
0.549764
0.551424
0.55309
0.554761
0.556435
0.55811
0.559785
0.561459
0.56313
0.564796
0.566457
0.568112
0.569759
0.571397
0.573026
0.574644
0.576251
0.577846
0.579427
0.580995
0.582549
0.584088
0.585613
0.587121
0.588614
0.59009
0.59155
0.592993
0.594419
0.595828
0.597219
0.598594
0.599952
0.601292
0.602615
0.603921
0.605211
0.606483
0.607739
0.608979
0.610203
0.61141
0.612602
0.613779
0.614941
0.616087
0.61722
0.618338
0.619442
0.620533
0.621611
0.622675
0.623728
0.624768
0.625796
0.626812
0.627818
0.628812
0.629796
0.630769
0.631733
0.632686
0.63363
0.634565
0.635491
0.636408
0.637317
0.638217
0.639109
0.639994
0.64087
0.641739
0.642601
0.643455
0.644303
0.645143
0.645977
0.646804
0.647625
0.64844
0.649248
0.65005
0.650846
0.651637
0.652422
0.653201
0.653976
0.654745
0.655509
0.656269
0.657025
0.657776
0.658524
0.659269
0.660011
0.66075
0.661488
0.662224
0.66296
0.663695
0.664432
0.66517
0.665911
0.666655
0.667404
0.66816
0.668922
0.669693
0.670475
0.671268
0.672075
0.672898
0.673739
0.6746
0.675484
0.676393
0.677329
0.678296
0.679297
0.680336
0.681414
0.682537
0.683708
0.684931
0.68621
0.68755
0.688955
0.690429
0.691978
0.693606
0.69532
0.697123
0.699022
0.701022
0.703128
0.705346
0.707683
0.710143
0.712732
0.715456
0.718321
0.721332
0.724495
0.727814
0.731295
0.734942
0.73876
0.742753
0.746925
0.75128
0.75582
0.760548
0.765465
0.770574
0.775875
0.781369
0.787054
0.792932
0.798999
0.805255
0.811695
0.818316
0.825114
0.832083
0.839218
0.84651
0.853954
0.861539
0.869257
0.877099
0.885052
0.893107
0.90125
0.909469
0.917752
0.926084
0.93445
0.942837
0.951229
0.959611
0.967966
0.97628
0.984536
0.992717
1.00081
1.00879
1.01665
1.02438
1.03194
1.03934
1.04655
1.05356
1.06036
1.06692
1.07325
1.07931
1.08511
1.09062
1.09584
1.10076
1.10534
0.518063
0.518069
0.518148
0.518294
0.518505
0.518781
0.519122
0.519526
0.519993
0.520522
0.521113
0.521763
0.522472
0.523239
0.524062
0.524939
0.525869
0.526851
0.527883
0.528962
0.530087
0.531257
0.532469
0.533721
0.535011
0.536337
0.537698
0.53909
0.540513
0.541963
0.543439
0.544939
0.54646
0.548001
0.54956
0.551134
0.552721
0.55432
0.555929
0.557546
0.559169
0.560796
0.562426
0.564058
0.565688
0.567317
0.568943
0.570564
0.572179
0.573786
0.575386
0.576975
0.578554
0.580122
0.581678
0.58322
0.584748
0.586262
0.58776
0.589243
0.590709
0.592158
0.59359
0.595005
0.596402
0.597781
0.599142
0.600484
0.601808
0.603114
0.604401
0.60567
0.60692
0.608152
0.609367
0.610563
0.611741
0.612902
0.614046
0.615173
0.616283
0.617377
0.618455
0.619517
0.620564
0.621595
0.622613
0.623615
0.624604
0.62558
0.626542
0.627491
0.628428
0.629354
0.630267
0.631169
0.63206
0.632941
0.633811
0.634671
0.635522
0.636364
0.637196
0.63802
0.638836
0.639643
0.640442
0.641234
0.642019
0.642796
0.643567
0.644331
0.645088
0.645839
0.646585
0.647324
0.648058
0.648786
0.649509
0.650228
0.650941
0.65165
0.652354
0.653055
0.653751
0.654444
0.655134
0.655821
0.656505
0.657186
0.657866
0.658545
0.659223
0.6599
0.660578
0.661256
0.661936
0.662619
0.663304
0.663993
0.664688
0.665388
0.666096
0.666812
0.667538
0.668276
0.669026
0.66979
0.670571
0.67137
0.67219
0.673031
0.673898
0.674792
0.675715
0.676671
0.677663
0.678693
0.679765
0.680882
0.682048
0.683267
0.684541
0.685876
0.687275
0.688743
0.690284
0.691903
0.693604
0.695392
0.697272
0.699249
0.701327
0.703513
0.70581
0.708225
0.710761
0.713424
0.71622
0.719152
0.722225
0.725445
0.728814
0.732339
0.736021
0.739866
0.743876
0.748054
0.752404
0.756926
0.761622
0.766495
0.771544
0.77677
0.782173
0.787751
0.793505
0.799431
0.805527
0.81179
0.818216
0.8248
0.831537
0.838421
0.845445
0.852602
0.859884
0.867282
0.874785
0.882386
0.890071
0.897832
0.905654
0.913527
0.921436
0.92937
0.937314
0.945254
0.953176
0.961065
0.968906
0.976685
0.984386
0.991994
0.999494
1.00687
1.01411
1.0212
1.02811
1.03485
1.04139
1.04772
1.05383
1.0597
1.06532
1.07069
1.07577
1.08058
1.08509
1.08929
0.526336
0.52634
0.526418
0.526563
0.526772
0.527046
0.527384
0.527786
0.528249
0.528775
0.529361
0.530007
0.530711
0.531471
0.532288
0.533158
0.53408
0.535053
0.536075
0.537145
0.538259
0.539416
0.540615
0.541853
0.543128
0.544438
0.54578
0.547154
0.548556
0.549985
0.551438
0.552913
0.554408
0.555921
0.55745
0.558993
0.560548
0.562113
0.563686
0.565265
0.566848
0.568434
0.570021
0.571607
0.573191
0.574771
0.576346
0.577915
0.579475
0.581026
0.582567
0.584097
0.585614
0.587118
0.588608
0.590083
0.591542
0.592985
0.59441
0.595819
0.597209
0.598581
0.599934
0.601268
0.602582
0.603878
0.605153
0.606409
0.607645
0.608861
0.610058
0.611235
0.612393
0.613531
0.61465
0.61575
0.616832
0.617895
0.61894
0.619968
0.620978
0.621971
0.622947
0.623907
0.624851
0.62578
0.626693
0.627592
0.628477
0.629348
0.630205
0.63105
0.631882
0.632702
0.63351
0.634307
0.635093
0.635869
0.636634
0.63739
0.638137
0.638875
0.639604
0.640325
0.641037
0.641743
0.642441
0.643132
0.643817
0.644495
0.645167
0.645833
0.646494
0.647149
0.6478
0.648446
0.649087
0.649724
0.650358
0.650988
0.651614
0.652237
0.652858
0.653476
0.654093
0.654707
0.655321
0.655933
0.656545
0.657157
0.657769
0.658383
0.658998
0.659616
0.660237
0.660861
0.66149
0.662125
0.662765
0.663414
0.66407
0.664737
0.665414
0.666104
0.666807
0.667526
0.668262
0.669016
0.669791
0.670588
0.67141
0.672259
0.673138
0.674048
0.674992
0.675974
0.676995
0.67806
0.67917
0.68033
0.681543
0.682813
0.684142
0.685535
0.686996
0.688529
0.690138
0.691827
0.6936
0.695462
0.697417
0.699469
0.701624
0.703885
0.706257
0.708745
0.711352
0.714084
0.716943
0.719936
0.723064
0.726333
0.729746
0.733305
0.737015
0.740878
0.744897
0.749073
0.753408
0.757905
0.762563
0.767384
0.772367
0.777513
0.78282
0.788287
0.793913
0.799695
0.805631
0.811717
0.817948
0.824321
0.830829
0.837467
0.844228
0.851105
0.85809
0.865175
0.87235
0.879607
0.886934
0.894322
0.90176
0.909234
0.916735
0.924248
0.931762
0.939263
0.946738
0.954173
0.961555
0.968869
0.976101
0.983238
0.990265
0.997168
1.00393
1.01055
1.01699
1.02326
1.02934
1.03521
1.04087
1.04629
1.05148
1.05641
1.06107
1.06547
1.06958
1.07338
0.534571
0.534574
0.534652
0.534794
0.535002
0.535273
0.535608
0.536006
0.536466
0.536987
0.537569
0.538209
0.538907
0.539661
0.54047
0.541332
0.542245
0.543209
0.54422
0.545278
0.54638
0.547524
0.548708
0.54993
0.551188
0.55248
0.553804
0.555156
0.556537
0.557942
0.55937
0.560819
0.562286
0.56377
0.565268
0.566778
0.568298
0.569826
0.571361
0.5729
0.574442
0.575984
0.577526
0.579065
0.580599
0.582128
0.58365
0.585163
0.586667
0.58816
0.58964
0.591107
0.59256
0.593998
0.59542
0.596825
0.598212
0.599581
0.600932
0.602263
0.603575
0.604867
0.606138
0.607389
0.608618
0.609827
0.611015
0.612182
0.613328
0.614452
0.615556
0.616639
0.617701
0.618743
0.619765
0.620767
0.621749
0.622712
0.623656
0.624582
0.62549
0.62638
0.627252
0.628108
0.628947
0.629771
0.630579
0.631372
0.632151
0.632915
0.633667
0.634405
0.63513
0.635844
0.636546
0.637236
0.637916
0.638586
0.639246
0.639897
0.640539
0.641172
0.641797
0.642415
0.643025
0.643628
0.644225
0.644815
0.6454
0.645979
0.646554
0.647123
0.647688
0.648249
0.648807
0.64936
0.649911
0.650459
0.651005
0.651548
0.65209
0.652631
0.653171
0.65371
0.65425
0.654789
0.65533
0.655872
0.656416
0.656962
0.657511
0.658065
0.658622
0.659185
0.659754
0.66033
0.660913
0.661505
0.662107
0.66272
0.663345
0.663984
0.664637
0.665306
0.665993
0.666699
0.667426
0.668176
0.668951
0.669753
0.670583
0.671445
0.672341
0.673272
0.674242
0.675253
0.676309
0.677411
0.678564
0.67977
0.681032
0.682355
0.68374
0.685193
0.686716
0.688314
0.689989
0.691747
0.69359
0.695523
0.69755
0.699674
0.7019
0.704231
0.706672
0.709226
0.711897
0.714689
0.717605
0.720649
0.723824
0.727133
0.730579
0.734164
0.737891
0.741763
0.745779
0.749944
0.754256
0.758718
0.763329
0.76809
0.772999
0.778057
0.783262
0.788613
0.794107
0.799742
0.805515
0.811421
0.817457
0.823618
0.829899
0.836293
0.842794
0.849395
0.856089
0.862867
0.869722
0.876643
0.883621
0.890646
0.897708
0.904796
0.911898
0.919003
0.926098
0.933173
0.940213
0.947207
0.954141
0.961003
0.967779
0.974457
0.981022
0.987463
0.993765
0.999917
1.00591
1.01172
1.01734
1.02276
1.02797
1.03296
1.03771
1.04222
1.04647
1.05046
1.05417
1.05758
0.542744
0.542746
0.542822
0.542963
0.543168
0.543437
0.543769
0.544163
0.544619
0.545135
0.545711
0.546345
0.547036
0.547782
0.548583
0.549436
0.55034
0.551293
0.552292
0.553338
0.554426
0.555555
0.556724
0.557929
0.559169
0.560441
0.561744
0.563075
0.564432
0.565812
0.567214
0.568634
0.570072
0.571525
0.57299
0.574465
0.575949
0.577439
0.578934
0.580431
0.581929
0.583426
0.58492
0.58641
0.587893
0.589369
0.590836
0.592292
0.593737
0.595169
0.596587
0.597989
0.599376
0.600745
0.602097
0.60343
0.604744
0.606037
0.607311
0.608563
0.609794
0.611004
0.612191
0.613356
0.614499
0.61562
0.616718
0.617794
0.618847
0.619878
0.620887
0.621873
0.622839
0.623782
0.624705
0.625606
0.626488
0.627349
0.62819
0.629013
0.629816
0.630601
0.631369
0.632119
0.632852
0.633569
0.634271
0.634957
0.635628
0.636285
0.636929
0.63756
0.638178
0.638784
0.639379
0.639963
0.640536
0.6411
0.641654
0.642199
0.642736
0.643265
0.643786
0.644301
0.644809
0.645311
0.645807
0.646298
0.646784
0.647265
0.647743
0.648217
0.648688
0.649157
0.649623
0.650087
0.650549
0.65101
0.651471
0.651931
0.652392
0.652853
0.653315
0.653779
0.654245
0.654714
0.655186
0.655662
0.656142
0.656627
0.657118
0.657616
0.658121
0.658634
0.659157
0.659689
0.660233
0.660788
0.661357
0.66194
0.662539
0.663155
0.663789
0.664444
0.66512
0.665819
0.666543
0.667295
0.668075
0.668885
0.669729
0.670609
0.671525
0.672482
0.673481
0.674526
0.675618
0.676761
0.677958
0.679211
0.680524
0.6819
0.683342
0.684854
0.686438
0.688098
0.689838
0.691661
0.69357
0.69557
0.697663
0.699853
0.702144
0.704539
0.707041
0.709654
0.71238
0.715223
0.718186
0.721272
0.724483
0.727821
0.731289
0.734889
0.738623
0.742491
0.746496
0.750637
0.754916
0.759333
0.763887
0.768579
0.773406
0.778368
0.783464
0.788692
0.794048
0.799531
0.805136
0.810861
0.816699
0.822648
0.828701
0.834852
0.841095
0.847424
0.85383
0.860307
0.866846
0.873438
0.880075
0.886746
0.893442
0.900152
0.906867
0.913574
0.920263
0.926923
0.933541
0.940105
0.946605
0.953027
0.95936
0.965591
0.971708
0.977699
0.983552
0.989254
0.994794
1.00016
1.00534
1.01033
1.0151
1.01966
1.02399
1.02809
1.03193
1.03552
1.03885
1.04189
0.550829
0.550831
0.550905
0.551044
0.551247
0.551512
0.551841
0.552231
0.552681
0.553192
0.553762
0.554389
0.555073
0.555811
0.556603
0.557446
0.558339
0.559281
0.560268
0.5613
0.562373
0.563487
0.564638
0.565826
0.567046
0.568298
0.569579
0.570887
0.572219
0.573573
0.574947
0.576338
0.577745
0.579164
0.580595
0.582034
0.58348
0.584931
0.586384
0.587838
0.589291
0.590741
0.592186
0.593624
0.595055
0.596476
0.597886
0.599284
0.600668
0.602038
0.603391
0.604727
0.606046
0.607345
0.608625
0.609884
0.611122
0.612339
0.613533
0.614705
0.615854
0.616979
0.618081
0.61916
0.620214
0.621245
0.622251
0.623234
0.624194
0.625129
0.626042
0.626931
0.627798
0.628642
0.629463
0.630264
0.631043
0.631801
0.632538
0.633256
0.633954
0.634634
0.635295
0.635939
0.636565
0.637175
0.637769
0.638347
0.638911
0.63946
0.639996
0.640519
0.64103
0.641528
0.642016
0.642493
0.64296
0.643418
0.643866
0.644306
0.644739
0.645164
0.645583
0.645995
0.646402
0.646803
0.6472
0.647593
0.647982
0.648368
0.648751
0.649132
0.649511
0.649889
0.650267
0.650643
0.65102
0.651398
0.651777
0.652157
0.65254
0.652925
0.653314
0.653706
0.654103
0.654505
0.654913
0.655327
0.655748
0.656178
0.656615
0.657063
0.65752
0.657989
0.65847
0.658965
0.659474
0.659998
0.660539
0.661098
0.661676
0.662275
0.662897
0.663541
0.664212
0.664909
0.665635
0.666392
0.667182
0.668006
0.668867
0.669767
0.670709
0.671694
0.672725
0.673805
0.674936
0.676121
0.677363
0.678664
0.680027
0.681456
0.682953
0.684521
0.686163
0.687883
0.689683
0.691567
0.693538
0.695598
0.697751
0.7
0.702348
0.704798
0.707353
0.710015
0.712786
0.715671
0.71867
0.721786
0.725022
0.728378
0.731857
0.73546
0.739188
0.743042
0.747023
0.751131
0.755365
0.759727
0.764214
0.768826
0.773562
0.778421
0.7834
0.788497
0.79371
0.799035
0.804468
0.810007
0.815646
0.82138
0.827204
0.833113
0.8391
0.845158
0.851281
0.85746
0.863689
0.869959
0.87626
0.882585
0.888923
0.895266
0.901603
0.907923
0.914217
0.920473
0.926681
0.93283
0.938908
0.944904
0.950807
0.956605
0.962287
0.967842
0.973259
0.978526
0.983632
0.988566
0.993319
0.997879
1.00224
1.00638
1.01031
1.014
1.01745
1.02066
1.02361
1.02628
0.558801
0.558801
0.558874
0.559011
0.559211
0.559474
0.559798
0.560183
0.560629
0.561134
0.561697
0.562318
0.562993
0.563723
0.564505
0.565338
0.566219
0.567148
0.568122
0.56914
0.570198
0.571295
0.572429
0.573597
0.574797
0.576028
0.577286
0.578569
0.579875
0.581201
0.582546
0.583907
0.585281
0.586667
0.588062
0.589464
0.590871
0.592281
0.593691
0.595101
0.596507
0.597908
0.599303
0.600689
0.602066
0.603431
0.604783
0.606121
0.607443
0.608748
0.610036
0.611305
0.612554
0.613782
0.614988
0.616173
0.617334
0.618472
0.619587
0.620677
0.621742
0.622782
0.623798
0.624788
0.625753
0.626692
0.627606
0.628496
0.62936
0.630199
0.631014
0.631805
0.632572
0.633316
0.634036
0.634734
0.63541
0.636064
0.636697
0.63731
0.637903
0.638476
0.639031
0.639567
0.640086
0.640589
0.641075
0.641546
0.642002
0.642443
0.642872
0.643287
0.643691
0.644082
0.644463
0.644834
0.645195
0.645548
0.645892
0.646228
0.646558
0.646881
0.647198
0.64751
0.647817
0.64812
0.64842
0.648716
0.649011
0.649303
0.649594
0.649885
0.650175
0.650465
0.650757
0.65105
0.651345
0.651642
0.651943
0.652247
0.652556
0.652869
0.653189
0.653514
0.653846
0.654186
0.654535
0.654892
0.655259
0.655637
0.656027
0.656429
0.656844
0.657274
0.657719
0.658181
0.658661
0.659159
0.659677
0.660217
0.66078
0.661367
0.66198
0.66262
0.663289
0.663989
0.664722
0.665488
0.666291
0.667132
0.668014
0.668938
0.669906
0.670921
0.671986
0.673102
0.674273
0.6755
0.676786
0.678133
0.679546
0.681025
0.682574
0.684196
0.685892
0.687667
0.689523
0.691462
0.693487
0.695602
0.697808
0.700108
0.702504
0.705
0.707597
0.710298
0.713105
0.71602
0.719044
0.72218
0.725428
0.728791
0.732269
0.735863
0.739574
0.743402
0.747347
0.751409
0.755588
0.759883
0.764293
0.768816
0.773452
0.778198
0.783053
0.788013
0.793075
0.798237
0.803495
0.808844
0.81428
0.819798
0.825393
0.831059
0.83679
0.84258
0.848422
0.854308
0.860232
0.866185
0.872158
0.878144
0.884134
0.890118
0.896087
0.902031
0.907941
0.913806
0.919616
0.925362
0.931031
0.936615
0.942102
0.947482
0.952745
0.957879
0.962874
0.967721
0.972408
0.976926
0.981266
0.985416
0.98937
0.993116
0.996647
0.999953
1.00303
1.00586
1.00846
1.01078
0.566634
0.566634
0.566705
0.56684
0.567037
0.567296
0.567616
0.567997
0.568437
0.568936
0.569492
0.570104
0.570772
0.571492
0.572264
0.573086
0.573955
0.574871
0.575831
0.576833
0.577875
0.578955
0.58007
0.581219
0.582398
0.583606
0.58484
0.586098
0.587377
0.588675
0.58999
0.59132
0.592661
0.594012
0.59537
0.596734
0.598101
0.599468
0.600835
0.602199
0.603557
0.604909
0.606253
0.607586
0.608907
0.610215
0.611508
0.612785
0.614045
0.615285
0.616506
0.617707
0.618885
0.620041
0.621174
0.622282
0.623366
0.624425
0.625458
0.626466
0.627447
0.628401
0.629329
0.63023
0.631105
0.631953
0.632774
0.633569
0.634338
0.635081
0.635798
0.63649
0.637157
0.6378
0.638418
0.639014
0.639586
0.640137
0.640665
0.641173
0.64166
0.642127
0.642575
0.643005
0.643418
0.643813
0.644192
0.644556
0.644904
0.645239
0.645561
0.645869
0.646166
0.646452
0.646728
0.646994
0.647251
0.647499
0.64774
0.647975
0.648203
0.648425
0.648643
0.648857
0.649067
0.649274
0.649479
0.649682
0.649884
0.650086
0.650288
0.650491
0.650696
0.650902
0.651112
0.651324
0.651541
0.651762
0.651989
0.652221
0.65246
0.652707
0.652961
0.653224
0.653496
0.653779
0.654073
0.654378
0.654697
0.655028
0.655375
0.655737
0.656115
0.656511
0.656925
0.65736
0.657815
0.658292
0.658793
0.659319
0.659871
0.660451
0.66106
0.661699
0.662371
0.663077
0.663819
0.664599
0.665418
0.666279
0.667183
0.668132
0.669129
0.670176
0.671274
0.672427
0.673637
0.674904
0.676234
0.677626
0.679085
0.680611
0.682209
0.68388
0.685626
0.687451
0.689356
0.691344
0.693417
0.695577
0.697827
0.700169
0.702606
0.705138
0.707768
0.710497
0.713328
0.716262
0.7193
0.722443
0.725693
0.72905
0.732515
0.736088
0.73977
0.74356
0.747458
0.751464
0.755577
0.759795
0.764118
0.768544
0.77307
0.777696
0.782418
0.787234
0.79214
0.797134
0.802211
0.807367
0.812598
0.817898
0.823263
0.828687
0.834164
0.839688
0.845252
0.85085
0.856473
0.862115
0.867768
0.873423
0.879072
0.884707
0.890318
0.895897
0.901435
0.906921
0.912347
0.917702
0.922978
0.928164
0.933251
0.938228
0.943086
0.947815
0.952405
0.956848
0.961133
0.965252
0.969195
0.972953
0.976519
0.979883
0.983038
0.985976
0.98869
0.991174
0.993423
0.995413
0.574304
0.574302
0.574372
0.574504
0.574698
0.574954
0.575269
0.575645
0.57608
0.576572
0.577121
0.577725
0.578384
0.579094
0.579855
0.580666
0.581523
0.582425
0.583371
0.584357
0.585383
0.586444
0.587541
0.588668
0.589826
0.591011
0.59222
0.593452
0.594704
0.595973
0.597257
0.598554
0.599862
0.601177
0.602498
0.603823
0.605148
0.606474
0.607796
0.609113
0.610424
0.611726
0.613017
0.614296
0.615562
0.616812
0.618045
0.619261
0.620457
0.621632
0.622786
0.623917
0.625025
0.626108
0.627167
0.628199
0.629205
0.630184
0.631136
0.63206
0.632957
0.633825
0.634666
0.635478
0.636262
0.637018
0.637746
0.638447
0.63912
0.639766
0.640386
0.640979
0.641547
0.642089
0.642606
0.643099
0.643569
0.644016
0.64444
0.644843
0.645225
0.645587
0.64593
0.646254
0.64656
0.64685
0.647122
0.64738
0.647623
0.647852
0.648068
0.648272
0.648464
0.648645
0.648817
0.64898
0.649135
0.649282
0.649422
0.649556
0.649685
0.64981
0.649931
0.650049
0.650164
0.650278
0.650391
0.650504
0.650618
0.650733
0.650849
0.650968
0.651091
0.651218
0.651349
0.651485
0.651628
0.651777
0.651934
0.652099
0.652273
0.652457
0.652651
0.652856
0.653074
0.653304
0.653548
0.653807
0.654081
0.654372
0.65468
0.655007
0.655354
0.655721
0.656109
0.656521
0.656957
0.657418
0.657906
0.658422
0.658967
0.659543
0.660152
0.660795
0.661473
0.662189
0.662943
0.663738
0.664576
0.665457
0.666385
0.667362
0.668388
0.669466
0.670598
0.671787
0.673034
0.674341
0.675711
0.677145
0.678647
0.680217
0.681859
0.683574
0.685364
0.687232
0.68918
0.691209
0.693322
0.695521
0.697807
0.700182
0.702648
0.705206
0.707859
0.710607
0.713451
0.716393
0.719433
0.722573
0.725812
0.729152
0.732593
0.736134
0.739775
0.743516
0.747357
0.751296
0.755332
0.759464
0.763691
0.76801
0.772419
0.776917
0.781501
0.786166
0.790912
0.795732
0.800625
0.805586
0.810609
0.815691
0.820826
0.826009
0.831234
0.836494
0.841785
0.847098
0.852426
0.857764
0.863103
0.868435
0.873754
0.879049
0.884314
0.889539
0.894717
0.899837
0.904892
0.909872
0.914768
0.919572
0.924273
0.928864
0.933334
0.937675
0.941878
0.945934
0.949835
0.953572
0.957136
0.96052
0.963717
0.966717
0.969515
0.972102
0.974473
0.976623
0.978546
0.980221
0.581784
0.581781
0.58185
0.58198
0.582171
0.582422
0.582733
0.583104
0.583532
0.584018
0.58456
0.585156
0.585805
0.586505
0.587256
0.588054
0.588898
0.589787
0.590717
0.591688
0.592696
0.593739
0.594815
0.595923
0.597058
0.598219
0.599403
0.600609
0.601832
0.603072
0.604325
0.605589
0.606862
0.608142
0.609425
0.61071
0.611995
0.613277
0.614554
0.615825
0.617087
0.618338
0.619577
0.620802
0.622012
0.623204
0.624378
0.625531
0.626664
0.627774
0.62886
0.629923
0.630959
0.63197
0.632953
0.63391
0.634838
0.635737
0.636608
0.63745
0.638262
0.639044
0.639798
0.640521
0.641215
0.64188
0.642515
0.643122
0.6437
0.644251
0.644773
0.645268
0.645737
0.646179
0.646596
0.646988
0.647356
0.6477
0.648021
0.648321
0.648599
0.648857
0.649096
0.649315
0.649517
0.649701
0.64987
0.650023
0.650162
0.650287
0.650399
0.6505
0.650589
0.650669
0.650739
0.650801
0.650856
0.650904
0.650946
0.650983
0.651016
0.651046
0.651073
0.651098
0.651123
0.651147
0.651172
0.651198
0.651227
0.651258
0.651293
0.651333
0.651377
0.651428
0.651485
0.65155
0.651623
0.651705
0.651797
0.651899
0.652013
0.652139
0.652278
0.65243
0.652598
0.652781
0.65298
0.653197
0.653433
0.653687
0.653962
0.654259
0.654578
0.654921
0.655289
0.655682
0.656103
0.656552
0.657031
0.657541
0.658084
0.65866
0.659272
0.659921
0.660608
0.661336
0.662105
0.662917
0.663774
0.664679
0.665631
0.666634
0.667689
0.668798
0.669963
0.671186
0.672469
0.673813
0.67522
0.676693
0.678234
0.679843
0.681524
0.683277
0.685106
0.687011
0.688994
0.691057
0.693202
0.695431
0.697743
0.700142
0.702629
0.705204
0.707869
0.710624
0.713471
0.71641
0.719442
0.722568
0.725786
0.729098
0.732503
0.736001
0.739592
0.743274
0.747048
0.75091
0.754861
0.758899
0.763021
0.767226
0.771512
0.775875
0.780314
0.784825
0.789405
0.79405
0.798756
0.803519
0.808334
0.813197
0.818103
0.823047
0.828022
0.833023
0.838044
0.843078
0.848119
0.853159
0.858193
0.863212
0.868209
0.873176
0.878105
0.882989
0.887819
0.892588
0.897286
0.901906
0.906438
0.910875
0.915208
0.919429
0.923529
0.9275
0.931333
0.935022
0.938556
0.94193
0.945136
0.948165
0.951011
0.953667
0.956126
0.958382
0.96043
0.962264
0.963881
0.965259
0.589051
0.589047
0.589114
0.589241
0.589429
0.589677
0.589983
0.590348
0.590771
0.59125
0.591783
0.592371
0.593011
0.593701
0.59444
0.595226
0.596057
0.596932
0.597847
0.598801
0.599791
0.600816
0.601873
0.602958
0.604071
0.605208
0.606367
0.607546
0.608741
0.609951
0.611173
0.612404
0.613643
0.614886
0.616131
0.617377
0.61862
0.619859
0.621091
0.622315
0.623528
0.624729
0.625916
0.627087
0.62824
0.629375
0.630489
0.631581
0.63265
0.633695
0.634714
0.635708
0.636674
0.637612
0.638522
0.639402
0.640253
0.641073
0.641863
0.642623
0.643351
0.644049
0.644716
0.645351
0.645956
0.64653
0.647074
0.647588
0.648073
0.648528
0.648954
0.649353
0.649723
0.650067
0.650385
0.650677
0.650944
0.651188
0.651408
0.651606
0.651782
0.651938
0.652074
0.652191
0.65229
0.652372
0.652438
0.652489
0.652526
0.652549
0.652561
0.652561
0.65255
0.652531
0.652502
0.652467
0.652424
0.652376
0.652323
0.652266
0.652207
0.652145
0.652082
0.652018
0.651955
0.651893
0.651834
0.651778
0.651725
0.651677
0.651635
0.651599
0.65157
0.651549
0.651537
0.651535
0.651543
0.651562
0.651594
0.651638
0.651697
0.65177
0.651858
0.651963
0.652085
0.652226
0.652386
0.652566
0.652767
0.652991
0.653237
0.653508
0.653805
0.654128
0.654479
0.654858
0.655268
0.655709
0.656183
0.656691
0.657234
0.657814
0.658432
0.659089
0.659787
0.660528
0.661314
0.662144
0.663022
0.663949
0.664926
0.665956
0.667039
0.668178
0.669374
0.670629
0.671944
0.673322
0.674764
0.676271
0.677846
0.679489
0.681204
0.68299
0.68485
0.686785
0.688797
0.690887
0.693056
0.695306
0.697637
0.700051
0.702548
0.705131
0.707798
0.710552
0.713392
0.716318
0.719332
0.722432
0.72562
0.728894
0.732254
0.7357
0.739231
0.742846
0.746543
0.750321
0.754179
0.758114
0.762125
0.76621
0.770366
0.774591
0.778881
0.783233
0.787645
0.792112
0.79663
0.801195
0.805803
0.810449
0.815128
0.819835
0.824564
0.82931
0.834067
0.838829
0.843589
0.848341
0.853078
0.857794
0.86248
0.86713
0.871737
0.876293
0.88079
0.885221
0.889578
0.893853
0.898038
0.902125
0.906107
0.909976
0.913724
0.917344
0.920827
0.924166
0.927355
0.930386
0.933251
0.935945
0.938461
0.940793
0.942934
0.944879
0.946623
0.948161
0.949491
0.950591
0.59608
0.596075
0.59614
0.596265
0.596449
0.596693
0.596995
0.597355
0.597771
0.598243
0.598769
0.599347
0.599978
0.600657
0.601385
0.602159
0.602977
0.603837
0.604737
0.605674
0.606647
0.607653
0.608689
0.609754
0.610844
0.611957
0.613091
0.614242
0.615409
0.616589
0.61778
0.618978
0.620182
0.621389
0.622596
0.623802
0.625004
0.6262
0.627388
0.628565
0.62973
0.630881
0.632016
0.633133
0.634231
0.635308
0.636363
0.637394
0.6384
0.63938
0.640334
0.641259
0.642155
0.643022
0.643858
0.644664
0.645438
0.646181
0.646892
0.64757
0.648216
0.64883
0.649411
0.64996
0.650477
0.650962
0.651416
0.651839
0.652231
0.652593
0.652925
0.653228
0.653503
0.65375
0.653971
0.654165
0.654334
0.654479
0.6546
0.654698
0.654774
0.65483
0.654866
0.654883
0.654882
0.654865
0.654831
0.654783
0.65472
0.654645
0.654559
0.654461
0.654354
0.654238
0.654114
0.653984
0.653848
0.653708
0.653563
0.653416
0.653267
0.653118
0.652968
0.65282
0.652674
0.65253
0.652391
0.652256
0.652127
0.652004
0.651889
0.651782
0.651684
0.651597
0.65152
0.651455
0.651403
0.651365
0.651341
0.651332
0.65134
0.651365
0.651408
0.65147
0.651552
0.651655
0.65178
0.651928
0.6521
0.652297
0.652519
0.652769
0.653047
0.653355
0.653693
0.654062
0.654465
0.654901
0.655373
0.655881
0.656428
0.657013
0.657639
0.658307
0.659018
0.659774
0.660576
0.661426
0.662325
0.663274
0.664275
0.66533
0.666441
0.667607
0.668832
0.670116
0.671462
0.67287
0.674342
0.675879
0.677483
0.679156
0.680898
0.682711
0.684597
0.686556
0.688589
0.690698
0.692883
0.695146
0.697488
0.699908
0.702409
0.704989
0.707651
0.710393
0.713217
0.716122
0.719108
0.722175
0.725323
0.728551
0.731858
0.735243
0.738706
0.742246
0.74586
0.749547
0.753305
0.757133
0.761028
0.764988
0.76901
0.773092
0.777231
0.781423
0.785665
0.789953
0.794283
0.798652
0.803054
0.807485
0.811941
0.816415
0.820904
0.825402
0.829902
0.834399
0.838887
0.84336
0.847811
0.852234
0.856622
0.860969
0.865266
0.869508
0.873687
0.877795
0.881827
0.885774
0.889629
0.893384
0.897034
0.90057
0.903985
0.907272
0.910425
0.913435
0.916298
0.919006
0.921553
0.923932
0.926139
0.928166
0.93001
0.931664
0.933124
0.934387
0.935449
0.936292
0.602847
0.602841
0.602904
0.603026
0.603208
0.603448
0.603745
0.604099
0.604509
0.604974
0.605492
0.606062
0.606682
0.607352
0.608068
0.60883
0.609634
0.61048
0.611364
0.612285
0.61324
0.614227
0.615244
0.616287
0.617354
0.618443
0.619552
0.620677
0.621816
0.622966
0.624125
0.625291
0.626461
0.627632
0.628802
0.629968
0.63113
0.632283
0.633426
0.634558
0.635675
0.636776
0.63786
0.638924
0.639967
0.640988
0.641984
0.642955
0.6439
0.644817
0.645705
0.646563
0.647391
0.648188
0.648952
0.649684
0.650384
0.65105
0.651682
0.652281
0.652847
0.653378
0.653876
0.65434
0.654771
0.65517
0.655535
0.655869
0.65617
0.656441
0.656681
0.656892
0.657073
0.657226
0.657352
0.657451
0.657524
0.657572
0.657597
0.657598
0.657578
0.657537
0.657475
0.657395
0.657298
0.657183
0.657053
0.656909
0.656751
0.656581
0.656399
0.656208
0.656007
0.655799
0.655584
0.655363
0.655137
0.654908
0.654676
0.654443
0.654209
0.653976
0.653745
0.653516
0.65329
0.653069
0.652854
0.652646
0.652444
0.652252
0.652068
0.651895
0.651734
0.651584
0.651448
0.651325
0.651218
0.651127
0.651052
0.650995
0.650957
0.650939
0.650941
0.650965
0.651012
0.651082
0.651177
0.651297
0.651443
0.651618
0.651821
0.652053
0.652317
0.652613
0.652941
0.653304
0.653702
0.654137
0.654609
0.655121
0.655672
0.656265
0.656901
0.657581
0.658306
0.659077
0.659897
0.660766
0.661685
0.662656
0.663681
0.66476
0.665895
0.667087
0.668338
0.669649
0.671021
0.672456
0.673954
0.675517
0.677146
0.678843
0.680607
0.682441
0.684346
0.686322
0.68837
0.690491
0.692686
0.694955
0.697299
0.699718
0.702213
0.704785
0.707432
0.710156
0.712955
0.715831
0.718782
0.721808
0.724909
0.728083
0.73133
0.734648
0.738037
0.741495
0.745021
0.748611
0.752266
0.755982
0.759757
0.76359
0.767476
0.771414
0.7754
0.779431
0.783504
0.787614
0.791759
0.795933
0.800133
0.804354
0.808591
0.812839
0.817095
0.821351
0.825603
0.829844
0.834071
0.838275
0.842452
0.846595
0.850697
0.854753
0.858756
0.862699
0.866575
0.870378
0.874101
0.877738
0.881281
0.884724
0.888059
0.891282
0.894384
0.897359
0.900201
0.902904
0.905461
0.907867
0.910116
0.912202
0.91412
0.915865
0.917432
0.918816
0.920013
0.92102
0.921836
0.92244
0.609328
0.609321
0.609383
0.609503
0.609681
0.609917
0.61021
0.610558
0.610962
0.61142
0.61193
0.612491
0.613102
0.613761
0.614466
0.615215
0.616007
0.616838
0.617707
0.618612
0.619549
0.620518
0.621514
0.622536
0.623581
0.624647
0.62573
0.626829
0.62794
0.629061
0.63019
0.631324
0.632459
0.633595
0.634728
0.635857
0.636978
0.638089
0.639189
0.640275
0.641346
0.642399
0.643432
0.644445
0.645434
0.646399
0.647339
0.648251
0.649136
0.64999
0.650815
0.651608
0.652369
0.653097
0.653791
0.654452
0.655078
0.65567
0.656226
0.656748
0.657235
0.657686
0.658103
0.658485
0.658832
0.659146
0.659426
0.659672
0.659886
0.660069
0.66022
0.66034
0.660431
0.660493
0.660526
0.660533
0.660514
0.660469
0.6604
0.660308
0.660194
0.660059
0.659904
0.659731
0.659539
0.659332
0.659109
0.658872
0.658622
0.658361
0.658089
0.657807
0.657518
0.657221
0.656918
0.656611
0.6563
0.655986
0.655671
0.655356
0.655042
0.65473
0.654421
0.654116
0.653816
0.653523
0.653237
0.652959
0.652691
0.652432
0.652186
0.651951
0.65173
0.651524
0.651333
0.651158
0.651
0.65086
0.65074
0.65064
0.650561
0.650504
0.65047
0.650461
0.650476
0.650517
0.650586
0.650682
0.650808
0.650964
0.651151
0.65137
0.651623
0.65191
0.652232
0.652591
0.652987
0.653423
0.653898
0.654414
0.654973
0.655575
0.656222
0.656914
0.657653
0.658441
0.659278
0.660165
0.661104
0.662096
0.663143
0.664244
0.665402
0.666618
0.667892
0.669226
0.670622
0.672079
0.673599
0.675184
0.676833
0.678548
0.68033
0.68218
0.684098
0.686085
0.688142
0.690268
0.692466
0.694735
0.697074
0.699486
0.701969
0.704524
0.707151
0.709848
0.712617
0.715457
0.718367
0.721346
0.724393
0.727508
0.73069
0.733936
0.737247
0.740619
0.744052
0.747543
0.751091
0.754693
0.758347
0.76205
0.7658
0.769594
0.773428
0.7773
0.781206
0.785141
0.789103
0.793088
0.79709
0.801107
0.805132
0.809162
0.813192
0.817216
0.821229
0.825226
0.829201
0.833149
0.837065
0.840941
0.844772
0.848553
0.852276
0.855937
0.859527
0.863042
0.866475
0.86982
0.87307
0.876219
0.879261
0.88219
0.884999
0.887683
0.890236
0.892652
0.894925
0.89705
0.899022
0.900836
0.902487
0.90397
0.905282
0.906416
0.907371
0.908143
0.908731
0.909117
0.615502
0.615494
0.615554
0.615671
0.615847
0.616079
0.616367
0.61671
0.617108
0.617558
0.618061
0.618614
0.619215
0.619864
0.620558
0.621295
0.622073
0.62289
0.623744
0.624633
0.625553
0.626503
0.62748
0.628482
0.629505
0.630547
0.631606
0.632679
0.633763
0.634856
0.635954
0.637057
0.63816
0.639261
0.640358
0.641449
0.642531
0.643602
0.644659
0.645702
0.646727
0.647733
0.648717
0.649679
0.650617
0.651528
0.652413
0.653268
0.654094
0.654888
0.655651
0.656381
0.657077
0.657738
0.658365
0.658956
0.659512
0.660031
0.660514
0.660961
0.661372
0.661746
0.662084
0.662386
0.662653
0.662885
0.663082
0.663245
0.663375
0.663472
0.663537
0.663571
0.663574
0.663548
0.663493
0.663411
0.663303
0.663169
0.66301
0.662828
0.662624
0.6624
0.662155
0.661892
0.661612
0.661315
0.661004
0.660679
0.660341
0.659992
0.659634
0.659267
0.658892
0.658511
0.658126
0.657736
0.657345
0.656951
0.656558
0.656166
0.655776
0.65539
0.655008
0.654632
0.654263
0.653901
0.653549
0.653207
0.652876
0.652558
0.652253
0.651962
0.651686
0.651428
0.651186
0.650963
0.65076
0.650577
0.650415
0.650276
0.650161
0.65007
0.650005
0.649966
0.649954
0.649971
0.650017
0.650094
0.650203
0.650344
0.650518
0.650727
0.650971
0.651252
0.651571
0.651928
0.652326
0.652764
0.653244
0.653766
0.654333
0.654945
0.655604
0.656309
0.657063
0.657866
0.65872
0.659625
0.660583
0.661595
0.662661
0.663783
0.664961
0.666198
0.667493
0.668847
0.670262
0.671738
0.673277
0.674878
0.676543
0.678273
0.680067
0.681927
0.683853
0.685846
0.687906
0.690033
0.692228
0.69449
0.69682
0.699218
0.701683
0.704216
0.706816
0.709483
0.712216
0.715015
0.717878
0.720805
0.723795
0.726847
0.729959
0.73313
0.736359
0.739644
0.742982
0.746372
0.749812
0.7533
0.756832
0.760408
0.764022
0.767674
0.771359
0.775074
0.778817
0.782582
0.786368
0.790168
0.79398
0.7978
0.801622
0.805442
0.809256
0.813058
0.816844
0.820608
0.824345
0.828051
0.831718
0.835343
0.838918
0.84244
0.845901
0.849295
0.852618
0.855863
0.859025
0.862097
0.865073
0.867949
0.870717
0.873373
0.875911
0.878324
0.880609
0.882759
0.88477
0.886637
0.888354
0.889917
0.891322
0.892565
0.893641
0.894547
0.89528
0.895837
0.896218
0.896404
0.621346
0.621337
0.621395
0.621511
0.621683
0.621911
0.622194
0.622532
0.622924
0.623368
0.623863
0.624407
0.625
0.625638
0.626321
0.627047
0.627812
0.628616
0.629455
0.630328
0.631232
0.632164
0.633122
0.634103
0.635105
0.636125
0.63716
0.638208
0.639266
0.640331
0.6414
0.642472
0.643543
0.644611
0.645674
0.646728
0.647772
0.648804
0.649821
0.650821
0.651802
0.652762
0.6537
0.654613
0.655501
0.656361
0.657191
0.657992
0.658761
0.659498
0.660201
0.66087
0.661504
0.662102
0.662663
0.663188
0.663675
0.664126
0.664538
0.664913
0.665251
0.665551
0.665814
0.66604
0.666229
0.666383
0.6665
0.666583
0.666632
0.666648
0.66663
0.666581
0.666501
0.666391
0.666252
0.666085
0.665891
0.665672
0.665428
0.665161
0.664872
0.664561
0.664231
0.663883
0.663518
0.663137
0.662741
0.662333
0.661912
0.661481
0.661041
0.660593
0.660138
0.659678
0.659214
0.658748
0.65828
0.657812
0.657345
0.656881
0.65642
0.655965
0.655515
0.655073
0.654639
0.654215
0.653801
0.6534
0.653012
0.652638
0.652279
0.651937
0.651612
0.651305
0.651019
0.650752
0.650508
0.650286
0.650088
0.649915
0.649767
0.649646
0.649553
0.649489
0.649454
0.649451
0.649478
0.649539
0.649633
0.649762
0.649927
0.650128
0.650367
0.650645
0.650962
0.65132
0.65172
0.652162
0.652648
0.653178
0.653754
0.654377
0.655047
0.655766
0.656534
0.657352
0.658222
0.659144
0.660119
0.661149
0.662233
0.663373
0.66457
0.665825
0.667137
0.668509
0.669941
0.671432
0.672985
0.6746
0.676276
0.678016
0.679818
0.681684
0.683614
0.685608
0.687666
0.689788
0.691975
0.694227
0.696542
0.698922
0.701365
0.703871
0.706441
0.709072
0.711765
0.714519
0.717333
0.720205
0.723135
0.726121
0.729162
0.732256
0.735402
0.738598
0.741841
0.745131
0.748464
0.751838
0.755251
0.758701
0.762183
0.765696
0.769236
0.772801
0.776386
0.779987
0.783602
0.787227
0.790857
0.794488
0.798117
0.801738
0.805347
0.808939
0.81251
0.816055
0.819568
0.823045
0.826481
0.829869
0.833206
0.836485
0.839701
0.842848
0.845922
0.848916
0.851826
0.854645
0.857368
0.85999
0.862506
0.86491
0.867197
0.869363
0.871401
0.873307
0.875077
0.876706
0.87819
0.879524
0.880704
0.881727
0.88259
0.883288
0.883819
0.884181
0.884373
0.884378
0.62684
0.62683
0.626886
0.626999
0.627168
0.627393
0.627672
0.628005
0.628391
0.628828
0.629316
0.629852
0.630436
0.631065
0.631737
0.632451
0.633204
0.633995
0.63482
0.635677
0.636565
0.63748
0.63842
0.639382
0.640363
0.641361
0.642374
0.643398
0.64443
0.645468
0.64651
0.647553
0.648593
0.649629
0.650658
0.651678
0.652686
0.65368
0.654658
0.655618
0.656557
0.657474
0.658366
0.659233
0.660073
0.660883
0.661663
0.662411
0.663127
0.663808
0.664455
0.665065
0.665639
0.666176
0.666676
0.667137
0.66756
0.667944
0.66829
0.668596
0.668864
0.669094
0.669285
0.669438
0.669554
0.669633
0.669676
0.669683
0.669655
0.669593
0.669497
0.66937
0.66921
0.669021
0.668802
0.668555
0.66828
0.66798
0.667656
0.667308
0.666937
0.666546
0.666136
0.665707
0.665262
0.664801
0.664327
0.663839
0.663341
0.662832
0.662315
0.661791
0.661262
0.660728
0.660191
0.659652
0.659114
0.658576
0.658041
0.65751
0.656983
0.656463
0.655951
0.655448
0.654954
0.654472
0.654003
0.653547
0.653107
0.652682
0.652274
0.651885
0.651515
0.651166
0.650839
0.650534
0.650253
0.649996
0.649766
0.649562
0.649387
0.64924
0.649123
0.649037
0.648983
0.648962
0.648974
0.649022
0.649105
0.649225
0.649382
0.649579
0.649814
0.650091
0.650408
0.650768
0.651172
0.651619
0.652112
0.65265
0.653236
0.653869
0.654551
0.655282
0.656064
0.656897
0.657782
0.65872
0.659711
0.660757
0.661857
0.663014
0.664227
0.665496
0.666824
0.66821
0.669655
0.671159
0.672723
0.674347
0.676032
0.677777
0.679584
0.681452
0.683381
0.685372
0.687425
0.689539
0.691714
0.693951
0.696248
0.698606
0.701023
0.7035
0.706036
0.708629
0.71128
0.713987
0.716749
0.719565
0.722433
0.725353
0.728322
0.731339
0.734403
0.737511
0.740661
0.743851
0.74708
0.750344
0.753641
0.756969
0.760324
0.763704
0.767105
0.770525
0.773959
0.777405
0.780859
0.784316
0.787774
0.791228
0.794674
0.798108
0.801525
0.80492
0.80829
0.81163
0.814934
0.818199
0.821418
0.824588
0.827702
0.830757
0.833746
0.836666
0.839509
0.842273
0.84495
0.847537
0.850028
0.852418
0.854702
0.856876
0.858934
0.860872
0.862685
0.86437
0.86592
0.867333
0.868605
0.869731
0.870708
0.871533
0.872202
0.872712
0.873061
0.873246
0.873269
0.873112
0.631962
0.631952
0.632006
0.632117
0.632284
0.632505
0.632779
0.633108
0.633488
0.633919
0.634399
0.634928
0.635503
0.636123
0.636785
0.637488
0.63823
0.639008
0.639819
0.640662
0.641535
0.642433
0.643356
0.644299
0.645261
0.646239
0.647229
0.64823
0.649239
0.650252
0.651267
0.652282
0.653293
0.654299
0.655297
0.656283
0.657257
0.658216
0.659156
0.660077
0.660977
0.661852
0.662702
0.663525
0.664319
0.665083
0.665815
0.666514
0.667178
0.667807
0.6684
0.668956
0.669474
0.669954
0.670394
0.670796
0.671157
0.671479
0.671761
0.672003
0.672206
0.672369
0.672493
0.672578
0.672624
0.672633
0.672605
0.67254
0.67244
0.672305
0.672136
0.671934
0.671701
0.671436
0.671142
0.67082
0.67047
0.670094
0.669694
0.66927
0.668824
0.668358
0.667872
0.667368
0.666848
0.666313
0.665765
0.665204
0.664632
0.664052
0.663464
0.662869
0.66227
0.661667
0.661063
0.660457
0.659853
0.659251
0.658653
0.65806
0.657473
0.656894
0.656325
0.655765
0.655217
0.654683
0.654162
0.653657
0.653169
0.652698
0.652247
0.651815
0.651405
0.651018
0.650654
0.650315
0.650001
0.649714
0.649456
0.649226
0.649026
0.648857
0.648719
0.648615
0.648545
0.648509
0.648509
0.648546
0.648621
0.648734
0.648887
0.64908
0.649314
0.64959
0.64991
0.650273
0.650681
0.651134
0.651634
0.652182
0.652777
0.65342
0.654114
0.654858
0.655652
0.656499
0.657397
0.658349
0.659355
0.660415
0.66153
0.6627
0.663927
0.66521
0.66655
0.667948
0.669403
0.670916
0.672488
0.674119
0.675808
0.677557
0.679365
0.681232
0.683158
0.685143
0.687187
0.689289
0.69145
0.693669
0.695946
0.698279
0.700669
0.703114
0.705614
0.708169
0.710776
0.713435
0.716145
0.718904
0.721711
0.724565
0.727463
0.730405
0.733388
0.736411
0.739471
0.742566
0.745694
0.748852
0.752038
0.75525
0.758484
0.761737
0.765007
0.76829
0.771583
0.774882
0.778184
0.781486
0.784783
0.788071
0.791347
0.794606
0.797845
0.801059
0.804243
0.807393
0.810504
0.813573
0.816593
0.819561
0.822472
0.825321
0.828103
0.830813
0.833447
0.835999
0.838465
0.84084
0.84312
0.845299
0.847373
0.849338
0.851189
0.852921
0.854531
0.856015
0.857368
0.858586
0.859667
0.860606
0.8614
0.862047
0.862542
0.862884
0.86307
0.863098
0.862969
0.862667
0.636695
0.636683
0.636737
0.636846
0.637009
0.637227
0.637498
0.637821
0.638196
0.638621
0.639095
0.639617
0.640184
0.640795
0.641448
0.64214
0.642871
0.643637
0.644436
0.645265
0.646123
0.647006
0.647912
0.648838
0.649782
0.65074
0.65171
0.652689
0.653675
0.654665
0.655655
0.656644
0.657628
0.658605
0.659573
0.660529
0.66147
0.662395
0.663301
0.664186
0.665048
0.665886
0.666696
0.667477
0.668229
0.668949
0.669636
0.670288
0.670905
0.671485
0.672028
0.672533
0.672998
0.673424
0.67381
0.674155
0.67446
0.674723
0.674946
0.675128
0.67527
0.675371
0.675431
0.675453
0.675435
0.675378
0.675284
0.675153
0.674985
0.674782
0.674545
0.674274
0.673972
0.673638
0.673274
0.672881
0.672461
0.672015
0.671545
0.671051
0.670534
0.669998
0.669442
0.668869
0.66828
0.667676
0.667059
0.666431
0.665792
0.665145
0.664491
0.663832
0.663168
0.662503
0.661836
0.66117
0.660505
0.659845
0.659189
0.658539
0.657897
0.657265
0.656643
0.656032
0.655435
0.654853
0.654286
0.653737
0.653206
0.652694
0.652203
0.651734
0.651288
0.650867
0.650471
0.650101
0.649759
0.649446
0.649163
0.64891
0.648689
0.648501
0.648347
0.648227
0.648143
0.648096
0.648086
0.648115
0.648183
0.648291
0.648441
0.648632
0.648866
0.649144
0.649466
0.649833
0.650247
0.650707
0.651214
0.65177
0.652374
0.653028
0.653733
0.654488
0.655294
0.656153
0.657065
0.658029
0.659048
0.66012
0.661248
0.66243
0.663668
0.664962
0.666312
0.667719
0.669182
0.670703
0.67228
0.673914
0.675606
0.677355
0.679162
0.681025
0.682945
0.684922
0.686955
0.689044
0.691189
0.693389
0.695643
0.697951
0.700312
0.702725
0.705189
0.707704
0.710267
0.712879
0.715537
0.718241
0.720989
0.723779
0.726609
0.729478
0.732384
0.735325
0.738299
0.741304
0.744337
0.747395
0.750477
0.75358
0.7567
0.759835
0.762982
0.766138
0.769299
0.772463
0.775624
0.778781
0.78193
0.785066
0.788185
0.791284
0.794359
0.797406
0.80042
0.803397
0.806332
0.809222
0.812062
0.814847
0.817572
0.820235
0.822828
0.825349
0.827793
0.830155
0.83243
0.834615
0.836704
0.838693
0.840579
0.842356
0.844021
0.845569
0.846997
0.848301
0.849478
0.850523
0.851433
0.852205
0.852837
0.853325
0.853667
0.853859
0.853901
0.85379
0.853527
0.853097
0.64102
0.641007
0.64106
0.641166
0.641328
0.641542
0.641809
0.642129
0.642499
0.642918
0.643386
0.643901
0.64446
0.645063
0.645707
0.64639
0.64711
0.647865
0.648652
0.649469
0.650313
0.651182
0.652072
0.652982
0.653909
0.654849
0.6558
0.65676
0.657724
0.658692
0.659659
0.660623
0.661582
0.662533
0.663474
0.664401
0.665313
0.666207
0.66708
0.667932
0.66876
0.669561
0.670334
0.671078
0.67179
0.672469
0.673114
0.673724
0.674297
0.674832
0.675329
0.675786
0.676203
0.676579
0.676914
0.677208
0.67746
0.67767
0.677838
0.677965
0.67805
0.678094
0.678096
0.678059
0.677981
0.677865
0.67771
0.677517
0.677288
0.677022
0.676722
0.676388
0.676022
0.675624
0.675196
0.674739
0.674255
0.673744
0.673209
0.672651
0.67207
0.67147
0.67085
0.670213
0.669561
0.668894
0.668215
0.667524
0.666825
0.666117
0.665403
0.664685
0.663963
0.66324
0.662517
0.661795
0.661076
0.660362
0.659654
0.658954
0.658262
0.657581
0.656912
0.656257
0.655615
0.65499
0.654382
0.653793
0.653224
0.652676
0.65215
0.651648
0.65117
0.650719
0.650295
0.649899
0.649533
0.649196
0.648892
0.648619
0.648381
0.648177
0.648008
0.647876
0.647781
0.647724
0.647707
0.647729
0.647792
0.647897
0.648045
0.648236
0.648471
0.648751
0.649076
0.649448
0.649867
0.650334
0.650848
0.651412
0.652026
0.652689
0.653404
0.65417
0.654987
0.655857
0.65678
0.657756
0.658785
0.659869
0.661007
0.6622
0.663447
0.66475
0.666108
0.667522
0.668991
0.670516
0.672097
0.673733
0.675425
0.677173
0.678976
0.680834
0.682746
0.684713
0.686734
0.688809
0.690936
0.693116
0.695347
0.697629
0.699961
0.702342
0.704771
0.707247
0.709769
0.712335
0.714944
0.717595
0.720285
0.723015
0.725781
0.728581
0.731415
0.73428
0.737173
0.740094
0.743038
0.746004
0.748989
0.751991
0.755006
0.758033
0.761067
0.764106
0.767147
0.770186
0.773219
0.776245
0.779258
0.782255
0.785232
0.788187
0.791113
0.794009
0.796869
0.79969
0.802466
0.805195
0.807872
0.810493
0.813053
0.815548
0.817973
0.820325
0.822599
0.824791
0.826896
0.828911
0.83083
0.832651
0.834369
0.83598
0.83748
0.838865
0.840132
0.841278
0.842298
0.84319
0.84395
0.844576
0.845065
0.845414
0.84562
0.845682
0.845597
0.845364
0.844984
0.844442
0.64492
0.644907
0.644958
0.645063
0.645222
0.645433
0.645697
0.646013
0.646378
0.646793
0.647255
0.647763
0.648316
0.648911
0.649547
0.650221
0.650932
0.651676
0.652453
0.653258
0.65409
0.654945
0.655822
0.656717
0.657628
0.658552
0.659485
0.660426
0.661372
0.662319
0.663265
0.664208
0.665143
0.66607
0.666985
0.667887
0.668771
0.669637
0.670481
0.671302
0.672098
0.672867
0.673607
0.674316
0.674992
0.675635
0.676242
0.676812
0.677345
0.677839
0.678294
0.678708
0.67908
0.679412
0.679701
0.679947
0.680151
0.680313
0.680432
0.680508
0.680541
0.680533
0.680483
0.680392
0.680261
0.68009
0.679879
0.679631
0.679345
0.679023
0.678666
0.678275
0.677851
0.677395
0.676909
0.676394
0.675851
0.675283
0.674689
0.674072
0.673434
0.672775
0.672098
0.671404
0.670694
0.669971
0.669235
0.668489
0.667734
0.666972
0.666205
0.665433
0.664659
0.663884
0.663111
0.662339
0.661572
0.66081
0.660056
0.65931
0.658574
0.65785
0.65714
0.656443
0.655763
0.6551
0.654456
0.653832
0.653229
0.652649
0.652092
0.651561
0.651057
0.65058
0.650131
0.649712
0.649325
0.648969
0.648646
0.648357
0.648104
0.647886
0.647706
0.647563
0.647459
0.647395
0.647371
0.647389
0.647449
0.647552
0.647699
0.647891
0.648127
0.64841
0.648739
0.649115
0.64954
0.650013
0.650535
0.651106
0.651728
0.652401
0.653124
0.6539
0.654727
0.655607
0.656539
0.657525
0.658564
0.659657
0.660804
0.662005
0.663261
0.66457
0.665935
0.667354
0.668827
0.670355
0.671938
0.673574
0.675265
0.67701
0.678808
0.680659
0.682564
0.68452
0.686528
0.688588
0.690698
0.692858
0.695066
0.697323
0.699627
0.701977
0.704373
0.706812
0.709294
0.711817
0.714379
0.716981
0.719619
0.722292
0.724998
0.727736
0.730503
0.733297
0.736117
0.73896
0.741823
0.744705
0.747602
0.750513
0.753433
0.756361
0.759293
0.762227
0.765159
0.768086
0.771005
0.773912
0.776803
0.779677
0.782527
0.785352
0.788146
0.790907
0.793631
0.796312
0.798948
0.801535
0.804068
0.806543
0.808956
0.811303
0.81358
0.815783
0.817907
0.819949
0.821905
0.82377
0.825541
0.827214
0.828785
0.83025
0.831606
0.832849
0.833975
0.834983
0.835867
0.836625
0.837255
0.837754
0.838118
0.838346
0.838435
0.838384
0.838189
0.837851
0.83737
0.836731
0.64838
0.648366
0.648416
0.64852
0.648676
0.648886
0.649146
0.649458
0.64982
0.65023
0.650687
0.651189
0.651736
0.652324
0.652953
0.653619
0.654321
0.655057
0.655823
0.656618
0.657438
0.658282
0.659146
0.660028
0.660925
0.661834
0.662752
0.663676
0.664605
0.665534
0.666461
0.667383
0.668298
0.669204
0.670096
0.670974
0.671834
0.672674
0.673492
0.674286
0.675054
0.675794
0.676503
0.677181
0.677825
0.678435
0.679008
0.679543
0.68004
0.680498
0.680914
0.68129
0.681623
0.681914
0.682162
0.682367
0.682528
0.682646
0.68272
0.682751
0.682739
0.682685
0.682588
0.682449
0.68227
0.68205
0.68179
0.681492
0.681156
0.680784
0.680376
0.679934
0.679458
0.678951
0.678413
0.677846
0.677252
0.676631
0.675986
0.675317
0.674627
0.673917
0.673188
0.672443
0.671683
0.67091
0.670124
0.669329
0.668525
0.667715
0.6669
0.666081
0.665261
0.664441
0.663623
0.662808
0.661998
0.661194
0.660399
0.659613
0.658839
0.658077
0.65733
0.656598
0.655884
0.655188
0.654512
0.653858
0.653226
0.652618
0.652035
0.651479
0.650951
0.650452
0.649983
0.649544
0.649139
0.648766
0.648428
0.648126
0.64786
0.647631
0.647441
0.64729
0.647179
0.647109
0.647081
0.647096
0.647154
0.647256
0.647402
0.647595
0.647833
0.648119
0.648452
0.648833
0.649262
0.649741
0.65027
0.650849
0.651478
0.652158
0.65289
0.653674
0.65451
0.655398
0.656339
0.657334
0.658381
0.659482
0.660636
0.661844
0.663105
0.664421
0.66579
0.667213
0.668689
0.670219
0.671801
0.673437
0.675126
0.676867
0.67866
0.680504
0.682399
0.684345
0.686341
0.688386
0.690479
0.692619
0.694807
0.69704
0.699318
0.701639
0.704003
0.706408
0.708853
0.711337
0.713858
0.716414
0.719004
0.721626
0.724278
0.726959
0.729666
0.732397
0.735151
0.737925
0.740716
0.743522
0.746341
0.74917
0.752006
0.754847
0.757689
0.760529
0.763365
0.766193
0.76901
0.771813
0.774598
0.777362
0.780102
0.782812
0.785491
0.788135
0.790738
0.793299
0.795812
0.798274
0.800681
0.803029
0.805315
0.807534
0.809682
0.811755
0.81375
0.815663
0.817489
0.819225
0.820868
0.822413
0.823857
0.825197
0.826429
0.827549
0.828555
0.829444
0.830211
0.830856
0.831374
0.831763
0.832021
0.832146
0.832135
0.831987
0.831699
0.831271
0.830704
0.829983
0.651385
0.651371
0.65142
0.651522
0.651677
0.651884
0.652142
0.652451
0.652809
0.653215
0.653667
0.654165
0.654706
0.655288
0.65591
0.65657
0.657264
0.657992
0.658749
0.659535
0.660346
0.661179
0.662032
0.662902
0.663787
0.664682
0.665587
0.666497
0.66741
0.668323
0.669234
0.670139
0.671036
0.671922
0.672795
0.673652
0.67449
0.675308
0.676103
0.676874
0.677617
0.678331
0.679014
0.679664
0.68028
0.680861
0.681404
0.681909
0.682375
0.6828
0.683184
0.683526
0.683825
0.68408
0.684292
0.68446
0.684584
0.684664
0.6847
0.684691
0.68464
0.684544
0.684406
0.684226
0.684005
0.683742
0.68344
0.683098
0.682719
0.682302
0.68185
0.681363
0.680843
0.680291
0.679708
0.679096
0.678457
0.677791
0.6771
0.676387
0.675652
0.674897
0.674124
0.673335
0.672531
0.671713
0.670885
0.670047
0.669201
0.668349
0.667493
0.666634
0.665774
0.664914
0.664057
0.663205
0.662358
0.661518
0.660688
0.659868
0.65906
0.658266
0.657488
0.656726
0.655982
0.655258
0.654556
0.653875
0.653219
0.652588
0.651983
0.651406
0.650858
0.65034
0.649853
0.649399
0.648978
0.648592
0.648241
0.647928
0.647651
0.647414
0.647216
0.647058
0.646942
0.646867
0.646836
0.646848
0.646904
0.647006
0.647153
0.647347
0.647588
0.647876
0.648213
0.648598
0.649032
0.649517
0.650051
0.650636
0.651272
0.65196
0.652699
0.65349
0.654333
0.655228
0.656177
0.657178
0.658232
0.659339
0.660499
0.661713
0.662979
0.664299
0.665671
0.667097
0.668575
0.670105
0.671688
0.673322
0.675008
0.676745
0.678532
0.680369
0.682256
0.684192
0.686175
0.688206
0.690284
0.692407
0.694575
0.696786
0.69904
0.701336
0.703672
0.706047
0.708459
0.710907
0.71339
0.715906
0.718454
0.721031
0.723636
0.726266
0.728921
0.731597
0.734293
0.737006
0.739735
0.742475
0.745226
0.747984
0.750747
0.753512
0.756276
0.759036
0.761789
0.764531
0.767261
0.769974
0.772668
0.775338
0.777982
0.780595
0.783175
0.785717
0.788219
0.790675
0.793084
0.79544
0.79774
0.79998
0.802157
0.804267
0.806305
0.808269
0.810154
0.811957
0.813673
0.815301
0.816834
0.818272
0.819609
0.820843
0.82197
0.822987
0.823891
0.82468
0.825349
0.825898
0.826322
0.82662
0.826789
0.826827
0.826733
0.826503
0.826138
0.825635
0.824996
0.824207
0.653923
0.653909
0.653957
0.654058
0.654212
0.654417
0.654673
0.654978
0.655333
0.655736
0.656184
0.656678
0.657214
0.657792
0.658408
0.659061
0.65975
0.66047
0.66122
0.661998
0.6628
0.663624
0.664468
0.665328
0.666202
0.667087
0.667979
0.668877
0.669777
0.670677
0.671573
0.672463
0.673345
0.674215
0.675071
0.67591
0.676731
0.67753
0.678305
0.679055
0.679777
0.680469
0.68113
0.681757
0.68235
0.682906
0.683424
0.683903
0.684342
0.68474
0.685096
0.685409
0.685678
0.685904
0.686086
0.686222
0.686315
0.686362
0.686365
0.686323
0.686238
0.686108
0.685935
0.68572
0.685463
0.685164
0.684826
0.684447
0.684031
0.683577
0.683088
0.682563
0.682005
0.681415
0.680794
0.680144
0.679467
0.678763
0.678034
0.677282
0.67651
0.675717
0.674907
0.67408
0.673239
0.672385
0.67152
0.670646
0.669765
0.668878
0.667987
0.667093
0.6662
0.665308
0.664419
0.663534
0.662656
0.661787
0.660927
0.660078
0.659243
0.658422
0.657617
0.65683
0.656062
0.655315
0.65459
0.653888
0.653212
0.652561
0.651938
0.651343
0.650779
0.650245
0.649745
0.649277
0.648844
0.648447
0.648086
0.647764
0.647479
0.647235
0.64703
0.646867
0.646747
0.646669
0.646635
0.646645
0.646701
0.646803
0.646951
0.647146
0.647389
0.64768
0.64802
0.648409
0.648847
0.649336
0.649876
0.650466
0.651108
0.651801
0.652546
0.653343
0.654192
0.655094
0.656048
0.657055
0.658115
0.659227
0.660392
0.66161
0.66288
0.664203
0.665578
0.667005
0.668484
0.670014
0.671596
0.673228
0.674911
0.676644
0.678426
0.680257
0.682135
0.684062
0.686035
0.688053
0.690117
0.692225
0.694375
0.696568
0.698801
0.701075
0.703386
0.705735
0.708119
0.710537
0.712988
0.71547
0.717981
0.72052
0.723084
0.725672
0.728282
0.730911
0.733558
0.736221
0.738896
0.741581
0.744274
0.746973
0.749674
0.752375
0.755073
0.757766
0.760449
0.763121
0.765777
0.768416
0.771033
0.773625
0.776189
0.778721
0.781218
0.783676
0.786093
0.788463
0.790785
0.793053
0.795264
0.797415
0.799502
0.801522
0.80347
0.805342
0.807137
0.808849
0.810475
0.812013
0.813457
0.814806
0.816055
0.817202
0.818243
0.819175
0.819996
0.820703
0.821292
0.821762
0.822109
0.822332
0.822429
0.822396
0.822233
0.821938
0.821509
0.820946
0.820248
0.819403
0.655983
0.655968
0.656016
0.656116
0.656268
0.656471
0.656726
0.657029
0.657382
0.657781
0.658227
0.658717
0.659249
0.659822
0.660434
0.661083
0.661766
0.66248
0.663224
0.663996
0.664791
0.665608
0.666444
0.667296
0.668161
0.669036
0.669919
0.670807
0.671697
0.672585
0.67347
0.674348
0.675216
0.676073
0.676915
0.67774
0.678546
0.67933
0.680089
0.680822
0.681527
0.682202
0.682844
0.683453
0.684025
0.684561
0.685059
0.685517
0.685934
0.68631
0.686643
0.686933
0.687179
0.68738
0.687537
0.687648
0.687715
0.687736
0.687712
0.687643
0.68753
0.687373
0.687172
0.686928
0.686642
0.686314
0.685946
0.685538
0.685091
0.684608
0.684087
0.683532
0.682944
0.682323
0.681671
0.68099
0.680282
0.679547
0.678787
0.678005
0.677202
0.676379
0.675538
0.674681
0.67381
0.672926
0.672032
0.671129
0.670219
0.669303
0.668384
0.667464
0.666543
0.665624
0.664709
0.6638
0.662897
0.662003
0.661119
0.660248
0.65939
0.658548
0.657722
0.656915
0.656128
0.655362
0.654619
0.6539
0.653207
0.652541
0.651903
0.651295
0.650717
0.650172
0.64966
0.649182
0.648739
0.648334
0.647965
0.647635
0.647345
0.647094
0.646885
0.646719
0.646595
0.646514
0.646479
0.646488
0.646543
0.646645
0.646794
0.64699
0.647235
0.647528
0.647871
0.648263
0.648705
0.649198
0.649742
0.650337
0.650983
0.651681
0.65243
0.653232
0.654086
0.654993
0.655952
0.656963
0.658027
0.659143
0.660311
0.661532
0.662805
0.66413
0.665507
0.666935
0.668415
0.669945
0.671525
0.673156
0.674836
0.676565
0.678342
0.680167
0.682039
0.683957
0.685921
0.68793
0.689982
0.692076
0.694213
0.69639
0.698606
0.700861
0.703152
0.705479
0.70784
0.710234
0.712658
0.715112
0.717594
0.720101
0.722633
0.725186
0.72776
0.730352
0.732959
0.73558
0.738212
0.740852
0.743499
0.74615
0.748801
0.751451
0.754097
0.756735
0.759362
0.761977
0.764575
0.767153
0.769708
0.772238
0.774738
0.777205
0.779636
0.782028
0.784377
0.786678
0.78893
0.791128
0.793269
0.795349
0.797365
0.799312
0.801188
0.802989
0.804712
0.806352
0.807907
0.809373
0.810747
0.812025
0.813205
0.814283
0.815256
0.816121
0.816876
0.817518
0.818044
0.818452
0.818739
0.818903
0.818942
0.818855
0.818638
0.818291
0.817812
0.817201
0.816458
0.815569
0.657554
0.657539
0.657586
0.657685
0.657837
0.658039
0.658292
0.658594
0.658944
0.659342
0.659785
0.660272
0.660802
0.661371
0.66198
0.662624
0.663303
0.664013
0.664753
0.665519
0.666309
0.66712
0.66795
0.668796
0.669654
0.670523
0.671398
0.672278
0.673159
0.674039
0.674915
0.675784
0.676643
0.677489
0.678321
0.679135
0.679929
0.680701
0.681448
0.682168
0.68286
0.683521
0.684149
0.684743
0.685301
0.685822
0.686304
0.686746
0.687147
0.687505
0.687821
0.688093
0.68832
0.688503
0.688641
0.688733
0.68878
0.688781
0.688737
0.688648
0.688514
0.688335
0.688113
0.687847
0.687539
0.687189
0.686798
0.686367
0.685898
0.685391
0.684848
0.68427
0.683658
0.683014
0.682339
0.681634
0.680902
0.680144
0.679361
0.678555
0.677729
0.676882
0.676019
0.675139
0.674245
0.673339
0.672423
0.671497
0.670566
0.669629
0.668689
0.667747
0.666806
0.665867
0.664933
0.664004
0.663082
0.66217
0.661268
0.660379
0.659505
0.658646
0.657805
0.656982
0.656181
0.655401
0.654644
0.653913
0.653207
0.65253
0.651881
0.651263
0.650675
0.650121
0.6496
0.649115
0.648665
0.648253
0.647879
0.647543
0.647248
0.646994
0.646782
0.646612
0.646486
0.646404
0.646367
0.646375
0.64643
0.646532
0.646682
0.646879
0.647125
0.64742
0.647765
0.64816
0.648605
0.649101
0.649647
0.650245
0.650895
0.651596
0.65235
0.653155
0.654013
0.654923
0.655885
0.656899
0.657966
0.659085
0.660256
0.661479
0.662754
0.664081
0.665459
0.666887
0.668367
0.669897
0.671476
0.673105
0.674783
0.676508
0.678282
0.680102
0.681969
0.683881
0.685838
0.687838
0.689881
0.691965
0.694091
0.696256
0.698459
0.700699
0.702975
0.705286
0.707629
0.710004
0.712408
0.714841
0.7173
0.719784
0.72229
0.724818
0.727364
0.729926
0.732504
0.735093
0.737693
0.740299
0.742911
0.745526
0.74814
0.750751
0.753357
0.755954
0.758539
0.761111
0.763664
0.766197
0.768707
0.771189
0.773642
0.77606
0.778442
0.780783
0.783081
0.785332
0.787532
0.789677
0.791765
0.793792
0.795754
0.797648
0.799471
0.801218
0.802887
0.804474
0.805975
0.807388
0.808709
0.809935
0.811063
0.81209
0.813013
0.813829
0.814535
0.815129
0.815608
0.81597
0.816212
0.816333
0.816329
0.8162
0.815944
0.815559
0.815043
0.814396
0.81362
0.812699
0.658628
0.658612
0.658659
0.658758
0.658909
0.659111
0.659363
0.659664
0.660013
0.660409
0.66085
0.661335
0.661863
0.66243
0.663036
0.663678
0.664354
0.665061
0.665797
0.66656
0.667346
0.668154
0.668979
0.66982
0.670674
0.671538
0.672408
0.673283
0.674158
0.675032
0.675902
0.676764
0.677616
0.678456
0.67928
0.680086
0.680873
0.681636
0.682375
0.683087
0.683769
0.684421
0.68504
0.685624
0.686172
0.686682
0.687153
0.687584
0.687973
0.68832
0.688624
0.688884
0.689099
0.689269
0.689394
0.689473
0.689507
0.689495
0.689437
0.689333
0.689185
0.688992
0.688755
0.688474
0.688151
0.687786
0.68738
0.686934
0.68645
0.685927
0.685369
0.684775
0.684147
0.683487
0.682796
0.682076
0.681328
0.680553
0.679755
0.678933
0.678091
0.677229
0.67635
0.675454
0.674545
0.673624
0.672693
0.671753
0.670806
0.669855
0.6689
0.667945
0.66699
0.666038
0.66509
0.664148
0.663214
0.662289
0.661376
0.660475
0.659589
0.65872
0.657868
0.657035
0.656223
0.655434
0.654669
0.653929
0.653215
0.65253
0.651874
0.651248
0.650655
0.650094
0.649568
0.649077
0.648623
0.648206
0.647828
0.647489
0.647191
0.646934
0.646719
0.646548
0.64642
0.646337
0.646299
0.646307
0.646362
0.646464
0.646614
0.646812
0.647059
0.647356
0.647702
0.648098
0.648545
0.649042
0.649591
0.650191
0.650843
0.651547
0.652303
0.65311
0.65397
0.654882
0.655847
0.656863
0.657932
0.659053
0.660226
0.66145
0.662726
0.664054
0.665432
0.666861
0.66834
0.66987
0.671448
0.673076
0.674752
0.676475
0.678246
0.680063
0.681926
0.683834
0.685785
0.68778
0.689817
0.691894
0.694012
0.696169
0.698363
0.700593
0.702859
0.705158
0.70749
0.709851
0.712242
0.714661
0.717105
0.719572
0.722062
0.724572
0.727099
0.729643
0.7322
0.734768
0.737345
0.73993
0.742518
0.745108
0.747697
0.750282
0.752861
0.755431
0.757988
0.760531
0.763055
0.765558
0.768037
0.770488
0.772908
0.775294
0.777643
0.779951
0.782214
0.784431
0.786596
0.788707
0.79076
0.792751
0.794678
0.796536
0.798323
0.800035
0.801668
0.803219
0.804685
0.806063
0.807349
0.80854
0.809634
0.810627
0.811516
0.812299
0.812973
0.813535
0.813983
0.814315
0.814527
0.814619
0.814587
0.814431
0.814149
0.813738
0.813198
0.812527
0.811728
0.810786
0.659197
0.659182
0.659229
0.659329
0.659479
0.659681
0.659932
0.660232
0.660581
0.660976
0.661416
0.661901
0.662427
0.662993
0.663598
0.664238
0.664912
0.665618
0.666352
0.667112
0.667897
0.668702
0.669525
0.670364
0.671215
0.672076
0.672943
0.673815
0.674687
0.675558
0.676424
0.677283
0.678131
0.678967
0.679787
0.68059
0.681372
0.682131
0.682865
0.683572
0.68425
0.684897
0.68551
0.686089
0.686632
0.687137
0.687602
0.688027
0.688411
0.688751
0.689049
0.689303
0.689511
0.689675
0.689793
0.689866
0.689892
0.689873
0.689808
0.689697
0.689541
0.689341
0.689096
0.688808
0.688477
0.688104
0.687691
0.687237
0.686744
0.686214
0.685647
0.685045
0.684409
0.683741
0.683042
0.682314
0.681558
0.680775
0.679969
0.679139
0.678289
0.677419
0.676531
0.675628
0.674711
0.673783
0.672843
0.671896
0.670942
0.669983
0.669021
0.668059
0.667097
0.666138
0.665183
0.664234
0.663294
0.662363
0.661443
0.660537
0.659645
0.65877
0.657912
0.657075
0.656258
0.655464
0.654694
0.653949
0.653232
0.652542
0.651882
0.651253
0.650656
0.650093
0.649564
0.64907
0.648614
0.648194
0.647814
0.647474
0.647174
0.646915
0.6467
0.646527
0.646398
0.646315
0.646276
0.646284
0.646339
0.646441
0.646591
0.646789
0.647037
0.647334
0.64768
0.648077
0.648525
0.649023
0.649573
0.650174
0.650827
0.651532
0.652289
0.653097
0.653958
0.654871
0.655837
0.656854
0.657924
0.659046
0.660219
0.661444
0.662721
0.664048
0.665427
0.666856
0.668335
0.669864
0.671442
0.673069
0.674744
0.676466
0.678235
0.680051
0.681911
0.683817
0.685766
0.687757
0.689791
0.691865
0.693979
0.696131
0.698321
0.700546
0.702806
0.7051
0.707425
0.70978
0.712164
0.714575
0.717011
0.719471
0.721952
0.724453
0.726971
0.729504
0.732051
0.734609
0.737175
0.739748
0.742324
0.744902
0.747478
0.75005
0.752616
0.755172
0.757715
0.760243
0.762752
0.76524
0.767703
0.770138
0.772542
0.774912
0.777244
0.779535
0.781782
0.783981
0.786128
0.788222
0.790257
0.792231
0.794139
0.79598
0.797749
0.799442
0.801058
0.802591
0.804039
0.805399
0.806668
0.807842
0.808919
0.809895
0.810767
0.811534
0.812191
0.812738
0.81317
0.813486
0.813684
0.813761
0.813716
0.813546
0.81325
0.812827
0.812274
0.811592
0.810781
0.809828
0.133809
0.162831
0.183103
0.197168
0.206747
0.211869
0.213282
0.211575
0.207339
0.20114
0.19348
0.184801
0.175493
0.165977
0.156369
0.146529
0.136608
0.126757
0.117086
0.10768
0.098597
0.089884
0.0815758
0.0737007
0.0662817
0.059338
0.0528848
0.0469339
0.0414916
0.0365587
0.0321288
0.0281881
0.0247168
0.0216874
0.0191213
0.0169254
0.0150521
0.0134604
0.0121095
0.010961
0.00998139
0.0091431
0.00841545
0.00777685
0.00720923
0.00669805
0.00623191
0.00580208
0.005402
0.00502689
0.00467335
0.00433902
0.00402231
0.00372219
0.00343798
0.00316922
0.00291555
0.00267663
0.00245208
0.00224145
0.00204418
0.00185959
0.00168689
0.0015252
0.00137368
0.0012312
0.00109639
0.000968083
0.000845129
0.000726533
0.000611542
0.000499905
0.000392211
0.000290329
0.000197848
0.000120216
6.3686e-05
3.20424e-05
3.88325e-07
0.00015377
0.304214
0.359405
0.398964
0.426857
0.444782
0.453976
0.455674
0.451152
0.44165
0.428307
0.412131
0.393992
0.374657
0.354693
0.333958
0.312852
0.29173
0.270858
0.250432
0.230594
0.211451
0.193081
0.175548
0.158902
0.143188
0.128443
0.1147
0.101985
0.0903166
0.0797009
0.0701319
0.0615882
0.0540337
0.0474193
0.0416325
0.0367041
0.0325243
0.0289915
0.0260075
0.0234825
0.0213312
0.0194925
0.0179056
0.0165206
0.0152963
0.0141996
0.0132045
0.0122912
0.0114444
0.0106531
0.00990913
0.00920677
0.00854207
0.00791235
0.00731581
0.00675121
0.0062176
0.00571419
0.00524014
0.00479453
0.00437623
0.00398394
0.00361611
0.00327097
0.00294638
0.00264066
0.00235132
0.00207585
0.00181185
0.00155717
0.00131021
0.00107046
0.000839242
0.000620631
0.00042238
0.000256199
0.000135423
6.78296e-05
1.08821e-06
0.00030453
0.408169
0.46753
0.512173
0.544027
0.564219
0.573974
0.574731
0.56805
0.555439
0.53828
0.517789
0.495011
0.470842
0.445688
0.419749
0.393463
0.367195
0.34123
0.315786
0.291027
0.267081
0.24405
0.222017
0.201052
0.181219
0.162574
0.145167
0.129039
0.11422
0.100726
0.0885556
0.0776876
0.0680803
0.0596698
0.0523207
0.046055
0.0407586
0.0362914
0.0325242
0.0293406
0.0266354
0.0243237
0.0223304
0.0205919
0.0190562
0.0176817
0.0164358
0.0152935
0.0142356
0.0132481
0.0123206
0.011446
0.010619
0.00983607
0.00909487
0.00839366
0.00773116
0.00710624
0.0065178
0.00596458
0.00544517
0.0049579
0.00450083
0.00407176
0.00366806
0.00328759
0.00292736
0.00258424
0.00225528
0.00193784
0.00162998
0.00133115
0.00104307
0.000770887
0.000524317
0.000317918
0.000168189
8.44337e-05
1.2311e-06
0.000381798
0.49143
0.552173
0.598747
0.631773
0.652103
0.660997
0.660062
0.65104
0.635611
0.615303
0.591454
0.565202
0.537445
0.508508
0.47885
0.44891
0.419049
0.389552
0.360644
0.332496
0.305248
0.279011
0.253881
0.229942
0.207272
0.185938
0.166004
0.147521
0.130528
0.115048
0.101084
0.0886144
0.0775934
0.0679463
0.0595388
0.0523543
0.0462941
0.0411891
0.0368881
0.0332566
0.0301749
0.0275418
0.0252724
0.0232938
0.0215468
0.019984
0.0185685
0.0172716
0.0160717
0.0149527
0.0139027
0.0129135
0.0119788
0.0110947
0.0102583
0.00946736
0.00872041
0.00801603
0.00735287
0.00672945
0.00614409
0.00559487
0.00507957
0.0045957
0.00414029
0.00371091
0.00330421
0.00291668
0.00254502
0.00218628
0.00183834
0.00150065
0.00117525
0.000868029
0.000589996
0.000357575
0.000189272
9.51885e-05
8.66159e-06
0.000434673
0.567294
0.628448
0.675382
0.708056
0.727279
0.734418
0.73123
0.719597
0.701319
0.678025
0.651126
0.621806
0.590856
0.558709
0.525922
0.492939
0.460118
0.427739
0.396025
0.36515
0.335257
0.306464
0.278873
0.252579
0.227667
0.204214
0.182291
0.161959
0.143262
0.126228
0.11086
0.0971385
0.0850126
0.0744001
0.0651709
0.0572675
0.0506088
0.0450032
0.0402832
0.0362997
0.0329213
0.0300354
0.0275484
0.0253805
0.0234669
0.0217558
0.0202067
0.0187886
0.0174775
0.0162559
0.0151107
0.0140326
0.0130149
0.0120529
0.0111434
0.0102838
0.00947243
0.00870753
0.00798755
0.00731079
0.00667536
0.00607912
0.00551961
0.0049941
0.0044994
0.00403279
0.00359067
0.00316925
0.00276496
0.00237465
0.00199607
0.00162871
0.00127485
0.00094099
0.000639158
0.000387176
0.000205029
0.000103302
1.56336e-05
0.000476245
0.640936
0.701714
0.747815
0.778971
0.796115
0.800769
0.794831
0.780293
0.759041
0.732765
0.70292
0.670691
0.636709
0.601626
0.566009
0.530302
0.494857
0.459947
0.425789
0.392556
0.360391
0.329414
0.299733
0.271447
0.244646
0.219416
0.195831
0.173957
0.153844
0.13552
0.11899
0.104232
0.0911914
0.0797808
0.0698728
0.0613734
0.0542154
0.0481912
0.04312
0.038841
0.0352128
0.0321136
0.0294429
0.0271148
0.0250601
0.0232235
0.0215616
0.020041
0.0186364
0.0173286
0.0161037
0.0149514
0.0138647
0.0128382
0.0118682
0.0109521
0.0100877
0.00927317
0.00850664
0.00778623
0.00710987
0.00647518
0.00587954
0.00531999
0.00479315
0.00429604
0.00382487
0.00337563
0.00294454
0.00252827
0.0021245
0.00173275
0.00135556
0.000999937
0.000678745
0.00041095
0.000217703
0.000109901
2.19861e-05
0.000511282
0.714975
0.774461
0.818603
0.847187
0.861385
0.862898
0.853752
0.836018
0.811637
0.782332
0.749565
0.714404
0.677526
0.639669
0.601405
0.563173
0.525314
0.488095
0.451725
0.416374
0.382181
0.349268
0.317745
0.287713
0.259266
0.232493
0.207472
0.184272
0.162943
0.143515
0.125992
0.110349
0.0965283
0.0844372
0.0739491
0.0649403
0.0573518
0.0509651
0.0455889
0.0410525
0.0372059
0.0339199
0.0310876
0.0286186
0.0264396
0.0244924
0.0227311
0.0211205
0.0196336
0.0182504
0.0169558
0.015739
0.0145923
0.0135099
0.0124878
0.0115231
0.0106131
0.00975602
0.00894966
0.00819196
0.00748064
0.00681316
0.00618669
0.00559808
0.00504379
0.00452062
0.00402461
0.00355154
0.00309747
0.00265894
0.00223356
0.00182093
0.00142379
0.00104962
0.000712008
0.000430877
0.000228347
0.000115512
2.79484e-05
0.000542032
0.790869
0.847941
0.888965
0.913961
0.924403
0.922173
0.9094
0.888205
0.860549
0.828157
0.792453
0.754322
0.714629
0.67411
0.633328
0.592711
0.55259
0.513221
0.474806
0.437509
0.401467
0.3668
0.333618
0.302023
0.272111
0.243972
0.217686
0.193322
0.170931
0.150541
0.132154
0.115742
0.101243
0.0885609
0.0775666
0.0681157
0.060148
0.0534407
0.0477939
0.0430282
0.0389863
0.0355325
0.0325549
0.0299587
0.0276674
0.0256201
0.023769
0.022077
0.0205161
0.0190649
0.0177078
0.0164332
0.0152329
0.0141008
0.0130324
0.0120245
0.0110744
0.0101798
0.00933837
0.0085479
0.00780589
0.00710963
0.0064561
0.005842
0.00526362
0.00471755
0.00419968
0.00370564
0.00323132
0.00277317
0.00232877
0.00189775
0.00148309
0.00109268
0.000740742
0.000448052
0.000237542
0.000120427
3.36404e-05
0.000569734
0.869356
0.922691
0.959394
0.979813
0.985746
0.979231
0.962467
0.937586
0.906537
0.871007
0.832251
0.791197
0.748766
0.705679
0.662484
0.619597
0.577334
0.535943
0.495615
0.456509
0.418759
0.382481
0.347786
0.314773
0.283541
0.254177
0.226764
0.201367
0.178036
0.156798
0.137652
0.120565
0.105471
0.092269
0.0808272
0.07099
0.0626831
0.0556887
0.0497984
0.0448255
0.0406061
0.0369994
0.0338887
0.0311758
0.0287814
0.026642
0.0247082
0.0229414
0.0213123
0.0197988
0.0183845
0.0170572
0.0158081
0.0146308
0.0135206
0.0124737
0.0114874
0.010559
0.00968611
0.00886625
0.00809676
0.00737474
0.00669701
0.00606009
0.00546014
0.00489356
0.0043561
0.00384324
0.00335074
0.00287497
0.00241348
0.00196596
0.00153562
0.00113071
0.000766052
0.00046315
0.000245645
0.000124823
3.9132e-05
0.000595144
0.950618
0.99874
1.02991
1.04481
1.04556
1.0343
1.01324
0.984512
0.949992
0.91126
0.869395
0.82547
0.78038
0.734817
0.689309
0.644255
0.599958
0.556653
0.514526
0.473727
0.434387
0.396621
0.360533
0.326226
0.293794
0.263326
0.234899
0.208579
0.184413
0.162423
0.142604
0.12492
0.1093
0.0956391
0.0837997
0.0736211
0.0650091
0.0577554
0.051644
0.0464818
0.0420996
0.0383519
0.035118
0.0322968
0.0298062
0.0275811
0.0255701
0.0237336
0.0220411
0.0204697
0.0190022
0.0176261
0.016332
0.0151131
0.0139644
0.0128818
0.0118624
0.0109032
0.0100017
0.00915508
0.00836061
0.00761519
0.00691549
0.00625786
0.00563833
0.00505311
0.00449784
0.00396785
0.0034588
0.00296698
0.00248992
0.00202741
0.00158283
0.0011648
0.00078867
0.000476617
0.000252895
0.000128819
4.44687e-05
0.000618758
1.03434
1.0757
1.10016
1.10872
1.10371
1.08734
1.06179
1.02911
0.991084
0.949029
0.90411
0.857395
0.809738
0.7618
0.71408
0.66696
0.620731
0.575615
0.531791
0.489405
0.448581
0.409431
0.37206
0.336565
0.303039
0.271569
0.242229
0.215081
0.190169
0.167509
0.147094
0.128881
0.112795
0.0987256
0.086532
0.0760493
0.067162
0.059673
0.0533595
0.0480233
0.0434905
0.0396117
0.0362629
0.0333401
0.0307593
0.0284535
0.0263699
0.0244677
0.0227155
0.0210897
0.0195725
0.0181507
0.0168145
0.0155569
0.0143724
0.0132568
0.0122067
0.0112191
0.0102912
0.00941999
0.00860257
0.00783567
0.0071158
0.00643916
0.00580165
0.00519931
0.00462766
0.00408191
0.00355762
0.00305103
0.00255965
0.00208335
0.00162571
0.00119568
0.000809109
0.000488768
0.000259457
0.000132498
4.96815e-05
0.000640922
1.11974
1.15285
1.16956
1.17108
1.15989
1.13817
1.10802
1.07137
1.02975
0.984397
0.936515
0.887117
0.837006
0.786801
0.736978
0.687897
0.639836
0.59301
0.547588
0.503712
0.461502
0.421068
0.38251
0.345923
0.311399
0.279018
0.248854
0.220963
0.195383
0.172128
0.151182
0.1325
0.116
0.101568
0.0890585
0.078304
0.069168
0.0614646
0.0549658
0.0494688
0.0447959
0.0407946
0.0373377
0.0343192
0.0316531
0.0292708
0.0271183
0.0251538
0.0233451
0.0216678
0.0201035
0.0186385
0.0172628
0.0159688
0.0147508
0.0136043
0.0125256
0.0115116
0.0105591
0.00966507
0.00882637
0.00803957
0.00730102
0.00660678
0.00595263
0.00533442
0.00474757
0.0041872
0.00364878
0.00312847
0.00262381
0.00213473
0.001665
0.00122391
0.000827743
0.000499829
0.000265453
0.000135918
5.47927e-05
0.000661882
1.20563
1.22917
1.2373
1.23129
1.21366
1.18651
1.15177
1.11115
1.06591
1.01737
0.966662
0.914718
0.862282
0.809935
0.758124
0.707193
0.657405
0.608968
0.562045
0.516774
0.473272
0.431645
0.391991
0.354402
0.318966
0.28576
0.254852
0.226293
0.200117
0.176332
0.154916
0.135818
0.118951
0.104196
0.0914054
0.0804072
0.0710466
0.0631477
0.0564783
0.0508322
0.0460287
0.0419122
0.0383534
0.0352441
0.0324968
0.0300416
0.0278235
0.0257996
0.0239369
0.0222104
0.0206014
0.0190955
0.0176823
0.0163538
0.0151042
0.0139286
0.012823
0.0117842
0.0108087
0.00989338
0.00903481
0.00822945
0.00747348
0.00676282
0.00609314
0.00546013
0.0048591
0.00428508
0.00373344
0.00320032
0.00268324
0.00218224
0.00170126
0.0012499
0.000844855
0.000509975
0.000270974
0.000139125
5.98187e-05
0.000681825
1.29047
1.30344
1.30245
1.28867
1.26456
1.23202
1.19279
1.14817
1.09948
1.04793
0.994568
0.940239
0.885629
0.831277
0.777604
0.724938
0.673532
0.623585
0.575258
0.528686
0.483981
0.44125
0.400586
0.36208
0.325813
0.291859
0.260281
0.231126
0.20442
0.180164
0.158332
0.138866
0.121675
0.106634
0.0935927
0.0823761
0.0728131
0.0647357
0.0579091
0.0521245
0.0471985
0.0429735
0.0393181
0.0361224
0.0332977
0.0307727
0.0284916
0.0264107
0.0244963
0.0227229
0.0210709
0.0195259
0.018077
0.0167158
0.0154361
0.0142329
0.013102
0.0120398
0.0110427
0.0101073
0.00923005
0.00840726
0.00763495
0.00690891
0.00622466
0.00557776
0.00496342
0.00437656
0.00381251
0.00326734
0.00273861
0.00222642
0.00173491
0.00127396
0.000860663
0.000519338
0.000276091
0.000142152
6.4772e-05
0.000700891
1.37249
1.37432
1.36402
1.34251
1.31208
1.27437
1.23069
1.18227
1.13036
1.07604
1.02023
0.963704
0.907085
0.850878
0.795478
0.741199
0.688286
0.636934
0.587301
0.53952
0.493703
0.449954
0.408363
0.369019
0.331998
0.29737
0.265193
0.235505
0.208328
0.183657
0.161459
0.14167
0.124193
0.1089
0.0956364
0.0842244
0.0744797
0.0662392
0.0592675
0.053354
0.0483132
0.0439857
0.0402384
0.0369602
0.0340612
0.0314693
0.0291276
0.0269918
0.0250277
0.023209
0.0215159
0.0199334
0.0184502
0.0170577
0.0157494
0.01452
0.013365
0.0122806
0.011263
0.0103086
0.0094138
0.00857458
0.00778687
0.00704632
0.00634834
0.00568835
0.00506144
0.00446248
0.0038867
0.00333017
0.00279044
0.00226771
0.0017663
0.00129634
0.00087534
0.000528024
0.000280859
0.000145028
6.96619e-05
0.00071919
1.44984
1.44048
1.42106
1.39215
1.35575
1.31307
1.2652
1.21332
1.15849
1.10166
1.04365
0.985126
0.92668
0.868777
0.811792
0.756027
0.701723
0.649072
0.598233
0.549336
0.502496
0.457812
0.415376
0.375271
0.33757
0.302338
0.269625
0.239467
0.211875
0.18684
0.164322
0.14425
0.126524
0.11101
0.0975496
0.0859628
0.0760564
0.0676667
0.0605611
0.0545275
0.0493787
0.0449542
0.0411194
0.0377622
0.0347919
0.0321354
0.0297353
0.0275466
0.0255344
0.023672
0.0219392
0.0203206
0.0188045
0.0173821
0.0160464
0.0147919
0.0136139
0.0125083
0.0114713
0.010499
0.00958743
0.00873265
0.00793036
0.00717608
0.00646511
0.00579271
0.00515391
0.00454347
0.00395659
0.00338929
0.00283914
0.00230645
0.00179569
0.00131726
0.000889028
0.00053612
0.000285325
0.000147773
7.44957e-05
0.000736811
1.52071
1.50066
1.47271
1.43699
1.39505
1.34775
1.29615
1.24121
1.18382
1.12479
1.06481
1.00452
0.944439
0.885006
0.826584
0.769465
0.713888
0.660048
0.608102
0.558184
0.510408
0.464873
0.421671
0.380879
0.342569
0.306799
0.273614
0.243041
0.215088
0.189737
0.166941
0.146625
0.128683
0.112976
0.099343
0.0876007
0.0775511
0.0690251
0.0617961
0.0556504
0.0504002
0.0458837
0.0419653
0.0385324
0.0354933
0.0327746
0.0303179
0.0280779
0.0260191
0.0241145
0.0223434
0.0206899
0.0191421
0.0176908
0.0163287
0.0150502
0.0138502
0.0127245
0.0116689
0.0106795
0.00975205
0.00888248
0.00806634
0.00729903
0.00657572
0.00589155
0.00524144
0.0046201
0.00402265
0.00344511
0.00288507
0.00234292
0.0018233
0.00133688
0.00090184
0.000543695
0.000289525
0.000150405
7.92787e-05
0.000753823
1.58355
1.55382
1.51826
1.47645
1.42949
1.37821
1.32343
1.26589
1.20632
1.1454
1.08374
1.02191
0.960387
0.899597
0.839888
0.78155
0.724822
0.669901
0.61695
0.566104
0.51748
0.471178
0.427286
0.385881
0.347029
0.310785
0.277186
0.246255
0.21799
0.192367
0.169335
0.14881
0.130682
0.114809
0.101026
0.0891465
0.0789702
0.0703202
0.0629775
0.0567275
0.0513817
0.0467778
0.0427795
0.0392738
0.0361685
0.0333894
0.030878
0.0285882
0.0264843
0.0245387
0.0227304
0.0210431
0.0194646
0.0179854
0.0165981
0.0152964
0.0140754
0.0129303
0.011857
0.0108512
0.0099086
0.00902492
0.00819559
0.00741586
0.0066808
0.00598541
0.00532453
0.00469279
0.00408528
0.00349797
0.00292851
0.00237736
0.00184933
0.00135534
0.000913872
0.000550808
0.000293489
0.000152939
8.40153e-05
0.000770285
1.63718
1.59921
1.55714
1.51001
1.4589
1.40437
1.34699
1.28734
1.22599
1.16351
1.10045
1.03731
0.974552
0.91258
0.851737
0.792316
0.734558
0.678668
0.624813
0.573134
0.523749
0.47676
0.432255
0.390308
0.350981
0.314324
0.280369
0.24913
0.220601
0.19475
0.171518
0.150818
0.132533
0.116519
0.102607
0.0906071
0.080319
0.0715568
0.0641096
0.0577624
0.0523266
0.0476397
0.043565
0.0399892
0.0368198
0.0339823
0.0314177
0.0290796
0.0269318
0.0249463
0.0231018
0.0213818
0.0197736
0.0182675
0.0168556
0.0155317
0.0142903
0.0131267
0.0120364
0.0110149
0.0100578
0.00916068
0.00831875
0.00752716
0.00678088
0.00607477
0.00540359
0.00476192
0.00414479
0.00354816
0.0029697
0.00240997
0.00187394
0.00137275
0.000925205
0.000557506
0.000297244
0.000155385
8.87084e-05
0.000786243
1.68086
1.63631
1.58882
1.53754
1.48323
1.42622
1.36687
1.3056
1.24287
1.17917
1.11497
1.05076
0.98697
0.92399
0.862166
0.801796
0.743132
0.686384
0.631726
0.579307
0.529248
0.481653
0.436609
0.39419
0.354452
0.317442
0.283184
0.251688
0.222939
0.196899
0.173504
0.15266
0.134246
0.118114
0.104092
0.0919885
0.0816022
0.072739
0.065196
0.0587584
0.0532378
0.048472
0.044324
0.0406808
0.0374494
0.0345552
0.0319389
0.0295537
0.0273631
0.0253389
0.0234592
0.0217073
0.0200703
0.018538
0.0171024
0.015757
0.0144961
0.0133146
0.0122079
0.0111714
0.0102004
0.00929035
0.00843636
0.00763343
0.00687639
0.00616003
0.005479
0.00482781
0.00420146
0.0035959
0.00300884
0.00244091
0.00189724
0.00138921
0.000935906
0.000563833
0.000300811
0.000157755
9.33604e-05
0.000801737
1.71431
1.66476
1.61335
1.55912
1.50258
1.44384
1.38312
1.32073
1.25702
1.19242
1.12737
1.06231
0.997681
0.933862
0.871209
0.810026
0.750576
0.693079
0.637721
0.584654
0.534007
0.485885
0.440377
0.397552
0.357467
0.32016
0.285652
0.253946
0.22502
0.19883
0.175305
0.154347
0.13583
0.119601
0.105487
0.093296
0.0828238
0.0738707
0.06624
0.0597182
0.0541177
0.0492768
0.0450587
0.0413503
0.0380589
0.0351097
0.032443
0.0300119
0.0277796
0.0257176
0.0238036
0.0220207
0.0203557
0.018798
0.0173395
0.0159732
0.0146933
0.0134946
0.0123722
0.0113212
0.0103369
0.00941445
0.00854888
0.00773507
0.00696773
0.00624153
0.00555105
0.00489073
0.00425554
0.00364142
0.00304611
0.00247033
0.00191937
0.00140482
0.000946035
0.000569823
0.000304209
0.000160056
9.79727e-05
0.000816801
1.73751
1.68484
1.63099
1.57498
1.51713
1.4574
1.3959
1.33284
1.26853
1.20334
1.13769
1.07201
1.00673
0.94224
0.878904
0.81704
0.756923
0.698787
0.642827
0.589205
0.538054
0.489484
0.443583
0.40042
0.360047
0.3225
0.287793
0.255921
0.226859
0.200555
0.176933
0.155888
0.137292
0.120988
0.1068
0.0945341
0.0839876
0.0749551
0.0672442
0.0606442
0.0549685
0.0500561
0.0457706
0.0419995
0.0386499
0.0356471
0.0329314
0.0304555
0.0281825
0.0260835
0.0241362
0.0223231
0.0206307
0.0190483
0.0175675
0.016181
0.0148828
0.0136675
0.0125298
0.0114649
0.0104678
0.0095334
0.00865672
0.00783245
0.00705522
0.00631957
0.00562
0.00495091
0.00430723
0.00368488
0.00308165
0.00249835
0.00194041
0.00141963
0.00095564
0.000575507
0.000307453
0.000162296
0.000102547
0.000831463
1.75122
1.69713
1.64217
1.58546
1.52715
1.46711
1.40536
1.34207
1.27751
1.21202
1.14602
1.07992
1.01417
0.949167
0.88529
0.822873
0.762207
0.703539
0.647076
0.592989
0.541418
0.492475
0.446252
0.402815
0.362214
0.32448
0.289622
0.25763
0.22847
0.202087
0.178397
0.157293
0.138639
0.122279
0.108033
0.095707
0.0850967
0.0759952
0.0682111
0.0615385
0.055792
0.0508115
0.0464614
0.0426296
0.0392236
0.0361687
0.0334051
0.0308855
0.0285728
0.0264377
0.0244577
0.022615
0.020896
0.0192896
0.0177871
0.016381
0.0150651
0.0138337
0.0126813
0.011603
0.0105934
0.0096476
0.00876022
0.00792589
0.00713914
0.0063944
0.00568609
0.00500856
0.0043567
0.00372645
0.00311561
0.00252509
0.00196046
0.00143373
0.000964768
0.000580912
0.000310557
0.00016448
0.000107082
0.000845746
1.75634
1.70234
1.64746
1.591
1.53299
1.47322
1.41171
1.34858
1.28409
1.21857
1.15243
1.08611
1.02006
0.954692
0.890411
0.827565
0.766463
0.707366
0.650496
0.596033
0.544123
0.494884
0.448407
0.40476
0.363988
0.326119
0.291157
0.259085
0.229866
0.203436
0.179708
0.158568
0.13988
0.123481
0.109193
0.0968185
0.0861544
0.0769934
0.0691428
0.0624028
0.0565897
0.0515444
0.0471323
0.0432419
0.0397811
0.0366754
0.0338652
0.0313029
0.0289512
0.0267809
0.0247689
0.0228974
0.0211524
0.0195226
0.017999
0.0165739
0.0152407
0.0139937
0.0128271
0.0117357
0.0107143
0.00975738
0.00885967
0.00801566
0.00721974
0.00646624
0.00574951
0.00506385
0.00440412
0.00376625
0.00314809
0.00255063
0.00197958
0.00144715
0.000973455
0.000586061
0.000313534
0.000166612
0.00011158
0.000859671
1.75393
1.70126
1.64747
1.59207
1.535
1.47603
1.41518
1.35255
1.2884
1.22308
1.15701
1.09065
1.02445
0.958867
0.89431
0.831154
0.769725
0.710302
0.653118
0.598365
0.546197
0.496734
0.450071
0.406274
0.365388
0.327434
0.292412
0.260302
0.231058
0.204613
0.180874
0.159723
0.141019
0.1246
0.110283
0.0978722
0.0871638
0.0779516
0.0700411
0.0632389
0.057363
0.052256
0.0477843
0.0438373
0.0403233
0.0371682
0.0343124
0.0317083
0.0293186
0.0271137
0.0250705
0.0231709
0.0214005
0.0197478
0.0182036
0.0167599
0.0154101
0.0141478
0.0129675
0.0118636
0.0108306
0.00986301
0.00895536
0.008102
0.00729723
0.0065353
0.00581044
0.00511694
0.00444962
0.0038044
0.00317919
0.00257506
0.00199785
0.00145996
0.000981736
0.000590975
0.000316394
0.000168698
0.00011604
0.000873255
1.74505
1.69471
1.64284
1.58917
1.53357
1.47584
1.41599
1.35415
1.29059
1.22568
1.15986
1.09362
1.02742
0.961746
0.897035
0.833681
0.772031
0.712379
0.654972
0.600013
0.547664
0.49805
0.451266
0.407379
0.366431
0.328441
0.293404
0.261293
0.232059
0.205628
0.181903
0.160763
0.142064
0.12564
0.111307
0.0988712
0.0881275
0.0788717
0.0709078
0.0640482
0.0581132
0.0529474
0.0484185
0.0444167
0.0408511
0.0376478
0.0347475
0.0321026
0.0296756
0.0274369
0.0253631
0.0234359
0.0216406
0.0199657
0.0184014
0.0169397
0.0155735
0.0142966
0.013103
0.0119868
0.0109427
0.00996477
0.00904751
0.00818513
0.00737182
0.00660173
0.00586904
0.00516797
0.00449332
0.00384102
0.00320901
0.00259845
0.00201532
0.0014722
0.00098964
0.000595671
0.000319145
0.000170741
0.000120461
0.000886513
1.73074
1.6835
1.6342
1.58278
1.52909
1.47295
1.41439
1.35358
1.29081
1.22649
1.16108
1.09509
1.02902
0.963384
0.898633
0.835189
0.773417
0.71363
0.656089
0.601006
0.548551
0.498854
0.452013
0.408094
0.367137
0.329157
0.294145
0.262071
0.232879
0.206491
0.182805
0.161697
0.143019
0.126605
0.11227
0.0998187
0.0890481
0.0797555
0.0717445
0.0648319
0.0588415
0.0536197
0.0490358
0.044981
0.0413652
0.0381149
0.035171
0.0324862
0.0300227
0.0277509
0.0256471
0.0236929
0.0218734
0.0201766
0.0185927
0.0171134
0.0157315
0.0144403
0.0132337
0.0121058
0.0110508
0.0100629
0.00913632
0.00826522
0.00744366
0.0066657
0.00592544
0.00521706
0.00453533
0.00387619
0.00323763
0.00262087
0.00203205
0.0014839
0.000997196
0.000600165
0.000321796
0.000172743
0.000124843
0.000899458
1.71196
1.66839
1.62215
1.57339
1.52193
1.46765
1.41061
1.35102
1.28922
1.22563
1.16076
1.09515
1.02933
0.963839
0.899154
0.83572
0.773922
0.71409
0.656498
0.60137
0.548883
0.499171
0.452333
0.408438
0.367521
0.329597
0.294651
0.262648
0.233528
0.20721
0.183586
0.16253
0.143891
0.1275
0.113175
0.100718
0.0899278
0.0806044
0.0725527
0.0655912
0.0595486
0.0542736
0.0496368
0.0455307
0.0418661
0.0385701
0.0355837
0.0328597
0.0303605
0.0280562
0.0259231
0.0239424
0.0220991
0.020381
0.018778
0.0172816
0.0158842
0.0145791
0.0133599
0.0122206
0.0111551
0.0101575
0.00922199
0.00834246
0.00751292
0.00672735
0.00597977
0.00526431
0.00457574
0.00391001
0.00326511
0.00264238
0.00204808
0.00149511
0.00100442
0.000604472
0.000324355
0.000174708
0.000129184
0.000912102
1.68961
1.65009
1.60727
1.56146
1.51246
1.46023
1.40488
1.34666
1.28595
1.22322
1.15901
1.09388
1.02842
0.963169
0.898648
0.835318
0.773584
0.713793
0.656232
0.601135
0.548685
0.499023
0.452249
0.40843
0.367602
0.329776
0.294934
0.263036
0.234019
0.207795
0.184255
0.163268
0.144684
0.12833
0.114024
0.10157
0.0907688
0.0814205
0.0733334
0.0663271
0.0602357
0.0549098
0.0502222
0.0460666
0.0423545
0.0390138
0.0359858
0.0332236
0.0306893
0.0283532
0.0261913
0.0241848
0.0223182
0.0205792
0.0189576
0.0174444
0.016032
0.0147133
0.0134819
0.0123315
0.0112558
0.0102489
0.00930468
0.00841699
0.00757973
0.0067868
0.00603213
0.00530984
0.00461465
0.00394253
0.00329152
0.00266304
0.00206345
0.00150584
0.00101135
0.000608605
0.000326827
0.000176638
0.000133484
0.000924454
1.66447
1.62924
1.59007
1.54738
1.50101
1.45097
1.39742
1.34067
1.28115
1.21937
1.15591
1.09136
1.02634
0.961433
0.897165
0.834027
0.772443
0.712775
0.655322
0.600328
0.547984
0.498434
0.45178
0.408089
0.367397
0.32971
0.295008
0.263247
0.234359
0.208254
0.184818
0.163919
0.145403
0.129099
0.114823
0.10238
0.0915732
0.0822054
0.0740873
0.0670408
0.0609034
0.0555292
0.0507927
0.0465891
0.0428309
0.0394466
0.036378
0.0335782
0.0310096
0.0286423
0.0264523
0.0244203
0.0225309
0.0207716
0.0191316
0.0176021
0.016175
0.0148432
0.0135999
0.0124387
0.0113532
0.0103372
0.00938453
0.00848894
0.00764421
0.00684415
0.00608263
0.00535372
0.00465214
0.00397384
0.00331692
0.00268288
0.00207821
0.00151613
0.00101799
0.000612574
0.000329218
0.000178533
0.000137741
0.000936522
1.63724
1.60642
1.57103
1.53156
1.48789
1.4401
1.38843
1.33322
1.27496
1.2142
1.15156
1.08767
1.02318
0.958688
0.894757
0.831893
0.770539
0.711071
0.6538
0.598979
0.546806
0.497427
0.450948
0.407435
0.366923
0.329414
0.294887
0.263293
0.234561
0.208596
0.185284
0.164488
0.146054
0.12981
0.115573
0.103149
0.0923427
0.0829606
0.0748156
0.0677329
0.0615524
0.0561322
0.0513488
0.0470986
0.0432956
0.0398688
0.0367604
0.0339239
0.0313217
0.0289238
0.0267061
0.0246493
0.0227376
0.0209582
0.0193004
0.0177549
0.0163136
0.014969
0.0137141
0.0125424
0.0114473
0.0104225
0.00946169
0.00855844
0.00770647
0.00689951
0.00613135
0.00539604
0.00468826
0.00400399
0.00334137
0.00270196
0.00209238
0.00152601
0.00102436
0.000616391
0.000331533
0.000180396
0.000141955
0.000948315
1.60855
1.58214
1.55056
1.51434
1.47339
1.42788
1.3781
1.32447
1.2675
1.20782
1.14606
1.08289
1.019
0.954994
0.891474
0.828961
0.767912
0.708716
0.651698
0.597117
0.545176
0.496026
0.449774
0.406487
0.366196
0.328904
0.294584
0.263185
0.234632
0.20883
0.185658
0.164981
0.146641
0.130467
0.116277
0.103879
0.0930794
0.0836874
0.0755194
0.0684038
0.0621836
0.0567195
0.0518908
0.0475957
0.0437491
0.0402808
0.0371336
0.0342611
0.031626
0.0291981
0.0269532
0.024872
0.0229384
0.0211395
0.0194643
0.0179032
0.0164479
0.0150907
0.0138246
0.0126427
0.0115384
0.010505
0.00953627
0.0086256
0.00776661
0.00695296
0.00617838
0.00543686
0.00472309
0.00403304
0.0033649
0.00272031
0.002106
0.0015355
0.00103048
0.000620063
0.000333776
0.000182228
0.000146123
0.000959838
1.57894
1.55687
1.52905
1.49601
1.45774
1.41449
1.3666
1.31455
1.2589
1.20032
1.13948
1.0771
1.01385
0.950408
0.887368
0.825275
0.764602
0.705749
0.64905
0.594771
0.543122
0.494255
0.44828
0.405263
0.365234
0.328193
0.294111
0.262934
0.234585
0.208963
0.185949
0.165403
0.147169
0.131075
0.116939
0.104573
0.0937848
0.0843873
0.0761999
0.0690544
0.062797
0.0572915
0.0524194
0.0480807
0.0441917
0.0406829
0.0374977
0.03459
0.0319226
0.0294653
0.0271938
0.0250887
0.0231337
0.0213156
0.0196233
0.0180469
0.016578
0.0152087
0.0139317
0.0127398
0.0116264
0.0105848
0.00960837
0.00869051
0.00782473
0.0070046
0.00622379
0.00547626
0.00475668
0.00406105
0.00338757
0.00273797
0.0021191
0.00154462
0.00103636
0.0006236
0.000335952
0.00018403
0.000150243
0.000971096
1.54888
1.53099
1.50681
1.47686
1.44119
1.40013
1.35409
1.3036
1.24927
1.19181
1.13192
1.07035
1.00781
0.944986
0.882489
0.820882
0.76065
0.702205
0.645887
0.591971
0.54067
0.492139
0.446488
0.403783
0.364054
0.327297
0.293482
0.262552
0.234427
0.209004
0.186162
0.16576
0.147641
0.131635
0.117561
0.105232
0.0944607
0.0850614
0.0768579
0.0696853
0.0633933
0.0578484
0.0529347
0.0485539
0.0446237
0.0410754
0.037853
0.0349109
0.0322118
0.0297256
0.0274281
0.0252995
0.0233235
0.0214867
0.0197777
0.0181864
0.0167042
0.015323
0.0140353
0.0128338
0.0117117
0.010662
0.00967811
0.00875327
0.0078809
0.00705449
0.00626765
0.0055143
0.0047891
0.00408804
0.0034094
0.00275498
0.0021317
0.00155339
0.00104202
0.000627009
0.000338063
0.000185801
0.000154315
0.000982096
1.51878
1.50484
1.48414
1.4571
1.42392
1.38496
1.3407
1.29173
1.23871
1.18237
1.12345
1.06273
1.00095
0.938784
0.876887
0.815826
0.756097
0.69812
0.642245
0.588748
0.537848
0.489702
0.44442
0.402067
0.362673
0.326232
0.292711
0.262051
0.234169
0.208962
0.186305
0.166058
0.148064
0.132153
0.118146
0.10586
0.0951085
0.0857111
0.0774945
0.0702974
0.063973
0.0583907
0.053437
0.0490156
0.0450452
0.0414584
0.0381998
0.0352239
0.0324938
0.0299794
0.0276563
0.0255047
0.0235082
0.021653
0.0199276
0.0183218
0.0168266
0.0154339
0.0141357
0.0129249
0.0117942
0.0107367
0.00974557
0.00881397
0.00793521
0.0071027
0.00631001
0.00555102
0.00482038
0.00411408
0.00343045
0.00277135
0.00214383
0.00156182
0.00104746
0.000630297
0.000340113
0.000187544
0.000158336
0.00099284
1.48897
1.47872
1.46125
1.43696
1.4061
1.36912
1.32657
1.27906
1.22731
1.17208
1.11415
1.05431
0.993307
0.931858
0.870612
0.810153
0.750984
0.693534
0.638156
0.585132
0.534683
0.486968
0.442097
0.400135
0.361108
0.325012
0.291811
0.261441
0.233821
0.208843
0.186384
0.166302
0.14844
0.132631
0.118697
0.106457
0.0957299
0.0863373
0.0781103
0.0708912
0.0645365
0.0589186
0.0539266
0.0494658
0.0454565
0.0418323
0.0385382
0.0355293
0.0327688
0.0302267
0.0278786
0.0257045
0.0236878
0.0218146
0.0200732
0.0184532
0.0169454
0.0155413
0.014233
0.013013
0.0118741
0.010809
0.00981084
0.00887267
0.00798771
0.0071493
0.00635094
0.00558649
0.00485057
0.0041392
0.00345074
0.00278712
0.0021555
0.00156994
0.00105269
0.000633469
0.000342104
0.000189258
0.000162305
0.00100333
1.45973
1.45285
1.43836
1.41658
1.38787
1.35274
1.31178
1.26568
1.21516
1.16103
1.10409
1.04514
0.984957
0.924261
0.863714
0.803908
0.745354
0.688484
0.633655
0.581155
0.531204
0.483964
0.439543
0.398006
0.359379
0.323654
0.290794
0.260735
0.233391
0.208656
0.186406
0.166497
0.148775
0.133072
0.119216
0.107026
0.0963261
0.0869412
0.0787063
0.0714674
0.0650843
0.0594326
0.0544037
0.0499049
0.0458578
0.0421971
0.0388684
0.0358272
0.033037
0.0304678
0.0280951
0.0258989
0.0238624
0.0219717
0.0202146
0.0185807
0.0170605
0.0156454
0.0143273
0.0130984
0.0119514
0.010879
0.00987398
0.00892945
0.00803847
0.00719434
0.00639049
0.00562074
0.00487971
0.00416343
0.0034703
0.00280232
0.00216674
0.00157775
0.00105774
0.000636531
0.00034404
0.000190943
0.00016622
0.00101358
1.43127
1.42742
1.4156
1.39609
1.36934
1.33592
1.29645
1.25167
1.20234
1.14928
1.09333
1.03529
0.975952
0.916046
0.856242
0.797138
0.739247
0.683007
0.628777
0.576848
0.52744
0.480715
0.436781
0.395701
0.357502
0.322173
0.289675
0.259943
0.23289
0.20841
0.186376
0.166648
0.149071
0.13348
0.119705
0.107569
0.0968985
0.0875238
0.0792832
0.0720264
0.0656168
0.0599329
0.0548686
0.050333
0.0462492
0.0425529
0.0391905
0.0361178
0.0332984
0.0307026
0.0283059
0.0260881
0.0240323
0.0221243
0.0203519
0.0187044
0.0171722
0.0157463
0.0144186
0.0131811
0.0120263
0.0109467
0.00993508
0.00898436
0.00808756
0.00723788
0.0064287
0.00565383
0.00490784
0.00418681
0.00348916
0.00281696
0.00217757
0.00158527
0.0010626
0.000639489
0.000345922
0.0001926
0.000170079
0.00102358
1.40375
1.40256
1.39311
1.37562
1.35062
1.31874
1.28065
1.2371
1.18891
1.13691
1.08194
1.02482
0.96635
0.907267
0.848246
0.789887
0.732707
0.677144
0.623559
0.572244
0.523421
0.477249
0.433835
0.393242
0.355495
0.320584
0.288467
0.259077
0.232327
0.208111
0.186302
0.16676
0.149333
0.133858
0.120166
0.108086
0.0974484
0.088086
0.0798416
0.0725688
0.0661344
0.0604199
0.0553214
0.0507503
0.0466309
0.0429
0.0395046
0.036401
0.0335532
0.0309314
0.0285112
0.0262722
0.0241975
0.0222726
0.0204853
0.0188245
0.0172805
0.0158442
0.0145071
0.0132612
0.0120988
0.0110122
0.00999419
0.00903748
0.00813502
0.00727996
0.00646563
0.00568578
0.004935
0.00420937
0.00350735
0.00283108
0.00218799
0.00159252
0.00106728
0.000642347
0.000347752
0.000194229
0.00017388
0.00103333
1.37726
1.37836
1.37095
1.35521
1.33176
1.30127
1.26443
1.22205
1.17495
1.12397
1.06997
1.01379
0.956206
0.897975
0.839774
0.782203
0.725778
0.670934
0.618035
0.567377
0.519176
0.473591
0.430729
0.390648
0.353379
0.318905
0.287184
0.258149
0.231712
0.207767
0.186189
0.166838
0.149564
0.134207
0.120602
0.108581
0.0979769
0.0886286
0.0803822
0.0730951
0.0666375
0.0608937
0.0557625
0.0511569
0.047003
0.0432383
0.0398108
0.0366771
0.0338015
0.0311542
0.028711
0.0264513
0.024358
0.0224167
0.0206148
0.0189411
0.0173855
0.015939
0.0145928
0.0133388
0.0121689
0.0110756
0.0100514
0.00908884
0.0081809
0.00732063
0.0065013
0.00571663
0.00496122
0.00423113
0.00352488
0.00284468
0.00219804
0.00159949
0.0010718
0.000645109
0.000349531
0.000195828
0.000177621
0.00104285
1.35186
1.35488
1.34918
1.33493
1.31283
1.28356
1.24787
1.20657
1.1605
1.11052
1.05749
1.00224
0.945574
0.888222
0.830876
0.774132
0.718502
0.664418
0.612244
0.562281
0.514738
0.469772
0.427488
0.387946
0.351171
0.317149
0.285837
0.257168
0.231053
0.207386
0.186044
0.166887
0.149769
0.134532
0.121015
0.109053
0.0984851
0.0891525
0.0809056
0.0736057
0.0671262
0.0613546
0.0561919
0.0515531
0.0473656
0.0435681
0.0401092
0.0369461
0.0340433
0.0313712
0.0289054
0.0266254
0.0245141
0.0225567
0.0207405
0.0190541
0.0174874
0.0160309
0.0146759
0.0134139
0.0122368
0.011137
0.0101067
0.00913851
0.00822526
0.00735993
0.00653575
0.00574643
0.00498652
0.00425213
0.00354179
0.00285779
0.00220772
0.00160622
0.00107615
0.000647778
0.000351262
0.000197399
0.0001813
0.00105212
1.32755
1.33211
1.32781
1.31479
1.29384
1.26565
1.231
1.19071
1.14563
1.09662
1.04455
0.990252
0.934508
0.878059
0.821604
0.765724
0.710927
0.657646
0.60624
0.557001
0.510142
0.465818
0.424134
0.385149
0.348885
0.315328
0.284435
0.25614
0.230354
0.206972
0.185869
0.166911
0.14995
0.134834
0.121406
0.109505
0.0989742
0.0896584
0.0814124
0.074101
0.067601
0.0618028
0.0566098
0.0519388
0.0477188
0.0438894
0.0403999
0.0372082
0.0342787
0.0315824
0.0290945
0.0267948
0.0246658
0.0226926
0.0208624
0.0191637
0.0175861
0.0161199
0.0147563
0.0134865
0.0123025
0.0111963
0.0101601
0.00918652
0.00826812
0.0073979
0.00656903
0.00577519
0.00501094
0.00427238
0.00355809
0.00287042
0.00221704
0.00161269
0.00108035
0.000650359
0.000352946
0.000198941
0.000184915
0.00106116
1.3043
1.31002
1.30682
1.2948
1.27481
1.24756
1.21385
1.1745
1.13037
1.08232
1.03121
0.977866
0.923075
0.86757
0.812033
0.757045
0.703112
0.650661
0.600048
0.55156
0.505409
0.461748
0.420683
0.38227
0.34653
0.31345
0.282987
0.255073
0.229622
0.206528
0.185669
0.166911
0.15011
0.135116
0.121777
0.109939
0.099445
0.0901471
0.0819031
0.0745813
0.0680621
0.0622385
0.0570163
0.0523143
0.0480626
0.0442022
0.040683
0.0374632
0.0345079
0.0317878
0.0292784
0.0269593
0.024813
0.0228245
0.0209807
0.01927
0.0176817
0.0162061
0.0148341
0.0135568
0.0123661
0.0112537
0.0102118
0.00923293
0.00830953
0.00743457
0.00660117
0.00580296
0.0050345
0.00429191
0.00357381
0.00288259
0.00222602
0.00161893
0.00108439
0.000652854
0.000354583
0.000200453
0.000188465
0.00106995
1.28204
1.28856
1.28616
1.27493
1.25574
1.22933
1.19648
1.15802
1.11481
1.0677
1.01754
0.965163
0.911339
0.856796
0.802201
0.74813
0.695086
0.64349
0.593694
0.54598
0.500557
0.45758
0.417149
0.379322
0.344119
0.311526
0.2815
0.253974
0.228862
0.206059
0.185446
0.166891
0.150252
0.135381
0.122131
0.110354
0.0998985
0.0906193
0.0823781
0.0750472
0.0685098
0.0626619
0.0574116
0.0526795
0.0483972
0.0445066
0.0409585
0.0377115
0.0347308
0.0319875
0.0294572
0.0271192
0.024956
0.0229525
0.0210955
0.019373
0.0177743
0.0162896
0.0149094
0.0136249
0.0124275
0.0113091
0.0102618
0.00927776
0.00834953
0.00746998
0.00663218
0.00582975
0.00505722
0.00431074
0.00358895
0.00289432
0.00223468
0.00162494
0.00108829
0.000655267
0.000356175
0.000201935
0.000191947
0.00107852
1.2607
1.26769
1.26582
1.25519
1.23667
1.21099
1.17892
1.1413
1.09898
1.05279
1.00359
0.952184
0.89934
0.845775
0.792141
0.739011
0.686878
0.63616
0.587203
0.540283
0.495608
0.453329
0.413548
0.376319
0.341663
0.309565
0.279982
0.252848
0.228079
0.20557
0.185204
0.166852
0.150375
0.135629
0.122468
0.110752
0.100335
0.0910754
0.082838
0.0754987
0.0689442
0.0630731
0.0577958
0.0530346
0.0487227
0.0448027
0.0412264
0.0379528
0.0349476
0.0321817
0.0296308
0.0272744
0.0250948
0.0230767
0.0212067
0.0194728
0.017864
0.0163704
0.0149822
0.0136906
0.0124869
0.0113627
0.0103101
0.00932105
0.00838815
0.00750416
0.00666211
0.00585559
0.00507913
0.00432889
0.00360354
0.00290561
0.00224301
0.00163073
0.00109205
0.000657598
0.000357723
0.000203386
0.000195359
0.00108684
1.2402
1.24736
1.24581
1.2356
1.21762
1.19256
1.16122
1.1244
1.08293
1.03766
0.989404
0.938971
0.887117
0.834543
0.78189
0.72972
0.678519
0.628699
0.580599
0.53449
0.490579
0.449014
0.409894
0.373275
0.339173
0.307576
0.278441
0.251704
0.227279
0.205065
0.184947
0.166798
0.150483
0.135862
0.12279
0.111135
0.100757
0.0915162
0.0832831
0.0759363
0.0693657
0.0634723
0.058169
0.0533797
0.049039
0.0450906
0.0414869
0.0381874
0.0351581
0.0323702
0.0297994
0.0274251
0.0252294
0.023197
0.0213144
0.0195694
0.0179508
0.0164485
0.0150527
0.0137542
0.0125443
0.0114145
0.0103567
0.00936285
0.00842543
0.00753713
0.00669098
0.0058805
0.00510025
0.00434637
0.00361759
0.00291648
0.00225102
0.0016363
0.00109568
0.000659852
0.000359227
0.000204807
0.0001987
0.00109494
1.22046
1.22753
1.22609
1.21615
1.19859
1.17408
1.1434
1.10733
1.0667
1.02232
0.975016
0.925564
0.874709
0.823139
0.771482
0.720289
0.670038
0.621132
0.573906
0.528625
0.485491
0.444652
0.406203
0.370201
0.336661
0.30557
0.276886
0.250546
0.226466
0.204548
0.184677
0.166731
0.150578
0.13608
0.123098
0.111503
0.101163
0.091942
0.0837137
0.0763602
0.0697742
0.0638596
0.0585312
0.0537148
0.0493462
0.0453702
0.0417399
0.0384153
0.0353626
0.0325533
0.029963
0.0275711
0.0253598
0.0233136
0.0214187
0.0196629
0.0180348
0.016524
0.0151207
0.0138156
0.0125997
0.0114645
0.0104016
0.00940317
0.00846138
0.00756893
0.0067188
0.00590451
0.00512059
0.00436321
0.00363112
0.00292695
0.00225874
0.00164167
0.00109917
0.000662031
0.000360688
0.000206196
0.000201967
0.00110279
1.20138
1.20816
1.20664
1.19685
1.17961
1.15557
1.12549
1.09014
1.05032
1.00683
0.96047
0.912001
0.862153
0.811599
0.760952
0.710751
0.661464
0.613489
0.56715
0.522709
0.480364
0.44026
0.402491
0.367111
0.334137
0.303555
0.275324
0.249382
0.225647
0.204023
0.184398
0.166653
0.15066
0.136285
0.123393
0.111857
0.101554
0.0923534
0.0841303
0.0767706
0.0701701
0.0642352
0.0588826
0.05404
0.0496444
0.0456416
0.0419855
0.0386364
0.035561
0.0327308
0.0301216
0.0277127
0.0254862
0.0234264
0.0215196
0.0197533
0.0181159
0.016597
0.0151864
0.0138749
0.0126532
0.0115127
0.010445
0.00944205
0.00849603
0.00759957
0.00674561
0.00592764
0.00514018
0.00437942
0.00364414
0.00293702
0.00226617
0.00164683
0.00110254
0.000664135
0.000362107
0.000207553
0.000205159
0.00111042
1.18288
1.18918
1.18744
1.17768
1.16067
1.13705
1.10753
1.07287
1.03384
0.991225
0.945804
0.898322
0.849488
0.79996
0.750333
0.701137
0.652828
0.605795
0.560355
0.516764
0.475217
0.435855
0.398771
0.364017
0.331612
0.30154
0.273762
0.248217
0.224826
0.203494
0.184113
0.166567
0.150732
0.136479
0.123676
0.112198
0.101932
0.0927508
0.0845331
0.0771678
0.0705535
0.064599
0.0592232
0.0543553
0.0499335
0.0459049
0.0422236
0.0388509
0.0357534
0.0329029
0.0302753
0.0278498
0.0256085
0.0235356
0.0216172
0.0198406
0.0181943
0.0166674
0.0152499
0.0139321
0.0127048
0.0115592
0.0104868
0.00947952
0.00852942
0.00762909
0.00677143
0.0059499
0.00515903
0.00439501
0.00365666
0.0029467
0.00227331
0.0016518
0.00110578
0.000666167
0.000363483
0.000208877
0.000208274
0.00111781
1.16485
1.17053
1.16847
1.15864
1.1418
1.11853
1.08953
1.05553
1.01728
0.975539
0.931058
0.884566
0.836752
0.788257
0.739662
0.691481
0.64416
0.598078
0.553546
0.510813
0.470069
0.431454
0.395058
0.360934
0.329097
0.299534
0.272208
0.247058
0.224008
0.202964
0.183825
0.166475
0.150796
0.136661
0.123946
0.112526
0.102297
0.0931346
0.0849224
0.077552
0.0709246
0.0649513
0.0595531
0.0546607
0.0502137
0.04616
0.0424544
0.0390587
0.0359397
0.0330695
0.030424
0.0279824
0.0257267
0.0236411
0.0217115
0.019925
0.0182699
0.0167354
0.0153111
0.0139872
0.0127545
0.011604
0.0105271
0.00951561
0.00856157
0.0076575
0.00679627
0.00597132
0.00517716
0.00441
0.0036687
0.002956
0.00228017
0.00165658
0.0011089
0.000668129
0.000364818
0.000210168
0.000211309
0.00112496
1.14722
1.15218
1.14969
1.13973
1.123
1.10004
1.07154
1.03818
1.00069
0.959814
0.916272
0.870772
0.823984
0.776529
0.728972
0.681814
0.635489
0.590365
0.546747
0.504877
0.464941
0.427075
0.391368
0.357871
0.326602
0.297546
0.270668
0.24591
0.223196
0.202438
0.183536
0.166379
0.150852
0.136835
0.124205
0.112842
0.102648
0.093505
0.0852985
0.0779233
0.0712833
0.065292
0.0598723
0.0549564
0.050485
0.0464069
0.0426779
0.0392598
0.03612
0.0332307
0.0305679
0.0281107
0.025841
0.0237431
0.0218025
0.0200064
0.0183429
0.0168009
0.01537
0.0140403
0.0128023
0.0116471
0.0105659
0.00955033
0.00859249
0.00768482
0.00682016
0.00599191
0.00519458
0.0044244
0.00368025
0.00296494
0.00228676
0.00166116
0.0011119
0.000670021
0.000366112
0.000211424
0.000214264
0.00113189
1.1299
1.13407
1.13109
1.12095
1.10427
1.0816
1.05357
1.02084
0.984108
0.944089
0.901485
0.85698
0.811221
0.764812
0.718299
0.67217
0.626846
0.582685
0.539983
0.498978
0.459851
0.422733
0.387714
0.354843
0.324137
0.295584
0.269149
0.244777
0.222395
0.201918
0.183248
0.16628
0.150903
0.136999
0.124454
0.113148
0.102987
0.0938625
0.0856615
0.0782818
0.0716299
0.0656214
0.0601809
0.0552422
0.0507473
0.0466458
0.0428939
0.0394542
0.0362944
0.0333866
0.0307068
0.0282345
0.0259514
0.0238414
0.0218903
0.0200849
0.0184132
0.016864
0.0154267
0.0140914
0.0128484
0.0116885
0.0106031
0.00958371
0.00862222
0.00771108
0.0068431
0.00601168
0.00521131
0.00443823
0.00369135
0.00297351
0.00229308
0.00166557
0.00111479
0.000671845
0.000367365
0.000212647
0.000217136
0.00113857
1.11283
1.11616
1.11265
1.10228
1.08565
1.06324
1.03566
1.00354
0.967565
0.928404
0.886739
0.84323
0.798504
0.753144
0.707679
0.662581
0.61826
0.575064
0.53328
0.493139
0.454818
0.418446
0.384111
0.35186
0.321712
0.293656
0.267658
0.243666
0.22161
0.201407
0.182964
0.166181
0.150949
0.137157
0.124692
0.113442
0.103314
0.0942071
0.0860116
0.0786278
0.0719644
0.0659393
0.060479
0.0555184
0.0510007
0.0468765
0.0431027
0.0396421
0.0364627
0.033537
0.030841
0.028354
0.0260578
0.0239362
0.0219748
0.0201604
0.0184809
0.0169247
0.0154813
0.0141405
0.0128926
0.0117284
0.0106389
0.00961576
0.00865076
0.00773628
0.00686512
0.00603065
0.00522735
0.00445149
0.00370199
0.00298174
0.00229915
0.0016698
0.00111757
0.000673603
0.000368576
0.000213833
0.000219923
0.00114503
1.09596
1.09843
1.09436
1.08375
1.06714
1.04498
1.01784
0.986338
0.951107
0.912802
0.872076
0.829565
0.785873
0.741563
0.697146
0.653081
0.609763
0.567529
0.52666
0.48738
0.449861
0.41423
0.380571
0.348934
0.319337
0.291769
0.266201
0.242581
0.220842
0.200907
0.182686
0.166082
0.150991
0.137307
0.124921
0.113725
0.103629
0.0945393
0.0863491
0.0789613
0.072287
0.066246
0.0607664
0.0557847
0.0512452
0.0470991
0.0433041
0.0398233
0.0366251
0.033682
0.0309703
0.0284691
0.0261602
0.0240275
0.0220562
0.0202331
0.0185459
0.0169831
0.0155338
0.0141877
0.0129351
0.0117666
0.0106733
0.00964652
0.00867813
0.00776045
0.00688624
0.00604883
0.00524273
0.00446419
0.00371218
0.00298961
0.00230496
0.00167386
0.00112023
0.000675295
0.000369747
0.000214984
0.000222624
0.00115125
1.07925
1.08086
1.07623
1.06537
1.04876
1.02685
1.00015
0.969259
0.934774
0.897326
0.857539
0.816026
0.773368
0.730107
0.686738
0.643702
0.601383
0.560109
0.520149
0.481723
0.444998
0.410099
0.377109
0.346076
0.317019
0.289931
0.264782
0.241525
0.220097
0.200422
0.182416
0.165985
0.151031
0.137451
0.125141
0.113998
0.103933
0.0948591
0.0866741
0.0792825
0.0725977
0.0665413
0.0610433
0.0560414
0.0514808
0.0473136
0.0434981
0.0399979
0.0367815
0.0338217
0.0310948
0.0285799
0.0262588
0.0241152
0.0221344
0.0203029
0.0186084
0.0170391
0.0155841
0.014233
0.0129759
0.0118033
0.0107062
0.00967599
0.00870436
0.0077836
0.00690645
0.00606624
0.00525745
0.00447635
0.00372193
0.00299715
0.00231053
0.00167774
0.00112279
0.000676923
0.000370878
0.000216099
0.000225237
0.00115724
1.06268
1.06344
1.05826
1.04715
1.03056
1.00888
0.982634
0.95235
0.918613
0.882021
0.843173
0.802657
0.76103
0.718816
0.67649
0.634479
0.593153
0.552829
0.51377
0.476188
0.440247
0.406069
0.373735
0.343295
0.314767
0.288147
0.263407
0.240503
0.219376
0.199954
0.182155
0.165892
0.151069
0.13759
0.125353
0.11426
0.104224
0.0951667
0.0869866
0.0795913
0.0728964
0.0668255
0.0613098
0.0562883
0.0517075
0.0475201
0.0436848
0.0401659
0.036932
0.0339561
0.0312145
0.0286864
0.0263535
0.0241995
0.0222095
0.0203699
0.0186683
0.0170928
0.0156323
0.0142763
0.0130149
0.0118384
0.0107378
0.0097042
0.00872945
0.00780575
0.00692579
0.00608289
0.00527152
0.00448797
0.00373125
0.00300436
0.00231585
0.00168146
0.00112524
0.000678487
0.000371967
0.000217176
0.000227761
0.00116299
1.04623
1.04617
1.04046
1.02912
1.01255
0.991131
0.965328
0.935658
0.90267
0.866934
0.829025
0.789502
0.748903
0.707729
0.666439
0.625443
0.5851
0.545716
0.507546
0.470795
0.435625
0.402153
0.370462
0.3406
0.312589
0.286423
0.26208
0.239518
0.218682
0.199503
0.181905
0.165803
0.151107
0.137724
0.125557
0.114513
0.104505
0.0954623
0.0872868
0.079888
0.0731834
0.0670984
0.0615657
0.0565256
0.0519253
0.0477184
0.0438642
0.0403273
0.0370765
0.0340851
0.0313294
0.0287886
0.0264444
0.0242803
0.0222814
0.0204341
0.0187257
0.0171442
0.0156784
0.0143178
0.0130522
0.011872
0.0107679
0.00973116
0.00875343
0.00782691
0.00694426
0.00609879
0.00528496
0.00449907
0.00374015
0.00301124
0.00232093
0.00168501
0.00112758
0.000679987
0.000373016
0.000218215
0.000230193
0.00116851
1.02991
1.02908
1.02287
1.01132
0.994787
0.97363
0.948284
0.919231
0.886994
0.852115
0.81514
0.776606
0.737028
0.696886
0.656621
0.616628
0.577255
0.538795
0.501498
0.465563
0.431147
0.398365
0.367301
0.338001
0.31049
0.284765
0.260806
0.238574
0.218017
0.199072
0.181666
0.165718
0.151144
0.137853
0.125754
0.114755
0.104774
0.0957459
0.0875748
0.0801725
0.0734587
0.0673601
0.0618112
0.0567531
0.0521342
0.0479086
0.0440363
0.040482
0.0372151
0.0342088
0.0314395
0.0288865
0.0265314
0.0243576
0.0223503
0.0204955
0.0187805
0.0171933
0.0157225
0.0143575
0.0130879
0.011904
0.0107966
0.00975688
0.0087763
0.00784708
0.00696187
0.00611394
0.00529776
0.00450964
0.00374863
0.00301779
0.00232577
0.0016884
0.00112982
0.000681425
0.000374024
0.000219216
0.000232533
0.00117379
1.01373
1.01218
1.00551
0.993778
0.97731
0.956432
0.931551
0.903121
0.871637
0.837613
0.801568
0.764016
0.725447
0.686324
0.64707
0.608066
0.569644
0.532092
0.495648
0.460509
0.426827
0.394717
0.36426
0.335505
0.308478
0.283177
0.259587
0.237672
0.217383
0.198662
0.18144
0.16564
0.15118
0.137977
0.125942
0.114988
0.105032
0.0960177
0.0878506
0.0804449
0.0737221
0.0676107
0.0620461
0.056971
0.0523342
0.0480907
0.044201
0.0406301
0.0373477
0.0343271
0.0315448
0.0289801
0.0266145
0.0244316
0.0224161
0.0205541
0.0188329
0.0172402
0.0157646
0.0143952
0.0131218
0.0119346
0.010824
0.00978138
0.00879809
0.0078663
0.00697864
0.00612837
0.00530995
0.0045197
0.0037567
0.00302403
0.00233039
0.00169163
0.00113196
0.000682802
0.000374992
0.000220177
0.000234779
0.00117883
0.997731
0.995512
0.988431
0.976554
0.960173
0.93959
0.915185
0.887384
0.856653
0.823479
0.788357
0.751776
0.714204
0.676084
0.637823
0.599786
0.562295
0.525627
0.490016
0.45565
0.42268
0.39122
0.361349
0.333119
0.306556
0.281664
0.258427
0.236814
0.216782
0.198274
0.181227
0.165567
0.151218
0.138098
0.126124
0.115212
0.10528
0.0962777
0.0881142
0.0807053
0.0739739
0.0678501
0.0622707
0.0571791
0.0525253
0.0482647
0.0443583
0.0407716
0.0374744
0.0344401
0.0316453
0.0290694
0.0266939
0.024502
0.0224787
0.02061
0.0188827
0.0172848
0.0158046
0.0144312
0.0131542
0.0119636
0.0108501
0.00980467
0.00881879
0.00788455
0.00699457
0.00614207
0.00532153
0.00452926
0.00376436
0.00302996
0.00233477
0.00169471
0.001134
0.000684117
0.000375919
0.000221099
0.000236929
0.00118365
0.981955
0.979131
0.971686
0.959699
0.943431
0.923162
0.899244
0.872076
0.842096
0.809767
0.775557
0.739931
0.703338
0.666202
0.628911
0.591817
0.555232
0.519424
0.484618
0.451
0.418718
0.387882
0.358575
0.330848
0.30473
0.280227
0.257327
0.236003
0.216214
0.197909
0.181028
0.165501
0.151255
0.138214
0.126298
0.115425
0.105516
0.096526
0.0883658
0.0809536
0.0742139
0.0680783
0.0624847
0.0573775
0.0527074
0.0484306
0.0445083
0.0409065
0.0375951
0.0345477
0.0317411
0.0291545
0.0267694
0.0245691
0.0225384
0.0206631
0.0189301
0.0173272
0.0158426
0.0144653
0.0131848
0.0119912
0.0108748
0.00982676
0.00883843
0.00790187
0.00700967
0.00615506
0.0053325
0.00453832
0.00377163
0.00303559
0.00233894
0.00169763
0.00113594
0.000685372
0.000376805
0.000221981
0.000238982
0.00118822
0.966457
0.963092
0.955334
0.943275
0.927147
0.907209
0.883787
0.857254
0.828022
0.796527
0.763215
0.728527
0.692891
0.656712
0.620365
0.584188
0.54848
0.513501
0.479472
0.446573
0.41495
0.384713
0.355944
0.328698
0.303003
0.27887
0.25629
0.235239
0.215681
0.197568
0.180842
0.165441
0.151294
0.138327
0.126465
0.115629
0.105742
0.0967625
0.0886053
0.0811898
0.0744423
0.0682954
0.0626883
0.0575662
0.0528807
0.0485883
0.0446509
0.0410347
0.0377098
0.03465
0.0318321
0.0292353
0.0268411
0.0246328
0.0225949
0.0207135
0.0189751
0.0173674
0.0158786
0.0144976
0.0132139
0.0120173
0.0108982
0.00984767
0.00885701
0.00791824
0.00702396
0.00616735
0.00534288
0.00454689
0.0037785
0.00304091
0.00234288
0.0017004
0.00113778
0.000686566
0.00037765
0.000222822
0.000240936
0.00119256
0.951302
0.947459
0.939439
0.927346
0.911386
0.891795
0.868876
0.842976
0.814485
0.783811
0.751377
0.717604
0.682899
0.64765
0.612215
0.576921
0.542058
0.507876
0.474591
0.44238
0.411385
0.381719
0.353462
0.326671
0.301378
0.277595
0.255317
0.234524
0.215183
0.19725
0.180672
0.165388
0.151333
0.138436
0.126624
0.115823
0.105957
0.0969873
0.0888327
0.0814141
0.074659
0.0685013
0.0628813
0.0577452
0.053045
0.0487379
0.0447862
0.0411563
0.0378186
0.034747
0.0319183
0.0293118
0.026909
0.024693
0.0226485
0.0207611
0.0190176
0.0174054
0.0159126
0.0145282
0.0132413
0.0120419
0.0109203
0.0098674
0.00887454
0.0079337
0.00703743
0.00617893
0.00535266
0.00455497
0.00378498
0.00304593
0.0023466
0.00170302
0.00113953
0.000687701
0.000378454
0.000223621
0.000242791
0.00119666
0.936562
0.932304
0.924073
0.911983
0.896213
0.876983
0.854571
0.829301
0.801537
0.771667
0.740088
0.707202
0.673397
0.639044
0.604487
0.57004
0.535984
0.502563
0.469986
0.438429
0.408031
0.378905
0.351132
0.32477
0.299855
0.276401
0.254408
0.233857
0.214719
0.196955
0.180515
0.165342
0.151373
0.138541
0.126776
0.116007
0.106161
0.0972004
0.089048
0.0816262
0.0748639
0.0686961
0.0630639
0.0579144
0.0532003
0.0488794
0.0449141
0.0412712
0.0379214
0.0348387
0.0319998
0.0293841
0.0269731
0.0247499
0.022699
0.020806
0.0190576
0.0174412
0.0159447
0.014557
0.0132672
0.0120651
0.0109411
0.00988597
0.00889103
0.00794823
0.0070501
0.00618983
0.00536187
0.00456256
0.00379108
0.00305065
0.0023501
0.00170549
0.00114118
0.000688776
0.000379217
0.000224378
0.000244546
0.00120052
0.922315
0.917702
0.909306
0.897253
0.881696
0.862836
0.840931
0.816282
0.78923
0.760139
0.729388
0.697357
0.664416
0.63092
0.597201
0.563562
0.530273
0.497574
0.465668
0.434727
0.404893
0.376274
0.348956
0.322998
0.298437
0.275291
0.253563
0.233238
0.214291
0.196684
0.180373
0.165302
0.151413
0.138642
0.126921
0.116182
0.106354
0.0974017
0.0892512
0.0818264
0.0750571
0.0688797
0.063236
0.0580739
0.0533467
0.0490126
0.0450345
0.0413795
0.0380183
0.034925
0.0320765
0.0294522
0.0270335
0.0248034
0.0227465
0.0208483
0.0190953
0.0174748
0.0159748
0.014584
0.0132914
0.0120869
0.0109606
0.00990338
0.00890649
0.00796185
0.00706198
0.00620004
0.00537049
0.00456968
0.0037968
0.00305508
0.00235339
0.00170781
0.00114274
0.000689792
0.000379938
0.000225093
0.000246198
0.00120415
0.908639
0.903729
0.895213
0.883225
0.867898
0.849414
0.828011
0.80397
0.777608
0.74927
0.719314
0.6881
0.655982
0.623302
0.590378
0.557502
0.524937
0.492917
0.461642
0.431281
0.401973
0.37383
0.346936
0.321354
0.297123
0.274264
0.252782
0.232668
0.213897
0.196437
0.180244
0.165269
0.151454
0.138739
0.127059
0.116347
0.106536
0.0975911
0.0894423
0.0820144
0.0752386
0.069052
0.0633976
0.0582237
0.0534841
0.0491377
0.0451476
0.0414811
0.0381092
0.0350059
0.0321484
0.029516
0.02709
0.0248536
0.022791
0.0208878
0.0191305
0.0175063
0.016003
0.0146092
0.0133141
0.0121072
0.0109788
0.00991964
0.00892093
0.00797457
0.00707307
0.00620957
0.00537854
0.00457633
0.00380214
0.00305923
0.00235647
0.00170999
0.0011442
0.000690748
0.000380618
0.000225765
0.000247747
0.00120754
0.895615
0.890457
0.881861
0.869964
0.854879
0.836773
0.815863
0.79241
0.766713
0.739094
0.709894
0.679456
0.648118
0.616207
0.58403
0.551871
0.519985
0.4886
0.457913
0.428091
0.399274
0.371572
0.345072
0.319838
0.295913
0.273319
0.252066
0.232145
0.213537
0.196211
0.180129
0.165241
0.151495
0.138832
0.127189
0.116502
0.106707
0.0977687
0.0896212
0.0821904
0.0754084
0.0692132
0.0635486
0.0583636
0.0536126
0.0492546
0.0452533
0.041576
0.038194
0.0350815
0.0322156
0.0295755
0.0271428
0.0249003
0.0228325
0.0209247
0.0191633
0.0175356
0.0160292
0.0146327
0.0133351
0.0121261
0.0109957
0.00993476
0.00893436
0.0079864
0.00708337
0.00621843
0.00538602
0.00458251
0.0038071
0.00306308
0.00235934
0.00171202
0.00114557
0.000691647
0.000381257
0.000226394
0.000249192
0.00121069
0.883316
0.877958
0.869315
0.85753
0.842695
0.824962
0.80453
0.781642
0.756578
0.729641
0.701155
0.671446
0.640839
0.609647
0.578168
0.546676
0.515421
0.484625
0.454483
0.42516
0.396795
0.3695
0.343363
0.31845
0.294805
0.272455
0.251411
0.231668
0.21321
0.196008
0.180026
0.165219
0.151536
0.13892
0.127311
0.116648
0.106866
0.0979342
0.0897879
0.0823542
0.0755663
0.0693632
0.0636891
0.0584937
0.053732
0.0493633
0.0453515
0.0416643
0.0382729
0.0351518
0.032278
0.0296309
0.0271918
0.0249437
0.022871
0.0209589
0.0191938
0.0175627
0.0160535
0.0146545
0.0133547
0.0121436
0.0110114
0.00994875
0.00894677
0.00799733
0.0070929
0.00622662
0.00539294
0.00458823
0.0038117
0.00306665
0.00236201
0.00171391
0.00114684
0.000692486
0.000381854
0.000226979
0.000250532
0.0012136
0.871812
0.866294
0.857633
0.845974
0.831392
0.814023
0.794049
0.771697
0.747229
0.720933
0.693114
0.664084
0.634156
0.603631
0.572797
0.54192
0.511246
0.480992
0.45135
0.422485
0.394535
0.367612
0.341807
0.317187
0.293798
0.271671
0.250818
0.231237
0.212915
0.195826
0.179936
0.165202
0.151576
0.139003
0.127425
0.116783
0.107014
0.0980878
0.0899423
0.0825058
0.0757125
0.0695019
0.063819
0.0586141
0.0538424
0.0494638
0.0454423
0.0417458
0.0383458
0.0352167
0.0323356
0.0296819
0.027237
0.0249838
0.0229065
0.0209904
0.0192218
0.0175877
0.0160759
0.0146745
0.0133726
0.0121597
0.0110258
0.00996161
0.00895818
0.00800738
0.00710166
0.00623415
0.0053993
0.00459348
0.00381593
0.00306994
0.00236446
0.00171566
0.00114803
0.000693268
0.000382409
0.000227519
0.000251765
0.00121627
0.861161
0.85552
0.846864
0.83534
0.821007
0.803987
0.784447
0.762598
0.738686
0.712984
0.685782
0.657379
0.628075
0.598162
0.567918
0.537604
0.50746
0.4777
0.448514
0.420064
0.39249
0.365906
0.340401
0.316046
0.29289
0.270964
0.250284
0.23085
0.212651
0.195664
0.179857
0.16519
0.151615
0.139081
0.127532
0.116908
0.107151
0.0982292
0.0900843
0.0826453
0.0758468
0.0696293
0.0639383
0.0587246
0.0539438
0.049556
0.0455256
0.0418207
0.0384127
0.0352762
0.0323884
0.0297288
0.0272785
0.0250205
0.022939
0.0210193
0.0192475
0.0176106
0.0160963
0.0146928
0.013389
0.0121744
0.011039
0.00997335
0.0089686
0.00801654
0.00710965
0.00624102
0.0054051
0.00459828
0.00381979
0.00307295
0.00236671
0.00171727
0.00114912
0.000693991
0.000382922
0.000228015
0.000252892
0.0012187
0.851414
0.845678
0.837045
0.825661
0.811568
0.794877
0.775743
0.75436
0.73096
0.705802
0.679164
0.651332
0.622596
0.593237
0.563529
0.533725
0.504059
0.474744
0.445968
0.417893
0.390658
0.364377
0.339143
0.315026
0.292078
0.270333
0.249807
0.230505
0.212417
0.195522
0.179789
0.165182
0.151653
0.139154
0.12763
0.117023
0.107276
0.0983585
0.090214
0.0827725
0.0759693
0.0697454
0.064047
0.0588253
0.0540361
0.04964
0.0456015
0.0418888
0.0384736
0.0353304
0.0324365
0.0297713
0.0273161
0.0250538
0.0229685
0.0210455
0.0192708
0.0176314
0.0161149
0.0147094
0.0134039
0.0121877
0.0110509
0.00998398
0.00897802
0.00802484
0.00711687
0.00624723
0.00541035
0.00460262
0.00382329
0.00307568
0.00236876
0.00171874
0.00115012
0.000694657
0.000383394
0.000228467
0.000253912
0.0012209
0.842608
0.836802
0.828204
0.816958
0.803093
0.786709
0.767946
0.746988
0.724053
0.699388
0.673258
0.645941
0.617714
0.588853
0.559624
0.530275
0.501037
0.472119
0.443708
0.415966
0.389032
0.363022
0.338028
0.314122
0.29136
0.269775
0.249387
0.230202
0.212212
0.195398
0.179732
0.165177
0.15169
0.139221
0.127719
0.117128
0.107389
0.0984754
0.0903313
0.0828874
0.0760799
0.0698502
0.0641451
0.0589161
0.0541194
0.0497157
0.0456699
0.0419502
0.0385284
0.0353792
0.0324798
0.0298097
0.0273501
0.0250838
0.0229951
0.021069
0.0192917
0.01765
0.0161315
0.0147243
0.0134172
0.0121997
0.0110616
0.00999349
0.00898645
0.00803226
0.00712333
0.00625279
0.00541505
0.00460651
0.00382643
0.00307813
0.00237061
0.00172007
0.00115103
0.000695264
0.000383823
0.000228873
0.000254822
0.00122285
0.83477
0.828913
0.820358
0.809245
0.795591
0.779485
0.761058
0.740482
0.717963
0.693737
0.668059
0.641197
0.613422
0.585001
0.556194
0.527246
0.498385
0.469816
0.441727
0.414278
0.387609
0.361835
0.337051
0.313332
0.290732
0.269288
0.249021
0.229939
0.212035
0.195292
0.179684
0.165175
0.151724
0.139283
0.1278
0.117221
0.107491
0.0985801
0.0904361
0.08299
0.0761785
0.0699437
0.0642326
0.058997
0.0541935
0.0497832
0.0457308
0.0420049
0.0385772
0.0354226
0.0325183
0.0298438
0.0273802
0.0251105
0.0230187
0.0210899
0.0193103
0.0176666
0.0161462
0.0147375
0.013429
0.0122102
0.011071
0.0100019
0.0089939
0.00803881
0.00712904
0.00625769
0.0054192
0.00460995
0.00382921
0.00308031
0.00237225
0.00172126
0.00115185
0.000695814
0.00038421
0.000229233
0.000255625
0.00122456
0.827916
0.822024
0.813513
0.802524
0.789061
0.773204
0.755075
0.734834
0.71268
0.688838
0.663555
0.637091
0.609708
0.58167
0.55323
0.524629
0.496094
0.467829
0.440017
0.412822
0.386381
0.360812
0.336211
0.312652
0.290192
0.268869
0.248707
0.229713
0.211884
0.195202
0.179644
0.165176
0.151756
0.139338
0.127872
0.117304
0.10758
0.0986723
0.0905284
0.0830802
0.0762653
0.0700258
0.0643093
0.059068
0.0542586
0.0498424
0.0457842
0.0420528
0.03862
0.0354607
0.0325521
0.0298736
0.0274066
0.0251338
0.0230393
0.0211082
0.0193265
0.017681
0.0161591
0.014749
0.0134393
0.0122194
0.0110792
0.0100092
0.00900037
0.0080445
0.007134
0.00626195
0.00542281
0.00461295
0.00383163
0.00308222
0.0023737
0.00172231
0.00115259
0.000696307
0.000384555
0.000229548
0.000256317
0.00122604
0.822052
0.816136
0.807671
0.796793
0.783497
0.767857
0.749985
0.730033
0.708192
0.684679
0.659734
0.633608
0.60656
0.578847
0.550719
0.522414
0.494155
0.466147
0.438571
0.41159
0.385343
0.359948
0.335501
0.312078
0.289736
0.268517
0.248443
0.229524
0.211758
0.195129
0.179613
0.165178
0.151784
0.139386
0.127935
0.117377
0.107658
0.0987521
0.090608
0.0831581
0.07634
0.0700965
0.0643754
0.0591291
0.0543146
0.0498932
0.0458301
0.042094
0.0386568
0.0354934
0.032581
0.0298992
0.0274292
0.0251537
0.0230569
0.0211238
0.0193403
0.0176933
0.01617
0.0147587
0.013448
0.0122272
0.0110862
0.0100154
0.00900586
0.00804933
0.0071382
0.00626557
0.00542587
0.00461549
0.0038337
0.00308385
0.00237495
0.00172322
0.00115323
0.000696741
0.000384858
0.000229817
0.000256899
0.00122727
0.817179
0.811246
0.802824
0.792043
0.778889
0.763432
0.745774
0.726065
0.704484
0.681245
0.65658
0.630735
0.603964
0.57652
0.54865
0.520589
0.492559
0.464762
0.437381
0.410577
0.38449
0.359238
0.334918
0.311607
0.289363
0.268229
0.248228
0.229371
0.211656
0.19507
0.17959
0.165183
0.15181
0.139428
0.127988
0.117438
0.107723
0.0988192
0.090675
0.0832234
0.0764027
0.0701558
0.0644307
0.0591802
0.0543615
0.0499358
0.0458685
0.0421284
0.0386875
0.0355207
0.0326052
0.0299205
0.027448
0.0251704
0.0230716
0.0211368
0.0193518
0.0177035
0.0161791
0.0147668
0.0134552
0.0122337
0.0110919
0.0100205
0.00901038
0.00805329
0.00714166
0.00626854
0.00542839
0.00461759
0.00383541
0.00308521
0.002376
0.001724
0.00115378
0.000697119
0.000385118
0.00023004
0.000257372
0.00122826
0.813291
0.807348
0.798963
0.788261
0.775223
0.759913
0.742429
0.722913
0.701541
0.67852
0.654078
0.628457
0.601907
0.574677
0.547012
0.519145
0.491296
0.463668
0.436441
0.409777
0.383817
0.358678
0.334458
0.311236
0.28907
0.268003
0.248059
0.229252
0.211578
0.195026
0.179573
0.165188
0.151833
0.139463
0.128032
0.117488
0.107777
0.0988738
0.0907292
0.0832763
0.0764533
0.0702036
0.0644754
0.0592215
0.0543992
0.04997
0.0458994
0.0421561
0.0387122
0.0355425
0.0326246
0.0299377
0.0274631
0.0251837
0.0230833
0.0211471
0.019361
0.0177116
0.0161863
0.0147732
0.0134609
0.0122387
0.0110965
0.0100245
0.00901392
0.0080564
0.00714436
0.00627088
0.00543037
0.00461925
0.00383677
0.0030863
0.00237685
0.00172464
0.00115424
0.000697439
0.000385336
0.000230217
0.000257733
0.00122901
0.810382
0.804433
0.796076
0.785436
0.772486
0.757286
0.739933
0.720562
0.699347
0.67649
0.652215
0.626762
0.600376
0.573306
0.545794
0.518072
0.490359
0.462855
0.435744
0.409184
0.383318
0.358264
0.334119
0.310963
0.288855
0.267838
0.247937
0.229165
0.211522
0.194996
0.179563
0.165194
0.151851
0.139491
0.128067
0.117526
0.107818
0.0989156
0.0907707
0.0833166
0.0764919
0.07024
0.0645092
0.0592527
0.0544277
0.0499959
0.0459227
0.042177
0.0387308
0.035559
0.0326391
0.0299505
0.0274744
0.0251936
0.0230921
0.0211548
0.0193677
0.0177176
0.0161916
0.0147779
0.0134651
0.0122424
0.0110997
0.0100274
0.00901649
0.00805866
0.00714633
0.00627257
0.00543181
0.00462046
0.00383777
0.00308712
0.0023775
0.00172515
0.00115462
0.000697702
0.000385511
0.000230347
0.000257983
0.00122952
0.808443
0.802494
0.794156
0.783556
0.770665
0.755541
0.738275
0.719002
0.697892
0.675144
0.650981
0.625639
0.599363
0.5724
0.544989
0.517364
0.489741
0.46232
0.435285
0.408795
0.382992
0.357993
0.333898
0.310786
0.288716
0.267731
0.247859
0.229112
0.211488
0.194978
0.179559
0.1652
0.151866
0.139512
0.128091
0.117554
0.107846
0.0989447
0.0907994
0.0833444
0.0765183
0.0702648
0.0645323
0.059274
0.0544471
0.0500135
0.0459385
0.0421911
0.0387433
0.0355701
0.0326489
0.0299591
0.0274819
0.0252002
0.0230978
0.0211599
0.0193722
0.0177215
0.016195
0.0147809
0.0134678
0.0122448
0.0111018
0.0100292
0.00901809
0.00806006
0.00714754
0.00627362
0.00543272
0.00462123
0.00383843
0.00308767
0.00237796
0.00172552
0.00115491
0.000697909
0.000385645
0.000230432
0.000258121
0.00122978
0.807472
0.801525
0.793195
0.782618
0.769756
0.75467
0.737448
0.718224
0.697167
0.674474
0.650367
0.625082
0.598861
0.571951
0.544592
0.517015
0.489437
0.462059
0.435061
0.408607
0.382834
0.357864
0.333794
0.310703
0.288652
0.267684
0.247825
0.229089
0.211476
0.194974
0.179561
0.165207
0.151876
0.139525
0.128106
0.11757
0.107863
0.098961
0.0908153
0.0833596
0.0765326
0.0702782
0.0645447
0.0592852
0.0544574
0.0500227
0.0459467
0.0421984
0.0387498
0.0355758
0.0326539
0.0299634
0.0274857
0.0252035
0.0231007
0.0211623
0.0193743
0.0177233
0.0161966
0.0147823
0.0134689
0.0122458
0.0111027
0.01003
0.00901871
0.0080606
0.00714801
0.00627403
0.00543308
0.00462156
0.00383873
0.00308795
0.00237822
0.00172575
0.00115511
0.000698059
0.000385736
0.000230469
0.000258147
0.0012298
)
;

boundaryField
{
    farLeft
    {
        type            symmetryPlane;
    }
    flatBed
    {
        type            kqRWallFunction;
        value           nonuniform List<scalar> 
240
(
0.0850385
0.084988
0.0850365
0.0851009
0.0851703
0.0852425
0.0853168
0.0853933
0.085472
0.0855532
0.0856368
0.0857229
0.0858116
0.0859028
0.0859966
0.0860928
0.0861915
0.0862928
0.0863964
0.0865024
0.0866109
0.0867216
0.0868347
0.0869501
0.0870677
0.0871875
0.0873095
0.0874336
0.0875598
0.087688
0.0878183
0.0879505
0.0880846
0.0882207
0.0883585
0.0884981
0.0886394
0.0887824
0.088927
0.0890732
0.0892208
0.0893699
0.0895204
0.0896722
0.0898253
0.0899796
0.090135
0.0902915
0.0904489
0.0906073
0.0907665
0.0909265
0.0910873
0.0912486
0.0914105
0.0915729
0.0917357
0.0918987
0.092062
0.0922255
0.092389
0.0925525
0.0927159
0.0928791
0.0930419
0.0932044
0.0933664
0.0935278
0.0936886
0.0938486
0.0940077
0.0941658
0.0943229
0.0944787
0.0946333
0.0947865
0.0949382
0.0950883
0.0952367
0.0953833
0.0955279
0.0956704
0.0958108
0.0959488
0.0960845
0.0962176
0.096348
0.0964757
0.0966004
0.0967221
0.0968406
0.0969558
0.0970675
0.0971757
0.0972801
0.0973806
0.0974772
0.0975695
0.0976575
0.0977411
0.0978201
0.0978942
0.0979634
0.0980275
0.0980863
0.0981396
0.0981873
0.0982292
0.0982651
0.0982949
0.0983182
0.098335
0.0983449
0.0983479
0.0983438
0.0983322
0.0983129
0.0982859
0.0982507
0.0982072
0.0981552
0.0980943
0.0980244
0.0979452
0.0978563
0.0977576
0.0976487
0.0975295
0.0973995
0.0972584
0.0971061
0.0969421
0.0967662
0.0965781
0.0963773
0.0961637
0.0959368
0.0956963
0.095442
0.0951734
0.0948902
0.0945922
0.0942789
0.09395
0.0936053
0.0932445
0.0928671
0.0924731
0.092062
0.0916338
0.0911881
0.0907248
0.0902437
0.0897466
0.0892543
0.0887641
0.0882738
0.0877818
0.0872867
0.0867874
0.0862834
0.0857742
0.0852597
0.0847402
0.084216
0.0836879
0.0831568
0.0826238
0.0820905
0.0815585
0.0810298
0.0805067
0.0799916
0.0794873
0.078997
0.0785238
0.0780714
0.0776436
0.0772442
0.0768772
0.0765469
0.076257
0.0760113
0.0758134
0.0756661
0.0755714
0.0755309
0.0755446
0.0756117
0.0757297
0.0758949
0.0761022
0.0763451
0.0766161
0.0769068
0.0772082
0.0775115
0.0778079
0.0780898
0.0783508
0.0785866
0.078795
0.0789765
0.0791344
0.0792752
0.0794083
0.0795462
0.0797036
0.0798977
0.080147
0.0804711
0.0808888
0.0814189
0.0820771
0.0828775
0.0838298
0.0849408
0.0862119
0.0876417
0.0892231
0.0909478
0.0928021
0.0947751
0.0968551
0.099048
0.101393
0.103853
0.106279
0.108675
0.110993
0.113188
0.115203
0.116972
0.118404
0.119385
0.119784
0.119525
0.118768
0.118429
0.119074
)
;
    }
    slope
    {
        type            kqRWallFunction;
        value           nonuniform List<scalar> 
80
(
0.133809
0.162831
0.183103
0.197168
0.206747
0.211869
0.213282
0.211575
0.207339
0.20114
0.19348
0.184801
0.175493
0.165977
0.156369
0.146529
0.136608
0.126757
0.117086
0.10768
0.098597
0.089884
0.0815758
0.0737007
0.0662817
0.059338
0.0528848
0.0469339
0.0414916
0.0365587
0.0321288
0.0281881
0.0247168
0.0216874
0.0191213
0.0169254
0.0150521
0.0134604
0.0121095
0.010961
0.00998139
0.0091431
0.00841545
0.00777685
0.00720923
0.00669805
0.00623191
0.00580208
0.005402
0.00502689
0.00467335
0.00433902
0.00402231
0.00372219
0.00343798
0.00316922
0.00291555
0.00267663
0.00245208
0.00224145
0.00204418
0.00185959
0.00168689
0.0015252
0.00137368
0.0012312
0.00109639
0.000968083
0.000845129
0.000726533
0.000611542
0.000499905
0.000392211
0.000290329
0.000197848
0.000120216
6.3686e-05
3.20424e-05
1e-15
0.00015377
)
;
    }
    top
    {
        type            symmetryPlane;
    }
    frontAndBack
    {
        type            empty;
    }
    defaultFaces
    {
        type            empty;
    }
}


// ************************************************************************* //
