/*--------------------------------*- C++ -*----------------------------------*\
| =========                 |                                                 |
| \\      /  F ield         | OpenFOAM: The Open Source CFD Toolbox           |
|  \\    /   O peration     | Version:  2206                                  |
|   \\  /    A nd           | Website:  www.openfoam.com                      |
|    \\/     M anipulation  |                                                 |
\*---------------------------------------------------------------------------*/
FoamFile
{
    version     2.0;
    format      ascii;
    arch        "LSB;label=32;scalar=64";
    class       volScalarField;
    location    "184";
    object      k;
}
// * * * * * * * * * * * * * * * * * * * * * * * * * * * * * * * * * * * * * //

dimensions      [0 2 -2 0 0 0 0];

internalField   nonuniform List<scalar> 
10000
(
0.00617052
0.0063456
0.00652015
0.00669397
0.00686694
0.00703901
0.00721008
0.00738006
0.00754887
0.00771642
0.00788262
0.0080474
0.00821066
0.00837231
0.00853228
0.00869047
0.0088468
0.00900119
0.00915355
0.00930381
0.00945188
0.00959769
0.00974116
0.00988221
0.0100208
0.0101568
0.0102901
0.0104208
0.0105487
0.0106738
0.010796
0.0109153
0.0110315
0.0111447
0.0112548
0.0113617
0.0114654
0.0115659
0.0116631
0.0117569
0.0118474
0.0119344
0.012018
0.0120981
0.0121746
0.0122476
0.012317
0.0123828
0.012445
0.0125034
0.0125582
0.0126091
0.0126564
0.0126998
0.0127394
0.0127752
0.012807
0.012835
0.012859
0.012879
0.012895
0.0129069
0.0129148
0.0129185
0.0129181
0.0129134
0.0129044
0.0128912
0.0128735
0.0128513
0.0128247
0.0127934
0.0127574
0.0127166
0.0126709
0.0126202
0.0125643
0.0125031
0.0124365
0.0123641
0.012286
0.0122017
0.012111
0.0120136
0.0119092
0.0117974
0.0116776
0.0115493
0.0114119
0.0112645
0.0111062
0.0109358
0.0107518
0.0105524
0.010335
0.0100963
0.00983139
0.0095326
0.00918762
0.00875999
0.00595447
0.00590888
0.00586484
0.00582242
0.0057816
0.0057423
0.00570444
0.00566796
0.0056328
0.00559889
0.00556618
0.00553461
0.00550414
0.00547473
0.00544632
0.00541888
0.00539236
0.00536674
0.00534197
0.00531802
0.00529485
0.00527245
0.00525079
0.00522982
0.00520954
0.00518992
0.00517093
0.00515255
0.00513478
0.00511758
0.00510094
0.00508486
0.0050693
0.00505427
0.00503974
0.00502571
0.00501217
0.00499911
0.00498652
0.0049744
0.00496274
0.00495153
0.00494077
0.00493047
0.00492061
0.0049112
0.00490223
0.00489371
0.00488565
0.00487803
0.00487088
0.00486418
0.00485795
0.0048522
0.00484693
0.00484215
0.00483788
0.00483412
0.00483089
0.0048282
0.00482607
0.00482451
0.00482356
0.00482322
0.00482352
0.00482449
0.00482617
0.00482857
0.00483175
0.00483573
0.00484057
0.00484632
0.00485303
0.00486078
0.00486962
0.00487965
0.00489097
0.00490368
0.0049179
0.00493379
0.00495152
0.00497129
0.00499333
0.00501794
0.00504546
0.00507629
0.00511097
0.00515013
0.00519459
0.00524539
0.00530393
0.00537209
0.00545252
0.00554913
0.00566793
0.0058188
0.00601917
0.00629925
0.00674045
0.00745228
0.00595167
0.00590339
0.00585587
0.00580908
0.00576299
0.00571759
0.00567288
0.00562884
0.00558546
0.00554272
0.00550063
0.00545915
0.00541828
0.00537801
0.00533831
0.00529918
0.00526061
0.00522257
0.00518506
0.00514806
0.00511156
0.00507555
0.00504002
0.00500496
0.00497035
0.00493618
0.00490245
0.00486915
0.00483626
0.00480378
0.00477169
0.00474
0.00470869
0.00467775
0.00464719
0.00461698
0.00458713
0.00455764
0.00452849
0.00449968
0.00447121
0.00444307
0.00441527
0.00438779
0.00436065
0.00433382
0.00430733
0.00428116
0.00425531
0.00422979
0.0042046
0.00417974
0.00415522
0.00413104
0.0041072
0.00408372
0.0040606
0.00403784
0.00401546
0.00399348
0.00397189
0.00395073
0.00393
0.00390973
0.00388994
0.00387064
0.00385188
0.00383367
0.00381606
0.00379909
0.0037828
0.00376724
0.00375247
0.00373855
0.00372558
0.00371362
0.00370279
0.00369321
0.003685
0.00367835
0.00367342
0.00367047
0.00366974
0.00367158
0.00367639
0.00368465
0.00369697
0.00371411
0.00373705
0.00376705
0.00380578
0.00385547
0.00391922
0.00400146
0.00410867
0.00425078
0.00444365
0.00471193
0.00510956
0.00570226
0.00595158
0.00590318
0.00585554
0.00580863
0.00576243
0.00571692
0.00567208
0.0056279
0.00558436
0.00554144
0.00549913
0.00545742
0.00541629
0.00537573
0.00533572
0.00529626
0.00525733
0.00521892
0.00518101
0.0051436
0.00510667
0.00507022
0.00503423
0.00499869
0.00496359
0.00492893
0.00489469
0.00486086
0.00482743
0.0047944
0.00476176
0.0047295
0.00469761
0.00466608
0.0046349
0.00460408
0.0045736
0.00454345
0.00451363
0.00448413
0.00445495
0.00442608
0.00439752
0.00436926
0.0043413
0.00431362
0.00428624
0.00425914
0.00423233
0.00420579
0.00417953
0.00415355
0.00412784
0.0041024
0.00407723
0.00405234
0.00402772
0.00400337
0.0039793
0.00395552
0.00393201
0.0039088
0.00388588
0.00386326
0.00384096
0.00381898
0.00379734
0.00377605
0.00375512
0.00373459
0.00371447
0.00369478
0.00367557
0.00365687
0.00363872
0.00362118
0.00360431
0.00358818
0.00357287
0.0035585
0.00354518
0.00353307
0.00352234
0.00351323
0.00350601
0.00350103
0.00349873
0.00349966
0.00350455
0.00351434
0.00353027
0.00355404
0.00358797
0.00363528
0.00370061
0.00379065
0.00391542
0.00408914
0.00434059
0.00470595
0.00595156
0.00590311
0.00585541
0.00580843
0.00576216
0.00571658
0.00567168
0.00562744
0.00558385
0.00554089
0.00549855
0.00545681
0.00541567
0.0053751
0.0053351
0.00529566
0.00525676
0.00521839
0.00518054
0.0051432
0.00510635
0.00506999
0.00503412
0.00499871
0.00496375
0.00492925
0.00489519
0.00486155
0.00482834
0.00479555
0.00476316
0.00473117
0.00469957
0.00466836
0.00463752
0.00460705
0.00457695
0.0045472
0.00451781
0.00448876
0.00446006
0.00443168
0.00440364
0.00437593
0.00434853
0.00432146
0.0042947
0.00426824
0.0042421
0.00421626
0.00419072
0.00416548
0.00414054
0.0041159
0.00409156
0.00406751
0.00404376
0.00402031
0.00399716
0.00397432
0.00395178
0.00392955
0.00390764
0.00388605
0.00386479
0.00384388
0.00382331
0.00380311
0.00378329
0.00376386
0.00374485
0.00372628
0.00370818
0.00369057
0.00367351
0.00365702
0.00364115
0.00362598
0.00361157
0.003598
0.00358536
0.00357379
0.00356342
0.00355442
0.00354702
0.00354146
0.00353808
0.00353728
0.00353959
0.00354568
0.00355641
0.00357291
0.00359669
0.00362977
0.00367483
0.00373555
0.00381698
0.00392558
0.00407477
0.00428308
0.00595157
0.00590312
0.00585542
0.00580845
0.00576219
0.00571662
0.00567173
0.00562751
0.00558394
0.00554101
0.00549869
0.00545698
0.00541586
0.00537532
0.00533534
0.00529592
0.00525705
0.0052187
0.00518087
0.00514356
0.00510674
0.00507042
0.00503457
0.00499919
0.00496428
0.00492981
0.0048958
0.00486222
0.00482906
0.00479633
0.00476401
0.0047321
0.00470059
0.00466948
0.00463875
0.0046084
0.00457843
0.00454883
0.00451959
0.00449071
0.00446219
0.00443403
0.0044062
0.00437873
0.00435159
0.00432479
0.00429833
0.0042722
0.0042464
0.00422093
0.00419578
0.00417096
0.00414647
0.00412231
0.00409848
0.00407497
0.0040518
0.00402896
0.00400645
0.00398429
0.00396248
0.00394102
0.00391992
0.0038992
0.00387885
0.00385889
0.00383934
0.00382022
0.00380153
0.0037833
0.00376556
0.00374833
0.00373164
0.00371552
0.00370003
0.00368521
0.00367111
0.00365779
0.00364534
0.00363384
0.00362339
0.00361411
0.00360615
0.00359967
0.00359488
0.00359202
0.0035914
0.00359336
0.00359834
0.0036069
0.00361969
0.00363753
0.00366144
0.00369265
0.00373266
0.00378322
0.00384642
0.00392427
0.00402182
0.00414714
0.00595157
0.00590312
0.00585542
0.00580844
0.00576217
0.0057166
0.0056717
0.00562746
0.00558387
0.00554092
0.00549858
0.00545684
0.0054157
0.00537514
0.00533515
0.00529571
0.00525682
0.00521846
0.00518062
0.00514329
0.00510646
0.00507013
0.00503428
0.0049989
0.00496398
0.00492953
0.00489551
0.00486194
0.0048288
0.00479608
0.00476378
0.0047319
0.00470041
0.00466932
0.00463862
0.00460831
0.00457838
0.00454883
0.00451964
0.00449082
0.00446237
0.00443427
0.00440652
0.00437913
0.00435208
0.00432539
0.00429903
0.00427302
0.00424735
0.00422201
0.00419702
0.00417237
0.00414806
0.0041241
0.00410047
0.0040772
0.00405427
0.0040317
0.00400948
0.00398764
0.00396616
0.00394507
0.00392437
0.00390406
0.00388418
0.00386472
0.0038457
0.00382715
0.00380909
0.00379153
0.00377451
0.00375806
0.00374221
0.00372701
0.0037125
0.00369874
0.00368579
0.00367372
0.00366261
0.00365256
0.00364368
0.0036361
0.00362998
0.00362548
0.00362283
0.00362226
0.00362408
0.00362862
0.00363631
0.00364763
0.00366315
0.00368354
0.00370956
0.00374205
0.0037819
0.00382993
0.0038868
0.00395256
0.0040283
0.00411664
0.00595157
0.00590312
0.00585542
0.00580845
0.00576218
0.00571661
0.00567172
0.00562749
0.00558391
0.00554096
0.00549863
0.00545691
0.00541578
0.00537523
0.00533525
0.00529582
0.00525694
0.00521859
0.00518076
0.00514344
0.00510663
0.0050703
0.00503446
0.00499908
0.00496418
0.00492972
0.00489571
0.00486215
0.00482901
0.00479629
0.004764
0.00473211
0.00470063
0.00466954
0.00463884
0.00460853
0.00457861
0.00454905
0.00451987
0.00449106
0.0044626
0.00443451
0.00440678
0.00437939
0.00435236
0.00432567
0.00429934
0.00427334
0.00424769
0.00422239
0.00419743
0.00417281
0.00414854
0.00412462
0.00410105
0.00407783
0.00405497
0.00403247
0.00401034
0.00398858
0.00396721
0.00394623
0.00392566
0.0039055
0.00388577
0.00386648
0.00384766
0.00382932
0.00381149
0.00379419
0.00377745
0.00376132
0.00374582
0.003731
0.00371691
0.00370361
0.00369117
0.00367966
0.00366916
0.00365978
0.00365164
0.00364487
0.00363962
0.00363609
0.00363447
0.00363502
0.00363804
0.00364385
0.00365286
0.00366551
0.00368232
0.00370388
0.00373081
0.00376377
0.00380336
0.00385004
0.00390394
0.00396451
0.0040314
0.0041047
0.00595157
0.00590313
0.00585543
0.00580845
0.00576219
0.00571662
0.00567172
0.00562749
0.00558391
0.00554096
0.00549862
0.00545689
0.00541576
0.0053752
0.00533521
0.00529578
0.00525689
0.00521853
0.0051807
0.00514337
0.00510655
0.00507022
0.00503437
0.00499899
0.00496408
0.00492962
0.00489561
0.00486204
0.0048289
0.00479618
0.00476388
0.004732
0.00470051
0.00466943
0.00463874
0.00460843
0.00457851
0.00454896
0.00451978
0.00449097
0.00446253
0.00443444
0.00440671
0.00437934
0.00435231
0.00432564
0.00429931
0.00427332
0.00424769
0.00422239
0.00419745
0.00417284
0.00414859
0.00412468
0.00410113
0.00407793
0.00405509
0.00403261
0.00401051
0.00398878
0.00396743
0.00394649
0.00392595
0.00390582
0.00388614
0.0038669
0.00384813
0.00382984
0.00381207
0.00379485
0.00377819
0.00376213
0.00374672
0.00373201
0.00371803
0.00370485
0.00369253
0.00368116
0.00367081
0.0036616
0.00365362
0.00364703
0.00364196
0.00363861
0.00363716
0.00363788
0.00364102
0.00364691
0.00365591
0.00366845
0.00368498
0.00370602
0.00373212
0.00376381
0.00380158
0.00384576
0.00389639
0.00395291
0.00401469
0.00408088
0.00595158
0.00590313
0.00585543
0.00580846
0.0057622
0.00571663
0.00567173
0.00562751
0.00558392
0.00554097
0.00549864
0.00545692
0.00541579
0.00537524
0.00533525
0.00529582
0.00525694
0.00521859
0.00518076
0.00514344
0.00510662
0.00507029
0.00503445
0.00499908
0.00496417
0.00492972
0.00489571
0.00486214
0.00482901
0.0047963
0.004764
0.00473212
0.00470064
0.00466956
0.00463886
0.00460856
0.00457864
0.00454909
0.00451991
0.0044911
0.00446266
0.00443457
0.00440684
0.00437947
0.00435244
0.00432576
0.00429943
0.00427345
0.00424781
0.00422252
0.00419757
0.00417296
0.00414871
0.0041248
0.00410124
0.00407804
0.00405519
0.00403271
0.0040106
0.00398887
0.00396752
0.00394657
0.00392603
0.0039059
0.0038862
0.00386695
0.00384817
0.00382988
0.00381209
0.00379485
0.00377817
0.00376209
0.00374665
0.0037319
0.00371788
0.00370465
0.00369227
0.00368082
0.00367038
0.00366105
0.00365293
0.00364616
0.00364087
0.00363724
0.00363546
0.00363574
0.00363834
0.00364355
0.00365169
0.00366314
0.0036783
0.00369763
0.00372158
0.00375063
0.00378518
0.00382554
0.00387177
0.00392349
0.00398026
0.004041
0.00595158
0.00590314
0.00585544
0.00580847
0.0057622
0.00571664
0.00567174
0.00562752
0.00558393
0.00554099
0.00549866
0.00545693
0.0054158
0.00537525
0.00533526
0.00529583
0.00525695
0.00521859
0.00518076
0.00514344
0.00510662
0.00507029
0.00503445
0.00499907
0.00496417
0.00492971
0.0048957
0.00486214
0.004829
0.00479629
0.004764
0.00473211
0.00470063
0.00466955
0.00463886
0.00460856
0.00457864
0.00454909
0.00451992
0.00449111
0.00446267
0.00443459
0.00440686
0.00437949
0.00435247
0.00432579
0.00429947
0.00427348
0.00424785
0.00422256
0.00419761
0.00417301
0.00414875
0.00412484
0.00410129
0.00407808
0.00405524
0.00403275
0.00401064
0.0039889
0.00396755
0.00394659
0.00392603
0.00390588
0.00388617
0.0038669
0.00384809
0.00382977
0.00381195
0.00379466
0.00377792
0.00376179
0.00374627
0.00373143
0.00371731
0.00370396
0.00369143
0.00367981
0.00366917
0.00365959
0.00365119
0.00364407
0.00363836
0.00363423
0.00363184
0.00363138
0.00363309
0.00363722
0.00364404
0.00365389
0.00366711
0.00368407
0.00370517
0.00373081
0.00376134
0.00379704
0.00383802
0.00388411
0.0039351
0.00399002
0.00595158
0.00590314
0.00585544
0.00580847
0.00576221
0.00571665
0.00567176
0.00562753
0.00558395
0.005541
0.00549867
0.00545695
0.00541582
0.00537527
0.00533529
0.00529586
0.00525698
0.00521863
0.0051808
0.00514348
0.00510667
0.00507034
0.0050345
0.00499913
0.00496422
0.00492977
0.00489577
0.00486221
0.00482908
0.00479637
0.00476408
0.0047322
0.00470072
0.00466964
0.00463896
0.00460866
0.00457874
0.0045492
0.00452003
0.00449122
0.00446278
0.0044347
0.00440698
0.00437961
0.00435258
0.00432591
0.00429959
0.00427361
0.00424797
0.00422268
0.00419773
0.00417313
0.00414887
0.00412496
0.0041014
0.00407819
0.00405534
0.00403285
0.00401073
0.00398898
0.00396761
0.00394664
0.00392606
0.00390589
0.00388616
0.00386686
0.00384801
0.00382965
0.00381178
0.00379443
0.00377763
0.00376142
0.00374581
0.00373086
0.00371661
0.00370311
0.00369041
0.00367857
0.00366768
0.00365781
0.00364905
0.00364151
0.0036353
0.00363057
0.00362746
0.00362614
0.00362682
0.00362969
0.00363502
0.00364307
0.00365412
0.00366848
0.0036865
0.00370848
0.00373473
0.0037655
0.00380094
0.00384101
0.00388568
0.00393421
0.00595158
0.00590314
0.00585545
0.00580848
0.00576222
0.00571666
0.00567177
0.00562754
0.00558396
0.00554102
0.00549869
0.00545697
0.00541584
0.00537529
0.00533531
0.00529589
0.00525701
0.00521866
0.00518083
0.00514351
0.0051067
0.00507037
0.00503453
0.00499916
0.00496426
0.00492981
0.00489581
0.00486225
0.00482912
0.00479641
0.00476412
0.00473225
0.00470077
0.0046697
0.00463901
0.00460871
0.0045788
0.00454926
0.00452009
0.00449129
0.00446285
0.00443478
0.00440705
0.00437969
0.00435267
0.004326
0.00429968
0.0042737
0.00424806
0.00422277
0.00419783
0.00417323
0.00414897
0.00412506
0.0041015
0.00407829
0.00405543
0.00403294
0.00401081
0.00398905
0.00396767
0.00394668
0.00392609
0.0039059
0.00388614
0.00386681
0.00384793
0.00382953
0.00381161
0.0037942
0.00377733
0.00376103
0.00374533
0.00373027
0.00371588
0.00370221
0.00368932
0.00367726
0.0036661
0.00365592
0.00364678
0.0036388
0.00363207
0.0036267
0.00362285
0.00362064
0.00362024
0.00362185
0.00362566
0.00363188
0.00364077
0.00365256
0.00366753
0.00368593
0.00370802
0.00373401
0.00376405
0.00379818
0.0038365
0.00387844
0.00595159
0.00590315
0.00585545
0.00580849
0.00576223
0.00571667
0.00567178
0.00562756
0.00558398
0.00554104
0.00549871
0.00545699
0.00541587
0.00537532
0.00533534
0.00529592
0.00525704
0.00521869
0.00518087
0.00514355
0.00510674
0.00507042
0.00503458
0.00499922
0.00496432
0.00492987
0.00489587
0.00486231
0.00482919
0.00479649
0.0047642
0.00473233
0.00470086
0.00466978
0.0046391
0.00460881
0.0045789
0.00454936
0.0045202
0.0044914
0.00446297
0.00443489
0.00440718
0.00437981
0.0043528
0.00432613
0.00429981
0.00427383
0.0042482
0.00422291
0.00419797
0.00417336
0.00414911
0.0041252
0.00410163
0.00407842
0.00405556
0.00403306
0.00401092
0.00398916
0.00396777
0.00394676
0.00392615
0.00390594
0.00388615
0.00386679
0.00384788
0.00382943
0.00381146
0.00379399
0.00377705
0.00376066
0.00374486
0.00372968
0.00371515
0.00370132
0.00368823
0.00367595
0.00366452
0.00365401
0.00364451
0.00363608
0.00362882
0.00362283
0.00361824
0.00361515
0.00361372
0.00361409
0.00361643
0.00362092
0.00362775
0.00363712
0.00364925
0.00366433
0.00368257
0.00370414
0.0037292
0.0037578
0.0037901
0.00382568
0.00595159
0.00590315
0.00585546
0.0058085
0.00576224
0.00571668
0.00567179
0.00562757
0.005584
0.00554106
0.00549873
0.00545702
0.00541589
0.00537535
0.00533537
0.00529595
0.00525707
0.00521873
0.0051809
0.00514359
0.00510678
0.00507047
0.00503463
0.00499927
0.00496437
0.00492993
0.00489593
0.00486238
0.00482925
0.00479655
0.00476427
0.0047324
0.00470093
0.00466987
0.00463919
0.0046089
0.00457899
0.00454946
0.0045203
0.00449151
0.00446308
0.00443501
0.00440729
0.00437993
0.00435292
0.00432626
0.00429994
0.00427397
0.00424834
0.00422305
0.00419811
0.00417351
0.00414925
0.00412534
0.00410177
0.00407856
0.00405569
0.00403319
0.00401105
0.00398927
0.00396787
0.00394685
0.00392622
0.00390599
0.00388618
0.00386679
0.00384784
0.00382934
0.00381132
0.00379379
0.00377678
0.00376031
0.0037444
0.0037291
0.00371444
0.00370044
0.00368717
0.00367465
0.00366296
0.00365214
0.00364226
0.0036334
0.00362563
0.00361904
0.00361374
0.00360981
0.00360739
0.0036066
0.00360757
0.00361044
0.00361538
0.00362254
0.00363208
0.00364416
0.00365895
0.00367658
0.00369717
0.00372081
0.00374765
0.00377738
0.00595159
0.00590316
0.00585547
0.0058085
0.00576225
0.00571669
0.00567181
0.00562759
0.00558401
0.00554108
0.00549875
0.00545704
0.00541592
0.00537538
0.0053354
0.00529598
0.00525711
0.00521876
0.00518094
0.00514364
0.00510683
0.00507052
0.00503468
0.00499932
0.00496443
0.00492999
0.004896
0.00486245
0.00482933
0.00479663
0.00476436
0.00473249
0.00470103
0.00466996
0.00463929
0.004609
0.0045791
0.00454957
0.00452042
0.00449163
0.0044632
0.00443514
0.00440743
0.00438007
0.00435306
0.0043264
0.00430009
0.00427412
0.0042485
0.00422321
0.00419827
0.00417367
0.00414942
0.0041255
0.00410194
0.00407872
0.00405585
0.00403334
0.00401119
0.00398941
0.003968
0.00394696
0.00392632
0.00390607
0.00388623
0.00386681
0.00384782
0.00382928
0.00381121
0.00379362
0.00377653
0.00375997
0.00374397
0.00372855
0.00371375
0.00369959
0.00368613
0.00367339
0.00366144
0.00365032
0.00364008
0.0036308
0.00362254
0.00361538
0.0036094
0.00360468
0.00360134
0.00359946
0.00359916
0.00360056
0.00360378
0.00360894
0.00361617
0.00362559
0.00363733
0.00365149
0.00366818
0.00368746
0.00370949
0.00373401
0.0059516
0.00590316
0.00585548
0.00580851
0.00576226
0.0057167
0.00567182
0.0056276
0.00558403
0.0055411
0.00549878
0.00545707
0.00541595
0.00537541
0.00533543
0.00529602
0.00525714
0.00521881
0.00518099
0.00514368
0.00510688
0.00507057
0.00503474
0.00499938
0.00496449
0.00493006
0.00489607
0.00486252
0.00482941
0.00479672
0.00476444
0.00473258
0.00470112
0.00467006
0.00463939
0.00460911
0.00457922
0.00454969
0.00452054
0.00449176
0.00446334
0.00443528
0.00440757
0.00438022
0.00435322
0.00432656
0.00430025
0.00427429
0.00424866
0.00422338
0.00419845
0.00417385
0.00414959
0.00412568
0.00410212
0.0040789
0.00405603
0.00403351
0.00401136
0.00398956
0.00396814
0.0039471
0.00392643
0.00390616
0.0038863
0.00386685
0.00384782
0.00382924
0.00381111
0.00379346
0.00377631
0.00375967
0.00374357
0.00372803
0.00371309
0.00369878
0.00368513
0.00367218
0.00365998
0.00364856
0.00363798
0.0036283
0.00361957
0.00361187
0.00360525
0.0035998
0.00359559
0.00359272
0.00359126
0.00359132
0.00359298
0.00359635
0.00360153
0.0036086
0.00361767
0.00362881
0.00364211
0.00365761
0.00367547
0.00369545
0.0059516
0.00590317
0.00585548
0.00580852
0.00576227
0.00571672
0.00567184
0.00562762
0.00558405
0.00554112
0.0054988
0.00545709
0.00541597
0.00537544
0.00533547
0.00529605
0.00525718
0.00521885
0.00518103
0.00514373
0.00510693
0.00507062
0.0050348
0.00499945
0.00496456
0.00493013
0.00489615
0.0048626
0.00482949
0.0047968
0.00476454
0.00473268
0.00470123
0.00467017
0.00463951
0.00460923
0.00457934
0.00454982
0.00452068
0.0044919
0.00446348
0.00443543
0.00440773
0.00438038
0.00435338
0.00432673
0.00430043
0.00427447
0.00424885
0.00422357
0.00419864
0.00417404
0.00414979
0.00412588
0.00410231
0.00407909
0.00405622
0.0040337
0.00401154
0.00398974
0.00396831
0.00394725
0.00392657
0.00390628
0.00388639
0.00386691
0.00384785
0.00382922
0.00381105
0.00379334
0.00377611
0.00375939
0.0037432
0.00372755
0.00371248
0.00369801
0.00368418
0.00367102
0.00365858
0.00364688
0.00363597
0.00362591
0.00361674
0.00360852
0.00360131
0.00359517
0.00359017
0.00358638
0.00358386
0.0035827
0.00358297
0.00358475
0.0035881
0.00359311
0.00359985
0.00360837
0.00361873
0.00363099
0.00364525
0.00366132
0.00595161
0.00590318
0.00585549
0.00580853
0.00576228
0.00571673
0.00567185
0.00562764
0.00558407
0.00554114
0.00549883
0.00545712
0.005416
0.00537547
0.0053355
0.00529609
0.00525723
0.00521889
0.00518108
0.00514378
0.00510699
0.00507068
0.00503486
0.00499951
0.00496463
0.0049302
0.00489623
0.00486269
0.00482958
0.0047969
0.00476463
0.00473278
0.00470133
0.00467029
0.00463963
0.00460936
0.00457947
0.00454996
0.00452082
0.00449205
0.00446364
0.00443559
0.00440789
0.00438055
0.00435356
0.00432691
0.00430062
0.00427466
0.00424905
0.00422377
0.00419884
0.00417425
0.00415
0.00412609
0.00410253
0.00407931
0.00405643
0.00403391
0.00401174
0.00398994
0.00396849
0.00394742
0.00392673
0.00390642
0.0038865
0.003867
0.0038479
0.00382924
0.00381101
0.00379324
0.00377595
0.00375915
0.00374286
0.0037271
0.0037119
0.00369729
0.00368329
0.00366993
0.00365725
0.00364528
0.00363406
0.00362364
0.00361405
0.00360535
0.00359759
0.00359081
0.00358508
0.00358044
0.00357697
0.00357471
0.00357373
0.00357408
0.00357582
0.00357902
0.00358371
0.00358996
0.00359779
0.00360725
0.00361843
0.00363115
0.00595161
0.00590318
0.0058555
0.00580854
0.0057623
0.00571674
0.00567187
0.00562766
0.00558409
0.00554116
0.00549885
0.00545715
0.00541603
0.0053755
0.00533554
0.00529613
0.00525727
0.00521894
0.00518113
0.00514384
0.00510704
0.00507074
0.00503493
0.00499958
0.00496471
0.00493028
0.00489631
0.00486277
0.00482967
0.004797
0.00476474
0.00473289
0.00470145
0.00467041
0.00463976
0.00460949
0.00457961
0.0045501
0.00452097
0.0044922
0.0044638
0.00443576
0.00440807
0.00438073
0.00435375
0.00432711
0.00430082
0.00427487
0.00424926
0.00422399
0.00419906
0.00417447
0.00415023
0.00412632
0.00410276
0.00407954
0.00405666
0.00403414
0.00401197
0.00399015
0.0039687
0.00394762
0.00392691
0.00390658
0.00388665
0.00386711
0.00384798
0.00382928
0.003811
0.00379318
0.00377582
0.00375894
0.00374256
0.0037267
0.00371138
0.00369662
0.00368246
0.00366891
0.003656
0.00364378
0.00363227
0.0036215
0.00361153
0.00360238
0.0035941
0.00358673
0.00358032
0.00357492
0.00357056
0.00356731
0.0035652
0.00356429
0.00356461
0.0035662
0.00356911
0.00357337
0.00357902
0.00358607
0.0035946
0.00360445
0.00595162
0.00590319
0.00585551
0.00580855
0.00576231
0.00571676
0.00567189
0.00562768
0.00558411
0.00554119
0.00549888
0.00545718
0.00541607
0.00537554
0.00533558
0.00529617
0.00525731
0.00521899
0.00518118
0.00514389
0.0051071
0.00507081
0.005035
0.00499966
0.00496478
0.00493037
0.0048964
0.00486287
0.00482977
0.0047971
0.00476485
0.00473301
0.00470157
0.00467053
0.00463989
0.00460963
0.00457976
0.00455026
0.00452113
0.00449237
0.00446397
0.00443594
0.00440825
0.00438093
0.00435395
0.00432732
0.00430103
0.00427508
0.00424948
0.00422422
0.0041993
0.00417471
0.00415047
0.00412657
0.004103
0.00407978
0.00405691
0.00403438
0.00401221
0.00399039
0.00396893
0.00394784
0.00392711
0.00390677
0.00388681
0.00386725
0.00384809
0.00382934
0.00381103
0.00379315
0.00377573
0.00375878
0.00374231
0.00372635
0.00371091
0.00369601
0.00368169
0.00366796
0.00365484
0.00364238
0.00363059
0.0036195
0.00360916
0.00359959
0.00359083
0.00358292
0.00357589
0.00356979
0.00356464
0.00356049
0.00355737
0.00355532
0.00355437
0.00355455
0.0035559
0.00355843
0.00356217
0.00356713
0.00357339
0.00358078
0.00595162
0.0059032
0.00585552
0.00580856
0.00576232
0.00571677
0.0056719
0.00562769
0.00558414
0.00554121
0.0054989
0.0054572
0.0054161
0.00537557
0.00533562
0.00529621
0.00525736
0.00521904
0.00518124
0.00514395
0.00510717
0.00507087
0.00503507
0.00499973
0.00496486
0.00493045
0.00489649
0.00486296
0.00482987
0.00479721
0.00476496
0.00473313
0.0047017
0.00467067
0.00464003
0.00460978
0.00457991
0.00455042
0.0045213
0.00449254
0.00446415
0.00443612
0.00440845
0.00438113
0.00435416
0.00432753
0.00430125
0.00427531
0.00424972
0.00422446
0.00419954
0.00417497
0.00415073
0.00412683
0.00410327
0.00408005
0.00405718
0.00403465
0.00401247
0.00399065
0.00396918
0.00394808
0.00392734
0.00390698
0.003887
0.00386742
0.00384823
0.00382945
0.00381109
0.00379316
0.00377567
0.00375865
0.0037421
0.00372604
0.00371049
0.00369547
0.00368099
0.00366709
0.00365377
0.00364108
0.00362903
0.00361764
0.00360696
0.003597
0.0035878
0.00357939
0.00357179
0.00356504
0.00355917
0.00355421
0.00355018
0.00354712
0.00354504
0.00354397
0.00354394
0.00354495
0.00354703
0.00355018
0.00355447
0.00355973
0.00595162
0.0059032
0.00585552
0.00580857
0.00576233
0.00571679
0.00567192
0.00562771
0.00558416
0.00554123
0.00549893
0.00545723
0.00541613
0.00537561
0.00533565
0.00529626
0.0052574
0.00521909
0.00518129
0.00514401
0.00510723
0.00507094
0.00503514
0.00499981
0.00496495
0.00493054
0.00489658
0.00486306
0.00482998
0.00479732
0.00476508
0.00473325
0.00470183
0.0046708
0.00464017
0.00460993
0.00458007
0.00455058
0.00452147
0.00449273
0.00446434
0.00443632
0.00440866
0.00438134
0.00435438
0.00432776
0.00430149
0.00427556
0.00424997
0.00422472
0.00419981
0.00417523
0.004151
0.00412711
0.00410355
0.00408033
0.00405746
0.00403493
0.00401276
0.00399093
0.00396946
0.00394834
0.0039276
0.00390722
0.00388722
0.00386761
0.0038484
0.00382958
0.00381118
0.0037932
0.00377566
0.00375857
0.00374194
0.00372579
0.00371013
0.00369499
0.00368037
0.0036663
0.0036528
0.00363989
0.0036276
0.00361593
0.00360493
0.00359461
0.003585
0.00357612
0.00356801
0.00356067
0.00355415
0.00354845
0.00354361
0.00353963
0.00353655
0.00353437
0.00353312
0.00353279
0.00353341
0.00353498
0.00353754
0.00354093
0.00595163
0.00590321
0.00585553
0.00580858
0.00576235
0.0057168
0.00567194
0.00562773
0.00558418
0.00554126
0.00549896
0.00545727
0.00541616
0.00537565
0.00533569
0.0052963
0.00525745
0.00521914
0.00518135
0.00514407
0.00510729
0.00507101
0.00503521
0.00499989
0.00496503
0.00493063
0.00489668
0.00486317
0.00483009
0.00479744
0.0047652
0.00473338
0.00470196
0.00467095
0.00464032
0.00461009
0.00458023
0.00455076
0.00452165
0.00449292
0.00446454
0.00443653
0.00440887
0.00438157
0.00435461
0.004328
0.00430174
0.00427581
0.00425023
0.00422499
0.00420008
0.00417552
0.00415129
0.0041274
0.00410385
0.00408064
0.00405777
0.00403524
0.00401306
0.00399123
0.00396975
0.00394863
0.00392788
0.00390749
0.00388747
0.00386784
0.0038486
0.00382975
0.00381131
0.00379329
0.00377569
0.00375854
0.00374184
0.0037256
0.00370984
0.00369458
0.00367983
0.00366561
0.00365193
0.00363882
0.00362629
0.00361437
0.00360307
0.00359242
0.00358243
0.00357313
0.00356453
0.00355667
0.00354954
0.00354318
0.0035376
0.00353281
0.00352883
0.00352567
0.00352333
0.00352182
0.00352116
0.00352133
0.00352237
0.00352413
0.00595163
0.00590321
0.00585554
0.00580859
0.00576236
0.00571682
0.00567195
0.00562775
0.0055842
0.00554128
0.00549899
0.0054573
0.0054162
0.00537568
0.00533574
0.00529635
0.0052575
0.00521919
0.0051814
0.00514413
0.00510736
0.00507108
0.00503529
0.00499997
0.00496512
0.00493072
0.00489678
0.00486327
0.0048302
0.00479755
0.00476533
0.00473351
0.00470211
0.0046711
0.00464048
0.00461025
0.00458041
0.00455094
0.00452184
0.00449311
0.00446475
0.00443674
0.00440909
0.0043818
0.00435485
0.00432825
0.00430199
0.00427608
0.00425051
0.00422527
0.00420038
0.00417582
0.0041516
0.00412771
0.00410416
0.00408096
0.00405809
0.00403557
0.00401339
0.00399155
0.00397007
0.00394895
0.00392818
0.00390778
0.00388775
0.0038681
0.00384883
0.00382996
0.00381148
0.00379342
0.00377577
0.00375856
0.00374178
0.00372546
0.00370961
0.00369424
0.00367936
0.003665
0.00365116
0.00363786
0.00362512
0.00361295
0.00360138
0.00359042
0.00358009
0.00357039
0.00356136
0.00355301
0.00354534
0.00353838
0.00353214
0.00352662
0.00352183
0.00351779
0.00351449
0.00351194
0.00351014
0.00350908
0.0035088
0.00350913
0.00595164
0.00590322
0.00585555
0.00580861
0.00576237
0.00571683
0.00567197
0.00562777
0.00558422
0.00554131
0.00549901
0.00545733
0.00541623
0.00537572
0.00533578
0.00529639
0.00525755
0.00521924
0.00518146
0.00514419
0.00510743
0.00507116
0.00503537
0.00500006
0.00496521
0.00493082
0.00489688
0.00486338
0.00483032
0.00479768
0.00476546
0.00473365
0.00470225
0.00467125
0.00464064
0.00461042
0.00458059
0.00455113
0.00452204
0.00449332
0.00446496
0.00443697
0.00440933
0.00438204
0.0043551
0.00432851
0.00430226
0.00427636
0.0042508
0.00422557
0.00420068
0.00417613
0.00415192
0.00412804
0.0041045
0.0040813
0.00405843
0.00403591
0.00401373
0.0039919
0.00397042
0.00394929
0.00392852
0.00390811
0.00388806
0.00386839
0.0038491
0.0038302
0.00381169
0.00379359
0.00377589
0.00375862
0.00374178
0.00372539
0.00370945
0.00369398
0.00367898
0.00366448
0.00365049
0.00363702
0.00362408
0.00361169
0.00359986
0.00358862
0.00357796
0.00356791
0.00355848
0.00354968
0.00354153
0.00353402
0.00352718
0.003521
0.00351549
0.00351066
0.00350651
0.00350303
0.00350023
0.00349809
0.00349665
0.00349573
0.00595164
0.00590323
0.00585556
0.00580862
0.00576238
0.00571685
0.00567199
0.00562779
0.00558425
0.00554133
0.00549904
0.00545736
0.00541627
0.00537576
0.00533582
0.00529644
0.0052576
0.0052193
0.00518152
0.00514426
0.0051075
0.00507123
0.00503545
0.00500014
0.0049653
0.00493092
0.00489698
0.00486349
0.00483043
0.0047978
0.00476559
0.00473379
0.0047024
0.00467141
0.00464081
0.0046106
0.00458077
0.00455132
0.00452224
0.00449353
0.00446519
0.0044372
0.00440957
0.00438229
0.00435536
0.00432878
0.00430255
0.00427665
0.0042511
0.00422588
0.004201
0.00417646
0.00415225
0.00412838
0.00410485
0.00408165
0.0040588
0.00403628
0.0040141
0.00399227
0.00397079
0.00394966
0.00392888
0.00390846
0.0038884
0.00386872
0.00384941
0.00383048
0.00381194
0.0037938
0.00377606
0.00375874
0.00374184
0.00372538
0.00370936
0.00369379
0.00367869
0.00366406
0.00364993
0.00363629
0.00362317
0.00361057
0.00359852
0.00358701
0.00357606
0.00356568
0.00355589
0.00354668
0.00353808
0.00353008
0.0035227
0.00351593
0.00350977
0.00350424
0.00349932
0.00349502
0.00349133
0.00348824
0.00348577
0.00348376
0.00595165
0.00590323
0.00585557
0.00580863
0.0057624
0.00571686
0.00567201
0.00562781
0.00558427
0.00554136
0.00549907
0.00545739
0.0054163
0.0053758
0.00533586
0.00529648
0.00525765
0.00521935
0.00518158
0.00514432
0.00510757
0.00507131
0.00503553
0.00500023
0.00496539
0.00493102
0.00489709
0.00486361
0.00483056
0.00479793
0.00476573
0.00473394
0.00470255
0.00467157
0.00464098
0.00461078
0.00458096
0.00455152
0.00452245
0.00449375
0.00446542
0.00443744
0.00440982
0.00438255
0.00435564
0.00432907
0.00430284
0.00427695
0.00425141
0.0042262
0.00420134
0.0041768
0.00415261
0.00412874
0.00410522
0.00408203
0.00405918
0.00403667
0.0040145
0.00399267
0.00397118
0.00395005
0.00392927
0.00390884
0.00388878
0.00386908
0.00384975
0.0038308
0.00381224
0.00379406
0.00377629
0.00375892
0.00374196
0.00372543
0.00370933
0.00369368
0.00367848
0.00366374
0.00364947
0.00363568
0.00362239
0.00360961
0.00359733
0.00358558
0.00357437
0.00356369
0.00355357
0.00354399
0.00353499
0.00352654
0.00351867
0.00351136
0.00350463
0.00349846
0.00349287
0.00348783
0.00348335
0.00347941
0.00347604
0.00347306
0.00595165
0.00590324
0.00585557
0.00580864
0.00576241
0.00571688
0.00567202
0.00562783
0.00558429
0.00554139
0.0054991
0.00545742
0.00541634
0.00537584
0.0053359
0.00529653
0.0052577
0.00521941
0.00518164
0.00514439
0.00510764
0.00507138
0.00503561
0.00500032
0.00496549
0.00493112
0.0048972
0.00486372
0.00483068
0.00479806
0.00476587
0.00473409
0.00470271
0.00467174
0.00464116
0.00461096
0.00458116
0.00455172
0.00452267
0.00449398
0.00446565
0.00443769
0.00441008
0.00438282
0.00435592
0.00432936
0.00430314
0.00427727
0.00425174
0.00422654
0.00420168
0.00417716
0.00415297
0.00412912
0.00410561
0.00408243
0.00405958
0.00403708
0.00401491
0.00399308
0.0039716
0.00395047
0.00392968
0.00390925
0.00388918
0.00386947
0.00385013
0.00383116
0.00381257
0.00379437
0.00377656
0.00375915
0.00374214
0.00372555
0.00370938
0.00369365
0.00367835
0.00366351
0.00364912
0.0036352
0.00362175
0.00360879
0.00359632
0.00358435
0.00357289
0.00356194
0.00355151
0.0035416
0.00353222
0.00352338
0.00351506
0.00350728
0.00350002
0.00349329
0.00348708
0.00348139
0.00347621
0.00347152
0.00346734
0.00346351
0.00595165
0.00590325
0.00585558
0.00580865
0.00576242
0.00571689
0.00567204
0.00562785
0.00558431
0.00554141
0.00549913
0.00545745
0.00541637
0.00537587
0.00533595
0.00529658
0.00525775
0.00521946
0.0051817
0.00514445
0.00510771
0.00507146
0.0050357
0.00500041
0.00496559
0.00493122
0.00489731
0.00486384
0.00483081
0.0047982
0.00476601
0.00473424
0.00470287
0.00467191
0.00464134
0.00461115
0.00458136
0.00455194
0.00452289
0.00449421
0.0044659
0.00443794
0.00441035
0.0043831
0.00435621
0.00432966
0.00430346
0.0042776
0.00425208
0.00422689
0.00420205
0.00417753
0.00415336
0.00412952
0.00410601
0.00408284
0.00406001
0.00403751
0.00401535
0.00399353
0.00397205
0.00395092
0.00393013
0.0039097
0.00388962
0.0038699
0.00385055
0.00383156
0.00381295
0.00379472
0.00377688
0.00375943
0.00374238
0.00372573
0.0037095
0.0036937
0.00367832
0.00366337
0.00364887
0.00363483
0.00362124
0.00360812
0.00359547
0.00358329
0.00357161
0.00356041
0.0035497
0.0035395
0.00352978
0.00352057
0.00351186
0.00350364
0.00349591
0.00348868
0.00348192
0.00347564
0.00346983
0.00346447
0.00345958
0.00345499
0.00595166
0.00590325
0.00585559
0.00580866
0.00576243
0.00571691
0.00567206
0.00562787
0.00558434
0.00554144
0.00549916
0.00545748
0.00541641
0.00537591
0.00533599
0.00529662
0.0052578
0.00521952
0.00518176
0.00514452
0.00510778
0.00507154
0.00503578
0.0050005
0.00496568
0.00493133
0.00489742
0.00486396
0.00483094
0.00479834
0.00476616
0.0047344
0.00470304
0.00467208
0.00464152
0.00461135
0.00458156
0.00455215
0.00452312
0.00449445
0.00446615
0.00443821
0.00441062
0.00438339
0.00435651
0.00432997
0.00430378
0.00427794
0.00425243
0.00422726
0.00420242
0.00417792
0.00415376
0.00412993
0.00410644
0.00408327
0.00406045
0.00403796
0.00401581
0.00399399
0.00397252
0.00395139
0.00393061
0.00391017
0.00389009
0.00387037
0.00385101
0.00383201
0.00381338
0.00379513
0.00377726
0.00375977
0.00374268
0.00372599
0.0037097
0.00369382
0.00367837
0.00366334
0.00364874
0.00363457
0.00362086
0.00360759
0.00359477
0.00358242
0.00357053
0.0035591
0.00354815
0.00353766
0.00352765
0.00351811
0.00350903
0.00350042
0.00349228
0.00348458
0.00347734
0.00347053
0.00346416
0.00345821
0.00345268
0.00344742
0.00595166
0.00590326
0.0058556
0.00580867
0.00576245
0.00571692
0.00567207
0.00562789
0.00558436
0.00554146
0.00549918
0.00545751
0.00541644
0.00537595
0.00533603
0.00529667
0.00525785
0.00521958
0.00518182
0.00514459
0.00510785
0.00507162
0.00503586
0.00500059
0.00496578
0.00493143
0.00489754
0.00486408
0.00483107
0.00479848
0.00476631
0.00473455
0.00470321
0.00467226
0.00464171
0.00461155
0.00458177
0.00455238
0.00452335
0.0044947
0.00446641
0.00443848
0.00441091
0.00438369
0.00435682
0.0043303
0.00430412
0.00427829
0.00425279
0.00422763
0.00420281
0.00417833
0.00415418
0.00413036
0.00410688
0.00408373
0.00406091
0.00403843
0.00401629
0.00399449
0.00397302
0.0039519
0.00393112
0.00391068
0.0038906
0.00387087
0.0038515
0.00383249
0.00381385
0.00379558
0.00377768
0.00376017
0.00374304
0.00372631
0.00370997
0.00369403
0.00367851
0.0036634
0.00364871
0.00363444
0.0036206
0.0036072
0.00359424
0.00358172
0.00356964
0.00355801
0.00354683
0.0035361
0.00352581
0.00351597
0.00350657
0.00349761
0.00348908
0.00348098
0.00347329
0.00346601
0.00345914
0.00345265
0.00344655
0.00344069
0.00595167
0.00590326
0.00585561
0.00580868
0.00576246
0.00571693
0.00567209
0.00562791
0.00558438
0.00554148
0.00549921
0.00545755
0.00541648
0.00537599
0.00533607
0.00529672
0.00525791
0.00521963
0.00518189
0.00514465
0.00510793
0.0050717
0.00503595
0.00500068
0.00496588
0.00493154
0.00489765
0.00486421
0.0048312
0.00479862
0.00476646
0.00473471
0.00470338
0.00467244
0.0046419
0.00461175
0.00458199
0.0045526
0.00452359
0.00449495
0.00446667
0.00443876
0.0044112
0.00438399
0.00435714
0.00433063
0.00430447
0.00427865
0.00425317
0.00422802
0.00420322
0.00417875
0.00415461
0.00413081
0.00410734
0.0040842
0.0040614
0.00403893
0.0040168
0.003995
0.00397354
0.00395243
0.00393165
0.00391122
0.00389114
0.00387141
0.00385204
0.00383302
0.00381437
0.00379608
0.00377817
0.00376063
0.00374347
0.0037267
0.00371031
0.00369432
0.00367874
0.00366355
0.00364878
0.00363442
0.00362048
0.00360696
0.00359386
0.00358119
0.00356894
0.00355713
0.00354574
0.00353478
0.00352425
0.00351414
0.00350445
0.00349517
0.0034863
0.00347783
0.00346975
0.00346205
0.00345472
0.00344776
0.00344115
0.00343475
0.00595167
0.00590327
0.00585561
0.00580869
0.00576247
0.00571695
0.00567211
0.00562793
0.0055844
0.00554151
0.00549924
0.00545758
0.00541651
0.00537603
0.00533611
0.00529676
0.00525796
0.00521969
0.00518195
0.00514472
0.005108
0.00507177
0.00503604
0.00500078
0.00496598
0.00493165
0.00489777
0.00486433
0.00483133
0.00479876
0.00476661
0.00473488
0.00470355
0.00467263
0.0046421
0.00461196
0.00458221
0.00455284
0.00452384
0.00449521
0.00446694
0.00443904
0.0044115
0.00438431
0.00435747
0.00433097
0.00430482
0.00427902
0.00425355
0.00422843
0.00420363
0.00417918
0.00415506
0.00413127
0.00410781
0.00408469
0.0040619
0.00403945
0.00401733
0.00399554
0.0039741
0.00395299
0.00393222
0.0039118
0.00389172
0.00387199
0.00385262
0.0038336
0.00381493
0.00379664
0.0037787
0.00376114
0.00374396
0.00372715
0.00371073
0.0036947
0.00367905
0.00366381
0.00364896
0.00363452
0.00362048
0.00360685
0.00359363
0.00358083
0.00356843
0.00355645
0.00354488
0.00353372
0.00352296
0.00351261
0.00350265
0.00349309
0.00348391
0.00347511
0.00346667
0.0034586
0.00345087
0.00344347
0.00343641
0.00342953
0.00595167
0.00590328
0.00585562
0.0058087
0.00576248
0.00571696
0.00567212
0.00562795
0.00558442
0.00554153
0.00549926
0.00545761
0.00541654
0.00537606
0.00533616
0.00529681
0.00525801
0.00521974
0.00518201
0.00514479
0.00510807
0.00507185
0.00503612
0.00500087
0.00496608
0.00493176
0.00489789
0.00486446
0.00483147
0.00479891
0.00476677
0.00473504
0.00470373
0.00467282
0.0046423
0.00461217
0.00458243
0.00455307
0.00452409
0.00449547
0.00446722
0.00443933
0.0044118
0.00438463
0.0043578
0.00433133
0.00430519
0.0042794
0.00425395
0.00422884
0.00420407
0.00417963
0.00415552
0.00413175
0.00410831
0.0040852
0.00406243
0.00403999
0.00401788
0.00399611
0.00397468
0.00395358
0.00393282
0.00391241
0.00389233
0.00387261
0.00385323
0.00383421
0.00381555
0.00379724
0.0037793
0.00376172
0.00374451
0.00372768
0.00371122
0.00369515
0.00367946
0.00366416
0.00364925
0.00363473
0.00362061
0.00360688
0.00359356
0.00358063
0.0035681
0.00355597
0.00354423
0.00353289
0.00352193
0.00351136
0.00350117
0.00349135
0.0034819
0.0034728
0.00346404
0.00345563
0.00344753
0.00343976
0.00343229
0.00342497
0.00595168
0.00590328
0.00585563
0.0058087
0.00576249
0.00571697
0.00567214
0.00562796
0.00558444
0.00554155
0.00549929
0.00545763
0.00541657
0.0053761
0.0053362
0.00529685
0.00525806
0.0052198
0.00518207
0.00514485
0.00510815
0.00507193
0.00503621
0.00500096
0.00496619
0.00493187
0.00489801
0.00486459
0.00483161
0.00479906
0.00476693
0.00473521
0.00470391
0.00467301
0.0046425
0.00461239
0.00458266
0.00455331
0.00452434
0.00449574
0.00446751
0.00443963
0.00441212
0.00438496
0.00435815
0.00433169
0.00430557
0.0042798
0.00425436
0.00422927
0.00420451
0.00418009
0.004156
0.00413225
0.00410882
0.00408573
0.00406298
0.00404055
0.00401846
0.0039967
0.00397528
0.0039542
0.00393345
0.00391305
0.00389298
0.00387326
0.00385389
0.00383487
0.00381621
0.0037979
0.00377994
0.00376235
0.00374513
0.00372828
0.00371179
0.00369569
0.00367996
0.00366461
0.00364964
0.00363506
0.00362086
0.00360705
0.00359363
0.0035806
0.00356795
0.00355568
0.0035438
0.00353229
0.00352116
0.00351039
0.00349999
0.00348994
0.00348023
0.00347087
0.00346183
0.00345311
0.00344469
0.00343657
0.00342873
0.00342103
0.00595168
0.00590329
0.00585564
0.00580871
0.0057625
0.00571699
0.00567215
0.00562798
0.00558446
0.00554158
0.00549931
0.00545766
0.00541661
0.00537614
0.00533624
0.0052969
0.00525811
0.00521985
0.00518213
0.00514492
0.00510822
0.00507201
0.0050363
0.00500106
0.00496629
0.00493198
0.00489813
0.00486472
0.00483175
0.0047992
0.00476709
0.00473538
0.00470409
0.0046732
0.00464271
0.00461261
0.0045829
0.00455356
0.0045246
0.00449602
0.0044678
0.00443994
0.00441244
0.0043853
0.0043585
0.00433206
0.00430596
0.0042802
0.00425479
0.00422971
0.00420497
0.00418057
0.0041565
0.00413276
0.00410936
0.00408628
0.00406354
0.00404114
0.00401906
0.00399732
0.00397592
0.00395485
0.00393411
0.00391372
0.00389367
0.00387396
0.0038546
0.00383558
0.00381691
0.0037986
0.00378065
0.00376305
0.00374581
0.00372894
0.00371244
0.0036963
0.00368054
0.00366515
0.00365014
0.0036355
0.00362124
0.00360736
0.00359385
0.00358072
0.00356796
0.00355558
0.00354356
0.00353191
0.00352062
0.00350968
0.00349909
0.00348883
0.00347891
0.00346931
0.00346001
0.00345102
0.00344231
0.00343388
0.00342572
0.00341766
0.00595168
0.00590329
0.00585564
0.00580872
0.00576251
0.005717
0.00567216
0.005628
0.00558448
0.0055416
0.00549934
0.00545769
0.00541664
0.00537617
0.00533628
0.00529694
0.00525816
0.00521991
0.00518219
0.00514499
0.00510829
0.00507209
0.00503638
0.00500115
0.00496639
0.00493209
0.00489825
0.00486485
0.00483189
0.00479936
0.00476725
0.00473556
0.00470428
0.0046734
0.00464292
0.00461283
0.00458313
0.00455381
0.00452487
0.0044963
0.00446809
0.00444025
0.00441277
0.00438564
0.00435887
0.00433244
0.00430636
0.00428062
0.00425522
0.00423017
0.00420545
0.00418106
0.00415701
0.00413329
0.00410991
0.00408685
0.00406413
0.00404174
0.00401969
0.00399797
0.00397658
0.00395552
0.00393481
0.00391443
0.00389439
0.00387469
0.00385534
0.00383633
0.00381767
0.00379936
0.00378141
0.00376381
0.00374656
0.00372968
0.00371316
0.003697
0.00368121
0.00366579
0.00365074
0.00363605
0.00362174
0.00360779
0.00359421
0.003581
0.00356815
0.00355566
0.00354353
0.00353175
0.00352032
0.00350923
0.00349847
0.00348803
0.00347791
0.00346809
0.00345857
0.00344933
0.00344037
0.00343166
0.0034232
0.00341484
0.00595169
0.0059033
0.00585565
0.00580873
0.00576252
0.00571701
0.00567218
0.00562801
0.0055845
0.00554162
0.00549936
0.00545772
0.00541667
0.0053762
0.00533631
0.00529698
0.0052582
0.00521996
0.00518225
0.00514505
0.00510836
0.00507217
0.00503647
0.00500125
0.00496649
0.0049322
0.00489837
0.00486498
0.00483203
0.00479951
0.00476741
0.00473573
0.00470446
0.0046736
0.00464313
0.00461306
0.00458337
0.00455407
0.00452514
0.00449658
0.0044684
0.00444057
0.0044131
0.00438599
0.00435924
0.00433283
0.00430677
0.00428105
0.00425567
0.00423063
0.00420593
0.00418157
0.00415754
0.00413384
0.00411048
0.00408744
0.00406474
0.00404238
0.00402034
0.00399864
0.00397727
0.00395623
0.00393553
0.00391517
0.00389515
0.00387546
0.00385612
0.00383713
0.00381848
0.00380017
0.00378222
0.00376462
0.00374738
0.00373049
0.00371396
0.00369779
0.00368198
0.00366653
0.00365144
0.00363672
0.00362236
0.00360836
0.00359472
0.00358144
0.00356851
0.00355593
0.0035437
0.00353181
0.00352025
0.00350902
0.00349811
0.00348752
0.00347722
0.00346722
0.00345749
0.00344804
0.00343884
0.00342988
0.00342117
0.00341252
0.00595169
0.0059033
0.00585565
0.00580874
0.00576253
0.00571702
0.00567219
0.00562803
0.00558451
0.00554164
0.00549938
0.00545774
0.0054167
0.00537624
0.00533635
0.00529703
0.00525825
0.00522001
0.00518231
0.00514512
0.00510843
0.00507225
0.00503655
0.00500134
0.0049666
0.00493232
0.00489849
0.00486511
0.00483217
0.00479966
0.00476757
0.00473591
0.00470465
0.0046738
0.00464335
0.00461329
0.00458362
0.00455433
0.00452541
0.00449687
0.0044687
0.0044409
0.00441345
0.00438636
0.00435962
0.00433323
0.00430718
0.00428149
0.00425613
0.00423111
0.00420643
0.00418209
0.00415808
0.0041344
0.00411106
0.00408805
0.00406537
0.00404303
0.00402101
0.00399933
0.00397798
0.00395697
0.00393629
0.00391595
0.00389594
0.00387628
0.00385695
0.00383797
0.00381933
0.00380104
0.00378309
0.0037655
0.00374826
0.00373137
0.00371483
0.00369865
0.00368283
0.00366736
0.00365225
0.0036375
0.0036231
0.00360906
0.00359537
0.00358202
0.00356903
0.00355637
0.00354406
0.00353207
0.00352041
0.00350906
0.00349802
0.00348728
0.00347683
0.00346666
0.00345675
0.00344711
0.0034377
0.00342853
0.00341958
0.00341068
0.00595169
0.0059033
0.00585566
0.00580874
0.00576254
0.00571703
0.0056722
0.00562804
0.00558453
0.00554165
0.00549941
0.00545777
0.00541673
0.00537627
0.00533639
0.00529707
0.0052583
0.00522006
0.00518236
0.00514518
0.0051085
0.00507233
0.00503664
0.00500143
0.0049667
0.00493243
0.00489861
0.00486524
0.00483231
0.00479981
0.00476774
0.00473608
0.00470484
0.004674
0.00464356
0.00461352
0.00458386
0.00455459
0.00452569
0.00449717
0.00446902
0.00444123
0.0044138
0.00438672
0.00436
0.00433363
0.00430761
0.00428193
0.0042566
0.0042316
0.00420695
0.00418262
0.00415864
0.00413499
0.00411167
0.00408868
0.00406603
0.0040437
0.00402171
0.00400005
0.00397873
0.00395774
0.00393708
0.00391676
0.00389677
0.00387713
0.00385782
0.00383886
0.00382023
0.00380196
0.00378402
0.00376644
0.0037492
0.00373232
0.00371578
0.0036996
0.00368377
0.00366829
0.00365316
0.00363839
0.00362396
0.00360989
0.00359615
0.00358276
0.00356971
0.00355699
0.0035446
0.00353253
0.00352078
0.00350933
0.00349818
0.00348732
0.00347673
0.00346641
0.00345635
0.00344653
0.00343695
0.00342758
0.00341842
0.0034093
0.0059517
0.00590331
0.00585566
0.00580875
0.00576254
0.00571704
0.00567221
0.00562805
0.00558454
0.00554167
0.00549943
0.00545779
0.00541675
0.0053763
0.00533642
0.00529711
0.00525834
0.00522012
0.00518242
0.00514524
0.00510857
0.0050724
0.00503672
0.00500153
0.0049668
0.00493254
0.00489873
0.00486537
0.00483245
0.00479997
0.00476791
0.00473626
0.00470503
0.00467421
0.00464378
0.00461375
0.00458411
0.00455486
0.00452598
0.00449747
0.00446933
0.00444156
0.00441415
0.0043871
0.0043604
0.00433405
0.00430805
0.00428239
0.00425708
0.00423211
0.00420747
0.00418317
0.00415921
0.00413558
0.00411229
0.00408933
0.0040667
0.0040444
0.00402243
0.0040008
0.0039795
0.00395853
0.0039379
0.00391761
0.00389764
0.00387802
0.00385874
0.00383979
0.00382119
0.00380293
0.00378501
0.00376744
0.00375022
0.00373334
0.00371681
0.00370063
0.0036848
0.00366932
0.00365418
0.00363939
0.00362495
0.00361084
0.00359708
0.00358365
0.00357056
0.00355778
0.00354533
0.0035332
0.00352136
0.00350983
0.00349858
0.00348761
0.00347691
0.00346647
0.00345627
0.0034463
0.00343656
0.00342702
0.00341767
0.00340836
0.0059517
0.00590331
0.00585567
0.00580875
0.00576255
0.00571705
0.00567222
0.00562806
0.00558456
0.00554169
0.00549945
0.00545781
0.00541678
0.00537633
0.00533646
0.00529714
0.00525838
0.00522016
0.00518247
0.0051453
0.00510864
0.00507248
0.00503681
0.00500162
0.0049669
0.00493265
0.00489885
0.0048655
0.0048326
0.00480012
0.00476807
0.00473644
0.00470523
0.00467442
0.00464401
0.00461399
0.00458437
0.00455513
0.00452626
0.00449778
0.00446966
0.0044419
0.00441451
0.00438748
0.0043608
0.00433447
0.00430849
0.00428286
0.00425757
0.00423262
0.00420801
0.00418374
0.0041598
0.0041362
0.00411293
0.00408999
0.00406739
0.00404512
0.00402318
0.00400158
0.0039803
0.00395936
0.00393876
0.00391849
0.00389855
0.00387895
0.00385969
0.00384077
0.00382219
0.00380395
0.00378606
0.0037685
0.0037513
0.00373443
0.00371792
0.00370174
0.00368592
0.00367044
0.0036553
0.0036405
0.00362605
0.00361193
0.00359815
0.00358469
0.00357156
0.00355875
0.00354625
0.00353406
0.00352216
0.00351056
0.00349923
0.00348817
0.00347737
0.00346682
0.0034565
0.0034464
0.00343652
0.00342683
0.00341732
0.00340783
0.0059517
0.00590331
0.00585567
0.00580876
0.00576256
0.00571705
0.00567223
0.00562807
0.00558457
0.0055417
0.00549946
0.00545783
0.0054168
0.00537636
0.00533649
0.00529718
0.00525843
0.00522021
0.00518253
0.00514536
0.00510871
0.00507255
0.00503689
0.00500171
0.004967
0.00493276
0.00489897
0.00486563
0.00483274
0.00480028
0.00476824
0.00473662
0.00470542
0.00467463
0.00464423
0.00461423
0.00458462
0.0045554
0.00452655
0.00449808
0.00446998
0.00444225
0.00441488
0.00438787
0.00436121
0.00433491
0.00430895
0.00428334
0.00425807
0.00423315
0.00420856
0.00418432
0.0041604
0.00413683
0.00411359
0.00409068
0.0040681
0.00404586
0.00402395
0.00400238
0.00398113
0.00396022
0.00393964
0.0039194
0.0038995
0.00387993
0.00386069
0.0038418
0.00382325
0.00380503
0.00378716
0.00376963
0.00375244
0.0037356
0.0037191
0.00370294
0.00368713
0.00367165
0.00365652
0.00364173
0.00362727
0.00361314
0.00359935
0.00358588
0.00357272
0.00355988
0.00354735
0.00353512
0.00352317
0.00351151
0.00350011
0.00348898
0.0034781
0.00346745
0.00345703
0.00344683
0.00343682
0.003427
0.00341735
0.0034077
0.0059517
0.00590332
0.00585567
0.00580876
0.00576256
0.00571706
0.00567224
0.00562808
0.00558458
0.00554172
0.00549948
0.00545785
0.00541683
0.00537639
0.00533652
0.00529722
0.00525847
0.00522026
0.00518258
0.00514542
0.00510878
0.00507263
0.00503697
0.0050018
0.0049671
0.00493287
0.00489909
0.00486577
0.00483288
0.00480043
0.00476841
0.0047368
0.00470562
0.00467484
0.00464446
0.00461447
0.00458488
0.00455567
0.00452685
0.0044984
0.00447032
0.0044426
0.00441525
0.00438826
0.00436163
0.00433535
0.00430941
0.00428383
0.00425859
0.00423369
0.00420913
0.00418491
0.00416102
0.00413748
0.00411426
0.00409138
0.00406884
0.00404663
0.00402475
0.0040032
0.00398199
0.00396111
0.00394056
0.00392035
0.00390048
0.00388094
0.00386174
0.00384287
0.00382435
0.00380617
0.00378832
0.00377082
0.00375366
0.00373684
0.00372036
0.00370422
0.00368843
0.00367297
0.00365785
0.00364307
0.00362862
0.00361449
0.00360069
0.00358721
0.00357405
0.00356119
0.00354863
0.00353637
0.00352439
0.00351268
0.00350124
0.00349005
0.0034791
0.00346838
0.00345787
0.00344757
0.00343746
0.00342753
0.00341776
0.00340797
0.0059517
0.00590332
0.00585568
0.00580877
0.00576257
0.00571707
0.00567225
0.00562809
0.00558459
0.00554173
0.0054995
0.00545787
0.00541685
0.00537641
0.00533655
0.00529725
0.00525851
0.0052203
0.00518263
0.00514548
0.00510884
0.0050727
0.00503705
0.00500189
0.0049672
0.00493298
0.00489921
0.0048659
0.00483302
0.00480059
0.00476858
0.00473699
0.00470581
0.00467505
0.00464468
0.00461472
0.00458514
0.00455595
0.00452715
0.00449871
0.00447065
0.00444296
0.00441563
0.00438866
0.00436205
0.00433579
0.00430989
0.00428432
0.00425911
0.00423424
0.0042097
0.00418551
0.00416166
0.00413814
0.00411495
0.00409211
0.00406959
0.00404741
0.00402556
0.00400405
0.00398287
0.00396202
0.00394151
0.00392133
0.00390149
0.00388199
0.00386282
0.00384399
0.0038255
0.00380735
0.00378954
0.00377207
0.00375494
0.00373815
0.0037217
0.00370558
0.00368981
0.00367438
0.00365928
0.00364451
0.00363007
0.00361596
0.00360217
0.00358869
0.00357552
0.00356266
0.00355009
0.00353781
0.0035258
0.00351407
0.00350259
0.00349135
0.00348035
0.00346957
0.00345899
0.00344862
0.00343842
0.00342839
0.00341851
0.00340861
0.0059517
0.00590332
0.00585568
0.00580877
0.00576257
0.00571707
0.00567225
0.0056281
0.0055846
0.00554174
0.00549951
0.00545789
0.00541687
0.00537644
0.00533658
0.00529729
0.00525855
0.00522035
0.00518268
0.00514554
0.0051089
0.00507277
0.00503713
0.00500198
0.0049673
0.00493309
0.00489933
0.00486603
0.00483317
0.00480074
0.00476874
0.00473717
0.00470601
0.00467526
0.00464491
0.00461496
0.0045854
0.00455623
0.00452744
0.00449903
0.00447099
0.00444332
0.00441601
0.00438907
0.00436248
0.00433624
0.00431036
0.00428482
0.00425963
0.00423479
0.00421028
0.00418612
0.00416229
0.00413881
0.00411565
0.00409284
0.00407035
0.00404821
0.00402639
0.00400491
0.00398377
0.00396295
0.00394248
0.00392234
0.00390253
0.00388307
0.00386393
0.00384514
0.00382669
0.00380857
0.0037908
0.00377336
0.00375627
0.00373951
0.0037231
0.00370702
0.00369128
0.00367587
0.0036608
0.00364606
0.00363164
0.00361755
0.00360378
0.00359031
0.00357716
0.0035643
0.00355173
0.00353944
0.00352743
0.00351568
0.00350417
0.00349291
0.00348187
0.00347105
0.00346042
0.00344998
0.00343972
0.00342961
0.00341965
0.00340964
0.0059517
0.00590332
0.00585568
0.00580877
0.00576257
0.00571708
0.00567226
0.00562811
0.00558461
0.00554176
0.00549952
0.00545791
0.00541689
0.00537646
0.00533661
0.00529732
0.00525858
0.00522039
0.00518273
0.00514559
0.00510897
0.00507284
0.00503721
0.00500206
0.00496739
0.00493319
0.00489944
0.00486615
0.0048333
0.00480089
0.0047689
0.00473734
0.00470619
0.00467546
0.00464513
0.00461519
0.00458565
0.00455649
0.00452772
0.00449933
0.00447131
0.00444365
0.00441637
0.00438944
0.00436287
0.00433666
0.0043108
0.00428528
0.00426012
0.00423529
0.00421081
0.00418667
0.00416287
0.00413941
0.00411629
0.0040935
0.00407104
0.00404892
0.00402714
0.00400569
0.00398457
0.0039638
0.00394335
0.00392324
0.00390347
0.00388404
0.00386494
0.00384619
0.00382777
0.00380969
0.00379195
0.00377455
0.00375749
0.00374077
0.00372439
0.00370835
0.00369264
0.00367727
0.00366223
0.00364752
0.00363313
0.00361907
0.00360532
0.00359188
0.00357874
0.0035659
0.00355334
0.00354106
0.00352905
0.0035173
0.00350579
0.00349451
0.00348345
0.0034726
0.00346194
0.00345146
0.00344114
0.00343097
0.00342093
0.00341084
0.00595171
0.00590332
0.00585568
0.00580877
0.00576258
0.00571708
0.00567226
0.00562811
0.00558462
0.00554176
0.00549953
0.00545792
0.0054169
0.00537648
0.00533663
0.00529734
0.00525861
0.00522042
0.00518277
0.00514563
0.00510901
0.00507289
0.00503726
0.00500212
0.00496746
0.00493326
0.00489952
0.00486623
0.00483339
0.00480098
0.004769
0.00473744
0.0047063
0.00467557
0.00464524
0.00461531
0.00458577
0.00455662
0.00452785
0.00449946
0.00447145
0.0044438
0.00441651
0.00438959
0.00436302
0.00433681
0.00431095
0.00428543
0.00426027
0.00423544
0.00421096
0.00418682
0.00416302
0.00413956
0.00411643
0.00409364
0.00407118
0.00404906
0.00402728
0.00400583
0.00398471
0.00396393
0.00394349
0.00392338
0.00390361
0.00388418
0.00386509
0.00384634
0.00382793
0.00380985
0.00379213
0.00377474
0.00375769
0.00374099
0.00372463
0.0037086
0.00369292
0.00367757
0.00366255
0.00364787
0.00363351
0.00361948
0.00360576
0.00359235
0.00357924
0.00356643
0.00355391
0.00354166
0.00352968
0.00351796
0.00350648
0.00349522
0.00348419
0.00347335
0.00346271
0.00345223
0.00344191
0.00343173
0.00342167
0.00341154
0.00595171
0.00590332
0.00585568
0.00580877
0.00576258
0.00571708
0.00567226
0.00562811
0.00558462
0.00554176
0.00549953
0.00545791
0.00541689
0.00537647
0.00533661
0.00529732
0.00525859
0.00522039
0.00518273
0.00514559
0.00510896
0.00507283
0.00503719
0.00500204
0.00496736
0.00493315
0.00489939
0.00486609
0.00483322
0.00480079
0.00476879
0.0047372
0.00470603
0.00467527
0.0046449
0.00461493
0.00458535
0.00455616
0.00452734
0.00449889
0.00447082
0.0044431
0.00441575
0.00438875
0.00436211
0.00433581
0.00430986
0.00428425
0.00425898
0.00423405
0.00420946
0.0041852
0.00416127
0.00413767
0.0041144
0.00409147
0.00406885
0.00404657
0.00402462
0.00400299
0.0039817
0.00396073
0.00394009
0.00391979
0.00389981
0.00388017
0.00386087
0.0038419
0.00382326
0.00380497
0.00378701
0.0037694
0.00375213
0.0037352
0.00371861
0.00370237
0.00368646
0.0036709
0.00365568
0.0036408
0.00362625
0.00361203
0.00359814
0.00358457
0.00357132
0.00355838
0.00354574
0.00353339
0.00352132
0.00350953
0.00349799
0.0034867
0.00347565
0.00346481
0.00345418
0.00344373
0.00343345
0.00342333
0.00341333
0.0034033
0.00819529
0.00788325
0.00768784
0.00755761
0.00747023
0.00741463
0.00738404
0.00737391
0.00738101
0.007403
0.00743812
0.00748504
0.00754269
0.00761025
0.00768704
0.0077725
0.00786618
0.0079668
0.00807234
0.00818257
0.00829734
0.00841647
0.00853985
0.00866736
0.00879886
0.00893426
0.00907345
0.00921631
0.00936274
0.00951262
0.00966582
0.00982221
0.00998166
0.010144
0.0103091
0.0104769
0.010647
0.0108193
0.0109937
0.0111699
0.0113477
0.0115269
0.0117072
0.0118883
0.0120701
0.0122522
0.0124344
0.0126163
0.0127977
0.0129783
0.0131577
0.0133357
0.0135118
0.0136859
0.0138575
0.0140264
0.0141921
0.0143545
0.0145131
0.0146678
0.014818
0.0149636
0.0151043
0.0152398
0.0153699
0.0154942
0.0156125
0.0157247
0.0158305
0.0159298
0.0160222
0.0161078
0.0161864
0.0162578
0.0163219
0.0163786
0.0164279
0.0164697
0.0165038
0.0165303
0.0165491
0.0165601
0.0165631
0.0165581
0.0165448
0.0165231
0.0164924
0.0164525
0.0164028
0.0163421
0.0162692
0.0161824
0.0160791
0.0159553
0.0158052
0.0156181
0.0153815
0.0150475
0.014634
0.0142273
0.00764778
0.00751576
0.00727217
0.00702527
0.0067978
0.00659131
0.00640523
0.00623819
0.0060883
0.0059536
0.00583237
0.00572311
0.00562457
0.00553568
0.00545554
0.00538335
0.0053184
0.00526027
0.00520936
0.00516504
0.00512672
0.00509387
0.00506598
0.00504262
0.0050234
0.00500794
0.00499595
0.00498713
0.00498125
0.0049781
0.00497749
0.00497926
0.00498329
0.00498945
0.00499766
0.00500785
0.00501994
0.0050339
0.00504969
0.00506728
0.00508665
0.0051078
0.00513071
0.00515539
0.00518182
0.00521003
0.00524001
0.00527176
0.00530529
0.0053406
0.0053777
0.00541657
0.00545722
0.00549964
0.0055438
0.00558971
0.00563733
0.00568664
0.0057376
0.00579019
0.00584435
0.00590005
0.00595723
0.00601584
0.00607581
0.00613709
0.00619961
0.00626329
0.00632806
0.00639385
0.00646059
0.00652819
0.00659658
0.00666569
0.00673544
0.00680575
0.00687657
0.00694783
0.00701946
0.00709142
0.00716365
0.00723614
0.00730884
0.00738175
0.00745488
0.00752827
0.00760189
0.00767587
0.00775041
0.00782562
0.00790176
0.00797929
0.00805883
0.00814135
0.00822847
0.00832313
0.00843218
0.00857159
0.00885157
0.0114389
0.00574367
0.00569813
0.00561667
0.00553341
0.00545545
0.00538104
0.00530893
0.00523896
0.00517119
0.00510565
0.00504238
0.00498135
0.00492258
0.00486604
0.00481171
0.00475957
0.00470947
0.00466104
0.00461472
0.00457045
0.00452819
0.00448789
0.00444951
0.004413
0.00437832
0.00434541
0.00431422
0.0042847
0.00425677
0.00423038
0.00420545
0.00418193
0.00415973
0.0041388
0.00411906
0.00410046
0.00408294
0.00406643
0.00405089
0.00403626
0.00402252
0.00400961
0.00399752
0.00398621
0.00397567
0.0039659
0.00395688
0.00394861
0.00394112
0.00393442
0.00392852
0.00392347
0.00391929
0.00391605
0.00391378
0.00391255
0.00391243
0.00391348
0.0039158
0.00391945
0.00392455
0.00393118
0.00393945
0.00394946
0.00396134
0.00397519
0.00399114
0.00400932
0.00402986
0.00405288
0.00407853
0.00410693
0.00413824
0.00417259
0.00421013
0.004251
0.00429537
0.00434337
0.00439518
0.00445097
0.0045109
0.00457516
0.00464396
0.0047175
0.00479604
0.00487986
0.00496924
0.00506458
0.0051664
0.00527526
0.00539191
0.00551743
0.00565333
0.00580177
0.00596614
0.00615217
0.00637029
0.00664539
0.0070693
0.0096198
0.00475891
0.00476906
0.00475358
0.00472841
0.00469812
0.00466337
0.00462526
0.00458512
0.00454395
0.00450239
0.00446085
0.00441961
0.00437883
0.00433863
0.00429906
0.00426017
0.00422222
0.00418614
0.0041518
0.0041191
0.00408792
0.00405814
0.00402967
0.00400242
0.0039763
0.00395122
0.00392714
0.00390396
0.00388165
0.00386014
0.00383937
0.00381931
0.00379991
0.00378111
0.00376289
0.00374519
0.00372797
0.0037112
0.00369484
0.00367884
0.00366318
0.00364781
0.0036327
0.00361782
0.00360313
0.00358862
0.00357426
0.00356003
0.0035459
0.00353188
0.00351794
0.0035041
0.00349034
0.00347669
0.00346316
0.00344978
0.00343657
0.00342359
0.00341089
0.00339852
0.00338656
0.00337511
0.00336425
0.00335411
0.00334479
0.00333646
0.00332926
0.00332336
0.00331895
0.00331624
0.00331545
0.00331682
0.0033206
0.00332707
0.00333653
0.00334928
0.00336568
0.00338606
0.00341082
0.00344034
0.00347506
0.00351544
0.00356196
0.00361515
0.00367558
0.00374388
0.0038207
0.00390684
0.0040032
0.00411081
0.0042309
0.00436508
0.00451542
0.00468478
0.00487736
0.00509989
0.00536381
0.0056947
0.006166
0.00841988
0.00435548
0.00439864
0.00442149
0.0044334
0.00443803
0.00443655
0.00443001
0.00441949
0.00440583
0.00438962
0.00437126
0.00435111
0.00432942
0.00430641
0.0042823
0.00425734
0.00423164
0.00420527
0.0041783
0.00415083
0.00412295
0.00409475
0.00406633
0.0040378
0.00400924
0.00398074
0.00395239
0.00392427
0.00389643
0.00386894
0.00384184
0.0038152
0.00378903
0.00376337
0.00373823
0.00371364
0.00368959
0.00366609
0.00364313
0.0036207
0.00359878
0.00357735
0.00355639
0.00353586
0.00351573
0.00349596
0.00347652
0.00345737
0.00343846
0.00341977
0.00340124
0.00338284
0.00336453
0.00334629
0.00332807
0.00330987
0.00329165
0.0032734
0.00325512
0.00323681
0.00321849
0.00320016
0.00318187
0.00316367
0.00314562
0.00312779
0.00311028
0.00309321
0.00307672
0.00306097
0.00304615
0.00303248
0.00302019
0.00300958
0.00300094
0.00299464
0.00299106
0.00299063
0.00299383
0.00300119
0.00301328
0.00303074
0.00305427
0.00308463
0.00312269
0.00316938
0.00322573
0.00329291
0.00337229
0.00346537
0.00357395
0.00370021
0.00384687
0.0040175
0.00421705
0.00445303
0.00473755
0.00509561
0.00558809
0.00756501
0.00422316
0.00427734
0.00431494
0.00434178
0.00436035
0.00437163
0.00437653
0.00437606
0.00437111
0.00436243
0.0043506
0.00433612
0.00431939
0.00430076
0.00428058
0.00425921
0.00423686
0.0042137
0.00418987
0.00416548
0.00414062
0.00411537
0.00408977
0.00406389
0.00403777
0.00401145
0.00398497
0.00395836
0.00393166
0.00390491
0.00387814
0.0038514
0.00382471
0.00379811
0.00377165
0.00374536
0.00371926
0.0036934
0.00366779
0.00364246
0.00361744
0.00359273
0.00356836
0.00354432
0.00352062
0.00349725
0.00347421
0.00345149
0.00342907
0.00340692
0.00338501
0.00336333
0.00334183
0.00332049
0.00329925
0.0032781
0.00325698
0.00323587
0.00321471
0.0031935
0.00317219
0.00315076
0.00312919
0.00310749
0.00308565
0.00306368
0.00304163
0.00301952
0.00299743
0.00297545
0.00295369
0.00293229
0.00291142
0.0028913
0.00287218
0.00285435
0.00283816
0.00282402
0.0028124
0.00280382
0.00279891
0.00279836
0.00280296
0.00281361
0.00283134
0.00285729
0.00289277
0.00293928
0.00299855
0.00307256
0.00316362
0.00327453
0.00340872
0.00357053
0.00376575
0.00400279
0.00429457
0.00466567
0.0051688
0.00692086
0.00418528
0.00423768
0.00427722
0.00430767
0.00433075
0.00434733
0.00435822
0.00436431
0.00436636
0.00436499
0.00436071
0.00435393
0.00434496
0.00433411
0.00432155
0.00430728
0.00429146
0.0042742
0.00425562
0.00423582
0.00421491
0.00419298
0.00417013
0.00414645
0.00412202
0.00409694
0.00407126
0.00404508
0.00401845
0.00399144
0.00396412
0.00393653
0.00390874
0.00388079
0.00385273
0.00382461
0.00379648
0.00376836
0.00374031
0.00371236
0.00368455
0.0036569
0.00362944
0.00360221
0.00357522
0.00354849
0.00352204
0.00349587
0.00347
0.00344442
0.00341912
0.0033941
0.00336935
0.00334483
0.00332053
0.00329643
0.00327247
0.00324863
0.00322488
0.00320116
0.00317743
0.00315366
0.00312979
0.0031058
0.00308165
0.00305731
0.00303276
0.00300799
0.00298301
0.00295783
0.00293249
0.00290707
0.00288164
0.00285633
0.00283131
0.00280678
0.00278301
0.00276031
0.00273908
0.00271979
0.00270299
0.00268936
0.00267967
0.00267484
0.00267595
0.00268426
0.0027012
0.00272849
0.00276815
0.00282251
0.00289433
0.00298698
0.00310456
0.0032522
0.00343664
0.00366729
0.00395809
0.00433373
0.00484173
0.00641565
0.00416193
0.00420731
0.00424321
0.00427202
0.00429483
0.00431225
0.00432487
0.00433332
0.00433817
0.0043399
0.00433888
0.00433546
0.00432993
0.00432242
0.00431308
0.00430211
0.00428969
0.00427595
0.004261
0.00424496
0.00422791
0.00420993
0.00419107
0.0041714
0.00415096
0.00412979
0.00410794
0.00408543
0.00406231
0.0040386
0.00401435
0.00398959
0.00396435
0.00393867
0.00391258
0.00388614
0.00385936
0.00383229
0.00380498
0.00377746
0.00374976
0.00372194
0.00369403
0.00366606
0.00363808
0.00361012
0.00358221
0.00355439
0.00352668
0.00349911
0.00347169
0.00344444
0.00341738
0.0033905
0.00336381
0.00333731
0.00331097
0.00328479
0.00325874
0.00323278
0.0032069
0.00318105
0.00315519
0.00312927
0.00310326
0.0030771
0.00305074
0.00302416
0.00299732
0.00297019
0.00294275
0.00291502
0.002887
0.00285876
0.00283037
0.00280194
0.00277365
0.00274571
0.00271841
0.00269212
0.0026673
0.00264451
0.00262448
0.00260804
0.00259625
0.00259035
0.00259183
0.00260249
0.0026245
0.00266044
0.00271343
0.00278727
0.00288666
0.00301751
0.0031875
0.00340712
0.00369153
0.004066
0.00457497
0.00600731
0.00412677
0.00416408
0.00419458
0.00421982
0.00424041
0.00425675
0.00426926
0.0042784
0.0042846
0.00428821
0.00428956
0.0042889
0.00428642
0.00428213
0.0042763
0.00426906
0.00426053
0.00425079
0.00423993
0.004228
0.00421508
0.0042012
0.00418642
0.00417078
0.00415431
0.00413706
0.00411904
0.00410029
0.00408083
0.00406069
0.0040399
0.00401848
0.00399644
0.00397382
0.00395064
0.00392693
0.0039027
0.00387798
0.00385281
0.00382721
0.00380121
0.00377485
0.00374815
0.00372115
0.00369389
0.0036664
0.00363871
0.00361087
0.0035829
0.00355485
0.00352674
0.00349861
0.00347049
0.00344239
0.00341434
0.00338635
0.00335845
0.00333062
0.00330287
0.0032752
0.0032476
0.00322003
0.00319248
0.00316491
0.00313729
0.00310957
0.0030817
0.00305365
0.00302536
0.00299678
0.00296787
0.00293859
0.00290893
0.00287887
0.00284842
0.00281764
0.0027866
0.00275542
0.00272429
0.00269347
0.00266331
0.00263425
0.00260689
0.00258196
0.00256042
0.00254343
0.00253243
0.00252923
0.00253603
0.00255553
0.00259108
0.00264682
0.00272793
0.002841
0.00299459
0.0032003
0.00347466
0.0038439
0.00435091
0.00566941
0.0040772
0.00410713
0.00413224
0.00415352
0.00417129
0.00418579
0.0041973
0.00420615
0.00421263
0.00421701
0.00421953
0.00422041
0.00421946
0.00421709
0.00421345
0.00420864
0.00420275
0.00419585
0.00418802
0.0041793
0.00416974
0.00415938
0.00414825
0.00413637
0.00412376
0.00411045
0.00409643
0.00408173
0.00406634
0.00405028
0.00403355
0.00401616
0.0039981
0.0039794
0.00396004
0.00394006
0.00391944
0.0038982
0.00387637
0.00385394
0.00383093
0.00380738
0.00378329
0.00375869
0.0037336
0.00370806
0.00368208
0.00365571
0.00362898
0.00360192
0.00357456
0.00354694
0.00351909
0.00349105
0.00346286
0.00343453
0.0034061
0.00337759
0.00334902
0.00332041
0.00329176
0.00326307
0.00323434
0.00320556
0.00317671
0.00314776
0.00311867
0.00308942
0.00305994
0.00303019
0.00300013
0.00296969
0.00293883
0.00290751
0.0028757
0.00284339
0.00281059
0.00277736
0.00274378
0.00271002
0.0026763
0.00264297
0.00261047
0.00257942
0.00255063
0.00252514
0.00250428
0.00248976
0.00248377
0.00248901
0.00250893
0.00254789
0.00261145
0.00270672
0.00284309
0.00303324
0.00329508
0.00365612
0.00415883
0.00538444
0.00401841
0.00404217
0.0040625
0.00408007
0.004095
0.00410744
0.00411756
0.0041256
0.00413176
0.00413624
0.00413923
0.00414054
0.00414058
0.00413951
0.00413743
0.00413442
0.00413055
0.00412588
0.00412045
0.00411431
0.00410748
0.0041
0.00409188
0.00408314
0.00407378
0.00406382
0.00405325
0.00404208
0.0040303
0.00401791
0.00400491
0.00399129
0.00397704
0.00396215
0.00394662
0.00393045
0.00391362
0.00389614
0.00387799
0.00385919
0.00383972
0.00381959
0.00379882
0.00377739
0.00375533
0.00373266
0.00370937
0.0036855
0.00366106
0.00363609
0.0036106
0.00358463
0.0035582
0.00353136
0.00350413
0.00347654
0.00344864
0.00342045
0.003392
0.00336333
0.00333445
0.00330539
0.00327615
0.00324676
0.0032172
0.00318747
0.00315756
0.00312744
0.00309708
0.00306644
0.00303548
0.00300414
0.00297238
0.00294012
0.00290733
0.00287396
0.00283997
0.00280537
0.00277018
0.00273447
0.00269838
0.00266212
0.00262604
0.0025906
0.00255647
0.00252453
0.00249596
0.00247236
0.00245577
0.00244886
0.00245505
0.00247883
0.00252598
0.00260405
0.00272311
0.00289683
0.00314452
0.0034952
0.0039917
0.00514036
0.00395644
0.0039752
0.00399149
0.00400579
0.0040181
0.0040285
0.00403712
0.00404409
0.00404958
0.00405372
0.00405645
0.0040579
0.00405839
0.004058
0.00405682
0.0040549
0.0040523
0.00404908
0.00404526
0.0040409
0.004036
0.0040306
0.0040247
0.00401832
0.00401146
0.00400413
0.00399632
0.00398803
0.00397924
0.00396995
0.00396015
0.00394983
0.00393895
0.00392752
0.00391551
0.0039029
0.00388968
0.00387583
0.00386134
0.00384618
0.00383035
0.00381383
0.00379662
0.00377869
0.00376006
0.00374071
0.00372065
0.00369988
0.0036784
0.00365623
0.00363338
0.00360986
0.00358571
0.00356093
0.00353556
0.00350962
0.00348315
0.00345617
0.00342873
0.00340085
0.00337256
0.00334389
0.00331488
0.00328554
0.00325588
0.00322593
0.00319568
0.00316514
0.00313428
0.00310308
0.00307152
0.00303954
0.00300712
0.00297418
0.00294067
0.00290653
0.00287172
0.00283618
0.00279989
0.00276286
0.00272516
0.00268691
0.00264832
0.00260974
0.00257168
0.00253488
0.00250035
0.0024695
0.00244424
0.00242708
0.00242139
0.00243163
0.00246371
0.0025255
0.00262762
0.00278463
0.00301718
0.0033559
0.00384462
0.00492858
0.00389581
0.00391055
0.00392348
0.00393496
0.00394494
0.00395345
0.00396056
0.00396637
0.00397099
0.00397446
0.00397666
0.003978
0.00397858
0.00397847
0.00397772
0.00397639
0.00397453
0.00397218
0.00396937
0.00396614
0.00396251
0.0039585
0.00395412
0.00394938
0.00394429
0.00393885
0.00393306
0.00392691
0.00392039
0.00391349
0.0039062
0.00389849
0.00389035
0.00388176
0.00387269
0.00386313
0.00385304
0.0038424
0.00383118
0.00381936
0.00380692
0.00379382
0.00378004
0.00376557
0.00375038
0.00373445
0.00371777
0.00370032
0.0036821
0.00366309
0.0036433
0.00362272
0.00360136
0.00357924
0.00355635
0.00353272
0.00350837
0.00348333
0.00345761
0.00343125
0.00340427
0.00337672
0.00334861
0.00331999
0.00329087
0.00326128
0.00323123
0.00320075
0.00316983
0.00313847
0.00310665
0.00307435
0.00304154
0.00300817
0.00297418
0.00293952
0.00290413
0.00286794
0.0028309
0.00279298
0.00275418
0.00271455
0.0026742
0.00263338
0.00259245
0.002552
0.00251287
0.00247628
0.00244395
0.00241823
0.00240233
0.00240063
0.00241906
0.00246567
0.0025515
0.0026919
0.00290876
0.00323438
0.00371405
0.00474281
0.00383917
0.00385066
0.00386081
0.00386989
0.00387782
0.00388461
0.0038903
0.00389495
0.00389868
0.00390116
0.00390288
0.00390393
0.00390435
0.00390422
0.00390357
0.00390246
0.00390093
0.00389901
0.00389673
0.00389414
0.00389124
0.00388806
0.00388462
0.00388092
0.00387697
0.00387279
0.00386836
0.00386368
0.00385876
0.00385356
0.0038481
0.00384234
0.00383627
0.00382987
0.00382311
0.00381596
0.00380841
0.00380042
0.00379195
0.00378298
0.00377348
0.0037634
0.00375272
0.0037414
0.00372941
0.00371672
0.0037033
0.00368912
0.00367415
0.00365838
0.00364177
0.00362433
0.00360603
0.00358687
0.00356683
0.00354593
0.00352417
0.00350155
0.0034781
0.00345382
0.00342874
0.00340289
0.00337629
0.00334898
0.00332097
0.0032923
0.003263
0.00323309
0.00320257
0.00317147
0.00313979
0.00310751
0.00307462
0.00304109
0.00300688
0.00297193
0.00293619
0.00289959
0.00286205
0.00282353
0.00278398
0.0027434
0.00270182
0.0026594
0.00261637
0.00257319
0.00253052
0.00248941
0.00245136
0.00241852
0.0023939
0.00238175
0.00238791
0.00242052
0.0024909
0.00261505
0.00281601
0.00312775
0.00359732
0.00457833
0.00378776
0.00379659
0.00380441
0.00381144
0.00381759
0.00382284
0.00382721
0.00383078
0.00383325
0.00383503
0.00383621
0.00383684
0.00383696
0.00383662
0.00383586
0.00383472
0.00383325
0.00383146
0.0038294
0.00382708
0.00382454
0.0038218
0.00381886
0.00381575
0.00381247
0.00380904
0.00380545
0.00380171
0.00379782
0.00379376
0.00378953
0.00378512
0.00378051
0.00377568
0.00377061
0.00376528
0.00375966
0.00375372
0.00374742
0.00374074
0.00373364
0.00372608
0.00371802
0.00370942
0.00370023
0.00369043
0.00367996
0.0036688
0.00365689
0.0036442
0.00363071
0.00361636
0.00360115
0.00358503
0.00356799
0.00355002
0.00353109
0.0035112
0.00349036
0.00346855
0.0034458
0.0034221
0.00339748
0.00337197
0.00334557
0.00331832
0.00329025
0.00326138
0.00323173
0.00320132
0.00317017
0.00313828
0.00310565
0.00307226
0.00303809
0.0030031
0.00296723
0.00293042
0.00289261
0.00285372
0.00281369
0.00277247
0.00273005
0.00268649
0.00264194
0.00259672
0.00255135
0.00250667
0.00246401
0.00242527
0.00239326
0.002372
0.0023672
0.00238698
0.00244283
0.00255127
0.00273637
0.00303371
0.00349235
0.00443154
0.00374183
0.00374847
0.00375433
0.0037596
0.00376419
0.00376807
0.00377127
0.00377355
0.00377517
0.00377626
0.00377685
0.00377699
0.00377671
0.00377605
0.00377504
0.00377371
0.00377211
0.00377026
0.00376819
0.00376592
0.00376348
0.00376089
0.00375816
0.00375532
0.00375237
0.00374932
0.00374619
0.00374297
0.00373968
0.0037363
0.00373284
0.00372929
0.00372563
0.00372186
0.00371795
0.00371389
0.00370965
0.00370521
0.00370053
0.00369559
0.00369036
0.00368478
0.00367882
0.00367244
0.0036656
0.00365824
0.00365032
0.0036418
0.00363262
0.00362273
0.0036121
0.00360066
0.00358839
0.00357523
0.00356116
0.00354612
0.0035301
0.00351307
0.00349501
0.00347589
0.00345572
0.00343448
0.00341219
0.00338884
0.00336444
0.00333903
0.0033126
0.00328519
0.00325682
0.00322751
0.00319728
0.00316615
0.00313412
0.00310118
0.00306734
0.00303255
0.00299679
0.00296001
0.00292212
0.00288307
0.00284277
0.00280116
0.00275818
0.00271383
0.00266819
0.00262146
0.00257402
0.00252656
0.00248018
0.00243658
0.0023983
0.00236914
0.0023546
0.00236269
0.00240499
0.00249837
0.00266781
0.00295047
0.00339751
0.0042996
0.00370116
0.00370595
0.00371015
0.00371391
0.00371714
0.00371982
0.00372175
0.00372307
0.00372392
0.00372434
0.00372435
0.00372398
0.00372326
0.00372222
0.00372088
0.00371929
0.00371746
0.00371542
0.0037132
0.00371083
0.00370832
0.00370569
0.00370297
0.00370018
0.00369732
0.00369441
0.00369146
0.00368848
0.00368547
0.00368244
0.0036794
0.00367633
0.00367323
0.0036701
0.00366692
0.00366368
0.00366037
0.00365695
0.00365341
0.00364972
0.00364585
0.00364176
0.00363741
0.00363277
0.00362778
0.00362241
0.00361659
0.00361028
0.00360343
0.00359597
0.00358786
0.00357904
0.00356945
0.00355904
0.00354776
0.00353555
0.00352236
0.00350816
0.00349291
0.00347656
0.0034591
0.00344049
0.00342072
0.00339979
0.00337768
0.0033544
0.00332995
0.00330436
0.00327762
0.00324977
0.00322082
0.00319079
0.00315968
0.00312752
0.00309429
0.00305998
0.00302457
0.00298802
0.00295027
0.00291124
0.00287087
0.00282907
0.00278577
0.00274091
0.0026945
0.00264667
0.00259767
0.00254804
0.00249868
0.00245106
0.00240749
0.00237149
0.00234833
0.00234582
0.00237552
0.00245457
0.0026087
0.00287655
0.00331147
0.0041803
0.00366526
0.00366849
0.00367127
0.00367371
0.00367577
0.00367722
0.00367813
0.00367864
0.00367879
0.00367857
0.00367802
0.00367714
0.00367597
0.00367452
0.00367283
0.00367091
0.00366879
0.0036665
0.00366406
0.00366149
0.00365881
0.00365605
0.00365321
0.00365033
0.00364741
0.00364447
0.00364152
0.00363858
0.00363565
0.00363274
0.00362986
0.003627
0.00362418
0.00362138
0.00361861
0.00361585
0.00361309
0.00361032
0.00360752
0.00360466
0.00360173
0.00359869
0.00359551
0.00359215
0.00358857
0.00358473
0.00358057
0.00357605
0.0035711
0.00356568
0.00355972
0.00355315
0.00354592
0.00353797
0.00352922
0.00351961
0.00350909
0.00349759
0.00348505
0.00347143
0.00345668
0.00344075
0.00342361
0.00340522
0.00338557
0.00336464
0.00334241
0.00331889
0.00329408
0.00326799
0.00324063
0.00321201
0.00318214
0.00315104
0.00311871
0.00308514
0.00305033
0.00301424
0.00297682
0.00293802
0.00289777
0.00285596
0.00281252
0.00276737
0.00272046
0.00267185
0.00262169
0.00257037
0.00251863
0.00246772
0.0024197
0.0023778
0.00234701
0.00233491
0.00235295
0.00241842
0.00255768
0.00281072
0.00323315
0.00407183
0.00363358
0.00363548
0.00363703
0.00363835
0.00363922
0.00363965
0.00363976
0.00363954
0.00363903
0.00363821
0.00363711
0.00363574
0.00363412
0.00363226
0.0036302
0.00362794
0.00362551
0.00362294
0.00362023
0.00361742
0.00361452
0.00361155
0.00360853
0.00360547
0.0036024
0.00359933
0.00359627
0.00359324
0.00359025
0.0035873
0.00358442
0.00358159
0.00357884
0.00357616
0.00357355
0.00357101
0.00356854
0.00356612
0.00356374
0.0035614
0.00355906
0.00355672
0.00355433
0.00355187
0.0035493
0.00354659
0.00354368
0.00354054
0.00353709
0.0035333
0.0035291
0.00352442
0.00351919
0.00351335
0.00350683
0.00349955
0.00349144
0.00348243
0.00347244
0.00346142
0.00344929
0.00343599
0.00342146
0.00340567
0.00338855
0.00337008
0.00335023
0.00332898
0.00330631
0.00328221
0.00325669
0.00322975
0.00320139
0.00317162
0.00314046
0.00310789
0.00307392
0.00303851
0.00300164
0.00296326
0.00292329
0.00288165
0.00283826
0.002793
0.00274581
0.00269668
0.00264567
0.00259306
0.00253943
0.00248583
0.00243406
0.00238708
0.00234956
0.00232881
0.00233609
0.00238876
0.00251363
0.00275198
0.00316163
0.00397274
0.0036056
0.00360635
0.00360685
0.00360705
0.00360693
0.00360656
0.00360594
0.00360506
0.00360393
0.00360255
0.00360093
0.00359909
0.00359703
0.00359478
0.00359234
0.00358974
0.00358699
0.00358411
0.00358113
0.00357805
0.0035749
0.00357169
0.00356844
0.00356517
0.0035619
0.00355864
0.0035554
0.0035522
0.00354906
0.00354599
0.00354299
0.00354008
0.00353726
0.00353455
0.00353194
0.00352944
0.00352706
0.00352478
0.0035226
0.00352051
0.0035185
0.00351656
0.00351467
0.00351279
0.0035109
0.00350898
0.00350697
0.00350483
0.00350253
0.0035
0.00349718
0.00349402
0.00349044
0.00348638
0.00348175
0.00347649
0.0034705
0.00346372
0.00345606
0.00344743
0.00343776
0.00342696
0.00341498
0.00340172
0.00338714
0.00337117
0.00335377
0.00333489
0.0033145
0.00329257
0.00326909
0.00324404
0.00321742
0.00318923
0.00315947
0.00312814
0.00309523
0.00306073
0.00302461
0.00298683
0.00294734
0.00290604
0.00286285
0.00281765
0.00277037
0.00272092
0.00266933
0.00261576
0.00256064
0.00250485
0.00244994
0.00239858
0.00235514
0.0023266
0.00232398
0.00236459
0.00247563
0.00269948
0.00309616
0.00388183
0.00358082
0.0035806
0.00358004
0.00357932
0.00357842
0.00357734
0.00357605
0.00357456
0.00357286
0.00357095
0.00356884
0.00356655
0.00356407
0.00356142
0.00355862
0.00355568
0.00355261
0.00354943
0.00354616
0.00354281
0.00353939
0.00353593
0.00353244
0.00352894
0.00352544
0.00352195
0.0035185
0.0035151
0.00351176
0.0035085
0.00350533
0.00350225
0.00349929
0.00349645
0.00349374
0.00349117
0.00348873
0.00348644
0.00348429
0.00348228
0.0034804
0.00347865
0.00347701
0.00347547
0.003474
0.00347257
0.00347117
0.00346974
0.00346825
0.00346665
0.00346489
0.0034629
0.00346063
0.00345801
0.00345495
0.00345139
0.00344723
0.00344239
0.00343678
0.00343031
0.00342289
0.00341443
0.00340483
0.00339401
0.00338189
0.00336839
0.00335344
0.00333698
0.00331894
0.00329929
0.00327798
0.00325499
0.00323029
0.00320387
0.00317573
0.00314584
0.00311422
0.00308083
0.00304566
0.00300868
0.00296983
0.00292903
0.00288621
0.00284124
0.00279402
0.00274445
0.00269248
0.00263821
0.00258195
0.00252438
0.00246684
0.00241172
0.00236308
0.00232753
0.00231583
0.00234511
0.00244287
0.00265248
0.00303608
0.00379809
0.00355884
0.00355761
0.00355619
0.00355471
0.00355312
0.00355137
0.00354947
0.0035474
0.00354516
0.00354275
0.00354019
0.00353746
0.00353458
0.00353157
0.00352842
0.00352515
0.00352177
0.0035183
0.00351474
0.00351112
0.00350745
0.00350374
0.00350001
0.00349627
0.00349253
0.00348882
0.00348514
0.00348152
0.00347796
0.00347449
0.0034711
0.00346783
0.00346467
0.00346165
0.00345877
0.00345604
0.00345347
0.00345107
0.00344883
0.00344677
0.00344489
0.00344317
0.00344162
0.00344021
0.00343895
0.00343781
0.00343676
0.00343579
0.00343485
0.0034339
0.0034329
0.00343179
0.00343052
0.00342903
0.00342723
0.00342505
0.00342242
0.00341923
0.0034154
0.00341083
0.00340543
0.00339908
0.00339168
0.00338315
0.00337337
0.00336224
0.00334969
0.00333562
0.00331996
0.00330263
0.00328358
0.00326275
0.00324011
0.00321563
0.00318927
0.00316102
0.00313087
0.00309879
0.00306476
0.00302875
0.00299072
0.00295059
0.00290828
0.00286368
0.00281668
0.00276714
0.002715
0.00266026
0.00260312
0.00254412
0.0024844
0.00242607
0.00237285
0.00233101
0.00231096
0.00232965
0.0024147
0.00261037
0.00298084
0.0037207
0.00353901
0.00353695
0.00353478
0.00353259
0.00353033
0.00352796
0.00352547
0.00352286
0.00352012
0.00351726
0.00351426
0.00351114
0.0035079
0.00350454
0.00350108
0.00349751
0.00349385
0.00349011
0.0034863
0.00348244
0.00347853
0.00347458
0.00347062
0.00346666
0.0034627
0.00345877
0.00345487
0.00345103
0.00344725
0.00344356
0.00343996
0.00343646
0.0034331
0.00342986
0.00342678
0.00342385
0.0034211
0.00341852
0.00341613
0.00341394
0.00341195
0.00341015
0.00340856
0.00340716
0.00340596
0.00340493
0.00340406
0.00340333
0.00340272
0.00340219
0.0034017
0.00340122
0.00340068
0.00340004
0.00339922
0.00339815
0.00339675
0.00339493
0.00339261
0.00338967
0.00338602
0.00338156
0.00337616
0.00336971
0.0033621
0.00335323
0.00334297
0.00333123
0.0033179
0.0033029
0.00328614
0.00326755
0.00324706
0.00322462
0.00320019
0.00317373
0.00314521
0.00311461
0.00308189
0.00304703
0.00300998
0.00297067
0.00292903
0.00288495
0.0028383
0.00278895
0.00273679
0.00268176
0.002624
0.00256387
0.00250234
0.00244126
0.00238403
0.00233655
0.00230885
0.00231762
0.00239053
0.0025726
0.00292995
0.00364894
0.00352141
0.00351864
0.00351579
0.00351295
0.00351007
0.00350711
0.00350407
0.00350095
0.00349773
0.00349441
0.003491
0.00348749
0.00348388
0.00348018
0.00347639
0.00347253
0.00346859
0.00346458
0.00346052
0.00345641
0.00345227
0.0034481
0.00344392
0.00343974
0.00343557
0.00343142
0.00342731
0.00342326
0.00341927
0.00341536
0.00341154
0.00340783
0.00340424
0.00340079
0.00339748
0.00339434
0.00339137
0.00338859
0.00338601
0.00338363
0.00338147
0.00337953
0.00337782
0.00337633
0.00337507
0.00337402
0.00337319
0.00337256
0.00337211
0.00337181
0.00337164
0.00337157
0.00337154
0.0033715
0.00337141
0.00337119
0.00337076
0.00337005
0.00336896
0.0033674
0.00336526
0.00336243
0.0033588
0.00335423
0.00334861
0.00334182
0.00333372
0.0033242
0.00331314
0.00330042
0.00328594
0.00326959
0.0032513
0.00323099
0.00320858
0.00318403
0.00315729
0.00312831
0.00309707
0.00306351
0.0030276
0.00298927
0.00294844
0.00290501
0.00285885
0.00280982
0.00275779
0.00270265
0.00264445
0.00258346
0.00252045
0.00245703
0.00239628
0.00234374
0.00230904
0.00230855
0.00236989
0.00253872
0.00288301
0.0035822
0.00350577
0.0035024
0.00349899
0.0034956
0.00349219
0.00348872
0.00348519
0.0034816
0.00347793
0.00347419
0.00347037
0.00346647
0.00346249
0.00345844
0.00345432
0.00345014
0.0034459
0.00344161
0.00343727
0.0034329
0.00342851
0.0034241
0.00341969
0.00341528
0.00341089
0.00340652
0.0034022
0.00339793
0.00339372
0.0033896
0.00338556
0.00338164
0.00337783
0.00337415
0.00337063
0.00336726
0.00336407
0.00336107
0.00335827
0.00335568
0.00335331
0.00335118
0.00334929
0.00334765
0.00334625
0.00334511
0.00334421
0.00334356
0.00334314
0.00334294
0.00334293
0.00334308
0.00334337
0.00334375
0.00334416
0.00334456
0.00334488
0.00334503
0.00334494
0.00334451
0.00334363
0.0033422
0.0033401
0.0033372
0.00333337
0.00332847
0.00332238
0.00331494
0.00330603
0.00329551
0.00328325
0.00326914
0.00325306
0.00323491
0.00321459
0.00319204
0.00316719
0.00313996
0.00311032
0.00307822
0.00304359
0.00300637
0.00296649
0.00292385
0.00287831
0.00282973
0.00277796
0.00272286
0.00266441
0.00260278
0.00253856
0.00247315
0.00240933
0.00235227
0.00231116
0.00230201
0.00235235
0.00250831
0.00283963
0.00351997
0.0034918
0.00348791
0.003484
0.00348013
0.00347625
0.00347233
0.00346838
0.00346437
0.00346031
0.00345618
0.00345199
0.00344774
0.00344342
0.00343904
0.0034346
0.00343011
0.00342558
0.003421
0.00341639
0.00341175
0.00340709
0.00340243
0.00339777
0.00339312
0.00338849
0.00338389
0.00337934
0.00337485
0.00337042
0.00336607
0.00336182
0.00335767
0.00335364
0.00334974
0.00334598
0.00334239
0.00333897
0.00333574
0.00333271
0.00332989
0.0033273
0.00332495
0.00332285
0.00332101
0.00331943
0.00331813
0.0033171
0.00331634
0.00331586
0.00331563
0.00331566
0.00331591
0.00331637
0.00331699
0.00331774
0.00331857
0.00331942
0.00332023
0.00332091
0.00332138
0.00332154
0.00332128
0.00332049
0.00331903
0.00331678
0.00331359
0.00330931
0.00330381
0.00329692
0.00328849
0.00327838
0.00326645
0.00325255
0.00323657
0.00321838
0.00319788
0.00317499
0.00314962
0.0031217
0.00309117
0.00305795
0.00302199
0.00298319
0.00294146
0.00289667
0.00284867
0.00279728
0.00274236
0.00268381
0.00262172
0.00255655
0.00248947
0.00242297
0.00236185
0.00231489
0.00229767
0.00233754
0.00248103
0.0027995
0.0034618
0.00347932
0.00347496
0.0034706
0.00346629
0.00346199
0.00345767
0.00345332
0.00344895
0.00344453
0.00344006
0.00343554
0.00343097
0.00342634
0.00342166
0.00341693
0.00341216
0.00340734
0.00340249
0.00339761
0.00339271
0.0033878
0.00338288
0.00337797
0.00337307
0.0033682
0.00336336
0.00335857
0.00335384
0.00334918
0.0033446
0.00334012
0.00333574
0.00333147
0.00332734
0.00332336
0.00331953
0.00331588
0.00331241
0.00330914
0.00330609
0.00330326
0.00330068
0.00329835
0.00329628
0.00329449
0.00329299
0.00329178
0.00329086
0.00329025
0.00328992
0.00328989
0.00329013
0.00329063
0.00329137
0.00329231
0.00329342
0.00329463
0.00329591
0.00329717
0.00329834
0.00329932
0.00330002
0.00330032
0.0033001
0.00329922
0.00329753
0.0032949
0.00329115
0.00328613
0.00327967
0.0032716
0.00326176
0.00325
0.00323616
0.0032201
0.00320169
0.00318082
0.00315738
0.00313127
0.00310242
0.00307073
0.00303614
0.00299855
0.00295785
0.00291393
0.00286661
0.00281573
0.00276111
0.00270261
0.00264024
0.00257432
0.00250584
0.00243701
0.00237227
0.00231995
0.00229523
0.00232514
0.00245656
0.00276234
0.0034073
0.00346817
0.00346339
0.00345862
0.0034539
0.00344922
0.00344453
0.00343983
0.00343511
0.00343036
0.00342558
0.00342076
0.0034159
0.00341099
0.00340603
0.00340104
0.003396
0.00339093
0.00338583
0.0033807
0.00337555
0.00337039
0.00336523
0.00336008
0.00335494
0.00334982
0.00334475
0.00333972
0.00333475
0.00332985
0.00332503
0.00332031
0.00331569
0.00331119
0.00330682
0.0033026
0.00329853
0.00329463
0.00329093
0.00328741
0.00328412
0.00328105
0.00327822
0.00327565
0.00327334
0.00327132
0.00326959
0.00326816
0.00326705
0.00326625
0.00326577
0.00326561
0.00326577
0.00326622
0.00326697
0.00326798
0.00326923
0.00327067
0.00327226
0.00327393
0.00327562
0.00327724
0.00327871
0.0032799
0.00328071
0.003281
0.00328063
0.00327945
0.00327728
0.00327396
0.00326932
0.00326317
0.00325533
0.00324563
0.00323388
0.00321993
0.00320361
0.00318479
0.00316332
0.0031391
0.00311201
0.00308196
0.00304885
0.00301258
0.00297303
0.00293008
0.00288357
0.00283331
0.0027791
0.00272078
0.00265827
0.0025918
0.00252216
0.00245132
0.00238334
0.00232614
0.00229441
0.00231489
0.00243463
0.00272788
0.00335612
0.00345821
0.00345304
0.0034479
0.00344282
0.00343779
0.00343276
0.00342773
0.0034227
0.00341765
0.00341257
0.00340747
0.00340233
0.00339716
0.00339195
0.00338671
0.00338143
0.00337612
0.00337078
0.00336542
0.00336004
0.00335466
0.00334926
0.00334388
0.00333851
0.00333316
0.00332786
0.00332259
0.00331739
0.00331225
0.00330719
0.00330223
0.00329737
0.00329263
0.00328802
0.00328355
0.00327924
0.0032751
0.00327114
0.00326738
0.00326383
0.00326051
0.00325744
0.00325461
0.00325206
0.00324979
0.00324782
0.00324615
0.00324481
0.0032438
0.00324312
0.00324279
0.0032428
0.00324314
0.00324382
0.00324481
0.00324609
0.00324764
0.00324941
0.00325135
0.00325341
0.00325551
0.00325756
0.00325947
0.00326113
0.00326241
0.00326316
0.00326324
0.00326248
0.0032607
0.00325773
0.00325336
0.0032474
0.00323966
0.00322993
0.00321804
0.00320379
0.00318702
0.00316756
0.00314527
0.00312002
0.00309169
0.00306015
0.0030253
0.00298702
0.00294515
0.00289955
0.00285001
0.00279633
0.0027383
0.00267579
0.00260893
0.00253836
0.00246578
0.00239492
0.00233326
0.00229501
0.00230653
0.00241499
0.00269591
0.00330798
0.00344933
0.00344381
0.00343832
0.00343292
0.00342756
0.00342222
0.00341689
0.00341156
0.00340623
0.00340088
0.00339551
0.00339012
0.0033847
0.00337925
0.00337378
0.00336827
0.00336273
0.00335718
0.0033516
0.003346
0.0033404
0.00333479
0.00332919
0.0033236
0.00331804
0.00331251
0.00330702
0.00330159
0.00329622
0.00329093
0.00328573
0.00328063
0.00327565
0.00327079
0.00326608
0.00326152
0.00325713
0.00325292
0.00324891
0.00324511
0.00324154
0.0032382
0.00323512
0.00323231
0.00322979
0.00322756
0.00322565
0.00322406
0.00322281
0.00322191
0.00322137
0.00322118
0.00322137
0.00322191
0.00322281
0.00322405
0.00322561
0.00322745
0.00322955
0.00323184
0.00323427
0.00323677
0.00323923
0.00324157
0.00324365
0.00324535
0.00324652
0.00324699
0.00324659
0.00324512
0.00324239
0.00323818
0.00323229
0.0032245
0.0032146
0.00320238
0.00318765
0.0031702
0.00314988
0.00312652
0.00309997
0.00307009
0.00303676
0.00299982
0.00295915
0.00291455
0.00286584
0.00281278
0.00275515
0.00269278
0.00262569
0.00255436
0.00248029
0.00240687
0.00234114
0.00229682
0.00229986
0.00239743
0.00266622
0.00326262
0.00344141
0.00343557
0.00342978
0.00342407
0.00341841
0.00341279
0.00340718
0.00340158
0.00339598
0.00339038
0.00338476
0.00337913
0.00337348
0.0033678
0.0033621
0.00335638
0.00335063
0.00334486
0.00333908
0.00333328
0.00332747
0.00332166
0.00331586
0.00331006
0.00330429
0.00329855
0.00329284
0.00328719
0.0032816
0.00327609
0.00327066
0.00326533
0.00326011
0.00325501
0.00325006
0.00324525
0.00324061
0.00323616
0.00323189
0.00322783
0.003224
0.00322041
0.00321707
0.00321399
0.00321121
0.00320872
0.00320654
0.0032047
0.0032032
0.00320205
0.00320128
0.00320088
0.00320086
0.00320123
0.00320198
0.00320311
0.0032046
0.00320644
0.00320859
0.00321101
0.00321365
0.00321645
0.00321933
0.00322219
0.00322493
0.00322742
0.00322951
0.00323104
0.00323184
0.00323173
0.00323048
0.00322789
0.00322373
0.00321778
0.00320979
0.00319954
0.0031868
0.00317136
0.00315302
0.00313157
0.00310686
0.00307871
0.00304697
0.00301148
0.00297208
0.00292859
0.0028808
0.00282847
0.00277135
0.00270922
0.00264202
0.00257012
0.00249479
0.00241909
0.00234966
0.00229969
0.00229468
0.00238176
0.00263863
0.00321981
0.00343438
0.00342825
0.00342218
0.00341619
0.00341026
0.00340436
0.00339849
0.00339264
0.0033868
0.00338095
0.00337511
0.00336925
0.00336337
0.00335748
0.00335157
0.00334564
0.00333969
0.00333372
0.00332774
0.00332174
0.00331574
0.00330974
0.00330373
0.00329774
0.00329177
0.00328583
0.00327992
0.00327407
0.00326827
0.00326253
0.00325689
0.00325133
0.00324588
0.00324055
0.00323536
0.00323031
0.00322543
0.00322072
0.0032162
0.00321189
0.0032078
0.00320394
0.00320034
0.003197
0.00319395
0.00319119
0.00318875
0.00318664
0.00318488
0.00318348
0.00318245
0.00318181
0.00318156
0.00318172
0.00318228
0.00318326
0.00318463
0.00318639
0.00318851
0.00319098
0.00319373
0.00319672
0.00319989
0.00320315
0.00320639
0.00320951
0.00321237
0.00321481
0.00321666
0.00321774
0.00321783
0.00321672
0.00321416
0.00320993
0.00320376
0.0031954
0.00318461
0.00317115
0.00315478
0.00313527
0.00311243
0.00308606
0.00305598
0.00302201
0.00298398
0.00294168
0.0028949
0.00284339
0.00278687
0.00272509
0.00265792
0.0025856
0.0025092
0.0024315
0.00235869
0.00230347
0.00229084
0.0023678
0.00261298
0.00317937
0.00342816
0.00342177
0.00341544
0.00340919
0.00340301
0.00339686
0.00339075
0.00338466
0.00337859
0.00337252
0.00336645
0.00336038
0.00335429
0.0033482
0.00334209
0.00333596
0.00332981
0.00332365
0.00331748
0.00331129
0.0033051
0.00329891
0.00329272
0.00328654
0.00328038
0.00327424
0.00326814
0.00326209
0.00325608
0.00325015
0.00324429
0.00323852
0.00323285
0.00322729
0.00322187
0.00321658
0.00321146
0.00320651
0.00320174
0.00319717
0.00319282
0.00318871
0.00318484
0.00318124
0.00317792
0.00317489
0.00317218
0.0031698
0.00316777
0.0031661
0.00316481
0.00316391
0.00316342
0.00316334
0.00316369
0.00316447
0.00316568
0.0031673
0.00316934
0.00317177
0.00317455
0.00317764
0.00318099
0.00318452
0.00318815
0.00319177
0.00319525
0.00319845
0.0032012
0.00320333
0.00320461
0.00320483
0.00320375
0.00320112
0.00319666
0.00319012
0.00318121
0.00316968
0.00315526
0.00313769
0.00311674
0.00309219
0.00306383
0.00303146
0.00299486
0.00295384
0.00290816
0.00285755
0.00280172
0.00274039
0.00267337
0.00260077
0.00252349
0.00244401
0.00236814
0.00230803
0.00228819
0.0023554
0.00258912
0.00314117
0.00342269
0.00341605
0.00340948
0.003403
0.00339658
0.00339021
0.00338387
0.00337756
0.00337127
0.00336499
0.00335872
0.00335244
0.00334615
0.00333986
0.00333356
0.00332724
0.0033209
0.00331456
0.0033082
0.00330183
0.00329546
0.00328908
0.00328271
0.00327635
0.00327001
0.00326368
0.0032574
0.00325115
0.00324495
0.00323882
0.00323275
0.00322677
0.00322089
0.00321512
0.00320948
0.00320396
0.00319861
0.00319341
0.0031884
0.00318359
0.00317899
0.00317461
0.00317049
0.00316662
0.00316303
0.00315974
0.00315675
0.0031541
0.0031518
0.00314985
0.00314829
0.00314713
0.00314637
0.00314605
0.00314616
0.00314671
0.00314772
0.00314917
0.00315107
0.0031534
0.00315614
0.00315926
0.0031627
0.00316641
0.00317031
0.0031743
0.00317828
0.0031821
0.00318562
0.00318864
0.00319097
0.00319239
0.00319265
0.0031915
0.00318865
0.00318382
0.00317673
0.00316707
0.00315456
0.00313892
0.00311987
0.00309717
0.00307057
0.00303984
0.00300476
0.00296509
0.00292058
0.00287096
0.00281591
0.00275513
0.00268835
0.00261561
0.00253761
0.00245658
0.00237791
0.00231327
0.00228659
0.00234442
0.00256692
0.0031051
0.0034179
0.00341104
0.00340425
0.00339755
0.00339092
0.00338433
0.00337779
0.00337127
0.00336478
0.0033583
0.00335182
0.00334535
0.00333888
0.0033324
0.00332591
0.0033194
0.00331289
0.00330636
0.00329983
0.00329328
0.00328673
0.00328018
0.00327363
0.00326709
0.00326057
0.00325407
0.0032476
0.00324116
0.00323478
0.00322845
0.00322219
0.00321602
0.00320993
0.00320395
0.00319809
0.00319236
0.00318677
0.00318135
0.0031761
0.00317104
0.0031662
0.00316157
0.00315719
0.00315306
0.0031492
0.00314564
0.00314239
0.00313946
0.00313688
0.00313466
0.00313283
0.00313139
0.00313036
0.00312977
0.00312963
0.00312994
0.00313072
0.00313197
0.00313369
0.00313588
0.00313852
0.00314159
0.00314505
0.00314885
0.00315293
0.00315719
0.00316155
0.00316588
0.00317002
0.00317382
0.00317706
0.00317954
0.00318101
0.00318121
0.00317986
0.00317664
0.00317127
0.00316342
0.00315278
0.00313903
0.00312189
0.00310104
0.00307624
0.0030472
0.00301369
0.00297544
0.00293219
0.00288363
0.00282945
0.00276929
0.00270286
0.00263009
0.00255152
0.00246914
0.00238795
0.00231909
0.00228595
0.00233474
0.00254626
0.00307112
0.00341375
0.00340669
0.00339969
0.00339279
0.00338596
0.00337917
0.00337243
0.00336572
0.00335904
0.00335237
0.00334571
0.00333906
0.0033324
0.00332574
0.00331907
0.00331239
0.0033057
0.003299
0.0032923
0.00328558
0.00327886
0.00327213
0.00326541
0.0032587
0.003252
0.00324532
0.00323867
0.00323206
0.00322549
0.00321898
0.00321253
0.00320616
0.00319987
0.00319369
0.00318762
0.00318168
0.00317588
0.00317023
0.00316475
0.00315946
0.00315437
0.0031495
0.00314486
0.00314047
0.00313636
0.00313253
0.00312901
0.00312581
0.00312296
0.00312046
0.00311835
0.00311663
0.00311533
0.00311447
0.00311405
0.00311411
0.00311464
0.00311566
0.00311718
0.00311919
0.00312169
0.00312466
0.00312807
0.00313189
0.00313606
0.00314051
0.00314515
0.00314986
0.00315452
0.00315896
0.00316299
0.0031664
0.00316895
0.00317038
0.0031704
0.0031687
0.00316496
0.00315885
0.00315001
0.00313813
0.00312286
0.00310388
0.00308089
0.00305359
0.0030217
0.00298493
0.002943
0.00289558
0.00284234
0.00278289
0.00271689
0.0026442
0.00256522
0.00248166
0.00239818
0.00232541
0.00228615
0.00232625
0.00252703
0.00303926
0.00341019
0.00340294
0.00339576
0.00338867
0.00338165
0.00337468
0.00336776
0.00336087
0.003354
0.00334716
0.00334032
0.00333349
0.00332666
0.00331983
0.00331299
0.00330614
0.00329928
0.00329242
0.00328554
0.00327865
0.00327176
0.00326487
0.00325798
0.0032511
0.00324423
0.00323738
0.00323055
0.00322376
0.00321702
0.00321032
0.00320369
0.00319713
0.00319065
0.00318427
0.003178
0.00317185
0.00316584
0.00315997
0.00315427
0.00314875
0.00314343
0.00313832
0.00313343
0.0031288
0.00312443
0.00312034
0.00311655
0.00311308
0.00310995
0.00310718
0.00310479
0.0031028
0.00310122
0.00310008
0.00309939
0.00309917
0.00309945
0.00310022
0.00310151
0.00310331
0.00310563
0.00310846
0.00311177
0.00311555
0.00311974
0.00312429
0.00312912
0.00313413
0.00313919
0.00314416
0.00314885
0.00315308
0.00315659
0.00315913
0.00316041
0.00316011
0.00315791
0.00315344
0.00314635
0.00313628
0.00312286
0.00310574
0.00308457
0.00305903
0.0030288
0.00299357
0.00295302
0.00290681
0.00285458
0.00279592
0.00273045
0.00265794
0.00257866
0.0024941
0.00240855
0.00233215
0.0022871
0.00231884
0.00250913
0.00300965
0.00340719
0.00339977
0.00339241
0.00338515
0.00337796
0.00337082
0.00336372
0.00335666
0.00334963
0.00334261
0.00333561
0.00332861
0.00332162
0.00331462
0.00330761
0.0033006
0.00329358
0.00328655
0.00327951
0.00327246
0.0032654
0.00325834
0.00325129
0.00324424
0.0032372
0.00323018
0.00322318
0.00321622
0.0032093
0.00320242
0.00319561
0.00318887
0.0031822
0.00317563
0.00316916
0.00316281
0.00315659
0.00315052
0.0031446
0.00313886
0.00313331
0.00312796
0.00312284
0.00311796
0.00311334
0.00310899
0.00310495
0.00310121
0.00309781
0.00309477
0.0030921
0.00308983
0.00308797
0.00308655
0.00308558
0.00308509
0.00308509
0.00308561
0.00308665
0.00308822
0.00309033
0.00309298
0.00309616
0.00309984
0.003104
0.00310858
0.00311352
0.00311873
0.0031241
0.0031295
0.00313475
0.00313967
0.00314402
0.00314755
0.00314998
0.00315098
0.0031502
0.0031473
0.00314188
0.00313357
0.00312196
0.00310668
0.00308733
0.00306357
0.00303504
0.00300139
0.00296228
0.00291735
0.0028662
0.0028084
0.00274353
0.0026713
0.00259184
0.00250644
0.00241902
0.00233925
0.00228873
0.00231244
0.00249248
0.00298254
0.00340471
0.00339713
0.00338962
0.00338219
0.00337484
0.00336754
0.00336028
0.00335306
0.00334586
0.00333869
0.00333152
0.00332437
0.00331721
0.00331006
0.00330289
0.00329572
0.00328854
0.00328135
0.00327415
0.00326694
0.00325972
0.0032525
0.00324528
0.00323807
0.00323087
0.00322368
0.00321651
0.00320938
0.00320228
0.00319523
0.00318824
0.00318132
0.00317447
0.00316771
0.00316105
0.0031545
0.00314808
0.0031418
0.00313568
0.00312972
0.00312395
0.00311837
0.00311302
0.0031079
0.00310303
0.00309844
0.00309414
0.00309014
0.00308648
0.00308316
0.00308022
0.00307767
0.00307553
0.00307383
0.00307258
0.00307181
0.00307154
0.00307178
0.00307256
0.00307389
0.00307577
0.00307821
0.00308121
0.00308476
0.00308883
0.00309339
0.00309837
0.00310371
0.00310931
0.00311504
0.00312074
0.00312625
0.00313133
0.00313575
0.0031392
0.00314139
0.00314195
0.00314052
0.0031367
0.00313007
0.00312023
0.00310676
0.00308923
0.00306726
0.00304045
0.00300843
0.0029708
0.0029272
0.00287719
0.00282033
0.00275614
0.00268428
0.00260475
0.00251864
0.00242956
0.00234666
0.00229096
0.00230694
0.00247698
0.00295837
0.00340272
0.00339499
0.00338734
0.00337976
0.00337226
0.00336481
0.0033574
0.00335002
0.00334268
0.00333535
0.00332803
0.00332073
0.00331342
0.00330611
0.00329879
0.00329146
0.00328413
0.00327678
0.00326942
0.00326206
0.00325468
0.0032473
0.00323992
0.00323255
0.00322518
0.00321783
0.00321049
0.00320319
0.00319592
0.0031887
0.00318153
0.00317443
0.0031674
0.00316045
0.00315361
0.00314687
0.00314025
0.00313377
0.00312744
0.00312127
0.00311529
0.00310949
0.00310391
0.00309856
0.00309346
0.00308862
0.00308406
0.00307982
0.00307589
0.00307231
0.0030691
0.00306627
0.00306386
0.00306187
0.00306034
0.00305929
0.00305874
0.00305871
0.00305922
0.00306028
0.00306192
0.00306413
0.00306693
0.00307031
0.00307426
0.00307874
0.00308371
0.00308911
0.00309485
0.00310083
0.0031069
0.00311289
0.0031186
0.00312379
0.00312817
0.00313143
0.00313323
0.00313318
0.00313087
0.00312587
0.00311774
0.00310604
0.00309032
0.00307013
0.00304506
0.00301469
0.0029786
0.00293638
0.00288758
0.00283171
0.00276829
0.00269687
0.00261738
0.00253069
0.00244011
0.00235432
0.00229373
0.00230229
0.00246258
0.0029378
0.0034012
0.00339334
0.00338555
0.00337783
0.00337019
0.0033626
0.00335505
0.00334753
0.00334004
0.00333257
0.0033251
0.00331765
0.00331019
0.00330273
0.00329527
0.00328779
0.00328031
0.00327281
0.0032653
0.00325777
0.00325024
0.00324271
0.00323517
0.00322763
0.0032201
0.00321259
0.00320509
0.00319762
0.00319018
0.00318279
0.00317544
0.00316816
0.00316095
0.00315383
0.00314679
0.00313987
0.00313306
0.00312638
0.00311985
0.00311348
0.00310728
0.00310127
0.00309547
0.00308989
0.00308456
0.00307948
0.00307468
0.00307018
0.003066
0.00306216
0.00305868
0.00305559
0.0030529
0.00305063
0.00304883
0.00304749
0.00304666
0.00304634
0.00304658
0.00304737
0.00304875
0.00305072
0.0030533
0.00305648
0.00306026
0.00306463
0.00306953
0.00307494
0.00308076
0.00308691
0.00309326
0.00309966
0.0031059
0.00311175
0.00311696
0.0031212
0.00312412
0.00312536
0.00312447
0.00312103
0.00311455
0.00310458
0.00309063
0.00307223
0.00304891
0.00302022
0.0029857
0.00294491
0.00289737
0.00284257
0.00277996
0.00270907
0.00262971
0.00254258
0.00245067
0.0023622
0.00229698
0.00229841
0.0024492
0.00292178
0.00340013
0.00339214
0.00338422
0.00337638
0.00336861
0.00336088
0.0033532
0.00334555
0.00333792
0.00333031
0.00332271
0.00331511
0.00330751
0.00329991
0.0032923
0.00328468
0.00327704
0.00326939
0.00326173
0.00325406
0.00324637
0.00323868
0.00323099
0.00322329
0.0032156
0.00320792
0.00320026
0.00319262
0.00318502
0.00317745
0.00316994
0.00316248
0.00315509
0.00314779
0.00314057
0.00313346
0.00312646
0.00311959
0.00311286
0.00310628
0.00309988
0.00309366
0.00308764
0.00308185
0.00307628
0.00307097
0.00306594
0.0030612
0.00305677
0.00305267
0.00304893
0.00304557
0.00304261
0.00304007
0.00303798
0.00303637
0.00303525
0.00303466
0.00303461
0.00303513
0.00303624
0.00303795
0.00304029
0.00304325
0.00304685
0.00305106
0.00305586
0.00306122
0.00306707
0.00307333
0.00307988
0.00308659
0.00309327
0.0030997
0.00310563
0.00311074
0.00311471
0.00311713
0.00311758
0.00311561
0.00311073
0.00310245
0.00309024
0.0030736
0.00305203
0.00302504
0.00299213
0.00295281
0.00290658
0.0028529
0.00279118
0.00272089
0.00264175
0.00255429
0.00246119
0.00237026
0.00230067
0.00229524
0.0024368
0.00291169
0.00339948
0.00339138
0.00338335
0.00337539
0.00336749
0.00335964
0.00335183
0.00334405
0.00333629
0.00332855
0.00332082
0.00331308
0.00330535
0.00329761
0.00328985
0.00328209
0.00327431
0.00326651
0.0032587
0.00325088
0.00324304
0.0032352
0.00322735
0.00321949
0.00321164
0.0032038
0.00319598
0.00318817
0.0031804
0.00317267
0.00316498
0.00315735
0.00314978
0.0031423
0.0031349
0.0031276
0.00312041
0.00311335
0.00310643
0.00309965
0.00309305
0.00308662
0.0030804
0.00307438
0.0030686
0.00306306
0.00305779
0.00305281
0.00304814
0.00304379
0.0030398
0.00303617
0.00303295
0.00303014
0.00302778
0.00302588
0.00302449
0.00302361
0.00302328
0.00302352
0.00302435
0.0030258
0.00302789
0.00303062
0.003034
0.00303803
0.00304269
0.00304796
0.00305378
0.00306009
0.00306678
0.00307373
0.00308076
0.00308768
0.00309424
0.00310014
0.00310504
0.00310856
0.00311027
0.00310969
0.00310634
0.00309968
0.00308918
0.00307429
0.00305447
0.00302918
0.0029979
0.0029601
0.00291523
0.00286272
0.00280195
0.00273233
0.00265349
0.0025658
0.00247167
0.00237845
0.00230474
0.00229273
0.00242531
0.00290936
0.00339925
0.00339105
0.0033829
0.00337483
0.00336682
0.00335886
0.00335093
0.00334302
0.00333514
0.00332727
0.00331941
0.00331154
0.00330367
0.0032958
0.00328791
0.00328
0.00327208
0.00326414
0.00325618
0.00324821
0.00324022
0.00323222
0.00322422
0.00321621
0.0032082
0.0032002
0.00319221
0.00318424
0.0031763
0.0031684
0.00316054
0.00315273
0.00314499
0.00313733
0.00312975
0.00312227
0.00311489
0.00310764
0.00310053
0.00309356
0.00308675
0.00308012
0.00307369
0.00306746
0.00306146
0.0030557
0.00305021
0.003045
0.00304008
0.00303549
0.00303125
0.00302737
0.00302388
0.00302081
0.00301817
0.003016
0.00301433
0.00301317
0.00301255
0.00301251
0.00301307
0.00301424
0.00301606
0.00301854
0.0030217
0.00302552
0.00303002
0.00303516
0.00304091
0.00304722
0.00305399
0.00306111
0.00306843
0.00307575
0.00308285
0.00308944
0.00309519
0.00309971
0.00310258
0.00310333
0.00310143
0.00309634
0.0030875
0.00307433
0.00305624
0.00303267
0.00300304
0.00296678
0.00292332
0.00287203
0.00281227
0.00274339
0.00266493
0.00257712
0.00248209
0.00238677
0.00230915
0.00229082
0.00241471
0.00291724
0.00339942
0.00339112
0.00338288
0.0033747
0.00336659
0.00335851
0.00335047
0.00334245
0.00333445
0.00332646
0.00331847
0.00331048
0.00330248
0.00329447
0.00328644
0.0032784
0.00327033
0.00326225
0.00325415
0.00324603
0.00323789
0.00322974
0.00322158
0.00321341
0.00320525
0.00319708
0.00318893
0.0031808
0.00317269
0.00316462
0.00315659
0.00314861
0.00314069
0.00313285
0.00312509
0.00311743
0.00310987
0.00310243
0.00309512
0.00308796
0.00308096
0.00307413
0.00306749
0.00306105
0.00305484
0.00304886
0.00304315
0.00303771
0.00303256
0.00302773
0.00302324
0.00301911
0.00301537
0.00301203
0.00300913
0.00300669
0.00300474
0.0030033
0.0030024
0.00300208
0.00300235
0.00300325
0.0030048
0.00300702
0.00300993
0.00301353
0.00301784
0.00302282
0.00302847
0.00303473
0.00304152
0.00304875
0.00305629
0.00306394
0.0030715
0.0030787
0.0030852
0.00309064
0.00309459
0.00309657
0.00309605
0.00309248
0.00308525
0.00307376
0.0030574
0.00303554
0.00300757
0.00297289
0.00293086
0.00288085
0.00282215
0.00275407
0.00267607
0.00258823
0.00249243
0.00239517
0.00231388
0.00228947
0.00240495
0.00293842
0.00339997
0.00339158
0.00338325
0.00337498
0.00336676
0.00335858
0.00335043
0.0033423
0.00333419
0.00332608
0.00331797
0.00330986
0.00330173
0.00329359
0.00328543
0.00327725
0.00326905
0.00326083
0.00325258
0.00324431
0.00323603
0.00322773
0.00321941
0.00321109
0.00320276
0.00319444
0.00318612
0.00317782
0.00316955
0.00316131
0.0031531
0.00314495
0.00313686
0.00312884
0.0031209
0.00311305
0.00310531
0.00309768
0.00309019
0.00308283
0.00307563
0.00306861
0.00306176
0.00305512
0.0030487
0.00304251
0.00303658
0.00303091
0.00302554
0.00302047
0.00301574
0.00301137
0.00300737
0.00300378
0.00300062
0.00299791
0.00299568
0.00299397
0.00299279
0.00299219
0.00299218
0.0029928
0.00299407
0.00299603
0.00299868
0.00300205
0.00300613
0.00301094
0.00301645
0.00302262
0.00302939
0.00303669
0.00304437
0.00305229
0.00306024
0.00306795
0.00307513
0.00308141
0.00308635
0.00308948
0.00309027
0.00308814
0.00308248
0.00307264
0.00305797
0.00303782
0.00301152
0.00297844
0.00293789
0.00288918
0.0028316
0.00276438
0.00268691
0.00259912
0.00250267
0.00240364
0.00231887
0.00228864
0.00239601
0.00297668
0.00340091
0.00339245
0.00338403
0.00337567
0.00336736
0.00335909
0.00335084
0.00334261
0.00333438
0.00332616
0.00331794
0.0033097
0.00330145
0.00329318
0.00328489
0.00327657
0.00326823
0.00325987
0.00325148
0.00324306
0.00323463
0.00322617
0.0032177
0.00320922
0.00320073
0.00319225
0.00318377
0.0031753
0.00316686
0.00315844
0.00315007
0.00314174
0.00313347
0.00312528
0.00311715
0.00310912
0.0031012
0.00309338
0.0030857
0.00307815
0.00307076
0.00306354
0.00305649
0.00304965
0.00304302
0.00303662
0.00303047
0.00302459
0.00301899
0.00301369
0.00300873
0.00300411
0.00299987
0.00299603
0.0029926
0.00298963
0.00298714
0.00298515
0.0029837
0.00298282
0.00298253
0.00298287
0.00298386
0.00298554
0.00298793
0.00299105
0.0029949
0.00299951
0.00300485
0.0030109
0.00301762
0.00302492
0.0030327
0.00304082
0.00304909
0.00305725
0.00306502
0.00307205
0.0030779
0.00308211
0.00308413
0.00308338
0.00307922
0.00307099
0.00305799
0.00303953
0.00301492
0.00298344
0.00294439
0.00289704
0.00284062
0.00277432
0.00269744
0.0026098
0.0025128
0.00241215
0.00232411
0.00228829
0.00238787
0.00303619
0.00340205
0.00339351
0.00338502
0.00337658
0.00336819
0.00335982
0.00335148
0.00334315
0.00333482
0.00332649
0.00331816
0.00330981
0.00330144
0.00329305
0.00328464
0.0032762
0.00326773
0.00325923
0.0032507
0.00324214
0.00323356
0.00322496
0.00321634
0.0032077
0.00319906
0.00319042
0.00318178
0.00317315
0.00316454
0.00315596
0.00314741
0.00313891
0.00313047
0.0031221
0.0031138
0.00310559
0.00309748
0.00308948
0.00308161
0.00307387
0.00306629
0.00305887
0.00305163
0.00304459
0.00303776
0.00303115
0.00302479
0.00301869
0.00301287
0.00300735
0.00300216
0.00299731
0.00299283
0.00298873
0.00298506
0.00298183
0.00297907
0.00297682
0.00297509
0.00297393
0.00297337
0.00297342
0.00297414
0.00297554
0.00297766
0.00298052
0.00298414
0.00298852
0.00299368
0.00299958
0.0030062
0.00301348
0.00302131
0.00302957
0.00303809
0.00304664
0.00305493
0.00306262
0.00306931
0.00307451
0.0030777
0.00307826
0.00307555
0.00306887
0.00305751
0.00304072
0.00301777
0.00298791
0.00295038
0.00290441
0.00284917
0.00278383
0.00270761
0.00262019
0.00252277
0.00242066
0.00232956
0.0022884
0.00238056
0.0031204
0.00340269
0.00339412
0.0033856
0.00337712
0.00336867
0.00336026
0.00335186
0.00334347
0.00333508
0.00332668
0.00331828
0.00330985
0.00330139
0.00329292
0.00328441
0.00327586
0.00326729
0.00325868
0.00325003
0.00324136
0.00323265
0.00322392
0.00321517
0.0032064
0.00319762
0.00318883
0.00318004
0.00317126
0.00316249
0.00315375
0.00314505
0.00313639
0.00312778
0.00311923
0.00311076
0.00310238
0.00309409
0.00308592
0.00307786
0.00306995
0.00306218
0.00305457
0.00304714
0.0030399
0.00303287
0.00302607
0.0030195
0.00301319
0.00300716
0.00300143
0.00299601
0.00299093
0.00298622
0.00298189
0.00297797
0.00297449
0.00297148
0.00296896
0.00296697
0.00296554
0.0029647
0.00296449
0.00296493
0.00296606
0.00296791
0.00297051
0.00297388
0.00297804
0.002983
0.00298874
0.00299524
0.00300246
0.00301031
0.00301867
0.00302739
0.00303626
0.00304501
0.00305331
0.00306075
0.00306688
0.00307114
0.00307293
0.00307159
0.0030664
0.00305661
0.00304143
0.0030201
0.0029918
0.00295576
0.00291114
0.00285708
0.00279271
0.00271718
0.00263005
0.00253233
0.00242897
0.00233509
0.00228894
0.00237421
0.00322716
0.00339449
0.00338597
0.00337753
0.00336917
0.00336087
0.00335263
0.00334441
0.00333622
0.00332804
0.00331985
0.00331166
0.00330344
0.0032952
0.00328693
0.00327862
0.00327027
0.00326188
0.00325344
0.00324496
0.00323644
0.00322787
0.00321927
0.00321063
0.00320197
0.00319327
0.00318456
0.00317584
0.00316711
0.00315839
0.00314968
0.00314099
0.00313233
0.00312372
0.00311515
0.00310666
0.00309823
0.0030899
0.00308166
0.00307354
0.00306555
0.0030577
0.00305
0.00304247
0.00303512
0.00302797
0.00302104
0.00301434
0.0030079
0.00300172
0.00299583
0.00299025
0.002985
0.00298011
0.0029756
0.00297149
0.00296782
0.0029646
0.00296187
0.00295967
0.00295801
0.00295695
0.00295651
0.00295672
0.00295762
0.00295925
0.00296163
0.0029648
0.00296877
0.00297356
0.00297917
0.00298558
0.00299275
0.00300062
0.00300908
0.00301798
0.00302713
0.00303627
0.00304509
0.00305319
0.0030601
0.00306529
0.00306814
0.00306797
0.00306403
0.00305556
0.00304175
0.00302176
0.00299477
0.00295995
0.00291645
0.00286337
0.0027998
0.00272485
0.00263801
0.00254011
0.00243579
0.00233963
0.00228919
0.0023684
0.00332585
)
;

boundaryField
{
    inlet
    {
        type            fixedValue;
        value           uniform 0.006;
    }
    flatBed
    {
        type            kqRWallFunction;
        value           nonuniform List<scalar> 
100
(
0.00617052
0.0063456
0.00652015
0.00669397
0.00686694
0.00703901
0.00721008
0.00738006
0.00754887
0.00771642
0.00788262
0.0080474
0.00821066
0.00837231
0.00853228
0.00869047
0.0088468
0.00900119
0.00915355
0.00930381
0.00945188
0.00959769
0.00974116
0.00988221
0.0100208
0.0101568
0.0102901
0.0104208
0.0105487
0.0106738
0.010796
0.0109153
0.0110315
0.0111447
0.0112548
0.0113617
0.0114654
0.0115659
0.0116631
0.0117569
0.0118474
0.0119344
0.012018
0.0120981
0.0121746
0.0122476
0.012317
0.0123828
0.012445
0.0125034
0.0125582
0.0126091
0.0126564
0.0126998
0.0127394
0.0127752
0.012807
0.012835
0.012859
0.012879
0.012895
0.0129069
0.0129148
0.0129185
0.0129181
0.0129134
0.0129044
0.0128912
0.0128735
0.0128513
0.0128247
0.0127934
0.0127574
0.0127166
0.0126709
0.0126202
0.0125643
0.0125031
0.0124365
0.0123641
0.012286
0.0122017
0.012111
0.0120136
0.0119092
0.0117974
0.0116776
0.0115493
0.0114119
0.0112645
0.0111062
0.0109358
0.0107518
0.0105524
0.010335
0.0100963
0.00983139
0.0095326
0.00918762
0.00875999
)
;
    }
    slope
    {
        type            kqRWallFunction;
        value           nonuniform List<scalar> 
100
(
0.00819529
0.00788325
0.00768784
0.00755761
0.00747023
0.00741463
0.00738404
0.00737391
0.00738101
0.007403
0.00743812
0.00748504
0.00754269
0.00761025
0.00768704
0.0077725
0.00786618
0.0079668
0.00807234
0.00818257
0.00829734
0.00841647
0.00853985
0.00866736
0.00879886
0.00893426
0.00907345
0.00921631
0.00936274
0.00951262
0.00966582
0.00982221
0.00998166
0.010144
0.0103091
0.0104769
0.010647
0.0108193
0.0109937
0.0111699
0.0113477
0.0115269
0.0117072
0.0118883
0.0120701
0.0122522
0.0124344
0.0126163
0.0127977
0.0129783
0.0131577
0.0133357
0.0135118
0.0136859
0.0138575
0.0140264
0.0141921
0.0143545
0.0145131
0.0146678
0.014818
0.0149636
0.0151043
0.0152398
0.0153699
0.0154942
0.0156125
0.0157247
0.0158305
0.0159298
0.0160222
0.0161078
0.0161864
0.0162578
0.0163219
0.0163786
0.0164279
0.0164697
0.0165038
0.0165303
0.0165491
0.0165601
0.0165631
0.0165581
0.0165448
0.0165231
0.0164924
0.0164525
0.0164028
0.0163421
0.0162692
0.0161824
0.0160791
0.0159553
0.0158052
0.0156181
0.0153815
0.0150475
0.014634
0.0142273
)
;
    }
    top
    {
        type            inletOutlet;
        inletValue      uniform 0.006;
        value           nonuniform List<scalar> 
200
(
0.00595171
0.00590332
0.00585568
0.00580877
0.00576258
0.00571708
0.00567226
0.00562811
0.00558462
0.00554176
0.00549953
0.00545791
0.00541689
0.00537647
0.00533661
0.00529732
0.00525859
0.00522039
0.00518273
0.00514559
0.00510896
0.00507283
0.00503719
0.00500204
0.00496736
0.00493315
0.00489939
0.00486609
0.00483322
0.00480079
0.00476879
0.0047372
0.00470603
0.00467527
0.0046449
0.00461493
0.00458535
0.00455616
0.00452734
0.00449889
0.00447082
0.0044431
0.00441575
0.00438875
0.00436211
0.00433581
0.00430986
0.00428425
0.00425898
0.00423405
0.00420946
0.0041852
0.00416127
0.00413767
0.0041144
0.00409147
0.00406885
0.00404657
0.00402462
0.00400299
0.0039817
0.00396073
0.00394009
0.00391979
0.00389981
0.00388017
0.00386087
0.0038419
0.00382326
0.00380497
0.00378701
0.0037694
0.00375213
0.0037352
0.00371861
0.00370237
0.00368646
0.0036709
0.00365568
0.0036408
0.00362625
0.00361203
0.00359814
0.00358457
0.00357132
0.00355838
0.00354574
0.00353339
0.00352132
0.00350953
0.00349799
0.0034867
0.00347565
0.00346481
0.00345418
0.00344373
0.00343345
0.00342333
0.00341333
0.0034033
0.00339449
0.00338597
0.00337753
0.00336917
0.00336087
0.00335263
0.00334441
0.00333622
0.00332804
0.00331985
0.00331166
0.00330344
0.0032952
0.00328693
0.00327862
0.00327027
0.00326188
0.00325344
0.00324496
0.00323644
0.00322787
0.00321927
0.00321063
0.00320197
0.00319327
0.00318456
0.00317584
0.00316711
0.00315839
0.00314968
0.00314099
0.00313233
0.00312372
0.00311515
0.00310666
0.00309823
0.0030899
0.00308166
0.00307354
0.00306555
0.0030577
0.00305
0.00304247
0.00303512
0.00302797
0.00302104
0.00301434
0.0030079
0.00300172
0.00299583
0.00299025
0.002985
0.00298011
0.0029756
0.00297149
0.00296782
0.0029646
0.00296187
0.00295967
0.00295801
0.00295695
0.00295651
0.00295672
0.00295762
0.00295925
0.00296163
0.0029648
0.00296877
0.00297356
0.00297917
0.00298558
0.00299275
0.00300062
0.00300908
0.00301798
0.00302713
0.00303627
0.00304509
0.00305319
0.0030601
0.00306529
0.00306814
0.00306797
0.00306403
0.00305556
0.00304175
0.00302176
0.00299477
0.00295995
0.00291645
0.00286337
0.0027998
0.00272485
0.00263801
0.00254011
0.00243579
0.00233963
0.00228919
0.0023684
0.00332585
)
;
    }
    frontAndBack
    {
        type            empty;
    }
    defaultFaces
    {
        type            empty;
    }
}


// ************************************************************************* //
