/*--------------------------------*- C++ -*----------------------------------*\
| =========                 |                                                 |
| \\      /  F ield         | OpenFOAM: The Open Source CFD Toolbox           |
|  \\    /   O peration     | Version:  2206                                  |
|   \\  /    A nd           | Website:  www.openfoam.com                      |
|    \\/     M anipulation  |                                                 |
\*---------------------------------------------------------------------------*/
FoamFile
{
    version     2.0;
    format      ascii;
    arch        "LSB;label=32;scalar=64";
    class       volScalarField;
    location    "1200";
    object      epsilon;
}
// * * * * * * * * * * * * * * * * * * * * * * * * * * * * * * * * * * * * * //

dimensions      [0 2 -3 0 0 0 0];

internalField   nonuniform List<scalar> 
25600
(
2.00624e-06
2.01586e-06
2.01769e-06
2.01726e-06
2.01513e-06
2.01137e-06
2.00605e-06
1.99906e-06
1.99036e-06
1.97976e-06
1.96714e-06
1.9523e-06
1.9351e-06
1.91536e-06
1.89299e-06
1.86789e-06
1.84017e-06
1.80999e-06
1.77789e-06
1.74475e-06
1.71212e-06
1.68249e-06
1.65987e-06
1.65037e-06
1.66311e-06
1.71088e-06
1.81071e-06
1.98371e-06
2.255e-06
2.6537e-06
3.21399e-06
3.97672e-06
4.99172e-06
6.31987e-06
8.03581e-06
1.02302e-05
1.30132e-05
1.65174e-05
2.09025e-05
2.63593e-05
3.31161e-05
4.1444e-05
5.16653e-05
6.41607e-05
7.93801e-05
9.78525e-05
0.000120206
0.000147209
0.000179674
0.000218531
0.000264903
0.000320064
0.000385473
0.000462781
0.000553862
0.000660813
0.000785981
0.00093196
0.00110158
0.00129823
0.00152526
0.00179075
0.00209551
0.00244472
0.00284341
0.00329699
0.00381131
0.00439253
0.0050472
0.00578215
0.00660454
0.00752178
0.00854152
0.00967164
0.0109201
0.0122952
0.013805
0.0154578
0.0172618
0.0192254
0.0213567
0.0236637
0.0261545
0.0288369
0.0317186
0.0348074
0.0381109
0.0416368
0.0453926
0.0493862
0.0536256
0.058119
0.0628753
0.0679035
0.0732135
0.078816
0.0847224
0.0909452
0.0974982
0.104396
0.111655
0.119292
0.127328
0.135782
0.144676
0.154035
0.163884
0.174249
0.185159
0.196644
0.208733
0.221459
0.234854
0.248951
0.263783
0.279382
0.295781
0.31301
0.3311
0.350077
0.369967
0.39079
0.412563
0.435299
0.459004
0.483676
0.509308
0.535879
0.563362
0.591715
0.620882
0.650791
0.68135
0.712448
0.743945
0.775677
0.807442
0.839001
0.870072
0.900318
0.929344
0.95669
0.981819
1.00412
1.02289
1.03738
1.04679
1.05029
1.04717
1.03979
1.03038
1.01879
1.00656
0.996736
0.993266
0.999232
1.01297
1.02309
1.00744
0.960783
1.08291
1.58309
2.27608
3.06786
3.85747
4.56104
5.14521
5.4962
5.62202
5.55442
5.33684
5.01377
4.62461
4.20128
3.768
3.3421
2.93535
2.55526
2.20609
1.88966
1.60587
1.35379
1.13156
0.937964
0.771107
0.628803
0.508786
0.408803
0.32673
0.260332
0.207488
0.16616
0.134401
0.110444
0.0926089
0.0795039
0.0699831
0.0631415
0.0582867
0.0549002
0.0525988
0.0511011
0.0502008
0.0497461
0.0496245
0.0497521
0.0500654
0.0505159
0.051066
0.0516861
0.0523525
0.0530462
0.0537511
0.0544542
0.055144
0.0558111
0.0564474
0.0570474
0.05761
0.0581453
0.0586528
0.0591018
0.0594881
0.0598078
0.0600567
0.0602307
0.0603259
0.0603381
0.0602624
0.0600934
0.0598243
0.0594459
0.0589448
0.0583006
0.0574814
0.0564331
0.0550328
0.052987
0.0498543
0.0451358
8.47314e-07
8.48602e-07
8.48853e-07
8.48498e-07
8.4761e-07
8.4618e-07
8.442e-07
8.41632e-07
8.38439e-07
8.34565e-07
8.29959e-07
8.24554e-07
8.18302e-07
8.11148e-07
8.03073e-07
7.94079e-07
7.84243e-07
7.73723e-07
7.62844e-07
7.52154e-07
7.42577e-07
7.35582e-07
7.33457e-07
7.39619e-07
7.58986e-07
7.98253e-07
8.66036e-07
9.72801e-07
1.13075e-06
1.35389e-06
1.65843e-06
2.06353e-06
2.59224e-06
3.27237e-06
4.13761e-06
5.22856e-06
6.59404e-06
8.29248e-06
1.03937e-05
1.29806e-05
1.61518e-05
2.00237e-05
2.47339e-05
3.0444e-05
3.73439e-05
4.56556e-05
5.56397e-05
6.76192e-05
8.19479e-05
9.90045e-05
0.000119248
0.000143202
0.000171464
0.00020471
0.000243704
0.000289307
0.000342483
0.000404316
0.000476028
0.000559282
0.000654462
0.000764245
0.000889826
0.00103304
0.00119581
0.00138021
0.00158846
0.00182287
0.0020859
0.00238012
0.00270819
0.00307286
0.00347699
0.00392347
0.00441527
0.00495537
0.00554679
0.00619256
0.0068957
0.0076592
0.00848603
0.00937913
0.0103414
0.0113756
0.0124847
0.0136713
0.0149381
0.016288
0.0177237
0.0192478
0.0208633
0.0225729
0.0243799
0.0262872
0.0282985
0.0304172
0.0326473
0.0349932
0.0374593
0.0400509
0.0427733
0.0456325
0.048635
0.0517876
0.055098
0.0585741
0.0622244
0.0660579
0.0700842
0.0743132
0.0787551
0.0834205
0.0883205
0.0934659
0.0988678
0.104537
0.110485
0.116721
0.123256
0.130099
0.137259
0.144741
0.152553
0.160698
0.169179
0.177996
0.187146
0.196624
0.206421
0.216524
0.226916
0.237575
0.248474
0.259578
0.270846
0.282228
0.293665
0.305087
0.316413
0.327547
0.338382
0.348792
0.358638
0.367766
0.376014
0.38322
0.389239
0.393976
0.397478
0.400956
0.405802
0.412867
0.423809
0.441286
0.468948
0.510595
0.567585
0.633881
0.692011
0.730814
0.833052
1.09152
1.38612
1.68451
1.95812
2.19233
2.38157
2.48952
2.51531
2.46953
2.3673
2.2245
2.05554
1.87235
1.68425
1.49819
1.31909
1.1503
0.993943
0.851101
0.722224
0.607477
0.506039
0.417504
0.341207
0.276294
0.2218
0.176707
0.139996
0.110564
0.0873611
0.0693996
0.0557558
0.0455962
0.0381354
0.0327331
0.0288706
0.0261423
0.0242404
0.0229375
0.0220675
0.0215107
0.0211812
0.0210171
0.0209734
0.0210173
0.0211248
0.0212775
0.0214617
0.0216665
0.0218835
0.0221061
0.0223286
0.0225466
0.0227564
0.0229551
0.0231406
0.0233117
0.0234689
0.0236149
0.0237493
0.0238607
0.0239472
0.0240071
0.0240393
0.0240423
0.0240148
0.0239556
0.023863
0.0237354
0.0235709
0.0233671
0.023121
0.0228284
0.0224845
0.0220828
0.0216187
0.0211105
0.0206718
0.020664
6.08405e-07
6.08924e-07
6.09047e-07
6.08816e-07
6.08258e-07
6.07369e-07
6.06138e-07
6.04544e-07
6.02563e-07
6.00163e-07
5.97317e-07
5.93993e-07
5.90168e-07
5.8583e-07
5.80988e-07
5.75686e-07
5.70028e-07
5.64202e-07
5.58537e-07
5.5357e-07
5.50155e-07
5.49613e-07
5.53933e-07
5.66024e-07
5.89985e-07
6.31322e-07
6.97056e-07
7.95663e-07
9.36955e-07
1.13208e-06
1.39385e-06
1.73726e-06
2.18021e-06
2.74424e-06
3.45527e-06
4.34446e-06
5.4491e-06
6.81367e-06
8.49111e-06
1.05442e-05
1.30471e-05
1.60874e-05
1.97679e-05
2.42093e-05
2.95527e-05
3.59627e-05
4.36322e-05
5.27963e-05
6.3706e-05
7.66478e-05
9.19552e-05
0.00011001
0.000131245
0.000156152
0.000185288
0.000219278
0.000258833
0.000304769
0.000357938
0.000419067
0.000488988
0.000569097
0.000660464
0.00076433
0.00088203
0.00101499
0.00116471
0.00133279
0.0015209
0.00173078
0.00196424
0.00222315
0.00250941
0.00282499
0.00317188
0.0035521
0.00396766
0.00442059
0.00491293
0.00544668
0.00602384
0.00664637
0.00731622
0.00803529
0.00880549
0.00962868
0.0105067
0.0114414
0.0124347
0.0134884
0.0146045
0.0157849
0.0170317
0.0183472
0.0197336
0.0211934
0.0227294
0.0243444
0.0260416
0.0278243
0.0296964
0.0316618
0.0337248
0.0358901
0.0381628
0.0405482
0.043052
0.0456801
0.0484389
0.051335
0.0543751
0.0575664
0.060916
0.0644311
0.068119
0.0719869
0.0760418
0.0802907
0.0847398
0.0893952
0.0942622
0.0993455
0.104649
0.110174
0.115924
0.121897
0.128091
0.134504
0.141129
0.147957
0.154977
0.162174
0.16953
0.177023
0.184626
0.192306
0.200025
0.20774
0.215398
0.22294
0.230299
0.2374
0.244162
0.2505
0.256331
0.261588
0.266235
0.270308
0.274008
0.278112
0.283754
0.29229
0.305893
0.327832
0.362466
0.414359
0.485497
0.570212
0.651822
0.716349
0.806706
0.982175
1.18356
1.38472
1.5765
1.74472
1.87822
1.95556
1.9737
1.93888
1.86149
1.75291
1.62373
1.48286
1.33737
1.19259
1.05242
0.919566
0.795844
0.682281
0.579495
0.48749
0.406034
0.33484
0.273425
0.221145
0.17725
0.140929
0.11134
0.0876187
0.0689242
0.0544557
0.0434642
0.0352664
0.0292497
0.0248995
0.0217966
0.0196112
0.0180919
0.0170519
0.0163551
0.0159035
0.0156271
0.0154762
0.0154152
0.0154185
0.0154674
0.0155483
0.0156511
0.0157678
0.0158925
0.0160205
0.0161481
0.0162723
0.0163908
0.0165017
0.0166037
0.0166962
0.0167789
0.0168524
0.0169152
0.0169627
0.0169935
0.0170067
0.0170016
0.0169774
0.0169337
0.0168699
0.0167854
0.01668
0.0165533
0.0164053
0.0162363
0.0160477
0.0158426
0.0156285
0.0154242
0.0152791
0.0153113
0.0157442
5.0876e-07
5.09057e-07
5.0914e-07
5.08985e-07
5.08596e-07
5.07968e-07
5.07092e-07
5.05954e-07
5.04538e-07
5.02826e-07
5.00801e-07
4.9845e-07
4.95766e-07
4.92758e-07
4.89457e-07
4.85932e-07
4.82309e-07
4.78802e-07
4.75759e-07
4.73729e-07
4.73556e-07
4.76516e-07
4.84496e-07
5.00214e-07
5.27464e-07
5.71318e-07
6.38235e-07
7.35997e-07
8.73572e-07
1.06107e-06
1.31e-06
1.63376e-06
2.0483e-06
2.57279e-06
3.23028e-06
4.04843e-06
5.06031e-06
6.30531e-06
7.83023e-06
9.69044e-06
1.19513e-05
1.46899e-05
1.79963e-05
2.19763e-05
2.67533e-05
3.24707e-05
3.92981e-05
4.74324e-05
5.70926e-05
6.85291e-05
8.20299e-05
9.79239e-05
0.000116585
0.000138436
0.000163957
0.000193692
0.000228259
0.000268304
0.000314392
0.000367269
0.000427714
0.000496738
0.000575289
0.000664397
0.000765165
0.000878767
0.00100645
0.00114951
0.00130932
0.00148731
0.00168495
0.00190376
0.0021453
0.00241116
0.00270297
0.00302234
0.00337093
0.00375039
0.00416234
0.00460844
0.00509029
0.00560951
0.00616767
0.00676635
0.00740709
0.00809145
0.00882096
0.00959715
0.0104216
0.0112959
0.0122216
0.0132005
0.0142342
0.0153248
0.0164742
0.0176845
0.018958
0.0202971
0.0217047
0.0231835
0.0247368
0.0263679
0.0280806
0.0298786
0.0317664
0.0337483
0.0358292
0.038014
0.0403081
0.0427168
0.0452458
0.047901
0.0506882
0.0536135
0.0566827
0.0599018
0.0632765
0.0668123
0.0705144
0.0743875
0.0784359
0.0826631
0.0870719
0.0916642
0.0964407
0.101401
0.106543
0.111863
0.117356
0.123015
0.128828
0.134784
0.140868
0.147059
0.153335
0.159669
0.166029
0.172378
0.178673
0.184865
0.1909
0.196718
0.202255
0.20745
0.212247
0.216612
0.220553
0.224169
0.22773
0.231935
0.237896
0.247214
0.262398
0.287131
0.326193
0.38439
0.463447
0.556875
0.648154
0.722753
0.804488
0.933888
1.09186
1.26002
1.42913
1.58245
1.70444
1.77832
1.79984
1.77342
1.70776
1.61284
1.49813
1.37177
1.24026
1.1086
0.980452
0.85842
0.744321
0.639242
0.543748
0.458024
0.382001
0.315441
0.25792
0.208862
0.167588
0.133352
0.105378
0.0828764
0.0650777
0.051245
0.0406881
0.0327748
0.0269411
0.022706
0.0196734
0.0175287
0.0160298
0.0149958
0.0142942
0.0138292
0.0135326
0.0133558
0.0132641
0.013233
0.0132447
0.0132862
0.0133481
0.0134232
0.0135061
0.0135927
0.0136796
0.0137645
0.0138453
0.0139204
0.0139889
0.0140499
0.014103
0.0141479
0.0141834
0.014207
0.0142177
0.0142147
0.0141977
0.0141663
0.0141202
0.0140592
0.0139836
0.0138933
0.0137891
0.0136719
0.0135436
0.0134076
0.01327
0.0131421
0.0130458
0.0130256
0.0131657
0.013594
4.54288e-07
4.54499e-07
4.54568e-07
4.54465e-07
4.54184e-07
4.53718e-07
4.53062e-07
4.52205e-07
4.51137e-07
4.49847e-07
4.48329e-07
4.46578e-07
4.44603e-07
4.42426e-07
4.40095e-07
4.37696e-07
4.35377e-07
4.33371e-07
4.32048e-07
4.3197e-07
4.33989e-07
4.39366e-07
4.49944e-07
4.68353e-07
4.98244e-07
5.44499e-07
6.13335e-07
7.12254e-07
8.49875e-07
1.03586e-06
1.28113e-06
1.59834e-06
2.00256e-06
2.51187e-06
3.14806e-06
3.93727e-06
4.91077e-06
6.10576e-06
7.56643e-06
9.34502e-06
1.15032e-05
1.41133e-05
1.72603e-05
2.10435e-05
2.55785e-05
3.1e-05
3.7466e-05
4.51573e-05
5.42792e-05
6.50659e-05
7.77856e-05
9.27437e-05
0.000110287
0.000130809
0.000154758
0.000182639
0.00021499
0.000252296
0.000295175
0.000344303
0.000400413
0.00046436
0.000537011
0.000619295
0.000712201
0.000816781
0.000934142
0.00106545
0.00121192
0.00137482
0.00155545
0.00175516
0.00197534
0.00221738
0.00248271
0.00277278
0.00308903
0.00343291
0.00380588
0.00420938
0.00464483
0.00511367
0.00561731
0.00615714
0.00673455
0.00735093
0.00800768
0.0087062
0.00944791
0.0102343
0.0110668
0.0119471
0.0128767
0.0138575
0.0148914
0.0159802
0.0171263
0.0183319
0.0195996
0.020932
0.0223322
0.0238034
0.025349
0.0269726
0.0286783
0.03047
0.0323524
0.03433
0.0364076
0.0385903
0.0408832
0.0432917
0.0458212
0.048477
0.0512645
0.054189
0.0572558
0.0604695
0.0638349
0.0673562
0.0710368
0.07488
0.0788879
0.0830619
0.0874024
0.0919086
0.0965783
0.101408
0.106392
0.111523
0.116791
0.122185
0.127689
0.133285
0.138953
0.144665
0.150393
0.156102
0.161753
0.1673
0.172695
0.177885
0.182814
0.18743
0.191694
0.195592
0.199162
0.202542
0.206061
0.210431
0.216827
0.227036
0.243829
0.27119
0.314132
0.377383
0.461865
0.559644
0.654161
0.731782
0.806912
0.910591
1.04315
1.19734
1.36218
1.51524
1.63814
1.71585
1.74342
1.72427
1.66623
1.57869
1.47075
1.35038
1.22402
1.09668
0.972068
0.852843
0.740979
0.637552
0.543284
0.458458
0.383098
0.316994
0.259744
0.210801
0.169509
0.135146
0.106958
0.0841844
0.06608
0.0519315
0.0410689
0.032876
0.0268001
0.0223637
0.0191687
0.016895
0.0152943
0.0141795
0.0134125
0.0128936
0.0125511
0.0123341
0.0122062
0.0121417
0.012122
0.0121337
0.012167
0.0122148
0.0122715
0.012333
0.0123961
0.0124584
0.012518
0.0125734
0.0126235
0.0126675
0.0127048
0.0127348
0.0127566
0.0127684
0.0127696
0.0127595
0.0127378
0.0127044
0.0126592
0.0126024
0.0125341
0.012455
0.0123661
0.0122689
0.012166
0.0120615
0.0119623
0.0118799
0.011834
0.0118592
0.0120122
0.0123701
4.20457e-07
4.2063e-07
4.20697e-07
4.20633e-07
4.20429e-07
4.20079e-07
4.19578e-07
4.18918e-07
4.18095e-07
4.17103e-07
4.15942e-07
4.14618e-07
4.13148e-07
4.11566e-07
4.09933e-07
4.08352e-07
4.06985e-07
4.06087e-07
4.06043e-07
4.07432e-07
4.11116e-07
4.18355e-07
4.30971e-07
4.51551e-07
4.83676e-07
5.32137e-07
6.03054e-07
7.03827e-07
8.42964e-07
1.02996e-06
1.2755e-06
1.59192e-06
1.99388e-06
2.49904e-06
3.12867e-06
3.90835e-06
4.86867e-06
6.04605e-06
7.48375e-06
9.23288e-06
1.13537e-05
1.39171e-05
1.70059e-05
2.07171e-05
2.51636e-05
3.04764e-05
3.68083e-05
4.43343e-05
5.32541e-05
6.37953e-05
7.62181e-05
9.08181e-05
0.000107931
0.000127939
0.000151274
0.000178411
0.000209772
0.000245897
0.000287376
0.000334853
0.000389029
0.000450687
0.000520647
0.000599782
0.000689021
0.000789348
0.000901797
0.00102746
0.00116746
0.00132297
0.00149522
0.00168544
0.00189492
0.00212496
0.00237687
0.00265198
0.00295163
0.00327717
0.00362993
0.00401125
0.00442245
0.00486487
0.0053398
0.00584857
0.00639247
0.00697282
0.00759094
0.00824818
0.00894589
0.0096855
0.0104685
0.0112963
0.0121708
0.0130934
0.0140662
0.0150911
0.0161702
0.0173059
0.0185007
0.0197573
0.0210786
0.0224677
0.0239281
0.0254634
0.0270775
0.0287743
0.0305583
0.0324339
0.0344058
0.0364789
0.0386583
0.040949
0.0433561
0.0458849
0.0485406
0.051328
0.0542521
0.0573175
0.0605283
0.0638886
0.0674015
0.0710698
0.0748953
0.0788793
0.0830216
0.0873211
0.0917755
0.0963808
0.101131
0.106019
0.111035
0.116167
0.1214
0.126715
0.132092
0.137506
0.142928
0.148323
0.153655
0.15888
0.163951
0.168819
0.173433
0.177751
0.181742
0.185408
0.188813
0.192133
0.19575
0.200423
0.207424
0.218716
0.2373
0.267412
0.314203
0.382137
0.470987
0.571008
0.665685
0.743319
0.813993
0.903505
1.02264
1.17136
1.33662
1.49365
1.62151
1.7053
1.73961
1.7271
1.675
1.59233
1.48806
1.37018
1.24526
1.11848
0.993698
0.873635
0.760612
0.655711
0.559856
0.473396
0.396442
0.328802
0.27009
0.219767
0.177182
0.141617
0.112323
0.0885419
0.0695348
0.0545928
0.0430482
0.0342841
0.0277431
0.0229375
0.0194554
0.0169615
0.0151929
0.0139499
0.0130845
0.0124888
0.0120856
0.0118195
0.0116509
0.011552
0.0115025
0.0114879
0.0114976
0.0115239
0.011561
0.0116045
0.011651
0.011698
0.0117436
0.0117861
0.0118245
0.0118579
0.0118854
0.0119066
0.0119204
0.0119257
0.0119218
0.0119082
0.0118848
0.0118514
0.0118081
0.0117551
0.0116929
0.0116223
0.0115444
0.011461
0.011375
0.0112906
0.0112145
0.0111569
0.0111344
0.0111726
0.0113099
0.0115955
3.97946e-07
3.98104e-07
3.98174e-07
3.98142e-07
3.97999e-07
3.97737e-07
3.97354e-07
3.96845e-07
3.96208e-07
3.95444e-07
3.94558e-07
3.93562e-07
3.92481e-07
3.91361e-07
3.90273e-07
3.89333e-07
3.88718e-07
3.88699e-07
3.89678e-07
3.92248e-07
3.97283e-07
4.06045e-07
4.20351e-07
4.42763e-07
4.7683e-07
5.27305e-07
6.00283e-07
7.03164e-07
8.4447e-07
1.03371e-06
1.28153e-06
1.6002e-06
2.00429e-06
2.51139e-06
3.14271e-06
3.92381e-06
4.88528e-06
6.06357e-06
7.50199e-06
9.2517e-06
1.1373e-05
1.39369e-05
1.70262e-05
2.07379e-05
2.51849e-05
3.04977e-05
3.6828e-05
4.43502e-05
5.3263e-05
6.37936e-05
7.62005e-05
9.07777e-05
0.000107859
0.000127822
0.000151094
0.00017806
0.000209197
0.000245034
0.000286149
0.000333171
0.000386785
0.000447739
0.000516828
0.000594896
0.00068284
0.000781605
0.000892189
0.00101563
0.00115302
0.00130547
0.00147416
0.00166026
0.00186499
0.0020896
0.00233533
0.00260345
0.00289523
0.00321195
0.00355488
0.00392529
0.00432444
0.00475361
0.00521406
0.00570703
0.0062338
0.00679564
0.00739384
0.00802973
0.00870465
0.00942001
0.0101773
0.010978
0.0118239
0.0127166
0.0136581
0.0146503
0.0156956
0.0167962
0.0179547
0.0191739
0.0204567
0.0218064
0.0232265
0.0247205
0.0262924
0.0279464
0.0296867
0.0315179
0.0334447
0.0354721
0.0376049
0.0398483
0.0422073
0.0446872
0.0472929
0.0500294
0.0529015
0.0559134
0.0590695
0.0623732
0.0658278
0.0694357
0.0731985
0.0771171
0.0811912
0.0854194
0.0897989
0.0943254
0.098993
0.103794
0.108718
0.113752
0.118882
0.124089
0.129352
0.134645
0.139941
0.145205
0.150399
0.155483
0.16041
0.165134
0.169609
0.173797
0.177679
0.181272
0.184664
0.188069
0.191922
0.197045
0.204828
0.217409
0.238014
0.271119
0.321974
0.394699
0.487659
0.58909
0.682808
0.759801
0.828438
0.911171
1.0241
1.17146
1.33902
1.5004
1.6334
1.72313
1.76378
1.75725
1.71018
1.6312
1.52915
1.4121
1.28685
1.15879
1.03201
0.909498
0.793581
0.685508
0.586518
0.496989
0.417156
0.346831
0.285646
0.233063
0.18843
0.151022
0.120081
0.0948446
0.074566
0.0585302
0.0460624
0.0365358
0.0293801
0.0240904
0.0202343
0.0174558
0.0154722
0.0140671
0.013079
0.0123898
0.0119144
0.0115917
0.0113782
0.0112428
0.0111632
0.0111233
0.0111114
0.011119
0.0111396
0.0111685
0.011202
0.0112375
0.0112727
0.011306
0.0113362
0.0113622
0.0113832
0.0113986
0.0114074
0.0114088
0.011402
0.0113868
0.0113628
0.0113302
0.011289
0.0112395
0.0111823
0.0111182
0.0110484
0.0109749
0.0109004
0.010829
0.0107667
0.0107225
0.0107093
0.0107462
0.0108597
0.0110831
3.82389e-07
3.82541e-07
3.8262e-07
3.82616e-07
3.82521e-07
3.82331e-07
3.82043e-07
3.81655e-07
3.81169e-07
3.80589e-07
3.79924e-07
3.79194e-07
3.78431e-07
3.77688e-07
3.77048e-07
3.76637e-07
3.76646e-07
3.7736e-07
3.79194e-07
3.82758e-07
3.88933e-07
3.98992e-07
4.14746e-07
4.38751e-07
4.74541e-07
5.26863e-07
6.01826e-07
7.06891e-07
8.5068e-07
1.04283e-06
1.29409e-06
1.61686e-06
2.02582e-06
2.53872e-06
3.17704e-06
3.96666e-06
4.93865e-06
6.13003e-06
7.5848e-06
9.35498e-06
1.15019e-05
1.40977e-05
1.72266e-05
2.09872e-05
2.5494e-05
3.08792e-05
3.72966e-05
4.49226e-05
5.39588e-05
6.46353e-05
7.72136e-05
9.19912e-05
0.000109305
0.000129536
0.000153052
0.000180275
0.00021169
0.000247823
0.000289251
0.000336599
0.000390546
0.000451827
0.000521225
0.000599572
0.00068775
0.000786687
0.000897359
0.00102079
0.00115803
0.00131018
0.00147837
0.00166375
0.00186752
0.00209086
0.00233499
0.00260114
0.00289054
0.00320443
0.00354403
0.00391059
0.00430534
0.0047295
0.00518431
0.00567101
0.00619085
0.00674507
0.00733498
0.0079619
0.00862719
0.00933228
0.0100787
0.0108679
0.0117018
0.0125821
0.0135107
0.0144898
0.0155217
0.0166087
0.0177537
0.0189594
0.020229
0.0215658
0.0229733
0.0244554
0.0260161
0.0276597
0.0293906
0.0312134
0.0331331
0.0351545
0.0372828
0.0395231
0.0418806
0.0443605
0.0469679
0.0497076
0.0525844
0.0556028
0.0587666
0.0620796
0.0655446
0.069164
0.0729393
0.076871
0.0809586
0.0852004
0.0895933
0.0941326
0.0988121
0.103623
0.108556
0.113596
0.11873
0.123937
0.129197
0.134484
0.139768
0.145016
0.150191
0.155252
0.160154
0.164854
0.169309
0.173488
0.177381
0.181023
0.184526
0.188142
0.192364
0.198086
0.206827
0.220906
0.243784
0.280188
0.335475
0.413422
0.510794
0.613749
0.706841
0.784197
0.853436
0.934292
1.04535
1.19315
1.36278
1.52699
1.66364
1.75794
1.80386
1.80253
1.75985
1.68396
1.58352
1.46665
1.34028
1.21005
1.08026
0.954294
0.834608
0.722762
0.619904
0.526403
0.44289
0.369145
0.304828
0.249405
0.20222
0.162535
0.12958
0.102578
0.0807687
0.0634242
0.0498563
0.0394236
0.0315379
0.0256731
0.021373
0.0182568
0.0160189
0.014423
0.0132915
0.012494
0.011936
0.0115498
0.0112867
0.0111122
0.0110012
0.0109357
0.0109027
0.0108926
0.0108982
0.0109143
0.0109369
0.0109628
0.0109897
0.0110158
0.0110397
0.0110603
0.0110766
0.011088
0.0110936
0.0110924
0.011084
0.011068
0.0110443
0.0110127
0.0109735
0.010927
0.0108738
0.0108147
0.010751
0.0106845
0.0106179
0.0105549
0.0105007
0.0104627
0.0104513
0.0104806
0.0105694
0.0107414
3.71448e-07
3.71599e-07
3.71687e-07
3.71708e-07
3.71655e-07
3.71525e-07
3.71317e-07
3.71031e-07
3.70671e-07
3.70244e-07
3.69766e-07
3.69261e-07
3.68766e-07
3.68344e-07
3.68085e-07
3.68126e-07
3.68671e-07
3.70015e-07
3.72589e-07
3.77013e-07
3.84182e-07
3.95373e-07
4.12402e-07
4.37823e-07
4.75168e-07
5.29196e-07
6.06061e-07
7.13319e-07
8.59757e-07
1.05522e-06
1.31069e-06
1.6388e-06
2.05452e-06
2.57596e-06
3.22508e-06
4.02838e-06
5.0177e-06
6.23106e-06
7.71363e-06
9.51891e-06
1.17099e-05
1.43608e-05
1.75582e-05
2.14036e-05
2.60139e-05
3.15252e-05
3.80952e-05
4.59047e-05
5.51605e-05
6.60983e-05
7.89862e-05
9.41281e-05
0.000111869
0.000132555
0.000156573
0.000184366
0.000216421
0.000253273
0.000295501
0.000343736
0.000398659
0.000461004
0.000531553
0.000611136
0.000700633
0.000800968
0.000913111
0.00103807
0.0011769
0.00133067
0.00150051
0.00168756
0.00189297
0.00211794
0.00236364
0.00263129
0.0029221
0.00323727
0.00357802
0.00394557
0.00434113
0.00476592
0.00522116
0.00570807
0.00622791
0.00678193
0.00737146
0.00799781
0.0086624
0.0093667
0.0101122
0.0109007
0.0117338
0.0126135
0.0135418
0.014521
0.0155534
0.0166416
0.0177885
0.0189971
0.0202706
0.0216125
0.0230266
0.0245169
0.0260876
0.0277431
0.0294881
0.0313274
0.033266
0.0353091
0.0374619
0.0397298
0.0421181
0.0446319
0.0472767
0.0500572
0.0529784
0.0560446
0.0592599
0.0626277
0.066151
0.069832
0.0736719
0.0776712
0.0818291
0.0861436
0.0906112
0.095227
0.0999841
0.104874
0.109885
0.115004
0.120215
0.125499
0.130834
0.136193
0.141546
0.146862
0.152101
0.157225
0.16219
0.166954
0.171481
0.175744
0.179747
0.18354
0.187263
0.191209
0.19593
0.202398
0.212271
0.228058
0.253469
0.293507
0.353691
0.43753
0.540069
0.645567
0.739664
0.819665
0.892167
0.974164
1.08548
1.23372
1.40367
1.56795
1.70572
1.8026
1.85239
1.85544
1.81672
1.74375
1.64483
1.52804
1.40032
1.26754
1.13444
1.00463
0.880772
0.764673
0.65755
0.559991
0.472302
0.394638
0.326733
0.268065
0.217968
0.175694
0.140455
0.111457
0.0879206
0.0691017
0.0542945
0.0428394
0.0341279
0.0276103
0.0228047
0.0193034
0.0167755
0.0149623
0.0136681
0.0127483
0.0120978
0.0116409
0.0113235
0.0111066
0.0109622
0.0108701
0.0108157
0.0107881
0.0107793
0.0107834
0.0107959
0.0108134
0.0108331
0.0108532
0.010872
0.0108883
0.0109011
0.0109096
0.0109128
0.0109101
0.0109007
0.0108845
0.0108611
0.0108307
0.0107934
0.0107494
0.0106994
0.0106441
0.0105849
0.0105235
0.0104622
0.0104043
0.0103543
0.0103184
0.0103047
0.0103239
0.0103896
0.0105196
3.63745e-07
3.63898e-07
3.63998e-07
3.64041e-07
3.64025e-07
3.63947e-07
3.63807e-07
3.63609e-07
3.63357e-07
3.63064e-07
3.62747e-07
3.62436e-07
3.62176e-07
3.62033e-07
3.62108e-07
3.62547e-07
3.63563e-07
3.65464e-07
3.68691e-07
3.73879e-07
3.81931e-07
3.94134e-07
4.12308e-07
4.39011e-07
4.77784e-07
5.33409e-07
6.12102e-07
7.21548e-07
8.70738e-07
1.06979e-06
1.33002e-06
1.66442e-06
2.08836e-06
2.62047e-06
3.28336e-06
4.10439e-06
5.11644e-06
6.35884e-06
7.87836e-06
9.7304e-06
1.19803e-05
1.47048e-05
1.79939e-05
2.19525e-05
2.67013e-05
3.23817e-05
3.91567e-05
4.72133e-05
5.67653e-05
6.80566e-05
8.13638e-05
9.70006e-05
0.000115295
0.000136601
0.00016133
0.000189936
0.000222916
0.000260814
0.000304221
0.000353777
0.000410172
0.000474147
0.000546493
0.000628045
0.00071969
0.000822355
0.000937013
0.00106468
0.0012064
0.00136325
0.00153635
0.00172683
0.00193585
0.00216459
0.00241421
0.00268593
0.00298093
0.00330043
0.00364562
0.00401771
0.00441791
0.00484744
0.00530751
0.00579937
0.00632426
0.00688348
0.00747836
0.00811026
0.00878064
0.00949102
0.010243
0.0110383
0.0118789
0.0127666
0.0137037
0.0146926
0.0157357
0.0168358
0.0179959
0.0192193
0.0205093
0.0218697
0.0233045
0.0248178
0.026414
0.028098
0.0298745
0.0317487
0.0337257
0.035811
0.0380101
0.0403284
0.0427715
0.0453448
0.0480536
0.0509032
0.0538983
0.0570436
0.0603429
0.0637999
0.0674174
0.0711975
0.0751413
0.0792491
0.0835199
0.0879514
0.0925398
0.0972796
0.102164
0.107183
0.112325
0.117577
0.122922
0.12834
0.133807
0.139299
0.144784
0.15023
0.1556
0.160853
0.16595
0.170851
0.175524
0.179952
0.184148
0.188184
0.192228
0.196616
0.201963
0.209329
0.2205
0.238197
0.266392
0.310398
0.375973
0.466525
0.575342
0.685418
0.783354
0.869134
0.947214
1.03161
1.14333
1.29015
1.45745
1.61826
1.75407
1.8515
1.90385
1.91059
1.87566
1.80574
1.70862
1.59203
1.46315
1.32808
1.19178
1.05814
0.930059
0.809562
0.698009
0.59615
0.504339
0.422579
0.350771
0.288566
0.235294
0.190196
0.152469
0.121297
0.0958803
0.0754544
0.0592939
0.0467188
0.0370987
0.0298597
0.0244927
0.0205623
0.0177105
0.0156546
0.0141788
0.0131229
0.0123698
0.0118351
0.0114581
0.0111952
0.011015
0.0108948
0.010818
0.0107725
0.0107492
0.0107416
0.0107445
0.010754
0.0107673
0.010782
0.0107964
0.010809
0.0108189
0.010825
0.0108266
0.0108227
0.0108128
0.0107965
0.0107738
0.0107444
0.0107086
0.0106667
0.0106193
0.010567
0.0105111
0.0104531
0.0103952
0.0103403
0.0102921
0.0102557
0.0102376
0.0102459
0.010291
0.0103863
3.58413e-07
3.5857e-07
3.58681e-07
3.58747e-07
3.58764e-07
3.58732e-07
3.58653e-07
3.58531e-07
3.58375e-07
3.582e-07
3.58026e-07
3.57888e-07
3.57836e-07
3.57942e-07
3.58316e-07
3.59111e-07
3.6055e-07
3.62952e-07
3.66769e-07
3.72647e-07
3.81499e-07
3.94622e-07
4.13842e-07
4.41728e-07
4.81833e-07
5.38975e-07
6.19448e-07
7.31082e-07
8.83113e-07
1.086e-06
1.35144e-06
1.6929e-06
2.12627e-06
2.67084e-06
3.35003e-06
4.19221e-06
5.23158e-06
6.50903e-06
8.07326e-06
9.98198e-06
1.23033e-05
1.51172e-05
1.85176e-05
2.26136e-05
2.75309e-05
3.3417e-05
4.04415e-05
4.87991e-05
5.87123e-05
7.04348e-05
8.4254e-05
0.000100479
0.000119436
0.000141509
0.000167123
0.000196743
0.000230882
0.000270097
0.000314993
0.000366225
0.000424497
0.000490565
0.00056523
0.000649345
0.000743804
0.000849549
0.000967562
0.00109887
0.00124451
0.0014056
0.00158323
0.00177855
0.00199272
0.00222691
0.0024823
0.00276008
0.00306146
0.00338763
0.00373981
0.00411919
0.00452698
0.00496442
0.00543272
0.00593315
0.00646698
0.00703553
0.00764016
0.00828228
0.00896341
0.00968513
0.0104491
0.0112573
0.0121115
0.0130138
0.0139667
0.0149726
0.0160343
0.0171545
0.0183366
0.019584
0.0209003
0.0222895
0.0237558
0.0253037
0.0269379
0.0286632
0.030485
0.0324086
0.0344394
0.0365831
0.0388455
0.0412324
0.0437494
0.0464023
0.0491967
0.0521377
0.0552304
0.0584794
0.0618889
0.0654623
0.0692026
0.0731116
0.0771906
0.0814395
0.085857
0.0904406
0.0951862
0.100088
0.105138
0.110327
0.115643
0.121071
0.126593
0.13219
0.137838
0.143511
0.149178
0.154806
0.160359
0.165798
0.171085
0.176184
0.181069
0.185732
0.190199
0.194563
0.199022
0.203961
0.21006
0.218475
0.231099
0.250892
0.282093
0.330347
0.401744
0.499807
0.616182
0.734039
0.839482
0.934279
1.01927
1.10547
1.21595
1.3574
1.51825
1.6721
1.80326
1.89947
1.95351
1.96363
1.93256
1.86598
1.7711
1.65541
1.52604
1.38922
1.25017
1.11302
0.980924
0.856134
0.740185
0.633985
0.537977
0.452226
0.376503
0.310554
0.253916
0.205819
0.165448
0.131964
0.104545
0.0824046
0.0647962
0.051018
0.0404172
0.0323949
0.0264151
0.022014
0.0188057
0.0164821
0.014806
0.0136
0.0127341
0.012114
0.011672
0.0113592
0.0111404
0.01099
0.0108896
0.0108253
0.0107872
0.0107676
0.0107608
0.0107626
0.0107696
0.0107792
0.0107895
0.010799
0.0108063
0.0108105
0.0108106
0.0108058
0.0107956
0.0107794
0.0107572
0.0107288
0.0106943
0.0106541
0.0106087
0.0105586
0.0105051
0.0104494
0.0103936
0.01034
0.010292
0.0102536
0.01023
0.0102278
0.0102546
0.0103212
3.54877e-07
3.55039e-07
3.55162e-07
3.55247e-07
3.55295e-07
3.55304e-07
3.5528e-07
3.55228e-07
3.55158e-07
3.55089e-07
3.55044e-07
3.55062e-07
3.55198e-07
3.55531e-07
3.56176e-07
3.57296e-07
3.59121e-07
3.61981e-07
3.66339e-07
3.7285e-07
3.82439e-07
3.96412e-07
4.16606e-07
4.456e-07
4.86972e-07
5.45579e-07
6.27806e-07
7.41651e-07
8.96622e-07
1.10356e-06
1.37464e-06
1.72386e-06
2.16776e-06
2.72639e-06
3.42412e-06
4.29054e-06
5.36133e-06
6.67921e-06
8.29511e-06
1.02694e-05
1.26734e-05
1.55909e-05
1.91202e-05
2.3375e-05
2.84875e-05
3.46118e-05
4.19254e-05
5.06318e-05
6.09635e-05
7.31862e-05
8.75898e-05
0.000104477
0.000124207
0.000147176
0.000173824
0.000204634
0.000240132
0.000280896
0.000327547
0.000380759
0.000441255
0.000509807
0.000587237
0.000674413
0.000772249
0.000881702
0.00100377
0.00113949
0.00128994
0.00145621
0.00163942
0.00184074
0.00206131
0.00230233
0.00256499
0.00285047
0.00315999
0.00349475
0.00385597
0.00424484
0.00466261
0.0051105
0.00558976
0.00610167
0.00664753
0.0072287
0.00784658
0.00850266
0.00919849
0.00993575
0.0107162
0.0115418
0.0124147
0.013337
0.0143113
0.0153402
0.0164266
0.0175737
0.0187848
0.0200637
0.0214142
0.0228406
0.0243474
0.0259393
0.0276213
0.0293988
0.0312771
0.033262
0.0353593
0.0375749
0.0399149
0.0423854
0.0449923
0.0477417
0.0506391
0.0536903
0.0569003
0.0602738
0.0638151
0.0675277
0.0714145
0.0754774
0.0797174
0.0841343
0.0887267
0.0934917
0.0984248
0.10352
0.108769
0.114161
0.119684
0.125323
0.131061
0.136875
0.142743
0.148637
0.154528
0.160382
0.166164
0.171837
0.177365
0.182717
0.187873
0.192835
0.197645
0.202417
0.207383
0.212977
0.219947
0.229543
0.243775
0.265826
0.300198
0.352873
0.430319
0.536354
0.661334
0.791128
0.907286
1.01287
1.1042
1.18983
1.29622
1.42671
1.57763
1.72229
1.84747
1.94166
1.99703
2.01064
1.9839
1.92142
1.82968
1.71581
1.58683
1.44906
1.30792
1.1678
1.0321
0.903318
0.783176
0.67275
0.572598
0.482866
0.403384
0.333746
0.273605
0.222382
0.17925
0.143347
0.11383
0.0898889
0.0707546
0.0557032
0.0440586
0.0351977
0.0285577
0.0236465
0.02005
0.0174342
0.015539
0.0141689
0.0131797
0.0124664
0.0119536
0.0115865
0.0113259
0.0111432
0.0110174
0.0109333
0.0108795
0.0108474
0.0108308
0.0108247
0.0108254
0.01083
0.0108363
0.0108426
0.0108475
0.01085
0.0108488
0.0108433
0.0108327
0.0108167
0.0107949
0.0107673
0.0107339
0.010695
0.0106511
0.0106027
0.0105508
0.0104966
0.0104418
0.0103886
0.0103397
0.0102984
0.0102691
0.0102569
0.0102677
0.0103104
3.52737e-07
3.52904e-07
3.53039e-07
3.53143e-07
3.53219e-07
3.53267e-07
3.53293e-07
3.53304e-07
3.53313e-07
3.5334e-07
3.53414e-07
3.53575e-07
3.53884e-07
3.54426e-07
3.55321e-07
3.56741e-07
3.58924e-07
3.62209e-07
3.67068e-07
3.74169e-07
3.84447e-07
3.99217e-07
4.20331e-07
4.50384e-07
4.92979e-07
5.53026e-07
6.3701e-07
7.53115e-07
9.11149e-07
1.12237e-06
1.39951e-06
1.75717e-06
2.21264e-06
2.78684e-06
3.50524e-06
4.39879e-06
5.50483e-06
6.86816e-06
8.5422e-06
1.05903e-05
1.30875e-05
1.61216e-05
1.97961e-05
2.42297e-05
2.95619e-05
3.59544e-05
4.35935e-05
5.26926e-05
6.34954e-05
7.62774e-05
9.13178e-05
0.000108952
0.000129552
0.000153533
0.00018135
0.000213504
0.000250543
0.000293061
0.000341703
0.000397164
0.000460188
0.000531569
0.000612152
0.000702827
0.000804528
0.000918236
0.00104497
0.00118578
0.00134176
0.00151403
0.00170373
0.00191202
0.00214007
0.00238909
0.00266028
0.00295483
0.00327397
0.00361892
0.00399088
0.0043911
0.00482081
0.00528126
0.00577373
0.00629952
0.00685997
0.00745648
0.0080905
0.0087636
0.00947739
0.0102336
0.0110342
0.0118812
0.0127769
0.0137235
0.0147238
0.0157806
0.0168971
0.0180765
0.0193226
0.0206392
0.0220306
0.0235013
0.0250561
0.0267
0.0284385
0.0302771
0.0322216
0.0342781
0.0364527
0.0387518
0.0411816
0.0437487
0.0464593
0.0493195
0.0523355
0.0555129
0.0588571
0.062373
0.0660648
0.0699363
0.0739901
0.0782282
0.0826516
0.0872597
0.092051
0.0970223
0.102169
0.107484
0.112959
0.118583
0.124344
0.130225
0.136208
0.142272
0.148393
0.154544
0.160695
0.166814
0.172865
0.178814
0.184629
0.190284
0.195765
0.201086
0.206306
0.211562
0.217123
0.223469
0.231422
0.242326
0.258301
0.282731
0.320363
0.377458
0.460811
0.574435
0.708193
0.852733
0.97885
1.09259
1.18652
1.26829
1.36865
1.48434
1.6244
1.76069
1.88088
1.97386
2.03124
2.049
2.02738
1.96993
1.88235
1.77136
1.64379
1.50603
1.36364
1.22126
1.08253
0.9502
0.826204
0.711794
0.607661
0.514053
0.430869
0.35775
0.294163
0.239722
0.193749
0.155349
0.12366
0.0978509
0.0771278
0.0607444
0.048002
0.0382533
0.0309096
0.0254514
0.0214365
0.0185041
0.0163712
0.0148228
0.0136994
0.0128849
0.0122952
0.0118694
0.0115636
0.0113459
0.0111929
0.0110875
0.011017
0.0109717
0.0109446
0.0109303
0.0109244
0.0109239
0.0109262
0.0109294
0.0109319
0.0109325
0.0109302
0.0109239
0.0109129
0.0108969
0.0108754
0.0108484
0.0108159
0.010778
0.0107352
0.0106879
0.0106371
0.0105837
0.0105293
0.0104758
0.0104253
0.0103808
0.0103457
0.0103243
0.0103213
0.0103438
3.51706e-07
3.51879e-07
3.52025e-07
3.52148e-07
3.5225e-07
3.52334e-07
3.52406e-07
3.52475e-07
3.52558e-07
3.52674e-07
3.52858e-07
3.53152e-07
3.53622e-07
3.54359e-07
3.55488e-07
3.57188e-07
3.59706e-07
3.63389e-07
3.68721e-07
3.76378e-07
3.87308e-07
4.02838e-07
4.24835e-07
4.55914e-07
4.99711e-07
5.61197e-07
6.46969e-07
7.65413e-07
9.26662e-07
1.14244e-06
1.42607e-06
1.79286e-06
2.26093e-06
2.85218e-06
3.59331e-06
4.51677e-06
5.66177e-06
7.07538e-06
8.81379e-06
1.09437e-05
1.35439e-05
1.67072e-05
2.05421e-05
2.51735e-05
3.07488e-05
3.7438e-05
4.5437e-05
5.497e-05
6.62929e-05
7.96718e-05
9.5415e-05
0.000113873
0.000135436
0.000160534
0.000189644
0.000223285
0.000262027
0.000306488
0.000357336
0.000415288
0.000481116
0.000555638
0.000639723
0.000734287
0.000840291
0.000958738
0.00109067
0.00123717
0.00139934
0.00157833
0.00177529
0.00199141
0.00222788
0.00248591
0.00276672
0.00307152
0.00340156
0.00375805
0.00414224
0.00455536
0.00499869
0.0054735
0.00598108
0.00652278
0.00709998
0.00771413
0.00836675
0.00905945
0.00979396
0.0105721
0.011396
0.0122676
0.0131895
0.0141642
0.0151945
0.0162834
0.0174344
0.0186509
0.019937
0.0212968
0.0227349
0.024256
0.0258654
0.0275684
0.0293707
0.0312784
0.0332976
0.0354347
0.0376963
0.0400891
0.0426196
0.0452948
0.0481211
0.0511052
0.0542533
0.0575713
0.0610648
0.0647388
0.0685977
0.0726452
0.0768842
0.0813164
0.0859426
0.0907624
0.0957737
0.100973
0.106356
0.111914
0.11764
0.123521
0.129544
0.135693
0.14195
0.148293
0.154697
0.161135
0.167578
0.173995
0.180351
0.186616
0.19276
0.198762
0.204619
0.210355
0.216048
0.22186
0.228095
0.235286
0.244324
0.256645
0.274479
0.301359
0.342241
0.403551
0.492182
0.61169
0.752623
0.901426
1.02666
1.1376
1.22641
1.30236
1.39891
1.51289
1.64694
1.7799
1.89861
1.99272
2.05368
2.07677
2.06131
2.00994
1.92763
1.82064
1.6956
1.55887
1.41618
1.27236
1.1313
0.995988
0.868586
0.750536
0.64268
0.545381
0.458623
0.382107
0.315338
0.25769
0.208828
0.167877
0.133965
0.106237
0.0838759
0.0661133
0.0522277
0.0415484
0.0334621
0.0274225
0.0229601
0.0196878
0.0172985
0.0155573
0.0142888
0.0133647
0.0126917
0.0122024
0.0118477
0.0115922
0.0114099
0.0112816
0.0111931
0.0111338
0.0110956
0.0110724
0.0110596
0.0110537
0.0110517
0.0110516
0.0110516
0.0110503
0.0110466
0.0110394
0.011028
0.0110118
0.0109906
0.010964
0.010932
0.0108948
0.0108527
0.0108062
0.010756
0.010703
0.0106485
0.0105941
0.0105418
0.0104939
0.0104533
0.0104236
0.0104085
0.010414
3.51572e-07
3.51751e-07
3.51908e-07
3.52049e-07
3.52176e-07
3.52294e-07
3.52409e-07
3.52533e-07
3.52684e-07
3.52885e-07
3.53171e-07
3.5359e-07
3.54212e-07
3.55132e-07
3.56481e-07
3.58446e-07
3.61282e-07
3.65344e-07
3.71125e-07
3.79313e-07
3.90868e-07
4.07132e-07
4.29988e-07
4.62077e-07
5.07074e-07
5.70021e-07
6.5764e-07
7.78533e-07
9.43185e-07
1.16382e-06
1.45442e-06
1.83105e-06
2.31277e-06
2.92258e-06
3.6885e-06
4.64464e-06
5.83225e-06
7.30089e-06
9.10974e-06
1.13291e-05
1.40422e-05
1.73467e-05
2.13569e-05
2.62046e-05
3.20454e-05
3.90587e-05
4.74506e-05
5.74573e-05
6.93309e-05
8.33581e-05
9.98662e-05
0.000119222
0.000141832
0.000168148
0.000198666
0.000233927
0.000274526
0.000321104
0.000374355
0.000435025
0.00050391
0.000581857
0.000669764
0.000768574
0.000879276
0.0010029
0.00114052
0.00129324
0.00146219
0.00164854
0.00185346
0.00207817
0.00232388
0.00259182
0.00288321
0.00319931
0.00354135
0.00391058
0.00430827
0.00473568
0.00519408
0.0056848
0.00620915
0.00676852
0.00736434
0.00799811
0.00867142
0.00938597
0.0101436
0.0109462
0.0117959
0.0126951
0.0136463
0.0146523
0.015716
0.0168407
0.0180301
0.0192879
0.0206185
0.0220263
0.0235161
0.0250932
0.026763
0.0285313
0.0304043
0.0323882
0.0344897
0.0367156
0.0390729
0.0415685
0.0442096
0.0470032
0.0499564
0.0530759
0.0563683
0.0598398
0.0634962
0.0673426
0.0713835
0.0756227
0.0800629
0.0847061
0.0895528
0.0946023
0.0998524
0.1053
0.110938
0.11676
0.122758
0.128917
0.135226
0.141667
0.148222
0.154868
0.16158
0.168334
0.175098
0.181843
0.188537
0.195152
0.201663
0.208055
0.214334
0.220538
0.226762
0.233196
0.240179
0.248296
0.258506
0.272334
0.292125
0.32146
0.365485
0.430629
0.523564
0.646588
0.791244
0.932254
1.04559
1.14248
1.21884
1.2878
1.38215
1.5053
1.64074
1.77661
1.8983
1.99651
2.06301
2.09284
2.08469
2.04047
1.96452
1.86265
1.74124
1.60664
1.46464
1.32026
1.17764
1.04
0.909722
0.788457
0.67721
0.576474
0.486333
0.40656
0.336704
0.276149
0.224375
0.180842
0.144675
0.114993
0.0909591
0.071781
0.0567155
0.0450696
0.0362063
0.029554
0.024617
0.020982
0.018318
0.0163697
0.014945
0.0139028
0.01314
0.012582
0.0121746
0.0118783
0.0116643
0.0115113
0.0114034
0.0113288
0.0112786
0.011246
0.0112258
0.0112139
0.0112073
0.0112036
0.0112008
0.0111975
0.0111922
0.011184
0.011172
0.0111555
0.0111341
0.0111077
0.0110761
0.0110394
0.0109978
0.0109517
0.0109017
0.0108488
0.0107938
0.0107383
0.0106839
0.0106327
0.010587
0.0105499
0.0105243
0.0105152
3.52174e-07
3.52359e-07
3.52527e-07
3.52686e-07
3.52837e-07
3.52986e-07
3.53143e-07
3.53319e-07
3.53534e-07
3.53814e-07
3.54198e-07
3.54736e-07
3.55502e-07
3.56595e-07
3.58155e-07
3.60373e-07
3.63512e-07
3.67937e-07
3.7415e-07
3.82851e-07
3.95013e-07
4.11993e-07
4.35698e-07
4.68795e-07
5.15009e-07
5.7946e-07
6.69008e-07
7.92492e-07
9.60771e-07
1.18661e-06
1.48469e-06
1.87194e-06
2.3684e-06
2.99828e-06
3.79108e-06
4.7827e-06
6.01658e-06
7.54499e-06
9.43035e-06
1.17469e-05
1.45824e-05
1.80404e-05
2.22401e-05
2.73223e-05
3.34507e-05
4.08148e-05
4.96318e-05
6.01388e-05
7.26022e-05
8.73285e-05
0.000104661
0.000124984
0.000148725
0.000176353
0.000208388
0.000245396
0.000287995
0.000336855
0.000392696
0.000456293
0.000528472
0.00061011
0.000702135
0.000805521
0.000921288
0.0010505
0.00119425
0.00135367
0.00152993
0.00172422
0.00193775
0.00217174
0.00242743
0.00270607
0.00300891
0.00333722
0.00369226
0.0040753
0.00448762
0.00493051
0.00540528
0.00591326
0.00645583
0.00703441
0.00765048
0.00830561
0.00900146
0.00973981
0.0105226
0.0113518
0.0122299
0.0131591
0.0141423
0.0151823
0.0162825
0.0174463
0.0186776
0.0199805
0.0213596
0.0228196
0.0243658
0.0260038
0.0277394
0.0295787
0.0315284
0.0335951
0.035786
0.0381081
0.040569
0.043176
0.0459366
0.0488583
0.0519484
0.0552141
0.0586621
0.062299
0.0661306
0.0701623
0.0743988
0.0788438
0.0835001
0.0883695
0.0934523
0.0987479
0.104254
0.109966
0.115878
0.121983
0.128271
0.134729
0.141343
0.148097
0.15497
0.161941
0.168986
0.176078
0.18319
0.19029
0.197352
0.204348
0.21126
0.218081
0.224824
0.231543
0.238352
0.245466
0.253264
0.262375
0.273825
0.289222
0.311011
0.342771
0.38975
0.458244
0.554454
0.679077
0.824317
0.957171
1.05655
1.13596
1.19679
1.25677
1.34668
1.47308
1.61165
1.75326
1.88088
1.98552
2.05925
2.09705
2.09721
2.0611
1.9925
1.89677
1.78006
1.64862
1.5083
1.36428
1.22091
1.08164
0.94909
0.825098
0.710853
0.606991
0.513709
0.430864
0.358067
0.294754
0.240283
0.194154
0.155719
0.124066
0.0983366
0.0777177
0.0614446
0.0488028
0.0391333
0.0318405
0.0264037
0.0223844
0.019428
0.0172583
0.0156662
0.0144971
0.0136377
0.0130058
0.0125416
0.0122013
0.0119531
0.0117734
0.0116445
0.0115534
0.0114902
0.0114473
0.0114189
0.0114006
0.0113889
0.0113812
0.0113753
0.0113696
0.0113626
0.0113531
0.0113402
0.0113231
0.0113015
0.011275
0.0112435
0.011207
0.0111656
0.0111197
0.0110697
0.0110165
0.0109609
0.0109042
0.0108477
0.0107933
0.0107429
0.0106991
0.0106644
0.0106429
3.53387e-07
3.53578e-07
3.53758e-07
3.53933e-07
3.54107e-07
3.54287e-07
3.54483e-07
3.54709e-07
3.54986e-07
3.55342e-07
3.55818e-07
3.5647e-07
3.57373e-07
3.58634e-07
3.60396e-07
3.62858e-07
3.6629e-07
3.71065e-07
3.77698e-07
3.869e-07
3.99657e-07
4.17346e-07
4.41898e-07
4.76015e-07
5.23477e-07
5.89494e-07
6.81078e-07
8.07325e-07
9.79494e-07
1.21093e-06
1.51705e-06
1.91573e-06
2.42809e-06
3.07964e-06
3.90146e-06
4.9314e-06
6.21527e-06
7.80822e-06
9.77618e-06
1.21976e-05
1.51651e-05
1.8788e-05
2.31922e-05
2.85267e-05
3.49646e-05
4.27057e-05
5.19714e-05
6.30087e-05
7.61037e-05
9.15784e-05
0.000109794
0.000131152
0.0001561
0.000185132
0.000218789
0.000257664
0.000302401
0.000353698
0.000412306
0.000479029
0.000554725
0.000640304
0.000736725
0.000844995
0.000966167
0.00110133
0.00125163
0.00141821
0.00160228
0.00180504
0.00202775
0.00227164
0.00253799
0.00282806
0.00314313
0.00348448
0.00385341
0.00425121
0.00467917
0.00513861
0.00563089
0.00615735
0.00671943
0.00731859
0.00795636
0.00863439
0.00935441
0.0101183
0.0109281
0.011786
0.0126943
0.0136559
0.0146734
0.0157502
0.0168895
0.0180954
0.0193717
0.0207231
0.0221543
0.0236706
0.0252774
0.0269808
0.028787
0.0307027
0.0327347
0.0348903
0.037177
0.0396023
0.0421742
0.0449004
0.047789
0.0508476
0.0540841
0.0575058
0.0611198
0.064933
0.0689513
0.0731804
0.0776249
0.0822886
0.0871743
0.0922837
0.0976171
0.103173
0.10895
0.114942
0.121145
0.127548
0.134143
0.140917
0.147854
0.154939
0.16215
0.169467
0.176864
0.184317
0.191798
0.199278
0.206733
0.21414
0.221485
0.228768
0.236014
0.24329
0.25073
0.258577
0.267241
0.277401
0.290137
0.307128
0.330891
0.36502
0.414691
0.485998
0.584532
0.709426
0.853207
0.979379
1.06659
1.12958
1.17479
1.22419
1.30656
1.42968
1.56915
1.71577
1.84988
1.96185
2.04365
2.09013
2.09927
2.07196
2.01148
1.92277
1.81169
1.68436
1.54667
1.40392
1.26062
1.12045
0.986243
0.860055
0.743251
0.63662
0.540482
0.454791
0.379228
0.313286
0.256346
0.207722
0.167027
0.1334
0.105966
0.083892
0.0663923
0.0527327
0.042233
0.0342758
0.0283166
0.0238929
0.020627
0.0182219
0.0164513
0.0151465
0.0141837
0.0134724
0.0129471
0.0125594
0.0122743
0.0120657
0.0119141
0.0118051
0.0117277
0.0116735
0.0116362
0.0116107
0.0115934
0.0115812
0.0115718
0.0115634
0.0115543
0.0115432
0.0115291
0.0115112
0.0114891
0.0114623
0.0114306
0.011394
0.0113526
0.0113066
0.0112565
0.0112028
0.0111464
0.0110884
0.0110299
0.0109725
0.0109179
0.0108683
0.0108256
0.0107933
3.55113e-07
3.55311e-07
3.55502e-07
3.55693e-07
3.5589e-07
3.561e-07
3.56333e-07
3.56606e-07
3.56942e-07
3.57371e-07
3.57937e-07
3.58698e-07
3.59734e-07
3.61157e-07
3.63115e-07
3.65812e-07
3.69529e-07
3.74648e-07
3.81692e-07
3.91386e-07
4.04733e-07
4.23132e-07
4.48538e-07
4.83698e-07
5.32454e-07
6.00116e-07
6.93868e-07
8.2308e-07
9.99439e-07
1.2369e-06
1.5517e-06
1.96268e-06
2.49215e-06
3.16702e-06
4.02009e-06
5.09126e-06
6.42891e-06
8.09126e-06
1.0148e-05
1.26819e-05
1.57911e-05
1.95908e-05
2.4214e-05
2.98187e-05
3.65877e-05
4.47266e-05
5.44641e-05
6.60661e-05
7.98335e-05
9.61047e-05
0.000115259
0.000137718
0.000163951
0.000194474
0.000229855
0.000270712
0.000317719
0.000371603
0.000433146
0.000503185
0.00058261
0.000672365
0.000773444
0.000886889
0.00101379
0.00115526
0.00131248
0.00148664
0.00167897
0.00189071
0.00212312
0.0023775
0.00265511
0.00295728
0.00328529
0.00364045
0.00402407
0.00443747
0.00488199
0.00535896
0.00586976
0.0064158
0.00699853
0.00761949
0.00828026
0.00898256
0.00972822
0.0105192
0.0113576
0.0122459
0.0131865
0.0141824
0.0152364
0.0163522
0.0175333
0.0187838
0.0201081
0.0215111
0.0229978
0.0245739
0.0262453
0.0280184
0.0298998
0.0318966
0.0340163
0.0362665
0.038655
0.0411901
0.0438799
0.0467328
0.0497571
0.0529609
0.0563525
0.0599395
0.0637293
0.0677288
0.0719445
0.0763819
0.0810458
0.0859401
0.0910674
0.0964294
0.102026
0.107857
0.113918
0.120204
0.126711
0.133428
0.140345
0.147449
0.154725
0.162157
0.169722
0.177401
0.18517
0.193002
0.200872
0.208755
0.216626
0.224468
0.232273
0.240049
0.247831
0.255701
0.263812
0.272431
0.282003
0.293246
0.307288
0.325862
0.351533
0.387933
0.439952
0.513504
0.613513
0.737788
0.879012
0.999689
1.07723
1.12656
1.15784
1.19629
1.26919
1.38491
1.52198
1.67089
1.81007
1.92874
2.01839
2.07355
2.09183
2.07365
2.02178
1.94072
1.83603
1.71366
1.57946
1.43881
1.29638
1.15603
1.02082
0.892985
0.77409
0.66508
0.566406
0.478127
0.400005
0.331594
0.272308
0.221459
0.178528
0.142939
0.113804
0.0902708
0.0715348
0.0568424
0.0454945
0.036853
0.0303517
0.0255053
0.0219138
0.0192598
0.0172996
0.0158503
0.0147769
0.0139809
0.0133899
0.0129514
0.0126265
0.0123866
0.0122104
0.0120819
0.011989
0.0119225
0.0118753
0.011842
0.0118184
0.0118012
0.0117877
0.0117761
0.0117644
0.0117514
0.0117358
0.0117168
0.0116939
0.0116665
0.0116344
0.0115975
0.0115559
0.0115096
0.0114591
0.0114049
0.0113477
0.0112883
0.0112279
0.0111678
0.0111095
0.0110547
0.0110051
0.0109636
3.57273e-07
3.57477e-07
3.57679e-07
3.57887e-07
3.58106e-07
3.58344e-07
3.58614e-07
3.58933e-07
3.59326e-07
3.59826e-07
3.60478e-07
3.61345e-07
3.62511e-07
3.64091e-07
3.66239e-07
3.69168e-07
3.73165e-07
3.7862e-07
3.8607e-07
3.96254e-07
4.10192e-07
4.29305e-07
4.55583e-07
4.91819e-07
5.41926e-07
6.11331e-07
7.07403e-07
8.39809e-07
1.02069e-06
1.26467e-06
1.58881e-06
2.01303e-06
2.5609e-06
3.26084e-06
4.14745e-06
5.26287e-06
6.65817e-06
8.39488e-06
1.05466e-05
1.3201e-05
1.64617e-05
2.04497e-05
2.53067e-05
3.11994e-05
3.83177e-05
4.68725e-05
5.71102e-05
6.93108e-05
8.37907e-05
0.000100906
0.000121053
0.000144678
0.000172269
0.00020437
0.000241572
0.000284524
0.000333928
0.000390542
0.000455182
0.000528717
0.000612074
0.00070623
0.000812216
0.00093111
0.00106403
0.00121215
0.00137666
0.00155879
0.0017598
0.00198097
0.00222359
0.00248897
0.00277843
0.0030933
0.00343489
0.00380454
0.00420359
0.00463339
0.00509528
0.00559065
0.0061209
0.00668749
0.00729192
0.00793577
0.00862071
0.00934851
0.0101211
0.0109406
0.0118092
0.0127294
0.013704
0.014736
0.0158285
0.0169854
0.0182105
0.0195082
0.0208831
0.0223406
0.0238859
0.0255253
0.0272649
0.0291116
0.0310725
0.0331552
0.0353674
0.0377175
0.0402136
0.0428645
0.0456788
0.0486653
0.0518327
0.0551896
0.0587445
0.0625054
0.06648
0.0706754
0.0750982
0.0797541
0.0846479
0.0897836
0.0951637
0.10079
0.106662
0.112778
0.119135
0.125729
0.132552
0.139595
0.146847
0.154295
0.161924
0.169716
0.177651
0.185707
0.193861
0.202089
0.210367
0.218669
0.226977
0.235277
0.243565
0.251859
0.260205
0.268698
0.277511
0.286933
0.297438
0.309778
0.325118
0.345223
0.37268
0.4111
0.465148
0.540353
0.641061
0.764081
0.902199
1.01804
1.08796
1.12668
1.14661
1.17505
1.23815
1.34471
1.47666
1.62463
1.76628
1.88983
1.98612
2.04922
2.07626
2.0671
2.024
1.95099
1.85324
1.73651
1.60654
1.46875
1.32793
1.18811
1.05252
0.923603
0.803103
0.692126
0.59126
0.500676
0.420228
0.349533
0.288053
0.235147
0.190153
0.152625
0.121805
0.0968198
0.0768464
0.061114
0.0489055
0.0395643
0.0325043
0.0272189
0.0232869
0.0203712
0.0182107
0.0166081
0.0154172
0.0145306
0.0138695
0.0133763
0.0130087
0.0127351
0.0125323
0.0123826
0.0122728
0.0121928
0.0121347
0.0120926
0.0120619
0.012039
0.0120209
0.0120056
0.011991
0.0119755
0.0119581
0.0119377
0.0119136
0.0118853
0.0118526
0.0118152
0.0117731
0.0117264
0.0116754
0.0116205
0.0115624
0.0115018
0.0114397
0.0113771
0.0113154
0.0112562
0.0112006
0.0111512
3.59803e-07
3.60014e-07
3.60227e-07
3.6045e-07
3.6069e-07
3.60956e-07
3.61262e-07
3.61626e-07
3.62075e-07
3.62643e-07
3.6338e-07
3.6435e-07
3.65643e-07
3.67376e-07
3.69712e-07
3.72869e-07
3.77141e-07
3.8293e-07
3.90785e-07
4.01458e-07
4.15991e-07
4.35831e-07
4.63005e-07
5.00358e-07
5.51887e-07
6.23147e-07
7.21711e-07
8.57568e-07
1.04335e-06
1.29436e-06
1.62859e-06
2.06706e-06
2.63469e-06
3.3615e-06
4.28404e-06
5.44682e-06
6.90377e-06
8.71989e-06
1.0973e-05
1.37557e-05
1.71777e-05
2.13661e-05
2.64715e-05
3.26681e-05
4.01498e-05
4.91441e-05
5.99103e-05
7.2743e-05
8.79749e-05
0.00010598
0.000127176
0.000152028
0.000181051
0.000214812
0.000253931
0.000299086
0.00035101
0.000410493
0.000478384
0.00055559
0.000643071
0.000741844
0.000852974
0.000977577
0.00111681
0.00127188
0.00144402
0.00163448
0.00184457
0.0020756
0.00232889
0.00260577
0.0029076
0.00323573
0.0035915
0.00397628
0.00439143
0.00483832
0.00531834
0.00583289
0.00638344
0.00697146
0.00759852
0.00826626
0.0089764
0.00973083
0.0105316
0.0113808
0.0122809
0.0132346
0.0142446
0.0153144
0.0164473
0.0176472
0.0189184
0.0202655
0.0216936
0.0232082
0.0248152
0.0265209
0.0283321
0.0302562
0.0323007
0.0344735
0.0367831
0.0392381
0.0418473
0.0446198
0.0475648
0.0506914
0.0540089
0.0575262
0.0612521
0.065195
0.0693627
0.0737628
0.0784018
0.0832855
0.0884189
0.0938058
0.0994488
0.105349
0.111507
0.117919
0.124584
0.131495
0.138645
0.146026
0.153624
0.161428
0.169421
0.177585
0.185901
0.194347
0.2029
0.211538
0.220236
0.228975
0.237736
0.24651
0.255301
0.264134
0.273065
0.282204
0.29174
0.301982
0.31343
0.326859
0.343458
0.365004
0.394066
0.434191
0.489902
0.566101
0.666745
0.787969
0.922661
1.03391
1.09768
1.12859
1.14016
1.1605
1.21484
1.31222
1.43733
1.58145
1.72259
1.84851
1.94954
2.01923
2.05412
2.0535
2.01901
1.95414
1.86368
1.75307
1.62793
1.49367
1.35513
1.21648
1.08113
0.951685
0.830069
0.717547
0.61485
0.522265
0.439739
0.366966
0.303462
0.248625
0.201796
0.162399
0.129923
0.103503
0.0823004
0.0655279
0.0524525
0.0424011
0.0347691
0.0290308
0.024745
0.0215555
0.0191843
0.0174199
0.0161044
0.0151214
0.0143855
0.0138339
0.0134204
0.0131106
0.012879
0.0127063
0.012578
0.0124831
0.012413
0.0123612
0.0123226
0.0122932
0.0122699
0.0122502
0.0122321
0.0122138
0.0121941
0.0121718
0.0121463
0.0121168
0.0120831
0.012045
0.0120022
0.0119549
0.0119033
0.0118477
0.0117887
0.0117269
0.0116632
0.0115984
0.0115339
0.0114707
0.01141
0.0113538
3.62648e-07
3.62866e-07
3.6309e-07
3.63329e-07
3.6359e-07
3.63884e-07
3.64224e-07
3.64632e-07
3.65135e-07
3.65771e-07
3.6659e-07
3.67662e-07
3.69079e-07
3.70964e-07
3.73485e-07
3.76867e-07
3.81412e-07
3.87535e-07
3.95795e-07
4.06962e-07
4.22099e-07
4.42683e-07
4.70783e-07
5.09305e-07
5.62337e-07
6.35578e-07
7.36825e-07
8.76416e-07
1.0675e-06
1.32612e-06
1.67122e-06
2.12501e-06
2.71384e-06
3.46943e-06
4.4304e-06
5.64373e-06
7.16642e-06
9.06713e-06
1.14281e-05
1.43472e-05
1.79401e-05
2.23411e-05
2.77086e-05
3.42203e-05
4.2085e-05
5.15422e-05
6.28649e-05
7.63628e-05
9.23857e-05
0.000111326
0.000133624
0.000159765
0.00019029
0.000225793
0.000266922
0.000314385
0.000368948
0.000431434
0.000502727
0.000583771
0.000675562
0.000779156
0.000895656
0.00102622
0.00117204
0.00133435
0.00151443
0.00171358
0.00193312
0.00217441
0.00243879
0.00272763
0.00304231
0.00338422
0.00375472
0.0041552
0.00458706
0.00505169
0.00555052
0.00608498
0.00665658
0.00726684
0.00791737
0.00860988
0.00934619
0.0101282
0.0109582
0.0118383
0.0127712
0.0137595
0.0148066
0.0159156
0.0170905
0.0183353
0.0196545
0.0210532
0.0225368
0.024111
0.0257823
0.0275574
0.0294436
0.0314486
0.0335804
0.0358476
0.0382589
0.0408236
0.043551
0.0464507
0.0495322
0.0528053
0.0562794
0.059964
0.0638681
0.0680005
0.0723692
0.076982
0.0818455
0.0869657
0.0923474
0.0979944
0.103909
0.110093
0.116545
0.123264
0.130245
0.137483
0.14497
0.152697
0.160651
0.16882
0.177186
0.185732
0.194439
0.203285
0.212249
0.221307
0.230438
0.239624
0.248851
0.258114
0.267423
0.27681
0.286342
0.296141
0.306409
0.317477
0.329858
0.344346
0.362135
0.384989
0.415426
0.456874
0.513645
0.590252
0.690023
0.808876
0.939831
1.04651
1.10523
1.13096
1.13735
1.15212
1.19956
1.28874
1.40622
1.54414
1.6819
1.80748
1.911
1.98553
2.02703
2.03412
2.00777
1.95091
1.86783
1.76365
1.64381
1.51361
1.37794
1.24106
1.1065
0.977064
0.85481
0.741169
0.637008
0.542737
0.4584
0.38377
0.318423
0.261805
0.213287
0.17221
0.138112
0.110284
0.0878687
0.0700635
0.0561211
0.0453536
0.0371401
0.0309374
0.0262861
0.0228119
0.0202203
0.0182856
0.0168385
0.0157535
0.014938
0.0143241
0.0138614
0.0135126
0.0132498
0.0130522
0.0129039
0.0127927
0.0127093
0.0126467
0.0125992
0.0125625
0.0125332
0.0125086
0.0124864
0.0124647
0.0124422
0.0124177
0.0123903
0.0123593
0.0123244
0.0122852
0.0122416
0.0121935
0.0121411
0.0120848
0.0120249
0.011962
0.0118968
0.0118302
0.0117631
0.0116966
0.0116314
0.0115694
3.65765e-07
3.6599e-07
3.66224e-07
3.66479e-07
3.66761e-07
3.67081e-07
3.67456e-07
3.67907e-07
3.68464e-07
3.69166e-07
3.70067e-07
3.71239e-07
3.72778e-07
3.74813e-07
3.77518e-07
3.81123e-07
3.85943e-07
3.92399e-07
4.01067e-07
4.12735e-07
4.28489e-07
4.4984e-07
4.78901e-07
5.1865e-07
5.73276e-07
6.48638e-07
7.52778e-07
8.9641e-07
1.09324e-06
1.36008e-06
1.7169e-06
2.18715e-06
2.79869e-06
3.58505e-06
4.58701e-06
5.85422e-06
7.44685e-06
9.43744e-06
1.19129e-05
1.49765e-05
1.87502e-05
2.33753e-05
2.90139e-05
3.58569e-05
4.41242e-05
5.40677e-05
6.59746e-05
8.01705e-05
9.7023e-05
0.000116944
0.000140395
0.000167886
0.000199984
0.000237307
0.000280537
0.00033041
0.000387727
0.000453345
0.000528186
0.000613227
0.000709507
0.000818118
0.000940204
0.00107696
0.00122962
0.00139946
0.00158778
0.00179594
0.00202529
0.0022772
0.00255307
0.0028543
0.00318229
0.00353844
0.00392417
0.00434089
0.00479001
0.00527298
0.00579124
0.00634626
0.00693959
0.00757281
0.00824758
0.00896568
0.00972901
0.0105396
0.0113997
0.0123118
0.0132785
0.0143028
0.0153881
0.0165379
0.0177562
0.0190475
0.0204167
0.0218689
0.0234101
0.0250464
0.0267846
0.028632
0.0305962
0.0326854
0.0349082
0.0372736
0.0397911
0.0424701
0.0453206
0.0483526
0.0515762
0.0550015
0.0586384
0.0624967
0.0665858
0.0709147
0.0754917
0.0803246
0.0854203
0.0907846
0.0964225
0.102338
0.108532
0.115008
0.121762
0.128795
0.1361
0.143673
0.151505
0.159586
0.167904
0.176444
0.185192
0.194128
0.203233
0.212487
0.221868
0.231355
0.240928
0.250571
0.260273
0.270035
0.279871
0.289821
0.299962
0.310425
0.321428
0.33331
0.346599
0.362092
0.380974
0.404968
0.436502
0.478838
0.536016
0.612206
0.710256
0.826019
0.952767
1.05482
1.10963
1.13288
1.13743
1.14946
1.19216
1.27448
1.38404
1.51397
1.64588
1.76858
1.87232
1.94982
1.99648
2.01021
1.99132
1.94209
1.8663
1.76869
1.65444
1.52871
1.3964
1.2618
1.12857
0.999627
0.877198
0.762854
0.657599
0.56196
0.476087
0.399832
0.332838
0.274598
0.22452
0.181956
0.146324
0.117126
0.0935226
0.0746991
0.0598957
0.0484111
0.0396105
0.0329348
0.0279081
0.0241394
0.0213183
0.0192053
0.0176198
0.0164269
0.0155271
0.0148468
0.0143316
0.013941
0.0136447
0.0134201
0.0132499
0.0131209
0.013023
0.0129484
0.012891
0.012846
0.0128099
0.0127796
0.0127526
0.012727
0.0127012
0.0126739
0.0126442
0.0126114
0.012575
0.0125345
0.0124897
0.0124407
0.0123875
0.0123304
0.0122696
0.0122056
0.0121392
0.0120709
0.0120017
0.0119323
0.0118634
0.0117964
3.69116e-07
3.69347e-07
3.69592e-07
3.69862e-07
3.70164e-07
3.70512e-07
3.7092e-07
3.71414e-07
3.72023e-07
3.7279e-07
3.73772e-07
3.75043e-07
3.76704e-07
3.78889e-07
3.81776e-07
3.85606e-07
3.907e-07
3.97493e-07
4.06575e-07
4.18753e-07
4.3514e-07
4.57283e-07
4.87348e-07
5.28389e-07
5.8471e-07
6.62344e-07
7.69603e-07
9.17607e-07
1.12066e-06
1.39638e-06
1.7658e-06
2.25372e-06
2.88956e-06
3.70876e-06
4.7544e-06
6.07888e-06
7.74576e-06
9.83162e-06
1.24282e-05
1.56448e-05
1.96085e-05
2.44651e-05
3.03882e-05
3.75788e-05
4.6268e-05
5.67211e-05
6.92397e-05
8.41662e-05
0.000101886
0.000122833
0.000147488
0.000176389
0.000210125
0.000249348
0.000294766
0.000347149
0.000407332
0.000476208
0.000554735
0.00064393
0.000744869
0.000858686
0.000986563
0.00112973
0.00128948
0.00146711
0.00166397
0.00188144
0.00212091
0.0023838
0.00267154
0.00298554
0.00332725
0.00369809
0.00409951
0.00453296
0.00499986
0.00550169
0.00603994
0.00661612
0.00723181
0.00788864
0.00858834
0.00933276
0.0101239
0.0109638
0.011855
0.0127999
0.0138015
0.0148629
0.0159876
0.0171794
0.0184427
0.0197821
0.0212028
0.0227105
0.0243113
0.0260119
0.0278195
0.0297418
0.0317869
0.0339636
0.0362809
0.0387484
0.0413759
0.0441736
0.0471518
0.0503211
0.053692
0.0572751
0.0610806
0.0651187
0.0693991
0.0739309
0.0787229
0.0837827
0.0891173
0.0947328
0.100634
0.106824
0.113306
0.120079
0.127144
0.134496
0.142133
0.150046
0.158229
0.16667
0.175357
0.184276
0.19341
0.202741
0.212251
0.221918
0.231722
0.241643
0.251663
0.261768
0.271951
0.282217
0.292585
0.303102
0.313852
0.324976
0.336701
0.349374
0.363527
0.37995
0.399799
0.424733
0.457053
0.499798
0.556683
0.631481
0.726712
0.838453
0.960212
1.0577
1.11015
1.13401
1.1402
1.15228
1.19225
1.26877
1.37026
1.49086
1.61502
1.73275
1.83469
1.91338
1.9637
1.98292
1.97064
1.92851
1.85975
1.76868
1.66016
1.53921
1.41063
1.27875
1.1473
1.01932
0.897145
0.782499
0.67651
0.579826
0.492694
0.415053
0.346614
0.286924
0.235427
0.191505
0.154518
0.123991
0.0992327
0.0794125
0.0637598
0.0515621
0.0421725
0.0350183
0.0296085
0.0255367
0.0224778
0.0201792
0.0184486
0.0171422
0.0161532
0.0154024
0.0148312
0.0143958
0.0140636
0.0138098
0.0136158
0.0134674
0.0133534
0.0132655
0.0131971
0.013143
0.0130991
0.0130623
0.0130298
0.0129996
0.01297
0.0129394
0.012907
0.0128719
0.0128336
0.0127915
0.0127455
0.0126953
0.0126412
0.0125831
0.0125214
0.0124565
0.012389
0.0123193
0.0122482
0.0121764
0.0121043
0.0120332
3.72667e-07
3.72904e-07
3.73161e-07
3.73446e-07
3.73769e-07
3.74142e-07
3.74584e-07
3.7512e-07
3.75781e-07
3.76613e-07
3.77675e-07
3.79045e-07
3.80827e-07
3.83161e-07
3.86232e-07
3.90287e-07
3.95657e-07
4.02791e-07
4.12293e-07
4.24994e-07
4.42033e-07
4.64998e-07
4.96114e-07
5.38518e-07
5.96642e-07
6.76712e-07
7.87333e-07
9.40061e-07
1.14983e-06
1.43513e-06
1.81812e-06
2.32496e-06
2.98676e-06
3.84096e-06
4.93303e-06
6.31829e-06
8.06382e-06
1.02504e-05
1.2975e-05
1.63521e-05
2.0512e-05
2.56112e-05
3.18323e-05
3.93865e-05
4.85171e-05
5.95027e-05
7.26604e-05
8.83494e-05
0.000106975
0.00012899
0.000154901
0.000185268
0.000220711
0.000261908
0.0003096
0.00036459
0.000427747
0.000500002
0.00058235
0.000675847
0.00078161
0.000900812
0.00103468
0.00118448
0.00135154
0.0015372
0.00174287
0.00196994
0.00221985
0.00249404
0.00279398
0.00312113
0.00347694
0.00386288
0.00428042
0.00473103
0.00521618
0.00573737
0.00629612
0.00689398
0.00753259
0.00821362
0.00893888
0.00971028
0.0105299
0.0114
0.012323
0.0133017
0.0143391
0.0154385
0.0166037
0.0178388
0.0191483
0.0205372
0.0220111
0.023576
0.0252384
0.0270054
0.0288847
0.0308845
0.0330134
0.0352805
0.0376956
0.0402687
0.0430102
0.0459306
0.049041
0.0523523
0.0558755
0.0596215
0.063601
0.0678245
0.0723019
0.0770427
0.0820555
0.0873484
0.0929282
0.0988009
0.104971
0.111442
0.118217
0.125294
0.132674
0.140352
0.148324
0.156584
0.165122
0.173928
0.182988
0.192288
0.201812
0.211542
0.221459
0.231542
0.241771
0.252129
0.262599
0.273168
0.283834
0.294604
0.305503
0.316583
0.327936
0.339708
0.352132
0.36556
0.380517
0.397774
0.418444
0.444093
0.476858
0.519515
0.575388
0.647791
0.738873
0.845207
0.960596
1.05392
1.10635
1.13428
1.14561
1.16023
1.19894
1.26993
1.36319
1.47358
1.58878
1.70011
1.79871
1.87709
1.9297
1.95323
1.94665
1.91097
1.84885
1.76413
1.66138
1.54537
1.42081
1.29202
1.16274
1.03612
0.914604
0.800035
0.693662
0.596245
0.508132
0.429348
0.359673
0.298708
0.245941
0.200784
0.16261
0.130841
0.104969
0.0841808
0.0676964
0.0547945
0.0448181
0.0371826
0.0313841
0.0270024
0.0236985
0.0212071
0.0193252
0.0178997
0.0168167
0.0159914
0.0153606
0.0148774
0.0145065
0.0142213
0.0140016
0.0138319
0.0137004
0.0135979
0.0135172
0.0134527
0.0134001
0.013356
0.0133173
0.0132818
0.0132476
0.0132133
0.0131776
0.0131399
0.0130992
0.0130552
0.0130076
0.0129562
0.0129009
0.0128419
0.0127793
0.0127135
0.0126449
0.012574
0.0125014
0.0124276
0.0123529
0.0122783
3.7639e-07
3.76635e-07
3.76902e-07
3.77202e-07
3.77545e-07
3.77945e-07
3.7842e-07
3.78997e-07
3.79711e-07
3.80607e-07
3.81749e-07
3.83217e-07
3.85121e-07
3.87604e-07
3.90859e-07
3.95141e-07
4.00791e-07
4.08271e-07
4.18203e-07
4.31439e-07
4.49152e-07
4.72973e-07
5.0519e-07
5.49035e-07
6.09079e-07
6.9176e-07
8.06e-07
9.63827e-07
1.18085e-06
1.47647e-06
1.87401e-06
2.40111e-06
3.0906e-06
3.98201e-06
5.12336e-06
6.573e-06
8.40166e-06
1.06946e-05
1.35532e-05
1.7096e-05
2.14613e-05
2.68141e-05
3.33465e-05
4.12805e-05
5.08718e-05
6.24128e-05
7.62365e-05
9.27198e-05
0.000112287
0.000135414
0.00016263
0.000194521
0.000231735
0.00027498
0.000325029
0.00038272
0.000448956
0.000524707
0.000611005
0.000708948
0.000819692
0.000944452
0.00108449
0.00124113
0.00141572
0.00160966
0.00182438
0.00206132
0.00232195
0.00260775
0.00292022
0.00326084
0.00363111
0.00403252
0.00446656
0.00493474
0.00543856
0.00597955
0.00655926
0.0071793
0.00784133
0.0085471
0.00929846
0.0100974
0.0109462
0.011847
0.0128026
0.0138158
0.0148899
0.0160283
0.017235
0.0185145
0.0198714
0.0213112
0.0228398
0.0244635
0.0261894
0.0280248
0.0299781
0.0320577
0.034273
0.0366336
0.0391496
0.0418317
0.0446908
0.047738
0.0509847
0.0544424
0.0581225
0.0620362
0.0661948
0.0706088
0.0752885
0.0802436
0.0854827
0.091014
0.0968444
0.10298
0.109424
0.116182
0.123253
0.130639
0.138338
0.146346
0.154658
0.163267
0.172163
0.181336
0.190771
0.200455
0.210371
0.220501
0.230825
0.241324
0.25198
0.262774
0.273692
0.284724
0.29587
0.30714
0.318564
0.330198
0.342139
0.354537
0.367628
0.381759
0.397444
0.415425
0.436749
0.462871
0.495733
0.537803
0.59196
0.660986
0.746561
0.84577
0.952492
1.04219
1.09756
1.13297
1.15248
1.17171
1.21017
1.27485
1.35994
1.45998
1.56591
1.67019
1.7645
1.84143
1.89517
1.92195
1.92016
1.89022
1.83424
1.75561
1.65852
1.54753
1.42718
1.30174
1.17497
1.05006
0.929566
0.815425
0.708999
0.611154
0.522334
0.442648
0.371945
0.309888
0.256005
0.209742
0.170497
0.137646
0.110704
0.088981
0.071688
0.0580956
0.0475383
0.0394221
0.0332317
0.0285347
0.0249795
0.0222891
0.0202499
0.0187
0.0175182
0.0166141
0.0159202
0.0153861
0.0149738
0.0146548
0.0144072
0.0142145
0.0140638
0.0139451
0.0138509
0.0137749
0.0137126
0.0136601
0.0136143
0.0135727
0.0135334
0.0134946
0.0134552
0.0134143
0.0133709
0.0133247
0.0132753
0.0132223
0.0131658
0.0131057
0.0130421
0.0129755
0.012906
0.012834
0.0127601
0.0126846
0.0126078
0.0125303
3.80261e-07
3.80513e-07
3.8079e-07
3.81106e-07
3.81469e-07
3.81895e-07
3.82403e-07
3.83022e-07
3.83787e-07
3.84748e-07
3.85969e-07
3.87536e-07
3.89562e-07
3.92195e-07
3.95636e-07
4.00147e-07
4.06081e-07
4.13914e-07
4.24285e-07
4.38073e-07
4.56484e-07
4.81198e-07
5.14572e-07
5.5994e-07
6.22028e-07
7.07504e-07
8.25635e-07
9.88955e-07
1.21379e-06
1.5205e-06
1.93365e-06
2.48239e-06
3.20136e-06
4.13228e-06
5.32582e-06
6.8435e-06
8.75987e-06
1.1164e-05
1.41612e-05
1.78768e-05
2.24566e-05
2.80741e-05
3.49311e-05
4.3261e-05
5.33319e-05
6.5451e-05
7.99674e-05
9.72762e-05
0.000117822
0.000142102
0.000170672
0.000204143
0.000243191
0.000288556
0.000341043
0.000401526
0.000470943
0.000550302
0.000640676
0.000743202
0.000859077
0.000989558
0.00113595
0.00129962
0.00148195
0.00168439
0.00190839
0.00215545
0.00242707
0.00272476
0.00305005
0.00340446
0.00378951
0.00420673
0.00465763
0.00514375
0.00566662
0.0062278
0.00682889
0.00747153
0.00815744
0.00888842
0.0096664
0.0104935
0.0113719
0.0123041
0.013293
0.0143414
0.0154529
0.0166311
0.0178803
0.0192051
0.0206107
0.0221027
0.0236873
0.0253714
0.0271624
0.0290682
0.0310975
0.0332594
0.0355636
0.0380204
0.0406404
0.0434347
0.0464149
0.0495925
0.0529795
0.0565877
0.060429
0.064515
0.0688572
0.0734665
0.0783533
0.0835274
0.0889976
0.094772
0.100857
0.10726
0.113983
0.12103
0.128403
0.136101
0.144122
0.152463
0.161116
0.170076
0.179332
0.188872
0.198684
0.208751
0.219058
0.229586
0.240316
0.25123
0.262308
0.273535
0.284898
0.296388
0.308007
0.319768
0.331705
0.343877
0.356384
0.369378
0.383091
0.397865
0.414191
0.432769
0.454572
0.480918
0.513531
0.55454
0.606337
0.671102
0.74991
0.840164
0.935318
1.02137
1.08162
1.12634
1.15587
1.18153
1.22111
1.27859
1.35662
1.44738
1.54479
1.64218
1.73185
1.80662
1.86061
1.88971
1.89185
1.86692
1.81654
1.74364
1.65204
1.54603
1.43
1.3081
1.18409
1.06121
0.942053
0.828662
0.722493
0.624508
0.535245
0.454895
0.383376
0.320407
0.265565
0.21833
0.178125
0.144339
0.116406
0.0937904
0.0757171
0.0614522
0.050324
0.0417306
0.0351475
0.0301315
0.02632
0.023425
0.0212229
0.0195435
0.0182583
0.0172713
0.0165106
0.0159223
0.0154659
0.0151105
0.0148329
0.0146152
0.0144435
0.0143072
0.014198
0.0141093
0.014036
0.0139742
0.0139204
0.0138719
0.0138266
0.0137828
0.013739
0.0136944
0.0136479
0.0135991
0.0135475
0.0134928
0.0134348
0.0133735
0.013309
0.0132414
0.0131711
0.0130982
0.0130233
0.0129464
0.0128679
0.0127881
3.84258e-07
3.84516e-07
3.84805e-07
3.85135e-07
3.85519e-07
3.85971e-07
3.86512e-07
3.87172e-07
3.87989e-07
3.89015e-07
3.90316e-07
3.91981e-07
3.94129e-07
3.96914e-07
4.00542e-07
4.05286e-07
4.11509e-07
4.19702e-07
4.30525e-07
4.44882e-07
4.64017e-07
4.89662e-07
5.24252e-07
5.71231e-07
6.35495e-07
7.23961e-07
8.46269e-07
1.0155e-06
1.24872e-06
1.56734e-06
1.99719e-06
2.569e-06
3.31931e-06
4.2921e-06
5.54082e-06
7.13027e-06
9.13797e-06
1.16572e-05
1.47993e-05
1.86949e-05
2.34982e-05
2.93914e-05
3.65864e-05
4.53279e-05
5.58975e-05
6.86169e-05
8.38522e-05
0.000102017
0.000123577
0.000149053
0.000179022
0.000214127
0.000255071
0.000302626
0.000357631
0.000420992
0.000493688
0.000576764
0.000671333
0.000778573
0.000899723
0.00103608
0.001189
0.00135987
0.00155014
0.00176128
0.0019948
0.00225222
0.00253507
0.00284492
0.0031833
0.00355178
0.00395191
0.00438524
0.00485333
0.00535771
0.00589998
0.00648172
0.00710455
0.00777018
0.00848036
0.00923697
0.010042
0.0108977
0.0118063
0.0127704
0.0137931
0.0148774
0.016027
0.0172459
0.0185384
0.0199095
0.0213648
0.0229101
0.0245521
0.0262981
0.0281559
0.0301339
0.0322412
0.0344875
0.0368831
0.0394386
0.0421654
0.0450751
0.0481797
0.0514912
0.0550221
0.0587847
0.0627912
0.0670536
0.0715836
0.0763924
0.0814905
0.0868878
0.0925933
0.0986148
0.104959
0.111632
0.118637
0.125977
0.133654
0.141666
0.150011
0.158685
0.167681
0.176992
0.186607
0.196514
0.2067
0.217149
0.227844
0.238767
0.249899
0.261222
0.272719
0.284373
0.296172
0.30811
0.320191
0.332431
0.344864
0.357552
0.370596
0.384147
0.39843
0.413774
0.430643
0.449684
0.471782
0.498106
0.530145
0.569671
0.61857
0.678384
0.749484
0.829249
0.910525
0.988308
1.05085
1.10269
1.14186
1.17596
1.21985
1.27533
1.34924
1.43329
1.52385
1.61518
1.70037
1.77268
1.82629
1.85696
1.86225
1.84165
1.7963
1.72872
1.64236
1.54124
1.42954
1.31131
1.19027
1.06965
0.952118
0.839763
0.734136
0.636285
0.546833
0.466048
0.393919
0.330221
0.274578
0.226506
0.185457
0.150841
0.122053
0.0985865
0.0797661
0.0648511
0.0531655
0.0441015
0.0371271
0.0317904
0.0277189
0.0246145
0.0222446
0.0204307
0.0190376
0.0179636
0.0171325
0.0164868
0.0159832
0.0155889
0.015279
0.0150341
0.0148397
0.014684
0.0145583
0.0144556
0.0143702
0.0142979
0.0142351
0.0141788
0.0141268
0.0140772
0.0140285
0.0139795
0.0139295
0.0138777
0.0138235
0.0137667
0.0137071
0.0136444
0.0135789
0.0135104
0.0134393
0.0133657
0.0132898
0.013212
0.0131321
0.0130505
3.88361e-07
3.88626e-07
3.88926e-07
3.89271e-07
3.89675e-07
3.90153e-07
3.90727e-07
3.91429e-07
3.92298e-07
3.93388e-07
3.94769e-07
3.96534e-07
3.98805e-07
4.01743e-07
4.05561e-07
4.10541e-07
4.17059e-07
4.25621e-07
4.36908e-07
4.51853e-07
4.7174e-07
4.98359e-07
5.34226e-07
5.8291e-07
6.49486e-07
7.41144e-07
8.67928e-07
1.04349e-06
1.28573e-06
1.6171e-06
2.06478e-06
2.66115e-06
3.4447e-06
4.46175e-06
5.76871e-06
7.43258e-06
9.53518e-06
1.21745e-05
1.54673e-05
1.95503e-05
2.45861e-05
3.0766e-05
3.8312e-05
4.74809e-05
5.85677e-05
7.19096e-05
8.78896e-05
0.000106941
0.00012955
0.000156261
0.000187677
0.000224469
0.000267369
0.000317181
0.000374778
0.000441103
0.000517173
0.00060407
0.000702949
0.000815028
0.00094159
0.00108397
0.00124357
0.00142183
0.00162022
0.00184026
0.0020835
0.00235149
0.00264581
0.00296804
0.00331977
0.00370259
0.00411807
0.00456779
0.00505334
0.0055763
0.00613827
0.00674087
0.00738579
0.00807474
0.00880956
0.00959217
0.0104247
0.0113093
0.0122485
0.0132451
0.0143021
0.0154229
0.0166113
0.0178714
0.0192081
0.0206264
0.0221323
0.0237321
0.0254328
0.027242
0.0291681
0.03122
0.0334073
0.0357401
0.0382293
0.0408862
0.0437225
0.0467505
0.0499825
0.0534312
0.0571095
0.06103
0.0652053
0.0696478
0.0743694
0.0793814
0.0846946
0.0903187
0.0962628
0.102535
0.109141
0.116087
0.123376
0.131011
0.138993
0.14732
0.155989
0.164997
0.174335
0.183995
0.193967
0.204239
0.214795
0.225622
0.2367
0.248013
0.259541
0.271267
0.283173
0.295244
0.307469
0.319844
0.332372
0.345071
0.357978
0.371155
0.3847
0.398761
0.413555
0.429389
0.446695
0.46606
0.488271
0.514339
0.545512
0.583204
0.628809
0.683258
0.746265
0.815099
0.883171
0.94849
1.00748
1.06164
1.10802
1.15124
1.20226
1.26278
1.33587
1.41626
1.502
1.58847
1.6697
1.73952
1.79239
1.82404
1.83183
1.8149
1.77402
1.71132
1.6299
1.5335
1.42609
1.3116
1.19367
1.07552
0.959835
0.848771
0.743944
0.646479
0.557077
0.47608
0.403541
0.339294
0.283007
0.234235
0.192458
0.157109
0.127594
0.103347
0.0838176
0.068279
0.056053
0.0465279
0.0391663
0.0335088
0.0291747
0.0258572
0.023315
0.0213621
0.0198567
0.0186917
0.0177864
0.01708
0.0165263
0.0160905
0.0157458
0.0154717
0.0152525
0.0150758
0.014932
0.0148137
0.014715
0.0146311
0.0145582
0.0144931
0.0144335
0.0143773
0.0143229
0.0142692
0.014215
0.0141597
0.0141027
0.0140435
0.0139819
0.0139178
0.013851
0.0137816
0.0137097
0.0136354
0.0135589
0.0134802
0.0133992
0.0133163
3.92554e-07
3.92826e-07
3.93136e-07
3.93496e-07
3.9392e-07
3.94424e-07
3.95032e-07
3.95775e-07
3.96696e-07
3.9785e-07
3.99312e-07
4.01178e-07
4.03573e-07
4.06667e-07
4.10677e-07
4.15898e-07
4.22717e-07
4.31656e-07
4.43421e-07
4.58974e-07
4.79644e-07
5.0728e-07
5.4449e-07
5.94974e-07
6.64006e-07
7.5907e-07
8.90641e-07
1.073e-06
1.32488e-06
1.66987e-06
2.13655e-06
2.75902e-06
3.57778e-06
4.64145e-06
6.00863e-06
7.75009e-06
9.95155e-06
1.27157e-05
1.61652e-05
2.0443e-05
2.57204e-05
3.21977e-05
4.01078e-05
4.97195e-05
6.13418e-05
7.53276e-05
9.20777e-05
0.000112045
0.000135737
0.000163722
0.000196631
0.00023516
0.000280074
0.000332208
0.000392471
0.000461842
0.000541375
0.000632193
0.000735491
0.00085253
0.000984634
0.00113318
0.00129962
0.00148541
0.0016921
0.00192122
0.00217437
0.00245313
0.00275913
0.00309398
0.00345928
0.00385667
0.00428774
0.00475411
0.00525738
0.00579917
0.00638112
0.00700487
0.00767215
0.00838473
0.00914449
0.00995343
0.0108137
0.0117277
0.012698
0.0137274
0.0148192
0.015977
0.0172047
0.0185068
0.0198883
0.0213547
0.0229121
0.0245674
0.0263279
0.0282017
0.0301976
0.032325
0.034594
0.0370154
0.0396005
0.042361
0.0453094
0.0484583
0.0518207
0.0554097
0.0592384
0.0633201
0.0676676
0.0722935
0.07721
0.0824285
0.0879598
0.0938137
0.0999991
0.106524
0.113394
0.120614
0.128189
0.13612
0.144407
0.153049
0.162042
0.171381
0.181059
0.191066
0.201392
0.212023
0.222946
0.234143
0.245598
0.257293
0.269209
0.281328
0.293632
0.306108
0.318745
0.331539
0.344496
0.357633
0.370987
0.384618
0.398623
0.413142
0.428379
0.444618
0.46225
0.481799
0.503946
0.529544
0.5596
0.595192
0.637262
0.686216
0.741283
0.799783
0.856398
0.9105
0.963353
1.01633
1.06698
1.11783
1.17607
1.24253
1.31689
1.39597
1.47873
1.56158
1.63952
1.70704
1.75898
1.79118
1.80091
1.78708
1.75014
1.69187
1.61506
1.52317
1.41996
1.30921
1.19447
1.07894
0.9653
0.855747
0.75195
0.655103
0.565975
0.484976
0.412221
0.347598
0.290822
0.241486
0.1991
0.163118
0.132967
0.108055
0.087855
0.0717227
0.0589766
0.0490029
0.0412603
0.0352839
0.030686
0.0271524
0.0244342
0.0223381
0.0207163
0.0194564
0.0184733
0.0177027
0.0170959
0.0166157
0.0162338
0.0159283
0.0156822
0.0154826
0.0153191
0.0151838
0.0150702
0.0149734
0.0148893
0.0148145
0.0147464
0.0146828
0.014622
0.0145628
0.0145039
0.0144446
0.0143843
0.0143224
0.0142586
0.0141928
0.0141247
0.0140543
0.0139816
0.0139066
0.0138295
0.0137501
0.0136685
0.0135845
3.96819e-07
3.97098e-07
3.97419e-07
3.97795e-07
3.98238e-07
3.98768e-07
3.99409e-07
4.00194e-07
4.01167e-07
4.02387e-07
4.0393e-07
4.05897e-07
4.08419e-07
4.11669e-07
4.15876e-07
4.21341e-07
4.28468e-07
4.37795e-07
4.50053e-07
4.66236e-07
4.87719e-07
5.16419e-07
5.55039e-07
6.07424e-07
6.7906e-07
7.7775e-07
9.14433e-07
1.10405e-06
1.36624e-06
1.72576e-06
2.21264e-06
2.86278e-06
3.7184e-06
4.83051e-06
6.26054e-06
8.08279e-06
1.03871e-05
1.3281e-05
1.68929e-05
2.13729e-05
2.69007e-05
3.36861e-05
4.19729e-05
5.20427e-05
6.42186e-05
7.88695e-05
9.64144e-05
0.000117326
0.000142134
0.000171432
0.000205877
0.000246193
0.000293176
0.000347697
0.000410696
0.000483191
0.000566273
0.000661108
0.000768929
0.00089104
0.00102881
0.00118366
0.00135706
0.00155056
0.00176569
0.00200407
0.0022673
0.00255703
0.0028749
0.00322255
0.00360164
0.00401381
0.00446069
0.00494393
0.00546516
0.00602601
0.00662816
0.00727331
0.0079632
0.00869966
0.00948463
0.0103202
0.0112086
0.0121522
0.0131539
0.0142165
0.0153436
0.0165388
0.0178063
0.019151
0.020578
0.0220932
0.023703
0.0254148
0.0272362
0.0291758
0.0312429
0.0334474
0.0357999
0.0383117
0.0409946
0.0438611
0.046924
0.0501964
0.0536918
0.0574238
0.0614059
0.0656517
0.0701744
0.0749866
0.0801008
0.0855285
0.0912804
0.0973664
0.103795
0.110574
0.117709
0.125206
0.133066
0.141293
0.149884
0.158839
0.168154
0.177821
0.187835
0.198185
0.208859
0.219844
0.231125
0.242687
0.25451
0.266577
0.278869
0.291368
0.304058
0.316924
0.329955
0.34315
0.356512
0.37006
0.383829
0.397877
0.412294
0.427213
0.442821
0.459374
0.477221
0.496815
0.518733
0.54367
0.572409
0.605717
0.644154
0.687717
0.735351
0.784614
0.83159
0.876516
0.922872
0.972887
1.02533
1.08151
1.14554
1.21702
1.29355
1.37278
1.45397
1.53432
1.60966
1.67516
1.72611
1.75855
1.76977
1.75853
1.72502
1.67073
1.59818
1.51056
1.41141
1.30437
1.19287
1.08006
0.968623
0.860766
0.758204
0.662184
0.573537
0.492733
0.419947
0.355117
0.298003
0.248237
0.205357
0.168844
0.138142
0.11267
0.0918617
0.0751695
0.0619267
0.0515194
0.0434041
0.0371124
0.0322511
0.0284995
0.0256021
0.0233592
0.0216171
0.0202584
0.0191938
0.0183558
0.0176927
0.0171654
0.0167436
0.0164042
0.0161293
0.0159048
0.0157198
0.0155658
0.015436
0.015325
0.0152285
0.0151428
0.0150652
0.0149933
0.0149254
0.0148599
0.0147957
0.0147319
0.0146678
0.0146028
0.0145366
0.0144687
0.0143991
0.0143276
0.0142541
0.0141785
0.0141008
0.014021
0.0139389
0.0138542
4.01143e-07
4.01429e-07
4.01761e-07
4.02152e-07
4.02616e-07
4.03172e-07
4.03846e-07
4.04673e-07
4.05699e-07
4.06984e-07
4.08609e-07
4.10678e-07
4.13328e-07
4.16737e-07
4.21143e-07
4.26859e-07
4.34301e-07
4.44027e-07
4.56792e-07
4.73627e-07
4.95955e-07
5.25767e-07
5.65869e-07
6.20259e-07
6.94654e-07
7.97197e-07
9.39328e-07
1.13668e-06
1.40985e-06
1.78486e-06
2.2931e-06
2.97212e-06
3.86627e-06
5.02891e-06
6.52439e-06
8.43062e-06
1.08416e-05
1.38702e-05
1.76502e-05
2.23396e-05
2.81265e-05
3.52306e-05
4.39067e-05
5.44494e-05
6.71964e-05
8.25331e-05
0.000100897
0.000122781
0.000148738
0.000179385
0.000215407
0.000257558
0.000306666
0.000363632
0.000429435
0.000505128
0.000591843
0.000690784
0.000803228
0.000930518
0.00107407
0.00123534
0.00141585
0.00161718
0.00184091
0.0020887
0.00236218
0.00266304
0.00299296
0.0033536
0.00374666
0.0041738
0.00463669
0.00513699
0.00567636
0.00625649
0.00687906
0.0075458
0.00825852
0.00901908
0.00982949
0.0106919
0.0116086
0.0125822
0.0136155
0.0147118
0.0158744
0.0171074
0.0184153
0.019803
0.0212761
0.0228408
0.0245039
0.026273
0.0281564
0.030163
0.0323026
0.0345856
0.0370232
0.0396272
0.04241
0.0453845
0.0485641
0.0519623
0.0555933
0.0594708
0.063609
0.0680215
0.0727218
0.0777229
0.0830372
0.0886762
0.0946507
0.10097
0.107644
0.114678
0.122079
0.129851
0.137996
0.146517
0.155411
0.164676
0.174308
0.184301
0.194645
0.205331
0.216347
0.227679
0.23931
0.251225
0.263406
0.275833
0.288489
0.301354
0.314413
0.32765
0.341056
0.354628
0.36837
0.382298
0.396446
0.410868
0.425647
0.440903
0.456805
0.473581
0.49153
0.511038
0.532576
0.55669
0.583956
0.614877
0.649701
0.688139
0.729028
0.770292
0.809273
0.846847
0.887306
0.933736
0.986216
1.04547
1.11343
1.18857
1.26733
1.34742
1.42797
1.50668
1.58003
1.64383
1.6938
1.72627
1.73862
1.7295
1.69896
1.64825
1.57961
1.49599
1.40074
1.29732
1.18906
1.07905
0.969927
0.863921
0.762769
0.667763
0.579785
0.499361
0.426717
0.36184
0.304536
0.25447
0.211212
0.174267
0.143099
0.117144
0.0958258
0.0786073
0.0648937
0.0540701
0.0455929
0.0389912
0.0338681
0.0298977
0.0268186
0.0244257
0.0225596
0.0210984
0.0199489
0.0190399
0.0183175
0.0177401
0.0172758
0.0169002
0.0165941
0.0163427
0.0161344
0.01596
0.0158124
0.0156858
0.0155756
0.0154779
0.0153897
0.0153086
0.0152326
0.0151602
0.01509
0.0150211
0.0149528
0.0148843
0.0148152
0.0147451
0.0146737
0.0146009
0.0145265
0.0144503
0.0143721
0.014292
0.0142095
0.0141245
4.05513e-07
4.05806e-07
4.06148e-07
4.06554e-07
4.07039e-07
4.07621e-07
4.08329e-07
4.09198e-07
4.10277e-07
4.11629e-07
4.13337e-07
4.15509e-07
4.18287e-07
4.21859e-07
4.26468e-07
4.32439e-07
4.40203e-07
4.50339e-07
4.63628e-07
4.81138e-07
5.04346e-07
5.35319e-07
5.76974e-07
6.33477e-07
7.10789e-07
8.1742e-07
9.65348e-07
1.17094e-06
1.45577e-06
1.84705e-06
2.37772e-06
3.08698e-06
4.02134e-06
5.23658e-06
6.8001e-06
8.79346e-06
1.13151e-05
1.44832e-05
1.84369e-05
2.33428e-05
2.93974e-05
3.68303e-05
4.5908e-05
5.69381e-05
7.02733e-05
8.63159e-05
0.000105522
0.000128405
0.000155542
0.000187575
0.000225215
0.000269247
0.00032053
0.00038
0.00044867
0.000527634
0.000618059
0.000721192
0.000838351
0.000970922
0.00112036
0.00128817
0.00147591
0.0016852
0.00191767
0.00217501
0.0024589
0.00277104
0.00311316
0.00348696
0.00389414
0.00433642
0.00481549
0.00533302
0.00589072
0.00649028
0.00713344
0.00782195
0.00855767
0.00934252
0.0101786
0.011068
0.0120133
0.0130171
0.0140823
0.0152124
0.0164109
0.0176822
0.0190308
0.0204621
0.0219818
0.0235967
0.0253137
0.0271411
0.0290873
0.031162
0.0333753
0.0357382
0.0382625
0.0409604
0.0438448
0.0469293
0.0502276
0.053754
0.0575226
0.0615481
0.0658445
0.070426
0.0753061
0.0804981
0.0860143
0.0918663
0.0980647
0.104619
0.111537
0.118827
0.126493
0.134539
0.142968
0.15178
0.160974
0.170546
0.180491
0.190803
0.201471
0.212487
0.223835
0.235504
0.247475
0.259733
0.272258
0.285032
0.298035
0.31125
0.324658
0.338247
0.352005
0.365928
0.380019
0.394293
0.408781
0.42353
0.438616
0.454145
0.470264
0.487169
0.505113
0.52441
0.545434
0.568591
0.594277
0.622773
0.654092
0.68777
0.722667
0.757126
0.789528
0.821223
0.856658
0.899499
0.950897
1.01142
1.08158
1.15901
1.23958
1.32071
1.40115
1.47881
1.55066
1.61303
1.66208
1.69444
1.7076
1.70023
1.67225
1.6247
1.55962
1.47974
1.38819
1.28829
1.18325
1.07606
0.969342
0.86531
0.765718
0.671891
0.584754
0.504878
0.432538
0.367769
0.310413
0.260173
0.21665
0.179372
0.147822
0.121456
0.0997115
0.0820241
0.0678685
0.0566483
0.0478216
0.0409169
0.0355349
0.0313458
0.0280835
0.0255376
0.0235444
0.0219772
0.0207391
0.019756
0.018971
0.0183405
0.017831
0.0174166
0.0170771
0.0167966
0.016563
0.0163666
0.0161995
0.0160558
0.0159306
0.0158196
0.0157198
0.0156285
0.0155435
0.0154633
0.0153864
0.0153119
0.0152387
0.0151662
0.0150939
0.0150212
0.0149479
0.0148736
0.0147981
0.0147212
0.0146427
0.0145622
0.0144796
0.0143945
4.09917e-07
4.10216e-07
4.10569e-07
4.10991e-07
4.11496e-07
4.12105e-07
4.12846e-07
4.13758e-07
4.1489e-07
4.16308e-07
4.181e-07
4.20377e-07
4.23287e-07
4.27023e-07
4.31839e-07
4.38071e-07
4.46166e-07
4.56722e-07
4.70551e-07
4.8876e-07
5.12883e-07
5.45067e-07
5.8835e-07
6.47075e-07
7.27468e-07
8.38426e-07
9.92477e-07
1.20677e-06
1.50389e-06
1.9123e-06
2.46645e-06
3.20732e-06
4.18354e-06
5.45345e-06
7.08753e-06
9.17112e-06
1.18072e-05
1.51192e-05
1.92526e-05
2.43819e-05
3.07125e-05
3.84842e-05
4.79755e-05
5.95071e-05
7.34472e-05
9.0215e-05
0.000110286
0.000134195
0.000162541
0.000195994
0.000235291
0.000281248
0.000334756
0.000396784
0.000468384
0.000550684
0.000644894
0.0007523
0.00087426
0.00101221
0.00116763
0.00134208
0.00153717
0.00175454
0.00199588
0.0022629
0.00255732
0.00288089
0.00323535
0.00362244
0.00404391
0.00450147
0.00499685
0.00553176
0.00610792
0.00672707
0.00739095
0.00810139
0.00886025
0.00966953
0.0105313
0.011448
0.012422
0.0134561
0.0145535
0.0157176
0.0169524
0.0182622
0.0196519
0.0211272
0.0226941
0.0243597
0.0261314
0.0280177
0.0300278
0.0321716
0.0344598
0.0369039
0.0395163
0.0423096
0.0452974
0.0484936
0.0519126
0.055569
0.0594774
0.0636527
0.0681094
0.0728618
0.0779236
0.083308
0.0890275
0.0950935
0.101516
0.108306
0.115469
0.123013
0.130943
0.139261
0.147971
0.157071
0.16656
0.176433
0.186686
0.197309
0.208295
0.21963
0.231302
0.243296
0.255596
0.268182
0.281037
0.294142
0.307476
0.321021
0.334759
0.348676
0.362759
0.377004
0.391413
0.405996
0.42078
0.435807
0.451142
0.466876
0.483133
0.500076
0.517912
0.536886
0.557279
0.579375
0.603414
0.629502
0.657488
0.68682
0.71647
0.745203
0.772216
0.799197
0.830478
0.870011
0.919709
0.980187
1.05113
1.12968
1.21145
1.29345
1.37397
1.45094
1.52164
1.5828
1.63098
1.66311
1.67684
1.67089
1.64508
1.60033
1.53848
1.46205
1.37401
1.2775
1.17561
1.07125
0.967002
0.865041
0.767135
0.67463
0.588485
0.509312
0.437429
0.372908
0.315634
0.265342
0.221662
0.184146
0.1523
0.125594
0.103483
0.0854092
0.0708426
0.0592472
0.0500851
0.0428861
0.0372494
0.0328427
0.0293962
0.0266953
0.0245718
0.0228954
0.0215655
0.0205048
0.019654
0.0189675
0.01841
0.0179542
0.0175788
0.0172671
0.0170062
0.0167857
0.0165976
0.0164353
0.0162935
0.016168
0.0160554
0.0159527
0.0158579
0.0157691
0.0156847
0.0156038
0.0155252
0.0154482
0.0153722
0.0152967
0.0152211
0.0151451
0.0150684
0.0149907
0.0149117
0.0148311
0.0147484
0.0146633
4.14343e-07
4.14649e-07
4.15013e-07
4.1545e-07
4.15975e-07
4.16611e-07
4.17386e-07
4.1834e-07
4.19526e-07
4.21013e-07
4.22889e-07
4.25272e-07
4.28315e-07
4.32218e-07
4.37245e-07
4.43744e-07
4.52177e-07
4.63167e-07
4.77552e-07
4.96484e-07
5.21556e-07
5.55001e-07
5.99987e-07
6.61043e-07
7.44674e-07
8.60188e-07
1.02069e-06
1.24415e-06
1.5542e-06
1.98056e-06
2.55926e-06
3.33306e-06
4.35279e-06
5.67938e-06
7.38652e-06
9.56339e-06
1.23175e-05
1.57779e-05
2.00966e-05
2.5456e-05
3.20708e-05
4.01912e-05
5.01075e-05
6.21544e-05
7.67154e-05
9.42272e-05
0.000115185
0.000140144
0.00016973
0.000204634
0.000245626
0.00029355
0.000349329
0.000413968
0.000488554
0.000574255
0.000672319
0.000784073
0.000910917
0.00105432
0.00121583
0.00139703
0.00159956
0.00182513
0.00207544
0.00235225
0.00265733
0.00299244
0.00335937
0.00375988
0.00419575
0.00466871
0.00518053
0.00573294
0.00632769
0.00696653
0.00765125
0.00838371
0.00916583
0.00999965
0.0108874
0.0118313
0.0128342
0.0138988
0.0150285
0.0162269
0.0174981
0.0188467
0.0202779
0.0217975
0.0234121
0.0251289
0.0269559
0.028902
0.0309767
0.0331906
0.0355548
0.0380814
0.0407831
0.0436733
0.046766
0.0500756
0.053617
0.0574052
0.0614552
0.0657821
0.0704007
0.0753255
0.0805703
0.0861483
0.0920719
0.0983523
0.105
0.112023
0.119431
0.127228
0.135419
0.144007
0.152993
0.162377
0.172156
0.182324
0.192877
0.203804
0.215097
0.226743
0.238727
0.251034
0.263647
0.276548
0.289717
0.303135
0.31678
0.330634
0.344678
0.358897
0.373279
0.387814
0.402505
0.417357
0.432393
0.447646
0.46317
0.47904
0.495357
0.512251
0.529881
0.548431
0.568095
0.589052
0.611415
0.635157
0.66002
0.685437
0.71054
0.73449
0.757104
0.780304
0.808201
0.844816
0.892537
0.952104
1.02279
1.1015
1.18379
1.26632
1.3469
1.42334
1.49309
1.55319
1.60054
1.63234
1.64644
1.64161
1.61764
1.57534
1.5164
1.44316
1.35842
1.26515
1.16634
1.0648
0.963043
0.863227
0.767109
0.676049
0.591031
0.5127
0.441411
0.377273
0.320206
0.269977
0.226244
0.188584
0.156523
0.129548
0.10713
0.0887279
0.0738084
0.0618604
0.0523788
0.0448953
0.0390094
0.0343872
0.0307563
0.0278986
0.0256424
0.0238537
0.0224286
0.0212871
0.0203674
0.0196218
0.0190134
0.0185135
0.0180998
0.0177546
0.0174643
0.0172179
0.0170068
0.0168242
0.0166645
0.0165231
0.0163964
0.0162813
0.0161756
0.0160772
0.0159847
0.0158966
0.015812
0.01573
0.0156498
0.0155709
0.0154928
0.0154149
0.0153368
0.0152582
0.0151787
0.0150978
0.0150153
0.0149304
4.18781e-07
4.19094e-07
4.19469e-07
4.19921e-07
4.20467e-07
4.21129e-07
4.21939e-07
4.22936e-07
4.24176e-07
4.25731e-07
4.27693e-07
4.30183e-07
4.33361e-07
4.37435e-07
4.42677e-07
4.49448e-07
4.58228e-07
4.69662e-07
4.8462e-07
5.04299e-07
5.30355e-07
5.65112e-07
6.11873e-07
6.75366e-07
7.62393e-07
8.82689e-07
1.04998e-06
1.28306e-06
1.60665e-06
2.05179e-06
2.65608e-06
3.46413e-06
4.52896e-06
5.91423e-06
7.69685e-06
9.96997e-06
1.28459e-05
1.64589e-05
2.09683e-05
2.65645e-05
3.34713e-05
4.19497e-05
5.23023e-05
6.48776e-05
8.00749e-05
9.83488e-05
0.000120213
0.000146248
0.000177099
0.000213488
0.000256209
0.000306139
0.000364234
0.000431534
0.000509161
0.000598322
0.000700304
0.000816475
0.000948278
0.00109723
0.0012649
0.00145293
0.00166301
0.00189686
0.00215625
0.00244297
0.0027588
0.00310556
0.00348507
0.0038991
0.00434947
0.00483795
0.0053663
0.0059363
0.00654972
0.00720834
0.00791399
0.00866856
0.00947402
0.0103325
0.0112461
0.0122175
0.0132493
0.0143446
0.0155067
0.0167395
0.0180473
0.019435
0.0209079
0.0224722
0.0241349
0.0259034
0.0277863
0.0297928
0.031933
0.0342178
0.036659
0.0392692
0.0420615
0.04505
0.048249
0.0516736
0.0553389
0.0592603
0.0634534
0.0679334
0.0727153
0.0778136
0.0832423
0.0890145
0.0951425
0.101637
0.108509
0.115766
0.123415
0.131463
0.139912
0.148766
0.158024
0.167686
0.177748
0.188205
0.199049
0.210271
0.22186
0.233804
0.246088
0.258695
0.271607
0.284806
0.298271
0.311981
0.325917
0.340057
0.354382
0.368876
0.383524
0.398317
0.413251
0.428331
0.443571
0.458996
0.474649
0.490587
0.506888
0.523649
0.540985
0.559022
0.577879
0.597645
0.618332
0.639821
0.661797
0.683724
0.704918
0.724894
0.743936
0.764109
0.789278
0.823387
0.869072
0.927207
0.996901
1.07504
1.15724
1.23987
1.32033
1.39625
1.46515
1.52427
1.5708
1.60219
1.61648
1.61251
1.59008
1.54992
1.49359
1.42328
1.34162
1.25145
1.15562
1.05686
0.957604
0.859982
0.765734
0.676222
0.592449
0.515085
0.444515
0.380883
0.32414
0.274083
0.230397
0.192682
0.160484
0.13331
0.110644
0.0919632
0.0767455
0.0644818
0.0546978
0.0469411
0.0408125
0.0359778
0.0321631
0.0291476
0.0267564
0.0248525
0.0233292
0.0221037
0.0211119
0.0203041
0.019642
0.0190953
0.0186406
0.0182596
0.0179377
0.0176633
0.0174275
0.0172229
0.0170437
0.016885
0.0167429
0.0166143
0.0164965
0.0163877
0.016286
0.01619
0.0160987
0.0160111
0.0159263
0.0158437
0.0157626
0.0156824
0.0156028
0.0155231
0.015443
0.0153619
0.0152795
0.015195
4.23221e-07
4.23541e-07
4.23927e-07
4.24395e-07
4.24962e-07
4.25651e-07
4.26494e-07
4.27535e-07
4.2883e-07
4.30454e-07
4.32502e-07
4.35101e-07
4.38417e-07
4.42663e-07
4.48124e-07
4.55173e-07
4.64309e-07
4.76198e-07
4.91746e-07
5.12195e-07
5.39268e-07
5.75387e-07
6.23995e-07
6.90031e-07
7.80607e-07
9.05912e-07
1.08031e-06
1.32347e-06
1.66121e-06
2.12594e-06
2.75684e-06
3.60041e-06
4.71193e-06
6.15779e-06
8.01826e-06
1.03905e-05
1.33917e-05
1.71617e-05
2.1867e-05
2.77063e-05
3.49127e-05
4.37582e-05
5.45577e-05
6.7674e-05
8.35225e-05
0.000102576
0.000125368
0.0001525
0.000184643
0.000222545
0.000267029
0.000319003
0.000379456
0.000449461
0.00053018
0.000622856
0.000728816
0.00084947
0.000986301
0.00114087
0.00131478
0.00150973
0.00172743
0.00196966
0.00223822
0.00253492
0.00286161
0.00322011
0.00361228
0.00403993
0.00450488
0.00500894
0.00555391
0.00614157
0.00677372
0.00745219
0.00817883
0.00895555
0.00978439
0.0106675
0.0116072
0.0126061
0.0136669
0.0147929
0.0159875
0.0172549
0.0185994
0.0200263
0.0215412
0.0231506
0.0248616
0.0266824
0.0286217
0.0306892
0.0328956
0.0352522
0.0377714
0.0404661
0.0433502
0.0464381
0.0497447
0.0532855
0.0570761
0.0611322
0.0654696
0.0701038
0.0750499
0.0803226
0.0859357
0.0919023
0.0982343
0.104943
0.112037
0.119525
0.127414
0.135709
0.144413
0.153528
0.163053
0.172986
0.183324
0.19406
0.205186
0.216692
0.228567
0.240797
0.253366
0.266257
0.279451
0.29293
0.306671
0.320653
0.334856
0.349257
0.363837
0.378576
0.393458
0.408473
0.423612
0.438875
0.45427
0.469813
0.485534
0.501473
0.517684
0.534234
0.551197
0.568645
0.586634
0.605179
0.624218
0.643571
0.662904
0.681748
0.699609
0.716304
0.732464
0.750232
0.773224
0.80522
0.848945
0.905376
0.973612
1.05064
1.1322
1.2145
1.29459
1.3699
1.43794
1.4961
1.54179
1.57269
1.587
1.58367
1.56252
1.52422
1.47022
1.40258
1.3238
1.23656
1.14362
1.04757
0.950818
0.855423
0.763107
0.67523
0.592802
0.516514
0.446778
0.383765
0.327454
0.277671
0.234125
0.19644
0.164182
0.136874
0.114019
0.0951079
0.0796331
0.0670997
0.0570379
0.0490203
0.0426565
0.0376132
0.0336159
0.030442
0.027914
0.0258924
0.0242679
0.0229553
0.0218882
0.0210153
0.0202963
0.0197001
0.019202
0.0187826
0.0184268
0.0181225
0.01786
0.0176317
0.0174313
0.0172538
0.0170949
0.0169515
0.0168207
0.0167003
0.0165886
0.016484
0.0163852
0.0162913
0.0162013
0.0161145
0.01603
0.0159474
0.0158659
0.015785
0.0157042
0.0156228
0.0155406
0.0154565
4.27655e-07
4.27982e-07
4.28379e-07
4.28862e-07
4.2945e-07
4.30166e-07
4.31044e-07
4.32128e-07
4.33479e-07
4.35172e-07
4.37308e-07
4.40018e-07
4.43472e-07
4.47894e-07
4.53578e-07
4.60911e-07
4.70409e-07
4.82765e-07
4.98919e-07
5.20162e-07
5.48286e-07
5.85815e-07
6.36341e-07
7.05024e-07
7.99303e-07
9.29839e-07
1.11167e-06
1.36535e-06
1.71785e-06
2.20296e-06
2.86146e-06
3.74179e-06
4.90153e-06
6.40984e-06
8.35043e-06
1.08246e-05
1.39546e-05
1.78855e-05
2.27917e-05
2.88802e-05
3.63935e-05
4.56147e-05
5.68714e-05
7.05409e-05
8.70545e-05
0.000106903
0.000130641
0.000158892
0.000192353
0.000231795
0.000278075
0.000332127
0.000394976
0.00046773
0.000551587
0.000647829
0.000757823
0.000883018
0.00102494
0.00118519
0.00136542
0.00156735
0.00179276
0.00204344
0.00232124
0.00262801
0.00296562
0.00333594
0.00374084
0.00418217
0.00466177
0.00518148
0.00574311
0.00634848
0.00699942
0.00769776
0.0084454
0.00924431
0.0100966
0.0110043
0.0119701
0.0129964
0.0140863
0.015243
0.0164703
0.0177722
0.0191537
0.0206199
0.022177
0.0238317
0.0255915
0.0274649
0.0294611
0.0315903
0.0338635
0.0362926
0.0388906
0.0416708
0.0446477
0.0478361
0.0512516
0.0549097
0.0588267
0.0630185
0.0675012
0.0722905
0.0774015
0.0828488
0.0886464
0.0948069
0.101342
0.108263
0.115578
0.123295
0.131421
0.139959
0.148913
0.158283
0.168068
0.178265
0.18887
0.199876
0.211274
0.223053
0.2352
0.247701
0.26054
0.273698
0.287157
0.300896
0.314893
0.329125
0.34357
0.358206
0.37301
0.387963
0.403047
0.418245
0.433548
0.448949
0.464449
0.480056
0.495785
0.51166
0.527712
0.54398
0.560498
0.577294
0.594372
0.611688
0.629127
0.646476
0.663415
0.679559
0.694597
0.708606
0.722465
0.738346
0.759626
0.789872
0.831785
0.886406
0.952903
1.02843
1.10893
1.19049
1.26992
1.34446
1.41158
1.46874
1.51355
1.54387
1.55805
1.55516
1.53505
1.49834
1.44642
1.38123
1.30512
1.22066
1.13048
1.0371
0.942818
0.849664
0.759327
0.673153
0.592157
0.517043
0.448241
0.385948
0.330169
0.280754
0.237437
0.199863
0.167616
0.140239
0.117251
0.0981566
0.0824648
0.0696947
0.0593898
0.0511298
0.044539
0.0392918
0.0351139
0.0317814
0.0291152
0.0269737
0.0252453
0.0238425
0.0226971
0.0217559
0.0209772
0.0203286
0.0197843
0.0193242
0.0189322
0.0185957
0.0183045
0.0180506
0.0178274
0.0176295
0.0174526
0.017293
0.0171479
0.017015
0.0168923
0.0167782
0.0166713
0.0165704
0.0164746
0.0163831
0.0162948
0.0162093
0.0161257
0.0160433
0.0159616
0.01588
0.0157978
0.0157142
4.32074e-07
4.32408e-07
4.32816e-07
4.33315e-07
4.33923e-07
4.34666e-07
4.35579e-07
4.36707e-07
4.38113e-07
4.39877e-07
4.42101e-07
4.44923e-07
4.48518e-07
4.53119e-07
4.5903e-07
4.66652e-07
4.7652e-07
4.89354e-07
5.0613e-07
5.28189e-07
5.57397e-07
5.96384e-07
6.48897e-07
7.2033e-07
8.18461e-07
9.54447e-07
1.14402e-06
1.40866e-06
1.77651e-06
2.28276e-06
2.96985e-06
3.88814e-06
5.09755e-06
6.67012e-06
8.69301e-06
1.12717e-05
1.45336e-05
1.86295e-05
2.37416e-05
3.0085e-05
3.79122e-05
4.75173e-05
5.92409e-05
7.34749e-05
9.0667e-05
0.000111327
0.000136029
0.000165419
0.000200219
0.000241229
0.000289332
0.000345495
0.000410776
0.000486319
0.000573357
0.000673211
0.000787289
0.000917079
0.00106415
0.00123013
0.00141674
0.00162572
0.0018589
0.0021181
0.0024052
0.00272211
0.0030707
0.0034529
0.00387058
0.00432565
0.00481995
0.00535534
0.00593367
0.00655677
0.0072265
0.00794473
0.00871338
0.00953447
0.0104101
0.0113426
0.0123343
0.0133882
0.0145071
0.0156945
0.0169544
0.0182911
0.0197095
0.0212152
0.0228147
0.0245149
0.0263237
0.0282501
0.0303036
0.0324949
0.0348356
0.037338
0.0400155
0.0428822
0.0459527
0.0492427
0.0527678
0.0565444
0.0605887
0.0649171
0.0695458
0.0744906
0.0797667
0.0853887
0.0913703
0.097724
0.104461
0.111592
0.119126
0.127069
0.135427
0.144204
0.153402
0.16302
0.173058
0.183511
0.194374
0.20564
0.217297
0.229336
0.241741
0.254499
0.267591
0.281
0.294704
0.308682
0.322912
0.337369
0.352031
0.366874
0.381873
0.397008
0.412256
0.4276
0.443024
0.458518
0.474074
0.489689
0.505367
0.521116
0.536945
0.552864
0.568878
0.584973
0.601112
0.617208
0.633112
0.648602
0.66339
0.67719
0.689862
0.701694
0.713746
0.728179
0.748141
0.776965
0.817247
0.87006
0.934666
1.00844
1.08752
1.16799
1.24648
1.32006
1.38614
1.44225
1.4861
1.51574
1.52967
1.52704
1.50774
1.4724
1.42232
1.35935
1.28572
1.20389
1.11637
1.02557
0.933732
0.842822
0.754493
0.670078
0.590585
0.516727
0.448949
0.387469
0.332312
0.283352
0.240345
0.202957
0.17079
0.143405
0.120336
0.101105
0.0852359
0.0722613
0.0617389
0.0532599
0.0464578
0.0410121
0.036656
0.0331656
0.03036
0.0280966
0.0262617
0.0247658
0.0235391
0.0225266
0.0216853
0.0209814
0.0203883
0.0198848
0.0194543
0.0190834
0.0187615
0.0184801
0.0182324
0.0180125
0.017816
0.0176389
0.0174784
0.0173318
0.0171971
0.0170725
0.0169567
0.0168482
0.016746
0.0166491
0.0165567
0.0164678
0.0163818
0.0162978
0.0162151
0.0161329
0.0160509
0.0159678
4.3647e-07
4.3681e-07
4.37229e-07
4.37744e-07
4.38373e-07
4.39143e-07
4.40091e-07
4.41264e-07
4.42726e-07
4.4456e-07
4.46874e-07
4.49809e-07
4.53547e-07
4.5833e-07
4.6447e-07
4.72387e-07
4.82634e-07
4.95957e-07
5.1337e-07
5.36267e-07
5.6659e-07
6.07081e-07
6.61651e-07
7.35933e-07
8.38063e-07
9.79714e-07
1.17733e-06
1.45336e-06
1.83714e-06
2.36528e-06
3.08189e-06
4.03929e-06
5.29979e-06
6.93832e-06
9.0456e-06
1.17314e-05
1.51281e-05
1.93929e-05
2.47154e-05
3.13192e-05
3.94668e-05
4.94637e-05
6.16634e-05
7.64725e-05
9.43557e-05
0.000115841
0.000141523
0.000172072
0.000208233
0.000250834
0.000300787
0.000359092
0.000426838
0.000505204
0.000595462
0.000698971
0.000817177
0.00095161
0.00110388
0.00127565
0.00146869
0.00168478
0.00192577
0.00219354
0.00249001
0.00281709
0.00317672
0.00357084
0.00400135
0.00447018
0.0049792
0.0055303
0.00612533
0.00676617
0.00745468
0.00819278
0.00898243
0.00982566
0.0107246
0.0116817
0.0126995
0.0137808
0.0149287
0.0161469
0.0174394
0.0188107
0.0202662
0.0218115
0.0234534
0.0251993
0.0270575
0.0290371
0.0311484
0.0334023
0.035811
0.0383873
0.041145
0.0440988
0.0472639
0.0506562
0.0542919
0.0581876
0.0623599
0.0668255
0.0716006
0.0767012
0.0821423
0.0879386
0.0941033
0.100649
0.107586
0.114925
0.122674
0.130839
0.139425
0.148435
0.15787
0.167731
0.178013
0.188713
0.199823
0.211337
0.223242
0.235526
0.248175
0.261173
0.274502
0.288141
0.30207
0.316266
0.330705
0.345363
0.360215
0.375235
0.390398
0.40568
0.421056
0.436506
0.45201
0.467549
0.483111
0.498682
0.514253
0.529816
0.545362
0.560876
0.576334
0.591692
0.606878
0.621778
0.636226
0.650007
0.662883
0.674668
0.685378
0.695476
0.706144
0.719505
0.73849
0.766181
0.805027
0.85609
0.918736
0.990567
1.06797
1.14705
1.22433
1.29676
1.36167
1.41663
1.45945
1.48832
1.50186
1.49933
1.48067
1.44649
1.39804
1.33708
1.26576
1.1864
1.10141
1.01312
0.923682
0.835006
0.748705
0.666089
0.588158
0.515627
0.448951
0.388365
0.333912
0.285487
0.242865
0.205732
0.173709
0.146373
0.123275
0.103952
0.0879425
0.0747949
0.0640803
0.0554019
0.0484027
0.0427705
0.0382413
0.0345939
0.0316481
0.0292612
0.0273175
0.0257258
0.0244148
0.023328
0.0224211
0.0216591
0.0210144
0.020465
0.0199935
0.019586
0.0192313
0.0189205
0.0186464
0.0184029
0.0181852
0.0179894
0.0178121
0.0176507
0.017503
0.017367
0.0172413
0.0171245
0.0170152
0.0169125
0.0168154
0.0167228
0.0166339
0.0165479
0.016464
0.0163813
0.0162993
0.0162167
4.40835e-07
4.41182e-07
4.41612e-07
4.42142e-07
4.42792e-07
4.4359e-07
4.44573e-07
4.45791e-07
4.4731e-07
4.49215e-07
4.5162e-07
4.54668e-07
4.58552e-07
4.63517e-07
4.69892e-07
4.78108e-07
4.8874e-07
5.02563e-07
5.20627e-07
5.44384e-07
5.75854e-07
6.17894e-07
6.74586e-07
7.51816e-07
8.5809e-07
1.00561e-06
1.21158e-06
1.49942e-06
1.89968e-06
2.45043e-06
3.19745e-06
4.19507e-06
5.50799e-06
7.21411e-06
9.40775e-06
1.2203e-05
1.57374e-05
2.01747e-05
2.57119e-05
3.25814e-05
4.10556e-05
5.14515e-05
6.41358e-05
7.95302e-05
9.81159e-05
0.00012044
0.000147118
0.000178842
0.000216384
0.000260599
0.000312426
0.000372899
0.00044314
0.000524363
0.000617876
0.000725077
0.00084745
0.000986566
0.00114407
0.00132169
0.00152119
0.00174443
0.00199329
0.00226968
0.00257554
0.00291285
0.00328355
0.0036896
0.00413297
0.00461557
0.00513933
0.00570612
0.00631785
0.0069764
0.00768367
0.0084416
0.00925219
0.0101175
0.0110398
0.0120215
0.0130651
0.0141738
0.0153506
0.0165995
0.0179246
0.0193306
0.0208231
0.0224082
0.0240926
0.0258844
0.027792
0.0298252
0.0319945
0.0343115
0.0367887
0.0394394
0.042278
0.0453196
0.0485799
0.0520752
0.0558221
0.0598376
0.0641385
0.0687415
0.0736632
0.0789194
0.0845251
0.0904947
0.0968413
0.103577
0.110712
0.118256
0.126216
0.134598
0.143407
0.152644
0.16231
0.172404
0.182921
0.193858
0.205205
0.216954
0.229093
0.241609
0.254486
0.267707
0.281253
0.295104
0.309236
0.323627
0.338251
0.353083
0.368096
0.383263
0.398558
0.413952
0.42942
0.444936
0.460475
0.476015
0.491533
0.507008
0.522418
0.537741
0.55295
0.568009
0.58287
0.597466
0.6117
0.625441
0.638522
0.650749
0.661941
0.672015
0.681124
0.689872
0.699523
0.712141
0.730444
0.757262
0.794859
0.844258
0.904922
0.974687
1.05021
1.12766
1.20349
1.27458
1.33818
1.39189
1.4336
1.46159
1.47464
1.47207
1.45387
1.42066
1.37365
1.31453
1.24533
1.1683
1.08574
0.999874
0.912787
0.826325
0.742061
0.661273
0.58495
0.513805
0.4483
0.388679
0.335003
0.287184
0.245016
0.208203
0.176382
0.149149
0.126069
0.106696
0.0905824
0.0772922
0.06641
0.0575514
0.0503696
0.0445604
0.0398642
0.0360633
0.032979
0.0304675
0.0284128
0.0267228
0.0253246
0.0241606
0.0231851
0.0223621
0.0216631
0.0210652
0.0205503
0.0201038
0.0197141
0.0193719
0.0190696
0.0188008
0.0185605
0.0183444
0.018149
0.0179716
0.0178098
0.0176616
0.0175252
0.0173991
0.0172822
0.017173
0.0170706
0.0169738
0.0168818
0.0167936
0.0167082
0.0166247
0.0165426
0.0164605
4.45162e-07
4.45516e-07
4.45957e-07
4.46503e-07
4.47174e-07
4.47999e-07
4.49017e-07
4.5028e-07
4.51856e-07
4.53834e-07
4.56329e-07
4.59494e-07
4.63523e-07
4.68675e-07
4.75288e-07
4.83808e-07
4.94832e-07
5.09164e-07
5.27894e-07
5.52531e-07
5.85178e-07
6.28811e-07
6.87689e-07
7.67962e-07
8.78519e-07
1.03212e-06
1.24673e-06
1.54678e-06
1.96406e-06
2.53811e-06
3.31639e-06
4.35526e-06
5.72187e-06
7.49712e-06
9.77898e-06
1.2686e-05
1.63608e-05
2.0974e-05
2.67299e-05
3.38699e-05
4.26763e-05
5.34779e-05
6.66549e-05
8.26437e-05
0.000101943
0.000125117
0.000152806
0.000185722
0.000224663
0.00027051
0.000324235
0.0003869
0.000459662
0.00054377
0.000640569
0.000751494
0.000878069
0.0010219
0.00118469
0.00136817
0.00157419
0.00180461
0.00206137
0.0023464
0.00266169
0.00300924
0.00339103
0.00380904
0.00426526
0.00476164
0.00530012
0.00588259
0.00651098
0.0071872
0.00791317
0.00869087
0.00952234
0.0104097
0.0113552
0.0123613
0.0134308
0.0145667
0.0157724
0.0170519
0.0184095
0.0198502
0.0213797
0.0230044
0.0247316
0.0265693
0.0285266
0.0306136
0.0328413
0.0352216
0.0377677
0.0404933
0.0434134
0.0465433
0.0498994
0.0534983
0.0573569
0.0614925
0.0659222
0.0706628
0.0757309
0.0811422
0.0869117
0.0930533
0.0995801
0.106503
0.113833
0.121578
0.129746
0.13834
0.147365
0.156823
0.166712
0.17703
0.187774
0.198936
0.210508
0.22248
0.234839
0.24757
0.260659
0.274085
0.28783
0.30187
0.316184
0.330746
0.34553
0.360508
0.375654
0.390937
0.40633
0.421801
0.437323
0.452864
0.468397
0.483891
0.499318
0.514647
0.529846
0.544879
0.559702
0.574264
0.588497
0.602316
0.61561
0.628242
0.640052
0.650879
0.660606
0.669248
0.677079
0.684818
0.693773
0.705937
0.723822
0.749998
0.786523
0.834349
0.893021
0.960612
1.03413
1.10971
1.18391
1.25347
1.31564
1.36799
1.40851
1.43555
1.44799
1.44526
1.42737
1.39497
1.34923
1.29178
1.22456
1.14972
1.06947
0.98595
0.90116
0.816886
0.734655
0.655715
0.581037
0.511327
0.447048
0.388454
0.33562
0.288472
0.246819
0.210383
0.17882
0.151738
0.128721
0.109337
0.0931543
0.0797505
0.0687247
0.0597048
0.0523548
0.0463785
0.041522
0.0375713
0.0343496
0.0317134
0.0295465
0.0277562
0.0262684
0.0250244
0.0239776
0.0230909
0.0223348
0.0216858
0.021125
0.0206372
0.0202104
0.0198348
0.0195024
0.0192066
0.0189419
0.0187041
0.0184894
0.0182948
0.0181177
0.0179561
0.0178082
0.0176721
0.0175467
0.0174304
0.0173222
0.0172208
0.0171252
0.0170344
0.0169472
0.0168629
0.0167806
0.0166989
4.49445e-07
4.49806e-07
4.50258e-07
4.50819e-07
4.51511e-07
4.52364e-07
4.53418e-07
4.54726e-07
4.56359e-07
4.58409e-07
4.60997e-07
4.64277e-07
4.68455e-07
4.73795e-07
4.80649e-07
4.89478e-07
5.00901e-07
5.15751e-07
5.35161e-07
5.60698e-07
5.9455e-07
6.39817e-07
7.00945e-07
7.84352e-07
8.99328e-07
1.05921e-06
1.28274e-06
1.59539e-06
2.0302e-06
2.62819e-06
3.43856e-06
4.51966e-06
5.94114e-06
7.78693e-06
1.01587e-05
1.31797e-05
1.69974e-05
2.17895e-05
2.77679e-05
3.51827e-05
4.43267e-05
5.55404e-05
6.92171e-05
8.58088e-05
0.000105831
0.000129868
0.000158578
0.000192701
0.000233056
0.000280554
0.000336196
0.000401075
0.000476381
0.0005634
0.00066351
0.000778187
0.000908993
0.00105758
0.00122566
0.00141505
0.00162761
0.00186524
0.00212991
0.00242361
0.00274835
0.00310616
0.00349904
0.003929
0.00439807
0.0049082
0.00546137
0.00605948
0.00670448
0.0073983
0.0081429
0.00894029
0.00979253
0.0107018
0.0116703
0.0127008
0.013796
0.0149591
0.0161936
0.0175035
0.0188936
0.0203688
0.0219354
0.0235998
0.0253696
0.0272534
0.0292605
0.0314015
0.0336877
0.0361318
0.0387471
0.0415481
0.04455
0.0477687
0.051221
0.0549238
0.0588945
0.0631505
0.067709
0.072587
0.077801
0.0833666
0.0892986
0.0956108
0.102315
0.109424
0.116945
0.124887
0.133257
0.142058
0.151293
0.160963
0.171067
0.181601
0.19256
0.203936
0.21572
0.227901
0.240465
0.253397
0.266679
0.280292
0.294215
0.308424
0.322896
0.337605
0.352522
0.367619
0.382868
0.398236
0.413692
0.429206
0.444743
0.46027
0.475754
0.491158
0.506448
0.521585
0.536525
0.551221
0.565618
0.579648
0.593231
0.606269
0.618646
0.630227
0.640867
0.650447
0.658918
0.666385
0.673227
0.680246
0.688777
0.700726
0.718403
0.744134
0.77977
0.826174
0.882949
0.948351
1.01957
1.09306
1.16546
1.23336
1.29398
1.3449
1.38413
1.41015
1.42191
1.4189
1.40121
1.36948
1.32486
1.26892
1.20354
1.13077
1.05272
0.971458
0.888908
0.806791
0.726584
0.649502
0.576494
0.508256
0.445252
0.387738
0.335801
0.289379
0.248298
0.212292
0.181035
0.154151
0.131237
0.111879
0.0956581
0.0821682
0.0710217
0.061859
0.0543548
0.0482216
0.0432118
0.0391153
0.0357581
0.0329975
0.0307176
0.0288252
0.0272456
0.0259192
0.0247984
0.0238453
0.0230295
0.0223268
0.0217176
0.0211863
0.0207202
0.0203091
0.0199447
0.0196201
0.0193296
0.0190686
0.0188331
0.01862
0.0184266
0.0182507
0.0180902
0.0179433
0.0178086
0.0176846
0.01757
0.0174635
0.0173639
0.0172701
0.017181
0.0170955
0.0170129
0.0169316
4.53678e-07
4.54045e-07
4.54508e-07
4.55085e-07
4.55798e-07
4.56678e-07
4.57767e-07
4.59121e-07
4.60811e-07
4.62935e-07
4.65615e-07
4.69013e-07
4.7334e-07
4.78871e-07
4.85968e-07
4.95111e-07
5.06939e-07
5.22315e-07
5.42418e-07
5.68873e-07
6.03957e-07
6.509e-07
7.14335e-07
8.00965e-07
9.20492e-07
1.08684e-06
1.31957e-06
1.64518e-06
2.09802e-06
2.72058e-06
3.56376e-06
4.68801e-06
6.16545e-06
8.08311e-06
1.05465e-05
1.36832e-05
1.76462e-05
2.262e-05
2.88244e-05
3.65181e-05
4.60045e-05
5.76357e-05
7.18188e-05
8.9021e-05
0.000109775
0.000134684
0.000164428
0.000199769
0.000241553
0.000290718
0.000348294
0.000415405
0.000493275
0.000583225
0.00068667
0.000805121
0.000940179
0.00109353
0.00126695
0.00146226
0.00168137
0.00192623
0.00219884
0.00250122
0.0028354
0.00320346
0.00360742
0.00404932
0.0045312
0.00505506
0.00562287
0.00623657
0.0068981
0.00760944
0.00837257
0.00918953
0.0100624
0.0109935
0.011985
0.0130397
0.0141604
0.0153505
0.0166136
0.0179539
0.0193763
0.020886
0.0224894
0.0241934
0.0260059
0.0279358
0.0299928
0.0321878
0.0345329
0.0370409
0.0397257
0.0426023
0.0456864
0.0489943
0.052543
0.05635
0.0604329
0.0648092
0.0694964
0.0745113
0.0798705
0.0855893
0.0916823
0.0981628
0.105043
0.112333
0.120041
0.128176
0.136743
0.145744
0.155182
0.165057
0.175367
0.186106
0.197269
0.208848
0.220831
0.233207
0.24596
0.259076
0.272533
0.286314
0.300394
0.314751
0.329358
0.344188
0.359212
0.3744
0.389721
0.405142
0.420629
0.436148
0.451663
0.467136
0.482529
0.497801
0.51291
0.527809
0.542448
0.556767
0.570702
0.584174
0.597094
0.609357
0.620846
0.631437
0.641012
0.649498
0.65691
0.663438
0.669549
0.676105
0.684443
0.696372
0.714012
0.739457
0.774357
0.819481
0.874457
0.937695
1.00658
1.07783
1.14809
1.21411
1.27309
1.3225
1.36041
1.38535
1.39635
1.39299
1.37539
1.34421
1.30058
1.24602
1.18235
1.11152
1.03558
0.956503
0.876135
0.796137
0.717938
0.642716
0.571396
0.50466
0.442967
0.386579
0.335586
0.289939
0.249477
0.213949
0.183042
0.156395
0.133623
0.114324
0.0980951
0.0845447
0.0732991
0.0640112
0.0563666
0.0500868
0.0449306
0.040693
0.0372025
0.0343182
0.0319247
0.0299288
0.0282555
0.0268444
0.0256472
0.0246251
0.0237471
0.0229883
0.0223283
0.0217511
0.0212436
0.020795
0.0203968
0.0200416
0.0197236
0.0194378
0.0191802
0.0189474
0.0187365
0.0185451
0.0183711
0.0182126
0.0180679
0.0179355
0.0178139
0.0177017
0.0175977
0.0175006
0.0174092
0.0173223
0.0172392
0.0171583
4.57853e-07
4.58227e-07
4.587e-07
4.59293e-07
4.60027e-07
4.60935e-07
4.6206e-07
4.63459e-07
4.65208e-07
4.67404e-07
4.70178e-07
4.73694e-07
4.78172e-07
4.83895e-07
4.91238e-07
5.00698e-07
5.12937e-07
5.28849e-07
5.49656e-07
5.77047e-07
6.13389e-07
6.62045e-07
7.27845e-07
8.17782e-07
9.41984e-07
1.11498e-06
1.35716e-06
1.6961e-06
2.16742e-06
2.81511e-06
3.69182e-06
4.86004e-06
6.39445e-06
8.38517e-06
1.09415e-05
1.41957e-05
1.83062e-05
2.34643e-05
2.98977e-05
3.7874e-05
4.77069e-05
5.97608e-05
7.44561e-05
9.22754e-05
0.000113769
0.000139559
0.000170346
0.000206917
0.000250142
0.000300987
0.00036051
0.00042987
0.00051032
0.000603218
0.000710014
0.000832257
0.000971586
0.00112973
0.00130848
0.00150973
0.00173541
0.00198751
0.00226806
0.0025791
0.00292273
0.00330103
0.00371604
0.00416985
0.00466449
0.00520202
0.00578442
0.00641361
0.00709159
0.00782034
0.00860187
0.00943826
0.0103316
0.0112842
0.0122985
0.0133772
0.0145234
0.0157403
0.0170318
0.0184023
0.0198567
0.0214008
0.023041
0.0247845
0.0266396
0.0286154
0.0307223
0.0329716
0.0353755
0.0379475
0.0407021
0.0436545
0.0468208
0.050218
0.0538634
0.0577746
0.0619695
0.0664659
0.0712811
0.0764322
0.0819354
0.0878058
0.0940578
0.100704
0.107756
0.115224
0.123116
0.131438
0.140195
0.14939
0.159024
0.169095
0.179601
0.190535
0.201891
0.213659
0.225828
0.238384
0.251311
0.264592
0.278208
0.292136
0.306353
0.320834
0.335552
0.350478
0.365582
0.380833
0.396196
0.411638
0.427122
0.442612
0.458067
0.473447
0.48871
0.503809
0.518696
0.533317
0.547615
0.561523
0.574966
0.587861
0.600112
0.611614
0.622255
0.631929
0.640549
0.648088
0.654627
0.660432
0.66604
0.672353
0.680691
0.692759
0.710497
0.735783
0.770075
0.814039
0.867315
0.928438
0.994978
1.06387
1.13187
1.19581
1.25291
1.30069
1.33725
1.36108
1.37128
1.36751
1.34992
1.31919
1.27644
1.22315
1.16107
1.09209
1.01816
0.941186
0.862941
0.785022
0.708809
0.635441
0.565817
0.500604
0.440253
0.385025
0.335016
0.290186
0.250385
0.215375
0.184856
0.158485
0.135887
0.116677
0.100467
0.0868801
0.0755556
0.0661592
0.0583876
0.0519713
0.0466759
0.0423017
0.0386807
0.0356736
0.0331664
0.0310661
0.0292973
0.0277994
0.0265235
0.0254301
0.0244874
0.0236699
0.0229569
0.0223316
0.0217804
0.0212924
0.0208584
0.0204709
0.0201238
0.0198118
0.0195306
0.0192768
0.0190473
0.0188394
0.0186509
0.0184799
0.0183244
0.0181829
0.0180536
0.0179353
0.0178264
0.0177255
0.0176315
0.017543
0.0174593
0.0173786
4.61965e-07
4.62346e-07
4.6283e-07
4.63438e-07
4.64194e-07
4.6513e-07
4.6629e-07
4.67734e-07
4.69541e-07
4.71812e-07
4.74679e-07
4.78314e-07
4.82944e-07
4.88861e-07
4.96453e-07
5.06234e-07
5.18888e-07
5.35343e-07
5.56866e-07
5.85208e-07
6.22832e-07
6.73237e-07
7.41456e-07
8.34781e-07
9.63777e-07
1.1436e-06
1.39548e-06
1.74807e-06
2.2383e-06
2.91166e-06
3.82253e-06
5.03548e-06
6.62775e-06
8.69262e-06
1.13432e-05
1.47164e-05
1.89762e-05
2.43211e-05
3.09861e-05
3.92482e-05
4.94315e-05
6.19122e-05
7.71248e-05
9.55671e-05
0.000117806
0.000144484
0.000176324
0.000214133
0.00025881
0.000311345
0.000372828
0.000444448
0.000527492
0.00062335
0.000733511
0.000859558
0.00100317
0.00116611
0.00135022
0.00155741
0.00178966
0.00204898
0.00233747
0.00265717
0.0030102
0.00339873
0.00382476
0.00429042
0.00479776
0.00534886
0.0059457
0.00659027
0.00728456
0.00803058
0.00883035
0.00968598
0.0105996
0.0115736
0.0126105
0.013713
0.0148843
0.0161277
0.0174475
0.0188479
0.0203343
0.0219125
0.0235892
0.0253721
0.0272696
0.0292915
0.0314482
0.0337515
0.0362143
0.0388505
0.0416747
0.0447029
0.0479517
0.0514381
0.05518
0.0591952
0.0635018
0.0681176
0.0730601
0.0783461
0.0839917
0.0900119
0.0964203
0.103229
0.11045
0.118092
0.126161
0.134665
0.143607
0.152988
0.162809
0.173068
0.183759
0.194877
0.206414
0.218359
0.230699
0.243419
0.256504
0.269934
0.283688
0.297743
0.312076
0.326659
0.341464
0.356461
0.371618
0.386902
0.402278
0.417709
0.433158
0.448583
0.463943
0.479193
0.494287
0.509175
0.523802
0.538109
0.552032
0.565499
0.578429
0.590736
0.602322
0.613086
0.622928
0.631762
0.639537
0.646275
0.652117
0.657393
0.662697
0.668955
0.677451
0.689786
0.707728
0.732952
0.766737
0.809644
0.861312
0.920375
0.984577
1.05104
1.11668
1.17841
1.23349
1.27951
1.31457
1.33723
1.34664
1.34242
1.32479
1.29444
1.25249
1.20037
1.13978
1.07255
1.00055
0.925602
0.84942
0.773538
0.699284
0.627759
0.559833
0.496155
0.437167
0.383126
0.334133
0.290154
0.251049
0.216592
0.186496
0.16043
0.138037
0.118943
0.102777
0.0891752
0.0777904
0.0683013
0.0604153
0.0538722
0.048445
0.043939
0.0401902
0.0370618
0.034441
0.0322355
0.0303699
0.0287834
0.0274266
0.0262595
0.0252499
0.0243715
0.0236031
0.0229276
0.0223307
0.0218012
0.0213296
0.0209081
0.0205302
0.0201904
0.0198844
0.0196083
0.0193589
0.0191334
0.0189296
0.0187451
0.018578
0.0184266
0.0182892
0.0181641
0.0180498
0.0179448
0.0178479
0.0177575
0.0176729
0.0175923
4.6601e-07
4.66397e-07
4.66892e-07
4.67515e-07
4.68292e-07
4.69255e-07
4.70451e-07
4.71942e-07
4.73806e-07
4.76151e-07
4.79112e-07
4.82867e-07
4.8765e-07
4.93762e-07
5.01606e-07
5.1171e-07
5.24785e-07
5.4179e-07
5.64037e-07
5.93347e-07
6.32275e-07
6.84462e-07
7.5515e-07
8.51937e-07
9.85839e-07
1.17265e-06
1.43445e-06
1.80101e-06
2.31055e-06
3.01005e-06
3.95566e-06
5.21403e-06
6.86496e-06
9.00491e-06
1.17509e-05
1.52443e-05
1.96553e-05
2.51888e-05
3.20878e-05
4.06384e-05
5.11752e-05
6.40866e-05
7.98206e-05
9.88906e-05
0.000121881
0.000149454
0.000182352
0.000221407
0.000267543
0.000321777
0.00038523
0.000459118
0.000544765
0.000643593
0.000757126
0.000886985
0.00103488
0.00120263
0.00139208
0.00160522
0.00184403
0.00211057
0.00240698
0.0027353
0.00309771
0.00349636
0.00393333
0.00441075
0.0049307
0.00549525
0.00610643
0.00676624
0.00747669
0.0082398
0.00905763
0.0099323
0.010866
0.0118612
0.0129204
0.0140464
0.0152426
0.0165124
0.01786
0.0192902
0.0208082
0.0224203
0.0241334
0.0259554
0.0278952
0.0299628
0.0321692
0.0345266
0.0370482
0.0397483
0.0426422
0.0457462
0.0490771
0.0526526
0.0564906
0.0606094
0.065027
0.0697614
0.07483
0.0802495
0.0860357
0.0922032
0.0987652
0.105734
0.113119
0.120929
0.129172
0.137851
0.14697
0.15653
0.16653
0.176965
0.187832
0.199123
0.210828
0.222936
0.235433
0.248303
0.261528
0.275088
0.288962
0.303125
0.317551
0.332213
0.347081
0.362123
0.377306
0.392596
0.407955
0.423344
0.438724
0.454052
0.469282
0.484367
0.499257
0.513897
0.528229
0.54219
0.55571
0.568713
0.581116
0.592831
0.603764
0.613822
0.62292
0.630997
0.638039
0.644115
0.649421
0.654344
0.659519
0.665878
0.674662
0.687364
0.705588
0.730823
0.764178
0.806113
0.856254
0.913317
0.9752
1.03921
1.1024
1.16181
1.21476
1.25891
1.29239
1.31381
1.32235
1.31767
1.29999
1.26998
1.22876
1.17773
1.11856
1.05299
0.982831
0.909844
0.835667
0.761777
0.689451
0.61975
0.553517
0.491378
0.433766
0.380933
0.33298
0.28988
0.251499
0.217624
0.187979
0.162246
0.140083
0.12113
0.105029
0.0914314
0.0800036
0.0704362
0.0624478
0.0557872
0.050235
0.0456023
0.0417288
0.0384807
0.0357467
0.0334354
0.0314719
0.0297952
0.0283557
0.0271129
0.0260341
0.0250926
0.0242667
0.0235387
0.0228942
0.0223212
0.0218102
0.0213529
0.0209426
0.0205737
0.0202413
0.0199417
0.0196712
0.0194272
0.0192069
0.0190081
0.0188286
0.0186667
0.0185204
0.018388
0.0182678
0.0181584
0.0180581
0.0179656
0.0178798
0.0177991
4.69981e-07
4.70374e-07
4.7088e-07
4.71519e-07
4.72317e-07
4.73308e-07
4.74539e-07
4.76075e-07
4.77998e-07
4.80417e-07
4.83472e-07
4.87348e-07
4.92284e-07
4.98593e-07
5.06689e-07
5.1712e-07
5.30619e-07
5.4818e-07
5.71161e-07
6.01451e-07
6.41704e-07
6.95705e-07
7.68907e-07
8.69228e-07
1.00814e-06
1.20209e-06
1.47403e-06
1.85484e-06
2.38404e-06
3.11012e-06
4.09097e-06
5.39535e-06
7.10564e-06
9.3215e-06
1.21638e-05
1.57787e-05
2.03422e-05
2.60659e-05
3.32009e-05
4.20422e-05
5.29352e-05
6.62802e-05
8.2539e-05
0.000102241
0.000125987
0.000154458
0.00018842
0.000228727
0.000276328
0.000332268
0.000397694
0.000473858
0.000562113
0.000663915
0.000780825
0.000914499
0.00106668
0.00123923
0.00143403
0.0016531
0.00189845
0.00217217
0.00247642
0.00281332
0.00318503
0.00359373
0.00404156
0.00453064
0.00506308
0.00564096
0.00626633
0.00694121
0.00766764
0.00844765
0.00928332
0.0101768
0.0111304
0.0121465
0.0132277
0.014377
0.0155977
0.0168936
0.0182688
0.0197284
0.0212778
0.0229235
0.0246727
0.0265336
0.0285154
0.0306286
0.0328845
0.0352957
0.0378758
0.0406398
0.0436031
0.0467826
0.0501954
0.0538596
0.0577933
0.0620149
0.0665426
0.0713945
0.0765878
0.0821389
0.0880634
0.0943755
0.101088
0.108212
0.115757
0.123732
0.132141
0.140989
0.150278
0.160008
0.170177
0.180781
0.191812
0.203264
0.215125
0.227382
0.24002
0.253024
0.266372
0.280045
0.294019
0.308269
0.322768
0.337486
0.352392
0.367454
0.382637
0.397904
0.413216
0.428534
0.443814
0.459012
0.474079
0.488966
0.503618
0.517979
0.531986
0.545573
0.558666
0.571189
0.583057
0.594185
0.604485
0.613874
0.622289
0.629694
0.636113
0.64166
0.646581
0.651307
0.656502
0.663094
0.672269
0.685413
0.703975
0.729269
0.762252
0.803281
0.851965
0.907087
0.96668
1.02822
1.08891
1.14594
1.19668
1.23886
1.27068
1.2908
1.29842
1.29323
1.27547
1.2458
1.20528
1.15529
1.09746
1.03348
0.965097
0.894002
0.821772
0.749827
0.679394
0.611495
0.546941
0.48634
0.430109
0.378496
0.331601
0.289398
0.251764
0.218494
0.189323
0.163947
0.142035
0.123243
0.107227
0.0936509
0.0821952
0.0725628
0.064483
0.0577139
0.0520435
0.0472888
0.043294
0.0399279
0.0370814
0.0346642
0.0326019
0.0308336
0.0293095
0.0279891
0.0268391
0.0258325
0.024947
0.0241646
0.0234704
0.0228522
0.0223
0.0218053
0.0213611
0.0209614
0.0206014
0.0202769
0.0199843
0.0197205
0.0194828
0.0192688
0.0190762
0.018903
0.0187471
0.0186069
0.0184804
0.0183659
0.018262
0.018167
0.01808
0.0179989
4.73874e-07
4.74273e-07
4.74789e-07
4.75444e-07
4.76262e-07
4.77281e-07
4.78548e-07
4.8013e-07
4.82111e-07
4.84604e-07
4.87754e-07
4.9175e-07
4.9684e-07
5.03347e-07
5.11697e-07
5.22456e-07
5.36383e-07
5.54505e-07
5.78229e-07
6.09511e-07
6.51107e-07
7.06948e-07
7.82709e-07
8.86628e-07
1.03065e-06
1.23187e-06
1.51415e-06
1.90946e-06
2.45865e-06
3.21169e-06
4.22822e-06
5.5791e-06
7.34932e-06
9.64177e-06
1.25813e-05
1.63185e-05
2.10356e-05
2.6951e-05
3.43233e-05
4.34572e-05
5.47082e-05
6.84891e-05
8.52752e-05
0.000105611
0.000130116
0.00015949
0.000194519
0.000236081
0.00028515
0.000342799
0.000410204
0.000488645
0.00057951
0.000684288
0.000804573
0.000942058
0.00109852
0.00127586
0.00147598
0.00170093
0.00195276
0.00223362
0.00254566
0.00289105
0.00327199
0.00369066
0.00414924
0.00464986
0.00519465
0.00578572
0.00642512
0.00711489
0.0078571
0.00865378
0.00950707
0.0104191
0.0113923
0.012429
0.0135319
0.0147042
0.0159492
0.0172708
0.0186733
0.0201619
0.0217424
0.0234213
0.0252063
0.0271058
0.0291294
0.0312878
0.0335929
0.0360576
0.0386961
0.0415235
0.044556
0.0478106
0.0513049
0.0550571
0.0590858
0.0634093
0.0680461
0.073014
0.0783302
0.0840108
0.0900711
0.0965247
0.103384
0.110659
0.11836
0.126493
0.135063
0.144073
0.153524
0.163416
0.173745
0.184506
0.195691
0.207291
0.219294
0.231687
0.244452
0.257573
0.271028
0.284796
0.298851
0.313167
0.327716
0.342468
0.357389
0.372446
0.387602
0.402819
0.418057
0.433273
0.448424
0.46346
0.478334
0.492991
0.507376
0.521429
0.535084
0.548273
0.560923
0.572955
0.584288
0.59484
0.604533
0.613299
0.621094
0.627914
0.633818
0.638961
0.643633
0.648301
0.653644
0.660575
0.670222
0.68386
0.702796
0.728181
0.760828
0.801002
0.848286
0.901522
0.958862
1.01794
1.07611
1.13069
1.17916
1.21932
1.24943
1.26819
1.27483
1.2691
1.25122
1.22185
1.18203
1.13308
1.07656
1.0141
0.947432
0.878166
0.807825
0.737776
0.669197
0.603071
0.540178
0.481105
0.426254
0.375865
0.330037
0.288747
0.251875
0.219227
0.190549
0.165547
0.143904
0.125291
0.109375
0.0958359
0.084366
0.0746804
0.0665193
0.0596499
0.0538679
0.048996
0.044883
0.041401
0.0384429
0.0359197
0.0337579
0.0318969
0.0302869
0.0288872
0.0276642
0.0265904
0.0256435
0.0248048
0.0240591
0.0233938
0.0227987
0.0222649
0.0217852
0.0213534
0.0209644
0.0206138
0.0202979
0.0200134
0.0197573
0.0195272
0.0193207
0.0191354
0.0189694
0.0188207
0.0186874
0.0185675
0.0184596
0.0183618
0.0182732
0.0181916
4.77683e-07
4.78089e-07
4.78616e-07
4.79286e-07
4.80125e-07
4.81171e-07
4.82474e-07
4.84101e-07
4.8614e-07
4.88707e-07
4.91951e-07
4.96068e-07
5.01313e-07
5.08017e-07
5.16623e-07
5.27713e-07
5.4207e-07
5.60757e-07
5.8523e-07
6.17515e-07
6.6047e-07
7.18177e-07
7.96535e-07
9.04109e-07
1.05332e-06
1.26196e-06
1.55475e-06
1.96479e-06
2.53424e-06
3.31456e-06
4.36714e-06
5.76493e-06
7.59555e-06
9.9651e-06
1.30024e-05
1.68627e-05
2.17343e-05
2.78422e-05
3.54531e-05
4.48807e-05
5.64912e-05
7.07094e-05
8.80244e-05
0.000108996
0.000134262
0.00016454
0.000200638
0.000243457
0.000293996
0.000353354
0.000422737
0.000503456
0.000596929
0.000704678
0.000828333
0.000969623
0.00113035
0.00131242
0.00151782
0.0017486
0.00200688
0.0022948
0.00261456
0.00296837
0.00335844
0.00378698
0.00425618
0.0047682
0.0053252
0.00592928
0.00658252
0.00728699
0.00804474
0.00885787
0.0097285
0.0106588
0.0116513
0.0127083
0.0138327
0.0150276
0.0162965
0.0176434
0.0190729
0.0205902
0.0222013
0.0239131
0.0257335
0.0276712
0.0297362
0.0319395
0.0342935
0.0368114
0.0395078
0.0423983
0.0454995
0.0488286
0.0524038
0.0562434
0.060366
0.0647905
0.0695349
0.0746171
0.0800542
0.0858619
0.092055
0.0986468
0.105649
0.113071
0.120922
0.129207
0.137931
0.147096
0.156702
0.166746
0.177226
0.188133
0.199461
0.211197
0.22333
0.235844
0.248721
0.261943
0.275488
0.289331
0.303448
0.317811
0.33239
0.347152
0.362065
0.377092
0.392196
0.407337
0.422473
0.43756
0.452552
0.467399
0.48205
0.49645
0.51054
0.524259
0.53754
0.550315
0.562508
0.574045
0.584848
0.594842
0.60396
0.612152
0.619397
0.625718
0.63121
0.636066
0.640612
0.645342
0.650942
0.658298
0.668474
0.682642
0.701968
0.727459
0.759792
0.799145
0.845077
0.896476
0.951604
1.00824
1.06388
1.11599
1.16214
1.20024
1.22859
1.24596
1.25161
1.2453
1.22726
1.19816
1.159
1.11106
1.05584
0.994926
0.929924
0.862425
0.793917
0.725714
0.658945
0.594556
0.533299
0.475737
0.422257
0.37309
0.328331
0.28796
0.251861
0.219847
0.191674
0.167061
0.145702
0.12728
0.111479
0.0979891
0.0865167
0.0767886
0.0685552
0.0615932
0.0557055
0.0507211
0.0464932
0.0428972
0.0398285
0.0371997
0.034938
0.0329834
0.0312863
0.0298057
0.028508
0.0273655
0.0263552
0.0254584
0.0246594
0.0239454
0.0233058
0.0227314
0.0222147
0.0217495
0.0213302
0.0209523
0.020612
0.0203056
0.0200303
0.0197832
0.0195619
0.0193639
0.0191871
0.0190294
0.0188887
0.0187631
0.0186507
0.0185499
0.0184594
0.0183771
4.81406e-07
4.81818e-07
4.82354e-07
4.83039e-07
4.83899e-07
4.84972e-07
4.8631e-07
4.87983e-07
4.9008e-07
4.92721e-07
4.9606e-07
5.00298e-07
5.05697e-07
5.126e-07
5.21461e-07
5.32883e-07
5.47673e-07
5.66929e-07
5.92156e-07
6.25452e-07
6.6978e-07
7.29375e-07
8.10362e-07
9.21646e-07
1.07613e-06
1.29228e-06
1.59574e-06
2.02072e-06
2.61066e-06
3.41854e-06
4.50744e-06
5.95246e-06
7.8438e-06
1.02908e-05
1.34263e-05
1.74102e-05
2.24368e-05
2.87379e-05
3.6588e-05
4.631e-05
5.82807e-05
7.29369e-05
9.07816e-05
0.00011239
0.000138416
0.000169599
0.000206766
0.000250842
0.000302849
0.000363916
0.000435275
0.000518267
0.000614342
0.000725054
0.000852068
0.000997116
0.00116206
0.00134883
0.00155946
0.00179602
0.00206067
0.00235559
0.002683
0.00304513
0.00344422
0.0038825
0.00436218
0.00488546
0.00545449
0.00607139
0.00673827
0.0074572
0.00823026
0.00905956
0.00994725
0.0108956
0.011907
0.012984
0.0141294
0.0153466
0.016639
0.0180109
0.0194669
0.0210125
0.0226539
0.0243982
0.0262535
0.028229
0.030335
0.0325828
0.0349852
0.0375558
0.0403097
0.0432628
0.0464321
0.0498352
0.0534904
0.0574164
0.061632
0.0661559
0.0710064
0.0762011
0.0817567
0.0876888
0.0940115
0.100738
0.107878
0.115443
0.123438
0.13187
0.140741
0.150053
0.159804
0.169993
0.180613
0.191657
0.203115
0.214976
0.227224
0.239845
0.25282
0.266127
0.279744
0.293646
0.307806
0.322195
0.336782
0.351534
0.366415
0.381389
0.396416
0.411455
0.426463
0.441395
0.456201
0.470832
0.485234
0.49935
0.513122
0.526486
0.539376
0.551722
0.563453
0.574496
0.58478
0.59424
0.602822
0.610493
0.617256
0.623163
0.628342
0.633019
0.637551
0.642446
0.648391
0.656238
0.666984
0.681698
0.701418
0.727013
0.75904
0.797595
0.842213
0.891821
0.944777
0.998996
1.05212
1.10175
1.14557
1.18158
1.20815
1.2241
1.22873
1.22182
1.20362
1.17476
1.13622
1.08927
1.03532
0.975908
0.912586
0.846869
0.780138
0.713729
0.64872
0.586028
0.526374
0.470299
0.418173
0.370219
0.326526
0.287074
0.251752
0.220378
0.192719
0.168504
0.147438
0.12922
0.113543
0.100113
0.0886484
0.0788868
0.0705893
0.0635415
0.0575538
0.0524612
0.0481216
0.0444139
0.0412358
0.0385017
0.03614
0.0340912
0.0323058
0.0307431
0.0293693
0.0281564
0.0270812
0.0261247
0.0252708
0.0245065
0.0238207
0.0232043
0.0226493
0.0221492
0.0216984
0.0212921
0.0209262
0.0205971
0.0203016
0.0200367
0.0197998
0.0195885
0.0194003
0.019233
0.0190844
0.0189525
0.0188354
0.0187312
0.0186385
0.0185552
4.85036e-07
4.85454e-07
4.86001e-07
4.86701e-07
4.87581e-07
4.88681e-07
4.90055e-07
4.91772e-07
4.93927e-07
4.96642e-07
5.00075e-07
5.04434e-07
5.09987e-07
5.17088e-07
5.26206e-07
5.3796e-07
5.53184e-07
5.73011e-07
5.98996e-07
6.33311e-07
6.79023e-07
7.40524e-07
8.24171e-07
9.39208e-07
1.09904e-06
1.32281e-06
1.63707e-06
2.07713e-06
2.68777e-06
3.52339e-06
4.64884e-06
6.14129e-06
8.09358e-06
1.06183e-05
1.38521e-05
1.796e-05
2.31419e-05
2.96363e-05
3.77259e-05
4.77424e-05
6.00733e-05
7.51675e-05
9.35415e-05
0.000115786
0.000142573
0.000174658
0.000212893
0.000258222
0.000311696
0.000374466
0.000447795
0.000533054
0.000631722
0.000745375
0.000875693
0.00102447
0.00119358
0.00138501
0.00160081
0.0018431
0.00211405
0.00241588
0.00275084
0.00312117
0.00352916
0.00397705
0.00446707
0.00500142
0.00558229
0.00621181
0.0068921
0.00762524
0.00841335
0.00925853
0.010163
0.011129
0.012159
0.0132556
0.0144217
0.0156607
0.0169763
0.0183727
0.0198548
0.0214282
0.0230994
0.0248758
0.0267657
0.0287785
0.030925
0.0332168
0.0356671
0.0382899
0.0411007
0.0441158
0.0473524
0.0508286
0.054563
0.0585743
0.0628816
0.0675035
0.0724582
0.0777631
0.0834347
0.0894881
0.0959372
0.102794
0.110069
0.11777
0.125904
0.134476
0.143487
0.152938
0.162828
0.173151
0.183901
0.195071
0.206648
0.21862
0.230972
0.243686
0.256743
0.270119
0.283792
0.297735
0.31192
0.326316
0.340891
0.355611
0.370438
0.385336
0.400262
0.415176
0.430031
0.444781
0.459377
0.473767
0.487897
0.501708
0.515141
0.528133
0.540617
0.552528
0.563795
0.574351
0.584133
0.593086
0.601173
0.608379
0.61473
0.620307
0.625266
0.629863
0.634476
0.639626
0.645986
0.654373
0.665713
0.680977
0.70108
0.726767
0.758484
0.796253
0.839585
0.887442
0.938271
0.99011
1.04075
1.0879
1.12939
1.16331
1.18809
1.20261
1.20621
1.1987
1.18031
1.15168
1.11375
1.06775
1.01504
0.957098
0.895421
0.831455
0.76654
0.701911
0.638607
0.577563
0.519474
0.464853
0.414058
0.367299
0.324662
0.286123
0.251576
0.220844
0.193702
0.16989
0.149125
0.131116
0.115573
0.102211
0.0907621
0.0809747
0.0726201
0.0654927
0.0594102
0.0542135
0.0497652
0.0459479
0.0426619
0.0398232
0.0373614
0.0352179
0.0333435
0.0316977
0.0302465
0.0289618
0.0278203
0.0268025
0.0258923
0.0250762
0.024343
0.0236831
0.0230885
0.0225523
0.0220688
0.021633
0.0212405
0.0208877
0.020571
0.0202875
0.0200344
0.0198089
0.0196087
0.0194313
0.0192744
0.0191358
0.0190136
0.0189056
0.0188105
0.0187261
4.8857e-07
4.88994e-07
4.89551e-07
4.90266e-07
4.91167e-07
4.92294e-07
4.93702e-07
4.95464e-07
4.97677e-07
5.00465e-07
5.03992e-07
5.08471e-07
5.14178e-07
5.21478e-07
5.30851e-07
5.42937e-07
5.58596e-07
5.78995e-07
6.05742e-07
6.41081e-07
6.88186e-07
7.51608e-07
8.37938e-07
9.56767e-07
1.122e-06
1.35346e-06
1.67863e-06
2.13393e-06
2.7654e-06
3.62892e-06
4.79104e-06
6.33103e-06
8.34435e-06
1.09468e-05
1.4279e-05
1.85108e-05
2.38479e-05
3.05356e-05
3.88643e-05
4.91749e-05
6.18654e-05
7.73966e-05
9.62987e-05
0.000119178
0.000146722
0.000179708
0.000219006
0.000265586
0.00032052
0.000384987
0.000460278
0.000547792
0.000649019
0.000765568
0.000899159
0.00105162
0.00122486
0.00142089
0.0016418
0.00188974
0.00216691
0.00247555
0.00281794
0.00319637
0.00361311
0.00407045
0.00457063
0.00511588
0.00570838
0.00635029
0.00704374
0.00779083
0.00859369
0.00945445
0.0103753
0.0113586
0.0124069
0.0135227
0.0147092
0.0159696
0.0173079
0.0187283
0.0202361
0.0218369
0.0235374
0.0253453
0.0272692
0.0293189
0.0315053
0.0338406
0.0363382
0.0390126
0.0418796
0.0449559
0.0482591
0.0518075
0.0556199
0.0597153
0.0641127
0.0688308
0.0738877
0.0793004
0.0850853
0.0912568
0.0978284
0.104811
0.112215
0.120048
0.128315
0.13702
0.146165
0.155747
0.165766
0.176214
0.187085
0.19837
0.210055
0.222126
0.234568
0.247362
0.260485
0.273916
0.287628
0.301595
0.315786
0.33017
0.344714
0.359381
0.374134
0.388933
0.403737
0.418502
0.433181
0.447728
0.462091
0.476218
0.490053
0.50354
0.516617
0.529224
0.541294
0.552765
0.563571
0.573652
0.582954
0.591434
0.59907
0.605868
0.611877
0.617203
0.622029
0.626634
0.631414
0.636891
0.643722
0.652682
0.664626
0.680429
0.700894
0.726651
0.758044
0.79503
0.837098
0.883242
0.931988
0.981492
1.02967
1.07438
1.11356
1.14538
1.16838
1.18149
1.18407
1.17595
1.15737
1.12895
1.09162
1.04654
0.995046
0.938549
0.878483
0.816237
0.753101
0.690251
0.628687
0.569238
0.512665
0.459459
0.409963
0.364376
0.322776
0.28514
0.251359
0.221266
0.19464
0.171232
0.150771
0.132978
0.117573
0.104286
0.0928587
0.0830519
0.0746463
0.0674446
0.0612718
0.0559749
0.051421
0.0474962
0.0441036
0.0411611
0.0385996
0.0363611
0.0343972
0.0326673
0.0311377
0.0297801
0.028571
0.0274908
0.0265229
0.0256537
0.0248717
0.0241671
0.0235316
0.0229582
0.0224409
0.0219746
0.0215546
0.0211771
0.0208385
0.0205356
0.0202654
0.0200252
0.0198124
0.0196243
0.0194587
0.019313
0.0191852
0.0190732
0.0189755
0.0188896
4.92005e-07
4.92434e-07
4.93002e-07
4.93731e-07
4.94652e-07
4.95806e-07
4.97248e-07
4.99055e-07
5.01325e-07
5.04186e-07
5.07806e-07
5.12404e-07
5.18265e-07
5.25762e-07
5.35391e-07
5.47809e-07
5.63903e-07
5.84875e-07
6.12384e-07
6.4875e-07
6.97254e-07
7.62607e-07
8.5164e-07
9.74291e-07
1.14497e-06
1.3842e-06
1.72036e-06
2.19099e-06
2.84338e-06
3.73488e-06
4.93372e-06
6.52126e-06
8.59556e-06
1.12756e-05
1.4706e-05
1.90615e-05
2.45535e-05
3.14339e-05
4.0001e-05
5.06047e-05
6.36534e-05
7.96199e-05
9.90478e-05
0.000122559
0.000150857
0.00018474
0.000225096
0.000272919
0.000329305
0.00039546
0.0004727
0.000562432
0.00066618
0.00078559
0.000922415
0.00107851
0.00125583
0.0014564
0.00168235
0.00193585
0.00221914
0.00253449
0.00288419
0.00327057
0.00369592
0.00416254
0.0046727
0.00522863
0.00583254
0.00648659
0.00719294
0.00795369
0.00877099
0.00964701
0.010584
0.0115842
0.0126503
0.013785
0.0149913
0.0162727
0.0176332
0.0190773
0.0206101
0.0222378
0.0239671
0.025806
0.0277634
0.0298493
0.0320751
0.0344532
0.0369975
0.0397228
0.0426453
0.045782
0.0491508
0.0527703
0.0566595
0.0608375
0.0653234
0.0701358
0.0752925
0.0808105
0.0867055
0.0929918
0.0996819
0.106787
0.114315
0.122274
0.130668
0.1395
0.14877
0.158476
0.168615
0.179179
0.190161
0.201549
0.213331
0.22549
0.238009
0.250868
0.264044
0.277514
0.29125
0.305223
0.319404
0.333758
0.348251
0.362846
0.377505
0.392185
0.406845
0.42144
0.435922
0.450244
0.464353
0.478198
0.491722
0.504868
0.517577
0.529788
0.54144
0.552472
0.562826
0.572448
0.581295
0.589338
0.59657
0.603018
0.608752
0.613903
0.618676
0.623369
0.628387
0.634251
0.641594
0.651144
0.663689
0.680011
0.700808
0.726604
0.757654
0.793853
0.834674
0.879138
0.925848
0.973065
1.01883
1.06113
1.09803
1.12779
1.14903
1.16073
1.1623
1.15358
1.13482
1.10662
1.06987
1.0257
0.975397
0.920314
0.861827
0.801269
0.739878
0.678774
0.618921
0.561118
0.506017
0.454176
0.40594
0.361494
0.320908
0.284155
0.251129
0.221665
0.19555
0.172545
0.152387
0.134811
0.119548
0.106339
0.094939
0.0851179
0.0766661
0.0693947
0.0631359
0.0577422
0.0530855
0.0490554
0.0455577
0.0425123
0.0398515
0.0375181
0.0354644
0.0336499
0.0320411
0.0306096
0.0293319
0.028188
0.0271613
0.0262379
0.0254059
0.0246555
0.0239781
0.0233665
0.0228144
0.0223165
0.0218681
0.021465
0.0211037
0.0207807
0.0204929
0.0202373
0.0200113
0.0198121
0.0196372
0.019484
0.0193504
0.0192341
0.0191334
0.0190458
4.95336e-07
4.95771e-07
4.96348e-07
4.97092e-07
4.98033e-07
4.99213e-07
5.0069e-07
5.02541e-07
5.04867e-07
5.07801e-07
5.11514e-07
5.1623e-07
5.22243e-07
5.29937e-07
5.3982e-07
5.5257e-07
5.69096e-07
5.9064e-07
6.18913e-07
6.56306e-07
7.06213e-07
7.73505e-07
8.65253e-07
9.91748e-07
1.1679e-06
1.41495e-06
1.76217e-06
2.24819e-06
2.92155e-06
3.84104e-06
5.07655e-06
6.71154e-06
8.84665e-06
1.16041e-05
1.51322e-05
1.96109e-05
2.52571e-05
3.23293e-05
4.11335e-05
5.20287e-05
6.54335e-05
8.18326e-05
0.000101783
0.000125922
0.00015497
0.000189742
0.00023115
0.000280207
0.000338035
0.000405865
0.000485019
0.000576932
0.000683166
0.000805399
0.000945412
0.00110509
0.00128642
0.00149146
0.00172236
0.00198133
0.00227064
0.00259257
0.00294946
0.00334364
0.00377743
0.00425314
0.00477307
0.00533946
0.00595454
0.00662048
0.00733943
0.00811354
0.00894496
0.00983587
0.0107885
0.0118053
0.0128889
0.0140419
0.0152676
0.0165696
0.0179518
0.0194189
0.0209764
0.0226304
0.024388
0.0262573
0.0282475
0.0303691
0.0326335
0.0350538
0.0376441
0.0404195
0.0433965
0.0465927
0.050026
0.0537154
0.05768
0.0619391
0.0665116
0.0714161
0.0766703
0.0822907
0.0882927
0.09469
0.101495
0.108717
0.116364
0.124443
0.132958
0.14191
0.151298
0.16112
0.17137
0.182041
0.193124
0.204606
0.216472
0.228707
0.24129
0.254201
0.267417
0.280911
0.294655
0.30862
0.322773
0.33708
0.351505
0.36601
0.380554
0.395097
0.409594
0.423999
0.438265
0.452343
0.466181
0.479726
0.492923
0.505716
0.518047
0.529858
0.54109
0.551689
0.561603
0.570786
0.579208
0.586852
0.593729
0.599885
0.60541
0.610456
0.615248
0.620098
0.625415
0.631712
0.639594
0.649742
0.662874
0.679685
0.700776
0.726575
0.757256
0.792661
0.832248
0.875066
0.919785
0.964769
1.00818
1.04813
1.08278
1.11052
1.13003
1.14035
1.14093
1.13163
1.11269
1.08471
1.04854
1.00527
0.956138
0.902444
0.845507
0.786603
0.726921
0.667531
0.609357
0.553166
0.499579
0.44906
0.402037
0.358692
0.319089
0.283197
0.250908
0.22206
0.196448
0.173839
0.153982
0.136621
0.121501
0.108374
0.0970035
0.0871718
0.0786778
0.0713408
0.0649995
0.0595122
0.0547553
0.050622
0.0470208
0.0438736
0.041114
0.0386861
0.0365423
0.0346429
0.0329544
0.0314483
0.0301011
0.0288927
0.0278063
0.0268276
0.0259447
0.0251475
0.0244272
0.0237763
0.0231885
0.0226582
0.0221806
0.0217513
0.0213665
0.0210227
0.0207166
0.0204451
0.0202054
0.0199945
0.0198099
0.0196489
0.0195091
0.0193881
0.0192842
0.0191947
4.9856e-07
4.99001e-07
4.99588e-07
5.00346e-07
5.01306e-07
5.02512e-07
5.04023e-07
5.05917e-07
5.08299e-07
5.11305e-07
5.1511e-07
5.19944e-07
5.26108e-07
5.33998e-07
5.44134e-07
5.57212e-07
5.7417e-07
5.96285e-07
6.25319e-07
6.63739e-07
7.15048e-07
7.84283e-07
8.78754e-07
1.00911e-06
1.19077e-06
1.44566e-06
1.80397e-06
2.30539e-06
2.99973e-06
3.94715e-06
5.21922e-06
6.90145e-06
9.09705e-06
1.19314e-05
1.55568e-05
2.01578e-05
2.59571e-05
3.32198e-05
4.22593e-05
5.34437e-05
6.72019e-05
8.40302e-05
0.000104499
0.00012926
0.000159051
0.000194706
0.000237155
0.000287436
0.000346694
0.000416168
0.000497197
0.000591258
0.000699941
0.000824951
0.0009681
0.0011313
0.00131657
0.001526
0.00176177
0.0020261
0.00232131
0.00264969
0.00301362
0.00341543
0.00385748
0.00434209
0.00487157
0.00544819
0.00607417
0.00675171
0.00748297
0.00827011
0.0091153
0.0100207
0.0109887
0.0120217
0.0131222
0.0142932
0.0155378
0.0168598
0.0182632
0.0197529
0.0213344
0.0230141
0.0247994
0.0266985
0.0287209
0.0308774
0.0331799
0.0356416
0.0382769
0.0411016
0.0441323
0.0473867
0.0508834
0.0546414
0.0586799
0.0630182
0.0676754
0.0726697
0.0780187
0.0837385
0.0898441
0.0963486
0.103263
0.110598
0.118359
0.126553
0.135182
0.144247
0.153745
0.163675
0.174028
0.184797
0.195971
0.207536
0.219476
0.231775
0.244411
0.257362
0.270603
0.284107
0.297845
0.311785
0.325895
0.340139
0.354479
0.368876
0.383289
0.397676
0.411992
0.42619
0.440223
0.45404
0.467592
0.480823
0.493682
0.506113
0.518059
0.529468
0.540285
0.550459
0.559949
0.568717
0.576745
0.584031
0.590603
0.596522
0.6019
0.606907
0.611783
0.616849
0.622515
0.629278
0.637715
0.648457
0.662153
0.679417
0.700758
0.726519
0.756803
0.791404
0.829768
0.870971
0.913749
0.956558
0.997678
1.03533
1.0678
1.09356
1.11138
1.12036
1.11998
1.11013
1.09103
1.06327
1.02768
0.9853
0.93732
0.884989
0.829572
0.772291
0.714282
0.656569
0.600038
0.545423
0.493317
0.44416
0.398297
0.356008
0.317353
0.282292
0.250718
0.22247
0.197347
0.175125
0.155563
0.138415
0.123437
0.110391
0.0990523
0.0892126
0.0806795
0.07328
0.0668593
0.0612813
0.0564267
0.0521923
0.0484893
0.0452414
0.0423839
0.0398617
0.0376282
0.0356437
0.0338751
0.032294
0.0308767
0.0296031
0.0284562
0.0274214
0.0264869
0.025642
0.024878
0.0241871
0.0235628
0.0229994
0.0224917
0.0220355
0.0216266
0.0212613
0.0209363
0.0206484
0.0203945
0.0201716
0.0199769
0.0198077
0.0196613
0.0195354
0.019428
0.0193365
5.01674e-07
5.0212e-07
5.02716e-07
5.03489e-07
5.04468e-07
5.05699e-07
5.07244e-07
5.09181e-07
5.11619e-07
5.14695e-07
5.18591e-07
5.23542e-07
5.29856e-07
5.37939e-07
5.48326e-07
5.61731e-07
5.79118e-07
6.01801e-07
6.31592e-07
6.71036e-07
7.23747e-07
7.94923e-07
8.92117e-07
1.02633e-06
1.2135e-06
1.47626e-06
1.84566e-06
2.36248e-06
3.07773e-06
4.05296e-06
5.36138e-06
7.09052e-06
9.34616e-06
1.22569e-05
1.59786e-05
2.0701e-05
2.6652e-05
3.41033e-05
4.3376e-05
5.48468e-05
6.89548e-05
8.62078e-05
0.000107189
0.000132566
0.000163093
0.00019962
0.000243101
0.000294592
0.000355258
0.000426334
0.000509207
0.000605379
0.000716468
0.000844205
0.000990431
0.00115709
0.00134622
0.00155995
0.00180048
0.00207007
0.00237104
0.00270574
0.00307654
0.00348581
0.00393592
0.00442922
0.00496802
0.0055546
0.00619122
0.00688006
0.00762331
0.00842314
0.00928174
0.0102013
0.0111842
0.0122329
0.0133499
0.0145383
0.0158014
0.0171428
0.0185669
0.0200786
0.0216836
0.0233885
0.0252007
0.0271289
0.0291829
0.0313736
0.0337133
0.0362156
0.0388952
0.0417681
0.0448514
0.048163
0.0517218
0.0555468
0.0596575
0.0640732
0.0688128
0.0738944
0.0793354
0.0851515
0.0913571
0.0979648
0.104985
0.112427
0.120297
0.1286
0.137336
0.146507
0.15611
0.166138
0.176586
0.187444
0.198699
0.210337
0.222341
0.234692
0.247369
0.260347
0.273601
0.287102
0.30082
0.314722
0.328774
0.342939
0.357178
0.371452
0.385718
0.399933
0.414052
0.428028
0.441812
0.455355
0.468607
0.481514
0.494025
0.506088
0.517648
0.528656
0.539063
0.548827
0.557911
0.566292
0.57396
0.58093
0.587243
0.592981
0.598271
0.603298
0.608315
0.613647
0.6197
0.626954
0.635951
0.647273
0.661503
0.679176
0.700721
0.726403
0.756258
0.790045
0.827196
0.866817
0.907704
0.948401
0.987295
1.02272
1.05307
1.07692
1.0931
1.10079
1.09949
1.0891
1.06987
1.04234
1.00733
0.965835
0.918992
0.868001
0.814074
0.75838
0.702007
0.645933
0.591006
0.53793
0.487269
0.439448
0.394764
0.353476
0.315726
0.281464
0.250579
0.222908
0.198259
0.176412
0.157137
0.140196
0.125356
0.112391
0.101085
0.0912388
0.0826689
0.0752094
0.0687121
0.0630459
0.0580959
0.0537625
0.0499592
0.046612
0.0436576
0.0410418
0.0387188
0.0366495
0.0348007
0.0331443
0.0316566
0.0303173
0.0291093
0.028018
0.0270311
0.0261379
0.0253295
0.0245979
0.0239365
0.0233392
0.022801
0.0223172
0.0218835
0.0214964
0.021152
0.0208472
0.0205786
0.0203432
0.0201381
0.0199603
0.0198072
0.019676
0.0195649
0.019471
5.04674e-07
5.05126e-07
5.05731e-07
5.06517e-07
5.07516e-07
5.08772e-07
5.10349e-07
5.12329e-07
5.14821e-07
5.17968e-07
5.21953e-07
5.27019e-07
5.33482e-07
5.41756e-07
5.52392e-07
5.66121e-07
5.83934e-07
6.07179e-07
6.37724e-07
6.78187e-07
7.32293e-07
8.05404e-07
9.05318e-07
1.04339e-06
1.23607e-06
1.50667e-06
1.88715e-06
2.41932e-06
3.15537e-06
4.15822e-06
5.50268e-06
7.27831e-06
9.59339e-06
1.25796e-05
1.63968e-05
2.12391e-05
2.73402e-05
3.49779e-05
4.44809e-05
5.62346e-05
7.06881e-05
8.83605e-05
0.000109849
0.000135833
0.000167086
0.000204475
0.000248974
0.00030166
0.000363689
0.000436339
0.000521021
0.000619263
0.000732709
0.000863118
0.00101236
0.0011824
0.0013753
0.00159323
0.00183842
0.00211314
0.00241974
0.0027606
0.0031381
0.00355464
0.00401261
0.00451436
0.00506224
0.00565852
0.00630547
0.0070053
0.00776021
0.00857237
0.00944398
0.0103773
0.0113747
0.0124385
0.0135717
0.014777
0.016058
0.0174184
0.0188626
0.0203957
0.0220235
0.0237528
0.0255914
0.027548
0.0296328
0.0318569
0.034233
0.036775
0.0394979
0.042418
0.0455527
0.0489203
0.0525396
0.0564301
0.0606112
0.0651022
0.0699219
0.0750883
0.0806183
0.0865273
0.0928292
0.099536
0.106658
0.114202
0.122175
0.130581
0.139419
0.148689
0.158387
0.168508
0.179042
0.189979
0.201307
0.213008
0.225066
0.237459
0.250165
0.263159
0.276414
0.289899
0.303584
0.317434
0.331414
0.345486
0.359611
0.373747
0.387851
0.40188
0.415788
0.429528
0.443051
0.456308
0.469249
0.481824
0.493982
0.505673
0.516848
0.527461
0.53747
0.546838
0.555539
0.56356
0.570904
0.577599
0.583703
0.589312
0.594567
0.599668
0.604875
0.610514
0.616984
0.624741
0.634294
0.646174
0.660902
0.678939
0.700639
0.726198
0.755596
0.788555
0.824506
0.862579
0.901627
0.940279
0.977021
1.01029
1.0386
1.0606
1.07522
1.08165
1.07948
1.0686
1.04925
1.02198
0.987545
0.946925
0.901202
0.851528
0.799061
0.744918
0.690141
0.635665
0.5823
0.530721
0.481466
0.434941
0.391434
0.351123
0.314232
0.280732
0.250505
0.223389
0.199194
0.177709
0.158709
0.141968
0.127262
0.114375
0.103101
0.0932487
0.0846433
0.0771258
0.0705541
0.064802
0.0597589
0.0553283
0.0514265
0.0479815
0.0449313
0.0422228
0.039811
0.0376571
0.0357284
0.0339968
0.0324385
0.0310333
0.0297639
0.0286156
0.0275759
0.026634
0.0257806
0.0250079
0.0243087
0.0236772
0.0231078
0.0225959
0.0221371
0.0217275
0.0213633
0.0210411
0.0207576
0.0205094
0.0202935
0.0201068
0.0199466
0.01981
0.019695
0.0195985
5.07558e-07
5.08015e-07
5.0863e-07
5.09429e-07
5.10446e-07
5.11727e-07
5.13337e-07
5.15358e-07
5.17904e-07
5.21119e-07
5.25193e-07
5.30373e-07
5.36982e-07
5.45445e-07
5.56326e-07
5.70376e-07
5.8861e-07
6.12413e-07
6.43705e-07
6.8518e-07
7.40672e-07
8.15709e-07
9.18331e-07
1.06025e-06
1.25842e-06
1.53684e-06
1.92834e-06
2.47576e-06
3.23246e-06
4.26266e-06
5.64277e-06
7.46434e-06
9.83813e-06
1.28989e-05
1.68102e-05
2.1771e-05
2.802e-05
3.58415e-05
4.55716e-05
5.76041e-05
7.23979e-05
9.04835e-05
0.00011247
0.000139054
0.000171022
0.000209261
0.000254763
0.00030861
0.000371971
0.00044616
0.000532612
0.000632878
0.000748629
0.000881647
0.00103383
0.00120717
0.00140376
0.00162579
0.00187551
0.00215523
0.00246731
0.00281416
0.00319819
0.0036218
0.0040874
0.00459737
0.00515405
0.00575975
0.00641673
0.00712722
0.00789342
0.00871753
0.00960176
0.0105484
0.0115598
0.0126384
0.0137871
0.0150089
0.0163072
0.017686
0.0191497
0.0207035
0.0223535
0.0241067
0.0259708
0.0279552
0.0300699
0.0323267
0.0347383
0.037319
0.0400841
0.0430503
0.0462352
0.0496573
0.0533357
0.0572899
0.0615394
0.0661035
0.0710009
0.0762493
0.0818652
0.0878637
0.0942581
0.10106
0.108278
0.11592
0.123991
0.132493
0.141426
0.150788
0.160576
0.17078
0.181393
0.192402
0.203792
0.215547
0.227649
0.240074
0.252799
0.265798
0.279042
0.2925
0.30614
0.319926
0.333821
0.347788
0.361785
0.37577
0.3897
0.403531
0.417216
0.430708
0.443959
0.456921
0.469545
0.481782
0.493584
0.504905
0.515698
0.525924
0.535546
0.544538
0.55288
0.560572
0.567628
0.574091
0.580031
0.585559
0.59083
0.596052
0.601491
0.60747
0.614375
0.622641
0.632738
0.645149
0.660333
0.678686
0.700492
0.725884
0.754796
0.78692
0.821684
0.858244
0.895509
0.932186
0.966857
0.998063
1.02441
1.04464
1.05774
1.063
1.06
1.04866
1.02923
1.00221
0.968369
0.928617
0.884
0.835617
0.784576
0.731948
0.678725
0.625803
0.573955
0.523827
0.475934
0.430666
0.388294
0.348976
0.312892
0.280113
0.25051
0.223923
0.200161
0.179019
0.160283
0.143733
0.129155
0.116342
0.105098
0.0952398
0.0865997
0.0790257
0.0723814
0.0665455
0.0614113
0.0568856
0.0528871
0.0493458
0.046201
0.043401
0.0409012
0.0386634
0.0366551
0.0348485
0.0332199
0.0317488
0.030418
0.0292125
0.0281197
0.0271288
0.0262302
0.0254159
0.0246787
0.0240124
0.0234116
0.0228712
0.0223868
0.0219544
0.0215701
0.0212302
0.0209313
0.02067
0.020443
0.0202472
0.0200797
0.0199374
0.0198182
0.019719
5.10323e-07
5.10785e-07
5.11408e-07
5.12221e-07
5.13256e-07
5.14562e-07
5.16202e-07
5.18265e-07
5.20864e-07
5.24146e-07
5.28307e-07
5.33599e-07
5.40352e-07
5.49002e-07
5.60124e-07
5.74491e-07
5.9314e-07
6.17495e-07
6.49527e-07
6.92003e-07
7.4887e-07
8.25819e-07
9.31131e-07
1.07688e-06
1.28051e-06
1.5667e-06
1.96914e-06
2.53168e-06
3.3088e-06
4.36602e-06
5.78132e-06
7.64817e-06
1.00798e-05
1.32139e-05
1.72179e-05
2.22952e-05
2.86898e-05
3.66921e-05
4.66453e-05
5.89518e-05
7.40801e-05
9.25718e-05
0.000115049
0.000142221
0.000174892
0.000213965
0.00026045
0.000315419
0.000380081
0.000455774
0.000543953
0.000646195
0.000764191
0.000899753
0.0010548
0.00123135
0.00143153
0.00165754
0.00191167
0.00219625
0.00251366
0.00286633
0.00325668
0.00368715
0.00416015
0.00467808
0.00524329
0.00585811
0.00652479
0.0072456
0.00802273
0.00885839
0.00975482
0.0107143
0.0117392
0.0128322
0.0139959
0.0152336
0.0165487
0.0179452
0.0194278
0.0210018
0.0226733
0.0244495
0.0263385
0.0283497
0.0304937
0.0327821
0.0352283
0.0378467
0.0406529
0.043664
0.0468977
0.0503729
0.0541087
0.0581248
0.0624407
0.0670756
0.072048
0.0773755
0.0830741
0.0891585
0.0956414
0.102534
0.109844
0.117578
0.125741
0.134334
0.143356
0.152804
0.162673
0.172954
0.183637
0.194709
0.206154
0.217955
0.23009
0.242538
0.255272
0.268266
0.281489
0.294909
0.308492
0.322203
0.336003
0.349853
0.363711
0.377534
0.391279
0.404901
0.418352
0.431588
0.444559
0.45722
0.469522
0.481418
0.492865
0.503817
0.514236
0.524086
0.533338
0.541973
0.549984
0.557377
0.564182
0.570453
0.576273
0.581766
0.587098
0.592482
0.598186
0.604529
0.611882
0.620653
0.631276
0.644184
0.659781
0.6784
0.700264
0.72545
0.753849
0.785131
0.818724
0.85381
0.889351
0.924128
0.956811
0.986038
1.0105
1.02905
1.04072
1.04486
1.04108
1.02933
1.00984
0.983105
0.949851
0.910961
0.86743
0.820312
0.770664
0.719509
0.667797
0.616381
0.566003
0.517278
0.4707
0.426642
0.385364
0.347022
0.311718
0.279617
0.250605
0.224516
0.201165
0.180349
0.161861
0.145492
0.131035
0.118292
0.107075
0.0972092
0.0885347
0.0809053
0.0741899
0.068272
0.0630488
0.0584298
0.0543365
0.0507005
0.0474628
0.0445725
0.0419857
0.0396649
0.0375778
0.0356968
0.0339981
0.0324615
0.0310693
0.0298067
0.0286609
0.0276209
0.026677
0.0258209
0.0250454
0.0243442
0.0237116
0.0231424
0.0226323
0.0221768
0.021772
0.0214141
0.0210996
0.0208249
0.0205866
0.0203815
0.0202064
0.0200583
0.0199348
0.0198327
5.12967e-07
5.13433e-07
5.14065e-07
5.1489e-07
5.15943e-07
5.17272e-07
5.18944e-07
5.21047e-07
5.23697e-07
5.27046e-07
5.31292e-07
5.36694e-07
5.43588e-07
5.52421e-07
5.63782e-07
5.78459e-07
5.97519e-07
6.22418e-07
6.55179e-07
6.98645e-07
7.56871e-07
8.35713e-07
9.43691e-07
1.09323e-06
1.30227e-06
1.59617e-06
2.00944e-06
2.58692e-06
3.3842e-06
4.46804e-06
5.91795e-06
7.82931e-06
1.03177e-05
1.35239e-05
1.7619e-05
2.28106e-05
2.93479e-05
3.75274e-05
4.76995e-05
6.02746e-05
7.57308e-05
9.46204e-05
0.000117578
0.000145327
0.000178686
0.000218579
0.000266011
0.000322072
0.000388002
0.000465159
0.000555019
0.000659181
0.000779361
0.000917394
0.00107522
0.00125489
0.00145855
0.00168843
0.00194683
0.00223611
0.00255868
0.00291698
0.00331346
0.00375056
0.00423071
0.00475634
0.00532979
0.00595341
0.00662947
0.00736023
0.0081479
0.00899471
0.0099029
0.0108748
0.0119128
0.0130195
0.0141978
0.0154507
0.016782
0.0181957
0.0196965
0.0212899
0.0229822
0.0247808
0.0266939
0.0287312
0.0309034
0.0332226
0.0357024
0.0383573
0.0412036
0.0442582
0.0475393
0.0510659
0.0548574
0.0589334
0.0633135
0.0680168
0.0730616
0.0784651
0.0842431
0.0904096
0.0969771
0.103955
0.111353
0.119174
0.127424
0.136102
0.145206
0.154734
0.164678
0.175028
0.185774
0.196901
0.208393
0.22023
0.232392
0.244852
0.257587
0.270566
0.283758
0.29713
0.310648
0.324274
0.337968
0.351691
0.3654
0.379052
0.392603
0.406006
0.419217
0.432189
0.444875
0.45723
0.469207
0.480764
0.491857
0.502448
0.512501
0.521989
0.530889
0.539191
0.546896
0.554024
0.560614
0.566731
0.572473
0.577973
0.583404
0.588985
0.594982
0.601706
0.60951
0.618777
0.629901
0.643272
0.659236
0.678072
0.699946
0.724889
0.752753
0.783191
0.815632
0.849286
0.883165
0.91612
0.946904
0.974244
0.996925
1.01387
1.02419
1.02728
1.02278
1.01065
0.991133
0.964698
0.932038
0.894
0.851537
0.805655
0.757363
0.707638
0.657388
0.607429
0.558468
0.511094
0.465781
0.422886
0.382658
0.345248
0.310728
0.279255
0.250795
0.225175
0.202208
0.181699
0.163445
0.147244
0.1329
0.120221
0.109028
0.0991536
0.0904444
0.0827601
0.0759751
0.069977
0.0646665
0.0599564
0.0557702
0.0520414
0.0487123
0.0457332
0.0430608
0.0406581
0.0384932
0.0365386
0.0347705
0.0331688
0.0317157
0.0303964
0.0291977
0.0281087
0.0271194
0.0262216
0.0254079
0.0246716
0.0240071
0.0234091
0.0228729
0.0223941
0.0219687
0.0215927
0.0212624
0.0209741
0.0207243
0.0205097
0.0203269
0.0201728
0.0200447
0.0199396
5.15485e-07
5.15957e-07
5.16597e-07
5.17435e-07
5.18505e-07
5.19857e-07
5.21559e-07
5.23701e-07
5.26402e-07
5.29816e-07
5.34145e-07
5.39654e-07
5.46688e-07
5.557e-07
5.67295e-07
5.82278e-07
6.0174e-07
6.27174e-07
6.60653e-07
7.05095e-07
7.64662e-07
8.45372e-07
9.55985e-07
1.10927e-06
1.32367e-06
1.62518e-06
2.04915e-06
2.64136e-06
3.45846e-06
4.56845e-06
6.05232e-06
8.00731e-06
1.05514e-05
1.38281e-05
1.80123e-05
2.33157e-05
2.99927e-05
3.83456e-05
4.87316e-05
6.15692e-05
7.73458e-05
9.66243e-05
0.000120051
0.000148364
0.000182397
0.000223087
0.000271431
0.000328554
0.000395715
0.000474292
0.000565783
0.000671807
0.000794104
0.00093453
0.00109505
0.00127774
0.00148477
0.00171838
0.00198091
0.00227474
0.00260229
0.00296603
0.00336841
0.00381191
0.00429896
0.004832
0.00541339
0.00604548
0.00673057
0.0074709
0.00826871
0.00912624
0.0100457
0.0110296
0.0120801
0.0132001
0.0143923
0.01566
0.0170069
0.0184371
0.0199554
0.0215676
0.02328
0.0251001
0.0270365
0.0290989
0.0312985
0.0336475
0.0361597
0.0388502
0.0417351
0.0448318
0.0481589
0.0517352
0.0555805
0.0597144
0.0641564
0.0689255
0.0740398
0.0795162
0.0853701
0.0916152
0.098263
0.105323
0.112803
0.120707
0.129037
0.137794
0.146976
0.156576
0.166588
0.177001
0.187803
0.198978
0.210509
0.222375
0.234554
0.24702
0.259746
0.272701
0.285854
0.29917
0.312613
0.326145
0.339726
0.353313
0.366865
0.380338
0.393687
0.406867
0.419831
0.432535
0.444932
0.45698
0.468633
0.479852
0.490597
0.500834
0.510535
0.519676
0.528244
0.536236
0.543664
0.550557
0.556967
0.562969
0.568671
0.574215
0.579779
0.585586
0.591896
0.599011
0.607265
0.617011
0.62861
0.642403
0.65869
0.677695
0.699536
0.724202
0.751513
0.781108
0.812421
0.844689
0.876972
0.908186
0.937162
0.962712
0.983705
0.999135
1.00819
1.01029
1.00513
0.992682
0.973162
0.947039
0.914975
0.877779
0.836362
0.791683
0.744707
0.696366
0.647528
0.598971
0.551372
0.505296
0.461194
0.419411
0.380184
0.343663
0.30991
0.279028
0.251084
0.225901
0.203294
0.18307
0.165033
0.148989
0.134748
0.122127
0.110954
0.101069
0.0923243
0.0845857
0.0777321
0.0716554
0.0662597
0.0614603
0.0571833
0.0533637
0.0499452
0.0468789
0.0441226
0.0416394
0.0393979
0.0373707
0.0355342
0.0338681
0.0323548
0.0309792
0.0297282
0.0285904
0.0275562
0.0266169
0.0257649
0.0249937
0.0242972
0.0236704
0.0231081
0.022606
0.0221599
0.0217656
0.0214194
0.0211174
0.0208561
0.0206318
0.0204411
0.0202808
0.0201482
0.0200398
5.17878e-07
5.18353e-07
5.19002e-07
5.19851e-07
5.20938e-07
5.22313e-07
5.24045e-07
5.26225e-07
5.28975e-07
5.32452e-07
5.36863e-07
5.42477e-07
5.49646e-07
5.58835e-07
5.70658e-07
5.8594e-07
6.05797e-07
6.31756e-07
6.65941e-07
7.11341e-07
7.72228e-07
8.54778e-07
9.67987e-07
1.12497e-06
1.34464e-06
1.65366e-06
2.08815e-06
2.69483e-06
3.53138e-06
4.66699e-06
6.18407e-06
8.1817e-06
1.07801e-05
1.41257e-05
1.83968e-05
2.38094e-05
3.06226e-05
3.91444e-05
4.97389e-05
6.28324e-05
7.89211e-05
9.85784e-05
0.000122463
0.000151324
0.000186014
0.00022747
0.000276696
0.000334847
0.0004032
0.000483151
0.000576219
0.000684044
0.000808387
0.000951125
0.00111425
0.00129985
0.00151012
0.00174734
0.00201385
0.00231205
0.0026444
0.00301337
0.00342143
0.00387107
0.00436476
0.00490492
0.00549394
0.00613416
0.0068279
0.00757742
0.00838496
0.00925277
0.0101831
0.0111784
0.012241
0.0133736
0.0145792
0.0158611
0.0172229
0.0186689
0.0202042
0.0218343
0.023566
0.0254069
0.0273657
0.0294524
0.0316784
0.0340561
0.0365997
0.0393243
0.0422466
0.0453841
0.0487554
0.0523798
0.0562769
0.0604664
0.0649679
0.0698002
0.0749811
0.0805272
0.0864536
0.0927733
0.0994974
0.106635
0.114192
0.122173
0.130579
0.13941
0.148662
0.158329
0.168403
0.178872
0.189723
0.200939
0.212502
0.224389
0.236578
0.249042
0.261752
0.274677
0.287783
0.301035
0.314396
0.327827
0.341286
0.354732
0.368121
0.381409
0.39455
0.407501
0.420215
0.432649
0.444757
0.456497
0.467829
0.478715
0.48912
0.499015
0.508377
0.517189
0.525445
0.533152
0.540332
0.547022
0.553285
0.559207
0.564904
0.570524
0.576251
0.582305
0.588943
0.596453
0.605148
0.615355
0.627396
0.641572
0.658136
0.677265
0.699035
0.723394
0.750139
0.778898
0.809111
0.840044
0.870799
0.900356
0.927619
0.951479
0.970882
0.984894
0.992763
0.993958
0.988197
0.975459
0.955969
0.930172
0.898704
0.862337
0.82194
0.778429
0.732725
0.685719
0.638238
0.591027
0.544732
0.499895
0.456949
0.416224
0.37795
0.342272
0.309254
0.278938
0.251472
0.226694
0.20442
0.184459
0.166623
0.150723
0.136575
0.124006
0.112849
0.102951
0.0941698
0.086377
0.0794559
0.0733022
0.0678231
0.0629367
0.058571
0.0546627
0.0511569
0.0480055
0.0451669
0.0426049
0.0402883
0.0381898
0.0362861
0.0345567
0.0329841
0.0315531
0.0302503
0.0290645
0.0279857
0.0270052
0.0261153
0.0253094
0.0245813
0.0239256
0.0233374
0.022812
0.0223451
0.0219326
0.0215704
0.0212547
0.0209817
0.0207477
0.0205491
0.0203826
0.0202452
0.0201335
5.20141e-07
5.20621e-07
5.21277e-07
5.22139e-07
5.23242e-07
5.24639e-07
5.26399e-07
5.28616e-07
5.31414e-07
5.34953e-07
5.39443e-07
5.4516e-07
5.52461e-07
5.61821e-07
5.73867e-07
5.89442e-07
6.09684e-07
6.36157e-07
6.71032e-07
7.17372e-07
7.79554e-07
8.63911e-07
9.79672e-07
1.14029e-06
1.36515e-06
1.68153e-06
2.12636e-06
2.74721e-06
3.60278e-06
4.76338e-06
6.31285e-06
8.35202e-06
1.10033e-05
1.4416e-05
1.87717e-05
2.42904e-05
3.12359e-05
3.99219e-05
5.07189e-05
6.40608e-05
8.04526e-05
0.000100478
0.000124806
0.000154201
0.000189529
0.000231716
0.000281793
0.000340936
0.00041044
0.000491717
0.000586305
0.000695864
0.000822176
0.000967138
0.00113276
0.00132117
0.00153456
0.00177524
0.00204557
0.00234797
0.00268492
0.0030589
0.00347241
0.00392795
0.00442798
0.00497495
0.00557127
0.00621928
0.0069213
0.0076796
0.00849643
0.00937406
0.0103148
0.0113209
0.0123951
0.0135398
0.0147582
0.0160536
0.0174297
0.0188909
0.0204423
0.0220897
0.0238399
0.0257007
0.027681
0.0297911
0.0320424
0.0344478
0.0370215
0.0397791
0.0427373
0.045914
0.0493279
0.0529985
0.0569454
0.0611883
0.0657468
0.0706395
0.075884
0.0814965
0.0874917
0.0938822
0.100678
0.107889
0.115519
0.123572
0.132049
0.140948
0.150265
0.159993
0.170122
0.180641
0.191534
0.202785
0.214373
0.226275
0.238468
0.250923
0.26361
0.276498
0.289551
0.302733
0.316006
0.329329
0.342661
0.35596
0.369181
0.382279
0.395211
0.40793
0.420393
0.432555
0.444375
0.455812
0.466828
0.477388
0.487463
0.497028
0.506066
0.514568
0.522535
0.529983
0.536941
0.54346
0.549608
0.555481
0.561204
0.566929
0.572842
0.579161
0.586135
0.594038
0.603162
0.613805
0.626256
0.640776
0.657574
0.676785
0.698446
0.722475
0.748648
0.776581
0.805728
0.835378
0.864679
0.892667
0.918314
0.940584
0.958498
0.971187
0.977956
0.978315
0.972011
0.959031
0.939596
0.914138
0.883262
0.847707
0.808302
0.765921
0.721443
0.675718
0.629536
0.58361
0.538559
0.494901
0.453052
0.41333
0.375957
0.341074
0.308747
0.278986
0.251957
0.227551
0.205583
0.185864
0.168211
0.152441
0.138378
0.125853
0.114707
0.104794
0.0959755
0.0881288
0.0811412
0.074912
0.0693516
0.0643803
0.0599282
0.0559337
0.0523428
0.0491084
0.0461897
0.0435508
0.0411608
0.0389928
0.0370232
0.0352319
0.0336011
0.0321156
0.030762
0.0295289
0.0284062
0.0273851
0.0264579
0.0256176
0.0248582
0.024174
0.0235601
0.0230116
0.0225241
0.0220934
0.0217154
0.0213859
0.0211012
0.0208575
0.0206509
0.0204781
0.0203359
0.0202208
5.22273e-07
5.22757e-07
5.23421e-07
5.24294e-07
5.25413e-07
5.26831e-07
5.28619e-07
5.30872e-07
5.33716e-07
5.37315e-07
5.41883e-07
5.47699e-07
5.55128e-07
5.64655e-07
5.76919e-07
5.92778e-07
6.13397e-07
6.40371e-07
6.7592e-07
7.23178e-07
7.86626e-07
8.72752e-07
9.91011e-07
1.15519e-06
1.38513e-06
1.70874e-06
2.16366e-06
2.79835e-06
3.67244e-06
4.85737e-06
6.43831e-06
8.51781e-06
1.12205e-05
1.46981e-05
1.91358e-05
2.47573e-05
3.1831e-05
4.0676e-05
5.16691e-05
6.52514e-05
8.19365e-05
0.000102318
0.000127076
0.000156987
0.000192926
0.000235813
0.00028671
0.000346808
0.000417416
0.000499967
0.000596015
0.000707239
0.000835439
0.000982535
0.00115056
0.00134164
0.00155802
0.00180201
0.002076
0.00238242
0.00272377
0.00310254
0.00352125
0.00398241
0.0044885
0.00504198
0.00564525
0.00630068
0.00701058
0.00777725
0.00860294
0.00948992
0.0104405
0.0114571
0.0125421
0.0136985
0.014929
0.0162372
0.017627
0.0191027
0.0206695
0.0223333
0.0241012
0.025981
0.027982
0.0301144
0.03239
0.0348219
0.0374246
0.0402138
0.0432065
0.0464208
0.0498755
0.0535902
0.0575847
0.0618788
0.0664917
0.0714419
0.0767469
0.0824225
0.088483
0.0949403
0.101804
0.109083
0.116781
0.124902
0.133444
0.142406
0.151782
0.161566
0.171745
0.182307
0.193237
0.204516
0.216124
0.228035
0.240226
0.252666
0.265325
0.278169
0.291163
0.30427
0.31745
0.330662
0.343863
0.357011
0.370061
0.382968
0.395687
0.408175
0.420387
0.432281
0.443816
0.454954
0.465661
0.475905
0.485662
0.494912
0.503643
0.511854
0.519555
0.526769
0.533534
0.539908
0.545971
0.551826
0.557601
0.563455
0.569572
0.576168
0.583482
0.591771
0.601307
0.612361
0.625187
0.64001
0.657001
0.676257
0.69778
0.721461
0.747058
0.774184
0.802302
0.830727
0.858649
0.885156
0.909286
0.930071
0.946596
0.958059
0.963813
0.963409
0.956617
0.943437
0.924084
0.898973
0.868683
0.83392
0.795474
0.75418
0.710877
0.666376
0.621433
0.57673
0.532858
0.490316
0.449504
0.410727
0.374203
0.340067
0.308384
0.279159
0.25253
0.228466
0.206777
0.187279
0.169792
0.154139
0.14015
0.127663
0.116524
0.106592
0.0977358
0.0898352
0.0827821
0.0764792
0.0708396
0.0657859
0.0612499
0.0571716
0.0534981
0.0501833
0.0471867
0.0444731
0.0420118
0.039776
0.0377424
0.0358906
0.0342031
0.0326645
0.0312612
0.0299818
0.0288162
0.0277553
0.0267914
0.0259174
0.0251271
0.0244148
0.0237755
0.0232042
0.0226964
0.0222477
0.0218538
0.0215108
0.0212145
0.020961
0.0207465
0.0205673
0.0204203
0.0203018
5.24273e-07
5.24761e-07
5.25432e-07
5.26316e-07
5.2745e-07
5.28888e-07
5.30703e-07
5.32991e-07
5.3588e-07
5.39537e-07
5.44179e-07
5.50091e-07
5.57646e-07
5.67334e-07
5.79809e-07
5.95945e-07
6.16929e-07
6.4439e-07
6.80596e-07
7.28748e-07
7.9343e-07
8.81281e-07
1.00198e-06
1.16963e-06
1.40454e-06
1.73519e-06
2.19995e-06
2.8481e-06
3.74019e-06
4.9487e-06
6.56011e-06
8.67863e-06
1.14309e-05
1.49714e-05
1.94882e-05
2.5209e-05
3.24064e-05
4.14047e-05
5.25868e-05
6.64009e-05
8.33687e-05
0.000104093
0.000129265
0.000159675
0.000196194
0.000239752
0.000291434
0.000352447
0.000424114
0.000507883
0.000605327
0.000718142
0.000848147
0.00099728
0.00116759
0.00136124
0.00158046
0.00182761
0.00210508
0.00241533
0.00276086
0.00314419
0.00356785
0.00403435
0.0045462
0.00510585
0.00571573
0.0063782
0.00709559
0.00787019
0.00870428
0.00960013
0.0105601
0.0115865
0.012682
0.0138492
0.0150913
0.0164118
0.0178145
0.0193039
0.0208853
0.0225649
0.0243496
0.0262475
0.0282681
0.0304218
0.0327207
0.0351779
0.0378082
0.0406276
0.0436533
0.0469034
0.0503972
0.0541541
0.058194
0.0625366
0.0672012
0.0722061
0.0775685
0.0833038
0.0894257
0.095946
0.102874
0.110217
0.117978
0.126161
0.134764
0.143784
0.153214
0.163047
0.173271
0.183872
0.194833
0.206135
0.217756
0.229672
0.241854
0.254275
0.2669
0.279697
0.292629
0.305656
0.318739
0.331836
0.344904
0.357899
0.370777
0.383492
0.396
0.408257
0.420221
0.43185
0.443106
0.453953
0.46436
0.4743
0.483752
0.492702
0.501145
0.509087
0.516544
0.523548
0.530146
0.536404
0.542409
0.548271
0.554122
0.560123
0.566459
0.573338
0.580989
0.589654
0.599583
0.611019
0.624186
0.639276
0.656421
0.675688
0.697047
0.720368
0.745393
0.771734
0.798865
0.826127
0.852747
0.877866
0.900579
0.919981
0.93522
0.945551
0.950375
0.949279
0.942057
0.928715
0.909465
0.884706
0.854992
0.820997
0.783476
0.743223
0.701041
0.657704
0.613936
0.570388
0.52763
0.48614
0.446302
0.408413
0.372682
0.339243
0.308162
0.279444
0.253184
0.229431
0.207996
0.188698
0.17136
0.155811
0.141886
0.129429
0.118293
0.10834
0.0994444
0.0914903
0.0843729
0.0779981
0.0722815
0.0671479
0.0625308
0.0583715
0.0546182
0.0512256
0.0481538
0.0453679
0.0428376
0.0405362
0.0384404
0.0365301
0.0347876
0.0331972
0.0317457
0.0304213
0.0292138
0.0281141
0.0271143
0.0262074
0.0253869
0.0246472
0.0239829
0.0233892
0.0228614
0.022395
0.0219857
0.0216292
0.0213214
0.0210583
0.0208359
0.0206504
0.0204985
0.0203765
5.26138e-07
5.2663e-07
5.27308e-07
5.28202e-07
5.29351e-07
5.30808e-07
5.32649e-07
5.3497e-07
5.37903e-07
5.41616e-07
5.4633e-07
5.52335e-07
5.6001e-07
5.69855e-07
5.82533e-07
5.98937e-07
6.20275e-07
6.48208e-07
6.8505e-07
7.34071e-07
7.99952e-07
8.89481e-07
1.01255e-06
1.18359e-06
1.42333e-06
1.76082e-06
2.23513e-06
2.89633e-06
3.80583e-06
5.03711e-06
6.67792e-06
8.83403e-06
1.16341e-05
1.5235e-05
1.9828e-05
2.56442e-05
3.29604e-05
4.21061e-05
5.34696e-05
6.75062e-05
8.47453e-05
0.000105799
0.000131368
0.000162256
0.000199324
0.000243522
0.000295955
0.000357839
0.000430515
0.000515445
0.000614218
0.000728547
0.000860269
0.00101134
0.00118383
0.0013799
0.00160183
0.00185198
0.00213275
0.00244662
0.00279612
0.00318377
0.00361211
0.00408367
0.00460097
0.00516646
0.00578258
0.0064517
0.00717617
0.00795827
0.00880028
0.00970451
0.0106733
0.011709
0.0128143
0.0139919
0.0152449
0.0165769
0.0179918
0.0194942
0.0210895
0.0227839
0.0245846
0.0264998
0.028539
0.0307129
0.0330338
0.0355151
0.0381718
0.0410199
0.0440769
0.0473612
0.050892
0.054689
0.058772
0.0631608
0.0678743
0.0729309
0.0783473
0.0841388
0.0903186
0.0968979
0.103885
0.111288
0.119108
0.127349
0.136007
0.14508
0.15456
0.164437
0.174701
0.185335
0.196322
0.207642
0.219273
0.231187
0.243358
0.255754
0.268343
0.281088
0.293954
0.306899
0.319883
0.332864
0.345797
0.358639
0.371345
0.383869
0.396168
0.408199
0.419919
0.43129
0.442274
0.45284
0.462958
0.472606
0.481768
0.490436
0.49861
0.506303
0.51354
0.520358
0.526814
0.532981
0.538952
0.544842
0.550789
0.556953
0.563516
0.57068
0.578662
0.587688
0.597987
0.609777
0.623252
0.638571
0.655837
0.675085
0.696262
0.719215
0.743678
0.769262
0.795452
0.821615
0.847015
0.870838
0.892234
0.910356
0.924411
0.933704
0.937681
0.935962
0.928362
0.914894
0.895767
0.871362
0.842211
0.808956
0.772319
0.733058
0.691939
0.649703
0.607043
0.564583
0.522871
0.482366
0.443439
0.406377
0.371385
0.338594
0.308071
0.279826
0.253907
0.230437
0.209231
0.190111
0.172905
0.157447
0.143578
0.131145
0.120007
0.110031
0.101095
0.0930877
0.0859074
0.0794627
0.0736716
0.0684608
0.0637656
0.0595283
0.0556983
0.0522308
0.0490865
0.0462311
0.0436344
0.0412698
0.0391142
0.0371474
0.0353517
0.0337115
0.0322133
0.0308453
0.0295973
0.02846
0.0274255
0.0264865
0.0256367
0.0248702
0.0241817
0.0235662
0.0230188
0.0225351
0.0221106
0.0217409
0.0214219
0.0211493
0.0209192
0.0207274
0.0205707
0.0204452
5.27867e-07
5.28363e-07
5.29047e-07
5.29951e-07
5.31114e-07
5.3259e-07
5.34455e-07
5.36809e-07
5.39783e-07
5.4355e-07
5.48334e-07
5.54428e-07
5.62219e-07
5.72214e-07
5.85089e-07
6.01751e-07
6.2343e-07
6.51819e-07
6.89276e-07
7.39136e-07
8.06179e-07
8.97333e-07
1.02271e-06
1.19702e-06
1.44144e-06
1.78556e-06
2.26911e-06
2.9429e-06
3.86916e-06
5.12235e-06
6.79139e-06
8.98358e-06
1.18295e-05
1.54884e-05
2.01543e-05
2.60617e-05
3.34917e-05
4.27782e-05
5.43152e-05
6.85644e-05
8.60627e-05
0.00010743
0.00013338
0.000164722
0.000202307
0.000247115
0.000300259
0.000362971
0.000436604
0.000522635
0.000622667
0.000738431
0.000871778
0.00102468
0.00119922
0.0013976
0.00162208
0.00187505
0.00215894
0.00247624
0.00282947
0.00322119
0.00365394
0.00413027
0.00465269
0.00522368
0.00584567
0.00652105
0.00725216
0.0080413
0.00889076
0.00980285
0.0107799
0.0118244
0.0129389
0.0141262
0.0153895
0.0167323
0.0181587
0.0196734
0.0212818
0.0229901
0.0248058
0.0267373
0.0287941
0.0309872
0.033329
0.0358331
0.0385146
0.0413899
0.0444766
0.0477933
0.0513591
0.055194
0.0593178
0.06375
0.0685098
0.073615
0.0790822
0.0849264
0.0911603
0.0977946
0.104838
0.112295
0.12017
0.128464
0.137173
0.146294
0.155818
0.165736
0.176034
0.186697
0.197706
0.20904
0.220675
0.232585
0.24474
0.257109
0.269657
0.282349
0.295146
0.308008
0.320892
0.333756
0.346556
0.359246
0.371782
0.384119
0.396213
0.408023
0.419506
0.430626
0.441349
0.451643
0.461485
0.470856
0.479745
0.488148
0.496073
0.503539
0.510577
0.517233
0.52357
0.529668
0.535627
0.541565
0.547622
0.553959
0.560753
0.568199
0.576503
0.585873
0.596519
0.608632
0.622382
0.637898
0.655254
0.674459
0.695438
0.718023
0.741939
0.766798
0.792099
0.81723
0.841491
0.864112
0.884292
0.901237
0.914207
0.922553
0.925764
0.92349
0.915562
0.902001
0.883011
0.858959
0.830353
0.797807
0.76201
0.723687
0.683571
0.64237
0.600749
0.559307
0.518571
0.478983
0.440903
0.404608
0.3703
0.338108
0.308099
0.28029
0.254687
0.231471
0.21047
0.191509
0.17442
0.159041
0.145217
0.132802
0.121658
0.111657
0.102681
0.0946211
0.0873794
0.080867
0.075004
0.0697192
0.064949
0.060637
0.0567334
0.0531943
0.0499808
0.0470588
0.0443984
0.0419734
0.0397605
0.0377395
0.0358928
0.0342048
0.0326617
0.0312519
0.0299649
0.0287914
0.0277234
0.0267535
0.0258754
0.0250831
0.0243711
0.0237343
0.023168
0.0226675
0.0222282
0.0218458
0.0215158
0.021234
0.0209962
0.0207983
0.0206369
0.0205079
5.29459e-07
5.29957e-07
5.30648e-07
5.31561e-07
5.32738e-07
5.34232e-07
5.36121e-07
5.38505e-07
5.41519e-07
5.45337e-07
5.50187e-07
5.56368e-07
5.6427e-07
5.74409e-07
5.87473e-07
6.04382e-07
6.2639e-07
6.55217e-07
6.93266e-07
7.43935e-07
8.12096e-07
9.04818e-07
1.03241e-06
1.20989e-06
1.45883e-06
1.80934e-06
2.30179e-06
2.98767e-06
3.93002e-06
5.20418e-06
6.90022e-06
9.12686e-06
1.20165e-05
1.57306e-05
2.04661e-05
2.64605e-05
3.39987e-05
4.34192e-05
5.51213e-05
6.95726e-05
8.73172e-05
0.000108984
0.000135293
0.000167063
0.000205137
0.000250521
0.000304338
0.000367831
0.000442366
0.000529435
0.000630655
0.000747769
0.000882646
0.00103727
0.00121375
0.00141428
0.00164117
0.00189679
0.00218361
0.00250411
0.00286085
0.00325638
0.00369327
0.00417405
0.00470127
0.0052774
0.00590488
0.0065861
0.00732342
0.00811914
0.00897556
0.00989499
0.0108798
0.0119324
0.0130555
0.0142519
0.0155248
0.0168778
0.0183149
0.0198411
0.0214617
0.0231832
0.025013
0.0269597
0.029033
0.0312442
0.0336056
0.0361311
0.0388361
0.0417371
0.0448518
0.0481988
0.0517977
0.0556682
0.0598303
0.0643034
0.0691064
0.0742572
0.0797719
0.0856652
0.0919495
0.098635
0.105729
0.113238
0.121163
0.129506
0.138261
0.147426
0.15699
0.166943
0.177272
0.187959
0.198985
0.210329
0.221966
0.233867
0.246004
0.258343
0.27085
0.283487
0.296215
0.308992
0.321777
0.334526
0.347194
0.359735
0.372105
0.384259
0.396155
0.40775
0.419005
0.429884
0.440356
0.450393
0.459973
0.469082
0.477714
0.485872
0.493567
0.500827
0.507688
0.514204
0.520444
0.526494
0.532458
0.538459
0.544638
0.551153
0.558179
0.565901
0.574513
0.584208
0.595175
0.607583
0.621576
0.637257
0.654677
0.673819
0.694592
0.716813
0.740202
0.764373
0.788838
0.813008
0.836214
0.857726
0.87679
0.892659
0.904641
0.912132
0.914655
0.911887
0.903678
0.890054
0.871212
0.847507
0.819425
0.787553
0.752549
0.715108
0.675931
0.635697
0.595043
0.554548
0.514717
0.475978
0.43868
0.403093
0.369413
0.337769
0.308231
0.280817
0.255512
0.232523
0.211703
0.192882
0.175894
0.160583
0.146796
0.134393
0.12324
0.113212
0.104195
0.0960836
0.0887823
0.0822048
0.076273
0.0709174
0.0660756
0.0616925
0.057719
0.0541117
0.0508323
0.047847
0.0451262
0.0426435
0.0403761
0.0383036
0.0364083
0.0346746
0.0330889
0.0316391
0.0303148
0.0291067
0.0280066
0.0270072
0.0261019
0.0252848
0.0245502
0.0238931
0.0233086
0.0227919
0.0223384
0.0219435
0.0216029
0.0213122
0.021067
0.0208632
0.0206971
0.0205647
5.30911e-07
5.31413e-07
5.32109e-07
5.33032e-07
5.34221e-07
5.35732e-07
5.37643e-07
5.40057e-07
5.43109e-07
5.46976e-07
5.51889e-07
5.58152e-07
5.6616e-07
5.76437e-07
5.89681e-07
6.06828e-07
6.29149e-07
6.58396e-07
6.97012e-07
7.48456e-07
8.17691e-07
9.11919e-07
1.04165e-06
1.22217e-06
1.47544e-06
1.83209e-06
2.33306e-06
3.03052e-06
3.98822e-06
5.28237e-06
7.00409e-06
9.26348e-06
1.21947e-05
1.59612e-05
2.07625e-05
2.68394e-05
3.44801e-05
4.40274e-05
5.58855e-05
7.05279e-05
8.85053e-05
0.000110454
0.000137105
0.000169271
0.000207806
0.000253731
0.00030818
0.000372406
0.000447788
0.00053583
0.000638161
0.00075654
0.000892848
0.00104909
0.00122737
0.00142992
0.00165905
0.00191715
0.00220669
0.00253019
0.00289019
0.00328927
0.00373
0.00421493
0.0047466
0.00532751
0.00596008
0.00664674
0.00738982
0.00819164
0.00905452
0.00998076
0.0109727
0.012033
0.013164
0.0143688
0.0156506
0.017013
0.0184602
0.0199969
0.0216289
0.0233627
0.0252056
0.0271666
0.0292554
0.0314834
0.0338632
0.0364088
0.0391358
0.0420607
0.0452016
0.0485772
0.0522069
0.0561108
0.0603086
0.0648198
0.0696633
0.0748564
0.0804153
0.0863541
0.092685
0.0994178
0.10656
0.114115
0.122086
0.130473
0.139271
0.148474
0.158074
0.168059
0.178414
0.189122
0.200162
0.211513
0.223148
0.235039
0.247155
0.259463
0.271926
0.284507
0.297166
0.309861
0.322549
0.335184
0.347723
0.36012
0.37233
0.384308
0.396013
0.407402
0.418439
0.42909
0.439323
0.449116
0.45845
0.467315
0.475709
0.483639
0.491126
0.498199
0.504904
0.5113
0.517462
0.523481
0.529465
0.535541
0.541849
0.548545
0.555799
0.563788
0.572692
0.58269
0.593952
0.606626
0.620832
0.636652
0.654112
0.673177
0.69374
0.715607
0.738493
0.762018
0.785703
0.808984
0.831219
0.851717
0.869763
0.884655
0.895744
0.902465
0.904375
0.901174
0.892727
0.879064
0.860378
0.83701
0.809427
0.77819
0.74393
0.707311
0.669007
0.629669
0.589911
0.550289
0.511291
0.473333
0.436752
0.401812
0.368707
0.337563
0.308451
0.281393
0.256367
0.233577
0.212917
0.194218
0.177318
0.162062
0.148306
0.13591
0.124744
0.114688
0.10563
0.0974684
0.0901098
0.08347
0.0774727
0.0720498
0.0671403
0.0626898
0.0586502
0.0549785
0.0516369
0.0485918
0.0458139
0.0432769
0.0409579
0.0388367
0.0368955
0.0351187
0.0334925
0.0320049
0.0306453
0.0294044
0.0282739
0.0272464
0.0263153
0.0254745
0.0247185
0.0240419
0.02344
0.0229078
0.0224407
0.022034
0.0216832
0.0213839
0.0211316
0.0209221
0.0207514
0.0206157
5.32223e-07
5.32728e-07
5.3343e-07
5.34361e-07
5.35561e-07
5.37089e-07
5.39021e-07
5.41463e-07
5.44551e-07
5.48464e-07
5.53438e-07
5.59778e-07
5.67887e-07
5.78296e-07
5.91711e-07
6.09083e-07
6.31704e-07
6.61351e-07
7.00507e-07
7.52691e-07
8.22952e-07
9.18618e-07
1.05038e-06
1.23382e-06
1.49124e-06
1.85374e-06
2.36283e-06
3.07131e-06
4.04358e-06
5.35668e-06
7.1027e-06
9.39304e-06
1.23634e-05
1.61794e-05
2.10429e-05
2.71973e-05
3.49345e-05
4.4601e-05
5.66057e-05
7.14276e-05
8.96236e-05
0.000111838
0.000138809
0.000171342
0.000210308
0.000256738
0.000311775
0.000376686
0.000452857
0.000541804
0.000645169
0.000764724
0.000902361
0.0010601
0.00124006
0.00144448
0.00167568
0.00193608
0.00222814
0.0025544
0.00291742
0.00331978
0.00376406
0.00425282
0.0047886
0.00537391
0.00601118
0.00670284
0.00745122
0.00825867
0.00912748
0.01006
0.0110586
0.0121258
0.0132642
0.0144767
0.0157667
0.0171378
0.0185942
0.0201408
0.0217833
0.0235283
0.0253835
0.0273576
0.0294608
0.0317044
0.0341012
0.0366656
0.0394129
0.0423602
0.0455255
0.0489275
0.052586
0.0565208
0.0607518
0.0652984
0.0701792
0.0754115
0.0810112
0.086992
0.0933658
0.100142
0.107327
0.114925
0.122938
0.131365
0.140201
0.14944
0.159071
0.169084
0.179461
0.190186
0.201238
0.212592
0.224224
0.236102
0.248196
0.260472
0.272892
0.285418
0.29801
0.310624
0.323217
0.335743
0.348158
0.360417
0.372473
0.384284
0.395806
0.407001
0.417832
0.428266
0.438276
0.447841
0.456945
0.465583
0.473758
0.481481
0.488778
0.495685
0.502253
0.508548
0.514648
0.520651
0.526668
0.532826
0.539267
0.546143
0.553617
0.561859
0.571038
0.581317
0.592847
0.605758
0.620151
0.636084
0.653566
0.672544
0.692898
0.714424
0.736837
0.759759
0.782726
0.80519
0.82654
0.846115
0.863241
0.877253
0.887541
0.893576
0.894943
0.891364
0.882717
0.869037
0.850511
0.827467
0.800354
0.76971
0.73614
0.700282
0.662783
0.624269
0.585333
0.54651
0.508274
0.471027
0.435099
0.400748
0.368162
0.33747
0.308743
0.282004
0.257233
0.234618
0.214098
0.195504
0.178678
0.16347
0.149736
0.137342
0.126161
0.116076
0.106979
0.0987687
0.0913554
0.0846564
0.0785972
0.0731109
0.0681377
0.0636241
0.0595224
0.0557904
0.0523905
0.0492895
0.0464581
0.0438701
0.0415029
0.0393361
0.0373519
0.0355346
0.0338704
0.0323473
0.0309546
0.0296828
0.0285237
0.0274698
0.0265144
0.0256513
0.024875
0.0241801
0.0235617
0.0230149
0.0225349
0.0221169
0.0217565
0.021449
0.0211899
0.0209749
0.0208
0.0206611
5.33394e-07
5.33901e-07
5.34608e-07
5.35547e-07
5.36759e-07
5.38302e-07
5.40254e-07
5.42722e-07
5.45844e-07
5.49801e-07
5.54832e-07
5.61245e-07
5.6945e-07
5.79982e-07
5.9356e-07
6.11145e-07
6.34049e-07
6.64075e-07
7.03745e-07
7.56631e-07
8.27865e-07
9.24899e-07
1.0586e-06
1.2448e-06
1.50617e-06
1.87423e-06
2.39103e-06
3.10991e-06
4.09595e-06
5.42689e-06
7.19577e-06
9.51518e-06
1.25223e-05
1.63847e-05
2.13063e-05
2.75334e-05
3.53607e-05
4.51385e-05
5.72801e-05
7.22692e-05
9.06688e-05
0.000113129
0.000140399
0.00017327
0.000212636
0.000259533
0.000315116
0.000380659
0.000457559
0.000547342
0.000651662
0.000772301
0.000911163
0.00107028
0.00125178
0.00145792
0.00169103
0.00195353
0.00224791
0.00257671
0.00294249
0.00334785
0.00379537
0.00428764
0.00482718
0.0054165
0.00605807
0.00675428
0.00750751
0.00832008
0.00919431
0.0101325
0.0111372
0.0122107
0.0133558
0.0145754
0.0158729
0.0172519
0.0187167
0.0202723
0.0219245
0.0236799
0.0255462
0.0275325
0.0296488
0.0319068
0.0343194
0.0369009
0.0396671
0.042635
0.0458227
0.0492492
0.0529342
0.0568975
0.0611591
0.0657382
0.0706533
0.0759216
0.0815586
0.0875779
0.0939908
0.100806
0.108031
0.115668
0.123719
0.132182
0.141052
0.150321
0.159981
0.170017
0.180415
0.191154
0.202214
0.21357
0.225196
0.237061
0.249132
0.261376
0.273754
0.286226
0.298752
0.311289
0.323791
0.336214
0.348511
0.360638
0.37255
0.384202
0.395554
0.406567
0.417204
0.427437
0.437239
0.446593
0.455485
0.463915
0.471889
0.479425
0.486551
0.493312
0.499762
0.505971
0.512025
0.518024
0.524082
0.530328
0.5369
0.543951
0.551636
0.560116
0.569548
0.580083
0.591856
0.604978
0.619531
0.635556
0.653045
0.67193
0.69208
0.713285
0.735257
0.757625
0.779934
0.801657
0.822205
0.840951
0.85725
0.870476
0.880052
0.885479
0.88637
0.882465
0.873654
0.859973
0.841606
0.81887
0.792195
0.762099
0.729164
0.694003
0.657238
0.619476
0.581286
0.543189
0.505642
0.469039
0.4337
0.399878
0.36776
0.337473
0.309089
0.282634
0.258092
0.235631
0.215232
0.196728
0.179965
0.164795
0.151077
0.138682
0.127484
0.11737
0.108234
0.0999776
0.0925125
0.0857579
0.0796408
0.0740955
0.069063
0.0644906
0.0603313
0.0565433
0.0530893
0.0499364
0.0470553
0.0444202
0.0420082
0.039799
0.0377749
0.0359201
0.0342207
0.0326646
0.031241
0.0299406
0.0287549
0.0276763
0.0266982
0.0258144
0.0250191
0.0243071
0.0236733
0.0231127
0.0226206
0.0221921
0.0218226
0.0215074
0.0212419
0.0210217
0.0208427
0.0207008
5.34423e-07
5.34933e-07
5.35644e-07
5.3659e-07
5.37812e-07
5.39369e-07
5.4134e-07
5.43833e-07
5.46986e-07
5.50985e-07
5.56069e-07
5.62552e-07
5.70846e-07
5.81495e-07
5.95225e-07
6.13011e-07
6.36182e-07
6.66565e-07
7.06718e-07
7.60266e-07
8.3242e-07
9.30745e-07
1.06628e-06
1.2551e-06
1.52018e-06
1.89349e-06
2.41754e-06
3.14622e-06
4.14516e-06
5.4928e-06
7.28303e-06
9.62953e-06
1.26709e-05
1.65764e-05
2.15521e-05
2.78465e-05
3.57574e-05
4.56383e-05
5.79065e-05
7.30504e-05
9.16381e-05
0.000114326
0.000141869
0.000175052
0.000214784
0.000262111
0.000318194
0.000384316
0.000461883
0.000552432
0.000657624
0.000779253
0.000919233
0.0010796
0.00126251
0.00147021
0.00170506
0.00196947
0.00226596
0.00259705
0.00296534
0.00337342
0.00382389
0.00431931
0.00486225
0.00545521
0.00610065
0.00680098
0.00755858
0.00837577
0.00925488
0.0101983
0.0112083
0.0122876
0.0134387
0.0146647
0.015969
0.0173551
0.0188276
0.0203913
0.0220522
0.023817
0.0256935
0.0276908
0.0298191
0.0320902
0.0345172
0.0371144
0.0398978
0.0428845
0.0460927
0.0495416
0.0532507
0.0572401
0.0615296
0.0661383
0.0710847
0.0763856
0.0820565
0.0881106
0.094559
0.10141
0.10867
0.116342
0.124427
0.132922
0.141822
0.15112
0.160804
0.170861
0.181275
0.192026
0.203092
0.214448
0.226067
0.237918
0.249967
0.262179
0.274516
0.286937
0.299402
0.311865
0.324282
0.336607
0.348795
0.360799
0.372576
0.384081
0.395275
0.406118
0.416578
0.426625
0.436236
0.445396
0.454096
0.462336
0.470129
0.477497
0.484472
0.491104
0.497452
0.503592
0.509612
0.515616
0.521721
0.528055
0.534756
0.541973
0.549855
0.558555
0.56822
0.578987
0.590975
0.604282
0.618972
0.635071
0.652555
0.671346
0.691301
0.712207
0.733775
0.755637
0.777352
0.798409
0.818241
0.836246
0.851812
0.864343
0.873291
0.878187
0.878664
0.874481
0.865535
0.851867
0.833655
0.811206
0.784934
0.755339
0.722981
0.688451
0.652351
0.615265
0.577747
0.5403
0.503372
0.467344
0.432531
0.399181
0.367478
0.33755
0.30947
0.283266
0.258926
0.236599
0.216304
0.197877
0.181166
0.166026
0.15232
0.13992
0.128704
0.118562
0.109388
0.101088
0.093575
0.0867687
0.080598
0.0749982
0.069911
0.0652846
0.0610724
0.057233
0.0537294
0.0505289
0.0476023
0.0449239
0.0424709
0.0402229
0.0381622
0.0362729
0.0345412
0.0329548
0.031503
0.0301762
0.028966
0.0278648
0.0268658
0.0259628
0.0251501
0.0244223
0.0237742
0.023201
0.0226976
0.0222594
0.0218815
0.0215591
0.0212877
0.0210626
0.0208798
0.0207349
5.35309e-07
5.3582e-07
5.36536e-07
5.37489e-07
5.3872e-07
5.4029e-07
5.42279e-07
5.44794e-07
5.47978e-07
5.52015e-07
5.57149e-07
5.63696e-07
5.72073e-07
5.82831e-07
5.96704e-07
6.14678e-07
6.38098e-07
6.68815e-07
7.0942e-07
7.63589e-07
8.36605e-07
9.36141e-07
1.0734e-06
1.26467e-06
1.53324e-06
1.91147e-06
2.4423e-06
3.18011e-06
4.19106e-06
5.5542e-06
7.36421e-06
9.73578e-06
1.28088e-05
1.67541e-05
2.17795e-05
2.81359e-05
3.61235e-05
4.60992e-05
5.84834e-05
7.3769e-05
9.25287e-05
0.000115424
0.000143216
0.000176682
0.000216747
0.000264465
0.000321002
0.000387649
0.000465821
0.000557061
0.000663042
0.000785564
0.000926552
0.00108805
0.00127223
0.00148133
0.00171774
0.00198387
0.00228224
0.0026154
0.00298593
0.00339644
0.00384953
0.00434778
0.00489375
0.00548995
0.00613883
0.00684283
0.00760431
0.00842561
0.00930906
0.010257
0.0112719
0.0123562
0.0135128
0.0147445
0.0160547
0.0174472
0.0189265
0.0204975
0.0221662
0.0239394
0.025825
0.0278322
0.0299714
0.0322543
0.0346941
0.0373055
0.0401045
0.0431082
0.046335
0.049804
0.053535
0.0575479
0.0618624
0.0664979
0.0714724
0.0768027
0.0825041
0.0885894
0.0950694
0.101952
0.109244
0.116947
0.125062
0.133585
0.142512
0.151834
0.161539
0.171614
0.182042
0.192803
0.203873
0.215229
0.22684
0.238676
0.250704
0.262886
0.275184
0.287558
0.299964
0.312359
0.324698
0.336933
0.34902
0.360912
0.372565
0.383936
0.394984
0.405673
0.415971
0.42585
0.435288
0.444273
0.452799
0.460871
0.468503
0.475721
0.482564
0.489084
0.495346
0.501429
0.507426
0.513442
0.519596
0.526016
0.53284
0.540212
0.548276
0.557176
0.56705
0.578023
0.590201
0.603668
0.618474
0.634631
0.652103
0.6708
0.690574
0.711206
0.732408
0.753818
0.775004
0.795469
0.814668
0.832022
0.846944
0.858867
0.867269
0.871704
0.871826
0.867408
0.858354
0.844708
0.826644
0.804459
0.778553
0.749409
0.717568
0.683602
0.648094
0.61161
0.574688
0.537819
0.501438
0.465919
0.431569
0.398634
0.367297
0.337683
0.309868
0.283883
0.259718
0.237508
0.217301
0.198939
0.18227
0.167153
0.153454
0.141047
0.129813
0.119643
0.110435
0.102095
0.0945365
0.0876831
0.0814635
0.075814
0.0706772
0.0660018
0.0617417
0.0578557
0.0543073
0.0510637
0.0480961
0.0453786
0.0428884
0.0406054
0.0385115
0.0365912
0.0348302
0.0332164
0.031739
0.0303883
0.0291559
0.0280342
0.0270162
0.0260958
0.0252672
0.024525
0.023864
0.0232792
0.0227656
0.0223185
0.0219328
0.0216039
0.021327
0.0210975
0.0209111
0.0207636
5.3605e-07
5.36564e-07
5.37283e-07
5.38242e-07
5.39483e-07
5.41064e-07
5.43069e-07
5.45606e-07
5.48817e-07
5.5289e-07
5.58069e-07
5.64676e-07
5.73131e-07
5.8399e-07
5.97995e-07
6.16143e-07
6.39793e-07
6.7082e-07
7.11846e-07
7.66592e-07
8.40408e-07
9.41071e-07
1.07993e-06
1.27348e-06
1.54531e-06
1.9281e-06
2.46522e-06
3.21148e-06
4.2335e-06
5.6109e-06
7.43907e-06
9.8336e-06
1.29356e-05
1.69171e-05
2.19879e-05
2.84007e-05
3.64582e-05
4.65197e-05
5.90092e-05
7.44229e-05
9.33381e-05
0.000116421
0.000144436
0.000178156
0.000218521
0.000266588
0.000323532
0.000390649
0.000469361
0.000561219
0.000667903
0.00079122
0.000933105
0.00109561
0.00128091
0.00149126
0.00172904
0.00199669
0.00229672
0.0026317
0.00300421
0.00341686
0.00387225
0.00437298
0.0049216
0.00552064
0.00617254
0.00687974
0.00764462
0.0084695
0.00935674
0.0103087
0.0113278
0.0124166
0.0135778
0.0148144
0.0161299
0.0175281
0.0190133
0.0205907
0.0222662
0.0240468
0.0259405
0.0279565
0.0301052
0.0323986
0.0348499
0.0374739
0.0402867
0.0433055
0.0465488
0.0500358
0.0537862
0.05782
0.062157
0.0668161
0.0718156
0.077172
0.0829003
0.0890132
0.0955212
0.102432
0.109752
0.117482
0.125623
0.134171
0.143121
0.152464
0.162188
0.172278
0.182717
0.193486
0.204559
0.215913
0.227516
0.239339
0.251346
0.263501
0.275764
0.288094
0.300447
0.312781
0.325047
0.337202
0.349197
0.360988
0.37253
0.38378
0.394698
0.40525
0.415403
0.425131
0.434416
0.443246
0.451619
0.459541
0.467031
0.47412
0.480848
0.487273
0.493463
0.4995
0.505481
0.511513
0.517716
0.524219
0.531156
0.538669
0.546896
0.555975
0.566034
0.577187
0.589531
0.603135
0.618037
0.634238
0.651693
0.670302
0.68991
0.710297
0.731175
0.752186
0.772907
0.792856
0.811504
0.828293
0.84266
0.854059
0.861993
0.866035
0.865856
0.861241
0.852103
0.838485
0.820558
0.79861
0.77303
0.744285
0.7129
0.67943
0.644441
0.608485
0.572084
0.535719
0.499815
0.464737
0.43079
0.398215
0.367194
0.337852
0.310265
0.284467
0.260453
0.238342
0.218209
0.199899
0.183265
0.168165
0.15447
0.142055
0.130803
0.120607
0.111367
0.10299
0.0953914
0.0884954
0.082232
0.0765381
0.0713571
0.0666381
0.0623353
0.0584079
0.0548196
0.0515378
0.0485336
0.0457813
0.0432582
0.040944
0.0388208
0.0368728
0.0350859
0.0334477
0.0319475
0.0305757
0.0293235
0.0281835
0.0271486
0.0262127
0.0253699
0.0246149
0.0239423
0.0233471
0.0228244
0.0223692
0.0219766
0.0216418
0.02136
0.0211265
0.0209368
0.0207869
5.36648e-07
5.37163e-07
5.37885e-07
5.38849e-07
5.40098e-07
5.41691e-07
5.4371e-07
5.46266e-07
5.49502e-07
5.53608e-07
5.5883e-07
5.65492e-07
5.74018e-07
5.84969e-07
5.99095e-07
6.17403e-07
6.41266e-07
6.72578e-07
7.1399e-07
7.69266e-07
8.43821e-07
9.45522e-07
1.08586e-06
1.28151e-06
1.55633e-06
1.94332e-06
2.48622e-06
3.24021e-06
4.27235e-06
5.66273e-06
7.50739e-06
9.92272e-06
1.30508e-05
1.70651e-05
2.21768e-05
2.86403e-05
3.67603e-05
4.68988e-05
5.94823e-05
7.50105e-05
9.40644e-05
0.000117315
0.000145525
0.000179471
0.000220101
0.000268477
0.00032578
0.00039331
0.000472497
0.000564896
0.000672196
0.000796209
0.000938876
0.00110226
0.00128853
0.00149997
0.00173894
0.00200791
0.00230938
0.00264592
0.00302013
0.00343462
0.003892
0.00439486
0.00494576
0.00554722
0.0062017
0.00691164
0.00767941
0.00850735
0.00939782
0.0103532
0.0113759
0.0124684
0.0136336
0.0148745
0.0161945
0.0175974
0.0190877
0.0206706
0.0223521
0.0241391
0.0260397
0.0280633
0.0302203
0.0325228
0.0349841
0.0376191
0.040444
0.043476
0.0467337
0.0502364
0.0540039
0.058056
0.0624124
0.0670923
0.0721136
0.0774927
0.0832444
0.0893813
0.0959136
0.102849
0.110192
0.117946
0.126109
0.134679
0.143649
0.153009
0.162749
0.172852
0.183301
0.194075
0.205151
0.216502
0.228099
0.239909
0.251897
0.264027
0.276258
0.288549
0.300856
0.313135
0.325339
0.337421
0.349337
0.361038
0.372482
0.383627
0.394432
0.404863
0.414889
0.424487
0.433638
0.442333
0.450573
0.458367
0.465735
0.472713
0.479344
0.485688
0.491819
0.49782
0.503791
0.509841
0.516091
0.522669
0.529708
0.537345
0.545716
0.55495
0.565169
0.576477
0.58896
0.602679
0.617661
0.633896
0.65133
0.669858
0.68932
0.709492
0.730089
0.750756
0.771078
0.790585
0.808763
0.825072
0.838968
0.849925
0.857464
0.861177
0.860748
0.855973
0.846769
0.833182
0.815379
0.79364
0.768343
0.739944
0.708952
0.675909
0.641366
0.605862
0.569908
0.533973
0.498476
0.463775
0.430171
0.397902
0.367149
0.338037
0.310643
0.285003
0.261114
0.239086
0.219015
0.200748
0.184139
0.169053
0.155359
0.142935
0.131667
0.121447
0.112178
0.103768
0.0961339
0.0892006
0.0828988
0.0771662
0.0719466
0.0671895
0.0628496
0.0588862
0.0552632
0.0519481
0.0489122
0.0461298
0.0435781
0.0412368
0.0390881
0.0371161
0.0353066
0.0336473
0.0321273
0.030737
0.0294677
0.0283117
0.0272622
0.0263127
0.0254576
0.0246913
0.0240086
0.0234043
0.0228736
0.0224114
0.0220127
0.0216727
0.0213865
0.0211494
0.0209569
0.0208048
5.37101e-07
5.37616e-07
5.38341e-07
5.3931e-07
5.40566e-07
5.42169e-07
5.44202e-07
5.46775e-07
5.50034e-07
5.5417e-07
5.5943e-07
5.66141e-07
5.74732e-07
5.85768e-07
6.00004e-07
6.18457e-07
6.42513e-07
6.74084e-07
7.15847e-07
7.71606e-07
8.46833e-07
9.4948e-07
1.09116e-06
1.28873e-06
1.56627e-06
1.95708e-06
2.50522e-06
3.2662e-06
4.30746e-06
5.70951e-06
7.56894e-06
1.00028e-05
1.31542e-05
1.71977e-05
2.23455e-05
2.88539e-05
3.70292e-05
4.72354e-05
5.99015e-05
7.55301e-05
9.47054e-05
0.000118102
0.000146481
0.000180623
0.000221483
0.000270127
0.000327739
0.000395626
0.000475221
0.000568085
0.000675911
0.000800519
0.000943853
0.00110798
0.00129508
0.00150743
0.00174742
0.00201749
0.00232018
0.00265803
0.00303367
0.0034497
0.00390873
0.00441336
0.00496615
0.00556963
0.00622625
0.00693845
0.00770861
0.00853908
0.00943221
0.0103904
0.011416
0.0125117
0.0136802
0.0149246
0.0162483
0.0176552
0.0191497
0.0207372
0.0224236
0.0242159
0.0261224
0.0281523
0.0303164
0.0326266
0.0350964
0.0377408
0.0405759
0.0436192
0.0468893
0.0504054
0.0541873
0.058255
0.0626282
0.0673257
0.0723655
0.077764
0.0835356
0.0896929
0.0962457
0.103202
0.110565
0.118339
0.126521
0.135109
0.144095
0.153471
0.163223
0.173336
0.183793
0.194573
0.20565
0.216999
0.228588
0.240387
0.25236
0.264468
0.276672
0.28893
0.301197
0.313429
0.325579
0.3376
0.349447
0.361073
0.372434
0.383488
0.394197
0.404526
0.414445
0.423932
0.43297
0.441552
0.44968
0.457365
0.464632
0.471517
0.478068
0.484347
0.490429
0.496403
0.502368
0.508436
0.514728
0.521371
0.528498
0.536242
0.544734
0.5541
0.564452
0.575888
0.588487
0.602299
0.617344
0.633604
0.651018
0.669475
0.688811
0.708801
0.72916
0.749539
0.769529
0.788669
0.806457
0.822369
0.835875
0.846468
0.853683
0.857127
0.856495
0.851592
0.842339
0.828783
0.811087
0.789525
0.764468
0.73636
0.705698
0.673012
0.638842
0.603715
0.568132
0.532556
0.497397
0.46301
0.42969
0.397674
0.367142
0.338219
0.310984
0.285473
0.261687
0.239727
0.219705
0.201472
0.184884
0.169807
0.156112
0.14368
0.132396
0.122155
0.112861
0.104423
0.0967589
0.0897938
0.0834594
0.077694
0.0724417
0.0676525
0.0632812
0.0592875
0.0556352
0.0522922
0.0492295
0.0464217
0.0438459
0.0414819
0.0393117
0.0373194
0.0354909
0.0338138
0.0322772
0.0308713
0.0295875
0.0284181
0.0273561
0.0263953
0.0255297
0.0247539
0.0240625
0.0234506
0.022913
0.0224448
0.022041
0.0216965
0.0214066
0.0211664
0.0209715
0.0208174
5.37408e-07
5.37924e-07
5.38651e-07
5.39624e-07
5.40886e-07
5.42498e-07
5.44543e-07
5.47132e-07
5.50411e-07
5.54573e-07
5.59868e-07
5.66624e-07
5.75273e-07
5.86384e-07
6.00719e-07
6.19302e-07
6.43531e-07
6.75334e-07
7.17413e-07
7.73605e-07
8.49435e-07
9.52932e-07
1.09582e-06
1.29511e-06
1.5751e-06
1.96933e-06
2.52215e-06
3.28937e-06
4.33872e-06
5.75109e-06
7.62353e-06
1.00737e-05
1.32455e-05
1.73144e-05
2.24937e-05
2.9041e-05
3.7264e-05
4.75286e-05
6.02658e-05
7.59804e-05
9.52593e-05
0.000118781
0.000147302
0.000181611
0.000222665
0.000271534
0.000329406
0.000397591
0.000477527
0.000570779
0.000679042
0.000804142
0.000948026
0.00111277
0.00130054
0.00151365
0.00175446
0.00202543
0.00232909
0.00266801
0.0030448
0.00346206
0.00392241
0.00442845
0.00498275
0.00558781
0.00624612
0.00696011
0.00773215
0.0085646
0.00945981
0.0104202
0.0114481
0.0125463
0.0137174
0.0149645
0.0162911
0.0177011
0.019199
0.0207901
0.0224805
0.0242771
0.0261883
0.0282234
0.0303932
0.0327097
0.0351865
0.0378385
0.0406821
0.0437347
0.0470149
0.0505421
0.054336
0.0584166
0.0628035
0.0675156
0.0725707
0.0779851
0.0837731
0.089947
0.0965167
0.103489
0.11087
0.118659
0.126857
0.135459
0.144459
0.153847
0.163609
0.173731
0.184195
0.194978
0.206056
0.217403
0.228987
0.240777
0.252736
0.264826
0.277008
0.289238
0.301473
0.313666
0.325773
0.337744
0.349535
0.361099
0.372393
0.383374
0.394005
0.40425
0.414083
0.42348
0.432427
0.440917
0.448955
0.456553
0.463738
0.470549
0.477035
0.483262
0.489307
0.495259
0.501221
0.507305
0.513633
0.52033
0.527529
0.53536
0.543951
0.553422
0.563881
0.57542
0.58811
0.601995
0.617088
0.633366
0.65076
0.669158
0.68839
0.708233
0.7284
0.748547
0.768269
0.787115
0.804592
0.820188
0.833385
0.843689
0.850648
0.85388
0.853089
0.848087
0.838799
0.82527
0.807662
0.786246
0.761383
0.733509
0.703114
0.670715
0.636844
0.602019
0.566734
0.531445
0.496556
0.462418
0.429325
0.397511
0.367155
0.338383
0.311273
0.285864
0.262158
0.240252
0.220269
0.202061
0.185489
0.170418
0.156722
0.144281
0.132984
0.122726
0.113411
0.10495
0.0972616
0.0902707
0.0839098
0.0781178
0.0728391
0.0680239
0.0636273
0.059609
0.0559332
0.0525675
0.0494834
0.0466551
0.0440598
0.0416775
0.0394899
0.0374814
0.0356376
0.0339461
0.0323961
0.0309776
0.0296821
0.0285019
0.0274299
0.0264598
0.0255857
0.0248021
0.0241039
0.0234857
0.0229425
0.0224694
0.0220613
0.0217132
0.0214202
0.0211775
0.0209804
0.0208247
5.37571e-07
5.38086e-07
5.38814e-07
5.39791e-07
5.41058e-07
5.42678e-07
5.44733e-07
5.47336e-07
5.50634e-07
5.54819e-07
5.60145e-07
5.6694e-07
5.75639e-07
5.86817e-07
6.01239e-07
6.19937e-07
6.44318e-07
6.76326e-07
7.18683e-07
7.75257e-07
8.5162e-07
9.55867e-07
1.09982e-06
1.30063e-06
1.58278e-06
1.98002e-06
2.53694e-06
3.30961e-06
4.36601e-06
5.78732e-06
7.67098e-06
1.01352e-05
1.33244e-05
1.74149e-05
2.2621e-05
2.92011e-05
3.74643e-05
4.77778e-05
6.05743e-05
7.63603e-05
9.5725e-05
0.000119349
0.000147987
0.000182432
0.000223644
0.000272696
0.000330778
0.000399204
0.000479412
0.000572972
0.000681582
0.00080707
0.000951387
0.00111661
0.00130491
0.0015186
0.00176004
0.0020317
0.00233611
0.00267583
0.00305348
0.00347167
0.003933
0.00444009
0.0049955
0.00560173
0.00626128
0.00697656
0.00774997
0.00858385
0.00948057
0.0104425
0.0114721
0.012572
0.013745
0.0149941
0.0163228
0.0177351
0.0192355
0.0208293
0.0225226
0.0243225
0.0262372
0.0282763
0.0304504
0.0327718
0.035254
0.037912
0.0407621
0.043822
0.0471102
0.0506461
0.0544494
0.0585401
0.0629378
0.0676614
0.0727285
0.0781553
0.0839561
0.0901431
0.096726
0.103712
0.111105
0.118907
0.127117
0.13573
0.144741
0.154137
0.163908
0.174037
0.184505
0.195291
0.20637
0.217715
0.229295
0.241078
0.253027
0.265104
0.277269
0.289478
0.301688
0.313853
0.325925
0.337859
0.349608
0.361125
0.372367
0.383293
0.393864
0.404047
0.413814
0.423143
0.432021
0.440441
0.44841
0.455943
0.463067
0.469821
0.476259
0.482447
0.488464
0.494401
0.500361
0.506457
0.512812
0.519551
0.526804
0.5347
0.543365
0.552915
0.563454
0.575069
0.587827
0.601765
0.616893
0.633181
0.65056
0.66891
0.688063
0.707792
0.727814
0.747785
0.767306
0.785931
0.803174
0.818533
0.831499
0.841587
0.848355
0.85143
0.850522
0.845447
0.836133
0.822627
0.805088
0.783783
0.759067
0.731371
0.701176
0.668994
0.635348
0.600751
0.565691
0.530617
0.495931
0.461981
0.429058
0.397395
0.36717
0.338511
0.311496
0.286163
0.262515
0.24065
0.220695
0.202507
0.185945
0.170878
0.15718
0.144733
0.133426
0.123155
0.113824
0.105345
0.0976378
0.0906272
0.0842464
0.0784343
0.0731356
0.0683008
0.0638851
0.0598484
0.0561548
0.0527722
0.0496718
0.0468281
0.0442183
0.0418221
0.0396216
0.0376007
0.0357455
0.0340432
0.0324831
0.0310552
0.0297509
0.0285624
0.0274828
0.0265057
0.0256252
0.0248358
0.0241322
0.0235093
0.0229619
0.022485
0.0220736
0.0217227
0.0214273
0.0211825
0.0209838
0.0208267
5.37587e-07
5.38101e-07
5.38829e-07
5.39809e-07
5.41081e-07
5.42707e-07
5.44772e-07
5.47387e-07
5.507e-07
5.54906e-07
5.60258e-07
5.67087e-07
5.75831e-07
5.87066e-07
6.01563e-07
6.2036e-07
6.44873e-07
6.77058e-07
7.19655e-07
7.7656e-07
8.53382e-07
9.58277e-07
1.10315e-06
1.30528e-06
1.58928e-06
1.98911e-06
2.54956e-06
3.32687e-06
4.38925e-06
5.8181e-06
7.71117e-06
1.01871e-05
1.33907e-05
1.74991e-05
2.27271e-05
2.9334e-05
3.76298e-05
4.79827e-05
6.08265e-05
7.66693e-05
9.61016e-05
0.000119806
0.000148535
0.000183085
0.00022442
0.000273612
0.000331854
0.000400461
0.000480873
0.000574663
0.000683529
0.000809301
0.000953931
0.00111949
0.00130818
0.00152227
0.00176416
0.00203629
0.00234121
0.00268148
0.00305971
0.00347851
0.00394049
0.00444826
0.00500437
0.00561135
0.00627167
0.00698776
0.00776201
0.00859677
0.0094944
0.0104573
0.0114879
0.0125889
0.013763
0.0150133
0.0163434
0.0177571
0.0192591
0.0208546
0.0225498
0.0243518
0.026269
0.0283107
0.0304878
0.0328126
0.0352985
0.0379608
0.0408157
0.0438808
0.0471747
0.0507169
0.054527
0.0586251
0.0630306
0.0677624
0.0728381
0.0782739
0.084084
0.0902803
0.0968726
0.103868
0.11127
0.119081
0.1273
0.135921
0.144939
0.154342
0.164118
0.174252
0.184723
0.195512
0.206592
0.217936
0.229513
0.241292
0.253234
0.265302
0.277456
0.289651
0.301845
0.31399
0.326041
0.337949
0.349669
0.361155
0.372363
0.383252
0.393783
0.403924
0.413646
0.42293
0.431761
0.440135
0.448058
0.455546
0.462629
0.469345
0.475751
0.481912
0.48791
0.493836
0.499795
0.505899
0.512271
0.519037
0.526326
0.534266
0.542979
0.552581
0.563172
0.574837
0.587637
0.60161
0.616759
0.633053
0.650418
0.668735
0.687832
0.707484
0.727407
0.747258
0.766643
0.785119
0.802205
0.817404
0.830215
0.840158
0.846799
0.849768
0.848782
0.843659
0.83433
0.82084
0.803348
0.782117
0.757501
0.729925
0.699865
0.667829
0.634335
0.599891
0.564982
0.530053
0.495504
0.46168
0.428871
0.39731
0.367174
0.33859
0.311638
0.286356
0.262747
0.240911
0.220975
0.202799
0.186244
0.17118
0.157481
0.145029
0.133715
0.123435
0.114094
0.105604
0.0978837
0.0908601
0.084466
0.0786405
0.0733286
0.0684808
0.0640525
0.0600036
0.0562983
0.0529044
0.0497933
0.0469394
0.0443199
0.0419146
0.0397055
0.0376765
0.0358136
0.0341043
0.0325374
0.0311033
0.0297931
0.0285992
0.0275146
0.0265328
0.025648
0.0248547
0.0241475
0.0235213
0.0229709
0.0224915
0.0220778
0.0217249
0.0214278
0.0211816
0.0209816
0.0208235
5.37457e-07
5.37964e-07
5.38694e-07
5.39676e-07
5.40952e-07
5.42584e-07
5.44657e-07
5.47282e-07
5.50609e-07
5.54832e-07
5.60206e-07
5.67064e-07
5.75845e-07
5.87129e-07
6.0169e-07
6.20571e-07
6.45196e-07
6.77529e-07
7.20329e-07
7.77512e-07
8.54722e-07
9.60165e-07
1.10581e-06
1.30904e-06
1.59461e-06
1.99661e-06
2.55998e-06
3.34115e-06
4.40844e-06
5.84346e-06
7.74416e-06
1.02295e-05
1.34446e-05
1.75671e-05
2.28122e-05
2.94399e-05
3.77607e-05
4.81436e-05
6.10232e-05
7.69082e-05
9.63902e-05
0.000120153
0.000148947
0.000183574
0.000224995
0.000274284
0.000332636
0.000401365
0.000481914
0.000575855
0.000684886
0.000810838
0.000955663
0.00112144
0.00131034
0.00152467
0.00176681
0.00203921
0.00234441
0.00268496
0.00306348
0.00348257
0.00394486
0.00445294
0.00500936
0.00561665
0.00627728
0.00699368
0.00776824
0.00860331
0.00950127
0.0104645
0.0114955
0.0125968
0.0137713
0.0150221
0.0163526
0.0177669
0.0192695
0.0208657
0.0225618
0.0243649
0.0262832
0.0283264
0.0305052
0.0328318
0.03532
0.0379847
0.0408424
0.0439107
0.0472081
0.0507541
0.0545684
0.058671
0.0630813
0.0678182
0.0728992
0.0783405
0.0841561
0.0903582
0.0969561
0.103957
0.111365
0.119181
0.127405
0.136031
0.145053
0.15446
0.16424
0.174376
0.18485
0.19564
0.206721
0.218065
0.229642
0.241418
0.253358
0.265422
0.27757
0.28976
0.301945
0.314081
0.326121
0.338017
0.349724
0.361194
0.372385
0.383255
0.393767
0.403887
0.413587
0.422848
0.431656
0.440007
0.447906
0.455372
0.462433
0.469131
0.475519
0.481667
0.487654
0.493574
0.49953
0.505637
0.512017
0.518795
0.5261
0.534059
0.542795
0.552421
0.563036
0.574723
0.587543
0.60153
0.616687
0.632981
0.650336
0.668633
0.6877
0.70731
0.72718
0.746969
0.766282
0.78468
0.801685
0.816801
0.829531
0.8394
0.845975
0.848889
0.847863
0.842715
0.833376
0.819894
0.802426
0.781234
0.756669
0.729154
0.699164
0.667203
0.633787
0.599422
0.564591
0.529737
0.495258
0.4615
0.42875
0.397242
0.367153
0.338609
0.31169
0.286435
0.262847
0.241025
0.2211
0.20293
0.18638
0.171317
0.157618
0.145165
0.133848
0.123564
0.114218
0.105722
0.0979959
0.0909662
0.0845658
0.078734
0.0734158
0.0685618
0.0641275
0.0600728
0.0563618
0.0529626
0.0498463
0.0469876
0.0443635
0.0419539
0.0397407
0.0377079
0.0358413
0.0341286
0.0325585
0.0311213
0.0298083
0.0286118
0.0275247
0.0265406
0.0256536
0.0248583
0.0241493
0.0235214
0.0229695
0.0224886
0.0220737
0.0217197
0.0214215
0.0211745
0.0209738
0.020815
0.040425
0.0457604
0.0507521
0.055003
0.0586264
0.0618205
0.0645824
0.0668486
0.0686939
0.0701537
0.071246
0.0719812
0.0723657
0.0724052
0.0721048
0.0714711
0.0705122
0.0692386
0.0676632
0.0658017
0.0636727
0.0612978
0.0587009
0.055909
0.052951
0.0498581
0.0466625
0.043398
0.0400985
0.0367977
0.0335289
0.0303236
0.0272117
0.0242203
0.0213736
0.018692
0.0161924
0.0138873
0.0117851
0.00988993
0.00820186
0.00671697
0.00542775
0.00432576
0.00340348
0.00263546
0.00200668
0.00150051
0.00110035
0.000790257
0.000554996
0.000380762
0.000255414
0.000168397
0.000110729
7.48532e-05
5.44197e-05
4.4249e-05
4.05082e-05
4.07442e-05
4.35782e-05
4.83709e-05
5.48892e-05
6.324e-05
7.37321e-05
8.68888e-05
0.000103667
0.000125541
0.000153513
0.000191844
0.000244908
0.000321355
0.000432644
0.000607469
0.000894917
0.00140092
0.00238626
0.00459295
0.0103267
0.0505222
0.0217163
0.0221752
0.0230079
0.0239095
0.0247789
0.0256049
0.0263688
0.027005
0.0275177
0.0279092
0.0281805
0.028332
0.0283639
0.0282768
0.0280715
0.0277498
0.0273141
0.0267679
0.0261155
0.0253624
0.0245151
0.0235811
0.0225689
0.0214881
0.020349
0.0191625
0.0179402
0.0166942
0.0154366
0.0141796
0.0129351
0.0117147
0.0105291
0.00938834
0.00830133
0.00727573
0.00631785
0.00543254
0.00462311
0.00389135
0.00323752
0.00266044
0.00215759
0.00172536
0.00135946
0.00105541
0.000806168
0.000605036
0.000445512
0.000321611
0.000227121
0.000156744
0.000105785
7.0148e-05
4.63361e-05
3.13911e-05
2.28054e-05
1.85029e-05
1.69149e-05
1.70106e-05
1.82032e-05
2.02118e-05
2.29424e-05
2.64304e-05
3.08066e-05
3.63031e-05
4.32995e-05
5.23596e-05
6.42351e-05
8.01443e-05
0.000102266
0.000134019
0.000180724
0.000253449
0.000372933
0.000583454
0.000992759
0.00190753
0.0043448
0.0212811
0.0166054
0.0166262
0.0169478
0.0173732
0.0178172
0.0182543
0.0186552
0.0189883
0.0192506
0.0194404
0.0195564
0.0195975
0.0195633
0.0194535
0.0192684
0.019009
0.0186768
0.0182739
0.0178033
0.0172683
0.0166733
0.0160232
0.0153236
0.0145805
0.0138009
0.0129917
0.0121605
0.0113152
0.0104635
0.00961349
0.0087728
0.00794894
0.00714894
0.0063793
0.00564583
0.00495355
0.00430659
0.00370814
0.00316041
0.00266461
0.00222095
0.00182869
0.00148622
0.00119112
0.000939908
0.000730879
0.000559492
0.000420981
0.000310901
0.00022514
0.000159549
0.000110527
7.48885e-05
4.98495e-05
3.30303e-05
2.24125e-05
1.62778e-05
1.31902e-05
1.20488e-05
1.21176e-05
1.29729e-05
1.44089e-05
1.63576e-05
1.88424e-05
2.19584e-05
2.58719e-05
3.08441e-05
3.72759e-05
4.57047e-05
5.70256e-05
7.2722e-05
9.51867e-05
0.000128273
0.000179679
0.000263902
0.000411934
0.000698523
0.00133483
0.00304579
0.0143935
0.0141921
0.0141721
0.0143568
0.0146234
0.014912
0.0152025
0.0154642
0.0156794
0.0158437
0.0159542
0.0160089
0.0160065
0.0159461
0.0158273
0.0156504
0.0154159
0.0151251
0.0147797
0.0143819
0.0139346
0.0134412
0.0129055
0.0123321
0.0117257
0.0110918
0.0104358
0.0097637
0.00908163
0.00839576
0.00771223
0.0070371
0.00637619
0.00573498
0.0051185
0.00453127
0.00397717
0.00345941
0.00298046
0.00254201
0.00214497
0.0017895
0.00147499
0.00120014
0.000963029
0.000760869
0.000592168
0.000453884
0.000342047
0.000253068
0.000183617
0.000130409
9.05623e-05
6.15223e-05
4.10615e-05
2.72738e-05
1.85413e-05
1.34826e-05
1.09352e-05
9.99883e-06
1.00659e-05
1.07845e-05
1.19829e-05
1.36046e-05
1.56694e-05
1.82568e-05
2.15054e-05
2.5629e-05
3.09566e-05
3.79445e-05
4.73322e-05
6.03223e-05
7.88745e-05
0.000106216
0.000148606
0.000217873
0.000339292
0.000573372
0.00108979
0.0024863
0.0113408
0.0127953
0.0127913
0.0129252
0.0131193
0.0133327
0.0135463
0.013736
0.0138896
0.0140021
0.0140704
0.0140922
0.0140662
0.0139913
0.0138672
0.0136939
0.013472
0.0132026
0.0128871
0.0125276
0.0121265
0.0116867
0.0112118
0.0107054
0.0101718
0.00961562
0.00904159
0.0084548
0.00786045
0.0072638
0.00667009
0.00608443
0.00551176
0.0049567
0.0044235
0.00391594
0.00343729
0.00299022
0.00257678
0.00219837
0.00185572
0.00154891
0.0012774
0.00104005
0.000835158
0.000660456
0.000514285
0.00039448
0.000297557
0.000220402
0.000160111
0.000113877
7.92097e-05
5.39064e-05
3.60471e-05
2.39898e-05
1.63405e-05
1.19061e-05
9.67688e-06
8.86579e-06
8.9386e-06
9.5853e-06
1.06547e-05
1.20975e-05
1.39319e-05
1.62289e-05
1.91117e-05
2.27689e-05
2.74907e-05
3.36844e-05
4.20044e-05
5.35001e-05
6.98929e-05
9.40521e-05
0.000131429
0.000192357
0.000298865
0.000503357
0.000951781
0.00216877
0.0095693
0.0119085
0.0119258
0.0120374
0.0121926
0.012363
0.0125305
0.012677
0.012793
0.0128736
0.0129155
0.0129165
0.0128752
0.0127906
0.0126623
0.0124904
0.0122753
0.012018
0.01172
0.011383
0.0110094
0.0106018
0.0101633
0.00969737
0.00920788
0.00869891
0.00817479
0.00764008
0.00709941
0.0065575
0.006019
0.00548847
0.00497028
0.00446852
0.00398694
0.00352887
0.00309717
0.00269419
0.00232169
0.00198088
0.00167235
0.00139614
0.00115172
0.000938039
0.000753557
0.000596308
0.000464502
0.000356431
0.000268999
0.000199382
0.000144949
0.000103185
7.18471e-05
4.89542e-05
3.27797e-05
2.18491e-05
1.49106e-05
1.08906e-05
8.8763e-06
8.15277e-06
8.23403e-06
8.83818e-06
9.82812e-06
1.11596e-05
1.28502e-05
1.49655e-05
1.76191e-05
2.09844e-05
2.53262e-05
3.10236e-05
3.86708e-05
4.92263e-05
6.42588e-05
8.64056e-05
0.0001206
0.000176211
0.000273154
0.000458531
0.00086269
0.00196176
0.00838827
0.0113206
0.0113557
0.0114565
0.0115886
0.011732
0.0118694
0.0119874
0.0120781
0.0121369
0.0121605
0.0121469
0.0120945
0.0120025
0.0118705
0.0116984
0.0114868
0.0112365
0.010949
0.010626
0.0102696
0.00988236
0.00946719
0.00902732
0.00856632
0.00808801
0.00759641
0.00709574
0.00659027
0.00608434
0.00558224
0.00508814
0.00460604
0.00413966
0.00369243
0.00326737
0.00286705
0.00249359
0.00214856
0.00183303
0.0015475
0.00129195
0.00106586
0.000868228
0.000697623
0.000552261
0.000430323
0.000330244
0.000249294
0.00018484
0.000134428
9.57427e-05
6.67061e-05
4.54849e-05
3.04844e-05
2.03438e-05
1.39084e-05
1.01857e-05
8.32833e-06
7.67091e-06
7.76166e-06
8.33912e-06
9.27659e-06
1.05338e-05
1.21279e-05
1.41213e-05
1.6621e-05
1.97901e-05
2.38765e-05
2.9238e-05
3.64305e-05
4.63497e-05
6.04601e-05
8.1234e-05
0.000113247
0.000165197
0.000255505
0.000427504
0.000800403
0.00181519
0.00753248
0.0109262
0.010975
0.0110703
0.0111881
0.0113127
0.0114292
0.0115271
0.0115996
0.0116423
0.0116524
0.0116276
0.0115666
0.0114683
0.0113325
0.0111592
0.0109489
0.0107025
0.0104213
0.0101069
0.00976143
0.00938734
0.00898742
0.00856474
0.0081227
0.00766492
0.00719521
0.00671755
0.00623599
0.00575459
0.00527738
0.00480827
0.00435099
0.00390903
0.00348556
0.00308337
0.00270487
0.00235198
0.00202614
0.0017283
0.0014589
0.00121788
0.00100471
0.000818419
0.000657645
0.000520718
0.000405845
0.000311439
0.000235106
0.000174336
0.000126803
9.0329e-05
6.29513e-05
4.29408e-05
2.87952e-05
1.92345e-05
1.31725e-05
9.67371e-06
7.93666e-06
7.33162e-06
7.43219e-06
7.99253e-06
8.89407e-06
1.00996e-05
1.16266e-05
1.35346e-05
1.59265e-05
1.8958e-05
2.28649e-05
2.79905e-05
3.48619e-05
4.43312e-05
5.77874e-05
7.75812e-05
0.000108029
0.000157332
0.000242798
0.000404934
0.000754545
0.00170558
0.00687702
0.0106661
0.0107252
0.0108176
0.010926
0.0110369
0.0111381
0.011221
0.0112797
0.0113101
0.0113095
0.0112756
0.0112072
0.0111034
0.0109638
0.0107886
0.010578
0.0103332
0.0100553
0.00974595
0.00940725
0.00904153
0.00865149
0.00824014
0.00781073
0.00736676
0.00691191
0.00644997
0.00598482
0.00552035
0.0050604
0.00460869
0.00416877
0.00374394
0.00333719
0.00295117
0.00258811
0.00224983
0.00193766
0.00165246
0.00139461
0.00116402
0.000960149
0.000782048
0.000628394
0.000497588
0.00038788
0.000297602
0.000224632
0.000166552
0.00012113
8.62832e-05
6.01317e-05
4.10208e-05
2.75148e-05
1.83919e-05
1.26157e-05
9.29119e-06
7.64959e-06
7.08741e-06
7.1978e-06
7.74728e-06
8.6238e-06
9.79282e-06
1.12718e-05
1.31189e-05
1.54336e-05
1.83666e-05
2.21445e-05
2.70994e-05
3.37389e-05
4.28818e-05
5.58613e-05
7.49352e-05
0.000104224
0.000151552
0.000233363
0.000387961
0.000719554
0.00162037
0.00635477
0.0105042
0.0105712
0.010662
0.0107636
0.0108642
0.0109539
0.0110251
0.0110729
0.0110933
0.0110838
0.0110422
0.0109673
0.0108583
0.0107148
0.0105368
0.010325
0.0100801
0.00980344
0.00949664
0.0091617
0.00880094
0.00841702
0.00801285
0.00759163
0.00715675
0.00671179
0.00626044
0.00580644
0.00535356
0.00490551
0.00446587
0.00403805
0.00362521
0.00323023
0.00285562
0.00250353
0.00217565
0.00187325
0.00159711
0.00134757
0.00112451
0.000927383
0.000755234
0.000606775
0.00048045
0.000374544
0.000287306
0.000216806
0.000160709
0.00011685
8.32136e-05
5.79795e-05
3.95463e-05
2.65261e-05
1.77396e-05
1.21866e-05
9.00075e-06
7.43662e-06
6.9103e-06
7.03033e-06
7.57325e-06
8.43238e-06
9.57541e-06
1.102e-05
1.28233e-05
1.50823e-05
1.79439e-05
2.16281e-05
2.6459e-05
3.29288e-05
4.18319e-05
5.44585e-05
7.2995e-05
0.00010141
0.000147231
0.000226219
0.000374902
0.000692159
0.00155215
0.00592615
0.0104171
0.0104903
0.0105804
0.0106767
0.0107692
0.0108496
0.0109116
0.0109503
0.0109624
0.0109451
0.0108968
0.0108159
0.0107018
0.0105542
0.0103731
0.010159
0.00991284
0.00963586
0.00932969
0.0089963
0.00863799
0.00825738
0.00785735
0.00744104
0.00701178
0.00657307
0.00612852
0.0056818
0.00523659
0.00479648
0.00436498
0.00394538
0.00354076
0.00315389
0.00278721
0.00244277
0.00212219
0.00182667
0.00155696
0.00131334
0.00109567
0.000903375
0.000735522
0.00059083
0.00046777
0.000364646
0.000279646
0.000210951
0.000156311
0.000113607
8.08715e-05
5.63249e-05
3.84037e-05
2.57546e-05
1.72291e-05
1.18525e-05
8.77871e-06
7.27848e-06
6.78264e-06
6.91205e-06
7.45152e-06
8.29882e-06
9.42356e-06
1.08437e-05
1.26157e-05
1.48348e-05
1.76451e-05
2.12616e-05
2.60021e-05
3.2348e-05
4.10743e-05
5.34389e-05
7.15711e-05
9.93203e-05
0.000143978
0.000220746
0.000364697
0.000670298
0.00149629
0.00556619
0.010389
0.0104671
0.0105566
0.0106487
0.0107347
0.0108076
0.0108617
0.0108928
0.0108975
0.0108735
0.0108189
0.0107324
0.0106134
0.0104614
0.0102767
0.0100597
0.00981125
0.00953273
0.00922571
0.00889217
0.00853438
0.00815495
0.00775673
0.00734282
0.00691652
0.00648128
0.00604066
0.00559827
0.00515772
0.00472255
0.00429618
0.00388186
0.00348257
0.00310103
0.0027396
0.00240027
0.00208462
0.00179378
0.00152847
0.00128893
0.001075
0.000886099
0.00072127
0.00057925
0.000458519
0.000357387
0.000274018
0.000206614
0.000153027
0.000111165
7.90903e-05
5.50538e-05
3.7517e-05
2.51507e-05
1.68278e-05
1.15916e-05
8.60923e-06
7.16231e-06
6.69268e-06
6.83118e-06
7.36948e-06
8.20915e-06
9.32145e-06
1.07247e-05
1.24748e-05
1.46659e-05
1.744e-05
2.10084e-05
2.56843e-05
3.19408e-05
4.05382e-05
5.2709e-05
7.05377e-05
9.77784e-05
0.000141529
0.000216534
0.000356644
0.000652601
0.00144969
0.00525827
0.0104086
0.0104906
0.0105796
0.010668
0.0107486
0.0108152
0.0108626
0.0108869
0.0108851
0.0108549
0.0107944
0.0107026
0.0105785
0.0104221
0.0102333
0.0100128
0.00976133
0.00948029
0.00917127
0.00883622
0.00847744
0.00809751
0.00769926
0.00728579
0.00686036
0.00642641
0.00598746
0.00554708
0.00510884
0.00467625
0.00425266
0.00384129
0.00344507
0.00306666
0.00270838
0.00237218
0.00205958
0.0017717
0.00150919
0.00127229
0.00106081
0.000874142
0.000711335
0.00057112
0.000451979
0.000352219
0.000269993
0.000203479
0.000150625
0.000109355
7.77534e-05
5.40866e-05
3.68331e-05
2.46795e-05
1.6513e-05
1.13887e-05
8.48129e-06
7.07915e-06
6.63225e-06
6.77952e-06
7.31842e-06
8.1537e-06
9.2581e-06
1.06503e-05
1.23859e-05
1.45583e-05
1.7308e-05
2.08436e-05
2.54748e-05
3.16687e-05
4.01743e-05
5.22043e-05
6.98077e-05
9.66614e-05
0.000139705
0.000213298
0.000350253
0.00063812
0.00141022
0.00499089
0.0104677
0.0105526
0.0106409
0.0107263
0.0108022
0.0108632
0.0109047
0.010923
0.0109153
0.0108792
0.0108132
0.010716
0.010587
0.0104258
0.0102327
0.0100081
0.00975303
0.00946867
0.00915669
0.00881906
0.00845806
0.00807626
0.00767652
0.0072619
0.00683568
0.00640127
0.00596217
0.00552194
0.00508412
0.0046522
0.00422951
0.00381922
0.00342424
0.0030472
0.00269038
0.0023557
0.00204466
0.00175833
0.00149735
0.00126193
0.00105184
0.000866485
0.000704891
0.000565781
0.000447633
0.000348744
0.000267261
0.000201315
0.000148937
0.000108059
7.67765e-05
5.33656e-05
3.63136e-05
2.43158e-05
1.62685e-05
1.12328e-05
8.38692e-06
7.02255e-06
6.59547e-06
6.7512e-06
7.29205e-06
8.12553e-06
9.22563e-06
1.06114e-05
1.23385e-05
1.44995e-05
1.72341e-05
2.0749e-05
2.53514e-05
3.15041e-05
3.99473e-05
5.18786e-05
6.93185e-05
9.58815e-05
0.000138376
0.000210834
0.000345176
0.000626175
0.00137636
0.00475578
0.0105598
0.0106469
0.0107345
0.0108171
0.0108888
0.0109449
0.010981
0.0109938
0.0109805
0.0109389
0.0108675
0.010765
0.010631
0.0104649
0.0102672
0.0100382
0.00977885
0.00949052
0.00917481
0.00883369
0.00846946
0.0080847
0.00768225
0.00726521
0.00683682
0.00640051
0.00595978
0.00551817
0.00507924
0.00464643
0.00422309
0.00381235
0.00341712
0.00304
0.00268326
0.00234879
0.00203807
0.00175214
0.00149163
0.00125672
0.00104718
0.00086237
0.000701321
0.00056274
0.000445094
0.000346664
0.00026559
0.000199955
0.000147838
0.000107186
7.60966e-05
5.28479e-05
3.59297e-05
2.4041e-05
1.60819e-05
1.11157e-05
8.3202e-06
6.98773e-06
6.578e-06
6.74187e-06
7.28576e-06
8.11951e-06
9.21823e-06
1.06014e-05
1.23246e-05
1.44803e-05
1.72074e-05
2.07115e-05
2.52979e-05
3.14265e-05
3.98312e-05
5.16977e-05
6.90239e-05
9.53736e-05
0.000137445
0.000208992
0.000341155
0.000616264
0.00134697
0.00454684
0.0106799
0.0107686
0.0108553
0.0109353
0.0110033
0.0110548
0.011086
0.0110936
0.011075
0.0110281
0.0109514
0.0108438
0.0107046
0.0105335
0.0103308
0.010097
0.00983307
0.00954021
0.00922012
0.00887478
0.00850648
0.00811784
0.00771169
0.00729114
0.00685946
0.00642006
0.00597647
0.00553223
0.00509089
0.0046559
0.00423062
0.00381816
0.00342144
0.00304304
0.00268522
0.00234986
0.00203842
0.00175194
0.00149102
0.00125583
0.00104611
0.000861217
0.000700156
0.000561623
0.000444068
0.000345753
0.000264803
0.000199267
0.000147232
0.000106668
7.56657e-05
5.25006e-05
3.56595e-05
2.38407e-05
1.5944e-05
1.10311e-05
8.27661e-06
6.97103e-06
6.57653e-06
6.74824e-06
7.29603e-06
8.13176e-06
9.2315e-06
1.06152e-05
1.23384e-05
1.44937e-05
1.72196e-05
2.07209e-05
2.53019e-05
3.14206e-05
3.98062e-05
5.16356e-05
6.8889e-05
9.50888e-05
0.000136841
0.000207658
0.000337996
0.000608008
0.00132123
0.00435948
0.010824
0.0109138
0.0109996
0.0110771
0.0111416
0.0111889
0.0112154
0.011218
0.0111943
0.0111423
0.0110603
0.0109475
0.0108031
0.0106269
0.0104191
0.0101802
0.0099112
0.00961335
0.00928834
0.00893814
0.00856509
0.00817179
0.00776111
0.00733616
0.00690023
0.00645675
0.00600926
0.00556132
0.00511649
0.00467825
0.00424993
0.00383469
0.00343542
0.00305472
0.00269485
0.00235768
0.00204466
0.00175682
0.00149475
0.00125859
0.00104809
0.000862573
0.000701029
0.000562135
0.000444322
0.000345831
0.000264765
0.00019915
0.000147044
0.00010645
7.54462e-05
5.22981e-05
3.54861e-05
2.37038e-05
1.58475e-05
1.09742e-05
8.25263e-06
6.96962e-06
6.58848e-06
6.76773e-06
7.32014e-06
8.15926e-06
9.26203e-06
1.06488e-05
1.23754e-05
1.45343e-05
1.72641e-05
2.07694e-05
2.53537e-05
3.14743e-05
3.9857e-05
5.16724e-05
6.88869e-05
9.4989e-05
0.000136507
0.000206743
0.000335548
0.000601116
0.00129847
0.00419016
0.0109889
0.0110794
0.0111641
0.0112392
0.0113003
0.0113435
0.0113655
0.0113634
0.0113347
0.0112776
0.0111906
0.0110725
0.0109229
0.0107414
0.0105283
0.010284
0.0100096
0.00970641
0.00937601
0.00902045
0.00864205
0.00824345
0.00782753
0.00739742
0.00695643
0.00650803
0.00605576
0.00560323
0.005154
0.00471157
0.0042793
0.00386036
0.00345766
0.0030738
0.00271105
0.00237127
0.00205593
0.00176604
0.00150218
0.00126448
0.00105268
0.000866075
0.000703645
0.000564042
0.000445674
0.000346757
0.000265371
0.000199517
0.000147216
0.000106491
7.54083e-05
5.22199e-05
3.53958e-05
2.36215e-05
1.57866e-05
1.09411e-05
8.24545e-06
6.98124e-06
6.61182e-06
6.79834e-06
7.35594e-06
8.19963e-06
9.30712e-06
1.06991e-05
1.24318e-05
1.45978e-05
1.7336e-05
2.08508e-05
2.54459e-05
3.15783e-05
3.99717e-05
5.17924e-05
6.89962e-05
9.50445e-05
0.000136399
0.00020618
0.000333693
0.000595359
0.00127819
0.00403608
0.0111717
0.0112626
0.011346
0.0114187
0.0114765
0.0115158
0.0115335
0.0115268
0.0114933
0.0114311
0.011339
0.0112157
0.0110607
0.0108739
0.0106552
0.0104054
0.0101254
0.00981648
0.00948032
0.00911895
0.00873472
0.00833026
0.00790851
0.0074726
0.00702588
0.00657183
0.00611405
0.00565615
0.00520173
0.00475433
0.00431732
0.00389391
0.003487
0.00309924
0.00273289
0.00238984
0.00207153
0.001779
0.0015128
0.00127307
0.00105951
0.000871431
0.000707766
0.000567153
0.000447974
0.000348416
0.000266532
0.000200301
0.000147698
0.000106756
7.55275e-05
5.22495e-05
3.53776e-05
2.35865e-05
1.57568e-05
1.09288e-05
8.25281e-06
7.00407e-06
6.64492e-06
6.83843e-06
7.40171e-06
8.25098e-06
9.3646e-06
1.07637e-05
1.25048e-05
1.46809e-05
1.74311e-05
2.09603e-05
2.55724e-05
3.17249e-05
4.01405e-05
5.19828e-05
6.91999e-05
9.52312e-05
0.000136483
0.000205913
0.000332338
0.000590554
0.00126
0.00389505
0.0113703
0.011461
0.0115431
0.0116133
0.0116679
0.0117034
0.0117168
0.0117055
0.0116673
0.0116002
0.0115029
0.0113744
0.0112141
0.0110217
0.0107975
0.010542
0.0102561
0.00994118
0.00959893
0.00923138
0.00884089
0.00843013
0.00800203
0.00755978
0.00710674
0.00664645
0.00618251
0.00571858
0.00525831
0.00480526
0.00436284
0.00393426
0.0035225
0.0031302
0.00275964
0.00241272
0.0020909
0.0017952
0.0015262
0.001284
0.00106831
0.000878398
0.000713196
0.000571311
0.000451097
0.000350712
0.000268177
0.000201444
0.000148453
0.000107216
7.57841e-05
5.23733e-05
3.54226e-05
2.35931e-05
1.57541e-05
1.09345e-05
8.27286e-06
7.03662e-06
6.68643e-06
6.88667e-06
7.45603e-06
8.31173e-06
9.43272e-06
1.08405e-05
1.2592e-05
1.47806e-05
1.75461e-05
2.10937e-05
2.57283e-05
3.1908e-05
4.03557e-05
5.22335e-05
6.94842e-05
9.55298e-05
0.000136729
0.000205897
0.000331405
0.000586554
0.00124356
0.00376528
0.0115825
0.0116728
0.0117533
0.011821
0.0118723
0.011904
0.0119133
0.0118975
0.0118545
0.0117826
0.0116802
0.0115465
0.0113808
0.0111828
0.0109529
0.0106915
0.0103995
0.0100784
0.00972984
0.00935581
0.00895872
0.00854126
0.00810639
0.00765733
0.00719749
0.00673042
0.00625978
0.00578927
0.00532257
0.00486328
0.00441485
0.00398055
0.00356336
0.00316596
0.00279065
0.00243936
0.00211354
0.00181424
0.00154201
0.00129698
0.00107881
0.000886772
0.00071977
0.000576385
0.000454941
0.000353564
0.000270245
0.000202901
0.000149443
0.000107846
7.61614e-05
5.25801e-05
3.55232e-05
2.36364e-05
1.57755e-05
1.09563e-05
8.30405e-06
7.07765e-06
6.73524e-06
6.94197e-06
7.51775e-06
8.38061e-06
9.51001e-06
1.09279e-05
1.26915e-05
1.48948e-05
1.76783e-05
2.12479e-05
2.59094e-05
3.21225e-05
4.06107e-05
5.25358e-05
6.98375e-05
9.59241e-05
0.000137114
0.000206096
0.000330833
0.000583239
0.00122862
0.00364531
0.0118065
0.0118961
0.0119747
0.0120398
0.0120879
0.0121158
0.012121
0.0121008
0.0120531
0.0119763
0.0118689
0.0117299
0.0115588
0.0113553
0.0111195
0.0108521
0.010554
0.0102265
0.00987134
0.00949058
0.0090866
0.00866211
0.00822013
0.00776388
0.00729681
0.00682252
0.00634471
0.00586713
0.0053935
0.00492747
0.00447254
0.00403201
0.0036089
0.00320591
0.0028254
0.00246928
0.00213906
0.00183576
0.00155995
0.00131175
0.00109081
0.00089638
0.000727346
0.000582261
0.000459417
0.000356907
0.000272685
0.000204637
0.000150639
0.000108628
7.66452e-05
5.28603e-05
3.56732e-05
2.37122e-05
1.58183e-05
1.09922e-05
8.34508e-06
7.12613e-06
6.79041e-06
7.00339e-06
7.58587e-06
8.45653e-06
9.59526e-06
1.10244e-05
1.28016e-05
1.50215e-05
1.78253e-05
2.14199e-05
2.61125e-05
3.23642e-05
4.09001e-05
5.28828e-05
7.02504e-05
9.6401e-05
0.000137618
0.000206478
0.00033057
0.000580508
0.00121496
0.00353394
0.0120406
0.0121291
0.0122059
0.0122682
0.012313
0.0123372
0.0123382
0.0123136
0.0122614
0.0121797
0.0120673
0.0119231
0.0117465
0.0115373
0.0112957
0.0110222
0.0107178
0.0103838
0.010022
0.00963425
0.00922315
0.00879138
0.00834197
0.0078782
0.00740355
0.00692167
0.0064363
0.00595123
0.00547026
0.00499706
0.00453519
0.00408798
0.00365852
0.00324954
0.00286341
0.00250209
0.00216709
0.00185946
0.00157975
0.00132809
0.00110412
0.000907074
0.000735806
0.000588845
0.000464451
0.00036068
0.000275453
0.000206616
0.000152014
0.000109544
7.72235e-05
5.32057e-05
3.58672e-05
2.38171e-05
1.58801e-05
1.10408e-05
8.39484e-06
7.18116e-06
6.85116e-06
7.07016e-06
7.65957e-06
8.53857e-06
9.68741e-06
1.11288e-05
1.29209e-05
1.5159e-05
1.79852e-05
2.16074e-05
2.63344e-05
3.26294e-05
4.12193e-05
5.32684e-05
7.07148e-05
9.6949e-05
0.000138226
0.000207019
0.000330573
0.000578279
0.0012024
0.00343017
0.0122833
0.0123705
0.0124451
0.0125046
0.012546
0.0125665
0.0125634
0.0125345
0.0124776
0.0123912
0.0122737
0.0121243
0.0119424
0.0117276
0.0114801
0.0112005
0.0108897
0.0105491
0.0101804
0.00978556
0.00936715
0.00892788
0.0084708
0.00799924
0.00751672
0.00702693
0.00653366
0.00604077
0.00555208
0.00507134
0.00460215
0.0041479
0.00371172
0.00329638
0.00290428
0.00253743
0.00219733
0.00188506
0.00160119
0.00134582
0.00111859
0.000918724
0.000745043
0.000596051
0.000469975
0.000364835
0.000278511
0.000208812
0.000153547
0.000110577
7.7886e-05
5.36093e-05
3.61005e-05
2.39481e-05
1.59592e-05
1.11008e-05
8.45236e-06
7.24197e-06
6.91679e-06
7.14159e-06
7.73813e-06
8.62593e-06
9.78557e-06
1.12401e-05
1.30482e-05
1.5306e-05
1.81563e-05
2.18085e-05
2.65729e-05
3.29151e-05
4.15643e-05
5.36875e-05
7.12238e-05
9.75586e-05
0.000138922
0.000207696
0.000330804
0.000576483
0.0011908
0.00333317
0.0125333
0.0126188
0.0126911
0.0127477
0.0127857
0.0128024
0.0127953
0.012762
0.0127006
0.0126094
0.012487
0.0123324
0.0121451
0.0119246
0.0116713
0.0113856
0.0110684
0.0107211
0.0103454
0.00994338
0.00951752
0.00907058
0.00860565
0.00812608
0.00763544
0.00713748
0.00663604
0.00613501
0.0056383
0.0051497
0.00467288
0.00421127
0.00376804
0.00334603
0.00294767
0.00257498
0.00222952
0.00191235
0.00162407
0.00136477
0.00113409
0.000931216
0.000754967
0.000603809
0.000475934
0.000369326
0.000281824
0.0002112
0.00015522
0.000111713
7.86236e-05
5.40649e-05
3.63692e-05
2.41027e-05
1.60536e-05
1.11709e-05
8.51682e-06
7.30791e-06
6.98672e-06
7.21711e-06
7.82093e-06
8.71795e-06
9.88897e-06
1.13574e-05
1.31826e-05
1.54612e-05
1.83371e-05
2.20213e-05
2.68257e-05
3.32186e-05
4.19318e-05
5.41356e-05
7.17715e-05
9.82216e-05
0.000139696
0.000208491
0.000331233
0.000575059
0.00118003
0.00324222
0.0127892
0.0128729
0.0129426
0.0129962
0.0130307
0.0130436
0.0130324
0.0129949
0.012929
0.0128331
0.0127058
0.0125461
0.0123534
0.0121274
0.0118682
0.0115763
0.0112527
0.0108987
0.010516
0.0101067
0.00967329
0.00921856
0.00874562
0.00825787
0.00775893
0.00725258
0.00674272
0.00623333
0.00572834
0.00523161
0.00474688
0.00427763
0.00382709
0.00339813
0.00299324
0.00261447
0.0022634
0.00194112
0.00164821
0.00138479
0.00115048
0.000944451
0.000765495
0.000612051
0.000482276
0.000374114
0.000285364
0.000213757
0.000157018
0.000112938
7.94274e-05
5.45673e-05
3.66697e-05
2.42784e-05
1.61621e-05
1.12503e-05
8.58749e-06
7.37838e-06
7.06042e-06
7.29619e-06
7.90743e-06
8.81401e-06
9.99693e-06
1.148e-05
1.3323e-05
1.56235e-05
1.85265e-05
2.22443e-05
2.7091e-05
3.35375e-05
4.23189e-05
5.4609e-05
7.23526e-05
9.89307e-05
0.000140536
0.000209388
0.000331832
0.000573958
0.00116999
0.00315672
0.0130498
0.0131313
0.0131984
0.0132489
0.0132799
0.013289
0.0132738
0.013232
0.0131617
0.0130611
0.012929
0.0127643
0.0125663
0.0123347
0.0120697
0.0117717
0.0114417
0.011081
0.0106913
0.0102746
0.00983361
0.00937098
0.00888993
0.00839387
0.00788647
0.00737156
0.00685311
0.00633514
0.00582165
0.00531658
0.00482371
0.00434659
0.0038885
0.00345237
0.00304073
0.00265566
0.00229877
0.00197117
0.00167346
0.00140576
0.00116766
0.000958338
0.000776556
0.000620721
0.000488956
0.000379164
0.000289105
0.000216464
0.000158927
0.000114243
8.02883e-05
5.51118e-05
3.69989e-05
2.44735e-05
1.62833e-05
1.13379e-05
8.66371e-06
7.45287e-06
7.13742e-06
7.37838e-06
7.99714e-06
8.91357e-06
1.01088e-05
1.16071e-05
1.34687e-05
1.5792e-05
1.87232e-05
2.24762e-05
2.73671e-05
3.38698e-05
4.27227e-05
5.51041e-05
7.29627e-05
9.96796e-05
0.000141433
0.000210373
0.000332579
0.000573135
0.00116059
0.00307616
0.0133141
0.0133932
0.0134574
0.0135046
0.0135321
0.0135374
0.0135182
0.0134722
0.0133975
0.0132924
0.0131555
0.0129858
0.0127826
0.0125456
0.0122749
0.0119709
0.0116345
0.0112671
0.0108703
0.0104464
0.00999767
0.00952711
0.00903786
0.0085334
0.00801742
0.00749383
0.00696663
0.00643993
0.00591777
0.00540418
0.00490298
0.00441779
0.00395196
0.00350846
0.00308987
0.00269831
0.00233543
0.00200235
0.00169968
0.00142754
0.00118553
0.000972798
0.000788085
0.000629768
0.000495934
0.000384446
0.000293022
0.000219303
0.000160933
0.000115619
8.11998e-05
5.56926e-05
3.73542e-05
2.4686e-05
1.6416e-05
1.14331e-05
8.74492e-06
7.53091e-06
7.21732e-06
7.46326e-06
8.08963e-06
9.01617e-06
1.02242e-05
1.17381e-05
1.36189e-05
1.59658e-05
1.89262e-05
2.27157e-05
2.76525e-05
3.42136e-05
4.31412e-05
5.5618e-05
7.35977e-05
0.000100463
0.00014238
0.000211434
0.000333453
0.000572554
0.00115175
0.00300008
0.0135809
0.0136573
0.0137186
0.0137625
0.0137864
0.0137879
0.0137647
0.0137146
0.0136355
0.013526
0.0133845
0.0132099
0.0130016
0.0127592
0.0124828
0.0121729
0.0118302
0.0114561
0.0110524
0.0106211
0.0101648
0.00968625
0.00918877
0.00867584
0.00815121
0.00761884
0.00708279
0.00654722
0.00601627
0.005494
0.00498431
0.0044909
0.00401717
0.00356614
0.00314044
0.00274224
0.00237321
0.0020345
0.00172674
0.00145004
0.001204
0.000987758
0.000800022
0.000639144
0.000503172
0.000389932
0.000297095
0.00022226
0.000163025
0.000117057
8.21563e-05
5.63053e-05
3.77321e-05
2.49144e-05
1.65592e-05
1.15351e-05
8.83059e-06
7.6121e-06
7.29975e-06
7.55048e-06
8.18451e-06
9.12138e-06
1.03424e-05
1.18725e-05
1.37731e-05
1.61443e-05
1.91348e-05
2.29618e-05
2.79459e-05
3.45673e-05
4.35722e-05
5.61481e-05
7.4254e-05
0.000101275
0.000143369
0.000212559
0.000334436
0.000572182
0.00114341
0.00292809
0.0138492
0.0139228
0.013981
0.0140214
0.0140417
0.0140395
0.0140123
0.0139581
0.0138749
0.013761
0.0136149
0.0134356
0.0132224
0.0129747
0.0126928
0.0123769
0.0120281
0.0116475
0.0112368
0.0107982
0.0103342
0.00984778
0.00934206
0.00882064
0.00828732
0.0077461
0.00720112
0.0066566
0.00611675
0.00558568
0.00506739
0.00456563
0.00408386
0.00362516
0.00319222
0.00278725
0.00241195
0.00206749
0.00175453
0.00147317
0.001223
0.00100315
0.000812316
0.000648807
0.000510639
0.000395595
0.000301303
0.000225318
0.000165192
0.000118551
8.31525e-05
5.69463e-05
3.81299e-05
2.51567e-05
1.67118e-05
1.16432e-05
8.92025e-06
7.69605e-06
7.38435e-06
7.6397e-06
8.28143e-06
9.2288e-06
1.04632e-05
1.20097e-05
1.39305e-05
1.63266e-05
1.93479e-05
2.32135e-05
2.82462e-05
3.49295e-05
4.40137e-05
5.66918e-05
7.49285e-05
0.000102113
0.000144394
0.00021374
0.000335514
0.000571991
0.00113551
0.00285986
0.0141182
0.0141887
0.0142436
0.0142806
0.0142973
0.0142913
0.0142603
0.0142021
0.0141148
0.0139966
0.0138461
0.0136622
0.0134441
0.0131914
0.012904
0.0125824
0.0122274
0.0118404
0.0114229
0.0109771
0.0105055
0.0100111
0.0094972
0.00896729
0.00842526
0.00787517
0.00732121
0.00676768
0.00621884
0.00567891
0.00515192
0.00464171
0.0041518
0.00368533
0.00324504
0.00283319
0.00245151
0.00210121
0.00178294
0.00149682
0.00124245
0.00101892
0.000824918
0.000658719
0.000518303
0.000401412
0.00030563
0.000228466
0.000167426
0.000120093
8.41835e-05
5.76122e-05
3.85454e-05
2.54112e-05
1.68728e-05
1.17568e-05
9.01343e-06
7.78241e-06
7.47084e-06
7.73061e-06
8.38006e-06
9.33808e-06
1.0586e-05
1.21494e-05
1.40908e-05
1.65122e-05
1.9565e-05
2.34698e-05
2.85521e-05
3.52987e-05
4.44641e-05
5.7247e-05
7.56182e-05
0.000102971
0.000145449
0.000214968
0.000336671
0.000571956
0.00112801
0.00279509
0.0143869
0.0144542
0.0145057
0.0145392
0.0145523
0.0145425
0.0145077
0.0144456
0.0143543
0.0142321
0.0140773
0.0138889
0.0136661
0.0134084
0.0131158
0.0127886
0.0124276
0.0120342
0.01161
0.0111571
0.010678
0.0101758
0.0096537
0.00911532
0.00856459
0.00800562
0.00744267
0.00688009
0.00632223
0.00577337
0.00523763
0.00471889
0.00422076
0.00374644
0.00329872
0.0028799
0.00249176
0.00213552
0.00181187
0.00152093
0.00126228
0.00103501
0.000837784
0.000668845
0.000526138
0.000407363
0.00031006
0.000231691
0.000169718
0.000121677
8.52451e-05
5.83e-05
3.89764e-05
2.56766e-05
1.7041e-05
1.18751e-05
9.10967e-06
7.87084e-06
7.5589e-06
7.82294e-06
8.48012e-06
9.44888e-06
1.07106e-05
1.2291e-05
1.42533e-05
1.67005e-05
1.97852e-05
2.373e-05
2.88627e-05
3.56737e-05
4.49219e-05
5.78116e-05
7.63204e-05
0.000103847
0.000146529
0.000216234
0.000337896
0.000572054
0.00112086
0.00273352
0.0146546
0.0147184
0.0147665
0.0147964
0.0148059
0.0147925
0.0147539
0.0146881
0.0145929
0.0144667
0.0143078
0.0141151
0.0138878
0.0136253
0.0133275
0.0129949
0.0126281
0.0122285
0.0117977
0.0113377
0.0108513
0.0103413
0.00981109
0.00926431
0.00870492
0.00813709
0.00756515
0.00699352
0.00642662
0.0058688
0.00532425
0.00479695
0.00429054
0.00380831
0.00335309
0.00292724
0.00253257
0.00217034
0.00184125
0.00154541
0.00128243
0.00105137
0.000850873
0.000679153
0.000534118
0.000413427
0.000314577
0.000234983
0.000172059
0.000123297
8.63332e-05
5.90069e-05
3.9421e-05
2.59514e-05
1.72157e-05
1.19977e-05
9.20855e-06
7.96102e-06
7.64828e-06
7.91641e-06
8.58131e-06
9.56092e-06
1.08365e-05
1.24341e-05
1.44177e-05
1.6891e-05
2.0008e-05
2.39933e-05
2.91771e-05
3.60534e-05
4.53856e-05
5.83839e-05
7.70328e-05
0.000104737
0.000147629
0.000217533
0.000339178
0.000572267
0.00111404
0.00267492
0.0149204
0.0149807
0.0150253
0.0150516
0.0150574
0.0150404
0.0149982
0.0149287
0.0148298
0.0146998
0.0145369
0.0143401
0.0141084
0.0138413
0.0135386
0.0132007
0.0128283
0.0124226
0.0119854
0.0115186
0.0110249
0.0105072
0.00996897
0.00941385
0.00884586
0.00826922
0.00768833
0.00710766
0.00653173
0.00596494
0.00541158
0.00487567
0.00436096
0.00387077
0.00340802
0.00297509
0.00257384
0.00220557
0.00187098
0.00157021
0.00130285
0.00106796
0.000864149
0.000689612
0.000542219
0.000419588
0.000319169
0.000238331
0.000174442
0.000124949
8.7444e-05
5.97303e-05
3.98774e-05
2.62346e-05
1.7396e-05
1.21238e-05
9.30969e-06
8.05265e-06
7.73872e-06
8.01079e-06
8.68339e-06
9.6739e-06
1.09635e-05
1.25785e-05
1.45834e-05
1.70831e-05
2.02328e-05
2.4259e-05
2.94945e-05
3.64367e-05
4.58539e-05
5.8962e-05
7.7753e-05
0.000105638
0.000148746
0.000218858
0.000340506
0.000572578
0.0011075
0.00261909
0.0151838
0.0152404
0.0152813
0.015304
0.0153063
0.0152857
0.01524
0.015167
0.0150645
0.0149308
0.0147642
0.0145635
0.0143276
0.0140561
0.0137487
0.0134057
0.0130278
0.0126162
0.0121726
0.0116991
0.0111983
0.0106731
0.0101269
0.0095636
0.00898709
0.0084017
0.0078119
0.00722225
0.0066373
0.00606156
0.00549938
0.00495488
0.00443184
0.00393368
0.00346336
0.00302332
0.00261547
0.00224112
0.001901
0.00159526
0.00132348
0.00108473
0.000877577
0.000700196
0.000550421
0.000425827
0.000323822
0.000241726
0.000176861
0.000126626
8.85741e-05
6.04679e-05
4.03441e-05
2.65249e-05
1.75811e-05
1.2253e-05
9.41273e-06
8.14548e-06
7.82998e-06
8.10584e-06
8.78611e-06
9.78756e-06
1.10913e-05
1.27238e-05
1.47503e-05
1.72765e-05
2.04591e-05
2.45264e-05
2.98139e-05
3.68227e-05
4.63255e-05
5.95446e-05
7.84792e-05
0.000106547
0.000149875
0.000220203
0.000341873
0.000572972
0.00110122
0.00256583
0.015444
0.0154968
0.0155341
0.0155531
0.0155519
0.0155279
0.0154787
0.0154023
0.0152964
0.0151592
0.0149891
0.0147846
0.0145448
0.014269
0.0139571
0.0136092
0.013226
0.0128088
0.0123591
0.011879
0.0113712
0.0108386
0.0102847
0.00971321
0.00912828
0.00853424
0.00793561
0.00733701
0.0067431
0.00615845
0.00558748
0.00503438
0.00450303
0.0039969
0.003519
0.00307184
0.00265736
0.00227691
0.00193123
0.0016205
0.00134429
0.00110164
0.000891125
0.00071088
0.000558704
0.000432131
0.000328524
0.000245159
0.000179308
0.000128326
8.97204e-05
6.12174e-05
4.08195e-05
2.68215e-05
1.77705e-05
1.23849e-05
9.51735e-06
8.23923e-06
7.92185e-06
8.20135e-06
8.88925e-06
9.90165e-06
1.12195e-05
1.28696e-05
1.49177e-05
1.74706e-05
2.06862e-05
2.47949e-05
3.01348e-05
3.72104e-05
4.67993e-05
6.013e-05
7.92092e-05
0.000107461
0.000151013
0.000221563
0.000343269
0.000573436
0.00109518
0.002515
0.0157005
0.0157493
0.0157829
0.0157984
0.0157936
0.0157663
0.0157139
0.0156342
0.0155251
0.0153846
0.015211
0.015003
0.0147595
0.0144797
0.0141634
0.0138109
0.0134227
0.0129999
0.0125443
0.0120579
0.0115432
0.0110034
0.0104419
0.00986239
0.00926916
0.00866656
0.00805919
0.00745173
0.00684892
0.0062554
0.00567568
0.00511403
0.00457438
0.00406028
0.00357482
0.00312054
0.00269942
0.00231286
0.00196162
0.00164588
0.00136521
0.00111866
0.000904765
0.00072164
0.000567048
0.000438484
0.000333266
0.000248622
0.000181779
0.000130043
9.08799e-05
6.19767e-05
4.13022e-05
2.71233e-05
1.79634e-05
1.2519e-05
9.62324e-06
8.33369e-06
8.01412e-06
8.29712e-06
8.9926e-06
1.00159e-05
1.1348e-05
1.30157e-05
1.50854e-05
1.7665e-05
2.09138e-05
2.5064e-05
3.04563e-05
3.7599e-05
4.72742e-05
6.07169e-05
7.99414e-05
0.000108379
0.000152157
0.000222934
0.000344689
0.000573957
0.00108936
0.00246644
0.0159527
0.0159976
0.0160274
0.0160393
0.0160311
0.0160004
0.0159449
0.0158621
0.01575
0.0156064
0.0154297
0.0152184
0.0149713
0.0146877
0.0143674
0.0140104
0.0136173
0.0131893
0.012728
0.0122354
0.0117141
0.0111672
0.0105982
0.0100109
0.00940945
0.00879842
0.00818241
0.00756619
0.00695455
0.00635224
0.00576383
0.00519367
0.00464576
0.00412373
0.00363071
0.00316932
0.00274158
0.00234891
0.0019921
0.00167134
0.00138622
0.00113575
0.000918468
0.000732454
0.000575437
0.000444873
0.000338037
0.000252108
0.000184266
0.000131773
9.20497e-05
6.2744e-05
4.17909e-05
2.74295e-05
1.81593e-05
1.2655e-05
9.73012e-06
8.42862e-06
8.10658e-06
8.39296e-06
9.09595e-06
1.01302e-05
1.14764e-05
1.31617e-05
1.52532e-05
1.78595e-05
2.11414e-05
2.53331e-05
3.07779e-05
3.79876e-05
4.77493e-05
6.13041e-05
8.06741e-05
0.000109298
0.000153302
0.00022431
0.000346124
0.000574525
0.00108374
0.00242003
0.0162002
0.016241
0.016267
0.0162754
0.0162638
0.01623
0.0161714
0.0160858
0.0159707
0.0158243
0.0156446
0.0154302
0.0151799
0.0148928
0.0145686
0.0142073
0.0138096
0.0133766
0.0129097
0.0124111
0.0118834
0.0113297
0.0107533
0.0101583
0.00954891
0.00892958
0.00830506
0.00768018
0.00705982
0.0064488
0.00585177
0.00527315
0.00471704
0.00418711
0.00368658
0.00321811
0.00278376
0.00238499
0.00202262
0.00169686
0.00140727
0.00115289
0.000932211
0.000743302
0.000583855
0.000451286
0.000342826
0.000255609
0.000186766
0.000133513
9.32272e-05
6.35175e-05
4.22844e-05
2.77392e-05
1.83577e-05
1.27924e-05
9.83774e-06
8.52383e-06
8.19907e-06
8.48868e-06
9.19911e-06
1.02442e-05
1.16045e-05
1.33074e-05
1.54205e-05
1.80535e-05
2.13685e-05
2.56016e-05
3.10989e-05
3.83755e-05
4.82235e-05
6.18902e-05
8.14056e-05
0.000110216
0.000154448
0.000225689
0.00034757
0.000575132
0.00107831
0.00237564
0.0164426
0.0164792
0.0165015
0.0165062
0.0164914
0.0164546
0.0163931
0.0163047
0.016187
0.0160379
0.0158555
0.0156382
0.0153848
0.0150944
0.0147666
0.0144014
0.0139993
0.0135614
0.0130893
0.012585
0.012051
0.0114906
0.0109071
0.0103046
0.00968731
0.00905982
0.00842692
0.0077935
0.00716453
0.00654489
0.00593933
0.00535234
0.00478809
0.00425033
0.00374233
0.00326681
0.00282589
0.00242105
0.00205313
0.00172237
0.00142833
0.00117003
0.000945967
0.000754164
0.000592286
0.000457711
0.000347626
0.000259119
0.000189274
0.00013526
9.441e-05
6.42954e-05
4.27815e-05
2.80518e-05
1.85579e-05
1.29309e-05
9.94583e-06
8.61912e-06
8.2914e-06
8.58412e-06
9.3019e-06
1.03578e-05
1.17321e-05
1.34525e-05
1.55872e-05
1.82468e-05
2.15948e-05
2.58692e-05
3.14187e-05
3.8762e-05
4.8696e-05
6.24743e-05
8.21347e-05
0.000111131
0.00015559
0.000227065
0.00034902
0.000575768
0.00107306
0.00233317
0.0166795
0.0167118
0.0167303
0.0167315
0.0167136
0.0166738
0.0166096
0.0165186
0.0163984
0.0162469
0.016062
0.0158421
0.0155859
0.0152925
0.0149613
0.0145923
0.0141861
0.0137437
0.0132664
0.0127566
0.0122166
0.0116497
0.0110593
0.0104494
0.00982441
0.00918892
0.00854777
0.00790596
0.00726849
0.00664035
0.00602635
0.00543108
0.00485877
0.00431324
0.00379784
0.00331533
0.00286788
0.00245701
0.00208359
0.00174785
0.00144937
0.00118717
0.000959717
0.000765023
0.000600717
0.000464137
0.000352427
0.000262631
0.000191784
0.000137009
9.55958e-05
6.50761e-05
4.32812e-05
2.83664e-05
1.87596e-05
1.30701e-05
1.00542e-05
8.71429e-06
8.38341e-06
8.6791e-06
9.40414e-06
1.04708e-05
1.1859e-05
1.35969e-05
1.5753e-05
1.8439e-05
2.18198e-05
2.61352e-05
3.17367e-05
3.91464e-05
4.91658e-05
6.30552e-05
8.28598e-05
0.000112041
0.000156727
0.000228437
0.00035047
0.000576426
0.00106796
0.00229252
0.0169105
0.0169385
0.0169531
0.0169509
0.0169299
0.0168873
0.0168206
0.0167273
0.0166048
0.0164511
0.0162639
0.0160416
0.0157829
0.0154866
0.0151523
0.0147799
0.0143697
0.0139229
0.0134409
0.0129257
0.0123799
0.0118067
0.0112095
0.0105925
0.00995999
0.00931666
0.00866743
0.00801735
0.00737153
0.00673501
0.00611269
0.00550923
0.00492896
0.00437575
0.00385302
0.00336358
0.00290966
0.0024928
0.00211391
0.00177323
0.00147035
0.00120426
0.000973438
0.000775862
0.000609133
0.000470553
0.000357222
0.000266139
0.000194292
0.000138758
9.67823e-05
6.58581e-05
4.37823e-05
2.86824e-05
1.89623e-05
1.32099e-05
1.01625e-05
8.80919e-06
8.47494e-06
8.77347e-06
9.50566e-06
1.05829e-05
1.1985e-05
1.37401e-05
1.59175e-05
1.86298e-05
2.20432e-05
2.63994e-05
3.20524e-05
3.95279e-05
4.96323e-05
6.36318e-05
8.35796e-05
0.000112945
0.000157856
0.0002298
0.000351916
0.000577101
0.00106303
0.0022536
0.0171354
0.017159
0.0171698
0.0171642
0.0171402
0.0170949
0.0170259
0.0169304
0.0168059
0.0166501
0.0164609
0.0162365
0.0159754
0.0156766
0.0153394
0.0149637
0.01455
0.014099
0.0136123
0.013092
0.0125407
0.0119614
0.0113577
0.0107337
0.0100938
0.00944285
0.0087857
0.00812752
0.00747348
0.00682871
0.0061982
0.00558667
0.00499853
0.00443774
0.00390776
0.00341147
0.00295114
0.00252835
0.00214404
0.00179847
0.00149122
0.00122129
0.000987111
0.000786665
0.000617523
0.000476949
0.000362003
0.000269638
0.000196795
0.000140503
9.79674e-05
6.664e-05
4.42841e-05
2.89991e-05
1.91655e-05
1.33498e-05
1.02707e-05
8.90363e-06
8.56584e-06
8.86708e-06
9.60631e-06
1.06941e-05
1.21099e-05
1.38821e-05
1.60806e-05
1.88189e-05
2.22645e-05
2.66611e-05
3.23653e-05
3.99061e-05
5.00946e-05
6.42032e-05
8.42929e-05
0.00011384
0.000158975
0.000231152
0.000353353
0.000577785
0.00105824
0.00221633
0.0173539
0.017373
0.01738
0.0173711
0.0173442
0.0172965
0.0172252
0.0171277
0.0170014
0.0168438
0.0166528
0.0164265
0.0161634
0.0158622
0.0155224
0.0151437
0.0147265
0.0142717
0.0137806
0.0132555
0.0126987
0.0121136
0.0115035
0.0108728
0.0102258
0.00956732
0.00890242
0.00823629
0.00757419
0.00692132
0.00628274
0.00566327
0.00506738
0.00449911
0.00396197
0.00345892
0.00299225
0.00256361
0.00217394
0.00182352
0.00151194
0.0012382
0.00100071
0.000797417
0.000625873
0.000483316
0.000366763
0.000273121
0.000199287
0.000142243
9.91493e-05
6.74205e-05
4.47855e-05
2.9316e-05
1.93689e-05
1.34897e-05
1.03785e-05
8.99746e-06
8.65597e-06
8.95978e-06
9.70593e-06
1.08041e-05
1.22334e-05
1.40226e-05
1.6242e-05
1.9006e-05
2.24836e-05
2.69202e-05
3.26749e-05
4.02803e-05
5.0552e-05
6.47686e-05
8.49986e-05
0.000114726
0.000160082
0.00023249
0.000354777
0.000578474
0.00105358
0.00218065
0.0175656
0.0175803
0.0175835
0.0175714
0.0175417
0.0174916
0.0174184
0.0173191
0.0171911
0.017032
0.0168395
0.0166115
0.0163465
0.0160433
0.0157011
0.0153196
0.0148992
0.0144407
0.0139456
0.0134158
0.0128539
0.012263
0.0116469
0.0110096
0.0103556
0.00968988
0.00901741
0.00834352
0.00767352
0.0070127
0.0063662
0.00573893
0.00513541
0.00455977
0.00401559
0.00350586
0.00303295
0.00259852
0.00220355
0.00184834
0.00153249
0.00125498
0.00101421
0.000808105
0.000634174
0.000489645
0.000371495
0.000276585
0.000201766
0.000143974
0.000100326
6.81982e-05
4.52857e-05
2.96324e-05
1.95721e-05
1.36292e-05
1.04858e-05
9.09052e-06
8.74517e-06
9.05144e-06
9.80437e-06
1.09127e-05
1.23555e-05
1.41614e-05
1.64014e-05
1.91908e-05
2.27e-05
2.7176e-05
3.29807e-05
4.06498e-05
5.10037e-05
6.53269e-05
8.56954e-05
0.000115601
0.000161175
0.000233811
0.000356185
0.000579163
0.00104907
0.00214647
0.0177704
0.0177806
0.0177801
0.0177648
0.0177326
0.0176803
0.0176052
0.0175043
0.0173749
0.0172145
0.0170206
0.0167912
0.0165247
0.0162196
0.0158752
0.0154913
0.0150679
0.014606
0.014107
0.0135727
0.0130059
0.0124097
0.0117876
0.011144
0.0104833
0.00981039
0.00913054
0.00844905
0.00777133
0.00710272
0.00644846
0.00581352
0.00520252
0.00461963
0.00406851
0.00355222
0.00307315
0.00263302
0.00223283
0.00187289
0.00155282
0.00127159
0.00102758
0.000818703
0.000642413
0.000495927
0.000376191
0.000280024
0.000204227
0.000145693
0.000101495
6.89719e-05
4.57838e-05
2.99479e-05
1.97747e-05
1.37681e-05
1.05922e-05
9.18267e-06
8.83333e-06
9.14191e-06
9.90149e-06
1.10199e-05
1.24758e-05
1.42982e-05
1.65586e-05
1.93731e-05
2.29134e-05
2.74284e-05
3.32823e-05
4.10143e-05
5.14491e-05
6.58774e-05
8.63824e-05
0.000116463
0.000162252
0.000235114
0.000357573
0.000579849
0.00104468
0.00211375
0.0179681
0.0179739
0.0179697
0.0179514
0.0179167
0.0178624
0.0177856
0.0176833
0.0175527
0.0173912
0.0171962
0.0169656
0.0166977
0.016391
0.0160447
0.0156585
0.0152324
0.0147674
0.0142646
0.0137262
0.0131547
0.0125532
0.0119255
0.0112757
0.0106084
0.00992869
0.00924166
0.00855277
0.00786749
0.00719127
0.00652941
0.00588696
0.00526861
0.00467861
0.00412068
0.00359793
0.00311281
0.00266706
0.00226174
0.00189714
0.00157291
0.001288
0.00104081
0.000829188
0.000650581
0.000502154
0.000380847
0.000283432
0.000206668
0.000147399
0.000102656
6.97404e-05
4.62791e-05
3.02619e-05
1.99764e-05
1.39062e-05
1.06978e-05
9.27377e-06
8.92031e-06
9.23108e-06
9.99715e-06
1.11254e-05
1.25944e-05
1.4433e-05
1.67134e-05
1.95526e-05
2.31235e-05
2.76768e-05
3.35792e-05
4.1373e-05
5.18876e-05
6.64192e-05
8.70585e-05
0.000117311
0.000163312
0.000236395
0.00035894
0.000580527
0.00104042
0.00208242
0.0181585
0.01816
0.0181522
0.018131
0.0180939
0.0180377
0.0179594
0.0178559
0.0177243
0.0175619
0.017366
0.0171345
0.0168654
0.0165574
0.0162094
0.0158211
0.0153926
0.0149246
0.0144184
0.013876
0.0133001
0.0126936
0.0120604
0.0114047
0.0107311
0.0100446
0.00935063
0.00865453
0.00796189
0.00727824
0.00660895
0.00595914
0.0053336
0.00473663
0.00417202
0.00364293
0.00315186
0.00270061
0.00229023
0.00192105
0.00159272
0.0013042
0.00105386
0.000839545
0.000658661
0.000508317
0.000385454
0.000286807
0.000209084
0.000149088
0.000103807
7.05027e-05
4.67709e-05
3.05739e-05
2.01768e-05
1.40433e-05
1.08023e-05
9.36369e-06
9.00599e-06
9.31881e-06
1.00912e-05
1.12292e-05
1.27109e-05
1.45654e-05
1.68655e-05
1.9729e-05
2.333e-05
2.7921e-05
3.38711e-05
4.17257e-05
5.23185e-05
6.69516e-05
8.77227e-05
0.000118145
0.000164353
0.000237653
0.000360281
0.000581195
0.00103628
0.00205243
0.0183416
0.0183388
0.0183275
0.0183034
0.0182641
0.0182062
0.0181266
0.0180221
0.0178897
0.0177266
0.01753
0.0172977
0.0170278
0.0167186
0.0163692
0.0159791
0.0155483
0.0150776
0.0145682
0.0140221
0.0134419
0.0128307
0.0121922
0.0115308
0.0108511
0.0101581
0.00945734
0.00875423
0.00805442
0.00736352
0.00668697
0.00602999
0.0053974
0.00479361
0.00422245
0.00368716
0.00319026
0.0027336
0.00231826
0.00194459
0.00161224
0.00132016
0.00106673
0.000849759
0.000666635
0.000514411
0.000390009
0.000290142
0.000211473
0.000150759
0.000104945
7.12575e-05
4.72583e-05
3.08834e-05
2.03756e-05
1.4179e-05
1.09055e-05
9.4523e-06
9.09025e-06
9.40499e-06
1.01836e-05
1.1331e-05
1.28252e-05
1.46954e-05
1.70148e-05
1.99021e-05
2.35327e-05
2.81606e-05
3.41574e-05
4.20716e-05
5.27412e-05
6.74738e-05
8.83741e-05
0.000118962
0.000165373
0.000238886
0.000361596
0.00058185
0.00103226
0.00202373
0.0185174
0.0185102
0.0184955
0.0184688
0.0184273
0.0183679
0.0182871
0.0181818
0.0180488
0.0178851
0.0176881
0.0174553
0.0171846
0.0168746
0.0165239
0.0161322
0.0156994
0.0152262
0.0147138
0.0141642
0.01358
0.0129642
0.0123208
0.0116539
0.0109682
0.010269
0.00956167
0.00885175
0.00814497
0.00744701
0.00676339
0.0060994
0.00545995
0.00484949
0.00427193
0.00373056
0.00322796
0.002766
0.0023458
0.00196772
0.00163142
0.00133586
0.00107939
0.000859816
0.000674489
0.000520426
0.000394504
0.000293434
0.000213832
0.000152409
0.00010607
7.20039e-05
4.77407e-05
3.119e-05
2.05726e-05
1.43133e-05
1.10074e-05
9.53946e-06
9.17298e-06
9.48951e-06
1.02741e-05
1.14308e-05
1.29372e-05
1.48228e-05
1.71611e-05
2.00717e-05
2.37312e-05
2.83954e-05
3.44379e-05
4.24105e-05
5.31552e-05
6.79852e-05
8.90119e-05
0.000119762
0.000166371
0.000240091
0.00036288
0.000582489
0.00102836
0.00199628
0.0186856
0.0186743
0.0186562
0.0186269
0.0185835
0.0185226
0.0184409
0.0183349
0.0182015
0.0180375
0.0178402
0.0176071
0.017336
0.0170252
0.0166736
0.0162805
0.0158459
0.0153704
0.0148552
0.0143023
0.0137143
0.0130942
0.012446
0.0117738
0.0110825
0.0103772
0.0096635
0.00894699
0.00823344
0.00752862
0.00683812
0.0061673
0.00552115
0.00490419
0.00432039
0.00377309
0.00326491
0.00279777
0.00237281
0.00199042
0.00165026
0.00135128
0.00109184
0.000869701
0.000682213
0.000526352
0.000398933
0.000296678
0.000216157
0.000154036
0.00010718
7.27409e-05
4.82175e-05
3.14933e-05
2.07674e-05
1.4446e-05
1.11077e-05
9.62508e-06
9.25406e-06
9.57224e-06
1.03626e-05
1.15284e-05
1.30468e-05
1.49473e-05
1.73041e-05
2.02376e-05
2.39253e-05
2.86249e-05
3.47122e-05
4.27418e-05
5.35599e-05
6.84851e-05
8.96352e-05
0.000120543
0.000167346
0.000241268
0.000364134
0.000583111
0.00102458
0.00197004
0.0188465
0.018831
0.0188097
0.0187779
0.0187327
0.0186705
0.0185879
0.0184814
0.0183478
0.0181837
0.0179864
0.0177531
0.0174817
0.0171704
0.016818
0.0164237
0.0159875
0.01551
0.0149923
0.0144363
0.0138447
0.0132205
0.0125677
0.0118905
0.0111937
0.0104826
0.00976274
0.00903984
0.00831974
0.00760826
0.00691108
0.00623362
0.00558095
0.00495766
0.00436777
0.00381468
0.00330107
0.00282887
0.00239926
0.00201266
0.00166872
0.0013664
0.00110404
0.000879402
0.000689797
0.000532177
0.000403292
0.000299871
0.000218445
0.000155638
0.000108274
7.34675e-05
4.8688e-05
3.17927e-05
2.09598e-05
1.45767e-05
1.12063e-05
9.70902e-06
9.3334e-06
9.6531e-06
1.04491e-05
1.16237e-05
1.31537e-05
1.50689e-05
1.74438e-05
2.03995e-05
2.41148e-05
2.88489e-05
3.49799e-05
4.30651e-05
5.39549e-05
6.89728e-05
9.02432e-05
0.000121305
0.000168297
0.000242415
0.000365353
0.000583714
0.00102092
0.00194497
0.019
0.0189804
0.0189559
0.0189217
0.0188748
0.0188115
0.0187282
0.0186214
0.0184877
0.0183237
0.0181264
0.0178932
0.0176218
0.0173102
0.0169571
0.0165619
0.0161243
0.0156449
0.0151249
0.0145661
0.0139711
0.013343
0.0126858
0.0120038
0.0113018
0.0105851
0.00985929
0.00913022
0.00840378
0.00768585
0.00698218
0.00629829
0.00563928
0.00500983
0.00441402
0.0038553
0.00333638
0.00285926
0.00242512
0.00203441
0.00168678
0.0013812
0.00111599
0.000888907
0.000697232
0.000537891
0.000407577
0.000303009
0.000220695
0.000157214
0.00010935
7.41829e-05
4.91517e-05
3.20881e-05
2.11495e-05
1.47055e-05
1.13031e-05
9.79118e-06
9.41089e-06
9.73196e-06
1.05334e-05
1.17165e-05
1.32579e-05
1.51873e-05
1.75798e-05
2.05572e-05
2.42994e-05
2.90672e-05
3.52406e-05
4.33801e-05
5.43395e-05
6.94477e-05
9.08351e-05
0.000122047
0.000169222
0.00024353
0.000366538
0.000584295
0.00101736
0.00192104
0.0191461
0.0191225
0.0190949
0.0190584
0.0190099
0.0189456
0.0188618
0.0187548
0.0186212
0.0184574
0.0182605
0.0180275
0.0177561
0.0174444
0.017091
0.0166949
0.0162562
0.0157751
0.0152529
0.0146915
0.0140933
0.0134617
0.0128003
0.0121136
0.0114066
0.0106845
0.00995305
0.00921804
0.00848547
0.0077613
0.00705136
0.00636122
0.00569608
0.00506065
0.00445909
0.00389489
0.00337082
0.0028889
0.00245036
0.00205564
0.00170442
0.00139566
0.00112768
0.000898204
0.000704508
0.000543485
0.000411782
0.000306088
0.000222902
0.00015876
0.000110407
7.48862e-05
4.96079e-05
3.23789e-05
2.13363e-05
1.48321e-05
1.1398e-05
9.87147e-06
9.48643e-06
9.80874e-06
1.06154e-05
1.18068e-05
1.33592e-05
1.53025e-05
1.7712e-05
2.07105e-05
2.44789e-05
2.92794e-05
3.54941e-05
4.36862e-05
5.47134e-05
6.99092e-05
9.14102e-05
0.000122768
0.000170119
0.000244612
0.000367686
0.000584855
0.00101393
0.0018982
0.0192849
0.0192574
0.0192268
0.0191881
0.0191381
0.0190729
0.0189887
0.0188818
0.0187483
0.018585
0.0183885
0.0181559
0.0178848
0.0175731
0.0172194
0.0168228
0.016383
0.0159005
0.0153764
0.0148125
0.0142114
0.0135763
0.012911
0.01222
0.0115081
0.0107809
0.0100439
0.00930321
0.00856473
0.00783455
0.00711854
0.00642236
0.00575127
0.00511006
0.00450292
0.00393341
0.00340434
0.00291777
0.00247494
0.00207633
0.00172161
0.00140976
0.00113908
0.000907281
0.000711616
0.000548952
0.000415901
0.000309103
0.000225065
0.000160276
0.000111443
7.55765e-05
5.00561e-05
3.26648e-05
2.15199e-05
1.49562e-05
1.14909e-05
9.94977e-06
9.55993e-06
9.88334e-06
1.0695e-05
1.18945e-05
1.34575e-05
1.54142e-05
1.78403e-05
2.08593e-05
2.4653e-05
2.94852e-05
3.574e-05
4.39832e-05
5.5076e-05
7.03568e-05
9.19679e-05
0.000123466
0.000170989
0.000245659
0.000368795
0.000585391
0.00101061
0.00187644
0.0194164
0.0193851
0.0193516
0.0193108
0.0192595
0.0191935
0.0191091
0.0190022
0.0188691
0.0187063
0.0185104
0.0182784
0.0180077
0.0176963
0.0173425
0.0169455
0.0165049
0.0160211
0.0154952
0.0149291
0.0143253
0.0136869
0.0130179
0.0123227
0.0116063
0.0108741
0.0101319
0.00938565
0.0086415
0.00790551
0.00718366
0.00648165
0.00580482
0.00515801
0.00454548
0.00397082
0.00343691
0.00294583
0.00249885
0.00209646
0.00173835
0.00142349
0.00115018
0.000916128
0.000718547
0.000554287
0.000419927
0.000312051
0.000227181
0.00016176
0.000112459
7.62531e-05
5.04958e-05
3.29454e-05
2.17001e-05
1.50779e-05
1.15816e-05
1.0026e-05
9.6313e-06
9.95566e-06
1.07722e-05
1.19793e-05
1.35527e-05
1.55224e-05
1.79646e-05
2.10033e-05
2.48216e-05
2.96845e-05
3.59781e-05
4.42707e-05
5.5427e-05
7.07899e-05
9.25073e-05
0.000124141
0.00017183
0.000246671
0.000369865
0.000585904
0.0010074
0.00185571
0.0195408
0.0195058
0.0194694
0.0194266
0.019374
0.0193075
0.0192228
0.0191162
0.0189837
0.0188215
0.0186264
0.018395
0.0181249
0.0178139
0.0174602
0.0170629
0.0166216
0.0161367
0.0156093
0.0150411
0.0144347
0.0137933
0.0131208
0.0124217
0.0117009
0.010964
0.0102168
0.0094653
0.00871569
0.00797413
0.00724665
0.00653903
0.00585666
0.00520444
0.00458671
0.00400709
0.00346849
0.00297304
0.00252205
0.002116
0.00175461
0.00143684
0.00116098
0.000924734
0.000725294
0.000559483
0.000423854
0.000314929
0.000229247
0.00016321
0.000113451
7.69152e-05
5.09265e-05
3.32205e-05
2.18767e-05
1.51969e-05
1.167e-05
1.01e-05
9.70046e-06
1.00256e-05
1.08467e-05
1.20613e-05
1.36446e-05
1.56269e-05
1.80846e-05
2.11424e-05
2.49845e-05
2.9877e-05
3.6208e-05
4.45482e-05
5.57658e-05
7.1208e-05
9.3028e-05
0.000124793
0.000172641
0.000247646
0.000370894
0.000586391
0.00100431
0.00183601
0.0196582
0.0196195
0.0195803
0.0195357
0.0194819
0.0194148
0.0193302
0.0192239
0.019092
0.0189306
0.0187363
0.0185058
0.0182364
0.0179258
0.0175724
0.017175
0.0167332
0.0162474
0.0157186
0.0151486
0.0145398
0.0138956
0.0132198
0.0125169
0.011792
0.0110506
0.0102986
0.00954208
0.00878724
0.00804033
0.00730745
0.00659444
0.00590674
0.00524932
0.00462657
0.00404216
0.00349905
0.00299939
0.00254451
0.00213493
0.00177036
0.00144978
0.00117146
0.00093309
0.000731849
0.000564535
0.000427676
0.000317733
0.000231261
0.000164624
0.00011442
7.75621e-05
5.13476e-05
3.34897e-05
2.20494e-05
1.53131e-05
1.1756e-05
1.01718e-05
9.76732e-06
1.00932e-05
1.09186e-05
1.21403e-05
1.37332e-05
1.57275e-05
1.82002e-05
2.12765e-05
2.51413e-05
3.00624e-05
3.64295e-05
4.48156e-05
5.60922e-05
7.16106e-05
9.35293e-05
0.00012542
0.000173421
0.000248583
0.000371882
0.000586853
0.00100134
0.00181729
0.0197687
0.0197263
0.0196845
0.0196381
0.0195833
0.0195157
0.0194311
0.0193253
0.0191941
0.0190337
0.0188403
0.0186108
0.0183422
0.0180323
0.0176792
0.0172818
0.0168397
0.0163531
0.0158231
0.0152513
0.0146404
0.0139936
0.0133147
0.0126083
0.0118795
0.0111338
0.0103773
0.00961591
0.00885609
0.00810407
0.00736601
0.00664782
0.00595501
0.0052926
0.00466502
0.00407601
0.00352856
0.00302484
0.00256622
0.00215324
0.00178561
0.00146231
0.00118161
0.000941186
0.000738204
0.000569436
0.000431387
0.000320461
0.000233221
0.000166001
0.000115364
7.81929e-05
5.17588e-05
3.37528e-05
2.22182e-05
1.54264e-05
1.18395e-05
1.02413e-05
9.8318e-06
1.01582e-05
1.09878e-05
1.22163e-05
1.38184e-05
1.58243e-05
1.83113e-05
2.14052e-05
2.52921e-05
3.02406e-05
3.66423e-05
4.50725e-05
5.64057e-05
7.19973e-05
9.40106e-05
0.000126022
0.00017417
0.000249481
0.000372826
0.00058729
0.00099848
0.00179955
0.0198724
0.0198264
0.019782
0.0197339
0.0196781
0.0196102
0.0195258
0.0194205
0.0192902
0.0191307
0.0189384
0.0187099
0.0184423
0.0181331
0.0177805
0.0173833
0.016941
0.0164538
0.0159227
0.0153494
0.0147365
0.0140872
0.0134054
0.0126957
0.0119632
0.0112136
0.0104527
0.00968675
0.00892216
0.00816527
0.00742227
0.00669913
0.00600142
0.00533423
0.00470203
0.00410861
0.00355698
0.00304937
0.00258716
0.00217089
0.00180032
0.0014744
0.00119141
0.000949014
0.000744352
0.000574182
0.000434984
0.00032311
0.000235125
0.000167339
0.000116283
7.88072e-05
5.21595e-05
3.40093e-05
2.23827e-05
1.55366e-05
1.19205e-05
1.03083e-05
9.89384e-06
1.02206e-05
1.10541e-05
1.22891e-05
1.39e-05
1.5917e-05
1.84177e-05
2.15286e-05
2.54365e-05
3.04113e-05
3.68461e-05
4.53186e-05
5.6706e-05
7.23677e-05
9.44715e-05
0.000126598
0.000174886
0.000250339
0.000373727
0.0005877
0.000995741
0.00178275
0.0199693
0.01992
0.0198731
0.0198233
0.0197667
0.0196985
0.0196143
0.0195097
0.0193802
0.0192218
0.0190307
0.0188033
0.0185367
0.0182284
0.0178764
0.0174794
0.017037
0.0165493
0.0160173
0.0154427
0.014828
0.0141765
0.013492
0.0127792
0.0120432
0.0112898
0.0105248
0.00975452
0.00898542
0.00822388
0.00747617
0.00674831
0.00604594
0.00537418
0.00473756
0.00413991
0.00358429
0.00307294
0.00260729
0.00218789
0.00181448
0.00148605
0.00120087
0.000956565
0.000750287
0.000578766
0.000438459
0.000325678
0.000236971
0.000168637
0.000117174
7.94042e-05
5.25494e-05
3.42591e-05
2.25428e-05
1.56436e-05
1.19988e-05
1.03728e-05
9.95335e-06
1.02803e-05
1.11175e-05
1.23587e-05
1.39779e-05
1.60055e-05
1.85194e-05
2.16465e-05
2.55744e-05
3.05743e-05
3.70408e-05
4.55535e-05
5.69927e-05
7.27212e-05
9.49113e-05
0.000127148
0.000175569
0.000251157
0.000374584
0.000588084
0.000993121
0.00176688
0.0200598
0.020007
0.0199577
0.0199065
0.019849
0.0197806
0.0196968
0.0195928
0.0194643
0.0193071
0.0191172
0.018891
0.0186255
0.0183181
0.0179668
0.0175702
0.0171279
0.0166398
0.016107
0.0155312
0.0149149
0.0142613
0.0135743
0.0128586
0.0121194
0.0113624
0.0105935
0.00981917
0.00904579
0.00827985
0.00752767
0.00679532
0.00608851
0.0054124
0.00477157
0.00416989
0.00361045
0.00309555
0.0026266
0.0022042
0.00182809
0.00149725
0.00120995
0.00096383
0.000756002
0.000583184
0.000441811
0.000328161
0.000238755
0.000169894
0.000118038
7.99832e-05
5.29281e-05
3.45019e-05
2.26984e-05
1.57473e-05
1.20743e-05
1.04348e-05
1.00103e-05
1.03373e-05
1.11779e-05
1.24249e-05
1.40521e-05
1.60898e-05
1.86161e-05
2.17587e-05
2.57057e-05
3.07295e-05
3.72261e-05
4.57772e-05
5.72655e-05
7.30575e-05
9.53297e-05
0.000127671
0.000176218
0.000251934
0.000375395
0.000588441
0.00099062
0.00175192
0.0201438
0.0200878
0.0200362
0.0199835
0.0199252
0.0198568
0.0197733
0.0196701
0.0195426
0.0193866
0.0191979
0.0189731
0.0187087
0.0184023
0.0180517
0.0176557
0.0172134
0.0167252
0.0161918
0.0156149
0.0149971
0.0143416
0.0136523
0.012934
0.0121917
0.0114313
0.0106588
0.00988064
0.00910323
0.00833312
0.00757671
0.00684012
0.00612909
0.00544886
0.00480402
0.00419851
0.00363545
0.00311716
0.00264507
0.00221981
0.00184112
0.00150798
0.00121867
0.000970804
0.000761492
0.000587432
0.000445035
0.000330555
0.000240478
0.000171107
0.000118873
8.05438e-05
5.32951e-05
3.47374e-05
2.28493e-05
1.58475e-05
1.2147e-05
1.04941e-05
1.00646e-05
1.03915e-05
1.12352e-05
1.24878e-05
1.41225e-05
1.61697e-05
1.87079e-05
2.1865e-05
2.58302e-05
3.08766e-05
3.74017e-05
4.59891e-05
5.75241e-05
7.33763e-05
9.57261e-05
0.000128166
0.000176832
0.000252668
0.000376161
0.000588772
0.00098824
0.00173785
0.0202215
0.0201624
0.0201085
0.0200544
0.0199956
0.019927
0.0198439
0.0197415
0.0196151
0.0194604
0.019273
0.0190495
0.0187864
0.018481
0.0181313
0.0177358
0.0172938
0.0168054
0.0162715
0.0156937
0.0150746
0.0144174
0.013726
0.0130052
0.0122601
0.0114966
0.0107207
0.00993888
0.00915768
0.00838366
0.00762326
0.00688266
0.00616766
0.00548351
0.0048349
0.00422576
0.00365926
0.00313775
0.00266269
0.0022347
0.00185356
0.00151824
0.001227
0.000977478
0.000766751
0.000591504
0.00044813
0.000332858
0.000242136
0.000172276
0.000119679
8.10854e-05
5.36502e-05
3.49655e-05
2.29952e-05
1.59443e-05
1.22168e-05
1.05508e-05
1.01161e-05
1.04429e-05
1.12894e-05
1.25472e-05
1.4189e-05
1.62452e-05
1.87945e-05
2.19654e-05
2.59477e-05
3.10155e-05
3.75676e-05
4.61893e-05
5.77682e-05
7.36772e-05
9.61001e-05
0.000128633
0.000177411
0.000253359
0.000376879
0.000589077
0.000985981
0.00172466
0.020293
0.0202309
0.0201749
0.0201195
0.0200601
0.0199915
0.0199089
0.0198073
0.019682
0.0195285
0.0193425
0.0191203
0.0188585
0.0185542
0.0182054
0.0178105
0.0173689
0.0168804
0.0163462
0.0157676
0.0151474
0.0144886
0.0137953
0.0130722
0.0123245
0.0115581
0.010779
0.00999383
0.00920909
0.0084314
0.00766727
0.00692291
0.00620416
0.00551634
0.00486416
0.0042516
0.00368186
0.0031573
0.00267943
0.00224886
0.00186539
0.001528
0.00123495
0.000983845
0.000771772
0.000595397
0.000451092
0.000335066
0.000243727
0.0001734
0.000120454
8.16074e-05
5.39929e-05
3.51858e-05
2.31362e-05
1.60374e-05
1.22836e-05
1.06046e-05
1.01649e-05
1.04913e-05
1.13405e-05
1.2603e-05
1.42515e-05
1.63161e-05
1.88759e-05
2.20598e-05
2.60581e-05
3.1146e-05
3.77234e-05
4.63773e-05
5.79976e-05
7.39598e-05
9.64514e-05
0.000129071
0.000177954
0.000254007
0.000377551
0.000589355
0.000983845
0.00171232
0.0203585
0.0202935
0.0202355
0.0201789
0.0201189
0.0200503
0.0199682
0.0198675
0.0197433
0.0195911
0.0194065
0.0191856
0.0189251
0.018622
0.0182741
0.0178799
0.0174386
0.0169503
0.0164157
0.0158366
0.0152153
0.0145551
0.0138601
0.0131349
0.0123849
0.0116158
0.0108338
0.0100455
0.00925742
0.00847632
0.00770869
0.00696082
0.00623856
0.0055473
0.00489178
0.004276
0.00370321
0.0031758
0.00269527
0.00226228
0.00187662
0.00153727
0.0012425
0.0009899
0.000776553
0.000599107
0.000453918
0.000337176
0.00024525
0.000174477
0.000121199
8.21094e-05
5.4323e-05
3.53982e-05
2.32721e-05
1.61268e-05
1.23474e-05
1.06557e-05
1.02109e-05
1.05367e-05
1.13883e-05
1.26553e-05
1.43099e-05
1.63825e-05
1.89521e-05
2.2148e-05
2.61614e-05
3.1268e-05
3.78691e-05
4.6553e-05
5.82119e-05
7.42238e-05
9.67795e-05
0.000129481
0.000178461
0.000254612
0.000378176
0.000589606
0.000981833
0.00170084
0.0204182
0.0203504
0.0202904
0.0202326
0.0201721
0.0201037
0.0200221
0.0199222
0.0197992
0.0196482
0.019465
0.0192455
0.0189862
0.0186843
0.0183374
0.0179439
0.0175031
0.017015
0.0164802
0.0159006
0.0152784
0.014617
0.0139204
0.0131934
0.0124411
0.0116696
0.0108849
0.0100937
0.00930262
0.00851836
0.0077475
0.00699635
0.00627084
0.00557637
0.00491772
0.00429895
0.00372331
0.00319322
0.00271021
0.00227494
0.00188722
0.00154604
0.00124964
0.000995636
0.000781087
0.00060263
0.000456606
0.000339187
0.000246704
0.000175507
0.000121912
8.25909e-05
5.46402e-05
3.56026e-05
2.34026e-05
1.62125e-05
1.2408e-05
1.07039e-05
1.0254e-05
1.05792e-05
1.14328e-05
1.27039e-05
1.43642e-05
1.64441e-05
1.90228e-05
2.223e-05
2.62573e-05
3.13813e-05
3.80044e-05
4.67163e-05
5.84109e-05
7.4469e-05
9.70842e-05
0.000129861
0.000178931
0.000255171
0.000378752
0.000589831
0.000979946
0.0016902
0.020472
0.0204015
0.0203397
0.0202809
0.02022
0.0201516
0.0200705
0.0199716
0.0198496
0.0196999
0.019518
0.0192999
0.0190419
0.0187412
0.0183953
0.0180026
0.0175623
0.0170744
0.0165396
0.0159595
0.0153366
0.0146742
0.0139762
0.0132475
0.0124933
0.0117195
0.0109324
0.0101385
0.00934466
0.00855749
0.00778364
0.00702948
0.00630096
0.00560352
0.00494198
0.00432042
0.00374213
0.00320954
0.00272422
0.00228683
0.00189719
0.00155428
0.00125637
0.00100105
0.00078537
0.000605963
0.000459153
0.000341096
0.000248086
0.000176488
0.000122592
8.30515e-05
5.49443e-05
3.57987e-05
2.35278e-05
1.62943e-05
1.24655e-05
1.07491e-05
1.02942e-05
1.06185e-05
1.1474e-05
1.27487e-05
1.44143e-05
1.65009e-05
1.9088e-05
2.23056e-05
2.63458e-05
3.14859e-05
3.81292e-05
4.68669e-05
5.85945e-05
7.46951e-05
9.7365e-05
0.000130211
0.000179364
0.000255686
0.00037928
0.00059003
0.000978184
0.00168037
0.0205201
0.0204472
0.0203837
0.0203238
0.0202625
0.0201943
0.0201137
0.0200156
0.0198948
0.0197463
0.0195658
0.0193489
0.0190923
0.0187927
0.0184478
0.0180559
0.0176162
0.0171286
0.0165938
0.0160134
0.0153899
0.0147266
0.0140274
0.0132972
0.0125413
0.0117655
0.0109761
0.0101799
0.00938348
0.00859366
0.00781709
0.00706016
0.00632888
0.00562871
0.00496451
0.00434038
0.00375965
0.00322476
0.0027373
0.00229794
0.00190651
0.00156201
0.00126268
0.00100613
0.000789399
0.000609103
0.000461556
0.000342901
0.000249396
0.000177419
0.000123239
8.34908e-05
5.52348e-05
3.59863e-05
2.36475e-05
1.63721e-05
1.25197e-05
1.07915e-05
1.03315e-05
1.06548e-05
1.15118e-05
1.27898e-05
1.44602e-05
1.65529e-05
1.91477e-05
2.23748e-05
2.64267e-05
3.15815e-05
3.82433e-05
4.70046e-05
5.87624e-05
7.49019e-05
9.76217e-05
0.000130531
0.00017976
0.000256155
0.00037976
0.000590203
0.000976549
0.00167137
0.0205627
0.0204874
0.0204223
0.0203616
0.0202999
0.0202318
0.0201518
0.0200545
0.0199347
0.0197874
0.0196082
0.0193926
0.0191372
0.0188388
0.0184949
0.0181039
0.0176648
0.0171775
0.0166428
0.0160623
0.0154383
0.0147742
0.014074
0.0133425
0.012585
0.0118074
0.0110161
0.0102178
0.00941905
0.00862683
0.0078478
0.00708837
0.00635458
0.00565193
0.0049853
0.00435883
0.00377585
0.00323886
0.00274943
0.00230826
0.00191518
0.0015692
0.00126857
0.00101088
0.00079317
0.000612047
0.000463814
0.000344601
0.000250632
0.0001783
0.000123853
8.39085e-05
5.55117e-05
3.61654e-05
2.37616e-05
1.64459e-05
1.25707e-05
1.08308e-05
1.03658e-05
1.06879e-05
1.15461e-05
1.28271e-05
1.45018e-05
1.66001e-05
1.92018e-05
2.24374e-05
2.65e-05
3.16682e-05
3.83467e-05
4.71293e-05
5.89144e-05
7.5089e-05
9.78541e-05
0.00013082
0.000180117
0.000256578
0.00038019
0.00059035
0.000975041
0.00166316
0.0205998
0.0205224
0.0204557
0.0203942
0.0203322
0.0202642
0.0201847
0.0200882
0.0199694
0.0198233
0.0196453
0.019431
0.0191768
0.0188795
0.0185366
0.0181465
0.017708
0.0172211
0.0166866
0.016106
0.0154817
0.014817
0.0141159
0.0133833
0.0126245
0.0118454
0.0110523
0.0102521
0.00945133
0.00865699
0.00787575
0.00711408
0.00637803
0.00567315
0.00500432
0.00437573
0.00379073
0.00325181
0.00276059
0.00231777
0.00192319
0.00157586
0.00127403
0.00101529
0.000796678
0.000614792
0.000465924
0.000346194
0.000251793
0.00017913
0.000124433
8.43041e-05
5.57747e-05
3.63358e-05
2.38701e-05
1.65157e-05
1.26184e-05
1.08671e-05
1.0397e-05
1.07178e-05
1.1577e-05
1.28606e-05
1.4539e-05
1.66423e-05
1.92501e-05
2.24935e-05
2.65656e-05
3.17457e-05
3.84392e-05
4.72408e-05
5.90504e-05
7.52564e-05
9.80618e-05
0.000131079
0.000180436
0.000256955
0.000380571
0.000590471
0.000973662
0.00165575
0.0206315
0.0205521
0.0204841
0.0204217
0.0203595
0.0202917
0.0202126
0.0201169
0.0199991
0.0198541
0.0196772
0.0194642
0.0192111
0.0189149
0.018573
0.0181837
0.0177459
0.0172595
0.0167252
0.0161445
0.01552
0.0148549
0.0141531
0.0134196
0.0126596
0.0118792
0.0110847
0.0102828
0.00948028
0.00868408
0.0079009
0.00713725
0.00639921
0.00569234
0.00502156
0.00439107
0.00380425
0.00326362
0.00277078
0.00232647
0.00193053
0.00158197
0.00127905
0.00101936
0.000799923
0.000617337
0.000467885
0.000347677
0.000252879
0.000179908
0.000124979
8.46775e-05
5.60236e-05
3.64973e-05
2.39728e-05
1.65814e-05
1.26628e-05
1.09003e-05
1.04252e-05
1.07445e-05
1.16044e-05
1.28901e-05
1.45718e-05
1.66794e-05
1.92928e-05
2.25429e-05
2.66234e-05
3.1814e-05
3.85207e-05
4.73391e-05
5.91702e-05
7.54038e-05
9.82446e-05
0.000131306
0.000180716
0.000257285
0.000380903
0.000590566
0.000972411
0.00164913
0.020658
0.0205767
0.0205075
0.0204444
0.0203819
0.0203142
0.0202357
0.0201406
0.0200237
0.0198797
0.019704
0.019492
0.0192401
0.0189449
0.018604
0.0182155
0.0177783
0.0172924
0.0167584
0.0161779
0.0155533
0.0148878
0.0141856
0.0134513
0.0126904
0.0119089
0.0111132
0.0103099
0.00950587
0.00870807
0.00792323
0.00715787
0.00641809
0.00570948
0.005037
0.00440484
0.00381642
0.00327426
0.00277999
0.00233436
0.0019372
0.00158754
0.00128364
0.00102308
0.0008029
0.000619678
0.000469695
0.000349051
0.000253887
0.000180633
0.00012549
8.50284e-05
5.62583e-05
3.66499e-05
2.40697e-05
1.66429e-05
1.27037e-05
1.09304e-05
1.04503e-05
1.0768e-05
1.16283e-05
1.29158e-05
1.46003e-05
1.67116e-05
1.93296e-05
2.25856e-05
2.66733e-05
3.1873e-05
3.85911e-05
4.7424e-05
5.92736e-05
7.55311e-05
9.84024e-05
0.000131502
0.000180957
0.000257569
0.000381185
0.000590637
0.000971291
0.0016433
0.0206792
0.0205963
0.0205259
0.0204623
0.0203995
0.020332
0.0202538
0.0201594
0.0200433
0.0199003
0.0197256
0.0195147
0.0192638
0.0189696
0.0186296
0.0182418
0.0178054
0.01732
0.0167864
0.0162061
0.0155815
0.0149158
0.0142132
0.0134784
0.0127168
0.0119345
0.0111377
0.0103333
0.00952807
0.00872894
0.00794271
0.0071759
0.00643465
0.00572456
0.00505061
0.00441702
0.00382721
0.00328373
0.00278821
0.00234141
0.00194318
0.00159255
0.00128778
0.00102646
0.000805607
0.000621815
0.000471353
0.000350314
0.000254818
0.000181306
0.000125966
8.53566e-05
5.64787e-05
3.67935e-05
2.41607e-05
1.67002e-05
1.27412e-05
1.09574e-05
1.04723e-05
1.07882e-05
1.16486e-05
1.29374e-05
1.46242e-05
1.67386e-05
1.93606e-05
2.26215e-05
2.67153e-05
3.19226e-05
3.86504e-05
4.74955e-05
5.93606e-05
7.56381e-05
9.85349e-05
0.000131667
0.000181159
0.000257805
0.000381418
0.000590682
0.0009703
0.00163823
0.0206953
0.020611
0.0205396
0.0204753
0.0204124
0.020345
0.0202672
0.0201734
0.020058
0.0199158
0.019742
0.0195321
0.0192821
0.0189889
0.0186497
0.0182628
0.017827
0.0173422
0.016809
0.016229
0.0156045
0.0149388
0.014236
0.0135009
0.0127388
0.0119558
0.0111583
0.010353
0.00954683
0.00874665
0.0079593
0.00719132
0.00644886
0.00573756
0.00506239
0.0044276
0.00383662
0.00329201
0.00279543
0.00234763
0.00194848
0.001597
0.00129148
0.00102948
0.000808043
0.000623746
0.000472857
0.000351466
0.000255671
0.000181926
0.000126406
8.56619e-05
5.66845e-05
3.6928e-05
2.42458e-05
1.67533e-05
1.27754e-05
1.09813e-05
1.04912e-05
1.08051e-05
1.16653e-05
1.29551e-05
1.46437e-05
1.67606e-05
1.93857e-05
2.26506e-05
2.67493e-05
3.19628e-05
3.86983e-05
4.75533e-05
5.94311e-05
7.57246e-05
9.86421e-05
0.0001318
0.000181322
0.000257995
0.0003816
0.000590701
0.000969441
0.00163394
0.0207063
0.0206207
0.0205485
0.0204837
0.0204206
0.0203533
0.0202758
0.0201825
0.0200677
0.0199263
0.0197533
0.0195442
0.0192952
0.0190028
0.0186644
0.0182783
0.0178432
0.0173589
0.0168262
0.0162465
0.0156223
0.0149567
0.0142539
0.0135186
0.0127563
0.0119729
0.0111749
0.010369
0.00956213
0.00876117
0.00797298
0.0072041
0.00646071
0.00574845
0.00507231
0.00443656
0.00384463
0.0032991
0.00280164
0.00235301
0.00195308
0.0016009
0.00129472
0.00103215
0.000810206
0.000625469
0.000474206
0.000352504
0.000256445
0.000182491
0.00012681
8.59441e-05
5.68758e-05
3.70533e-05
2.43249e-05
1.68021e-05
1.2806e-05
1.1002e-05
1.05069e-05
1.08187e-05
1.16785e-05
1.29688e-05
1.46587e-05
1.67774e-05
1.9405e-05
2.26728e-05
2.67754e-05
3.19935e-05
3.8735e-05
4.75975e-05
5.94848e-05
7.57907e-05
9.87238e-05
0.000131901
0.000181445
0.000258136
0.000381732
0.000590696
0.000968713
0.00163041
0.0207123
0.0206256
0.0205527
0.0204875
0.0204242
0.0203569
0.0202797
0.0201868
0.0200726
0.0199318
0.0197595
0.0195512
0.0193029
0.0190113
0.0186737
0.0182882
0.0178538
0.0173702
0.016838
0.0162587
0.0156349
0.0149696
0.0142669
0.0135317
0.0127693
0.0119858
0.0111875
0.0103813
0.00957394
0.00877248
0.00798372
0.00721423
0.00647018
0.00575722
0.00508037
0.00444389
0.00385123
0.00330499
0.00280684
0.00235754
0.00195699
0.00160423
0.00129752
0.00103447
0.000812094
0.000626984
0.000475401
0.00035343
0.000257141
0.000183004
0.000127179
8.62033e-05
5.70525e-05
3.71695e-05
2.43981e-05
1.68467e-05
1.28332e-05
1.10196e-05
1.05195e-05
1.0829e-05
1.1688e-05
1.29785e-05
1.46691e-05
1.67891e-05
1.94182e-05
2.26881e-05
2.67933e-05
3.20147e-05
3.87603e-05
4.7628e-05
5.95219e-05
7.58361e-05
9.87798e-05
0.00013197
0.000181528
0.00025823
0.000381813
0.000590666
0.000968116
0.00162765
0.0207132
0.0206257
0.0205522
0.0204866
0.0204232
0.0203559
0.0202789
0.0201863
0.0200725
0.0199322
0.0197605
0.0195528
0.0193052
0.0190143
0.0186774
0.0182926
0.0178589
0.0173759
0.0168443
0.0162655
0.0156421
0.0149772
0.0142749
0.0135399
0.0127777
0.0119942
0.011196
0.0103897
0.00958222
0.00878055
0.00799151
0.00722168
0.00647725
0.00576386
0.00508654
0.00444958
0.00385642
0.00330967
0.00281102
0.00236123
0.00196021
0.00160699
0.00129986
0.00103643
0.000813708
0.000628291
0.000476441
0.000354243
0.000257757
0.000183462
0.000127513
8.64394e-05
5.72146e-05
3.72764e-05
2.44653e-05
1.6887e-05
1.2857e-05
1.1034e-05
1.0529e-05
1.0836e-05
1.16939e-05
1.29841e-05
1.4675e-05
1.67955e-05
1.94255e-05
2.26966e-05
2.68031e-05
3.20263e-05
3.87741e-05
4.76446e-05
5.95421e-05
7.58608e-05
9.881e-05
0.000132006
0.000181572
0.000258276
0.000381845
0.000590611
0.000967651
0.00162564
0.0207092
0.020621
0.020547
0.0204811
0.0204175
0.0203503
0.0202733
0.0201809
0.0200675
0.0199276
0.0197563
0.0195492
0.0193021
0.0190118
0.0186755
0.0182914
0.0178583
0.0173759
0.0168449
0.0162668
0.015644
0.0149797
0.0142778
0.0135433
0.0127815
0.0119983
0.0112004
0.0103943
0.00958694
0.00878534
0.00799631
0.00722644
0.00648189
0.00576835
0.00509083
0.00445362
0.00386019
0.00331315
0.00281418
0.00236407
0.00196272
0.00160919
0.00130176
0.00103803
0.000815048
0.000629391
0.000477327
0.000354943
0.000258296
0.000183868
0.000127811
8.6653e-05
5.73625e-05
3.73745e-05
2.45267e-05
1.69231e-05
1.28773e-05
1.10453e-05
1.05353e-05
1.08396e-05
1.16961e-05
1.29857e-05
1.46763e-05
1.67967e-05
1.94268e-05
2.2698e-05
2.68048e-05
3.20283e-05
3.87765e-05
4.76474e-05
5.95454e-05
7.58647e-05
9.88143e-05
0.000132011
0.000181575
0.000258274
0.000381825
0.00059053
0.000967318
0.00162439
0.0207
0.0206115
0.020537
0.0204709
0.0204072
0.0203398
0.0202629
0.0201706
0.0200573
0.0199177
0.0197468
0.01954
0.0192934
0.0190036
0.0186679
0.0182843
0.0178519
0.0173702
0.0168399
0.0162625
0.0156404
0.0149767
0.0142756
0.0135417
0.0127805
0.011998
0.0112006
0.0103949
0.00958804
0.00878682
0.0079981
0.00722847
0.0064841
0.00577068
0.00509322
0.00445602
0.00386255
0.00331542
0.00281632
0.00236607
0.00196455
0.00161083
0.00130321
0.00103929
0.000816123
0.00063029
0.000478065
0.000355536
0.00025876
0.000184223
0.000128077
8.68456e-05
5.74973e-05
3.74643e-05
2.45827e-05
1.69553e-05
1.28943e-05
1.10534e-05
1.05384e-05
1.08399e-05
1.16947e-05
1.29831e-05
1.46729e-05
1.67926e-05
1.9422e-05
2.26924e-05
2.67982e-05
3.20205e-05
3.87671e-05
4.76361e-05
5.95315e-05
7.58472e-05
9.87922e-05
0.000131982
0.000181537
0.000258223
0.000381753
0.000590422
0.000967116
0.0016239
)
;

boundaryField
{
    farLeft
    {
        type            symmetryPlane;
    }
    flatBed
    {
        type            epsilonWallFunction;
        blending        stepwise;
        value           nonuniform List<scalar> 
240
(
2.00624e-06
2.01586e-06
2.01769e-06
2.01726e-06
2.01513e-06
2.01137e-06
2.00605e-06
1.99906e-06
1.99036e-06
1.97976e-06
1.96714e-06
1.9523e-06
1.9351e-06
1.91536e-06
1.89299e-06
1.86789e-06
1.84017e-06
1.80999e-06
1.77789e-06
1.74475e-06
1.71212e-06
1.68249e-06
1.65987e-06
1.65037e-06
1.66311e-06
1.71088e-06
1.81071e-06
1.98371e-06
2.255e-06
2.6537e-06
3.21399e-06
3.97672e-06
4.99172e-06
6.31987e-06
8.03581e-06
1.02302e-05
1.30132e-05
1.65174e-05
2.09025e-05
2.63593e-05
3.31161e-05
4.1444e-05
5.16653e-05
6.41607e-05
7.93801e-05
9.78525e-05
0.000120206
0.000147209
0.000179674
0.000218531
0.000264903
0.000320064
0.000385473
0.000462781
0.000553862
0.000660813
0.000785981
0.00093196
0.00110158
0.00129823
0.00152526
0.00179075
0.00209551
0.00244472
0.00284341
0.00329699
0.00381131
0.00439253
0.0050472
0.00578215
0.00660454
0.00752178
0.00854152
0.00967164
0.0109201
0.0122952
0.013805
0.0154578
0.0172618
0.0192254
0.0213567
0.0236637
0.0261545
0.0288369
0.0317186
0.0348074
0.0381109
0.0416368
0.0453926
0.0493862
0.0536256
0.058119
0.0628753
0.0679035
0.0732135
0.078816
0.0847224
0.0909452
0.0974982
0.104396
0.111655
0.119292
0.127328
0.135782
0.144676
0.154035
0.163884
0.174249
0.185159
0.196644
0.208733
0.221459
0.234854
0.248951
0.263783
0.279382
0.295781
0.31301
0.3311
0.350077
0.369967
0.39079
0.412563
0.435299
0.459004
0.483676
0.509308
0.535879
0.563362
0.591715
0.620882
0.650791
0.68135
0.712448
0.743945
0.775677
0.807442
0.839001
0.870072
0.900318
0.929344
0.95669
0.981819
1.00412
1.02289
1.03738
1.04679
1.05029
1.04717
1.03979
1.03038
1.01879
1.00656
0.996736
0.993266
0.999232
1.01297
1.02309
1.00744
0.960783
1.08291
1.58309
2.27608
3.06786
3.85747
4.56104
5.14521
5.4962
5.62202
5.55442
5.33684
5.01377
4.62461
4.20128
3.768
3.3421
2.93535
2.55526
2.20609
1.88966
1.60587
1.35379
1.13156
0.937964
0.771107
0.628803
0.508786
0.408803
0.32673
0.260332
0.207488
0.16616
0.134401
0.110444
0.0926089
0.0795039
0.0699831
0.0631415
0.0582867
0.0549002
0.0525988
0.0511011
0.0502008
0.0497461
0.0496245
0.0497521
0.0500654
0.0505159
0.051066
0.0516861
0.0523525
0.0530462
0.0537511
0.0544542
0.055144
0.0558111
0.0564474
0.0570474
0.05761
0.0581453
0.0586528
0.0591018
0.0594881
0.0598078
0.0600567
0.0602307
0.0603259
0.0603381
0.0602624
0.0600934
0.0598243
0.0594459
0.0589448
0.0583006
0.0574814
0.0564331
0.0550328
0.052987
0.0498543
0.0451358
)
;
    }
    slope
    {
        type            epsilonWallFunction;
        blending        stepwise;
        value           nonuniform List<scalar> 
80
(
0.040425
0.0457604
0.0507521
0.055003
0.0586264
0.0618205
0.0645824
0.0668486
0.0686939
0.0701537
0.071246
0.0719812
0.0723657
0.0724052
0.0721048
0.0714711
0.0705122
0.0692386
0.0676632
0.0658017
0.0636727
0.0612978
0.0587009
0.055909
0.052951
0.0498581
0.0466625
0.043398
0.0400985
0.0367977
0.0335289
0.0303236
0.0272117
0.0242203
0.0213736
0.018692
0.0161924
0.0138873
0.0117851
0.00988993
0.00820186
0.00671697
0.00542775
0.00432576
0.00340348
0.00263546
0.00200668
0.00150051
0.00110035
0.000790257
0.000554996
0.000380762
0.000255414
0.000168397
0.000110729
7.48532e-05
5.44197e-05
4.4249e-05
4.05082e-05
4.07442e-05
4.35782e-05
4.83709e-05
5.48892e-05
6.324e-05
7.37321e-05
8.68888e-05
0.000103667
0.000125541
0.000153513
0.000191844
0.000244908
0.000321355
0.000432644
0.000607469
0.000894917
0.00140092
0.00238626
0.00459295
0.0103267
0.0505222
)
;
    }
    top
    {
        type            symmetryPlane;
    }
    frontAndBack
    {
        type            empty;
    }
    defaultFaces
    {
        type            empty;
    }
}


// ************************************************************************* //
