/*--------------------------------*- C++ -*----------------------------------*\
| =========                 |                                                 |
| \\      /  F ield         | OpenFOAM: The Open Source CFD Toolbox           |
|  \\    /   O peration     | Version:  2206                                  |
|   \\  /    A nd           | Website:  www.openfoam.com                      |
|    \\/     M anipulation  |                                                 |
\*---------------------------------------------------------------------------*/
FoamFile
{
    version     2.0;
    format      ascii;
    arch        "LSB;label=32;scalar=64";
    class       volScalarField;
    location    "2900";
    object      epsilon;
}
// * * * * * * * * * * * * * * * * * * * * * * * * * * * * * * * * * * * * * //

dimensions      [0 2 -3 0 0 0 0];

internalField   nonuniform List<scalar> 
25600
(
0.00186242
0.00187349
0.00188967
0.00191225
0.00194163
0.00197768
0.00202077
0.00207084
0.00212828
0.00219309
0.0022657
0.00234609
0.00243471
0.00253156
0.00263705
0.00275118
0.00287435
0.00300655
0.00314818
0.00329919
0.00345997
0.00363049
0.00381113
0.00400184
0.00420301
0.0044146
0.004637
0.00487018
0.00511457
0.00537015
0.00563735
0.0059162
0.00620717
0.00651031
0.00682613
0.00715472
0.00749664
0.00785202
0.00822148
0.00860521
0.00900389
0.00941774
0.00984753
0.0102936
0.0107567
0.0112372
0.0117361
0.0122537
0.0127912
0.013349
0.0139282
0.0145296
0.0151542
0.0158028
0.0164768
0.0171771
0.017905
0.0186616
0.0194486
0.020267
0.0211186
0.0220048
0.0229275
0.0238882
0.0248891
0.0259318
0.0270188
0.0281519
0.0293338
0.0305668
0.0318536
0.0331968
0.0345996
0.0360647
0.0375958
0.0391959
0.0408691
0.0426187
0.0444493
0.0463648
0.04837
0.0504695
0.0526687
0.0549725
0.0573871
0.059918
0.0625722
0.0653558
0.0682766
0.0713416
0.0745595
0.0779382
0.0814875
0.0852165
0.089136
0.0932564
0.09759
0.102149
0.106946
0.111997
0.117316
0.122919
0.128824
0.13505
0.141617
0.148546
0.155861
0.163587
0.171751
0.180382
0.189512
0.199175
0.209408
0.220251
0.231746
0.243942
0.256888
0.27064
0.285258
0.300805
0.317352
0.334975
0.353755
0.373781
0.395149
0.417961
0.442329
0.46837
0.496214
0.525996
0.557862
0.591967
0.628476
0.667562
0.709409
0.754209
0.802164
0.853481
0.908378
0.967077
1.0298
1.09679
1.16827
1.24448
1.32564
1.41198
1.50373
1.60108
1.70423
1.81337
1.92866
2.05023
2.17821
2.31269
2.45373
2.60137
2.75561
2.91644
3.0838
3.25762
3.43779
3.62419
3.81667
4.01508
4.21924
4.42899
4.64415
4.86455
5.09002
5.3204
5.55557
5.79538
6.03971
6.28847
6.54154
6.79882
7.0602
7.32555
7.5947
7.86747
8.14362
8.42286
8.70484
8.98914
9.27533
9.56295
9.85157
10.141
10.4312
10.7232
11.0188
11.3222
11.6281
11.9283
12.2211
12.5046
12.777
13.0365
13.2811
13.5092
13.7188
13.9083
14.0762
14.2209
14.3413
14.4362
14.5048
14.5464
14.5606
14.5473
14.5065
14.4384
14.3436
14.2228
14.077
13.9071
13.7145
13.5005
13.2666
13.0143
12.7454
12.4613
12.1639
11.8546
11.5352
11.207
10.8715
10.53
10.1834
9.8326
9.47796
9.11935
8.75582
8.38508
8.00257
7.59977
7.16077
6.65704
6.04714
5.31394
0.000889424
0.000893831
0.000902034
0.000913889
0.000929441
0.000948717
0.000971782
0.000998685
0.00102951
0.00106431
0.00110318
0.00114617
0.00119337
0.00124482
0.00130061
0.00136078
0.00142538
0.00149446
0.00156808
0.00164626
0.00172906
0.00181652
0.00190869
0.0020056
0.00210733
0.00221392
0.00232544
0.00244195
0.00256354
0.00269029
0.00282229
0.00295965
0.00310249
0.00325094
0.00340513
0.00356521
0.00373136
0.00390375
0.00408258
0.00426805
0.00446039
0.00465985
0.00486668
0.00508116
0.00530359
0.00553428
0.00577357
0.00602181
0.0062794
0.00654672
0.00682422
0.00711235
0.00741159
0.00772245
0.00804548
0.00838125
0.00873037
0.00909348
0.00947127
0.00986445
0.0102738
0.0107001
0.0111443
0.0116071
0.0120897
0.0125929
0.0131179
0.0136658
0.0142378
0.0148352
0.0154593
0.0161115
0.0167933
0.0175064
0.0182524
0.0190331
0.0198504
0.0207063
0.0216029
0.0225425
0.0235276
0.0245606
0.0256442
0.0267814
0.0279751
0.0292286
0.0305455
0.0319292
0.0333839
0.0349136
0.0365228
0.0382163
0.0399991
0.0418767
0.043855
0.04594
0.0481385
0.0504577
0.0529053
0.0554894
0.058219
0.0611035
0.0641534
0.0673797
0.0707943
0.0744102
0.0782413
0.0823027
0.0866107
0.091183
0.0960387
0.101198
0.106685
0.112522
0.118736
0.125356
0.132413
0.13994
0.147974
0.156553
0.16572
0.175521
0.186005
0.197225
0.209238
0.222105
0.235893
0.25067
0.266511
0.283496
0.301707
0.321234
0.342168
0.364607
0.388651
0.414405
0.441975
0.471471
0.503004
0.536686
0.572627
0.610938
0.651724
0.695088
0.741126
0.789926
0.841566
0.896115
0.953626
1.01414
1.07768
1.14425
1.21384
1.28641
1.36191
1.44027
1.52139
1.60515
1.69142
1.78004
1.87086
1.96369
2.05833
2.1546
2.25229
2.3512
2.45114
2.5519
2.65331
2.7552
2.85741
2.95979
3.06222
3.16459
3.26678
3.36872
3.47033
3.57155
3.67231
3.77256
3.87224
3.97132
4.06974
4.16749
4.26452
4.36088
4.4566
4.55181
4.64677
4.74183
4.83756
4.93468
5.0312
5.12514
5.21568
5.30223
5.38424
5.46114
5.53239
5.59745
5.6558
5.70695
5.75043
5.78583
5.81278
5.83099
5.84021
5.84025
5.83102
5.81247
5.78466
5.74768
5.70172
5.64702
5.58389
5.51268
5.4338
5.3477
5.25486
5.15579
5.05102
4.94107
4.8265
4.70782
4.58555
4.46019
4.33218
4.20195
4.06985
3.93615
3.80107
3.66469
3.52698
3.38781
3.24698
3.10468
2.96269
2.82851
2.7283
2.74853
0.00071888
0.000722516
0.000729442
0.000739614
0.00075303
0.000769699
0.000789647
0.000812902
0.000839502
0.00086948
0.000902876
0.000939722
0.000980052
0.00102389
0.00107127
0.00112221
0.00117673
0.00123485
0.00129659
0.00136196
0.00143099
0.00150368
0.00158008
0.00166021
0.00174409
0.00183177
0.00192329
0.00201871
0.00211807
0.00222146
0.00232894
0.0024406
0.00255654
0.00267686
0.00280169
0.00293113
0.00306535
0.00320448
0.00334869
0.00349816
0.00365307
0.00381364
0.00398007
0.00415261
0.0043315
0.004517
0.0047094
0.004909
0.00511612
0.00533109
0.00555428
0.00578607
0.00602685
0.00627707
0.00653716
0.00680762
0.00708895
0.00738168
0.00768639
0.00800368
0.00833418
0.00867858
0.00903757
0.00941193
0.00980245
0.01021
0.0106354
0.0110797
0.0115439
0.0120289
0.0125361
0.0130665
0.0136214
0.0142022
0.0148102
0.0154471
0.0161145
0.0168139
0.0175473
0.0183166
0.0191238
0.0199711
0.0208609
0.0217956
0.0227778
0.0238103
0.0248962
0.0260387
0.0272411
0.0285072
0.0298408
0.0312461
0.0327275
0.03429
0.0359385
0.0376787
0.0395165
0.0414583
0.0435109
0.0456817
0.0479786
0.0504103
0.052986
0.0557157
0.0586103
0.0616812
0.0649413
0.0684041
0.0720845
0.0759983
0.0801631
0.0845974
0.0893216
0.0943577
0.0997296
0.105463
0.111586
0.118128
0.125122
0.132603
0.14061
0.149182
0.158363
0.168201
0.178746
0.19005
0.202172
0.215172
0.229114
0.244066
0.2601
0.277289
0.295711
0.315448
0.336581
0.359195
0.383377
0.409213
0.43679
0.466193
0.497506
0.530808
0.566174
0.603674
0.64337
0.685314
0.729548
0.776103
0.824995
0.876227
0.929783
0.985632
1.04372
1.10399
1.16634
1.23067
1.29686
1.36476
1.43422
1.50506
1.5771
1.65014
1.72398
1.79843
1.87327
1.94831
2.02336
2.09822
2.17272
2.24672
2.32007
2.39265
2.46437
2.53515
2.60493
2.67367
2.74135
2.80799
2.87359
2.93819
3.00184
3.06457
3.12647
3.1876
3.24805
3.3079
3.36724
3.4262
3.48488
3.54339
3.60181
3.66013
3.71769
3.77369
3.82764
3.87916
3.92789
3.97347
4.01557
4.05381
4.08787
4.11741
4.14212
4.16171
4.17591
4.18451
4.18731
4.18418
4.17502
4.15977
4.13845
4.11109
4.07779
4.03868
3.99396
3.94384
3.88857
3.82844
3.76376
3.69486
3.62209
3.54579
3.46634
3.38409
3.29941
3.21263
3.12411
3.03417
2.94312
2.85128
2.75894
2.66644
2.5742
2.48281
2.39329
2.3075
2.22916
2.16576
2.1323
2.15672
0.000666185
0.000669642
0.00067625
0.000685998
0.00069888
0.000714897
0.000734058
0.000756378
0.000781873
0.000810561
0.000842459
0.000877582
0.000915941
0.000957548
0.00100241
0.00105053
0.00110192
0.00115657
0.0012145
0.00127571
0.00134021
0.001408
0.00147912
0.00155356
0.00163137
0.00171258
0.00179721
0.00188533
0.00197698
0.00207222
0.00217113
0.00227379
0.00238028
0.00249071
0.00260518
0.00272382
0.00284676
0.00297414
0.00310612
0.00324286
0.00338454
0.00353135
0.00368351
0.00384122
0.00400473
0.00417428
0.00435014
0.00453259
0.00472193
0.00491848
0.00512258
0.00533458
0.00555486
0.00578383
0.00602191
0.00626954
0.00652721
0.00679542
0.0070747
0.00736562
0.00766877
0.0079848
0.00831437
0.00865818
0.009017
0.00939162
0.00978288
0.0101917
0.010619
0.0110657
0.0115331
0.0120221
0.012534
0.0130701
0.0136317
0.0142202
0.0148372
0.0154843
0.0161633
0.0168759
0.0176241
0.0184101
0.019236
0.0201041
0.0210171
0.0219777
0.0229886
0.024053
0.0251741
0.0263556
0.0276011
0.0289148
0.0303009
0.0317641
0.0333094
0.0349421
0.0366681
0.0384935
0.0404251
0.04247
0.044636
0.0469315
0.0493655
0.0519478
0.0546889
0.0576003
0.0606942
0.0639841
0.0674843
0.0712104
0.0751794
0.0794096
0.0839206
0.0887339
0.0938726
0.0993616
0.105228
0.111501
0.118211
0.125394
0.133084
0.14132
0.150146
0.159604
0.169743
0.180613
0.192269
0.204766
0.218165
0.232528
0.247922
0.264415
0.282078
0.300983
0.321205
0.34282
0.365903
0.390531
0.416779
0.444718
0.47442
0.505948
0.539363
0.574719
0.612059
0.651419
0.692824
0.736285
0.781801
0.829354
0.878912
0.930425
0.983825
1.03903
1.09593
1.1544
1.21432
1.27552
1.33783
1.40108
1.46508
1.52961
1.59449
1.6595
1.72444
1.78911
1.85333
1.91691
1.9797
2.04155
2.10234
2.16196
2.22035
2.27744
2.33321
2.38767
2.44082
2.49271
2.54341
2.59299
2.64156
2.68921
2.73606
2.78223
2.82784
2.87299
2.91781
2.96238
3.00677
3.05102
3.09513
3.13901
3.18238
3.22478
3.26587
3.30535
3.34292
3.3783
3.41119
3.44128
3.46827
3.49187
3.51178
3.52775
3.53952
3.54688
3.54964
3.54765
3.54079
3.52898
3.51221
3.49048
3.46383
3.43237
3.39623
3.35555
3.31056
3.26146
3.20851
3.15198
3.09215
3.02933
2.96382
2.89593
2.82598
2.75429
2.68118
2.60698
2.532
2.4566
2.38118
2.30618
2.2322
2.16004
2.09091
2.02669
1.97034
1.92659
1.90266
1.90849
0.000651166
0.000654602
0.00066117
0.000670871
0.000683695
0.000699641
0.000718708
0.000740901
0.000766225
0.000794683
0.000826278
0.000861013
0.000898885
0.000939891
0.000984026
0.00103129
0.00108166
0.00113515
0.00119175
0.00125146
0.00131428
0.00138022
0.00144929
0.00152151
0.00159689
0.00167548
0.0017573
0.0018424
0.00193084
0.00202267
0.00211797
0.00221681
0.00231929
0.00242549
0.00253554
0.00264955
0.00276765
0.00288997
0.00301668
0.00314793
0.0032839
0.00342479
0.00357078
0.00372211
0.00387899
0.00404167
0.00421041
0.0043855
0.00456721
0.00475586
0.00495179
0.00515534
0.00536688
0.0055868
0.00581553
0.00605349
0.00630116
0.00655903
0.00682762
0.00710748
0.0073992
0.0077034
0.00802073
0.0083519
0.00869763
0.00905871
0.00943597
0.00983029
0.0102426
0.0106739
0.0111251
0.0115976
0.0120923
0.0126106
0.0131538
0.0137233
0.0143206
0.0149474
0.0156053
0.0162961
0.0170219
0.0177845
0.0185863
0.0194297
0.020317
0.021251
0.0222345
0.0232707
0.0243627
0.0255142
0.0267287
0.0280105
0.0293638
0.0307932
0.0323038
0.0339008
0.0355902
0.037378
0.0392709
0.0412763
0.0434017
0.0456557
0.0480471
0.0505859
0.0532825
0.0561483
0.0591956
0.0624377
0.065889
0.069565
0.0734826
0.0776597
0.0821162
0.0868731
0.0919532
0.0973814
0.103184
0.10939
0.11603
0.123136
0.130746
0.138895
0.147626
0.156981
0.167006
0.177751
0.189266
0.201607
0.21483
0.228996
0.244166
0.260405
0.277781
0.29636
0.316212
0.337408
0.360016
0.384105
0.409744
0.436997
0.465925
0.496584
0.529025
0.563291
0.599417
0.637429
0.677338
0.719148
0.762845
0.808401
0.855775
0.904905
0.955715
1.00811
1.06198
1.11719
1.17361
1.23106
1.28938
1.34839
1.40788
1.46765
1.52751
1.58724
1.64665
1.70553
1.76371
1.82101
1.87728
1.93238
1.9862
2.03864
2.08966
2.13921
2.18728
2.23389
2.2791
2.32296
2.36558
2.40706
2.44752
2.48712
2.52597
2.56425
2.60208
2.63959
2.67691
2.71413
2.75132
2.7885
2.82566
2.86274
2.89962
2.93593
2.97143
3.00585
3.03893
3.07041
3.09999
3.12738
3.15229
3.17442
3.19349
3.20922
3.22136
3.22967
3.23396
3.23404
3.22979
3.22112
3.20795
3.19029
3.16815
3.14159
3.11072
3.07567
3.03661
2.99373
2.94727
2.89745
2.84455
2.78884
2.73061
2.67015
2.60778
2.54379
2.47853
2.41231
2.34549
2.27844
2.21159
2.14544
2.08061
2.0179
1.95839
1.90358
1.85551
1.81697
1.79153
1.78334
0.000653114
0.00065659
0.000663226
0.000673028
0.000685986
0.000702093
0.000721345
0.000743737
0.000769265
0.000797923
0.000829703
0.000864596
0.000902591
0.000943673
0.000987828
0.00103504
0.0010853
0.0011386
0.00119492
0.00125426
0.00131661
0.00138199
0.0014504
0.00152185
0.00159638
0.001674
0.00175476
0.00183869
0.00192586
0.00201633
0.00211015
0.00220743
0.00230823
0.00241267
0.00252086
0.0026329
0.00274893
0.0028691
0.00299355
0.00312244
0.00325597
0.0033943
0.00353764
0.00368622
0.00384025
0.00399998
0.00416568
0.00433761
0.00451606
0.00470135
0.00489381
0.00509378
0.00530164
0.00551777
0.00574258
0.00597652
0.00622005
0.00647366
0.00673787
0.00701323
0.00730032
0.00759977
0.00791222
0.00823838
0.00857897
0.00893478
0.00930664
0.00969541
0.010102
0.0105275
0.0109728
0.0114392
0.0119277
0.0124396
0.0129764
0.0135393
0.0141299
0.0147498
0.0154007
0.0160845
0.0168031
0.0175585
0.018353
0.019189
0.0200689
0.0209954
0.0219715
0.0230002
0.0240849
0.025229
0.0264363
0.0277109
0.0290572
0.0304799
0.0319839
0.0335748
0.0352582
0.0370405
0.0389283
0.040929
0.0430504
0.0453008
0.0476895
0.0502261
0.0529213
0.0557865
0.0588341
0.0620773
0.0655305
0.0692094
0.0731307
0.0773124
0.0817741
0.0865369
0.0916235
0.0970583
0.102868
0.10908
0.115725
0.122837
0.130448
0.138598
0.147325
0.156673
0.166685
0.177409
0.188895
0.201196
0.214367
0.228466
0.243553
0.259688
0.276936
0.29536
0.315027
0.336002
0.358351
0.382136
0.407422
0.434266
0.462724
0.492848
0.52468
0.558259
0.593612
0.630758
0.669704
0.710445
0.752963
0.797224
0.843179
0.890764
0.939896
0.990478
1.04239
1.09551
1.14968
1.20475
1.26053
1.31684
1.37349
1.43028
1.487
1.54345
1.59942
1.65473
1.7092
1.76264
1.81493
1.86591
1.91549
1.96358
2.01014
2.05514
2.09857
2.14048
2.18092
2.21999
2.25779
2.29446
2.33014
2.36499
2.39917
2.43285
2.4662
2.49935
2.53245
2.56559
2.59885
2.63227
2.66586
2.69957
2.73331
2.76684
2.79992
2.83233
2.86382
2.8941
2.92291
2.94993
2.97487
2.99743
3.01729
3.03418
3.04781
3.05794
3.06433
3.06681
3.06521
3.05942
3.04935
3.03497
3.01628
2.99333
2.96619
2.93498
2.89987
2.86101
2.81864
2.77296
2.72425
2.67277
2.61879
2.56263
2.50457
2.44494
2.38407
2.32229
2.25997
2.19749
2.1353
2.07388
2.01383
1.95585
1.90084
1.84991
1.80444
1.76609
1.73676
1.71852
0.000664135
0.000667678
0.00067443
0.000684399
0.000697575
0.000713948
0.000733508
0.000756245
0.000782146
0.000811199
0.000843387
0.000878692
0.000917093
0.000958569
0.0010031
0.00105066
0.00110123
0.0011548
0.00121135
0.00127087
0.00133336
0.00139882
0.00146726
0.00153869
0.00161314
0.00169063
0.0017712
0.0018549
0.00194178
0.0020319
0.00212534
0.00222218
0.00232251
0.00242642
0.00253403
0.00264546
0.00276084
0.00288031
0.00300403
0.00313215
0.00326487
0.00340236
0.00354483
0.00369249
0.00384558
0.00400434
0.00416903
0.00433993
0.00451733
0.00470153
0.00489288
0.00509172
0.00529842
0.00551338
0.005737
0.00596974
0.00621204
0.00646442
0.00672739
0.00700151
0.00728736
0.00758556
0.00789678
0.0082217
0.00856108
0.0089157
0.00928638
0.00967402
0.0100795
0.010504
0.0109483
0.0114137
0.0119014
0.0124126
0.0129486
0.013511
0.0141011
0.0147208
0.0153716
0.0160554
0.0167743
0.0175302
0.0183254
0.0191624
0.0200436
0.0209718
0.0219499
0.022981
0.0240685
0.025216
0.0264272
0.0277063
0.0290577
0.0304861
0.0319967
0.0335948
0.0352864
0.0370777
0.0389756
0.0409874
0.043121
0.0453849
0.0477881
0.0503406
0.0530531
0.055937
0.0590047
0.0622695
0.0657458
0.0694493
0.0733966
0.0776058
0.0820964
0.0868893
0.0920071
0.097474
0.103316
0.109561
0.11624
0.123384
0.131027
0.139206
0.14796
0.157331
0.167362
0.178099
0.189591
0.20189
0.215048
0.229121
0.244168
0.260246
0.277417
0.295743
0.315286
0.336109
0.358273
0.381839
0.406865
0.433407
0.461516
0.491238
0.522615
0.555678
0.590452
0.626952
0.665182
0.705133
0.746782
0.790095
0.83502
0.881491
0.929423
0.978717
1.02926
1.08091
1.13354
1.18697
1.24103
1.29553
1.3503
1.40511
1.45978
1.5141
1.56787
1.6209
1.67301
1.72404
1.77383
1.82225
1.86921
1.91462
1.95843
2.00063
2.04123
2.08026
2.11781
2.15395
2.18883
2.22259
2.25538
2.28738
2.31877
2.34974
2.38047
2.41111
2.44182
2.47271
2.50388
2.53539
2.56724
2.59943
2.63187
2.66439
2.69678
2.72881
2.76024
2.79079
2.82017
2.84807
2.87416
2.89814
2.91967
2.93844
2.95416
2.96655
2.97536
2.98038
2.98143
2.97836
2.97108
2.95953
2.9437
2.92361
2.89934
2.87098
2.83868
2.80262
2.76299
2.72003
2.67397
2.62511
2.5737
2.52007
2.46451
2.40735
2.34892
2.28957
2.22966
2.1696
2.1098
2.05073
1.99293
1.93701
1.88369
1.83378
1.78824
1.74812
1.71453
1.68866
0.000680485
0.000684105
0.000690994
0.000701158
0.000714588
0.00073127
0.000751192
0.000774336
0.000800686
0.000830221
0.000862918
0.000898751
0.000937694
0.000979717
0.00102479
0.00107289
0.001124
0.00117808
0.00123512
0.00129512
0.00135805
0.00142394
0.00149277
0.00156457
0.00163936
0.00171716
0.00179803
0.00188199
0.00196912
0.00205946
0.00215311
0.00225013
0.00235062
0.00245468
0.00256243
0.00267398
0.00278947
0.00290905
0.00303286
0.00316108
0.00329388
0.00343146
0.00357401
0.00372176
0.00387494
0.0040338
0.00419859
0.0043696
0.00454712
0.00473147
0.00492298
0.00512199
0.0053289
0.00554408
0.00576796
0.00600098
0.00624362
0.00649637
0.00675976
0.00703435
0.00732073
0.00761953
0.00793141
0.00825708
0.00859729
0.00895283
0.00932454
0.00971332
0.0101201
0.0105459
0.0109918
0.0114589
0.0119485
0.0124617
0.0130001
0.0135649
0.0141579
0.0147805
0.0154346
0.0161221
0.0168449
0.0176051
0.0184051
0.0192471
0.020134
0.0210683
0.022053
0.0230913
0.0241866
0.0253425
0.0265629
0.027852
0.0292141
0.0306541
0.0321772
0.0337888
0.0354949
0.0373018
0.0392164
0.0412462
0.0433989
0.0456833
0.0481084
0.0506842
0.0534215
0.0563316
0.0594269
0.062721
0.0662281
0.0699638
0.0739447
0.078189
0.0827158
0.087546
0.0927021
0.0982079
0.104089
0.110374
0.117091
0.124273
0.131953
0.140167
0.148952
0.158351
0.168404
0.179159
0.19066
0.20296
0.216109
0.230161
0.245171
0.261199
0.278301
0.296537
0.315967
0.336652
0.35865
0.382019
0.406815
0.43309
0.460893
0.490268
0.521253
0.553877
0.588164
0.624125
0.661763
0.701069
0.742018
0.784576
0.82869
0.874295
0.921308
0.96963
1.01915
1.06973
1.12124
1.1735
1.22636
1.27962
1.33311
1.38661
1.43994
1.49288
1.54526
1.59686
1.64752
1.69707
1.74535
1.79225
1.83765
1.88149
1.9237
1.96427
2.00322
2.04059
2.07645
2.11091
2.1441
2.17617
2.2073
2.23768
2.2675
2.29696
2.32625
2.35556
2.38505
2.41485
2.44509
2.47582
2.5071
2.53889
2.57117
2.60377
2.63652
2.66918
2.70151
2.73323
2.76402
2.79357
2.82153
2.84756
2.87131
2.89244
2.91063
2.92557
2.93699
2.94465
2.94834
2.94791
2.94323
2.93422
2.92087
2.90317
2.8812
2.85505
2.82486
2.79079
2.75305
2.71186
2.66749
2.6202
2.57028
2.51804
2.46379
2.40787
2.35062
2.29239
2.23354
2.17447
2.11559
2.05733
2.00018
1.94466
1.89134
1.84087
1.79391
1.75119
1.7134
1.68134
0.000700111
0.000703812
0.000710842
0.000721211
0.000734905
0.00075191
0.000772208
0.000795781
0.000822604
0.000852652
0.000885897
0.000922305
0.000961845
0.00100448
0.00105018
0.00109892
0.00115065
0.00120537
0.00126304
0.00132365
0.0013872
0.00145369
0.00152311
0.00159549
0.00167085
0.00174922
0.00183063
0.00191514
0.0020028
0.00209368
0.00218785
0.0022854
0.00238641
0.002491
0.00259928
0.00271137
0.0028274
0.00294752
0.00307189
0.00320068
0.00333406
0.00347223
0.0036154
0.00376379
0.00391762
0.00407715
0.00424265
0.00441439
0.00459268
0.00477782
0.00497017
0.00517006
0.00537788
0.00559403
0.00581894
0.00605304
0.00629682
0.00655078
0.00681545
0.0070914
0.00737923
0.00767957
0.00799309
0.00832051
0.00866259
0.00902012
0.00939397
0.00978503
0.0101943
0.0106227
0.0110714
0.0115415
0.0120343
0.012551
0.013093
0.0136618
0.014259
0.0148863
0.0155453
0.016238
0.0169665
0.0177328
0.0185392
0.0193883
0.0202826
0.021225
0.0222183
0.0232659
0.0243711
0.0255376
0.0267693
0.0280705
0.0294456
0.0308995
0.0324373
0.0340647
0.0357875
0.0376123
0.0395459
0.0415958
0.0437699
0.0460768
0.0485257
0.0511267
0.0538903
0.0568282
0.0599526
0.063277
0.0668157
0.0705841
0.0745988
0.0788778
0.0834403
0.0883067
0.0934994
0.0990419
0.10496
0.11128
0.118033
0.125247
0.132958
0.1412
0.15001
0.159428
0.169495
0.180257
0.191758
0.204047
0.217175
0.231193
0.246157
0.262121
0.279142
0.297277
0.316585
0.337124
0.35895
0.382119
0.406684
0.432697
0.460204
0.489248
0.519864
0.552082
0.585923
0.621399
0.658512
0.697254
0.7376
0.779518
0.822956
0.867852
0.914125
0.961679
1.01041
1.06018
1.11085
1.16228
1.21428
1.2667
1.31933
1.37198
1.42446
1.47657
1.52812
1.5789
1.62876
1.6775
1.725
1.77111
1.81573
1.85878
1.9002
1.93999
1.97814
2.01471
2.04976
2.08341
2.11578
2.14705
2.17739
2.207
2.2361
2.26488
2.29357
2.32235
2.35143
2.38094
2.41103
2.44178
2.47325
2.50544
2.5383
2.57174
2.60556
2.63955
2.67345
2.70696
2.73976
2.77151
2.80185
2.83039
2.85676
2.88059
2.90153
2.91925
2.93343
2.94382
2.95018
2.95232
2.95011
2.94346
2.93231
2.91669
2.89663
2.87223
2.84362
2.81098
2.77451
2.73444
2.69104
2.64458
2.59536
2.5437
2.48992
2.43436
2.37737
2.31932
2.26055
2.20147
2.14246
2.08394
2.02634
1.97012
1.91576
1.86376
1.81464
1.76892
1.72708
1.68972
0.000721764
0.000725546
0.000732717
0.000743286
0.000757241
0.000774564
0.000795235
0.000819231
0.000846525
0.000877086
0.000910879
0.00094787
0.000988019
0.00103129
0.00107764
0.00112703
0.00117944
0.00123484
0.00129319
0.00135449
0.00141873
0.0014859
0.00155602
0.00162909
0.00170513
0.00178418
0.00186628
0.00195148
0.00203983
0.00213141
0.00222628
0.00232453
0.00242626
0.00253158
0.00264059
0.00275343
0.00287023
0.00299113
0.0031163
0.0032459
0.00338012
0.00351916
0.00366321
0.00381251
0.00396729
0.00412779
0.0042943
0.00446708
0.00464645
0.00483272
0.00502623
0.00522734
0.00543643
0.00565391
0.0058802
0.00611575
0.00636105
0.00661661
0.00688296
0.00716067
0.00745035
0.00775265
0.00806824
0.00839784
0.00874222
0.0091022
0.00947863
0.00987244
0.0102846
0.0107161
0.0111681
0.0116417
0.0121382
0.0126588
0.0132051
0.0137784
0.0143804
0.0150127
0.0156772
0.0163757
0.0171104
0.0178833
0.0186968
0.0195534
0.0204557
0.0214066
0.0224091
0.0234663
0.0245819
0.0257594
0.0270028
0.0283164
0.0297048
0.0311727
0.0327254
0.0343686
0.0361081
0.0379506
0.0399029
0.0419724
0.0441672
0.0464959
0.0489677
0.0515925
0.054381
0.0573448
0.0604962
0.0638484
0.0674158
0.0712137
0.0752585
0.079568
0.0841612
0.0890584
0.0942816
0.0998541
0.105801
0.112149
0.118927
0.126165
0.133896
0.142154
0.150975
0.160399
0.170466
0.181219
0.192703
0.204964
0.218053
0.23202
0.246917
0.262799
0.279719
0.297735
0.316902
0.337276
0.358913
0.381868
0.406191
0.431932
0.459138
0.487849
0.518101
0.549924
0.583337
0.618355
0.65498
0.693204
0.733007
0.774357
0.817208
0.861498
0.907152
0.95408
1.00218
1.05132
1.10137
1.15219
1.20361
1.25545
1.30754
1.35968
1.41169
1.46336
1.5145
1.56493
1.61446
1.66292
1.71016
1.75605
1.80048
1.84335
1.88462
1.92425
1.96226
1.99868
2.03359
2.06709
2.09932
2.13044
2.16064
2.19013
2.21913
2.24786
2.27655
2.30543
2.33468
2.36449
2.39501
2.42635
2.45858
2.49172
2.52574
2.56056
2.59599
2.63183
2.6678
2.70359
2.73887
2.77326
2.80637
2.83779
2.86712
2.89394
2.91788
2.93856
2.95565
2.96885
2.97789
2.98258
2.98276
2.97831
2.96917
2.95536
2.9369
2.91389
2.88647
2.85482
2.81913
2.77966
2.73667
2.69046
2.64133
2.58961
2.53563
2.47976
2.42233
2.36372
2.3043
2.24444
2.18452
2.12495
2.06612
2.00843
1.95232
1.89818
1.84645
1.79753
1.75178
1.70967
0.000744628
0.000748488
0.000755793
0.000766554
0.000780757
0.000798383
0.00081941
0.00084381
0.000871554
0.000902606
0.00093693
0.000974484
0.00101523
0.00105911
0.0011061
0.00115616
0.00120924
0.00126532
0.00132437
0.00138637
0.00145132
0.00151921
0.00159004
0.00166384
0.00174061
0.0018204
0.00190325
0.00198919
0.0020783
0.00217064
0.00226629
0.00236533
0.00246787
0.00257399
0.00268384
0.00279752
0.00291518
0.00303696
0.00316303
0.00329356
0.00342873
0.00356873
0.00371378
0.00386411
0.00401994
0.00418154
0.00434916
0.00452311
0.00470367
0.00489118
0.00508598
0.00528842
0.00549889
0.00571781
0.00594559
0.0061827
0.00642962
0.00668687
0.00695499
0.00723456
0.00752618
0.00783052
0.00814825
0.00848011
0.00882686
0.00918934
0.00956841
0.00996499
0.0103801
0.0108147
0.01127
0.0117471
0.0122473
0.0127718
0.0133223
0.0139
0.0145067
0.015144
0.0158138
0.016518
0.0172586
0.0180379
0.0188581
0.0197219
0.0206319
0.0215909
0.022602
0.0236685
0.0247938
0.0259816
0.027236
0.0285612
0.0299618
0.0314427
0.0330092
0.0346668
0.0364216
0.0382801
0.0402492
0.0423364
0.0445497
0.0468977
0.0493896
0.0520352
0.0548454
0.0578315
0.0610057
0.0643813
0.0679725
0.0717944
0.0758634
0.080197
0.084814
0.0897344
0.0949798
0.100573
0.106539
0.112905
0.119697
0.126946
0.134684
0.142944
0.151762
0.161176
0.171226
0.181952
0.193401
0.205616
0.218646
0.23254
0.24735
0.263127
0.279925
0.297799
0.316804
0.336994
0.358422
0.381143
0.405207
0.430663
0.457555
0.485926
0.51581
0.547237
0.580229
0.614801
0.650958
0.688694
0.727991
0.768822
0.811144
0.854902
0.900024
0.946427
0.994011
1.04266
1.09225
1.14263
1.19364
1.24513
1.29692
1.34881
1.40063
1.45217
1.50325
1.55367
1.60326
1.65185
1.69926
1.74538
1.79008
1.83326
1.87487
1.91487
1.95325
1.99006
2.02536
2.05924
2.09185
2.12336
2.15394
2.18382
2.21322
2.24239
2.27157
2.30099
2.33088
2.36144
2.39284
2.42521
2.45865
2.49318
2.5288
2.56543
2.60291
2.64102
2.67947
2.71795
2.75609
2.79349
2.82973
2.86436
2.89693
2.92701
2.95416
2.97798
2.99811
3.01419
3.02596
3.03318
3.03567
3.0333
3.02601
3.01379
2.99668
2.97477
2.9482
2.91715
2.88184
2.84252
2.79949
2.75303
2.70347
2.65116
2.59644
2.53968
2.48124
2.42149
2.3608
2.29956
2.23813
2.1769
2.11625
2.05655
1.99817
1.94148
1.88684
1.83459
1.78501
1.7385
0.000768135
0.000772067
0.000779496
0.000790436
0.000804869
0.000822777
0.000844133
0.00086891
0.000897074
0.000928586
0.000963406
0.00100149
0.00104279
0.00108726
0.00113486
0.00118554
0.00123927
0.00129601
0.00135574
0.00141843
0.00148407
0.00155267
0.00162421
0.00169873
0.00177624
0.00185676
0.00194035
0.00202706
0.00211693
0.00221005
0.00230648
0.00240633
0.00250967
0.00261663
0.00272731
0.00284185
0.00296039
0.00308307
0.00321005
0.00334151
0.00347763
0.00361862
0.00376467
0.00391602
0.00407291
0.00423559
0.00440433
0.00457942
0.00476117
0.00494989
0.00514594
0.00534967
0.00556148
0.00578178
0.006011
0.00624959
0.00649806
0.00675691
0.0070267
0.00730801
0.00760146
0.00790769
0.00822741
0.00856135
0.00891029
0.00927506
0.00965654
0.0100557
0.0104734
0.0109109
0.0113691
0.0118494
0.0123529
0.012881
0.0134352
0.0140169
0.0146277
0.0152695
0.015944
0.0166532
0.0173991
0.018184
0.0190103
0.0198804
0.0207971
0.0217633
0.022782
0.0238564
0.0249902
0.026187
0.0274509
0.0287862
0.0301973
0.0316894
0.0332676
0.0349375
0.0367052
0.0385772
0.0405605
0.0426624
0.0448909
0.0472547
0.0497629
0.0524254
0.0552528
0.0582564
0.0614484
0.0648419
0.0684509
0.0722905
0.0763767
0.0807269
0.0853596
0.0902946
0.095553
0.101157
0.107132
0.113503
0.120298
0.127545
0.135276
0.143524
0.152324
0.161712
0.171727
0.18241
0.193804
0.205954
0.218905
0.232706
0.247408
0.26306
0.279715
0.297426
0.316247
0.336231
0.357432
0.3799
0.403688
0.428842
0.455408
0.483427
0.512936
0.543964
0.576536
0.610668
0.646368
0.683633
0.722451
0.762796
0.804633
0.84791
0.892565
0.938518
0.985677
1.03394
1.08317
1.13325
1.18402
1.23532
1.28699
1.33884
1.39069
1.44236
1.49364
1.54435
1.5943
1.64334
1.69128
1.738
1.78335
1.82725
1.86962
1.9104
1.94961
1.98724
2.02337
2.05809
2.09153
2.12385
2.15525
2.18594
2.21616
2.24617
2.27622
2.30658
2.33748
2.36916
2.4018
2.43557
2.47057
2.50686
2.54444
2.58324
2.62313
2.66387
2.70518
2.74671
2.78806
2.82881
2.8685
2.90663
2.94273
2.9763
3.00687
3.034
3.05728
3.07634
3.09087
3.1006
3.10534
3.10495
3.09935
3.08853
3.07252
3.05143
3.02539
2.99461
2.95931
2.91976
2.87625
2.82912
2.77869
2.72532
2.66938
2.61125
2.55129
2.4899
2.42746
2.36433
2.3009
2.23753
2.1746
2.11245
2.05143
1.99188
1.93411
1.87842
1.82506
1.77438
0.000791869
0.000795868
0.000803412
0.000814513
0.000829156
0.000847319
0.000868976
0.000894095
0.00092264
0.000954572
0.000989845
0.00102841
0.00107023
0.00111524
0.0011634
0.00121467
0.001269
0.00132636
0.00138671
0.00145005
0.00151635
0.00158561
0.00165784
0.00173304
0.00181125
0.00189248
0.00197678
0.00206421
0.00215482
0.00224868
0.00234587
0.00244648
0.0025506
0.00265835
0.00276984
0.00288519
0.00300456
0.00312809
0.00325593
0.00338827
0.00352529
0.00366719
0.00381418
0.00396648
0.00412434
0.00428802
0.00445778
0.00463391
0.00481672
0.00500654
0.00520371
0.00540859
0.00562159
0.00584311
0.00607358
0.00631347
0.00656328
0.00682352
0.00709474
0.00737754
0.00767253
0.00798037
0.00830177
0.00863746
0.00898823
0.00935491
0.0097384
0.0101396
0.0105596
0.0109994
0.0114601
0.0119429
0.0124492
0.0129801
0.0135373
0.0141223
0.0147366
0.0153819
0.0160603
0.0167735
0.0175237
0.0183132
0.0191443
0.0200196
0.0209417
0.0219137
0.0229384
0.0240193
0.0251599
0.0263639
0.0276354
0.0289786
0.0303982
0.031899
0.0334864
0.035166
0.0369438
0.0388262
0.0408203
0.0429334
0.0451735
0.0475491
0.0500693
0.052744
0.0555836
0.0585995
0.0618036
0.0652089
0.0688293
0.0726796
0.0767757
0.0811347
0.0857747
0.0907152
0.0959771
0.101583
0.107555
0.113921
0.120705
0.127938
0.135649
0.143871
0.152637
0.161984
0.171949
0.182572
0.193895
0.20596
0.218815
0.232505
0.247078
0.262586
0.279079
0.296608
0.315226
0.334986
0.35594
0.37814
0.401635
0.426473
0.4527
0.480357
0.509482
0.540107
0.572258
0.605953
0.641203
0.67801
0.716366
0.756251
0.797634
0.840471
0.884706
0.930267
0.977071
1.02502
1.07399
1.12387
1.17452
1.22577
1.27747
1.32944
1.38152
1.4335
1.4852
1.53643
1.58702
1.63678
1.68555
1.73317
1.77952
1.82448
1.86796
1.90991
1.95031
1.98916
2.02652
2.06246
2.09711
2.13064
2.16322
2.19509
2.22649
2.25768
2.28895
2.32056
2.35279
2.38589
2.42008
2.45554
2.49242
2.53077
2.57063
2.61193
2.65456
2.69827
2.74277
2.78767
2.83257
2.877
2.92044
2.96237
3.00225
3.03955
3.07374
3.10434
3.13089
3.153
3.1703
3.18253
3.18946
3.19093
3.18687
3.17725
3.16212
3.14157
3.11578
3.08494
3.0493
3.00914
2.96478
2.91656
2.86484
2.80999
2.7524
2.69246
2.63056
2.5671
2.50246
2.43702
2.37117
2.30527
2.23967
2.17473
2.11077
2.04811
1.98704
1.92782
1.8707
1.81598
0.000815521
0.000819581
0.000827226
0.000838472
0.000853301
0.000871691
0.000893614
0.000919037
0.000947923
0.000980228
0.00101591
0.00105491
0.00109718
0.00114268
0.00119135
0.00124314
0.00129802
0.00135594
0.00141687
0.0014808
0.0015477
0.00161758
0.00169042
0.00176626
0.0018451
0.00192698
0.00201194
0.00210004
0.00219132
0.00228586
0.00238374
0.00248505
0.00258988
0.00269834
0.00281056
0.00292665
0.00304676
0.00317105
0.00329966
0.00343278
0.00357059
0.00371328
0.00386108
0.00401421
0.00417291
0.00433743
0.00450805
0.00468506
0.00486876
0.00505948
0.00525757
0.0054634
0.00567735
0.00589984
0.00613131
0.00637223
0.00662308
0.00688439
0.00715672
0.00744066
0.00773682
0.00804588
0.00836852
0.00870551
0.00905763
0.00942572
0.00981068
0.0102134
0.010635
0.0110765
0.011539
0.0120237
0.0125319
0.0130649
0.0136243
0.0142115
0.0148283
0.0154763
0.0161573
0.0168735
0.0176268
0.0184196
0.0192541
0.0201331
0.0210591
0.0220351
0.0230643
0.0241498
0.0252952
0.0265043
0.0277811
0.02913
0.0305555
0.0320625
0.0336563
0.0353425
0.0371271
0.0390167
0.041018
0.0431384
0.045386
0.0477691
0.0502968
0.0529788
0.0558255
0.058848
0.0620584
0.0654693
0.0690945
0.0729485
0.0770471
0.081407
0.086046
0.0909834
0.0962394
0.101836
0.107796
0.114145
0.120909
0.128115
0.135794
0.143976
0.152695
0.161986
0.171886
0.182434
0.19367
0.205636
0.218377
0.231939
0.246369
0.261715
0.278028
0.295359
0.313758
0.333278
0.353971
0.375887
0.399076
0.423586
0.449464
0.476751
0.505486
0.535703
0.567431
0.600691
0.635498
0.671857
0.709765
0.749209
0.790164
0.832592
0.876445
0.921661
0.968163
1.01586
1.06465
1.11442
1.16503
1.21634
1.26819
1.32043
1.37287
1.42534
1.47765
1.52961
1.58104
1.63177
1.68162
1.73042
1.77805
1.82437
1.86929
1.91274
1.95467
1.99509
2.03402
2.07155
2.10777
2.14284
2.17696
2.21033
2.24323
2.27591
2.30869
2.34184
2.37568
2.41048
2.44648
2.48391
2.52293
2.56363
2.60605
2.65015
2.69582
2.74281
2.79081
2.83942
2.88819
2.9366
2.9841
3.03011
3.07404
3.11529
3.1533
3.18751
3.21745
3.24265
3.26276
3.27744
3.28647
3.28969
3.28699
3.27837
3.26387
3.24361
3.21776
3.18653
3.1502
3.10907
3.06348
3.0138
2.96039
2.90367
2.84403
2.78188
2.71764
2.65171
2.58449
2.51637
2.44773
2.37895
2.31038
2.24236
2.17521
2.10923
2.0447
1.98188
1.92098
1.86229
0.000838853
0.000842966
0.0008507
0.00086207
0.000877061
0.000895648
0.000917802
0.000943489
0.000972669
0.0010053
0.00104133
0.00108071
0.00112339
0.00116931
0.00121842
0.00127068
0.00132604
0.00138445
0.0014459
0.00151034
0.00157778
0.00164819
0.00172159
0.00179799
0.0018774
0.00195985
0.00204539
0.00213407
0.00222595
0.00232109
0.00241957
0.00252148
0.00262693
0.00273601
0.00284885
0.00296557
0.00308631
0.00321123
0.00334048
0.00347424
0.0036127
0.00375605
0.0039045
0.00405828
0.00421763
0.00438282
0.0045541
0.00473177
0.00491614
0.00510753
0.00530629
0.00551279
0.00572742
0.00595059
0.00618274
0.00642434
0.00667589
0.0069379
0.00721093
0.00749558
0.00779247
0.00810227
0.00842567
0.00876343
0.00911634
0.00948525
0.00987105
0.0102747
0.0106972
0.0111396
0.011603
0.0120888
0.0125981
0.0131323
0.0136929
0.0142814
0.0148995
0.0155489
0.0162315
0.0169492
0.0177043
0.0184989
0.0193354
0.0202164
0.0211446
0.022123
0.0231545
0.0242426
0.0253908
0.0266027
0.0278825
0.0292345
0.0306632
0.0321735
0.0337708
0.0354605
0.0372487
0.0391417
0.0411466
0.0432705
0.0455213
0.0479074
0.0504379
0.0531223
0.0559709
0.0589947
0.0622054
0.0656158
0.0692393
0.0730902
0.077184
0.0815372
0.0861673
0.091093
0.0963345
0.101913
0.107851
0.114173
0.120905
0.128074
0.135709
0.14384
0.1525
0.161723
0.171545
0.182004
0.19314
0.204993
0.217607
0.231026
0.245298
0.260469
0.276588
0.293707
0.311874
0.331142
0.351561
0.373182
0.396056
0.420229
0.445749
0.47266
0.501001
0.530809
0.562114
0.594942
0.629311
0.665232
0.702706
0.741725
0.782273
0.824319
0.867822
0.91273
0.958975
1.00648
1.05514
1.10486
1.15552
1.20697
1.25909
1.31169
1.36463
1.41773
1.4708
1.52367
1.57614
1.62804
1.6792
1.72943
1.7786
1.82656
1.87321
1.91846
1.96225
2.00455
2.0454
2.08483
2.12296
2.15991
2.19587
2.23107
2.26576
2.30022
2.33478
2.36974
2.40543
2.44217
2.48023
2.51987
2.56128
2.60458
2.64983
2.69701
2.74601
2.79659
2.84841
2.90105
2.95401
3.00672
3.05859
3.10896
3.15718
3.20261
3.24461
3.28258
3.31599
3.34434
3.36723
3.38432
3.39535
3.40016
3.39864
3.39079
3.37667
3.3564
3.33017
3.29822
3.26085
3.21839
3.1712
3.11967
3.0642
3.00521
2.94314
2.87842
2.81146
2.7427
2.67255
2.60141
2.52967
2.45771
2.38589
2.31453
2.24397
2.17449
2.10637
2.03985
1.97514
1.91252
0.000861676
0.000865836
0.000873645
0.000885121
0.000900248
0.000919
0.000941348
0.000967257
0.000996686
0.00102959
0.00106592
0.00110562
0.00114864
0.00119492
0.00124441
0.00129706
0.00135282
0.00141166
0.00147354
0.00153843
0.00160632
0.0016772
0.00175107
0.00182794
0.00190783
0.00199077
0.0020768
0.00216598
0.00225835
0.00235398
0.00245296
0.00255538
0.00266132
0.0027709
0.00288424
0.00300145
0.00312269
0.0032481
0.00337784
0.00351209
0.00365102
0.00379484
0.00394376
0.00409801
0.00425781
0.00442343
0.00459515
0.00477324
0.00495802
0.00514981
0.00534895
0.00555582
0.00577081
0.00599432
0.0062268
0.00646871
0.00672055
0.00698284
0.00725614
0.00754103
0.00783816
0.00814817
0.00847177
0.00880972
0.00916281
0.00953188
0.00991783
0.0103216
0.0107442
0.0111868
0.0116504
0.0121362
0.0126457
0.01318
0.0137408
0.0143294
0.0149477
0.0155973
0.0162801
0.0169981
0.0177534
0.0185483
0.0193852
0.0202665
0.0211951
0.0221739
0.0232059
0.0242944
0.0254431
0.0266556
0.0279359
0.0292884
0.0307176
0.0322283
0.0338259
0.0355159
0.0373043
0.0391973
0.0412019
0.0433253
0.0455752
0.04796
0.0504886
0.0531705
0.0560159
0.0590355
0.0622411
0.065645
0.0692605
0.0731018
0.077184
0.0815234
0.086137
0.0910434
0.0962621
0.101814
0.107721
0.114008
0.120699
0.12782
0.135401
0.143471
0.152061
0.161205
0.170938
0.181297
0.192321
0.204049
0.216524
0.22979
0.243892
0.258877
0.274793
0.291688
0.309614
0.32862
0.348757
0.370076
0.392627
0.416458
0.441617
0.468149
0.496095
0.525494
0.55638
0.58878
0.622719
0.65821
0.695262
0.733874
0.774033
0.81572
0.858901
0.903533
0.949558
0.996907
1.0455
1.09523
1.146
1.19768
1.25013
1.30321
1.35676
1.41061
1.46458
1.5185
1.57218
1.62545
1.67811
1.72999
1.78094
1.83081
1.87946
1.9268
1.97275
2.01726
2.06033
2.102
2.14235
2.1815
2.21962
2.25694
2.29372
2.33024
2.36683
2.40385
2.44164
2.48054
2.52089
2.56296
2.60699
2.65313
2.70148
2.75202
2.80463
2.8591
2.91506
2.97205
3.02953
3.08687
3.1434
3.19841
3.25119
3.301
3.34716
3.38901
3.42595
3.45746
3.4831
3.50251
3.51541
3.52162
3.52106
3.51373
3.49969
3.47909
3.45215
3.41913
3.38036
3.33619
3.28702
3.23326
3.17534
3.11373
3.04886
2.98119
2.91117
2.83924
2.76583
2.69136
2.61623
2.54082
2.46549
2.39058
2.31641
2.24326
2.17142
2.10111
2.03255
1.96599
0.000883846
0.000888044
0.000895916
0.000907478
0.000922714
0.0009416
0.000964105
0.000990193
0.00101982
0.00105295
0.00108951
0.00112947
0.00117277
0.00121934
0.00126914
0.00132211
0.00137821
0.00143739
0.00149962
0.00156488
0.00163313
0.00170439
0.00177864
0.00185589
0.00193617
0.0020195
0.00210592
0.00219548
0.00228824
0.00238426
0.00248363
0.00258642
0.00269273
0.00280268
0.00291638
0.00303395
0.00315553
0.00328127
0.00341133
0.00354589
0.00368511
0.00382922
0.0039784
0.00413288
0.00429291
0.00445874
0.00463063
0.00480888
0.00499379
0.00518568
0.0053849
0.00559182
0.00580681
0.0060303
0.00626272
0.00650454
0.00675625
0.00701837
0.00729145
0.00757609
0.00787292
0.00818259
0.00850581
0.00884332
0.00919594
0.00956448
0.00994986
0.010353
0.010775
0.0112168
0.0116796
0.0121647
0.0126733
0.0132067
0.0137665
0.0143542
0.0149714
0.0156199
0.0163016
0.0170184
0.0177724
0.018566
0.0194015
0.0202815
0.0212086
0.0221858
0.0232163
0.0243031
0.02545
0.0266606
0.027939
0.0292893
0.0307162
0.0322245
0.0338195
0.0355065
0.0372917
0.0391812
0.0411818
0.0433007
0.0455457
0.047925
0.0504473
0.053122
0.0559592
0.0589696
0.0621646
0.0655564
0.0691582
0.0729838
0.0770481
0.081367
0.0859573
0.0908372
0.0960258
0.101544
0.107412
0.113655
0.120296
0.127362
0.13488
0.142879
0.151391
0.160447
0.170082
0.180332
0.191234
0.202829
0.215157
0.22826
0.242184
0.256975
0.272679
0.289345
0.307022
0.325761
0.345611
0.366624
0.388849
0.412336
0.437133
0.463287
0.49084
0.519834
0.550305
0.582286
0.615803
0.650877
0.687521
0.725741
0.765532
0.806881
0.849765
0.89415
0.93999
0.987224
1.03578
1.08558
1.13651
1.18848
1.24135
1.29498
1.34923
1.40394
1.45894
1.51406
1.5691
1.62389
1.67825
1.732
1.78496
1.83698
1.8879
1.93761
1.98601
2.03304
2.07866
2.12289
2.16579
2.20746
2.24806
2.28781
2.32696
2.36581
2.4047
2.44401
2.48412
2.52542
2.56826
2.61298
2.65985
2.70908
2.76077
2.81493
2.87146
2.93014
2.99056
3.05224
3.11456
3.17685
3.23836
3.2983
3.35586
3.41026
3.46072
3.50654
3.54706
3.58171
3.61002
3.6316
3.64619
3.65359
3.65372
3.6466
3.63232
3.61105
3.58303
3.54856
3.508
3.46173
3.41019
3.35381
3.29307
3.22845
3.16042
3.08946
3.01604
2.94063
2.86366
2.78557
2.70677
2.62766
2.5486
2.46993
2.39197
2.31501
2.23932
2.16514
2.09267
2.02216
0.000905248
0.000909478
0.000917397
0.000929025
0.000944346
0.000963333
0.000985956
0.00101218
0.00104196
0.00107525
0.001112
0.00115216
0.00119566
0.00124246
0.00129249
0.0013457
0.00140205
0.0014615
0.001524
0.00158953
0.00165807
0.00172961
0.00180414
0.00188169
0.00196225
0.00204586
0.00213257
0.0022224
0.00231543
0.00241172
0.00251134
0.00261438
0.00272093
0.00283111
0.00294501
0.00306278
0.00318454
0.00331044
0.00344065
0.00357532
0.00371465
0.00385882
0.00400805
0.00416255
0.00432256
0.00448834
0.00466015
0.00483827
0.00502302
0.0052147
0.00541367
0.00562028
0.00583493
0.00605802
0.00628998
0.00653128
0.00678241
0.00704389
0.00731627
0.00760014
0.00789612
0.00820487
0.00852709
0.00886354
0.009215
0.00958231
0.00996636
0.0103681
0.0107886
0.0112288
0.01169
0.0121732
0.0126799
0.0132114
0.0137691
0.0143546
0.0149695
0.0156156
0.0162947
0.0170089
0.0177602
0.0185509
0.0193833
0.0202601
0.0211839
0.0221577
0.0231844
0.0242675
0.0254103
0.0266167
0.0278906
0.0292362
0.0306581
0.0321611
0.0337504
0.0354314
0.0372101
0.0390926
0.0410857
0.0431965
0.0454326
0.0478022
0.0503139
0.0529771
0.0558015
0.0587978
0.0619773
0.0653519
0.0689345
0.0727389
0.0767795
0.081072
0.0856329
0.09048
0.095632
0.101109
0.106932
0.113124
0.119709
0.126712
0.13416
0.142081
0.150507
0.159467
0.168997
0.179131
0.189905
0.201359
0.213533
0.226469
0.240209
0.2548
0.270288
0.286721
0.304146
0.322615
0.342177
0.362883
0.384784
0.407929
0.432367
0.458146
0.485312
0.513908
0.543973
0.575544
0.608653
0.643324
0.679576
0.717422
0.756864
0.797898
0.84051
0.884676
0.93036
0.977515
1.02608
1.07598
1.12714
1.17945
1.2328
1.28706
1.3421
1.39777
1.45391
1.51034
1.56689
1.62338
1.67962
1.73542
1.79061
1.84502
1.89848
1.95085
2.00201
2.05186
2.10036
2.14748
2.19327
2.23779
2.2812
2.32369
2.36552
2.40698
2.44843
2.49028
2.53294
2.57683
2.62238
2.66996
2.71989
2.77243
2.82772
2.88578
2.94653
3.00973
3.07496
3.14167
3.2092
3.27677
3.34356
3.40869
3.47128
3.53044
3.58532
3.63516
3.67924
3.71696
3.74781
3.77139
3.78742
3.79572
3.79623
3.78898
3.77408
3.75174
3.72224
3.68592
3.64315
3.59438
3.54006
3.48068
3.41673
3.34873
3.27718
3.20259
3.12545
3.04624
2.96542
2.88343
2.80072
2.71768
2.63468
2.55206
2.47015
2.38924
2.30958
2.23144
2.15501
2.08052
0.000925794
0.000930048
0.000938001
0.000949675
0.000965053
0.00098411
0.00100681
0.00103313
0.00106301
0.00109642
0.00113329
0.00117358
0.00121723
0.00126417
0.00131436
0.00136774
0.00142427
0.00148389
0.00154657
0.00161229
0.00168102
0.00175274
0.00182747
0.00190519
0.00198594
0.00206973
0.0021566
0.0022466
0.00233977
0.0024362
0.00253595
0.0026391
0.00274574
0.00285599
0.00296995
0.00308775
0.00320952
0.00333541
0.00346557
0.00360017
0.00373939
0.00388342
0.00403246
0.00418674
0.00434649
0.00451196
0.00468341
0.00486112
0.0050454
0.00523656
0.00543494
0.0056409
0.00585483
0.00607712
0.00630821
0.00654857
0.00679866
0.00705902
0.00733019
0.00761276
0.00790733
0.00821458
0.00853519
0.00886992
0.00921954
0.00958489
0.00996687
0.0103664
0.0107845
0.0112223
0.0116808
0.0121614
0.0126651
0.0131935
0.013748
0.0143301
0.0149415
0.0155839
0.0162591
0.0169692
0.0177162
0.0185024
0.0193301
0.0202019
0.0211206
0.0220889
0.02311
0.0241871
0.0253237
0.0265236
0.0277906
0.0291289
0.0305432
0.0320381
0.0336188
0.0352908
0.0370598
0.0389321
0.0409143
0.0430134
0.045237
0.0475931
0.0500903
0.0527377
0.0555452
0.058523
0.0616823
0.065035
0.0685937
0.0723717
0.0763836
0.0806444
0.0851706
0.0899794
0.0950892
0.10052
0.106291
0.112427
0.118949
0.125883
0.133256
0.141094
0.149427
0.158288
0.167707
0.177719
0.188361
0.19967
0.211686
0.22445
0.238004
0.252393
0.267663
0.283861
0.301036
0.319236
0.338512
0.358914
0.380494
0.403302
0.427389
0.452802
0.479591
0.507799
0.53747
0.568644
0.601359
0.635644
0.671525
0.709017
0.748132
0.788874
0.831239
0.875214
0.920774
0.967883
1.01649
1.06655
1.11797
1.17068
1.22457
1.27953
1.33544
1.39216
1.44953
1.5074
1.56559
1.62393
1.68222
1.74028
1.79792
1.85496
1.91122
1.96654
2.02077
2.07378
2.1255
2.17587
2.22489
2.27263
2.3192
2.36477
2.40959
2.45396
2.49825
2.54289
2.58833
2.63504
2.6835
2.73414
2.78736
2.84344
2.90257
2.96482
3.0301
3.09816
3.16856
3.24067
3.31375
3.38694
3.45932
3.52991
3.59773
3.66179
3.72117
3.77504
3.82262
3.86327
3.89645
3.92177
3.93894
3.9478
3.9483
3.9405
3.92456
3.90072
3.8693
3.83067
3.78527
3.73356
3.67604
3.61324
3.54569
3.47394
3.39852
3.31997
3.23878
3.15548
3.07053
2.98439
2.89753
2.81034
2.72321
2.63648
2.55048
2.4655
2.38181
2.29964
2.2192
2.14069
0.000945418
0.000949687
0.000957662
0.000969362
0.000984771
0.00100387
0.00102661
0.00105298
0.00108291
0.00111638
0.00115332
0.00119368
0.0012374
0.00128442
0.0013347
0.00138817
0.00144478
0.0015045
0.00156727
0.00163308
0.0017019
0.00177372
0.00184852
0.00192633
0.00200715
0.002091
0.00217792
0.00226796
0.00236116
0.00245759
0.00255733
0.00266045
0.00276704
0.00287721
0.00299107
0.00310874
0.00323034
0.00335603
0.00348596
0.00362028
0.00375918
0.00390285
0.00405148
0.0042053
0.00436453
0.00452943
0.00470024
0.00487725
0.00506075
0.00525106
0.00544851
0.00565347
0.0058663
0.0060874
0.00631722
0.00655619
0.0068048
0.00706356
0.00733301
0.00761374
0.00790636
0.00821151
0.00852989
0.00886224
0.00920934
0.00957202
0.00995117
0.0103477
0.0107627
0.0111971
0.0116521
0.0121289
0.0126287
0.013153
0.0137031
0.0142807
0.0148873
0.0155246
0.0161946
0.0168991
0.0176403
0.0184204
0.0192418
0.020107
0.0210187
0.0219798
0.0229932
0.0240623
0.0251905
0.0263816
0.0276393
0.028968
0.0303721
0.0318563
0.0334258
0.0350858
0.0368423
0.0387012
0.0406693
0.0427534
0.044961
0.0473001
0.0497791
0.0524071
0.0551937
0.058149
0.0612842
0.0646107
0.0681411
0.0718885
0.0758671
0.0800918
0.0845786
0.0893444
0.0944073
0.0997866
0.105503
0.111577
0.118032
0.124893
0.132185
0.139936
0.148174
0.15693
0.166235
0.176123
0.18663
0.197792
0.209648
0.222239
0.235607
0.249795
0.264849
0.280814
0.297741
0.315677
0.334672
0.354777
0.376044
0.398524
0.42227
0.447331
0.473755
0.501589
0.530881
0.561675
0.594014
0.627936
0.663471
0.700632
0.739443
0.779919
0.822065
0.865877
0.911344
0.95844
1.00713
1.05738
1.10911
1.16227
1.21676
1.27249
1.32934
1.38719
1.4459
1.50533
1.56529
1.62562
1.68614
1.74666
1.80697
1.86688
1.92621
1.98477
2.04241
2.09894
2.15424
2.20823
2.26089
2.31223
2.36234
2.41137
2.45953
2.50714
2.55456
2.60226
2.65072
2.70047
2.75205
2.80597
2.86267
2.92253
2.98578
3.05251
3.12264
3.19592
3.27185
3.34974
3.42874
3.5079
3.58617
3.66247
3.73568
3.80474
3.86864
3.92646
3.9774
4.02076
4.05601
4.08272
4.10065
4.10963
4.10967
4.10086
4.08339
4.05755
4.02372
3.98231
3.9338
3.8787
3.81755
3.7509
3.67936
3.60348
3.52384
3.44099
3.35547
3.2678
3.17847
3.08797
2.99675
2.90522
2.81378
2.72279
2.63256
2.54339
2.45555
2.36928
2.28478
2.20223
0.000964071
0.00096835
0.000976331
0.000988038
0.00100345
0.00102255
0.00104531
0.00107168
0.00110162
0.00113509
0.00117204
0.0012124
0.00125613
0.00130316
0.00135345
0.00140692
0.00146354
0.00152327
0.00158605
0.00165186
0.00172067
0.00179247
0.00186726
0.00194504
0.00202582
0.00210962
0.00219647
0.00228643
0.00237953
0.00247584
0.00257542
0.00267837
0.00278476
0.0028947
0.00300829
0.00312565
0.00324692
0.00337222
0.00350172
0.00363557
0.00377394
0.00391702
0.00406502
0.00421813
0.00437659
0.00454064
0.00471053
0.00488655
0.00506897
0.00525811
0.0054543
0.00565789
0.00586925
0.00608878
0.0063169
0.00655406
0.00680072
0.00705741
0.00732465
0.00760302
0.00789312
0.0081956
0.00851114
0.00884048
0.00918438
0.00954368
0.00991925
0.010312
0.010723
0.0111532
0.0116037
0.0120758
0.0125708
0.0130899
0.0136346
0.0142064
0.014807
0.015438
0.0161014
0.016799
0.017533
0.0183055
0.0191189
0.0199758
0.0208788
0.0218308
0.0228347
0.0238938
0.0250116
0.0261917
0.027438
0.0287547
0.0301462
0.0316172
0.0331728
0.0348183
0.0365593
0.0384021
0.0403531
0.0424192
0.0446078
0.0469266
0.0493842
0.0519893
0.0547515
0.0576809
0.0607882
0.064085
0.0675834
0.0712964
0.075238
0.0794227
0.0838664
0.0885855
0.0935979
0.0989223
0.104579
0.110588
0.116974
0.123758
0.130968
0.138628
0.146768
0.155417
0.164607
0.17437
0.184741
0.195756
0.207454
0.219873
0.233057
0.247047
0.261888
0.277627
0.294311
0.311991
0.330715
0.350533
0.371496
0.39366
0.417081
0.44181
0.467885
0.495363
0.524294
0.554726
0.586706
0.620274
0.655467
0.692316
0.730846
0.771081
0.813035
0.856716
0.902123
0.949245
0.998061
1.04854
1.10064
1.1543
1.20945
1.26602
1.3239
1.38298
1.44314
1.50424
1.56612
1.62862
1.69155
1.75473
1.81795
1.88101
1.9437
2.00582
2.06717
2.12756
2.18684
2.24487
2.30158
2.35695
2.41104
2.46396
2.51586
2.56706
2.61795
2.66899
2.72074
2.77377
2.82868
2.88608
2.94649
3.01036
3.07799
3.14951
3.22484
3.30372
3.38557
3.46963
3.55493
3.6404
3.72484
3.80703
3.88577
3.95986
4.02821
4.08985
4.1439
4.18966
4.22658
4.25425
4.27245
4.28105
4.28009
4.26971
4.25016
4.22179
4.18501
4.1403
4.08819
4.02923
3.96401
3.89313
3.8172
3.73684
3.65263
3.56517
3.475
3.38269
3.28873
3.19363
3.09784
3.00179
2.90587
2.81046
2.71587
2.62241
2.53034
2.43991
2.3513
2.2647
0.000981724
0.000986004
0.000993979
0.00100567
0.00102107
0.00104014
0.00106287
0.0010892
0.0011191
0.00115252
0.00118942
0.00122973
0.0012734
0.00132037
0.00137058
0.00142399
0.00148054
0.00154018
0.00160287
0.00166859
0.0017373
0.00180899
0.00188366
0.0019613
0.00204193
0.00212556
0.00221223
0.00230197
0.00239484
0.00249089
0.00259019
0.00269282
0.00279886
0.00290841
0.00302157
0.00313846
0.00325921
0.00338394
0.00351282
0.00364599
0.00378362
0.0039259
0.00407302
0.00422519
0.00438263
0.00454557
0.00471427
0.004889
0.00507004
0.00525769
0.00545229
0.00565416
0.00586369
0.00608126
0.00630728
0.0065422
0.00678648
0.00704062
0.00730516
0.00758065
0.0078677
0.00816693
0.00847904
0.00880474
0.00914479
0.00950001
0.00987128
0.0102595
0.0106657
0.0110908
0.011536
0.0120025
0.0124916
0.0130045
0.0135427
0.0141077
0.0147011
0.0153246
0.0159801
0.0166695
0.0173948
0.0181583
0.0189623
0.0198092
0.0207019
0.021643
0.0226356
0.0236829
0.0247883
0.0259554
0.0271882
0.0284907
0.0298674
0.0313229
0.0328622
0.0344906
0.0362138
0.0380378
0.039969
0.0420143
0.044181
0.0464768
0.0489099
0.0514892
0.054224
0.0571244
0.0602008
0.0634647
0.0669281
0.0706037
0.0745052
0.078647
0.0830445
0.0877141
0.0926732
0.0979402
0.103535
0.109477
0.11579
0.122497
0.129622
0.137191
0.145232
0.153775
0.162849
0.172488
0.182724
0.193595
0.205137
0.217389
0.230393
0.244191
0.258828
0.274347
0.290798
0.308231
0.3267
0.346243
0.366916
0.388775
0.411874
0.436267
0.462005
0.48914
0.517726
0.547814
0.579453
0.612692
0.647572
0.684132
0.722408
0.76243
0.804222
0.847805
0.893187
0.940371
0.989352
1.04011
1.09262
1.14685
1.20273
1.26021
1.3192
1.37961
1.44133
1.50424
1.56819
1.63302
1.69857
1.76463
1.83102
1.89751
1.96389
2.02992
2.09539
2.16008
2.22377
2.28631
2.34756
2.40745
2.46597
2.52319
2.57926
2.63445
2.68916
2.74388
2.79921
2.85577
2.91423
2.97531
3.03965
3.10778
3.18007
3.25669
3.33758
3.42246
3.51065
3.60129
3.69327
3.78535
3.87621
3.96446
4.04876
4.12782
4.20047
4.26565
4.32247
4.37019
4.40827
4.43635
4.45423
4.46184
4.45927
4.44671
4.42449
4.393
4.35272
4.30417
4.24793
4.18462
4.11487
4.03931
3.9586
3.87337
3.78425
3.69186
3.59676
3.49954
3.40071
3.30078
3.20022
3.09948
2.99894
2.89897
2.79992
2.70207
2.60571
2.51105
2.4183
2.32763
0.00099836
0.00100263
0.00101059
0.00102225
0.0010376
0.00105662
0.00107928
0.00110553
0.00113535
0.00116867
0.00120546
0.00124565
0.00128919
0.00133603
0.00138611
0.00143936
0.00149575
0.00155522
0.00161774
0.00168327
0.00175178
0.00182326
0.0018977
0.0019751
0.00205546
0.00213881
0.00222517
0.00231459
0.00240709
0.00250275
0.00260163
0.00270379
0.00280933
0.00291833
0.00303091
0.00314716
0.00326721
0.0033912
0.00351926
0.00365155
0.00378824
0.0039295
0.00407552
0.00422651
0.00438268
0.00454426
0.00471149
0.00488465
0.00506401
0.00524986
0.00544254
0.00564236
0.0058497
0.00606493
0.00628846
0.00652073
0.00676219
0.00701334
0.0072747
0.00754681
0.00783028
0.00812573
0.00843382
0.00875527
0.00909083
0.00944132
0.00980757
0.0101905
0.0105911
0.0110104
0.0114495
0.0119095
0.0123917
0.0128974
0.0134281
0.0139852
0.0145703
0.0151852
0.0158315
0.0165114
0.0172267
0.0179798
0.0187728
0.0196084
0.0204891
0.0214178
0.0223973
0.023431
0.0245222
0.0256746
0.0268918
0.0281782
0.0295379
0.0309758
0.0324966
0.0341057
0.0358087
0.0376116
0.0395207
0.0415428
0.0436851
0.0459552
0.0483614
0.0509123
0.0536173
0.056486
0.0595291
0.0627576
0.0661834
0.0698192
0.0736782
0.0777749
0.0821242
0.0867423
0.0916463
0.0968542
0.102385
0.10826
0.1145
0.121128
0.128169
0.135647
0.143591
0.152028
0.160989
0.170506
0.180612
0.191342
0.202734
0.214825
0.227655
0.24127
0.255714
0.271023
0.287247
0.304439
0.322646
0.34192
0.362312
0.383877
0.406671
0.430748
0.456164
0.482974
0.511234
0.540999
0.572322
0.605255
0.639848
0.676148
0.714197
0.754036
0.795699
0.839216
0.884609
0.931896
0.981083
1.03217
1.08515
1.13999
1.19667
1.25513
1.31532
1.37716
1.44056
1.50541
1.57158
1.63894
1.7073
1.7765
1.84633
1.91657
1.98699
2.05734
2.12737
2.19682
2.26545
2.33304
2.39939
2.46437
2.52789
2.58997
2.65073
2.7104
2.76935
2.82809
2.88725
2.94755
3.00978
3.07475
3.14323
3.21585
3.29309
3.37516
3.462
3.55328
3.64824
3.74587
3.8449
3.94389
4.04135
4.13573
4.22554
4.30939
4.38601
4.45431
4.51337
4.56249
4.60113
4.62897
4.64586
4.65179
4.64692
4.63152
4.60596
4.57071
4.5263
4.47332
4.41242
4.34424
4.26947
4.18879
4.10287
4.0124
3.91803
3.82039
3.72008
3.61769
3.51376
3.40881
3.30331
3.19771
3.09241
2.98779
2.88418
2.78188
2.68115
2.58223
2.48533
2.39059
0.00101398
0.00101824
0.00102616
0.00103777
0.00105306
0.00107199
0.00109454
0.00112068
0.00115036
0.00118353
0.00122016
0.00126017
0.00130352
0.00135016
0.00140002
0.00145305
0.00150919
0.00156841
0.00163067
0.00169591
0.00176413
0.0018353
0.00190941
0.00198645
0.00206644
0.00214939
0.00223533
0.00232429
0.00241631
0.00251144
0.00260976
0.00271132
0.0028162
0.00292451
0.00303633
0.00315178
0.00327097
0.00339402
0.00352109
0.00365231
0.00378785
0.00392788
0.00407258
0.00422215
0.00437681
0.00453677
0.00470228
0.00487359
0.00505098
0.00523474
0.00542518
0.00562262
0.00582742
0.00603995
0.00626062
0.00648984
0.00672807
0.00697578
0.0072335
0.00750176
0.00778115
0.00807228
0.00837581
0.00869243
0.0090229
0.00936801
0.00972859
0.0101056
0.0104999
0.0109125
0.0113446
0.0117973
0.0122718
0.0127694
0.0132916
0.0138398
0.0144156
0.0150206
0.0156567
0.0163258
0.01703
0.0177713
0.0185521
0.0193748
0.0202421
0.0211568
0.0221218
0.0231402
0.0242156
0.0253513
0.0265513
0.0278196
0.0291606
0.0305789
0.0320793
0.0336671
0.0353479
0.0371275
0.0390123
0.0410091
0.0431248
0.0453672
0.0477444
0.0502648
0.0529377
0.0557729
0.0587805
0.0619718
0.0653583
0.0689524
0.0727675
0.0768175
0.0811174
0.0856829
0.0905309
0.0956793
0.101147
0.106954
0.113121
0.119672
0.126629
0.134018
0.141867
0.150202
0.159053
0.168453
0.178433
0.189029
0.20028
0.212217
0.22488
0.238313
0.25256
0.267662
0.283669
0.300628
0.31859
0.337606
0.357731
0.379018
0.401523
0.425304
0.450418
0.476924
0.504879
0.534343
0.565373
0.598028
0.632362
0.66843
0.706283
0.74597
0.787536
0.831023
0.876465
0.923894
0.973332
1.02479
1.07829
1.13381
1.19135
1.25088
1.31235
1.37572
1.44092
1.50785
1.57641
1.64647
1.71788
1.79047
1.86404
1.93837
2.01323
2.08833
2.16342
2.23818
2.31234
2.3856
2.45771
2.52845
2.59765
2.66526
2.73132
2.79603
2.85971
2.92289
2.98624
3.05057
3.1168
3.18586
3.25867
3.33602
3.41846
3.50629
3.59944
3.69754
3.79968
3.90467
4.01104
4.11715
4.2213
4.32177
4.41692
4.50524
4.58541
4.6563
4.71699
4.7668
4.80525
4.83207
4.84717
4.85063
4.84267
4.82365
4.79401
4.75429
4.70509
4.64707
4.58091
4.50733
4.42705
4.34079
4.24927
4.15319
4.05323
3.95004
3.84426
3.73647
3.62723
3.51707
3.40648
3.29589
3.18573
3.07635
2.96811
2.8613
2.75618
2.65299
2.55193
2.45312
0.00102858
0.00103283
0.0010407
0.00105225
0.00106744
0.00108626
0.00110867
0.00113465
0.00116415
0.00119713
0.00123353
0.00127331
0.00131641
0.00136277
0.00141234
0.00146507
0.00152089
0.00157978
0.00164167
0.00170655
0.00177438
0.00184514
0.00191881
0.0019954
0.00207491
0.00215735
0.00224274
0.00233112
0.00242252
0.002517
0.00261462
0.00271544
0.00281953
0.00292699
0.00303791
0.00315238
0.00327054
0.00339249
0.00351837
0.00364833
0.00378253
0.00392112
0.00406429
0.00421223
0.00436514
0.00452324
0.00468677
0.00485598
0.00503112
0.00521249
0.00540039
0.00559513
0.00579706
0.00600655
0.00622399
0.00644979
0.00668439
0.00692826
0.0071819
0.00744586
0.00772069
0.008007
0.00830543
0.00861669
0.00894148
0.00928061
0.00963489
0.0100052
0.0103925
0.0107978
0.0112222
0.0116667
0.0121327
0.0126214
0.0131341
0.0136724
0.0142379
0.0148321
0.0154569
0.0161141
0.0168059
0.0175342
0.0183015
0.0191101
0.0199627
0.0208619
0.0218109
0.0228126
0.0238705
0.0249881
0.0261693
0.0274179
0.0287384
0.0301354
0.0316136
0.0331783
0.0348351
0.0365897
0.0384485
0.0404181
0.0425056
0.0447185
0.0470648
0.0495531
0.0521925
0.0549924
0.0579633
0.0611159
0.0644619
0.0680134
0.0717836
0.0757864
0.0800363
0.0845491
0.0893413
0.0944305
0.0998352
0.105575
0.111672
0.118147
0.125024
0.132327
0.140085
0.148322
0.157069
0.166361
0.17622
0.186685
0.197791
0.209576
0.222077
0.235336
0.249397
0.264303
0.280102
0.296842
0.314573
0.333348
0.353221
0.374246
0.396483
0.419988
0.444822
0.471045
0.49872
0.527908
0.558673
0.591077
0.625181
0.661048
0.698736
0.738304
0.779808
0.8233
0.86883
0.916441
0.966173
1.01806
1.07212
1.12839
1.18685
1.24752
1.31037
1.37537
1.44248
1.51164
1.58275
1.65572
1.73041
1.80667
1.8843
1.9631
2.04281
2.12317
2.20386
2.28455
2.36491
2.44458
2.52321
2.6005
2.6762
2.75013
2.82225
2.89267
2.96169
3.02981
3.09775
3.16642
3.23686
3.31019
3.38752
3.46978
3.55769
3.6516
3.75145
3.85677
3.96649
4.07919
4.19317
4.30654
4.41737
4.52376
4.62391
4.71622
4.79932
4.87207
4.93358
4.98321
5.02055
5.04541
5.0578
5.05787
5.04594
5.02245
4.98793
4.94299
4.8883
4.82458
4.75258
4.67305
4.58677
4.49449
4.39695
4.2949
4.18904
4.08003
3.96853
3.85513
3.7404
3.62489
3.50906
3.39339
3.27827
3.16408
3.05117
2.93981
2.83029
2.72282
2.61761
2.51477
0.0010422
0.00104642
0.00105424
0.0010657
0.00108077
0.00109945
0.00112169
0.00114747
0.00117675
0.00120948
0.00124561
0.0012851
0.00132788
0.0013739
0.00142312
0.00147546
0.00153089
0.00158935
0.00165081
0.00171523
0.00178257
0.00185282
0.00192596
0.00200199
0.0020809
0.00216272
0.00224745
0.00233514
0.0024258
0.0025195
0.00261629
0.00271623
0.00281939
0.00292585
0.00303571
0.00314906
0.00326602
0.0033867
0.00351122
0.00363974
0.0037724
0.00390936
0.00405079
0.00419687
0.00434782
0.00450383
0.00466514
0.00483198
0.00500462
0.00518333
0.0053684
0.00556014
0.0057589
0.00596502
0.00617888
0.0064009
0.00663149
0.00687112
0.00712029
0.0073795
0.00764933
0.00793035
0.0082232
0.00852857
0.00884715
0.00917973
0.00952711
0.00989018
0.0102698
0.0106671
0.011083
0.0115187
0.0119753
0.0124542
0.0129567
0.0134843
0.0140385
0.0146209
0.0152334
0.0158777
0.016556
0.0172703
0.0180228
0.0188161
0.0196527
0.0205353
0.0214669
0.0224506
0.0234897
0.0245878
0.0257486
0.0269761
0.0282746
0.0296488
0.0311033
0.0326435
0.0342747
0.0360028
0.0378341
0.0397751
0.0418329
0.0440149
0.0463292
0.0487842
0.0513888
0.0541526
0.0570857
0.060199
0.0635039
0.0670125
0.0707377
0.0746933
0.0788937
0.0833545
0.0880919
0.0931233
0.0984672
0.104143
0.110171
0.116574
0.123375
0.130597
0.13827
0.146414
0.15506
0.164239
0.17398
0.184319
0.19529
0.20693
0.219277
0.232373
0.24626
0.260983
0.276588
0.293123
0.31064
0.329191
0.34883
0.369614
0.391602
0.414854
0.439431
0.465397
0.492817
0.521758
0.552285
0.584467
0.618372
0.654069
0.691625
0.731108
0.772585
0.81612
0.861775
0.90961
0.95968
1.01204
1.06672
1.12378
1.18324
1.24512
1.30943
1.37617
1.44532
1.51685
1.59069
1.66677
1.74498
1.82519
1.90723
1.9909
2.07594
2.16208
2.249
2.33631
2.42364
2.51056
2.59662
2.68142
2.76458
2.8458
2.9249
3.00189
3.07698
3.15064
3.22363
3.29696
3.37184
3.44961
3.53159
3.61894
3.71254
3.81283
3.91976
4.0327
4.15039
4.27112
4.3929
4.51356
4.6309
4.74284
4.84745
4.94305
5.02823
5.10188
5.16318
5.21156
5.24671
5.26853
5.27714
5.2728
5.25594
5.22706
5.18681
5.13586
5.07496
5.00488
4.92643
4.84042
4.74765
4.64892
4.545
4.43665
4.32459
4.20952
4.09208
3.97289
3.85253
3.73153
3.61038
3.48954
3.36942
3.25038
3.13277
3.01687
2.90295
2.79123
2.68191
2.57509
0.00105486
0.00105905
0.0010668
0.00107815
0.00109309
0.0011116
0.00113364
0.00115919
0.0011882
0.00122063
0.00125644
0.00129558
0.00133798
0.0013836
0.00143239
0.00148428
0.00153923
0.0015972
0.00165813
0.001722
0.00178876
0.00185841
0.00193092
0.00200628
0.0020845
0.00216559
0.00224955
0.00233642
0.00242623
0.00251903
0.00261486
0.00271378
0.00281587
0.00292119
0.00302985
0.00314192
0.00325753
0.00337677
0.00349977
0.00362667
0.00375761
0.00389274
0.00403224
0.00417627
0.00432504
0.00447874
0.00463759
0.00480184
0.00497172
0.0051475
0.00532947
0.00551794
0.00571322
0.00591566
0.00612564
0.00634353
0.00656977
0.0068048
0.0070491
0.00730318
0.00756758
0.00784287
0.00812969
0.00842868
0.00874056
0.00906606
0.009406
0.00976123
0.0101327
0.0105213
0.0109281
0.0113542
0.0118008
0.0122692
0.0127606
0.0132767
0.0138187
0.0143885
0.0149877
0.0156183
0.016282
0.0169812
0.0177181
0.0184949
0.0193144
0.0201792
0.0210923
0.0220567
0.0230758
0.0241531
0.0252923
0.0264974
0.0277727
0.0291228
0.0305524
0.0320667
0.0336711
0.0353715
0.0371741
0.0390854
0.0411125
0.0432628
0.0455441
0.0479649
0.0505342
0.0532614
0.0561565
0.0592304
0.0624942
0.0659602
0.0696411
0.0735504
0.0777025
0.0821128
0.0867975
0.0917737
0.0970596
0.102674
0.108638
0.114975
0.121703
0.128847
0.136433
0.144486
0.153035
0.162109
0.17174
0.181961
0.192806
0.204312
0.216517
0.229462
0.243189
0.257742
0.273168
0.289516
0.306836
0.325182
0.344608
0.365173
0.386935
0.409957
0.434303
0.460039
0.487232
0.515953
0.546272
0.578264
0.612002
0.647561
0.685019
0.724453
0.765938
0.809552
0.855371
0.90347
0.953921
1.00679
1.06215
1.12006
1.18058
1.24375
1.3096
1.37818
1.44948
1.52352
1.60026
1.67966
1.76164
1.8461
1.93291
2.02186
2.11274
2.20526
2.29907
2.39379
2.48897
2.58411
2.67867
2.77211
2.86391
2.95359
3.04082
3.12543
3.20751
3.28747
3.36607
3.44443
3.52397
3.60629
3.69301
3.78557
3.88504
3.99198
4.10633
4.22727
4.35325
4.48224
4.61188
4.73966
4.86314
4.98002
5.08826
5.18615
5.2723
5.34566
5.40549
5.45135
5.48304
5.50061
5.50427
5.49442
5.47158
5.43637
5.3895
5.33173
5.26389
5.18681
5.10134
5.00833
4.90862
4.80304
4.69239
4.57745
4.45895
4.33759
4.21405
4.08893
3.96282
3.83625
3.70971
3.58366
3.45851
3.33462
3.21232
3.09191
2.97363
2.85771
2.74434
2.6336
0.00106661
0.00107075
0.00107843
0.00108966
0.00110444
0.00112275
0.00114456
0.00116983
0.00119854
0.00123063
0.00126607
0.0013048
0.00134677
0.00139192
0.00144021
0.00149159
0.00154599
0.00160337
0.0016637
0.00172693
0.00179304
0.00186199
0.00193377
0.00200837
0.00208579
0.00216603
0.00224912
0.00233506
0.0024239
0.00251567
0.00261042
0.0027082
0.00280909
0.00291314
0.00302045
0.0031311
0.0032452
0.00336285
0.00348416
0.00360928
0.00373833
0.00387146
0.00400883
0.00415062
0.00429701
0.00444819
0.00460438
0.00476579
0.00493268
0.0051053
0.00528393
0.00546885
0.00566038
0.00585886
0.00606464
0.00627811
0.00649967
0.00672976
0.00696884
0.00721741
0.007476
0.00774517
0.00802552
0.00831771
0.00862241
0.00894037
0.00927236
0.00961922
0.00998186
0.0103612
0.0107583
0.0111743
0.0116102
0.0120674
0.0125471
0.0130508
0.01358
0.0141364
0.0147215
0.0153373
0.0159858
0.016669
0.0173892
0.0181487
0.0189501
0.0197961
0.0206896
0.0216337
0.0226317
0.0236871
0.0248037
0.0259854
0.0272364
0.0285613
0.0299649
0.0314524
0.0330291
0.0347009
0.036474
0.0383549
0.0403505
0.0424684
0.0447164
0.0471028
0.0496366
0.0523272
0.0551846
0.0582194
0.061443
0.0648674
0.0685052
0.0723699
0.0764758
0.0808382
0.0854731
0.0903972
0.0956293
0.101188
0.107091
0.11336
0.120017
0.127086
0.134592
0.14256
0.151019
0.159998
0.169527
0.17964
0.19037
0.201754
0.21383
0.226638
0.240219
0.25462
0.269885
0.286063
0.303207
0.321368
0.340604
0.360973
0.382535
0.405354
0.429496
0.455029
0.482024
0.510556
0.540699
0.572533
0.606136
0.641593
0.678988
0.718406
0.759936
0.803666
0.849687
0.898089
0.948962
1.00239
1.05848
1.11729
1.17892
1.24344
1.31092
1.38142
1.455
1.53167
1.61147
1.69439
1.78039
1.86941
1.96134
2.05603
2.15326
2.25278
2.35424
2.45723
2.56125
2.66572
2.77002
2.87345
2.9753
3.0749
3.17168
3.26524
3.35549
3.4427
3.52761
3.61144
3.69585
3.78279
3.87425
3.97202
4.07746
4.19125
4.31328
4.4425
4.57701
4.71433
4.85167
4.98616
5.11507
5.23594
5.34666
5.44553
5.53124
5.60283
5.65972
5.70161
5.72845
5.74042
5.73788
5.72136
5.69147
5.64895
5.59458
5.52922
5.45374
5.36903
5.27599
5.1755
5.06845
4.95567
4.838
4.71622
4.59108
4.46328
4.3335
4.20235
4.07042
3.93824
3.8063
3.67504
3.54488
3.41617
3.28923
3.16435
3.04178
2.92174
2.80441
2.68985
0.00107749
0.00108158
0.00108917
0.00110027
0.00111487
0.00113296
0.0011545
0.00117947
0.00120784
0.00123955
0.00127456
0.00131283
0.00135431
0.00139894
0.00144667
0.00149745
0.00155123
0.00160796
0.0016676
0.00173012
0.00179547
0.00186363
0.00193459
0.00200834
0.00208486
0.00216416
0.00224626
0.00233117
0.00241893
0.00250955
0.0026031
0.00269962
0.00279918
0.00290183
0.00300766
0.00311675
0.0032292
0.00334511
0.00346458
0.00358775
0.00371475
0.00384571
0.00398079
0.00412015
0.00426397
0.00441244
0.00456575
0.00472414
0.00488782
0.00505705
0.00523209
0.00541323
0.00560076
0.00579501
0.00599633
0.00620508
0.00642167
0.00664651
0.00688005
0.00712277
0.0073752
0.00763787
0.00791138
0.00819636
0.00849347
0.00880344
0.00912703
0.00946507
0.00981842
0.010188
0.0105749
0.0109801
0.0114048
0.0118501
0.0123175
0.0128083
0.0133239
0.0138661
0.0144365
0.0150368
0.0156692
0.0163356
0.0170382
0.0177795
0.018562
0.0193884
0.0202615
0.0211844
0.0221604
0.0231931
0.0242861
0.0254434
0.0266693
0.0279683
0.0293452
0.0308051
0.0323534
0.033996
0.035739
0.037589
0.039553
0.0416384
0.0438529
0.0462051
0.0487038
0.0513583
0.0541788
0.0571757
0.0603605
0.0637449
0.0673417
0.0711643
0.0752267
0.0795442
0.084134
0.0890091
0.0941884
0.0996905
0.105535
0.111742
0.118335
0.125335
0.132769
0.140661
0.149039
0.157932
0.16737
0.177386
0.188014
0.19929
0.211251
0.223937
0.237391
0.251656
0.266779
0.282809
0.299798
0.317799
0.336868
0.357066
0.378454
0.401098
0.425065
0.450426
0.477255
0.50563
0.53563
0.567339
0.600842
0.636231
0.673597
0.713035
0.754645
0.798528
0.844788
0.89353
0.944863
0.998895
1.05574
1.1155
1.1783
1.24423
1.3134
1.38591
1.46185
1.5413
1.62431
1.71094
1.80119
1.89505
1.99246
2.09332
2.19746
2.30463
2.41452
2.5267
2.64065
2.75573
2.87118
2.98618
3.09979
3.21109
3.3192
3.42343
3.52336
3.61906
3.71118
3.80101
3.8905
3.98204
4.07812
4.18099
4.29233
4.41298
4.54283
4.68046
4.82351
4.96897
5.11354
5.25395
5.3872
5.51071
5.62237
5.72056
5.8041
5.87222
5.92449
5.9608
5.98127
5.98625
5.97622
5.95185
5.91386
5.86307
5.80037
5.72667
5.6429
5.55001
5.44891
5.34055
5.2258
5.10555
4.98062
4.85182
4.71989
4.58554
4.44945
4.31224
4.17447
4.03669
3.89937
3.76295
3.62783
3.49436
3.36287
3.23362
3.10687
2.98281
2.86163
2.74337
0.00108756
0.0010916
0.00109909
0.00111004
0.00112444
0.00114229
0.00116354
0.00118817
0.00121615
0.00124743
0.00128198
0.00131975
0.00136068
0.00140472
0.00145183
0.00150196
0.00155504
0.00161105
0.00166993
0.00173164
0.00179616
0.00186346
0.00193351
0.0020063
0.00208183
0.00216009
0.0022411
0.00232488
0.00241143
0.00250081
0.00259305
0.00268819
0.00278629
0.00288741
0.00299164
0.00309904
0.0032097
0.00332373
0.00344122
0.0035623
0.00368709
0.00381572
0.00394834
0.00408511
0.00422619
0.00437176
0.00452202
0.00467718
0.00483746
0.00500309
0.00517433
0.00535146
0.00553476
0.00572454
0.00592115
0.00612493
0.00633628
0.00655558
0.00678329
0.00701987
0.00726582
0.00752167
0.00778799
0.0080654
0.00835456
0.00865615
0.00897094
0.00929972
0.00964335
0.0100027
0.0103789
0.0107729
0.0111857
0.0116188
0.0120732
0.0125505
0.013052
0.0135794
0.0141343
0.0147186
0.0153342
0.0159831
0.0166675
0.0173899
0.0181527
0.0189587
0.0198106
0.0207116
0.021665
0.0226742
0.023743
0.0248753
0.0260754
0.0273479
0.0286975
0.0301293
0.0316489
0.033262
0.0349748
0.0367939
0.0387262
0.0407793
0.0429609
0.0452794
0.0477437
0.0503633
0.0531482
0.0561089
0.0592567
0.0626036
0.066162
0.0699459
0.0739684
0.0782434
0.0827871
0.0876156
0.0927463
0.0981978
0.103989
0.110142
0.116676
0.123616
0.130986
0.138811
0.147118
0.155937
0.165296
0.175229
0.185769
0.196952
0.208814
0.221397
0.234741
0.248891
0.263894
0.279798
0.296655
0.31452
0.333449
0.353504
0.374747
0.397245
0.421068
0.446289
0.472985
0.501236
0.531126
0.562745
0.596184
0.631539
0.668911
0.708406
0.750131
0.794201
0.840733
0.88985
0.941677
0.996345
1.05399
1.11474
1.17874
1.24613
1.31705
1.39164
1.47003
1.55234
1.63869
1.72919
1.82389
1.92286
2.0261
2.13355
2.24512
2.3606
2.47972
2.60208
2.72712
2.85418
2.9824
3.11078
3.23818
3.36334
3.48502
3.60208
3.71369
3.81953
3.92004
4.01656
4.11136
4.20739
4.3078
4.41541
4.53234
4.65963
4.79712
4.94297
5.09424
5.24727
5.39814
5.54318
5.67917
5.80351
5.91416
6.00967
6.08906
6.15178
6.19763
6.22667
6.23923
6.2358
6.21703
6.18367
6.13659
6.07667
6.00488
5.92218
5.82957
5.72801
5.61848
5.5019
5.37921
5.25128
5.11894
4.983
4.84422
4.70329
4.56089
4.41763
4.27407
4.13074
3.98811
3.84662
3.70665
3.56855
3.43262
3.29914
3.16833
3.0404
2.91552
2.79372
0.00109688
0.00110088
0.00110825
0.00111904
0.00113323
0.0011508
0.00117173
0.001196
0.00122356
0.00125438
0.00128842
0.00132562
0.00136596
0.00140936
0.00145579
0.00150519
0.00155752
0.00161273
0.00167077
0.00173161
0.00179522
0.00186156
0.00193062
0.00200237
0.00207681
0.00215394
0.00223377
0.0023163
0.00240157
0.00248959
0.0025804
0.00267405
0.00277059
0.00287007
0.00297256
0.00307815
0.0031869
0.00329892
0.00341429
0.00353314
0.00365558
0.00378174
0.00391175
0.00404576
0.00418394
0.00432646
0.00447349
0.00462525
0.00478194
0.00494378
0.00511104
0.00528395
0.00546281
0.00564792
0.00583959
0.00603817
0.00624403
0.00645755
0.00667917
0.00690934
0.00714853
0.00739726
0.0076561
0.00792563
0.0082065
0.00849938
0.00880501
0.00912416
0.00945769
0.00980648
0.0101715
0.0105538
0.0109545
0.0113747
0.0118157
0.012279
0.0127658
0.0132779
0.0138169
0.0143845
0.0149827
0.0156136
0.0162793
0.0169822
0.0177247
0.0185097
0.0193399
0.0202184
0.0211485
0.0221337
0.0231778
0.0242846
0.0254586
0.0267041
0.0280262
0.0294298
0.0309204
0.032504
0.0341867
0.0359752
0.0378763
0.0398977
0.0420471
0.044333
0.0467644
0.0493506
0.0521018
0.0550284
0.0581419
0.0614546
0.064977
0.068723
0.0727064
0.0769418
0.0814447
0.0862313
0.0913191
0.0967261
0.102472
0.108577
0.115062
0.12195
0.129266
0.137035
0.145284
0.15404
0.163334
0.173199
0.183666
0.194772
0.206555
0.219053
0.232308
0.246365
0.26127
0.277072
0.293823
0.311579
0.330397
0.350338
0.371466
0.39385
0.417561
0.442675
0.469271
0.497433
0.52725
0.558814
0.592223
0.627581
0.664995
0.704579
0.746453
0.790743
0.837579
0.887101
0.939452
0.994783
1.05325
1.11502
1.18026
1.24914
1.32184
1.39855
1.47944
1.56469
1.65448
1.74897
1.8483
1.9526
2.06194
2.17636
2.29584
2.42026
2.5494
2.6829
2.82025
2.96076
3.10349
3.2473
3.3908
3.53241
3.6704
3.80307
3.92897
4.04718
4.15772
4.26187
4.36225
4.46256
4.56679
4.67849
4.80027
4.93347
5.07791
5.23127
5.38991
5.54934
5.70498
5.85275
5.98933
6.11219
6.2195
6.31005
6.38314
6.43846
6.47604
6.49617
6.49933
6.48618
6.45751
6.41417
6.35712
6.28733
6.20581
6.1136
6.01171
5.90114
5.78288
5.6579
5.5271
5.39138
5.25158
5.10849
4.96286
4.8154
4.66675
4.51753
4.36828
4.21953
4.07173
3.92531
3.78064
3.63807
3.49787
3.36032
3.22564
3.09401
2.9656
2.84045
0.00110555
0.00110948
0.00111673
0.00112734
0.0011413
0.00115858
0.00117917
0.00120304
0.00123014
0.00126046
0.00129395
0.00133055
0.00137024
0.00141295
0.00145865
0.00150727
0.00155877
0.00161312
0.00167025
0.00173015
0.00179276
0.00185807
0.00192605
0.00199668
0.00206995
0.00214586
0.00222441
0.00230561
0.00238948
0.00247604
0.00256533
0.00265738
0.00275224
0.00284997
0.00295063
0.00305428
0.003161
0.00327088
0.00338402
0.00350051
0.00362047
0.00374401
0.00387128
0.0040024
0.00413753
0.00427684
0.00442049
0.00456869
0.00472163
0.00487952
0.00504261
0.00521114
0.00538537
0.00556561
0.00575215
0.00594532
0.00614548
0.00635301
0.00656832
0.00679183
0.00702402
0.0072654
0.00751649
0.00777787
0.00805017
0.00833404
0.00863021
0.00893943
0.00926253
0.00960038
0.00995392
0.0103242
0.0107122
0.0111193
0.0115465
0.0119953
0.0124671
0.0129635
0.013486
0.0140366
0.014617
0.0152293
0.0158758
0.0165587
0.0172805
0.018044
0.018852
0.0197076
0.0206141
0.021575
0.022594
0.0236751
0.0248227
0.0260412
0.0273356
0.028711
0.030173
0.0317274
0.0333804
0.0351388
0.0370095
0.0390002
0.0411187
0.0433735
0.0457736
0.0483284
0.0510487
0.0539436
0.0570244
0.060303
0.0637917
0.0675035
0.0714524
0.0756528
0.0801203
0.084871
0.0899223
0.0952922
0.101
0.107066
0.113511
0.120359
0.127632
0.135357
0.143559
0.152268
0.161512
0.171324
0.181737
0.192785
0.204507
0.216941
0.230129
0.244116
0.258948
0.274675
0.291348
0.309022
0.327758
0.347616
0.368661
0.390964
0.414597
0.439639
0.466171
0.49428
0.524059
0.555605
0.589021
0.624416
0.661906
0.701614
0.743669
0.788208
0.835377
0.885329
0.938227
0.994241
1.05355
1.11635
1.18284
1.25323
1.32773
1.40657
1.48999
1.57821
1.67149
1.77004
1.87411
1.98388
2.09955
2.22124
2.34903
2.48291
2.62277
2.76833
2.91915
3.07456
3.23362
3.39505
3.55726
3.71829
3.87589
4.02765
4.17123
4.30484
4.42772
4.54083
4.64721
4.75151
4.85881
4.97347
5.09871
5.23622
5.386
5.54527
5.70961
5.87351
6.03162
6.17956
6.31403
6.43273
6.53414
6.61737
6.682
6.72801
6.75564
6.76536
6.75784
6.73387
6.69434
6.64022
6.57253
6.49232
6.40063
6.29854
6.1871
6.06732
5.94021
5.80673
5.66781
5.52432
5.3771
5.22694
5.07457
4.9207
4.76595
4.61093
4.45617
4.30218
4.14941
3.99826
3.8491
3.70225
3.558
3.4166
3.27825
3.14314
3.01141
2.88312
0.00111362
0.00111749
0.00112461
0.00113504
0.00114874
0.00116571
0.00118593
0.00120937
0.001236
0.00126578
0.00129867
0.00133464
0.00137363
0.0014156
0.0014605
0.00150828
0.00155891
0.00161232
0.00166849
0.00172737
0.00178892
0.00185312
0.00191994
0.00198936
0.00206138
0.00213598
0.00221317
0.00229294
0.00237533
0.00246034
0.002548
0.00263836
0.00273145
0.00282732
0.00292603
0.00302764
0.00313223
0.00323986
0.00335064
0.00346466
0.00358202
0.00370283
0.00382722
0.00395532
0.00408727
0.00422324
0.00436338
0.00450787
0.00465691
0.0048107
0.00496947
0.00513346
0.00530291
0.0054781
0.00565934
0.00584693
0.00604122
0.00624256
0.00645136
0.00666803
0.00689302
0.00712682
0.00736994
0.00762295
0.00788645
0.00816107
0.00844753
0.00874655
0.00905895
0.00938558
0.00972737
0.0100853
0.0104605
0.010854
0.0112671
0.0117011
0.0121575
0.0126378
0.0131436
0.0136767
0.0142389
0.0148324
0.0154593
0.0161219
0.0168227
0.0175644
0.01835
0.0191824
0.020065
0.0210013
0.0219952
0.0230505
0.0241717
0.0253633
0.0266302
0.0279777
0.0294114
0.0309371
0.0325612
0.0342904
0.0361319
0.0380932
0.0401823
0.0424081
0.0447792
0.0473044
0.0499941
0.0528588
0.0559095
0.059158
0.0626168
0.0662989
0.0702182
0.0743893
0.0788275
0.0835492
0.0885715
0.0939125
0.0995913
0.105628
0.112044
0.118862
0.126105
0.133799
0.14197
0.150646
0.159857
0.169634
0.18001
0.191021
0.202703
0.215096
0.228242
0.242184
0.256969
0.272647
0.28927
0.306895
0.325579
0.345386
0.366383
0.388639
0.41223
0.437235
0.46374
0.491833
0.521611
0.553175
0.586633
0.622101
0.659701
0.699564
0.74183
0.786646
0.834171
0.884573
0.938033
0.994742
1.0549
1.11874
1.18647
1.25835
1.33464
1.4156
1.50152
1.59271
1.68946
1.79209
1.90091
2.01623
2.13832
2.26745
2.40382
2.54755
2.69867
2.85704
3.02234
3.19399
3.37109
3.55233
3.73594
3.91965
4.10063
4.27566
4.44127
4.59434
4.73282
4.8569
4.96999
5.07801
5.18735
5.3032
5.42935
5.56816
5.72008
5.8823
6.04957
6.21508
6.37259
6.51755
6.6469
6.75867
6.85173
6.9255
6.97985
7.01497
7.0313
7.0295
7.01036
6.97478
6.92375
6.85833
6.77959
6.68864
6.58656
6.47445
6.35338
6.22437
6.08844
5.94654
5.7996
5.64848
5.49401
5.33696
5.17807
5.01801
4.8574
4.69682
4.5368
4.37783
4.22034
4.06472
3.91132
3.76047
3.61242
3.46741
3.32565
3.1873
3.05251
2.92131
0.00112119
0.00112499
0.00113198
0.0011422
0.00115564
0.00117229
0.00119212
0.0012151
0.00124122
0.00127043
0.00130269
0.00133797
0.00137622
0.0014174
0.00146147
0.00150836
0.00155805
0.00161047
0.0016656
0.0017234
0.00178382
0.00184684
0.00191243
0.00198058
0.00205126
0.00212447
0.00220021
0.00227848
0.00235929
0.00244266
0.00252862
0.00261719
0.00270841
0.00280232
0.00289899
0.00299846
0.00310081
0.0032061
0.00331441
0.00342585
0.0035405
0.00365846
0.00377987
0.00390483
0.00403349
0.00416599
0.00430249
0.00444316
0.00458818
0.00473774
0.00489206
0.00505136
0.00521589
0.00538591
0.0055617
0.00574357
0.00593183
0.00612683
0.00632896
0.00653862
0.00675624
0.00698229
0.00721727
0.00746172
0.00771622
0.00798141
0.00825796
0.00854658
0.00884807
0.00916326
0.00949306
0.00983844
0.0102005
0.0105802
0.010979
0.011398
0.0118388
0.0123027
0.0127915
0.0133068
0.0138507
0.014425
0.0150321
0.0156741
0.0163537
0.0170735
0.0178364
0.0186456
0.0195043
0.020416
0.0213847
0.0224144
0.0235093
0.0246743
0.0259142
0.0272343
0.0286404
0.0301383
0.0317345
0.0334358
0.0352495
0.0371833
0.0392446
0.0414421
0.0437849
0.0462824
0.0489446
0.0517823
0.0548065
0.0580292
0.0614627
0.0651203
0.0690158
0.0731638
0.0775797
0.08228
0.0872817
0.0926029
0.0982627
0.104281
0.11068
0.11748
0.124707
0.132385
0.14054
0.149201
0.158396
0.168157
0.178517
0.189512
0.201177
0.213553
0.22668
0.240603
0.25537
0.271029
0.287633
0.305238
0.323904
0.343695
0.364677
0.386923
0.410508
0.435514
0.462028
0.490143
0.519957
0.551576
0.585112
0.620687
0.65843
0.698479
0.740981
0.786097
0.833997
0.884863
0.938892
0.996296
1.0573
1.12215
1.1911
1.26444
1.34247
1.4255
1.51387
1.60794
1.70809
1.81472
1.92822
2.04902
2.17751
2.31409
2.4591
2.61285
2.77552
2.94717
3.12765
3.31655
3.5131
3.71605
3.92357
4.13315
4.34148
4.54445
4.7373
4.9151
5.07374
5.21177
5.33287
5.44444
5.55442
5.66856
5.79131
5.92611
6.07456
6.23491
6.40103
6.56448
6.71786
6.85664
6.97811
7.08072
7.16363
7.2265
7.26942
7.29274
7.29705
7.28313
7.2519
7.20436
7.14158
7.06469
6.97482
6.8731
6.76068
6.63864
6.50807
6.37002
6.22548
6.0754
5.9207
5.76224
5.60082
5.4372
5.2721
5.10617
4.94002
4.77421
4.60926
4.44563
4.28373
4.12396
3.96665
3.81209
3.66054
3.51223
3.36735
3.22605
3.08847
2.95465
0.00112836
0.00113208
0.00113893
0.00114894
0.0011621
0.0011784
0.00119782
0.00122033
0.0012459
0.00127451
0.00130611
0.00134067
0.00137815
0.00141849
0.00146167
0.00150762
0.00155631
0.0016077
0.00166173
0.00171838
0.00177761
0.00183938
0.00190368
0.00197047
0.00203975
0.0021115
0.00218571
0.00226239
0.00234155
0.0024232
0.00250736
0.00259406
0.00268332
0.0027752
0.00286973
0.00296697
0.00306698
0.00316983
0.00327559
0.00338435
0.00349619
0.00361122
0.00372954
0.00385126
0.00397652
0.00410546
0.00423821
0.00437495
0.00451584
0.00466106
0.00481082
0.00496533
0.00512482
0.00528955
0.00545977
0.00563579
0.0058179
0.00600644
0.00620178
0.0064043
0.00661441
0.00683258
0.00705928
0.00729503
0.00754041
0.00779601
0.00806249
0.00834056
0.00863099
0.00893458
0.00925223
0.00958489
0.0099336
0.0102995
0.0106837
0.0110875
0.0115124
0.0119599
0.0124315
0.012929
0.0134543
0.0140094
0.0145965
0.0152179
0.0158761
0.0165739
0.0173142
0.0181001
0.0189349
0.0198223
0.020766
0.0217703
0.0228394
0.0239783
0.0251918
0.0264853
0.0278646
0.0293359
0.0309056
0.0325801
0.0343669
0.0362737
0.0383085
0.04048
0.0427973
0.04527
0.0479082
0.0507226
0.0537246
0.0569261
0.0603396
0.0639785
0.0678569
0.0719893
0.0763913
0.0810791
0.0860699
0.0913819
0.097034
0.103046
0.10944
0.116238
0.123463
0.131141
0.139297
0.14796
0.157158
0.166924
0.17729
0.18829
0.199963
0.212346
0.225482
0.239415
0.254191
0.269861
0.286477
0.304096
0.322778
0.342587
0.36359
0.385861
0.409477
0.434522
0.461084
0.489258
0.519146
0.550856
0.584506
0.620222
0.658137
0.698399
0.741163
0.786597
0.834884
0.886219
0.940815
0.998902
1.06073
1.12656
1.19668
1.27142
1.3511
1.4361
1.5268
1.62362
1.72702
1.83747
1.95547
2.08154
2.21622
2.36004
2.51353
2.67715
2.85131
3.03629
3.23218
3.4388
3.65559
3.88149
4.11474
4.35274
4.59185
4.82721
5.05275
5.2614
5.44605
5.60223
5.73368
5.84827
5.9562
6.06355
6.17574
6.29826
6.435
6.58702
6.74682
6.90473
7.0512
7.18176
7.29408
7.38679
7.45917
7.51099
7.54243
7.55396
7.5463
7.52037
7.47717
7.41782
7.34348
7.25535
7.1546
7.04242
6.91997
6.78836
6.64868
6.50197
6.34923
6.1914
6.02937
5.86399
5.69605
5.52629
5.35541
5.18403
5.01276
4.84214
4.67265
4.50475
4.33885
4.1753
4.01443
3.85652
3.70183
3.55055
3.40288
3.25895
3.1189
2.98276
0.00113522
0.00113886
0.00114556
0.00115535
0.00116822
0.00118416
0.00120314
0.00122515
0.00125016
0.00127814
0.00130905
0.00134285
0.00137951
0.00141898
0.00146123
0.00150619
0.00155384
0.00160413
0.00165702
0.00171247
0.00177044
0.00183091
0.00189384
0.00195921
0.00202701
0.00209723
0.00216985
0.00224487
0.0023223
0.00240215
0.00248444
0.00256918
0.00265641
0.00274617
0.00283849
0.00293341
0.00303101
0.00313133
0.00323445
0.00334045
0.0034494
0.00356139
0.00367654
0.00379494
0.00391672
0.004042
0.00417092
0.00430363
0.00444029
0.00458109
0.0047262
0.00487582
0.00503019
0.00518953
0.00535409
0.00552417
0.00570003
0.00588202
0.00607047
0.00626576
0.00646827
0.00667846
0.00689678
0.00712374
0.00735988
0.0076058
0.00786212
0.00812954
0.0084088
0.00870069
0.00900609
0.00932594
0.00966124
0.0100131
0.0103827
0.0107712
0.0111802
0.0116111
0.0120654
0.012545
0.0130517
0.0135875
0.0141546
0.0147554
0.0153924
0.0160683
0.016786
0.0175488
0.01836
0.0192232
0.0201424
0.0211217
0.0221656
0.023279
0.0244671
0.0257349
0.0270883
0.0285336
0.0300773
0.0317261
0.0334877
0.0353697
0.0373804
0.0395285
0.0418233
0.0442745
0.0468924
0.0496879
0.0526727
0.0558588
0.0592589
0.0628862
0.0667549
0.0708798
0.0752765
0.0799612
0.0849513
0.0902649
0.0959211
0.10194
0.108343
0.115152
0.122391
0.130086
0.138261
0.146945
0.156167
0.165958
0.176352
0.187383
0.199088
0.211505
0.224677
0.238648
0.253465
0.269177
0.285839
0.303505
0.322237
0.3421
0.363161
0.385495
0.409181
0.434302
0.46095
0.48922
0.519218
0.551056
0.584854
0.620741
0.658859
0.699359
0.742403
0.788169
0.83685
0.888653
0.943805
1.00255
1.06516
1.13191
1.20314
1.27918
1.3604
1.44722
1.54007
1.63944
1.74584
1.85982
1.98199
2.11298
2.25344
2.40407
2.56554
2.73854
2.92369
3.12151
3.33237
3.55638
3.79325
4.0422
4.30166
4.56909
4.84071
5.11112
5.37316
5.61766
5.83392
6.0131
6.15794
6.27069
6.36864
6.45912
6.55018
6.65059
6.76807
6.90733
7.05659
7.20865
7.34916
7.47315
7.57828
7.66307
7.72673
7.76905
7.7903
7.79113
7.77243
7.73527
7.68082
7.61034
7.52509
7.42633
7.31534
7.19332
7.06146
6.92089
6.77272
6.61797
6.45763
6.29264
6.12388
5.95216
5.77827
5.60293
5.4268
5.25051
5.07463
4.89968
4.72614
4.55444
4.38497
4.21808
4.05407
3.89323
3.73578
3.58192
3.43182
3.28562
3.14343
3.00531
0.00114186
0.00114543
0.00115197
0.00116153
0.0011741
0.00118966
0.0012082
0.00122969
0.00125411
0.00128143
0.00131162
0.00134464
0.00138045
0.00141901
0.00146028
0.00150421
0.00155078
0.00159992
0.00165161
0.0017058
0.00176247
0.00182157
0.00188308
0.00194697
0.00201324
0.00208185
0.00215281
0.0022261
0.00230174
0.00237972
0.00246006
0.00254278
0.00262791
0.00271547
0.0028055
0.00289804
0.00299314
0.00309087
0.00319127
0.00329443
0.00340041
0.0035093
0.0036212
0.0037362
0.00385442
0.00397597
0.00410098
0.0042296
0.00436197
0.00449826
0.00463864
0.00478332
0.00493249
0.00508637
0.00524521
0.00540927
0.00557884
0.0057542
0.0059357
0.00612369
0.00631855
0.00652069
0.00673058
0.00694868
0.00717554
0.00741171
0.00765783
0.00791454
0.00818258
0.00846273
0.00875584
0.00906283
0.00938468
0.00972249
0.0100774
0.0104507
0.0108437
0.011258
0.0116951
0.0121568
0.0126449
0.0131615
0.0137087
0.014289
0.0149048
0.015559
0.0162545
0.0169945
0.0177823
0.0186219
0.0195172
0.0204722
0.0214914
0.0225799
0.0237428
0.0249855
0.026314
0.0277345
0.0292538
0.0308788
0.0326171
0.0344766
0.0364658
0.0385935
0.0408693
0.0433031
0.0459055
0.0486876
0.0516609
0.0548377
0.0582308
0.0618537
0.0657206
0.0698465
0.074247
0.0789387
0.0839389
0.0892658
0.0949387
0.100978
0.107404
0.11424
0.12151
0.129238
0.137451
0.146176
0.155443
0.165282
0.175728
0.186813
0.198576
0.211055
0.224292
0.238331
0.253219
0.269006
0.285745
0.303493
0.322311
0.342264
0.363421
0.385855
0.409648
0.434884
0.461655
0.49006
0.520204
0.552203
0.586181
0.62227
0.660615
0.701373
0.744714
0.790821
0.839897
0.892158
0.947843
1.00721
1.07055
1.13816
1.21039
1.2876
1.37021
1.45866
1.55343
1.65506
1.76412
1.88125
2.00713
2.14249
2.28811
2.44482
2.61347
2.79493
2.99004
3.19957
3.42417
3.66424
3.91981
4.19035
4.47454
4.76991
5.07249
5.37636
5.67312
5.9513
6.19661
6.39885
6.54326
6.63172
6.69768
6.75302
6.81187
6.88798
6.99232
7.13073
7.28453
7.43905
7.58346
7.70955
7.81442
7.8967
7.95578
7.99178
8.00533
7.99744
7.96931
7.9223
7.85784
7.77734
7.68221
7.57384
7.45355
7.32262
7.18226
7.03362
6.87781
6.71585
6.54873
6.37736
6.20261
6.02529
5.84615
5.66589
5.48517
5.30459
5.12469
4.946
4.76895
4.59398
4.42146
4.25171
4.08504
3.92171
3.76194
3.60591
3.45379
3.3057
3.16176
3.02201
0.00114841
0.00115189
0.00115827
0.00116759
0.00117985
0.00119502
0.00121309
0.00123405
0.00125786
0.00128451
0.00131394
0.00134615
0.00138108
0.00141869
0.00145895
0.00150182
0.00154726
0.00159521
0.00164566
0.00169855
0.00175385
0.00181153
0.00187156
0.00193392
0.00199859
0.00206555
0.00213478
0.00220629
0.00228006
0.00235611
0.00243445
0.00251508
0.00259804
0.00268333
0.00277101
0.0028611
0.00295365
0.00304871
0.00314633
0.00324658
0.00334953
0.00345526
0.00356384
0.00367539
0.00378998
0.00390774
0.00402879
0.00415326
0.00428128
0.00441301
0.00454862
0.00468829
0.00483221
0.0049806
0.00513367
0.00529168
0.0054549
0.00562361
0.00579812
0.00597878
0.00616596
0.00636004
0.00656146
0.0067707
0.00698825
0.00721468
0.00745057
0.00769658
0.00795341
0.00822182
0.00850265
0.0087968
0.00910524
0.00942903
0.00976932
0.0101274
0.0105045
0.0109023
0.0113223
0.0117661
0.0122358
0.0127333
0.0132609
0.0138208
0.0144158
0.0150486
0.0157222
0.0164397
0.0172047
0.018021
0.0188925
0.0198235
0.0208187
0.0218831
0.0230218
0.0242406
0.0255455
0.0269429
0.0284395
0.0300427
0.0317601
0.0335998
0.0355705
0.0376816
0.0399426
0.0423638
0.0449556
0.0477295
0.0506971
0.053871
0.0572641
0.0608903
0.0647637
0.0688996
0.0733139
0.0780232
0.0830449
0.0883975
0.0941003
0.100174
0.106639
0.113518
0.120836
0.128616
0.136886
0.145672
0.155005
0.164916
0.175437
0.186602
0.198449
0.211018
0.224348
0.238485
0.253476
0.26937
0.286221
0.304086
0.323025
0.343104
0.364393
0.386966
0.410903
0.436291
0.463222
0.491796
0.522122
0.554315
0.588502
0.624819
0.663413
0.704446
0.748092
0.794542
0.844002
0.8967
0.952882
1.01282
1.07681
1.14518
1.21829
1.29653
1.38033
1.47018
1.56658
1.67013
1.78144
1.90121
2.03019
2.16921
2.31915
2.48096
2.65563
2.8442
3.04771
3.26715
3.50341
3.75715
4.02867
4.31766
4.62293
4.94195
5.27036
5.60125
5.92446
6.22561
6.48697
6.69804
6.83002
6.88871
6.9151
6.92925
6.95426
7.00979
7.10819
7.25251
7.42043
7.58695
7.7455
7.88314
7.99545
8.08116
8.1402
8.17335
8.18193
8.16753
8.13187
8.0767
8.00375
7.91467
7.81104
7.69436
7.56604
7.4274
7.27971
7.12412
6.96175
6.79361
6.6207
6.4439
6.26407
6.08201
5.89845
5.71407
5.52951
5.34534
5.16212
4.98033
4.8004
4.62275
4.44774
4.27568
4.10686
3.94154
3.77991
3.62217
3.46846
3.3189
3.1736
3.03261
0.00115495
0.00115835
0.00116457
0.00117365
0.00118558
0.00120035
0.00121795
0.00123835
0.00126154
0.00128748
0.00131615
0.00134751
0.00138153
0.00141817
0.0014574
0.00149916
0.00154343
0.00159016
0.00163931
0.00169086
0.00174475
0.00180097
0.00185948
0.00192025
0.00198327
0.00204851
0.00211597
0.00218563
0.00225749
0.00233155
0.00240782
0.00248631
0.00256703
0.00265001
0.00273528
0.00282286
0.0029128
0.00300513
0.00309992
0.00319721
0.00329708
0.00339959
0.00350481
0.00361284
0.00372377
0.0038377
0.00395474
0.00407501
0.00419864
0.00432578
0.00445659
0.00459122
0.00472987
0.00487273
0.00502001
0.00517196
0.00532881
0.00549086
0.00565838
0.00583172
0.0060112
0.00619723
0.00639021
0.0065906
0.00679887
0.00701558
0.00724128
0.00747663
0.0077223
0.00797904
0.00824766
0.00852905
0.00882415
0.00913402
0.0094598
0.00980272
0.0101641
0.0105455
0.0109485
0.0113748
0.0118263
0.012305
0.0128131
0.013353
0.0139273
0.0145389
0.0151908
0.0158863
0.0166288
0.0174223
0.0182707
0.0191786
0.0201506
0.0211918
0.0223076
0.0235038
0.0247866
0.0261626
0.0276386
0.0292222
0.0309213
0.0327445
0.0347007
0.0367991
0.0390496
0.0414627
0.0440491
0.0468204
0.0497886
0.0529664
0.0563671
0.0600046
0.0638934
0.068049
0.0724873
0.0772254
0.0822807
0.0876719
0.0934184
0.0995407
0.10606
0.113
0.120383
0.128234
0.136581
0.14545
0.154872
0.164876
0.175497
0.186768
0.198727
0.211413
0.224866
0.239132
0.254257
0.270291
0.287287
0.305303
0.324399
0.34464
0.366097
0.388844
0.412962
0.438538
0.465664
0.494443
0.524982
0.557399
0.591823
0.62839
0.667252
0.708571
0.752527
0.799312
0.849141
0.902244
0.958876
1.01932
1.08388
1.15289
1.22672
1.3058
1.39056
1.48151
1.57919
1.68422
1.79727
1.91907
2.05044
2.19226
2.34549
2.51117
2.6904
2.88434
3.09419
3.3211
3.56615
3.8302
4.11373
4.41657
4.73757
5.07404
5.42111
5.77088
6.11149
6.42623
6.69513
6.90807
7.03275
7.0739
7.07435
7.05934
7.05906
7.09789
7.18906
7.3337
7.50792
7.68465
7.85656
8.00645
8.12777
8.21874
8.27958
8.31167
8.317
8.29778
8.25626
8.19458
8.11478
8.01874
7.90819
7.78475
7.64991
7.50504
7.35141
7.19022
7.02256
6.84948
6.67193
6.49081
6.30696
6.12114
5.9341
5.74649
5.55893
5.37199
5.18619
5.00202
4.8199
4.64022
4.46333
4.28954
4.11913
3.95234
3.78937
3.63039
3.47555
3.32497
3.17873
3.0369
0.00116162
0.00116492
0.00117098
0.0011798
0.00119141
0.00120577
0.00122288
0.00124272
0.00126526
0.00129049
0.00131837
0.00134887
0.00138195
0.00141759
0.00145574
0.00149637
0.00153944
0.00158491
0.00163274
0.0016829
0.00173535
0.00179006
0.00184699
0.00190613
0.00196746
0.00203094
0.00209657
0.00216434
0.00223423
0.00230625
0.00238041
0.0024567
0.00253514
0.00261576
0.00269856
0.00278358
0.00287086
0.00296043
0.00305233
0.00314662
0.00324336
0.00334261
0.00344443
0.00354892
0.00365614
0.0037662
0.0038792
0.00399525
0.00411448
0.00423701
0.00436299
0.00449257
0.00462594
0.00476327
0.00490477
0.00505065
0.00520116
0.00535656
0.00551712
0.00568315
0.00585499
0.006033
0.00621758
0.00640917
0.00660823
0.00681528
0.00703089
0.00725565
0.00749025
0.00773542
0.00799196
0.00826073
0.00854264
0.00883875
0.00915017
0.00947814
0.00982401
0.0101892
0.0105754
0.0109843
0.0114177
0.0118778
0.0123667
0.0128868
0.0134409
0.0140317
0.0146624
0.0153363
0.0160569
0.0168283
0.0176545
0.0185401
0.0194899
0.0205091
0.0216033
0.0227784
0.0240409
0.0253973
0.026855
0.0284218
0.030106
0.0319161
0.0338613
0.0359511
0.0381956
0.0406055
0.043192
0.0459668
0.0489422
0.0521311
0.0555472
0.0592045
0.063118
0.0673033
0.0717766
0.076555
0.0816564
0.0870996
0.0929041
0.0990906
0.105681
0.112697
0.120164
0.128106
0.13655
0.145524
0.155056
0.165179
0.175924
0.187328
0.199425
0.212256
0.225862
0.240287
0.255577
0.271783
0.288957
0.307158
0.326445
0.346883
0.368544
0.391501
0.415835
0.441633
0.468988
0.498003
0.528785
0.561454
0.596137
0.632975
0.672117
0.71373
0.757992
0.805102
0.855274
0.908743
0.965769
1.02663
1.09165
1.16117
1.23557
1.31526
1.40071
1.49244
1.59101
1.69704
1.81124
1.93436
2.06725
2.21084
2.36612
2.53419
2.71622
2.91344
3.12714
3.35856
3.6089
3.87912
4.1698
4.48085
4.81108
5.15768
5.51542
5.8758
6.22596
6.54791
6.82071
7.0346
7.15678
7.19108
7.18044
7.15203
7.13941
7.16951
7.25619
7.39991
7.57655
7.75866
7.93787
8.09463
8.22095
8.31457
8.3758
8.40639
8.40878
8.3856
8.33945
8.27275
8.18776
8.08649
7.9708
7.84237
7.70273
7.55329
7.39534
7.23007
7.0586
6.88196
6.70109
6.51688
6.33016
6.14171
5.95221
5.76235
5.57272
5.38387
5.19633
5.01055
4.82697
4.64595
4.46784
4.29295
4.12154
3.95384
3.79005
3.63035
3.47486
3.32371
3.17697
3.03474
0.00116851
0.00117172
0.0011776
0.00118618
0.00119744
0.00121139
0.001228
0.00124727
0.00126915
0.00129365
0.00132072
0.00135034
0.00138247
0.00141708
0.00145414
0.00149361
0.00153545
0.00157963
0.0016261
0.00167484
0.0017258
0.00177896
0.00183429
0.00189176
0.00195135
0.00201303
0.00207679
0.00214262
0.0022105
0.00228044
0.00235244
0.00242649
0.00250261
0.00258081
0.00266111
0.00274354
0.00282811
0.00291487
0.00300386
0.00309511
0.00318869
0.00328465
0.00338305
0.00348396
0.00358746
0.00369363
0.00380258
0.0039144
0.0040292
0.00414711
0.00426827
0.00439281
0.00452091
0.00465272
0.00478846
0.00492831
0.00507251
0.0052213
0.00537494
0.00553373
0.00569798
0.00586805
0.00604432
0.00622719
0.00641714
0.00661464
0.00682025
0.00703457
0.00725823
0.00749196
0.00773654
0.0079928
0.00826167
0.00854418
0.00884144
0.00915466
0.00948518
0.00983446
0.0102041
0.0105958
0.0110115
0.0114533
0.0119234
0.0124242
0.0129584
0.013529
0.014139
0.0147919
0.0154913
0.0162413
0.0170461
0.0179105
0.0188392
0.0198377
0.0209118
0.0220675
0.0233114
0.0246506
0.0260928
0.0276459
0.0293182
0.0311187
0.0330568
0.0351422
0.0373855
0.0397975
0.0423897
0.0451743
0.0481638
0.0513715
0.0548112
0.0584973
0.0624452
0.0666706
0.07119
0.0760208
0.0811812
0.0866901
0.0925674
0.0988338
0.105511
0.112622
0.120192
0.128244
0.136805
0.145905
0.155571
0.165836
0.176731
0.188292
0.200555
0.21356
0.227347
0.24196
0.257447
0.273856
0.291242
0.30966
0.329172
0.349841
0.371739
0.394939
0.419522
0.445575
0.473191
0.502471
0.533523
0.566467
0.60143
0.638552
0.677984
0.719891
0.764453
0.811869
0.862352
0.916139
0.973491
1.03469
1.10006
1.16993
1.2447
1.32478
1.41064
1.50279
1.60182
1.70834
1.82305
1.94674
2.08023
2.22447
2.38047
2.54933
2.73223
2.93041
3.14517
3.37776
3.6294
3.90105
4.19331
4.50608
4.83822
5.18688
5.54684
5.90953
6.26203
6.58628
6.86122
7.077
7.20104
7.2374
7.229
7.20289
7.19249
7.22464
7.3132
7.45865
7.63674
7.81973
7.99891
8.15472
8.27925
8.37043
8.42874
8.45608
8.45501
8.42828
8.37857
8.30836
8.21993
8.11534
7.99647
7.86501
7.7225
7.57036
7.40987
7.24224
7.06856
6.88987
6.70711
6.52117
6.33286
6.14294
5.95213
5.76106
5.57034
5.38051
5.1921
5.00554
4.82126
4.63964
4.46101
4.28566
4.11386
3.94584
3.78179
3.62188
3.46625
3.315
3.16822
3.026
0.00117573
0.00117886
0.00118457
0.00119288
0.00120381
0.00121733
0.00123344
0.00125211
0.00127334
0.00129709
0.00132334
0.00135206
0.00138322
0.00141679
0.00145274
0.00149102
0.00153161
0.00157447
0.00161956
0.00166684
0.00171629
0.00176788
0.00182156
0.00187732
0.00193514
0.00199498
0.00205683
0.00212068
0.00218652
0.00225434
0.00232414
0.00239592
0.00246968
0.00254543
0.0026232
0.00270299
0.00278483
0.00286876
0.0029548
0.00304299
0.00313338
0.00322603
0.00332098
0.0034183
0.00351807
0.00362035
0.00372524
0.00383283
0.00394322
0.00405653
0.00417288
0.0042924
0.00441525
0.00454158
0.00467159
0.00480545
0.00494338
0.00508561
0.00523239
0.00538401
0.00554076
0.00570297
0.00587102
0.00604529
0.00622623
0.00641432
0.00661008
0.00681408
0.00702697
0.00724943
0.00748222
0.00772619
0.00798223
0.00825136
0.00853468
0.00883341
0.00914885
0.00948248
0.00983589
0.0102108
0.0106092
0.011033
0.0114847
0.0119666
0.0124815
0.0130324
0.0136224
0.014255
0.014934
0.0156636
0.016448
0.0172921
0.0182011
0.0191804
0.0202359
0.021374
0.0226016
0.0239263
0.0253556
0.0268978
0.0285616
0.0303561
0.0322911
0.0343767
0.0366236
0.0390432
0.0416473
0.0444482
0.047459
0.0506933
0.0541651
0.0578894
0.0618815
0.0661577
0.0707349
0.0756305
0.080863
0.0864517
0.0924167
0.0987788
0.10556
0.112784
0.120474
0.128656
0.137357
0.146603
0.156426
0.166856
0.177926
0.18967
0.202126
0.215332
0.229328
0.24416
0.259873
0.276517
0.294145
0.312813
0.332581
0.353514
0.37568
0.399155
0.424019
0.450356
0.47826
0.507831
0.539177
0.572416
0.607674
0.645091
0.684816
0.727013
0.771862
0.819557
0.870313
0.924363
0.981966
1.0434
1.10899
1.17906
1.254
1.33422
1.42019
1.51241
1.61144
1.71791
1.8325
1.95595
2.08911
2.23288
2.38823
2.55624
2.73804
2.93482
3.1478
3.37818
3.62707
3.89535
4.18355
4.49151
4.81808
5.16055
5.51398
5.87038
6.2177
6.53898
6.81402
7.03238
7.16251
7.20973
7.21683
7.20862
7.21479
7.25953
7.35611
7.50554
7.68373
7.8628
8.03445
8.18145
8.29759
8.38152
8.43395
8.45668
8.45206
8.4226
8.37076
8.29886
8.20906
8.10333
7.98347
7.85116
7.70789
7.55506
7.39397
7.22579
7.05163
6.87252
6.68939
6.50313
6.31456
6.12443
5.93346
5.74228
5.5515
5.36166
5.17327
4.98679
4.80262
4.62115
4.44269
4.26756
4.09601
3.92827
3.76453
3.60495
3.44968
3.29882
3.15245
3.01069
0.0011834
0.00118644
0.00119197
0.00120003
0.00121061
0.00122371
0.0012393
0.00125739
0.00127794
0.00130093
0.00132635
0.00135416
0.00138434
0.00141685
0.00145167
0.00148875
0.00152806
0.00156958
0.00161326
0.00165908
0.00170699
0.00175696
0.00180898
0.001863
0.00191901
0.00197699
0.0020369
0.00209875
0.00216251
0.00222817
0.00229574
0.00236521
0.00243658
0.00250986
0.00258506
0.00266219
0.00274127
0.00282234
0.00290541
0.00299052
0.00307772
0.00316704
0.00325853
0.00335226
0.00344829
0.00354668
0.00364752
0.00375089
0.00385688
0.0039656
0.00407717
0.0041917
0.00430935
0.00443025
0.00455457
0.0046825
0.00481423
0.00494998
0.00509
0.00523453
0.00538388
0.00553835
0.00569829
0.0058641
0.00603618
0.006215
0.00640107
0.00659495
0.00679724
0.00700864
0.00722988
0.00746178
0.00770525
0.00796127
0.00823094
0.00851547
0.00881616
0.00913448
0.00947203
0.00983055
0.010212
0.0106184
0.0110521
0.0115157
0.0120119
0.0125437
0.0131143
0.0137275
0.014387
0.015097
0.0158621
0.0166873
0.0175778
0.0185393
0.019578
0.0207007
0.0219145
0.0232271
0.0246463
0.0261807
0.0278393
0.0296316
0.0315677
0.0336581
0.0359139
0.0383468
0.0409689
0.0437931
0.0468327
0.0501016
0.0536144
0.0573862
0.0614329
0.0657709
0.0704174
0.0753904
0.0807085
0.0863913
0.092459
0.0989329
0.105835
0.113189
0.121019
0.129351
0.13821
0.147626
0.157628
0.168247
0.179515
0.191468
0.204142
0.217576
0.23181
0.246888
0.262856
0.279764
0.297664
0.316611
0.336666
0.357892
0.380358
0.404137
0.429308
0.455956
0.484173
0.514058
0.545717
0.579267
0.614832
0.652548
0.692565
0.735043
0.780157
0.828101
0.879084
0.933335
0.991107
1.05268
1.11835
1.18845
1.26336
1.34347
1.42924
1.52115
1.61975
1.72563
1.83943
1.96189
2.09379
2.23597
2.38935
2.55492
2.73372
2.92683
3.13533
3.36026
3.60257
3.86296
4.14176
4.43869
4.75255
5.08077
5.41889
5.75986
6.09326
6.40438
6.67517
6.89467
7.03537
7.10382
7.14087
7.16587
7.20118
7.26606
7.3728
7.5244
7.69816
7.86807
8.02599
8.15905
8.26337
8.3383
8.38445
8.40322
8.39643
8.36611
8.31432
8.24309
8.15433
8.04988
7.93142
7.80054
7.65871
7.5073
7.34757
7.18071
7.00781
6.82991
6.64794
6.4628
6.27531
6.08624
5.89628
5.7061
5.51629
5.32741
5.13996
4.9544
4.77115
4.59057
4.41302
4.23877
4.0681
3.90123
3.73836
3.57965
3.42524
3.27524
3.12973
2.98886
0.00119162
0.00119457
0.00119993
0.00120773
0.00121796
0.00123063
0.00124571
0.00126319
0.00128306
0.0013053
0.00132988
0.00135677
0.00138595
0.00141739
0.00145106
0.00148693
0.00152496
0.00156511
0.00160737
0.00165169
0.00169803
0.00174638
0.0017967
0.00184897
0.00190315
0.00195923
0.00201718
0.00207699
0.00213864
0.00220213
0.00226744
0.00233457
0.00240353
0.0024743
0.00254691
0.00262136
0.00269767
0.00277586
0.00285595
0.00293797
0.00302196
0.00310795
0.00319599
0.00328613
0.00337842
0.00347293
0.00356974
0.0036689
0.00377053
0.0038747
0.00398152
0.00409111
0.0042036
0.00431912
0.00443783
0.00455991
0.00468553
0.00481489
0.00494824
0.0050858
0.00522787
0.00537473
0.00552673
0.00568422
0.00584761
0.00601735
0.00619392
0.00637788
0.00656981
0.00677038
0.00698032
0.00720044
0.00743161
0.00767483
0.00793118
0.00820185
0.00848815
0.00879156
0.00911366
0.00945622
0.00982118
0.0102107
0.010627
0.0110729
0.0115509
0.0120644
0.0126165
0.013211
0.0138518
0.0145434
0.0152904
0.0160978
0.0169713
0.0179167
0.0189406
0.0200501
0.0212524
0.0225554
0.0239673
0.0254971
0.0271541
0.0289482
0.0308898
0.0329898
0.0352598
0.0377118
0.0403585
0.0432129
0.0462889
0.0496008
0.0531634
0.0569925
0.0611041
0.065515
0.0702429
0.0753059
0.0807231
0.0865141
0.0926997
0.0993013
0.106341
0.113843
0.121832
0.130332
0.139371
0.148977
0.15918
0.17001
0.181501
0.193687
0.206604
0.220292
0.234789
0.250141
0.266392
0.283591
0.301791
0.321046
0.341415
0.362962
0.385754
0.409863
0.435367
0.462349
0.490901
0.521117
0.553105
0.586975
0.622853
0.66087
0.701171
0.743914
0.789269
0.837424
0.888582
0.942966
1.00082
1.06241
1.12803
1.19799
1.27266
1.35242
1.43768
1.52892
1.62665
1.73141
1.84382
1.96455
2.0943
2.23385
2.38403
2.5457
2.71977
2.90716
3.10876
3.32541
3.55778
3.80633
4.07112
4.35162
4.64648
4.95319
5.26765
5.58374
5.89281
6.18306
6.43986
6.65257
6.80805
6.90848
6.98754
7.05643
7.12849
7.21701
7.33259
7.48076
7.64185
7.80079
7.94459
8.06525
8.16055
8.22978
8.27309
8.29127
8.28558
8.25753
8.2088
8.1411
8.05613
7.95555
7.84095
7.71384
7.57565
7.42772
7.2713
7.10758
6.93766
6.76256
6.58325
6.40064
6.21554
6.02874
5.84096
5.65285
5.46502
5.27804
5.09242
4.90862
4.72707
4.54814
4.37218
4.19948
4.03031
3.8649
3.70345
3.54613
3.39307
3.2444
3.1002
2.96061
0.0012005
0.00120336
0.00120854
0.00121607
0.00122596
0.00123819
0.00125276
0.00126964
0.00128883
0.0013103
0.00133403
0.00136
0.00138818
0.00141854
0.00145105
0.00148569
0.00152241
0.0015612
0.00160201
0.00164482
0.00168959
0.00173629
0.00178489
0.00183537
0.00188771
0.00194187
0.00199783
0.00205558
0.00211511
0.00217639
0.00223943
0.00230421
0.00237073
0.00243899
0.00250899
0.00258075
0.00265427
0.00272957
0.00280667
0.0028856
0.00296637
0.00304904
0.00313363
0.00322019
0.00330876
0.00339942
0.00349221
0.00358721
0.0036845
0.00378416
0.00388629
0.00399099
0.00409839
0.00420861
0.00432179
0.0044381
0.00455771
0.0046808
0.00480759
0.00493832
0.00507325
0.00521266
0.00535687
0.00550622
0.00566112
0.00582198
0.00598928
0.00616355
0.00634537
0.00653539
0.00673432
0.00694295
0.00716216
0.00739291
0.00763629
0.00789349
0.00816582
0.00845474
0.00876185
0.00908894
0.00943796
0.00981109
0.0102107
0.0106394
0.0111001
0.0115959
0.0121303
0.012707
0.0133303
0.0140044
0.0147345
0.0155256
0.0163835
0.0173147
0.0183259
0.0194242
0.0206173
0.0219133
0.0233209
0.0248494
0.0265084
0.0283083
0.0302599
0.0323745
0.0346642
0.0371414
0.0398191
0.0427109
0.0458311
0.0491943
0.052816
0.056712
0.060899
0.0653941
0.0702153
0.075381
0.0809106
0.0868243
0.0931427
0.0998878
0.107082
0.114749
0.122914
0.131602
0.14084
0.150657
0.161082
0.172146
0.183882
0.196324
0.209509
0.223474
0.23826
0.253911
0.27047
0.287987
0.306512
0.3261
0.346809
0.368702
0.391843
0.416305
0.442163
0.469499
0.498401
0.528964
0.56129
0.595488
0.631679
0.669991
0.710565
0.753552
0.799117
0.84744
0.898716
0.953159
1.011
1.0725
1.13792
1.20758
1.28181
1.36095
1.44542
1.53564
1.63208
1.73524
1.84568
1.96399
2.09081
2.2268
2.37269
2.52919
2.69705
2.877
3.06971
3.27575
3.49552
3.72916
3.9764
4.2364
4.50758
4.78728
5.07154
5.35478
5.62952
5.88632
6.11415
6.30394
6.45942
6.58337
6.69399
6.79831
6.90382
7.01885
7.15082
7.3034
7.4631
7.62179
7.76335
7.88295
7.97887
8.0503
8.09721
8.12011
8.11998
8.09806
8.05578
7.99467
7.91628
7.82215
7.7138
7.59269
7.46022
7.31772
7.16644
7.00757
6.84222
6.67144
6.49621
6.31744
6.13598
5.95262
5.76809
5.58308
5.39821
5.21404
5.0311
4.84987
4.67078
4.49421
4.32051
4.14999
3.98292
3.81954
3.66005
3.50462
3.3534
3.20651
3.06402
2.92611
0.00121012
0.00121289
0.0012179
0.00122517
0.00123471
0.00124651
0.00126056
0.00127684
0.00129534
0.00131604
0.00133892
0.00136395
0.00139112
0.0014204
0.00145175
0.00148515
0.00152056
0.00155796
0.00159732
0.0016386
0.00168178
0.00172682
0.00177369
0.00182238
0.00187284
0.00192507
0.00197903
0.00203471
0.0020921
0.00215116
0.00221191
0.00227432
0.00233839
0.00240412
0.00247151
0.00254057
0.00261129
0.00268371
0.00275782
0.00283365
0.00291123
0.00299057
0.00307173
0.00315473
0.00323961
0.00332643
0.00341525
0.00350612
0.00359912
0.00369433
0.00379183
0.00389171
0.0039941
0.0040991
0.00420685
0.00431749
0.0044312
0.00454814
0.00466852
0.00479256
0.00492051
0.00505263
0.00518924
0.00533066
0.00547727
0.00562948
0.00578775
0.0059526
0.00612459
0.00630434
0.00649257
0.00669005
0.00689764
0.00711631
0.00734712
0.00759126
0.00785005
0.00812495
0.00841758
0.00872972
0.00906337
0.00942073
0.0098042
0.0102165
0.0106605
0.0111395
0.011657
0.012217
0.0128236
0.0134815
0.0141959
0.014972
0.0158163
0.0167351
0.0177354
0.0188247
0.020011
0.0213027
0.022709
0.0242395
0.0259042
0.0277141
0.0296802
0.0318146
0.0341295
0.0366379
0.0393533
0.0422898
0.045462
0.0488851
0.0525749
0.0565477
0.0608206
0.065411
0.0703373
0.0756183
0.0812737
0.0873239
0.09379
0.100694
0.108059
0.115908
0.124267
0.133161
0.142618
0.152665
0.163332
0.174651
0.186653
0.199373
0.212848
0.227114
0.242212
0.258184
0.275075
0.292932
0.311807
0.331751
0.352822
0.375081
0.398593
0.423426
0.449656
0.477361
0.506626
0.537545
0.570214
0.604742
0.641242
0.679839
0.720666
0.763871
0.809609
0.858052
0.909385
0.963811
1.02155
1.08283
1.14793
1.21711
1.29069
1.369
1.45239
1.54126
1.63603
1.73715
1.8451
1.96041
2.0836
2.21524
2.35592
2.50622
2.66669
2.83787
3.02018
3.21395
3.41927
3.63596
3.86345
4.10061
4.34558
4.59563
4.84689
5.09426
5.33136
5.55083
5.74532
5.91032
6.05027
6.1741
6.29294
6.41303
6.53959
6.67766
6.83112
6.99941
7.1732
7.34087
7.49144
7.62027
7.72544
7.80617
7.8625
7.89495
7.90444
7.89214
7.85937
7.80757
7.73823
7.65282
7.55282
7.43967
7.31476
7.17941
7.03488
6.88239
6.72306
6.55795
6.38806
6.21434
6.03765
5.85881
5.67856
5.4976
5.31657
5.13607
4.95661
4.77871
4.60279
4.42925
4.25846
4.09072
3.92632
3.7655
3.60848
3.45543
3.3065
3.16181
3.02146
2.88559
0.00122058
0.00122326
0.00122809
0.0012351
0.0012443
0.00125566
0.00126919
0.00128487
0.00130268
0.00132261
0.00134464
0.00136874
0.0013949
0.00142308
0.00145326
0.00148542
0.00151952
0.00155553
0.00159342
0.00163317
0.00167475
0.00171812
0.00176325
0.00181013
0.00185872
0.001909
0.00196095
0.00201455
0.00206977
0.00212661
0.00218506
0.00224509
0.00230671
0.00236991
0.00243468
0.00250103
0.00256897
0.0026385
0.00270963
0.00278238
0.00285676
0.00293281
0.00301055
0.00309002
0.00317124
0.00325427
0.00333916
0.00342595
0.00351472
0.00360553
0.00369847
0.00379361
0.00389107
0.00399095
0.00409337
0.00419847
0.0043064
0.00441733
0.00453145
0.00464896
0.0047701
0.00489513
0.00502433
0.00515803
0.00529659
0.0054404
0.00558991
0.00574561
0.00590806
0.00607788
0.00625574
0.00644242
0.00663878
0.00684576
0.00706442
0.00729596
0.00754168
0.00780306
0.00808172
0.00837948
0.00869835
0.00904056
0.00940858
0.00980515
0.0102333
0.0106963
0.0111978
0.011742
0.0123331
0.012976
0.0136759
0.0144387
0.0152709
0.016179
0.0171704
0.0182529
0.0194348
0.020725
0.022133
0.0236689
0.0253432
0.0271672
0.0291526
0.0313117
0.0336575
0.0362033
0.0389631
0.0419516
0.0451837
0.0486752
0.0524422
0.0565016
0.0608706
0.0655674
0.0706105
0.0760192
0.0818134
0.0880138
0.0946419
0.10172
0.109271
0.117319
0.125888
0.135006
0.144699
0.154995
0.165924
0.177516
0.189805
0.202824
0.216608
0.231196
0.246627
0.262942
0.280186
0.298405
0.317648
0.337969
0.359421
0.382065
0.405964
0.431184
0.457798
0.485882
0.51552
0.546798
0.579812
0.614664
0.651464
0.69033
0.731389
0.774779
0.820649
0.86916
0.920486
0.974814
1.03235
1.09331
1.15793
1.22648
1.29923
1.37647
1.45853
1.54576
1.63852
1.73721
1.84223
1.95402
2.07301
2.19967
2.33444
2.47774
2.62997
2.79144
2.96238
3.14285
3.3327
3.53147
3.73835
3.95198
4.17041
4.39093
4.61001
4.82328
5.02572
5.21215
5.37837
5.52313
5.6508
5.76984
5.88909
6.01478
6.15135
6.30193
6.46774
6.64562
6.8275
7.00295
7.16313
7.30295
7.41984
7.51265
7.58118
7.62583
7.64741
7.647
7.62584
7.58531
7.52683
7.45185
7.36183
7.25818
7.1423
7.0155
6.87907
6.73423
6.58213
6.42386
6.26043
6.09281
5.92189
5.74851
5.57344
5.39739
5.22102
5.04494
4.86971
4.69582
4.52373
4.35385
4.18656
4.02216
3.86097
3.70322
3.54915
3.39892
3.25271
3.11064
2.9728
2.83935
0.00123196
0.00123455
0.0012392
0.00124596
0.0012548
0.00126573
0.00127874
0.00129382
0.00131094
0.0013301
0.00135128
0.00137445
0.00139959
0.00142668
0.0014557
0.00148661
0.00151939
0.00155401
0.00159044
0.00162865
0.00166862
0.00171031
0.0017537
0.00179877
0.00184547
0.00189381
0.00194373
0.00199524
0.00204831
0.00210292
0.00215906
0.00221672
0.00227588
0.00233655
0.00239871
0.00246236
0.00252751
0.00259417
0.00266233
0.00273201
0.00280323
0.00287601
0.00295037
0.00302633
0.00310393
0.00318321
0.00326422
0.00334699
0.00343159
0.00351808
0.00360654
0.00369703
0.00378966
0.00388452
0.00398173
0.00408141
0.0041837
0.00428877
0.00439678
0.00450794
0.00462246
0.00474059
0.00486261
0.00498883
0.00511957
0.00525525
0.00539627
0.00554313
0.00569636
0.00585657
0.00602442
0.00620069
0.0063862
0.00658192
0.00678888
0.00700828
0.00724144
0.00748982
0.00775507
0.00803903
0.00834374
0.00867146
0.00902472
0.00940632
0.00981934
0.0102672
0.0107537
0.011283
0.0118597
0.0124887
0.0131757
0.0139267
0.0147483
0.0156476
0.0166321
0.0177099
0.0188899
0.0201813
0.0215941
0.0231388
0.0248265
0.0266689
0.0286782
0.0308673
0.0332495
0.0358389
0.0386499
0.0416976
0.0449974
0.0485657
0.0524189
0.0565744
0.0610499
0.0658639
0.0710352
0.0765835
0.0825291
0.0888929
0.0956967
0.102963
0.110715
0.118977
0.127773
0.137131
0.147077
0.157639
0.168847
0.180732
0.193325
0.206661
0.220775
0.235703
0.251485
0.268162
0.285777
0.304376
0.324006
0.344718
0.366567
0.389611
0.413909
0.439527
0.466535
0.495005
0.525017
0.556655
0.59001
0.625177
0.662262
0.701376
0.742639
0.786179
0.832136
0.880658
0.931908
0.986057
1.04329
1.10381
1.16784
1.23559
1.30733
1.38331
1.46381
1.54914
1.63959
1.73551
1.83723
1.9451
2.05946
2.18065
2.30899
2.44476
2.58819
2.73943
2.8985
3.06526
3.23934
3.42013
3.60661
3.79738
3.9905
4.1835
4.37336
4.55659
4.72956
4.88901
5.03297
5.16196
5.28008
5.39422
5.51159
5.63791
5.77707
5.93113
6.09985
6.27966
6.46312
6.64164
6.80762
6.95574
7.08277
7.18697
7.26765
7.32487
7.35917
7.37144
7.36279
7.33449
7.28788
7.22437
7.14536
7.05226
6.94642
6.8292
6.70188
6.56567
6.42176
6.27125
6.11518
5.95453
5.79022
5.62311
5.45399
5.2836
5.11261
4.94164
4.77128
4.60203
4.43436
4.26871
4.10545
3.94491
3.78741
3.6332
3.48251
3.33553
3.19244
3.05336
2.91839
2.78771
0.00124432
0.00124682
0.00125131
0.0012578
0.0012663
0.0012768
0.0012893
0.00130377
0.00132021
0.0013386
0.00135893
0.00138117
0.0014053
0.0014313
0.00145915
0.00148882
0.00152028
0.0015535
0.00158847
0.00162515
0.00166351
0.00170353
0.00174517
0.00178842
0.00183325
0.00187963
0.00192754
0.00197696
0.00202787
0.00208025
0.00213409
0.00218937
0.00224609
0.00230422
0.00236378
0.00242475
0.00248713
0.00255092
0.00261614
0.00268278
0.00275086
0.0028204
0.00289141
0.00296391
0.00303794
0.00311353
0.00319071
0.00326952
0.00335003
0.00343228
0.00351634
0.00360228
0.00369018
0.00378014
0.00387226
0.00396666
0.00406346
0.00416282
0.0042649
0.00436989
0.00447799
0.00458944
0.0047045
0.00482347
0.00494667
0.00507448
0.00520732
0.00534564
0.00548999
0.00564094
0.00579917
0.00596541
0.0061405
0.00632539
0.00652112
0.00672887
0.00694997
0.0071859
0.00743832
0.00770908
0.00800026
0.00831417
0.00865339
0.00902078
0.00941952
0.00985314
0.0103255
0.010841
0.0114044
0.0120208
0.0126962
0.0134368
0.0142495
0.0151417
0.0161212
0.0171966
0.0183771
0.0196726
0.0210932
0.0226502
0.0243551
0.0262201
0.028258
0.0304821
0.0329065
0.0355456
0.0384144
0.0415284
0.0449038
0.048557
0.0525053
0.0567663
0.0613581
0.0662997
0.0716102
0.0773097
0.0834187
0.0899585
0.096951
0.104419
0.112386
0.120876
0.129914
0.139527
0.149741
0.160586
0.172089
0.184282
0.197197
0.210867
0.225326
0.240611
0.256761
0.273816
0.291818
0.31081
0.330841
0.351959
0.374217
0.39767
0.422377
0.448401
0.475806
0.504664
0.535049
0.567042
0.600728
0.636197
0.673548
0.712885
0.754318
0.797968
0.843963
0.892439
0.943543
0.997432
1.05427
1.11425
1.17755
1.24437
1.31493
1.38946
1.4682
1.5514
1.6393
1.73219
1.83032
1.93395
2.04335
2.15874
2.28033
2.40827
2.54265
2.68346
2.83057
2.98369
3.14232
3.30571
3.47281
3.64224
3.81222
3.98063
4.14504
4.30286
4.45167
4.58965
4.71624
4.83281
4.94306
5.05246
5.1668
5.29094
5.42816
5.57991
5.74541
5.92137
6.10134
6.27825
6.44549
6.59784
6.73164
6.84461
6.93552
7.00396
7.05011
7.07457
7.07822
7.06216
7.02762
6.97589
6.90831
6.82625
6.73105
6.62402
6.50644
6.37953
6.24449
6.10243
5.95439
5.8014
5.64437
5.48418
5.32165
5.15753
4.99252
4.82725
4.66231
4.49824
4.33552
4.17459
4.01585
3.85963
3.70626
3.556
3.4091
3.26575
3.12613
2.99039
2.85862
2.73101
0.00125773
0.00126015
0.00126446
0.0012707
0.00127886
0.00128893
0.00130091
0.00131479
0.00133055
0.00134817
0.00136765
0.00138897
0.00141209
0.00143701
0.00146369
0.00149212
0.00152227
0.00155411
0.00158762
0.00162276
0.00165952
0.00169787
0.00173777
0.00177921
0.00182216
0.00186659
0.00191249
0.00195982
0.00200858
0.00205874
0.00211029
0.00216321
0.00221749
0.00227311
0.00233008
0.00238838
0.00244801
0.00250897
0.00257126
0.00263489
0.00269987
0.0027662
0.00283391
0.002903
0.00297351
0.00304546
0.00311888
0.00319381
0.00327031
0.0033484
0.00342816
0.00350965
0.00359294
0.00367812
0.00376529
0.00385454
0.00394601
0.00403984
0.00413616
0.00423517
0.00433706
0.00444205
0.00455039
0.00466237
0.00477829
0.00489853
0.00502348
0.0051536
0.0052894
0.00543147
0.00558045
0.00573708
0.00590218
0.00607669
0.00626166
0.00645827
0.00666785
0.00689189
0.00713206
0.00739024
0.00766855
0.00796933
0.00829523
0.00864918
0.00903445
0.00945469
0.00991393
0.0104166
0.0109677
0.0115728
0.012238
0.0129697
0.013775
0.0146618
0.0156383
0.0167135
0.0178971
0.0191992
0.0206309
0.0222035
0.0239294
0.0258212
0.0278923
0.0301567
0.0326287
0.0353236
0.0382566
0.0414441
0.0449024
0.0486487
0.0527006
0.0570761
0.0617938
0.0668729
0.0723331
0.0781946
0.0844784
0.0912059
0.0983993
0.106082
0.114276
0.123008
0.132301
0.142183
0.15268
0.163821
0.175634
0.18815
0.2014
0.215418
0.230237
0.245894
0.262426
0.279871
0.298272
0.31767
0.338113
0.359646
0.382322
0.406192
0.431312
0.457743
0.485546
0.514789
0.545542
0.577881
0.611884
0.647637
0.68523
0.724759
0.766328
0.810044
0.856025
0.904394
0.955283
1.00883
1.06519
1.12451
1.18696
1.25272
1.32197
1.39489
1.47169
1.55257
1.63772
1.72736
1.82169
1.92088
2.02511
2.13451
2.24919
2.3692
2.4945
2.62497
2.76036
2.90028
3.04416
3.19121
3.3404
3.49047
3.63987
3.78688
3.92965
4.06638
4.1956
4.31648
4.42931
4.53577
4.63913
4.74371
4.85413
4.97432
5.10696
5.25308
5.41184
5.58041
5.75346
5.92517
6.0898
6.24245
6.37933
6.49777
6.5961
6.67346
6.72962
6.76484
6.77972
6.77514
6.75215
6.71189
6.65563
6.58462
6.50017
6.40355
6.29601
6.17877
6.05299
5.91981
5.78028
5.63541
5.48615
5.33338
5.17794
5.02058
4.86203
4.70293
4.54389
4.38546
4.22813
4.07235
3.91853
3.76704
3.61818
3.47224
3.32948
3.1901
3.05429
2.92219
2.79392
2.66967
0.00127223
0.00127457
0.00127871
0.0012847
0.00129251
0.00130216
0.00131363
0.00132692
0.001342
0.00135887
0.00137751
0.00139791
0.00142003
0.00144387
0.0014694
0.0014966
0.00152544
0.0015559
0.00158796
0.00162158
0.00165675
0.00169343
0.0017316
0.00177124
0.00181232
0.00185481
0.00189871
0.00194397
0.00199059
0.00203854
0.00208781
0.00213838
0.00219024
0.00224337
0.00229777
0.00235343
0.00241033
0.00246849
0.00252789
0.00258855
0.00265046
0.00271363
0.00277808
0.00284382
0.00291087
0.00297924
0.00304898
0.00312011
0.00319267
0.00326671
0.00334227
0.00341942
0.00349822
0.00357875
0.0036611
0.00374536
0.00383166
0.00392012
0.00401088
0.00410412
0.00420001
0.00429877
0.00440064
0.00450588
0.00461481
0.00472777
0.00484515
0.0049674
0.00509502
0.00522857
0.0053687
0.00551613
0.00567168
0.00583629
0.00601099
0.00619697
0.00639556
0.00660827
0.00683679
0.00708302
0.00734911
0.00763746
0.00795077
0.00829206
0.00866469
0.00907242
0.00951942
0.0100103
0.0105504
0.0111454
0.0118015
0.0125257
0.0133253
0.0142084
0.0151839
0.016261
0.01745
0.0187616
0.0202072
0.021799
0.0235496
0.0254724
0.0275813
0.0298908
0.032416
0.0351724
0.0381762
0.0414438
0.0449924
0.0488395
0.0530031
0.0575016
0.0623542
0.0675803
0.0731999
0.0792337
0.0857027
0.0926288
0.100034
0.107942
0.116377
0.125362
0.134923
0.145086
0.155878
0.167327
0.179463
0.192314
0.205913
0.220291
0.235482
0.251521
0.268445
0.286291
0.305101
0.324914
0.345776
0.367731
0.390828
0.415118
0.440653
0.46749
0.495688
0.525309
0.55642
0.589089
0.623392
0.659406
0.697214
0.736903
0.778568
0.822305
0.868219
0.91642
0.967023
1.02015
1.07594
1.13451
1.19601
1.26058
1.32838
1.39956
1.47428
1.55269
1.63494
1.72118
1.81155
1.90617
2.00512
2.10847
2.21623
2.32836
2.44474
2.56517
2.68932
2.81674
2.94684
3.07884
3.21181
3.34462
3.47603
3.60469
3.72926
3.84859
3.96188
4.06899
4.17062
4.26855
4.36556
4.46514
4.57091
4.68601
4.81254
4.95129
5.10146
5.26072
5.42482
5.58892
5.74809
5.89785
6.0345
6.15521
6.25798
6.3416
6.40547
6.4495
6.47401
6.4796
6.46712
6.43755
6.39201
6.33166
6.25771
6.17137
6.07385
5.96633
5.84997
5.72587
5.59509
5.45863
5.31745
5.17244
5.02443
4.87421
4.72249
4.56994
4.41717
4.26474
4.11316
3.96289
3.81435
3.6679
3.52389
3.38259
3.24428
3.10916
2.97743
2.84925
2.72474
2.60409
0.00128787
0.00129012
0.0012941
0.00129983
0.00130731
0.00131654
0.00132751
0.00134021
0.00135462
0.00137074
0.00138855
0.00140803
0.00142917
0.00145194
0.00147633
0.0015023
0.00152985
0.00155895
0.00158956
0.00162167
0.00165526
0.00169029
0.00172674
0.00176459
0.00180382
0.00184439
0.0018863
0.00192951
0.001974
0.00201977
0.00206678
0.00211502
0.00216448
0.00221515
0.002267
0.00232004
0.00237426
0.00242965
0.0024862
0.00254392
0.00260281
0.00266288
0.00272413
0.00278657
0.00285022
0.0029151
0.00298123
0.00304864
0.00311736
0.00318744
0.00325891
0.00333183
0.00340627
0.00348228
0.00355996
0.0036394
0.00372069
0.00380397
0.00388936
0.00397702
0.00406714
0.0041599
0.00425555
0.00435433
0.00445655
0.00456253
0.00467267
0.00478738
0.00490717
0.00503259
0.00516427
0.00530293
0.00544939
0.00560455
0.00576948
0.00594535
0.0061335
0.00633546
0.00655292
0.00678783
0.00704236
0.00731898
0.00762043
0.00794982
0.00831062
0.00870671
0.00914242
0.00962257
0.0101527
0.0107387
0.0113871
0.0121051
0.0129004
0.0137817
0.014758
0.0158392
0.017036
0.0183597
0.0198223
0.0214365
0.0232155
0.0251733
0.0273245
0.029684
0.0322676
0.0350914
0.0381719
0.0415263
0.045172
0.0491272
0.0534101
0.0580398
0.0630357
0.0684174
0.0742056
0.0804209
0.0870848
0.0942193
0.101847
0.109991
0.118675
0.127924
0.137763
0.148218
0.159316
0.171085
0.183553
0.19675
0.210707
0.225455
0.241027
0.257458
0.274782
0.293037
0.312262
0.332496
0.353781
0.376161
0.399681
0.42439
0.450337
0.477575
0.50616
0.536148
0.567603
0.600586
0.635167
0.671416
0.709408
0.749221
0.790939
0.834649
0.880442
0.928414
0.978664
1.0313
1.08642
1.14416
1.20461
1.26789
1.33414
1.40346
1.47598
1.5518
1.63104
1.71379
1.80012
1.8901
1.98376
2.08108
2.18202
2.28646
2.39422
2.50505
2.61858
2.73434
2.85175
2.9701
3.08856
3.20619
3.32202
3.43503
3.54434
3.64926
3.74949
3.84528
3.93755
4.02801
4.11902
4.2134
4.31401
4.4233
4.54292
4.67344
4.81418
4.96318
5.11735
5.2724
5.42418
5.56871
5.70249
5.8227
5.92719
6.01447
6.08366
6.13437
6.16663
6.18079
6.17747
6.15747
6.12174
6.07132
6.00731
5.93085
5.84306
5.74509
5.63806
5.52303
5.40105
5.27312
5.14018
5.00311
4.86276
4.7199
4.57526
4.42952
4.2833
4.13715
3.99161
3.84713
3.70414
3.56303
3.42413
3.28774
3.15413
3.02352
2.89612
2.77209
2.65157
2.53473
0.00130465
0.00130682
0.00131064
0.00131612
0.00132327
0.00133209
0.00134256
0.00135468
0.00136843
0.00138381
0.0014008
0.00141938
0.00143953
0.00146125
0.00148451
0.00150928
0.00153555
0.00156329
0.00159248
0.00162309
0.00165511
0.00168851
0.00172327
0.00175935
0.00179674
0.00183541
0.00187535
0.00191653
0.00195892
0.00200252
0.0020473
0.00209324
0.00214033
0.00218856
0.00223791
0.00228837
0.00233993
0.00239259
0.00244634
0.00250118
0.0025571
0.00261412
0.00267223
0.00273144
0.00279176
0.00285322
0.00291583
0.00297961
0.00304459
0.00311081
0.0031783
0.00324712
0.00331732
0.00338896
0.00346212
0.00353689
0.00361335
0.00369163
0.00377185
0.00385416
0.00393872
0.00402573
0.00411541
0.004208
0.00430379
0.00440311
0.00450632
0.00461385
0.00472618
0.00484385
0.00496749
0.00509781
0.00523561
0.00538181
0.00553746
0.00570374
0.005882
0.00607377
0.00628078
0.00650499
0.00674862
0.00701419
0.00730451
0.00762277
0.00797254
0.00835784
0.00878315
0.00925358
0.00977477
0.0103529
0.0109948
0.011708
0.0125006
0.0133815
0.0143605
0.0154479
0.0166549
0.0179934
0.0194758
0.0211156
0.0229266
0.0249234
0.027121
0.0295353
0.0321824
0.0350789
0.0382419
0.0416892
0.0454386
0.0495086
0.0539181
0.0586864
0.0638331
0.0693786
0.0753433
0.0817486
0.0886159
0.0959675
0.103826
0.112215
0.121158
0.13068
0.140806
0.151562
0.162975
0.175072
0.187881
0.201432
0.215755
0.23088
0.24684
0.263669
0.281399
0.300068
0.319711
0.340367
0.362077
0.384881
0.408822
0.433946
0.460299
0.48793
0.51689
0.547232
0.579012
0.612289
0.647123
0.683578
0.72172
0.761619
0.803348
0.846982
0.8926
0.940282
0.990114
1.04218
1.09657
1.15338
1.2127
1.27461
1.33921
1.40658
1.47681
1.54997
1.62612
1.70531
1.78758
1.87293
1.96134
2.05274
2.14704
2.24407
2.34361
2.44538
2.54899
2.654
2.75985
2.86592
2.97151
3.07587
3.17824
3.27794
3.3744
3.4673
3.55666
3.64295
3.72719
3.81093
3.89618
3.98524
4.08035
4.18342
4.29575
4.41775
4.54884
4.68745
4.83115
4.97636
5.11956
5.25724
5.38621
5.50374
5.60764
5.69628
5.76856
5.82386
5.86196
5.88297
5.88731
5.87558
5.84855
5.80713
5.75229
5.68507
5.60653
5.51774
5.41975
5.31361
5.20033
5.08088
4.95617
4.8271
4.6945
4.55913
4.42174
4.28298
4.14348
4.00382
3.86451
3.72603
3.58882
3.45325
3.31968
3.18841
3.05971
2.93382
2.81094
2.69125
2.5749
2.46205
0.00132258
0.00132468
0.00132833
0.00133357
0.0013404
0.0013488
0.00135879
0.00137033
0.00138344
0.00139808
0.00141426
0.00143195
0.00145115
0.00147182
0.00149396
0.00151754
0.00154255
0.00156896
0.00159674
0.00162588
0.00165636
0.00168815
0.00172122
0.00175556
0.00179114
0.00182793
0.00186593
0.0019051
0.00194542
0.00198688
0.00202946
0.00207314
0.00211789
0.00216372
0.0022106
0.00225852
0.00230748
0.00235746
0.00240845
0.00246046
0.00251347
0.00256749
0.00262253
0.00267858
0.00273566
0.00279378
0.00285295
0.0029132
0.00297454
0.00303701
0.00310064
0.00316549
0.00323159
0.003299
0.0033678
0.00343805
0.00350987
0.00358333
0.00365858
0.00373574
0.00381498
0.00389648
0.00398045
0.00406713
0.00415679
0.00424975
0.00434637
0.00444706
0.00455229
0.0046626
0.0047786
0.004901
0.0050306
0.00516831
0.00531517
0.00547238
0.0056413
0.00582345
0.0060206
0.00623474
0.00646812
0.00672331
0.00700321
0.00731108
0.00765062
0.00802597
0.00844179
0.00890343
0.0094167
0.00998806
0.0106246
0.0113343
0.0121255
0.0130079
0.0139913
0.0150869
0.0163063
0.017662
0.0191671
0.0208356
0.022682
0.0247215
0.0269698
0.0294433
0.0321585
0.0351329
0.0383839
0.0419298
0.0457888
0.04998
0.0545225
0.059436
0.0647406
0.0704567
0.0766054
0.0832078
0.090286
0.0978622
0.105959
0.114601
0.12381
0.133613
0.144033
0.155097
0.166832
0.179263
0.19242
0.206331
0.221025
0.236533
0.252886
0.270115
0.288254
0.307338
0.327401
0.348479
0.370612
0.393836
0.418193
0.443724
0.470474
0.498485
0.527806
0.558485
0.590571
0.624117
0.659177
0.695806
0.734064
0.77401
0.815705
0.859215
0.904604
0.951939
1.00129
1.05272
1.10631
1.16213
1.22023
1.28069
1.34356
1.40892
1.47679
1.54723
1.62026
1.69589
1.77411
1.85488
1.93814
2.0238
2.1117
2.20166
2.29344
2.38673
2.48117
2.57633
2.67172
2.76682
2.86104
2.9538
3.04458
3.1329
3.21847
3.30122
3.38138
3.45954
3.53672
3.6143
3.694
3.77767
3.8671
3.96378
4.06871
4.18218
4.30372
4.43206
4.56522
4.70029
4.83428
4.96411
5.08691
5.20012
5.30161
5.38969
5.46313
5.52113
5.56327
5.58947
5.59994
5.5951
5.57557
5.5421
5.49553
5.4368
5.36686
5.28672
5.19737
5.09979
4.99495
4.8838
4.76722
4.64609
4.52122
4.39337
4.26326
4.13156
3.99889
3.86583
3.73289
3.60056
3.46927
3.3394
3.21132
3.08532
2.96169
2.84068
2.72248
2.60729
2.49525
2.38654
0.00134164
0.00134367
0.00134717
0.00135217
0.00135868
0.00136668
0.00137618
0.00138717
0.00139963
0.00141356
0.00142894
0.00144576
0.00146401
0.00148366
0.0015047
0.00152711
0.00155087
0.00157597
0.00160237
0.00163006
0.00165901
0.00168921
0.00172064
0.00175325
0.00178705
0.001822
0.00185808
0.00189528
0.00193356
0.00197292
0.00201333
0.00205478
0.00209724
0.00214071
0.00218517
0.0022306
0.00227699
0.00232434
0.00237264
0.00242187
0.00247204
0.00252314
0.00257518
0.00262815
0.00268206
0.00273693
0.00279275
0.00284956
0.00290737
0.00296621
0.00302611
0.00308711
0.00314924
0.00321258
0.00327717
0.00334309
0.00341042
0.00347927
0.00354975
0.00362199
0.00369614
0.00377237
0.00385089
0.00393193
0.00401575
0.00410266
0.00419301
0.0042872
0.0043857
0.00448903
0.0045978
0.00471271
0.00483455
0.00496424
0.00510281
0.00525147
0.00541157
0.00558467
0.00577254
0.00597722
0.00620099
0.00644647
0.00671664
0.00701486
0.00734492
0.00771111
0.00811834
0.00857208
0.00907839
0.00964399
0.0102764
0.0109837
0.0117751
0.0126602
0.0136499
0.0147556
0.0159895
0.0173648
0.0188953
0.0205955
0.0224806
0.0245664
0.0268693
0.029406
0.0321939
0.0352508
0.0385948
0.0422444
0.0462186
0.0505365
0.0552178
0.0602824
0.0657509
0.0716438
0.0779824
0.0847883
0.0920835
0.0998904
0.108232
0.117132
0.126614
0.136703
0.147423
0.158801
0.170862
0.183633
0.197142
0.211416
0.226485
0.242378
0.259125
0.276757
0.295306
0.314803
0.335284
0.356781
0.379331
0.40297
0.427734
0.453663
0.480796
0.509174
0.538839
0.569834
0.602203
0.635992
0.671249
0.708021
0.746357
0.786309
0.827927
0.871264
0.916373
0.963306
1.01212
1.06286
1.11558
1.17033
1.22716
1.2861
1.3472
1.41048
1.47597
1.54366
1.61356
1.68565
1.75987
1.83616
1.91442
1.99453
2.07633
2.15959
2.24408
2.3295
2.4155
2.50169
2.58766
2.67297
2.75716
2.8398
2.92053
2.99908
3.07534
3.14942
3.22167
3.29274
3.36358
3.43544
3.50976
3.58808
3.67178
3.76203
3.85961
3.96472
4.07695
4.19528
4.3181
4.44306
4.5676
4.68902
4.80477
4.91252
5.01023
5.09623
5.16923
5.2283
5.27288
5.30273
5.31789
5.31861
5.30536
5.27875
5.23949
5.1884
5.12634
5.05423
4.97299
4.88354
4.7868
4.68367
4.57501
4.46165
4.34439
4.22399
4.10114
3.9765
3.85069
3.72427
3.59778
3.47167
3.34639
3.22232
3.09983
2.97922
2.86078
2.74474
2.63134
2.52075
2.41314
2.30868
0.00136181
0.00136377
0.00136712
0.00137189
0.00137808
0.00138569
0.00139472
0.00140516
0.00141699
0.00143021
0.00144481
0.00146078
0.00147809
0.00149674
0.0015167
0.00153796
0.00156051
0.00158431
0.00160935
0.00163562
0.00166308
0.00169173
0.00172152
0.00175246
0.0017845
0.00181764
0.00185184
0.0018871
0.00192339
0.00196068
0.00199897
0.00203823
0.00207844
0.0021196
0.00216168
0.00220467
0.00224856
0.00229334
0.00233899
0.00238552
0.00243291
0.00248116
0.00253027
0.00258024
0.00263108
0.00268278
0.00273537
0.00278885
0.00284324
0.00289856
0.00295484
0.00301212
0.00307044
0.00312984
0.00319039
0.00325214
0.00331519
0.00337961
0.00344553
0.00351306
0.00358234
0.00365355
0.00372688
0.00380256
0.00388083
0.00396199
0.0040464
0.00413444
0.00422656
0.0043233
0.00442524
0.00453307
0.0046476
0.00476973
0.00490049
0.0050411
0.00519292
0.00535751
0.00553669
0.0057325
0.00594728
0.0061837
0.00644482
0.00673408
0.00705541
0.00741323
0.00781268
0.00825938
0.00875963
0.00932047
0.00994971
0.010656
0.0114487
0.0123382
0.0133357
0.0144533
0.0157039
0.0171011
0.0186595
0.0203941
0.022321
0.0244564
0.0268173
0.0294212
0.0322859
0.0354296
0.038871
0.042629
0.046723
0.0511725
0.0559976
0.0612184
0.0668557
0.0729305
0.0794642
0.0864785
0.0939956
0.102038
0.110629
0.119792
0.129551
0.13993
0.150954
0.162649
0.17504
0.188153
0.202016
0.216657
0.232102
0.24838
0.265521
0.283554
0.302509
0.322418
0.343311
0.365222
0.388182
0.412226
0.437387
0.463701
0.491204
0.519931
0.54992
0.581209
0.613837
0.647842
0.683264
0.720144
0.758523
0.79844
0.839938
0.883056
0.927836
0.974316
1.02253
1.07253
1.12433
1.17796
1.23346
1.29084
1.35012
1.4113
1.47437
1.53932
1.60611
1.6747
1.745
1.81694
1.89038
1.96519
2.04118
2.11814
2.19583
2.27396
2.35222
2.43028
2.50777
2.58435
2.65968
2.73346
2.80544
2.87552
2.94374
3.01031
3.07568
3.14045
3.20553
3.27201
3.34112
3.4141
3.49208
3.57598
3.66639
3.76344
3.86677
3.97552
4.08836
4.20339
4.31841
4.43114
4.53932
4.64084
4.73379
4.81657
4.88788
4.94668
4.99234
5.02448
5.04301
5.04806
5.03994
5.01912
4.9862
4.94188
4.88694
4.82218
4.74846
4.66664
4.57757
4.48211
4.38107
4.27525
4.16543
4.05233
3.93663
3.81898
3.69999
3.58021
3.46015
3.34029
3.22106
3.10284
2.986
2.87084
2.75765
2.64667
2.53813
2.43221
2.32909
2.22894
0.00138304
0.00138493
0.00138813
0.00139267
0.00139856
0.00140579
0.00141435
0.00142425
0.00143547
0.001448
0.00146184
0.00147696
0.00149336
0.00151102
0.00152993
0.00155007
0.00157142
0.00159396
0.00161768
0.00164255
0.00166855
0.00169567
0.00172387
0.00175315
0.00178348
0.00181485
0.00184721
0.00188057
0.0019149
0.00195018
0.00198639
0.00202351
0.00206152
0.00210042
0.00214018
0.00218079
0.00222223
0.0022645
0.00230758
0.00235147
0.00239616
0.00244164
0.00248791
0.00253496
0.00258281
0.00263145
0.00268089
0.00273115
0.00278223
0.00283416
0.00288696
0.00294067
0.00299531
0.00305093
0.0031076
0.00316536
0.00322429
0.00328449
0.00334604
0.00340908
0.00347373
0.00354016
0.00360856
0.00367914
0.00375215
0.00382788
0.00390666
0.00398888
0.00407499
0.0041655
0.004261
0.00436218
0.00446983
0.00458485
0.00470828
0.00484134
0.00498539
0.00514202
0.00531305
0.00550057
0.00570697
0.00593496
0.00618768
0.00646866
0.00678196
0.00713219
0.00752461
0.00796507
0.00846014
0.00901715
0.00964428
0.0103505
0.0111459
0.0120411
0.013048
0.0141793
0.0154483
0.0168696
0.0184582
0.0202299
0.0222013
0.0243894
0.0268117
0.0294861
0.0324312
0.0356655
0.0392082
0.0430787
0.0472965
0.0518817
0.0568546
0.0622358
0.068046
0.0743067
0.0810393
0.0882658
0.0960085
0.10429
0.113134
0.122563
0.132601
0.143273
0.154603
0.166616
0.179339
0.192795
0.207013
0.222018
0.237839
0.254501
0.272033
0.290464
0.309822
0.330136
0.351436
0.373751
0.397112
0.42155
0.447095
0.473779
0.501634
0.530692
0.560984
0.592544
0.625403
0.659596
0.695153
0.732107
0.770491
0.810335
0.851671
0.894527
0.938931
0.98491
1.03249
1.08168
1.13251
1.18499
1.23912
1.2949
1.35233
1.41139
1.47205
1.53427
1.598
1.66315
1.72965
1.79737
1.86619
1.93595
2.00646
2.07752
2.14888
2.2203
2.29148
2.36215
2.43201
2.50081
2.5683
2.63427
2.6986
2.76127
2.82244
2.88239
2.94158
3.00065
3.06042
3.12183
3.1859
3.25367
3.32605
3.40375
3.48723
3.57656
3.67142
3.77108
3.8744
3.97992
4.08567
4.18971
4.29008
4.38488
4.47237
4.55102
4.61956
4.67699
4.72257
4.75585
4.77662
4.78489
4.78083
4.76481
4.7373
4.69891
4.6503
4.59221
4.52541
4.45067
4.36881
4.2806
4.18683
4.08827
3.98564
3.87963
3.77093
3.66014
3.54787
3.43464
3.32098
3.20733
3.09414
2.98177
2.87059
2.7609
2.65299
2.5471
2.44345
2.34224
2.24364
2.14782
0.00140525
0.00140708
0.00141013
0.00141445
0.00142004
0.0014269
0.00143501
0.00144438
0.001455
0.00146686
0.00147995
0.00149425
0.00150977
0.00152647
0.00154435
0.00156338
0.00158357
0.00160488
0.00162729
0.0016508
0.00167538
0.001701
0.00172766
0.00175533
0.00178398
0.00181361
0.00184418
0.00187569
0.00190811
0.00194141
0.00197559
0.00201063
0.0020465
0.00208319
0.00212069
0.00215898
0.00219804
0.00223787
0.00227845
0.00231978
0.00236184
0.00240463
0.00244814
0.00249237
0.00253733
0.002583
0.00262941
0.00267655
0.00272445
0.00277311
0.00282256
0.00287282
0.00292393
0.00297594
0.00302888
0.00308282
0.00313783
0.00319399
0.00325139
0.00331015
0.0033704
0.0034323
0.00349602
0.00356177
0.0036298
0.00370039
0.00377387
0.00385061
0.00393105
0.0040157
0.00410515
0.00420008
0.00430127
0.00440962
0.00452619
0.00465217
0.00478896
0.00493815
0.00510159
0.00528138
0.00547997
0.00570014
0.00594508
0.00621844
0.00652437
0.00686771
0.00725384
0.00768883
0.00817953
0.00873359
0.00935956
0.0100669
0.010866
0.0117682
0.0127859
0.0139324
0.0152218
0.016669
0.01829
0.0201012
0.0221197
0.0243631
0.0268496
0.0295977
0.0326262
0.0359544
0.0396017
0.0435878
0.0479329
0.0526571
0.057781
0.0633256
0.0693118
0.0757611
0.0826954
0.0901366
0.0981072
0.10663
0.115728
0.125425
0.135744
0.146709
0.158346
0.170678
0.183731
0.19753
0.212101
0.227469
0.243661
0.260704
0.278623
0.297446
0.3172
0.337912
0.359609
0.382319
0.406069
0.430888
0.456802
0.48384
0.512029
0.541396
0.571969
0.603775
0.63684
0.67119
0.706851
0.743846
0.782199
0.821933
0.863066
0.905619
0.949606
0.995041
1.04194
1.09029
1.14012
1.1914
1.24413
1.29829
1.35386
1.4108
1.46906
1.52859
1.58931
1.65112
1.71393
1.7776
1.842
1.90697
1.97232
2.03786
2.10337
2.1686
2.23331
2.29727
2.36026
2.42207
2.48254
2.54157
2.59912
2.65527
2.71021
2.76427
2.81794
2.87182
2.92663
2.98322
3.04244
3.10513
3.17205
3.24375
3.32057
3.40255
3.48939
3.58047
3.67483
3.77125
3.86807
3.9636
4.05614
4.144
4.2256
4.29953
4.36457
4.41975
4.4643
4.49772
4.51971
4.53017
4.52921
4.51705
4.4941
4.46083
4.41782
4.36572
4.30521
4.23701
4.16185
4.08046
3.99359
3.90194
3.8062
3.70706
3.60513
3.50104
3.39533
3.28855
3.18118
3.07368
2.96646
2.85991
2.75436
2.65012
2.54748
2.44667
2.34791
2.2514
2.1573
2.06576
0.00142836
0.00143012
0.00143304
0.00143715
0.00144245
0.00144894
0.00145662
0.00146548
0.00147551
0.00148671
0.00149907
0.00151258
0.00152722
0.00154299
0.00155986
0.00157783
0.00159688
0.00161699
0.00163814
0.00166032
0.00168351
0.00170768
0.00173283
0.00175892
0.00178595
0.00181389
0.00184272
0.00187242
0.00190297
0.00193436
0.00196657
0.00199958
0.00203336
0.00206792
0.00210322
0.00213925
0.002176
0.00221347
0.00225162
0.00229046
0.00232998
0.00237016
0.00241101
0.00245251
0.00249467
0.00253749
0.00258097
0.00262511
0.00266994
0.00271546
0.00276169
0.00280865
0.00285639
0.00290493
0.00295431
0.00300461
0.00305587
0.00310818
0.00316164
0.00321634
0.00327241
0.00333001
0.00338931
0.0034505
0.00351384
0.00357958
0.00364806
0.00371964
0.00379476
0.00387392
0.00395769
0.00404676
0.00414191
0.00424403
0.00435417
0.00447355
0.00460356
0.00474582
0.00490218
0.0050748
0.00526614
0.00547906
0.00571682
0.00598318
0.00628242
0.00661951
0.00700002
0.00743026
0.00791735
0.00846928
0.00909498
0.00980435
0.0106083
0.0115187
0.0125485
0.0137117
0.0150229
0.016498
0.0181533
0.020006
0.0220738
0.024375
0.0269282
0.0297524
0.032867
0.0362916
0.0400461
0.0441505
0.0486253
0.0534909
0.0587681
0.0644781
0.0706422
0.0772821
0.0844195
0.0920767
0.100276
0.109041
0.118394
0.128358
0.138957
0.150216
0.162157
0.174807
0.188188
0.202327
0.217247
0.232975
0.249534
0.266951
0.285251
0.304459
0.324601
0.345701
0.367784
0.390877
0.415004
0.440188
0.466455
0.493829
0.522332
0.551988
0.582819
0.614845
0.648088
0.682567
0.7183
0.755304
0.793593
0.83318
0.874075
0.916286
0.959817
1.00467
1.05085
1.09833
1.14712
1.19718
1.24849
1.30102
1.35473
1.40956
1.46545
1.52234
1.58013
1.63871
1.69796
1.75775
1.81794
1.87838
1.93887
1.99925
2.0593
2.11882
2.1776
2.23547
2.29224
2.34778
2.40199
2.45484
2.50637
2.55671
2.60609
2.65488
2.70353
2.75262
2.8028
2.85479
2.90932
2.9671
3.02871
3.09462
3.16508
3.24007
3.31935
3.40235
3.48828
3.57608
3.66437
3.75168
3.83653
3.91741
3.99292
4.06177
4.12281
4.1751
4.21789
4.25064
4.273
4.2848
4.28606
4.27693
4.25771
4.22879
4.19066
4.14387
4.08904
4.02682
3.95786
3.88284
3.80245
3.71736
3.62821
3.53565
3.44027
3.34265
3.24334
3.14285
3.04165
2.94019
2.83886
2.73804
2.63806
2.53922
2.4418
2.34604
2.25214
2.1603
2.07067
1.98338
0.00145226
0.00145397
0.00145675
0.00146065
0.00146567
0.00147181
0.00147906
0.00148742
0.00149689
0.00150745
0.00151911
0.00153184
0.00154564
0.0015605
0.0015764
0.00159333
0.00161127
0.00163021
0.00165014
0.00167103
0.00169286
0.00171563
0.00173931
0.00176388
0.00178932
0.00181562
0.00184275
0.00187071
0.00189946
0.00192899
0.00195928
0.00199032
0.00202208
0.00205456
0.00208773
0.00212158
0.0021561
0.00219127
0.00222708
0.00226352
0.00230058
0.00233825
0.00237652
0.00241539
0.00245486
0.00249493
0.00253559
0.00257686
0.00261874
0.00266125
0.00270439
0.0027482
0.00279271
0.00283794
0.00288394
0.00293076
0.00297846
0.00302712
0.00307683
0.00312768
0.0031798
0.00323334
0.00328846
0.00334536
0.00340427
0.00346545
0.00352924
0.00359598
0.00366611
0.00374012
0.00381858
0.00390218
0.00399168
0.00408798
0.00419214
0.00430537
0.00442908
0.00456488
0.00471468
0.00488063
0.00506527
0.0052715
0.00550265
0.00576258
0.00605573
0.0063872
0.00676274
0.0071889
0.00767309
0.00822365
0.00884989
0.00956217
0.0103719
0.0112916
0.0123347
0.0135158
0.0148504
0.0163548
0.0180461
0.0199421
0.0220612
0.0244221
0.027044
0.0299464
0.0331491
0.0366722
0.0405357
0.0447602
0.0493663
0.0543748
0.0598066
0.0656832
0.0720261
0.0788569
0.0861978
0.094071
0.102499
0.111505
0.121111
0.131342
0.14222
0.153769
0.166013
0.178976
0.192683
0.207156
0.222421
0.238502
0.255423
0.273207
0.291879
0.311463
0.331982
0.35346
0.375918
0.39938
0.423868
0.449402
0.476005
0.503695
0.532492
0.562414
0.593479
0.625701
0.659096
0.693675
0.729451
0.766432
0.804625
0.844033
0.884656
0.926491
0.969533
1.01377
1.0592
1.1058
1.15352
1.20234
1.25222
1.30312
1.35497
1.40772
1.46128
1.51557
1.57049
1.62593
1.68176
1.73785
1.79405
1.8502
1.90615
1.96171
2.0167
2.07097
2.12434
2.17665
2.2278
2.2777
2.32629
2.37362
2.41976
2.46489
2.50928
2.55327
2.59732
2.64196
2.68777
2.73537
2.78539
2.83841
2.89491
2.95525
3.01963
3.08801
3.16015
3.23556
3.31357
3.39327
3.47346
3.55291
3.63031
3.70433
3.77371
3.83728
3.894
3.94297
3.98346
4.01491
4.03696
4.04938
4.05213
4.04529
4.02907
4.00379
3.96986
3.92775
3.87801
3.8212
3.75793
3.68882
3.6145
3.53558
3.45268
3.36638
3.27728
3.1859
3.09277
2.99839
2.90319
2.80762
2.71205
2.61686
2.52235
2.42883
2.33657
2.24579
2.1567
2.06948
1.98429
1.90123
0.00147682
0.00147848
0.00148114
0.00148484
0.00148959
0.00149538
0.00150222
0.0015101
0.00151902
0.00152897
0.00153994
0.00155192
0.0015649
0.00157888
0.00159384
0.00160976
0.00162663
0.00164445
0.00166318
0.00168282
0.00170335
0.00172476
0.00174701
0.00177011
0.00179402
0.00181873
0.00184422
0.00187048
0.00189749
0.00192522
0.00195366
0.0019828
0.00201261
0.00204308
0.00207419
0.00210594
0.0021383
0.00217126
0.0022048
0.00223893
0.00227362
0.00230887
0.00234467
0.00238101
0.0024179
0.00245532
0.00249329
0.00253179
0.00257086
0.00261048
0.00265068
0.00269148
0.0027329
0.00277498
0.00281776
0.00286128
0.00290561
0.00295081
0.00299696
0.00304418
0.00309257
0.00314228
0.00319346
0.00324632
0.00330107
0.00335798
0.00341737
0.00347958
0.00354504
0.00361424
0.00368775
0.00376624
0.00385049
0.00394138
0.00403998
0.00414749
0.00426534
0.00439517
0.00453887
0.00469867
0.00487712
0.00507717
0.00530226
0.00555632
0.00584395
0.00617037
0.00654153
0.00696424
0.00744618
0.00799605
0.00862357
0.00933957
0.010156
0.0110858
0.0121433
0.0133435
0.0147027
0.0162377
0.0179665
0.0199073
0.0220791
0.0245012
0.0271934
0.0301755
0.0334678
0.0370906
0.0410644
0.04541
0.0501482
0.0553001
0.0608869
0.0669301
0.0734515
0.0804728
0.0880162
0.0961042
0.104759
0.114004
0.123862
0.134356
0.145509
0.157345
0.169888
0.18316
0.197186
0.211988
0.227591
0.244018
0.261292
0.279435
0.29847
0.31842
0.339305
0.361147
0.383966
0.407783
0.432616
0.458484
0.485404
0.513391
0.542461
0.572628
0.603902
0.636296
0.669816
0.704469
0.740257
0.777185
0.815256
0.854457
0.894777
0.936206
0.97873
1.02233
1.06697
1.11264
1.15928
1.20685
1.25529
1.30456
1.35458
1.40527
1.45655
1.50832
1.56047
1.61289
1.66544
1.718
1.77042
1.82254
1.87423
1.92531
1.97564
2.02508
2.07348
2.12075
2.16681
2.2116
2.25514
2.29749
2.33878
2.37921
2.41905
2.45866
2.49846
2.53894
2.58061
2.62401
2.66969
2.71812
2.7697
2.82472
2.88331
2.94543
3.01085
3.07915
3.14972
3.22181
3.29438
3.36637
3.43661
3.50397
3.5673
3.62556
3.67779
3.72315
3.76095
3.79065
3.81185
3.82431
3.82794
3.82275
3.80889
3.78662
3.75628
3.71826
3.67303
3.62111
3.56304
3.49937
3.43068
3.35754
3.28053
3.20018
3.11705
3.03165
2.94446
2.85596
2.76658
2.67672
2.58676
2.49705
2.4079
2.31959
2.23238
2.14649
2.06213
1.97947
1.89866
1.81981
0.00150192
0.00150353
0.00150606
0.00150957
0.00151406
0.00151952
0.00152596
0.00153338
0.00154177
0.00155112
0.00156143
0.00157268
0.00158488
0.00159801
0.00161205
0.001627
0.00164285
0.00165957
0.00167716
0.00169559
0.00171486
0.00173495
0.00175583
0.0017775
0.00179993
0.00182312
0.00184703
0.00187165
0.00189697
0.00192297
0.00194963
0.00197693
0.00200486
0.0020334
0.00206254
0.00209225
0.00212253
0.00215337
0.00218474
0.00221664
0.00224906
0.00228199
0.00231541
0.00234933
0.00238374
0.00241864
0.00245402
0.0024899
0.00252627
0.00256314
0.00260054
0.00263847
0.00267697
0.00271606
0.00275577
0.00279617
0.0028373
0.00287922
0.00292203
0.00296582
0.00301069
0.0030568
0.00310429
0.00315335
0.00320421
0.00325712
0.00331239
0.00337037
0.00343148
0.0034962
0.0035651
0.00363885
0.0037182
0.00380408
0.00389751
0.00399973
0.00411216
0.00423645
0.00437453
0.00452865
0.00470139
0.00489577
0.00511531
0.00536403
0.00564666
0.00596857
0.00633591
0.00675572
0.00723601
0.00778582
0.00841528
0.0091357
0.00995952
0.0109004
0.0119731
0.0131934
0.0145781
0.0161449
0.0179122
0.019899
0.0221247
0.0246092
0.0273726
0.0304354
0.033818
0.0375411
0.0416256
0.0460924
0.0509627
0.0562577
0.0619988
0.0682077
0.0749062
0.0821163
0.0898603
0.0981605
0.10704
0.116521
0.126626
0.137379
0.148803
0.160921
0.173756
0.187331
0.201669
0.216794
0.232727
0.249491
0.267108
0.2856
0.304987
0.32529
0.346529
0.368723
0.391889
0.416045
0.441207
0.467391
0.494608
0.522873
0.552196
0.582584
0.614044
0.646586
0.68021
0.714908
0.750681
0.787525
0.825431
0.864386
0.904371
0.945365
0.987344
1.03027
1.07412
1.11885
1.16439
1.21071
1.25773
1.30538
1.35359
1.40227
1.45133
1.50065
1.55014
1.59966
1.64909
1.6983
1.74715
1.7955
1.84321
1.89014
1.93616
1.98115
2.02502
2.06769
2.10911
2.14928
2.18824
2.2261
2.26299
2.29914
2.33483
2.3704
2.40625
2.44281
2.48055
2.51995
2.56146
2.60548
2.65234
2.70228
2.75537
2.81157
2.87067
2.9323
2.99593
3.06088
3.1263
3.19123
3.25468
3.31564
3.37309
3.4261
3.47379
3.51539
3.55026
3.57787
3.59782
3.60987
3.61386
3.60979
3.59776
3.57794
3.55063
3.51615
3.47492
3.42738
3.37403
3.31535
3.25187
3.18412
3.11262
3.03789
2.96042
2.8807
2.79919
2.71634
2.63254
2.5482
2.46367
2.37928
2.29532
2.21208
2.1298
2.0487
1.96898
1.89079
1.81429
1.73958
0.00152738
0.00152894
0.00153136
0.00153468
0.00153892
0.00154407
0.00155013
0.0015571
0.00156497
0.00157375
0.00158342
0.00159398
0.00160542
0.00161773
0.0016309
0.00164492
0.00165977
0.00167544
0.00169192
0.0017092
0.00172726
0.00174608
0.00176564
0.00178594
0.00180695
0.00182866
0.00185106
0.00187411
0.00189781
0.00192215
0.00194709
0.00197263
0.00199875
0.00202544
0.00205268
0.00208045
0.00210874
0.00213753
0.00216682
0.00219659
0.00222684
0.00225754
0.0022887
0.0023203
0.00235235
0.00238484
0.00241776
0.00245112
0.00248493
0.0025192
0.00255393
0.00258914
0.00262486
0.00266111
0.00269794
0.00273538
0.00277349
0.00281233
0.00285198
0.00289254
0.00293412
0.00297684
0.00302087
0.00306638
0.0031136
0.00316278
0.00321421
0.00326825
0.00332531
0.00338587
0.00345049
0.00351984
0.00359467
0.00367589
0.00376455
0.00386188
0.0039693
0.00408849
0.00422139
0.00437026
0.00453776
0.00472696
0.00494141
0.00518529
0.00546341
0.00578131
0.00614533
0.00656278
0.00704196
0.00759226
0.00822424
0.00894969
0.00978159
0.0107342
0.0118228
0.0130639
0.0144751
0.0160744
0.0178811
0.0199145
0.0221949
0.0247423
0.0275776
0.0307213
0.0341944
0.0380178
0.0422126
0.0468001
0.0518015
0.0572382
0.063132
0.0695046
0.0763779
0.083774
0.0917153
0.100224
0.109323
0.119036
0.129384
0.140391
0.152079
0.164472
0.177593
0.191463
0.206106
0.221544
0.237798
0.25489
0.27284
0.291669
0.311396
0.33204
0.353619
0.37615
0.399647
0.424126
0.449601
0.476082
0.503578
0.532101
0.561658
0.592244
0.623863
0.656519
0.690206
0.724919
0.760647
0.797379
0.835098
0.873783
0.913409
0.953946
0.995358
1.03761
1.08064
1.12442
1.16887
1.21394
1.25955
1.30562
1.35206
1.39878
1.44569
1.49266
1.53958
1.58635
1.63281
1.67886
1.72436
1.76917
1.81318
1.85625
1.89829
1.9392
1.97892
2.01738
2.05459
2.09056
2.12537
2.15913
2.19202
2.22426
2.25613
2.28795
2.3201
2.35298
2.38699
2.42256
2.46008
2.49988
2.54223
2.58732
2.63521
2.68584
2.73901
2.79439
2.85152
2.90981
2.96853
3.02684
3.08387
3.13873
3.19053
3.23841
3.28161
3.31941
3.35121
3.37651
3.39493
3.4062
3.41017
3.40679
3.3961
3.37827
3.35349
3.32208
3.28436
3.24074
3.19164
3.13752
3.07884
3.01609
2.94974
2.88027
2.80814
2.7338
2.65769
2.58022
2.50178
2.42274
2.34342
2.26416
2.18523
2.1069
2.02941
1.95296
1.87774
1.80392
1.73163
1.66099
0.00155303
0.00155456
0.00155686
0.00156001
0.00156401
0.00156885
0.00157455
0.00158109
0.00158847
0.0015967
0.00160576
0.00161565
0.00162637
0.00163789
0.00165022
0.00166334
0.00167724
0.00169191
0.00170733
0.0017235
0.00174039
0.001758
0.0017763
0.00179529
0.00181494
0.00183524
0.00185618
0.00187773
0.00189988
0.00192262
0.00194592
0.00196978
0.00199417
0.00201909
0.00204451
0.00207042
0.00209681
0.00212366
0.00215096
0.0021787
0.00220687
0.00223545
0.00226445
0.00229385
0.00232365
0.00235384
0.00238443
0.00241541
0.00244679
0.00247858
0.00251078
0.00254342
0.00257652
0.0026101
0.0026442
0.00267885
0.00271412
0.00275006
0.00278676
0.00282429
0.00286278
0.00290234
0.00294313
0.00298533
0.00302916
0.00307486
0.00312273
0.00317311
0.00322641
0.00328311
0.00334377
0.00340904
0.00347969
0.00355662
0.00364088
0.0037337
0.00383651
0.003951
0.00407914
0.00422321
0.0043859
0.00457035
0.00478018
0.00501967
0.00529374
0.00560809
0.00596927
0.00638483
0.00686337
0.00741465
0.00804965
0.00878064
0.00962115
0.010586
0.0116911
0.0129537
0.0143917
0.0160242
0.0178706
0.0199512
0.0222864
0.0248971
0.027804
0.0310284
0.0345915
0.0385144
0.0428184
0.0475251
0.0526558
0.0582322
0.0642761
0.0708093
0.077854
0.0854323
0.0935667
0.10228
0.111594
0.121532
0.132116
0.14337
0.155316
0.167977
0.181375
0.195532
0.21047
0.226211
0.242775
0.260183
0.278455
0.297609
0.317663
0.338635
0.36054
0.383392
0.407205
0.431991
0.457759
0.484524
0.512277
0.541028
0.570781
0.601535
0.633287
0.666032
0.699762
0.734464
0.770123
0.806719
0.844229
0.882625
0.921872
0.961935
1.00277
1.04432
1.08655
1.12938
1.17275
1.21659
1.26081
1.30533
1.35005
1.39488
1.43971
1.48442
1.52891
1.57305
1.61671
1.65978
1.70213
1.74364
1.78421
1.82372
1.86209
1.89925
1.93515
1.96978
2.00314
2.03528
2.0663
2.09634
2.12556
2.15421
2.18255
2.21089
2.23957
2.26897
2.29945
2.33138
2.36508
2.40084
2.4389
2.4794
2.52237
2.56775
2.61536
2.66491
2.71598
2.76805
2.82053
2.87265
2.92365
2.97274
3.01915
3.06211
3.10092
3.13494
3.16362
3.18649
3.20318
3.21342
3.21706
3.21401
3.2043
3.18803
3.16538
3.13659
3.10195
3.06182
3.01656
2.96658
2.9123
2.85416
2.79259
2.72803
2.66092
2.59165
2.52065
2.4483
2.37495
2.30096
2.22664
2.1523
2.0782
2.00461
1.93173
1.85978
1.78893
1.71934
1.65116
1.58446
0.0015787
0.00158018
0.00158238
0.00158537
0.00158913
0.00159369
0.00159903
0.00160516
0.00161208
0.00161978
0.00162826
0.00163752
0.00164754
0.00165831
0.00166984
0.0016821
0.00169509
0.0017088
0.00172322
0.00173832
0.00175411
0.00177055
0.00178765
0.00180539
0.00182374
0.0018427
0.00186224
0.00188236
0.00190304
0.00192425
0.001946
0.00196825
0.001991
0.00201422
0.00203791
0.00206205
0.00208663
0.00211163
0.00213704
0.00216285
0.00218905
0.00221563
0.00224258
0.00226988
0.00229755
0.00232557
0.00235395
0.00238267
0.00241176
0.00244121
0.00247103
0.00250125
0.00253187
0.00256293
0.00259447
0.00262651
0.00265911
0.00269234
0.00272626
0.00276097
0.00279657
0.00283318
0.00287096
0.00291009
0.00295076
0.00299323
0.0030378
0.00308479
0.00313462
0.00318776
0.00324476
0.00330628
0.00337308
0.00344606
0.00352626
0.00361494
0.00371352
0.0038237
0.00394747
0.00408715
0.00424546
0.00442557
0.00463121
0.00486673
0.00513718
0.0054484
0.00580716
0.00622125
0.00669957
0.00725225
0.0078907
0.00862764
0.00947716
0.0104546
0.0115767
0.012861
0.0143263
0.0159921
0.0178785
0.0200062
0.0223962
0.0250695
0.0280477
0.0313519
0.0350038
0.0390246
0.0434361
0.0482597
0.0535171
0.0592301
0.0654206
0.0721106
0.0793222
0.0870779
0.0954
0.104311
0.113834
0.12399
0.134804
0.146297
0.158492
0.171412
0.185078
0.199511
0.214734
0.230768
0.247631
0.265343
0.283924
0.30339
0.323757
0.345042
0.367258
0.390417
0.41453
0.439606
0.465643
0.492652
0.520633
0.549589
0.579519
0.610418
0.642279
0.675092
0.708842
0.743512
0.779081
0.815522
0.852805
0.890895
0.929751
0.969329
1.00958
1.05044
1.09185
1.13375
1.17605
1.21868
1.26155
1.30457
1.34763
1.39064
1.43348
1.47604
1.51821
1.55987
1.60089
1.64116
1.68057
1.71901
1.75638
1.7926
1.82759
1.86131
1.89372
1.92484
1.95468
1.98334
2.0109
2.03752
2.06338
2.08871
2.11378
2.13888
2.16432
2.19044
2.21756
2.24602
2.27609
2.30802
2.34201
2.37816
2.4165
2.45696
2.49938
2.54348
2.58891
2.63522
2.68188
2.72822
2.77358
2.81726
2.85857
2.89684
2.93143
2.96176
2.98734
3.00772
3.02256
3.0316
3.03467
3.03168
3.02263
3.00759
2.9867
2.96015
2.92821
2.89116
2.84935
2.80313
2.75287
2.69897
2.64183
2.58185
2.51941
2.45491
2.38871
2.32118
2.25266
2.18347
2.11391
2.04427
1.97479
1.90573
1.83728
1.76965
1.70301
1.63751
1.57328
1.51042
0.00160417
0.00160562
0.00160772
0.00161055
0.0016141
0.00161838
0.00162339
0.00162913
0.00163561
0.00164281
0.00165074
0.00165938
0.00166874
0.0016788
0.00168957
0.00170102
0.00171315
0.00172594
0.0017394
0.0017535
0.00176823
0.00178357
0.00179953
0.00181607
0.00183319
0.00185087
0.0018691
0.00188786
0.00190713
0.00192691
0.00194717
0.0019679
0.00198908
0.00201071
0.00203276
0.00205523
0.00207809
0.00210134
0.00212496
0.00214894
0.00217328
0.00219795
0.00222296
0.0022483
0.00227395
0.00229993
0.00232621
0.00235282
0.00237974
0.00240699
0.00243458
0.00246252
0.00249082
0.00251953
0.00254866
0.00257826
0.00260837
0.00263906
0.0026704
0.00270248
0.00273539
0.00276926
0.00280425
0.00284051
0.00287827
0.00291776
0.00295927
0.00300314
0.00304977
0.00309963
0.00315327
0.00321134
0.0032746
0.00334395
0.00342045
0.00350533
0.00360004
0.00370628
0.00382607
0.00396174
0.00411605
0.00429223
0.00449408
0.00472603
0.00499325
0.00530173
0.00565846
0.00607145
0.00654992
0.00710435
0.00774657
0.00848979
0.00934861
0.010339
0.0114781
0.0127843
0.0142769
0.015976
0.0179021
0.0200766
0.0225207
0.025256
0.0283041
0.0316868
0.0354256
0.0395422
0.0440584
0.048996
0.0543766
0.0602223
0.066555
0.0733969
0.0807702
0.0886974
0.0972008
0.106303
0.116027
0.126395
0.137429
0.149153
0.161588
0.174756
0.188679
0.203378
0.218875
0.235188
0.252338
0.270342
0.289218
0.308982
0.329649
0.351232
0.373744
0.397192
0.421577
0.446908
0.47319
0.500425
0.528613
0.557753
0.587838
0.618862
0.650811
0.68367
0.717421
0.752041
0.787502
0.823771
0.860813
0.898586
0.937043
0.976131
1.01579
1.05596
1.09658
1.13755
1.17881
1.22027
1.26183
1.3034
1.34487
1.38614
1.42709
1.46761
1.50759
1.54691
1.58545
1.62311
1.65978
1.69537
1.72979
1.76297
1.79485
1.8254
1.85462
1.88253
1.90917
1.93463
1.95902
1.98251
2.00529
2.02756
2.0496
2.07167
2.09407
2.1171
2.14105
2.16622
2.19285
2.22116
2.25129
2.28335
2.31734
2.35321
2.39078
2.42983
2.47004
2.511
2.55227
2.59325
2.63335
2.67198
2.7085
2.74233
2.7729
2.79969
2.82224
2.84014
2.85308
2.86081
2.86315
2.86001
2.85137
2.83727
2.81782
2.79319
2.76359
2.72929
2.69056
2.64773
2.60113
2.55112
2.49806
2.44231
2.38422
2.32416
2.26247
2.19948
2.1355
2.07085
2.00579
1.9406
1.87552
1.81077
1.74655
1.68305
1.62044
1.55885
1.49842
1.43924
0.00162925
0.00163066
0.00163268
0.00163535
0.0016387
0.00164272
0.00164742
0.00165279
0.00165885
0.00166558
0.00167298
0.00168105
0.00168978
0.00169918
0.00170922
0.0017199
0.00173121
0.00174315
0.00175569
0.00176884
0.00178257
0.00179688
0.00181175
0.00182717
0.00184313
0.0018596
0.00187658
0.00189406
0.00191201
0.00193042
0.00194928
0.00196857
0.00198828
0.0020084
0.00202891
0.00204979
0.00207103
0.00209263
0.00211457
0.00213683
0.00215941
0.0021823
0.00220549
0.00222897
0.00225273
0.00227679
0.00230112
0.00232573
0.00235063
0.00237582
0.00240131
0.00242712
0.00245326
0.00247977
0.00250666
0.00253398
0.00256178
0.00259011
0.00261905
0.00264869
0.00267911
0.00271045
0.00274285
0.00277648
0.00281155
0.00284829
0.00288699
0.00292799
0.00297168
0.00301853
0.00306908
0.003124
0.00318403
0.00325007
0.00332318
0.0034046
0.00349578
0.00359844
0.00371459
0.00384662
0.00399731
0.00416993
0.00436836
0.00459711
0.00486146
0.00516758
0.00552261
0.00593484
0.00641377
0.00697023
0.00761648
0.00836618
0.00923446
0.0102378
0.0113941
0.0127221
0.0142418
0.0159737
0.0179391
0.0201595
0.0226567
0.0254525
0.028569
0.0320279
0.0358513
0.0400608
0.0446785
0.0497262
0.0552259
0.0611995
0.0676692
0.0746573
0.0821861
0.0902779
0.0989555
0.108241
0.118158
0.128728
0.139974
0.151917
0.164582
0.177987
0.192157
0.20711
0.222867
0.239448
0.25687
0.275152
0.29431
0.314357
0.335308
0.357177
0.379957
0.403661
0.428295
0.453863
0.480368
0.50781
0.536185
0.565487
0.595709
0.626837
0.658855
0.691743
0.725478
0.760031
0.79537
0.831456
0.868248
0.905698
0.943751
0.982351
1.02143
1.06093
1.10075
1.14084
1.18109
1.22142
1.26172
1.3019
1.34185
1.38147
1.42063
1.45922
1.49714
1.53427
1.5705
1.60573
1.63986
1.67281
1.7045
1.73488
1.76391
1.79157
1.81787
1.84284
1.86655
1.88909
1.9106
1.93122
1.95114
1.9706
1.98982
2.00907
2.02863
2.04876
2.06973
2.0918
2.11518
2.14007
2.16659
2.19481
2.22474
2.25632
2.2894
2.32377
2.35915
2.39518
2.43146
2.46748
2.50273
2.53665
2.56872
2.59839
2.62517
2.64858
2.66822
2.6837
2.69474
2.70109
2.7026
2.69915
2.69072
2.67733
2.65907
2.63607
2.60852
2.57662
2.54065
2.50087
2.4576
2.41114
2.36182
2.30997
2.25591
2.19998
2.14248
2.08373
2.02401
1.96361
1.9028
1.84181
1.78087
1.7202
1.65999
1.60042
1.54163
1.48377
1.42697
1.3713
0.00165372
0.0016551
0.00165703
0.00165956
0.00166272
0.00166649
0.0016709
0.00167593
0.00168159
0.00168787
0.00169478
0.00170231
0.00171046
0.00171922
0.00172858
0.00173854
0.00174908
0.00176021
0.0017719
0.00178415
0.00179695
0.00181028
0.00182413
0.0018385
0.00185336
0.0018687
0.00188451
0.00190078
0.00191748
0.00193462
0.00195216
0.00197011
0.00198844
0.00200714
0.00202619
0.00204559
0.00206532
0.00208537
0.00210573
0.00212638
0.00214732
0.00216854
0.00219002
0.00221177
0.00223377
0.00225602
0.00227853
0.00230129
0.0023243
0.00234757
0.00237112
0.00239494
0.00241907
0.00244353
0.00246835
0.00249356
0.00251921
0.00254537
0.00257209
0.00259947
0.0026276
0.0026566
0.00268663
0.00271783
0.00275043
0.00278465
0.00282078
0.00285915
0.00290015
0.00294426
0.00299201
0.00304404
0.00310113
0.00316416
0.0032342
0.00331247
0.00340045
0.00349985
0.00361272
0.00374145
0.00388886
0.00405829
0.00425364
0.00447954
0.00474137
0.00504543
0.00539909
0.00581084
0.00629048
0.0068492
0.00749963
0.00825593
0.00913372
0.01015
0.0113232
0.0126727
0.014219
0.0159832
0.0179869
0.020252
0.0228008
0.0256554
0.0288379
0.0323705
0.0362753
0.0405743
0.0452895
0.0504429
0.0560565
0.0621526
0.0687533
0.075881
0.0835581
0.0918071
0.100651
0.110111
0.120211
0.130973
0.14242
0.154573
0.167455
0.181087
0.19549
0.210684
0.226689
0.243523
0.261205
0.27975
0.299175
0.319492
0.340707
0.362824
0.38585
0.409792
0.434655
0.460441
0.487149
0.514778
0.54332
0.572767
0.603105
0.63432
0.66639
0.699291
0.732996
0.76747
0.802676
0.838572
0.875108
0.912233
0.949886
0.988005
1.02652
1.06535
1.10442
1.14364
1.18292
1.22217
1.26128
1.30014
1.33865
1.3767
1.41418
1.45097
1.48696
1.52205
1.55613
1.58911
1.62089
1.65141
1.6806
1.70842
1.73484
1.75985
1.78348
1.80578
1.82682
1.8467
1.86555
1.88354
1.90086
1.91771
1.93433
1.95097
1.96787
1.98528
2.00346
2.02262
2.04297
2.06465
2.08778
2.11243
2.13859
2.1662
2.19512
2.22518
2.25611
2.2876
2.3193
2.35077
2.38154
2.41113
2.43907
2.46488
2.48812
2.50835
2.52522
2.53837
2.54755
2.55252
2.55313
2.54927
2.54091
2.52804
2.51075
2.48913
2.46334
2.43358
2.40006
2.36302
2.32275
2.27952
2.23361
2.18534
2.13499
2.08287
2.02926
1.97444
1.91869
1.86226
1.80541
1.74835
1.69131
1.63448
1.57804
1.52216
1.46698
1.41265
1.35927
1.30693
0.00167736
0.00167871
0.00168056
0.00168297
0.00168594
0.00168949
0.00169362
0.00169833
0.00170362
0.00170949
0.00171594
0.00172296
0.00173056
0.00173873
0.00174745
0.00175674
0.00176657
0.00177693
0.00178783
0.00179924
0.00181116
0.00182358
0.00183649
0.00184987
0.0018637
0.00187799
0.00189271
0.00190785
0.00192339
0.00193933
0.00195565
0.00197234
0.00198938
0.00200676
0.00202446
0.00204248
0.0020608
0.00207941
0.0020983
0.00211745
0.00213686
0.00215652
0.00217643
0.00219656
0.00221692
0.00223751
0.00225832
0.00227936
0.00230062
0.00232212
0.00234386
0.00236586
0.00238813
0.0024107
0.0024336
0.00245687
0.00248055
0.00250469
0.00252938
0.00255469
0.00258072
0.00260758
0.00263543
0.00266442
0.00269476
0.00272668
0.00276047
0.00279644
0.00283501
0.00287662
0.00292182
0.00297125
0.00302567
0.00308598
0.00315323
0.00322866
0.00331374
0.00341022
0.00352013
0.00364589
0.00379036
0.00395691
0.00414953
0.00437289
0.00463251
0.00493483
0.00528737
0.00569889
0.00617945
0.00674057
0.0073953
0.00815821
0.00904541
0.0100745
0.0112643
0.0126348
0.0142069
0.0160023
0.018043
0.0203514
0.0229498
0.0258608
0.0291067
0.0327098
0.0366924
0.0410766
0.0458846
0.0511386
0.0568605
0.0630728
0.0697978
0.0770578
0.0848753
0.0932729
0.102273
0.111899
0.122172
0.133116
0.144752
0.157103
0.170191
0.184035
0.198658
0.214079
0.230318
0.247392
0.265318
0.284112
0.303788
0.324349
0.345798
0.368145
0.391397
0.415557
0.44063
0.466614
0.493507
0.521304
0.549995
0.579567
0.610006
0.641291
0.673399
0.7063
0.739963
0.774349
0.809416
0.845116
0.881397
0.9182
0.955461
0.99311
1.03107
1.06927
1.10761
1.14601
1.18437
1.22259
1.26056
1.29819
1.33535
1.37194
1.40784
1.44295
1.47715
1.51035
1.54245
1.57335
1.60298
1.63127
1.65817
1.68365
1.70768
1.73029
1.7515
1.77136
1.78997
1.80742
1.82386
1.83945
1.85438
1.86884
1.88306
1.89727
1.91171
1.9266
1.94217
1.95863
1.97613
1.99484
2.01483
2.03617
2.05884
2.08279
2.1079
2.134
2.16086
2.1882
2.21572
2.24302
2.26969
2.29531
2.31946
2.34171
2.36166
2.37894
2.39321
2.40417
2.41155
2.41517
2.41485
2.41052
2.4021
2.38962
2.37311
2.35266
2.3284
2.30051
2.26916
2.23458
2.19701
2.15669
2.11389
2.06888
2.02192
1.9733
1.92326
1.87207
1.81999
1.76724
1.71407
1.66067
1.60725
1.554
1.50108
1.44865
1.39686
1.34582
1.29566
1.24645
0.00169995
0.00170128
0.00170305
0.00170534
0.00170815
0.00171149
0.00171536
0.00171977
0.00172472
0.0017302
0.00173622
0.00174278
0.00174987
0.00175749
0.00176563
0.00177429
0.00178345
0.00179311
0.00180327
0.00181391
0.00182502
0.00183659
0.00184862
0.00186108
0.00187397
0.00188728
0.00190099
0.00191508
0.00192955
0.00194439
0.00195958
0.0019751
0.00199094
0.0020071
0.00202356
0.0020403
0.00205731
0.00207459
0.00209212
0.00210989
0.00212789
0.00214611
0.00216455
0.0021832
0.00220205
0.00222111
0.00224036
0.00225981
0.00227947
0.00229933
0.00231941
0.00233973
0.0023603
0.00238114
0.00240228
0.00242377
0.00244564
0.00246796
0.00249078
0.0025142
0.00253831
0.00256323
0.0025891
0.00261608
0.00264437
0.00267421
0.00270587
0.00273969
0.00277604
0.0028154
0.0028583
0.00290539
0.00295741
0.00301527
0.00308001
0.0031529
0.00323539
0.00332924
0.00343649
0.0035596
0.00370145
0.00386545
0.00405563
0.00427677
0.00453446
0.0048353
0.00518698
0.00559847
0.00608011
0.00664374
0.00730276
0.0080722
0.00896861
0.0100101
0.0112159
0.0126067
0.0142037
0.0160291
0.0181053
0.0204548
0.0231006
0.0260651
0.0293712
0.0330411
0.0370973
0.0415621
0.0464577
0.0518063
0.0576303
0.0639519
0.0707935
0.0781777
0.086127
0.094664
0.103811
0.113592
0.124027
0.135141
0.146955
0.159491
0.17277
0.186814
0.201643
0.217277
0.233734
0.251032
0.269187
0.288214
0.308115
0.328893
0.350557
0.373115
0.396573
0.420933
0.446196
0.47236
0.499419
0.527365
0.556188
0.58587
0.616393
0.647735
0.679867
0.712757
0.746369
0.780661
0.815586
0.851091
0.88712
0.92361
0.960491
0.99769
1.03513
1.07272
1.11037
1.14799
1.18548
1.22274
1.25965
1.29611
1.33202
1.36725
1.40169
1.43525
1.46781
1.49927
1.52954
1.55855
1.58621
1.61247
1.63729
1.66064
1.68251
1.70294
1.72195
1.73961
1.75601
1.77127
1.78551
1.79892
1.81166
1.82394
1.83596
1.84794
1.86011
1.87267
1.88583
1.89978
1.91467
1.93062
1.94772
1.96601
1.98549
2.00609
2.02772
2.05021
2.07337
2.09695
2.12066
2.14418
2.16713
2.18914
2.20983
2.22883
2.24577
2.26033
2.27219
2.28109
2.28679
2.28909
2.28787
2.28302
2.27448
2.26226
2.24638
2.22692
2.20399
2.17773
2.1483
2.11591
2.08075
2.04305
2.00306
1.961
1.91713
1.87168
1.82491
1.77705
1.72833
1.67897
1.62917
1.57915
1.52908
1.47913
1.42947
1.38025
1.33159
1.28362
1.23645
1.19015
0.00172127
0.00172258
0.00172429
0.00172647
0.00172912
0.00173227
0.00173591
0.00174004
0.00174467
0.0017498
0.00175543
0.00176156
0.00176819
0.0017753
0.0017829
0.00179098
0.00179953
0.00180855
0.00181803
0.00182795
0.00183832
0.00184912
0.00186033
0.00187196
0.00188398
0.00189638
0.00190916
0.0019223
0.00193579
0.00194961
0.00196375
0.00197821
0.00199296
0.002008
0.00202331
0.00203888
0.0020547
0.00207075
0.00208704
0.00210354
0.00212025
0.00213716
0.00215426
0.00217155
0.00218902
0.00220667
0.0022245
0.0022425
0.00226069
0.00227907
0.00229764
0.00231642
0.00233544
0.00235471
0.00237426
0.00239412
0.00241436
0.00243501
0.00245616
0.00247787
0.00250024
0.0025234
0.00254748
0.00257265
0.0025991
0.00262707
0.00265682
0.0026887
0.00272307
0.00276042
0.00280126
0.00284624
0.00289612
0.0029518
0.00301431
0.00308492
0.00316511
0.00325662
0.00336152
0.00348228
0.0036218
0.00378354
0.00397159
0.00419079
0.00444683
0.00474643
0.00509746
0.0055091
0.00599192
0.00655809
0.00722137
0.00799715
0.00890247
0.00995581
0.011177
0.0125871
0.0142078
0.0160616
0.0181713
0.0205598
0.0232501
0.0262651
0.0296275
0.0333601
0.0374852
0.0420252
0.0470026
0.0524395
0.0583585
0.0647819
0.0717321
0.0792318
0.0873035
0.0959699
0.105254
0.115178
0.125764
0.137035
0.149014
0.161721
0.175179
0.189407
0.204427
0.220258
0.236918
0.254424
0.272792
0.292026
0.312125
0.333101
0.354962
0.377712
0.401357
0.425898
0.451332
0.477657
0.504864
0.532943
0.56188
0.591657
0.622252
0.653637
0.685783
0.718655
0.75221
0.786405
0.821188
0.856502
0.892288
0.928476
0.964995
1.00177
1.03871
1.07573
1.11273
1.14963
1.18631
1.22267
1.2586
1.29399
1.32873
1.36271
1.39583
1.42796
1.45901
1.48889
1.51751
1.54479
1.57067
1.59509
1.61803
1.63946
1.65939
1.67785
1.69488
1.71056
1.72497
1.73825
1.75052
1.76194
1.77271
1.78299
1.79301
1.80296
1.81305
1.82348
1.83444
1.84609
1.85858
1.87201
1.88647
1.90199
1.91856
1.93613
1.95461
1.97384
1.99366
2.01385
2.03414
2.05425
2.07384
2.09259
2.11016
2.12621
2.14043
2.15251
2.16217
2.16917
2.1733
2.17438
2.17228
2.1669
2.15819
2.14614
2.13077
2.11215
2.09035
2.06551
2.03778
2.00731
1.9743
1.93895
1.90146
1.86206
1.82097
1.7784
1.73459
1.68974
1.64408
1.59779
1.55109
1.50414
1.45713
1.41021
1.36354
1.31726
1.27148
1.22633
1.1819
1.13828
0.00174112
0.00174241
0.00174406
0.00174614
0.00174865
0.00175162
0.00175505
0.00175893
0.00176328
0.00176809
0.00177336
0.0017791
0.00178529
0.00179195
0.00179906
0.00180661
0.00181461
0.00182304
0.0018319
0.00184118
0.00185087
0.00186096
0.00187144
0.00188231
0.00189354
0.00190512
0.00191706
0.00192933
0.00194192
0.00195482
0.00196802
0.0019815
0.00199526
0.00200928
0.00202355
0.00203806
0.00205279
0.00206774
0.0020829
0.00209825
0.00211379
0.00212951
0.0021454
0.00216146
0.00217768
0.00219406
0.0022106
0.0022273
0.00224416
0.0022612
0.00227841
0.00229581
0.00231343
0.00233128
0.00234939
0.00236781
0.00238657
0.00240573
0.00242536
0.00244554
0.00246637
0.00248795
0.00251044
0.00253399
0.00255879
0.00258509
0.00261315
0.00264329
0.00267592
0.00271147
0.00275049
0.00279361
0.0028416
0.00289534
0.00295589
0.00302449
0.00310264
0.00319209
0.00329493
0.00341362
0.00355111
0.00371088
0.00389708
0.0041146
0.00436924
0.00466783
0.00501841
0.00543032
0.00591441
0.00648311
0.00715051
0.00793239
0.00884617
0.00991079
0.0111465
0.0125747
0.0142177
0.0160981
0.018239
0.0206638
0.0233956
0.0264574
0.0298722
0.0336627
0.0378514
0.042461
0.0475138
0.0530322
0.0590386
0.0655556
0.0726056
0.0802114
0.0883956
0.0971808
0.10659
0.116645
0.12737
0.138786
0.150915
0.163779
0.1774
0.191798
0.206994
0.223005
0.239852
0.257549
0.276107
0.295521
0.315801
0.336956
0.358993
0.381917
0.40573
0.430432
0.456019
0.482487
0.509825
0.538021
0.567058
0.596915
0.627568
0.658987
0.691139
0.723986
0.757482
0.791579
0.826224
0.861356
0.896909
0.932814
0.968993
1.00537
1.04184
1.07833
1.11474
1.15097
1.1869
1.22244
1.25747
1.29189
1.32557
1.35842
1.39031
1.42116
1.45085
1.4793
1.50643
1.53216
1.55643
1.57921
1.60046
1.62018
1.63837
1.65507
1.67034
1.68424
1.69689
1.70839
1.71889
1.72854
1.73752
1.74602
1.75423
1.76234
1.77056
1.77905
1.78801
1.79758
1.8079
1.81906
1.83113
1.84415
1.85811
1.87295
1.8886
1.90493
1.92176
1.93892
1.95616
1.97323
1.98983
2.00568
2.02046
2.03387
2.04564
2.05549
2.06316
2.06844
2.07114
2.07108
2.06815
2.06226
2.05335
2.04141
2.02645
2.00853
1.98771
1.9641
1.93784
1.90907
1.87795
1.84467
1.80941
1.77237
1.73376
1.69377
1.6526
1.61047
1.56755
1.52404
1.48011
1.43595
1.3917
1.34753
1.30356
1.25994
1.21678
1.17418
1.13225
1.09107
0.00175928
0.00176056
0.00176215
0.00176414
0.00176653
0.00176934
0.00177257
0.00177623
0.00178032
0.00178484
0.0017898
0.00179518
0.001801
0.00180724
0.00181391
0.00182099
0.00182849
0.0018364
0.00184471
0.00185341
0.00186249
0.00187194
0.00188177
0.00189194
0.00190247
0.00191332
0.0019245
0.00193599
0.00194777
0.00195985
0.0019722
0.00198482
0.00199768
0.00201079
0.00202413
0.00203769
0.00205145
0.00206541
0.00207956
0.00209388
0.00210837
0.00212303
0.00213784
0.0021528
0.0021679
0.00218315
0.00219854
0.00221407
0.00222975
0.00224559
0.00226158
0.00227776
0.00229413
0.00231072
0.00232756
0.00234468
0.00236214
0.00237998
0.00239827
0.00241709
0.00243655
0.00245674
0.00247782
0.00249994
0.00252329
0.00254812
0.00257468
0.00260332
0.0026344
0.00266838
0.0027058
0.0027473
0.00279363
0.00284568
0.00290451
0.00297137
0.00304776
0.00313542
0.00323646
0.00335336
0.00348909
0.00364717
0.00383178
0.00404788
0.00430136
0.00459916
0.00494944
0.00536175
0.00584714
0.00641831
0.00708965
0.00787729
0.00879902
0.00987416
0.0111234
0.0125684
0.0142319
0.0161368
0.0183066
0.0207647
0.0235345
0.0266392
0.0301018
0.0339452
0.038192
0.0428648
0.0479862
0.0535786
0.0596645
0.0662664
0.073407
0.0811089
0.0893949
0.0982877
0.10781
0.117985
0.128834
0.140381
0.152646
0.165653
0.179421
0.193973
0.209327
0.225502
0.242517
0.260388
0.279107
0.298682
0.319123
0.340438
0.362633
0.38571
0.409673
0.434518
0.460241
0.486834
0.514287
0.542584
0.571706
0.601631
0.632332
0.663777
0.695928
0.728746
0.762183
0.796186
0.830699
0.865659
0.900997
0.936639
0.972505
1.00851
1.04456
1.08057
1.11644
1.15205
1.18731
1.22211
1.25633
1.28986
1.3226
1.35442
1.38523
1.41493
1.4434
1.47058
1.49638
1.52074
1.54359
1.56491
1.58467
1.60287
1.61952
1.63467
1.64838
1.66072
1.67179
1.68172
1.69065
1.69873
1.70614
1.71305
1.71964
1.72612
1.73265
1.73942
1.74658
1.75429
1.76267
1.7718
1.78175
1.79254
1.80418
1.81662
1.82977
1.84352
1.85772
1.8722
1.88676
1.90115
1.91512
1.9284
1.94072
1.95181
1.96141
1.96928
1.97519
1.97893
1.98033
1.97925
1.97556
1.96919
1.96007
1.94819
1.93356
1.91621
1.89622
1.87368
1.84869
1.82139
1.79192
1.76045
1.72715
1.69219
1.65576
1.61805
1.57923
1.53949
1.49901
1.45796
1.41652
1.37483
1.33305
1.29132
1.24977
1.20853
1.1677
1.1274
1.08771
1.04871
0.00177557
0.00177683
0.00177837
0.00178028
0.00178256
0.00178523
0.0017883
0.00179176
0.00179562
0.00179989
0.00180456
0.00180963
0.00181511
0.00182099
0.00182727
0.00183394
0.001841
0.00184844
0.00185626
0.00186444
0.00187299
0.00188189
0.00189113
0.0019007
0.0019106
0.0019208
0.00193131
0.00194211
0.00195319
0.00196454
0.00197615
0.00198799
0.00200008
0.00201238
0.0020249
0.00203762
0.00205052
0.00206361
0.00207687
0.00209029
0.00210386
0.00211758
0.00213143
0.00214543
0.00215955
0.0021738
0.00218818
0.00220269
0.00221733
0.00223211
0.00224705
0.00226214
0.00227742
0.00229291
0.00230863
0.00232463
0.00234094
0.00235763
0.00237475
0.00239239
0.00241065
0.00242963
0.00244948
0.00247036
0.00249246
0.00251601
0.00254129
0.00256861
0.00259835
0.00263098
0.00266703
0.00270713
0.00275203
0.00280263
0.00285999
0.00292536
0.00300023
0.00308636
0.00318587
0.00330126
0.0034355
0.00359215
0.00377543
0.00399036
0.0042429
0.0045401
0.00489024
0.00530304
0.00578974
0.00636328
0.00703833
0.00783132
0.00876038
0.00984519
0.0111067
0.0125672
0.0142493
0.0161765
0.0183723
0.0208605
0.0236646
0.0268078
0.0303134
0.0342043
0.0385031
0.0432326
0.0484154
0.0540738
0.0602306
0.0669084
0.0741297
0.0819173
0.090294
0.0992827
0.108906
0.119187
0.130147
0.14181
0.154197
0.16733
0.18123
0.195918
0.211413
0.227735
0.244901
0.262917
0.281778
0.301495
0.322078
0.343533
0.365866
0.389079
0.413171
0.438141
0.463982
0.490684
0.518235
0.546619
0.575814
0.605796
0.636535
0.667998
0.700145
0.732933
0.766312
0.800227
0.834619
0.869421
0.904562
0.939966
0.975549
1.01122
1.0469
1.08248
1.11785
1.15293
1.18759
1.22172
1.25522
1.28798
1.31987
1.3508
1.38065
1.40933
1.43674
1.46281
1.48744
1.51059
1.5322
1.55225
1.57071
1.58758
1.6029
1.6167
1.62905
1.64002
1.64973
1.6583
1.66585
1.67256
1.67858
1.6841
1.68928
1.69431
1.69937
1.70461
1.71021
1.71628
1.72295
1.7303
1.73839
1.74724
1.75685
1.76718
1.77816
1.78967
1.80159
1.81375
1.82598
1.83805
1.84973
1.86079
1.87097
1.88004
1.88775
1.89389
1.89825
1.90065
1.90092
1.89892
1.89456
1.88774
1.87841
1.86656
1.85219
1.83533
1.81603
1.79439
1.77048
1.74444
1.7164
1.68649
1.65488
1.62173
1.5872
1.55146
1.51468
1.47703
1.43868
1.39979
1.36051
1.32099
1.28137
1.24179
1.20236
1.16321
1.12444
1.08615
1.04843
1.01135
0.00178979
0.00179104
0.00179254
0.00179438
0.00179657
0.00179912
0.00180203
0.00180532
0.00180899
0.00181303
0.00181746
0.00182227
0.00182745
0.00183302
0.00183896
0.00184527
0.00185195
0.00185899
0.00186638
0.00187413
0.00188221
0.00189063
0.00189936
0.00190841
0.00191777
0.00192742
0.00193735
0.00194756
0.00195803
0.00196874
0.0019797
0.00199089
0.0020023
0.00201391
0.00202571
0.00203771
0.00204988
0.00206221
0.0020747
0.00208734
0.00210012
0.00211303
0.00212606
0.00213922
0.0021525
0.0021659
0.00217941
0.00219303
0.00220678
0.00222066
0.00223468
0.00224886
0.0022632
0.00227774
0.00229251
0.00230753
0.00232287
0.00233857
0.00235469
0.00237132
0.00238856
0.00240651
0.00242532
0.00244514
0.00246617
0.00248864
0.00251282
0.00253903
0.00256765
0.00259913
0.00263402
0.00267293
0.00271664
0.00276603
0.00282215
0.00288627
0.00295987
0.00304473
0.00314297
0.0032571
0.00339011
0.00354559
0.0037278
0.0039418
0.00419362
0.0044904
0.00484054
0.00525389
0.00574189
0.00631767
0.00699615
0.00779403
0.00872974
0.00982326
0.0110959
0.01257
0.0142688
0.0162157
0.0184347
0.0209495
0.0237838
0.0269611
0.0305045
0.0344371
0.0387816
0.0435608
0.0487973
0.0545136
0.0607324
0.0674764
0.0747682
0.0826306
0.0910865
0.100159
0.10987
0.120243
0.1313
0.143064
0.155557
0.1688
0.182815
0.197621
0.21324
0.229689
0.246986
0.265123
0.284107
0.303946
0.324651
0.346228
0.368679
0.392008
0.416212
0.441289
0.46723
0.494025
0.521659
0.550116
0.579372
0.6094
0.64017
0.671646
0.703786
0.736545
0.76987
0.803705
0.837988
0.87265
0.907617
0.94281
0.978144
1.01353
1.04887
1.08407
1.11903
1.15363
1.18776
1.22133
1.2542
1.28628
1.31745
1.3476
1.37663
1.40443
1.43093
1.45603
1.47967
1.50179
1.52234
1.54129
1.55864
1.57439
1.58856
1.60121
1.6124
1.62221
1.63075
1.63814
1.64453
1.65006
1.65489
1.65921
1.66317
1.66697
1.67075
1.67469
1.67893
1.6836
1.68881
1.69463
1.70112
1.7083
1.71618
1.72471
1.73383
1.74344
1.75341
1.7636
1.77385
1.78394
1.79369
1.80285
1.81122
1.81856
1.82467
1.82933
1.83237
1.83361
1.8329
1.83012
1.82516
1.81795
1.80843
1.79659
1.78242
1.76595
1.74723
1.72633
1.70334
1.67836
1.65152
1.62293
1.59276
1.56113
1.52822
1.49416
1.45913
1.42327
1.38674
1.34969
1.31227
1.27461
1.23684
1.1991
1.1615
1.12415
1.08715
1.05059
1.01457
0.979142
0.00180178
0.00180302
0.00180449
0.00180627
0.00180838
0.00181083
0.00181362
0.00181677
0.00182026
0.00182412
0.00182834
0.00183292
0.00183787
0.00184317
0.00184883
0.00185484
0.0018612
0.0018679
0.00187494
0.00188231
0.00189
0.00189801
0.00190633
0.00191494
0.00192384
0.00193302
0.00194247
0.00195218
0.00196213
0.00197232
0.00198274
0.00199337
0.00200421
0.00201524
0.00202645
0.00203784
0.00204939
0.00206109
0.00207294
0.00208492
0.00209703
0.00210927
0.00212162
0.00213408
0.00214665
0.00215933
0.00217211
0.002185
0.00219801
0.00221113
0.00222439
0.00223779
0.00225135
0.0022651
0.00227907
0.0022933
0.00230782
0.00232269
0.00233799
0.00235378
0.00237017
0.00238727
0.00240521
0.00242416
0.00244431
0.00246589
0.00248916
0.00251446
0.00254215
0.0025727
0.00260663
0.00264459
0.00268731
0.00273571
0.00279083
0.00285394
0.00292652
0.00301036
0.00310758
0.0032207
0.00335275
0.00350732
0.0036887
0.003902
0.00415332
0.00444986
0.00480013
0.0052141
0.00570335
0.00628122
0.00696282
0.00776509
0.0087067
0.00980789
0.0110902
0.0125763
0.0142895
0.0162536
0.0184926
0.0210304
0.0238907
0.0270972
0.030673
0.0346413
0.0390249
0.0438464
0.0491287
0.0548943
0.0611659
0.0679662
0.0753178
0.0832438
0.0917668
0.10091
0.110695
0.121147
0.132286
0.144136
0.156718
0.170054
0.184166
0.199073
0.214796
0.231353
0.248757
0.266996
0.286082
0.306025
0.326833
0.34851
0.371061
0.394487
0.418784
0.44395
0.469974
0.496846
0.52455
0.553066
0.582371
0.612437
0.643231
0.674716
0.706848
0.73958
0.772858
0.806623
0.840812
0.875353
0.91017
0.945184
0.980306
1.01545
1.05051
1.08539
1.11998
1.15418
1.18788
1.22096
1.25331
1.28482
1.31538
1.34488
1.37322
1.4003
1.42603
1.45033
1.47314
1.49439
1.51406
1.5321
1.54853
1.56334
1.57656
1.58825
1.59847
1.60731
1.61488
1.6213
1.62671
1.63126
1.63511
1.63842
1.64137
1.64413
1.64686
1.6497
1.65281
1.6563
1.66028
1.66483
1.66999
1.67579
1.68223
1.68927
1.69685
1.70488
1.71324
1.7218
1.7304
1.73887
1.747
1.7546
1.76146
1.76738
1.77215
1.7756
1.77754
1.77781
1.77629
1.77284
1.76738
1.75983
1.75015
1.7383
1.72428
1.70813
1.68988
1.66959
1.64734
1.62323
1.59737
1.56988
1.54089
1.51053
1.47895
1.44629
1.4127
1.37833
1.34331
1.3078
1.27192
1.23581
1.19959
1.16339
1.12731
1.09146
1.05593
1.02082
0.986215
0.952175
0.00181141
0.00181264
0.00181408
0.00181581
0.00181785
0.00182022
0.00182291
0.00182594
0.0018293
0.00183301
0.00183707
0.00184147
0.00184621
0.0018513
0.00185673
0.0018625
0.0018686
0.00187503
0.00188178
0.00188885
0.00189623
0.00190391
0.00191189
0.00192015
0.00192869
0.00193749
0.00194655
0.00195585
0.00196539
0.00197516
0.00198514
0.00199532
0.0020057
0.00201626
0.002027
0.0020379
0.00204895
0.00206014
0.00207147
0.00208293
0.00209451
0.0021062
0.002118
0.0021299
0.0021419
0.002154
0.0021662
0.0021785
0.00219091
0.00220343
0.00221607
0.00222886
0.0022418
0.00225492
0.00226825
0.00228183
0.0022957
0.00230992
0.00232455
0.00233968
0.0023554
0.00237182
0.00238908
0.00240733
0.00242678
0.00244766
0.00247022
0.00249479
0.00252176
0.00255157
0.00258476
0.00262196
0.00266393
0.00271156
0.00276591
0.00282824
0.00290004
0.0029831
0.00307956
0.00319193
0.00332327
0.00347717
0.00365797
0.00387082
0.00412184
0.00441832
0.00476884
0.00518348
0.00567396
0.00625374
0.00693813
0.00774425
0.00869097
0.00979874
0.0110893
0.0125856
0.014311
0.0162895
0.0185452
0.0211021
0.023984
0.0272147
0.0308173
0.034815
0.0392307
0.0440872
0.0494071
0.0552131
0.0615279
0.0683742
0.0757748
0.0837526
0.0923305
0.101531
0.111378
0.121893
0.133099
0.145018
0.157673
0.171085
0.185276
0.200265
0.216072
0.232718
0.250204
0.268527
0.287696
0.307722
0.328612
0.350371
0.373002
0.396506
0.420878
0.446115
0.472206
0.499139
0.526898
0.555462
0.584806
0.614901
0.645714
0.677204
0.709329
0.742038
0.775276
0.808984
0.843094
0.877536
0.912232
0.947099
0.982049
1.01699
1.05182
1.08644
1.12075
1.15462
1.18797
1.22066
1.25259
1.28364
1.31371
1.34268
1.37047
1.39696
1.42207
1.44574
1.46788
1.48844
1.5074
1.52472
1.54041
1.55447
1.56693
1.57786
1.58731
1.59538
1.60217
1.60781
1.61244
1.61621
1.61926
1.62178
1.62392
1.62584
1.62772
1.62969
1.63189
1.63444
1.63744
1.64097
1.64506
1.64976
1.65505
1.6609
1.66725
1.67402
1.68111
1.68837
1.69567
1.70284
1.7097
1.71605
1.72171
1.72649
1.7302
1.73267
1.73373
1.73324
1.73106
1.72709
1.72122
1.71339
1.70356
1.6917
1.67781
1.6619
1.64401
1.6242
1.60254
1.57912
1.55404
1.52741
1.49935
1.47
1.43948
1.40794
1.3755
1.34231
1.3085
1.27421
1.23956
1.20469
1.16971
1.13473
1.09987
1.06522
1.03088
0.996935
0.963463
0.930531
0.00181854
0.00181976
0.00182117
0.00182287
0.00182486
0.00182716
0.00182978
0.00183272
0.00183598
0.00183958
0.0018435
0.00184777
0.00185236
0.00185729
0.00186254
0.00186813
0.00187404
0.00188026
0.0018868
0.00189364
0.00190078
0.00190822
0.00191594
0.00192393
0.00193219
0.00194071
0.00194947
0.00195847
0.0019677
0.00197715
0.0019868
0.00199664
0.00200668
0.00201689
0.00202726
0.00203779
0.00204846
0.00205928
0.00207022
0.00208128
0.00209245
0.00210373
0.00211512
0.0021266
0.00213817
0.00214984
0.0021616
0.00217346
0.00218542
0.00219748
0.00220967
0.00222199
0.00223446
0.00224711
0.00225996
0.00227306
0.00228645
0.00230018
0.00231432
0.00232895
0.00234417
0.00236008
0.00237683
0.00239458
0.00241351
0.00243387
0.0024559
0.00247995
0.00250639
0.00253567
0.00256832
0.00260498
0.00264641
0.00269349
0.00274729
0.00280907
0.00288034
0.00296287
0.0030588
0.00317069
0.00330156
0.00345506
0.00363553
0.00384815
0.00409909
0.00439569
0.00474659
0.00516197
0.00565362
0.00623515
0.00692198
0.00773139
0.00868241
0.00979564
0.011093
0.0125975
0.0143327
0.0163227
0.0185918
0.0211638
0.0240629
0.0273126
0.0309363
0.034957
0.0393978
0.0442814
0.0496306
0.0554679
0.0618161
0.0686981
0.0761365
0.0841542
0.0927742
0.102019
0.111912
0.122476
0.133734
0.145707
0.158417
0.171887
0.186138
0.201189
0.217062
0.233774
0.251323
0.269708
0.288941
0.30903
0.329983
0.351804
0.374495
0.398057
0.422487
0.447777
0.473918
0.500898
0.528698
0.557297
0.586671
0.616788
0.647613
0.679108
0.711226
0.743917
0.777125
0.810788
0.844839
0.879206
0.913809
0.948564
0.983384
1.01817
1.05283
1.08725
1.12134
1.15497
1.18805
1.22044
1.25205
1.28276
1.31246
1.34105
1.36841
1.39446
1.41912
1.4423
1.46394
1.48399
1.50242
1.5192
1.53433
1.54782
1.55972
1.57007
1.57895
1.58644
1.59265
1.59771
1.60176
1.60493
1.6074
1.60931
1.61084
1.61214
1.61338
1.61469
1.61621
1.61806
1.62032
1.62308
1.62638
1.63025
1.63468
1.63964
1.64508
1.65092
1.65705
1.66334
1.66967
1.67587
1.68177
1.6872
1.69197
1.69589
1.69881
1.70055
1.70096
1.69988
1.69721
1.69284
1.68666
1.67863
1.66869
1.65681
1.643
1.62726
1.60964
1.59018
1.56896
1.54604
1.52154
1.49556
1.4682
1.4396
1.40988
1.37916
1.34758
1.31527
1.28237
1.24899
1.21527
1.18133
1.14727
1.11322
1.07927
1.04552
1.01207
0.978994
0.946374
0.914274
0.00182306
0.00182428
0.00182567
0.00182734
0.0018293
0.00183155
0.00183412
0.001837
0.00184019
0.00184371
0.00184756
0.00185172
0.00185622
0.00186104
0.00186618
0.00187164
0.00187741
0.0018835
0.00188989
0.00189658
0.00190357
0.00191084
0.00191838
0.0019262
0.00193427
0.0019426
0.00195116
0.00195996
0.00196898
0.00197821
0.00198764
0.00199726
0.00200706
0.00201703
0.00202716
0.00203744
0.00204787
0.00205842
0.0020691
0.0020799
0.0020908
0.00210181
0.00211292
0.00212411
0.0021354
0.00214678
0.00215825
0.00216981
0.00218147
0.00219323
0.00220511
0.00221712
0.00222928
0.00224162
0.00225415
0.00226693
0.00228
0.00229341
0.00230723
0.00232153
0.00233642
0.00235201
0.00236843
0.00238584
0.00240444
0.00242446
0.00244617
0.00246988
0.00249598
0.00252492
0.00255724
0.00259357
0.00263467
0.00268143
0.00273491
0.00279638
0.00286734
0.00294958
0.00304525
0.0031569
0.00328757
0.00344093
0.00362132
0.00383395
0.00408504
0.00438194
0.00473337
0.00514954
0.00564234
0.00622544
0.00691438
0.00772653
0.00868102
0.00979857
0.0111012
0.012612
0.0143547
0.0163533
0.0186322
0.0212155
0.024127
0.0273905
0.0310294
0.0350667
0.0395254
0.0444283
0.0497981
0.0556575
0.0620293
0.0689362
0.076401
0.0844466
0.0930959
0.102372
0.112297
0.122895
0.134187
0.146197
0.158946
0.172456
0.186748
0.201842
0.217758
0.234516
0.252107
0.270535
0.289811
0.309943
0.330938
0.352801
0.375534
0.399136
0.423604
0.44893
0.475106
0.502116
0.529944
0.558568
0.58796
0.618092
0.648927
0.680424
0.712537
0.745216
0.778403
0.812037
0.846048
0.880364
0.914905
0.949586
0.984317
1.019
1.05354
1.08784
1.12178
1.15525
1.18814
1.22034
1.25174
1.28222
1.31167
1.33999
1.36708
1.39284
1.41718
1.44004
1.46135
1.48106
1.49913
1.51555
1.53031
1.54344
1.55496
1.56493
1.57342
1.58053
1.58635
1.59103
1.59468
1.59747
1.59954
1.60105
1.60217
1.60306
1.60387
1.60475
1.60581
1.60719
1.60897
1.61122
1.61399
1.61731
1.62117
1.62554
1.63037
1.63559
1.64108
1.64674
1.65242
1.65798
1.66324
1.66805
1.67222
1.67559
1.67797
1.67923
1.67919
1.67773
1.67473
1.67009
1.66371
1.65553
1.64551
1.63362
1.61986
1.60424
1.58679
1.56756
1.54662
1.52405
1.49993
1.47437
1.44748
1.41937
1.39017
1.36
1.329
1.29728
1.26497
1.23221
1.1991
1.16577
1.13234
1.0989
1.06556
1.03241
0.999547
0.96705
0.934998
0.903452
0.00182492
0.00182611
0.00182749
0.00182914
0.00183108
0.00183332
0.00183585
0.0018387
0.00184186
0.00184534
0.00184914
0.00185326
0.00185771
0.00186247
0.00186755
0.00187295
0.00187866
0.00188468
0.00189099
0.00189761
0.00190451
0.0019117
0.00191915
0.00192688
0.00193486
0.00194308
0.00195155
0.00196024
0.00196916
0.00197828
0.00198759
0.0019971
0.00200678
0.00201663
0.00202664
0.0020368
0.0020471
0.00205752
0.00206807
0.00207873
0.0020895
0.00210037
0.00211134
0.0021224
0.00213354
0.00214478
0.0021561
0.00216751
0.00217902
0.00219064
0.00220236
0.00221422
0.00222623
0.00223841
0.00225079
0.00226342
0.00227633
0.00228958
0.00230324
0.00231739
0.00233213
0.00234756
0.00236383
0.00238109
0.00239954
0.00241941
0.00244097
0.00246454
0.0024905
0.00251931
0.0025515
0.00258771
0.00262869
0.00267534
0.00272873
0.00279012
0.00286102
0.00294322
0.00303888
0.00315055
0.00328129
0.00343476
0.00361533
0.00382824
0.0040797
0.00437712
0.00472923
0.00514628
0.00564022
0.00622476
0.00691549
0.00772985
0.00868702
0.00980778
0.0111142
0.0126294
0.0143771
0.0163816
0.0186669
0.0212573
0.0241767
0.0274487
0.0310969
0.0351441
0.0396135
0.0445278
0.0499097
0.0557819
0.0621672
0.0690883
0.076568
0.0846292
0.0932949
0.102588
0.112531
0.123147
0.134459
0.146489
0.159258
0.17279
0.187104
0.202221
0.21816
0.234941
0.252555
0.271006
0.290304
0.310459
0.331476
0.353361
0.376115
0.399738
0.424226
0.449571
0.475764
0.502791
0.530633
0.559269
0.588673
0.618812
0.649651
0.68115
0.713262
0.745935
0.779112
0.812731
0.846722
0.881013
0.915522
0.950166
0.984854
1.01949
1.05397
1.0882
1.12206
1.15545
1.18826
1.22036
1.25165
1.28202
1.31135
1.33954
1.36648
1.3921
1.41629
1.43899
1.46013
1.47967
1.49757
1.51381
1.52839
1.54133
1.55266
1.56244
1.57074
1.57766
1.5833
1.58778
1.59124
1.59383
1.59571
1.59702
1.59795
1.59863
1.59923
1.59988
1.60073
1.60187
1.6034
1.6054
1.60791
1.61096
1.61453
1.61861
1.62314
1.62805
1.63323
1.63857
1.64393
1.64916
1.65411
1.65861
1.66249
1.66557
1.66769
1.6687
1.66844
1.66679
1.66362
1.65884
1.65236
1.64411
1.63404
1.62215
1.60841
1.59284
1.57548
1.55636
1.53556
1.51316
1.48923
1.46388
1.43721
1.40935
1.38041
1.35052
1.31979
1.28837
1.25636
1.2239
1.1911
1.15807
1.12494
1.09181
1.05877
1.02592
0.993354
0.961145
0.929373
0.898102
5.88856
6.54597
7.00594
7.24842
7.30127
7.22006
7.03928
6.7833
6.47119
6.11861
5.73545
5.35702
4.98747
4.61982
4.25804
3.90622
3.56765
3.24483
2.93951
2.65282
2.38629
2.14075
1.91325
1.70377
1.51207
1.33766
1.17981
1.03769
0.910383
0.796914
0.696287
0.607506
0.529582
0.461554
0.402489
0.351497
0.307728
0.270381
0.238701
0.211983
0.189571
0.170859
0.155292
0.142365
0.131625
0.122671
0.115153
0.108767
0.103259
0.0984115
0.0940462
0.0900157
0.0862054
0.0825588
0.0789547
0.0753221
0.0716147
0.067801
0.06386
0.0597763
0.055547
0.0511771
0.0466788
0.0420728
0.0373885
0.0326656
0.0279561
0.0233262
0.0188579
0.0146485
0.0108139
0.00746985
0.0047248
0.00265707
0.0012846
0.000537079
0.000246334
0.000248671
0.000517381
0.00748191
2.84773
2.91512
2.97879
3.00764
2.98983
2.9346
2.84963
2.74124
2.6148
2.47476
2.32459
2.17577
2.02921
1.88367
1.74057
1.60133
1.46708
1.3387
1.21685
1.10201
0.994812
0.895735
0.803595
0.718272
0.639696
0.567732
0.502177
0.44278
0.389246
0.341256
0.29847
0.260534
0.227092
0.197785
0.172257
0.15016
0.131157
0.114919
0.101136
0.0895088
0.0797586
0.0716236
0.064862
0.0592534
0.0545994
0.0507243
0.047475
0.0447199
0.0423477
0.0402654
0.0383963
0.0366776
0.0350595
0.0335082
0.031987
0.0304657
0.0289243
0.0273504
0.0257329
0.0240642
0.0223423
0.0205685
0.0187471
0.0168857
0.0149957
0.0130928
0.0111976
0.00933637
0.00754204
0.00585354
0.00431689
0.0029789
0.00188227
0.00105754
0.000511093
0.000214175
9.96643e-05
0.000103054
0.000229741
0.00317796
2.17498
2.17151
2.18029
2.1731
2.14301
2.09275
2.02561
1.94474
1.85305
1.75304
1.64769
1.54317
1.43972
1.33731
1.23687
1.13927
1.04521
0.955255
0.869801
0.789176
0.713726
0.643653
0.57841
0.517891
0.462026
0.410722
0.363848
0.321244
0.282726
0.248089
0.217113
0.189569
0.165222
0.143832
0.125159
0.108965
0.095016
0.083082
0.0729417
0.0643823
0.0572015
0.0512092
0.0462286
0.042098
0.0386717
0.0358203
0.0334312
0.031408
0.0296691
0.0281463
0.0267838
0.0255359
0.024366
0.0232466
0.0221555
0.0210711
0.0199787
0.0188688
0.0177334
0.0165668
0.0153673
0.0141351
0.0128729
0.0115857
0.0102811
0.00896961
0.0076652
0.00638589
0.00515409
0.00399642
0.00294419
0.00202937
0.00128075
0.000718677
0.000346942
0.000145441
6.83593e-05
7.20112e-05
0.000167831
0.00219786
1.90088
1.87782
1.86459
1.84207
1.80545
1.75541
1.69366
1.6222
1.543
1.45791
1.37
1.28259
1.19602
1.11065
1.02719
0.946287
0.868466
0.794127
0.723568
0.657023
0.594698
0.53668
0.48266
0.432534
0.386229
0.343656
0.304705
0.269246
0.237131
0.208199
0.182278
0.159187
0.13874
0.120746
0.105013
0.0913508
0.0795674
0.0694758
0.0608936
0.0536443
0.0475592
0.0424789
0.0382548
0.0347507
0.0318434
0.0294238
0.027397
0.0256814
0.0242083
0.0229205
0.0217708
0.020721
0.0197403
0.0188045
0.0178964
0.0169984
0.0160979
0.0151868
0.0142582
0.0133076
0.0123331
0.0113346
0.0103142
0.00927559
0.00822471
0.0071699
0.00612229
0.00509622
0.00410954
0.00318348
0.00234288
0.00161315
0.00101691
0.000569973
0.000274901
0.000115318
5.47579e-05
5.87614e-05
0.000141855
0.00177118
1.76341
1.73138
1.70553
1.67352
1.63173
1.58009
1.51962
1.45173
1.37795
1.29999
1.22064
1.1417
1.06364
0.986973
0.912287
0.840105
0.770841
0.704806
0.642229
0.583279
0.528078
0.476656
0.428803
0.38442
0.343423
0.30572
0.271206
0.239763
0.211259
0.185555
0.162499
0.141936
0.123706
0.107644
0.0935861
0.0813645
0.070814
0.0617705
0.0540738
0.0475681
0.0421038
0.0375392
0.0337419
0.0305901
0.0279741
0.0257961
0.0239713
0.0224268
0.0211014
0.0199438
0.0189122
0.0179724
0.017097
0.0162639
0.0154586
0.0146653
0.013873
0.0130743
0.012263
0.011435
0.0105885
0.00972331
0.00884094
0.00794451
0.007039
0.00613147
0.0052314
0.00435101
0.00350554
0.00271307
0.00199472
0.00137201
0.000863968
0.00048374
0.000233132
9.78862e-05
4.69673e-05
5.13338e-05
0.000127633
0.00152806
1.69113
1.65286
1.61817
1.57897
1.53244
1.47827
1.41715
1.35018
1.27865
1.20443
1.12953
1.05514
0.981808
0.910072
0.840451
0.773381
0.7092
0.648157
0.590427
0.536127
0.485326
0.438015
0.394032
0.353273
0.315645
0.281051
0.249385
0.220531
0.194366
0.170757
0.149568
0.130656
0.113877
0.0990822
0.0861222
0.0748466
0.0651052
0.0567495
0.0496332
0.0436143
0.0385557
0.0343274
0.0308077
0.0278845
0.0254566
0.0234342
0.0217389
0.0203038
0.0190724
0.0179977
0.0170412
0.0161714
0.0153631
0.0145961
0.0138566
0.0131308
0.0124085
0.0116826
0.0109475
0.0101994
0.00943656
0.00865862
0.00786678
0.00706375
0.00625388
0.00544339
0.00464066
0.00385654
0.00310448
0.00240052
0.00176325
0.0012116
0.000762186
0.000426343
0.00020534
8.63129e-05
4.1852e-05
4.65746e-05
0.000118772
0.0013692
1.65557
1.61208
1.57035
1.525
1.47385
1.41657
1.35371
1.2862
1.21532
1.14285
1.07016
0.998179
0.927507
0.858652
0.792078
0.728158
0.667172
0.609319
0.554729
0.503477
0.455593
0.411039
0.369671
0.33138
0.296064
0.263619
0.233932
0.206888
0.182365
0.160234
0.140367
0.122628
0.106882
0.0929911
0.0808159
0.0702168
0.0610545
0.0531907
0.0464895
0.0408181
0.0360488
0.0320596
0.0287367
0.025975
0.0236794
0.0217659
0.0201609
0.0188017
0.0176353
0.0166178
0.015713
0.0148914
0.0141295
0.0134082
0.0127146
0.0120359
0.0113626
0.0106878
0.0100065
0.00931485
0.00861122
0.0078952
0.00716777
0.0064313
0.0056897
0.0049486
0.00421558
0.00350048
0.00281551
0.00217518
0.00159628
0.00109583
0.00068871
0.000384906
0.000185285
7.79824e-05
3.82138e-05
4.32824e-05
0.000112839
0.00125656
1.64328
1.59492
1.54702
1.496
1.4402
1.37942
1.31412
1.2452
1.17403
1.10198
1.03012
0.95926
0.889971
0.822743
0.757986
0.696022
0.637082
0.581323
0.528835
0.479657
0.433789
0.391164
0.351648
0.315122
0.281475
0.250591
0.222355
0.196646
0.17334
0.152312
0.133434
0.116577
0.10161
0.0884019
0.0768211
0.0667351
0.0580122
0.0505219
0.0441355
0.0387275
0.0341769
0.0303681
0.0271932
0.0245523
0.0223554
0.0205226
0.0189842
0.0176806
0.0165617
0.0155857
0.0147184
0.0139319
0.0132037
0.0125158
0.0118558
0.0112117
0.0105745
0.00993757
0.00929609
0.00864656
0.0079872
0.00731755
0.00663845
0.00595204
0.00526188
0.00457313
0.00389279
0.00322993
0.0025958
0.00200375
0.00146919
0.00100769
0.000632754
0.000353352
0.000170024
7.16604e-05
3.54886e-05
4.08932e-05
0.000108697
0.00117229
1.64699
1.5938
1.54011
1.48361
1.42309
1.35848
1.29026
1.21943
1.14723
1.07472
1.00279
0.93218
0.863432
0.797
0.73325
0.672457
0.61481
0.560426
0.509361
0.461619
0.417178
0.375943
0.337777
0.302556
0.270154
0.240449
0.213316
0.18863
0.166264
0.146091
0.127985
0.111819
0.0974647
0.0847957
0.0736848
0.0640052
0.0556307
0.0484365
0.0422997
0.0371003
0.0327226
0.029056
0.0259972
0.0234509
0.0213307
0.0195602
0.0180729
0.0168118
0.0157289
0.0147843
0.0139452
0.013185
0.0124822
0.0118196
0.011185
0.0105672
0.00995765
0.00934986
0.00873913
0.00812214
0.0074971
0.00686352
0.0062221
0.00557478
0.00492486
0.00427715
0.00363817
0.00301638
0.00242228
0.0018683
0.00136874
0.000937994
0.000588505
0.000328405
0.000157969
6.66813e-05
3.33727e-05
3.91046e-05
0.000105738
0.0011068
1.66236
1.6042
1.54485
1.4829
1.41754
1.34886
1.27743
1.20433
1.13051
1.05688
0.984258
0.913287
0.844487
0.778273
0.714967
0.654802
0.597927
0.544424
0.494313
0.44757
0.404148
0.363928
0.32677
0.292535
0.261089
0.232298
0.206029
0.182151
0.160532
0.141045
0.123561
0.107954
0.0940974
0.0818679
0.0711412
0.0617945
0.0537058
0.0467548
0.0408228
0.0357944
0.0315581
0.0280076
0.0250432
0.0225733
0.0205148
0.0187941
0.0173473
0.0161195
0.0150647
0.0141444
0.0133271
0.0125872
0.011904
0.011261
0.0106462
0.0100491
0.00946119
0.00887634
0.00828997
0.00769884
0.00710118
0.00649643
0.0058852
0.00526928
0.00465176
0.00403713
0.00343156
0.002843
0.00228131
0.00175821
0.00128706
0.000881317
0.000552521
0.000308126
0.000148179
6.26513e-05
3.16868e-05
3.77383e-05
0.000103607
0.00105444
1.6866
1.62323
1.5582
1.49074
1.42042
1.34747
1.27268
1.19693
1.12104
1.04583
0.972043
0.900267
0.830984
0.764569
0.701302
0.641374
0.584898
0.531919
0.482429
0.436373
0.393679
0.354209
0.317811
0.284336
0.253638
0.225572
0.199996
0.176772
0.155764
0.136841
0.119871
0.104728
0.091288
0.0794268
0.0690231
0.0599569
0.0521094
0.0453636
0.0396046
0.0347205
0.0306032
0.0271501
0.0242646
0.0218582
0.0198506
0.0181708
0.0167568
0.0155559
0.0145235
0.0136224
0.0128223
0.0120984
0.0114307
0.0108031
0.0102041
0.0096234
0.00905286
0.00848648
0.00791979
0.00734965
0.00677428
0.00619309
0.00560659
0.00501645
0.00442557
0.00383821
0.00326021
0.00269912
0.00216428
0.00166677
0.0012192
0.000834222
0.000522624
0.000291284
0.000140059
5.93206e-05
3.03173e-05
3.6682e-05
0.000102077
0.00101168
1.71779
1.64895
1.57811
1.50505
1.42962
1.35235
1.27398
1.19525
1.11693
1.03979
0.964486
0.891571
0.821482
0.754554
0.691025
0.631047
0.574695
0.521982
0.472866
0.42727
0.385091
0.346175
0.310359
0.277479
0.247376
0.219896
0.194888
0.172205
0.151707
0.133257
0.116723
0.101976
0.088891
0.0773458
0.0672201
0.0583958
0.0507567
0.0441884
0.0385789
0.0338193
0.0298047
0.0264352
0.0236173
0.021265
0.0193004
0.0176547
0.0162681
0.0150893
0.014075
0.0131895
0.0124031
0.011692
0.0110366
0.0104214
0.00983506
0.00926763
0.00871122
0.00815994
0.00760943
0.0070566
0.00649968
0.00593805
0.00537216
0.00480354
0.00423496
0.00367047
0.00311563
0.00257764
0.00206542
0.0015895
0.00116185
0.000794415
0.000497359
0.000277061
0.00013321
5.65225e-05
2.91885e-05
3.58608e-05
0.000101001
0.000976146
1.75456
1.67993
1.60312
1.52432
1.44375
1.36206
1.27986
1.19789
1.11687
1.03751
0.960424
0.886113
0.814973
0.747296
0.683279
0.623035
0.566603
0.513961
0.465039
0.419733
0.377912
0.339405
0.304036
0.271627
0.242007
0.215011
0.190476
0.168251
0.148187
0.130143
0.113985
0.099581
0.0868061
0.0755375
0.0656559
0.0570446
0.0495892
0.0431774
0.0376999
0.0330501
0.0291258
0.0258298
0.0230709
0.0207654
0.018838
0.0172215
0.015858
0.0146975
0.0136983
0.0128255
0.0120503
0.0113494
0.0107039
0.0100988
0.00952276
0.00896619
0.00842139
0.00788261
0.00734555
0.00680719
0.00626577
0.00572061
0.00517211
0.00462172
0.00407206
0.00352701
0.0029919
0.00247363
0.00198073
0.00152329
0.0011127
0.000760299
0.000475712
0.000264883
0.000127355
5.41409e-05
2.82478e-05
3.5223e-05
0.000100277
0.00094621
1.79587
1.71511
1.63214
1.54752
1.46179
1.37548
1.28926
1.20382
1.11988
1.03808
0.959006
0.883102
0.810723
0.742117
0.677442
0.616771
0.560105
0.507389
0.458524
0.41338
0.3718
0.333595
0.298572
0.266542
0.23732
0.210728
0.186597
0.164765
0.145077
0.127389
0.111561
0.0974614
0.0849618
0.0739398
0.0642765
0.055856
0.0485653
0.0422942
0.0369351
0.0323839
0.0285405
0.02531
0.0226035
0.0203395
0.0184446
0.0168535
0.0155098
0.014365
0.0133784
0.012516
0.0117499
0.0110574
0.01042
0.00982311
0.00925547
0.00870785
0.00817271
0.00764436
0.00711861
0.00659248
0.00606419
0.00553306
0.00499941
0.00446463
0.00393121
0.00340289
0.00288478
0.00238354
0.00190735
0.00146589
0.00107008
0.000730726
0.000456955
0.00025434
0.000122294
5.20921e-05
2.74574e-05
3.47313e-05
9.98292e-05
0.000920703
1.84089
1.75368
1.66437
1.57394
1.48288
1.39179
1.30135
1.21226
1.12522
1.04082
0.959589
0.88194
0.808178
0.73851
0.673048
0.611827
0.554813
0.501916
0.453006
0.40793
0.366503
0.328518
0.293768
0.262047
0.233158
0.206913
0.183131
0.161642
0.142288
0.124916
0.109384
0.095557
0.0833059
0.0725072
0.063042
0.0547952
0.0476547
0.0415118
0.0362608
0.0317994
0.0280295
0.0248584
0.0221992
0.0199725
0.0181065
0.0165379
0.0152114
0.0140801
0.0131041
0.0122505
0.0114919
0.0108062
0.0101755
0.00958523
0.00902455
0.00848436
0.00795728
0.00743773
0.00692156
0.00640584
0.00588879
0.00536971
0.00484887
0.00432758
0.00380824
0.00329445
0.00279114
0.00230474
0.00184314
0.00141566
0.00103278
0.000704846
0.000440549
0.000245127
0.000117879
5.03142e-05
2.67892e-05
3.43581e-05
9.96047e-05
0.000898764
1.88894
1.79495
1.69929
1.60289
1.50633
1.41029
1.31548
1.22261
1.13232
1.04518
0.961673
0.882165
0.806914
0.736082
0.669739
0.60788
0.550432
0.497275
0.448246
0.403169
0.36183
0.324005
0.289471
0.258008
0.229404
0.20346
0.179986
0.158805
0.139749
0.122663
0.1074
0.0938226
0.0817992
0.0712057
0.0619231
0.0538364
0.0468347
0.0408104
0.0356592
0.0312806
0.0275786
0.024462
0.0218461
0.0196533
0.0178135
0.0162648
0.0149537
0.013834
0.0128672
0.0120208
0.0112685
0.0105885
0.00996311
0.0093784
0.00882347
0.00828947
0.00776916
0.00725705
0.00674906
0.00624227
0.00573492
0.00522626
0.00471656
0.00420703
0.00369999
0.00319892
0.0027086
0.00223524
0.00178649
0.00137134
0.000999872
0.000682014
0.000426083
0.000237012
0.000113999
4.876e-05
2.62219e-05
3.40826e-05
9.95621e-05
0.000879744
1.93942
1.83854
1.73634
1.63378
1.53156
1.43044
1.33114
1.23435
1.14071
1.05073
0.96486
0.883408
0.806591
0.734524
0.667233
0.604672
0.546732
0.493258
0.444059
0.398929
0.357631
0.319924
0.285565
0.254321
0.225967
0.200291
0.177095
0.156192
0.137409
0.120586
0.105571
0.0922241
0.080412
0.0700095
0.060897
0.05296
0.046088
0.0401745
0.0351167
0.0308155
0.0271766
0.0241108
0.021535
0.0193733
0.0175574
0.0160269
0.0147294
0.0136201
0.0126611
0.011821
0.0110739
0.0103984
0.00977753
0.00919735
0.00864718
0.00811836
0.00760376
0.00709798
0.00659699
0.00609791
0.00559897
0.00509941
0.00459943
0.00410023
0.00360401
0.00311417
0.00263533
0.00217353
0.00173616
0.00133195
0.000970628
0.000661733
0.000413241
0.000229817
0.000110566
4.73933e-05
2.57392e-05
3.38887e-05
9.96697e-05
0.000863143
1.99196
1.88396
1.77501
1.66611
1.5581
1.45177
1.34787
1.24708
1.15
1.05712
0.968821
0.885371
0.806937
0.733587
0.665304
0.602
0.543528
0.4897
0.440295
0.395079
0.353792
0.316171
0.281959
0.250907
0.222776
0.197344
0.174402
0.153756
0.135227
0.118649
0.103866
0.0907348
0.0791214
0.0688986
0.0599466
0.0521507
0.0454012
0.0395925
0.0346228
0.0303946
0.0268152
0.023797
0.0212587
0.0191261
0.0173322
0.0158183
0.0145332
0.013433
0.0124809
0.0116461
0.0109033
0.0102317
0.00961443
0.00903797
0.00849174
0.00796724
0.00745748
0.0069571
0.00646214
0.00596974
0.00547813
0.00498654
0.00449512
0.00400503
0.0035184
0.00303851
0.00256989
0.00211838
0.00169118
0.00129675
0.000944486
0.00064361
0.000401775
0.000223401
0.000107512
4.61852e-05
2.5328e-05
3.37637e-05
9.99025e-05
0.000848569
2.04615
1.93076
1.81483
1.69944
1.5855
1.47387
1.3653
1.26045
1.15989
1.06405
0.973285
0.887803
0.807724
0.733066
0.663767
0.599697
0.540672
0.486467
0.436836
0.391513
0.350217
0.312665
0.278581
0.247701
0.219775
0.194569
0.171865
0.151461
0.133171
0.116823
0.10226
0.0893341
0.0779093
0.0678575
0.0590582
0.0513968
0.044764
0.039055
0.0341693
0.0300106
0.0264876
0.0235145
0.0210116
0.0189062
0.017133
0.0156344
0.0143605
0.0132686
0.0123225
0.0114924
0.0107532
0.0100847
0.00947039
0.00889698
0.008354
0.00783311
0.00732743
0.00683168
0.00634193
0.00585534
0.00537015
0.00488557
0.00440173
0.00391972
0.00344161
0.00297062
0.00251113
0.00206883
0.00165075
0.0012651
0.000920996
0.000627332
0.000391484
0.000217651
0.000104781
4.51129e-05
2.49781e-05
3.36974e-05
0.000100241
0.000835712
2.10154
1.97849
1.85538
1.73335
1.61341
1.4964
1.3831
1.27415
1.17007
1.07127
0.978019
0.890496
0.808763
0.73279
0.662468
0.597626
0.53804
0.483451
0.433586
0.388148
0.346832
0.309337
0.27537
0.244653
0.21692
0.191929
0.169451
0.149277
0.131215
0.115088
0.100735
0.0880055
0.0767615
0.0668738
0.0582211
0.0506889
0.0441681
0.0385549
0.0337496
0.0296575
0.0261886
0.0232585
0.0207892
0.0187095
0.0169557
0.0154714
0.0142079
0.0131235
0.0121828
0.0113566
0.0106205
0.00995456
0.00934266
0.00877172
0.00823142
0.00771355
0.00721132
0.00671953
0.00623428
0.00575277
0.00527322
0.00479484
0.00431772
0.00384291
0.00337243
0.0029094
0.00245811
0.00202412
0.00161426
0.00123654
0.000899793
0.000612645
0.000382208
0.000212475
0.00010233
4.41577e-05
2.46809e-05
3.36816e-05
0.000100668
0.00082432
2.15767
2.02671
1.89627
1.76749
1.64145
1.51903
1.40098
1.28792
1.18032
1.07855
0.982825
0.89327
0.809894
0.732616
0.66128
0.595673
0.535531
0.480563
0.430465
0.384911
0.343576
0.306136
0.272282
0.24172
0.214176
0.189391
0.167132
0.14718
0.129339
0.113426
0.0992755
0.0867361
0.0756669
0.0659377
0.0574268
0.0500194
0.043607
0.0380862
0.0333587
0.0293306
0.0259137
0.0230249
0.0205878
0.0185327
0.0167972
0.0153264
0.0140726
0.0129949
0.0120591
0.0112363
0.0105028
0.00983895
0.00922898
0.00866004
0.00812192
0.00760655
0.00710724
0.00661884
0.0061375
0.00566042
0.00518585
0.00471296
0.00424183
0.00377347
0.00330983
0.00285398
0.00241008
0.00198359
0.00158118
0.00121064
0.000880576
0.000599343
0.000373814
0.0002078
0.000100122
4.33043e-05
2.44296e-05
3.37093e-05
0.000101171
0.000814189
2.21412
2.07504
1.93712
1.8015
1.66933
1.54147
1.41867
1.3015
1.19041
1.08569
0.987528
0.89597
0.810977
0.73242
0.660093
0.59374
0.53306
0.477727
0.427407
0.381747
0.340397
0.303016
0.269277
0.238871
0.211511
0.186931
0.164886
0.145153
0.127526
0.111822
0.0978697
0.0855153
0.0746164
0.0650415
0.0566684
0.0493824
0.0430753
0.0376443
0.0329921
0.0290262
0.0256595
0.0228106
0.0204045
0.0183729
0.0166549
0.0151968
0.013952
0.0128807
0.0119492
0.0111294
0.0103981
0.00973594
0.00912751
0.00856015
0.0080238
0.00751049
0.00701363
0.00652813
0.00605018
0.00557699
0.00510682
0.00463881
0.00417304
0.00371046
0.00325299
0.00280361
0.00236642
0.00194674
0.00155109
0.00118708
0.000863098
0.000587251
0.000366193
0.000203562
9.81274e-05
4.254e-05
2.42184e-05
3.37749e-05
0.000101739
0.00080515
2.27045
2.12308
1.97756
1.83506
1.69673
1.56345
1.43592
1.31469
1.20015
1.09254
0.991974
0.898459
0.811894
0.732096
0.658815
0.591747
0.530554
0.474882
0.424359
0.378608
0.337256
0.299942
0.266323
0.236077
0.208905
0.184529
0.162697
0.143179
0.125765
0.110265
0.0965078
0.0843349
0.0736027
0.0641789
0.0559406
0.0487732
0.0425688
0.0372254
0.0326466
0.0287412
0.0254233
0.022613
0.0202367
0.0182278
0.0165266
0.0150806
0.0138444
0.0127789
0.0118514
0.0110342
0.0103047
0.00964393
0.00903669
0.00847057
0.00793563
0.007424
0.00692919
0.00644617
0.00597115
0.00550138
0.00503509
0.00457145
0.00411047
0.0036531
0.0032012
0.00275769
0.00232659
0.0019131
0.00152362
0.00116558
0.000847153
0.000576227
0.000359252
0.00019971
9.63199e-05
4.18543e-05
2.40425e-05
3.38737e-05
0.000102362
0.000797063
2.32624
2.17044
2.01727
1.86786
1.72339
1.58471
1.45252
1.32729
1.20936
1.09892
0.996029
0.900619
0.81254
0.731554
0.657364
0.589624
0.527956
0.471974
0.421274
0.375454
0.334117
0.296884
0.263396
0.233317
0.206336
0.182167
0.160549
0.141246
0.124044
0.108747
0.095182
0.083188
0.07262
0.0633447
0.0552389
0.0481878
0.0420841
0.0368264
0.0323194
0.0284729
0.0252025
0.0224298
0.0200826
0.0180956
0.0164105
0.0149761
0.013748
0.012688
0.0117641
0.0109493
0.0102212
0.00956155
0.00895522
0.00839004
0.00785619
0.00734592
0.00685282
0.00637191
0.00589944
0.00543266
0.00496982
0.00451007
0.00405341
0.00360073
0.00315388
0.00271571
0.00229015
0.00188232
0.00149848
0.00114591
0.000832564
0.000566148
0.000352915
0.000196199
9.46786e-05
4.1238e-05
2.38978e-05
3.40016e-05
0.000103032
0.00078981
2.38106
2.21675
2.05588
1.89958
1.74902
1.60503
1.46825
1.33911
1.21789
1.10471
0.99957
0.902345
0.812822
0.730715
0.655674
0.587311
0.525214
0.46896
0.418116
0.372253
0.330953
0.293819
0.260475
0.230572
0.20379
0.179832
0.158431
0.139345
0.122354
0.10726
0.093886
0.0820694
0.0716638
0.062535
0.0545597
0.0476231
0.0416183
0.0364448
0.032008
0.0282193
0.0249954
0.0222592
0.0199403
0.0179746
0.0163051
0.0148819
0.0136614
0.0126066
0.011686
0.0108733
0.0101465
0.00948768
0.00888201
0.00831751
0.00778449
0.00727529
0.00678359
0.00630447
0.0058342
0.00537005
0.00491028
0.004454
0.00400122
0.0035528
0.00311053
0.00267722
0.00225673
0.00185408
0.00147541
0.00112785
0.000819185
0.000556912
0.000347115
0.000192993
9.31851e-05
4.06836e-05
2.37808e-05
3.41549e-05
0.000103743
0.000783291
2.43451
2.26163
2.09308
1.92995
1.77338
1.62418
1.48292
1.34999
1.22559
1.10978
1.00249
0.903543
0.812663
0.729509
0.653684
0.584758
0.522284
0.465803
0.414853
0.368978
0.327741
0.290725
0.257542
0.227828
0.201254
0.177514
0.156335
0.137468
0.120689
0.105799
0.0926149
0.0809747
0.0707302
0.0617466
0.0539001
0.0470765
0.0411691
0.0360784
0.0317108
0.0279786
0.0248002
0.0220998
0.0198084
0.0178634
0.0162091
0.0147966
0.0135836
0.0125337
0.0116161
0.0108052
0.0100795
0.00942133
0.00881611
0.00825206
0.00771964
0.00721127
0.00672072
0.0062431
0.00577472
0.00531288
0.00485582
0.00440267
0.00395339
0.00350882
0.00307073
0.00264186
0.00222601
0.00182811
0.00145419
0.00111125
0.000806886
0.00054843
0.000341796
0.00019006
9.18239e-05
4.01844e-05
2.36884e-05
3.43308e-05
0.000104488
0.00077742
2.48614
2.30471
2.12855
1.95868
1.79623
1.64195
1.49636
1.35977
1.23232
1.11401
1.00469
0.904131
0.811991
0.727877
0.651345
0.581924
0.519132
0.462474
0.411459
0.365608
0.324462
0.287588
0.254583
0.225074
0.198718
0.175204
0.154252
0.135608
0.119044
0.104358
0.0913647
0.0799005
0.0698162
0.0609767
0.053258
0.046546
0.0407349
0.0357256
0.031426
0.0277494
0.0246156
0.0219503
0.0196858
0.017761
0.0161214
0.0147194
0.0135134
0.0124681
0.0115535
0.0107443
0.0100194
0.00936168
0.00875671
0.00819293
0.00766091
0.00715315
0.0066635
0.00618714
0.0057204
0.00526058
0.00480593
0.00435557
0.00390945
0.00346839
0.0030341
0.00260929
0.00219771
0.00180418
0.00143464
0.00109595
0.000795559
0.000540624
0.000336909
0.000187371
9.05814e-05
3.97348e-05
2.36181e-05
3.45265e-05
0.000105263
0.000772126
2.53556
2.34565
2.16198
1.98551
1.81735
1.65815
1.50839
1.36831
1.23797
1.1173
1.0061
0.904039
0.810746
0.725768
0.648614
0.578773
0.515727
0.458947
0.407914
0.362124
0.321101
0.284395
0.25159
0.222299
0.196174
0.172896
0.152177
0.13376
0.117415
0.102934
0.0901323
0.0788441
0.0689197
0.0602234
0.0526314
0.04603
0.0403139
0.0353851
0.0311524
0.0275305
0.0244405
0.0218096
0.0195715
0.0176663
0.0160411
0.0146492
0.0134501
0.0124092
0.0114973
0.0106895
0.00996546
0.00930798
0.00870312
0.00813944
0.00760764
0.0071003
0.00661136
0.00613604
0.00567069
0.00521264
0.00476014
0.00431229
0.00386903
0.00343115
0.00300034
0.00257926
0.00217158
0.00178208
0.00141658
0.00108183
0.000785109
0.00053343
0.000332411
0.000184902
8.94459e-05
3.93298e-05
2.35676e-05
3.47396e-05
0.000106062
0.000767345
2.58235
2.38408
2.19306
2.01019
1.8365
1.6726
1.51887
1.37549
1.24244
1.11957
1.00662
0.903202
0.808876
0.723139
0.645455
0.575277
0.512047
0.455203
0.4042
0.358514
0.317648
0.281137
0.248552
0.219498
0.193617
0.170584
0.150106
0.131922
0.115798
0.101524
0.0889155
0.0778036
0.0680387
0.059485
0.0520189
0.045527
0.039905
0.0350556
0.0308889
0.0273208
0.0242739
0.0216767
0.0194644
0.0175786
0.0159674
0.0145853
0.0133928
0.0123562
0.0114468
0.0106404
0.00991694
0.00925963
0.00865474
0.008091
0.00755928
0.0070522
0.00656379
0.00608931
0.00562515
0.00516864
0.00471804
0.00427244
0.00383176
0.00339678
0.00296916
0.0025515
0.00214743
0.00176165
0.00139989
0.00106877
0.000775452
0.000526789
0.000328267
0.000182633
8.84072e-05
3.89651e-05
2.35348e-05
3.49681e-05
0.000106882
0.000763022
2.6261
2.41967
2.22153
2.03248
1.85351
1.68513
1.52766
1.38118
1.24562
1.12074
1.0062
0.901568
0.806336
0.719954
0.641841
0.571413
0.508072
0.451227
0.400307
0.354767
0.314092
0.277805
0.245464
0.216665
0.191042
0.168265
0.148036
0.13009
0.114191
0.100128
0.0877124
0.0767774
0.0671719
0.0587603
0.0514193
0.0450362
0.0395072
0.0347363
0.0306347
0.0271196
0.024115
0.021551
0.019364
0.0174971
0.0158995
0.014527
0.013341
0.0123085
0.0114015
0.0105963
0.00987333
0.00921607
0.00861102
0.00804712
0.00751533
0.00700836
0.00652033
0.00604652
0.00558336
0.0051282
0.00467928
0.0042357
0.00379737
0.00336503
0.00294032
0.00252581
0.00212507
0.00174272
0.00138442
0.00105668
0.000766516
0.00052065
0.000324442
0.000180546
8.74561e-05
3.86368e-05
2.3518e-05
3.52101e-05
0.000107719
0.00075911
2.66642
2.4521
2.24709
2.05215
1.86817
1.69559
1.53463
1.38529
1.24743
1.12073
1.00478
0.89909
0.803091
0.716182
0.63775
0.567162
0.503787
0.447006
0.396224
0.350874
0.310429
0.274395
0.242322
0.213797
0.188447
0.165936
0.145964
0.128262
0.112592
0.0987418
0.0865219
0.0757643
0.0663183
0.0580484
0.0508318
0.0445565
0.0391197
0.0344264
0.0303889
0.0269261
0.0239632
0.0214317
0.0192696
0.0174211
0.015837
0.0144738
0.013294
0.0122655
0.0113608
0.0105567
0.00983412
0.00917681
0.00857152
0.00800733
0.00747536
0.00696839
0.00648058
0.0060073
0.00554498
0.00509098
0.00464355
0.00420179
0.00376558
0.00333565
0.00291362
0.002502
0.00210433
0.00172517
0.00137008
0.00104547
0.000758236
0.000514969
0.000320909
0.000178623
8.65848e-05
3.83416e-05
2.35155e-05
3.54639e-05
0.000108569
0.000755567
2.70295
2.48105
2.2695
2.069
1.88032
1.70383
1.53966
1.38773
1.2478
1.11949
1.00232
0.895732
0.79911
0.711807
0.633165
0.562513
0.499184
0.442534
0.391945
0.346833
0.306654
0.270905
0.239124
0.210891
0.185829
0.163596
0.14389
0.126438
0.111001
0.0973663
0.0853433
0.0747638
0.0654773
0.0573487
0.0502558
0.0440875
0.0387419
0.0341252
0.0301511
0.0267397
0.0238178
0.0213183
0.0191805
0.0173502
0.0157792
0.0144251
0.0132514
0.0122267
0.0113242
0.0105212
0.00979889
0.00914144
0.00853581
0.00797125
0.00743899
0.0069319
0.00644421
0.00597132
0.00550968
0.00505668
0.00461058
0.00417044
0.00373615
0.00330843
0.00288885
0.00247991
0.00208508
0.00170887
0.00135676
0.00103506
0.000750556
0.000509706
0.000317643
0.00017685
8.57862e-05
3.80765e-05
2.3526e-05
3.5728e-05
0.00010943
0.000752356
2.73532
2.50622
2.28852
2.08282
1.88981
1.70974
1.54266
1.38841
1.24666
1.11696
0.998769
0.891463
0.794371
0.706811
0.628076
0.557456
0.494257
0.437806
0.387468
0.34264
0.302766
0.267332
0.235868
0.207948
0.183188
0.161245
0.141812
0.124617
0.109418
0.0960007
0.084176
0.0737753
0.0646483
0.0566606
0.0496908
0.0436286
0.0383733
0.0338323
0.0299207
0.02656
0.0236783
0.0212102
0.0190964
0.0172839
0.0157257
0.0143805
0.0132128
0.0121918
0.0112913
0.0104893
0.00976723
0.00910958
0.00850353
0.00793852
0.00740589
0.00689858
0.0064109
0.00593828
0.0054772
0.00502506
0.00458012
0.00414144
0.0037089
0.00328319
0.00286587
0.00245939
0.0020672
0.00169373
0.00134439
0.0010254
0.000743425
0.000504826
0.00031462
0.000175215
8.50539e-05
3.78388e-05
2.3548e-05
3.60009e-05
0.0001103
0.000749444
2.7632
2.52737
2.30394
2.09346
1.89649
1.71321
1.54354
1.38726
1.24396
1.11311
0.994106
0.886261
0.788865
0.701187
0.622476
0.551989
0.489002
0.432822
0.382791
0.338296
0.298765
0.263677
0.232555
0.204967
0.180525
0.158883
0.139732
0.122799
0.107841
0.094645
0.0830201
0.0727987
0.0638312
0.0559839
0.0491364
0.0431795
0.0380135
0.0335473
0.0296973
0.0263864
0.0235444
0.0211071
0.0190168
0.0172217
0.0156761
0.0143397
0.0131777
0.0121603
0.0112618
0.0104607
0.00973881
0.00908089
0.00847437
0.00790884
0.00737575
0.00686815
0.00638038
0.00590792
0.00544728
0.00499587
0.00455195
0.00411458
0.00368362
0.00325976
0.00284451
0.00244031
0.00205056
0.00167963
0.00133287
0.0010164
0.000736798
0.000500297
0.000311821
0.000173706
8.43824e-05
3.76261e-05
2.35806e-05
3.62814e-05
0.000111175
0.000746803
2.78628
2.54423
2.31556
2.10076
1.90026
1.71413
1.54224
1.38424
1.23967
1.10791
0.988308
0.880116
0.782585
0.694931
0.616364
0.546111
0.483421
0.427581
0.377917
0.333801
0.294654
0.259943
0.229186
0.201949
0.17784
0.15651
0.13765
0.120985
0.106273
0.0932994
0.0818757
0.071834
0.0630259
0.0553186
0.0485925
0.0427398
0.0376622
0.0332698
0.0294805
0.0262187
0.0234156
0.0210086
0.0189414
0.0171634
0.01563
0.0143022
0.0131459
0.012132
0.0112354
0.0104351
0.00971332
0.00905508
0.00844803
0.00788192
0.00734831
0.00684034
0.0063524
0.00588001
0.00541971
0.00496891
0.00452589
0.00408968
0.00366016
0.00323798
0.00282464
0.00242255
0.00203506
0.0016665
0.00132214
0.00100803
0.000730636
0.000496091
0.000309227
0.000172313
8.37666e-05
3.74362e-05
2.36225e-05
3.65684e-05
0.000112053
0.000744408
2.8043
2.55659
2.32322
2.10458
1.901
1.71245
1.53869
1.37931
1.23375
1.10134
0.981363
0.873028
0.775532
0.688045
0.609744
0.539826
0.477519
0.42209
0.372851
0.329161
0.290434
0.256131
0.225765
0.198898
0.175136
0.154129
0.135567
0.119176
0.104713
0.0919646
0.0807432
0.0708816
0.0622326
0.0546645
0.048059
0.0423096
0.0373192
0.0329996
0.02927
0.0260565
0.0232917
0.0209144
0.0188698
0.0171086
0.0155872
0.0142678
0.013117
0.0121064
0.0112117
0.0104122
0.00969048
0.00903189
0.00842426
0.00785751
0.00732333
0.00681493
0.00632674
0.00585434
0.00539428
0.004944
0.00450175
0.00406659
0.00363837
0.00321773
0.00280615
0.00240601
0.00202062
0.00165427
0.00131215
0.00100024
0.0007249
0.000492182
0.000306823
0.000171026
8.3202e-05
3.72672e-05
2.36729e-05
3.68607e-05
0.000112933
0.000742235
2.817
2.56427
2.32678
2.10484
1.89865
1.7081
1.53286
1.37243
1.22619
1.0934
0.973277
0.865002
0.767711
0.680536
0.602623
0.533143
0.471303
0.416355
0.367597
0.324381
0.286112
0.252247
0.222295
0.195816
0.172415
0.151741
0.133485
0.117373
0.103162
0.0906415
0.0796232
0.0699418
0.0614514
0.0540218
0.0475359
0.0418886
0.0369844
0.0327365
0.0290657
0.0258996
0.0231723
0.0208243
0.0188018
0.0170569
0.0155474
0.0142361
0.0130907
0.0120835
0.0111906
0.0103918
0.00967006
0.00901107
0.00840282
0.0078354
0.0073006
0.0067917
0.00630321
0.00583073
0.00537083
0.00492096
0.00447939
0.00404516
0.00361812
0.00319889
0.00278893
0.0023906
0.00200716
0.00164286
0.00130283
0.000992971
0.000719559
0.000488549
0.000304593
0.000169838
8.26844e-05
3.71173e-05
2.37308e-05
3.71573e-05
0.000113812
0.000740263
2.82418
2.56712
2.32612
2.10143
1.89315
1.70105
1.52473
1.3636
1.21698
1.08408
0.964063
0.856051
0.759136
0.672418
0.595013
0.526072
0.464783
0.410384
0.362165
0.319468
0.281693
0.248295
0.21878
0.192707
0.16968
0.14935
0.131407
0.115578
0.101623
0.089331
0.0785166
0.0690154
0.060683
0.0533908
0.0470233
0.0414768
0.0366576
0.0324803
0.0288673
0.0257477
0.0230573
0.0207378
0.018737
0.0170083
0.0155103
0.014207
0.0130669
0.0120628
0.0111716
0.0103735
0.00965183
0.0089924
0.00838351
0.00781538
0.00727992
0.00677048
0.00628162
0.00580899
0.00534918
0.00489965
0.00445866
0.00402526
0.00359929
0.00318135
0.00277289
0.00237622
0.0019946
0.00163221
0.00129414
0.000986195
0.000714584
0.000485169
0.000302524
0.000168739
8.22102e-05
3.69849e-05
2.37954e-05
3.74572e-05
0.000114688
0.000738475
2.82569
2.56503
2.32117
2.09432
1.88446
1.69128
1.51428
1.35282
1.20614
1.07341
0.953741
0.846192
0.749825
0.663706
0.58693
0.518627
0.457972
0.40419
0.356563
0.31443
0.277186
0.244283
0.215227
0.189575
0.166936
0.146958
0.129334
0.113794
0.100097
0.088035
0.0774242
0.0681026
0.0599273
0.0527713
0.0465209
0.041074
0.0363385
0.0322307
0.0286744
0.0256006
0.0229463
0.0206549
0.0186753
0.0169623
0.0154757
0.0141802
0.0130452
0.0120443
0.0111548
0.0103573
0.00963558
0.00897571
0.00836614
0.00779726
0.0072611
0.00675108
0.00626182
0.00578899
0.0053292
0.00487992
0.00443943
0.00400677
0.00358176
0.00316501
0.00275792
0.00236281
0.00198288
0.00162227
0.00128602
0.000979873
0.000709947
0.000482025
0.000300605
0.000167725
8.17758e-05
3.68686e-05
2.3866e-05
3.77597e-05
0.00011556
0.000736853
2.82141
2.55791
2.31188
2.08348
1.87257
1.67878
1.50152
1.34009
1.1937
1.06143
0.942337
0.835452
0.7398
0.654423
0.578394
0.510826
0.450884
0.397786
0.350805
0.309278
0.272598
0.240217
0.21164
0.186427
0.164186
0.14457
0.127272
0.112023
0.0985852
0.0867537
0.0763464
0.0672036
0.0591842
0.0521632
0.0460285
0.04068
0.0360269
0.0319874
0.028487
0.025458
0.0228391
0.0205752
0.0186165
0.0169189
0.0154433
0.0141554
0.0130255
0.0120276
0.0111398
0.0103429
0.00962114
0.00896079
0.00835054
0.00778089
0.00724401
0.00673338
0.00624366
0.00577057
0.00531075
0.00486166
0.0044216
0.00398959
0.00356545
0.00314977
0.00274396
0.00235029
0.00197193
0.00161299
0.00127844
0.000973973
0.000705623
0.000479098
0.000298823
0.000166788
8.13783e-05
3.67669e-05
2.39419e-05
3.80637e-05
0.000116427
0.000735383
2.81128
2.54573
2.29823
2.0689
1.8575
1.66358
1.48649
1.32549
1.1797
1.04816
0.929886
0.823862
0.729091
0.644594
0.569426
0.502689
0.443539
0.391186
0.344902
0.304022
0.267939
0.236105
0.208026
0.18327
0.16144
0.142192
0.125222
0.110266
0.0970889
0.0854878
0.0752835
0.0663185
0.0584539
0.0515665
0.0455462
0.0402946
0.0357227
0.0317504
0.0283047
0.0253197
0.0227356
0.0204985
0.0185602
0.0168777
0.015413
0.0141326
0.0130076
0.0120127
0.0111264
0.0103302
0.00960833
0.0089475
0.00833654
0.00776611
0.00722848
0.00671721
0.00622701
0.00575362
0.00529371
0.00484476
0.00440504
0.00397361
0.00355026
0.00313557
0.00273093
0.00233859
0.0019617
0.00160431
0.00127136
0.000968464
0.000701591
0.000476374
0.00029717
0.000165922
8.10148e-05
3.66787e-05
2.40223e-05
3.83687e-05
0.000117287
0.00073405
2.79529
2.5285
2.28025
2.05061
1.83927
1.64572
1.46926
1.30907
1.1642
1.03367
0.91643
0.81146
0.717732
0.634248
0.560053
0.494238
0.435954
0.384407
0.33887
0.298675
0.263219
0.231958
0.204402
0.180111
0.158699
0.139824
0.123187
0.108525
0.0956087
0.084238
0.074236
0.0654477
0.0577365
0.0509812
0.0450739
0.0399177
0.0354258
0.0315194
0.0281275
0.0251856
0.0226355
0.0204248
0.0185064
0.0168387
0.0153846
0.0141115
0.0129913
0.0119994
0.0111147
0.010319
0.00959702
0.00893569
0.00832402
0.00775279
0.00721439
0.00670246
0.00621174
0.00573802
0.00527797
0.0048291
0.00438968
0.00395875
0.00353611
0.00312233
0.00271877
0.00232767
0.00195214
0.0015962
0.00126474
0.00096332
0.000697831
0.000473839
0.000295636
0.000165123
8.06828e-05
3.66029e-05
2.41068e-05
3.86737e-05
0.000118138
0.000732844
2.77349
2.50627
2.25797
2.02866
1.81797
1.62531
1.44992
1.29089
1.14726
1.01799
0.902017
0.798288
0.705759
0.623419
0.550303
0.485499
0.428151
0.377469
0.332723
0.29325
0.258456
0.227793
0.20077
0.176956
0.155968
0.137469
0.121166
0.1068
0.0941458
0.0830049
0.0732042
0.0645914
0.0570322
0.0504076
0.0446116
0.0395494
0.035136
0.0312944
0.0279551
0.0250555
0.0225387
0.0203537
0.018455
0.0168017
0.0153579
0.0140921
0.0129766
0.0119875
0.0111042
0.0103091
0.00958705
0.00892523
0.00831283
0.0077408
0.00720162
0.006689
0.00619775
0.00572366
0.00526344
0.00481459
0.00437541
0.00394492
0.00352293
0.00310997
0.00270741
0.00231746
0.0019432
0.00158862
0.00125856
0.000958515
0.000694323
0.000471478
0.000294212
0.000164385
8.03798e-05
3.65384e-05
2.41947e-05
3.89781e-05
0.000118979
0.000731751
2.74596
2.4791
2.23149
2.0032
1.79374
1.60246
1.42853
1.27104
1.12894
1.00119
0.886703
0.784396
0.693216
0.612144
0.540209
0.476497
0.420155
0.37039
0.326479
0.287774
0.253668
0.223617
0.197138
0.173808
0.153249
0.135131
0.119164
0.105095
0.0927013
0.0817895
0.072189
0.0637502
0.0563413
0.0498456
0.0441593
0.0391897
0.0348533
0.0310752
0.0277876
0.0249293
0.0224451
0.0202853
0.0184057
0.0167665
0.0153329
0.014074
0.0129632
0.0119769
0.0110951
0.0103005
0.00957831
0.00891598
0.00830287
0.00773002
0.00719006
0.00667674
0.00618493
0.00571044
0.00525002
0.00480116
0.00436216
0.00393206
0.00351064
0.00309844
0.0026968
0.00230791
0.00193484
0.00158153
0.00125278
0.000954026
0.00069105
0.000469281
0.000292891
0.000163705
8.01036e-05
3.64842e-05
2.42855e-05
3.92813e-05
0.000119809
0.000730763
2.71283
2.44717
2.20102
1.97438
1.76669
1.57726
1.40522
1.24959
1.10933
0.983351
0.870549
0.769836
0.680148
0.600461
0.529804
0.467264
0.411988
0.363195
0.320175
0.282263
0.248861
0.219435
0.193511
0.170671
0.150545
0.13281
0.117181
0.103409
0.0912764
0.0805927
0.0711909
0.0629244
0.055664
0.0492955
0.0437172
0.0388384
0.0345777
0.0308618
0.0276248
0.0248069
0.0223545
0.0202194
0.0183584
0.016733
0.0153093
0.0140574
0.012951
0.0119674
0.0110871
0.010293
0.00957069
0.00890785
0.00829401
0.00772036
0.0071796
0.00666558
0.00617319
0.00569829
0.00523762
0.00478871
0.00434986
0.00392009
0.00349919
0.00308768
0.00268689
0.00229899
0.00192702
0.0015749
0.00124737
0.000949834
0.000687997
0.000467235
0.000291666
0.000163077
7.98523e-05
3.64395e-05
2.43787e-05
3.95826e-05
0.000120628
0.00072987
2.67438
2.41074
2.16674
1.94236
1.73698
1.54986
1.38008
1.22666
1.08851
0.964537
0.853622
0.754667
0.666605
0.588415
0.519126
0.457829
0.403686
0.355927
0.313825
0.276727
0.244045
0.215256
0.189894
0.16755
0.147862
0.130511
0.115221
0.101745
0.0898725
0.0794154
0.0702106
0.0621146
0.0550008
0.0487575
0.0432854
0.0384958
0.0343092
0.0306542
0.0274666
0.0246882
0.022267
0.0201559
0.0183131
0.0167012
0.0152872
0.0140419
0.0129399
0.011959
0.0110801
0.0102865
0.00956407
0.00890073
0.00828617
0.00771171
0.00717016
0.00665542
0.00616244
0.00568711
0.00522618
0.00477719
0.00433844
0.00390896
0.00348851
0.00307763
0.00267763
0.00229065
0.00191971
0.0015687
0.00124232
0.000945917
0.000685149
0.000465332
0.00029053
0.000162499
7.9624e-05
3.64033e-05
2.44738e-05
3.98814e-05
0.000121432
0.000729064
2.63086
2.37001
2.12886
1.90733
1.70476
1.52038
1.35325
1.20235
1.06658
0.944836
0.835992
0.738949
0.65264
0.576049
0.508211
0.448238
0.395297
0.348603
0.307444
0.271178
0.239229
0.211086
0.186294
0.16445
0.145201
0.128237
0.113285
0.100105
0.0884909
0.0782587
0.0692489
0.0613212
0.0543519
0.0482318
0.0428639
0.0381617
0.0340477
0.0304523
0.0273129
0.0245732
0.0221823
0.0200947
0.0182696
0.0166709
0.0152663
0.0140276
0.0129299
0.0119516
0.011074
0.0102809
0.00955836
0.00889452
0.00827925
0.00770398
0.00716164
0.00664619
0.00615261
0.00567683
0.00521561
0.00476651
0.00432783
0.00389859
0.00347856
0.00306826
0.00266898
0.00228285
0.00191288
0.0015629
0.0012376
0.000942258
0.000682493
0.000463561
0.000289477
0.000161967
7.9417e-05
3.63751e-05
2.45703e-05
4.01771e-05
0.000122223
0.000728335
2.58257
2.32525
2.08759
1.86948
1.67021
1.48899
1.32486
1.17678
1.04364
0.924337
0.817737
0.722748
0.638309
0.563412
0.497123
0.438547
0.386844
0.341242
0.301045
0.265626
0.234423
0.206934
0.182716
0.161376
0.142569
0.12599
0.111376
0.098491
0.0871331
0.0771237
0.0683066
0.0605449
0.0537178
0.0477187
0.042453
0.0378364
0.0337933
0.0302561
0.0271638
0.0244617
0.0221004
0.0200356
0.0182279
0.016642
0.0152466
0.0140143
0.0129208
0.011945
0.0110688
0.0102761
0.00955347
0.00888913
0.00827316
0.0076971
0.00715397
0.0066378
0.00614362
0.00566738
0.00520586
0.00475663
0.00431798
0.00388894
0.00346928
0.0030595
0.00266089
0.00227556
0.00190648
0.00155748
0.00123318
0.000938841
0.000680016
0.000461914
0.000288502
0.000161477
7.92297e-05
3.63539e-05
2.46679e-05
4.04692e-05
0.000122999
0.000727679
2.52982
2.27674
2.0432
1.82903
1.63353
1.45586
1.29506
1.15007
1.0198
0.903132
0.798938
0.706132
0.623671
0.550585
0.485921
0.428783
0.378347
0.333861
0.294644
0.260085
0.229635
0.202807
0.179167
0.158332
0.139967
0.123775
0.109496
0.0969042
0.0858005
0.0760114
0.0673844
0.0597861
0.0530987
0.0472183
0.0420527
0.0375198
0.033546
0.0300656
0.0270192
0.0243538
0.0220213
0.0199788
0.0181879
0.0166145
0.0152281
0.0140019
0.0129125
0.0119393
0.0110643
0.0102721
0.00954932
0.0088845
0.00826784
0.00769099
0.00714708
0.0066302
0.00613541
0.0056587
0.00519687
0.00474747
0.00430883
0.00387997
0.00346064
0.00305134
0.00265334
0.00226875
0.00190051
0.00155241
0.00122905
0.000935651
0.000677707
0.000460382
0.000287599
0.000161027
7.90606e-05
3.63393e-05
2.47662e-05
4.07571e-05
0.000123758
0.000727087
2.47296
2.22478
1.99593
1.78622
1.5949
1.42115
1.26399
1.12237
0.995182
0.881322
0.779677
0.689175
0.608831
0.537634
0.47464
0.418973
0.369829
0.326477
0.288255
0.254566
0.224877
0.198713
0.175653
0.155325
0.137401
0.121593
0.107648
0.0953467
0.0844946
0.0749228
0.0664831
0.0590454
0.0524951
0.046731
0.0416633
0.0372121
0.0333059
0.0298808
0.0268791
0.0242493
0.0219448
0.019924
0.0181496
0.0165882
0.0152106
0.0139905
0.012905
0.0119342
0.0110605
0.0102687
0.00954584
0.00888054
0.00826319
0.00768558
0.0071409
0.00662331
0.00612792
0.00565073
0.00518857
0.004739
0.00430034
0.00387162
0.00345258
0.00304371
0.00264629
0.00226238
0.00189492
0.00154767
0.0012252
0.000932673
0.000675556
0.000458959
0.000286764
0.000160614
7.89085e-05
3.63305e-05
2.48648e-05
4.10404e-05
0.0001245
0.000726554
2.41237
2.16971
1.94609
1.74129
1.55456
1.38507
1.23183
1.0938
0.969895
0.859009
0.760044
0.672013
0.59386
0.5246
0.463311
0.409142
0.361312
0.31911
0.281893
0.249081
0.220158
0.194661
0.172182
0.152359
0.134874
0.119448
0.105835
0.0938205
0.0832167
0.0738591
0.0656036
0.0583235
0.0519074
0.0462569
0.0412848
0.0369133
0.0330729
0.0297016
0.0267435
0.0241483
0.0218711
0.0198713
0.0181128
0.0165632
0.015194
0.0139798
0.0128983
0.0119298
0.0110573
0.010266
0.00954295
0.00887719
0.00825917
0.0076808
0.00713536
0.00661707
0.00612108
0.00564342
0.00518091
0.00473116
0.00429246
0.00386385
0.00344507
0.0030366
0.0026397
0.00225643
0.00188969
0.00154324
0.00122159
0.000929894
0.000673552
0.000457637
0.000285992
0.000160235
7.87719e-05
3.6327e-05
2.49632e-05
4.13185e-05
0.000125224
0.000726075
2.34844
2.11185
1.89396
1.69451
1.51273
1.34781
1.19875
1.06452
0.944067
0.836309
0.740212
0.654719
0.578808
0.511523
0.451968
0.399319
0.352819
0.311778
0.275573
0.243644
0.215488
0.190658
0.168759
0.149439
0.132391
0.117344
0.104059
0.0923276
0.0819684
0.0728213
0.0647464
0.0576207
0.0513359
0.0457964
0.0409175
0.0366235
0.0328472
0.0295282
0.0266123
0.0240507
0.0217999
0.0198205
0.0180775
0.0165394
0.0151784
0.0139699
0.0128921
0.0119259
0.0110546
0.0102637
0.00954059
0.00887438
0.00825571
0.0076766
0.00713041
0.00661143
0.00611484
0.0056367
0.00517385
0.0047239
0.00428514
0.00385662
0.00343807
0.00302996
0.00263354
0.00225086
0.00188481
0.0015391
0.00121823
0.000927302
0.000671686
0.00045641
0.000285278
0.000159889
7.86497e-05
3.63282e-05
2.50612e-05
4.1591e-05
0.00012593
0.000725643
2.28157
2.05158
1.83987
1.64614
1.46965
1.30956
1.16491
1.03467
0.91787
0.813417
0.720254
0.637351
0.563722
0.498441
0.440643
0.389531
0.344372
0.304499
0.269311
0.238266
0.210877
0.186713
0.165391
0.146571
0.129956
0.115283
0.102321
0.0908697
0.080751
0.0718105
0.0639125
0.0569377
0.0507811
0.0453497
0.0405614
0.0363429
0.0326287
0.0293605
0.0264855
0.0239566
0.0217313
0.0197717
0.0180436
0.0165166
0.0151637
0.0139607
0.0128865
0.0119226
0.0110524
0.0102619
0.00953871
0.00887205
0.00825275
0.00767291
0.00712599
0.00660634
0.00610916
0.00563055
0.00516735
0.00471718
0.00427836
0.0038499
0.00343155
0.00302377
0.0026278
0.00224567
0.00188025
0.00153523
0.00121509
0.000924886
0.000669951
0.000455272
0.000284621
0.000159572
7.85409e-05
3.63337e-05
2.51585e-05
4.18574e-05
0.000126616
0.000725256
2.2122
1.98926
1.78413
1.59647
1.42555
1.27055
1.1305
1.00451
0.891497
0.790418
0.700239
0.619966
0.54865
0.485396
0.429371
0.379806
0.335994
0.297294
0.263123
0.23296
0.206335
0.182834
0.162084
0.14376
0.127573
0.113269
0.100626
0.0894487
0.0795658
0.0708276
0.0631026
0.056275
0.0502432
0.044917
0.0402168
0.0360715
0.0324176
0.0291985
0.0263631
0.0238658
0.0216653
0.0197248
0.0180112
0.0164949
0.0151497
0.0139521
0.0128815
0.0119197
0.0110507
0.0102606
0.00953725
0.00887016
0.00825023
0.0076697
0.00712206
0.00660174
0.00610399
0.0056249
0.00516136
0.00471097
0.00427206
0.00384366
0.00342548
0.003018
0.00262244
0.00224082
0.00187599
0.00153162
0.00121216
0.000922635
0.000668337
0.000454218
0.000284014
0.000159283
7.84445e-05
3.6343e-05
2.52548e-05
4.21174e-05
0.000127282
0.000724907
2.14075
1.92526
1.72707
1.5458
1.38069
1.23102
1.09584
0.974191
0.865047
0.767393
0.680237
0.602624
0.533641
0.472429
0.418185
0.370172
0.327709
0.290179
0.257023
0.227738
0.201873
0.179028
0.158845
0.14101
0.125245
0.111305
0.0989749
0.0880664
0.0784144
0.0698737
0.0623173
0.0556331
0.0497226
0.0444986
0.0398838
0.0358094
0.0322138
0.0290423
0.0262452
0.0237783
0.0216018
0.0196798
0.0179802
0.0164743
0.0151365
0.0139441
0.0128769
0.0119172
0.0110493
0.0102596
0.00953615
0.00886864
0.00824812
0.0076669
0.00711857
0.0065976
0.00609928
0.00561973
0.00515584
0.00470523
0.00426623
0.00383785
0.00341983
0.00301263
0.00261744
0.00223629
0.00187201
0.00152826
0.00120943
0.000920539
0.000666838
0.000453242
0.000283456
0.00015902
7.83594e-05
3.63555e-05
2.53497e-05
4.23705e-05
0.000127927
0.000724594
2.06764
1.85996
1.66903
1.49441
1.33545
1.19131
1.06109
0.943849
0.838619
0.744425
0.660319
0.585383
0.518744
0.459579
0.407119
0.360656
0.319539
0.283174
0.251027
0.222613
0.197501
0.175304
0.155681
0.138328
0.122977
0.109394
0.09737
0.0867245
0.0772978
0.0689497
0.0615573
0.0550124
0.0492197
0.0440947
0.0395625
0.0355566
0.0320175
0.0288918
0.0261317
0.0236943
0.0215408
0.0196366
0.0179505
0.0164546
0.015124
0.0139366
0.0128727
0.011915
0.0110482
0.0102589
0.00953537
0.00886746
0.00824636
0.00766448
0.00711547
0.00659387
0.006095
0.00561499
0.00515076
0.00469992
0.00426082
0.00383246
0.00341458
0.00300761
0.00261278
0.00223207
0.00186831
0.00152512
0.00120689
0.000918589
0.000665447
0.00045234
0.000282943
0.000158781
7.82848e-05
3.6371e-05
2.54429e-05
4.26164e-05
0.000128551
0.000724312
1.99327
1.79376
1.61046
1.4428
1.2901
1.15158
1.02638
0.913595
0.81231
0.721598
0.640554
0.568302
0.504009
0.446888
0.396207
0.351287
0.311506
0.276298
0.245149
0.217597
0.193227
0.171669
0.152596
0.135716
0.120772
0.107538
0.0958136
0.0854248
0.0762174
0.0680565
0.0608234
0.0544135
0.0487348
0.0437055
0.0392532
0.0353134
0.0318286
0.0287472
0.0260227
0.0236135
0.0214823
0.0195952
0.0179221
0.0164359
0.0151122
0.0139297
0.012869
0.0119132
0.0110474
0.0102585
0.00953486
0.00886657
0.00824491
0.00766239
0.00711273
0.00659052
0.00609111
0.00561066
0.00514608
0.00469502
0.0042558
0.00382745
0.00340969
0.00300295
0.00260844
0.00222814
0.00186485
0.00152219
0.00120452
0.000916778
0.000664157
0.000451507
0.000282473
0.000158564
7.82199e-05
3.63891e-05
2.55343e-05
4.28546e-05
0.000129152
0.000724059
1.91817
1.72727
1.5518
1.39121
1.24485
1.112
0.99185
0.883548
0.786222
0.698997
0.621013
0.551439
0.489483
0.434396
0.385481
0.342091
0.303634
0.269569
0.239405
0.212701
0.189061
0.168132
0.149598
0.133181
0.118634
0.10574
0.094308
0.0841686
0.0751743
0.0671949
0.0601161
0.0538368
0.0482681
0.0433312
0.0389558
0.0350798
0.0316473
0.0286083
0.0259181
0.0235362
0.0214263
0.0195557
0.0178951
0.0164181
0.0151011
0.0139232
0.0128656
0.0119117
0.0110469
0.0102583
0.00953459
0.00886593
0.00824374
0.00766059
0.00711031
0.00658751
0.00608757
0.00560669
0.00514178
0.00469049
0.00425116
0.0038228
0.00340514
0.00299861
0.0026044
0.00222447
0.00186163
0.00151947
0.00120232
0.000915096
0.000662963
0.000450738
0.000282042
0.000158369
7.81639e-05
3.64093e-05
2.56236e-05
4.30848e-05
0.000129731
0.00072383
1.84291
1.66084
1.49332
1.33986
1.19989
1.07273
0.957645
0.853825
0.760452
0.676703
0.601765
0.534852
0.475215
0.422143
0.374975
0.333096
0.295944
0.263004
0.233809
0.207938
0.185014
0.164699
0.146692
0.130726
0.116567
0.104004
0.0928551
0.0829577
0.0741697
0.0663659
0.059436
0.0532827
0.0478201
0.042972
0.0386707
0.0348558
0.0314735
0.0284754
0.0258179
0.0234621
0.0213727
0.0195179
0.0178692
0.0164011
0.0150906
0.0139171
0.0128625
0.0119104
0.0110465
0.0102583
0.00953452
0.00886551
0.0082428
0.00765906
0.00710817
0.0065848
0.00608436
0.00560305
0.00513782
0.00468631
0.00424686
0.00381849
0.00340092
0.00299457
0.00260063
0.00222107
0.00185864
0.00151694
0.00120028
0.000913537
0.00066186
0.000450031
0.000281649
0.000158193
7.81162e-05
3.64313e-05
2.57105e-05
4.33067e-05
0.000130287
0.000723623
1.76793
1.59479
1.43527
1.28898
1.15541
1.03394
0.923903
0.824544
0.7351
0.654799
0.582879
0.5186
0.461253
0.410168
0.36472
0.324328
0.288458
0.256621
0.228374
0.203318
0.181093
0.161376
0.143883
0.128357
0.114573
0.102332
0.0914568
0.0817934
0.0732046
0.0655701
0.0587837
0.0527516
0.0473909
0.0426281
0.0383977
0.0346416
0.0313073
0.0283483
0.0257223
0.0233914
0.0213215
0.0194819
0.0178447
0.0163851
0.0150807
0.0139115
0.0128596
0.0119093
0.0110464
0.0102584
0.00953461
0.00886526
0.00824206
0.00765776
0.00710628
0.00658237
0.00608144
0.00559972
0.00513417
0.00468245
0.00424288
0.00381449
0.003397
0.00299082
0.00259714
0.0022179
0.00185586
0.00151459
0.00119838
0.000912094
0.000660841
0.000449382
0.00028129
0.000158036
7.8076e-05
3.64549e-05
2.57948e-05
4.352e-05
0.000130819
0.000723436
1.69365
1.52946
1.37795
1.23881
1.1116
0.995797
0.890763
0.795822
0.710264
0.633369
0.564425
0.502738
0.447642
0.39851
0.354749
0.315812
0.281195
0.250436
0.223115
0.198852
0.177307
0.158172
0.141177
0.126076
0.112656
0.100725
0.090115
0.080677
0.0722801
0.0648084
0.0581597
0.0522438
0.0469808
0.0422997
0.0381372
0.0344371
0.0311488
0.0282271
0.0256311
0.023324
0.0212728
0.0194476
0.0178213
0.0163698
0.0150713
0.0139062
0.012857
0.0119084
0.0110463
0.0102587
0.00953483
0.00886516
0.00824149
0.00765665
0.00710462
0.00658018
0.00607879
0.00559668
0.00513082
0.00467888
0.0042392
0.00381079
0.00339336
0.00298734
0.00259389
0.00221495
0.00185328
0.00151241
0.00119663
0.00091076
0.000659902
0.000448787
0.000280965
0.000157895
7.80428e-05
3.64796e-05
2.58764e-05
4.37243e-05
0.000131327
0.000723266
1.62049
1.46519
1.32164
1.18957
1.06867
0.958454
0.858362
0.767775
0.68604
0.612491
0.546467
0.487321
0.43443
0.387205
0.345091
0.307574
0.274177
0.244466
0.218043
0.19455
0.173664
0.155093
0.138578
0.123888
0.110819
0.0991867
0.0888313
0.07961
0.071397
0.0640813
0.0575645
0.0517598
0.0465901
0.0419869
0.0378892
0.0342426
0.0309981
0.0281118
0.0255443
0.02326
0.0212266
0.019415
0.0177992
0.0163554
0.0150625
0.0139012
0.0128547
0.0119076
0.0110464
0.0102591
0.00953514
0.00886518
0.00824107
0.00765571
0.00710315
0.00657821
0.00607637
0.00559389
0.00512774
0.0046756
0.0042358
0.00380736
0.00339
0.00298412
0.00259088
0.00221223
0.00185089
0.00151039
0.001195
0.00090953
0.00065904
0.000448242
0.00028067
0.00015777
7.80159e-05
3.65054e-05
2.59549e-05
4.39194e-05
0.000131809
0.000723111
1.54883
1.40231
1.26659
1.14151
1.0268
0.922078
0.826835
0.740515
0.662522
0.592245
0.529072
0.472403
0.421659
0.376289
0.335776
0.299636
0.267422
0.238726
0.213172
0.190423
0.170172
0.152143
0.136092
0.121797
0.109064
0.0977188
0.0876073
0.0785933
0.0705563
0.0633895
0.0569985
0.0512998
0.0462189
0.0416899
0.0376538
0.0340579
0.030855
0.0280025
0.0254621
0.0231993
0.0211827
0.0193842
0.0177783
0.0163418
0.0150541
0.0138966
0.0128525
0.0119069
0.0110465
0.0102596
0.00953554
0.00886529
0.00824076
0.00765491
0.00710185
0.00657644
0.00607418
0.00559134
0.00512491
0.00467257
0.00423266
0.00380419
0.00338688
0.00298113
0.00258809
0.0022097
0.00184867
0.00150853
0.00119351
0.000908398
0.000658249
0.000447747
0.000280404
0.000157661
7.79949e-05
3.65318e-05
2.60302e-05
4.41049e-05
0.000132267
0.000722968
1.47907
1.34114
1.21309
1.09483
0.986189
0.886827
0.796315
0.714152
0.639802
0.572706
0.512302
0.458035
0.409371
0.365798
0.326831
0.292021
0.260949
0.23323
0.208513
0.186479
0.166838
0.14933
0.133722
0.119806
0.107395
0.0963233
0.0864446
0.0776282
0.0697587
0.0627336
0.0564622
0.0508641
0.0458675
0.0414089
0.0374311
0.0338833
0.0307197
0.0278991
0.0253844
0.0231419
0.0211413
0.0193551
0.0177585
0.016329
0.0150463
0.0138923
0.0128505
0.0119063
0.0110467
0.01026
0.00953597
0.00886546
0.00824053
0.00765423
0.0071007
0.00657483
0.00607217
0.005589
0.00512231
0.00466978
0.00422976
0.00380126
0.003384
0.00297837
0.00258552
0.00220737
0.00184663
0.00150681
0.00119213
0.000907359
0.000657526
0.000447296
0.000280165
0.000157565
7.79793e-05
3.65587e-05
2.61022e-05
4.42807e-05
0.000132699
0.000722835
1.41158
1.28198
1.16139
1.04976
0.94701
0.852854
0.766928
0.688794
0.617968
0.553947
0.496216
0.444268
0.397608
0.355763
0.318284
0.284751
0.254774
0.227993
0.204077
0.182726
0.163669
0.146658
0.131474
0.117918
0.105813
0.0950021
0.0853445
0.0767157
0.069005
0.0621141
0.055956
0.050453
0.0455361
0.0411439
0.0372212
0.0337188
0.0305923
0.0278017
0.0253111
0.0230878
0.0211023
0.0193277
0.0177399
0.0163169
0.015039
0.0138882
0.0128487
0.0119059
0.011047
0.0102605
0.00953643
0.00886568
0.00824038
0.00765364
0.00709966
0.00657338
0.00607035
0.00558686
0.00511991
0.00466721
0.00422708
0.00379856
0.00338134
0.00297582
0.00258314
0.00220522
0.00184475
0.00150523
0.00119087
0.000906409
0.000656868
0.000446889
0.000279953
0.000157482
7.79687e-05
3.65858e-05
2.61707e-05
4.44465e-05
0.000133106
0.000722711
1.34669
1.22514
1.11174
1.00652
0.909443
0.820306
0.738799
0.664541
0.597105
0.536037
0.480872
0.431147
0.386407
0.346216
0.310159
0.277847
0.248914
0.223026
0.199873
0.179174
0.160671
0.144132
0.12935
0.116136
0.104321
0.0937567
0.0843082
0.0758566
0.0682958
0.0615316
0.0554801
0.0500667
0.0452248
0.040895
0.0370241
0.0335643
0.0304727
0.0277104
0.0252424
0.0230371
0.0210657
0.019302
0.0177224
0.0163056
0.0150321
0.0138845
0.0128469
0.0119054
0.0110472
0.010261
0.00953689
0.00886591
0.00824026
0.00765313
0.00709874
0.00657206
0.00606868
0.00558489
0.00511771
0.00466484
0.00422462
0.00379607
0.00337889
0.00297347
0.00258095
0.00220324
0.00184302
0.00150378
0.00118971
0.000905543
0.000656271
0.000446523
0.000279764
0.000157411
7.79625e-05
3.6613e-05
2.62355e-05
4.4602e-05
0.000133485
0.000722595
1.28474
1.1709
1.06438
0.965292
0.873656
0.789323
0.712042
0.64149
0.577292
0.519042
0.466324
0.418716
0.375803
0.337185
0.30248
0.271325
0.243384
0.218343
0.195913
0.175829
0.15785
0.141758
0.127354
0.114462
0.102921
0.0925887
0.0833369
0.0750518
0.0676318
0.0609864
0.055035
0.0497055
0.0449338
0.0406625
0.03684
0.03342
0.0303609
0.027625
0.0251783
0.0229898
0.0210315
0.019278
0.0177061
0.016295
0.0150257
0.0138809
0.0128453
0.011905
0.0110474
0.0102615
0.00953734
0.00886614
0.00824018
0.00765267
0.00709789
0.00657085
0.00606714
0.00558308
0.00511569
0.00466266
0.00422235
0.00379378
0.00337664
0.00297132
0.00257895
0.00220143
0.00184144
0.00150246
0.00118866
0.000904757
0.000655733
0.000446196
0.000279599
0.000157352
7.79605e-05
3.664e-05
2.62965e-05
4.47471e-05
0.000133839
0.000722484
1.22604
1.11951
1.01953
0.926274
0.839806
0.760036
0.686769
0.619733
0.558603
0.503024
0.452622
0.407016
0.36583
0.328698
0.295268
0.265205
0.238198
0.213954
0.192203
0.172698
0.155212
0.139538
0.12549
0.1129
0.101615
0.0914996
0.0824317
0.0743021
0.0670136
0.060479
0.0546208
0.0493696
0.0446633
0.0404464
0.0366689
0.033286
0.0302571
0.0275457
0.0251186
0.0229457
0.0209997
0.0192556
0.0176909
0.0162852
0.0150197
0.0138776
0.0128438
0.0119046
0.0110476
0.0102619
0.00953774
0.00886635
0.00824009
0.00765224
0.00709712
0.00656974
0.00606573
0.00558142
0.00511383
0.00466066
0.00422027
0.00379168
0.00337457
0.00296934
0.00257711
0.00219977
0.00184
0.00150126
0.0011877
0.000904047
0.00065525
0.000445906
0.000279455
0.000157304
7.79622e-05
3.66667e-05
2.63535e-05
4.48816e-05
0.000134165
0.000722378
1.17088
1.07123
0.97741
0.88964
0.80804
0.732568
0.663079
0.599352
0.541109
0.488039
0.439812
0.396085
0.356519
0.320779
0.288542
0.259502
0.233368
0.209869
0.188753
0.169788
0.15276
0.137477
0.12376
0.111451
0.100404
0.0904906
0.0815934
0.0736083
0.0664416
0.0600098
0.0542379
0.0490591
0.0444133
0.0402467
0.0365108
0.0331621
0.0301612
0.0274725
0.0250635
0.0229051
0.0209703
0.0192349
0.0176769
0.016276
0.0150141
0.0138745
0.0128424
0.0119042
0.0110478
0.0102623
0.00953809
0.00886653
0.00824
0.00765184
0.00709639
0.00656871
0.00606443
0.00557988
0.00511212
0.00465883
0.00421837
0.00378976
0.00337268
0.00296754
0.00257544
0.00219827
0.00183869
0.00150017
0.00118684
0.000903411
0.00065482
0.000445651
0.000279332
0.000157265
7.79675e-05
3.6693e-05
2.64065e-05
4.50052e-05
0.000134464
0.000722274
1.11951
1.02627
0.938198
0.855551
0.778494
0.707032
0.641067
0.580424
0.524871
0.474139
0.427935
0.385957
0.347896
0.31345
0.282322
0.25423
0.228905
0.206097
0.185568
0.167103
0.150501
0.135578
0.122167
0.110117
0.0992903
0.0895628
0.080823
0.0729708
0.0659164
0.059579
0.0538866
0.0487743
0.044184
0.0400635
0.0363659
0.0330486
0.0300733
0.0274053
0.025013
0.0228677
0.0209433
0.0192159
0.017664
0.0162676
0.0150089
0.0138716
0.012841
0.0119038
0.0110479
0.0102626
0.00953837
0.00886665
0.00823989
0.00765144
0.0070957
0.00656775
0.00606322
0.00557847
0.00511054
0.00465714
0.00421662
0.003788
0.00337096
0.0029659
0.00257392
0.0021969
0.00183751
0.00149919
0.00118607
0.000902845
0.000654442
0.00044543
0.000279228
0.000157236
7.79759e-05
3.67186e-05
2.64553e-05
4.51178e-05
0.000134735
0.000722172
1.07218
0.984848
0.90207
0.824151
0.751288
0.683528
0.620817
0.56302
0.509947
0.461369
0.417031
0.376663
0.339988
0.306731
0.276622
0.249402
0.224821
0.202646
0.182657
0.16465
0.148437
0.133844
0.120714
0.108901
0.0982748
0.0887172
0.0801212
0.0723903
0.0654382
0.059187
0.0535669
0.0485152
0.0439755
0.039897
0.0362341
0.0329454
0.0299934
0.0273442
0.0249671
0.0228338
0.0209187
0.0191986
0.0176521
0.0162599
0.0150042
0.0138689
0.0128397
0.0119033
0.0110479
0.0102628
0.00953856
0.00886671
0.00823973
0.00765104
0.00709504
0.00656684
0.00606209
0.00557716
0.0051091
0.0046556
0.00421503
0.0037864
0.0033694
0.00296442
0.00257255
0.00219568
0.00183646
0.00149831
0.00118539
0.000902347
0.000654112
0.000445241
0.000279144
0.000157217
7.79873e-05
3.67435e-05
2.64998e-05
4.52192e-05
0.000134979
0.000722072
1.02908
0.94713
0.869178
0.795569
0.726531
0.662148
0.602402
0.547199
0.496388
0.449773
0.407133
0.36823
0.332815
0.30064
0.271458
0.245029
0.221123
0.199523
0.180023
0.162432
0.146572
0.132278
0.119401
0.107803
0.0973588
0.0879548
0.0794886
0.0718673
0.0650076
0.0588341
0.0532792
0.0482821
0.0437879
0.0397472
0.0361156
0.0328525
0.0299214
0.0272892
0.0249257
0.0228031
0.0208966
0.019183
0.0176414
0.0162528
0.0149998
0.0138664
0.0128384
0.0119028
0.0110478
0.0102629
0.00953866
0.00886669
0.00823953
0.00765061
0.00709438
0.00656597
0.00606104
0.00557595
0.00510777
0.00465419
0.00421358
0.00378496
0.003368
0.00296308
0.00257132
0.00219458
0.00183552
0.00149754
0.00118479
0.000901914
0.00065383
0.000445083
0.000279077
0.000157205
7.80015e-05
3.67675e-05
2.65399e-05
4.53093e-05
0.000135195
0.000721971
0.9904
0.913272
0.839654
0.769918
0.704317
0.642969
0.585889
0.533018
0.484237
0.439385
0.39827
0.360682
0.326398
0.295193
0.266841
0.241121
0.217821
0.196736
0.177673
0.160454
0.144909
0.130883
0.118232
0.106825
0.0965433
0.0872764
0.0789259
0.0714023
0.0646247
0.0585204
0.0530235
0.0480749
0.0436212
0.0396142
0.0360103
0.03277
0.0298575
0.0272404
0.0248888
0.0227759
0.0208768
0.019169
0.0176318
0.0162465
0.0149958
0.0138641
0.0128372
0.0119023
0.0110476
0.0102629
0.00953866
0.00886658
0.00823926
0.00765015
0.00709373
0.00656514
0.00606005
0.00557483
0.00510655
0.00465291
0.00421227
0.00378365
0.00336674
0.00296189
0.00257023
0.00219362
0.00183469
0.00149687
0.00118427
0.000901544
0.000653593
0.000444955
0.000279028
0.000157202
7.80181e-05
3.67905e-05
2.65755e-05
4.5388e-05
0.000135382
0.000721869
0.956283
0.883406
0.81361
0.747292
0.684727
0.626058
0.571333
0.520521
0.473534
0.430238
0.390468
0.35404
0.320754
0.290404
0.262783
0.237688
0.21492
0.194288
0.175611
0.158718
0.143451
0.129659
0.117207
0.105969
0.0958293
0.0866826
0.0784336
0.0709955
0.06429
0.0582462
0.0528001
0.047894
0.0434756
0.039498
0.0359183
0.0326979
0.0298017
0.0271977
0.0248566
0.022752
0.0208594
0.0191566
0.0176233
0.0162408
0.0149922
0.0138619
0.012836
0.0119017
0.0110474
0.0102628
0.00953853
0.00886638
0.00823892
0.00764966
0.00709308
0.00656433
0.00605911
0.00557379
0.00510542
0.00465174
0.00421109
0.00378249
0.00336561
0.00296084
0.00256928
0.00219278
0.00183398
0.00149629
0.00118383
0.000901235
0.0006534
0.000444856
0.000278995
0.000157207
7.80371e-05
3.68126e-05
2.66067e-05
4.54552e-05
0.000135541
0.000721766
0.926852
0.857639
0.791139
0.727772
0.667828
0.611474
0.558783
0.509749
0.46431
0.422357
0.383749
0.348322
0.315896
0.286283
0.259294
0.234737
0.212427
0.192186
0.17384
0.157229
0.142199
0.12861
0.116329
0.105235
0.0952177
0.0861741
0.0780121
0.0706474
0.0640036
0.0580116
0.052609
0.0477392
0.0433512
0.0393986
0.0358396
0.0326363
0.0297539
0.0271611
0.024829
0.0227315
0.0208445
0.019146
0.0176159
0.0162358
0.0149889
0.0138599
0.0128348
0.011901
0.011047
0.0102625
0.00953828
0.00886606
0.0082385
0.00764911
0.0070924
0.00656354
0.00605821
0.00557281
0.0051044
0.00465068
0.00421003
0.00378145
0.00336463
0.00295993
0.00256845
0.00219205
0.00183337
0.00149581
0.00118347
0.000900985
0.00065325
0.000444785
0.000278978
0.000157219
7.80583e-05
3.68335e-05
2.66332e-05
4.55108e-05
0.000135672
0.00072166
0.902206
0.836057
0.772319
0.711424
0.653677
0.599264
0.548277
0.500734
0.456593
0.415766
0.378131
0.343542
0.311837
0.282842
0.25638
0.232274
0.210348
0.190432
0.172364
0.155987
0.141157
0.127736
0.115598
0.104625
0.094709
0.0857514
0.0776619
0.0703582
0.0637658
0.0578169
0.0524504
0.0476108
0.0432479
0.0393161
0.0357744
0.0325851
0.0297142
0.0271306
0.024806
0.0227143
0.0208319
0.019137
0.0176096
0.0162315
0.0149861
0.0138581
0.0128336
0.0119002
0.0110465
0.0102621
0.00953789
0.00886563
0.00823799
0.00764851
0.00709171
0.00656276
0.00605736
0.00557191
0.00510346
0.00464973
0.00420909
0.00378055
0.00336377
0.00295914
0.00256775
0.00219145
0.00183287
0.00149541
0.00118318
0.000900793
0.000653141
0.000444742
0.000278977
0.000157239
7.80815e-05
3.68532e-05
2.66552e-05
4.55546e-05
0.000135774
0.000721552
0.882421
0.818731
0.757208
0.6983
0.642319
0.589465
0.539848
0.493504
0.450406
0.410483
0.37363
0.339714
0.308587
0.280087
0.254049
0.230304
0.208686
0.189031
0.171185
0.154997
0.140326
0.12704
0.115015
0.104139
0.094304
0.085415
0.0773832
0.0701282
0.0635767
0.0576622
0.0523244
0.0475088
0.0431658
0.0392506
0.0357225
0.0325444
0.0296826
0.0271063
0.0247876
0.0227006
0.0208218
0.0191296
0.0176044
0.0162279
0.0149836
0.0138563
0.0128325
0.0118994
0.0110458
0.0102615
0.00953737
0.00886508
0.00823739
0.00764785
0.00709098
0.00656198
0.00605654
0.00557106
0.0051026
0.00464889
0.00420827
0.00377976
0.00336305
0.00295848
0.00256717
0.00219096
0.00183247
0.00149511
0.00118296
0.000900658
0.000653074
0.000444725
0.000278991
0.000157266
7.81068e-05
3.68717e-05
2.66724e-05
4.55867e-05
0.000135847
0.00072144
0.867558
0.805713
0.745857
0.688442
0.633789
0.582109
0.533523
0.488079
0.445766
0.406523
0.370257
0.336847
0.306154
0.278026
0.252306
0.228832
0.207444
0.187986
0.170305
0.154258
0.139706
0.126521
0.114582
0.103777
0.0940031
0.0851652
0.0771765
0.0699577
0.0634366
0.0575475
0.0522311
0.0474333
0.0431051
0.0392021
0.035684
0.0325141
0.029659
0.0270882
0.0247738
0.0226902
0.020814
0.019124
0.0176002
0.0162249
0.0149814
0.0138548
0.0128313
0.0118985
0.0110451
0.0102609
0.0095367
0.00886441
0.00823669
0.00764712
0.00709022
0.0065612
0.00605575
0.00557027
0.00510183
0.00464813
0.00420756
0.0037791
0.00336244
0.00295795
0.00256671
0.00219058
0.00183217
0.00149489
0.00118282
0.00090058
0.000653048
0.000444735
0.000279021
0.0001573
7.81341e-05
3.6889e-05
2.66849e-05
4.56069e-05
0.000135892
0.000721324
0.857661
0.797048
0.738303
0.681885
0.628118
0.57722
0.529322
0.484479
0.442688
0.403898
0.368023
0.33495
0.304546
0.276665
0.251156
0.227861
0.206626
0.187298
0.169728
0.153773
0.1393
0.126181
0.114298
0.103541
0.0938067
0.0850023
0.0770418
0.0698467
0.0633455
0.0574731
0.0521705
0.0473843
0.0430656
0.0391706
0.035659
0.0324944
0.0296437
0.0270763
0.0247646
0.0226832
0.0208087
0.0191199
0.0175972
0.0162226
0.0149796
0.0138534
0.0128301
0.0118975
0.0110442
0.01026
0.00953588
0.0088636
0.00823589
0.00764631
0.00708943
0.00656041
0.00605498
0.00556953
0.00510112
0.00464748
0.00420695
0.00377855
0.00336196
0.00295754
0.00256637
0.00219031
0.00183198
0.00149476
0.00118275
0.000900557
0.000653061
0.000444771
0.000279066
0.000157341
7.81634e-05
3.69051e-05
2.66927e-05
4.56152e-05
0.000135907
0.000721204
0.852769
0.792768
0.734576
0.678654
0.625327
0.574818
0.527261
0.482716
0.441183
0.402618
0.366936
0.334029
0.303767
0.276008
0.250602
0.227395
0.206235
0.18697
0.169453
0.153543
0.139108
0.126022
0.114165
0.10343
0.0937153
0.0849268
0.0769796
0.0697956
0.0633037
0.057439
0.0521428
0.0473619
0.0430476
0.0391561
0.0356475
0.0324853
0.0296364
0.0270705
0.02476
0.0226795
0.0208058
0.0191176
0.0175952
0.0162209
0.0149782
0.0138521
0.0128289
0.0118964
0.0110431
0.010259
0.00953489
0.00886264
0.00823496
0.00764543
0.00708858
0.00655961
0.00605423
0.00556883
0.00510048
0.0046469
0.00420644
0.00377812
0.0033616
0.00295724
0.00256615
0.00219015
0.00183188
0.00149471
0.00118275
0.00090059
0.000653116
0.000444835
0.000279126
0.000157389
7.81949e-05
3.692e-05
2.66957e-05
4.56113e-05
0.000135893
0.000721078
)
;

boundaryField
{
    farLeft
    {
        type            symmetryPlane;
    }
    flatBed
    {
        type            epsilonWallFunction;
        blending        stepwise;
        value           nonuniform List<scalar> 
240
(
0.00186242
0.00187349
0.00188967
0.00191225
0.00194163
0.00197768
0.00202077
0.00207084
0.00212828
0.00219309
0.0022657
0.00234609
0.00243471
0.00253156
0.00263705
0.00275118
0.00287435
0.00300655
0.00314818
0.00329919
0.00345997
0.00363049
0.00381113
0.00400184
0.00420301
0.0044146
0.004637
0.00487018
0.00511457
0.00537015
0.00563735
0.0059162
0.00620717
0.00651031
0.00682613
0.00715472
0.00749664
0.00785202
0.00822148
0.00860521
0.00900389
0.00941774
0.00984753
0.0102936
0.0107567
0.0112372
0.0117361
0.0122537
0.0127912
0.013349
0.0139282
0.0145296
0.0151542
0.0158028
0.0164768
0.0171771
0.017905
0.0186616
0.0194486
0.020267
0.0211186
0.0220048
0.0229275
0.0238882
0.0248891
0.0259318
0.0270188
0.0281519
0.0293338
0.0305668
0.0318536
0.0331968
0.0345996
0.0360647
0.0375958
0.0391959
0.0408691
0.0426187
0.0444493
0.0463648
0.04837
0.0504695
0.0526687
0.0549725
0.0573871
0.059918
0.0625722
0.0653558
0.0682766
0.0713416
0.0745595
0.0779382
0.0814875
0.0852165
0.089136
0.0932564
0.09759
0.102149
0.106946
0.111997
0.117316
0.122919
0.128824
0.13505
0.141617
0.148546
0.155861
0.163587
0.171751
0.180382
0.189512
0.199175
0.209408
0.220251
0.231746
0.243942
0.256888
0.27064
0.285258
0.300805
0.317352
0.334975
0.353755
0.373781
0.395149
0.417961
0.442329
0.46837
0.496214
0.525996
0.557862
0.591967
0.628476
0.667562
0.709409
0.754209
0.802164
0.853481
0.908378
0.967077
1.0298
1.09679
1.16827
1.24448
1.32564
1.41198
1.50373
1.60108
1.70423
1.81337
1.92866
2.05023
2.17821
2.31269
2.45373
2.60137
2.75561
2.91644
3.0838
3.25762
3.43779
3.62419
3.81667
4.01508
4.21924
4.42899
4.64415
4.86455
5.09002
5.3204
5.55557
5.79538
6.03971
6.28847
6.54154
6.79882
7.0602
7.32555
7.5947
7.86747
8.14362
8.42286
8.70484
8.98914
9.27533
9.56295
9.85157
10.141
10.4312
10.7232
11.0188
11.3222
11.6281
11.9283
12.2211
12.5046
12.777
13.0365
13.2811
13.5092
13.7188
13.9083
14.0762
14.2209
14.3413
14.4362
14.5048
14.5464
14.5606
14.5473
14.5065
14.4384
14.3436
14.2228
14.077
13.9071
13.7145
13.5005
13.2666
13.0143
12.7454
12.4613
12.1639
11.8546
11.5352
11.207
10.8715
10.53
10.1834
9.8326
9.47796
9.11935
8.75582
8.38508
8.00257
7.59977
7.16077
6.65704
6.04714
5.31394
)
;
    }
    slope
    {
        type            epsilonWallFunction;
        blending        stepwise;
        value           nonuniform List<scalar> 
80
(
5.88856
6.54597
7.00594
7.24842
7.30127
7.22006
7.03928
6.7833
6.47119
6.11861
5.73545
5.35702
4.98747
4.61982
4.25804
3.90622
3.56765
3.24483
2.93951
2.65282
2.38629
2.14075
1.91325
1.70377
1.51207
1.33766
1.17981
1.03769
0.910383
0.796914
0.696287
0.607506
0.529582
0.461554
0.402489
0.351497
0.307728
0.270381
0.238701
0.211983
0.189571
0.170859
0.155292
0.142365
0.131625
0.122671
0.115153
0.108767
0.103259
0.0984115
0.0940462
0.0900157
0.0862054
0.0825588
0.0789547
0.0753221
0.0716147
0.067801
0.06386
0.0597763
0.055547
0.0511771
0.0466788
0.0420728
0.0373885
0.0326656
0.0279561
0.0233262
0.0188579
0.0146485
0.0108139
0.00746985
0.0047248
0.00265707
0.0012846
0.000537079
0.000246334
0.000248671
0.000517381
0.00748191
)
;
    }
    top
    {
        type            symmetryPlane;
    }
    frontAndBack
    {
        type            empty;
    }
    defaultFaces
    {
        type            empty;
    }
}


// ************************************************************************* //
