/*--------------------------------*- C++ -*----------------------------------*\
| =========                 |                                                 |
| \\      /  F ield         | OpenFOAM: The Open Source CFD Toolbox           |
|  \\    /   O peration     | Version:  2206                                  |
|   \\  /    A nd           | Website:  www.openfoam.com                      |
|    \\/     M anipulation  |                                                 |
\*---------------------------------------------------------------------------*/
FoamFile
{
    version     2.0;
    format      ascii;
    arch        "LSB;label=32;scalar=64";
    class       volScalarField;
    location    "1000";
    object      p;
}
// * * * * * * * * * * * * * * * * * * * * * * * * * * * * * * * * * * * * * //

dimensions      [0 2 -2 0 0 0 0];

internalField   nonuniform List<scalar> 
25600
(
7.48435e-05
-0.000236614
-0.000841594
-0.0018481
-0.00327317
-0.00513032
-0.00741812
-0.0101462
-0.0133085
-0.0169106
-0.0209436
-0.025411
-0.0303019
-0.035618
-0.0413469
-0.0474891
-0.0540304
-0.0609701
-0.0682926
-0.0759959
-0.084063
-0.092491
-0.101261
-0.11037
-0.119798
-0.129539
-0.139574
-0.149896
-0.160483
-0.17133
-0.182414
-0.193727
-0.205246
-0.216964
-0.228857
-0.240916
-0.253118
-0.265454
-0.2779
-0.290446
-0.303069
-0.315759
-0.328492
-0.341259
-0.354036
-0.366812
-0.379566
-0.392286
-0.404951
-0.41755
-0.430061
-0.442476
-0.454771
-0.466939
-0.478957
-0.490818
-0.502501
-0.513998
-0.52529
-0.536368
-0.547214
-0.557822
-0.568173
-0.578261
-0.588069
-0.597592
-0.606813
-0.615728
-0.624322
-0.63259
-0.640518
-0.648104
-0.655333
-0.662203
-0.668703
-0.67483
-0.680572
-0.685929
-0.690891
-0.695457
-0.699617
-0.703372
-0.706715
-0.709646
-0.712163
-0.714266
-0.71595
-0.717213
-0.71805
-0.718462
-0.718443
-0.717994
-0.717111
-0.715794
-0.714039
-0.711847
-0.709215
-0.706142
-0.702628
-0.698671
-0.694271
-0.689426
-0.684139
-0.678405
-0.672229
-0.665607
-0.658545
-0.651038
-0.643094
-0.63471
-0.625895
-0.616647
-0.60698
-0.596892
-0.586401
-0.575507
-0.564236
-0.552591
-0.540604
-0.528286
-0.515678
-0.502796
-0.489697
-0.476406
-0.462995
-0.449501
-0.436018
-0.422596
-0.409352
-0.396352
-0.383735
-0.371586
-0.360059
-0.349249
-0.339308
-0.330309
-0.322345
-0.315376
-0.309315
-0.303904
-0.299799
-0.300736
-0.310284
-0.329056
-0.356115
-0.391174
-0.433941
-0.483889
-0.540551
-0.603311
-0.671658
-0.744976
-0.82276
-0.904424
-0.989486
-1.0774
-1.16772
-1.25993
-1.35361
-1.44828
-1.54353
-1.63892
-1.73403
-1.82844
-1.92175
-2.01354
-2.10341
-2.19094
-2.27572
-2.35735
-2.43539
-2.50943
-2.57904
-2.64382
-2.70331
-2.75711
-2.80477
-2.84591
-2.88006
-2.90688
-2.92593
-2.93689
-2.93936
-2.93308
-2.91773
-2.8932
-2.85922
-2.81532
-2.76102
-2.6963
-2.6211
-2.53558
-2.43985
-2.33426
-2.21914
-2.09504
-1.9625
-1.82227
-1.6751
-1.52193
-1.36366
-1.20137
-1.0361
-0.869011
-0.701187
-0.533806
-0.367953
-0.204748
-0.045199
0.10969
0.259045
0.402031
0.537949
0.666167
0.78619
0.897603
1.00012
1.09356
1.17782
1.25294
1.31901
1.37624
1.4249
1.46536
1.49805
1.52347
1.54218
1.55485
1.56216
1.56484
1.56383
1.56085
1.55717
1.55273
1.54776
1.54329
1.54045
1.54029
1.54362
1.54926
-0.0249998
-0.0247737
-0.0255762
-0.0268634
-0.0285179
-0.0305706
-0.0330293
-0.0358987
-0.0391739
-0.0428587
-0.0469475
-0.0514428
-0.0563371
-0.0616312
-0.0673157
-0.0733901
-0.0798433
-0.0866732
-0.0938674
-0.101422
-0.109324
-0.117568
-0.126139
-0.13503
-0.144227
-0.153721
-0.163495
-0.173542
-0.183843
-0.19439
-0.205163
-0.216153
-0.227341
-0.238715
-0.250257
-0.261955
-0.27379
-0.285749
-0.297812
-0.309969
-0.322197
-0.334487
-0.346815
-0.359172
-0.371536
-0.383897
-0.396232
-0.408532
-0.420774
-0.43295
-0.445038
-0.457028
-0.468899
-0.480644
-0.49224
-0.50368
-0.514945
-0.526025
-0.536903
-0.54757
-0.558009
-0.568213
-0.578164
-0.587856
-0.597273
-0.606409
-0.61525
-0.623788
-0.632012
-0.639915
-0.647485
-0.654718
-0.661601
-0.668132
-0.674299
-0.680099
-0.685523
-0.690567
-0.695224
-0.699491
-0.703359
-0.706828
-0.709889
-0.712544
-0.714793
-0.716634
-0.718063
-0.719078
-0.719674
-0.719851
-0.719605
-0.718934
-0.717837
-0.716311
-0.714355
-0.711968
-0.709148
-0.705894
-0.702206
-0.69808
-0.693519
-0.68852
-0.683084
-0.677208
-0.670896
-0.664144
-0.656958
-0.649333
-0.641276
-0.632784
-0.623867
-0.61452
-0.604758
-0.594577
-0.583996
-0.573014
-0.561654
-0.549919
-0.53784
-0.525425
-0.512713
-0.49972
-0.486496
-0.473066
-0.459495
-0.44582
-0.432121
-0.418447
-0.404898
-0.391534
-0.378471
-0.365782
-0.353593
-0.341996
-0.331135
-0.321111
-0.312053
-0.303983
-0.296823
-0.290364
-0.285505
-0.284007
-0.28979
-0.304668
-0.328279
-0.360135
-0.399859
-0.44693
-0.50088
-0.561117
-0.627126
-0.69831
-0.774158
-0.854101
-0.937652
-1.02428
-1.11353
-1.20491
-1.29798
-1.39229
-1.48742
-1.58295
-1.67846
-1.77355
-1.86781
-1.96086
-2.05227
-2.14168
-2.22865
-2.31282
-2.39376
-2.47108
-2.54436
-2.61321
-2.67719
-2.73593
-2.78898
-2.83596
-2.87645
-2.91008
-2.93645
-2.95521
-2.96599
-2.9685
-2.96242
-2.94755
-2.92368
-2.89053
-2.84763
-2.7948
-2.732
-2.65931
-2.57682
-2.4848
-2.3835
-2.27339
-2.15492
-2.02872
-1.89544
-1.75589
-1.61087
-1.46133
-1.30819
-1.15248
-0.9952
-0.8374
-0.680084
-0.524276
-0.370923
-0.220961
-0.0752274
0.0654803
0.200474
0.329129
0.450934
0.56546
0.672383
0.771472
0.862596
0.945713
1.02087
1.08821
1.14793
1.20034
1.24579
1.28471
1.31759
1.34499
1.36751
1.38584
1.40071
1.41261
1.42251
1.43151
1.43998
1.44843
1.4574
1.46698
1.47691
1.48573
-0.0551331
-0.0552109
-0.0558489
-0.0569134
-0.0583559
-0.0601925
-0.0624291
-0.0650724
-0.0681187
-0.0715717
-0.0754255
-0.0796819
-0.0843329
-0.0893786
-0.0948094
-0.100624
-0.106811
-0.113368
-0.120282
-0.12755
-0.135157
-0.143099
-0.15136
-0.159935
-0.168808
-0.17797
-0.187407
-0.197109
-0.207058
-0.217247
-0.227656
-0.238277
-0.249089
-0.260083
-0.27124
-0.282549
-0.293989
-0.305551
-0.317214
-0.328967
-0.340789
-0.352669
-0.364587
-0.376532
-0.388483
-0.400429
-0.41235
-0.424235
-0.436064
-0.447826
-0.459501
-0.47108
-0.482543
-0.49388
-0.505071
-0.516109
-0.526975
-0.537659
-0.548145
-0.558424
-0.568479
-0.578303
-0.58788
-0.597202
-0.606255
-0.615032
-0.623519
-0.63171
-0.639592
-0.64716
-0.654402
-0.661314
-0.667883
-0.674106
-0.679973
-0.685481
-0.690621
-0.695389
-0.699777
-0.703784
-0.707402
-0.710629
-0.713459
-0.715894
-0.71793
-0.719568
-0.720802
-0.721631
-0.72205
-0.722059
-0.721656
-0.720838
-0.719603
-0.717952
-0.715882
-0.713392
-0.710481
-0.707149
-0.703395
-0.699218
-0.694619
-0.689596
-0.684151
-0.678282
-0.671993
-0.665281
-0.658151
-0.6506
-0.642635
-0.634254
-0.625465
-0.616267
-0.606672
-0.596679
-0.586304
-0.575547
-0.56443
-0.552957
-0.541154
-0.52903
-0.516619
-0.503937
-0.491026
-0.477909
-0.464643
-0.451257
-0.437823
-0.42438
-0.411015
-0.39778
-0.384778
-0.372079
-0.359814
-0.348083
-0.33704
-0.326805
-0.317591
-0.309612
-0.303126
-0.2988
-0.298686
-0.304455
-0.316554
-0.335474
-0.36135
-0.394096
-0.433608
-0.479602
-0.531805
-0.589797
-0.653202
-0.721541
-0.794397
-0.871282
-0.95177
-1.03539
-1.12171
-1.2103
-1.30074
-1.3926
-1.48549
-1.57901
-1.67276
-1.76636
-1.85941
-1.95155
-2.04237
-2.13152
-2.21859
-2.30321
-2.385
-2.46356
-2.53851
-2.60947
-2.67601
-2.73777
-2.79434
-2.84534
-2.89035
-2.92903
-2.96096
-2.98582
-3.00323
-3.01288
-3.01446
-3.00771
-2.99242
-2.96843
-2.93525
-2.8925
-2.8401
-2.77811
-2.70658
-2.62571
-2.53572
-2.43698
-2.32988
-2.21498
-2.09286
-1.96422
-1.82981
-1.69049
-1.5471
-1.4006
-1.25191
-1.10202
-0.951871
-0.802432
-0.654601
-0.50927
-0.367244
-0.229294
-0.0960895
0.0317546
0.15373
0.269401
0.378435
0.48058
0.575682
0.663672
0.744566
0.818462
0.885537
0.946041
1.00029
1.04867
1.09163
1.12966
1.16331
1.19315
1.21974
1.24381
1.26668
1.28836
1.3081
1.32592
1.34171
1.35513
1.36607
1.37265
-0.0772655
-0.0775934
-0.0782641
-0.0793356
-0.0808054
-0.0826746
-0.0849404
-0.0876059
-0.0906664
-0.0941237
-0.0979716
-0.102211
-0.106833
-0.111839
-0.117218
-0.12297
-0.129083
-0.135554
-0.142372
-0.149532
-0.157022
-0.164835
-0.172958
-0.181385
-0.190099
-0.199095
-0.208355
-0.217871
-0.227627
-0.237613
-0.247812
-0.258214
-0.268801
-0.279563
-0.29048
-0.301543
-0.312731
-0.324035
-0.335434
-0.346919
-0.358467
-0.37007
-0.381706
-0.393365
-0.405026
-0.41668
-0.428306
-0.439893
-0.451422
-0.462882
-0.474254
-0.485528
-0.496686
-0.507717
-0.518602
-0.529334
-0.539894
-0.550274
-0.560456
-0.570433
-0.580187
-0.589712
-0.598992
-0.60802
-0.616782
-0.625271
-0.633473
-0.641383
-0.648989
-0.656284
-0.663258
-0.669906
-0.676217
-0.682187
-0.687807
-0.693074
-0.697979
-0.702518
-0.706685
-0.710478
-0.713888
-0.716915
-0.719554
-0.721806
-0.723667
-0.725136
-0.726208
-0.726884
-0.72716
-0.727035
-0.726506
-0.725574
-0.724235
-0.722491
-0.72034
-0.717782
-0.714816
-0.711442
-0.707661
-0.703472
-0.698876
-0.693873
-0.688466
-0.682653
-0.676439
-0.669821
-0.662806
-0.655392
-0.647587
-0.639389
-0.630807
-0.621842
-0.612505
-0.602796
-0.592733
-0.582315
-0.571564
-0.560484
-0.549102
-0.537425
-0.525486
-0.5133
-0.500907
-0.488329
-0.475617
-0.4628
-0.449945
-0.437089
-0.424317
-0.41168
-0.399284
-0.387208
-0.375587
-0.364529
-0.354205
-0.344819
-0.3368
-0.330659
-0.326886
-0.32619
-0.330777
-0.342048
-0.35925
-0.382342
-0.411458
-0.446549
-0.487566
-0.534301
-0.586575
-0.644076
-0.70653
-0.77356
-0.844836
-0.919954
-0.998558
-1.08024
-1.16463
-1.25133
-1.33998
-1.43018
-1.52158
-1.6138
-1.70647
-1.79924
-1.89173
-1.9836
-2.07448
-2.16401
-2.25182
-2.33756
-2.42084
-2.50129
-2.57854
-2.65221
-2.7219
-2.78724
-2.84781
-2.90324
-2.9531
-2.99703
-3.03462
-3.0655
-3.08927
-3.10562
-3.11416
-3.11461
-3.10672
-3.0905
-3.0654
-3.03077
-2.98646
-2.93249
-2.86884
-2.79565
-2.71306
-2.6214
-2.521
-2.41235
-2.29598
-2.17258
-2.04284
-1.9076
-1.76768
-1.62403
-1.47756
-1.32927
-1.1801
-1.03103
-0.88297
-0.736821
-0.593405
-0.453509
-0.31782
-0.186969
-0.0614848
0.0581785
0.171668
0.278709
0.379122
0.47281
0.559757
0.640023
0.713739
0.781104
0.842368
0.89784
0.947864
0.99282
1.03308
1.06903
1.10111
1.13048
1.15764
1.1819
1.20299
1.22098
1.23593
1.24787
1.25656
1.25774
-0.0972835
-0.0975412
-0.0981801
-0.0992272
-0.100671
-0.10251
-0.104742
-0.10737
-0.110388
-0.113798
-0.117595
-0.121777
-0.126339
-0.131278
-0.136586
-0.14226
-0.14829
-0.154674
-0.161398
-0.168459
-0.175844
-0.183547
-0.191555
-0.19986
-0.208448
-0.217311
-0.226433
-0.235807
-0.245414
-0.255248
-0.265289
-0.275528
-0.285947
-0.296537
-0.307278
-0.318161
-0.329165
-0.340281
-0.351489
-0.362777
-0.374128
-0.385529
-0.39696
-0.408413
-0.419865
-0.431307
-0.442719
-0.45409
-0.465402
-0.476644
-0.487796
-0.49885
-0.509786
-0.520595
-0.531259
-0.541769
-0.552107
-0.562265
-0.572226
-0.581983
-0.591519
-0.600826
-0.60989
-0.618704
-0.627254
-0.635533
-0.643529
-0.651235
-0.658639
-0.665737
-0.672517
-0.678975
-0.6851
-0.69089
-0.696334
-0.70143
-0.706169
-0.710549
-0.714562
-0.718208
-0.721479
-0.724375
-0.72689
-0.729028
-0.730782
-0.732152
-0.733135
-0.73373
-0.733934
-0.733748
-0.733169
-0.732198
-0.730834
-0.729077
-0.726927
-0.724383
-0.721448
-0.718121
-0.714403
-0.710296
-0.705801
-0.700919
-0.695655
-0.690006
-0.68398
-0.677576
-0.670801
-0.663653
-0.656143
-0.64827
-0.640045
-0.631468
-0.622554
-0.613302
-0.603731
-0.593843
-0.583659
-0.573184
-0.562446
-0.551452
-0.540236
-0.528811
-0.517219
-0.505479
-0.493645
-0.481743
-0.469842
-0.45798
-0.446243
-0.434688
-0.423426
-0.412539
-0.402169
-0.39243
-0.383536
-0.3758
-0.369831
-0.366368
-0.366112
-0.369587
-0.378164
-0.393496
-0.415338
-0.442835
-0.475888
-0.514366
-0.558177
-0.607107
-0.660992
-0.719559
-0.782587
-0.849762
-0.920819
-0.995419
-1.07327
-1.15402
-1.23736
-1.32293
-1.41044
-1.49951
-1.58984
-1.68109
-1.77292
-1.865
-1.957
-2.04859
-2.13942
-2.22918
-2.31749
-2.40404
-2.48845
-2.57038
-2.64946
-2.72532
-2.79757
-2.86584
-2.92971
-2.98882
-3.04273
-3.09106
-3.13337
-3.16928
-3.19836
-3.22026
-3.23456
-3.2409
-3.23897
-3.22882
-3.21
-3.1817
-3.14352
-3.09538
-3.03723
-2.96913
-2.89117
-2.80363
-2.70678
-2.6011
-2.4871
-2.36544
-2.23684
-2.10212
-1.96217
-1.81793
-1.67039
-1.52056
-1.36945
-1.21806
-1.06736
-0.918302
-0.771733
-0.628476
-0.489249
-0.354706
-0.225396
-0.101791
0.0157424
0.126917
0.231542
0.329505
0.420776
0.505397
0.583477
0.655185
0.720732
0.780377
0.834398
0.88307
0.926711
0.965883
1.0016
1.0341
1.06266
1.08733
1.10827
1.12561
1.13954
1.15034
1.15697
1.15254
-0.115028
-0.115302
-0.115946
-0.116992
-0.118434
-0.120269
-0.122495
-0.125113
-0.12812
-0.131516
-0.135296
-0.139458
-0.143995
-0.148907
-0.154183
-0.159822
-0.165813
-0.172152
-0.178829
-0.185837
-0.193166
-0.200808
-0.208749
-0.216984
-0.225498
-0.234282
-0.243321
-0.252607
-0.262123
-0.27186
-0.281801
-0.291936
-0.302247
-0.312725
-0.32335
-0.334113
-0.344993
-0.355982
-0.36706
-0.378215
-0.389429
-0.40069
-0.411979
-0.423286
-0.434591
-0.445883
-0.457142
-0.468359
-0.479515
-0.490598
-0.501591
-0.512484
-0.523258
-0.533903
-0.544403
-0.554748
-0.564921
-0.574913
-0.584709
-0.5943
-0.603671
-0.612814
-0.621714
-0.630366
-0.638755
-0.646874
-0.654712
-0.662262
-0.669513
-0.676461
-0.683093
-0.689406
-0.69539
-0.701043
-0.706354
-0.711321
-0.715937
-0.720199
-0.724101
-0.727641
-0.730812
-0.733615
-0.736047
-0.738107
-0.739792
-0.741102
-0.742032
-0.742585
-0.742757
-0.742549
-0.74196
-0.740992
-0.739643
-0.737916
-0.73581
-0.733327
-0.730469
-0.727237
-0.723634
-0.719661
-0.715323
-0.71062
-0.705559
-0.700139
-0.694368
-0.688248
-0.681787
-0.674985
-0.667855
-0.660396
-0.652622
-0.644535
-0.63615
-0.627471
-0.618517
-0.609291
-0.599817
-0.590102
-0.580175
-0.570044
-0.559747
-0.549297
-0.538738
-0.528091
-0.517413
-0.506733
-0.496121
-0.48562
-0.475321
-0.465286
-0.455628
-0.446435
-0.437853
-0.430015
-0.423193
-0.417788
-0.414516
-0.41422
-0.417766
-0.425707
-0.438611
-0.457285
-0.482535
-0.513993
-0.550861
-0.592777
-0.639591
-0.691076
-0.747068
-0.807309
-0.871601
-0.939666
-1.01128
-1.08615
-1.16403
-1.24461
-1.32763
-1.41279
-1.49981
-1.58839
-1.67823
-1.76904
-1.86053
-1.95238
-2.04431
-2.13599
-2.22713
-2.31742
-2.40652
-2.49412
-2.57988
-2.66347
-2.74452
-2.8227
-2.89759
-2.96886
-3.03607
-3.09885
-3.15675
-3.20937
-3.25625
-3.29698
-3.3311
-3.35819
-3.3778
-3.38954
-3.39296
-3.38785
-3.37417
-3.35125
-3.31805
-3.27443
-3.22026
-3.15556
-3.08037
-2.99489
-2.89939
-2.79431
-2.68016
-2.55764
-2.42746
-2.29053
-2.14776
-2.0002
-1.84888
-1.69491
-1.53936
-1.38333
-1.22785
-1.07393
-0.922484
-0.774379
-0.630368
-0.49114
-0.357263
-0.229229
-0.107412
0.00789341
0.116494
0.218272
0.31319
0.40128
0.482641
0.557418
0.625768
0.687932
0.74423
0.794982
0.841224
0.883199
0.920443
0.95302
0.981156
1.00508
1.02496
1.04098
1.05351
1.06292
1.06725
1.05726
-0.131988
-0.132255
-0.132895
-0.133937
-0.135373
-0.137202
-0.139421
-0.142031
-0.145028
-0.148413
-0.152179
-0.156327
-0.160848
-0.16574
-0.170996
-0.176611
-0.182577
-0.188888
-0.195533
-0.202508
-0.209799
-0.217401
-0.2253
-0.233489
-0.241954
-0.250686
-0.259669
-0.268897
-0.27835
-0.288023
-0.297895
-0.307958
-0.318195
-0.328595
-0.339139
-0.349818
-0.360612
-0.371511
-0.382495
-0.393555
-0.404671
-0.415831
-0.427017
-0.438219
-0.449415
-0.460597
-0.471744
-0.482847
-0.493886
-0.504852
-0.515726
-0.526498
-0.537149
-0.547672
-0.558047
-0.568267
-0.578315
-0.588181
-0.597851
-0.607315
-0.61656
-0.625577
-0.634352
-0.642879
-0.651145
-0.659142
-0.666859
-0.67429
-0.681424
-0.688257
-0.694778
-0.700982
-0.706861
-0.712411
-0.717625
-0.722499
-0.727026
-0.731205
-0.735029
-0.738497
-0.741604
-0.744349
-0.746731
-0.74875
-0.750402
-0.751686
-0.752602
-0.753149
-0.753328
-0.753138
-0.75258
-0.751655
-0.750364
-0.74871
-0.746694
-0.744318
-0.741585
-0.738498
-0.735061
-0.731277
-0.72715
-0.722684
-0.717885
-0.712757
-0.707307
-0.701539
-0.695464
-0.689083
-0.68241
-0.675449
-0.668214
-0.660709
-0.652952
-0.644948
-0.63672
-0.628272
-0.619632
-0.610809
-0.601832
-0.592716
-0.583498
-0.574196
-0.564856
-0.555503
-0.546196
-0.53697
-0.527898
-0.519029
-0.510455
-0.502246
-0.494516
-0.487358
-0.480926
-0.475377
-0.471028
-0.468338
-0.468064
-0.471058
-0.478222
-0.490185
-0.507391
-0.530032
-0.558297
-0.592266
-0.632015
-0.677104
-0.726859
-0.780975
-0.839262
-0.901458
-0.967376
-1.03676
-1.10942
-1.18507
-1.26351
-1.34446
-1.42769
-1.51294
-1.59997
-1.6885
-1.77828
-1.86905
-1.96053
-2.05247
-2.14458
-2.2366
-2.32823
-2.41919
-2.50919
-2.59793
-2.68508
-2.77033
-2.85335
-2.93378
-3.01126
-3.08542
-3.15584
-3.22214
-3.28386
-3.34058
-3.39181
-3.43712
-3.47597
-3.50793
-3.53246
-3.54911
-3.55734
-3.55682
-3.54776
-3.52939
-3.50031
-3.46024
-3.409
-3.34653
-3.27278
-3.18794
-3.09221
-2.98606
-2.87
-2.74475
-2.61111
-2.47004
-2.32255
-2.16979
-2.01289
-1.85308
-1.69154
-1.52946
-1.36796
-1.20813
-1.05095
-0.897347
-0.748102
-0.603935
-0.465436
-0.333102
-0.207312
-0.0883502
0.023598
0.128411
0.226036
0.316495
0.399939
0.476594
0.546576
0.610636
0.669255
0.722188
0.76955
0.81149
0.848266
0.880161
0.907424
0.930282
0.948929
0.963594
0.974759
0.982864
0.985162
0.970342
-0.148674
-0.148945
-0.149588
-0.150633
-0.152071
-0.153901
-0.156122
-0.158733
-0.161731
-0.165116
-0.168882
-0.173028
-0.177546
-0.182435
-0.187685
-0.193294
-0.199251
-0.205552
-0.212185
-0.219145
-0.22642
-0.234004
-0.241882
-0.250047
-0.258486
-0.267189
-0.276142
-0.285336
-0.294753
-0.304386
-0.314217
-0.324236
-0.334425
-0.344774
-0.355266
-0.365889
-0.376624
-0.387462
-0.398383
-0.409377
-0.420424
-0.431513
-0.442625
-0.45375
-0.464869
-0.47597
-0.487034
-0.498052
-0.509005
-0.519882
-0.530665
-0.541345
-0.551904
-0.562332
-0.572611
-0.582735
-0.592684
-0.602452
-0.612023
-0.621388
-0.630534
-0.639452
-0.648128
-0.656556
-0.664724
-0.672625
-0.680246
-0.687584
-0.694626
-0.701369
-0.707802
-0.713921
-0.719719
-0.725191
-0.73033
-0.735134
-0.739596
-0.743715
-0.747485
-0.750905
-0.75397
-0.756681
-0.759036
-0.761036
-0.762677
-0.763961
-0.764886
-0.765453
-0.765663
-0.765517
-0.765016
-0.764163
-0.762958
-0.761407
-0.75951
-0.757272
-0.754697
-0.751789
-0.748552
-0.744992
-0.741114
-0.736924
-0.732429
-0.727634
-0.722551
-0.717182
-0.711541
-0.705633
-0.699473
-0.693066
-0.68643
-0.679571
-0.67251
-0.665253
-0.657827
-0.650239
-0.642519
-0.634679
-0.626752
-0.618755
-0.610729
-0.602695
-0.594703
-0.586782
-0.578994
-0.571378
-0.564011
-0.556948
-0.550283
-0.544088
-0.538483
-0.533561
-0.529489
-0.526439
-0.524756
-0.524916
-0.527668
-0.533834
-0.544283
-0.559636
-0.580334
-0.606502
-0.638147
-0.675102
-0.717229
-0.764228
-0.815925
-0.872236
-0.932752
-0.996923
-1.06453
-1.13536
-1.20923
-1.28588
-1.36511
-1.44669
-1.53042
-1.61604
-1.70336
-1.79213
-1.88212
-1.97309
-2.06482
-2.15705
-2.24954
-2.34205
-2.43432
-2.52608
-2.61707
-2.70702
-2.79562
-2.88259
-2.96758
-3.05029
-3.13035
-3.20739
-3.281
-3.3508
-3.41631
-3.47708
-3.53262
-3.58243
-3.62596
-3.66268
-3.69202
-3.71342
-3.72625
-3.73007
-3.72507
-3.7106
-3.68509
-3.64794
-3.59887
-3.53773
-3.46441
-3.37904
-3.28183
-3.17323
-3.05379
-2.92429
-2.78561
-2.63884
-2.4851
-2.32567
-2.16183
-1.99493
-1.82628
-1.65721
-1.48894
-1.32263
-1.15934
-1.00002
-0.845499
-0.696521
-0.553691
-0.417519
-0.288387
-0.16654
-0.0520867
0.0548597
0.154225
0.246196
0.331554
0.410329
0.482088
0.547203
0.605935
0.658492
0.705178
0.746294
0.782123
0.81294
0.839006
0.860573
0.877869
0.891157
0.900989
0.907844
0.908445
0.889893
-0.165635
-0.165908
-0.166555
-0.167604
-0.169048
-0.170884
-0.173111
-0.175729
-0.178734
-0.182126
-0.185898
-0.190051
-0.194575
-0.199469
-0.204724
-0.210337
-0.216296
-0.222599
-0.229232
-0.236192
-0.243464
-0.251043
-0.258915
-0.267072
-0.275501
-0.284192
-0.293131
-0.302307
-0.311706
-0.321318
-0.331125
-0.341118
-0.351278
-0.361597
-0.372055
-0.382642
-0.393339
-0.404136
-0.415013
-0.425961
-0.436959
-0.447997
-0.459056
-0.470125
-0.481185
-0.492226
-0.503228
-0.514182
-0.525068
-0.535877
-0.54659
-0.557198
-0.567683
-0.578036
-0.58824
-0.598285
-0.608156
-0.617845
-0.627336
-0.636621
-0.645685
-0.654522
-0.663118
-0.671466
-0.679553
-0.687375
-0.694919
-0.70218
-0.709147
-0.715817
-0.722179
-0.728231
-0.733964
-0.739374
-0.744456
-0.749207
-0.75362
-0.757695
-0.761426
-0.764814
-0.767854
-0.770547
-0.772892
-0.77489
-0.776538
-0.777839
-0.778791
-0.779397
-0.779657
-0.779575
-0.779151
-0.77839
-0.777293
-0.775866
-0.774112
-0.772036
-0.769643
-0.766938
-0.763928
-0.760618
-0.757017
-0.753131
-0.74897
-0.74454
-0.739853
-0.734917
-0.729745
-0.724345
-0.718733
-0.712919
-0.706921
-0.700749
-0.694426
-0.687961
-0.681383
-0.674704
-0.667955
-0.661151
-0.654331
-0.647512
-0.640739
-0.634038
-0.627461
-0.621041
-0.614845
-0.608913
-0.603329
-0.598146
-0.593465
-0.589358
-0.585948
-0.583332
-0.581682
-0.581181
-0.582178
-0.585134
-0.590758
-0.599819
-0.613138
-0.631308
-0.654755
-0.683601
-0.717851
-0.757313
-0.801797
-0.850989
-0.904656
-0.962536
-1.02432
-1.08963
-1.15839
-1.23051
-1.30563
-1.38336
-1.46347
-1.54575
-1.63
-1.71606
-1.80374
-1.89281
-1.98308
-2.07433
-2.16635
-2.25893
-2.35185
-2.44487
-2.53778
-2.63034
-2.72231
-2.81344
-2.90345
-2.99207
-3.07898
-3.1639
-3.24645
-3.32629
-3.40302
-3.47624
-3.54546
-3.61024
-3.67003
-3.72429
-3.77244
-3.81388
-3.84795
-3.87405
-3.89146
-3.89953
-3.89781
-3.88635
-3.86403
-3.82933
-3.78175
-3.72113
-3.6473
-3.56034
-3.46047
-3.34816
-3.22402
-3.08894
-2.94392
-2.79019
-2.62902
-2.46187
-2.29017
-2.11542
-1.9391
-1.76268
-1.58746
-1.41473
-1.24557
-1.081
-0.921807
-0.768797
-0.622598
-0.483688
-0.352386
-0.228465
-0.11178
-0.00284904
0.0980887
0.191258
0.276951
0.355252
0.426366
0.490605
0.548273
0.599672
0.645105
0.684881
0.719301
0.748665
0.773263
0.793373
0.809246
0.821165
0.829716
0.83541
0.834734
0.813779
-0.183174
-0.183453
-0.184106
-0.185163
-0.186616
-0.188462
-0.190701
-0.19333
-0.196349
-0.199754
-0.20354
-0.207707
-0.212245
-0.217153
-0.222422
-0.228048
-0.234021
-0.240335
-0.24698
-0.253949
-0.26123
-0.268817
-0.276695
-0.284857
-0.293288
-0.301981
-0.310918
-0.320092
-0.329487
-0.339091
-0.348889
-0.358871
-0.369018
-0.37932
-0.38976
-0.400326
-0.411
-0.421771
-0.43262
-0.443537
-0.454502
-0.465505
-0.476526
-0.487555
-0.498573
-0.509569
-0.520524
-0.531428
-0.542263
-0.553018
-0.563676
-0.574227
-0.584653
-0.594945
-0.605086
-0.615069
-0.624875
-0.634498
-0.643923
-0.65314
-0.662137
-0.670906
-0.679433
-0.687713
-0.695733
-0.703488
-0.710966
-0.718162
-0.725066
-0.731674
-0.737977
-0.743972
-0.749651
-0.755011
-0.760046
-0.764754
-0.769129
-0.77317
-0.776874
-0.780241
-0.783266
-0.785951
-0.788295
-0.790301
-0.791967
-0.793295
-0.794286
-0.794941
-0.795264
-0.795257
-0.794923
-0.794266
-0.793291
-0.792001
-0.790403
-0.788502
-0.786305
-0.783818
-0.781049
-0.778005
-0.774696
-0.77113
-0.767318
-0.763268
-0.758995
-0.754507
-0.74982
-0.744944
-0.739898
-0.734692
-0.72935
-0.723881
-0.718312
-0.712656
-0.706943
-0.701188
-0.695425
-0.689673
-0.683972
-0.678345
-0.672839
-0.667481
-0.662329
-0.657417
-0.652816
-0.648569
-0.64476
-0.641447
-0.638732
-0.636686
-0.635435
-0.635078
-0.635789
-0.637753
-0.641304
-0.64687
-0.655098
-0.666687
-0.682404
-0.702819
-0.72836
-0.759158
-0.795237
-0.836419
-0.882519
-0.933238
-0.98833
-1.04749
-1.11045
-1.17692
-1.24671
-1.31955
-1.3952
-1.47338
-1.55385
-1.63639
-1.721
-1.8075
-1.89558
-1.98497
-2.07551
-2.16701
-2.25929
-2.35215
-2.44539
-2.53881
-2.6322
-2.7254
-2.81819
-2.91034
-3.0016
-3.09171
-3.18038
-3.26734
-3.35224
-3.43473
-3.51443
-3.59093
-3.66374
-3.73239
-3.79631
-3.85493
-3.90759
-3.95364
-3.99232
-4.02292
-4.04464
-4.05667
-4.05834
-4.04984
-4.03001
-3.99691
-3.94994
-3.88882
-3.81335
-3.72358
-3.61973
-3.50232
-3.37209
-3.23006
-3.07739
-2.91551
-2.7459
-2.5702
-2.39
-2.20693
-2.02288
-1.83947
-1.65805
-1.47992
-1.30623
-1.13784
-0.974948
-0.818425
-0.66945
-0.528401
-0.395446
-0.270656
-0.15409
-0.045816
0.0542406
0.146262
0.230482
0.307143
0.376521
0.438928
0.494684
0.544125
0.587585
0.625403
0.657908
0.685427
0.708272
0.72674
0.741099
0.751638
0.758946
0.763561
0.762029
0.740091
-0.201518
-0.201803
-0.202465
-0.203532
-0.204997
-0.206857
-0.20911
-0.211756
-0.214792
-0.218216
-0.222022
-0.226209
-0.230768
-0.235697
-0.240987
-0.246634
-0.252627
-0.258962
-0.265626
-0.272615
-0.279914
-0.287518
-0.295412
-0.303588
-0.312033
-0.320737
-0.329684
-0.338866
-0.348267
-0.357876
-0.367676
-0.377658
-0.387803
-0.398101
-0.408534
-0.419091
-0.429754
-0.440511
-0.451344
-0.462243
-0.473187
-0.484166
-0.495161
-0.506161
-0.517148
-0.528111
-0.53903
-0.549897
-0.560691
-0.571404
-0.582018
-0.592522
-0.6029
-0.613142
-0.623232
-0.633161
-0.642913
-0.65248
-0.661847
-0.671007
-0.679945
-0.688655
-0.697123
-0.705344
-0.713305
-0.721001
-0.728421
-0.73556
-0.742408
-0.748963
-0.755214
-0.761159
-0.766791
-0.772108
-0.777102
-0.781773
-0.786117
-0.790131
-0.793814
-0.797164
-0.80018
-0.802862
-0.805212
-0.807231
-0.80892
-0.810282
-0.811317
-0.812028
-0.812419
-0.812493
-0.812255
-0.811708
-0.81086
-0.809714
-0.808278
-0.806558
-0.804563
-0.802299
-0.799776
-0.797003
-0.793991
-0.790748
-0.787289
-0.783622
-0.779764
-0.775725
-0.771524
-0.767172
-0.76269
-0.75809
-0.753397
-0.748625
-0.743802
-0.738944
-0.734083
-0.729236
-0.724442
-0.71972
-0.715115
-0.71065
-0.706376
-0.702324
-0.698552
-0.695098
-0.692034
-0.689404
-0.687296
-0.685767
-0.684918
-0.684823
-0.685606
-0.687366
-0.690277
-0.694515
-0.700392
-0.708288
-0.718778
-0.732483
-0.750107
-0.772198
-0.799194
-0.831261
-0.868452
-0.910626
-0.957616
-1.00914
-1.06496
-1.12476
-1.18829
-1.25525
-1.32542
-1.39853
-1.47437
-1.55269
-1.63331
-1.71602
-1.80068
-1.88706
-1.97496
-2.06417
-2.15455
-2.2459
-2.33807
-2.43086
-2.52411
-2.61766
-2.71139
-2.80512
-2.89859
-2.99159
-3.08391
-3.17531
-3.26555
-3.35434
-3.44139
-3.52636
-3.60886
-3.68849
-3.76477
-3.8372
-3.90518
-3.9681
-4.02522
-4.07581
-4.11902
-4.154
-4.17978
-4.1954
-4.19996
-4.19362
-4.17516
-4.14242
-4.09462
-4.03138
-3.95237
-3.85776
-3.74791
-3.62349
-3.48542
-3.33494
-3.1735
-3.00276
-2.82448
-2.64059
-2.45289
-2.26258
-2.0713
-1.88139
-1.69437
-1.51152
-1.33393
-1.16255
-0.99806
-0.841069
-0.692146
-0.551651
-0.419775
-0.296601
-0.182113
-0.0762294
0.0212111
0.110432
0.191708
0.265346
0.331676
0.391053
0.443837
0.490398
0.531102
0.566311
0.596377
0.621642
0.642435
0.659062
0.671801
0.680937
0.687031
0.690646
0.688664
0.667172
-0.220799
-0.22109
-0.221762
-0.222841
-0.224321
-0.226197
-0.228469
-0.231136
-0.234194
-0.237641
-0.241472
-0.245684
-0.25027
-0.255226
-0.260544
-0.266218
-0.272239
-0.278601
-0.285292
-0.292307
-0.299633
-0.307261
-0.31518
-0.323379
-0.331846
-0.34057
-0.349537
-0.358736
-0.368152
-0.377775
-0.387587
-0.397579
-0.407731
-0.418035
-0.428472
-0.43903
-0.449691
-0.460445
-0.471272
-0.482161
-0.493094
-0.50406
-0.515039
-0.52602
-0.536986
-0.547925
-0.558818
-0.569656
-0.580419
-0.591099
-0.601677
-0.612144
-0.622482
-0.632682
-0.642728
-0.652612
-0.662317
-0.671836
-0.681154
-0.690263
-0.699149
-0.707807
-0.716222
-0.724389
-0.732297
-0.73994
-0.747307
-0.754395
-0.761193
-0.767698
-0.773902
-0.779802
-0.785391
-0.790667
-0.795625
-0.800264
-0.804578
-0.808568
-0.812232
-0.815569
-0.818577
-0.821259
-0.823615
-0.82565
-0.827363
-0.828759
-0.829839
-0.830607
-0.831066
-0.831222
-0.83108
-0.830644
-0.829921
-0.828918
-0.827642
-0.826102
-0.824306
-0.822262
-0.819982
-0.817474
-0.814753
-0.811827
-0.808712
-0.805419
-0.801966
-0.798364
-0.794634
-0.790788
-0.78685
-0.782834
-0.778767
-0.774664
-0.770557
-0.766461
-0.762413
-0.758432
-0.754557
-0.750812
-0.747241
-0.743872
-0.740758
-0.737929
-0.735448
-0.733351
-0.731714
-0.730581
-0.730038
-0.730144
-0.730999
-0.732676
-0.735297
-0.738958
-0.743829
-0.750071
-0.75797
-0.767853
-0.78022
-0.795608
-0.814652
-0.83787
-0.865708
-0.898375
-0.935972
-0.978405
-1.02554
-1.07714
-1.13296
-1.19271
-1.25613
-1.32294
-1.3929
-1.46574
-1.54124
-1.61918
-1.69936
-1.78157
-1.86565
-1.9514
-2.03866
-2.12724
-2.21701
-2.30779
-2.39945
-2.49183
-2.58478
-2.67816
-2.77184
-2.8656
-2.95927
-3.05269
-3.14564
-3.23794
-3.32936
-3.41964
-3.50849
-3.59561
-3.68061
-3.76309
-3.84256
-3.91849
-3.99026
-4.05718
-4.11847
-4.17328
-4.22064
-4.25956
-4.2889
-4.30754
-4.31438
-4.30917
-4.29064
-4.25673
-4.20641
-4.13926
-4.05503
-3.95385
-3.83618
-3.70293
-3.55528
-3.39477
-3.22313
-3.04232
-2.85439
-2.66148
-2.46562
-2.26877
-2.07242
-1.87839
-1.68826
-1.50338
-1.32483
-1.15351
-0.990098
-0.835125
-0.688954
-0.551815
-0.423787
-0.30485
-0.194884
-0.0937017
-0.00105084
0.0833678
0.159893
0.228888
0.290732
0.345819
0.39454
0.437289
0.474452
0.506406
0.533513
0.556123
0.574568
0.589156
0.600165
0.60787
0.612777
0.61546
0.613387
0.593692
-0.241097
-0.241397
-0.242079
-0.243173
-0.244669
-0.246564
-0.248858
-0.251549
-0.254632
-0.258107
-0.261967
-0.266209
-0.270826
-0.275814
-0.281164
-0.286872
-0.292926
-0.299322
-0.306047
-0.313095
-0.320454
-0.328114
-0.336064
-0.344294
-0.35279
-0.361543
-0.370536
-0.379761
-0.389201
-0.398846
-0.408678
-0.418688
-0.428857
-0.439174
-0.449623
-0.46019
-0.470859
-0.481618
-0.492447
-0.503336
-0.514267
-0.525227
-0.536198
-0.547169
-0.558122
-0.569045
-0.57992
-0.590737
-0.601477
-0.612131
-0.622681
-0.633117
-0.643422
-0.653588
-0.663597
-0.673442
-0.683106
-0.692582
-0.701856
-0.71092
-0.71976
-0.72837
-0.736737
-0.744856
-0.752715
-0.760308
-0.767627
-0.774666
-0.781416
-0.787875
-0.794034
-0.799891
-0.805439
-0.810677
-0.8156
-0.820206
-0.824492
-0.828458
-0.832102
-0.835425
-0.838425
-0.841105
-0.843466
-0.845514
-0.84725
-0.848677
-0.849799
-0.85062
-0.851144
-0.851377
-0.851325
-0.850993
-0.850391
-0.849523
-0.8484
-0.84703
-0.845423
-0.843588
-0.841538
-0.839282
-0.836836
-0.83421
-0.831422
-0.828481
-0.82541
-0.822219
-0.818931
-0.815561
-0.812133
-0.808663
-0.805179
-0.801699
-0.798255
-0.794866
-0.791569
-0.788384
-0.785354
-0.782503
-0.779878
-0.777507
-0.775444
-0.773721
-0.772401
-0.771523
-0.77116
-0.771357
-0.7722
-0.773744
-0.776091
-0.779308
-0.783516
-0.788806
-0.79534
-0.803263
-0.812831
-0.824319
-0.838153
-0.854787
-0.87478
-0.898609
-0.926722
-0.959362
-0.996686
-1.03866
-1.0852
-1.13609
-1.19114
-1.25007
-1.31264
-1.37857
-1.44761
-1.5195
-1.59403
-1.67097
-1.75011
-1.83127
-1.91426
-1.9989
-2.08504
-2.17252
-2.26119
-2.35091
-2.44155
-2.53297
-2.62505
-2.71765
-2.81066
-2.90393
-2.99732
-3.09068
-3.18385
-3.27666
-3.3689
-3.46036
-3.55076
-3.63982
-3.72717
-3.81242
-3.89506
-3.97454
-4.05018
-4.12124
-4.18682
-4.24593
-4.29742
-4.34008
-4.37254
-4.39341
-4.4013
-4.3951
-4.37373
-4.3356
-4.27923
-4.20423
-4.11059
-3.9987
-3.86933
-3.72382
-3.56375
-3.39108
-3.20789
-3.01648
-2.81915
-2.61824
-2.41591
-2.21422
-2.01498
-1.81985
-1.63023
-1.44729
-1.27196
-1.10497
-0.946806
-0.797832
-0.658225
-0.52805
-0.407241
-0.295652
-0.19305
-0.0991505
-0.0136174
0.0639161
0.133844
0.196572
0.252516
0.30209
0.345706
0.383766
0.416663
0.444772
0.468455
0.488054
0.503893
0.516272
0.525462
0.531713
0.535461
0.537275
0.535406
0.518687
-0.262447
-0.262756
-0.263451
-0.264559
-0.266074
-0.267991
-0.270309
-0.273027
-0.276139
-0.279645
-0.283537
-0.287814
-0.292466
-0.297491
-0.302879
-0.308625
-0.314718
-0.321153
-0.327918
-0.335005
-0.342403
-0.350102
-0.35809
-0.366357
-0.374889
-0.383677
-0.392704
-0.401962
-0.411433
-0.421107
-0.430967
-0.441002
-0.451196
-0.461535
-0.472003
-0.482588
-0.493272
-0.504043
-0.514882
-0.525779
-0.536715
-0.547677
-0.558648
-0.569616
-0.580563
-0.591478
-0.602342
-0.613145
-0.623869
-0.634504
-0.645032
-0.655444
-0.665723
-0.675859
-0.685837
-0.695649
-0.705278
-0.714716
-0.723951
-0.732974
-0.741772
-0.750338
-0.758661
-0.766734
-0.774547
-0.782094
-0.789367
-0.796359
-0.803064
-0.809478
-0.815593
-0.821407
-0.826915
-0.832114
-0.837
-0.841573
-0.84583
-0.84977
-0.853393
-0.856699
-0.859687
-0.862361
-0.864722
-0.866778
-0.86853
-0.869983
-0.87114
-0.872006
-0.872587
-0.872888
-0.872917
-0.872679
-0.872184
-0.87144
-0.870455
-0.86924
-0.867805
-0.866161
-0.864321
-0.862296
-0.860102
-0.85775
-0.855259
-0.852641
-0.849917
-0.8471
-0.844215
-0.841276
-0.838309
-0.835332
-0.832375
-0.829455
-0.826606
-0.823849
-0.821221
-0.818744
-0.816463
-0.814401
-0.812608
-0.81111
-0.809964
-0.809202
-0.808887
-0.809056
-0.809782
-0.81111
-0.813123
-0.815875
-0.819463
-0.823952
-0.829459
-0.836069
-0.843931
-0.853176
-0.864028
-0.876717
-0.891599
-0.909046
-0.929541
-0.95351
-0.981384
-1.01343
-1.04986
-1.09069
-1.1359
-1.18534
-1.23884
-1.29615
-1.35707
-1.42131
-1.48865
-1.55883
-1.63164
-1.70683
-1.78423
-1.86362
-1.94484
-2.02771
-2.11209
-2.19782
-2.28478
-2.37283
-2.46185
-2.55173
-2.64238
-2.73367
-2.82551
-2.9178
-3.01042
-3.10328
-3.19623
-3.28916
-3.3819
-3.47428
-3.56606
-3.65698
-3.74671
-3.83487
-3.92096
-4.00439
-4.08443
-4.16023
-4.23074
-4.29473
-4.35077
-4.39724
-4.43231
-4.45408
-4.46068
-4.45057
-4.42228
-4.37418
-4.30511
-4.21498
-4.10429
-3.97423
-3.82651
-3.66332
-3.48689
-3.29965
-3.10408
-2.90273
-2.69803
-2.49236
-2.28782
-2.08635
-1.88956
-1.69887
-1.51538
-1.34001
-1.17339
-1.01598
-0.868062
-0.729749
-0.601025
-0.481782
-0.371804
-0.270823
-0.178501
-0.0944741
-0.0183404
0.0503137
0.111916
0.166893
0.215672
0.258671
0.296298
0.328945
0.356992
0.380798
0.400705
0.417036
0.430093
0.440156
0.447477
0.452281
0.45491
0.455915
0.454453
0.441643
-0.284858
-0.285176
-0.285885
-0.28701
-0.288545
-0.290486
-0.292831
-0.295577
-0.298722
-0.302261
-0.30619
-0.310504
-0.315197
-0.320262
-0.325693
-0.331481
-0.337618
-0.344097
-0.350907
-0.358038
-0.36548
-0.373224
-0.381256
-0.389566
-0.398141
-0.40697
-0.416038
-0.425335
-0.434844
-0.444554
-0.454449
-0.464518
-0.474742
-0.48511
-0.495605
-0.506215
-0.516921
-0.527711
-0.538569
-0.54948
-0.560428
-0.5714
-0.582378
-0.59335
-0.604298
-0.615211
-0.626071
-0.636867
-0.647581
-0.658203
-0.668715
-0.679109
-0.689367
-0.699479
-0.709432
-0.719214
-0.728813
-0.738218
-0.747418
-0.756404
-0.765163
-0.773689
-0.78197
-0.790001
-0.79777
-0.805272
-0.812499
-0.819447
-0.826107
-0.832475
-0.838546
-0.844317
-0.849783
-0.854942
-0.85979
-0.864328
-0.868551
-0.872462
-0.876059
-0.879342
-0.882314
-0.884975
-0.88733
-0.889385
-0.891146
-0.892614
-0.893796
-0.894697
-0.895322
-0.895678
-0.895773
-0.895614
-0.895211
-0.894571
-0.893706
-0.892624
-0.891339
-0.889861
-0.888205
-0.886381
-0.884408
-0.882296
-0.880065
-0.877729
-0.87531
-0.87282
-0.870287
-0.867724
-0.86516
-0.862611
-0.86011
-0.857673
-0.855338
-0.853123
-0.851068
-0.849195
-0.847549
-0.846154
-0.84506
-0.844293
-0.84391
-0.843943
-0.844453
-0.845477
-0.847086
-0.849322
-0.852268
-0.855972
-0.860529
-0.865999
-0.872493
-0.880089
-0.888925
-0.899116
-0.910855
-0.924333
-0.939842
-0.957685
-0.978263
-1.00194
-1.02913
-1.0601
-1.09508
-1.13417
-1.17739
-1.22465
-1.27584
-1.33075
-1.3892
-1.45094
-1.51576
-1.5834
-1.65366
-1.72631
-1.80116
-1.87801
-1.95669
-2.03704
-2.1189
-2.20215
-2.28665
-2.37229
-2.45898
-2.54661
-2.6351
-2.72438
-2.81438
-2.90504
-2.99627
-3.08804
-3.18025
-3.27285
-3.36573
-3.45878
-3.55184
-3.64474
-3.73718
-3.82886
-3.91931
-4.00795
-4.09401
-4.17651
-4.25419
-4.32546
-4.38834
-4.44045
-4.47896
-4.50073
-4.50269
-4.48268
-4.43867
-4.36937
-4.27493
-4.15635
-4.01542
-3.85513
-3.67935
-3.49188
-3.29562
-3.09319
-2.88705
-2.67961
-2.473
-2.26918
-2.06983
-1.87639
-1.69
-1.51161
-1.34188
-1.18131
-1.03018
-0.888632
-0.756662
-0.634169
-0.520944
-0.416724
-0.321176
-0.233939
-0.154612
-0.0827873
-0.0180361
0.0400651
0.0919428
0.138013
0.178683
0.214345
0.24538
0.272147
0.294992
0.314238
0.330194
0.343145
0.353363
0.361094
0.366566
0.369967
0.371539
0.371792
0.370858
0.362557
-0.308311
-0.30864
-0.309363
-0.310507
-0.312064
-0.31403
-0.316404
-0.319182
-0.322361
-0.325938
-0.329906
-0.334261
-0.338997
-0.344107
-0.349583
-0.355419
-0.361605
-0.368132
-0.374991
-0.382172
-0.389664
-0.397457
-0.405539
-0.413898
-0.422521
-0.431398
-0.440513
-0.449855
-0.459408
-0.469161
-0.479098
-0.489205
-0.499467
-0.509872
-0.5204
-0.531041
-0.541777
-0.552595
-0.563476
-0.574409
-0.585376
-0.596365
-0.607356
-0.618339
-0.629295
-0.640213
-0.651075
-0.66187
-0.67258
-0.683195
-0.693698
-0.704079
-0.714321
-0.724416
-0.734347
-0.744105
-0.753677
-0.763054
-0.772222
-0.781175
-0.789898
-0.798387
-0.806629
-0.814618
-0.822345
-0.829804
-0.836987
-0.843889
-0.850504
-0.856827
-0.862852
-0.868579
-0.874
-0.879116
-0.883923
-0.88842
-0.892607
-0.896482
-0.900047
-0.903302
-0.906249
-0.908889
-0.911228
-0.913273
-0.91503
-0.916503
-0.917696
-0.918617
-0.919271
-0.919666
-0.919809
-0.919709
-0.919376
-0.918818
-0.918048
-0.917074
-0.915911
-0.914568
-0.913063
-0.911406
-0.909615
-0.907702
-0.905688
-0.903587
-0.901421
-0.899204
-0.896963
-0.894712
-0.892481
-0.890287
-0.888162
-0.886123
-0.884208
-0.882435
-0.880845
-0.87946
-0.878324
-0.877461
-0.876921
-0.87673
-0.876943
-0.877591
-0.878734
-0.880407
-0.882679
-0.88559
-0.889217
-0.893607
-0.898848
-0.904997
-0.912157
-0.920398
-0.929847
-0.940603
-0.952833
-0.966691
-0.982419
-1.00025
-1.02053
-1.04354
-1.06965
-1.09912
-1.13221
-1.16904
-1.2097
-1.25415
-1.30234
-1.35411
-1.40931
-1.46774
-1.52921
-1.59347
-1.66034
-1.72959
-1.80104
-1.8745
-1.9498
-2.02677
-2.10529
-2.1852
-2.26642
-2.34882
-2.43232
-2.51685
-2.60236
-2.68878
-2.77609
-2.86425
-2.95326
-3.0431
-3.13377
-3.22526
-3.31756
-3.41064
-3.50445
-3.59891
-3.69386
-3.78907
-3.8842
-3.97874
-4.07193
-4.16276
-4.24974
-4.33092
-4.40363
-4.46443
-4.50874
-4.53071
-4.52387
-4.48455
-4.41125
-4.30445
-4.1667
-4.00062
-3.81036
-3.60276
-3.38724
-3.1709
-2.95594
-2.74337
-2.53445
-2.33055
-2.13282
-1.94221
-1.75947
-1.5852
-1.4198
-1.26356
-1.11662
-0.979018
-0.850657
-0.731395
-0.620991
-0.519173
-0.425606
-0.339942
-0.261794
-0.190776
-0.126485
-0.0685225
-0.016489
0.030003
0.0713368
0.107878
0.139984
0.167992
0.192228
0.212997
0.230592
0.245285
0.257335
0.266981
0.27445
0.279949
0.283673
0.285771
0.286377
0.285946
0.285553
0.281997
-0.332775
-0.333115
-0.333854
-0.335017
-0.336598
-0.338592
-0.340996
-0.343808
-0.347024
-0.35064
-0.35465
-0.35905
-0.363832
-0.36899
-0.374516
-0.380403
-0.386641
-0.393221
-0.400134
-0.40737
-0.414916
-0.422764
-0.4309
-0.439313
-0.44799
-0.45692
-0.466088
-0.475481
-0.485085
-0.494887
-0.504871
-0.515025
-0.525331
-0.535778
-0.546347
-0.557026
-0.567798
-0.578649
-0.589562
-0.600523
-0.611516
-0.622528
-0.63354
-0.64454
-0.655511
-0.66644
-0.67731
-0.68811
-0.698822
-0.709436
-0.719935
-0.730309
-0.740541
-0.750621
-0.760536
-0.770275
-0.779825
-0.789176
-0.798317
-0.807239
-0.815929
-0.824383
-0.832587
-0.840537
-0.848223
-0.855639
-0.862778
-0.869635
-0.876203
-0.882479
-0.888457
-0.894136
-0.89951
-0.904579
-0.90934
-0.913792
-0.917935
-0.921769
-0.925293
-0.928512
-0.931424
-0.934033
-0.936345
-0.938368
-0.940107
-0.941569
-0.942758
-0.943681
-0.944346
-0.944759
-0.944929
-0.944865
-0.944578
-0.944075
-0.943371
-0.942474
-0.941399
-0.940157
-0.938765
-0.937233
-0.935581
-0.933821
-0.931975
-0.930054
-0.928084
-0.926078
-0.924063
-0.922054
-0.92008
-0.918159
-0.916322
-0.914587
-0.912991
-0.911554
-0.910313
-0.909292
-0.908534
-0.908061
-0.907923
-0.908146
-0.908781
-0.909859
-0.911437
-0.913549
-0.916259
-0.919605
-0.92366
-0.928467
-0.934108
-0.940634
-0.948141
-0.956692
-0.966399
-0.977349
-0.989685
-1.00353
-1.01909
-1.03653
-1.05614
-1.07814
-1.10284
-1.13049
-1.16132
-1.1955
-1.23314
-1.27426
-1.31886
-1.36685
-1.41811
-1.47248
-1.5298
-1.58986
-1.6525
-1.7175
-1.78469
-1.85387
-1.9249
-1.99762
-2.07188
-2.14756
-2.22457
-2.3028
-2.38219
-2.46267
-2.54422
-2.62682
-2.71045
-2.79516
-2.88098
-2.96796
-3.0562
-3.14581
-3.23689
-3.32959
-3.42407
-3.52048
-3.61897
-3.71967
-3.82264
-3.92782
-4.03494
-4.1434
-4.25196
-4.35845
-4.45931
-4.54885
-4.61784
-4.65128
-4.62752
-4.53585
-4.38586
-4.1899
-3.9551
-3.68768
-3.39704
-3.09954
-2.82202
-2.5788
-2.36227
-2.16417
-1.98008
-1.80762
-1.64523
-1.49201
-1.34738
-1.21103
-1.08273
-0.962328
-0.849659
-0.744565
-0.64684
-0.556279
-0.472626
-0.395626
-0.324986
-0.260419
-0.201609
-0.148254
-0.100035
-0.0566482
-0.0177821
0.0168583
0.0475675
0.0746242
0.0983019
0.118858
0.136542
0.151589
0.164222
0.174652
0.183079
0.189686
0.194652
0.198137
0.200301
0.201248
0.201013
0.199972
0.200064
0.201082
-0.358198
-0.358551
-0.359306
-0.360491
-0.362096
-0.364119
-0.366556
-0.369404
-0.372659
-0.376317
-0.380372
-0.384819
-0.38965
-0.39486
-0.400439
-0.40638
-0.412674
-0.419311
-0.426282
-0.433576
-0.441181
-0.449089
-0.457284
-0.465757
-0.474493
-0.483481
-0.492707
-0.502157
-0.511817
-0.521674
-0.531712
-0.541918
-0.552275
-0.56277
-0.573386
-0.584111
-0.594925
-0.605816
-0.616767
-0.627764
-0.638789
-0.649831
-0.660869
-0.671894
-0.682885
-0.693832
-0.704717
-0.715528
-0.726249
-0.736867
-0.747368
-0.757739
-0.767966
-0.778038
-0.787941
-0.797665
-0.807196
-0.816526
-0.825642
-0.834536
-0.843197
-0.851617
-0.859786
-0.867697
-0.875343
-0.882716
-0.88981
-0.896621
-0.903141
-0.909368
-0.915296
-0.920924
-0.926247
-0.931264
-0.935973
-0.940374
-0.944466
-0.94825
-0.951726
-0.954898
-0.957765
-0.960332
-0.962603
-0.964588
-0.966294
-0.967728
-0.968894
-0.9698
-0.970454
-0.970863
-0.971036
-0.970981
-0.970711
-0.970234
-0.969563
-0.968709
-0.967686
-0.966505
-0.965183
-0.963732
-0.962171
-0.960512
-0.958777
-0.95698
-0.955143
-0.953281
-0.951421
-0.949578
-0.947781
-0.946046
-0.944405
-0.942877
-0.941495
-0.94028
-0.93927
-0.938485
-0.937969
-0.937742
-0.937852
-0.938324
-0.939207
-0.940529
-0.942346
-0.944686
-0.947614
-0.95116
-0.955395
-0.960356
-0.96612
-0.972732
-0.980279
-0.988817
-0.998446
-1.00924
-1.02132
-1.03479
-1.0498
-1.06651
-1.08511
-1.1058
-1.12882
-1.15437
-1.18269
-1.21392
-1.24821
-1.28562
-1.32619
-1.36987
-1.41661
-1.46628
-1.51877
-1.5739
-1.63152
-1.69145
-1.75353
-1.81758
-1.88346
-1.951
-2.02008
-2.09058
-2.16241
-2.23546
-2.30969
-2.38504
-2.4615
-2.53907
-2.61778
-2.69768
-2.77885
-2.86142
-2.94553
-3.03138
-3.11918
-3.20923
-3.30183
-3.39734
-3.49617
-3.59874
-3.70547
-3.81672
-3.93265
-4.05312
-4.17727
-4.30285
-4.42643
-4.5433
-4.64899
-4.72428
-4.6751
-4.47986
-4.21978
-3.91802
-3.57227
-3.18593
-2.76625
-2.336
-2.00422
-1.79615
-1.62439
-1.46927
-1.33254
-1.21132
-1.10123
-0.999587
-0.904886
-0.816234
-0.73301
-0.654847
-0.581483
-0.512762
-0.448542
-0.388719
-0.333168
-0.281778
-0.23441
-0.190929
-0.151178
-0.115001
-0.0822231
-0.0526774
-0.026182
-0.00256335
0.0183601
0.0367609
0.0528146
0.0666872
0.0785448
0.0885429
0.0968355
0.103565
0.108873
0.112887
0.115733
0.117528
0.118393
0.118393
0.11747
0.115914
0.116357
0.12142
-0.38452
-0.384886
-0.38566
-0.386866
-0.388499
-0.390552
-0.393022
-0.395908
-0.399205
-0.402907
-0.407009
-0.411505
-0.416389
-0.421652
-0.427287
-0.433287
-0.439639
-0.446338
-0.453369
-0.460726
-0.468395
-0.476366
-0.484625
-0.493162
-0.501962
-0.511014
-0.520303
-0.529816
-0.539538
-0.549456
-0.559553
-0.569817
-0.580231
-0.590781
-0.60145
-0.612226
-0.623089
-0.634027
-0.645022
-0.656061
-0.667126
-0.678203
-0.689275
-0.70033
-0.711349
-0.72232
-0.733225
-0.744054
-0.754788
-0.765417
-0.775925
-0.786299
-0.796526
-0.806594
-0.81649
-0.826203
-0.83572
-0.845032
-0.854126
-0.862996
-0.871628
-0.880017
-0.888151
-0.896026
-0.903631
-0.910962
-0.918011
-0.924773
-0.931244
-0.937419
-0.943294
-0.948866
-0.954132
-0.959092
-0.963743
-0.968085
-0.972118
-0.975843
-0.979261
-0.982375
-0.985185
-0.987696
-0.989912
-0.991843
-0.993498
-0.994884
-0.996008
-0.996875
-0.997494
-0.997872
-0.99802
-0.997946
-0.997662
-0.997177
-0.996505
-0.995655
-0.994644
-0.993481
-0.992185
-0.990766
-0.989244
-0.987632
-0.985951
-0.984214
-0.982445
-0.980658
-0.978878
-0.977122
-0.975417
-0.973779
-0.97224
-0.970817
-0.969543
-0.968437
-0.967537
-0.966862
-0.966451
-0.966327
-0.966534
-0.967093
-0.968054
-0.969439
-0.971303
-0.973672
-0.976603
-0.980126
-0.984305
-0.989173
-0.994799
-1.00122
-1.00853
-1.01675
-1.02599
-1.03631
-1.0478
-1.06056
-1.0747
-1.09035
-1.10765
-1.12676
-1.14786
-1.17112
-1.19673
-1.22482
-1.25556
-1.28901
-1.32526
-1.36428
-1.40608
-1.45057
-1.49767
-1.54726
-1.59921
-1.65336
-1.70958
-1.76771
-1.8276
-1.88911
-1.95213
-2.01652
-2.0822
-2.14908
-2.2171
-2.28624
-2.35646
-2.4278
-2.50029
-2.57404
-2.64916
-2.72584
-2.80431
-2.88491
-2.96803
-3.05421
-3.14413
-3.2387
-3.33906
-3.44674
-3.5637
-3.69249
-3.83644
-4.00086
-4.19309
-4.4209
-4.69242
-5.02942
-5.49555
-6.09079
-5.96647
-5.04457
-4.18245
-3.42191
-2.65917
-1.83422
-0.873021
0.237784
0.638354
0.255054
-0.0425568
-0.195846
-0.288027
-0.348712
-0.38409
-0.399474
-0.400279
-0.39074
-0.373911
-0.352106
-0.327058
-0.300114
-0.27227
-0.244301
-0.216769
-0.190107
-0.164614
-0.140516
-0.117951
-0.0970155
-0.0777484
-0.0601666
-0.044249
-0.0299636
-0.0172534
-0.0060582
0.00369868
0.0120926
0.0192094
0.0251304
0.0299438
0.033731
0.0365785
0.0385633
0.0397671
0.0402645
0.0401411
0.039427
0.037987
0.0360201
0.0366598
0.0449194
-0.411665
-0.412046
-0.412838
-0.414068
-0.415728
-0.417813
-0.42032
-0.423245
-0.426584
-0.430333
-0.434484
-0.439032
-0.44397
-0.44929
-0.454984
-0.461044
-0.467459
-0.474221
-0.481318
-0.488741
-0.496477
-0.504515
-0.512843
-0.521448
-0.530317
-0.539438
-0.548794
-0.558375
-0.568164
-0.578148
-0.588311
-0.598639
-0.609115
-0.619727
-0.630456
-0.641288
-0.652207
-0.663198
-0.674244
-0.685332
-0.696442
-0.707562
-0.718674
-0.729766
-0.740818
-0.75182
-0.762752
-0.773604
-0.784359
-0.795004
-0.805524
-0.815907
-0.826139
-0.836208
-0.8461
-0.855807
-0.865313
-0.874611
-0.883687
-0.892534
-0.901141
-0.9095
-0.917601
-0.925439
-0.933004
-0.940292
-0.947294
-0.954008
-0.960426
-0.966546
-0.972363
-0.977876
-0.98308
-0.987976
-0.992562
-0.996838
-1.0008
-1.00446
-1.00781
-1.01085
-1.01359
-1.01603
-1.01818
-1.02003
-1.02162
-1.02294
-1.024
-1.0248
-1.02536
-1.02568
-1.02577
-1.02565
-1.02532
-1.02479
-1.02408
-1.02319
-1.02215
-1.02096
-1.01964
-1.01821
-1.01667
-1.01505
-1.01336
-1.01162
-1.00985
-1.00806
-1.00629
-1.00454
-1.00284
-1.00121
-0.999678
-0.99826
-0.996988
-0.99588
-0.994971
-0.99428
-0.993844
-0.993684
-0.99384
-0.994333
-0.995208
-0.996487
-0.998218
-1.00043
-1.00316
-1.00645
-1.01036
-1.0149
-1.02016
-1.02615
-1.03294
-1.04059
-1.04916
-1.05871
-1.06933
-1.08108
-1.09406
-1.10836
-1.12411
-1.1414
-1.16039
-1.1812
-1.20397
-1.22884
-1.25592
-1.28531
-1.31709
-1.35127
-1.38789
-1.4269
-1.46826
-1.51188
-1.55767
-1.6055
-1.65526
-1.70681
-1.76002
-1.81476
-1.87091
-1.92835
-1.987
-2.04676
-2.10756
-2.16937
-2.23216
-2.29594
-2.36074
-2.42665
-2.49377
-2.56227
-2.63239
-2.70442
-2.77875
-2.85593
-2.93661
-3.0217
-3.11236
-3.21008
-3.31683
-3.4356
-3.57044
-3.72598
-3.90866
-4.12778
-4.3932
-4.72623
-5.19352
-5.79656
-5.621
-4.582
-3.61689
-2.77641
-1.94524
-1.05981
-0.0442673
1.11114
1.48393
1.00273
0.612722
0.384626
0.225559
0.102966
0.011194
-0.0549888
-0.101452
-0.132941
-0.152962
-0.164241
-0.168895
-0.168612
-0.164697
-0.158198
-0.14992
-0.140514
-0.130471
-0.12019
-0.109965
-0.100032
-0.0905553
-0.0816655
-0.0734442
-0.0659527
-0.0592188
-0.0532597
-0.048069
-0.043636
-0.0399337
-0.036935
-0.034601
-0.0328963
-0.0317758
-0.031202
-0.0311283
-0.0315137
-0.032301
-0.0334885
-0.0352662
-0.0375208
-0.0368571
-0.0264352
-0.439546
-0.439943
-0.440756
-0.44201
-0.443699
-0.445817
-0.448361
-0.451327
-0.45471
-0.458506
-0.462708
-0.46731
-0.472305
-0.477684
-0.483439
-0.489562
-0.496043
-0.502871
-0.510037
-0.517529
-0.525336
-0.533446
-0.541846
-0.550524
-0.559466
-0.568659
-0.578089
-0.587743
-0.597604
-0.60766
-0.617893
-0.628291
-0.638835
-0.649514
-0.660308
-0.671204
-0.682185
-0.693236
-0.704339
-0.715481
-0.726643
-0.737813
-0.748972
-0.760106
-0.771199
-0.782237
-0.793202
-0.804084
-0.814864
-0.825531
-0.836069
-0.846466
-0.856708
-0.866783
-0.876677
-0.886381
-0.89588
-0.905167
-0.914228
-0.923055
-0.931638
-0.939969
-0.948039
-0.95584
-0.963365
-0.970609
-0.977564
-0.984226
-0.990589
-0.996651
-1.00241
-1.00785
-1.01299
-1.01782
-1.02233
-1.02653
-1.03042
-1.03399
-1.03726
-1.04022
-1.04288
-1.04523
-1.04729
-1.04905
-1.05055
-1.05178
-1.05275
-1.05346
-1.05393
-1.05417
-1.05418
-1.05397
-1.05356
-1.05295
-1.05216
-1.0512
-1.05008
-1.04882
-1.04743
-1.04592
-1.04431
-1.04262
-1.04086
-1.03906
-1.03722
-1.03536
-1.03352
-1.03169
-1.02992
-1.02821
-1.02659
-1.02507
-1.0237
-1.02248
-1.02145
-1.02062
-1.02004
-1.01971
-1.01968
-1.01996
-1.0206
-1.02161
-1.02304
-1.02492
-1.02728
-1.03015
-1.03359
-1.03761
-1.04227
-1.04761
-1.05368
-1.06051
-1.06818
-1.07672
-1.08621
-1.0967
-1.10828
-1.12101
-1.13498
-1.15027
-1.16699
-1.18522
-1.20509
-1.22669
-1.25011
-1.27543
-1.30274
-1.33207
-1.36346
-1.39689
-1.43235
-1.46979
-1.50915
-1.55033
-1.59325
-1.63777
-1.68381
-1.73123
-1.77993
-1.82978
-1.8807
-1.93259
-1.98537
-2.03899
-2.09339
-2.14858
-2.20454
-2.26132
-2.319
-2.37768
-2.43756
-2.49886
-2.5619
-2.62714
-2.69517
-2.76678
-2.84301
-2.92529
-3.01594
-3.11849
-3.2377
-3.37906
-3.54887
-3.75467
-4.00598
-4.32489
-4.77919
-5.37423
-5.19569
-4.15848
-3.20153
-2.37436
-1.56222
-0.701224
0.286747
1.4136
1.76022
1.25779
0.847744
0.599565
0.420992
0.279563
0.169519
0.0856472
0.0221544
-0.0256285
-0.0611516
-0.0870944
-0.105543
-0.118168
-0.126275
-0.130919
-0.132927
-0.132973
-0.131585
-0.129196
-0.126139
-0.12269
-0.119054
-0.115405
-0.111863
-0.10853
-0.105472
-0.102744
-0.100375
-0.0983889
-0.0967911
-0.0955862
-0.0947639
-0.0943178
-0.0942288
-0.0944849
-0.0950638
-0.0959477
-0.097101
-0.0985403
-0.100489
-0.102908
-0.10235
-0.0908756
-0.468063
-0.468477
-0.469311
-0.470591
-0.472309
-0.474461
-0.477043
-0.480052
-0.483481
-0.487326
-0.491581
-0.496238
-0.501291
-0.506731
-0.51255
-0.518739
-0.525287
-0.532185
-0.539422
-0.546987
-0.554867
-0.563053
-0.571528
-0.580283
-0.589302
-0.598573
-0.608081
-0.617812
-0.62775
-0.637883
-0.648192
-0.658665
-0.669284
-0.680035
-0.690901
-0.701867
-0.712915
-0.724032
-0.735199
-0.746402
-0.757623
-0.768848
-0.780059
-0.791244
-0.802383
-0.813463
-0.824469
-0.835386
-0.846198
-0.856892
-0.867454
-0.87787
-0.888127
-0.898213
-0.908113
-0.917818
-0.927315
-0.936594
-0.945643
-0.954453
-0.963014
-0.971319
-0.979357
-0.987123
-0.994608
-1.00181
-1.00871
-1.01532
-1.02163
-1.02763
-1.03331
-1.03869
-1.04376
-1.0485
-1.05293
-1.05705
-1.06085
-1.06433
-1.06751
-1.07037
-1.07293
-1.07518
-1.07713
-1.07879
-1.08017
-1.08129
-1.08214
-1.08275
-1.0831
-1.08322
-1.08312
-1.08279
-1.08226
-1.08153
-1.08063
-1.07955
-1.07831
-1.07692
-1.07541
-1.07378
-1.07205
-1.07023
-1.06834
-1.0664
-1.06443
-1.06243
-1.06044
-1.05846
-1.05653
-1.05465
-1.05285
-1.05115
-1.04958
-1.04815
-1.04689
-1.04581
-1.04496
-1.04434
-1.04399
-1.04393
-1.04419
-1.0448
-1.04579
-1.04717
-1.049
-1.05129
-1.05408
-1.0574
-1.0613
-1.0658
-1.07094
-1.07677
-1.08333
-1.09066
-1.09883
-1.10786
-1.11784
-1.1288
-1.14083
-1.15397
-1.1683
-1.18389
-1.20083
-1.21916
-1.23897
-1.26032
-1.28327
-1.30785
-1.33412
-1.36206
-1.39169
-1.42297
-1.45587
-1.49032
-1.52625
-1.56358
-1.60221
-1.64203
-1.68295
-1.72484
-1.76763
-1.81119
-1.85546
-1.90034
-1.94576
-1.99169
-2.03808
-2.08492
-2.13222
-2.18002
-2.22842
-2.27753
-2.32755
-2.37878
-2.43161
-2.48659
-2.54447
-2.60693
-2.67681
-2.7569
-2.84988
-2.96019
-3.09422
-3.26024
-3.46878
-3.74363
-4.15212
-4.70741
-4.57407
-3.67286
-2.85266
-2.15037
-1.46196
-0.723815
0.145508
1.16462
1.48978
1.05137
0.697162
0.483761
0.331538
0.211892
0.118818
0.0474228
-0.0072646
-0.0491535
-0.0810888
-0.105249
-0.123303
-0.136578
-0.146101
-0.152703
-0.157029
-0.159613
-0.160869
-0.161144
-0.160705
-0.159779
-0.158536
-0.157122
-0.155644
-0.154194
-0.152835
-0.151622
-0.150589
-0.149767
-0.149169
-0.148811
-0.148694
-0.148824
-0.149194
-0.149805
-0.150648
-0.15172
-0.152997
-0.154507
-0.156483
-0.158939
-0.158589
-0.147082
-0.497104
-0.497535
-0.498391
-0.499697
-0.501447
-0.503634
-0.506255
-0.509307
-0.512783
-0.516679
-0.520987
-0.525702
-0.530814
-0.536317
-0.542201
-0.548458
-0.555076
-0.562046
-0.569357
-0.576998
-0.584955
-0.593219
-0.601774
-0.610609
-0.619709
-0.629062
-0.638651
-0.648465
-0.658485
-0.668699
-0.67909
-0.689643
-0.700342
-0.711171
-0.722114
-0.733156
-0.744278
-0.755467
-0.766703
-0.777974
-0.78926
-0.800547
-0.811818
-0.823058
-0.834249
-0.845379
-0.85643
-0.867389
-0.878238
-0.888966
-0.899557
-0.909998
-0.920275
-0.930376
-0.940288
-0.949998
-0.959496
-0.96877
-0.97781
-0.986606
-0.995147
-1.00343
-1.01144
-1.01917
-1.02661
-1.03376
-1.04062
-1.04717
-1.05341
-1.05935
-1.06497
-1.07027
-1.07525
-1.07991
-1.08425
-1.08828
-1.09198
-1.09536
-1.09843
-1.10118
-1.10362
-1.10576
-1.10758
-1.10911
-1.11037
-1.11135
-1.11206
-1.11252
-1.11274
-1.11271
-1.11246
-1.11198
-1.1113
-1.11042
-1.10935
-1.10811
-1.10671
-1.10516
-1.10347
-1.10166
-1.09975
-1.09775
-1.09568
-1.09354
-1.09136
-1.08916
-1.08695
-1.08474
-1.08257
-1.08044
-1.07838
-1.07641
-1.07454
-1.0728
-1.07121
-1.06978
-1.06855
-1.06753
-1.06676
-1.06623
-1.066
-1.06607
-1.06648
-1.06724
-1.0684
-1.06996
-1.07197
-1.07445
-1.07743
-1.08093
-1.085
-1.08967
-1.09497
-1.10093
-1.10762
-1.11504
-1.12327
-1.13234
-1.1423
-1.15319
-1.16507
-1.17798
-1.19198
-1.2071
-1.2234
-1.24092
-1.25969
-1.27975
-1.30113
-1.32383
-1.34786
-1.3732
-1.39984
-1.42773
-1.45683
-1.48705
-1.51833
-1.55058
-1.58371
-1.61761
-1.65219
-1.68734
-1.72297
-1.75897
-1.79526
-1.83175
-1.86836
-1.90502
-1.94165
-1.97822
-2.01468
-2.05099
-2.08715
-2.12317
-2.15907
-2.19491
-2.23102
-2.26854
-2.30781
-2.34841
-2.39027
-2.43323
-2.47658
-2.51864
-2.55607
-2.58425
-2.5988
-2.58317
-2.45828
-2.21998
-1.95148
-1.67429
-1.38864
-1.09784
-0.805862
-0.529377
-0.35052
-0.279883
-0.240495
-0.212535
-0.196364
-0.189495
-0.188108
-0.189655
-0.192646
-0.196171
-0.199629
-0.202683
-0.205144
-0.206957
-0.208117
-0.208684
-0.208723
-0.208327
-0.207577
-0.206567
-0.205371
-0.204066
-0.202712
-0.201369
-0.200079
-0.198884
-0.197812
-0.196892
-0.196138
-0.195568
-0.195189
-0.19501
-0.19503
-0.195258
-0.195687
-0.196324
-0.197164
-0.198208
-0.199443
-0.200897
-0.202794
-0.205182
-0.205073
-0.194368
-0.526541
-0.526991
-0.52787
-0.529203
-0.530984
-0.533207
-0.535869
-0.538964
-0.542489
-0.546436
-0.550799
-0.555572
-0.560746
-0.566313
-0.572264
-0.578591
-0.585281
-0.592326
-0.599713
-0.607432
-0.615469
-0.623814
-0.632452
-0.641371
-0.650556
-0.659995
-0.66967
-0.67957
-0.689677
-0.699977
-0.710454
-0.721093
-0.731877
-0.74279
-0.753816
-0.764939
-0.776141
-0.787408
-0.798721
-0.810065
-0.821422
-0.832778
-0.844114
-0.855416
-0.866667
-0.877852
-0.888955
-0.899961
-0.910854
-0.921621
-0.932247
-0.942718
-0.95302
-0.963142
-0.973068
-0.982789
-0.992291
-1.00156
-1.0106
-1.01938
-1.02791
-1.03616
-1.04414
-1.05184
-1.05924
-1.06635
-1.07315
-1.07964
-1.08582
-1.09169
-1.09723
-1.10245
-1.10735
-1.11192
-1.11616
-1.12008
-1.12367
-1.12694
-1.12988
-1.13251
-1.13482
-1.13683
-1.13852
-1.1399
-1.141
-1.14182
-1.14237
-1.14267
-1.14271
-1.14251
-1.14207
-1.14141
-1.14054
-1.13947
-1.13821
-1.13676
-1.13515
-1.13339
-1.13148
-1.12945
-1.12731
-1.12507
-1.12275
-1.12035
-1.11791
-1.11543
-1.11293
-1.11043
-1.10795
-1.1055
-1.1031
-1.10076
-1.09852
-1.09638
-1.09437
-1.0925
-1.0908
-1.08928
-1.08797
-1.08688
-1.08605
-1.08547
-1.0852
-1.08523
-1.0856
-1.08632
-1.08743
-1.08893
-1.09088
-1.09327
-1.09615
-1.09953
-1.10346
-1.10795
-1.11304
-1.11876
-1.12515
-1.13223
-1.14006
-1.14865
-1.15805
-1.16828
-1.17939
-1.19138
-1.20431
-1.21817
-1.233
-1.24881
-1.26562
-1.28342
-1.30223
-1.32203
-1.3428
-1.36452
-1.38715
-1.41063
-1.43491
-1.45992
-1.48557
-1.51178
-1.53845
-1.56549
-1.5928
-1.62028
-1.64781
-1.6753
-1.70265
-1.72976
-1.75652
-1.78284
-1.80863
-1.83379
-1.85823
-1.88189
-1.90468
-1.92655
-1.94801
-1.96928
-1.98986
-2.0095
-2.0279
-2.0445
-2.05829
-2.06761
-2.0698
-2.06075
-2.03397
-1.97935
-1.88337
-1.7449
-1.57827
-1.39703
-1.20977
-1.0231
-0.844524
-0.685066
-0.559859
-0.473393
-0.415313
-0.375245
-0.347001
-0.326895
-0.312355
-0.301591
-0.293364
-0.286853
-0.281486
-0.276896
-0.27282
-0.269109
-0.265648
-0.262387
-0.259282
-0.256327
-0.253511
-0.250844
-0.248327
-0.245978
-0.2438
-0.241808
-0.240005
-0.238405
-0.237006
-0.235818
-0.234838
-0.234073
-0.233517
-0.233175
-0.233041
-0.233117
-0.2334
-0.233892
-0.23459
-0.235498
-0.236603
-0.237933
-0.239686
-0.241924
-0.24206
-0.232711
-0.556237
-0.556706
-0.557608
-0.558969
-0.560783
-0.563042
-0.565745
-0.568885
-0.572458
-0.576457
-0.580877
-0.585709
-0.590945
-0.596578
-0.602598
-0.608996
-0.61576
-0.622881
-0.630347
-0.638146
-0.646267
-0.654696
-0.66342
-0.672426
-0.6817
-0.691227
-0.700993
-0.710983
-0.721181
-0.731573
-0.742141
-0.752871
-0.763745
-0.774748
-0.785862
-0.797072
-0.80836
-0.81971
-0.831105
-0.842529
-0.853963
-0.865394
-0.876802
-0.888173
-0.899489
-0.910736
-0.921896
-0.932956
-0.943898
-0.954711
-0.965376
-0.975883
-0.986216
-0.996362
-1.00631
-1.01604
-1.02555
-1.03483
-1.04386
-1.05263
-1.06114
-1.06938
-1.07733
-1.08499
-1.09235
-1.09941
-1.10616
-1.11259
-1.11871
-1.1245
-1.12996
-1.13509
-1.1399
-1.14437
-1.14851
-1.15231
-1.15578
-1.15893
-1.16174
-1.16423
-1.1664
-1.16825
-1.16979
-1.17101
-1.17193
-1.17257
-1.17293
-1.17303
-1.17288
-1.17247
-1.17183
-1.17096
-1.16986
-1.16856
-1.16706
-1.16538
-1.16352
-1.1615
-1.15933
-1.15702
-1.1546
-1.15207
-1.14944
-1.14674
-1.14397
-1.14116
-1.13831
-1.13545
-1.13259
-1.12974
-1.12693
-1.12416
-1.12146
-1.11885
-1.11634
-1.11394
-1.11169
-1.10958
-1.10766
-1.10591
-1.10439
-1.10308
-1.10203
-1.10123
-1.10072
-1.10051
-1.10063
-1.10108
-1.1019
-1.10309
-1.1047
-1.10672
-1.10919
-1.11213
-1.11557
-1.11952
-1.12403
-1.1291
-1.13477
-1.14105
-1.14799
-1.15559
-1.16388
-1.17287
-1.18257
-1.19299
-1.20414
-1.21601
-1.22861
-1.24193
-1.25597
-1.27071
-1.28614
-1.30223
-1.31896
-1.33627
-1.35412
-1.37246
-1.39122
-1.41032
-1.42969
-1.44923
-1.46886
-1.48847
-1.50797
-1.52724
-1.54617
-1.56466
-1.58258
-1.59982
-1.61623
-1.63171
-1.64612
-1.65931
-1.67114
-1.68148
-1.69043
-1.69775
-1.70292
-1.70552
-1.70501
-1.70072
-1.69168
-1.67671
-1.65431
-1.62267
-1.57965
-1.52283
-1.4501
-1.36235
-1.26384
-1.15938
-1.05292
-0.947958
-0.847931
-0.756638
-0.677802
-0.612622
-0.559175
-0.51503
-0.478357
-0.447832
-0.422331
-0.400928
-0.382839
-0.367454
-0.354259
-0.342865
-0.332941
-0.324242
-0.316557
-0.309736
-0.303644
-0.298191
-0.29329
-0.288887
-0.284925
-0.281371
-0.278188
-0.275355
-0.272845
-0.270647
-0.268738
-0.267111
-0.265749
-0.264648
-0.263793
-0.263182
-0.262803
-0.262657
-0.262734
-0.263036
-0.263559
-0.264304
-0.26526
-0.266447
-0.268033
-0.270078
-0.270418
-0.262695
-0.586038
-0.586527
-0.587453
-0.588843
-0.590689
-0.592986
-0.595729
-0.598915
-0.602537
-0.60659
-0.611066
-0.615958
-0.621258
-0.626958
-0.633048
-0.639518
-0.646358
-0.653558
-0.661104
-0.668987
-0.677192
-0.685709
-0.694522
-0.703619
-0.712984
-0.722605
-0.732464
-0.742549
-0.752843
-0.76333
-0.773994
-0.784819
-0.795789
-0.806886
-0.818094
-0.829397
-0.840777
-0.852217
-0.863699
-0.875209
-0.886727
-0.898238
-0.909724
-0.92117
-0.932557
-0.943872
-0.955096
-0.966216
-0.977214
-0.988077
-0.998788
-1.00934
-1.0197
-1.02988
-1.03985
-1.0496
-1.05913
-1.06841
-1.07744
-1.08621
-1.0947
-1.10292
-1.11084
-1.11847
-1.12579
-1.1328
-1.1395
-1.14587
-1.15191
-1.15762
-1.163
-1.16805
-1.17275
-1.17711
-1.18114
-1.18482
-1.18817
-1.19117
-1.19384
-1.19618
-1.19819
-1.19988
-1.20125
-1.20228
-1.20301
-1.20344
-1.2036
-1.20349
-1.20311
-1.20247
-1.20159
-1.20047
-1.19913
-1.19756
-1.19579
-1.19383
-1.19168
-1.18936
-1.18689
-1.18427
-1.18152
-1.17864
-1.17567
-1.1726
-1.16946
-1.16625
-1.163
-1.15972
-1.15642
-1.15311
-1.14982
-1.14656
-1.14334
-1.14018
-1.13711
-1.13411
-1.13123
-1.12847
-1.12585
-1.12339
-1.12109
-1.11898
-1.11708
-1.11538
-1.11393
-1.11272
-1.11178
-1.11111
-1.11075
-1.11069
-1.11096
-1.11158
-1.11256
-1.11391
-1.11567
-1.11784
-1.12046
-1.12352
-1.12706
-1.13108
-1.13562
-1.14067
-1.14625
-1.15237
-1.15903
-1.16623
-1.17397
-1.18222
-1.191
-1.20027
-1.21003
-1.22025
-1.23092
-1.24201
-1.25349
-1.26533
-1.27748
-1.2899
-1.30255
-1.31534
-1.32823
-1.34114
-1.35399
-1.36669
-1.37915
-1.39128
-1.40298
-1.41414
-1.42465
-1.43442
-1.4433
-1.45119
-1.45796
-1.46349
-1.46763
-1.47028
-1.47123
-1.4702
-1.4669
-1.46099
-1.45206
-1.43965
-1.42316
-1.40195
-1.37526
-1.34232
-1.30238
-1.25486
-1.19956
-1.13726
-1.06971
-0.999103
-0.927583
-0.857225
-0.789938
-0.727489
-0.671277
-0.621897
-0.579013
-0.541941
-0.509927
-0.482282
-0.458351
-0.437577
-0.419458
-0.403593
-0.389627
-0.377285
-0.366322
-0.356556
-0.347818
-0.339988
-0.332949
-0.326621
-0.32092
-0.315794
-0.311183
-0.307049
-0.303348
-0.300054
-0.297134
-0.294569
-0.292332
-0.290411
-0.288784
-0.287442
-0.286368
-0.285557
-0.284995
-0.28468
-0.2846
-0.284757
-0.285144
-0.285759
-0.286591
-0.287655
-0.289082
-0.290921
-0.291424
-0.285327
-0.61578
-0.616289
-0.61724
-0.618659
-0.620538
-0.622872
-0.625657
-0.628889
-0.632561
-0.636667
-0.641201
-0.646154
-0.651519
-0.657287
-0.663448
-0.669992
-0.676909
-0.684189
-0.691818
-0.699786
-0.708079
-0.716685
-0.72559
-0.73478
-0.744241
-0.753958
-0.763916
-0.774099
-0.784492
-0.79508
-0.805844
-0.81677
-0.827839
-0.839037
-0.850344
-0.861745
-0.873221
-0.884757
-0.896333
-0.907935
-0.919542
-0.93114
-0.94271
-0.954237
-0.965702
-0.97709
-0.988384
-0.999569
-1.01063
-1.02155
-1.03231
-1.0429
-1.05331
-1.06352
-1.07352
-1.0833
-1.09284
-1.10213
-1.11116
-1.11993
-1.12841
-1.13661
-1.14451
-1.1521
-1.15938
-1.16635
-1.17299
-1.17929
-1.18526
-1.1909
-1.19619
-1.20113
-1.20573
-1.20999
-1.21389
-1.21744
-1.22065
-1.22351
-1.22603
-1.22821
-1.23005
-1.23155
-1.23273
-1.23357
-1.23408
-1.2343
-1.23423
-1.23388
-1.23325
-1.23236
-1.23121
-1.22982
-1.22819
-1.22633
-1.22426
-1.22198
-1.21951
-1.21686
-1.21404
-1.21106
-1.20794
-1.20469
-1.20132
-1.19784
-1.19428
-1.19063
-1.18692
-1.18316
-1.17937
-1.17556
-1.17174
-1.16792
-1.16413
-1.16037
-1.15667
-1.15302
-1.14946
-1.14598
-1.14261
-1.13936
-1.13625
-1.13328
-1.13047
-1.12783
-1.12538
-1.12312
-1.12108
-1.11925
-1.11767
-1.11633
-1.11525
-1.11444
-1.11392
-1.1137
-1.11379
-1.1142
-1.11495
-1.11605
-1.11752
-1.11936
-1.12159
-1.12421
-1.12723
-1.13065
-1.13448
-1.13869
-1.14329
-1.14826
-1.15358
-1.15923
-1.16519
-1.17143
-1.17794
-1.18467
-1.19161
-1.19871
-1.20595
-1.21329
-1.22068
-1.22807
-1.23542
-1.24266
-1.24974
-1.25659
-1.26312
-1.26927
-1.27496
-1.28009
-1.28459
-1.28835
-1.29128
-1.29329
-1.29427
-1.29412
-1.29273
-1.29002
-1.28561
-1.27923
-1.27079
-1.26007
-1.24681
-1.23073
-1.21152
-1.1889
-1.16258
-1.13233
-1.098
-1.05962
-1.01742
-0.971963
-0.924135
-0.875007
-0.825671
-0.777206
-0.73057
-0.686601
-0.645901
-0.608793
-0.575277
-0.545192
-0.51827
-0.49424
-0.472801
-0.453687
-0.436628
-0.421394
-0.407763
-0.395554
-0.384592
-0.374741
-0.365868
-0.357874
-0.350659
-0.344151
-0.338276
-0.332982
-0.328213
-0.323931
-0.320093
-0.316672
-0.313634
-0.31096
-0.308622
-0.306606
-0.30489
-0.303464
-0.302311
-0.301425
-0.300791
-0.300406
-0.300259
-0.300348
-0.300664
-0.301206
-0.301959
-0.302933
-0.304226
-0.305876
-0.306488
-0.301838
-0.645287
-0.645817
-0.646793
-0.64824
-0.650152
-0.652524
-0.655351
-0.658629
-0.662351
-0.666512
-0.671103
-0.676118
-0.681548
-0.687385
-0.693618
-0.700239
-0.707235
-0.714596
-0.72231
-0.730365
-0.738749
-0.747447
-0.756446
-0.765733
-0.775292
-0.785109
-0.795168
-0.805455
-0.815951
-0.826643
-0.837512
-0.848543
-0.859717
-0.871019
-0.882431
-0.893935
-0.905514
-0.917151
-0.928827
-0.940525
-0.952228
-0.963919
-0.975579
-0.987192
-0.99874
-1.01021
-1.02158
-1.03283
-1.04396
-1.05494
-1.06576
-1.07641
-1.08686
-1.09711
-1.10714
-1.11695
-1.12651
-1.13581
-1.14485
-1.15362
-1.16209
-1.17027
-1.17815
-1.18571
-1.19295
-1.19987
-1.20645
-1.21269
-1.21859
-1.22414
-1.22934
-1.23419
-1.23868
-1.24281
-1.24659
-1.25
-1.25307
-1.25577
-1.25813
-1.26013
-1.26179
-1.2631
-1.26408
-1.26471
-1.265
-1.26498
-1.26466
-1.26405
-1.26315
-1.26198
-1.26055
-1.25886
-1.25692
-1.25474
-1.25234
-1.24972
-1.24689
-1.24387
-1.24067
-1.2373
-1.23378
-1.2301
-1.2263
-1.22237
-1.21834
-1.21422
-1.21001
-1.20573
-1.20141
-1.19704
-1.19264
-1.18822
-1.18381
-1.17941
-1.17503
-1.17068
-1.16639
-1.16215
-1.158
-1.15392
-1.14995
-1.14607
-1.14233
-1.13871
-1.13523
-1.1319
-1.12874
-1.12574
-1.12292
-1.12029
-1.11787
-1.11564
-1.11364
-1.11186
-1.11032
-1.10901
-1.10797
-1.10718
-1.10667
-1.10643
-1.10648
-1.10681
-1.10744
-1.10836
-1.10957
-1.11105
-1.1128
-1.1148
-1.11703
-1.11946
-1.12208
-1.12485
-1.12775
-1.13074
-1.1338
-1.1369
-1.14
-1.14307
-1.14608
-1.14898
-1.15174
-1.15432
-1.15666
-1.15873
-1.16046
-1.16179
-1.16268
-1.16306
-1.16286
-1.16202
-1.16047
-1.15815
-1.15497
-1.15088
-1.14581
-1.13971
-1.13214
-1.12283
-1.11185
-1.09911
-1.08444
-1.0677
-1.04874
-1.02747
-1.00377
-0.977646
-0.949103
-0.918291
-0.885442
-0.850951
-0.815306
-0.7791
-0.742928
-0.707392
-0.673015
-0.640261
-0.609457
-0.580818
-0.554405
-0.530202
-0.508107
-0.488005
-0.469743
-0.453184
-0.43817
-0.424573
-0.412251
-0.401093
-0.390978
-0.381816
-0.373509
-0.365983
-0.35916
-0.352984
-0.347391
-0.342341
-0.337783
-0.333686
-0.330009
-0.32673
-0.323816
-0.321251
-0.319008
-0.317076
-0.315433
-0.31407
-0.31297
-0.312128
-0.311529
-0.31117
-0.311039
-0.311133
-0.311442
-0.311963
-0.31268
-0.313596
-0.314785
-0.316272
-0.316955
-0.313469
-0.674371
-0.674922
-0.675923
-0.677399
-0.679345
-0.681754
-0.684623
-0.687947
-0.69172
-0.695935
-0.700584
-0.705662
-0.711158
-0.717065
-0.723372
-0.730069
-0.737145
-0.74459
-0.752391
-0.760535
-0.769011
-0.777804
-0.7869
-0.796287
-0.805947
-0.815868
-0.826032
-0.836424
-0.847028
-0.857828
-0.868806
-0.879947
-0.891231
-0.902643
-0.914164
-0.925776
-0.937463
-0.949206
-0.960987
-0.972788
-0.984592
-0.996381
-1.00814
-1.01984
-1.03148
-1.04303
-1.05448
-1.06582
-1.07701
-1.08806
-1.09894
-1.10965
-1.12015
-1.13045
-1.14052
-1.15035
-1.15994
-1.16926
-1.17831
-1.18707
-1.19554
-1.20371
-1.21156
-1.2191
-1.2263
-1.23317
-1.23969
-1.24587
-1.25169
-1.25716
-1.26227
-1.26701
-1.27139
-1.2754
-1.27904
-1.28232
-1.28523
-1.28777
-1.28996
-1.29178
-1.29324
-1.29435
-1.29511
-1.29553
-1.29559
-1.29531
-1.29472
-1.29384
-1.29266
-1.29119
-1.28945
-1.28743
-1.28516
-1.28264
-1.27988
-1.27689
-1.27369
-1.27027
-1.26667
-1.26287
-1.25891
-1.25479
-1.25052
-1.24611
-1.24158
-1.23694
-1.2322
-1.22737
-1.22247
-1.21751
-1.2125
-1.20745
-1.20238
-1.19729
-1.1922
-1.18712
-1.18207
-1.17705
-1.17207
-1.16714
-1.16228
-1.15748
-1.15278
-1.14816
-1.14365
-1.13923
-1.13494
-1.13077
-1.12674
-1.12283
-1.11908
-1.11547
-1.11203
-1.10874
-1.10563
-1.10268
-1.09992
-1.09735
-1.09497
-1.09278
-1.0908
-1.08902
-1.08744
-1.08606
-1.08488
-1.08388
-1.08307
-1.08241
-1.08189
-1.08149
-1.08119
-1.08095
-1.08076
-1.08057
-1.08036
-1.08011
-1.07978
-1.07934
-1.07877
-1.07803
-1.07709
-1.07593
-1.0745
-1.07278
-1.07073
-1.06831
-1.06549
-1.06222
-1.05847
-1.05419
-1.04934
-1.04387
-1.03775
-1.03093
-1.02339
-1.0151
-1.00579
-0.995064
-0.982918
-0.969469
-0.954648
-0.938392
-0.920636
-0.901365
-0.880566
-0.858288
-0.834602
-0.809655
-0.783628
-0.756785
-0.729414
-0.701863
-0.674462
-0.647555
-0.621435
-0.596369
-0.572546
-0.550112
-0.529124
-0.509613
-0.491543
-0.474873
-0.459526
-0.445433
-0.432503
-0.420663
-0.409824
-0.399919
-0.390868
-0.382612
-0.375082
-0.368227
-0.361988
-0.356324
-0.351186
-0.346539
-0.342343
-0.338571
-0.335189
-0.332178
-0.329507
-0.327163
-0.325121
-0.323371
-0.321893
-0.320678
-0.319711
-0.318986
-0.318489
-0.318216
-0.318154
-0.318301
-0.318643
-0.319177
-0.319885
-0.320767
-0.321878
-0.323234
-0.323949
-0.321335
-0.702836
-0.703408
-0.704434
-0.705939
-0.707917
-0.710365
-0.713276
-0.716646
-0.720469
-0.724739
-0.729448
-0.734588
-0.740151
-0.746129
-0.75251
-0.759285
-0.766443
-0.773973
-0.781862
-0.790098
-0.798668
-0.807558
-0.816755
-0.826243
-0.836008
-0.846035
-0.856307
-0.86681
-0.877525
-0.888438
-0.899529
-0.910783
-0.922182
-0.933708
-0.945342
-0.957069
-0.968868
-0.980722
-0.992613
-1.00452
-1.01643
-1.02832
-1.04018
-1.05198
-1.06372
-1.07536
-1.0869
-1.09831
-1.10959
-1.12071
-1.13166
-1.14242
-1.15298
-1.16333
-1.17344
-1.18331
-1.19292
-1.20227
-1.21133
-1.2201
-1.22857
-1.23672
-1.24456
-1.25206
-1.25923
-1.26605
-1.27252
-1.27863
-1.28438
-1.28976
-1.29477
-1.29941
-1.30367
-1.30756
-1.31106
-1.31419
-1.31695
-1.31933
-1.32133
-1.32296
-1.32423
-1.32512
-1.32567
-1.32585
-1.32567
-1.32512
-1.32426
-1.32308
-1.3216
-1.31982
-1.31775
-1.3154
-1.31278
-1.3099
-1.30676
-1.30338
-1.29977
-1.29594
-1.2919
-1.28767
-1.28324
-1.27864
-1.27388
-1.26896
-1.26391
-1.25872
-1.25342
-1.24801
-1.24252
-1.23693
-1.23129
-1.22558
-1.21982
-1.21403
-1.20821
-1.20238
-1.19654
-1.19071
-1.18489
-1.1791
-1.17334
-1.16761
-1.16194
-1.15633
-1.15078
-1.14529
-1.13989
-1.13457
-1.12933
-1.12419
-1.11915
-1.1142
-1.10937
-1.10464
-1.10004
-1.09554
-1.09117
-1.08693
-1.08281
-1.07882
-1.07497
-1.07124
-1.06766
-1.06419
-1.06086
-1.05764
-1.05454
-1.05152
-1.04859
-1.04571
-1.04288
-1.04005
-1.03722
-1.03434
-1.03141
-1.02837
-1.02523
-1.02194
-1.01848
-1.01483
-1.01097
-1.00687
-1.00252
-0.997879
-0.99294
-0.98768
-0.982073
-0.976102
-0.96974
-0.962971
-0.955768
-0.948116
-0.939987
-0.931366
-0.922231
-0.912599
-0.90243
-0.891223
-0.87874
-0.865321
-0.850988
-0.835711
-0.819458
-0.80225
-0.784105
-0.765087
-0.745262
-0.724752
-0.703683
-0.682232
-0.660576
-0.638927
-0.617479
-0.59644
-0.575978
-0.55626
-0.5374
-0.519499
-0.502601
-0.486745
-0.471921
-0.458119
-0.445298
-0.433426
-0.422446
-0.412316
-0.402978
-0.394389
-0.386494
-0.379255
-0.372619
-0.366556
-0.361018
-0.355978
-0.351396
-0.347249
-0.343502
-0.340138
-0.337124
-0.334448
-0.332082
-0.330017
-0.328229
-0.32671
-0.325442
-0.324418
-0.323621
-0.323048
-0.322684
-0.322525
-0.322557
-0.322777
-0.323171
-0.323734
-0.324448
-0.325311
-0.326363
-0.327615
-0.328343
-0.326344
-0.730476
-0.731069
-0.732119
-0.733653
-0.735665
-0.738149
-0.741102
-0.744519
-0.748393
-0.752718
-0.757486
-0.76269
-0.768321
-0.77437
-0.780826
-0.787681
-0.794922
-0.802539
-0.810518
-0.818847
-0.827513
-0.836503
-0.845802
-0.855395
-0.865268
-0.875404
-0.885788
-0.896404
-0.907234
-0.918263
-0.929471
-0.940843
-0.95236
-0.964004
-0.975758
-0.987602
-0.999518
-1.01149
-1.02349
-1.03552
-1.04754
-1.05954
-1.0715
-1.08341
-1.09524
-1.10698
-1.11861
-1.13011
-1.14147
-1.15267
-1.16369
-1.17452
-1.18514
-1.19554
-1.2057
-1.21561
-1.22525
-1.23462
-1.2437
-1.25248
-1.26095
-1.2691
-1.27691
-1.28439
-1.29152
-1.2983
-1.30471
-1.31076
-1.31643
-1.32173
-1.32664
-1.33117
-1.33532
-1.33908
-1.34245
-1.34543
-1.34802
-1.35023
-1.35205
-1.35349
-1.35455
-1.35523
-1.35554
-1.35549
-1.35505
-1.35423
-1.35308
-1.35161
-1.34981
-1.34771
-1.3453
-1.3426
-1.33962
-1.33636
-1.33283
-1.32905
-1.32502
-1.32075
-1.31627
-1.31156
-1.30666
-1.30156
-1.29629
-1.29085
-1.28525
-1.2795
-1.27362
-1.26761
-1.2615
-1.25528
-1.24898
-1.24259
-1.23614
-1.22963
-1.22307
-1.21647
-1.20984
-1.20319
-1.19653
-1.18987
-1.18321
-1.17656
-1.16994
-1.16333
-1.15676
-1.15023
-1.14374
-1.1373
-1.13091
-1.12457
-1.11829
-1.11208
-1.10593
-1.09984
-1.09383
-1.08788
-1.08202
-1.07622
-1.07051
-1.06487
-1.05931
-1.05383
-1.04844
-1.04311
-1.03786
-1.03267
-1.02755
-1.02247
-1.01743
-1.0124
-1.00738
-1.00235
-0.997277
-0.992144
-0.986931
-0.981612
-0.976168
-0.970576
-0.964818
-0.958874
-0.952728
-0.946364
-0.939767
-0.932927
-0.925829
-0.918466
-0.910825
-0.902901
-0.894682
-0.886165
-0.877339
-0.868202
-0.858744
-0.848965
-0.838852
-0.828423
-0.817691
-0.806493
-0.794371
-0.781345
-0.767701
-0.753483
-0.738674
-0.723298
-0.707379
-0.690977
-0.674146
-0.656978
-0.639558
-0.622007
-0.604433
-0.586972
-0.569739
-0.552865
-0.536449
-0.520599
-0.505384
-0.490873
-0.477099
-0.464095
-0.451859
-0.440396
-0.429681
-0.419702
-0.410421
-0.401816
-0.393845
-0.386485
-0.379692
-0.373443
-0.367698
-0.362435
-0.35762
-0.353232
-0.349239
-0.345625
-0.342363
-0.339437
-0.336824
-0.334511
-0.332478
-0.330715
-0.329202
-0.327934
-0.326893
-0.326074
-0.325461
-0.325051
-0.324828
-0.324791
-0.324924
-0.325224
-0.325676
-0.326275
-0.327002
-0.327855
-0.328864
-0.330038
-0.330763
-0.329185
-0.757082
-0.757695
-0.75877
-0.760331
-0.762376
-0.764898
-0.767893
-0.771356
-0.77528
-0.77966
-0.784488
-0.789756
-0.795455
-0.801576
-0.80811
-0.815045
-0.822371
-0.830075
-0.838146
-0.846571
-0.855336
-0.864427
-0.873831
-0.883532
-0.893514
-0.903763
-0.914262
-0.924994
-0.935943
-0.947091
-0.958421
-0.969914
-0.981554
-0.993321
-1.0052
-1.01716
-1.0292
-1.04129
-1.05342
-1.06556
-1.07769
-1.08981
-1.10188
-1.1139
-1.12583
-1.13767
-1.1494
-1.16099
-1.17244
-1.18372
-1.19482
-1.20572
-1.2164
-1.22686
-1.23707
-1.24702
-1.2567
-1.2661
-1.2752
-1.28399
-1.29247
-1.30061
-1.30841
-1.31587
-1.32296
-1.32969
-1.33605
-1.34204
-1.34764
-1.35285
-1.35767
-1.3621
-1.36613
-1.36976
-1.37299
-1.37582
-1.37825
-1.38029
-1.38192
-1.38316
-1.38401
-1.38448
-1.38456
-1.38426
-1.38356
-1.38247
-1.38103
-1.37925
-1.37714
-1.3747
-1.37195
-1.36889
-1.36553
-1.36188
-1.35795
-1.35375
-1.34929
-1.34458
-1.33964
-1.33446
-1.32906
-1.32346
-1.31766
-1.31168
-1.30553
-1.29921
-1.29274
-1.28612
-1.27938
-1.27252
-1.26555
-1.25848
-1.25133
-1.24409
-1.23678
-1.22942
-1.222
-1.21454
-1.20705
-1.19952
-1.19198
-1.18442
-1.17686
-1.1693
-1.16174
-1.15419
-1.14665
-1.13913
-1.13163
-1.12416
-1.11671
-1.10929
-1.10191
-1.09455
-1.08723
-1.07995
-1.0727
-1.06549
-1.05832
-1.05119
-1.0441
-1.03705
-1.03003
-1.02305
-1.01611
-1.0092
-1.00231
-0.995439
-0.988577
-0.98171
-0.97483
-0.967918
-0.960962
-0.953942
-0.946843
-0.939646
-0.932336
-0.924894
-0.917308
-0.909561
-0.901644
-0.893546
-0.885257
-0.876773
-0.868087
-0.859199
-0.850104
-0.840805
-0.831299
-0.821594
-0.811686
-0.801585
-0.79129
-0.780811
-0.770145
-0.759306
-0.748312
-0.737184
-0.725626
-0.713325
-0.700451
-0.687238
-0.67371
-0.659884
-0.645777
-0.631441
-0.616915
-0.602269
-0.587557
-0.572864
-0.558256
-0.543823
-0.529635
-0.515777
-0.502308
-0.4893
-0.476793
-0.464838
-0.453454
-0.442668
-0.432481
-0.422901
-0.413913
-0.405511
-0.39767
-0.390379
-0.383607
-0.377339
-0.371543
-0.366203
-0.361288
-0.356783
-0.352659
-0.348903
-0.345488
-0.342403
-0.339623
-0.337139
-0.334929
-0.332985
-0.331289
-0.329833
-0.3286
-0.327586
-0.326774
-0.326161
-0.325733
-0.325485
-0.325404
-0.325487
-0.32572
-0.326098
-0.326609
-0.327246
-0.327991
-0.328841
-0.329821
-0.330938
-0.331659
-0.330358
-0.782437
-0.78307
-0.784168
-0.785758
-0.787834
-0.790393
-0.79343
-0.796939
-0.800914
-0.80535
-0.810238
-0.81557
-0.821338
-0.827532
-0.834143
-0.84116
-0.848571
-0.856365
-0.86453
-0.873052
-0.881917
-0.891113
-0.900624
-0.910434
-0.92053
-0.930894
-0.941511
-0.952363
-0.963433
-0.974704
-0.986158
-0.997777
-1.00954
-1.02144
-1.03344
-1.04553
-1.05769
-1.06991
-1.08216
-1.09442
-1.10668
-1.11891
-1.1311
-1.14323
-1.15527
-1.16722
-1.17904
-1.19073
-1.20227
-1.21364
-1.22482
-1.23579
-1.24654
-1.25706
-1.26733
-1.27733
-1.28705
-1.29648
-1.30561
-1.31442
-1.32289
-1.33104
-1.33883
-1.34626
-1.35333
-1.36002
-1.36633
-1.37225
-1.37778
-1.38291
-1.38764
-1.39196
-1.39588
-1.39938
-1.40247
-1.40515
-1.40742
-1.40928
-1.41073
-1.41178
-1.41242
-1.41265
-1.4125
-1.41195
-1.41101
-1.40965
-1.40792
-1.40583
-1.40339
-1.40062
-1.39752
-1.39409
-1.39036
-1.38632
-1.38198
-1.37736
-1.37247
-1.36731
-1.36189
-1.35623
-1.35034
-1.34423
-1.33791
-1.33138
-1.32466
-1.31777
-1.31071
-1.30348
-1.29612
-1.28861
-1.28098
-1.27323
-1.26537
-1.25742
-1.24938
-1.24125
-1.23306
-1.2248
-1.21649
-1.20812
-1.19972
-1.19128
-1.18282
-1.17432
-1.16581
-1.15729
-1.14875
-1.14021
-1.13167
-1.12312
-1.11457
-1.10603
-1.0975
-1.08897
-1.08045
-1.07193
-1.06343
-1.05493
-1.04645
-1.03798
-1.02952
-1.02107
-1.01263
-1.0042
-0.995783
-0.987369
-0.97896
-0.970547
-0.962129
-0.953695
-0.94524
-0.936751
-0.928221
-0.919635
-0.910984
-0.902253
-0.893433
-0.88451
-0.875475
-0.866318
-0.857033
-0.847613
-0.838054
-0.828354
-0.818513
-0.808534
-0.798417
-0.788171
-0.777798
-0.767309
-0.75671
-0.746012
-0.735222
-0.724353
-0.713411
-0.702409
-0.691355
-0.680285
-0.669197
-0.657806
-0.645848
-0.633538
-0.621084
-0.608529
-0.595876
-0.58316
-0.57041
-0.557677
-0.544998
-0.532431
-0.520018
-0.507819
-0.495875
-0.484245
-0.472962
-0.462076
-0.45161
-0.441599
-0.432055
-0.422999
-0.414429
-0.406354
-0.398762
-0.391653
-0.385008
-0.378821
-0.373067
-0.367738
-0.362809
-0.358268
-0.354091
-0.350267
-0.346771
-0.343594
-0.340714
-0.338121
-0.335795
-0.333728
-0.331903
-0.330312
-0.328939
-0.327778
-0.326815
-0.326046
-0.325456
-0.325041
-0.324789
-0.324697
-0.324751
-0.324949
-0.325277
-0.325732
-0.3263
-0.326975
-0.327742
-0.328595
-0.329559
-0.330639
-0.331351
-0.330232
-0.806325
-0.806977
-0.808098
-0.809715
-0.811823
-0.814419
-0.817497
-0.821052
-0.825078
-0.829569
-0.834517
-0.839914
-0.845752
-0.85202
-0.858709
-0.865809
-0.873307
-0.881192
-0.889452
-0.898073
-0.907041
-0.916343
-0.925963
-0.935886
-0.946097
-0.956579
-0.967316
-0.97829
-0.989485
-1.00088
-1.01246
-1.02421
-1.03611
-1.04813
-1.06026
-1.07248
-1.08478
-1.09712
-1.1095
-1.12189
-1.13427
-1.14662
-1.15893
-1.17117
-1.18333
-1.19538
-1.20731
-1.21911
-1.23074
-1.2422
-1.25346
-1.26451
-1.27534
-1.28592
-1.29625
-1.3063
-1.31607
-1.32554
-1.33469
-1.34352
-1.35201
-1.36015
-1.36793
-1.37535
-1.38239
-1.38904
-1.39531
-1.40117
-1.40663
-1.41168
-1.41632
-1.42054
-1.42435
-1.42773
-1.43068
-1.43322
-1.43533
-1.43702
-1.43829
-1.43913
-1.43957
-1.43958
-1.4392
-1.4384
-1.43721
-1.43559
-1.43356
-1.43116
-1.42841
-1.4253
-1.42185
-1.41806
-1.41395
-1.40952
-1.40478
-1.39974
-1.39441
-1.3888
-1.38292
-1.37678
-1.3704
-1.36378
-1.35693
-1.34986
-1.34259
-1.33512
-1.32747
-1.31965
-1.31166
-1.30352
-1.29523
-1.28681
-1.27827
-1.26961
-1.26085
-1.25199
-1.24304
-1.234
-1.2249
-1.21573
-1.20649
-1.19721
-1.18787
-1.17849
-1.16908
-1.15963
-1.15016
-1.14065
-1.13112
-1.12158
-1.11201
-1.10243
-1.09284
-1.08323
-1.07361
-1.06398
-1.05434
-1.04469
-1.03504
-1.02537
-1.0157
-1.00602
-0.996342
-0.986651
-0.976955
-0.96725
-0.957538
-0.947815
-0.938079
-0.928325
-0.918551
-0.908749
-0.898915
-0.889041
-0.879121
-0.869146
-0.85911
-0.849006
-0.838828
-0.828572
-0.818233
-0.807809
-0.797299
-0.786706
-0.776031
-0.765279
-0.754455
-0.74357
-0.732628
-0.721643
-0.710623
-0.699583
-0.688531
-0.677483
-0.666447
-0.655439
-0.644465
-0.633543
-0.622696
-0.61194
-0.601036
-0.589741
-0.578198
-0.566663
-0.555168
-0.543728
-0.532355
-0.521088
-0.509951
-0.498986
-0.488218
-0.477689
-0.467423
-0.45746
-0.447819
-0.438535
-0.429619
-0.421096
-0.412972
-0.405263
-0.397965
-0.391086
-0.384615
-0.378554
-0.372886
-0.36761
-0.362705
-0.358166
-0.353972
-0.350114
-0.346573
-0.343339
-0.340393
-0.337727
-0.335321
-0.333169
-0.331251
-0.329563
-0.328087
-0.326819
-0.325743
-0.324855
-0.324142
-0.323599
-0.323213
-0.322983
-0.322895
-0.322947
-0.323127
-0.323431
-0.323848
-0.324374
-0.324997
-0.32571
-0.326499
-0.327361
-0.328319
-0.329377
-0.330083
-0.329075
-0.828528
-0.829198
-0.830341
-0.831984
-0.834124
-0.836755
-0.839874
-0.843475
-0.847552
-0.852098
-0.857107
-0.862569
-0.868477
-0.87482
-0.881589
-0.888772
-0.896359
-0.904337
-0.912693
-0.921414
-0.930487
-0.939896
-0.949628
-0.959666
-0.969994
-0.980597
-0.991457
-1.00256
-1.01388
-1.0254
-1.03712
-1.049
-1.06102
-1.07318
-1.08545
-1.0978
-1.11023
-1.1227
-1.13521
-1.14773
-1.16024
-1.17271
-1.18514
-1.19751
-1.20978
-1.22195
-1.23399
-1.24588
-1.25761
-1.26916
-1.28052
-1.29165
-1.30256
-1.31321
-1.3236
-1.33371
-1.34352
-1.35303
-1.36221
-1.37106
-1.37957
-1.38772
-1.3955
-1.4029
-1.40992
-1.41654
-1.42276
-1.42857
-1.43397
-1.43895
-1.4435
-1.44762
-1.45132
-1.45458
-1.45741
-1.4598
-1.46176
-1.46328
-1.46437
-1.46503
-1.46526
-1.46506
-1.46445
-1.46342
-1.46198
-1.46009
-1.45777
-1.45507
-1.45201
-1.44857
-1.44478
-1.44064
-1.43616
-1.43134
-1.4262
-1.42075
-1.41499
-1.40894
-1.4026
-1.39599
-1.38912
-1.382
-1.37463
-1.36704
-1.35922
-1.3512
-1.34297
-1.33455
-1.32596
-1.3172
-1.30828
-1.29921
-1.29
-1.28066
-1.2712
-1.26163
-1.25195
-1.24218
-1.23231
-1.22237
-1.21235
-1.20225
-1.1921
-1.18189
-1.17162
-1.16131
-1.15095
-1.14055
-1.13012
-1.11964
-1.10914
-1.09861
-1.08805
-1.07746
-1.06685
-1.05622
-1.04556
-1.03489
-1.02419
-1.01347
-1.00274
-0.991993
-0.98123
-0.970451
-0.959661
-0.948856
-0.93804
-0.927212
-0.916372
-0.905518
-0.89465
-0.883765
-0.872863
-0.861938
-0.85099
-0.840015
-0.829009
-0.81797
-0.806896
-0.795786
-0.784639
-0.773457
-0.762239
-0.750992
-0.739718
-0.728425
-0.717119
-0.705811
-0.694509
-0.683225
-0.671969
-0.660756
-0.649595
-0.638504
-0.627489
-0.616568
-0.605747
-0.595043
-0.58446
-0.57403
-0.563764
-0.553535
-0.543054
-0.532385
-0.521793
-0.511347
-0.501048
-0.490914
-0.48096
-0.471215
-0.461695
-0.452431
-0.443434
-0.434733
-0.426338
-0.418273
-0.410542
-0.403164
-0.396139
-0.389479
-0.383178
-0.377244
-0.371666
-0.366445
-0.361568
-0.357033
-0.352824
-0.348936
-0.345351
-0.342064
-0.339057
-0.336323
-0.333844
-0.331615
-0.329616
-0.327844
-0.326281
-0.324922
-0.323753
-0.322768
-0.321954
-0.321307
-0.320814
-0.320473
-0.32027
-0.320204
-0.320262
-0.320443
-0.320734
-0.321134
-0.32163
-0.322221
-0.322893
-0.323642
-0.324455
-0.325329
-0.326287
-0.327333
-0.328033
-0.327091
-0.848831
-0.849518
-0.850683
-0.852351
-0.854521
-0.857188
-0.860347
-0.863994
-0.868122
-0.872724
-0.877793
-0.883321
-0.889299
-0.895718
-0.902567
-0.909835
-0.917511
-0.925583
-0.934037
-0.942861
-0.95204
-0.961559
-0.971404
-0.981559
-0.992007
-1.00273
-1.01372
-1.02495
-1.0364
-1.04806
-1.0599
-1.07191
-1.08408
-1.09637
-1.10877
-1.12126
-1.13382
-1.14643
-1.15907
-1.17172
-1.18436
-1.19697
-1.20952
-1.22201
-1.2344
-1.24668
-1.25884
-1.27084
-1.28267
-1.29432
-1.30576
-1.31699
-1.32797
-1.3387
-1.34915
-1.35932
-1.36919
-1.37874
-1.38796
-1.39684
-1.40536
-1.41352
-1.4213
-1.4287
-1.43569
-1.44229
-1.44847
-1.45423
-1.45957
-1.46448
-1.46896
-1.47299
-1.47658
-1.47973
-1.48243
-1.48469
-1.4865
-1.48786
-1.48878
-1.48926
-1.48929
-1.48889
-1.48806
-1.4868
-1.48512
-1.48298
-1.48039
-1.4774
-1.47403
-1.47028
-1.46616
-1.46167
-1.45683
-1.45164
-1.44611
-1.44025
-1.43408
-1.4276
-1.42082
-1.41376
-1.40641
-1.3988
-1.39094
-1.38283
-1.37449
-1.36592
-1.35714
-1.34815
-1.33898
-1.32962
-1.32009
-1.3104
-1.30055
-1.29056
-1.28044
-1.27018
-1.25982
-1.24934
-1.23876
-1.22808
-1.21732
-1.20647
-1.19555
-1.18456
-1.1735
-1.16238
-1.15121
-1.13999
-1.12872
-1.1174
-1.10604
-1.09465
-1.08321
-1.07175
-1.06025
-1.04872
-1.03716
-1.02557
-1.01397
-1.00233
-0.990677
-0.979002
-0.967311
-0.955602
-0.943882
-0.932148
-0.920406
-0.908654
-0.896898
-0.885136
-0.873371
-0.861603
-0.849834
-0.838063
-0.826292
-0.814519
-0.802747
-0.790976
-0.779206
-0.76744
-0.755678
-0.743926
-0.732186
-0.720465
-0.708766
-0.6971
-0.685471
-0.673893
-0.662372
-0.650922
-0.639551
-0.628276
-0.617102
-0.606049
-0.595121
-0.584336
-0.5737
-0.563228
-0.552923
-0.542801
-0.532869
-0.523158
-0.513646
-0.504096
-0.49438
-0.484705
-0.475221
-0.46596
-0.456918
-0.448111
-0.439547
-0.431247
-0.423218
-0.41548
-0.408036
-0.400904
-0.394083
-0.387587
-0.381412
-0.375568
-0.370048
-0.364857
-0.359984
-0.355431
-0.351185
-0.347246
-0.343598
-0.340238
-0.337151
-0.334331
-0.331763
-0.329441
-0.327349
-0.325482
-0.323823
-0.322369
-0.321103
-0.320022
-0.319111
-0.318366
-0.317774
-0.317332
-0.317027
-0.316856
-0.316809
-0.316882
-0.317064
-0.317354
-0.31774
-0.318221
-0.318784
-0.319428
-0.320142
-0.320923
-0.321755
-0.322641
-0.323602
-0.324644
-0.325339
-0.324433
-0.867023
-0.867727
-0.868911
-0.870604
-0.872803
-0.875505
-0.878705
-0.882396
-0.886575
-0.891232
-0.896363
-0.901957
-0.908006
-0.914501
-0.921431
-0.928785
-0.936552
-0.944719
-0.953273
-0.9622
-0.971487
-0.981118
-0.991078
-1.00135
-1.01192
-1.02277
-1.03388
-1.04524
-1.05683
-1.06862
-1.0806
-1.09275
-1.10505
-1.11748
-1.13002
-1.14265
-1.15535
-1.1681
-1.18087
-1.19366
-1.20643
-1.21917
-1.23185
-1.24446
-1.25697
-1.26937
-1.28164
-1.29375
-1.30569
-1.31744
-1.32898
-1.34029
-1.35136
-1.36216
-1.37268
-1.38292
-1.39284
-1.40244
-1.4117
-1.42061
-1.42916
-1.43733
-1.44512
-1.45251
-1.45949
-1.46607
-1.47222
-1.47794
-1.48323
-1.48807
-1.49247
-1.49642
-1.49992
-1.50297
-1.50555
-1.50768
-1.50935
-1.51057
-1.51132
-1.51163
-1.51148
-1.51088
-1.50984
-1.50836
-1.50644
-1.50407
-1.50123
-1.49797
-1.49431
-1.49026
-1.48582
-1.481
-1.47581
-1.47027
-1.46437
-1.45813
-1.45156
-1.44467
-1.43746
-1.42996
-1.42217
-1.41409
-1.40575
-1.39715
-1.38831
-1.37922
-1.36991
-1.36039
-1.35066
-1.34073
-1.33062
-1.32034
-1.30989
-1.29929
-1.28854
-1.27765
-1.26663
-1.25549
-1.24424
-1.23289
-1.22143
-1.20988
-1.19825
-1.18654
-1.17476
-1.1629
-1.15099
-1.13901
-1.12698
-1.1149
-1.10278
-1.0906
-1.07839
-1.06614
-1.05385
-1.04153
-1.02918
-1.0168
-1.0044
-0.991968
-0.97952
-0.967052
-0.954571
-0.942076
-0.929573
-0.917062
-0.904549
-0.892036
-0.879527
-0.867025
-0.854532
-0.842052
-0.829589
-0.817144
-0.804722
-0.792325
-0.779955
-0.767617
-0.755314
-0.743049
-0.730827
-0.718654
-0.706534
-0.694474
-0.682481
-0.670563
-0.658726
-0.646984
-0.635342
-0.623815
-0.612409
-0.601139
-0.590012
-0.579044
-0.568241
-0.557618
-0.54718
-0.536941
-0.526905
-0.517084
-0.50748
-0.498107
-0.48898
-0.480113
-0.471393
-0.462649
-0.453891
-0.4453
-0.436954
-0.428872
-0.421048
-0.413493
-0.406208
-0.399209
-0.392496
-0.38608
-0.37996
-0.374144
-0.368627
-0.363417
-0.358504
-0.353893
-0.349573
-0.345546
-0.341799
-0.338332
-0.33513
-0.332191
-0.329501
-0.327056
-0.32484
-0.32285
-0.32107
-0.319496
-0.318112
-0.316915
-0.315891
-0.315034
-0.314333
-0.313782
-0.31337
-0.313093
-0.31294
-0.312907
-0.312985
-0.313169
-0.31345
-0.313826
-0.314286
-0.314829
-0.315443
-0.316128
-0.316872
-0.317673
-0.318519
-0.31941
-0.320372
-0.321411
-0.3221
-0.321212
-0.882901
-0.883619
-0.884822
-0.886538
-0.888767
-0.891503
-0.894742
-0.898479
-0.902707
-0.907421
-0.912612
-0.918273
-0.924394
-0.930966
-0.937978
-0.945419
-0.953277
-0.96154
-0.970195
-0.979228
-0.988624
-0.998368
-1.00845
-1.01884
-1.02953
-1.04051
-1.05175
-1.06324
-1.07496
-1.08689
-1.09901
-1.1113
-1.12374
-1.13631
-1.14899
-1.16176
-1.1746
-1.18748
-1.2004
-1.21332
-1.22623
-1.2391
-1.25191
-1.26465
-1.27729
-1.28981
-1.30219
-1.31442
-1.32646
-1.33831
-1.34995
-1.36135
-1.37251
-1.38339
-1.39399
-1.40429
-1.41427
-1.42392
-1.43322
-1.44217
-1.45075
-1.45894
-1.46674
-1.47413
-1.48111
-1.48767
-1.4938
-1.49948
-1.50472
-1.50952
-1.51385
-1.51773
-1.52114
-1.52409
-1.52657
-1.52858
-1.53013
-1.5312
-1.53181
-1.53195
-1.53163
-1.53085
-1.52962
-1.52793
-1.52579
-1.52321
-1.52016
-1.51663
-1.5127
-1.50836
-1.50362
-1.49849
-1.49298
-1.4871
-1.48085
-1.47425
-1.46731
-1.46003
-1.45243
-1.44451
-1.43629
-1.42778
-1.41899
-1.40993
-1.40061
-1.39104
-1.38123
-1.3712
-1.36095
-1.3505
-1.33985
-1.32901
-1.318
-1.30683
-1.29549
-1.28401
-1.2724
-1.26065
-1.24878
-1.2368
-1.22471
-1.21252
-1.20024
-1.18787
-1.17543
-1.16291
-1.15032
-1.13767
-1.12496
-1.11219
-1.09938
-1.08651
-1.07361
-1.06067
-1.04769
-1.03468
-1.02164
-1.00857
-0.995482
-0.982373
-0.969248
-0.95611
-0.942963
-0.929809
-0.916655
-0.903502
-0.890356
-0.877221
-0.864102
-0.851003
-0.837928
-0.824882
-0.811871
-0.798898
-0.785969
-0.773089
-0.760262
-0.747495
-0.73479
-0.722156
-0.709596
-0.697119
-0.684729
-0.672436
-0.660244
-0.648165
-0.636203
-0.624372
-0.612677
-0.60113
-0.589739
-0.578518
-0.567471
-0.556613
-0.545949
-0.535494
-0.52525
-0.515231
-0.50544
-0.495888
-0.486576
-0.477514
-0.468702
-0.460157
-0.451883
-0.443883
-0.436032
-0.428203
-0.420445
-0.412907
-0.405639
-0.398654
-0.391943
-0.385514
-0.379363
-0.373499
-0.367917
-0.362624
-0.357615
-0.352893
-0.34845
-0.344289
-0.340398
-0.33678
-0.333422
-0.330323
-0.32747
-0.324861
-0.322482
-0.320329
-0.31839
-0.316659
-0.315123
-0.313778
-0.312609
-0.311612
-0.310775
-0.310093
-0.309553
-0.309152
-0.308877
-0.308726
-0.308688
-0.308759
-0.308928
-0.309194
-0.309547
-0.309983
-0.310494
-0.311077
-0.311722
-0.312429
-0.313187
-0.313993
-0.314834
-0.315714
-0.316658
-0.317672
-0.31833
-0.317453
-0.896269
-0.897
-0.89822
-0.899959
-0.902215
-0.904985
-0.908263
-0.912044
-0.916323
-0.921092
-0.926345
-0.932073
-0.938266
-0.944915
-0.95201
-0.959539
-0.96749
-0.975851
-0.984608
-0.993748
-1.00325
-1.01311
-1.02331
-1.03383
-1.04465
-1.05575
-1.06713
-1.07875
-1.0906
-1.10267
-1.11493
-1.12736
-1.13994
-1.15265
-1.16547
-1.17839
-1.19137
-1.2044
-1.21745
-1.23051
-1.24355
-1.25656
-1.26951
-1.28237
-1.29514
-1.30778
-1.32028
-1.33262
-1.34478
-1.35674
-1.36848
-1.37997
-1.39121
-1.40218
-1.41286
-1.42323
-1.43327
-1.44298
-1.45233
-1.46132
-1.46993
-1.47815
-1.48597
-1.49337
-1.50035
-1.5069
-1.51301
-1.51867
-1.52387
-1.52862
-1.5329
-1.53671
-1.54005
-1.54292
-1.54531
-1.54722
-1.54865
-1.5496
-1.55007
-1.55007
-1.54959
-1.54865
-1.54723
-1.54536
-1.54303
-1.54025
-1.53697
-1.53321
-1.52903
-1.52443
-1.51942
-1.51401
-1.5082
-1.50201
-1.49544
-1.4885
-1.48121
-1.47357
-1.4656
-1.4573
-1.44869
-1.43977
-1.43057
-1.42108
-1.41132
-1.4013
-1.39104
-1.38054
-1.36981
-1.35887
-1.34772
-1.33638
-1.32485
-1.31315
-1.30129
-1.28927
-1.2771
-1.2648
-1.25237
-1.23981
-1.22715
-1.21438
-1.20152
-1.18856
-1.17552
-1.16241
-1.14922
-1.13596
-1.12265
-1.10928
-1.09586
-1.0824
-1.06889
-1.05534
-1.04177
-1.02816
-1.01453
-1.00087
-0.987204
-0.973519
-0.959825
-0.946125
-0.932425
-0.918727
-0.905038
-0.891362
-0.877704
-0.864068
-0.850461
-0.836889
-0.823356
-0.809869
-0.796433
-0.783055
-0.76974
-0.756496
-0.743327
-0.730242
-0.717245
-0.704344
-0.691545
-0.678857
-0.666285
-0.653839
-0.641523
-0.62935
-0.617324
-0.605457
-0.593755
-0.58223
-0.570886
-0.559737
-0.548788
-0.538052
-0.527531
-0.51724
-0.507179
-0.497363
-0.48779
-0.478474
-0.469412
-0.460615
-0.452082
-0.443819
-0.435825
-0.428114
-0.420689
-0.413545
-0.406577
-0.399683
-0.392896
-0.386337
-0.380052
-0.374055
-0.368336
-0.362896
-0.357728
-0.352838
-0.348217
-0.34387
-0.339787
-0.33597
-0.332409
-0.329104
-0.326043
-0.323226
-0.320639
-0.318281
-0.316139
-0.314209
-0.312479
-0.310944
-0.309591
-0.308417
-0.307407
-0.306559
-0.305858
-0.305303
-0.304879
-0.304584
-0.304406
-0.304343
-0.304382
-0.304522
-0.304751
-0.305067
-0.305461
-0.305931
-0.306466
-0.307062
-0.307711
-0.308419
-0.309175
-0.309968
-0.310786
-0.311634
-0.312537
-0.313491
-0.314073
-0.313209
-0.906943
-0.907685
-0.908921
-0.910681
-0.912964
-0.915767
-0.919083
-0.922909
-0.927238
-0.932063
-0.937378
-0.943173
-0.949439
-0.956167
-0.963345
-0.970963
-0.979008
-0.987468
-0.996329
-1.00558
-1.0152
-1.02517
-1.03549
-1.04613
-1.05708
-1.06831
-1.07982
-1.09158
-1.10357
-1.11578
-1.12818
-1.14075
-1.15347
-1.16633
-1.1793
-1.19235
-1.20548
-1.21865
-1.23185
-1.24505
-1.25823
-1.27137
-1.28445
-1.29745
-1.31035
-1.32311
-1.33574
-1.34819
-1.36047
-1.37253
-1.38437
-1.39597
-1.4073
-1.41835
-1.42911
-1.43955
-1.44967
-1.45943
-1.46884
-1.47788
-1.48653
-1.49478
-1.50262
-1.51004
-1.51703
-1.52357
-1.52968
-1.53532
-1.5405
-1.54521
-1.54945
-1.55321
-1.55649
-1.55928
-1.56159
-1.56341
-1.56474
-1.56559
-1.56594
-1.56581
-1.5652
-1.56411
-1.56254
-1.5605
-1.55799
-1.55502
-1.55155
-1.54759
-1.54319
-1.53836
-1.5331
-1.52743
-1.52136
-1.51488
-1.50802
-1.50078
-1.49318
-1.48521
-1.4769
-1.46826
-1.45929
-1.45
-1.44042
-1.43054
-1.42038
-1.40996
-1.39928
-1.38835
-1.37719
-1.3658
-1.3542
-1.3424
-1.33041
-1.31824
-1.30589
-1.29339
-1.28073
-1.26793
-1.25499
-1.24193
-1.22876
-1.21547
-1.20209
-1.18861
-1.17505
-1.16141
-1.14769
-1.13391
-1.12007
-1.10618
-1.09223
-1.07825
-1.06422
-1.05016
-1.03607
-1.02196
-1.00783
-0.993677
-0.979519
-0.965355
-0.95119
-0.937028
-0.922874
-0.908735
-0.894614
-0.880518
-0.866451
-0.852421
-0.838433
-0.824493
-0.810608
-0.796784
-0.783028
-0.769347
-0.755747
-0.742237
-0.728822
-0.715511
-0.702309
-0.689226
-0.676268
-0.663443
-0.650758
-0.638222
-0.625841
-0.613626
-0.601581
-0.589718
-0.578042
-0.566564
-0.555289
-0.544228
-0.533386
-0.522773
-0.512393
-0.502257
-0.492366
-0.482732
-0.473354
-0.464242
-0.455396
-0.446824
-0.438522
-0.4305
-0.422752
-0.415285
-0.408095
-0.401192
-0.394579
-0.388249
-0.382129
-0.376135
-0.370254
-0.364579
-0.359173
-0.354048
-0.349194
-0.34461
-0.340286
-0.336223
-0.332413
-0.328856
-0.325542
-0.322472
-0.319634
-0.317026
-0.314637
-0.312464
-0.310495
-0.308728
-0.307148
-0.305753
-0.30453
-0.303475
-0.302575
-0.301827
-0.301218
-0.300745
-0.300395
-0.300167
-0.300046
-0.300032
-0.300112
-0.300285
-0.30054
-0.300873
-0.301279
-0.301763
-0.302307
-0.3029
-0.303536
-0.304214
-0.304928
-0.305673
-0.30644
-0.307232
-0.308073
-0.308952
-0.309445
-0.308595
-0.91475
-0.915503
-0.916752
-0.918532
-0.920842
-0.923676
-0.927031
-0.9309
-0.93528
-0.940161
-0.945538
-0.9514
-0.95774
-0.964547
-0.97181
-0.979518
-0.987659
-0.996219
-1.00519
-1.01454
-1.02428
-1.03437
-1.04481
-1.05558
-1.06665
-1.07802
-1.08966
-1.10156
-1.11369
-1.12604
-1.13858
-1.1513
-1.16417
-1.17717
-1.19028
-1.20349
-1.21676
-1.23008
-1.24342
-1.25676
-1.27008
-1.28336
-1.29658
-1.30971
-1.32273
-1.33563
-1.34838
-1.36095
-1.37334
-1.38552
-1.39746
-1.40916
-1.42059
-1.43173
-1.44257
-1.4531
-1.46328
-1.47312
-1.48259
-1.49167
-1.50037
-1.50866
-1.51653
-1.52398
-1.53098
-1.53754
-1.54364
-1.54928
-1.55444
-1.55913
-1.56334
-1.56706
-1.57029
-1.57303
-1.57527
-1.57702
-1.57827
-1.57902
-1.57928
-1.57904
-1.57831
-1.57709
-1.57539
-1.5732
-1.57055
-1.56742
-1.56379
-1.55964
-1.55505
-1.55002
-1.54455
-1.53865
-1.53234
-1.52562
-1.5185
-1.51099
-1.5031
-1.49485
-1.48624
-1.47729
-1.468
-1.45839
-1.44847
-1.43824
-1.42773
-1.41695
-1.40589
-1.39459
-1.38304
-1.37126
-1.35926
-1.34706
-1.33465
-1.32206
-1.30929
-1.29635
-1.28326
-1.27002
-1.25665
-1.24314
-1.22952
-1.21579
-1.20195
-1.18802
-1.174
-1.15991
-1.14574
-1.13151
-1.11721
-1.10287
-1.08848
-1.07405
-1.05958
-1.04509
-1.03057
-1.01604
-1.00149
-0.986935
-0.972376
-0.957821
-0.943273
-0.928738
-0.914223
-0.899731
-0.88527
-0.870846
-0.856463
-0.842129
-0.827851
-0.813634
-0.799486
-0.785415
-0.771426
-0.757528
-0.743728
-0.730033
-0.716451
-0.70299
-0.689656
-0.67646
-0.663406
-0.650505
-0.637762
-0.625187
-0.612786
-0.600568
-0.58854
-0.57671
-0.565085
-0.553674
-0.542481
-0.531517
-0.520785
-0.510295
-0.50005
-0.490059
-0.480324
-0.470853
-0.461646
-0.452712
-0.44405
-0.435666
-0.427559
-0.419733
-0.412186
-0.404922
-0.397937
-0.391233
-0.384806
-0.378663
-0.372803
-0.367223
-0.361889
-0.356724
-0.351675
-0.346801
-0.342168
-0.3378
-0.333691
-0.32984
-0.326233
-0.322868
-0.319737
-0.316837
-0.314159
-0.311701
-0.309452
-0.307408
-0.305559
-0.303901
-0.302421
-0.301118
-0.299977
-0.298995
-0.298161
-0.297471
-0.296912
-0.29648
-0.296164
-0.295962
-0.295862
-0.295859
-0.29595
-0.29614
-0.296408
-0.296742
-0.297133
-0.297583
-0.298082
-0.298629
-0.299215
-0.29984
-0.300494
-0.301176
-0.301875
-0.302595
-0.303359
-0.304147
-0.304536
-0.303698
-0.919536
-0.920296
-0.921558
-0.923357
-0.925692
-0.928557
-0.93195
-0.935863
-0.940293
-0.945231
-0.95067
-0.956601
-0.963015
-0.969902
-0.977252
-0.985051
-0.993288
-1.00195
-1.01102
-1.02049
-1.03034
-1.04056
-1.05112
-1.06201
-1.07322
-1.08472
-1.0965
-1.10854
-1.12081
-1.1333
-1.14599
-1.15885
-1.17187
-1.18502
-1.19828
-1.21164
-1.22505
-1.23852
-1.252
-1.26549
-1.27896
-1.29238
-1.30573
-1.319
-1.33216
-1.34518
-1.35806
-1.37076
-1.38326
-1.39555
-1.40761
-1.41941
-1.43094
-1.44218
-1.45311
-1.46371
-1.47398
-1.48389
-1.49342
-1.50257
-1.51132
-1.51966
-1.52757
-1.53505
-1.54208
-1.54865
-1.55477
-1.56041
-1.56558
-1.57026
-1.57445
-1.57814
-1.58134
-1.58404
-1.58624
-1.58793
-1.58911
-1.58979
-1.58997
-1.58965
-1.58882
-1.5875
-1.58568
-1.58338
-1.58059
-1.57733
-1.57356
-1.56929
-1.56453
-1.55932
-1.55367
-1.54758
-1.54107
-1.53413
-1.52679
-1.51905
-1.51093
-1.50242
-1.49356
-1.48434
-1.47477
-1.46488
-1.45466
-1.44414
-1.43332
-1.42222
-1.41085
-1.39922
-1.38733
-1.37521
-1.36287
-1.35031
-1.33755
-1.32459
-1.31146
-1.29815
-1.28469
-1.27107
-1.25732
-1.24343
-1.22943
-1.21531
-1.20109
-1.18677
-1.17237
-1.15789
-1.14334
-1.12873
-1.11406
-1.09934
-1.08458
-1.06978
-1.05495
-1.0401
-1.02524
-1.01036
-0.995472
-0.980588
-0.965709
-0.950842
-0.935992
-0.921166
-0.906369
-0.891607
-0.876886
-0.862213
-0.847594
-0.833036
-0.818546
-0.804131
-0.789798
-0.775554
-0.761406
-0.747364
-0.733433
-0.719622
-0.705938
-0.69239
-0.678984
-0.665729
-0.652633
-0.639704
-0.626948
-0.614375
-0.601989
-0.589802
-0.577816
-0.566044
-0.554488
-0.543158
-0.532057
-0.521196
-0.510576
-0.500207
-0.49009
-0.480235
-0.470641
-0.461317
-0.452261
-0.443483
-0.434978
-0.426755
-0.418809
-0.411146
-0.403763
-0.396663
-0.38984
-0.3833
-0.377034
-0.371046
-0.365328
-0.359884
-0.354712
-0.349813
-0.345173
-0.340742
-0.336453
-0.332303
-0.328344
-0.324631
-0.321159
-0.317928
-0.314924
-0.312144
-0.309576
-0.307219
-0.305061
-0.3031
-0.301324
-0.299731
-0.298308
-0.297054
-0.295954
-0.295004
-0.294194
-0.293521
-0.292973
-0.292546
-0.292234
-0.292044
-0.291955
-0.291951
-0.292023
-0.292172
-0.292387
-0.292667
-0.293002
-0.293392
-0.293827
-0.294307
-0.294823
-0.295372
-0.295947
-0.296546
-0.297158
-0.297787
-0.298456
-0.299137
-0.29941
-0.298581
-0.921158
-0.921924
-0.923197
-0.925013
-0.927373
-0.930269
-0.933699
-0.937657
-0.942137
-0.947132
-0.952634
-0.958634
-0.965124
-0.972093
-0.979529
-0.987421
-0.995757
-1.00452
-1.0137
-1.02329
-1.03325
-1.04359
-1.05428
-1.0653
-1.07664
-1.08828
-1.1002
-1.11238
-1.1248
-1.13743
-1.15027
-1.16328
-1.17645
-1.18975
-1.20316
-1.21666
-1.23023
-1.24384
-1.25748
-1.27111
-1.28472
-1.29829
-1.31179
-1.32519
-1.33848
-1.35164
-1.36465
-1.37747
-1.3901
-1.40251
-1.41468
-1.42659
-1.43822
-1.44956
-1.46059
-1.47128
-1.48163
-1.49162
-1.50123
-1.51044
-1.51926
-1.52765
-1.53561
-1.54313
-1.5502
-1.55681
-1.56295
-1.56861
-1.57379
-1.57847
-1.58266
-1.58635
-1.58953
-1.59221
-1.59437
-1.59603
-1.59717
-1.5978
-1.59792
-1.59753
-1.59663
-1.59523
-1.59333
-1.59093
-1.58804
-1.58466
-1.58081
-1.57643
-1.57154
-1.56619
-1.56039
-1.55415
-1.54747
-1.54036
-1.53283
-1.5249
-1.51658
-1.50787
-1.49879
-1.48934
-1.47955
-1.46942
-1.45896
-1.44819
-1.43711
-1.42575
-1.41411
-1.4022
-1.39003
-1.37763
-1.36499
-1.35214
-1.33908
-1.32582
-1.31238
-1.29876
-1.28499
-1.27106
-1.25699
-1.24278
-1.22846
-1.21402
-1.19948
-1.18485
-1.17013
-1.15534
-1.14047
-1.12555
-1.11057
-1.09555
-1.08049
-1.0654
-1.05028
-1.03515
-1.02001
-1.00486
-0.98971
-0.974571
-0.959446
-0.944342
-0.929263
-0.914218
-0.899212
-0.884251
-0.869342
-0.854492
-0.839707
-0.824995
-0.810362
-0.795815
-0.781362
-0.767011
-0.752768
-0.738641
-0.724639
-0.710768
-0.697037
-0.683454
-0.670025
-0.656759
-0.643663
-0.630747
-0.618014
-0.605475
-0.593135
-0.581004
-0.569084
-0.557387
-0.545915
-0.534677
-0.523676
-0.512922
-0.502415
-0.492164
-0.482171
-0.472443
-0.462979
-0.453788
-0.444868
-0.436225
-0.427857
-0.41977
-0.411961
-0.404433
-0.397184
-0.390216
-0.383525
-0.377112
-0.370972
-0.365107
-0.359509
-0.35418
-0.349111
-0.344304
-0.339753
-0.335461
-0.331417
-0.327613
-0.323986
-0.320493
-0.317144
-0.31399
-0.311057
-0.308344
-0.305841
-0.303542
-0.301436
-0.299518
-0.297777
-0.296208
-0.294801
-0.293557
-0.292462
-0.29151
-0.290697
-0.290033
-0.289492
-0.289058
-0.288722
-0.288484
-0.288331
-0.288262
-0.288267
-0.288345
-0.288486
-0.28869
-0.288946
-0.289253
-0.289602
-0.289992
-0.290414
-0.290867
-0.291343
-0.291838
-0.292344
-0.292866
-0.293423
-0.29398
-0.294123
-0.2933
-0.919495
-0.920266
-0.921548
-0.923381
-0.925764
-0.928691
-0.932159
-0.936161
-0.940692
-0.945744
-0.951311
-0.957382
-0.963949
-0.971
-0.978525
-0.986512
-0.994948
-1.00382
-1.01311
-1.02281
-1.0329
-1.04336
-1.05417
-1.06533
-1.07681
-1.08859
-1.10065
-1.11297
-1.12553
-1.13832
-1.1513
-1.16447
-1.17779
-1.19124
-1.20481
-1.21846
-1.23218
-1.24595
-1.25973
-1.27352
-1.28728
-1.30099
-1.31463
-1.32817
-1.34161
-1.3549
-1.36804
-1.38099
-1.39375
-1.40628
-1.41857
-1.4306
-1.44234
-1.45379
-1.46492
-1.47571
-1.48615
-1.49622
-1.50592
-1.51521
-1.52409
-1.53255
-1.54058
-1.54815
-1.55527
-1.56192
-1.5681
-1.57379
-1.579
-1.5837
-1.58791
-1.5916
-1.59479
-1.59746
-1.59962
-1.60126
-1.60238
-1.60298
-1.60307
-1.60264
-1.60169
-1.60024
-1.59828
-1.59581
-1.59285
-1.5894
-1.58547
-1.58101
-1.57602
-1.57057
-1.56466
-1.5583
-1.55149
-1.54425
-1.53659
-1.52851
-1.52003
-1.51115
-1.5019
-1.49228
-1.4823
-1.47198
-1.46133
-1.45036
-1.43908
-1.4275
-1.41564
-1.40351
-1.39112
-1.37848
-1.36561
-1.35252
-1.33922
-1.32572
-1.31203
-1.29817
-1.28414
-1.26996
-1.25563
-1.24118
-1.2266
-1.21191
-1.19712
-1.18224
-1.16727
-1.15223
-1.13712
-1.12195
-1.10674
-1.09148
-1.07619
-1.06087
-1.04553
-1.03019
-1.01483
-0.999483
-0.984141
-0.968815
-0.953511
-0.938236
-0.922995
-0.907797
-0.892647
-0.877552
-0.862519
-0.847555
-0.832665
-0.817859
-0.803142
-0.788523
-0.774006
-0.759603
-0.745317
-0.73116
-0.717135
-0.703254
-0.689521
-0.675946
-0.662535
-0.649297
-0.636238
-0.623367
-0.610688
-0.598212
-0.585942
-0.573887
-0.562052
-0.550445
-0.53907
-0.527934
-0.51704
-0.506396
-0.496003
-0.48587
-0.475995
-0.466388
-0.457046
-0.447977
-0.439179
-0.430658
-0.42241
-0.414442
-0.406749
-0.399336
-0.392197
-0.385338
-0.378751
-0.372441
-0.366399
-0.360628
-0.35512
-0.349877
-0.34489
-0.34016
-0.335678
-0.331443
-0.327447
-0.323693
-0.320174
-0.316883
-0.313797
-0.310871
-0.308067
-0.305406
-0.30292
-0.300632
-0.298534
-0.296623
-0.294883
-0.293309
-0.291904
-0.29067
-0.289576
-0.288612
-0.287771
-0.287051
-0.286438
-0.285929
-0.285515
-0.285195
-0.284959
-0.284803
-0.284719
-0.284705
-0.284751
-0.284855
-0.285008
-0.28521
-0.285451
-0.285729
-0.286037
-0.286373
-0.286729
-0.287103
-0.287485
-0.287881
-0.28831
-0.288726
-0.288727
-0.287907
-0.914444
-0.915218
-0.916508
-0.918357
-0.920763
-0.923721
-0.927227
-0.931274
-0.935857
-0.940968
-0.9466
-0.952743
-0.959389
-0.966525
-0.974142
-0.982225
-0.990764
-0.999742
-1.00915
-1.01896
-1.02917
-1.03976
-1.05071
-1.062
-1.07362
-1.08554
-1.09774
-1.11021
-1.12293
-1.13586
-1.149
-1.16232
-1.1758
-1.18941
-1.20313
-1.21694
-1.23082
-1.24474
-1.25868
-1.27262
-1.28653
-1.30039
-1.31418
-1.32787
-1.34145
-1.35489
-1.36816
-1.38125
-1.39414
-1.4068
-1.41922
-1.43136
-1.44323
-1.45479
-1.46603
-1.47692
-1.48747
-1.49764
-1.50742
-1.5168
-1.52577
-1.5343
-1.5424
-1.55005
-1.55723
-1.56394
-1.57017
-1.57591
-1.58115
-1.5859
-1.59013
-1.59385
-1.59706
-1.59975
-1.60192
-1.60356
-1.60468
-1.60528
-1.60536
-1.60491
-1.60395
-1.60247
-1.60048
-1.59798
-1.59497
-1.59148
-1.58749
-1.58298
-1.57794
-1.57242
-1.56644
-1.56
-1.5531
-1.54577
-1.538
-1.52982
-1.52123
-1.51224
-1.50286
-1.49311
-1.483
-1.47255
-1.46175
-1.45063
-1.4392
-1.42747
-1.41544
-1.40315
-1.39058
-1.37777
-1.36473
-1.35145
-1.33797
-1.32428
-1.31041
-1.29636
-1.28214
-1.26777
-1.25325
-1.23861
-1.22384
-1.20896
-1.19398
-1.17891
-1.16376
-1.14853
-1.13324
-1.1179
-1.10251
-1.08708
-1.07162
-1.05615
-1.04065
-1.02516
-1.00966
-0.994171
-0.978697
-0.963247
-0.947826
-0.932441
-0.9171
-0.901809
-0.886573
-0.871403
-0.856302
-0.841279
-0.82634
-0.811494
-0.796745
-0.782103
-0.767574
-0.753166
-0.738884
-0.72474
-0.710737
-0.696885
-0.68319
-0.669661
-0.656302
-0.643125
-0.630132
-0.617335
-0.604736
-0.592345
-0.580166
-0.568207
-0.556472
-0.544969
-0.533701
-0.522675
-0.511894
-0.501364
-0.491088
-0.481071
-0.471314
-0.461823
-0.452597
-0.443642
-0.434957
-0.426546
-0.418406
-0.410543
-0.402951
-0.395636
-0.388592
-0.381822
-0.375321
-0.369091
-0.363126
-0.357427
-0.351987
-0.346806
-0.341877
-0.337199
-0.332765
-0.328574
-0.324615
-0.320888
-0.317381
-0.314095
-0.311021
-0.308164
-0.305509
-0.303033
-0.300688
-0.298461
-0.296379
-0.294468
-0.292717
-0.291125
-0.289685
-0.288388
-0.28722
-0.286178
-0.285254
-0.284445
-0.283742
-0.28314
-0.28263
-0.282209
-0.281869
-0.281605
-0.28141
-0.281281
-0.281209
-0.281192
-0.281222
-0.281298
-0.28141
-0.281557
-0.281732
-0.281932
-0.282151
-0.282384
-0.282625
-0.28288
-0.283164
-0.283423
-0.283268
-0.282447
-0.905924
-0.906698
-0.907995
-0.90986
-0.91229
-0.915279
-0.918823
-0.922916
-0.927552
-0.932723
-0.938422
-0.944639
-0.951365
-0.958588
-0.966298
-0.974481
-0.983124
-0.992213
-1.00173
-1.01167
-1.02201
-1.03272
-1.04381
-1.05524
-1.067
-1.07906
-1.09141
-1.10403
-1.1169
-1.12999
-1.14329
-1.15676
-1.1704
-1.18417
-1.19805
-1.21202
-1.22606
-1.24014
-1.25424
-1.26834
-1.28241
-1.29642
-1.31037
-1.32421
-1.33794
-1.35152
-1.36494
-1.37818
-1.3912
-1.404
-1.41655
-1.42883
-1.44082
-1.45251
-1.46386
-1.47488
-1.48554
-1.49581
-1.5057
-1.51518
-1.52425
-1.53288
-1.54106
-1.54879
-1.55605
-1.56284
-1.56914
-1.57494
-1.58025
-1.58505
-1.58934
-1.59311
-1.59636
-1.59909
-1.60129
-1.60297
-1.60411
-1.60473
-1.60482
-1.60439
-1.60343
-1.60196
-1.59996
-1.59746
-1.59445
-1.59094
-1.58693
-1.5824
-1.57734
-1.5718
-1.56578
-1.5593
-1.55236
-1.54497
-1.53715
-1.5289
-1.52024
-1.51117
-1.50172
-1.49189
-1.48169
-1.47114
-1.46025
-1.44902
-1.43748
-1.42564
-1.4135
-1.40109
-1.38841
-1.37548
-1.36231
-1.34892
-1.33531
-1.3215
-1.30749
-1.29331
-1.27897
-1.26447
-1.24982
-1.23505
-1.22015
-1.20515
-1.19004
-1.17485
-1.15958
-1.14423
-1.12882
-1.11336
-1.09786
-1.08233
-1.06676
-1.05118
-1.0356
-1.02001
-1.00443
-0.988858
-0.973312
-0.957795
-0.942314
-0.926877
-0.911489
-0.896159
-0.880892
-0.865697
-0.85058
-0.835548
-0.820608
-0.805769
-0.791035
-0.776415
-0.761915
-0.747544
-0.733308
-0.719215
-0.70527
-0.691483
-0.677859
-0.664407
-0.651131
-0.638042
-0.625142
-0.612442
-0.599945
-0.587659
-0.575589
-0.563742
-0.552121
-0.540734
-0.529583
-0.518676
-0.508013
-0.497603
-0.487444
-0.477545
-0.467904
-0.458528
-0.449414
-0.440569
-0.43199
-0.423682
-0.415642
-0.407874
-0.400374
-0.393145
-0.386182
-0.379489
-0.37306
-0.366898
-0.360994
-0.355351
-0.34996
-0.344822
-0.339929
-0.335279
-0.330867
-0.326695
-0.322753
-0.319037
-0.315536
-0.31225
-0.309177
-0.306322
-0.303663
-0.301191
-0.298896
-0.296779
-0.294806
-0.292937
-0.291153
-0.289482
-0.287949
-0.286558
-0.285297
-0.284162
-0.28314
-0.282229
-0.281417
-0.280703
-0.280077
-0.279536
-0.279071
-0.27868
-0.278354
-0.278091
-0.277883
-0.277727
-0.277615
-0.277546
-0.277511
-0.27751
-0.277533
-0.277581
-0.277644
-0.277721
-0.277805
-0.277901
-0.278026
-0.278114
-0.27779
-0.276967
-0.893867
-0.894641
-0.895944
-0.897823
-0.900276
-0.903296
-0.906879
-0.911018
-0.915708
-0.92094
-0.926707
-0.932998
-0.939806
-0.947117
-0.954921
-0.963205
-0.971955
-0.981156
-0.990795
-1.00085
-1.01132
-1.02217
-1.03339
-1.04496
-1.05686
-1.06907
-1.08158
-1.09435
-1.10738
-1.12063
-1.13408
-1.14772
-1.16152
-1.17545
-1.1895
-1.20364
-1.21784
-1.23208
-1.24635
-1.26061
-1.27484
-1.28902
-1.30312
-1.31713
-1.33101
-1.34475
-1.35833
-1.37171
-1.38489
-1.39783
-1.41053
-1.42295
-1.43508
-1.4469
-1.45839
-1.46954
-1.48032
-1.49072
-1.50073
-1.51033
-1.51951
-1.52825
-1.53654
-1.54437
-1.55173
-1.55861
-1.565
-1.5709
-1.57629
-1.58117
-1.58554
-1.58938
-1.5927
-1.59549
-1.59776
-1.59949
-1.60069
-1.60136
-1.6015
-1.60111
-1.60019
-1.59875
-1.59678
-1.59431
-1.59132
-1.58783
-1.58384
-1.57932
-1.57428
-1.56875
-1.56274
-1.55625
-1.54931
-1.54191
-1.53407
-1.52581
-1.51712
-1.50803
-1.49854
-1.48866
-1.47842
-1.46782
-1.45687
-1.44559
-1.43399
-1.42209
-1.40989
-1.39741
-1.38467
-1.37168
-1.35844
-1.34497
-1.33129
-1.31741
-1.30333
-1.28908
-1.27466
-1.26009
-1.24537
-1.23053
-1.21556
-1.20049
-1.18532
-1.17006
-1.15472
-1.13931
-1.12384
-1.10832
-1.09276
-1.07717
-1.06156
-1.04594
-1.03031
-1.01469
-0.999078
-0.983486
-0.967919
-0.952389
-0.9369
-0.921461
-0.906077
-0.890757
-0.875507
-0.860335
-0.845247
-0.830251
-0.815354
-0.800563
-0.785884
-0.771327
-0.756895
-0.742598
-0.728441
-0.714434
-0.70058
-0.686889
-0.673365
-0.660018
-0.646851
-0.633874
-0.621091
-0.608509
-0.596133
-0.583971
-0.572025
-0.560304
-0.54881
-0.53755
-0.526527
-0.515746
-0.505209
-0.494922
-0.484886
-0.475107
-0.465583
-0.456321
-0.447319
-0.438581
-0.430105
-0.421895
-0.413949
-0.406269
-0.398851
-0.391698
-0.384805
-0.378175
-0.371804
-0.365695
-0.359841
-0.354241
-0.348889
-0.343784
-0.338918
-0.334292
-0.329907
-0.325763
-0.321839
-0.31813
-0.314629
-0.311337
-0.308245
-0.305347
-0.302628
-0.300087
-0.297716
-0.295514
-0.293472
-0.291588
-0.289846
-0.28822
-0.286669
-0.285195
-0.28382
-0.282566
-0.281425
-0.280392
-0.279456
-0.278613
-0.277854
-0.277176
-0.276571
-0.276036
-0.275564
-0.275151
-0.274789
-0.274478
-0.274208
-0.273978
-0.273781
-0.273614
-0.273471
-0.27335
-0.273243
-0.273149
-0.273061
-0.272985
-0.272935
-0.272838
-0.272338
-0.271508
-0.878234
-0.879008
-0.880317
-0.882211
-0.884686
-0.887737
-0.891358
-0.895543
-0.900287
-0.90558
-0.911416
-0.917783
-0.924674
-0.932074
-0.939975
-0.94836
-0.957219
-0.966535
-0.976294
-0.986478
-0.997073
-1.00806
-1.01942
-1.03113
-1.04319
-1.05555
-1.06821
-1.08114
-1.09433
-1.10774
-1.12136
-1.13517
-1.14913
-1.16324
-1.17745
-1.19176
-1.20614
-1.22055
-1.23499
-1.24942
-1.26382
-1.27817
-1.29244
-1.30662
-1.32067
-1.33458
-1.34832
-1.36186
-1.3752
-1.38831
-1.40116
-1.41373
-1.42602
-1.43799
-1.44963
-1.46092
-1.47184
-1.48239
-1.49253
-1.50226
-1.51157
-1.52044
-1.52886
-1.53681
-1.54429
-1.55128
-1.55779
-1.56379
-1.56929
-1.57427
-1.57874
-1.58268
-1.58609
-1.58897
-1.59132
-1.59314
-1.59442
-1.59516
-1.59537
-1.59505
-1.5942
-1.59283
-1.59092
-1.5885
-1.58557
-1.58213
-1.57819
-1.57373
-1.56874
-1.56326
-1.55729
-1.55084
-1.54393
-1.53656
-1.52875
-1.52051
-1.51184
-1.50277
-1.49329
-1.48343
-1.4732
-1.4626
-1.45166
-1.44038
-1.42878
-1.41687
-1.40467
-1.39219
-1.37943
-1.36642
-1.35317
-1.33969
-1.32599
-1.31209
-1.29799
-1.28372
-1.26928
-1.25469
-1.23995
-1.22508
-1.21009
-1.19499
-1.1798
-1.16452
-1.14916
-1.13374
-1.11826
-1.10274
-1.08718
-1.07159
-1.05599
-1.04037
-1.02476
-1.00915
-0.993559
-0.977993
-0.962458
-0.946966
-0.931521
-0.916131
-0.900798
-0.885533
-0.870342
-0.855236
-0.840218
-0.825298
-0.810482
-0.795778
-0.78119
-0.766729
-0.752399
-0.738208
-0.724162
-0.710269
-0.696533
-0.682964
-0.669566
-0.656347
-0.643312
-0.630468
-0.617819
-0.605374
-0.593136
-0.581111
-0.569304
-0.557721
-0.546364
-0.535241
-0.524352
-0.513704
-0.503298
-0.493141
-0.48323
-0.473573
-0.464169
-0.455021
-0.44613
-0.437498
-0.429124
-0.421012
-0.413157
-0.405564
-0.398227
-0.391151
-0.384329
-0.377768
-0.371465
-0.365417
-0.359613
-0.354055
-0.348737
-0.34366
-0.338817
-0.334209
-0.329827
-0.325666
-0.321714
-0.31797
-0.314428
-0.311086
-0.307934
-0.30497
-0.302183
-0.29957
-0.297121
-0.294833
-0.292697
-0.290708
-0.28886
-0.287149
-0.285565
-0.284096
-0.282706
-0.281373
-0.280105
-0.278929
-0.277849
-0.276862
-0.275956
-0.275129
-0.27437
-0.273678
-0.273045
-0.272468
-0.27194
-0.271459
-0.271018
-0.270614
-0.27024
-0.269894
-0.269571
-0.269267
-0.268977
-0.268699
-0.268426
-0.268165
-0.267929
-0.267635
-0.266949
-0.266111
-0.859019
-0.859793
-0.861107
-0.863015
-0.865514
-0.868596
-0.872256
-0.876488
-0.881286
-0.886642
-0.892548
-0.898993
-0.905967
-0.913459
-0.921458
-0.929948
-0.938918
-0.948351
-0.958233
-0.968546
-0.979275
-0.9904
-1.0019
-1.01377
-1.02597
-1.03849
-1.05131
-1.06441
-1.07776
-1.09134
-1.10513
-1.11911
-1.13325
-1.14753
-1.16192
-1.17641
-1.19096
-1.20555
-1.22017
-1.23478
-1.24936
-1.26389
-1.27834
-1.2927
-1.30693
-1.32101
-1.33492
-1.34865
-1.36216
-1.37544
-1.38846
-1.4012
-1.41366
-1.42579
-1.4376
-1.44905
-1.46013
-1.47083
-1.48114
-1.49102
-1.50048
-1.50949
-1.51806
-1.52615
-1.53377
-1.5409
-1.54754
-1.55368
-1.55931
-1.56442
-1.569
-1.57306
-1.5766
-1.57959
-1.58206
-1.58398
-1.58537
-1.58622
-1.58653
-1.58631
-1.58556
-1.58427
-1.58247
-1.58013
-1.57729
-1.57393
-1.57007
-1.56571
-1.56082
-1.55542
-1.54952
-1.54315
-1.53631
-1.52901
-1.52127
-1.51309
-1.50448
-1.49547
-1.48605
-1.47624
-1.46606
-1.45552
-1.44462
-1.43339
-1.42183
-1.40997
-1.39781
-1.38536
-1.37265
-1.35967
-1.34646
-1.33301
-1.31934
-1.30548
-1.29141
-1.27717
-1.26277
-1.24821
-1.2335
-1.21867
-1.20372
-1.18866
-1.1735
-1.15826
-1.14294
-1.12756
-1.11212
-1.09664
-1.08113
-1.06559
-1.05004
-1.03448
-1.01892
-1.00337
-0.987846
-0.972347
-0.956883
-0.941463
-0.926094
-0.910786
-0.895541
-0.880371
-0.865279
-0.850276
-0.835366
-0.820559
-0.805859
-0.791276
-0.776813
-0.762481
-0.748283
-0.734229
-0.720321
-0.706571
-0.692981
-0.67956
-0.666311
-0.653244
-0.640362
-0.627673
-0.615179
-0.602889
-0.590806
-0.578936
-0.567283
-0.555852
-0.544646
-0.533672
-0.52293
-0.512426
-0.50216
-0.492139
-0.482362
-0.472834
-0.463553
-0.454526
-0.445748
-0.437226
-0.428955
-0.420941
-0.413179
-0.405672
-0.398417
-0.391417
-0.384667
-0.37817
-0.371917
-0.365907
-0.360133
-0.354597
-0.349293
-0.344221
-0.339374
-0.334751
-0.330344
-0.326151
-0.322164
-0.31838
-0.314791
-0.311395
-0.308181
-0.305148
-0.302285
-0.29959
-0.297052
-0.294669
-0.292431
-0.290335
-0.288371
-0.286536
-0.284822
-0.283226
-0.28174
-0.280359
-0.279057
-0.277807
-0.276597
-0.275449
-0.274379
-0.273387
-0.272463
-0.271604
-0.2708
-0.270049
-0.269343
-0.268682
-0.268057
-0.267467
-0.266905
-0.26637
-0.265854
-0.265357
-0.264873
-0.264398
-0.263929
-0.263474
-0.263039
-0.262538
-0.26166
-0.260812
-0.836241
-0.837015
-0.838335
-0.840258
-0.84278
-0.845894
-0.849594
-0.853874
-0.858728
-0.864148
-0.870125
-0.876649
-0.88371
-0.891295
-0.899395
-0.907992
-0.917076
-0.926628
-0.936637
-0.947081
-0.957948
-0.969215
-0.980867
-0.992882
-1.00524
-1.01792
-1.03091
-1.04417
-1.05769
-1.07145
-1.08542
-1.09957
-1.11389
-1.12835
-1.14293
-1.1576
-1.17234
-1.18713
-1.20193
-1.21673
-1.2315
-1.24622
-1.26086
-1.2754
-1.28982
-1.30409
-1.3182
-1.33211
-1.34581
-1.35927
-1.37248
-1.38541
-1.39805
-1.41037
-1.42235
-1.43399
-1.44525
-1.45613
-1.4666
-1.47666
-1.48629
-1.49547
-1.5042
-1.51246
-1.52024
-1.52754
-1.53434
-1.54063
-1.54641
-1.55167
-1.5564
-1.56061
-1.56429
-1.56743
-1.57003
-1.57209
-1.57362
-1.5746
-1.57505
-1.57496
-1.57433
-1.57317
-1.57149
-1.56928
-1.56655
-1.56332
-1.55958
-1.55534
-1.55057
-1.54528
-1.5395
-1.53325
-1.52652
-1.51933
-1.51169
-1.50362
-1.49512
-1.4862
-1.47688
-1.46718
-1.45709
-1.44664
-1.43584
-1.4247
-1.41323
-1.40146
-1.38938
-1.37702
-1.36439
-1.35151
-1.33837
-1.32501
-1.31142
-1.29764
-1.28366
-1.2695
-1.25517
-1.24069
-1.22607
-1.21131
-1.19644
-1.18147
-1.16639
-1.15123
-1.136
-1.12071
-1.10536
-1.08997
-1.07455
-1.05911
-1.04365
-1.02819
-1.01273
-0.997293
-0.981872
-0.966483
-0.951131
-0.935827
-0.920576
-0.905389
-0.890269
-0.875227
-0.860267
-0.8454
-0.830629
-0.815965
-0.801411
-0.786977
-0.772667
-0.75849
-0.74445
-0.730556
-0.716812
-0.703226
-0.689803
-0.67655
-0.663471
-0.650574
-0.637863
-0.625345
-0.613022
-0.600902
-0.588988
-0.577286
-0.565799
-0.554532
-0.543488
-0.532672
-0.522085
-0.511732
-0.501614
-0.491737
-0.482098
-0.472703
-0.46355
-0.454645
-0.445984
-0.437571
-0.429404
-0.421486
-0.413813
-0.406388
-0.399206
-0.392271
-0.385576
-0.379124
-0.372908
-0.36693
-0.361181
-0.355665
-0.350372
-0.345303
-0.340451
-0.335815
-0.331386
-0.327163
-0.323138
-0.319309
-0.315666
-0.312207
-0.308924
-0.305814
-0.302868
-0.300081
-0.297447
-0.29496
-0.292612
-0.290401
-0.288315
-0.286353
-0.284506
-0.28277
-0.281136
-0.279603
-0.278164
-0.276814
-0.27554
-0.274317
-0.273117
-0.271956
-0.270852
-0.269811
-0.268826
-0.267892
-0.267001
-0.266151
-0.265334
-0.26455
-0.263792
-0.263058
-0.262342
-0.261643
-0.260955
-0.260277
-0.259604
-0.258944
-0.258305
-0.257589
-0.256512
-0.255647
-0.809948
-0.810722
-0.812048
-0.813986
-0.816533
-0.819679
-0.823421
-0.82775
-0.832662
-0.838147
-0.844198
-0.850802
-0.857952
-0.865633
-0.873836
-0.882543
-0.891743
-0.901419
-0.911557
-0.922137
-0.933145
-0.944559
-0.956362
-0.968534
-0.981055
-0.993901
-1.00706
-1.02049
-1.03419
-1.04812
-1.06228
-1.07662
-1.09113
-1.10578
-1.12055
-1.13541
-1.15034
-1.16532
-1.18032
-1.19532
-1.21029
-1.22521
-1.24005
-1.2548
-1.26942
-1.28389
-1.2982
-1.31231
-1.32622
-1.33988
-1.35329
-1.36643
-1.37926
-1.39178
-1.40397
-1.4158
-1.42726
-1.43834
-1.44901
-1.45926
-1.46908
-1.47846
-1.48738
-1.49583
-1.50379
-1.51127
-1.51825
-1.52472
-1.53068
-1.53612
-1.54103
-1.54541
-1.54926
-1.55257
-1.55534
-1.55757
-1.55926
-1.56041
-1.56101
-1.56108
-1.56062
-1.55962
-1.55809
-1.55604
-1.55346
-1.55038
-1.54679
-1.5427
-1.53809
-1.53295
-1.52733
-1.52122
-1.51464
-1.5076
-1.50011
-1.49218
-1.48382
-1.47505
-1.46587
-1.4563
-1.44636
-1.43604
-1.42538
-1.41437
-1.40304
-1.3914
-1.37945
-1.36723
-1.35472
-1.34197
-1.32896
-1.31572
-1.30227
-1.28861
-1.27475
-1.26072
-1.24652
-1.23217
-1.21767
-1.20305
-1.1883
-1.17345
-1.1585
-1.14348
-1.12837
-1.11321
-1.09799
-1.08274
-1.06745
-1.05214
-1.03682
-1.0215
-1.00618
-0.990886
-0.975609
-0.960366
-0.945163
-0.93001
-0.914912
-0.89988
-0.884918
-0.870037
-0.85524
-0.840539
-0.825936
-0.811443
-0.797061
-0.782803
-0.768669
-0.754671
-0.740812
-0.7271
-0.713539
-0.700138
-0.6869
-0.673832
-0.660939
-0.648228
-0.635701
-0.623367
-0.611226
-0.599288
-0.587553
-0.576029
-0.564715
-0.55362
-0.542744
-0.532092
-0.521665
-0.511469
-0.501503
-0.491771
-0.482274
-0.473015
-0.463992
-0.45521
-0.446667
-0.438365
-0.430302
-0.422481
-0.414898
-0.407555
-0.400448
-0.393579
-0.386943
-0.380541
-0.374368
-0.368423
-0.362701
-0.357201
-0.351917
-0.346849
-0.341988
-0.337334
-0.33288
-0.328623
-0.324556
-0.320676
-0.316975
-0.313451
-0.310094
-0.306903
-0.303868
-0.300986
-0.298249
-0.295654
-0.293191
-0.290858
-0.288645
-0.286551
-0.284565
-0.282686
-0.280903
-0.279216
-0.277615
-0.276099
-0.27466
-0.273297
-0.271999
-0.270748
-0.269516
-0.268304
-0.267125
-0.265996
-0.264911
-0.263866
-0.262853
-0.261869
-0.260908
-0.25997
-0.259047
-0.25814
-0.257242
-0.256352
-0.255466
-0.254593
-0.253735
-0.252788
-0.251493
-0.250594
-0.780218
-0.780993
-0.782325
-0.784279
-0.786851
-0.790031
-0.793815
-0.798195
-0.803166
-0.808718
-0.814844
-0.821532
-0.828773
-0.836553
-0.844861
-0.853681
-0.863001
-0.872804
-0.883074
-0.893794
-0.904946
-0.916511
-0.928471
-0.940804
-0.953491
-0.966508
-0.979837
-0.993452
-1.00733
-1.02145
-1.03579
-1.05033
-1.06503
-1.07988
-1.09485
-1.10991
-1.12505
-1.14023
-1.15544
-1.17065
-1.18583
-1.20096
-1.21601
-1.23097
-1.24581
-1.2605
-1.27502
-1.28936
-1.30348
-1.31736
-1.33099
-1.34435
-1.35741
-1.37015
-1.38255
-1.3946
-1.40628
-1.41758
-1.42846
-1.43893
-1.44897
-1.45856
-1.46769
-1.47635
-1.48453
-1.49222
-1.4994
-1.50608
-1.51224
-1.51788
-1.523
-1.52758
-1.53162
-1.53513
-1.5381
-1.54052
-1.54241
-1.54375
-1.54455
-1.5448
-1.54453
-1.54372
-1.54238
-1.54051
-1.53812
-1.53522
-1.53182
-1.52792
-1.52349
-1.51855
-1.51311
-1.50719
-1.50079
-1.49394
-1.48663
-1.47888
-1.4707
-1.46211
-1.45311
-1.44372
-1.43395
-1.42381
-1.41332
-1.40249
-1.39134
-1.37987
-1.3681
-1.35604
-1.34371
-1.33112
-1.31829
-1.30522
-1.29193
-1.27844
-1.26476
-1.25089
-1.23686
-1.22268
-1.20835
-1.19389
-1.17931
-1.16463
-1.14985
-1.13499
-1.12006
-1.10506
-1.09002
-1.07494
-1.05982
-1.04468
-1.02954
-1.01439
-0.99925
-0.984128
-0.96903
-0.953967
-0.938945
-0.923975
-0.909061
-0.894215
-0.87944
-0.864748
-0.850143
-0.835634
-0.821225
-0.806927
-0.792742
-0.778681
-0.764747
-0.750949
-0.73729
-0.72378
-0.71042
-0.697221
-0.684183
-0.671317
-0.658624
-0.646112
-0.633783
-0.621645
-0.609699
-0.597952
-0.586407
-0.575069
-0.563938
-0.553023
-0.542322
-0.531842
-0.521582
-0.511548
-0.501738
-0.492158
-0.482806
-0.473687
-0.464798
-0.456143
-0.44772
-0.439531
-0.431574
-0.423852
-0.416359
-0.4091
-0.402068
-0.395266
-0.388689
-0.382338
-0.376206
-0.370294
-0.364597
-0.359114
-0.353838
-0.348768
-0.343898
-0.339226
-0.334745
-0.330454
-0.326343
-0.322411
-0.31865
-0.315058
-0.311626
-0.308351
-0.305225
-0.302246
-0.299404
-0.296697
-0.294116
-0.291659
-0.289316
-0.287085
-0.284958
-0.282931
-0.280997
-0.279153
-0.277391
-0.275708
-0.274097
-0.272556
-0.271078
-0.269661
-0.268296
-0.266975
-0.265669
-0.264367
-0.263082
-0.261832
-0.260616
-0.259429
-0.258264
-0.257118
-0.255988
-0.25487
-0.253761
-0.25266
-0.251562
-0.250478
-0.249406
-0.248236
-0.246738
-0.245806
-0.747156
-0.747932
-0.749271
-0.751243
-0.753841
-0.757056
-0.760883
-0.765316
-0.770348
-0.775969
-0.782173
-0.788946
-0.79628
-0.804161
-0.812578
-0.821514
-0.830957
-0.840889
-0.851297
-0.862159
-0.873461
-0.885181
-0.897301
-0.9098
-0.922658
-0.935851
-0.94936
-0.96316
-0.977229
-0.991543
-1.00608
-1.02081
-1.03572
-1.05077
-1.06595
-1.08122
-1.09657
-1.11197
-1.1274
-1.14282
-1.15822
-1.17357
-1.18886
-1.20404
-1.21911
-1.23403
-1.24878
-1.26335
-1.27771
-1.29183
-1.3057
-1.31929
-1.33259
-1.34557
-1.35821
-1.37051
-1.38243
-1.39396
-1.40509
-1.4158
-1.42607
-1.4359
-1.44527
-1.45416
-1.46257
-1.47049
-1.47791
-1.48482
-1.49122
-1.49709
-1.50243
-1.50724
-1.51151
-1.51524
-1.51843
-1.52108
-1.52319
-1.52475
-1.52577
-1.52625
-1.52619
-1.5256
-1.52448
-1.52283
-1.52066
-1.51798
-1.51479
-1.5111
-1.5069
-1.50217
-1.49696
-1.49126
-1.48508
-1.47844
-1.47135
-1.46382
-1.45586
-1.44748
-1.4387
-1.42953
-1.41997
-1.41005
-1.39977
-1.38915
-1.37821
-1.36695
-1.35539
-1.34355
-1.33143
-1.31905
-1.30642
-1.29356
-1.28049
-1.2672
-1.25372
-1.24007
-1.22624
-1.21226
-1.19814
-1.18388
-1.16951
-1.15504
-1.14046
-1.12581
-1.11108
-1.09629
-1.08145
-1.06657
-1.05166
-1.03673
-1.02179
-1.00685
-0.991921
-0.977008
-0.962118
-0.947265
-0.932453
-0.917694
-0.902993
-0.888359
-0.873798
-0.859321
-0.84493
-0.830637
-0.816445
-0.802364
-0.788397
-0.774555
-0.760839
-0.747259
-0.733819
-0.720526
-0.707384
-0.694402
-0.68158
-0.668929
-0.656448
-0.644148
-0.632028
-0.620097
-0.608355
-0.59681
-0.585462
-0.574319
-0.563379
-0.552651
-0.542132
-0.531829
-0.521742
-0.511875
-0.502227
-0.492803
-0.483601
-0.474625
-0.465873
-0.457349
-0.449049
-0.440977
-0.433128
-0.425507
-0.418108
-0.410934
-0.403979
-0.397246
-0.390729
-0.38443
-0.378341
-0.372464
-0.366793
-0.361327
-0.356059
-0.350989
-0.34611
-0.341421
-0.336913
-0.332586
-0.328432
-0.324448
-0.320627
-0.316966
-0.313458
-0.310099
-0.306882
-0.303804
-0.300857
-0.298038
-0.295338
-0.292755
-0.29028
-0.287912
-0.285642
-0.283467
-0.28138
-0.279378
-0.277453
-0.275603
-0.27382
-0.272103
-0.270443
-0.26884
-0.267286
-0.26578
-0.264316
-0.262888
-0.261471
-0.260049
-0.25863
-0.257233
-0.25586
-0.254508
-0.253169
-0.251844
-0.250525
-0.249214
-0.247908
-0.246616
-0.245335
-0.243949
-0.242262
-0.241298
-0.7109
-0.711678
-0.713024
-0.715013
-0.717638
-0.72089
-0.724762
-0.729249
-0.734343
-0.740036
-0.746319
-0.75318
-0.760611
-0.768595
-0.777123
-0.786178
-0.795748
-0.805814
-0.816361
-0.82737
-0.838825
-0.850704
-0.86299
-0.875659
-0.888693
-0.902068
-0.915763
-0.929752
-0.944017
-0.958528
-0.973267
-0.988204
-1.00332
-1.01858
-1.03398
-1.04947
-1.06504
-1.08067
-1.09632
-1.11197
-1.12761
-1.1432
-1.15872
-1.17414
-1.18945
-1.20462
-1.21962
-1.23444
-1.24905
-1.26342
-1.27755
-1.2914
-1.30495
-1.31819
-1.3311
-1.34365
-1.35584
-1.36763
-1.37902
-1.38999
-1.40053
-1.41062
-1.42025
-1.4294
-1.43808
-1.44625
-1.45393
-1.4611
-1.46775
-1.47388
-1.47947
-1.48454
-1.48906
-1.49305
-1.49649
-1.49939
-1.50175
-1.50356
-1.50483
-1.50556
-1.50575
-1.50541
-1.50453
-1.50313
-1.50121
-1.49878
-1.49584
-1.4924
-1.48844
-1.48397
-1.47901
-1.47356
-1.46763
-1.46125
-1.45441
-1.44713
-1.43942
-1.43129
-1.42276
-1.41383
-1.40452
-1.39485
-1.38482
-1.37445
-1.36376
-1.35274
-1.34143
-1.32983
-1.31796
-1.30582
-1.29344
-1.28083
-1.26799
-1.25495
-1.24172
-1.2283
-1.21471
-1.20097
-1.18709
-1.17308
-1.15894
-1.14471
-1.13037
-1.11595
-1.10146
-1.08691
-1.07231
-1.05767
-1.04299
-1.0283
-1.0136
-0.998894
-0.984197
-0.969519
-0.954865
-0.940249
-0.925673
-0.91115
-0.896685
-0.882288
-0.867964
-0.853723
-0.839569
-0.825513
-0.811557
-0.797713
-0.783982
-0.770375
-0.756894
-0.743549
-0.730343
-0.717283
-0.704372
-0.69162
-0.679027
-0.666601
-0.654345
-0.642267
-0.630366
-0.618651
-0.607123
-0.595788
-0.584646
-0.573705
-0.562963
-0.552428
-0.542097
-0.531978
-0.522069
-0.512374
-0.502893
-0.49363
-0.484582
-0.475754
-0.467142
-0.458752
-0.450578
-0.442625
-0.434889
-0.427371
-0.420068
-0.412981
-0.406106
-0.399444
-0.392989
-0.386743
-0.3807
-0.374859
-0.369216
-0.363768
-0.35851
-0.353441
-0.348554
-0.343848
-0.339315
-0.334953
-0.330756
-0.326722
-0.322842
-0.319114
-0.31553
-0.312089
-0.308782
-0.305606
-0.302554
-0.299623
-0.296805
-0.294097
-0.291492
-0.288988
-0.286576
-0.284253
-0.282013
-0.279853
-0.277766
-0.275749
-0.273795
-0.271903
-0.270064
-0.268278
-0.266537
-0.26484
-0.26318
-0.261558
-0.259966
-0.258402
-0.256845
-0.255278
-0.253705
-0.252143
-0.250596
-0.249065
-0.247542
-0.246026
-0.244516
-0.243022
-0.241539
-0.239947
-0.238079
-0.237076
-0.671614
-0.672395
-0.673749
-0.675756
-0.67841
-0.681699
-0.685618
-0.69016
-0.695319
-0.701085
-0.70745
-0.714401
-0.721929
-0.73002
-0.738663
-0.74784
-0.757539
-0.767741
-0.778432
-0.789591
-0.801204
-0.813246
-0.825701
-0.838545
-0.85176
-0.865321
-0.879207
-0.893393
-0.907857
-0.922574
-0.937521
-0.952672
-0.968004
-0.983489
-0.999106
-1.01483
-1.03063
-1.04649
-1.06238
-1.07827
-1.09415
-1.10999
-1.12576
-1.14143
-1.157
-1.17243
-1.1877
-1.20278
-1.21766
-1.23231
-1.24671
-1.26083
-1.27467
-1.28819
-1.30137
-1.31421
-1.32668
-1.33875
-1.35043
-1.36169
-1.37251
-1.38288
-1.39279
-1.40224
-1.41119
-1.41966
-1.42762
-1.43507
-1.442
-1.44841
-1.45429
-1.45963
-1.46444
-1.4687
-1.47242
-1.4756
-1.47824
-1.48033
-1.48188
-1.48288
-1.48335
-1.48329
-1.48269
-1.48157
-1.47993
-1.47777
-1.47511
-1.47194
-1.46827
-1.46408
-1.45939
-1.45423
-1.44859
-1.44248
-1.43592
-1.42893
-1.4215
-1.41365
-1.4054
-1.39676
-1.38773
-1.37834
-1.36859
-1.3585
-1.34808
-1.33735
-1.32631
-1.31499
-1.3034
-1.29154
-1.27943
-1.2671
-1.25453
-1.24177
-1.2288
-1.21566
-1.20235
-1.18888
-1.17527
-1.16152
-1.14766
-1.13369
-1.11962
-1.10547
-1.09125
-1.07696
-1.06262
-1.04824
-1.03383
-1.0194
-1.00496
-0.990519
-0.976083
-0.961666
-0.947272
-0.932914
-0.918597
-0.904333
-0.890125
-0.875986
-0.861918
-0.847933
-0.834035
-0.820234
-0.806532
-0.792941
-0.779462
-0.766106
-0.752875
-0.739779
-0.726819
-0.714005
-0.701338
-0.688827
-0.676473
-0.664284
-0.652262
-0.640415
-0.628742
-0.617252
-0.605945
-0.594827
-0.583898
-0.573165
-0.562627
-0.552291
-0.542155
-0.532224
-0.522498
-0.51298
-0.50367
-0.494571
-0.485681
-0.477004
-0.468538
-0.460284
-0.45224
-0.444409
-0.436787
-0.429376
-0.422171
-0.415174
-0.408381
-0.401792
-0.395402
-0.389212
-0.383215
-0.377413
-0.371799
-0.366372
-0.361125
-0.356059
-0.351166
-0.346444
-0.341888
-0.337494
-0.333257
-0.329173
-0.325235
-0.321442
-0.317786
-0.314263
-0.310868
-0.307597
-0.304442
-0.301402
-0.298468
-0.295638
-0.292905
-0.290266
-0.287714
-0.285247
-0.282857
-0.280541
-0.278294
-0.276113
-0.27399
-0.271925
-0.26991
-0.267943
-0.266019
-0.264136
-0.262286
-0.26047
-0.258682
-0.256921
-0.255182
-0.253462
-0.251744
-0.250015
-0.248273
-0.246537
-0.244812
-0.243098
-0.241392
-0.239703
-0.238024
-0.236234
-0.234196
-0.233143
-0.629493
-0.630277
-0.631641
-0.633667
-0.63635
-0.639677
-0.643645
-0.648244
-0.653469
-0.65931
-0.665758
-0.672802
-0.680431
-0.688631
-0.69739
-0.706691
-0.716523
-0.726864
-0.737702
-0.749016
-0.760789
-0.772998
-0.785627
-0.79865
-0.812051
-0.825802
-0.839884
-0.854271
-0.868942
-0.883869
-0.899031
-0.914401
-0.929956
-0.945669
-0.961518
-0.977474
-0.993516
-1.00962
-1.02575
-1.0419
-1.05803
-1.07413
-1.09016
-1.10611
-1.12194
-1.13765
-1.15319
-1.16856
-1.18372
-1.19866
-1.21335
-1.22777
-1.24191
-1.25573
-1.26922
-1.28235
-1.29513
-1.30751
-1.31949
-1.33105
-1.34218
-1.35287
-1.36309
-1.37284
-1.3821
-1.39088
-1.39914
-1.4069
-1.41414
-1.42086
-1.42704
-1.43269
-1.43781
-1.44238
-1.44641
-1.44989
-1.45283
-1.45523
-1.45708
-1.45839
-1.45916
-1.4594
-1.45911
-1.4583
-1.45696
-1.45511
-1.45275
-1.44989
-1.44652
-1.44264
-1.43827
-1.43341
-1.42808
-1.42229
-1.41604
-1.40935
-1.40223
-1.3947
-1.38676
-1.37842
-1.36971
-1.36062
-1.35118
-1.34141
-1.3313
-1.32087
-1.31014
-1.29913
-1.28784
-1.27629
-1.26449
-1.25245
-1.2402
-1.22773
-1.21507
-1.20223
-1.18921
-1.17604
-1.16273
-1.14928
-1.13571
-1.12204
-1.10826
-1.0944
-1.08047
-1.06647
-1.05242
-1.03833
-1.02421
-1.01007
-0.995908
-0.981749
-0.967595
-0.95346
-0.939346
-0.925268
-0.911229
-0.897242
-0.883311
-0.869446
-0.855652
-0.84194
-0.828313
-0.814782
-0.801349
-0.788025
-0.774812
-0.761721
-0.748752
-0.735916
-0.723214
-0.710656
-0.698243
-0.685983
-0.673878
-0.661935
-0.650155
-0.638547
-0.62711
-0.615851
-0.604771
-0.593876
-0.583166
-0.572648
-0.562319
-0.552187
-0.542249
-0.532512
-0.522972
-0.513636
-0.5045
-0.49557
-0.486841
-0.478319
-0.469999
-0.461886
-0.453974
-0.446268
-0.438763
-0.43146
-0.424356
-0.417451
-0.410742
-0.404228
-0.397905
-0.391773
-0.385826
-0.380064
-0.374481
-0.369076
-0.363843
-0.358782
-0.353885
-0.349151
-0.344573
-0.340149
-0.335873
-0.331743
-0.327751
-0.323895
-0.320168
-0.316568
-0.313088
-0.309724
-0.30647
-0.303324
-0.300278
-0.297329
-0.294471
-0.291702
-0.289014
-0.286405
-0.283869
-0.281402
-0.278999
-0.276657
-0.27437
-0.272136
-0.269949
-0.267807
-0.265704
-0.263639
-0.261605
-0.259602
-0.257625
-0.255672
-0.253738
-0.251824
-0.249924
-0.248038
-0.246152
-0.244252
-0.242339
-0.24043
-0.238532
-0.236657
-0.234791
-0.232813
-0.230613
-0.229502
-0.584762
-0.58555
-0.586923
-0.58897
-0.591683
-0.59505
-0.599067
-0.603725
-0.609017
-0.614935
-0.621469
-0.628606
-0.636338
-0.644648
-0.653526
-0.662955
-0.672921
-0.683405
-0.694393
-0.705863
-0.7178
-0.73018
-0.742986
-0.756193
-0.769782
-0.783728
-0.798011
-0.812603
-0.827485
-0.842628
-0.858011
-0.873606
-0.889391
-0.905338
-0.921425
-0.937624
-0.953914
-0.970266
-0.98666
-1.00307
-1.01947
-1.03583
-1.05214
-1.06836
-1.08449
-1.10048
-1.11632
-1.13198
-1.14745
-1.16269
-1.17769
-1.19243
-1.20687
-1.22101
-1.23482
-1.24828
-1.26138
-1.27409
-1.2864
-1.29829
-1.30975
-1.32077
-1.33132
-1.3414
-1.351
-1.3601
-1.3687
-1.37679
-1.38436
-1.39141
-1.39793
-1.40391
-1.40935
-1.41425
-1.41861
-1.42243
-1.4257
-1.42843
-1.43061
-1.43225
-1.43336
-1.43393
-1.43397
-1.43348
-1.43247
-1.43095
-1.42893
-1.4264
-1.42337
-1.41982
-1.41578
-1.41126
-1.40627
-1.40081
-1.3949
-1.38855
-1.38177
-1.37457
-1.36697
-1.35897
-1.35059
-1.34184
-1.33274
-1.32329
-1.31352
-1.30343
-1.29303
-1.28235
-1.27139
-1.26017
-1.2487
-1.237
-1.22507
-1.21293
-1.20059
-1.18808
-1.17539
-1.16254
-1.14954
-1.13642
-1.12317
-1.10981
-1.09635
-1.0828
-1.06918
-1.0555
-1.04176
-1.02798
-1.01416
-1.00032
-0.986467
-0.972611
-0.958758
-0.944921
-0.931106
-0.917324
-0.90358
-0.889886
-0.876246
-0.862672
-0.849167
-0.835741
-0.822399
-0.809151
-0.796
-0.782955
-0.770019
-0.757203
-0.744507
-0.731941
-0.719507
-0.707214
-0.695063
-0.683063
-0.671213
-0.659523
-0.647992
-0.636629
-0.625434
-0.614412
-0.603565
-0.592899
-0.582413
-0.572113
-0.561998
-0.552073
-0.542338
-0.532797
-0.523448
-0.514296
-0.505338
-0.496578
-0.488014
-0.479648
-0.471478
-0.463507
-0.45573
-0.448151
-0.440764
-0.433572
-0.42657
-0.41976
-0.413136
-0.4067
-0.400445
-0.394372
-0.388476
-0.382756
-0.377206
-0.371826
-0.366609
-0.361555
-0.356656
-0.351911
-0.347315
-0.342864
-0.338553
-0.334379
-0.330335
-0.32642
-0.322626
-0.318952
-0.31539
-0.311938
-0.308589
-0.30534
-0.302186
-0.299123
-0.296145
-0.29325
-0.290431
-0.287686
-0.285008
-0.282395
-0.279841
-0.277345
-0.274899
-0.272503
-0.270149
-0.267838
-0.265563
-0.263322
-0.261111
-0.258928
-0.256768
-0.254631
-0.252512
-0.250411
-0.248324
-0.246251
-0.244189
-0.242137
-0.240082
-0.238013
-0.235937
-0.23388
-0.231835
-0.229679
-0.227327
-0.226145
-0.537672
-0.538465
-0.539848
-0.541916
-0.54466
-0.548068
-0.552135
-0.556853
-0.562214
-0.56821
-0.574831
-0.582064
-0.5899
-0.598323
-0.607322
-0.61688
-0.626983
-0.637611
-0.648751
-0.660381
-0.672484
-0.685037
-0.698023
-0.711416
-0.725198
-0.739343
-0.75383
-0.768632
-0.783729
-0.799092
-0.8147
-0.830525
-0.846545
-0.862732
-0.879064
-0.895513
-0.912057
-0.928669
-0.945327
-0.962003
-0.978678
-0.995322
-1.01192
-1.02843
-1.04485
-1.06115
-1.07729
-1.09327
-1.10905
-1.12462
-1.13994
-1.15501
-1.16979
-1.18426
-1.19841
-1.21222
-1.22566
-1.23872
-1.25137
-1.26362
-1.27543
-1.28679
-1.2977
-1.30813
-1.31808
-1.32754
-1.33649
-1.34494
-1.35286
-1.36026
-1.36713
-1.37347
-1.37927
-1.38453
-1.38924
-1.39341
-1.39703
-1.40011
-1.40265
-1.40465
-1.40611
-1.40703
-1.40743
-1.4073
-1.40665
-1.40548
-1.40381
-1.40164
-1.39896
-1.39578
-1.3921
-1.38794
-1.38331
-1.37821
-1.37266
-1.36667
-1.36025
-1.35341
-1.34616
-1.33853
-1.3305
-1.32212
-1.31337
-1.30428
-1.29487
-1.28513
-1.2751
-1.26477
-1.25416
-1.2433
-1.23218
-1.22083
-1.20925
-1.19746
-1.18547
-1.1733
-1.16095
-1.14845
-1.13579
-1.123
-1.11009
-1.09707
-1.08394
-1.07073
-1.05744
-1.04409
-1.03068
-1.01722
-1.00373
-0.99021
-0.976676
-0.963138
-0.949601
-0.93608
-0.922577
-0.909105
-0.89567
-0.882283
-0.868947
-0.855676
-0.842471
-0.829344
-0.816298
-0.803343
-0.790483
-0.777727
-0.765078
-0.752545
-0.740131
-0.727843
-0.715685
-0.703664
-0.691782
-0.680047
-0.668459
-0.657028
-0.645752
-0.634639
-0.623689
-0.61291
-0.6023
-0.591866
-0.581606
-0.571528
-0.56163
-0.551916
-0.542386
-0.533044
-0.523887
-0.514921
-0.506143
-0.497556
-0.489157
-0.480951
-0.472932
-0.465104
-0.457463
-0.450012
-0.442745
-0.435665
-0.428767
-0.422052
-0.415515
-0.409157
-0.402972
-0.39696
-0.391116
-0.38544
-0.379925
-0.374571
-0.369372
-0.364326
-0.359428
-0.354675
-0.350062
-0.345587
-0.341243
-0.337029
-0.332937
-0.328966
-0.32511
-0.321365
-0.317725
-0.314189
-0.310749
-0.307404
-0.304146
-0.300975
-0.297882
-0.294867
-0.291922
-0.289046
-0.286233
-0.28348
-0.280783
-0.278138
-0.27554
-0.272988
-0.270476
-0.268003
-0.265563
-0.263155
-0.260774
-0.258419
-0.256087
-0.253775
-0.25148
-0.249202
-0.246937
-0.244686
-0.242445
-0.240217
-0.237998
-0.235787
-0.233574
-0.231363
-0.229148
-0.226822
-0.224325
-0.223061
-0.488503
-0.489301
-0.490695
-0.492785
-0.495561
-0.499011
-0.503129
-0.507908
-0.513339
-0.519414
-0.526123
-0.533453
-0.541394
-0.549931
-0.559053
-0.568741
-0.578982
-0.589757
-0.601051
-0.612842
-0.625113
-0.637842
-0.65101
-0.664591
-0.678568
-0.692914
-0.707608
-0.722623
-0.737938
-0.753525
-0.769362
-0.785421
-0.801681
-0.818113
-0.834695
-0.851399
-0.868204
-0.885081
-0.902011
-0.918965
-0.935923
-0.952857
-0.969747
-0.986565
-1.00329
-1.0199
-1.03637
-1.05267
-1.06878
-1.08468
-1.10035
-1.11576
-1.13089
-1.14571
-1.16022
-1.17439
-1.18819
-1.20161
-1.21463
-1.22724
-1.23942
-1.25116
-1.26244
-1.27324
-1.28357
-1.2934
-1.30273
-1.31155
-1.31985
-1.32763
-1.33487
-1.34158
-1.34776
-1.35339
-1.35848
-1.36303
-1.36703
-1.37049
-1.3734
-1.37578
-1.37761
-1.37891
-1.37969
-1.37993
-1.37966
-1.37887
-1.37758
-1.37579
-1.37349
-1.37068
-1.36739
-1.36361
-1.35935
-1.35464
-1.34947
-1.34386
-1.33782
-1.33136
-1.3245
-1.31724
-1.3096
-1.30159
-1.29322
-1.28451
-1.27547
-1.26612
-1.25645
-1.2465
-1.23627
-1.22578
-1.21503
-1.20404
-1.19283
-1.18141
-1.16979
-1.15798
-1.14599
-1.13385
-1.12155
-1.10912
-1.09656
-1.08389
-1.07112
-1.05826
-1.04531
-1.0323
-1.01923
-1.00612
-0.99296
-0.97978
-0.966579
-0.953373
-0.940166
-0.92697
-0.913792
-0.900643
-0.887527
-0.874457
-0.861437
-0.848478
-0.835583
-0.822763
-0.810022
-0.79737
-0.784809
-0.77235
-0.759995
-0.747753
-0.735626
-0.723623
-0.711746
-0.700003
-0.688394
-0.67693
-0.665609
-0.654439
-0.643421
-0.632563
-0.621862
-0.611327
-0.600957
-0.590757
-0.580728
-0.570874
-0.561193
-0.551692
-0.542368
-0.533226
-0.524264
-0.515485
-0.506887
-0.498474
-0.490242
-0.482194
-0.474327
-0.466643
-0.459139
-0.451816
-0.44467
-0.437702
-0.430908
-0.424288
-0.417839
-0.411559
-0.405444
-0.399494
-0.393704
-0.388072
-0.382593
-0.377266
-0.372086
-0.367051
-0.362155
-0.357397
-0.35277
-0.348273
-0.3439
-0.339648
-0.335511
-0.331488
-0.327572
-0.323761
-0.320049
-0.316433
-0.312908
-0.30947
-0.306115
-0.30284
-0.299638
-0.296509
-0.293445
-0.290446
-0.287504
-0.284619
-0.281785
-0.278999
-0.276258
-0.273559
-0.270896
-0.268269
-0.265673
-0.263107
-0.260566
-0.25805
-0.255553
-0.253077
-0.250616
-0.248172
-0.24574
-0.243322
-0.240915
-0.238519
-0.236134
-0.23376
-0.231398
-0.229054
-0.226704
-0.224228
-0.221595
-0.220234
-0.43756
-0.438365
-0.43977
-0.441882
-0.444691
-0.448183
-0.452353
-0.457193
-0.462696
-0.46885
-0.475647
-0.483075
-0.491123
-0.499775
-0.509019
-0.518839
-0.52922
-0.540142
-0.55159
-0.563543
-0.575984
-0.588889
-0.602241
-0.616012
-0.630186
-0.644734
-0.659637
-0.674867
-0.690402
-0.706215
-0.722284
-0.738581
-0.755083
-0.771763
-0.788598
-0.805562
-0.822632
-0.839781
-0.856988
-0.874226
-0.891474
-0.908705
-0.925898
-0.943027
-0.96007
-0.977001
-0.993799
-1.01044
-1.02689
-1.04314
-1.05916
-1.07493
-1.09042
-1.10562
-1.1205
-1.13503
-1.14921
-1.16302
-1.17642
-1.18942
-1.20198
-1.21411
-1.22578
-1.23697
-1.24769
-1.25791
-1.26764
-1.27685
-1.28554
-1.29372
-1.30136
-1.30846
-1.31503
-1.32106
-1.32655
-1.33149
-1.33589
-1.33974
-1.34305
-1.34582
-1.34806
-1.34976
-1.35092
-1.35157
-1.35169
-1.3513
-1.3504
-1.34901
-1.34711
-1.34471
-1.34181
-1.33843
-1.33458
-1.33026
-1.32549
-1.32028
-1.31464
-1.30858
-1.30211
-1.29525
-1.28801
-1.2804
-1.27243
-1.26411
-1.25547
-1.2465
-1.23723
-1.22767
-1.21783
-1.20772
-1.19736
-1.18676
-1.17593
-1.16489
-1.15365
-1.14222
-1.13061
-1.11884
-1.10691
-1.09485
-1.08266
-1.07036
-1.05795
-1.04545
-1.03286
-1.02021
-1.00749
-0.994726
-0.98192
-0.969086
-0.956229
-0.943365
-0.930496
-0.917638
-0.904793
-0.891975
-0.879188
-0.866444
-0.853746
-0.841107
-0.82853
-0.816025
-0.803595
-0.791252
-0.778996
-0.76684
-0.754783
-0.742837
-0.731002
-0.719288
-0.707696
-0.696234
-0.684903
-0.673712
-0.66266
-0.651756
-0.640998
-0.630395
-0.619946
-0.609657
-0.599528
-0.589564
-0.579765
-0.570135
-0.560674
-0.551385
-0.542268
-0.533326
-0.524558
-0.515966
-0.507548
-0.499308
-0.491241
-0.483352
-0.475636
-0.468096
-0.460727
-0.453532
-0.446505
-0.439649
-0.432958
-0.426434
-0.420071
-0.41387
-0.407825
-0.401937
-0.3962
-0.390613
-0.385171
-0.379872
-0.374712
-0.369689
-0.364797
-0.360035
-0.355397
-0.35088
-0.34648
-0.342194
-0.338015
-0.333944
-0.329973
-0.3261
-0.322319
-0.318628
-0.315022
-0.311499
-0.308051
-0.304679
-0.301375
-0.298138
-0.294962
-0.291846
-0.288784
-0.285774
-0.282811
-0.279894
-0.277017
-0.274179
-0.271376
-0.268605
-0.265863
-0.263149
-0.260458
-0.25779
-0.255141
-0.25251
-0.249895
-0.247296
-0.244709
-0.242135
-0.239572
-0.237022
-0.234482
-0.231953
-0.229438
-0.226947
-0.224462
-0.221862
-0.219114
-0.217647
-0.385175
-0.385986
-0.387404
-0.389538
-0.39238
-0.395916
-0.400138
-0.40504
-0.410613
-0.416847
-0.423734
-0.43126
-0.439414
-0.448181
-0.457549
-0.467499
-0.47802
-0.489089
-0.500693
-0.512808
-0.525419
-0.5385
-0.552035
-0.565997
-0.580368
-0.595119
-0.610232
-0.625677
-0.641434
-0.657474
-0.673776
-0.69031
-0.707057
-0.723987
-0.741079
-0.758304
-0.775643
-0.793067
-0.810556
-0.828082
-0.845626
-0.863159
-0.880662
-0.898108
-0.915476
-0.932738
-0.949875
-0.966857
-0.983666
-1.00027
-1.01666
-1.0328
-1.04866
-1.06424
-1.0795
-1.09443
-1.109
-1.12319
-1.137
-1.15039
-1.16336
-1.17589
-1.18796
-1.19956
-1.21068
-1.22132
-1.23145
-1.24107
-1.25018
-1.25876
-1.26682
-1.27434
-1.28132
-1.28776
-1.29366
-1.29901
-1.30382
-1.30809
-1.31182
-1.315
-1.31765
-1.31976
-1.32134
-1.3224
-1.32294
-1.32296
-1.32247
-1.32149
-1.32001
-1.31803
-1.31555
-1.31258
-1.30914
-1.30524
-1.30089
-1.29609
-1.29086
-1.28522
-1.27916
-1.27272
-1.26588
-1.25868
-1.25112
-1.24322
-1.23498
-1.22642
-1.21756
-1.2084
-1.19896
-1.18925
-1.17929
-1.16909
-1.15865
-1.14801
-1.13716
-1.12611
-1.11489
-1.10351
-1.09197
-1.08029
-1.06848
-1.05655
-1.04451
-1.03238
-1.02016
-1.00787
-0.99552
-0.983117
-0.970668
-0.958189
-0.945685
-0.933169
-0.920647
-0.908132
-0.895628
-0.883148
-0.870696
-0.858284
-0.845915
-0.833602
-0.821347
-0.809161
-0.797048
-0.785017
-0.773071
-0.761221
-0.749467
-0.737819
-0.72628
-0.714857
-0.703552
-0.692373
-0.681322
-0.670405
-0.659624
-0.648985
-0.638489
-0.628142
-0.617944
-0.607902
-0.598013
-0.588285
-0.578715
-0.569309
-0.560065
-0.550989
-0.542077
-0.533334
-0.524757
-0.516351
-0.508112
-0.500043
-0.49214
-0.484408
-0.476841
-0.469442
-0.462207
-0.455137
-0.448229
-0.441482
-0.434894
-0.428463
-0.422186
-0.416062
-0.410086
-0.404259
-0.398574
-0.393032
-0.387626
-0.382356
-0.377217
-0.372206
-0.367319
-0.362554
-0.357906
-0.353372
-0.348947
-0.344629
-0.340413
-0.336296
-0.332273
-0.328343
-0.324498
-0.320738
-0.317057
-0.313452
-0.309919
-0.306455
-0.303056
-0.299718
-0.296438
-0.293213
-0.290038
-0.286912
-0.283829
-0.280789
-0.277786
-0.274819
-0.271884
-0.26898
-0.266103
-0.263251
-0.260421
-0.257612
-0.254822
-0.252049
-0.249291
-0.246548
-0.243817
-0.2411
-0.238393
-0.235699
-0.233015
-0.230344
-0.227686
-0.225051
-0.222423
-0.219691
-0.216839
-0.215266
-0.3317
-0.332518
-0.333948
-0.336106
-0.338982
-0.34256
-0.346835
-0.351798
-0.357443
-0.363757
-0.370732
-0.378355
-0.386615
-0.395497
-0.404987
-0.415069
-0.425728
-0.436944
-0.448702
-0.460978
-0.473758
-0.487016
-0.500733
-0.514885
-0.529452
-0.544405
-0.559726
-0.575386
-0.591364
-0.607631
-0.624165
-0.640939
-0.65793
-0.67511
-0.692459
-0.709948
-0.727556
-0.745257
-0.76303
-0.780847
-0.798689
-0.816529
-0.834346
-0.852114
-0.869812
-0.887411
-0.904893
-0.922228
-0.939397
-0.95637
-0.973129
-0.989644
-1.0059
-1.02186
-1.03752
-1.05284
-1.06781
-1.08241
-1.09663
-1.11043
-1.12381
-1.13675
-1.14924
-1.16127
-1.17281
-1.18386
-1.19442
-1.20447
-1.214
-1.223
-1.23148
-1.23943
-1.24684
-1.25371
-1.26003
-1.26582
-1.27106
-1.27575
-1.2799
-1.28352
-1.28659
-1.28913
-1.29114
-1.29263
-1.29359
-1.29404
-1.29399
-1.29343
-1.29238
-1.29083
-1.28878
-1.28624
-1.28323
-1.27975
-1.27583
-1.27146
-1.26666
-1.26144
-1.25581
-1.24978
-1.24337
-1.2366
-1.22946
-1.22197
-1.21415
-1.20601
-1.19756
-1.18882
-1.17979
-1.17049
-1.16094
-1.15114
-1.14112
-1.13087
-1.12042
-1.10978
-1.09895
-1.08796
-1.07681
-1.06552
-1.05409
-1.04255
-1.03089
-1.01914
-1.0073
-0.99538
-0.983396
-0.971359
-0.959274
-0.947155
-0.935009
-0.922848
-0.910678
-0.898511
-0.886353
-0.874215
-0.862102
-0.850025
-0.837989
-0.826005
-0.814076
-0.802212
-0.790418
-0.778702
-0.767068
-0.755525
-0.744075
-0.732728
-0.721484
-0.710353
-0.699336
-0.688441
-0.677669
-0.667027
-0.656516
-0.646142
-0.635906
-0.625814
-0.615866
-0.606068
-0.596419
-0.586923
-0.577581
-0.568397
-0.559368
-0.550501
-0.541791
-0.533245
-0.524857
-0.516633
-0.508569
-0.500668
-0.492927
-0.485348
-0.477927
-0.470666
-0.463562
-0.456615
-0.449821
-0.443182
-0.436692
-0.430353
-0.424158
-0.41811
-0.412201
-0.406433
-0.4008
-0.395301
-0.389931
-0.384689
-0.37957
-0.374573
-0.369692
-0.364925
-0.360268
-0.355718
-0.351271
-0.346924
-0.342672
-0.338514
-0.334444
-0.330459
-0.326555
-0.322731
-0.318979
-0.3153
-0.311687
-0.308139
-0.30465
-0.30122
-0.297842
-0.294516
-0.291237
-0.288003
-0.284809
-0.281655
-0.278536
-0.275451
-0.272395
-0.269368
-0.266365
-0.263387
-0.260429
-0.257492
-0.254572
-0.251668
-0.248779
-0.245904
-0.243041
-0.240191
-0.237353
-0.234526
-0.23171
-0.228907
-0.226116
-0.223348
-0.220586
-0.217724
-0.214756
-0.213061
-0.277511
-0.278338
-0.279781
-0.281961
-0.284871
-0.288492
-0.29282
-0.297844
-0.303559
-0.309952
-0.317016
-0.324735
-0.3331
-0.342095
-0.351707
-0.361917
-0.372713
-0.384074
-0.395984
-0.408421
-0.421367
-0.434798
-0.448697
-0.463036
-0.477796
-0.49295
-0.508478
-0.52435
-0.540547
-0.557038
-0.573804
-0.590814
-0.608048
-0.625478
-0.643082
-0.660833
-0.678711
-0.696688
-0.714745
-0.732854
-0.750996
-0.769144
-0.787277
-0.805369
-0.8234
-0.841341
-0.859172
-0.876864
-0.894397
-0.911742
-0.928879
-0.945778
-0.962422
-0.978781
-0.994838
-1.01057
-1.02595
-1.04096
-1.05559
-1.06982
-1.08362
-1.09699
-1.1099
-1.12235
-1.13433
-1.14581
-1.1568
-1.16728
-1.17725
-1.18669
-1.19561
-1.20399
-1.21184
-1.21914
-1.22591
-1.23213
-1.23781
-1.24294
-1.24754
-1.25159
-1.2551
-1.25808
-1.26053
-1.26246
-1.26386
-1.26475
-1.26513
-1.26502
-1.2644
-1.26329
-1.26168
-1.25958
-1.25701
-1.25397
-1.25048
-1.24655
-1.24218
-1.2374
-1.2322
-1.22661
-1.22063
-1.21428
-1.20757
-1.20051
-1.19312
-1.1854
-1.17738
-1.16905
-1.16044
-1.15157
-1.14243
-1.13305
-1.12343
-1.11359
-1.10355
-1.09331
-1.08289
-1.07229
-1.06154
-1.05064
-1.03961
-1.02845
-1.01718
-1.00581
-0.994346
-0.982807
-0.971196
-0.959529
-0.947811
-0.936057
-0.924272
-0.912469
-0.900653
-0.888838
-0.877027
-0.865233
-0.853461
-0.841722
-0.83002
-0.818367
-0.806764
-0.795224
-0.783748
-0.772349
-0.761026
-0.749791
-0.738644
-0.727597
-0.716648
-0.705809
-0.695078
-0.684465
-0.67397
-0.663601
-0.653357
-0.643247
-0.633268
-0.623429
-0.613728
-0.604171
-0.594757
-0.585491
-0.576373
-0.567406
-0.558589
-0.549926
-0.541415
-0.53306
-0.524858
-0.516811
-0.508918
-0.501181
-0.493596
-0.486165
-0.478886
-0.471759
-0.464781
-0.457953
-0.45127
-0.444734
-0.43834
-0.432088
-0.425974
-0.419997
-0.414153
-0.408442
-0.402858
-0.397401
-0.392065
-0.38685
-0.381751
-0.376767
-0.371891
-0.367124
-0.362459
-0.357895
-0.353427
-0.349054
-0.344769
-0.340572
-0.336458
-0.332424
-0.328465
-0.324581
-0.320765
-0.317016
-0.313329
-0.309703
-0.306133
-0.302617
-0.29915
-0.295731
-0.292356
-0.289023
-0.285728
-0.28247
-0.279244
-0.27605
-0.272884
-0.269744
-0.266628
-0.263535
-0.260461
-0.257406
-0.254367
-0.251344
-0.248335
-0.24534
-0.242357
-0.239387
-0.236427
-0.233479
-0.230542
-0.227617
-0.224705
-0.221814
-0.218928
-0.215945
-0.212867
-0.211031
-0.223002
-0.223837
-0.225293
-0.227498
-0.23044
-0.234104
-0.238483
-0.243568
-0.249352
-0.255824
-0.262973
-0.270788
-0.279256
-0.288361
-0.298092
-0.30843
-0.319361
-0.330863
-0.342923
-0.355516
-0.368626
-0.382228
-0.396303
-0.410826
-0.425777
-0.441128
-0.456858
-0.47294
-0.489351
-0.506064
-0.523057
-0.5403
-0.557774
-0.57545
-0.593307
-0.611318
-0.629463
-0.647714
-0.666054
-0.684453
-0.702893
-0.721348
-0.739798
-0.758214
-0.776578
-0.794861
-0.813042
-0.831093
-0.848992
-0.866711
-0.884229
-0.901516
-0.918553
-0.935312
-0.951774
-0.967912
-0.983709
-0.999141
-1.01419
-1.02884
-1.04307
-1.05687
-1.07022
-1.0831
-1.09551
-1.10744
-1.11887
-1.12979
-1.1402
-1.15008
-1.15944
-1.16827
-1.17656
-1.18432
-1.19153
-1.1982
-1.20432
-1.2099
-1.21494
-1.21944
-1.2234
-1.22683
-1.22973
-1.2321
-1.23395
-1.23529
-1.23611
-1.23644
-1.23628
-1.23561
-1.23444
-1.23279
-1.23066
-1.22807
-1.22502
-1.22153
-1.21761
-1.21326
-1.2085
-1.20335
-1.19781
-1.1919
-1.18562
-1.17899
-1.17203
-1.16474
-1.15714
-1.14925
-1.14106
-1.1326
-1.12388
-1.11492
-1.10572
-1.09629
-1.08666
-1.07682
-1.06681
-1.05661
-1.04626
-1.03576
-1.02512
-1.01435
-1.00347
-0.992481
-0.9814
-0.970239
-0.959003
-0.947708
-0.936359
-0.92497
-0.913546
-0.902102
-0.890641
-0.879177
-0.867714
-0.856265
-0.844834
-0.833432
-0.822064
-0.81074
-0.799463
-0.788245
-0.777088
-0.766002
-0.754989
-0.74406
-0.733215
-0.722464
-0.711809
-0.701257
-0.69081
-0.680476
-0.670255
-0.660155
-0.650175
-0.640323
-0.630597
-0.621006
-0.611547
-0.602226
-0.593043
-0.584002
-0.575102
-0.566347
-0.557736
-0.549272
-0.540954
-0.532784
-0.524761
-0.516887
-0.509158
-0.501579
-0.494144
-0.486857
-0.479713
-0.472715
-0.465858
-0.459143
-0.452566
-0.446128
-0.439825
-0.433656
-0.427618
-0.42171
-0.415927
-0.41027
-0.404732
-0.399315
-0.394012
-0.388823
-0.383742
-0.37877
-0.3739
-0.369132
-0.36446
-0.359883
-0.355397
-0.350999
-0.346684
-0.342452
-0.338297
-0.334218
-0.330209
-0.326269
-0.322394
-0.318582
-0.314828
-0.311131
-0.307485
-0.303891
-0.300343
-0.29684
-0.293377
-0.289955
-0.286567
-0.283215
-0.279892
-0.2766
-0.273333
-0.270092
-0.266873
-0.263675
-0.260495
-0.257334
-0.254189
-0.251058
-0.247941
-0.244837
-0.241745
-0.238665
-0.235595
-0.232537
-0.229489
-0.226452
-0.223427
-0.220423
-0.217422
-0.214328
-0.211144
-0.209159
-0.168586
-0.169429
-0.170899
-0.173126
-0.176102
-0.179808
-0.184237
-0.189381
-0.195233
-0.201781
-0.209015
-0.216921
-0.22549
-0.234704
-0.24455
-0.255012
-0.266073
-0.277714
-0.289919
-0.302664
-0.315934
-0.329702
-0.34395
-0.358652
-0.373788
-0.389331
-0.405259
-0.421544
-0.438166
-0.455094
-0.472309
-0.48978
-0.507489
-0.525406
-0.543511
-0.561777
-0.580184
-0.598706
-0.617323
-0.636009
-0.654744
-0.673503
-0.692266
-0.711004
-0.729699
-0.748322
-0.766852
-0.78526
-0.803525
-0.821617
-0.839515
-0.85719
-0.874621
-0.891779
-0.908646
-0.925195
-0.941407
-0.957258
-0.972732
-0.987807
-1.00247
-1.0167
-1.03048
-1.0438
-1.05666
-1.06902
-1.08089
-1.09226
-1.10311
-1.11345
-1.12326
-1.13253
-1.14127
-1.14948
-1.15714
-1.16426
-1.17083
-1.17687
-1.18236
-1.18731
-1.19172
-1.1956
-1.19895
-1.20177
-1.20407
-1.20586
-1.20714
-1.20791
-1.2082
-1.20798
-1.20726
-1.20605
-1.20437
-1.20223
-1.19963
-1.19658
-1.1931
-1.1892
-1.18489
-1.18017
-1.17507
-1.16959
-1.16375
-1.15756
-1.15103
-1.14417
-1.137
-1.12953
-1.12177
-1.11373
-1.10543
-1.09689
-1.0881
-1.07909
-1.06986
-1.06044
-1.05082
-1.04103
-1.03108
-1.02097
-1.01072
-1.00035
-0.98985
-0.979249
-0.968548
-0.957764
-0.946902
-0.935978
-0.924996
-0.913971
-0.902908
-0.89182
-0.880713
-0.869599
-0.858482
-0.847375
-0.836282
-0.825216
-0.814178
-0.803181
-0.792227
-0.781328
-0.770485
-0.75971
-0.749003
-0.738376
-0.727828
-0.71737
-0.707003
-0.696735
-0.686566
-0.676506
-0.666553
-0.656717
-0.646995
-0.637395
-0.627917
-0.618567
-0.609344
-0.600253
-0.591294
-0.58247
-0.573782
-0.565232
-0.55682
-0.548548
-0.540415
-0.532424
-0.524572
-0.516863
-0.509292
-0.501863
-0.494572
-0.487422
-0.480407
-0.473531
-0.466788
-0.460181
-0.453704
-0.447359
-0.441141
-0.435051
-0.429084
-0.423241
-0.417515
-0.411908
-0.406414
-0.401034
-0.395761
-0.390596
-0.385533
-0.380572
-0.375708
-0.370939
-0.366261
-0.361672
-0.357168
-0.352748
-0.348406
-0.344142
-0.339949
-0.335829
-0.331774
-0.327785
-0.323855
-0.319986
-0.31617
-0.312408
-0.308695
-0.30503
-0.301408
-0.297829
-0.294288
-0.290784
-0.287314
-0.283876
-0.280467
-0.277086
-0.273729
-0.270396
-0.267085
-0.263793
-0.260519
-0.257263
-0.254021
-0.250794
-0.247579
-0.244377
-0.241186
-0.238007
-0.234837
-0.231679
-0.228529
-0.22539
-0.222262
-0.219152
-0.216046
-0.212848
-0.209564
-0.207424
-0.114684
-0.115537
-0.11702
-0.11927
-0.122278
-0.126025
-0.130503
-0.135705
-0.141622
-0.148243
-0.155559
-0.163555
-0.17222
-0.181538
-0.191497
-0.202078
-0.213266
-0.22504
-0.237385
-0.250278
-0.263701
-0.277629
-0.292044
-0.306919
-0.322234
-0.337961
-0.354081
-0.370563
-0.387388
-0.404525
-0.421955
-0.439648
-0.457584
-0.475735
-0.494081
-0.512595
-0.531258
-0.550043
-0.568933
-0.587899
-0.606924
-0.625981
-0.645051
-0.664107
-0.683128
-0.702086
-0.72096
-0.739721
-0.758347
-0.776808
-0.795083
-0.813142
-0.830964
-0.848519
-0.865788
-0.882745
-0.899369
-0.915638
-0.931533
-0.947033
-0.962123
-0.976783
-0.991001
-1.00476
-1.01805
-1.03086
-1.04317
-1.05498
-1.06628
-1.07706
-1.08732
-1.09704
-1.10623
-1.11489
-1.123
-1.13057
-1.1376
-1.14408
-1.15003
-1.15543
-1.16029
-1.16462
-1.16842
-1.1717
-1.17445
-1.17669
-1.17841
-1.17964
-1.18037
-1.1806
-1.18033
-1.17957
-1.17834
-1.17664
-1.17449
-1.17189
-1.16885
-1.16539
-1.16152
-1.15724
-1.15258
-1.14754
-1.14213
-1.13637
-1.13027
-1.12384
-1.11709
-1.11005
-1.10271
-1.09509
-1.08721
-1.07908
-1.0707
-1.0621
-1.05328
-1.04426
-1.03505
-1.02566
-1.0161
-1.00639
-0.996529
-0.986539
-0.976426
-0.966205
-0.955882
-0.945472
-0.934981
-0.924423
-0.913805
-0.90314
-0.892434
-0.881699
-0.870941
-0.860172
-0.849397
-0.838628
-0.827869
-0.817133
-0.806421
-0.795746
-0.785109
-0.774524
-0.76399
-0.75352
-0.743114
-0.732782
-0.722526
-0.712354
-0.702269
-0.692277
-0.68238
-0.672587
-0.662895
-0.653314
-0.643843
-0.634489
-0.62525
-0.616134
-0.607138
-0.598269
-0.589525
-0.580911
-0.572426
-0.564073
-0.55585
-0.547762
-0.539806
-0.531986
-0.524297
-0.516744
-0.509324
-0.502037
-0.494882
-0.48786
-0.480967
-0.474206
-0.467571
-0.461064
-0.454681
-0.448423
-0.442285
-0.436268
-0.430368
-0.424584
-0.418912
-0.413351
-0.407898
-0.402551
-0.397307
-0.392164
-0.387117
-0.382167
-0.377307
-0.372538
-0.367854
-0.363255
-0.358736
-0.354295
-0.349928
-0.345634
-0.341409
-0.33725
-0.333154
-0.32912
-0.325142
-0.321221
-0.31735
-0.31353
-0.309757
-0.306028
-0.30234
-0.298693
-0.295081
-0.291505
-0.28796
-0.284447
-0.28096
-0.2775
-0.274063
-0.270649
-0.267255
-0.26388
-0.260522
-0.257181
-0.253853
-0.250539
-0.247237
-0.243948
-0.240668
-0.237399
-0.234139
-0.230889
-0.227647
-0.224415
-0.221192
-0.217985
-0.214781
-0.211489
-0.208109
-0.205811
-0.0617358
-0.0625978
-0.0640941
-0.0663665
-0.0694052
-0.073191
-0.077717
-0.0829737
-0.088954
-0.0956455
-0.103039
-0.111121
-0.119879
-0.129297
-0.139363
-0.150057
-0.161366
-0.173268
-0.185747
-0.19878
-0.21235
-0.226432
-0.241006
-0.256046
-0.271533
-0.287437
-0.30374
-0.32041
-0.337429
-0.354767
-0.372403
-0.390309
-0.408464
-0.42684
-0.445419
-0.464172
-0.483083
-0.502123
-0.521276
-0.540514
-0.55982
-0.579167
-0.598537
-0.617902
-0.637241
-0.656527
-0.675738
-0.694844
-0.713825
-0.732648
-0.751293
-0.769729
-0.787934
-0.80588
-0.823545
-0.840903
-0.857934
-0.874613
-0.890924
-0.906843
-0.922355
-0.937441
-0.952088
-0.966278
-0.980002
-0.993244
-1.006
-1.01825
-1.02999
-1.04121
-1.05191
-1.06208
-1.07172
-1.08082
-1.08938
-1.09739
-1.10487
-1.1118
-1.11819
-1.12404
-1.12936
-1.13414
-1.13838
-1.1421
-1.1453
-1.14799
-1.15016
-1.15183
-1.153
-1.15368
-1.15386
-1.15355
-1.15276
-1.1515
-1.14979
-1.14762
-1.14503
-1.142
-1.13856
-1.13472
-1.13049
-1.12588
-1.1209
-1.11557
-1.10989
-1.10389
-1.09757
-1.09094
-1.08402
-1.07682
-1.06935
-1.06162
-1.05365
-1.04546
-1.03704
-1.02842
-1.0196
-1.01061
-1.00144
-0.992111
-0.982636
-0.973028
-0.963293
-0.953446
-0.943494
-0.933452
-0.923325
-0.913129
-0.902868
-0.892557
-0.8822
-0.871812
-0.861396
-0.850967
-0.840526
-0.830089
-0.819657
-0.809243
-0.79885
-0.788489
-0.778164
-0.767884
-0.757652
-0.747478
-0.737365
-0.727321
-0.717347
-0.707454
-0.697641
-0.687918
-0.678284
-0.668748
-0.659309
-0.649975
-0.640745
-0.631626
-0.622617
-0.613725
-0.604947
-0.59629
-0.587752
-0.579338
-0.571046
-0.56288
-0.554838
-0.546924
-0.539136
-0.531476
-0.523942
-0.516536
-0.509256
-0.502104
-0.495076
-0.488174
-0.481395
-0.474741
-0.468206
-0.461793
-0.455497
-0.44932
-0.443256
-0.437307
-0.431468
-0.425739
-0.420116
-0.414598
-0.409182
-0.403867
-0.398648
-0.393526
-0.388494
-0.383553
-0.378699
-0.373929
-0.369241
-0.364632
-0.360099
-0.35564
-0.351251
-0.346931
-0.342676
-0.338484
-0.334351
-0.330276
-0.326255
-0.322287
-0.318368
-0.314497
-0.310669
-0.306884
-0.303138
-0.29943
-0.295756
-0.292116
-0.288506
-0.284925
-0.28137
-0.27784
-0.274332
-0.270847
-0.267379
-0.263931
-0.260498
-0.257081
-0.253677
-0.250286
-0.246907
-0.243538
-0.240179
-0.23683
-0.233489
-0.230156
-0.226831
-0.223513
-0.220203
-0.216908
-0.213613
-0.210234
-0.206766
-0.204308
-0.0101801
-0.0110517
-0.0125611
-0.0148549
-0.0179234
-0.0217467
-0.0263177
-0.0316269
-0.037667
-0.0444255
-0.0518933
-0.0600556
-0.0689018
-0.0784146
-0.0885818
-0.0993839
-0.110807
-0.122829
-0.135435
-0.148601
-0.16231
-0.176537
-0.191262
-0.206458
-0.222107
-0.238179
-0.254655
-0.271504
-0.288708
-0.306236
-0.324068
-0.342176
-0.360539
-0.37913
-0.397931
-0.416913
-0.43606
-0.455345
-0.47475
-0.49425
-0.513827
-0.533454
-0.553113
-0.572775
-0.592423
-0.612026
-0.631564
-0.651005
-0.670329
-0.689504
-0.708509
-0.727311
-0.745891
-0.764216
-0.782268
-0.800017
-0.817445
-0.834525
-0.851241
-0.86757
-0.883496
-0.898998
-0.914065
-0.928677
-0.942826
-0.956495
-0.969676
-0.982356
-0.99453
-1.00619
-1.01732
-1.02793
-1.038
-1.04754
-1.05654
-1.065
-1.07291
-1.08029
-1.08712
-1.09341
-1.09916
-1.10438
-1.10907
-1.11323
-1.11687
-1.11999
-1.1226
-1.12471
-1.12632
-1.12743
-1.12804
-1.12817
-1.12782
-1.12699
-1.12571
-1.12398
-1.12181
-1.11922
-1.11621
-1.11279
-1.10899
-1.1048
-1.10024
-1.09533
-1.09007
-1.08448
-1.07857
-1.07235
-1.06583
-1.05904
-1.05197
-1.04465
-1.03708
-1.02928
-1.02126
-1.01302
-1.0046
-0.995983
-0.987195
-0.978248
-0.969149
-0.959913
-0.950546
-0.941065
-0.931476
-0.921793
-0.912021
-0.902177
-0.892265
-0.882298
-0.872283
-0.862232
-0.852149
-0.842049
-0.831935
-0.821819
-0.811704
-0.801604
-0.79152
-0.781464
-0.771439
-0.761455
-0.751515
-0.741628
-0.731796
-0.72203
-0.712329
-0.702703
-0.693153
-0.683687
-0.674306
-0.665016
-0.655819
-0.64672
-0.637721
-0.628827
-0.620036
-0.611357
-0.602786
-0.594331
-0.585987
-0.577762
-0.569652
-0.561663
-0.553791
-0.546041
-0.538409
-0.5309
-0.52351
-0.516243
-0.509094
-0.502067
-0.495157
-0.488367
-0.481694
-0.475138
-0.468697
-0.46237
-0.456155
-0.450052
-0.444056
-0.438169
-0.432386
-0.426708
-0.42113
-0.415653
-0.410271
-0.404984
-0.399789
-0.394685
-0.389668
-0.384736
-0.379886
-0.375117
-0.370425
-0.365808
-0.361263
-0.356788
-0.35238
-0.348037
-0.343755
-0.339534
-0.335368
-0.331259
-0.3272
-0.323191
-0.319229
-0.315312
-0.311437
-0.307603
-0.303806
-0.300045
-0.296316
-0.29262
-0.288952
-0.285313
-0.281698
-0.278107
-0.274537
-0.270988
-0.267457
-0.263943
-0.260445
-0.256961
-0.25349
-0.250031
-0.246582
-0.243144
-0.239714
-0.236293
-0.232878
-0.229472
-0.22607
-0.222676
-0.219287
-0.21591
-0.212533
-0.209075
-0.205523
-0.202907
0.039534
0.0386529
0.0371309
0.0348166
0.03172
0.0278613
0.0232479
0.0178895
0.0117933
0.00497212
-0.00256504
-0.0108031
-0.0197315
-0.0293327
-0.0395946
-0.0504975
-0.0620273
-0.0741623
-0.0868869
-0.100177
-0.114016
-0.128378
-0.143243
-0.158586
-0.174387
-0.190616
-0.207254
-0.224271
-0.241648
-0.259354
-0.277371
-0.295668
-0.314228
-0.333021
-0.352031
-0.37123
-0.390601
-0.410117
-0.429763
-0.449511
-0.469346
-0.489239
-0.509174
-0.529123
-0.549065
-0.568972
-0.588823
-0.608586
-0.62824
-0.647754
-0.667104
-0.68626
-0.705199
-0.723891
-0.742315
-0.760442
-0.778253
-0.795721
-0.81283
-0.829554
-0.84588
-0.861786
-0.877259
-0.892281
-0.906841
-0.920924
-0.934521
-0.94762
-0.960214
-0.972292
-0.983851
-0.994882
-1.00538
-1.01534
-1.02477
-1.03365
-1.042
-1.0498
-1.05706
-1.06378
-1.06996
-1.07561
-1.08072
-1.08531
-1.08937
-1.09292
-1.09596
-1.09849
-1.10053
-1.10206
-1.1031
-1.10365
-1.10372
-1.10332
-1.10246
-1.10115
-1.0994
-1.09722
-1.09462
-1.09162
-1.08823
-1.08445
-1.0803
-1.07579
-1.07094
-1.06575
-1.06024
-1.05442
-1.0483
-1.0419
-1.03523
-1.02829
-1.02111
-1.01369
-1.00605
-0.998198
-0.990144
-0.981904
-0.973486
-0.964906
-0.95617
-0.947294
-0.938285
-0.929158
-0.919918
-0.910582
-0.901155
-0.891651
-0.882075
-0.872441
-0.862755
-0.853029
-0.843268
-0.833486
-0.823685
-0.813879
-0.80407
-0.79427
-0.784483
-0.77472
-0.764983
-0.755283
-0.745622
-0.73601
-0.726448
-0.716946
-0.707506
-0.698135
-0.688835
-0.679614
-0.670471
-0.661416
-0.652447
-0.643573
-0.634791
-0.626109
-0.617525
-0.609046
-0.60067
-0.592403
-0.584243
-0.576195
-0.568256
-0.560431
-0.552718
-0.54512
-0.537635
-0.530266
-0.52301
-0.51587
-0.508843
-0.501931
-0.495131
-0.488445
-0.481869
-0.475404
-0.469048
-0.462801
-0.45666
-0.450625
-0.444692
-0.438862
-0.433131
-0.4275
-0.421963
-0.416521
-0.411171
-0.405911
-0.400738
-0.395652
-0.390647
-0.385725
-0.38088
-0.376112
-0.371416
-0.366793
-0.362238
-0.35775
-0.353325
-0.348962
-0.344658
-0.340411
-0.336218
-0.332078
-0.327986
-0.323942
-0.319943
-0.315987
-0.312071
-0.308194
-0.304352
-0.300545
-0.29677
-0.293025
-0.289307
-0.285616
-0.281949
-0.278305
-0.274681
-0.271077
-0.26749
-0.26392
-0.260364
-0.256822
-0.253291
-0.249772
-0.246262
-0.242762
-0.239269
-0.235784
-0.232304
-0.228831
-0.225362
-0.221897
-0.218437
-0.214987
-0.211535
-0.208006
-0.204376
-0.201604
0.0869633
0.0860729
0.0845386
0.0822052
0.0790822
0.0751906
0.0705378
0.0651338
0.0589858
0.0521066
0.0445055
0.0361975
0.0271934
0.0175106
0.00716146
-0.00383421
-0.0154624
-0.0277012
-0.040535
-0.0539397
-0.0678983
-0.0823847
-0.0973806
-0.112858
-0.128799
-0.145173
-0.161961
-0.179133
-0.19667
-0.214542
-0.232729
-0.251203
-0.269945
-0.288927
-0.308132
-0.327533
-0.347114
-0.366847
-0.386718
-0.4067
-0.426777
-0.446922
-0.467118
-0.487336
-0.507558
-0.527753
-0.5479
-0.567969
-0.587937
-0.607772
-0.627452
-0.646944
-0.666227
-0.685268
-0.704047
-0.722535
-0.740712
-0.75855
-0.776034
-0.793137
-0.809845
-0.826137
-0.841999
-0.857413
-0.872368
-0.886848
-0.900845
-0.914345
-0.927342
-0.939825
-0.95179
-0.963228
-0.974136
-0.984509
-0.994344
-1.00364
-1.01239
-1.02061
-1.02828
-1.03541
-1.042
-1.04806
-1.05359
-1.05858
-1.06306
-1.06702
-1.07046
-1.0734
-1.07585
-1.07779
-1.07924
-1.0802
-1.08068
-1.08068
-1.08022
-1.07932
-1.07797
-1.07619
-1.07399
-1.07139
-1.06839
-1.06501
-1.06125
-1.05713
-1.05267
-1.04787
-1.04274
-1.03731
-1.03157
-1.02555
-1.01925
-1.01269
-1.00587
-0.998824
-0.991547
-0.984057
-0.976363
-0.968481
-0.960417
-0.952188
-0.9438
-0.93527
-0.926603
-0.917814
-0.908911
-0.899907
-0.890808
-0.881629
-0.872375
-0.863059
-0.853687
-0.844272
-0.834818
-0.825338
-0.815836
-0.806325
-0.796807
-0.787294
-0.777789
-0.768304
-0.758841
-0.74941
-0.740013
-0.730661
-0.721354
-0.712103
-0.702908
-0.693778
-0.684713
-0.675722
-0.666805
-0.65797
-0.649216
-0.640551
-0.631973
-0.623489
-0.615098
-0.606807
-0.598612
-0.590521
-0.582531
-0.574647
-0.566867
-0.559195
-0.551628
-0.544171
-0.536821
-0.529582
-0.522449
-0.515427
-0.508512
-0.501706
-0.495006
-0.488415
-0.481928
-0.475547
-0.469269
-0.463095
-0.457021
-0.451049
-0.445173
-0.439396
-0.433712
-0.428123
-0.422625
-0.417217
-0.411895
-0.40666
-0.401508
-0.396438
-0.391446
-0.386533
-0.381693
-0.376926
-0.372229
-0.367601
-0.363038
-0.358539
-0.354101
-0.349722
-0.345399
-0.34113
-0.336914
-0.332747
-0.328628
-0.324554
-0.320523
-0.316534
-0.312583
-0.308669
-0.304789
-0.300943
-0.297127
-0.29334
-0.28958
-0.285845
-0.282133
-0.278443
-0.274772
-0.271121
-0.267485
-0.263866
-0.260259
-0.256666
-0.253084
-0.249512
-0.245949
-0.242394
-0.238846
-0.235304
-0.231766
-0.228234
-0.224704
-0.221177
-0.217653
-0.214136
-0.210617
-0.207024
-0.203323
-0.2004
0.131665
0.130766
0.12922
0.126869
0.123722
0.1198
0.115111
0.109666
0.10347
0.0965386
0.0888794
0.080508
0.0714352
0.0616785
0.0512504
0.0401706
0.0284532
0.0161204
0.00318764
-0.0103208
-0.0243879
-0.0389875
-0.0541013
-0.0697017
-0.0857691
-0.102275
-0.119199
-0.136513
-0.154196
-0.172218
-0.190562
-0.209197
-0.228107
-0.247262
-0.266646
-0.286233
-0.306007
-0.325942
-0.346021
-0.36622
-0.386523
-0.406902
-0.427341
-0.44781
-0.468293
-0.488757
-0.509183
-0.529538
-0.5498
-0.569937
-0.589927
-0.609735
-0.62934
-0.64871
-0.667824
-0.686652
-0.705174
-0.723362
-0.741199
-0.75866
-0.77573
-0.792387
-0.808617
-0.824402
-0.839731
-0.854587
-0.868962
-0.882842
-0.896221
-0.909088
-0.921438
-0.933262
-0.944558
-0.955319
-0.965543
-0.975228
-0.984373
-0.992976
-1.00104
-1.00856
-1.01554
-1.02199
-1.02791
-1.0333
-1.03816
-1.04251
-1.04635
-1.04968
-1.05251
-1.05484
-1.05668
-1.05802
-1.05888
-1.05927
-1.0592
-1.05868
-1.05771
-1.05631
-1.05449
-1.05227
-1.04965
-1.04664
-1.04325
-1.03951
-1.03541
-1.03098
-1.02622
-1.02114
-1.01577
-1.0101
-1.00416
-0.997955
-0.991494
-0.984795
-0.977864
-0.970719
-0.963366
-0.955823
-0.948095
-0.940199
-0.932141
-0.923937
-0.915594
-0.907126
-0.89854
-0.88985
-0.881062
-0.87219
-0.86324
-0.854225
-0.845149
-0.836027
-0.826862
-0.817668
-0.808448
-0.799214
-0.789969
-0.780726
-0.771486
-0.762262
-0.753055
-0.743876
-0.734727
-0.725618
-0.71655
-0.707533
-0.698567
-0.689661
-0.680816
-0.67204
-0.663332
-0.654702
-0.646147
-0.637675
-0.629286
-0.620986
-0.612774
-0.604655
-0.596628
-0.588699
-0.580865
-0.573133
-0.565498
-0.557966
-0.550534
-0.543207
-0.53598
-0.528859
-0.521839
-0.514925
-0.508112
-0.501403
-0.494795
-0.48829
-0.481884
-0.47558
-0.469373
-0.463266
-0.457253
-0.451338
-0.445515
-0.439785
-0.434145
-0.428595
-0.423131
-0.417754
-0.41246
-0.407248
-0.402115
-0.397061
-0.392082
-0.387177
-0.382343
-0.37758
-0.372882
-0.368251
-0.363682
-0.359175
-0.354726
-0.350333
-0.345995
-0.341709
-0.337473
-0.333285
-0.329142
-0.325044
-0.320986
-0.316969
-0.312988
-0.309043
-0.305131
-0.301252
-0.297401
-0.293579
-0.289782
-0.28601
-0.282259
-0.27853
-0.274819
-0.271127
-0.26745
-0.263788
-0.260138
-0.256501
-0.252874
-0.249257
-0.245647
-0.242044
-0.238447
-0.234855
-0.231266
-0.227681
-0.224098
-0.220516
-0.216934
-0.213359
-0.20978
-0.206131
-0.202366
-0.199298
0.17321
0.172302
0.170746
0.168378
0.165209
0.161261
0.15654
0.151057
0.14482
0.137841
0.130131
0.121703
0.112569
0.102747
0.0922487
0.0810943
0.0692979
0.0568815
0.043861
0.0302604
0.0160969
0.00139657
-0.0138221
-0.0295315
-0.0457123
-0.0623357
-0.0793818
-0.0968215
-0.114635
-0.132793
-0.151276
-0.170057
-0.189117
-0.208428
-0.227975
-0.247731
-0.26768
-0.287797
-0.308067
-0.328464
-0.348973
-0.369566
-0.390228
-0.410929
-0.431652
-0.452364
-0.473046
-0.493666
-0.514201
-0.534618
-0.554893
-0.574995
-0.594899
-0.614575
-0.633999
-0.653143
-0.671985
-0.690499
-0.708665
-0.72646
-0.743866
-0.760863
-0.777437
-0.793567
-0.809245
-0.824452
-0.83918
-0.853416
-0.867152
-0.880377
-0.893087
-0.905272
-0.91693
-0.928054
-0.938643
-0.948693
-0.958203
-0.967172
-0.9756
-0.983489
-0.990839
-0.997654
-1.00394
-1.00969
-1.01492
-1.01963
-1.02383
-1.02752
-1.03072
-1.03341
-1.03561
-1.03732
-1.03854
-1.03929
-1.03958
-1.03942
-1.03881
-1.03777
-1.0363
-1.03443
-1.03216
-1.0295
-1.02647
-1.02307
-1.01932
-1.01523
-1.01081
-1.00608
-1.00104
-0.995715
-0.990105
-0.984231
-0.978099
-0.971727
-0.965121
-0.958297
-0.951264
-0.944037
-0.936623
-0.929038
-0.921288
-0.91339
-0.905349
-0.89718
-0.88889
-0.880493
-0.871995
-0.86341
-0.854742
-0.846007
-0.837208
-0.828358
-0.819462
-0.810533
-0.801574
-0.792598
-0.783607
-0.774613
-0.765619
-0.756637
-0.747667
-0.738722
-0.729802
-0.720917
-0.712069
-0.703268
-0.694513
-0.685814
-0.67717
-0.668591
-0.660076
-0.651633
-0.643261
-0.634968
-0.626751
-0.618619
-0.61057
-0.602609
-0.594735
-0.586953
-0.579263
-0.571667
-0.564165
-0.556761
-0.549451
-0.542241
-0.535127
-0.528113
-0.521196
-0.514379
-0.507658
-0.501037
-0.494512
-0.488086
-0.481754
-0.475519
-0.469377
-0.46333
-0.457373
-0.45151
-0.445734
-0.440048
-0.434448
-0.428934
-0.423502
-0.418154
-0.412885
-0.407695
-0.40258
-0.397541
-0.392574
-0.387679
-0.382851
-0.378092
-0.373396
-0.368763
-0.36419
-0.359677
-0.35522
-0.350817
-0.346467
-0.342167
-0.337915
-0.333709
-0.329548
-0.325429
-0.321349
-0.317308
-0.313303
-0.309333
-0.305394
-0.301487
-0.297607
-0.293755
-0.289927
-0.286124
-0.282341
-0.278578
-0.274834
-0.271107
-0.267394
-0.263696
-0.260009
-0.256334
-0.252669
-0.249012
-0.245361
-0.241717
-0.238078
-0.234442
-0.230809
-0.227179
-0.223548
-0.219918
-0.216287
-0.212659
-0.209029
-0.205331
-0.201507
-0.198303
0.211181
0.210264
0.208699
0.206317
0.203129
0.199156
0.194408
0.188893
0.182619
0.1756
0.167845
0.159368
0.150182
0.140303
0.129744
0.118526
0.106661
0.0941724
0.0810759
0.0673956
0.0531487
0.0383611
0.0230515
0.00724745
-0.00903176
-0.0257574
-0.0429097
-0.0604594
-0.078387
-0.0966635
-0.11527
-0.134178
-0.153371
-0.17282
-0.192511
-0.212416
-0.232521
-0.252801
-0.273241
-0.293815
-0.314509
-0.335296
-0.356158
-0.377069
-0.398008
-0.418945
-0.43986
-0.46072
-0.481502
-0.502173
-0.522709
-0.543078
-0.563255
-0.583209
-0.602918
-0.62235
-0.641485
-0.660296
-0.678764
-0.696863
-0.714578
-0.731887
-0.748775
-0.765223
-0.78122
-0.79675
-0.811802
-0.826364
-0.840428
-0.853983
-0.867024
-0.879541
-0.891533
-0.902991
-0.913915
-0.924301
-0.934147
-0.943452
-0.952218
-0.960443
-0.968131
-0.975283
-0.981903
-0.987994
-0.99356
-0.998607
-1.00314
-1.00717
-1.01069
-1.01372
-1.01626
-1.0183
-1.01985
-1.02094
-1.02155
-1.02172
-1.02144
-1.02073
-1.0196
-1.01805
-1.0161
-1.01377
-1.01106
-1.00798
-1.00455
-1.00078
-0.996673
-0.992254
-0.987528
-0.98251
-0.977208
-0.971639
-0.965811
-0.959739
-0.953432
-0.946904
-0.940165
-0.933229
-0.926104
-0.918805
-0.911338
-0.903721
-0.895957
-0.888064
-0.880045
-0.871917
-0.863685
-0.855362
-0.846954
-0.838475
-0.829928
-0.821328
-0.812678
-0.803992
-0.795272
-0.786531
-0.777771
-0.769006
-0.760236
-0.751474
-0.742721
-0.733988
-0.725276
-0.716596
-0.707948
-0.699342
-0.690779
-0.682267
-0.673806
-0.665406
-0.657065
-0.648792
-0.640585
-0.632452
-0.624392
-0.616411
-0.608509
-0.60069
-0.592954
-0.585306
-0.577743
-0.570272
-0.562889
-0.555599
-0.548399
-0.541295
-0.534282
-0.527364
-0.520539
-0.513809
-0.507172
-0.50063
-0.494179
-0.487823
-0.481558
-0.475385
-0.469301
-0.463308
-0.457403
-0.451586
-0.445853
-0.440207
-0.434643
-0.429162
-0.42376
-0.418438
-0.413192
-0.408022
-0.402926
-0.397901
-0.392946
-0.388061
-0.38324
-0.378485
-0.373791
-0.369159
-0.364585
-0.360068
-0.355604
-0.351195
-0.346835
-0.342524
-0.33826
-0.334041
-0.329864
-0.325728
-0.321631
-0.317571
-0.313546
-0.309555
-0.305594
-0.301664
-0.297761
-0.293884
-0.290031
-0.286201
-0.282391
-0.278601
-0.274828
-0.271071
-0.267329
-0.2636
-0.259882
-0.256175
-0.252476
-0.248785
-0.245101
-0.241421
-0.237746
-0.234073
-0.230402
-0.226732
-0.223061
-0.219389
-0.215715
-0.212043
-0.208368
-0.204629
-0.200755
-0.197424
0.245179
0.244255
0.242681
0.240287
0.237082
0.23309
0.228318
0.222776
0.216472
0.20942
0.201627
0.19311
0.18388
0.173954
0.163345
0.152073
0.140151
0.127603
0.114443
0.100696
0.0863796
0.0715191
0.0561334
0.0402499
0.023888
0.00707631
-0.0101654
-0.0278082
-0.0458325
-0.0642095
-0.0829205
-0.101938
-0.121244
-0.140811
-0.160626
-0.18066
-0.200901
-0.221322
-0.24191
-0.26264
-0.283496
-0.304452
-0.325491
-0.346586
-0.367717
-0.388853
-0.409974
-0.431047
-0.452049
-0.472946
-0.493715
-0.514322
-0.534743
-0.554946
-0.574908
-0.594598
-0.613996
-0.633073
-0.651811
-0.670184
-0.688176
-0.705764
-0.722934
-0.739668
-0.755952
-0.771771
-0.787116
-0.801971
-0.81633
-0.830182
-0.843521
-0.856338
-0.86863
-0.88039
-0.891616
-0.902305
-0.912455
-0.922064
-0.931134
-0.939663
-0.947656
-0.955112
-0.962036
-0.96843
-0.9743
-0.97965
-0.984486
-0.988813
-0.99264
-0.99597
-0.998804
-1.00115
-1.003
-1.00439
-1.0053
-1.00577
-1.00579
-1.00537
-1.00453
-1.00328
-1.00163
-0.999591
-0.997169
-0.994382
-0.991239
-0.987754
-0.983936
-0.9798
-0.975355
-0.970616
-0.965593
-0.9603
-0.954745
-0.948945
-0.942907
-0.936647
-0.930172
-0.923499
-0.916634
-0.909593
-0.902382
-0.895017
-0.887504
-0.879857
-0.872084
-0.864198
-0.856204
-0.848118
-0.839943
-0.831694
-0.823374
-0.814998
-0.806569
-0.7981
-0.789594
-0.781064
-0.772512
-0.763951
-0.755382
-0.746817
-0.738257
-0.729714
-0.721188
-0.71269
-0.704221
-0.69579
-0.687397
-0.679052
-0.670755
-0.662513
-0.654328
-0.646205
-0.638145
-0.630155
-0.622234
-0.614388
-0.606615
-0.598923
-0.591309
-0.583779
-0.57633
-0.568968
-0.561691
-0.554503
-0.547401
-0.540389
-0.533466
-0.526634
-0.51989
-0.513238
-0.506674
-0.500202
-0.493818
-0.487525
-0.481318
-0.475201
-0.469169
-0.463225
-0.457364
-0.451589
-0.445896
-0.440285
-0.434754
-0.429303
-0.423928
-0.41863
-0.413406
-0.408255
-0.403175
-0.398165
-0.393221
-0.388345
-0.383532
-0.378782
-0.374092
-0.369462
-0.364887
-0.360368
-0.355901
-0.351487
-0.34712
-0.342802
-0.338528
-0.334298
-0.33011
-0.325962
-0.32185
-0.317776
-0.313735
-0.309727
-0.305748
-0.301799
-0.297877
-0.29398
-0.290106
-0.286254
-0.282422
-0.278609
-0.274813
-0.271032
-0.267265
-0.263511
-0.259767
-0.256033
-0.252307
-0.248588
-0.244874
-0.241165
-0.237459
-0.233755
-0.230052
-0.226349
-0.222644
-0.218937
-0.215227
-0.211518
-0.207806
-0.204033
-0.200116
-0.196668
0.27484
0.273908
0.272326
0.269921
0.266704
0.262695
0.257904
0.252341
0.246013
0.238934
0.231112
0.222564
0.213299
0.203337
0.192688
0.181373
0.169407
0.156811
0.143601
0.129802
0.11543
0.100512
0.0850651
0.0691182
0.0526901
0.0358094
0.0184956
0.000777793
-0.0173248
-0.0357835
-0.0545799
-0.0736862
-0.0930854
-0.112751
-0.132668
-0.15281
-0.173163
-0.193703
-0.214416
-0.235277
-0.25627
-0.277371
-0.298561
-0.319814
-0.341109
-0.362417
-0.383716
-0.404972
-0.426164
-0.447258
-0.468228
-0.489041
-0.509674
-0.530093
-0.550276
-0.570192
-0.589818
-0.609128
-0.628102
-0.646714
-0.664948
-0.682781
-0.700199
-0.717182
-0.733718
-0.749791
-0.765392
-0.780505
-0.795123
-0.809236
-0.822837
-0.835917
-0.848473
-0.860498
-0.87199
-0.882945
-0.893362
-0.903239
-0.912577
-0.921374
-0.929635
-0.937359
-0.944551
-0.951213
-0.95735
-0.962967
-0.968068
-0.972661
-0.976752
-0.980347
-0.983445
-0.986051
-0.988173
-0.989821
-0.991003
-0.991731
-0.992012
-0.99186
-0.991282
-0.990292
-0.988899
-0.987115
-0.984951
-0.98242
-0.979531
-0.976298
-0.972731
-0.968846
-0.964649
-0.960157
-0.955378
-0.950328
-0.945014
-0.939453
-0.933653
-0.927628
-0.921387
-0.914945
-0.908309
-0.901494
-0.894507
-0.887364
-0.880071
-0.872642
-0.865083
-0.85741
-0.849626
-0.841747
-0.833776
-0.825729
-0.817609
-0.809429
-0.801193
-0.792915
-0.784596
-0.776251
-0.767881
-0.759498
-0.751104
-0.742711
-0.73432
-0.725943
-0.717579
-0.70924
-0.700927
-0.692648
-0.684405
-0.676205
-0.66805
-0.659947
-0.651896
-0.643905
-0.635973
-0.628107
-0.620306
-0.612577
-0.604918
-0.597336
-0.589828
-0.5824
-0.57505
-0.567784
-0.560598
-0.553498
-0.546481
-0.539551
-0.532705
-0.525948
-0.519275
-0.512691
-0.506191
-0.49978
-0.493454
-0.487215
-0.48106
-0.474992
-0.469005
-0.463104
-0.457283
-0.451545
-0.445886
-0.440308
-0.434805
-0.429381
-0.42403
-0.418754
-0.413549
-0.408416
-0.403351
-0.398355
-0.393423
-0.388556
-0.383751
-0.379007
-0.374321
-0.369693
-0.36512
-0.3606
-0.356132
-0.351714
-0.347344
-0.34302
-0.338739
-0.334502
-0.330305
-0.326147
-0.322025
-0.317939
-0.313886
-0.309865
-0.305872
-0.301909
-0.297971
-0.294058
-0.290168
-0.286299
-0.282449
-0.278618
-0.274802
-0.271002
-0.267214
-0.263439
-0.259674
-0.255918
-0.25217
-0.248428
-0.24469
-0.240957
-0.237226
-0.233497
-0.229767
-0.226037
-0.222305
-0.21857
-0.21483
-0.211091
-0.207349
-0.20355
-0.199599
-0.196045
0.299791
0.298856
0.297269
0.294857
0.29163
0.287611
0.282806
0.277228
0.270884
0.263785
0.255943
0.247372
0.238083
0.228094
0.217417
0.206072
0.194074
0.181444
0.168198
0.15436
0.139948
0.124988
0.109497
0.0935035
0.0770267
0.0600949
0.0427276
0.0249537
0.00679237
-0.011728
-0.0305891
-0.0497635
-0.0692345
-0.0889757
-0.108972
-0.129199
-0.149641
-0.170275
-0.191088
-0.212054
-0.233158
-0.254375
-0.275689
-0.29707
-0.318501
-0.339949
-0.361395
-0.382804
-0.404153
-0.425409
-0.446548
-0.467533
-0.488343
-0.508943
-0.529311
-0.549415
-0.569234
-0.588739
-0.607911
-0.626725
-0.645163
-0.663202
-0.680829
-0.698023
-0.714773
-0.731061
-0.746878
-0.762209
-0.777047
-0.791381
-0.805204
-0.818508
-0.831289
-0.843539
-0.855258
-0.866439
-0.877084
-0.887189
-0.896754
-0.905781
-0.91427
-0.922223
-0.929643
-0.936533
-0.942898
-0.948742
-0.95407
-0.958889
-0.963204
-0.967024
-0.970348
-0.973179
-0.975526
-0.977399
-0.978807
-0.979759
-0.980265
-0.980336
-0.979982
-0.979214
-0.978042
-0.976479
-0.974533
-0.972221
-0.969549
-0.966532
-0.96318
-0.959507
-0.955522
-0.951241
-0.94667
-0.941827
-0.93672
-0.931363
-0.925764
-0.91994
-0.913897
-0.907652
-0.901211
-0.894589
-0.887793
-0.880839
-0.873733
-0.866489
-0.859113
-0.851619
-0.844014
-0.836311
-0.828514
-0.820638
-0.812687
-0.804673
-0.796602
-0.788485
-0.780326
-0.772137
-0.76392
-0.755689
-0.747444
-0.739196
-0.730949
-0.722712
-0.714486
-0.706282
-0.6981
-0.68995
-0.681833
-0.673756
-0.665721
-0.657735
-0.649799
-0.641919
-0.634095
-0.626334
-0.618635
-0.611005
-0.603442
-0.595953
-0.588535
-0.581194
-0.573928
-0.566742
-0.559635
-0.552609
-0.545664
-0.538803
-0.532024
-0.525329
-0.518717
-0.51219
-0.505745
-0.499386
-0.49311
-0.486918
-0.480807
-0.47478
-0.468833
-0.462968
-0.457182
-0.451476
-0.445847
-0.440296
-0.434819
-0.429418
-0.424089
-0.418832
-0.413645
-0.408528
-0.403477
-0.398493
-0.393571
-0.388714
-0.383916
-0.379179
-0.374497
-0.369873
-0.365302
-0.360784
-0.356315
-0.351896
-0.347523
-0.343196
-0.338911
-0.334669
-0.330465
-0.326301
-0.322171
-0.318077
-0.314015
-0.309984
-0.305981
-0.302006
-0.298057
-0.294132
-0.290229
-0.286346
-0.282483
-0.278637
-0.274807
-0.270991
-0.267188
-0.263396
-0.259614
-0.255841
-0.252075
-0.248315
-0.244559
-0.240807
-0.237056
-0.233306
-0.229556
-0.225805
-0.222052
-0.218295
-0.214533
-0.210771
-0.207006
-0.203188
-0.199209
-0.195563
0.319816
0.318866
0.317272
0.314854
0.311619
0.307591
0.302778
0.29719
0.290835
0.283725
0.275871
0.267286
0.257982
0.247978
0.237284
0.225921
0.213903
0.201252
0.187984
0.174123
0.159686
0.144699
0.12918
0.113157
0.0966488
0.0796839
0.0622816
0.0444706
0.0262699
0.00770791
-0.0111975
-0.0304189
-0.0499399
-0.0697345
-0.0897879
-0.110075
-0.130583
-0.151286
-0.172173
-0.193217
-0.214406
-0.235712
-0.25712
-0.278601
-0.300136
-0.321694
-0.343254
-0.364783
-0.386257
-0.407642
-0.428913
-0.450036
-0.470987
-0.491732
-0.512247
-0.532502
-0.552475
-0.572137
-0.591469
-0.610444
-0.629047
-0.647253
-0.665048
-0.682413
-0.699335
-0.715796
-0.731789
-0.747297
-0.762314
-0.776827
-0.79083
-0.804316
-0.817279
-0.829713
-0.841616
-0.852982
-0.863812
-0.874102
-0.883854
-0.893067
-0.901742
-0.909881
-0.917488
-0.924565
-0.931115
-0.937145
-0.942658
-0.947661
-0.952159
-0.956162
-0.959668
-0.962683
-0.965214
-0.967271
-0.968862
-0.969998
-0.970687
-0.970941
-0.970768
-0.970182
-0.969191
-0.967808
-0.966042
-0.963908
-0.961413
-0.958573
-0.955396
-0.951897
-0.948085
-0.943975
-0.939575
-0.934901
-0.929961
-0.92477
-0.919336
-0.913675
-0.907794
-0.901709
-0.895426
-0.888962
-0.882321
-0.875521
-0.868566
-0.861472
-0.854245
-0.846898
-0.839438
-0.831877
-0.824222
-0.816485
-0.808671
-0.800793
-0.792855
-0.784869
-0.776839
-0.768777
-0.760685
-0.752576
-0.744452
-0.736323
-0.728191
-0.720068
-0.711954
-0.703859
-0.695784
-0.687739
-0.679724
-0.671747
-0.663809
-0.655919
-0.648075
-0.640285
-0.632549
-0.624873
-0.617257
-0.609708
-0.602223
-0.594809
-0.587464
-0.580194
-0.572996
-0.565876
-0.558832
-0.551868
-0.544981
-0.538177
-0.531451
-0.524808
-0.518245
-0.511766
-0.505366
-0.49905
-0.492814
-0.48666
-0.480586
-0.474593
-0.468679
-0.462845
-0.457087
-0.451408
-0.445804
-0.440276
-0.434821
-0.429439
-0.424128
-0.418889
-0.413717
-0.408613
-0.403574
-0.398601
-0.39369
-0.38884
-0.38405
-0.379318
-0.374642
-0.370022
-0.365453
-0.360937
-0.356469
-0.35205
-0.347677
-0.343348
-0.339061
-0.334815
-0.330608
-0.326439
-0.322304
-0.318204
-0.314136
-0.310098
-0.306088
-0.302105
-0.298147
-0.294214
-0.290301
-0.286409
-0.282535
-0.278679
-0.274837
-0.27101
-0.267195
-0.263392
-0.259597
-0.255811
-0.252031
-0.248257
-0.244487
-0.240721
-0.236955
-0.233191
-0.229426
-0.22566
-0.22189
-0.218118
-0.21434
-0.210561
-0.206782
-0.202952
-0.198955
-0.195229
0.334381
0.333453
0.331864
0.329447
0.326212
0.322184
0.31737
0.311781
0.305424
0.298312
0.290455
0.281868
0.272561
0.262553
0.251855
0.240487
0.228464
0.215808
0.202534
0.188666
0.174221
0.159226
0.143698
0.127665
0.111146
0.0941687
0.0767531
0.0589274
0.0407106
0.0221307
0.00320554
-0.0160377
-0.0355829
-0.0554043
-0.0754872
-0.0958071
-0.116351
-0.137094
-0.158024
-0.179116
-0.200356
-0.221718
-0.243185
-0.264731
-0.286334
-0.307966
-0.329603
-0.351213
-0.372772
-0.394246
-0.415609
-0.436828
-0.457878
-0.478725
-0.499345
-0.519708
-0.539791
-0.559566
-0.579012
-0.598105
-0.616826
-0.635154
-0.653072
-0.670561
-0.68761
-0.7042
-0.720321
-0.73596
-0.751109
-0.765755
-0.779894
-0.793515
-0.806615
-0.819186
-0.831227
-0.842732
-0.853702
-0.864133
-0.874025
-0.883379
-0.892196
-0.900477
-0.908225
-0.915443
-0.922135
-0.928306
-0.93396
-0.939103
-0.943741
-0.947881
-0.951526
-0.954681
-0.957351
-0.959548
-0.96128
-0.962556
-0.963384
-0.963778
-0.963745
-0.963297
-0.962444
-0.961198
-0.959569
-0.95757
-0.95521
-0.952504
-0.94946
-0.946093
-0.942412
-0.938432
-0.934161
-0.929615
-0.924802
-0.919737
-0.914428
-0.90889
-0.903132
-0.897167
-0.891005
-0.884659
-0.878136
-0.871452
-0.864612
-0.857632
-0.850516
-0.84328
-0.835929
-0.828477
-0.820928
-0.813296
-0.805586
-0.79781
-0.789973
-0.782086
-0.774154
-0.766188
-0.758191
-0.750175
-0.742142
-0.734103
-0.72606
-0.718023
-0.709993
-0.701982
-0.693988
-0.686022
-0.678085
-0.670185
-0.662321
-0.654503
-0.646729
-0.639009
-0.63134
-0.623729
-0.616177
-0.608689
-0.601264
-0.593908
-0.586619
-0.579404
-0.572259
-0.56519
-0.558194
-0.551277
-0.544436
-0.537675
-0.530992
-0.524389
-0.517865
-0.511422
-0.505058
-0.498775
-0.492571
-0.486448
-0.480403
-0.474438
-0.468549
-0.46274
-0.457005
-0.451348
-0.445764
-0.440255
-0.434817
-0.429453
-0.424157
-0.418931
-0.413772
-0.408681
-0.403653
-0.398689
-0.393787
-0.388945
-0.384162
-0.379436
-0.374765
-0.370149
-0.365584
-0.361071
-0.356605
-0.352188
-0.347815
-0.343486
-0.339199
-0.334953
-0.330744
-0.326573
-0.322436
-0.318332
-0.31426
-0.310218
-0.306204
-0.302217
-0.298254
-0.294314
-0.290396
-0.286498
-0.282617
-0.278754
-0.274905
-0.27107
-0.267247
-0.263435
-0.259632
-0.255837
-0.252048
-0.248265
-0.244486
-0.240709
-0.236934
-0.23316
-0.229385
-0.225608
-0.221829
-0.218047
-0.214259
-0.210471
-0.206684
-0.202849
-0.198842
-0.195052
0.344018
0.34302
0.341414
0.338993
0.335757
0.331728
0.326915
0.321327
0.314972
0.307864
0.30001
0.291426
0.282123
0.272118
0.261424
0.250061
0.238042
0.225389
0.212119
0.198255
0.183813
0.168821
0.153296
0.137265
0.120748
0.103772
0.0863565
0.0685303
0.050312
0.0317294
0.0128004
-0.00644854
-0.026001
-0.0458317
-0.0659261
-0.08626
-0.10682
-0.127583
-0.148535
-0.169653
-0.190921
-0.212316
-0.233819
-0.255403
-0.27705
-0.298727
-0.320413
-0.342075
-0.363689
-0.385221
-0.406645
-0.427927
-0.449042
-0.469957
-0.490647
-0.511082
-0.531239
-0.551089
-0.570613
-0.589784
-0.608586
-0.626995
-0.644996
-0.66257
-0.679703
-0.69638
-0.712589
-0.728317
-0.743555
-0.758292
-0.772522
-0.786235
-0.799427
-0.812092
-0.824227
-0.835827
-0.846892
-0.857418
-0.867407
-0.876857
-0.88577
-0.894148
-0.901992
-0.909307
-0.916096
-0.922363
-0.928113
-0.933351
-0.938084
-0.942318
-0.946056
-0.949305
-0.95207
-0.954363
-0.956189
-0.957561
-0.958485
-0.958973
-0.959035
-0.958681
-0.957921
-0.956769
-0.955232
-0.953325
-0.951057
-0.948441
-0.945487
-0.94221
-0.938618
-0.934726
-0.930542
-0.926082
-0.921354
-0.916374
-0.911149
-0.905695
-0.900019
-0.894136
-0.888054
-0.881788
-0.875344
-0.868738
-0.861975
-0.855071
-0.848031
-0.84087
-0.833593
-0.826213
-0.818736
-0.811175
-0.803534
-0.795827
-0.788058
-0.780238
-0.772371
-0.76447
-0.756537
-0.748583
-0.740612
-0.732633
-0.724649
-0.71667
-0.708698
-0.700742
-0.692803
-0.684891
-0.677006
-0.669157
-0.661344
-0.653575
-0.645849
-0.638175
-0.630552
-0.622986
-0.615476
-0.60803
-0.600646
-0.593329
-0.586079
-0.5789
-0.571791
-0.564757
-0.557795
-0.55091
-0.5441
-0.537369
-0.530714
-0.524139
-0.517642
-0.511224
-0.504884
-0.498625
-0.492443
-0.486341
-0.480316
-0.47437
-0.468499
-0.462707
-0.456988
-0.451346
-0.445777
-0.440281
-0.434856
-0.429503
-0.424218
-0.419003
-0.413853
-0.40877
-0.40375
-0.398794
-0.393898
-0.389062
-0.384284
-0.379563
-0.374897
-0.370284
-0.365722
-0.361212
-0.356748
-0.352332
-0.347961
-0.343633
-0.339346
-0.335099
-0.33089
-0.326718
-0.32258
-0.318476
-0.314402
-0.310358
-0.306342
-0.302352
-0.298386
-0.294443
-0.290521
-0.286619
-0.282735
-0.278867
-0.275014
-0.271175
-0.267347
-0.26353
-0.259722
-0.255922
-0.252127
-0.248338
-0.244553
-0.240771
-0.23699
-0.23321
-0.229429
-0.225647
-0.221863
-0.218076
-0.214285
-0.210493
-0.206704
-0.202875
-0.198873
-0.19504
0.346498
0.34559
0.344005
0.341593
0.33837
0.334358
0.329562
0.323994
0.317659
0.310573
0.302741
0.294182
0.284905
0.274928
0.264262
0.25293
0.240942
0.228324
0.215087
0.201259
0.186855
0.171902
0.156415
0.140426
0.123949
0.107016
0.0896427
0.0718606
0.0536849
0.0351468
0.0162601
-0.00294474
-0.0224558
-0.0422438
-0.0622987
-0.0825924
-0.103116
-0.123842
-0.144761
-0.165845
-0.187086
-0.208452
-0.229931
-0.251492
-0.27312
-0.294779
-0.316452
-0.338101
-0.359707
-0.381231
-0.402652
-0.42393
-0.445047
-0.465962
-0.486658
-0.507098
-0.527265
-0.547124
-0.566661
-0.585846
-0.604665
-0.62309
-0.641112
-0.658707
-0.675864
-0.692565
-0.708802
-0.724557
-0.739826
-0.754594
-0.768857
-0.782604
-0.795833
-0.808534
-0.820708
-0.832348
-0.843454
-0.854022
-0.864055
-0.873549
-0.882508
-0.890931
-0.898824
-0.906186
-0.913023
-0.919339
-0.925138
-0.930425
-0.935206
-0.939489
-0.943275
-0.946573
-0.949388
-0.951729
-0.953605
-0.955025
-0.955997
-0.956534
-0.956642
-0.956335
-0.955621
-0.954515
-0.953022
-0.95116
-0.948935
-0.946363
-0.943451
-0.940217
-0.936665
-0.932815
-0.928671
-0.924252
-0.919563
-0.914622
-0.909435
-0.90402
-0.898381
-0.892536
-0.88649
-0.880262
-0.873853
-0.867284
-0.860556
-0.853688
-0.846682
-0.839556
-0.832311
-0.824966
-0.817522
-0.809995
-0.802386
-0.794713
-0.786974
-0.779188
-0.771352
-0.763483
-0.755579
-0.747657
-0.739715
-0.731767
-0.723812
-0.715863
-0.707919
-0.699992
-0.692081
-0.684197
-0.676339
-0.668518
-0.66073
-0.652988
-0.645287
-0.637639
-0.630039
-0.622499
-0.615012
-0.607591
-0.600228
-0.592935
-0.585706
-0.57855
-0.571461
-0.564448
-0.557506
-0.550642
-0.54385
-0.537139
-0.530501
-0.523945
-0.517464
-0.511064
-0.504739
-0.498497
-0.492329
-0.486243
-0.480231
-0.4743
-0.468442
-0.462663
-0.456956
-0.451327
-0.445768
-0.440284
-0.43487
-0.429528
-0.424252
-0.419047
-0.413906
-0.408832
-0.40382
-0.398872
-0.393983
-0.389155
-0.384384
-0.37967
-0.375009
-0.370403
-0.365846
-0.361341
-0.356883
-0.352472
-0.348104
-0.343781
-0.339498
-0.335255
-0.33105
-0.326881
-0.322746
-0.318644
-0.314573
-0.310531
-0.306516
-0.302529
-0.298564
-0.294623
-0.290702
-0.286801
-0.282917
-0.27905
-0.275197
-0.271357
-0.267529
-0.263712
-0.259902
-0.256101
-0.252306
-0.248516
-0.244729
-0.240945
-0.237162
-0.233381
-0.229599
-0.225817
-0.222032
-0.218246
-0.214456
-0.210667
-0.206884
-0.203078
-0.19912
-0.195226
1.57402
1.5073
1.39048
1.23618
1.05517
0.864154
0.677854
0.506185
0.354722
0.225732
0.119184
0.0335144
-0.0336002
-0.0844789
-0.121286
-0.146028
-0.160495
-0.166229
-0.164541
-0.156542
-0.143175
-0.12525
-0.10347
-0.078459
-0.0507731
-0.0209223
0.0106268
0.0434358
0.0771001
0.111232
0.145476
0.179484
0.212945
0.245546
0.277014
0.30707
0.335478
0.361986
0.386393
0.40847
0.428042
0.444904
0.458863
0.469732
0.477399
0.482015
0.484182
0.484689
0.483962
0.481999
0.478859
0.474978
0.470999
0.467385
0.464284
0.461657
0.459418
0.457492
0.455834
0.454413
0.453211
0.45221
0.451398
0.45076
0.450282
0.449944
0.449727
0.449606
0.449555
0.449544
0.449546
0.449546
0.449546
0.449546
0.449548
0.449548
0.449549
0.449549
0.449549
0.449549
1.4959
1.3971
1.26809
1.11043
0.933215
0.751633
0.578105
0.420609
0.283343
0.167683
0.0730966
-0.00221747
-0.0605296
-0.104014
-0.134685
-0.15438
-0.164717
-0.167083
-0.162657
-0.152439
-0.137282
-0.117926
-0.0950174
-0.0691358
-0.0408028
-0.0104999
0.0213297
0.0542674
0.0879255
0.121931
0.155943
0.189625
0.222677
0.254799
0.285726
0.315188
0.34296
0.368795
0.392502
0.413857
0.432696
0.44882
0.462055
0.472248
0.479344
0.483566
0.485521
0.485905
0.485026
0.482829
0.4794
0.475238
0.471045
0.4673
0.464134
0.461481
0.459239
0.457323
0.455684
0.454286
0.453108
0.45213
0.45134
0.45072
0.450256
0.44993
0.449721
0.449605
0.449556
0.449546
0.449548
0.449547
0.449547
0.449547
0.449548
0.449548
0.449549
0.449549
0.449549
0.449549
1.37651
1.2573
1.12875
0.978764
0.814832
0.649908
0.493822
0.352891
0.230423
0.127425
0.0433336
-0.0235295
-0.075128
-0.11329
-0.139762
-0.15616
-0.163911
-0.164251
-0.158239
-0.146781
-0.130662
-0.110568
-0.0871081
-0.0608292
-0.0322309
-0.00177639
0.0301057
0.0630087
0.0965552
0.130381
0.164153
0.197543
0.230255
0.261995
0.292505
0.32152
0.348815
0.374151
0.397338
0.418157
0.436449
0.452025
0.464729
0.474449
0.481195
0.485262
0.487225
0.487621
0.486618
0.484143
0.480339
0.475792
0.471282
0.46732
0.464024
0.461304
0.459036
0.457122
0.455501
0.454129
0.452981
0.452034
0.451271
0.450674
0.45023
0.449917
0.449717
0.449607
0.44956
0.449549
0.449549
0.449548
0.449547
0.449547
0.449548
0.449548
0.449549
0.449549
0.449549
0.449549
1.26846
1.1442
1.01872
0.874368
0.72
0.567208
0.424064
0.295714
0.184758
0.0918531
0.0163223
-0.0434801
-0.0893096
-0.122775
-0.145457
-0.158814
-0.164131
-0.162526
-0.154962
-0.142269
-0.125176
-0.104321
-0.0802797
-0.0535719
-0.0246764
0.00596088
0.0379248
0.070821
0.104282
0.137953
0.171507
0.204627
0.237022
0.268405
0.298523
0.327118
0.35397
0.378846
0.40156
0.421901
0.439715
0.454824
0.467093
0.47643
0.482902
0.486861
0.488831
0.489189
0.487999
0.485208
0.481044
0.476177
0.471427
0.467303
0.463909
0.461137
0.458849
0.456937
0.455333
0.453987
0.452867
0.451948
0.45121
0.450635
0.450207
0.449907
0.449715
0.449609
0.449563
0.449552
0.449551
0.449549
0.449548
0.449547
0.449548
0.449548
0.449549
0.449549
0.449549
0.449549
1.17617
1.05011
0.926064
0.784789
0.637069
0.493447
0.360656
0.242815
0.141794
0.0578419
-0.00995111
-0.0632713
-0.103709
-0.132726
-0.15178
-0.162193
-0.165131
-0.161605
-0.152492
-0.138556
-0.12047
-0.0988305
-0.07418
-0.0470138
-0.0177903
0.0130609
0.0451377
0.0780575
0.111462
0.145007
0.178372
0.211248
0.243352
0.274404
0.304155
0.332356
0.358791
0.383234
0.405505
0.4254
0.442772
0.457457
0.469325
0.4783
0.484493
0.488301
0.490194
0.490428
0.488989
0.485865
0.481383
0.476283
0.471388
0.467181
0.46374
0.460944
0.458652
0.456752
0.45517
0.45385
0.452758
0.451866
0.451152
0.450597
0.450185
0.449897
0.449712
0.44961
0.449566
0.449554
0.449553
0.44955
0.449549
0.449548
0.449548
0.449548
0.449549
0.449549
0.449549
0.449549
1.09263
0.963355
0.839813
0.701159
0.559425
0.424138
0.300857
0.192739
0.100966
0.0253877
-0.0351816
-0.0824264
-0.117772
-0.142581
-0.158192
-0.165802
-0.166465
-0.161093
-0.150487
-0.135344
-0.116288
-0.093878
-0.0686247
-0.0409999
-0.0114435
0.0196303
0.0518318
0.0847898
0.118155
0.151592
0.184789
0.217444
0.249279
0.280024
0.309434
0.337268
0.363315
0.387356
0.409215
0.428701
0.445668
0.459962
0.47145
0.480066
0.485968
0.489584
0.491336
0.491382
0.489657
0.486201
0.481445
0.476179
0.471208
0.466971
0.463517
0.460719
0.458437
0.456557
0.455001
0.45371
0.452648
0.451784
0.451094
0.45056
0.450163
0.449886
0.449709
0.449611
0.449568
0.449556
0.449554
0.449551
0.449549
0.449548
0.449548
0.449548
0.449549
0.449549
0.449549
0.449549
1.01379
0.879981
0.756809
0.621068
0.485383
0.35824
0.244107
0.14525
0.0622303
-0.00545704
-0.0592593
-0.100802
-0.131358
-0.152206
-0.164568
-0.169527
-0.168027
-0.160896
-0.148857
-0.132552
-0.112557
-0.0893959
-0.0635516
-0.0354738
-0.00558529
0.0257146
0.0580475
0.091053
0.12439
0.157734
0.190778
0.223229
0.254816
0.285275
0.314367
0.34186
0.367545
0.391213
0.412692
0.431801
0.448397
0.462325
0.473446
0.481702
0.487301
0.490693
0.492255
0.492065
0.490032
0.486264
0.48128
0.475909
0.470921
0.466692
0.463249
0.460467
0.458206
0.456353
0.454827
0.453568
0.452537
0.451701
0.451036
0.450522
0.450141
0.449875
0.449706
0.449611
0.44957
0.449558
0.449555
0.449552
0.44955
0.449548
0.449548
0.449548
0.449549
0.449549
0.449549
0.449549
0.937004
0.798132
0.675571
0.543303
0.414011
0.295081
0.189939
0.100029
0.025379
-0.0348336
-0.0822646
-0.118441
-0.144487
-0.161602
-0.170898
-0.173344
-0.169788
-0.160975
-0.147561
-0.130134
-0.109228
-0.085334
-0.0589095
-0.0303837
-0.000163588
0.0313652
0.0638352
0.0968966
0.130216
0.163478
0.196383
0.228646
0.260001
0.290193
0.318988
0.34616
0.371507
0.394829
0.415956
0.434716
0.450966
0.464545
0.475298
0.483185
0.488467
0.491605
0.492934
0.492472
0.490124
0.486068
0.480911
0.475505
0.470546
0.466355
0.462944
0.460192
0.457961
0.456141
0.45465
0.453425
0.452426
0.451619
0.450979
0.450484
0.450119
0.449864
0.449702
0.449612
0.449571
0.449559
0.449556
0.449553
0.44955
0.449548
0.449548
0.449548
0.449549
0.449549
0.449549
0.449549
0.859937
0.716288
0.59497
0.467005
0.344683
0.234228
0.138061
0.0568893
-0.00969706
-0.0628062
-0.104227
-0.135345
-0.157141
-0.17074
-0.177141
-0.177209
-0.1717
-0.161281
-0.146548
-0.128039
-0.10625
-0.081642
-0.0546488
-0.0256813
0.0048685
0.0366276
0.0692388
0.102362
0.135673
0.168863
0.201641
0.233729
0.264867
0.294808
0.323323
0.350195
0.375226
0.398224
0.419022
0.437458
0.45338
0.466614
0.476988
0.484494
0.489441
0.492298
0.49336
0.492599
0.489934
0.485623
0.480367
0.474986
0.470093
0.465965
0.462605
0.459895
0.457705
0.455924
0.45447
0.453282
0.452316
0.451537
0.450922
0.450448
0.450098
0.449854
0.449698
0.449611
0.449573
0.449561
0.449557
0.449553
0.449551
0.449549
0.449548
0.449548
0.449549
0.449549
0.449549
0.449549
0.780705
0.633404
0.514391
0.391795
0.277174
0.175549
0.0883993
0.0157981
-0.043001
-0.0893775
-0.125142
-0.151488
-0.169287
-0.179581
-0.183258
-0.18108
-0.173719
-0.16177
-0.145774
-0.126223
-0.10358
-0.0782769
-0.0507279
-0.0213258
0.00955015
0.0415396
0.0742945
0.107485
0.140793
0.173921
0.206581
0.238506
0.26944
0.299145
0.327396
0.353987
0.37872
0.401414
0.421905
0.440036
0.455638
0.468519
0.478498
0.485609
0.490205
0.492756
0.493525
0.492448
0.489469
0.484963
0.479683
0.474371
0.469572
0.465529
0.462236
0.45958
0.457438
0.455701
0.454289
0.453138
0.452206
0.451456
0.450866
0.450411
0.450076
0.449843
0.449694
0.449611
0.449574
0.449562
0.449558
0.449554
0.449551
0.449549
0.449548
0.449548
0.449549
0.449549
0.449549
0.449549
0.698022
0.548993
0.433733
0.317725
0.211584
0.119146
0.0410399
-0.0231719
-0.0744725
-0.114515
-0.144985
-0.166832
-0.180887
-0.188088
-0.189208
-0.184915
-0.175802
-0.1624
-0.145197
-0.124646
-0.101178
-0.0752007
-0.0471098
-0.0172824
0.0139148
0.0461327
0.0790322
0.112293
0.145604
0.178675
0.211227
0.242998
0.27374
0.303222
0.331225
0.357549
0.382001
0.404411
0.424611
0.442448
0.457731
0.470243
0.479807
0.486507
0.490736
0.492966
0.493422
0.492007
0.488748
0.484131
0.47888
0.473671
0.468992
0.465051
0.461839
0.459248
0.457161
0.455473
0.454105
0.452994
0.452096
0.451377
0.45081
0.450375
0.450055
0.449832
0.44969
0.449611
0.449575
0.449563
0.449559
0.449555
0.449551
0.449549
0.449549
0.449548
0.449549
0.449549
0.449549
0.449549
0.611231
0.463096
0.353318
0.245149
0.148222
0.0652546
-0.00385457
-0.0599128
-0.104072
-0.138178
-0.163702
-0.181342
-0.191911
-0.196229
-0.19496
-0.188683
-0.177917
-0.163137
-0.144782
-0.123272
-0.0990087
-0.0723796
-0.043762
-0.0135195
0.0179928
0.050436
0.0834797
0.116812
0.15013
0.18315
0.2156
0.247227
0.277786
0.307057
0.334824
0.360896
0.385083
0.407222
0.427146
0.444693
0.459648
0.471769
0.480896
0.487171
0.491021
0.49292
0.493037
0.491286
0.487821
0.483157
0.477978
0.472902
0.468361
0.464537
0.461419
0.458902
0.456876
0.455242
0.45392
0.45285
0.451987
0.451297
0.450755
0.45034
0.450034
0.449821
0.449686
0.44961
0.449576
0.449564
0.44956
0.449555
0.449552
0.449549
0.449549
0.449548
0.449549
0.449549
0.449549
0.449549
0.520342
0.376267
0.273819
0.174659
0.0875444
0.0141935
-0.0460744
-0.0942956
-0.131744
-0.160319
-0.181241
-0.194985
-0.20233
-0.203975
-0.200481
-0.192348
-0.180029
-0.163944
-0.144494
-0.122067
-0.0970401
-0.0697817
-0.0406541
-0.0100083
0.0218113
0.054475
0.0876608
0.121065
0.154391
0.187365
0.219718
0.251208
0.281594
0.310663
0.338205
0.364037
0.387973
0.409853
0.429507
0.446764
0.461372
0.473073
0.481743
0.487581
0.491048
0.492599
0.492353
0.490322
0.486721
0.482061
0.476992
0.472072
0.467686
0.463993
0.460977
0.458541
0.456583
0.455006
0.453734
0.452706
0.451879
0.451219
0.450701
0.450305
0.450013
0.44981
0.449681
0.449609
0.449576
0.449565
0.449561
0.449556
0.449552
0.449549
0.449549
0.449548
0.449549
0.449549
0.449549
0.449549
0.42604
0.289524
0.196174
0.106986
0.0300733
-0.0336955
-0.0854105
-0.126198
-0.15743
-0.180914
-0.19758
-0.207743
-0.212124
-0.211303
-0.205748
-0.195886
-0.182109
-0.164793
-0.144304
-0.121001
-0.0952418
-0.0673779
-0.0377577
-0.00672155
0.0253964
0.0582743
0.0915991
0.125074
0.158409
0.191338
0.223601
0.254958
0.285178
0.314054
0.341382
0.366983
0.390678
0.412307
0.431696
0.448651
0.462887
0.474138
0.482332
0.487729
0.490806
0.491977
0.491399
0.489158
0.485474
0.480865
0.475936
0.471191
0.466973
0.463421
0.460517
0.45817
0.456284
0.454768
0.453547
0.452562
0.451771
0.451141
0.450648
0.45027
0.449993
0.4498
0.449677
0.449608
0.449577
0.449566
0.449561
0.449556
0.449552
0.449549
0.449549
0.449548
0.449549
0.449549
0.449549
0.449549
0.329689
0.204279
0.121498
0.0429368
-0.0236502
-0.0780775
-0.121666
-0.155507
-0.181084
-0.199953
-0.212704
-0.2196
-0.221275
-0.218191
-0.210735
-0.199266
-0.184126
-0.165652
-0.144178
-0.120043
-0.0935841
-0.0651396
-0.035046
-0.00363381
0.0287716
0.0618563
0.0953148
0.128857
0.162202
0.195087
0.227261
0.25849
0.28855
0.31724
0.344361
0.369741
0.393203
0.414585
0.433704
0.450339
0.464171
0.474942
0.482649
0.487599
0.490258
0.491055
0.490218
0.487819
0.484101
0.479582
0.47482
0.470267
0.466229
0.462826
0.46004
0.457788
0.455979
0.454526
0.453358
0.452418
0.451664
0.451064
0.450595
0.450236
0.449972
0.449789
0.449673
0.449607
0.449577
0.449566
0.449562
0.449556
0.449552
0.44955
0.449549
0.449548
0.449549
0.449549
0.449549
0.449549
0.233242
0.122196
0.0509599
-0.0167059
-0.0731408
-0.118679
-0.154698
-0.182175
-0.202686
-0.217428
-0.226607
-0.230553
-0.229775
-0.224627
-0.215424
-0.202467
-0.186056
-0.166494
-0.144091
-0.119165
-0.0920395
-0.0630401
-0.0324931
-0.000720643
0.0319603
0.0652428
0.0988288
0.132435
0.165786
0.198628
0.230714
0.261819
0.291724
0.320232
0.347154
0.372318
0.395551
0.416687
0.435527
0.451814
0.465206
0.475474
0.482686
0.487166
0.489391
0.489884
0.488842
0.486329
0.482625
0.478231
0.473656
0.469308
0.465457
0.462211
0.45955
0.457397
0.455669
0.454282
0.453169
0.452274
0.451558
0.450988
0.450543
0.450202
0.449953
0.449779
0.449668
0.449606
0.449577
0.449567
0.449562
0.449557
0.449553
0.44955
0.449549
0.449548
0.449549
0.449549
0.449549
0.449549
0.139108
0.045022
-0.0143289
-0.0712477
-0.118004
-0.155302
-0.184436
-0.20625
-0.22225
-0.233292
-0.23929
-0.240604
-0.237617
-0.230596
-0.219793
-0.205465
-0.187872
-0.167291
-0.144013
-0.118339
-0.0905807
-0.0610534
-0.0300746
0.00204098
0.034984
0.0684536
0.102159
0.135823
0.169178
0.201975
0.233974
0.264956
0.294708
0.323039
0.349766
0.374718
0.397724
0.418608
0.437149
0.453056
0.465973
0.47572
0.482417
0.48639
0.488239
0.488496
0.487289
0.48471
0.481061
0.476822
0.472452
0.468319
0.464663
0.461579
0.459048
0.456999
0.455355
0.454036
0.452979
0.45213
0.451452
0.450913
0.450492
0.450169
0.449933
0.449768
0.449664
0.449604
0.449577
0.449567
0.449563
0.449557
0.449553
0.44955
0.449549
0.449548
0.449549
0.449549
0.449549
0.449549
0.0498974
-0.0256389
-0.0734489
-0.120171
-0.157991
-0.187864
-0.210886
-0.22777
-0.239829
-0.247588
-0.250785
-0.249766
-0.244803
-0.23609
-0.22383
-0.208239
-0.18955
-0.168018
-0.143918
-0.117539
-0.0891821
-0.0591548
-0.0277667
0.00467366
0.0378639
0.071509
0.105325
0.13904
0.172394
0.205143
0.237054
0.267913
0.297514
0.32567
0.352204
0.376945
0.399722
0.420343
0.438561
0.454049
0.466462
0.475666
0.481799
0.48529
0.486852
0.486914
0.485583
0.482983
0.479429
0.475368
0.471218
0.467306
0.46385
0.460934
0.458536
0.456594
0.455037
0.453789
0.452789
0.451987
0.451347
0.450838
0.450441
0.450137
0.449914
0.449758
0.449659
0.449603
0.449577
0.449568
0.449563
0.449557
0.449553
0.44955
0.449549
0.449548
0.449549
0.449549
0.449549
0.449549
-0.031865
-0.0885063
-0.125751
-0.163167
-0.19301
-0.216385
-0.234112
-0.246807
-0.255496
-0.260371
-0.261126
-0.258056
-0.251335
-0.241102
-0.227517
-0.210768
-0.191066
-0.168649
-0.14378
-0.116739
-0.0878184
-0.05732
-0.0255468
0.00719856
0.0406196
0.074427
0.108343
0.142101
0.175448
0.208144
0.239965
0.2707
0.30015
0.328132
0.354474
0.379002
0.401542
0.421882
0.439743
0.454775
0.466655
0.475263
0.480817
0.483921
0.485252
0.485156
0.483744
0.481166
0.477739
0.473877
0.469957
0.466273
0.463022
0.460276
0.458015
0.456184
0.454715
0.453539
0.452598
0.451844
0.451242
0.450764
0.450391
0.450105
0.449894
0.449748
0.449654
0.449602
0.449577
0.449568
0.449563
0.449557
0.449553
0.44955
0.449549
0.449548
0.449549
0.449549
0.449549
0.449549
-0.10409
-0.142801
-0.170936
-0.200179
-0.223144
-0.241001
-0.254254
-0.26348
-0.269348
-0.271712
-0.270359
-0.265498
-0.257222
-0.245626
-0.230843
-0.213035
-0.192398
-0.16916
-0.143574
-0.115914
-0.0864658
-0.0555262
-0.0233928
0.00963646
0.0432711
0.0772259
0.11123
0.145022
0.178354
0.210993
0.242719
0.273328
0.302626
0.330432
0.35658
0.38089
0.403182
0.423216
0.440685
0.455224
0.466515
0.474478
0.479526
0.482322
0.483462
0.483245
0.481795
0.479279
0.476007
0.47236
0.468678
0.465227
0.462182
0.459608
0.457487
0.455769
0.454392
0.453289
0.452407
0.451701
0.451138
0.45069
0.450341
0.450073
0.449876
0.449738
0.44965
0.4496
0.449577
0.449568
0.449563
0.449557
0.449553
0.44955
0.449549
0.449548
0.449549
0.449549
0.449549
0.449549
-0.165394
-0.188305
-0.209049
-0.231383
-0.24863
-0.261949
-0.271553
-0.27794
-0.28145
-0.281679
-0.278529
-0.272115
-0.262469
-0.249659
-0.233793
-0.215019
-0.193524
-0.169527
-0.143276
-0.11504
-0.085101
-0.0537512
-0.021284
0.0120069
0.0458359
0.0799225
0.114002
0.147816
0.181125
0.2137
0.245327
0.275806
0.304948
0.332576
0.358525
0.382608
0.404633
0.424331
0.441369
0.45536
0.465984
0.473339
0.477972
0.480509
0.481496
0.4812
0.479753
0.477334
0.47424
0.470822
0.467384
0.464168
0.461332
0.458933
0.456954
0.455351
0.454065
0.453037
0.452216
0.451559
0.451034
0.450617
0.450292
0.450041
0.449857
0.449728
0.449645
0.449598
0.449577
0.449568
0.449563
0.449557
0.449553
0.44955
0.449549
0.449548
0.449549
0.449549
0.449549
0.449549
-0.215285
-0.225356
-0.240463
-0.257173
-0.26984
-0.279551
-0.286277
-0.290367
-0.291902
-0.290358
-0.285691
-0.277936
-0.267089
-0.253197
-0.236356
-0.216705
-0.194424
-0.169729
-0.142864
-0.114095
-0.0837021
-0.0519738
-0.0192
0.014329
0.0483325
0.0825338
0.116674
0.150499
0.183775
0.216278
0.247799
0.278143
0.307124
0.334569
0.360312
0.384155
0.40589
0.42522
0.441773
0.455119
0.465072
0.471909
0.476182
0.478506
0.47938
0.479046
0.47764
0.475347
0.472451
0.469271
0.466082
0.463102
0.460475
0.458251
0.456416
0.454929
0.453738
0.452786
0.452025
0.451417
0.450931
0.450545
0.450243
0.45001
0.449839
0.449718
0.449641
0.449597
0.449576
0.449568
0.449563
0.449557
0.449553
0.44955
0.449549
0.449548
0.449549
0.449549
0.449549
0.449549
-0.254172
-0.254732
-0.265798
-0.278092
-0.28723
-0.294164
-0.298672
-0.300936
-0.300841
-0.297839
-0.291895
-0.282985
-0.271087
-0.256237
-0.238521
-0.218076
-0.195079
-0.169744
-0.142316
-0.113058
-0.0822481
-0.0501739
-0.0171222
0.0166205
0.0507771
0.0850748
0.11926
0.153083
0.186315
0.218736
0.250144
0.280347
0.309161
0.336415
0.36194
0.385525
0.406945
0.425857
0.441822
0.454485
0.46384
0.470212
0.474175
0.476331
0.477133
0.476798
0.475468
0.473327
0.470645
0.46771
0.464773
0.462031
0.459614
0.457566
0.455875
0.454506
0.453409
0.452533
0.451834
0.451275
0.450829
0.450473
0.450195
0.44998
0.449821
0.449708
0.449637
0.449595
0.449576
0.449568
0.449563
0.449557
0.449553
0.44955
0.449549
0.449548
0.449549
0.449549
0.449549
0.449549
-0.283214
-0.277497
-0.285833
-0.294781
-0.301303
-0.306162
-0.308992
-0.309824
-0.308402
-0.304206
-0.297189
-0.28729
-0.274474
-0.258775
-0.240277
-0.219116
-0.195469
-0.169553
-0.141611
-0.111907
-0.0807191
-0.0483323
-0.015032
0.0188991
0.0531862
0.0875614
0.121775
0.155582
0.188758
0.221088
0.252373
0.282427
0.311064
0.338119
0.363412
0.38672
0.407782
0.426174
0.441489
0.453517
0.46232
0.468271
0.471974
0.474009
0.474778
0.474478
0.473254
0.471287
0.468831
0.466147
0.463463
0.460958
0.458751
0.456877
0.455331
0.454081
0.453079
0.452281
0.451644
0.451134
0.450727
0.450402
0.450147
0.44995
0.449803
0.449699
0.449632
0.449594
0.449576
0.449568
0.449563
0.449557
0.449553
0.44955
0.449549
0.449548
0.449549
0.449549
0.449549
0.449549
-0.304043
-0.294816
-0.301404
-0.307899
-0.312554
-0.315901
-0.317479
-0.317196
-0.314706
-0.309535
-0.301618
-0.29087
-0.277256
-0.260809
-0.241614
-0.21981
-0.195578
-0.169136
-0.14073
-0.110624
-0.0790966
-0.0464314
-0.0129127
0.02118
0.0555747
0.0900067
0.124231
0.158007
0.191114
0.223341
0.254494
0.284388
0.312838
0.339682
0.364728
0.387723
0.40833
0.42613
0.440819
0.452242
0.460524
0.466106
0.469603
0.47156
0.472332
0.4721
0.471008
0.469234
0.467013
0.464583
0.462153
0.459884
0.457886
0.456187
0.454787
0.453654
0.452749
0.452028
0.451453
0.450993
0.450626
0.450331
0.4501
0.44992
0.449785
0.449689
0.449628
0.449592
0.449575
0.449568
0.449563
0.449557
0.449553
0.44955
0.449549
0.449548
0.449549
0.449549
0.449549
0.449549
-0.318441
-0.307806
-0.313319
-0.318071
-0.32144
-0.323705
-0.324355
-0.323207
-0.319861
-0.313895
-0.305222
-0.293748
-0.279441
-0.262336
-0.242524
-0.220147
-0.195391
-0.168478
-0.139656
-0.109191
-0.0773632
-0.0444542
-0.0107478
0.0234795
0.0579576
0.0924255
0.126643
0.160372
0.193395
0.225507
0.256515
0.28624
0.314491
0.341111
0.365879
0.38847
0.408553
0.425768
0.439843
0.450677
0.458477
0.463744
0.467087
0.469009
0.469818
0.469682
0.468744
0.467176
0.465197
0.463024
0.460847
0.458813
0.457021
0.455498
0.454242
0.453228
0.452419
0.451776
0.451264
0.450854
0.450525
0.450261
0.450053
0.44989
0.449768
0.44968
0.449623
0.44959
0.449575
0.449568
0.449563
0.449557
0.449553
0.44955
0.449549
0.449548
0.449549
0.449549
0.449549
0.449549
-0.328059
-0.317426
-0.322289
-0.32584
-0.32835
-0.32985
-0.32981
-0.327989
-0.323959
-0.317342
-0.308036
-0.295942
-0.281035
-0.263355
-0.242999
-0.220114
-0.194894
-0.167563
-0.138373
-0.107593
-0.0755032
-0.0423856
-0.00852283
0.0258111
0.0603478
0.0948294
0.12902
0.162685
0.19561
0.227592
0.258444
0.287988
0.316026
0.342394
0.366796
0.388925
0.408482
0.425108
0.438566
0.448833
0.4562
0.461209
0.46445
0.466373
0.467249
0.467234
0.466468
0.465118
0.463387
0.461472
0.459546
0.457746
0.456159
0.454808
0.453697
0.452802
0.45209
0.451524
0.451075
0.450714
0.450425
0.450192
0.450007
0.449861
0.449751
0.449671
0.449619
0.449589
0.449574
0.449568
0.449563
0.449557
0.449553
0.44955
0.449549
0.449548
0.449549
0.449549
0.449549
0.449549
-0.334249
-0.324436
-0.328903
-0.331651
-0.333602
-0.33456
-0.334004
-0.331655
-0.327079
-0.319928
-0.31009
-0.297469
-0.282045
-0.263864
-0.243032
-0.219703
-0.194074
-0.166377
-0.136867
-0.105814
-0.0735019
-0.0402108
-0.00622344
0.0281888
0.0627588
0.0972316
0.131376
0.164958
0.197769
0.229609
0.260293
0.289639
0.317428
0.343471
0.367462
0.389129
0.408139
0.424155
0.436999
0.446733
0.453723
0.458532
0.461715
0.463673
0.464642
0.46477
0.464192
0.463068
0.461587
0.459931
0.458254
0.456685
0.455299
0.454121
0.453154
0.452377
0.451761
0.451273
0.450886
0.450576
0.450326
0.450123
0.449961
0.449832
0.449734
0.449662
0.449615
0.449587
0.449573
0.449567
0.449563
0.449557
0.449553
0.44955
0.449549
0.449549
0.449549
0.449549
0.449549
0.449549
-0.338012
-0.329402
-0.333616
-0.335847
-0.337444
-0.338013
-0.337065
-0.334301
-0.329286
-0.321697
-0.311413
-0.298344
-0.282477
-0.263865
-0.24262
-0.218904
-0.192922
-0.164909
-0.135125
-0.103842
-0.0713464
-0.0379174
-0.00383746
0.0306243
0.0652017
0.0996422
0.13372
0.167202
0.199883
0.231566
0.262061
0.291161
0.318651
0.344335
0.367912
0.389086
0.407517
0.42291
0.435155
0.444399
0.45107
0.455735
0.458902
0.460925
0.462011
0.462297
0.461919
0.461029
0.459801
0.458401
0.456972
0.455631
0.454444
0.453437
0.452613
0.451954
0.451433
0.451023
0.450699
0.450438
0.450227
0.450055
0.449915
0.449803
0.449717
0.449653
0.449611
0.449585
0.449573
0.449567
0.449563
0.449557
0.449553
0.44955
0.449549
0.449549
0.449549
0.449549
0.449549
0.449549
-0.34004
-0.332731
-0.336775
-0.33869
-0.340066
-0.340351
-0.339101
-0.336008
-0.330639
-0.322688
-0.312031
-0.298584
-0.28234
-0.263358
-0.24176
-0.217713
-0.191429
-0.163149
-0.133136
-0.101665
-0.0690251
-0.0354933
-0.00135294
0.0331298
0.0676881
0.102074
0.136066
0.169429
0.20196
0.233455
0.263716
0.292536
0.319712
0.345021
0.368151
0.388792
0.406615
0.421383
0.433055
0.441862
0.448275
0.452847
0.456035
0.458147
0.459367
0.459828
0.459659
0.459006
0.458031
0.456886
0.455702
0.454586
0.453595
0.452757
0.452074
0.451532
0.451107
0.450775
0.450512
0.450301
0.45013
0.449987
0.449871
0.449775
0.4497
0.449644
0.449607
0.449583
0.449572
0.449567
0.449562
0.449557
0.449553
0.44955
0.449549
0.449549
0.449549
0.449549
0.449549
0.449549
-0.340786
-0.33471
-0.33864
-0.340376
-0.341614
-0.341687
-0.3402
-0.336845
-0.33119
-0.322939
-0.311971
-0.298206
-0.281643
-0.262348
-0.24045
-0.216126
-0.18959
-0.161089
-0.130892
-0.0992738
-0.0665288
-0.0329292
0.00124017
0.0357155
0.0702291
0.104536
0.13842
0.171637
0.203981
0.235254
0.265258
0.293787
0.320623
0.345524
0.368164
0.388236
0.405435
0.419584
0.430719
0.439147
0.445362
0.449888
0.453127
0.45535
0.45672
0.457366
0.457414
0.457002
0.45628
0.455388
0.454444
0.45355
0.452752
0.452081
0.451538
0.451112
0.450783
0.450527
0.450327
0.450166
0.450033
0.44992
0.449826
0.449747
0.449684
0.449636
0.449602
0.449582
0.449571
0.449566
0.449562
0.449557
0.449553
0.44955
0.449549
0.449549
0.449549
0.449549
0.449549
0.449549
-0.340543
-0.33555
-0.339409
-0.341058
-0.342209
-0.342116
-0.340444
-0.336879
-0.330985
-0.322485
-0.311258
-0.297229
-0.280398
-0.260841
-0.238695
-0.21414
-0.1874
-0.158724
-0.128384
-0.0966604
-0.0638466
-0.030213
0.00395429
0.0383941
0.0728387
0.107036
0.140774
0.173813
0.205946
0.23698
0.266708
0.29492
0.321382
0.345835
0.367947
0.387419
0.403984
0.417533
0.428179
0.436289
0.442362
0.446882
0.450197
0.452548
0.45408
0.454921
0.45519
0.455021
0.454551
0.453907
0.453202
0.452524
0.451918
0.45141
0.451006
0.450695
0.45046
0.450282
0.450143
0.450031
0.449937
0.449854
0.449782
0.44972
0.449668
0.449627
0.449598
0.44958
0.449571
0.449566
0.449562
0.449556
0.449553
0.44955
0.449549
0.449549
0.449549
0.449549
0.449549
0.449549
-0.339505
-0.335412
-0.339242
-0.340862
-0.341956
-0.341724
-0.339907
-0.336173
-0.330073
-0.321365
-0.309921
-0.29567
-0.278615
-0.258842
-0.236493
-0.211754
-0.184854
-0.156047
-0.125606
-0.0938132
-0.0609582
-0.0273271
0.00680038
0.041165
0.075504
0.109562
0.143126
0.175962
0.207866
0.238638
0.268065
0.295928
0.321978
0.345941
0.367488
0.386339
0.402272
0.41525
0.42546
0.433316
0.439298
0.443845
0.447257
0.449749
0.451455
0.452496
0.452991
0.453065
0.452844
0.452447
0.451975
0.45151
0.451091
0.450746
0.450479
0.450282
0.45014
0.450038
0.449961
0.449898
0.449841
0.449789
0.449739
0.449693
0.449652
0.449619
0.449594
0.449578
0.44957
0.449565
0.449561
0.449556
0.449553
0.44955
0.449549
0.449549
0.449549
0.449549
0.449549
0.449549
-0.337805
-0.334435
-0.338279
-0.339901
-0.340949
-0.340594
-0.338652
-0.334773
-0.328495
-0.319608
-0.307975
-0.293529
-0.276291
-0.256345
-0.233836
-0.208959
-0.181943
-0.153048
-0.122551
-0.0907319
-0.057877
-0.0242868
0.00976515
0.0440206
0.0782194
0.112113
0.14548
0.178094
0.209746
0.24023
0.269326
0.296806
0.322403
0.345839
0.366789
0.385003
0.400315
0.412763
0.422598
0.430258
0.436194
0.440795
0.444321
0.446964
0.448851
0.450099
0.450821
0.451137
0.451163
0.451008
0.450765
0.450509
0.450275
0.450089
0.449956
0.449872
0.449823
0.449796
0.44978
0.449765
0.449747
0.449724
0.449696
0.449666
0.449637
0.44961
0.44959
0.449577
0.449569
0.449565
0.449561
0.449556
0.449553
0.44955
0.449549
0.449549
0.449549
0.449549
0.449549
0.449549
-0.335552
-0.332743
-0.336633
-0.338256
-0.339216
-0.338731
-0.336682
-0.332681
-0.326259
-0.317227
-0.305441
-0.290841
-0.273459
-0.253382
-0.230757
-0.205783
-0.178696
-0.149756
-0.119242
-0.087438
-0.0546309
-0.0211167
0.0128307
0.0469513
0.0809861
0.11469
0.14784
0.180208
0.211582
0.241751
0.270483
0.297541
0.322646
0.345516
0.365843
0.383417
0.398131
0.410099
0.419622
0.427141
0.433067
0.437745
0.441397
0.4442
0.446273
0.447731
0.448682
0.449238
0.449508
0.449591
0.449574
0.449521
0.449468
0.449439
0.449439
0.449466
0.449509
0.449557
0.449601
0.449634
0.449654
0.44966
0.449654
0.44964
0.449621
0.449602
0.449586
0.449575
0.449568
0.449564
0.44956
0.449556
0.449553
0.44955
0.449549
0.449549
0.449549
0.449549
0.449549
0.449549
-0.33284
-0.330426
-0.334307
-0.335908
-0.336775
-0.336178
-0.334039
-0.329941
-0.323408
-0.314265
-0.302367
-0.287658
-0.270173
-0.250003
-0.227301
-0.20227
-0.175148
-0.1462
-0.115705
-0.0839498
-0.0512221
-0.0178133
0.0160022
0.0499629
0.0838104
0.117302
0.15021
0.182308
0.213376
0.243197
0.271531
0.298126
0.322699
0.344969
0.364657
0.381596
0.395748
0.407293
0.416565
0.423991
0.429938
0.434708
0.438496
0.441465
0.443729
0.445398
0.446577
0.447372
0.447882
0.448198
0.448402
0.448548
0.448673
0.448797
0.448928
0.449065
0.449198
0.44932
0.449424
0.449505
0.449562
0.449597
0.449612
0.449613
0.449606
0.449594
0.449583
0.449573
0.449567
0.449564
0.44956
0.449556
0.449552
0.44955
0.449549
0.449549
0.449549
0.449549
0.449549
0.449549
-0.329707
-0.327472
-0.331338
-0.332902
-0.333715
-0.333044
-0.330829
-0.326645
-0.320018
-0.310783
-0.298798
-0.28401
-0.266453
-0.246224
-0.22348
-0.198427
-0.171307
-0.142385
-0.111943
-0.0802673
-0.0476478
-0.0143727
0.0192834
0.0530582
0.0866937
0.119948
0.152589
0.184388
0.215121
0.24456
0.272455
0.298548
0.32255
0.344194
0.363233
0.379557
0.393192
0.404376
0.413453
0.420827
0.426818
0.431693
0.435624
0.438764
0.44122
0.443102
0.444508
0.445539
0.446285
0.446829
0.447249
0.44759
0.447889
0.448164
0.448424
0.448668
0.448891
0.449086
0.449249
0.449377
0.449471
0.449534
0.449571
0.449588
0.449591
0.449586
0.449579
0.449571
0.449566
0.449563
0.44956
0.449555
0.449552
0.44955
0.449549
0.449549
0.449549
0.449549
0.449549
0.449549
-0.326146
-0.323953
-0.327836
-0.329383
-0.330136
-0.329396
-0.327108
-0.322842
-0.316131
-0.306819
-0.294765
-0.279919
-0.262317
-0.242058
-0.219303
-0.194261
-0.167174
-0.138311
-0.107954
-0.0763889
-0.0439065
-0.010793
0.0226767
0.0562396
0.0896375
0.122628
0.154974
0.186446
0.21681
0.24583
0.273247
0.298797
0.322194
0.343192
0.361586
0.377325
0.390497
0.40138
0.410314
0.417668
0.423721
0.42871
0.432789
0.436102
0.438753
0.440847
0.442479
0.443741
0.444718
0.445486
0.446117
0.446649
0.447117
0.44754
0.447926
0.448276
0.448588
0.448855
0.449077
0.449251
0.449382
0.449473
0.449531
0.449563
0.449576
0.449578
0.449575
0.44957
0.449566
0.449562
0.449559
0.449555
0.449552
0.44955
0.449549
0.449549
0.449549
0.449549
0.449549
0.449549
-0.322194
-0.320009
-0.323895
-0.32541
-0.326088
-0.325283
-0.322922
-0.318574
-0.311785
-0.302406
-0.290296
-0.27541
-0.257784
-0.237521
-0.214783
-0.189782
-0.16276
-0.133986
-0.103743
-0.0723183
-0.0400009
-0.00707643
0.02618
0.0595046
0.0926384
0.125337
0.15736
0.188472
0.21843
0.246992
0.27389
0.298858
0.321622
0.341964
0.35973
0.374925
0.387695
0.398334
0.407168
0.414528
0.420657
0.425766
0.429996
0.433483
0.436329
0.438634
0.440489
0.441979
0.443183
0.44417
0.445005
0.445724
0.446358
0.446926
0.447436
0.447891
0.448288
0.448627
0.448906
0.449127
0.449294
0.449412
0.449491
0.449538
0.449562
0.449571
0.449571
0.449568
0.449565
0.449562
0.449559
0.449555
0.449552
0.44955
0.449549
0.449549
0.449549
0.449549
0.449549
0.449549
-0.317925
-0.315692
-0.319559
-0.321024
-0.32161
-0.320752
-0.318321
-0.31388
-0.307015
-0.297574
-0.285419
-0.270509
-0.252878
-0.232633
-0.209937
-0.185002
-0.158073
-0.129417
-0.0993164
-0.0680595
-0.0359343
-0.00322595
0.0297907
0.0628499
0.0956924
0.12807
0.159738
0.190454
0.21997
0.248032
0.274371
0.298723
0.320835
0.340524
0.357689
0.372393
0.384818
0.395265
0.404035
0.41142
0.417634
0.422867
0.42725
0.430912
0.433952
0.436467
0.438541
0.440255
0.44168
0.442881
0.443916
0.444817
0.445613
0.446322
0.446953
0.44751
0.447994
0.448402
0.448738
0.449004
0.449207
0.449352
0.449452
0.449513
0.449548
0.449563
0.449568
0.449566
0.449564
0.449561
0.449558
0.449555
0.449552
0.44955
0.449549
0.449549
0.449549
0.449549
0.449549
0.449549
-0.313379
-0.311046
-0.314871
-0.316266
-0.316741
-0.315839
-0.313348
-0.308798
-0.301857
-0.292358
-0.280166
-0.265241
-0.247621
-0.227413
-0.204781
-0.179937
-0.153126
-0.124614
-0.0946831
-0.0636207
-0.0317145
0.000751228
0.0335009
0.0662673
0.0987892
0.130815
0.162094
0.192377
0.221409
0.248931
0.274673
0.298382
0.319834
0.338884
0.355489
0.369757
0.381896
0.392195
0.400928
0.408353
0.414659
0.420018
0.424554
0.428391
0.431625
0.434346
0.436637
0.43857
0.440211
0.441621
0.442849
0.443927
0.444881
0.445728
0.446479
0.447137
0.447704
0.448181
0.448573
0.448884
0.449121
0.449294
0.449413
0.449489
0.449534
0.449556
0.449564
0.449564
0.449563
0.44956
0.449558
0.449554
0.449552
0.44955
0.449549
0.449549
0.449549
0.449549
0.449549
0.449549
-0.308588
-0.306114
-0.309875
-0.31118
-0.311551
-0.31058
-0.308019
-0.303362
-0.296344
-0.286788
-0.274563
-0.259634
-0.242037
-0.221882
-0.199334
-0.174603
-0.147932
-0.119589
-0.0898535
-0.0590113
-0.0273501
0.00484637
0.0373016
0.0697464
0.101917
0.133557
0.164411
0.194222
0.222729
0.249671
0.274785
0.297835
0.318628
0.337068
0.353162
0.367052
0.378956
0.389145
0.397863
0.405337
0.411738
0.417224
0.421914
0.425925
0.42935
0.432275
0.434777
0.436925
0.438777
0.44039
0.441806
0.443057
0.444165
0.445147
0.446013
0.446769
0.447419
0.447964
0.448411
0.448765
0.449037
0.449236
0.449375
0.449466
0.44952
0.449548
0.44956
0.449563
0.449562
0.44956
0.449557
0.449554
0.449552
0.44955
0.449549
0.449549
0.449549
0.449549
0.449549
0.449549
-0.30359
-0.300943
-0.304616
-0.305813
-0.30609
-0.305032
-0.302375
-0.297609
-0.290511
-0.280896
-0.268642
-0.253714
-0.236152
-0.216065
-0.193617
-0.169018
-0.142511
-0.114359
-0.0848426
-0.0542458
-0.0228553
0.00904482
0.0411773
0.0732702
0.105057
0.136276
0.166665
0.195964
0.223907
0.250235
0.274696
0.297079
0.317232
0.335101
0.350738
0.364305
0.376019
0.386127
0.394846
0.402377
0.408876
0.41449
0.419332
0.423514
0.427128
0.430254
0.432964
0.43532
0.437377
0.439188
0.440787
0.442205
0.443463
0.444576
0.445556
0.446409
0.447139
0.44775
0.448251
0.448649
0.448954
0.44918
0.449338
0.449443
0.449507
0.449541
0.449557
0.449561
0.449561
0.449559
0.449557
0.449554
0.449552
0.44955
0.449549
0.449549
0.449549
0.449549
0.449549
0.449549
-0.29842
-0.295579
-0.299134
-0.300203
-0.300399
-0.29924
-0.296456
-0.291575
-0.28439
-0.274715
-0.262431
-0.24751
-0.229991
-0.209983
-0.187652
-0.163204
-0.136879
-0.108942
-0.0796672
-0.0493403
-0.0182466
0.0133297
0.0451099
0.0768191
0.108187
0.138948
0.168834
0.19758
0.224923
0.250607
0.274403
0.296126
0.315668
0.333014
0.34825
0.361545
0.373107
0.383157
0.391888
0.399479
0.406077
0.411817
0.416811
0.421163
0.424962
0.428284
0.431197
0.433757
0.436012
0.438015
0.439792
0.441373
0.442776
0.444018
0.445109
0.446055
0.446864
0.447541
0.448095
0.448535
0.448874
0.449124
0.449302
0.44942
0.449494
0.449534
0.449553
0.449559
0.44956
0.449558
0.449556
0.449554
0.449552
0.44955
0.449549
0.449549
0.449549
0.449549
0.449549
0.449549
-0.293116
-0.290066
-0.293469
-0.294389
-0.294499
-0.293243
-0.2903
-0.285296
-0.278016
-0.268275
-0.255963
-0.241051
-0.223583
-0.203666
-0.181465
-0.157184
-0.131062
-0.103359
-0.0743501
-0.0443177
-0.0135472
0.0176767
0.0490735
0.0803656
0.111279
0.141543
0.170887
0.199043
0.225754
0.250777
0.273906
0.294991
0.31396
0.330837
0.345725
0.358793
0.370233
0.380241
0.388992
0.396648
0.403345
0.40921
0.414352
0.418872
0.422853
0.426368
0.429478
0.432236
0.434685
0.436872
0.438823
0.440561
0.442106
0.443472
0.444671
0.445709
0.446595
0.447336
0.447941
0.448423
0.448794
0.44907
0.449266
0.449398
0.449481
0.449527
0.44955
0.449558
0.449559
0.449558
0.449556
0.449553
0.449551
0.44955
0.449549
0.449549
0.449549
0.449549
0.449549
0.449549
-0.287714
-0.284449
-0.287672
-0.288456
-0.288431
-0.287048
-0.283941
-0.278806
-0.271423
-0.261612
-0.24927
-0.23437
-0.216958
-0.197143
-0.175085
-0.150987
-0.125085
-0.0976379
-0.0689167
-0.0392039
-0.00878373
0.022058
0.0530395
0.0838793
0.114301
0.14403
0.172794
0.20033
0.226388
0.250742
0.273217
0.293695
0.312142
0.328602
0.343191
0.356069
0.367411
0.37739
0.386167
0.393887
0.400682
0.406671
0.41196
0.416644
0.420804
0.424505
0.427808
0.430757
0.433394
0.43576
0.437878
0.439769
0.441452
0.442939
0.444242
0.44537
0.446332
0.447135
0.447791
0.448313
0.448717
0.449017
0.449232
0.449376
0.449468
0.44952
0.449546
0.449556
0.449558
0.449557
0.449555
0.449553
0.449551
0.449549
0.449549
0.449549
0.449549
0.449549
0.449549
0.449549
-0.282252
-0.27877
-0.281785
-0.282437
-0.282261
-0.2807
-0.27742
-0.272143
-0.264648
-0.254761
-0.242386
-0.227501
-0.210152
-0.190446
-0.168544
-0.144645
-0.118982
-0.0918102
-0.0634001
-0.0340325
-0.00399086
0.0264379
0.0569705
0.0873227
0.117216
0.146374
0.174528
0.201418
0.226812
0.250506
0.272352
0.292266
0.31024
0.326335
0.340669
0.353386
0.364648
0.374608
0.383414
0.391199
0.398092
0.404202
0.409635
0.414479
0.418813
0.422698
0.426187
0.429322
0.432141
0.43468
0.43696
0.438999
0.440814
0.442419
0.443825
0.44504
0.446075
0.446938
0.447645
0.448206
0.448641
0.448965
0.449198
0.449355
0.449456
0.449514
0.449543
0.449554
0.449557
0.449556
0.449555
0.449553
0.449551
0.449549
0.449549
0.449549
0.449549
0.449549
0.449549
0.449549
-0.276767
-0.273076
-0.27587
-0.276355
-0.276013
-0.274242
-0.270776
-0.265344
-0.257727
-0.247759
-0.23535
-0.220481
-0.203199
-0.183613
-0.161878
-0.138193
-0.112787
-0.085912
-0.0578368
-0.0288406
0.000793322
0.0307776
0.0608276
0.0906576
0.119989
0.148545
0.176064
0.202297
0.22703
0.250082
0.271336
0.290733
0.308286
0.324062
0.338176
0.350758
0.361954
0.3719
0.380738
0.388588
0.395576
0.401805
0.40738
0.41238
0.416884
0.420946
0.424616
0.427931
0.430926
0.433631
0.436068
0.438249
0.440193
0.441912
0.443417
0.444718
0.445824
0.446747
0.447501
0.448102
0.448567
0.448914
0.449164
0.449335
0.449444
0.449507
0.44954
0.449553
0.449556
0.449556
0.449554
0.449553
0.449551
0.449549
0.449549
0.449549
0.449549
0.449549
0.449549
0.449549
-0.271299
-0.267413
-0.269977
-0.270265
-0.269707
-0.267713
-0.264051
-0.258451
-0.250701
-0.240646
-0.228201
-0.213351
-0.196143
-0.176684
-0.15513
-0.131674
-0.106543
-0.0799871
-0.0522711
-0.0236734
0.0055234
0.0350318
0.0645667
0.0938425
0.122582
0.150513
0.177384
0.20296
0.227047
0.249489
0.270194
0.289124
0.306306
0.321804
0.335727
0.348191
0.359332
0.36927
0.378139
0.386054
0.393135
0.399482
0.405194
0.410348
0.415017
0.419251
0.423096
0.426584
0.429749
0.432615
0.435202
0.437521
0.43959
0.441419
0.443021
0.444404
0.445579
0.44656
0.447361
0.448
0.448495
0.448865
0.449132
0.449315
0.449432
0.449501
0.449537
0.449551
0.449555
0.449555
0.449554
0.449552
0.449551
0.449549
0.449549
0.449549
0.449549
0.449549
0.449549
0.449549
-0.265881
-0.261832
-0.26413
-0.264194
-0.263387
-0.261157
-0.257283
-0.251503
-0.243613
-0.233466
-0.220984
-0.206154
-0.189026
-0.169705
-0.148344
-0.125134
-0.100298
-0.0740819
-0.0467498
-0.0185776
0.0101532
0.0391559
0.0681465
0.0968414
0.124968
0.152262
0.178483
0.203414
0.226882
0.248753
0.268958
0.28747
0.304322
0.319576
0.333333
0.345695
0.356787
0.36672
0.375622
0.3836
0.390773
0.397234
0.40308
0.408383
0.413212
0.417612
0.421627
0.425281
0.428611
0.431632
0.434363
0.436815
0.439004
0.440941
0.442636
0.444098
0.445341
0.446378
0.447225
0.447901
0.448425
0.448817
0.449101
0.449295
0.449421
0.449495
0.449534
0.44955
0.449554
0.449554
0.449554
0.449552
0.449551
0.449549
0.449549
0.449549
0.449549
0.449549
0.449549
0.449549
-0.260525
-0.256362
-0.258363
-0.258168
-0.257095
-0.254616
-0.250517
-0.244545
-0.236507
-0.226264
-0.213744
-0.198939
-0.181898
-0.162726
-0.141572
-0.118624
-0.0941019
-0.0682486
-0.0413248
-0.013604
0.014634
0.0431048
0.0715272
0.099622
0.127124
0.153779
0.179361
0.203671
0.226557
0.247903
0.267654
0.285792
0.302354
0.317392
0.331002
0.343272
0.354322
0.364252
0.373187
0.381227
0.38849
0.395062
0.401039
0.406486
0.41147
0.416031
0.420208
0.424024
0.427511
0.430681
0.43355
0.43613
0.438437
0.440477
0.442262
0.443802
0.44511
0.446201
0.447093
0.447804
0.448356
0.44877
0.44907
0.449276
0.44941
0.449489
0.449531
0.449548
0.449553
0.449554
0.449553
0.449552
0.449551
0.449549
0.449549
0.449549
0.449549
0.449549
0.449549
0.449549
-0.255292
-0.251018
-0.252702
-0.252229
-0.250876
-0.248132
-0.243794
-0.23762
-0.229427
-0.219086
-0.206531
-0.191755
-0.17481
-0.155798
-0.134865
-0.112196
-0.0880077
-0.0625384
-0.0360456
-0.00879984
0.0189227
0.0468411
0.0746792
0.102165
0.129041
0.155067
0.180033
0.203756
0.226101
0.246967
0.26631
0.284115
0.300417
0.315263
0.32874
0.340928
0.35194
0.361869
0.370836
0.378938
0.386287
0.392967
0.399071
0.404658
0.409792
0.414508
0.418842
0.422812
0.42645
0.429761
0.432764
0.435469
0.437888
0.440028
0.4419
0.443514
0.444886
0.446029
0.446964
0.44771
0.44829
0.448725
0.44904
0.449257
0.449399
0.449483
0.449528
0.449546
0.449552
0.449553
0.449553
0.449552
0.449551
0.449549
0.449549
0.449548
0.449549
0.449549
0.449549
0.449549
-0.250248
-0.245859
-0.247192
-0.24642
-0.244769
-0.241747
-0.237159
-0.230775
-0.222423
-0.211983
-0.199395
-0.184656
-0.167815
-0.148975
-0.128278
-0.105905
-0.0820685
-0.0570028
-0.0309609
-0.00420911
0.022981
0.0503342
0.077581
0.104458
0.13072
0.156138
0.180518
0.203693
0.22554
0.245971
0.264946
0.282453
0.298522
0.313195
0.326551
0.338664
0.349641
0.35957
0.36857
0.376731
0.384165
0.390951
0.397178
0.4029
0.408178
0.413043
0.417527
0.421647
0.425426
0.428874
0.432006
0.434831
0.437358
0.439593
0.441549
0.443236
0.444668
0.445863
0.44684
0.447619
0.448226
0.448681
0.449012
0.44924
0.449389
0.449477
0.449525
0.449545
0.449551
0.449552
0.449552
0.449551
0.44955
0.449549
0.449549
0.449548
0.449549
0.449549
0.449549
0.449549
-0.245413
-0.240913
-0.241864
-0.240774
-0.23881
-0.235497
-0.23065
-0.224051
-0.215539
-0.205003
-0.192387
-0.17769
-0.160965
-0.142308
-0.121861
-0.0997999
-0.0763311
-0.0516851
-0.0261094
0.000135302
0.0267836
0.0535675
0.0802258
0.106505
0.132172
0.157012
0.180843
0.20351
0.224903
0.244939
0.263583
0.28082
0.296679
0.311194
0.324439
0.336483
0.347428
0.357358
0.36639
0.374609
0.382126
0.389014
0.395359
0.401212
0.406628
0.411637
0.416265
0.420527
0.424439
0.42802
0.431277
0.434217
0.436847
0.439174
0.441211
0.442967
0.444458
0.445702
0.446719
0.447531
0.448163
0.448639
0.448984
0.449222
0.449379
0.449472
0.449522
0.449543
0.44955
0.449552
0.449552
0.449551
0.44955
0.449549
0.449549
0.449548
0.449549
0.449549
0.449549
0.449549
-0.240798
-0.2362
-0.236745
-0.235322
-0.233034
-0.229421
-0.224309
-0.217493
-0.208821
-0.198191
-0.185554
-0.170909
-0.154308
-0.135847
-0.115662
-0.0939253
-0.0708372
-0.0466225
-0.0215225
0.00420917
0.0303145
0.0565338
0.0826156
0.108317
0.133417
0.157712
0.181032
0.203233
0.224212
0.243891
0.262235
0.279227
0.294893
0.309262
0.322405
0.334385
0.3453
0.355233
0.364296
0.372572
0.380169
0.387156
0.393615
0.399594
0.405143
0.410289
0.415055
0.419449
0.423491
0.4272
0.430577
0.433626
0.436355
0.438771
0.440884
0.442707
0.444255
0.445546
0.446602
0.447446
0.448103
0.448598
0.448957
0.449205
0.449369
0.449467
0.449519
0.449542
0.449549
0.449551
0.449551
0.449551
0.44955
0.449549
0.449549
0.449548
0.449549
0.449549
0.449549
0.449549
-0.236414
-0.231734
-0.231855
-0.230089
-0.227467
-0.223549
-0.21817
-0.211136
-0.202309
-0.191591
-0.178939
-0.164355
-0.147888
-0.129632
-0.109719
-0.0883161
-0.0656168
-0.0418393
-0.0172176
0.00800255
0.0335716
0.0592393
0.0847641
0.109914
0.134479
0.158266
0.181115
0.202888
0.22349
0.242843
0.260913
0.277682
0.29317
0.307405
0.320452
0.332372
0.34326
0.353196
0.36229
0.370622
0.378296
0.385377
0.391947
0.398046
0.403723
0.409
0.413896
0.418415
0.422584
0.426414
0.429905
0.433058
0.435882
0.438383
0.44057
0.442457
0.44406
0.445396
0.44649
0.447364
0.448045
0.448558
0.448931
0.449189
0.449359
0.449461
0.449517
0.449541
0.449549
0.44955
0.449551
0.449551
0.44955
0.449549
0.449549
0.449548
0.449549
0.449549
0.449549
0.449549
-0.232265
-0.227524
-0.227209
-0.225094
-0.222134
-0.217909
-0.212264
-0.205017
-0.196039
-0.185241
-0.172582
-0.158065
-0.141741
-0.123698
-0.104064
-0.082999
-0.0606913
-0.0373508
-0.0132034
0.0115138
0.0365605
0.0616961
0.0866892
0.111318
0.135382
0.158697
0.181112
0.202495
0.222751
0.241807
0.259626
0.276189
0.291513
0.305623
0.31858
0.330444
0.341307
0.351247
0.360371
0.368757
0.376506
0.383679
0.390355
0.396568
0.402368
0.407771
0.412784
0.417425
0.421718
0.425663
0.429262
0.432515
0.435429
0.43801
0.440269
0.442217
0.443872
0.445252
0.446382
0.447285
0.447989
0.44852
0.448906
0.449174
0.44935
0.449456
0.449514
0.449539
0.449548
0.44955
0.449551
0.449551
0.44955
0.449549
0.449549
0.449548
0.449549
0.449549
0.449549
0.449549
-0.228353
-0.223573
-0.222814
-0.22035
-0.217051
-0.212522
-0.206615
-0.199161
-0.190039
-0.179168
-0.16651
-0.152069
-0.135893
-0.118067
-0.0987143
-0.0779884
-0.0560696
-0.0331601
-0.00947685
0.0147521
0.039296
0.0639239
0.0884141
0.112554
0.136152
0.159032
0.181047
0.202071
0.22201
0.240792
0.258381
0.274753
0.289924
0.303917
0.316791
0.328602
0.339443
0.349387
0.358541
0.366979
0.374799
0.382061
0.388838
0.395161
0.401078
0.406598
0.411722
0.416483
0.420891
0.424946
0.428647
0.431996
0.434996
0.437654
0.43998
0.441986
0.443692
0.445114
0.446278
0.447209
0.447935
0.448484
0.448882
0.449159
0.449342
0.449452
0.449512
0.449538
0.449547
0.449549
0.44955
0.44955
0.44955
0.449549
0.449549
0.449548
0.449549
0.449549
0.449549
0.449549
-0.224675
-0.219876
-0.218676
-0.215865
-0.212231
-0.207404
-0.201243
-0.19359
-0.184334
-0.173399
-0.160748
-0.146388
-0.130363
-0.112756
-0.0936832
-0.0732919
-0.0517545
-0.0292646
-0.00603021
0.0177301
0.0417948
0.0659425
0.0899603
0.113644
0.13681
0.159287
0.180935
0.201628
0.221276
0.239806
0.257181
0.273375
0.288404
0.302287
0.315083
0.326845
0.337665
0.347615
0.356798
0.365287
0.373177
0.380523
0.387396
0.393825
0.399854
0.405477
0.410712
0.415587
0.420105
0.424264
0.428062
0.4315
0.434582
0.437313
0.439704
0.441766
0.443519
0.444981
0.446179
0.447136
0.447883
0.448448
0.448859
0.449145
0.449333
0.449447
0.449509
0.449537
0.449546
0.449549
0.44955
0.44955
0.44955
0.449549
0.449549
0.449548
0.449549
0.449549
0.449549
0.449549
-0.221223
-0.216428
-0.214791
-0.211641
-0.207682
-0.202565
-0.196161
-0.18832
-0.178939
-0.167946
-0.155309
-0.141033
-0.125161
-0.10777
-0.0889728
-0.0689078
-0.0477399
-0.025654
-0.0028491
0.0204654
0.0440772
0.0677736
0.0913501
0.11461
0.137375
0.159481
0.180789
0.201178
0.220558
0.238854
0.25603
0.27206
0.286955
0.300736
0.313458
0.325176
0.335977
0.345932
0.355144
0.363681
0.371638
0.379065
0.38603
0.39256
0.398691
0.404412
0.409755
0.414737
0.419359
0.423616
0.427506
0.431029
0.434188
0.436988
0.43944
0.441556
0.443354
0.444855
0.446084
0.447067
0.447834
0.448415
0.448837
0.449131
0.449325
0.449443
0.449507
0.449535
0.449545
0.449548
0.44955
0.44955
0.44955
0.449549
0.449549
0.449548
0.449549
0.449549
0.449549
0.449549
-0.21799
-0.213218
-0.211155
-0.207679
-0.203406
-0.198013
-0.191377
-0.183359
-0.173862
-0.16282
-0.150202
-0.136012
-0.120291
-0.103113
-0.084582
-0.0648314
-0.0440176
-0.0223169
8.06518e-05
0.0229745
0.0461609
0.0694355
0.0926011
0.115468
0.137863
0.159625
0.18062
0.200728
0.219859
0.237939
0.25493
0.270805
0.285577
0.299262
0.311916
0.323591
0.334376
0.344337
0.353577
0.362162
0.370182
0.377686
0.384739
0.391366
0.397587
0.403405
0.408851
0.413933
0.418653
0.423002
0.426979
0.430582
0.433814
0.43668
0.43919
0.441356
0.443197
0.444734
0.445993
0.447
0.447787
0.448383
0.448816
0.449118
0.449317
0.449438
0.449505
0.449534
0.449545
0.449548
0.449549
0.44955
0.44955
0.449549
0.449549
0.449548
0.449549
0.449549
0.449549
0.449549
-0.214963
-0.210233
-0.207762
-0.203975
-0.199402
-0.193747
-0.186893
-0.178711
-0.169109
-0.158024
-0.145428
-0.131325
-0.115752
-0.098778
-0.0805031
-0.0610525
-0.0405749
-0.0192383
0.00277572
0.025275
0.0480641
0.0709459
0.0937302
0.116233
0.138285
0.15973
0.180436
0.200283
0.219184
0.237063
0.253883
0.269614
0.28427
0.297866
0.310457
0.322093
0.332863
0.342832
0.352099
0.360728
0.36881
0.376387
0.383524
0.39024
0.396542
0.402457
0.408
0.413176
0.417986
0.422422
0.42648
0.430159
0.43346
0.436388
0.438952
0.441166
0.443048
0.444619
0.445907
0.446937
0.447742
0.448352
0.448796
0.449105
0.44931
0.449434
0.449503
0.449533
0.449544
0.449547
0.449549
0.44955
0.44955
0.449549
0.449549
0.449548
0.449549
0.449549
0.449549
0.449549
-0.212131
-0.207461
-0.204601
-0.200522
-0.195666
-0.189767
-0.18271
-0.174376
-0.164678
-0.153557
-0.140986
-0.126968
-0.111538
-0.0947598
-0.0767279
-0.0575609
-0.0374
-0.0164051
0.00525002
0.0273814
0.0498009
0.0723183
0.0947495
0.116915
0.138651
0.159804
0.180242
0.199849
0.218536
0.236228
0.252888
0.268486
0.283034
0.296547
0.30908
0.320681
0.331438
0.341414
0.350707
0.359381
0.36752
0.375166
0.382385
0.389176
0.395562
0.401567
0.4072
0.412464
0.41736
0.421876
0.426011
0.42976
0.433126
0.436112
0.438728
0.440986
0.442907
0.444511
0.445825
0.446878
0.4477
0.448323
0.448778
0.449094
0.449303
0.449431
0.449501
0.449532
0.449543
0.449547
0.449549
0.44955
0.449549
0.449549
0.449549
0.449548
0.449549
0.449549
0.449549
0.449549
-0.209488
-0.204888
-0.201664
-0.197312
-0.192194
-0.186067
-0.178823
-0.17035
-0.160566
-0.149415
-0.13687
-0.122935
-0.107641
-0.0910479
-0.0732449
-0.054344
-0.0344792
-0.0138031
0.0075182
0.029308
0.0513851
0.0735656
0.0956705
0.117525
0.138969
0.159852
0.180043
0.199427
0.217916
0.235436
0.251948
0.267422
0.28187
0.295306
0.307785
0.319355
0.3301
0.340084
0.349403
0.358118
0.366312
0.374025
0.381319
0.388177
0.394646
0.400734
0.406451
0.411798
0.416772
0.421364
0.42557
0.429386
0.432812
0.435852
0.438517
0.440817
0.442774
0.444409
0.445749
0.446822
0.44766
0.448296
0.44876
0.449083
0.449297
0.449427
0.449499
0.449531
0.449543
0.449546
0.449548
0.449549
0.449549
0.449549
0.449549
0.449548
0.449549
0.449549
0.449549
0.449549
-0.207025
-0.202504
-0.198942
-0.194339
-0.188979
-0.182642
-0.175227
-0.166627
-0.156766
-0.14559
-0.133073
-0.119217
-0.104052
-0.0876329
-0.0700438
-0.0513907
-0.0318012
-0.0114207
0.00959165
0.0310658
0.0528269
0.0746967
0.0965012
0.11807
0.139245
0.159878
0.179842
0.19902
0.217327
0.234687
0.251061
0.266421
0.280777
0.294143
0.306572
0.318113
0.328849
0.338842
0.348185
0.35694
0.365186
0.372963
0.380321
0.387247
0.393794
0.399959
0.405753
0.411176
0.416224
0.420887
0.425159
0.429036
0.432518
0.435609
0.438319
0.440659
0.44265
0.444313
0.445676
0.446769
0.447623
0.448271
0.448743
0.449072
0.449291
0.449424
0.449497
0.44953
0.449542
0.449546
0.449548
0.449549
0.449549
0.449549
0.449549
0.449548
0.449549
0.449549
0.449549
0.449549
-0.204733
-0.200297
-0.196424
-0.191593
-0.186012
-0.179485
-0.171914
-0.163201
-0.153271
-0.142074
-0.129585
-0.115805
-0.10076
-0.0845029
-0.0671122
-0.0486887
-0.0293534
-0.00924556
0.0114822
0.0326659
0.0541365
0.0757208
0.0972492
0.118555
0.139483
0.159887
0.179641
0.198631
0.216769
0.233981
0.25023
0.265484
0.279755
0.293057
0.305442
0.316957
0.327685
0.337686
0.347054
0.355845
0.36414
0.37198
0.379391
0.386387
0.393004
0.39924
0.405106
0.4106
0.415716
0.420443
0.424776
0.42871
0.432244
0.435382
0.438134
0.440511
0.442533
0.444223
0.445609
0.446719
0.447587
0.448247
0.448728
0.449062
0.449285
0.44942
0.449495
0.449529
0.449541
0.449545
0.449548
0.449549
0.449549
0.449549
0.449549
0.449548
0.449549
0.449549
0.449549
0.449549
-0.202606
-0.198258
-0.194105
-0.189069
-0.183288
-0.176589
-0.168878
-0.160063
-0.150073
-0.138859
-0.126398
-0.112688
-0.0977547
-0.0816477
-0.0644401
-0.0462276
-0.0271259
-0.00726815
0.0131987
0.0341165
0.0553211
0.0766441
0.0979199
0.118985
0.139687
0.159881
0.179443
0.198259
0.216242
0.23332
0.249452
0.264611
0.278805
0.292048
0.304392
0.315885
0.326607
0.336617
0.346007
0.354834
0.363176
0.371071
0.378534
0.385594
0.392275
0.398577
0.404509
0.410068
0.415246
0.420032
0.424422
0.428408
0.431991
0.435172
0.437962
0.440373
0.442425
0.444139
0.445546
0.446673
0.447555
0.448224
0.448713
0.449053
0.44928
0.449418
0.449494
0.449528
0.449541
0.449545
0.449548
0.449549
0.449549
0.449549
0.449549
0.449548
0.449549
0.449549
0.449549
0.449549
-0.20064
-0.196381
-0.191977
-0.186758
-0.180798
-0.173946
-0.16611
-0.157204
-0.147161
-0.135934
-0.123499
-0.109855
-0.0950254
-0.0790559
-0.0620158
-0.0439963
-0.0251078
-0.00547828
0.0147507
0.0354261
0.0563884
0.0774733
0.0985189
0.119364
0.13986
0.159863
0.179249
0.197907
0.215749
0.232703
0.24873
0.263801
0.277925
0.291115
0.303424
0.314897
0.325614
0.335633
0.345044
0.353904
0.362294
0.370233
0.377751
0.384868
0.391608
0.39797
0.403962
0.40958
0.414814
0.419656
0.424097
0.428131
0.431757
0.434978
0.437804
0.440246
0.442325
0.444062
0.445488
0.44663
0.447525
0.448203
0.4487
0.449045
0.449275
0.449415
0.449492
0.449527
0.44954
0.449545
0.449547
0.449549
0.449549
0.449549
0.449549
0.449548
0.449549
0.449549
0.449549
0.449549
-0.198831
-0.19466
-0.190035
-0.184656
-0.178538
-0.171549
-0.163603
-0.154616
-0.144527
-0.133289
-0.12088
-0.107297
-0.092562
-0.0767177
-0.05983
-0.0419857
-0.0232907
-0.00386801
0.0161454
0.0366011
0.0573438
0.078213
0.0990499
0.119696
0.140005
0.159834
0.179061
0.197574
0.215289
0.232132
0.248063
0.263055
0.277115
0.290259
0.302536
0.313993
0.324706
0.334733
0.344165
0.353056
0.361492
0.369469
0.377039
0.384208
0.391002
0.397418
0.403464
0.409135
0.414422
0.419312
0.4238
0.427877
0.431544
0.434801
0.437659
0.440129
0.442233
0.443991
0.445434
0.446591
0.447497
0.448184
0.448688
0.449037
0.44927
0.449412
0.449491
0.449527
0.44954
0.449544
0.449547
0.449549
0.449549
0.449549
0.449549
0.449548
0.449549
0.449549
0.449549
0.449549
-0.197179
-0.193094
-0.188276
-0.182757
-0.1765
-0.169392
-0.161348
-0.152292
-0.142162
-0.130916
-0.11853
-0.105003
-0.0903537
-0.0746226
-0.0578724
-0.040186
-0.0216652
-0.00242881
0.0173906
0.0376485
0.0581935
0.0788685
0.0995173
0.119984
0.140124
0.159797
0.17888
0.197264
0.214863
0.231605
0.247451
0.262372
0.276377
0.289479
0.301729
0.313171
0.323882
0.333918
0.343368
0.35229
0.360764
0.368782
0.376399
0.383614
0.390455
0.39692
0.403016
0.408735
0.414067
0.419002
0.423531
0.427648
0.43135
0.43464
0.437527
0.440024
0.442149
0.443927
0.445385
0.446555
0.447471
0.448167
0.448676
0.44903
0.449266
0.44941
0.449489
0.449526
0.449539
0.449544
0.449547
0.449549
0.449549
0.449549
0.449549
0.449548
0.449549
0.449549
0.449549
0.449549
-0.195687
-0.191681
-0.186698
-0.181059
-0.174682
-0.167469
-0.15934
-0.150222
-0.140057
-0.128805
-0.116441
-0.102964
-0.0883917
-0.072762
-0.0561346
-0.0385893
-0.0202241
-0.00115397
0.0184922
0.0385735
0.058942
0.0794434
0.0999242
0.120231
0.14022
0.159752
0.178707
0.196975
0.214471
0.231124
0.246894
0.261752
0.275708
0.288775
0.301001
0.312431
0.323142
0.333186
0.342652
0.351607
0.360111
0.368172
0.375827
0.383084
0.389968
0.396477
0.402616
0.408377
0.413751
0.418725
0.423291
0.427442
0.431177
0.434496
0.437409
0.439928
0.442074
0.443868
0.445342
0.446523
0.447448
0.448151
0.448666
0.449024
0.449262
0.449408
0.449488
0.449525
0.449539
0.449544
0.449547
0.449549
0.449549
0.449549
0.449549
0.449548
0.449549
0.449549
0.449549
0.449549
-0.194355
-0.190424
-0.1853
-0.179558
-0.173077
-0.165773
-0.157571
-0.148399
-0.138205
-0.126947
-0.114603
-0.101171
-0.0866666
-0.0711265
-0.0546078
-0.0371872
-0.0189595
-3.63211e-05
0.0194567
0.0393819
0.0595942
0.0799421
0.100274
0.120439
0.140294
0.159703
0.178544
0.19671
0.214115
0.230689
0.246392
0.261196
0.275109
0.288145
0.300351
0.311773
0.322484
0.332535
0.342017
0.351005
0.359538
0.367635
0.375325
0.382618
0.38954
0.396087
0.402264
0.408063
0.413472
0.41848
0.423079
0.427261
0.431023
0.434368
0.437304
0.439844
0.442007
0.443817
0.445302
0.446494
0.447428
0.448137
0.448657
0.449018
0.449259
0.449406
0.449487
0.449525
0.449538
0.449543
0.449547
0.449548
0.449549
0.449549
0.449549
0.449548
0.449549
0.449549
0.449549
0.449549
-0.193189
-0.189324
-0.184082
-0.178253
-0.171682
-0.164301
-0.156035
-0.146818
-0.136597
-0.125335
-0.113009
-0.0996156
-0.0851706
-0.0697087
-0.0532848
-0.0359729
-0.0178651
0.000929785
0.0202891
0.0400781
0.0601539
0.0803676
0.10057
0.120611
0.140349
0.159649
0.178391
0.196468
0.213794
0.230299
0.245945
0.260702
0.27458
0.28759
0.299781
0.311196
0.321908
0.331966
0.341463
0.350479
0.359044
0.367171
0.37489
0.382215
0.38917
0.39575
0.40196
0.40779
0.413231
0.418268
0.422895
0.427103
0.43089
0.434256
0.437212
0.43977
0.441948
0.443771
0.445268
0.446469
0.44741
0.448125
0.448649
0.449013
0.449256
0.449404
0.449486
0.449524
0.449538
0.449543
0.449547
0.449548
0.449549
0.449549
0.449549
0.449548
0.449549
0.449549
0.449549
0.449549
-0.192192
-0.188385
-0.183044
-0.177141
-0.170495
-0.163048
-0.154727
-0.14547
-0.135227
-0.123961
-0.11165
-0.0982899
-0.0838957
-0.0685007
-0.052158
-0.0349394
-0.0169346
0.00175031
0.0209948
0.0406667
0.0606253
0.0807237
0.100814
0.120748
0.140386
0.159593
0.17825
0.19625
0.213509
0.229956
0.245553
0.260272
0.274119
0.28711
0.299288
0.310699
0.321414
0.331476
0.340992
0.350032
0.358627
0.366778
0.374523
0.381875
0.388857
0.395466
0.401704
0.407561
0.413026
0.418089
0.422739
0.426969
0.430776
0.434161
0.437134
0.439706
0.441898
0.443732
0.445238
0.446447
0.447395
0.448115
0.448643
0.449009
0.449254
0.449403
0.449486
0.449524
0.449538
0.449543
0.449546
0.449548
0.449549
0.449549
0.449549
0.449548
0.449549
0.449549
0.449549
0.449549
-0.191369
-0.18761
-0.182186
-0.176223
-0.169513
-0.16201
-0.153642
-0.144352
-0.134089
-0.122819
-0.11052
-0.0971873
-0.0828354
-0.0674964
-0.0512216
-0.034081
-0.0161625
0.00242997
0.0215781
0.0411516
0.0610115
0.0810129
0.101009
0.120854
0.140407
0.159535
0.178121
0.196057
0.21326
0.229659
0.245216
0.259904
0.273727
0.286703
0.298872
0.310282
0.321
0.331065
0.340602
0.349666
0.358285
0.366455
0.374222
0.381597
0.388602
0.395234
0.401494
0.407373
0.412859
0.417942
0.422611
0.426858
0.430682
0.434082
0.437069
0.439653
0.441856
0.443699
0.445214
0.446429
0.447382
0.448106
0.448637
0.449006
0.449251
0.449402
0.449485
0.449523
0.449538
0.449543
0.449546
0.449548
0.449549
0.449549
0.449549
0.449548
0.449549
0.449549
0.449549
0.449549
-0.190723
-0.187003
-0.181509
-0.175495
-0.168732
-0.161182
-0.152775
-0.143456
-0.133177
-0.121903
-0.109612
-0.0963014
-0.0819834
-0.0666894
-0.0504696
-0.0333923
-0.0155439
0.00297344
0.022043
0.0415363
0.0613157
0.0812379
0.101157
0.120928
0.140413
0.159478
0.178005
0.19589
0.213047
0.229408
0.244934
0.259597
0.273404
0.286369
0.298533
0.309944
0.320665
0.330734
0.340291
0.349381
0.358016
0.366203
0.373987
0.38138
0.388403
0.395053
0.401331
0.407226
0.412729
0.417826
0.42251
0.426771
0.430607
0.434019
0.437017
0.439611
0.441822
0.443673
0.445193
0.446414
0.447371
0.448099
0.448632
0.449003
0.44925
0.449401
0.449484
0.449523
0.449537
0.449543
0.449546
0.449548
0.449549
0.449549
0.449549
0.449548
0.449549
0.449549
0.449549
0.449549
-0.190257
-0.186566
-0.181013
-0.174959
-0.168151
-0.160563
-0.152123
-0.14278
-0.132486
-0.121207
-0.108922
-0.0956273
-0.0813348
-0.0660751
-0.0498975
-0.0328691
-0.015075
0.00338405
0.0223925
0.0418233
0.06154
0.0814004
0.10126
0.120974
0.140404
0.15942
0.177902
0.195747
0.21287
0.229203
0.244705
0.259352
0.273147
0.286107
0.298269
0.309684
0.320409
0.330484
0.340059
0.349173
0.357819
0.366019
0.373816
0.381223
0.38826
0.394923
0.401213
0.40712
0.412634
0.417743
0.422436
0.426706
0.430552
0.433972
0.436977
0.439578
0.441796
0.443653
0.445178
0.446403
0.447363
0.448093
0.448629
0.449001
0.449248
0.4494
0.449484
0.449523
0.449537
0.449542
0.449546
0.449548
0.449549
0.449549
0.449549
0.449548
0.449549
0.449549
0.449549
0.449549
-0.189977
-0.186304
-0.180701
-0.174615
-0.167771
-0.160151
-0.151685
-0.142322
-0.132015
-0.12073
-0.108448
-0.0951627
-0.0808872
-0.0656512
-0.049503
-0.0325091
-0.0147534
0.00366406
0.0226289
0.0420148
0.0616864
0.0815022
0.101318
0.120991
0.140383
0.159363
0.177814
0.195631
0.21273
0.229045
0.244533
0.25917
0.27296
0.285919
0.298083
0.309505
0.320233
0.330318
0.339911
0.349044
0.357697
0.365906
0.373713
0.381129
0.388174
0.394846
0.401143
0.407057
0.412577
0.417691
0.42239
0.426666
0.430516
0.433942
0.436952
0.439557
0.441779
0.443639
0.445168
0.446395
0.447358
0.448089
0.448626
0.448999
0.449248
0.449399
0.449484
0.449522
0.449537
0.449542
0.449546
0.449548
0.449549
0.449549
0.449549
0.449548
0.449549
0.449549
0.449549
0.449549
-0.189885
-0.18624
-0.180576
-0.174468
-0.167594
-0.159949
-0.151461
-0.142081
-0.131761
-0.12047
-0.108186
-0.0949039
-0.0806361
-0.0654123
-0.04928
-0.0323054
-0.0145717
0.00382157
0.0227607
0.04212
0.0617647
0.0815537
0.101344
0.120992
0.140361
0.15932
0.177753
0.195554
0.212641
0.228947
0.244429
0.259065
0.272855
0.285819
0.297989
0.309419
0.320153
0.330251
0.33986
0.349003
0.35766
0.365875
0.373686
0.381106
0.388155
0.394828
0.401128
0.407042
0.412563
0.417677
0.422376
0.426653
0.430503
0.43393
0.436941
0.439548
0.441771
0.443632
0.445162
0.446392
0.447355
0.448088
0.448625
0.448999
0.449247
0.449399
0.449483
0.449522
0.449537
0.449542
0.449546
0.449548
0.449549
0.449549
0.449549
0.449548
0.449549
0.449549
0.449549
0.449549
-0.189898
-0.186388
-0.180588
-0.174485
-0.167584
-0.159922
-0.151418
-0.142025
-0.131696
-0.120397
-0.108108
-0.0948236
-0.0805562
-0.0653349
-0.0492072
-0.032239
-0.0145133
0.00387076
0.0227997
0.042148
0.0617813
0.081559
0.101338
0.120975
0.140334
0.159285
0.17771
0.195506
0.212589
0.228893
0.244377
0.259015
0.272811
0.285781
0.297959
0.309399
0.320139
0.330249
0.339872
0.349019
0.357679
0.365896
0.373709
0.38113
0.388178
0.39485
0.401147
0.407059
0.412577
0.417688
0.422384
0.426658
0.430507
0.433932
0.436941
0.439547
0.44177
0.443631
0.445162
0.446391
0.447355
0.448087
0.448625
0.448999
0.449247
0.449399
0.449483
0.449522
0.449537
0.449542
0.449546
0.449548
0.449549
0.449549
0.449549
0.449548
0.449549
0.449549
0.449549
0.449549
)
;

boundaryField
{
    farLeft
    {
        type            symmetryPlane;
    }
    flatBed
    {
        type            zeroGradient;
    }
    slope
    {
        type            zeroGradient;
    }
    top
    {
        type            symmetryPlane;
    }
    frontAndBack
    {
        type            empty;
    }
    defaultFaces
    {
        type            empty;
    }
}


// ************************************************************************* //
