/*--------------------------------*- C++ -*----------------------------------*\
| =========                 |                                                 |
| \\      /  F ield         | OpenFOAM: The Open Source CFD Toolbox           |
|  \\    /   O peration     | Version:  2206                                  |
|   \\  /    A nd           | Website:  www.openfoam.com                      |
|    \\/     M anipulation  |                                                 |
\*---------------------------------------------------------------------------*/
FoamFile
{
    version     2.0;
    format      ascii;
    arch        "LSB;label=32;scalar=64";
    class       volScalarField;
    location    "300";
    object      k;
}
// * * * * * * * * * * * * * * * * * * * * * * * * * * * * * * * * * * * * * //

dimensions      [0 2 -2 0 0 0 0];

internalField   nonuniform List<scalar> 
25600
(
0.00142695
0.00182069
0.00262964
0.00348365
0.0043027
0.00508057
0.00582281
0.00653508
0.00722197
0.00788706
0.00853323
0.00916281
0.00977777
0.0103797
0.0109702
0.0115503
0.0121211
0.0126837
0.0132389
0.0137875
0.0143302
0.0148676
0.0154003
0.0159288
0.0164537
0.0169753
0.0174942
0.0180107
0.0185251
0.0190379
0.0195493
0.0200596
0.0205692
0.0210782
0.0215869
0.0220956
0.0226045
0.0231139
0.0236238
0.0241346
0.0246466
0.0251599
0.0256749
0.026192
0.0267115
0.0272339
0.0277599
0.0282902
0.0288259
0.0293681
0.0299186
0.0304795
0.0310491
0.0316214
0.032196
0.0327731
0.0333526
0.0339346
0.0345192
0.0351063
0.035696
0.0362883
0.0368833
0.037481
0.0380812
0.0386841
0.0392896
0.0398977
0.0405082
0.0411212
0.0417366
0.0423542
0.0429741
0.0435962
0.0442203
0.0448464
0.0454745
0.0461046
0.0467365
0.0473704
0.0480063
0.0486445
0.0492851
0.0499286
0.0505756
0.0512269
0.0518837
0.0525476
0.0532209
0.0539067
0.0546095
0.0553356
0.0560942
0.0568985
0.0577682
0.0587324
0.0597918
0.0609229
0.0621305
0.0634218
0.0648042
0.0662858
0.0678744
0.0695778
0.0714034
0.0733582
0.0754484
0.0776798
0.080057
0.0825838
0.0852627
0.0880952
0.0910815
0.0942205
0.0975095
0.100945
0.104521
0.108231
0.112067
0.11602
0.120077
0.124226
0.128452
0.132739
0.137069
0.14142
0.145773
0.150102
0.154383
0.15859
0.162699
0.166686
0.170535
0.17424
0.177815
0.181307
0.184433
0.187126
0.189327
0.190985
0.192048
0.192471
0.192215
0.191246
0.18954
0.187085
0.183876
0.179923
0.175245
0.169877
0.163865
0.157269
0.150163
0.14263
0.134769
0.126685
0.118491
0.110307
0.102251
0.0944405
0.0869841
0.0799809
0.0735166
0.0676632
0.0624791
0.0580095
0.0542872
0.0512265
0.0487535
0.0468292
0.0454038
0.0444207
0.0438219
0.0435518
0.0435605
0.0438046
0.0442478
0.0448599
0.0456161
0.0464959
0.0474824
0.0485614
0.0497206
0.0509498
0.0522399
0.0535826
0.0549708
0.0563978
0.0578575
0.0593445
0.0608536
0.0623807
0.0639223
0.065476
0.0670416
0.0686215
0.0702224
0.0718571
0.073521
0.0751449
0.0767175
0.0782279
0.0796649
0.0810171
0.0822728
0.08342
0.084447
0.085342
0.0860935
0.0866907
0.0871231
0.0873815
0.0874575
0.0873442
0.0870359
0.0865288
0.0858207
0.0849113
0.083802
0.0824965
0.0809999
0.0793195
0.0774641
0.0754439
0.0732705
0.0709565
0.0685155
0.0659612
0.0633079
0.0605695
0.0577594
0.05489
0.0519717
0.0490124
0.0460148
0.0429722
0.0398583
0.0365969
0.0329742
0.0282105
0.00463902
0.00491874
0.00616372
0.00757652
0.00890717
0.0101171
0.0112258
0.0122569
0.0132301
0.0141606
0.0150598
0.0159362
0.016796
0.0176442
0.0184843
0.0193192
0.0201511
0.0209817
0.0218125
0.0226447
0.0234792
0.024317
0.0251587
0.0260051
0.0268567
0.027714
0.0285776
0.0294479
0.0303254
0.0312105
0.0321035
0.0330048
0.0339148
0.0348339
0.0357623
0.0367005
0.0376486
0.038607
0.0395759
0.0405557
0.0415467
0.042549
0.0435631
0.0445891
0.0456275
0.0466786
0.0477427
0.0488202
0.0499118
0.0510178
0.052139
0.053276
0.0544285
0.0555954
0.0567767
0.0579725
0.059183
0.0604083
0.0616486
0.0629039
0.0641744
0.0654603
0.0667617
0.0680786
0.0694112
0.0707595
0.0721236
0.0735036
0.0748995
0.0763114
0.0777392
0.0791831
0.080643
0.082119
0.0836113
0.0851199
0.0866449
0.0881867
0.0897454
0.0913216
0.0929156
0.0945284
0.0961606
0.0978136
0.0994889
0.101188
0.102914
0.10467
0.106458
0.108285
0.110155
0.112076
0.114056
0.116105
0.118235
0.120459
0.122825
0.125326
0.127963
0.130748
0.133693
0.136812
0.140116
0.14362
0.147337
0.151276
0.155451
0.159869
0.164538
0.169466
0.174656
0.180111
0.185832
0.191818
0.198065
0.204569
0.211322
0.218315
0.225538
0.232979
0.240622
0.248451
0.256448
0.26459
0.272855
0.281215
0.289638
0.29809
0.30653
0.314913
0.323187
0.331295
0.339174
0.346753
0.353952
0.360681
0.366801
0.37221
0.376799
0.380458
0.383078
0.384559
0.384806
0.383738
0.38129
0.377411
0.372073
0.365271
0.357024
0.347376
0.336401
0.324197
0.310891
0.296636
0.28161
0.266012
0.25006
0.233985
0.218024
0.20241
0.187367
0.173101
0.159786
0.147567
0.136552
0.126809
0.118372
0.111146
0.105078
0.100105
0.0961436
0.0930984
0.0908651
0.0893389
0.0884207
0.0880209
0.0880617
0.0884775
0.0892141
0.0902271
0.0914806
0.0929453
0.0945975
0.0964179
0.0983904
0.100502
0.10274
0.105095
0.107557
0.110119
0.112771
0.115506
0.118314
0.121187
0.124115
0.127089
0.130097
0.133127
0.136166
0.13919
0.142179
0.145113
0.147972
0.150731
0.153367
0.155855
0.158169
0.160281
0.162167
0.163798
0.16515
0.166199
0.166922
0.167298
0.167311
0.166946
0.166192
0.165042
0.163494
0.161547
0.159208
0.156486
0.153393
0.149947
0.146168
0.142077
0.1377
0.133063
0.128193
0.123119
0.117868
0.112465
0.106935
0.101294
0.0955564
0.0897175
0.0837475
0.0775576
0.0709139
0.0629214
0.00745103
0.00791294
0.00945341
0.0112472
0.0129574
0.0145065
0.0159092
0.017195
0.018392
0.019523
0.0206057
0.0216538
0.0226773
0.0236839
0.0246795
0.0256684
0.0266542
0.0276393
0.0286259
0.0296157
0.0306099
0.0316098
0.0326162
0.0336299
0.0346516
0.0356819
0.0367214
0.0377705
0.0388298
0.0398998
0.0409808
0.0420733
0.0431776
0.0442943
0.0454238
0.0465663
0.0477224
0.0488923
0.0500766
0.0512756
0.0524897
0.0537193
0.0549647
0.0562265
0.0575051
0.0588008
0.0601143
0.0614459
0.0627962
0.0641658
0.0655553
0.0669651
0.068396
0.0698474
0.0713193
0.072812
0.0743258
0.0758611
0.0774182
0.0789975
0.0805995
0.0822245
0.0838729
0.0855451
0.0872415
0.0889625
0.0907085
0.09248
0.0942774
0.0961011
0.0979515
0.0998293
0.101735
0.103669
0.105632
0.107624
0.109647
0.111701
0.113788
0.115908
0.118063
0.120255
0.122485
0.124756
0.12707
0.12943
0.13184
0.134305
0.13683
0.139421
0.142085
0.14483
0.147668
0.150609
0.153667
0.156856
0.160196
0.163726
0.16744
0.171346
0.175457
0.179786
0.184347
0.189154
0.194218
0.199552
0.205165
0.211064
0.217257
0.223746
0.230533
0.237617
0.244996
0.252663
0.260612
0.268832
0.277312
0.286039
0.294999
0.304175
0.313551
0.323108
0.332826
0.342684
0.35266
0.362727
0.372856
0.383015
0.393165
0.403262
0.413255
0.423082
0.432675
0.441954
0.450829
0.459188
0.466887
0.473791
0.479762
0.48466
0.488346
0.490687
0.491556
0.490842
0.488451
0.484308
0.478365
0.470601
0.461026
0.449682
0.436643
0.422019
0.405953
0.388622
0.370232
0.351022
0.331253
0.311206
0.291174
0.271451
0.252328
0.234071
0.216921
0.201075
0.186685
0.173852
0.162623
0.152918
0.144662
0.137777
0.132166
0.127715
0.124301
0.121797
0.12008
0.119037
0.118567
0.118583
0.119012
0.119795
0.120882
0.122234
0.12382
0.125615
0.127599
0.129756
0.132073
0.134538
0.137144
0.139881
0.142741
0.145717
0.148799
0.151981
0.15525
0.158595
0.162004
0.165461
0.168954
0.172457
0.175946
0.179398
0.182786
0.186081
0.189253
0.192271
0.195101
0.197708
0.200059
0.202118
0.203852
0.205227
0.206215
0.206787
0.206919
0.20659
0.205785
0.204492
0.202705
0.200424
0.197654
0.194404
0.190689
0.18653
0.18195
0.176978
0.171643
0.16598
0.160023
0.153809
0.147371
0.140746
0.133965
0.127057
0.120044
0.112938
0.105732
0.0983887
0.0908082
0.0826461
0.0102049
0.0108216
0.0125426
0.014564
0.016517
0.018292
0.019893
0.0213495
0.0226937
0.0239534
0.0251513
0.0263049
0.0274276
0.0285297
0.0296188
0.0307008
0.03178
0.0328599
0.0339431
0.0350315
0.0361267
0.03723
0.0383424
0.0394648
0.0405977
0.0417418
0.0428976
0.0440656
0.0452463
0.04644
0.0476473
0.0488685
0.050104
0.0513543
0.0526198
0.0539009
0.055198
0.0565117
0.0578424
0.0591905
0.0605565
0.0619408
0.063344
0.0647666
0.0662089
0.0676717
0.0691553
0.0706604
0.0721875
0.0737372
0.0753101
0.076907
0.0785289
0.0801758
0.081848
0.0835459
0.0852701
0.0870213
0.0888
0.090607
0.092443
0.0943087
0.0962048
0.0981322
0.100092
0.102084
0.10411
0.10617
0.108266
0.110399
0.112569
0.114778
0.117026
0.119315
0.121646
0.124021
0.126441
0.128907
0.131422
0.133988
0.136606
0.139279
0.14201
0.144802
0.147659
0.150585
0.153584
0.156662
0.159825
0.163079
0.166433
0.169896
0.173477
0.177187
0.181041
0.18505
0.189228
0.193624
0.198237
0.203072
0.208142
0.213457
0.219032
0.224877
0.231005
0.237424
0.244142
0.251165
0.258494
0.266132
0.274077
0.282324
0.290867
0.299697
0.308804
0.318176
0.327798
0.337656
0.347735
0.35802
0.368493
0.379139
0.389941
0.400882
0.411945
0.423109
0.434353
0.445649
0.456965
0.468262
0.479493
0.490597
0.501505
0.512133
0.522381
0.532136
0.541236
0.549527
0.556848
0.563036
0.567925
0.571355
0.573173
0.573241
0.571438
0.567668
0.561862
0.553981
0.544019
0.532008
0.518017
0.502152
0.484558
0.465417
0.444949
0.423405
0.40107
0.378253
0.355282
0.332492
0.310221
0.288789
0.268489
0.249575
0.232246
0.216645
0.20285
0.190798
0.180416
0.171623
0.164315
0.158369
0.153648
0.150009
0.147312
0.145423
0.144224
0.143609
0.143491
0.143794
0.14446
0.145441
0.146698
0.148202
0.14993
0.151864
0.15399
0.156297
0.158777
0.161421
0.164222
0.167173
0.170266
0.173493
0.176842
0.180301
0.183856
0.18749
0.191189
0.194928
0.19868
0.202416
0.206106
0.20972
0.21322
0.216572
0.219735
0.22267
0.225337
0.227694
0.229702
0.231322
0.232517
0.233255
0.233506
0.233245
0.232451
0.23111
0.229213
0.226759
0.22375
0.220198
0.216117
0.21153
0.206463
0.200947
0.195018
0.188713
0.182073
0.175139
0.167953
0.160556
0.152989
0.145289
0.137489
0.129616
0.12169
0.113714
0.105671
0.0974328
0.0127876
0.0135677
0.0154251
0.0175858
0.0196877
0.0216044
0.0233315
0.0248969
0.026335
0.0276767
0.0289482
0.0301698
0.0313575
0.0325233
0.0336763
0.0348233
0.0359695
0.0371186
0.0382736
0.0394366
0.0406092
0.0417928
0.0429881
0.044196
0.0454171
0.0466519
0.0479008
0.0491641
0.0504422
0.0517356
0.0530445
0.0543693
0.0557103
0.057068
0.0584428
0.0598351
0.0612453
0.062674
0.0641215
0.0655884
0.0670752
0.0685824
0.0701104
0.07166
0.0732315
0.0748256
0.0764428
0.0780836
0.0797489
0.0814391
0.083155
0.0848973
0.0866675
0.088466
0.0902936
0.0921512
0.0940394
0.0959594
0.0979119
0.0998981
0.101919
0.103976
0.106069
0.108201
0.110373
0.112585
0.11484
0.117138
0.119481
0.121872
0.12431
0.126799
0.129339
0.131934
0.134584
0.137292
0.140061
0.142893
0.14579
0.148755
0.151791
0.154903
0.158092
0.161364
0.164723
0.168173
0.17172
0.17537
0.179129
0.183004
0.187003
0.191136
0.19541
0.199838
0.20443
0.209199
0.214158
0.219332
0.224755
0.230425
0.236349
0.242537
0.249
0.255748
0.26279
0.270132
0.277779
0.285733
0.293995
0.302562
0.31143
0.320591
0.330037
0.339757
0.349738
0.359968
0.370434
0.381121
0.392017
0.403108
0.414382
0.425829
0.437437
0.449197
0.461098
0.473128
0.485274
0.497517
0.509833
0.522189
0.534541
0.546834
0.558996
0.57094
0.582561
0.593738
0.604301
0.614077
0.622888
0.630545
0.636862
0.641652
0.644737
0.645954
0.645158
0.642229
0.637076
0.629639
0.619898
0.607868
0.593603
0.5772
0.558797
0.53857
0.516738
0.493555
0.469313
0.444334
0.418967
0.393577
0.368535
0.344209
0.320941
0.299039
0.278761
0.260301
0.243788
0.22918
0.216432
0.205474
0.196207
0.188505
0.182222
0.177201
0.173285
0.170323
0.168176
0.166721
0.165853
0.165484
0.165543
0.165974
0.16673
0.167778
0.169091
0.170649
0.172436
0.174442
0.176657
0.179073
0.181684
0.184483
0.187461
0.19061
0.193918
0.197372
0.200956
0.204652
0.208442
0.212304
0.216205
0.220116
0.224003
0.227831
0.23156
0.235151
0.238559
0.241741
0.244651
0.247243
0.249473
0.251297
0.252673
0.253564
0.253937
0.25376
0.253012
0.251674
0.249736
0.247194
0.244049
0.240313
0.236
0.231135
0.225744
0.219862
0.213527
0.20678
0.199666
0.19223
0.184519
0.176582
0.168463
0.16021
0.151864
0.143465
0.135049
0.126642
0.118265
0.109867
0.0151597
0.0161074
0.0180802
0.0203286
0.0225156
0.0245126
0.0263116
0.0279402
0.0294337
0.0308253
0.0321432
0.0334097
0.0346422
0.035854
0.0370549
0.0382524
0.0394519
0.0406574
0.0418719
0.0430974
0.0443356
0.0455875
0.0468539
0.0481355
0.0494326
0.0507456
0.0520747
0.0534202
0.0547824
0.0561614
0.0575575
0.058971
0.0604022
0.0618514
0.0633189
0.0648052
0.0663106
0.0678357
0.0693809
0.0709467
0.0725336
0.0741421
0.0757728
0.0774263
0.079103
0.0808036
0.0825287
0.0842788
0.0860547
0.0878571
0.0896867
0.0915443
0.0934313
0.0953492
0.0972991
0.0992822
0.1013
0.103353
0.105443
0.107571
0.109739
0.111949
0.114201
0.116499
0.118843
0.121235
0.123678
0.126173
0.128723
0.13133
0.133997
0.136725
0.139518
0.142378
0.145308
0.148311
0.151391
0.15455
0.157792
0.161121
0.164542
0.168057
0.171672
0.175391
0.17922
0.183164
0.187229
0.191422
0.195748
0.200215
0.204832
0.209605
0.214545
0.21966
0.224961
0.230457
0.23616
0.242082
0.24827
0.254723
0.261446
0.268446
0.27573
0.283306
0.291179
0.299353
0.307829
0.316606
0.325681
0.335047
0.344697
0.354622
0.36481
0.37525
0.385928
0.396834
0.407955
0.419281
0.430802
0.442512
0.454404
0.466475
0.478722
0.491145
0.503742
0.516512
0.52945
0.542548
0.55579
0.56915
0.582591
0.596059
0.609485
0.622778
0.635828
0.648503
0.660628
0.672015
0.682467
0.691776
0.699731
0.706122
0.710748
0.71342
0.713971
0.712255
0.708161
0.701609
0.692557
0.681002
0.666981
0.650577
0.631909
0.611144
0.588488
0.564189
0.538535
0.51185
0.48449
0.456839
0.429294
0.402257
0.376118
0.351241
0.32794
0.306473
0.287027
0.269598
0.254186
0.240751
0.229213
0.219451
0.211317
0.204644
0.199259
0.194991
0.191682
0.18919
0.187392
0.186183
0.185481
0.185216
0.185336
0.185801
0.186579
0.187647
0.188989
0.190591
0.192443
0.194538
0.196868
0.199426
0.202203
0.20519
0.208374
0.211741
0.215274
0.218952
0.222754
0.226658
0.230631
0.234639
0.238646
0.242613
0.246499
0.250259
0.253848
0.257216
0.260314
0.263093
0.265505
0.2675
0.269035
0.270067
0.270558
0.270477
0.269796
0.268496
0.266562
0.263989
0.260779
0.256939
0.252487
0.247445
0.241843
0.235715
0.229102
0.222048
0.2146
0.206807
0.198721
0.190393
0.181876
0.17322
0.164474
0.155687
0.146902
0.138158
0.129485
0.120869
0.0173087
0.0184152
0.0204886
0.0227931
0.0250236
0.0270582
0.0288907
0.0305494
0.0320708
0.0334897
0.0348352
0.0361308
0.0373948
0.0386409
0.0398795
0.041118
0.0423621
0.0436155
0.0448813
0.0461612
0.0474567
0.0487687
0.0500976
0.051444
0.052808
0.0541898
0.0555894
0.0570069
0.0584424
0.059896
0.0613678
0.0628579
0.0643665
0.0658939
0.0674404
0.0690063
0.0705919
0.0721977
0.0738242
0.0754717
0.0771408
0.078832
0.0805458
0.0822829
0.0840437
0.0858289
0.087639
0.0894746
0.0913366
0.0932255
0.0951421
0.0970875
0.0990627
0.10107
0.103112
0.105189
0.107303
0.109456
0.111649
0.113884
0.116164
0.118489
0.120863
0.123288
0.125766
0.128299
0.13089
0.133543
0.136259
0.139043
0.141896
0.144823
0.147828
0.150912
0.154082
0.157339
0.160689
0.164137
0.167685
0.171341
0.175107
0.17899
0.182994
0.187127
0.191393
0.195798
0.20035
0.205055
0.209921
0.214953
0.220161
0.225552
0.231134
0.236915
0.242904
0.249109
0.255539
0.262203
0.269126
0.276336
0.28383
0.29161
0.299681
0.308046
0.316708
0.325665
0.334915
0.344453
0.35427
0.364358
0.374704
0.385297
0.396122
0.407168
0.418422
0.429873
0.441514
0.453339
0.465344
0.477529
0.489899
0.502459
0.515216
0.528182
0.541366
0.554778
0.568425
0.582309
0.596423
0.610751
0.625262
0.639905
0.654612
0.669291
0.683825
0.69807
0.711846
0.724953
0.737176
0.748286
0.758052
0.76624
0.772627
0.776999
0.779167
0.778964
0.776255
0.770941
0.762958
0.752284
0.738938
0.722978
0.704509
0.683677
0.66067
0.635721
0.609105
0.581139
0.552176
0.522606
0.492842
0.463313
0.434447
0.406657
0.380317
0.355751
0.3332
0.312715
0.294361
0.278147
0.264025
0.251894
0.241612
0.233007
0.225893
0.220084
0.215401
0.211679
0.208777
0.206572
0.204964
0.203875
0.20324
0.203011
0.203152
0.203636
0.204442
0.205555
0.206965
0.208661
0.210635
0.212879
0.215384
0.218139
0.221129
0.224341
0.227754
0.231346
0.235093
0.238974
0.242952
0.24699
0.25105
0.255092
0.259071
0.262941
0.266652
0.270152
0.27339
0.276313
0.278869
0.281006
0.282677
0.283836
0.284443
0.284461
0.283862
0.282623
0.280728
0.278168
0.274945
0.271065
0.266544
0.261405
0.255677
0.249396
0.242603
0.235344
0.227668
0.219627
0.211275
0.202668
0.19386
0.184906
0.175859
0.166772
0.157692
0.14866
0.139709
0.130848
0.0192291
0.0204796
0.0226401
0.0249812
0.027228
0.0292717
0.031111
0.0327763
0.0343059
0.0357353
0.0370945
0.0384076
0.039693
0.0409646
0.0422328
0.0435049
0.0447863
0.0460806
0.0473906
0.0487178
0.0500633
0.0514277
0.0528113
0.0542143
0.0556366
0.0570782
0.0585389
0.0600186
0.0615172
0.0630345
0.0645707
0.0661256
0.0676993
0.0692921
0.070904
0.0725353
0.0741863
0.0758574
0.0775488
0.0792611
0.0809947
0.0827501
0.0845278
0.0863283
0.0881521
0.0899999
0.0918722
0.0937695
0.0956927
0.0976423
0.0996192
0.101624
0.103659
0.105726
0.107828
0.109967
0.112144
0.114362
0.116623
0.118929
0.121283
0.123686
0.126142
0.128654
0.131225
0.133857
0.136555
0.139321
0.14216
0.145075
0.148071
0.151151
0.154321
0.157585
0.160947
0.164414
0.167989
0.171679
0.175489
0.179425
0.183494
0.187701
0.192053
0.196557
0.20122
0.206048
0.21105
0.216232
0.221602
0.227169
0.232938
0.238919
0.245118
0.251544
0.258202
0.265101
0.272245
0.279642
0.287297
0.29525
0.303501
0.312048
0.320891
0.33003
0.339462
0.349181
0.359179
0.369447
0.379972
0.390737
0.401729
0.412929
0.424323
0.435895
0.447635
0.459534
0.471587
0.483796
0.496165
0.508704
0.521427
0.534352
0.547501
0.560897
0.574563
0.588523
0.602796
0.617395
0.632327
0.647581
0.663136
0.678945
0.69494
0.711028
0.727085
0.742953
0.758448
0.773356
0.787446
0.80047
0.812174
0.822305
0.830615
0.836872
0.840863
0.842402
0.841335
0.837541
0.830938
0.821483
0.809173
0.794048
0.776188
0.755716
0.7328
0.707649
0.680517
0.651705
0.621556
0.590453
0.558816
0.527088
0.495727
0.465184
0.435892
0.408241
0.38249
0.358789
0.337275
0.318022
0.301032
0.286237
0.273515
0.262699
0.253597
0.246007
0.239733
0.234588
0.230408
0.227053
0.224404
0.222366
0.220865
0.219842
0.219253
0.219066
0.219256
0.219805
0.220699
0.221927
0.223478
0.225343
0.227511
0.22997
0.232705
0.235697
0.238928
0.242372
0.246002
0.249797
0.253716
0.257722
0.261774
0.26583
0.269843
0.273765
0.277543
0.281125
0.284456
0.287481
0.290145
0.292394
0.294178
0.295449
0.296163
0.296283
0.295775
0.294614
0.292783
0.290272
0.287078
0.283208
0.278675
0.273503
0.267719
0.261359
0.254466
0.247084
0.239265
0.231062
0.222531
0.213729
0.204713
0.195539
0.186264
0.176938
0.167613
0.15833
0.149119
0.140008
0.0209255
0.0223007
0.0245348
0.0268991
0.0291448
0.0311788
0.0330064
0.0346618
0.0361849
0.0376124
0.0389746
0.0402958
0.0415943
0.0428838
0.0441744
0.0454731
0.046785
0.0481134
0.0494605
0.0508277
0.0522156
0.0536246
0.0550547
0.0565056
0.0579773
0.0594692
0.0609811
0.0625126
0.0640634
0.0656333
0.067222
0.0688294
0.0704554
0.0721
0.0737632
0.0754453
0.0771463
0.0788664
0.0806061
0.0823656
0.0841453
0.0859457
0.0877671
0.08961
0.091475
0.0933626
0.0952732
0.0972074
0.0991659
0.101149
0.103158
0.105194
0.107257
0.109353
0.111482
0.113649
0.115855
0.118103
0.120394
0.122732
0.12512
0.127561
0.130057
0.132613
0.135232
0.137919
0.140676
0.143509
0.146422
0.14942
0.152508
0.155692
0.158976
0.162367
0.165871
0.169493
0.173241
0.177121
0.181139
0.185304
0.189622
0.194102
0.19875
0.203575
0.208586
0.213789
0.219194
0.224808
0.230641
0.2367
0.242994
0.24953
0.256315
0.263356
0.27066
0.278232
0.286075
0.294193
0.302588
0.311275
0.320278
0.329587
0.339199
0.349108
0.359306
0.369783
0.380524
0.391514
0.402731
0.414157
0.425767
0.437541
0.449459
0.461504
0.473664
0.485932
0.49831
0.510804
0.523428
0.536205
0.549163
0.562333
0.575753
0.589463
0.603501
0.617907
0.632714
0.64795
0.663631
0.67976
0.69632
0.713272
0.730549
0.748053
0.765656
0.783179
0.800436
0.8172
0.833221
0.848232
0.861959
0.874129
0.884473
0.89274
0.898699
0.902146
0.90291
0.900853
0.895875
0.887915
0.87695
0.862997
0.846115
0.826401
0.803994
0.779078
0.751882
0.72268
0.691795
0.659597
0.626499
0.592948
0.559417
0.526388
0.49434
0.463724
0.434795
0.407817
0.383012
0.360528
0.340435
0.322717
0.307283
0.293986
0.282638
0.273029
0.264944
0.25818
0.25255
0.24789
0.244063
0.240956
0.23848
0.236566
0.23516
0.234221
0.23372
0.233634
0.233946
0.234641
0.235707
0.237132
0.238903
0.241006
0.243425
0.246139
0.249127
0.252363
0.255816
0.259464
0.263265
0.267178
0.271162
0.275173
0.279162
0.28308
0.286873
0.290487
0.293865
0.29695
0.299686
0.302017
0.303891
0.305256
0.306068
0.306285
0.305873
0.304803
0.303057
0.300621
0.297491
0.293671
0.289174
0.284021
0.278238
0.271862
0.264932
0.257496
0.249604
0.241309
0.232669
0.22374
0.214581
0.20525
0.195801
0.186287
0.176758
0.167255
0.157808
0.148457
0.0224059
0.0238853
0.0261795
0.0285571
0.0307905
0.0328021
0.0346055
0.0362392
0.0377453
0.0391612
0.0405179
0.0418393
0.0431435
0.0444439
0.0457501
0.0470686
0.048404
0.0497593
0.0511362
0.0525355
0.0539578
0.0554029
0.0568705
0.0583602
0.0598714
0.0614036
0.0629561
0.0645283
0.0661199
0.0677302
0.0693589
0.0710057
0.0726703
0.0743526
0.0760524
0.0777697
0.0795045
0.081257
0.0830273
0.0848156
0.0866223
0.0884475
0.0902918
0.0921554
0.0940388
0.0959423
0.0978665
0.0998118
0.101779
0.103768
0.10578
0.107816
0.109877
0.111967
0.114091
0.116251
0.118449
0.120689
0.122972
0.125302
0.127683
0.130117
0.13261
0.135164
0.137785
0.140477
0.143244
0.146093
0.149028
0.152056
0.155182
0.158413
0.161755
0.165216
0.168802
0.172521
0.176382
0.180391
0.184558
0.18889
0.193397
0.198088
0.202972
0.208059
0.213357
0.218877
0.224627
0.230619
0.23686
0.24336
0.250129
0.257173
0.264502
0.272121
0.280036
0.288251
0.296769
0.305591
0.314717
0.324141
0.33389
0.343961
0.354343
0.365025
0.375994
0.387235
0.398725
0.410441
0.422356
0.434439
0.446662
0.458996
0.471415
0.483898
0.496431
0.509009
0.521635
0.534326
0.547107
0.560012
0.573085
0.586378
0.599945
0.613845
0.628137
0.642877
0.658117
0.673899
0.690254
0.707195
0.724713
0.742775
0.761315
0.780232
0.799389
0.818586
0.837631
0.856282
0.874269
0.891307
0.907103
0.921362
0.933799
0.944146
0.952157
0.957616
0.960337
0.960171
0.957002
0.950754
0.941387
0.928898
0.91332
0.894726
0.873226
0.848972
0.822161
0.793037
0.761895
0.729081
0.69499
0.660063
0.624775
0.589625
0.555121
0.521764
0.489801
0.4596
0.43147
0.405651
0.382289
0.361437
0.343057
0.327033
0.313194
0.30133
0.291219
0.282639
0.275381
0.26926
0.264118
0.259822
0.256265
0.253365
0.251056
0.249289
0.248025
0.247238
0.246905
0.247006
0.247528
0.248455
0.249772
0.251462
0.253507
0.255886
0.258573
0.261542
0.26476
0.268203
0.271826
0.275589
0.279447
0.283355
0.287265
0.291124
0.29488
0.298477
0.301856
0.30496
0.307732
0.310114
0.312051
0.313492
0.314388
0.314697
0.314381
0.313411
0.311763
0.309423
0.306384
0.302648
0.298226
0.293135
0.287402
0.28106
0.274149
0.266714
0.258806
0.250478
0.241786
0.232787
0.22354
0.214101
0.204526
0.194867
0.185172
0.175482
0.165826
0.156256
0.0236827
0.0252456
0.0275863
0.029969
0.0321821
0.0341631
0.035934
0.0375377
0.0390187
0.0404156
0.0417596
0.0430743
0.0443776
0.0456823
0.0469972
0.0483286
0.0496804
0.051055
0.0524537
0.053877
0.055325
0.0567971
0.0582928
0.0598114
0.0613518
0.0629134
0.0644953
0.0660966
0.0677167
0.0693549
0.0710105
0.072683
0.0743721
0.0760772
0.0777982
0.0795347
0.0812867
0.0830542
0.084837
0.0866353
0.0884492
0.0902788
0.0921245
0.0939864
0.0958649
0.0977601
0.0996726
0.101603
0.10355
0.105517
0.107502
0.109507
0.111533
0.113587
0.115671
0.117788
0.119941
0.122134
0.124369
0.12665
0.12898
0.131365
0.133808
0.136314
0.138887
0.141534
0.14426
0.147071
0.149973
0.152973
0.156079
0.159298
0.162637
0.166105
0.16971
0.173462
0.177368
0.18144
0.185687
0.190119
0.194746
0.199579
0.204629
0.209906
0.215423
0.22119
0.227218
0.233519
0.240102
0.24698
0.254161
0.261655
0.26947
0.277614
0.286091
0.294908
0.304064
0.313559
0.32339
0.333551
0.34404
0.354867
0.366018
0.377478
0.389227
0.401241
0.413494
0.425951
0.438576
0.45133
0.464175
0.477071
0.489985
0.502889
0.515765
0.528608
0.541423
0.554235
0.567079
0.580007
0.59308
0.60637
0.619956
0.633919
0.648339
0.663297
0.678861
0.695095
0.712041
0.729728
0.748154
0.767291
0.787072
0.807394
0.828107
0.84899
0.869837
0.89039
0.910357
0.929434
0.947306
0.963662
0.978201
0.990643
1.00073
1.00824
1.01299
1.0148
1.01356
1.00918
1.00161
0.990821
0.976829
0.959679
0.939451
0.916264
0.890278
0.861701
0.830793
0.797868
0.763294
0.727494
0.690932
0.65411
0.617552
0.581778
0.54703
0.513768
0.482392
0.453229
0.426517
0.402391
0.38088
0.361918
0.345366
0.331028
0.318679
0.308087
0.299025
0.291287
0.28469
0.279083
0.27434
0.27036
0.267065
0.264394
0.2623
0.260748
0.259709
0.25916
0.259083
0.259457
0.260265
0.261488
0.263105
0.265093
0.267425
0.270071
0.272997
0.276178
0.279568
0.283123
0.286799
0.290549
0.294324
0.298073
0.301741
0.305272
0.308608
0.31169
0.314461
0.316861
0.318836
0.32033
0.321296
0.321688
0.321466
0.320598
0.319059
0.31683
0.313904
0.310278
0.305961
0.300968
0.295323
0.289059
0.282211
0.274825
0.266949
0.258636
0.24994
0.240919
0.231629
0.222127
0.212468
0.202702
0.192877
0.183035
0.173203
0.16344
0.024769
0.0263958
0.0287697
0.0311504
0.0333377
0.0352826
0.0370152
0.0385829
0.040033
0.0414049
0.0427301
0.0440322
0.0453283
0.0466306
0.0479477
0.0492848
0.0506455
0.0520317
0.0534441
0.0548828
0.0563474
0.0578371
0.059351
0.060888
0.062447
0.0640268
0.0656264
0.0672448
0.0688809
0.0705339
0.0722029
0.0738873
0.0755862
0.0772992
0.0790258
0.0807654
0.0825178
0.0842826
0.0860598
0.0878491
0.0896505
0.091464
0.0932896
0.0951275
0.0969777
0.0988405
0.100716
0.102604
0.104506
0.10642
0.108349
0.110292
0.112253
0.114236
0.116246
0.118286
0.120358
0.122466
0.124613
0.126804
0.129042
0.131332
0.133679
0.136088
0.138565
0.141116
0.143747
0.146465
0.149278
0.152192
0.155217
0.158361
0.161633
0.165043
0.168599
0.172314
0.176196
0.180258
0.184511
0.188967
0.193637
0.198535
0.203673
0.209063
0.214719
0.220654
0.22688
0.233411
0.240259
0.247436
0.254953
0.262823
0.271053
0.279653
0.28863
0.297987
0.307727
0.317848
0.328345
0.339211
0.350433
0.362007
0.373924
0.38616
0.398694
0.411493
0.424522
0.437738
0.451095
0.464543
0.478029
0.491504
0.504922
0.518248
0.531454
0.544533
0.557492
0.570361
0.583188
0.596041
0.609002
0.622169
0.635646
0.649542
0.663966
0.679022
0.694806
0.711397
0.728858
0.74723
0.76652
0.786705
0.807715
0.829439
0.851715
0.874294
0.896954
0.919411
0.941352
0.962452
0.982374
1.00079
1.01739
1.03189
1.04402
1.05356
1.06032
1.06413
1.06488
1.06246
1.05682
1.04791
1.03573
1.0203
1.00167
0.979927
0.955183
0.927609
0.897424
0.864902
0.830378
0.794242
0.756942
0.718967
0.680842
0.64305
0.605863
0.569812
0.535374
0.502966
0.47292
0.44546
0.420699
0.398639
0.379187
0.362176
0.347393
0.334602
0.323563
0.314051
0.305862
0.298822
0.292785
0.287632
0.283269
0.27962
0.27663
0.274252
0.272451
0.271199
0.270469
0.270239
0.270489
0.271194
0.272332
0.273877
0.275801
0.278071
0.280653
0.283518
0.28662
0.289913
0.293353
0.296892
0.300481
0.304068
0.307599
0.311017
0.314266
0.317286
0.320018
0.322405
0.324389
0.325916
0.326934
0.327396
0.327262
0.326497
0.325071
0.322965
0.320166
0.316671
0.312483
0.307617
0.302093
0.29594
0.289193
0.281894
0.274089
0.265831
0.257172
0.248168
0.238876
0.22935
0.219644
0.209808
0.199889
0.189929
0.179953
0.170029
0.0256796
0.0273521
0.0297464
0.0321184
0.0342756
0.0361806
0.0378709
0.0393985
0.040813
0.0421552
0.0434564
0.0447402
0.0460233
0.0473172
0.0486296
0.0499655
0.0513277
0.0527174
0.0541351
0.0555804
0.0570524
0.05855
0.060072
0.061617
0.0631836
0.0647703
0.0663759
0.0679991
0.0696387
0.0712935
0.0729625
0.0746447
0.0763392
0.0780452
0.0797618
0.0814886
0.0832248
0.0849699
0.0867235
0.0884853
0.0902549
0.0920321
0.0938169
0.095609
0.0974084
0.0992151
0.101029
0.10285
0.104679
0.106515
0.108358
0.11021
0.112075
0.113957
0.11586
0.117788
0.119743
0.12173
0.123751
0.125812
0.127916
0.130069
0.132275
0.134542
0.136873
0.139277
0.141761
0.144332
0.146998
0.149768
0.152651
0.155657
0.158796
0.162079
0.165518
0.169123
0.172907
0.176883
0.181064
0.185464
0.190096
0.194975
0.200116
0.205532
0.21124
0.217254
0.223589
0.23026
0.237281
0.244668
0.252433
0.260589
0.269149
0.278121
0.287514
0.297335
0.307585
0.318265
0.32937
0.340889
0.352812
0.365115
0.377782
0.390788
0.404105
0.417695
0.431513
0.445508
0.45962
0.473787
0.487944
0.502025
0.515972
0.529734
0.543276
0.556581
0.569656
0.582536
0.595279
0.607971
0.620719
0.633649
0.646897
0.660605
0.674914
0.68996
0.705865
0.722734
0.740649
0.759664
0.779796
0.801021
0.823266
0.846409
0.870266
0.894561
0.919042
0.943397
0.967288
0.990367
1.01227
1.03267
1.05123
1.06768
1.08175
1.09323
1.10193
1.1077
1.11042
1.10998
1.10633
1.09942
1.08922
1.07573
1.05898
1.039
1.01588
0.989739
0.960748
0.929138
0.8952
0.859288
0.821815
0.783254
0.744142
0.704766
0.665567
0.627097
0.58989
0.554445
0.521181
0.490421
0.462369
0.437112
0.414621
0.394774
0.377384
0.36222
0.349039
0.337601
0.327683
0.31909
0.311653
0.305234
0.29972
0.295023
0.291072
0.287811
0.285194
0.283187
0.281757
0.280877
0.28052
0.280661
0.281273
0.282328
0.283795
0.28564
0.287827
0.290325
0.293089
0.29607
0.299224
0.302502
0.305854
0.309231
0.312578
0.315839
0.318957
0.321875
0.324534
0.326875
0.32884
0.330375
0.331427
0.331947
0.331893
0.331226
0.329915
0.327937
0.325277
0.321927
0.317888
0.31317
0.30779
0.301776
0.295159
0.287978
0.280278
0.272108
0.263519
0.254567
0.245305
0.235789
0.22607
0.216197
0.206218
0.196173
0.186089
0.176033
0.0264285
0.0281306
0.0305332
0.0328903
0.035014
0.0368764
0.0385217
0.0400062
0.0413817
0.0426899
0.0439628
0.0452234
0.0464879
0.0477673
0.0490687
0.0503964
0.0517525
0.053138
0.0545527
0.0559957
0.0574659
0.0589619
0.0604819
0.0620245
0.0635878
0.0651702
0.0667702
0.0683863
0.070017
0.0716609
0.0733167
0.0749833
0.0766593
0.0783439
0.0800358
0.0817343
0.0834384
0.0851473
0.0868604
0.088577
0.0902965
0.0920185
0.0937426
0.0954684
0.0971957
0.0989241
0.100653
0.102384
0.104114
0.105846
0.107578
0.109311
0.111051
0.112803
0.114569
0.116354
0.11816
0.119991
0.121851
0.123745
0.125676
0.127651
0.129675
0.131754
0.133894
0.136103
0.138389
0.14076
0.143225
0.145793
0.148474
0.15128
0.154222
0.157311
0.160561
0.163984
0.167594
0.171407
0.175435
0.179696
0.184204
0.188977
0.19403
0.199381
0.205046
0.211043
0.217389
0.224101
0.231196
0.238691
0.246602
0.254943
0.26373
0.272974
0.282686
0.292874
0.303543
0.314694
0.326324
0.338424
0.35098
0.363973
0.377366
0.391124
0.405213
0.419591
0.434205
0.448992
0.463883
0.478799
0.49366
0.508385
0.522895
0.537125
0.551024
0.564564
0.577748
0.590611
0.603222
0.615687
0.628138
0.640733
0.653646
0.667059
0.681151
0.696096
0.712049
0.729143
0.747482
0.767132
0.788118
0.810413
0.833935
0.858544
0.88402
0.910061
0.936373
0.96261
0.988405
1.01339
1.03717
1.0594
1.07977
1.09799
1.11383
1.12708
1.13757
1.14517
1.14977
1.15126
1.14959
1.14472
1.1366
1.12521
1.11055
1.09261
1.07145
1.04713
1.01977
0.989564
0.956739
0.921609
0.884545
0.845978
0.806414
0.766014
0.72532
0.684894
0.645307
0.607134
0.570877
0.536947
0.505654
0.477176
0.451567
0.428766
0.408626
0.390938
0.375465
0.361958
0.350179
0.339914
0.330972
0.323195
0.316452
0.310636
0.305662
0.301461
0.297979
0.295169
0.292995
0.29142
0.290415
0.289949
0.289993
0.290514
0.29148
0.292856
0.294605
0.296689
0.299067
0.301691
0.304511
0.307481
0.310552
0.313673
0.316792
0.319853
0.322801
0.325579
0.328129
0.330392
0.332311
0.333831
0.334897
0.33546
0.335474
0.334899
0.333702
0.331855
0.329339
0.326143
0.322266
0.317712
0.312496
0.306641
0.300176
0.293137
0.285567
0.277511
0.269021
0.260148
0.250946
0.241468
0.231765
0.221887
0.211878
0.201781
0.19162
0.181473
0.0270305
0.0287475
0.0311473
0.0334838
0.0355709
0.0373888
0.0389873
0.0404265
0.0417601
0.0430311
0.0442716
0.0455044
0.0467452
0.0480045
0.0492887
0.0506014
0.0519443
0.0533178
0.0547213
0.0561536
0.057613
0.0590979
0.0606063
0.0621362
0.0636858
0.0652532
0.0668365
0.0684339
0.0700439
0.0716647
0.0732949
0.0749329
0.0765774
0.0782269
0.0798801
0.081536
0.0831931
0.0848506
0.0865073
0.0881624
0.0898149
0.0914642
0.0931095
0.0947502
0.0963858
0.0980158
0.0996397
0.101257
0.102868
0.104471
0.106067
0.107657
0.109248
0.110843
0.112446
0.11406
0.115687
0.117333
0.119
0.120693
0.122417
0.124178
0.125981
0.127832
0.129739
0.131709
0.13375
0.135872
0.138084
0.140396
0.142819
0.145366
0.148047
0.150878
0.153871
0.157041
0.160403
0.163974
0.167769
0.171807
0.176105
0.180681
0.185554
0.190743
0.196267
0.202145
0.208398
0.215045
0.222106
0.229599
0.237543
0.245956
0.254856
0.264257
0.274173
0.284615
0.295592
0.307107
0.31916
0.331743
0.344843
0.358444
0.372518
0.386993
0.401831
0.416983
0.432389
0.447977
0.463663
0.479355
0.494957
0.510366
0.525486
0.540228
0.554523
0.568328
0.581634
0.594476
0.606931
0.619123
0.631215
0.6434
0.655897
0.668933
0.682737
0.697525
0.713491
0.7308
0.74958
0.769911
0.791818
0.815266
0.840155
0.866321
0.89348
0.921311
0.949462
0.977548
1.00517
1.03194
1.05743
1.08129
1.10323
1.12298
1.14033
1.1551
1.16715
1.17637
1.18266
1.18594
1.18617
1.1833
1.17729
1.16809
1.15566
1.13998
1.12105
1.09889
1.07357
1.04521
1.014
0.980207
0.944139
0.90616
0.866664
0.825847
0.784242
0.742399
0.7009
0.660413
0.621488
0.584619
0.550228
0.518589
0.489852
0.464035
0.441046
0.420715
0.40282
0.387115
0.373352
0.361302
0.350754
0.34153
0.333479
0.326475
0.320418
0.315225
0.310829
0.307175
0.304215
0.301908
0.300217
0.299107
0.298543
0.298492
0.298919
0.299786
0.301055
0.302684
0.304637
0.30686
0.309306
0.311927
0.314674
0.317498
0.320348
0.32317
0.32591
0.328512
0.33092
0.333075
0.334921
0.336402
0.337463
0.338053
0.338123
0.337633
0.336544
0.334827
0.332457
0.329422
0.325714
0.321334
0.316295
0.310613
0.304316
0.297437
0.290015
0.282094
0.273722
0.26495
0.25583
0.246415
0.236754
0.226896
0.216886
0.206765
0.196556
0.186391
0.0274988
0.0292184
0.0316054
0.0339158
0.0359639
0.0377358
0.0392862
0.0406782
0.0419679
0.0431989
0.0444035
0.0456044
0.0468168
0.0480506
0.0493116
0.050603
0.0519258
0.05328
0.0546646
0.0560779
0.057518
0.0589829
0.0604703
0.0619781
0.0635041
0.0650462
0.0666023
0.0681704
0.0697486
0.071335
0.0729279
0.0745255
0.0761262
0.0777282
0.07933
0.08093
0.0825268
0.084119
0.0857052
0.0872841
0.0888545
0.0904155
0.091966
0.093505
0.0950318
0.0965456
0.0980457
0.0995314
0.101002
0.102458
0.103897
0.105324
0.106744
0.108161
0.109577
0.110996
0.11242
0.113854
0.115301
0.116766
0.118253
0.119768
0.121316
0.122905
0.124542
0.126234
0.12799
0.12982
0.131733
0.133741
0.135854
0.138087
0.140451
0.142962
0.145634
0.148483
0.151526
0.15478
0.158265
0.161998
0.165999
0.170289
0.174889
0.179819
0.185101
0.190758
0.19681
0.203281
0.210193
0.217566
0.225424
0.233786
0.242674
0.252105
0.262098
0.272666
0.283823
0.295575
0.307926
0.320873
0.334405
0.348506
0.363152
0.378301
0.393847
0.409745
0.425929
0.442314
0.458804
0.475293
0.491667
0.507805
0.523585
0.538895
0.553641
0.567759
0.581224
0.594065
0.606367
0.61827
0.629968
0.641699
0.653731
0.666347
0.679833
0.694456
0.710457
0.728036
0.747347
0.768479
0.79145
0.816205
0.842616
0.870473
0.899416
0.929094
0.959085
0.988954
1.01827
1.04666
1.07362
1.09882
1.12201
1.14294
1.16146
1.17741
1.19069
1.20123
1.20897
1.21384
1.21582
1.21485
1.2109
1.20389
1.19377
1.18049
1.16398
1.14424
1.12126
1.09513
1.06597
1.03398
0.99946
0.962761
0.923904
0.8833
0.841419
0.798761
0.755871
0.71358
0.672415
0.63293
0.595683
0.561032
0.529238
0.500407
0.474523
0.451468
0.43105
0.413037
0.397183
0.383243
0.370995
0.360239
0.350804
0.342547
0.33535
0.329114
0.32376
0.31922
0.315438
0.312364
0.309954
0.308167
0.306965
0.306309
0.306163
0.306486
0.307239
0.30838
0.309871
0.311658
0.313693
0.315927
0.318313
0.320803
0.323348
0.325895
0.328393
0.330787
0.333022
0.335042
0.336789
0.338208
0.339245
0.339845
0.33996
0.339545
0.338558
0.336966
0.334743
0.331869
0.328333
0.324134
0.319277
0.313778
0.307659
0.30095
0.293688
0.285914
0.277675
0.26902
0.26
0.250666
0.241067
0.231251
0.221263
0.211142
0.200945
0.190793
0.0278468
0.0295581
0.0319236
0.0342029
0.0362096
0.0379345
0.0394358
0.0407796
0.0420235
0.0432121
0.0443778
0.045543
0.0467227
0.0479261
0.0491585
0.0504225
0.0517189
0.0530469
0.0544052
0.0557919
0.0572047
0.0586413
0.0600992
0.061576
0.0630693
0.0645767
0.0660959
0.0676248
0.0691611
0.0707029
0.072248
0.0737945
0.0753404
0.0768838
0.0784227
0.0799554
0.08148
0.0829947
0.084498
0.085988
0.0874634
0.0889228
0.0903647
0.091788
0.0931915
0.0945743
0.0959354
0.0972739
0.0985889
0.09988
0.101146
0.102393
0.103626
0.104847
0.106058
0.107263
0.108465
0.109667
0.110872
0.112085
0.113312
0.114556
0.115824
0.117123
0.11846
0.119842
0.121279
0.12278
0.124356
0.126018
0.127778
0.129649
0.131645
0.133782
0.136076
0.138543
0.141202
0.144071
0.147171
0.150522
0.154145
0.158063
0.162298
0.166874
0.171815
0.177146
0.182889
0.189072
0.195717
0.20285
0.210496
0.218679
0.227422
0.236748
0.246678
0.257233
0.268427
0.280274
0.292782
0.305953
0.319781
0.334252
0.349349
0.365039
0.381241
0.397837
0.414769
0.431937
0.449225
0.46652
0.483692
0.500598
0.517091
0.533032
0.548297
0.562794
0.576476
0.589361
0.601538
0.613167
0.624475
0.635746
0.647309
0.659513
0.672709
0.68723
0.703367
0.721359
0.741386
0.763543
0.787818
0.814124
0.84229
0.872015
0.902884
0.934467
0.966272
0.99781
1.02861
1.05826
1.08634
1.11253
1.13658
1.1583
1.17758
1.19432
1.20846
1.21997
1.22882
1.23501
1.23849
1.23923
1.2372
1.23231
1.22449
1.21364
1.19967
1.18252
1.16214
1.13854
1.1118
1.08206
1.04956
1.01451
0.976887
0.937096
0.895573
0.852804
0.809348
0.765888
0.722999
0.68129
0.64154
0.604111
0.569416
0.537648
0.508884
0.483071
0.460067
0.439666
0.421629
0.405711
0.391676
0.379308
0.36842
0.358847
0.350456
0.34313
0.336776
0.331314
0.326677
0.322805
0.319648
0.317157
0.315289
0.314002
0.313254
0.313006
0.313214
0.313836
0.314835
0.316156
0.317748
0.319564
0.321557
0.323682
0.325889
0.328131
0.330356
0.332513
0.334548
0.336406
0.338032
0.339369
0.340363
0.340959
0.341105
0.340754
0.339862
0.338391
0.33631
0.333595
0.330231
0.326212
0.32154
0.316226
0.310288
0.303754
0.296657
0.289038
0.28094
0.272412
0.263502
0.254261
0.244738
0.234982
0.225033
0.214955
0.204814
0.194688
0.0280865
0.0297805
0.0321167
0.0343605
0.0363239
0.0380009
0.0394526
0.0407473
0.0419441
0.0430882
0.0442123
0.0453386
0.0464817
0.0476502
0.048849
0.0500803
0.0513441
0.0526397
0.0539651
0.0553182
0.0566964
0.0580972
0.0595177
0.0609555
0.0624078
0.063872
0.0653458
0.0668266
0.0683121
0.0698001
0.0712881
0.0727741
0.0742557
0.0757308
0.0771971
0.0786524
0.0800948
0.0815219
0.0829319
0.0843226
0.0856923
0.0870391
0.0883614
0.0896576
0.0909265
0.0921665
0.0933767
0.0945559
0.0957031
0.0968174
0.0978985
0.0989539
0.0999868
0.100999
0.101993
0.102971
0.103936
0.104891
0.10584
0.106786
0.107735
0.108691
0.10966
0.110648
0.111663
0.112712
0.113805
0.11495
0.116159
0.117443
0.118814
0.120286
0.121873
0.123592
0.125459
0.127492
0.12971
0.132133
0.134782
0.137681
0.14085
0.144316
0.148102
0.152235
0.156739
0.161642
0.166971
0.172753
0.179016
0.185787
0.193094
0.200965
0.209427
0.218507
0.22823
0.23862
0.2497
0.261488
0.273996
0.287235
0.301203
0.315891
0.331297
0.347377
0.364089
0.381317
0.398958
0.416873
0.434934
0.453028
0.471009
0.488715
0.50597
0.522604
0.538459
0.553412
0.567391
0.580396
0.592512
0.603916
0.614873
0.625725
0.636868
0.648734
0.661751
0.676324
0.692804
0.711469
0.732505
0.755999
0.781911
0.810098
0.840309
0.872114
0.905053
0.938583
0.972141
1.00519
1.03723
1.06784
1.09664
1.12336
1.14779
1.16981
1.18935
1.20637
1.22089
1.23292
1.24249
1.24959
1.25425
1.25643
1.25608
1.25315
1.24752
1.23907
1.22769
1.21323
1.19561
1.17478
1.15076
1.12365
1.09362
1.06058
1.02471
0.986308
0.945756
0.903501
0.860074
0.816099
0.7722
0.729029
0.687273
0.647358
0.610018
0.575466
0.543905
0.515358
0.489749
0.466911
0.446627
0.428658
0.412763
0.398715
0.386309
0.375364
0.365727
0.357268
0.349876
0.343459
0.337938
0.333242
0.329314
0.326096
0.323541
0.3216
0.32023
0.319386
0.319026
0.319106
0.319589
0.320418
0.321542
0.322914
0.324488
0.326221
0.328065
0.329974
0.331901
0.333795
0.335606
0.337281
0.338764
0.340002
0.340937
0.341514
0.34168
0.341383
0.340577
0.339219
0.337274
0.334714
0.331518
0.327676
0.323185
0.318053
0.312294
0.305934
0.299002
0.291537
0.283582
0.275182
0.266387
0.257246
0.247809
0.238122
0.228243
0.218251
0.208173
0.198086
0.0282297
0.0298988
0.0321989
0.0344034
0.0363218
0.0379502
0.0393519
0.040597
0.0417456
0.0428437
0.0439239
0.0450085
0.0461114
0.047241
0.0484018
0.0495953
0.0508214
0.0520788
0.0533653
0.0546786
0.0560157
0.0573738
0.0587501
0.0601417
0.0615457
0.0629594
0.0643801
0.0658052
0.0672322
0.0686585
0.0700815
0.071499
0.0729082
0.0743069
0.0756924
0.0770624
0.0784143
0.0797456
0.0810541
0.0823372
0.0835929
0.0848189
0.0860133
0.0871742
0.0882999
0.089389
0.0904399
0.0914514
0.0924226
0.0933524
0.0942407
0.0950972
0.095923
0.0967195
0.0974884
0.0982321
0.0989529
0.0996536
0.100337
0.101008
0.10167
0.102328
0.102986
0.103653
0.104333
0.105035
0.105768
0.10654
0.107363
0.108247
0.109205
0.110252
0.1114
0.112668
0.114071
0.115629
0.117361
0.119289
0.121434
0.12382
0.126472
0.129415
0.132676
0.136282
0.140261
0.144643
0.149456
0.154731
0.160498
0.166788
0.173632
0.18106
0.189104
0.197794
0.207161
0.217234
0.22804
0.239607
0.251947
0.265089
0.279027
0.293756
0.309314
0.325626
0.34264
0.360342
0.378551
0.39711
0.415895
0.434767
0.453566
0.472105
0.490181
0.507588
0.524129
0.539643
0.554025
0.567249
0.579396
0.590659
0.601345
0.611863
0.622695
0.634366
0.647401
0.662288
0.67944
0.699172
0.721671
0.746989
0.775031
0.805563
0.838196
0.872385
0.907561
0.943066
0.978268
1.01259
1.04551
1.07664
1.10566
1.13234
1.15655
1.17825
1.19745
1.21418
1.22851
1.24053
1.2503
1.25787
1.26329
1.26654
1.26759
1.26636
1.26273
1.25657
1.24771
1.23597
1.2212
1.2033
1.18223
1.15804
1.13071
1.10015
1.06654
1.03008
0.991087
0.949962
0.907189
0.863345
0.819057
0.774992
0.731834
0.690176
0.650629
0.613508
0.579314
0.548115
0.519937
0.494652
0.472089
0.45202
0.43421
0.418424
0.404445
0.392078
0.381151
0.371519
0.363055
0.355653
0.349221
0.343681
0.33896
0.334999
0.331739
0.329128
0.327119
0.325663
0.324717
0.324236
0.324184
0.324502
0.325139
0.326046
0.327181
0.3285
0.329959
0.331514
0.333121
0.334733
0.336301
0.337774
0.339099
0.340221
0.341083
0.34163
0.341804
0.341553
0.340824
0.339572
0.337755
0.335342
0.332307
0.328634
0.324317
0.319358
0.313771
0.307576
0.300803
0.293486
0.285669
0.277395
0.268712
0.259672
0.250323
0.240725
0.230951
0.221047
0.211039
0.200999
0.0282867
0.0299248
0.0321833
0.034345
0.0362171
0.0377966
0.0391482
0.0403433
0.041443
0.0424937
0.0435282
0.0445685
0.0456282
0.0467155
0.0478342
0.0489857
0.0501693
0.0513836
0.052626
0.0538939
0.0551842
0.0564939
0.0578199
0.0591592
0.0605086
0.0618654
0.0632267
0.0645896
0.0659515
0.0673096
0.0686612
0.0700035
0.071334
0.0726498
0.0739482
0.0752263
0.0764815
0.077711
0.0789119
0.0800816
0.0812174
0.082317
0.0833779
0.0843981
0.0853756
0.0863086
0.0871955
0.0880349
0.0888258
0.0895673
0.0902607
0.0909157
0.0915321
0.0921107
0.0926529
0.0931605
0.0936355
0.0940805
0.0944982
0.094892
0.0952655
0.0956233
0.0959703
0.0963121
0.0966551
0.0970066
0.0973746
0.0977682
0.0981973
0.098673
0.0992077
0.0998146
0.100509
0.101306
0.102223
0.10328
0.104495
0.105892
0.107493
0.109322
0.111404
0.113767
0.116439
0.119449
0.122826
0.126602
0.130809
0.135479
0.140645
0.14634
0.1526
0.159459
0.16695
0.175111
0.183975
0.193577
0.203948
0.215132
0.227127
0.240004
0.253733
0.268297
0.283733
0.300019
0.317124
0.335024
0.353677
0.372797
0.392236
0.411847
0.431452
0.450844
0.469792
0.48805
0.50538
0.521574
0.536482
0.55005
0.562346
0.573584
0.584119
0.594442
0.605141
0.616856
0.630226
0.645836
0.664168
0.685558
0.710178
0.73801
0.768857
0.802341
0.837865
0.874772
0.912323
0.949759
0.986385
1.0216
1.05491
1.08597
1.11453
1.14048
1.16376
1.18444
1.20259
1.21835
1.23186
1.24327
1.25268
1.26021
1.26591
1.2698
1.27186
1.27201
1.27014
1.26606
1.25958
1.25048
1.23856
1.22366
1.2057
1.18462
1.16024
1.13256
1.10165
1.06764
1.03077
0.991371
0.949873
0.906803
0.862766
0.818423
0.774467
0.731559
0.690329
0.651262
0.614798
0.581083
0.550433
0.522737
0.497901
0.475712
0.455953
0.438388
0.422793
0.408961
0.396707
0.385867
0.376302
0.36789
0.360526
0.354121
0.348593
0.343873
0.339896
0.336604
0.333944
0.331866
0.330322
0.329267
0.328667
0.32846
0.328595
0.329023
0.329703
0.330593
0.331651
0.332837
0.334108
0.335422
0.336731
0.337989
0.339142
0.340136
0.340916
0.341422
0.341596
0.341381
0.340722
0.339567
0.33787
0.335594
0.332709
0.329195
0.325039
0.320243
0.314814
0.308772
0.302143
0.294963
0.287271
0.279114
0.270536
0.26159
0.252343
0.242858
0.233184
0.223364
0.213428
0.203441
0.0282676
0.0298696
0.0320819
0.034198
0.0360226
0.0375531
0.0388547
0.0399998
0.0410501
0.0420524
0.0430397
0.0440336
0.0450476
0.0460895
0.0471628
0.0482685
0.0494057
0.0505725
0.0517663
0.0529842
0.0542229
0.0554791
0.0567498
0.0580315
0.0593213
0.060616
0.0619125
0.0632081
0.0644996
0.0657843
0.0670592
0.0683215
0.0695681
0.0707962
0.0720028
0.0731846
0.0743388
0.0754622
0.0765517
0.0776042
0.0786169
0.079587
0.0805117
0.0813887
0.0822158
0.0829911
0.0837128
0.0843794
0.0849897
0.0855424
0.0860441
0.0864998
0.0869095
0.0872732
0.0875923
0.0878679
0.088102
0.0882964
0.0884536
0.0885765
0.0886684
0.0887331
0.0887751
0.0887996
0.0888124
0.0888201
0.0888302
0.0888511
0.0888921
0.0889638
0.0890779
0.0892471
0.0894858
0.0898094
0.0902351
0.0907813
0.0914681
0.092317
0.0933512
0.0945954
0.0960756
0.0978195
0.0998561
0.102216
0.10493
0.108031
0.111554
0.115532
0.120003
0.125002
0.130567
0.136738
0.143551
0.151049
0.159267
0.168251
0.178025
0.188677
0.200132
0.212473
0.225719
0.23988
0.254981
0.271023
0.287992
0.305868
0.324619
0.344179
0.364174
0.384456
0.404834
0.425082
0.44494
0.464125
0.482349
0.49935
0.514927
0.528986
0.54158
0.552942
0.563493
0.573825
0.584659
0.59678
0.610968
0.627916
0.648167
0.672065
0.699719
0.730993
0.765516
0.802662
0.841613
0.881521
0.921479
0.96064
0.998276
1.0338
1.06681
1.09702
1.12431
1.14869
1.17023
1.18907
1.20543
1.21951
1.23152
1.24167
1.25013
1.25705
1.26251
1.26657
1.26921
1.27037
1.2699
1.26762
1.2633
1.25668
1.24752
1.23561
1.2208
1.20288
1.18174
1.15727
1.12945
1.09835
1.06411
1.027
0.98738
0.945713
0.902566
0.858582
0.814448
0.770859
0.728481
0.687894
0.649587
0.613876
0.581017
0.550973
0.523925
0.499624
0.477911
0.458545
0.441308
0.425981
0.412368
0.400294
0.389602
0.380159
0.371847
0.364562
0.358215
0.352726
0.348024
0.344043
0.340725
0.338017
0.335868
0.334233
0.333075
0.332336
0.331959
0.3319
0.332115
0.332565
0.333211
0.334017
0.334942
0.335947
0.336988
0.338021
0.338993
0.339853
0.340542
0.341001
0.341169
0.340983
0.340386
0.339319
0.337733
0.335584
0.332836
0.329465
0.325456
0.320804
0.315516
0.309608
0.303106
0.296044
0.288461
0.280405
0.271917
0.263078
0.25394
0.244554
0.234969
0.225228
0.21536
0.205429
0.0281812
0.0297434
0.0319057
0.0339738
0.0357502
0.0372318
0.0384837
0.0395789
0.0405796
0.0415329
0.0424717
0.0434175
0.0443838
0.0453778
0.0464029
0.0474596
0.048547
0.0496628
0.0508042
0.0519682
0.0531513
0.0543501
0.0555612
0.0567814
0.0580073
0.0592357
0.0604635
0.0616875
0.0629047
0.0641122
0.0653067
0.0664852
0.0676446
0.0687817
0.0698934
0.0709762
0.0720268
0.073042
0.0740182
0.0749522
0.0758407
0.0766806
0.077469
0.0782032
0.0788808
0.0794998
0.0800584
0.080555
0.0809885
0.0813579
0.0816732
0.0819361
0.082146
0.0823029
0.0824075
0.0824608
0.0824643
0.0824195
0.0823284
0.0821935
0.0820176
0.0818041
0.0815568
0.0812804
0.0809799
0.0806614
0.0803316
0.0799982
0.0796697
0.0793559
0.0790675
0.0788166
0.0786164
0.0784819
0.0784291
0.0784759
0.0786415
0.078947
0.0794151
0.08007
0.0809376
0.0820457
0.0834235
0.0851017
0.0871128
0.0894908
0.0922712
0.0954911
0.0991891
0.103405
0.10818
0.113558
0.119579
0.126292
0.133732
0.141965
0.150957
0.160792
0.171483
0.183083
0.195629
0.209151
0.223679
0.239232
0.255815
0.273422
0.292031
0.311599
0.332034
0.352887
0.373976
0.395059
0.415851
0.436029
0.455254
0.473201
0.489607
0.504327
0.517397
0.529075
0.539863
0.550489
0.561846
0.574909
0.590622
0.609797
0.633023
0.660604
0.692522
0.728431
0.767662
0.809241
0.852084
0.895105
0.937263
0.977664
1.01561
1.0506
1.08235
1.11074
1.1358
1.15767
1.17656
1.19275
1.20653
1.21819
1.22802
1.23628
1.24319
1.24893
1.25363
1.25735
1.2601
1.26181
1.26236
1.26152
1.25906
1.25467
1.24807
1.23901
1.22727
1.21263
1.1949
1.17389
1.1495
1.1217
1.09056
1.05625
1.01906
0.979397
0.937765
0.894772
0.851089
0.807422
0.764465
0.722859
0.68316
0.645792
0.611064
0.579106
0.550005
0.52362
0.499986
0.478818
0.459931
0.443092
0.428103
0.414775
0.40294
0.39245
0.383174
0.375
0.367826
0.361561
0.356128
0.351455
0.347477
0.344136
0.34138
0.339161
0.337443
0.336165
0.335274
0.334722
0.334468
0.334474
0.334703
0.335123
0.335696
0.336387
0.337156
0.337958
0.338747
0.339468
0.340063
0.340471
0.340628
0.340467
0.339925
0.338939
0.337453
0.335418
0.332793
0.329548
0.325666
0.321138
0.315968
0.310171
0.303773
0.296803
0.289308
0.281334
0.272947
0.264202
0.255151
0.245846
0.236335
0.226662
0.216857
0.206979
0.0280361
0.0295553
0.0316647
0.0336831
0.0354108
0.0368436
0.0380464
0.0390921
0.0400432
0.0409471
0.0418365
0.0427331
0.04365
0.0445941
0.0455686
0.0465739
0.0476087
0.0486706
0.0497567
0.0508637
0.051988
0.0531262
0.0542747
0.05543
0.0565889
0.057748
0.058904
0.0600536
0.0611938
0.0623213
0.063433
0.0645255
0.0655957
0.0666401
0.0676553
0.0686379
0.0695843
0.0704908
0.0713539
0.0721699
0.0729352
0.0736467
0.074301
0.0748953
0.0754271
0.0758943
0.0762949
0.0766277
0.0768918
0.0770867
0.0772247
0.077305
0.0773262
0.0772884
0.0771919
0.0770373
0.0768258
0.0765586
0.0762373
0.075864
0.075441
0.0749712
0.0744581
0.0739055
0.073318
0.0727009
0.0720602
0.0714026
0.0707359
0.0700689
0.0694112
0.068774
0.0681693
0.0676109
0.0671135
0.0666938
0.0663699
0.0661615
0.0660899
0.0661784
0.0664517
0.0669366
0.0676615
0.0686567
0.0699546
0.0715893
0.0735975
0.0760178
0.0788912
0.0822608
0.0861704
0.0906737
0.0958038
0.101633
0.108135
0.115383
0.123404
0.132256
0.141979
0.152626
0.164246
0.176884
0.190584
0.205383
0.221307
0.238371
0.256571
0.275884
0.296264
0.31756
0.339261
0.36113
0.382858
0.404086
0.424419
0.443462
0.460877
0.476459
0.490217
0.502447
0.513764
0.525078
0.537518
0.552296
0.570558
0.59323
0.620906
0.653767
0.691549
0.733539
0.77859
0.825252
0.872172
0.91805
0.96178
1.00252
1.03969
1.07297
1.10229
1.12771
1.14944
1.1678
1.18315
1.19585
1.20629
1.21486
1.22188
1.22766
1.23246
1.23649
1.23989
1.24277
1.24514
1.24694
1.24805
1.24824
1.24724
1.24473
1.24039
1.23396
1.22521
1.21387
1.19963
1.18225
1.16153
1.13735
1.10969
1.07864
1.0444
1.00729
0.967759
0.92637
0.883762
0.840629
0.797682
0.755602
0.715003
0.676394
0.640159
0.60654
0.575667
0.547524
0.522067
0.499112
0.478594
0.460241
0.443872
0.429279
0.416291
0.404744
0.394498
0.385428
0.377421
0.370379
0.364214
0.358848
0.35421
0.350238
0.346877
0.344077
0.341795
0.339981
0.338576
0.337532
0.336808
0.336369
0.336181
0.336214
0.336436
0.336813
0.337308
0.337882
0.338487
0.33907
0.339572
0.33993
0.340074
0.339934
0.339442
0.338529
0.337132
0.335197
0.332678
0.32954
0.325762
0.321332
0.316255
0.31054
0.304219
0.297313
0.289891
0.281995
0.27368
0.265001
0.256012
0.246766
0.237311
0.227693
0.217943
0.208113
0.0278396
0.0293137
0.031368
0.0333354
0.0350142
0.0363988
0.037553
0.0385498
0.0394517
0.040306
0.0411456
0.0419921
0.0428582
0.0437509
0.0446732
0.0456251
0.0466052
0.047611
0.0486395
0.0496871
0.0507503
0.0518255
0.0529091
0.0539974
0.0550872
0.0561748
0.057257
0.0583305
0.059392
0.0604382
0.0614657
0.0624713
0.0634515
0.0644028
0.0653217
0.0662044
0.0670473
0.0678466
0.0685983
0.0692987
0.069944
0.0705307
0.0710554
0.0715151
0.0719071
0.0722293
0.07248
0.072658
0.0727629
0.0727953
0.0727683
0.0726793
0.0725266
0.0723098
0.0720292
0.0716853
0.0712787
0.0708104
0.0702819
0.0696948
0.0690511
0.0683533
0.0676043
0.0668076
0.0659672
0.0650876
0.0641742
0.0632331
0.062271
0.0612958
0.0603163
0.0593422
0.0583844
0.0574553
0.0565683
0.0557383
0.0549816
0.0543161
0.0537614
0.0533383
0.0530698
0.0529802
0.0530959
0.0534454
0.0540592
0.0549706
0.0562157
0.0578337
0.0598674
0.0623627
0.0653632
0.068944
0.0730865
0.0778563
0.0832816
0.0894155
0.0963036
0.104
0.112561
0.122042
0.132506
0.144011
0.156618
0.170383
0.185356
0.201578
0.219071
0.237837
0.257851
0.279058
0.301241
0.323808
0.34645
0.368771
0.39032
0.410623
0.429254
0.445931
0.460634
0.473714
0.485947
0.4985
0.512823
0.53044
0.552726
0.580698
0.614862
0.655124
0.700755
0.750403
0.802112
0.854104
0.904717
0.952566
0.996633
1.03627
1.07115
1.10126
1.12674
1.14793
1.16524
1.17912
1.19006
1.19854
1.20502
1.20991
1.21359
1.2164
1.21861
1.22045
1.22209
1.22364
1.22513
1.22653
1.22771
1.22844
1.22843
1.22736
1.22489
1.22087
1.21497
1.20683
1.19608
1.18239
1.16548
1.14516
1.12128
1.09386
1.063
1.02894
0.992056
0.952848
0.911911
0.869916
0.827572
0.785583
0.74461
0.705224
0.66789
0.632936
0.600568
0.570861
0.543807
0.519301
0.497219
0.477359
0.459626
0.443768
0.429627
0.417023
0.405804
0.395836
0.386996
0.379177
0.372282
0.366226
0.360932
0.356333
0.352371
0.348993
0.346154
0.343807
0.341892
0.34036
0.339172
0.338293
0.337692
0.337343
0.337217
0.337285
0.337514
0.337864
0.338291
0.338741
0.339154
0.339464
0.339596
0.339477
0.339031
0.338182
0.336864
0.335014
0.332581
0.329529
0.325829
0.32147
0.316455
0.310789
0.304516
0.297667
0.29029
0.282436
0.274158
0.265513
0.256558
0.247346
0.237928
0.228348
0.218639
0.208849
0.0275988
0.0290262
0.0310239
0.0329394
0.0345694
0.0359064
0.037013
0.0379616
0.0388147
0.0396196
0.0404092
0.041205
0.0420196
0.0428599
0.0437286
0.0446257
0.0455497
0.0464979
0.0474671
0.0484537
0.0494543
0.0504649
0.051482
0.052502
0.0535213
0.0545364
0.055544
0.0565405
0.0575227
0.0584872
0.0594305
0.0603493
0.0612401
0.0620992
0.0629229
0.0637076
0.0644493
0.065144
0.0657878
0.0663766
0.0669067
0.0673741
0.0677755
0.0681077
0.0683681
0.0685545
0.0686653
0.0686996
0.0686575
0.0685425
0.0683656
0.0681232
0.0678138
0.0674367
0.0669922
0.0664803
0.0659018
0.0652574
0.0645483
0.063776
0.0629422
0.0620491
0.0610994
0.0600961
0.0590428
0.0579436
0.0568033
0.0556273
0.0544219
0.053194
0.0519514
0.0507031
0.0494587
0.0482292
0.0470265
0.0458639
0.0447559
0.043718
0.0427674
0.0419222
0.0412023
0.0406287
0.0402243
0.0400138
0.0400243
0.0402858
0.0408318
0.0416998
0.0429332
0.0445821
0.0466762
0.049252
0.0523402
0.0559881
0.0602394
0.0651456
0.0707605
0.0771435
0.0843571
0.0924685
0.101549
0.111672
0.122916
0.135357
0.149073
0.164132
0.180591
0.198487
0.217828
0.238586
0.260691
0.283836
0.307334
0.330776
0.353651
0.375399
0.395489
0.413543
0.429509
0.443823
0.457494
0.472069
0.489441
0.511542
0.539995
0.575826
0.619265
0.669631
0.725328
0.783687
0.842298
0.898962
0.951929
0.999979
1.04241
1.07895
1.10969
1.13492
1.15512
1.17085
1.1827
1.19127
1.19715
1.20086
1.2029
1.20371
1.20369
1.20316
1.20241
1.20168
1.20115
1.20093
1.20109
1.2016
1.20232
1.20305
1.2035
1.2033
1.2024
1.20048
1.19715
1.192
1.1846
1.17457
1.16152
1.14516
1.12528
1.10177
1.07464
1.04405
1.01029
0.973789
0.935079
0.894798
0.853637
0.812308
0.771498
0.731833
0.693841
0.657932
0.624389
0.593369
0.564924
0.539013
0.51554
0.494355
0.475312
0.458192
0.442915
0.429259
0.417071
0.40621
0.396541
0.387949
0.380331
0.373592
0.367649
0.36243
0.357873
0.353925
0.350537
0.347665
0.345248
0.343236
0.341591
0.340279
0.339275
0.338553
0.33809
0.337859
0.33783
0.337967
0.338226
0.338553
0.338886
0.339153
0.339278
0.33918
0.338776
0.337985
0.336733
0.334951
0.332585
0.329592
0.325944
0.321621
0.316639
0.311005
0.304752
0.297917
0.290548
0.282696
0.274419
0.265776
0.256824
0.247619
0.238213
0.228652
0.218968
0.209207
0.0273199
0.0286997
0.0306398
0.032503
0.0340845
0.0353747
0.0364347
0.037336
0.0381411
0.038897
0.0396367
0.0403816
0.0411443
0.0419316
0.0427459
0.0435874
0.0444542
0.0453438
0.0462527
0.0471775
0.0481145
0.0490598
0.0500098
0.0509608
0.0519092
0.0528515
0.0537843
0.054704
0.0556072
0.0564906
0.0573507
0.058184
0.0589869
0.0597558
0.0604869
0.0611764
0.0618203
0.0624145
0.0629551
0.0634378
0.0638587
0.0642139
0.0644999
0.0647135
0.064852
0.0649134
0.0648963
0.0647999
0.0646241
0.0643793
0.0640691
0.0636913
0.0632443
0.0627276
0.062141
0.061485
0.0607599
0.0599665
0.0591058
0.0581794
0.0571888
0.056136
0.0550236
0.0538545
0.052632
0.0513601
0.0500431
0.0486863
0.0472953
0.0458768
0.044438
0.0429871
0.0415329
0.0400856
0.0386558
0.0372555
0.0358973
0.0345949
0.0333629
0.0322165
0.0311722
0.0302469
0.0294589
0.0288277
0.0283746
0.0281246
0.028105
0.0283502
0.0288983
0.0297727
0.0310035
0.032624
0.0346711
0.0371892
0.0402267
0.0438383
0.0480833
0.0530269
0.0587395
0.0652974
0.0727833
0.081286
0.0909011
0.101729
0.113874
0.127438
0.142517
0.159191
0.177514
0.197506
0.219131
0.242298
0.266566
0.291133
0.31545
0.338861
0.360708
0.380492
0.398124
0.414176
0.430017
0.447749
0.469906
0.498945
0.536713
0.584035
0.640425
0.70399
0.771036
0.838209
0.902535
0.961775
1.0145
1.06001
1.09818
1.12927
1.15382
1.17252
1.18611
1.19536
1.201
1.20371
1.20411
1.20277
1.20015
1.19671
1.19279
1.18873
1.1848
1.18123
1.1782
1.17584
1.17423
1.17335
1.17308
1.17323
1.17346
1.17382
1.17404
1.17378
1.17264
1.17015
1.16586
1.1593
1.15002
1.13764
1.12183
1.10241
1.07927
1.05249
1.02225
0.988905
0.952922
0.914886
0.875457
0.835338
0.79523
0.755794
0.717612
0.681162
0.646802
0.614766
0.585174
0.55805
0.533341
0.510939
0.490709
0.472481
0.456116
0.44142
0.428274
0.416535
0.406044
0.396688
0.388356
0.380943
0.37436
0.368531
0.363391
0.358882
0.354954
0.351568
0.34866
0.346179
0.344089
0.342358
0.340963
0.339882
0.339095
0.33858
0.33831
0.338249
0.338354
0.338571
0.338835
0.339069
0.339193
0.339117
0.338752
0.338011
0.336812
0.335082
0.332757
0.329798
0.326174
0.321868
0.316886
0.311244
0.30497
0.298107
0.290702
0.282813
0.274499
0.26582
0.256838
0.247611
0.238192
0.228628
0.218953
0.209207
0.0270086
0.0283404
0.0302224
0.0320332
0.0335667
0.0348112
0.0358257
0.0366809
0.0374388
0.0381464
0.0388366
0.0395308
0.0402415
0.0409754
0.0417351
0.0425205
0.0433298
0.0441602
0.0450086
0.0458711
0.0467442
0.0476241
0.0485069
0.0493891
0.0502669
0.0511369
0.0519956
0.0528394
0.053665
0.0544688
0.0552475
0.0559974
0.056715
0.0573966
0.0580385
0.0586367
0.0591873
0.0596862
0.0601293
0.0605124
0.0608315
0.0610827
0.0612624
0.0613674
0.0613951
0.0613436
0.0612119
0.0609995
0.060707
0.060348
0.0599224
0.0594281
0.0588638
0.0582289
0.0575235
0.0567478
0.0559024
0.0549881
0.0540059
0.0529573
0.0518441
0.0506682
0.0494322
0.0481391
0.0467923
0.0453956
0.0439536
0.0424713
0.0409546
0.0394098
0.0378441
0.0362655
0.0346827
0.0331052
0.0315433
0.030008
0.0285109
0.0270645
0.0256811
0.0243739
0.0231559
0.0220402
0.0210405
0.0201703
0.0194441
0.018881
0.018497
0.0183219
0.0183655
0.0186441
0.0191787
0.0199961
0.0211291
0.0226182
0.0245107
0.0268617
0.0297333
0.0331952
0.0373245
0.0422069
0.0479372
0.0546204
0.0623718
0.0713171
0.0815903
0.0933309
0.106679
0.121766
0.138708
0.157586
0.17843
0.201195
0.225742
0.251421
0.277301
0.302639
0.326621
0.348592
0.368418
0.386897
0.405957
0.428556
0.458163
0.497893
0.549646
0.613445
0.68707
0.76532
0.843406
0.917246
0.983981
1.042
1.09071
1.13025
1.16123
1.1845
1.20104
1.21186
1.21792
1.22009
1.21917
1.21585
1.21075
1.20437
1.19716
1.1895
1.18172
1.1741
1.1669
1.16032
1.15456
1.14975
1.14597
1.14323
1.14143
1.14033
1.14003
1.1404
1.14119
1.14205
1.14258
1.14231
1.14074
1.13735
1.13162
1.12308
1.11132
1.09604
1.07704
1.05428
1.02787
0.99805
0.965221
0.929901
0.892707
0.854316
0.815429
0.776726
0.73883
0.702274
0.667483
0.634764
0.604306
0.576196
0.550437
0.526963
0.505667
0.48641
0.469049
0.45342
0.439382
0.426789
0.415486
0.40538
0.396348
0.388276
0.381064
0.374638
0.368927
0.36387
0.359416
0.355528
0.352141
0.349206
0.346685
0.344551
0.342781
0.341359
0.340268
0.339489
0.338996
0.338757
0.338728
0.338852
0.339061
0.339275
0.339403
0.339352
0.339023
0.338323
0.337163
0.335466
0.333166
0.330217
0.326586
0.322258
0.317238
0.311543
0.305206
0.298269
0.290787
0.282818
0.274425
0.265674
0.256628
0.247347
0.237888
0.228297
0.218612
0.208868
0.0266701
0.0279538
0.0297777
0.0315362
0.0330226
0.0342225
0.0351928
0.0360032
0.036715
0.0373752
0.0380165
0.0386603
0.0393193
0.0400001
0.0407052
0.0414345
0.0421863
0.0429577
0.0437455
0.0445461
0.0453556
0.0461704
0.0469867
0.0478008
0.048609
0.0494079
0.0501939
0.0509635
0.0517133
0.0524398
0.0531396
0.0538091
0.0544447
0.0550428
0.0555997
0.0561114
0.0565741
0.0569836
0.0573358
0.0576267
0.0578522
0.0580084
0.0580917
0.058099
0.0580278
0.0578765
0.0576442
0.0573312
0.056939
0.0564826
0.0559597
0.0553681
0.0547069
0.0539757
0.0531746
0.0523039
0.0513644
0.0503569
0.0492827
0.0481435
0.046941
0.0456777
0.0443561
0.0429796
0.0415517
0.0400767
0.0385593
0.0370049
0.0354196
0.0338101
0.0321841
0.0305496
0.0289156
0.027292
0.025689
0.0241176
0.0225891
0.0211151
0.0197071
0.0183763
0.0171337
0.0159883
0.0149511
0.0140287
0.0132302
0.01257
0.0120542
0.0116862
0.0114669
0.0114027
0.0115036
0.0117853
0.0122698
0.0129867
0.0139738
0.015278
0.0169555
0.0190729
0.0217077
0.0249502
0.0289052
0.0336932
0.0394512
0.0463325
0.0545057
0.064152
0.0754619
0.0886294
0.103842
0.121267
0.141025
0.163158
0.18759
0.214082
0.241656
0.269245
0.295857
0.320619
0.343355
0.365233
0.389094
0.41925
0.460561
0.516827
0.589237
0.675386
0.767802
0.859518
0.944875
1.02026
1.08397
1.1357
1.17607
1.20617
1.22734
1.24093
1.24826
1.25051
1.24872
1.24379
1.23649
1.22744
1.21716
1.2061
1.19461
1.18301
1.17155
1.16049
1.15004
1.14039
1.13173
1.1242
1.11791
1.11287
1.10896
1.10629
1.10491
1.10469
1.10541
1.10676
1.10836
1.10973
1.11037
1.1097
1.10716
1.10219
1.09431
1.08309
1.06825
1.04964
1.02725
1.00123
0.971894
0.939687
0.905167
0.868975
0.831794
0.794308
0.757165
0.720944
0.686124
0.653078
0.622063
0.593229
0.566634
0.542263
0.520044
0.499869
0.481606
0.465112
0.450245
0.436862
0.424822
0.414006
0.404298
0.395581
0.387754
0.380746
0.374481
0.368892
0.363927
0.359552
0.355703
0.352329
0.349395
0.346876
0.344753
0.343012
0.341639
0.340619
0.339929
0.339536
0.339394
0.339446
0.339617
0.339823
0.339964
0.33994
0.339646
0.338979
0.337846
0.336162
0.333861
0.33089
0.327217
0.322827
0.317726
0.311934
0.305487
0.298431
0.290825
0.282732
0.27422
0.265357
0.256211
0.246846
0.237319
0.227678
0.217962
0.208204
0.0263092
0.0275449
0.0293111
0.0310178
0.0324579
0.0336145
0.0345421
0.0353091
0.0359761
0.0365899
0.0371832
0.0377774
0.0383852
0.0390133
0.0396643
0.0403379
0.0410326
0.0417455
0.0424733
0.0432125
0.0439593
0.04471
0.0454609
0.0462082
0.0469484
0.0476779
0.0483932
0.0490909
0.0497674
0.0504195
0.0510436
0.0516362
0.0521939
0.0527129
0.0531896
0.0536202
0.0540009
0.0543276
0.0545962
0.0548029
0.0549434
0.0550142
0.0550116
0.0549326
0.0547749
0.054537
0.0542186
0.0538205
0.0533455
0.0528085
0.0522061
0.0515362
0.0507982
0.0499918
0.0491173
0.0481753
0.0471665
0.0460924
0.0449542
0.0437538
0.0424935
0.0411759
0.039804
0.0383814
0.0369121
0.035401
0.0338531
0.0322745
0.0306717
0.0290522
0.0274242
0.0257965
0.0241786
0.0225809
0.0210142
0.0194897
0.0180187
0.0166125
0.0152819
0.014036
0.0128852
0.0118328
0.0108901
0.0100541
0.00934246
0.00874505
0.00825806
0.0078777
0.00760004
0.00742446
0.00735322
0.00739264
0.00755374
0.00785323
0.0083144
0.00896819
0.00985427
0.0110228
0.012537
0.0144768
0.0169429
0.0200601
0.0239795
0.0288787
0.0349613
0.042454
0.0516048
0.062679
0.0759525
0.0916992
0.110165
0.131527
0.155825
0.182885
0.212241
0.242488
0.272405
0.300809
0.327473
0.354221
0.385422
0.42759
0.487531
0.568993
0.669973
0.779762
0.88805
0.986923
1.07188
1.14131
1.19548
1.23574
1.26392
1.28194
1.29165
1.29472
1.29258
1.28643
1.27726
1.26586
1.25287
1.23879
1.22401
1.20887
1.19361
1.17847
1.16364
1.14932
1.1357
1.12296
1.11128
1.10083
1.09172
1.08395
1.07762
1.07294
1.0699
1.06845
1.06842
1.06955
1.07151
1.07386
1.07606
1.07755
1.07769
1.0759
1.07157
1.06421
1.05342
1.03894
1.02065
0.998597
0.973
0.944217
0.912737
0.879151
0.84411
0.808289
0.772347
0.736892
0.702448
0.669444
0.638199
0.608923
0.581735
0.556667
0.533691
0.51273
0.493678
0.476408
0.460786
0.446677
0.433946
0.422469
0.412126
0.402806
0.394408
0.386848
0.380049
0.373946
0.368488
0.363643
0.359348
0.355555
0.352229
0.349348
0.346896
0.344862
0.343235
0.342003
0.341143
0.340623
0.340395
0.340397
0.340549
0.34076
0.340923
0.34093
0.340666
0.340023
0.338899
0.337207
0.334874
0.331847
0.328093
0.323599
0.318372
0.312436
0.305831
0.298609
0.290833
0.282572
0.273898
0.264885
0.255604
0.246122
0.236499
0.226784
0.217017
0.207229
0.0259298
0.0271182
0.0288272
0.0304829
0.0318779
0.0329926
0.0338791
0.0346041
0.0352277
0.0357963
0.0363427
0.0368882
0.0374457
0.0380219
0.0386194
0.0392382
0.0398765
0.0405318
0.0412006
0.0418796
0.0425649
0.0432529
0.0439399
0.0446223
0.0452964
0.0459587
0.0466058
0.0472343
0.0478407
0.0484217
0.0489738
0.0494937
0.0499778
0.0504227
0.0508246
0.05118
0.051485
0.0517358
0.0519285
0.0520592
0.0521239
0.0521191
0.0520412
0.0518875
0.0516556
0.0513445
0.0509541
0.050486
0.0499446
0.0493432
0.0486784
0.0479483
0.0471523
0.0462906
0.0453637
0.0443722
0.0433174
0.0422007
0.0410239
0.0397892
0.0384992
0.0371568
0.0357656
0.0343296
0.0328534
0.0313422
0.0298021
0.0282395
0.0266618
0.025077
0.0234941
0.0219227
0.020373
0.0188557
0.0173821
0.0159638
0.0146114
0.0133353
0.0121462
0.0110484
0.0100541
0.00915535
0.00837436
0.00769744
0.00712211
0.00664007
0.00624444
0.00592924
0.0056896
0.00552303
0.0054294
0.0054114
0.00547497
0.00562984
0.00589007
0.00627465
0.00680846
0.00752397
0.00846462
0.00968977
0.011281
0.0133484
0.0160355
0.019523
0.0240301
0.0298151
0.0371753
0.0464467
0.0580022
0.0722432
0.0895769
0.110366
0.134843
0.162979
0.194344
0.227966
0.262237
0.295595
0.32779
0.361829
0.404676
0.466274
0.555291
0.672126
0.802267
0.930038
1.04426
1.13936
1.21405
1.2696
1.30842
1.33331
1.34698
1.35183
1.34993
1.34294
1.3322
1.31875
1.30339
1.2867
1.26914
1.25103
1.23262
1.2141
1.19564
1.17739
1.15949
1.1421
1.12539
1.10955
1.09476
1.08119
1.06898
1.0582
1.04915
1.04195
1.03669
1.03336
1.03187
1.03206
1.03363
1.03619
1.03923
1.04219
1.04441
1.04525
1.04403
1.04019
1.03321
1.02271
1.00848
0.990456
0.968736
0.943592
0.915433
0.884787
0.852259
0.818503
0.784173
0.749892
0.716219
0.683626
0.652486
0.623068
0.595545
0.570002
0.546455
0.524863
0.50515
0.487208
0.47092
0.456159
0.442796
0.43071
0.419781
0.409899
0.400963
0.392884
0.385585
0.378999
0.373075
0.367786
0.363072
0.358884
0.355192
0.351976
0.349223
0.346926
0.345076
0.343663
0.342665
0.342048
0.341762
0.341738
0.341893
0.342124
0.342318
0.342357
0.342119
0.341487
0.340353
0.338625
0.336228
0.333107
0.32923
0.324586
0.319186
0.313057
0.306245
0.298809
0.290817
0.282343
0.273467
0.264265
0.254815
0.245185
0.235438
0.225626
0.215788
0.205956
0.025536
0.0266777
0.0283304
0.029936
0.0312872
0.0323615
0.0332084
0.0338932
0.0344749
0.0349998
0.0355005
0.0359985
0.0365067
0.037032
0.0375771
0.038142
0.0387251
0.0393239
0.0399351
0.0405553
0.0411807
0.0418078
0.0424329
0.0430524
0.0436628
0.0442607
0.0448425
0.0454049
0.0459446
0.0464583
0.0469426
0.0473941
0.0478095
0.0481854
0.0485182
0.0488045
0.0490406
0.0492227
0.0493472
0.0494103
0.0494083
0.0493376
0.0491951
0.0489779
0.0486841
0.0483126
0.0478636
0.0473382
0.0467474
0.0460972
0.0453859
0.0446121
0.0437756
0.0428767
0.0419161
0.0408949
0.0398145
0.0386767
0.0374836
0.0362377
0.0349421
0.0336002
0.0322158
0.0307936
0.0293388
0.0278571
0.0263552
0.0248402
0.0233201
0.0218035
0.0203
0.0188198
0.0173737
0.0159722
0.0146261
0.0133476
0.0121455
0.0110268
0.0100043
0.00907166
0.00824873
0.00752476
0.00689893
0.00636218
0.00590763
0.00552766
0.00521581
0.00496702
0.0047778
0.00464662
0.00457398
0.00456263
0.00461787
0.00474796
0.00496447
0.00528269
0.00572247
0.00631002
0.00708153
0.00808867
0.00940514
0.011133
0.0134079
0.0164027
0.0203314
0.0254533
0.0320812
0.0405913
0.0514341
0.0651387
0.0822982
0.103519
0.129314
0.159917
0.195026
0.233587
0.274053
0.314603
0.355064
0.400534
0.462075
0.553938
0.683822
0.835878
0.985652
1.11674
1.22209
1.30108
1.35643
1.39209
1.41212
1.42017
1.41928
1.41188
1.39986
1.38462
1.36718
1.34829
1.32844
1.30798
1.28713
1.26604
1.24482
1.22357
1.20238
1.18133
1.16056
1.1402
1.12042
1.10142
1.0834
1.06655
1.051
1.03704
1.02489
1.01472
1.00669
1.00088
0.997279
0.995797
0.996219
0.998213
1.00133
1.005
1.00859
1.01142
1.01276
1.01196
1.00842
1.00165
0.99132
0.977249
0.959435
0.938042
0.913392
0.885936
0.856224
0.824872
0.792517
0.759784
0.727252
0.695427
0.664726
0.635469
0.607882
0.5821
0.558184
0.536134
0.515903
0.497411
0.480558
0.465228
0.451305
0.43867
0.427208
0.41681
0.407375
0.398815
0.39105
0.384016
0.377659
0.371955
0.366849
0.362296
0.358269
0.35475
0.351731
0.349206
0.34717
0.345614
0.344514
0.343835
0.343522
0.343501
0.343678
0.343945
0.344179
0.34425
0.344029
0.343391
0.342224
0.34043
0.337932
0.334677
0.330632
0.325791
0.320167
0.313796
0.306729
0.299031
0.290776
0.282046
0.272926
0.263499
0.253844
0.244036
0.23414
0.224208
0.214282
0.204391
0.025131
0.0262271
0.0278244
0.0293811
0.0306898
0.0317253
0.0325344
0.0331806
0.0337221
0.0342047
0.0346612
0.035113
0.0355732
0.0360488
0.0365427
0.0370551
0.0375845
0.0381283
0.0386834
0.0392465
0.0398139
0.0403822
0.0409477
0.0415068
0.0420562
0.0425925
0.0431122
0.043612
0.0440887
0.0445391
0.0449599
0.0453478
0.0456996
0.0460119
0.0462815
0.0465049
0.0466787
0.0467994
0.0468634
0.0468672
0.0468074
0.0466805
0.0464835
0.0462138
0.0458696
0.04545
0.0449552
0.0443869
0.0437592
0.0430743
0.042331
0.0415284
0.0406668
0.0397466
0.038769
0.0377351
0.0366468
0.0355061
0.0343155
0.0330779
0.0317966
0.0304756
0.0291193
0.0277325
0.026321
0.0248912
0.0234501
0.0220055
0.020566
0.0191403
0.0177382
0.01637
0.0150473
0.0137792
0.0125747
0.0114467
0.0104014
0.00943811
0.00857744
0.00780857
0.00713293
0.00654334
0.00603401
0.00559728
0.00522645
0.00491553
0.00465995
0.0044566
0.00430392
0.004202
0.00415268
0.00415981
0.00422956
0.00437095
0.00459632
0.00492201
0.00536957
0.00596851
0.00676111
0.00780904
0.00920021
0.0110539
0.013523
0.0167942
0.0210894
0.0266716
0.0338597
0.0430525
0.054761
0.0696364
0.0884801
0.112207
0.14173
0.177719
0.220187
0.267986
0.318594
0.370478
0.423945
0.487434
0.577197
0.710301
0.88097
1.0539
1.20304
1.31825
1.39993
1.45298
1.48343
1.49694
1.49825
1.49103
1.47804
1.46127
1.44209
1.42141
1.39981
1.37766
1.35513
1.33233
1.30929
1.28604
1.26259
1.23898
1.21526
1.19153
1.1679
1.14452
1.1216
1.09933
1.07795
1.05765
1.03866
1.02124
1.00565
0.992137
0.9809
0.972095
0.965803
0.962008
0.960581
0.961266
0.963676
0.967296
0.971507
0.975608
0.978863
0.98054
0.979959
0.976539
0.969829
0.959538
0.945548
0.927916
0.906864
0.882759
0.856086
0.827409
0.797335
0.766478
0.735423
0.704699
0.674758
0.645962
0.618584
0.592807
0.568737
0.546413
0.525823
0.506914
0.489607
0.473805
0.459402
0.446287
0.434352
0.423489
0.413602
0.404602
0.396411
0.388964
0.382211
0.376125
0.370661
0.365778
0.361451
0.357667
0.35442
0.351708
0.349528
0.347869
0.346709
0.346005
0.3457
0.34571
0.345933
0.346249
0.346527
0.346627
0.346411
0.345748
0.344519
0.342625
0.339987
0.336552
0.332291
0.327203
0.321306
0.314642
0.30727
0.299261
0.290699
0.28167
0.272267
0.262578
0.252689
0.242675
0.232605
0.222534
0.212503
0.202541
0.0247181
0.0257694
0.0273127
0.0288216
0.0300893
0.0310876
0.0318607
0.0324701
0.0329731
0.0334152
0.033829
0.0342361
0.0346497
0.0350771
0.0355213
0.0359827
0.0364598
0.0369503
0.0374512
0.0379592
0.0384708
0.0389825
0.0394909
0.0399924
0.0404837
0.0409615
0.0414224
0.0418634
0.042281
0.0426723
0.0430341
0.0433631
0.0436564
0.0439107
0.0441229
0.0442897
0.0444079
0.0444742
0.0444853
0.0444378
0.0443286
0.0441546
0.0439127
0.0436008
0.0432169
0.0427604
0.0422317
0.0416333
0.0409802
0.0402728
0.0395101
0.0386918
0.0378184
0.0368908
0.0359101
0.034878
0.0337965
0.0326679
0.0314951
0.0302812
0.0290301
0.0277461
0.0264339
0.0250988
0.0237468
0.0223847
0.0210198
0.0196605
0.0183157
0.0169941
0.0157047
0.0144571
0.0132641
0.012133
0.0110675
0.0100831
0.00918461
0.00836983
0.00764192
0.00699584
0.00642757
0.00593068
0.00549903
0.00512655
0.00480817
0.00453999
0.00431941
0.00414516
0.0040173
0.00393729
0.00390816
0.00393485
0.00402475
0.00418834
0.00444006
0.00479943
0.0052933
0.00596007
0.00685655
0.00806618
0.00970605
0.01193
0.0149267
0.0189157
0.0241466
0.0309069
0.0395456
0.0505123
0.0644126
0.0820678
0.104562
0.133244
0.169638
0.215171
0.270575
0.334876
0.404265
0.474871
0.549318
0.639893
0.766547
0.941911
1.13323
1.30048
1.42465
1.50667
1.55468
1.5776
1.58306
1.57692
1.56342
1.54548
1.52497
1.50309
1.48048
1.45748
1.43423
1.41072
1.38691
1.36272
1.33808
1.31298
1.28741
1.2614
1.23504
1.20845
1.18178
1.15521
1.12896
1.10328
1.07841
1.05454
1.03192
1.01084
0.991598
0.974477
0.959732
0.947576
0.938161
0.931547
0.927691
0.92642
0.927425
0.930258
0.93434
0.93899
0.943459
0.946976
0.948796
0.948248
0.944778
0.937983
0.92763
0.913663
0.896202
0.87552
0.852024
0.826217
0.798665
0.769957
0.740673
0.711351
0.682468
0.654419
0.627518
0.60199
0.577984
0.555579
0.534796
0.515614
0.497978
0.481809
0.467016
0.453499
0.441156
0.429888
0.419601
0.410208
0.401634
0.393816
0.386706
0.380276
0.374491
0.369317
0.364732
0.360725
0.357295
0.354442
0.352164
0.350449
0.34927
0.348583
0.34832
0.348389
0.348678
0.349056
0.34938
0.349502
0.349274
0.34856
0.347237
0.345203
0.34238
0.338717
0.334191
0.328804
0.322582
0.315574
0.307847
0.299481
0.290566
0.281198
0.271475
0.261492
0.251337
0.241093
0.230828
0.2206
0.21045
0.200409
0.0242998
0.0253076
0.0267981
0.0282606
0.0294887
0.0304517
0.0311905
0.031765
0.0322314
0.0326347
0.0330074
0.0333714
0.0337401
0.0341209
0.034517
0.0349291
0.0353558
0.0357949
0.0362435
0.0366986
0.0371566
0.0376143
0.0380682
0.0385149
0.0389512
0.0393738
0.0397795
0.0401652
0.0405278
0.0408643
0.0411715
0.0414466
0.0416865
0.0418882
0.0420486
0.0421649
0.0422339
0.0422526
0.0422178
0.0421267
0.0419761
0.0417633
0.0414855
0.0411405
0.0407267
0.0402435
0.0396916
0.0390739
0.0384056
0.0376862
0.0369149
0.036092
0.0352181
0.0342944
0.0333224
0.0323038
0.0312409
0.0301364
0.0289933
0.0278152
0.0266062
0.0253708
0.0241144
0.0228424
0.0215609
0.0202768
0.0189973
0.0177308
0.0164877
0.0152754
0.0141017
0.0129727
0.0119055
0.0109048
0.00997336
0.00911772
0.00833924
0.00763666
0.00700798
0.00644875
0.00595404
0.00551844
0.00513699
0.00480541
0.00452049
0.00428008
0.00408319
0.00392993
0.00382153
0.00376047
0.0037507
0.0037982
0.00391162
0.00410333
0.00439061
0.0047977
0.00535936
0.00612726
0.00717916
0.00862862
0.010631
0.0133827
0.0171137
0.0220798
0.0285619
0.0368808
0.0474332
0.0607505
0.0775809
0.0989876
0.126448
0.161925
0.207855
0.266926
0.341371
0.431382
0.532354
0.633715
0.741907
0.86961
1.03481
1.22767
1.40562
1.5364
1.61544
1.65488
1.66782
1.66419
1.65085
1.63226
1.61113
1.58897
1.5665
1.54397
1.52137
1.49853
1.47528
1.45142
1.42681
1.40133
1.37495
1.34768
1.31956
1.29072
1.26129
1.23144
1.20138
1.17134
1.14157
1.11232
1.08384
1.05627
1.02993
1.00513
0.982172
0.961367
0.943003
0.927332
0.914559
0.904812
0.898122
0.894404
0.893434
0.894841
0.898113
0.902611
0.907599
0.912291
0.915897
0.917676
0.916983
0.91331
0.906313
0.895822
0.88185
0.864571
0.844305
0.821487
0.796627
0.77028
0.743009
0.715349
0.68779
0.660753
0.634582
0.609541
0.585817
0.563525
0.542724
0.52342
0.505586
0.489163
0.474078
0.460243
0.447568
0.435959
0.425329
0.415596
0.406687
0.398543
0.39112
0.38439
0.378329
0.372908
0.36811
0.363928
0.360364
0.35742
0.355094
0.353371
0.352222
0.351592
0.351406
0.351561
0.351933
0.35238
0.352747
0.352877
0.352616
0.35182
0.350364
0.348146
0.34509
0.341148
0.336302
0.330562
0.323962
0.316559
0.308429
0.29966
0.290351
0.280606
0.270528
0.26022
0.249775
0.239277
0.2288
0.218401
0.208122
0.197993
0.0238789
0.0248442
0.0262833
0.0277008
0.028891
0.0298203
0.0305268
0.0310683
0.0314999
0.0318662
0.0321997
0.0325223
0.0328477
0.0331836
0.0335334
0.0338979
0.0342761
0.0346658
0.0350644
0.0354688
0.0358757
0.0362819
0.0366841
0.0370789
0.0374633
0.037834
0.038188
0.0385223
0.0388338
0.0391196
0.0393769
0.0396026
0.0397941
0.0399483
0.0400626
0.040134
0.0401599
0.0401372
0.0400633
0.0399354
0.0397507
0.0395066
0.0392008
0.0388311
0.038396
0.0378951
0.0373292
0.0367014
0.0360267
0.0353041
0.0345333
0.0337148
0.0328496
0.031939
0.0309849
0.0299891
0.0289542
0.0278831
0.0267788
0.0256452
0.0244866
0.0233079
0.022115
0.0209133
0.019709
0.0185085
0.0173187
0.0161464
0.0150056
0.0139016
0.012841
0.0118306
0.0108794
0.00999147
0.00916964
0.00841614
0.00773051
0.00711071
0.00655354
0.0060549
0.00561051
0.00521627
0.00486872
0.00456519
0.00430398
0.00408431
0.00390636
0.00377125
0.00368105
0.00363899
0.00364986
0.0037206
0.00386134
0.00408668
0.00441766
0.0048848
0.00553364
0.0064337
0.0076902
0.00945419
0.0119254
0.0153448
0.0199805
0.0261175
0.0340608
0.0441609
0.0568664
0.0728046
0.0928947
0.11849
0.151542
0.194777
0.25182
0.327149
0.425501
0.549897
0.696157
0.847206
1.00832
1.17752
1.35744
1.52442
1.64558
1.71631
1.7435
1.74455
1.73219
1.71371
1.69308
1.67224
1.65187
1.63198
1.61225
1.59223
1.57151
1.54974
1.52667
1.50213
1.47606
1.44847
1.41944
1.3891
1.35762
1.3252
1.29207
1.25848
1.22467
1.1909
1.15746
1.12459
1.09239
1.06114
1.03116
1.00274
0.976205
0.95185
0.929974
0.91085
0.894713
0.88174
0.872029
0.865571
0.86223
0.861725
0.863622
0.867347
0.872205
0.877422
0.882187
0.885711
0.887277
0.886283
0.88228
0.874992
0.86432
0.850339
0.833275
0.813485
0.791417
0.767579
0.742506
0.71672
0.690715
0.664924
0.639716
0.615385
0.592152
0.570167
0.54952
0.53025
0.512354
0.495797
0.480524
0.466463
0.453534
0.441656
0.430746
0.42073
0.411541
0.403122
0.395434
0.388453
0.382166
0.376548
0.371588
0.367284
0.36364
0.36066
0.358339
0.356661
0.355587
0.355056
0.35498
0.355244
0.355712
0.35623
0.356631
0.35675
0.356426
0.35551
0.353878
0.351426
0.348083
0.343807
0.338587
0.332439
0.325407
0.317558
0.308977
0.299761
0.290019
0.279861
0.269398
0.258739
0.247981
0.237212
0.226508
0.215928
0.205513
0.195294
0.0234574
0.0243815
0.0257707
0.0271446
0.0282985
0.0291959
0.0298719
0.0303823
0.0307811
0.0311123
0.0314084
0.0316914
0.0319754
0.0322682
0.0325735
0.0328925
0.0332241
0.0335665
0.0339173
0.0342733
0.0346316
0.0349889
0.0353421
0.035688
0.0360236
0.0363457
0.0366515
0.0369379
0.0372022
0.0374414
0.0376528
0.0378337
0.0379814
0.0380931
0.0381662
0.0381982
0.0381863
0.0381281
0.0380209
0.0378623
0.0376499
0.0373813
0.0370544
0.0366672
0.0362183
0.0357073
0.0351351
0.034505
0.0338312
0.0331128
0.0323497
0.0315428
0.0306935
0.0298034
0.0288744
0.0279086
0.0269087
0.0258777
0.0248189
0.0237362
0.0226338
0.0215159
0.0203909
0.0192635
0.0181392
0.0170245
0.0159263
0.0148521
0.0138102
0.012807
0.0118485
0.0109404
0.0100879
0.00929369
0.00855951
0.00788553
0.00727041
0.00671176
0.00620652
0.00575133
0.00534296
0.00497864
0.00465623
0.00437436
0.00413249
0.00393088
0.00377058
0.00365344
0.00358219
0.00356072
0.00359457
0.00369176
0.00386412
0.00412908
0.00451245
0.00505303
0.00581061
0.00687799
0.00839482
0.0105563
0.0136098
0.0178376
0.0235368
0.0310085
0.0405695
0.0525916
0.0675706
0.0862295
0.109661
0.139518
0.178248
0.229385
0.297853
0.390201
0.514355
0.677877
0.879992
1.10619
1.34319
1.53065
1.67035
1.76008
1.7908
1.80236
1.79378
1.77687
1.75874
1.74201
1.72714
1.71357
1.7004
1.68667
1.67159
1.65455
1.6352
1.61334
1.58893
1.56206
1.5329
1.50165
1.4686
1.43401
1.39818
1.36143
1.32404
1.28631
1.24852
1.21094
1.17382
1.13729
1.10154
1.06686
1.03353
1.00185
0.972087
0.944543
0.919492
0.897206
0.877931
0.861874
0.849181
0.839911
0.834009
0.831285
0.831399
0.833856
0.838028
0.843177
0.8485
0.853186
0.856465
0.857662
0.856237
0.851809
0.844176
0.83331
0.819342
0.802545
0.783296
0.762051
0.739302
0.715553
0.691285
0.666939
0.6429
0.619482
0.596936
0.575441
0.555119
0.536036
0.518217
0.501649
0.486297
0.472105
0.459009
0.446937
0.435817
0.425581
0.416169
0.407532
0.399634
0.392457
0.385998
0.380239
0.375174
0.370806
0.367141
0.364184
0.361926
0.360344
0.359393
0.359
0.359063
0.359455
0.360026
0.360608
0.361027
0.361108
0.360683
0.359604
0.357743
0.355003
0.351317
0.346648
0.340995
0.334383
0.326867
0.318523
0.309445
0.299741
0.289529
0.278926
0.268052
0.25702
0.245931
0.234878
0.223938
0.21317
0.202616
0.192307
0.0230374
0.0239215
0.0252622
0.026594
0.0277132
0.0285805
0.0292279
0.0297092
0.0300771
0.0303752
0.0306357
0.0308811
0.0311255
0.031377
0.0316398
0.0319151
0.0322023
0.0324996
0.0328046
0.0331146
0.0334267
0.0337377
0.0340446
0.0343444
0.0346341
0.0349108
0.0351715
0.0354135
0.0356341
0.0358304
0.036
0.0361401
0.0362482
0.0363218
0.0363583
0.0363555
0.0363109
0.036222
0.0360868
0.0359029
0.0356683
0.0353808
0.0350386
0.0346399
0.0341834
0.0336685
0.0330958
0.0324705
0.0318037
0.0310955
0.0303462
0.0295566
0.0287286
0.0278646
0.0269662
0.0260357
0.0250759
0.0240899
0.0230813
0.022054
0.0210124
0.0199616
0.0189072
0.0178547
0.0168098
0.0157787
0.0147679
0.0137837
0.0128326
0.0119201
0.0110512
0.0102302
0.00945997
0.00874235
0.00807785
0.00746584
0.00690476
0.00639242
0.00592636
0.0055041
0.0051235
0.00478288
0.00448123
0.00421819
0.00399413
0.0038101
0.00366783
0.00356976
0.00351917
0.00352056
0.00358026
0.00370753
0.00391625
0.00422738
0.00467286
0.00530228
0.00619393
0.00747015
0.00931233
0.0119652
0.0157227
0.0209008
0.0278107
0.0367544
0.048047
0.0620705
0.0793583
0.100716
0.127392
0.161305
0.205348
0.263778
0.342674
0.450387
0.597584
0.795706
1.04623
1.35556
1.62843
1.7593
1.82161
1.82582
1.80882
1.79888
1.78909
1.78178
1.77796
1.77661
1.77589
1.77397
1.7694
1.76121
1.74888
1.73224
1.71137
1.68654
1.6581
1.62649
1.59215
1.55553
1.51707
1.47718
1.43626
1.39467
1.35275
1.3108
1.26909
1.22787
1.18726
1.14739
1.10852
1.0709
1.03478
1.00041
0.968013
0.937853
0.910175
0.885229
0.863254
0.844468
0.829049
0.817109
0.808665
0.803616
0.801715
0.802565
0.805619
0.810201
0.815544
0.820841
0.825296
0.82818
0.828877
0.826919
0.822005
0.814007
0.802962
0.789054
0.772586
0.753951
0.733595
0.711989
0.689598
0.666858
0.644158
0.621833
0.60015
0.579316
0.559479
0.540733
0.523126
0.50667
0.49135
0.477128
0.463953
0.451767
0.44051
0.430123
0.420553
0.411759
0.403711
0.396399
0.389828
0.38399
0.378883
0.374514
0.370893
0.368019
0.365882
0.364451
0.363667
0.363447
0.363673
0.364205
0.364877
0.365511
0.365921
0.365927
0.365357
0.364061
0.361916
0.358828
0.354736
0.349615
0.343469
0.336338
0.328285
0.319397
0.30978
0.299551
0.288836
0.277762
0.266454
0.25503
0.243599
0.232253
0.221072
0.210115
0.199423
0.189029
0.0226207
0.0234661
0.0247598
0.026051
0.0271371
0.0279759
0.0285966
0.0290507
0.0293897
0.0296565
0.0298835
0.0300931
0.0302997
0.0305119
0.0307341
0.0309676
0.0312123
0.0314665
0.031728
0.0319942
0.0322623
0.0325293
0.0327924
0.0330486
0.0332951
0.033529
0.0337476
0.0339482
0.0341282
0.0342849
0.0344159
0.0345188
0.034591
0.0346303
0.0346343
0.0346007
0.0345275
0.0344123
0.0342532
0.0340484
0.0337961
0.0334944
0.0331417
0.0327365
0.0322774
0.0317637
0.0311951
0.0305805
0.0299262
0.0292336
0.0285033
0.0277369
0.0269362
0.0261031
0.0252397
0.0243486
0.0234326
0.0224949
0.0215391
0.0205693
0.0195897
0.0186051
0.0176207
0.0166416
0.0156733
0.0147215
0.0137917
0.0128895
0.01202
0.0111875
0.010396
0.00964836
0.00894647
0.00829123
0.0076826
0.00711976
0.00660129
0.00612551
0.00569063
0.00529506
0.0049376
0.00461751
0.00433466
0.00408952
0.0038832
0.00371739
0.00359438
0.00351711
0.00348936
0.00351622
0.00360492
0.00376618
0.00401637
0.00438088
0.0048995
0.0056357
0.00669138
0.00822556
0.0104683
0.0137166
0.018306
0.0245719
0.0328233
0.0433464
0.0564419
0.0724906
0.0920493
0.115984
0.145657
0.183188
0.231803
0.296281
0.383478
0.50279
0.665971
0.884805
1.15677
1.4944
1.76072
1.85504
1.87088
1.8306
1.79916
1.78771
1.79294
1.80747
1.82536
1.84235
1.85525
1.86204
1.86174
1.85418
1.83966
1.81878
1.7923
1.76099
1.72566
1.68703
1.6458
1.60255
1.55785
1.51218
1.46597
1.41959
1.37337
1.32756
1.2824
1.238
1.19443
1.15192
1.11068
1.0709
1.03277
0.996483
0.96223
0.930206
0.900617
0.873679
0.849612
0.828628
0.810922
0.796641
0.785865
0.778571
0.774607
0.773675
0.775324
0.77896
0.783877
0.789297
0.794425
0.798503
0.800861
0.800955
0.798399
0.792972
0.784619
0.773437
0.759651
0.743585
0.725632
0.706224
0.6858
0.664783
0.643561
0.622475
0.601808
0.581788
0.562585
0.544315
0.527052
0.510829
0.495651
0.481498
0.468337
0.456121
0.444804
0.434338
0.424679
0.415795
0.407665
0.400284
0.393669
0.387818
0.382737
0.378437
0.374925
0.3722
0.370243
0.369012
0.368438
0.36842
0.368826
0.3695
0.370262
0.370924
0.37129
0.371174
0.370405
0.368834
0.366341
0.36284
0.358278
0.35264
0.345943
0.338236
0.329595
0.320119
0.309923
0.299135
0.28789
0.276322
0.264563
0.252737
0.240955
0.229314
0.217891
0.206749
0.195926
0.185454
0.0222091
0.023017
0.024265
0.025517
0.0265714
0.0273835
0.0279792
0.028408
0.0287199
0.0289574
0.0291526
0.0293282
0.0294989
0.0296735
0.0298568
0.0300504
0.0302544
0.0304673
0.0306872
0.0309115
0.0311375
0.0313625
0.0315837
0.0317983
0.0320036
0.0321969
0.0323757
0.0325372
0.032679
0.0327987
0.0328939
0.0329623
0.0330017
0.0330098
0.0329845
0.0329237
0.0328256
0.0326882
0.0325098
0.0322887
0.0320234
0.0317123
0.0313539
0.0309469
0.03049
0.0299824
0.0294233
0.0288232
0.028186
0.0275132
0.0268062
0.0260666
0.0252964
0.0244975
0.0236721
0.022823
0.021953
0.0210653
0.0201635
0.0192514
0.0183334
0.0174136
0.016497
0.0155882
0.0146922
0.013814
0.0129584
0.0121299
0.0113325
0.0105699
0.00984465
0.00915895
0.00851397
0.00791013
0.00734722
0.00682451
0.00634096
0.00589541
0.00548679
0.00511429
0.00477749
0.00447646
0.0042118
0.0039847
0.00379686
0.00365052
0.00354845
0.00349403
0.00349154
0.00354669
0.00366773
0.00386709
0.00416426
0.00459013
0.00519446
0.00605841
0.00731356
0.00916318
0.0118919
0.015848
0.0213979
0.0288794
0.0385806
0.0507578
0.0656856
0.0837319
0.105458
0.13176
0.164061
0.204591
0.256756
0.325599
0.418307
0.54453
0.71572
0.941795
1.21457
1.54318
1.79378
1.87449
1.87828
1.83207
1.80619
1.80969
1.838
1.87617
1.91314
1.94278
1.96194
1.96957
1.96603
1.95237
1.92998
1.90027
1.8646
1.82419
1.7801
1.73328
1.68449
1.63441
1.5836
1.53253
1.48161
1.43116
1.38145
1.33266
1.28488
1.23813
1.19261
1.14847
1.10585
1.0649
1.02573
0.988473
0.953264
0.920243
0.88957
0.861418
0.835977
0.813446
0.794022
0.777875
0.765132
0.755835
0.749922
0.747194
0.747301
0.749746
0.753901
0.759043
0.764403
0.769219
0.772787
0.774511
0.773931
0.770745
0.764812
0.756143
0.744885
0.731293
0.715702
0.698496
0.680082
0.660863
0.641218
0.621487
0.601963
0.582888
0.564449
0.546785
0.529988
0.514113
0.499184
0.485201
0.472145
0.459986
0.44869
0.438221
0.428547
0.419645
0.411504
0.404126
0.39754
0.391751
0.386771
0.382611
0.379279
0.376767
0.375046
0.374064
0.373734
0.373939
0.374532
0.375339
0.37617
0.376822
0.377098
0.376805
0.375775
0.373861
0.370951
0.366967
0.361868
0.35565
0.348342
0.340005
0.330729
0.320622
0.309812
0.298436
0.286638
0.27456
0.26234
0.250106
0.237971
0.226036
0.214378
0.203059
0.192115
0.18158
0.0218044
0.0225761
0.0237796
0.0249933
0.0260171
0.0268036
0.0273758
0.0277807
0.0280672
0.028277
0.0284421
0.0285852
0.0287214
0.0288599
0.0290056
0.0291607
0.0293253
0.0294984
0.0296779
0.0298618
0.0300474
0.0302321
0.0304134
0.0305885
0.0307549
0.03091
0.0310514
0.0311765
0.0312829
0.0313685
0.031431
0.0314681
0.0314779
0.0314582
0.0314073
0.0313231
0.031204
0.0310483
0.0308545
0.0306211
0.0303466
0.0300299
0.0296696
0.0292646
0.0288137
0.0283159
0.0277703
0.0271877
0.0265707
0.025921
0.0252403
0.0245302
0.0237929
0.0230303
0.0222449
0.0214392
0.0206162
0.019779
0.018931
0.0180759
0.0172177
0.0163604
0.0155083
0.0146656
0.0138368
0.0130261
0.0122375
0.0114747
0.0107408
0.0100387
0.00937039
0.00873732
0.00814032
0.00757964
0.00705511
0.00656626
0.00611245
0.00569308
0.00530771
0.00495623
0.00463889
0.00435646
0.00411019
0.00390186
0.00373371
0.00360846
0.00352929
0.0035
0.00352534
0.00361173
0.00376855
0.00401037
0.00436043
0.00485652
0.00556096
0.00657718
0.00807339
0.0103048
0.0136143
0.0183955
0.0250303
0.0338393
0.0450729
0.058945
0.0756947
0.0956642
0.1194
0.14779
0.182258
0.225043
0.279562
0.35086
0.446047
0.574438
0.746478
0.969686
1.23157
1.53569
1.7584
1.82526
1.83073
1.80378
1.81109
1.8509
1.91196
1.97333
2.02301
2.05636
2.07248
2.0726
2.05893
2.03393
1.9999
1.95888
1.91259
1.86245
1.80964
1.7551
1.6996
1.64376
1.58806
1.53293
1.47867
1.42553
1.37368
1.32319
1.27398
1.22621
1.18001
1.13547
1.09266
1.05164
1.01249
0.97528
0.940076
0.906972
0.876079
0.847531
0.821485
0.798118
0.777618
0.76017
0.745929
0.734997
0.727384
0.722985
0.721552
0.722692
0.725867
0.730431
0.73566
0.740813
0.745178
0.748124
0.749136
0.747844
0.74403
0.737626
0.728702
0.717443
0.704124
0.689078
0.672673
0.655285
0.637277
0.618984
0.600702
0.582679
0.565117
0.54817
0.531951
0.516531
0.501954
0.488237
0.475378
0.463362
0.45217
0.441778
0.432168
0.423326
0.415251
0.407955
0.401476
0.395828
0.391025
0.387082
0.384
0.381764
0.380333
0.37964
0.37958
0.380019
0.380793
0.381713
0.382575
0.383171
0.383297
0.382762
0.381398
0.379068
0.375666
0.371128
0.365423
0.358561
0.350583
0.341566
0.331609
0.320835
0.309381
0.297395
0.285028
0.272429
0.259743
0.2471
0.234618
0.222397
0.210516
0.199033
0.187985
0.177402
0.0214082
0.0221454
0.0233051
0.0244806
0.0254742
0.0262359
0.0267858
0.0271684
0.0274311
0.0276149
0.0277515
0.0278638
0.0279671
0.028071
0.0281808
0.0282989
0.0284257
0.0285604
0.0287014
0.0288466
0.0289936
0.02914
0.0292834
0.0294211
0.0295508
0.02967
0.0297763
0.0298675
0.0299413
0.0299955
0.030028
0.0300369
0.0300201
0.0299759
0.0299025
0.0297983
0.0296615
0.0294909
0.029285
0.0290425
0.0287622
0.0284431
0.028084
0.0276839
0.0272419
0.0267568
0.0262277
0.0256648
0.0250704
0.0244461
0.0237936
0.0231149
0.022412
0.0216871
0.0209425
0.0201808
0.0194048
0.0186175
0.0178223
0.0170225
0.0162217
0.0154236
0.0146321
0.0138509
0.0130837
0.0123342
0.0116057
0.0109012
0.0102231
0.00957375
0.00895458
0.00836675
0.00781088
0.00728725
0.00679583
0.00633644
0.0059089
0.0055131
0.00514919
0.00481766
0.00451938
0.00425573
0.00402855
0.00384013
0.0036932
0.00359091
0.0035368
0.00353505
0.00359089
0.00371152
0.0039077
0.00419649
0.00460581
0.005182
0.00600306
0.00720015
0.00898579
0.0116741
0.0156667
0.0213913
0.0292261
0.0394544
0.0522746
0.0678497
0.0863744
0.108153
0.133696
0.163845
0.199963
0.244195
0.299807
0.371603
0.46628
0.592427
0.759233
0.972129
1.21641
1.48879
1.67718
1.72889
1.74304
1.74999
1.80757
1.89434
1.98879
2.06655
2.11935
2.14714
2.15276
2.14014
2.1132
2.0754
2.02957
1.97801
1.92251
1.86449
1.80503
1.74499
1.68504
1.62567
1.56728
1.51017
1.45457
1.40062
1.34837
1.2977
1.24869
1.20143
1.15598
1.11235
1.07057
1.03064
0.992579
0.956402
0.922139
0.889836
0.859563
0.831416
0.805518
0.782023
0.761107
0.742955
0.727746
0.71562
0.706651
0.700816
0.697964
0.697802
0.699896
0.703683
0.708508
0.71367
0.718469
0.722262
0.724498
0.724753
0.722743
0.718332
0.711517
0.702415
0.691238
0.678268
0.66383
0.648267
0.631922
0.615117
0.598144
0.581256
0.564662
0.548529
0.532984
0.518117
0.503988
0.490629
0.478056
0.466271
0.455266
0.445034
0.435569
0.426869
0.418944
0.411813
0.405525
0.4001
0.395557
0.391906
0.389142
0.387241
0.386146
0.385772
0.385997
0.386667
0.387601
0.388597
0.389442
0.38992
0.389826
0.388972
0.387196
0.38437
0.3804
0.375232
0.368853
0.361283
0.352582
0.342836
0.33216
0.320687
0.308565
0.295952
0.283005
0.269883
0.256732
0.243687
0.230869
0.218376
0.206288
0.194662
0.183529
0.172921
0.0210219
0.021726
0.0228425
0.0239801
0.0249439
0.0256816
0.0262103
0.026572
0.0268125
0.026972
0.0270818
0.027165
0.0272371
0.0273081
0.0273835
0.0274662
0.0275569
0.027655
0.0277591
0.0278673
0.0279776
0.0280877
0.0281951
0.0282975
0.0283926
0.0284781
0.0285518
0.0286115
0.028655
0.0286804
0.0286857
0.028669
0.0286286
0.0285627
0.0284698
0.0283483
0.0281969
0.0280143
0.0277991
0.0275503
0.0272669
0.0269479
0.0265925
0.0261997
0.0257688
0.0252987
0.0247881
0.0242467
0.0236765
0.023079
0.0224562
0.0218099
0.0211423
0.0204555
0.0197518
0.0190338
0.0183041
0.0175655
0.0168212
0.0160742
0.0153278
0.0145854
0.0138501
0.0131254
0.0124145
0.0117203
0.0110455
0.0103927
0.00976381
0.0091606
0.00858434
0.00803593
0.00751599
0.00702485
0.00656271
0.00612972
0.00572609
0.00535221
0.00500876
0.00469676
0.00441768
0.00417343
0.00396638
0.00379931
0.00367538
0.00359808
0.00357131
0.00359959
0.00368866
0.00384658
0.00408573
0.00442624
0.00490167
0.00556894
0.00652555
0.00793669
0.0100674
0.0132962
0.0180789
0.0248618
0.0339971
0.0457133
0.0601464
0.0774017
0.0976232
0.121066
0.148181
0.179732
0.216962
0.261827
0.317304
0.387743
0.479154
0.599125
0.755516
0.952212
1.17448
1.40954
1.56401
1.60588
1.63605
1.68465
1.7943
1.92187
2.03647
2.11667
2.16203
2.1779
2.17035
2.14504
2.10671
2.0591
2.00508
1.94686
1.88609
1.82403
1.76162
1.69957
1.63841
1.57853
1.52022
1.46369
1.40907
1.35641
1.30566
1.25662
1.2095
1.1643
1.12099
1.07955
1.03996
1.00217
0.966168
0.931929
0.899448
0.868738
0.839834
0.812802
0.787737
0.764771
0.744062
0.725793
0.710149
0.697302
0.687374
0.680411
0.676348
0.67499
0.676001
0.678914
0.683151
0.68807
0.693004
0.697315
0.700436
0.701905
0.701389
0.698689
0.693738
0.686589
0.677395
0.666383
0.653834
0.640056
0.625364
0.610065
0.594442
0.578744
0.563187
0.547945
0.533159
0.51893
0.505335
0.492422
0.480222
0.468751
0.45802
0.448033
0.438797
0.430326
0.422638
0.415761
0.409751
0.404635
0.400431
0.397146
0.394766
0.39325
0.392526
0.392488
0.392996
0.393878
0.394935
0.395956
0.396718
0.397003
0.396608
0.39535
0.393077
0.38967
0.385051
0.37918
0.372058
0.363723
0.354246
0.343729
0.3323
0.320103
0.307296
0.294046
0.280519
0.266876
0.253269
0.239837
0.226699
0.213956
0.201683
0.189937
0.178746
0.168138
0.0206465
0.0213188
0.0223929
0.0234929
0.0244272
0.0251417
0.0256503
0.0259925
0.0262124
0.0263492
0.026434
0.0264898
0.0265325
0.0265721
0.0266149
0.0266638
0.02672
0.0267832
0.0268522
0.0269253
0.0270008
0.0270763
0.0271497
0.0272189
0.0272815
0.0273355
0.0273788
0.0274092
0.0274249
0.0274239
0.0274044
0.0273647
0.0273031
0.0272182
0.0271083
0.0269722
0.0268087
0.0266164
0.0263944
0.0261417
0.0258575
0.0255408
0.025191
0.0248075
0.0243894
0.0239358
0.0234452
0.0229263
0.0223812
0.0218115
0.021219
0.0206057
0.0199736
0.0193248
0.0186616
0.0179863
0.0173015
0.0166098
0.015914
0.015217
0.0145217
0.0138309
0.0131476
0.0124746
0.0118146
0.0111702
0.0105436
0.00993677
0.00935146
0.00878907
0.0082507
0.00773719
0.00724915
0.0067871
0.00635144
0.00594267
0.00556138
0.00520843
0.00488497
0.00459255
0.00433318
0.00410927
0.00392368
0.00377964
0.00368065
0.00363053
0.00363346
0.0036943
0.00381931
0.00401755
0.00430334
0.00470046
0.00524937
0.00602
0.00713381
0.00879723
0.0113359
0.0151958
0.0208775
0.0288251
0.0393433
0.0525918
0.0686371
0.0875228
0.109337
0.134274
0.162709
0.195296
0.233112
0.277849
0.33208
0.399535
0.485314
0.595762
0.737306
0.912694
1.10901
1.30009
1.42781
1.46917
1.51971
1.60934
1.75247
1.90063
2.01479
2.0844
2.11724
2.1217
2.10483
2.07242
2.029
1.978
1.922
1.86293
1.80226
1.74107
1.68015
1.6201
1.56136
1.50421
1.44889
1.39553
1.3442
1.2949
1.24745
1.20187
1.15821
1.11645
1.07652
1.03837
1.00194
0.967183
0.934042
0.902478
0.872463
0.843989
0.817069
0.791744
0.768089
0.746213
0.726259
0.7084
0.692824
0.679719
0.669244
0.661497
0.656489
0.65411
0.654121
0.656147
0.6597
0.664204
0.66904
0.673596
0.677304
0.679682
0.68036
0.679091
0.675752
0.670337
0.662943
0.653746
0.64298
0.630915
0.617838
0.604033
0.589771
0.575297
0.560823
0.546533
0.532572
0.519056
0.506072
0.493685
0.48194
0.470868
0.460494
0.450839
0.441922
0.433768
0.426408
0.41988
0.414234
0.409511
0.405726
0.402875
0.400932
0.39984
0.399507
0.399806
0.400578
0.401633
0.402759
0.403735
0.404335
0.40434
0.403552
0.401798
0.398936
0.394862
0.389513
0.382866
0.374937
0.36578
0.355482
0.344159
0.33195
0.319011
0.305511
0.291623
0.277519
0.263367
0.249321
0.235522
0.222089
0.209121
0.196693
0.184856
0.173635
0.163057
0.020283
0.0209248
0.0219571
0.0230199
0.0239252
0.0246172
0.0251067
0.0254308
0.0256316
0.0257475
0.025809
0.0258391
0.0258539
0.025864
0.0258758
0.0258927
0.0259161
0.0259461
0.0259817
0.0260216
0.026064
0.0261069
0.0261483
0.0261861
0.0262183
0.0262429
0.0262578
0.0262612
0.0262512
0.0262261
0.0261841
0.0261237
0.0260433
0.0259415
0.0258171
0.0256687
0.0254951
0.0252955
0.0250688
0.0248141
0.0245309
0.0242183
0.0238758
0.0235029
0.0230988
0.0226626
0.0221929
0.0216974
0.0211781
0.0206365
0.0200745
0.0194941
0.0188971
0.0182856
0.0176617
0.0170278
0.0163861
0.0157391
0.0150892
0.0144391
0.0137912
0.0131482
0.0125126
0.0118868
0.011273
0.0106735
0.01009
0.00952435
0.00897792
0.00845195
0.00794743
0.00746521
0.00700598
0.00657042
0.00615919
0.0057731
0.00541313
0.00508057
0.00477705
0.00450463
0.00426579
0.00406344
0.00390089
0.00378172
0.00370977
0.0036891
0.00372413
0.00382002
0.00398362
0.00422515
0.00456121
0.00501998
0.00565032
0.00653801
0.00783373
0.00979309
0.0128098
0.0173965
0.0240839
0.0332901
0.0452534
0.0600541
0.0776858
0.098129
0.121411
0.147658
0.177154
0.210423
0.248339
0.292284
0.344346
0.407524
0.48585
0.584203
0.707317
0.856741
1.02211
1.16396
1.27419
1.31521
1.37751
1.49681
1.63453
1.78359
1.88576
1.94417
1.97015
1.97154
1.95448
1.92394
1.88381
1.83704
1.78591
1.73213
1.677
1.6215
1.56635
1.51208
1.45907
1.40761
1.35786
1.30995
1.26392
1.21976
1.17727
1.13658
1.09764
1.0604
1.02479
0.990752
0.958221
0.927134
0.897434
0.869072
0.842014
0.81624
0.791751
0.768574
0.746767
0.726422
0.707666
0.69066
0.675588
0.662647
0.652015
0.643835
0.638172
0.634995
0.634147
0.635346
0.63819
0.642179
0.646755
0.65134
0.655385
0.658404
0.660002
0.659896
0.657919
0.654014
0.648225
0.64068
0.631568
0.62112
0.609593
0.597246
0.584334
0.571092
0.55773
0.544431
0.531348
0.518606
0.506302
0.494514
0.483301
0.47271
0.462779
0.453542
0.445034
0.437291
0.430352
0.424261
0.419069
0.414821
0.411525
0.409167
0.407703
0.407057
0.407115
0.407731
0.408727
0.409896
0.411018
0.411863
0.412205
0.411832
0.410551
0.408201
0.404656
0.399828
0.393671
0.386177
0.377382
0.367355
0.356198
0.34404
0.331032
0.317343
0.303148
0.288628
0.273962
0.25932
0.244859
0.23072
0.217023
0.203863
0.191312
0.179419
0.168202
0.157686
0.0199326
0.0205449
0.0215363
0.0225621
0.0234388
0.0241089
0.0245803
0.0248875
0.0250709
0.0251673
0.0252073
0.0252135
0.0252023
0.0251846
0.0251671
0.0251537
0.0251461
0.0251446
0.0251486
0.025157
0.0251681
0.0251802
0.0251915
0.0251999
0.0252036
0.0252007
0.0251894
0.0251678
0.0251342
0.025087
0.0250247
0.0249456
0.0248485
0.024732
0.024595
0.0244362
0.0242547
0.0240495
0.0238198
0.0235649
0.0232841
0.022977
0.0226431
0.0222818
0.0218925
0.021474
0.021026
0.0205542
0.0200607
0.0195472
0.0190155
0.0184674
0.0179047
0.0173295
0.0167436
0.0161493
0.0155486
0.0149437
0.0143369
0.0137305
0.0131267
0.0125277
0.0119357
0.0113528
0.010781
0.0102219
0.00967736
0.00914869
0.00863722
0.00814403
0.00767011
0.0072163
0.00678345
0.00637239
0.00598407
0.0056196
0.00528036
0.00496804
0.00468475
0.00443302
0.00421581
0.00403648
0.00389872
0.00380645
0.00376373
0.00377481
0.00384429
0.00397764
0.00418235
0.00447
0.0048599
0.00538551
0.0061058
0.00712583
0.00863155
0.0109362
0.0145076
0.0199195
0.0277126
0.0382558
0.0517045
0.0680542
0.0872251
0.109134
0.133745
0.16111
0.191414
0.225035
0.262628
0.305241
0.354449
0.412475
0.482217
0.566973
0.669496
0.789482
0.917652
1.01422
1.07909
1.09037
1.13231
1.25221
1.39416
1.5436
1.64313
1.70351
1.73514
1.74456
1.737
1.71676
1.68726
1.65115
1.61052
1.56695
1.52169
1.47568
1.42962
1.38404
1.33933
1.29577
1.25353
1.21276
1.1735
1.13576
1.09944
1.0646
1.0312
0.999177
0.968483
0.93906
0.910852
0.883806
0.857872
0.833009
0.809184
0.786378
0.764589
0.743836
0.724166
0.705656
0.688421
0.672608
0.658392
0.645968
0.635529
0.627241
0.621216
0.61748
0.615954
0.616436
0.618607
0.622046
0.626259
0.630718
0.634902
0.638333
0.640609
0.641421
0.640567
0.637949
0.633566
0.6275
0.619898
0.610955
0.600892
0.589946
0.578351
0.56633
0.554088
0.541806
0.52964
0.51772
0.506155
0.495033
0.484427
0.474395
0.46499
0.45626
0.448252
0.44101
0.434584
0.42902
0.424364
0.420665
0.417919
0.416096
0.415132
0.414932
0.41536
0.41625
0.417405
0.418609
0.419633
0.420245
0.420223
0.419362
0.417482
0.414435
0.410113
0.404445
0.397403
0.388999
0.379285
0.368346
0.356299
0.343287
0.329472
0.315032
0.300151
0.285016
0.269809
0.254704
0.23986
0.225416
0.211491
0.198177
0.185543
0.173631
0.162456
0.152037
0.0195963
0.0201799
0.0211311
0.0221204
0.0229688
0.0236176
0.0240719
0.0243635
0.0245307
0.0246094
0.0246295
0.0246135
0.0245781
0.0245343
0.0244893
0.0244473
0.0244104
0.0243793
0.0243535
0.0243321
0.0243138
0.0242969
0.0242798
0.0242607
0.0242379
0.0242094
0.0241737
0.024129
0.0240738
0.0240065
0.0239256
0.0238299
0.0237179
0.0235886
0.0234408
0.0232734
0.0230855
0.0228764
0.0226452
0.0223914
0.0221144
0.0218138
0.0214894
0.0211405
0.0207665
0.0203653
0.0199392
0.0194913
0.0190236
0.0185378
0.0180357
0.017519
0.0169896
0.0164492
0.0158996
0.0153429
0.0147809
0.0142156
0.013649
0.0130831
0.0125199
0.0119614
0.0114093
0.0108655
0.0103317
0.00980935
0.00929996
0.00880478
0.00832496
0.00786156
0.00741554
0.00698785
0.00657945
0.00619138
0.00582487
0.00548134
0.00516256
0.00487065
0.00460817
0.00437811
0.00418387
0.00402923
0.0039182
0.00385493
0.00384368
0.00388879
0.00399498
0.00416803
0.00441617
0.00475254
0.00519972
0.00579748
0.00661694
0.00778636
0.00953381
0.0122387
0.0164467
0.0227817
0.031771
0.0437113
0.0586641
0.0765385
0.097183
0.120452
0.146244
0.174535
0.205405
0.239084
0.276007
0.31689
0.362807
0.415245
0.476032
0.547
0.62904
0.719961
0.810488
0.871605
0.887122
0.865501
0.873129
0.95834
1.09667
1.23651
1.33908
1.40899
1.45302
1.47632
1.48337
1.47793
1.46306
1.44116
1.41418
1.38364
1.35075
1.31642
1.28139
1.24619
1.21125
1.17685
1.14322
1.1105
1.07879
1.04815
1.01859
0.990053
0.96254
0.936013
0.910439
0.885785
0.862016
0.8391
0.817006
0.795706
0.775181
0.755419
0.736422
0.718207
0.700814
0.684311
0.668797
0.654406
0.641301
0.629671
0.61971
0.6116
0.605481
0.601427
0.599418
0.599325
0.600903
0.603808
0.607613
0.611845
0.616019
0.619679
0.622424
0.623936
0.623986
0.622444
0.619272
0.61451
0.608267
0.600701
0.592003
0.582384
0.572057
0.56123
0.550101
0.538846
0.527622
0.516565
0.50579
0.495395
0.485463
0.476067
0.467271
0.459135
0.451715
0.445067
0.439242
0.434286
0.43024
0.427148
0.424993
0.423725
0.423261
0.423481
0.42423
0.425324
0.426552
0.42769
0.428505
0.428768
0.428264
0.426799
0.424209
0.420362
0.41517
0.40858
0.400584
0.391214
0.380536
0.368653
0.355697
0.341822
0.327201
0.31202
0.29647
0.280745
0.265028
0.249496
0.234308
0.219601
0.20549
0.192066
0.179392
0.167504
0.15641
0.146126
0.0192751
0.019831
0.0207427
0.0216957
0.0225161
0.0231442
0.0235822
0.0238592
0.0240117
0.0240743
0.0240761
0.0240398
0.0239818
0.0239137
0.023843
0.0237742
0.0237098
0.0236507
0.0235968
0.0235474
0.0235014
0.0234574
0.0234137
0.0233689
0.0233212
0.023269
0.0232107
0.0231448
0.0230697
0.0229841
0.0228866
0.0227758
0.0226507
0.0225102
0.0223531
0.0221786
0.0219859
0.0217741
0.0215427
0.0212911
0.0210188
0.0207256
0.0204112
0.0200752
0.0197167
0.0193334
0.0189284
0.0185039
0.0180613
0.0176026
0.0171292
0.0166429
0.0161453
0.0156381
0.015123
0.0146018
0.0140761
0.0135477
0.0130185
0.0124901
0.0119643
0.0114428
0.0109272
0.0104191
0.0099199
0.00943095
0.00895353
0.00848881
0.00803786
0.00760173
0.00718142
0.00677797
0.0063925
0.00602629
0.00568083
0.00535789
0.00505962
0.00478857
0.00454775
0.00434059
0.0041709
0.00404279
0.00396054
0.00392847
0.0039509
0.00403219
0.00417717
0.00439191
0.00468547
0.00507293
0.00558068
0.00625601
0.00718457
0.00852236
0.0105471
0.0137128
0.0186427
0.0259951
0.0362576
0.0496359
0.0660912
0.0854475
0.107485
0.131997
0.15882
0.187849
0.219065
0.25255
0.288531
0.327418
0.36984
0.416636
0.468747
0.526843
0.590503
0.656556
0.716666
0.751706
0.746528
0.713149
0.700152
0.743539
0.839456
0.950609
1.04537
1.11837
1.17137
1.20672
1.2275
1.23659
1.23642
1.22902
1.21611
1.19906
1.17902
1.15685
1.13327
1.10883
1.08396
1.05898
1.03413
1.0096
0.985518
0.961997
0.939169
0.916865
0.895132
0.873963
0.853355
0.833304
0.813806
0.794854
0.776442
0.758565
0.74122
0.724408
0.708137
0.692429
0.677318
0.662865
0.649157
0.636311
0.624479
0.613835
0.604569
0.596868
0.590888
0.586737
0.58444
0.583927
0.585021
0.587446
0.590841
0.594791
0.598854
0.602603
0.60565
0.607675
0.608434
0.607774
0.605625
0.601996
0.596959
0.59064
0.583199
0.574822
0.5657
0.556029
0.545993
0.535765
0.525499
0.515335
0.505393
0.49578
0.486588
0.4779
0.469793
0.462334
0.45559
0.449619
0.444474
0.440197
0.436816
0.43437
0.432823
0.432104
0.432107
0.432692
0.433686
0.434888
0.43608
0.43703
0.437509
0.437295
0.436184
0.433996
0.430584
0.425838
0.419687
0.412101
0.403091
0.392706
0.381031
0.368184
0.354309
0.339572
0.324156
0.308255
0.292065
0.275783
0.259596
0.24368
0.228193
0.213271
0.199025
0.185539
0.172872
0.161053
0.150083
0.139974
0.01897
0.0194989
0.0203718
0.021289
0.0220816
0.0226893
0.0231117
0.0233753
0.0235144
0.0235623
0.0235476
0.0234926
0.0234139
0.0233233
0.0232286
0.0231348
0.0230446
0.0229592
0.022879
0.0228033
0.0227313
0.0226618
0.0225934
0.0225245
0.0224537
0.0223795
0.0223004
0.0222149
0.0221216
0.0220193
0.0219067
0.0217826
0.0216459
0.0214955
0.0213307
0.0211504
0.020954
0.0207407
0.02051
0.0202614
0.0199947
0.0197094
0.0194054
0.0190824
0.0187394
0.0183739
0.0179894
0.0175874
0.0171693
0.0167366
0.0162908
0.0158336
0.0153663
0.0148906
0.014408
0.01392
0.0134282
0.0129342
0.0124396
0.0119458
0.0114544
0.0109669
0.0104847
0.0100091
0.00954151
0.00908299
0.00863476
0.0081979
0.00777345
0.00736248
0.00696605
0.00658533
0.00622162
0.00587645
0.00555158
0.00524917
0.00497175
0.0047223
0.00450426
0.00432146
0.00417807
0.00407849
0.00402716
0.00402846
0.00408668
0.00420614
0.00439168
0.00464974
0.00499038
0.00543093
0.00600235
0.00676081
0.00780918
0.00933645
0.0116782
0.0153698
0.0211086
0.0295655
0.041163
0.0560008
0.0739381
0.0947183
0.118058
0.143691
0.171393
0.200984
0.232346
0.265428
0.300269
0.337013
0.375914
0.417297
0.461426
0.508176
0.556385
0.602728
0.640434
0.657353
0.64346
0.610158
0.589085
0.603625
0.657001
0.73104
0.805682
0.87169
0.926098
0.96739
0.997204
1.01717
1.02881
1.03362
1.03293
1.02789
1.01946
1.00841
0.99538
0.980904
0.965395
0.949177
0.932506
0.915582
0.898567
0.881619
0.864951
0.848362
0.831913
0.81563
0.799536
0.783662
0.768035
0.752679
0.737612
0.722853
0.708419
0.694324
0.680588
0.667236
0.654301
0.641836
0.629916
0.618645
0.608157
0.598612
0.590188
0.583067
0.577415
0.573356
0.57095
0.570174
0.570905
0.57293
0.575949
0.579601
0.583493
0.587232
0.59045
0.592833
0.594135
0.594184
0.592889
0.59023
0.586251
0.581047
0.574752
0.567527
0.559543
0.550978
0.542008
0.532797
0.523498
0.51425
0.505179
0.496398
0.488006
0.480097
0.472752
0.466048
0.460056
0.454835
0.450435
0.44689
0.444207
0.442417
0.441463
0.441254
0.441661
0.442525
0.443658
0.444847
0.445869
0.446494
0.446499
0.445671
0.443822
0.440791
0.43645
0.43071
0.423521
0.414874
0.4048
0.393364
0.38067
0.366849
0.352058
0.336473
0.320285
0.303695
0.286903
0.270108
0.253498
0.23725
0.221518
0.206435
0.192107
0.178612
0.166002
0.154301
0.1435
0.133605
0.0186822
0.0191848
0.0200196
0.0209011
0.0216662
0.0222539
0.0226613
0.0229123
0.0230392
0.023074
0.0230444
0.0229724
0.0228747
0.0227634
0.0226465
0.0225294
0.0224151
0.0223052
0.0222003
0.0221001
0.0220038
0.0219105
0.0218189
0.0217277
0.0216354
0.0215408
0.0214424
0.0213389
0.0212291
0.0211116
0.0209853
0.0208492
0.0207023
0.0205435
0.020372
0.020187
0.0199879
0.019774
0.0195449
0.0193001
0.0190393
0.0187622
0.0184688
0.0181587
0.0178311
0.0174832
0.0171184
0.016738
0.0163432
0.0159354
0.0155159
0.0150862
0.0146476
0.0142015
0.0137493
0.0132924
0.0128322
0.0123701
0.0119074
0.0114455
0.0109857
0.0105294
0.0100777
0.00963195
0.00919318
0.00876252
0.00834104
0.00792979
0.00752982
0.00714223
0.00676818
0.00640899
0.00606617
0.00574149
0.00543707
0.00515542
0.00489947
0.00467262
0.00447872
0.00432196
0.00420682
0.00413786
0.00411959
0.00415635
0.00425228
0.00441157
0.00463907
0.00494165
0.00533058
0.00582585
0.00646382
0.0073111
0.00849091
0.010231
0.0129332
0.0172202
0.0238536
0.0334922
0.0464694
0.0627694
0.0821521
0.104286
0.128827
0.155457
0.183891
0.21388
0.245214
0.277725
0.311291
0.345837
0.381324
0.417693
0.454742
0.491866
0.5276
0.558933
0.580757
0.58545
0.568133
0.538545
0.516021
0.515153
0.540208
0.584064
0.635904
0.687874
0.735436
0.776046
0.809209
0.835227
0.854436
0.867787
0.876197
0.880467
0.88129
0.879286
0.874993
0.868865
0.861268
0.852503
0.842814
0.832404
0.821449
0.81012
0.798638
0.786974
0.775049
0.762946
0.750717
0.73842
0.726113
0.713847
0.701668
0.689614
0.677721
0.666018
0.654537
0.643305
0.632355
0.621733
0.611504
0.601759
0.592613
0.584207
0.576705
0.57028
0.565094
0.561281
0.558923
0.558028
0.558521
0.560239
0.562936
0.566305
0.570001
0.573666
0.57696
0.579582
0.581286
0.581897
0.581304
0.579468
0.576409
0.572196
0.566938
0.560773
0.553855
0.546346
0.538408
0.530199
0.52187
0.513558
0.505391
0.497487
0.48995
0.48288
0.476364
0.470482
0.465304
0.460888
0.457275
0.454486
0.452509
0.451348
0.450937
0.451161
0.451874
0.4529
0.454036
0.455068
0.45577
0.45592
0.455302
0.453722
0.451006
0.447016
0.441644
0.434825
0.426529
0.416768
0.405591
0.393083
0.379361
0.364571
0.348879
0.332471
0.315546
0.298308
0.280961
0.263706
0.246731
0.230208
0.21429
0.199106
0.184754
0.171308
0.15881
0.147275
0.136689
0.127049
0.0184129
0.0188897
0.0196869
0.0205331
0.0212707
0.0218385
0.0222316
0.0224709
0.0225867
0.0226097
0.0225666
0.0224793
0.0223644
0.0222341
0.0220968
0.0219581
0.0218215
0.0216889
0.021561
0.0214378
0.0213189
0.0212034
0.0210902
0.0209782
0.0208661
0.0207526
0.0206365
0.0205165
0.0203914
0.0202602
0.0201216
0.0199748
0.0198188
0.0196526
0.0194756
0.0192869
0.0190859
0.0188722
0.0186452
0.0184046
0.01815
0.0178814
0.0175986
0.0173012
0.0169885
0.0166576
0.0163117
0.0159518
0.0155791
0.0151949
0.0148003
0.0143965
0.0139848
0.0135665
0.0131427
0.0127147
0.0122837
0.011851
0.0114178
0.0109852
0.0105545
0.0101268
0.00970309
0.00928458
0.00887227
0.00846718
0.00807033
0.00768275
0.00730552
0.00693981
0.00658692
0.00624834
0.0059258
0.00562139
0.00533755
0.00507716
0.00484358
0.0046406
0.00447244
0.00434361
0.00425876
0.00422255
0.00423942
0.00431353
0.00444878
0.00464915
0.00491954
0.00526732
0.00570523
0.00625646
0.00696365
0.00790562
0.00922946
0.0112081
0.0143182
0.0192722
0.0268822
0.0377674
0.0521515
0.0698997
0.0906773
0.114084
0.139724
0.167227
0.196253
0.226491
0.257649
0.289458
0.321667
0.35403
0.386291
0.418129
0.449054
0.478222
0.504142
0.524326
0.535108
0.531993
0.514015
0.48852
0.467379
0.4598
0.469378
0.493641
0.527145
0.564699
0.602433
0.637741
0.669252
0.696369
0.718882
0.737005
0.751124
0.761664
0.769008
0.773579
0.775801
0.776024
0.774543
0.771605
0.767421
0.76218
0.756054
0.749212
0.741839
0.734113
0.725816
0.717079
0.707973
0.698575
0.688969
0.679231
0.669427
0.659615
0.649846
0.640163
0.630607
0.62121
0.612005
0.603029
0.59434
0.586013
0.578147
0.570864
0.56431
0.558642
0.554015
0.550562
0.548377
0.547491
0.547863
0.549369
0.551814
0.554937
0.558437
0.561996
0.565302
0.568072
0.570071
0.571119
0.5711
0.569959
0.567694
0.564357
0.560034
0.554843
0.548921
0.542414
0.535475
0.528253
0.520892
0.51353
0.506295
0.499306
0.492672
0.486492
0.480857
0.475845
0.471523
0.467939
0.465124
0.46308
0.461783
0.461181
0.461222
0.461769
0.462655
0.463694
0.464676
0.465387
0.465606
0.46512
0.46373
0.461258
0.457552
0.452495
0.446002
0.43803
0.428571
0.417657
0.405355
0.391766
0.377022
0.36128
0.344716
0.327524
0.309908
0.292074
0.274231
0.256576
0.239298
0.222567
0.206529
0.191308
0.176996
0.163657
0.151326
0.14001
0.129684
0.120337
0.0181633
0.0186149
0.019375
0.0201859
0.0208961
0.0214443
0.0218232
0.0220515
0.0221574
0.0221698
0.0221148
0.0220138
0.0218834
0.0217358
0.0215798
0.0214213
0.0212641
0.0211103
0.0209611
0.0208167
0.0206767
0.0205406
0.0204074
0.0202761
0.0201455
0.0200146
0.0198822
0.019747
0.0196081
0.0194643
0.0193147
0.0191583
0.0189942
0.0188217
0.01864
0.0184483
0.0182463
0.0180332
0.0178088
0.0175726
0.0173246
0.0170643
0.0167918
0.0165068
0.0162085
0.0158939
0.0155658
0.0152254
0.0148736
0.0145115
0.0141402
0.0137607
0.0133741
0.0129816
0.0125841
0.0121829
0.011779
0.0113734
0.0109673
0.0105617
0.0101576
0.0097561
0.0093581
0.00896462
0.00857661
0.00819507
0.00782097
0.00745538
0.00709942
0.00675437
0.00642168
0.00610305
0.00580049
0.00551638
0.00525354
0.00501523
0.0048052
0.00462763
0.00448703
0.00438813
0.00433569
0.00433429
0.0043882
0.00450124
0.00467699
0.0049192
0.00523281
0.00562588
0.00611294
0.00672093
0.0074998
0.00854257
0.0100241
0.0122694
0.0158381
0.0215321
0.0301942
0.0423764
0.0581778
0.0773448
0.099456
0.12405
0.150682
0.178937
0.208425
0.238777
0.269635
0.300647
0.331458
0.361701
0.390972
0.418786
0.444507
0.467213
0.485558
0.497611
0.500883
0.493387
0.476058
0.454212
0.435418
0.42567
0.427697
0.440744
0.462015
0.488332
0.516941
0.545716
0.573207
0.598509
0.621089
0.640742
0.657464
0.67137
0.682623
0.691434
0.698044
0.702678
0.705543
0.706822
0.706673
0.705254
0.70273
0.699255
0.694997
0.69017
0.684623
0.678451
0.671738
0.664573
0.657061
0.649297
0.641363
0.633335
0.625274
0.617234
0.609265
0.601406
0.593684
0.586134
0.578802
0.571754
0.565068
0.558849
0.553223
0.548331
0.544314
0.541299
0.539383
0.538611
0.538963
0.540352
0.542618
0.545543
0.548869
0.552313
0.555594
0.558451
0.560663
0.562053
0.562502
0.561945
0.560369
0.557805
0.554326
0.55003
0.545039
0.539486
0.533511
0.527257
0.520862
0.51446
0.508177
0.502132
0.496432
0.491178
0.486455
0.482336
0.478879
0.47612
0.474073
0.472722
0.472019
0.471879
0.472247
0.472968
0.473865
0.474742
0.475394
0.475606
0.475171
0.473888
0.471578
0.468081
0.463271
0.457051
0.44936
0.440177
0.429515
0.417425
0.403991
0.38933
0.373585
0.356922
0.339529
0.321603
0.303352
0.284986
0.266712
0.248728
0.231219
0.21435
0.198263
0.183073
0.168866
0.155697
0.143591
0.132544
0.122524
0.113508
0.017935
0.0183616
0.0190852
0.0198609
0.0205434
0.021072
0.0214371
0.021655
0.0217517
0.0217548
0.0216893
0.0215761
0.0214318
0.0212686
0.0210956
0.020919
0.0207429
0.0205697
0.0204008
0.0202366
0.0200772
0.0199219
0.0197702
0.019621
0.0194735
0.0193265
0.019179
0.01903
0.0188783
0.0187232
0.0185636
0.0183986
0.0182275
0.0180494
0.0178637
0.0176698
0.0174671
0.0172551
0.0170336
0.0168021
0.0165604
0.0163084
0.016046
0.0157728
0.0154881
0.0151889
0.0148778
0.0145556
0.0142234
0.013882
0.0135323
0.0131754
0.0128121
0.0124434
0.0120704
0.0116938
0.0113148
0.0109342
0.010553
0.0101721
0.00979251
0.00941501
0.00904056
0.00867006
0.00830444
0.00794463
0.00759166
0.0072466
0.00691069
0.00658533
0.00627215
0.0059731
0.00569049
0.00542702
0.0051859
0.00497078
0.00478576
0.00463535
0.0045243
0.00445744
0.00443948
0.0044748
0.00456732
0.00472045
0.00493735
0.00522151
0.00557804
0.00601587
0.00655171
0.00721686
0.00806972
0.00921964
0.0108736
0.0134162
0.0174969
0.0240026
0.0337836
0.0472983
0.0645113
0.0850551
0.10843
0.134122
0.161641
0.190531
0.22036
0.25071
0.281166
0.311312
0.34072
0.368937
0.395473
0.419755
0.441104
0.458631
0.471211
0.477426
0.475939
0.466388
0.450273
0.43154
0.415235
0.405396
0.404041
0.411035
0.424853
0.443523
0.465162
0.488179
0.511339
0.533745
0.55477
0.574024
0.591292
0.606486
0.619599
0.630684
0.639835
0.647164
0.65279
0.656833
0.65941
0.660639
0.660645
0.65956
0.657526
0.654711
0.651175
0.646867
0.641905
0.636383
0.630428
0.624145
0.617632
0.610976
0.604248
0.597506
0.590812
0.584208
0.577722
0.57138
0.56522
0.559298
0.553676
0.548437
0.543692
0.539562
0.536173
0.533642
0.532062
0.531484
0.531904
0.533258
0.535418
0.538202
0.541386
0.544725
0.547966
0.550874
0.553242
0.554902
0.555737
0.555677
0.5547
0.552825
0.55011
0.54664
0.542522
0.537877
0.532835
0.527529
0.522092
0.516651
0.51133
0.506242
0.501491
0.497171
0.49336
0.490122
0.4875
0.485515
0.484162
0.483404
0.483172
0.483352
0.483882
0.484597
0.485314
0.485839
0.485968
0.485499
0.484237
0.482001
0.478631
0.47399
0.467974
0.460511
0.451563
0.441129
0.429242
0.41597
0.401415
0.385705
0.368994
0.351458
0.33329
0.314693
0.295876
0.27705
0.258421
0.240184
0.22252
0.20559
0.189528
0.174441
0.160408
0.147472
0.135648
0.124922
0.11525
0.1066
0.0177294
0.0181314
0.0188187
0.0195592
0.020214
0.0207227
0.0210741
0.021282
0.0213703
0.0213651
0.0212903
0.0211665
0.0210098
0.0208328
0.0206445
0.0204514
0.020258
0.020067
0.0198799
0.0196976
0.0195202
0.0193473
0.0191784
0.0190128
0.0188496
0.0186878
0.0185265
0.0183647
0.0182015
0.018036
0.0178674
0.0176947
0.0175173
0.0173343
0.0171453
0.0169496
0.0167467
0.0165361
0.0163176
0.0160907
0.0158553
0.0156113
0.0153585
0.0150965
0.0148245
0.0145397
0.0142444
0.0139394
0.0136253
0.0133031
0.0129735
0.0126375
0.0122957
0.0119491
0.0115984
0.0112446
0.0108884
0.0105307
0.0101724
0.00981414
0.00945689
0.00910142
0.00874859
0.00839924
0.00805426
0.00771462
0.00738135
0.00705561
0.00673876
0.00643236
0.00613828
0.00585873
0.00559633
0.00535418
0.00513582
0.00494528
0.00478701
0.00466573
0.00458631
0.00455357
0.00457202
0.00464567
0.00477795
0.00497175
0.00522977
0.00555531
0.00595376
0.00643519
0.00701889
0.00774123
0.00867023
0.009934
0.0117763
0.0146489
0.019297
0.0266833
0.0376391
0.0525063
0.0711108
0.0929792
0.117543
0.14424
0.172543
0.20196
0.23202
0.262266
0.292239
0.321476
0.349499
0.375804
0.39986
0.421067
0.438774
0.452185
0.460408
0.462639
0.458452
0.448204
0.433531
0.417444
0.403452
0.394372
0.391692
0.395499
0.404912
0.418656
0.435421
0.454025
0.473482
0.493005
0.511994
0.530008
0.546745
0.562008
0.575686
0.587724
0.598118
0.606892
0.614094
0.619787
0.624043
0.626943
0.62858
0.629058
0.628495
0.627028
0.624796
0.621738
0.617982
0.613627
0.60879
0.603587
0.598127
0.592506
0.586801
0.581067
0.575384
0.5698
0.564337
0.559016
0.553858
0.548921
0.544247
0.539902
0.535977
0.532579
0.529814
0.527788
0.526587
0.526262
0.526819
0.52821
0.530331
0.533029
0.536114
0.53937
0.542575
0.545517
0.548005
0.549887
0.551048
0.551418
0.550969
0.549713
0.547697
0.544993
0.541696
0.537918
0.533776
0.529395
0.524899
0.520409
0.516039
0.511898
0.50808
0.50467
0.501733
0.499319
0.497455
0.496144
0.495361
0.495051
0.495122
0.495445
0.495937
0.496439
0.49677
0.496738
0.49615
0.494818
0.492564
0.489228
0.484671
0.478782
0.471479
0.462712
0.452466
0.44076
0.427645
0.413205
0.397556
0.380837
0.363212
0.344864
0.325989
0.306794
0.28749
0.268285
0.249383
0.230977
0.213241
0.19633
0.180371
0.165462
0.151671
0.139032
0.127547
0.117191
0.107909
0.0996559
0.0175483
0.017926
0.0185772
0.0192824
0.0199091
0.0203977
0.0207352
0.0209334
0.0210139
0.0210012
0.0209185
0.0207853
0.0206178
0.0204284
0.0202265
0.0200186
0.0198095
0.0196023
0.0193986
0.0191996
0.0190056
0.0188165
0.0186319
0.0184511
0.0182734
0.018098
0.017924
0.0177506
0.0175768
0.0174019
0.0172251
0.0170455
0.0168624
0.0166753
0.0164834
0.0162863
0.0160834
0.0158743
0.0156588
0.0154365
0.0152071
0.0149707
0.0147269
0.0144754
0.0142145
0.0139434
0.0136629
0.0133738
0.0130766
0.0127721
0.0124611
0.0121442
0.0118222
0.0114957
0.0111657
0.0108326
0.0104974
0.0101606
0.00982313
0.00948563
0.00914886
0.00881359
0.00848061
0.00815074
0.00782488
0.00750402
0.00718924
0.00688184
0.00658331
0.00629543
0.00602032
0.0057605
0.00551894
0.00529908
0.00510484
0.00494059
0.00481099
0.00472093
0.00467526
0.00467859
0.00473508
0.00484821
0.00502082
0.00525519
0.00555357
0.00591916
0.00635782
0.00688107
0.00751123
0.00829045
0.00929768
0.0106823
0.0127301
0.0159673
0.0212388
0.0295695
0.0417437
0.0579686
0.0779324
0.101065
0.126739
0.154349
0.183337
0.213179
0.243374
0.27343
0.302857
0.33116
0.357834
0.382348
0.404176
0.422715
0.437401
0.447523
0.452618
0.452344
0.446764
0.436597
0.423423
0.409593
0.397651
0.389619
0.38661
0.38878
0.395599
0.406206
0.419659
0.435064
0.451636
0.46871
0.485746
0.502315
0.518091
0.532833
0.54637
0.558587
0.569417
0.578825
0.586808
0.593381
0.598579
0.602453
0.605067
0.606501
0.60685
0.606233
0.604789
0.602524
0.59954
0.595942
0.591847
0.587376
0.582643
0.577753
0.572796
0.567848
0.562976
0.558227
0.553624
0.549178
0.544895
0.540836
0.537021
0.533498
0.530339
0.527641
0.525488
0.523975
0.523182
0.523153
0.5239
0.525387
0.527528
0.530196
0.533225
0.536429
0.539612
0.542586
0.545179
0.547252
0.548697
0.549448
0.549474
0.548781
0.547409
0.545419
0.542897
0.539942
0.536662
0.533172
0.529585
0.526013
0.52256
0.519322
0.516383
0.513814
0.511664
0.509968
0.508734
0.507946
0.50756
0.507505
0.507678
0.507943
0.508165
0.508232
0.507959
0.507164
0.505668
0.503299
0.499901
0.495335
0.489486
0.482264
0.473613
0.463503
0.451941
0.438962
0.424636
0.409061
0.392364
0.374693
0.356221
0.337134
0.317633
0.297925
0.278219
0.258724
0.23964
0.221152
0.203431
0.186623
0.170847
0.156191
0.142712
0.130432
0.119343
0.109405
0.100551
0.0927205
0.0173938
0.0177472
0.0183626
0.0190322
0.0196303
0.0200982
0.0204218
0.0206102
0.0206833
0.020664
0.0205742
0.0204329
0.020256
0.0200558
0.0198417
0.0196207
0.0193975
0.0191755
0.0189568
0.0187426
0.0185334
0.0183294
0.0181303
0.0179355
0.0177446
0.0175567
0.0173711
0.017187
0.0170036
0.0168201
0.0166357
0.0164499
0.0162618
0.0160708
0.0158765
0.0156782
0.0154755
0.015268
0.0150554
0.0148374
0.0146138
0.0143844
0.014149
0.0139072
0.0136569
0.013398
0.013131
0.0128563
0.0125746
0.0122864
0.0119923
0.011693
0.011389
0.0110811
0.0107697
0.0104557
0.0101395
0.00982184
0.00950339
0.0091848
0.00886677
0.00855
0.00823527
0.00792341
0.00761532
0.00731205
0.0070148
0.00672499
0.00644432
0.00617481
0.00591887
0.00567935
0.00545957
0.00526335
0.00509491
0.00495887
0.00486006
0.00480334
0.0047934
0.00483448
0.00493019
0.00508338
0.00529615
0.00557019
0.00590735
0.00631088
0.00678735
0.00735007
0.00802486
0.00886039
0.00994788
0.0114608
0.0137321
0.0173702
0.0233204
0.0326523
0.0460755
0.0636496
0.0849304
0.109262
0.135965
0.1644
0.19398
0.224153
0.254394
0.284189
0.313023
0.340383
0.365759
0.388602
0.408443
0.424643
0.436792
0.444475
0.447438
0.44566
0.4395
0.429836
0.41812
0.406228
0.396066
0.389132
0.386271
0.387653
0.392945
0.401544
0.412751
0.425873
0.440272
0.45539
0.47075
0.485955
0.500682
0.514678
0.527746
0.539739
0.550551
0.560113
0.568382
0.575345
0.581006
0.585391
0.588542
0.590519
0.591401
0.591286
0.590293
0.588512
0.586
0.582877
0.579258
0.575267
0.571025
0.566644
0.562222
0.557848
0.553592
0.549501
0.5456
0.541901
0.538417
0.535164
0.532157
0.529418
0.527005
0.524996
0.523457
0.522469
0.522106
0.522408
0.523391
0.525024
0.527238
0.529924
0.532941
0.536127
0.539311
0.542327
0.545021
0.547269
0.548972
0.550068
0.550527
0.550351
0.549573
0.548248
0.54645
0.544268
0.5418
0.539147
0.536412
0.533694
0.531084
0.528664
0.526503
0.524656
0.523155
0.522017
0.521231
0.520765
0.520561
0.520533
0.520569
0.520531
0.520261
0.519666
0.518576
0.51682
0.514237
0.510676
0.506001
0.500096
0.492871
0.484258
0.474221
0.462753
0.449878
0.435649
0.42015
0.403491
0.385808
0.367259
0.348019
0.328281
0.308244
0.288116
0.268106
0.248416
0.229243
0.210767
0.19315
0.17653
0.161018
0.14669
0.133592
0.121733
0.111092
0.101617
0.0932391
0.0858983
0.0172683
0.0175973
0.0181769
0.0188106
0.0193794
0.0198261
0.020135
0.0203136
0.0203796
0.0203542
0.0202582
0.0201099
0.0199249
0.0197153
0.0194905
0.0192577
0.0190219
0.0187867
0.0185544
0.0183263
0.0181034
0.0178857
0.0176733
0.0174658
0.0172627
0.0170633
0.016867
0.0166731
0.0164808
0.0162895
0.0160983
0.0159067
0.0157141
0.0155197
0.0153232
0.0151239
0.0149215
0.0147155
0.0145056
0.0142916
0.0140732
0.0138503
0.0136226
0.0133897
0.0131492
0.0129013
0.0126464
0.0123849
0.0121172
0.0118437
0.011565
0.0112817
0.0109941
0.0107029
0.0104086
0.0101117
0.00981286
0.00951256
0.00921143
0.00891008
0.00860916
0.00830937
0.00801145
0.00771628
0.0074248
0.00713817
0.00685771
0.00658504
0.00632208
0.00607112
0.0058349
0.00561663
0.00541996
0.00524903
0.00510834
0.00500264
0.00493677
0.00491543
0.00494293
0.00502298
0.00515848
0.00535151
0.00560345
0.00591538
0.00628892
0.00672754
0.00723879
0.00783814
0.00855538
0.00944645
0.0106162
0.0122652
0.0147791
0.0188552
0.0255374
0.0359188
0.0506083
0.0695106
0.0920582
0.11752
0.145173
0.174346
0.204429
0.234848
0.26506
0.294536
0.322743
0.34916
0.373304
0.394578
0.412552
0.426804
0.436998
0.442894
0.444436
0.441815
0.435565
0.426613
0.416261
0.406036
0.397409
0.391522
0.38903
0.390094
0.394498
0.401803
0.411474
0.422961
0.435737
0.449327
0.46331
0.477324
0.491063
0.504275
0.516755
0.528339
0.538903
0.548354
0.556629
0.56369
0.569522
0.574131
0.577544
0.579805
0.58098
0.581155
0.580433
0.578928
0.576702
0.573878
0.570571
0.566907
0.563009
0.558996
0.554975
0.551041
0.54727
0.543713
0.540397
0.537336
0.534542
0.532016
0.52976
0.527787
0.526129
0.524828
0.523937
0.523517
0.523628
0.524305
0.525569
0.527396
0.529732
0.532484
0.535531
0.538735
0.541945
0.545017
0.547817
0.550231
0.552173
0.553586
0.55444
0.554737
0.554502
0.553785
0.552649
0.551172
0.549441
0.547543
0.545567
0.543598
0.541712
0.539975
0.538439
0.537141
0.536097
0.535305
0.534741
0.534357
0.534083
0.533825
0.533468
0.532875
0.531886
0.53041
0.528298
0.525399
0.521571
0.516684
0.510625
0.5033
0.494641
0.484603
0.47317
0.460353
0.446193
0.430758
0.414143
0.39647
0.377881
0.35854
0.338627
0.318334
0.297862
0.277417
0.257203
0.23742
0.218257
0.199888
0.182466
0.166122
0.150953
0.137028
0.124377
0.112998
0.102855
0.09391
0.0860728
0.079236
0.0171744
0.0174789
0.0180226
0.0186198
0.0191586
0.0195831
0.0198768
0.0200451
0.0201039
0.0200727
0.0199712
0.019817
0.0196249
0.0194071
0.0191731
0.0189299
0.018683
0.0184359
0.0181913
0.0179508
0.0177153
0.0174853
0.0172608
0.0170415
0.0168272
0.0166173
0.0164112
0.0162083
0.0160079
0.0158093
0.0156119
0.015415
0.0152182
0.0150207
0.0148221
0.0146218
0.0144196
0.014215
0.0140076
0.0137972
0.0135836
0.0133665
0.0131457
0.0129208
0.0126892
0.0124513
0.0122073
0.0119575
0.0117023
0.0114421
0.0111773
0.0109082
0.0106354
0.0103593
0.0100803
0.00979899
0.00951576
0.00923116
0.00894574
0.00866008
0.00837479
0.00809058
0.00780822
0.00752862
0.00725283
0.00698212
0.00671801
0.00646232
0.00621725
0.00598541
0.00576987
0.00557416
0.00540229
0.00525863
0.00514783
0.00507467
0.00504382
0.00505962
0.00512582
0.00524541
0.00542047
0.00565226
0.00594143
0.00628861
0.00669531
0.00716547
0.00770796
0.0083407
0.00909795
0.0100436
0.0112978
0.0130909
0.0158672
0.0204187
0.0278825
0.0393516
0.0553117
0.0755113
0.0992699
0.125792
0.154316
0.184146
0.21465
0.245239
0.275353
0.304464
0.332026
0.357496
0.380362
0.400205
0.41663
0.429303
0.437989
0.442591
0.443206
0.440172
0.434114
0.425951
0.416841
0.408048
0.40074
0.395809
0.393773
0.394779
0.398679
0.405144
0.413754
0.424057
0.435614
0.448012
0.460881
0.473889
0.486751
0.499222
0.511098
0.522211
0.532426
0.541638
0.549769
0.556769
0.562608
0.56728
0.570798
0.573197
0.574531
0.574877
0.57433
0.573002
0.570971
0.568363
0.565291
0.561881
0.55826
0.554551
0.550868
0.547309
0.543958
0.540869
0.538074
0.535591
0.533426
0.531576
0.53003
0.52879
0.527871
0.527291
0.527085
0.527292
0.527948
0.529084
0.530701
0.532787
0.5353
0.538167
0.541288
0.544544
0.547806
0.550951
0.553859
0.556432
0.558594
0.560291
0.561498
0.562214
0.56246
0.562276
0.561717
0.560849
0.559745
0.55848
0.557128
0.555755
0.554423
0.553181
0.552064
0.551091
0.550264
0.549566
0.548959
0.548386
0.547769
0.547013
0.546003
0.544609
0.542683
0.540115
0.536798
0.532598
0.527394
0.521076
0.513554
0.504756
0.494636
0.483167
0.470353
0.456221
0.440827
0.42425
0.406597
0.387996
0.368596
0.348565
0.328083
0.307344
0.286546
0.265891
0.245581
0.225809
0.206756
0.188591
0.171457
0.155473
0.140728
0.127276
0.115137
0.104292
0.0947334
0.0863779
0.0790966
0.0727742
0.0171152
0.017395
0.0179025
0.0184627
0.0189703
0.0193716
0.0196491
0.0198065
0.0198578
0.019821
0.0197144
0.0195548
0.0193567
0.0191319
0.0188898
0.0186376
0.0183808
0.0181232
0.0178676
0.0176159
0.017369
0.0171277
0.0168922
0.0166623
0.0164377
0.0162182
0.016003
0.0157918
0.0155838
0.0153786
0.0151753
0.0149736
0.0147728
0.0145723
0.0143717
0.0141706
0.0139684
0.0137648
0.0135596
0.0133524
0.0131429
0.012931
0.0127164
0.0124985
0.0122749
0.0120458
0.0118115
0.0115721
0.0113281
0.0110796
0.0108271
0.0105708
0.0103111
0.0100485
0.00978321
0.00951578
0.00924661
0.00897617
0.00870497
0.00843356
0.00816258
0.00789273
0.00762485
0.00735993
0.00709916
0.00684395
0.00659606
0.00635757
0.00613098
0.00591923
0.00572573
0.00555432
0.00540925
0.00529505
0.0052164
0.00517791
0.00518388
0.0052381
0.00534358
0.00550245
0.00571591
0.00598439
0.00630792
0.00668681
0.00712271
0.00762032
0.00819006
0.00885268
0.00964732
0.0106466
0.0119872
0.0139328
0.0169917
0.0220552
0.0303454
0.0429295
0.0601526
0.08161
0.10652
0.134033
0.163353
0.193763
0.224615
0.255304
0.28526
0.313968
0.340761
0.365261
0.387018
0.405636
0.420771
0.432169
0.439694
0.443366
0.443396
0.440218
0.434501
0.427127
0.419126
0.411559
0.405377
0.401295
0.399731
0.400814
0.404441
0.410355
0.418215
0.427647
0.438274
0.449737
0.461701
0.473868
0.485968
0.497771
0.509077
0.519717
0.529553
0.538475
0.546397
0.553261
0.559028
0.563683
0.567231
0.569699
0.571134
0.571605
0.571199
0.570021
0.568169
0.565761
0.562914
0.559754
0.556409
0.553004
0.549656
0.54647
0.543532
0.540901
0.538616
0.536695
0.535145
0.533956
0.533113
0.532603
0.532427
0.532586
0.533091
0.533967
0.535229
0.536896
0.538957
0.541404
0.544185
0.547235
0.550481
0.553826
0.557166
0.560394
0.563409
0.566127
0.568478
0.570417
0.571919
0.572981
0.573618
0.573864
0.573764
0.573371
0.572745
0.571945
0.57103
0.570051
0.569053
0.568068
0.567117
0.566204
0.565317
0.564428
0.563492
0.562445
0.561208
0.559685
0.557769
0.555339
0.552269
0.548431
0.543756
0.538128
0.531447
0.523626
0.514595
0.504304
0.492723
0.479847
0.465694
0.450306
0.43375
0.416117
0.397521
0.378095
0.357992
0.337382
0.316447
0.295376
0.274367
0.253617
0.233321
0.213665
0.194826
0.176961
0.160205
0.144666
0.130421
0.117511
0.105942
0.0957348
0.0868164
0.0790669
0.0723515
0.0665492
0.0170947
0.0173492
0.0178202
0.0183423
0.0188177
0.0191943
0.0194544
0.0196
0.0196432
0.0196005
0.019489
0.0193246
0.0191211
0.0188902
0.0186411
0.018381
0.0181155
0.0178486
0.0175833
0.0173214
0.0170644
0.0168129
0.0165673
0.0163276
0.0160937
0.0158652
0.0156418
0.0154228
0.0152079
0.0149963
0.0147876
0.0145813
0.0143767
0.0141733
0.0139707
0.0137685
0.0135662
0.0133634
0.0131599
0.0129553
0.0127494
0.0125419
0.0123326
0.0121209
0.0119042
0.0116828
0.0114568
0.0112266
0.0109923
0.0107541
0.0105124
0.0102674
0.0100193
0.00976862
0.00951557
0.00926055
0.00900397
0.00874626
0.00848792
0.0082295
0.00797166
0.00771516
0.00746092
0.00721005
0.00696391
0.00672414
0.00649273
0.00627208
0.006065
0.00587476
0.00570507
0.00556002
0.00544402
0.00536161
0.00531728
0.0053153
0.0053594
0.00545262
0.00559708
0.00579398
0.00604362
0.0063457
0.00669977
0.00710606
0.00756662
0.00808712
0.00867986
0.00936868
0.010198
0.0112499
0.0126789
0.0147853
0.0181471
0.0237579
0.0329125
0.046628
0.0650956
0.0877651
0.113766
0.142202
0.172247
0.203166
0.234297
0.265029
0.294721
0.322838
0.348937
0.372593
0.393388
0.410959
0.425021
0.435391
0.442023
0.445029
0.444707
0.44155
0.436239
0.429609
0.422579
0.416055
0.410827
0.407481
0.406362
0.407583
0.411066
0.416608
0.423923
0.432696
0.442597
0.45331
0.464533
0.475991
0.487435
0.498646
0.50943
0.519625
0.529091
0.537717
0.545414
0.552118
0.557787
0.5624
0.565956
0.568478
0.570008
0.570606
0.570357
0.569356
0.567712
0.56554
0.56296
0.560094
0.557071
0.554019
0.551056
0.548289
0.545806
0.543672
0.54193
0.5406
0.539689
0.539185
0.539067
0.539313
0.539909
0.540841
0.542102
0.543696
0.545624
0.547886
0.550468
0.553351
0.556487
0.559823
0.563279
0.566765
0.570211
0.573531
0.576642
0.579474
0.581969
0.584084
0.585796
0.587102
0.588011
0.588548
0.588747
0.588652
0.588307
0.587758
0.587047
0.586214
0.585285
0.584282
0.583209
0.582061
0.580816
0.57944
0.577882
0.576077
0.573948
0.571406
0.568351
0.564678
0.560273
0.555028
0.548875
0.541728
0.533506
0.524144
0.513591
0.501816
0.488808
0.474575
0.45915
0.442587
0.424963
0.406377
0.386948
0.366813
0.346129
0.325062
0.303795
0.282515
0.261414
0.240684
0.220514
0.201083
0.182559
0.165089
0.148799
0.133786
0.120114
0.10781
0.0969286
0.0874136
0.0791536
0.0720205
0.0658751
0.0605922
0.017117
0.0173457
0.0177796
0.0182627
0.0187042
0.0190546
0.0192957
0.0194282
0.0194624
0.0194133
0.0192967
0.0191277
0.0189194
0.018683
0.0184277
0.0181608
0.0178876
0.0176125
0.0173384
0.0170675
0.0168012
0.0165404
0.0162857
0.016037
0.0157945
0.0155578
0.0153266
0.0151005
0.014879
0.0146616
0.0144477
0.0142368
0.0140285
0.0138223
0.0136176
0.0134141
0.0132113
0.013009
0.0128067
0.0126041
0.012401
0.0121973
0.0119924
0.0117859
0.0115749
0.01136
0.0111413
0.0109189
0.010693
0.0104637
0.0102314
0.00999617
0.00975832
0.00951811
0.00927585
0.00903185
0.00878651
0.00854025
0.00829356
0.00804704
0.00780139
0.00755746
0.0073163
0.00707918
0.00684767
0.00662367
0.00640946
0.00620776
0.00602169
0.00585482
0.0057111
0.00559477
0.00551022
0.00546182
0.00545371
0.00548955
0.00557234
0.00570419
0.00588628
0.00611883
0.00640134
0.00673293
0.00711291
0.00754164
0.00802183
0.00856041
0.00917175
0.00988304
0.0107443
0.0118477
0.0133672
0.0156429
0.0193273
0.0255177
0.0355674
0.0504193
0.0701039
0.0939357
0.120968
0.150261
0.180965
0.212327
0.243675
0.274245
0.30356
0.331182
0.356665
0.379582
0.399543
0.416224
0.429393
0.438936
0.444881
0.447414
0.446894
0.443849
0.438957
0.433002
0.426808
0.421162
0.416732
0.414009
0.413284
0.414653
0.418059
0.423332
0.430232
0.438483
0.447799
0.457893
0.468493
0.479345
0.490219
0.500906
0.511222
0.521009
0.530131
0.538478
0.545961
0.552514
0.558092
0.562672
0.56625
0.568846
0.570497
0.571261
0.571215
0.570453
0.569079
0.567212
0.564972
0.56248
0.559863
0.557249
0.554755
0.55249
0.550542
0.54898
0.54785
0.547175
0.54696
0.547194
0.54785
0.548901
0.550318
0.552074
0.554146
0.556519
0.559177
0.562105
0.565278
0.56867
0.572233
0.575916
0.579648
0.583359
0.586962
0.590384
0.593575
0.596477
0.599045
0.601245
0.603054
0.604467
0.605489
0.606137
0.606437
0.60642
0.606118
0.605564
0.604789
0.603817
0.602664
0.601339
0.59984
0.598151
0.596246
0.594087
0.591624
0.588794
0.585526
0.581739
0.577346
0.572254
0.566371
0.559607
0.551893
0.543172
0.533383
0.522477
0.510423
0.497206
0.48283
0.467317
0.450711
0.433077
0.414497
0.395077
0.37494
0.354225
0.333087
0.311694
0.290224
0.268859
0.247788
0.227196
0.207264
0.188163
0.170053
0.153071
0.137332
0.122921
0.109889
0.0983208
0.0881844
0.0793816
0.0717912
0.0652781
0.0597001
0.0549303
0.0171876
0.0173897
0.0177857
0.0182283
0.0186344
0.0189565
0.0191768
0.0192944
0.0193183
0.019262
0.0191398
0.0189659
0.0187529
0.0185116
0.0182508
0.0179776
0.0176976
0.0174151
0.0171332
0.0168541
0.0165795
0.0163103
0.0160471
0.0157902
0.0155397
0.0152954
0.0150569
0.0148241
0.0145963
0.0143732
0.0141543
0.0139391
0.0137271
0.0135178
0.0133109
0.0131058
0.0129022
0.0126998
0.0124981
0.012297
0.012096
0.0118951
0.0116937
0.0114908
0.0112846
0.0110751
0.0108625
0.0106467
0.010428
0.0102064
0.00998218
0.00975545
0.00952646
0.00929543
0.00906264
0.00882841
0.00859311
0.00835718
0.00812114
0.00788565
0.0076515
0.00741967
0.00719136
0.00696809
0.00675165
0.00654424
0.00634846
0.00616732
0.00600424
0.00586302
0.00574771
0.00566255
0.00561173
0.00559926
0.00562866
0.00570284
0.00582386
0.00599285
0.00620999
0.00647465
0.00678568
0.00714182
0.00754237
0.00798813
0.00848267
0.0090344
0.00965993
0.01039
0.0112805
0.0124342
0.0140461
0.0164991
0.0205251
0.0273239
0.0382907
0.0542734
0.07514
0.100082
0.128087
0.158179
0.18948
0.221221
0.252513
0.282873
0.311875
0.33907
0.364013
0.386288
0.40553
0.421455
0.433884
0.442761
0.448176
0.450373
0.449754
0.446866
0.442373
0.43701
0.431523
0.426604
0.42283
0.42062
0.420221
0.42172
0.42507
0.430127
0.436685
0.444502
0.453321
0.462885
0.472946
0.483269
0.493638
0.503857
0.513752
0.52317
0.531981
0.540077
0.547371
0.553797
0.55931
0.563886
0.567522
0.570232
0.572053
0.573041
0.573266
0.572819
0.571803
0.570331
0.568527
0.566509
0.564404
0.562334
0.560417
0.55876
0.557451
0.55656
0.556134
0.5562
0.556762
0.557806
0.559305
0.561224
0.563524
0.566165
0.56911
0.572325
0.575779
0.579439
0.583272
0.587239
0.591292
0.595377
0.599431
0.603389
0.607178
0.610739
0.613997
0.616917
0.619473
0.621641
0.623403
0.624755
0.625698
0.626244
0.62641
0.626217
0.625689
0.624848
0.623713
0.6223
0.620615
0.618661
0.616428
0.613899
0.611045
0.607828
0.604202
0.60011
0.595489
0.590269
0.584376
0.577733
0.570266
0.561904
0.552591
0.542282
0.530934
0.518517
0.505015
0.490428
0.474771
0.45808
0.440405
0.42182
0.402413
0.382292
0.361582
0.340423
0.318969
0.297384
0.275842
0.254521
0.233601
0.213263
0.193679
0.175013
0.157412
0.141006
0.125898
0.11216
0.0999069
0.089136
0.0797664
0.0716881
0.0647707
0.0588738
0.0538544
0.0495851
0.0173128
0.0174872
0.0178442
0.0182449
0.0186133
0.0189049
0.019102
0.0192027
0.0192146
0.0191496
0.0190209
0.0188417
0.0186238
0.0183776
0.0181115
0.0178326
0.0175464
0.0172571
0.016968
0.0166815
0.0163992
0.0161222
0.0158513
0.0155867
0.0153287
0.0150772
0.0148319
0.0145925
0.0143588
0.0141301
0.0139063
0.0136866
0.0134708
0.0132584
0.0130489
0.0128419
0.0126371
0.012434
0.0122324
0.012032
0.0118324
0.0116334
0.0114346
0.0112345
0.0110319
0.0108266
0.0106189
0.0104085
0.0101957
0.00998057
0.00976317
0.00954368
0.0093223
0.00909924
0.00887476
0.00864918
0.00842289
0.00819638
0.00797022
0.00774518
0.00752216
0.00730233
0.00708712
0.00687826
0.00667786
0.00648843
0.00631284
0.00615438
0.00601669
0.00590365
0.0058193
0.00576763
0.00575247
0.00577717
0.00584451
0.00595643
0.006114
0.00631733
0.00656573
0.00685785
0.00719209
0.00756709
0.00798243
0.00843954
0.00894308
0.00950308
0.0101385
0.0108838
0.0118009
0.0130038
0.0147098
0.0173476
0.0217324
0.0291637
0.0410606
0.0581586
0.0801665
0.106167
0.13509
0.165928
0.197766
0.229582
0.26079
0.290988
0.319729
0.346557
0.37103
0.392747
0.411373
0.426661
0.438478
0.446818
0.451824
0.453782
0.453124
0.450406
0.446272
0.441413
0.436511
0.432181
0.428931
0.427124
0.426977
0.428564
0.431849
0.436708
0.442959
0.450389
0.458766
0.467856
0.477433
0.487277
0.497188
0.506982
0.516494
0.525578
0.53411
0.541986
0.549121
0.555453
0.560938
0.565551
0.569289
0.572167
0.574219
0.575497
0.576072
0.576029
0.575465
0.57449
0.573229
0.571797
0.570318
0.568909
0.567687
0.566754
0.566198
0.566087
0.566471
0.567374
0.568801
0.570738
0.573155
0.57601
0.579258
0.582844
0.58672
0.590835
0.595141
0.599592
0.60414
0.608735
0.613324
0.617851
0.622255
0.626474
0.630443
0.634108
0.63741
0.640313
0.642765
0.644773
0.646327
0.647427
0.648075
0.648281
0.648057
0.647417
0.646378
0.644954
0.643159
0.641001
0.638483
0.635602
0.632348
0.628701
0.624636
0.62012
0.615111
0.60956
0.603416
0.59662
0.589111
0.58083
0.571717
0.561722
0.550806
0.538931
0.526071
0.512208
0.497341
0.481481
0.464655
0.446906
0.428294
0.408895
0.388802
0.368124
0.346985
0.325526
0.303895
0.282255
0.260773
0.239622
0.218976
0.199005
0.179876
0.161742
0.144743
0.128995
0.114592
0.101671
0.0902661
0.0803163
0.0717269
0.0643765
0.0581277
0.0528362
0.0483598
0.0445727
0.0175002
0.0176456
0.0179624
0.0183192
0.0186475
0.0189059
0.019077
0.0191583
0.0191559
0.0190804
0.0189438
0.0187582
0.0185348
0.0182832
0.0180118
0.0177273
0.0174351
0.0171395
0.0168437
0.0165502
0.0162607
0.0159764
0.0156981
0.0154263
0.0151611
0.0149027
0.0146507
0.0144051
0.0141654
0.0139313
0.0137023
0.0134782
0.0132584
0.0130425
0.01283
0.0126207
0.0124141
0.0122099
0.0120077
0.0118072
0.0116082
0.0114103
0.0112131
0.011015
0.0108149
0.0106129
0.0104088
0.0102027
0.00999468
0.00978472
0.00957297
0.00935956
0.00914466
0.00892848
0.00871129
0.00849345
0.00827537
0.00805763
0.0078409
0.00762607
0.00741426
0.00720682
0.00700545
0.00681217
0.00662938
0.00645986
0.00630676
0.00617354
0.00606389
0.00598165
0.0059306
0.00591432
0.00593597
0.00599813
0.0061026
0.00625034
0.00644138
0.00667496
0.00694961
0.00726354
0.00761498
0.0080027
0.0084268
0.00888954
0.00939684
0.00996041
0.0106017
0.0113588
0.0122999
0.0135507
0.0153521
0.0181816
0.0229403
0.0310225
0.0438529
0.0620419
0.0851466
0.112155
0.141947
0.173488
0.205576
0.237396
0.268563
0.298639
0.327163
0.353676
0.377744
0.398984
0.417086
0.43184
0.443151
0.45106
0.455747
0.457533
0.456871
0.454314
0.450488
0.446045
0.441611
0.437744
0.434895
0.433386
0.433408
0.435031
0.438222
0.442874
0.448826
0.455887
0.463847
0.472494
0.481617
0.491015
0.500499
0.509897
0.519054
0.527832
0.536113
0.543798
0.550807
0.557079
0.562574
0.567268
0.571159
0.574261
0.576608
0.57825
0.579255
0.579703
0.579689
0.579315
0.578704
0.577971
0.577232
0.576602
0.576191
0.576097
0.576407
0.577185
0.57848
0.580315
0.582694
0.585603
0.589007
0.592862
0.597111
0.601693
0.606545
0.611602
0.616801
0.62208
0.627377
0.632632
0.637783
0.642768
0.647526
0.651996
0.656119
0.659842
0.663117
0.665907
0.668173
0.669904
0.671087
0.671741
0.671873
0.671496
0.670621
0.66926
0.667427
0.665135
0.662391
0.659203
0.655572
0.651495
0.646963
0.64196
0.636465
0.630451
0.623884
0.616727
0.608937
0.60047
0.591279
0.581318
0.570544
0.558922
0.546428
0.53305
0.518755
0.503541
0.487418
0.470407
0.452545
0.433879
0.414474
0.39441
0.373781
0.352697
0.33128
0.309666
0.288002
0.266443
0.245153
0.224296
0.204039
0.184546
0.165973
0.148465
0.132151
0.117138
0.103586
0.0915621
0.081031
0.0719168
0.0641116
0.0574842
0.0518914
0.0471874
0.0432323
0.0399037
0.0177593
0.0178741
0.0181489
0.0184596
0.018745
0.0189669
0.0191088
0.0191674
0.0191479
0.0190595
0.018913
0.0187195
0.0184893
0.0182316
0.0179543
0.0176639
0.0173656
0.0170636
0.0167613
0.0164609
0.0161644
0.015873
0.0155876
0.0153087
0.0150366
0.0147713
0.0145128
0.0142608
0.0140152
0.0137755
0.0135413
0.0133124
0.0130883
0.0128685
0.0126527
0.0124406
0.0122317
0.0120256
0.0118221
0.0116209
0.0114216
0.011224
0.0110275
0.0108305
0.010632
0.0104321
0.0102307
0.0100278
0.00982334
0.00961751
0.00941035
0.00920199
0.0089926
0.00878241
0.00857174
0.00836097
0.00815061
0.00794135
0.00773401
0.00752967
0.00732965
0.00713559
0.00694945
0.00677353
0.00661052
0.00646341
0.00633549
0.00623028
0.00615135
0.00610225
0.0060863
0.0061064
0.00616491
0.00626345
0.00640281
0.00658294
0.00680298
0.00706143
0.00735634
0.0076857
0.00804784
0.00844193
0.00886877
0.00933161
0.00983768
0.0104005
0.0110438
0.0118095
0.0127722
0.0140694
0.0159671
0.0189941
0.0241389
0.0328838
0.0466417
0.0658895
0.0900445
0.118014
0.148633
0.180683
0.212838
0.24471
0.275868
0.305855
0.334202
0.360451
0.384176
0.405012
0.422674
0.436983
0.447879
0.45544
0.459877
0.461538
0.460884
0.458468
0.454894
0.450779
0.446706
0.443183
0.44062
0.439307
0.439416
0.44101
0.444063
0.448482
0.454123
0.460812
0.468361
0.476574
0.485257
0.494223
0.503297
0.512317
0.521138
0.529631
0.537683
0.545202
0.552112
0.558357
0.563899
0.568717
0.572809
0.576191
0.578895
0.580971
0.582482
0.583506
0.584132
0.584456
0.584598
0.584667
0.584774
0.585029
0.585536
0.586387
0.587664
0.589428
0.591723
0.594573
0.597979
0.601924
0.60637
0.611269
0.616557
0.622164
0.628015
0.634032
0.640138
0.646255
0.652308
0.658225
0.663934
0.669366
0.674457
0.679144
0.68337
0.687085
0.690245
0.692816
0.694768
0.696087
0.696759
0.696792
0.696201
0.695012
0.693241
0.690905
0.688018
0.684594
0.680644
0.676174
0.671189
0.665688
0.659668
0.653117
0.646022
0.638363
0.630117
0.621257
0.611751
0.601568
0.590674
0.579038
0.566631
0.553431
0.539428
0.52463
0.509005
0.492561
0.475315
0.457295
0.438544
0.419114
0.399074
0.378503
0.357495
0.336159
0.314615
0.292993
0.271437
0.250095
0.229123
0.208681
0.188925
0.170013
0.15209
0.135294
0.119743
0.105611
0.0930003
0.0819008
0.0722594
0.0639857
0.0569594
0.0510412
0.046084
0.0419426
0.0384813
0.0355832
0.0181017
0.0181838
0.0184147
0.0186765
0.0189157
0.0190974
0.0192061
0.0192383
0.0191982
0.0190937
0.0189346
0.018731
0.0184922
0.018227
0.0179427
0.0176456
0.0173406
0.0170318
0.0167226
0.0164152
0.0161116
0.015813
0.0155204
0.0152344
0.0149552
0.014683
0.0144177
0.0141593
0.0139074
0.0136619
0.0134222
0.0131881
0.0129593
0.0127352
0.0125156
0.0123
0.0120881
0.0118795
0.011674
0.0114713
0.011271
0.0110727
0.0108762
0.0106792
0.0104814
0.0102827
0.0100829
0.00988221
0.00968051
0.00947789
0.00927446
0.00907034
0.00886574
0.00866093
0.00845629
0.0082523
0.00804959
0.00784899
0.00765155
0.00745855
0.00727159
0.00709256
0.0069237
0.00676757
0.00662702
0.00650518
0.00640532
0.00633079
0.00628483
0.00627049
0.00629039
0.0063466
0.00644051
0.00657276
0.00674315
0.00695076
0.00719402
0.00747094
0.00777936
0.00811734
0.00848352
0.00887771
0.00930151
0.00975927
0.0102596
0.0108175
0.0114595
0.0122308
0.0132127
0.0145548
0.0165492
0.0197777
0.0253173
0.0347297
0.0493995
0.0696677
0.0948261
0.123716
0.155102
0.187321
0.219601
0.251552
0.282727
0.312656
0.340865
0.366897
0.390338
0.410837
0.428134
0.442076
0.452635
0.459915
0.464156
0.46572
0.465076
0.462772
0.459391
0.455521
0.451706
0.44842
0.446035
0.444819
0.44493
0.446428
0.449291
0.453438
0.45874
0.46504
0.472167
0.47994
0.488181
0.496718
0.505386
0.514036
0.52253
0.530749
0.538588
0.545959
0.552794
0.559039
0.56466
0.56964
0.573977
0.577689
0.580807
0.583378
0.585464
0.587138
0.588483
0.58959
0.59057
0.59153
0.592573
0.593804
0.595317
0.597199
0.599524
0.60235
0.605717
0.609642
0.614127
0.61915
0.62467
0.630635
0.636973
0.643607
0.650452
0.657416
0.664411
0.671344
0.678127
0.684675
0.690907
0.696745
0.702119
0.706964
0.711222
0.714844
0.717789
0.720026
0.721531
0.722291
0.722299
0.721561
0.720078
0.717886
0.715008
0.711479
0.707316
0.702541
0.697169
0.691213
0.684682
0.677582
0.669915
0.66168
0.65287
0.643475
0.633482
0.622874
0.611633
0.599738
0.587169
0.573906
0.559934
0.545241
0.529828
0.513711
0.496895
0.479364
0.461145
0.442273
0.422794
0.402764
0.382251
0.361336
0.34011
0.318678
0.297157
0.275673
0.254361
0.233365
0.212834
0.192918
0.173768
0.155531
0.138347
0.12234
0.107696
0.0945461
0.0829063
0.0727479
0.0640019
0.0565633
0.0503011
0.0450696
0.04072
0.0371101
0.0341104
0.0316107
0.018542
0.018589
0.0187733
0.0189829
0.0191719
0.0193091
0.01938
0.0193814
0.0193164
0.019192
0.0190168
0.0187999
0.0185501
0.0182752
0.0179822
0.0176767
0.0173639
0.0170474
0.0167304
0.0164154
0.0161041
0.0157979
0.0154977
0.0152041
0.0149175
0.014638
0.0143657
0.0141004
0.0138419
0.01359
0.0133444
0.0131046
0.0128705
0.0126415
0.0124174
0.0121978
0.0119822
0.0117705
0.0115623
0.0113572
0.011155
0.0109554
0.0107578
0.0105601
0.010362
0.0101636
0.00996474
0.00976543
0.0095657
0.00936561
0.00916528
0.00896488
0.00876466
0.00856498
0.0083663
0.00816926
0.00797466
0.00778354
0.00759715
0.00741707
0.00724512
0.00708347
0.00693456
0.0068011
0.00668601
0.00659233
0.00652312
0.00648134
0.00646969
0.00649047
0.00654548
0.00663583
0.00676194
0.0069235
0.0071195
0.00734833
0.00760799
0.00789626
0.00821107
0.00855074
0.00891448
0.00930281
0.00971825
0.0101663
0.0106567
0.0112063
0.0118438
0.0126181
0.0136167
0.015002
0.0170927
0.0205253
0.0264642
0.036541
0.0520982
0.0733427
0.0994584
0.129244
0.161115
0.193469
0.22589
0.25794
0.289155
0.319055
0.347162
0.373024
0.396235
0.416461
0.433461
0.447106
0.457392
0.464447
0.46853
0.470016
0.469377
0.46715
0.463905
0.460199
0.45655
0.453398
0.451092
0.449881
0.44991
0.45124
0.453856
0.457683
0.462609
0.468491
0.475173
0.48249
0.490277
0.498375
0.506632
0.514908
0.523077
0.531026
0.538659
0.545895
0.55267
0.558936
0.564662
0.569833
0.574451
0.578533
0.58211
0.585227
0.587943
0.590325
0.592452
0.594408
0.596295
0.598214
0.600263
0.602534
0.605118
0.608092
0.611522
0.615461
0.619941
0.624977
0.630565
0.63668
0.643279
0.650301
0.657671
0.665304
0.673105
0.680973
0.688806
0.6965
0.703954
0.71107
0.717758
0.723931
0.729512
0.734433
0.738633
0.742065
0.744687
0.746473
0.747401
0.747465
0.746662
0.745001
0.742492
0.73916
0.735019
0.730132
0.724524
0.718231
0.711278
0.703686
0.695474
0.686657
0.677245
0.667245
0.656662
0.645494
0.63374
0.621393
0.608446
0.59489
0.580715
0.565913
0.550477
0.534409
0.517716
0.50042
0.482555
0.464094
0.445066
0.425509
0.405472
0.38501
0.364192
0.343096
0.32181
0.300436
0.279084
0.257876
0.23694
0.216413
0.196436
0.177151
0.158702
0.141228
0.124859
0.109782
0.0961557
0.0840182
0.0733669
0.0641561
0.0563004
0.0496814
0.0441588
0.039583
0.0358062
0.0326913
0.0301168
0.0279807
0.0190986
0.0191076
0.019242
0.0193956
0.0195298
0.0196172
0.0196451
0.0196101
0.0195151
0.0193659
0.0191702
0.0189363
0.0186719
0.0183843
0.0180798
0.017764
0.0174413
0.0171155
0.0167894
0.0164655
0.0161455
0.0158307
0.015522
0.0152201
0.0149253
0.0146378
0.0143578
0.0140849
0.0138192
0.0135604
0.0133081
0.0130621
0.012822
0.0125875
0.0123582
0.0121338
0.0119139
0.0116983
0.0114866
0.0112784
0.0110736
0.0108718
0.0106721
0.0104729
0.0102739
0.0100752
0.00987659
0.00967812
0.00947985
0.00928184
0.00908428
0.00888739
0.00869153
0.00849716
0.00830492
0.0081156
0.00793024
0.0077501
0.00757668
0.0074118
0.0072575
0.00711612
0.00699019
0.00688242
0.00679559
0.00673245
0.00669562
0.00668746
0.00670992
0.00676447
0.00685195
0.00697256
0.00712584
0.00731071
0.00752553
0.00776833
0.0080369
0.00832911
0.00864315
0.00897786
0.00933308
0.00971015
0.0101125
0.0105467
0.0110237
0.011562
0.0121923
0.0129671
0.0139802
0.0154066
0.0175926
0.0212296
0.0275676
0.0382977
0.0547091
0.0768813
0.103906
0.13452
0.166604
0.199141
0.23172
0.263886
0.295161
0.325059
0.3531
0.378836
0.40187
0.421881
0.438645
0.452054
0.462123
0.468999
0.472955
0.474373
0.473727
0.471544
0.468377
0.464763
0.461193
0.458084
0.455764
0.454468
0.454337
0.455429
0.457735
0.461191
0.465697
0.471125
0.477331
0.484166
0.491478
0.49912
0.506952
0.514845
0.522682
0.530358
0.537786
0.54489
0.551613
0.557912
0.563759
0.569142
0.574065
0.578545
0.582612
0.586311
0.589694
0.592826
0.595778
0.598628
0.601466
0.604388
0.607483
0.610836
0.614527
0.618624
0.623186
0.628257
0.633863
0.640014
0.6467
0.653892
0.661541
0.669583
0.677936
0.68651
0.695199
0.703895
0.712483
0.720851
0.728885
0.736478
0.743527
0.74994
0.755631
0.760528
0.764569
0.767704
0.769894
0.771115
0.771349
0.770595
0.768856
0.766146
0.762485
0.757901
0.752421
0.74608
0.738919
0.731006
0.722373
0.713059
0.703093
0.6925
0.681302
0.669516
0.657156
0.644234
0.630755
0.616725
0.602147
0.58702
0.571346
0.555125
0.53836
0.521061
0.50324
0.484926
0.466162
0.446942
0.427279
0.40721
0.386786
0.366063
0.345105
0.323988
0.302797
0.281628
0.260586
0.239784
0.219346
0.199401
0.180081
0.161522
0.143859
0.127224
0.111806
0.0977779
0.0851993
0.0740925
0.0644368
0.0561691
0.0491877
0.0433622
0.0385455
0.0345867
0.0313418
0.0286811
0.0264925
0.0246834
0.0197953
0.0197627
0.0198434
0.0199362
0.0200102
0.0200418
0.0200202
0.0199426
0.0198112
0.0196313
0.0194097
0.0191536
0.0188701
0.0185658
0.0182464
0.017917
0.0175817
0.017244
0.0169067
0.016572
0.0162416
0.0159166
0.0155981
0.0152866
0.0149825
0.014686
0.0143972
0.0141159
0.013842
0.0135753
0.0133156
0.0130625
0.0128157
0.0125748
0.0123396
0.0121097
0.0118847
0.0116644
0.0114484
0.0112365
0.0110284
0.0108236
0.0106212
0.0104199
0.0102194
0.0100198
0.009821
0.00962298
0.00942585
0.00922976
0.00903497
0.00884182
0.00865079
0.00846251
0.00827782
0.00809772
0.00792346
0.00775653
0.00759867
0.00745183
0.0073182
0.00720013
0.00710007
0.00702052
0.0069639
0.00693247
0.0069282
0.0069527
0.00700709
0.00709193
0.0072072
0.0073523
0.00752608
0.00772692
0.00795287
0.0082018
0.0084716
0.00876044
0.00906694
0.00939056
0.00973185
0.010093
0.0104783
0.0108952
0.011356
0.0118804
0.0125012
0.0132743
0.0142996
0.015765
0.0180441
0.0218837
0.0286154
0.0399793
0.0572035
0.0802519
0.108144
0.139377
0.171623
0.204353
0.237101
0.269396
0.300751
0.330673
0.358683
0.384335
0.40724
0.427091
0.443676
0.456903
0.466804
0.473539
0.477391
0.478748
0.47808
0.475908
0.472767
0.469177
0.465608
0.462458
0.460041
0.45858
0.458212
0.458997
0.460932
0.463965
0.468004
0.472936
0.478632
0.484954
0.491764
0.498927
0.506314
0.513808
0.521299
0.528693
0.535908
0.542878
0.549549
0.555883
0.561857
0.567461
0.5727
0.577592
0.582165
0.586462
0.590531
0.594432
0.598229
0.601992
0.6058
0.609741
0.613896
0.618341
0.623144
0.628365
0.634054
0.640246
0.646959
0.654197
0.661945
0.670166
0.678809
0.687803
0.697063
0.706488
0.71597
0.72539
0.734627
0.743556
0.752055
0.760008
0.767303
0.77384
0.77953
0.784293
0.788065
0.790797
0.79245
0.793002
0.792441
0.790769
0.787997
0.784147
0.779245
0.773328
0.766433
0.758605
0.749888
0.740323
0.729978
0.71892
0.707186
0.69482
0.681853
0.668314
0.654229
0.639617
0.624497
0.608883
0.592785
0.576214
0.559179
0.541689
0.523753
0.505386
0.486609
0.467449
0.447947
0.428147
0.408022
0.387616
0.366976
0.346156
0.325219
0.304236
0.283287
0.262461
0.241857
0.221583
0.201753
0.182491
0.163919
0.146169
0.129367
0.113704
0.099358
0.0864065
0.0748944
0.0648259
0.0561616
0.0488205
0.0426862
0.0376181
0.0334649
0.0300777
0.027319
0.0250684
0.0232248
0.0217053
0.0206641
0.0205854
0.0206075
0.0206339
0.0206412
0.0206099
0.0205314
0.0204034
0.0202282
0.0200103
0.0197559
0.0194714
0.019163
0.0188367
0.0184976
0.0181503
0.0177986
0.0174457
0.0170941
0.0167458
0.0164025
0.0160652
0.0157347
0.0154118
0.0150967
0.0147896
0.0144906
0.0141995
0.0139162
0.0136406
0.0133723
0.013111
0.0128565
0.0126083
0.0123663
0.01213
0.0118991
0.0116733
0.0114524
0.011236
0.0110237
0.0108154
0.0106097
0.0104058
0.0102034
0.0100025
0.00980313
0.0096054
0.00940944
0.0092155
0.00902396
0.0088353
0.00865019
0.00846944
0.00829409
0.00812535
0.00796468
0.00781372
0.00767432
0.00754848
0.00743834
0.00734607
0.00727386
0.00722376
0.00719766
0.00719715
0.00722347
0.0072774
0.00735923
0.00746875
0.00760522
0.00776745
0.00795384
0.00816252
0.00839146
0.00863866
0.0089023
0.00918095
0.00947383
0.00978102
0.0101038
0.0104451
0.0108101
0.0112071
0.0116493
0.0121578
0.0127673
0.0135368
0.0145721
0.016074
0.0184433
0.0224809
0.0295956
0.0415652
0.0595529
0.0834239
0.112169
0.143716
0.176179
0.209112
0.242037
0.274474
0.305927
0.335899
0.363911
0.389519
0.412344
0.432083
0.448541
0.461635
0.47141
0.478037
0.481805
0.483104
0.482401
0.480207
0.477046
0.47342
0.469783
0.466519
0.463928
0.462229
0.461555
0.46197
0.463477
0.466033
0.469559
0.473954
0.479102
0.484878
0.491156
0.497813
0.504732
0.511805
0.518932
0.526028
0.533018
0.539842
0.546452
0.552815
0.558911
0.564732
0.570285
0.575587
0.580665
0.585558
0.59031
0.594976
0.599613
0.604283
0.609052
0.614
0.6192
0.624715
0.630605
0.63692
0.643699
0.650968
0.658739
0.667006
0.675748
0.684924
0.694477
0.704329
0.714392
0.724559
0.734715
0.744735
0.75449
0.763848
0.77268
0.780862
0.788274
0.794812
0.800378
0.804893
0.808289
0.810515
0.811537
0.811332
0.809895
0.807233
0.803363
0.798315
0.792125
0.784837
0.776501
0.767169
0.756896
0.745739
0.733759
0.720997
0.707545
0.693465
0.678799
0.663592
0.647877
0.631687
0.615047
0.597982
0.580511
0.562652
0.544419
0.525828
0.506896
0.487641
0.468086
0.448263
0.428212
0.407989
0.387574
0.366999
0.346308
0.32555
0.304785
0.284078
0.263505
0.243148
0.223098
0.203458
0.184335
0.165842
0.148098
0.131225
0.115417
0.100843
0.0875949
0.0757383
0.0653
0.0562655
0.0485763
0.0421337
0.036808
0.0324514
0.0289118
0.0260453
0.0237236
0.0218376
0.0202974
0.0190304
0.0217485
0.0216184
0.0215758
0.0215291
0.0214619
0.0213594
0.021215
0.0210276
0.0207995
0.020535
0.0202394
0.0199185
0.0195779
0.0192228
0.0188578
0.0184869
0.0181137
0.0177409
0.0173707
0.017005
0.0166453
0.0162925
0.0159473
0.0156103
0.0152818
0.014962
0.0146507
0.014348
0.0140536
0.0137674
0.013489
0.0132182
0.0129547
0.0126981
0.0124481
0.0122044
0.0119666
0.0117344
0.0115076
0.0112857
0.0110687
0.010856
0.0106465
0.0104393
0.0102345
0.0100321
0.00983221
0.0096349
0.0094405
0.00924937
0.00906204
0.00887917
0.00870161
0.00853035
0.0083666
0.00821174
0.00806729
0.00793496
0.00781655
0.00771393
0.00762899
0.00756356
0.00751932
0.00749778
0.00750016
0.00752732
0.00757975
0.00765748
0.00776013
0.00788687
0.00803649
0.00820744
0.00839795
0.00860615
0.00883014
0.00906821
0.00931895
0.00958147
0.00985555
0.0101419
0.0104426
0.010761
0.0111033
0.0114783
0.0119004
0.0123916
0.0129883
0.0137526
0.0147961
0.0163318
0.0187873
0.0230157
0.0304966
0.0430356
0.0617286
0.0863519
0.11585
0.147602
0.180285
0.213425
0.246535
0.279125
0.310693
0.34074
0.368785
0.394388
0.417174
0.436849
0.453225
0.46623
0.475917
0.482465
0.486165
0.487409
0.486658
0.484415
0.481193
0.47748
0.473716
0.470274
0.467445
0.465444
0.464403
0.464391
0.465418
0.46745
0.470421
0.47424
0.478803
0.484
0.489716
0.49584
0.502266
0.508894
0.515637
0.522414
0.52916
0.535821
0.542354
0.54873
0.554932
0.560955
0.566805
0.572499
0.578062
0.583529
0.588941
0.594345
0.599792
0.605335
0.611028
0.616944
0.623142
0.629679
0.636601
0.643949
0.651751
0.660026
0.668775
0.677986
0.687631
0.697662
0.708015
0.718612
0.729355
0.740134
0.750829
0.76131
0.771441
0.781087
0.79011
0.798381
0.805778
0.812187
0.817512
0.821667
0.824586
0.826217
0.826527
0.825499
0.823129
0.819432
0.814432
0.808166
0.800679
0.792026
0.782265
0.77146
0.759678
0.746984
0.733448
0.719134
0.704113
0.688429
0.672183
0.655436
0.638228
0.620607
0.602603
0.584251
0.565576
0.546603
0.527353
0.507846
0.488103
0.468145
0.447998
0.427693
0.40727
0.38678
0.366248
0.345664
0.325074
0.304524
0.284068
0.263767
0.243689
0.22391
0.204515
0.185599
0.167264
0.149613
0.132758
0.1169
0.102187
0.088724
0.0765906
0.0658348
0.0564656
0.0484483
0.041705
0.0361206
0.0315545
0.0278548
0.0248725
0.0224721
0.0205365
0.0189689
0.0176914
0.0166413
0.0231099
0.0229221
0.0228077
0.0226796
0.0225289
0.0223451
0.0221243
0.0218666
0.0215747
0.0212527
0.0209056
0.0205385
0.0201564
0.0197638
0.0193649
0.0189631
0.0185614
0.0181624
0.017768
0.0173797
0.0169987
0.016626
0.016262
0.0159073
0.015562
0.0152263
0.0148999
0.0145829
0.014275
0.0139759
0.0136854
0.0134031
0.0131287
0.0128619
0.0126024
0.0123497
0.0121035
0.0118636
0.0116296
0.0114012
0.0111781
0.0109602
0.0107459
0.010535
0.0103274
0.0101233
0.00992286
0.0097263
0.00953405
0.00934664
0.00916474
0.0089892
0.00882097
0.0086612
0.00851115
0.00837224
0.00824596
0.00813388
0.00803759
0.00795864
0.00789852
0.00785854
0.00783984
0.00784326
0.00786937
0.00791835
0.00799006
0.00808396
0.00819916
0.00833448
0.00848844
0.00865941
0.00884566
0.00904548
0.00925726
0.0094797
0.00971185
0.00995335
0.0102045
0.0104668
0.0107426
0.0110362
0.0113541
0.011706
0.0121068
0.0125798
0.0131628
0.0139206
0.0149706
0.0165374
0.0190742
0.0234835
0.0313085
0.0443731
0.0637072
0.0890092
0.119126
0.151052
0.183952
0.217299
0.250598
0.283352
0.315052
0.345196
0.373304
0.398938
0.421725
0.441378
0.457714
0.470669
0.480303
0.486796
0.490444
0.491635
0.490827
0.488513
0.485196
0.481354
0.477415
0.473742
0.470623
0.468267
0.46681
0.466324
0.466828
0.468296
0.470674
0.473883
0.477832
0.482421
0.487548
0.493114
0.499022
0.505183
0.511517
0.517955
0.524435
0.53091
0.537343
0.543708
0.549992
0.556189
0.562306
0.568359
0.57437
0.580371
0.586398
0.592491
0.598694
0.605051
0.611608
0.618423
0.625549
0.633029
0.640902
0.649195
0.657929
0.667111
0.676736
0.686783
0.697215
0.707982
0.719012
0.730221
0.741508
0.75276
0.76385
0.774646
0.785008
0.794795
0.803868
0.812092
0.819342
0.825502
0.830473
0.83417
0.836524
0.837487
0.837026
0.835128
0.831796
0.827049
0.820918
0.813448
0.804695
0.79472
0.783593
0.771388
0.758182
0.744051
0.729075
0.713328
0.696888
0.679821
0.662204
0.644082
0.625549
0.606673
0.587483
0.568028
0.548336
0.528438
0.50836
0.488126
0.46776
0.447284
0.426727
0.406119
0.385496
0.364905
0.344397
0.323948
0.303595
0.283382
0.263354
0.243568
0.224085
0.204975
0.186315
0.168196
0.150714
0.133955
0.118133
0.103366
0.0897668
0.0774264
0.0664102
0.0567486
0.0484304
0.0414001
0.0355607
0.0307823
0.0269167
0.0238122
0.0213266
0.0193355
0.0177348
0.0164406
0.0153866
0.0145197
0.0248359
0.0245833
0.0243884
0.0241693
0.023924
0.0236469
0.023337
0.0229959
0.0226269
0.0222344
0.0218229
0.0213972
0.0209618
0.0205206
0.0200772
0.0196347
0.0191955
0.0187618
0.0183352
0.017917
0.0175081
0.0171092
0.0167207
0.0163429
0.0159759
0.0156196
0.0152739
0.0149385
0.0146133
0.0142979
0.013992
0.0136951
0.013407
0.0131273
0.0128555
0.0125914
0.0123346
0.0120847
0.0118415
0.0116047
0.011374
0.0111492
0.010929
0.0107134
0.0105023
0.0102961
0.0100949
0.00989913
0.00970944
0.00952642
0.00935087
0.0091837
0.00902595
0.00887875
0.00874333
0.00862096
0.00851295
0.00842058
0.0083451
0.0082876
0.00824909
0.00823032
0.00823185
0.00825393
0.00829657
0.00835943
0.00844189
0.00854305
0.00866176
0.00879666
0.00894626
0.00910901
0.00928335
0.00946786
0.00966132
0.00986282
0.0100719
0.0102887
0.0105141
0.01075
0.0109993
0.0112669
0.0115596
0.0118879
0.0122672
0.0127216
0.0132905
0.0140413
0.0150964
0.0166915
0.0193039
0.0238815
0.0320233
0.0455634
0.0654731
0.0914083
0.121939
0.154071
0.187187
0.220743
0.254236
0.287162
0.319009
0.349272
0.377469
0.403165
0.425988
0.445656
0.461991
0.474932
0.484542
0.491004
0.494614
0.495757
0.494884
0.492484
0.489048
0.485044
0.480892
0.47695
0.4735
0.47075
0.46884
0.467846
0.467795
0.468671
0.470429
0.473004
0.476316
0.480276
0.484794
0.489782
0.495152
0.500826
0.506733
0.512808
0.519
0.525265
0.531572
0.537896
0.544227
0.550561
0.556904
0.56327
0.569678
0.576156
0.582734
0.589447
0.596331
0.603423
0.610759
0.618385
0.626343
0.634667
0.643384
0.652514
0.662066
0.672038
0.682416
0.693173
0.704265
0.715634
0.727204
0.738887
0.750576
0.762156
0.773497
0.784463
0.794913
0.804702
0.81369
0.821739
0.828724
0.834528
0.839049
0.842205
0.843927
0.844168
0.842901
0.840114
0.835817
0.830033
0.822802
0.814176
0.804218
0.793001
0.780601
0.767103
0.752593
0.737159
0.720886
0.703863
0.686171
0.66789
0.649097
0.629859
0.61025
0.59032
0.570131
0.549772
0.529255
0.508626
0.487912
0.467138
0.446331
0.425517
0.404721
0.383974
0.36331
0.34277
0.32241
0.30222
0.282221
0.26245
0.242948
0.223764
0.204952
0.186579
0.168712
0.15144
0.134858
0.119136
0.104387
0.0907227
0.0782412
0.0670211
0.0571113
0.048523
0.0412234
0.0351359
0.0301449
0.026109
0.0228765
0.0203
0.018248
0.0166092
0.0152936
0.0142299
0.0133626
0.0126477
0.0270452
0.0267203
0.0264353
0.026114
0.0257614
0.025377
0.0249628
0.0245223
0.0240601
0.0235806
0.0230887
0.0225887
0.0220847
0.0215804
0.0210787
0.0205823
0.0200932
0.0196132
0.0191435
0.0186851
0.0182387
0.0178046
0.0173831
0.0169742
0.016578
0.0161942
0.0158225
0.0154626
0.0151142
0.0147769
0.0144502
0.0141338
0.0138272
0.01353
0.0132419
0.0129624
0.0126911
0.0124278
0.0121721
0.0119238
0.0116828
0.0114488
0.0112206
0.0109983
0.0107822
0.0105725
0.0103696
0.010174
0.0099863
0.00980729
0.00963775
0.00947858
0.00933073
0.00919522
0.00907309
0.00896536
0.00887301
0.00879696
0.008738
0.00869679
0.00867381
0.00866933
0.00868341
0.00871584
0.00876621
0.00883384
0.00891785
0.00901714
0.00913049
0.00925657
0.00939397
0.00954134
0.00969741
0.00986107
0.0100315
0.0102082
0.0103911
0.0105809
0.0107788
0.0109872
0.0112094
0.0114506
0.0117183
0.0120232
0.0123814
0.0128178
0.0133729
0.0141164
0.0151755
0.0167963
0.0194779
0.0242091
0.0326359
0.0465956
0.0670083
0.0935008
0.124315
0.156671
0.190004
0.223769
0.25746
0.290566
0.322572
0.35297
0.38128
0.407065
0.429956
0.449672
0.466038
0.478995
0.488608
0.495061
0.498647
0.499748
0.498809
0.496312
0.49274
0.488553
0.484165
0.479928
0.476121
0.472954
0.470568
0.469047
0.468423
0.468692
0.469819
0.471749
0.474413
0.477734
0.481634
0.486033
0.490854
0.496029
0.501492
0.507189
0.513072
0.519103
0.525254
0.531506
0.537847
0.544274
0.550793
0.557415
0.564158
0.571042
0.578095
0.585343
0.592817
0.600546
0.608558
0.616887
0.625564
0.634614
0.644055
0.653896
0.664137
0.674768
0.685767
0.697099
0.708713
0.720545
0.732516
0.744531
0.756482
0.76825
0.779704
0.790705
0.801111
0.810776
0.81956
0.827326
0.833945
0.839304
0.843302
0.845856
0.846902
0.846395
0.84431
0.840642
0.835403
0.828625
0.820353
0.810646
0.799575
0.787221
0.773669
0.759013
0.743346
0.726764
0.709364
0.691239
0.67248
0.653174
0.633403
0.613243
0.592768
0.572041
0.551122
0.530073
0.508912
0.487744
0.466579
0.445441
0.424365
0.403376
0.382496
0.361756
0.341187
0.320825
0.300715
0.28089
0.261336
0.242086
0.22318
0.204657
0.186567
0.168975
0.151927
0.135567
0.119992
0.105312
0.0916368
0.0790677
0.0676921
0.0575738
0.048744
0.0411923
0.0348635
0.0296593
0.0254483
0.0220813
0.0194077
0.0172893
0.0156074
0.0142656
0.0131877
0.0123146
0.0116005
0.0110093
0.0298774
0.0294739
0.0290894
0.028654
0.0281799
0.0276719
0.0271358
0.0265772
0.0260021
0.0254158
0.0248234
0.0242294
0.0236375
0.0230512
0.0224731
0.0219053
0.0213496
0.0208074
0.0202794
0.0197664
0.0192687
0.0187865
0.0183197
0.0178682
0.0174317
0.0170098
0.0166021
0.0162083
0.0158277
0.0154599
0.0151044
0.0147607
0.0144284
0.0141068
0.0137957
0.0134946
0.0132032
0.012921
0.0126479
0.0123836
0.0121283
0.011881
0.0116413
0.0114092
0.0111851
0.0109693
0.0107623
0.0105645
0.0103767
0.0101995
0.0100336
0.00987975
0.00973879
0.00961148
0.00949857
0.00940075
0.00931864
0.00925275
0.00920346
0.00917101
0.00915546
0.00915668
0.00917436
0.00920801
0.00925694
0.0093203
0.00939708
0.00948619
0.00958642
0.00969656
0.00981541
0.00994186
0.0100749
0.0102138
0.0103581
0.0105076
0.0106628
0.0108245
0.0109945
0.0111753
0.0113709
0.0115866
0.0118302
0.0121129
0.0124512
0.0128706
0.0134127
0.0141495
0.0152123
0.0168563
0.0196004
0.0244686
0.0331449
0.0474639
0.0682989
0.0952487
0.126295
0.158875
0.192424
0.226398
0.260287
0.293577
0.325751
0.356299
0.38474
0.410636
0.43362
0.453411
0.469836
0.482835
0.492475
0.498937
0.502512
0.503578
0.502576
0.499979
0.496264
0.491884
0.487249
0.482705
0.478532
0.47494
0.472074
0.470023
0.468828
0.468492
0.468992
0.470282
0.472303
0.474992
0.478277
0.48209
0.486364
0.491036
0.496051
0.501359
0.506919
0.512697
0.518668
0.524815
0.531128
0.537603
0.544244
0.551061
0.558067
0.56528
0.572721
0.580411
0.588374
0.596632
0.605205
0.614117
0.62339
0.633038
0.643071
0.653489
0.664284
0.675437
0.686919
0.698687
0.710685
0.722844
0.73508
0.747295
0.759377
0.771206
0.782649
0.793566
0.803816
0.813253
0.821737
0.829132
0.835312
0.840164
0.843591
0.845511
0.845863
0.844607
0.84172
0.837204
0.831075
0.823369
0.814139
0.803451
0.791381
0.778018
0.763455
0.747792
0.731131
0.713575
0.695226
0.676186
0.656551
0.636415
0.615864
0.59498
0.57384
0.552511
0.531058
0.509537
0.487993
0.466486
0.445038
0.423688
0.402497
0.381475
0.360641
0.340028
0.319664
0.299581
0.279818
0.260417
0.241363
0.222683
0.204409
0.18658
0.169223
0.152433
0.136284
0.120869
0.106282
0.0926261
0.0800019
0.0685016
0.0582006
0.0491471
0.0413522
0.0347825
0.0293591
0.0249635
0.0214517
0.0186716
0.0164789
0.0147475
0.0133741
0.012277
0.0113933
0.0106747
0.010084
0.00959143
0.033449
0.0329639
0.0324722
0.0319119
0.0313022
0.0306539
0.0299767
0.0292792
0.0285691
0.027853
0.0271367
0.026425
0.0257218
0.0250303
0.024353
0.0236919
0.0230483
0.0224232
0.0218173
0.0212307
0.0206637
0.0201159
0.0195873
0.0190772
0.0185854
0.0181111
0.0176538
0.0172129
0.0167878
0.0163778
0.0159824
0.0156009
0.0152328
0.0148775
0.0145347
0.0142037
0.0138844
0.0135763
0.0132791
0.0129928
0.0127176
0.0124518
0.0121956
0.0119492
0.0117128
0.0114868
0.0112716
0.0110678
0.0108757
0.010696
0.0105293
0.0103759
0.0102366
0.0101117
0.0100017
0.00990702
0.00982782
0.0097643
0.00971648
0.00968427
0.00966742
0.00966553
0.00967805
0.00970432
0.00974353
0.00979476
0.00985702
0.00992925
0.0100104
0.0100994
0.0101952
0.0102971
0.0104043
0.0105164
0.0106331
0.0107547
0.0108819
0.011016
0.0111588
0.0113134
0.0114838
0.0116757
0.0118972
0.0121597
0.0124801
0.0128845
0.0134155
0.0141468
0.0152134
0.0168786
0.0196783
0.024666
0.0335547
0.0481707
0.0693448
0.0966512
0.127914
0.160714
0.194475
0.228655
0.262742
0.296218
0.328564
0.359271
0.387854
0.413878
0.436972
0.456859
0.473362
0.486424
0.496108
0.502595
0.506172
0.507213
0.506153
0.503459
0.499603
0.495033
0.490152
0.485305
0.480773
0.476766
0.473433
0.47087
0.469123
0.468206
0.468103
0.468778
0.470183
0.472262
0.474956
0.478203
0.481945
0.486129
0.490703
0.495625
0.500858
0.506372
0.512146
0.518162
0.524411
0.530891
0.537602
0.544552
0.551751
0.559213
0.566953
0.574987
0.583334
0.592008
0.601024
0.610395
0.620136
0.630252
0.640745
0.651605
0.662818
0.674359
0.68619
0.698262
0.710516
0.722876
0.735254
0.74755
0.759651
0.771433
0.782763
0.793503
0.80351
0.812642
0.820759
0.827727
0.833424
0.837738
0.840575
0.841858
0.841529
0.83955
0.835906
0.8306
0.823655
0.815112
0.805029
0.793476
0.780539
0.766309
0.750888
0.734381
0.716895
0.698541
0.679427
0.659657
0.639335
0.618557
0.597415
0.575995
0.554375
0.532626
0.510814
0.488998
0.467226
0.445549
0.424003
0.402624
0.381452
0.360513
0.339818
0.319421
0.299341
0.279605
0.260245
0.241301
0.222774
0.204673
0.187031
0.169899
0.153313
0.137343
0.122061
0.107555
0.0939144
0.0812362
0.069614
0.059131
0.0498499
0.0418014
0.0349747
0.0293116
0.0247095
0.0210323
0.018128
0.0158469
0.0140552
0.0126416
0.0115184
0.0106181
0.0098894
0.00929328
0.00879971
0.00838468
0.0377647
0.0372003
0.0365981
0.0359056
0.0351492
0.0343462
0.0335106
0.0326544
0.0317877
0.0309187
0.0300544
0.0292003
0.0283608
0.0275392
0.0267381
0.0259593
0.025204
0.024473
0.0237666
0.023085
0.0224278
0.0217946
0.021185
0.0205983
0.0200337
0.0194906
0.018968
0.0184653
0.0179816
0.0175162
0.0170683
0.0166372
0.0162224
0.0158232
0.015439
0.0150694
0.014714
0.0143723
0.0140442
0.0137295
0.0134278
0.0131379
0.0128599
0.012594
0.0123403
0.0120993
0.0118712
0.0116563
0.011455
0.0112676
0.0110943
0.0109355
0.0107915
0.0106623
0.0105482
0.0104493
0.0103654
0.0102964
0.0102422
0.0102023
0.0101764
0.0101638
0.0101639
0.0101759
0.010199
0.0102324
0.010275
0.0103259
0.0103842
0.0104491
0.0105197
0.0105955
0.010676
0.010761
0.0108506
0.0109453
0.011046
0.0111542
0.0112721
0.0114029
0.0115509
0.0117219
0.0119243
0.0121697
0.0124751
0.0128673
0.0133895
0.0141171
0.0151882
0.0168733
0.0197222
0.0248123
0.033877
0.0487303
0.0701644
0.0977327
0.129214
0.162232
0.196202
0.230583
0.264861
0.298519
0.331037
0.361903
0.390634
0.416791
0.440006
0.459998
0.476592
0.489729
0.49947
0.505994
0.509583
0.510609
0.509499
0.506718
0.50273
0.497981
0.492869
0.48774
0.482872
0.478479
0.474713
0.471675
0.469419
0.467965
0.467305
0.467412
0.468248
0.469765
0.47191
0.474633
0.47788
0.481605
0.485764
0.490318
0.495235
0.500488
0.506057
0.511926
0.518087
0.524535
0.531271
0.538298
0.545625
0.553259
0.561214
0.569499
0.578128
0.58711
0.596454
0.606166
0.616252
0.626711
0.637536
0.648713
0.660219
0.672023
0.684082
0.696342
0.708738
0.721191
0.73361
0.745892
0.757923
0.769577
0.780723
0.791222
0.800933
0.809715
0.817432
0.823951
0.829154
0.832933
0.835196
0.835871
0.834903
0.832259
0.827926
0.821914
0.814249
0.804977
0.79416
0.781875
0.768211
0.753265
0.737143
0.719955
0.701815
0.682835
0.663129
0.642805
0.621971
0.600726
0.579165
0.557375
0.535437
0.513425
0.491404
0.469434
0.447567
0.425848
0.404318
0.383012
0.361964
0.341201
0.320746
0.30063
0.280878
0.261518
0.242578
0.224093
0.206086
0.188561
0.171549
0.155087
0.139222
0.124015
0.109536
0.0958673
0.083098
0.0713194
0.0606195
0.0510726
0.0427279
0.0355971
0.0296456
0.0247897
0.0209047
0.0178409
0.0154436
0.0135706
0.0121012
0.0109399
0.0100135
0.00926681
0.00865845
0.00815696
0.00773806
0.00738235
0.0426112
0.0419754
0.0412659
0.0404405
0.0395333
0.0385682
0.037564
0.0365361
0.0354976
0.0344589
0.0334284
0.0324127
0.0314169
0.030445
0.0294997
0.028583
0.0276961
0.0268397
0.026014
0.0252188
0.0244538
0.0237182
0.0230115
0.0223327
0.0216808
0.0210549
0.020454
0.0198772
0.0193235
0.018792
0.0182817
0.0177919
0.0173219
0.0168709
0.0164382
0.0160234
0.0156258
0.0152452
0.014881
0.0145331
0.0142003
0.013882
0.0135781
0.0132887
0.013014
0.012754
0.0125088
0.0122786
0.0120635
0.0118635
0.0116786
0.011509
0.0113546
0.0112153
0.0110911
0.0109816
0.0108868
0.0108062
0.0107395
0.0106861
0.0106454
0.0106169
0.0105998
0.0105933
0.0105967
0.010609
0.0106295
0.0106574
0.0106918
0.0107321
0.0107777
0.0108282
0.0108834
0.0109433
0.0110081
0.0110787
0.011156
0.0112419
0.0113387
0.0114496
0.0115791
0.0117334
0.0119206
0.0121527
0.0124471
0.0128305
0.0133469
0.0140731
0.01515
0.0168541
0.0197471
0.0249248
0.0341339
0.0491733
0.0707992
0.0985449
0.130258
0.163492
0.197666
0.232237
0.266696
0.300526
0.333205
0.364224
0.393095
0.419382
0.442716
0.462814
0.4795
0.492714
0.502516
0.509081
0.512689
0.513706
0.512558
0.509701
0.5056
0.500693
0.495379
0.49
0.484837
0.480104
0.475959
0.472506
0.469804
0.46788
0.466733
0.466345
0.466683
0.467707
0.469372
0.471633
0.474444
0.477763
0.481551
0.485774
0.490403
0.495414
0.500786
0.506507
0.512567
0.518961
0.525687
0.532748
0.540147
0.54789
0.555985
0.564439
0.57326
0.582453
0.592022
0.601968
0.612289
0.62298
0.634026
0.645409
0.6571
0.669062
0.681248
0.693601
0.70605
0.718515
0.7309
0.743102
0.755006
0.766485
0.777408
0.787638
0.797036
0.805462
0.812782
0.818868
0.823603
0.826884
0.828623
0.82875
0.827215
0.823989
0.819063
0.812449
0.804178
0.7943
0.782883
0.770004
0.755759
0.740248
0.72358
0.70587
0.687234
0.667789
0.647651
0.626932
0.60574
0.584178
0.562342
0.540322
0.518199
0.496048
0.473934
0.451918
0.43005
0.408378
0.386941
0.365773
0.344905
0.324365
0.304178
0.284367
0.264959
0.245977
0.22745
0.209407
0.19188
0.174879
0.158429
0.142565
0.127334
0.112795
0.0990162
0.0860781
0.0740678
0.0630742
0.0531806
0.0444527
0.036926
0.0305923
0.0253923
0.021218
0.0179259
0.0153578
0.0133617
0.0118057
0.0105835
0.00961383
0.00883601
0.00820494
0.00768684
0.00725606
0.00689275
0.00658106
0.0474921
0.0467978
0.0459921
0.0450434
0.0439934
0.0428721
0.041703
0.0405055
0.0392954
0.0380856
0.0368861
0.0357049
0.0345481
0.0334204
0.032325
0.031264
0.030239
0.0292507
0.0282991
0.0273842
0.0265053
0.0256616
0.0248523
0.0240763
0.0233325
0.0226196
0.0219366
0.0212822
0.0206554
0.020055
0.0194801
0.0189296
0.0184027
0.0178984
0.0174161
0.016955
0.0165145
0.016094
0.0156929
0.0153109
0.0149462
0.0145986
0.014268
0.0139543
0.0136572
0.0133767
0.0131127
0.012865
0.0126336
0.0124182
0.0122187
0.0120349
0.0118666
0.0117136
0.0115754
0.0114519
0.0113425
0.0112468
0.0111643
0.0110945
0.0110366
0.0109901
0.0109542
0.0109281
0.0109113
0.0109027
0.0109019
0.010908
0.0109204
0.0109386
0.0109623
0.010991
0.0110248
0.0110639
0.0111087
0.01116
0.0112192
0.011288
0.0113689
0.0114653
0.0115817
0.0117243
0.0119013
0.0121248
0.0124123
0.0127908
0.0133048
0.0140321
0.0151165
0.0168397
0.0197736
0.0250291
0.0343615
0.0495527
0.0713226
0.0991777
0.131141
0.164589
0.198954
0.2337
0.26832
0.302301
0.335123
0.366273
0.395267
0.421666
0.445101
0.465291
0.482057
0.495338
0.505193
0.511794
0.51542
0.516431
0.515252
0.512335
0.50814
0.503105
0.497626
0.492045
0.486643
0.481636
0.477183
0.473394
0.470332
0.468028
0.466489
0.465701
0.465637
0.466262
0.467538
0.469424
0.471881
0.474868
0.478353
0.482303
0.486692
0.491498
0.496701
0.502289
0.508253
0.514585
0.521284
0.528348
0.535781
0.543584
0.551762
0.560319
0.569259
0.578584
0.588293
0.598385
0.608852
0.619683
0.630861
0.642362
0.654154
0.666195
0.678436
0.690814
0.703257
0.715682
0.727993
0.740083
0.751837
0.76313
0.77383
0.783801
0.792906
0.801007
0.807972
0.813678
0.818008
0.820864
0.82216
0.82183
0.819828
0.816127
0.810722
0.803628
0.794881
0.784532
0.772652
0.759323
0.744641
0.728712
0.711646
0.693561
0.674575
0.654808
0.634377
0.613396
0.591975
0.570219
0.548223
0.526079
0.503868
0.481666
0.459538
0.437543
0.415733
0.394154
0.372845
0.351838
0.331165
0.310851
0.290921
0.271396
0.2523
0.233657
0.215492
0.197833
0.18071
0.164141
0.148151
0.132773
0.118054
0.10405
0.0908315
0.0784777
0.0670752
0.0567119
0.0474675
0.0394003
0.0325325
0.0268366
0.0222309
0.0185861
0.0157453
0.0135468
0.0118444
0.0105173
0.00947201
0.00863897
0.00796694
0.00741811
0.00696418
0.00658361
0.00625971
0.00597921
0.0516618
0.0509252
0.0500449
0.0489962
0.0478283
0.0465765
0.0452684
0.0439268
0.04257
0.0412129
0.0398673
0.0385425
0.0372455
0.0359817
0.0347548
0.0335674
0.0324211
0.0313168
0.0302547
0.0292345
0.0282556
0.0273171
0.0264179
0.0255569
0.0247327
0.023944
0.0231894
0.0224678
0.0217776
0.0211178
0.020487
0.0198842
0.0193083
0.0187583
0.0182333
0.0177324
0.0172548
0.0167998
0.0163667
0.0159545
0.0155621
0.0151889
0.0148348
0.0144992
0.0141819
0.0138825
0.0136007
0.0133362
0.0130887
0.0128578
0.0126434
0.0124449
0.0122622
0.0120947
0.0119422
0.0118041
0.0116799
0.0115693
0.0114715
0.0113861
0.0113124
0.0112497
0.0111974
0.0111548
0.0111212
0.011096
0.0110785
0.011068
0.0110642
0.0110665
0.0110747
0.0110885
0.0111081
0.0111336
0.0111657
0.0112052
0.0112535
0.0113124
0.0113843
0.0114728
0.0115822
0.0117188
0.011891
0.0121107
0.0123954
0.0127725
0.0132869
0.0140177
0.0151112
0.0168547
0.0198305
0.0251633
0.0346166
0.049954
0.0718553
0.0997802
0.132009
0.16566
0.200191
0.235084
0.269835
0.303935
0.336864
0.368112
0.397193
0.423669
0.447172
0.467419
0.484234
0.497555
0.507438
0.514057
0.517687
0.518688
0.51748
0.514515
0.51025
0.505121
0.499522
0.493796
0.488223
0.48302
0.478351
0.474323
0.471007
0.468437
0.466621
0.46555
0.465202
0.465547
0.466549
0.468171
0.470376
0.473129
0.476398
0.480154
0.484371
0.489028
0.494108
0.499598
0.505487
0.511769
0.518439
0.525497
0.532942
0.540775
0.548998
0.557613
0.56662
0.576019
0.585808
0.595981
0.606529
0.617436
0.628683
0.640243
0.65208
0.664152
0.676404
0.688773
0.701185
0.713553
0.725783
0.737766
0.749385
0.760517
0.771031
0.78079
0.789659
0.797503
0.804192
0.809602
0.813623
0.816156
0.817119
0.816449
0.814102
0.810053
0.804302
0.796864
0.787778
0.777098
0.764896
0.751258
0.736281
0.720071
0.702744
0.684415
0.665207
0.64524
0.624631
0.603498
0.581949
0.560089
0.538017
0.515821
0.493586
0.471384
0.449282
0.427339
0.405606
0.384127
0.362941
0.342081
0.321575
0.301449
0.281726
0.262428
0.243575
0.225191
0.207299
0.189924
0.173095
0.156836
0.14117
0.126132
0.111768
0.0981349
0.0853022
0.0733501
0.0623658
0.0524372
0.0436417
0.0360323
0.0296205
0.0243637
0.0201626
0.016873
0.0143298
0.0123713
0.0108571
0.00967567
0.00874267
0.00799634
0.00739163
0.00689531
0.00648247
0.00613412
0.00583558
0.00557521
0.0543056
0.0535506
0.0526265
0.051516
0.0502744
0.0489404
0.0475444
0.0461112
0.044661
0.0432099
0.041771
0.0403544
0.0389677
0.0376168
0.0363057
0.0350374
0.0338136
0.0326352
0.0315024
0.030415
0.0293722
0.0283732
0.0274167
0.0265014
0.0256259
0.0247888
0.0239885
0.0232238
0.022493
0.0217948
0.021128
0.0204911
0.0198832
0.019303
0.0187494
0.0182216
0.0177186
0.0172396
0.0167838
0.0163501
0.0159377
0.0155459
0.0151742
0.0148221
0.014489
0.0141746
0.0138785
0.0136003
0.0133395
0.0130959
0.0128691
0.0126587
0.0124643
0.0122855
0.012122
0.0119732
0.0118388
0.0117181
0.0116108
0.0115161
0.0114335
0.0113624
0.0113021
0.011252
0.0112114
0.0111796
0.011156
0.01114
0.0111311
0.0111289
0.011133
0.0111433
0.0111597
0.0111825
0.0112123
0.0112498
0.0112963
0.0113537
0.0114245
0.0115119
0.0116206
0.0117565
0.0119283
0.0121478
0.0124328
0.0128108
0.0133276
0.0140634
0.0151681
0.0169359
0.019962
0.0253901
0.0349955
0.0505227
0.0726011
0.100618
0.1331
0.166915
0.20157
0.236564
0.2714
0.305569
0.338554
0.369844
0.398955
0.42545
0.448962
0.46921
0.486019
0.499327
0.509193
0.51579
0.519394
0.520364
0.51912
0.516111
0.511795
0.506605
0.500935
0.495127
0.48946
0.484153
0.479368
0.475217
0.471769
0.46906
0.467102
0.465887
0.465394
0.465595
0.466458
0.467945
0.470024
0.472659
0.475819
0.479478
0.483609
0.488194
0.493213
0.498656
0.50451
0.51077
0.51743
0.524488
0.531943
0.539795
0.548045
0.556693
0.565739
0.57518
0.585012
0.595229
0.605819
0.616766
0.628049
0.639639
0.651498
0.663583
0.675837
0.688196
0.700585
0.712917
0.725094
0.737009
0.748545
0.759577
0.769976
0.779605
0.78833
0.796017
0.802536
0.807766
0.811598
0.813935
0.814697
0.813822
0.811267
0.807012
0.801055
0.793415
0.784131
0.77326
0.760875
0.747062
0.731921
0.715559
0.69809
0.679635
0.660313
0.640246
0.619553
0.598349
0.576746
0.554847
0.53275
0.510546
0.488316
0.466135
0.444067
0.422172
0.4005
0.379095
0.357994
0.33723
0.316831
0.296821
0.277223
0.258058
0.239347
0.221109
0.203368
0.186149
0.169477
0.153377
0.137876
0.123007
0.108816
0.0953606
0.0827109
0.0709473
0.060158
0.0504311
0.0418442
0.0344478
0.0282486
0.0231966
0.0191837
0.0160588
0.0136527
0.0118042
0.0103762
0.00926154
0.00838021
0.00767407
0.00710083
0.00662928
0.00623599
0.0059031
0.00561685
0.00536634
0.0270732
0.0285901
0.0291954
0.0291597
0.0286739
0.0278641
0.0268173
0.025599
0.0242612
0.0228468
0.0213911
0.0199234
0.0184675
0.0170424
0.0156631
0.0143407
0.0130964
0.0119393
0.0108521
0.00983122
0.00887639
0.00798773
0.00716462
0.00640584
0.00570943
0.0050731
0.00449403
0.00396932
0.00349573
0.00307009
0.00268897
0.00234917
0.00204725
0.00178011
0.00154444
0.00133736
0.00115581
0.000997226
0.000858883
0.000738618
0.000634074
0.000543384
0.000464843
0.00039688
0.000338104
0.000287309
0.000243445
0.000205619
0.000173059
0.000145132
0.000121307
0.000101192
8.45237e-05
7.13197e-05
6.22306e-05
5.91037e-05
6.29901e-05
7.03549e-05
7.66888e-05
8.16865e-05
8.74446e-05
9.49277e-05
0.000103439
0.000112486
0.000122008
0.000132341
0.000143994
0.000156898
0.000172044
0.000189082
0.000210385
0.000238422
0.00026537
0.00030375
0.000354293
0.000417095
0.000501315
0.000617595
0.000769133
0.0011709
0.061221
0.0628043
0.0628666
0.0619075
0.0602516
0.0580777
0.0555187
0.052684
0.0496663
0.0465445
0.0433847
0.0402419
0.0371602
0.0341743
0.0313102
0.0285874
0.026016
0.0235983
0.021335
0.0192268
0.0172725
0.0154692
0.0138124
0.0122963
0.0109143
0.00965926
0.00852353
0.00749959
0.00657964
0.00575622
0.00502176
0.00436918
0.00379131
0.00328158
0.00283338
0.00244076
0.00209775
0.00179915
0.00153973
0.00131511
0.00112085
0.000953257
0.000808974
0.000684952
0.000578491
0.000487242
0.000409158
0.000342482
0.000285698
0.00023754
0.000196948
0.000163122
0.000135592
0.000114652
0.000102483
0.000103793
0.000119124
0.000139121
0.000155635
0.000169453
0.000184796
0.000203096
0.00022295
0.000243546
0.000265016
0.000288128
0.000313826
0.00034255
0.000375613
0.000413963
0.000459238
0.000515447
0.00057948
0.00066267
0.000769344
0.000905864
0.00108693
0.00133341
0.00164644
0.00231437
0.0799475
0.0803983
0.0795414
0.0777453
0.0752705
0.0722712
0.0688757
0.0651977
0.0613383
0.0573858
0.0534159
0.0494915
0.0456631
0.04197
0.0384414
0.0350974
0.0319499
0.0289968
0.0262386
0.0236737
0.0212983
0.0191068
0.0170923
0.0152467
0.0135613
0.0120272
0.0106353
0.00937677
0.00824255
0.00722415
0.006313
0.005501
0.00478
0.00414237
0.00358045
0.0030872
0.00265556
0.0022792
0.00195185
0.00166808
0.00142249
0.00121046
0.0010278
0.000870691
0.000735759
0.000620051
0.000520991
0.000436357
0.000364238
0.000303035
0.000251428
0.00020847
0.000173777
0.000148335
0.000136077
0.000142624
0.000164584
0.000188435
0.000206572
0.000222119
0.000240338
0.000262307
0.000286312
0.000311522
0.000338174
0.000367131
0.00039939
0.000435693
0.000477542
0.00052626
0.000583688
0.000653947
0.000736156
0.000840729
0.000975119
0.00114744
0.00137528
0.00168382
0.00207662
0.00287735
0.0938579
0.093167
0.0913694
0.0887638
0.0855457
0.0818417
0.0777689
0.0734376
0.068949
0.0643942
0.0598514
0.0553862
0.0510511
0.0468864
0.0429214
0.0391755
0.0356588
0.0323668
0.0292986
0.0264504
0.0238159
0.0213872
0.019155
0.0171093
0.0152396
0.0135358
0.0119874
0.0105848
0.00931831
0.00817873
0.00715702
0.00624457
0.00543278
0.0047135
0.00407854
0.00352025
0.00303101
0.00260386
0.00223192
0.00190912
0.00162951
0.0013879
0.00117956
0.00100022
0.000846059
0.000713754
0.000600387
0.000503446
0.000420768
0.000350553
0.000291348
0.000242197
0.000203022
0.00017582
0.000166078
0.000178213
0.000203869
0.000227977
0.000245468
0.000261572
0.000281557
0.00030578
0.000332366
0.000360563
0.000390684
0.000423635
0.000460442
0.000502038
0.00055004
0.00060594
0.000671842
0.000751993
0.000846674
0.000966521
0.00112015
0.00131677
0.00157617
0.0019258
0.00237154
0.00325033
0.105515
0.103745
0.101024
0.0976261
0.0936948
0.0893341
0.0846493
0.079744
0.0747168
0.0696572
0.0646436
0.0597413
0.0550027
0.0504675
0.0461641
0.0421101
0.0383128
0.0347659
0.0314669
0.0284103
0.0255875
0.0229882
0.0206011
0.0184143
0.0164157
0.0145937
0.0129369
0.0114347
0.0100768
0.0088534
0.00775517
0.00677306
0.00589816
0.00512195
0.00443593
0.00383204
0.0033023
0.0028393
0.0024358
0.00208529
0.00178145
0.00151869
0.00129193
0.00109657
0.000928507
0.000784156
0.000660367
0.000554428
0.000464013
0.000387199
0.000322489
0.000269047
0.000227323
0.000200569
0.000195182
0.000212456
0.000239457
0.000261867
0.000278021
0.000294586
0.000316087
0.000342081
0.000370654
0.000401184
0.000434057
0.000470204
0.000510676
0.000556561
0.000609525
0.000671258
0.000744072
0.000832276
0.000936985
0.00106905
0.001238
0.00145394
0.00173801
0.00211907
0.00260495
0.003534
0.115802
0.113011
0.1094
0.105233
0.100613
0.0956263
0.0903679
0.0849343
0.0794194
0.0739101
0.0684828
0.0632012
0.0581164
0.0532668
0.048679
0.0443687
0.0403393
0.0365836
0.0330978
0.0298742
0.0269024
0.02417
0.0216636
0.0193694
0.0172738
0.0153639
0.0136272
0.0120521
0.0106277
0.00934369
0.00819022
0.00715794
0.00623765
0.00542051
0.00469777
0.00406107
0.00350216
0.00301332
0.00258703
0.00221645
0.00189503
0.00161689
0.00137668
0.0011696
0.000991325
0.000838093
0.000706594
0.000593981
0.000497823
0.00041614
0.000347468
0.000291227
0.00024863
0.000224251
0.000224276
0.00024549
0.000271813
0.000291546
0.000306456
0.000323739
0.000346716
0.000374254
0.000404515
0.000437037
0.000472274
0.000511178
0.000554833
0.000604435
0.000661707
0.000728483
0.000807286
0.000902515
0.00101579
0.00115847
0.00134059
0.00157287
0.00187756
0.00228437
0.00280265
0.00376495
0.125112
0.121351
0.116894
0.111988
0.106704
0.101118
0.0953149
0.0893852
0.0834178
0.0774957
0.0716924
0.0660694
0.0606758
0.055548
0.0507105
0.0461765
0.0419457
0.0380104
0.0343653
0.0310011
0.0279052
0.0250633
0.0224602
0.0200804
0.0179087
0.0159307
0.014133
0.0125029
0.0110289
0.00970012
0.00850618
0.00743738
0.00648421
0.00563755
0.00488842
0.00422818
0.00364837
0.00314102
0.0026984
0.00231345
0.00197941
0.0016902
0.0014403
0.00122473
0.00103904
0.000879336
0.000742199
0.000624695
0.000524339
0.000439146
0.000367773
0.000310049
0.000268154
0.000247765
0.000253424
0.000276887
0.000300964
0.000317801
0.000331978
0.000350311
0.000374761
0.000403707
0.000435482
0.000469788
0.000507145
0.000548526
0.000595046
0.000647998
0.000709147
0.000780484
0.000864703
0.000966252
0.00108722
0.00123934
0.00143315
0.00167986
0.00200251
0.00243126
0.00297658
0.0039605
0.13364
0.128962
0.123709
0.118098
0.112178
0.106019
0.0996975
0.0932989
0.0869069
0.0806005
0.0744497
0.0685134
0.0628382
0.0574582
0.0523955
0.0476609
0.0432498
0.0391549
0.0353696
0.0318826
0.0286797
0.0257447
0.0230605
0.02061
0.0183766
0.0163445
0.0144991
0.012827
0.0113156
0.00995361
0.0087301
0.00763492
0.00665827
0.00579072
0.00502304
0.00434636
0.00375204
0.00323186
0.00277797
0.00238309
0.00204034
0.00174347
0.00148684
0.00126536
0.0010745
0.000910249
0.000769143
0.000648195
0.000544906
0.000457345
0.00038438
0.000326414
0.000286726
0.000271515
0.000282227
0.000306079
0.000326944
0.000341249
0.000355369
0.00037504
0.000400946
0.000431204
0.000464378
0.00050033
0.00053964
0.000583304
0.000632474
0.000688513
0.000753243
0.000828782
0.000917976
0.00102537
0.00115336
0.00131416
0.00151863
0.00177834
0.002117
0.00256489
0.00313322
0.00413025
0.141491
0.135957
0.129959
0.12368
0.117155
0.11045
0.103636
0.096794
0.0900022
0.0833358
0.0768613
0.0706346
0.0646994
0.0590874
0.0538185
0.0489009
0.0443249
0.0400854
0.0361738
0.0325772
0.0292797
0.0262634
0.0235094
0.0209992
0.0187147
0.0166387
0.0147557
0.0130511
0.0115116
0.0101252
0.00888045
0.00776676
0.00677394
0.00589226
0.00511224
0.00442475
0.00382099
0.00329255
0.00283144
0.00243021
0.0020819
0.00178015
0.00151922
0.00129395
0.00109974
0.000932542
0.000788848
0.000665663
0.000560511
0.000471575
0.000398042
0.00034105
0.000304951
0.000295541
0.000310074
0.000332618
0.000349947
0.000362462
0.00037719
0.000398389
0.000425709
0.000457202
0.000491691
0.000529189
0.000570329
0.00061613
0.000667783
0.000726714
0.000794798
0.000874281
0.000968138
0.00108098
0.00121554
0.00138438
0.00159867
0.00187033
0.0022235
0.00268836
0.00327649
0.00428011
0.148723
0.142407
0.135714
0.128805
0.121707
0.114484
0.107205
0.0999437
0.0927755
0.0857714
0.0789945
0.0724972
0.0663207
0.060494
0.0550343
0.0499465
0.0452191
0.040847
0.0368202
0.0331242
0.0297416
0.0266529
0.0238379
0.0212763
0.0189487
0.0168368
0.0149238
0.0131941
0.0116338
0.0102299
0.00897055
0.00784459
0.00684148
0.00595111
0.00516376
0.00447004
0.00386099
0.00332801
0.00286301
0.00245841
0.00210716
0.00180283
0.00153961
0.00131231
0.00111629
0.000947484
0.000802372
0.000677979
0.000571896
0.000482485
0.000409366
0.000354545
0.000323203
0.000319573
0.000336291
0.00035626
0.000370322
0.000381963
0.000397843
0.00042066
0.000449328
0.00048199
0.000517732
0.000556699
0.000599574
0.0006474
0.000701407
0.000763073
0.000834336
0.000917544
0.00101579
0.00113379
0.00127453
0.00145092
0.00167441
0.00195713
0.0023236
0.00280368
0.00340894
0.004414
0.155381
0.148353
0.141013
0.133514
0.125878
0.118168
0.110449
0.102794
0.0952723
0.0879522
0.0808928
0.0741436
0.0677427
0.0617166
0.0560796
0.0508333
0.0459657
0.041471
0.037338
0.033551
0.0300912
0.0269374
0.0240682
0.0214618
0.0190976
0.016956
0.0150191
0.0132704
0.0116949
0.0102792
0.00901059
0.00787745
0.00686883
0.00597423
0.00518367
0.0044875
0.0038766
0.00334219
0.00287607
0.00247056
0.00211857
0.00181358
0.00154978
0.00132194
0.0011254
0.000956121
0.000810591
0.00068588
0.000579691
0.000490638
0.000418898
0.000367399
0.000341646
0.000343136
0.000360312
0.000377023
0.000388533
0.000400204
0.000417617
0.000442054
0.000471993
0.000505764
0.000542706
0.000583078
0.00062761
0.000677367
0.000733618
0.000797893
0.000872186
0.000958945
0.00106138
0.00118427
0.00133089
0.00151442
0.00174655
0.00203961
0.00241836
0.00291219
0.00353231
0.00453468
0.161497
0.15382
0.145883
0.137833
0.129693
0.121527
0.113397
0.105373
0.0975215
0.0899068
0.0825846
0.0756012
0.0689921
0.0627809
0.0569794
0.0515853
0.0465874
0.0419791
0.0377481
0.0338774
0.0303469
0.0271343
0.0242166
0.021571
0.0191755
0.0170093
0.0150535
0.0132906
0.0117049
0.0102819
0.00900845
0.00787236
0.0068622
0.0059671
0.00517677
0.00448133
0.00387144
0.0033382
0.00287331
0.00246898
0.00211809
0.00181408
0.00155113
0.00132401
0.00112808
0.000959298
0.000814211
0.000689966
0.00058442
0.000496522
0.000427116
0.000379991
0.00036021
0.000365639
0.000381752
0.000395145
0.000405073
0.000417548
0.000436707
0.000462704
0.000493829
0.000528657
0.000566753
0.000608477
0.000654599
0.000706209
0.000764612
0.000831386
0.000908583
0.00099874
0.00110517
0.00123275
0.00138495
0.00157528
0.00181559
0.00211837
0.00250853
0.00301485
0.00364788
0.00464415
0.167098
0.158827
0.150339
0.141776
0.133168
0.124577
0.116065
0.107698
0.0995408
0.091653
0.0840876
0.076888
0.0700865
0.0637044
0.0577504
0.052219
0.0471002
0.0423868
0.0380653
0.0341176
0.0305225
0.0272565
0.0242955
0.0216154
0.0191932
0.0170069
0.0150365
0.0132635
0.0116715
0.0102451
0.00897056
0.00783506
0.00682672
0.00593425
0.00514707
0.00445501
0.00384859
0.00331872
0.00285703
0.00245563
0.00210741
0.00180578
0.00154491
0.00131958
0.0011252
0.000957756
0.000813863
0.000690776
0.000586562
0.000500594
0.000434461
0.000392574
0.000378633
0.000386508
0.000400488
0.00041104
0.000420412
0.000434264
0.000455242
0.000482701
0.000514927
0.000550761
0.000589971
0.000632998
0.000680651
0.000734043
0.000794517
0.000863693
0.000943683
0.0010371
0.00114738
0.00127944
0.001437
0.00163381
0.00188189
0.00219384
0.00259465
0.00311237
0.00375655
0.00474397
0.172206
0.163385
0.154388
0.145353
0.136312
0.127329
0.118464
0.10978
0.10134
0.0932016
0.085413
0.078015
0.0710372
0.0644981
0.0584038
0.0527453
0.0475151
0.0427049
0.0383003
0.0342821
0.0306281
0.0273139
0.0243142
0.021604
0.0191591
0.0169565
0.0149752
0.0131958
0.0116009
0.0101745
0.00890208
0.00777022
0.00676655
0.0058794
0.00509783
0.00441144
0.00381055
0.00328593
0.00282911
0.00243217
0.00208796
0.00178988
0.00153213
0.00130953
0.0011175
0.000952122
0.000810081
0.000688777
0.000586545
0.000503269
0.000441299
0.000405239
0.000396494
0.000405282
0.00041664
0.000425197
0.000434945
0.000450535
0.000473299
0.0005021
0.000535347
0.000572143
0.000612429
0.000656715
0.000705845
0.000760957
0.000823428
0.000894919
0.000977599
0.00107416
0.00118812
0.0013245
0.00148721
0.00169022
0.0019457
0.00226634
0.00267713
0.00320526
0.00385904
0.00483533
0.176826
0.167501
0.158036
0.148567
0.139129
0.129785
0.120596
0.111623
0.102926
0.0945586
0.086567
0.0789888
0.0718509
0.065169
0.0589463
0.0531716
0.0478397
0.0429412
0.0384608
0.0343785
0.0306713
0.0273139
0.02428
0.0215438
0.0190799
0.0168646
0.0148758
0.0130932
0.0114985
0.0100749
0.00880738
0.00768178
0.00668526
0.00580572
0.0050319
0.00435313
0.00375953
0.00324176
0.00279126
0.00240005
0.00206098
0.00176747
0.00151373
0.00129463
0.00110566
0.000942968
0.000803357
0.000684404
0.000584778
0.000504945
0.00044793
0.000417919
0.000413314
0.00042171
0.000430543
0.000438118
0.000448974
0.000466474
0.000490921
0.00052094
0.000555132
0.000592848
0.000634173
0.000679678
0.000730235
0.000787008
0.000851405
0.000925131
0.00101041
0.00111
0.00122753
0.00136805
0.00153571
0.00174467
0.00200721
0.0023361
0.00275624
0.00329392
0.00395592
0.00491919
0.180965
0.171177
0.161286
0.15142
0.14162
0.131949
0.122465
0.11323
0.104301
0.0957268
0.0875529
0.0798131
0.0725316
0.0657212
0.0593817
0.0535024
0.0480788
0.0431008
0.0385522
0.0344125
0.0306578
0.0272621
0.0241985
0.0214402
0.018961
0.0167362
0.014743
0.01296
0.0113683
0.00995028
0.00869005
0.00757303
0.00658582
0.00571589
0.00495165
0.00428219
0.00369741
0.00318786
0.0027449
0.00236052
0.00202755
0.00173946
0.00149049
0.00127556
0.00109025
0.000930791
0.000794124
0.00067805
0.000581635
0.000505968
0.000454538
0.00043039
0.000428635
0.000435778
0.000442658
0.000450243
0.000462706
0.000482138
0.000508127
0.00053924
0.000574311
0.000612909
0.000655239
0.000701923
0.00075386
0.000812239
0.000878499
0.000954385
0.00104217
0.00114469
0.00126564
0.00141017
0.0015826
0.00179727
0.00206656
0.00240329
0.00283224
0.00337866
0.00404762
0.00499636
0.184627
0.174419
0.16414
0.153915
0.143787
0.13382
0.124072
0.114602
0.105464
0.0967074
0.088372
0.0804895
0.0730811
0.0661567
0.0597129
0.0537408
0.048236
0.0431875
0.0385786
0.0343882
0.0305919
0.027163
0.0240741
0.0212976
0.0188066
0.0165756
0.0145808
0.0128003
0.0112141
0.00980389
0.00855321
0.00744682
0.00647082
0.00561226
0.0048592
0.00420049
0.00362584
0.00312568
0.0026913
0.00231468
0.00198864
0.0017067
0.00146313
0.00125295
0.00107181
0.000916052
0.00078279
0.000670092
0.000577477
0.000506648
0.000461201
0.000442325
0.000442136
0.000447709
0.000453497
0.00046192
0.000476267
0.000497551
0.000524921
0.000557016
0.000592905
0.000632347
0.00067565
0.000723473
0.000776746
0.000836677
0.000904738
0.000982711
0.00107292
0.00117826
0.00130253
0.00145092
0.00162795
0.0018481
0.00212385
0.00246805
0.00290528
0.00345973
0.00413452
0.00506748
0.18782
0.177231
0.166603
0.156054
0.145631
0.135399
0.125415
0.115737
0.106417
0.0975003
0.0890245
0.0810183
0.0735
0.0664764
0.0599412
0.0538886
0.0483133
0.0432037
0.0385427
0.0343087
0.0304767
0.02702
0.0239103
0.0211195
0.0186202
0.0163861
0.0143926
0.0126171
0.0110387
0.00963858
0.00839945
0.00730556
0.00634246
0.00549681
0.00475634
0.00410964
0.00354624
0.00305649
0.00263158
0.0022635
0.00194509
0.0016699
0.00143229
0.00122733
0.00105079
0.000899159
0.000769722
0.000660872
0.000572629
0.000507216
0.000467855
0.000453352
0.000453683
0.000457895
0.000463532
0.000473395
0.000489715
0.000512706
0.000541298
0.000574273
0.000610925
0.000651179
0.000695421
0.000744347
0.000798912
0.000860345
0.000930147
0.00101014
0.00110269
0.00121076
0.00133823
0.00149035
0.0016718
0.00189723
0.00217917
0.00253048
0.00297553
0.00353734
0.00421691
0.00513313
0.190553
0.17962
0.168677
0.157838
0.147153
0.136686
0.126496
0.116637
0.107159
0.0981052
0.0895102
0.0813995
0.0737883
0.0666802
0.0600675
0.0539468
0.0483122
0.0431513
0.0384466
0.0341762
0.0303149
0.0268356
0.0237097
0.0209088
0.0184047
0.0161706
0.0141812
0.0124131
0.0108448
0.00945681
0.0082311
0.00715137
0.0062027
0.00537134
0.00464467
0.00401108
0.00345992
0.00298142
0.00256674
0.00220786
0.00189766
0.00162974
0.00139853
0.00119921
0.00102765
0.000880497
0.000755271
0.000650724
0.000567391
0.000507831
0.000474338
0.000463155
0.000463377
0.000466823
0.000473156
0.000484818
0.000503068
0.000527588
0.00055725
0.000591013
0.000628382
0.000669414
0.000714563
0.000764556
0.000820368
0.000883253
0.000954738
0.00103668
0.00113149
0.0012422
0.00137276
0.00152847
0.00171421
0.00194471
0.00223256
0.00259066
0.00304307
0.00361164
0.00429507
0.00519379
0.192836
0.181593
0.17037
0.159273
0.148356
0.137684
0.127314
0.1173
0.10769
0.0985218
0.0898287
0.0816326
0.0739457
0.0667678
0.0600919
0.0539161
0.0482336
0.0430314
0.0382917
0.0339924
0.0301083
0.026612
0.0234748
0.0206678
0.0181624
0.0159314
0.0139488
0.0121906
0.0106347
0.00926067
0.00805009
0.00698608
0.00605321
0.00523737
0.00452559
0.00390607
0.00336797
0.00290146
0.00249764
0.00214853
0.00184701
0.00158679
0.00136236
0.00116901
0.00100276
0.000860409
0.000739756
0.000639948
0.000562008
0.000508542
0.000480403
0.000471539
0.00047151
0.000474977
0.000482651
0.000496262
0.000516307
0.000542169
0.000572762
0.000607237
0.000645279
0.000687058
0.000733083
0.000784106
0.000841125
0.000905413
0.000978523
0.00106235
0.00115935
0.00127261
0.00140614
0.00156532
0.00175518
0.00199056
0.00228409
0.00264866
0.00310802
0.00368279
0.00436922
0.00524989
0.194682
0.183161
0.171688
0.160362
0.149243
0.138394
0.127872
0.117729
0.108009
0.0987501
0.0899799
0.0817175
0.0739717
0.0667389
0.0600146
0.053797
0.0480782
0.042845
0.0380793
0.033759
0.0298587
0.0263511
0.0232074
0.0203984
0.0178955
0.0156707
0.0136977
0.0119518
0.0104102
0.00905201
0.0078582
0.00681134
0.00589553
0.00509629
0.00440037
0.00379573
0.00327142
0.00281752
0.0024251
0.00208621
0.00179378
0.0015416
0.00132426
0.00113716
0.00097648
0.000839224
0.000723482
0.000628826
0.000556676
0.000509317
0.000485804
0.000478508
0.000478514
0.000482776
0.000492194
0.000507741
0.000529405
0.000556422
0.000587824
0.000622943
0.00066162
0.000704117
0.000750985
0.000803002
0.000861186
0.000926828
0.00100151
0.00108715
0.00118627
0.00130198
0.00143839
0.00160092
0.00179476
0.00203482
0.00233378
0.00270452
0.00317045
0.00375089
0.00443957
0.00530179
0.196106
0.184335
0.172639
0.161113
0.149818
0.138818
0.12817
0.117923
0.108119
0.0987908
0.089964
0.0816542
0.0738661
0.0665939
0.0598362
0.05359
0.0478469
0.0425931
0.0378105
0.0334769
0.0295673
0.0260542
0.022909
0.0201025
0.0176056
0.0153902
0.0134294
0.0116981
0.010173
0.00883245
0.00765694
0.00662856
0.00573096
0.00494931
0.00427008
0.00368107
0.00317114
0.00273038
0.0023498
0.00202151
0.00173848
0.00149463
0.00128462
0.00110401
0.000949137
0.000817237
0.000706726
0.000617598
0.000551511
0.000510031
0.000490352
0.000484252
0.000484851
0.000490526
0.000501861
0.000519233
0.00054232
0.000570326
0.000602423
0.000638128
0.000677405
0.000720591
0.000768272
0.000821249
0.000880555
0.000947505
0.0010237
0.0011111
0.00121225
0.00133033
0.00146951
0.00163527
0.00183294
0.00207751
0.00238167
0.0027583
0.00323042
0.00381606
0.00450629
0.00534982
0.197123
0.185128
0.173234
0.161531
0.150087
0.138962
0.128213
0.117886
0.10802
0.0986449
0.089782
0.0814431
0.073629
0.0663335
0.0595572
0.0532959
0.0475404
0.0422766
0.0374863
0.0331475
0.0292354
0.0257228
0.0225812
0.0197814
0.0172943
0.0150915
0.0131457
0.0114314
0.00992464
0.00860346
0.00744771
0.00643905
0.0055607
0.00479754
0.00413576
0.00356298
0.00306797
0.00264076
0.00227238
0.00195499
0.00168162
0.00144631
0.00124383
0.0010699
0.000921036
0.000794729
0.000689748
0.000606468
0.000546562
0.000510538
0.000494004
0.000489127
0.000490945
0.000498414
0.000511674
0.0005307
0.000555012
0.000583856
0.000616555
0.00065279
0.000692636
0.000736482
0.000784945
0.000838845
0.000899234
0.000967443
0.0010451
0.00113419
0.0012373
0.00135767
0.00149952
0.00166838
0.00186975
0.00211865
0.00242778
0.00281003
0.003288
0.00387839
0.00456955
0.0053943
0.19775
0.185551
0.173481
0.161626
0.150055
0.13883
0.128004
0.117621
0.107715
0.0983143
0.089435
0.081085
0.0732606
0.0659585
0.0591786
0.0529157
0.0471597
0.0418964
0.0371076
0.0327717
0.0288641
0.0253581
0.0222253
0.0194366
0.0169631
0.014776
0.012848
0.0111529
0.0096665
0.00836632
0.00723172
0.00624393
0.00538582
0.00464194
0.00399826
0.00344225
0.0029626
0.0025493
0.00219341
0.00188715
0.00162363
0.00139702
0.00120223
0.00103513
0.000892446
0.000771951
0.00067277
0.000595578
0.0005418
0.000510698
0.00049688
0.000493562
0.000497108
0.000506529
0.000521606
0.000542087
0.000567439
0.000596988
0.000630211
0.00066693
0.000707311
0.000751791
0.000801006
0.000855795
0.000917225
0.000986647
0.00106571
0.00115643
0.00126143
0.001384
0.00152842
0.00170027
0.00190519
0.00215824
0.00247214
0.00285975
0.00334323
0.00393796
0.0046295
0.00543548
0.198004
0.185619
0.173392
0.161406
0.149731
0.138428
0.127547
0.11713
0.107207
0.0978015
0.0889251
0.0805815
0.0727633
0.0654707
0.058702
0.0524507
0.0467061
0.0414538
0.0366759
0.0323509
0.0284548
0.0249613
0.0218424
0.0190694
0.0166132
0.0144451
0.0125375
0.010864
0.00939983
0.00812223
0.00701011
0.00604429
0.0052073
0.00448342
0.00385841
0.00331963
0.00285569
0.00245658
0.0021134
0.00181843
0.00156492
0.00134712
0.00116013
0.000999977
0.000863622
0.000749135
0.000655985
0.00058502
0.000537162
0.000510477
0.000499295
0.000497964
0.000503533
0.00051489
0.00053161
0.000553342
0.000579563
0.000609704
0.000643385
0.000680548
0.000721434
0.000766518
0.000816455
0.000872098
0.000934529
0.00100512
0.00108553
0.00117782
0.00128464
0.00140932
0.00155622
0.00173094
0.00193928
0.00219632
0.00251477
0.00290749
0.00339617
0.00399486
0.00468628
0.00547362
0.197901
0.185345
0.172977
0.160879
0.14912
0.137761
0.126848
0.116419
0.1065
0.0971095
0.0882547
0.0799344
0.0721391
0.064872
0.0581291
0.0519025
0.046181
0.0409502
0.0361921
0.0318861
0.0280085
0.0245336
0.0214339
0.018681
0.0162458
0.0141
0.0122154
0.0105657
0.00912574
0.00787227
0.00678389
0.00584105
0.005026
0.00432275
0.00371693
0.00319576
0.00274782
0.00236311
0.00203279
0.00174924
0.00150581
0.00129692
0.0011178
0.000964684
0.000834785
0.000726477
0.000639532
0.000574816
0.00053258
0.000510009
0.000501645
0.000502625
0.0005103
0.000523464
0.000541624
0.000564411
0.000591351
0.000621987
0.00065607
0.000693642
0.000735006
0.000780666
0.000831294
0.000887756
0.000951149
0.00102286
0.00110456
0.00119836
0.00130692
0.00143365
0.00158291
0.00176041
0.00197203
0.00223288
0.00255568
0.00295327
0.00344687
0.00404917
0.00474003
0.00550893
0.197457
0.184741
0.172247
0.160054
0.148231
0.136836
0.125912
0.115492
0.105598
0.0962421
0.087427
0.0791461
0.0713909
0.0641651
0.0574622
0.0512731
0.0455863
0.0403871
0.035658
0.0313788
0.0275267
0.0240763
0.021001
0.0182725
0.0158623
0.0137418
0.011883
0.0102593
0.00884532
0.00761747
0.00655403
0.00563512
0.00484275
0.00416071
0.00357449
0.00307124
0.00263953
0.00226937
0.00195202
0.00167995
0.00144665
0.00124669
0.00107548
0.000929475
0.000806133
0.000704141
0.000623507
0.000564966
0.000528096
0.000509648
0.000504274
0.000507714
0.000517418
0.000532195
0.000551584
0.000575247
0.000602776
0.000633825
0.000668262
0.000706213
0.000748029
0.000794237
0.000845525
0.000902772
0.000967087
0.00103987
0.00112282
0.00121806
0.0013283
0.00145697
0.00160852
0.00178867
0.00200345
0.00226795
0.00259491
0.00299713
0.00349536
0.00410094
0.00479087
0.00554163
0.196686
0.183819
0.171213
0.15894
0.147071
0.13566
0.124746
0.114356
0.104506
0.0952035
0.0864454
0.0782188
0.0705218
0.0633528
0.0567039
0.050565
0.0449239
0.0397663
0.035075
0.0308305
0.0270105
0.0235908
0.0205449
0.0178453
0.0154637
0.0133717
0.0115414
0.00994582
0.00855957
0.00735877
0.00632139
0.0054273
0.00465827
0.00399793
0.00343168
0.0029466
0.00253127
0.00217576
0.00187143
0.00161086
0.0013877
0.00119667
0.0010334
0.000894534
0.000777821
0.000682239
0.000607952
0.000555481
0.00052405
0.000509677
0.000507424
0.000513292
0.000524838
0.00054101
0.000561429
0.000585806
0.000613812
0.000645208
0.000679959
0.000718261
0.000760503
0.000807234
0.000859153
0.00091715
0.000982346
0.00105616
0.0011403
0.00123693
0.00134877
0.00147932
0.00163304
0.00181574
0.00203354
0.00230154
0.00263246
0.00303911
0.0035417
0.00415026
0.00483893
0.00557189
0.1956
0.182591
0.169882
0.157545
0.145648
0.134241
0.123356
0.113015
0.103229
0.0939987
0.0853143
0.0771591
0.0695362
0.0624389
0.0558574
0.0497807
0.0441963
0.0390899
0.034445
0.0302427
0.0264617
0.0230783
0.0200669
0.0174005
0.0150512
0.0129908
0.0111915
0.00962629
0.0082695
0.0070971
0.00608684
0.00521837
0.00447328
0.00383507
0.00328907
0.00282234
0.00242349
0.00208267
0.00179136
0.00154227
0.00132921
0.00114708
0.000991727
0.000860011
0.00074996
0.000660846
0.000592914
0.0005468
0.000520648
0.000510374
0.00051123
0.000519342
0.000532491
0.000549837
0.000571102
0.000596053
0.000624443
0.000656129
0.00069116
0.000729788
0.000772434
0.000819661
0.00087218
0.000930892
0.000996931
0.00107172
0.00115701
0.00125496
0.00136834
0.00150068
0.0016565
0.00184163
0.00206233
0.00233366
0.00266837
0.00307921
0.00358592
0.0041972
0.00488432
0.0055999
0.19421
0.181065
0.168265
0.155878
0.14397
0.132585
0.121749
0.111478
0.101774
0.0926328
0.0840383
0.0759718
0.0684385
0.0614272
0.0549261
0.0489233
0.043406
0.0383602
0.03377
0.0296173
0.0258816
0.0225403
0.0195684
0.0169394
0.0146261
0.0126004
0.0108346
0.00930174
0.00797604
0.00683333
0.00585118
0.00500905
0.00428842
0.00367269
0.00314717
0.00269889
0.00231657
0.00199043
0.00171208
0.00147441
0.00127139
0.00109808
0.000950607
0.000825989
0.000722603
0.000640068
0.00057895
0.00053906
0.000518125
0.000511931
0.000515717
0.000525795
0.000540292
0.000558606
0.000580552
0.000605958
0.000634653
0.000666582
0.000701864
0.000740796
0.000783822
0.00083152
0.000884611
0.000944005
0.00101085
0.00108658
0.00117296
0.00127217
0.00138702
0.00152107
0.00167889
0.00186635
0.00208982
0.00236435
0.00270266
0.00311749
0.00362808
0.00424182
0.00492715
0.00562581
0.192525
0.17925
0.166369
0.153947
0.142045
0.1307
0.119932
0.109749
0.100147
0.0911117
0.082622
0.0746617
0.0672335
0.0603221
0.0539138
0.047996
0.0425558
0.0375795
0.033052
0.028956
0.0252721
0.0219784
0.0190508
0.0164635
0.0141896
0.0122016
0.0104719
0.00897324
0.00768018
0.00656837
0.00561522
0.00480007
0.00410433
0.00351135
0.00300645
0.00257668
0.00221088
0.00189934
0.00163386
0.0014075
0.0012144
0.00104978
0.000910132
0.000792489
0.000696067
0.000620516
0.000566175
0.000532458
0.000516712
0.000514437
0.000520831
0.000532557
0.000548158
0.000567253
0.000589737
0.000615497
0.000644434
0.000676567
0.000712075
0.00075129
0.000794674
0.000842818
0.000896451
0.000956495
0.0010241
0.00110073
0.00118814
0.00128857
0.00140482
0.0015405
0.00170023
0.00188993
0.00211604
0.0023936
0.00273535
0.00315398
0.00366822
0.00428418
0.00496753
0.00564978
0.190551
0.177152
0.164201
0.151759
0.13988
0.128594
0.117914
0.107838
0.0983539
0.0894413
0.0810696
0.0732348
0.0659266
0.0591282
0.0528246
0.0470023
0.0416487
0.0367505
0.0322934
0.028261
0.0246349
0.0213941
0.0185156
0.0159739
0.0137431
0.0117958
0.0101043
0.00864187
0.00738291
0.0063031
0.00537974
0.00459212
0.00392162
0.00335158
0.00286736
0.00245609
0.00210671
0.00180965
0.00155686
0.00134167
0.00115837
0.00100221
0.000870361
0.000760148
0.00067083
0.000602301
0.000554755
0.000527222
0.000516557
0.000517869
0.000526468
0.000539525
0.000556009
0.000575721
0.000598622
0.000624651
0.000653777
0.000686083
0.000721794
0.000761272
0.000804995
0.000853561
0.000907709
0.000968369
0.00103671
0.00111418
0.00120259
0.00130416
0.00142175
0.00155899
0.00172054
0.00191236
0.002141
0.00242146
0.00276646
0.0031887
0.00370638
0.00432436
0.00500557
0.00567195
0.188292
0.174777
0.161768
0.149321
0.137483
0.126275
0.115701
0.105751
0.0964031
0.0876287
0.0793933
0.071698
0.0645236
0.0578506
0.0516627
0.0459461
0.0406881
0.035876
0.0314965
0.0275342
0.0239718
0.0207893
0.0179645
0.0154723
0.013288
0.0113842
0.00973339
0.00830881
0.00708529
0.00603849
0.00514562
0.00438596
0.00374092
0.00319391
0.00273035
0.00233749
0.00200439
0.00172163
0.00148124
0.00127703
0.0011034
0.000955974
0.00083196
0.000729165
0.000647018
0.000585596
0.000544927
0.000523563
0.000517703
0.000522127
0.0005325
0.000546602
0.000563776
0.000583964
0.000607178
0.000633407
0.000662679
0.000695131
0.000731027
0.000770751
0.000814791
0.000863755
0.00091839
0.000979635
0.00104866
0.00112695
0.00121629
0.00131896
0.00143782
0.00157654
0.00173983
0.00193367
0.00216472
0.00244793
0.00279604
0.00322169
0.00374261
0.00436242
0.00504137
0.00569243
0.185752
0.17213
0.159076
0.146641
0.134862
0.123752
0.113304
0.103497
0.0943019
0.0856812
0.0775994
0.070058
0.0630304
0.0564945
0.0504328
0.0448311
0.0396771
0.0349588
0.0306638
0.026778
0.0232849
0.0201657
0.0173993
0.0149603
0.0128259
0.0109684
0.00936047
0.00797537
0.00678847
0.00577558
0.00491374
0.00418234
0.00356289
0.00303887
0.00259585
0.0022212
0.00190416
0.0016355
0.00140757
0.0012142
0.00105009
0.000911247
0.000795022
0.000699659
0.000624793
0.000570627
0.000536935
0.000521597
0.000520074
0.000527055
0.000538799
0.000553696
0.000571397
0.000591941
0.000615383
0.000641755
0.000671139
0.000703716
0.00073978
0.000779731
0.00082407
0.00087341
0.000928506
0.000990303
0.00105998
0.00113903
0.00122927
0.00133298
0.00145305
0.00159317
0.00175811
0.00195388
0.00218722
0.00247305
0.0028241
0.003253
0.00377697
0.00439843
0.00507502
0.00571135
0.182931
0.169214
0.15613
0.143725
0.132026
0.121033
0.11073
0.101085
0.0920584
0.0836052
0.075695
0.0683217
0.0614532
0.0550653
0.0491394
0.0436613
0.0386193
0.0340018
0.0297979
0.0259946
0.0225762
0.0195254
0.016822
0.0144394
0.0123587
0.0105503
0.00898731
0.00764348
0.00649435
0.0055158
0.00468524
0.00398219
0.00338828
0.00288714
0.00246447
0.0021078
0.00180657
0.00155178
0.00133603
0.00115326
0.000998519
0.000868118
0.000759664
0.000671799
0.00060439
0.000557674
0.000530986
0.000521326
0.000523511
0.000532485
0.000545246
0.000560731
0.00057882
0.000599621
0.00062322
0.000649691
0.000679159
0.000711843
0.000748059
0.000788222
0.00083284
0.000882534
0.000938064
0.00100038
0.00107068
0.00115046
0.00124154
0.00134623
0.00146744
0.00160891
0.00177541
0.00197301
0.00220853
0.00249684
0.00285069
0.00328266
0.0038095
0.00443245
0.00510662
0.00572883
0.17983
0.166031
0.152936
0.140581
0.128982
0.118128
0.107988
0.0985227
0.089681
0.081407
0.0736882
0.0664965
0.0597986
0.0535686
0.0477874
0.0424409
0.0375181
0.0330081
0.0289015
0.0251865
0.021848
0.0188706
0.0162354
0.0139158
0.0118908
0.010133
0.00861602
0.00731424
0.00620336
0.0052595
0.0044604
0.00378574
0.00321732
0.0027389
0.00233635
0.00199742
0.00171173
0.00147053
0.00126667
0.00109428
0.000948742
0.000826686
0.00072603
0.000645806
0.000586092
0.000547008
0.000527181
0.000522619
0.000527801
0.00053825
0.000551734
0.000567639
0.000586004
0.000606979
0.000630678
0.000657212
0.000686743
0.000719517
0.000755873
0.000796233
0.000841113
0.000891138
0.000947076
0.00100989
0.00108077
0.00116123
0.00125311
0.00135874
0.00148103
0.00162376
0.00179174
0.00199109
0.00222867
0.00251934
0.00287583
0.00331071
0.00384025
0.00446456
0.00513627
0.00574496
0.176449
0.162587
0.1495
0.137217
0.12574
0.115045
0.10509
0.095821
0.0871794
0.0791045
0.0715884
0.06459
0.0580729
0.0520101
0.0463815
0.0411738
0.0363772
0.0319805
0.0279771
0.0243567
0.0211074
0.0182101
0.0156459
0.0133908
0.0114232
0.00971721
0.00824719
0.00698813
0.00591593
0.00500706
0.00423954
0.00359327
0.00305021
0.00259431
0.00221164
0.00189015
0.00161971
0.00139181
0.00119956
0.00103733
0.000900853
0.000787091
0.000694329
0.000621968
0.000570224
0.000538845
0.000525483
0.000525255
0.00053272
0.000544203
0.000558178
0.000574368
0.000592915
0.000613997
0.000637751
0.000664319
0.000693895
0.000726748
0.00076323
0.000803773
0.000848897
0.000899233
0.000955555
0.00101883
0.00109026
0.00117137
0.001264
0.00137051
0.00149382
0.00163775
0.00180714
0.00200813
0.00224767
0.00254057
0.00289956
0.00333719
0.00386927
0.00449481
0.00516406
0.00575984
0.172789
0.158884
0.145829
0.133642
0.12231
0.111796
0.102044
0.0929894
0.0845629
0.0767049
0.069404
0.0626097
0.0562829
0.0503953
0.0449265
0.0398639
0.0352
0.0309225
0.0270341
0.0235176
0.0203605
0.0175456
0.0150546
0.0128654
0.0109566
0.00930356
0.00788137
0.00666559
0.00563246
0.00475879
0.00402292
0.00340497
0.00288712
0.00245352
0.00209045
0.00178609
0.00153059
0.00131568
0.00113476
0.000982491
0.000854966
0.000749512
0.000664824
0.000600621
0.000557083
0.000533272
0.000525711
0.000528952
0.000538055
0.000550219
0.000564505
0.000580872
0.000599526
0.000620661
0.000644435
0.000671016
0.000700622
0.000733543
0.000770141
0.000810853
0.000856204
0.000906831
0.000963513
0.00102722
0.00109917
0.00118089
0.00127423
0.00138156
0.00150585
0.00165091
0.00182162
0.00202416
0.00226556
0.00256057
0.00292192
0.00336216
0.00389662
0.00452328
0.00519007
0.00577356
0.168848
0.154926
0.141929
0.129864
0.118703
0.108392
0.0988624
0.0900385
0.08184
0.0742171
0.0671437
0.0605634
0.054435
0.0487299
0.043427
0.0385153
0.0339941
0.0298513
0.0260818
0.0226717
0.0196092
0.0168787
0.0144627
0.0123408
0.010492
0.00889278
0.00751911
0.0063471
0.00535333
0.00451501
0.0038108
0.00322107
0.00272823
0.00231665
0.00197287
0.00168532
0.00144442
0.0012422
0.00107235
0.000929869
0.000811241
0.000714201
0.000637851
0.000582127
0.000546897
0.000530221
0.000527576
0.000533425
0.000543623
0.000556198
0.000570658
0.000587119
0.000605819
0.000626965
0.000650731
0.000677307
0.000706934
0.000739913
0.000776616
0.000817484
0.000863047
0.000913946
0.000970964
0.00103508
0.00110752
0.0011898
0.00128381
0.00139192
0.00151712
0.00166324
0.00183521
0.00203922
0.00228236
0.00257936
0.00294295
0.00338565
0.00392235
0.00455003
0.00521439
0.00578621
0.16463
0.15072
0.13781
0.125896
0.114929
0.104844
0.0955566
0.0869792
0.0790204
0.0716513
0.0648163
0.0584584
0.0525356
0.0470193
0.0418884
0.0371457
0.0327765
0.0287708
0.0251228
0.0218213
0.0188553
0.0162107
0.0138712
0.0118178
0.01003
0.00848546
0.00716092
0.00603307
0.00507888
0.00427601
0.00360341
0.00304176
0.00257368
0.00218383
0.00185899
0.0015879
0.00136125
0.00117142
0.00101241
0.0008796
0.000769894
0.000681469
0.00061379
0.00056681
0.000539737
0.000529456
0.000530728
0.000538408
0.000549276
0.000562061
0.000576592
0.00059308
0.00061178
0.000632903
0.000656641
0.000683201
0.000712839
0.000745869
0.000782667
0.000823679
0.000869439
0.00092059
0.000977922
0.00104242
0.00111531
0.00119813
0.00129276
0.0014016
0.00152766
0.00167478
0.00184792
0.00205332
0.00229812
0.00259699
0.00296269
0.00340771
0.00394653
0.00457513
0.00523711
0.00579786
0.160139
0.146273
0.133483
0.121747
0.111003
0.101165
0.0921391
0.0838241
0.0761258
0.069019
0.0624309
0.0563022
0.050591
0.0452742
0.040336
0.0357657
0.031551
0.0276842
0.0241596
0.0209683
0.0181004
0.0155432
0.0132814
0.0112973
0.00957145
0.00808226
0.00680732
0.00572392
0.00480949
0.00404208
0.00340101
0.00286722
0.00242363
0.00205517
0.00174891
0.0014939
0.00128117
0.00110344
0.000955069
0.000831882
0.000731218
0.0006517
0.000593034
0.000554894
0.000535499
0.000530622
0.000534813
0.000543677
0.000554896
0.000567748
0.000582274
0.000598739
0.0006174
0.000638477
0.00066217
0.000688704
0.000718348
0.000751422
0.000788306
0.000829451
0.000875393
0.000926778
0.000984402
0.00104925
0.00112257
0.00120588
0.00130111
0.00141063
0.00153749
0.00168555
0.00185981
0.00206651
0.00231285
0.0026135
0.00298118
0.00342838
0.00396919
0.00459864
0.0052583
0.00580858
0.155379
0.141595
0.128958
0.117432
0.106936
0.0973696
0.0886227
0.0805846
0.0731649
0.0663299
0.059996
0.0541027
0.0486218
0.0435195
0.0387758
0.0343795
0.0303209
0.0265943
0.0231946
0.0201148
0.0173462
0.0148774
0.0126943
0.0107804
0.00911706
0.00768375
0.00645879
0.00542005
0.00454546
0.00381348
0.00320378
0.00269761
0.00227819
0.00193075
0.00164268
0.00140339
0.00120425
0.00103836
0.000900505
0.000786975
0.000695574
0.000625314
0.000575919
0.00054643
0.000533891
0.000533298
0.000539506
0.000549051
0.000560395
0.000573212
0.000587678
0.00060408
0.000622676
0.000643687
0.000667326
0.000693828
0.000723472
0.000756584
0.000793547
0.000834814
0.000880923
0.000932525
0.00099042
0.0010556
0.00112931
0.00121309
0.00130886
0.00141903
0.00154663
0.00169558
0.00187087
0.00207879
0.00232661
0.00262891
0.00299846
0.00344773
0.0039904
0.00462063
0.00527804
0.00581845
0.15036
0.136697
0.124249
0.112966
0.102746
0.0934715
0.0850209
0.0772715
0.0701482
0.0635946
0.0575215
0.0518903
0.0466478
0.0417614
0.0372127
0.0329912
0.0290897
0.0255039
0.0222301
0.0192627
0.0165943
0.0142146
0.012111
0.0102678
0.00866757
0.00729052
0.0061158
0.00512187
0.00428714
0.00359049
0.00301194
0.0025331
0.00213749
0.00181068
0.0015404
0.00131645
0.00113058
0.000976336
0.000848956
0.000745221
0.000663392
0.000602727
0.000562657
0.000541262
0.000534486
0.00053706
0.00054454
0.000554396
0.000565708
0.000578421
0.000592787
0.000609097
0.000627607
0.00064854
0.000672117
0.000698584
0.000728224
0.000761368
0.000798403
0.000839781
0.000886045
0.000937847
0.000995994
0.00106148
0.00113556
0.00121977
0.00131605
0.00142682
0.00155512
0.00170489
0.00188116
0.00209023
0.00233941
0.00264327
0.00301458
0.00346579
0.00401021
0.00464117
0.00529641
0.00582752
0.145092
0.131593
0.119374
0.108365
0.0984467
0.0894862
0.0813481
0.0738994
0.0670883
0.060827
0.0550468
0.0496796
0.0446756
0.0400051
0.0356511
0.0316046
0.0278604
0.0244159
0.0212684
0.0184139
0.0158461
0.0135562
0.0115324
0.00976047
0.00822363
0.00690313
0.00577881
0.00482974
0.00403481
0.00337333
0.00282569
0.00237384
0.00200164
0.00169504
0.00144215
0.00123318
0.00106032
0.000917596
0.000800736
0.000707037
0.000635125
0.000584272
0.000553254
0.000539034
0.000536792
0.000541525
0.000549702
0.000559611
0.000570789
0.000583352
0.000597588
0.000613786
0.000632196
0.000653043
0.000676554
0.000702982
0.000732616
0.000765788
0.000802887
0.000844367
0.000890773
0.00094276
0.00100114
0.00106691
0.00114133
0.00122594
0.0013227
0.00143401
0.00156297
0.00171351
0.00189068
0.00210083
0.0023513
0.00265663
0.00302958
0.00348261
0.00402868
0.00466031
0.00531348
0.00583585
0.139592
0.126302
0.114349
0.103648
0.0940569
0.0854303
0.0776201
0.0704931
0.0640083
0.0580695
0.0525818
0.0474777
0.0427113
0.0382555
0.0340953
0.0302233
0.0266362
0.0233327
0.0203116
0.0175701
0.0151032
0.0129032
0.0109596
0.00925913
0.00778593
0.00652212
0.00544828
0.00454404
0.00378879
0.00316226
0.00264522
0.00221998
0.00187077
0.00158394
0.00134804
0.00115373
0.000993678
0.000862429
0.000756248
0.000672894
0.000611202
0.000570123
0.000547491
0.000539244
0.000540316
0.00054638
0.000554834
0.000564627
0.000575606
0.000587988
0.000602075
0.000618148
0.000636448
0.000657204
0.000680648
0.000707036
0.000736661
0.000769858
0.000807015
0.000848588
0.000895123
0.00094728
0.00100587
0.0010719
0.00114663
0.00123162
0.00132882
0.00144065
0.00157022
0.00172147
0.00189949
0.00211064
0.00236231
0.002669
0.0030435
0.00349825
0.00404587
0.00467813
0.00532932
0.00584349
0.133876
0.120842
0.109195
0.0988327
0.0895948
0.0813204
0.0738523
0.0670793
0.0609493
0.0553323
0.0501345
0.0452911
0.0407603
0.0365174
0.0325494
0.0288508
0.0254199
0.0222568
0.0193617
0.016733
0.0143669
0.0122569
0.0103936
0.00876458
0.00735509
0.00614803
0.00512464
0.00426514
0.00354938
0.00295752
0.00247071
0.00207165
0.00174499
0.00147751
0.00125822
0.00107828
0.000930918
0.000811218
0.000715961
0.000643273
0.000591926
0.000560222
0.000544928
0.000541324
0.000544622
0.000551381
0.000559827
0.000569395
0.000580137
0.000592321
0.000606247
0.000622184
0.00064037
0.000661033
0.000684409
0.000710758
0.000740374
0.000773591
0.0008108
0.000852457
0.000899111
0.000951423
0.00101021
0.00107648
0.0011515
0.00123683
0.00133443
0.00144674
0.00157688
0.00172879
0.0019076
0.00211968
0.00237248
0.00268045
0.0030564
0.00351275
0.00406183
0.00469467
0.005344
0.00585051
0.127968
0.115235
0.103934
0.0939414
0.0850798
0.0771753
0.0700792
0.0636981
0.0579226
0.0526239
0.047712
0.0431262
0.0388279
0.0347952
0.0310172
0.0274902
0.0242141
0.0211905
0.0184206
0.0159042
0.0136386
0.0116183
0.0098351
0.00827758
0.00693177
0.00578139
0.00480834
0.0039934
0.00331687
0.00275935
0.00230236
0.00192905
0.00162446
0.0013759
0.00117287
0.00100712
0.000872416
0.00076443
0.000680391
0.000618588
0.000577411
0.000554257
0.000544982
0.00054472
0.000549353
0.000556349
0.000564602
0.000573885
0.000584369
0.000596346
0.000610104
0.000625901
0.000643972
0.000664543
0.000687852
0.000714162
0.000743767
0.000777002
0.000814258
0.000855992
0.000902753
0.000955206
0.00101417
0.00108067
0.00115595
0.0012416
0.00133957
0.00145232
0.00158297
0.00173551
0.00191505
0.002128
0.00238184
0.002691
0.0030683
0.00352617
0.00407662
0.00471002
0.00535758
0.00585694
0.121892
0.109508
0.0985894
0.0889963
0.0805338
0.0730387
0.0663486
0.0603626
0.0549375
0.0499521
0.0453212
0.0409885
0.0369188
0.033093
0.0295023
0.0261447
0.0230216
0.0201359
0.0174902
0.0150852
0.0129194
0.0109885
0.00928512
0.00779884
0.00651655
0.00542269
0.00449981
0.00372918
0.00309157
0.00256799
0.00214038
0.00179232
0.00150936
0.00127932
0.00109228
0.00094059
0.000818625
0.000722591
0.000650022
0.000599091
0.000567497
0.00055169
0.000547011
0.000548945
0.000554237
0.000561164
0.000569113
0.000578078
0.000588296
0.000600062
0.00061365
0.000629307
0.000647263
0.000667744
0.00069099
0.000717262
0.000746856
0.000780106
0.000817404
0.000859206
0.000906065
0.000958647
0.00101778
0.00108447
0.00116
0.00124594
0.00134425
0.00145741
0.00158855
0.00174164
0.00192186
0.00213562
0.00239043
0.0027007
0.00307927
0.00353855
0.00409029
0.00472421
0.00537013
0.00586282
0.115676
0.103686
0.0931871
0.0840221
0.076005
0.0689574
0.0626841
0.057084
0.0520026
0.0473239
0.0429682
0.0388833
0.0350377
0.0314148
0.028008
0.0248169
0.0218446
0.019095
0.016572
0.0142774
0.0122106
0.0103685
0.00874445
0.00732909
0.00611006
0.00507248
0.00419949
0.00347286
0.0028738
0.00238371
0.00198499
0.0016617
0.00139991
0.00118803
0.00101678
0.000879145
0.000770084
0.000686241
0.00062523
0.000584787
0.000561754
0.000551848
0.000550405
0.000553609
0.00055908
0.000565742
0.000573327
0.000581963
0.000591917
0.000603473
0.000616892
0.000632411
0.000650255
0.00067065
0.000693834
0.000720071
0.000749654
0.000782918
0.000820252
0.000862116
0.000909063
0.000961761
0.00102104
0.00108792
0.00116367
0.00124987
0.0013485
0.00146203
0.00159361
0.00174723
0.00192807
0.00214258
0.00239829
0.00270959
0.00308933
0.00354994
0.00410289
0.00473732
0.00538171
0.00586821
0.109352
0.0977985
0.0877547
0.0790703
0.071545
0.0649468
0.0590932
0.0538713
0.0491256
0.0447462
0.0406587
0.0368155
0.0331885
0.0297639
0.0265372
0.0235095
0.0206852
0.0180697
0.0156677
0.0134821
0.0115133
0.00975913
0.0082139
0.00686902
0.00571288
0.00473126
0.00390783
0.00322482
0.00266386
0.00220678
0.00183645
0.00153743
0.0012964
0.00110241
0.000946839
0.000823329
0.000727366
0.000655843
0.000606166
0.000575382
0.000559528
0.000554019
0.000554636
0.000558417
0.000563749
0.000570035
0.000577231
0.000585539
0.000595233
0.000606583
0.000619837
0.000635223
0.00065296
0.000673273
0.000696401
0.000722604
0.000752176
0.000785451
0.000822818
0.000864737
0.000911763
0.000964566
0.00102398
0.00109102
0.00116697
0.00125342
0.00135234
0.00146621
0.00159819
0.00175229
0.00193371
0.00214891
0.00240545
0.00271771
0.00309855
0.00356039
0.00411448
0.00474941
0.00539237
0.00587313
0.102952
0.0918766
0.0823445
0.0742023
0.0671718
0.0610178
0.0555848
0.0507327
0.0463135
0.0422246
0.0383976
0.0347892
0.0313751
0.0281437
0.0250926
0.0222247
0.0195456
0.0170617
0.0147787
0.0127005
0.0108286
0.0091614
0.00769427
0.00641932
0.00532563
0.00439957
0.00362529
0.00298547
0.00246212
0.00203753
0.00169506
0.00141985
0.00119921
0.0010229
0.000883001
0.000773744
0.00069101
0.000631685
0.000592686
0.000570298
0.000560052
0.000557543
0.000559289
0.000563163
0.00056816
0.000574013
0.000580815
0.000588805
0.000598249
0.000609402
0.000622497
0.000637755
0.000655391
0.000675627
0.000698702
0.000724874
0.000754436
0.00078772
0.000825117
0.000867085
0.000914181
0.000967079
0.00102661
0.0010938
0.00116994
0.0012566
0.00135579
0.00146997
0.00160232
0.00175686
0.00193881
0.00215464
0.00241195
0.0027251
0.00310695
0.00356995
0.00412511
0.00476051
0.00540217
0.00587762
0.0965104
0.0859684
0.077033
0.0694388
0.0629017
0.0571886
0.0521691
0.0476758
0.0435725
0.0397646
0.0361895
0.0328085
0.0296006
0.0265569
0.0236769
0.0209648
0.0184275
0.0160725
0.0139063
0.0119339
0.0101574
0.00857616
0.00718631
0.00598067
0.00494893
0.00407796
0.00335237
0.00275523
0.00226898
0.00187633
0.0015612
0.00130936
0.00110883
0.000950091
0.000825895
0.000730987
0.00066141
0.000613763
0.000584315
0.000568752
0.000562549
0.000561867
0.000564059
0.000567711
0.000572263
0.000577663
0.000584082
0.000591767
0.000600973
0.000611937
0.000624881
0.000640018
0.00065756
0.000677726
0.000700752
0.000726896
0.000756448
0.000789741
0.000827163
0.000869175
0.000916334
0.000969315
0.00102896
0.00109628
0.00117258
0.00125945
0.00135887
0.00147333
0.00160602
0.00176096
0.00194339
0.00215981
0.00241783
0.0027318
0.00311459
0.00357867
0.00413484
0.0047707
0.00541117
0.00588172
0.0900669
0.0801713
0.0718434
0.0647972
0.0587493
0.0534778
0.0488548
0.0447073
0.0409082
0.0373707
0.0340382
0.0308766
0.027868
0.0250061
0.022292
0.0197315
0.0173326
0.0151035
0.0130519
0.0111832
0.00950068
0.00800428
0.00669083
0.0055538
0.00458342
0.00376702
0.0030896
0.00253461
0.00208488
0.00172362
0.00143534
0.00120649
0.00102585
0.000884628
0.000776173
0.000695547
0.000638699
0.000601727
0.000580304
0.000569885
0.000566327
0.000566565
0.000568735
0.000571975
0.000576031
0.000580982
0.000587036
0.000594433
0.000603413
0.000614199
0.000627001
0.000642026
0.000659481
0.000679583
0.000702565
0.000728683
0.000758227
0.000791527
0.000828972
0.000871022
0.000918236
0.000971293
0.00103103
0.00109848
0.00117493
0.00126197
0.0013616
0.00147632
0.00160931
0.00176462
0.0019475
0.00216444
0.00242312
0.00273783
0.0031215
0.00358659
0.00414371
0.00478002
0.00541941
0.00588546
0.083727
0.0745098
0.0667948
0.0602929
0.0547264
0.0498902
0.0456486
0.0418327
0.0383252
0.0350469
0.0319472
0.0289964
0.0261798
0.0234934
0.02094
0.0185267
0.0162623
0.0141561
0.0122164
0.0104496
0.0088594
0.0074466
0.0062086
0.00513943
0.00422978
0.00346738
0.00283757
0.00232414
0.00191035
0.00157994
0.00131805
0.00111188
0.000950973
0.000827212
0.000734402
0.000667674
0.000622648
0.000594887
0.000579739
0.000572872
0.000570821
0.000571329
0.000573178
0.000575906
0.000579455
0.000583975
0.000589684
0.000596812
0.000605581
0.0006162
0.00062887
0.000643791
0.000661167
0.000681211
0.000704154
0.00073025
0.000759786
0.000793093
0.000830557
0.000872641
0.000919904
0.000973026
0.00103285
0.0011004
0.00117698
0.00126418
0.00136401
0.00147895
0.00161222
0.00176787
0.00195114
0.00216858
0.00242785
0.00274326
0.00312774
0.00359376
0.00415177
0.00478852
0.00542694
0.00588885
0.0775355
0.0690083
0.0619056
0.0559401
0.0508415
0.0464321
0.042556
0.0390568
0.0358273
0.0327964
0.0299193
0.0271704
0.0245382
0.0220208
0.0196226
0.0173517
0.015218
0.0132314
0.0114011
0.00973398
0.0082345
0.006904
0.00574046
0.00473836
0.00388877
0.00317975
0.00259694
0.00212446
0.00174602
0.00144593
0.00121002
0.00102627
0.000884949
0.000778492
0.00070094
0.000647261
0.000612647
0.000592309
0.000581682
0.000577004
0.000575608
0.000575952
0.000577308
0.000579483
0.000582535
0.000586648
0.000592037
0.000598915
0.000607488
0.000617952
0.000630501
0.000645328
0.000662632
0.000682624
0.000705533
0.00073161
0.00076114
0.000794451
0.000831933
0.000874046
0.000921352
0.000974532
0.00103443
0.00110208
0.00117877
0.00126612
0.00136611
0.00148127
0.00161478
0.00177073
0.00195437
0.00217224
0.00243206
0.0027481
0.00313332
0.00360022
0.00415907
0.00479626
0.00543381
0.00589194
0.0715221
0.063689
0.0571928
0.0517524
0.0471079
0.0431102
0.0395819
0.0363831
0.0334176
0.0306219
0.0279567
0.0254007
0.0229451
0.02059
0.0183412
0.0162079
0.0142008
0.0123306
0.0106069
0.00903735
0.00762688
0.00637739
0.00528729
0.00435143
0.00356121
0.00290491
0.00236846
0.00193632
0.00159265
0.00132238
0.00111209
0.000950488
0.000828497
0.000738919
0.00067579
0.000633779
0.000607763
0.00059296
0.000585281
0.000581724
0.000580389
0.000580302
0.00058108
0.000582699
0.000585279
0.000589015
0.000594107
0.000600754
0.000609145
0.000619468
0.000631906
0.000646648
0.000663889
0.000683836
0.000706715
0.000732775
0.0007623
0.000795617
0.000833114
0.000875252
0.000922595
0.000975824
0.00103579
0.00110352
0.00118032
0.00126778
0.00136793
0.00148327
0.00161701
0.00177322
0.00195719
0.00217547
0.00243579
0.00275241
0.00313831
0.00360602
0.00416566
0.00480327
0.00544007
0.00589474
0.0657157
0.058573
0.0526717
0.047742
0.0435419
0.03993
0.0367297
0.0338146
0.0310984
0.0285252
0.0260613
0.0236888
0.0214018
0.0192022
0.017097
0.0150965
0.0132119
0.0114547
0.0098349
0.0083607
0.00703756
0.00586774
0.00485004
0.0039796
0.00324802
0.00264378
0.00215304
0.0017606
0.00145113
0.00121021
0.00102514
0.000885331
0.000782167
0.000708598
0.000658506
0.000626315
0.000606891
0.000595851
0.000589835
0.000586629
0.000584971
0.000584306
0.000584478
0.00058556
0.0005877
0.000591087
0.000595907
0.000602342
0.000610567
0.00062076
0.000633098
0.000647765
0.00066495
0.000684859
0.000707713
0.00073376
0.000763281
0.000796602
0.000834112
0.000876272
0.000923647
0.000976919
0.00103694
0.00110474
0.00118163
0.00126921
0.00136949
0.00148499
0.00161892
0.00177538
0.00195964
0.00217828
0.00243905
0.0027562
0.00314273
0.00361119
0.00417158
0.00480961
0.00544574
0.00589728
0.0601428
0.0536788
0.0483552
0.0439168
0.0401438
0.0368942
0.034002
0.0313531
0.0288714
0.026508
0.0242343
0.022036
0.0199096
0.0178585
0.0158912
0.0140184
0.0122523
0.0106046
0.00908605
0.00770507
0.00646755
0.00537611
0.0044298
0.00362394
0.00295027
0.0023974
0.0019517
0.00159834
0.00132249
0.00111041
0.000950078
0.000831437
0.000746151
0.000687156
0.000648194
0.000623699
0.000608907
0.000600132
0.000594815
0.000591441
0.000589234
0.000587926
0.000587499
0.000588076
0.000589811
0.000592879
0.000597451
0.000603691
0.000611765
0.000621842
0.000634091
0.000648692
0.00066583
0.000685706
0.00070854
0.000734576
0.000764094
0.00079742
0.000834942
0.00087712
0.000924522
0.000977831
0.0010379
0.00110576
0.00118273
0.0012704
0.0013708
0.00148644
0.00162055
0.00177722
0.00196175
0.00218071
0.00244189
0.00275952
0.00314663
0.00361578
0.00417686
0.00481532
0.00545089
0.00589957
0.0548264
0.0490219
0.0442532
0.0402814
0.0369152
0.0340047
0.0313999
0.0289997
0.0267375
0.0245711
0.0224766
0.0204432
0.0184693
0.01656
0.0147246
0.0129747
0.011323
0.00978154
0.00836144
0.00707156
0.00591803
0.00490372
0.00402781
0.0032857
0.0026692
0.00216701
0.00176567
0.00145073
0.00120788
0.001024
0.000887635
0.000789089
0.000720146
0.000673719
0.000643628
0.000624685
0.000612811
0.000605137
0.00059985
0.000595986
0.000593116
0.000591153
0.000590155
0.000590266
0.00059163
0.000594407
0.000598752
0.000604816
0.000612755
0.000622727
0.000634899
0.000649442
0.00066654
0.00068639
0.000709208
0.000735236
0.000764753
0.000798084
0.000835615
0.000877809
0.000925233
0.000978573
0.00103868
0.0011066
0.00118363
0.00127138
0.00137189
0.00148765
0.00162191
0.00177877
0.00196353
0.00218279
0.00244433
0.00276239
0.00315003
0.00361982
0.00418157
0.00482044
0.00545553
0.00590164
0.0497857
0.0446146
0.0403737
0.0368398
0.0338578
0.0312622
0.0289238
0.0267547
0.024697
0.0227149
0.0207888
0.0189109
0.0170816
0.0153073
0.0135981
0.0119663
0.0104249
0.00898643
0.00766222
0.00646141
0.00539032
0.00445193
0.00364547
0.00296632
0.00240626
0.00195402
0.00159633
0.00131907
0.00110844
0.00095182
0.000838172
0.00075803
0.000703277
0.000666999
0.00064344
0.000628116
0.000617789
0.000610383
0.000604695
0.000600164
0.00059659
0.000593991
0.000592462
0.000592146
0.000593173
0.000595687
0.000599826
0.000605732
0.000613548
0.000623429
0.000635533
0.000650028
0.000667094
0.000686923
0.000709729
0.000735752
0.000765269
0.000798604
0.000836143
0.000878351
0.000925793
0.000979158
0.0010393
0.00110726
0.00118435
0.00127217
0.00137276
0.00148863
0.00162303
0.00178005
0.00196501
0.00218453
0.0024464
0.00276486
0.00315297
0.00362336
0.00418572
0.00482501
0.0054597
0.00590351
0.0450354
0.0404659
0.0367228
0.0336049
0.0309723
0.0286661
0.0265733
0.0246177
0.0227497
0.0209394
0.0191711
0.0174396
0.0157471
0.0141011
0.0125125
0.0109941
0.00955911
0.0082205
0.00698973
0.00587608
0.00488597
0.00402237
0.00328446
0.00266749
0.00216312
0.00176007
0.00144519
0.00120467
0.00102512
0.000894309
0.000801477
0.000737381
0.000694191
0.000665501
0.000646312
0.000633022
0.000623236
0.000615544
0.000609204
0.000603928
0.000599654
0.000596458
0.000594442
0.000593737
0.000594459
0.000596735
0.000600689
0.000606452
0.00061416
0.000623961
0.000636007
0.000650463
0.000667503
0.000687316
0.000710114
0.000736135
0.000765653
0.000798993
0.000836539
0.000878757
0.000926214
0.0009796
0.00103977
0.00110777
0.0011849
0.00127278
0.00137344
0.00148941
0.00162392
0.00178108
0.00196622
0.00218597
0.00244813
0.00276694
0.00315549
0.00362642
0.00418936
0.00482907
0.00546345
0.00590519
0.0405856
0.0365806
0.0333016
0.0305708
0.0282567
0.0262148
0.0243469
0.0225876
0.020895
0.0192443
0.0176234
0.0160294
0.0144661
0.012942
0.0114686
0.010059
0.00872685
0.00748514
0.00634549
0.00531724
0.00440677
0.00361696
0.00294675
0.00239117
0.00194168
0.00158691
0.00131376
0.00110865
0.00095847
0.000851281
0.000776635
0.000725693
0.000691248
0.000667736
0.000651109
0.000638663
0.000628732
0.000620417
0.0006133
0.000607263
0.000602324
0.000598576
0.000596117
0.000595061
0.000595508
0.000597568
0.000601356
0.000606991
0.000614605
0.000624336
0.000636335
0.000650759
0.000667779
0.000687582
0.000710375
0.000736396
0.000765917
0.000799261
0.000836814
0.000879041
0.000926509
0.00097991
0.0010401
0.00110813
0.0011853
0.00127323
0.00137395
0.00148999
0.0016246
0.00178188
0.00196718
0.00218712
0.00244955
0.00276867
0.00315761
0.00362905
0.00419254
0.00483265
0.00546679
0.0059067
0.0364417
0.0329601
0.0301078
0.027733
0.0257079
0.0239059
0.0222428
0.0206632
0.0191319
0.017629
0.0161454
0.0146804
0.0132391
0.0118307
0.0104673
0.00916235
0.00792952
0.00678199
0.00573137
0.00478694
0.00395493
0.00323794
0.00263461
0.00213959
0.00174401
0.0014363
0.00120334
0.00103163
0.000908306
0.000821764
0.000762078
0.000721164
0.000692777
0.000672396
0.000656946
0.000644516
0.000634007
0.000624891
0.000616954
0.000610181
0.000604623
0.000600371
0.000597511
0.00059614
0.000596338
0.000598204
0.000601843
0.000607365
0.000614896
0.000624569
0.000636528
0.000650927
0.000667933
0.00068773
0.000710523
0.000736546
0.000766071
0.000799419
0.000836978
0.000879211
0.000926688
0.0009801
0.00104031
0.00110835
0.00118555
0.00127352
0.00137429
0.00149039
0.00162508
0.00178247
0.00196791
0.00218802
0.00245067
0.00277007
0.00315937
0.00363127
0.00419527
0.00483579
0.00546977
0.00590804
0.0326049
0.0296024
0.0271362
0.0250866
0.0233218
0.021736
0.0202584
0.0188424
0.0174592
0.0160928
0.014737
0.0133928
0.0120665
0.0107681
0.00950989
0.00830553
0.00716888
0.00611307
0.00514962
0.00428762
0.00353302
0.00288798
0.00235065
0.00191516
0.00157216
0.00130974
0.00111464
0.000973437
0.000873562
0.000804031
0.000755809
0.000721919
0.00069728
0.000678438
0.000663184
0.000650235
0.000638907
0.000628915
0.00062017
0.000612706
0.00060658
0.000601874
0.000598652
0.000596995
0.000596969
0.000598661
0.000602166
0.000607589
0.000615048
0.000624672
0.0006366
0.000650981
0.000667978
0.000687774
0.000710568
0.000736595
0.000766125
0.000799478
0.000837041
0.000879279
0.000926762
0.000980182
0.0010404
0.00110846
0.00118568
0.00127368
0.00137449
0.00149064
0.00162539
0.00178287
0.00196841
0.00218868
0.00245153
0.00277118
0.00316079
0.00363311
0.00419759
0.00483852
0.0054724
0.00590924
0.0290721
0.0265039
0.0243884
0.0226267
0.0210937
0.0197015
0.0183909
0.0171234
0.0158755
0.0146349
0.0133979
0.0121669
0.0109492
0.00975526
0.00859777
0.00749044
0.00644715
0.0054809
0.00460302
0.00382226
0.00314409
0.00257008
0.00209768
0.00172027
0.00142786
0.00120807
0.00104748
0.000932865
0.000852309
0.00079585
0.000755719
0.00072625
0.000703544
0.000685097
0.000669395
0.000655615
0.000643357
0.000632482
0.00062297
0.00061487
0.000608229
0.000603113
0.000599565
0.000597651
0.000597422
0.000598957
0.000602343
0.000607679
0.000615076
0.00062466
0.000636562
0.000650931
0.000667925
0.000687722
0.000710521
0.000736553
0.000766088
0.000799447
0.000837014
0.000879254
0.00092674
0.000980165
0.00104039
0.00110846
0.0011857
0.00127371
0.00137455
0.00149074
0.00162555
0.00178309
0.00196873
0.00218912
0.00245214
0.00277201
0.0031619
0.00363461
0.00419954
0.00484087
0.00547471
0.00591031
0.0258364
0.023657
0.0218562
0.0203465
0.0190183
0.0177982
0.0166373
0.015504
0.0143795
0.0132548
0.0121281
0.0110033
0.00988816
0.00879379
0.00773298
0.00671951
0.00576711
0.00488859
0.00409492
0.00339433
0.00279162
0.0022875
0.00187846
0.00155692
0.00131206
0.00113105
0.00100047
0.000907726
0.000842027
0.000794838
0.000759866
0.00073276
0.00071067
0.000691855
0.000675317
0.000660552
0.000647336
0.000635614
0.000625391
0.000616712
0.000609607
0.00060412
0.000600278
0.00059813
0.000597718
0.000599112
0.000602392
0.00060765
0.000614995
0.000624545
0.000636429
0.00065079
0.000667784
0.000687585
0.000710391
0.00073643
0.000765971
0.000799334
0.000836904
0.000879147
0.000926633
0.000980059
0.00104028
0.00110836
0.00118561
0.00127364
0.00137449
0.00149071
0.00162556
0.00178316
0.00196887
0.00218936
0.00245253
0.00277258
0.00316273
0.00363578
0.00420114
0.00484287
0.00547673
0.00591126
0.0228876
0.0210514
0.0195281
0.0182383
0.0170899
0.016022
0.0149947
0.0139824
0.0129704
0.0119523
0.0109282
0.00990295
0.00888507
0.00788585
0.00691822
0.00599586
0.0051323
0.00433998
0.00362933
0.00300785
0.00247935
0.00204342
0.00169527
0.00142615
0.00122444
0.00107704
0.000971085
0.000895148
0.000840013
0.000798792
0.000766653
0.000740404
0.00071804
0.00069839
0.000680813
0.000665012
0.000650863
0.000638349
0.000627477
0.000618274
0.00061075
0.000604928
0.000600818
0.000598458
0.000597879
0.000599145
0.000602329
0.000607519
0.000614818
0.000624341
0.000636211
0.000650569
0.000667565
0.000687373
0.000710187
0.000736235
0.000765782
0.00079915
0.000836722
0.000878964
0.000926449
0.000979873
0.0010401
0.00110818
0.00118542
0.00127346
0.00137433
0.00149056
0.00162543
0.00178308
0.00196884
0.00218942
0.00245271
0.00277292
0.00316329
0.00363666
0.00420242
0.00484454
0.00547848
0.00591209
0.0202128
0.0186751
0.0173937
0.0162947
0.0153029
0.0143689
0.0134604
0.012557
0.0116474
0.0107277
0.00979923
0.00886776
0.00794236
0.00703447
0.00615701
0.00532348
0.00454706
0.00383961
0.0032108
0.00266706
0.0022109
0.00184038
0.00154923
0.0013275
0.00116304
0.00104312
0.000956032
0.000892051
0.000843762
0.000805886
0.000774872
0.000748456
0.000725263
0.000704523
0.00068583
0.000669005
0.000653978
0.000640738
0.000629277
0.0006196
0.000611697
0.000605569
0.000601214
0.000598658
0.000597927
0.000599075
0.000602173
0.000607303
0.000614562
0.000624062
0.000635922
0.000650279
0.000667281
0.000687097
0.00070992
0.000735976
0.00076553
0.000798901
0.000836474
0.000878716
0.000926198
0.000979617
0.00103984
0.00110791
0.00118516
0.00127319
0.00137406
0.00149031
0.00162519
0.00178286
0.00196867
0.00218931
0.00245271
0.00277305
0.00316361
0.00363727
0.00420339
0.00484591
0.00547997
0.00591282
0.0177981
0.0165157
0.0154433
0.0145083
0.0136521
0.0128355
0.0120324
0.011227
0.010411
0.00958212
0.00874312
0.00790041
0.00706341
0.00624365
0.00545389
0.00470732
0.00401653
0.00339262
0.00284409
0.00237595
0.00198899
0.00167949
0.00143961
0.00125859
0.00112441
0.00102546
0.000951785
0.000895585
0.000851197
0.000814742
0.000783684
0.000756454
0.000732122
0.000710181
0.000690371
0.000672575
0.000656737
0.000642835
0.00063084
0.000620734
0.000612484
0.000606075
0.000601495
0.000598758
0.000597884
0.000598924
0.000601942
0.000607017
0.000614241
0.000623721
0.000635574
0.000649932
0.00066694
0.000686765
0.000709598
0.000735662
0.000765222
0.000798597
0.00083617
0.000878408
0.000925885
0.000979298
0.00103951
0.00110757
0.00118481
0.00127284
0.00137371
0.00148995
0.00162485
0.00178253
0.00196837
0.00218906
0.00245253
0.00277298
0.00316371
0.00363763
0.0042041
0.004847
0.00548123
0.00591345
0.0156294
0.0145664
0.0136681
0.0128724
0.0121331
0.011419
0.0107096
0.00999262
0.0092622
0.00851778
0.00776297
0.00700476
0.00625279
0.00551851
0.00481441
0.00415312
0.00354643
0.00300423
0.0025335
0.00213736
0.00181457
0.00155959
0.00136345
0.0012153
0.00110412
0.00102003
0.000955098
0.00090339
0.000860746
0.00082439
0.000792544
0.00076413
0.000738515
0.000715359
0.000694477
0.000675778
0.000659199
0.000644697
0.000632218
0.000621719
0.000613149
0.00060648
0.000601688
0.000598782
0.000597774
0.000598712
0.000601655
0.000606679
0.00061387
0.000623333
0.00063518
0.000649539
0.000666554
0.000686387
0.000709229
0.000735301
0.000764867
0.000798244
0.000835816
0.00087805
0.00092552
0.000978923
0.00103912
0.00110718
0.0011844
0.00127242
0.00137328
0.00148952
0.00162441
0.00178209
0.00196795
0.00218867
0.0024522
0.00277274
0.00316361
0.00363776
0.00420455
0.00484783
0.00548228
0.00591399
0.0136914
0.0128127
0.0120594
0.0113815
0.0107426
0.0101182
0.00949208
0.00885517
0.00820365
0.00753819
0.00686317
0.00618597
0.00551624
0.00486523
0.00424491
0.00366707
0.00314228
0.00267883
0.00228169
0.00195178
0.00168584
0.00147694
0.00131582
0.00119246
0.0010975
0.00102312
0.000963291
0.000913678
0.000871299
0.000834196
0.00080113
0.000771354
0.000744423
0.000720092
0.000698209
0.000678682
0.000661429
0.000646381
0.000633458
0.000622596
0.000613728
0.000606815
0.000601823
0.000598754
0.00059762
0.00059846
0.000601331
0.000606305
0.000613465
0.00062291
0.000634751
0.000649111
0.000666131
0.000685973
0.000708823
0.000734902
0.000764472
0.000797849
0.000835419
0.000877647
0.000925108
0.000978499
0.00103869
0.00110673
0.00118393
0.00127194
0.00137278
0.001489
0.00162388
0.00178156
0.00196742
0.00218815
0.00245173
0.00277234
0.00316332
0.00363767
0.00420476
0.00484842
0.00548312
0.00591446
0.0119695
0.0112434
0.0106104
0.0100316
0.00947887
0.00893288
0.00838136
0.00781755
0.0072393
0.0066483
0.00604946
0.00545034
0.00486045
0.00429055
0.00375179
0.00325471
0.00280822
0.00241854
0.00208835
0.00181644
0.001598
0.00142562
0.00129068
0.00118472
0.00110036
0.00103169
0.00097433
0.000925175
0.000882114
0.000843772
0.000809273
0.000778083
0.000749872
0.000724437
0.000701633
0.000681352
0.000663485
0.000647937
0.000634605
0.000623405
0.000614256
0.00060711
0.000601925
0.000598701
0.000597442
0.000598187
0.000600988
0.000605912
0.00061304
0.000622467
0.0006343
0.000648659
0.000665683
0.000685531
0.000708387
0.000734471
0.000764043
0.00079742
0.000834986
0.000877207
0.000924656
0.000978034
0.0010382
0.00110622
0.00118341
0.00127139
0.00137221
0.00148842
0.00162328
0.00178094
0.00196679
0.00218753
0.00245113
0.00277179
0.00316286
0.00363739
0.00420476
0.00484878
0.00548378
0.00591485
0.0104515
0.00985011
0.0093162
0.00882072
0.00834194
0.00786508
0.00738077
0.00688424
0.0063746
0.00585429
0.00532854
0.00480482
0.00429222
0.00380068
0.00334009
0.00291934
0.00254524
0.00222172
0.00194929
0.00172517
0.0015439
0.00139856
0.00128191
0.00118731
0.00110924
0.00104343
0.000986755
0.000937016
0.000892723
0.000852896
0.000816898
0.000784327
0.000754909
0.000728457
0.000704814
0.000683847
0.000665419
0.000649411
0.000635697
0.000624178
0.000614762
0.000607391
0.00060202
0.000598643
0.000597263
0.000597913
0.000600642
0.000605516
0.00061261
0.000622016
0.000633838
0.000648194
0.000665219
0.000685071
0.00070793
0.000734016
0.000763589
0.000796963
0.000834523
0.000876734
0.00092417
0.000977531
0.00103768
0.00110568
0.00118285
0.0012708
0.0013716
0.00148777
0.0016226
0.00178024
0.00196607
0.0021868
0.00245041
0.0027711
0.00316225
0.00363693
0.00420456
0.00484894
0.00548426
0.00591516
0.00912822
0.00862754
0.00817472
0.00774906
0.00733411
0.0069185
0.00649523
0.00606105
0.005616
0.00516294
0.00470714
0.00425569
0.00381687
0.0033994
0.00301153
0.00266011
0.00234974
0.00208227
0.00185666
0.0016694
0.00151539
0.00138883
0.0012841
0.00119632
0.00112151
0.00105666
0.000999548
0.000948627
0.000902831
0.000861443
0.000823979
0.000790107
0.000759581
0.000732205
0.000707802
0.000686211
0.000667271
0.000650836
0.000636764
0.000624942
0.000615269
0.000607681
0.000602128
0.000598602
0.0005971
0.000597655
0.000600312
0.000605131
0.000612188
0.00062157
0.000633378
0.000647727
0.000664749
0.0006846
0.00070746
0.000733545
0.000763115
0.000796484
0.000834035
0.000876234
0.000923655
0.000976998
0.00103713
0.0011051
0.00118224
0.00127017
0.00137093
0.00148707
0.00162187
0.00177948
0.00196527
0.00218598
0.00244958
0.00277028
0.00316149
0.0036363
0.00420416
0.0048489
0.00548458
0.00591542
0.0079956
0.00757351
0.0071865
0.00681935
0.00645956
0.00609845
0.00573076
0.00535435
0.00496983
0.00458017
0.0041903
0.00380657
0.00343611
0.00308603
0.0027627
0.00247091
0.00221337
0.00199044
0.00180039
0.00163986
0.00150466
0.00139037
0.0012929
0.00120879
0.00113525
0.00107017
0.001012
0.000959611
0.000912239
0.000869333
0.0008305
0.000795442
0.000763916
0.000735712
0.000710626
0.000688471
0.000669061
0.000652231
0.000637823
0.000625714
0.000615794
0.000607996
0.000602266
0.000598592
0.000596969
0.000597428
0.00060001
0.000604773
0.000611788
0.000621142
0.00063293
0.000647267
0.000664282
0.000684127
0.000706983
0.000733064
0.000762628
0.000795989
0.000833528
0.000875713
0.000923116
0.000976438
0.00103654
0.00110449
0.0011816
0.00126949
0.00137022
0.00148632
0.00162108
0.00177865
0.0019644
0.00218508
0.00244866
0.00276935
0.00316059
0.00363551
0.00420359
0.00484868
0.00548474
0.00591561
0.00704959
0.0066886
0.00635453
0.00603611
0.00572377
0.0054108
0.0050932
0.0047695
0.00444052
0.00410899
0.00377916
0.00345631
0.00314614
0.00285408
0.00258465
0.00234097
0.00212444
0.00193474
0.00177014
0.00162796
0.00150508
0.00139836
0.00130496
0.00122249
0.00114902
0.00108308
0.00102356
0.000969658
0.000920778
0.00087648
0.00083642
0.000800314
0.00076791
0.000738975
0.000713285
0.000690624
0.000670789
0.000653596
0.000638876
0.000626496
0.000616343
0.000608344
0.000602443
0.000598624
0.000596883
0.000597244
0.000599749
0.000604452
0.000611422
0.000620742
0.000632505
0.000646824
0.000663826
0.000683662
0.000706509
0.00073258
0.000762134
0.000795483
0.000833008
0.000875175
0.000922558
0.000975856
0.00103593
0.00110385
0.00118093
0.00126878
0.00136947
0.00148553
0.00162024
0.00177776
0.00196347
0.00218409
0.00244764
0.00276832
0.00315957
0.00363458
0.00420285
0.00484828
0.00548475
0.00591574
0.00628984
0.00597544
0.00568312
0.00540445
0.00513198
0.00486035
0.00458637
0.00430888
0.00402855
0.00374758
0.00346934
0.00319787
0.00293744
0.00269194
0.00246449
0.00225705
0.00207038
0.00190405
0.00175675
0.00162657
0.00151138
0.00140906
0.00131771
0.00123569
0.00116168
0.00109464
0.00103378
0.000978471
0.000928257
0.000882756
0.000841649
0.000804654
0.000771505
0.000741948
0.000715736
0.000692635
0.000672424
0.000654906
0.000639904
0.000627277
0.000616908
0.000608721
0.000602659
0.000598703
0.000596846
0.000597112
0.000599539
0.00060418
0.0006111
0.000620381
0.000632114
0.000646409
0.000663391
0.00068321
0.000706043
0.0007321
0.000761639
0.000794971
0.000832478
0.000874624
0.000921983
0.000975255
0.0010353
0.00110319
0.00118023
0.00126804
0.00136868
0.00148469
0.00161935
0.00177682
0.00196247
0.00218304
0.00244654
0.00276718
0.00315843
0.0036335
0.00420196
0.00484772
0.00548462
0.00591582
0.00571734
0.00543693
0.00517601
0.00492812
0.00468725
0.0044489
0.00421032
0.00397035
0.00372934
0.00348882
0.00325122
0.00301948
0.00279665
0.0025855
0.0023882
0.00220611
0.00203977
0.00188894
0.00175278
0.00163009
0.00151949
0.0014196
0.00132914
0.00124701
0.00117228
0.0011042
0.00104217
0.000985707
0.000934418
0.00088796
0.000846026
0.000808327
0.000774585
0.000744528
0.000717892
0.000694429
0.000673904
0.00065611
0.000640866
0.000628024
0.000617467
0.000609113
0.000602906
0.000598825
0.000596861
0.000597036
0.000599387
0.000603963
0.000610831
0.000620067
0.000631764
0.000646029
0.000662985
0.000682781
0.000705593
0.00073163
0.000761148
0.000794459
0.000831943
0.000874065
0.000921397
0.000974639
0.00103466
0.0011025
0.0011795
0.00126727
0.00136786
0.00148382
0.00161842
0.00177583
0.00196141
0.00218191
0.00244536
0.00276594
0.00315717
0.00363229
0.0042009
0.00484699
0.00548436
0.00591584
0.00533228
0.00507427
0.00483453
0.00460786
0.00438913
0.00417435
0.0039609
0.00374755
0.00353425
0.00332195
0.00311235
0.00290756
0.0027098
0.00252114
0.00234322
0.00217714
0.00202341
0.00188203
0.00175255
0.00163426
0.00152627
0.00142766
0.00133757
0.00125521
0.00117989
0.00111104
0.00104819
0.000990935
0.000938911
0.000891801
0.000849301
0.000811118
0.000776963
0.000746554
0.000719615
0.000695887
0.000675129
0.000657128
0.000641698
0.000628689
0.000617982
0.000609494
0.000603168
0.000598979
0.000596922
0.000597015
0.000599294
0.000603809
0.000610622
0.000619811
0.000631466
0.000645693
0.000662616
0.000682382
0.000705164
0.000731174
0.000760666
0.00079395
0.000831406
0.000873499
0.0009208
0.000974009
0.00103399
0.0011018
0.00117875
0.00126647
0.00136701
0.00148291
0.00161745
0.00177478
0.00196029
0.00218071
0.00244409
0.00276461
0.00315579
0.00363094
0.0041997
0.0048461
0.00548396
0.00591581
0.00513282
0.00488599
0.004657
0.00444128
0.00423413
0.00403175
0.00383159
0.00363229
0.00343359
0.00323609
0.00304107
0.00285021
0.00266533
0.00248811
0.00231999
0.00216196
0.00201457
0.00187794
0.00175184
0.00163579
0.00152917
0.00143129
0.00134146
0.00125906
0.00118353
0.00111438
0.00105119
0.000993599
0.00094126
0.000893867
0.000851118
0.000812718
0.000778373
0.000747796
0.000720707
0.000696843
0.000675961
0.000657844
0.000642306
0.000629197
0.000618396
0.00060982
0.000603412
0.000599146
0.000597018
0.000597045
0.000599262
0.000603718
0.000610478
0.000619616
0.000631225
0.000645408
0.00066229
0.000682017
0.000704763
0.000730737
0.000760194
0.000793444
0.000830866
0.000872925
0.000920189
0.00097336
0.0010333
0.00110106
0.00117797
0.00126564
0.00136612
0.00148196
0.00161642
0.00177368
0.0019591
0.00217942
0.00244274
0.00276317
0.00315428
0.00362945
0.00419832
0.00484504
0.00548342
0.00591573
)
;

boundaryField
{
    farLeft
    {
        type            symmetryPlane;
    }
    flatBed
    {
        type            kqRWallFunction;
        value           nonuniform List<scalar> 
240
(
0.00142695
0.00182069
0.00262964
0.00348365
0.0043027
0.00508057
0.00582281
0.00653508
0.00722197
0.00788706
0.00853323
0.00916281
0.00977777
0.0103797
0.0109702
0.0115503
0.0121211
0.0126837
0.0132389
0.0137875
0.0143302
0.0148676
0.0154003
0.0159288
0.0164537
0.0169753
0.0174942
0.0180107
0.0185251
0.0190379
0.0195493
0.0200596
0.0205692
0.0210782
0.0215869
0.0220956
0.0226045
0.0231139
0.0236238
0.0241346
0.0246466
0.0251599
0.0256749
0.026192
0.0267115
0.0272339
0.0277599
0.0282902
0.0288259
0.0293681
0.0299186
0.0304795
0.0310491
0.0316214
0.032196
0.0327731
0.0333526
0.0339346
0.0345192
0.0351063
0.035696
0.0362883
0.0368833
0.037481
0.0380812
0.0386841
0.0392896
0.0398977
0.0405082
0.0411212
0.0417366
0.0423542
0.0429741
0.0435962
0.0442203
0.0448464
0.0454745
0.0461046
0.0467365
0.0473704
0.0480063
0.0486445
0.0492851
0.0499286
0.0505756
0.0512269
0.0518837
0.0525476
0.0532209
0.0539067
0.0546095
0.0553356
0.0560942
0.0568985
0.0577682
0.0587324
0.0597918
0.0609229
0.0621305
0.0634218
0.0648042
0.0662858
0.0678744
0.0695778
0.0714034
0.0733582
0.0754484
0.0776798
0.080057
0.0825838
0.0852627
0.0880952
0.0910815
0.0942205
0.0975095
0.100945
0.104521
0.108231
0.112067
0.11602
0.120077
0.124226
0.128452
0.132739
0.137069
0.14142
0.145773
0.150102
0.154383
0.15859
0.162699
0.166686
0.170535
0.17424
0.177815
0.181307
0.184433
0.187126
0.189327
0.190985
0.192048
0.192471
0.192215
0.191246
0.18954
0.187085
0.183876
0.179923
0.175245
0.169877
0.163865
0.157269
0.150163
0.14263
0.134769
0.126685
0.118491
0.110307
0.102251
0.0944405
0.0869841
0.0799809
0.0735166
0.0676632
0.0624791
0.0580095
0.0542872
0.0512265
0.0487535
0.0468292
0.0454038
0.0444207
0.0438219
0.0435518
0.0435605
0.0438046
0.0442478
0.0448599
0.0456161
0.0464959
0.0474824
0.0485614
0.0497206
0.0509498
0.0522399
0.0535826
0.0549708
0.0563978
0.0578575
0.0593445
0.0608536
0.0623807
0.0639223
0.065476
0.0670416
0.0686215
0.0702224
0.0718571
0.073521
0.0751449
0.0767175
0.0782279
0.0796649
0.0810171
0.0822728
0.08342
0.084447
0.085342
0.0860935
0.0866907
0.0871231
0.0873815
0.0874575
0.0873442
0.0870359
0.0865288
0.0858207
0.0849113
0.083802
0.0824965
0.0809999
0.0793195
0.0774641
0.0754439
0.0732705
0.0709565
0.0685155
0.0659612
0.0633079
0.0605695
0.0577594
0.05489
0.0519717
0.0490124
0.0460148
0.0429722
0.0398583
0.0365969
0.0329742
0.0282105
)
;
    }
    slope
    {
        type            kqRWallFunction;
        value           nonuniform List<scalar> 
80
(
0.0270732
0.0285901
0.0291954
0.0291597
0.0286739
0.0278641
0.0268173
0.025599
0.0242612
0.0228468
0.0213911
0.0199234
0.0184675
0.0170424
0.0156631
0.0143407
0.0130964
0.0119393
0.0108521
0.00983122
0.00887639
0.00798773
0.00716462
0.00640584
0.00570943
0.0050731
0.00449403
0.00396932
0.00349573
0.00307009
0.00268897
0.00234917
0.00204725
0.00178011
0.00154444
0.00133736
0.00115581
0.000997226
0.000858883
0.000738618
0.000634074
0.000543384
0.000464843
0.00039688
0.000338104
0.000287309
0.000243445
0.000205619
0.000173059
0.000145132
0.000121307
0.000101192
8.45237e-05
7.13197e-05
6.22306e-05
5.91037e-05
6.29901e-05
7.03549e-05
7.66888e-05
8.16865e-05
8.74446e-05
9.49277e-05
0.000103439
0.000112486
0.000122008
0.000132341
0.000143994
0.000156898
0.000172044
0.000189082
0.000210385
0.000238422
0.00026537
0.00030375
0.000354293
0.000417095
0.000501315
0.000617595
0.000769133
0.0011709
)
;
    }
    top
    {
        type            symmetryPlane;
    }
    frontAndBack
    {
        type            empty;
    }
    defaultFaces
    {
        type            empty;
    }
}


// ************************************************************************* //
