/*--------------------------------*- C++ -*----------------------------------*\
| =========                 |                                                 |
| \\      /  F ield         | OpenFOAM: The Open Source CFD Toolbox           |
|  \\    /   O peration     | Version:  2206                                  |
|   \\  /    A nd           | Website:  www.openfoam.com                      |
|    \\/     M anipulation  |                                                 |
\*---------------------------------------------------------------------------*/
FoamFile
{
    version     2.0;
    format      ascii;
    arch        "LSB;label=32;scalar=64";
    class       volScalarField;
    location    "1000";
    object      p;
}
// * * * * * * * * * * * * * * * * * * * * * * * * * * * * * * * * * * * * * //

dimensions      [0 2 -2 0 0 0 0];

internalField   nonuniform List<scalar> 
25600
(
-8.90778e-07
-0.000157771
-0.000486137
-0.00104939
-0.00187551
-0.00297247
-0.00433486
-0.00594975
-0.00779943
-0.00986456
-0.0121247
-0.0145601
-0.0171512
-0.0198801
-0.0227296
-0.0256843
-0.0287295
-0.0318524
-0.0350407
-0.0382836
-0.0415712
-0.0448944
-0.0482449
-0.0516154
-0.0549988
-0.0583891
-0.0617805
-0.0651677
-0.0685459
-0.0719107
-0.0752579
-0.078584
-0.0818852
-0.0851584
-0.0884005
-0.0916088
-0.0947806
-0.0979135
-0.101005
-0.104054
-0.107056
-0.110012
-0.112919
-0.115775
-0.11858
-0.12133
-0.124026
-0.126666
-0.129248
-0.131772
-0.134237
-0.136642
-0.138986
-0.141268
-0.143488
-0.145646
-0.14774
-0.14977
-0.151736
-0.153639
-0.155476
-0.15725
-0.158959
-0.160604
-0.162184
-0.163701
-0.165154
-0.166545
-0.167872
-0.169138
-0.170342
-0.171487
-0.172571
-0.173598
-0.174567
-0.17548
-0.176337
-0.177142
-0.177894
-0.178597
-0.179251
-0.179859
-0.180421
-0.180942
-0.181422
-0.181866
-0.182274
-0.18265
-0.182996
-0.183317
-0.183615
-0.183894
-0.184156
-0.184408
-0.184651
-0.184891
-0.185133
-0.185381
-0.185639
-0.185915
-0.186213
-0.18654
-0.1869
-0.187302
-0.187751
-0.188257
-0.188825
-0.189464
-0.190182
-0.19099
-0.191894
-0.192906
-0.194035
-0.195294
-0.19669
-0.198239
-0.19995
-0.201839
-0.203916
-0.206197
-0.208695
-0.211427
-0.214408
-0.217654
-0.221183
-0.225012
-0.229159
-0.233645
-0.238487
-0.243709
-0.249329
-0.255371
-0.261856
-0.268808
-0.276251
-0.28421
-0.292708
-0.301773
-0.311429
-0.321704
-0.332624
-0.344216
-0.356507
-0.369524
-0.383295
-0.397846
-0.413202
-0.429392
-0.446438
-0.464365
-0.483194
-0.502948
-0.523645
-0.545301
-0.567931
-0.591545
-0.61615
-0.64175
-0.668344
-0.695926
-0.724484
-0.754
-0.78445
-0.815801
-0.848014
-0.881038
-0.914817
-0.949279
-0.98435
-1.01993
-1.05593
-1.09223
-1.12869
-1.16519
-1.20156
-1.23763
-1.27323
-1.30816
-1.34221
-1.37516
-1.4068
-1.43686
-1.46512
-1.4913
-1.51516
-1.53643
-1.55486
-1.57019
-1.58217
-1.59055
-1.59513
-1.59567
-1.592
-1.58394
-1.57137
-1.55414
-1.53221
-1.50549
-1.47393
-1.43748
-1.39619
-1.35013
-1.29941
-1.24417
-1.1846
-1.12091
-1.05334
-0.982135
-0.907606
-0.830026
-0.749722
-0.666992
-0.582169
-0.495555
-0.407474
-0.318214
-0.228079
-0.137331
-0.0462395
0.0449649
0.136056
0.226841
0.317141
0.406803
0.495695
0.583706
0.670749
0.75675
0.841663
0.925442
1.00806
1.08946
1.16971
1.24885
1.32639
1.40053
1.47126
1.54906
1.64111
1.66452
0.00045301
0.000297522
-3.31109e-06
-0.000536399
-0.00133059
-0.0023947
-0.00372536
-0.0053109
-0.00713443
-0.0091766
-0.0114169
-0.0138352
-0.0164119
-0.0191284
-0.0219675
-0.0249134
-0.0279514
-0.0310681
-0.0342515
-0.0374905
-0.040775
-0.0440959
-0.0474449
-0.0508144
-0.0541976
-0.0575881
-0.0609802
-0.0643687
-0.0677486
-0.0711155
-0.0744652
-0.0777941
-0.0810985
-0.0843752
-0.0876212
-0.0908335
-0.0940097
-0.0971472
-0.100244
-0.103297
-0.106305
-0.109267
-0.112179
-0.115041
-0.117852
-0.120608
-0.12331
-0.125957
-0.128546
-0.131076
-0.133548
-0.13596
-0.13831
-0.1406
-0.142826
-0.144991
-0.147091
-0.149129
-0.151102
-0.15301
-0.154855
-0.156635
-0.15835
-0.16
-0.161587
-0.163109
-0.164568
-0.165963
-0.167295
-0.168565
-0.169773
-0.170921
-0.172008
-0.173037
-0.174007
-0.174921
-0.175779
-0.176583
-0.177334
-0.178035
-0.178685
-0.179288
-0.179846
-0.18036
-0.180832
-0.181266
-0.181663
-0.182027
-0.182359
-0.182664
-0.182944
-0.183203
-0.183443
-0.18367
-0.183886
-0.184097
-0.184306
-0.184518
-0.184739
-0.184972
-0.185225
-0.185502
-0.185809
-0.186153
-0.186541
-0.186979
-0.187476
-0.188038
-0.188674
-0.189393
-0.190203
-0.191115
-0.192137
-0.193281
-0.194557
-0.195977
-0.197552
-0.199295
-0.201219
-0.203337
-0.205665
-0.208216
-0.211006
-0.214052
-0.217369
-0.220977
-0.224892
-0.229133
-0.233721
-0.238676
-0.244018
-0.24977
-0.255953
-0.262592
-0.26971
-0.277331
-0.285481
-0.294185
-0.30347
-0.313363
-0.32389
-0.33508
-0.346959
-0.359557
-0.372901
-0.387018
-0.401936
-0.417683
-0.434283
-0.451762
-0.470145
-0.489454
-0.509709
-0.530929
-0.55313
-0.576324
-0.600522
-0.625728
-0.651945
-0.679167
-0.707386
-0.736587
-0.766747
-0.797836
-0.829817
-0.862643
-0.89626
-0.9306
-0.965588
-1.00113
-1.03714
-1.0735
-1.11008
-1.14674
-1.18334
-1.2197
-1.25566
-1.29102
-1.32557
-1.35911
-1.3914
-1.4222
-1.45128
-1.47838
-1.50325
-1.52563
-1.54525
-1.56187
-1.57523
-1.5851
-1.59125
-1.59346
-1.59155
-1.58533
-1.57468
-1.55945
-1.53958
-1.515
-1.48562
-1.45138
-1.41233
-1.36853
-1.32009
-1.26714
-1.20986
-1.14843
-1.0831
-1.01411
-0.941746
-0.866282
-0.78803
-0.707293
-0.624393
-0.539637
-0.453341
-0.365805
-0.277327
-0.188186
-0.0986523
-0.00897571
0.0806069
0.16988
0.258643
0.346713
0.433924
0.52012
0.605158
0.688897
0.771198
0.8519
0.930817
1.00771
1.08228
1.15415
1.22249
1.28556
1.34173
1.39383
1.44665
1.46641
0.000908372
0.000676541
0.000294898
-0.000312733
-0.00116435
-0.0022649
-0.00361307
-0.00520121
-0.00701647
-0.00904277
-0.0112622
-0.0136565
-0.0162072
-0.018897
-0.0217092
-0.0246285
-0.0276406
-0.0307324
-0.0338918
-0.037108
-0.040371
-0.0436716
-0.0470015
-0.0503531
-0.0537196
-0.0570946
-0.0604723
-0.0638474
-0.067215
-0.0705705
-0.0739098
-0.0772292
-0.0805248
-0.0837936
-0.0870324
-0.0902383
-0.0934087
-0.096541
-0.099633
-0.102682
-0.105687
-0.108645
-0.111555
-0.114415
-0.117224
-0.119979
-0.12268
-0.125326
-0.127914
-0.130445
-0.132917
-0.135328
-0.13768
-0.139969
-0.142197
-0.144361
-0.146463
-0.148501
-0.150474
-0.152384
-0.154228
-0.156008
-0.157724
-0.159374
-0.16096
-0.162482
-0.16394
-0.165333
-0.166664
-0.167932
-0.169137
-0.170282
-0.171365
-0.172389
-0.173354
-0.174262
-0.175113
-0.175909
-0.176651
-0.177342
-0.177981
-0.178572
-0.179116
-0.179615
-0.180071
-0.180487
-0.180865
-0.181207
-0.181516
-0.181796
-0.182048
-0.182277
-0.182486
-0.182678
-0.182858
-0.183028
-0.183194
-0.183361
-0.183531
-0.183712
-0.183907
-0.184124
-0.184366
-0.184641
-0.184955
-0.185315
-0.185728
-0.186201
-0.186743
-0.187362
-0.188066
-0.188865
-0.189768
-0.190785
-0.191928
-0.193206
-0.194633
-0.196219
-0.197977
-0.199922
-0.202066
-0.204425
-0.207013
-0.209846
-0.212941
-0.216316
-0.219987
-0.223974
-0.228296
-0.232973
-0.238026
-0.243476
-0.249346
-0.25566
-0.26244
-0.269711
-0.277499
-0.28583
-0.294729
-0.304225
-0.314343
-0.325114
-0.336564
-0.348722
-0.361617
-0.375277
-0.38973
-0.405006
-0.42113
-0.438129
-0.456029
-0.474854
-0.494626
-0.515365
-0.537089
-0.559813
-0.583549
-0.608305
-0.634083
-0.660884
-0.6887
-0.717519
-0.747322
-0.778081
-0.809763
-0.842325
-0.875714
-0.909867
-0.944713
-0.980167
-1.01613
-1.0525
-1.08916
-1.12596
-1.16277
-1.19942
-1.23573
-1.27153
-1.30662
-1.34077
-1.37377
-1.40539
-1.43538
-1.4635
-1.48949
-1.5131
-1.53407
-1.55215
-1.56709
-1.57865
-1.58659
-1.59071
-1.59081
-1.58671
-1.57826
-1.56532
-1.54782
-1.52568
-1.49883
-1.46719
-1.43079
-1.38967
-1.34393
-1.2937
-1.23913
-1.18041
-1.11777
-1.05144
-0.981683
-0.908782
-0.833031
-0.754732
-0.674194
-0.591726
-0.50764
-0.422237
-0.335817
-0.248663
-0.161053
-0.0732453
0.0145115
0.101986
0.188961
0.275232
0.360608
0.444906
0.527949
0.609559
0.689553
0.767723
0.84383
0.917573
0.988573
1.05631
1.12002
1.17835
1.22924
1.27146
1.30791
1.33052
0.000981836
0.000690483
0.00022965
-0.000459129
-0.00138176
-0.00253632
-0.00391956
-0.00552516
-0.00734312
-0.00936054
-0.0115625
-0.013933
-0.0164558
-0.019115
-0.0218952
-0.024782
-0.0277616
-0.0308214
-0.0339499
-0.0371363
-0.0403707
-0.0436442
-0.0469484
-0.0502759
-0.0536197
-0.0569734
-0.0603313
-0.0636879
-0.0670383
-0.0703779
-0.0737026
-0.0770084
-0.0802917
-0.0835491
-0.0867775
-0.089974
-0.0931358
-0.0962604
-0.0993454
-0.102389
-0.105388
-0.108341
-0.111247
-0.114104
-0.116909
-0.119662
-0.12236
-0.125004
-0.127591
-0.130121
-0.132591
-0.135003
-0.137353
-0.139643
-0.14187
-0.144035
-0.146137
-0.148175
-0.150148
-0.152058
-0.153903
-0.155683
-0.157398
-0.159048
-0.160634
-0.162155
-0.163611
-0.165003
-0.166332
-0.167597
-0.1688
-0.169941
-0.17102
-0.17204
-0.172999
-0.173901
-0.174745
-0.175534
-0.176267
-0.176948
-0.177577
-0.178156
-0.178687
-0.179171
-0.179612
-0.18001
-0.180369
-0.180691
-0.180978
-0.181233
-0.18146
-0.181661
-0.181839
-0.181998
-0.182142
-0.182275
-0.1824
-0.182523
-0.182647
-0.182778
-0.18292
-0.18308
-0.183262
-0.183472
-0.183718
-0.184005
-0.18434
-0.184731
-0.185186
-0.185713
-0.186319
-0.187015
-0.187809
-0.188711
-0.189732
-0.190882
-0.192173
-0.193617
-0.195227
-0.197014
-0.198993
-0.201179
-0.203585
-0.206228
-0.209124
-0.21229
-0.215744
-0.219503
-0.223587
-0.228017
-0.232811
-0.237993
-0.243584
-0.249607
-0.256087
-0.263046
-0.270511
-0.278507
-0.287062
-0.296201
-0.305953
-0.316347
-0.32741
-0.339172
-0.351661
-0.364907
-0.37894
-0.393787
-0.409477
-0.426038
-0.443497
-0.461878
-0.481207
-0.501504
-0.522791
-0.545083
-0.568395
-0.592738
-0.618117
-0.644536
-0.67199
-0.70047
-0.72996
-0.760439
-0.791875
-0.824229
-0.857453
-0.89149
-0.926271
-0.961716
-0.997734
-1.03422
-1.07106
-1.10813
-1.14528
-1.18235
-1.21918
-1.25558
-1.29136
-1.3263
-1.36019
-1.3928
-1.42389
-1.4532
-1.48049
-1.50551
-1.52798
-1.54766
-1.5643
-1.57764
-1.58746
-1.59354
-1.59566
-1.59366
-1.58736
-1.57664
-1.56138
-1.54152
-1.517
-1.48772
-1.45368
-1.41493
-1.37155
-1.32366
-1.27142
-1.215
-1.15461
-1.09049
-1.02291
-0.952117
-0.878422
-0.802118
-0.723514
-0.642919
-0.560645
-0.476996
-0.392275
-0.306772
-0.220771
-0.134539
-0.0483358
0.0375951
0.123022
0.207723
0.291489
0.374114
0.455397
0.535132
0.613103
0.68907
0.762758
0.833833
0.901874
0.966332
1.02648
1.08124
1.1288
1.16704
1.19825
1.22634
0.000680809
0.000339259
-0.0001896
-0.00095234
-0.00194513
-0.00315934
-0.00458797
-0.00622366
-0.00805722
-0.0100775
-0.0122718
-0.0146264
-0.0171269
-0.0197591
-0.0225091
-0.0253634
-0.0283095
-0.0313353
-0.0344297
-0.0375825
-0.040784
-0.0440257
-0.0472992
-0.0505973
-0.0539129
-0.0572399
-0.0605723
-0.0639049
-0.0672325
-0.0705508
-0.0738553
-0.0771422
-0.0804077
-0.0836485
-0.0868614
-0.0900434
-0.0931917
-0.0963037
-0.0993771
-0.102409
-0.105399
-0.108343
-0.11124
-0.114088
-0.116886
-0.119632
-0.122325
-0.124962
-0.127544
-0.130068
-0.132535
-0.134941
-0.137288
-0.139574
-0.141797
-0.143959
-0.146057
-0.148091
-0.150062
-0.151968
-0.153809
-0.155586
-0.157298
-0.158944
-0.160526
-0.162042
-0.163494
-0.164881
-0.166205
-0.167465
-0.168661
-0.169796
-0.170868
-0.17188
-0.172831
-0.173723
-0.174558
-0.175335
-0.176057
-0.176725
-0.17734
-0.177905
-0.178419
-0.178887
-0.179309
-0.179687
-0.180025
-0.180324
-0.180586
-0.180815
-0.181013
-0.181183
-0.181329
-0.181454
-0.181561
-0.181654
-0.181737
-0.181815
-0.181892
-0.181972
-0.182061
-0.182163
-0.182285
-0.182431
-0.182609
-0.182824
-0.183084
-0.183396
-0.183766
-0.184204
-0.184716
-0.185313
-0.186004
-0.186797
-0.187704
-0.188734
-0.189899
-0.191212
-0.192683
-0.194325
-0.196153
-0.198181
-0.200423
-0.202894
-0.20561
-0.208589
-0.211848
-0.215405
-0.219279
-0.223489
-0.228057
-0.233004
-0.238351
-0.244122
-0.25034
-0.257029
-0.264216
-0.271925
-0.280184
-0.28902
-0.29846
-0.308534
-0.319269
-0.330697
-0.342845
-0.355743
-0.369423
-0.383912
-0.399241
-0.415438
-0.432531
-0.450547
-0.469511
-0.489447
-0.510377
-0.53232
-0.555293
-0.579308
-0.604375
-0.630499
-0.657679
-0.685909
-0.715179
-0.745469
-0.776752
-0.808994
-0.842152
-0.876172
-0.910991
-0.946533
-0.982712
-1.01943
-1.05657
-1.09402
-1.13163
-1.16925
-1.20671
-1.24384
-1.28043
-1.31629
-1.3512
-1.38491
-1.4172
-1.44781
-1.47649
-1.50297
-1.527
-1.54831
-1.56665
-1.58176
-1.59341
-1.60135
-1.60539
-1.60533
-1.60099
-1.59225
-1.57897
-1.56108
-1.53853
-1.51124
-1.47914
-1.4423
-1.40079
-1.35472
-1.30426
-1.24956
-1.19085
-1.12835
-1.06233
-0.993061
-0.920833
-0.845949
-0.768721
-0.689463
-0.60849
-0.526114
-0.442641
-0.358372
-0.273595
-0.18859
-0.103624
-0.0189528
0.0651794
0.148538
0.230897
0.312034
0.391729
0.469756
0.545876
0.619827
0.69131
0.75997
0.825372
0.886969
0.944079
0.99581
1.04071
1.07682
1.10603
1.13706
-9.39403e-06
-0.000390057
-0.00097609
-0.00180305
-0.00285843
-0.00412793
-0.00560093
-0.00726826
-0.00912053
-0.0111475
-0.0133378
-0.0156794
-0.0181597
-0.020766
-0.0234859
-0.0263071
-0.0292179
-0.0322072
-0.0352646
-0.0383803
-0.0415451
-0.0447506
-0.047989
-0.051253
-0.0545357
-0.057831
-0.0611332
-0.0644368
-0.0677369
-0.071029
-0.0743086
-0.0775719
-0.0808152
-0.0840349
-0.0872279
-0.0903912
-0.0935218
-0.0966173
-0.099675
-0.102693
-0.105668
-0.108599
-0.111484
-0.114321
-0.117108
-0.119844
-0.122527
-0.125155
-0.127729
-0.130245
-0.132703
-0.135103
-0.137443
-0.139721
-0.141939
-0.144094
-0.146186
-0.148214
-0.150179
-0.152079
-0.153915
-0.155685
-0.157391
-0.159031
-0.160606
-0.162116
-0.163561
-0.164941
-0.166257
-0.167509
-0.168697
-0.169823
-0.170886
-0.171887
-0.172828
-0.173709
-0.174531
-0.175295
-0.176003
-0.176656
-0.177256
-0.177803
-0.178299
-0.178747
-0.179149
-0.179505
-0.179819
-0.180092
-0.180328
-0.180528
-0.180695
-0.180833
-0.180944
-0.181032
-0.1811
-0.181152
-0.181192
-0.181223
-0.18125
-0.181278
-0.181311
-0.181355
-0.181415
-0.181497
-0.181606
-0.181749
-0.181933
-0.182164
-0.18245
-0.182799
-0.18322
-0.183719
-0.184308
-0.184995
-0.18579
-0.186703
-0.187747
-0.188932
-0.19027
-0.191775
-0.193459
-0.195337
-0.197423
-0.199733
-0.202281
-0.205086
-0.208164
-0.211534
-0.215214
-0.219225
-0.223585
-0.228318
-0.233445
-0.238988
-0.244972
-0.251421
-0.258359
-0.265814
-0.273812
-0.282381
-0.291548
-0.301343
-0.311794
-0.322932
-0.334786
-0.347387
-0.360765
-0.374951
-0.389975
-0.405867
-0.422656
-0.44037
-0.459035
-0.478679
-0.499323
-0.520991
-0.5437
-0.567466
-0.592301
-0.618214
-0.645207
-0.673278
-0.70242
-0.732617
-0.763847
-0.796081
-0.829279
-0.863392
-0.898363
-0.93412
-0.970582
-1.00765
-1.04523
-1.08319
-1.1214
-1.1597
-1.19794
-1.23593
-1.27349
-1.3104
-1.34645
-1.38141
-1.41502
-1.44704
-1.47721
-1.50526
-1.53092
-1.55393
-1.574
-1.59089
-1.60435
-1.61412
-1.61999
-1.62176
-1.61924
-1.61228
-1.60076
-1.58458
-1.56373
-1.53809
-1.50758
-1.47225
-1.43218
-1.38749
-1.33832
-1.28486
-1.22731
-1.16593
-1.10096
-1.03269
-0.961419
-0.88746
-0.81113
-0.732749
-0.652642
-0.571129
-0.488525
-0.405139
-0.32127
-0.237205
-0.153222
-0.0695882
0.0134425
0.0956234
0.176716
0.256485
0.334696
0.41111
0.485474
0.557515
0.626927
0.693358
0.756394
0.815535
0.870195
0.919682
0.962954
0.998497
1.02759
1.05967
-0.00109329
-0.00150135
-0.00213127
-0.00300891
-0.00411438
-0.00542885
-0.00693857
-0.00863254
-0.0105007
-0.012533
-0.0147189
-0.0170477
-0.019508
-0.0220884
-0.0247778
-0.0275649
-0.0304391
-0.0333902
-0.0364082
-0.0394842
-0.0426093
-0.0457755
-0.0489752
-0.0522013
-0.0554473
-0.0587071
-0.061975
-0.0652456
-0.0685141
-0.0717758
-0.0750265
-0.0782623
-0.0814792
-0.084674
-0.0878432
-0.0909839
-0.0940932
-0.0971683
-0.100207
-0.103206
-0.106164
-0.109079
-0.111949
-0.114771
-0.117544
-0.120266
-0.122937
-0.125553
-0.128115
-0.130621
-0.133069
-0.135458
-0.137788
-0.140057
-0.142266
-0.144412
-0.146495
-0.148515
-0.150472
-0.152364
-0.154191
-0.155953
-0.15765
-0.159282
-0.160848
-0.16235
-0.163786
-0.165156
-0.166463
-0.167704
-0.168882
-0.169996
-0.171048
-0.172037
-0.172965
-0.173832
-0.17464
-0.175389
-0.176081
-0.176717
-0.177299
-0.177827
-0.178303
-0.17873
-0.179108
-0.17944
-0.179728
-0.179975
-0.180181
-0.18035
-0.180485
-0.180589
-0.180663
-0.180713
-0.18074
-0.180748
-0.180742
-0.180724
-0.1807
-0.180674
-0.180651
-0.180635
-0.180631
-0.180646
-0.180686
-0.180755
-0.180862
-0.181012
-0.181214
-0.181475
-0.181802
-0.182205
-0.182692
-0.183274
-0.183959
-0.184758
-0.185682
-0.186743
-0.187953
-0.189324
-0.190869
-0.192603
-0.194541
-0.196696
-0.199085
-0.201726
-0.204634
-0.207829
-0.211328
-0.215153
-0.219322
-0.223858
-0.228783
-0.234119
-0.23989
-0.246121
-0.252838
-0.260065
-0.267831
-0.276163
-0.28509
-0.29464
-0.304844
-0.315731
-0.327332
-0.339679
-0.352802
-0.366733
-0.381503
-0.397142
-0.413682
-0.431152
-0.449581
-0.468995
-0.489421
-0.510882
-0.5334
-0.556993
-0.581675
-0.607459
-0.634351
-0.662352
-0.691458
-0.721659
-0.752936
-0.785265
-0.81861
-0.852929
-0.888167
-0.924258
-0.961125
-0.998679
-1.03682
-1.07542
-1.11436
-1.15348
-1.19264
-1.23164
-1.27029
-1.3084
-1.34573
-1.38205
-1.41712
-1.45066
-1.48243
-1.51214
-1.53951
-1.56426
-1.58612
-1.6048
-1.62006
-1.63162
-1.63926
-1.64276
-1.64193
-1.63661
-1.62665
-1.61196
-1.59254
-1.56827
-1.53902
-1.50485
-1.46585
-1.42212
-1.37383
-1.32116
-1.26433
-1.20359
-1.13921
-1.07149
-1.00073
-0.927255
-0.851396
-0.773487
-0.693859
-0.612846
-0.530773
-0.447957
-0.364708
-0.281324
-0.198091
-0.115284
-0.0331679
0.0480023
0.127979
0.20652
0.283382
0.35832
0.431079
0.501388
0.568951
0.633441
0.694486
0.751664
0.804505
0.852509
0.895016
0.930962
0.96083
0.992689
-0.00255073
-0.00297611
-0.00363678
-0.00455087
-0.00569268
-0.00703987
-0.00857618
-0.0102889
-0.0121671
-0.0142007
-0.0163796
-0.0186936
-0.0211326
-0.0236861
-0.0263439
-0.0290959
-0.0319322
-0.0348434
-0.0378203
-0.0408544
-0.0439374
-0.0470616
-0.0502198
-0.0534052
-0.0566113
-0.0598323
-0.0630625
-0.0662967
-0.0695301
-0.0727581
-0.0759764
-0.0791811
-0.0823683
-0.0855347
-0.0886768
-0.0917916
-0.0948762
-0.0979278
-0.100944
-0.103922
-0.10686
-0.109755
-0.112606
-0.115411
-0.118167
-0.120874
-0.123529
-0.126131
-0.128678
-0.13117
-0.133605
-0.135982
-0.1383
-0.140558
-0.142755
-0.14489
-0.146963
-0.148972
-0.150918
-0.1528
-0.154616
-0.156368
-0.158055
-0.159677
-0.161232
-0.162723
-0.164148
-0.165507
-0.166802
-0.168032
-0.169197
-0.170298
-0.171337
-0.172312
-0.173225
-0.174077
-0.174869
-0.175602
-0.176276
-0.176893
-0.177455
-0.177962
-0.178417
-0.17882
-0.179174
-0.179481
-0.179741
-0.179958
-0.180134
-0.180271
-0.180372
-0.180439
-0.180476
-0.180484
-0.180469
-0.180432
-0.180378
-0.180311
-0.180234
-0.180152
-0.18007
-0.179992
-0.179924
-0.179871
-0.179839
-0.179834
-0.179863
-0.179931
-0.180047
-0.180219
-0.180453
-0.180759
-0.181145
-0.181621
-0.182197
-0.182882
-0.183689
-0.184628
-0.185711
-0.186951
-0.188362
-0.189956
-0.19175
-0.193757
-0.195993
-0.198477
-0.201223
-0.204252
-0.207581
-0.211231
-0.215222
-0.219575
-0.224313
-0.229458
-0.235035
-0.241068
-0.247583
-0.254605
-0.262163
-0.270285
-0.278999
-0.288334
-0.298322
-0.308992
-0.320376
-0.332506
-0.345414
-0.359132
-0.373692
-0.389127
-0.405468
-0.422747
-0.440993
-0.460237
-0.480505
-0.501825
-0.524219
-0.547709
-0.572313
-0.598046
-0.624918
-0.652933
-0.682093
-0.71239
-0.743811
-0.776335
-0.809932
-0.844564
-0.880181
-0.916721
-0.954114
-0.992272
-1.0311
-1.07047
-1.11028
-1.15036
-1.19056
-1.2307
-1.27059
-1.31002
-1.34876
-1.38658
-1.42321
-1.4584
-1.49187
-1.52333
-1.55248
-1.57905
-1.60273
-1.62324
-1.64029
-1.65362
-1.66299
-1.66815
-1.6689
-1.66507
-1.65651
-1.64312
-1.62488
-1.60171
-1.57345
-1.54013
-1.50185
-1.45873
-1.41094
-1.35867
-1.30215
-1.24166
-1.17746
-1.10988
-1.03923
-0.965847
-0.890083
-0.81228
-0.732787
-0.651947
-0.570097
-0.487566
-0.404673
-0.321724
-0.239015
-0.156828
-0.0754336
0.00490681
0.0839417
0.161425
0.237114
0.310764
0.382129
0.45095
0.516955
0.579852
0.639329
0.695046
0.746646
0.79379
0.836124
0.872958
0.903875
0.934534
-0.00434998
-0.00478435
-0.0054642
-0.0064017
-0.00756681
-0.00893458
-0.0104868
-0.0122093
-0.0140905
-0.0161198
-0.0182874
-0.0205836
-0.0229988
-0.0255235
-0.0281481
-0.0308635
-0.0336605
-0.0365304
-0.0394646
-0.0424551
-0.045494
-0.0485743
-0.0516887
-0.0548309
-0.0579947
-0.0611743
-0.0643641
-0.0675592
-0.0707547
-0.0739461
-0.0771291
-0.0802999
-0.0834545
-0.0865895
-0.0897016
-0.0927877
-0.0958448
-0.0988701
-0.101861
-0.104815
-0.10773
-0.110603
-0.113433
-0.116218
-0.118955
-0.121643
-0.12428
-0.126866
-0.129397
-0.131873
-0.134293
-0.136656
-0.13896
-0.141204
-0.143387
-0.145509
-0.147569
-0.149566
-0.151499
-0.153369
-0.155174
-0.156913
-0.158588
-0.160197
-0.161741
-0.163219
-0.164631
-0.165978
-0.16726
-0.168476
-0.169627
-0.170715
-0.171738
-0.172698
-0.173595
-0.174431
-0.175205
-0.17592
-0.176575
-0.177172
-0.177713
-0.178198
-0.17863
-0.179009
-0.179337
-0.179616
-0.179848
-0.180035
-0.180179
-0.180282
-0.180347
-0.180377
-0.180374
-0.180341
-0.180281
-0.180198
-0.180095
-0.179976
-0.179845
-0.179707
-0.179565
-0.179424
-0.17929
-0.179168
-0.179064
-0.178983
-0.178932
-0.178918
-0.178948
-0.179029
-0.179169
-0.179378
-0.179662
-0.180033
-0.1805
-0.181072
-0.181762
-0.18258
-0.183539
-0.18465
-0.185928
-0.187387
-0.18904
-0.190903
-0.192992
-0.195323
-0.197915
-0.200785
-0.203953
-0.207438
-0.21126
-0.215442
-0.220005
-0.224973
-0.23037
-0.23622
-0.242551
-0.249387
-0.256758
-0.264691
-0.273216
-0.282362
-0.29216
-0.302643
-0.313841
-0.325787
-0.338515
-0.352057
-0.366448
-0.38172
-0.397906
-0.415041
-0.433155
-0.45228
-0.472446
-0.493683
-0.516015
-0.539467
-0.564062
-0.589815
-0.616742
-0.644851
-0.674146
-0.704625
-0.73628
-0.769094
-0.803041
-0.838088
-0.87419
-0.911289
-0.94932
-0.988198
-1.02783
-1.0681
-1.1089
-1.15006
-1.19144
-1.23285
-1.2741
-1.31498
-1.35526
-1.3947
-1.43302
-1.46996
-1.50523
-1.53853
-1.56955
-1.598
-1.62355
-1.64591
-1.66478
-1.67987
-1.69092
-1.69768
-1.69993
-1.69748
-1.69018
-1.67791
-1.66063
-1.6383
-1.61078
-1.57804
-1.54018
-1.49735
-1.44972
-1.3975
-1.34094
-1.28032
-1.21594
-1.14813
-1.07723
-1.00359
-0.927578
-0.849555
-0.769883
-0.688919
-0.607012
-0.524503
-0.441718
-0.358973
-0.276569
-0.194794
-0.113923
-0.0342187
0.0440669
0.12069
0.195412
0.268
0.338219
0.405833
0.4706
0.532272
0.590596
0.64531
0.696157
0.742918
0.785472
0.823423
0.855426
0.884149
-0.00645448
-0.00689114
-0.00758039
-0.00852996
-0.00970674
-0.0110839
-0.0126418
-0.0143652
-0.0162418
-0.0182607
-0.0204121
-0.0226866
-0.0250751
-0.0275686
-0.0301582
-0.0328354
-0.0355916
-0.0384187
-0.0413088
-0.0442542
-0.0472476
-0.0502822
-0.0533512
-0.0564484
-0.0595679
-0.062704
-0.0658514
-0.0690051
-0.0721605
-0.0753129
-0.0784584
-0.0815928
-0.0847124
-0.0878137
-0.0908935
-0.0939484
-0.0969757
-0.0999723
-0.102936
-0.105864
-0.108753
-0.111602
-0.114409
-0.117171
-0.119887
-0.122555
-0.125173
-0.127739
-0.130252
-0.132711
-0.135114
-0.13746
-0.139748
-0.141976
-0.144145
-0.146252
-0.148298
-0.15028
-0.1522
-0.154055
-0.155847
-0.157573
-0.159234
-0.16083
-0.16236
-0.163824
-0.165222
-0.166555
-0.167822
-0.169024
-0.17016
-0.171232
-0.172239
-0.173183
-0.174063
-0.174881
-0.175637
-0.176332
-0.176968
-0.177544
-0.178063
-0.178525
-0.178932
-0.179286
-0.179587
-0.179839
-0.180041
-0.180197
-0.180308
-0.180377
-0.180406
-0.180397
-0.180354
-0.180278
-0.180174
-0.180044
-0.179891
-0.17972
-0.179534
-0.179337
-0.179134
-0.17893
-0.178729
-0.178537
-0.17836
-0.178202
-0.178071
-0.177974
-0.177917
-0.177907
-0.177953
-0.178064
-0.178247
-0.178513
-0.17887
-0.17933
-0.179904
-0.180602
-0.181437
-0.182422
-0.183569
-0.184894
-0.186409
-0.188132
-0.190077
-0.192262
-0.194704
-0.197422
-0.200434
-0.203761
-0.207423
-0.211443
-0.215842
-0.220644
-0.225873
-0.231556
-0.237716
-0.244383
-0.251584
-0.259347
-0.267703
-0.276681
-0.286314
-0.296634
-0.307672
-0.319464
-0.332042
-0.345441
-0.359697
-0.374843
-0.390914
-0.407946
-0.425972
-0.445025
-0.465139
-0.486344
-0.50867
-0.532143
-0.556788
-0.582627
-0.609677
-0.637951
-0.667457
-0.698198
-0.730169
-0.763358
-0.797745
-0.8333
-0.869984
-0.907744
-0.946517
-0.986225
-1.02678
-1.06806
-1.10996
-1.15232
-1.195
-1.2378
-1.28054
-1.323
-1.36494
-1.4061
-1.44623
-1.48503
-1.5222
-1.55744
-1.59041
-1.6208
-1.64828
-1.67253
-1.69323
-1.71007
-1.72278
-1.73108
-1.73475
-1.73358
-1.7274
-1.7161
-1.6996
-1.6779
-1.65088
-1.61846
-1.58075
-1.53791
-1.49012
-1.43763
-1.38069
-1.31961
-1.25471
-1.18634
-1.11486
-1.04065
-0.964079
-0.885539
-0.805404
-0.724045
-0.641824
-0.559091
-0.476182
-0.39342
-0.31111
-0.229543
-0.148995
-0.0697268
0.00801274
0.083986
0.157965
0.22973
0.299066
0.365762
0.42961
0.490407
0.547954
0.602059
0.652541
0.69927
0.742299
0.781472
0.81455
0.840897
-0.00882563
-0.00925934
-0.00994997
-0.0109021
-0.0120805
-0.0134572
-0.0150116
-0.0167277
-0.0185924
-0.0205949
-0.0227252
-0.024974
-0.0273325
-0.0297922
-0.0323447
-0.0349819
-0.0376958
-0.0404789
-0.0433236
-0.0462227
-0.0491694
-0.052157
-0.0551793
-0.0582301
-0.0613038
-0.0643948
-0.0674982
-0.0706089
-0.0737223
-0.0768341
-0.07994
-0.0830363
-0.086119
-0.0891848
-0.0922302
-0.0952521
-0.0982475
-0.101214
-0.104148
-0.107047
-0.10991
-0.112733
-0.115515
-0.118253
-0.120946
-0.123591
-0.126187
-0.128733
-0.131226
-0.133666
-0.13605
-0.138378
-0.140649
-0.14286
-0.145012
-0.147104
-0.149133
-0.151101
-0.153005
-0.154845
-0.156622
-0.158333
-0.15998
-0.161561
-0.163076
-0.164525
-0.165909
-0.167226
-0.168478
-0.169664
-0.170785
-0.17184
-0.17283
-0.173757
-0.174619
-0.175418
-0.176155
-0.176831
-0.177445
-0.178
-0.178496
-0.178935
-0.179318
-0.179646
-0.17992
-0.180143
-0.180315
-0.18044
-0.180518
-0.180552
-0.180544
-0.180497
-0.180413
-0.180294
-0.180144
-0.179967
-0.179764
-0.17954
-0.179299
-0.179044
-0.178781
-0.178512
-0.178244
-0.177982
-0.177731
-0.177496
-0.177285
-0.177104
-0.176959
-0.176859
-0.176811
-0.176824
-0.176905
-0.177066
-0.177315
-0.177663
-0.178121
-0.1787
-0.179412
-0.180271
-0.18129
-0.182482
-0.183863
-0.185448
-0.187253
-0.189295
-0.191592
-0.194162
-0.197024
-0.2002
-0.203709
-0.207574
-0.211818
-0.216464
-0.221536
-0.227061
-0.233066
-0.239576
-0.246621
-0.254231
-0.262435
-0.271265
-0.280752
-0.29093
-0.301833
-0.313494
-0.325949
-0.339234
-0.353384
-0.368436
-0.384426
-0.401392
-0.419368
-0.438391
-0.458495
-0.479715
-0.502082
-0.525627
-0.550378
-0.576359
-0.603592
-0.632094
-0.661877
-0.692949
-0.72531
-0.758951
-0.793859
-0.830007
-0.867361
-0.905873
-0.945484
-0.98612
-1.02769
-1.07009
-1.11321
-1.15688
-1.20097
-1.24528
-1.28962
-1.33377
-1.37748
-1.4205
-1.46254
-1.5033
-1.54247
-1.57973
-1.61474
-1.64714
-1.67661
-1.70278
-1.72533
-1.74393
-1.75827
-1.76807
-1.77308
-1.77309
-1.76791
-1.75742
-1.74152
-1.72027
-1.69353
-1.66118
-1.62335
-1.58021
-1.53198
-1.47891
-1.42128
-1.35943
-1.29369
-1.22445
-1.15209
-1.07701
-0.999605
-0.920274
-0.839415
-0.757412
-0.67464
-0.591458
-0.508211
-0.425224
-0.342807
-0.261251
-0.18083
-0.101801
-0.0244052
0.0511293
0.124588
0.195768
0.264477
0.33053
0.393755
0.453988
0.511079
0.564893
0.615307
0.662253
0.705912
0.746334
0.780443
0.804142
-0.0114247
-0.0118514
-0.012537
-0.0134838
-0.0146555
-0.0160235
-0.0175664
-0.0192678
-0.0211143
-0.0230948
-0.0251991
-0.0274183
-0.0297436
-0.0321669
-0.0346802
-0.0372757
-0.0399461
-0.0426839
-0.0454822
-0.0483341
-0.0512331
-0.0541728
-0.0571473
-0.0601507
-0.0631775
-0.0662225
-0.0692806
-0.072347
-0.0754172
-0.078487
-0.0815521
-0.0846087
-0.0876531
-0.0906817
-0.0936913
-0.0966787
-0.0996409
-0.102575
-0.105478
-0.108348
-0.111182
-0.113977
-0.116733
-0.119445
-0.122113
-0.124735
-0.127309
-0.129832
-0.132304
-0.134723
-0.137088
-0.139397
-0.141648
-0.143842
-0.145976
-0.14805
-0.150063
-0.152014
-0.153902
-0.155726
-0.157486
-0.159182
-0.160813
-0.162378
-0.163878
-0.165312
-0.166679
-0.167981
-0.169217
-0.170386
-0.17149
-0.172528
-0.173502
-0.17441
-0.175254
-0.176034
-0.176752
-0.177407
-0.178
-0.178533
-0.179007
-0.179422
-0.17978
-0.180081
-0.180329
-0.180523
-0.180665
-0.180758
-0.180804
-0.180803
-0.180758
-0.180673
-0.180548
-0.180387
-0.180192
-0.179967
-0.179715
-0.179439
-0.179142
-0.17883
-0.178505
-0.178173
-0.177838
-0.177506
-0.177181
-0.17687
-0.176579
-0.176314
-0.176083
-0.175892
-0.17575
-0.175665
-0.175646
-0.175702
-0.175842
-0.176079
-0.176422
-0.176883
-0.177474
-0.178209
-0.1791
-0.180163
-0.181411
-0.18286
-0.184528
-0.18643
-0.188585
-0.191012
-0.193729
-0.196759
-0.200121
-0.203838
-0.207934
-0.212431
-0.217356
-0.222734
-0.228592
-0.234957
-0.24186
-0.249329
-0.257397
-0.266093
-0.275452
-0.285508
-0.296293
-0.307846
-0.3202
-0.333394
-0.347465
-0.362451
-0.378389
-0.395319
-0.413279
-0.432306
-0.452438
-0.473712
-0.496162
-0.519823
-0.544725
-0.570897
-0.598365
-0.62715
-0.657268
-0.688731
-0.721545
-0.755706
-0.791204
-0.828019
-0.866121
-0.905466
-0.946
-0.987652
-1.03034
-1.07395
-1.11838
-1.16347
-1.20907
-1.255
-1.30105
-1.347
-1.3926
-1.43757
-1.48163
-1.52445
-1.56573
-1.6051
-1.64221
-1.6767
-1.7082
-1.73634
-1.76076
-1.78111
-1.79706
-1.80832
-1.81461
-1.8157
-1.8114
-1.80156
-1.78611
-1.7651
-1.73841
-1.70589
-1.66768
-1.62398
-1.57501
-1.52107
-1.46246
-1.39953
-1.33267
-1.26227
-1.18875
-1.11252
-1.03401
-0.953638
-0.871816
-0.788942
-0.705403
-0.621566
-0.537782
-0.454381
-0.371671
-0.289943
-0.209465
-0.130489
-0.0532459
0.022049
0.0951968
0.166013
0.234328
0.299986
0.362844
0.422774
0.47967
0.53344
0.584004
0.631333
0.675707
0.717356
0.752436
0.773293
-0.0142138
-0.0146306
-0.0153062
-0.0162414
-0.0173996
-0.0187519
-0.0202768
-0.0219573
-0.0237799
-0.0257334
-0.0278076
-0.0299935
-0.0322827
-0.0346673
-0.0371394
-0.0396918
-0.0423172
-0.0450088
-0.0477598
-0.0505637
-0.0534143
-0.0563055
-0.0592316
-0.062187
-0.0651662
-0.0681643
-0.0711764
-0.0741977
-0.0772239
-0.0802506
-0.0832739
-0.0862899
-0.0892949
-0.0922854
-0.0952581
-0.0982098
-0.101137
-0.104038
-0.106909
-0.109748
-0.112552
-0.115319
-0.118047
-0.120733
-0.123375
-0.125972
-0.128522
-0.131022
-0.133472
-0.13587
-0.138213
-0.140502
-0.142734
-0.144908
-0.147024
-0.14908
-0.151074
-0.153008
-0.154878
-0.156686
-0.15843
-0.160109
-0.161723
-0.163272
-0.164756
-0.166173
-0.167524
-0.16881
-0.170029
-0.171181
-0.172268
-0.173289
-0.174244
-0.175134
-0.17596
-0.176721
-0.177419
-0.178053
-0.178626
-0.179137
-0.179587
-0.179979
-0.180312
-0.180588
-0.180808
-0.180974
-0.181087
-0.181149
-0.181162
-0.181127
-0.181046
-0.180923
-0.180758
-0.180555
-0.180316
-0.180045
-0.179744
-0.179416
-0.179065
-0.178696
-0.178311
-0.177917
-0.177516
-0.177114
-0.176717
-0.17633
-0.17596
-0.175613
-0.175295
-0.175015
-0.174779
-0.174598
-0.174478
-0.17443
-0.174464
-0.17459
-0.174819
-0.175164
-0.175635
-0.176247
-0.177012
-0.177946
-0.179064
-0.18038
-0.181913
-0.183678
-0.185695
-0.187982
-0.190559
-0.193447
-0.196667
-0.200242
-0.204195
-0.208551
-0.213335
-0.218574
-0.224295
-0.230525
-0.237296
-0.244637
-0.252579
-0.261156
-0.270401
-0.280349
-0.291035
-0.302496
-0.314769
-0.327892
-0.341905
-0.356847
-0.372758
-0.389678
-0.407648
-0.426709
-0.4469
-0.46826
-0.490828
-0.514641
-0.539733
-0.566137
-0.593883
-0.622996
-0.653497
-0.685403
-0.718724
-0.753461
-0.78961
-0.827155
-0.866071
-0.90632
-0.947851
-0.990597
-1.03448
-1.07939
-1.12522
-1.17182
-1.21904
-1.26668
-1.31455
-1.3624
-1.40998
-1.45701
-1.50319
-1.54818
-1.59165
-1.63322
-1.67252
-1.70915
-1.74274
-1.77288
-1.79919
-1.82129
-1.83883
-1.85149
-1.85899
-1.86106
-1.85751
-1.84818
-1.83298
-1.81203
-1.78517
-1.75223
-1.71337
-1.66883
-1.61884
-1.56374
-1.50385
-1.43956
-1.37128
-1.29945
-1.22449
-1.14686
-1.06701
-0.985364
-0.90236
-0.81841
-0.733909
-0.649233
-0.564736
-0.48075
-0.397582
-0.315517
-0.23482
-0.15573
-0.0784684
-0.00323585
0.0697858
0.140432
0.208555
0.274024
0.336726
0.396565
0.453465
0.507372
0.558235
0.606049
0.65117
0.693996
0.729983
0.747858
-0.0171572
-0.0175619
-0.0182236
-0.0191423
-0.0202815
-0.0216126
-0.0231139
-0.0247684
-0.0265625
-0.0284848
-0.0305252
-0.0326749
-0.0349254
-0.0372691
-0.0396984
-0.0422063
-0.0447858
-0.0474303
-0.0501334
-0.0528888
-0.0556906
-0.058533
-0.0614103
-0.0643172
-0.0672486
-0.0701994
-0.073165
-0.0761408
-0.0791224
-0.0821056
-0.0850865
-0.0880612
-0.0910261
-0.0939778
-0.0969129
-0.0998281
-0.102721
-0.105587
-0.108426
-0.111233
-0.114006
-0.116744
-0.119443
-0.122101
-0.124717
-0.127288
-0.129813
-0.13229
-0.134717
-0.137092
-0.139414
-0.141681
-0.143893
-0.146047
-0.148143
-0.15018
-0.152157
-0.154072
-0.155925
-0.157715
-0.159441
-0.161103
-0.162701
-0.164233
-0.1657
-0.1671
-0.168435
-0.169703
-0.170905
-0.172041
-0.17311
-0.174113
-0.175051
-0.175922
-0.176729
-0.177471
-0.178149
-0.178763
-0.179314
-0.179804
-0.180232
-0.1806
-0.180909
-0.18116
-0.181353
-0.181492
-0.181576
-0.181608
-0.181589
-0.18152
-0.181405
-0.181245
-0.181041
-0.180797
-0.180516
-0.180199
-0.17985
-0.179472
-0.179069
-0.178644
-0.178202
-0.177745
-0.17728
-0.176811
-0.176343
-0.175882
-0.175434
-0.175006
-0.174604
-0.174235
-0.173909
-0.173632
-0.173414
-0.173264
-0.173192
-0.173209
-0.173326
-0.173555
-0.173909
-0.174399
-0.175041
-0.175849
-0.176837
-0.178023
-0.179423
-0.181054
-0.182936
-0.185086
-0.187526
-0.190276
-0.193359
-0.196796
-0.200613
-0.204833
-0.209483
-0.214589
-0.22018
-0.226283
-0.232931
-0.240152
-0.24798
-0.256448
-0.265591
-0.275444
-0.286043
-0.297427
-0.309633
-0.322703
-0.336675
-0.351592
-0.367495
-0.384426
-0.402429
-0.421546
-0.44182
-0.463293
-0.486006
-0.51
-0.535313
-0.561982
-0.59004
-0.619518
-0.650441
-0.682831
-0.716702
-0.752062
-0.78891
-0.827238
-0.867024
-0.908235
-0.950826
-0.994734
-1.03988
-1.08617
-1.13348
-1.18167
-1.23059
-1.28004
-1.32981
-1.37966
-1.42933
-1.47852
-1.52691
-1.57417
-1.61991
-1.66377
-1.70533
-1.74418
-1.7799
-1.81207
-1.84028
-1.86412
-1.88322
-1.89723
-1.90584
-1.90878
-1.90584
-1.89685
-1.88174
-1.86062
-1.83334
-1.79973
-1.75996
-1.71428
-1.66299
-1.60643
-1.54497
-1.47903
-1.40906
-1.33552
-1.25888
-1.17961
-1.09819
-1.01506
-0.930678
-0.845468
-0.759835
-0.67416
-0.588799
-0.504082
-0.420315
-0.337776
-0.25672
-0.177377
-0.0999535
-0.0246353
0.0484132
0.119047
0.18714
0.252586
0.315295
0.375197
0.432246
0.486411
0.537664
0.586013
0.631875
0.675804
0.712628
0.727428
-0.0202207
-0.0206118
-0.0212568
-0.0221552
-0.0232713
-0.0245768
-0.0260502
-0.0276746
-0.0294364
-0.0313241
-0.0333278
-0.0354386
-0.0376484
-0.0399495
-0.0423347
-0.044797
-0.0473298
-0.0499267
-0.0525815
-0.0552882
-0.0580411
-0.0608344
-0.0636629
-0.0665214
-0.0694048
-0.0723083
-0.0752274
-0.0781574
-0.0810943
-0.0840338
-0.086972
-0.0899052
-0.0928297
-0.0957422
-0.0986392
-0.101518
-0.104374
-0.107207
-0.110011
-0.112786
-0.115529
-0.118236
-0.120906
-0.123537
-0.126125
-0.128671
-0.13117
-0.133622
-0.136025
-0.138377
-0.140677
-0.142923
-0.145114
-0.147248
-0.149324
-0.151342
-0.153299
-0.155196
-0.15703
-0.158802
-0.160511
-0.162156
-0.163736
-0.165251
-0.166701
-0.168084
-0.169402
-0.170653
-0.171838
-0.172956
-0.174008
-0.174994
-0.175913
-0.176767
-0.177555
-0.178277
-0.178936
-0.17953
-0.180061
-0.180529
-0.180935
-0.18128
-0.181565
-0.181792
-0.18196
-0.182071
-0.182128
-0.18213
-0.182081
-0.181981
-0.181831
-0.181636
-0.181395
-0.181112
-0.18079
-0.180429
-0.180035
-0.179609
-0.179155
-0.178677
-0.178178
-0.177663
-0.177135
-0.176601
-0.176065
-0.175532
-0.175009
-0.174502
-0.174018
-0.173564
-0.173148
-0.172778
-0.172464
-0.172214
-0.172039
-0.17195
-0.171957
-0.172073
-0.17231
-0.172682
-0.173202
-0.173886
-0.174749
-0.175806
-0.177076
-0.178576
-0.180325
-0.182342
-0.184648
-0.187264
-0.190212
-0.193516
-0.1972
-0.20129
-0.20581
-0.21079
-0.216256
-0.22224
-0.22877
-0.23588
-0.243602
-0.25197
-0.261019
-0.270787
-0.28131
-0.292628
-0.30478
-0.317808
-0.331753
-0.346659
-0.362569
-0.379527
-0.397579
-0.41677
-0.437145
-0.45875
-0.48163
-0.505827
-0.531384
-0.558342
-0.586739
-0.616609
-0.647983
-0.680888
-0.715343
-0.751361
-0.788948
-0.8281
-0.8688
-0.911023
-0.954725
-0.999849
-1.04632
-1.09405
-1.14291
-1.19277
-1.24347
-1.2948
-1.34657
-1.39851
-1.45036
-1.5018
-1.55251
-1.60211
-1.65023
-1.69644
-1.74033
-1.78145
-1.81935
-1.85358
-1.88369
-1.90925
-1.92986
-1.94515
-1.95477
-1.95846
-1.95598
-1.94716
-1.93193
-1.91038
-1.88241
-1.84786
-1.80688
-1.75978
-1.70688
-1.64855
-1.58523
-1.51736
-1.44542
-1.36992
-1.29135
-1.21022
-1.12702
-1.04222
-0.956291
-0.869666
-0.782758
-0.695952
-0.609604
-0.524042
-0.439565
-0.356444
-0.274923
-0.195218
-0.117523
-0.0420064
0.0311844
0.101924
0.170106
0.235645
0.298475
0.358546
0.415832
0.470325
0.522011
0.570902
0.617463
0.662403
0.699992
0.71166
-0.0233728
-0.0237493
-0.0243755
-0.0252508
-0.0263405
-0.0276171
-0.0290593
-0.0306505
-0.032377
-0.0342275
-0.0361922
-0.0382623
-0.0404297
-0.0426869
-0.0450269
-0.047443
-0.0499287
-0.0524777
-0.055084
-0.057742
-0.060446
-0.0631905
-0.0659704
-0.0687807
-0.0716163
-0.0744728
-0.0773455
-0.08023
-0.0831222
-0.0860181
-0.0889138
-0.0918055
-0.0946896
-0.0975628
-0.100422
-0.103263
-0.106084
-0.108882
-0.111653
-0.114395
-0.117106
-0.119783
-0.122424
-0.125026
-0.127588
-0.130106
-0.13258
-0.135008
-0.137387
-0.139716
-0.141993
-0.144217
-0.146386
-0.1485
-0.150556
-0.152554
-0.154492
-0.15637
-0.158186
-0.15994
-0.161631
-0.163258
-0.164821
-0.166318
-0.167751
-0.169117
-0.170418
-0.171652
-0.17282
-0.173921
-0.174955
-0.175923
-0.176825
-0.17766
-0.17843
-0.179134
-0.179773
-0.180348
-0.180858
-0.181306
-0.181691
-0.182014
-0.182276
-0.182479
-0.182623
-0.182709
-0.182738
-0.182713
-0.182634
-0.182504
-0.182323
-0.182093
-0.181818
-0.181498
-0.181136
-0.180735
-0.180297
-0.179825
-0.179323
-0.178794
-0.178242
-0.17767
-0.177084
-0.176487
-0.175886
-0.175284
-0.174689
-0.174107
-0.173544
-0.173007
-0.172506
-0.172046
-0.171639
-0.171293
-0.171018
-0.170825
-0.170726
-0.170732
-0.170856
-0.171112
-0.171514
-0.172077
-0.172816
-0.173748
-0.174891
-0.176263
-0.177882
-0.179769
-0.181944
-0.184429
-0.187247
-0.190421
-0.193977
-0.197939
-0.202335
-0.207192
-0.212539
-0.218407
-0.224826
-0.23183
-0.239452
-0.247726
-0.256689
-0.266379
-0.276834
-0.288094
-0.3002
-0.313196
-0.327123
-0.342027
-0.357954
-0.374951
-0.393063
-0.412341
-0.43283
-0.45458
-0.477639
-0.502054
-0.527871
-0.555135
-0.583888
-0.614169
-0.646015
-0.679456
-0.714519
-0.751222
-0.789576
-0.829582
-0.871231
-0.914501
-0.959356
-1.00574
-1.05359
-1.10281
-1.15328
-1.20487
-1.25742
-1.31072
-1.36456
-1.41868
-1.47279
-1.52657
-1.57968
-1.63172
-1.68229
-1.73094
-1.77723
-1.82066
-1.86077
-1.89707
-1.92907
-1.95632
-1.97838
-1.99485
-2.00537
-2.00965
-2.00744
-1.99859
-1.98301
-1.96075
-1.93178
-1.89599
-1.8535
-1.80465
-1.74982
-1.68943
-1.62394
-1.55385
-1.47968
-1.40197
-1.32125
-1.23805
-1.15288
-1.06625
-0.978633
-0.890467
-0.802174
-0.714138
-0.626715
-0.540228
-0.454966
-0.37119
-0.289132
-0.208995
-0.130957
-0.0551699
0.0182374
0.0891569
0.157502
0.223206
0.28622
0.346515
0.40408
0.458923
0.511039
0.560442
0.607637
0.653478
0.691749
0.700267
-0.026584
-0.0269453
-0.0275513
-0.0284016
-0.0294626
-0.0307078
-0.0321164
-0.0336719
-0.035361
-0.0371724
-0.0390963
-0.0411242
-0.0432481
-0.0454607
-0.047755
-0.0501244
-0.0525627
-0.0550639
-0.057622
-0.0602315
-0.0628869
-0.0655831
-0.0683149
-0.0710774
-0.0738658
-0.0766757
-0.0795025
-0.082342
-0.08519
-0.0880427
-0.0908961
-0.0937467
-0.0965907
-0.0994249
-0.102246
-0.105051
-0.107836
-0.110599
-0.113337
-0.116047
-0.118726
-0.121373
-0.123984
-0.126558
-0.129092
-0.131584
-0.134033
-0.136435
-0.13879
-0.141096
-0.14335
-0.145553
-0.147701
-0.149793
-0.151829
-0.153807
-0.155726
-0.157585
-0.159383
-0.161119
-0.162792
-0.164401
-0.165947
-0.167427
-0.168842
-0.170192
-0.171475
-0.172692
-0.173843
-0.174927
-0.175944
-0.176895
-0.177779
-0.178597
-0.179349
-0.180034
-0.180655
-0.181211
-0.181702
-0.182129
-0.182494
-0.182796
-0.183036
-0.183216
-0.183337
-0.183399
-0.183403
-0.183352
-0.183246
-0.183086
-0.182875
-0.182614
-0.182306
-0.181951
-0.181553
-0.181113
-0.180634
-0.18012
-0.179573
-0.178997
-0.178394
-0.17777
-0.177128
-0.176473
-0.175809
-0.175143
-0.17448
-0.173827
-0.173189
-0.172574
-0.171991
-0.171446
-0.17095
-0.170512
-0.170141
-0.169849
-0.169647
-0.169547
-0.169563
-0.169707
-0.169994
-0.170439
-0.171059
-0.17187
-0.172889
-0.174136
-0.175629
-0.177389
-0.179436
-0.181794
-0.184485
-0.187532
-0.190963
-0.194801
-0.199076
-0.203814
-0.209046
-0.214802
-0.221115
-0.228016
-0.235542
-0.243727
-0.252609
-0.262226
-0.272617
-0.283825
-0.295891
-0.308859
-0.322774
-0.337683
-0.353634
-0.370674
-0.388854
-0.408224
-0.428834
-0.450737
-0.473983
-0.498624
-0.524709
-0.552287
-0.581405
-0.612108
-0.644437
-0.678428
-0.714112
-0.751515
-0.790654
-0.831535
-0.874156
-0.918501
-0.964539
-1.01222
-1.06149
-1.11224
-1.16438
-1.21775
-1.27221
-1.32754
-1.38353
-1.4399
-1.49636
-1.55257
-1.60816
-1.66272
-1.71582
-1.76698
-1.81572
-1.86152
-1.90386
-1.94223
-1.9761
-2.00497
-2.02839
-2.04592
-2.05718
-2.06186
-2.05972
-2.05057
-2.03436
-2.0111
-1.98082
-1.94344
-1.89909
-1.84816
-1.79106
-1.72827
-1.6603
-1.58771
-1.51105
-1.43089
-1.34781
-1.26236
-1.17508
-1.08649
-0.997068
-0.90727
-0.817517
-0.728192
-0.639645
-0.55219
-0.466108
-0.381646
-0.299022
-0.218425
-0.140014
-0.0639257
0.00972817
0.0808578
0.149394
0.215287
0.278504
0.33903
0.396871
0.452043
0.504551
0.554405
0.602142
0.648757
0.687623
0.692999
-0.029827
-0.0301728
-0.0307578
-0.0315817
-0.0326125
-0.0338246
-0.0351978
-0.0367161
-0.0383663
-0.0401372
-0.0420194
-0.0440042
-0.046084
-0.0482514
-0.0504998
-0.0528226
-0.0552137
-0.0576672
-0.0601775
-0.0627391
-0.0653466
-0.0679951
-0.0706794
-0.0733949
-0.0761369
-0.0789009
-0.0816826
-0.0844777
-0.0872823
-0.0900925
-0.0929043
-0.0957143
-0.0985188
-0.101315
-0.104098
-0.106866
-0.109616
-0.112345
-0.11505
-0.117728
-0.120376
-0.122993
-0.125575
-0.128121
-0.130628
-0.133094
-0.135517
-0.137895
-0.140226
-0.142508
-0.14474
-0.146921
-0.149047
-0.15112
-0.153135
-0.155094
-0.156994
-0.158834
-0.160613
-0.162331
-0.163986
-0.165578
-0.167106
-0.16857
-0.169968
-0.171301
-0.172567
-0.173768
-0.174901
-0.175969
-0.176969
-0.177903
-0.17877
-0.17957
-0.180305
-0.180973
-0.181575
-0.182113
-0.182585
-0.182994
-0.183338
-0.18362
-0.18384
-0.183999
-0.184097
-0.184137
-0.184118
-0.184042
-0.18391
-0.183724
-0.183485
-0.183195
-0.182856
-0.182469
-0.182037
-0.181561
-0.181046
-0.180492
-0.179903
-0.179283
-0.178634
-0.177961
-0.177268
-0.176558
-0.175838
-0.175112
-0.174385
-0.173665
-0.172958
-0.17227
-0.17161
-0.170986
-0.170406
-0.169881
-0.169419
-0.169033
-0.168734
-0.168534
-0.168445
-0.168483
-0.16866
-0.168993
-0.169498
-0.170192
-0.171093
-0.172218
-0.173589
-0.175226
-0.17715
-0.179384
-0.181951
-0.184876
-0.188184
-0.191902
-0.196058
-0.200681
-0.205801
-0.211448
-0.217656
-0.224459
-0.231891
-0.23999
-0.248793
-0.258339
-0.26867
-0.279827
-0.291855
-0.304798
-0.318703
-0.333619
-0.349595
-0.366681
-0.384929
-0.404393
-0.425126
-0.447183
-0.470617
-0.495484
-0.521838
-0.549732
-0.579218
-0.610345
-0.643159
-0.677703
-0.714015
-0.752124
-0.792055
-0.833823
-0.877429
-0.922865
-0.970107
-1.01911
-1.06982
-1.12215
-1.17599
-1.2312
-1.28762
-1.34504
-1.40324
-1.46194
-1.52082
-1.57954
-1.63769
-1.69486
-1.75056
-1.80429
-1.85553
-1.90373
-1.94831
-1.98873
-2.02442
-2.05484
-2.07949
-2.09792
-2.10973
-2.11458
-2.11222
-2.10248
-2.08531
-2.06073
-2.02878
-1.98943
-1.94283
-1.88943
-1.82971
-1.76418
-1.69343
-1.61805
-1.53864
-1.45583
-1.3702
-1.28236
-1.19284
-1.10219
-1.0109
-0.919424
-0.828181
-0.737551
-0.647875
-0.559456
-0.472563
-0.387428
-0.304253
-0.22321
-0.144442
-0.0680685
0.00581721
0.0771414
0.145851
0.211912
0.275306
0.33603
0.394101
0.449546
0.502372
0.552588
0.600755
0.648005
0.687366
0.689645
-0.0330766
-0.033407
-0.0339706
-0.0347673
-0.0357669
-0.0369448
-0.0382817
-0.0397617
-0.0413721
-0.0431018
-0.0449416
-0.046883
-0.0489184
-0.0510407
-0.0532432
-0.0555197
-0.0578641
-0.0602706
-0.0627337
-0.0652482
-0.0678087
-0.0704103
-0.0730482
-0.0757176
-0.0784141
-0.0811333
-0.0838708
-0.0866226
-0.0893847
-0.0921532
-0.0949244
-0.0976946
-0.10046
-0.103218
-0.105965
-0.108698
-0.111413
-0.114109
-0.116781
-0.119427
-0.122045
-0.124632
-0.127186
-0.129704
-0.132184
-0.134624
-0.137022
-0.139376
-0.141683
-0.143943
-0.146153
-0.148312
-0.150418
-0.152469
-0.154466
-0.156405
-0.158286
-0.160108
-0.161869
-0.163569
-0.165207
-0.166781
-0.168292
-0.169739
-0.171121
-0.172437
-0.173687
-0.174871
-0.175988
-0.177039
-0.178023
-0.178941
-0.179791
-0.180575
-0.181292
-0.181943
-0.182529
-0.183048
-0.183503
-0.183893
-0.18422
-0.184483
-0.184683
-0.184822
-0.1849
-0.184918
-0.184877
-0.184778
-0.184623
-0.184412
-0.184148
-0.183831
-0.183464
-0.183048
-0.182585
-0.182077
-0.181527
-0.180938
-0.180311
-0.179651
-0.17896
-0.178243
-0.177502
-0.176744
-0.175971
-0.17519
-0.174406
-0.173625
-0.172854
-0.172099
-0.171368
-0.17067
-0.170014
-0.169408
-0.168863
-0.168389
-0.167999
-0.167705
-0.16752
-0.167457
-0.167531
-0.167758
-0.168154
-0.168737
-0.169524
-0.170535
-0.171789
-0.173308
-0.175113
-0.177227
-0.179674
-0.18248
-0.18567
-0.189271
-0.193312
-0.197821
-0.202831
-0.208372
-0.214477
-0.221182
-0.228523
-0.236536
-0.24526
-0.254737
-0.265007
-0.276114
-0.288103
-0.30102
-0.314915
-0.329835
-0.345834
-0.362963
-0.381277
-0.400831
-0.421682
-0.443888
-0.467506
-0.492594
-0.519212
-0.547416
-0.577263
-0.608808
-0.642102
-0.677195
-0.714129
-0.752943
-0.793666
-0.83632
-0.880917
-0.927452
-0.975909
-1.02625
-1.07843
-1.13236
-1.18793
-1.24502
-1.30345
-1.36302
-1.4235
-1.48459
-1.54597
-1.60727
-1.66807
-1.7279
-1.78628
-1.84264
-1.89643
-1.94703
-1.99386
-2.03628
-2.0737
-2.10554
-2.13127
-2.15039
-2.16249
-2.16722
-2.16432
-2.15364
-2.13513
-2.10885
-2.07482
-2.03305
-1.98378
-1.92751
-1.86478
-1.79617
-1.72233
-1.64388
-1.5615
-1.47584
-1.38752
-1.29716
-1.20534
-1.11258
-1.0194
-0.926246
-0.833534
-0.741633
-0.650874
-0.561545
-0.473899
-0.388153
-0.30449
-0.223064
-0.144001
-0.0674019
0.00665554
0.0781144
0.146937
0.213102
0.276605
0.337454
0.395674
0.4513
0.504343
0.554807
0.603274
0.651003
0.690755
0.690011
-0.0363097
-0.0366248
-0.0371668
-0.0379361
-0.038904
-0.0400473
-0.0413473
-0.0427886
-0.0443588
-0.0460471
-0.0478444
-0.0497424
-0.0517337
-0.0538111
-0.0559683
-0.0581991
-0.0604974
-0.0628578
-0.0652748
-0.0677431
-0.0702576
-0.0728136
-0.0754062
-0.0780308
-0.080683
-0.0833585
-0.0860531
-0.0887627
-0.0914835
-0.0942115
-0.096943
-0.0996746
-0.102403
-0.105124
-0.107835
-0.110533
-0.113215
-0.115877
-0.118518
-0.121134
-0.123722
-0.12628
-0.128806
-0.131297
-0.133751
-0.136166
-0.138539
-0.140869
-0.143153
-0.145391
-0.147579
-0.149717
-0.151803
-0.153835
-0.155812
-0.157732
-0.159595
-0.161398
-0.163142
-0.164825
-0.166446
-0.168004
-0.169498
-0.170928
-0.172294
-0.173594
-0.174828
-0.175996
-0.177098
-0.178133
-0.179101
-0.180002
-0.180837
-0.181604
-0.182305
-0.18294
-0.183509
-0.184012
-0.18445
-0.184823
-0.185132
-0.185377
-0.185559
-0.18568
-0.185738
-0.185737
-0.185676
-0.185556
-0.185379
-0.185146
-0.184859
-0.184518
-0.184125
-0.183683
-0.183192
-0.182656
-0.182075
-0.181453
-0.180793
-0.180097
-0.179369
-0.178612
-0.17783
-0.177027
-0.176208
-0.175378
-0.174542
-0.173707
-0.172878
-0.172063
-0.171269
-0.170504
-0.169778
-0.169099
-0.168478
-0.167926
-0.167453
-0.167073
-0.166798
-0.166643
-0.166622
-0.166751
-0.167046
-0.167525
-0.168206
-0.169108
-0.170253
-0.17166
-0.173352
-0.175352
-0.177685
-0.180376
-0.183452
-0.186939
-0.190868
-0.195268
-0.200169
-0.205605
-0.211609
-0.218217
-0.225466
-0.233393
-0.242039
-0.251444
-0.261652
-0.272706
-0.284653
-0.297541
-0.311419
-0.326339
-0.342355
-0.35952
-0.377892
-0.397529
-0.418489
-0.440833
-0.464624
-0.489922
-0.516791
-0.545292
-0.575488
-0.607437
-0.641199
-0.676827
-0.714371
-0.753878
-0.795384
-0.838918
-0.884499
-0.932133
-0.981808
-1.0335
-1.08715
-1.1427
-1.20004
-1.25904
-1.31953
-1.3813
-1.44411
-1.50766
-1.57162
-1.63557
-1.69909
-1.76168
-1.82279
-1.88183
-1.93819
-1.99121
-2.04023
-2.08459
-2.12363
-2.15672
-2.1833
-2.20285
-2.21492
-2.21916
-2.21532
-2.20327
-2.18297
-2.15454
-2.11796
-2.07329
-2.02088
-1.9613
-1.89516
-1.82312
-1.74588
-1.66412
-1.57857
-1.48991
-1.39879
-1.30586
-1.2117
-1.11685
-1.02181
-0.927043
-0.832939
-0.739859
-0.648118
-0.557988
-0.469701
-0.383456
-0.299417
-0.217719
-0.13847
-0.0617526
0.0123721
0.0838625
0.152695
0.218862
0.282369
0.343234
0.401489
0.457176
0.510309
0.560887
0.609509
0.657549
0.697572
0.693925
-0.0395048
-0.0398051
-0.0403257
-0.0410676
-0.0420039
-0.0431124
-0.0443754
-0.0457781
-0.0473081
-0.0489552
-0.0507103
-0.0525654
-0.054513
-0.0565463
-0.058659
-0.0608449
-0.0630983
-0.0654136
-0.0677856
-0.070209
-0.0726789
-0.0751905
-0.0777392
-0.0803204
-0.0829298
-0.0855631
-0.0882161
-0.0908849
-0.0935657
-0.0962545
-0.0989478
-0.101642
-0.104334
-0.107019
-0.109696
-0.112361
-0.11501
-0.117641
-0.12025
-0.122836
-0.125396
-0.127926
-0.130425
-0.13289
-0.135319
-0.137709
-0.140058
-0.142365
-0.144628
-0.146843
-0.149011
-0.151129
-0.153194
-0.155207
-0.157165
-0.159068
-0.160912
-0.162699
-0.164425
-0.166091
-0.167696
-0.169238
-0.170716
-0.172131
-0.17348
-0.174765
-0.175984
-0.177136
-0.178223
-0.179243
-0.180196
-0.181082
-0.181901
-0.182653
-0.183339
-0.183958
-0.184511
-0.184999
-0.18542
-0.185777
-0.18607
-0.186298
-0.186464
-0.186567
-0.186608
-0.186589
-0.186509
-0.186371
-0.186174
-0.185921
-0.185613
-0.18525
-0.184835
-0.184369
-0.183854
-0.183292
-0.182684
-0.182034
-0.181344
-0.180617
-0.179856
-0.179064
-0.178245
-0.177404
-0.176544
-0.175672
-0.174791
-0.173908
-0.173029
-0.172161
-0.171312
-0.170489
-0.169702
-0.168959
-0.168271
-0.167648
-0.167102
-0.166646
-0.166292
-0.166054
-0.165947
-0.165988
-0.166191
-0.166576
-0.16716
-0.167963
-0.169006
-0.170309
-0.171896
-0.17379
-0.176015
-0.178597
-0.181564
-0.184943
-0.188764
-0.193056
-0.197853
-0.203185
-0.209089
-0.215601
-0.222757
-0.230597
-0.239162
-0.248494
-0.258635
-0.269632
-0.281531
-0.294383
-0.308238
-0.323149
-0.339172
-0.356363
-0.374781
-0.394486
-0.415541
-0.43801
-0.461956
-0.487447
-0.514549
-0.543328
-0.573852
-0.606186
-0.640393
-0.676535
-0.714671
-0.754851
-0.797121
-0.84152
-0.888073
-0.936796
-0.987686
-1.04072
-1.09587
-1.15305
-1.21218
-1.27313
-1.33571
-1.39974
-1.46494
-1.53102
-1.59762
-1.66431
-1.73063
-1.79604
-1.85994
-1.92171
-1.98066
-2.03608
-2.08724
-2.13341
-2.1739
-2.20801
-2.23515
-2.25476
-2.2664
-2.2697
-2.26444
-2.25049
-2.22788
-2.19676
-2.1571
-2.10896
-2.0529
-1.98955
-1.91961
-1.8438
-1.76287
-1.67759
-1.58871
-1.49695
-1.403
-1.30749
-1.21104
-1.11417
-1.01739
-0.921128
-0.825776
-0.731673
-0.639113
-0.548347
-0.459587
-0.373009
-0.288758
-0.206948
-0.127668
-0.0509836
0.0230613
0.0944398
0.163142
0.22917
0.292542
0.353283
0.411432
0.467035
0.52011
0.570651
0.619267
0.667441
0.707612
0.701208
-0.0426423
-0.0429282
-0.0434278
-0.0441428
-0.0450477
-0.0461218
-0.0473482
-0.0487125
-0.0502029
-0.0518094
-0.0535229
-0.0553358
-0.0572406
-0.0592308
-0.0613
-0.0634423
-0.0656519
-0.0679236
-0.0702519
-0.0726319
-0.0750587
-0.0775276
-0.0800339
-0.0825733
-0.0851414
-0.087734
-0.0903471
-0.0929767
-0.095619
-0.0982702
-0.100927
-0.103585
-0.106242
-0.108893
-0.111537
-0.114169
-0.116787
-0.119387
-0.121967
-0.124525
-0.127057
-0.12956
-0.132033
-0.134473
-0.136877
-0.139244
-0.141571
-0.143856
-0.146097
-0.148292
-0.150439
-0.152538
-0.154585
-0.156579
-0.158519
-0.160404
-0.162232
-0.164002
-0.165712
-0.167362
-0.168951
-0.170477
-0.17194
-0.17334
-0.174674
-0.175944
-0.177148
-0.178286
-0.179358
-0.180363
-0.181302
-0.182173
-0.182978
-0.183716
-0.184387
-0.184991
-0.18553
-0.186002
-0.186409
-0.186751
-0.187028
-0.187241
-0.187391
-0.187478
-0.187504
-0.187468
-0.187372
-0.187216
-0.187002
-0.186732
-0.186405
-0.186023
-0.185588
-0.185101
-0.184565
-0.18398
-0.18335
-0.182675
-0.181959
-0.181205
-0.180416
-0.179594
-0.178745
-0.17787
-0.176976
-0.176067
-0.175148
-0.174225
-0.173304
-0.172391
-0.171495
-0.170623
-0.169784
-0.168987
-0.168242
-0.16756
-0.166951
-0.16643
-0.166007
-0.165698
-0.165518
-0.165481
-0.165605
-0.165907
-0.166406
-0.167121
-0.168072
-0.169282
-0.170774
-0.17257
-0.174696
-0.177177
-0.180042
-0.183319
-0.187037
-0.191228
-0.195922
-0.201154
-0.20696
-0.213375
-0.220438
-0.228189
-0.23667
-0.245925
-0.255996
-0.266929
-0.278773
-0.29158
-0.305401
-0.320292
-0.336309
-0.353511
-0.371959
-0.391717
-0.412848
-0.43542
-0.459501
-0.485161
-0.512471
-0.541503
-0.572328
-0.605018
-0.639643
-0.676272
-0.714969
-0.755795
-0.798805
-0.844044
-0.891549
-0.941343
-0.993436
-1.04782
-1.10445
-1.16329
-1.22423
-1.28715
-1.35188
-1.41821
-1.48588
-1.55456
-1.62388
-1.6934
-1.7626
-1.83091
-1.89767
-1.9622
-2.02374
-2.08151
-2.13471
-2.18254
-2.22423
-2.25905
-2.28635
-2.30557
-2.31625
-2.31805
-2.31076
-2.29429
-2.26874
-2.23432
-2.19093
-2.13874
-2.07848
-2.01089
-1.93674
-1.85683
-1.77198
-1.68302
-1.59072
-1.49584
-1.39908
-1.30109
-1.20247
-1.10374
-1.0054
-0.907848
-0.811465
-0.716563
-0.623412
-0.532238
-0.44323
-0.35654
-0.272291
-0.190577
-0.111466
-0.0350072
0.0387715
0.109858
0.178253
0.243973
0.30704
0.367491
0.425368
0.480721
0.533572
0.58391
0.632352
0.680473
0.720656
0.711693
-0.0457042
-0.0459762
-0.0464555
-0.0471441
-0.0480183
-0.0490586
-0.050249
-0.0515757
-0.0530273
-0.0545939
-0.0562669
-0.0580385
-0.0599018
-0.06185
-0.0638771
-0.0659771
-0.0681446
-0.070374
-0.0726604
-0.0749986
-0.077384
-0.0798118
-0.0822775
-0.0847768
-0.0873054
-0.0898591
-0.092434
-0.0950261
-0.0976316
-0.100247
-0.102868
-0.105492
-0.108115
-0.110735
-0.113346
-0.115948
-0.118536
-0.121107
-0.123659
-0.126189
-0.128695
-0.131173
-0.133621
-0.136037
-0.138418
-0.140763
-0.143068
-0.145332
-0.147553
-0.149728
-0.151857
-0.153936
-0.155965
-0.157942
-0.159866
-0.161734
-0.163546
-0.165299
-0.166994
-0.168629
-0.170203
-0.171715
-0.173164
-0.174549
-0.175869
-0.177125
-0.178315
-0.17944
-0.180497
-0.181489
-0.182414
-0.183271
-0.184062
-0.184786
-0.185444
-0.186034
-0.186559
-0.187017
-0.18741
-0.187738
-0.188001
-0.1882
-0.188336
-0.188409
-0.188419
-0.188369
-0.188258
-0.188087
-0.187858
-0.187571
-0.187228
-0.18683
-0.186378
-0.185873
-0.185318
-0.184715
-0.184064
-0.183369
-0.182632
-0.181855
-0.181042
-0.180196
-0.17932
-0.178419
-0.177496
-0.176557
-0.175607
-0.174651
-0.173696
-0.172748
-0.171814
-0.170902
-0.170021
-0.16918
-0.16839
-0.167659
-0.167
-0.166426
-0.165948
-0.165581
-0.16534
-0.16524
-0.165298
-0.165531
-0.165958
-0.166598
-0.167472
-0.168602
-0.17001
-0.171721
-0.173758
-0.176149
-0.178921
-0.182104
-0.185729
-0.189824
-0.194422
-0.199558
-0.205266
-0.211586
-0.218556
-0.226218
-0.234615
-0.243792
-0.253788
-0.26465
-0.27643
-0.28918
-0.302955
-0.317812
-0.333807
-0.351003
-0.369463
-0.389251
-0.410435
-0.433086
-0.457274
-0.483075
-0.510563
-0.539814
-0.570906
-0.603918
-0.638924
-0.676002
-0.715225
-0.756661
-0.800374
-0.846421
-0.894848
-0.94569
-0.998966
-1.05468
-1.1128
-1.17331
-1.23609
-1.30103
-1.36795
-1.43665
-1.50685
-1.57822
-1.65036
-1.7228
-1.79499
-1.86629
-1.93598
-2.0033
-2.06742
-2.12747
-2.18256
-2.23181
-2.27437
-2.30946
-2.33642
-2.35465
-2.36371
-2.36329
-2.35322
-2.33348
-2.30425
-2.26579
-2.21797
-2.16104
-2.09602
-2.02372
-1.94499
-1.86072
-1.77179
-1.67905
-1.58334
-1.48541
-1.38598
-1.28569
-1.18512
-1.08479
-0.985151
-0.886605
-0.789487
-0.694084
-0.600638
-0.509347
-0.420374
-0.333846
-0.249863
-0.168497
-0.0897977
-0.0137962
0.0594943
0.130075
0.197959
0.263171
0.325743
0.385714
0.443134
0.498057
0.550504
0.600463
0.648553
0.696427
0.736486
0.72519
-0.0486739
-0.0489327
-0.0493924
-0.0500553
-0.0508997
-0.0519072
-0.0530625
-0.0543525
-0.0557663
-0.0572942
-0.0589278
-0.0606596
-0.0624826
-0.0643904
-0.0663769
-0.0684363
-0.0705632
-0.0727522
-0.0749983
-0.0772966
-0.0796424
-0.082031
-0.0844581
-0.0869192
-0.0894102
-0.0919269
-0.0944655
-0.0970219
-0.0995926
-0.102174
-0.104762
-0.107353
-0.109945
-0.112533
-0.115115
-0.117687
-0.120247
-0.122791
-0.125316
-0.127821
-0.130301
-0.132755
-0.13518
-0.137573
-0.139933
-0.142256
-0.144541
-0.146785
-0.148987
-0.151144
-0.153254
-0.155317
-0.157329
-0.15929
-0.161197
-0.16305
-0.164846
-0.166585
-0.168266
-0.169887
-0.171446
-0.172944
-0.17438
-0.175751
-0.177059
-0.178301
-0.179479
-0.18059
-0.181635
-0.182613
-0.183525
-0.18437
-0.185148
-0.185859
-0.186504
-0.187081
-0.187593
-0.188039
-0.188419
-0.188733
-0.188983
-0.18917
-0.189292
-0.189352
-0.189349
-0.189286
-0.189161
-0.188977
-0.188735
-0.188434
-0.188077
-0.187664
-0.187198
-0.186678
-0.186108
-0.185488
-0.184821
-0.184109
-0.183354
-0.182559
-0.181727
-0.180861
-0.179965
-0.179042
-0.178097
-0.177135
-0.17616
-0.175179
-0.174198
-0.173222
-0.17226
-0.171318
-0.170406
-0.169533
-0.168708
-0.167942
-0.167246
-0.166632
-0.166113
-0.165703
-0.165417
-0.165269
-0.165276
-0.165456
-0.165827
-0.166408
-0.16722
-0.168285
-0.169626
-0.171267
-0.173231
-0.175544
-0.178236
-0.181338
-0.184883
-0.188895
-0.193405
-0.198449
-0.204066
-0.210293
-0.217171
-0.224741
-0.233047
-0.242129
-0.252033
-0.262811
-0.274515
-0.287197
-0.300912
-0.315718
-0.331674
-0.348845
-0.367294
-0.387089
-0.408301
-0.431003
-0.455271
-0.481181
-0.508814
-0.538252
-0.569577
-0.602874
-0.638227
-0.675719
-0.715432
-0.757445
-0.801832
-0.84866
-0.897986
-0.949857
-1.0043
-1.06133
-1.12092
-1.18306
-1.24769
-1.31467
-1.38384
-1.45498
-1.52782
-1.60199
-1.67706
-1.75256
-1.82787
-1.90228
-1.97499
-2.04514
-2.11179
-2.17402
-2.23079
-2.28113
-2.32412
-2.35892
-2.38483
-2.40128
-2.40786
-2.4043
-2.39053
-2.36663
-2.33286
-2.28949
-2.2364
-2.17405
-2.1037
-2.02625
-1.94265
-1.85383
-1.76074
-1.66428
-1.56528
-1.4645
-1.36265
-1.26036
-1.15817
-1.0566
-0.956047
-0.856886
-0.759415
-0.663887
-0.570512
-0.479458
-0.390859
-0.304818
-0.221409
-0.140685
-0.0626759
0.0126033
0.0851541
0.154989
0.222134
0.286619
0.348483
0.407771
0.464536
0.518834
0.570689
0.620087
0.667643
0.715073
0.754852
0.741506
-0.0515363
-0.0517826
-0.0522234
-0.0528618
-0.0536773
-0.0546529
-0.0557743
-0.0570289
-0.0584062
-0.0598967
-0.0614924
-0.0631858
-0.0649702
-0.0668391
-0.0687867
-0.0708073
-0.0728955
-0.075046
-0.0772538
-0.0795142
-0.0818223
-0.0841738
-0.0865642
-0.0889891
-0.0914445
-0.0939263
-0.0964306
-0.0989534
-0.101491
-0.10404
-0.106597
-0.109158
-0.111719
-0.114278
-0.116832
-0.119377
-0.12191
-0.124428
-0.126929
-0.129409
-0.131866
-0.134297
-0.1367
-0.139073
-0.141412
-0.143715
-0.145981
-0.148207
-0.150391
-0.152531
-0.154625
-0.156671
-0.158668
-0.160613
-0.162506
-0.164344
-0.166127
-0.167852
-0.169519
-0.171127
-0.172674
-0.174159
-0.175582
-0.176941
-0.178237
-0.179467
-0.180632
-0.181731
-0.182764
-0.183731
-0.184631
-0.185464
-0.18623
-0.186929
-0.187561
-0.188127
-0.188627
-0.18906
-0.189428
-0.189731
-0.18997
-0.190144
-0.190255
-0.190303
-0.190289
-0.190213
-0.190077
-0.189881
-0.189627
-0.189315
-0.188945
-0.188521
-0.188042
-0.18751
-0.186926
-0.186294
-0.185613
-0.184887
-0.184118
-0.183308
-0.182461
-0.18158
-0.180669
-0.17973
-0.178769
-0.17779
-0.176799
-0.1758
-0.1748
-0.173806
-0.172824
-0.171863
-0.17093
-0.170036
-0.169189
-0.1684
-0.16768
-0.167042
-0.166497
-0.166059
-0.165743
-0.165565
-0.165539
-0.165684
-0.166018
-0.166559
-0.167327
-0.168347
-0.169642
-0.171235
-0.173141
-0.175393
-0.17802
-0.181054
-0.184521
-0.188447
-0.192869
-0.197826
-0.203355
-0.209493
-0.21628
-0.223756
-0.231964
-0.240946
-0.250756
-0.261444
-0.273062
-0.285663
-0.299304
-0.314042
-0.32994
-0.347062
-0.365475
-0.385251
-0.406461
-0.429182
-0.453493
-0.479477
-0.507216
-0.536799
-0.568315
-0.601854
-0.637508
-0.67537
-0.71553
-0.758077
-0.803097
-0.85067
-0.900865
-0.953743
-1.00935
-1.0677
-1.12881
-1.19263
-1.25914
-1.32823
-1.39972
-1.4734
-1.54897
-1.62602
-1.70409
-1.78277
-1.86141
-1.9391
-2.01496
-2.08798
-2.15712
-2.22139
-2.27958
-2.33058
-2.37336
-2.40705
-2.43099
-2.44463
-2.4476
-2.43975
-2.42114
-2.392
-2.35275
-2.30339
-2.24403
-2.17561
-2.09941
-2.01646
-1.92779
-1.83439
-1.73724
-1.63724
-1.53524
-1.43197
-1.32812
-1.22427
-1.12094
-1.01858
-0.9176
-0.818307
-0.720954
-0.625754
-0.532884
-0.44248
-0.354646
-0.26946
-0.186974
-0.107219
-0.0302087
0.044058
0.115595
0.184427
0.250586
0.314112
0.375047
0.433437
0.48934
0.542814
0.593885
0.642534
0.689371
0.736155
0.775501
0.760405
-0.0542776
-0.054512
-0.0549348
-0.0555497
-0.0563375
-0.0572826
-0.0583714
-0.059592
-0.0609341
-0.0623888
-0.0639482
-0.0656049
-0.0673524
-0.0691844
-0.071095
-0.0730787
-0.07513
-0.077244
-0.0794156
-0.0816401
-0.0839128
-0.0862293
-0.0885851
-0.090976
-0.093398
-0.095847
-0.098319
-0.10081
-0.103317
-0.105836
-0.108363
-0.110896
-0.113429
-0.115961
-0.118489
-0.121008
-0.123516
-0.12601
-0.128488
-0.130946
-0.133381
-0.135791
-0.138174
-0.140527
-0.142847
-0.145132
-0.147381
-0.14959
-0.151757
-0.153881
-0.15596
-0.157991
-0.159974
-0.161906
-0.163785
-0.16561
-0.16738
-0.169093
-0.170748
-0.172344
-0.173879
-0.175353
-0.176764
-0.178112
-0.179396
-0.180615
-0.181769
-0.182858
-0.18388
-0.184835
-0.185724
-0.186546
-0.187301
-0.187989
-0.188611
-0.189166
-0.189654
-0.190077
-0.190434
-0.190726
-0.190954
-0.191118
-0.191218
-0.191255
-0.191231
-0.191145
-0.190999
-0.190793
-0.190529
-0.190206
-0.189827
-0.189392
-0.188902
-0.18836
-0.187766
-0.187123
-0.186431
-0.185694
-0.184913
-0.184092
-0.183233
-0.182341
-0.181417
-0.180468
-0.179496
-0.178506
-0.177504
-0.176497
-0.175488
-0.174486
-0.173495
-0.172524
-0.171582
-0.170677
-0.169821
-0.169022
-0.168292
-0.167643
-0.167088
-0.16664
-0.166313
-0.166122
-0.166082
-0.166213
-0.166533
-0.167057
-0.167801
-0.168795
-0.170061
-0.17161
-0.173466
-0.175669
-0.178244
-0.181217
-0.184616
-0.188472
-0.192825
-0.19771
-0.203163
-0.20922
-0.215923
-0.223312
-0.231431
-0.240324
-0.250043
-0.260638
-0.272162
-0.28467
-0.29822
-0.312872
-0.328688
-0.345737
-0.364086
-0.383809
-0.404982
-0.427683
-0.451996
-0.478006
-0.505803
-0.535479
-0.56713
-0.600853
-0.636749
-0.674919
-0.715464
-0.758485
-0.80408
-0.852343
-0.90336
-0.957208
-1.01395
-1.07362
-1.13626
-1.20183
-1.27032
-1.34161
-1.41555
-1.49192
-1.57041
-1.65061
-1.73204
-1.81413
-1.89617
-1.97721
-2.05621
-2.13202
-2.20369
-2.26998
-2.32929
-2.38037
-2.42209
-2.45353
-2.47425
-2.48366
-2.48154
-2.4679
-2.44299
-2.40729
-2.36141
-2.305
-2.23844
-2.16325
-2.0807
-1.99204
-1.89829
-1.80049
-1.6996
-1.5965
-1.49201
-1.38682
-1.28157
-1.1768
-1.07296
-0.970435
-0.86959
-0.770703
-0.673988
-0.579619
-0.487731
-0.39843
-0.311792
-0.227866
-0.146684
-0.0682559
0.00742013
0.0803595
0.150588
0.218139
0.283055
0.345382
0.405163
0.462439
0.517271
0.569724
0.619818
0.667535
0.713472
0.759407
0.798128
0.781621
-0.0568849
-0.0571082
-0.0575141
-0.0581066
-0.0588681
-0.059784
-0.0608417
-0.0620297
-0.0633384
-0.064759
-0.0662837
-0.0679056
-0.069618
-0.071415
-0.0732906
-0.0752394
-0.0772562
-0.0793358
-0.0814733
-0.0836641
-0.0859035
-0.0881872
-0.0905107
-0.0928699
-0.0952607
-0.0976791
-0.100121
-0.102583
-0.105061
-0.107552
-0.110052
-0.112558
-0.115066
-0.117573
-0.120076
-0.122571
-0.125057
-0.127529
-0.129985
-0.132422
-0.134838
-0.137229
-0.139593
-0.141928
-0.144231
-0.146499
-0.148732
-0.150925
-0.153078
-0.155188
-0.157253
-0.159271
-0.16124
-0.16316
-0.165027
-0.16684
-0.168599
-0.170301
-0.171945
-0.17353
-0.175054
-0.176518
-0.177919
-0.179257
-0.180531
-0.18174
-0.182884
-0.183963
-0.184975
-0.185921
-0.1868
-0.187612
-0.188357
-0.189035
-0.189647
-0.190192
-0.19067
-0.191083
-0.191431
-0.191713
-0.191931
-0.192085
-0.192176
-0.192204
-0.19217
-0.192076
-0.191921
-0.191706
-0.191433
-0.191102
-0.190715
-0.190272
-0.189775
-0.189225
-0.188624
-0.187974
-0.187275
-0.18653
-0.185742
-0.184914
-0.184048
-0.183149
-0.182218
-0.181261
-0.180281
-0.179283
-0.178272
-0.177256
-0.176243
-0.175238
-0.174247
-0.173278
-0.17234
-0.17144
-0.170588
-0.169793
-0.169068
-0.168424
-0.167874
-0.167433
-0.167115
-0.166932
-0.166897
-0.167034
-0.167354
-0.167866
-0.168597
-0.169576
-0.17082
-0.172345
-0.174185
-0.176365
-0.178913
-0.181856
-0.18522
-0.189038
-0.193345
-0.198176
-0.203568
-0.209558
-0.216187
-0.223497
-0.231531
-0.240337
-0.249963
-0.26046
-0.271884
-0.284289
-0.297734
-0.312282
-0.327997
-0.344947
-0.363204
-0.382842
-0.40394
-0.426581
-0.45085
-0.476839
-0.50464
-0.534353
-0.566079
-0.599923
-0.635995
-0.674405
-0.715266
-0.758692
-0.804795
-0.853685
-0.905467
-0.960236
-1.01808
-1.07905
-1.14321
-1.21057
-1.28108
-1.35469
-1.43124
-1.51051
-1.5922
-1.67586
-1.76097
-1.84685
-1.93266
-2.01738
-2.09984
-2.17874
-2.2528
-2.32041
-2.37996
-2.43006
-2.46956
-2.49768
-2.51368
-2.51706
-2.50789
-2.4865
-2.45346
-2.40957
-2.3557
-2.29124
-2.21679
-2.13455
-2.04565
-1.95127
-1.8526
-1.75069
-1.64648
-1.54082
-1.43444
-1.328
-1.22206
-1.11708
-1.01346
-0.911517
-0.811516
-0.713701
-0.61825
-0.5253
-0.434951
-0.347274
-0.262318
-0.180107
-0.10065
-0.0239429
0.050033
0.121305
0.189907
0.25588
0.319271
0.380129
0.438504
0.494441
0.547996
0.599227
0.648153
0.694751
0.739602
0.784481
0.822343
0.804732
-0.059347
-0.0595599
-0.0599499
-0.0605212
-0.0612577
-0.062146
-0.0631741
-0.0643313
-0.0656082
-0.0669964
-0.0684884
-0.0700773
-0.0717568
-0.0735207
-0.0753635
-0.0772796
-0.0792639
-0.0813113
-0.0834171
-0.0855764
-0.0877849
-0.0900381
-0.0923316
-0.0946613
-0.0970232
-0.0994133
-0.101828
-0.104263
-0.106714
-0.10918
-0.111654
-0.114136
-0.11662
-0.119104
-0.121585
-0.124059
-0.126523
-0.128975
-0.131412
-0.13383
-0.136227
-0.138601
-0.140948
-0.143267
-0.145555
-0.147808
-0.150026
-0.152206
-0.154345
-0.156442
-0.158495
-0.160501
-0.16246
-0.164368
-0.166224
-0.168027
-0.169776
-0.171468
-0.173102
-0.174678
-0.176194
-0.177648
-0.17904
-0.180369
-0.181635
-0.182835
-0.183971
-0.18504
-0.186044
-0.186981
-0.187851
-0.188654
-0.189391
-0.19006
-0.190663
-0.191199
-0.191669
-0.192073
-0.192411
-0.192685
-0.192894
-0.19304
-0.193123
-0.193143
-0.193102
-0.192999
-0.192837
-0.192615
-0.192335
-0.191999
-0.191606
-0.191159
-0.190656
-0.190098
-0.189486
-0.188827
-0.188124
-0.187377
-0.18659
-0.185763
-0.1849
-0.184003
-0.183076
-0.182122
-0.181145
-0.180151
-0.179142
-0.178125
-0.177105
-0.176091
-0.175093
-0.174121
-0.173186
-0.172298
-0.171463
-0.170688
-0.169987
-0.169368
-0.168841
-0.168423
-0.168129
-0.16796
-0.167934
-0.16808
-0.168409
-0.168937
-0.169688
-0.170684
-0.171943
-0.173486
-0.175337
-0.177524
-0.180072
-0.183008
-0.186361
-0.190162
-0.194445
-0.199244
-0.204594
-0.210535
-0.217107
-0.224351
-0.232311
-0.241036
-0.250572
-0.260974
-0.272294
-0.28459
-0.297922
-0.312352
-0.327947
-0.344776
-0.362914
-0.382436
-0.403424
-0.425964
-0.450145
-0.476061
-0.503813
-0.533502
-0.565239
-0.599136
-0.635312
-0.673887
-0.714986
-0.758739
-0.805272
-0.854715
-0.907193
-0.962825
-1.02172
-1.08397
-1.14966
-1.21881
-1.29144
-1.36749
-1.44684
-1.52928
-1.61449
-1.70204
-1.79132
-1.88156
-1.97179
-2.06082
-2.14725
-2.22948
-2.3058
-2.37435
-2.43332
-2.48116
-2.51674
-2.53927
-2.54795
-2.54275
-2.52406
-2.49263
-2.44944
-2.39566
-2.33234
-2.25865
-2.1755
-2.08575
-1.9905
-1.89075
-1.78769
-1.68236
-1.57564
-1.46829
-1.36097
-1.25423
-1.14854
-1.04428
-0.941766
-0.841253
-0.742947
-0.647019
-0.553597
-0.462774
-0.374614
-0.289158
-0.20643
-0.126433
-0.0491591
0.0254103
0.0973043
0.166558
0.233213
0.297314
0.358909
0.418047
0.474779
0.529153
0.58122
0.631032
0.678604
0.723903
0.767492
0.811104
0.847777
0.829347
-0.0616534
-0.0618566
-0.0622317
-0.0627832
-0.0634962
-0.0643584
-0.0653585
-0.0664866
-0.0677335
-0.0690913
-0.0705526
-0.0721106
-0.0737591
-0.0754921
-0.0773042
-0.0791898
-0.0811439
-0.0831615
-0.0852378
-0.0873681
-0.0895479
-0.091773
-0.0940389
-0.0963415
-0.0986769
-0.101041
-0.10343
-0.10584
-0.108268
-0.11071
-0.113162
-0.115621
-0.118083
-0.120547
-0.123007
-0.125462
-0.127907
-0.130341
-0.13276
-0.135161
-0.137543
-0.139901
-0.142233
-0.144537
-0.146811
-0.149052
-0.151257
-0.153424
-0.155552
-0.157638
-0.15968
-0.161676
-0.163624
-0.165523
-0.16737
-0.169164
-0.170904
-0.172588
-0.174214
-0.175782
-0.17729
-0.178737
-0.180121
-0.181443
-0.182701
-0.183894
-0.185022
-0.186084
-0.18708
-0.18801
-0.188872
-0.189668
-0.190397
-0.191058
-0.191653
-0.192182
-0.192644
-0.19304
-0.193371
-0.193637
-0.193839
-0.193977
-0.194053
-0.194066
-0.194018
-0.19391
-0.193741
-0.193515
-0.193232
-0.192891
-0.192491
-0.192031
-0.191518
-0.190955
-0.190343
-0.189685
-0.188983
-0.188238
-0.187453
-0.18663
-0.185771
-0.184881
-0.18396
-0.183015
-0.182048
-0.181064
-0.180068
-0.179066
-0.178062
-0.177064
-0.176081
-0.175119
-0.174185
-0.173293
-0.172459
-0.171696
-0.171022
-0.170437
-0.169939
-0.169548
-0.16928
-0.169144
-0.169161
-0.169349
-0.169722
-0.170298
-0.171095
-0.172134
-0.173435
-0.175018
-0.176907
-0.179127
-0.181702
-0.184661
-0.18803
-0.191841
-0.196125
-0.200917
-0.206252
-0.212167
-0.218703
-0.2259
-0.233804
-0.242461
-0.251919
-0.262232
-0.273453
-0.285641
-0.298855
-0.313159
-0.328622
-0.345313
-0.363308
-0.382687
-0.403532
-0.425933
-0.449981
-0.475777
-0.503422
-0.533029
-0.56471
-0.598588
-0.634791
-0.673449
-0.714703
-0.758695
-0.805571
-0.855481
-0.908573
-0.964995
-1.02489
-1.08837
-1.15557
-1.22655
-1.30137
-1.38
-1.46237
-1.54829
-1.63746
-1.72942
-1.82354
-1.91893
-2.01448
-2.10875
-2.20002
-2.28628
-2.3653
-2.43472
-2.49227
-2.53614
-2.56514
-2.57866
-2.57647
-2.55899
-2.52716
-2.48235
-2.42623
-2.36046
-2.28576
-2.20154
-2.10922
-2.01183
-1.91049
-1.80615
-1.69983
-1.59241
-1.4846
-1.37703
-1.27022
-1.16459
-1.06048
-0.958201
-0.857966
-0.759958
-0.664323
-0.571173
-0.48059
-0.392628
-0.307323
-0.224692
-0.144737
-0.0674481
0.00719589
0.0792228
0.148668
0.215571
0.279975
0.341926
0.401473
0.458663
0.513542
0.566159
0.616558
0.664787
0.710853
0.754719
0.796921
0.839146
0.874555
0.855791
-0.0637947
-0.0639891
-0.0643502
-0.0648832
-0.0655743
-0.0664119
-0.0673859
-0.0684867
-0.0697056
-0.0710348
-0.0724673
-0.0739965
-0.0756162
-0.0773206
-0.0791042
-0.0809616
-0.0828878
-0.0848779
-0.086927
-0.0890307
-0.0911843
-0.0933836
-0.0956243
-0.0979023
-0.100213
-0.102554
-0.10492
-0.107308
-0.109714
-0.112134
-0.114566
-0.117005
-0.119448
-0.121893
-0.124335
-0.126772
-0.129201
-0.131619
-0.134022
-0.136409
-0.138776
-0.14112
-0.143439
-0.145731
-0.147993
-0.150222
-0.152416
-0.154573
-0.156691
-0.158767
-0.1608
-0.162787
-0.164727
-0.166618
-0.168458
-0.170244
-0.171977
-0.173654
-0.175274
-0.176835
-0.178336
-0.179777
-0.181155
-0.182471
-0.183723
-0.18491
-0.186032
-0.187088
-0.188078
-0.189001
-0.189857
-0.190646
-0.191369
-0.192024
-0.192612
-0.193134
-0.19359
-0.193979
-0.194304
-0.194563
-0.194759
-0.194891
-0.194961
-0.194968
-0.194915
-0.194802
-0.194631
-0.194402
-0.194112
-0.193758
-0.193346
-0.192882
-0.192367
-0.191804
-0.191194
-0.190538
-0.189839
-0.189098
-0.188318
-0.187501
-0.18665
-0.185768
-0.184858
-0.183925
-0.182971
-0.182003
-0.181024
-0.180042
-0.179061
-0.178089
-0.177134
-0.176204
-0.175304
-0.174448
-0.17364
-0.172882
-0.172196
-0.171605
-0.171128
-0.170783
-0.170574
-0.170505
-0.170589
-0.170842
-0.171281
-0.171923
-0.172788
-0.173895
-0.175262
-0.176912
-0.178865
-0.181146
-0.183778
-0.186789
-0.190205
-0.194055
-0.198371
-0.203186
-0.208534
-0.214451
-0.220978
-0.228155
-0.236025
-0.244635
-0.254034
-0.264273
-0.275406
-0.287493
-0.300593
-0.314771
-0.330096
-0.346639
-0.364476
-0.38369
-0.404366
-0.426593
-0.45047
-0.476099
-0.503587
-0.53305
-0.564611
-0.598398
-0.634548
-0.673206
-0.714524
-0.758661
-0.805783
-0.856062
-0.909674
-0.966798
-1.02761
-1.09228
-1.16096
-1.23379
-1.31086
-1.39223
-1.47786
-1.56763
-1.66126
-1.75833
-1.85815
-1.95977
-2.06187
-2.16274
-2.26023
-2.35172
-2.43424
-2.50455
-2.55957
-2.59706
-2.61602
-2.61627
-2.59826
-2.56318
-2.51289
-2.4499
-2.37715
-2.29704
-2.20863
-2.11241
-2.0115
-1.90766
-1.80176
-1.6946
-1.58694
-1.47939
-1.37246
-1.26657
-1.16206
-1.0592
-0.958237
-0.85934
-0.76266
-0.668311
-0.57638
-0.486934
-0.400018
-0.31566
-0.233873
-0.154658
-0.0780053
-0.003896
0.0676959
0.136802
0.203458
0.267704
0.329582
0.389136
0.446409
0.501446
0.554289
0.60498
0.65356
0.700068
0.744507
0.786833
0.827559
0.868312
0.902437
0.88382
-0.0657627
-0.0659489
-0.0662973
-0.066813
-0.0674836
-0.0682985
-0.0692481
-0.0703234
-0.0715161
-0.0728189
-0.0742247
-0.0757272
-0.0773202
-0.0789982
-0.0807556
-0.0825872
-0.0844878
-0.0864528
-0.0884772
-0.0905566
-0.0926864
-0.0948624
-0.0970803
-0.099336
-0.101626
-0.103945
-0.10629
-0.108658
-0.111045
-0.113446
-0.115859
-0.118281
-0.120707
-0.123135
-0.125562
-0.127984
-0.130398
-0.132801
-0.135191
-0.137565
-0.139919
-0.142252
-0.14456
-0.146841
-0.149092
-0.151312
-0.153497
-0.155645
-0.157755
-0.159823
-0.161849
-0.163829
-0.165762
-0.167646
-0.169479
-0.171261
-0.172988
-0.174659
-0.176274
-0.17783
-0.179326
-0.180762
-0.182135
-0.183446
-0.184693
-0.185876
-0.186993
-0.188044
-0.189029
-0.189948
-0.190799
-0.191583
-0.1923
-0.19295
-0.193533
-0.19405
-0.1945
-0.194884
-0.195203
-0.195457
-0.195648
-0.195775
-0.19584
-0.195843
-0.195786
-0.195671
-0.195497
-0.195258
-0.194953
-0.194592
-0.194178
-0.193714
-0.1932
-0.192638
-0.19203
-0.191378
-0.190684
-0.189949
-0.189176
-0.188368
-0.187527
-0.186657
-0.18576
-0.184842
-0.183906
-0.182957
-0.182
-0.181043
-0.18009
-0.179149
-0.17823
-0.177336
-0.176468
-0.175643
-0.174873
-0.174166
-0.173533
-0.172988
-0.172542
-0.172213
-0.172028
-0.172013
-0.172176
-0.172516
-0.173046
-0.173779
-0.174734
-0.175931
-0.177389
-0.17913
-0.181174
-0.183544
-0.186263
-0.189355
-0.192848
-0.19677
-0.20115
-0.206019
-0.211412
-0.217364
-0.223913
-0.231099
-0.238965
-0.247556
-0.256919
-0.267107
-0.278174
-0.290176
-0.303175
-0.317235
-0.332426
-0.348819
-0.366493
-0.38553
-0.406017
-0.428048
-0.451722
-0.477145
-0.504429
-0.533696
-0.565074
-0.598701
-0.634722
-0.673294
-0.714584
-0.758768
-0.806032
-0.856574
-0.910599
-0.968321
-1.02996
-1.09573
-1.16585
-1.24052
-1.31991
-1.40415
-1.4933
-1.58732
-1.68603
-1.78903
-1.89566
-2.00492
-2.11531
-2.2248
-2.33065
-2.42942
-2.51697
-2.58861
-2.63963
-2.66718
-2.67089
-2.6515
-2.61053
-2.55032
-2.47423
-2.38659
-2.29245
-2.195
-2.09222
-1.98475
-1.87661
-1.76847
-1.66063
-1.55345
-1.44726
-1.34231
-1.23882
-1.13696
-1.03689
-0.938743
-0.842636
-0.74866
-0.656894
-0.5674
-0.480226
-0.39541
-0.312976
-0.232937
-0.155297
-0.0800506
-0.0071866
0.0633138
0.131475
0.197324
0.260895
0.32222
0.381337
0.438283
0.493095
0.545812
0.596468
0.6451
0.69174
0.736422
0.779142
0.819851
0.859036
0.898259
0.931111
0.913058
-0.06755
-0.0677289
-0.0680654
-0.0685653
-0.069217
-0.0700108
-0.0709377
-0.0719894
-0.073158
-0.0744363
-0.0758175
-0.0772955
-0.0788641
-0.0805179
-0.0822514
-0.0840594
-0.085937
-0.0878792
-0.0898813
-0.0919389
-0.0940474
-0.0962025
-0.0984001
-0.100636
-0.102906
-0.105207
-0.107534
-0.109884
-0.112253
-0.114638
-0.117036
-0.119442
-0.121853
-0.124267
-0.12668
-0.129089
-0.13149
-0.133882
-0.13626
-0.138623
-0.140967
-0.14329
-0.145588
-0.14786
-0.150103
-0.152315
-0.154492
-0.156634
-0.158737
-0.160799
-0.162818
-0.164793
-0.166721
-0.1686
-0.170429
-0.172206
-0.173929
-0.175596
-0.177207
-0.17876
-0.180253
-0.181685
-0.183055
-0.184363
-0.185607
-0.186786
-0.1879
-0.188948
-0.189929
-0.190844
-0.191692
-0.192472
-0.193185
-0.193831
-0.19441
-0.194923
-0.195369
-0.195749
-0.196063
-0.196314
-0.1965
-0.196623
-0.196684
-0.196685
-0.196627
-0.196509
-0.196322
-0.19607
-0.195761
-0.195398
-0.194984
-0.19452
-0.194008
-0.193449
-0.192845
-0.192198
-0.19151
-0.190783
-0.190019
-0.189222
-0.188393
-0.187537
-0.186656
-0.185756
-0.184841
-0.183915
-0.182984
-0.182057
-0.181138
-0.180225
-0.179332
-0.178472
-0.17765
-0.176877
-0.176163
-0.175518
-0.174954
-0.174482
-0.174113
-0.173859
-0.173735
-0.173755
-0.17395
-0.17435
-0.174973
-0.175817
-0.176889
-0.178202
-0.179776
-0.181632
-0.183792
-0.186276
-0.189108
-0.192312
-0.195912
-0.199935
-0.204411
-0.209368
-0.21484
-0.22086
-0.227465
-0.234695
-0.242589
-0.251193
-0.260553
-0.27072
-0.281746
-0.293688
-0.306608
-0.320569
-0.335639
-0.351893
-0.369408
-0.388267
-0.408559
-0.43038
-0.45383
-0.47902
-0.506065
-0.535092
-0.566235
-0.599639
-0.63546
-0.673866
-0.715038
-0.75917
-0.806469
-0.85716
-0.911481
-0.969684
-1.03204
-1.09881
-1.1703
-1.24677
-1.32851
-1.41574
-1.50865
-1.60734
-1.71177
-1.82167
-1.93648
-2.05521
-2.17627
-2.29727
-2.41484
-2.52437
-2.61997
-2.69445
-2.73963
-2.75165
-2.7321
-2.68362
-2.6093
-2.51322
-2.40089
-2.27974
-2.15885
-2.04129
-1.9244
-1.80889
-1.69733
-1.58915
-1.48374
-1.38074
-1.27991
-1.18109
-1.08419
-0.989141
-0.895951
-0.804633
-0.715219
-0.627748
-0.542262
-0.458799
-0.377396
-0.298082
-0.220881
-0.145808
-0.0728722
-0.00207728
0.0665808
0.133111
0.197528
0.259848
0.320095
0.378291
0.434465
0.488642
0.540853
0.591125
0.639486
0.685962
0.73058
0.773364
0.814305
0.853351
0.89096
0.928617
0.96021
0.943142
-0.0691504
-0.0693226
-0.0696484
-0.0701338
-0.070768
-0.0715424
-0.0724485
-0.0734786
-0.074625
-0.0758808
-0.0772396
-0.0786951
-0.0802416
-0.0818735
-0.0835854
-0.0853722
-0.087229
-0.0891508
-0.0911331
-0.0931712
-0.0952608
-0.0973975
-0.0995772
-0.101796
-0.104049
-0.106333
-0.108645
-0.11098
-0.113334
-0.115705
-0.118089
-0.120481
-0.12288
-0.125282
-0.127683
-0.130081
-0.132472
-0.134854
-0.137223
-0.139576
-0.141912
-0.144227
-0.146518
-0.148783
-0.151019
-0.153225
-0.155397
-0.157533
-0.15963
-0.161688
-0.163703
-0.165674
-0.167598
-0.169474
-0.1713
-0.173074
-0.174794
-0.17646
-0.178068
-0.179618
-0.181109
-0.18254
-0.183908
-0.185214
-0.186456
-0.187633
-0.188745
-0.189791
-0.19077
-0.191683
-0.192529
-0.193307
-0.194017
-0.194661
-0.195237
-0.195746
-0.196189
-0.196567
-0.196879
-0.197126
-0.197309
-0.19743
-0.197489
-0.19749
-0.197429
-0.197298
-0.197099
-0.196843
-0.196533
-0.196171
-0.195758
-0.195295
-0.194786
-0.194231
-0.193632
-0.192991
-0.19231
-0.191592
-0.190839
-0.190054
-0.189239
-0.188399
-0.187537
-0.186657
-0.185767
-0.18487
-0.183964
-0.183059
-0.182168
-0.181295
-0.180447
-0.179634
-0.178866
-0.178151
-0.177499
-0.176923
-0.176432
-0.176039
-0.175757
-0.175597
-0.175572
-0.175696
-0.175981
-0.176446
-0.177117
-0.178029
-0.179208
-0.180656
-0.182372
-0.184369
-0.186668
-0.189291
-0.192261
-0.195601
-0.199336
-0.20349
-0.208091
-0.213168
-0.218751
-0.224873
-0.231569
-0.238876
-0.246835
-0.255487
-0.264879
-0.275058
-0.286078
-0.297993
-0.310863
-0.324751
-0.339726
-0.355861
-0.373233
-0.391926
-0.412029
-0.433639
-0.45686
-0.481802
-0.508587
-0.537343
-0.568211
-0.601343
-0.636905
-0.675074
-0.716045
-0.760031
-0.807261
-0.857986
-0.912478
-0.971033
-1.03397
-1.10162
-1.17436
-1.25257
-1.33662
-1.4269
-1.52377
-1.62752
-1.73833
-1.85617
-1.98073
-2.11118
-2.24602
-2.38267
-2.51709
-2.64328
-2.7529
-2.83433
-2.87146
-2.85852
-2.80296
-2.71119
-2.58846
-2.44096
-2.27709
-2.10938
-1.95544
-1.81783
-1.6906
-1.57418
-1.46662
-1.3655
-1.26902
-1.17598
-1.08553
-0.997129
-0.910443
-0.82528
-0.741547
-0.659221
-0.578317
-0.498874
-0.420945
-0.344585
-0.269851
-0.196793
-0.125458
-0.0558847
0.011897
0.0778626
0.141996
0.204286
0.26473
0.323329
0.380087
0.435016
0.488127
0.539435
0.588958
0.636712
0.682714
0.726983
0.769535
0.810387
0.849524
0.886891
0.922914
0.958994
0.989371
0.97367
-0.0705585
-0.0707247
-0.0710407
-0.0715129
-0.0721313
-0.0728879
-0.073775
-0.0747853
-0.0759114
-0.0771469
-0.0784853
-0.0799206
-0.0814472
-0.0830594
-0.0847521
-0.08652
-0.0883584
-0.0902622
-0.092227
-0.0942482
-0.0963213
-0.098442
-0.100606
-0.10281
-0.105049
-0.107319
-0.109617
-0.111939
-0.114281
-0.11664
-0.119012
-0.121394
-0.123783
-0.126174
-0.128566
-0.130955
-0.133338
-0.135711
-0.138073
-0.14042
-0.142749
-0.145057
-0.147343
-0.149603
-0.151834
-0.154035
-0.156203
-0.158335
-0.16043
-0.162485
-0.164497
-0.166466
-0.168388
-0.170262
-0.172086
-0.173859
-0.175578
-0.177242
-0.17885
-0.180399
-0.18189
-0.18332
-0.184688
-0.185993
-0.187234
-0.188411
-0.189522
-0.190568
-0.191547
-0.192458
-0.193303
-0.19408
-0.19479
-0.195432
-0.196007
-0.196515
-0.196956
-0.197331
-0.197642
-0.197887
-0.198069
-0.198189
-0.198249
-0.198247
-0.198175
-0.198033
-0.197831
-0.197574
-0.197265
-0.196903
-0.196492
-0.196032
-0.195526
-0.194976
-0.194383
-0.193749
-0.193077
-0.192369
-0.191628
-0.190856
-0.190056
-0.189236
-0.188397
-0.187537
-0.186665
-0.185792
-0.184918
-0.184052
-0.1832
-0.182371
-0.181572
-0.180812
-0.1801
-0.179448
-0.178865
-0.178362
-0.177951
-0.177645
-0.177455
-0.177395
-0.177478
-0.177717
-0.178126
-0.178719
-0.17951
-0.180516
-0.181763
-0.183288
-0.185126
-0.187279
-0.189744
-0.192531
-0.195663
-0.199163
-0.203056
-0.207366
-0.212119
-0.217343
-0.223067
-0.229322
-0.236141
-0.24356
-0.251617
-0.260353
-0.269812
-0.280041
-0.29109
-0.303014
-0.315869
-0.32972
-0.344631
-0.360676
-0.377932
-0.396482
-0.416415
-0.437829
-0.460827
-0.485524
-0.512042
-0.540513
-0.571083
-0.60391
-0.639167
-0.677042
-0.717744
-0.7615
-0.808563
-0.85921
-0.913748
-0.972514
-1.03588
-1.10426
-1.17811
-1.2579
-1.34418
-1.43748
-1.5384
-1.64749
-1.76524
-1.89204
-2.028
-2.17277
-2.32526
-2.48312
-2.64203
-2.79465
-2.92957
-3.02798
-3.05444
-2.99971
-2.88751
-2.73125
-2.53845
-2.31718
-2.07907
-1.84421
-1.64828
-1.49867
-1.37516
-1.27083
-1.17931
-1.09577
-1.01706
-0.941205
-0.867014
-0.793787
-0.721157
-0.648964
-0.577183
-0.505863
-0.435098
-0.365003
-0.2957
-0.22731
-0.159947
-0.0937159
-0.0287088
0.0349928
0.0973197
0.158214
0.217627
0.275522
0.33187
0.386648
0.439842
0.491442
0.541445
0.589849
0.636658
0.681875
0.725509
0.767564
0.80805
0.846974
0.884316
0.920019
0.954474
0.988989
1.0182
1.00426
-0.0717699
-0.0719308
-0.0722381
-0.0726982
-0.0733022
-0.0740427
-0.0749127
-0.075905
-0.0770129
-0.07823
-0.0795501
-0.0809674
-0.0824762
-0.084071
-0.0857467
-0.0874981
-0.0893204
-0.0912087
-0.0931584
-0.095165
-0.097224
-0.0993311
-0.101482
-0.103673
-0.1059
-0.108159
-0.110446
-0.112757
-0.115089
-0.117438
-0.119801
-0.122175
-0.124555
-0.126939
-0.129324
-0.131706
-0.134082
-0.13645
-0.138806
-0.141147
-0.143472
-0.145776
-0.148058
-0.150314
-0.152543
-0.154741
-0.156906
-0.159037
-0.16113
-0.163183
-0.165194
-0.167162
-0.169084
-0.170957
-0.172782
-0.174554
-0.176274
-0.177938
-0.179546
-0.181097
-0.182588
-0.184018
-0.185387
-0.186693
-0.187936
-0.189113
-0.190226
-0.191272
-0.192251
-0.193164
-0.194009
-0.194786
-0.195496
-0.196138
-0.196713
-0.19722
-0.197661
-0.198036
-0.198346
-0.198591
-0.198773
-0.198894
-0.198954
-0.198944
-0.198862
-0.198716
-0.198514
-0.198258
-0.197949
-0.19759
-0.197181
-0.196724
-0.196222
-0.195678
-0.195092
-0.194466
-0.193801
-0.193105
-0.192381
-0.191625
-0.19084
-0.190035
-0.189215
-0.188382
-0.187541
-0.186698
-0.18586
-0.185033
-0.184224
-0.183441
-0.182693
-0.18199
-0.18134
-0.180754
-0.180244
-0.17982
-0.179495
-0.179281
-0.17919
-0.179237
-0.179433
-0.179794
-0.180332
-0.181063
-0.182
-0.183159
-0.184553
-0.1862
-0.188124
-0.190367
-0.192967
-0.195929
-0.199246
-0.20293
-0.207003
-0.21149
-0.216418
-0.221812
-0.227701
-0.234115
-0.241085
-0.248646
-0.256833
-0.265685
-0.275246
-0.285559
-0.296674
-0.308642
-0.32152
-0.335369
-0.350254
-0.366245
-0.383418
-0.401857
-0.421649
-0.442891
-0.465689
-0.490155
-0.516415
-0.544604
-0.574869
-0.607374
-0.642299
-0.679841
-0.72022
-0.763679
-0.810489
-0.860954
-0.915413
-0.974246
-1.03788
-1.1068
-1.18155
-1.26274
-1.35104
-1.44722
-1.55211
-1.6666
-1.79163
-1.92815
-2.07697
-2.23863
-2.41309
-2.59909
-2.793
-2.98707
-3.16804
-3.30874
-3.32126
-3.18998
-2.98771
-2.73717
-2.44505
-2.11957
-1.77365
-1.4356
-1.18915
-1.05273
-0.961689
-0.891997
-0.834553
-0.782754
-0.732573
-0.682041
-0.630256
-0.576869
-0.521853
-0.465357
-0.40762
-0.348917
-0.289533
-0.22974
-0.169797
-0.109937
-0.0503707
0.00871577
0.0671593
0.124818
0.181571
0.237314
0.291961
0.345437
0.397682
0.448649
0.498297
0.546596
0.593523
0.639059
0.683193
0.725916
0.767222
0.807107
0.845569
0.882609
0.918201
0.952285
0.985217
1.0182
1.04632
1.03449
-0.0727814
-0.0729376
-0.0732369
-0.0736863
-0.0742773
-0.0750033
-0.0758578
-0.076834
-0.0779256
-0.0791263
-0.0804303
-0.0818316
-0.0833248
-0.0849045
-0.0865655
-0.0883027
-0.0901112
-0.0919863
-0.0939232
-0.0959176
-0.0979649
-0.100061
-0.102201
-0.104382
-0.106599
-0.108849
-0.111127
-0.11343
-0.115754
-0.118096
-0.120452
-0.122819
-0.125193
-0.127571
-0.129951
-0.132328
-0.1347
-0.137064
-0.139416
-0.141755
-0.144076
-0.146378
-0.148658
-0.150912
-0.153139
-0.155337
-0.157501
-0.159631
-0.161724
-0.163777
-0.165789
-0.167758
-0.16968
-0.171555
-0.173381
-0.175155
-0.176876
-0.178542
-0.180152
-0.181705
-0.183198
-0.18463
-0.186001
-0.18731
-0.188554
-0.189734
-0.190848
-0.191896
-0.192878
-0.193792
-0.194639
-0.195418
-0.196129
-0.196772
-0.197348
-0.197857
-0.198299
-0.198675
-0.198985
-0.199231
-0.199414
-0.199537
-0.199593
-0.199575
-0.199487
-0.199342
-0.199141
-0.198886
-0.198579
-0.198223
-0.197817
-0.197364
-0.196867
-0.196329
-0.195753
-0.195139
-0.194485
-0.193799
-0.193086
-0.192347
-0.191583
-0.190801
-0.190004
-0.189198
-0.188387
-0.187578
-0.186777
-0.185991
-0.185227
-0.184494
-0.183801
-0.183157
-0.182572
-0.182058
-0.181624
-0.181284
-0.181049
-0.180932
-0.180946
-0.181104
-0.181419
-0.181907
-0.18258
-0.183453
-0.184541
-0.185859
-0.187422
-0.189244
-0.19134
-0.193727
-0.196429
-0.199492
-0.202957
-0.206829
-0.211103
-0.215789
-0.22091
-0.226493
-0.232566
-0.239159
-0.246302
-0.254028
-0.262369
-0.271365
-0.281056
-0.291484
-0.302696
-0.314742
-0.327677
-0.34156
-0.356454
-0.372427
-0.389555
-0.407918
-0.427603
-0.448707
-0.471333
-0.495595
-0.521618
-0.549539
-0.579508
-0.611691
-0.646274
-0.68346
-0.723479
-0.766587
-0.813072
-0.86326
-0.917521
-0.976274
-1.04
-1.10925
-1.18466
-1.26695
-1.35697
-1.45568
-1.56421
-1.68385
-1.81606
-1.96249
-2.12498
-2.30545
-2.50579
-2.72731
-2.96916
-3.22725
-3.50076
-3.77223
-3.76537
-3.45214
-3.09535
-2.71113
-2.28437
-1.81461
-1.29944
-0.755733
-0.458356
-0.440755
-0.444619
-0.442679
-0.441635
-0.437367
-0.426587
-0.408864
-0.384718
-0.354867
-0.320086
-0.281148
-0.238774
-0.193616
-0.146253
-0.0971943
-0.0468862
0.00428325
0.0559774
0.107905
0.159817
0.211498
0.262765
0.313461
0.363454
0.41263
0.460896
0.508173
0.554396
0.599512
0.643477
0.686256
0.727821
0.768149
0.807223
0.845028
0.881553
0.916791
0.950712
0.983255
1.01474
1.04626
1.07336
1.06399
-0.0735905
-0.0737426
-0.0740348
-0.0744745
-0.0750539
-0.0757669
-0.0766076
-0.0775695
-0.0786466
-0.079833
-0.0811228
-0.0825104
-0.0839902
-0.0855569
-0.0872054
-0.0889306
-0.0907277
-0.0925918
-0.0945184
-0.0965028
-0.0985407
-0.100628
-0.10276
-0.104933
-0.107142
-0.109385
-0.111656
-0.113953
-0.116272
-0.118608
-0.12096
-0.123322
-0.125692
-0.128067
-0.130443
-0.132818
-0.135187
-0.137549
-0.1399
-0.142237
-0.144558
-0.146859
-0.149138
-0.151393
-0.15362
-0.155818
-0.157984
-0.160115
-0.162209
-0.164264
-0.166278
-0.168248
-0.170173
-0.17205
-0.173878
-0.175655
-0.177379
-0.179049
-0.180662
-0.182217
-0.183714
-0.18515
-0.186524
-0.187836
-0.189084
-0.190267
-0.191384
-0.192436
-0.19342
-0.194338
-0.195187
-0.195969
-0.196683
-0.197329
-0.197907
-0.198418
-0.198862
-0.19924
-0.199552
-0.1998
-0.199987
-0.20011
-0.200159
-0.200134
-0.200047
-0.199902
-0.199703
-0.199451
-0.199148
-0.198796
-0.198398
-0.197952
-0.197461
-0.19693
-0.196362
-0.195758
-0.195119
-0.194449
-0.19375
-0.193028
-0.192285
-0.191525
-0.190753
-0.189975
-0.189196
-0.188422
-0.18766
-0.186917
-0.186201
-0.185521
-0.184885
-0.184303
-0.183787
-0.183346
-0.182993
-0.18274
-0.182599
-0.182583
-0.182705
-0.182979
-0.183418
-0.184037
-0.184849
-0.18587
-0.187113
-0.188594
-0.190327
-0.192327
-0.194611
-0.197192
-0.200087
-0.203311
-0.206891
-0.210874
-0.215302
-0.220183
-0.225514
-0.231304
-0.237578
-0.244365
-0.251695
-0.259601
-0.268115
-0.277274
-0.287115
-0.29768
-0.309014
-0.321165
-0.334185
-0.348132
-0.363066
-0.379054
-0.396169
-0.414489
-0.434101
-0.455099
-0.477586
-0.501673
-0.527487
-0.555162
-0.584851
-0.616723
-0.650964
-0.687783
-0.727418
-0.770134
-0.816232
-0.866058
-0.920004
-0.978526
-1.04215
-1.11148
-1.18724
-1.27027
-1.36155
-1.46226
-1.57381
-1.69789
-1.83652
-1.9922
-2.168
-2.36777
-2.59659
-2.86102
-3.16863
-3.53433
-4.02361
-4.72871
-4.706
-3.88755
-3.22093
-2.63363
-2.02164
-1.34281
-0.519095
0.544925
0.896651
0.464416
0.204487
0.0727131
-0.0155006
-0.076882
-0.115544
-0.136269
-0.142998
-0.138541
-0.125034
-0.104184
-0.0773819
-0.0457689
-0.0102927
0.0282534
0.0692013
0.111987
0.156131
0.201227
0.246932
0.292953
0.339041
0.384984
0.430603
0.475746
0.520284
0.564108
0.607128
0.649269
0.690467
0.73067
0.769835
0.807926
0.844915
0.880778
0.915495
0.949051
0.981412
1.01252
1.04265
1.07279
1.099
1.09237
-0.0741962
-0.0743445
-0.0746302
-0.075061
-0.0756299
-0.0763313
-0.0771597
-0.0781092
-0.0791738
-0.0803479
-0.0816256
-0.0830015
-0.08447
-0.086026
-0.0876643
-0.0893798
-0.0911676
-0.0930231
-0.0949415
-0.0969183
-0.0989491
-0.10103
-0.103155
-0.105323
-0.107527
-0.109765
-0.112032
-0.114325
-0.11664
-0.118974
-0.121322
-0.123682
-0.126051
-0.128424
-0.130799
-0.133173
-0.135542
-0.137903
-0.140254
-0.142592
-0.144913
-0.147215
-0.149496
-0.151752
-0.153981
-0.156181
-0.158349
-0.160483
-0.16258
-0.164638
-0.166655
-0.168629
-0.170557
-0.172438
-0.17427
-0.176051
-0.177779
-0.179453
-0.18107
-0.18263
-0.184131
-0.185572
-0.18695
-0.188267
-0.189519
-0.190706
-0.191828
-0.192884
-0.193873
-0.194794
-0.195648
-0.196434
-0.197151
-0.197801
-0.198382
-0.198895
-0.199342
-0.199723
-0.200038
-0.20029
-0.20048
-0.2006
-0.200643
-0.200619
-0.200538
-0.200398
-0.200202
-0.199954
-0.199656
-0.19931
-0.198918
-0.198481
-0.198001
-0.19748
-0.196922
-0.196328
-0.195702
-0.195045
-0.194363
-0.193658
-0.192935
-0.192198
-0.191453
-0.190704
-0.189958
-0.189221
-0.1885
-0.187802
-0.187136
-0.18651
-0.185934
-0.185418
-0.184973
-0.184609
-0.184339
-0.184176
-0.184132
-0.184219
-0.184453
-0.184846
-0.185413
-0.186167
-0.187122
-0.188293
-0.189695
-0.191341
-0.193247
-0.195427
-0.197898
-0.200674
-0.203771
-0.207205
-0.210991
-0.215147
-0.2197
-0.224698
-0.230181
-0.236166
-0.24265
-0.249644
-0.257174
-0.26527
-0.273967
-0.283298
-0.293302
-0.304018
-0.315489
-0.327761
-0.340885
-0.354916
-0.369912
-0.385938
-0.403065
-0.42137
-0.440936
-0.461855
-0.484229
-0.508168
-0.533796
-0.561248
-0.590675
-0.622245
-0.656148
-0.692595
-0.731826
-0.774112
-0.819767
-0.869145
-0.922659
-0.980789
-1.04409
-1.11323
-1.18898
-1.27228
-1.36422
-1.46617
-1.57976
-1.707
-1.8504
-2.01311
-2.19913
-2.41367
-2.66372
-2.95848
-3.30836
-3.73176
-4.30597
-5.13333
-5.07148
-4.04026
-3.19613
-2.46184
-1.70836
-0.885518
0.096571
1.34232
1.70841
1.12024
0.738352
0.522315
0.367113
0.251412
0.169287
0.113591
0.0783299
0.0591918
0.0529401
0.0570425
0.0694871
0.0886669
0.11328
0.142257
0.174713
0.209913
0.24724
0.286179
0.326296
0.367224
0.408656
0.450327
0.492015
0.533531
0.574714
0.61543
0.655565
0.695023
0.733723
0.771598
0.808592
0.844658
0.879757
0.913857
0.946931
0.978959
1.0099
1.03971
1.0686
1.09747
1.12289
1.11929
-0.074599
-0.0747438
-0.0750237
-0.0754467
-0.0760062
-0.0766974
-0.0775149
-0.0784534
-0.0795072
-0.0806706
-0.0819381
-0.0833041
-0.0847632
-0.0863104
-0.0879403
-0.0896481
-0.0914288
-0.0932777
-0.09519
-0.0971613
-0.0991871
-0.101263
-0.103385
-0.105549
-0.10775
-0.109985
-0.11225
-0.114542
-0.116856
-0.119188
-0.121536
-0.123896
-0.126265
-0.128639
-0.131015
-0.133389
-0.13576
-0.138123
-0.140476
-0.142815
-0.145139
-0.147444
-0.149728
-0.151987
-0.15422
-0.156423
-0.158595
-0.160732
-0.162834
-0.164896
-0.166917
-0.168896
-0.170829
-0.172715
-0.174552
-0.176338
-0.178071
-0.17975
-0.181373
-0.182938
-0.184445
-0.185891
-0.187275
-0.188596
-0.189854
-0.191047
-0.192174
-0.193235
-0.194229
-0.195155
-0.196014
-0.196805
-0.197527
-0.198182
-0.198768
-0.199287
-0.199739
-0.200124
-0.200444
-0.200701
-0.200894
-0.20101
-0.201052
-0.201033
-0.200956
-0.200823
-0.200634
-0.200393
-0.200102
-0.199762
-0.199377
-0.198948
-0.198477
-0.197966
-0.197418
-0.196836
-0.196223
-0.195581
-0.194915
-0.194229
-0.193527
-0.192815
-0.192096
-0.191378
-0.190666
-0.189968
-0.189289
-0.188638
-0.188024
-0.187454
-0.18694
-0.186491
-0.186119
-0.185834
-0.18565
-0.18558
-0.185635
-0.18583
-0.186178
-0.186693
-0.18739
-0.188281
-0.189382
-0.190706
-0.192268
-0.194082
-0.196162
-0.198524
-0.201182
-0.204151
-0.207448
-0.211087
-0.215086
-0.219459
-0.224226
-0.229401
-0.235016
-0.241117
-0.247746
-0.254922
-0.262651
-0.270946
-0.279831
-0.289341
-0.299511
-0.310381
-0.321994
-0.334394
-0.347629
-0.361753
-0.376821
-0.392898
-0.41005
-0.428353
-0.447889
-0.468745
-0.491023
-0.51483
-0.540287
-0.567528
-0.596701
-0.627975
-0.661537
-0.697598
-0.7364
-0.778216
-0.823362
-0.872201
-0.925156
-0.982719
-1.04547
-1.1141
-1.18943
-1.27244
-1.36433
-1.46656
-1.58093
-1.70966
-1.85559
-2.02226
-2.21428
-2.43763
-2.70027
-3.01252
-3.3856
-3.83748
-4.44317
-5.29545
-5.19832
-4.06658
-3.11413
-2.27774
-1.42565
-0.508118
0.561006
1.87664
2.24868
1.60296
1.15517
0.882466
0.678822
0.52236
0.406555
0.32315
0.264967
0.226704
0.20434
0.194722
0.195349
0.204256
0.219869
0.2409
0.266289
0.29516
0.326784
0.360554
0.395966
0.432596
0.470086
0.508131
0.546473
0.584893
0.623204
0.66125
0.698899
0.736039
0.772577
0.80843
0.843534
0.877831
0.911276
0.94383
0.97546
1.00614
1.03584
1.06449
1.0923
1.12002
1.14478
1.14443
-0.0748001
-0.0749419
-0.0752168
-0.0756331
-0.0761847
-0.0768669
-0.0776752
-0.0786042
-0.0796485
-0.0808028
-0.0820615
-0.0834193
-0.0848708
-0.0864108
-0.0880343
-0.0897362
-0.0915116
-0.0933557
-0.095264
-0.0972317
-0.0992545
-0.101328
-0.103448
-0.10561
-0.10781
-0.110045
-0.11231
-0.114602
-0.116916
-0.11925
-0.1216
-0.123962
-0.126333
-0.128709
-0.131087
-0.133465
-0.135838
-0.138205
-0.140561
-0.142905
-0.145233
-0.147542
-0.14983
-0.152094
-0.154332
-0.15654
-0.158717
-0.16086
-0.162967
-0.165035
-0.167062
-0.169046
-0.170986
-0.172878
-0.174721
-0.176513
-0.178253
-0.179939
-0.181568
-0.18314
-0.184653
-0.186105
-0.187496
-0.188824
-0.190088
-0.191288
-0.192421
-0.193489
-0.194489
-0.195422
-0.196286
-0.197083
-0.197812
-0.198473
-0.199066
-0.199591
-0.200049
-0.20044
-0.200767
-0.201031
-0.201222
-0.201337
-0.201383
-0.20137
-0.201298
-0.20117
-0.200988
-0.200754
-0.20047
-0.200139
-0.199762
-0.199341
-0.19888
-0.19838
-0.197844
-0.197274
-0.196675
-0.196049
-0.1954
-0.194733
-0.194053
-0.193365
-0.192674
-0.191988
-0.191311
-0.190652
-0.190017
-0.189415
-0.188854
-0.188343
-0.187892
-0.187513
-0.187215
-0.187012
-0.186916
-0.18694
-0.187098
-0.187402
-0.187867
-0.188507
-0.189335
-0.190367
-0.191615
-0.193094
-0.194817
-0.1968
-0.199056
-0.201599
-0.204444
-0.207606
-0.2111
-0.21494
-0.219145
-0.223729
-0.22871
-0.234105
-0.239932
-0.24621
-0.252969
-0.260256
-0.26811
-0.276561
-0.285624
-0.295314
-0.305649
-0.316673
-0.328425
-0.340949
-0.354292
-0.368506
-0.383646
-0.399771
-0.416949
-0.435251
-0.454757
-0.475553
-0.497736
-0.521411
-0.546697
-0.573725
-0.602639
-0.633606
-0.666809
-0.702458
-0.740792
-0.782081
-0.826641
-0.874834
-0.927082
-0.983883
-1.04582
-1.1136
-1.18804
-1.27016
-1.36119
-1.46262
-1.57633
-1.70464
-1.85051
-2.01767
-2.21095
-2.43665
-2.70311
-3.02095
-3.40143
-3.86192
-4.47533
-5.32686
-5.20493
-4.0226
-3.01102
-2.11753
-1.21125
-0.243705
0.86752
2.21085
2.58239
1.91095
1.43113
1.12735
0.895437
0.714377
0.577937
0.477287
0.404576
0.353973
0.321029
0.302235
0.294776
0.296501
0.305711
0.321005
0.341225
0.365411
0.392763
0.422608
0.454408
0.487708
0.522122
0.557316
0.593008
0.628958
0.664962
0.70085
0.736479
0.771726
0.806486
0.84067
0.874204
0.907027
0.939086
0.97034
1.00075
1.03029
1.05893
1.0866
1.11348
1.1402
1.16444
1.16751
-0.0748012
-0.0749403
-0.075211
-0.0756215
-0.0761663
-0.076841
-0.0776414
-0.0785625
-0.0795991
-0.0807459
-0.0819976
-0.0833489
-0.0847945
-0.0863293
-0.0879481
-0.0896459
-0.0914179
-0.0932593
-0.0951653
-0.0971313
-0.099153
-0.101226
-0.103346
-0.105508
-0.10771
-0.109946
-0.112212
-0.114506
-0.116823
-0.11916
-0.121513
-0.123878
-0.126252
-0.128633
-0.131015
-0.133398
-0.135776
-0.138148
-0.140509
-0.142859
-0.145192
-0.147507
-0.149802
-0.152072
-0.154316
-0.156531
-0.158715
-0.160864
-0.162978
-0.165053
-0.167088
-0.169079
-0.171026
-0.172925
-0.174776
-0.176576
-0.178323
-0.180016
-0.181653
-0.183233
-0.184753
-0.186214
-0.187612
-0.188948
-0.19022
-0.191427
-0.192568
-0.193643
-0.194651
-0.195591
-0.196463
-0.197267
-0.198003
-0.19867
-0.19927
-0.199801
-0.200265
-0.200663
-0.200996
-0.201265
-0.201457
-0.201572
-0.201625
-0.201617
-0.201552
-0.201431
-0.201256
-0.201029
-0.200754
-0.200431
-0.200063
-0.199653
-0.199202
-0.198714
-0.19819
-0.197634
-0.197049
-0.196439
-0.195808
-0.195161
-0.194503
-0.19384
-0.193178
-0.192524
-0.191884
-0.191266
-0.190676
-0.190124
-0.189617
-0.189166
-0.188781
-0.188472
-0.188252
-0.188132
-0.188126
-0.188247
-0.188509
-0.188925
-0.189509
-0.190276
-0.191239
-0.192412
-0.193809
-0.195444
-0.197331
-0.199483
-0.201914
-0.204638
-0.207669
-0.211022
-0.21471
-0.218749
-0.223154
-0.227941
-0.233127
-0.238729
-0.244766
-0.251256
-0.258219
-0.265675
-0.273655
-0.282201
-0.291359
-0.301161
-0.311639
-0.322808
-0.334694
-0.347333
-0.360775
-0.375069
-0.390267
-0.406429
-0.42362
-0.441908
-0.461371
-0.482093
-0.504167
-0.527696
-0.552794
-0.579588
-0.60822
-0.63885
-0.671659
-0.70685
-0.744657
-0.785344
-0.82922
-0.876638
-0.928015
-0.983835
-1.04468
-1.11122
-1.18429
-1.26488
-1.35419
-1.45369
-1.56524
-1.69111
-1.83422
-1.99823
-2.1879
-2.40944
-2.67109
-2.98331
-3.35709
-3.80965
-4.41427
-5.25455
-5.12116
-3.928
-2.90455
-2.00034
-1.08449
-0.109151
1.00675
2.35089
2.71954
2.0427
1.55668
1.24651
1.00817
0.820857
0.678281
0.571575
0.493045
0.43695
0.398892
0.375425
0.363862
0.361952
0.367838
0.380046
0.397383
0.418866
0.443663
0.471051
0.500504
0.531584
0.563902
0.597118
0.630943
0.665122
0.69944
0.733728
0.767843
0.801656
0.835059
0.867956
0.90027
0.931935
0.962899
0.993118
1.02256
1.05118
1.07896
1.10584
1.13195
1.15782
1.18168
1.1883
-0.0746048
-0.0747414
-0.0750083
-0.0754139
-0.075953
-0.0766215
-0.0774155
-0.0783301
-0.0793605
-0.0805015
-0.0817478
-0.0830944
-0.0845358
-0.086067
-0.087683
-0.0893785
-0.0911489
-0.0929892
-0.0948948
-0.0968611
-0.0988835
-0.100958
-0.103079
-0.105244
-0.107448
-0.109687
-0.111957
-0.114255
-0.116576
-0.118918
-0.121275
-0.123646
-0.126026
-0.128412
-0.130801
-0.133189
-0.135574
-0.137952
-0.140321
-0.142677
-0.145018
-0.147341
-0.149642
-0.15192
-0.154172
-0.156395
-0.158587
-0.160745
-0.162867
-0.16495
-0.166993
-0.168993
-0.170948
-0.172856
-0.174715
-0.176524
-0.17828
-0.179981
-0.181627
-0.183215
-0.184744
-0.186213
-0.18762
-0.188965
-0.190245
-0.19146
-0.19261
-0.193693
-0.194709
-0.195657
-0.196537
-0.197349
-0.198092
-0.198767
-0.199374
-0.199912
-0.200383
-0.200788
-0.201129
-0.201399
-0.201591
-0.201712
-0.201771
-0.20177
-0.201712
-0.201598
-0.20143
-0.201212
-0.200945
-0.200631
-0.200273
-0.199874
-0.199435
-0.198959
-0.198448
-0.197906
-0.197336
-0.196743
-0.19613
-0.195503
-0.194868
-0.194231
-0.193599
-0.192978
-0.192376
-0.191799
-0.191256
-0.190754
-0.190304
-0.189914
-0.189595
-0.189359
-0.189217
-0.189183
-0.189269
-0.189489
-0.189857
-0.190387
-0.191093
-0.191989
-0.193089
-0.194406
-0.195954
-0.197747
-0.199798
-0.202119
-0.204726
-0.20763
-0.210845
-0.214386
-0.218265
-0.222498
-0.227098
-0.232082
-0.237465
-0.243265
-0.249499
-0.256185
-0.263344
-0.270996
-0.279162
-0.287866
-0.297135
-0.307012
-0.31755
-0.328782
-0.340743
-0.353472
-0.366998
-0.381357
-0.396596
-0.412776
-0.429959
-0.448211
-0.467606
-0.488228
-0.510165
-0.533517
-0.558394
-0.584919
-0.613228
-0.643475
-0.675835
-0.710504
-0.747706
-0.787698
-0.830772
-0.877271
-0.927591
-0.982198
-1.04164
-1.10658
-1.17778
-1.25618
-1.34292
-1.43938
-1.54726
-1.6687
-1.80639
-1.96367
-2.14484
-2.35564
-2.60383
-2.89941
-3.25322
-3.68379
-4.2664
-5.08882
-4.95946
-3.79496
-2.80616
-1.93623
-1.0545
-0.112792
0.970923
2.28852
2.65112
1.99075
1.52759
1.2376
1.01566
0.840818
0.707013
0.606248
0.531543
0.4777
0.440744
0.41756
0.405715
0.403117
0.408022
0.419046
0.435077
0.455205
0.478692
0.504943
0.533346
0.5634
0.594705
0.626921
0.659758
0.692952
0.726265
0.759556
0.792697
0.825567
0.858059
0.890075
0.92153
0.952366
0.982536
1.012
1.04071
1.06865
1.09578
1.12206
1.14758
1.17277
1.19639
1.20663
-0.0742143
-0.0743485
-0.0746121
-0.0750136
-0.075548
-0.0762114
-0.0770002
-0.0779098
-0.0789354
-0.0800721
-0.0813147
-0.082658
-0.0840969
-0.0856263
-0.087241
-0.088936
-0.0907065
-0.0925475
-0.0944544
-0.0964226
-0.0984475
-0.100525
-0.10265
-0.104819
-0.107027
-0.109271
-0.111546
-0.11385
-0.116177
-0.118525
-0.120889
-0.123266
-0.125653
-0.128047
-0.130443
-0.13284
-0.135233
-0.137619
-0.139996
-0.142361
-0.14471
-0.147042
-0.149352
-0.151639
-0.1539
-0.156132
-0.158333
-0.160501
-0.162632
-0.164725
-0.166777
-0.168786
-0.170751
-0.172669
-0.174537
-0.176355
-0.178121
-0.179832
-0.181487
-0.183085
-0.184623
-0.186101
-0.187518
-0.188871
-0.190161
-0.191385
-0.192544
-0.193636
-0.19466
-0.195617
-0.196505
-0.197325
-0.198077
-0.198759
-0.199373
-0.199919
-0.200398
-0.20081
-0.201158
-0.201429
-0.201622
-0.201749
-0.201815
-0.201821
-0.20177
-0.201663
-0.201504
-0.201294
-0.201035
-0.200731
-0.200384
-0.199995
-0.199568
-0.199105
-0.198608
-0.19808
-0.197527
-0.19695
-0.196356
-0.19575
-0.195139
-0.194529
-0.193927
-0.19334
-0.192776
-0.192242
-0.191746
-0.191296
-0.190903
-0.190575
-0.190325
-0.190162
-0.190101
-0.190154
-0.190334
-0.190656
-0.191133
-0.19178
-0.19261
-0.193638
-0.194877
-0.19634
-0.198041
-0.199992
-0.202208
-0.204699
-0.20748
-0.210563
-0.213961
-0.217687
-0.221754
-0.226176
-0.230966
-0.23614
-0.241713
-0.247701
-0.254121
-0.260991
-0.268329
-0.276157
-0.284496
-0.29337
-0.302801
-0.312817
-0.323443
-0.334723
-0.346707
-0.359443
-0.372964
-0.38732
-0.402563
-0.418736
-0.43589
-0.454079
-0.473376
-0.493863
-0.515628
-0.538765
-0.563379
-0.589587
-0.617519
-0.647324
-0.679167
-0.713235
-0.749742
-0.788929
-0.831074
-0.876497
-0.925567
-0.97872
-1.03647
-1.09941
-1.16826
-1.24387
-1.32724
-1.41957
-1.52235
-1.63749
-1.7673
-1.91472
-2.08362
-2.27912
-2.50788
-2.77869
-3.10173
-3.49516
-4.03543
-4.81864
-4.7051
-3.61772
-2.71329
-1.92416
-1.12162
-0.255944
0.754011
2.00522
2.35852
1.74947
1.34327
1.10039
0.917072
0.773135
0.663348
0.580954
0.520187
0.476848
0.447731
0.43027
0.422358
0.422356
0.428946
0.441007
0.457596
0.477921
0.501334
0.52733
0.555365
0.584955
0.615717
0.647342
0.679575
0.712217
0.7451
0.777994
0.810738
0.843204
0.875282
0.906871
0.937863
0.968217
0.997906
1.02689
1.05515
1.08263
1.10933
1.1352
1.1603
1.18497
1.20849
1.22235
-0.0736339
-0.073766
-0.0740267
-0.0744248
-0.0749553
-0.0756147
-0.0763995
-0.0773053
-0.0783275
-0.0794613
-0.0807016
-0.0820432
-0.0834812
-0.0850102
-0.0866252
-0.0883213
-0.0900935
-0.0919369
-0.0938468
-0.0958185
-0.0978475
-0.0999293
-0.10206
-0.104234
-0.106449
-0.108699
-0.110981
-0.113292
-0.115627
-0.117982
-0.120355
-0.122741
-0.125136
-0.127539
-0.129944
-0.13235
-0.134753
-0.137149
-0.139536
-0.14191
-0.14427
-0.146611
-0.148932
-0.151229
-0.1535
-0.155743
-0.157954
-0.160132
-0.162274
-0.164377
-0.16644
-0.16846
-0.170435
-0.172363
-0.174242
-0.17607
-0.177846
-0.179567
-0.181233
-0.182841
-0.184389
-0.185877
-0.187304
-0.188667
-0.189966
-0.1912
-0.192368
-0.193469
-0.194503
-0.195468
-0.196366
-0.197194
-0.197954
-0.198644
-0.199266
-0.199819
-0.200305
-0.200725
-0.201077
-0.201351
-0.201548
-0.201681
-0.201754
-0.201767
-0.201722
-0.201623
-0.201471
-0.201268
-0.201018
-0.200723
-0.200386
-0.200008
-0.199593
-0.199143
-0.19866
-0.198148
-0.19761
-0.197051
-0.196477
-0.195892
-0.195305
-0.194722
-0.194151
-0.193599
-0.193074
-0.192583
-0.192135
-0.191739
-0.191404
-0.19114
-0.190959
-0.190872
-0.190893
-0.191035
-0.191312
-0.191738
-0.192327
-0.193093
-0.19405
-0.195212
-0.196592
-0.198204
-0.200059
-0.202171
-0.204552
-0.207214
-0.210169
-0.213429
-0.217007
-0.220915
-0.225166
-0.229772
-0.234747
-0.240104
-0.245859
-0.252026
-0.258621
-0.265663
-0.273168
-0.281157
-0.28965
-0.29867
-0.308241
-0.318389
-0.329139
-0.340525
-0.352574
-0.365324
-0.378826
-0.393137
-0.408307
-0.42438
-0.441408
-0.459462
-0.478613
-0.498928
-0.520484
-0.543367
-0.567675
-0.593514
-0.621009
-0.650303
-0.681553
-0.714936
-0.750649
-0.788919
-0.830002
-0.874189
-0.921815
-0.97327
-1.02902
-1.0896
-1.15564
-1.22788
-1.30721
-1.39469
-1.4917
-1.5998
-1.72085
-1.85728
-2.01211
-2.18887
-2.39209
-2.62782
-2.90274
-3.23057
-3.67624
-4.3274
-4.23616
-3.33837
-2.59029
-1.92865
-1.25157
-0.515755
0.34922
1.42848
1.76875
1.31077
1.01968
0.853842
0.729927
0.632488
0.558292
0.503063
0.463162
0.435943
0.419344
0.411668
0.411487
0.41762
0.429073
0.444981
0.464598
0.487274
0.512436
0.539565
0.568292
0.598285
0.629246
0.660909
0.693052
0.725499
0.758131
0.790749
0.823185
0.855317
0.887056
0.918343
0.949141
0.979344
1.00888
1.03772
1.0658
1.0931
1.11957
1.14523
1.17011
1.19442
1.21795
1.2354
-0.072869
-0.0729989
-0.0732572
-0.0736525
-0.0741799
-0.0748363
-0.0756182
-0.0765214
-0.0775415
-0.0786737
-0.0799131
-0.0812544
-0.0826928
-0.0842229
-0.0858398
-0.0875385
-0.0893139
-0.0911612
-0.0930756
-0.0950524
-0.097087
-0.099175
-0.101312
-0.103494
-0.105716
-0.107974
-0.110265
-0.112585
-0.114928
-0.117293
-0.119675
-0.122071
-0.124477
-0.12689
-0.129306
-0.131722
-0.134136
-0.136543
-0.138941
-0.141327
-0.143698
-0.14605
-0.148383
-0.150691
-0.152974
-0.155228
-0.157451
-0.15964
-0.161793
-0.163908
-0.165982
-0.168013
-0.169999
-0.171939
-0.173829
-0.175668
-0.177455
-0.179188
-0.180864
-0.182482
-0.184041
-0.18554
-0.186977
-0.18835
-0.18966
-0.190904
-0.192081
-0.193192
-0.194235
-0.19521
-0.196116
-0.196953
-0.197721
-0.19842
-0.199049
-0.19961
-0.200103
-0.200531
-0.200885
-0.20116
-0.201364
-0.201504
-0.201583
-0.201602
-0.201564
-0.201471
-0.201325
-0.20113
-0.200888
-0.200602
-0.200274
-0.199906
-0.199503
-0.199065
-0.198596
-0.198098
-0.197577
-0.197036
-0.196481
-0.195919
-0.195357
-0.194801
-0.194261
-0.193745
-0.193259
-0.192813
-0.192414
-0.192072
-0.191796
-0.191597
-0.191486
-0.191477
-0.191582
-0.191816
-0.192192
-0.192725
-0.193428
-0.194317
-0.195404
-0.196703
-0.198227
-0.199988
-0.202
-0.204273
-0.20682
-0.209652
-0.21278
-0.216217
-0.219973
-0.22406
-0.22849
-0.233275
-0.238428
-0.243962
-0.24989
-0.256227
-0.262989
-0.27019
-0.27785
-0.285985
-0.294617
-0.303766
-0.313456
-0.323712
-0.33456
-0.34603
-0.358153
-0.370962
-0.384496
-0.398791
-0.41389
-0.429851
-0.446738
-0.464621
-0.483558
-0.503611
-0.524857
-0.547379
-0.571272
-0.596643
-0.623619
-0.652325
-0.682901
-0.715507
-0.750325
-0.787561
-0.827451
-0.870261
-0.916308
-0.965961
-1.01963
-1.07778
-1.14097
-1.20984
-1.28517
-1.3679
-1.45904
-1.55965
-1.671
-1.79451
-1.93162
-2.08381
-2.25254
-2.43853
-2.64004
-2.85177
-3.0718
-3.28022
-3.1953
-2.79229
-2.34522
-1.87726
-1.37776
-0.85067
-0.290296
0.287407
0.589321
0.58356
0.547401
0.512785
0.474562
0.438354
0.40858
0.386386
0.371706
0.364111
0.362994
0.367668
0.377437
0.391643
0.409672
0.430961
0.454996
0.481315
0.509502
0.539181
0.570043
0.601813
0.63424
0.667099
0.70019
0.733325
0.766333
0.799127
0.831615
0.863707
0.895332
0.926437
0.957022
0.987014
1.01634
1.04496
1.07286
1.10004
1.12648
1.15212
1.17696
1.2011
1.2248
1.24574
-0.0719258
-0.0720537
-0.0723098
-0.0727028
-0.0732279
-0.0738822
-0.0746621
-0.0755639
-0.076583
-0.0777148
-0.0789545
-0.0802969
-0.081737
-0.0832696
-0.0848897
-0.0865923
-0.0883723
-0.0902249
-0.0921452
-0.0941285
-0.0961703
-0.098266
-0.100411
-0.102601
-0.104833
-0.107101
-0.109401
-0.111731
-0.114085
-0.116461
-0.118854
-0.121261
-0.123679
-0.126103
-0.128531
-0.130959
-0.133385
-0.135804
-0.138215
-0.140613
-0.142996
-0.145361
-0.147706
-0.150027
-0.152322
-0.154589
-0.156824
-0.159025
-0.161191
-0.163318
-0.165404
-0.167448
-0.169446
-0.171397
-0.173299
-0.175151
-0.176949
-0.178693
-0.18038
-0.18201
-0.183581
-0.18509
-0.186537
-0.187922
-0.189241
-0.190495
-0.191683
-0.192803
-0.193856
-0.19484
-0.195755
-0.196601
-0.197377
-0.198084
-0.198721
-0.19929
-0.19979
-0.200224
-0.20058
-0.200857
-0.201067
-0.201214
-0.201299
-0.201324
-0.201291
-0.201204
-0.201065
-0.200876
-0.20064
-0.200361
-0.200041
-0.199683
-0.199289
-0.198863
-0.198407
-0.197925
-0.197419
-0.196896
-0.196361
-0.195821
-0.195283
-0.194756
-0.194248
-0.193767
-0.193322
-0.192921
-0.192571
-0.192284
-0.192068
-0.191935
-0.191897
-0.191967
-0.192159
-0.192487
-0.192965
-0.193607
-0.194428
-0.195442
-0.196662
-0.1981
-0.19977
-0.201684
-0.203852
-0.206288
-0.209001
-0.212002
-0.215303
-0.218913
-0.222844
-0.227107
-0.231713
-0.236672
-0.241997
-0.2477
-0.253793
-0.260292
-0.267208
-0.274559
-0.282361
-0.29063
-0.299386
-0.30865
-0.318442
-0.328787
-0.33971
-0.35124
-0.363407
-0.376243
-0.389784
-0.404069
-0.41914
-0.435044
-0.451831
-0.469552
-0.488266
-0.508047
-0.528971
-0.551122
-0.574594
-0.599491
-0.625921
-0.653997
-0.683852
-0.715637
-0.749522
-0.785698
-0.824386
-0.865838
-0.910346
-0.958224
-1.00982
-1.06552
-1.12581
-1.19117
-1.2622
-1.33949
-1.42366
-1.51545
-1.61562
-1.72483
-1.84358
-1.97197
-2.1095
-2.25427
-2.40183
-2.54338
-2.66444
-2.73604
-2.66737
-2.44532
-2.15079
-1.81289
-1.44343
-1.05584
-0.659915
-0.281705
-0.0197252
0.104267
0.168995
0.205105
0.224233
0.234898
0.242642
0.250482
0.260025
0.272102
0.287062
0.304959
0.32567
0.348977
0.374613
0.402287
0.431704
0.462577
0.494633
0.527617
0.561303
0.595483
0.629966
0.664582
0.699177
0.733613
0.767767
0.80155
0.834876
0.867671
0.899864
0.931387
0.962173
0.992214
1.0215
1.05002
1.07777
1.10477
1.13104
1.15654
1.18122
1.20514
1.22902
1.25332
-0.0708115
-0.0709374
-0.0711917
-0.0715829
-0.0721064
-0.0727592
-0.0735382
-0.0744394
-0.0754586
-0.0765912
-0.0778322
-0.0791768
-0.0806198
-0.0821562
-0.0837808
-0.0854885
-0.0872744
-0.0891336
-0.0910611
-0.0930523
-0.0951025
-0.0972071
-0.0993617
-0.101562
-0.103804
-0.106082
-0.108394
-0.110735
-0.113102
-0.115489
-0.117895
-0.120314
-0.122745
-0.125182
-0.127623
-0.130065
-0.132503
-0.134936
-0.13736
-0.139772
-0.142168
-0.144547
-0.146905
-0.14924
-0.151548
-0.153828
-0.156077
-0.158291
-0.16047
-0.16261
-0.164709
-0.166766
-0.168777
-0.170741
-0.172655
-0.174519
-0.176329
-0.178085
-0.179784
-0.181426
-0.183007
-0.184528
-0.185986
-0.187381
-0.188712
-0.189976
-0.191174
-0.192304
-0.193366
-0.194359
-0.195283
-0.196137
-0.196922
-0.197636
-0.198281
-0.198856
-0.199363
-0.199802
-0.200161
-0.200442
-0.200658
-0.20081
-0.2009
-0.20093
-0.200903
-0.20082
-0.200686
-0.200502
-0.200271
-0.199998
-0.199685
-0.199334
-0.198949
-0.198533
-0.198089
-0.197619
-0.197129
-0.196623
-0.196108
-0.19559
-0.195077
-0.194578
-0.194102
-0.193658
-0.193253
-0.192897
-0.192598
-0.192366
-0.192211
-0.192145
-0.192181
-0.192333
-0.192614
-0.193038
-0.193621
-0.194376
-0.195318
-0.196459
-0.197814
-0.199394
-0.201212
-0.203279
-0.205606
-0.208203
-0.211082
-0.214252
-0.217723
-0.221505
-0.225608
-0.230042
-0.234817
-0.239945
-0.245435
-0.2513
-0.257551
-0.264202
-0.271264
-0.278754
-0.286686
-0.295076
-0.303943
-0.313305
-0.323184
-0.333602
-0.344583
-0.356153
-0.368341
-0.381179
-0.394701
-0.408943
-0.423946
-0.439755
-0.456418
-0.473984
-0.492513
-0.51207
-0.532723
-0.554551
-0.577636
-0.60207
-0.627951
-0.655395
-0.68453
-0.715496
-0.748451
-0.783566
-0.821033
-0.861066
-0.903895
-0.949772
-0.998991
-1.05188
-1.10879
-1.1701
-1.23622
-1.30755
-1.38449
-1.46742
-1.55662
-1.65219
-1.75392
-1.86107
-1.97206
-2.08397
-2.19172
-2.28716
-2.35788
-2.38393
-2.32883
-2.18542
-1.98287
-1.73981
-1.46832
-1.18098
-0.89165
-0.616751
-0.395405
-0.244673
-0.139478
-0.0629841
-0.0058144
0.0388359
0.0758943
0.108668
0.13932
0.169245
0.199306
0.230006
0.261605
0.294201
0.327785
0.362281
0.397573
0.43352
0.469972
0.506775
0.543783
0.580857
0.617864
0.654685
0.691208
0.727334
0.762975
0.798058
0.832517
0.866296
0.899346
0.931622
0.963086
0.993722
1.02352
1.05245
1.08052
1.10769
1.13399
1.15943
1.18399
1.20763
1.23152
1.25868
-0.0695344
-0.0696583
-0.0699111
-0.0703009
-0.0708233
-0.0714754
-0.0722541
-0.0731557
-0.0741759
-0.0753102
-0.0765537
-0.0779015
-0.0793485
-0.0808897
-0.0825198
-0.0842339
-0.0860269
-0.0878937
-0.0898297
-0.0918299
-0.0938897
-0.0960045
-0.0981697
-0.100381
-0.102634
-0.104925
-0.107249
-0.109603
-0.111982
-0.114383
-0.116802
-0.119236
-0.12168
-0.124131
-0.126586
-0.129042
-0.131495
-0.133942
-0.136381
-0.138807
-0.141218
-0.143611
-0.145984
-0.148333
-0.150656
-0.15295
-0.155212
-0.157441
-0.159633
-0.161787
-0.1639
-0.16597
-0.167994
-0.169971
-0.171899
-0.173775
-0.175598
-0.177366
-0.179077
-0.18073
-0.182324
-0.183856
-0.185325
-0.186731
-0.188072
-0.189347
-0.190554
-0.191694
-0.192766
-0.193768
-0.1947
-0.195563
-0.196355
-0.197077
-0.197729
-0.198311
-0.198825
-0.199265
-0.199626
-0.199913
-0.200134
-0.200291
-0.200385
-0.20042
-0.200396
-0.200318
-0.200187
-0.200006
-0.19978
-0.199511
-0.199202
-0.198856
-0.198478
-0.19807
-0.197636
-0.197178
-0.196702
-0.196212
-0.195715
-0.195218
-0.19473
-0.194259
-0.193815
-0.193407
-0.193043
-0.192732
-0.192483
-0.192307
-0.192215
-0.192218
-0.19233
-0.192565
-0.192937
-0.193461
-0.194151
-0.195021
-0.196086
-0.197358
-0.19885
-0.200574
-0.202541
-0.204762
-0.207247
-0.210006
-0.213049
-0.216385
-0.220024
-0.223974
-0.228245
-0.232846
-0.237786
-0.243076
-0.248725
-0.254744
-0.261144
-0.267937
-0.275136
-0.282753
-0.290804
-0.299303
-0.308267
-0.317715
-0.327666
-0.338141
-0.349162
-0.360755
-0.372947
-0.385767
-0.399248
-0.413424
-0.428333
-0.444018
-0.460523
-0.477897
-0.496196
-0.515477
-0.535808
-0.557257
-0.579905
-0.603834
-0.629137
-0.655917
-0.684288
-0.714374
-0.746312
-0.780252
-0.816359
-0.854812
-0.895806
-0.939551
-0.986281
-1.03624
-1.0897
-1.14691
-1.20813
-1.27359
-1.34349
-1.41793
-1.49685
-1.57999
-1.66671
-1.75583
-1.84539
-1.93233
-2.01202
-2.07783
-2.12076
-2.12868
-2.08541
-1.98701
-1.84468
-1.66895
-1.46898
-1.25479
-1.03791
-0.828843
-0.645143
-0.497194
-0.378921
-0.283069
-0.204188
-0.137775
-0.080197
-0.0287081
0.0186973
0.063454
0.106564
0.148708
0.19033
0.231704
0.272982
0.31423
0.355456
0.396627
0.437686
0.47856
0.51917
0.559433
0.59927
0.638601
0.677354
0.715462
0.752866
0.789514
0.825362
0.860372
0.89451
0.927751
0.960074
0.991468
1.02192
1.05144
1.08001
1.10763
1.13433
1.16011
1.18491
1.2086
1.2326
1.26226
-0.0681037
-0.0682257
-0.068477
-0.0688659
-0.0693877
-0.0700397
-0.0708189
-0.0717216
-0.0727436
-0.0738804
-0.0751272
-0.0764792
-0.0779311
-0.079478
-0.0811147
-0.0828361
-0.0846371
-0.0865127
-0.0884581
-0.0904684
-0.0925388
-0.0946648
-0.0968418
-0.0990654
-0.101331
-0.103635
-0.105973
-0.10834
-0.110733
-0.113149
-0.115582
-0.11803
-0.120489
-0.122956
-0.125426
-0.127897
-0.130366
-0.132828
-0.135282
-0.137723
-0.14015
-0.142558
-0.144946
-0.14731
-0.149648
-0.151957
-0.154234
-0.156478
-0.158685
-0.160853
-0.16298
-0.165063
-0.167101
-0.169092
-0.171033
-0.172922
-0.174758
-0.176539
-0.178262
-0.179927
-0.181533
-0.183076
-0.184557
-0.185973
-0.187325
-0.18861
-0.189827
-0.190977
-0.192057
-0.193068
-0.194009
-0.194879
-0.195679
-0.196408
-0.197066
-0.197654
-0.198174
-0.198615
-0.198977
-0.199269
-0.199495
-0.199656
-0.199755
-0.199793
-0.199772
-0.199696
-0.199568
-0.199389
-0.199165
-0.198898
-0.198591
-0.198249
-0.197876
-0.197473
-0.197046
-0.196598
-0.196134
-0.195658
-0.195178
-0.194702
-0.194237
-0.193794
-0.193381
-0.193008
-0.192685
-0.192419
-0.192221
-0.192102
-0.192072
-0.192145
-0.192335
-0.192655
-0.193121
-0.193746
-0.194546
-0.195535
-0.196725
-0.198129
-0.19976
-0.201628
-0.203745
-0.206119
-0.208762
-0.211681
-0.214886
-0.218386
-0.222189
-0.226302
-0.230736
-0.235498
-0.240597
-0.246042
-0.251842
-0.258007
-0.264548
-0.271474
-0.278799
-0.286533
-0.294691
-0.303288
-0.312337
-0.321857
-0.331866
-0.342383
-0.35343
-0.36503
-0.377208
-0.389993
-0.403413
-0.417503
-0.432298
-0.447836
-0.464161
-0.481317
-0.499356
-0.518332
-0.538305
-0.559342
-0.581512
-0.604894
-0.62957
-0.655634
-0.683186
-0.712334
-0.743199
-0.775907
-0.810599
-0.847422
-0.886534
-0.928104
-0.972307
-1.01932
-1.06932
-1.12247
-1.17892
-1.23875
-1.30198
-1.36854
-1.43815
-1.51034
-1.58426
-1.6586
-1.73141
-1.79992
-1.86031
-1.90755
-1.93544
-1.93665
-1.90348
-1.8336
-1.73138
-1.60268
-1.45383
-1.29199
-1.12545
-0.962825
-0.811401
-0.67625
-0.558911
-0.45715
-0.368293
-0.28979
-0.21936
-0.155096
-0.0954734
-0.0393089
0.0142918
0.0659877
0.116252
0.165414
0.213693
0.261228
0.308096
0.35433
0.399934
0.44489
0.489168
0.53273
0.575532
0.617533
0.658689
0.69896
0.738312
0.776713
0.814137
0.850561
0.88597
0.92035
0.953693
0.985996
1.01726
1.04749
1.07669
1.10487
1.13205
1.15825
1.18338
1.20724
1.23156
1.26362
-0.0665297
-0.0666498
-0.0668999
-0.0672881
-0.0678098
-0.0684622
-0.0692424
-0.0701468
-0.0711712
-0.0723113
-0.0735622
-0.074919
-0.0763768
-0.0779302
-0.0795742
-0.0813038
-0.0831137
-0.0849989
-0.0869546
-0.0889758
-0.0910578
-0.0931959
-0.0953856
-0.0976222
-0.0999016
-0.102219
-0.104571
-0.106954
-0.109362
-0.111792
-0.114241
-0.116705
-0.11918
-0.121662
-0.124149
-0.126636
-0.12912
-0.131599
-0.134069
-0.136527
-0.138969
-0.141394
-0.143797
-0.146177
-0.148531
-0.150855
-0.153148
-0.155407
-0.157629
-0.159812
-0.161953
-0.164051
-0.166103
-0.168108
-0.170062
-0.171965
-0.173814
-0.175607
-0.177343
-0.17902
-0.180637
-0.182192
-0.183684
-0.185111
-0.186473
-0.187768
-0.188995
-0.190153
-0.191242
-0.192261
-0.19321
-0.194088
-0.194894
-0.195629
-0.196293
-0.196887
-0.19741
-0.197854
-0.198217
-0.198513
-0.198742
-0.198907
-0.199008
-0.199049
-0.19903
-0.198956
-0.198828
-0.19865
-0.198426
-0.198159
-0.197853
-0.197512
-0.19714
-0.196741
-0.196319
-0.195878
-0.195423
-0.19496
-0.194495
-0.194037
-0.193594
-0.193177
-0.192795
-0.192457
-0.192172
-0.191952
-0.191804
-0.191741
-0.191776
-0.19192
-0.192189
-0.192596
-0.193158
-0.193887
-0.194799
-0.195908
-0.197224
-0.198762
-0.200532
-0.202545
-0.20481
-0.207337
-0.210135
-0.213212
-0.216576
-0.220235
-0.224197
-0.22847
-0.233061
-0.237977
-0.243228
-0.24882
-0.254763
-0.261066
-0.267737
-0.274788
-0.282228
-0.290069
-0.298323
-0.307005
-0.316127
-0.325707
-0.33576
-0.346305
-0.357363
-0.368955
-0.381104
-0.393837
-0.407181
-0.421167
-0.435829
-0.451202
-0.467325
-0.484242
-0.501999
-0.520647
-0.54024
-0.560837
-0.582504
-0.605309
-0.629329
-0.654644
-0.681343
-0.709521
-0.739278
-0.770723
-0.803969
-0.839137
-0.876351
-0.915737
-0.95742
-1.00152
-1.04815
-1.09738
-1.14927
-1.20381
-1.2609
-1.32034
-1.38174
-1.44452
-1.50778
-1.57025
-1.63018
-1.68521
-1.73237
-1.76797
-1.78778
-1.78729
-1.76243
-1.71172
-1.63694
-1.54138
-1.4292
-1.30533
-1.17545
-1.04564
-0.920035
-0.801327
-0.691515
-0.591381
-0.500044
-0.416315
-0.338992
-0.266952
-0.199213
-0.134951
-0.0734991
-0.0143357
0.0429396
0.0986246
0.152935
0.206021
0.257983
0.308881
0.35875
0.407602
0.455436
0.502242
0.548003
0.592699
0.636312
0.678822
0.720211
0.760466
0.799575
0.83753
0.874327
0.909965
0.944445
0.977775
1.00996
1.04102
1.07096
1.0998
1.12756
1.15427
1.17982
1.20395
1.22863
1.26289
-0.0648238
-0.064942
-0.065191
-0.0655788
-0.0661006
-0.0667538
-0.0675355
-0.0684421
-0.0694696
-0.0706135
-0.0718691
-0.0732314
-0.0746955
-0.0762561
-0.0779082
-0.0796465
-0.081466
-0.0833616
-0.0853283
-0.0873612
-0.0894555
-0.0916065
-0.0938095
-0.0960601
-0.0983538
-0.100686
-0.103053
-0.105451
-0.107875
-0.110322
-0.112787
-0.115267
-0.117758
-0.120258
-0.122761
-0.125265
-0.127766
-0.130262
-0.132748
-0.135223
-0.137682
-0.140123
-0.142544
-0.14494
-0.14731
-0.14965
-0.151959
-0.154233
-0.156471
-0.158669
-0.160825
-0.162938
-0.165005
-0.167023
-0.168991
-0.170907
-0.172769
-0.174575
-0.176324
-0.178013
-0.179642
-0.181208
-0.182711
-0.184149
-0.18552
-0.186825
-0.188061
-0.189228
-0.190325
-0.191352
-0.192308
-0.193192
-0.194004
-0.194745
-0.195413
-0.196011
-0.196536
-0.196981
-0.197348
-0.197646
-0.197878
-0.198045
-0.198148
-0.19819
-0.198172
-0.198097
-0.197969
-0.19779
-0.197565
-0.197296
-0.196989
-0.196646
-0.196274
-0.195875
-0.195454
-0.195017
-0.194569
-0.194115
-0.193664
-0.193222
-0.1928
-0.192407
-0.192053
-0.191748
-0.191502
-0.191325
-0.191228
-0.191222
-0.19132
-0.191536
-0.191886
-0.192382
-0.193041
-0.193876
-0.194902
-0.196131
-0.197575
-0.199247
-0.201155
-0.203311
-0.205724
-0.208401
-0.211351
-0.214582
-0.218101
-0.221915
-0.226031
-0.230456
-0.235197
-0.240261
-0.245655
-0.251387
-0.257464
-0.263894
-0.270687
-0.277851
-0.285396
-0.293333
-0.301672
-0.310427
-0.31961
-0.329237
-0.339322
-0.349882
-0.360937
-0.372507
-0.384613
-0.397279
-0.410531
-0.424398
-0.438911
-0.454102
-0.470008
-0.486668
-0.504125
-0.522424
-0.541616
-0.561755
-0.582898
-0.605107
-0.628448
-0.652994
-0.67882
-0.706008
-0.73464
-0.764808
-0.796602
-0.830116
-0.865444
-0.902675
-0.941895
-0.983174
-1.02656
-1.07209
-1.11973
-1.16939
-1.22093
-1.27405
-1.32833
-1.38315
-1.43765
-1.49069
-1.54075
-1.58594
-1.62396
-1.65214
-1.66757
-1.66739
-1.6492
-1.61201
-1.55652
-1.48461
-1.39894
-1.3028
-1.19996
-1.09448
-0.989904
-0.887129
-0.787313
-0.692599
-0.603197
-0.518763
-0.438832
-0.362889
-0.290423
-0.220965
-0.154107
-0.0895087
-0.0268969
0.0339439
0.0931772
0.150924
0.207269
0.262271
0.315967
0.368378
0.419514
0.469378
0.517967
0.565275
0.611297
0.656026
0.699458
0.74159
0.782422
0.821958
0.860202
0.897162
0.93285
0.96728
1.00047
1.03243
1.06319
1.09277
1.12119
1.14849
1.17454
1.19905
1.22417
1.2604
-0.0629983
-0.0631146
-0.0633628
-0.0637503
-0.0642725
-0.0649269
-0.0657104
-0.0666196
-0.0676505
-0.0687987
-0.0700594
-0.0714277
-0.0728986
-0.0744669
-0.0761275
-0.0778751
-0.0797047
-0.0816112
-0.0835894
-0.0856345
-0.0877417
-0.0899061
-0.0921232
-0.0943883
-0.0966969
-0.0990449
-0.101428
-0.103841
-0.106282
-0.108745
-0.111227
-0.113724
-0.116233
-0.118749
-0.12127
-0.123791
-0.12631
-0.128823
-0.131328
-0.133819
-0.136296
-0.138754
-0.141192
-0.143605
-0.145991
-0.148348
-0.150673
-0.152964
-0.155217
-0.15743
-0.159602
-0.16173
-0.163811
-0.165844
-0.167826
-0.169756
-0.171631
-0.17345
-0.175211
-0.176912
-0.178552
-0.180129
-0.181643
-0.183091
-0.184472
-0.185785
-0.18703
-0.188205
-0.18931
-0.190344
-0.191306
-0.192196
-0.193013
-0.193758
-0.194431
-0.195032
-0.195557
-0.196001
-0.19637
-0.196671
-0.196905
-0.197073
-0.197176
-0.197217
-0.197199
-0.197123
-0.196992
-0.196811
-0.196582
-0.19631
-0.195999
-0.195653
-0.195277
-0.194875
-0.194454
-0.194018
-0.193573
-0.193126
-0.192685
-0.192257
-0.191853
-0.191482
-0.191154
-0.190881
-0.190672
-0.190537
-0.190489
-0.190539
-0.190702
-0.190991
-0.191421
-0.192008
-0.192765
-0.193707
-0.194847
-0.196197
-0.197768
-0.199572
-0.201618
-0.203916
-0.206472
-0.209296
-0.212395
-0.215775
-0.219443
-0.223406
-0.227669
-0.23224
-0.237124
-0.242327
-0.247856
-0.253718
-0.25992
-0.266469
-0.273372
-0.280639
-0.288278
-0.296299
-0.304712
-0.313528
-0.32276
-0.332421
-0.342526
-0.353089
-0.364128
-0.375662
-0.387711
-0.400297
-0.413444
-0.427178
-0.441527
-0.456522
-0.472195
-0.488584
-0.505726
-0.523663
-0.542439
-0.562104
-0.582708
-0.604307
-0.626958
-0.650722
-0.675666
-0.701856
-0.729362
-0.758256
-0.78861
-0.820494
-0.853975
-0.889113
-0.925958
-0.964543
-1.00488
-1.04694
-1.09066
-1.13591
-1.18249
-1.23007
-1.27824
-1.32639
-1.37375
-1.41929
-1.46179
-1.49972
-1.53133
-1.55467
-1.56771
-1.56853
-1.5556
-1.52821
-1.48659
-1.43179
-1.36549
-1.28984
-1.20735
-1.12071
-1.03251
-0.943673
-0.854707
-0.767051
-0.681956
-0.599599
-0.519956
-0.442926
-0.368358
-0.296079
-0.225917
-0.157716
-0.0913428
-0.0266881
0.0363348
0.0977911
0.157728
0.216179
0.273164
0.328695
0.382778
0.435416
0.486608
0.536353
0.584651
0.631501
0.676906
0.720871
0.763403
0.80451
0.844207
0.882507
0.919428
0.95499
0.989216
1.02213
1.05376
1.08412
1.11326
1.14122
1.16785
1.19285
1.21853
1.25666
-0.0610671
-0.0611815
-0.0614287
-0.0618162
-0.062339
-0.0629947
-0.0637803
-0.0646924
-0.065727
-0.0668797
-0.0681458
-0.0695203
-0.0709983
-0.0725746
-0.0742441
-0.0760014
-0.0778414
-0.079759
-0.0817492
-0.083807
-0.0859274
-0.0881057
-0.0903371
-0.0926172
-0.0949412
-0.097305
-0.0997041
-0.102134
-0.104592
-0.107072
-0.109571
-0.112086
-0.114612
-0.117147
-0.119685
-0.122225
-0.124761
-0.127292
-0.129814
-0.132324
-0.134818
-0.137294
-0.139749
-0.14218
-0.144583
-0.146957
-0.149298
-0.151605
-0.153874
-0.156104
-0.158291
-0.160434
-0.162529
-0.164576
-0.166573
-0.168516
-0.170404
-0.172236
-0.174009
-0.175722
-0.177373
-0.178961
-0.180485
-0.181943
-0.183333
-0.184655
-0.185908
-0.187091
-0.188202
-0.189242
-0.19021
-0.191104
-0.191926
-0.192675
-0.19335
-0.193954
-0.194477
-0.194919
-0.19529
-0.195592
-0.195826
-0.195993
-0.196096
-0.196135
-0.196114
-0.196035
-0.195901
-0.195715
-0.195481
-0.195204
-0.194886
-0.194534
-0.194152
-0.193745
-0.19332
-0.192882
-0.192437
-0.191994
-0.191559
-0.191143
-0.190753
-0.190402
-0.190099
-0.189854
-0.18968
-0.189586
-0.189586
-0.189692
-0.189918
-0.190281
-0.190793
-0.19147
-0.192326
-0.193374
-0.194628
-0.196098
-0.197796
-0.199731
-0.201912
-0.204347
-0.207045
-0.210011
-0.213253
-0.216776
-0.220587
-0.224692
-0.229095
-0.233803
-0.238821
-0.244155
-0.24981
-0.255793
-0.262109
-0.268765
-0.275769
-0.283128
-0.29085
-0.298944
-0.307418
-0.316284
-0.325553
-0.335236
-0.345348
-0.355901
-0.366912
-0.378398
-0.390378
-0.402871
-0.4159
-0.429488
-0.443661
-0.458447
-0.473877
-0.489981
-0.506796
-0.524359
-0.542709
-0.56189
-0.581947
-0.602927
-0.62488
-0.64786
-0.671921
-0.697117
-0.723507
-0.751145
-0.780087
-0.810382
-0.842075
-0.875203
-0.909787
-0.94583
-0.983313
-1.02218
-1.06233
-1.10361
-1.1458
-1.18858
-1.23153
-1.27411
-1.31562
-1.35521
-1.39185
-1.42435
-1.45136
-1.47144
-1.48312
-1.48508
-1.47625
-1.45607
-1.42457
-1.3823
-1.33029
-1.26993
-1.20288
-1.13092
-1.05583
-0.978951
-0.900101
-0.819976
-0.740325
-0.661625
-0.584104
-0.507922
-0.433176
-0.359915
-0.288157
-0.217909
-0.149168
-0.0819309
-0.0161966
0.0480337
0.110756
0.171964
0.231648
0.2898
0.346411
0.401471
0.454974
0.506914
0.55729
0.606101
0.653352
0.699048
0.743201
0.785823
0.82693
0.866542
0.904681
0.94137
0.976637
1.01051
1.04302
1.0742
1.10408
1.13273
1.15999
1.18553
1.21182
1.2516
-0.0590449
-0.0591574
-0.0594038
-0.0597912
-0.0603148
-0.0609719
-0.0617598
-0.0626749
-0.0637133
-0.0648706
-0.0661422
-0.0675232
-0.0690084
-0.0705928
-0.0722712
-0.0740383
-0.0758889
-0.0778179
-0.0798202
-0.0818907
-0.0840246
-0.086217
-0.0884631
-0.0907583
-0.093098
-0.0954778
-0.0978934
-0.100341
-0.102815
-0.105313
-0.10783
-0.110363
-0.112907
-0.115459
-0.118016
-0.120574
-0.123129
-0.125678
-0.128218
-0.130746
-0.133258
-0.135752
-0.138224
-0.140672
-0.143093
-0.145484
-0.147842
-0.150166
-0.152451
-0.154696
-0.156899
-0.159057
-0.161167
-0.163229
-0.165239
-0.167195
-0.169096
-0.170941
-0.172726
-0.17445
-0.176113
-0.177711
-0.179244
-0.180711
-0.18211
-0.183441
-0.184701
-0.18589
-0.187008
-0.188053
-0.189025
-0.189923
-0.190748
-0.191499
-0.192176
-0.19278
-0.193302
-0.193743
-0.194113
-0.194415
-0.194647
-0.194812
-0.194912
-0.194948
-0.194923
-0.194839
-0.194699
-0.194507
-0.194266
-0.19398
-0.193654
-0.193293
-0.192902
-0.192487
-0.192055
-0.191611
-0.191164
-0.190721
-0.19029
-0.189882
-0.189505
-0.18917
-0.188888
-0.18867
-0.188527
-0.188472
-0.188519
-0.18868
-0.18897
-0.189405
-0.189998
-0.190766
-0.19172
-0.192875
-0.194241
-0.19583
-0.197652
-0.199715
-0.202027
-0.204597
-0.20743
-0.210533
-0.213912
-0.217573
-0.22152
-0.225758
-0.230294
-0.23513
-0.240274
-0.245728
-0.251499
-0.257592
-0.264012
-0.270766
-0.277859
-0.285298
-0.293091
-0.301246
-0.309771
-0.318674
-0.327968
-0.337661
-0.347767
-0.358299
-0.36927
-0.380696
-0.392595
-0.404983
-0.417883
-0.431314
-0.4453
-0.459867
-0.475041
-0.490852
-0.507331
-0.524511
-0.542428
-0.561118
-0.580623
-0.600981
-0.622238
-0.644436
-0.66762
-0.691836
-0.717129
-0.743539
-0.771108
-0.799869
-0.829849
-0.861062
-0.893511
-0.927178
-0.962019
-0.997958
-1.03488
-1.07262
-1.11094
-1.14955
-1.18806
-1.22598
-1.2627
-1.29751
-1.32956
-1.35792
-1.38153
-1.39931
-1.41017
-1.41315
-1.40745
-1.39263
-1.36857
-1.33557
-1.29421
-1.2454
-1.19019
-1.1298
-1.06544
-0.998272
-0.928242
-0.85569
-0.781858
-0.707585
-0.633255
-0.559171
-0.485586
-0.412699
-0.340671
-0.269634
-0.199697
-0.130952
-0.0634787
0.0026545
0.0673882
0.130671
0.192457
0.252709
0.311393
0.368485
0.423963
0.477811
0.53002
0.580586
0.629508
0.67679
0.722444
0.766481
0.808919
0.849779
0.889084
0.926862
0.963142
0.997956
1.03134
1.06332
1.09395
1.12329
1.15119
1.1773
1.20416
1.24523
-0.0569481
-0.0570587
-0.0573044
-0.0576918
-0.0582162
-0.0588748
-0.0596648
-0.060583
-0.0616252
-0.0627871
-0.0640641
-0.0654514
-0.0669438
-0.0685362
-0.0702235
-0.0720003
-0.0738614
-0.0758017
-0.077816
-0.0798993
-0.0820466
-0.0842531
-0.0865138
-0.0888242
-0.0911797
-0.0935757
-0.0960078
-0.0984719
-0.100964
-0.103479
-0.106014
-0.108565
-0.111127
-0.113698
-0.116273
-0.118849
-0.121422
-0.12399
-0.126549
-0.129095
-0.131625
-0.134137
-0.136627
-0.139093
-0.141531
-0.143939
-0.146314
-0.148654
-0.150956
-0.153217
-0.155435
-0.157608
-0.159733
-0.161808
-0.163832
-0.165802
-0.167716
-0.169572
-0.171369
-0.173105
-0.174778
-0.176386
-0.177929
-0.179404
-0.180811
-0.182149
-0.183415
-0.184611
-0.185733
-0.186783
-0.187758
-0.18866
-0.189486
-0.190238
-0.190915
-0.191517
-0.192037
-0.192477
-0.192846
-0.193144
-0.193374
-0.193535
-0.193631
-0.193661
-0.19363
-0.193539
-0.193391
-0.19319
-0.192939
-0.192643
-0.192306
-0.191934
-0.191532
-0.191106
-0.190663
-0.190211
-0.189758
-0.189312
-0.188882
-0.188478
-0.18811
-0.187788
-0.187525
-0.18733
-0.187217
-0.187199
-0.18729
-0.187505
-0.187858
-0.188364
-0.189039
-0.189895
-0.190947
-0.192206
-0.193683
-0.195389
-0.197331
-0.199518
-0.201958
-0.204656
-0.20762
-0.210854
-0.214364
-0.218154
-0.222229
-0.226593
-0.231252
-0.236208
-0.241467
-0.247032
-0.252909
-0.259101
-0.265615
-0.272454
-0.279625
-0.287133
-0.294986
-0.30319
-0.311753
-0.320683
-0.329989
-0.339681
-0.34977
-0.360268
-0.371187
-0.382542
-0.394348
-0.406621
-0.41938
-0.432644
-0.446434
-0.460772
-0.475683
-0.491192
-0.507328
-0.52412
-0.541598
-0.559795
-0.578746
-0.598485
-0.619049
-0.640474
-0.662796
-0.686051
-0.710273
-0.735493
-0.761738
-0.789028
-0.817375
-0.846779
-0.877226
-0.908683
-0.941091
-0.974364
-1.00838
-1.04296
-1.07789
-1.11289
-1.1476
-1.1816
-1.21436
-1.24528
-1.27368
-1.2988
-1.31981
-1.33588
-1.34617
-1.34996
-1.34663
-1.33577
-1.31725
-1.29114
-1.2578
-1.21775
-1.17169
-1.12041
-1.06474
-1.00553
-0.943309
-0.87784
-0.809643
-0.740019
-0.669407
-0.598158
-0.526604
-0.455041
-0.383722
-0.312872
-0.242685
-0.17333
-0.104958
-0.0376968
0.0283403
0.093056
0.156367
0.218203
0.278504
0.337222
0.394318
0.449761
0.50353
0.555612
0.605998
0.654689
0.701689
0.74701
0.790667
0.83268
0.873073
0.911873
0.949112
0.984821
1.01904
1.0518
1.08315
1.11316
1.14169
1.16835
1.19575
1.23777
-0.0547947
-0.0549035
-0.0551483
-0.0555358
-0.0560608
-0.0567208
-0.0575131
-0.058434
-0.0594799
-0.0606462
-0.0619284
-0.0633217
-0.064821
-0.0664212
-0.068117
-0.0699032
-0.0717745
-0.0737258
-0.0757519
-0.0778477
-0.0800082
-0.0822284
-0.0845036
-0.086829
-0.0892
-0.091612
-0.0940606
-0.0965415
-0.0990504
-0.101583
-0.104136
-0.106704
-0.109285
-0.111874
-0.114467
-0.117062
-0.119654
-0.12224
-0.124817
-0.127381
-0.12993
-0.13246
-0.134968
-0.137451
-0.139907
-0.142332
-0.144724
-0.14708
-0.149397
-0.151674
-0.153908
-0.156095
-0.158235
-0.160325
-0.162362
-0.164345
-0.166271
-0.168139
-0.169947
-0.171694
-0.173377
-0.174994
-0.176546
-0.178029
-0.179444
-0.180788
-0.18206
-0.18326
-0.184387
-0.18544
-0.186418
-0.187321
-0.188148
-0.1889
-0.189576
-0.190174
-0.19069
-0.191128
-0.191494
-0.191789
-0.192013
-0.192169
-0.192258
-0.192282
-0.192242
-0.192142
-0.191984
-0.191772
-0.191509
-0.1912
-0.19085
-0.190463
-0.190046
-0.189606
-0.189151
-0.188687
-0.188225
-0.187772
-0.18734
-0.186937
-0.186574
-0.186263
-0.186014
-0.18584
-0.185755
-0.185771
-0.185905
-0.186171
-0.186585
-0.187162
-0.187916
-0.188861
-0.190008
-0.191369
-0.192954
-0.194772
-0.196831
-0.199138
-0.2017
-0.204522
-0.20761
-0.210968
-0.2146
-0.218512
-0.222707
-0.227189
-0.231961
-0.237027
-0.242392
-0.248058
-0.254029
-0.26031
-0.266906
-0.273819
-0.281057
-0.288623
-0.296523
-0.304765
-0.313354
-0.322298
-0.331605
-0.341284
-0.351344
-0.361797
-0.372654
-0.383927
-0.39563
-0.407778
-0.420387
-0.433474
-0.447059
-0.46116
-0.475801
-0.491003
-0.506791
-0.52319
-0.540228
-0.557933
-0.576332
-0.595457
-0.615337
-0.636001
-0.657479
-0.679797
-0.702981
-0.727053
-0.752027
-0.777915
-0.804716
-0.832419
-0.860998
-0.890409
-0.920586
-0.951434
-0.982829
-1.0146
-1.04655
-1.07841
-1.10987
-1.14054
-1.16999
-1.19771
-1.22314
-1.24565
-1.2646
-1.27931
-1.28915
-1.29351
-1.29192
-1.284
-1.26959
-1.24865
-1.22136
-1.18802
-1.14907
-1.10503
-1.05647
-1.00401
-0.948234
-0.888809
-0.826058
-0.761092
-0.694401
-0.62637
-0.557376
-0.487763
-0.417846
-0.347908
-0.278204
-0.208963
-0.14039
-0.0726656
-0.00594907
0.0596204
0.123923
0.186855
0.248329
0.308273
0.366626
0.423342
0.478384
0.531726
0.583351
0.633249
0.681421
0.727871
0.772612
0.81566
0.857038
0.896771
0.934891
0.97143
1.00643
1.03991
1.07195
1.10259
1.13171
1.15891
1.1868
1.22947
-0.0526045
-0.0527114
-0.0529555
-0.0533429
-0.0538685
-0.0545298
-0.0553238
-0.0562474
-0.0572964
-0.0584668
-0.0597538
-0.0611526
-0.0626583
-0.0642656
-0.0659694
-0.0677644
-0.0696454
-0.0716072
-0.0736445
-0.0757522
-0.0779253
-0.0801589
-0.082448
-0.084788
-0.087174
-0.0896016
-0.0920663
-0.0945636
-0.0970894
-0.0996393
-0.102209
-0.104796
-0.107394
-0.110001
-0.112613
-0.115225
-0.117836
-0.12044
-0.123035
-0.125617
-0.128184
-0.130732
-0.133257
-0.135758
-0.138231
-0.140673
-0.143081
-0.145454
-0.147787
-0.150079
-0.152328
-0.15453
-0.156684
-0.158787
-0.160838
-0.162833
-0.164771
-0.166651
-0.16847
-0.170226
-0.171919
-0.173545
-0.175105
-0.176595
-0.178016
-0.179366
-0.180644
-0.181848
-0.182978
-0.184033
-0.185013
-0.185916
-0.186743
-0.187493
-0.188168
-0.18876
-0.18927
-0.189705
-0.190066
-0.190356
-0.190574
-0.190723
-0.190803
-0.190818
-0.190768
-0.190656
-0.190486
-0.19026
-0.189983
-0.189659
-0.189292
-0.188888
-0.188454
-0.187997
-0.187524
-0.187046
-0.186571
-0.186109
-0.18567
-0.185265
-0.184905
-0.184601
-0.184364
-0.184208
-0.184146
-0.184194
-0.184369
-0.184684
-0.185158
-0.185803
-0.186635
-0.187665
-0.188906
-0.190366
-0.192056
-0.193983
-0.196154
-0.198575
-0.201253
-0.204192
-0.207397
-0.210872
-0.21462
-0.218645
-0.222951
-0.22754
-0.232417
-0.237583
-0.243043
-0.248799
-0.254855
-0.261214
-0.26788
-0.274857
-0.282149
-0.289761
-0.297698
-0.305965
-0.314569
-0.323515
-0.332812
-0.342467
-0.352488
-0.362885
-0.373668
-0.384849
-0.39644
-0.408453
-0.420903
-0.433806
-0.447178
-0.461037
-0.475401
-0.490291
-0.505728
-0.521734
-0.538332
-0.555546
-0.5734
-0.591919
-0.611126
-0.631046
-0.651702
-0.673112
-0.695295
-0.718263
-0.742025
-0.766582
-0.791924
-0.818032
-0.844872
-0.872395
-0.900528
-0.929175
-0.958214
-0.987488
-1.0168
-1.04592
-1.07456
-1.10239
-1.12904
-1.15408
-1.17703
-1.1974
-1.21464
-1.22822
-1.23761
-1.24234
-1.24198
-1.23622
-1.22485
-1.2078
-1.1851
-1.15691
-1.12351
-1.08522
-1.04243
-0.995581
-0.945146
-0.891043
-0.83335
-0.77277
-0.709938
-0.64525
-0.579082
-0.511797
-0.443739
-0.375226
-0.306551
-0.237985
-0.169772
-0.102135
-0.0352706
0.0306462
0.0954622
0.159044
0.221278
0.282067
0.341329
0.399
0.455025
0.509366
0.561994
0.612889
0.662042
0.709452
0.755126
0.799075
0.841318
0.881879
0.920787
0.958073
0.993774
1.02793
1.06059
1.09181
1.12148
1.14918
1.1775
1.22055
-0.0503992
-0.0505044
-0.0507476
-0.0511348
-0.0516608
-0.0523229
-0.0531185
-0.0540441
-0.0550959
-0.0562696
-0.0575606
-0.0589643
-0.0604755
-0.0620892
-0.0638002
-0.0656032
-0.067493
-0.0694643
-0.0715119
-0.0736308
-0.0758157
-0.0780618
-0.0803641
-0.0827178
-0.0851182
-0.0875607
-0.0900407
-0.0925539
-0.0950958
-0.0976623
-0.100249
-0.102853
-0.105468
-0.108093
-0.110722
-0.113353
-0.115981
-0.118603
-0.121216
-0.123816
-0.1264
-0.128965
-0.131508
-0.134026
-0.136515
-0.138974
-0.141398
-0.143787
-0.146136
-0.148443
-0.150706
-0.152923
-0.15509
-0.157207
-0.15927
-0.161277
-0.163227
-0.165117
-0.166946
-0.168712
-0.170414
-0.172048
-0.173615
-0.175112
-0.176539
-0.177894
-0.179175
-0.180383
-0.181515
-0.182572
-0.183552
-0.184454
-0.18528
-0.186027
-0.186697
-0.187284
-0.187788
-0.188218
-0.188573
-0.188856
-0.189066
-0.189205
-0.189275
-0.189278
-0.189216
-0.189091
-0.188906
-0.188664
-0.18837
-0.188027
-0.187641
-0.187217
-0.186763
-0.186285
-0.185793
-0.185296
-0.184805
-0.18433
-0.183882
-0.183473
-0.183112
-0.182811
-0.182583
-0.182441
-0.182401
-0.182478
-0.18269
-0.183054
-0.183584
-0.184296
-0.185203
-0.186316
-0.187646
-0.189202
-0.190992
-0.193023
-0.195301
-0.197831
-0.200619
-0.203669
-0.206983
-0.210567
-0.214422
-0.218552
-0.22296
-0.227648
-0.232619
-0.237875
-0.24342
-0.249255
-0.255384
-0.26181
-0.268536
-0.275565
-0.282901
-0.290548
-0.29851
-0.306791
-0.315399
-0.324337
-0.333612
-0.343232
-0.353203
-0.363534
-0.374234
-0.385314
-0.396783
-0.408653
-0.420937
-0.433648
-0.446801
-0.460412
-0.474496
-0.489072
-0.504156
-0.519769
-0.53593
-0.552658
-0.569974
-0.587897
-0.606447
-0.625643
-0.6455
-0.666033
-0.687254
-0.709167
-0.731776
-0.755072
-0.779042
-0.803659
-0.828885
-0.854665
-0.880926
-0.907574
-0.93449
-0.961527
-0.988505
-1.01521
-1.0414
-1.06678
-1.09103
-1.11378
-1.13463
-1.15317
-1.16895
-1.18152
-1.19046
-1.19535
-1.19583
-1.19162
-1.1825
-1.16835
-1.14914
-1.12493
-1.09586
-1.06214
-1.02403
-0.981819
-0.935867
-0.886414
-0.833245
-0.77667
-0.717505
-0.65612
-0.592865
-0.528101
-0.462179
-0.395432
-0.328173
-0.260699
-0.193282
-0.126174
-0.0596004
0.00623421
0.0711494
0.134986
0.197606
0.258888
0.318732
0.377054
0.433783
0.488866
0.542261
0.593937
0.643877
0.69207
0.738516
0.783221
0.826199
0.867471
0.907061
0.945
0.981322
1.01606
1.04928
1.08102
1.11118
1.13935
1.16804
1.2112
-0.0482025
-0.0483059
-0.0485482
-0.048935
-0.049461
-0.0501236
-0.05092
-0.051847
-0.0529007
-0.0540769
-0.0553711
-0.0567786
-0.0582943
-0.0599133
-0.0616303
-0.0634401
-0.0653375
-0.0673172
-0.0693739
-0.0715027
-0.0736983
-0.0759557
-0.0782701
-0.0806365
-0.0830501
-0.0855064
-0.0880008
-0.0905288
-0.093086
-0.0956682
-0.0982711
-0.100891
-0.103523
-0.106164
-0.10881
-0.111458
-0.114103
-0.116742
-0.119372
-0.121989
-0.124591
-0.127173
-0.129732
-0.132266
-0.134772
-0.137247
-0.139687
-0.142091
-0.144455
-0.146777
-0.149054
-0.151284
-0.153465
-0.155594
-0.157669
-0.159688
-0.161648
-0.163549
-0.165388
-0.167163
-0.168872
-0.170514
-0.172087
-0.17359
-0.175022
-0.176381
-0.177665
-0.178875
-0.180009
-0.181065
-0.182045
-0.182945
-0.183768
-0.184511
-0.185176
-0.185756
-0.186254
-0.186677
-0.187024
-0.187298
-0.187498
-0.187626
-0.187684
-0.187674
-0.187597
-0.187456
-0.187253
-0.186993
-0.186679
-0.186316
-0.185907
-0.185461
-0.184983
-0.184482
-0.183967
-0.183449
-0.182939
-0.182448
-0.181988
-0.18157
-0.181205
-0.180905
-0.180682
-0.180551
-0.180529
-0.180634
-0.180881
-0.18129
-0.181875
-0.18265
-0.183629
-0.184821
-0.186237
-0.187885
-0.18977
-0.1919
-0.194279
-0.196913
-0.199804
-0.202956
-0.206373
-0.210057
-0.214011
-0.218237
-0.222738
-0.227515
-0.232571
-0.237907
-0.243527
-0.249431
-0.255623
-0.262105
-0.26888
-0.27595
-0.283318
-0.290988
-0.298964
-0.30725
-0.31585
-0.324769
-0.334013
-0.343587
-0.353498
-0.363754
-0.374363
-0.385332
-0.396671
-0.408391
-0.420502
-0.433016
-0.445946
-0.459304
-0.473106
-0.487366
-0.502098
-0.51732
-0.533048
-0.549297
-0.566084
-0.583425
-0.601335
-0.619827
-0.638914
-0.658603
-0.678901
-0.699809
-0.721322
-0.743429
-0.76611
-0.789335
-0.813062
-0.837236
-0.861782
-0.88661
-0.911607
-0.936635
-0.961533
-0.986107
-1.01014
-1.03337
-1.05553
-1.07629
-1.09533
-1.11227
-1.12676
-1.13841
-1.14685
-1.15174
-1.15275
-1.14962
-1.14214
-1.13015
-1.11359
-1.09244
-1.06676
-1.03669
-1.00237
-0.964028
-0.921918
-0.876318
-0.826982
-0.774098
-0.71838
-0.660168
-0.599796
-0.537613
-0.473968
-0.409194
-0.34361
-0.277524
-0.211227
-0.14499
-0.079059
-0.0136606
0.0510036
0.114754
0.17743
0.238891
0.299018
0.357709
0.414878
0.470457
0.524392
0.57664
0.627172
0.675969
0.723024
0.768336
0.811914
0.853772
0.893932
0.932421
0.969271
1.00452
1.03821
1.07041
1.10099
1.12956
1.15858
1.20161
-0.0460391
-0.0461408
-0.046382
-0.0467681
-0.0472937
-0.0479561
-0.0487527
-0.0496802
-0.0507348
-0.0519124
-0.0532085
-0.0546184
-0.0561373
-0.0577601
-0.0594816
-0.0612967
-0.0632002
-0.0651867
-0.0672511
-0.0693882
-0.0715929
-0.0738602
-0.0761851
-0.0785627
-0.0809882
-0.0834569
-0.0859643
-0.0885058
-0.091077
-0.0936736
-0.0962914
-0.0989261
-0.101574
-0.104231
-0.106893
-0.109556
-0.112218
-0.114873
-0.117519
-0.120153
-0.12277
-0.125368
-0.127943
-0.130493
-0.133015
-0.135504
-0.13796
-0.140378
-0.142756
-0.145092
-0.147383
-0.149626
-0.151819
-0.15396
-0.156046
-0.158076
-0.160047
-0.161957
-0.163805
-0.165587
-0.167304
-0.168953
-0.170532
-0.17204
-0.173475
-0.174837
-0.176124
-0.177335
-0.178469
-0.179525
-0.180502
-0.1814
-0.182218
-0.182957
-0.183614
-0.184188
-0.184678
-0.185092
-0.185431
-0.185694
-0.185882
-0.185998
-0.186042
-0.186016
-0.185922
-0.185763
-0.185541
-0.18526
-0.184924
-0.184537
-0.184104
-0.183632
-0.183128
-0.1826
-0.18206
-0.181517
-0.180984
-0.180474
-0.179999
-0.179569
-0.179197
-0.178895
-0.178674
-0.178552
-0.178546
-0.178674
-0.178954
-0.179405
-0.180041
-0.180877
-0.181925
-0.183193
-0.184691
-0.186425
-0.188401
-0.190624
-0.193098
-0.195828
-0.198815
-0.202064
-0.205575
-0.209352
-0.213396
-0.217709
-0.222293
-0.22715
-0.232281
-0.237687
-0.243372
-0.249335
-0.255579
-0.262107
-0.26892
-0.27602
-0.283411
-0.291094
-0.299074
-0.307353
-0.315936
-0.324826
-0.334028
-0.343547
-0.35339
-0.363562
-0.37407
-0.384921
-0.396124
-0.407687
-0.41962
-0.431932
-0.444635
-0.457739
-0.471257
-0.485201
-0.499584
-0.514419
-0.529719
-0.545498
-0.561768
-0.578542
-0.59583
-0.613642
-0.631986
-0.650865
-0.670282
-0.690233
-0.710709
-0.731695
-0.753168
-0.775094
-0.79743
-0.82012
-0.843093
-0.86626
-0.889516
-0.912734
-0.935765
-0.958437
-0.980553
-1.00189
-1.0222
-1.04122
-1.05864
-1.07417
-1.08749
-1.09826
-1.10618
-1.11092
-1.11221
-1.1098
-1.10349
-1.0931
-1.07853
-1.05973
-1.03671
-1.00953
-0.978286
-0.943124
-0.904244
-0.86188
-0.815854
-0.766282
-0.713713
-0.658467
-0.60086
-0.541225
-0.4799
-0.417208
-0.353454
-0.288952
-0.224005
-0.158893
-0.0938769
-0.0291978
0.0349273
0.0983039
0.160754
0.22212
0.282264
0.34107
0.398437
0.454284
0.508543
0.561161
0.612099
0.661327
0.708829
0.754599
0.798639
0.840958
0.881572
0.920506
0.957786
0.993446
1.02753
1.06011
1.09105
1.11998
1.14925
1.19195
-0.0439338
-0.0440338
-0.0442738
-0.0446588
-0.0451834
-0.0458449
-0.0466408
-0.0475677
-0.0486219
-0.0497995
-0.0510961
-0.0525069
-0.0540273
-0.0556521
-0.0573764
-0.0591949
-0.0611025
-0.063094
-0.0651641
-0.0673076
-0.0695196
-0.0717948
-0.0741284
-0.0765154
-0.078951
-0.0814305
-0.0839492
-0.0865025
-0.0890861
-0.0916956
-0.0943266
-0.0969751
-0.0996369
-0.102308
-0.104985
-0.107663
-0.110339
-0.11301
-0.115671
-0.118319
-0.120952
-0.123565
-0.126155
-0.12872
-0.131256
-0.13376
-0.136229
-0.138661
-0.141053
-0.143402
-0.145705
-0.14796
-0.150165
-0.152317
-0.154414
-0.156454
-0.158434
-0.160353
-0.162208
-0.163998
-0.165721
-0.167376
-0.16896
-0.170472
-0.171911
-0.173275
-0.174563
-0.175774
-0.176907
-0.177962
-0.178936
-0.17983
-0.180643
-0.181375
-0.182024
-0.182589
-0.183072
-0.183476
-0.183804
-0.184055
-0.18423
-0.184331
-0.184359
-0.184316
-0.184203
-0.184024
-0.183781
-0.183477
-0.183116
-0.182703
-0.182243
-0.181742
-0.181209
-0.180653
-0.180083
-0.179513
-0.178955
-0.178423
-0.177929
-0.177486
-0.177104
-0.176796
-0.176575
-0.176459
-0.176465
-0.176614
-0.176924
-0.177414
-0.178099
-0.178992
-0.180104
-0.181444
-0.183019
-0.184835
-0.186896
-0.189207
-0.19177
-0.194589
-0.197666
-0.201002
-0.2046
-0.208462
-0.212588
-0.216979
-0.221638
-0.226565
-0.231761
-0.237229
-0.242968
-0.24898
-0.255267
-0.26183
-0.268671
-0.275792
-0.283195
-0.290881
-0.298855
-0.307118
-0.315673
-0.324525
-0.333677
-0.343133
-0.352899
-0.362979
-0.37338
-0.384107
-0.395167
-0.406569
-0.418319
-0.430426
-0.442899
-0.455748
-0.468982
-0.482613
-0.496649
-0.511103
-0.525984
-0.541302
-0.557068
-0.573291
-0.589977
-0.607134
-0.624764
-0.642869
-0.661446
-0.680489
-0.699985
-0.719916
-0.740255
-0.76097
-0.782015
-0.803334
-0.82486
-0.846508
-0.868179
-0.889756
-0.911102
-0.932064
-0.952465
-0.972108
-0.990773
-1.00822
-1.0242
-1.03845
-1.05069
-1.06062
-1.06797
-1.07246
-1.07384
-1.07189
-1.06641
-1.05718
-1.0441
-1.0271
-1.00614
-0.98124
-0.952459
-0.919895
-0.883693
-0.844047
-0.800877
-0.754227
-0.704474
-0.65194
-0.596926
-0.539745
-0.480723
-0.42016
-0.358311
-0.29551
-0.232063
-0.168256
-0.104358
-0.0406205
0.0227313
0.0854992
0.147488
0.208524
0.268455
0.327151
0.3845
0.440407
0.494794
0.547596
0.598761
0.648254
0.69605
0.742134
0.786502
0.829156
0.87011
0.909381
0.946995
0.98298
1.01738
1.05025
1.08149
1.11072
1.14018
1.18236
-0.0419096
-0.042008
-0.0422466
-0.0426301
-0.043153
-0.0438127
-0.0446067
-0.0455318
-0.0465843
-0.0477604
-0.0490557
-0.0504656
-0.0519856
-0.0536105
-0.0553355
-0.0571553
-0.059065
-0.0610592
-0.0631328
-0.0652806
-0.0674976
-0.0697786
-0.0721187
-0.074513
-0.0769566
-0.0794447
-0.0819727
-0.084536
-0.0871301
-0.0897506
-0.0923931
-0.0950535
-0.0977277
-0.100412
-0.103101
-0.105793
-0.108482
-0.111166
-0.113841
-0.116503
-0.11915
-0.121776
-0.124381
-0.126959
-0.129508
-0.132025
-0.134508
-0.136953
-0.139357
-0.141717
-0.144032
-0.146299
-0.148514
-0.150677
-0.152783
-0.154832
-0.156821
-0.158747
-0.16061
-0.162407
-0.164135
-0.165795
-0.167382
-0.168898
-0.170339
-0.171704
-0.172993
-0.174203
-0.175335
-0.176386
-0.177357
-0.178246
-0.179053
-0.179778
-0.180418
-0.180972
-0.181446
-0.18184
-0.182156
-0.182394
-0.182554
-0.182639
-0.18265
-0.182587
-0.182454
-0.182253
-0.181986
-0.181657
-0.18127
-0.180828
-0.180339
-0.179807
-0.179243
-0.178654
-0.178054
-0.177453
-0.176868
-0.176311
-0.175796
-0.175336
-0.174941
-0.174625
-0.174402
-0.174288
-0.174304
-0.174471
-0.174808
-0.175334
-0.176064
-0.177011
-0.178184
-0.179591
-0.181238
-0.18313
-0.185271
-0.187663
-0.190309
-0.19321
-0.196369
-0.199787
-0.203464
-0.207401
-0.211601
-0.216062
-0.220787
-0.225775
-0.231028
-0.236547
-0.242331
-0.248383
-0.254703
-0.261292
-0.268152
-0.275284
-0.282689
-0.29037
-0.298328
-0.306566
-0.315086
-0.323891
-0.332985
-0.342371
-0.352052
-0.362034
-0.372321
-0.382918
-0.393832
-0.405067
-0.416632
-0.428531
-0.440775
-0.453368
-0.466321
-0.479641
-0.493336
-0.507415
-0.521886
-0.536756
-0.552033
-0.567722
-0.583829
-0.600355
-0.617302
-0.634668
-0.652446
-0.670628
-0.689199
-0.708137
-0.727416
-0.747
-0.766845
-0.786897
-0.807089
-0.827344
-0.847566
-0.867648
-0.887465
-0.906879
-0.925733
-0.943848
-0.961029
-0.977064
-0.991728
-1.0048
-1.01604
-1.02517
-1.03193
-1.03608
-1.03737
-1.0356
-1.03062
-1.0222
-1.0102
-0.994553
-0.975193
-0.952112
-0.925334
-0.894919
-0.860969
-0.823634
-0.782987
-0.738953
-0.691709
-0.641647
-0.589039
-0.534169
-0.477327
-0.418765
-0.358784
-0.297716
-0.235852
-0.17347
-0.11084
-0.0482216
0.0141615
0.0761329
0.13747
0.197981
0.257504
0.315895
0.373033
0.428815
0.483154
0.535969
0.587202
0.636806
0.684749
0.731011
0.775579
0.81845
0.859631
0.899136
0.936987
0.973208
1.00784
1.04094
1.07239
1.10186
1.13145
1.17295
-0.0399857
-0.0400824
-0.0403193
-0.0407008
-0.0412213
-0.0418784
-0.0426694
-0.0435914
-0.0446408
-0.0458137
-0.047106
-0.0485132
-0.0500307
-0.0516537
-0.0533771
-0.0551961
-0.0571054
-0.0591001
-0.0611748
-0.0633245
-0.0655441
-0.0678286
-0.0701729
-0.0725722
-0.0750215
-0.077516
-0.0800511
-0.0826222
-0.0852246
-0.087854
-0.0905061
-0.0931765
-0.0958611
-0.0985558
-0.101257
-0.10396
-0.106661
-0.109357
-0.112044
-0.114719
-0.117377
-0.120016
-0.122633
-0.125223
-0.127785
-0.130314
-0.132808
-0.135265
-0.13768
-0.140052
-0.142377
-0.144654
-0.146879
-0.149051
-0.151166
-0.153223
-0.155219
-0.157153
-0.159021
-0.160823
-0.162557
-0.16422
-0.165811
-0.167329
-0.168771
-0.170137
-0.171425
-0.172634
-0.173763
-0.174811
-0.175777
-0.17666
-0.17746
-0.178177
-0.178807
-0.179351
-0.179814
-0.180196
-0.180499
-0.180722
-0.180867
-0.180934
-0.180926
-0.180843
-0.180688
-0.180463
-0.180171
-0.179815
-0.179399
-0.178927
-0.178406
-0.177842
-0.177243
-0.176621
-0.175986
-0.175354
-0.174738
-0.174154
-0.173616
-0.173137
-0.172727
-0.1724
-0.172171
-0.172058
-0.172081
-0.172263
-0.172625
-0.173184
-0.173956
-0.174952
-0.176181
-0.177651
-0.179366
-0.181329
-0.183543
-0.18601
-0.188732
-0.19171
-0.194943
-0.198434
-0.202182
-0.206189
-0.210453
-0.214976
-0.219758
-0.2248
-0.2301
-0.235661
-0.241483
-0.247565
-0.253909
-0.260516
-0.267386
-0.27452
-0.281919
-0.289585
-0.29752
-0.305725
-0.314202
-0.322953
-0.331981
-0.341289
-0.350881
-0.360759
-0.370927
-0.381391
-0.392153
-0.403221
-0.414597
-0.42629
-0.438303
-0.450643
-0.463318
-0.476332
-0.489692
-0.503406
-0.517477
-0.531912
-0.546715
-0.56189
-0.577439
-0.593362
-0.609656
-0.626318
-0.643338
-0.660706
-0.678405
-0.696412
-0.714698
-0.733228
-0.751956
-0.770832
-0.789795
-0.808768
-0.827663
-0.846377
-0.864795
-0.882797
-0.90025
-0.916983
-0.932817
-0.947557
-0.960991
-0.972946
-0.98322
-0.991541
-0.997669
-1.00138
-1.00245
-1.00068
-0.995902
-0.987967
-0.976731
-0.962092
-0.943982
-0.922367
-0.897246
-0.868651
-0.836647
-0.80135
-0.762879
-0.721124
-0.676169
-0.628381
-0.578
-0.525275
-0.470459
-0.413819
-0.355695
-0.296369
-0.236115
-0.175208
-0.113917
-0.0525021
0.00885461
0.0699381
0.13049
0.190324
0.249274
0.30719
0.363944
0.419439
0.473575
0.526255
0.57741
0.626984
0.674941
0.721253
0.765903
0.808879
0.850183
0.889823
0.927818
0.96419
0.998976
1.03222
1.06384
1.09349
1.12315
1.16382
-0.0381757
-0.0382707
-0.0385058
-0.0388848
-0.0394023
-0.0400558
-0.0408429
-0.0417606
-0.0428054
-0.0439737
-0.0452613
-0.0466639
-0.048177
-0.0497959
-0.0515158
-0.0533316
-0.0552384
-0.0572311
-0.0593046
-0.0614539
-0.0636738
-0.0659593
-0.0683054
-0.0707072
-0.0731598
-0.0756584
-0.0781984
-0.0807749
-0.0833835
-0.0860198
-0.0886792
-0.0913576
-0.0940506
-0.0967542
-0.0994643
-0.102177
-0.104888
-0.107595
-0.110292
-0.112978
-0.115647
-0.118297
-0.120924
-0.123526
-0.126098
-0.128638
-0.131143
-0.133609
-0.136035
-0.138416
-0.140751
-0.143037
-0.145271
-0.14745
-0.149573
-0.151637
-0.15364
-0.15558
-0.157454
-0.15926
-0.160997
-0.162664
-0.164257
-0.165776
-0.167219
-0.168584
-0.169871
-0.171078
-0.172203
-0.173247
-0.174207
-0.175084
-0.175876
-0.176583
-0.177203
-0.177736
-0.178188
-0.178558
-0.178846
-0.179054
-0.179181
-0.17923
-0.179202
-0.179097
-0.178919
-0.178669
-0.17835
-0.177965
-0.177519
-0.177015
-0.17646
-0.175861
-0.175227
-0.174569
-0.173899
-0.173232
-0.172584
-0.171971
-0.171408
-0.170907
-0.17048
-0.170141
-0.169904
-0.169788
-0.169816
-0.170011
-0.170393
-0.170982
-0.171792
-0.172834
-0.174116
-0.175644
-0.17742
-0.179449
-0.181731
-0.184268
-0.187059
-0.190106
-0.193407
-0.196964
-0.200776
-0.204844
-0.209166
-0.213742
-0.218574
-0.22366
-0.229
-0.234596
-0.240446
-0.246551
-0.252911
-0.259526
-0.266398
-0.273526
-0.280912
-0.288556
-0.29646
-0.304625
-0.313051
-0.321742
-0.330699
-0.339925
-0.349421
-0.35919
-0.369237
-0.379563
-0.390173
-0.401071
-0.41226
-0.423745
-0.43553
-0.447621
-0.460021
-0.472736
-0.48577
-0.499127
-0.512812
-0.526826
-0.541173
-0.555854
-0.570869
-0.586215
-0.601889
-0.617881
-0.634183
-0.650782
-0.667661
-0.684794
-0.702152
-0.719696
-0.737382
-0.755166
-0.772995
-0.79079
-0.808466
-0.825926
-0.843055
-0.859765
-0.875939
-0.891402
-0.90599
-0.91953
-0.931839
-0.942727
-0.952006
-0.959462
-0.964884
-0.968064
-0.968804
-0.966915
-0.962234
-0.954609
-0.943906
-0.930019
-0.912872
-0.892418
-0.868638
-0.841545
-0.811181
-0.777631
-0.741008
-0.701219
-0.658315
-0.612591
-0.564263
-0.513561
-0.460725
-0.406016
-0.349718
-0.292106
-0.233449
-0.174016
-0.114067
-0.0538464
0.00642926
0.0665013
0.126154
0.185199
0.243464
0.300783
0.357038
0.412141
0.465962
0.51838
0.569327
0.618743
0.666589
0.712841
0.757468
0.800447
0.841774
0.881457
0.919512
0.955957
0.990822
1.02415
1.05586
1.08564
1.11532
1.15506
-0.0364873
-0.0365807
-0.0368137
-0.0371899
-0.0377039
-0.0383531
-0.0391353
-0.0400477
-0.0410868
-0.0422491
-0.0435305
-0.044927
-0.0464341
-0.0480472
-0.0497615
-0.0515722
-0.0534744
-0.0554631
-0.0575332
-0.0596797
-0.0618976
-0.0641819
-0.0665275
-0.0689296
-0.0713833
-0.0738838
-0.0764263
-0.0790062
-0.0816188
-0.0842597
-0.0869245
-0.0896087
-0.0923082
-0.0950188
-0.0977363
-0.100457
-0.103176
-0.105891
-0.108598
-0.111292
-0.11397
-0.11663
-0.119266
-0.121877
-0.124459
-0.127008
-0.129522
-0.131998
-0.134432
-0.136822
-0.139165
-0.141459
-0.1437
-0.145887
-0.148016
-0.150087
-0.152095
-0.154039
-0.155918
-0.157728
-0.159468
-0.161137
-0.162731
-0.164251
-0.165693
-0.167058
-0.168342
-0.169546
-0.170667
-0.171706
-0.17266
-0.173529
-0.174313
-0.17501
-0.175619
-0.176141
-0.17658
-0.176936
-0.17721
-0.177401
-0.177511
-0.17754
-0.17749
-0.177363
-0.17716
-0.176884
-0.176537
-0.176123
-0.175644
-0.175108
-0.174518
-0.173883
-0.173212
-0.172516
-0.171808
-0.171105
-0.170424
-0.16978
-0.16919
-0.168666
-0.168221
-0.167867
-0.167619
-0.167499
-0.16753
-0.167734
-0.168135
-0.168751
-0.169595
-0.170679
-0.172009
-0.17359
-0.175424
-0.177513
-0.179857
-0.182456
-0.185311
-0.18842
-0.191783
-0.195399
-0.199268
-0.203389
-0.207761
-0.212384
-0.217257
-0.22238
-0.227753
-0.233375
-0.239246
-0.245366
-0.251734
-0.258352
-0.265218
-0.272334
-0.279699
-0.287315
-0.295181
-0.303299
-0.311671
-0.320296
-0.329177
-0.338314
-0.347712
-0.35737
-0.367292
-0.377479
-0.387935
-0.398663
-0.409666
-0.420946
-0.432507
-0.444352
-0.456485
-0.468908
-0.481625
-0.494638
-0.507949
-0.521559
-0.535467
-0.549674
-0.56418
-0.578979
-0.594062
-0.609418
-0.625038
-0.640913
-0.657023
-0.673339
-0.689831
-0.706455
-0.723174
-0.739959
-0.756748
-0.773457
-0.790011
-0.806321
-0.822289
-0.837814
-0.852773
-0.867026
-0.880425
-0.892815
-0.904029
-0.913894
-0.922232
-0.928854
-0.933569
-0.936189
-0.936532
-0.934424
-0.929707
-0.922235
-0.91188
-0.898536
-0.882122
-0.862581
-0.839885
-0.81403
-0.785041
-0.752982
-0.717948
-0.679873
-0.638786
-0.594916
-0.548457
-0.499618
-0.448627
-0.395725
-0.341172
-0.285226
-0.228149
-0.170199
-0.111631
-0.0526883
0.00639909
0.0653964
0.12409
0.182286
0.239804
0.296482
0.352184
0.406783
0.460157
0.512202
0.562837
0.611986
0.659615
0.705711
0.750228
0.793119
0.834382
0.874021
0.91206
0.948509
0.983386
1.01673
1.04847
1.07834
1.10799
1.14672
-0.0349231
-0.0350148
-0.0352457
-0.0356189
-0.0361289
-0.0367734
-0.0375501
-0.0384564
-0.0394889
-0.0406442
-0.0419185
-0.0433076
-0.0448073
-0.0464131
-0.0481203
-0.0499243
-0.0518202
-0.0538031
-0.055868
-0.0580099
-0.0602239
-0.0625049
-0.0648481
-0.0672485
-0.0697012
-0.0722015
-0.0747445
-0.0773257
-0.0799403
-0.0825839
-0.085252
-0.0879403
-0.0906443
-0.0933599
-0.0960831
-0.0988096
-0.101536
-0.104257
-0.106971
-0.109672
-0.112359
-0.115026
-0.11767
-0.120289
-0.122879
-0.125436
-0.127958
-0.130441
-0.132883
-0.13528
-0.13763
-0.139931
-0.142179
-0.144371
-0.146506
-0.148582
-0.150595
-0.152543
-0.154425
-0.156238
-0.15798
-0.15965
-0.161245
-0.162764
-0.164206
-0.165568
-0.16685
-0.16805
-0.169166
-0.170199
-0.171146
-0.172007
-0.172782
-0.173469
-0.174067
-0.174577
-0.175003
-0.175345
-0.175603
-0.175777
-0.175868
-0.175877
-0.175805
-0.175655
-0.175427
-0.175123
-0.174747
-0.174302
-0.173792
-0.173221
-0.172595
-0.171923
-0.171213
-0.170479
-0.169733
-0.168993
-0.168276
-0.167601
-0.166983
-0.166435
-0.165969
-0.165598
-0.165339
-0.165213
-0.165244
-0.165456
-0.165872
-0.166511
-0.167387
-0.168509
-0.169882
-0.171511
-0.173398
-0.175541
-0.177942
-0.180599
-0.18351
-0.186676
-0.190093
-0.193762
-0.197681
-0.201849
-0.206264
-0.210926
-0.215834
-0.220988
-0.226386
-0.232027
-0.237912
-0.24404
-0.25041
-0.257023
-0.263878
-0.270975
-0.278314
-0.285895
-0.293719
-0.301786
-0.310096
-0.318652
-0.327453
-0.3365
-0.345795
-0.35534
-0.365136
-0.375185
-0.385488
-0.396047
-0.406865
-0.417944
-0.429285
-0.440892
-0.452765
-0.464906
-0.477316
-0.489997
-0.50295
-0.516171
-0.529658
-0.543412
-0.557435
-0.571714
-0.58624
-0.600996
-0.615981
-0.631188
-0.646586
-0.662144
-0.677834
-0.693618
-0.709461
-0.725317
-0.741125
-0.756815
-0.772317
-0.787547
-0.802415
-0.816819
-0.830648
-0.843776
-0.856068
-0.86738
-0.877562
-0.886453
-0.893889
-0.899699
-0.90371
-0.905749
-0.905649
-0.903248
-0.898397
-0.890957
-0.880806
-0.867839
-0.851973
-0.833145
-0.81132
-0.786483
-0.758647
-0.727858
-0.694193
-0.657613
-0.618129
-0.575915
-0.531147
-0.484015
-0.434729
-0.383515
-0.330611
-0.276262
-0.220717
-0.164225
-0.107031
-0.0493763
0.00850934
0.0664002
0.124085
0.181366
0.238062
0.294008
0.349055
0.403073
0.455937
0.507545
0.557807
0.606647
0.65401
0.699859
0.744157
0.786873
0.827987
0.867493
0.905433
0.941822
0.976652
1.00996
1.04168
1.07159
1.10118
1.13884
-0.0334819
-0.0335721
-0.0338008
-0.0341708
-0.0346766
-0.0353161
-0.0360871
-0.0369868
-0.0380123
-0.03916
-0.0404262
-0.0418072
-0.0432986
-0.0448961
-0.0465953
-0.0483914
-0.0502797
-0.0522554
-0.0543137
-0.0564495
-0.058658
-0.0609343
-0.0632734
-0.0656704
-0.0681204
-0.0706188
-0.0731607
-0.0757414
-0.0783563
-0.0810008
-0.0836705
-0.086361
-0.0890678
-0.0917869
-0.0945139
-0.0972449
-0.0999757
-0.102703
-0.105422
-0.108129
-0.110821
-0.113495
-0.116146
-0.118771
-0.121367
-0.123931
-0.126459
-0.128949
-0.131397
-0.133801
-0.136157
-0.138463
-0.140716
-0.142914
-0.145053
-0.147133
-0.149149
-0.151101
-0.152985
-0.1548
-0.156543
-0.158214
-0.159809
-0.161327
-0.162767
-0.164127
-0.165405
-0.1666
-0.167711
-0.168738
-0.169677
-0.17053
-0.171295
-0.171971
-0.172558
-0.173057
-0.173469
-0.173796
-0.174038
-0.174194
-0.174266
-0.174254
-0.17416
-0.173986
-0.173732
-0.173401
-0.172996
-0.17252
-0.171976
-0.17137
-0.170708
-0.169998
-0.16925
-0.168476
-0.167691
-0.166913
-0.166161
-0.165453
-0.164805
-0.164232
-0.163745
-0.163357
-0.163084
-0.16295
-0.162979
-0.163197
-0.163626
-0.164286
-0.165189
-0.166345
-0.167758
-0.169431
-0.171365
-0.173558
-0.17601
-0.178718
-0.181681
-0.184897
-0.188363
-0.192078
-0.196041
-0.200249
-0.204701
-0.209396
-0.214333
-0.21951
-0.224926
-0.230582
-0.236475
-0.242605
-0.248971
-0.255573
-0.262411
-0.269484
-0.276791
-0.284333
-0.29211
-0.300122
-0.308369
-0.316851
-0.32557
-0.334525
-0.343717
-0.353148
-0.362818
-0.372728
-0.38288
-0.393274
-0.403912
-0.414795
-0.425922
-0.437297
-0.44892
-0.460787
-0.472899
-0.485263
-0.497875
-0.510725
-0.523812
-0.537148
-0.550725
-0.564524
-0.578535
-0.592746
-0.60715
-0.621728
-0.636453
-0.651299
-0.666237
-0.68123
-0.696239
-0.711218
-0.726111
-0.740855
-0.755379
-0.769607
-0.78345
-0.796814
-0.809595
-0.821677
-0.832935
-0.843239
-0.852447
-0.860414
-0.866988
-0.872012
-0.875327
-0.876776
-0.876203
-0.87346
-0.868404
-0.860905
-0.850846
-0.838124
-0.822658
-0.804382
-0.783253
-0.759251
-0.732378
-0.702668
-0.670182
-0.634902
-0.596827
-0.556088
-0.512841
-0.467263
-0.419545
-0.369897
-0.31854
-0.265704
-0.211626
-0.156544
-0.100695
-0.0443127
0.0123756
0.06915
0.125801
0.182133
0.237963
0.293123
0.347461
0.400839
0.453134
0.504237
0.554056
0.602511
0.64954
0.695094
0.739133
0.781627
0.822556
0.861909
0.899697
0.93594
0.970652
1.00386
1.03549
1.06538
1.09489
1.13144
-0.0321607
-0.0322494
-0.0324759
-0.0328427
-0.0333444
-0.0339788
-0.0347439
-0.035637
-0.0366552
-0.037795
-0.0390531
-0.0404255
-0.0419081
-0.0434969
-0.0451873
-0.0469748
-0.0488548
-0.0508225
-0.0528731
-0.0550019
-0.0572038
-0.0594741
-0.0618079
-0.0642002
-0.0666463
-0.0691414
-0.0716807
-0.0742595
-0.0768732
-0.0795173
-0.0821871
-0.0848783
-0.0875865
-0.0903074
-0.0930369
-0.0957707
-0.098505
-0.101236
-0.103959
-0.106671
-0.109368
-0.112046
-0.114702
-0.117332
-0.119934
-0.122503
-0.125037
-0.127532
-0.129985
-0.132393
-0.134754
-0.137065
-0.139322
-0.141524
-0.143667
-0.14575
-0.147769
-0.149722
-0.151608
-0.153424
-0.155168
-0.156838
-0.158433
-0.159949
-0.161387
-0.162743
-0.164017
-0.165208
-0.166313
-0.167333
-0.168265
-0.169109
-0.169864
-0.170529
-0.171104
-0.171591
-0.17199
-0.172302
-0.172527
-0.172665
-0.172718
-0.172685
-0.172569
-0.17237
-0.17209
-0.171732
-0.171297
-0.170789
-0.170213
-0.169572
-0.168873
-0.168125
-0.167338
-0.166524
-0.1657
-0.164884
-0.164096
-0.163355
-0.162678
-0.162079
-0.16157
-0.161163
-0.160877
-0.160733
-0.160759
-0.16098
-0.16142
-0.162097
-0.163025
-0.164212
-0.165661
-0.167373
-0.16935
-0.171588
-0.174085
-0.17684
-0.179849
-0.183109
-0.186618
-0.190374
-0.194374
-0.198616
-0.2031
-0.207822
-0.212781
-0.217976
-0.223406
-0.229069
-0.234965
-0.241092
-0.247449
-0.254036
-0.260853
-0.267897
-0.275169
-0.282669
-0.290396
-0.298349
-0.30653
-0.314937
-0.323571
-0.332433
-0.341522
-0.350839
-0.360385
-0.370159
-0.380163
-0.390396
-0.400859
-0.411552
-0.422471
-0.433621
-0.445003
-0.456608
-0.468442
-0.480516
-0.492818
-0.505335
-0.518066
-0.531012
-0.544163
-0.557506
-0.57103
-0.584724
-0.598572
-0.612556
-0.626653
-0.640835
-0.655071
-0.669326
-0.683561
-0.697728
-0.711775
-0.725641
-0.73926
-0.752557
-0.76545
-0.77785
-0.789658
-0.800767
-0.811063
-0.820422
-0.828717
-0.83581
-0.841563
-0.845831
-0.848469
-0.84933
-0.84827
-0.845152
-0.839841
-0.832216
-0.822164
-0.809587
-0.794403
-0.776546
-0.75597
-0.73265
-0.706581
-0.677786
-0.646314
-0.612161
-0.575321
-0.535889
-0.494006
-0.449833
-0.403547
-0.355341
-0.305422
-0.254006
-0.201318
-0.147583
-0.0930315
-0.0378886
0.0176242
0.0732917
0.128908
0.184279
0.239221
0.293566
0.34716
0.399861
0.451544
0.502096
0.551422
0.599438
0.646077
0.691284
0.735015
0.777238
0.817931
0.857083
0.894694
0.930776
0.965345
0.99843
1.02997
1.05979
1.08916
1.12463
-0.0309556
-0.0310429
-0.0312673
-0.031631
-0.0321287
-0.0327583
-0.0335176
-0.0344042
-0.0354151
-0.0365472
-0.0377971
-0.0391609
-0.0406348
-0.0422145
-0.043896
-0.0456746
-0.0475459
-0.0495051
-0.0515477
-0.0536687
-0.0558635
-0.0581271
-0.0604547
-0.0628415
-0.0652827
-0.0677735
-0.0703092
-0.0728851
-0.0754965
-0.0781388
-0.0808076
-0.0834983
-0.0862066
-0.0889282
-0.0916588
-0.0943943
-0.0971306
-0.0998637
-0.10259
-0.105305
-0.108005
-0.110687
-0.113347
-0.115981
-0.118587
-0.12116
-0.123698
-0.126197
-0.128654
-0.131067
-0.133431
-0.135745
-0.138006
-0.140211
-0.142357
-0.144441
-0.146462
-0.148417
-0.150304
-0.15212
-0.153864
-0.155533
-0.157126
-0.15864
-0.160075
-0.161428
-0.162697
-0.163883
-0.164982
-0.165994
-0.166918
-0.167753
-0.168499
-0.169153
-0.169716
-0.17019
-0.170576
-0.170873
-0.171081
-0.171202
-0.171235
-0.171182
-0.171043
-0.17082
-0.170515
-0.170129
-0.169665
-0.169126
-0.168517
-0.167841
-0.167107
-0.166321
-0.165495
-0.164642
-0.163779
-0.162925
-0.162101
-0.161328
-0.160621
-0.159996
-0.159464
-0.159038
-0.158737
-0.158583
-0.158604
-0.158827
-0.159276
-0.159969
-0.160918
-0.162132
-0.163613
-0.165361
-0.167376
-0.169654
-0.172193
-0.174988
-0.178037
-0.181337
-0.184884
-0.188674
-0.192707
-0.196979
-0.201488
-0.206231
-0.211208
-0.216417
-0.221855
-0.227522
-0.233415
-0.239535
-0.24588
-0.252448
-0.259239
-0.266251
-0.273485
-0.28094
-0.288614
-0.296508
-0.304621
-0.312952
-0.321502
-0.330271
-0.339258
-0.348463
-0.357888
-0.36753
-0.377389
-0.387465
-0.397757
-0.408265
-0.418985
-0.429931
-0.441105
-0.452486
-0.464075
-0.475874
-0.487875
-0.500071
-0.512459
-0.525033
-0.537784
-0.550701
-0.563771
-0.57698
-0.590312
-0.603747
-0.617261
-0.630827
-0.644414
-0.657986
-0.671503
-0.68492
-0.698185
-0.711241
-0.724023
-0.736461
-0.748476
-0.759984
-0.770892
-0.7811
-0.790501
-0.798982
-0.806422
-0.812695
-0.817673
-0.821221
-0.823205
-0.82349
-0.821942
-0.818432
-0.812835
-0.805036
-0.794929
-0.782418
-0.767424
-0.749881
-0.729741
-0.706976
-0.681576
-0.653553
-0.622951
-0.589775
-0.554013
-0.515734
-0.475067
-0.432159
-0.387173
-0.340286
-0.291694
-0.241598
-0.190211
-0.13775
-0.0844341
-0.0304807
0.0238949
0.0784829
0.133081
0.187498
0.241552
0.295073
0.347907
0.399911
0.450956
0.500929
0.54973
0.597272
0.643484
0.688307
0.731694
0.773608
0.814026
0.852934
0.890328
0.926215
0.96061
0.993542
1.02496
1.05471
1.08391
1.11837
-0.0298628
-0.0299489
-0.0301713
-0.0305321
-0.031026
-0.0316509
-0.0324048
-0.0332851
-0.0342892
-0.0354139
-0.0366558
-0.0380114
-0.0394766
-0.0410477
-0.0427203
-0.0444901
-0.0463527
-0.0483034
-0.0503377
-0.0524509
-0.0546381
-0.0568946
-0.0592157
-0.0615965
-0.0640323
-0.0665182
-0.0690496
-0.0716217
-0.07423
-0.0768698
-0.0795366
-0.0822259
-0.0849334
-0.0876546
-0.0903854
-0.0931215
-0.0958588
-0.0985933
-0.101321
-0.104038
-0.106741
-0.109425
-0.112088
-0.114725
-0.117334
-0.11991
-0.122451
-0.124953
-0.127413
-0.129829
-0.132196
-0.134513
-0.136776
-0.138983
-0.14113
-0.143216
-0.145238
-0.147194
-0.149081
-0.150897
-0.15264
-0.154307
-0.155898
-0.15741
-0.158841
-0.160189
-0.161454
-0.162634
-0.163727
-0.164732
-0.165648
-0.166474
-0.16721
-0.167853
-0.168405
-0.168867
-0.169238
-0.16952
-0.169713
-0.169816
-0.16983
-0.169756
-0.169596
-0.169349
-0.169019
-0.168606
-0.168113
-0.167544
-0.166903
-0.166193
-0.165423
-0.1646
-0.163736
-0.162845
-0.161944
-0.161054
-0.160195
-0.159389
-0.158654
-0.158003
-0.157448
-0.157003
-0.156686
-0.156522
-0.156537
-0.156761
-0.157216
-0.157922
-0.158891
-0.160129
-0.161638
-0.163418
-0.165467
-0.167781
-0.170356
-0.173188
-0.176273
-0.179607
-0.183187
-0.187008
-0.191068
-0.195364
-0.199894
-0.204655
-0.209645
-0.214862
-0.220305
-0.225971
-0.231859
-0.237968
-0.244296
-0.250843
-0.257606
-0.264585
-0.271778
-0.279186
-0.286807
-0.29464
-0.302684
-0.31094
-0.319406
-0.328083
-0.336971
-0.346068
-0.355374
-0.364885
-0.374604
-0.384527
-0.394666
-0.405025
-0.415588
-0.426353
-0.437318
-0.448476
-0.459825
-0.471363
-0.483084
-0.494981
-0.507048
-0.519278
-0.53166
-0.544182
-0.556832
-0.569593
-0.582449
-0.595377
-0.608354
-0.621352
-0.63434
-0.647283
-0.660141
-0.672868
-0.685416
-0.697727
-0.70974
-0.721388
-0.732596
-0.743283
-0.753363
-0.76274
-0.771316
-0.778982
-0.785629
-0.791138
-0.795389
-0.798259
-0.799621
-0.799351
-0.797324
-0.793418
-0.787519
-0.779515
-0.769307
-0.756804
-0.741928
-0.724615
-0.704817
-0.682501
-0.657654
-0.630285
-0.600426
-0.568092
-0.533267
-0.496002
-0.456414
-0.414638
-0.370822
-0.325135
-0.277756
-0.228877
-0.178699
-0.127428
-0.0752737
-0.0224472
0.0308437
0.0843947
0.138008
0.191495
0.244676
0.297382
0.349459
0.400762
0.451162
0.500543
0.548803
0.595852
0.641616
0.686033
0.729051
0.770633
0.81075
0.849387
0.886538
0.922203
0.956398
0.989149
1.02041
1.05005
1.07905
1.11252
-0.0288786
-0.0289635
-0.0291841
-0.0295422
-0.0300327
-0.0306532
-0.0314021
-0.0322767
-0.0332744
-0.0343922
-0.0356267
-0.0369744
-0.0384316
-0.0399943
-0.0416585
-0.0434199
-0.045274
-0.0472165
-0.0492428
-0.0513481
-0.0535279
-0.0557774
-0.0580918
-0.0604663
-0.0628964
-0.0653771
-0.0679038
-0.0704718
-0.0730764
-0.0757131
-0.0783773
-0.0810646
-0.0837705
-0.0864906
-0.0892207
-0.0919566
-0.094694
-0.0974291
-0.100158
-0.102876
-0.10558
-0.108266
-0.110931
-0.11357
-0.116181
-0.118759
-0.121302
-0.123806
-0.126269
-0.128686
-0.131055
-0.133374
-0.135638
-0.137846
-0.139995
-0.142082
-0.144104
-0.14606
-0.147946
-0.149761
-0.151503
-0.153168
-0.154756
-0.156265
-0.157692
-0.159037
-0.160297
-0.16147
-0.162557
-0.163555
-0.164463
-0.16528
-0.166006
-0.166639
-0.167179
-0.167629
-0.167987
-0.168255
-0.168432
-0.168518
-0.168514
-0.16842
-0.168238
-0.167969
-0.167614
-0.167175
-0.166655
-0.166057
-0.165384
-0.164642
-0.163838
-0.16298
-0.162079
-0.161151
-0.160213
-0.159287
-0.158394
-0.157558
-0.156794
-0.156118
-0.155542
-0.155078
-0.154746
-0.15457
-0.154579
-0.154802
-0.155263
-0.155981
-0.156966
-0.158225
-0.15976
-0.161569
-0.163648
-0.165994
-0.168601
-0.171466
-0.174582
-0.177946
-0.181554
-0.185401
-0.189484
-0.1938
-0.198347
-0.203121
-0.20812
-0.213343
-0.218786
-0.224449
-0.230328
-0.236424
-0.242734
-0.249256
-0.25599
-0.262934
-0.270086
-0.277446
-0.285013
-0.292786
-0.300763
-0.308944
-0.317329
-0.325917
-0.334707
-0.343697
-0.352885
-0.362272
-0.371874
-0.381692
-0.391707
-0.401917
-0.412315
-0.422901
-0.433672
-0.444622
-0.455748
-0.467046
-0.47851
-0.490131
-0.501903
-0.513816
-0.525859
-0.53802
-0.550285
-0.562636
-0.575054
-0.587519
-0.600005
-0.612485
-0.624927
-0.637295
-0.649551
-0.661649
-0.673541
-0.685173
-0.696485
-0.707412
-0.717883
-0.727821
-0.737143
-0.745761
-0.753579
-0.760499
-0.766415
-0.771218
-0.774796
-0.777032
-0.777811
-0.777014
-0.774526
-0.770232
-0.764025
-0.7558
-0.745463
-0.732926
-0.718114
-0.700965
-0.68143
-0.659476
-0.635087
-0.608266
-0.579041
-0.54743
-0.513417
-0.477038
-0.438401
-0.39763
-0.354863
-0.310256
-0.263978
-0.216209
-0.167141
-0.116969
-0.065896
-0.0141232
0.0381474
0.0907171
0.143393
0.195989
0.248329
0.300245
0.351582
0.402197
0.451959
0.500751
0.548469
0.595021
0.64033
0.68433
0.726969
0.768205
0.808009
0.846361
0.883251
0.91868
0.952659
0.985211
1.0163
1.0458
1.07458
1.10711
-0.0279994
-0.0280832
-0.0283021
-0.0286579
-0.0291452
-0.0297619
-0.0305062
-0.0313756
-0.0323675
-0.033479
-0.0347067
-0.0360473
-0.037497
-0.0390521
-0.0407084
-0.0424619
-0.0443082
-0.046243
-0.0482616
-0.0503595
-0.0525321
-0.0547747
-0.0570826
-0.0594511
-0.0618755
-0.0643509
-0.0668728
-0.0694365
-0.0720373
-0.0746706
-0.0773319
-0.0800166
-0.0827205
-0.085439
-0.0881679
-0.0909029
-0.0936399
-0.0963748
-0.0991036
-0.101822
-0.104527
-0.107214
-0.10988
-0.11252
-0.115132
-0.117712
-0.120256
-0.122762
-0.125226
-0.127644
-0.130015
-0.132334
-0.1346
-0.136808
-0.138957
-0.141044
-0.143066
-0.145021
-0.146907
-0.14872
-0.15046
-0.152123
-0.153709
-0.155214
-0.156637
-0.157977
-0.159232
-0.1604
-0.16148
-0.162471
-0.163371
-0.16418
-0.164896
-0.165519
-0.166049
-0.166486
-0.166832
-0.167086
-0.167248
-0.167318
-0.167296
-0.167184
-0.166981
-0.16669
-0.166312
-0.165849
-0.165303
-0.164677
-0.163975
-0.163202
-0.162365
-0.161473
-0.160537
-0.159574
-0.158602
-0.157642
-0.156717
-0.155851
-0.155061
-0.154361
-0.153764
-0.153282
-0.152935
-0.152748
-0.152751
-0.152973
-0.153439
-0.154166
-0.155166
-0.156444
-0.158001
-0.159835
-0.161942
-0.164316
-0.166952
-0.169845
-0.172989
-0.176379
-0.18001
-0.183879
-0.187982
-0.192315
-0.196875
-0.201659
-0.206664
-0.211889
-0.21733
-0.222986
-0.228856
-0.234936
-0.241226
-0.247723
-0.254427
-0.261335
-0.268446
-0.275759
-0.283273
-0.290986
-0.298897
-0.307006
-0.315313
-0.323813
-0.332505
-0.34139
-0.350487
-0.359799
-0.369311
-0.379011
-0.388895
-0.398962
-0.409207
-0.419629
-0.430223
-0.440984
-0.451907
-0.462986
-0.474215
-0.485586
-0.497089
-0.508715
-0.520451
-0.532284
-0.544199
-0.556178
-0.568201
-0.580247
-0.592289
-0.6043
-0.616248
-0.628097
-0.639808
-0.651338
-0.662638
-0.673656
-0.684334
-0.69461
-0.704414
-0.713674
-0.722311
-0.73024
-0.737372
-0.743613
-0.748864
-0.753022
-0.755982
-0.757636
-0.757874
-0.756585
-0.753662
-0.748998
-0.742489
-0.734037
-0.723553
-0.710954
-0.696167
-0.67913
-0.659797
-0.638134
-0.614121
-0.587759
-0.559071
-0.528076
-0.49476
-0.459151
-0.421347
-0.381462
-0.339626
-0.295983
-0.250694
-0.203928
-0.155868
-0.1067
-0.0566177
-0.00581667
0.0455081
0.0971637
0.148962
0.200719
0.252263
0.303427
0.354058
0.404012
0.453158
0.501378
0.548566
0.59463
0.639489
0.683077
0.725338
0.766228
0.805715
0.843777
0.880403
0.915589
0.949345
0.981691
1.0126
1.04195
1.0705
1.10215
-0.0272217
-0.0273045
-0.0275219
-0.0278755
-0.02836
-0.0289733
-0.0297136
-0.0305784
-0.0315652
-0.032671
-0.0338927
-0.0352269
-0.03667
-0.0382182
-0.0398675
-0.0416138
-0.043453
-0.0453806
-0.0473922
-0.0494833
-0.0516493
-0.0538855
-0.0561873
-0.05855
-0.060969
-0.0634394
-0.0659566
-0.068516
-0.0711129
-0.0737428
-0.076401
-0.0790831
-0.0817847
-0.0845013
-0.0872287
-0.0899625
-0.0926986
-0.0954329
-0.0981613
-0.10088
-0.103585
-0.106272
-0.108938
-0.111579
-0.114192
-0.116773
-0.119318
-0.121824
-0.124289
-0.126708
-0.129079
-0.131399
-0.133665
-0.135873
-0.138022
-0.140109
-0.14213
-0.144084
-0.145968
-0.14778
-0.149518
-0.151179
-0.152761
-0.154263
-0.155682
-0.157018
-0.158267
-0.159429
-0.160503
-0.161487
-0.16238
-0.16318
-0.163888
-0.164501
-0.165021
-0.165448
-0.165782
-0.166022
-0.16617
-0.166224
-0.166186
-0.166056
-0.165835
-0.165524
-0.165125
-0.164638
-0.164068
-0.163415
-0.162686
-0.161884
-0.161017
-0.160094
-0.159126
-0.15813
-0.157125
-0.156134
-0.155179
-0.154286
-0.153471
-0.152749
-0.152132
-0.151634
-0.151273
-0.151076
-0.151073
-0.151294
-0.151763
-0.152499
-0.153512
-0.154807
-0.156385
-0.158241
-0.160372
-0.162771
-0.165432
-0.168349
-0.171517
-0.17493
-0.178582
-0.182469
-0.186588
-0.190934
-0.195504
-0.200295
-0.205304
-0.210528
-0.215966
-0.221614
-0.227472
-0.233536
-0.239805
-0.246277
-0.25295
-0.259823
-0.266894
-0.274161
-0.281624
-0.289279
-0.297128
-0.305167
-0.313395
-0.321808
-0.330414
-0.339241
-0.348282
-0.35751
-0.366919
-0.376507
-0.386272
-0.396211
-0.406319
-0.416592
-0.427027
-0.437617
-0.448358
-0.459241
-0.470261
-0.481406
-0.492669
-0.504037
-0.515499
-0.527039
-0.538641
-0.550288
-0.561959
-0.57363
-0.585276
-0.596868
-0.608374
-0.61976
-0.630986
-0.642008
-0.652781
-0.663251
-0.673364
-0.683057
-0.692267
-0.700921
-0.708945
-0.716257
-0.722774
-0.728406
-0.733059
-0.736636
-0.739039
-0.740164
-0.739909
-0.738171
-0.734846
-0.729834
-0.723038
-0.714365
-0.703729
-0.69105
-0.67626
-0.659297
-0.640117
-0.618684
-0.594978
-0.568998
-0.540761
-0.510288
-0.477567
-0.44262
-0.405538
-0.366427
-0.325408
-0.282617
-0.238205
-0.192334
-0.145176
-0.0969109
-0.0477249
0.00219388
0.0526563
0.103475
0.154465
0.205449
0.256254
0.306718
0.356688
0.40602
0.454585
0.502263
0.548948
0.594545
0.638974
0.682164
0.724059
0.764613
0.803791
0.84157
0.877935
0.912882
0.946417
0.978558
1.00928
1.03849
1.0668
1.09765
-0.0265417
-0.0266237
-0.0268397
-0.0271915
-0.0276736
-0.028284
-0.0290208
-0.0298817
-0.0308641
-0.031965
-0.0331815
-0.0345101
-0.0359474
-0.0374895
-0.0391327
-0.0408727
-0.0427056
-0.0446269
-0.0466323
-0.0487173
-0.0508773
-0.0531078
-0.0554042
-0.0577616
-0.0601756
-0.0626414
-0.0651543
-0.0677097
-0.070303
-0.0729295
-0.0755848
-0.0782643
-0.0809636
-0.0836782
-0.0864039
-0.0891364
-0.0918714
-0.0946049
-0.0973327
-0.100051
-0.102755
-0.105443
-0.108109
-0.11075
-0.113363
-0.115944
-0.11849
-0.120996
-0.123461
-0.125881
-0.128252
-0.130572
-0.132837
-0.135046
-0.137194
-0.13928
-0.141301
-0.143253
-0.145136
-0.146946
-0.148681
-0.150339
-0.151919
-0.153417
-0.154832
-0.156163
-0.157408
-0.158565
-0.159633
-0.16061
-0.161496
-0.162289
-0.162988
-0.163593
-0.164103
-0.16452
-0.164843
-0.165071
-0.165206
-0.165246
-0.165193
-0.165047
-0.164809
-0.164479
-0.16406
-0.163553
-0.16296
-0.162284
-0.16153
-0.160702
-0.159807
-0.158855
-0.157858
-0.156832
-0.155798
-0.154778
-0.153796
-0.152878
-0.15204
-0.151299
-0.150665
-0.150151
-0.149778
-0.149572
-0.149564
-0.149784
-0.150257
-0.151
-0.152025
-0.153336
-0.154931
-0.156807
-0.158959
-0.16138
-0.164064
-0.167003
-0.170191
-0.173623
-0.177292
-0.181195
-0.185327
-0.189683
-0.194261
-0.199056
-0.204067
-0.209289
-0.214722
-0.220361
-0.226206
-0.232253
-0.238502
-0.244949
-0.251593
-0.258432
-0.265465
-0.272688
-0.280101
-0.287703
-0.295491
-0.303461
-0.311611
-0.319959
-0.328531
-0.337313
-0.346278
-0.35542
-0.364738
-0.374227
-0.383887
-0.393711
-0.403697
-0.41384
-0.424135
-0.434575
-0.445155
-0.455866
-0.4667
-0.477649
-0.4887
-0.499842
-0.511063
-0.522345
-0.533674
-0.545029
-0.55639
-0.567732
-0.579031
-0.590256
-0.601375
-0.612354
-0.623154
-0.633731
-0.64404
-0.65403
-0.663646
-0.672829
-0.681515
-0.689637
-0.697121
-0.703891
-0.709866
-0.71496
-0.719084
-0.722148
-0.724056
-0.724711
-0.724016
-0.721873
-0.718186
-0.712857
-0.705796
-0.696914
-0.686128
-0.673362
-0.65855
-0.641634
-0.622567
-0.601316
-0.577859
-0.552193
-0.524332
-0.494296
-0.462075
-0.427692
-0.391228
-0.352784
-0.312472
-0.270422
-0.226777
-0.18169
-0.135327
-0.0878616
-0.0394711
0.00966144
0.0593527
0.10942
0.159683
0.209966
0.260102
0.309929
0.359294
0.408058
0.456088
0.503266
0.549485
0.594649
0.638676
0.681495
0.723047
0.763285
0.802172
0.839683
0.875802
0.910521
0.943845
0.97579
1.00634
1.03539
1.06349
1.09363
-0.025956
-0.0260373
-0.0262522
-0.0266024
-0.0270825
-0.0276905
-0.0284244
-0.029282
-0.0302606
-0.0313576
-0.0325696
-0.0338936
-0.035326
-0.036863
-0.0385009
-0.0402357
-0.0420632
-0.0439791
-0.0459792
-0.048059
-0.0502139
-0.0524395
-0.0547311
-0.057084
-0.0594936
-0.0619553
-0.0644645
-0.0670163
-0.0696064
-0.07223
-0.0748826
-0.0775597
-0.0802569
-0.0829697
-0.0856937
-0.0884248
-0.0911587
-0.0938913
-0.0966183
-0.099336
-0.10204
-0.104727
-0.107393
-0.110034
-0.112647
-0.115228
-0.117774
-0.120281
-0.122746
-0.125165
-0.127536
-0.129856
-0.132121
-0.134329
-0.136477
-0.138562
-0.140581
-0.142532
-0.144413
-0.146221
-0.147954
-0.14961
-0.151186
-0.152681
-0.154093
-0.15542
-0.15666
-0.157812
-0.158874
-0.159846
-0.160725
-0.161511
-0.162203
-0.1628
-0.163302
-0.163709
-0.164022
-0.16424
-0.164363
-0.164391
-0.164324
-0.164164
-0.16391
-0.163564
-0.163127
-0.162602
-0.161989
-0.161292
-0.160516
-0.159664
-0.158745
-0.157768
-0.156745
-0.155693
-0.154632
-0.153587
-0.152582
-0.151642
-0.150785
-0.150026
-0.149377
-0.148851
-0.148467
-0.148254
-0.148241
-0.148461
-0.148938
-0.149689
-0.150725
-0.15205
-0.153661
-0.155555
-0.157726
-0.160167
-0.162869
-0.165827
-0.169033
-0.172481
-0.176165
-0.18008
-0.184222
-0.188587
-0.19317
-0.197968
-0.202978
-0.208198
-0.213624
-0.219254
-0.225086
-0.231117
-0.237346
-0.243769
-0.250386
-0.257193
-0.264189
-0.271372
-0.27874
-0.286291
-0.294018
-0.30192
-0.31002
-0.318348
-0.326887
-0.335607
-0.344503
-0.35357
-0.362808
-0.372213
-0.381781
-0.391507
-0.401389
-0.411419
-0.421594
-0.431905
-0.442346
-0.452909
-0.463586
-0.474364
-0.485235
-0.496184
-0.507197
-0.51826
-0.529353
-0.540458
-0.551554
-0.562615
-0.573615
-0.584525
-0.595313
-0.605944
-0.616378
-0.626573
-0.636484
-0.646061
-0.65525
-0.663994
-0.67223
-0.679894
-0.686913
-0.693216
-0.698723
-0.703353
-0.70702
-0.709639
-0.711117
-0.711363
-0.710285
-0.707788
-0.703781
-0.698173
-0.690874
-0.681801
-0.670875
-0.658023
-0.643179
-0.626289
-0.607306
-0.586197
-0.56294
-0.537528
-0.509975
-0.480299
-0.448494
-0.41458
-0.378637
-0.340757
-0.301047
-0.25963
-0.216641
-0.172229
-0.126552
-0.0797772
-0.0320772
0.0163712
0.0653892
0.114798
0.164423
0.21409
0.263635
0.312897
0.361727
0.409983
0.457536
0.504267
0.550067
0.594842
0.638506
0.68099
0.722232
0.762183
0.800806
0.838072
0.873966
0.908477
0.941608
0.973373
1.00376
1.03268
1.06057
1.09009
-0.0254613
-0.025542
-0.0257559
-0.0261049
-0.0265834
-0.0271894
-0.027921
-0.028776
-0.0297517
-0.0308454
-0.0320539
-0.0333742
-0.0348026
-0.0363355
-0.0379692
-0.0396997
-0.0415229
-0.0434345
-0.0454303
-0.0475058
-0.0496566
-0.0518781
-0.0541658
-0.056515
-0.0589211
-0.0613795
-0.0638855
-0.0664345
-0.0690218
-0.0716429
-0.0742933
-0.0769684
-0.0796638
-0.082375
-0.0850977
-0.0878277
-0.0905605
-0.0932922
-0.0960187
-0.0987357
-0.10144
-0.104126
-0.106792
-0.109433
-0.112046
-0.114627
-0.117172
-0.119679
-0.122144
-0.124563
-0.126934
-0.129253
-0.131518
-0.133725
-0.135872
-0.137956
-0.139974
-0.141924
-0.143804
-0.14561
-0.147341
-0.148994
-0.150568
-0.15206
-0.153468
-0.154791
-0.156027
-0.157175
-0.158232
-0.159198
-0.160072
-0.160852
-0.161537
-0.162127
-0.162622
-0.163022
-0.163326
-0.163534
-0.163647
-0.163664
-0.163586
-0.163413
-0.163146
-0.162786
-0.162335
-0.161793
-0.161163
-0.160449
-0.159653
-0.158782
-0.157842
-0.156843
-0.155798
-0.154724
-0.153641
-0.152575
-0.15155
-0.150591
-0.149719
-0.148946
-0.148285
-0.147748
-0.147357
-0.147138
-0.147123
-0.147344
-0.147825
-0.148584
-0.14963
-0.150968
-0.152594
-0.154504
-0.156692
-0.159149
-0.161869
-0.164842
-0.168063
-0.171524
-0.17522
-0.179146
-0.183296
-0.187666
-0.192252
-0.197052
-0.202061
-0.207276
-0.212696
-0.218316
-0.224136
-0.230152
-0.236362
-0.242764
-0.249356
-0.256134
-0.263098
-0.270244
-0.277571
-0.285072
-0.292741
-0.300598
-0.308687
-0.316997
-0.325488
-0.334153
-0.34299
-0.351996
-0.361167
-0.370501
-0.379992
-0.389638
-0.399432
-0.409369
-0.419444
-0.429648
-0.439975
-0.450415
-0.46096
-0.471599
-0.482319
-0.493108
-0.503951
-0.51483
-0.52573
-0.536628
-0.547503
-0.55833
-0.569083
-0.579732
-0.590244
-0.600584
-0.610714
-0.620592
-0.630171
-0.639404
-0.648238
-0.656615
-0.664476
-0.671756
-0.678388
-0.684299
-0.689414
-0.693655
-0.696939
-0.699183
-0.7003
-0.700202
-0.698799
-0.696002
-0.691723
-0.685874
-0.678371
-0.669132
-0.658082
-0.645149
-0.630271
-0.613393
-0.594471
-0.573471
-0.55037
-0.525163
-0.497857
-0.468469
-0.437
-0.403471
-0.367955
-0.33054
-0.291328
-0.250436
-0.207995
-0.164146
-0.119044
-0.0728495
-0.0257305
0.0221406
0.0705895
0.119441
0.168523
0.217666
0.266706
0.315486
0.363857
0.411678
0.458821
0.505166
0.550605
0.595043
0.638394
0.680587
0.721559
0.76126
0.799653
0.836706
0.872403
0.906732
0.939694
0.971302
1.00154
1.03034
1.05805
1.08706
-0.0250545
-0.0251346
-0.0253479
-0.0256959
-0.0261732
-0.0267778
-0.0275077
-0.0283607
-0.0293342
-0.0304255
-0.0316314
-0.0329489
-0.0343744
-0.0359042
-0.0375348
-0.0392621
-0.041082
-0.0429903
-0.0449829
-0.0470552
-0.0492029
-0.0514214
-0.0537062
-0.0560526
-0.0584561
-0.0609119
-0.0634156
-0.0659624
-0.0685477
-0.0711671
-0.0738158
-0.0764894
-0.0791835
-0.0818935
-0.0846152
-0.0873443
-0.0900765
-0.0928076
-0.0955335
-0.0982502
-0.100954
-0.10364
-0.106306
-0.108947
-0.111559
-0.11414
-0.116686
-0.119192
-0.121657
-0.124076
-0.126447
-0.128766
-0.13103
-0.133237
-0.135383
-0.137466
-0.139483
-0.141432
-0.14331
-0.145114
-0.146843
-0.148495
-0.150066
-0.151555
-0.152961
-0.15428
-0.155513
-0.156657
-0.15771
-0.158672
-0.15954
-0.160315
-0.160995
-0.16158
-0.162068
-0.162462
-0.162759
-0.162959
-0.163064
-0.163072
-0.162984
-0.162801
-0.162523
-0.162152
-0.161688
-0.161133
-0.16049
-0.159761
-0.15895
-0.158062
-0.157106
-0.15609
-0.155027
-0.153935
-0.152834
-0.151751
-0.150711
-0.149738
-0.148854
-0.148071
-0.147401
-0.146857
-0.146461
-0.146239
-0.146224
-0.146448
-0.146934
-0.147701
-0.148758
-0.150107
-0.151747
-0.153672
-0.155875
-0.158347
-0.16108
-0.164067
-0.1673
-0.170772
-0.174477
-0.178411
-0.182566
-0.18694
-0.191529
-0.196328
-0.201335
-0.206546
-0.211958
-0.21757
-0.223378
-0.229381
-0.235575
-0.241957
-0.248527
-0.25528
-0.262215
-0.26933
-0.276619
-0.284073
-0.291697
-0.299546
-0.307633
-0.315909
-0.324359
-0.33298
-0.341771
-0.350727
-0.359845
-0.369122
-0.378554
-0.388135
-0.39786
-0.407724
-0.417719
-0.427839
-0.438076
-0.448421
-0.458863
-0.469391
-0.479993
-0.490655
-0.501363
-0.512099
-0.522845
-0.533579
-0.54428
-0.554923
-0.56548
-0.575921
-0.586215
-0.596325
-0.606213
-0.615837
-0.625153
-0.634111
-0.642661
-0.650745
-0.658306
-0.66528
-0.6716
-0.677198
-0.681999
-0.685927
-0.688903
-0.690845
-0.691671
-0.691294
-0.689628
-0.686588
-0.682088
-0.676042
-0.668371
-0.658995
-0.647839
-0.634837
-0.619926
-0.603054
-0.584175
-0.563256
-0.540276
-0.515226
-0.488112
-0.458949
-0.427741
-0.394515
-0.359338
-0.322293
-0.283478
-0.243005
-0.201001
-0.157605
-0.112964
-0.067236
-0.0205849
0.0268205
0.0748095
0.12321
0.171853
0.22057
0.2692
0.317588
0.365584
0.41305
0.459858
0.505887
0.551031
0.595192
0.638286
0.680238
0.720988
0.760484
0.798686
0.835564
0.871098
0.905277
0.9381
0.969578
0.999701
1.0284
1.05596
1.08455
-0.024733
-0.0248132
-0.025026
-0.0253735
-0.02585
-0.0264536
-0.0271824
-0.0280342
-0.0290063
-0.030096
-0.0313002
-0.0326158
-0.0340394
-0.0355673
-0.0371957
-0.0389209
-0.0407387
-0.0426449
-0.0446354
-0.0467056
-0.0488513
-0.0510679
-0.0533507
-0.0556954
-0.0580972
-0.0605515
-0.0630537
-0.0655991
-0.0681832
-0.0708014
-0.0734492
-0.0761219
-0.0788152
-0.0815247
-0.0842458
-0.0869745
-0.0897063
-0.0924371
-0.0951629
-0.0978795
-0.100583
-0.103269
-0.105935
-0.108576
-0.111189
-0.113769
-0.116315
-0.118822
-0.121286
-0.123705
-0.126076
-0.128394
-0.130658
-0.132864
-0.13501
-0.137093
-0.139109
-0.141057
-0.142934
-0.144737
-0.146464
-0.148114
-0.149683
-0.15117
-0.152573
-0.153891
-0.15512
-0.156261
-0.157311
-0.158269
-0.159134
-0.159905
-0.160581
-0.161161
-0.161645
-0.162033
-0.162324
-0.162519
-0.162617
-0.162618
-0.162523
-0.162332
-0.162046
-0.161666
-0.161192
-0.160628
-0.159974
-0.159234
-0.158412
-0.157513
-0.156544
-0.155515
-0.154439
-0.153334
-0.152221
-0.151126
-0.150076
-0.149094
-0.148202
-0.147413
-0.146738
-0.146192
-0.145794
-0.145572
-0.14556
-0.145788
-0.146281
-0.147057
-0.148124
-0.149485
-0.151138
-0.153076
-0.155291
-0.157776
-0.160521
-0.163518
-0.166761
-0.170242
-0.173954
-0.177892
-0.182052
-0.186428
-0.191017
-0.195815
-0.200818
-0.206025
-0.211431
-0.217034
-0.222833
-0.228823
-0.235003
-0.24137
-0.247921
-0.254654
-0.261565
-0.268653
-0.275909
-0.28332
-0.290931
-0.298788
-0.306859
-0.315106
-0.323525
-0.332113
-0.340869
-0.349789
-0.358868
-0.368104
-0.377492
-0.387026
-0.396701
-0.406511
-0.41645
-0.42651
-0.436681
-0.446956
-0.457323
-0.467772
-0.478288
-0.488859
-0.499469
-0.5101
-0.520734
-0.531349
-0.541923
-0.55243
-0.562843
-0.573132
-0.583265
-0.593205
-0.602914
-0.612351
-0.621471
-0.630226
-0.638564
-0.646431
-0.653767
-0.660512
-0.6666
-0.671962
-0.676527
-0.68022
-0.682965
-0.68468
-0.685285
-0.684697
-0.682833
-0.679608
-0.674939
-0.668744
-0.660944
-0.651462
-0.640226
-0.627169
-0.612231
-0.59536
-0.576512
-0.555653
-0.532761
-0.507826
-0.480854
-0.451856
-0.420842
-0.38784
-0.352916
-0.316147
-0.27763
-0.237472
-0.195797
-0.152739
-0.108445
-0.0630671
-0.0167679
0.0302875
0.0779306
0.125992
0.174303
0.2227
0.271021
0.319112
0.366826
0.414024
0.460578
0.506368
0.551287
0.595239
0.638138
0.679909
0.72049
0.75983
0.797888
0.834633
0.870043
0.904108
0.936825
0.968203
0.998237
1.02686
1.05431
1.08258
-0.0244985
-0.0245765
-0.024789
-0.0251362
-0.0256124
-0.0262156
-0.0269439
-0.0277951
-0.0287666
-0.0298556
-0.0310591
-0.0323739
-0.0337967
-0.0353237
-0.0369513
-0.0386756
-0.0404924
-0.0423978
-0.0443874
-0.0464568
-0.0486016
-0.0508174
-0.0530996
-0.0554436
-0.0578447
-0.0602985
-0.0628002
-0.0653453
-0.0679291
-0.070547
-0.0731945
-0.0758672
-0.0785604
-0.0812698
-0.083991
-0.0867197
-0.0894516
-0.0921826
-0.0949086
-0.0976254
-0.100329
-0.103016
-0.105682
-0.108323
-0.110936
-0.113517
-0.116062
-0.118569
-0.121034
-0.123453
-0.125823
-0.128142
-0.130406
-0.132612
-0.134757
-0.136839
-0.138855
-0.140802
-0.142678
-0.14448
-0.146207
-0.147855
-0.149423
-0.150908
-0.15231
-0.153625
-0.154853
-0.155991
-0.157039
-0.157994
-0.158856
-0.159624
-0.160297
-0.160874
-0.161354
-0.161738
-0.162026
-0.162216
-0.16231
-0.162307
-0.162207
-0.16201
-0.161719
-0.161333
-0.160853
-0.160282
-0.159622
-0.158875
-0.158046
-0.157139
-0.156163
-0.155126
-0.154043
-0.152932
-0.151813
-0.150712
-0.149657
-0.148673
-0.147779
-0.146989
-0.146315
-0.145771
-0.145375
-0.145158
-0.145152
-0.145388
-0.14589
-0.146677
-0.147756
-0.14913
-0.150795
-0.152745
-0.154971
-0.157466
-0.160221
-0.163227
-0.166476
-0.169962
-0.173678
-0.17762
-0.181781
-0.186157
-0.190744
-0.19554
-0.200539
-0.205741
-0.211141
-0.216737
-0.222526
-0.228506
-0.234675
-0.241029
-0.247566
-0.254283
-0.261178
-0.268246
-0.275473
-0.282858
-0.290472
-0.298337
-0.30639
-0.314617
-0.323015
-0.331583
-0.340317
-0.349214
-0.358269
-0.36748
-0.37684
-0.386347
-0.395991
-0.40577
-0.415674
-0.425698
-0.43583
-0.446064
-0.456386
-0.466787
-0.477251
-0.487768
-0.498317
-0.508885
-0.519449
-0.529992
-0.540486
-0.55091
-0.561233
-0.571427
-0.581457
-0.591291
-0.600886
-0.610204
-0.619198
-0.627822
-0.636023
-0.643749
-0.650939
-0.657536
-0.66347
-0.668679
-0.673088
-0.676627
-0.679217
-0.680782
-0.681241
-0.680514
-0.678516
-0.675168
-0.670386
-0.664092
-0.656205
-0.646653
-0.635362
-0.622269
-0.607313
-0.590444
-0.571617
-0.5508
-0.527969
-0.503113
-0.476236
-0.447348
-0.416463
-0.383613
-0.348858
-0.312275
-0.273955
-0.234007
-0.192549
-0.149715
-0.105649
-0.0605019
-0.0144335
0.0323929
0.0798096
0.12765
0.175745
0.223933
0.272053
0.319952
0.367482
0.414506
0.460895
0.506531
0.551305
0.595122
0.637894
0.679548
0.720021
0.75926
0.797225
0.833884
0.869216
0.903208
0.935857
0.967172
0.997151
1.02573
1.05308
1.08116
-0.0243171
-0.0243944
-0.0246085
-0.0249561
-0.0254325
-0.026036
-0.0267646
-0.0276161
-0.028588
-0.0296774
-0.0308813
-0.0321966
-0.0336198
-0.0351474
-0.0367755
-0.0385004
-0.0403179
-0.0422239
-0.0442142
-0.0462843
-0.0484299
-0.0506464
-0.0529295
-0.0552743
-0.0576764
-0.060131
-0.0626337
-0.0651797
-0.0677645
-0.0703835
-0.0730321
-0.0757057
-0.0784001
-0.0811105
-0.0838328
-0.0865626
-0.0892957
-0.0920278
-0.0947548
-0.0974726
-0.100177
-0.102865
-0.105532
-0.108174
-0.110788
-0.11337
-0.115916
-0.118424
-0.120889
-0.123309
-0.12568
-0.127999
-0.130263
-0.132469
-0.134615
-0.136697
-0.138713
-0.14066
-0.142536
-0.144338
-0.146064
-0.147712
-0.149279
-0.150764
-0.152164
-0.153479
-0.154705
-0.155842
-0.156888
-0.157842
-0.158703
-0.159469
-0.16014
-0.160715
-0.161193
-0.161575
-0.16186
-0.162049
-0.16214
-0.162134
-0.162032
-0.161833
-0.161539
-0.16115
-0.160668
-0.160094
-0.159431
-0.158682
-0.15785
-0.156941
-0.155962
-0.154923
-0.153838
-0.152725
-0.151606
-0.150506
-0.149452
-0.148469
-0.147578
-0.146793
-0.146123
-0.145583
-0.145194
-0.144983
-0.144985
-0.145229
-0.145742
-0.146539
-0.147629
-0.149013
-0.150687
-0.152646
-0.154881
-0.157382
-0.160143
-0.163153
-0.166406
-0.169894
-0.173612
-0.177552
-0.181713
-0.186086
-0.190671
-0.195463
-0.200458
-0.205654
-0.211048
-0.216637
-0.222419
-0.228391
-0.234552
-0.240896
-0.247424
-0.25413
-0.261014
-0.268069
-0.275278
-0.282652
-0.290275
-0.29814
-0.306183
-0.314399
-0.322788
-0.331345
-0.340069
-0.348955
-0.358001
-0.3672
-0.376551
-0.386045
-0.39568
-0.405445
-0.415338
-0.425347
-0.435467
-0.445684
-0.455991
-0.466373
-0.476821
-0.487315
-0.497844
-0.508386
-0.518926
-0.529438
-0.539903
-0.550291
-0.56058
-0.570733
-0.580722
-0.590508
-0.600056
-0.60932
-0.61826
-0.626823
-0.634964
-0.642622
-0.649745
-0.656268
-0.662131
-0.667262
-0.671596
-0.675054
-0.677568
-0.679053
-0.679437
-0.678634
-0.676566
-0.67315
-0.668308
-0.661956
-0.654022
-0.644427
-0.633106
-0.61999
-0.605024
-0.588153
-0.569337
-0.548541
-0.525744
-0.500932
-0.474107
-0.44528
-0.414465
-0.381696
-0.34703
-0.310544
-0.272326
-0.232483
-0.191134
-0.148411
-0.104456
-0.0594212
-0.0134631
0.0332531
0.0805631
0.128298
0.176292
0.224381
0.272407
0.320215
0.36766
0.414602
0.460914
0.506477
0.551183
0.594934
0.637647
0.679245
0.719665
0.758856
0.796776
0.833392
0.868685
0.902641
0.935255
0.966537
0.996493
1.02506
1.05224
1.08031
1.32713
1.19332
1.1368
1.13429
1.16498
1.2141
1.27218
1.33304
1.39265
1.44845
1.49889
1.54315
1.58094
1.61235
1.63772
1.65754
1.67241
1.68297
1.68986
1.69369
1.69502
1.69436
1.69217
1.68883
1.68468
1.68
1.67501
1.6699
1.66481
1.65985
1.65511
1.65066
1.64652
1.64274
1.63931
1.63626
1.63357
1.63123
1.62923
1.62755
1.62618
1.62508
1.62425
1.62365
1.62326
1.62307
1.62304
1.62314
1.62335
1.62364
1.62398
1.62432
1.62465
1.62493
1.62512
1.62521
1.62518
1.62503
1.62476
1.62439
1.62393
1.62342
1.62291
1.62241
1.62198
1.62163
1.62138
1.62122
1.62114
1.62112
1.62112
1.62108
1.62099
1.621
1.62113
1.62114
1.62109
1.62109
1.62108
1.62108
1.25126
1.17448
1.12999
1.13482
1.16804
1.21722
1.27414
1.33331
1.39111
1.44518
1.49411
1.53713
1.57399
1.60476
1.62974
1.64943
1.66437
1.67515
1.68239
1.68665
1.68848
1.68836
1.68672
1.68393
1.68031
1.67614
1.67163
1.66696
1.66228
1.65769
1.65329
1.64913
1.64526
1.6417
1.63848
1.63559
1.63304
1.63082
1.62892
1.62732
1.626
1.62495
1.62415
1.62357
1.62319
1.623
1.62297
1.62306
1.62326
1.62354
1.62386
1.62419
1.62451
1.62477
1.62496
1.62504
1.62502
1.62487
1.62461
1.62425
1.62381
1.62332
1.62282
1.62235
1.62194
1.6216
1.62136
1.62122
1.62114
1.62112
1.62112
1.62109
1.62099
1.621
1.62112
1.62114
1.62109
1.62109
1.62108
1.62108
1.1979
1.15765
1.11964
1.12822
1.161
1.20842
1.26325
1.32044
1.37656
1.42934
1.47739
1.51995
1.55671
1.5877
1.61319
1.63358
1.64939
1.66117
1.66947
1.67483
1.67776
1.67872
1.67812
1.67632
1.67364
1.67033
1.66661
1.66266
1.65863
1.65462
1.65073
1.64702
1.64354
1.64032
1.63738
1.63473
1.63238
1.63032
1.62854
1.62703
1.62578
1.62478
1.624
1.62344
1.62306
1.62286
1.62281
1.62288
1.62306
1.62331
1.62361
1.62392
1.62421
1.62446
1.62465
1.62473
1.62472
1.62459
1.62435
1.62402
1.62361
1.62316
1.6227
1.62226
1.62188
1.62157
1.62135
1.62121
1.62114
1.62112
1.62112
1.62109
1.62099
1.621
1.62112
1.62114
1.62109
1.62109
1.62108
1.62108
1.15302
1.12903
1.1014
1.11593
1.14978
1.19668
1.25031
1.30616
1.36108
1.41294
1.46042
1.50273
1.53957
1.57091
1.59699
1.61816
1.63489
1.64768
1.65704
1.66349
1.66751
1.66952
1.66994
1.6691
1.66731
1.66482
1.66186
1.65859
1.65517
1.65171
1.6483
1.64502
1.6419
1.639
1.63632
1.6339
1.63173
1.62981
1.62815
1.62673
1.62554
1.62458
1.62383
1.62327
1.62289
1.62268
1.62261
1.62267
1.62282
1.62305
1.62332
1.62361
1.62389
1.62414
1.62431
1.62441
1.62441
1.6243
1.62409
1.62379
1.62342
1.623
1.62258
1.62218
1.62182
1.62154
1.62133
1.62121
1.62114
1.62112
1.62113
1.62109
1.62099
1.621
1.62112
1.62114
1.62109
1.62109
1.62108
1.62108
1.10834
1.09367
1.07995
1.10188
1.13838
1.1861
1.2395
1.29468
1.34882
1.39999
1.44695
1.48898
1.52576
1.55728
1.58372
1.60542
1.62281
1.63635
1.64653
1.65383
1.65871
1.66158
1.66282
1.66277
1.66173
1.65994
1.65762
1.65494
1.65205
1.64906
1.64607
1.64316
1.64037
1.63774
1.6353
1.63308
1.63107
1.62929
1.62774
1.6264
1.62527
1.62435
1.62362
1.62308
1.62271
1.62249
1.6224
1.62244
1.62257
1.62278
1.62304
1.62332
1.62359
1.62382
1.624
1.6241
1.62411
1.62403
1.62384
1.62358
1.62324
1.62286
1.62247
1.6221
1.62177
1.62151
1.62132
1.6212
1.62114
1.62112
1.62113
1.6211
1.621
1.62099
1.62112
1.62114
1.62109
1.62109
1.62108
1.62108
1.06612
1.05782
1.05874
1.08787
1.12774
1.17702
1.23076
1.28568
1.3393
1.38991
1.43637
1.47804
1.51464
1.54615
1.57275
1.59476
1.61258
1.62665
1.63744
1.6454
1.65095
1.65451
1.65644
1.65705
1.65664
1.65545
1.65369
1.65152
1.6491
1.64654
1.64393
1.64136
1.63886
1.63649
1.63428
1.63224
1.6304
1.62875
1.62729
1.62603
1.62497
1.62409
1.62339
1.62286
1.62249
1.62227
1.62218
1.6222
1.62232
1.62252
1.62276
1.62302
1.62329
1.62352
1.6237
1.62381
1.62384
1.62377
1.62361
1.62338
1.62307
1.62273
1.62237
1.62203
1.62173
1.62149
1.62131
1.6212
1.62114
1.62112
1.62113
1.6211
1.621
1.62099
1.62112
1.62114
1.6211
1.62109
1.62108
1.62108
1.02824
1.02402
1.03906
1.07471
1.11827
1.16946
1.22386
1.27877
1.33204
1.38215
1.42812
1.46937
1.50568
1.53704
1.56364
1.58578
1.60386
1.61829
1.62951
1.63796
1.64405
1.64817
1.65066
1.65183
1.65196
1.65129
1.65001
1.64831
1.64631
1.64413
1.64187
1.6396
1.63738
1.63526
1.63325
1.63139
1.62969
1.62817
1.62681
1.62564
1.62463
1.6238
1.62313
1.62262
1.62226
1.62204
1.62194
1.62196
1.62207
1.62225
1.62248
1.62273
1.62299
1.62322
1.62341
1.62353
1.62357
1.62352
1.62339
1.62318
1.62291
1.6226
1.62228
1.62196
1.62168
1.62146
1.6213
1.62119
1.62114
1.62112
1.62113
1.62111
1.621
1.62099
1.62111
1.62114
1.6211
1.62109
1.62108
1.62108
0.994881
0.993392
1.0215
1.06299
1.11033
1.16355
1.2188
1.27385
1.32685
1.3765
1.42195
1.46272
1.49864
1.52972
1.55618
1.57831
1.59649
1.61113
1.62264
1.63145
1.63795
1.6425
1.64545
1.64708
1.64767
1.64745
1.6466
1.64529
1.64366
1.64183
1.63989
1.6379
1.63594
1.63403
1.63222
1.63053
1.62897
1.62756
1.62631
1.62521
1.62426
1.62347
1.62284
1.62235
1.622
1.62178
1.62169
1.6217
1.6218
1.62197
1.62219
1.62244
1.62269
1.62293
1.62312
1.62325
1.62331
1.62328
1.62318
1.623
1.62276
1.62248
1.62218
1.6219
1.62164
1.62144
1.62129
1.62119
1.62114
1.62112
1.62113
1.62111
1.621
1.62098
1.62111
1.62114
1.6211
1.62109
1.62108
1.62108
0.965888
0.966464
1.00639
1.05308
1.10412
1.15937
1.21551
1.27076
1.32353
1.37272
1.41762
1.45785
1.49329
1.524
1.55019
1.57218
1.59034
1.60505
1.61673
1.62577
1.63256
1.63745
1.64076
1.64277
1.64375
1.6439
1.64341
1.64246
1.64116
1.63964
1.63798
1.63625
1.63452
1.63282
1.63119
1.62966
1.62823
1.62694
1.62578
1.62475
1.62387
1.62312
1.62252
1.62206
1.62172
1.62151
1.62142
1.62143
1.62152
1.62169
1.62191
1.62215
1.62241
1.62264
1.62284
1.62298
1.62306
1.62305
1.62297
1.62282
1.62261
1.62236
1.6221
1.62183
1.6216
1.62142
1.62128
1.62119
1.62114
1.62112
1.62113
1.62111
1.621
1.62098
1.62111
1.62114
1.6211
1.62109
1.62108
1.62108
0.941437
0.943385
0.993873
1.04517
1.09972
1.15688
1.2139
1.26934
1.32187
1.37057
1.41488
1.4545
1.48938
1.51962
1.54546
1.5672
1.58521
1.59989
1.61163
1.62081
1.6278
1.63294
1.63653
1.63885
1.64013
1.6406
1.64044
1.63979
1.63879
1.63754
1.63614
1.63465
1.63313
1.63162
1.63016
1.62877
1.62748
1.62629
1.62522
1.62427
1.62344
1.62275
1.62218
1.62174
1.62142
1.62123
1.62114
1.62115
1.62124
1.62141
1.62162
1.62187
1.62212
1.62236
1.62257
1.62273
1.62282
1.62283
1.62278
1.62265
1.62247
1.62225
1.62201
1.62178
1.62157
1.62139
1.62127
1.62118
1.62114
1.62112
1.62114
1.62111
1.621
1.62098
1.62111
1.62114
1.6211
1.62109
1.62108
1.62108
0.921471
0.924098
0.983977
1.03933
1.09711
1.156
1.21381
1.2694
1.32164
1.36981
1.41348
1.45243
1.48669
1.51638
1.54177
1.56318
1.58097
1.59553
1.60724
1.61647
1.62358
1.62889
1.63269
1.63525
1.6368
1.63754
1.63765
1.63727
1.63653
1.63553
1.63435
1.63308
1.63175
1.63042
1.62912
1.62787
1.6267
1.62562
1.62463
1.62376
1.62299
1.62235
1.62182
1.6214
1.62111
1.62092
1.62084
1.62086
1.62096
1.62112
1.62134
1.62159
1.62185
1.62209
1.62231
1.62248
1.62259
1.62263
1.62259
1.6225
1.62234
1.62215
1.62194
1.62172
1.62153
1.62137
1.62126
1.62118
1.62114
1.62112
1.62114
1.62112
1.621
1.62098
1.62111
1.62114
1.6211
1.62109
1.62108
1.62108
0.905694
0.908434
0.976653
1.03555
1.09623
1.15662
1.21511
1.27075
1.32264
1.37023
1.4132
1.45144
1.48501
1.51409
1.53896
1.55996
1.57746
1.59182
1.60343
1.61265
1.61981
1.62523
1.62919
1.63194
1.6337
1.63467
1.63501
1.63487
1.63436
1.63358
1.63262
1.63154
1.6304
1.62923
1.62808
1.62696
1.62591
1.62492
1.62403
1.62322
1.62252
1.62192
1.62143
1.62105
1.62077
1.62061
1.62054
1.62056
1.62067
1.62084
1.62106
1.62131
1.62157
1.62183
1.62206
1.62224
1.62237
1.62243
1.62242
1.62235
1.62222
1.62205
1.62186
1.62167
1.6215
1.62136
1.62125
1.62118
1.62114
1.62112
1.62114
1.62112
1.621
1.62098
1.62111
1.62114
1.6211
1.62109
1.62108
1.62108
0.893805
0.896202
0.971817
1.03377
1.09699
1.15865
1.21765
1.27324
1.32471
1.37165
1.41387
1.45133
1.48416
1.51257
1.53688
1.55741
1.57455
1.58866
1.60012
1.60926
1.61642
1.6219
1.62597
1.62887
1.63081
1.63197
1.63251
1.63258
1.63227
1.6317
1.63093
1.63003
1.62905
1.62804
1.62703
1.62604
1.62509
1.62421
1.62339
1.62266
1.62202
1.62147
1.62102
1.62067
1.62042
1.62027
1.62022
1.62025
1.62037
1.62055
1.62077
1.62103
1.6213
1.62157
1.62181
1.62201
1.62215
1.62223
1.62225
1.6222
1.6221
1.62196
1.62179
1.62162
1.62147
1.62134
1.62124
1.62117
1.62114
1.62112
1.62114
1.62112
1.621
1.62098
1.62111
1.62114
1.6211
1.62109
1.62108
1.62108
0.885517
0.887206
0.969359
1.03391
1.09929
1.16196
1.22131
1.27672
1.32768
1.3739
1.41531
1.45194
1.48398
1.51169
1.53538
1.5554
1.57214
1.58595
1.59721
1.60623
1.61335
1.61885
1.62299
1.626
1.62808
1.6294
1.63012
1.63037
1.63025
1.62986
1.62927
1.62853
1.62772
1.62685
1.62597
1.6251
1.62426
1.62347
1.62274
1.62208
1.62149
1.62099
1.62059
1.62027
1.62005
1.61992
1.61989
1.61994
1.62006
1.62025
1.62049
1.62076
1.62104
1.62132
1.62157
1.62179
1.62195
1.62205
1.62209
1.62207
1.62199
1.62187
1.62173
1.62158
1.62144
1.62132
1.62123
1.62117
1.62114
1.62112
1.62114
1.62112
1.621
1.62098
1.62111
1.62114
1.6211
1.62109
1.62108
1.62108
0.880568
0.88126
0.969164
1.03586
1.10304
1.16646
1.22597
1.28107
1.33141
1.37685
1.41738
1.45315
1.48436
1.51132
1.53435
1.55384
1.57013
1.58361
1.59463
1.6035
1.61055
1.61604
1.62021
1.6233
1.62549
1.62696
1.62783
1.62824
1.62829
1.62806
1.62763
1.62706
1.62638
1.62566
1.6249
1.62415
1.62341
1.62271
1.62206
1.62147
1.62094
1.6205
1.62013
1.61985
1.61966
1.61956
1.61955
1.61961
1.61975
1.61995
1.6202
1.62048
1.62078
1.62107
1.62134
1.62157
1.62175
1.62188
1.62194
1.62194
1.62188
1.62179
1.62167
1.62154
1.62141
1.62131
1.62122
1.62117
1.62114
1.62112
1.62114
1.62112
1.621
1.62098
1.62111
1.62114
1.6211
1.62109
1.62108
1.62108
0.87871
0.878186
0.971109
1.03952
1.10814
1.17204
1.23151
1.28616
1.33578
1.38036
1.41997
1.45482
1.48517
1.51135
1.5337
1.55261
1.56845
1.58157
1.59232
1.60101
1.60795
1.6134
1.6176
1.62074
1.62303
1.6246
1.62561
1.62617
1.62637
1.62629
1.62601
1.62559
1.62505
1.62446
1.62382
1.62318
1.62254
1.62193
1.62136
1.62084
1.62037
1.61998
1.61966
1.61942
1.61926
1.61919
1.6192
1.61928
1.61944
1.61965
1.61992
1.62021
1.62052
1.62082
1.62111
1.62136
1.62156
1.62171
1.62179
1.62181
1.62178
1.62171
1.62161
1.6215
1.62139
1.62129
1.62122
1.62116
1.62114
1.62112
1.62114
1.62112
1.621
1.62097
1.62111
1.62114
1.6211
1.62109
1.62108
1.62108
0.87972
0.877829
0.975077
1.04479
1.11448
1.1786
1.23784
1.29188
1.34069
1.38433
1.42297
1.45686
1.48632
1.51169
1.53335
1.55166
1.56701
1.57975
1.59021
1.59871
1.60553
1.61092
1.61511
1.61829
1.62065
1.62233
1.62346
1.62414
1.62448
1.62455
1.62441
1.62412
1.62372
1.62325
1.62273
1.62219
1.62165
1.62113
1.62063
1.62018
1.61978
1.61944
1.61917
1.61897
1.61884
1.6188
1.61883
1.61894
1.61912
1.61935
1.61963
1.61994
1.62026
1.62058
1.62089
1.62116
1.62138
1.62154
1.62165
1.6217
1.62169
1.62164
1.62156
1.62146
1.62136
1.62128
1.62121
1.62116
1.62114
1.62112
1.62114
1.62112
1.621
1.62097
1.62111
1.62114
1.6211
1.62109
1.62108
1.62108
0.883392
0.880038
0.980945
1.05157
1.12196
1.18604
1.24485
1.29815
1.34604
1.38867
1.42628
1.45918
1.48772
1.51227
1.5332
1.55091
1.56577
1.57811
1.58827
1.59656
1.60324
1.60855
1.61272
1.61593
1.61835
1.62011
1.62135
1.62216
1.62262
1.62282
1.62282
1.62266
1.62238
1.62203
1.62162
1.62119
1.62074
1.62031
1.61989
1.61951
1.61917
1.61888
1.61866
1.6185
1.61841
1.6184
1.61846
1.61859
1.61879
1.61904
1.61934
1.61966
1.62001
1.62035
1.62067
1.62096
1.6212
1.62139
1.62151
1.62158
1.6216
1.62157
1.6215
1.62142
1.62134
1.62127
1.6212
1.62116
1.62114
1.62112
1.62114
1.62112
1.621
1.62097
1.62111
1.62114
1.6211
1.62109
1.62108
1.62108
0.889541
0.884682
0.988599
1.05974
1.1305
1.19428
1.25246
1.30488
1.35174
1.39329
1.42983
1.46171
1.48931
1.51302
1.53322
1.55032
1.56466
1.5766
1.58646
1.59452
1.60105
1.60628
1.61042
1.61364
1.61611
1.61795
1.61928
1.6202
1.62078
1.62111
1.62123
1.62119
1.62104
1.6208
1.6205
1.62017
1.61982
1.61946
1.61912
1.61881
1.61853
1.6183
1.61813
1.61801
1.61796
1.61798
1.61807
1.61823
1.61845
1.61873
1.61904
1.61939
1.61975
1.62011
1.62045
1.62076
1.62102
1.62123
1.62138
1.62147
1.62151
1.6215
1.62145
1.62139
1.62132
1.62125
1.6212
1.62116
1.62113
1.62112
1.62114
1.62112
1.621
1.62097
1.62111
1.62114
1.6211
1.62109
1.62108
1.62108
0.897987
0.891628
0.997917
1.0692
1.13998
1.20321
1.26058
1.31198
1.35772
1.39813
1.43355
1.46438
1.49102
1.51388
1.53335
1.54982
1.56365
1.57518
1.58473
1.59256
1.59894
1.60408
1.60817
1.6114
1.61391
1.61582
1.61724
1.61826
1.61896
1.6194
1.61964
1.61973
1.61969
1.61956
1.61937
1.61913
1.61887
1.6186
1.61834
1.6181
1.61788
1.61771
1.61758
1.61751
1.6175
1.61756
1.61768
1.61787
1.61811
1.61841
1.61875
1.61912
1.6195
1.61988
1.62024
1.62057
1.62085
1.62108
1.62126
1.62137
1.62142
1.62143
1.62141
1.62136
1.6213
1.62124
1.62119
1.62115
1.62113
1.62112
1.62114
1.62112
1.621
1.62097
1.62111
1.62114
1.6211
1.62109
1.62108
1.62108
0.908568
0.900752
1.00878
1.07984
1.15032
1.21276
1.26913
1.31938
1.36391
1.40311
1.43737
1.46713
1.4928
1.5148
1.53353
1.54938
1.5627
1.57383
1.58306
1.59066
1.59688
1.60192
1.60597
1.6092
1.61174
1.61372
1.61522
1.61634
1.61714
1.6177
1.61806
1.61826
1.61833
1.61831
1.61822
1.61808
1.61791
1.61772
1.61754
1.61736
1.61721
1.61709
1.61702
1.61699
1.61703
1.61712
1.61727
1.61749
1.61777
1.61809
1.61845
1.61884
1.61925
1.61965
1.62003
1.62038
1.62069
1.62094
1.62113
1.62127
1.62134
1.62137
1.62136
1.62133
1.62128
1.62123
1.62119
1.62115
1.62113
1.62112
1.62114
1.62112
1.621
1.62097
1.62111
1.62114
1.6211
1.62109
1.62108
1.62108
0.921118
0.911922
1.02106
1.09156
1.16141
1.22283
1.27803
1.327
1.37024
1.40817
1.44125
1.46991
1.4946
1.51574
1.53374
1.54897
1.56178
1.5725
1.58142
1.58879
1.59485
1.59979
1.6038
1.60703
1.6096
1.61163
1.61321
1.61442
1.61533
1.616
1.61647
1.61678
1.61696
1.61705
1.61706
1.61701
1.61693
1.61683
1.61672
1.61661
1.61652
1.61646
1.61644
1.61646
1.61654
1.61667
1.61686
1.61711
1.61741
1.61776
1.61815
1.61857
1.61899
1.61942
1.61982
1.62019
1.62052
1.6208
1.62101
1.62117
1.62126
1.62131
1.62132
1.6213
1.62126
1.62122
1.62118
1.62115
1.62113
1.62113
1.62114
1.62112
1.621
1.62097
1.62111
1.62114
1.6211
1.62109
1.62108
1.62108
0.935482
0.925008
1.03464
1.10423
1.17316
1.23333
1.2872
1.33477
1.37665
1.41327
1.44512
1.47268
1.49639
1.51667
1.53393
1.54855
1.56086
1.57118
1.57979
1.58694
1.59284
1.59769
1.60165
1.60487
1.60747
1.60956
1.61121
1.61251
1.61352
1.6143
1.61487
1.61529
1.61558
1.61577
1.61588
1.61593
1.61593
1.61591
1.61588
1.61584
1.61582
1.61582
1.61585
1.61592
1.61604
1.61621
1.61644
1.61672
1.61706
1.61744
1.61785
1.61829
1.61874
1.61919
1.61961
1.62001
1.62036
1.62066
1.6209
1.62107
1.62119
1.62125
1.62127
1.62127
1.62124
1.62121
1.62118
1.62115
1.62113
1.62113
1.62114
1.62112
1.621
1.62097
1.62111
1.62114
1.6211
1.62109
1.62108
1.62108
0.951496
0.939863
1.04935
1.11773
1.18544
1.24416
1.29655
1.34264
1.38307
1.41835
1.44895
1.4754
1.49812
1.51755
1.53409
1.5481
1.55992
1.56985
1.57816
1.58508
1.59083
1.59559
1.59951
1.60272
1.60535
1.60749
1.60922
1.61061
1.61171
1.61259
1.61327
1.6138
1.61419
1.61448
1.61469
1.61483
1.61492
1.61498
1.61503
1.61506
1.6151
1.61516
1.61524
1.61536
1.61553
1.61574
1.61601
1.61633
1.61669
1.6171
1.61754
1.61801
1.61849
1.61896
1.61941
1.61983
1.6202
1.62052
1.62078
1.62098
1.62111
1.6212
1.62123
1.62124
1.62122
1.6212
1.62117
1.62115
1.62113
1.62113
1.62114
1.62112
1.621
1.62097
1.62111
1.62114
1.6211
1.62109
1.62108
1.62108
0.968999
0.956335
1.06507
1.13194
1.19815
1.25525
1.30602
1.35053
1.38947
1.42336
1.45271
1.47803
1.49978
1.51837
1.53418
1.5476
1.55894
1.56849
1.57651
1.58322
1.58882
1.59349
1.59736
1.60058
1.60323
1.60542
1.60722
1.6087
1.6099
1.61088
1.61167
1.61229
1.61279
1.61318
1.61349
1.61372
1.6139
1.61404
1.61416
1.61426
1.61437
1.61449
1.61463
1.6148
1.61501
1.61527
1.61557
1.61592
1.61632
1.61676
1.61724
1.61773
1.61823
1.61873
1.61921
1.61965
1.62005
1.62039
1.62067
1.62089
1.62104
1.62114
1.62119
1.62121
1.62121
1.62119
1.62117
1.62114
1.62113
1.62113
1.62114
1.62112
1.621
1.62097
1.6211
1.62114
1.6211
1.62109
1.62108
1.62108
0.987832
0.97426
1.08162
1.14674
1.21122
1.26651
1.31553
1.35836
1.39575
1.42823
1.45633
1.48054
1.50132
1.51908
1.53419
1.54704
1.55791
1.56709
1.57482
1.58133
1.58679
1.59137
1.59521
1.59842
1.60111
1.60336
1.60523
1.60679
1.60809
1.60916
1.61005
1.61078
1.61138
1.61187
1.61227
1.6126
1.61286
1.61308
1.61327
1.61345
1.61362
1.6138
1.614
1.61422
1.61448
1.61478
1.61513
1.61552
1.61595
1.61642
1.61693
1.61745
1.61798
1.6185
1.619
1.61947
1.61989
1.62025
1.62056
1.6208
1.62097
1.62109
1.62116
1.62119
1.62119
1.62118
1.62116
1.62114
1.62113
1.62113
1.62114
1.62112
1.621
1.62097
1.6211
1.62113
1.6211
1.62109
1.62108
1.62108
1.00798
0.993601
1.09893
1.16203
1.22451
1.27782
1.32496
1.36604
1.40184
1.43289
1.45974
1.48285
1.50268
1.51964
1.5341
1.54639
1.5568
1.56564
1.5731
1.57941
1.58474
1.58925
1.59305
1.59627
1.59899
1.60128
1.60323
1.60488
1.60627
1.60744
1.60843
1.60927
1.60997
1.61055
1.61105
1.61146
1.61181
1.61211
1.61238
1.61263
1.61286
1.6131
1.61336
1.61363
1.61394
1.61429
1.61467
1.6151
1.61557
1.61608
1.61661
1.61716
1.61772
1.61827
1.6188
1.61929
1.61974
1.62012
1.62045
1.62071
1.6209
1.62103
1.62112
1.62116
1.62117
1.62117
1.62116
1.62114
1.62113
1.62113
1.62114
1.62112
1.621
1.62097
1.6211
1.62113
1.6211
1.62109
1.62108
1.62108
1.02949
1.01418
1.11672
1.17761
1.23782
1.28901
1.33419
1.37348
1.40767
1.43728
1.46288
1.4849
1.50381
1.52
1.53384
1.54561
1.55562
1.56412
1.57133
1.57745
1.58266
1.5871
1.59088
1.5941
1.59685
1.59921
1.60123
1.60296
1.60444
1.60571
1.60681
1.60774
1.60854
1.60922
1.60981
1.61031
1.61075
1.61113
1.61148
1.61179
1.6121
1.6124
1.61271
1.61304
1.61339
1.61378
1.61421
1.61468
1.61519
1.61573
1.6163
1.61688
1.61747
1.61804
1.6186
1.61911
1.61958
1.61999
1.62034
1.62062
1.62083
1.62098
1.62108
1.62113
1.62116
1.62116
1.62115
1.62114
1.62113
1.62113
1.62114
1.62112
1.621
1.62097
1.6211
1.62113
1.6211
1.62109
1.62108
1.62108
1.05179
1.03559
1.13472
1.19325
1.25101
1.29999
1.34314
1.38062
1.41319
1.44139
1.46574
1.48671
1.50472
1.52016
1.53338
1.54466
1.5543
1.5625
1.5695
1.57546
1.58056
1.58493
1.58868
1.59192
1.59471
1.59713
1.59922
1.60103
1.60261
1.60398
1.60517
1.60621
1.60711
1.60789
1.60857
1.60916
1.60968
1.61014
1.61056
1.61095
1.61132
1.61168
1.61205
1.61243
1.61284
1.61328
1.61375
1.61426
1.6148
1.61538
1.61598
1.61659
1.61721
1.61781
1.61839
1.61894
1.61943
1.61987
1.62023
1.62053
1.62077
1.62093
1.62104
1.62111
1.62114
1.62115
1.62115
1.62114
1.62113
1.62113
1.62114
1.62112
1.621
1.62097
1.6211
1.62113
1.6211
1.62109
1.62108
1.62108
1.07441
1.05744
1.15272
1.20877
1.26394
1.31064
1.35174
1.38739
1.41836
1.44515
1.4683
1.48825
1.5054
1.52012
1.53275
1.54357
1.55284
1.56077
1.56758
1.57341
1.57841
1.58273
1.58647
1.58972
1.59256
1.59504
1.59721
1.59911
1.60078
1.60225
1.60354
1.60467
1.60567
1.60654
1.60732
1.608
1.6086
1.60914
1.60964
1.61009
1.61053
1.61096
1.61138
1.61182
1.61228
1.61276
1.61328
1.61383
1.61441
1.61503
1.61566
1.61631
1.61695
1.61759
1.61819
1.61876
1.61928
1.61974
1.62013
1.62045
1.6207
1.62088
1.62101
1.62109
1.62113
1.62114
1.62114
1.62114
1.62113
1.62113
1.62114
1.62112
1.621
1.62097
1.6211
1.62113
1.6211
1.62109
1.62108
1.62108
1.09699
1.07945
1.17055
1.22402
1.2765
1.32089
1.35992
1.39376
1.42314
1.44857
1.47055
1.4895
1.50583
1.51988
1.53196
1.54233
1.55126
1.55893
1.56556
1.57128
1.57622
1.58051
1.58424
1.58752
1.5904
1.59294
1.59519
1.59718
1.59894
1.60051
1.6019
1.60313
1.60423
1.6052
1.60606
1.60683
1.60752
1.60814
1.60871
1.60923
1.60974
1.61022
1.61071
1.6112
1.61171
1.61224
1.61281
1.6134
1.61402
1.61467
1.61534
1.61602
1.61669
1.61736
1.61799
1.61859
1.61913
1.61961
1.62003
1.62037
1.62063
1.62083
1.62097
1.62106
1.62111
1.62113
1.62114
1.62113
1.62113
1.62113
1.62114
1.62112
1.621
1.62097
1.6211
1.62113
1.6211
1.62109
1.62108
1.62108
1.11916
1.10133
1.188
1.23882
1.28856
1.33064
1.36761
1.39966
1.42749
1.4516
1.47245
1.49046
1.50601
1.51942
1.53098
1.54095
1.54956
1.557
1.56346
1.56907
1.57396
1.57824
1.582
1.5853
1.58823
1.59084
1.59317
1.59524
1.5971
1.59877
1.60026
1.60159
1.60278
1.60384
1.6048
1.60565
1.60642
1.60712
1.60777
1.60837
1.60894
1.60949
1.61003
1.61058
1.61114
1.61172
1.61233
1.61296
1.61363
1.61431
1.61502
1.61573
1.61644
1.61713
1.61779
1.61841
1.61898
1.61949
1.61992
1.62028
1.62057
1.62079
1.62094
1.62104
1.6211
1.62113
1.62113
1.62113
1.62113
1.62113
1.62114
1.62112
1.621
1.62097
1.6211
1.62113
1.6211
1.62109
1.62108
1.62108
1.14063
1.12282
1.2049
1.25304
1.30003
1.33981
1.37476
1.40506
1.43139
1.45423
1.47401
1.49113
1.50593
1.51874
1.52982
1.53942
1.54774
1.55498
1.56129
1.56681
1.57165
1.57593
1.57971
1.58307
1.58605
1.58873
1.59114
1.59331
1.59527
1.59703
1.59862
1.60004
1.60133
1.60249
1.60353
1.60448
1.60533
1.60611
1.60683
1.6075
1.60813
1.60874
1.60935
1.60995
1.61056
1.6112
1.61185
1.61253
1.61323
1.61395
1.61469
1.61544
1.61618
1.6169
1.61759
1.61824
1.61883
1.61936
1.61982
1.6202
1.62051
1.62074
1.62091
1.62102
1.62108
1.62112
1.62113
1.62113
1.62113
1.62113
1.62113
1.62112
1.621
1.62097
1.6211
1.62113
1.6211
1.62109
1.62108
1.62108
1.16107
1.14367
1.22107
1.26653
1.3108
1.34833
1.3813
1.40992
1.43482
1.45644
1.4752
1.49148
1.5056
1.51785
1.52849
1.53774
1.54581
1.55286
1.55904
1.56449
1.5693
1.57358
1.57739
1.58081
1.58387
1.58662
1.58912
1.59138
1.59343
1.59529
1.59697
1.5985
1.59988
1.60114
1.60227
1.6033
1.60423
1.60509
1.60588
1.60662
1.60732
1.608
1.60866
1.60932
1.60999
1.61067
1.61137
1.61209
1.61283
1.61359
1.61437
1.61515
1.61592
1.61667
1.61739
1.61807
1.61869
1.61924
1.61972
1.62012
1.62045
1.62069
1.62087
1.62099
1.62107
1.62111
1.62112
1.62113
1.62113
1.62113
1.62113
1.62112
1.621
1.62097
1.6211
1.62113
1.6211
1.62109
1.62108
1.62108
1.18023
1.16367
1.23636
1.27918
1.32079
1.35613
1.38721
1.41421
1.43775
1.45822
1.47603
1.49152
1.505
1.51674
1.52698
1.53592
1.54376
1.55065
1.55673
1.56212
1.56692
1.5712
1.57506
1.57853
1.58167
1.58451
1.58709
1.58945
1.59159
1.59355
1.59534
1.59696
1.59844
1.59978
1.601
1.60212
1.60314
1.60407
1.60494
1.60575
1.60651
1.60725
1.60797
1.60869
1.60941
1.61014
1.61088
1.61165
1.61243
1.61323
1.61404
1.61486
1.61566
1.61644
1.61719
1.6179
1.61854
1.61912
1.61962
1.62004
1.62038
1.62065
1.62084
1.62097
1.62106
1.6211
1.62112
1.62113
1.62113
1.62113
1.62113
1.62112
1.621
1.62097
1.6211
1.62113
1.6211
1.62109
1.62108
1.62108
1.19787
1.18259
1.25062
1.29087
1.32992
1.36317
1.39243
1.41792
1.44017
1.45957
1.47649
1.49126
1.50415
1.51542
1.5253
1.53397
1.54161
1.54836
1.55436
1.5597
1.56449
1.5688
1.5727
1.57624
1.57946
1.58239
1.58507
1.58752
1.58977
1.59182
1.5937
1.59542
1.597
1.59843
1.59974
1.60094
1.60204
1.60305
1.60399
1.60487
1.6057
1.6065
1.60728
1.60805
1.60882
1.6096
1.6104
1.61121
1.61203
1.61287
1.61372
1.61457
1.6154
1.61622
1.617
1.61773
1.6184
1.619
1.61952
1.61996
1.62032
1.6206
1.62081
1.62095
1.62104
1.62109
1.62112
1.62112
1.62113
1.62113
1.62113
1.62112
1.621
1.62097
1.6211
1.62113
1.6211
1.62109
1.62108
1.62108
1.2138
1.20029
1.26373
1.30153
1.33814
1.36941
1.39697
1.42102
1.44207
1.46048
1.47659
1.49069
1.50305
1.5139
1.52345
1.53188
1.53935
1.54599
1.55192
1.55724
1.56204
1.56638
1.57034
1.57394
1.57724
1.58027
1.58305
1.5856
1.58794
1.5901
1.59208
1.59389
1.59556
1.59708
1.59848
1.59976
1.60094
1.60203
1.60304
1.60399
1.60489
1.60575
1.60659
1.60742
1.60824
1.60907
1.60991
1.61076
1.61163
1.61251
1.6134
1.61428
1.61515
1.61599
1.6168
1.61756
1.61825
1.61888
1.61943
1.61989
1.62026
1.62056
1.62078
1.62093
1.62103
1.62109
1.62111
1.62112
1.62112
1.62113
1.62113
1.62112
1.62099
1.62097
1.6211
1.62113
1.6211
1.62109
1.62108
1.62108
1.22785
1.21659
1.27559
1.31108
1.34539
1.37481
1.40079
1.42352
1.44347
1.46096
1.47632
1.48982
1.50171
1.51218
1.52145
1.52967
1.537
1.54355
1.54943
1.55474
1.55956
1.56395
1.56796
1.57164
1.57503
1.57814
1.58102
1.58368
1.58612
1.58838
1.59046
1.59237
1.59413
1.59574
1.59723
1.59859
1.59985
1.60101
1.6021
1.60312
1.60408
1.60501
1.6059
1.60679
1.60766
1.60854
1.60943
1.61032
1.61123
1.61215
1.61307
1.61399
1.61489
1.61577
1.6166
1.61739
1.61811
1.61876
1.61933
1.61981
1.6202
1.62051
1.62075
1.62091
1.62101
1.62108
1.62111
1.62112
1.62112
1.62113
1.62113
1.62112
1.62099
1.62097
1.6211
1.62113
1.6211
1.62109
1.62108
1.62108
1.23991
1.23138
1.28614
1.31947
1.35167
1.37937
1.40389
1.42541
1.44435
1.46102
1.47572
1.48868
1.50013
1.51028
1.51931
1.52735
1.53456
1.54104
1.54689
1.55221
1.55706
1.5615
1.56558
1.56934
1.57282
1.57603
1.57901
1.58176
1.58431
1.58667
1.58885
1.59086
1.59271
1.59441
1.59598
1.59743
1.59876
1.6
1.60116
1.60224
1.60327
1.60426
1.60522
1.60615
1.60708
1.60801
1.60894
1.60988
1.61083
1.61179
1.61275
1.6137
1.61464
1.61554
1.61641
1.61722
1.61797
1.61864
1.61923
1.61973
1.62015
1.62047
1.62072
1.62089
1.621
1.62107
1.6211
1.62112
1.62112
1.62113
1.62113
1.62112
1.62099
1.62097
1.6211
1.62113
1.6211
1.62109
1.62108
1.62108
1.24991
1.24458
1.29531
1.32668
1.35693
1.38308
1.40627
1.4267
1.44474
1.46067
1.47477
1.48725
1.49834
1.50821
1.51702
1.52493
1.53204
1.53847
1.54432
1.54965
1.55454
1.55904
1.5632
1.56704
1.57061
1.57392
1.577
1.57986
1.58251
1.58497
1.58725
1.58935
1.59129
1.59309
1.59474
1.59627
1.59769
1.599
1.60022
1.60138
1.60247
1.60352
1.60453
1.60552
1.6065
1.60748
1.60846
1.60945
1.61044
1.61143
1.61243
1.61342
1.61438
1.61532
1.61622
1.61706
1.61783
1.61853
1.61914
1.61966
1.62009
1.62043
1.62069
1.62087
1.62099
1.62106
1.6211
1.62112
1.62112
1.62113
1.62113
1.62112
1.62099
1.62097
1.6211
1.62113
1.6211
1.62109
1.62108
1.62108
1.25783
1.25613
1.30309
1.33269
1.3612
1.38594
1.40795
1.42741
1.44465
1.45993
1.4735
1.48558
1.49634
1.50597
1.51462
1.52241
1.52945
1.53586
1.54171
1.54707
1.55202
1.55659
1.56082
1.56476
1.56842
1.57183
1.57501
1.57797
1.58073
1.58329
1.58566
1.58786
1.58989
1.59177
1.59351
1.59512
1.59661
1.598
1.5993
1.60051
1.60167
1.60278
1.60385
1.6049
1.60593
1.60695
1.60798
1.60901
1.61004
1.61108
1.61211
1.61313
1.61413
1.6151
1.61603
1.6169
1.61769
1.61841
1.61905
1.61959
1.62003
1.62039
1.62066
1.62085
1.62098
1.62105
1.6211
1.62111
1.62112
1.62113
1.62113
1.62112
1.62099
1.62097
1.6211
1.62113
1.6211
1.62109
1.62108
1.62108
1.26369
1.266
1.30945
1.33751
1.36447
1.38798
1.40895
1.42755
1.44409
1.45881
1.47193
1.48366
1.49416
1.50359
1.5121
1.5198
1.52681
1.5332
1.53907
1.54448
1.54949
1.55413
1.55845
1.56248
1.56624
1.56976
1.57304
1.5761
1.57896
1.58162
1.58409
1.58638
1.5885
1.59047
1.59229
1.59398
1.59555
1.59701
1.59837
1.59966
1.60088
1.60205
1.60318
1.60428
1.60536
1.60643
1.6075
1.60858
1.60965
1.61073
1.6118
1.61285
1.61389
1.61489
1.61584
1.61673
1.61756
1.6183
1.61896
1.61951
1.61998
1.62035
1.62063
1.62083
1.62096
1.62105
1.62109
1.62111
1.62112
1.62113
1.62113
1.62112
1.62099
1.62097
1.6211
1.62112
1.6211
1.62109
1.62108
1.62108
1.26756
1.27419
1.31444
1.34117
1.36678
1.38922
1.40929
1.42715
1.4431
1.45734
1.47008
1.48152
1.4918
1.50108
1.50948
1.51713
1.52411
1.53052
1.53642
1.54189
1.54696
1.55169
1.5561
1.56022
1.56409
1.5677
1.57109
1.57425
1.57721
1.57996
1.58253
1.58492
1.58713
1.58918
1.59109
1.59285
1.5945
1.59603
1.59746
1.59881
1.60009
1.60132
1.6025
1.60366
1.60479
1.60591
1.60703
1.60815
1.60926
1.61038
1.61148
1.61258
1.61364
1.61467
1.61565
1.61658
1.61742
1.61819
1.61887
1.61944
1.61992
1.62031
1.6206
1.62081
1.62095
1.62104
1.62109
1.62111
1.62112
1.62113
1.62113
1.62112
1.62099
1.62097
1.6211
1.62112
1.6211
1.62109
1.62108
1.62108
1.26952
1.28074
1.31808
1.3437
1.36817
1.38969
1.409
1.42625
1.4417
1.45554
1.46798
1.47917
1.48929
1.49845
1.50678
1.51439
1.52138
1.52781
1.53376
1.53929
1.54444
1.54925
1.55376
1.55799
1.56195
1.56567
1.56916
1.57242
1.57548
1.57833
1.58099
1.58347
1.58577
1.58791
1.5899
1.59174
1.59346
1.59506
1.59656
1.59797
1.59931
1.6006
1.60184
1.60305
1.60423
1.6054
1.60656
1.60772
1.60888
1.61003
1.61118
1.6123
1.6134
1.61446
1.61547
1.61642
1.61729
1.61808
1.61878
1.61937
1.61987
1.62027
1.62057
1.62079
1.62094
1.62103
1.62108
1.62111
1.62112
1.62113
1.62113
1.62112
1.62099
1.62097
1.6211
1.62112
1.6211
1.62109
1.62108
1.62108
1.26972
1.2857
1.32043
1.34515
1.36867
1.38945
1.40814
1.42488
1.43992
1.45345
1.46564
1.47665
1.48664
1.49572
1.50401
1.51161
1.51862
1.52509
1.5311
1.5367
1.54194
1.54684
1.55145
1.55577
1.55984
1.56366
1.56725
1.57062
1.57378
1.57673
1.57948
1.58205
1.58443
1.58665
1.58872
1.59064
1.59243
1.5941
1.59566
1.59714
1.59854
1.59989
1.60118
1.60244
1.60368
1.60489
1.6061
1.6073
1.6085
1.60969
1.61087
1.61203
1.61316
1.61425
1.61529
1.61626
1.61716
1.61797
1.61869
1.6193
1.61982
1.62023
1.62054
1.62077
1.62093
1.62102
1.62108
1.62111
1.62112
1.62113
1.62113
1.62112
1.62099
1.62097
1.6211
1.62112
1.6211
1.62109
1.62108
1.62108
1.26832
1.28915
1.32157
1.3456
1.36835
1.38853
1.40672
1.42307
1.4378
1.45108
1.46309
1.47397
1.48387
1.49291
1.50118
1.5088
1.51583
1.52236
1.52844
1.53412
1.53945
1.54445
1.54916
1.55359
1.55776
1.56169
1.56538
1.56885
1.5721
1.57514
1.57799
1.58064
1.58311
1.58542
1.58756
1.58955
1.59141
1.59315
1.59478
1.59632
1.59779
1.59918
1.60053
1.60185
1.60313
1.60439
1.60565
1.60689
1.60813
1.60936
1.61057
1.61176
1.61292
1.61404
1.61511
1.61611
1.61703
1.61787
1.6186
1.61924
1.61976
1.62019
1.62052
1.62075
1.62092
1.62102
1.62108
1.6211
1.62112
1.62113
1.62113
1.62112
1.62099
1.62097
1.6211
1.62112
1.6211
1.62109
1.62108
1.62108
1.26558
1.29121
1.32159
1.34512
1.36728
1.387
1.40482
1.42087
1.43537
1.44847
1.46036
1.47116
1.48101
1.49003
1.49831
1.50596
1.51305
1.51964
1.5258
1.53157
1.53699
1.54209
1.5469
1.55143
1.55571
1.55974
1.56353
1.5671
1.57045
1.57359
1.57652
1.57926
1.58182
1.5842
1.58642
1.58848
1.59041
1.59222
1.59391
1.59552
1.59704
1.59849
1.59989
1.60126
1.60259
1.6039
1.6052
1.60648
1.60776
1.60902
1.61027
1.6115
1.61269
1.61384
1.61494
1.61596
1.61691
1.61776
1.61852
1.61917
1.61971
1.62015
1.62049
1.62074
1.62091
1.62101
1.62107
1.6211
1.62112
1.62113
1.62113
1.62112
1.62099
1.62097
1.6211
1.62112
1.6211
1.62109
1.62108
1.62108
1.26169
1.29197
1.32057
1.34377
1.3655
1.38491
1.40247
1.41832
1.43266
1.44566
1.45747
1.46823
1.47807
1.48709
1.49541
1.50311
1.51026
1.51693
1.52318
1.52904
1.53456
1.53977
1.54468
1.54932
1.5537
1.55783
1.56172
1.56539
1.56883
1.57206
1.57508
1.57791
1.58054
1.583
1.58529
1.58743
1.58943
1.5913
1.59306
1.59472
1.5963
1.59781
1.59926
1.60068
1.60206
1.60341
1.60475
1.60608
1.6074
1.6087
1.60998
1.61124
1.61246
1.61364
1.61476
1.61582
1.61679
1.61766
1.61844
1.61911
1.61966
1.62012
1.62046
1.62072
1.62089
1.621
1.62107
1.6211
1.62112
1.62113
1.62113
1.62112
1.62099
1.62097
1.6211
1.62112
1.6211
1.62109
1.62108
1.62108
1.25679
1.29152
1.31861
1.34165
1.3631
1.38232
1.39973
1.41547
1.42973
1.44267
1.45446
1.46521
1.47507
1.48413
1.4925
1.50026
1.50749
1.51425
1.52059
1.52655
1.53217
1.53748
1.54249
1.54724
1.55172
1.55596
1.55995
1.56371
1.56724
1.57056
1.57367
1.57658
1.57929
1.58183
1.58419
1.5864
1.58847
1.5904
1.59222
1.59394
1.59557
1.59714
1.59865
1.60011
1.60153
1.60294
1.60432
1.60569
1.60704
1.60838
1.60969
1.61099
1.61224
1.61345
1.6146
1.61567
1.61666
1.61756
1.61836
1.61904
1.61962
1.62008
1.62044
1.6207
1.62088
1.621
1.62106
1.6211
1.62112
1.62113
1.62113
1.62112
1.62099
1.62097
1.6211
1.62112
1.6211
1.62109
1.62108
1.62108
1.251
1.28992
1.31577
1.33882
1.36014
1.37929
1.39664
1.41235
1.42659
1.43954
1.45134
1.46212
1.47202
1.48115
1.48959
1.49743
1.50474
1.51159
1.51803
1.52409
1.52982
1.53523
1.54036
1.5452
1.54979
1.55412
1.55821
1.56207
1.56569
1.5691
1.57229
1.57528
1.57807
1.58068
1.58311
1.58539
1.58752
1.58952
1.5914
1.59317
1.59486
1.59648
1.59804
1.59955
1.60102
1.60247
1.60389
1.6053
1.60669
1.60806
1.60941
1.61074
1.61202
1.61326
1.61443
1.61553
1.61655
1.61747
1.61828
1.61898
1.61957
1.62004
1.62041
1.62068
1.62087
1.62099
1.62106
1.62109
1.62112
1.62113
1.62113
1.62112
1.62099
1.62097
1.62109
1.62112
1.6211
1.62109
1.62108
1.62108
1.24454
1.2873
1.31217
1.33536
1.35669
1.37588
1.39326
1.409
1.42329
1.43629
1.44814
1.45899
1.46896
1.47816
1.48668
1.49461
1.50202
1.50898
1.51551
1.52168
1.52752
1.53304
1.53826
1.54321
1.5479
1.55233
1.55652
1.56046
1.56418
1.56767
1.57094
1.57401
1.57688
1.57956
1.58206
1.5844
1.58659
1.58865
1.59059
1.59242
1.59417
1.59584
1.59744
1.599
1.60052
1.60201
1.60347
1.60492
1.60635
1.60775
1.60914
1.61049
1.61181
1.61307
1.61427
1.6154
1.61643
1.61737
1.6182
1.61892
1.61952
1.62001
1.62039
1.62067
1.62086
1.62098
1.62106
1.62109
1.62112
1.62113
1.62113
1.62112
1.62099
1.62097
1.62109
1.62112
1.6211
1.62109
1.62108
1.62108
1.23809
1.28416
1.30818
1.33157
1.35292
1.37217
1.38964
1.40548
1.41986
1.43295
1.44489
1.45583
1.46589
1.47518
1.4838
1.49183
1.49935
1.5064
1.51305
1.51932
1.52526
1.53089
1.53622
1.54127
1.54606
1.55059
1.55487
1.5589
1.5627
1.56627
1.56963
1.57277
1.57571
1.57846
1.58103
1.58344
1.58569
1.58781
1.5898
1.59169
1.59349
1.59521
1.59686
1.59846
1.60003
1.60156
1.60306
1.60455
1.60601
1.60745
1.60887
1.61026
1.6116
1.61289
1.61411
1.61526
1.61632
1.61728
1.61813
1.61886
1.61948
1.61998
1.62037
1.62065
1.62085
1.62098
1.62105
1.62109
1.62111
1.62112
1.62113
1.62112
1.62099
1.62097
1.62109
1.62112
1.6211
1.62109
1.62108
1.62108
1.23165
1.28074
1.3041
1.32773
1.34915
1.36846
1.38599
1.40189
1.41636
1.42955
1.44161
1.45266
1.46283
1.47223
1.48095
1.48909
1.49671
1.50388
1.51063
1.51702
1.52306
1.5288
1.53423
1.53938
1.54427
1.54889
1.55326
1.55738
1.56126
1.56492
1.56835
1.57156
1.57457
1.57739
1.58003
1.58249
1.58481
1.58698
1.58903
1.59097
1.59282
1.59459
1.59629
1.59794
1.59955
1.60112
1.60266
1.60418
1.60568
1.60716
1.60861
1.61002
1.61139
1.61271
1.61396
1.61513
1.61621
1.61719
1.61805
1.6188
1.61943
1.61994
1.62034
1.62064
1.62084
1.62097
1.62105
1.62109
1.62111
1.62112
1.62113
1.62112
1.62099
1.62097
1.62109
1.62112
1.6211
1.62109
1.62108
1.62108
1.22482
1.27662
1.29962
1.32364
1.34525
1.36475
1.3824
1.39839
1.41292
1.42618
1.43833
1.4495
1.45979
1.46931
1.47815
1.4864
1.49414
1.50141
1.50828
1.51477
1.52093
1.52676
1.5323
1.53755
1.54253
1.54724
1.5517
1.5559
1.55987
1.5636
1.5671
1.57039
1.57347
1.57635
1.57905
1.58158
1.58395
1.58618
1.58828
1.59028
1.59217
1.59399
1.59574
1.59743
1.59908
1.60069
1.60227
1.60383
1.60537
1.60687
1.60835
1.6098
1.6112
1.61254
1.61381
1.615
1.6161
1.6171
1.61798
1.61875
1.61939
1.61991
1.62032
1.62062
1.62083
1.62097
1.62105
1.62109
1.62111
1.62112
1.62113
1.62112
1.62099
1.62097
1.62109
1.62112
1.6211
1.62109
1.62108
1.62108
1.21766
1.27179
1.29465
1.31917
1.34106
1.36081
1.37867
1.39485
1.40953
1.42291
1.43514
1.44639
1.45679
1.46643
1.4754
1.48377
1.49162
1.49901
1.50599
1.51259
1.51885
1.52479
1.53042
1.53577
1.54084
1.54564
1.55018
1.55447
1.55852
1.56232
1.56589
1.56925
1.57239
1.57534
1.5781
1.58069
1.58311
1.5854
1.58755
1.5896
1.59154
1.5934
1.5952
1.59693
1.59862
1.60027
1.60189
1.60349
1.60505
1.6066
1.60811
1.60958
1.611
1.61237
1.61367
1.61488
1.616
1.61702
1.61792
1.6187
1.61935
1.61988
1.6203
1.62061
1.62082
1.62096
1.62104
1.62108
1.62111
1.62112
1.62114
1.62112
1.62099
1.62097
1.62109
1.62112
1.6211
1.62109
1.62108
1.62108
1.21034
1.26641
1.28932
1.31439
1.33663
1.3567
1.37482
1.39122
1.40609
1.41964
1.43202
1.44338
1.45387
1.46362
1.47271
1.4812
1.48917
1.49668
1.50376
1.51047
1.51684
1.52288
1.52861
1.53405
1.53921
1.5441
1.54872
1.55309
1.55721
1.56108
1.56473
1.56815
1.57135
1.57436
1.57718
1.57982
1.5823
1.58464
1.58685
1.58894
1.59093
1.59284
1.59467
1.59645
1.59818
1.59987
1.60152
1.60315
1.60475
1.60633
1.60787
1.60937
1.61082
1.61221
1.61353
1.61476
1.6159
1.61693
1.61785
1.61864
1.61931
1.61985
1.62028
1.62059
1.62081
1.62096
1.62104
1.62108
1.62111
1.62112
1.62114
1.62112
1.62099
1.62097
1.62109
1.62112
1.6211
1.62109
1.62108
1.62108
1.20301
1.26061
1.28374
1.30942
1.33205
1.35247
1.37088
1.38753
1.40262
1.41636
1.42891
1.44042
1.45104
1.46089
1.47009
1.4787
1.48679
1.49441
1.50161
1.50843
1.51489
1.52103
1.52686
1.53239
1.53764
1.54261
1.54731
1.55175
1.55594
1.55989
1.5636
1.56708
1.57035
1.57341
1.57629
1.57898
1.58152
1.58391
1.58616
1.5883
1.59033
1.59229
1.59416
1.59598
1.59775
1.59948
1.60117
1.60283
1.60446
1.60607
1.60763
1.60916
1.61064
1.61205
1.61339
1.61465
1.61581
1.61686
1.61779
1.61859
1.61927
1.61983
1.62026
1.62058
1.6208
1.62095
1.62104
1.62108
1.62111
1.62112
1.62114
1.62112
1.62099
1.62097
1.62109
1.62112
1.6211
1.62109
1.62108
1.62108
1.19576
1.2545
1.27801
1.30432
1.32738
1.34818
1.36691
1.38383
1.39915
1.41309
1.42582
1.4375
1.44828
1.45826
1.46756
1.47628
1.48449
1.49222
1.49953
1.50645
1.51302
1.51925
1.52517
1.53079
1.53612
1.54117
1.54595
1.55047
1.55472
1.55874
1.56251
1.56605
1.56938
1.5725
1.57543
1.57818
1.58076
1.5832
1.5855
1.58768
1.58976
1.59175
1.59367
1.59553
1.59733
1.5991
1.60082
1.60252
1.60418
1.60581
1.60741
1.60896
1.61046
1.6119
1.61326
1.61454
1.61571
1.61678
1.61772
1.61855
1.61924
1.6198
1.62024
1.62057
1.6208
1.62094
1.62103
1.62108
1.62111
1.62112
1.62114
1.62112
1.62099
1.62097
1.62109
1.62112
1.6211
1.62109
1.62108
1.62108
1.18868
1.24818
1.2722
1.29915
1.32267
1.34388
1.36294
1.38014
1.39571
1.40986
1.42278
1.43464
1.44557
1.45569
1.46513
1.47396
1.48227
1.49012
1.49753
1.50456
1.51122
1.51755
1.52355
1.52926
1.53467
1.53979
1.54465
1.54923
1.55355
1.55763
1.56146
1.56506
1.56844
1.57162
1.5746
1.5774
1.58003
1.58251
1.58486
1.58708
1.58921
1.59124
1.5932
1.59509
1.59693
1.59873
1.60049
1.60221
1.60391
1.60557
1.60719
1.60877
1.61029
1.61175
1.61314
1.61443
1.61562
1.61671
1.61767
1.6185
1.6192
1.61977
1.62022
1.62055
1.62079
1.62094
1.62103
1.62108
1.62111
1.62112
1.62114
1.62112
1.62099
1.62097
1.62109
1.62112
1.6211
1.62109
1.62108
1.62108
1.18185
1.24173
1.26638
1.29397
1.31797
1.33958
1.35899
1.37649
1.39232
1.40669
1.4198
1.43183
1.44292
1.4532
1.46277
1.47172
1.48014
1.48809
1.49561
1.50273
1.50949
1.51591
1.522
1.52779
1.53327
1.53847
1.54339
1.54804
1.55243
1.55657
1.56046
1.56411
1.56755
1.57077
1.5738
1.57665
1.57932
1.58185
1.58424
1.58651
1.58867
1.59074
1.59274
1.59467
1.59655
1.59838
1.60017
1.60192
1.60365
1.60533
1.60698
1.60858
1.61013
1.61161
1.61302
1.61433
1.61554
1.61664
1.61761
1.61845
1.61917
1.61975
1.6202
1.62054
1.62078
1.62093
1.62103
1.62108
1.62111
1.62112
1.62114
1.62111
1.62099
1.62096
1.62109
1.62112
1.6211
1.62109
1.62108
1.62108
1.17532
1.23525
1.26061
1.28883
1.3133
1.33534
1.3551
1.3729
1.38898
1.40358
1.4169
1.4291
1.44035
1.45078
1.46049
1.46957
1.4781
1.48615
1.49377
1.50099
1.50784
1.51435
1.52052
1.52638
1.53194
1.53721
1.5422
1.54691
1.55136
1.55555
1.55949
1.5632
1.56669
1.56996
1.57304
1.57593
1.57865
1.58122
1.58365
1.58596
1.58816
1.59027
1.5923
1.59427
1.59617
1.59804
1.59986
1.60164
1.6034
1.60511
1.60678
1.60841
1.60998
1.61148
1.6129
1.61423
1.61546
1.61657
1.61756
1.61841
1.61913
1.61972
1.62019
1.62053
1.62077
1.62093
1.62102
1.62107
1.62111
1.62112
1.62114
1.62111
1.62099
1.62096
1.62109
1.62112
1.6211
1.62109
1.62108
1.62108
1.16914
1.22879
1.25494
1.28377
1.30872
1.33117
1.35128
1.36938
1.38573
1.40055
1.41407
1.42646
1.43787
1.44845
1.45829
1.4675
1.47615
1.4843
1.49202
1.49933
1.50627
1.51286
1.51911
1.52505
1.53068
1.53601
1.54106
1.54583
1.55033
1.55458
1.55858
1.56233
1.56587
1.56919
1.5723
1.57524
1.578
1.58061
1.58308
1.58543
1.58767
1.58981
1.59188
1.59388
1.59582
1.59771
1.59956
1.60138
1.60315
1.60489
1.60659
1.60824
1.60983
1.61135
1.61279
1.61414
1.61538
1.61651
1.6175
1.61837
1.6191
1.6197
1.62017
1.62052
1.62077
1.62093
1.62102
1.62107
1.62111
1.62112
1.62114
1.62111
1.62099
1.62096
1.62109
1.62112
1.6211
1.62109
1.62108
1.62108
1.16333
1.22242
1.24942
1.27882
1.30424
1.3271
1.34755
1.36595
1.38256
1.39762
1.41134
1.42391
1.43548
1.4462
1.45618
1.46552
1.47428
1.48254
1.49035
1.49775
1.50478
1.51144
1.51777
1.52378
1.52947
1.53487
1.53998
1.5448
1.54936
1.55366
1.5577
1.56151
1.56508
1.56845
1.57161
1.57458
1.57738
1.58003
1.58254
1.58492
1.5872
1.58938
1.59147
1.59351
1.59548
1.5974
1.59928
1.60112
1.60293
1.60469
1.60641
1.60808
1.60969
1.61123
1.61269
1.61405
1.61531
1.61644
1.61746
1.61833
1.61907
1.61968
1.62015
1.62051
1.62076
1.62092
1.62102
1.62107
1.62111
1.62112
1.62114
1.62111
1.62099
1.62096
1.62109
1.62112
1.6211
1.62109
1.62108
1.62108
1.15792
1.21619
1.24407
1.27401
1.29988
1.32314
1.34393
1.36263
1.37949
1.39478
1.4087
1.42145
1.43319
1.44405
1.45417
1.46362
1.4725
1.48087
1.48877
1.49626
1.50336
1.5101
1.5165
1.52257
1.52833
1.53379
1.53895
1.54383
1.54844
1.55278
1.55687
1.56072
1.56434
1.56774
1.57094
1.57396
1.5768
1.57948
1.58202
1.58444
1.58675
1.58896
1.59109
1.59315
1.59515
1.59711
1.59901
1.60088
1.60271
1.60449
1.60624
1.60793
1.60955
1.61111
1.61259
1.61397
1.61524
1.61639
1.61741
1.6183
1.61905
1.61966
1.62014
1.6205
1.62075
1.62092
1.62102
1.62107
1.62111
1.62112
1.62114
1.62111
1.62099
1.62096
1.62109
1.62112
1.6211
1.62109
1.62108
1.62108
1.1529
1.21014
1.23893
1.26936
1.29567
1.31931
1.34044
1.35942
1.37654
1.39205
1.40617
1.41909
1.43099
1.44201
1.45225
1.46183
1.47081
1.47928
1.48727
1.49484
1.50203
1.50884
1.51531
1.52144
1.52726
1.53277
1.53798
1.54291
1.54757
1.55195
1.55609
1.55998
1.56364
1.56708
1.57032
1.57337
1.57624
1.57896
1.58153
1.58398
1.58632
1.58857
1.59073
1.59282
1.59485
1.59682
1.59876
1.60065
1.6025
1.60431
1.60607
1.60778
1.60943
1.611
1.61249
1.61389
1.61517
1.61633
1.61737
1.61826
1.61902
1.61964
1.62013
1.62049
1.62075
1.62091
1.62101
1.62107
1.62111
1.62112
1.62114
1.62111
1.62099
1.62096
1.62109
1.62112
1.6211
1.62109
1.62108
1.62108
1.14827
1.2043
1.23401
1.26489
1.29162
1.31562
1.33707
1.35633
1.3737
1.38943
1.40375
1.41685
1.42891
1.44006
1.45043
1.46013
1.46922
1.47778
1.48587
1.49352
1.50077
1.50765
1.51418
1.52038
1.52625
1.53181
1.53708
1.54205
1.54675
1.55118
1.55535
1.55928
1.56297
1.56645
1.56972
1.57281
1.57571
1.57846
1.58107
1.58355
1.58592
1.58819
1.59038
1.5925
1.59456
1.59656
1.59852
1.60043
1.6023
1.60413
1.60592
1.60764
1.60931
1.6109
1.6124
1.61381
1.61511
1.61628
1.61733
1.61823
1.619
1.61962
1.62011
1.62048
1.62074
1.62091
1.62101
1.62107
1.62111
1.62112
1.62114
1.62111
1.62099
1.62096
1.62109
1.62112
1.6211
1.62109
1.62108
1.62108
1.14403
1.1987
1.22932
1.26061
1.28774
1.31209
1.33384
1.35338
1.37099
1.38693
1.40144
1.41472
1.42693
1.43822
1.44872
1.45853
1.46772
1.47638
1.48455
1.49228
1.4996
1.50654
1.51313
1.51938
1.52531
1.53092
1.53623
1.54124
1.54598
1.55045
1.55466
1.55862
1.56235
1.56586
1.56916
1.57228
1.57522
1.578
1.58064
1.58315
1.58554
1.58784
1.59006
1.5922
1.59428
1.59631
1.59829
1.60023
1.60212
1.60397
1.60577
1.60752
1.6092
1.6108
1.61232
1.61374
1.61505
1.61624
1.61729
1.6182
1.61897
1.61961
1.6201
1.62047
1.62074
1.62091
1.62101
1.62107
1.62111
1.62112
1.62114
1.62111
1.62099
1.62096
1.62109
1.62112
1.6211
1.62109
1.62108
1.62108
1.14022
1.19337
1.22487
1.25652
1.28404
1.30872
1.33077
1.35056
1.36841
1.38456
1.39926
1.4127
1.42506
1.43649
1.44711
1.45703
1.46632
1.47507
1.48332
1.49112
1.49851
1.50551
1.51216
1.51846
1.52443
1.53009
1.53543
1.54049
1.54526
1.54977
1.55401
1.55801
1.56177
1.56531
1.56864
1.57179
1.57475
1.57756
1.58023
1.58276
1.58519
1.58751
1.58975
1.59192
1.59402
1.59608
1.59808
1.60003
1.60195
1.60382
1.60564
1.6074
1.60909
1.61071
1.61225
1.61368
1.615
1.61619
1.61725
1.61818
1.61895
1.61959
1.62009
1.62047
1.62073
1.6209
1.62101
1.62107
1.62111
1.62112
1.62114
1.62111
1.62099
1.62096
1.62109
1.62112
1.6211
1.62109
1.62108
1.62108
1.13688
1.18843
1.22073
1.25264
1.28052
1.30551
1.32784
1.34789
1.36597
1.38232
1.39721
1.41081
1.42332
1.43487
1.44561
1.45563
1.46502
1.47385
1.48218
1.49005
1.4975
1.50456
1.51126
1.51761
1.52362
1.52932
1.5347
1.5398
1.5446
1.54914
1.55341
1.55744
1.56123
1.5648
1.56816
1.57133
1.57432
1.57716
1.57985
1.58241
1.58485
1.5872
1.58947
1.59166
1.59379
1.59586
1.59788
1.59986
1.60179
1.60367
1.60551
1.60729
1.609
1.61063
1.61218
1.61362
1.61495
1.61615
1.61722
1.61815
1.61893
1.61958
1.62008
1.62046
1.62073
1.6209
1.62101
1.62106
1.6211
1.62112
1.62114
1.62111
1.62099
1.62096
1.62109
1.62112
1.6211
1.62109
1.62108
1.62108
1.13388
1.18391
1.21697
1.24908
1.27721
1.30247
1.32508
1.34538
1.36367
1.38023
1.39528
1.40905
1.42169
1.43337
1.44422
1.45434
1.46382
1.47273
1.48113
1.48906
1.49657
1.50369
1.51043
1.51682
1.52288
1.52861
1.53403
1.53916
1.54399
1.54856
1.55286
1.55691
1.56073
1.56432
1.56771
1.5709
1.57392
1.57678
1.57949
1.58208
1.58455
1.58692
1.5892
1.59142
1.59356
1.59565
1.5977
1.59969
1.60164
1.60354
1.60539
1.60719
1.60891
1.61056
1.61211
1.61356
1.6149
1.61612
1.61719
1.61813
1.61892
1.61956
1.62007
1.62045
1.62072
1.6209
1.62101
1.62106
1.6211
1.62112
1.62114
1.62111
1.62099
1.62096
1.62109
1.62112
1.6211
1.62109
1.62108
1.62108
1.1312
1.17973
1.21353
1.24586
1.27422
1.29966
1.32248
1.34301
1.36152
1.37827
1.3935
1.40741
1.42019
1.43199
1.44294
1.45316
1.46272
1.4717
1.48017
1.48817
1.49573
1.50289
1.50968
1.51611
1.5222
1.52797
1.53342
1.53857
1.54344
1.54803
1.55235
1.55643
1.56027
1.56389
1.5673
1.57051
1.57355
1.57643
1.57917
1.58177
1.58426
1.58666
1.58896
1.59119
1.59336
1.59547
1.59753
1.59954
1.60151
1.60342
1.60529
1.60709
1.60883
1.61049
1.61205
1.61351
1.61486
1.61608
1.61717
1.61811
1.6189
1.61955
1.62006
1.62045
1.62072
1.6209
1.621
1.62106
1.6211
1.62112
1.62114
1.62111
1.62099
1.62096
1.62108
1.62112
1.6211
1.62109
1.62108
1.62108
1.1288
1.1759
1.21038
1.24291
1.27152
1.29715
1.3201
1.34082
1.35953
1.37647
1.39186
1.40591
1.41882
1.43073
1.44178
1.45208
1.46172
1.47077
1.4793
1.48735
1.49497
1.50217
1.509
1.51547
1.52159
1.52739
1.53287
1.53805
1.54294
1.54755
1.5519
1.55599
1.55985
1.56349
1.56692
1.57016
1.57322
1.57612
1.57887
1.5815
1.58401
1.58642
1.58874
1.59099
1.59317
1.5953
1.59737
1.5994
1.60138
1.60331
1.60519
1.60701
1.60876
1.61042
1.612
1.61347
1.61483
1.61605
1.61714
1.61809
1.61889
1.61954
1.62006
1.62044
1.62072
1.62089
1.621
1.62106
1.6211
1.62112
1.62114
1.62111
1.62099
1.62096
1.62108
1.62112
1.6211
1.62109
1.62108
1.62108
1.12667
1.17242
1.20752
1.24022
1.26907
1.2949
1.31799
1.33881
1.35771
1.37482
1.39037
1.40456
1.41758
1.42959
1.44074
1.45112
1.46083
1.46994
1.47853
1.48663
1.49429
1.50153
1.5084
1.51489
1.52105
1.52687
1.53237
1.53758
1.54249
1.54712
1.55149
1.5556
1.55948
1.56314
1.56658
1.56984
1.57292
1.57583
1.5786
1.58125
1.58377
1.5862
1.58854
1.59081
1.593
1.59515
1.59724
1.59928
1.60127
1.60322
1.60511
1.60693
1.60869
1.61037
1.61195
1.61343
1.61479
1.61603
1.61712
1.61807
1.61888
1.61953
1.62005
1.62044
1.62071
1.62089
1.621
1.62106
1.6211
1.62112
1.62114
1.62111
1.62099
1.62096
1.62108
1.62112
1.6211
1.62109
1.62108
1.62108
1.12479
1.1693
1.20495
1.23781
1.26687
1.29287
1.31614
1.33705
1.35606
1.37334
1.38903
1.40334
1.41647
1.42858
1.43981
1.45026
1.46004
1.46921
1.47785
1.486
1.49369
1.50097
1.50787
1.51439
1.52057
1.52642
1.53194
1.53716
1.54209
1.54674
1.55113
1.55526
1.55915
1.56282
1.56628
1.56955
1.57265
1.57558
1.57836
1.58102
1.58356
1.58601
1.58836
1.59064
1.59286
1.59501
1.59711
1.59917
1.60117
1.60313
1.60503
1.60687
1.60864
1.61032
1.61191
1.6134
1.61477
1.616
1.6171
1.61806
1.61887
1.61953
1.62005
1.62044
1.62071
1.62089
1.621
1.62106
1.6211
1.62112
1.62114
1.62111
1.62099
1.62096
1.62108
1.62112
1.6211
1.62109
1.62108
1.62108
1.12316
1.16656
1.2027
1.23568
1.26492
1.29109
1.31451
1.33553
1.3546
1.37203
1.38786
1.40228
1.41551
1.4277
1.439
1.44952
1.45936
1.46858
1.47726
1.48545
1.49318
1.50049
1.50741
1.51396
1.52016
1.52603
1.53157
1.53681
1.54175
1.54641
1.55081
1.55496
1.55886
1.56255
1.56602
1.56931
1.57241
1.57535
1.57815
1.58082
1.58338
1.58584
1.5882
1.5905
1.59272
1.59489
1.59701
1.59907
1.60109
1.60306
1.60497
1.60681
1.60859
1.61028
1.61188
1.61337
1.61474
1.61599
1.61709
1.61805
1.61886
1.61952
1.62004
1.62043
1.62071
1.62089
1.621
1.62106
1.6211
1.62112
1.62114
1.62111
1.62099
1.62096
1.62108
1.62112
1.6211
1.62109
1.62108
1.62108
1.12175
1.1642
1.20076
1.23384
1.26325
1.28955
1.3131
1.33424
1.35337
1.37089
1.38685
1.40137
1.41469
1.42695
1.43832
1.4489
1.45878
1.46805
1.47677
1.48499
1.49275
1.50009
1.50704
1.51361
1.51982
1.5257
1.53126
1.53651
1.54146
1.54614
1.55055
1.5547
1.55862
1.56231
1.5658
1.56909
1.57221
1.57516
1.57797
1.58065
1.58322
1.58569
1.58807
1.59037
1.59261
1.59479
1.59692
1.59899
1.60102
1.60299
1.60491
1.60677
1.60855
1.61025
1.61185
1.61335
1.61472
1.61597
1.61708
1.61804
1.61885
1.61952
1.62004
1.62043
1.62071
1.62089
1.621
1.62106
1.6211
1.62112
1.62114
1.62111
1.62099
1.62096
1.62108
1.62112
1.6211
1.62109
1.62108
1.62108
1.12056
1.16224
1.19914
1.23232
1.26185
1.28827
1.31193
1.33318
1.35236
1.36995
1.38601
1.40062
1.41401
1.42634
1.43776
1.44839
1.45831
1.46762
1.47637
1.48462
1.49241
1.49977
1.50673
1.51332
1.51955
1.52544
1.53101
1.53627
1.54123
1.54591
1.55033
1.55449
1.55842
1.56212
1.56561
1.56891
1.57204
1.575
1.57782
1.58051
1.58309
1.58556
1.58795
1.59027
1.59252
1.5947
1.59684
1.59892
1.60096
1.60294
1.60487
1.60673
1.60852
1.61022
1.61183
1.61333
1.61471
1.61596
1.61707
1.61803
1.61885
1.61951
1.62004
1.62043
1.62071
1.62089
1.621
1.62106
1.6211
1.62112
1.62114
1.62111
1.62099
1.62096
1.62108
1.62112
1.6211
1.62109
1.62108
1.62108
1.1196
1.1607
1.19786
1.2311
1.26074
1.28725
1.311
1.33233
1.35156
1.3692
1.38536
1.40003
1.41347
1.42586
1.43733
1.44799
1.45796
1.4673
1.47607
1.48435
1.49215
1.49953
1.5065
1.5131
1.51934
1.52524
1.53082
1.53608
1.54105
1.54574
1.55016
1.55433
1.55826
1.56196
1.56546
1.56877
1.5719
1.57487
1.5777
1.5804
1.58298
1.58546
1.58786
1.59019
1.59244
1.59464
1.59678
1.59887
1.60091
1.6029
1.60483
1.6067
1.60849
1.6102
1.61181
1.61332
1.6147
1.61595
1.61707
1.61803
1.61885
1.61951
1.62004
1.62043
1.62071
1.62089
1.621
1.62106
1.6211
1.62112
1.62114
1.62111
1.62099
1.62096
1.62108
1.62112
1.6211
1.62109
1.62108
1.62108
1.11887
1.15956
1.19692
1.23021
1.25992
1.2865
1.31031
1.33171
1.35098
1.36866
1.38488
1.39961
1.4131
1.42553
1.43703
1.44773
1.45772
1.46708
1.47588
1.48417
1.49199
1.49938
1.50636
1.51297
1.51921
1.52512
1.53069
1.53596
1.54093
1.54562
1.55005
1.55422
1.55815
1.56186
1.56536
1.56867
1.5718
1.57478
1.57761
1.58031
1.5829
1.58539
1.58779
1.59012
1.59239
1.59459
1.59674
1.59884
1.60088
1.60288
1.60481
1.60668
1.60848
1.61019
1.61181
1.61331
1.6147
1.61595
1.61706
1.61803
1.61885
1.61951
1.62004
1.62043
1.62071
1.62089
1.621
1.62106
1.6211
1.62112
1.62114
1.62111
1.62099
1.62096
1.62108
1.62112
1.6211
1.62109
1.62108
1.62108
1.11848
1.15877
1.19634
1.22963
1.25939
1.286
1.30986
1.3313
1.3506
1.3683
1.38458
1.39933
1.41286
1.42531
1.43684
1.44756
1.45757
1.46695
1.47576
1.48406
1.49189
1.49929
1.50628
1.51289
1.51914
1.52504
1.53062
1.53589
1.54086
1.54555
1.54997
1.55414
1.55808
1.56178
1.56529
1.5686
1.57173
1.57471
1.57754
1.58025
1.58285
1.58534
1.58775
1.59008
1.59235
1.59456
1.59671
1.59881
1.60086
1.60286
1.6048
1.60668
1.60847
1.61019
1.6118
1.61331
1.6147
1.61595
1.61707
1.61803
1.61885
1.61951
1.62004
1.62043
1.62071
1.62089
1.621
1.62106
1.6211
1.62112
1.62114
1.62111
1.62099
1.62096
1.62108
1.62112
1.6211
1.62109
1.62108
1.62108
)
;

boundaryField
{
    farLeft
    {
        type            symmetryPlane;
    }
    flatBed
    {
        type            zeroGradient;
    }
    slope
    {
        type            zeroGradient;
    }
    top
    {
        type            symmetryPlane;
    }
    frontAndBack
    {
        type            empty;
    }
    defaultFaces
    {
        type            empty;
    }
}


// ************************************************************************* //
