/*--------------------------------*- C++ -*----------------------------------*\
| =========                 |                                                 |
| \\      /  F ield         | OpenFOAM: The Open Source CFD Toolbox           |
|  \\    /   O peration     | Version:  2206                                  |
|   \\  /    A nd           | Website:  www.openfoam.com                      |
|    \\/     M anipulation  |                                                 |
\*---------------------------------------------------------------------------*/
FoamFile
{
    version     2.0;
    format      ascii;
    arch        "LSB;label=32;scalar=64";
    class       surfaceScalarField;
    location    "700";
    object      phi;
}
// * * * * * * * * * * * * * * * * * * * * * * * * * * * * * * * * * * * * * //

dimensions      [0 3 -1 0 0 0 0];

oriented        oriented;

internalField   nonuniform List<scalar> 
19750
(
-0.0125776
0.000252489
-0.0127791
0.000201503
-0.0129365
0.00015738
-0.0130429
0.000106335
-0.0130862
4.33199e-05
-0.0130568
-2.93268e-05
-0.0129487
-0.000108098
-0.0127606
-0.000188137
-0.0124972
-0.000263412
-0.0121677
-0.00032954
-0.0117839
-0.000383728
-0.0113593
-0.000424609
-0.0109074
-0.000451964
-0.0104409
-0.000466448
-0.00997157
-0.000469345
-0.00950918
-0.000462391
-0.00906156
-0.000447615
-0.00863436
-0.000427201
-0.00823103
-0.00040333
-0.00785302
-0.000378017
-0.00750006
-0.000352962
-0.00717062
-0.000329433
-0.0068624
-0.000308226
-0.0065727
-0.0002897
-0.00629887
-0.000273831
-0.00603856
-0.00026031
-0.0057899
-0.000248658
-0.00555156
-0.000238337
-0.00532273
-0.000228826
-0.00510306
-0.000219673
-0.00489255
-0.000210508
-0.00469149
-0.000201061
-0.00450035
-0.000191142
-0.00431972
-0.000180626
-0.00415027
-0.000169442
-0.00399271
-0.00015756
-0.00384771
-0.000144995
-0.0037159
-0.000131813
-0.00359776
-0.000118139
-0.0034936
-0.000104149
-0.00340355
-9.00495e-05
-0.00332749
-7.60541e-05
-0.00326514
-6.23515e-05
-0.00321604
-4.90953e-05
-0.00317963
-3.64032e-05
-0.00315526
-2.43658e-05
-0.00314219
-1.30575e-05
-0.00313962
-2.56404e-06
-0.00314658
6.96095e-06
-0.00316203
1.54604e-05
-0.00318504
2.30122e-05
-0.00321471
2.96722e-05
-0.00325018
3.54751e-05
-0.00329063
4.04594e-05
-0.00333529
4.46689e-05
-0.00338344
4.81517e-05
-0.00343439
5.0958e-05
-0.00348753
5.31387e-05
-0.00354226
5.47432e-05
-0.00359808
5.58193e-05
-0.00365449
5.64111e-05
-0.00371104
5.65602e-05
-0.00376734
5.63037e-05
-0.00382301
5.56757e-05
-0.00387772
5.47061e-05
-0.00393113
5.34218e-05
-0.00398298
5.18458e-05
-0.00403297
4.99986e-05
-0.00408087
4.78971e-05
-0.00412642
4.55559e-05
-0.00416941
4.29864e-05
-0.0042096
4.01981e-05
-0.0042468
3.7197e-05
-0.00428078
3.39877e-05
-0.00431135
3.05713e-05
-0.0043383
2.69471e-05
-0.00436141
2.3111e-05
-0.00438046
1.90564e-05
-0.00439524
1.47726e-05
-0.00440548
1.02457e-05
-0.00441094
5.45719e-06
-0.00441131
3.71247e-07
-0.00440619
-5.11997e-06
-0.0043951
-1.10928e-05
-0.00437754
-1.75587e-05
-0.00435297
-2.45708e-05
-0.00432076
-3.22137e-05
-0.00428016
-4.06022e-05
-0.00423027
-4.9892e-05
-0.00416997
-6.02981e-05
-0.00409785
-7.21217e-05
-0.00401208
-8.57789e-05
-0.00391021
-0.000101872
-0.00378876
-0.000121449
-0.00364224
-0.000146534
-0.00346192
-0.000180318
-0.00323612
-0.000225812
-0.00295011
-0.000286021
-0.00256592
-0.000384206
-0.000639226
-0.0019267
-0.0120153
0.000469802
-0.0122167
0.000402842
-0.0123845
0.000325171
-0.012504
0.000225859
-0.0125614
0.000100713
-0.0125463
-4.44107e-05
-0.012453
-0.000201372
-0.0122811
-0.000360091
-0.0120355
-0.000509016
-0.0117254
-0.00063963
-0.0113626
-0.000746531
-0.0109601
-0.000827091
-0.0105311
-0.000880903
-0.0100884
-0.000909237
-0.00964311
-0.000914585
-0.00920519
-0.000900314
-0.00878242
-0.000870389
-0.0083805
-0.000829115
-0.00800299
-0.000780842
-0.00765136
-0.000729652
-0.00732527
-0.000679048
-0.00702299
-0.000631709
-0.00674184
-0.000589379
-0.00647864
-0.000552905
-0.00623014
-0.000522325
-0.00599342
-0.000497035
-0.00576605
-0.000476021
-0.00554632
-0.000458071
-0.00533319
-0.000441955
-0.00512632
-0.000426539
-0.00492596
-0.000410867
-0.0047328
-0.000394224
-0.0045478
-0.000376135
-0.00437209
-0.000356335
-0.0042068
-0.000334734
-0.00405299
-0.000311362
-0.00391165
-0.000286341
-0.00378358
-0.000259879
-0.00366944
-0.000232276
-0.00356965
-0.000203928
-0.0034844
-0.000175302
-0.00341356
-0.000146892
-0.00335675
-0.000119158
-0.00331337
-9.24732e-05
-0.00328265
-6.71118e-05
-0.00326375
-4.32616e-05
-0.00325575
-2.10578e-05
-0.00325768
-6.29366e-07
-0.00326865
1.79313e-05
-0.0032878
3.46209e-05
-0.00331428
4.94925e-05
-0.0033472
6.25964e-05
-0.00338571
7.39957e-05
-0.00342902
8.37674e-05
-0.00347635
9.20003e-05
-0.00352698
9.87915e-05
-0.00358026
0.000104242
-0.00363557
0.000108454
-0.00369235
0.000111525
-0.00375008
0.000113553
-0.00380829
0.000114624
-0.00386655
0.000114821
-0.00392446
0.00011422
-0.00398166
0.000112886
-0.00403784
0.000110881
-0.00409267
0.000108258
-0.00414588
0.000105062
-0.00419722
0.000101334
-0.00424643
9.71087e-05
-0.00429328
9.24133e-05
-0.00433756
8.72712e-05
-0.00437906
8.16999e-05
-0.00441758
7.57119e-05
-0.0044529
6.93144e-05
-0.00448484
6.25094e-05
-0.00451318
5.5293e-05
-0.00453773
4.76558e-05
-0.00455825
3.95816e-05
-0.00457452
3.10466e-05
-0.00458629
2.20182e-05
-0.00459329
1.24529e-05
-0.0045952
2.28594e-06
-0.00459175
-8.57684e-06
-0.00458259
-2.02454e-05
-0.00456733
-3.28218e-05
-0.00454549
-4.64187e-05
-0.00451651
-6.11917e-05
-0.00447976
-7.73469e-05
-0.0044345
-9.51579e-05
-0.0043798
-0.000114996
-0.00431456
-0.000137373
-0.00423735
-0.00016299
-0.00414637
-0.000192856
-0.00403918
-0.000228639
-0.00391242
-0.000273297
-0.00376149
-0.000331254
-0.0035801
-0.000407207
-0.00335691
-0.000509226
-0.00306502
-0.000676098
-0.00102008
-0.00268418
-0.011318
0.000670058
-0.0115204
0.000605187
-0.0116992
0.000503972
-0.0118334
0.000360108
-0.0119066
0.000173954
-0.0119074
-4.37052e-05
-0.0118299
-0.000278862
-0.0116744
-0.000515561
-0.0114465
-0.000736918
-0.0111556
-0.000930502
-0.0108136
-0.00108854
-0.0104334
-0.00120734
-0.0100279
-0.00128641
-0.0096094
-0.00132769
-0.00918915
-0.00133484
-0.00877668
-0.00131279
-0.00837972
-0.00126734
-0.00800398
-0.00120486
-0.00765302
-0.00113181
-0.00732834
-0.00105433
-0.00702961
-0.000977777
-0.00675502
-0.000906302
-0.00650172
-0.000842682
-0.00626627
-0.000788352
-0.00604509
-0.00074351
-0.00583478
-0.000707342
-0.00563245
-0.000678352
-0.00543584
-0.000654674
-0.00524347
-0.000634329
-0.00505461
-0.000615396
-0.00486933
-0.000596151
-0.00468833
-0.00057522
-0.00451284
-0.00055163
-0.00434435
-0.000524825
-0.00418445
-0.000494631
-0.00403465
-0.000461161
-0.00389627
-0.00042472
-0.0037704
-0.000385743
-0.00365791
-0.000344765
-0.00355942
-0.000302417
-0.0034753
-0.000259424
-0.00340562
-0.000216568
-0.00335015
-0.000174619
-0.00330838
-0.000134244
-0.00327953
-9.59564e-05
-0.00326269
-6.00996e-05
-0.00325685
-2.68913e-05
-0.003261
3.51551e-06
-0.00327415
3.10844e-05
-0.00329537
5.58507e-05
-0.00332375
7.78734e-05
-0.00335838
9.72342e-05
-0.00339842
0.000114038
-0.00344306
0.00012841
-0.00349155
0.000140489
-0.00354318
0.000150426
-0.00359731
0.000158376
-0.00365334
0.000164491
-0.00371074
0.000168922
-0.00376899
0.00017181
-0.00382765
0.000173289
-0.00388631
0.00017348
-0.00394459
0.000172495
-0.00400213
0.000170434
-0.00405863
0.000167385
-0.0041138
0.000163428
-0.00416737
0.000158631
-0.00421909
0.000153052
-0.00426872
0.000146743
-0.00431605
0.000139746
-0.00436087
0.000132093
-0.00440298
0.000123812
-0.00444219
0.000114919
-0.0044783
0.000105426
-0.00451112
9.5335e-05
-0.00454047
8.46404e-05
-0.00456614
7.33274e-05
-0.00458793
6.13721e-05
-0.00460562
4.87394e-05
-0.00461899
3.53819e-05
-0.00462777
2.12365e-05
-0.00463171
6.22078e-06
-0.00463051
-9.76902e-06
-0.00462388
-2.68785e-05
-0.00461143
-4.52763e-05
-0.00459271
-6.51331e-05
-0.00456723
-8.6671e-05
-0.0045344
-0.000110179
-0.00449352
-0.000136038
-0.00444377
-0.000164756
-0.00438412
-0.000197024
-0.00431332
-0.000233786
-0.00422979
-0.000276389
-0.00413149
-0.000326941
-0.00401589
-0.000388895
-0.00387993
-0.000467216
-0.00371935
-0.000567787
-0.00352713
-0.000701448
-0.00329879
-0.000904445
-0.00125963
-0.00305924
-0.0105231
0.000865331
-0.010729
0.000811099
-0.0109185
0.000693472
-0.0110666
0.000508233
-0.0111542
0.000261609
-0.0111684
-2.95e-05
-0.0111036
-0.000343711
-0.0109611
-0.000658071
-0.0107475
-0.000950512
-0.010473
-0.00120501
-0.0101497
-0.00141181
-0.00979057
-0.00156649
-0.00940826
-0.00166872
-0.00901475
-0.00172121
-0.0086208
-0.00172878
-0.00823572
-0.00169787
-0.00786701
-0.00163605
-0.00752025
-0.00155162
-0.00719894
-0.00145312
-0.00690453
-0.00134874
-0.00663661
-0.00124569
-0.0063933
-0.00114961
-0.00617163
-0.00106436
-0.00596797
-0.000992012
-0.00577848
-0.000933
-0.00559945
-0.000886369
-0.00542757
-0.000850227
-0.0052601
-0.000822144
-0.00509495
-0.000799479
-0.0049308
-0.000779547
-0.00476716
-0.000759792
-0.00460437
-0.000738008
-0.00444353
-0.000712467
-0.00428633
-0.000682022
-0.00413479
-0.000646168
-0.00399099
-0.000604963
-0.00385681
-0.000558892
-0.00373385
-0.000508707
-0.00362331
-0.000455296
-0.00352611
-0.000399624
-0.00344281
-0.00034272
-0.00337371
-0.000285667
-0.00331877
-0.000229555
-0.00327763
-0.000175381
-0.00324963
-0.000123958
-0.00323386
-7.58615e-05
-0.0032293
-3.1449e-05
-0.00323486
9.0775e-06
-0.00324948
4.57053e-05
-0.00327214
7.85115e-05
-0.00330186
0.000107595
-0.00333771
0.000133092
-0.00337883
0.000155164
-0.00342442
0.000173996
-0.00347371
0.000189788
-0.00352603
0.000202746
-0.00358074
0.000213083
-0.00363725
0.000221006
-0.00369504
0.000226715
-0.00375363
0.0002304
-0.00381257
0.000232238
-0.00387148
0.000232388
-0.00392998
0.000230999
-0.00398774
0.000228202
-0.00404447
0.000224113
-0.00409988
0.000218836
-0.00415371
0.000212462
-0.00420572
0.000205067
-0.00425569
0.000196718
-0.00430341
0.00018747
-0.00434869
0.000177367
-0.00439132
0.000166442
-0.00443112
0.000154721
-0.00446791
0.000142216
-0.0045015
0.000128932
-0.00453172
0.00011486
-0.00455837
9.99818e-05
-0.00458127
8.42668e-05
-0.0046002
6.76698e-05
-0.00461494
5.013e-05
-0.00462527
3.15675e-05
-0.00463094
1.18819e-05
-0.00463166
-9.04848e-06
-0.00462714
-3.13985e-05
-0.00461702
-5.539e-05
-0.0046009
-8.12516e-05
-0.00457831
-0.000109266
-0.00454869
-0.000139799
-0.00451141
-0.000173322
-0.00446571
-0.000210459
-0.00441068
-0.000252046
-0.00434526
-0.000299215
-0.0042681
-0.000353551
-0.00417762
-0.000417419
-0.00407206
-0.000494459
-0.00394952
-0.000589752
-0.00380765
-0.000709657
-0.00364359
-0.000865513
-0.00346042
-0.00108761
-0.00142809
-0.00329196
-0.00960823
0.00105842
-0.00981797
0.00102084
-0.0100163
0.000891769
-0.0101752
0.000667205
-0.0102736
0.000359951
-0.010297
-6.04914e-06
-0.0102403
-0.000400456
-0.0101066
-0.000791798
-0.00990407
-0.00115301
-0.00964405
-0.00146503
-0.0093391
-0.00171676
-0.009002
-0.00190359
-0.00864505
-0.00202567
-0.00827962
-0.00208664
-0.00791588
-0.00209253
-0.0075626
-0.00205115
-0.00722692
-0.00197172
-0.00691415
-0.00186439
-0.00662757
-0.00173969
-0.00636852
-0.0016078
-0.00613646
-0.00147775
-0.00592935
-0.00135671
-0.00574414
-0.00124958
-0.00557705
-0.0011591
-0.00542409
-0.00108596
-0.00528136
-0.0010291
-0.00514531
-0.000986285
-0.00501282
-0.000954631
-0.00488133
-0.00093097
-0.00474888
-0.000911997
-0.00461427
-0.0008944
-0.00447713
-0.000875143
-0.00433801
-0.000851593
-0.00419831
-0.000821718
-0.00406018
-0.0007843
-0.00392616
-0.000738977
-0.00379887
-0.000686187
-0.00368061
-0.000626959
-0.00357326
-0.000562644
-0.00347818
-0.00049471
-0.00339627
-0.000424622
-0.00332809
-0.000353851
-0.0032738
-0.000283838
-0.00323325
-0.000215933
-0.00320591
-0.000151291
-0.00319099
-9.0783e-05
-0.00318746
-3.49714e-05
-0.00319422
1.58364e-05
-0.00321012
6.16117e-05
-0.00323408
0.000102469
-0.00326505
0.000138565
-0.00330206
0.000170108
-0.00334423
0.000197335
-0.00339073
0.000220503
-0.00344082
0.000239881
-0.00349382
0.000255742
-0.00354909
0.000268359
-0.00360608
0.000277996
-0.00366426
0.000284904
-0.00372318
0.00028932
-0.00378241
0.000291464
-0.00384155
0.000291537
-0.00390027
0.000289718
-0.00395824
0.000286171
-0.00401517
0.000281039
-0.00407078
0.00027445
-0.00412483
0.000266515
-0.00417709
0.000257328
-0.00422734
0.000246971
-0.00427538
0.000235512
-0.00432102
0.000223005
-0.00436407
0.000209493
-0.00440435
0.000195004
-0.00444169
0.000179557
-0.00447592
0.000163155
-0.00450685
0.000145791
-0.00453431
0.000127442
-0.00455811
0.000108071
-0.00457807
8.76239e-05
-0.00459397
6.60277e-05
-0.00460559
4.31876e-05
-0.00461269
1.89846e-05
-0.00461501
-6.72469e-06
-0.00461228
-3.41358e-05
-0.00460415
-6.3514e-05
-0.00459026
-9.5145e-05
-0.00457016
-0.000129367
-0.00454335
-0.000166609
-0.00450925
-0.000207423
-0.00446718
-0.000252529
-0.00441636
-0.000302872
-0.00435585
-0.000359722
-0.00428459
-0.000424814
-0.00420137
-0.00050064
-0.004105
-0.00059083
-0.00399441
-0.000700336
-0.00386856
-0.000835504
-0.00372723
-0.00100684
-0.00357778
-0.00123707
-0.00155859
-0.00344727
-0.00856976
0.00124756
-0.00878117
0.00123226
-0.0089843
0.0010949
-0.0091486
0.000831507
-0.00925121
0.000462553
-0.0092775
2.02423e-05
-0.00922304
-0.000454909
-0.00909338
-0.000921461
-0.00889913
-0.00134726
-0.00865283
-0.00171132
-0.00836743
-0.00200217
-0.00805536
-0.00221565
-0.00772814
-0.0023529
-0.00739616
-0.00241862
-0.00706864
-0.00242004
-0.00675355
-0.00236624
-0.00645741
-0.00226787
-0.00618505
-0.00213675
-0.00593947
-0.00198527
-0.00572173
-0.00182554
-0.00553109
-0.00166839
-0.00536537
-0.00152243
-0.00522141
-0.00139354
-0.00509536
-0.00128514
-0.00498315
-0.00119817
-0.00488083
-0.00113142
-0.00478476
-0.00108235
-0.00469171
-0.00104768
-0.00459881
-0.00102387
-0.00450366
-0.00100716
-0.0044044
-0.00099365
-0.00429991
-0.000979635
-0.00418986
-0.000961643
-0.00407494
-0.00093664
-0.00395684
-0.000902397
-0.00383815
-0.000857667
-0.00372196
-0.000802368
-0.00361144
-0.000737482
-0.00350933
-0.000664751
-0.00341777
-0.000586269
-0.00333824
-0.00050415
-0.00327167
-0.000420422
-0.00321851
-0.00033699
-0.00317883
-0.00025561
-0.00315231
-0.000177816
-0.00313826
-0.000104823
-0.00313577
-3.74676e-05
-0.0031437
2.37727e-05
-0.00316089
7.88019e-05
-0.00318617
0.000127751
-0.00321844
0.000170838
-0.00325668
0.000208354
-0.00329998
0.00024063
-0.00334748
0.000268011
-0.00339845
0.000290849
-0.00345219
0.000309489
-0.0035081
0.000324271
-0.00356562
0.000335517
-0.00362425
0.000343535
-0.00368354
0.000348607
-0.00374307
0.000350997
-0.00380247
0.000350942
-0.00386141
0.000348658
-0.00391957
0.000344337
-0.00397668
0.000338148
-0.00403247
0.000330242
-0.0040867
0.00032075
-0.00413916
0.000309784
-0.00418963
0.00029744
-0.00423791
0.000283798
-0.00428383
0.000268923
-0.0043272
0.000252864
-0.00436785
0.000235657
-0.00440561
0.000217324
-0.00444033
0.00019787
-0.00447182
0.000177287
-0.00449993
0.000155548
-0.00452447
0.000132613
-0.00454526
0.000108418
-0.00456211
8.28796e-05
-0.00457482
5.58903e-05
-0.00458315
2.73131e-05
-0.00458685
-3.01955e-06
-0.00458567
-3.53168e-05
-0.00457931
-6.9876e-05
-0.00456741
-0.000107039
-0.00454959
-0.000147189
-0.00452539
-0.000190813
-0.00449429
-0.000238524
-0.0044557
-0.000291113
-0.00440897
-0.000349608
-0.00435333
-0.000415358
-0.00428797
-0.000490174
-0.00421206
-0.000576556
-0.00412491
-0.000677981
-0.00402619
-0.000799058
-0.00391605
-0.000945639
-0.00379631
-0.00112658
-0.00367523
-0.00135815
-0.00165876
-0.00357506
-0.00741443
0.00142855
-0.00762322
0.00144105
-0.0078245
0.00129617
-0.00798536
0.000992369
-0.00808263
0.000559819
-0.00810204
3.96484e-05
-0.00804133
-0.000515614
-0.00790985
-0.00105294
-0.00772094
-0.00153617
-0.00748837
-0.00194389
-0.00722508
-0.00226546
-0.00694267
-0.00249806
-0.00665133
-0.00264424
-0.00635997
-0.00270998
-0.00607643
-0.00270358
-0.00580749
-0.00263518
-0.00555875
-0.00251661
-0.0053344
-0.00236111
-0.00513693
-0.00218274
-0.00496708
-0.00199539
-0.00482383
-0.00181164
-0.00470484
-0.00164143
-0.00460686
-0.00149152
-0.00452606
-0.00136594
-0.00445838
-0.00126585
-0.00439993
-0.00118987
-0.00434718
-0.0011351
-0.00429695
-0.00109791
-0.0042463
-0.00107452
-0.00419256
-0.0010609
-0.00413349
-0.00105272
-0.00406729
-0.00104583
-0.00399281
-0.00103613
-0.00390977
-0.00101968
-0.00381897
-0.000993199
-0.00372239
-0.000954239
-0.0036231
-0.000901664
-0.00352475
-0.000835825
-0.00343106
-0.000758446
-0.00334517
-0.000672152
-0.00326947
-0.000579852
-0.00320551
-0.000484378
-0.0031542
-0.000388305
-0.00311588
-0.00029392
-0.00309049
-0.000203209
-0.00307752
-0.000117787
-0.00307617
-3.88235e-05
-0.00308535
3.2964e-05
-0.0031039
9.73512e-05
-0.0031306
0.000154448
-0.00316428
0.000204519
-0.00320387
0.000247949
-0.00324841
0.000285173
-0.00329704
0.000316643
-0.00334899
0.000342804
-0.00340359
0.000364088
-0.00346022
0.000380906
-0.00351835
0.000393646
-0.00357748
0.000402669
-0.00363718
0.000408308
-0.00369705
0.000410868
-0.00375673
0.000410626
-0.0038159
0.000407827
-0.00387426
0.000402695
-0.00393153
0.000395423
-0.00398748
0.000386185
-0.00404185
0.000375129
-0.00409445
0.000362385
-0.00414508
0.000348064
-0.00419354
0.000332256
-0.00423965
0.000315038
-0.00428325
0.000296466
-0.00432418
0.000276581
-0.00436226
0.00025541
-0.00439735
0.000232959
-0.00442928
0.000209221
-0.0044579
0.000184167
-0.00448304
0.000157751
-0.00450453
0.000129904
-0.00452218
0.000100533
-0.00453581
6.95178e-05
-0.0045452
3.67068e-05
-0.00455013
1.91106e-06
-0.00455036
-3.5092e-05
-0.00454561
-7.46232e-05
-0.00453558
-0.000117071
-0.00451991
-0.00016286
-0.0044982
-0.000212518
-0.00447002
-0.000266707
-0.00443487
-0.000326266
-0.00439221
-0.00039227
-0.00434146
-0.000466108
-0.00428204
-0.000549596
-0.00421344
-0.000645155
-0.0041354
-0.000756017
-0.00404813
-0.000886333
-0.00395253
-0.00104123
-0.00385135
-0.00122776
-0.00375251
-0.00145698
-0.00173929
-0.00367198
-0.00615562
0.0015956
-0.00635545
0.00164088
-0.00654449
0.00148521
-0.00668825
0.00113613
-0.0067655
0.00063707
-0.00676369
3.7839e-05
-0.00668493
-0.000594371
-0.00654426
-0.00119362
-0.00635758
-0.00172284
-0.00613939
-0.00216209
-0.00590191
-0.00250294
-0.00565518
-0.00274479
-0.00540738
-0.00289203
-0.00516537
-0.00295199
-0.00493504
-0.0029339
-0.0047216
-0.00284863
-0.00452939
-0.00270881
-0.00436168
-0.00252882
-0.00422034
-0.00232408
-0.00410562
-0.00211011
-0.0040162
-0.00190106
-0.00394952
-0.00170811
-0.00390238
-0.00153867
-0.00387102
-0.0013973
-0.00385149
-0.00128537
-0.00384015
-0.00120121
-0.00383369
-0.00114155
-0.00382916
-0.00110244
-0.0038237
-0.00107997
-0.00381458
-0.00107002
-0.00379935
-0.00106795
-0.0037758
-0.00106938
-0.0037421
-0.00106983
-0.00369707
-0.00106471
-0.00364044
-0.00104983
-0.00357317
-0.00102151
-0.0034976
-0.000977237
-0.00341729
-0.000916133
-0.00333652
-0.000839215
-0.0032595
-0.000749169
-0.00318977
-0.000649583
-0.00312986
-0.000544284
-0.00308136
-0.0004368
-0.0030451
-0.000330178
-0.00302131
-0.000226997
-0.00300974
-0.000129356
-0.00300973
-3.88307e-05
-0.00302032
4.35554e-05
-0.00304035
0.00011738
-0.00306858
0.000182678
-0.00310379
0.000239737
-0.00314487
0.000289026
-0.00319079
0.000331099
-0.00324068
0.000366528
-0.00329374
0.000395869
-0.0033493
0.000419649
-0.00340675
0.000438362
-0.00346557
0.000452463
-0.00352527
0.000462374
-0.00358544
0.000468476
-0.00364569
0.000471119
-0.00370567
0.000470614
-0.00376508
0.000467241
-0.00382364
0.000461248
-0.00388107
0.000452857
-0.00393714
0.000442259
-0.00399163
0.000429623
-0.00404434
0.000415094
-0.00409507
0.000398796
-0.00414365
0.000380833
-0.0041899
0.000361287
-0.00423366
0.000340226
-0.00427477
0.000317697
-0.00431309
0.000293728
-0.00434846
0.000268331
-0.00438074
0.000241496
-0.00440976
0.000213196
-0.00443539
0.000183379
-0.00445746
0.000151971
-0.0044758
0.000118873
-0.00449023
8.39542e-05
-0.00450058
4.70489e-05
-0.00450662
7.95508e-06
-0.00450814
-3.3567e-05
-0.00450491
-7.78573e-05
-0.00449665
-0.000125337
-0.00448304
-0.000176462
-0.00446377
-0.000231794
-0.00443845
-0.000292026
-0.00440669
-0.000358025
-0.00436807
-0.000430885
-0.00432219
-0.000511991
-0.00426868
-0.000603113
-0.0042073
-0.000706533
-0.00413814
-0.000825178
-0.00406179
-0.000962676
-0.0039797
-0.00112332
-0.00389502
-0.00131245
-0.00381473
-0.00153727
-0.00180292
-0.0037511
-0.0048105
0.0017416
-0.00499292
0.0018233
-0.00515409
0.00164638
-0.00526003
0.00124207
-0.00529517
0.000672212
-0.00525192
-5.41327e-06
-0.00514015
-0.000706134
-0.00498183
-0.00135194
-0.00479458
-0.0019101
-0.00459243
-0.00236424
-0.00438582
-0.00270955
-0.00418224
-0.00294838
-0.00398709
-0.00308718
-0.00380452
-0.00313457
-0.003638
-0.00310042
-0.00349069
-0.00299594
-0.00336533
-0.00283417
-0.00326398
-0.00263018
-0.00318766
-0.0024004
-0.00313606
-0.00216171
-0.00310743
-0.00192969
-0.00309905
-0.00171649
-0.00310783
-0.00152988
-0.00313024
-0.0013749
-0.00316259
-0.00125302
-0.0032016
-0.0011622
-0.00324439
-0.00109877
-0.00328834
-0.00105849
-0.00333082
-0.0010375
-0.00336912
-0.00103171
-0.00340079
-0.00103628
-0.00342337
-0.00104679
-0.00343456
-0.00105864
-0.0034325
-0.00106676
-0.00341596
-0.00106637
-0.00338472
-0.00105275
-0.00333997
-0.00102198
-0.0032845
-0.000971608
-0.00322246
-0.000901245
-0.00315876
-0.000812874
-0.00309811
-0.000710232
-0.00304432
-0.000598068
-0.00300002
-0.0004811
-0.00296675
-0.00036345
-0.00294521
-0.000248532
-0.00293548
-0.000139084
-0.00293713
-3.71847e-05
-0.00294933
5.57591e-05
-0.002971
0.000139051
-0.0030009
0.000212585
-0.00303779
0.000276628
-0.00308049
0.000331724
-0.00312793
0.000378547
-0.0031792
0.0004178
-0.0032335
0.000450166
-0.00329013
0.000476283
-0.0033485
0.000496734
-0.00340809
0.000512052
-0.00346843
0.000522718
-0.00352912
0.000529167
-0.00358979
0.000531789
-0.00365011
0.000530935
-0.00370979
0.000526915
-0.00376854
0.000520004
-0.00382613
0.000510445
-0.00388232
0.000498453
-0.00393691
0.000484211
-0.0039897
0.000467881
-0.0040405
0.0004496
-0.00408915
0.000429481
-0.00413548
0.00040762
-0.00417934
0.000384089
-0.00422058
0.000358941
-0.00425907
0.000332211
-0.00429465
0.000303912
-0.00432719
0.000274035
-0.00435655
0.000242553
-0.00438258
0.000209413
-0.00440514
0.000174535
-0.00442408
0.000137814
-0.00443924
9.9111e-05
-0.00445044
5.82521e-05
-0.00445751
1.5023e-05
-0.00446025
-3.08305e-05
-0.00445845
-7.96611e-05
-0.00445187
-0.000131913
-0.00444026
-0.000188068
-0.00442335
-0.000248709
-0.00440083
-0.000314544
-0.00437241
-0.000386451
-0.00433778
-0.000465517
-0.00429668
-0.000553091
-0.00424893
-0.000650858
-0.00419454
-0.000760922
-0.00413385
-0.000885874
-0.00406771
-0.00102881
-0.00399783
-0.00119321
-0.00392734
-0.00138294
-0.00386217
-0.00160244
-0.00185393
-0.00381116
-0.00339707
0.00185793
-0.00355091
0.00197715
-0.00366058
0.00175605
-0.00369807
0.00127956
-0.00365811
0.000632245
-0.00354666
-0.000116859
-0.00338633
-0.000866463
-0.00320273
-0.00153554
-0.00301396
-0.00209886
-0.00283174
-0.00254646
-0.00266311
-0.00287818
-0.00251189
-0.00309959
-0.00237996
-0.00321911
-0.0022682
-0.00324633
-0.00217723
-0.0031914
-0.00210778
-0.00306539
-0.00206065
-0.00288129
-0.00203636
-0.00265447
-0.00203483
-0.00240193
-0.00205502
-0.00214152
-0.00209472
-0.00189
-0.00215102
-0.00166018
-0.00222112
-0.00145979
-0.00230182
-0.0012942
-0.00238992
-0.00116492
-0.00248274
-0.00106939
-0.00257792
-0.00100359
-0.00267334
-0.000963063
-0.00276664
-0.000944206
-0.00285522
-0.00094313
-0.00293671
-0.000954796
-0.00300854
-0.000974955
-0.00306811
-0.000999075
-0.0031131
-0.00102177
-0.0031415
-0.00103797
-0.00315209
-0.00104215
-0.00314481
-0.00102926
-0.00312121
-0.000995211
-0.00308463
-0.000937819
-0.00303991
-0.00085759
-0.00299262
-0.000757525
-0.00294791
-0.000642775
-0.00290976
-0.000519252
-0.00288076
-0.000392442
-0.00286235
-0.000266939
-0.00285507
-0.000146366
-0.00285878
-3.34697e-05
-0.00287289
6.98634e-05
-0.00289641
0.000162575
-0.00292816
0.000244336
-0.00296687
0.000315343
-0.00301133
0.000376184
-0.00306043
0.00042765
-0.00311321
0.000470587
-0.00316886
0.000505816
-0.00322668
0.000534099
-0.00328606
0.00055612
-0.0033465
0.000572494
-0.00340755
0.00058377
-0.00346882
0.000590436
-0.00352995
0.000592925
-0.00359064
0.000591624
-0.0036506
0.000586873
-0.00370957
0.000578975
-0.00376732
0.000568194
-0.00382362
0.000554761
-0.00387829
0.000538881
-0.00393114
0.000520727
-0.00398199
0.000500449
-0.00403067
0.000478172
-0.00407705
0.000453999
-0.00412097
0.000428011
-0.0041623
0.000400268
-0.0042009
0.000370809
-0.00423663
0.000339649
-0.00426938
0.000306782
-0.00429901
0.000272181
-0.00432538
0.00023579
-0.00434838
0.000197529
-0.00436785
0.000157287
-0.00438366
0.00011492
-0.00439565
7.02464e-05
-0.00440367
2.30433e-05
-0.00440755
-2.69546e-05
-0.0044071
-8.0106e-05
-0.00440215
-0.000136871
-0.00439247
-0.00019775
-0.00437784
-0.000263335
-0.00435804
-0.000334339
-0.00433286
-0.000411633
-0.00430211
-0.000496275
-0.00426564
-0.000589556
-0.00422345
-0.000693048
-0.00417572
-0.000808651
-0.00412298
-0.000938622
-0.00406625
-0.00108554
-0.00400733
-0.00125213
-0.00394918
-0.00144108
-0.00389672
-0.0016549
-0.00189399
-0.00385666
-0.00193042
0.00193745
-0.00203874
0.00208547
-0.00205902
0.00177632
-0.00198416
0.0012047
-0.00182689
0.000474969
-0.001616
-0.000327748
-0.00139217
-0.00109029
-0.00118015
-0.00174756
-0.000993903
-0.00228512
-0.000839734
-0.00270063
-0.000719408
-0.00299851
-0.000632049
-0.00318695
-0.000575434
-0.00327572
-0.000546907
-0.00327486
-0.000544032
-0.00319427
-0.000564934
-0.00304449
-0.000608157
-0.00283807
-0.000672332
-0.0025903
-0.000756014
-0.00231825
-0.000857233
-0.0020403
-0.000973216
-0.00177401
-0.00110099
-0.00153241
-0.00123807
-0.0013227
-0.00138177
-0.00115051
-0.00152969
-0.001017
-0.00168003
-0.000919048
-0.00183117
-0.000852447
-0.00198146
-0.00081277
-0.00212885
-0.000796817
-0.00227094
-0.000801042
-0.00240544
-0.000820291
-0.00252976
-0.000850642
-0.00264104
-0.000887792
-0.00273669
-0.000926122
-0.00281417
-0.00096049
-0.00287147
-0.000984847
-0.00290745
-0.000993279
-0.00292234
-0.000980325
-0.0029182
-0.000941957
-0.00289904
-0.000876747
-0.00287056
-0.000786007
-0.00283895
-0.000674381
-0.00280968
-0.00054852
-0.00278676
-0.000415358
-0.00277267
-0.000281027
-0.00276864
-0.000150396
-0.00277498
-2.71316e-05
-0.00279137
8.62518e-05
-0.00281702
0.000188227
-0.00285081
0.000278137
-0.00289151
0.000356044
-0.00293788
0.000422547
-0.00298876
0.000478538
-0.00304318
0.000525008
-0.00310029
0.000562929
-0.00315939
0.000593195
-0.00321987
0.000616607
-0.00328125
0.000633868
-0.00334307
0.000645597
-0.00340497
0.000652338
-0.00346662
0.000654569
-0.0035277
0.000652714
-0.00358797
0.000647141
-0.00364717
0.000638177
-0.00370509
0.000626109
-0.00376151
0.000611186
-0.00381626
0.000593627
-0.00386915
0.00057362
-0.00392003
0.000551326
-0.00396873
0.000526881
-0.00401513
0.000500397
-0.00405908
0.000471963
-0.00410046
0.000441643
-0.00413913
0.000409482
-0.00417498
0.0003755
-0.00420789
0.000339692
-0.00423774
0.00030203
-0.00426441
0.000262461
-0.00428778
0.000220901
-0.00430774
0.000177238
-0.00432414
0.000131323
-0.00433686
8.29709e-05
-0.00434577
3.19524e-05
-0.00435072
-2.2006e-05
-0.00435157
-7.92617e-05
-0.00434816
-0.000140283
-0.00434032
-0.000205584
-0.0043279
-0.000275758
-0.00431073
-0.00035151
-0.00428868
-0.000433688
-0.00426164
-0.000523308
-0.00422961
-0.000621585
-0.0041927
-0.00072996
-0.00415123
-0.000850124
-0.00410585
-0.000984006
-0.00405767
-0.00113371
-0.00400848
-0.00130132
-0.00396096
-0.0014886
-0.00391911
-0.00169675
-0.00192518
-0.00388792
-0.000418581
0.00199682
-0.00044474
0.00211163
-0.000308135
0.00163972
-5.57453e-05
0.000952314
0.000268077
0.000151146
0.000601527
-0.000661199
0.000890194
-0.00137896
0.00112127
-0.00197863
0.00129118
-0.00245503
0.00140211
-0.00281156
0.00145906
-0.00305546
0.00146817
-0.00319606
0.00143578
-0.00324333
0.00136789
-0.00320697
0.0012698
-0.00309619
0.00114593
-0.00292061
0.00100009
-0.00269224
0.000835819
-0.00242603
0.000656281
-0.00213871
0.000464629
-0.00184865
0.000264265
-0.00157365
5.79385e-05
-0.00132609
-0.00015197
-0.00111279
-0.000363445
-0.000939032
-0.000575438
-0.000805003
-0.000787437
-0.000707048
-0.000998698
-0.000641186
-0.00120792
-0.000603543
-0.00141332
-0.000591419
-0.00161281
-0.000601549
-0.00180416
-0.000628945
-0.00198467
-0.000670137
-0.00215132
-0.000721134
-0.00230131
-0.000776136
-0.00243169
-0.000830103
-0.00253999
-0.000876553
-0.00262422
-0.000909049
-0.00268345
-0.000921088
-0.0027184
-0.00090701
-0.00273171
-0.000863435
-0.0027284
-0.00078931
-0.00271505
-0.000687736
-0.00269837
-0.000565195
-0.00268401
-0.000429714
-0.00267587
-0.00028917
-0.00267617
-0.000150093
-0.00268586
-1.74371e-05
-0.00270504
0.000105429
-0.00273317
0.00021636
-0.00276927
0.000314239
-0.00281214
0.000398919
-0.00286056
0.000470962
-0.00291335
0.000531337
-0.00296952
0.000581175
-0.00302819
0.000621603
-0.00308866
0.000653663
-0.00315033
0.000678276
-0.0032127
0.000696243
-0.00327536
0.000708258
-0.00333795
0.000714925
-0.00340014
0.000716766
-0.00346167
0.000714239
-0.00352227
0.000707745
-0.00358172
0.000697631
-0.00363982
0.000684206
-0.00369636
0.000667735
-0.00375119
0.000648451
-0.00380412
0.000626556
-0.00385502
0.000602223
-0.00390373
0.000575597
-0.00395013
0.000546798
-0.00399409
0.000515923
-0.00403549
0.000483042
-0.00407421
0.000448205
-0.00411015
0.000411436
-0.00414319
0.000372732
-0.00417322
0.000332068
-0.00420015
0.000289389
-0.00422386
0.000244612
-0.00424425
0.000197624
-0.0042612
0.000148275
-0.0042746
9.63761e-05
-0.00428435
4.1696e-05
-0.00429031
-1.60446e-05
-0.00429238
-7.71944e-05
-0.00429044
-0.000142223
-0.00428437
-0.000211654
-0.00427405
-0.000286072
-0.00425939
-0.000366167
-0.00424033
-0.000452754
-0.00421684
-0.000546795
-0.00418901
-0.000649414
-0.00415706
-0.000761916
-0.0041214
-0.000885783
-0.00408276
-0.00102264
-0.0040423
-0.00117417
-0.0040017
-0.00134192
-0.00396335
-0.00152695
-0.0039305
-0.0017296
-0.00194869
-0.00390698
0.00105894
0.00188703
0.00130587
0.0018647
0.00173088
0.0012147
0.00224807
0.000435122
0.0027655
-0.00036628
0.0032008
-0.00109651
0.00352752
-0.00170568
0.00374873
-0.00219983
0.00387462
-0.00258093
0.00391742
-0.00285435
0.00388928
-0.00302733
0.00380137
-0.00310815
0.00366358
-0.00310553
0.00348458
-0.00302798
0.00327192
-0.00288353
0.0030321
-0.0026808
0.00277117
-0.00243131
0.00249501
-0.00214986
0.00220885
-0.00185255
0.00191736
-0.00155716
0.00162481
-0.0012811
0.0013342
-0.00103548
0.00104716
-0.000825755
0.000763627
-0.000655498
0.000483116
-0.000524493
0.000204722
-0.000428654
-7.18971e-05
-0.000364568
-0.000345127
-0.000330313
-0.000613291
-0.000323256
-0.000875156
-0.000339684
-0.0011282
-0.000375897
-0.00136949
-0.000428846
-0.00159595
-0.000494681
-0.00180446
-0.000567628
-0.0019918
-0.000642757
-0.00215522
-0.000713135
-0.00229219
-0.000772073
-0.00240092
-0.000812363
-0.00248093
-0.000826991
-0.0025334
-0.000810965
-0.00256209
-0.000760619
-0.00257309
-0.000676734
-0.00257378
-0.000564507
-0.00257133
-0.000432161
-0.00257134
-0.000289154
-0.00257743
-0.000144008
-0.00259145
-3.41557e-06
-0.00261407
0.000128058
-0.00264515
0.000247433
-0.00268387
0.00035296
-0.00272914
0.000444192
-0.00277976
0.000521591
-0.0028346
0.000586171
-0.00289261
0.000639188
-0.00295293
0.000681927
-0.00301484
0.000715578
-0.00307776
0.000741194
-0.0031412
0.000759679
-0.00320474
0.000771807
-0.00326806
0.000778242
-0.00333084
0.000779553
-0.00339284
0.000776233
-0.0034538
0.00076871
-0.00351353
0.000757357
-0.00357182
0.000742498
-0.0036285
0.000724416
-0.0036834
0.000703358
-0.00373638
0.000679537
-0.0037873
0.000653136
-0.00383601
0.000624311
-0.0038824
0.00059319
-0.00392636
0.000559876
-0.00396776
0.000524448
-0.00400651
0.000486957
-0.00404251
0.000447433
-0.00407565
0.000405877
-0.00410585
0.000362264
-0.00413301
0.000316543
-0.00415702
0.00026863
-0.00417781
0.000218411
-0.00419527
0.000165736
-0.00420931
0.000110417
-0.00421984
5.22238e-05
-0.00422676
-9.12857e-06
-0.00422998
-7.39718e-05
-0.00422943
-0.000142768
-0.00422504
-0.000216049
-0.00421673
-0.000294384
-0.00420446
-0.00037844
-0.00418822
-0.00046899
-0.00416808
-0.000566934
-0.0041442
-0.000673302
-0.00411685
-0.00078926
-0.00408655
-0.000916089
-0.00405405
-0.00105514
-0.00402048
-0.00120774
-0.00398742
-0.00137498
-0.00395695
-0.00155743
-0.00393171
-0.00175485
-0.00196576
-0.00391464
0.00268104
0.00130526
0.0035364
0.00100935
0.00441769
0.000333407
0.00523654
-0.000383721
0.00589173
-0.00102148
0.00634946
-0.00155424
0.00663709
-0.00199331
0.00678151
-0.00234425
0.00680812
-0.00260754
0.00673866
-0.0027849
0.0065909
-0.00287957
0.00637904
-0.00289629
0.0061146
-0.0028411
0.00580727
-0.00272064
0.00546541
-0.00254167
0.00509669
-0.00231207
0.0047089
-0.00204352
0.00431024
-0.0017512
0.00390831
-0.00145062
0.00350943
-0.00115829
0.00311843
-0.000890094
0.00273783
-0.000654878
0.00236836
-0.000456282
0.00200813
-0.000295273
0.00165443
-0.000170792
0.00130523
-7.94537e-05
0.000959958
-1.92969e-05
0.000618797
1.08471e-05
0.000282093
1.34485e-05
-4.89253e-05
-8.66589e-06
-0.000370223
-5.45983e-05
-0.000678148
-0.000120921
-0.000970155
-0.000202674
-0.00124245
-0.000295334
-0.00149151
-0.000393691
-0.00171457
-0.000490083
-0.0019088
-0.000577835
-0.00207176
-0.000649404
-0.00220219
-0.00069656
-0.00229995
-0.0007132
-0.00236738
-0.000693196
-0.00240941
-0.0006347
-0.00243322
-0.000540696
-0.00244702
-0.000418355
-0.00245817
-0.000278007
-0.00247195
-0.000130219
-0.00249159
1.62177e-05
-0.00251856
0.000155032
-0.00255316
0.000282042
-0.00259491
0.000394702
-0.00264284
0.000492132
-0.00269587
0.000574616
-0.00275286
0.000643165
-0.00281281
0.00069914
-0.00287485
0.00074397
-0.00293827
0.000779
-0.00300249
0.000805413
-0.00306703
0.000824222
-0.00313151
0.000836285
-0.00319559
0.000842327
-0.003259
0.000842964
-0.00332149
0.000838724
-0.00338285
0.000830063
-0.00344286
0.000817375
-0.00350137
0.000801002
-0.00355819
0.000781243
-0.00361319
0.000758356
-0.00366622
0.000732566
-0.00371715
0.000704067
-0.00376586
0.000673022
-0.00381224
0.000639568
-0.00385617
0.000603816
-0.00389757
0.000565849
-0.00393634
0.000525725
-0.00397239
0.000483477
-0.00400562
0.00043911
-0.00403595
0.000392602
-0.00406331
0.000343902
-0.00408761
0.00029293
-0.00410877
0.000239571
-0.00412671
0.000183676
-0.00414136
0.00012506
-0.00415263
6.34934e-05
-0.00416044
-1.30936e-06
-0.00416476
-6.96579e-05
-0.00416553
-0.000141996
-0.00416272
-0.000218861
-0.0041563
-0.000300804
-0.00414628
-0.000388462
-0.00413271
-0.000482562
-0.0041157
-0.000583938
-0.00409548
-0.000693522
-0.0040724
-0.000812345
-0.00404698
-0.000941504
-0.00402002
-0.00108211
-0.00399259
-0.00123517
-0.00396613
-0.00140144
-0.00394245
-0.00158112
-0.00392367
-0.00177362
-0.00197727
-0.00391216
0.00575546
-0.000362418
0.00748293
-0.000718125
0.00874027
-0.000923928
0.00956438
-0.00120783
0.0100597
-0.00151677
0.0103117
-0.00180628
0.0103809
-0.00206251
0.0103128
-0.00227611
0.0101407
-0.00243552
0.00988812
-0.00253228
0.00957079
-0.00256224
0.00919984
-0.00252534
0.00878363
-0.00242489
0.00832935
-0.00226636
0.00784389
-0.00205621
0.00733459
-0.00180278
0.00681037
-0.00151929
0.00628168
-0.00122251
0.00575889
-0.000927829
0.00524981
-0.000649213
0.00475831
-0.000398591
0.00428478
-0.000181344
0.00383005
-1.55461e-06
0.00339039
0.000144383
0.00295837
0.000261231
0.00253114
0.000347778
0.00210817
0.000403674
0.00169011
0.000428907
0.00127846
0.000425095
0.000874888
0.000394907
0.000481244
0.000339046
9.93099e-05
0.000261014
-0.000266434
0.00016307
-0.000609588
4.78212e-05
-0.000926356
-7.69229e-05
-0.00121447
-0.000201965
-0.00147113
-0.000321176
-0.00169323
-0.000427308
-0.00187906
-0.000510723
-0.00202768
-0.000564576
-0.00214014
-0.000580734
-0.00221999
-0.000554854
-0.00227339
-0.000487292
-0.00230881
-0.000382937
-0.002335
-0.000251811
-0.00235913
-0.000106093
-0.00238606
4.3158e-05
-0.00241849
0.000187457
-0.00245738
0.000320936
-0.00250265
0.00043997
-0.00255358
0.000543071
-0.00260922
0.000630249
-0.0026685
0.000702454
-0.00273048
0.000761115
-0.0027943
0.000807791
-0.00285927
0.00084397
-0.00292482
0.000870968
-0.0029905
0.000889905
-0.00305594
0.000901722
-0.00312082
0.000907207
-0.00318487
0.000907024
-0.00324789
0.000901736
-0.00330965
0.000891824
-0.00336997
0.000877704
-0.0034287
0.000859734
-0.00348569
0.000838227
-0.00354079
0.000813454
-0.00359387
0.00078565
-0.00364482
0.000755018
-0.00369353
0.00072173
-0.00373989
0.000685931
-0.00378381
0.000647737
-0.0038252
0.000607238
-0.00386397
0.000564499
-0.00390005
0.000519555
-0.00393336
0.000472416
-0.00396382
0.000423064
-0.00399137
0.000371449
-0.00401593
0.000317493
-0.00403744
0.000261083
-0.00405584
0.000202073
-0.00407106
0.000140277
-0.00408303
7.54676e-05
-0.00409171
7.36713e-06
-0.00409705
-6.43129e-05
-0.00409906
-0.000139988
-0.00409773
-0.000220187
-0.00409309
-0.000305449
-0.00408518
-0.000396375
-0.00407409
-0.000493646
-0.00406
-0.000598026
-0.00404317
-0.000710353
-0.00402399
-0.000831527
-0.00400302
-0.000962478
-0.00398102
-0.0011041
-0.00395903
-0.00125716
-0.00393834
-0.00142213
-0.00392049
-0.00159897
-0.00390719
-0.00178692
-0.00198411
-0.00390036
0.0258173
0.000486925
0.024833
0.000266184
0.0238765
3.25861e-05
0.0229271
-0.000258481
0.0220167
-0.000606289
0.0211678
-0.000957401
0.0203779
-0.00127264
0.0196306
-0.00152875
0.0189055
-0.00171046
0.0181834
-0.00181018
0.0174485
-0.00182731
0.0166896
-0.00176644
0.0159004
-0.00163569
0.015079
-0.00144501
0.0142281
-0.00120527
0.0133546
-0.000929277
0.0124706
-0.000635301
0.0115924
-0.00034434
0.0107403
-7.57339e-05
0.00992628
0.000164818
0.00914395
0.000383741
0.0083823
0.000580308
0.00763086
0.000749882
0.00688709
0.000888155
0.00615419
0.000994123
0.00543388
0.00106809
0.00472734
0.00111022
0.00403556
0.00112069
0.00336
0.00110066
0.00270272
0.00105218
0.00206523
0.000976534
0.00144969
0.00087656
0.000858028
0.00075473
0.000290909
0.000614941
-0.000246901
0.000460887
-0.000745366
0.000296502
-0.00119642
0.000129882
-0.00159451
-2.92236e-05
-0.00193668
-0.000168548
-0.00222201
-0.000279244
-0.00245045
-0.000352298
-0.00262472
-0.000380576
-0.00275106
-0.000360951
-0.00284007
-0.000293921
-0.00290478
-0.000187104
-0.00295752
-5.33539e-05
-0.00300786
9.35081e-05
-0.00306171
0.000241305
-0.0031217
0.000380926
-0.00318852
0.000506793
-0.00326174
0.000616292
-0.00334037
0.000708878
-0.00342322
0.000785306
-0.00350912
0.000847023
-0.00359705
0.000895718
-0.00368612
0.000933045
-0.00377563
0.000960478
-0.003865
0.000979275
-0.00395376
0.000990484
-0.00404152
0.000994976
-0.00412797
0.000993475
-0.00421283
0.000986589
-0.00429583
0.000974834
-0.00437678
0.000958651
-0.00445547
0.000938421
-0.00453171
0.000914473
-0.00460535
0.000887093
-0.00467623
0.00085653
-0.00474421
0.000822997
-0.00480916
0.000786678
-0.00487095
0.000747727
-0.00492948
0.00070627
-0.00498465
0.000662405
-0.00503635
0.000616202
-0.0050845
0.000567705
-0.00512902
0.000516929
-0.00516981
0.000463859
-0.00520681
0.000408453
-0.00523995
0.000350634
-0.00526917
0.000290295
-0.00529438
0.000227292
-0.00531555
0.000161445
-0.00533262
9.25319e-05
-0.00534554
2.02905e-05
-0.00535431
-5.55479e-05
-0.00535894
-0.000135355
-0.00535949
-0.000219635
-0.00535604
-0.000308899
-0.00534871
-0.000403708
-0.00533768
-0.000504676
-0.00532323
-0.000612474
-0.00530576
-0.00072782
-0.00528583
-0.000851457
-0.00526419
-0.000984119
-0.00524183
-0.00112647
-0.00521998
-0.00127901
-0.00520017
-0.00144194
-0.00518412
-0.00161502
-0.00517369
-0.00179735
-0.00198734
-0.00517046
0.0269397
0.000213862
0.0270142
0.000191755
0.0269979
4.88058e-05
0.0268672
-0.000127792
0.0265984
-0.000337465
0.026197
-0.000555942
0.0256773
-0.00075297
0.0250555
-0.000906935
0.0243477
-0.00100269
0.0235678
-0.00103025
0.0227255
-0.000985031
0.0218267
-0.0008676
0.0208746
-0.000683629
0.0198738
-0.000444192
0.0188384
-0.000169928
0.0177952
0.00011394
0.0167641
0.00039586
0.015748
0.000671726
0.0147373
0.000934933
0.0137254
0.00117673
0.0127185
0.0013906
0.0117247
0.00157419
0.0107483
0.00172627
0.00979151
0.00184492
0.00885646
0.00192918
0.00794523
0.00197931
0.00705943
0.00199602
0.00620007
0.00198005
0.00536804
0.00193268
0.00456453
0.0018557
0.00379035
0.00175072
0.00304665
0.00162026
0.00233443
0.00146695
0.00165501
0.00129437
0.00100995
0.00110595
0.000400683
0.000905771
-0.000169263
0.000699829
-0.000691423
0.000492938
-0.00115606
0.000296087
-0.0015575
0.000122202
-0.00189187
-1.79257e-05
-0.00215983
-0.000112618
-0.0023662
-0.000154582
-0.00251943
-0.000140686
-0.00263215
-7.43827e-05
-0.00271908
3.35823e-05
-0.0027935
0.000167933
-0.00286459
0.000312391
-0.00293728
0.00045362
-0.00301378
0.000583292
-0.00309458
0.000697095
-0.00317928
0.000793581
-0.00326708
0.000873111
-0.00335709
0.00093703
-0.00344844
0.000987076
-0.00354041
0.00102501
-0.00363236
0.00105243
-0.00372379
0.00107071
-0.00381428
0.00108098
-0.00390348
0.00108418
-0.0039911
0.0010811
-0.0040769
0.00107238
-0.00416064
0.00105858
-0.00424214
0.00104015
-0.00432122
0.0010175
-0.00439773
0.00099098
-0.00447151
0.00096088
-0.00454244
0.000927463
-0.0046104
0.000890955
-0.00467527
0.00085155
-0.00473696
0.000809411
-0.00479536
0.000764673
-0.00485039
0.00071744
-0.00490198
0.000667792
-0.00495006
0.000615779
-0.00499455
0.000561421
-0.0050354
0.000504712
-0.00507256
0.000445613
-0.00510598
0.000384054
-0.00513562
0.000319934
-0.00516145
0.000253117
-0.00518343
0.000183431
-0.00520156
0.000110666
-0.00521585
3.45774e-05
-0.00522631
-4.50941e-05
-0.00523298
-0.000128683
-0.00523596
-0.000216653
-0.00523537
-0.000309486
-0.00523139
-0.000407696
-0.00522423
-0.000511831
-0.00521423
-0.000622475
-0.00520182
-0.000740233
-0.00518756
-0.00086571
-0.00517221
-0.000999476
-0.00515667
-0.00114201
-0.00514207
-0.00129361
-0.0051297
-0.00145431
-0.00512098
-0.00162373
-0.00511735
-0.00180099
-0.00198468
-0.00512001
0.0267707
0.000109783
0.0268356
0.0001269
0.0268418
4.25789e-05
0.026796
-8.1921e-05
0.026685
-0.000226501
0.0265029
-0.000373806
0.0262512
-0.000501274
0.0259342
-0.000589954
0.0255577
-0.000626174
0.0251278
-0.000600439
0.0246501
-0.000507297
0.0241275
-0.000344957
0.0235597
-0.000115891
0.0229433
0.000172201
0.0222636
0.000509763
0.0214945
0.000883106
0.0206201
0.00127024
0.0196434
0.00164837
0.0185799
0.00199847
0.0174519
0.00230477
0.0162849
0.00255754
0.0151042
0.00275495
0.0139297
0.00290076
0.0127745
0.00300012
0.0116462
0.00305746
0.0105493
0.00307622
0.0094864
0.0030589
0.00845908
0.00300738
0.00746834
0.00292342
0.00651509
0.00280895
0.00559991
0.0026659
0.00472348
0.00249669
0.00388638
0.00230404
0.00308941
0.00209133
0.00233329
0.00186207
0.00161879
0.00162027
0.00094737
0.00137125
0.000320033
0.00112028
-0.000257078
0.0008732
-0.000773202
0.000638327
-0.00122097
0.000429844
-0.00159774
0.000264158
-0.00190155
0.00014923
-0.00213686
9.46175e-05
-0.00231448
0.000103245
-0.00244986
0.000168961
-0.00255865
0.000276729
-0.00265356
0.000407304
-0.00274313
0.000543187
-0.00283195
0.000672117
-0.002922
0.000787154
-0.0030138
0.000885382
-0.00310715
0.000966457
-0.00320156
0.00103144
-0.00329647
0.00108199
-0.00339136
0.0011199
-0.00348575
0.00114682
-0.00357923
0.00116418
-0.00367143
0.00117318
-0.00376207
0.00117481
-0.00385087
0.0011699
-0.00393762
0.00115913
-0.00402212
0.00114308
-0.00410421
0.00112224
-0.00418372
0.00109702
-0.00426052
0.00106778
-0.00433448
0.00103485
-0.0044055
0.00099848
-0.00447347
0.000958921
-0.00453829
0.000916372
-0.00459988
0.000871005
-0.00465817
0.000822962
-0.00471309
0.000772359
-0.00476457
0.000719281
-0.00481258
0.000663784
-0.00485705
0.000605898
-0.00489796
0.000545621
-0.00493527
0.000482922
-0.00496896
0.000417741
-0.00499901
0.000349983
-0.00502541
0.00027952
-0.00504817
0.000206194
-0.00506731
0.000129806
-0.00508286
5.01286e-05
-0.00509486
-3.30918e-05
-0.0051034
-0.000120146
-0.0051086
-0.000211454
-0.00511062
-0.000307469
-0.00510966
-0.000408657
-0.00510599
-0.000515503
-0.00509995
-0.000628508
-0.00509201
-0.000748178
-0.00508272
-0.000874997
-0.0050728
-0.0010094
-0.0050631
-0.00115171
-0.0050546
-0.0013021
-0.00504843
-0.00146048
-0.00504574
-0.00162642
-0.00504766
-0.00179907
-0.00197721
-0.00505513
0.0267117
6.47636e-05
0.02675
8.8617e-05
0.0267434
4.91857e-05
0.0266862
-2.47864e-05
0.026572
-0.000112289
0.026397
-0.000198752
0.0261635
-0.000267774
0.0258773
-0.000303847
0.0255461
-0.000294893
0.0251776
-0.000231991
0.02478
-0.000109705
0.0243608
7.42659e-05
0.023925
0.000319882
0.0234729
0.000624286
0.0230009
0.000981853
0.0224999
0.00138406
0.0219522
0.00181793
0.0213337
0.0022669
0.0206205
0.00271161
0.0197951
0.00313019
0.0188522
0.00350048
0.0178025
0.00380462
0.0166704
0.00403284
0.0154864
0.00418415
0.0142794
0.00426443
0.0130727
0.00428293
0.0118827
0.00424892
0.0107201
0.00416994
0.00959187
0.00405169
0.00850229
0.00389853
0.0074542
0.00371399
0.0064495
0.00350139
0.0054895
0.00326405
0.00457524
0.00300559
0.0037075
0.00272982
0.00288683
0.00244093
0.00211408
0.00214401
0.00139013
0.00184422
0.00071622
0.00154712
9.41675e-05
0.00126038
-0.000465285
0.000989298
-0.000950188
0.000749063
-0.00135732
0.000556369
-0.0016874
0.000424694
-0.00194612
0.000361968
-0.00214491
0.000367757
-0.00229966
0.000431475
-0.00242661
0.000534262
-0.00253843
0.000655006
-0.00264299
0.000776676
-0.00274442
0.000888585
-0.00284458
0.00098555
-0.00294417
0.00106605
-0.00304332
0.00113059
-0.0031419
0.00118058
-0.00323972
0.00121772
-0.00333648
0.00124359
-0.00343193
0.00125963
-0.00352579
0.00126704
-0.00361781
0.00126684
-0.00370777
0.00125987
-0.00379548
0.00124684
-0.00388075
0.00122836
-0.00396344
0.00120493
-0.00404341
0.00117699
-0.00412054
0.00114491
-0.00419472
0.00110903
-0.00426585
0.00106961
-0.00433386
0.00102693
-0.00439866
0.000981172
-0.00446019
0.000932534
-0.00451839
0.000881164
-0.00457321
0.000827183
-0.00462461
0.000770685
-0.00467256
0.000711734
-0.00471703
0.000650367
-0.004758
0.00058659
-0.00479546
0.00052038
-0.0048294
0.000451684
-0.00485984
0.000380418
-0.00488678
0.000306466
-0.00491027
0.00022968
-0.00493034
0.000149879
-0.00494706
6.68446e-05
-0.00496048
-1.96702e-05
-0.00497072
-0.000109909
-0.00497793
-0.000204238
-0.00498231
-0.000303093
-0.00498408
-0.000406891
-0.00498352
-0.000516059
-0.00498101
-0.000631021
-0.00497699
-0.000752195
-0.00497203
-0.000879962
-0.00496678
-0.00101465
-0.00496203
-0.00115646
-0.00495865
-0.00130548
-0.00495761
-0.00146153
-0.00495986
-0.00162418
-0.00496629
-0.00179263
-0.00196586
-0.00497764
0.026681
5.03965e-05
0.0266883
8.13919e-05
0.0266621
7.53312e-05
0.0265937
4.36676e-05
0.0264787
2.64889e-06
0.0263146
-3.45899e-05
0.0261017
-5.49355e-05
0.0258435
-4.56174e-05
0.0255447
3.90009e-06
0.0252114
0.000101324
0.0248499
0.000251764
0.0244665
0.000457685
0.0240674
0.000718922
0.0236579
0.00103378
0.0232409
0.00139892
0.0228159
0.00180904
0.022378
0.0022558
0.0219168
0.00272811
0.0214155
0.00321293
0.0208512
0.00369451
0.020198
0.00415364
0.0194339
0.00456875
0.0185479
0.00491884
0.0175448
0.00518719
0.0164444
0.00536485
0.0152753
0.00545201
0.0140679
0.00545632
0.0128486
0.00538921
0.0116379
0.00526245
0.0104501
0.00508625
0.00929539
0.00486874
0.00818029
0.00461649
0.00710934
0.00433499
0.00608562
0.00402932
0.00511117
0.00370427
0.00418733
0.00336477
0.0033152
0.00301614
0.00249557
0.00266386
0.00172906
0.00231363
0.00101713
0.00197231
0.00036092
0.00164551
-0.000231638
0.00134162
-0.000747314
0.00107205
-0.00117801
0.000855387
-0.00152651
0.000710479
-0.00180028
0.000641529
-0.00201277
0.000643969
-0.0021813
0.000702796
-0.00232202
0.000795727
-0.0024466
0.000901253
-0.00256204
0.00100403
-0.00267213
0.00109564
-0.00277879
0.00117272
-0.00288305
0.00123485
-0.00298542
0.00128295
-0.0030861
0.0013184
-0.00318513
0.00134263
-0.00328243
0.00135693
-0.00337784
0.00136245
-0.00347117
0.00136017
-0.00356225
0.00135094
-0.00365088
0.00133548
-0.00373693
0.0013144
-0.00382023
0.00128824
-0.00390068
0.00125744
-0.00397817
0.0012224
-0.00405259
0.00118345
-0.00412388
0.0011409
-0.00419195
0.00109501
-0.00425677
0.00104599
-0.00431827
0.000994033
-0.00437641
0.000939308
-0.00443117
0.00088194
-0.00448251
0.00082203
-0.00453043
0.000759651
-0.00457491
0.000694846
-0.00461594
0.00062763
-0.00465355
0.000557988
-0.00468774
0.000485876
-0.00471855
0.000411222
-0.004746
0.000333922
-0.00477016
0.000253839
-0.00479109
0.000170809
-0.00480888
8.46297e-05
-0.0048236
-4.94697e-06
-0.00483539
-9.8118e-05
-0.00484444
-0.00019519
-0.00485094
-0.000296586
-0.00485515
-0.00040268
-0.00485737
-0.000513841
-0.00485797
-0.000630427
-0.00485738
-0.000752777
-0.00485616
-0.000881189
-0.00485491
-0.00101589
-0.00485434
-0.00115703
-0.00485524
-0.00130458
-0.00485842
-0.00145835
-0.00486469
-0.00161791
-0.00487476
-0.00178256
-0.0019514
-0.00488921
0.0266662
5.08414e-05
0.0266556
9.2052e-05
0.0266188
0.000112139
0.0265467
0.000115714
0.0264351
0.000114235
0.0262816
0.000118934
0.0260859
0.000140769
0.02585
0.000190278
0.0255773
0.000276552
0.0252724
0.000406253
0.0249402
0.000583959
0.024586
0.000811929
0.0242146
0.00109029
0.0238309
0.00141752
0.023439
0.00179081
0.0230418
0.00220623
0.0226394
0.00265821
0.0222283
0.00313917
0.0218017
0.00363952
0.0213483
0.00414797
0.0208507
0.00465122
0.0202863
0.00513318
0.0196304
0.00557469
0.0188629
0.00595472
0.0179743
0.00625346
0.01697
0.00645632
0.0158692
0.00655716
0.0146994
0.00655897
0.0134901
0.00647174
0.0122675
0.00630883
0.0110525
0.00608376
0.00986053
0.00580846
0.00870261
0.00549291
0.00758643
0.0051455
0.00651725
0.00477346
0.00549859
0.00438342
0.00453292
0.00398182
0.00362182
0.00357496
0.00276634
0.00316911
0.00196762
0.00277102
0.00122649
0.00238665
0.000544993
0.00202312
-7.19888e-05
0.00168903
-0.000609174
0.00139257
-0.00105454
0.00115585
-0.00141293
0.00099992
-0.00169433
0.000925373
-0.00191477
0.000923238
-0.00209227
0.00097323
-0.00224215
0.00105113
-0.00237487
0.00113676
-0.00249677
0.00121754
-0.00261152
0.00128747
-0.00272133
0.00134466
-0.00282757
0.00138919
-0.00293105
0.00142188
-0.0030322
0.00144378
-0.00313119
0.00145592
-0.003228
0.00145926
-0.00332253
0.0014547
-0.00341464
0.00144305
-0.00350416
0.00142501
-0.00359096
0.0014012
-0.00367488
0.00137217
-0.00375583
0.00133838
-0.00383369
0.00130026
-0.0039084
0.00125815
-0.00397987
0.00121238
-0.00404806
0.0011632
-0.00411293
0.00111085
-0.00417443
0.00105554
-0.00423255
0.000997431
-0.00428728
0.000936665
-0.0043386
0.000873348
-0.00438651
0.000807562
-0.00443102
0.000739358
-0.00447215
0.000668757
-0.00450991
0.000595755
-0.00454435
0.000520318
-0.00457551
0.000442382
-0.00460345
0.000361857
-0.00462823
0.000278621
-0.00464995
0.000192524
-0.0046687
0.000103381
-0.00468461
1.09686e-05
-0.00469783
-8.48972e-05
-0.00470854
-0.00018448
-0.00471697
-0.000288163
-0.00472336
-0.000396284
-0.00472804
-0.000509163
-0.00473137
-0.000627101
-0.00473377
-0.00075037
-0.00473577
-0.000879197
-0.00473792
-0.00101374
-0.00474088
-0.00115407
-0.00474533
-0.00130013
-0.00475197
-0.00145171
-0.00476148
-0.0016084
-0.00477446
-0.00176958
-0.0019345
-0.00479137
0.0266584
5.9078e-05
0.0266369
0.000113533
0.0265925
0.000156565
0.0265179
0.000190324
0.0264094
0.000222756
0.026265
0.000263272
0.0260845
0.000321305
0.025869
0.000405805
0.025621
0.000524557
0.0253437
0.000683565
0.0250407
0.00088697
0.0247156
0.00113694
0.0243722
0.00143372
0.0240138
0.00177596
0.0236437
0.00216092
0.0232651
0.00258479
0.0228804
0.00304293
0.0224897
0.00352984
0.0220905
0.00403874
0.0216773
0.00456111
0.0212418
0.00508673
0.0207711
0.00560393
0.0202469
0.00609885
0.0196472
0.00655445
0.0189499
0.00695075
0.0181391
0.00726705
0.0172107
0.00748563
0.016174
0.00759561
0.0150504
0.00759535
0.0138673
0.00749197
0.0126525
0.0072985
0.0114307
0.00703029
0.0102213
0.00670228
0.00903914
0.0063277
0.00789471
0.00591789
0.00679551
0.00548261
0.00574673
0.0050306
0.00475186
0.00456983
0.00381317
0.0041078
0.00293238
0.00365181
0.00211052
0.0032085
0.00134896
0.00278469
0.000650261
0.00238773
1.7997e-05
0.00202484
-0.000530451
0.0017043
-0.000981317
0.00145079
-0.00134137
0.00128542
-0.001624
0.00120588
-0.00184708
0.00119631
-0.00202857
0.00123262
-0.00218259
0.00129079
-0.00231863
0.00135358
-0.00244267
0.00141151
-0.00255854
0.00146053
-0.00266877
0.00149942
-0.00277495
0.00152807
-0.00287804
0.00154688
-0.00297852
0.0015564
-0.00307657
0.00155731
-0.00317216
0.0015503
-0.00326521
0.0015361
-0.00335557
0.00151536
-0.00344308
0.00148872
-0.00352763
0.00145671
-0.00360908
0.00141984
-0.00368736
0.00137854
-0.00376237
0.00133317
-0.00383407
0.00128408
-0.00390242
0.00123154
-0.00396738
0.00117581
-0.00402893
0.0011171
-0.00408707
0.00105558
-0.00414181
0.000991398
-0.00419314
0.000924678
-0.00424108
0.000855504
-0.00428565
0.000783934
-0.00432689
0.000709999
-0.00436484
0.000633701
-0.00439954
0.000555017
-0.00443105
0.000473895
-0.00445945
0.000390257
-0.00448482
0.000303995
-0.00450728
0.000214975
-0.00452693
0.000123033
-0.00454393
2.79734e-05
-0.00455844
-7.03844e-05
-0.00457065
-0.000172269
-0.0045808
-0.000278019
-0.00458914
-0.00038794
-0.00459599
-0.000502312
-0.00460171
-0.000621385
-0.00460671
-0.000745373
-0.00461146
-0.000874443
-0.0046165
-0.0010087
-0.00462241
-0.00114816
-0.00462979
-0.00129275
-0.00463925
-0.00144224
-0.00465138
-0.00159627
-0.00466667
-0.00175429
-0.00191567
-0.0046855
0.0266544
7.13089e-05
0.0266271
0.000140863
0.0265787
0.000204936
0.0265043
0.000264773
0.0264009
0.000326151
0.026267
0.000397186
0.0261019
0.000486335
0.0259063
0.000601452
0.0256815
0.000749349
0.0254296
0.000935421
0.0251532
0.00116341
0.0248548
0.00143531
0.0245372
0.00175137
0.0242028
0.00211034
0.0238541
0.00250963
0.0234933
0.00294559
0.0231225
0.00341369
0.0227435
0.00390889
0.0223564
0.00442578
0.0219594
0.00495812
0.0215479
0.0054982
0.0211152
0.00603668
0.0206511
0.00656291
0.0201412
0.00706441
0.0195662
0.00752569
0.0189054
0.00792789
0.0181408
0.00825027
0.0172629
0.00847348
0.0162746
0.00858363
0.0151911
0.00857552
0.0140361
0.00845351
0.0128368
0.00822961
0.011619
0.00792004
0.0104047
0.00754195
0.00921127
0.00711137
0.00805145
0.00664243
0.00693462
0.00614744
0.00586732
0.00563713
0.00485403
0.00512108
0.00389786
0.00460799
0.0030008
0.00410556
0.00216447
0.00362102
0.00139086
0.00316134
0.000682724
0.00273298
4.4472e-05
0.00234255
-0.000504972
0.00200024
-0.000951992
0.00173245
-0.00130624
0.00156013
-0.001584
0.00147408
-0.00180428
0.0014529
-0.00198441
0.00147092
-0.00213743
0.0015066
-0.00227223
0.00154632
-0.00239481
0.00158311
-0.00250919
0.0016138
-0.002618
0.00163689
-0.00272286
0.00165174
-0.00282463
0.00165818
-0.00292373
0.00165641
-0.00302025
0.00164683
-0.00311414
0.00162999
-0.00320526
0.00160649
-0.00329347
0.00157693
-0.00337863
0.00154187
-0.00346061
0.00150182
-0.00353932
0.00145724
-0.00361468
0.00140854
-0.00368665
0.00135605
-0.00375519
0.00130009
-0.00382029
0.00124091
-0.00388195
0.00117875
-0.00394016
0.00111379
-0.00399495
0.00104619
-0.00404634
0.000976066
-0.00409435
0.00090352
-0.00413903
0.000828615
-0.00418042
0.00075139
-0.00421858
0.000671855
-0.00425355
0.000589996
-0.00428543
0.000505772
-0.00431429
0.000419118
-0.00434024
0.000329942
-0.00436339
0.000238127
-0.00438389
0.000143529
-0.00440189
4.59771e-05
-0.00441757
-5.47043e-05
-0.00443113
-0.000158709
-0.00444281
-0.000266335
-0.00445289
-0.000377867
-0.00446165
-0.000493548
-0.00446945
-0.000613583
-0.00447669
-0.000738138
-0.0044838
-0.000867332
-0.00449128
-0.00100122
-0.00449964
-0.0011398
-0.00450944
-0.00128295
-0.0045212
-0.00143048
-0.00453542
-0.00158205
-0.00455253
-0.00173719
-0.00189537
-0.00457283
0.0266526
8.53726e-05
0.0266225
0.00017095
0.0265726
0.000254841
0.0264998
0.000337528
0.0264025
0.000423548
0.0262791
0.000520518
0.0261291
0.0006364
0.0259522
0.000778271
0.0257494
0.000952218
0.0255216
0.00116315
0.0252706
0.00141449
0.0249978
0.00170802
0.0247053
0.00204395
0.0243946
0.00242104
0.0240673
0.00283688
0.023725
0.00328791
0.023369
0.0037697
0.0230007
0.00427721
0.0226213
0.00480515
0.0222313
0.00534815
0.0218291
0.00590038
0.0214111
0.00645471
0.0209715
0.0070025
0.0205021
0.00753376
0.019991
0.00803685
0.0194216
0.00849727
0.0187749
0.008897
0.0180329
0.00921548
0.0171839
0.00943256
0.0162269
0.00953255
0.0151724
0.00950796
0.0140409
0.00936115
0.0128577
0.00910326
0.0116486
0.00875104
0.0104366
0.00832334
0.00924048
0.00783855
0.00807461
0.0073133
0.00694962
0.00676213
0.0058731
0.00619761
0.0048504
0.00563069
0.00388519
0.00507077
0.00298012
0.00452609
0.00213752
0.00400394
0.00135984
0.00351066
0.000650343
0.00305206
1.50734e-05
0.00263551
-0.000525344
0.00227287
-0.000959232
0.00199402
-0.0013003
0.00181515
-0.00156704
0.00171964
-0.00177886
0.00168275
-0.00195232
0.00168006
-0.00209975
0.00169375
-0.00222986
0.00171322
-0.00234866
0.0017326
-0.0024601
0.00174832
-0.00256659
0.00175823
-0.0026695
0.0017611
-0.00276951
0.00175641
-0.00286683
0.00174415
-0.00296147
0.00172463
-0.00305331
0.00169833
-0.00314219
0.00166581
-0.00322797
0.00162764
-0.00331049
0.00158435
-0.00338967
0.00153642
-0.00346542
0.00148429
-0.00353771
0.00142833
-0.0036065
0.00136888
-0.00367179
0.00130621
-0.0037336
0.00124056
-0.00379194
0.00117213
-0.00384684
0.00110109
-0.00389834
0.00102757
-0.00394648
0.000951664
-0.00399132
0.000873453
-0.00403291
0.000792979
-0.00407131
0.00071026
-0.0041066
0.000625289
-0.00413887
0.000538037
-0.0041682
0.000448452
-0.00419472
0.000356458
-0.00421855
0.000261956
-0.00423984
0.000164822
-0.00425877
6.49073e-05
-0.00427552
-3.79577e-05
-0.0042903
-0.00014393
-0.00430336
-0.000253273
-0.00431497
-0.000366259
-0.00432541
-0.000483101
-0.00433503
-0.000603966
-0.00434419
-0.000728978
-0.00435331
-0.000858214
-0.00436283
-0.000991698
-0.00437324
-0.00112939
-0.00438502
-0.00127118
-0.00439863
-0.00141687
-0.00441451
-0.00156616
-0.00443303
-0.00171867
-0.00187394
-0.00445446
0.0266522
9.98386e-05
0.0266213
0.000201831
0.0265714
0.000304784
0.0265014
0.000407474
0.0264109
0.000514034
0.0262988
0.000632675
0.0261639
0.000771291
0.0260058
0.000936382
0.0258245
0.00113354
0.0256203
0.00136734
0.0253938
0.00164097
0.0251458
0.00195598
0.0248774
0.00231239
0.0245895
0.00270895
0.0242831
0.00314329
0.023959
0.00361197
0.0236181
0.00411059
0.0232613
0.00463407
0.0228894
0.00517695
0.0225038
0.00573383
0.0221047
0.00629941
0.0216913
0.00686815
0.0212604
0.00743341
0.0208071
0.00798701
0.0203246
0.00851941
0.0198024
0.00901944
0.0192263
0.00947314
0.0185788
0.00986294
0.0178429
0.0101684
0.0170063
0.0103691
0.0160659
0.0104484
0.0150294
0.0103976
0.0139145
0.0102181
0.0127449
0.00992065
0.0115456
0.00952265
0.0103397
0.00904448
0.00914647
0.00850652
0.00798115
0.00792746
0.00685511
0.00732364
0.00577673
0.00670907
0.004752
0.0060955
0.00378527
0.00549282
0.00287992
0.0049093
0.00203881
0.00435178
0.00126484
0.00382603
0.000562251
0.0033381
-6.01996e-05
0.00289532
-0.000580806
0.00251463
-0.000992894
0.00222724
-0.00131372
0.00204047
-0.00156344
0.00193247
-0.00176152
0.00187815
-0.00192397
0.00185621
-0.00206279
0.00185205
-0.00218651
0.00185632
-0.00230072
0.00186253
-0.00240884
0.00186636
-0.00251284
0.0018651
-0.00261369
0.00185726
-0.00271176
0.00184223
-0.00280712
0.00181999
-0.00289966
0.00179087
-0.00298922
0.00175537
-0.00307563
0.00171405
-0.00315873
0.00166745
-0.00323842
0.00161611
-0.00331461
0.00156049
-0.00338727
0.00150099
-0.00345637
0.00143798
-0.00352193
0.00137176
-0.00358395
0.00130258
-0.00364248
0.00123066
-0.00369755
0.00115617
-0.00374923
0.00107924
-0.00379757
0.001
-0.00384263
0.000918511
-0.00388447
0.000834826
-0.00392318
0.000748971
-0.00395884
0.000660947
-0.00399154
0.000570734
-0.00402138
0.000478291
-0.00404848
0.000383558
-0.00407297
0.000286455
-0.00409503
0.000186881
-0.00411483
8.47086e-05
-0.00413257
-2.02267e-05
-0.00414845
-0.000128044
-0.00416275
-0.000238971
-0.00417572
-0.000353288
-0.00418765
-0.000471179
-0.00419884
-0.000592776
-0.00420965
-0.000718167
-0.00422047
-0.000847395
-0.00423171
-0.000980457
-0.0042438
-0.0011173
-0.00425719
-0.00125779
-0.00427229
-0.00140177
-0.00428948
-0.00154897
-0.00430909
-0.00169906
-0.00185167
-0.00433136
0.0266531
0.000113394
0.0266226
0.000232331
0.0265731
0.000354329
0.0265065
0.000474047
0.0264236
0.000596898
0.0263231
0.000733191
0.0262035
0.000890882
0.026064
0.00107591
0.0259039
0.0012936
0.0257229
0.00154839
0.0255206
0.00184328
0.025297
0.00217956
0.0250524
0.002557
0.0247871
0.00297425
0.0245014
0.00342897
0.0241956
0.00391773
0.0238701
0.00443612
0.0235252
0.00497892
0.0231617
0.00554047
0.0227805
0.00611505
0.0223827
0.00669719
0.0219691
0.00728175
0.0215391
0.00786346
0.02109
0.00843605
0.0206178
0.0089917
0.0201161
0.00952108
0.019576
0.0100132
0.0189847
0.0104543
0.0183264
0.0108268
0.017585
0.0111105
0.0167486
0.0112848
0.0158132
0.011333
0.0147853
0.0112461
0.0136806
0.0110253
0.0125213
0.010682
0.0113313
0.0102345
0.0101332
0.00970456
0.00894641
0.00911426
0.00778625
0.0084838
0.0066646
0.00783072
0.00559038
0.00716973
0.00457024
0.00651296
0.00360922
0.00587031
0.00271126
0.00524974
0.00187964
0.00465765
0.00111795
0.00409979
0.000431225
0.00358205
-0.000167585
0.00311344
-0.000657689
0.00271734
-0.00103979
0.00242257
-0.001334
0.00222668
-0.00156171
0.00210586
-0.00174237
0.00203687
-0.00189167
0.00200135
-0.00202123
0.00198588
-0.0021387
0.00198001
-0.00224874
0.0019764
-0.00235399
0.00197035
-0.00245578
0.00195905
-0.00255467
0.00194112
-0.00265081
0.00191613
-0.00274411
0.00188417
-0.0028344
0.00184566
-0.0029215
0.00180114
-0.00300524
0.0017512
-0.0030855
0.00169638
-0.00316221
0.00163719
-0.00323531
0.00157409
-0.00330479
0.00150747
-0.00337067
0.00143764
-0.00343299
0.0013649
-0.00349178
0.00128945
-0.00354711
0.0012115
-0.00359904
0.00113118
-0.00364765
0.00104861
-0.003693
0.000963866
-0.00373519
0.000877008
-0.00377428
0.000788064
-0.00381037
0.00069704
-0.00384356
0.000603925
-0.00387396
0.000508686
-0.00390168
0.000411279
-0.00392686
0.000311641
-0.00394968
0.000209697
-0.00397031
0.000105345
-0.00398897
-1.57211e-06
-0.00400587
-0.000111141
-0.00402129
-0.000223553
-0.00403547
-0.000339107
-0.00404868
-0.000457965
-0.00406123
-0.000580225
-0.00407346
-0.000705944
-0.00408571
-0.000835139
-0.00409838
-0.000967785
-0.00411187
-0.00110381
-0.00412656
-0.0012431
-0.00414284
-0.00138549
-0.00416105
-0.00153076
-0.00418149
-0.00167863
-0.00182879
-0.00420437
0.0266562
0.000123888
0.0266265
0.000262004
0.0265764
0.000404426
0.0265134
0.000537082
0.026439
0.00067122
0.0263512
0.000821073
0.0262478
0.000994272
0.0261275
0.00119615
0.0259891
0.00143199
0.0258313
0.00170628
0.0256527
0.00202182
0.0254527
0.00237955
0.025231
0.00277876
0.0249873
0.00321796
0.0247214
0.00369487
0.0244331
0.00420601
0.0241223
0.00474686
0.0237893
0.00531198
0.0234343
0.00589545
0.0230581
0.00649121
0.0226619
0.00709344
0.0222469
0.00769673
0.0218142
0.00829619
0.0213633
0.00888686
0.0208923
0.00946279
0.020397
0.0100163
0.0198721
0.0105381
0.0193093
0.0110171
0.018697
0.0114391
0.0180209
0.0117867
0.017266
0.0120397
0.0164212
0.0121778
0.0154826
0.0121846
0.014456
0.0120519
0.0133562
0.0117818
0.012204
0.0113867
0.0110224
0.0108862
0.009833
0.0103036
0.00865486
0.00966194
0.00750342
0.00898217
0.0063909
0.00828225
0.00532679
0.00757707
0.00431834
0.00687876
0.00337104
0.00619705
0.00248906
0.00553963
0.00167608
0.00491277
0.000936197
0.00432194
0.000275664
0.00377398
-0.000288242
0.00328125
-0.000738232
0.00287257
-0.00108367
0.00257212
-0.001347
0.00236919
-0.00155029
0.00224016
-0.00171286
0.00216393
-0.00185002
0.00212304
-0.00197191
0.0021019
-0.00208466
0.00208916
-0.00219173
0.00207742
-0.00229489
0.0020622
-0.00239491
0.00204115
-0.00249206
0.00201327
-0.00258628
0.0019784
-0.00267744
0.00193682
-0.00276534
0.00188905
-0.00284982
0.00183568
-0.00293076
0.00177731
-0.00300806
0.0017145
-0.00308169
0.00164773
-0.00315164
0.00157742
-0.00321794
0.00150395
-0.00328064
0.00142759
-0.00333979
0.0013486
-0.00339546
0.00126717
-0.00344774
0.00118346
-0.00349671
0.00109758
-0.00354246
0.00100961
-0.00358506
0.000919616
-0.00362463
0.000827629
-0.00366124
0.000733657
-0.00369501
0.000637694
-0.00372604
0.000539717
-0.00375445
0.000439689
-0.00378038
0.000337565
-0.00380397
0.000233289
-0.00382542
0.000126791
-0.00384496
1.79666e-05
-0.00386282
-9.32738e-05
-0.00387925
-0.00020712
-0.00389451
-0.000323857
-0.00390884
-0.000443627
-0.00392256
-0.000566505
-0.00393598
-0.000692523
-0.00394945
-0.000821678
-0.0039633
-0.000953927
-0.00397792
-0.00108919
-0.00399366
-0.00122736
-0.00401087
-0.00136828
-0.00402987
-0.00151176
-0.00405091
-0.00165758
-0.00180548
-0.00407422
0.026664
0.000126533
0.0266336
0.000292414
0.0265803
0.000457782
0.02652
0.000597383
0.0264533
0.000737842
0.0263769
0.000897463
0.0262888
0.00108241
0.0261873
0.00129763
0.0260705
0.00154885
0.025936
0.00184079
0.0257816
0.0021762
0.0256057
0.00255548
0.0254073
0.00297709
0.0251857
0.00343956
0.0249399
0.00394068
0.0246691
0.00447683
0.0243728
0.0050432
0.0240508
0.00563395
0.0237036
0.00624266
0.0233319
0.0068629
0.0229369
0.00748844
0.0225201
0.00811351
0.0220833
0.00873302
0.0216276
0.00934249
0.0211531
0.00993738
0.0206574
0.010512
0.0201368
0.0110587
0.0195862
0.0115677
0.0189978
0.0120274
0.0183612
0.0124234
0.0176629
0.012738
0.0168894
0.0129513
0.0160305
0.0130435
0.015083
0.0129994
0.0140528
0.012812
0.012954
0.0124854
0.0118065
0.0120338
0.0106321
0.011478
0.009452
0.010842
0.00828489
0.0101493
0.00714645
0.00942069
0.00604931
0.00867421
0.00500329
0.00792478
0.00401573
0.00718461
0.00309202
0.00646334
0.00223628
0.00576851
0.00145223
0.00510599
0.000744643
0.00448157
0.000121487
0.00390441
-0.000397373
0.00339143
-0.000800902
0.00297565
-0.00110714
0.00267543
-0.00133945
0.00247248
-0.00151998
0.00234445
-0.00166805
0.00227112
-0.00179675
0.00223059
-0.00191395
0.00220637
-0.00202413
0.0021876
-0.00212959
0.00216766
-0.00223142
0.00214299
-0.00233006
0.00211192
-0.00242558
0.00207391
-0.00251787
0.00202911
-0.00260678
0.00197796
-0.00269217
0.00192107
-0.00277392
0.00185905
-0.00285194
0.00179252
-0.00292622
0.001722
-0.00299675
0.00164796
-0.00306358
0.00157077
-0.00312676
0.00149078
-0.00318638
0.00140821
-0.00324251
0.0013233
-0.00329524
0.00123619
-0.00334468
0.00114702
-0.00339093
0.00105585
-0.00343407
0.000962761
-0.00347422
0.000867774
-0.00351147
0.000770908
-0.00354593
0.000672152
-0.0035777
0.000571491
-0.0036069
0.000468891
-0.00363366
0.000364321
-0.00365811
0.000257739
-0.00368043
0.000149108
-0.00370084
3.83769e-05
-0.00371959
-7.45229e-05
-0.00373693
-0.000189781
-0.00375311
-0.000307671
-0.00376842
-0.000428324
-0.00378313
-0.000551792
-0.00379756
-0.000678094
-0.00381203
-0.00080721
-0.00382687
-0.000939093
-0.0038424
-0.00107366
-0.00385897
-0.00121079
-0.0038769
-0.00135035
-0.00389648
-0.00149218
-0.00391797
-0.0016361
-0.00178186
-0.00394159
0.0266855
0.000107723
0.0266399
0.000337964
0.0265786
0.000519065
0.0265216
0.000654381
0.026462
0.000797494
0.0263948
0.000964694
0.0263184
0.00115879
0.0262313
0.00138474
0.0261312
0.00164896
0.0260153
0.00195662
0.0258809
0.00231061
0.0257258
0.00271062
0.0255494
0.00315351
0.0253502
0.00363869
0.0251266
0.00416426
0.0248769
0.00472659
0.0245994
0.00532072
0.0242931
0.00594017
0.023958
0.00657783
0.0235942
0.00722667
0.0232028
0.00787986
0.0227854
0.00853093
0.0223441
0.00917425
0.0218815
0.00980512
0.0213994
0.0104195
0.020898
0.0110133
0.0203755
0.0115812
0.019828
0.0121152
0.0192505
0.012605
0.0186355
0.0130383
0.0179732
0.0134004
0.0172509
0.0136736
0.0164562
0.0138382
0.0155801
0.0138755
0.0146204
0.0137717
0.0135833
0.0135226
0.0124829
0.0131342
0.0113386
0.0126222
0.0101721
0.0120085
0.00900449
0.0113169
0.00785452
0.0105707
0.00673789
0.00979085
0.00566692
0.00899575
0.00465086
0.00820067
0.00369632
0.00741788
0.002808
0.00665683
0.00198953
0.00592446
0.00124467
0.00522643
0.000579196
0.00456988
2.50665e-06
0.00396812
-0.000466054
0.00344421
-0.000824253
0.00303363
-0.00109522
0.00274344
-0.0013017
0.00255093
-0.00146696
0.00243638
-0.00160721
0.00237084
-0.00173235
0.0023315
-0.00184814
0.0023034
-0.00195771
0.00227723
-0.00206264
0.00224792
-0.00216369
0.00221296
-0.00226113
0.00217136
-0.00235502
0.002123
-0.00244528
0.00206823
-0.00253183
0.00200762
-0.00261459
0.00194181
-0.00269351
0.00187144
-0.00276859
0.00179708
-0.00283985
0.00171921
-0.00290734
0.00163827
-0.00297115
0.00155458
-0.00303136
0.00146842
-0.00308807
0.00138001
-0.00314139
0.00128952
-0.00319143
0.00119706
-0.0032383
0.00110272
-0.00328211
0.00100657
-0.00332297
0.000908634
-0.00336099
0.000808921
-0.00339627
0.000707433
-0.00342892
0.000604143
-0.00345906
0.000499028
-0.00348679
0.00039205
-0.00351223
0.000283183
-0.00353553
0.000172401
-0.00355686
5.97064e-05
-0.00357645
-5.49299e-05
-0.00359459
-0.000171639
-0.00361157
-0.000290691
-0.00362769
-0.00041221
-0.00364323
-0.000536252
-0.0036585
-0.000662825
-0.0036738
-0.000791913
-0.00368943
-0.000923459
-0.00370571
-0.00105738
-0.00372293
-0.00119357
-0.0037414
-0.00133189
-0.00376139
-0.0014722
-0.00378315
-0.00161434
-0.0017581
-0.00380691
0.0266358
0.000138633
0.0264331
0.000540601
0.0262493
0.000702902
0.0260845
0.000819145
0.0259259
0.000956094
0.0257723
0.0011183
0.0256256
0.00130553
0.0254868
0.00152355
0.0253559
0.00177985
0.0252316
0.00208091
0.025111
0.00243119
0.0249908
0.00283079
0.0248703
0.00327405
0.0247442
0.00376479
0.0246066
0.00430184
0.0244511
0.00488213
0.0242708
0.00550097
0.0240604
0.0061506
0.0238156
0.00682259
0.0235336
0.00750876
0.0232126
0.00820084
0.0228527
0.00889085
0.0224552
0.00957175
0.0220227
0.0102376
0.0215589
0.0108833
0.0210675
0.0115048
0.0205511
0.0120975
0.0200103
0.012656
0.0194429
0.0131725
0.018844
0.0136372
0.0182064
0.014038
0.0175202
0.0143597
0.0167741
0.0145843
0.015957
0.0146926
0.0150617
0.0146671
0.0140878
0.0144964
0.0130434
0.0141786
0.0119439
0.0137217
0.0108096
0.0131428
0.00966211
0.0124644
0.00852176
0.011711
0.00740606
0.0109065
0.00632903
0.0100728
0.00530127
0.00922842
0.00433042
0.00838873
0.00342175
0.00756549
0.00257904
0.00676718
0.00180555
0.00599992
0.00110548
0.00526995
0.000485689
0.00458791
-4.31007e-05
0.003973
-0.000466089
0.00345661
-0.000790436
0.00306779
-0.00103711
0.0027976
-0.00123193
0.0026312
-0.00139325
0.00253217
-0.00153309
0.00247134
-0.0016592
0.0024295
-0.00177609
0.00239412
-0.00188633
0.00235816
-0.00199131
0.00231794
-0.00209174
0.00227179
-0.00218795
0.00221921
-0.00228009
0.00216036
-0.00236818
0.00209571
-0.00245225
0.00202588
-0.00253231
0.0019515
-0.0026084
0.00187316
-0.00268057
0.00179139
-0.0027489
0.0017066
-0.0028135
0.00161917
-0.00287446
0.00152939
-0.00293192
0.00143747
-0.00298598
0.00134358
-0.00303677
0.00124785
-0.00308442
0.00115037
-0.00312905
0.00105119
-0.00317077
0.000950351
-0.0032097
0.000847853
-0.00324595
0.000743688
-0.00327965
0.000637837
-0.00331089
0.000530266
-0.00333978
0.000420943
-0.00336643
0.000309827
-0.00339092
0.000196891
-0.00341332
8.21097e-05
-0.00343375
-3.44994e-05
-0.00345255
-0.000152843
-0.00347016
-0.000273082
-0.00348692
-0.000395453
-0.00350313
-0.000520042
-0.00351908
-0.000646876
-0.00353505
-0.000775936
-0.00355134
-0.000907175
-0.00356821
-0.00104051
-0.00358594
-0.00117584
-0.0036048
-0.00131303
-0.00362504
-0.00145196
-0.00364696
-0.00159242
-0.00173414
-0.00367091
0.015689
-0.000346145
0.0173423
-0.0011127
0.0193116
-0.00126638
0.0213925
-0.00126173
0.0235947
-0.00124608
0.0259254
-0.0012124
0.0283724
-0.00114147
0.0309272
-0.00103134
0.0335883
-0.000881181
0.03635
-0.000680827
0.0391899
-0.000408728
0.0420438
-2.30865e-05
0.0448097
0.00050816
0.0474612
0.00111329
0.0499862
0.00177687
0.0523608
0.00250747
0.0545483
0.00331353
0.0565247
0.0041742
0.0582694
0.0050779
0.0597633
0.00601486
0.0609947
0.00696939
0.0619576
0.00792789
0.0626484
0.00888095
0.063066
0.00982003
0.0632131
0.0107362
0.063097
0.0116208
0.062729
0.0124656
0.0621222
0.0132628
0.0612895
0.0140052
0.0602416
0.0146851
0.0589849
0.0152947
0.0575199
0.0158247
0.0558399
0.0162643
0.0539315
0.016601
0.0517777
0.0168208
0.0493647
0.0169094
0.0466885
0.0168548
0.0437613
0.0166489
0.0406139
0.0162902
0.0372939
0.0157844
0.03386
0.0151449
0.0303752
0.0143914
0.0269003
0.0135477
0.0234889
0.0126398
0.0201849
0.0116927
0.0170216
0.0107288
0.0140227
0.00976607
0.0112043
0.00881837
0.0085781
0.00789614
0.00615698
0.00700903
0.00396049
0.00616949
0.002021
0.00539612
0.000376506
0.00471228
-0.000960345
0.00413446
-0.00201591
0.00368676
-0.00284448
0.00336075
-0.00350947
0.00313631
-0.00406715
0.00298719
-0.0045528
0.00287977
-0.00498888
0.00279425
-0.00538908
0.00271813
-0.00576164
0.00264436
-0.00611163
0.00256919
-0.0064421
0.00249083
-0.006755
0.00240861
-0.00705158
0.00232246
-0.00733272
0.00223264
-0.00759909
0.00213954
-0.0078513
0.00204358
-0.00808986
0.00194517
-0.00831534
0.00184465
-0.00852825
0.0017423
-0.00872914
0.00163835
-0.00891851
0.00153296
-0.00909692
0.00142625
-0.00926484
0.0013183
-0.00942281
0.00120915
-0.00957126
0.00109881
-0.0097107
0.000987287
-0.00984156
0.000874549
-0.0099643
0.000760567
-0.0100793
0.000645297
-0.0101871
0.000528698
-0.010288
0.000410729
-0.0103825
0.000291361
-0.0104709
0.000170584
-0.0105539
4.84302e-05
-0.0106318
-7.48887e-05
-0.0107058
-0.000199151
-0.0107767
-0.000324497
-0.0108457
-0.000451096
-0.0109135
-0.000579041
-0.0109811
-0.000708368
-0.0110492
-0.00083907
-0.0111186
-0.000971105
-0.01119
-0.0011044
-0.0112642
-0.00123886
-0.0113418
-0.00137437
-0.0114234
-0.00151079
-0.00164818
-0.0115094
0.0105961
-0.000100906
0.00988054
-0.000397139
0.009339
-0.000724839
0.00901107
-0.000933809
0.0088145
-0.00104951
0.00871961
-0.00111751
0.00873639
-0.00115826
0.00888737
-0.00118232
0.00920756
-0.00120138
0.0097555
-0.00122877
0.0106265
-0.00127976
0.01198
-0.00137656
0.0139084
-0.00142028
0.0163727
-0.00135093
0.0192914
-0.0011419
0.0225704
-0.000771508
0.0260793
-0.000195317
0.0296312
0.000622267
0.0330889
0.00162021
0.0363589
0.00274484
0.0393744
0.00395387
0.0420982
0.00520407
0.0445014
0.00647784
0.0465699
0.00775151
0.048299
0.00900714
0.0496882
0.0102316
0.0507407
0.0114131
0.0514628
0.0125407
0.0518644
0.0136036
0.0519573
0.0145922
0.0517548
0.0154972
0.0512697
0.0163098
0.050513
0.017021
0.0494928
0.0176212
0.0482141
0.0180996
0.0466792
0.0184443
0.0448912
0.0186428
0.0428563
0.0186839
0.0405877
0.0185588
0.0381081
0.018264
0.0354503
0.0178028
0.0326557
0.017186
0.0297713
0.016432
0.0268459
0.0155652
0.0239255
0.0146131
0.0210507
0.0136036
0.0182544
0.0125623
0.0155621
0.0115107
0.0129917
0.0104665
0.0105566
0.00944415
0.00826885
0.00845722
0.00614476
0.00752022
0.00420794
0.00664909
0.00248232
0.0058601
0.000997854
0.00517121
-0.000235113
0.00459373
-0.00123171
0.0041329
-0.00203134
0.00378684
-0.00268365
0.00353206
-0.00323438
0.00334499
-0.00371305
0.00319679
-0.00413912
0.00307044
-0.00452524
0.00295529
-0.00487959
0.0028452
-0.0052077
0.00273671
-0.00551326
0.00262803
-0.00579893
0.00251831
-0.00606661
0.00240723
-0.00631782
0.00229478
-0.00655372
0.00218108
-0.00677537
0.00206629
-0.00698366
0.00195059
-0.00717945
0.00183413
-0.00736351
0.00171702
-0.00753659
0.00159933
-0.00769938
0.0014811
-0.0078526
0.00136235
-0.00799685
0.00124308
-0.00813282
0.00112324
-0.00826108
0.00100282
-0.00838228
0.000881754
-0.00849698
0.000759998
-0.00860579
0.0006375
-0.00870927
0.000514216
-0.00880803
0.000390112
-0.00890261
0.000265166
-0.00899355
0.000139363
-0.00908112
1.26821e-05
-0.00916566
-0.000114607
-0.00924787
-0.000242291
-0.00932842
-0.000370548
-0.00940796
-0.000499502
-0.00948712
-0.000629218
-0.00956647
-0.000759717
-0.0096466
-0.000890978
-0.00972805
-0.00102295
-0.00981137
-0.00115554
-0.00989709
-0.00128865
-0.00998576
-0.00142213
-0.00155581
-0.0100781
0.0107105
-0.000112805
0.0106628
-0.000349395
0.0104746
-0.000536667
0.0102124
-0.000671612
0.00993953
-0.000776619
0.00968344
-0.000861424
0.00945357
-0.000928385
0.00925057
-0.000979324
0.00906637
-0.00101717
0.00888341
-0.00104582
0.00867419
-0.00107054
0.00839713
-0.00109951
0.00811409
-0.00113724
0.00794293
-0.00117978
0.00801782
-0.00121679
0.0084916
-0.00124531
0.00957064
-0.00127435
0.0113993
-0.00120644
0.0139442
-0.000924597
0.0170503
-0.000361269
0.0204719
0.000532276
0.023933
0.00174291
0.0272512
0.00315968
0.0303271
0.00467557
0.0331012
0.00623303
0.0355413
0.0077915
0.0376327
0.00932176
0.0393706
0.0108027
0.0407565
0.0122177
0.0417964
0.0135523
0.0425003
0.0147933
0.0428809
0.0159292
0.0429526
0.0169493
0.0427301
0.0178437
0.042227
0.0186027
0.0414551
0.0192161
0.0404246
0.0196733
0.039145
0.0199635
0.0376269
0.0200768
0.0358851
0.0200058
0.0339401
0.0197478
0.0318199
0.0193063
0.029559
0.0186929
0.0271971
0.0179271
0.0247753
0.017035
0.0223327
0.0160462
0.0199044
0.0149907
0.017519
0.0138962
0.015199
0.0127865
0.0129617
0.0116815
0.010821
0.0105979
0.00879032
0.00955089
0.00688498
0.00855443
0.00512297
0.00762212
0.00352637
0.00676782
0.0021152
0.00600491
0.000902361
0.00534573
-0.000109013
0.00479823
-0.000936443
0.00435949
-0.00161271
0.00402126
-0.00217514
0.00375922
-0.00265591
0.00355121
-0.00307626
0.00337563
-0.00345054
0.00321949
-0.00378851
0.00307467
-0.00409683
0.00293636
-0.00438025
0.00280173
-0.00464218
0.00266917
-0.00488523
0.00253782
-0.00511137
0.00240723
-0.00532228
0.00227719
-0.00551929
0.00214761
-0.00570363
0.00201847
-0.00587635
0.00188974
-0.00603845
0.00176142
-0.00619081
0.00163347
-0.00633431
0.00150584
-0.00646972
0.00137849
-0.00659783
0.00125135
-0.00671934
0.00112434
-0.00683497
0.000997379
-0.00694537
0.000870396
-0.00705118
0.000743307
-0.00715299
0.000616034
-0.0072514
0.000488508
-0.00734689
0.00036066
-0.00743996
0.000232432
-0.00753104
0.000103766
-0.00762028
-2.53769e-05
-0.00770786
-0.000154711
-0.00779431
-0.000284102
-0.0078801
-0.000413711
-0.00796569
-0.00054363
-0.00805151
-0.000673893
-0.008138
-0.000804495
-0.00822555
-0.000935391
-0.0083146
-0.0010665
-0.00840554
-0.00119771
-0.00849881
-0.00132886
-0.00145979
-0.00859482
0.00987521
-7.24868e-05
0.00976976
-0.000243952
0.00965092
-0.000417822
0.00954402
-0.000564712
0.0094565
-0.000689094
0.00939008
-0.000795011
0.00934472
-0.000883023
0.00931906
-0.000953678
0.00931025
-0.00100836
0.00931316
-0.00104874
0.00931889
-0.00107627
0.00931111
-0.00109173
0.00926812
-0.00109425
0.00916972
-0.00108139
0.00900494
-0.00105199
0.00876834
-0.00100873
0.00845345
-0.000959439
0.00815804
-0.000911051
0.00809727
-0.000863807
0.00854591
-0.000809922
0.00974843
-0.000670227
0.0117515
-0.000260224
0.0143821
0.000529165
0.0173334
0.00172428
0.0203245
0.00324186
0.0231725
0.00494355
0.0257748
0.00671949
0.0280772
0.00850028
0.030054
0.010241
0.0316957
0.0119105
0.0330034
0.0134857
0.0339844
0.0149482
0.0346507
0.016283
0.0350167
0.0174777
0.035098
0.0185215
0.0349096
0.0194045
0.0344658
0.0201172
0.0337792
0.0206501
0.0328621
0.0209939
0.0317277
0.0211402
0.0303918
0.0210837
0.0288747
0.0208234
0.0272018
0.0203657
0.0254036
0.0197253
0.0235133
0.0189253
0.0215645
0.017995
0.0195884
0.0169668
0.0176123
0.0158723
0.0156586
0.0147402
0.0137453
0.0135947
0.0118871
0.0124561
0.0100967
0.0113413
0.00838655
0.0102646
0.00676957
0.00923911
0.00526057
0.0082768
0.00387601
0.00738949
0.00263274
0.00658898
0.00154471
0.00588628
0.000615574
0.00528861
-0.000159316
0.00479617
-0.00079922
0.00439911
-0.00133021
0.00408222
-0.00177845
0.00382387
-0.00216516
0.0036062
-0.0025047
0.00341421
-0.00280715
0.00323881
-0.00307963
0.0030742
-0.00332721
0.00291677
-0.00355373
0.00276433
-0.00376204
0.00261554
-0.00395447
0.00246961
-0.00413285
0.002326
-0.00429879
0.0021844
-0.0044536
0.00204456
-0.00459852
0.00190633
-0.00473458
0.00176954
-0.00486281
0.00163406
-0.00498408
0.00149976
-0.00509925
0.00136651
-0.00520908
0.00123418
-0.00531434
0.00110263
-0.00541567
0.000971731
-0.00551373
0.000841363
-0.00560909
0.000711396
-0.0057023
0.000581707
-0.00579381
0.000452179
-0.00588408
0.000322695
-0.00597346
0.000193141
-0.00606224
6.34051e-05
-0.00615049
-6.64672e-05
-0.00623837
-0.000196219
-0.00632623
-0.000325857
-0.00641438
-0.000455485
-0.00650311
-0.000585161
-0.00659271
-0.000714896
-0.00668344
-0.000844657
-0.00677558
-0.000974372
-0.00686936
-0.00110393
-0.00696506
-0.00123317
-0.00136187
-0.00706298
0.00953427
-8.30317e-05
0.00955952
-0.000269207
0.00958561
-0.000443912
0.00961167
-0.000590775
0.00964058
-0.000718002
0.00967377
-0.000828205
0.00971019
-0.000919448
0.0097463
-0.000989789
0.00977645
-0.0010385
0.00979354
-0.00106584
0.00979
-0.00107272
0.00975879
-0.00106054
0.00969547
-0.00103092
0.0095996
-0.000985533
0.00947363
-0.000926018
0.00931895
-0.000854064
0.00913086
-0.000771334
0.00889869
-0.000678906
0.0086123
-0.000577397
0.00827131
-0.000468955
0.00795457
-0.000353469
0.00791084
-0.000216524
0.00844095
-9.15534e-07
0.00970886
0.000456341
0.0116399
0.00131089
0.0139727
0.00261072
0.0164127
0.00427944
0.0187533
0.00615973
0.0208806
0.0081137
0.0227387
0.0100523
0.0243047
0.0119197
0.0255739
0.0136789
0.0265526
0.0153043
0.0272529
0.0167774
0.0276898
0.0180846
0.027879
0.0192153
0.0278356
0.0201606
0.0275737
0.020912
0.0271059
0.0214616
0.0264446
0.0218016
0.0256024
0.0219258
0.0245947
0.0218311
0.0234399
0.0215205
0.0221604
0.0210049
0.020781
0.0203046
0.0193281
0.019448
0.0178265
0.0184684
0.0162986
0.0174002
0.0147636
0.0162752
0.0132374
0.015121
0.0117331
0.0139604
0.0102622
0.0128121
0.0088353
0.0116915
0.00746291
0.0106115
0.00615616
0.00958355
0.00492738
0.00861829
0.00379009
0.00772626
0.00275847
0.00691792
0.00184452
0.00620255
0.00105459
0.00558611
0.000385516
0.00506818
-0.000172553
0.0046403
-0.000636987
0.00428829
-0.00102665
0.00399587
-0.00135801
0.00374556
-0.00164497
0.00352578
-0.00189712
0.00332634
-0.00212128
0.00314094
-0.00232252
0.00296556
-0.00250464
0.00279767
-0.00267064
0.00263559
-0.00282284
0.00247821
-0.00296319
0.00232474
-0.00309329
0.00217467
-0.00321454
0.00202757
-0.00332812
0.00188313
-0.00343514
0.00174108
-0.00353655
0.00160117
-0.00363324
0.0014632
-0.00372601
0.00132695
-0.00381561
0.00119222
-0.0039027
0.00105882
-0.00398791
0.000926573
-0.0040718
0.000795286
-0.00415488
0.000664784
-0.0042376
0.000534897
-0.00432036
0.000405454
-0.00440351
0.000276291
-0.00448735
0.000147241
-0.00457195
1.81348e-05
-0.0046573
-0.000110876
-0.00474357
-0.000239581
-0.00483097
-0.000368091
-0.00491965
-0.000496482
-0.00500976
-0.000624781
-0.00510145
-0.000752973
-0.00519482
-0.000880998
-0.00529
-0.00100875
-0.00538709
-0.00113608
-0.00126276
-0.0054862
0.00903133
-0.000100364
0.00908625
-0.000324132
0.00917948
-0.000537134
0.00930437
-0.000715677
0.00945284
-0.000866464
0.0096152
-0.000990569
0.00977966
-0.00108391
0.0099335
-0.00114363
0.0100651
-0.00117007
0.0101648
-0.00116562
0.0102256
-0.00113351
0.0102425
-0.00107736
0.0102123
-0.00100079
0.0101341
-0.000907289
0.0100081
-0.000800074
0.00983613
-0.000682063
0.00962059
-0.000555779
0.00936469
-0.000423021
0.00907148
-0.000284181
0.00874062
-0.000138112
0.00837126
1.591e-05
0.00797389
0.000180822
0.00760628
0.000366716
0.00745661
0.000605988
0.00777776
0.00098977
0.00871486
0.0016736
0.0101916
0.00280269
0.0119578
0.00439359
0.0137598
0.00631163
0.015438
0.00837412
0.0169141
0.0104437
0.0181581
0.012435
0.0191654
0.0142969
0.019944
0.0159988
0.020507
0.0175216
0.020869
0.0188534
0.0210439
0.0199856
0.0210444
0.0209116
0.0208814
0.0216246
0.0205647
0.0221183
0.0201039
0.0223866
0.0195094
0.0224256
0.0187939
0.0222361
0.0179723
0.0218266
0.0170616
0.0212152
0.0160798
0.0204298
0.0150439
0.0195042
0.0139695
0.0184746
0.01287
0.0173747
0.0117571
0.0162339
0.0106409
0.0150766
0.00953051
0.0139225
0.0084346
0.0127874
0.00736173
0.0116844
0.00632078
0.0106245
0.00532142
0.00961766
0.00437429
0.00867338
0.00349121
0.00780102
0.00268423
0.00700951
0.00196405
0.00630631
0.00133693
0.00569528
0.00080244
0.0051748
0.00035359
0.00473713
-2.01267e-05
0.0043696
-0.000331773
0.0040572
-0.0005939
0.00378791
-0.000817165
0.0035496
-0.0010097
0.00333348
-0.00117763
0.00313348
-0.00132582
0.00294586
-0.00145803
0.00276779
-0.00157707
0.00259725
-0.00168523
0.0024329
-0.00178433
0.00227377
-0.00187592
0.00211915
-0.00196129
0.0019685
-0.0020416
0.00182138
-0.00211783
0.00167741
-0.0021909
0.00153626
-0.00226158
0.00139764
-0.00233062
0.00126125
-0.00239865
0.00112686
-0.00246628
0.000994193
-0.00253402
0.000863025
-0.00260236
0.00073312
-0.00267171
0.000604253
-0.00274247
0.000476205
-0.00281494
0.00034876
-0.00288941
0.000221711
-0.00296613
9.48571e-05
-0.00304505
-3.19615e-05
-0.00312605
-0.000158582
-0.00320923
-0.000284918
-0.00329463
-0.000411077
-0.0033823
-0.000537112
-0.00347225
-0.000663027
-0.00356448
-0.000788774
-0.00365897
-0.000914263
-0.00375568
-0.00103937
-0.00116388
-0.00385456
0.00849986
-0.000165771
0.0086644
-0.000488674
0.00889909
-0.000771818
0.00917102
-0.00098762
0.0094524
-0.00114784
0.00971916
-0.00125733
0.00995139
-0.00131613
0.0101355
-0.00132779
0.0102644
-0.00129891
0.0103352
-0.00123648
0.0103485
-0.00114678
0.0103065
-0.00103535
0.0102127
-0.000907009
0.0100712
-0.00076582
0.00988617
-0.000615013
0.00966092
-0.000456821
0.00939734
-0.000292192
0.00909418
-0.000119872
0.00875057
5.94346e-05
0.00836895
0.000243487
0.00795473
0.000430151
0.0075166
0.000618925
0.00706742
0.000815915
0.00663653
0.00103685
0.00630848
0.00131785
0.00624803
0.00173401
0.00662642
0.00242433
0.00745972
0.00356026
0.00857113
0.00520025
0.0097402
0.00720502
0.0108267
0.00935718
0.011771
0.0114906
0.012559
0.013509
0.0131956
0.0153622
0.0136918
0.0170255
0.0140588
0.0184863
0.0143066
0.0197379
0.0144428
0.0207753
0.0144737
0.0215938
0.0144041
0.0221879
0.0142387
0.022552
0.0139827
0.0226816
0.0136426
0.0225761
0.0132267
0.0222425
0.0127439
0.0216981
0.0122033
0.0209704
0.0116133
0.0200942
0.0109814
0.0191065
0.0103142
0.0180418
0.0096182
0.0169299
0.00889955
0.0157953
0.00816462
0.0146575
0.00741983
0.0135322
0.00667198
0.0124323
0.00592825
0.0113682
0.0051965
0.0103494
0.00448538
0.0093845
0.00380458
0.00848182
0.00316464
0.00764945
0.00257632
0.00689464
0.00204896
0.00622264
0.00158858
0.00563519
0.00119633
0.00512938
0.000868373
0.00469757
0.000596714
0.00432885
0.000373196
0.00401144
0.000188938
0.00373385
3.60471e-05
0.00348638
-9.20395e-05
0.00326156
-0.000200499
0.00305433
-0.000293479
0.00286076
-0.00037417
0.00267795
-0.000445152
0.00250388
-0.000508439
0.00233706
-0.000565734
0.00217644
-0.000618401
0.00202118
-0.000667648
0.00187062
-0.000714463
0.00172423
-0.000759754
0.00158155
-0.000804274
0.00144216
-0.000848729
0.0013057
-0.000893711
0.00117184
-0.000939784
0.00104026
-0.000987418
0.000910661
-0.00103706
0.000782761
-0.00108909
0.000656286
-0.00114387
0.000530974
-0.00120167
0.000406566
-0.00126278
0.000282811
-0.00132737
0.000159456
-0.00139558
3.62435e-05
-0.00146728
-8.68833e-05
-0.00154238
-0.00020982
-0.00162082
-0.000332635
-0.00170255
-0.00045539
-0.00178745
-0.000578127
-0.00187544
-0.000700783
-0.00196645
-0.000823254
-0.00206034
-0.000945483
-0.00106734
-0.00215688
0.00777309
-0.000350875
0.00809907
-0.00081465
0.00847161
-0.00114436
0.00882634
-0.00134236
0.00913105
-0.00145254
0.00936839
-0.00149468
0.00953187
-0.0014796
0.00962267
-0.00141859
0.00964595
-0.00132219
0.00960831
-0.00119885
0.00951669
-0.00105515
0.00937761
-0.000896277
0.00919686
-0.000726245
0.00897896
-0.000547934
0.00872681
-0.00036285
0.00844008
-0.000170098
0.00811746
3.04313e-05
0.00776234
0.000235242
0.00738192
0.000439863
0.00698322
0.000642176
0.00657058
0.000842806
0.00614561
0.00104388
0.00571031
0.00125123
0.00526975
0.0014774
0.00484092
0.0017467
0.00447089
0.00210401
0.00425958
0.00263567
0.00432375
0.00349605
0.00466253
0.00486149
0.00513351
0.00673401
0.00560926
0.00888145
0.00604392
0.0110559
0.00643371
0.0131192
0.00678391
0.015012
0.00709881
0.0167106
0.00737987
0.0182053
0.0076265
0.0194913
0.00783681
0.020565
0.00800834
0.0214223
0.00813869
0.0220576
0.00822602
0.0224647
0.00826964
0.022638
0.0082699
0.0225758
0.00822798
0.0222845
0.00814469
0.0217813
0.00802032
0.0210948
0.00785462
0.0202599
0.00764698
0.0193142
0.00739727
0.0182915
0.00710684
0.0172204
0.00677828
0.0161238
0.00641532
0.0150204
0.00602237
0.0139251
0.00560463
0.01285
0.00516786
0.011805
0.00471857
0.0107987
0.00426394
0.00983912
0.00381213
0.00893363
0.00337216
0.00808941
0.00295377
0.00731303
0.00256662
0.00660977
0.00221915
0.00598267
0.00191699
0.00543153
0.00166212
0.00495245
0.00145269
0.00453826
0.00128439
0.00417975
0.00115124
0.00386699
0.00104694
0.00359069
0.000965508
0.00334298
0.00090217
0.00311768
0.000852907
0.00291001
0.000814475
0.00271639
0.000784193
0.00253415
0.000759955
0.00236131
0.000740001
0.00219638
0.00072294
0.00203824
0.000707567
0.00188599
0.000692917
0.00173889
0.000678125
0.00159633
0.000662488
0.0014578
0.000645359
0.00132283
0.000626209
0.001191
0.000604539
0.00106192
0.000579942
0.000935261
0.000552026
0.000810671
0.000520475
0.000687839
0.000484983
0.000566461
0.000445307
0.000446243
0.000401216
0.000326898
0.000352532
0.00020814
0.000299086
8.96853e-05
0.000240936
-2.87333e-05
0.000178253
-0.000147141
0.000111134
-0.000265517
3.96666e-05
-0.000383926
-3.60449e-05
-0.000502417
-0.000115884
-0.000620946
-0.000199714
-0.000739426
-0.00028737
-0.000857829
-0.000976081
-0.000378626
0.00676361
-0.000718551
0.00717694
-0.00122798
0.00751526
-0.00148268
0.00775509
-0.00158218
0.00789865
-0.00159609
0.0079551
-0.00155113
0.00793715
-0.00146166
0.00785777
-0.00133922
0.00772842
-0.00119283
0.00755855
-0.00102899
0.00735577
-0.000852364
0.00712567
-0.000666189
0.0068719
-0.000472462
0.00659577
-0.000271817
0.00629571
-6.27808e-05
0.0059739
0.000151702
0.00563869
0.000365645
0.00529834
0.000575584
0.0049562
0.000782006
0.00461264
0.000985728
0.00426656
0.0011889
0.00391465
0.00139578
0.00355147
0.00161443
0.00316865
0.0018602
0.00275398
0.0021614
0.00230128
0.00255668
0.00181219
0.00312479
0.00131613
0.00399206
0.000875156
0.00530249
0.000534421
0.00707469
0.0003068
0.00910911
0.000192643
0.0111701
0.000185284
0.0131266
0.000271436
0.0149258
0.000435113
0.0165469
0.000660152
0.0179802
0.000931784
0.0192197
0.00123695
0.0202599
0.00156436
0.0210949
0.0019045
0.0217175
0.00224929
0.0221199
0.00259206
0.0222953
0.00292656
0.0222413
0.00324634
0.0219647
0.00354372
0.0214839
0.00381096
0.0208276
0.00404525
0.0200256
0.00423808
0.0191214
0.00438202
0.0181476
0.00447456
0.0171279
0.00451605
0.0160823
0.00450839
0.0150281
0.00445422
0.0139793
0.00435737
0.0129469
0.00422238
0.01194
0.00405458
0.0109665
0.00386001
0.0100337
0.00364563
0.00914802
0.00341923
0.00831581
0.00318947
0.00754279
0.00296544
0.00683379
0.00275605
0.00619207
0.0025689
0.00561868
0.00240938
0.00511197
0.00227999
0.00466764
0.00218051
0.00427924
0.00210844
0.00393905
0.00206003
0.0036391
0.002031
0.003372
0.00201731
0.00313137
0.00201532
0.002912
0.00202198
0.00270974
0.00203471
0.00252141
0.00205147
0.00234455
0.00207055
0.00217729
0.00209062
0.00201818
0.00211055
0.00186605
0.00212944
0.00172
0.00214651
0.00157926
0.00216115
0.00144317
0.00217279
0.00131117
0.00218101
0.00118278
0.00218538
0.00105755
0.00218559
0.000935057
0.00218132
0.000814935
0.00217233
0.000696827
0.00215839
0.000580396
0.00213932
0.000465317
0.00211494
0.000351275
0.00208512
0.000237958
0.00204975
0.000125049
0.00200881
1.22065e-05
0.00196241
-0.000100746
0.0019107
-0.000213802
0.00185376
-0.000326995
0.00179168
-0.000440336
0.00172454
-0.000553805
0.00165246
-0.000667353
0.00157556
-0.000780926
-0.000894416
0.00149389
0.00502965
-0.00113303
0.00524432
-0.00144266
0.00530448
-0.00154283
0.00525869
-0.0015364
0.00513794
-0.00147534
0.00496428
-0.00137747
0.00475373
-0.0012511
0.00451807
-0.00110356
0.00426594
-0.000940684
0.00400306
-0.000766112
0.00373295
-0.000582241
0.00345698
-0.00039023
0.00317453
-0.000189999
0.0028846
1.81044e-05
0.00259371
0.000228119
0.00231135
0.000434049
0.00204068
0.00063633
0.00177957
0.000836677
0.00152417
0.00103743
0.0012677
0.00124218
0.00100001
0.0014566
0.000706126
0.00168965
0.000364941
0.00195563
-5.24275e-05
0.00227755
-0.000582889
0.00269189
-0.00126843
0.00324219
-0.00213895
0.00399534
-0.00317164
0.00502471
-0.00424441
0.00637529
-0.00518001
0.00801025
-0.00587349
0.00980261
-0.00631368
0.0116102
-0.00652816
0.0133411
-0.00655155
0.0149492
-0.00641591
0.0164113
-0.00614917
0.0177135
-0.00577493
0.0188454
-0.00531304
0.019798
-0.00478023
0.020562
-0.00419068
0.021128
-0.00355711
0.0214863
-0.00289159
0.0216298
-0.0022071
0.0215568
-0.00151798
0.0212756
-0.000839765
0.0208057
-0.000186911
0.0201747
0.000427643
0.019411
0.000990448
0.0185586
0.00149312
0.0176449
0.00193292
0.0166881
0.00231327
0.0157019
0.00263538
0.014706
0.00289819
0.0137165
0.00310411
0.0127409
0.00325631
0.0117878
0.00335897
0.0108639
0.00341713
0.00997552
0.00343675
0.0091284
0.00342464
0.0083279
0.00338855
0.0075789
0.00333678
0.00688554
0.003278
0.00625086
0.00322035
0.00567631
0.00317089
0.00516144
0.00313471
0.00470381
0.00311477
0.00429919
0.00311178
0.00394202
0.00312481
0.00362608
0.00315171
0.00334509
0.00318987
0.00309322
0.00323654
0.00286532
0.00328918
0.0026571
0.00334554
0.00246505
0.00340374
0.00228636
0.00346221
0.00211881
0.00351972
0.00196067
0.00357525
0.00181052
0.00362799
0.00166726
0.00367729
0.00152995
0.00372264
0.00139782
0.00376359
0.00127022
0.0037998
0.00114657
0.00383098
0.00102636
0.00385689
0.000909145
0.00387733
0.000794493
0.00389213
0.000682022
0.00390115
0.000571368
0.00390429
0.000462184
0.00390142
0.000354134
0.00389249
0.000246887
0.00387743
0.000140112
0.00385615
3.34779e-05
0.00382873
-7.3329e-05
0.00379534
-0.000180411
0.00375609
-0.000287743
0.00371105
-0.000395303
0.0036603
-0.000503057
0.00360389
-0.000610943
0.00354184
-0.000718876
-0.000826703
0.00347412
0.00174474
-0.0011017
0.0014968
-0.00119473
0.00117635
-0.00122238
0.000833157
-0.00119321
0.000484523
-0.0011267
0.000139799
-0.00103275
-0.000194805
-0.000916493
-0.000516001
-0.00078237
-0.000823263
-0.000633414
-0.00111776
-0.000471624
-0.00140092
-0.000299066
-0.00167573
-0.000115427
-0.00194214
7.64205e-05
-0.00219358
0.000269528
-0.00242679
0.000461344
-0.00264812
0.00065536
-0.00286643
0.000854651
-0.00309289
0.00106313
-0.00334155
0.0012861
-0.00363033
0.00153094
-0.00398156
0.00180785
-0.00442265
0.00213073
-0.00498489
0.00251789
-0.00569964
0.00299228
-0.00658863
0.0035809
-0.00765852
0.00431206
-0.00887652
0.00521336
-0.010155
0.00630314
-0.011359
0.00757937
-0.0123561
0.00900726
-0.0130723
0.0105189
-0.0134997
0.0120376
-0.0136633
0.0135048
-0.0135971
0.0148829
-0.0133335
0.0161477
-0.0129016
0.0172815
-0.0123261
0.01827
-0.0116286
0.0191004
-0.0108274
0.0197609
-0.00993931
0.0202399
-0.00898066
0.0205277
-0.00796878
0.0206179
-0.00692339
0.0205114
-0.00586615
0.0202184
-0.00481936
0.0197589
-0.00380361
0.019159
-0.00283963
0.018447
-0.00193804
0.017657
-0.00110519
0.016812
-0.000344418
0.0159273
0.000343716
0.0150138
0.000959401
0.0140903
0.00150793
0.0131679
0.00199233
0.0122565
0.00241162
0.0113685
0.0027679
0.0105076
0.003065
0.00967841
0.00330801
0.0088854
0.00350295
0.00813295
0.00365679
0.00742506
0.00377717
0.00676516
0.00387221
0.00615583
0.00395001
0.0055985
0.00401817
0.00509329
0.00408313
0.00463885
0.00414985
0.00423248
0.00422149
0.00387037
0.00429963
0.00354796
0.00438436
0.00326035
0.00447492
0.00300267
0.00456987
0.00277037
0.0046676
0.00255937
0.00476645
0.00236619
0.00486492
0.00218789
0.00496168
0.00202205
0.00505566
0.00186669
0.00514595
0.00172022
0.00523188
0.00158133
0.00531289
0.00144894
0.00538856
0.00132215
0.00545856
0.00120021
0.00552267
0.00108247
0.00558067
0.000968354
0.00563245
0.000857366
0.00567789
0.000749052
0.00571691
0.000642998
0.00574945
0.000538821
0.00577548
0.000436157
0.00579496
0.000334657
0.00580787
0.000233976
0.00581421
0.000133769
0.005814
3.36825e-05
0.00580729
-6.66189e-05
0.00579412
-0.000167246
0.00577453
-0.000268158
0.00574855
-0.000369318
0.00571617
-0.00047068
0.00567739
-0.00057217
0.00563219
-0.000673678
-0.000775014
0.0055805
-0.00480147
-0.00076918
-0.0051951
-0.000801105
-0.00560417
-0.000813301
-0.00600352
-0.000793863
-0.00638592
-0.000744299
-0.00675023
-0.000668446
-0.00709637
-0.000570343
-0.00742507
-0.000453675
-0.00773863
-0.000319842
-0.00804145
-0.00016881
-0.00833813
-2.37463e-06
-0.00862621
0.000172649
-0.00890153
0.000351753
-0.0091702
0.000538187
-0.00944504
0.000736196
-0.00973902
0.000949332
-0.0100661
0.0011817
-0.0104413
0.0014384
-0.010881
0.00172575
-0.0114015
0.00205149
-0.0120185
0.00242485
-0.0127443
0.00285654
-0.013585
0.0033586
-0.0145366
0.00394387
-0.0155809
0.00462521
-0.0166832
0.0054143
-0.0177893
0.00631949
-0.0188282
0.00734206
-0.0197206
0.00847175
-0.0203967
0.00968339
-0.0208161
0.0109383
-0.0209718
0.0121933
-0.0208777
0.0134107
-0.0205563
0.0145615
-0.0200314
0.0156229
-0.0193262
0.0165763
-0.0184621
0.0174058
-0.0174586
0.018097
-0.0163344
0.0186367
-0.0151083
0.0190137
-0.0138002
0.0192195
-0.0124328
0.0192505
-0.0110316
0.0191102
-0.00962359
0.0188104
-0.00823499
0.0183703
-0.00688896
0.017813
-0.00560532
0.0171634
-0.00439489
0.0164466
-0.0032638
0.0156809
-0.00221581
0.0148793
-0.00125475
0.0140527
-0.000377707
0.0132133
0.000422645
0.0123676
0.00115454
0.0115247
0.00181514
0.0107078
0.00240309
0.00991966
0.0029204
0.00916108
0.00337115
0.00843466
0.0037606
0.00774349
0.00409505
0.00709061
0.00438149
0.00647871
0.0046275
0.00590983
0.00484076
0.00538522
0.00502889
0.00490517
0.00519878
0.00446894
0.00535645
0.00407481
0.0055066
0.00372021
0.00565263
0.00340193
0.00579664
0.00311633
0.00593966
0.00285965
0.00608185
0.00262816
0.00622286
0.00241837
0.00636193
0.00222711
0.00649824
0.00205158
0.0066309
0.00188938
0.00675913
0.00173847
0.00688221
0.00159713
0.00699961
0.00146393
0.00711086
0.00133768
0.00721564
0.00121738
0.00731368
0.00110216
0.00740484
0.000991313
0.00748898
0.000884207
0.00756605
0.000780295
0.007636
0.000679092
0.00769884
0.000580161
0.00775456
0.000483101
0.00780317
0.000387538
0.00784471
0.000293112
0.00787922
0.00019947
0.00790674
0.000106241
0.00792741
1.30108e-05
0.00794122
-8.04326e-05
0.00794804
-0.000174069
0.00794778
-0.000267893
0.00794034
-0.000361885
0.00792566
-0.000456001
0.00790365
-0.000550167
0.00787425
-0.000644273
-0.00073812
0.00783735
-0.0140824
-0.00042455
-0.0144532
-0.000430298
-0.0148429
-0.000423563
-0.0152397
-0.000397092
-0.0156371
-0.000346875
-0.0160333
-0.000272266
-0.0164292
-0.000174405
-0.0168272
-5.56765e-05
-0.017226
7.89357e-05
-0.0176188
0.000223969
-0.0179993
0.000378088
-0.018371
0.000544357
-0.018746
0.00072675
-0.0191349
0.000927143
-0.0195465
0.00114779
-0.0199886
0.00139143
-0.0204684
0.00166145
-0.0209919
0.00196195
-0.0215639
0.00229778
-0.022187
0.00267452
-0.0228605
0.00309839
-0.0235801
0.00357613
-0.0243362
0.00411475
-0.0251134
0.00472099
-0.0258888
0.00540061
-0.0266318
0.00615737
-0.027304
0.00699171
-0.0278611
0.00789915
-0.0282581
0.00886876
-0.0284572
0.00988243
-0.028435
0.010916
-0.0281847
0.011943
-0.0277122
0.0129381
-0.0270297
0.013879
-0.0261528
0.0147461
-0.0250986
0.0155221
-0.0238844
0.0161917
-0.0225284
0.016741
-0.0210498
0.017158
-0.0194695
0.0174335
-0.0178116
0.0175616
-0.0161027
0.0175417
-0.0143718
0.0173793
-0.0126476
0.0170863
-0.0109568
0.0166794
-0.00932147
0.0161777
-0.00775869
0.0156006
-0.00627848
0.0149664
-0.00488682
0.0142892
-0.00358728
0.0135798
-0.00238187
0.0128473
-0.00126837
0.0120998
-0.00024298
0.0113422
0.000706197
0.0105755
0.00157925
0.00983477
0.0023727
0.00912622
0.00308727
0.0084465
0.00372607
0.00779587
0.00429361
0.00717594
0.00479551
0.00658872
0.0052381
0.0060361
0.00562834
0.0055196
0.00597338
0.00504017
0.00628047
0.00459809
0.00655646
0.00419293
0.00680771
0.00382357
0.00703964
0.00348827
0.0072568
0.00318478
0.0074626
0.00291051
0.0076596
0.00266266
0.00784939
0.00243836
0.00803295
0.00223482
0.00821065
0.0020494
0.00838257
0.00187966
0.00854851
0.00172343
0.00870819
0.00157879
0.00886126
0.00144406
0.0090074
0.00131779
0.00914631
0.00119877
0.00927778
0.00108591
0.0094016
0.000978331
0.00951768
0.000875237
0.00962592
0.00077596
0.0097263
0.000679914
0.00981881
0.00058658
0.00990347
0.000495501
0.0099803
0.000406257
0.0100494
0.000318462
0.0101107
0.000231745
0.0101645
0.000145729
0.0102107
6.00325e-05
0.0102494
-2.56988e-05
0.0102804
-0.000111463
0.0103035
-0.000197179
0.0103185
-0.000282874
0.0103252
-0.00036856
0.0103234
-0.000454215
0.010313
-0.000539788
0.0102939
-0.000625194
-0.000710272
0.0102661
-0.0262264
-2.38129e-05
-0.026648
-8.6569e-06
-0.027089
1.74129e-05
-0.0275415
5.54575e-05
-0.0279964
0.000107948
-0.0284441
0.000175438
-0.028876
0.000257547
-0.0292856
0.000353861
-0.0296717
0.000465053
-0.0300407
0.000592951
-0.0304013
0.000738763
-0.0307602
0.000903257
-0.031121
0.00108751
-0.0314867
0.00129287
-0.03186
0.00152112
-0.0322431
0.00177454
-0.0326375
0.00205584
-0.0330437
0.00236813
-0.0334608
0.00271492
-0.0338863
0.00309997
-0.0343151
0.00352717
-0.0347393
0.00400038
-0.0351476
0.00452308
-0.0355247
0.00509804
-0.0358509
0.00572681
-0.0361026
0.0064091
-0.036253
0.00714212
-0.0362738
0.00791992
-0.0361379
0.00873288
-0.0358232
0.00956772
-0.0353153
0.0104082
-0.0346087
0.0112364
-0.0337052
0.0120346
-0.0326119
0.0127857
-0.0313396
0.0134738
-0.0299017
0.0140843
-0.0283141
0.0146041
-0.0265947
0.0150216
-0.0247641
0.0153275
-0.0228458
0.0155152
-0.0208661
0.0155818
-0.0188533
0.0155289
-0.0168365
0.0153625
-0.014843
0.0150929
-0.0128969
0.0147333
-0.0110175
0.0142983
-0.00921895
0.013802
-0.00751018
0.0132577
-0.00589656
0.0126756
-0.00438096
0.0120642
-0.00296409
0.0114304
-0.00164344
0.0107792
-0.000414222
0.0101129
0.000731445
0.00942984
0.0017906
0.00877561
0.00276313
0.00815369
0.00365052
0.0075591
0.00445572
0.00699068
0.00518275
0.0064489
0.00583663
0.00593484
0.00642307
0.00544965
0.00694834
0.00499433
0.00741901
0.0045695
0.00784176
0.00417534
0.00822312
0.00381157
0.00856927
0.00347742
0.00888583
0.0031717
0.00917779
0.00289283
0.00944932
0.00263898
0.00970386
0.00240813
0.00994407
0.00219815
0.010172
0.00200692
0.010389
0.00183237
0.0105961
0.00167253
0.010794
0.00152558
0.0109829
0.00138986
0.0111631
0.00126387
0.0113346
0.00114629
0.0114974
0.00103596
0.0116515
0.000931826
0.0117968
0.000833008
0.0119333
0.000738717
0.012061
0.000648266
0.0121799
0.00056105
0.0122899
0.000476538
0.0123912
0.000394255
0.0124836
0.000313771
0.0125674
0.000234691
0.0126425
0.000156628
0.0127091
7.91841e-05
0.0127672
1.88859e-06
0.0128167
-7.51888e-05
0.012857
-0.000151806
0.0128879
-0.000228094
0.0129092
-0.000304139
0.0129206
-0.000379976
0.012922
-0.000455615
0.0129133
-0.000531044
0.0128943
-0.000606226
-0.000681077
0.0128651
-0.0408627
0.000235221
-0.04112
0.000248694
-0.0413728
0.000270131
-0.0416202
0.000302901
-0.0418609
0.000348656
-0.0420937
0.000408236
-0.0423185
0.000482361
-0.0425365
0.000571805
-0.0427488
0.000677352
-0.0429555
0.000799715
-0.0431564
0.000939636
-0.0433512
0.00109805
-0.0435398
0.00127609
-0.043722
0.0014751
-0.0438975
0.00169663
-0.0440654
0.00194244
-0.044224
0.00221451
-0.0443709
0.00251495
-0.0445019
0.00284598
-0.0446118
0.0032098
-0.0446931
0.00360851
-0.0447366
0.00404388
-0.0447307
0.00451716
-0.0446615
0.00502885
-0.044513
0.00557834
-0.0442675
0.00616361
-0.0439063
0.00678092
-0.0434109
0.0074245
-0.0427645
0.00808649
-0.0419538
0.00875697
-0.04097
0.00942439
-0.0398097
0.0100762
-0.0384745
0.0106994
-0.0369701
0.0112813
-0.035306
0.0118097
-0.033495
0.0122732
-0.0315529
0.0126619
-0.0294985
0.0129672
-0.0273537
0.0131827
-0.0251428
0.0133043
-0.0228922
0.0133312
-0.020629
0.0132657
-0.0183796
0.013113
-0.0161679
0.0128813
-0.0140145
0.0125799
-0.0119355
0.0122193
-0.00994273
0.0118092
-0.00804389
0.0113588
-0.00624378
0.0108755
-0.00454453
0.010365
-0.00294572
0.00983154
-0.00144346
0.00927693
-2.94809e-05
0.00869893
0.00128873
0.00811164
0.00250842
0.0075559
0.00363482
0.00702729
0.00467122
0.0065227
0.00562099
0.00604091
0.00648805
0.00558183
0.00727703
0.00514586
0.0079931
0.00473358
0.0086419
0.00434553
0.00922937
0.00398202
0.00976158
0.00364314
0.0102445
0.00332863
0.010684
0.00303796
0.0110854
0.00277027
0.0114537
0.00252448
0.0117934
0.0022993
0.0121083
0.00209328
0.0124015
0.00190491
0.0126758
0.00173261
0.0129333
0.00157484
0.0131758
0.00143009
0.0134044
0.00129691
0.0136203
0.00117398
0.0138241
0.00106005
0.0140164
0.000953984
0.0141976
0.00085477
0.0143679
0.000761485
0.0145276
0.000673309
0.0146768
0.000589508
0.0148157
0.000509431
0.0149442
0.000432496
0.0150626
0.000358184
0.0151708
0.000286028
0.015269
0.000215605
0.0153571
0.000146521
0.0154354
7.83882e-05
0.0155038
1.07734e-05
0.015562
-5.63019e-05
0.0156094
-0.000122615
0.0156459
-0.000188298
0.0156713
-0.000253473
0.0156853
-0.000318237
0.015688
-0.000382656
0.0156792
-0.000446775
0.0156588
-0.00051062
0.0156267
-0.000574207
-0.000637541
0.0155832
-0.0535995
0.000316601
-0.0536777
0.00032687
-0.0537539
0.000346316
-0.0538279
0.000376948
-0.0538988
0.000419544
-0.0539652
0.000474673
-0.0540258
0.000542904
-0.0540788
0.000624864
-0.0541227
0.000721249
-0.0541558
0.000832788
-0.0541764
0.000960251
-0.0541828
0.00110448
-0.0541731
0.0012664
-0.0541451
0.00144704
-0.054096
0.00164755
-0.0540227
0.00186914
-0.0539213
0.00211308
-0.053787
0.00238068
-0.0536142
0.00267318
-0.0533961
0.00299168
-0.0531247
0.00333708
-0.0527907
0.00370991
-0.0523837
0.00411019
-0.0518921
0.00453729
-0.0513035
0.00498973
-0.050605
0.00546504
-0.0497836
0.00595958
-0.0488276
0.00646848
-0.0477267
0.00698557
-0.0464732
0.00750353
-0.045063
0.0080141
-0.0434951
0.00850835
-0.0417728
0.00897708
-0.0399027
0.00941116
-0.0378949
0.00980183
-0.0357627
0.010141
-0.0335225
0.0104217
-0.0311935
0.0106382
-0.0287973
0.0107864
-0.026357
0.0108641
-0.0238971
0.0108713
-0.0214415
0.0108101
-0.0190129
0.0106844
-0.0166315
0.0104998
-0.0143143
0.0102627
-0.0120749
0.00997986
-0.00992348
0.00965782
-0.00786698
0.00930236
-0.00590963
0.00891811
-0.00405273
0.0085081
-0.00229436
0.00807315
-0.000628187
0.00761077
0.000943302
0.00712742
0.00240258
0.00665236
0.00375735
0.00620112
0.00501362
0.00577102
0.00617585
0.00536046
0.00724806
0.00496871
0.00823432
0.00459555
0.00913911
0.00424107
0.00996723
0.00390546
0.0107238
0.00358894
0.0114142
0.00329163
0.0120439
0.00301347
0.0126182
0.00275426
0.0131426
0.00251358
0.013622
0.00229083
0.0140613
0.00208527
0.0144646
0.00189598
0.0148359
0.00172196
0.0151787
0.00156215
0.0154959
0.00141542
0.0157901
0.00128064
0.0160634
0.00115672
0.0163178
0.00104257
0.0165546
0.000937152
0.0167751
0.000839512
0.0169804
0.000748743
0.0171711
0.000664014
0.017348
0.000584562
0.0175117
0.00050969
0.0176624
0.000438769
0.0178006
0.000371228
0.0179265
0.000306549
0.0180404
0.000244268
0.0181425
0.000183961
0.0182329
0.000125245
0.0183116
6.77634e-05
0.0183789
1.11571e-05
0.0184342
-4.46054e-05
0.0184773
-9.93865e-05
0.018508
-0.000153311
0.0185262
-0.000206542
0.018532
-0.000259215
0.0185252
-0.000311434
0.0185058
-0.000363281
0.0184739
-0.000414822
0.0184293
-0.000466108
0.0183723
-0.000517195
-0.000568167
0.0183029
-0.0629546
0.000299962
-0.0629358
0.000308019
-0.0629142
0.000324681
-0.0628879
0.000350653
-0.0628548
0.000386521
-0.0628129
0.000432749
-0.0627598
0.000489795
-0.0626931
0.000558151
-0.0626102
0.000638341
-0.0625083
0.000730924
-0.0623846
0.000836498
-0.0622358
0.000955705
-0.0620586
0.00108923
-0.0618494
0.0012378
-0.061604
0.00140216
-0.0613179
0.00158309
-0.0609862
0.00178133
-0.0606031
0.00199758
-0.0601623
0.00223244
-0.059657
0.00248634
-0.0590794
0.00275949
-0.0584213
0.00305179
-0.0576738
0.00336274
-0.0568279
0.00369134
-0.0558742
0.004036
-0.0548036
0.00439448
-0.0536078
0.00476378
-0.0522795
0.00514017
-0.0508131
0.00551916
-0.0492052
0.00589561
-0.0474549
0.0062638
-0.0455642
0.0066177
-0.0435382
0.00695109
-0.0413849
0.00725785
-0.0391152
0.00753215
-0.0367429
0.00776869
-0.034284
0.00796292
-0.031757
0.00811124
-0.0291819
0.00821121
-0.0265794
0.00826164
-0.0239708
0.00826272
-0.0213765
0.00821588
-0.0188158
0.0081237
-0.0163056
0.00798964
-0.0138606
0.00781766
-0.0114926
0.00761188
-0.00921094
0.00737614
-0.00702219
0.00711362
-0.00493041
0.00682631
-0.00293641
0.00651411
-0.00103717
0.00617389
0.00076584
0.00580778
0.00245574
0.00543751
0.00402767
0.00508044
0.00549051
0.00473827
0.00685064
0.00441091
0.00811301
0.00409808
0.00928214
0.00379957
0.0103624
0.00351529
0.0113583
0.00324521
0.0122743
0.00298938
0.0131154
0.00274784
0.0138865
0.00252058
0.0145924
0.0023075
0.0152383
0.00210841
0.0158289
0.00192299
0.0163689
0.00175083
0.0168628
0.0015914
0.0173146
0.00144409
0.0177284
0.00130822
0.0181075
0.00118306
0.018455
0.00106784
0.0187739
0.000961781
0.0190665
0.000864094
0.0193351
0.000774015
0.0195814
0.0006908
0.0198072
0.000613738
0.0200138
0.00054216
0.0202024
0.000475436
0.0203739
0.000412982
0.0205294
0.00035426
0.0206694
0.000298774
0.0207945
0.000246072
0.0209053
0.00019574
0.0210022
0.000147405
0.0210854
0.000100727
0.0211552
5.5405e-05
0.0212118
1.11668e-05
0.0212551
-3.20575e-05
0.0212847
-7.42438e-05
0.0213008
-0.000115523
0.0213036
-0.000156055
0.021293
-0.000195983
0.0212692
-0.000235426
0.0212323
-0.000274482
0.0211822
-0.000313233
0.0211191
-0.000351743
0.0210431
-0.000390077
0.0209542
-0.000428311
-0.000466578
0.0208526
-0.0686245
0.000228967
-0.0685522
0.000235672
-0.0684763
0.00024884
-0.068394
0.000268338
-0.0683021
0.000294619
-0.0681974
0.000328066
-0.0680767
0.00036904
-0.0679365
0.000417911
-0.0677732
0.000475066
-0.0675832
0.000540906
-0.0673625
0.000615846
-0.0671071
0.000700319
-0.0668126
0.00079477
-0.0664745
0.000899648
-0.0660877
0.0010154
-0.0656471
0.00114247
-0.065147
0.00128123
-0.0645814
0.00143202
-0.0639441
0.00159509
-0.0632283
0.00177052
-0.062427
0.00195826
-0.0615333
0.00215801
-0.0605397
0.00236921
-0.0594394
0.00259097
-0.0582254
0.00282207
-0.0568918
0.00306084
-0.0554332
0.00330521
-0.0538457
0.0035527
-0.052127
0.0038004
-0.0502764
0.00404505
-0.0482957
0.0042831
-0.0461889
0.00451085
-0.0439623
0.00472451
-0.0416248
0.00492037
-0.0391876
0.00509495
-0.036664
0.00524509
-0.0340692
0.00536811
-0.0314199
0.00546193
-0.0287338
0.00552517
-0.0260293
0.00555716
-0.0233247
0.00555802
-0.0206373
0.00552857
-0.0179839
0.00547027
-0.0153793
0.005385
-0.0128365
0.00527493
-0.0103669
0.00514221
-0.00797944
0.00498871
-0.00568142
0.00481562
-0.00347781
0.00462269
-0.00137092
0.00440723
0.000637103
0.00416586
0.00253141
0.00391348
0.00430228
0.00366662
0.00595527
0.00342746
0.00749643
0.0031971
0.00893127
0.00297607
0.0102647
0.00276459
0.0115016
0.00256272
0.0126464
0.00237046
0.0137038
0.00218783
0.0146784
0.00201482
0.0155748
0.00185143
0.0163978
0.00169758
0.0171521
0.00155319
0.0178424
0.0014181
0.0184733
0.00129209
0.0190492
0.00117489
0.0195745
0.00106615
0.0200531
0.000965497
0.0204888
0.00087249
0.0208852
0.000786668
0.0212455
0.000707544
0.0215726
0.00063462
0.0218693
0.000567394
0.022138
0.00050537
0.0223807
0.000448061
0.0225995
0.000395002
0.0227959
0.000345747
0.0229714
0.000299876
0.0231274
0.000256995
0.0232649
0.000216739
0.0233849
0.000178771
0.0234882
0.000142781
0.0235755
0.000108489
0.0236472
7.56405e-05
0.0237039
4.40117e-05
0.0237459
1.34159e-05
0.0237733
-1.62405e-05
0.0237863
-4.50046e-05
0.023785
-7.29882e-05
0.0237698
-0.000100326
0.0237409
-0.000127142
0.0236985
-0.00015354
0.0236426
-0.000179609
0.0235736
-0.000205423
0.0234914
-0.000231044
0.0233962
-0.000256526
0.023288
-0.000281927
0.023167
-0.000307328
-0.000332877
0.0230333
-0.07155
0.000123847
-0.071442
0.000127702
-0.0713281
0.000134967
-0.0712052
0.00014543
-0.0710699
0.000159331
-0.0709188
0.000176884
-0.070748
0.000198285
-0.0705538
0.000223734
-0.0703322
0.000253433
-0.0700789
0.000287591
-0.0697895
0.000326419
-0.0694593
0.000370133
-0.0690834
0.000418952
-0.0686569
0.000473092
-0.0681742
0.000532759
-0.0676299
0.000598147
-0.0670181
0.00066942
-0.0663328
0.000746705
-0.0655678
0.000830073
-0.0647168
0.000919523
-0.0637735
0.00101496
-0.0627317
0.00111618
-0.0615853
0.00122283
-0.0603287
0.00133442
-0.0589569
0.00145028
-0.0574656
0.00156954
-0.0558516
0.00169115
-0.0541127
0.00181387
-0.0522486
0.00193627
-0.0502604
0.00205679
-0.048151
0.00217372
-0.0459254
0.0022853
-0.0435907
0.00238975
-0.0411556
0.00248533
-0.0386311
0.00257042
-0.0360295
0.00264355
-0.0333649
0.00270349
-0.0306523
0.00274929
-0.0279074
0.0027803
-0.0251464
0.00279623
-0.0223855
0.00279711
-0.0196403
0.00278331
-0.0169255
0.00275545
-0.0142548
0.00271435
-0.0116408
0.0026609
-0.00909449
0.00259594
-0.00662589
0.0025201
-0.00424375
0.00243349
-0.00195599
0.00233491
0.000230562
0.00222068
0.00230218
0.00209423
0.0042475
0.00196816
0.00606972
0.0018444
0.00777309
0.00172409
0.00936227
0.00160791
0.0108421
0.00149626
0.0122173
0.00138934
0.0134928
0.00128726
0.0146732
0.00119005
0.0157633
0.00109774
0.0167678
0.00101032
0.0176914
0.000927769
0.018539
0.000850053
0.0193151
0.000777106
0.0200243
0.000708841
0.0206713
0.000645141
0.0212603
0.000585864
0.0217956
0.000530838
0.0222812
0.000479872
0.022721
0.000432751
0.0231184
0.000389248
0.0234768
0.000349122
0.0237993
0.000312128
0.0240887
0.000278018
0.0243475
0.000246546
0.0245781
0.000217471
0.0247825
0.00019056
0.0249627
0.000165591
0.0251202
0.000142353
0.0252565
0.000120648
0.025373
0.000100295
0.0254706
8.11223e-05
0.0255504
6.29782e-05
0.0256132
4.57238e-05
0.0256596
2.9238e-05
0.0256902
1.34181e-05
0.0257054
-1.81089e-06
0.0257057
-1.64982e-05
0.0256914
-3.07096e-05
0.0256629
-4.45302e-05
0.0256206
-5.80356e-05
0.0255648
-7.12914e-05
0.0254956
-8.43529e-05
0.0254132
-9.72667e-05
0.0253179
-0.000110073
0.0252096
-0.000122809
0.0250886
-0.000135507
0.0249549
-0.000148208
0.0248085
-0.000160975
-0.000173924
0.0246496
-0.0728018
-0.0726741
-0.0725392
-0.0723937
-0.0722344
-0.0720575
-0.0718592
-0.0716355
-0.0713821
-0.0710945
-0.0707681
-0.0703979
-0.069979
-0.0695059
-0.0689731
-0.068375
-0.0677055
-0.0669588
-0.0661288
-0.0652093
-0.0641943
-0.0630781
-0.0618553
-0.0605209
-0.0590706
-0.057501
-0.0558099
-0.053996
-0.0520598
-0.050003
-0.0478292
-0.0455439
-0.0431542
-0.0406689
-0.0380984
-0.0354549
-0.0327514
-0.0300021
-0.0272218
-0.0244256
-0.0216285
-0.0188451
-0.0160897
-0.0133754
-0.0107145
-0.00811852
-0.00559843
-0.00316493
-0.000830032
0.00139066
0.00348488
0.00545305
0.00729744
0.00902154
0.0106294
0.0121257
0.013515
0.0148023
0.0159924
0.0170901
0.0181004
0.0190282
0.0198782
0.0206553
0.0213642
0.0220093
0.0225952
0.023126
0.0236059
0.0240386
0.0244279
0.024777
0.0250891
0.0253671
0.0256137
0.0258312
0.0260217
0.0261873
0.0263297
0.0264503
0.0265506
0.0266317
0.0266947
0.0267404
0.0267697
0.0267831
0.0267813
0.0267648
0.0267341
0.0266895
0.0266315
0.0265602
0.0264758
0.0263786
0.0262685
0.0261457
0.0260102
0.025862
0.025701
0.0255271
-0.00191347
-1.32309e-05
-0.0019001
-1.33592e-05
-0.00188659
-1.35144e-05
-0.0018729
-1.36907e-05
-0.00185902
-1.38801e-05
-0.00184494
-1.4078e-05
-0.00183066
-1.42814e-05
-0.00181617
-1.4488e-05
-0.00180147
-1.46965e-05
-0.00178657
-1.49057e-05
-0.00177146
-1.51148e-05
-0.00175613
-1.53232e-05
-0.0017406
-1.55304e-05
-0.00172487
-1.57361e-05
-0.00170893
-1.59401e-05
-0.00169279
-1.6142e-05
-0.00167645
-1.63417e-05
-0.00165991
-1.65391e-05
-0.00164317
-1.67341e-05
-0.00162625
-1.69264e-05
-0.00160913
-1.71161e-05
-0.00159183
-1.73031e-05
-0.00157434
-1.74872e-05
-0.00155668
-1.76685e-05
-0.00153883
-1.78469e-05
-0.00152081
-1.80223e-05
-0.00150261
-1.81948e-05
-0.00148425
-1.83643e-05
-0.00146572
-1.85308e-05
-0.00144703
-1.86942e-05
-0.00142817
-1.88545e-05
-0.00140916
-1.90118e-05
-0.00138999
-1.9166e-05
-0.00137068
-1.9317e-05
-0.00135121
-1.9465e-05
-0.0013316
-1.96098e-05
-0.00131185
-1.97515e-05
-0.00129196
-1.98899e-05
-0.00127194
-2.00252e-05
-0.00125178
-2.01573e-05
-0.0012315
-2.02862e-05
-0.00121109
-2.04118e-05
-0.00119055
-2.05341e-05
-0.0011699
-2.06531e-05
-0.00114913
-2.07688e-05
-0.00112825
-2.0881e-05
-0.00110726
-2.09897e-05
-0.00108617
-2.1095e-05
-0.00106497
-2.11967e-05
-0.00104368
-2.12946e-05
-0.00102229
-2.13889e-05
-0.00100081
-2.14793e-05
-0.000979247
-2.15658e-05
-0.0009576
-2.16484e-05
-0.000935874
-2.17268e-05
-0.000914075
-2.18009e-05
-0.000892204
-2.18708e-05
-0.00087027
-2.19361e-05
-0.000848274
-2.19968e-05
-0.000826223
-2.20528e-05
-0.00080412
-2.21039e-05
-0.000781972
-2.215e-05
-0.000759782
-2.2191e-05
-0.000737557
-2.22266e-05
-0.000715301
-2.22567e-05
-0.000693023
-2.22813e-05
-0.000670724
-2.23001e-05
-0.000648414
-2.23129e-05
-0.000626095
-2.23197e-05
-0.000603779
-2.23203e-05
-0.000581466
-2.23144e-05
-0.000559168
-2.2302e-05
-0.000536887
-2.22827e-05
-0.000514637
-2.22563e-05
-0.000492417
-2.22228e-05
-0.000470243
-2.21816e-05
-0.000448115
-2.21324e-05
-0.000426051
-2.20749e-05
-0.00040405
-2.20086e-05
-0.000382132
-2.19328e-05
-0.000360296
-2.1847e-05
-0.000338566
-2.17503e-05
-0.000316941
-2.16417e-05
-0.000295447
-2.152e-05
-0.000274085
-2.13838e-05
-0.000252886
-2.12312e-05
-0.000231858
-2.10601e-05
-0.000211029
-2.08675e-05
-0.000190418
-2.065e-05
-0.000170058
-2.0403e-05
-0.000149983
-2.01203e-05
-0.000130236
-1.97938e-05
-0.000110875
-1.94123e-05
-9.19649e-05
-1.89594e-05
-7.36161e-05
-1.84106e-05
-5.59432e-05
-1.77271e-05
-3.91538e-05
-1.68463e-05
-2.35799e-05
-1.56425e-05
-9.93428e-06
-1.37635e-05
-9.93426e-06
-0.00266341
-3.39956e-05
-0.00264234
-3.44377e-05
-0.00262101
-3.4843e-05
-0.00259947
-3.52294e-05
-0.00257775
-3.56028e-05
-0.00255586
-3.59673e-05
-0.00253381
-3.63261e-05
-0.00251162
-3.66807e-05
-0.00248928
-3.70323e-05
-0.00246681
-3.73815e-05
-0.0024442
-3.77287e-05
-0.00242145
-3.8074e-05
-0.00239856
-3.84175e-05
-0.00237554
-3.87591e-05
-0.00235238
-3.90986e-05
-0.00232908
-3.94359e-05
-0.00230565
-3.9771e-05
-0.00228209
-4.01034e-05
-0.00225839
-4.04333e-05
-0.00223455
-4.07603e-05
-0.00221058
-4.10843e-05
-0.00218648
-4.14052e-05
-0.00216225
-4.17228e-05
-0.00213788
-4.2037e-05
-0.00211338
-4.23476e-05
-0.00208874
-4.26546e-05
-0.00206398
-4.29577e-05
-0.00203909
-4.3257e-05
-0.00201406
-4.35524e-05
-0.00198891
-4.38436e-05
-0.00196364
-4.41307e-05
-0.00193824
-4.44136e-05
-0.00191271
-4.46922e-05
-0.00188706
-4.49665e-05
-0.00186128
-4.52365e-05
-0.00183539
-4.55019e-05
-0.00180938
-4.57629e-05
-0.00178325
-4.60195e-05
-0.001757
-4.62714e-05
-0.00173064
-4.65188e-05
-0.00170416
-4.67616e-05
-0.00167757
-4.69997e-05
-0.00165087
-4.72331e-05
-0.00162406
-4.7462e-05
-0.00159715
-4.76861e-05
-0.00157012
-4.79054e-05
-0.00154299
-4.81201e-05
-0.00151575
-4.833e-05
-0.00148841
-4.8535e-05
-0.00146097
-4.87353e-05
-0.00143343
-4.89307e-05
-0.00140578
-4.91213e-05
-0.00137804
-4.9307e-05
-0.0013502
-4.94876e-05
-0.00132226
-4.96633e-05
-0.00129423
-4.9834e-05
-0.0012661
-4.99995e-05
-0.00123787
-5.01599e-05
-0.00120955
-5.03151e-05
-0.00118114
-5.04649e-05
-0.00115263
-5.06093e-05
-0.00112403
-5.07483e-05
-0.00109534
-5.08816e-05
-0.00106655
-5.10091e-05
-0.00103768
-5.11308e-05
-0.00100871
-5.12463e-05
-0.000979652
-5.13556e-05
-0.000950504
-5.14584e-05
-0.000921267
-5.15545e-05
-0.00089194
-5.16435e-05
-0.000862527
-5.17253e-05
-0.000833025
-5.17993e-05
-0.000803439
-5.18653e-05
-0.000773767
-5.19228e-05
-0.000744015
-5.19712e-05
-0.000714178
-5.20101e-05
-0.000684267
-5.20386e-05
-0.000654275
-5.20561e-05
-0.000624213
-5.20616e-05
-0.000594077
-5.20543e-05
-0.000563879
-5.20327e-05
-0.000533614
-5.19958e-05
-0.000503297
-5.19417e-05
-0.000472923
-5.18685e-05
-0.00044251
-5.1774e-05
-0.000412054
-5.16553e-05
-0.000381573
-5.1509e-05
-0.000351072
-5.13307e-05
-0.000320566
-5.1115e-05
-0.000290072
-5.08546e-05
-0.000259606
-5.05401e-05
-0.000229195
-5.01588e-05
-0.000198864
-4.96923e-05
-0.000168661
-4.91139e-05
-0.000138627
-4.83817e-05
-0.000108868
-4.74295e-05
-7.95058e-05
-4.61512e-05
-5.07606e-05
-4.43129e-05
-2.32611e-05
-4.11024e-05
-3.31953e-05
-0.00303903
-5.42058e-05
-0.00301845
-5.50128e-05
-0.00299754
-5.57529e-05
-0.00297632
-5.64462e-05
-0.00295482
-5.71073e-05
-0.00293304
-5.7746e-05
-0.00291099
-5.83694e-05
-0.00288869
-5.8982e-05
-0.00286614
-5.95868e-05
-0.00284333
-6.01857e-05
-0.00282028
-6.07799e-05
-0.00279699
-6.13702e-05
-0.00277345
-6.1957e-05
-0.00274967
-6.25404e-05
-0.00272565
-6.31206e-05
-0.00270139
-6.36974e-05
-0.00267689
-6.42707e-05
-0.00265215
-6.48405e-05
-0.00262718
-6.54066e-05
-0.00260197
-6.59688e-05
-0.00257653
-6.65269e-05
-0.00255085
-6.70809e-05
-0.00252494
-6.76304e-05
-0.0024988
-6.81754e-05
-0.00247244
-6.87158e-05
-0.00244584
-6.92513e-05
-0.00241902
-6.97819e-05
-0.00239197
-7.03074e-05
-0.00236469
-7.08277e-05
-0.00233719
-7.13427e-05
-0.00230947
-7.18524e-05
-0.00228153
-7.23565e-05
-0.00225337
-7.28551e-05
-0.00222499
-7.3348e-05
-0.00219639
-7.38352e-05
-0.00216757
-7.43166e-05
-0.00213855
-7.47921e-05
-0.0021093
-7.52617e-05
-0.00207985
-7.57254e-05
-0.00205019
-7.6183e-05
-0.00202031
-7.66346e-05
-0.00199023
-7.70799e-05
-0.00195995
-7.75192e-05
-0.00192946
-7.79521e-05
-0.00189877
-7.83788e-05
-0.00186788
-7.87991e-05
-0.00183678
-7.9213e-05
-0.00180549
-7.96204e-05
-0.00177401
-8.00212e-05
-0.00174233
-8.04155e-05
-0.00171046
-8.08031e-05
-0.0016784
-8.11838e-05
-0.00164615
-8.15577e-05
-0.00161371
-8.19247e-05
-0.00158109
-8.22845e-05
-0.00154829
-8.26372e-05
-0.00151531
-8.29825e-05
-0.00148215
-8.33204e-05
-0.00144881
-8.36506e-05
-0.00141531
-8.3973e-05
-0.00138163
-8.42875e-05
-0.00134779
-8.45937e-05
-0.00131378
-8.48915e-05
-0.00127961
-8.51806e-05
-0.00124528
-8.54608e-05
-0.00121079
-8.57318e-05
-0.00117616
-8.59931e-05
-0.00114137
-8.62446e-05
-0.00110644
-8.64857e-05
-0.00107137
-8.6716e-05
-0.00103617
-8.69352e-05
-0.00100082
-8.71425e-05
-0.000965355
-8.73374e-05
-0.00092976
-8.75194e-05
-0.000894047
-8.76876e-05
-0.000858219
-8.78411e-05
-0.000822282
-8.79792e-05
-0.000786241
-8.81007e-05
-0.000750103
-8.82044e-05
-0.000713874
-8.8289e-05
-0.00067756
-8.83528e-05
-0.00064117
-8.8394e-05
-0.000604709
-8.84105e-05
-0.000568189
-8.83994e-05
-0.000531614
-8.83579e-05
-0.000495002
-8.82819e-05
-0.000458357
-8.81668e-05
-0.000421698
-8.80066e-05
-0.000385034
-8.77938e-05
-0.00034839
-8.75183e-05
-0.000311779
-8.71669e-05
-0.000275238
-8.67211e-05
-0.000238792
-8.61549e-05
-0.000202498
-8.54288e-05
-0.000166419
-8.44804e-05
-0.000130662
-8.32083e-05
-9.53879e-05
-8.14419e-05
-6.0923e-05
-7.87999e-05
-2.81037e-05
-7.39698e-05
-6.1299e-05
-0.00327023
-7.59395e-05
-0.00324808
-7.71537e-05
-0.00322559
-7.82508e-05
-0.00320276
-7.92718e-05
-0.00317963
-8.02393e-05
-0.00315621
-8.11696e-05
-0.0031325
-8.20739e-05
-0.00310852
-8.29601e-05
-0.00308428
-8.38332e-05
-0.00305977
-8.46969e-05
-0.00303499
-8.55532e-05
-0.00300996
-8.64038e-05
-0.00298467
-8.72495e-05
-0.00295912
-8.80907e-05
-0.00293331
-8.89279e-05
-0.00290724
-8.97609e-05
-0.00288093
-9.05898e-05
-0.00285435
-9.14146e-05
-0.00282752
-9.22349e-05
-0.00280044
-9.30506e-05
-0.00277311
-9.38615e-05
-0.00274552
-9.46675e-05
-0.00271768
-9.54681e-05
-0.00268959
-9.62634e-05
-0.00266126
-9.70531e-05
-0.00263267
-9.78368e-05
-0.00260384
-9.86146e-05
-0.00257476
-9.93861e-05
-0.00254543
-0.000100151
-0.00251587
-0.00010091
-0.00248606
-0.000101661
-0.00245601
-0.000102406
-0.00242572
-0.000103144
-0.00239519
-0.000103875
-0.00236443
-0.000104598
-0.00233343
-0.000105314
-0.0023022
-0.000106023
-0.00227074
-0.000106723
-0.00223905
-0.000107416
-0.00220713
-0.000108101
-0.00217499
-0.000108778
-0.00214262
-0.000109447
-0.00211003
-0.000110108
-0.00207722
-0.00011076
-0.0020442
-0.000111404
-0.00201096
-0.00011204
-0.0019775
-0.000112667
-0.00194384
-0.000113285
-0.00190997
-0.000113894
-0.00187589
-0.000114494
-0.00184161
-0.000115085
-0.00180713
-0.000115666
-0.00177245
-0.000116238
-0.00173757
-0.000116801
-0.0017025
-0.000117354
-0.00166724
-0.000117897
-0.0016318
-0.00011843
-0.00159616
-0.000118952
-0.00156035
-0.000119464
-0.00152436
-0.000119965
-0.00148819
-0.000120455
-0.00145185
-0.000120934
-0.00141534
-0.000121401
-0.00137867
-0.000121856
-0.00134183
-0.000122299
-0.00130483
-0.00012273
-0.00126768
-0.000123147
-0.00123037
-0.000123551
-0.00119292
-0.000123941
-0.00115532
-0.000124316
-0.00111757
-0.000124677
-0.0010797
-0.000125021
-0.00104168
-0.000125349
-0.00100354
-0.00012566
-0.000965276
-0.000125953
-0.00092689
-0.000126227
-0.000888388
-0.00012648
-0.000849775
-0.000126712
-0.000811055
-0.000126921
-0.000772236
-0.000127106
-0.000733321
-0.000127264
-0.000694318
-0.000127393
-0.000655232
-0.000127491
-0.000616069
-0.000127555
-0.00057684
-0.000127581
-0.00053755
-0.000127563
-0.00049821
-0.000127498
-0.000458829
-0.000127376
-0.000419422
-0.00012719
-0.00038
-0.000126927
-0.000340585
-0.000126571
-0.000301193
-0.000126099
-0.000261857
-0.00012548
-0.00022261
-0.000124662
-0.000183508
-0.000123569
-0.000144635
-0.000122067
-0.000106137
-0.000119929
-6.82884e-05
-0.000116635
-3.18303e-05
-0.000110398
-9.31293e-05
-0.00342516
-9.80466e-05
-0.00340266
-9.96536e-05
-0.00337979
-0.000101124
-0.00335656
-0.000102496
-0.00333301
-0.000103797
-0.00330913
-0.000105048
-0.00328494
-0.000106262
-0.00326045
-0.000107452
-0.00323566
-0.000108623
-0.00321058
-0.00010978
-0.00318521
-0.000110927
-0.00315954
-0.000112066
-0.00313359
-0.000113199
-0.00310736
-0.000114325
-0.00308084
-0.000115447
-0.00305404
-0.000116563
-0.00302696
-0.000117675
-0.00299959
-0.000118781
-0.00297194
-0.000119882
-0.00294402
-0.000120978
-0.00291581
-0.000122067
-0.00288733
-0.000123151
-0.00285857
-0.000124229
-0.00282953
-0.0001253
-0.00280022
-0.000126365
-0.00277063
-0.000127422
-0.00274078
-0.000128472
-0.00271065
-0.000129515
-0.00268025
-0.00013055
-0.00264958
-0.000131577
-0.00261865
-0.000132595
-0.00258745
-0.000133605
-0.00255599
-0.000134607
-0.00252427
-0.000135599
-0.00249228
-0.000136583
-0.00246004
-0.000137557
-0.00242754
-0.000138521
-0.00239479
-0.000139477
-0.00236179
-0.000140422
-0.00232853
-0.000141357
-0.00229503
-0.000142283
-0.00226128
-0.000143198
-0.00222728
-0.000144102
-0.00219305
-0.000144996
-0.00215857
-0.00014588
-0.00212386
-0.000146752
-0.00208892
-0.000147613
-0.00205374
-0.000148463
-0.00201833
-0.000149302
-0.00198269
-0.000150129
-0.00194683
-0.000150944
-0.00191075
-0.000151748
-0.00187445
-0.000152539
-0.00183794
-0.000153318
-0.00180121
-0.000154084
-0.00176427
-0.000154837
-0.00172712
-0.000155577
-0.00168977
-0.000156304
-0.00165222
-0.000157018
-0.00161446
-0.000157717
-0.00157652
-0.000158402
-0.00153838
-0.000159073
-0.00150005
-0.000159728
-0.00146154
-0.000160369
-0.00142285
-0.000160993
-0.00138397
-0.000161602
-0.00134493
-0.000162194
-0.00130571
-0.000162768
-0.00126633
-0.000163325
-0.00122678
-0.000163863
-0.00118707
-0.000164383
-0.00114721
-0.000164882
-0.0011072
-0.000165361
-0.00106705
-0.000165818
-0.00102675
-0.000166253
-0.00098631
-0.000166663
-0.000945741
-0.000167049
-0.000905045
-0.000167409
-0.000864228
-0.00016774
-0.000823293
-0.000168041
-0.000782248
-0.00016831
-0.000741098
-0.000168545
-0.000699848
-0.000168742
-0.000658508
-0.000168898
-0.000617081
-0.000169008
-0.000575579
-0.000169068
-0.000534006
-0.000169072
-0.000492377
-0.00016901
-0.000450693
-0.000168874
-0.000408977
-0.000168649
-0.00036723
-0.000168317
-0.000325481
-0.000167854
-0.000283737
-0.000167222
-0.000242035
-0.000166368
-0.000200402
-0.000165201
-0.0001589
-0.000163571
-0.000117613
-0.000161213
-7.67269e-05
-0.000157517
-3.67354e-05
-0.00015038
-0.000129865
-0.00355223
-0.000120871
-0.00352899
-0.000122893
-0.00350537
-0.000124744
-0.00348139
-0.000126477
-0.00345707
-0.000128123
-0.00343241
-0.000129706
-0.00340743
-0.000131244
-0.00338213
-0.000132749
-0.00335652
-0.000134231
-0.0033306
-0.000135696
-0.00330439
-0.000137147
-0.00327786
-0.000138589
-0.00325104
-0.000140022
-0.00322392
-0.000141449
-0.0031965
-0.000142869
-0.00316878
-0.000144283
-0.00314076
-0.000145692
-0.00311244
-0.000147095
-0.00308383
-0.000148492
-0.00305493
-0.000149883
-0.00302573
-0.000151268
-0.00299623
-0.000152646
-0.00296645
-0.000154016
-0.00293637
-0.00015538
-0.002906
-0.000156735
-0.00287534
-0.000158082
-0.00284439
-0.00015942
-0.00281316
-0.00016075
-0.00278164
-0.000162071
-0.00274983
-0.000163381
-0.00271774
-0.000164683
-0.00268537
-0.000165973
-0.00265273
-0.000167254
-0.0026198
-0.000168524
-0.0025866
-0.000169782
-0.00255313
-0.00017103
-0.00251938
-0.000172266
-0.00248537
-0.00017349
-0.00245109
-0.000174702
-0.00241654
-0.000175902
-0.00238174
-0.00017709
-0.00234667
-0.000178265
-0.00231134
-0.000179427
-0.00227576
-0.000180576
-0.00223993
-0.000181711
-0.00220385
-0.000182833
-0.00216752
-0.000183941
-0.00213095
-0.000185035
-0.00209414
-0.000186115
-0.00205709
-0.00018718
-0.0020198
-0.00018823
-0.00198228
-0.000189266
-0.00194454
-0.000190286
-0.00190656
-0.00019129
-0.00186837
-0.000192279
-0.00182995
-0.000193251
-0.00179132
-0.000194207
-0.00175248
-0.000195147
-0.00171343
-0.000196069
-0.00167417
-0.000196973
-0.00163472
-0.00019786
-0.00159506
-0.000198729
-0.00155521
-0.000199579
-0.00151517
-0.000200409
-0.00147494
-0.00020122
-0.00143453
-0.000202011
-0.00139395
-0.000202781
-0.00135318
-0.000203529
-0.00131225
-0.000204256
-0.00127116
-0.000204959
-0.0012299
-0.000205639
-0.00118849
-0.000206295
-0.00114692
-0.000206925
-0.00110521
-0.000207529
-0.00106336
-0.000208105
-0.00102137
-0.000208652
-0.000979252
-0.000209169
-0.000937008
-0.000209653
-0.000894643
-0.000210104
-0.000852164
-0.00021052
-0.000809578
-0.000210896
-0.00076689
-0.000211232
-0.000724108
-0.000211523
-0.000681238
-0.000211766
-0.000638289
-0.000211956
-0.000595267
-0.000212088
-0.000552183
-0.000212154
-0.000509045
-0.000212145
-0.000465867
-0.000212051
-0.000422655
-0.000211856
-0.00037943
-0.000211541
-0.000336203
-0.000211078
-0.000292999
-0.000210426
-0.000249839
-0.000209524
-0.000206767
-0.000208273
-0.000163834
-0.000206502
-0.000121143
-0.000203903
-7.88987e-05
-0.000199762
-3.76559e-05
-0.000191623
-0.000167521
-0.00364885
-0.000144002
-0.00362531
-0.000146427
-0.00360139
-0.000148668
-0.00357709
-0.000150773
-0.00355244
-0.000152779
-0.00352743
-0.000154711
-0.00350209
-0.000156589
-0.00347641
-0.000158429
-0.0034504
-0.00016024
-0.00342407
-0.00016203
-0.00339741
-0.000163804
-0.00337043
-0.000165566
-0.00334314
-0.000167319
-0.00331552
-0.000169063
-0.00328759
-0.0001708
-0.00325935
-0.00017253
-0.00323078
-0.000174254
-0.00320191
-0.000175972
-0.00317272
-0.000177683
-0.00314321
-0.000179386
-0.0031134
-0.000181083
-0.00308327
-0.000182772
-0.00305284
-0.000184452
-0.00302209
-0.000186124
-0.00299104
-0.000187787
-0.00295968
-0.00018944
-0.00292802
-0.000191083
-0.00289605
-0.000192716
-0.00286379
-0.000194338
-0.00283122
-0.000195949
-0.00279835
-0.000197548
-0.00276519
-0.000199136
-0.00273174
-0.00020071
-0.00269799
-0.000202272
-0.00266395
-0.000203821
-0.00262962
-0.000205356
-0.00259501
-0.000206878
-0.00256011
-0.000208385
-0.00252494
-0.000209878
-0.00248949
-0.000211356
-0.00245376
-0.000212819
-0.00241775
-0.000214267
-0.00238148
-0.000215699
-0.00234494
-0.000217115
-0.00230814
-0.000218515
-0.00227107
-0.000219899
-0.00223375
-0.000221265
-0.00219617
-0.000222614
-0.00215834
-0.000223946
-0.00212026
-0.00022526
-0.00208193
-0.000226556
-0.00204336
-0.000227834
-0.00200455
-0.000229093
-0.00196551
-0.000230333
-0.00192624
-0.000231554
-0.00188673
-0.000232755
-0.00184701
-0.000233935
-0.00180706
-0.000235096
-0.00176689
-0.000236235
-0.00172651
-0.000237353
-0.00168592
-0.000238449
-0.00164513
-0.000239523
-0.00160414
-0.000240574
-0.00156294
-0.000241601
-0.00152156
-0.000242605
-0.00147999
-0.000243584
-0.00143823
-0.000244538
-0.00139629
-0.000245465
-0.00135418
-0.000246367
-0.0013119
-0.00024724
-0.00126946
-0.000248085
-0.00122685
-0.0002489
-0.00118409
-0.000249685
-0.00114119
-0.000250439
-0.00109813
-0.000251159
-0.00105494
-0.000251845
-0.00101161
-0.000252494
-0.000968162
-0.000253106
-0.000924588
-0.000253678
-0.0008809
-0.000254208
-0.000837103
-0.000254693
-0.000793204
-0.000255131
-0.000749211
-0.000255517
-0.000705131
-0.000255847
-0.000660969
-0.000256117
-0.000616738
-0.00025632
-0.000572442
-0.000256449
-0.000528093
-0.000256495
-0.000483699
-0.000256445
-0.000439272
-0.000256284
-0.000394822
-0.00025599
-0.000350367
-0.000255534
-0.000305916
-0.000254874
-0.000261495
-0.000253946
-0.000217123
-0.000252643
-0.000172837
-0.000250787
-0.00012869
-0.000248049
-8.47877e-05
-0.000243662
-4.14028e-05
-0.000235004
-0.000208923
-0.00372769
-0.000167407
-0.00370386
-0.000170254
-0.00367964
-0.000172895
-0.00365502
-0.000175386
-0.00363004
-0.000177764
-0.00360469
-0.000180059
-0.00357899
-0.000182292
-0.00355294
-0.000184481
-0.00352654
-0.000186637
-0.0034998
-0.000188769
-0.00347272
-0.000190882
-0.00344531
-0.000192981
-0.00341756
-0.000195069
-0.00338947
-0.000197147
-0.00336106
-0.000199218
-0.00333231
-0.000201281
-0.00330322
-0.000203337
-0.00327381
-0.000205385
-0.00324407
-0.000207426
-0.003214
-0.000209459
-0.00318359
-0.000211484
-0.00315287
-0.000213501
-0.00312181
-0.000215507
-0.00309043
-0.000217505
-0.00305873
-0.000219491
-0.0030267
-0.000221467
-0.00299435
-0.000223432
-0.00296168
-0.000225384
-0.0029287
-0.000227324
-0.0028954
-0.00022925
-0.00286178
-0.000231163
-0.00282786
-0.000233062
-0.00279362
-0.000234946
-0.00275908
-0.000236815
-0.00272423
-0.000238669
-0.00268908
-0.000240507
-0.00265363
-0.000242328
-0.00261788
-0.000244133
-0.00258184
-0.00024592
-0.0025455
-0.00024769
-0.00250888
-0.000249442
-0.00247197
-0.000251175
-0.00243478
-0.00025289
-0.00239731
-0.000254586
-0.00235956
-0.000256262
-0.00232154
-0.000257918
-0.00228326
-0.000259554
-0.0022447
-0.000261169
-0.00220588
-0.000262763
-0.00216681
-0.000264336
-0.00212748
-0.000265888
-0.00208789
-0.000267416
-0.00204806
-0.000268923
-0.00200799
-0.000270406
-0.00196768
-0.000271866
-0.00192713
-0.000273302
-0.00188635
-0.000274714
-0.00184535
-0.000276101
-0.00180412
-0.000277463
-0.00176267
-0.000278798
-0.00172102
-0.000280108
-0.00167915
-0.00028139
-0.00163708
-0.000282645
-0.00159481
-0.000283871
-0.00155234
-0.000285069
-0.00150969
-0.000286237
-0.00146685
-0.000287374
-0.00142384
-0.000288481
-0.00138065
-0.000289555
-0.00133729
-0.000290596
-0.00129378
-0.000291603
-0.0012501
-0.000292575
-0.00120628
-0.00029351
-0.00116231
-0.000294407
-0.0011182
-0.000295265
-0.00107396
-0.000296083
-0.0010296
-0.000296857
-0.00098512
-0.000297588
-0.000940528
-0.000298271
-0.000895831
-0.000298905
-0.000851038
-0.000299487
-0.000806155
-0.000300013
-0.000761191
-0.00030048
-0.000716155
-0.000300883
-0.000671054
-0.000301217
-0.000625898
-0.000301476
-0.000580697
-0.00030165
-0.00053546
-0.000301731
-0.0004902
-0.000301705
-0.000444928
-0.000301555
-0.000399658
-0.000301259
-0.000354405
-0.000300786
-0.000309188
-0.000300091
-0.000264029
-0.000299104
-0.000218958
-0.000297714
-0.000174018
-0.000295727
-0.000129282
-0.000292784
-8.49007e-05
-0.000288043
-4.1256e-05
-0.000278648
-0.000250179
-0.0037877
-0.00019087
-0.00376381
-0.00019414
-0.00373952
-0.000197193
-0.00371482
-0.000200083
-0.00368973
-0.00020285
-0.00366427
-0.000205525
-0.00363843
-0.000208132
-0.00361222
-0.000210689
-0.00358565
-0.000213209
-0.00355871
-0.000215701
-0.00353142
-0.000218172
-0.00350378
-0.000220627
-0.00347578
-0.000223069
-0.00344742
-0.000225501
-0.00341872
-0.000227924
-0.00338966
-0.000230338
-0.00336026
-0.000232744
-0.0033305
-0.000235141
-0.0033004
-0.000237531
-0.00326994
-0.000239911
-0.00323915
-0.000242282
-0.003208
-0.000244643
-0.00317652
-0.000246994
-0.00314469
-0.000249333
-0.00311252
-0.000251661
-0.00308001
-0.000253976
-0.00304716
-0.000256278
-0.00301398
-0.000258565
-0.00298047
-0.000260838
-0.00294662
-0.000263096
-0.00291245
-0.000265338
-0.00287795
-0.000267563
-0.00284312
-0.000269772
-0.00280797
-0.000271962
-0.00277251
-0.000274135
-0.00273673
-0.000276288
-0.00270063
-0.000278423
-0.00266423
-0.000280537
-0.00262752
-0.000282631
-0.0025905
-0.000284704
-0.00255319
-0.000286756
-0.00251558
-0.000288786
-0.00247768
-0.000290794
-0.00243948
-0.000292779
-0.002401
-0.000294741
-0.00236224
-0.000296679
-0.0023232
-0.000298593
-0.00228389
-0.000300482
-0.00224431
-0.000302346
-0.00220446
-0.000304185
-0.00216435
-0.000305998
-0.00212398
-0.000307784
-0.00208336
-0.000309543
-0.00204249
-0.000311275
-0.00200138
-0.000312978
-0.00196003
-0.000314653
-0.00191845
-0.000316299
-0.00187663
-0.000317915
-0.00183459
-0.000319501
-0.00179233
-0.000321056
-0.00174986
-0.000322579
-0.00170718
-0.00032407
-0.0016643
-0.000325529
-0.00162122
-0.000326953
-0.00157794
-0.000328343
-0.00153448
-0.000329697
-0.00149084
-0.000331015
-0.00144703
-0.000332296
-0.00140304
-0.000333539
-0.0013589
-0.000334743
-0.00131459
-0.000335906
-0.00127014
-0.000337027
-0.00122554
-0.000338106
-0.00118081
-0.000339139
-0.00113595
-0.000340127
-0.00109097
-0.000341067
-0.00104587
-0.000341957
-0.00100066
-0.000342795
-0.000955351
-0.000343579
-0.000909951
-0.000344305
-0.000864466
-0.000344972
-0.000818904
-0.000345575
-0.000773275
-0.00034611
-0.000727586
-0.000346572
-0.000681847
-0.000346956
-0.000636067
-0.000347255
-0.000590256
-0.000347461
-0.000544424
-0.000347562
-0.000498583
-0.000347546
-0.000452743
-0.000347395
-0.000406917
-0.000347085
-0.00036112
-0.000346583
-0.000315367
-0.000345844
-0.000269675
-0.000344796
-0.000224067
-0.000343322
-0.000178571
-0.000341223
-0.000133231
-0.000338124
-8.81317e-05
-0.000333143
-4.34622e-05
-0.000323318
-0.000293642
-0.00383324
-0.000214285
-0.00380938
-0.000217998
-0.0037851
-0.000221478
-0.0037604
-0.000224784
-0.00373529
-0.000227958
-0.00370978
-0.000231031
-0.00368389
-0.000234031
-0.0036576
-0.000236975
-0.00363093
-0.000239878
-0.00360388
-0.00024275
-0.00357646
-0.000245598
-0.00354865
-0.000248429
-0.00352048
-0.000251245
-0.00349193
-0.000254049
-0.00346301
-0.000256843
-0.00343372
-0.000259628
-0.00340406
-0.000262403
-0.00337403
-0.000265169
-0.00334364
-0.000267925
-0.00331288
-0.000270671
-0.00328175
-0.000273407
-0.00325027
-0.000276132
-0.00321842
-0.000278844
-0.00318621
-0.000281543
-0.00315364
-0.000284229
-0.00312072
-0.0002869
-0.00308744
-0.000289556
-0.00305381
-0.000292195
-0.00301983
-0.000294818
-0.0029855
-0.000297423
-0.00295083
-0.000300009
-0.00291582
-0.000302577
-0.00288046
-0.000305124
-0.00284478
-0.00030765
-0.00280875
-0.000310156
-0.0027724
-0.000312639
-0.00273573
-0.0003151
-0.00269873
-0.000317537
-0.00266141
-0.00031995
-0.00262377
-0.000322339
-0.00258583
-0.000324702
-0.00254757
-0.00032704
-0.00250902
-0.000329352
-0.00247016
-0.000331636
-0.00243101
-0.000333894
-0.00239156
-0.000336123
-0.00235183
-0.000338323
-0.00231182
-0.000340495
-0.00227153
-0.000342636
-0.00223097
-0.000344748
-0.00219014
-0.000346828
-0.00214904
-0.000348877
-0.00210769
-0.000350894
-0.00206609
-0.000352878
-0.00202424
-0.000354829
-0.00198215
-0.000356746
-0.00193982
-0.000358628
-0.00189726
-0.000360475
-0.00185447
-0.000362286
-0.00181147
-0.000364061
-0.00176825
-0.000365797
-0.00172482
-0.000367496
-0.0016812
-0.000369155
-0.00163738
-0.000370774
-0.00159337
-0.000372352
-0.00154917
-0.000373889
-0.00150481
-0.000375383
-0.00146027
-0.000376832
-0.00141557
-0.000378237
-0.00137072
-0.000379595
-0.00132572
-0.000380905
-0.00128058
-0.000382167
-0.00123531
-0.000383377
-0.00118992
-0.000384536
-0.0011444
-0.000385641
-0.00109878
-0.00038669
-0.00105306
-0.000387681
-0.00100724
-0.000388612
-0.00096134
-0.000389479
-0.000915364
-0.000390281
-0.000869322
-0.000391014
-0.000823222
-0.000391674
-0.000777075
-0.000392257
-0.000730889
-0.000392758
-0.000684676
-0.00039317
-0.000638445
-0.000393486
-0.000592208
-0.000393698
-0.000545976
-0.000393794
-0.000499761
-0.000393761
-0.000453575
-0.00039358
-0.000407434
-0.000393226
-0.000361351
-0.000392666
-0.000315346
-0.00039185
-0.000269438
-0.000390704
-0.000223654
-0.000389107
-0.000178027
-0.00038685
-0.000132616
-0.000383535
-8.75364e-05
-0.000378224
-4.30566e-05
-0.0003678
-0.000336698
-0.00386469
-0.00023752
-0.003841
-0.000241687
-0.00381687
-0.000245611
-0.0037923
-0.000249351
-0.00376731
-0.000252951
-0.00374189
-0.000256443
-0.00371607
-0.000259856
-0.00368983
-0.000263208
-0.0036632
-0.000266516
-0.00363616
-0.000269789
-0.00360872
-0.000273037
-0.00358088
-0.000276265
-0.00355265
-0.000279476
-0.00352403
-0.000282674
-0.00349501
-0.00028586
-0.0034656
-0.000289035
-0.00343581
-0.0002922
-0.00340562
-0.000295354
-0.00337505
-0.000298497
-0.00334409
-0.000301628
-0.00331275
-0.000304747
-0.00328103
-0.000307853
-0.00324893
-0.000310946
-0.00321645
-0.000314023
-0.0031836
-0.000317084
-0.00315037
-0.000320129
-0.00311677
-0.000323156
-0.0030828
-0.000326164
-0.00304846
-0.000329152
-0.00301377
-0.00033212
-0.00297871
-0.000335066
-0.0029433
-0.000337989
-0.00290753
-0.00034089
-0.00287142
-0.000343766
-0.00283496
-0.000346618
-0.00279815
-0.000349443
-0.00276101
-0.000352242
-0.00272353
-0.000355014
-0.00268572
-0.000357758
-0.00264759
-0.000360472
-0.00260914
-0.000363158
-0.00257036
-0.000365813
-0.00253128
-0.000368437
-0.00249188
-0.000371029
-0.00245219
-0.000373589
-0.0024122
-0.000376117
-0.00237191
-0.00037861
-0.00233133
-0.000381069
-0.00229048
-0.000383493
-0.00224934
-0.000385881
-0.00220794
-0.000388233
-0.00216627
-0.000390547
-0.00212434
-0.000392824
-0.00208216
-0.000395062
-0.00203972
-0.000397261
-0.00199705
-0.00039942
-0.00195414
-0.000401537
-0.001911
-0.000403613
-0.00186764
-0.000405647
-0.00182407
-0.000407637
-0.00178028
-0.000409583
-0.00173629
-0.000411484
-0.00169211
-0.000413339
-0.00164774
-0.000415146
-0.00160318
-0.000416906
-0.00155846
-0.000418616
-0.00151357
-0.000420275
-0.00146851
-0.000421884
-0.00142331
-0.000423439
-0.00137797
-0.00042494
-0.00133249
-0.000426385
-0.00128688
-0.000427773
-0.00124116
-0.000429102
-0.00119532
-0.000430371
-0.00114939
-0.000431576
-0.00110336
-0.000432718
-0.00105725
-0.000433792
-0.00101106
-0.000434796
-0.000964814
-0.000435729
-0.000918509
-0.000436586
-0.00087216
-0.000437364
-0.000825775
-0.000438059
-0.000779365
-0.000438667
-0.00073294
-0.000439182
-0.000686512
-0.000439598
-0.00064009
-0.000439908
-0.000593688
-0.000440101
-0.000547315
-0.000440167
-0.000500986
-0.000440091
-0.000454712
-0.000439854
-0.000408507
-0.000439432
-0.000362386
-0.000438787
-0.000316365
-0.000437871
-0.000270462
-0.000436607
-0.000224699
-0.000434871
-0.000179102
-0.000432448
-0.000133712
-0.000428926
-8.86085e-05
-0.000423329
-4.39518e-05
-0.00041246
-0.00038065
-0.00388402
-0.000260482
-0.00386059
-0.000265122
-0.00383669
-0.000269509
-0.00381234
-0.000273703
-0.00378754
-0.000277749
-0.0037623
-0.000281682
-0.00373663
-0.00028553
-0.00371052
-0.000289313
-0.00368399
-0.000293048
-0.00365703
-0.000296745
-0.00362966
-0.000300414
-0.00360186
-0.000304061
-0.00357365
-0.000307689
-0.00354502
-0.000311303
-0.00351598
-0.000314902
-0.00348652
-0.000318489
-0.00345666
-0.000322064
-0.00342638
-0.000325626
-0.00339571
-0.000329176
-0.00336462
-0.000332712
-0.00333314
-0.000336234
-0.00330125
-0.000339741
-0.00326896
-0.000343232
-0.00323628
-0.000346705
-0.0032032
-0.00035016
-0.00316974
-0.000353595
-0.00313589
-0.000357009
-0.00310165
-0.000360402
-0.00306703
-0.000363772
-0.00303203
-0.000367118
-0.00299666
-0.000370439
-0.00296091
-0.000373733
-0.0029248
-0.000377001
-0.00288833
-0.00038024
-0.00285149
-0.000383451
-0.00281431
-0.000386631
-0.00277677
-0.00038978
-0.00273888
-0.000392898
-0.00270066
-0.000395983
-0.0026621
-0.000399034
-0.0026232
-0.00040205
-0.00258399
-0.000405031
-0.00254445
-0.000407976
-0.00250459
-0.000410884
-0.00246443
-0.000413754
-0.00242396
-0.000416586
-0.00238319
-0.000419378
-0.00234213
-0.000422129
-0.00230078
-0.00042484
-0.00225915
-0.000427509
-0.00221725
-0.000430135
-0.00217508
-0.000432717
-0.00213265
-0.000435255
-0.00208997
-0.000437747
-0.00204704
-0.000440194
-0.00200386
-0.000442593
-0.00196045
-0.000444945
-0.00191682
-0.000447247
-0.00187297
-0.0004495
-0.0018289
-0.000451702
-0.00178463
-0.000453852
-0.00174017
-0.000455949
-0.00169552
-0.000457992
-0.00165068
-0.00045998
-0.00160568
-0.000461912
-0.00156051
-0.000463786
-0.00151518
-0.000465601
-0.00146971
-0.000467356
-0.0014241
-0.000469049
-0.00137836
-0.000470679
-0.0013325
-0.000472245
-0.00128653
-0.000473744
-0.00124046
-0.000475174
-0.00119429
-0.000476535
-0.00114805
-0.000477823
-0.00110173
-0.000479036
-0.00105535
-0.000480173
-0.00100892
-0.00048123
-0.00096244
-0.000482204
-0.000915934
-0.000483092
-0.000869407
-0.000483891
-0.00082287
-0.000484596
-0.000776336
-0.000485203
-0.000729813
-0.000485705
-0.000683316
-0.000486096
-0.000636855
-0.000486369
-0.000590443
-0.000486514
-0.000544091
-0.000486518
-0.000497816
-0.000486368
-0.000451627
-0.000486043
-0.000405542
-0.000485517
-0.000359575
-0.000484755
-0.000313744
-0.000483703
-0.000268067
-0.000482284
-0.000222569
-0.00048037
-0.000177277
-0.00047774
-0.00013224
-0.000473964
-8.75495e-05
-0.000468022
-4.34057e-05
-0.000456609
-0.000424056
-0.00389204
-0.000283088
-0.00386894
-0.000288218
-0.00384536
-0.000293087
-0.00382131
-0.000297757
-0.00379679
-0.000302272
-0.0037718
-0.000306669
-0.00374636
-0.000310975
-0.00372046
-0.000315212
-0.00369411
-0.000319397
-0.00366731
-0.000323542
-0.00364007
-0.000327655
-0.00361239
-0.000331744
-0.00358427
-0.000335812
-0.00355571
-0.000339862
-0.00352671
-0.000343897
-0.00349728
-0.000347918
-0.00346742
-0.000351924
-0.00343713
-0.000355915
-0.00340642
-0.000359892
-0.00337528
-0.000363853
-0.00334371
-0.000367797
-0.00331173
-0.000371724
-0.00327933
-0.000375631
-0.00324652
-0.000379518
-0.00321329
-0.000383384
-0.00317966
-0.000387227
-0.00314563
-0.000391046
-0.00311119
-0.000394839
-0.00307636
-0.000398606
-0.00304113
-0.000402345
-0.00300551
-0.000406055
-0.00296951
-0.000409734
-0.00293313
-0.000413382
-0.00289637
-0.000416997
-0.00285924
-0.000420579
-0.00282175
-0.000424125
-0.0027839
-0.000427636
-0.00274568
-0.000431109
-0.00270712
-0.000434544
-0.00266822
-0.00043794
-0.00262897
-0.000441296
-0.00258939
-0.000444611
-0.00254948
-0.000447883
-0.00250926
-0.000451113
-0.00246871
-0.000454298
-0.00242786
-0.000457438
-0.00238671
-0.000460532
-0.00234526
-0.000463579
-0.00230352
-0.000466579
-0.0022615
-0.000469529
-0.0022192
-0.000472429
-0.00217664
-0.000475279
-0.00213382
-0.000478076
-0.00209075
-0.000480821
-0.00204743
-0.000483512
-0.00200387
-0.000486148
-0.00196009
-0.000488728
-0.00191608
-0.000491252
-0.00187187
-0.000493717
-0.00182745
-0.000496122
-0.00178283
-0.000498468
-0.00173803
-0.000500751
-0.00169305
-0.000502972
-0.0016479
-0.000505129
-0.00160259
-0.00050722
-0.00155714
-0.000509244
-0.00151154
-0.0005112
-0.00146581
-0.000513086
-0.00141996
-0.000514901
-0.00137399
-0.000516643
-0.00132793
-0.000518309
-0.00128177
-0.0005199
-0.00123553
-0.000521411
-0.00118923
-0.000522842
-0.00114286
-0.000524191
-0.00109644
-0.000525454
-0.00104999
-0.000526629
-0.0010035
-0.000527713
-0.000957004
-0.000528704
-0.000910499
-0.000529597
-0.000864002
-0.000530389
-0.000817522
-0.000531076
-0.000771073
-0.000531652
-0.000724665
-0.000532113
-0.000678312
-0.00053245
-0.000632025
-0.000532656
-0.000585818
-0.000532721
-0.000539703
-0.000532634
-0.000493695
-0.000532377
-0.000447805
-0.000531933
-0.00040205
-0.000531273
-0.000356444
-0.000530361
-0.000311004
-0.000529144
-0.000265748
-0.000527541
-0.000220697
-0.000525423
-0.000175876
-0.000522563
-0.000131322
-0.000518519
-8.71115e-05
-0.000512236
-4.33933e-05
-0.000500332
-0.000467449
-0.00388997
-0.000305279
-0.00386727
-0.000310918
-0.00384406
-0.00031629
-0.00382036
-0.000321456
-0.00379617
-0.000326462
-0.0037715
-0.000331345
-0.00374634
-0.000336133
-0.00372071
-0.000340848
-0.0036946
-0.000345506
-0.00366802
-0.000350122
-0.00364097
-0.000354703
-0.00361346
-0.000359256
-0.00358548
-0.000363787
-0.00355705
-0.000368297
-0.00352815
-0.00037279
-0.00349881
-0.000377265
-0.00346901
-0.000381723
-0.00343876
-0.000386165
-0.00340806
-0.000390588
-0.00337692
-0.000394994
-0.00334534
-0.000399379
-0.00331332
-0.000403744
-0.00328087
-0.000408086
-0.00324798
-0.000412405
-0.00321467
-0.000416698
-0.00318093
-0.000420965
-0.00314677
-0.000425204
-0.00311219
-0.000429414
-0.00307721
-0.000433592
-0.00304181
-0.000437738
-0.00300602
-0.000441851
-0.00296983
-0.000445928
-0.00293324
-0.000449968
-0.00289627
-0.000453971
-0.00285891
-0.000457934
-0.00282118
-0.000461857
-0.00278308
-0.000465738
-0.00274461
-0.000469576
-0.00270579
-0.00047337
-0.00266661
-0.000477118
-0.00262708
-0.00048082
-0.00258722
-0.000484475
-0.00254702
-0.00048808
-0.0025065
-0.000491635
-0.00246566
-0.000495139
-0.00242451
-0.000498591
-0.00238305
-0.00050199
-0.00234129
-0.000505334
-0.00229925
-0.000508622
-0.00225693
-0.000511854
-0.00221433
-0.000515028
-0.00217146
-0.000518142
-0.00212834
-0.000521197
-0.00208497
-0.000524191
-0.00204136
-0.000527122
-0.00199752
-0.000529989
-0.00195346
-0.000532792
-0.00190918
-0.000535528
-0.0018647
-0.000538198
-0.00182003
-0.000540798
-0.00177517
-0.000543329
-0.00173013
-0.000545789
-0.00168492
-0.000548176
-0.00163956
-0.000550488
-0.00159406
-0.000552726
-0.00154842
-0.000554886
-0.00150265
-0.000556967
-0.00145677
-0.000558969
-0.00141078
-0.000560888
-0.0013647
-0.000562723
-0.00131854
-0.000564473
-0.0012723
-0.000566135
-0.001226
-0.000567708
-0.00117966
-0.000569188
-0.00113328
-0.000570574
-0.00108687
-0.000571863
-0.00104044
-0.000573052
-0.000994018
-0.000574139
-0.000947602
-0.00057512
-0.000901207
-0.000575991
-0.000854848
-0.000576749
-0.000808535
-0.000577389
-0.000762281
-0.000577906
-0.0007161
-0.000578294
-0.000670005
-0.000578546
-0.000624008
-0.000578653
-0.000578125
-0.000578606
-0.000532367
-0.000578392
-0.00048675
-0.000577995
-0.000441289
-0.000577395
-0.000395999
-0.000576564
-0.000350896
-0.000575465
-0.000305998
-0.000574043
-0.000261324
-0.000572216
-0.000216896
-0.000569852
-0.000172742
-0.000566718
-0.000128904
-0.000562359
-8.54685e-05
-0.000555674
-4.26089e-05
-0.000543197
-0.000510058
-0.00387862
-0.000327016
-0.00385636
-0.000333181
-0.00383357
-0.000339076
-0.00381027
-0.000344759
-0.00378645
-0.000350278
-0.00376213
-0.000355669
-0.0037373
-0.000360961
-0.00371197
-0.000366177
-0.00368614
-0.000371333
-0.00365982
-0.000376442
-0.00363301
-0.000381514
-0.00360571
-0.000386555
-0.00357793
-0.000391571
-0.00354966
-0.000396563
-0.00352092
-0.000401535
-0.0034917
-0.000406487
-0.003462
-0.000411418
-0.00343184
-0.00041633
-0.0034012
-0.000421221
-0.00337011
-0.00042609
-0.00333855
-0.000430935
-0.00330654
-0.000435757
-0.00327407
-0.000440551
-0.00324116
-0.000445319
-0.0032078
-0.000450057
-0.003174
-0.000454764
-0.00313977
-0.000459438
-0.0031051
-0.000464078
-0.00307001
-0.000468682
-0.0030345
-0.000473249
-0.00299858
-0.000477776
-0.00296224
-0.000482262
-0.00292551
-0.000486707
-0.00288837
-0.000491107
-0.00285084
-0.000495462
-0.00281293
-0.000499771
-0.00277464
-0.000504031
-0.00273597
-0.000508241
-0.00269694
-0.000512401
-0.00265755
-0.000516508
-0.00261781
-0.000520561
-0.00257773
-0.000524559
-0.0025373
-0.000528501
-0.00249655
-0.000532386
-0.00245548
-0.000536211
-0.0024141
-0.000539976
-0.00237241
-0.000543679
-0.00233042
-0.00054732
-0.00228815
-0.000550896
-0.00224559
-0.000554407
-0.00220277
-0.000557852
-0.00215968
-0.000561228
-0.00211635
-0.000564536
-0.00207276
-0.000567772
-0.00202895
-0.000570937
-0.00198491
-0.000574028
-0.00194066
-0.000577045
-0.0018962
-0.000579986
-0.00185155
-0.000582849
-0.00180671
-0.000585634
-0.0017617
-0.000588338
-0.00171653
-0.00059096
-0.00167121
-0.000593499
-0.00162574
-0.000595953
-0.00158015
-0.000598321
-0.00153444
-0.0006006
-0.00148861
-0.000602789
-0.0014427
-0.000604886
-0.00139669
-0.00060689
-0.00135062
-0.000608798
-0.00130448
-0.000610608
-0.0012583
-0.000612319
-0.00121208
-0.000613928
-0.00116584
-0.000615432
-0.00111958
-0.000616829
-0.00107333
-0.000618117
-0.00102709
-0.000619292
-0.000980878
-0.000620351
-0.000934706
-0.000621292
-0.000888588
-0.00062211
-0.000842537
-0.000622801
-0.000796566
-0.00062336
-0.00075069
-0.000623783
-0.00070492
-0.000624063
-0.000659274
-0.000624193
-0.000613763
-0.000624164
-0.000568403
-0.000623967
-0.000523207
-0.000623588
-0.000478193
-0.000623011
-0.000433372
-0.000622216
-0.000388762
-0.000621175
-0.000344379
-0.000619849
-0.000300242
-0.000618182
-0.000256366
-0.000616092
-0.000212776
-0.000613444
-0.000169493
-0.000610002
-0.000126558
-0.000605296
-8.40383e-05
-0.000598196
-4.20381e-05
-0.000585203
-0.000552097
-0.00514223
-0.000355239
-0.00511328
-0.000362136
-0.00508359
-0.000368759
-0.00505319
-0.000375166
-0.00502206
-0.000381403
-0.00499022
-0.000387509
-0.00495767
-0.000393511
-0.00492442
-0.000399431
-0.00489046
-0.000405287
-0.00485581
-0.000411093
-0.00482047
-0.000416856
-0.00478444
-0.000422584
-0.00474773
-0.000428282
-0.00471034
-0.000433953
-0.00467228
-0.000439598
-0.00463355
-0.000445218
-0.00459415
-0.000450814
-0.0045541
-0.000456385
-0.00451339
-0.000461929
-0.00447203
-0.000467446
-0.00443003
-0.000472934
-0.0043874
-0.000478392
-0.00434413
-0.000483817
-0.00430025
-0.000489208
-0.00425574
-0.000494563
-0.00421062
-0.00049988
-0.0041649
-0.000505158
-0.00411859
-0.000510393
-0.00407168
-0.000515585
-0.0040242
-0.000520732
-0.00397615
-0.00052583
-0.00392753
-0.00053088
-0.00387836
-0.000535878
-0.00382864
-0.000540824
-0.00377839
-0.000545715
-0.00372761
-0.000550549
-0.00367631
-0.000555326
-0.00362451
-0.000560043
-0.00357222
-0.000564698
-0.00351943
-0.000569291
-0.00346617
-0.000573819
-0.00341245
-0.000578281
-0.00335828
-0.000582675
-0.00330366
-0.000587
-0.00324862
-0.000591254
-0.00319316
-0.000595436
-0.0031373
-0.000599544
-0.00308104
-0.000603577
-0.0030244
-0.000607533
-0.0029674
-0.000611411
-0.00291004
-0.000615208
-0.00285235
-0.000618925
-0.00279432
-0.000622558
-0.00273599
-0.000626107
-0.00267736
-0.00062957
-0.00261844
-0.000632945
-0.00255925
-0.000636231
-0.00249981
-0.000639426
-0.00244013
-0.000642529
-0.00238023
-0.000645538
-0.00232012
-0.000648451
-0.00225981
-0.000651266
-0.00219933
-0.000653982
-0.00213869
-0.000656597
-0.0020779
-0.000659108
-0.00201698
-0.000661516
-0.00195596
-0.000663816
-0.00189484
-0.000666007
-0.00183364
-0.000668088
-0.00177238
-0.000670056
-0.00171108
-0.000671908
-0.00164976
-0.000673643
-0.00158843
-0.000675258
-0.00152711
-0.000676751
-0.00146582
-0.000678118
-0.00140458
-0.000679358
-0.00134341
-0.000680466
-0.00128232
-0.000681441
-0.00122133
-0.000682277
-0.00116047
-0.000682972
-0.00109975
-0.000683521
-0.00103919
-0.00068392
-0.000978814
-0.000684163
-0.000918634
-0.000684243
-0.000858674
-0.000684154
-0.000798951
-0.000683887
-0.000739488
-0.000683432
-0.000680301
-0.000682775
-0.000621413
-0.000681901
-0.000562842
-0.000680787
-0.000504612
-0.000679407
-0.00044674
-0.00067772
-0.000389254
-0.000675671
-0.000332175
-0.000673173
-0.000275532
-0.00067009
-0.000219356
-0.00066618
-0.000163701
-0.000660954
-0.000108664
-0.000653236
-5.4394e-05
-0.000639481
-0.000606491
-0.00509272
-0.000382523
-0.00506468
-0.000390183
-0.00503587
-0.000397569
-0.00500629
-0.000404739
-0.00497596
-0.000411736
-0.00494487
-0.000418598
-0.00491303
-0.000425352
-0.00488044
-0.000432021
-0.00484711
-0.000438621
-0.00481303
-0.000445165
-0.00477823
-0.000451662
-0.00474269
-0.000458119
-0.00470644
-0.00046454
-0.00466946
-0.000470929
-0.00463177
-0.000477286
-0.00459338
-0.000483613
-0.00455428
-0.000489909
-0.00451449
-0.000496174
-0.00447402
-0.000502406
-0.00443286
-0.000508604
-0.00439102
-0.000514767
-0.00434852
-0.000520891
-0.00430537
-0.000526976
-0.00426156
-0.000533019
-0.0042171
-0.000539018
-0.00417201
-0.00054497
-0.00412629
-0.000550875
-0.00407996
-0.000556728
-0.00403302
-0.000562529
-0.00398547
-0.000568274
-0.00393734
-0.000573963
-0.00388863
-0.000579592
-0.00383935
-0.00058516
-0.00378951
-0.000590665
-0.00373912
-0.000596104
-0.00368819
-0.000601476
-0.00363674
-0.000606778
-0.00358477
-0.00061201
-0.0035323
-0.000617168
-0.00347934
-0.000622251
-0.00342591
-0.000627257
-0.003372
-0.000632184
-0.00331765
-0.000637031
-0.00326285
-0.000641795
-0.00320763
-0.000646476
-0.003152
-0.00065107
-0.00309596
-0.000655577
-0.00303955
-0.000659994
-0.00298276
-0.00066432
-0.00292562
-0.000668553
-0.00286814
-0.000672691
-0.00281033
-0.000676733
-0.00275221
-0.000680676
-0.0026938
-0.000684519
-0.00263511
-0.00068826
-0.00257616
-0.000691898
-0.00251696
-0.00069543
-0.00245753
-0.000698855
-0.00239789
-0.00070217
-0.00233805
-0.000705374
-0.00227804
-0.000708465
-0.00221786
-0.000711441
-0.00215755
-0.0007143
-0.0020971
-0.00071704
-0.00203655
-0.000719659
-0.00197591
-0.000722155
-0.0019152
-0.000724526
-0.00185444
-0.000726769
-0.00179365
-0.000728882
-0.00173284
-0.000730863
-0.00167204
-0.00073271
-0.00161126
-0.00073442
-0.00155053
-0.000735991
-0.00148986
-0.00073742
-0.00142927
-0.000738704
-0.00136879
-0.000739841
-0.00130843
-0.000740827
-0.00124821
-0.000741658
-0.00118816
-0.000742333
-0.00112829
-0.000742845
-0.00106862
-0.000743192
-0.00100917
-0.000743369
-0.000949961
-0.00074337
-0.000891016
-0.000743188
-0.000832354
-0.000742818
-0.000773992
-0.000742249
-0.000715953
-0.000741473
-0.000658253
-0.000740475
-0.000600915
-0.000739241
-0.000543956
-0.000737747
-0.000487399
-0.000735966
-0.000431261
-0.000733859
-0.000375567
-0.000731368
-0.000320335
-0.000728406
-0.000265593
-0.000724834
-0.000211367
-0.000720408
-0.000157703
-0.00071462
-0.000104688
-0.000706255
-5.24554e-05
-0.000691722
-0.000658946
-0.00502882
-0.000408833
-0.00500171
-0.000417289
-0.00497381
-0.000425475
-0.0049451
-0.000433445
-0.00491559
-0.000441242
-0.00488529
-0.000448902
-0.00485419
-0.00045645
-0.0048223
-0.000463909
-0.00478963
-0.000471295
-0.00475618
-0.000478619
-0.00472195
-0.000485891
-0.00468695
-0.000493117
-0.00465119
-0.000500301
-0.00461467
-0.000507446
-0.0045774
-0.000514553
-0.0045394
-0.000521622
-0.00450065
-0.000528654
-0.00446118
-0.000535646
-0.00442099
-0.000542599
-0.00438008
-0.000549509
-0.00433847
-0.000556375
-0.00429617
-0.000563194
-0.00425318
-0.000569965
-0.00420952
-0.000576685
-0.00416518
-0.000583351
-0.00412019
-0.000589961
-0.00407455
-0.000596513
-0.00402828
-0.000603004
-0.00398138
-0.000609432
-0.00393386
-0.000615793
-0.00388573
-0.000622086
-0.00383702
-0.000628309
-0.00378772
-0.000634458
-0.00373785
-0.000640532
-0.00368743
-0.000646528
-0.00363646
-0.000652444
-0.00358496
-0.000658278
-0.00353294
-0.000664027
-0.00348042
-0.00066969
-0.00342741
-0.000675265
-0.00337392
-0.000680748
-0.00331996
-0.000686138
-0.00326556
-0.000691434
-0.00321072
-0.000696632
-0.00315547
-0.000701731
-0.00309981
-0.000706729
-0.00304376
-0.000711623
-0.00298734
-0.000716413
-0.00293057
-0.000721095
-0.00287346
-0.000725668
-0.00281602
-0.000730129
-0.00275827
-0.000734477
-0.00270024
-0.00073871
-0.00264193
-0.000742825
-0.00258337
-0.000746821
-0.00252458
-0.000750695
-0.00246556
-0.000754446
-0.00240635
-0.000758071
-0.00234695
-0.000761568
-0.00228739
-0.000764935
-0.00222768
-0.000768171
-0.00216785
-0.000771272
-0.00210791
-0.000774237
-0.00204789
-0.000777064
-0.0019878
-0.000779749
-0.00192766
-0.000782292
-0.0018675
-0.00078469
-0.00180733
-0.00078694
-0.00174717
-0.000789039
-0.00168705
-0.000790987
-0.00162698
-0.00079278
-0.00156698
-0.000794415
-0.00150709
-0.000795891
-0.0014473
-0.000797203
-0.00138766
-0.000798351
-0.00132817
-0.00079933
-0.00126886
-0.000800137
-0.00120975
-0.00080077
-0.00115086
-0.000801224
-0.00109221
-0.000801497
-0.00103382
-0.000801583
-0.000975708
-0.000801478
-0.000917903
-0.000801176
-0.000860419
-0.000800673
-0.000803278
-0.00079996
-0.000746499
-0.000799029
-0.000690104
-0.00079787
-0.00063411
-0.00079647
-0.000578539
-0.000794814
-0.000523408
-0.000792879
-0.00046874
-0.000790637
-0.000414551
-0.000788049
-0.000360863
-0.000785058
-0.000307695
-0.000781575
-0.00025507
-0.000777463
-0.000203009
-0.000772471
-0.000151548
-0.000766083
-0.000100753
-0.000757054
-5.06897e-05
-0.000741793
-0.000709636
-0.00495232
-0.00043416
-0.00492616
-0.000443444
-0.00489917
-0.000452465
-0.00487134
-0.000461274
-0.00484267
-0.00046991
-0.00481317
-0.000478408
-0.00478283
-0.000486791
-0.00475165
-0.000495082
-0.00471965
-0.000503294
-0.00468683
-0.000511439
-0.0046532
-0.000519526
-0.00461876
-0.00052756
-0.00458351
-0.000535545
-0.00454748
-0.000543483
-0.00451065
-0.000551375
-0.00447305
-0.000559222
-0.00443468
-0.000567022
-0.00439556
-0.000574774
-0.00435568
-0.000582477
-0.00431506
-0.000590128
-0.00427371
-0.000597725
-0.00423164
-0.000605265
-0.00418886
-0.000612747
-0.00414538
-0.000620166
-0.0041012
-0.000627522
-0.00405636
-0.000634809
-0.00401084
-0.000642027
-0.00396467
-0.000649172
-0.00391787
-0.000656241
-0.00387043
-0.000663232
-0.00382237
-0.000670142
-0.00377371
-0.000676967
-0.00372446
-0.000683707
-0.00367464
-0.000690357
-0.00362425
-0.000696916
-0.00357331
-0.00070338
-0.00352184
-0.000709748
-0.00346985
-0.000716017
-0.00341736
-0.000722184
-0.00336438
-0.000728247
-0.00331092
-0.000734203
-0.00325701
-0.000740051
-0.00320266
-0.000745787
-0.00314788
-0.00075141
-0.00309269
-0.000756918
-0.00303712
-0.000762307
-0.00298116
-0.000767575
-0.00292486
-0.000772721
-0.00286821
-0.000777742
-0.00281124
-0.000782636
-0.00275397
-0.0007874
-0.00269641
-0.000792033
-0.00263859
-0.000796531
-0.00258052
-0.000800893
-0.00252223
-0.000805117
-0.00246372
-0.0008092
-0.00240503
-0.000813139
-0.00234617
-0.000816934
-0.00228716
-0.00082058
-0.00222801
-0.000824076
-0.00216877
-0.00082742
-0.00210943
-0.000830609
-0.00205002
-0.000833641
-0.00199057
-0.000836514
-0.0019311
-0.000839225
-0.00187162
-0.000841772
-0.00181216
-0.000844152
-0.00175273
-0.000846363
-0.00169337
-0.000848402
-0.00163409
-0.000850268
-0.00157492
-0.000851956
-0.00151586
-0.000853466
-0.00145696
-0.000854794
-0.00139823
-0.000855937
-0.00133969
-0.000856893
-0.00128136
-0.000857658
-0.00122327
-0.000858231
-0.00116543
-0.000858606
-0.00110787
-0.000858782
-0.00105062
-0.000858753
-0.000993684
-0.000858517
-0.000937093
-0.000858068
-0.000880869
-0.000857402
-0.00082503
-0.000856512
-0.000769599
-0.000855392
-0.000714595
-0.000854033
-0.000660041
-0.000852426
-0.000605955
-0.000850557
-0.000552359
-0.000848412
-0.000499271
-0.000845968
-0.000446713
-0.000843198
-0.000394701
-0.000840062
-0.000343259
-0.000836503
-0.000292403
-0.000832433
-0.000242156
-0.000827712
-0.000192541
-0.000822089
-0.000143592
-0.000815035
-9.53779e-05
-0.000805272
-4.79793e-05
-0.0007892
-0.000757616
-0.00486485
-0.000458515
-0.00483964
-0.000468659
-0.00481356
-0.00047855
-0.00478659
-0.000488234
-0.00475876
-0.000497748
-0.00473004
-0.000507122
-0.00470045
-0.000516381
-0.00466999
-0.000525542
-0.00463867
-0.000534621
-0.00460648
-0.000543626
-0.00457344
-0.000552565
-0.00453956
-0.000561444
-0.00450484
-0.000570266
-0.00446929
-0.000579033
-0.00443292
-0.000587744
-0.00439574
-0.000596401
-0.00435776
-0.000605
-0.00431899
-0.000613541
-0.00427945
-0.000622023
-0.00423913
-0.000630441
-0.00419807
-0.000638794
-0.00415625
-0.000647079
-0.00411371
-0.000655293
-0.00407044
-0.000663433
-0.00402647
-0.000671495
-0.0039818
-0.000679478
-0.00393645
-0.000687377
-0.00389043
-0.000695189
-0.00384376
-0.000702912
-0.00379645
-0.000710543
-0.00374851
-0.000718078
-0.00369997
-0.000725514
-0.00365082
-0.000732849
-0.0036011
-0.00074008
-0.00355081
-0.000747203
-0.00349998
-0.000754216
-0.00344861
-0.000761117
-0.00339672
-0.000767902
-0.00334434
-0.000774569
-0.00329147
-0.000781114
-0.00323814
-0.000787536
-0.00318436
-0.000793832
-0.00313015
-0.000799998
-0.00307553
-0.000806034
-0.00302051
-0.000811935
-0.00296512
-0.000817699
-0.00290937
-0.000823325
-0.00285328
-0.000828808
-0.00279688
-0.000834148
-0.00274017
-0.00083934
-0.00268319
-0.000844384
-0.00262595
-0.000849275
-0.00256846
-0.000854013
-0.00251077
-0.000858593
-0.00245287
-0.000863015
-0.00239479
-0.000867274
-0.00233656
-0.000871369
-0.0022782
-0.000875298
-0.00221972
-0.000879057
-0.00216115
-0.000882645
-0.00210252
-0.000886058
-0.00204383
-0.000889295
-0.00198512
-0.000892352
-0.00192641
-0.000895228
-0.00186771
-0.000897919
-0.00180906
-0.000900423
-0.00175047
-0.000902738
-0.00169198
-0.000904861
-0.00163359
-0.00090679
-0.00157534
-0.000908521
-0.00151724
-0.000910053
-0.00145932
-0.000911382
-0.00140161
-0.000912506
-0.00134413
-0.000913423
-0.00128689
-0.000914129
-0.00122993
-0.000914621
-0.00117326
-0.000914898
-0.00111692
-0.000914954
-0.00106091
-0.000914788
-0.00100527
-0.000914395
-0.000950014
-0.000913772
-0.000895169
-0.000912914
-0.000840755
-0.000911817
-0.000786794
-0.000910474
-0.000733307
-0.000908879
-0.000680316
-0.000907025
-0.000627841
-0.000904902
-0.000575902
-0.000902497
-0.00052452
-0.000899796
-0.000473712
-0.000896777
-0.000423499
-0.000893413
-0.000373898
-0.000889665
-0.000324928
-0.000885475
-0.000276605
-0.000880757
-0.000228949
-0.000875371
-0.000181974
-0.000869066
-0.000135711
-0.0008613
-9.02091e-05
-0.000850777
-4.55072e-05
-0.00083391
-0.000803123
-0.00476796
-0.000481923
-0.00474366
-0.000492957
-0.00471846
-0.000503751
-0.00469235
-0.000514346
-0.00466532
-0.000524774
-0.00463738
-0.000535063
-0.00460853
-0.000545235
-0.00457877
-0.000555305
-0.0045481
-0.000565287
-0.00451654
-0.000575189
-0.00448408
-0.000585018
-0.00445075
-0.000594777
-0.00441655
-0.00060447
-0.00438148
-0.000614098
-0.00434557
-0.00062366
-0.00430881
-0.000633156
-0.00427123
-0.000642584
-0.00423283
-0.000651942
-0.00419362
-0.000661227
-0.00415363
-0.000670437
-0.00411285
-0.000679569
-0.00407131
-0.000688619
-0.00402902
-0.000697585
-0.00398599
-0.000706462
-0.00394224
-0.000715248
-0.00389777
-0.000723939
-0.00385262
-0.000732532
-0.00380678
-0.000741023
-0.00376029
-0.000749409
-0.00371314
-0.000757687
-0.00366537
-0.000765853
-0.00361698
-0.000773904
-0.00356799
-0.000781837
-0.00351842
-0.000789649
-0.00346829
-0.000797336
-0.00341761
-0.000804896
-0.0033664
-0.000812325
-0.00331468
-0.00081962
-0.00326247
-0.000826779
-0.00320979
-0.000833797
-0.00315665
-0.000840674
-0.00310308
-0.000847405
-0.00304909
-0.000853987
-0.0029947
-0.000860419
-0.00293994
-0.000866697
-0.00288482
-0.000872817
-0.00282937
-0.000878779
-0.0027736
-0.000884577
-0.00271754
-0.000890211
-0.0026612
-0.000895677
-0.00260461
-0.000900973
-0.00254779
-0.000906095
-0.00249076
-0.000911041
-0.00243355
-0.000915808
-0.00237617
-0.000920394
-0.00231865
-0.000924796
-0.00226101
-0.000929011
-0.00220327
-0.000933036
-0.00214546
-0.00093687
-0.0020876
-0.000940508
-0.00202971
-0.000943949
-0.00197181
-0.000947189
-0.00191394
-0.000950227
-0.00185611
-0.000953059
-0.00179834
-0.000955683
-0.00174067
-0.000958096
-0.00168311
-0.000960295
-0.0016257
-0.000962279
-0.00156844
-0.000964043
-0.00151138
-0.000965586
-0.00145453
-0.000966905
-0.00139791
-0.000967998
-0.00134156
-0.000968861
-0.00128549
-0.000969492
-0.00122973
-0.000969888
-0.0011743
-0.000970047
-0.00111924
-0.000969965
-0.00106455
-0.00096964
-0.00101027
-0.000969069
-0.000956419
-0.000968247
-0.000903019
-0.000967173
-0.000850093
-0.000965841
-0.000797664
-0.000964247
-0.000745754
-0.000962385
-0.000694383
-0.000960251
-0.000643573
-0.000957836
-0.000593344
-0.000955132
-0.000543716
-0.000952126
-0.000494709
-0.000948805
-0.000446339
-0.000945148
-0.000398626
-0.000941128
-0.000351586
-0.000936706
-0.000305236
-0.000931827
-0.00025959
-0.000926404
-0.000214666
-0.000920298
-0.000170476
-0.000913257
-0.000127046
-0.000904733
-8.44219e-05
-0.000893405
-4.26337e-05
-0.000875705
-0.000845757
-0.004663
-0.000504414
-0.00463959
-0.00051637
-0.00461524
-0.000528099
-0.00458995
-0.000539638
-0.00456371
-0.000551016
-0.00453652
-0.000562255
-0.00450838
-0.000573376
-0.00447929
-0.000584391
-0.00444927
-0.000595312
-0.00441831
-0.000606146
-0.00438643
-0.000616898
-0.00435363
-0.000627571
-0.00431994
-0.000638167
-0.00428535
-0.000648687
-0.00424988
-0.000659129
-0.00421354
-0.000669493
-0.00417635
-0.000679775
-0.00413832
-0.000689974
-0.00409946
-0.000700087
-0.00405979
-0.00071011
-0.00401932
-0.00072004
-0.00397806
-0.000729874
-0.00393604
-0.000739608
-0.00389327
-0.000749238
-0.00384975
-0.00075876
-0.00380552
-0.000768172
-0.00376059
-0.000777468
-0.00371496
-0.000786646
-0.00366867
-0.000795701
-0.00362173
-0.000804631
-0.00357415
-0.000813431
-0.00352596
-0.000822098
-0.00347717
-0.000830628
-0.0034278
-0.000839018
-0.00337787
-0.000847265
-0.0033274
-0.000855365
-0.00327641
-0.000863315
-0.00322492
-0.000871111
-0.00317295
-0.00087875
-0.00312052
-0.00088623
-0.00306765
-0.000893547
-0.00301435
-0.000900697
-0.00296066
-0.000907678
-0.0029066
-0.000914487
-0.00285217
-0.00092112
-0.00279742
-0.000927575
-0.00274235
-0.000933848
-0.00268699
-0.000939936
-0.00263136
-0.000945837
-0.00257549
-0.000951548
-0.0025194
-0.000957065
-0.00246311
-0.000962386
-0.00240664
-0.000967508
-0.00235002
-0.000972427
-0.00229327
-0.000977142
-0.00223642
-0.000981648
-0.00217949
-0.000985944
-0.0021225
-0.000990026
-0.00206548
-0.000993891
-0.00200845
-0.000997537
-0.00195144
-0.00100096
-0.00189447
-0.00100416
-0.00183757
-0.00100713
-0.00178076
-0.00100987
-0.00172407
-0.00101238
-0.00166752
-0.00101465
-0.00161114
-0.00101668
-0.00155495
-0.00101847
-0.00149898
-0.00102001
-0.00144326
-0.00102131
-0.0013878
-0.00102236
-0.00133264
-0.00102316
-0.00127781
-0.0010237
-0.00122332
-0.00102398
-0.0011692
-0.00102401
-0.00111547
-0.00102377
-0.00106217
-0.00102327
-0.00100931
-0.0010225
-0.000956915
-0.00102146
-0.000905016
-0.00102015
-0.000853633
-0.00101856
-0.000802787
-0.00101669
-0.000752503
-0.00101453
-0.000702801
-0.00101209
-0.000653703
-0.00100935
-0.000605228
-0.00100631
-0.000557398
-0.00100296
-0.000510231
-0.000999295
-0.000463745
-0.000995292
-0.000417957
-0.000990937
-0.000372885
-0.000986202
-0.000328543
-0.00098105
-0.000284946
-0.000975426
-0.000242107
-0.000969245
-0.000200038
-0.000962368
-0.000158752
-0.000954546
-0.000118265
-0.000945221
-7.86137e-05
-0.000933059
-3.98017e-05
-0.000914524
-0.000885559
-0.00455122
-0.000526026
-0.00452866
-0.000538931
-0.00450513
-0.000551627
-0.00448062
-0.000564144
-0.00445513
-0.000576504
-0.00442866
-0.000588728
-0.00440121
-0.000600832
-0.00437277
-0.000612826
-0.00434336
-0.000624719
-0.00431299
-0.000636517
-0.00428167
-0.000648224
-0.0042494
-0.000659841
-0.00421619
-0.00067137
-0.00418207
-0.00068281
-0.00414704
-0.000694159
-0.00411112
-0.000705415
-0.00407432
-0.000716576
-0.00403665
-0.000727639
-0.00399814
-0.0007386
-0.0039588
-0.000749455
-0.00391863
-0.000760202
-0.00387767
-0.000770835
-0.00383593
-0.00078135
-0.00379342
-0.000791745
-0.00375017
-0.000802015
-0.00370619
-0.000812155
-0.00366149
-0.000822162
-0.00361611
-0.000832031
-0.00357005
-0.00084176
-0.00352334
-0.000851343
-0.00347599
-0.000860777
-0.00342803
-0.000870057
-0.00337948
-0.000879182
-0.00333035
-0.000888145
-0.00328067
-0.000896945
-0.00323046
-0.000905576
-0.00317974
-0.000914037
-0.00312853
-0.000922322
-0.00307685
-0.000930429
-0.00302473
-0.000938354
-0.00297218
-0.000946094
-0.00291923
-0.000953645
-0.00286591
-0.000961004
-0.00281223
-0.000968168
-0.00275821
-0.000975133
-0.00270389
-0.000981896
-0.00264928
-0.000988454
-0.00259442
-0.000994804
-0.00253931
-0.00100094
-0.00248399
-0.00100687
-0.00242849
-0.00101257
-0.00237281
-0.00101806
-0.002317
-0.00102332
-0.00226108
-0.00102835
-0.00220506
-0.00103316
-0.00214899
-0.00103773
-0.00209287
-0.00104206
-0.00203674
-0.00104616
-0.00198062
-0.00105001
-0.00192454
-0.00105361
-0.00186853
-0.00105697
-0.00181261
-0.00106008
-0.0017568
-0.00106293
-0.00170114
-0.00106553
-0.00164565
-0.00106787
-0.00159035
-0.00106994
-0.00153528
-0.00107175
-0.00148046
-0.00107329
-0.00142591
-0.00107456
-0.00137166
-0.00107556
-0.00131774
-0.00107628
-0.00126418
-0.00107672
-0.00121099
-0.00107688
-0.00115821
-0.00107676
-0.00110586
-0.00107636
-0.00105397
-0.00107567
-0.00100256
-0.00107468
-0.000951651
-0.00107341
-0.000901276
-0.00107184
-0.000851456
-0.00106997
-0.000802213
-0.0010678
-0.000753571
-0.00106533
-0.000705551
-0.00106255
-0.000658175
-0.00105947
-0.000611464
-0.00105606
-0.000565437
-0.00105234
-0.000520114
-0.00104829
-0.000475513
-0.0010439
-0.000431652
-0.00103916
-0.000388545
-0.00103404
-0.00034621
-0.00102854
-0.000304659
-0.0010226
-0.000263906
-0.00101618
-0.000223962
-0.00100919
-0.000184838
-0.00100149
-0.000146543
-0.000992843
-0.000109091
-0.000982675
-7.25115e-05
-0.000969642
-3.6797e-05
-0.000950245
-0.000922356
-0.0044337
-0.000546793
-0.00441195
-0.000560678
-0.0043892
-0.000574371
-0.00436545
-0.000587896
-0.00434069
-0.000601271
-0.0043149
-0.000614512
-0.0042881
-0.00062763
-0.00426029
-0.000640635
-0.00423148
-0.000653531
-0.00420168
-0.000666324
-0.00417089
-0.000679015
-0.00413912
-0.000691605
-0.0041064
-0.000704093
-0.00407273
-0.000716479
-0.00403813
-0.000728759
-0.00400261
-0.000740931
-0.0039662
-0.000752992
-0.0039289
-0.000764938
-0.00389074
-0.000776765
-0.00385172
-0.000788469
-0.00381188
-0.000800046
-0.00377122
-0.000811492
-0.00372977
-0.000822801
-0.00368755
-0.00083397
-0.00364457
-0.000844995
-0.00360085
-0.00085587
-0.00355642
-0.000866592
-0.0035113
-0.000877156
-0.0034655
-0.000887558
-0.00341905
-0.000897794
-0.00337197
-0.000907859
-0.00332428
-0.000917749
-0.003276
-0.000927461
-0.00322715
-0.00093699
-0.00317776
-0.000946333
-0.00312786
-0.000955485
-0.00307745
-0.000964443
-0.00302657
-0.000973202
-0.00297524
-0.00098176
-0.00292348
-0.000990112
-0.00287132
-0.000998255
-0.00281878
-0.00100619
-0.00276589
-0.0010139
-0.00271266
-0.00102139
-0.00265913
-0.00102866
-0.00260532
-0.00103571
-0.00255125
-0.00104252
-0.00249696
-0.0010491
-0.00244246
-0.00105544
-0.00238778
-0.00106155
-0.00233294
-0.00106741
-0.00227798
-0.00107302
-0.00222292
-0.00107838
-0.00216779
-0.00108349
-0.0021126
-0.00108834
-0.0020574
-0.00109293
-0.0020022
-0.00109726
-0.00194703
-0.00110132
-0.00189192
-0.00110512
-0.0018369
-0.00110864
-0.00178199
-0.00111188
-0.00172722
-0.00111485
-0.00167261
-0.00111754
-0.00161821
-0.00111994
-0.00156402
-0.00112205
-0.00151008
-0.00112388
-0.00145642
-0.00112541
-0.00140306
-0.00112665
-0.00135004
-0.00112759
-0.00129737
-0.00112823
-0.00124509
-0.00112856
-0.00119322
-0.00112859
-0.00114179
-0.00112832
-0.00109083
-0.00112773
-0.00104035
-0.00112683
-0.000990396
-0.00112562
-0.000940983
-0.0011241
-0.000892136
-0.00112225
-0.000843882
-0.00112009
-0.000796243
-0.00111761
-0.000749242
-0.0011148
-0.000702903
-0.00111167
-0.000657245
-0.00110821
-0.000612291
-0.00110442
-0.000568061
-0.00110029
-0.000524572
-0.00109583
-0.000481845
-0.00109102
-0.000439896
-0.00108585
-0.000398742
-0.00108031
-0.000358397
-0.00107439
-0.000318878
-0.00106806
-0.000280196
-0.00106129
-0.000242365
-0.00105401
-0.000205395
-0.00104616
-0.000169295
-0.0010376
-0.000134071
-0.00102807
-9.97366e-05
-0.00101701
-6.63128e-05
-0.00100307
-3.3775e-05
-0.000982789
-0.000956132
-0.0043114
-0.000566753
-0.00429043
-0.000581645
-0.00426844
-0.000596365
-0.00424541
-0.000610929
-0.00422133
-0.000625348
-0.00419621
-0.000639636
-0.00417004
-0.000653799
-0.00414283
-0.000667843
-0.00411459
-0.000681771
-0.00408533
-0.000695586
-0.00405505
-0.000709288
-0.00402378
-0.000722877
-0.00399153
-0.000736349
-0.0039583
-0.000749704
-0.00392412
-0.000762937
-0.00388901
-0.000776045
-0.00385298
-0.000789025
-0.00381604
-0.000801871
-0.00377823
-0.00081458
-0.00373955
-0.000827147
-0.00370003
-0.000839567
-0.00365969
-0.000851836
-0.00361854
-0.000863948
-0.00357661
-0.000875899
-0.00353392
-0.000887684
-0.0034905
-0.000899298
-0.00344635
-0.000910737
-0.00340151
-0.000921996
-0.003356
-0.00093307
-0.00330984
-0.000943955
-0.00326305
-0.000954647
-0.00321566
-0.000965141
-0.00316769
-0.000975432
-0.00311916
-0.000985517
-0.0030701
-0.00099539
-0.00302054
-0.00100505
-0.00297049
-0.00101449
-0.00291999
-0.00102371
-0.00286905
-0.0010327
-0.00281771
-0.00104146
-0.00276599
-0.00104998
-0.0027139
-0.00105827
-0.00266149
-0.00106631
-0.00260878
-0.00107411
-0.00255579
-0.00108166
-0.00250255
-0.00108895
-0.00244908
-0.00109599
-0.00239542
-0.00110277
-0.00234158
-0.00110928
-0.0022876
-0.00111553
-0.00223351
-0.0011215
-0.00217933
-0.0011272
-0.00212508
-0.00113262
-0.0020708
-0.00113777
-0.00201652
-0.00114262
-0.00196226
-0.00114719
-0.00190805
-0.00115147
-0.00185391
-0.00115546
-0.00179989
-0.00115915
-0.00174599
-0.00116253
-0.00169226
-0.00116561
-0.00163873
-0.00116839
-0.00158541
-0.00117086
-0.00153234
-0.00117301
-0.00147955
-0.00117485
-0.00142706
-0.00117637
-0.00137491
-0.00117756
-0.00132312
-0.00117844
-0.00127171
-0.00117899
-0.00122073
-0.00117921
-0.00117019
-0.0011791
-0.00112012
-0.00117866
-0.00107055
-0.00117789
-0.00102151
-0.00117678
-0.000973012
-0.00117533
-0.000925093
-0.00117354
-0.000877775
-0.00117141
-0.000831082
-0.00116895
-0.000785037
-0.00116614
-0.000739664
-0.00116298
-0.000694985
-0.00115948
-0.000651023
-0.00115563
-0.000607797
-0.00115144
-0.00056533
-0.00114689
-0.000523641
-0.00114198
-0.000482749
-0.00113672
-0.000442672
-0.00113109
-0.000403429
-0.00112509
-0.000365036
-0.00111871
-0.000327508
-0.00111192
-0.000290859
-0.00110471
-0.000255105
-0.00109704
-0.000220255
-0.00108887
-0.000186321
-0.0010801
-0.000153311
-0.00107061
-0.000121231
-0.00106015
-9.00891e-05
-0.00104815
-5.99068e-05
-0.00103325
-3.06569e-05
-0.00101204
-0.000986789
-0.00418518
-0.00058594
-0.00416496
-0.000601868
-0.00414368
-0.000617643
-0.00412134
-0.000633273
-0.00409792
-0.000648766
-0.00407343
-0.000664128
-0.00404787
-0.000679363
-0.00402123
-0.000694474
-0.00399354
-0.000709461
-0.00396481
-0.000724324
-0.00393504
-0.000739061
-0.00390424
-0.00075367
-0.00387244
-0.000768149
-0.00383965
-0.000782493
-0.00380589
-0.000796698
-0.00377118
-0.00081076
-0.00373553
-0.000824675
-0.00369896
-0.000838436
-0.0036615
-0.00085204
-0.00362317
-0.000865482
-0.00358398
-0.000878755
-0.00354396
-0.000891855
-0.00350313
-0.000904776
-0.00346152
-0.000917514
-0.00341914
-0.000930063
-0.00337602
-0.000942418
-0.00333218
-0.000954574
-0.00328765
-0.000966526
-0.00324246
-0.000978269
-0.00319661
-0.000989799
-0.00315015
-0.00100111
-0.00310309
-0.0010122
-0.00305546
-0.00102306
-0.00300729
-0.00103369
-0.00295861
-0.00104408
-0.00290943
-0.00105423
-0.00285978
-0.00106413
-0.0028097
-0.00107379
-0.0027592
-0.00108319
-0.00270832
-0.00109234
-0.00265709
-0.00110122
-0.00260552
-0.00110983
-0.00255365
-0.00111818
-0.0025015
-0.00112625
-0.00244911
-0.00113405
-0.0023965
-0.00114156
-0.0023437
-0.00114879
-0.00229074
-0.00115573
-0.00223764
-0.00116238
-0.00218444
-0.00116873
-0.00213116
-0.00117478
-0.00207783
-0.00118053
-0.00202448
-0.00118597
-0.00197114
-0.0011911
-0.00191785
-0.00119592
-0.00186462
-0.00120042
-0.00181149
-0.0012046
-0.00175848
-0.00120846
-0.00170563
-0.00121199
-0.00165297
-0.0012152
-0.00160052
-0.00121806
-0.00154832
-0.0012206
-0.00149638
-0.00122279
-0.00144475
-0.00122464
-0.00139345
-0.00122615
-0.0013425
-0.00122731
-0.00129194
-0.00122812
-0.00124179
-0.00122859
-0.00119209
-0.00122869
-0.00114285
-0.00122845
-0.00109411
-0.00122784
-0.0010459
-0.00122688
-0.000998229
-0.00122555
-0.000951137
-0.00122387
-0.000904646
-0.00122182
-0.000858783
-0.0012194
-0.000813573
-0.00121662
-0.000769042
-0.00121348
-0.000725213
-0.00120996
-0.000682111
-0.00120608
-0.00063976
-0.00120183
-0.000598183
-0.00119721
-0.000557402
-0.00119222
-0.000517438
-0.00118685
-0.000478312
-0.00118111
-0.000440043
-0.00117499
-0.000402649
-0.00116849
-0.000366148
-0.00116159
-0.000330553
-0.0011543
-0.000295881
-0.00114659
-0.000262143
-0.00113845
-0.000229352
-0.00112983
-0.000197519
-0.0011207
-0.000166655
-0.00111096
-0.000136769
-0.0011005
-0.000107872
-0.00108905
-7.99806e-05
-0.00107605
-5.31381e-05
-0.0010601
-2.73577e-05
-0.00103783
-0.00101415
-0.00405577
-0.000604387
-0.00403627
-0.000621377
-0.00401567
-0.000638233
-0.00399399
-0.000654958
-0.0039712
-0.000671551
-0.00394732
-0.000688014
-0.00392234
-0.000704347
-0.00389626
-0.000720549
-0.0038691
-0.000736618
-0.00384088
-0.000752551
-0.00381159
-0.000768345
-0.00378127
-0.000783996
-0.00374992
-0.000799499
-0.00371756
-0.00081485
-0.00368421
-0.000830044
-0.0036499
-0.000845075
-0.00361464
-0.000859938
-0.00357845
-0.000874627
-0.00354135
-0.000889137
-0.00350337
-0.000903462
-0.00346453
-0.000917596
-0.00342485
-0.000931534
-0.00338436
-0.000945269
-0.00334307
-0.000958797
-0.00330102
-0.000972112
-0.00325824
-0.000985208
-0.00321473
-0.000998079
-0.00317053
-0.00101072
-0.00312568
-0.00102313
-0.00308018
-0.0010353
-0.00303407
-0.00104722
-0.00298738
-0.00105889
-0.00294012
-0.00107031
-0.00289234
-0.00108147
-0.00284406
-0.00109236
-0.0027953
-0.00110299
-0.00274609
-0.00111334
-0.00269647
-0.00112342
-0.00264645
-0.00113321
-0.00259607
-0.00114271
-0.00254536
-0.00115193
-0.00249435
-0.00116085
-0.00244306
-0.00116947
-0.00239152
-0.00117779
-0.00233977
-0.0011858
-0.00228783
-0.0011935
-0.00223574
-0.00120089
-0.00218351
-0.00120795
-0.00213119
-0.0012147
-0.0020788
-0.00122112
-0.00202638
-0.00122721
-0.00197394
-0.00123296
-0.00192153
-0.00123838
-0.00186917
-0.00124347
-0.00181689
-0.0012482
-0.00176472
-0.00125259
-0.0017127
-0.00125663
-0.00166084
-0.00126032
-0.00160919
-0.00126365
-0.00155777
-0.00126662
-0.0015066
-0.00126923
-0.00145573
-0.00127147
-0.00140518
-0.00127334
-0.00135497
-0.00127485
-0.00130515
-0.00127598
-0.00125573
-0.00127673
-0.00120675
-0.00127711
-0.00115824
-0.0012771
-0.00111022
-0.00127671
-0.00106272
-0.00127594
-0.00101578
-0.00127478
-0.000969423
-0.00127324
-0.000923674
-0.0012713
-0.000878564
-0.00126898
-0.000834121
-0.00126626
-0.000790371
-0.00126315
-0.00074734
-0.00125966
-0.000705055
-0.00125576
-0.000663538
-0.00125148
-0.000622813
-0.00124681
-0.000582901
-0.00124174
-0.000543823
-0.00123629
-0.000505598
-0.00123044
-0.000468241
-0.00122421
-0.00043177
-0.00121758
-0.0003962
-0.00121056
-0.000361543
-0.00120315
-0.000327814
-0.00119533
-0.000295026
-0.00118709
-0.000263194
-0.00117843
-0.000232334
-0.00116931
-0.000202465
-0.00115971
-0.000173607
-0.00114956
-0.000145787
-0.00113879
-0.000119036
-0.00112725
-9.33906e-05
-0.0011147
-6.89091e-05
-0.00110053
-4.56916e-05
-0.00108332
-2.37686e-05
-0.00105976
-0.00103792
-0.00392385
-0.000622126
-0.00390502
-0.000640208
-0.00388508
-0.000658172
-0.00386402
-0.000676016
-0.00384184
-0.000693733
-0.00381853
-0.00071132
-0.0037941
-0.000728774
-0.00376856
-0.000746088
-0.00374192
-0.000763259
-0.00371419
-0.000780282
-0.00368538
-0.000797151
-0.00365552
-0.00081386
-0.00362462
-0.000830404
-0.00359269
-0.000846777
-0.00355976
-0.000862972
-0.00352585
-0.000878985
-0.00349098
-0.000894807
-0.00345517
-0.000910434
-0.00341845
-0.000925858
-0.00338084
-0.000941074
-0.00334236
-0.000956075
-0.00330304
-0.000970855
-0.0032629
-0.000985408
-0.00322197
-0.000999727
-0.00318028
-0.00101381
-0.00313784
-0.00102764
-0.0030947
-0.00104123
-0.00305087
-0.00105455
-0.00300638
-0.00106762
-0.00296126
-0.00108042
-0.00291553
-0.00109294
-0.00286924
-0.00110519
-0.0028224
-0.00111715
-0.00277504
-0.00112883
-0.0027272
-0.00114021
-0.0026789
-0.00115129
-0.00263017
-0.00116207
-0.00258104
-0.00117254
-0.00253155
-0.0011827
-0.00248172
-0.00119254
-0.00243158
-0.00120207
-0.00238117
-0.00121126
-0.00233051
-0.00122013
-0.00227963
-0.00122866
-0.00222857
-0.00123686
-0.00217736
-0.00124471
-0.00212603
-0.00125222
-0.0020746
-0.00125938
-0.00202312
-0.00126618
-0.0019716
-0.00127263
-0.00192009
-0.00127872
-0.00186861
-0.00128444
-0.00181719
-0.0012898
-0.00176587
-0.00129478
-0.00171468
-0.00129939
-0.00166365
-0.00130363
-0.0016128
-0.00130748
-0.00156218
-0.00131094
-0.0015118
-0.00131402
-0.00146171
-0.00131671
-0.00141193
-0.001319
-0.0013625
-0.0013209
-0.00131344
-0.0013224
-0.00126478
-0.0013235
-0.00121657
-0.00132419
-0.00116882
-0.00132448
-0.00112156
-0.00132436
-0.00107483
-0.00132383
-0.00102866
-0.00132289
-0.000983071
-0.00132153
-0.000938093
-0.00131976
-0.000893752
-0.00131758
-0.000850074
-0.00131498
-0.000807085
-0.00131197
-0.000764806
-0.00130854
-0.000723261
-0.0013047
-0.000682469
-0.00130045
-0.00064245
-0.00129578
-0.000603223
-0.00129071
-0.000564804
-0.00128523
-0.000527211
-0.00127934
-0.000490461
-0.00127304
-0.000454569
-0.00126634
-0.000419554
-0.00125923
-0.000385435
-0.0012517
-0.000352233
-0.00124377
-0.000319971
-0.00123541
-0.000288679
-0.00122662
-0.000258387
-0.00121738
-0.000229133
-0.00120768
-0.000200957
-0.00119749
-0.000173909
-0.00118676
-0.000148039
-0.00117543
-0.000123408
-0.00116342
-0.000100074
-0.00115059
-7.8101e-05
-0.00113667
-5.756e-05
-0.00112107
-3.8508e-05
-0.00110237
-2.06489e-05
-0.00107763
-0.00105857
-0.00378987
-0.000639169
-0.00377171
-0.000658371
-0.0037524
-0.000677477
-0.00373195
-0.000696469
-0.00371035
-0.000715336
-0.0036876
-0.000734071
-0.00366371
-0.000752664
-0.00363868
-0.00077111
-0.00361254
-0.000789399
-0.0035853
-0.000807526
-0.00355697
-0.000825484
-0.00352756
-0.000843264
-0.00349711
-0.000860861
-0.00346562
-0.000878267
-0.00343312
-0.000895475
-0.00339962
-0.000912477
-0.00336516
-0.000929268
-0.00332976
-0.000945839
-0.00329343
-0.000962184
-0.00325621
-0.000978296
-0.00321812
-0.000994167
-0.00317918
-0.00100979
-0.00313943
-0.00102516
-0.00309888
-0.00104028
-0.00305757
-0.00105512
-0.00301552
-0.00106969
-0.00297276
-0.00108399
-0.00292932
-0.00109799
-0.00288523
-0.00111171
-0.00284052
-0.00112513
-0.00279521
-0.00113825
-0.00274935
-0.00115106
-0.00270295
-0.00116355
-0.00265604
-0.00117573
-0.00260867
-0.00118758
-0.00256086
-0.0011991
-0.00251264
-0.00121029
-0.00246404
-0.00122114
-0.00241509
-0.00123165
-0.00236583
-0.0012418
-0.00231629
-0.00125161
-0.00226649
-0.00126106
-0.00221648
-0.00127014
-0.00216628
-0.00127886
-0.00211593
-0.00128721
-0.00206546
-0.00129519
-0.00201489
-0.00130278
-0.00196427
-0.00131
-0.00191363
-0.00131683
-0.00186299
-0.00132327
-0.00181239
-0.00132932
-0.00176187
-0.00133497
-0.00171145
-0.00134022
-0.00166116
-0.00134507
-0.00161105
-0.00134951
-0.00156113
-0.00135354
-0.00151145
-0.00135716
-0.00146203
-0.00136036
-0.00141291
-0.00136315
-0.00136411
-0.00136551
-0.00131567
-0.00136745
-0.00126762
-0.00136896
-0.00121998
-0.00137004
-0.00117279
-0.00137069
-0.00112608
-0.00137091
-0.00107987
-0.00137069
-0.00103419
-0.00137004
-0.000989072
-0.00136895
-0.000944536
-0.00136742
-0.00090061
-0.00136546
-0.000857319
-0.00136305
-0.000814686
-0.00136021
-0.000772735
-0.00135693
-0.000731489
-0.00135321
-0.000690971
-0.00134906
-0.000651204
-0.00134447
-0.000612212
-0.00133944
-0.000574019
-0.00133398
-0.000536649
-0.00132808
-0.000500131
-0.00132175
-0.000464493
-0.00131498
-0.000429766
-0.00130777
-0.000395983
-0.00130012
-0.000363183
-0.00129203
-0.000331402
-0.00128348
-0.000300685
-0.00127448
-0.000271077
-0.00126502
-0.000242624
-0.00125507
-0.000215376
-0.00124463
-0.000189383
-0.00123368
-0.000164692
-0.00122218
-0.000141353
-0.0012101
-0.000119404
-0.00119738
-9.88831e-05
-0.00118394
-7.98087e-05
-0.00116966
-6.21844e-05
-0.0011543
-4.59958e-05
-0.00113727
-3.11711e-05
-0.0011172
-1.70844e-05
-0.00109172
-0.00107565
-0.00365451
-0.000655567
-0.00363694
-0.000675942
-0.0036182
-0.000696216
-0.00359829
-0.000716374
-0.00357723
-0.000736405
-0.003555
-0.000756299
-0.00353162
-0.000776045
-0.00350709
-0.000795632
-0.00348144
-0.000815051
-0.00345468
-0.000834292
-0.00342681
-0.000853347
-0.00339787
-0.000872208
-0.00336786
-0.000890867
-0.00333682
-0.000909313
-0.00330475
-0.000927541
-0.00327169
-0.000945541
-0.00323765
-0.000963306
-0.00320266
-0.000980827
-0.00316675
-0.000998098
-0.00312993
-0.00101511
-0.00309225
-0.00103185
-0.00305371
-0.00104833
-0.00301436
-0.00106452
-0.00297422
-0.00108042
-0.00293331
-0.00109603
-0.00289167
-0.00111133
-0.00284933
-0.00112633
-0.00280631
-0.00114101
-0.00276265
-0.00115537
-0.00271838
-0.0011694
-0.00267352
-0.0011831
-0.00262811
-0.00119646
-0.00258219
-0.00120948
-0.00253578
-0.00122214
-0.00248891
-0.00123445
-0.00244162
-0.00124639
-0.00239394
-0.00125797
-0.00234591
-0.00126917
-0.00229756
-0.00128
-0.00224891
-0.00129045
-0.00220001
-0.00130051
-0.00215089
-0.00131018
-0.00210157
-0.00131946
-0.0020521
-0.00132833
-0.00200251
-0.0013368
-0.00195283
-0.00134487
-0.0019031
-0.00135252
-0.00185334
-0.00135976
-0.0018036
-0.00136657
-0.0017539
-0.00137297
-0.00170429
-0.00137894
-0.00165478
-0.00138448
-0.00160542
-0.00138958
-0.00155624
-0.00139425
-0.00150727
-0.00139848
-0.00145854
-0.00140227
-0.00141008
-0.00140561
-0.00136194
-0.00140851
-0.00131413
-0.00141095
-0.00126669
-0.00141295
-0.00121965
-0.00141448
-0.00117304
-0.00141557
-0.00112689
-0.00141619
-0.00108124
-0.00141635
-0.0010361
-0.00141605
-0.000991505
-0.00141528
-0.000947489
-0.00141405
-0.000904078
-0.00141236
-0.000861299
-0.0014102
-0.000819181
-0.00140758
-0.00077775
-0.00140448
-0.000737036
-0.00140093
-0.000697066
-0.0013969
-0.000657869
-0.00139241
-0.000619473
-0.00138745
-0.00058191
-0.00138203
-0.000545208
-0.00137614
-0.0005094
-0.00136979
-0.000474514
-0.00136297
-0.000440585
-0.00135568
-0.000407642
-0.00134792
-0.000375719
-0.00133969
-0.000344845
-0.00133099
-0.000315052
-0.00132182
-0.000286366
-0.00131217
-0.000258814
-0.00130204
-0.000232416
-0.00129142
-0.00020719
-0.0012803
-0.000183146
-0.00126868
-0.000160293
-0.00125653
-0.000138624
-0.00124385
-0.000118133
-0.00123059
-9.87999e-05
-0.00121672
-8.06029e-05
-0.00120214
-6.35159e-05
-0.00118675
-4.75316e-05
-0.00117029
-3.26955e-05
-0.0011521
-1.91391e-05
-0.00113076
-7.18718e-06
-0.00110368
-0.00108284
-0.0114607
-0.000704206
-0.0114081
-0.000728613
-0.0113513
-0.000752951
-0.0112905
-0.000777184
-0.0112257
-0.000801284
-0.0111567
-0.000825229
-0.0110838
-0.000848999
-0.0110068
-0.000872575
-0.0109259
-0.000895939
-0.0108412
-0.000919076
-0.0107525
-0.00094197
-0.0106601
-0.000964606
-0.010564
-0.000986972
-0.0104643
-0.00100905
-0.010361
-0.00103084
-0.0102542
-0.00105232
-0.0101441
-0.00107347
-0.0100306
-0.00109429
-0.00991391
-0.00111478
-0.00979412
-0.0011349
-0.00967131
-0.00115467
-0.00954558
-0.00117406
-0.00941704
-0.00119306
-0.00928578
-0.00121167
-0.00915193
-0.00122988
-0.00901558
-0.00124768
-0.00887686
-0.00126506
-0.00873586
-0.00128201
-0.00859271
-0.00129852
-0.00844753
-0.00131459
-0.00830043
-0.00133021
-0.00815152
-0.00134536
-0.00800094
-0.00136006
-0.00784881
-0.00137428
-0.00769524
-0.00138802
-0.00754035
-0.00140127
-0.00738429
-0.00141404
-0.00722716
-0.0014263
-0.00706909
-0.00143807
-0.00691022
-0.00144933
-0.00675066
-0.00146007
-0.00659054
-0.0014703
-0.00642999
-0.00148
-0.00626914
-0.00148918
-0.00610811
-0.00149783
-0.00594703
-0.00150595
-0.00578602
-0.00151353
-0.0056252
-0.00152057
-0.00546472
-0.00152706
-0.00530468
-0.00153301
-0.00514521
-0.00153841
-0.00498643
-0.00154325
-0.00482846
-0.00154755
-0.00467144
-0.00155128
-0.00451546
-0.00155446
-0.00436065
-0.00155708
-0.00420713
-0.00155913
-0.00405502
-0.00156063
-0.00390441
-0.00156156
-0.00375543
-0.00156193
-0.00360818
-0.00156173
-0.00346278
-0.00156097
-0.00331932
-0.00155965
-0.00317792
-0.00155776
-0.00303866
-0.0015553
-0.00290165
-0.00155229
-0.00276699
-0.00154872
-0.00263477
-0.00154458
-0.00250509
-0.00153989
-0.00237802
-0.00153464
-0.00225366
-0.00152884
-0.0021321
-0.00152249
-0.0020134
-0.0015156
-0.00189765
-0.00150816
-0.00178492
-0.00150019
-0.00167527
-0.00149168
-0.00156878
-0.00148264
-0.00146549
-0.00147308
-0.00136545
-0.001463
-0.00126872
-0.00145241
-0.00117533
-0.00144131
-0.00108531
-0.00142972
-0.000998666
-0.00141764
-0.000915426
-0.00140507
-0.000835575
-0.00139202
-0.00075911
-0.00137851
-0.000685998
-0.00136453
-0.000616211
-0.0013501
-0.00054969
-0.0013352
-0.000486384
-0.00131985
-0.000426208
-0.00130403
-0.000369085
-0.00128772
-0.000314909
-0.00127089
-0.000263577
-0.00125348
-0.000214963
-0.00123537
-0.000168965
-0.00121629
-0.000125515
-0.00119556
-8.43258e-05
-0.00117196
-4.34729e-05
-0.00114455
-0.00112631
-0.0100403
-0.000742058
-0.00999802
-0.000770871
-0.00995133
-0.000799637
-0.00990022
-0.000828297
-0.00984469
-0.000856812
-0.00978477
-0.000885148
-0.0097205
-0.000913276
-0.00965191
-0.000941167
-0.00957905
-0.000968797
-0.00950199
-0.000996141
-0.00942078
-0.00102318
-0.0093355
-0.00104988
-0.00924624
-0.00107624
-0.00915306
-0.00110223
-0.00905607
-0.00112783
-0.00895535
-0.00115304
-0.008851
-0.00117782
-0.00874313
-0.00120216
-0.00863185
-0.00122606
-0.00851726
-0.00124949
-0.00839948
-0.00127245
-0.00827863
-0.00129491
-0.00815483
-0.00131686
-0.0080282
-0.0013383
-0.00789887
-0.00135921
-0.00776698
-0.00137957
-0.00763265
-0.00139939
-0.00749602
-0.00141864
-0.00735723
-0.00143731
-0.00721641
-0.00145541
-0.00707371
-0.00147291
-0.00692927
-0.00148981
-0.00678323
-0.0015061
-0.00663574
-0.00152177
-0.00648694
-0.00153682
-0.00633698
-0.00155123
-0.006186
-0.00156501
-0.00603416
-0.00157814
-0.0058816
-0.00159063
-0.00572848
-0.00160246
-0.00557492
-0.00161362
-0.0054211
-0.00162413
-0.00526714
-0.00163396
-0.0051132
-0.00164312
-0.00495943
-0.00165161
-0.00480596
-0.00165942
-0.00465294
-0.00166655
-0.0045005
-0.001673
-0.0043488
-0.00167877
-0.00419797
-0.00168385
-0.00404813
-0.00168824
-0.00389944
-0.00169195
-0.00375201
-0.00169497
-0.00360598
-0.00169731
-0.00346148
-0.00169897
-0.00331862
-0.00169994
-0.00317753
-0.00170022
-0.00303833
-0.00169983
-0.00290113
-0.00169876
-0.00276605
-0.00169701
-0.00263319
-0.00169459
-0.00250266
-0.0016915
-0.00237457
-0.00168774
-0.00224901
-0.00168331
-0.00212609
-0.00167823
-0.00200589
-0.00167249
-0.00188851
-0.0016661
-0.00177403
-0.00165906
-0.00166254
-0.00165138
-0.00155412
-0.00164306
-0.00144884
-0.00163412
-0.0013468
-0.00162454
-0.00124804
-0.00161436
-0.00115265
-0.00160356
-0.00106068
-0.00159215
-0.000972208
-0.00158015
-0.000887287
-0.00156756
-0.000805981
-0.00155439
-0.000728339
-0.00154064
-0.000654422
-0.00152633
-0.000584273
-0.00151146
-0.000517952
-0.00149604
-0.000455498
-0.00148009
-0.000396969
-0.0014636
-0.000342403
-0.00144659
-0.000291861
-0.00142906
-0.000245382
-0.00141101
-0.000203026
-0.00139246
-0.000164836
-0.00137339
-0.000130875
-0.00135382
-0.000101187
-0.00133372
-7.58344e-05
-0.00131308
-5.48566e-05
-0.00129187
-3.82982e-05
-0.00127004
-2.6164e-05
-0.00124751
-1.84205e-05
-0.00122404
-1.49014e-05
-0.00119908
-1.49126e-05
-0.00117195
-1.54273e-05
-0.00114404
-0.00114174
-0.00856664
-0.000770243
-0.00853366
-0.000803855
-0.0084959
-0.000837397
-0.00845338
-0.000870816
-0.00840613
-0.000904063
-0.00835418
-0.000937097
-0.00829758
-0.00096988
-0.00823637
-0.00100238
-0.00817061
-0.00103456
-0.00810037
-0.00106638
-0.00802571
-0.00109783
-0.00794673
-0.00112887
-0.0078635
-0.00115947
-0.00777611
-0.00118962
-0.00768467
-0.00121928
-0.00758927
-0.00124843
-0.00749003
-0.00127706
-0.00738707
-0.00130513
-0.0072805
-0.00133263
-0.00717044
-0.00135955
-0.00705704
-0.00138585
-0.00694042
-0.00141153
-0.00682073
-0.00143656
-0.0066981
-0.00146093
-0.00657268
-0.00148463
-0.00644463
-0.00150763
-0.00631409
-0.00152993
-0.00618122
-0.0015515
-0.00604618
-0.00157235
-0.00590914
-0.00159245
-0.00577024
-0.0016118
-0.00562967
-0.00163039
-0.00548757
-0.00164819
-0.00534412
-0.00166522
-0.0051995
-0.00168145
-0.00505385
-0.00169688
-0.00490736
-0.0017115
-0.0047602
-0.00172531
-0.00461252
-0.0017383
-0.00446451
-0.00175047
-0.00431631
-0.00176181
-0.00416812
-0.00177233
-0.00402007
-0.001782
-0.00387235
-0.00179085
-0.00372511
-0.00179885
-0.00357851
-0.00180602
-0.00343271
-0.00181235
-0.00328787
-0.00181785
-0.00314413
-0.00182251
-0.00300164
-0.00182633
-0.00286056
-0.00182932
-0.00272103
-0.00183148
-0.00258319
-0.00183282
-0.00244717
-0.00183333
-0.00231312
-0.00183302
-0.00218116
-0.00183189
-0.00205143
-0.00182996
-0.00192404
-0.00182722
-0.00179913
-0.00182368
-0.0016768
-0.00181934
-0.00155718
-0.00181421
-0.00144038
-0.0018083
-0.0013265
-0.00180161
-0.00121566
-0.00179416
-0.00110795
-0.00178594
-0.00100349
-0.00177696
-0.000902354
-0.00176723
-0.000804656
-0.00175676
-0.000710479
-0.00174556
-0.00061992
-0.00173362
-0.000533063
-0.00172097
-0.000450001
-0.00170761
-0.000370814
-0.00169354
-0.000295594
-0.00167878
-0.000224417
-0.00166333
-0.000157374
-0.0016472
-9.45409e-05
-0.00163039
-3.60054e-05
-0.00161293
1.81585e-05
-0.0015948
6.78629e-05
-0.00157604
0.000113035
-0.00155663
0.000153588
-0.0015366
0.00018945
-0.00151595
0.000220533
-0.00149469
0.000246767
-0.00147282
0.000268066
-0.00145036
0.000284363
-0.00142731
0.000295574
-0.00140367
0.000301637
-0.00137945
0.000302473
-0.00135465
0.000298025
-0.00132927
0.00028822
-0.00130328
0.000273011
-0.00127666
0.000252332
-0.00124937
0.000226131
-0.0012213
0.000194328
-0.00119223
0.000156798
-0.00116155
0.00011331
-0.00112845
6.31014e-05
-0.00109382
-0.00107864
-0.00704453
-0.00078869
-0.00702094
-0.000827447
-0.00699223
-0.000866106
-0.00695844
-0.000904608
-0.00691961
-0.000942899
-0.00687577
-0.000980935
-0.00682698
-0.00101867
-0.00677329
-0.00105607
-0.00671477
-0.00109308
-0.00665148
-0.00112967
-0.0065835
-0.00116581
-0.00651091
-0.00120146
-0.00643381
-0.00123657
-0.0063523
-0.00127114
-0.00626647
-0.00130511
-0.00617645
-0.00133846
-0.00608235
-0.00137115
-0.00598431
-0.00140317
-0.00588246
-0.00143449
-0.00577693
-0.00146507
-0.00566788
-0.0014949
-0.00555547
-0.00152395
-0.00543984
-0.00155219
-0.00532116
-0.00157961
-0.0051996
-0.00160618
-0.00507534
-0.00163189
-0.00494854
-0.00165672
-0.0048194
-0.00168065
-0.00468808
-0.00170367
-0.00455478
-0.00172576
-0.00441968
-0.0017469
-0.00428298
-0.00176709
-0.00414486
-0.00178631
-0.00400552
-0.00180456
-0.00386514
-0.00182182
-0.00372394
-0.00183809
-0.00358208
-0.00185335
-0.00343978
-0.00186761
-0.00329722
-0.00188086
-0.0031546
-0.0018931
-0.0030121
-0.00190432
-0.00286991
-0.00191452
-0.00272821
-0.0019237
-0.0025872
-0.00193186
-0.00244705
-0.001939
-0.00230795
-0.00194513
-0.00217006
-0.00195024
-0.00203357
-0.00195434
-0.00189864
-0.00195743
-0.00176545
-0.00195952
-0.00163415
-0.00196062
-0.00150492
-0.00196072
-0.0013779
-0.00195984
-0.00125325
-0.00195798
-0.00113112
-0.00195515
-0.00101166
-0.00195136
-0.000895007
-0.00194661
-0.000781312
-0.00194091
-0.000670702
-0.00193428
-0.000563315
-0.00192673
-0.000459273
-0.00191825
-0.00035871
-0.00190887
-0.00026174
-0.00189858
-0.00016849
-0.00188741
-7.90679e-05
-0.00187536
6.40616e-06
-0.00186243
8.78299e-05
-0.00184865
0.00016509
-0.00183402
0.000238089
-0.00181855
0.000306718
-0.00180225
0.000370885
-0.00178514
0.000430487
-0.00176721
0.000485437
-0.00174849
0.000535636
-0.00172898
0.000581004
-0.00170869
0.000621449
-0.00168764
0.000656896
-0.00166584
0.000687259
-0.00164329
0.000712472
-0.00162001
0.000732456
-0.00159602
0.000747151
-0.00157132
0.000756487
-0.00154594
0.000760414
-0.00151987
0.000758872
-0.00149315
0.000751828
-0.00146577
0.000739232
-0.00143776
0.000721067
-0.00140914
0.0006973
-0.00137991
0.000667931
-0.00135008
0.000632948
-0.00131967
0.000592372
-0.00128869
0.000546219
-0.00125713
0.000494539
-0.00122498
0.000437386
-0.00119221
0.000374859
-0.00115877
0.000307091
-0.00112446
0.000234336
-0.00108879
0.000157209
-0.00105132
7.74626e-05
-0.00101406
-0.00100117
-0.00547718
-0.000797714
-0.00546269
-0.000841936
-0.00544279
-0.00088601
-0.00541752
-0.000929884
-0.00538692
-0.000973501
-0.00535103
-0.00101682
-0.00530993
-0.00105978
-0.00526365
-0.00110235
-0.00521226
-0.00114447
-0.00515584
-0.0011861
-0.00509446
-0.00122719
-0.00502821
-0.00126771
-0.00495719
-0.0013076
-0.0048815
-0.00134683
-0.00480125
-0.00138535
-0.00471658
-0.00142313
-0.00462761
-0.00146012
-0.0045345
-0.00149629
-0.00443738
-0.00153161
-0.00433642
-0.00156603
-0.00423179
-0.00159953
-0.00412366
-0.00163207
-0.00401222
-0.00166363
-0.00389765
-0.00169418
-0.00378014
-0.00172369
-0.00365991
-0.00175213
-0.00353714
-0.00177949
-0.00341205
-0.00180574
-0.00328485
-0.00183087
-0.00315576
-0.00185485
-0.00302498
-0.00187768
-0.00289274
-0.00189933
-0.00275926
-0.00191979
-0.00262476
-0.00193906
-0.00248946
-0.00195712
-0.00235358
-0.00197396
-0.00221735
-0.00198958
-0.00208099
-0.00200398
-0.00194471
-0.00201714
-0.00180873
-0.00202908
-0.00167326
-0.00203978
-0.00153852
-0.00204926
-0.00140471
-0.00205751
-0.00127203
-0.00206454
-0.00114069
-0.00207034
-0.00101089
-0.00207493
-0.000882828
-0.0020783
-0.000756696
-0.00208047
-0.000632677
-0.00208145
-0.000510961
-0.00208124
-0.00039172
-0.00207986
-0.000275134
-0.00207731
-0.000161367
-0.0020736
-5.05906e-05
-0.00206876
5.70407e-05
-0.00206278
0.000161365
-0.00205568
0.000262236
-0.00204748
0.000359502
-0.00203818
0.000453025
-0.00202781
0.00054266
-0.00201636
0.000628281
-0.00200387
0.000709751
-0.00199034
0.000786953
-0.00197578
0.00085976
-0.00196022
0.000928065
-0.00194366
0.00099175
-0.00192612
0.00105072
-0.00190762
0.00110486
-0.00188816
0.00115408
-0.00186777
0.00119829
-0.00184647
0.00123741
-0.00182425
0.00127134
-0.00180115
0.00130003
-0.00177718
0.00132339
-0.00175234
0.00134137
-0.00172667
0.00135391
-0.00170018
0.00136096
-0.00167289
0.00136247
-0.0016448
0.00135842
-0.00161596
0.00134876
-0.00158636
0.00133348
-0.00155604
0.00131255
-0.00152502
0.00128599
-0.00149331
0.00125378
-0.00146094
0.00121594
-0.00142793
0.00117247
-0.0013943
0.00112343
-0.00136009
0.00106883
-0.0013253
0.00100872
-0.00128997
0.000943157
-0.00125411
0.000872207
-0.00121773
0.000795935
-0.00118085
0.00071443
-0.00114347
0.000627778
-0.00110556
0.000536086
-0.00106708
0.000439458
-0.00102783
0.000338044
-0.000987373
0.000232059
-0.000945334
0.000121446
-0.000903435
-0.000879727
-0.00385449
-0.000797786
-0.00384873
-0.000847695
-0.00383733
-0.000897417
-0.00382032
-0.000946897
-0.00379774
-0.00099608
-0.00376964
-0.00104491
-0.00373608
-0.00109334
-0.00369711
-0.00114132
-0.00365279
-0.00118879
-0.0036032
-0.00123569
-0.00354842
-0.00128197
-0.00348855
-0.00132758
-0.00342368
-0.00137247
-0.00335393
-0.00141658
-0.00327942
-0.00145986
-0.00320029
-0.00150226
-0.0031167
-0.00154372
-0.0030288
-0.0015842
-0.00293677
-0.00162364
-0.00284079
-0.00166201
-0.00274105
-0.00169927
-0.00263777
-0.00173536
-0.00253113
-0.00177027
-0.00242138
-0.00180394
-0.00230872
-0.00183635
-0.00219339
-0.00186746
-0.00207562
-0.00189726
-0.00195566
-0.00192571
-0.00183374
-0.00195279
-0.00171012
-0.00197848
-0.00158503
-0.00200276
-0.00145873
-0.00202563
-0.00133146
-0.00204706
-0.00120349
-0.00206703
-0.00107508
-0.00208554
-0.000946474
-0.00210257
-0.000817928
-0.00211813
-0.000689691
-0.00213222
-0.000561999
-0.00214483
-0.000435096
-0.00215598
-0.000309212
-0.00216567
-0.000184582
-0.00217389
-6.14284e-05
-0.00218066
6.00221e-05
-0.00218599
0.000179557
-0.00218988
0.000296958
-0.00219233
0.000412024
-0.00219337
0.000524546
-0.002193
0.000634333
-0.00219124
0.00074119
-0.0021881
0.000844934
-0.0021836
0.00094538
-0.00217776
0.00104236
-0.00217058
0.00113569
-0.00216209
0.00122523
-0.00215231
0.0013108
-0.00214125
0.00139225
-0.00212893
0.00146945
-0.00211538
0.00154224
-0.0021006
0.0016105
-0.00208462
0.0016741
-0.00206747
0.00173292
-0.00204915
0.00178684
-0.0020297
0.00183575
-0.00200913
0.00187956
-0.00198747
0.00191816
-0.00196473
0.00195148
-0.00194094
0.00197944
-0.00191612
0.00200196
-0.00189029
0.00201898
-0.00186349
0.00203045
-0.00183572
0.00203631
-0.00180701
0.00203653
-0.00177739
0.00203107
-0.00174689
0.00201992
-0.00171552
0.00200306
-0.00168332
0.00198048
-0.0016503
0.00195218
-0.0016165
0.00191817
-0.00158195
0.00187848
-0.00154667
0.00183312
-0.00151069
0.00178214
-0.00147404
0.00172559
-0.00143675
0.0016635
-0.00139885
0.00159595
-0.00136038
0.00152301
-0.00132136
0.00144476
-0.00128183
0.00136128
-0.00124183
0.00127268
-0.00120137
0.00117906
-0.00116049
0.00108054
-0.00111922
0.000977258
-0.00107757
0.000869348
-0.00103555
0.000756965
-0.000993177
0.000640287
-0.000950395
0.000519518
-0.000907063
0.00039496
-0.000862813
0.000267125
-0.000817494
0.000136632
-0.000772931
-0.000743095
-0.00216442
-0.000790245
-0.00216618
-0.000845941
-0.00216217
-0.000901431
-0.00215242
-0.000956651
-0.00213696
-0.00101154
-0.00211585
-0.00106603
-0.00208912
-0.00112007
-0.00205685
-0.00117359
-0.0020191
-0.00122654
-0.00197594
-0.00127884
-0.00192748
-0.00133044
-0.0018738
-0.00138127
-0.00181502
-0.00143125
-0.00175126
-0.00148034
-0.00168265
-0.00152847
-0.00160935
-0.00157557
-0.00153153
-0.00162154
-0.00144939
-0.00166634
-0.00136312
-0.00170991
-0.00127295
-0.00175219
-0.00117908
-0.00179314
-0.00108176
-0.00183269
-0.000981213
-0.00187081
-0.000877699
-0.00190746
-0.000771467
-0.00194258
-0.000662784
-0.00197615
-0.000551914
-0.00200813
-0.000439133
-0.00203849
-0.000324713
-0.00206721
-0.000208937
-0.00209426
-9.20807e-05
-0.00211962
2.55687e-05
-0.00214328
0.000143735
-0.00216523
0.00026213
-0.00218543
0.000380484
-0.00220389
0.000498517
-0.0022206
0.000615966
-0.00223558
0.00073256
-0.00224881
0.000848044
-0.00226032
0.000962156
-0.0022701
0.00107465
-0.00227816
0.00118528
-0.00228452
0.0012938
-0.00228918
0.00139998
-0.00229217
0.0015036
-0.00229349
0.00160443
-0.00229317
0.00170228
-0.00229121
0.00179692
-0.00228765
0.00188818
-0.00228249
0.00197584
-0.00227577
0.00205974
-0.0022675
0.00213968
-0.0022577
0.00221552
-0.00224641
0.00228706
-0.00223364
0.00235417
-0.00221942
0.0024167
-0.00220378
0.00247451
-0.00218674
0.00252746
-0.00216833
0.00257543
-0.00214858
0.00261832
-0.00212751
0.00265601
-0.00210516
0.0026884
-0.00208155
0.00271542
-0.00205672
0.00273698
-0.00203069
0.00275301
-0.0020035
0.00276345
-0.00197517
0.00276826
-0.00194574
0.00276739
-0.00191525
0.00276081
-0.00188371
0.00274849
-0.00185117
0.00273044
-0.00181766
0.00270664
-0.00178321
0.00267711
-0.00174786
0.00264186
-0.00171164
0.00260092
-0.00167458
0.00255432
-0.00163672
0.00250212
-0.0015981
0.00244437
-0.00155875
0.00238113
-0.00151871
0.00231249
-0.00147802
0.00223852
-0.00143671
0.00215931
-0.00139483
0.00207499
-0.00135242
0.00198565
-0.00130951
0.00189142
-0.00126615
0.00179243
-0.00122238
0.00168884
-0.00117823
0.00158078
-0.00113377
0.00146843
-0.00108901
0.00135195
-0.00104401
0.00123154
-0.0009988
0.00110738
-0.000953411
0.000979697
-0.000907866
0.0008487
-0.000862178
0.000714631
-0.000816323
0.00057775
-0.000770179
0.000438394
-0.000723455
0.000296986
-0.000676082
0.000153425
-0.000629357
-0.000589669
-0.000391562
-0.00077731
-0.000398669
-0.000838836
-0.000399993
-0.000900108
-0.000395584
-0.000961062
-0.000385487
-0.00102163
-0.000369762
-0.00108176
-0.000348464
-0.00114137
-0.000321669
-0.00120039
-0.000289452
-0.00125876
-0.000251911
-0.00131639
-0.000209147
-0.00137321
-0.000161283
-0.00142913
-0.000108446
-0.00148409
-5.07921e-05
-0.001538
1.15235e-05
-0.00159079
7.83138e-05
-0.00164236
0.000149391
-0.00169262
0.000224539
-0.00174149
0.000303543
-0.00178891
0.000386161
-0.00183482
0.000472157
-0.00187913
0.000561265
-0.00192181
0.000653228
-0.00196278
0.000747764
-0.002002
0.000844599
-0.00203941
0.000943437
-0.00207499
0.00104399
-0.00210868
0.00114597
-0.00214046
0.00124906
-0.0021703
0.00135297
-0.00219817
0.00145739
-0.00222404
0.00156202
-0.00224792
0.00166656
-0.00226977
0.00177073
-0.0022896
0.00187425
-0.0023074
0.00197682
-0.00232318
0.00207819
-0.00233694
0.00217807
-0.00234869
0.00227619
-0.00235843
0.00237228
-0.00236619
0.0024661
-0.00237198
0.00255739
-0.00237581
0.00264591
-0.00237771
0.00273143
-0.00237769
0.00281373
-0.00237579
0.00289258
-0.00237202
0.00296779
-0.00236642
0.00303915
-0.002359
0.00310647
-0.00234981
0.00316958
-0.00233888
0.0032283
-0.00232622
0.00328248
-0.00231188
0.00333196
-0.00229589
0.0033766
-0.00227828
0.00341627
-0.00225909
0.00345085
-0.00223836
0.00348023
-0.00221612
0.00350431
-0.00219241
0.003523
-0.00216726
0.00353621
-0.00214072
0.00354388
-0.00211283
0.00354596
-0.00208362
0.00354238
-0.00205314
0.00353312
-0.00202143
0.00351816
-0.00198853
0.00349747
-0.00195448
0.00347105
-0.00191933
0.00343892
-0.00188311
0.00340108
-0.00184588
0.00335758
-0.00180767
0.00330845
-0.00176853
0.00325373
-0.0017285
0.00319351
-0.00168764
0.00312785
-0.00164597
0.00305683
-0.00160356
0.00298055
-0.00156044
0.00289911
-0.00151667
0.00281264
-0.00147228
0.00272125
-0.00142732
0.00262509
-0.00138186
0.0025243
-0.00133592
0.00241903
-0.00128957
0.00230947
-0.00124285
0.00219577
-0.00119582
0.00207814
-0.00114852
0.00195677
-0.00110101
0.00183188
-0.00105334
0.00170367
-0.00100556
0.0015724
-0.000957735
0.00143829
-0.000909905
0.00130162
-0.000862121
0.00116264
-0.000814429
0.00102164
-0.000766866
0.000878921
-0.000719458
0.000734801
-0.000672199
0.000589628
-0.000625004
0.000443846
-0.000577672
0.000297994
-0.000530225
0.000152122
-0.000483474
-0.000437547
0.00147926
-0.000762679
0.0014702
-0.000829776
0.00146664
-0.000896554
0.00146853
-0.00096295
0.00147579
-0.0010289
0.00148836
-0.00109433
0.00150616
-0.00115917
0.00152909
-0.00122333
0.00155706
-0.00128673
0.00158994
-0.00134928
0.00162761
-0.00141088
0.00166992
-0.00147144
0.00171669
-0.00153087
0.00176775
-0.00158906
0.00182289
-0.00164592
0.00188188
-0.00170136
0.00194454
-0.00175528
0.00201062
-0.00180758
0.0020799
-0.00185819
0.00215211
-0.00190703
0.00222701
-0.00195403
0.0023043
-0.0019991
0.00238372
-0.0020422
0.00246497
-0.00208325
0.00254778
-0.00212222
0.00263183
-0.00215905
0.00271686
-0.00219371
0.00280255
-0.00222615
0.00288861
-0.00225636
0.00297474
-0.0022843
0.00306065
-0.00230996
0.00314606
-0.00233332
0.00323067
-0.00235438
0.00331421
-0.00237314
0.00339639
-0.00238959
0.00347694
-0.00240373
0.00355559
-0.00241559
0.00363207
-0.00242517
0.00370613
-0.00243249
0.0037775
-0.00243757
0.00384596
-0.00244043
0.00391125
-0.0024411
0.00397315
-0.00243961
0.00403144
-0.00243598
0.00408591
-0.00243026
0.00413636
-0.00242247
0.0041826
-0.00241266
0.00422445
-0.00240085
0.00426174
-0.00238711
0.00429432
-0.00237146
0.00432205
-0.00235394
0.00434478
-0.00233462
0.00436241
-0.00231352
0.00437482
-0.00229069
0.00438192
-0.00226619
0.00438361
-0.00224006
0.00437985
-0.00221235
0.00437055
-0.00218311
0.00435568
-0.00215239
0.0043352
-0.00212025
0.0043091
-0.00208672
0.00427735
-0.00205188
0.00423997
-0.00201576
0.00419697
-0.00197843
0.00414837
-0.00193994
0.00409422
-0.00190033
0.00403457
-0.00185968
0.00396948
-0.00181803
0.00389904
-0.00177543
0.00382332
-0.00173195
0.00374244
-0.00168764
0.00365649
-0.00164256
0.00356561
-0.00159676
0.00346993
-0.0015503
0.00336961
-0.00150323
0.00326478
-0.00145562
0.00315564
-0.00140752
0.00304235
-0.00135899
0.0029251
-0.00131008
0.0028041
-0.00126086
0.00267957
-0.00121138
0.00255171
-0.00116171
0.00242078
-0.00111191
0.002287
-0.00106204
0.00215064
-0.00101216
0.00201196
-0.000962331
0.00187125
-0.000912625
0.00172879
-0.000863104
0.00158489
-0.000813832
0.00143986
-0.000764872
0.00129403
-0.000716286
0.00114773
-0.000668132
0.00100133
-0.000620463
0.000855193
-0.000573318
0.000709707
-0.000526711
0.000565294
-0.000480589
0.000422457
-0.000434832
0.000281724
-0.000389489
0.000142956
-0.000344694
-0.000294591
0.0034624
-0.000750961
0.00345544
-0.000822819
0.00345322
-0.000894332
0.00345568
-0.000965414
0.00346277
-0.00103598
0.00347438
-0.00110595
0.00349044
-0.00117522
0.0035108
-0.0012437
0.00353536
-0.00131128
0.00356394
-0.00137786
0.00359639
-0.00144333
0.00363252
-0.00150757
0.00367213
-0.00157048
0.003715
-0.00163194
0.00376093
-0.00169185
0.00380966
-0.0017501
0.00386097
-0.00180658
0.00391459
-0.00186121
0.00397028
-0.00191388
0.00402777
-0.00196453
0.0040868
-0.00201305
0.0041471
-0.0020594
0.00420839
-0.00210349
0.0042704
-0.00214527
0.00433288
-0.00218469
0.00439554
-0.00222171
0.00445812
-0.00225629
0.00452036
-0.00228839
0.004582
-0.002318
0.00464279
-0.00234508
0.00470246
-0.00236963
0.00476078
-0.00239164
0.00481749
-0.0024111
0.00487235
-0.002428
0.00492513
-0.00244237
0.00497559
-0.00245419
0.0050235
-0.00246349
0.00506861
-0.00247029
0.00511072
-0.0024746
0.00514959
-0.00247644
0.00518501
-0.00247585
0.00521677
-0.00247286
0.00524467
-0.00246751
0.00526851
-0.00245982
0.00528811
-0.00244986
0.00530329
-0.00243765
0.00531389
-0.00242326
0.00531976
-0.00240672
0.00532076
-0.00238811
0.00531676
-0.00236746
0.00530766
-0.00234484
0.00529336
-0.00232031
0.00527378
-0.00229393
0.00524884
-0.00226576
0.00521852
-0.00223586
0.00518275
-0.0022043
0.00514153
-0.00217113
0.00509484
-0.00213642
0.00504269
-0.00210024
0.00498509
-0.00206266
0.0049221
-0.00202373
0.00485374
-0.00198352
0.00478009
-0.00194211
0.00470121
-0.00189955
0.0046172
-0.00185592
0.00452815
-0.00181129
0.00443419
-0.00176571
0.00433543
-0.00171927
0.00423202
-0.00167202
0.00412411
-0.00162404
0.00401186
-0.00157539
0.00389544
-0.00152614
0.00377505
-0.00147637
0.00365088
-0.00142613
0.00352314
-0.00137549
0.00339206
-0.00132453
0.00325786
-0.00127332
0.00312078
-0.00122191
0.00298108
-0.00117038
0.00283902
-0.0011188
0.00269488
-0.00106724
0.00254893
-0.00101577
0.00240148
-0.000964455
0.00225282
-0.000913378
0.00210327
-0.000862609
0.00195316
-0.000812222
0.00180283
-0.000762292
0.00165262
-0.000712895
0.0015029
-0.000664106
0.00135403
-0.000616002
0.0012064
-0.000568656
0.00106041
-0.000522138
0.000916464
-0.000476515
0.000774986
-0.00043184
0.000636423
-0.000388145
0.000501249
-0.000345413
0.000370016
-0.000303597
0.000243288
-0.000262759
0.000121099
-0.000222495
-0.000173491
0.0055752
-0.000745662
0.0055734
-0.000821022
0.00557508
-0.000896006
0.00558016
-0.000970499
0.00558857
-0.00104439
0.00560019
-0.00111757
0.0056149
-0.00118993
0.00563253
-0.00126134
0.00565294
-0.00133169
0.00567593
-0.00140085
0.0057013
-0.0014687
0.00572885
-0.00153512
0.00575836
-0.00159998
0.00578959
-0.00166317
0.00582231
-0.00172457
0.00585627
-0.00178406
0.00589124
-0.00184155
0.00592696
-0.00189693
0.0059632
-0.00195012
0.0059997
-0.00200103
0.00603622
-0.00204957
0.00607252
-0.0020957
0.00610837
-0.00213933
0.00614353
-0.00218044
0.00617779
-0.00221896
0.00621094
-0.00225486
0.00624276
-0.00228811
0.00627306
-0.00231869
0.00630164
-0.00234658
0.00632832
-0.00237177
0.00635293
-0.00239424
0.00637527
-0.00241399
0.0063952
-0.00243102
0.00641253
-0.00244533
0.0064271
-0.00245694
0.00643874
-0.00246583
0.00644728
-0.00247204
0.00645256
-0.00247557
0.0064544
-0.00247644
0.00645264
-0.00247468
0.0064471
-0.00247032
0.00643762
-0.00246338
0.00642404
-0.00245392
0.00640619
-0.00244197
0.00638392
-0.00242759
0.0063571
-0.00241083
0.0063256
-0.00239175
0.00628929
-0.00237042
0.00624808
-0.0023469
0.00620189
-0.00232126
0.00615063
-0.00229359
0.00609426
-0.00226395
0.00603276
-0.00223242
0.00596608
-0.00219909
0.00589425
-0.00216403
0.00581728
-0.00212732
0.00573519
-0.00208904
0.00564805
-0.00204928
0.00555591
-0.00200811
0.00545886
-0.00196561
0.00535701
-0.00192186
0.00525044
-0.00187696
0.0051393
-0.00183096
0.00502371
-0.00178397
0.00490384
-0.00173605
0.00477985
-0.00168729
0.00465191
-0.00163777
0.00452021
-0.00158757
0.00438497
-0.00153677
0.00424638
-0.00148545
0.00410468
-0.00143369
0.00396009
-0.00138156
0.00381288
-0.00132915
0.00366329
-0.00127654
0.00351158
-0.00122379
0.00335805
-0.001171
0.00320296
-0.00111823
0.00304662
-0.00106557
0.00288933
-0.00101309
0.0027314
-0.000960872
0.00257316
-0.000908995
0.00241494
-0.000857539
0.00225707
-0.000806584
0.0020999
-0.000756212
0.0019438
-0.000706505
0.00178912
-0.000657548
0.00163626
-0.000609423
0.00148558
-0.000562218
0.00133749
-0.000516015
0.00119239
-0.0004709
0.00105069
-0.000426955
0.000912813
-0.00038426
0.000779191
-0.00034289
0.000650263
-0.00030291
0.000526486
-0.000264365
0.000408342
-0.000227267
0.000296371
-0.000191625
0.000191095
-0.00015748
9.26538e-05
-0.000124044
-8.08372e-05
0.00783924
-0.000747552
0.00784284
-0.000824626
0.00784809
-0.000901248
0.00785486
-0.00097728
0.00786307
-0.00105259
0.00787254
-0.00112705
0.00788315
-0.00120053
0.00789471
-0.0012729
0.00790704
-0.00134402
0.00791996
-0.00141377
0.00793326
-0.001482
0.00794673
-0.00154859
0.00796017
-0.00161342
0.00797335
-0.00167635
0.00798606
-0.00173728
0.00799809
-0.00179609
0.00800923
-0.00185268
0.00801925
-0.00190696
0.00802797
-0.00195884
0.00803518
-0.00200823
0.00804069
-0.00205508
0.00804432
-0.00209932
0.0080459
-0.00214091
0.00804526
-0.0021798
0.00804227
-0.00221596
0.00803678
-0.00224937
0.00802868
-0.00228
0.00801783
-0.00230785
0.00800415
-0.0023329
0.00798755
-0.00235516
0.00796793
-0.00237462
0.00794523
-0.00239129
0.00791937
-0.00240516
0.00789028
-0.00241624
0.0078579
-0.00242455
0.00782214
-0.00243007
0.00778292
-0.00243282
0.00774017
-0.00243281
0.00769379
-0.00243006
0.00764367
-0.00242457
0.00758973
-0.00241637
0.00753183
-0.00240549
0.00746988
-0.00239197
0.00740375
-0.00237585
0.00733335
-0.00235719
0.00725857
-0.00233605
0.00717933
-0.0023125
0.00709554
-0.00228663
0.00700715
-0.00225851
0.00691413
-0.00222824
0.00681644
-0.0021959
0.00671409
-0.0021616
0.0066071
-0.00212543
0.00649551
-0.0020875
0.00637938
-0.0020479
0.00625878
-0.00200673
0.00613383
-0.00196409
0.00600462
-0.00192007
0.0058713
-0.00187478
0.005734
-0.00182832
0.00559291
-0.00178077
0.00544818
-0.00173223
0.00530001
-0.0016828
0.00514861
-0.00163257
0.00499418
-0.00158163
0.00483696
-0.00153007
0.00467718
-0.00147799
0.00451509
-0.00142548
0.00435095
-0.00137263
0.00418502
-0.00131952
0.00401759
-0.00126625
0.00384893
-0.00121291
0.00367935
-0.00115957
0.00350914
-0.00110632
0.00333861
-0.00105326
0.00316807
-0.00100046
0.00299786
-0.000948015
0.00282829
-0.000896001
0.00265971
-0.000844506
0.00249245
-0.000793614
0.00232687
-0.000743411
0.00216331
-0.000693982
0.00200215
-0.000645415
0.00184373
-0.000597796
0.00168844
-0.000551214
0.00153665
-0.000505759
0.00138875
-0.000461518
0.00124511
-0.000418582
0.00110614
-0.000377039
0.000972216
-0.000336976
0.000843741
-0.000298478
0.000721107
-0.000261626
0.000604715
-0.000226496
0.000494957
-0.000193152
0.000392237
-0.000161643
0.000296969
-0.000131998
0.000209598
-0.000104252
0.000130545
-7.84232e-05
6.01139e-05
-5.36035e-05
-2.07229e-05
0.0102713
-0.000752759
0.0102758
-0.000829181
0.0102796
-0.000905026
0.0102825
-0.000980151
0.0102843
-0.00105442
0.010285
-0.00112769
0.0102843
-0.00119984
0.0102821
-0.00127072
0.0102783
-0.0013402
0.0102726
-0.00140814
0.0102651
-0.00147441
0.0102554
-0.00153888
0.0102434
-0.00160142
0.0102289
-0.00166191
0.0102119
-0.00172024
0.0101921
-0.00177631
0.0101694
-0.00183002
0.0101437
-0.00188127
0.0101149
-0.00192999
0.0100828
-0.00197612
0.0100473
-0.00201959
0.0100083
-0.00206035
0.0099658
-0.00209838
0.00991963
-0.00213363
0.00986977
-0.0021661
0.00981616
-0.00219577
0.00975879
-0.00222263
0.00969764
-0.00224669
0.0096327
-0.00226796
0.00956398
-0.00228644
0.00949151
-0.00230215
0.00941531
-0.00231509
0.00933543
-0.00232528
0.00925191
-0.00233272
0.00916477
-0.00233741
0.00907405
-0.00233935
0.00897978
-0.00233855
0.00888196
-0.00233499
0.00878059
-0.00232869
0.00867566
-0.00231963
0.00856712
-0.00230783
0.00845494
-0.00229331
0.00833907
-0.00227609
0.00821944
-0.00225622
0.00809601
-0.00223376
0.00796872
-0.00220876
0.00783754
-0.00218132
0.00770243
-0.00215153
0.00756341
-0.00211949
0.00742048
-0.0020853
0.00727368
-0.0020491
0.00712307
-0.00201099
0.00696874
-0.0019711
0.00681079
-0.00192955
0.00664936
-0.00188647
0.00648459
-0.00184196
0.00631665
-0.00179615
0.00614572
-0.00174915
0.00597202
-0.00170108
0.00579574
-0.00165204
0.00561712
-0.00160215
0.00543639
-0.0015515
0.00525381
-0.00150022
0.00506964
-0.00144839
0.00488415
-0.00139613
0.0046976
-0.00134353
0.0045103
-0.00129069
0.00432253
-0.00123771
0.00413459
-0.00118469
0.00394679
-0.00113172
0.00375943
-0.00107889
0.00357283
-0.00102631
0.0033873
-0.000974045
0.00320318
-0.000922203
0.00302079
-0.000870867
0.00284045
-0.000820126
0.00266251
-0.000770066
0.00248728
-0.000720776
0.00231512
-0.000672341
0.00214635
-0.000624849
0.00198133
-0.000578386
0.00182038
-0.000533041
0.00166387
-0.000488901
0.00151213
-0.000446055
0.00136551
-0.00040459
0.00122435
-0.000364595
0.00108899
-0.000326156
0.000959761
-0.000289358
0.000837007
-0.000254284
0.000721045
-0.000221014
0.00061219
-0.000189621
0.000510739
-0.000160175
0.00041698
-0.000132735
0.000331179
-0.00010735
0.000253592
-8.40531e-05
0.000184459
-6.2864e-05
0.000124019
-4.38103e-05
7.24675e-05
-2.68686e-05
3.00945e-05
-1.12208e-05
9.37206e-06
0.0128641
-0.000751766
0.0128596
-0.000824706
0.0128515
-0.000896943
0.0128397
-0.000968354
0.0128241
-0.0010388
0.0128046
-0.00110816
0.0127811
-0.0011763
0.0127534
-0.00124308
0.0127216
-0.00130837
0.0126855
-0.00137204
0.012645
-0.00143396
0.0126001
-0.001494
0.0125508
-0.00155204
0.0124968
-0.00160798
0.0124383
-0.0016617
0.0123751
-0.0017131
0.0123072
-0.0017621
0.0122345
-0.00180861
0.0121571
-0.00185256
0.0120749
-0.0018939
0.0119878
-0.00193257
0.011896
-0.00196854
0.0117994
-0.00200179
0.0116981
-0.00203229
0.011592
-0.00206004
0.0114813
-0.00208505
0.011366
-0.00210732
0.0112462
-0.00212687
0.0111219
-0.00214372
0.0109934
-0.00215791
0.0108607
-0.00216944
0.010724
-0.00217834
0.0105833
-0.00218463
0.0104389
-0.00218831
0.0102909
-0.00218939
0.0101394
-0.00218785
0.00998453
-0.00218369
0.00982642
-0.00217689
0.00966516
-0.00216742
0.00950079
-0.00215526
0.00933338
-0.00214041
0.00916294
-0.00212287
0.0089895
-0.00210265
0.00881306
-0.00207978
0.00863363
-0.00205433
0.00845123
-0.00202636
0.00826588
-0.00199597
0.00807763
-0.00196328
0.00788654
-0.00192839
0.0076927
-0.00189146
0.00749622
-0.00185262
0.00729724
-0.00181201
0.00709593
-0.00176979
0.00689247
-0.00172609
0.00668706
-0.00168106
0.00647994
-0.00163483
0.00627134
-0.00158754
0.0060615
-0.00153932
0.00585071
-0.00149028
0.00563923
-0.00144056
0.00542734
-0.00139026
0.00521534
-0.0013395
0.00500352
-0.0012884
0.00479217
-0.00123705
0.00458162
-0.00118557
0.00437215
-0.00113407
0.00416409
-0.00108263
0.00395773
-0.00103136
0.00375341
-0.000980367
0.00355143
-0.000929736
0.0033521
-0.000879563
0.00315573
-0.00082994
0.00296264
-0.000780957
0.00277314
-0.000732703
0.00258754
-0.000685264
0.00240614
-0.000638727
0.00222926
-0.000593176
0.00205718
-0.000548697
0.00189021
-0.000505373
0.00172865
-0.000463289
0.00157279
-0.000422526
0.00142292
-0.000383169
0.00127932
-0.0003453
0.00114226
-0.000308999
0.00101202
-0.000274346
0.000888841
-0.000241417
0.000772974
-0.000210287
0.000664639
-0.000181022
0.000564044
-0.000153687
0.000471368
-0.000128337
0.000386767
-0.000105018
0.000310359
-8.37665e-05
0.000242233
-6.46064e-05
0.000182431
-4.75474e-05
0.000130963
-3.25824e-05
8.77935e-05
-1.96926e-05
5.28455e-05
-8.8604e-06
2.59909e-05
-1.08427e-08
7.32665e-06
7.45354e-06
1.66993e-05
0.0155621
-0.000730681
0.0155346
-0.000797189
0.0155006
-0.000862934
0.01546
-0.000927822
0.015413
-0.000991727
0.0153593
-0.00105453
0.0152991
-0.0011161
0.0152324
-0.00117632
0.0151591
-0.00123507
0.0150792
-0.00129221
0.0149929
-0.00134763
0.0149001
-0.0014012
0.0148009
-0.00145283
0.0146953
-0.00150239
0.0145834
-0.00154979
0.0144652
-0.00159493
0.0143409
-0.00163775
0.0142104
-0.00167815
0.014074
-0.00171609
0.0139316
-0.0017515
0.0137834
-0.00178436
0.0136294
-0.00181462
0.0134699
-0.00184228
0.013305
-0.00186733
0.0131347
-0.00188977
0.0129593
-0.00190962
0.0127789
-0.0019269
0.0125936
-0.00194164
0.0124038
-0.00195389
0.0122095
-0.00196366
0.0120111
-0.00197101
0.0118087
-0.00197595
0.0116026
-0.00197851
0.011393
-0.00197871
0.0111801
-0.00197653
0.0109643
-0.00197197
0.0107456
-0.001965
0.0105243
-0.00195557
0.0103005
-0.00194365
0.0100744
-0.00192919
0.00984616
-0.00191216
0.00961583
-0.00189254
0.00938353
-0.00187034
0.00914932
-0.00184558
0.00891332
-0.00181832
0.0086756
-0.00178865
0.0084363
-0.00175667
0.00819554
-0.00172251
0.00795348
-0.00168633
0.0077103
-0.00164829
0.00746622
-0.00160854
0.00722147
-0.00156726
0.0069763
-0.00152462
0.00673098
-0.00148077
0.00648579
-0.00143587
0.00624103
-0.00139007
0.00599701
-0.00134352
0.00575402
-0.00129633
0.00551239
-0.00124865
0.00527243
-0.00120059
0.00503445
-0.00115228
0.00479877
-0.00110382
0.00456569
-0.00105532
0.00433553
-0.0010069
0.0041086
-0.000958641
0.00388519
-0.000910659
0.00366561
-0.000863047
0.00345015
-0.0008159
0.00323909
-0.000769311
0.00303272
-0.000723368
0.00283132
-0.00067816
0.00263515
-0.000633771
0.00244448
-0.000590286
0.00225956
-0.000547785
0.00208064
-0.000506349
0.00190797
-0.000466056
0.00174178
-0.000426983
0.00158229
-0.000389208
0.00142972
-0.000352804
0.00128428
-0.000317846
0.00114616
-0.000284406
0.00101554
-0.000252553
0.000892601
-0.000222356
0.00077748
-0.000193878
0.000670312
-0.000167176
0.0005712
-0.000142305
0.000480225
-0.00011931
0.000397429
-9.82263e-05
0.000322825
-7.90811e-05
0.000256377
-6.18885e-05
0.00019801
-4.66492e-05
0.000147594
-3.33493e-05
0.000104948
-2.19589e-05
6.98323e-05
-1.24305e-05
4.19521e-05
-4.69987e-06
2.09518e-05
1.3097e-06
6.41154e-06
5.68198e-06
-2.14281e-06
8.54679e-06
-4.95249e-06
1.02739e-05
1.17475e-05
0.0182474
-0.000675135
0.0181827
-0.000732478
0.0181089
-0.000789099
0.018026
-0.000844944
0.0179341
-0.000899885
0.0178334
-0.000953807
0.0177239
-0.0010066
0.0176057
-0.00105815
0.017479
-0.00110835
0.0173439
-0.00115707
0.0172004
-0.0012042
0.0170489
-0.00124964
0.0168893
-0.00129328
0.016722
-0.00133503
0.016547
-0.00137478
0.0163645
-0.00141247
0.0161748
-0.00144802
0.015978
-0.00148135
0.0157743
-0.00151242
0.015564
-0.00154119
0.0153473
-0.00156761
0.0151243
-0.00159168
0.0148954
-0.00161337
0.0146608
-0.00163269
0.0144207
-0.00164966
0.0141753
-0.0016643
0.0139251
-0.00167664
0.0136702
-0.00168672
0.0134109
-0.00169459
0.0131475
-0.00170029
0.0128803
-0.00170386
0.0126097
-0.00170534
0.012336
-0.00170477
0.0120594
-0.00170214
0.0117803
-0.00169745
0.0114991
-0.00169068
0.0112158
-0.00168179
0.010931
-0.00167071
0.0106447
-0.00165739
0.0103573
-0.00164175
0.0100689
-0.00162375
0.00977969
-0.00160336
0.00948992
-0.00158057
0.00919974
-0.00155541
0.00890937
-0.00152795
0.00861901
-0.00149829
0.0083289
-0.00146656
0.0080393
-0.00143291
0.00775047
-0.00139751
0.00746273
-0.00136055
0.0071764
-0.0013222
0.00689179
-0.00128265
0.00660925
-0.00124208
0.00632912
-0.00120065
0.00605176
-0.00115851
0.0057775
-0.00111581
0.00550669
-0.0010727
0.00523964
-0.00102929
0.0049767
-0.000985705
0.00471816
-0.00094206
0.00446435
-0.000898461
0.00421554
-0.000855011
0.00397203
-0.000811808
0.00373408
-0.000768948
0.00350196
-0.000726522
0.00327592
-0.000684618
0.0030562
-0.000643324
0.00284302
-0.000602722
0.0026366
-0.000562893
0.00243715
-0.000523914
0.00224485
-0.000485861
0.00205989
-0.000448808
0.00188243
-0.000412825
0.00171262
-0.000377982
0.00155062
-0.000344345
0.00139654
-0.000311981
0.00125052
-0.000280953
0.00111263
-0.000251322
0.000982974
-0.000223147
0.000861612
-0.000196484
0.000748594
-0.000171386
0.000643939
-0.000147899
0.000547651
-0.000126066
0.000459694
-0.000105921
0.000380008
-8.74896e-05
0.000308493
-7.07893e-05
0.000245009
-5.58249e-05
0.000189373
-4.25891e-05
0.000141354
-3.10604e-05
0.000100669
-2.12028e-05
6.69856e-05
-1.29642e-05
3.99137e-05
-6.27649e-06
1.90126e-05
-1.05565e-06
3.7844e-06
2.79895e-06
-6.31511e-06
5.40221e-06
-1.18819e-05
6.8787e-06
-1.35589e-05
7.36117e-06
-1.20116e-05
7.00306e-06
-7.71641e-06
5.99041e-06
4.03186e-06
0.0207521
-0.000574651
0.0206402
-0.000620498
0.0205168
-0.000665768
0.0203823
-0.000710439
0.0202368
-0.000754378
0.0200805
-0.000797475
0.0199135
-0.00083963
0.0197361
-0.000880744
0.0195485
-0.000920714
0.0193508
-0.000959438
0.0191435
-0.000996815
0.0189266
-0.00103275
0.0187004
-0.00106715
0.0184653
-0.00109994
0.0182216
-0.00113102
0.0179695
-0.00116034
0.0177093
-0.00118782
0.0174413
-0.00121342
0.017166
-0.00123708
0.0168836
-0.00125878
0.0165945
-0.00127848
0.0162989
-0.00129617
0.0159974
-0.00131185
0.0156903
-0.00132553
0.0153778
-0.00133722
0.0150605
-0.00134696
0.0147386
-0.00135478
0.0144126
-0.00136073
0.0140829
-0.00136485
0.0137498
-0.0013672
0.0134138
-0.00136783
0.0130752
-0.00136676
0.0127345
-0.00136403
0.0123919
-0.00135963
0.0120481
-0.00135357
0.0117032
-0.00134579
0.0113576
-0.00133623
0.0110117
-0.00132484
0.0106659
-0.00131152
0.0103203
-0.00129621
0.00997543
-0.00127885
0.00963146
-0.00125939
0.00928876
-0.00123786
0.00894763
-0.00121429
0.00860844
-0.00118876
0.00827154
-0.00116139
0.00793732
-0.00113234
0.00760617
-0.00110176
0.00727851
-0.00106985
0.00695475
-0.00103679
0.0066353
-0.00100275
0.00632057
-0.000967926
0.00601096
-0.000932466
0.00570684
-0.000896526
0.00540857
-0.000860242
0.0051165
-0.000823742
0.00483094
-0.000787141
0.00455219
-0.000750544
0.00428054
-0.00071405
0.00401623
-0.000677753
0.00375951
-0.000641738
0.00351059
-0.00060609
0.00326967
-0.000570887
0.00303692
-0.000536207
0.00281253
-0.000502123
0.00259661
-0.000468707
0.00238932
-0.000436025
0.00219074
-0.000404146
0.00200098
-0.00037313
0.0018201
-0.000343041
0.00164818
-0.000313935
0.00148524
-0.000285869
0.00133131
-0.000258898
0.0011864
-0.000233072
0.0010505
-0.000208442
0.000923575
-0.000185054
0.000805575
-0.000162952
0.000696428
-0.000142176
0.000596044
-0.000122761
0.000504298
-0.000104739
0.000421048
-8.81345e-05
0.000346112
-7.29642e-05
0.000279284
-5.92372e-05
0.000220316
-4.69528e-05
0.000168928
-3.60995e-05
0.000124792
-2.66538e-05
8.75483e-05
-1.85797e-05
5.67876e-05
-1.18279e-05
3.20645e-05
-6.33558e-06
1.2889e-05
-2.02654e-06
-1.26223e-06
1.18896e-06
-1.09503e-05
3.41264e-06
-1.67606e-05
4.75686e-06
-1.93035e-05
5.34331e-06
-1.9198e-05
5.29954e-06
-1.7072e-05
4.75517e-06
-1.35487e-05
3.84036e-06
-9.22426e-06
2.68266e-06
-4.57955e-06
1.35875e-06
-5.46686e-07
0.0228838
-0.000425095
0.0227207
-0.000457436
0.0225444
-0.000489437
0.022355
-0.000521083
0.0221529
-0.000552232
0.0219382
-0.000582779
0.0217112
-0.000612644
0.0214722
-0.000641743
0.0212215
-0.000669994
0.0209593
-0.000697314
0.0206861
-0.000723624
0.0204022
-0.000748849
0.020108
-0.000772916
0.0198038
-0.00079576
0.0194901
-0.000817318
0.0191673
-0.000837537
0.0188359
-0.000856368
0.0184962
-0.000873771
0.0181488
-0.000889711
0.0177942
-0.000904164
0.0174329
-0.000917114
0.0170653
-0.000928553
0.0166919
-0.000938483
0.0163133
-0.000946915
0.0159299
-0.000953869
0.0155423
-0.000959373
0.015151
-0.000963463
0.0147565
-0.000966179
0.0143592
-0.000967565
0.0139596
-0.000967663
0.0135583
-0.000966513
0.0131557
-0.000964142
0.0127523
-0.000960566
0.0123484
-0.000955784
0.0119446
-0.000949772
0.0115413
-0.000942487
0.0111389
-0.000933868
0.010738
-0.000923842
0.0103388
-0.000912333
0.00994182
-0.000899276
0.0095476
-0.000884624
0.00915657
-0.000868364
0.00876923
-0.000850517
0.00838609
-0.000831146
0.00800768
-0.000810347
0.00763453
-0.000788248
0.0072672
-0.000764998
0.00690619
-0.000740756
0.00655203
-0.000715686
0.00620519
-0.000689948
0.00586613
-0.00066369
0.00553525
-0.000637051
0.00521294
-0.000610156
0.00489953
-0.000583115
0.00459531
-0.000556027
0.00430055
-0.000528981
0.00401547
-0.000502056
0.00374025
-0.000475326
0.00347506
-0.000448859
0.00322002
-0.000422717
0.00297525
-0.000396961
0.00274081
-0.000371648
0.00251675
-0.000346834
0.00230312
-0.000322572
0.00209991
-0.000298912
0.0019071
-0.000275903
0.00172467
-0.000253593
0.00155255
-0.000232025
0.00139067
-0.000211242
0.00123891
-0.000191285
0.00109717
-0.000172192
0.000965299
-0.000153999
0.000843143
-0.000136739
0.000730515
-0.000120445
0.000627217
-0.000105143
0.00053302
-9.08576e-05
0.000447681
-7.76104e-05
0.000370921
-6.54165e-05
0.000302448
-5.42862e-05
0.000241932
-4.42232e-05
0.000189023
-3.52242e-05
0.000143337
-2.72776e-05
0.000104464
-2.03631e-05
7.19625e-05
-1.44512e-05
4.53669e-05
-9.50224e-06
2.41807e-05
-5.46715e-06
7.88945e-06
-2.28677e-06
-4.04508e-06
1.07344e-07
-1.21709e-05
1.79214e-06
-1.70484e-05
2.85201e-06
-1.92348e-05
3.37753e-06
-1.92838e-05
3.46302e-06
-1.77292e-05
3.20473e-06
-1.50821e-05
2.69813e-06
-1.18149e-05
2.0356e-06
-8.36118e-06
1.30441e-06
-5.10384e-06
5.8596e-07
-2.36789e-06
-4.87019e-08
-4.33335e-07
-5.6094e-07
-9.7889e-07
0.024455
-0.000230535
0.0242452
-0.000247605
0.0240204
-0.000264633
0.0237808
-0.000281523
0.0235268
-0.000298164
0.0232585
-0.000314481
0.0229762
-0.000330422
0.0226804
-0.000345932
0.0223714
-0.000360959
0.0220495
-0.000375453
0.0217153
-0.000389368
0.0213691
-0.000402656
0.0210114
-0.000415277
0.0206429
-0.000427192
0.0202639
-0.000438366
0.0198751
-0.000448767
0.0194771
-0.00045837
0.0190705
-0.000467151
0.0186559
-0.000475094
0.0182339
-0.000482186
0.0178052
-0.000488422
0.0173705
-0.000493798
0.0169303
-0.000498321
0.0164854
-0.000502
0.0160364
-0.000504853
0.0155839
-0.000506899
0.0151286
-0.000508166
0.0146711
-0.000508684
0.014212
-0.000508484
0.013752
-0.000507598
0.0132915
-0.000506053
0.0128313
-0.00050387
0.0123717
-0.000501056
0.0119136
-0.000497605
0.0114573
-0.000493496
0.0110035
-0.000488687
0.0105527
-0.000483128
0.0101057
-0.000476758
0.00966285
-0.000469523
0.00922496
-0.000461379
0.00879264
-0.000452305
0.00836658
-0.000442306
0.00794748
-0.000431416
0.00753603
-0.000419699
0.00713293
-0.000407239
0.00673881
-0.000394135
0.00635431
-0.000380492
0.00597997
-0.000366418
0.0056163
-0.000352014
0.00526372
-0.000337375
0.00492262
-0.000322583
0.00459327
-0.000307713
0.00427595
-0.000292827
0.00397081
-0.000277981
0.00367801
-0.000263223
0.00339762
-0.000248596
0.00312971
-0.000234139
0.00287427
-0.000219887
0.00263129
-0.000205875
0.0024007
-0.000192135
0.00218244
-0.000178697
0.00197638
-0.000165591
0.0017824
-0.000152846
0.00160031
-0.000140488
0.00142995
-0.000128545
0.00127108
-0.000117039
0.00112349
-0.000105996
0.0009869
-9.54361e-05
0.000861041
-8.538e-05
0.000745601
-7.58462e-05
0.000640263
-6.68516e-05
0.000544675
-5.84111e-05
0.000458475
-5.05375e-05
0.000381271
-4.32411e-05
0.000312659
-3.65295e-05
0.000252209
-3.04071e-05
0.000199475
-2.48746e-05
0.000153987
-1.99288e-05
0.000115264
-1.55619e-05
8.28025e-05
-1.17614e-05
5.60897e-05
-8.50961e-06
3.45957e-05
-5.78349e-06
1.77891e-05
-3.55469e-06
5.12802e-06
-1.78967e-06
-3.92246e-06
-4.49884e-07
-9.89645e-06
5.07511e-07
-1.33105e-05
1.12927e-06
-1.4667e-05
1.46497e-06
-1.44386e-05
1.56596e-06
-1.30693e-05
1.48415e-06
-1.096e-05
1.27065e-06
-8.46932e-06
9.74261e-07
-5.90212e-06
6.40369e-07
-3.51115e-06
3.09486e-07
-1.48832e-06
1.63814e-08
3.00077e-08
-2.10596e-07
9.68555e-07
-3.49353e-07
1.30912e-06
-3.8434e-07
1.06095e-06
-2.9709e-07
8.3189e-08
0.0252965
0.0250489
0.0247843
0.0245028
0.0242046
0.0238901
0.0235597
0.0232138
0.0228528
0.0224773
0.022088
0.0216853
0.02127
0.0208428
0.0204045
0.0199557
0.0194974
0.0190302
0.0185551
0.0180729
0.0175845
0.0170907
0.0165924
0.0160904
0.0155855
0.0150786
0.0145705
0.0140618
0.0135533
0.0130457
0.0125396
0.0120358
0.0115347
0.0110371
0.0105436
0.0100549
0.0095718
0.00909504
0.00862552
0.00816414
0.00771183
0.00726953
0.00683811
0.00641841
0.00601117
0.00561704
0.00523655
0.00487013
0.00451812
0.00418074
0.00385816
0.00355044
0.00325762
0.00297963
0.00271641
0.00246781
0.00223368
0.00201379
0.00180792
0.00161578
0.00143709
0.00127149
0.00111865
0.000978161
0.000849619
0.000732578
0.000626586
0.000531148
0.000445771
0.000369924
0.000303075
0.000244663
0.000194128
0.000150886
0.000114359
8.39515e-05
5.90795e-05
3.91501e-05
2.35907e-05
1.1829e-05
3.32185e-06
-2.46166e-06
-6.01383e-06
-7.80321e-06
-8.25057e-06
-7.74246e-06
-6.61053e-06
-5.1446e-06
-3.57587e-06
-2.09046e-06
-8.17107e-07
1.58769e-07
8.01941e-07
1.11346e-06
1.1334e-06
9.25818e-07
5.79343e-07
1.9923e-07
-8.3189e-08
)
;

boundaryField
{
    jetInlet
    {
        type            calculated;
        value           nonuniform List<scalar> 
15
(
-0.0266667
-0.0266667
-0.0266667
-0.0266667
-0.0266667
-0.0266667
-0.0266667
-0.0266667
-0.0266667
-0.0266667
-0.0266667
-0.0266667
-0.0266667
-0.0266667
-0.0266667
)
;
    }
    returnOutlet
    {
        type            calculated;
        value           nonuniform List<scalar> 
35
(
0.0123251
0.011798
0.0111178
0.0103278
0.00941514
0.00838062
0.00723344
0.00598857
0.0046645
0.00328074
0.00185091
0.000359204
-0.000949149
-0.00209926
-0.00408779
-0.0152042
-0.0108413
-0.0106986
-0.00991553
-0.00952372
-0.00901399
-0.00843445
-0.00758799
-0.00639592
-0.00461516
-0.00177605
0.00446895
0.0137378
0.0258257
0.0406037
0.0535181
0.0629713
0.0686955
0.0716551
0.0729257
)
;
    }
    flatBed
    {
        type            calculated;
        value           uniform 0;
    }
    slope
    {
        type            calculated;
        value           uniform 0;
    }
    top
    {
        type            symmetryPlane;
        value           uniform 0;
    }
    frontAndBack
    {
        type            empty;
        value           nonuniform List<scalar> 0();
    }
    defaultFaces
    {
        type            empty;
        value           nonuniform List<scalar> 0();
    }
}


// ************************************************************************* //
