/*--------------------------------*- C++ -*----------------------------------*\
| =========                 |                                                 |
| \\      /  F ield         | OpenFOAM: The Open Source CFD Toolbox           |
|  \\    /   O peration     | Version:  2206                                  |
|   \\  /    A nd           | Website:  www.openfoam.com                      |
|    \\/     M anipulation  |                                                 |
\*---------------------------------------------------------------------------*/
FoamFile
{
    version     2.0;
    format      ascii;
    arch        "LSB;label=32;scalar=64";
    class       volScalarField;
    location    "8688";
    object      k;
}
// * * * * * * * * * * * * * * * * * * * * * * * * * * * * * * * * * * * * * //

dimensions      [0 2 -2 0 0 0 0];

internalField   nonuniform List<scalar> 
25600
(
0.122732
0.122688
0.122744
0.122818
0.122901
0.122991
0.123086
0.123188
0.123295
0.123409
0.123529
0.123656
0.123789
0.123929
0.124075
0.124228
0.124387
0.124553
0.124726
0.124905
0.125091
0.125283
0.125482
0.125688
0.1259
0.126119
0.126345
0.126577
0.126816
0.127062
0.127314
0.127573
0.127838
0.12811
0.128388
0.128673
0.128965
0.129263
0.129568
0.129879
0.130197
0.130521
0.130852
0.131189
0.131533
0.131883
0.13224
0.132603
0.132972
0.133347
0.133729
0.134117
0.134512
0.134912
0.135319
0.135732
0.136151
0.136575
0.137006
0.137443
0.137886
0.138335
0.13879
0.13925
0.139716
0.140188
0.140665
0.141148
0.141636
0.14213
0.142629
0.143133
0.143643
0.144158
0.144677
0.145202
0.145732
0.146266
0.146805
0.147349
0.147897
0.148449
0.149006
0.149567
0.150132
0.1507
0.151273
0.151849
0.152429
0.153012
0.153598
0.154187
0.154779
0.155374
0.155971
0.156571
0.157172
0.157776
0.158381
0.158988
0.159595
0.160204
0.160814
0.161424
0.162034
0.162644
0.163254
0.163863
0.164471
0.165078
0.165683
0.166285
0.166886
0.167483
0.168077
0.168667
0.169254
0.169835
0.170411
0.170982
0.171547
0.172104
0.172655
0.173197
0.173732
0.174257
0.174772
0.175277
0.175771
0.176253
0.176723
0.177179
0.177622
0.178049
0.178462
0.178858
0.179237
0.179599
0.179942
0.180265
0.180569
0.180852
0.181113
0.181352
0.181569
0.181762
0.181931
0.182076
0.182197
0.182292
0.182362
0.182407
0.182426
0.182421
0.182391
0.182336
0.182258
0.182158
0.182036
0.181897
0.181791
0.181731
0.181707
0.181715
0.181751
0.181812
0.181898
0.182009
0.182146
0.182311
0.182505
0.182733
0.182994
0.183293
0.183632
0.184012
0.184435
0.184901
0.185412
0.185967
0.186565
0.187205
0.187883
0.188598
0.189346
0.190125
0.190931
0.191762
0.192616
0.193493
0.194394
0.195323
0.196285
0.197289
0.198345
0.199466
0.20067
0.201973
0.203396
0.20496
0.206685
0.208592
0.210699
0.213021
0.215569
0.218352
0.221368
0.224614
0.22808
0.231748
0.235596
0.239597
0.243721
0.247933
0.252196
0.256473
0.260723
0.264909
0.268992
0.272934
0.276701
0.280257
0.283569
0.286606
0.289337
0.291732
0.293762
0.295397
0.296605
0.29735
0.297594
0.297287
0.296364
0.294736
0.292262
0.288708
0.283659
0.276362
0.265644
0.251071
0.25812
0.258128
0.258155
0.258198
0.258257
0.258329
0.258416
0.258515
0.258628
0.258755
0.258894
0.259047
0.259212
0.259391
0.259583
0.259789
0.260007
0.260239
0.260484
0.260742
0.261014
0.261298
0.261596
0.261907
0.262232
0.262569
0.26292
0.263284
0.263661
0.264051
0.264454
0.264871
0.2653
0.265743
0.266198
0.266666
0.267148
0.267642
0.268149
0.268669
0.269202
0.269747
0.270305
0.270876
0.271459
0.272055
0.272664
0.273284
0.273917
0.274562
0.27522
0.275889
0.276571
0.277264
0.27797
0.278687
0.279416
0.280156
0.280908
0.281671
0.282446
0.283232
0.284029
0.284837
0.285655
0.286485
0.287325
0.288175
0.289036
0.289907
0.290788
0.291679
0.292579
0.293489
0.294409
0.295337
0.296275
0.297221
0.298177
0.29914
0.300112
0.301091
0.302079
0.303074
0.304076
0.305086
0.306102
0.307124
0.308153
0.309188
0.310228
0.311274
0.312325
0.31338
0.31444
0.315504
0.316571
0.317642
0.318715
0.319791
0.320869
0.321948
0.323028
0.324109
0.32519
0.32627
0.327349
0.328427
0.329503
0.330576
0.331646
0.332712
0.333773
0.334829
0.335879
0.336922
0.337958
0.338985
0.340004
0.341013
0.342011
0.342998
0.343972
0.344934
0.345881
0.346814
0.34773
0.34863
0.349513
0.350377
0.351221
0.352045
0.352849
0.35363
0.354388
0.355123
0.355834
0.356521
0.357182
0.357817
0.358427
0.359011
0.359568
0.3601
0.360606
0.361087
0.361544
0.361979
0.362391
0.362784
0.363159
0.363518
0.363865
0.364203
0.364536
0.364869
0.365205
0.365552
0.365915
0.366306
0.366738
0.367211
0.367735
0.368319
0.368971
0.369702
0.37052
0.371434
0.372453
0.373586
0.37484
0.376221
0.377737
0.37939
0.381184
0.38312
0.385198
0.387413
0.389762
0.392236
0.394828
0.397527
0.40032
0.403195
0.40614
0.409141
0.412188
0.415272
0.418386
0.421528
0.4247
0.427908
0.431164
0.434485
0.437894
0.44142
0.445093
0.448949
0.453025
0.45736
0.46199
0.466951
0.472271
0.477974
0.484078
0.490589
0.497508
0.504822
0.512511
0.520544
0.528882
0.537478
0.546276
0.555218
0.564239
0.573271
0.582247
0.591097
0.599752
0.608145
0.616212
0.623888
0.631115
0.637835
0.643993
0.649536
0.654412
0.658568
0.661951
0.664501
0.66615
0.66682
0.666408
0.66478
0.661753
0.657065
0.650336
0.640969
0.627961
0.60935
0.320696
0.320708
0.320739
0.320787
0.320852
0.320934
0.321034
0.321151
0.321284
0.321434
0.3216
0.321783
0.321983
0.322199
0.322432
0.322681
0.322946
0.323229
0.323527
0.323843
0.324175
0.324523
0.324888
0.325269
0.325667
0.326081
0.326512
0.326959
0.327422
0.327902
0.328399
0.328911
0.32944
0.329985
0.330546
0.331124
0.331717
0.332327
0.332952
0.333594
0.334251
0.334925
0.335614
0.336318
0.337039
0.337775
0.338526
0.339293
0.340075
0.340872
0.341685
0.342512
0.343355
0.344212
0.345084
0.345971
0.346872
0.347788
0.348718
0.349662
0.35062
0.351592
0.352578
0.353577
0.35459
0.355616
0.356655
0.357708
0.358773
0.35985
0.36094
0.362042
0.363157
0.364283
0.365421
0.36657
0.36773
0.368901
0.370083
0.371276
0.372478
0.373691
0.374913
0.376145
0.377385
0.378634
0.379892
0.381158
0.382432
0.383713
0.385001
0.386295
0.387596
0.388903
0.390215
0.391532
0.392854
0.39418
0.39551
0.396842
0.398177
0.399515
0.400853
0.402193
0.403533
0.404873
0.406212
0.407549
0.408884
0.410216
0.411545
0.412869
0.414188
0.415502
0.416808
0.418108
0.419399
0.420681
0.421952
0.423214
0.424463
0.4257
0.426923
0.428132
0.429325
0.430502
0.431663
0.432805
0.433929
0.435033
0.436116
0.437179
0.43822
0.439239
0.440235
0.441208
0.442157
0.443084
0.443987
0.444867
0.445724
0.446559
0.447373
0.448168
0.448944
0.449704
0.45045
0.451186
0.451913
0.452636
0.453359
0.454088
0.454826
0.455582
0.456361
0.457172
0.458023
0.458923
0.459885
0.46092
0.462043
0.463263
0.464593
0.466044
0.467631
0.469364
0.471256
0.473316
0.475556
0.477983
0.480604
0.483426
0.48645
0.489678
0.493108
0.496735
0.50055
0.504545
0.508704
0.513013
0.517454
0.522006
0.526648
0.531361
0.536124
0.540917
0.545724
0.550534
0.555336
0.56013
0.564917
0.569707
0.574517
0.579368
0.584289
0.589314
0.594481
0.599831
0.605407
0.611249
0.617398
0.623887
0.630747
0.637999
0.645656
0.653724
0.662196
0.671056
0.680279
0.689831
0.69967
0.709745
0.72
0.730375
0.740803
0.75122
0.761555
0.77174
0.781706
0.791387
0.800717
0.809632
0.818073
0.82598
0.833298
0.83997
0.845945
0.851168
0.855584
0.859136
0.861764
0.8634
0.863968
0.863384
0.861554
0.858374
0.853733
0.847515
0.839595
0.829789
0.361916
0.361929
0.361962
0.362015
0.362087
0.362179
0.36229
0.36242
0.362569
0.362737
0.362924
0.36313
0.363356
0.3636
0.363862
0.364144
0.364445
0.364765
0.365103
0.36546
0.365837
0.366232
0.366645
0.367078
0.367529
0.368
0.368488
0.368996
0.369522
0.370067
0.370631
0.371213
0.371813
0.372433
0.37307
0.373726
0.3744
0.375093
0.375803
0.376532
0.377279
0.378044
0.378827
0.379628
0.380446
0.381283
0.382136
0.383008
0.383896
0.384802
0.385726
0.386666
0.387623
0.388597
0.389588
0.390596
0.39162
0.39266
0.393717
0.39479
0.395878
0.396983
0.398103
0.399238
0.400389
0.401555
0.402735
0.403931
0.405141
0.406365
0.407603
0.408855
0.410121
0.411401
0.412693
0.413999
0.415317
0.416648
0.41799
0.419345
0.420711
0.422089
0.423477
0.424876
0.426286
0.427705
0.429134
0.430572
0.43202
0.433475
0.434939
0.43641
0.437889
0.439374
0.440866
0.442363
0.443866
0.445374
0.446886
0.448402
0.449921
0.451443
0.452966
0.454492
0.456018
0.457544
0.459069
0.460594
0.462116
0.463636
0.465153
0.466665
0.468172
0.469674
0.47117
0.472658
0.474138
0.475609
0.47707
0.47852
0.479959
0.481386
0.482799
0.484199
0.485584
0.486953
0.488306
0.489642
0.490961
0.492261
0.493543
0.494805
0.496049
0.497272
0.498477
0.499662
0.500828
0.501976
0.503106
0.504219
0.505318
0.506402
0.507476
0.50854
0.509598
0.510654
0.511711
0.512774
0.513847
0.514937
0.516051
0.517194
0.518376
0.519605
0.52089
0.522243
0.523674
0.525198
0.526826
0.528576
0.530463
0.532501
0.534705
0.53709
0.539669
0.542455
0.545461
0.548697
0.552173
0.555896
0.55987
0.564097
0.568577
0.573304
0.578272
0.583468
0.588877
0.594482
0.600261
0.606191
0.612244
0.618395
0.624615
0.630878
0.637159
0.643435
0.649689
0.655907
0.662083
0.668216
0.674313
0.68039
0.686468
0.692574
0.698745
0.70502
0.711439
0.718049
0.724892
0.73201
0.73944
0.747215
0.755357
0.763885
0.772804
0.782112
0.791797
0.801838
0.812203
0.822855
0.833748
0.84483
0.856044
0.867329
0.878622
0.889858
0.90097
0.911893
0.922561
0.932911
0.94288
0.952408
0.961438
0.969914
0.977783
0.984992
0.991492
0.997235
1.00217
1.00626
1.00945
1.01169
1.01295
1.01318
1.01236
1.01046
1.00748
1.00345
0.998403
0.99235
0.393368
0.393382
0.393419
0.393476
0.393555
0.393654
0.393775
0.393917
0.39408
0.394264
0.394469
0.394695
0.394942
0.39521
0.395499
0.395808
0.396138
0.39649
0.396862
0.397254
0.397668
0.398102
0.398557
0.399033
0.399529
0.400046
0.400584
0.401142
0.401721
0.40232
0.40294
0.40358
0.404241
0.404922
0.405623
0.406345
0.407086
0.407848
0.408629
0.409431
0.410252
0.411094
0.411955
0.412835
0.413735
0.414655
0.415594
0.416552
0.417529
0.418525
0.41954
0.420574
0.421627
0.422698
0.423787
0.424895
0.426021
0.427164
0.428326
0.429505
0.430702
0.431916
0.433147
0.434395
0.43566
0.436941
0.438239
0.439552
0.440882
0.442228
0.443589
0.444965
0.446356
0.447762
0.449183
0.450617
0.452066
0.453528
0.455004
0.456493
0.457994
0.459508
0.461034
0.462572
0.464121
0.465682
0.467253
0.468834
0.470425
0.472025
0.473635
0.475253
0.476879
0.478513
0.480154
0.481802
0.483456
0.485116
0.48678
0.48845
0.490123
0.491799
0.493479
0.49516
0.496843
0.498527
0.500211
0.501895
0.503577
0.505257
0.506935
0.50861
0.51028
0.511945
0.513605
0.515258
0.516905
0.518543
0.520172
0.521793
0.523402
0.525002
0.526589
0.528164
0.529727
0.531276
0.532811
0.534332
0.535838
0.53733
0.538807
0.540268
0.541716
0.543148
0.544568
0.545974
0.547368
0.548752
0.550127
0.551495
0.552859
0.554221
0.555585
0.556954
0.558333
0.559727
0.561141
0.562582
0.564057
0.565573
0.567139
0.568765
0.570461
0.572237
0.574106
0.576082
0.578177
0.580408
0.58279
0.585341
0.58808
0.591022
0.594185
0.597583
0.601231
0.605143
0.609329
0.6138
0.618563
0.623622
0.628978
0.634629
0.640569
0.646787
0.653269
0.659997
0.666947
0.674095
0.68141
0.688862
0.696416
0.704041
0.711702
0.719369
0.727015
0.734617
0.742157
0.749626
0.757021
0.764347
0.771619
0.77886
0.786098
0.793371
0.800719
0.808188
0.815823
0.82367
0.831772
0.840168
0.848891
0.857964
0.867406
0.877222
0.887409
0.897957
0.908843
0.920038
0.931502
0.943193
0.955059
0.967044
0.979092
0.991139
1.00312
1.01498
1.02665
1.03807
1.04917
1.0599
1.0702
1.08001
1.08929
1.09797
1.10602
1.11338
1.12002
1.12589
1.13096
1.13519
1.13855
1.14101
1.14256
1.14318
1.14286
1.14163
1.13949
1.1365
1.13269
1.12808
0.41905
0.419064
0.419103
0.419165
0.41925
0.419357
0.419487
0.41964
0.419816
0.420014
0.420236
0.420479
0.420746
0.421035
0.421347
0.421681
0.422038
0.422418
0.42282
0.423245
0.423692
0.424161
0.424653
0.425168
0.425704
0.426264
0.426845
0.427449
0.428075
0.428723
0.429393
0.430085
0.4308
0.431536
0.432294
0.433074
0.433876
0.4347
0.435545
0.436411
0.4373
0.438209
0.43914
0.440092
0.441065
0.442059
0.443073
0.444109
0.445165
0.446242
0.447339
0.448456
0.449594
0.450751
0.451928
0.453125
0.454342
0.455577
0.456832
0.458106
0.459399
0.460711
0.462041
0.463389
0.464755
0.466139
0.467541
0.468961
0.470397
0.47185
0.473321
0.474807
0.47631
0.477829
0.479363
0.480913
0.482478
0.484058
0.485652
0.48726
0.488882
0.490518
0.492167
0.493829
0.495503
0.497189
0.498887
0.500596
0.502316
0.504046
0.505787
0.507537
0.509296
0.511063
0.512839
0.514622
0.516413
0.51821
0.520013
0.521821
0.523635
0.525453
0.527274
0.529099
0.530926
0.532755
0.534585
0.536416
0.538247
0.540077
0.541906
0.543732
0.545556
0.547377
0.549193
0.551005
0.552811
0.554611
0.556404
0.55819
0.559969
0.561739
0.5635
0.565252
0.566994
0.568727
0.57045
0.572163
0.573866
0.575559
0.577244
0.578919
0.580587
0.582247
0.583902
0.585554
0.587203
0.588852
0.590504
0.592162
0.593829
0.59551
0.597209
0.598932
0.600684
0.602472
0.604304
0.606187
0.60813
0.610143
0.612238
0.614425
0.616717
0.619128
0.621672
0.624363
0.627219
0.630257
0.633494
0.636949
0.640641
0.644592
0.648817
0.653333
0.658153
0.663291
0.668757
0.674558
0.680699
0.687181
0.694
0.701148
0.708614
0.716381
0.724427
0.732725
0.741244
0.749951
0.758808
0.767776
0.776814
0.785885
0.79495
0.803976
0.812936
0.821807
0.830576
0.83924
0.847803
0.856279
0.864694
0.873079
0.881475
0.889926
0.898482
0.907192
0.916106
0.925268
0.934718
0.94449
0.954607
0.965084
0.975926
0.987126
0.998669
1.01053
1.02268
1.03506
1.04765
1.06037
1.07319
1.08603
1.09883
1.11154
1.12409
1.13642
1.14847
1.16018
1.17149
1.18235
1.1927
1.20251
1.21172
1.22029
1.22818
1.23535
1.24176
1.2474
1.25222
1.25621
1.25935
1.26163
1.26303
1.26355
1.26322
1.26204
1.26004
1.25725
1.2537
1.24941
0.440794
0.44081
0.440852
0.440918
0.441008
0.441123
0.441262
0.441425
0.441613
0.441825
0.442062
0.442322
0.442607
0.442917
0.44325
0.443608
0.44399
0.444396
0.444826
0.44528
0.445759
0.446261
0.446788
0.447338
0.447913
0.448511
0.449134
0.44978
0.45045
0.451143
0.45186
0.452601
0.453366
0.454154
0.454965
0.455799
0.456657
0.457538
0.458443
0.45937
0.46032
0.461293
0.462288
0.463306
0.464347
0.46541
0.466496
0.467603
0.468733
0.469884
0.471057
0.472252
0.473468
0.474706
0.475964
0.477244
0.478545
0.479866
0.481207
0.482569
0.483951
0.485353
0.486775
0.488216
0.489677
0.491156
0.492655
0.494172
0.495707
0.497261
0.498832
0.500421
0.502027
0.503651
0.505291
0.506948
0.508621
0.510309
0.512014
0.513733
0.515468
0.517217
0.51898
0.520757
0.522548
0.524352
0.526168
0.527997
0.529837
0.531689
0.533552
0.535426
0.53731
0.539203
0.541106
0.543017
0.544936
0.546864
0.548798
0.550739
0.552686
0.554639
0.556596
0.558558
0.560524
0.562493
0.564465
0.566439
0.568415
0.570391
0.572368
0.574344
0.57632
0.578295
0.580267
0.582237
0.584205
0.586169
0.588129
0.590085
0.592037
0.593984
0.595926
0.597864
0.599796
0.601724
0.603648
0.605567
0.607483
0.609396
0.611307
0.613218
0.61513
0.617044
0.618964
0.620891
0.622828
0.624779
0.626747
0.628736
0.630752
0.6328
0.634886
0.637018
0.639201
0.641446
0.64376
0.646155
0.648641
0.65123
0.653936
0.65677
0.65975
0.662889
0.666206
0.669716
0.673439
0.677393
0.681598
0.686073
0.690839
0.695919
0.701332
0.707092
0.713215
0.71971
0.726587
0.733852
0.741504
0.749541
0.757955
0.766731
0.775851
0.78529
0.795017
0.804997
0.81519
0.825553
0.836039
0.8466
0.85719
0.867763
0.878278
0.888701
0.899004
0.909169
0.91919
0.92907
0.938826
0.948485
0.958085
0.96767
0.977292
0.987009
0.996875
1.00694
1.01727
1.02789
1.03884
1.05014
1.06181
1.07383
1.08621
1.09892
1.11193
1.12518
1.13865
1.15226
1.16597
1.17971
1.19342
1.20703
1.22048
1.23371
1.24665
1.25926
1.27146
1.28321
1.29446
1.30516
1.31527
1.32475
1.33356
1.34166
1.34903
1.35564
1.36146
1.36647
1.37066
1.37402
1.37653
1.37819
1.379
1.37898
1.37813
1.37647
1.37403
1.37083
1.36689
1.36221
0.459609
0.459626
0.45967
0.45974
0.459836
0.459957
0.460105
0.460279
0.460478
0.460703
0.460954
0.461231
0.461534
0.461862
0.462217
0.462597
0.463002
0.463434
0.463891
0.464374
0.464882
0.465416
0.465976
0.466561
0.467171
0.467807
0.468468
0.469155
0.469867
0.470604
0.471366
0.472153
0.472965
0.473802
0.474664
0.47555
0.476462
0.477398
0.478358
0.479343
0.480352
0.481385
0.482442
0.483523
0.484629
0.485757
0.48691
0.488086
0.489285
0.490507
0.491753
0.493021
0.494312
0.495626
0.496962
0.498321
0.499701
0.501103
0.502527
0.503973
0.50544
0.506928
0.508436
0.509966
0.511516
0.513086
0.514676
0.516286
0.517916
0.519564
0.521232
0.522918
0.524623
0.526346
0.528087
0.529846
0.531621
0.533414
0.535223
0.537049
0.538891
0.540748
0.54262
0.544508
0.54641
0.548326
0.550256
0.5522
0.554156
0.556125
0.558106
0.560099
0.562103
0.564118
0.566143
0.568179
0.570224
0.572277
0.57434
0.57641
0.578488
0.580573
0.582664
0.584762
0.586865
0.588973
0.591085
0.593202
0.595322
0.597445
0.599571
0.601699
0.603829
0.605961
0.608093
0.610227
0.61236
0.614494
0.616628
0.618762
0.620896
0.623031
0.625165
0.6273
0.629436
0.631574
0.633714
0.635858
0.638006
0.64016
0.642321
0.644493
0.646676
0.648874
0.651089
0.653325
0.655587
0.657878
0.660203
0.662569
0.664981
0.667447
0.669974
0.672571
0.675247
0.678013
0.680879
0.683859
0.686964
0.69021
0.693611
0.697184
0.700946
0.704914
0.709107
0.713546
0.71825
0.72324
0.728536
0.734161
0.740136
0.746486
0.753232
0.760388
0.767969
0.775984
0.784442
0.793343
0.802686
0.812462
0.822658
0.833252
0.844218
0.855522
0.867123
0.878975
0.891028
0.903227
0.915513
0.92783
0.940122
0.952337
0.964429
0.976363
0.988114
0.999668
1.01103
1.02221
1.03325
1.04418
1.05507
1.06597
1.07695
1.08808
1.09941
1.11102
1.12294
1.13522
1.14786
1.16089
1.17429
1.18804
1.20211
1.21645
1.231
1.24572
1.26053
1.27535
1.29013
1.3048
1.31927
1.33349
1.34739
1.3609
1.37398
1.38657
1.39862
1.41009
1.42093
1.43111
1.4406
1.44936
1.45738
1.46461
1.47106
1.4767
1.48151
1.4855
1.48864
1.49095
1.49241
1.49304
1.49284
1.49182
1.49001
1.48741
1.48404
1.47993
1.4751
1.46952
0.47611
0.476128
0.476175
0.476249
0.47635
0.476479
0.476635
0.476818
0.477029
0.477267
0.477532
0.477825
0.478145
0.478492
0.478866
0.479268
0.479697
0.480153
0.480636
0.481147
0.481684
0.482249
0.48284
0.483459
0.484104
0.484776
0.485475
0.4862
0.486953
0.487732
0.488537
0.489369
0.490227
0.491112
0.492022
0.492959
0.493922
0.494911
0.495926
0.496966
0.498032
0.499124
0.500241
0.501383
0.50255
0.503742
0.50496
0.506201
0.507468
0.508759
0.510074
0.511414
0.512777
0.514164
0.515575
0.517009
0.518467
0.519947
0.521451
0.522977
0.524526
0.526096
0.527689
0.529304
0.53094
0.532598
0.534277
0.535976
0.537697
0.539437
0.541198
0.542978
0.544778
0.546598
0.548436
0.550293
0.552168
0.554061
0.555973
0.557901
0.559847
0.561809
0.563788
0.565782
0.567793
0.569819
0.571859
0.573914
0.575984
0.578067
0.580164
0.582273
0.584396
0.58653
0.588676
0.590834
0.593002
0.595181
0.59737
0.599569
0.601777
0.603994
0.606219
0.608452
0.610692
0.61294
0.615195
0.617456
0.619723
0.621996
0.624274
0.626557
0.628846
0.631139
0.633437
0.635739
0.638046
0.640358
0.642675
0.644996
0.647323
0.649656
0.651995
0.654341
0.656696
0.65906
0.661435
0.663821
0.666222
0.668639
0.671075
0.673533
0.676015
0.678525
0.681068
0.683648
0.68627
0.68894
0.691664
0.69445
0.697306
0.700239
0.703261
0.70638
0.709609
0.71296
0.716446
0.720082
0.723884
0.727867
0.73205
0.736451
0.741091
0.745989
0.751168
0.756648
0.762454
0.768607
0.775131
0.782049
0.789382
0.797159
0.805403
0.814131
0.823355
0.833087
0.843331
0.854087
0.865349
0.877104
0.889331
0.902002
0.915081
0.928523
0.942275
0.95628
0.970471
0.98478
0.999135
1.01347
1.02771
1.04179
1.05567
1.06932
1.08269
1.0958
1.10865
1.12128
1.13374
1.14609
1.15841
1.17079
1.1833
1.19603
1.20906
1.22243
1.23619
1.25036
1.26494
1.27991
1.29524
1.31088
1.32677
1.34283
1.35899
1.37516
1.39125
1.40718
1.42288
1.43826
1.45325
1.46779
1.48182
1.49527
1.50811
1.52028
1.53176
1.54251
1.5525
1.5617
1.57011
1.57769
1.58445
1.59037
1.59544
1.59967
1.60304
1.60556
1.60723
1.60806
1.60806
1.60724
1.60562
1.6032
1.6
1.59604
1.59134
1.58592
1.57978
1.57289
0.490711
0.49073
0.490779
0.490857
0.490964
0.491099
0.491264
0.491457
0.491679
0.491929
0.492208
0.492517
0.492853
0.493219
0.493613
0.494036
0.494488
0.494968
0.495477
0.496014
0.49658
0.497175
0.497797
0.498448
0.499128
0.499835
0.500571
0.501335
0.502127
0.502946
0.503794
0.50467
0.505573
0.506504
0.507462
0.508448
0.509462
0.510502
0.51157
0.512664
0.513786
0.514934
0.516109
0.517311
0.518539
0.519793
0.521074
0.52238
0.523712
0.52507
0.526453
0.527862
0.529296
0.530754
0.532238
0.533746
0.535279
0.536836
0.538416
0.540021
0.541649
0.543301
0.544976
0.546674
0.548394
0.550137
0.551902
0.553689
0.555498
0.557328
0.55918
0.561052
0.562945
0.564859
0.566792
0.568745
0.570718
0.57271
0.57472
0.576749
0.578797
0.580862
0.582945
0.585045
0.587162
0.589295
0.591445
0.593611
0.595792
0.597988
0.600198
0.602424
0.604663
0.606916
0.609182
0.611461
0.613753
0.616057
0.618372
0.620699
0.623038
0.625387
0.627747
0.630117
0.632496
0.634886
0.637285
0.639693
0.64211
0.644535
0.64697
0.649413
0.651865
0.654326
0.656796
0.659274
0.661762
0.66426
0.666768
0.669287
0.671817
0.67436
0.676917
0.679488
0.682076
0.684682
0.687309
0.689957
0.692631
0.695333
0.698065
0.700833
0.70364
0.706491
0.709392
0.712347
0.715364
0.71845
0.721612
0.72486
0.728203
0.731651
0.735217
0.738912
0.74275
0.746747
0.750917
0.755278
0.759848
0.764646
0.769693
0.775011
0.780623
0.786552
0.792822
0.79946
0.806491
0.81394
0.821833
0.830196
0.839054
0.848428
0.858355
0.868852
0.879935
0.891612
0.903889
0.916764
0.930227
0.944261
0.958837
0.973921
0.989463
1.00541
1.02169
1.03823
1.05495
1.07176
1.08857
1.10529
1.12184
1.13813
1.15412
1.16975
1.18501
1.19991
1.21446
1.22873
1.24279
1.25674
1.27068
1.28473
1.299
1.31358
1.32855
1.34395
1.35982
1.37616
1.39292
1.41007
1.42753
1.4452
1.46298
1.48078
1.49848
1.51598
1.53317
1.54996
1.56626
1.582
1.5971
1.61151
1.62518
1.63806
1.65013
1.66135
1.6717
1.68118
1.68976
1.69745
1.70423
1.71012
1.71511
1.7192
1.72241
1.72475
1.72621
1.72683
1.7266
1.72554
1.72368
1.72102
1.71758
1.71338
1.70844
1.70277
1.69639
1.6893
1.68152
1.67299
0.503708
0.503728
0.50378
0.503861
0.503973
0.504116
0.504288
0.504491
0.504723
0.504986
0.50528
0.505603
0.505957
0.50634
0.506754
0.507198
0.507672
0.508176
0.50871
0.509274
0.509868
0.510491
0.511145
0.511828
0.512541
0.513283
0.514055
0.514857
0.515687
0.516547
0.517437
0.518355
0.519303
0.520279
0.521285
0.522319
0.523382
0.524473
0.525592
0.52674
0.527917
0.529121
0.530353
0.531613
0.5329
0.534215
0.535558
0.536927
0.538324
0.539747
0.541197
0.542674
0.544177
0.545706
0.547261
0.548841
0.550448
0.552079
0.553736
0.555418
0.557124
0.558855
0.56061
0.56239
0.564193
0.566019
0.567869
0.569742
0.571638
0.573557
0.575497
0.57746
0.579444
0.58145
0.583477
0.585525
0.587593
0.589682
0.591791
0.593919
0.596067
0.598234
0.60042
0.602624
0.604846
0.607086
0.609343
0.611618
0.61391
0.616218
0.618542
0.620882
0.623238
0.625609
0.627995
0.630396
0.632811
0.63524
0.637682
0.640139
0.642609
0.645091
0.647587
0.650095
0.652616
0.65515
0.657695
0.660253
0.662824
0.665406
0.668001
0.670609
0.67323
0.675863
0.678511
0.681172
0.683848
0.68654
0.689248
0.691973
0.694717
0.697482
0.700267
0.703077
0.705911
0.708774
0.711668
0.714595
0.717559
0.720564
0.723615
0.726715
0.729871
0.733087
0.736372
0.739731
0.743173
0.746706
0.750341
0.754087
0.757956
0.76196
0.766114
0.770432
0.77493
0.779625
0.784536
0.789683
0.795087
0.800771
0.806758
0.813074
0.819745
0.826799
0.834264
0.842169
0.850545
0.859421
0.868826
0.87879
0.889341
0.900504
0.912312
0.924796
0.937974
0.951857
0.966451
0.981753
0.997753
1.01443
1.03175
1.04966
1.06812
1.08704
1.10635
1.12594
1.14572
1.16556
1.18536
1.20499
1.22434
1.24333
1.26186
1.27989
1.29739
1.31437
1.33089
1.34703
1.36291
1.37866
1.39444
1.41039
1.42666
1.44335
1.46054
1.47828
1.49656
1.51535
1.53455
1.55406
1.57376
1.59351
1.61316
1.63256
1.65158
1.6701
1.688
1.70518
1.72156
1.73708
1.75167
1.76531
1.77795
1.78958
1.80018
1.80977
1.81832
1.82586
1.8324
1.83794
1.8425
1.84611
1.84878
1.85053
1.85138
1.85135
1.85046
1.84874
1.84621
1.84288
1.83878
1.83392
1.82834
1.82204
1.81505
1.80737
1.79902
1.79
1.78032
1.76992
0.515324
0.515345
0.515399
0.515485
0.515602
0.515751
0.515931
0.516143
0.516387
0.516662
0.516969
0.517308
0.517678
0.51808
0.518513
0.518977
0.519473
0.520001
0.52056
0.52115
0.521771
0.522424
0.523108
0.523823
0.524568
0.525345
0.526153
0.526992
0.527861
0.528761
0.529691
0.530652
0.531643
0.532665
0.533716
0.534798
0.535909
0.537051
0.538222
0.539422
0.540652
0.541912
0.5432
0.544517
0.545863
0.547238
0.548642
0.550074
0.551534
0.553022
0.554537
0.556081
0.557652
0.55925
0.560875
0.562528
0.564206
0.565912
0.567643
0.569401
0.571185
0.572994
0.574828
0.576688
0.578572
0.580481
0.582415
0.584373
0.586354
0.588359
0.590388
0.59244
0.594514
0.596611
0.598731
0.600872
0.603035
0.60522
0.607425
0.609652
0.611899
0.614167
0.616454
0.618762
0.621088
0.623434
0.625799
0.628182
0.630583
0.633003
0.63544
0.637895
0.640367
0.642856
0.645362
0.647884
0.650423
0.652977
0.655548
0.658135
0.660737
0.663354
0.665987
0.668636
0.6713
0.673979
0.676674
0.679385
0.682111
0.684854
0.687613
0.69039
0.693183
0.695995
0.698825
0.701675
0.704546
0.707438
0.710353
0.713293
0.71626
0.719254
0.722279
0.725336
0.728429
0.731561
0.734735
0.737954
0.741224
0.744549
0.747933
0.751384
0.754907
0.75851
0.7622
0.765986
0.769877
0.773884
0.778018
0.782292
0.786719
0.791313
0.796091
0.801069
0.806267
0.811705
0.817404
0.823387
0.829679
0.836306
0.843296
0.850679
0.858485
0.866746
0.875496
0.884769
0.8946
0.905025
0.916078
0.927795
0.940208
0.953349
0.967246
0.981943
0.997467
1.01384
1.03106
1.04914
1.06806
1.0878
1.10832
1.12958
1.15149
1.17399
1.19695
1.22026
1.24379
1.26739
1.29089
1.31415
1.33702
1.35935
1.38104
1.40201
1.42223
1.44172
1.46054
1.47883
1.49675
1.5145
1.53231
1.55037
1.56888
1.58795
1.60767
1.62805
1.64903
1.67051
1.69233
1.71431
1.73624
1.75792
1.77917
1.7998
1.81966
1.8386
1.85653
1.87336
1.88902
1.90348
1.91671
1.92869
1.93944
1.94897
1.95728
1.96442
1.97041
1.97527
1.97906
1.9818
1.98352
1.98427
1.98407
1.98297
1.98099
1.97816
1.97451
1.97008
1.96489
1.95896
1.95232
1.945
1.937
1.92836
1.91907
1.90917
1.89864
1.8875
1.87574
1.86329
0.525736
0.525758
0.525814
0.525904
0.526026
0.526182
0.52637
0.526592
0.526846
0.527134
0.527455
0.527808
0.528195
0.528614
0.529066
0.529552
0.53007
0.53062
0.531204
0.53182
0.532469
0.53315
0.533864
0.53461
0.535389
0.5362
0.537043
0.537918
0.538826
0.539765
0.540736
0.541739
0.542773
0.543839
0.544936
0.546065
0.547225
0.548416
0.549638
0.55089
0.552173
0.553487
0.554831
0.556205
0.557609
0.559043
0.560507
0.562
0.563523
0.565075
0.566656
0.568265
0.569904
0.57157
0.573265
0.574988
0.576738
0.578517
0.580322
0.582155
0.584014
0.585901
0.587813
0.589752
0.591717
0.593708
0.595724
0.597765
0.599832
0.601923
0.604038
0.606178
0.608342
0.610529
0.61274
0.614974
0.617231
0.61951
0.621812
0.624136
0.626481
0.628849
0.631237
0.633647
0.636077
0.638528
0.640999
0.64349
0.646001
0.648532
0.651082
0.653651
0.656239
0.658846
0.661472
0.664116
0.666778
0.669459
0.672157
0.674875
0.67761
0.680363
0.683135
0.685924
0.688733
0.69156
0.694406
0.697271
0.700156
0.703062
0.705988
0.708936
0.711906
0.714899
0.717916
0.720959
0.724029
0.727127
0.730256
0.733416
0.736611
0.739843
0.743114
0.746427
0.749787
0.753196
0.75666
0.760182
0.763768
0.767424
0.771155
0.774969
0.778873
0.782876
0.786987
0.791216
0.795574
0.800073
0.804726
0.809548
0.814554
0.819761
0.825187
0.830853
0.836779
0.842989
0.849508
0.856363
0.863581
0.871194
0.879234
0.887734
0.896731
0.906262
0.916367
0.927087
0.938463
0.950538
0.963355
0.976956
0.991383
1.00668
1.02287
1.04
1.05812
1.07726
1.09743
1.11865
1.1409
1.16417
1.18843
1.21361
1.23964
1.26642
1.29382
1.32169
1.34986
1.37815
1.40633
1.4342
1.46154
1.48815
1.51386
1.53855
1.56215
1.58467
1.60621
1.62694
1.64712
1.66703
1.68701
1.70734
1.72827
1.74995
1.77245
1.79572
1.81962
1.84393
1.86838
1.89269
1.91656
1.93973
1.96196
1.98306
2.00287
2.02127
2.03819
2.05357
2.0674
2.07969
2.09045
2.09973
2.10756
2.114
2.1191
2.12293
2.12554
2.12699
2.12734
2.12664
2.12495
2.12232
2.11878
2.1144
2.1092
2.10322
2.0965
2.08907
2.08097
2.07221
2.06283
2.05284
2.04226
2.03111
2.0194
2.00714
1.99433
1.98096
1.96704
1.95246
0.53509
0.535113
0.535172
0.535265
0.535393
0.535555
0.535752
0.535983
0.536248
0.536548
0.536882
0.53725
0.537653
0.53809
0.538562
0.539067
0.539607
0.540181
0.540789
0.541431
0.542107
0.542817
0.54356
0.544338
0.545149
0.545994
0.546872
0.547784
0.548729
0.549707
0.550718
0.551763
0.55284
0.55395
0.555093
0.556268
0.557476
0.558716
0.559988
0.561292
0.562627
0.563995
0.565394
0.566825
0.568286
0.569779
0.571302
0.572857
0.574441
0.576056
0.577701
0.579376
0.581081
0.582815
0.584579
0.586371
0.588193
0.590043
0.591922
0.593829
0.595763
0.597726
0.599716
0.601734
0.603778
0.605849
0.607947
0.610071
0.612221
0.614397
0.616599
0.618826
0.621077
0.623354
0.625655
0.627981
0.630331
0.632704
0.635101
0.637521
0.639964
0.642431
0.644919
0.64743
0.649964
0.652519
0.655096
0.657694
0.660314
0.662955
0.665617
0.6683
0.671004
0.673728
0.676473
0.679239
0.682025
0.684831
0.687658
0.690506
0.693375
0.696264
0.699174
0.702106
0.70506
0.708035
0.711033
0.714055
0.7171
0.720169
0.723264
0.726385
0.729533
0.73271
0.735917
0.739156
0.742428
0.745735
0.74908
0.752464
0.755891
0.759364
0.762886
0.76646
0.770092
0.773784
0.777543
0.781373
0.785281
0.789274
0.793359
0.797543
0.801836
0.806247
0.810787
0.815467
0.8203
0.8253
0.830481
0.835861
0.841456
0.847286
0.853372
0.859737
0.866405
0.873401
0.880755
0.888498
0.89666
0.905279
0.91439
0.924034
0.934251
0.945087
0.956588
0.968801
0.981778
0.99557
1.01023
1.02581
1.04236
1.05994
1.0786
1.09838
1.11931
1.14147
1.16489
1.1896
1.2156
1.24288
1.27141
1.30115
1.33202
1.3639
1.39665
1.4301
1.46403
1.4982
1.53232
1.56611
1.59925
1.63144
1.66241
1.69192
1.71984
1.74615
1.77093
1.79444
1.81702
1.83915
1.86129
1.88388
1.90727
1.93165
1.95703
1.98327
2.01009
2.03709
2.06385
2.08995
2.115
2.13868
2.16075
2.18103
2.19942
2.21584
2.2303
2.24281
2.25342
2.26221
2.26925
2.27465
2.27848
2.28084
2.28184
2.28154
2.28005
2.27744
2.27378
2.26915
2.2636
2.2572
2.25
2.24204
2.23338
2.22404
2.21407
2.20351
2.19236
2.18068
2.16846
2.15574
2.14253
2.12884
2.11468
2.10004
2.08492
2.06933
2.05324
2.03655
0.543512
0.543536
0.543597
0.543694
0.543827
0.543996
0.5442
0.544441
0.544717
0.545028
0.545376
0.545759
0.546178
0.546633
0.547123
0.547649
0.54821
0.548807
0.54944
0.550107
0.55081
0.551548
0.552322
0.55313
0.553974
0.554852
0.555765
0.556713
0.557695
0.558712
0.559763
0.560849
0.561969
0.563123
0.56431
0.565532
0.566787
0.568075
0.569397
0.570752
0.57214
0.573561
0.575015
0.576501
0.578019
0.57957
0.581153
0.582767
0.584413
0.586091
0.5878
0.589539
0.59131
0.593111
0.594943
0.596804
0.598696
0.600617
0.602568
0.604549
0.606558
0.608596
0.610662
0.612757
0.61488
0.617031
0.61921
0.621416
0.623649
0.625909
0.628195
0.630508
0.632847
0.635212
0.637603
0.640019
0.642461
0.644927
0.647418
0.649934
0.652474
0.655038
0.657626
0.660237
0.662872
0.665531
0.668213
0.670918
0.673645
0.676396
0.679169
0.681965
0.684784
0.687625
0.690488
0.693375
0.696284
0.699216
0.70217
0.705148
0.70815
0.711175
0.714224
0.717297
0.720395
0.723519
0.726669
0.729847
0.733051
0.736285
0.739549
0.742843
0.746171
0.749532
0.752929
0.756364
0.759838
0.763355
0.766917
0.770526
0.774186
0.777901
0.781675
0.785511
0.789414
0.793391
0.797446
0.801585
0.805816
0.810147
0.814585
0.81914
0.823822
0.828641
0.833609
0.83874
0.844047
0.849546
0.855254
0.861189
0.867371
0.873821
0.880563
0.887622
0.895026
0.902803
0.910987
0.91961
0.928711
0.938328
0.948504
0.959285
0.970719
0.982856
0.995752
1.00946
1.02405
1.03957
1.0561
1.0737
1.09243
1.11236
1.13357
1.15611
1.18004
1.20543
1.23232
1.2608
1.29088
1.32259
1.35592
1.39082
1.42724
1.46508
1.50417
1.54434
1.58532
1.62683
1.66849
1.70992
1.75066
1.79025
1.82824
1.86423
1.8979
1.9291
1.95789
1.98455
2.00961
2.03377
2.05778
2.0823
2.10783
2.13462
2.16262
2.19152
2.2208
2.24981
2.27791
2.30453
2.32923
2.35171
2.37178
2.38936
2.40442
2.41703
2.42728
2.43529
2.44119
2.44512
2.44724
2.44767
2.44657
2.44405
2.44023
2.43523
2.42914
2.42205
2.41405
2.40522
2.3956
2.38528
2.37429
2.36269
2.35052
2.33782
2.32461
2.31092
2.29679
2.28222
2.26725
2.25187
2.2361
2.21995
2.20342
2.18649
2.16917
2.15145
2.13329
2.11462
0.55111
0.551135
0.551198
0.551299
0.551437
0.551613
0.551825
0.552075
0.552361
0.552685
0.553046
0.553444
0.553879
0.554351
0.55486
0.555406
0.555989
0.556609
0.557265
0.557959
0.558688
0.559455
0.560257
0.561097
0.561972
0.562884
0.563831
0.564815
0.565835
0.56689
0.567981
0.569107
0.570269
0.571466
0.572699
0.573966
0.575268
0.576604
0.577976
0.579381
0.580821
0.582295
0.583803
0.585344
0.586919
0.588527
0.590168
0.591842
0.593549
0.595288
0.59706
0.598864
0.600699
0.602567
0.604466
0.606396
0.608357
0.610348
0.612371
0.614423
0.616506
0.618619
0.620761
0.622933
0.625133
0.627363
0.629621
0.631908
0.634223
0.636566
0.638936
0.641334
0.643759
0.646212
0.648691
0.651196
0.653728
0.656286
0.65887
0.66148
0.664116
0.666776
0.669462
0.672173
0.674909
0.67767
0.680455
0.683265
0.686099
0.688958
0.691841
0.694749
0.697681
0.700637
0.703619
0.706624
0.709655
0.712711
0.715792
0.718899
0.722032
0.725191
0.728377
0.731591
0.734833
0.738104
0.741405
0.744736
0.7481
0.751496
0.754927
0.758394
0.761898
0.765442
0.769028
0.772657
0.776332
0.780057
0.783834
0.787666
0.791557
0.795512
0.799534
0.803629
0.807801
0.812058
0.816405
0.820849
0.825399
0.830062
0.834848
0.839767
0.844829
0.850048
0.855436
0.861007
0.866777
0.872763
0.878984
0.885459
0.892211
0.899262
0.90664
0.914371
0.922485
0.931016
0.939999
0.949471
0.959475
0.970053
0.981255
0.99313
1.00573
1.01912
1.03337
1.04852
1.06467
1.08187
1.10021
1.11977
1.14064
1.1629
1.18664
1.21194
1.2389
1.26759
1.2981
1.33048
1.36485
1.40124
1.43971
1.48024
1.5228
1.56733
1.61369
1.66169
1.71108
1.76151
1.81256
1.86371
1.91436
1.96382
2.01136
2.05628
2.09792
2.13582
2.16983
2.20021
2.2277
2.25339
2.27845
2.30391
2.33048
2.35852
2.38797
2.41831
2.44864
2.47797
2.50538
2.53024
2.55215
2.57093
2.58656
2.59911
2.60873
2.61562
2.61998
2.62203
2.62198
2.62004
2.61639
2.6112
2.60464
2.59684
2.58794
2.57804
2.56725
2.55565
2.54334
2.53036
2.51679
2.50268
2.48808
2.47302
2.45754
2.44166
2.42543
2.40885
2.39194
2.37472
2.3572
2.33938
2.32127
2.30287
2.28417
2.26517
2.24585
2.22619
2.20617
2.1857
0.557983
0.558008
0.558075
0.558179
0.558322
0.558504
0.558724
0.558983
0.55928
0.559616
0.55999
0.560403
0.560854
0.561344
0.561871
0.562437
0.563042
0.563684
0.564364
0.565083
0.565839
0.566633
0.567465
0.568335
0.569242
0.570187
0.571169
0.572188
0.573244
0.574338
0.575468
0.576635
0.577839
0.579079
0.580355
0.581668
0.583016
0.584401
0.585821
0.587276
0.588767
0.590293
0.591854
0.59345
0.595081
0.596746
0.598445
0.600178
0.601945
0.603745
0.605579
0.607446
0.609346
0.611279
0.613244
0.615242
0.617271
0.619333
0.621425
0.62355
0.625705
0.627891
0.630108
0.632355
0.634632
0.63694
0.639277
0.641643
0.644038
0.646463
0.648916
0.651398
0.653908
0.656446
0.659012
0.661606
0.664227
0.666875
0.669551
0.672253
0.674983
0.677738
0.680521
0.683329
0.686164
0.689025
0.691912
0.694826
0.697765
0.70073
0.703722
0.706739
0.709783
0.712853
0.715949
0.719073
0.722223
0.725401
0.728606
0.73184
0.735102
0.738393
0.741714
0.745066
0.748449
0.751864
0.755313
0.758797
0.762316
0.765872
0.769467
0.773103
0.776781
0.780504
0.784274
0.788094
0.791966
0.795894
0.79988
0.80393
0.808046
0.812235
0.816499
0.820846
0.82528
0.829809
0.834439
0.839178
0.844035
0.849019
0.85414
0.859409
0.864838
0.87044
0.876229
0.882221
0.888432
0.894882
0.901589
0.908576
0.915865
0.923484
0.931459
0.93982
0.948601
0.957836
0.967564
0.977826
0.988667
1.00014
1.01229
1.02517
1.03885
1.0534
1.06888
1.08537
1.10294
1.12169
1.14171
1.16309
1.18593
1.21035
1.23645
1.26435
1.29416
1.32601
1.36
1.39625
1.43486
1.47593
1.51956
1.56583
1.61477
1.66636
1.72053
1.77715
1.83598
1.8967
1.95886
2.02186
2.08495
2.14723
2.20762
2.26495
2.31801
2.3657
2.40725
2.44258
2.4726
2.49892
2.52339
2.54748
2.57228
2.59848
2.62624
2.65499
2.68334
2.70975
2.73309
2.75283
2.76881
2.78111
2.78991
2.79547
2.79809
2.79805
2.79564
2.79113
2.78475
2.77674
2.76729
2.75657
2.74474
2.73194
2.71827
2.70385
2.68877
2.6731
2.65691
2.64025
2.62319
2.60575
2.58798
2.56991
2.55156
2.53295
2.51411
2.49503
2.47575
2.45625
2.43655
2.41665
2.39653
2.37621
2.35567
2.33489
2.31386
2.29255
2.27096
2.24898
0.56422
0.564246
0.564315
0.564423
0.564571
0.56476
0.564988
0.565256
0.565563
0.565911
0.566299
0.566726
0.567193
0.567699
0.568246
0.568831
0.569457
0.570122
0.570826
0.571569
0.572352
0.573174
0.574035
0.574934
0.575873
0.57685
0.577866
0.578921
0.580014
0.581145
0.582314
0.583521
0.584766
0.586048
0.587368
0.588726
0.59012
0.591552
0.593021
0.594526
0.596067
0.597645
0.599259
0.600909
0.602594
0.604315
0.606071
0.607863
0.609689
0.61155
0.613445
0.615375
0.617338
0.619335
0.621366
0.62343
0.625527
0.627657
0.629819
0.632013
0.63424
0.636499
0.638789
0.64111
0.643463
0.645847
0.648261
0.650705
0.65318
0.655685
0.65822
0.660784
0.663377
0.665999
0.668651
0.671331
0.674039
0.676776
0.679542
0.682335
0.685156
0.688005
0.690882
0.693786
0.696718
0.699678
0.702664
0.705679
0.708721
0.71179
0.714887
0.718012
0.721165
0.724346
0.727555
0.730794
0.734061
0.737357
0.740684
0.744041
0.747429
0.750849
0.754302
0.757788
0.761308
0.764864
0.768457
0.772088
0.775758
0.77947
0.783224
0.787024
0.79087
0.794767
0.798715
0.802719
0.806781
0.810904
0.815093
0.819352
0.823685
0.828097
0.832594
0.837181
0.841865
0.846653
0.851552
0.856572
0.86172
0.867007
0.872444
0.878042
0.883815
0.889775
0.895939
0.902322
0.908943
0.915821
0.922977
0.930434
0.938216
0.946352
0.95487
0.963802
0.973184
0.983051
0.993446
1.00441
1.016
1.02825
1.04124
1.05501
1.06963
1.08518
1.10173
1.11937
1.13818
1.15825
1.17971
1.20264
1.22718
1.25344
1.28156
1.31169
1.34396
1.37853
1.41556
1.4552
1.49762
1.54296
1.59136
1.64294
1.69784
1.75616
1.81791
1.88307
1.9515
2.02297
2.09709
2.1733
2.2508
2.32855
2.40518
2.47901
2.54802
2.60995
2.66257
2.70457
2.7371
2.76179
2.78197
2.79948
2.81595
2.833
2.85198
2.87328
2.89503
2.91557
2.93254
2.94533
2.95407
2.95906
2.96067
2.95926
2.95519
2.94878
2.94033
2.93011
2.91834
2.90525
2.89101
2.87577
2.85968
2.84286
2.8254
2.80741
2.78894
2.77007
2.75085
2.73133
2.71154
2.69152
2.6713
2.65089
2.63031
2.60959
2.58872
2.56771
2.54657
2.52531
2.50391
2.48237
2.4607
2.43887
2.41688
2.39471
2.37234
2.34975
2.32692
2.30377
0.569904
0.569931
0.570002
0.570114
0.570267
0.570462
0.570698
0.570975
0.571293
0.571652
0.572053
0.572495
0.572977
0.573501
0.574065
0.574671
0.575317
0.576004
0.576732
0.5775
0.578309
0.579158
0.580048
0.580977
0.581947
0.582957
0.584006
0.585096
0.586224
0.587393
0.5886
0.589847
0.591133
0.592457
0.59382
0.595222
0.596662
0.59814
0.599656
0.60121
0.602802
0.604431
0.606097
0.6078
0.609539
0.611316
0.613128
0.614977
0.616862
0.618782
0.620737
0.622728
0.624754
0.626815
0.62891
0.631039
0.633202
0.635399
0.63763
0.639894
0.64219
0.64452
0.646882
0.649277
0.651703
0.654162
0.656651
0.659173
0.661725
0.664309
0.666923
0.669567
0.672242
0.674947
0.677682
0.680446
0.68324
0.686064
0.688917
0.691798
0.694709
0.697649
0.700618
0.703616
0.706642
0.709697
0.712781
0.715894
0.719036
0.722206
0.725406
0.728635
0.731894
0.735183
0.738502
0.741851
0.745231
0.748643
0.752087
0.755564
0.759074
0.762618
0.766198
0.769813
0.773466
0.777157
0.780889
0.784661
0.788477
0.792337
0.796244
0.8002
0.804208
0.80827
0.812388
0.816567
0.820809
0.825119
0.8295
0.833956
0.838493
0.843117
0.847831
0.852644
0.857562
0.862592
0.867742
0.873022
0.87844
0.884007
0.889735
0.895636
0.901722
0.90801
0.914513
0.92125
0.928239
0.935501
0.943056
0.95093
0.959147
0.967737
0.976728
0.986155
0.996054
1.00646
1.01742
1.02898
1.04119
1.0541
1.06777
1.08226
1.09765
1.11401
1.13141
1.14995
1.16972
1.19083
1.21338
1.2375
1.26331
1.29096
1.3206
1.35238
1.38647
1.42306
1.46233
1.50449
1.54974
1.59828
1.65033
1.70607
1.76571
1.82939
1.89724
1.96935
2.04572
2.12626
2.21068
2.2985
2.38896
2.48096
2.57293
2.66275
2.74763
2.82409
2.88846
2.93886
2.97065
2.9851
2.99069
2.99086
2.98965
2.9909
2.99735
3.00999
3.02606
3.04226
3.05653
3.06711
3.07355
3.07605
3.07493
3.0706
3.06348
3.05396
3.04238
3.02907
3.01428
2.99826
2.98119
2.96325
2.94457
2.92529
2.90549
2.88526
2.86467
2.84378
2.82264
2.80129
2.77977
2.75809
2.73628
2.71435
2.69233
2.67021
2.64801
2.62573
2.60336
2.58091
2.55837
2.53573
2.51299
2.49014
2.46715
2.44403
2.42074
2.39726
2.37359
2.34966
0.575112
0.57514
0.575213
0.575329
0.575487
0.575688
0.575932
0.576218
0.576546
0.576917
0.577331
0.577787
0.578285
0.578825
0.579408
0.580033
0.5807
0.581409
0.58216
0.582952
0.583787
0.584663
0.585581
0.58654
0.587541
0.588582
0.589665
0.590789
0.591953
0.593158
0.594403
0.595689
0.597015
0.598381
0.599787
0.601232
0.602717
0.604241
0.605804
0.607406
0.609046
0.610725
0.612443
0.614198
0.615991
0.617822
0.619689
0.621595
0.623536
0.625515
0.62753
0.629581
0.631668
0.633791
0.635949
0.638142
0.640371
0.642634
0.644931
0.647262
0.649628
0.652027
0.654459
0.656925
0.659424
0.661955
0.664519
0.667115
0.669743
0.672403
0.675095
0.677818
0.680572
0.683357
0.686173
0.68902
0.691897
0.694804
0.697742
0.70071
0.703708
0.706736
0.709794
0.712882
0.716
0.719148
0.722325
0.725533
0.728771
0.73204
0.735339
0.738668
0.742029
0.745421
0.748845
0.752302
0.755791
0.759313
0.76287
0.766461
0.770087
0.77375
0.777451
0.78119
0.784969
0.788789
0.792652
0.796559
0.800512
0.804514
0.808565
0.812669
0.816829
0.821046
0.825324
0.829667
0.834078
0.838561
0.84312
0.847761
0.852487
0.857306
0.862222
0.867242
0.872374
0.877625
0.883003
0.888519
0.89418
0.9
0.905988
0.912157
0.918523
0.925098
0.931899
0.938945
0.946253
0.953845
0.961742
0.969969
0.978553
0.98752
0.996904
1.00674
1.01705
1.0279
1.0393
1.05133
1.06401
1.07742
1.0916
1.10663
1.12256
1.13949
1.15748
1.17664
1.19705
1.21882
1.24207
1.26692
1.2935
1.32196
1.35246
1.38516
1.42024
1.4579
1.49835
1.54179
1.58847
1.63862
1.69248
1.7503
1.81231
1.87873
1.94976
2.02553
2.1061
2.19139
2.2812
2.37509
2.47226
2.57153
2.67114
2.76862
2.86071
2.94327
3.01205
3.06499
3.09449
3.10142
3.09553
3.08209
3.06766
3.05794
3.05633
3.06359
3.07654
3.09092
3.10557
3.11768
3.126
3.13024
3.13052
3.12717
3.1206
3.11125
3.09955
3.08589
3.07058
3.05391
3.03613
3.01742
2.99796
2.97787
2.95728
2.93626
2.9149
2.89325
2.87138
2.84931
2.82708
2.80472
2.78224
2.75967
2.73702
2.71428
2.69148
2.6686
2.64565
2.62263
2.59953
2.57635
2.55308
2.5297
2.5062
2.48258
2.45881
2.43488
2.41077
2.38645
0.579916
0.579946
0.580021
0.580141
0.580304
0.580511
0.580762
0.581057
0.581396
0.581778
0.582204
0.582674
0.583188
0.583745
0.584345
0.584989
0.585677
0.586407
0.587181
0.587998
0.588858
0.589761
0.590706
0.591695
0.592725
0.593798
0.594914
0.596071
0.59727
0.598512
0.599794
0.601118
0.602484
0.603891
0.605338
0.606826
0.608355
0.609924
0.611533
0.613182
0.614871
0.616599
0.618367
0.620173
0.622019
0.623902
0.625825
0.627785
0.629783
0.631819
0.633892
0.636002
0.638148
0.640332
0.642552
0.644808
0.647099
0.649426
0.651789
0.654186
0.656619
0.659085
0.661587
0.664122
0.666691
0.669293
0.671929
0.674597
0.677299
0.680033
0.6828
0.685599
0.68843
0.691293
0.694187
0.697113
0.700071
0.703059
0.706079
0.70913
0.712212
0.715325
0.718469
0.721644
0.724849
0.728086
0.731354
0.734653
0.737983
0.741345
0.744739
0.748164
0.751623
0.755114
0.758638
0.762196
0.765788
0.769416
0.773079
0.776778
0.780515
0.784291
0.788106
0.791961
0.795859
0.7998
0.803786
0.807819
0.811901
0.816034
0.82022
0.824462
0.828762
0.833123
0.837549
0.842043
0.846608
0.85125
0.855972
0.86078
0.865678
0.870673
0.87577
0.880976
0.886299
0.891747
0.897327
0.90305
0.908926
0.914964
0.921178
0.927579
0.934182
0.941002
0.948054
0.955357
0.962929
0.970791
0.978965
0.987475
0.996347
1.00561
1.01529
1.02543
1.03606
1.04721
1.05894
1.07129
1.08429
1.09802
1.11253
1.12787
1.14413
1.16137
1.17967
1.19912
1.21981
1.24185
1.26535
1.29043
1.31721
1.34585
1.37649
1.40929
1.44443
1.4821
1.52251
1.56585
1.61236
1.66227
1.71582
1.77324
1.83477
1.90064
1.97102
2.04606
2.12583
2.21028
2.29921
2.39218
2.48844
2.58683
2.68562
2.78242
2.874
2.95629
3.0251
3.07835
3.10833
3.11576
3.11027
3.09706
3.0827
3.07294
3.07121
3.07822
3.09093
3.10517
3.11984
3.13216
3.14088
3.14568
3.14663
3.14403
3.13826
3.12973
3.11885
3.10598
3.09144
3.07551
3.05842
3.04036
3.02149
3.00196
2.98187
2.96132
2.94038
2.91912
2.89759
2.87583
2.85387
2.83175
2.80948
2.78709
2.76458
2.74197
2.71927
2.69647
2.67357
2.65059
2.6275
2.60432
2.58103
2.55763
2.5341
2.51044
2.48663
2.46266
2.43852
2.41421
0.584386
0.584416
0.584494
0.584617
0.584785
0.584999
0.585257
0.585561
0.585909
0.586303
0.586742
0.587225
0.587754
0.588327
0.588945
0.589608
0.590316
0.591068
0.591864
0.592705
0.593589
0.594518
0.595491
0.596508
0.597568
0.598672
0.59982
0.60101
0.602244
0.60352
0.60484
0.606202
0.607606
0.609052
0.610541
0.612071
0.613643
0.615256
0.61691
0.618605
0.620341
0.622118
0.623934
0.625791
0.627687
0.629623
0.631598
0.633612
0.635665
0.637756
0.639886
0.642053
0.644258
0.646501
0.648781
0.651097
0.653451
0.65584
0.658266
0.660728
0.663225
0.665757
0.668325
0.670927
0.673564
0.676235
0.67894
0.681679
0.684452
0.687258
0.690097
0.692969
0.695874
0.698811
0.701782
0.704784
0.707818
0.710885
0.713983
0.717114
0.720276
0.72347
0.726696
0.729953
0.733243
0.736564
0.739918
0.743303
0.746721
0.750172
0.753656
0.757172
0.760722
0.764307
0.767926
0.771579
0.775269
0.778995
0.782758
0.786559
0.790399
0.794279
0.7982
0.802164
0.806172
0.810225
0.814325
0.818475
0.822675
0.826928
0.831237
0.835604
0.840032
0.844524
0.849083
0.853714
0.858419
0.863203
0.86807
0.873026
0.878076
0.883226
0.888482
0.89385
0.899339
0.904956
0.910709
0.916609
0.922664
0.928886
0.935287
0.941879
0.948675
0.955692
0.962944
0.970448
0.978224
0.986292
0.994673
1.00339
1.01247
1.02194
1.03183
1.04216
1.05299
1.06433
1.07624
1.08876
1.10193
1.1158
1.13043
1.14589
1.16222
1.17951
1.19782
1.21724
1.23786
1.25978
1.28308
1.30789
1.33432
1.36251
1.39258
1.42468
1.45897
1.49563
1.53481
1.57671
1.62151
1.66942
1.72062
1.77531
1.83366
1.89585
1.962
2.03218
2.10641
2.18458
2.26646
2.35162
2.43936
2.52866
2.61808
2.70565
2.78875
2.86411
2.92826
2.97944
3.01269
3.02895
3.0363
3.03799
3.03799
3.03998
3.04675
3.05927
3.07512
3.09128
3.10587
3.11721
3.12483
3.12883
3.12945
3.12704
3.12193
3.11444
3.1049
3.09358
3.08072
3.06653
3.0512
3.03489
3.01774
2.99987
2.98137
2.96234
2.94284
2.92294
2.90269
2.88213
2.8613
2.84024
2.81896
2.79748
2.77583
2.75402
2.73205
2.70994
2.68768
2.66529
2.64276
2.62008
2.59727
2.57431
2.55119
2.52793
2.50449
2.48089
2.45711
2.43318
0.588585
0.588616
0.588696
0.588823
0.588996
0.589215
0.589481
0.589793
0.590151
0.590556
0.591007
0.591504
0.592048
0.592637
0.593272
0.593954
0.594681
0.595453
0.596272
0.597136
0.598045
0.598999
0.599999
0.601044
0.602133
0.603267
0.604446
0.605669
0.606936
0.608247
0.609602
0.611001
0.612443
0.613929
0.615457
0.617028
0.618642
0.620298
0.621996
0.623736
0.625518
0.627342
0.629206
0.631111
0.633057
0.635044
0.63707
0.639137
0.641243
0.643388
0.645572
0.647796
0.650057
0.652357
0.654695
0.657071
0.659484
0.661934
0.66442
0.666944
0.669503
0.672099
0.674731
0.677398
0.6801
0.682837
0.685609
0.688415
0.691256
0.694131
0.697039
0.699982
0.702957
0.705966
0.709008
0.712083
0.715191
0.718332
0.721505
0.724711
0.72795
0.731221
0.734524
0.73786
0.741229
0.74463
0.748064
0.751531
0.755032
0.758566
0.762133
0.765735
0.769371
0.773042
0.776749
0.780492
0.784272
0.788089
0.791944
0.795839
0.799774
0.803751
0.80777
0.811832
0.815941
0.820096
0.824299
0.828554
0.832861
0.837223
0.841642
0.846121
0.850663
0.855271
0.859948
0.864698
0.869525
0.874433
0.879426
0.884511
0.889691
0.894973
0.900363
0.905868
0.911494
0.917251
0.923146
0.929189
0.935389
0.941757
0.948304
0.955043
0.961987
0.96915
0.976548
0.984197
0.992115
1.00032
1.00884
1.01769
1.02689
1.03647
1.04647
1.0569
1.06781
1.07922
1.09118
1.10372
1.11689
1.13073
1.1453
1.16065
1.17684
1.19392
1.21198
1.23108
1.25129
1.2727
1.29541
1.3195
1.34508
1.37226
1.40114
1.43186
1.46453
1.49929
1.53628
1.57564
1.6175
1.662
1.70927
1.75944
1.81259
1.86881
1.92811
1.99047
2.05578
2.12386
2.19435
2.26679
2.34048
2.41451
2.48768
2.55852
2.62526
2.68593
2.73862
2.78224
2.81771
2.84631
2.87073
2.89244
2.91281
2.93318
2.95453
2.97722
2.99966
3.02051
3.03787
3.05135
3.06109
3.0674
3.07059
3.07097
3.06884
3.06447
3.05811
3.04998
3.0403
3.02923
3.01693
3.00356
2.98923
2.97406
2.95814
2.94156
2.92439
2.90669
2.88853
2.86994
2.85098
2.83167
2.81204
2.79213
2.77195
2.75152
2.73085
2.70996
2.68886
2.66756
2.64605
2.62435
2.60245
2.58035
2.55807
2.53558
2.51291
2.49003
2.46696
2.44375
0.592573
0.592606
0.592688
0.592818
0.592996
0.593221
0.593494
0.593814
0.594182
0.594598
0.595061
0.595571
0.596129
0.596734
0.597386
0.598085
0.598832
0.599625
0.600465
0.601351
0.602284
0.603264
0.60429
0.605361
0.606479
0.607643
0.608852
0.610107
0.611406
0.612751
0.614141
0.615576
0.617055
0.618578
0.620145
0.621756
0.623411
0.625109
0.62685
0.628633
0.63046
0.632329
0.634239
0.636192
0.638186
0.640221
0.642298
0.644415
0.646572
0.64877
0.651007
0.653284
0.6556
0.657955
0.660349
0.662781
0.665252
0.66776
0.670305
0.672888
0.675508
0.678164
0.680857
0.683586
0.68635
0.689151
0.691986
0.694857
0.697763
0.700703
0.703677
0.706686
0.709729
0.712806
0.715916
0.71906
0.722237
0.725448
0.728692
0.731968
0.735279
0.738622
0.741998
0.745407
0.74885
0.752326
0.755835
0.759378
0.762955
0.766566
0.770212
0.773892
0.777607
0.781359
0.785146
0.788971
0.792833
0.796733
0.800673
0.804653
0.808674
0.812737
0.816844
0.820995
0.825194
0.82944
0.833735
0.838083
0.842484
0.846941
0.851457
0.856034
0.860675
0.865383
0.870161
0.875013
0.879943
0.884955
0.890054
0.895245
0.900532
0.905922
0.911421
0.917035
0.922771
0.928637
0.934641
0.940792
0.9471
0.953574
0.960226
0.967068
0.974111
0.981371
0.98886
0.996596
1.00459
1.01287
1.02145
1.03036
1.0396
1.04921
1.05922
1.06965
1.08053
1.09189
1.10376
1.11619
1.12922
1.14287
1.1572
1.17226
1.1881
1.20476
1.22232
1.24083
1.26035
1.28096
1.30273
1.32574
1.35006
1.37579
1.40302
1.43183
1.46231
1.49457
1.5287
1.56479
1.60292
1.64317
1.68562
1.7303
1.77723
1.82641
1.87778
1.93122
1.98656
2.04354
2.10178
2.16081
2.22003
2.27871
2.33598
2.39092
2.44258
2.49015
2.53309
2.57146
2.60608
2.63825
2.66928
2.70018
2.73159
2.76382
2.79661
2.82911
2.85997
2.88796
2.91228
2.9327
2.94928
2.9622
2.97174
2.97818
2.98181
2.98291
2.98175
2.97856
2.97355
2.96693
2.95886
2.94949
2.93896
2.92739
2.91489
2.90155
2.88745
2.87266
2.85725
2.84127
2.82477
2.80779
2.79038
2.77256
2.75436
2.7358
2.71691
2.69771
2.6782
2.65841
2.63833
2.61799
2.59739
2.57654
2.55543
2.53408
2.5125
2.49068
2.46862
2.4464
0.596409
0.596442
0.596527
0.59666
0.596842
0.597073
0.597353
0.597682
0.598059
0.598485
0.59896
0.599483
0.600055
0.600675
0.601344
0.60206
0.602825
0.603638
0.604499
0.605408
0.606364
0.607368
0.608419
0.609517
0.610662
0.611854
0.613093
0.614379
0.61571
0.617088
0.618511
0.619981
0.621495
0.623055
0.62466
0.62631
0.628004
0.629742
0.631524
0.63335
0.63522
0.637132
0.639088
0.641086
0.643126
0.645209
0.647333
0.649499
0.651706
0.653953
0.656241
0.65857
0.660938
0.663346
0.665794
0.66828
0.670805
0.673369
0.67597
0.67861
0.681286
0.684001
0.686752
0.689539
0.692363
0.695223
0.698119
0.701051
0.704018
0.70702
0.710056
0.713128
0.716234
0.719374
0.722549
0.725757
0.728999
0.732275
0.735584
0.738928
0.742304
0.745714
0.749158
0.752635
0.756146
0.759691
0.763269
0.766882
0.770529
0.77421
0.777927
0.781679
0.785466
0.78929
0.79315
0.797048
0.800984
0.804959
0.808974
0.81303
0.817127
0.821267
0.825451
0.82968
0.833957
0.838282
0.842658
0.847085
0.851567
0.856106
0.860703
0.865362
0.870086
0.874877
0.879739
0.884674
0.889688
0.894785
0.899968
0.905242
0.910612
0.916085
0.921666
0.92736
0.933176
0.93912
0.9452
0.951425
0.957804
0.964345
0.97106
0.97796
0.985056
0.992362
0.999891
1.00766
1.01568
1.02396
1.03254
1.04142
1.05063
1.06019
1.07012
1.08045
1.0912
1.1024
1.11408
1.12628
1.13902
1.15235
1.16629
1.1809
1.19621
1.21228
1.22914
1.24685
1.26546
1.28503
1.30561
1.32727
1.35006
1.37404
1.3993
1.42587
1.45384
1.48325
1.51416
1.54664
1.58071
1.6164
1.65374
1.69271
1.7333
1.77543
1.819
1.86389
1.90988
1.95674
2.00414
2.05171
2.09901
2.14557
2.19087
2.23445
2.27589
2.31497
2.35168
2.38635
2.41964
2.45236
2.48533
2.51911
2.55401
2.58999
2.62668
2.66314
2.69837
2.7314
2.76152
2.78829
2.81154
2.83127
2.84759
2.86068
2.87078
2.87812
2.88294
2.88547
2.88591
2.88448
2.88134
2.87666
2.87059
2.86325
2.85476
2.84522
2.83473
2.82337
2.81121
2.79832
2.78475
2.77056
2.75578
2.74047
2.72465
2.70836
2.69163
2.67447
2.65692
2.63898
2.62068
2.60203
2.58305
2.56374
2.54412
2.5242
2.50398
2.48349
2.46272
2.44175
0.600145
0.600179
0.600265
0.600402
0.600588
0.600825
0.601112
0.601448
0.601835
0.602271
0.602757
0.603293
0.603878
0.604513
0.605197
0.605931
0.606714
0.607546
0.608427
0.609357
0.610336
0.611363
0.612439
0.613563
0.614735
0.615954
0.617222
0.618537
0.619899
0.621308
0.622764
0.624267
0.625816
0.627411
0.629052
0.630739
0.632471
0.634248
0.63607
0.637937
0.639847
0.641802
0.6438
0.645842
0.647927
0.650055
0.652225
0.654437
0.656691
0.658987
0.661323
0.663701
0.666119
0.668577
0.671076
0.673613
0.676191
0.678807
0.681461
0.684154
0.686885
0.689654
0.69246
0.695303
0.698182
0.701099
0.704051
0.70704
0.710064
0.713124
0.716219
0.719349
0.722513
0.725712
0.728946
0.732214
0.735516
0.738852
0.742222
0.745626
0.749064
0.752535
0.756041
0.75958
0.763153
0.76676
0.770401
0.774076
0.777786
0.781531
0.785311
0.789127
0.792978
0.796866
0.800791
0.804754
0.808755
0.812795
0.816875
0.820996
0.825159
0.829365
0.833616
0.837911
0.842254
0.846646
0.851088
0.855582
0.860131
0.864736
0.8694
0.874125
0.878915
0.883771
0.888698
0.893698
0.898776
0.903935
0.90918
0.914515
0.919944
0.925474
0.93111
0.936858
0.942723
0.948714
0.954838
0.961101
0.967514
0.974084
0.980821
0.987737
0.99484
1.00214
1.00966
1.0174
1.02539
1.03362
1.04213
1.05093
1.06003
1.06946
1.07924
1.08938
1.09991
1.11086
1.12225
1.13411
1.14646
1.15934
1.17278
1.18681
1.20146
1.21678
1.23281
1.24957
1.26711
1.28547
1.3047
1.32484
1.34593
1.36802
1.39114
1.41534
1.44065
1.46711
1.49474
1.52356
1.55359
1.58482
1.61724
1.6508
1.68547
1.72116
1.75776
1.79514
1.83314
1.87155
1.91015
1.94867
1.98686
2.02444
2.06117
2.09686
2.13139
2.16478
2.19719
2.22894
2.26047
2.29229
2.32486
2.35851
2.39337
2.42933
2.46605
2.503
2.53929
2.5742
2.60711
2.63755
2.66519
2.68988
2.71155
2.73026
2.74609
2.75918
2.7697
2.77783
2.78372
2.78756
2.78951
2.78972
2.78833
2.78548
2.78127
2.77583
2.76925
2.76161
2.75301
2.7435
2.73316
2.72205
2.71021
2.6977
2.68455
2.67081
2.6565
2.64167
2.62633
2.61052
2.59425
2.57755
2.56043
2.54291
2.52502
2.50676
2.48815
2.4692
2.44994
2.43043
0.60383
0.603865
0.603954
0.604093
0.604284
0.604526
0.604819
0.605164
0.605559
0.606005
0.606502
0.60705
0.607648
0.608297
0.608997
0.609747
0.610548
0.611398
0.612299
0.613249
0.614249
0.615299
0.616398
0.617547
0.618744
0.619991
0.621286
0.622629
0.62402
0.62546
0.626947
0.628482
0.630064
0.631693
0.633369
0.635091
0.636859
0.638674
0.640534
0.642439
0.644389
0.646384
0.648423
0.650507
0.652634
0.654804
0.657018
0.659274
0.661573
0.663914
0.666297
0.668721
0.671186
0.673692
0.676238
0.678824
0.68145
0.684116
0.68682
0.689563
0.692345
0.695164
0.698022
0.700916
0.703848
0.706817
0.709822
0.712863
0.71594
0.719053
0.722202
0.725385
0.728604
0.731857
0.735145
0.738468
0.741825
0.745216
0.74864
0.752099
0.755592
0.759119
0.762679
0.766274
0.769902
0.773565
0.777261
0.780992
0.784758
0.788558
0.792394
0.796265
0.800172
0.804116
0.808096
0.812114
0.816171
0.820266
0.824401
0.828577
0.832795
0.837056
0.84136
0.84571
0.850107
0.854552
0.859047
0.863594
0.868194
0.872851
0.877565
0.88234
0.887178
0.892082
0.897055
0.902101
0.907222
0.912423
0.917707
0.923079
0.928544
0.934105
0.93977
0.945542
0.951429
0.957436
0.96357
0.969839
0.97625
0.982812
0.989533
0.996423
1.00349
1.01075
1.01821
1.02588
1.03377
1.0419
1.05029
1.05894
1.06787
1.07711
1.08666
1.09654
1.10678
1.1174
1.12842
1.13985
1.15173
1.16407
1.17691
1.19027
1.20417
1.21865
1.23373
1.24945
1.26583
1.2829
1.3007
1.31924
1.33857
1.35871
1.37967
1.40149
1.42418
1.44776
1.47222
1.49758
1.52383
1.55094
1.57888
1.60762
1.63709
1.66722
1.69792
1.72908
1.76058
1.79227
1.82402
1.85567
1.88708
1.91812
1.9487
1.97878
2.00838
2.03759
2.0666
2.09565
2.12504
2.1551
2.18607
2.21815
2.25137
2.28564
2.32071
2.35622
2.39163
2.42634
2.45983
2.49166
2.52149
2.54906
2.57421
2.59686
2.61699
2.63463
2.64986
2.66277
2.67347
2.68208
2.68874
2.69356
2.69667
2.69818
2.69821
2.69684
2.69419
2.69034
2.68537
2.67936
2.67237
2.66446
2.65571
2.64615
2.63583
2.6248
2.6131
2.60076
2.58782
2.57431
2.56025
2.54567
2.5306
2.51506
2.49907
2.48264
2.46581
2.44859
2.43099
2.4131
0.607511
0.607547
0.607638
0.60778
0.607975
0.608223
0.608522
0.608873
0.609277
0.609733
0.61024
0.610799
0.611411
0.612073
0.612788
0.613553
0.614371
0.615239
0.616158
0.617128
0.618149
0.619221
0.620342
0.621514
0.622736
0.624008
0.625329
0.6267
0.628119
0.629588
0.631105
0.63267
0.634284
0.635945
0.637654
0.639409
0.641212
0.643062
0.644958
0.6469
0.648887
0.65092
0.652998
0.655121
0.657288
0.659499
0.661753
0.664051
0.666392
0.668776
0.671202
0.673669
0.676178
0.678729
0.68132
0.683951
0.686623
0.689334
0.692085
0.694875
0.697703
0.70057
0.703474
0.706417
0.709396
0.712413
0.715466
0.718556
0.721681
0.724843
0.72804
0.731272
0.73454
0.737842
0.741179
0.74455
0.747956
0.751396
0.754869
0.758377
0.761919
0.765494
0.769103
0.772746
0.776423
0.780133
0.783878
0.787657
0.79147
0.795318
0.799201
0.803119
0.807072
0.811062
0.815089
0.819153
0.823254
0.827394
0.831574
0.835794
0.840055
0.844358
0.848705
0.853097
0.857534
0.862019
0.866553
0.871137
0.875775
0.880467
0.885216
0.890023
0.894893
0.899827
0.904827
0.909898
0.915042
0.920263
0.925565
0.930952
0.936427
0.941995
0.947662
0.953433
0.959312
0.965306
0.97142
0.977662
0.984039
0.990558
0.997226
1.00405
1.01105
1.01821
1.02557
1.03312
1.04088
1.04886
1.05707
1.06552
1.07423
1.08322
1.09249
1.10206
1.11195
1.12217
1.13275
1.14369
1.15503
1.16678
1.17895
1.19157
1.20466
1.21824
1.23234
1.24696
1.26214
1.27789
1.29423
1.31118
1.32877
1.34699
1.36587
1.38541
1.40562
1.4265
1.44804
1.47025
1.49309
1.51654
1.54058
1.56516
1.59022
1.61572
1.64157
1.66771
1.69405
1.72051
1.747
1.77345
1.7998
1.826
1.85205
1.87797
1.90383
1.92974
1.95585
1.98236
2.00946
2.03736
2.0662
2.09609
2.12704
2.15897
2.19172
2.22502
2.25856
2.29189
2.32457
2.35625
2.3866
2.41534
2.44226
2.46722
2.49012
2.51091
2.52959
2.54617
2.5607
2.57326
2.58391
2.59274
2.59984
2.6053
2.60921
2.61165
2.61272
2.61249
2.61104
2.60843
2.60474
2.60003
2.59435
2.58776
2.58031
2.57205
2.56301
2.55325
2.54279
2.53167
2.51992
2.50757
2.49466
2.4812
2.46722
2.45275
2.43781
2.42243
2.40662
2.39046
0.61123
0.611267
0.611359
0.611505
0.611704
0.611956
0.612261
0.61262
0.613031
0.613496
0.614014
0.614584
0.615207
0.615883
0.616611
0.617392
0.618225
0.61911
0.620047
0.621036
0.622076
0.623168
0.624312
0.625506
0.626751
0.628047
0.629393
0.630789
0.632235
0.633731
0.635276
0.636871
0.638514
0.640206
0.641945
0.643733
0.645569
0.647452
0.649381
0.651358
0.65338
0.655449
0.657563
0.659722
0.661927
0.664176
0.666469
0.668805
0.671186
0.673609
0.676075
0.678583
0.681133
0.683724
0.686356
0.68903
0.691743
0.694497
0.69729
0.700122
0.702994
0.705903
0.708851
0.711836
0.714859
0.717919
0.721016
0.724149
0.727318
0.730523
0.733764
0.73704
0.74035
0.743696
0.747076
0.75049
0.753939
0.757421
0.760937
0.764487
0.76807
0.771687
0.775338
0.779022
0.782739
0.78649
0.790275
0.794094
0.797946
0.801833
0.805754
0.80971
0.813701
0.817727
0.82179
0.825889
0.830026
0.8342
0.838413
0.842665
0.846958
0.851292
0.855668
0.860088
0.864553
0.869064
0.873622
0.87823
0.882889
0.887601
0.892368
0.897192
0.902075
0.90702
0.912029
0.917106
0.922253
0.927474
0.932772
0.93815
0.943613
0.949164
0.954809
0.960551
0.966396
0.972348
0.978415
0.9846
0.990911
0.997354
1.00394
1.01066
1.01755
1.02459
1.03181
1.0392
1.04679
1.05457
1.06256
1.07077
1.07922
1.08791
1.09685
1.10606
1.11555
1.12533
1.13543
1.14584
1.15659
1.1677
1.17917
1.19102
1.20327
1.21593
1.22901
1.24254
1.25652
1.27096
1.28589
1.3013
1.31721
1.33362
1.35054
1.36797
1.3859
1.40433
1.42326
1.44267
1.46253
1.48283
1.50353
1.5246
1.54601
1.56771
1.58965
1.61178
1.63406
1.65644
1.67889
1.70138
1.72388
1.74642
1.769
1.7917
1.81458
1.83774
1.86133
1.88546
1.91029
1.93593
1.96249
1.99003
2.01854
2.04797
2.0782
2.10904
2.14028
2.17166
2.20279
2.23339
2.26317
2.29189
2.31931
2.34528
2.36965
2.39232
2.41323
2.43235
2.44967
2.46521
2.47899
2.49106
2.50147
2.51028
2.51755
2.52335
2.52774
2.5308
2.53258
2.53314
2.53255
2.53087
2.52814
2.52443
2.51977
2.51422
2.50782
2.50061
2.49263
2.48391
2.47449
2.4644
2.45368
2.44235
2.43044
2.41798
2.40499
2.39151
2.37755
2.36317
0.615025
0.615063
0.615157
0.615305
0.615508
0.615765
0.616076
0.616441
0.61686
0.617333
0.61786
0.618441
0.619076
0.619764
0.620505
0.6213
0.622148
0.623049
0.624003
0.62501
0.626069
0.62718
0.628343
0.629559
0.630826
0.632144
0.633514
0.634934
0.636406
0.637927
0.639499
0.64112
0.642791
0.644511
0.64628
0.648098
0.649964
0.651878
0.653839
0.655847
0.657903
0.660005
0.662152
0.664346
0.666585
0.668869
0.671197
0.67357
0.675986
0.678446
0.680948
0.683493
0.68608
0.688709
0.69138
0.694091
0.696843
0.699634
0.702466
0.705337
0.708246
0.711195
0.714181
0.717205
0.720266
0.723365
0.7265
0.729671
0.732879
0.736122
0.7394
0.742714
0.746062
0.749445
0.752862
0.756313
0.759797
0.763316
0.766867
0.770453
0.774071
0.777722
0.781407
0.785124
0.788874
0.792658
0.796474
0.800324
0.804207
0.808123
0.812074
0.816058
0.820077
0.82413
0.828218
0.832343
0.836503
0.8407
0.844935
0.849208
0.85352
0.857872
0.862265
0.8667
0.871179
0.875702
0.880271
0.884887
0.889552
0.894268
0.899037
0.90386
0.90874
0.913678
0.918678
0.923742
0.928872
0.934072
0.939345
0.944694
0.950122
0.955633
0.961231
0.966921
0.972706
0.978592
0.984582
0.990683
0.9969
1.00324
1.0097
1.0163
1.02304
1.02993
1.03697
1.04418
1.05155
1.05911
1.06685
1.07478
1.08292
1.09128
1.09986
1.10867
1.11773
1.12705
1.13663
1.14648
1.15663
1.16707
1.17782
1.18889
1.20029
1.21203
1.22413
1.23658
1.24939
1.26259
1.27616
1.29011
1.30446
1.31919
1.33432
1.34983
1.36572
1.38198
1.3986
1.41558
1.43288
1.45049
1.46839
1.48656
1.50496
1.52356
1.54235
1.5613
1.58038
1.59957
1.61888
1.63828
1.65781
1.67748
1.69734
1.71744
1.73787
1.75871
1.78006
1.80202
1.82469
1.84816
1.8725
1.89773
1.92386
1.95085
1.9786
2.00699
2.03587
2.06505
2.09429
2.12332
2.15191
2.17983
2.2069
2.23293
2.25778
2.28131
2.30345
2.32411
2.34326
2.36086
2.37692
2.39142
2.40441
2.41589
2.42592
2.43452
2.44175
2.44765
2.45227
2.45566
2.45787
2.45895
2.45895
2.45791
2.45587
2.45289
2.449
2.44425
2.43866
2.43228
2.42514
2.41727
2.40872
2.3995
2.38965
2.3792
2.36817
2.3566
2.3445
2.33193
0.618931
0.618969
0.619065
0.619216
0.619422
0.619683
0.62
0.620371
0.620797
0.621278
0.621814
0.622405
0.62305
0.62375
0.624504
0.625312
0.626174
0.62709
0.628059
0.629083
0.630159
0.631289
0.632471
0.633706
0.634994
0.636333
0.637725
0.639168
0.640662
0.642208
0.643804
0.645451
0.647148
0.648894
0.65069
0.652535
0.654429
0.656372
0.658362
0.6604
0.662486
0.664618
0.666797
0.669021
0.671292
0.673608
0.675968
0.678373
0.680823
0.683315
0.685851
0.68843
0.69105
0.693713
0.696417
0.699162
0.701948
0.704774
0.707639
0.710544
0.713488
0.71647
0.71949
0.722548
0.725643
0.728774
0.731943
0.735147
0.738387
0.741662
0.744973
0.748318
0.751697
0.755111
0.758558
0.762039
0.765554
0.769101
0.772681
0.776295
0.77994
0.783618
0.787329
0.791072
0.794847
0.798654
0.802494
0.806366
0.81027
0.814207
0.818177
0.82218
0.826216
0.830286
0.83439
0.838528
0.842702
0.84691
0.851155
0.855437
0.859756
0.864114
0.868511
0.872948
0.877427
0.881948
0.886512
0.891122
0.895779
0.900483
0.905237
0.910043
0.914902
0.919817
0.92479
0.929822
0.934917
0.940077
0.945304
0.950603
0.955975
0.961424
0.966954
0.972568
0.97827
0.984065
0.989955
0.995947
1.00204
1.00825
1.01457
1.02102
1.02759
1.03429
1.04113
1.04812
1.05526
1.06255
1.07001
1.07764
1.08545
1.09345
1.10165
1.11004
1.11865
1.12747
1.13652
1.14581
1.15533
1.16511
1.17514
1.18544
1.19601
1.20686
1.21799
1.22941
1.24112
1.25313
1.26544
1.27805
1.29097
1.30418
1.31768
1.33148
1.34556
1.35992
1.37455
1.38943
1.40455
1.4199
1.43546
1.45122
1.46716
1.48326
1.49951
1.51591
1.53245
1.54912
1.56594
1.58291
1.60007
1.61746
1.63511
1.65309
1.67146
1.69029
1.70967
1.72968
1.75038
1.77183
1.79409
1.81717
1.84108
1.86578
1.89121
1.91728
1.94388
1.97088
1.9981
2.02534
2.05241
2.07912
2.10529
2.13076
2.15539
2.17905
2.20163
2.22304
2.24322
2.2621
2.27966
2.29587
2.31072
2.32422
2.33637
2.3472
2.35673
2.36499
2.372
2.37782
2.38246
2.38597
2.38839
2.38976
2.39011
2.38948
2.38792
2.38545
2.38211
2.37794
2.37298
2.36724
2.36077
2.35359
2.34574
2.33725
2.32814
2.31844
2.30818
2.29739
0.622977
0.623015
0.623113
0.623266
0.623476
0.623741
0.624063
0.62444
0.624873
0.625362
0.625906
0.626506
0.627161
0.627871
0.628636
0.629457
0.630332
0.631262
0.632246
0.633285
0.634377
0.635524
0.636724
0.637977
0.639283
0.640642
0.642054
0.643518
0.645034
0.646602
0.648221
0.64989
0.651611
0.653382
0.655203
0.657073
0.658993
0.660961
0.662978
0.665043
0.667156
0.669316
0.671522
0.673775
0.676074
0.678419
0.680808
0.683243
0.685721
0.688243
0.690808
0.693417
0.696067
0.698759
0.701493
0.704268
0.707083
0.709939
0.712834
0.715768
0.71874
0.721751
0.7248
0.727886
0.73101
0.734169
0.737365
0.740596
0.743863
0.747165
0.750501
0.753872
0.757276
0.760714
0.764185
0.767689
0.771226
0.774795
0.778397
0.78203
0.785695
0.789392
0.793121
0.796881
0.800672
0.804495
0.808349
0.812234
0.81615
0.820099
0.824078
0.82809
0.832133
0.836209
0.840318
0.844459
0.848634
0.852843
0.857087
0.861365
0.865679
0.87003
0.874418
0.878844
0.883309
0.887814
0.89236
0.896949
0.901581
0.906259
0.910983
0.915756
0.920578
0.925452
0.930379
0.935363
0.940404
0.945505
0.950668
0.955897
0.961194
0.966561
0.972002
0.977519
0.983117
0.988798
0.994567
1.00043
1.00638
1.01243
1.01859
1.02486
1.03123
1.03773
1.04435
1.05109
1.05797
1.06498
1.07214
1.07945
1.08691
1.09454
1.10233
1.11029
1.11843
1.12676
1.13527
1.14399
1.1529
1.16202
1.17135
1.1809
1.19066
1.20065
1.21087
1.22132
1.232
1.24292
1.25407
1.26545
1.27706
1.2889
1.30097
1.31325
1.32575
1.33846
1.35136
1.36446
1.37774
1.39119
1.40481
1.41858
1.4325
1.44656
1.46076
1.47511
1.4896
1.50425
1.51908
1.5341
1.54935
1.56487
1.5807
1.5969
1.61352
1.63063
1.64828
1.66654
1.68546
1.70509
1.72545
1.74658
1.76847
1.79108
1.81439
1.83833
1.8628
1.88772
1.91295
1.93836
1.96378
1.98906
2.01403
2.03857
2.06254
2.0858
2.10827
2.12983
2.15041
2.16994
2.18836
2.20564
2.22175
2.23666
2.25037
2.26288
2.27419
2.28431
2.29327
2.30107
2.30775
2.31333
2.31784
2.3213
2.32376
2.32523
2.32576
2.32537
2.32409
2.32196
2.319
2.31525
2.31074
2.30549
2.29954
2.29291
2.28563
2.27773
2.26923
2.26016
0.62719
0.627229
0.627328
0.627484
0.627696
0.627966
0.628292
0.628674
0.629113
0.629609
0.630161
0.630769
0.631433
0.632153
0.63293
0.633761
0.634649
0.635591
0.636589
0.637642
0.638749
0.639911
0.641127
0.642397
0.64372
0.645097
0.646527
0.64801
0.649546
0.651133
0.652773
0.654464
0.656206
0.657999
0.659842
0.661735
0.663678
0.665669
0.66771
0.669799
0.671936
0.674121
0.676352
0.67863
0.680954
0.683324
0.685739
0.688199
0.690703
0.69325
0.695841
0.698475
0.701151
0.703869
0.706628
0.709428
0.712268
0.715149
0.718068
0.721027
0.724023
0.727058
0.73013
0.73324
0.736385
0.739567
0.742784
0.746037
0.749324
0.752646
0.756002
0.759391
0.762814
0.766269
0.769757
0.773277
0.776829
0.780413
0.784028
0.787674
0.791351
0.795058
0.798797
0.802565
0.806364
0.810193
0.814052
0.817941
0.82186
0.82581
0.829789
0.833799
0.83784
0.841911
0.846014
0.850148
0.854313
0.85851
0.86274
0.867003
0.8713
0.875631
0.879997
0.884398
0.888836
0.893312
0.897826
0.902379
0.906973
0.911609
0.916288
0.921011
0.925781
0.930597
0.935464
0.940381
0.945351
0.950376
0.955457
0.960598
0.965801
0.971067
0.9764
0.981802
0.987275
0.992824
0.998451
1.00416
1.00995
1.01583
1.0218
1.02787
1.03403
1.0403
1.04668
1.05316
1.05976
1.06648
1.07332
1.08029
1.0874
1.09463
1.10201
1.10954
1.11721
1.12504
1.13303
1.14117
1.14949
1.15797
1.16662
1.17545
1.18445
1.19364
1.203
1.21254
1.22227
1.23218
1.24227
1.25254
1.26299
1.27361
1.2844
1.29536
1.30648
1.31776
1.3292
1.34078
1.3525
1.36436
1.37636
1.38848
1.40074
1.41313
1.42567
1.43834
1.45118
1.46419
1.47739
1.49082
1.50451
1.51848
1.5328
1.54749
1.56261
1.57822
1.59435
1.61107
1.6284
1.6464
1.66508
1.68445
1.70452
1.72527
1.74666
1.76866
1.79119
1.81418
1.83755
1.86118
1.88494
1.9087
1.93234
1.95573
1.97876
2.00131
2.02328
2.04457
2.0651
2.08479
2.10358
2.12142
2.13827
2.15408
2.16884
2.18254
2.19515
2.20669
2.21714
2.22652
2.23485
2.24212
2.24837
2.25361
2.25787
2.26116
2.26352
2.26496
2.26552
2.26522
2.26409
2.26215
2.25943
2.25597
2.25178
2.24689
2.24132
2.23511
2.22828
2.22084
0.631592
0.631632
0.631733
0.63189
0.632106
0.632378
0.632709
0.633096
0.633541
0.634043
0.634602
0.635217
0.63589
0.636619
0.637405
0.638247
0.639145
0.640099
0.641109
0.642175
0.643295
0.644471
0.645702
0.646987
0.648326
0.649719
0.651165
0.652665
0.654218
0.655824
0.657482
0.659191
0.660952
0.662765
0.664628
0.666541
0.668504
0.670516
0.672578
0.674688
0.676846
0.679052
0.681305
0.683605
0.68595
0.688342
0.690779
0.69326
0.695786
0.698355
0.700967
0.703623
0.70632
0.709059
0.711839
0.714659
0.71752
0.72042
0.723359
0.726337
0.729352
0.732405
0.735495
0.738622
0.741785
0.744983
0.748216
0.751483
0.754785
0.75812
0.761489
0.76489
0.768324
0.77179
0.775287
0.778816
0.782376
0.785966
0.789587
0.793237
0.796918
0.800628
0.804367
0.808135
0.811933
0.815759
0.819614
0.823498
0.82741
0.831351
0.83532
0.839319
0.843346
0.847402
0.851487
0.855602
0.859746
0.863921
0.868126
0.872361
0.876628
0.880927
0.885258
0.889622
0.89402
0.898452
0.90292
0.907424
0.911965
0.916545
0.921164
0.925823
0.930524
0.935269
0.940057
0.944893
0.949775
0.954707
0.959691
0.964727
0.969818
0.974967
0.980174
0.985443
0.990776
0.996175
1.00164
1.00718
1.01279
1.01848
1.02425
1.0301
1.03604
1.04207
1.04818
1.0544
1.06071
1.06712
1.07363
1.08026
1.08699
1.09384
1.10081
1.1079
1.11511
1.12245
1.12991
1.13751
1.14524
1.15311
1.16112
1.16926
1.17755
1.18598
1.19455
1.20326
1.21211
1.22111
1.23024
1.23951
1.24892
1.25846
1.26814
1.27794
1.28787
1.29792
1.3081
1.31839
1.3288
1.33932
1.34997
1.36073
1.37161
1.38263
1.39379
1.4051
1.41657
1.42824
1.44011
1.45222
1.4646
1.47729
1.49031
1.50372
1.51756
1.53186
1.54667
1.56202
1.57796
1.5945
1.61168
1.62949
1.64795
1.66703
1.68672
1.70697
1.72775
1.74899
1.77062
1.79257
1.81473
1.83699
1.85925
1.88141
1.90336
1.92499
1.94622
1.96696
1.98712
2.00662
2.02541
2.04341
2.06059
2.07689
2.09229
2.10675
2.12026
2.1328
2.14436
2.15493
2.16453
2.17315
2.18081
2.1875
2.19326
2.19808
2.202
2.20503
2.20718
2.20849
2.20898
2.20866
2.20756
2.2057
2.20311
2.19981
2.19582
2.19118
2.18589
2.17997
0.636202
0.636243
0.636345
0.636504
0.636722
0.636998
0.637332
0.637724
0.638174
0.638681
0.639246
0.639869
0.640549
0.641286
0.642081
0.642932
0.64384
0.644804
0.645825
0.646902
0.648034
0.649222
0.650466
0.651764
0.653117
0.654524
0.655986
0.6575
0.659069
0.66069
0.662364
0.66409
0.665867
0.667696
0.669577
0.671507
0.673488
0.675518
0.677597
0.679725
0.681901
0.684125
0.686396
0.688714
0.691078
0.693487
0.695942
0.698441
0.700985
0.703571
0.706201
0.708873
0.711587
0.714342
0.717139
0.719975
0.722851
0.725766
0.728719
0.731711
0.73474
0.737805
0.740908
0.744046
0.747219
0.750427
0.75367
0.756946
0.760255
0.763598
0.766972
0.770379
0.773817
0.777286
0.780786
0.784316
0.787875
0.791464
0.795082
0.79873
0.802405
0.806109
0.80984
0.8136
0.817387
0.821201
0.825043
0.828911
0.832807
0.836729
0.840679
0.844655
0.848658
0.852688
0.856746
0.860831
0.864943
0.869083
0.873251
0.877447
0.881672
0.885926
0.89021
0.894524
0.898869
0.903245
0.907653
0.912094
0.916569
0.921078
0.925623
0.930204
0.934822
0.939479
0.944176
0.948914
0.953695
0.958519
0.963388
0.968305
0.973269
0.978284
0.983351
0.988471
0.993648
0.998881
1.00417
1.00953
1.01495
1.02043
1.02599
1.03161
1.03731
1.04308
1.04893
1.05486
1.06087
1.06697
1.07315
1.07943
1.08579
1.09225
1.09881
1.10547
1.11222
1.11908
1.12605
1.13312
1.14029
1.14758
1.15497
1.16248
1.17009
1.17782
1.18566
1.1936
1.20166
1.20983
1.21811
1.22649
1.23498
1.24357
1.25226
1.26106
1.26996
1.27895
1.28805
1.29725
1.30655
1.31595
1.32546
1.33508
1.34483
1.3547
1.36472
1.37489
1.38524
1.39579
1.40656
1.41757
1.42885
1.44044
1.45238
1.46468
1.4774
1.49057
1.50422
1.51838
1.53308
1.54835
1.56419
1.58063
1.59765
1.61525
1.63342
1.65212
1.67133
1.69098
1.71104
1.73143
1.75208
1.77291
1.79381
1.81471
1.83552
1.85614
1.8765
1.8965
1.91607
1.93515
1.95365
1.97153
1.98872
2.00519
2.02088
2.03577
2.04982
2.06302
2.07534
2.08678
2.09732
2.10697
2.11571
2.12357
2.13053
2.13661
2.14182
2.14618
2.14969
2.15238
2.15427
2.15536
2.15568
2.15525
2.15409
2.15222
2.14966
2.14642
2.14255
2.13802
0.641035
0.641076
0.641179
0.64134
0.64156
0.641839
0.642176
0.642572
0.643026
0.643539
0.644109
0.644738
0.645425
0.646169
0.646971
0.64783
0.648747
0.64972
0.65075
0.651837
0.65298
0.654179
0.655433
0.656743
0.658108
0.659527
0.661001
0.662529
0.66411
0.665745
0.667432
0.669172
0.670964
0.672807
0.674701
0.676646
0.678642
0.680686
0.68278
0.684923
0.687114
0.689352
0.691638
0.69397
0.696348
0.698772
0.70124
0.703753
0.70631
0.70891
0.711553
0.714237
0.716963
0.71973
0.722538
0.725385
0.728271
0.731195
0.734158
0.737158
0.740194
0.743267
0.746376
0.74952
0.752698
0.75591
0.759155
0.762433
0.765744
0.769087
0.77246
0.775865
0.7793
0.782765
0.786259
0.789782
0.793334
0.796914
0.800522
0.804157
0.807819
0.811508
0.815224
0.818965
0.822733
0.826526
0.830344
0.834188
0.838057
0.841951
0.84587
0.849814
0.853783
0.857777
0.861796
0.865839
0.869908
0.874002
0.878122
0.882267
0.886439
0.890636
0.894861
0.899112
0.903391
0.907698
0.912034
0.916399
0.920794
0.92522
0.929677
0.934166
0.938688
0.943244
0.947835
0.952462
0.957126
0.961828
0.966569
0.971352
0.976176
0.981043
0.985955
0.990914
0.99592
1.00098
1.00608
1.01124
1.01645
1.02172
1.02705
1.03243
1.03788
1.04339
1.04896
1.05461
1.06031
1.06609
1.07195
1.07787
1.08387
1.08995
1.0961
1.10234
1.10865
1.11505
1.12153
1.12809
1.13474
1.14148
1.1483
1.1552
1.1622
1.16928
1.17644
1.18369
1.19103
1.19845
1.20596
1.21355
1.22122
1.22898
1.23682
1.24474
1.25275
1.26084
1.26901
1.27727
1.28563
1.29408
1.30264
1.31131
1.3201
1.32902
1.33809
1.34732
1.35673
1.36634
1.37617
1.38625
1.39661
1.40727
1.41826
1.42962
1.44138
1.45356
1.46619
1.4793
1.49292
1.50705
1.52172
1.53694
1.55269
1.56899
1.58581
1.60313
1.62092
1.63915
1.65778
1.67675
1.69601
1.71548
1.73509
1.75476
1.77442
1.79399
1.8134
1.83256
1.85142
1.8699
1.88794
1.90548
1.92246
1.93884
1.95457
1.96961
1.98393
1.9975
2.0103
2.02231
2.03351
2.04389
2.05345
2.06218
2.07009
2.07717
2.08342
2.08887
2.09351
2.09736
2.10042
2.10272
2.10427
2.10508
2.10517
2.10456
2.10326
2.10129
2.09868
2.0954
0.646101
0.646143
0.646246
0.646409
0.646631
0.646912
0.647252
0.647651
0.648109
0.648626
0.649201
0.649835
0.650527
0.651278
0.652086
0.652952
0.653876
0.654857
0.655895
0.65699
0.658142
0.65935
0.660614
0.661933
0.663308
0.664737
0.666222
0.66776
0.669352
0.670998
0.672696
0.674448
0.676251
0.678105
0.680011
0.681968
0.683974
0.686031
0.688136
0.69029
0.692492
0.694742
0.697038
0.699381
0.70177
0.704203
0.706682
0.709204
0.71177
0.714379
0.71703
0.719722
0.722456
0.72523
0.728043
0.730896
0.733787
0.736716
0.739682
0.742684
0.745723
0.748797
0.751906
0.755049
0.758226
0.761435
0.764677
0.767951
0.771256
0.774592
0.777958
0.781353
0.784778
0.788231
0.791712
0.795221
0.798757
0.80232
0.805909
0.809524
0.813164
0.81683
0.82052
0.824235
0.827974
0.831737
0.835523
0.839333
0.843166
0.847021
0.8509
0.854802
0.858726
0.862672
0.866642
0.870634
0.874648
0.878685
0.882745
0.886828
0.890934
0.895064
0.899217
0.903394
0.907595
0.911821
0.916072
0.920348
0.924651
0.92898
0.933337
0.937721
0.942134
0.946576
0.951048
0.955551
0.960085
0.964653
0.969253
0.973889
0.97856
0.983267
0.988013
0.992797
0.997621
1.00249
1.00739
1.01235
1.01734
1.02239
1.02748
1.03262
1.03781
1.04305
1.04834
1.05369
1.0591
1.06456
1.07008
1.07566
1.08129
1.08699
1.09276
1.09858
1.10447
1.11042
1.11644
1.12253
1.12868
1.1349
1.14118
1.14753
1.15395
1.16044
1.16699
1.17361
1.18029
1.18705
1.19387
1.20075
1.20771
1.21473
1.22182
1.22898
1.23621
1.24352
1.2509
1.25837
1.26593
1.27358
1.28133
1.28919
1.29718
1.3053
1.31356
1.322
1.33062
1.33944
1.34848
1.35777
1.36734
1.3772
1.38738
1.39792
1.40883
1.42015
1.43189
1.44408
1.45674
1.46988
1.48352
1.49765
1.51229
1.52742
1.54305
1.55914
1.57567
1.59263
1.60996
1.62764
1.64562
1.66383
1.68221
1.70071
1.71925
1.73778
1.75621
1.7745
1.79256
1.81035
1.8278
1.84485
1.86146
1.87757
1.89314
1.90812
1.92249
1.9362
1.94924
1.96158
1.97319
1.98407
1.9942
2.00357
2.01218
2.02002
2.0271
2.03341
2.03895
2.04375
2.0478
2.05111
2.05369
2.05556
2.05672
2.0572
2.057
2.05614
2.05464
2.05248
0.651407
0.651449
0.651553
0.651717
0.651941
0.652224
0.652566
0.652968
0.653429
0.65395
0.654529
0.655167
0.655864
0.656619
0.657433
0.658305
0.659235
0.660222
0.661267
0.662369
0.663527
0.664743
0.666014
0.667341
0.668724
0.670162
0.671654
0.673201
0.674801
0.676456
0.678163
0.679922
0.681734
0.683598
0.685512
0.687477
0.689492
0.691557
0.69367
0.695832
0.698042
0.700299
0.702602
0.704952
0.707347
0.709787
0.712271
0.714799
0.71737
0.719982
0.722637
0.725333
0.728069
0.730844
0.733659
0.736512
0.739402
0.74233
0.745294
0.748294
0.751329
0.754399
0.757502
0.760638
0.763807
0.767008
0.770239
0.773502
0.776795
0.780117
0.783467
0.786847
0.790253
0.793687
0.797148
0.800635
0.804147
0.807685
0.811247
0.814833
0.818443
0.822077
0.825733
0.829412
0.833113
0.836837
0.840581
0.844347
0.848134
0.851942
0.855771
0.859619
0.863489
0.867378
0.871287
0.875217
0.879166
0.883136
0.887125
0.891134
0.895164
0.899214
0.903284
0.907375
0.911487
0.91562
0.919774
0.92395
0.928149
0.932369
0.936613
0.940881
0.945172
0.949488
0.953829
0.958196
0.96259
0.96701
0.971459
0.975936
0.980442
0.984979
0.989547
0.994147
0.998779
1.00345
1.00815
1.01288
1.01766
1.02247
1.02732
1.03221
1.03713
1.0421
1.04712
1.05217
1.05727
1.06242
1.06761
1.07285
1.07813
1.08346
1.08884
1.09427
1.09975
1.10528
1.11086
1.11649
1.12218
1.12791
1.1337
1.13953
1.14542
1.15136
1.15736
1.1634
1.1695
1.17566
1.18186
1.18812
1.19444
1.20082
1.20725
1.21375
1.22032
1.22695
1.23365
1.24044
1.24731
1.25427
1.26134
1.26852
1.27583
1.28327
1.29086
1.29862
1.30657
1.31471
1.32309
1.3317
1.34059
1.34976
1.35924
1.36907
1.37925
1.38981
1.40077
1.41214
1.42396
1.43622
1.44894
1.46212
1.47577
1.48987
1.50443
1.51942
1.53483
1.55064
1.56681
1.58332
1.60012
1.61717
1.63442
1.65181
1.66928
1.68679
1.70426
1.72165
1.73889
1.75593
1.77271
1.78919
1.8053
1.82101
1.83627
1.85105
1.86529
1.87897
1.89206
1.90453
1.91636
1.92752
1.93802
1.94782
1.95692
1.96532
1.97301
1.97998
1.98624
1.99178
1.99662
2.00075
2.00419
2.00694
2.00901
2.01041
2.01116
2.01126
2.01073
2.00954
0.656956
0.656999
0.657104
0.657269
0.657493
0.657778
0.658123
0.658527
0.65899
0.659513
0.660096
0.660737
0.661438
0.662197
0.663015
0.663891
0.664826
0.665818
0.666868
0.667975
0.669139
0.67036
0.671637
0.67297
0.674358
0.675802
0.677301
0.678854
0.68046
0.68212
0.683834
0.685599
0.687417
0.689286
0.691206
0.693176
0.695197
0.697266
0.699384
0.701551
0.703765
0.706025
0.708332
0.710685
0.713082
0.715524
0.71801
0.720539
0.72311
0.725722
0.728376
0.73107
0.733803
0.736576
0.739386
0.742234
0.745119
0.74804
0.750997
0.753988
0.757014
0.760072
0.763164
0.766287
0.769442
0.772627
0.775842
0.779087
0.78236
0.785661
0.78899
0.792345
0.795727
0.799134
0.802567
0.806024
0.809504
0.813009
0.816536
0.820085
0.823657
0.827249
0.830863
0.834498
0.838152
0.841826
0.84552
0.849233
0.852965
0.856715
0.860484
0.86427
0.868074
0.871896
0.875736
0.879592
0.883466
0.887357
0.891265
0.89519
0.899132
0.903092
0.907068
0.911062
0.915073
0.919102
0.923149
0.927213
0.931296
0.935397
0.939517
0.943657
0.947816
0.951995
0.956194
0.960414
0.964655
0.968919
0.973204
0.977513
0.981845
0.986202
0.990583
0.994989
0.999421
1.00388
1.00837
1.01288
1.01743
1.022
1.0266
1.03123
1.0359
1.0406
1.04533
1.05009
1.05489
1.05972
1.06459
1.06949
1.07443
1.07941
1.08442
1.08947
1.09456
1.09968
1.10485
1.11005
1.1153
1.12058
1.1259
1.13126
1.13667
1.14211
1.1476
1.15312
1.15869
1.16431
1.16997
1.17568
1.18143
1.18724
1.1931
1.19902
1.20501
1.21105
1.21717
1.22337
1.22966
1.23604
1.24252
1.24912
1.25584
1.26271
1.26972
1.27691
1.28428
1.29186
1.29965
1.30769
1.31598
1.32456
1.33343
1.34263
1.35217
1.36206
1.37233
1.383
1.39406
1.40555
1.41746
1.42979
1.44255
1.45574
1.46935
1.48336
1.49777
1.51255
1.52767
1.54312
1.55885
1.57483
1.59102
1.60737
1.62383
1.64036
1.65689
1.67339
1.6898
1.70606
1.72214
1.73798
1.75353
1.76876
1.78361
1.79805
1.81204
1.82555
1.83854
1.85099
1.86287
1.87416
1.88484
1.8949
1.90432
1.9131
1.92122
1.92867
1.93546
1.94158
1.94704
1.95183
1.95595
1.95942
1.96224
1.96441
1.96595
1.96686
1.96716
1.96682
0.66275
0.662793
0.662898
0.663064
0.663289
0.663575
0.663921
0.664327
0.664792
0.665318
0.665902
0.666546
0.667249
0.668012
0.668833
0.669712
0.67065
0.671645
0.672699
0.673809
0.674977
0.676202
0.677483
0.678819
0.680212
0.681659
0.683162
0.684718
0.686329
0.687992
0.689709
0.691478
0.693298
0.69517
0.697093
0.699065
0.701088
0.703159
0.705278
0.707446
0.70966
0.711921
0.714227
0.716579
0.718975
0.721415
0.723897
0.726422
0.728989
0.731597
0.734245
0.736932
0.739658
0.742423
0.745224
0.748062
0.750936
0.753845
0.756788
0.759765
0.762775
0.765817
0.76889
0.771994
0.775128
0.778292
0.781484
0.784704
0.787951
0.791224
0.794524
0.797848
0.801198
0.804571
0.807967
0.811387
0.814828
0.818291
0.821775
0.825279
0.828803
0.832347
0.835909
0.839491
0.84309
0.846706
0.85034
0.853991
0.857658
0.861341
0.86504
0.868755
0.872484
0.876229
0.879988
0.883762
0.88755
0.891353
0.895169
0.899
0.902844
0.906702
0.910575
0.914461
0.918361
0.922275
0.926203
0.930145
0.934102
0.938073
0.942059
0.94606
0.950076
0.954108
0.958155
0.962218
0.966298
0.970395
0.974508
0.978639
0.982789
0.986956
0.991142
0.995348
0.999573
1.00382
1.00808
1.01237
1.01668
1.02101
1.02537
1.02974
1.03414
1.03857
1.04302
1.04749
1.05199
1.05651
1.06106
1.06564
1.07025
1.07488
1.07954
1.08422
1.08894
1.09368
1.09846
1.10326
1.10809
1.11295
1.11785
1.12277
1.12773
1.13272
1.13774
1.1428
1.14789
1.15302
1.1582
1.16341
1.16867
1.17398
1.17934
1.18475
1.19023
1.19577
1.20138
1.20708
1.21286
1.21873
1.22471
1.23081
1.23704
1.24341
1.24993
1.25662
1.2635
1.27058
1.27787
1.2854
1.29319
1.30124
1.30958
1.31823
1.3272
1.33651
1.34617
1.3562
1.36661
1.3774
1.38859
1.40017
1.41215
1.42452
1.43728
1.45042
1.46392
1.47778
1.49196
1.50644
1.5212
1.53621
1.55142
1.56681
1.58232
1.59792
1.61356
1.62919
1.64478
1.66027
1.67562
1.69079
1.70573
1.72041
1.73477
1.74879
1.76243
1.77565
1.78843
1.80073
1.81253
1.82381
1.83454
1.84471
1.85431
1.86331
1.87171
1.87949
1.88666
1.8932
1.89912
1.90441
1.90907
1.91311
1.91653
1.91933
1.92152
1.92311
1.9241
1.92448
0.668784
0.668827
0.668933
0.669099
0.669325
0.669612
0.669959
0.670366
0.670832
0.671359
0.671945
0.672591
0.673296
0.674059
0.674882
0.675764
0.676703
0.677701
0.678756
0.679869
0.681039
0.682265
0.683548
0.684887
0.686281
0.68773
0.689234
0.690792
0.692403
0.694068
0.695785
0.697554
0.699375
0.701247
0.703169
0.705141
0.707162
0.709231
0.711349
0.713513
0.715725
0.717982
0.720284
0.72263
0.725021
0.727454
0.72993
0.732447
0.735005
0.737603
0.740241
0.742917
0.745631
0.748382
0.751169
0.753992
0.756849
0.75974
0.762665
0.765621
0.76861
0.771629
0.774678
0.777757
0.780864
0.783999
0.787161
0.79035
0.793564
0.796803
0.800066
0.803353
0.806662
0.809994
0.813347
0.816721
0.820115
0.823529
0.826961
0.830412
0.833881
0.837368
0.840871
0.84439
0.847925
0.851475
0.85504
0.85862
0.862213
0.86582
0.86944
0.873073
0.876719
0.880376
0.884046
0.887728
0.89142
0.895125
0.89884
0.902566
0.906303
0.91005
0.913808
0.917577
0.921355
0.925145
0.928945
0.932755
0.936576
0.940407
0.944249
0.948102
0.951966
0.955841
0.959727
0.963624
0.967534
0.971455
0.975388
0.979334
0.983293
0.987264
0.991249
0.995247
0.99926
1.00329
1.00733
1.01138
1.01545
1.01954
1.02364
1.02776
1.0319
1.03605
1.04022
1.04441
1.04862
1.05284
1.05708
1.06134
1.06562
1.06992
1.07424
1.07858
1.08294
1.08733
1.09173
1.09615
1.1006
1.10507
1.10957
1.11409
1.11864
1.12321
1.12781
1.13245
1.13711
1.14181
1.14654
1.15132
1.15614
1.161
1.16592
1.17089
1.17592
1.18102
1.18619
1.19145
1.19679
1.20223
1.20778
1.21345
1.21925
1.22519
1.23128
1.23755
1.244
1.25064
1.2575
1.26459
1.27193
1.27952
1.2874
1.29556
1.30403
1.31282
1.32194
1.33141
1.34123
1.3514
1.36194
1.37285
1.38413
1.39577
1.40778
1.42013
1.43282
1.44584
1.45917
1.47278
1.48666
1.50077
1.51509
1.52958
1.54421
1.55894
1.57372
1.58853
1.60332
1.61805
1.63268
1.64716
1.66147
1.67556
1.68939
1.70294
1.71616
1.72902
1.74149
1.75355
1.76516
1.77631
1.78698
1.79713
1.80677
1.81586
1.82441
1.83239
1.83979
1.84662
1.85287
1.85852
1.86359
1.86806
1.87195
1.87525
1.87796
1.8801
1.88166
1.88264
0.675054
0.675097
0.675203
0.675369
0.675596
0.675883
0.67623
0.676637
0.677104
0.677632
0.678218
0.678865
0.67957
0.680335
0.681158
0.68204
0.68298
0.683978
0.685034
0.686147
0.687317
0.688544
0.689827
0.691165
0.692559
0.694008
0.695511
0.697068
0.698678
0.700341
0.702056
0.703824
0.705642
0.70751
0.709429
0.711397
0.713413
0.715478
0.71759
0.719748
0.721952
0.724202
0.726496
0.728834
0.731214
0.733637
0.736102
0.738607
0.741152
0.743736
0.746358
0.749018
0.751715
0.754447
0.757215
0.760017
0.762852
0.765721
0.76862
0.771551
0.774513
0.777503
0.780523
0.78357
0.786644
0.789744
0.79287
0.79602
0.799195
0.802392
0.805612
0.808854
0.812116
0.815399
0.818701
0.822022
0.825362
0.828719
0.832092
0.835482
0.838888
0.842309
0.845744
0.849193
0.852655
0.85613
0.859618
0.863118
0.866629
0.87015
0.873683
0.877226
0.880778
0.88434
0.887911
0.891491
0.895079
0.898675
0.90228
0.905892
0.909512
0.913139
0.916773
0.920415
0.924063
0.927719
0.931381
0.93505
0.938725
0.942408
0.946097
0.949793
0.953496
0.957206
0.960923
0.964647
0.968378
0.972116
0.975862
0.979616
0.983377
0.987146
0.990924
0.99471
0.998505
1.00231
1.00612
1.00994
1.01378
1.01762
1.02147
1.02533
1.0292
1.03309
1.03698
1.04089
1.0448
1.04873
1.05268
1.05663
1.0606
1.06458
1.06857
1.07258
1.07661
1.08065
1.0847
1.08877
1.09286
1.09697
1.1011
1.10524
1.10941
1.11361
1.11783
1.12207
1.12635
1.13066
1.135
1.13939
1.14381
1.14828
1.15281
1.15739
1.16203
1.16674
1.17153
1.1764
1.18136
1.18643
1.1916
1.1969
1.20232
1.20789
1.21362
1.21951
1.22559
1.23186
1.23834
1.24504
1.25198
1.25917
1.26663
1.27436
1.28238
1.29071
1.29935
1.30831
1.3176
1.32722
1.33719
1.34749
1.35814
1.36913
1.38044
1.39209
1.40405
1.41631
1.42886
1.44169
1.45476
1.46805
1.48155
1.49522
1.50902
1.52293
1.53692
1.55094
1.56496
1.57894
1.59286
1.60667
1.62034
1.63382
1.6471
1.66013
1.67288
1.68532
1.69743
1.70917
1.72052
1.73146
1.74196
1.75201
1.76158
1.77066
1.77923
1.78729
1.79482
1.80182
1.80827
1.81417
1.81952
1.8243
1.82854
1.83221
1.83533
1.83789
1.83991
1.84135
0.681549
0.681592
0.681698
0.681865
0.682091
0.682378
0.682726
0.683133
0.6836
0.684127
0.684713
0.685359
0.686064
0.686829
0.687651
0.688533
0.689472
0.690469
0.691524
0.692636
0.693805
0.69503
0.696311
0.697647
0.699038
0.700484
0.701984
0.703538
0.705145
0.706803
0.708514
0.710276
0.712089
0.713952
0.715864
0.717825
0.719834
0.72189
0.723993
0.726141
0.728335
0.730573
0.732855
0.73518
0.737547
0.739956
0.742404
0.744893
0.74742
0.749986
0.752588
0.755227
0.757902
0.760611
0.763355
0.766131
0.768939
0.771779
0.774649
0.777548
0.780477
0.783433
0.786416
0.789425
0.79246
0.79552
0.798603
0.801709
0.804837
0.807986
0.811156
0.814346
0.817554
0.820781
0.824025
0.827286
0.830564
0.833856
0.837163
0.840484
0.843819
0.847166
0.850525
0.853896
0.857278
0.86067
0.864072
0.867483
0.870903
0.874332
0.877768
0.881211
0.884662
0.888119
0.891583
0.895052
0.898527
0.902007
0.905492
0.908981
0.912475
0.915973
0.919475
0.922981
0.92649
0.930003
0.933519
0.937038
0.94056
0.944085
0.947614
0.951145
0.954679
0.958216
0.961756
0.965299
0.968845
0.972394
0.975947
0.979502
0.983061
0.986623
0.990189
0.993759
0.997333
1.00091
1.00449
1.00808
1.01167
1.01526
1.01887
1.02247
1.02608
1.0297
1.03332
1.03695
1.04059
1.04423
1.04788
1.05154
1.05521
1.05888
1.06256
1.06626
1.06996
1.07368
1.0774
1.08114
1.0849
1.08867
1.09245
1.09626
1.10008
1.10393
1.1078
1.11169
1.11562
1.11957
1.12357
1.1276
1.13167
1.1358
1.13997
1.14421
1.14851
1.15288
1.15733
1.16187
1.1665
1.17123
1.17607
1.18104
1.18614
1.19139
1.19679
1.20236
1.2081
1.21404
1.22019
1.22655
1.23314
1.23997
1.24705
1.2544
1.26202
1.26993
1.27814
1.28664
1.29546
1.30459
1.31403
1.32379
1.33387
1.34426
1.35496
1.36596
1.37726
1.38883
1.40068
1.41278
1.42511
1.43766
1.45039
1.46329
1.47633
1.48948
1.50271
1.51598
1.52927
1.54255
1.55577
1.56891
1.58194
1.59483
1.60753
1.62002
1.63228
1.64427
1.65596
1.66734
1.67836
1.68902
1.69929
1.70914
1.71857
1.72755
1.73606
1.74411
1.75166
1.75872
1.76528
1.77131
1.77684
1.78183
1.7863
1.79024
1.79366
1.79654
1.7989
1.8007
0.68826
0.688303
0.688409
0.688575
0.688801
0.689088
0.689434
0.689841
0.690307
0.690833
0.691419
0.692064
0.692767
0.69353
0.694351
0.69523
0.696168
0.697163
0.698215
0.699324
0.700489
0.701711
0.702988
0.70432
0.705707
0.707149
0.708643
0.710191
0.711792
0.713444
0.715148
0.716902
0.718706
0.72056
0.722463
0.724414
0.726412
0.728456
0.730547
0.732682
0.734862
0.737086
0.739352
0.74166
0.744009
0.746399
0.748828
0.751296
0.753801
0.756344
0.758922
0.761536
0.764183
0.766865
0.769578
0.772324
0.7751
0.777905
0.78074
0.783603
0.786493
0.789409
0.79235
0.795316
0.798306
0.801318
0.804352
0.807407
0.810483
0.813577
0.816691
0.819822
0.82297
0.826134
0.829313
0.832507
0.835715
0.838935
0.842169
0.845414
0.848669
0.851936
0.855211
0.858496
0.86179
0.865091
0.868399
0.871714
0.875035
0.878362
0.881693
0.88503
0.88837
0.891715
0.895062
0.898413
0.901766
0.905121
0.908478
0.911836
0.915196
0.918557
0.921918
0.92528
0.928642
0.932004
0.935366
0.938728
0.942089
0.94545
0.94881
0.952169
0.955527
0.958885
0.962242
0.965598
0.968953
0.972307
0.97566
0.979013
0.982364
0.985716
0.989066
0.992416
0.995766
0.999115
1.00246
1.00581
1.00916
1.01251
1.01587
1.01922
1.02257
1.02593
1.02928
1.03264
1.036
1.03937
1.04273
1.0461
1.04948
1.05286
1.05625
1.05964
1.06304
1.06645
1.06987
1.0733
1.07674
1.08019
1.08366
1.08715
1.09065
1.09418
1.09773
1.1013
1.10491
1.10855
1.11223
1.11594
1.11971
1.12352
1.12739
1.13131
1.13531
1.13938
1.14353
1.14777
1.15211
1.15655
1.16111
1.16579
1.17061
1.17556
1.18068
1.18596
1.19141
1.19706
1.2029
1.20896
1.21523
1.22174
1.22849
1.23549
1.24275
1.25029
1.2581
1.26619
1.27457
1.28325
1.29222
1.30148
1.31104
1.32089
1.33103
1.34145
1.35214
1.36309
1.37429
1.38572
1.39738
1.40923
1.42127
1.43346
1.44579
1.45822
1.47073
1.4833
1.4959
1.50849
1.52105
1.53354
1.54594
1.55822
1.57035
1.5823
1.59405
1.60556
1.61681
1.62778
1.63844
1.64876
1.65874
1.66834
1.67756
1.68637
1.69475
1.7027
1.7102
1.71724
1.72381
1.7299
1.73551
1.74062
1.74524
1.74936
1.75297
1.75608
1.75869
1.76077
0.695172
0.695215
0.695321
0.695486
0.695712
0.695998
0.696343
0.696749
0.697213
0.697738
0.698321
0.698964
0.699665
0.700425
0.701244
0.70212
0.703054
0.704045
0.705093
0.706198
0.707358
0.708575
0.709846
0.711173
0.712553
0.713987
0.715475
0.717015
0.718606
0.72025
0.721944
0.723688
0.725481
0.727323
0.729214
0.731151
0.733135
0.735165
0.73724
0.739359
0.741521
0.743726
0.745973
0.748261
0.750589
0.752956
0.755361
0.757804
0.760283
0.762798
0.765348
0.767931
0.770548
0.773196
0.775875
0.778585
0.781323
0.78409
0.786884
0.789705
0.792551
0.795421
0.798315
0.801232
0.804171
0.80713
0.810109
0.813108
0.816124
0.819158
0.822208
0.825274
0.828355
0.831449
0.834557
0.837677
0.840808
0.843951
0.847103
0.850265
0.853435
0.856612
0.859798
0.862989
0.866186
0.869389
0.872596
0.875807
0.879022
0.882239
0.885459
0.88868
0.891903
0.895126
0.89835
0.901574
0.904798
0.90802
0.911242
0.914462
0.91768
0.920895
0.924108
0.927319
0.930526
0.93373
0.936931
0.940128
0.943321
0.946511
0.949696
0.952877
0.956054
0.959226
0.962394
0.965557
0.968716
0.971871
0.97502
0.978166
0.981307
0.984444
0.987576
0.990704
0.993828
0.996949
1.00007
1.00318
1.00629
1.00939
1.0125
1.0156
1.0187
1.02179
1.02489
1.02798
1.03108
1.03417
1.03726
1.04036
1.04346
1.04655
1.04966
1.05276
1.05588
1.059
1.06212
1.06526
1.06841
1.07157
1.07474
1.07793
1.08114
1.08438
1.08763
1.09092
1.09424
1.09759
1.10098
1.10441
1.10789
1.11142
1.11501
1.11867
1.12239
1.1262
1.13008
1.13406
1.13814
1.14232
1.14663
1.15105
1.15561
1.16032
1.16518
1.1702
1.1754
1.18078
1.18635
1.19213
1.19812
1.20433
1.21078
1.21747
1.2244
1.23159
1.23904
1.24676
1.25475
1.26301
1.27155
1.28036
1.28944
1.2988
1.30842
1.3183
1.32843
1.3388
1.34941
1.36023
1.37126
1.38247
1.39386
1.40539
1.41705
1.42882
1.44067
1.45257
1.4645
1.47644
1.48836
1.50022
1.51202
1.52371
1.53527
1.54667
1.5579
1.56892
1.57971
1.59024
1.6005
1.61047
1.62011
1.62942
1.63837
1.64696
1.65515
1.66294
1.67032
1.67728
1.68379
1.68986
1.69548
1.70063
1.70532
1.70953
1.71327
1.71653
1.71932
1.7216
0.70227
0.702313
0.702418
0.702583
0.702808
0.703092
0.703436
0.70384
0.704302
0.704824
0.705405
0.706045
0.706743
0.707499
0.708314
0.709186
0.710115
0.711101
0.712143
0.713242
0.714396
0.715606
0.71687
0.718188
0.71956
0.720985
0.722463
0.723993
0.725574
0.727206
0.728888
0.730619
0.732399
0.734226
0.736101
0.738023
0.73999
0.742002
0.744058
0.746157
0.748299
0.750482
0.752706
0.754969
0.757272
0.759612
0.76199
0.764404
0.766853
0.769336
0.771853
0.774402
0.776982
0.779593
0.782234
0.784902
0.787599
0.790322
0.79307
0.795844
0.79864
0.80146
0.804301
0.807163
0.810045
0.812946
0.815864
0.8188
0.821752
0.824719
0.8277
0.830695
0.833702
0.836721
0.83975
0.84279
0.845838
0.848895
0.85196
0.855031
0.858109
0.861192
0.864279
0.86737
0.870465
0.873561
0.87666
0.87976
0.882861
0.885962
0.889062
0.892161
0.895259
0.898355
0.901448
0.904538
0.907625
0.910708
0.913787
0.916861
0.91993
0.922993
0.926052
0.929104
0.93215
0.93519
0.938223
0.941249
0.944268
0.94728
0.950285
0.953282
0.956271
0.959253
0.962227
0.965194
0.968152
0.971103
0.974046
0.976981
0.979909
0.982829
0.985741
0.988646
0.991544
0.994434
0.997318
1.00019
1.00307
1.00593
1.00879
1.01164
1.01449
1.01733
1.02017
1.02301
1.02584
1.02867
1.0315
1.03433
1.03716
1.03999
1.04282
1.04565
1.04849
1.05134
1.05419
1.05705
1.05992
1.06281
1.06571
1.06863
1.07157
1.07453
1.07752
1.08054
1.08359
1.08668
1.08981
1.09298
1.09621
1.09949
1.10283
1.10624
1.10973
1.11329
1.11694
1.12068
1.12453
1.12848
1.13255
1.13675
1.14109
1.14556
1.15019
1.15498
1.15994
1.16508
1.17041
1.17594
1.18167
1.18762
1.19379
1.20019
1.20682
1.21369
1.22081
1.22819
1.23581
1.24369
1.25183
1.26022
1.26887
1.27776
1.28691
1.29629
1.30591
1.31575
1.32581
1.33606
1.34651
1.35713
1.36791
1.37883
1.38987
1.401
1.41222
1.42349
1.4348
1.44612
1.45742
1.46868
1.47988
1.49099
1.50199
1.51286
1.52356
1.53409
1.54441
1.5545
1.56434
1.57391
1.5832
1.59218
1.60083
1.60915
1.61711
1.62469
1.6319
1.63871
1.64511
1.6511
1.65666
1.6618
1.66649
1.67074
1.67454
1.67789
1.68078
1.6832
0.709537
0.709579
0.709684
0.709848
0.710071
0.710354
0.710696
0.711097
0.711557
0.712076
0.712654
0.713289
0.713983
0.714735
0.715544
0.71641
0.717333
0.718313
0.719348
0.72044
0.721586
0.722787
0.724042
0.72535
0.726712
0.728126
0.729593
0.73111
0.732678
0.734296
0.735963
0.737679
0.739442
0.741253
0.74311
0.745013
0.74696
0.748951
0.750985
0.753061
0.755179
0.757337
0.759534
0.76177
0.764044
0.766354
0.768701
0.771082
0.773496
0.775944
0.778423
0.780934
0.783474
0.786043
0.78864
0.791264
0.793913
0.796588
0.799286
0.802007
0.804749
0.807513
0.810296
0.813098
0.815918
0.818755
0.821607
0.824475
0.827356
0.83025
0.833157
0.836074
0.839002
0.841939
0.844884
0.847837
0.850797
0.853763
0.856733
0.859708
0.862687
0.865668
0.868651
0.871635
0.87462
0.877605
0.880589
0.883571
0.886551
0.889529
0.892503
0.895474
0.89844
0.901401
0.904356
0.907306
0.91025
0.913186
0.916116
0.919038
0.921951
0.924857
0.927754
0.930642
0.933521
0.93639
0.93925
0.9421
0.944939
0.947769
0.950588
0.953397
0.956194
0.958982
0.961758
0.964524
0.967278
0.970023
0.972756
0.975478
0.97819
0.980892
0.983583
0.986264
0.988935
0.991596
0.994248
0.99689
0.999524
1.00215
1.00477
1.00737
1.00998
1.01257
1.01516
1.01775
1.02033
1.0229
1.02548
1.02805
1.03062
1.03319
1.03576
1.03834
1.04092
1.0435
1.04609
1.0487
1.05131
1.05394
1.05659
1.05925
1.06194
1.06465
1.06739
1.07016
1.07297
1.07582
1.07871
1.08165
1.08465
1.0877
1.09082
1.09401
1.09727
1.10062
1.10406
1.10759
1.11122
1.11497
1.11884
1.12283
1.12696
1.13122
1.13564
1.14022
1.14497
1.14989
1.155
1.16029
1.16579
1.17149
1.1774
1.18353
1.18988
1.19646
1.20328
1.21033
1.21761
1.22514
1.2329
1.24091
1.24915
1.25762
1.26632
1.27524
1.28438
1.29373
1.30327
1.313
1.3229
1.33297
1.34318
1.35352
1.36398
1.37453
1.38515
1.39583
1.40654
1.41726
1.42797
1.43866
1.44929
1.45984
1.47029
1.48063
1.49082
1.50084
1.51069
1.52033
1.52974
1.53891
1.54781
1.55644
1.56477
1.57278
1.58047
1.58782
1.59481
1.60143
1.60768
1.61354
1.619
1.62406
1.6287
1.63293
1.63674
1.64012
1.64307
1.64557
0.716953
0.716995
0.717098
0.717261
0.717483
0.717764
0.718104
0.718502
0.718959
0.719474
0.720047
0.720678
0.721367
0.722113
0.722916
0.723775
0.724691
0.725663
0.72669
0.727772
0.728909
0.7301
0.731344
0.732641
0.733991
0.735392
0.736845
0.738348
0.7399
0.741502
0.743153
0.744851
0.746595
0.748387
0.750223
0.752104
0.754028
0.755996
0.758005
0.760055
0.762145
0.764275
0.766443
0.768648
0.770889
0.773166
0.775477
0.777822
0.780198
0.782606
0.785045
0.787512
0.790008
0.792531
0.795081
0.797655
0.800253
0.802874
0.805518
0.808182
0.810866
0.813568
0.816289
0.819026
0.821779
0.824546
0.827328
0.830121
0.832927
0.835743
0.838569
0.841404
0.844247
0.847097
0.849952
0.852813
0.855678
0.858546
0.861417
0.864289
0.867163
0.870036
0.872909
0.875781
0.87865
0.881516
0.884379
0.887237
0.890091
0.892939
0.895781
0.898617
0.901445
0.904265
0.907078
0.909881
0.912675
0.915459
0.918234
0.920998
0.923751
0.926492
0.929223
0.931941
0.934647
0.937341
0.940023
0.942691
0.945347
0.94799
0.950619
0.953235
0.955837
0.958426
0.961002
0.963564
0.966112
0.968647
0.971169
0.973677
0.976172
0.978654
0.981124
0.983581
0.986025
0.988458
0.990879
0.993289
0.995688
0.998076
1.00046
1.00282
1.00519
1.00754
1.00988
1.01222
1.01456
1.01689
1.01921
1.02154
1.02386
1.02618
1.02851
1.03084
1.03317
1.03551
1.03786
1.04022
1.04259
1.04498
1.04739
1.04981
1.05227
1.05475
1.05726
1.0598
1.06239
1.06501
1.06769
1.07042
1.0732
1.07604
1.07896
1.08194
1.08501
1.08816
1.0914
1.09474
1.09819
1.10174
1.10542
1.10922
1.11316
1.11724
1.12147
1.12585
1.1304
1.13512
1.14001
1.14509
1.15037
1.15584
1.16151
1.16739
1.17348
1.17978
1.18631
1.19306
1.20003
1.20722
1.21464
1.22228
1.23014
1.23821
1.2465
1.25499
1.26368
1.27256
1.28163
1.29086
1.30026
1.3098
1.31948
1.32928
1.33919
1.34918
1.35924
1.36935
1.3795
1.38966
1.39981
1.40993
1.42001
1.43002
1.43994
1.44976
1.45944
1.46898
1.47835
1.48753
1.49651
1.50526
1.51378
1.52203
1.53002
1.53771
1.5451
1.55218
1.55892
1.56533
1.57138
1.57707
1.5824
1.58734
1.59189
1.59606
1.59982
1.60319
1.60615
1.60868
0.724498
0.724539
0.724642
0.724803
0.725023
0.725302
0.725639
0.726033
0.726486
0.726997
0.727565
0.728191
0.728874
0.729613
0.730409
0.731261
0.732168
0.733131
0.734148
0.73522
0.736346
0.737525
0.738757
0.740041
0.741377
0.742763
0.7442
0.745687
0.747222
0.748806
0.750437
0.752115
0.753839
0.755608
0.757421
0.759278
0.761177
0.763118
0.765099
0.767121
0.769181
0.771279
0.773414
0.775585
0.777791
0.780031
0.782303
0.784608
0.786943
0.789308
0.791702
0.794123
0.79657
0.799043
0.801541
0.804062
0.806604
0.809168
0.811752
0.814355
0.816976
0.819613
0.822266
0.824934
0.827615
0.830309
0.833014
0.835729
0.838454
0.841187
0.843928
0.846675
0.849428
0.852185
0.854945
0.857708
0.860473
0.863238
0.866004
0.868769
0.871531
0.874292
0.877049
0.879802
0.88255
0.885292
0.888028
0.890757
0.893479
0.896192
0.898896
0.901591
0.904276
0.90695
0.909613
0.912265
0.914904
0.917531
0.920145
0.922746
0.925333
0.927906
0.930465
0.933009
0.935539
0.938053
0.940552
0.943035
0.945503
0.947955
0.950391
0.952811
0.955215
0.957603
0.959975
0.962331
0.964671
0.966995
0.969304
0.971597
0.973875
0.976138
0.978386
0.980619
0.982839
0.985045
0.987237
0.989417
0.991584
0.99374
0.995884
0.998019
1.00014
1.00226
1.00437
1.00647
1.00856
1.01066
1.01274
1.01483
1.01691
1.019
1.02109
1.02318
1.02528
1.02738
1.0295
1.03163
1.03377
1.03594
1.03812
1.04033
1.04256
1.04482
1.04712
1.04946
1.05184
1.05426
1.05673
1.05926
1.06185
1.0645
1.06723
1.07003
1.07291
1.07588
1.07894
1.08211
1.08538
1.08876
1.09226
1.09589
1.09965
1.10356
1.1076
1.11181
1.11617
1.1207
1.1254
1.13028
1.13534
1.14059
1.14603
1.15167
1.15752
1.16357
1.16982
1.17628
1.18295
1.18983
1.19692
1.20422
1.21172
1.21942
1.22731
1.2354
1.24367
1.25211
1.26072
1.26949
1.27841
1.28747
1.29665
1.30593
1.31532
1.32478
1.33431
1.34389
1.3535
1.36311
1.37273
1.38232
1.39186
1.40135
1.41076
1.42006
1.42925
1.43831
1.44721
1.45594
1.46448
1.47282
1.48094
1.48881
1.49644
1.5038
1.51088
1.51766
1.52414
1.5303
1.53613
1.54163
1.54677
1.55157
1.556
1.56006
1.56375
1.56706
1.56999
1.57251
0.73215
0.732191
0.732293
0.732452
0.73267
0.732946
0.733279
0.73367
0.734119
0.734625
0.735187
0.735807
0.736482
0.737214
0.738002
0.738845
0.739743
0.740696
0.741702
0.742763
0.743876
0.745042
0.74626
0.747529
0.748849
0.750219
0.751639
0.753107
0.754624
0.756187
0.757797
0.759453
0.761154
0.762898
0.764686
0.766516
0.768387
0.770299
0.77225
0.77424
0.776267
0.778331
0.780431
0.782564
0.784732
0.786931
0.789162
0.791423
0.793714
0.796032
0.798377
0.800749
0.803144
0.805564
0.808006
0.810469
0.812953
0.815455
0.817976
0.820513
0.823067
0.825635
0.828216
0.83081
0.833415
0.83603
0.838655
0.841287
0.843927
0.846572
0.849223
0.851878
0.854535
0.857195
0.859855
0.862516
0.865175
0.867833
0.870489
0.87314
0.875788
0.87843
0.881066
0.883695
0.886317
0.88893
0.891535
0.894129
0.896714
0.899287
0.901848
0.904398
0.906934
0.909457
0.911967
0.914462
0.916942
0.919407
0.921856
0.924289
0.926706
0.929107
0.93149
0.933856
0.936204
0.938535
0.940848
0.943143
0.945419
0.947678
0.949918
0.95214
0.954343
0.956528
0.958695
0.960843
0.962974
0.965087
0.967182
0.96926
0.971321
0.973365
0.975392
0.977403
0.979399
0.98138
0.983346
0.985299
0.987238
0.989165
0.991079
0.992983
0.994877
0.996762
0.998639
1.00051
1.00237
1.00423
1.00609
1.00795
1.0098
1.01166
1.01352
1.01539
1.01726
1.01915
1.02104
1.02296
1.02488
1.02683
1.02881
1.03081
1.03283
1.0349
1.037
1.03914
1.04132
1.04355
1.04584
1.04819
1.05059
1.05307
1.05562
1.05825
1.06096
1.06376
1.06666
1.06966
1.07277
1.07599
1.07933
1.08279
1.08639
1.09013
1.09401
1.09804
1.10222
1.10657
1.11108
1.11577
1.12063
1.12568
1.1309
1.13632
1.14193
1.14773
1.15372
1.15991
1.1663
1.17288
1.17965
1.18662
1.19378
1.20112
1.20865
1.21635
1.22422
1.23225
1.24044
1.24877
1.25723
1.26582
1.27453
1.28333
1.29222
1.30119
1.31021
1.31927
1.32837
1.33747
1.34657
1.35565
1.36468
1.37366
1.38257
1.39139
1.40009
1.40868
1.41712
1.4254
1.43351
1.44143
1.44915
1.45664
1.4639
1.47092
1.47767
1.48415
1.49034
1.49624
1.50183
1.50711
1.51206
1.51667
1.52095
1.52488
1.52846
1.53169
1.53455
1.53703
0.739886
0.739927
0.740027
0.740186
0.740401
0.740674
0.741003
0.74139
0.741834
0.742334
0.74289
0.743502
0.744171
0.744894
0.745673
0.746506
0.747394
0.748335
0.74933
0.750377
0.751477
0.752628
0.753831
0.755084
0.756387
0.757739
0.75914
0.760588
0.762083
0.763625
0.765212
0.766843
0.768519
0.770237
0.771997
0.773798
0.775639
0.77752
0.779438
0.781394
0.783386
0.785413
0.787473
0.789567
0.791693
0.79385
0.796036
0.798251
0.800493
0.802762
0.805056
0.807374
0.809714
0.812077
0.81446
0.816862
0.819283
0.821721
0.824174
0.826643
0.829125
0.831619
0.834125
0.836641
0.839166
0.841699
0.844239
0.846784
0.849335
0.851888
0.854445
0.857002
0.859561
0.862118
0.864674
0.867228
0.869778
0.872324
0.874865
0.877399
0.879926
0.882446
0.884956
0.887458
0.889948
0.892428
0.894897
0.897352
0.899795
0.902224
0.904638
0.907038
0.909422
0.91179
0.914141
0.916475
0.918792
0.921091
0.923372
0.925634
0.927877
0.930101
0.932305
0.93449
0.936654
0.938799
0.940923
0.943027
0.94511
0.947173
0.949215
0.951236
0.953238
0.955218
0.957179
0.95912
0.96104
0.962941
0.964823
0.966686
0.96853
0.970357
0.972165
0.973956
0.975731
0.977489
0.979232
0.980961
0.982675
0.984377
0.986066
0.987745
0.989413
0.991073
0.992724
0.99437
0.99601
0.997647
0.999281
1.00092
1.00255
1.00419
1.00583
1.00749
1.00915
1.01082
1.01251
1.01421
1.01594
1.01769
1.01946
1.02127
1.0231
1.02497
1.02689
1.02884
1.03085
1.0329
1.03502
1.03719
1.03943
1.04174
1.04413
1.04659
1.04915
1.05179
1.05454
1.05738
1.06033
1.0634
1.06659
1.0699
1.07334
1.07692
1.08064
1.0845
1.08852
1.09269
1.09703
1.10153
1.1062
1.11104
1.11606
1.12126
1.12664
1.1322
1.13794
1.14387
1.14999
1.15628
1.16276
1.16941
1.17624
1.18325
1.19042
1.19775
1.20524
1.21288
1.22066
1.22857
1.2366
1.24475
1.253
1.26135
1.26977
1.27826
1.2868
1.29538
1.30398
1.31259
1.3212
1.32978
1.33833
1.34682
1.35525
1.36359
1.37182
1.37995
1.38794
1.39578
1.40347
1.41097
1.41829
1.4254
1.43229
1.43896
1.44538
1.45154
1.45744
1.46306
1.4684
1.47344
1.47817
1.4826
1.4867
1.49048
1.49392
1.49704
1.49981
1.50222
0.747684
0.747724
0.747823
0.747979
0.748192
0.748461
0.748787
0.749169
0.749607
0.750101
0.750651
0.751255
0.751915
0.75263
0.753398
0.754221
0.755097
0.756026
0.757008
0.758041
0.759126
0.760262
0.761448
0.762683
0.763968
0.7653
0.76668
0.768107
0.76958
0.771098
0.77266
0.774265
0.775914
0.777603
0.779334
0.781104
0.782913
0.78476
0.786643
0.788562
0.790516
0.792504
0.794524
0.796575
0.798657
0.800768
0.802907
0.805073
0.807264
0.80948
0.81172
0.813981
0.816264
0.818566
0.820887
0.823226
0.82558
0.82795
0.830333
0.832729
0.835137
0.837554
0.839981
0.842415
0.844857
0.847304
0.849755
0.85221
0.854667
0.857125
0.859583
0.86204
0.864495
0.866947
0.869395
0.871838
0.874275
0.876705
0.879126
0.881539
0.883943
0.886335
0.888717
0.891086
0.893442
0.895785
0.898113
0.900426
0.902723
0.905004
0.907267
0.909513
0.911741
0.91395
0.91614
0.918311
0.920461
0.922591
0.9247
0.926788
0.928854
0.930899
0.932921
0.934922
0.9369
0.938856
0.94079
0.9427
0.944588
0.946454
0.948297
0.950117
0.951916
0.953692
0.955446
0.957178
0.958889
0.960579
0.962248
0.963897
0.965527
0.967136
0.968728
0.970301
0.971857
0.973396
0.974919
0.976427
0.977922
0.979403
0.980872
0.98233
0.983779
0.985219
0.986652
0.988079
0.989502
0.990923
0.992343
0.993764
0.995188
0.996618
0.998054
0.9995
1.00096
1.00243
1.00392
1.00543
1.00696
1.00852
1.0101
1.01172
1.01337
1.01507
1.0168
1.01859
1.02042
1.02231
1.02426
1.02627
1.02836
1.03051
1.03274
1.03506
1.03746
1.03996
1.04256
1.04525
1.04806
1.05098
1.05402
1.05718
1.06047
1.0639
1.06746
1.07117
1.07502
1.07903
1.08319
1.08751
1.092
1.09664
1.10146
1.10645
1.1116
1.11693
1.12244
1.12811
1.13396
1.13998
1.14617
1.15252
1.15904
1.16571
1.17255
1.17953
1.18665
1.19391
1.2013
1.20881
1.21644
1.22416
1.23198
1.23989
1.24786
1.2559
1.26398
1.27209
1.28022
1.28836
1.2965
1.30461
1.31268
1.32071
1.32866
1.33654
1.34433
1.352
1.35956
1.36697
1.37424
1.38133
1.38826
1.39499
1.40151
1.40782
1.41391
1.41975
1.42535
1.43069
1.43576
1.44055
1.44506
1.44927
1.45318
1.45679
1.46009
1.46307
1.46572
1.46804
0.755518
0.755557
0.755655
0.755809
0.756019
0.756285
0.756606
0.756983
0.757416
0.757903
0.758445
0.759042
0.759692
0.760397
0.761155
0.761966
0.76283
0.763746
0.764713
0.765732
0.766801
0.76792
0.769088
0.770305
0.771569
0.772881
0.774239
0.775643
0.777091
0.778584
0.780119
0.781697
0.783316
0.784976
0.786675
0.788412
0.790187
0.791998
0.793845
0.795725
0.797639
0.799585
0.801562
0.803569
0.805604
0.807667
0.809756
0.811871
0.814009
0.81617
0.818352
0.820555
0.822777
0.825016
0.827272
0.829544
0.831829
0.834128
0.836438
0.838758
0.841088
0.843426
0.84577
0.84812
0.850475
0.852832
0.855192
0.857553
0.859913
0.862273
0.864629
0.866982
0.869331
0.871674
0.87401
0.876339
0.878659
0.880969
0.883269
0.885557
0.887833
0.890095
0.892344
0.894578
0.896796
0.898998
0.901183
0.90335
0.905498
0.907627
0.909737
0.911827
0.913896
0.915943
0.917969
0.919972
0.921954
0.923912
0.925847
0.927758
0.929645
0.931509
0.933348
0.935163
0.936953
0.938719
0.940461
0.942177
0.943869
0.945537
0.94718
0.948799
0.950394
0.951966
0.953514
0.955038
0.956541
0.95802
0.959478
0.960915
0.962331
0.963727
0.965104
0.966462
0.967802
0.969126
0.970433
0.971725
0.973003
0.974269
0.975522
0.976766
0.978
0.979227
0.980447
0.981663
0.982876
0.984088
0.985301
0.986517
0.987738
0.988965
0.990202
0.991451
0.992714
0.993994
0.995293
0.996615
0.997962
0.999338
1.00075
1.00219
1.00367
1.00519
1.00676
1.00838
1.01006
1.01179
1.01358
1.01544
1.01737
1.01938
1.02147
1.02364
1.0259
1.02826
1.03071
1.03327
1.03593
1.03871
1.04161
1.04463
1.04777
1.05105
1.05446
1.05802
1.06171
1.06555
1.06954
1.07369
1.07799
1.08245
1.08706
1.09184
1.09678
1.10189
1.10715
1.11258
1.11817
1.12392
1.12983
1.13589
1.14211
1.14847
1.15497
1.16161
1.16839
1.17528
1.1823
1.18943
1.19666
1.20398
1.21139
1.21887
1.22642
1.23402
1.24166
1.24932
1.25701
1.26469
1.27237
1.28003
1.28765
1.29522
1.30273
1.31016
1.31751
1.32475
1.33188
1.33887
1.34573
1.35243
1.35896
1.36532
1.37148
1.37744
1.38319
1.38871
1.39401
1.39906
1.40385
1.40839
1.41266
1.41665
1.42036
1.42379
1.42691
1.42974
1.43227
1.43448
0.763364
0.763403
0.763499
0.763651
0.763858
0.76412
0.764437
0.764808
0.765234
0.765714
0.766249
0.766836
0.767478
0.768172
0.768919
0.769718
0.770568
0.77147
0.772423
0.773425
0.774478
0.775579
0.776728
0.777924
0.779168
0.780458
0.781793
0.783172
0.784595
0.786061
0.787569
0.789117
0.790706
0.792334
0.793999
0.795702
0.797441
0.799215
0.801023
0.802863
0.804735
0.806637
0.808569
0.810529
0.812516
0.814529
0.816566
0.818627
0.820709
0.822813
0.824936
0.827077
0.829236
0.83141
0.833599
0.835801
0.838015
0.840239
0.842474
0.844716
0.846965
0.849221
0.85148
0.853743
0.856008
0.858274
0.860539
0.862803
0.865064
0.867321
0.869574
0.87182
0.874059
0.87629
0.878512
0.880723
0.882923
0.885111
0.887286
0.889447
0.891592
0.893722
0.895835
0.897931
0.900009
0.902067
0.904106
0.906124
0.908121
0.910097
0.912051
0.913981
0.915889
0.917772
0.919632
0.921467
0.923277
0.925061
0.92682
0.928554
0.930261
0.931942
0.933596
0.935224
0.936826
0.938401
0.93995
0.941472
0.942968
0.944437
0.945881
0.947299
0.948691
0.950059
0.951402
0.95272
0.954015
0.955286
0.956535
0.957762
0.958968
0.960152
0.961318
0.962464
0.963592
0.964703
0.965799
0.966879
0.967946
0.969001
0.970044
0.971078
0.972104
0.973124
0.974138
0.975149
0.976159
0.97717
0.978183
0.979201
0.980225
0.981259
0.982305
0.983364
0.984441
0.985536
0.986655
0.987798
0.988969
0.990172
0.99141
0.992686
0.994003
0.995366
0.996777
0.998241
0.999762
1.00134
1.00299
1.0047
1.00649
1.00836
1.0103
1.01234
1.01446
1.01668
1.019
1.02142
1.02395
1.02659
1.02935
1.03223
1.03523
1.03836
1.04162
1.04502
1.04856
1.05224
1.05606
1.06003
1.06415
1.06842
1.07285
1.07742
1.08215
1.08703
1.09207
1.09725
1.10259
1.10808
1.11371
1.11949
1.12541
1.13147
1.13765
1.14396
1.1504
1.15695
1.1636
1.17036
1.17721
1.18415
1.19116
1.19824
1.20537
1.21255
1.21977
1.22701
1.23426
1.24151
1.24876
1.25597
1.26316
1.27029
1.27737
1.28437
1.29129
1.29811
1.30482
1.31141
1.31787
1.32418
1.33033
1.33632
1.34212
1.34774
1.35316
1.35836
1.36335
1.36811
1.37263
1.37691
1.38093
1.3847
1.3882
1.39143
1.39438
1.39705
1.39944
1.40152
0.771197
0.771235
0.77133
0.77148
0.771683
0.771941
0.772253
0.772619
0.773038
0.773511
0.774037
0.774615
0.775247
0.77593
0.776665
0.777451
0.778288
0.779175
0.780112
0.781098
0.782132
0.783214
0.784343
0.785519
0.786741
0.788007
0.789318
0.790672
0.792068
0.793506
0.794985
0.796503
0.79806
0.799654
0.801285
0.802952
0.804654
0.806389
0.808156
0.809954
0.811783
0.81364
0.815525
0.817437
0.819373
0.821334
0.823317
0.825322
0.827347
0.829391
0.831453
0.833531
0.835624
0.837731
0.839851
0.841981
0.844121
0.84627
0.848427
0.850589
0.852755
0.854926
0.857098
0.859271
0.861444
0.863616
0.865784
0.867949
0.870108
0.872262
0.874407
0.876544
0.878672
0.880788
0.882893
0.884985
0.887063
0.889127
0.891174
0.893205
0.895218
0.897213
0.899189
0.901144
0.903079
0.904992
0.906883
0.90875
0.910595
0.912415
0.91421
0.91598
0.917725
0.919443
0.921135
0.9228
0.924437
0.926047
0.927629
0.929184
0.93071
0.932207
0.933677
0.935118
0.936531
0.937915
0.939271
0.940599
0.941899
0.943171
0.944416
0.945634
0.946825
0.94799
0.94913
0.950244
0.951333
0.952399
0.953441
0.95446
0.955458
0.956435
0.957392
0.958331
0.959251
0.960154
0.961042
0.961916
0.962777
0.963626
0.964465
0.965295
0.966118
0.966937
0.967751
0.968564
0.969378
0.970194
0.971014
0.971841
0.972677
0.973525
0.974387
0.975265
0.976162
0.977082
0.978026
0.978999
0.980002
0.98104
0.982115
0.983231
0.984392
0.9856
0.98686
0.988176
0.98955
0.990988
0.992492
0.994067
0.995717
0.997446
0.999258
1.00116
1.00315
1.00523
1.00742
1.00971
1.0121
1.01461
1.01723
1.01997
1.02283
1.02582
1.02893
1.03218
1.03556
1.03908
1.04274
1.04654
1.05048
1.05456
1.05879
1.06316
1.06768
1.07234
1.07715
1.0821
1.08719
1.09242
1.09779
1.10329
1.10892
1.11468
1.12055
1.12655
1.13265
1.13886
1.14517
1.15157
1.15806
1.16462
1.17125
1.17794
1.18468
1.19146
1.19826
1.20509
1.21193
1.21877
1.22559
1.23239
1.23915
1.24587
1.25253
1.25911
1.26562
1.27204
1.27835
1.28454
1.29061
1.29654
1.30232
1.30794
1.3134
1.31868
1.32376
1.32865
1.33334
1.33781
1.34206
1.34607
1.34985
1.35339
1.35667
1.3597
1.36247
1.36497
1.3672
1.36914
0.778992
0.77903
0.779123
0.779269
0.77947
0.779723
0.78003
0.78039
0.780802
0.781267
0.781784
0.782353
0.782974
0.783646
0.784368
0.785141
0.785964
0.786835
0.787756
0.788724
0.78974
0.790803
0.791911
0.793066
0.794264
0.795507
0.796792
0.798119
0.799488
0.800897
0.802345
0.803832
0.805356
0.806916
0.808511
0.810141
0.811804
0.813498
0.815224
0.816979
0.818763
0.820573
0.82241
0.824271
0.826156
0.828064
0.829992
0.831939
0.833905
0.835888
0.837887
0.8399
0.841926
0.843964
0.846012
0.84807
0.850135
0.852206
0.854282
0.856362
0.858445
0.860528
0.862612
0.864693
0.866773
0.868848
0.870918
0.872981
0.875037
0.877085
0.879122
0.881148
0.883162
0.885162
0.887148
0.889119
0.891074
0.89301
0.894929
0.896828
0.898708
0.900566
0.902402
0.904216
0.906006
0.907772
0.909514
0.91123
0.91292
0.914583
0.91622
0.917828
0.919409
0.920961
0.922484
0.923978
0.925443
0.926878
0.928283
0.929658
0.931003
0.932318
0.933602
0.934856
0.93608
0.937275
0.938439
0.939574
0.940679
0.941756
0.942803
0.943823
0.944815
0.945779
0.946718
0.94763
0.948516
0.949379
0.950217
0.951033
0.951827
0.9526
0.953353
0.954087
0.954804
0.955504
0.95619
0.956862
0.957521
0.95817
0.95881
0.959443
0.96007
0.960693
0.961314
0.961935
0.962559
0.963187
0.963821
0.964465
0.96512
0.965788
0.966473
0.967177
0.967903
0.968654
0.969432
0.970241
0.971083
0.971963
0.972882
0.973846
0.974856
0.975917
0.977031
0.978204
0.979437
0.980736
0.982103
0.983543
0.98506
0.986657
0.988337
0.990106
0.991966
0.993921
0.995976
0.998133
1.0004
1.00277
1.00526
1.00786
1.01058
1.01342
1.01639
1.01949
1.02272
1.02607
1.02956
1.03319
1.03695
1.04085
1.04488
1.04906
1.05337
1.05781
1.06239
1.06711
1.07196
1.07694
1.08204
1.08727
1.09262
1.09808
1.10366
1.10935
1.11513
1.12101
1.12699
1.13304
1.13917
1.14537
1.15163
1.15795
1.1643
1.1707
1.17711
1.18355
1.18998
1.19642
1.20284
1.20923
1.21559
1.2219
1.22816
1.23434
1.24045
1.24648
1.2524
1.25821
1.2639
1.26946
1.27488
1.28016
1.28527
1.29021
1.29498
1.29956
1.30394
1.30813
1.3121
1.31586
1.31939
1.32269
1.32576
1.32858
1.33116
1.33349
1.33556
1.33736
0.786723
0.78676
0.786851
0.786995
0.787192
0.787441
0.787743
0.788096
0.788501
0.788958
0.789466
0.790026
0.790635
0.791295
0.792005
0.792764
0.793571
0.794427
0.795331
0.796281
0.797278
0.79832
0.799408
0.800539
0.801714
0.802932
0.804191
0.805491
0.806831
0.808211
0.809628
0.811082
0.812572
0.814097
0.815655
0.817247
0.81887
0.820523
0.822206
0.823917
0.825654
0.827417
0.829204
0.831015
0.832847
0.834699
0.836571
0.83846
0.840365
0.842286
0.844221
0.846168
0.848125
0.850093
0.852068
0.854051
0.856039
0.858031
0.860026
0.862023
0.86402
0.866015
0.868008
0.869997
0.871981
0.873959
0.875929
0.87789
0.879841
0.881781
0.883709
0.885622
0.887521
0.889405
0.891271
0.893119
0.894949
0.896758
0.898547
0.900313
0.902058
0.903778
0.905474
0.907145
0.908791
0.910409
0.912001
0.913564
0.9151
0.916606
0.918083
0.91953
0.920946
0.922332
0.923687
0.92501
0.926302
0.927562
0.928791
0.929987
0.931151
0.932284
0.933384
0.934453
0.93549
0.936495
0.937469
0.938412
0.939325
0.940207
0.94106
0.941884
0.942679
0.943446
0.944185
0.944899
0.945586
0.946249
0.946887
0.947503
0.948097
0.94867
0.949223
0.949759
0.950276
0.950779
0.951267
0.951742
0.952206
0.952661
0.953107
0.953548
0.953985
0.954419
0.954854
0.95529
0.95573
0.956177
0.956632
0.957099
0.957579
0.958075
0.95859
0.959127
0.959688
0.960277
0.960895
0.961547
0.962235
0.962963
0.963733
0.964549
0.965415
0.966334
0.967308
0.968343
0.969441
0.970605
0.97184
0.973149
0.974536
0.976003
0.977556
0.979196
0.980929
0.982756
0.984682
0.98671
0.988843
0.991084
0.993435
0.995901
0.998483
1.00118
1.00401
1.00695
1.01002
1.01322
1.01654
1.01999
1.02358
1.02729
1.03113
1.03511
1.03921
1.04344
1.0478
1.05228
1.05689
1.06162
1.06647
1.07143
1.0765
1.08168
1.08697
1.09235
1.09783
1.10339
1.10903
1.11475
1.12054
1.12639
1.1323
1.13825
1.14424
1.15025
1.15629
1.16234
1.1684
1.17445
1.18048
1.18648
1.19245
1.19837
1.20424
1.21004
1.21577
1.22141
1.22696
1.2324
1.23773
1.24293
1.248
1.25293
1.25771
1.26233
1.26678
1.27106
1.27515
1.27905
1.28276
1.28625
1.28954
1.29261
1.29546
1.29808
1.30047
1.30262
1.30453
1.30618
0.794365
0.794401
0.79449
0.794632
0.794825
0.79507
0.795366
0.795713
0.796111
0.796559
0.797058
0.797607
0.798205
0.798853
0.799549
0.800294
0.801086
0.801926
0.802812
0.803744
0.804721
0.805743
0.806809
0.807917
0.809068
0.81026
0.811493
0.812765
0.814076
0.815424
0.81681
0.818231
0.819686
0.821175
0.822696
0.824249
0.825831
0.827442
0.829081
0.830747
0.832437
0.834152
0.835889
0.837647
0.839425
0.841222
0.843036
0.844866
0.84671
0.848568
0.850437
0.852316
0.854205
0.856101
0.858003
0.85991
0.861821
0.863733
0.865646
0.867558
0.869468
0.871374
0.873276
0.875172
0.87706
0.878939
0.880808
0.882666
0.884511
0.886343
0.88816
0.889961
0.891744
0.893509
0.895255
0.89698
0.898684
0.900366
0.902024
0.903657
0.905266
0.906849
0.908405
0.909933
0.911433
0.912904
0.914345
0.915757
0.917137
0.918486
0.919804
0.921089
0.922342
0.923562
0.924749
0.925903
0.927023
0.928109
0.929162
0.930181
0.931166
0.932118
0.933036
0.93392
0.934772
0.93559
0.936377
0.937131
0.937853
0.938544
0.939205
0.939835
0.940436
0.941009
0.941554
0.942072
0.942564
0.943031
0.943474
0.943894
0.944292
0.94467
0.945029
0.945369
0.945694
0.946003
0.946299
0.946584
0.946858
0.947124
0.947384
0.947639
0.947891
0.948144
0.948397
0.948655
0.948919
0.949191
0.949474
0.94977
0.950082
0.950413
0.950765
0.951141
0.951544
0.951976
0.952441
0.952942
0.953482
0.954063
0.95469
0.955365
0.956091
0.956873
0.957712
0.958614
0.95958
0.960614
0.96172
0.962902
0.964161
0.965503
0.966929
0.968444
0.97005
0.971751
0.97355
0.975449
0.977452
0.97956
0.981778
0.984106
0.986548
0.989105
0.99178
0.994573
0.997487
1.00052
1.00368
1.00696
1.01037
1.01389
1.01755
1.02132
1.02522
1.02923
1.03337
1.03763
1.042
1.04648
1.05107
1.05577
1.06058
1.06548
1.07048
1.07556
1.08074
1.08599
1.09131
1.09671
1.10216
1.10768
1.11324
1.11884
1.12447
1.13013
1.1358
1.14149
1.14717
1.15285
1.1585
1.16413
1.16972
1.17527
1.18077
1.1862
1.19155
1.19683
1.20201
1.2071
1.21207
1.21693
1.22167
1.22626
1.23072
1.23502
1.23917
1.24315
1.24695
1.25058
1.25402
1.25727
1.26031
1.26315
1.26578
1.2682
1.27039
1.27237
1.27411
1.27561
0.801892
0.801927
0.802015
0.802154
0.802343
0.802583
0.802874
0.803214
0.803605
0.804045
0.804534
0.805073
0.80566
0.806295
0.806978
0.807708
0.808485
0.809308
0.810176
0.811089
0.812046
0.813047
0.81409
0.815176
0.816302
0.817468
0.818674
0.819918
0.821199
0.822516
0.823869
0.825256
0.826676
0.828129
0.829612
0.831125
0.832666
0.834235
0.83583
0.837449
0.839092
0.840758
0.842444
0.844149
0.845873
0.847614
0.849369
0.851139
0.852922
0.854716
0.856519
0.858331
0.860149
0.861974
0.863802
0.865633
0.867465
0.869296
0.871127
0.872954
0.874777
0.876594
0.878404
0.880205
0.881997
0.883777
0.885545
0.8873
0.889039
0.890762
0.892468
0.894156
0.895823
0.89747
0.899095
0.900698
0.902276
0.90383
0.905357
0.906858
0.908332
0.909776
0.911192
0.912578
0.913933
0.915257
0.916549
0.917809
0.919035
0.920229
0.921388
0.922513
0.923603
0.924659
0.925679
0.926665
0.927614
0.928529
0.929408
0.930251
0.931059
0.931832
0.93257
0.933273
0.933942
0.934576
0.935177
0.935745
0.93628
0.936783
0.937255
0.937696
0.938107
0.93849
0.938844
0.939171
0.939471
0.939747
0.939999
0.940228
0.940436
0.940624
0.940793
0.940945
0.941081
0.941204
0.941314
0.941413
0.941504
0.941587
0.941666
0.941742
0.941817
0.941893
0.941973
0.942058
0.942152
0.942256
0.942373
0.942505
0.942656
0.942828
0.943023
0.943245
0.943495
0.943778
0.944096
0.944452
0.944848
0.945289
0.945778
0.946316
0.946908
0.947557
0.948266
0.949038
0.949876
0.950784
0.951764
0.952821
0.953956
0.955173
0.956476
0.957867
0.959349
0.960924
0.962596
0.964367
0.96624
0.968217
0.9703
0.972491
0.974793
0.977206
0.979733
0.982374
0.985131
0.988005
0.990996
0.994104
0.99733
1.00067
1.00413
1.00771
1.0114
1.01521
1.01913
1.02315
1.02729
1.03153
1.03587
1.04032
1.04485
1.04948
1.0542
1.059
1.06388
1.06883
1.07384
1.07892
1.08406
1.08924
1.09447
1.09973
1.10502
1.11033
1.11565
1.12098
1.12631
1.13162
1.13692
1.14219
1.14742
1.15261
1.15774
1.16281
1.16782
1.17274
1.17757
1.18232
1.18695
1.19148
1.19588
1.20016
1.2043
1.2083
1.21215
1.21584
1.21937
1.22273
1.22591
1.2289
1.23171
1.23433
1.23675
1.23896
1.24097
1.24276
1.24434
1.24569
0.80928
0.809314
0.8094
0.809536
0.809722
0.809957
0.810242
0.810576
0.810959
0.81139
0.81187
0.812398
0.812973
0.813596
0.814265
0.814981
0.815742
0.816548
0.817398
0.818292
0.819229
0.820209
0.82123
0.822291
0.823393
0.824533
0.825711
0.826926
0.828177
0.829464
0.830784
0.832137
0.833522
0.834937
0.836382
0.837855
0.839355
0.840881
0.842431
0.844005
0.8456
0.847216
0.848851
0.850503
0.852172
0.853856
0.855554
0.857263
0.858984
0.860713
0.862451
0.864195
0.865943
0.867695
0.869449
0.871204
0.872957
0.874709
0.876456
0.878198
0.879934
0.881662
0.88338
0.885087
0.886782
0.888464
0.890131
0.891782
0.893416
0.895031
0.896626
0.898201
0.899753
0.901283
0.902788
0.904267
0.905721
0.907147
0.908545
0.909914
0.911253
0.912561
0.913838
0.915082
0.916294
0.917472
0.918616
0.919725
0.920799
0.921837
0.92284
0.923806
0.924736
0.925629
0.926485
0.927304
0.928086
0.928831
0.929538
0.930209
0.930842
0.931439
0.932
0.932525
0.933014
0.933468
0.933887
0.934272
0.934624
0.934943
0.93523
0.935486
0.935711
0.935908
0.936076
0.936216
0.936331
0.93642
0.936486
0.93653
0.936553
0.936556
0.936541
0.93651
0.936464
0.936405
0.936335
0.936256
0.936169
0.936077
0.935981
0.935884
0.935788
0.935694
0.935607
0.935527
0.935457
0.935399
0.935357
0.935332
0.935328
0.935347
0.935392
0.935465
0.93557
0.935708
0.935885
0.936101
0.93636
0.936666
0.937021
0.937427
0.93789
0.93841
0.938992
0.939638
0.940352
0.941136
0.941994
0.942928
0.943942
0.945037
0.946218
0.947486
0.948844
0.950295
0.951841
0.953485
0.955229
0.957074
0.959022
0.961076
0.963237
0.965506
0.967885
0.970373
0.972973
0.975685
0.978509
0.981445
0.984492
0.987652
0.990922
0.994301
0.99779
1.00139
1.00509
1.00889
1.01279
1.0168
1.02089
1.02508
1.02936
1.03372
1.03816
1.04268
1.04727
1.05193
1.05664
1.06142
1.06624
1.0711
1.07601
1.08094
1.0859
1.09087
1.09586
1.10085
1.10583
1.1108
1.11575
1.12067
1.12555
1.1304
1.13518
1.13991
1.14457
1.14916
1.15366
1.15807
1.16238
1.16658
1.17067
1.17464
1.17848
1.18218
1.18574
1.18916
1.19241
1.19551
1.19844
1.2012
1.20378
1.20617
1.20838
1.2104
1.21222
1.21384
1.21525
1.21645
0.816504
0.816537
0.816622
0.816755
0.816937
0.817167
0.817446
0.817773
0.818149
0.818571
0.819042
0.819559
0.820123
0.820733
0.821388
0.822089
0.822834
0.823623
0.824456
0.825331
0.826247
0.827205
0.828204
0.829241
0.830318
0.831432
0.832582
0.833769
0.83499
0.836245
0.837533
0.838852
0.840201
0.841579
0.842986
0.844419
0.845878
0.84736
0.848866
0.850393
0.851941
0.853507
0.855091
0.85669
0.858305
0.859932
0.861572
0.863221
0.864879
0.866545
0.868217
0.869893
0.871571
0.873251
0.874932
0.87661
0.878286
0.879957
0.881622
0.883279
0.884928
0.886567
0.888194
0.889807
0.891407
0.892991
0.894557
0.896106
0.897634
0.899142
0.900628
0.90209
0.903528
0.904941
0.906327
0.907685
0.909015
0.910315
0.911584
0.912823
0.914029
0.915202
0.916341
0.917446
0.918515
0.919549
0.920547
0.921508
0.922432
0.923318
0.924166
0.924976
0.925748
0.926481
0.927175
0.927831
0.928447
0.929025
0.929565
0.930066
0.930528
0.930953
0.93134
0.93169
0.932003
0.932281
0.932522
0.932729
0.932902
0.933041
0.933148
0.933224
0.933268
0.933284
0.93327
0.93323
0.933164
0.933073
0.932958
0.932822
0.932666
0.93249
0.932298
0.93209
0.931868
0.931634
0.931391
0.931139
0.930881
0.930619
0.930356
0.930092
0.929831
0.929576
0.929327
0.929088
0.928861
0.928649
0.928453
0.928278
0.928125
0.927998
0.927898
0.927829
0.927793
0.927794
0.927834
0.927916
0.928044
0.928219
0.928445
0.928724
0.929061
0.929457
0.929916
0.93044
0.931033
0.931697
0.932434
0.933249
0.934142
0.935118
0.936178
0.937325
0.938561
0.939888
0.94131
0.942826
0.944441
0.946154
0.947969
0.949885
0.951906
0.95403
0.95626
0.958597
0.96104
0.96359
0.966247
0.96901
0.97188
0.974856
0.977936
0.981121
0.984407
0.987794
0.99128
0.994862
0.998539
1.00231
1.00616
1.0101
1.01413
1.01823
1.0224
1.02664
1.03095
1.03532
1.03975
1.04422
1.04874
1.0533
1.05789
1.06251
1.06715
1.0718
1.07646
1.08112
1.08577
1.09041
1.09502
1.09961
1.10416
1.10867
1.11312
1.11752
1.12185
1.12611
1.13029
1.13438
1.13838
1.14227
1.14606
1.14973
1.15328
1.1567
1.15998
1.16313
1.16613
1.16897
1.17166
1.17418
1.17654
1.17872
1.18072
1.18255
1.18418
1.18563
1.18689
1.18794
0.82354
0.823572
0.823655
0.823785
0.823963
0.824189
0.824462
0.824783
0.82515
0.825565
0.826025
0.826532
0.827084
0.827681
0.828323
0.829009
0.829738
0.83051
0.831325
0.832181
0.833077
0.834014
0.83499
0.836004
0.837055
0.838143
0.839266
0.840424
0.841615
0.842839
0.844094
0.845379
0.846693
0.848034
0.849403
0.850796
0.852213
0.853653
0.855115
0.856596
0.858096
0.859613
0.861146
0.862693
0.864253
0.865825
0.867406
0.868996
0.870593
0.872195
0.873801
0.875409
0.877019
0.878628
0.880235
0.881838
0.883436
0.885027
0.886611
0.888185
0.889748
0.891298
0.892835
0.894356
0.895861
0.897348
0.898815
0.900262
0.901687
0.903089
0.904466
0.905818
0.907143
0.90844
0.909709
0.910948
0.912155
0.913331
0.914474
0.915584
0.916659
0.917699
0.918703
0.91967
0.9206
0.921493
0.922347
0.923162
0.923938
0.924675
0.925372
0.926029
0.926646
0.927222
0.927758
0.928253
0.928708
0.929123
0.929498
0.929833
0.930129
0.930386
0.930603
0.930783
0.930925
0.93103
0.931099
0.931133
0.931131
0.931096
0.931028
0.930928
0.930798
0.930638
0.930449
0.930233
0.929992
0.929726
0.929438
0.929128
0.928798
0.928451
0.928087
0.927708
0.927317
0.926915
0.926505
0.926087
0.925665
0.925241
0.924816
0.924393
0.923975
0.923563
0.92316
0.922769
0.922392
0.922031
0.92169
0.92137
0.921075
0.920807
0.920569
0.920364
0.920194
0.920062
0.919971
0.919925
0.919925
0.919974
0.920076
0.920233
0.920449
0.920724
0.921064
0.921469
0.921944
0.92249
0.92311
0.923807
0.924583
0.925441
0.926382
0.927409
0.928525
0.92973
0.931027
0.932418
0.933904
0.935486
0.937167
0.938947
0.940827
0.942807
0.94489
0.947074
0.94936
0.951749
0.95424
0.956832
0.959525
0.962319
0.965212
0.968203
0.97129
0.974471
0.977745
0.98111
0.984562
0.988099
0.991718
0.995417
0.99919
1.00304
1.00695
1.01093
1.01496
1.01905
1.02319
1.02738
1.03161
1.03587
1.04016
1.04447
1.0488
1.05314
1.05749
1.06183
1.06617
1.07048
1.07478
1.07905
1.08328
1.08746
1.0916
1.09568
1.0997
1.10365
1.10752
1.11131
1.115
1.1186
1.1221
1.12548
1.12875
1.1319
1.13492
1.1378
1.14055
1.14315
1.14561
1.1479
1.15004
1.15202
1.15383
1.15546
1.15692
1.1582
1.15931
1.16021
0.830364
0.830395
0.830476
0.830603
0.830778
0.830999
0.831267
0.83158
0.83194
0.832346
0.832797
0.833293
0.833834
0.834418
0.835046
0.835718
0.836431
0.837187
0.837983
0.83882
0.839697
0.840612
0.841566
0.842556
0.843583
0.844645
0.845741
0.84687
0.848032
0.849225
0.850447
0.851699
0.852977
0.854283
0.855613
0.856967
0.858344
0.859741
0.861159
0.862595
0.864048
0.865516
0.866999
0.868494
0.87
0.871516
0.873041
0.874571
0.876107
0.877647
0.879189
0.880731
0.882272
0.883811
0.885345
0.886874
0.888396
0.889909
0.891412
0.892904
0.894382
0.895846
0.897293
0.898724
0.900135
0.901527
0.902897
0.904244
0.905567
0.906864
0.908135
0.909379
0.910593
0.911777
0.912931
0.914052
0.91514
0.916194
0.917213
0.918197
0.919144
0.920053
0.920925
0.921758
0.922551
0.923305
0.924019
0.924692
0.925324
0.925915
0.926464
0.926971
0.927437
0.92786
0.928242
0.928581
0.928879
0.929135
0.92935
0.929524
0.929657
0.929751
0.929804
0.929819
0.929794
0.929733
0.929634
0.929499
0.92933
0.929125
0.928888
0.928619
0.928319
0.92799
0.927632
0.927247
0.926837
0.926403
0.925947
0.92547
0.924974
0.924461
0.923932
0.92339
0.922837
0.922274
0.921703
0.921127
0.920548
0.919968
0.919389
0.918813
0.918244
0.917683
0.917133
0.916597
0.916076
0.915574
0.915093
0.914635
0.914204
0.913802
0.913432
0.913096
0.912798
0.912539
0.912323
0.912153
0.912031
0.91196
0.911942
0.911981
0.912079
0.912239
0.912462
0.912753
0.913113
0.913544
0.91405
0.914632
0.915293
0.916035
0.916859
0.917768
0.918764
0.919849
0.921023
0.922289
0.923647
0.9251
0.926648
0.928291
0.930032
0.93187
0.933805
0.935838
0.937969
0.940198
0.942524
0.944946
0.947465
0.950079
0.952786
0.955586
0.958477
0.961456
0.964522
0.967673
0.970905
0.974217
0.977605
0.981066
0.984597
0.988194
0.991854
0.995572
0.999344
1.00317
1.00703
1.01094
1.01489
1.01886
1.02286
1.02688
1.03091
1.03496
1.039
1.04304
1.04707
1.05108
1.05507
1.05903
1.06296
1.06684
1.07067
1.07445
1.07817
1.08182
1.08539
1.08889
1.0923
1.09561
1.09883
1.10194
1.10494
1.10783
1.1106
1.11323
1.11574
1.11811
1.12034
1.12242
1.12435
1.12613
1.12775
1.1292
1.13049
1.13161
1.13256
1.13333
0.836953
0.836984
0.837062
0.837187
0.837358
0.837574
0.837836
0.838144
0.838496
0.838893
0.839335
0.83982
0.840349
0.840922
0.841536
0.842193
0.842891
0.84363
0.844409
0.845228
0.846084
0.846979
0.84791
0.848878
0.84988
0.850916
0.851986
0.853087
0.85422
0.855382
0.856573
0.857791
0.859035
0.860305
0.861598
0.862913
0.86425
0.865606
0.86698
0.868371
0.869778
0.871199
0.872632
0.874076
0.87553
0.876992
0.87846
0.879933
0.881409
0.882887
0.884366
0.885843
0.887317
0.888787
0.89025
0.891706
0.893153
0.89459
0.896014
0.897425
0.89882
0.900199
0.90156
0.902901
0.904222
0.90552
0.906794
0.908044
0.909267
0.910463
0.91163
0.912767
0.913874
0.914948
0.915989
0.916995
0.917967
0.918902
0.9198
0.920661
0.921483
0.922265
0.923008
0.92371
0.924371
0.92499
0.925567
0.926102
0.926594
0.927042
0.927448
0.92781
0.928129
0.928404
0.928636
0.928824
0.92897
0.929072
0.929132
0.92915
0.929126
0.929061
0.928956
0.92881
0.928626
0.928403
0.928143
0.927846
0.927514
0.927147
0.926747
0.926315
0.925852
0.92536
0.924839
0.924292
0.92372
0.923125
0.922508
0.921871
0.921216
0.920544
0.919858
0.91916
0.918451
0.917733
0.91701
0.916283
0.915553
0.914825
0.914099
0.913378
0.912666
0.911963
0.911273
0.910597
0.90994
0.909303
0.908689
0.9081
0.907539
0.90701
0.906513
0.906053
0.905632
0.905252
0.904917
0.904628
0.904389
0.904202
0.90407
0.903995
0.90398
0.904027
0.904139
0.904318
0.904567
0.904887
0.905281
0.905751
0.906299
0.906928
0.907638
0.908431
0.90931
0.910275
0.911328
0.912471
0.913704
0.915028
0.916444
0.917953
0.919556
0.921252
0.923042
0.924926
0.926903
0.928974
0.931137
0.933393
0.93574
0.938176
0.940701
0.943314
0.946012
0.948793
0.951656
0.954597
0.957616
0.960708
0.963871
0.967102
0.970397
0.973754
0.977168
0.980635
0.984152
0.987715
0.991318
0.994959
0.998631
1.00233
1.00605
1.00979
1.01354
1.01729
1.02105
1.0248
1.02854
1.03226
1.03595
1.03962
1.04325
1.04684
1.05039
1.05388
1.05731
1.06067
1.06397
1.06719
1.07032
1.07337
1.07632
1.07917
1.08192
1.08456
1.08708
1.08948
1.09176
1.09391
1.09592
1.0978
1.09953
1.10112
1.10256
1.10384
1.10496
1.10593
1.10674
1.10737
0.843285
0.843314
0.843391
0.843514
0.843681
0.843892
0.844149
0.84445
0.844795
0.845184
0.845616
0.846092
0.846609
0.84717
0.847771
0.848414
0.849097
0.84982
0.850581
0.851381
0.852219
0.853093
0.854003
0.854947
0.855926
0.856937
0.857981
0.859055
0.860159
0.861291
0.862451
0.863636
0.864847
0.866081
0.867338
0.868616
0.869913
0.871229
0.872561
0.873909
0.87527
0.876644
0.878029
0.879424
0.880826
0.882235
0.883648
0.885065
0.886483
0.887901
0.889318
0.890731
0.89214
0.893543
0.894937
0.896323
0.897697
0.899059
0.900406
0.901738
0.903053
0.90435
0.905626
0.90688
0.908112
0.90932
0.910501
0.911656
0.912783
0.91388
0.914946
0.91598
0.916981
0.917948
0.91888
0.919775
0.920633
0.921453
0.922235
0.922976
0.923677
0.924336
0.924954
0.925529
0.926062
0.92655
0.926995
0.927396
0.927752
0.928064
0.928331
0.928553
0.92873
0.928862
0.928949
0.928992
0.92899
0.928944
0.928855
0.928723
0.928548
0.928331
0.928072
0.927773
0.927435
0.927057
0.926642
0.926189
0.925701
0.925178
0.924622
0.924034
0.923415
0.922767
0.922091
0.921389
0.920662
0.919913
0.919142
0.918353
0.917545
0.916723
0.915887
0.915039
0.914183
0.913319
0.91245
0.911579
0.910707
0.909837
0.908972
0.908114
0.907264
0.906427
0.905603
0.904797
0.90401
0.903245
0.902504
0.901791
0.901107
0.900456
0.89984
0.899262
0.898724
0.898228
0.897779
0.897377
0.897026
0.896728
0.896486
0.896302
0.896179
0.896118
0.896122
0.896193
0.896334
0.896547
0.896833
0.897194
0.897632
0.89815
0.898748
0.899428
0.900192
0.901041
0.901975
0.902997
0.904106
0.905304
0.906591
0.907968
0.909435
0.910992
0.912639
0.914376
0.916203
0.918118
0.920122
0.922214
0.924392
0.926655
0.929003
0.931432
0.933942
0.93653
0.939195
0.941934
0.944744
0.947623
0.950568
0.953576
0.956644
0.959768
0.962945
0.966172
0.969443
0.972756
0.976106
0.979489
0.982901
0.986336
0.989791
0.99326
0.996738
1.00022
1.0037
1.00717
1.01063
1.01407
1.01749
1.02088
1.02423
1.02755
1.03082
1.03403
1.03719
1.04029
1.04331
1.04627
1.04914
1.05193
1.05463
1.05724
1.05975
1.06215
1.06444
1.06662
1.06868
1.07062
1.07243
1.07411
1.07565
1.07706
1.07832
1.07944
1.08041
1.08123
1.0819
1.0824
0.849338
0.849367
0.849442
0.849561
0.849725
0.849932
0.850184
0.850478
0.850816
0.851197
0.85162
0.852086
0.852593
0.853141
0.85373
0.854359
0.855027
0.855734
0.856479
0.857261
0.85808
0.858934
0.859823
0.860746
0.861701
0.862688
0.863706
0.864754
0.86583
0.866933
0.868062
0.869217
0.870395
0.871595
0.872817
0.874058
0.875317
0.876593
0.877884
0.87919
0.880508
0.881837
0.883175
0.884521
0.885873
0.88723
0.888591
0.889953
0.891315
0.892675
0.894032
0.895384
0.896729
0.898067
0.899395
0.900712
0.902015
0.903305
0.904578
0.905834
0.907071
0.908288
0.909482
0.910653
0.911799
0.912919
0.914011
0.915074
0.916107
0.917108
0.918077
0.919012
0.919912
0.920775
0.921602
0.92239
0.923139
0.923848
0.924516
0.925142
0.925727
0.926268
0.926765
0.927218
0.927627
0.92799
0.928308
0.92858
0.928806
0.928986
0.929119
0.929206
0.929247
0.929242
0.92919
0.929093
0.928951
0.928763
0.928531
0.928254
0.927934
0.927572
0.927167
0.926721
0.926235
0.92571
0.925146
0.924545
0.923908
0.923237
0.922532
0.921795
0.921027
0.920231
0.919407
0.918557
0.917684
0.916788
0.915871
0.914936
0.913985
0.913019
0.912041
0.911052
0.910056
0.909053
0.908047
0.907039
0.906033
0.905029
0.904032
0.903043
0.902065
0.9011
0.900151
0.899221
0.898311
0.897425
0.896565
0.895733
0.894934
0.894167
0.893438
0.892747
0.892099
0.891494
0.890936
0.890427
0.889969
0.889566
0.889219
0.88893
0.888703
0.888538
0.888439
0.888407
0.888444
0.888552
0.888734
0.88899
0.889322
0.889732
0.890222
0.890792
0.891444
0.892179
0.892997
0.893901
0.894889
0.895964
0.897125
0.898372
0.899707
0.901128
0.902635
0.904229
0.905909
0.907673
0.909522
0.911454
0.913468
0.915563
0.917737
0.919989
0.922317
0.924718
0.927191
0.929734
0.932343
0.935017
0.937752
0.940546
0.943395
0.946296
0.949246
0.952241
0.955277
0.958351
0.961459
0.964596
0.967759
0.970943
0.974144
0.977356
0.980576
0.983797
0.987015
0.990225
0.993421
0.996599
0.999753
1.00288
1.00597
1.00902
1.01203
1.01498
1.01788
1.02073
1.0235
1.02621
1.02884
1.03138
1.03385
1.03622
1.0385
1.04068
1.04275
1.04472
1.04657
1.04831
1.04993
1.05142
1.05279
1.05402
1.05512
1.05609
1.05691
1.05759
1.05812
1.0585
0.855092
0.85512
0.855193
0.85531
0.85547
0.855673
0.855919
0.856208
0.856539
0.856912
0.857327
0.857782
0.858279
0.858816
0.859392
0.860008
0.860662
0.861354
0.862083
0.862848
0.863648
0.864483
0.865352
0.866253
0.867186
0.86815
0.869144
0.870165
0.871215
0.87229
0.87339
0.874515
0.875661
0.876829
0.878016
0.879222
0.880444
0.881682
0.882934
0.884199
0.885475
0.88676
0.888053
0.889353
0.890657
0.891965
0.893274
0.894584
0.895891
0.897196
0.898495
0.899788
0.901073
0.902348
0.903611
0.904862
0.906098
0.907318
0.90852
0.909703
0.910865
0.912005
0.913121
0.914211
0.915275
0.916311
0.917317
0.918292
0.919235
0.920145
0.92102
0.921859
0.922662
0.923426
0.924152
0.924837
0.925482
0.926084
0.926644
0.927161
0.927633
0.928061
0.928443
0.928779
0.92907
0.929313
0.929509
0.929658
0.92976
0.929813
0.92982
0.929778
0.929689
0.929552
0.929369
0.929138
0.928861
0.928538
0.92817
0.927756
0.927298
0.926797
0.926254
0.925668
0.925042
0.924376
0.923672
0.92293
0.922152
0.921339
0.920493
0.919615
0.918707
0.91777
0.916806
0.915816
0.914804
0.913769
0.912715
0.911643
0.910556
0.909455
0.908342
0.90722
0.906092
0.904958
0.903822
0.902687
0.901553
0.900424
0.899303
0.898191
0.897092
0.896007
0.89494
0.893892
0.892867
0.891867
0.890895
0.889953
0.889043
0.888169
0.887332
0.886536
0.885782
0.885074
0.884413
0.883803
0.883244
0.882741
0.882294
0.881906
0.88158
0.881316
0.881118
0.880987
0.880925
0.880934
0.881014
0.881169
0.881399
0.881706
0.88209
0.882554
0.883098
0.883723
0.884429
0.885218
0.886089
0.887044
0.888083
0.889205
0.890411
0.8917
0.893072
0.894527
0.896064
0.897682
0.89938
0.901158
0.903014
0.904946
0.906953
0.909034
0.911186
0.913408
0.915697
0.918052
0.920469
0.922945
0.92548
0.928068
0.930708
0.933396
0.936129
0.938904
0.941716
0.944563
0.94744
0.950344
0.953271
0.956217
0.959177
0.962146
0.965121
0.968096
0.971067
0.974028
0.976976
0.979905
0.982809
0.985686
0.988528
0.991332
0.994093
0.996805
0.999464
1.00207
1.0046
1.00707
1.00947
1.01179
1.01403
1.01619
1.01825
1.02022
1.02209
1.02386
1.02552
1.02707
1.02851
1.02983
1.03102
1.0321
1.03304
1.03386
1.03454
1.03509
1.0355
1.03577
0.860526
0.860553
0.860625
0.86074
0.860897
0.861096
0.861337
0.86162
0.861944
0.86231
0.862716
0.863162
0.863649
0.864175
0.86474
0.865342
0.865983
0.86666
0.867373
0.868122
0.868905
0.869722
0.870571
0.871452
0.872364
0.873305
0.874275
0.875273
0.876296
0.877345
0.878417
0.879513
0.880629
0.881765
0.88292
0.884092
0.885279
0.886481
0.887696
0.888921
0.890157
0.8914
0.892651
0.893906
0.895164
0.896425
0.897685
0.898944
0.9002
0.901451
0.902696
0.903932
0.905159
0.906374
0.907576
0.908764
0.909936
0.911089
0.912223
0.913336
0.914427
0.915493
0.916534
0.917548
0.918534
0.919489
0.920413
0.921305
0.922162
0.922985
0.923771
0.924519
0.925229
0.925899
0.926529
0.927116
0.927661
0.928162
0.928619
0.929031
0.929398
0.929717
0.92999
0.930216
0.930393
0.930523
0.930603
0.930636
0.930619
0.930553
0.930439
0.930275
0.930063
0.929802
0.929493
0.929136
0.928732
0.928281
0.927783
0.92724
0.926652
0.92602
0.925345
0.924627
0.923869
0.92307
0.922233
0.921358
0.920447
0.919501
0.918522
0.917511
0.916471
0.915401
0.914306
0.913185
0.912041
0.910877
0.909693
0.908493
0.907278
0.90605
0.904812
0.903565
0.902313
0.901057
0.899799
0.898543
0.897291
0.896045
0.894807
0.893581
0.892368
0.891171
0.889993
0.888836
0.887703
0.886597
0.885519
0.884473
0.88346
0.882485
0.881548
0.880652
0.8798
0.878995
0.878237
0.877531
0.876877
0.876279
0.875738
0.875256
0.874836
0.874479
0.874187
0.873962
0.873805
0.873718
0.873703
0.873761
0.873893
0.874101
0.874385
0.874746
0.875186
0.875705
0.876304
0.876982
0.877741
0.878581
0.879502
0.880503
0.881585
0.882748
0.88399
0.885311
0.886711
0.888189
0.889743
0.891373
0.893076
0.894853
0.896701
0.898618
0.900602
0.902653
0.904766
0.906941
0.909174
0.911464
0.913807
0.916201
0.918642
0.921128
0.923656
0.926222
0.928823
0.931455
0.934115
0.936799
0.939503
0.942223
0.944956
0.947697
0.950442
0.953186
0.955924
0.958652
0.961366
0.964061
0.966732
0.969375
0.971985
0.974557
0.977088
0.979571
0.982004
0.98438
0.986697
0.988948
0.991131
0.99324
0.995271
0.99722
0.999084
1.00086
1.00254
1.00412
1.0056
1.00697
1.00824
1.0094
1.01044
1.01136
1.01216
1.01284
1.0134
1.01382
1.01412
1.01427
0.865623
0.865649
0.86572
0.865832
0.865986
0.866181
0.866417
0.866695
0.867013
0.867371
0.867769
0.868207
0.868684
0.8692
0.869753
0.870344
0.870971
0.871635
0.872334
0.873067
0.873833
0.874632
0.875463
0.876325
0.877217
0.878137
0.879084
0.880058
0.881058
0.882081
0.883127
0.884195
0.885282
0.886389
0.887513
0.888653
0.889807
0.890974
0.892153
0.893342
0.894539
0.895743
0.896953
0.898166
0.899381
0.900597
0.901811
0.903022
0.904229
0.905429
0.906622
0.907805
0.908977
0.910136
0.91128
0.912408
0.913518
0.914609
0.915679
0.916726
0.917749
0.918746
0.919716
0.920657
0.921568
0.922448
0.923295
0.924107
0.924884
0.925624
0.926326
0.926988
0.927611
0.928192
0.92873
0.929225
0.929676
0.930082
0.930442
0.930755
0.931021
0.931239
0.931409
0.93153
0.931601
0.931623
0.931595
0.931517
0.931389
0.931211
0.930983
0.930704
0.930376
0.929998
0.929571
0.929096
0.928572
0.928
0.927382
0.926717
0.926006
0.925251
0.924453
0.923611
0.922729
0.921806
0.920844
0.919845
0.918809
0.917739
0.916635
0.9155
0.914336
0.913143
0.911924
0.910681
0.909415
0.908129
0.906825
0.905505
0.90417
0.902824
0.901469
0.900106
0.898738
0.897368
0.895998
0.89463
0.893267
0.891912
0.890566
0.889233
0.887915
0.886614
0.885333
0.884074
0.882841
0.881635
0.88046
0.879316
0.878209
0.877138
0.876108
0.875119
0.874176
0.873279
0.872432
0.871636
0.870893
0.870206
0.869577
0.869007
0.868498
0.868053
0.867672
0.867358
0.867112
0.866935
0.866829
0.866795
0.866834
0.866948
0.867136
0.867401
0.867741
0.86816
0.868655
0.869229
0.869881
0.870611
0.871419
0.872305
0.873269
0.874311
0.875429
0.876623
0.877893
0.879236
0.880653
0.882142
0.883702
0.885331
0.887027
0.888789
0.890615
0.892503
0.89445
0.896456
0.898516
0.900629
0.902792
0.905002
0.907256
0.909553
0.911887
0.914257
0.916659
0.91909
0.921546
0.924023
0.926519
0.929029
0.93155
0.934077
0.936607
0.939134
0.941655
0.944166
0.946662
0.949139
0.951592
0.954018
0.956411
0.958768
0.961085
0.963356
0.965577
0.967745
0.969856
0.971904
0.973886
0.975797
0.977635
0.979395
0.981072
0.982664
0.984166
0.985576
0.986889
0.988102
0.989213
0.990217
0.991113
0.991896
0.992565
0.993117
0.99355
0.993861
0.994049
0.994107
0.870364
0.870389
0.870458
0.870568
0.870719
0.870911
0.871143
0.871415
0.871727
0.872079
0.87247
0.8729
0.873368
0.873873
0.874416
0.874996
0.875611
0.876261
0.876946
0.877664
0.878416
0.879198
0.880012
0.880856
0.881728
0.882628
0.883555
0.884507
0.885484
0.886483
0.887504
0.888546
0.889607
0.890685
0.89178
0.89289
0.894013
0.895148
0.896294
0.897448
0.898609
0.899776
0.900947
0.902121
0.903295
0.904469
0.905639
0.906806
0.907967
0.90912
0.910264
0.911396
0.912516
0.913622
0.914712
0.915784
0.916837
0.917869
0.918878
0.919864
0.920823
0.921755
0.922659
0.923532
0.924374
0.925182
0.925956
0.926695
0.927396
0.928058
0.928681
0.929263
0.929804
0.930301
0.930755
0.931164
0.931526
0.931843
0.932112
0.932333
0.932505
0.932628
0.932701
0.932724
0.932696
0.932618
0.932488
0.932308
0.932076
0.931792
0.931458
0.931072
0.930636
0.930149
0.929612
0.929026
0.928391
0.927707
0.926975
0.926197
0.925372
0.924503
0.923589
0.922633
0.921635
0.920597
0.919519
0.918404
0.917253
0.916067
0.914848
0.913598
0.912318
0.911011
0.909678
0.908321
0.906942
0.905544
0.904128
0.902697
0.901252
0.899797
0.898333
0.896863
0.895388
0.893913
0.892439
0.890968
0.889503
0.888046
0.886601
0.885169
0.883753
0.882356
0.88098
0.879628
0.878302
0.877004
0.875738
0.874506
0.87331
0.872152
0.871035
0.869961
0.868932
0.867951
0.86702
0.86614
0.865315
0.864545
0.863834
0.863181
0.86259
0.862062
0.861599
0.861202
0.860872
0.860611
0.860419
0.860299
0.860251
0.860276
0.860374
0.860547
0.860795
0.861118
0.861516
0.861991
0.862541
0.863168
0.86387
0.864648
0.8655
0.866428
0.867429
0.868503
0.86965
0.870867
0.872155
0.873512
0.874936
0.876425
0.877979
0.879596
0.881273
0.883009
0.884801
0.886647
0.888545
0.890493
0.892488
0.894527
0.896607
0.898726
0.900881
0.903068
0.905285
0.907528
0.909795
0.912081
0.914383
0.916698
0.919022
0.921351
0.923681
0.926008
0.928329
0.930638
0.932933
0.935208
0.93746
0.939685
0.941879
0.944037
0.946155
0.94823
0.950258
0.952233
0.954154
0.956014
0.957812
0.959542
0.961201
0.962786
0.964292
0.965717
0.967056
0.968307
0.969466
0.97053
0.971496
0.972362
0.973123
0.973779
0.974325
0.97476
0.975082
0.975288
0.975378
0.975343
0.874732
0.874757
0.874825
0.874933
0.875081
0.875269
0.875497
0.875765
0.876071
0.876417
0.876801
0.877223
0.877683
0.878179
0.878712
0.879281
0.879885
0.880523
0.881195
0.8819
0.882637
0.883404
0.884202
0.885029
0.885883
0.886765
0.887672
0.888604
0.889559
0.890537
0.891535
0.892552
0.893588
0.894641
0.895709
0.89679
0.897885
0.898989
0.900104
0.901226
0.902354
0.903486
0.904622
0.905759
0.906895
0.908029
0.90916
0.910285
0.911403
0.912512
0.91361
0.914697
0.915769
0.916825
0.917865
0.918885
0.919884
0.920862
0.921815
0.922743
0.923643
0.924516
0.925357
0.926168
0.926945
0.927687
0.928394
0.929063
0.929694
0.930285
0.930835
0.931342
0.931807
0.932227
0.932602
0.93293
0.933212
0.933445
0.93363
0.933765
0.933851
0.933886
0.933869
0.933802
0.933683
0.933511
0.933288
0.933012
0.932684
0.932303
0.931871
0.931386
0.93085
0.930262
0.929624
0.928935
0.928197
0.927409
0.926573
0.92569
0.924761
0.923786
0.922767
0.921704
0.9206
0.919455
0.918271
0.917049
0.915792
0.914499
0.913174
0.911818
0.910433
0.90902
0.907582
0.906121
0.904639
0.903137
0.901619
0.900086
0.89854
0.896985
0.895421
0.893853
0.892281
0.890709
0.889139
0.887574
0.886015
0.884467
0.88293
0.881408
0.879903
0.878418
0.876955
0.875517
0.874106
0.872725
0.871376
0.870062
0.868784
0.867546
0.86635
0.865197
0.86409
0.863032
0.862024
0.861068
0.860166
0.85932
0.858532
0.857804
0.857137
0.856533
0.855993
0.855518
0.855111
0.854771
0.854501
0.8543
0.854171
0.854113
0.854127
0.854215
0.854375
0.85461
0.854918
0.8553
0.855756
0.856285
0.856889
0.857565
0.858314
0.859135
0.860027
0.860989
0.862021
0.863122
0.864289
0.865523
0.86682
0.868181
0.869603
0.871084
0.872623
0.874218
0.875866
0.877565
0.879313
0.881108
0.882947
0.884828
0.886748
0.888703
0.890692
0.892711
0.894758
0.896829
0.898921
0.90103
0.903155
0.90529
0.907433
0.909581
0.911728
0.913872
0.916008
0.918133
0.920243
0.922333
0.924401
0.926443
0.928453
0.930429
0.932367
0.934263
0.936113
0.937913
0.93966
0.941349
0.942978
0.944543
0.946039
0.947464
0.948815
0.950087
0.951278
0.952384
0.953403
0.954331
0.955166
0.955904
0.956544
0.957083
0.957518
0.957847
0.958068
0.958179
0.958178
0.95806
0.878713
0.878738
0.878804
0.87891
0.879056
0.879241
0.879465
0.879728
0.88003
0.88037
0.880747
0.881162
0.881614
0.882103
0.882627
0.883186
0.883779
0.884407
0.885067
0.885759
0.886482
0.887236
0.888019
0.88883
0.889668
0.890533
0.891422
0.892335
0.893271
0.894228
0.895205
0.896201
0.897214
0.898242
0.899285
0.900341
0.901409
0.902486
0.903572
0.904664
0.905762
0.906863
0.907966
0.909069
0.91017
0.911269
0.912362
0.913449
0.914528
0.915596
0.916653
0.917697
0.918725
0.919736
0.920729
0.921702
0.922652
0.92358
0.924481
0.925357
0.926203
0.92702
0.927805
0.928558
0.929276
0.929958
0.930603
0.931209
0.931775
0.9323
0.932783
0.933223
0.933618
0.933967
0.93427
0.934525
0.934731
0.934889
0.934997
0.935054
0.93506
0.935014
0.934916
0.934766
0.934562
0.934306
0.933997
0.933634
0.933218
0.932748
0.932226
0.931651
0.931024
0.930344
0.929613
0.928831
0.927998
0.927116
0.926186
0.925207
0.924182
0.923111
0.921995
0.920836
0.919635
0.918393
0.917112
0.915793
0.914439
0.91305
0.911628
0.910175
0.908694
0.907186
0.905653
0.904097
0.90252
0.900925
0.899314
0.897688
0.896051
0.894405
0.892751
0.891093
0.889434
0.887774
0.886118
0.884467
0.882824
0.881191
0.879572
0.877968
0.876383
0.874818
0.873276
0.871761
0.870273
0.868816
0.867392
0.866003
0.864652
0.863341
0.862073
0.860849
0.859671
0.858542
0.857464
0.856438
0.855467
0.854552
0.853695
0.852897
0.85216
0.851486
0.850876
0.850331
0.849852
0.84944
0.849097
0.848823
0.848619
0.848485
0.848422
0.848431
0.848512
0.848664
0.848889
0.849186
0.849555
0.849995
0.850507
0.85109
0.851744
0.852467
0.853258
0.854118
0.855045
0.856037
0.857094
0.858215
0.859397
0.860639
0.86194
0.863297
0.86471
0.866175
0.867691
0.869256
0.870867
0.872523
0.87422
0.875956
0.877729
0.879536
0.881373
0.883239
0.885131
0.887045
0.888978
0.890928
0.89289
0.894863
0.896842
0.898824
0.900805
0.902782
0.904752
0.906709
0.908652
0.910576
0.912477
0.914352
0.916197
0.918009
0.919783
0.921517
0.923207
0.924848
0.926438
0.927973
0.92945
0.930865
0.932214
0.933496
0.934705
0.93584
0.936897
0.937873
0.938765
0.939571
0.940288
0.940912
0.941443
0.941876
0.942211
0.942444
0.942574
0.942599
0.942518
0.942325
0.882292
0.882316
0.882382
0.882486
0.88263
0.882812
0.883032
0.883291
0.883588
0.883923
0.884295
0.884704
0.885149
0.885629
0.886145
0.886696
0.88728
0.887897
0.888546
0.889227
0.889939
0.89068
0.891449
0.892246
0.89307
0.893919
0.894792
0.895689
0.896607
0.897545
0.898503
0.899479
0.900471
0.901478
0.902499
0.903531
0.904575
0.905627
0.906687
0.907752
0.908822
0.909895
0.910968
0.912041
0.913111
0.914177
0.915237
0.916289
0.917332
0.918364
0.919384
0.920388
0.921377
0.922347
0.923298
0.924228
0.925134
0.926016
0.926872
0.927699
0.928497
0.929264
0.929998
0.930698
0.931363
0.93199
0.932579
0.933128
0.933636
0.934102
0.934525
0.934902
0.935235
0.93552
0.935757
0.935946
0.936086
0.936175
0.936213
0.936199
0.936133
0.936015
0.935843
0.935618
0.935339
0.935006
0.934619
0.934178
0.933683
0.933133
0.93253
0.931874
0.931164
0.930401
0.929587
0.928721
0.927804
0.926837
0.92582
0.924756
0.923644
0.922487
0.921284
0.920038
0.91875
0.917421
0.916053
0.914647
0.913206
0.91173
0.910221
0.908682
0.907115
0.905521
0.903902
0.902262
0.9006
0.898921
0.897227
0.895519
0.893799
0.892072
0.890338
0.8886
0.886861
0.885124
0.88339
0.881662
0.879944
0.878236
0.876543
0.874867
0.873209
0.871573
0.869961
0.868376
0.866819
0.865294
0.863803
0.862348
0.860931
0.859555
0.858222
0.856934
0.855693
0.854501
0.853359
0.852271
0.851237
0.85026
0.84934
0.84848
0.847681
0.846944
0.84627
0.845661
0.845118
0.844641
0.844232
0.843891
0.843619
0.843417
0.843284
0.843222
0.84323
0.843309
0.843458
0.843677
0.843967
0.844327
0.844756
0.845255
0.845821
0.846455
0.847156
0.847923
0.848754
0.849649
0.850606
0.851624
0.852702
0.853837
0.855028
0.856274
0.857572
0.858921
0.860318
0.861762
0.86325
0.86478
0.866349
0.867956
0.869597
0.871269
0.872972
0.8747
0.876452
0.878226
0.880017
0.881823
0.88364
0.885467
0.887299
0.889133
0.890966
0.892794
0.894614
0.896422
0.898216
0.89999
0.901742
0.903469
0.905166
0.906831
0.90846
0.910049
0.911596
0.913096
0.914546
0.915944
0.917285
0.918567
0.919786
0.920939
0.922023
0.923036
0.923974
0.924834
0.925614
0.926311
0.926922
0.927445
0.927878
0.928218
0.928464
0.928612
0.928662
0.928611
0.928458
0.928198
0.885457
0.88548
0.885545
0.885648
0.885789
0.885969
0.886186
0.886442
0.886735
0.887065
0.887432
0.887835
0.888273
0.888747
0.889256
0.889799
0.890374
0.890983
0.891623
0.892293
0.892994
0.893724
0.894481
0.895266
0.896077
0.896912
0.897771
0.898652
0.899554
0.900477
0.901417
0.902375
0.903349
0.904337
0.905338
0.90635
0.907372
0.908402
0.909439
0.910481
0.911526
0.912573
0.91362
0.914665
0.915707
0.916745
0.917775
0.918797
0.919808
0.920808
0.921794
0.922764
0.923717
0.924652
0.925565
0.926457
0.927324
0.928165
0.92898
0.929765
0.930519
0.931242
0.931931
0.932584
0.933201
0.93378
0.93432
0.934818
0.935275
0.935688
0.936057
0.93638
0.936656
0.936884
0.937064
0.937194
0.937274
0.937302
0.937279
0.937202
0.937073
0.93689
0.936653
0.936362
0.936015
0.935615
0.935159
0.934648
0.934083
0.933462
0.932788
0.932059
0.931276
0.93044
0.929552
0.928611
0.927619
0.926577
0.925485
0.924345
0.923157
0.921923
0.920644
0.919321
0.917956
0.91655
0.915105
0.913622
0.912103
0.910551
0.908966
0.907351
0.905707
0.904038
0.902344
0.900628
0.898893
0.89714
0.895371
0.89359
0.891799
0.89
0.888195
0.886387
0.884578
0.882772
0.88097
0.879175
0.87739
0.875617
0.873859
0.872118
0.870397
0.868699
0.867025
0.865378
0.863761
0.862176
0.860626
0.859113
0.857638
0.856205
0.854815
0.85347
0.852173
0.850925
0.849728
0.848584
0.847495
0.846463
0.845488
0.844573
0.843718
0.842925
0.842195
0.84153
0.840929
0.840395
0.839927
0.839527
0.839195
0.838931
0.838736
0.83861
0.838554
0.838567
0.838648
0.838799
0.839019
0.839307
0.839662
0.840085
0.840575
0.84113
0.84175
0.842434
0.843181
0.843989
0.844857
0.845784
0.846769
0.847809
0.848903
0.85005
0.851247
0.852493
0.853785
0.855122
0.8565
0.857919
0.859376
0.860868
0.862392
0.863947
0.865529
0.867137
0.868766
0.870415
0.872081
0.87376
0.875451
0.877149
0.878851
0.880555
0.882258
0.883955
0.885643
0.88732
0.888982
0.890625
0.892246
0.893843
0.895411
0.896947
0.898448
0.89991
0.901331
0.902707
0.904035
0.905312
0.906535
0.9077
0.908804
0.909845
0.91082
0.911726
0.912559
0.913318
0.914
0.914602
0.915121
0.915556
0.915903
0.916162
0.916329
0.916403
0.916383
0.916265
0.91605
0.915731
0.888195
0.888218
0.888281
0.888383
0.888523
0.8887
0.888915
0.889167
0.889457
0.889783
0.890145
0.890543
0.890977
0.891445
0.891947
0.892483
0.893052
0.893652
0.894284
0.894946
0.895637
0.896357
0.897105
0.897878
0.898678
0.899501
0.900347
0.901216
0.902104
0.903012
0.903938
0.904881
0.905838
0.90681
0.907793
0.908787
0.909791
0.910802
0.911818
0.91284
0.913864
0.914888
0.915913
0.916935
0.917953
0.918965
0.919969
0.920964
0.921948
0.92292
0.923877
0.924817
0.92574
0.926643
0.927524
0.928382
0.929215
0.930022
0.9308
0.931549
0.932266
0.93295
0.933599
0.934212
0.934788
0.935325
0.935821
0.936276
0.936688
0.937055
0.937377
0.937653
0.937881
0.93806
0.938189
0.938269
0.938296
0.938272
0.938195
0.938064
0.93788
0.937641
0.937347
0.936998
0.936594
0.936134
0.935619
0.935048
0.934421
0.93374
0.933003
0.932211
0.931366
0.930466
0.929514
0.928509
0.927452
0.926344
0.925187
0.923981
0.922727
0.921427
0.920081
0.918692
0.91726
0.915788
0.914276
0.912727
0.911142
0.909523
0.907872
0.906191
0.904482
0.902747
0.900988
0.899208
0.897408
0.895591
0.89376
0.891916
0.890062
0.888201
0.886335
0.884467
0.882598
0.880733
0.878872
0.877019
0.875177
0.873347
0.871533
0.869737
0.867961
0.866209
0.864481
0.862782
0.861113
0.859477
0.857876
0.856312
0.854787
0.853304
0.851865
0.850472
0.849126
0.84783
0.846585
0.845394
0.844257
0.843177
0.842154
0.841191
0.840288
0.839447
0.838668
0.837954
0.837304
0.836719
0.836201
0.835749
0.835364
0.835048
0.834799
0.834618
0.834505
0.83446
0.834484
0.834575
0.834733
0.834958
0.83525
0.835608
0.83603
0.836517
0.837067
0.837679
0.838352
0.839084
0.839876
0.840724
0.841628
0.842586
0.843596
0.844657
0.845767
0.846923
0.848124
0.849368
0.850653
0.851976
0.853335
0.854727
0.856151
0.857604
0.859083
0.860586
0.86211
0.863652
0.86521
0.86678
0.86836
0.869948
0.871539
0.873131
0.874721
0.876305
0.87788
0.879444
0.880993
0.882523
0.884032
0.885516
0.886973
0.888398
0.889789
0.891143
0.892456
0.893726
0.894949
0.896123
0.897243
0.898308
0.899314
0.900259
0.90114
0.901954
0.902698
0.90337
0.903968
0.904488
0.904928
0.905287
0.905562
0.905751
0.905852
0.905862
0.905781
0.905607
0.905338
0.904969
0.890496
0.890519
0.890581
0.890682
0.89082
0.890996
0.891209
0.891458
0.891745
0.892068
0.892426
0.89282
0.893249
0.893712
0.894209
0.894739
0.895302
0.895896
0.896521
0.897175
0.897859
0.898571
0.899309
0.900074
0.900864
0.901677
0.902513
0.90337
0.904247
0.905143
0.906057
0.906986
0.90793
0.908888
0.909857
0.910836
0.911823
0.912818
0.913818
0.914822
0.915828
0.916834
0.917839
0.918841
0.919839
0.92083
0.921812
0.922785
0.923746
0.924694
0.925626
0.926542
0.927439
0.928315
0.929169
0.929999
0.930803
0.93158
0.932329
0.933046
0.933732
0.934383
0.934999
0.935579
0.93612
0.936621
0.937081
0.937499
0.937873
0.938202
0.938485
0.93872
0.938907
0.939045
0.939132
0.939169
0.939153
0.939084
0.938962
0.938785
0.938554
0.938268
0.937927
0.937529
0.937076
0.936567
0.936002
0.93538
0.934702
0.933969
0.93318
0.932336
0.931437
0.930484
0.929478
0.928418
0.927307
0.926145
0.924932
0.923671
0.922362
0.921006
0.919605
0.918159
0.916672
0.915144
0.913576
0.911971
0.91033
0.908656
0.906949
0.905213
0.903449
0.901659
0.899846
0.898011
0.896157
0.894287
0.892403
0.890506
0.8886
0.886687
0.88477
0.882851
0.880932
0.879017
0.877107
0.875206
0.873315
0.871438
0.869577
0.867735
0.865914
0.864116
0.862344
0.860601
0.858888
0.857209
0.855565
0.853958
0.852392
0.850868
0.849387
0.847953
0.846567
0.84523
0.843945
0.842714
0.841537
0.840416
0.839354
0.83835
0.837407
0.836525
0.835705
0.834949
0.834257
0.833631
0.833069
0.832574
0.832146
0.831784
0.83149
0.831262
0.831102
0.831009
0.830983
0.831024
0.83113
0.831303
0.831541
0.831843
0.832209
0.832638
0.833129
0.83368
0.834291
0.834961
0.835687
0.836469
0.837305
0.838194
0.839134
0.840123
0.841159
0.84224
0.843365
0.844531
0.845737
0.846979
0.848256
0.849566
0.850906
0.852273
0.853666
0.855081
0.856516
0.857969
0.859436
0.860915
0.862403
0.863898
0.865396
0.866894
0.86839
0.86988
0.871361
0.87283
0.874284
0.87572
0.877135
0.878526
0.879889
0.881222
0.882522
0.883785
0.885008
0.886189
0.887324
0.888411
0.889447
0.890428
0.891353
0.892218
0.89302
0.893758
0.894427
0.895027
0.895554
0.896006
0.896381
0.896677
0.896891
0.897022
0.897067
0.897025
0.896893
0.896671
0.896358
0.895948
0.892352
0.892374
0.892436
0.892536
0.892673
0.892847
0.893058
0.893306
0.89359
0.89391
0.894266
0.894656
0.895082
0.895541
0.896034
0.896559
0.897117
0.897705
0.898324
0.898973
0.89965
0.900355
0.901087
0.901844
0.902626
0.903432
0.904259
0.905107
0.905975
0.906862
0.907765
0.908684
0.909618
0.910563
0.911521
0.912488
0.913463
0.914444
0.915431
0.91642
0.917412
0.918403
0.919393
0.920379
0.92136
0.922334
0.923299
0.924254
0.925196
0.926125
0.927037
0.927932
0.928808
0.929663
0.930495
0.931303
0.932084
0.932837
0.933561
0.934254
0.934914
0.935539
0.936129
0.936681
0.937194
0.937666
0.938097
0.938485
0.938829
0.939127
0.939378
0.939581
0.939735
0.939839
0.939893
0.939894
0.939843
0.939738
0.939579
0.939366
0.939098
0.938774
0.938394
0.937958
0.937465
0.936916
0.93631
0.935647
0.934928
0.934153
0.933322
0.932435
0.931494
0.930498
0.929448
0.928345
0.92719
0.925983
0.924726
0.92342
0.922066
0.920666
0.91922
0.91773
0.916197
0.914624
0.913011
0.911361
0.909675
0.907956
0.906205
0.904424
0.902616
0.900782
0.898925
0.897046
0.895149
0.893236
0.891309
0.88937
0.887422
0.885468
0.883509
0.881549
0.87959
0.877635
0.875686
0.873745
0.871816
0.869901
0.868003
0.866123
0.864265
0.862431
0.860623
0.858844
0.857097
0.855382
0.853704
0.852064
0.850464
0.848906
0.847393
0.845926
0.844507
0.843138
0.84182
0.840556
0.839347
0.838194
0.837099
0.836063
0.835087
0.834172
0.83332
0.83253
0.831805
0.831144
0.830548
0.830018
0.829554
0.829156
0.828824
0.82856
0.828361
0.828229
0.828163
0.828163
0.828228
0.828358
0.828552
0.82881
0.829131
0.829513
0.829956
0.830458
0.831019
0.831638
0.832312
0.833041
0.833823
0.834656
0.835538
0.836469
0.837446
0.838467
0.839531
0.840634
0.841776
0.842954
0.844165
0.845408
0.84668
0.847979
0.849302
0.850647
0.852011
0.853392
0.854787
0.856193
0.857607
0.859027
0.86045
0.861873
0.863294
0.864708
0.866113
0.867506
0.868885
0.870245
0.871585
0.8729
0.874189
0.875448
0.876674
0.877864
0.879015
0.880125
0.88119
0.882208
0.883176
0.884091
0.88495
0.88575
0.88649
0.887166
0.887776
0.888318
0.888789
0.889187
0.889509
0.889755
0.88992
0.890004
0.890005
0.88992
0.889748
0.889489
0.88914
0.888696
0.893754
0.893777
0.893838
0.893937
0.894073
0.894246
0.894456
0.894702
0.894985
0.895303
0.895656
0.896044
0.896467
0.896923
0.897413
0.897935
0.898488
0.899073
0.899688
0.900332
0.901005
0.901705
0.902431
0.903183
0.903959
0.904758
0.905579
0.906421
0.907282
0.908161
0.909057
0.909968
0.910893
0.911831
0.912779
0.913737
0.914702
0.915674
0.91665
0.917629
0.91861
0.91959
0.920568
0.921542
0.92251
0.923471
0.924423
0.925365
0.926293
0.927207
0.928105
0.928985
0.929845
0.930684
0.931499
0.93229
0.933053
0.933789
0.934494
0.935168
0.935809
0.936414
0.936984
0.937515
0.938007
0.938458
0.938867
0.939232
0.939553
0.939827
0.940054
0.940233
0.940363
0.940441
0.940469
0.940444
0.940366
0.940235
0.940049
0.939808
0.939511
0.939158
0.938749
0.938283
0.937761
0.937181
0.936545
0.935852
0.935101
0.934295
0.933432
0.932513
0.931539
0.930511
0.929428
0.928292
0.927104
0.925864
0.924574
0.923234
0.921846
0.920412
0.918932
0.917408
0.915841
0.914234
0.912587
0.910903
0.909184
0.907431
0.905646
0.903832
0.90199
0.900123
0.898232
0.896321
0.894392
0.892446
0.890486
0.888516
0.886536
0.88455
0.882561
0.88057
0.878581
0.876595
0.874616
0.872647
0.870689
0.868745
0.866818
0.86491
0.863024
0.861163
0.859328
0.857522
0.855748
0.854008
0.852304
0.850638
0.849013
0.84743
0.845891
0.8444
0.842956
0.841562
0.840221
0.838932
0.837699
0.836521
0.835402
0.834341
0.83334
0.832401
0.831523
0.830709
0.829958
0.829271
0.828649
0.828092
0.827601
0.827176
0.826817
0.826523
0.826296
0.826134
0.826038
0.826007
0.826041
0.826139
0.8263
0.826524
0.82681
0.827157
0.827564
0.82803
0.828553
0.829133
0.829768
0.830456
0.831197
0.831988
0.832828
0.833715
0.834647
0.835623
0.83664
0.837697
0.838791
0.83992
0.841082
0.842275
0.843496
0.844743
0.846014
0.847306
0.848617
0.849944
0.851284
0.852635
0.853993
0.855358
0.856725
0.858091
0.859454
0.860812
0.86216
0.863496
0.864818
0.866121
0.867404
0.868663
0.869896
0.871099
0.87227
0.873405
0.874502
0.875559
0.876571
0.877537
0.878454
0.879318
0.880128
0.88088
0.881573
0.882203
0.882769
0.883267
0.883696
0.884053
0.884336
0.884543
0.884672
0.884721
0.884688
0.884571
0.884369
0.884081
0.883705
0.883236
0.894698
0.89472
0.894781
0.89488
0.895016
0.895188
0.895397
0.895642
0.895923
0.89624
0.896592
0.896978
0.897399
0.897853
0.898341
0.89886
0.899412
0.899994
0.900606
0.901247
0.901917
0.902613
0.903336
0.904084
0.904856
0.905652
0.906468
0.907306
0.908162
0.909036
0.909927
0.910833
0.911753
0.912684
0.913627
0.914578
0.915538
0.916503
0.917472
0.918444
0.919417
0.92039
0.92136
0.922326
0.923286
0.924239
0.925182
0.926114
0.927033
0.927937
0.928825
0.929695
0.930545
0.931373
0.932177
0.932956
0.933708
0.934432
0.935125
0.935786
0.936414
0.937006
0.937562
0.93808
0.938557
0.938994
0.939388
0.939738
0.940044
0.940302
0.940514
0.940676
0.940789
0.940851
0.940861
0.940819
0.940723
0.940574
0.940369
0.940109
0.939794
0.939422
0.938993
0.938508
0.937965
0.937366
0.936709
0.935995
0.935224
0.934396
0.933512
0.932572
0.931576
0.930526
0.929421
0.928263
0.927052
0.92579
0.924478
0.923115
0.921705
0.920248
0.918745
0.917198
0.915609
0.913979
0.91231
0.910603
0.908861
0.907085
0.905278
0.903441
0.901577
0.899687
0.897775
0.895841
0.89389
0.891922
0.889941
0.887949
0.885948
0.883942
0.881931
0.87992
0.87791
0.875905
0.873906
0.871916
0.869939
0.867976
0.86603
0.864103
0.862199
0.860319
0.858466
0.856642
0.854851
0.853093
0.851371
0.849688
0.848046
0.846446
0.844891
0.843383
0.841922
0.840512
0.839154
0.837849
0.836599
0.835406
0.83427
0.833193
0.832175
0.831219
0.830325
0.829493
0.828725
0.828021
0.827381
0.826807
0.826298
0.825854
0.825476
0.825164
0.824917
0.824735
0.824619
0.824567
0.82458
0.824656
0.824796
0.824997
0.82526
0.825583
0.825966
0.826407
0.826905
0.827459
0.828068
0.828729
0.829442
0.830205
0.831017
0.831874
0.832777
0.833722
0.834709
0.835734
0.836796
0.837892
0.839021
0.840181
0.841368
0.842581
0.843817
0.845074
0.846349
0.847639
0.848943
0.850257
0.851579
0.852906
0.854235
0.855564
0.856889
0.858208
0.859518
0.860816
0.8621
0.863365
0.86461
0.865832
0.867027
0.868193
0.869327
0.870425
0.871487
0.872507
0.873484
0.874415
0.875298
0.876129
0.876906
0.877626
0.878287
0.878887
0.879422
0.879892
0.880292
0.880622
0.880878
0.88106
0.881164
0.88119
0.881135
0.880997
0.880774
0.880466
0.880072
0.879586
0.895178
0.8952
0.895261
0.89536
0.895495
0.895667
0.895876
0.89612
0.896401
0.896717
0.897068
0.897454
0.897874
0.898327
0.898813
0.899332
0.899882
0.900463
0.901074
0.901713
0.902381
0.903076
0.903798
0.904544
0.905314
0.906107
0.906922
0.907757
0.908611
0.909483
0.910371
0.911275
0.912192
0.913121
0.91406
0.915009
0.915965
0.916927
0.917893
0.918861
0.919831
0.9208
0.921766
0.922728
0.923684
0.924633
0.925571
0.926499
0.927413
0.928313
0.929196
0.930061
0.930905
0.931728
0.932526
0.9333
0.934046
0.934764
0.935451
0.936106
0.936727
0.937313
0.937862
0.938373
0.938844
0.939273
0.93966
0.940003
0.9403
0.940551
0.940754
0.940909
0.941013
0.941067
0.941069
0.941018
0.940913
0.940754
0.940541
0.940272
0.939946
0.939565
0.939127
0.938631
0.938079
0.937469
0.936802
0.936078
0.935296
0.934458
0.933563
0.932612
0.931606
0.930544
0.929429
0.92826
0.927038
0.925765
0.924441
0.923067
0.921646
0.920177
0.918663
0.917105
0.915504
0.913862
0.912182
0.910463
0.90871
0.906923
0.905104
0.903256
0.90138
0.89948
0.897556
0.895612
0.893649
0.891671
0.889679
0.887676
0.885664
0.883647
0.881626
0.879604
0.877584
0.875568
0.87356
0.87156
0.869573
0.8676
0.865644
0.863708
0.861794
0.859905
0.858043
0.856211
0.85441
0.852643
0.850913
0.849221
0.84757
0.845962
0.844398
0.842881
0.841413
0.839994
0.838628
0.837315
0.836056
0.834854
0.83371
0.832625
0.831599
0.830634
0.829731
0.828891
0.828114
0.827401
0.826753
0.82617
0.825651
0.825198
0.824811
0.824489
0.824232
0.824041
0.823914
0.823852
0.823854
0.823919
0.824047
0.824238
0.824489
0.8248
0.825171
0.825599
0.826085
0.826626
0.827221
0.827869
0.828568
0.829317
0.830114
0.830957
0.831845
0.832775
0.833746
0.834755
0.835801
0.836881
0.837994
0.839136
0.840307
0.841502
0.842721
0.84396
0.845217
0.84649
0.847775
0.849071
0.850374
0.851682
0.852992
0.854302
0.855608
0.856908
0.858199
0.859478
0.860742
0.861989
0.863215
0.864417
0.865594
0.866741
0.867856
0.868937
0.86998
0.870982
0.871942
0.872856
0.873721
0.874535
0.875295
0.876
0.876645
0.877229
0.87775
0.878204
0.878591
0.878907
0.87915
0.879319
0.879411
0.879425
0.879358
0.879209
0.878976
0.878659
0.878255
0.87776
0.316695
0.357923
0.379538
0.390334
0.393358
0.390541
0.383293
0.372739
0.359805
0.345248
0.329693
0.313718
0.298129
0.282653
0.267186
0.251852
0.23679
0.222105
0.207864
0.194109
0.180863
0.168133
0.15592
0.144218
0.133022
0.122324
0.112119
0.102402
0.0931731
0.0844331
0.0761852
0.0684346
0.0611874
0.0544497
0.0482271
0.0425226
0.0373359
0.0326622
0.0284906
0.0248034
0.021576
0.0187771
0.0163702
0.0143147
0.0125686
0.0110897
0.00984583
0.00880231
0.0079107
0.0071409
0.00646836
0.0058732
0.00534085
0.00485797
0.00441585
0.00400805
0.00362991
0.00327817
0.00295056
0.00264548
0.00236184
0.00209881
0.00185571
0.00163194
0.00142685
0.00123977
0.00106991
0.000916428
0.00077835
0.000654648
0.000544255
0.000446059
0.000358937
0.00028186
0.000213908
0.00015433
0.000102666
5.91745e-05
2.32058e-05
2.30201e-05
0.687011
0.756883
0.794751
0.812438
0.815532
0.80758
0.791292
0.768857
0.742067
0.712377
0.680985
0.649
0.616802
0.584392
0.552189
0.520518
0.489608
0.459608
0.430606
0.402647
0.375746
0.349897
0.325085
0.301289
0.278486
0.256659
0.235791
0.215874
0.196906
0.17889
0.161834
0.145753
0.130663
0.116581
0.103524
0.0915055
0.0805311
0.0705987
0.0616941
0.0537897
0.0468427
0.040796
0.0355797
0.0311143
0.027314
0.0240916
0.0213593
0.0190305
0.0170544
0.0153579
0.0138835
0.0125829
0.0114227
0.0103763
0.00942292
0.00854729
0.00773823
0.00698774
0.00629014
0.0056414
0.00503866
0.0044798
0.00396315
0.00348725
0.00305071
0.00265207
0.00228974
0.00196196
0.00166677
0.00140208
0.00116564
0.000955184
0.000768453
0.000603236
0.000457558
0.000329802
0.000218985
0.00012565
4.86456e-05
4.44154e-05
0.892558
0.959929
0.998327
1.01553
1.01638
1.00459
0.983212
0.954808
0.921477
0.884926
0.846559
0.807573
0.768127
0.728647
0.689526
0.651067
0.613485
0.576923
0.541468
0.507166
0.474036
0.442077
0.411282
0.381637
0.35313
0.325751
0.299498
0.274373
0.250386
0.227555
0.205901
0.185453
0.166238
0.148288
0.131629
0.116284
0.102265
0.0895728
0.0781932
0.0680931
0.0592201
0.0515025
0.0448515
0.0391651
0.034333
0.030242
0.0267791
0.0238283
0.0213286
0.0191868
0.0173283
0.0156928
0.0142358
0.0129236
0.0117299
0.0106349
0.00962457
0.00868846
0.00781922
0.00701159
0.00626178
0.00556695
0.00492487
0.00433361
0.00379135
0.00329622
0.00284618
0.00243901
0.0020723
0.00174342
0.0014496
0.00118802
0.000955892
0.000750478
0.000569329
0.000410444
0.000272616
0.000156515
6.09283e-05
5.61278e-05
1.04548
1.10705
1.14227
1.15641
1.1537
1.13782
1.11198
1.0789
1.04081
0.999514
0.956499
0.912808
0.868705
0.824706
0.781195
0.738446
0.696652
0.655936
0.616374
0.578007
0.540852
0.504913
0.470186
0.436665
0.404348
0.373236
0.343338
0.314669
0.287252
0.261117
0.236298
0.212836
0.19077
0.170141
0.150985
0.133333
0.117201
0.102594
0.0894974
0.0778741
0.0676656
0.0587901
0.0511459
0.0446153
0.0390709
0.0343811
0.0304154
0.0270408
0.0241813
0.0217347
0.0196142
0.0177511
0.0160929
0.0146013
0.0132459
0.0120041
0.0108595
0.00980011
0.00881733
0.00790496
0.00705852
0.0062746
0.00555054
0.00488404
0.00427293
0.00371501
0.00320795
0.00274922
0.00233604
0.00196547
0.00163436
0.00133956
0.00107792
0.00084635
0.00064211
0.000462949
0.000307521
0.000176579
6.89981e-05
6.41058e-05
1.17468
1.22971
1.26009
1.26982
1.26275
1.24251
1.21235
1.17505
1.13289
1.08771
1.04101
0.993563
0.945853
0.898396
0.851553
0.80557
0.760611
0.716782
0.674141
0.63272
0.592533
0.553583
0.515869
0.479392
0.444157
0.410176
0.377468
0.346059
0.315984
0.287283
0.260004
0.234195
0.209908
0.187191
0.16609
0.146639
0.128861
0.112761
0.0983245
0.0855127
0.0742612
0.0644806
0.056059
0.0488669
0.0427634
0.0376032
0.0332417
0.0295354
0.0263915
0.0237045
0.0213774
0.0193347
0.0175186
0.0158865
0.0144048
0.0130487
0.0117999
0.0106453
0.00957515
0.00858245
0.00766212
0.00681028
0.00602387
0.00530025
0.00463696
0.00403153
0.00348136
0.00298366
0.00253539
0.00213333
0.00177406
0.00145415
0.0011702
0.000918866
0.000697157
0.000502649
0.000333895
0.000191712
7.51326e-05
7.03102e-05
1.29072
1.33873
1.36326
1.36768
1.35566
1.3308
1.29633
1.25502
1.20914
1.16053
1.11059
1.05993
1.00918
0.958849
0.909254
0.860616
0.813073
0.766707
0.721562
0.67766
0.635006
0.593604
0.553455
0.514563
0.476942
0.44061
0.405595
0.371935
0.339674
0.308862
0.279557
0.251818
0.225703
0.20127
0.178569
0.157639
0.138508
0.121181
0.105643
0.0918537
0.0797431
0.0692156
0.0601512
0.0524106
0.0458423
0.0402897
0.0355973
0.0316137
0.0282305
0.0253408
0.0228393
0.0206452
0.0186961
0.0169457
0.015358
0.0139063
0.0125708
0.011337
0.0101945
0.00913544
0.00815429
0.0072467
0.00640922
0.00563893
0.00493307
0.00428893
0.00370368
0.00317428
0.00269748
0.00226983
0.00188768
0.00154737
0.00124529
0.000977864
0.00074194
0.000534936
0.000355328
0.000203987
8.01478e-05
7.54844e-05
1.39851
1.439
1.45688
1.45531
1.4379
1.4082
1.36939
1.32419
1.27482
1.22305
1.17011
1.11659
1.06318
1.01034
0.958363
0.907439
0.85768
0.809146
0.761867
0.715852
0.671102
0.627616
0.585397
0.544454
0.504804
0.466474
0.4295
0.393926
0.359808
0.327204
0.29618
0.266803
0.23914
0.213253
0.189198
0.167019
0.146744
0.128381
0.111913
0.0972966
0.0844582
0.0732966
0.0636848
0.0554757
0.0485087
0.0426181
0.0376398
0.0334161
0.0298244
0.0267573
0.0241032
0.0217762
0.0197104
0.0178565
0.0161762
0.0146411
0.0132302
0.0119278
0.0107227
0.00960652
0.00857312
0.00761775
0.00673663
0.00592651
0.0051844
0.00450735
0.00389229
0.003336
0.002835
0.00238565
0.0019841
0.00162648
0.00130901
0.00102794
0.000779946
0.000562329
0.0003735
0.000214376
8.44265e-05
7.99822e-05
1.50058
1.53294
1.54352
1.53542
1.51229
1.47759
1.43443
1.38544
1.33275
1.27804
1.22224
1.16612
1.11031
1.05522
1.00112
0.948168
0.896451
0.846009
0.796854
0.748988
0.702403
0.657098
0.613075
0.570345
0.52893
0.488862
0.450186
0.412953
0.377226
0.343071
0.310561
0.279771
0.250773
0.223635
0.198417
0.175165
0.15391
0.134657
0.117391
0.102064
0.0885993
0.0768907
0.0668051
0.0581886
0.0508734
0.0446863
0.0394558
0.0350193
0.0312423
0.0280166
0.0252254
0.0227791
0.0206084
0.0186615
0.0168982
0.0152885
0.0138101
0.0124466
0.011186
0.0100192
0.00893962
0.00794215
0.00702265
0.00617759
0.00540374
0.0046979
0.00405681
0.00347704
0.00295494
0.00248666
0.00206819
0.0016955
0.00136461
0.00107163
0.000813102
0.000586218
0.000389336
0.000223414
8.81801e-05
8.39993e-05
1.59823
1.62181
1.62452
1.6095
1.5804
1.54063
1.49315
1.44046
1.38459
1.32702
1.26857
1.21005
1.15204
1.09491
1.03889
0.984106
0.930625
0.878468
0.827634
0.778113
0.729895
0.682972
0.637347
0.593035
0.55006
0.508461
0.468286
0.429595
0.392456
0.356944
0.323136
0.291114
0.260954
0.232729
0.206502
0.182321
0.160216
0.140194
0.122237
0.106295
0.0922864
0.0801014
0.0696016
0.0606272
0.0530046
0.0465541
0.0410985
0.0364706
0.0325267
0.0291568
0.0262406
0.0236853
0.0214188
0.0193869
0.0175477
0.0158699
0.0143302
0.0129112
0.0116003
0.0103878
0.00926663
0.00823133
0.00727743
0.00640111
0.0055989
0.00486739
0.00420311
0.00360245
0.00306158
0.00257648
0.00214298
0.00175687
0.00141405
0.00111049
0.000842588
0.000607456
0.000403405
0.000231433
9.15383e-05
8.76555e-05
1.69202
1.70617
1.70055
1.67832
1.64315
1.59829
1.54656
1.49031
1.43142
1.37105
1.31012
1.24938
1.18934
1.13034
1.07256
1.0161
0.961016
0.9073
0.854942
0.803925
0.754232
0.705853
0.658792
0.613063
0.568697
0.525733
0.484228
0.444245
0.405859
0.36915
0.334201
0.301098
0.269921
0.240747
0.213641
0.18865
0.165808
0.145118
0.12656
0.110082
0.0955998
0.0829979
0.0721339
0.0628434
0.0549473
0.048261
0.0426026
0.0378009
0.0337054
0.0302029
0.0271716
0.0245155
0.0221603
0.0200497
0.0181403
0.0163997
0.0148034
0.0133334
0.0119762
0.0107218
0.00956267
0.00849288
0.00750768
0.00660299
0.00577507
0.00502033
0.0043351
0.00371558
0.00315777
0.00265749
0.00221044
0.00181224
0.00145866
0.00114554
0.000869186
0.000626607
0.000416083
0.000238648
9.45868e-05
9.10294e-05
1.78199
1.78615
1.77188
1.74231
1.70105
1.65118
1.59532
1.53566
1.47383
1.41083
1.34759
1.28478
1.22288
1.16215
1.10275
1.04475
0.988189
0.933044
0.879293
0.826911
0.775876
0.726177
0.677818
0.630813
0.585196
0.541011
0.498318
0.457186
0.417694
0.379926
0.34397
0.309916
0.277848
0.247843
0.219969
0.194274
0.170789
0.149518
0.130438
0.113493
0.0985968
0.0856293
0.0744444
0.0648734
0.0567331
0.0498348
0.0439925
0.0390319
0.0347978
0.0311724
0.0280341
0.0252841
0.022846
0.0206619
0.018687
0.0168876
0.0152386
0.0137211
0.0123211
0.0110279
0.00983366
0.00873207
0.00771808
0.00678733
0.00593587
0.00515987
0.00445549
0.00381874
0.00324548
0.00273137
0.00227195
0.00186273
0.00149934
0.00117751
0.000893441
0.000644066
0.000427633
0.000245213
9.73853e-05
9.41756e-05
1.86786
1.86161
1.83853
1.80163
1.75438
1.69965
1.63985
1.57696
1.51228
1.44682
1.38143
1.31673
1.2531
1.19077
1.12988
1.07047
1.01255
0.956089
0.901059
0.847426
0.795166
0.744265
0.694727
0.646568
0.599824
0.554542
0.510786
0.468629
0.428153
0.389448
0.352604
0.317713
0.284863
0.254133
0.225589
0.199281
0.175238
0.153463
0.133929
0.116578
0.10132
0.0880321
0.0765642
0.0667441
0.0583853
0.0512955
0.045286
0.0401796
0.0358179
0.0320781
0.0288396
0.0260016
0.0234856
0.0212322
0.0191956
0.017341
0.0156425
0.0140804
0.0126402
0.0113109
0.0100839
0.00895274
0.00791203
0.00695716
0.00608392
0.0052883
0.00456626
0.00391365
0.00332616
0.00279933
0.00232854
0.00190918
0.00153677
0.00120692
0.00091575
0.000660119
0.000438245
0.000251237
9.99773e-05
9.71333e-05
1.94908
1.93223
1.90038
1.85629
1.80328
1.74393
1.68042
1.61445
1.54709
1.47935
1.412
1.34555
1.28034
1.21655
1.15429
1.09357
1.0344
0.976727
0.92052
0.86574
0.812358
0.76036
0.70975
0.660546
0.612785
0.566518
0.52181
0.478739
0.43739
0.397855
0.360228
0.324604
0.29107
0.259707
0.230582
0.203742
0.179217
0.157005
0.137078
0.119376
0.103803
0.0902342
0.078517
0.0684758
0.0599213
0.0526585
0.0464964
0.0412557
0.0367759
0.0329292
0.0295968
0.0266756
0.024086
0.0217671
0.019672
0.0177652
0.0160199
0.0144158
0.0129377
0.0115743
0.0103166
0.00915778
0.0080921
0.00711472
0.00622121
0.00540734
0.0046689
0.00400157
0.0034009
0.00286227
0.00238096
0.00195221
0.00157144
0.00123416
0.000936412
0.000674982
0.000448065
0.000256805
0.000102395
9.99319e-05
2.025
1.99762
1.95721
1.90626
1.8478
1.78415
1.71721
1.6483
1.57849
1.50869
1.43955
1.37151
1.30485
1.23973
1.17621
1.11429
1.05397
0.995182
0.937894
0.88206
0.827652
0.774654
0.72307
0.67292
0.624242
0.57709
0.531532
0.487647
0.445525
0.405259
0.366945
0.330679
0.296551
0.264639
0.235011
0.207714
0.182773
0.160187
0.139922
0.121916
0.106071
0.0922579
0.0803218
0.0700847
0.0613549
0.0539357
0.0476341
0.0422695
0.0376799
0.0337332
0.0303121
0.0273123
0.0246527
0.0222716
0.0201209
0.0181644
0.0163745
0.0147305
0.0132167
0.011821
0.0105343
0.00934941
0.00826026
0.00726176
0.00634926
0.00551832
0.00476456
0.0040835
0.00347054
0.00292092
0.00242979
0.0019923
0.00160374
0.00125955
0.00095566
0.000688823
0.000457203
0.000261982
0.000104665
0.000102594
2.09491
2.05734
2.00881
1.95145
1.88797
1.82038
1.75024
1.67866
1.60665
1.535
1.46425
1.39479
1.32683
1.26049
1.19582
1.13282
1.07143
1.01163
0.95335
0.896554
0.841209
0.787301
0.734834
0.683829
0.634326
0.586382
0.540067
0.495462
0.452658
0.411751
0.372838
0.336015
0.301373
0.26899
0.238932
0.211244
0.185949
0.163044
0.142491
0.124225
0.108146
0.0941212
0.0819938
0.0715835
0.0626971
0.0551365
0.0487074
0.0432283
0.0385364
0.0344958
0.0309909
0.0279163
0.0251902
0.0227496
0.0205458
0.0185418
0.0167095
0.0150274
0.0134794
0.0120532
0.010739
0.0095294
0.00841808
0.00739966
0.00646927
0.0056223
0.00485415
0.00416022
0.00353573
0.00297582
0.00247551
0.00202983
0.00163398
0.0012833
0.000973675
0.000701772
0.000465748
0.000266817
0.000106805
0.000105137
2.15813
2.111
2.05497
1.99178
1.92378
1.85266
1.77959
1.70565
1.63171
1.55843
1.48627
1.41554
1.34642
1.27899
1.21329
1.14929
1.08695
1.02621
0.967029
0.909355
0.853159
0.798426
0.745161
0.693388
0.643148
0.594499
0.547513
0.502274
0.458873
0.417408
0.377977
0.340675
0.305594
0.27281
0.242388
0.214371
0.188779
0.165605
0.14481
0.126325
0.110045
0.0958393
0.0835456
0.072983
0.063957
0.0562685
0.0497229
0.0441379
0.0393504
0.0352217
0.0316373
0.0284915
0.0257017
0.0232042
0.0209495
0.0189001
0.0170271
0.0153086
0.013728
0.0122725
0.0109322
0.00969916
0.0085668
0.00752952
0.00658223
0.00572011
0.00493841
0.00423235
0.00359702
0.00302743
0.00251848
0.00206511
0.0016624
0.00130564
0.000990604
0.000713938
0.00047377
0.000271353
0.000108833
0.000107575
2.21407
2.15829
2.09554
2.02719
1.95524
1.88094
1.80533
1.72936
1.65377
1.5791
1.50572
1.43388
1.36374
1.29535
1.22872
1.16383
1.10062
1.03904
0.979044
0.920577
0.863611
0.808135
0.754155
0.701695
0.6508
0.601528
0.553953
0.50816
0.464242
0.422296
0.382422
0.344715
0.309263
0.276144
0.245418
0.217128
0.191291
0.167895
0.1469
0.128232
0.111785
0.0974248
0.0849879
0.0742921
0.0651421
0.0573383
0.050686
0.045003
0.0401261
0.0359146
0.0322547
0.0290409
0.0261902
0.023638
0.0213345
0.0192413
0.0173292
0.0155758
0.013964
0.0124806
0.0111153
0.00985984
0.00870745
0.00765225
0.00668892
0.00581246
0.00501793
0.0043004
0.00365484
0.00307611
0.00255901
0.00209838
0.00168921
0.0013267
0.00100657
0.000725406
0.000481328
0.000275623
0.00011076
0.000109919
2.26233
2.19897
2.1304
2.05765
1.98228
1.90526
1.82754
1.7499
1.67294
1.5971
1.52269
1.44992
1.37889
1.30966
1.24222
1.17653
1.11256
1.05023
0.989493
0.930313
0.872659
0.816519
0.761902
0.708835
0.657362
0.607545
0.559458
0.513187
0.468826
0.426473
0.386226
0.34818
0.312423
0.279029
0.248057
0.219547
0.193512
0.169938
0.14878
0.129963
0.113379
0.0988889
0.0863299
0.0755184
0.0662587
0.0583513
0.0516015
0.0458278
0.040867
0.0365777
0.0328458
0.0295671
0.0266579
0.0240532
0.0217026
0.0195673
0.0176176
0.0158306
0.0141887
0.0126785
0.0112892
0.0100124
0.00884088
0.0077686
0.00679001
0.00589991
0.00509321
0.00436481
0.00370955
0.00312217
0.00259736
0.00212986
0.00171458
0.00134662
0.00102167
0.000736249
0.00048847
0.000279656
0.000112598
0.000112178
2.30265
2.23296
2.15955
2.08316
2.00491
1.92571
1.84631
1.76735
1.6893
1.61252
1.53728
1.46373
1.39197
1.32202
1.25387
1.1875
1.12284
1.05984
0.998459
0.938647
0.880383
0.823656
0.768479
0.714879
0.662904
0.612616
0.564091
0.517415
0.472682
0.42999
0.389437
0.351115
0.315112
0.2815
0.250335
0.221653
0.195464
0.171751
0.150467
0.131533
0.114837
0.100241
0.0875795
0.0766685
0.0673123
0.0593119
0.0524733
0.0466155
0.041576
0.0372135
0.0334131
0.0300722
0.0271067
0.0244514
0.0220554
0.0198795
0.0178935
0.0160741
0.0144033
0.0128673
0.011455
0.0101576
0.00896781
0.00787919
0.00688604
0.00598295
0.00516466
0.00442593
0.00376146
0.00316587
0.00263374
0.00215973
0.00173864
0.00136552
0.00103599
0.000746528
0.000495236
0.000283473
0.000114357
0.00011436
2.33498
2.26026
2.18301
2.10367
2.02322
1.94237
1.86173
1.78178
1.70293
1.62545
1.54957
1.4754
1.40304
1.3325
1.26376
1.19679
1.13154
1.06797
1.00601
0.945651
0.886853
0.829616
0.773952
0.719894
0.667489
0.616802
0.567908
0.520895
0.475857
0.432891
0.392094
0.353557
0.317365
0.283587
0.252278
0.223469
0.197167
0.173353
0.151976
0.132952
0.116171
0.10149
0.0887438
0.0777482
0.0683078
0.0602242
0.0533046
0.047369
0.0422558
0.0378241
0.0339584
0.0305579
0.0275383
0.0248342
0.0223943
0.0201792
0.0181581
0.0163073
0.0146086
0.0130477
0.0116133
0.0102962
0.00908882
0.00798457
0.00697748
0.00606198
0.00523264
0.00448407
0.00381082
0.00320741
0.00266833
0.00218812
0.00176151
0.00138349
0.0010496
0.000756294
0.00050166
0.000287096
0.000116042
0.000116472
2.35942
2.28097
2.20079
2.11931
2.03733
1.95536
1.87389
1.7933
1.71391
1.63595
1.55961
1.485
1.41218
1.34116
1.27194
1.20448
1.13873
1.07466
1.01223
0.951389
0.892134
0.83446
0.778383
0.723937
0.671173
0.620155
0.57096
0.523676
0.478397
0.435219
0.394236
0.35554
0.319212
0.285318
0.25391
0.225016
0.198641
0.17476
0.153319
0.134233
0.117389
0.102643
0.089829
0.0787628
0.0692494
0.0610918
0.0540985
0.0480909
0.0429085
0.0384114
0.0344835
0.0310257
0.0279541
0.0252028
0.0227205
0.0204673
0.0184123
0.0165312
0.0148055
0.0132206
0.0117648
0.0104287
0.00920444
0.00808517
0.00706474
0.00613736
0.00529745
0.00453947
0.00385786
0.003247
0.00270129
0.00221516
0.0017833
0.0014006
0.00106256
0.00076559
0.000507773
0.000290542
0.000117661
0.000118519
2.37622
2.29522
2.21307
2.13026
2.04738
1.96481
1.88291
1.80199
1.72233
1.64412
1.5675
1.49259
1.41944
1.34807
1.27848
1.21062
1.14447
1.08
1.01715
0.955921
0.896284
0.838245
0.781826
0.727063
0.674006
0.622724
0.573293
0.525801
0.480342
0.437009
0.395898
0.357095
0.32068
0.286718
0.255254
0.226315
0.199901
0.175985
0.154509
0.135386
0.1185
0.103708
0.0908409
0.0797166
0.0701408
0.0619177
0.0548575
0.0487832
0.043536
0.038977
0.0349898
0.0314771
0.0283552
0.0255583
0.0230349
0.0207449
0.0186569
0.0167465
0.0149947
0.0133865
0.0119101
0.0105556
0.00931511
0.0081814
0.00714814
0.00620938
0.00535935
0.00459238
0.00390276
0.00328478
0.00273273
0.00224098
0.00180409
0.00141692
0.00107492
0.000774456
0.000513599
0.000293825
0.000119219
0.000120505
2.38568
2.30327
2.22011
2.13673
2.05355
1.97084
1.88889
1.80796
1.72827
1.65001
1.5733
1.49825
1.42491
1.3533
1.28343
1.21528
1.14882
1.08402
1.02085
0.959301
0.899355
0.841025
0.784333
0.729319
0.676037
0.624554
0.57495
0.52731
0.481728
0.438298
0.39711
0.358252
0.321798
0.287809
0.256331
0.227383
0.200964
0.177042
0.155557
0.13642
0.119512
0.10469
0.0917846
0.0806141
0.0709854
0.0627046
0.0555838
0.049448
0.0441399
0.0395222
0.0354786
0.031913
0.0287426
0.0259016
0.0233384
0.0210126
0.0188927
0.0169538
0.0151766
0.013546
0.0120496
0.0106774
0.00942121
0.00827359
0.007228
0.0062783
0.00541856
0.00464297
0.00394569
0.0033209
0.0027628
0.00226565
0.00182396
0.00143252
0.00108673
0.000782924
0.00051916
0.000296958
0.000120722
0.000122434
2.38821
2.30548
2.2222
2.13895
2.05601
1.97361
1.89196
1.81131
1.73183
1.65371
1.57708
1.50203
1.42862
1.3569
1.28686
1.21851
1.15183
1.08679
1.02338
0.96158
0.901399
0.842846
0.78595
0.730752
0.677308
0.625687
0.575969
0.52824
0.482592
0.439116
0.397903
0.359036
0.322587
0.288615
0.257158
0.228237
0.201843
0.177943
0.156474
0.137343
0.120432
0.105595
0.0926648
0.0814589
0.0717863
0.0634551
0.0562796
0.0500869
0.0447217
0.0400483
0.035951
0.0323345
0.0291172
0.0262335
0.0236317
0.0212712
0.0191202
0.0171536
0.0153519
0.0136994
0.0121837
0.0107945
0.00952307
0.00836204
0.00730457
0.00634434
0.00547529
0.00469142
0.0039868
0.00335548
0.00279157
0.00228926
0.00184298
0.00144745
0.00109803
0.000791023
0.000524477
0.000299953
0.000122172
0.000124309
2.38434
2.30226
2.21965
2.13716
2.05498
1.97327
1.89226
1.81214
1.7331
1.65531
1.57891
1.504
1.43065
1.35892
1.28883
1.22037
1.15355
1.08835
1.02477
0.962807
0.902462
0.843756
0.786722
0.731404
0.677861
0.626163
0.576389
0.528626
0.482964
0.439495
0.398304
0.359473
0.323071
0.289153
0.257755
0.228892
0.202552
0.178699
0.157268
0.138164
0.121267
0.10643
0.0934859
0.0822546
0.0725463
0.0641714
0.0569466
0.0507015
0.0452827
0.0405563
0.0364078
0.0327424
0.0294799
0.0265547
0.0239155
0.0215213
0.0193401
0.0173466
0.015521
0.0138473
0.0123129
0.010907
0.00962099
0.008447
0.00737808
0.00640772
0.00552969
0.00473788
0.0040262
0.00338863
0.00281915
0.00231189
0.0018612
0.00146176
0.00110886
0.000798778
0.000529565
0.000302818
0.000123574
0.000126135
2.37461
2.29404
2.2128
2.13163
2.05064
1.97
1.8899
1.81056
1.73216
1.65488
1.57886
1.50423
1.43106
1.35943
1.28937
1.2209
1.15403
1.08876
1.02509
0.963027
0.902589
0.843798
0.786691
0.731316
0.677735
0.626017
0.576244
0.528501
0.482877
0.439462
0.398339
0.359587
0.323272
0.289445
0.258138
0.229362
0.203104
0.179323
0.15795
0.138891
0.122022
0.107198
0.0942518
0.0830043
0.073268
0.0648556
0.0575865
0.051293
0.045824
0.0410473
0.0368499
0.0331375
0.0298312
0.0268659
0.0241903
0.0217633
0.0195527
0.0175331
0.0156843
0.01399
0.0124373
0.0110155
0.00971523
0.00852871
0.00744873
0.00646861
0.00558194
0.00478247
0.00406402
0.00342043
0.00284561
0.0023336
0.00187868
0.00147548
0.00111924
0.000806213
0.000534441
0.000305564
0.000124931
0.000127912
2.35957
2.28122
2.20198
2.12262
2.04321
1.96395
1.88505
1.80671
1.72913
1.65251
1.57702
1.50278
1.42991
1.35848
1.28855
1.22016
1.15332
1.08805
1.02437
0.962287
0.901824
0.843015
0.785898
0.730528
0.676967
0.625286
0.575568
0.527896
0.482359
0.439044
0.398033
0.359401
0.323209
0.289507
0.258322
0.229663
0.20351
0.179822
0.158528
0.139529
0.122704
0.107905
0.0949664
0.0837111
0.0739537
0.0655095
0.0582009
0.0518628
0.0463467
0.0415222
0.037278
0.0335204
0.0301718
0.0271676
0.0244565
0.0219977
0.0197585
0.0177135
0.015842
0.0141278
0.0125575
0.01112
0.009806
0.00860737
0.0075167
0.00652715
0.00563215
0.00482532
0.00410035
0.00345098
0.00287102
0.00235445
0.00189546
0.00148865
0.0011292
0.000813346
0.000539117
0.000308197
0.000126245
0.000129643
2.33977
2.26427
2.18754
2.1104
2.03292
1.95533
1.87784
1.80068
1.7241
1.64829
1.57345
1.49973
1.42726
1.35614
1.28643
1.2182
1.15147
1.08629
1.02266
0.960629
0.90021
0.841446
0.784383
0.729077
0.675593
0.624004
0.574392
0.526841
0.481438
0.438268
0.397409
0.358934
0.322902
0.289357
0.258324
0.229806
0.203783
0.180208
0.159009
0.140087
0.123318
0.108554
0.0956332
0.0843778
0.0746056
0.0661349
0.0587911
0.052412
0.0468516
0.0419817
0.0376926
0.0338918
0.0305022
0.0274603
0.0247148
0.0222249
0.0199579
0.0178881
0.0159947
0.014261
0.0126735
0.0112208
0.00989353
0.00868316
0.00758216
0.0065835
0.00568046
0.00486654
0.00413528
0.00348034
0.00289545
0.00237448
0.0019116
0.00150131
0.00113878
0.000820197
0.000543605
0.000310725
0.00012752
0.00013133
2.31577
2.24361
2.16983
2.09526
2.01999
1.94429
1.86841
1.79262
1.71717
1.64231
1.56824
1.49514
1.42317
1.35244
1.28305
1.21506
1.14854
1.08351
1.02002
0.958096
0.897787
0.839132
0.782183
0.726999
0.673647
0.622204
0.572748
0.525366
0.480142
0.437158
0.396491
0.35821
0.32237
0.289011
0.258156
0.229804
0.203932
0.180489
0.159402
0.14057
0.123868
0.109151
0.0962554
0.085007
0.0752259
0.0667335
0.0593584
0.0529416
0.0473396
0.0424266
0.0380945
0.034252
0.0308229
0.0277443
0.0249654
0.0224452
0.0201512
0.0180572
0.0161424
0.0143898
0.0127855
0.0113182
0.00997798
0.00875624
0.00764523
0.00663777
0.00572698
0.0049062
0.0041689
0.0035086
0.00291895
0.00239375
0.00192711
0.00151348
0.00114798
0.000826781
0.000547917
0.000313153
0.000128756
0.000132975
2.2881
2.21968
2.1492
2.07746
2.00464
1.93102
1.85692
1.78264
1.70846
1.63465
1.56146
1.48909
1.41771
1.34747
1.27847
1.21081
1.14455
1.07976
1.01647
0.954731
0.894596
0.836112
0.779335
0.724329
0.671164
0.619916
0.570666
0.523498
0.478495
0.435738
0.395299
0.357246
0.321629
0.288486
0.257834
0.22967
0.203968
0.180674
0.159714
0.140984
0.124361
0.109699
0.0968363
0.085601
0.0758163
0.0673066
0.059904
0.0534525
0.0478115
0.0428575
0.0384842
0.0346015
0.0311342
0.0280201
0.0252087
0.0226591
0.0203387
0.0182212
0.0162855
0.0145144
0.0128939
0.0114123
0.0100595
0.00882675
0.00770606
0.00669008
0.00577179
0.00494441
0.00420126
0.00353579
0.00294156
0.0024123
0.00194204
0.00152519
0.00115683
0.000833113
0.000552062
0.000315488
0.000129957
0.00013458
2.25732
2.19291
2.12598
2.05729
1.98708
1.91571
1.84352
1.77086
1.69806
1.62542
1.5532
1.48164
1.41095
1.34127
1.27275
1.20549
1.13958
1.07508
1.01206
0.950576
0.890677
0.832423
0.775877
0.721104
0.668177
0.617173
0.568175
0.521265
0.476524
0.434031
0.393856
0.356062
0.320697
0.287795
0.25737
0.229415
0.203901
0.180772
0.159951
0.141336
0.124801
0.110202
0.0973786
0.0861623
0.0763787
0.0678557
0.0604289
0.0539455
0.0482679
0.043275
0.0388621
0.0349408
0.0314366
0.028288
0.0254449
0.0228667
0.0205206
0.0183802
0.0164241
0.0146351
0.0129988
0.0115033
0.0101383
0.00889484
0.00776476
0.00674053
0.00581499
0.00498122
0.00423244
0.00356199
0.00296334
0.00243016
0.00195641
0.00153646
0.00116535
0.000839205
0.000556049
0.000317735
0.000131123
0.000136144
2.22393
2.16373
2.10052
2.03501
1.96754
1.89852
1.82835
1.75742
1.68608
1.61469
1.54353
1.47287
1.40294
1.33391
1.26594
1.19916
1.13366
1.06953
1.00685
0.945671
0.886069
0.828104
0.771843
0.717356
0.664717
0.614006
0.565304
0.518693
0.474253
0.43206
0.392182
0.354677
0.319592
0.286955
0.256778
0.229051
0.20374
0.18079
0.160121
0.14163
0.125191
0.110662
0.0978853
0.0866929
0.0769147
0.0683821
0.0609342
0.0544216
0.0487096
0.0436795
0.0392288
0.0352701
0.0317302
0.0285483
0.0256745
0.0230684
0.0206972
0.0185344
0.0165586
0.014752
0.0131004
0.0115913
0.0102145
0.00896061
0.00782142
0.00678921
0.00585666
0.00501672
0.0042625
0.00358724
0.00298433
0.00244737
0.00197026
0.00154732
0.00117356
0.00084507
0.000559885
0.000319897
0.000132257
0.00013767
2.18844
2.13252
2.07312
2.01088
1.94623
1.87964
1.81156
1.74242
1.67263
1.60256
1.53254
1.46285
1.39375
1.32544
1.25809
1.19185
1.12684
1.06315
1.00086
0.940059
0.880813
0.823193
0.76727
0.71312
0.660817
0.610443
0.56208
0.515809
0.471707
0.429848
0.390297
0.35311
0.318329
0.28598
0.25607
0.228587
0.203495
0.180737
0.16023
0.141872
0.125537
0.111085
0.0983588
0.0871949
0.077426
0.0688871
0.0614208
0.0548814
0.0491371
0.0440717
0.0395846
0.03559
0.0320155
0.0288012
0.0258975
0.0232643
0.0208687
0.0186841
0.0166889
0.0148654
0.0131987
0.0116765
0.0102881
0.00902416
0.00787615
0.0068362
0.00589687
0.00505097
0.00429149
0.00361159
0.00300457
0.00246396
0.0019836
0.00155778
0.00118146
0.000850719
0.000563579
0.00032198
0.000133359
0.000139159
2.15128
2.09966
2.04408
1.98514
1.92334
1.85923
1.79329
1.726
1.65781
1.58913
1.5203
1.45165
1.38345
1.31592
1.24927
1.18364
1.11917
1.05598
0.994152
0.933782
0.874947
0.817726
0.762194
0.708429
0.656508
0.606516
0.558533
0.512639
0.468909
0.427416
0.388222
0.351378
0.316924
0.284883
0.255258
0.228035
0.203176
0.180619
0.160284
0.142066
0.125843
0.111472
0.0988018
0.0876703
0.0779139
0.0693716
0.0618897
0.0553256
0.049551
0.0444519
0.0399299
0.0359006
0.0322927
0.0290469
0.0261143
0.0234546
0.0210352
0.0188294
0.0168154
0.0149752
0.0132939
0.0117589
0.0103594
0.00908561
0.00792903
0.00688159
0.00593568
0.00508401
0.00431945
0.00363507
0.00302408
0.00247995
0.00199647
0.00156787
0.00118908
0.000856161
0.000567136
0.000323987
0.000134431
0.000140611
2.11288
2.06548
2.01368
1.95801
1.89907
1.83744
1.77366
1.70827
1.64172
1.57447
1.50689
1.43934
1.3721
1.30542
1.23952
1.17456
1.1107
1.04807
0.986762
0.926879
0.868511
0.811742
0.756651
0.703318
0.651823
0.602253
0.554689
0.509208
0.465884
0.424786
0.385975
0.349499
0.315393
0.283678
0.254355
0.227405
0.202789
0.180444
0.160289
0.142219
0.126111
0.111827
0.0992164
0.0881208
0.07838
0.0698369
0.0623415
0.0557549
0.0499517
0.0448206
0.0402651
0.0362023
0.0325621
0.0292858
0.0263249
0.0236395
0.021197
0.0189705
0.0169381
0.0150817
0.0133862
0.0118388
0.0104283
0.00914503
0.00798014
0.00692543
0.00597316
0.0051159
0.00434644
0.00365772
0.0030429
0.00249538
0.00200888
0.0015776
0.00119643
0.000861406
0.000570563
0.000325921
0.000135474
0.000142027
2.07361
2.0303
1.98218
1.92971
1.87359
1.81443
1.75282
1.68933
1.62446
1.55868
1.4924
1.42599
1.35977
1.294
1.2289
1.16467
1.10149
1.03947
0.978735
0.919394
0.861546
0.805278
0.750675
0.69782
0.646792
0.597685
0.550576
0.505542
0.462655
0.42198
0.383577
0.34749
0.313752
0.28238
0.253372
0.226707
0.202344
0.180219
0.16025
0.142333
0.126346
0.112153
0.099605
0.0885481
0.0788255
0.0702839
0.0627771
0.0561699
0.0503397
0.0451781
0.0405904
0.0364953
0.0328238
0.0295179
0.0265296
0.0238192
0.0213541
0.0191075
0.0170572
0.0151851
0.0134757
0.0119161
0.010495
0.00920251
0.00802955
0.00696779
0.00600936
0.0051467
0.00437248
0.00367958
0.00306106
0.00251026
0.00202085
0.00158697
0.00120351
0.000866462
0.000573866
0.000327786
0.000136489
0.000143409
2.03378
1.99438
1.94978
1.90043
1.84705
1.79033
1.73088
1.66929
1.60612
1.54184
1.4769
1.41168
1.34652
1.28171
1.21747
1.15403
1.09157
1.03022
0.970116
0.911368
0.85409
0.798373
0.744304
0.691968
0.641448
0.592841
0.546223
0.501667
0.459245
0.419019
0.381046
0.345368
0.312015
0.281
0.25232
0.225951
0.201849
0.179951
0.160173
0.142414
0.126551
0.112452
0.0999697
0.0889539
0.0792516
0.0707135
0.0631972
0.056571
0.0507155
0.0455247
0.0409061
0.0367799
0.0330781
0.0297435
0.0267286
0.0239938
0.0215068
0.0192405
0.0171728
0.0152852
0.0135624
0.011991
0.0105596
0.00925811
0.00807731
0.00700872
0.00604432
0.00517644
0.00439763
0.00370068
0.00307859
0.00252462
0.00203239
0.00159602
0.00121034
0.000871336
0.000577049
0.000329585
0.000137476
0.000144755
1.99366
1.95794
1.9167
1.87033
1.81962
1.76527
1.70795
1.64827
1.58679
1.52404
1.46046
1.39647
1.33243
1.26861
1.20529
1.14269
1.081
1.02038
0.96095
0.902843
0.846185
0.791065
0.737574
0.685801
0.635831
0.587759
0.54166
0.49761
0.455677
0.415923
0.378399
0.343147
0.310193
0.279549
0.251206
0.225141
0.201309
0.179644
0.160063
0.142465
0.12673
0.112727
0.100312
0.0893396
0.0796595
0.0711266
0.0636024
0.0569588
0.0510794
0.0458608
0.0412125
0.0370562
0.0333251
0.0299627
0.0269219
0.0241635
0.021655
0.0193696
0.0172849
0.0153824
0.0136464
0.0120635
0.0106221
0.00931191
0.00812351
0.00704829
0.0060781
0.00520515
0.0044219
0.00372105
0.0030955
0.00253847
0.00204353
0.00160475
0.00121692
0.000876035
0.000580117
0.000331319
0.000138436
0.000146068
1.95348
1.92118
1.8831
1.83955
1.79141
1.73937
1.68413
1.62634
1.56657
1.50535
1.44316
1.38044
1.31754
1.25478
1.1924
1.1307
1.06984
1.00999
0.951292
0.893884
0.837888
0.783404
0.730529
0.679353
0.629966
0.582458
0.536908
0.493388
0.451967
0.412704
0.375648
0.340837
0.308296
0.278033
0.250038
0.224286
0.200729
0.179302
0.159923
0.14249
0.126885
0.11298
0.100635
0.0897068
0.0800503
0.0715241
0.0639935
0.0573338
0.0514318
0.0461867
0.0415099
0.0373246
0.0335651
0.0301757
0.0271098
0.0243283
0.021799
0.019495
0.0173938
0.0154767
0.0137279
0.0121338
0.0106827
0.00936395
0.00816817
0.00708653
0.00611074
0.00523289
0.00444534
0.00374071
0.00311182
0.00255184
0.00205428
0.00161317
0.00122328
0.000880566
0.000583074
0.000332992
0.000139371
0.000147347
1.91339
1.88425
1.84911
1.80824
1.76254
1.71273
1.65954
1.6036
1.54553
1.48585
1.42507
1.36365
1.30194
1.24026
1.17891
1.11814
1.05815
0.999117
0.941195
0.884523
0.829229
0.775419
0.723194
0.672649
0.623875
0.57696
0.531984
0.489018
0.44813
0.409376
0.372804
0.338449
0.306333
0.276461
0.248822
0.223389
0.200113
0.178929
0.159754
0.142489
0.127017
0.113212
0.100939
0.0900567
0.080425
0.0719067
0.0643709
0.0576964
0.0517731
0.0465027
0.0417984
0.0375851
0.0337982
0.0303826
0.0272923
0.0244884
0.0219389
0.0196166
0.0174993
0.0155681
0.0138068
0.0122019
0.0107413
0.0094143
0.00821136
0.00712348
0.00614227
0.00525968
0.00446798
0.00375969
0.00312758
0.00256474
0.00206465
0.00162129
0.0012294
0.000884936
0.000585925
0.000334607
0.00014028
0.000148593
1.87353
1.84727
1.81485
1.7765
1.73311
1.68546
1.63425
1.58015
1.52376
1.46564
1.40631
1.3462
1.28571
1.22516
1.16486
1.10506
1.04598
0.987804
0.930694
0.874795
0.820239
0.767138
0.715597
0.665714
0.61758
0.571285
0.526906
0.484517
0.444181
0.405953
0.36988
0.335993
0.304312
0.27484
0.247565
0.222456
0.199466
0.178528
0.159561
0.142465
0.127128
0.113425
0.101225
0.0903901
0.0807846
0.0722751
0.0647352
0.0580471
0.0521036
0.0468089
0.0420783
0.037838
0.0340245
0.0305836
0.0274695
0.0246439
0.0220746
0.0197348
0.0176018
0.0156567
0.0138833
0.0122678
0.010798
0.00946301
0.00825311
0.0071592
0.00617272
0.00528554
0.00448983
0.003778
0.00314278
0.00257719
0.00207466
0.00162912
0.00123531
0.000889148
0.000588673
0.000336164
0.000141164
0.000149806
1.83395
1.81033
1.78042
1.74441
1.70325
1.65767
1.60839
1.55609
1.50138
1.44482
1.38693
1.32816
1.2689
1.20952
1.15029
1.0915
1.03337
0.976084
0.919822
0.864731
0.810947
0.758588
0.707762
0.65857
0.611104
0.565453
0.521694
0.479901
0.440134
0.402449
0.366887
0.33348
0.302243
0.273179
0.246273
0.221494
0.198792
0.178104
0.159346
0.142421
0.12722
0.11362
0.101493
0.0907074
0.0811295
0.0726301
0.065087
0.0583862
0.0524236
0.0471057
0.0423497
0.0380834
0.0342442
0.0307787
0.0276416
0.0247948
0.0222064
0.0198493
0.0177011
0.0157426
0.0139574
0.0123316
0.0108528
0.00951012
0.00829348
0.00719371
0.00620214
0.00531052
0.00451092
0.00379568
0.00315745
0.0025892
0.00208431
0.00163668
0.00124101
0.000893209
0.000591322
0.000337666
0.000142024
0.000150986
1.79478
1.77354
1.74593
1.71212
1.67305
1.62945
1.58205
1.5315
1.47845
1.42344
1.36699
1.30957
1.25158
1.19337
1.13526
1.07751
1.02035
0.963995
0.908614
0.854364
0.801385
0.749798
0.699717
0.651242
0.604468
0.559483
0.516366
0.475186
0.436005
0.398876
0.363837
0.330919
0.300135
0.271484
0.244952
0.220506
0.198097
0.177659
0.159112
0.14236
0.127294
0.113798
0.101746
0.0910096
0.0814601
0.0729721
0.0654266
0.0587141
0.0527333
0.0473932
0.0426128
0.0383214
0.0344573
0.030968
0.0278086
0.0249413
0.0223342
0.0199605
0.0177974
0.0158258
0.0140292
0.0123934
0.0109059
0.00955567
0.0083325
0.00722705
0.00623055
0.00533464
0.00453128
0.00381274
0.00317161
0.00260079
0.00209362
0.00164397
0.0012465
0.000897124
0.000593875
0.000339114
0.00014286
0.000152135
1.75609
1.73699
1.71145
1.67968
1.64258
1.60088
1.55528
1.50646
1.45503
1.40156
1.34656
1.29051
1.23379
1.17679
1.1198
1.06312
1.00697
0.951574
0.897105
0.843726
0.791581
0.740796
0.691485
0.643752
0.597694
0.553396
0.510938
0.470389
0.431808
0.395246
0.360742
0.32832
0.297995
0.269764
0.243609
0.219499
0.197383
0.177197
0.158861
0.142282
0.127353
0.113961
0.101984
0.0912974
0.081777
0.0733012
0.0657546
0.059031
0.053033
0.0476716
0.0428678
0.0385521
0.034664
0.0311517
0.0279706
0.0250834
0.0224582
0.0200683
0.0178908
0.0159065
0.0140987
0.0124532
0.0109573
0.00959971
0.0083702
0.00725926
0.00625799
0.00535791
0.00455092
0.0038292
0.00318526
0.00261196
0.00210259
0.00165099
0.0012518
0.000900896
0.000596335
0.000340511
0.000143672
0.000153251
1.71794
1.70073
1.67707
1.64717
1.61193
1.57202
1.52817
1.48102
1.43119
1.37925
1.3257
1.27101
1.21558
1.1598
1.10397
1.04838
0.993269
0.938857
0.885329
0.83285
0.781566
0.731608
0.683093
0.636126
0.590803
0.547212
0.50543
0.465526
0.427558
0.391574
0.357611
0.325694
0.295832
0.268024
0.24225
0.218477
0.196655
0.176722
0.158597
0.14219
0.127398
0.11411
0.102208
0.0915716
0.0820807
0.0736179
0.0660713
0.0593374
0.0533229
0.0479412
0.0431148
0.0387757
0.0348645
0.0313297
0.0281277
0.0252212
0.0225785
0.0201727
0.0179812
0.0159846
0.014166
0.012511
0.011007
0.00964227
0.00840661
0.00729035
0.00628446
0.00538037
0.00456987
0.00384508
0.00319843
0.00262273
0.00211125
0.00165776
0.0012569
0.000904531
0.000598704
0.000341858
0.000144461
0.000154336
1.68038
1.66481
1.64284
1.61466
1.58115
1.54295
1.50078
1.45526
1.407
1.35656
1.30445
1.25113
1.19701
1.14246
1.0878
1.03333
0.979282
0.925882
0.873321
0.821767
0.771371
0.722264
0.674567
0.628386
0.583818
0.54095
0.499859
0.460613
0.423268
0.387871
0.354457
0.323048
0.293655
0.266272
0.24088
0.217444
0.195917
0.176235
0.158321
0.142086
0.127431
0.114246
0.102419
0.0918326
0.0823718
0.0739225
0.0663767
0.0596335
0.0536033
0.048202
0.043354
0.0389924
0.0350587
0.0315023
0.02828
0.0253547
0.0226949
0.0202739
0.0180688
0.0160601
0.0142311
0.012567
0.0110549
0.00968339
0.00844178
0.00732036
0.00631001
0.00540203
0.00458814
0.00386038
0.00321112
0.00263311
0.00211958
0.00166429
0.00126182
0.000908031
0.000600985
0.000343156
0.000145227
0.000155389
1.64342
1.62926
1.6088
1.5822
1.5503
1.51373
1.47316
1.42922
1.3825
1.33355
1.28287
1.23092
1.17811
1.12482
1.07135
1.01801
0.965051
0.912686
0.861116
0.810511
0.761025
0.712792
0.665933
0.620557
0.57676
0.53463
0.494243
0.455665
0.418952
0.384149
0.35129
0.320394
0.291471
0.264514
0.239504
0.216406
0.195173
0.175742
0.158037
0.141973
0.127452
0.11437
0.102617
0.0920814
0.0826507
0.0742155
0.0666711
0.0599195
0.0538743
0.0484543
0.0435854
0.0392021
0.0352467
0.0316695
0.0284275
0.0254841
0.0228078
0.0203719
0.0181536
0.0161333
0.014294
0.0126211
0.0111013
0.00972309
0.00847572
0.00734932
0.00633464
0.00542291
0.00460575
0.00387513
0.00322335
0.00264312
0.00212761
0.00167057
0.00126655
0.0009114
0.000603181
0.000344406
0.00014597
0.000156411
1.60706
1.59412
1.57499
1.54983
1.51944
1.48441
1.44538
1.40298
1.35777
1.31028
1.26102
1.21044
1.15895
1.10691
1.05466
1.00247
0.950615
0.899307
0.848749
0.799114
0.750558
0.703219
0.657217
0.612662
0.569651
0.528272
0.4886
0.450699
0.414626
0.380422
0.34812
0.31774
0.289288
0.262758
0.238129
0.215367
0.194426
0.175243
0.157746
0.14185
0.127463
0.114483
0.102804
0.0923183
0.0829179
0.0744971
0.0669547
0.0601957
0.0541361
0.0486982
0.0438092
0.0394049
0.0354287
0.0318313
0.0285703
0.0256093
0.0229169
0.0204667
0.0182356
0.016204
0.0143549
0.0126733
0.0111461
0.00976141
0.00850846
0.00737724
0.00635839
0.00544304
0.00462272
0.00388933
0.00323512
0.00265275
0.00213535
0.00167662
0.00127111
0.000914642
0.000605293
0.00034561
0.00014669
0.000157402
1.57129
1.55939
1.54145
1.51761
1.48861
1.45504
1.4175
1.37658
1.33284
1.2868
1.23896
1.18974
1.13957
1.0888
1.03777
0.986752
0.936015
0.885783
0.836255
0.78761
0.740003
0.693573
0.648444
0.604725
0.562513
0.521895
0.482946
0.445731
0.410301
0.3767
0.344959
0.315094
0.287113
0.261008
0.236759
0.214331
0.193678
0.174742
0.15745
0.141721
0.127465
0.114586
0.10298
0.0925441
0.0831739
0.0747677
0.0672278
0.0604622
0.0543889
0.0489337
0.0440256
0.0396011
0.0356047
0.0319879
0.0287084
0.0257304
0.0230225
0.0205583
0.0183148
0.0162723
0.0144136
0.0127237
0.0111893
0.00979837
0.00854002
0.00740415
0.00638127
0.00546242
0.00463906
0.00390301
0.00324646
0.00266201
0.00214278
0.00168243
0.00127549
0.00091776
0.000607325
0.000346769
0.000147388
0.000158361
1.53612
1.52509
1.50819
1.48556
1.45787
1.42568
1.38956
1.35008
1.30779
1.26317
1.21672
1.16887
1.12002
1.07053
1.02072
0.970892
0.921292
0.872151
0.823672
0.776032
0.72939
0.683885
0.639642
0.59677
0.555367
0.515519
0.477301
0.440775
0.405993
0.372997
0.341815
0.312466
0.284954
0.259272
0.235399
0.213302
0.192935
0.174241
0.157151
0.141586
0.127461
0.11468
0.103146
0.0927592
0.0834191
0.0750276
0.0674906
0.0607192
0.0546328
0.0491612
0.0442345
0.0397906
0.0357748
0.0321391
0.0288419
0.0258474
0.0231246
0.0206469
0.0183914
0.0163383
0.0144703
0.0127724
0.0112309
0.00983399
0.00857044
0.00743006
0.0064033
0.00548108
0.00465478
0.00391616
0.00325736
0.00267093
0.00214994
0.00168803
0.0012797
0.000920756
0.000609277
0.000347884
0.000148064
0.00015929
1.50151
1.49123
1.47526
1.45372
1.42725
1.39637
1.36162
1.32355
1.28266
1.23945
1.19438
1.14789
1.10036
1.05215
1.00358
0.954939
0.906488
0.858452
0.811035
0.764414
0.71875
0.674182
0.630836
0.588821
0.548236
0.509164
0.47168
0.435846
0.401714
0.369322
0.3387
0.309864
0.282818
0.257555
0.234054
0.212283
0.192198
0.173742
0.156851
0.141448
0.127449
0.114766
0.103303
0.0929641
0.0836537
0.0752771
0.0677434
0.0609666
0.054868
0.0493806
0.0444361
0.0399735
0.035939
0.0322852
0.0289709
0.0259604
0.0232231
0.0207324
0.0184653
0.0164019
0.014525
0.0128192
0.0112711
0.0098683
0.00859972
0.00745501
0.00642449
0.00549903
0.0046699
0.00392881
0.00326784
0.00267949
0.00215681
0.0016934
0.00128374
0.000923634
0.000611152
0.000348955
0.000148718
0.000160187
1.46747
1.45782
1.44267
1.42214
1.39681
1.36717
1.33374
1.29702
1.25751
1.21568
1.17199
1.12684
1.08063
1.0337
0.986373
0.938936
0.891644
0.844725
0.79838
0.752791
0.708115
0.664494
0.622053
0.580903
0.54114
0.502848
0.466102
0.430961
0.397477
0.365689
0.335623
0.307296
0.280711
0.255862
0.232728
0.211278
0.19147
0.173249
0.156552
0.141307
0.127433
0.114844
0.10345
0.0931593
0.0838783
0.0755165
0.0679864
0.0612048
0.0550947
0.049592
0.0446304
0.0401499
0.0360974
0.0324261
0.0290953
0.0260695
0.0233182
0.0208148
0.0185365
0.0164633
0.0145777
0.0128644
0.0113097
0.00990132
0.00862789
0.007479
0.00644487
0.00551628
0.00468443
0.00394097
0.00327791
0.00268772
0.00216341
0.00169856
0.00128763
0.000926396
0.000612951
0.000349985
0.00014935
0.000161053
1.43398
1.42486
1.41045
1.39084
1.36659
1.33813
1.30596
1.27056
1.23239
1.19193
1.14959
1.10578
1.06088
1.01524
0.969158
0.92293
0.876804
0.831009
0.785747
0.741196
0.697517
0.65485
0.613321
0.573039
0.534101
0.496592
0.460582
0.426134
0.393296
0.362106
0.332592
0.304768
0.27864
0.254198
0.231425
0.210291
0.190754
0.172762
0.156256
0.141164
0.127412
0.114916
0.10359
0.0933452
0.084093
0.075746
0.0682197
0.0614336
0.055313
0.0497956
0.0448176
0.0403199
0.0362501
0.032562
0.0292152
0.0261746
0.0234098
0.0208943
0.0186052
0.0165224
0.0146284
0.0129079
0.0113469
0.00993308
0.00865497
0.00750205
0.00646444
0.00553284
0.00469838
0.00395263
0.00328757
0.00269562
0.00216975
0.00170351
0.00129135
0.000929044
0.000614676
0.000350973
0.00014996
0.000161889
1.40105
1.39238
1.37862
1.35987
1.33662
1.30929
1.27834
1.24422
1.20738
1.16824
1.12724
1.08477
1.04118
0.996813
0.951983
0.906965
0.862011
0.817346
0.773171
0.729665
0.686988
0.64528
0.604665
0.565253
0.527142
0.490413
0.455139
0.421379
0.389182
0.358586
0.329617
0.30229
0.27661
0.252569
0.23015
0.209324
0.190052
0.172284
0.155963
0.141022
0.127388
0.114982
0.103722
0.0935221
0.0842983
0.0759659
0.0684435
0.0616535
0.0555228
0.0499915
0.0449977
0.0404835
0.036397
0.0326927
0.0293306
0.0262758
0.023498
0.0209708
0.0186712
0.0165792
0.0146772
0.0129497
0.0113826
0.00996358
0.00868097
0.00752417
0.00648322
0.00554873
0.00471176
0.00396381
0.00329683
0.00270318
0.00217582
0.00170825
0.00129492
0.000931581
0.000616329
0.00035192
0.000150548
0.000162694
1.36867
1.36038
1.34721
1.32926
1.30696
1.28072
1.25094
1.21806
1.18251
1.14469
1.10501
1.06385
1.02157
0.978479
0.934895
0.891089
0.847309
0.803776
0.760692
0.718234
0.676561
0.635812
0.596112
0.55757
0.520282
0.484331
0.449787
0.41671
0.385148
0.355138
0.326706
0.299868
0.274627
0.250979
0.228906
0.208381
0.189366
0.171816
0.155675
0.14088
0.12736
0.115042
0.103846
0.0936906
0.0844944
0.0761764
0.0686581
0.0618643
0.0557244
0.0501796
0.0451708
0.0406407
0.0365383
0.0328185
0.0294416
0.0263731
0.0235828
0.0210443
0.0187347
0.0166338
0.0147241
0.0129898
0.0114169
0.00999284
0.0087059
0.00754538
0.00650123
0.00556396
0.00472457
0.00397453
0.0033057
0.00271043
0.00218163
0.00171279
0.00129833
0.000934009
0.00061791
0.000352827
0.000151114
0.000163468
1.33685
1.32889
1.31626
1.29905
1.27766
1.25245
1.22381
1.19215
1.15785
1.12133
1.08295
1.0431
1.0021
0.960287
0.917947
0.87535
0.832742
0.790342
0.748349
0.706938
0.666267
0.626476
0.587688
0.550012
0.513543
0.478363
0.444543
0.412141
0.381204
0.351771
0.323867
0.297507
0.272697
0.249432
0.227696
0.207463
0.188699
0.17136
0.155393
0.140739
0.127331
0.115098
0.103963
0.0938508
0.0846815
0.0763776
0.0688635
0.0620664
0.0559178
0.0503602
0.0453369
0.0407916
0.0366739
0.0329392
0.0295482
0.0264666
0.0236642
0.0211149
0.0187956
0.0166862
0.014769
0.0130283
0.0114498
0.0100209
0.00872979
0.0075657
0.00651846
0.00557853
0.00473684
0.00398478
0.00331418
0.00271736
0.00218718
0.00171713
0.0013016
0.000936329
0.000619421
0.000353695
0.000151659
0.000164211
1.30562
1.29794
1.28581
1.26929
1.24877
1.22455
1.19701
1.16653
1.13347
1.09821
1.06113
1.02256
0.982846
0.942293
0.901189
0.859796
0.818357
0.777086
0.736179
0.695812
0.65614
0.617302
0.579421
0.542604
0.506946
0.472528
0.439422
0.407684
0.377363
0.348495
0.321107
0.295215
0.270825
0.247932
0.226523
0.206574
0.188052
0.170917
0.155119
0.140601
0.1273
0.115149
0.104074
0.0940032
0.0848599
0.0765698
0.0690599
0.0622599
0.0561031
0.0505332
0.0454961
0.0409363
0.036804
0.033055
0.0296504
0.0265562
0.0237423
0.0211826
0.018854
0.0167365
0.0148121
0.0130651
0.0114813
0.0100477
0.00875265
0.00758513
0.00653494
0.00559246
0.00474856
0.00399457
0.00332229
0.00272398
0.00219249
0.00172128
0.00130472
0.000938544
0.000620864
0.000354524
0.000152182
0.000164923
1.27499
1.26757
1.2559
1.24004
1.22034
1.19708
1.17061
1.14127
1.10942
1.07541
1.0396
1.0023
0.963854
0.924551
0.884673
0.844477
0.804198
0.764049
0.724223
0.684892
0.646212
0.608318
0.571334
0.535366
0.500509
0.466843
0.434438
0.403353
0.373634
0.345319
0.318434
0.292997
0.269014
0.246482
0.225389
0.205715
0.187427
0.170489
0.154853
0.140466
0.127269
0.115196
0.104179
0.0941479
0.0850298
0.0767532
0.0692475
0.0624447
0.0562802
0.0506986
0.0456485
0.0410748
0.0369284
0.0331658
0.0297483
0.026642
0.0238171
0.0212474
0.0189099
0.0167845
0.0148533
0.0131004
0.0115114
0.0100734
0.00877449
0.00760369
0.00655068
0.00560576
0.00475974
0.00400392
0.00333002
0.00273029
0.00219755
0.00172523
0.00130769
0.000940655
0.000622239
0.000355316
0.000152683
0.000165605
1.24499
1.23781
1.22657
1.21134
1.19243
1.1701
1.14467
1.11645
1.08578
1.05299
1.01842
0.982381
0.945184
0.907117
0.868453
0.829442
0.790313
0.751275
0.712519
0.674214
0.636513
0.599553
0.563454
0.528322
0.494252
0.461323
0.429606
0.399158
0.370026
0.342249
0.315854
0.290857
0.267268
0.245086
0.224298
0.204888
0.186826
0.170076
0.154596
0.140335
0.127237
0.115239
0.104278
0.0942853
0.0851915
0.0769278
0.0694263
0.0626211
0.0564494
0.0508567
0.045794
0.0412071
0.0370474
0.0332718
0.0298419
0.026724
0.0238885
0.0213093
0.0189633
0.0168304
0.0148927
0.013134
0.0115401
0.0100978
0.00879531
0.00762138
0.00656567
0.00561843
0.0047704
0.00401282
0.00333738
0.0027363
0.00220237
0.00172899
0.00131051
0.000942664
0.000623547
0.000356069
0.000153163
0.000166256
1.21567
1.20871
1.19788
1.18326
1.16511
1.14368
1.11925
1.09212
1.06261
1.03102
0.997668
0.962863
0.926897
0.890049
0.852582
0.81474
0.776746
0.738806
0.701105
0.663811
0.627076
0.591034
0.555804
0.521493
0.488193
0.455985
0.424938
0.39511
0.366549
0.339294
0.313372
0.288801
0.265592
0.243745
0.223252
0.204094
0.186248
0.16968
0.154349
0.140209
0.127205
0.11528
0.104372
0.0944154
0.085345
0.0770939
0.0695965
0.062789
0.0566106
0.0510074
0.0459328
0.0413332
0.0371608
0.0333728
0.0299311
0.0268022
0.0239567
0.0213683
0.0190143
0.0168742
0.0149302
0.0131661
0.0115674
0.0101212
0.00881514
0.00763822
0.00657994
0.00563048
0.00478053
0.00402128
0.00334439
0.00274201
0.00220695
0.00173256
0.0013132
0.000944572
0.00062479
0.000356786
0.000153621
0.000166876
1.18708
1.18033
1.1699
1.15585
1.13844
1.11788
1.09443
1.06836
1.03998
1.00956
0.977405
0.943809
0.909052
0.873403
0.837114
0.800421
0.763544
0.726682
0.690018
0.653718
0.61793
0.582787
0.548408
0.514897
0.482349
0.450842
0.420446
0.39122
0.363211
0.336459
0.310993
0.286833
0.263989
0.242464
0.222251
0.203336
0.185696
0.169301
0.154113
0.140087
0.127173
0.115317
0.10446
0.0945387
0.0854906
0.0772516
0.0697582
0.0629487
0.0567639
0.0511507
0.0460648
0.0414533
0.0372688
0.033469
0.030016
0.0268767
0.0240215
0.0214245
0.0190627
0.0169159
0.0149658
0.0131965
0.0115934
0.0101433
0.00883397
0.00765421
0.0065935
0.00564193
0.00479015
0.00402931
0.00335103
0.00274743
0.00221129
0.00173595
0.00131575
0.000946381
0.000625968
0.000357466
0.000154058
0.000167466
1.15928
1.15273
1.14268
1.1292
1.11249
1.09278
1.07028
1.04525
1.01796
0.988679
0.957697
0.925285
0.891712
0.857236
0.8221
0.786534
0.750751
0.714946
0.679297
0.643967
0.609104
0.574837
0.541286
0.508555
0.476735
0.445908
0.416141
0.387495
0.360019
0.333751
0.308723
0.284955
0.26246
0.241243
0.221298
0.202614
0.185171
0.16894
0.153887
0.13997
0.127143
0.115352
0.104543
0.0946552
0.0856284
0.0774009
0.0699114
0.0631001
0.0569094
0.0512867
0.0461901
0.0415673
0.0373714
0.0335603
0.0300967
0.0269474
0.0240831
0.0214779
0.0191087
0.0169554
0.0149997
0.0132255
0.0116181
0.0101643
0.00885183
0.00766937
0.00660633
0.00565277
0.00479926
0.00403691
0.00335731
0.00275256
0.0022154
0.00173916
0.00131816
0.000948091
0.000627083
0.00035811
0.000154473
0.000168025
1.13233
1.12598
1.1163
1.10336
1.08735
1.06845
1.04687
1.02284
0.99662
0.968455
0.938613
0.907355
0.874936
0.841604
0.807594
0.773128
0.738411
0.703635
0.668975
0.63459
0.600625
0.56721
0.534461
0.502483
0.471367
0.441194
0.412034
0.383945
0.356979
0.331175
0.306564
0.283171
0.261009
0.240084
0.220394
0.20193
0.184672
0.168597
0.153672
0.139859
0.127113
0.115385
0.104621
0.0947651
0.0857585
0.077542
0.0700563
0.0632434
0.057047
0.0514155
0.0463088
0.0416752
0.0374685
0.0336468
0.0301731
0.0270144
0.0241415
0.0215284
0.0191523
0.0169928
0.0150317
0.0132528
0.0116414
0.0101842
0.00886872
0.0076837
0.00661847
0.00566301
0.00480787
0.0040441
0.00336325
0.00275741
0.00221927
0.00174218
0.00132043
0.000949705
0.000628134
0.000358718
0.000154866
0.000168553
1.1063
1.10016
1.09084
1.07843
1.06309
1.04498
1.02429
1.00123
0.976042
0.948956
0.920219
0.890081
0.858783
0.826563
0.793647
0.760247
0.726566
0.692788
0.659086
0.625615
0.592519
0.559925
0.52795
0.496697
0.466258
0.436713
0.408132
0.380576
0.354096
0.328733
0.304521
0.281483
0.259637
0.238989
0.21954
0.201283
0.184202
0.168274
0.15347
0.139754
0.127085
0.115415
0.104694
0.0948685
0.0858811
0.0776751
0.070193
0.0633785
0.0571769
0.0515371
0.0464208
0.0417772
0.0375601
0.0337285
0.0302452
0.0270776
0.0241966
0.0215761
0.0191935
0.0170281
0.015062
0.0132787
0.0116635
0.0102029
0.00888464
0.00769721
0.0066299
0.00567266
0.00481597
0.00405086
0.00336884
0.00276196
0.00222292
0.00174503
0.00132257
0.000951224
0.000629124
0.00035929
0.000155238
0.00016905
1.08128
1.07533
1.06637
1.05447
1.03978
1.02243
1.0026
0.980487
0.956295
0.930249
0.902582
0.873526
0.843312
0.812166
0.780306
0.747937
0.715255
0.682441
0.649661
0.61707
0.584809
0.553004
0.52177
0.491211
0.461418
0.432472
0.404444
0.377394
0.351376
0.326431
0.302595
0.279894
0.258345
0.237959
0.218737
0.200675
0.183759
0.167969
0.153279
0.139655
0.127058
0.115444
0.104763
0.0949656
0.0859963
0.0778001
0.0703215
0.0635056
0.0572991
0.0516516
0.0465263
0.0418731
0.0376464
0.0338054
0.0303132
0.0271372
0.0242484
0.0216211
0.0192322
0.0170614
0.0150904
0.013303
0.0116842
0.0102205
0.00889961
0.0077099
0.00664065
0.00568172
0.00482358
0.00405721
0.00337408
0.00276624
0.00222635
0.0017477
0.00132457
0.000952647
0.000630052
0.000359828
0.000155589
0.000169516
1.05734
1.05159
1.04298
1.03158
1.01751
1.0009
0.981895
0.960681
0.937449
0.912405
0.885765
0.857749
0.828576
0.798463
0.767618
0.73624
0.704516
0.672625
0.640729
0.60898
0.577516
0.546464
0.515936
0.486037
0.456858
0.42848
0.400975
0.374404
0.348822
0.324271
0.30079
0.278404
0.257135
0.236994
0.217985
0.200105
0.183345
0.167685
0.153101
0.139563
0.127033
0.11547
0.104828
0.0950564
0.086104
0.0779171
0.0704418
0.0636247
0.0574136
0.0517588
0.0466252
0.041963
0.0377274
0.0338775
0.0303769
0.027193
0.0242971
0.0216632
0.0192685
0.0170926
0.0151171
0.0133257
0.0117036
0.010237
0.00891362
0.00772179
0.00665071
0.00569021
0.00483071
0.00406315
0.00337899
0.00277024
0.00222955
0.0017502
0.00132645
0.000953977
0.000630918
0.000360331
0.000155917
0.000169952
1.03456
1.02902
1.02075
1.00983
0.996356
0.980448
0.962239
0.941888
0.919573
0.895486
0.869828
0.842807
0.81463
0.785503
0.755626
0.725192
0.694383
0.66337
0.632315
0.601366
0.57066
0.54032
0.510462
0.481186
0.452586
0.424744
0.39773
0.37161
0.346436
0.322256
0.299105
0.277015
0.256007
0.236095
0.217284
0.199575
0.182959
0.167419
0.152935
0.139476
0.12701
0.115495
0.104888
0.0951412
0.0862046
0.0780263
0.0705541
0.0637358
0.0575204
0.051859
0.0467175
0.042047
0.0378029
0.0339448
0.0304363
0.0272452
0.0243425
0.0217025
0.0193024
0.0171217
0.015142
0.013347
0.0117217
0.0102524
0.0089267
0.00773287
0.00666008
0.00569811
0.00483734
0.00406868
0.00338356
0.00277396
0.00223252
0.00175252
0.00132819
0.000955214
0.000631725
0.000360799
0.000156224
0.000170357
1.01304
1.00769
0.999756
0.989296
0.976398
0.961161
0.943706
0.924176
0.902733
0.879555
0.85483
0.828752
0.801519
0.773327
0.744369
0.714829
0.684885
0.654704
0.624443
0.594249
0.564255
0.534587
0.505357
0.476667
0.44861
0.421268
0.394715
0.369014
0.344222
0.320385
0.297543
0.275728
0.254962
0.235262
0.216636
0.199084
0.182602
0.167174
0.152781
0.139397
0.126988
0.115518
0.104944
0.0952198
0.0862979
0.0781277
0.0706583
0.0638389
0.0576196
0.0519522
0.0468032
0.0421251
0.0378732
0.0340074
0.0304916
0.0272937
0.0243847
0.0217391
0.0193339
0.0171487
0.0151652
0.0133667
0.0117385
0.0102667
0.00893883
0.00774316
0.00666878
0.00570544
0.00484349
0.00407381
0.00338779
0.00277741
0.00223528
0.00175467
0.0013298
0.00095636
0.000632472
0.000361233
0.00015651
0.000170731
0.992843
0.987697
0.980081
0.970061
0.957709
0.943108
0.926365
0.90761
0.886989
0.864668
0.840821
0.815632
0.789288
0.761976
0.733881
0.705181
0.676049
0.646648
0.617131
0.587643
0.558317
0.529275
0.500631
0.472486
0.444934
0.418058
0.391931
0.366619
0.34218
0.318661
0.296104
0.274542
0.254
0.234496
0.216039
0.198633
0.182273
0.166948
0.15264
0.139324
0.126969
0.115539
0.104995
0.0952925
0.0863841
0.0782214
0.0707546
0.0639342
0.0577112
0.0520382
0.0468825
0.0421972
0.037938
0.0340652
0.0305427
0.0273384
0.0244237
0.0217729
0.019363
0.0171737
0.0151865
0.013385
0.011754
0.0102799
0.00895004
0.00775265
0.0066768
0.00571221
0.00484917
0.00407853
0.00339169
0.00278059
0.00223782
0.00175665
0.00133129
0.000957414
0.000633159
0.000361633
0.000156773
0.000171074
0.974062
0.969109
0.961799
0.952197
0.940357
0.926353
0.910278
0.892248
0.872397
0.850876
0.82785
0.803491
0.777976
0.751484
0.724193
0.696275
0.667898
0.639222
0.610396
0.581563
0.552855
0.524393
0.496291
0.468649
0.441563
0.415115
0.389381
0.364427
0.340311
0.317084
0.294789
0.273459
0.253121
0.233795
0.215494
0.198221
0.181973
0.166742
0.152511
0.139257
0.126951
0.115559
0.105043
0.0953593
0.0864632
0.0783073
0.070843
0.0640216
0.0577953
0.0521172
0.0469552
0.0422633
0.0379976
0.0341183
0.0305896
0.0273796
0.0244595
0.0218039
0.0193897
0.0171966
0.0152061
0.0134017
0.0117683
0.010292
0.00896031
0.00776136
0.00668416
0.00571841
0.00485436
0.00408286
0.00339526
0.00278349
0.00224015
0.00175846
0.00133264
0.000958377
0.000633788
0.000361999
0.000157015
0.000171386
0.956766
0.952
0.944979
0.935767
0.924406
0.910958
0.895503
0.878144
0.859005
0.838225
0.815957
0.792364
0.767615
0.74188
0.71533
0.688133
0.660452
0.632442
0.604251
0.57602
0.547878
0.519948
0.492341
0.46516
0.438499
0.412442
0.387065
0.362437
0.338616
0.315654
0.293596
0.272476
0.252325
0.233161
0.215
0.197847
0.181702
0.166556
0.152395
0.139197
0.126936
0.115578
0.105086
0.0954202
0.0865353
0.0783855
0.0709234
0.0641012
0.0578718
0.0521891
0.0470215
0.0423236
0.0380518
0.0341666
0.0306323
0.027417
0.0244922
0.0218321
0.0194141
0.0172175
0.015224
0.013417
0.0117812
0.010303
0.00896967
0.00776928
0.00669085
0.00572404
0.00485909
0.00408679
0.00339851
0.00278613
0.00224225
0.0017601
0.00133388
0.000959251
0.000634358
0.000362332
0.000157236
0.000171667
0.941023
0.936433
0.929682
0.920832
0.909912
0.896973
0.882086
0.865343
0.846855
0.826752
0.805177
0.782284
0.758233
0.733188
0.707314
0.680773
0.653724
0.62632
0.598706
0.57102
0.543393
0.515944
0.488785
0.46202
0.435743
0.410039
0.384985
0.36065
0.337094
0.314371
0.292526
0.271596
0.25161
0.232593
0.214558
0.197513
0.181459
0.16639
0.152291
0.139144
0.126922
0.115595
0.105126
0.0954752
0.0866004
0.0784561
0.070996
0.064173
0.0579409
0.052254
0.0470812
0.042378
0.0381008
0.0342102
0.0306709
0.0274508
0.0245216
0.0218576
0.0194361
0.0172364
0.0152401
0.0134307
0.0117929
0.010313
0.0089781
0.00777642
0.00669688
0.00572912
0.00486334
0.00409033
0.00340142
0.00278851
0.00224415
0.00176157
0.00133498
0.000960035
0.00063487
0.000362631
0.000157434
0.000171918
0.926892
0.922465
0.915963
0.907443
0.896923
0.884446
0.870072
0.853884
0.835984
0.81649
0.795539
0.773276
0.749852
0.725428
0.70016
0.674209
0.647727
0.620866
0.593768
0.566571
0.539403
0.512384
0.485625
0.459232
0.433297
0.407906
0.383139
0.359065
0.335745
0.313234
0.291578
0.270815
0.250978
0.23209
0.214166
0.197217
0.181244
0.166243
0.1522
0.139097
0.126911
0.11561
0.105161
0.0955245
0.0866585
0.0785192
0.0710607
0.0642371
0.0580024
0.0523118
0.0471345
0.0424265
0.0381444
0.0342491
0.0307052
0.027481
0.0245479
0.0218804
0.0194557
0.0172532
0.0152545
0.013443
0.0118034
0.0103219
0.00898562
0.00778278
0.00670225
0.00573364
0.00486712
0.00409348
0.00340401
0.00279061
0.00224583
0.00176288
0.00133596
0.000960731
0.000635324
0.000362897
0.000157611
0.000172137
0.914424
0.910146
0.903868
0.895642
0.885479
0.873413
0.859495
0.843799
0.826419
0.807466
0.787066
0.765359
0.742491
0.718614
0.693882
0.66845
0.642469
0.616086
0.589443
0.562675
0.535911
0.50927
0.482863
0.456794
0.431159
0.406044
0.381528
0.357682
0.334568
0.312242
0.290751
0.270135
0.250427
0.231651
0.213825
0.19696
0.181058
0.166115
0.15212
0.139057
0.126901
0.115624
0.105192
0.0955679
0.0867097
0.0785746
0.0711176
0.0642933
0.0580565
0.0523627
0.0471814
0.0424691
0.0381828
0.0342833
0.0307354
0.0275075
0.024571
0.0219004
0.0194729
0.017268
0.0152672
0.0134538
0.0118126
0.0103296
0.00899222
0.00778836
0.00670697
0.0057376
0.00487044
0.00409623
0.00340628
0.00279245
0.0022473
0.00176402
0.00133682
0.000961338
0.000635721
0.000363129
0.000157766
0.000172326
0.903662
0.899516
0.893434
0.885467
0.875615
0.863905
0.850383
0.835114
0.818184
0.799698
0.779776
0.758551
0.736162
0.712758
0.688489
0.663505
0.637955
0.611985
0.585734
0.559336
0.532919
0.506602
0.480497
0.454708
0.429331
0.404452
0.380151
0.3565
0.333563
0.311395
0.290045
0.269555
0.249957
0.231277
0.213535
0.196741
0.180899
0.166006
0.152053
0.139023
0.126894
0.115637
0.10522
0.0956056
0.086754
0.0786224
0.0711667
0.0643419
0.0581032
0.0524065
0.0472217
0.0425058
0.0382158
0.0343128
0.0307615
0.0275303
0.0245909
0.0219176
0.0194878
0.0172807
0.0152781
0.0134631
0.0118205
0.0103364
0.00899791
0.00779318
0.00671103
0.00574101
0.00487329
0.0040986
0.00340823
0.00279403
0.00224856
0.001765
0.00133755
0.000961857
0.000636061
0.000363329
0.000157899
0.000172483
0.894641
0.890609
0.884693
0.876944
0.867355
0.855947
0.842758
0.827848
0.811297
0.793204
0.773683
0.752862
0.730876
0.707869
0.683987
0.659379
0.63419
0.608565
0.582642
0.556553
0.530427
0.504381
0.478529
0.452973
0.42781
0.403128
0.379006
0.355518
0.332727
0.310692
0.28946
0.269073
0.249567
0.230967
0.213294
0.196559
0.180768
0.165917
0.151998
0.138996
0.126888
0.115648
0.105243
0.0956375
0.0867913
0.0786627
0.071208
0.0643827
0.0581424
0.0524433
0.0472556
0.0425367
0.0382436
0.0343375
0.0307834
0.0275495
0.0246076
0.0219321
0.0195003
0.0172915
0.0152873
0.0134709
0.0118271
0.010342
0.0090027
0.00779722
0.00671443
0.00574387
0.00487568
0.00410058
0.00340986
0.00279535
0.00224961
0.00176581
0.00133816
0.000962288
0.000636343
0.000363496
0.000158011
0.00017261
0.88739
0.88345
0.877671
0.870099
0.860722
0.849556
0.836636
0.822016
0.805771
0.787995
0.768797
0.7483
0.726638
0.703951
0.680381
0.656075
0.631177
0.605829
0.580168
0.554328
0.528435
0.502607
0.476956
0.451587
0.426596
0.402071
0.378093
0.354735
0.332062
0.310131
0.288993
0.26869
0.249257
0.230721
0.213103
0.196416
0.180664
0.165846
0.151955
0.138975
0.126884
0.115658
0.105262
0.0956636
0.0868218
0.0786955
0.0712415
0.0644158
0.0581741
0.0524732
0.0472831
0.0425617
0.0382661
0.0343576
0.0308011
0.0275651
0.0246212
0.0219439
0.0195104
0.0173002
0.0152947
0.0134772
0.0118325
0.0103466
0.00900658
0.0078005
0.00671719
0.00574618
0.00487761
0.00410218
0.00341116
0.00279641
0.00225044
0.00176646
0.00133864
0.000962632
0.000636569
0.00036363
0.0001581
0.000172705
0.881931
0.878061
0.872385
0.864947
0.855731
0.84475
0.832033
0.817631
0.801617
0.784079
0.765125
0.744874
0.723456
0.701009
0.677674
0.653596
0.628916
0.603777
0.578314
0.552661
0.526942
0.501278
0.475779
0.45055
0.425688
0.401281
0.377411
0.35415
0.331565
0.309713
0.288645
0.268405
0.249026
0.230538
0.212962
0.196309
0.180587
0.165795
0.151924
0.13896
0.126883
0.115666
0.105278
0.095684
0.0868454
0.0787208
0.0712673
0.0644411
0.0581984
0.052496
0.0473041
0.0425808
0.0382833
0.034373
0.0308147
0.027577
0.0246316
0.0219529
0.0195182
0.0173069
0.0153004
0.0134821
0.0118367
0.0103501
0.00900955
0.007803
0.0067193
0.00574794
0.00487907
0.00410339
0.00341215
0.0027972
0.00225107
0.00176695
0.001339
0.000962888
0.000636738
0.000363731
0.000158168
0.00017277
0.878281
0.874458
0.868851
0.861504
0.852396
0.841538
0.828957
0.814703
0.798843
0.781465
0.762674
0.742588
0.721333
0.699047
0.67587
0.651943
0.62741
0.60241
0.57708
0.551551
0.52595
0.500394
0.474997
0.449861
0.425085
0.400757
0.376958
0.353763
0.331236
0.309437
0.288416
0.268217
0.248875
0.230418
0.212869
0.19624
0.180538
0.165762
0.151905
0.138952
0.126883
0.115672
0.105289
0.0956986
0.086862
0.0787385
0.0712853
0.0644588
0.0582154
0.0525119
0.0473187
0.0425941
0.0382953
0.0343836
0.0308242
0.0275853
0.0246388
0.0219592
0.0195236
0.0173115
0.0153044
0.0134855
0.0118396
0.0103526
0.00901162
0.00780475
0.00672076
0.00574916
0.00488008
0.00410421
0.00341282
0.00279774
0.00225149
0.00176727
0.00133924
0.000963058
0.00063685
0.000363799
0.000158215
0.000172803
0.876454
0.872657
0.867084
0.859782
0.850728
0.839932
0.82742
0.813239
0.797457
0.78016
0.761451
0.741447
0.720275
0.698069
0.674971
0.651121
0.626661
0.601731
0.576467
0.551001
0.525458
0.499957
0.47461
0.449521
0.424788
0.400499
0.376736
0.353573
0.331075
0.309302
0.288305
0.268126
0.248802
0.230362
0.212826
0.196208
0.180516
0.165748
0.151898
0.13895
0.126885
0.115678
0.105297
0.0957076
0.0868719
0.0787487
0.0712955
0.0644688
0.0582249
0.0525208
0.0473269
0.0426015
0.038302
0.0343896
0.0308295
0.02759
0.0246429
0.0219628
0.0195267
0.0173142
0.0153067
0.0134875
0.0118412
0.010354
0.00901279
0.00780572
0.00672157
0.00574983
0.00488062
0.00410465
0.00341317
0.00279801
0.0022517
0.00176743
0.00133936
0.00096314
0.000636906
0.000363834
0.000158239
0.000172805
)
;

boundaryField
{
    farLeft
    {
        type            symmetryPlane;
    }
    flatBed
    {
        type            kqRWallFunction;
        value           nonuniform List<scalar> 
240
(
0.122732
0.122688
0.122744
0.122818
0.122901
0.122991
0.123086
0.123188
0.123295
0.123409
0.123529
0.123656
0.123789
0.123929
0.124075
0.124228
0.124387
0.124553
0.124726
0.124905
0.125091
0.125283
0.125482
0.125688
0.1259
0.126119
0.126345
0.126577
0.126816
0.127062
0.127314
0.127573
0.127838
0.12811
0.128388
0.128673
0.128965
0.129263
0.129568
0.129879
0.130197
0.130521
0.130852
0.131189
0.131533
0.131883
0.13224
0.132603
0.132972
0.133347
0.133729
0.134117
0.134512
0.134912
0.135319
0.135732
0.136151
0.136575
0.137006
0.137443
0.137886
0.138335
0.13879
0.13925
0.139716
0.140188
0.140665
0.141148
0.141636
0.14213
0.142629
0.143133
0.143643
0.144158
0.144677
0.145202
0.145732
0.146266
0.146805
0.147349
0.147897
0.148449
0.149006
0.149567
0.150132
0.1507
0.151273
0.151849
0.152429
0.153012
0.153598
0.154187
0.154779
0.155374
0.155971
0.156571
0.157172
0.157776
0.158381
0.158988
0.159595
0.160204
0.160814
0.161424
0.162034
0.162644
0.163254
0.163863
0.164471
0.165078
0.165683
0.166285
0.166886
0.167483
0.168077
0.168667
0.169254
0.169835
0.170411
0.170982
0.171547
0.172104
0.172655
0.173197
0.173732
0.174257
0.174772
0.175277
0.175771
0.176253
0.176723
0.177179
0.177622
0.178049
0.178462
0.178858
0.179237
0.179599
0.179942
0.180265
0.180569
0.180852
0.181113
0.181352
0.181569
0.181762
0.181931
0.182076
0.182197
0.182292
0.182362
0.182407
0.182426
0.182421
0.182391
0.182336
0.182258
0.182158
0.182036
0.181897
0.181791
0.181731
0.181707
0.181715
0.181751
0.181812
0.181898
0.182009
0.182146
0.182311
0.182505
0.182733
0.182994
0.183293
0.183632
0.184012
0.184435
0.184901
0.185412
0.185967
0.186565
0.187205
0.187883
0.188598
0.189346
0.190125
0.190931
0.191762
0.192616
0.193493
0.194394
0.195323
0.196285
0.197289
0.198345
0.199466
0.20067
0.201973
0.203396
0.20496
0.206685
0.208592
0.210699
0.213021
0.215569
0.218352
0.221368
0.224614
0.22808
0.231748
0.235596
0.239597
0.243721
0.247933
0.252196
0.256473
0.260723
0.264909
0.268992
0.272934
0.276701
0.280257
0.283569
0.286606
0.289337
0.291732
0.293762
0.295397
0.296605
0.29735
0.297594
0.297287
0.296364
0.294736
0.292262
0.288708
0.283659
0.276362
0.265644
0.251071
)
;
    }
    slope
    {
        type            kqRWallFunction;
        value           nonuniform List<scalar> 
80
(
0.316695
0.357923
0.379538
0.390334
0.393358
0.390541
0.383293
0.372739
0.359805
0.345248
0.329693
0.313718
0.298129
0.282653
0.267186
0.251852
0.23679
0.222105
0.207864
0.194109
0.180863
0.168133
0.15592
0.144218
0.133022
0.122324
0.112119
0.102402
0.0931731
0.0844331
0.0761852
0.0684346
0.0611874
0.0544497
0.0482271
0.0425226
0.0373359
0.0326622
0.0284906
0.0248034
0.021576
0.0187771
0.0163702
0.0143147
0.0125686
0.0110897
0.00984583
0.00880231
0.0079107
0.0071409
0.00646836
0.0058732
0.00534085
0.00485797
0.00441585
0.00400805
0.00362991
0.00327817
0.00295056
0.00264548
0.00236184
0.00209881
0.00185571
0.00163194
0.00142685
0.00123977
0.00106991
0.000916428
0.00077835
0.000654648
0.000544255
0.000446059
0.000358937
0.00028186
0.000213908
0.00015433
0.000102666
5.91745e-05
2.32058e-05
2.30201e-05
)
;
    }
    top
    {
        type            symmetryPlane;
    }
    frontAndBack
    {
        type            empty;
    }
    defaultFaces
    {
        type            empty;
    }
}


// ************************************************************************* //
