/*--------------------------------*- C++ -*----------------------------------*\
| =========                 |                                                 |
| \\      /  F ield         | OpenFOAM: The Open Source CFD Toolbox           |
|  \\    /   O peration     | Version:  2206                                  |
|   \\  /    A nd           | Website:  www.openfoam.com                      |
|    \\/     M anipulation  |                                                 |
\*---------------------------------------------------------------------------*/
FoamFile
{
    version     2.0;
    format      ascii;
    arch        "LSB;label=32;scalar=64";
    class       volScalarField;
    location    "7800";
    object      nut;
}
// * * * * * * * * * * * * * * * * * * * * * * * * * * * * * * * * * * * * * //

dimensions      [0 2 -1 0 0 0 0];

internalField   nonuniform List<scalar> 
25600
(
0.00967811
0.00967626
0.00967851
0.00968148
0.00968477
0.00968827
0.00969197
0.00969586
0.00969996
0.00970428
0.00970881
0.00971356
0.00971853
0.00972372
0.00972913
0.00973477
0.00974064
0.00974672
0.00975303
0.00975956
0.00976632
0.00977329
0.00978049
0.00978791
0.00979556
0.00980342
0.0098115
0.0098198
0.00982832
0.00983705
0.009846
0.00985517
0.00986455
0.00987414
0.00988395
0.00989397
0.00990419
0.00991463
0.00992527
0.00993611
0.00994717
0.00995842
0.00996987
0.00998153
0.00999338
0.0100054
0.0100177
0.0100301
0.0100427
0.0100555
0.0100686
0.0100817
0.0100951
0.0101087
0.0101224
0.0101363
0.0101504
0.0101646
0.010179
0.0101936
0.0102084
0.0102233
0.0102383
0.0102536
0.0102689
0.0102845
0.0103001
0.010316
0.0103319
0.010348
0.0103642
0.0103806
0.0103971
0.0104137
0.0104304
0.0104473
0.0104642
0.0104813
0.0104985
0.0105157
0.0105331
0.0105505
0.0105681
0.0105857
0.0106034
0.0106212
0.010639
0.0106569
0.0106749
0.0106929
0.010711
0.0107291
0.0107472
0.0107654
0.0107835
0.0108017
0.0108199
0.0108382
0.0108563
0.0108745
0.0108927
0.0109108
0.0109289
0.010947
0.010965
0.0109829
0.0110008
0.0110185
0.0110362
0.0110538
0.0110712
0.0110886
0.0111058
0.0111228
0.0111397
0.0111564
0.0111729
0.0111892
0.0112053
0.0112211
0.0112367
0.0112521
0.0112671
0.0112819
0.0112963
0.0113104
0.0113242
0.0113375
0.0113505
0.0113631
0.0113752
0.0113869
0.0113981
0.0114088
0.011419
0.0114286
0.0114377
0.0114462
0.011454
0.0114613
0.0114679
0.0114738
0.011479
0.0114834
0.0114872
0.0114902
0.0114924
0.0114938
0.0114944
0.0114942
0.0114932
0.0114914
0.0114887
0.0114852
0.011481
0.0114759
0.0114701
0.0114635
0.0114562
0.0114483
0.0114417
0.0114364
0.0114321
0.0114286
0.011426
0.0114242
0.0114231
0.0114228
0.0114233
0.0114248
0.0114272
0.0114308
0.0114355
0.0114415
0.0114489
0.0114577
0.0114681
0.0114801
0.0114937
0.0115089
0.0115257
0.0115442
0.0115641
0.0115854
0.011608
0.0116317
0.0116565
0.0116822
0.0117086
0.0117358
0.0117635
0.0117919
0.011821
0.0118508
0.0118817
0.011914
0.0119479
0.0119839
0.0120226
0.0120646
0.0121103
0.0121605
0.0122156
0.0122762
0.0123426
0.0124152
0.012494
0.0125791
0.0126702
0.0127668
0.0128686
0.0129747
0.0130843
0.0131966
0.0133104
0.0134249
0.0135389
0.0136515
0.0137616
0.0138682
0.0139705
0.0140676
0.0141586
0.0142428
0.0143194
0.0143877
0.0144471
0.0144968
0.014536
0.0145638
0.0145794
0.0145815
0.0145683
0.0145377
0.0144859
0.0144066
0.0142888
0.0141119
0.0138427
0.0134648
0.105344
0.105342
0.105331
0.105315
0.105298
0.10528
0.105264
0.105249
0.105237
0.105227
0.10522
0.105215
0.105213
0.105214
0.105217
0.105223
0.105232
0.105243
0.105258
0.105275
0.105295
0.105318
0.105343
0.105371
0.105402
0.105436
0.105473
0.105512
0.105554
0.105599
0.105646
0.105696
0.105749
0.105804
0.105862
0.105923
0.105986
0.106051
0.106119
0.10619
0.106263
0.106339
0.106417
0.106497
0.10658
0.106665
0.106752
0.106842
0.106934
0.107028
0.107124
0.107222
0.107323
0.107425
0.10753
0.107636
0.107745
0.107855
0.107967
0.108081
0.108197
0.108315
0.108434
0.108555
0.108678
0.108802
0.108927
0.109054
0.109183
0.109313
0.109444
0.109576
0.10971
0.109845
0.109981
0.110117
0.110255
0.110394
0.110534
0.110674
0.110816
0.110957
0.1111
0.111243
0.111386
0.11153
0.111674
0.111819
0.111963
0.112108
0.112253
0.112397
0.112542
0.112686
0.11283
0.112973
0.113116
0.113259
0.1134
0.113541
0.113681
0.113819
0.113957
0.114093
0.114228
0.114362
0.114493
0.114623
0.114751
0.114877
0.115001
0.115123
0.115242
0.115359
0.115472
0.115583
0.115691
0.115795
0.115896
0.115994
0.116087
0.116177
0.116263
0.116344
0.116421
0.116493
0.11656
0.116623
0.11668
0.116732
0.116778
0.116819
0.116854
0.116883
0.116906
0.116924
0.116935
0.116939
0.116938
0.116931
0.116917
0.116897
0.116872
0.116841
0.116805
0.116763
0.116717
0.116667
0.116613
0.116557
0.116498
0.116438
0.116378
0.116318
0.116261
0.116207
0.116158
0.116115
0.116077
0.116043
0.115988
0.11591
0.115813
0.115703
0.115583
0.11546
0.115336
0.115215
0.115101
0.114997
0.114905
0.114826
0.114763
0.114717
0.114686
0.114672
0.114672
0.114686
0.114713
0.114749
0.114793
0.114843
0.114897
0.114954
0.115013
0.115074
0.115138
0.115208
0.115287
0.11538
0.115493
0.115634
0.115811
0.116033
0.116309
0.116649
0.117062
0.117558
0.118144
0.118826
0.119609
0.120494
0.121481
0.122567
0.123747
0.125014
0.126358
0.127769
0.129233
0.130739
0.132272
0.133819
0.135367
0.136903
0.138414
0.139887
0.141311
0.142673
0.143963
0.145169
0.14628
0.147288
0.14818
0.148948
0.149582
0.150071
0.150406
0.150576
0.150571
0.150376
0.149978
0.149356
0.148482
0.147314
0.145774
0.143712
0.140822
0.136436
0.129115
0.11595
0.228812
0.228807
0.228801
0.228793
0.228786
0.22878
0.228777
0.228778
0.228784
0.228796
0.228812
0.228835
0.228863
0.228898
0.22894
0.228987
0.229042
0.229102
0.22917
0.229244
0.229324
0.229412
0.229505
0.229606
0.229713
0.229827
0.229947
0.230074
0.230207
0.230346
0.230493
0.230645
0.230804
0.230969
0.23114
0.231318
0.231501
0.231691
0.231887
0.232088
0.232296
0.232509
0.232728
0.232953
0.233184
0.23342
0.233661
0.233908
0.23416
0.234417
0.23468
0.234947
0.23522
0.235497
0.235779
0.236066
0.236358
0.236654
0.236954
0.237259
0.237568
0.237881
0.238198
0.238518
0.238843
0.239171
0.239503
0.239838
0.240177
0.240518
0.240863
0.241211
0.241561
0.241914
0.24227
0.242628
0.242988
0.24335
0.243715
0.244081
0.244448
0.244818
0.245188
0.24556
0.245932
0.246306
0.24668
0.247054
0.247429
0.247804
0.248179
0.248554
0.248928
0.249301
0.249673
0.250045
0.250415
0.250783
0.25115
0.251514
0.251876
0.252236
0.252593
0.252946
0.253297
0.253643
0.253986
0.254324
0.254658
0.254988
0.255312
0.25563
0.255943
0.25625
0.25655
0.256843
0.257129
0.257408
0.257679
0.257941
0.258195
0.25844
0.258676
0.258901
0.259117
0.259323
0.259517
0.259701
0.259873
0.260034
0.260182
0.260319
0.260443
0.260554
0.260653
0.260739
0.260813
0.260873
0.260922
0.260957
0.260981
0.260994
0.260995
0.260986
0.260967
0.26094
0.260906
0.260865
0.26082
0.260771
0.260722
0.260673
0.260627
0.260587
0.260555
0.260533
0.260523
0.260527
0.260543
0.260569
0.260585
0.260593
0.260595
0.260593
0.260591
0.260592
0.260597
0.260609
0.260629
0.260657
0.260694
0.260737
0.260785
0.260835
0.260883
0.260924
0.260953
0.260966
0.260957
0.260921
0.260856
0.260758
0.260627
0.260464
0.260273
0.260059
0.25983
0.2596
0.25938
0.259189
0.259045
0.258969
0.258983
0.25911
0.259372
0.259792
0.260388
0.261178
0.262175
0.263388
0.264823
0.266476
0.268342
0.270409
0.272659
0.275071
0.277619
0.280276
0.283011
0.285795
0.288597
0.291388
0.294139
0.296823
0.299416
0.301895
0.304238
0.306426
0.30844
0.310264
0.311881
0.313276
0.314433
0.315339
0.315978
0.316334
0.316391
0.31613
0.315529
0.314561
0.313192
0.311374
0.309039
0.306083
0.302344
0.297564
0.291335
0.283022
0.271705
0.256243
0.349429
0.349426
0.349428
0.349433
0.349443
0.349459
0.349481
0.34951
0.349548
0.349593
0.349647
0.349711
0.349784
0.349867
0.34996
0.350063
0.350176
0.350299
0.350432
0.350576
0.350731
0.350896
0.351071
0.351256
0.351452
0.351659
0.351875
0.352102
0.352339
0.352586
0.352844
0.353111
0.353388
0.353676
0.353973
0.354279
0.354596
0.354922
0.355257
0.355602
0.355956
0.356319
0.356691
0.357073
0.357463
0.357861
0.358269
0.358685
0.359109
0.359541
0.359982
0.36043
0.360886
0.36135
0.361822
0.3623
0.362786
0.363279
0.363779
0.364286
0.364799
0.365319
0.365845
0.366377
0.366915
0.367459
0.368008
0.368563
0.369122
0.369687
0.370257
0.370831
0.371409
0.371992
0.372578
0.373169
0.373763
0.37436
0.37496
0.375563
0.376169
0.376777
0.377387
0.377999
0.378612
0.379227
0.379844
0.38046
0.381078
0.381696
0.382313
0.382931
0.383548
0.384163
0.384778
0.385391
0.386002
0.386611
0.387218
0.387821
0.388422
0.389018
0.389611
0.390199
0.390783
0.391361
0.391934
0.3925
0.393061
0.393614
0.394161
0.394699
0.39523
0.395752
0.396265
0.396768
0.397261
0.397744
0.398216
0.398677
0.399126
0.399563
0.399987
0.400398
0.400795
0.401178
0.401547
0.401902
0.402241
0.402566
0.402874
0.403168
0.403445
0.403707
0.403953
0.404183
0.404398
0.404598
0.404783
0.404954
0.405112
0.405257
0.405391
0.405514
0.405629
0.405736
0.405838
0.405936
0.406034
0.406132
0.406233
0.406341
0.406458
0.406587
0.40673
0.406889
0.407068
0.407265
0.407479
0.407707
0.407941
0.40818
0.408424
0.408674
0.408928
0.409186
0.409444
0.409701
0.409953
0.410195
0.410422
0.410627
0.410803
0.410943
0.411039
0.411083
0.411067
0.410986
0.410833
0.410606
0.410302
0.409923
0.409473
0.408959
0.408392
0.407786
0.407159
0.406534
0.405934
0.405388
0.404925
0.404577
0.404375
0.404352
0.404538
0.404961
0.405644
0.406606
0.407861
0.409415
0.411269
0.413414
0.415836
0.418514
0.42142
0.424522
0.427783
0.431165
0.434626
0.438125
0.441622
0.445079
0.448457
0.451723
0.454845
0.457792
0.460539
0.46306
0.465334
0.467339
0.469056
0.470467
0.471555
0.472301
0.472688
0.472696
0.472306
0.471492
0.470227
0.468475
0.466189
0.463309
0.459751
0.455401
0.450099
0.443628
0.435696
0.425936
0.413922
0.399248
0.462602
0.462602
0.462611
0.462629
0.462656
0.462693
0.46274
0.462798
0.462867
0.462948
0.463041
0.463147
0.463265
0.463396
0.463541
0.463699
0.463871
0.464056
0.464255
0.464468
0.464694
0.464934
0.465189
0.465456
0.465738
0.466033
0.466342
0.466665
0.467001
0.467351
0.467714
0.46809
0.46848
0.468883
0.469299
0.469727
0.470169
0.470623
0.47109
0.471569
0.47206
0.472564
0.473079
0.473607
0.474146
0.474697
0.475259
0.475832
0.476416
0.477012
0.477618
0.478234
0.478861
0.479498
0.480145
0.480802
0.481468
0.482143
0.482828
0.483522
0.484224
0.484935
0.485654
0.486381
0.487116
0.487859
0.488609
0.489366
0.49013
0.4909
0.491677
0.49246
0.493248
0.494043
0.494842
0.495647
0.496456
0.49727
0.498087
0.498909
0.499734
0.500563
0.501394
0.502228
0.503064
0.503902
0.504742
0.505583
0.506425
0.507268
0.508111
0.508954
0.509796
0.510638
0.511478
0.512317
0.513153
0.513987
0.514819
0.515647
0.516471
0.517291
0.518107
0.518918
0.519723
0.520523
0.521316
0.522102
0.522881
0.523653
0.524416
0.52517
0.525915
0.52665
0.527375
0.52809
0.528793
0.529485
0.530164
0.530832
0.531486
0.532126
0.532753
0.533366
0.533964
0.534547
0.535115
0.535668
0.536205
0.536727
0.537232
0.537723
0.538197
0.538656
0.5391
0.53953
0.539945
0.540347
0.540736
0.541113
0.54148
0.541838
0.542188
0.542532
0.542872
0.543209
0.543546
0.543886
0.54423
0.544582
0.544944
0.545318
0.545707
0.546113
0.546539
0.546985
0.547451
0.547937
0.548439
0.548954
0.549477
0.550007
0.550542
0.551077
0.551608
0.55213
0.552636
0.55312
0.553571
0.553983
0.554345
0.554646
0.554878
0.555031
0.555094
0.55506
0.554922
0.554674
0.554315
0.553843
0.553262
0.552578
0.551801
0.550945
0.550028
0.549071
0.548102
0.547149
0.546244
0.545423
0.544723
0.54418
0.543831
0.543712
0.543855
0.544287
0.545032
0.546105
0.547516
0.549266
0.551348
0.553747
0.556443
0.559406
0.562603
0.565995
0.569539
0.573193
0.576911
0.580647
0.58436
0.588006
0.591547
0.594944
0.598164
0.601174
0.603947
0.606455
0.608674
0.610582
0.612157
0.61338
0.614232
0.614693
0.614744
0.614364
0.61353
0.612217
0.610393
0.608021
0.605055
0.601436
0.597088
0.591917
0.5858
0.578587
0.5701
0.560136
0.548488
0.534972
0.567482
0.567483
0.567498
0.567527
0.567569
0.567624
0.567693
0.567776
0.567874
0.567987
0.568115
0.568259
0.568419
0.568595
0.568787
0.568995
0.56922
0.569462
0.56972
0.569995
0.570286
0.570595
0.57092
0.571262
0.57162
0.571995
0.572387
0.572795
0.57322
0.573661
0.574119
0.574592
0.575082
0.575587
0.576108
0.576645
0.577197
0.577765
0.578348
0.578946
0.579559
0.580186
0.580828
0.581485
0.582155
0.58284
0.583538
0.58425
0.584975
0.585714
0.586465
0.587229
0.588006
0.588795
0.589595
0.590408
0.591232
0.592068
0.592914
0.593772
0.594639
0.595517
0.596405
0.597303
0.59821
0.599127
0.600052
0.600986
0.601928
0.602878
0.603836
0.604801
0.605773
0.606752
0.607738
0.608729
0.609726
0.610729
0.611737
0.61275
0.613767
0.614788
0.615812
0.61684
0.617872
0.618905
0.619941
0.620979
0.622018
0.623058
0.624099
0.62514
0.626181
0.627222
0.628261
0.629299
0.630336
0.63137
0.632401
0.633429
0.634454
0.635474
0.63649
0.637501
0.638507
0.639506
0.640499
0.641486
0.642465
0.643436
0.644399
0.645354
0.646299
0.647234
0.64816
0.649075
0.649979
0.650871
0.651752
0.652621
0.653477
0.65432
0.655151
0.655968
0.656772
0.657562
0.658338
0.6591
0.659849
0.660584
0.661306
0.662014
0.66271
0.663394
0.664066
0.664727
0.665378
0.66602
0.666654
0.667282
0.667905
0.668524
0.669142
0.66976
0.67038
0.671004
0.671635
0.672275
0.672927
0.673591
0.674271
0.674968
0.675684
0.676419
0.677174
0.677948
0.67874
0.679545
0.68036
0.681175
0.681991
0.682804
0.683608
0.684396
0.68516
0.685892
0.686582
0.687219
0.687793
0.688292
0.688705
0.689021
0.68923
0.689323
0.68929
0.689127
0.688827
0.688391
0.687817
0.687111
0.68628
0.685335
0.684292
0.683168
0.681989
0.68078
0.679573
0.678402
0.677304
0.676317
0.675481
0.674834
0.674415
0.674257
0.674391
0.674841
0.675626
0.676756
0.678235
0.680057
0.68221
0.684673
0.68742
0.690418
0.693629
0.697014
0.700529
0.704129
0.707771
0.71141
0.715004
0.718513
0.721897
0.725121
0.728151
0.730955
0.733507
0.735778
0.737745
0.739384
0.740675
0.741597
0.742131
0.742256
0.741953
0.741202
0.739978
0.738257
0.73601
0.733203
0.729793
0.725732
0.72096
0.715404
0.70898
0.701588
0.693116
0.683446
0.672459
0.660049
0.664136
0.664138
0.664159
0.664196
0.664249
0.664319
0.664407
0.664511
0.664634
0.664774
0.664933
0.66511
0.665305
0.665519
0.665752
0.666004
0.666275
0.666565
0.666875
0.667204
0.667551
0.667919
0.668305
0.668711
0.669136
0.66958
0.670043
0.670524
0.671025
0.671545
0.672083
0.672639
0.673214
0.673808
0.674419
0.675048
0.675695
0.67636
0.677042
0.677741
0.678457
0.67919
0.67994
0.680706
0.681488
0.682287
0.683101
0.68393
0.684775
0.685635
0.686509
0.687399
0.688302
0.689219
0.69015
0.691095
0.692053
0.693023
0.694007
0.695002
0.69601
0.697029
0.69806
0.699101
0.700154
0.701217
0.70229
0.703373
0.704466
0.705567
0.706678
0.707796
0.708923
0.710058
0.7112
0.71235
0.713506
0.714668
0.715836
0.71701
0.718189
0.719372
0.720561
0.721753
0.722949
0.724148
0.72535
0.726554
0.727761
0.728969
0.730178
0.731388
0.732598
0.733808
0.735018
0.736227
0.737434
0.73864
0.739843
0.741044
0.742242
0.743436
0.744626
0.745811
0.746992
0.748167
0.749336
0.750499
0.751656
0.752805
0.753947
0.755081
0.756207
0.757324
0.758432
0.759531
0.76062
0.761699
0.762768
0.763827
0.764875
0.765912
0.766938
0.767954
0.768958
0.769951
0.770934
0.771906
0.772868
0.773821
0.774763
0.775697
0.776623
0.777541
0.778453
0.77936
0.780262
0.781162
0.78206
0.782957
0.783857
0.784759
0.785667
0.786582
0.787505
0.78844
0.789387
0.790348
0.791326
0.79232
0.793333
0.794364
0.795413
0.79648
0.797563
0.798658
0.799762
0.800868
0.80197
0.803057
0.80412
0.805162
0.806173
0.807146
0.808069
0.808931
0.809722
0.810429
0.811042
0.811549
0.81194
0.812204
0.812333
0.812321
0.812162
0.811852
0.81139
0.810779
0.810022
0.809128
0.808107
0.806973
0.805746
0.804447
0.803103
0.801744
0.800402
0.799115
0.79792
0.796857
0.795965
0.795282
0.794844
0.794682
0.794822
0.795284
0.79608
0.797216
0.798687
0.800485
0.802591
0.80498
0.807624
0.810489
0.813535
0.816724
0.820014
0.823363
0.826728
0.830071
0.833351
0.83653
0.839573
0.842447
0.845121
0.847565
0.849753
0.85166
0.853262
0.854538
0.855467
0.856029
0.856205
0.855977
0.855326
0.85423
0.852671
0.850623
0.848061
0.844957
0.841275
0.836977
0.832016
0.826341
0.81989
0.812596
0.804386
0.795182
0.784907
0.773488
0.752942
0.752944
0.752968
0.753011
0.753074
0.753156
0.753258
0.753381
0.753523
0.753686
0.753869
0.754073
0.754298
0.754544
0.754811
0.7551
0.755409
0.75574
0.756092
0.756466
0.756861
0.757277
0.757715
0.758173
0.758653
0.759155
0.759677
0.76022
0.760784
0.761368
0.761974
0.762599
0.763245
0.763911
0.764597
0.765303
0.766028
0.766773
0.767537
0.76832
0.769121
0.769941
0.77078
0.771636
0.772511
0.773403
0.774312
0.775238
0.776181
0.777141
0.778117
0.779109
0.780117
0.781139
0.782178
0.78323
0.784298
0.785379
0.786475
0.787583
0.788705
0.78984
0.790988
0.792148
0.793319
0.794502
0.795697
0.796902
0.798117
0.799343
0.800578
0.801823
0.803076
0.804339
0.805609
0.806888
0.808173
0.809466
0.810766
0.812072
0.813384
0.814701
0.816023
0.81735
0.818682
0.820017
0.821356
0.822698
0.824042
0.825389
0.826737
0.828087
0.829438
0.830789
0.832141
0.833492
0.834842
0.836192
0.837539
0.838885
0.840229
0.841569
0.842907
0.844241
0.845571
0.846896
0.848217
0.849533
0.850843
0.852147
0.853446
0.854738
0.856023
0.857301
0.858572
0.859836
0.861092
0.86234
0.863581
0.864813
0.866038
0.867255
0.868464
0.869666
0.87086
0.872047
0.873228
0.874402
0.87557
0.876734
0.877893
0.879048
0.880201
0.881353
0.882504
0.883656
0.884809
0.885967
0.887129
0.888298
0.889475
0.890662
0.89186
0.893071
0.894296
0.895537
0.896795
0.89807
0.899363
0.900674
0.902002
0.903347
0.904705
0.906073
0.907449
0.908825
0.910195
0.911552
0.912884
0.91418
0.915427
0.916628
0.917774
0.918854
0.919856
0.92077
0.921584
0.922288
0.922871
0.923325
0.923641
0.923812
0.923834
0.923702
0.923414
0.92297
0.922373
0.921626
0.920738
0.919717
0.918577
0.917333
0.916005
0.914617
0.913195
0.911771
0.910378
0.909052
0.907831
0.906754
0.90586
0.905183
0.904756
0.904607
0.904757
0.90522
0.906003
0.907107
0.908523
0.910237
0.912227
0.914467
0.916926
0.919569
0.922361
0.925261
0.928233
0.931236
0.934233
0.937186
0.940059
0.94282
0.945435
0.947874
0.95011
0.952117
0.953869
0.955345
0.956523
0.957383
0.957906
0.958075
0.957873
0.95728
0.956282
0.954859
0.952994
0.950666
0.947853
0.944531
0.940673
0.936248
0.93122
0.925552
0.919199
0.912114
0.904243
0.895533
0.885929
0.875372
0.83438
0.834382
0.834408
0.834455
0.834525
0.834617
0.83473
0.834866
0.835024
0.835204
0.835407
0.835633
0.835882
0.836153
0.836448
0.836765
0.837105
0.837469
0.837856
0.838265
0.838698
0.839154
0.839632
0.840134
0.840659
0.841206
0.841775
0.842368
0.842982
0.843619
0.844278
0.844959
0.845662
0.846386
0.847132
0.847899
0.848687
0.849496
0.850325
0.851175
0.852045
0.852934
0.853844
0.854772
0.85572
0.856687
0.857672
0.858675
0.859697
0.860736
0.861792
0.862866
0.863956
0.865063
0.866186
0.867325
0.86848
0.869649
0.870833
0.872032
0.873245
0.874472
0.875712
0.876965
0.878231
0.879509
0.8808
0.882101
0.883415
0.884738
0.886073
0.887417
0.888772
0.890135
0.891507
0.892888
0.894277
0.895674
0.897078
0.898489
0.899907
0.901331
0.90276
0.904195
0.905634
0.907079
0.908527
0.909979
0.911434
0.912892
0.914353
0.915815
0.91728
0.918745
0.920212
0.921679
0.923146
0.924613
0.926079
0.927544
0.929008
0.93047
0.93193
0.933387
0.934842
0.936293
0.937742
0.939187
0.940627
0.942064
0.943497
0.944925
0.946348
0.947767
0.94918
0.950589
0.951993
0.953391
0.954785
0.956175
0.957559
0.95894
0.960316
0.961689
0.963059
0.964425
0.96579
0.967154
0.968517
0.96988
0.971244
0.97261
0.97398
0.975354
0.976733
0.97812
0.979515
0.98092
0.982335
0.983764
0.985206
0.986663
0.988137
0.989627
0.991136
0.992663
0.994208
0.995771
0.997351
0.998946
1.00055
1.00217
1.00379
1.00542
1.00703
1.00864
1.01021
1.01176
1.01326
1.01469
1.01606
1.01735
1.01855
1.01967
1.02068
1.02158
1.02236
1.02301
1.02352
1.02388
1.0241
1.02417
1.02408
1.02384
1.02345
1.02291
1.02222
1.0214
1.02044
1.01936
1.01818
1.0169
1.01555
1.01415
1.01273
1.01131
1.00992
1.00862
1.00742
1.00638
1.00552
1.00488
1.00448
1.00436
1.00453
1.00499
1.00576
1.00683
1.00818
1.00979
1.01165
1.01372
1.01598
1.01839
1.0209
1.0235
1.02613
1.02877
1.03137
1.03391
1.03635
1.03866
1.04081
1.04278
1.04454
1.04607
1.04734
1.04835
1.04906
1.04947
1.04955
1.0493
1.04869
1.04771
1.04635
1.0446
1.04243
1.03983
1.03678
1.03326
1.02926
1.02475
1.01969
1.01406
1.00784
1.00097
0.993432
0.985173
0.976155
0.966331
0.908955
0.908955
0.908982
0.909033
0.909108
0.909206
0.909328
0.909473
0.909643
0.909837
0.910055
0.910297
0.910564
0.910855
0.91117
0.91151
0.911874
0.912263
0.912676
0.913113
0.913575
0.914061
0.914571
0.915106
0.915665
0.916247
0.916854
0.917484
0.918138
0.918815
0.919515
0.920239
0.920985
0.921754
0.922546
0.92336
0.924196
0.925054
0.925933
0.926834
0.927756
0.928699
0.929663
0.930646
0.93165
0.932674
0.933717
0.934779
0.935861
0.93696
0.938078
0.939214
0.940368
0.941539
0.942727
0.943931
0.945152
0.946388
0.94764
0.948908
0.95019
0.951486
0.952797
0.954122
0.955459
0.95681
0.958174
0.959549
0.960937
0.962336
0.963746
0.965166
0.966597
0.968038
0.969488
0.970947
0.972415
0.973892
0.975376
0.976868
0.978367
0.979872
0.981384
0.982902
0.984425
0.985953
0.987486
0.989024
0.990565
0.99211
0.993658
0.995209
0.996763
0.998318
0.999875
1.00143
1.00299
1.00455
1.00611
1.00768
1.00924
1.0108
1.01236
1.01391
1.01547
1.01703
1.01858
1.02013
1.02168
1.02323
1.02478
1.02632
1.02786
1.0294
1.03093
1.03247
1.034
1.03553
1.03706
1.03859
1.04012
1.04164
1.04317
1.0447
1.04623
1.04776
1.04929
1.05083
1.05237
1.05392
1.05547
1.05703
1.0586
1.06018
1.06178
1.06338
1.065
1.06663
1.06829
1.06995
1.07164
1.07335
1.07507
1.07682
1.07858
1.08036
1.08216
1.08398
1.08581
1.08765
1.08949
1.09133
1.09317
1.09499
1.0968
1.09857
1.10029
1.10196
1.10357
1.10509
1.10652
1.10783
1.10904
1.11014
1.11111
1.11196
1.11266
1.11323
1.11365
1.11392
1.11405
1.11402
1.11386
1.11355
1.1131
1.11252
1.11182
1.11099
1.11004
1.10899
1.10784
1.10661
1.10532
1.10398
1.10262
1.10126
1.09995
1.09871
1.09759
1.09661
1.09582
1.09525
1.09492
1.09485
1.09507
1.09556
1.09634
1.0974
1.09871
1.10026
1.10202
1.10396
1.10604
1.10824
1.11051
1.11282
1.11513
1.1174
1.11962
1.12174
1.12373
1.12557
1.12724
1.12871
1.12996
1.13097
1.13173
1.13222
1.13243
1.13234
1.13194
1.13122
1.13016
1.12876
1.12701
1.12489
1.12239
1.11949
1.11619
1.11247
1.1083
1.10368
1.09858
1.09298
1.08685
1.08016
1.0729
1.06501
1.05648
1.04726
0.977161
0.97716
0.977187
0.97724
0.977317
0.97742
0.977547
0.9777
0.977878
0.978081
0.978309
0.978563
0.978843
0.979147
0.979478
0.979833
0.980215
0.980621
0.981054
0.981511
0.981994
0.982502
0.983036
0.983594
0.984177
0.984785
0.985418
0.986076
0.986758
0.987464
0.988194
0.988949
0.989727
0.990528
0.991353
0.992201
0.993071
0.993965
0.99488
0.995818
0.996778
0.997759
0.998762
0.999785
1.00083
1.00189
1.00298
1.00408
1.00521
1.00635
1.00751
1.00869
1.00989
1.01111
1.01234
1.0136
1.01486
1.01615
1.01745
1.01877
1.0201
1.02144
1.02281
1.02418
1.02557
1.02697
1.02839
1.02982
1.03126
1.03271
1.03418
1.03565
1.03714
1.03864
1.04014
1.04166
1.04318
1.04472
1.04626
1.04781
1.04937
1.05094
1.05251
1.05409
1.05567
1.05726
1.05886
1.06046
1.06206
1.06367
1.06529
1.06691
1.06853
1.07015
1.07178
1.07341
1.07504
1.07667
1.0783
1.07994
1.08158
1.08321
1.08485
1.08649
1.08813
1.08977
1.09141
1.09305
1.09469
1.09632
1.09796
1.0996
1.10124
1.10288
1.10452
1.10617
1.10781
1.10945
1.1111
1.11275
1.1144
1.11606
1.11772
1.11938
1.12105
1.12273
1.12442
1.12611
1.12781
1.12953
1.13126
1.133
1.13475
1.13652
1.13831
1.14011
1.14193
1.14378
1.14564
1.14752
1.14943
1.15136
1.15331
1.15528
1.15726
1.15927
1.16129
1.16332
1.16536
1.1674
1.16943
1.17146
1.17346
1.17544
1.17737
1.17926
1.18108
1.18283
1.18449
1.18605
1.18749
1.1888
1.18999
1.19104
1.19195
1.19272
1.19335
1.19384
1.19418
1.19438
1.19445
1.19439
1.1942
1.19389
1.19347
1.19294
1.1923
1.19156
1.19073
1.1898
1.18879
1.1877
1.18655
1.18535
1.18413
1.18291
1.18172
1.18061
1.17961
1.17875
1.17807
1.17762
1.1774
1.17744
1.17776
1.17834
1.1792
1.18031
1.18165
1.18319
1.18491
1.18677
1.18874
1.19077
1.19282
1.19486
1.19686
1.19879
1.2006
1.20228
1.2038
1.20514
1.20627
1.20719
1.20787
1.20831
1.2085
1.20841
1.20804
1.20739
1.20645
1.2052
1.20364
1.20176
1.19956
1.19702
1.19414
1.19091
1.18731
1.18333
1.17896
1.17419
1.169
1.16337
1.15728
1.15071
1.14363
1.13603
1.12788
1.11913
1.03947
1.03947
1.03949
1.03955
1.03962
1.03973
1.03986
1.04002
1.0402
1.04041
1.04064
1.0409
1.04119
1.04151
1.04184
1.04221
1.0426
1.04302
1.04347
1.04394
1.04443
1.04496
1.0455
1.04608
1.04668
1.0473
1.04795
1.04863
1.04933
1.05005
1.0508
1.05158
1.05238
1.0532
1.05404
1.05491
1.05581
1.05672
1.05766
1.05862
1.05961
1.06061
1.06164
1.06269
1.06376
1.06485
1.06596
1.0671
1.06825
1.06942
1.07061
1.07182
1.07305
1.0743
1.07556
1.07684
1.07814
1.07946
1.08079
1.08214
1.0835
1.08488
1.08628
1.08769
1.08911
1.09055
1.092
1.09346
1.09494
1.09643
1.09793
1.09944
1.10096
1.10249
1.10404
1.10559
1.10716
1.10873
1.11031
1.1119
1.1135
1.11511
1.11672
1.11834
1.11997
1.1216
1.12324
1.12489
1.12654
1.12819
1.12985
1.13152
1.13319
1.13486
1.13654
1.13822
1.1399
1.14159
1.14328
1.14497
1.14666
1.14836
1.15006
1.15176
1.15346
1.15517
1.15687
1.15858
1.16029
1.16201
1.16372
1.16544
1.16716
1.16889
1.17062
1.17235
1.17409
1.17583
1.17758
1.17933
1.18109
1.18286
1.18464
1.18642
1.18822
1.19003
1.19185
1.19368
1.19553
1.19739
1.19927
1.20117
1.20309
1.20503
1.20699
1.20898
1.21098
1.21301
1.21506
1.21714
1.21924
1.22136
1.22351
1.22567
1.22786
1.23005
1.23226
1.23447
1.23668
1.23889
1.24107
1.24324
1.24537
1.24746
1.24949
1.25145
1.25334
1.25513
1.25682
1.25838
1.25982
1.26111
1.26225
1.26325
1.26411
1.26482
1.2654
1.26584
1.26615
1.26633
1.26641
1.26638
1.26626
1.26605
1.26576
1.2654
1.26496
1.26444
1.26385
1.26318
1.26243
1.2616
1.26071
1.25976
1.25877
1.25776
1.25678
1.25586
1.25503
1.25435
1.25386
1.25358
1.25354
1.25377
1.25427
1.25503
1.25605
1.25729
1.25875
1.26036
1.26211
1.26394
1.26582
1.26769
1.26953
1.2713
1.27295
1.27447
1.27582
1.27699
1.27795
1.2787
1.27922
1.2795
1.27953
1.2793
1.27882
1.27807
1.27705
1.27576
1.27419
1.27235
1.27021
1.26779
1.26508
1.26207
1.25875
1.25511
1.25116
1.24688
1.24225
1.23727
1.23193
1.22621
1.22009
1.21356
1.2066
1.19919
1.19131
1.18293
1.09632
1.09631
1.09634
1.09639
1.09647
1.09657
1.09671
1.09686
1.09705
1.09726
1.0975
1.09776
1.09805
1.09837
1.09872
1.09909
1.09948
1.09991
1.10036
1.10084
1.10134
1.10187
1.10243
1.10301
1.10361
1.10425
1.10491
1.10559
1.1063
1.10704
1.1078
1.10858
1.10939
1.11022
1.11108
1.11196
1.11286
1.11379
1.11474
1.11572
1.11671
1.11773
1.11877
1.11984
1.12092
1.12202
1.12315
1.1243
1.12546
1.12665
1.12785
1.12908
1.13032
1.13159
1.13287
1.13416
1.13548
1.13681
1.13816
1.13953
1.14091
1.1423
1.14372
1.14514
1.14658
1.14804
1.14951
1.15099
1.15249
1.15399
1.15551
1.15705
1.15859
1.16015
1.16171
1.16329
1.16487
1.16647
1.16807
1.16969
1.17131
1.17294
1.17458
1.17622
1.17788
1.17954
1.1812
1.18288
1.18456
1.18624
1.18793
1.18963
1.19133
1.19303
1.19475
1.19646
1.19818
1.1999
1.20163
1.20336
1.2051
1.20684
1.20858
1.21033
1.21208
1.21383
1.21559
1.21736
1.21912
1.2209
1.22267
1.22446
1.22624
1.22804
1.22984
1.23165
1.23346
1.23529
1.23712
1.23897
1.24082
1.24269
1.24456
1.24646
1.24836
1.25028
1.25222
1.25418
1.25616
1.25816
1.26017
1.26222
1.26428
1.26637
1.26849
1.27063
1.27279
1.27499
1.27721
1.27946
1.28173
1.28402
1.28634
1.28867
1.29102
1.29338
1.29574
1.2981
1.30046
1.3028
1.30511
1.30739
1.30962
1.31179
1.31389
1.31591
1.31783
1.31965
1.32135
1.32292
1.32434
1.32562
1.32675
1.32771
1.32854
1.32923
1.3298
1.33024
1.33059
1.33084
1.33102
1.33113
1.3312
1.33122
1.33121
1.33116
1.33108
1.33096
1.33078
1.33055
1.33023
1.32984
1.32936
1.32879
1.32816
1.32748
1.32679
1.32613
1.32556
1.32513
1.32488
1.32485
1.32509
1.32559
1.32636
1.3274
1.32867
1.33015
1.33178
1.33352
1.33531
1.33712
1.33888
1.34055
1.34209
1.34348
1.34468
1.34566
1.34643
1.34695
1.34722
1.34725
1.34702
1.34653
1.34578
1.34478
1.34353
1.34202
1.34025
1.33824
1.33597
1.33345
1.33068
1.32765
1.32436
1.32082
1.31701
1.31292
1.30857
1.30393
1.29899
1.29376
1.28821
1.28234
1.27613
1.26957
1.26265
1.25535
1.24765
1.23953
1.14811
1.14811
1.14813
1.14818
1.14826
1.14836
1.14849
1.14865
1.14883
1.14905
1.14928
1.14955
1.14984
1.15016
1.1505
1.15087
1.15127
1.1517
1.15215
1.15263
1.15313
1.15366
1.15422
1.1548
1.15541
1.15604
1.1567
1.15739
1.1581
1.15884
1.1596
1.16038
1.16119
1.16203
1.16289
1.16377
1.16468
1.1656
1.16656
1.16753
1.16853
1.16955
1.1706
1.17166
1.17275
1.17385
1.17498
1.17613
1.1773
1.17849
1.17969
1.18092
1.18217
1.18343
1.18472
1.18602
1.18734
1.18867
1.19002
1.19139
1.19278
1.19418
1.1956
1.19703
1.19847
1.19993
1.20141
1.20289
1.20439
1.20591
1.20743
1.20897
1.21052
1.21208
1.21366
1.21524
1.21683
1.21844
1.22005
1.22167
1.2233
1.22494
1.22659
1.22825
1.22992
1.23159
1.23327
1.23495
1.23665
1.23835
1.24006
1.24177
1.24349
1.24521
1.24694
1.24868
1.25042
1.25217
1.25392
1.25568
1.25744
1.25921
1.26099
1.26277
1.26455
1.26634
1.26814
1.26995
1.27176
1.27357
1.2754
1.27723
1.27907
1.28092
1.28278
1.28465
1.28654
1.28843
1.29033
1.29225
1.29419
1.29614
1.2981
1.30009
1.30209
1.30411
1.30615
1.30822
1.31031
1.31242
1.31456
1.31673
1.31892
1.32114
1.3234
1.32568
1.32799
1.33033
1.33269
1.33509
1.33751
1.33995
1.34242
1.3449
1.34739
1.34989
1.35239
1.35488
1.35735
1.35981
1.36222
1.36459
1.36691
1.36915
1.37131
1.37337
1.37533
1.37717
1.37888
1.38046
1.38189
1.38317
1.38431
1.38529
1.38614
1.38686
1.38748
1.38801
1.38847
1.38889
1.38928
1.38967
1.39006
1.39048
1.39092
1.39139
1.39187
1.39237
1.39284
1.39327
1.39363
1.3939
1.39404
1.39406
1.39395
1.39373
1.39345
1.39315
1.3929
1.39277
1.39283
1.39313
1.39371
1.39457
1.39571
1.3971
1.3987
1.40044
1.40226
1.4041
1.40588
1.40755
1.40906
1.41037
1.41144
1.41225
1.41279
1.41304
1.41302
1.4127
1.41211
1.41124
1.4101
1.40871
1.40706
1.40517
1.40303
1.40067
1.39808
1.39527
1.39224
1.38899
1.38553
1.38185
1.37795
1.37383
1.36949
1.36493
1.36013
1.3551
1.34982
1.34429
1.3385
1.33244
1.32609
1.31945
1.31251
1.30525
1.29767
1.28974
1.19524
1.19523
1.19525
1.1953
1.19537
1.19548
1.1956
1.19576
1.19594
1.19615
1.19638
1.19664
1.19693
1.19725
1.19759
1.19795
1.19835
1.19877
1.19922
1.19969
1.20019
1.20071
1.20127
1.20184
1.20245
1.20308
1.20373
1.20441
1.20512
1.20585
1.2066
1.20738
1.20818
1.20901
1.20986
1.21074
1.21164
1.21256
1.21351
1.21447
1.21547
1.21648
1.21751
1.21857
1.21965
1.22075
1.22187
1.22301
1.22417
1.22535
1.22655
1.22777
1.22901
1.23026
1.23154
1.23283
1.23414
1.23547
1.23681
1.23818
1.23955
1.24095
1.24235
1.24378
1.24522
1.24667
1.24814
1.24962
1.25111
1.25262
1.25414
1.25567
1.25722
1.25877
1.26034
1.26192
1.26351
1.26511
1.26672
1.26834
1.26997
1.2716
1.27325
1.27491
1.27657
1.27825
1.27993
1.28162
1.28331
1.28502
1.28673
1.28845
1.29017
1.2919
1.29364
1.29539
1.29714
1.2989
1.30067
1.30244
1.30422
1.306
1.3078
1.3096
1.31141
1.31322
1.31505
1.31688
1.31872
1.32058
1.32244
1.32431
1.32619
1.32809
1.32999
1.33192
1.33385
1.3358
1.33777
1.33975
1.34175
1.34377
1.34581
1.34787
1.34995
1.35206
1.35419
1.35635
1.35854
1.36076
1.363
1.36528
1.36758
1.36992
1.37229
1.3747
1.37713
1.3796
1.38209
1.38462
1.38717
1.38974
1.39234
1.39495
1.39756
1.40018
1.4028
1.40541
1.40799
1.41054
1.41305
1.41551
1.4179
1.4202
1.42242
1.42454
1.42654
1.42841
1.43015
1.43176
1.43322
1.43453
1.43571
1.43676
1.43769
1.43851
1.43925
1.43995
1.44063
1.44132
1.44204
1.44283
1.44371
1.44469
1.44578
1.44698
1.44828
1.44966
1.45107
1.45248
1.45384
1.45508
1.45615
1.45703
1.45768
1.45811
1.45836
1.45851
1.45863
1.45884
1.45923
1.45987
1.46082
1.46208
1.46362
1.46538
1.46729
1.46925
1.47116
1.47293
1.47449
1.47579
1.47677
1.47743
1.47773
1.47768
1.47729
1.47656
1.47551
1.47415
1.4725
1.47058
1.4684
1.46597
1.46332
1.46045
1.45738
1.45411
1.45064
1.447
1.44318
1.43918
1.43501
1.43066
1.42614
1.42145
1.41658
1.41152
1.40628
1.40085
1.39521
1.38937
1.38332
1.37704
1.37053
1.36378
1.35678
1.34953
1.34201
1.33421
1.23805
1.23803
1.23805
1.2381
1.23817
1.23827
1.23839
1.23854
1.23872
1.23892
1.23915
1.2394
1.23968
1.23999
1.24033
1.24069
1.24107
1.24148
1.24192
1.24239
1.24288
1.24339
1.24393
1.2445
1.24509
1.24571
1.24635
1.24702
1.24771
1.24843
1.24917
1.24994
1.25073
1.25154
1.25238
1.25324
1.25413
1.25503
1.25596
1.25692
1.25789
1.25889
1.25991
1.26095
1.26201
1.26309
1.26419
1.26532
1.26646
1.26762
1.26881
1.27001
1.27123
1.27247
1.27373
1.275
1.27629
1.2776
1.27893
1.28027
1.28163
1.28301
1.2844
1.28581
1.28723
1.28866
1.29011
1.29158
1.29306
1.29455
1.29605
1.29757
1.2991
1.30064
1.30219
1.30375
1.30533
1.30691
1.30851
1.31012
1.31173
1.31336
1.315
1.31664
1.3183
1.31996
1.32163
1.32331
1.325
1.3267
1.32841
1.33012
1.33184
1.33357
1.33531
1.33705
1.33881
1.34057
1.34234
1.34412
1.3459
1.3477
1.3495
1.35131
1.35314
1.35497
1.35681
1.35866
1.36053
1.3624
1.36429
1.36619
1.3681
1.37003
1.37198
1.37394
1.37591
1.37791
1.37992
1.38196
1.38401
1.38609
1.38819
1.39032
1.39247
1.39465
1.39686
1.3991
1.40137
1.40368
1.40601
1.40838
1.41079
1.41323
1.4157
1.41821
1.42076
1.42333
1.42594
1.42858
1.43124
1.43393
1.43664
1.43936
1.44209
1.44482
1.44754
1.45025
1.45293
1.45558
1.45818
1.46072
1.46318
1.46556
1.46785
1.47002
1.47208
1.47401
1.47581
1.47747
1.47899
1.48037
1.48164
1.48279
1.48384
1.48483
1.48578
1.48671
1.48768
1.48873
1.48989
1.4912
1.4927
1.4944
1.49633
1.49849
1.50085
1.50341
1.50609
1.50885
1.51159
1.51422
1.51665
1.51878
1.52054
1.5219
1.52287
1.52354
1.52404
1.52453
1.52517
1.52607
1.52729
1.52885
1.53068
1.5327
1.53475
1.53669
1.53839
1.53976
1.54073
1.54126
1.54134
1.54097
1.54017
1.53896
1.53737
1.53542
1.53315
1.53059
1.52776
1.52468
1.52138
1.51787
1.51418
1.51032
1.50629
1.50212
1.4978
1.49334
1.48875
1.48403
1.47918
1.4742
1.46909
1.46385
1.45847
1.45295
1.44729
1.44147
1.4355
1.42937
1.42306
1.41657
1.4099
1.40303
1.39596
1.38869
1.38121
1.37351
1.27686
1.27685
1.27686
1.2769
1.27697
1.27706
1.27718
1.27733
1.27749
1.27769
1.27791
1.27816
1.27843
1.27873
1.27905
1.2794
1.27977
1.28017
1.2806
1.28105
1.28153
1.28203
1.28255
1.2831
1.28368
1.28428
1.28491
1.28556
1.28623
1.28693
1.28765
1.2884
1.28917
1.28996
1.29078
1.29162
1.29248
1.29337
1.29428
1.29521
1.29616
1.29713
1.29813
1.29914
1.30018
1.30124
1.30232
1.30342
1.30454
1.30567
1.30683
1.30801
1.3092
1.31042
1.31165
1.3129
1.31416
1.31545
1.31675
1.31807
1.3194
1.32075
1.32212
1.3235
1.32489
1.3263
1.32773
1.32917
1.33062
1.33209
1.33357
1.33506
1.33656
1.33808
1.33961
1.34115
1.3427
1.34427
1.34584
1.34743
1.34902
1.35063
1.35225
1.35387
1.35551
1.35715
1.35881
1.36047
1.36215
1.36383
1.36552
1.36722
1.36893
1.37065
1.37238
1.37412
1.37586
1.37762
1.37939
1.38116
1.38294
1.38474
1.38654
1.38836
1.39019
1.39203
1.39388
1.39574
1.39762
1.39951
1.40141
1.40333
1.40527
1.40722
1.40919
1.41118
1.41319
1.41522
1.41728
1.41935
1.42145
1.42358
1.42573
1.42791
1.43012
1.43237
1.43464
1.43695
1.43929
1.44167
1.44408
1.44653
1.44902
1.45154
1.45411
1.45671
1.45934
1.46202
1.46472
1.46746
1.47022
1.47301
1.47582
1.47864
1.48147
1.4843
1.48712
1.48992
1.49269
1.49543
1.49812
1.50074
1.50329
1.50575
1.50811
1.51037
1.5125
1.51451
1.51638
1.51813
1.51974
1.52123
1.52262
1.52391
1.52513
1.52632
1.52751
1.52873
1.53005
1.53151
1.53316
1.53506
1.53725
1.53977
1.54266
1.54592
1.54955
1.55352
1.55778
1.56224
1.5668
1.57131
1.57562
1.57955
1.58295
1.58567
1.58768
1.58901
1.58985
1.59045
1.59107
1.59189
1.59302
1.59448
1.59622
1.59809
1.59987
1.60133
1.60234
1.6028
1.60269
1.60202
1.60082
1.59912
1.59696
1.5944
1.59146
1.58821
1.58466
1.58086
1.57685
1.57264
1.56826
1.56372
1.55906
1.55427
1.54937
1.54437
1.53927
1.53409
1.52881
1.52345
1.518
1.51247
1.50684
1.50112
1.4953
1.48938
1.48335
1.4772
1.47094
1.46454
1.45802
1.45135
1.44453
1.43756
1.43044
1.42315
1.41571
1.40811
1.312
1.31198
1.31199
1.31202
1.31209
1.31217
1.31228
1.31242
1.31258
1.31277
1.31298
1.31321
1.31347
1.31376
1.31407
1.3144
1.31476
1.31515
1.31556
1.31599
1.31645
1.31693
1.31744
1.31797
1.31853
1.31911
1.31971
1.32034
1.32099
1.32166
1.32236
1.32308
1.32383
1.3246
1.32539
1.3262
1.32704
1.32789
1.32877
1.32967
1.3306
1.33154
1.33251
1.33349
1.3345
1.33553
1.33657
1.33764
1.33873
1.33983
1.34096
1.3421
1.34327
1.34445
1.34565
1.34686
1.3481
1.34935
1.35062
1.3519
1.3532
1.35452
1.35585
1.3572
1.35857
1.35994
1.36134
1.36274
1.36417
1.3656
1.36705
1.36851
1.36998
1.37147
1.37297
1.37448
1.376
1.37754
1.37909
1.38064
1.38221
1.38379
1.38538
1.38698
1.38859
1.39022
1.39185
1.39349
1.39514
1.3968
1.39848
1.40016
1.40185
1.40355
1.40526
1.40699
1.40872
1.41046
1.41222
1.41398
1.41576
1.41754
1.41934
1.42116
1.42298
1.42482
1.42667
1.42854
1.43042
1.43232
1.43423
1.43616
1.43811
1.44008
1.44207
1.44408
1.44612
1.44817
1.45026
1.45236
1.4545
1.45666
1.45886
1.46108
1.46334
1.46563
1.46795
1.47032
1.47272
1.47515
1.47763
1.48015
1.4827
1.4853
1.48794
1.49062
1.49333
1.49608
1.49887
1.50169
1.50454
1.50742
1.51031
1.51322
1.51614
1.51905
1.52196
1.52485
1.52772
1.53054
1.53331
1.53602
1.53866
1.54121
1.54366
1.54601
1.54823
1.55034
1.55232
1.55417
1.55591
1.55753
1.55905
1.56051
1.56191
1.56332
1.56475
1.56627
1.56793
1.5698
1.57193
1.57439
1.57725
1.58056
1.58439
1.58875
1.59367
1.59913
1.60509
1.61146
1.61814
1.62494
1.63165
1.638
1.64369
1.64841
1.65189
1.65404
1.65508
1.65535
1.6553
1.65521
1.6553
1.65569
1.65644
1.65744
1.65838
1.65899
1.65896
1.65825
1.65687
1.65487
1.65232
1.64927
1.64579
1.64193
1.63776
1.63331
1.62863
1.62375
1.61871
1.61353
1.60823
1.60284
1.59736
1.59181
1.5862
1.58053
1.57481
1.56904
1.56321
1.55734
1.55142
1.54544
1.53941
1.53331
1.52715
1.52092
1.51461
1.50821
1.50172
1.49514
1.48845
1.48165
1.47474
1.46771
1.46056
1.45329
1.44591
1.43841
1.34373
1.34371
1.34372
1.34375
1.3438
1.34388
1.34399
1.34411
1.34426
1.34444
1.34464
1.34486
1.34511
1.34538
1.34567
1.34599
1.34633
1.3467
1.34709
1.3475
1.34794
1.3484
1.34889
1.34939
1.34993
1.35048
1.35106
1.35166
1.35228
1.35293
1.3536
1.35429
1.35501
1.35574
1.3565
1.35728
1.35809
1.35891
1.35976
1.36062
1.36151
1.36242
1.36335
1.3643
1.36527
1.36627
1.36728
1.36831
1.36936
1.37043
1.37151
1.37262
1.37375
1.37489
1.37605
1.37723
1.37842
1.37964
1.38087
1.38211
1.38338
1.38466
1.38595
1.38726
1.38859
1.38993
1.39128
1.39265
1.39403
1.39543
1.39684
1.39827
1.39971
1.40116
1.40262
1.4041
1.40559
1.40709
1.4086
1.41013
1.41166
1.41321
1.41477
1.41634
1.41792
1.41951
1.42111
1.42273
1.42435
1.42599
1.42764
1.42929
1.43096
1.43264
1.43433
1.43603
1.43775
1.43947
1.44121
1.44296
1.44472
1.44649
1.44828
1.45009
1.4519
1.45373
1.45558
1.45744
1.45932
1.46122
1.46314
1.46508
1.46703
1.46901
1.47101
1.47303
1.47508
1.47716
1.47926
1.48139
1.48355
1.48574
1.48796
1.49022
1.49251
1.49484
1.49721
1.49961
1.50206
1.50454
1.50707
1.50964
1.51225
1.5149
1.5176
1.52034
1.52312
1.52594
1.52879
1.53168
1.5346
1.53754
1.54051
1.54349
1.54649
1.54948
1.55247
1.55544
1.55838
1.56129
1.56414
1.56694
1.56967
1.57231
1.57486
1.5773
1.57963
1.58185
1.58394
1.58592
1.58778
1.58955
1.59122
1.59284
1.59443
1.59602
1.59768
1.59945
1.60139
1.60357
1.60608
1.60898
1.61235
1.61627
1.6208
1.62602
1.63195
1.6386
1.64597
1.65398
1.66251
1.67137
1.68031
1.68897
1.69691
1.70361
1.70857
1.71154
1.71215
1.7108
1.70863
1.7062
1.70409
1.70268
1.70213
1.70229
1.70264
1.7027
1.70218
1.70089
1.69884
1.69609
1.69271
1.6888
1.68444
1.67971
1.67467
1.66939
1.66391
1.65827
1.65251
1.64665
1.64072
1.63473
1.62869
1.62262
1.61651
1.61039
1.60424
1.59807
1.59188
1.58567
1.57943
1.57317
1.56687
1.56053
1.55414
1.54771
1.54122
1.53467
1.52805
1.52136
1.51459
1.50773
1.50079
1.49375
1.48663
1.47942
1.47212
1.46475
1.37234
1.37231
1.37232
1.37235
1.37239
1.37247
1.37256
1.37268
1.37282
1.37298
1.37317
1.37337
1.37361
1.37386
1.37414
1.37444
1.37476
1.3751
1.37547
1.37586
1.37628
1.37671
1.37717
1.37765
1.37816
1.37868
1.37923
1.3798
1.38039
1.38101
1.38165
1.3823
1.38298
1.38369
1.38441
1.38516
1.38592
1.38671
1.38752
1.38835
1.3892
1.39007
1.39096
1.39187
1.3928
1.39375
1.39472
1.39571
1.39672
1.39774
1.39879
1.39985
1.40094
1.40204
1.40316
1.40429
1.40545
1.40662
1.4078
1.40901
1.41023
1.41146
1.41271
1.41398
1.41527
1.41656
1.41788
1.41921
1.42055
1.4219
1.42327
1.42466
1.42606
1.42747
1.42889
1.43033
1.43178
1.43324
1.43472
1.43621
1.4377
1.43922
1.44074
1.44228
1.44382
1.44538
1.44695
1.44853
1.45013
1.45173
1.45335
1.45498
1.45662
1.45827
1.45993
1.46161
1.4633
1.465
1.46672
1.46845
1.47019
1.47195
1.47372
1.47551
1.47731
1.47913
1.48097
1.48282
1.48469
1.48658
1.4885
1.49043
1.49239
1.49437
1.49637
1.4984
1.50045
1.50254
1.50465
1.50679
1.50897
1.51118
1.51342
1.5157
1.51801
1.52037
1.52276
1.5252
1.52767
1.53019
1.53276
1.53536
1.53801
1.54071
1.54345
1.54623
1.54906
1.55193
1.55483
1.55777
1.56074
1.56375
1.56677
1.56981
1.57286
1.57592
1.57897
1.58201
1.58502
1.588
1.59093
1.59381
1.59662
1.59935
1.60199
1.60453
1.60697
1.60929
1.6115
1.6136
1.61559
1.61748
1.6193
1.62106
1.62279
1.62454
1.62634
1.62827
1.63038
1.63273
1.63542
1.63852
1.64211
1.64628
1.65112
1.65668
1.66303
1.67018
1.67813
1.68683
1.69617
1.70595
1.71587
1.72554
1.73441
1.74185
1.74724
1.75025
1.75018
1.74743
1.74343
1.73906
1.73524
1.73259
1.73124
1.73096
1.7311
1.73102
1.73052
1.72927
1.7272
1.72434
1.72077
1.7166
1.71193
1.70685
1.70146
1.69581
1.68997
1.68398
1.67788
1.67171
1.66547
1.6592
1.6529
1.64658
1.64025
1.63392
1.62758
1.62123
1.61487
1.60851
1.60214
1.59574
1.58933
1.5829
1.57643
1.56992
1.56338
1.55678
1.55014
1.54343
1.53666
1.52983
1.52293
1.51596
1.50892
1.50182
1.49467
1.48747
1.39808
1.39805
1.39805
1.39807
1.39812
1.39818
1.39827
1.39837
1.3985
1.39865
1.39882
1.39901
1.39923
1.39946
1.39972
1.4
1.4003
1.40062
1.40096
1.40133
1.40172
1.40213
1.40256
1.40301
1.40348
1.40398
1.40449
1.40503
1.40559
1.40617
1.40677
1.40739
1.40803
1.4087
1.40938
1.41009
1.41082
1.41156
1.41233
1.41312
1.41392
1.41475
1.4156
1.41647
1.41735
1.41826
1.41918
1.42013
1.42109
1.42207
1.42307
1.42409
1.42513
1.42618
1.42725
1.42834
1.42945
1.43058
1.43172
1.43287
1.43405
1.43524
1.43644
1.43767
1.4389
1.44016
1.44143
1.44271
1.44401
1.44532
1.44664
1.44799
1.44934
1.45071
1.45209
1.45348
1.45489
1.45631
1.45775
1.4592
1.46066
1.46213
1.46361
1.46511
1.46662
1.46814
1.46968
1.47122
1.47278
1.47435
1.47594
1.47753
1.47914
1.48076
1.4824
1.48405
1.48571
1.48738
1.48907
1.49078
1.4925
1.49423
1.49598
1.49775
1.49953
1.50134
1.50316
1.505
1.50686
1.50874
1.51064
1.51256
1.51451
1.51648
1.51848
1.52051
1.52256
1.52465
1.52676
1.52891
1.53109
1.53331
1.53556
1.53785
1.54017
1.54254
1.54495
1.5474
1.5499
1.55244
1.55502
1.55765
1.56033
1.56305
1.56581
1.56863
1.57148
1.57438
1.57731
1.58029
1.5833
1.58633
1.5894
1.59248
1.59557
1.59867
1.60177
1.60485
1.60792
1.61095
1.61395
1.61689
1.61977
1.62257
1.62529
1.62792
1.63044
1.63286
1.63517
1.63737
1.63947
1.64147
1.64338
1.64524
1.64706
1.64889
1.65076
1.65273
1.65485
1.65719
1.65982
1.66282
1.66628
1.67026
1.67486
1.68013
1.68613
1.6929
1.70043
1.70868
1.71754
1.72682
1.73625
1.74544
1.75387
1.76093
1.766
1.76877
1.76851
1.7656
1.76144
1.75693
1.75298
1.75019
1.74871
1.74827
1.74826
1.74805
1.74745
1.74614
1.74402
1.74114
1.73757
1.73342
1.72877
1.72373
1.71837
1.71276
1.70696
1.70102
1.69497
1.68884
1.68265
1.67642
1.67016
1.66389
1.6576
1.6513
1.645
1.6387
1.63238
1.62606
1.61973
1.61339
1.60702
1.60064
1.59423
1.58778
1.5813
1.57478
1.56821
1.56159
1.55492
1.5482
1.54142
1.53459
1.52771
1.52078
1.51382
1.50685
1.4212
1.42117
1.42116
1.42118
1.42121
1.42127
1.42134
1.42144
1.42155
1.42169
1.42184
1.42202
1.42222
1.42243
1.42267
1.42292
1.4232
1.4235
1.42382
1.42415
1.42451
1.42489
1.42529
1.42571
1.42615
1.42661
1.42709
1.4276
1.42812
1.42866
1.42922
1.42981
1.43041
1.43103
1.43168
1.43234
1.43302
1.43373
1.43445
1.43519
1.43595
1.43674
1.43754
1.43836
1.4392
1.44006
1.44093
1.44183
1.44275
1.44368
1.44463
1.4456
1.44659
1.44759
1.44862
1.44966
1.45072
1.45179
1.45288
1.45399
1.45512
1.45626
1.45742
1.45859
1.45978
1.46099
1.46221
1.46344
1.46469
1.46596
1.46724
1.46853
1.46984
1.47116
1.4725
1.47385
1.47522
1.47659
1.47798
1.47939
1.48081
1.48224
1.48368
1.48514
1.48661
1.48809
1.48959
1.49109
1.49262
1.49415
1.4957
1.49726
1.49883
1.50042
1.50203
1.50364
1.50527
1.50692
1.50858
1.51025
1.51195
1.51365
1.51538
1.51712
1.51888
1.52066
1.52246
1.52428
1.52612
1.52798
1.52987
1.53178
1.53371
1.53567
1.53766
1.53968
1.54172
1.5438
1.5459
1.54805
1.55022
1.55243
1.55468
1.55697
1.5593
1.56166
1.56408
1.56653
1.56903
1.57157
1.57416
1.5768
1.57948
1.58221
1.58499
1.58781
1.59067
1.59358
1.59653
1.59952
1.60254
1.60559
1.60867
1.61177
1.61488
1.618
1.62112
1.62423
1.62733
1.6304
1.63343
1.63641
1.63933
1.64219
1.64496
1.64765
1.65024
1.65273
1.65511
1.65738
1.65954
1.6616
1.66357
1.66547
1.66732
1.66913
1.67096
1.67285
1.67483
1.67696
1.67931
1.68194
1.68491
1.6883
1.69215
1.69653
1.70148
1.70701
1.71314
1.7198
1.72691
1.73433
1.74184
1.74912
1.75581
1.76142
1.76549
1.7678
1.76793
1.76618
1.76365
1.76086
1.75837
1.75658
1.75562
1.75533
1.75526
1.75494
1.75411
1.7526
1.75039
1.74753
1.7441
1.74018
1.73584
1.73115
1.72617
1.72096
1.71556
1.71001
1.70434
1.69858
1.69275
1.68686
1.68092
1.67495
1.66895
1.66293
1.65688
1.65082
1.64474
1.63865
1.63253
1.62639
1.62023
1.61404
1.60781
1.60156
1.59526
1.58892
1.58254
1.57611
1.56963
1.5631
1.55653
1.54991
1.54325
1.53657
1.52987
1.52317
1.44193
1.44189
1.44188
1.44189
1.44192
1.44197
1.44203
1.44211
1.44221
1.44233
1.44247
1.44263
1.44281
1.443
1.44322
1.44345
1.4437
1.44397
1.44426
1.44457
1.4449
1.44525
1.44561
1.446
1.44641
1.44683
1.44728
1.44774
1.44822
1.44873
1.44925
1.44979
1.45035
1.45093
1.45153
1.45215
1.45279
1.45345
1.45412
1.45482
1.45553
1.45627
1.45702
1.45779
1.45858
1.45939
1.46022
1.46107
1.46193
1.46282
1.46372
1.46464
1.46557
1.46653
1.4675
1.46849
1.4695
1.47052
1.47157
1.47262
1.4737
1.47479
1.4759
1.47702
1.47816
1.47932
1.48049
1.48167
1.48288
1.48409
1.48533
1.48657
1.48783
1.48911
1.4904
1.4917
1.49302
1.49436
1.4957
1.49706
1.49844
1.49982
1.50122
1.50264
1.50407
1.50551
1.50696
1.50843
1.50991
1.51141
1.51292
1.51444
1.51598
1.51753
1.5191
1.52068
1.52228
1.52389
1.52552
1.52716
1.52882
1.5305
1.53219
1.53391
1.53564
1.53739
1.53917
1.54096
1.54278
1.54461
1.54648
1.54836
1.55028
1.55222
1.55418
1.55618
1.55821
1.56027
1.56236
1.56448
1.56664
1.56884
1.57107
1.57335
1.57566
1.57802
1.58042
1.58286
1.58535
1.58788
1.59046
1.59308
1.59576
1.59847
1.60124
1.60405
1.6069
1.6098
1.61274
1.61572
1.61873
1.62177
1.62484
1.62793
1.63104
1.63415
1.63727
1.64038
1.64348
1.64655
1.64959
1.65258
1.65552
1.65839
1.66119
1.6639
1.66652
1.66904
1.67144
1.67374
1.67592
1.678
1.67997
1.68184
1.68363
1.68537
1.68706
1.68876
1.69047
1.69226
1.69416
1.69621
1.69846
1.70096
1.70375
1.70686
1.7103
1.71409
1.7182
1.72259
1.72719
1.73186
1.73646
1.74079
1.74463
1.74772
1.74988
1.75101
1.75132
1.75104
1.75052
1.74997
1.74954
1.74933
1.74942
1.74971
1.74993
1.74984
1.7492
1.74796
1.74614
1.7438
1.74097
1.73771
1.73408
1.73012
1.72589
1.72141
1.71673
1.71187
1.70687
1.70175
1.69652
1.69121
1.68582
1.68037
1.67487
1.66931
1.66371
1.65807
1.6524
1.64668
1.64093
1.63514
1.62931
1.62344
1.61752
1.61157
1.60556
1.59951
1.59341
1.58726
1.58106
1.57481
1.56852
1.56218
1.55582
1.54943
1.54304
1.53667
1.46049
1.46045
1.46043
1.46044
1.46046
1.46049
1.46055
1.46062
1.4607
1.46081
1.46093
1.46107
1.46122
1.4614
1.46159
1.4618
1.46202
1.46227
1.46253
1.46281
1.4631
1.46342
1.46375
1.4641
1.46447
1.46486
1.46527
1.46569
1.46613
1.4666
1.46708
1.46757
1.46809
1.46863
1.46918
1.46975
1.47035
1.47096
1.47159
1.47223
1.4729
1.47358
1.47429
1.47501
1.47575
1.47651
1.47729
1.47808
1.47889
1.47973
1.48058
1.48144
1.48233
1.48323
1.48415
1.48509
1.48604
1.48702
1.48801
1.48901
1.49004
1.49108
1.49213
1.49321
1.4943
1.4954
1.49652
1.49766
1.49881
1.49998
1.50116
1.50236
1.50357
1.5048
1.50604
1.5073
1.50857
1.50986
1.51116
1.51247
1.5138
1.51514
1.5165
1.51787
1.51925
1.52065
1.52206
1.52349
1.52493
1.52638
1.52785
1.52934
1.53084
1.53235
1.53388
1.53542
1.53698
1.53856
1.54015
1.54176
1.54338
1.54503
1.54669
1.54837
1.55007
1.55179
1.55353
1.55529
1.55708
1.55889
1.56072
1.56258
1.56446
1.56637
1.56831
1.57028
1.57228
1.57431
1.57638
1.57848
1.58061
1.58278
1.58499
1.58724
1.58953
1.59186
1.59423
1.59664
1.5991
1.60161
1.60416
1.60675
1.6094
1.61208
1.61482
1.6176
1.62042
1.62328
1.62619
1.62913
1.63211
1.63511
1.63815
1.6412
1.64427
1.64736
1.65044
1.65352
1.65658
1.65963
1.66264
1.6656
1.66852
1.67137
1.67415
1.67685
1.67945
1.68195
1.68434
1.68661
1.68876
1.6908
1.6927
1.6945
1.69618
1.69776
1.69925
1.70068
1.70206
1.70342
1.70478
1.70617
1.70762
1.70916
1.71079
1.71255
1.71444
1.71644
1.71853
1.72069
1.72284
1.72491
1.72682
1.72846
1.72975
1.73063
1.73107
1.73115
1.73099
1.73079
1.7307
1.73083
1.7312
1.73179
1.73257
1.73342
1.73415
1.73459
1.73462
1.73418
1.73327
1.73188
1.73006
1.72782
1.72521
1.72226
1.71901
1.71549
1.71174
1.70778
1.70364
1.69934
1.6949
1.69034
1.68567
1.68089
1.67603
1.6711
1.66608
1.661
1.65585
1.65065
1.64538
1.64005
1.63467
1.62922
1.62372
1.61816
1.61254
1.60687
1.60114
1.59535
1.5895
1.58361
1.57766
1.57168
1.56567
1.55964
1.5536
1.54758
1.47709
1.47705
1.47703
1.47703
1.47704
1.47706
1.4771
1.47716
1.47723
1.47732
1.47743
1.47755
1.47768
1.47783
1.478
1.47818
1.47838
1.47859
1.47883
1.47907
1.47934
1.47962
1.47992
1.48023
1.48057
1.48092
1.48128
1.48167
1.48207
1.48249
1.48293
1.48338
1.48385
1.48434
1.48485
1.48538
1.48592
1.48648
1.48706
1.48766
1.48828
1.48891
1.48956
1.49023
1.49092
1.49163
1.49235
1.4931
1.49386
1.49464
1.49543
1.49625
1.49708
1.49793
1.4988
1.49968
1.50059
1.50151
1.50244
1.5034
1.50437
1.50536
1.50636
1.50738
1.50842
1.50947
1.51054
1.51163
1.51273
1.51385
1.51498
1.51613
1.51729
1.51847
1.51966
1.52087
1.5221
1.52333
1.52459
1.52586
1.52714
1.52843
1.52974
1.53107
1.53241
1.53376
1.53513
1.53651
1.53791
1.53932
1.54075
1.54219
1.54365
1.54512
1.54661
1.54811
1.54963
1.55117
1.55272
1.55429
1.55587
1.55748
1.5591
1.56075
1.56241
1.56409
1.5658
1.56752
1.56927
1.57104
1.57284
1.57466
1.57651
1.57838
1.58029
1.58222
1.58418
1.58618
1.58821
1.59027
1.59236
1.5945
1.59667
1.59887
1.60112
1.60341
1.60574
1.60811
1.61053
1.61299
1.61549
1.61804
1.62063
1.62327
1.62595
1.62868
1.63144
1.63425
1.6371
1.63998
1.64289
1.64584
1.64881
1.6518
1.6548
1.65782
1.66083
1.66385
1.66684
1.66982
1.67277
1.67567
1.67852
1.68131
1.68403
1.68666
1.6892
1.69164
1.69396
1.69616
1.69823
1.70017
1.70197
1.70363
1.70515
1.70653
1.70778
1.70891
1.70992
1.71083
1.71166
1.7124
1.71309
1.71373
1.71432
1.71488
1.71541
1.71589
1.71632
1.71668
1.71693
1.71705
1.717
1.71676
1.71632
1.71569
1.71491
1.71407
1.71325
1.71257
1.71213
1.71196
1.71209
1.71249
1.71307
1.71379
1.71454
1.71519
1.71564
1.71582
1.71566
1.71514
1.71426
1.71301
1.71142
1.7095
1.70728
1.70478
1.70203
1.69904
1.69584
1.69245
1.68889
1.68517
1.6813
1.67731
1.67319
1.66896
1.66463
1.6602
1.65568
1.65107
1.64638
1.6416
1.63675
1.63181
1.6268
1.62172
1.61657
1.61134
1.60604
1.60068
1.59526
1.58978
1.58424
1.57867
1.57306
1.56742
1.56178
1.55616
1.49194
1.49189
1.49187
1.49186
1.49186
1.49188
1.49191
1.49195
1.49201
1.49208
1.49217
1.49227
1.49238
1.49251
1.49265
1.49281
1.49298
1.49317
1.49337
1.49358
1.49382
1.49406
1.49432
1.4946
1.4949
1.49521
1.49553
1.49588
1.49624
1.49661
1.49701
1.49741
1.49784
1.49828
1.49874
1.49922
1.49972
1.50023
1.50076
1.50131
1.50187
1.50246
1.50306
1.50368
1.50431
1.50497
1.50564
1.50633
1.50704
1.50776
1.50851
1.50927
1.51005
1.51084
1.51166
1.51249
1.51334
1.51421
1.51509
1.51599
1.51691
1.51785
1.5188
1.51977
1.52075
1.52175
1.52277
1.52381
1.52486
1.52593
1.52701
1.52811
1.52922
1.53035
1.53149
1.53265
1.53383
1.53502
1.53622
1.53744
1.53868
1.53993
1.54119
1.54247
1.54376
1.54507
1.54639
1.54773
1.54908
1.55045
1.55183
1.55323
1.55464
1.55607
1.55751
1.55897
1.56045
1.56194
1.56345
1.56498
1.56652
1.56808
1.56966
1.57126
1.57288
1.57452
1.57619
1.57787
1.57957
1.5813
1.58306
1.58483
1.58664
1.58847
1.59033
1.59221
1.59413
1.59608
1.59806
1.60007
1.60212
1.6042
1.60632
1.60847
1.61067
1.6129
1.61517
1.61749
1.61984
1.62224
1.62468
1.62716
1.62968
1.63225
1.63486
1.6375
1.64019
1.64292
1.64568
1.64847
1.6513
1.65415
1.65703
1.65992
1.66283
1.66575
1.66866
1.67157
1.67447
1.67734
1.68018
1.68298
1.68573
1.68841
1.69102
1.69355
1.69598
1.69831
1.70052
1.7026
1.70454
1.70634
1.70799
1.70948
1.7108
1.71196
1.71295
1.71377
1.71442
1.71491
1.71525
1.71542
1.71545
1.71534
1.71508
1.71469
1.71416
1.71349
1.71268
1.71172
1.71063
1.70938
1.70799
1.70647
1.70485
1.70316
1.70146
1.6998
1.69826
1.69691
1.69581
1.695
1.69449
1.69427
1.6943
1.69451
1.69488
1.69532
1.69576
1.69611
1.6963
1.6963
1.69606
1.69556
1.69478
1.69374
1.69242
1.69085
1.68902
1.68696
1.68468
1.6822
1.67951
1.67665
1.67362
1.67044
1.6671
1.66363
1.66003
1.6563
1.65246
1.6485
1.64443
1.64027
1.636
1.63163
1.62717
1.62262
1.61799
1.61326
1.60846
1.60358
1.59863
1.59361
1.58853
1.5834
1.57823
1.57303
1.56783
1.56263
1.50523
1.50518
1.50515
1.50514
1.50513
1.50514
1.50516
1.50519
1.50523
1.50528
1.50535
1.50543
1.50552
1.50563
1.50574
1.50587
1.50602
1.50617
1.50634
1.50653
1.50673
1.50694
1.50716
1.50741
1.50766
1.50793
1.50822
1.50852
1.50884
1.50917
1.50952
1.50988
1.51026
1.51066
1.51107
1.5115
1.51194
1.51241
1.51289
1.51338
1.5139
1.51443
1.51498
1.51555
1.51613
1.51673
1.51735
1.51799
1.51864
1.51931
1.52001
1.52071
1.52144
1.52218
1.52294
1.52372
1.52452
1.52533
1.52616
1.52701
1.52788
1.52876
1.52966
1.53057
1.53151
1.53246
1.53342
1.53441
1.53541
1.53642
1.53745
1.5385
1.53957
1.54064
1.54174
1.54285
1.54398
1.54512
1.54627
1.54744
1.54863
1.54983
1.55105
1.55228
1.55352
1.55478
1.55606
1.55735
1.55865
1.55997
1.56131
1.56266
1.56402
1.5654
1.5668
1.56821
1.56964
1.57109
1.57255
1.57403
1.57553
1.57704
1.57857
1.58013
1.5817
1.58329
1.5849
1.58654
1.58819
1.58987
1.59157
1.5933
1.59505
1.59683
1.59863
1.60046
1.60232
1.60421
1.60614
1.60809
1.61007
1.61209
1.61414
1.61623
1.61836
1.62052
1.62272
1.62496
1.62723
1.62955
1.63191
1.6343
1.63674
1.63921
1.64172
1.64427
1.64686
1.64948
1.65213
1.65481
1.65752
1.66026
1.66301
1.66578
1.66856
1.67134
1.67413
1.6769
1.67966
1.68239
1.68509
1.68774
1.69035
1.69289
1.69535
1.69773
1.70001
1.70218
1.70423
1.70615
1.70793
1.70955
1.71101
1.7123
1.71341
1.71433
1.71505
1.71558
1.7159
1.71602
1.71594
1.71564
1.71514
1.71444
1.71354
1.71244
1.71114
1.70965
1.70798
1.70613
1.70412
1.70196
1.69967
1.69728
1.69483
1.69236
1.68992
1.68755
1.68533
1.68329
1.68149
1.67996
1.67873
1.67779
1.67714
1.67673
1.67654
1.67654
1.67667
1.67688
1.67709
1.67725
1.67731
1.67724
1.677
1.67657
1.67594
1.6751
1.67404
1.67278
1.67131
1.66964
1.66777
1.66572
1.66349
1.66108
1.65852
1.6558
1.65292
1.64991
1.64676
1.64347
1.64006
1.63653
1.63288
1.62911
1.62524
1.62125
1.61717
1.61299
1.60871
1.60435
1.5999
1.59538
1.59079
1.58614
1.58144
1.57671
1.57195
1.5672
1.51715
1.51709
1.51706
1.51704
1.51702
1.51702
1.51703
1.51704
1.51707
1.51711
1.51716
1.51722
1.51728
1.51737
1.51746
1.51756
1.51768
1.5178
1.51794
1.51809
1.51826
1.51844
1.51863
1.51883
1.51905
1.51928
1.51952
1.51978
1.52005
1.52034
1.52064
1.52096
1.5213
1.52164
1.52201
1.52239
1.52279
1.5232
1.52363
1.52408
1.52454
1.52502
1.52552
1.52603
1.52656
1.52711
1.52768
1.52826
1.52886
1.52948
1.53012
1.53077
1.53145
1.53214
1.53284
1.53357
1.53431
1.53507
1.53585
1.53664
1.53746
1.53829
1.53913
1.54
1.54088
1.54178
1.54269
1.54362
1.54457
1.54553
1.54651
1.54751
1.54852
1.54955
1.5506
1.55166
1.55273
1.55382
1.55493
1.55605
1.55719
1.55834
1.5595
1.56068
1.56188
1.56309
1.56432
1.56556
1.56681
1.56808
1.56937
1.57067
1.57198
1.57332
1.57466
1.57602
1.5774
1.5788
1.58021
1.58164
1.58308
1.58454
1.58602
1.58752
1.58904
1.59058
1.59213
1.59371
1.59531
1.59693
1.59857
1.60024
1.60193
1.60364
1.60538
1.60715
1.60894
1.61077
1.61262
1.6145
1.61641
1.61835
1.62033
1.62234
1.62438
1.62645
1.62856
1.63071
1.63289
1.63511
1.63736
1.63965
1.64198
1.64434
1.64674
1.64916
1.65163
1.65412
1.65664
1.65918
1.66175
1.66434
1.66694
1.66956
1.67218
1.6748
1.67742
1.68003
1.68261
1.68517
1.68769
1.69017
1.69259
1.69495
1.69723
1.69942
1.70151
1.7035
1.70535
1.70708
1.70865
1.71007
1.71132
1.71239
1.71326
1.71394
1.71441
1.71466
1.71468
1.71448
1.71405
1.71338
1.71247
1.71133
1.70996
1.70835
1.70652
1.70447
1.70222
1.69978
1.69717
1.69441
1.69152
1.68854
1.68551
1.68247
1.67945
1.67652
1.67371
1.67107
1.66865
1.66648
1.66459
1.66299
1.66168
1.66066
1.65989
1.65937
1.65907
1.65894
1.65895
1.65902
1.65913
1.65921
1.65923
1.65916
1.65897
1.65865
1.65817
1.65752
1.6567
1.65571
1.65454
1.6532
1.65168
1.64999
1.64814
1.64612
1.64394
1.64162
1.63914
1.63652
1.63375
1.63086
1.62782
1.62467
1.62139
1.61799
1.61447
1.61085
1.60712
1.60329
1.59937
1.59536
1.59128
1.58713
1.58292
1.57866
1.57437
1.57007
1.52786
1.52781
1.52777
1.52774
1.52772
1.5277
1.5277
1.5277
1.52771
1.52773
1.52776
1.5278
1.52785
1.52791
1.52797
1.52805
1.52814
1.52823
1.52834
1.52846
1.52859
1.52873
1.52889
1.52905
1.52923
1.52942
1.52962
1.52984
1.53007
1.53031
1.53057
1.53084
1.53113
1.53143
1.53175
1.53208
1.53243
1.53279
1.53317
1.53357
1.53398
1.53441
1.53485
1.53531
1.53579
1.53629
1.5368
1.53733
1.53788
1.53845
1.53903
1.53963
1.54025
1.54089
1.54154
1.54221
1.5429
1.54361
1.54433
1.54507
1.54583
1.54661
1.54741
1.54822
1.54905
1.54989
1.55075
1.55163
1.55253
1.55344
1.55437
1.55531
1.55628
1.55725
1.55824
1.55925
1.56028
1.56132
1.56237
1.56344
1.56453
1.56563
1.56674
1.56787
1.56902
1.57017
1.57135
1.57254
1.57374
1.57496
1.57619
1.57744
1.5787
1.57998
1.58127
1.58258
1.5839
1.58524
1.5866
1.58797
1.58935
1.59076
1.59218
1.59362
1.59508
1.59655
1.59805
1.59956
1.6011
1.60265
1.60423
1.60582
1.60744
1.60909
1.61075
1.61244
1.61416
1.6159
1.61767
1.61947
1.62129
1.62315
1.62503
1.62695
1.62889
1.63086
1.63287
1.63491
1.63698
1.63908
1.64122
1.64338
1.64558
1.64781
1.65007
1.65236
1.65467
1.65702
1.65938
1.66177
1.66417
1.66659
1.66902
1.67145
1.67389
1.67632
1.67875
1.68116
1.68354
1.6859
1.68821
1.69048
1.69269
1.69483
1.69689
1.69886
1.70074
1.7025
1.70413
1.70563
1.70698
1.70817
1.70919
1.71002
1.71066
1.71109
1.71131
1.7113
1.71106
1.71059
1.70987
1.7089
1.70768
1.70622
1.70451
1.70255
1.70036
1.69795
1.69532
1.6925
1.6895
1.68635
1.68307
1.6797
1.67628
1.67283
1.66941
1.66605
1.6628
1.65969
1.65678
1.65409
1.65166
1.6495
1.64764
1.64608
1.64479
1.64377
1.64302
1.64251
1.6422
1.64205
1.64202
1.64207
1.64216
1.64224
1.64229
1.64227
1.64217
1.64196
1.64163
1.64116
1.64055
1.63979
1.63888
1.63781
1.63658
1.63519
1.63365
1.63196
1.63011
1.62811
1.62597
1.62368
1.62125
1.61869
1.61599
1.61317
1.61022
1.60716
1.60397
1.60069
1.5973
1.59381
1.59024
1.5866
1.58288
1.57911
1.57529
1.57145
1.53755
1.53749
1.53744
1.53741
1.53738
1.53736
1.53734
1.53733
1.53732
1.53733
1.53734
1.53736
1.53738
1.53741
1.53746
1.53751
1.53756
1.53763
1.53771
1.53779
1.53789
1.538
1.53811
1.53824
1.53838
1.53853
1.53869
1.53886
1.53905
1.53925
1.53946
1.53969
1.53993
1.54018
1.54045
1.54074
1.54103
1.54135
1.54168
1.54202
1.54238
1.54276
1.54315
1.54356
1.54399
1.54443
1.54489
1.54537
1.54587
1.54638
1.54691
1.54746
1.54802
1.5486
1.5492
1.54982
1.55046
1.55111
1.55178
1.55247
1.55318
1.5539
1.55464
1.5554
1.55618
1.55697
1.55778
1.55861
1.55945
1.56031
1.56118
1.56208
1.56299
1.56391
1.56485
1.56581
1.56678
1.56776
1.56877
1.56978
1.57081
1.57186
1.57292
1.574
1.57509
1.57619
1.57731
1.57845
1.5796
1.58076
1.58194
1.58313
1.58433
1.58555
1.58679
1.58804
1.5893
1.59058
1.59187
1.59318
1.59451
1.59585
1.5972
1.59858
1.59997
1.60137
1.6028
1.60424
1.6057
1.60718
1.60868
1.6102
1.61174
1.61331
1.61489
1.6165
1.61812
1.61978
1.62145
1.62315
1.62488
1.62663
1.62841
1.63022
1.63205
1.63391
1.6358
1.63771
1.63966
1.64163
1.64363
1.64565
1.64771
1.64979
1.65189
1.65402
1.65617
1.65834
1.66053
1.66273
1.66495
1.66717
1.6694
1.67164
1.67387
1.67609
1.6783
1.68048
1.68264
1.68477
1.68685
1.68888
1.69085
1.69275
1.69456
1.69629
1.69792
1.69943
1.70082
1.70207
1.70318
1.70412
1.7049
1.70549
1.70588
1.70607
1.70605
1.7058
1.70533
1.70461
1.70365
1.70244
1.70099
1.69928
1.69733
1.69514
1.69271
1.69006
1.68719
1.68413
1.6809
1.67751
1.674
1.67039
1.66671
1.66301
1.65932
1.65567
1.65211
1.64868
1.64541
1.64234
1.63951
1.63694
1.63465
1.63264
1.63092
1.62949
1.62833
1.62744
1.6268
1.62638
1.62614
1.62605
1.62607
1.62616
1.62629
1.62643
1.62655
1.62662
1.62662
1.62653
1.62634
1.62604
1.62561
1.62505
1.62435
1.62351
1.62252
1.62139
1.62011
1.61868
1.61711
1.61539
1.61354
1.61154
1.6094
1.60713
1.60473
1.60221
1.59957
1.59681
1.59394
1.59098
1.58791
1.58477
1.58154
1.57825
1.57489
1.5715
1.54635
1.54629
1.54624
1.5462
1.54616
1.54613
1.5461
1.54608
1.54606
1.54604
1.54604
1.54603
1.54604
1.54604
1.54606
1.54608
1.54611
1.54615
1.5462
1.54625
1.54631
1.54638
1.54646
1.54655
1.54665
1.54676
1.54688
1.54701
1.54716
1.54731
1.54748
1.54766
1.54785
1.54806
1.54828
1.54851
1.54876
1.54903
1.54931
1.5496
1.54991
1.55023
1.55058
1.55093
1.55131
1.5517
1.55211
1.55253
1.55297
1.55343
1.55391
1.5544
1.55491
1.55544
1.55599
1.55656
1.55714
1.55774
1.55836
1.55899
1.55964
1.56031
1.561
1.56171
1.56243
1.56317
1.56392
1.5647
1.56549
1.56629
1.56711
1.56795
1.56881
1.56968
1.57056
1.57147
1.57238
1.57331
1.57426
1.57522
1.5762
1.57719
1.5782
1.57922
1.58025
1.5813
1.58236
1.58344
1.58453
1.58563
1.58675
1.58788
1.58902
1.59018
1.59135
1.59254
1.59374
1.59495
1.59618
1.59742
1.59867
1.59994
1.60123
1.60253
1.60385
1.60518
1.60653
1.60789
1.60927
1.61067
1.61209
1.61352
1.61497
1.61644
1.61793
1.61944
1.62097
1.62252
1.6241
1.62569
1.62731
1.62895
1.63061
1.63229
1.634
1.63573
1.63748
1.63926
1.64106
1.64289
1.64474
1.64661
1.6485
1.65041
1.65234
1.65429
1.65626
1.65824
1.66024
1.66224
1.66425
1.66626
1.66828
1.67029
1.67229
1.67428
1.67625
1.67819
1.6801
1.68198
1.6838
1.68558
1.68729
1.68892
1.69048
1.69194
1.6933
1.69455
1.69568
1.69667
1.69751
1.6982
1.69872
1.69906
1.69921
1.69917
1.69891
1.69844
1.69774
1.69681
1.69565
1.69424
1.6926
1.69071
1.68859
1.68623
1.68364
1.68084
1.67783
1.67463
1.67127
1.66775
1.66411
1.66037
1.65656
1.65272
1.64887
1.64506
1.64132
1.63768
1.63419
1.63088
1.62778
1.62492
1.62232
1.61999
1.61795
1.61619
1.6147
1.61349
1.61256
1.61187
1.6114
1.61113
1.61102
1.61104
1.61116
1.61135
1.61157
1.6118
1.61201
1.61218
1.61229
1.61233
1.61227
1.61212
1.61185
1.61146
1.61095
1.6103
1.60952
1.60859
1.60754
1.60634
1.605
1.60352
1.60191
1.60016
1.59828
1.59628
1.59415
1.5919
1.58954
1.58707
1.58449
1.58183
1.57908
1.57625
1.57335
1.57039
1.55442
1.55436
1.55431
1.55426
1.55421
1.55417
1.55413
1.55409
1.55406
1.55403
1.554
1.55398
1.55396
1.55394
1.55393
1.55393
1.55393
1.55394
1.55395
1.55397
1.554
1.55404
1.55408
1.55413
1.55419
1.55426
1.55434
1.55443
1.55453
1.55464
1.55476
1.5549
1.55504
1.5552
1.55538
1.55556
1.55576
1.55597
1.5562
1.55645
1.5567
1.55698
1.55727
1.55757
1.55789
1.55823
1.55859
1.55896
1.55935
1.55975
1.56018
1.56062
1.56108
1.56155
1.56204
1.56255
1.56308
1.56363
1.56419
1.56477
1.56537
1.56599
1.56662
1.56727
1.56794
1.56862
1.56933
1.57004
1.57078
1.57153
1.5723
1.57308
1.57388
1.57469
1.57552
1.57637
1.57723
1.57811
1.579
1.5799
1.58082
1.58175
1.5827
1.58366
1.58463
1.58562
1.58662
1.58763
1.58866
1.5897
1.59075
1.59182
1.5929
1.59399
1.59509
1.59621
1.59734
1.59848
1.59964
1.60081
1.60199
1.60318
1.60439
1.60561
1.60685
1.60809
1.60936
1.61064
1.61193
1.61323
1.61456
1.6159
1.61725
1.61862
1.62001
1.62141
1.62283
1.62427
1.62573
1.6272
1.6287
1.63021
1.63174
1.63329
1.63486
1.63645
1.63806
1.63969
1.64133
1.643
1.64468
1.64638
1.6481
1.64983
1.65157
1.65333
1.6551
1.65687
1.65866
1.66045
1.66223
1.66402
1.6658
1.66757
1.66933
1.67107
1.67279
1.67447
1.67612
1.67772
1.67928
1.68078
1.68221
1.68357
1.68485
1.68603
1.68711
1.68809
1.68894
1.68966
1.69023
1.69066
1.69092
1.69101
1.69092
1.69064
1.69015
1.68947
1.68856
1.68744
1.6861
1.68452
1.68272
1.68069
1.67844
1.67596
1.67328
1.67038
1.6673
1.66403
1.6606
1.65703
1.65334
1.64956
1.6457
1.64181
1.6379
1.63403
1.63021
1.62648
1.62288
1.61944
1.61619
1.61315
1.61036
1.60782
1.60555
1.60356
1.60184
1.60039
1.59921
1.5983
1.59763
1.59718
1.59693
1.59685
1.59691
1.59708
1.59733
1.59763
1.59797
1.5983
1.59862
1.5989
1.59913
1.59929
1.59936
1.59934
1.59921
1.59897
1.59861
1.59813
1.59752
1.59678
1.59591
1.59491
1.59377
1.59251
1.59111
1.58958
1.58793
1.58616
1.58428
1.58228
1.58017
1.57797
1.57567
1.57328
1.57081
1.56827
1.5619
1.56183
1.56178
1.56172
1.56167
1.56161
1.56156
1.56151
1.56146
1.56141
1.56137
1.56132
1.56128
1.56124
1.56121
1.56118
1.56115
1.56113
1.56111
1.5611
1.56109
1.56109
1.5611
1.56111
1.56113
1.56116
1.5612
1.56125
1.5613
1.56137
1.56145
1.56154
1.56164
1.56175
1.56187
1.56201
1.56216
1.56232
1.5625
1.56269
1.5629
1.56312
1.56336
1.56361
1.56388
1.56417
1.56447
1.56479
1.56512
1.56547
1.56584
1.56623
1.56663
1.56705
1.56749
1.56795
1.56842
1.56891
1.56942
1.56995
1.57049
1.57105
1.57163
1.57223
1.57284
1.57347
1.57411
1.57477
1.57545
1.57615
1.57686
1.57758
1.57832
1.57908
1.57985
1.58064
1.58144
1.58226
1.58309
1.58393
1.58479
1.58566
1.58655
1.58744
1.58835
1.58928
1.59021
1.59116
1.59212
1.59309
1.59408
1.59508
1.59608
1.5971
1.59813
1.59918
1.60023
1.6013
1.60237
1.60346
1.60456
1.60567
1.60679
1.60793
1.60907
1.61023
1.6114
1.61259
1.61378
1.61499
1.61621
1.61744
1.61869
1.61995
1.62123
1.62251
1.62382
1.62513
1.62646
1.62781
1.62917
1.63055
1.63194
1.63334
1.63476
1.6362
1.63765
1.63911
1.64059
1.64208
1.64359
1.6451
1.64663
1.64816
1.64971
1.65126
1.65282
1.65437
1.65593
1.65749
1.65905
1.66059
1.66213
1.66365
1.66515
1.66662
1.66807
1.66948
1.67086
1.67218
1.67346
1.67467
1.67582
1.67689
1.67788
1.67878
1.67957
1.68026
1.68083
1.68127
1.68157
1.68173
1.68174
1.68158
1.68124
1.68073
1.68003
1.67913
1.67804
1.67674
1.67523
1.67351
1.67157
1.66943
1.66708
1.66452
1.66176
1.65882
1.6557
1.65241
1.64897
1.6454
1.64172
1.63795
1.63411
1.63023
1.62635
1.62248
1.61867
1.61493
1.61131
1.60783
1.60453
1.60142
1.59853
1.59588
1.59349
1.59135
1.58948
1.58787
1.58653
1.58545
1.58462
1.58403
1.58365
1.58347
1.58345
1.58358
1.58382
1.58415
1.58455
1.58499
1.58545
1.58591
1.58634
1.58673
1.58707
1.58734
1.58753
1.58763
1.58763
1.58752
1.5873
1.58696
1.5865
1.58592
1.58521
1.58437
1.58341
1.58233
1.58112
1.57979
1.57835
1.57678
1.57511
1.57334
1.57146
1.56949
1.56743
1.56528
1.5689
1.56883
1.56877
1.56871
1.56865
1.56858
1.56852
1.56846
1.56839
1.56833
1.56826
1.5682
1.56813
1.56807
1.56801
1.56795
1.5679
1.56784
1.5678
1.56775
1.56771
1.56767
1.56764
1.56762
1.5676
1.56759
1.56759
1.56759
1.5676
1.56763
1.56766
1.5677
1.56775
1.56782
1.56789
1.56798
1.56808
1.5682
1.56832
1.56846
1.56862
1.56879
1.56897
1.56918
1.56939
1.56962
1.56987
1.57013
1.57042
1.57071
1.57103
1.57136
1.57171
1.57207
1.57246
1.57286
1.57328
1.57371
1.57416
1.57463
1.57512
1.57562
1.57614
1.57668
1.57724
1.57781
1.5784
1.579
1.57962
1.58026
1.58091
1.58157
1.58226
1.58295
1.58366
1.58439
1.58513
1.58588
1.58665
1.58743
1.58822
1.58903
1.58985
1.59068
1.59152
1.59238
1.59324
1.59412
1.59501
1.59591
1.59682
1.59774
1.59868
1.59962
1.60057
1.60153
1.60251
1.60349
1.60448
1.60548
1.60649
1.60751
1.60854
1.60959
1.61064
1.6117
1.61277
1.61385
1.61494
1.61604
1.61715
1.61827
1.6194
1.62054
1.62169
1.62285
1.62403
1.62521
1.62641
1.62761
1.62883
1.63006
1.6313
1.63255
1.63381
1.63508
1.63636
1.63765
1.63894
1.64025
1.64157
1.64289
1.64421
1.64554
1.64687
1.64821
1.64954
1.65087
1.6522
1.65352
1.65483
1.65612
1.6574
1.65866
1.65989
1.6611
1.66227
1.6634
1.66449
1.66553
1.66651
1.66744
1.66829
1.66907
1.66977
1.67037
1.67088
1.67128
1.67156
1.67172
1.67176
1.67165
1.6714
1.67099
1.67042
1.66968
1.66877
1.66767
1.66639
1.66492
1.66326
1.66141
1.65936
1.65712
1.65469
1.65207
1.64927
1.6463
1.64317
1.63989
1.63648
1.63294
1.62931
1.62559
1.62182
1.61801
1.6142
1.6104
1.60666
1.60298
1.59941
1.59597
1.59269
1.58959
1.58669
1.58401
1.58157
1.57937
1.57743
1.57573
1.5743
1.57312
1.57219
1.57149
1.57102
1.57076
1.57068
1.57076
1.57098
1.57132
1.57176
1.57226
1.57281
1.57339
1.57397
1.57455
1.57509
1.57559
1.57604
1.57641
1.57671
1.57691
1.57702
1.57703
1.57692
1.57671
1.57638
1.57593
1.57536
1.57467
1.57386
1.57293
1.57189
1.57073
1.56946
1.56808
1.56659
1.56501
1.56332
1.56155
1.57554
1.57547
1.5754
1.57533
1.57526
1.57519
1.57512
1.57504
1.57496
1.57488
1.57479
1.57471
1.57462
1.57454
1.57445
1.57436
1.57428
1.5742
1.57412
1.57404
1.57396
1.57389
1.57382
1.57376
1.5737
1.57365
1.57361
1.57357
1.57354
1.57351
1.5735
1.5735
1.5735
1.57352
1.57355
1.57359
1.57364
1.5737
1.57378
1.57387
1.57397
1.57409
1.57422
1.57437
1.57453
1.5747
1.5749
1.57511
1.57533
1.57558
1.57583
1.57611
1.5764
1.57671
1.57704
1.57738
1.57774
1.57812
1.57852
1.57893
1.57936
1.5798
1.58027
1.58074
1.58124
1.58175
1.58228
1.58282
1.58338
1.58396
1.58455
1.58515
1.58577
1.5864
1.58705
1.58771
1.58839
1.58907
1.58978
1.59049
1.59121
1.59195
1.5927
1.59346
1.59423
1.59501
1.59581
1.59661
1.59742
1.59825
1.59908
1.59992
1.60077
1.60163
1.6025
1.60337
1.60426
1.60515
1.60605
1.60696
1.60788
1.6088
1.60973
1.61067
1.61162
1.61257
1.61353
1.6145
1.61548
1.61646
1.61745
1.61845
1.61946
1.62047
1.62149
1.62252
1.62356
1.6246
1.62565
1.62671
1.62777
1.62884
1.62992
1.631
1.63209
1.63319
1.63429
1.63539
1.6365
1.63761
1.63873
1.63984
1.64096
1.64207
1.64319
1.64429
1.64539
1.64649
1.64757
1.64864
1.6497
1.65073
1.65175
1.65274
1.6537
1.65463
1.65552
1.65637
1.65717
1.65792
1.65861
1.65924
1.6598
1.66028
1.66068
1.661
1.66121
1.66133
1.66133
1.66122
1.66098
1.66061
1.66011
1.65946
1.65865
1.6577
1.65658
1.65529
1.65384
1.65221
1.65041
1.64843
1.64628
1.64395
1.64146
1.63879
1.63597
1.63299
1.62988
1.62663
1.62326
1.61978
1.61623
1.6126
1.60892
1.60522
1.60152
1.59783
1.5942
1.59063
1.58716
1.58382
1.58062
1.57758
1.57474
1.5721
1.56968
1.56749
1.56554
1.56383
1.56236
1.56114
1.56016
1.55941
1.55889
1.55858
1.55846
1.55851
1.55872
1.55907
1.55952
1.56007
1.56069
1.56136
1.56206
1.56277
1.56348
1.56416
1.56481
1.56541
1.56595
1.56642
1.56681
1.56711
1.56731
1.56741
1.56741
1.5673
1.56707
1.56674
1.56629
1.56572
1.56504
1.56424
1.56333
1.56231
1.56118
1.55995
1.55861
1.55717
1.58191
1.58184
1.58177
1.5817
1.58162
1.58154
1.58145
1.58136
1.58126
1.58116
1.58106
1.58095
1.58085
1.58074
1.58063
1.58051
1.5804
1.58029
1.58017
1.58006
1.57995
1.57984
1.57974
1.57964
1.57954
1.57945
1.57936
1.57928
1.5792
1.57914
1.57908
1.57903
1.57899
1.57895
1.57893
1.57892
1.57892
1.57893
1.57896
1.57899
1.57904
1.57911
1.57919
1.57928
1.57939
1.57951
1.57965
1.5798
1.57997
1.58016
1.58036
1.58058
1.58081
1.58106
1.58133
1.58162
1.58192
1.58224
1.58258
1.58293
1.5833
1.58368
1.58408
1.5845
1.58494
1.58539
1.58585
1.58633
1.58683
1.58734
1.58786
1.5884
1.58895
1.58952
1.5901
1.5907
1.5913
1.59192
1.59255
1.59319
1.59385
1.59451
1.59518
1.59587
1.59656
1.59727
1.59798
1.59871
1.59944
1.60018
1.60093
1.60168
1.60244
1.60321
1.60399
1.60478
1.60557
1.60636
1.60717
1.60798
1.60879
1.60961
1.61044
1.61127
1.6121
1.61294
1.61379
1.61464
1.61549
1.61635
1.61722
1.61809
1.61896
1.61983
1.62072
1.6216
1.62249
1.62338
1.62428
1.62518
1.62608
1.62698
1.62789
1.6288
1.62971
1.63062
1.63153
1.63244
1.63335
1.63426
1.63517
1.63607
1.63697
1.63786
1.63875
1.63962
1.64048
1.64133
1.64217
1.64298
1.64378
1.64455
1.6453
1.64602
1.6467
1.64735
1.64796
1.64852
1.64903
1.64949
1.64989
1.65023
1.6505
1.65069
1.6508
1.65082
1.65075
1.65058
1.65031
1.64993
1.64943
1.6488
1.64805
1.64716
1.64614
1.64497
1.64366
1.64219
1.64057
1.63879
1.63686
1.63477
1.63252
1.63012
1.62757
1.62487
1.62204
1.61907
1.61597
1.61277
1.60946
1.60606
1.6026
1.59908
1.59552
1.59195
1.58838
1.58484
1.58135
1.57792
1.5746
1.57139
1.56831
1.5654
1.56266
1.56011
1.55777
1.55564
1.55374
1.55207
1.55062
1.54941
1.54843
1.54768
1.54715
1.54682
1.54669
1.54674
1.54695
1.54731
1.54779
1.54838
1.54905
1.54979
1.55058
1.55141
1.55224
1.55307
1.55389
1.55467
1.55542
1.5561
1.55673
1.55727
1.55774
1.55811
1.5584
1.55858
1.55866
1.55863
1.55849
1.55824
1.55788
1.55741
1.55682
1.55612
1.55532
1.5544
1.55337
1.55224
1.58811
1.58804
1.58796
1.58789
1.5878
1.58771
1.58761
1.5875
1.58739
1.58728
1.58715
1.58703
1.5869
1.58676
1.58663
1.58649
1.58634
1.5862
1.58605
1.58591
1.58576
1.58562
1.58548
1.58534
1.5852
1.58507
1.58494
1.58481
1.58469
1.58458
1.58447
1.58437
1.58428
1.5842
1.58413
1.58407
1.58402
1.58398
1.58395
1.58393
1.58393
1.58394
1.58396
1.584
1.58405
1.58412
1.5842
1.5843
1.58441
1.58454
1.58468
1.58484
1.58502
1.58521
1.58542
1.58564
1.58589
1.58614
1.58642
1.58671
1.58701
1.58734
1.58768
1.58803
1.5884
1.58878
1.58918
1.5896
1.59003
1.59047
1.59093
1.5914
1.59188
1.59238
1.59289
1.59341
1.59395
1.59449
1.59505
1.59561
1.59619
1.59678
1.59737
1.59798
1.59859
1.59921
1.59984
1.60048
1.60113
1.60178
1.60244
1.6031
1.60377
1.60445
1.60513
1.60581
1.6065
1.6072
1.6079
1.6086
1.6093
1.61001
1.61072
1.61144
1.61216
1.61288
1.6136
1.61432
1.61505
1.61578
1.61651
1.61724
1.61797
1.6187
1.61943
1.62017
1.6209
1.62163
1.62237
1.6231
1.62383
1.62456
1.62529
1.62602
1.62674
1.62746
1.62818
1.62889
1.62959
1.63029
1.63098
1.63167
1.63234
1.633
1.63365
1.63429
1.63491
1.63551
1.63609
1.63665
1.63719
1.63769
1.63817
1.63861
1.63902
1.63939
1.63971
1.63999
1.64022
1.64039
1.6405
1.64055
1.64052
1.64043
1.64025
1.63999
1.63964
1.6392
1.63866
1.63801
1.63726
1.63639
1.6354
1.63428
1.63305
1.63168
1.63017
1.62853
1.62676
1.62484
1.62279
1.62059
1.61826
1.6158
1.6132
1.61048
1.60763
1.60468
1.60162
1.59846
1.59523
1.59192
1.58856
1.58516
1.58174
1.57831
1.5749
1.57151
1.56819
1.56493
1.56177
1.55872
1.55581
1.55304
1.55045
1.54803
1.54581
1.54379
1.54198
1.54039
1.53901
1.53786
1.53692
1.53621
1.5357
1.5354
1.53529
1.53536
1.53559
1.53597
1.53649
1.53712
1.53784
1.53865
1.53952
1.54043
1.54137
1.54233
1.54328
1.54422
1.54513
1.546
1.54682
1.54758
1.54826
1.54887
1.5494
1.54983
1.55017
1.55041
1.55055
1.55058
1.5505
1.55031
1.55001
1.5496
1.54908
1.54845
1.5477
1.54684
1.59422
1.59414
1.59406
1.59398
1.59388
1.59378
1.59367
1.59355
1.59342
1.59329
1.59315
1.593
1.59285
1.59269
1.59253
1.59236
1.59219
1.59201
1.59184
1.59166
1.59148
1.59129
1.59111
1.59093
1.59076
1.59058
1.59041
1.59024
1.59007
1.58991
1.58976
1.58961
1.58947
1.58934
1.58922
1.58911
1.589
1.58891
1.58883
1.58876
1.5887
1.58865
1.58862
1.5886
1.5886
1.58861
1.58863
1.58867
1.58872
1.58879
1.58887
1.58897
1.58909
1.58922
1.58936
1.58953
1.58971
1.5899
1.59011
1.59034
1.59058
1.59084
1.59111
1.5914
1.5917
1.59202
1.59235
1.5927
1.59305
1.59343
1.59381
1.59421
1.59462
1.59505
1.59548
1.59593
1.59638
1.59685
1.59733
1.59782
1.59831
1.59882
1.59933
1.59985
1.60038
1.60091
1.60145
1.602
1.60255
1.60311
1.60367
1.60424
1.60481
1.60538
1.60596
1.60654
1.60713
1.60771
1.6083
1.60889
1.60948
1.61007
1.61066
1.61125
1.61185
1.61244
1.61303
1.61362
1.61421
1.6148
1.61538
1.61597
1.61655
1.61713
1.61771
1.61828
1.61885
1.61942
1.61999
1.62054
1.6211
1.62165
1.62219
1.62273
1.62326
1.62378
1.62429
1.6248
1.62529
1.62578
1.62625
1.62671
1.62715
1.62758
1.628
1.62839
1.62876
1.62911
1.62944
1.62974
1.63001
1.63025
1.63046
1.63063
1.63077
1.63086
1.6309
1.6309
1.63084
1.63072
1.63055
1.63031
1.63001
1.62963
1.62918
1.62864
1.62802
1.62732
1.62651
1.62561
1.62461
1.62351
1.62229
1.62096
1.61952
1.61796
1.61628
1.61448
1.61256
1.61051
1.60834
1.60605
1.60365
1.60112
1.59849
1.59575
1.59291
1.58997
1.58695
1.58386
1.5807
1.57749
1.57424
1.57097
1.56769
1.56442
1.56117
1.55796
1.55481
1.55174
1.54876
1.5459
1.54316
1.54057
1.53814
1.53589
1.53381
1.53193
1.53025
1.52877
1.5275
1.52644
1.52559
1.52494
1.5245
1.52425
1.52418
1.5243
1.52457
1.525
1.52556
1.52623
1.52702
1.52789
1.52883
1.52982
1.53086
1.53192
1.53299
1.53406
1.53511
1.53613
1.53711
1.53805
1.53892
1.53973
1.54046
1.54111
1.54167
1.54214
1.54252
1.54279
1.54295
1.54302
1.54297
1.54281
1.54254
1.54216
1.54166
1.54105
1.60029
1.60021
1.60013
1.60004
1.59994
1.59982
1.5997
1.59957
1.59943
1.59927
1.59911
1.59895
1.59877
1.59859
1.5984
1.5982
1.598
1.59779
1.59758
1.59737
1.59715
1.59693
1.59671
1.59649
1.59627
1.59605
1.59584
1.59562
1.59541
1.59521
1.595
1.59481
1.59462
1.59444
1.59426
1.5941
1.59394
1.59379
1.59366
1.59353
1.59341
1.59331
1.59322
1.59314
1.59308
1.59303
1.59299
1.59297
1.59296
1.59297
1.59299
1.59303
1.59308
1.59315
1.59323
1.59333
1.59344
1.59357
1.59371
1.59387
1.59405
1.59424
1.59444
1.59466
1.59489
1.59514
1.5954
1.59567
1.59596
1.59626
1.59657
1.59689
1.59723
1.59757
1.59793
1.59829
1.59867
1.59906
1.59945
1.59985
1.60026
1.60068
1.6011
1.60153
1.60197
1.60241
1.60286
1.60331
1.60376
1.60422
1.60468
1.60515
1.60561
1.60608
1.60655
1.60702
1.60749
1.60796
1.60843
1.6089
1.60937
1.60984
1.6103
1.61076
1.61122
1.61168
1.61213
1.61258
1.61303
1.61347
1.61391
1.61434
1.61477
1.61519
1.61561
1.61601
1.61642
1.61681
1.6172
1.61758
1.61795
1.61831
1.61866
1.619
1.61933
1.61965
1.61996
1.62025
1.62053
1.6208
1.62105
1.62128
1.62149
1.62168
1.62186
1.62201
1.62213
1.62223
1.6223
1.62235
1.62236
1.62233
1.62227
1.62217
1.62203
1.62185
1.62162
1.62134
1.621
1.62061
1.62016
1.61965
1.61907
1.61842
1.6177
1.6169
1.61602
1.61506
1.614
1.61286
1.61163
1.6103
1.60887
1.60734
1.6057
1.60396
1.60212
1.60016
1.59811
1.59594
1.59367
1.5913
1.58882
1.58625
1.58359
1.58083
1.578
1.57509
1.57212
1.56909
1.56601
1.5629
1.55977
1.55663
1.5535
1.55038
1.5473
1.54427
1.54131
1.53843
1.53565
1.53298
1.53044
1.52804
1.5258
1.52372
1.52182
1.5201
1.51857
1.51723
1.51609
1.51515
1.51441
1.51386
1.5135
1.51333
1.51334
1.51352
1.51386
1.51434
1.51496
1.51569
1.51653
1.51747
1.51847
1.51955
1.52066
1.52182
1.52299
1.52417
1.52534
1.52649
1.52761
1.52869
1.52972
1.5307
1.5316
1.53244
1.53319
1.53386
1.53443
1.53491
1.53529
1.53556
1.53573
1.53579
1.53574
1.53558
1.5353
1.53491
1.60639
1.60631
1.60622
1.60612
1.60601
1.60589
1.60575
1.60561
1.60545
1.60528
1.6051
1.60491
1.60471
1.6045
1.60428
1.60406
1.60383
1.60359
1.60334
1.6031
1.60284
1.60259
1.60233
1.60207
1.6018
1.60154
1.60128
1.60102
1.60076
1.60051
1.60026
1.60001
1.59977
1.59954
1.59931
1.59909
1.59888
1.59867
1.59848
1.5983
1.59812
1.59796
1.59781
1.59768
1.59755
1.59744
1.59734
1.59726
1.59718
1.59713
1.59709
1.59706
1.59704
1.59705
1.59706
1.59709
1.59714
1.5972
1.59727
1.59736
1.59747
1.59759
1.59772
1.59786
1.59802
1.5982
1.59838
1.59858
1.59879
1.59901
1.59924
1.59948
1.59974
1.6
1.60028
1.60056
1.60085
1.60115
1.60145
1.60177
1.60208
1.60241
1.60274
1.60308
1.60342
1.60376
1.60411
1.60446
1.60481
1.60516
1.60552
1.60587
1.60623
1.60658
1.60694
1.60729
1.60764
1.60799
1.60834
1.60868
1.60902
1.60936
1.60969
1.61001
1.61034
1.61065
1.61096
1.61127
1.61156
1.61185
1.61213
1.61241
1.61267
1.61293
1.61318
1.61341
1.61364
1.61386
1.61406
1.61426
1.61444
1.61461
1.61476
1.6149
1.61503
1.61514
1.61524
1.61532
1.61538
1.61542
1.61544
1.61544
1.61542
1.61538
1.61531
1.61522
1.61509
1.61494
1.61476
1.61455
1.6143
1.61401
1.61369
1.61332
1.61292
1.61246
1.61196
1.61141
1.61081
1.61015
1.60943
1.60865
1.60781
1.6069
1.60592
1.60486
1.60374
1.60253
1.60124
1.59987
1.59842
1.59688
1.59524
1.59352
1.59171
1.5898
1.5878
1.58571
1.58353
1.58125
1.57889
1.57644
1.57391
1.5713
1.56861
1.56586
1.56304
1.56017
1.55725
1.55429
1.5513
1.5483
1.54529
1.54228
1.5393
1.53634
1.53344
1.53059
1.52782
1.52513
1.52255
1.52008
1.51774
1.51554
1.51349
1.5116
1.50988
1.50833
1.50697
1.50579
1.5048
1.50399
1.50338
1.50294
1.50269
1.50262
1.50272
1.50298
1.50339
1.50395
1.50464
1.50544
1.50635
1.50735
1.50843
1.50957
1.51077
1.51201
1.51326
1.51454
1.51581
1.51707
1.51831
1.51952
1.52068
1.52179
1.52284
1.52383
1.52474
1.52558
1.52632
1.52698
1.52754
1.52799
1.52835
1.5286
1.52874
1.52876
1.52867
1.52847
1.61255
1.61247
1.61238
1.61228
1.61216
1.61202
1.61188
1.61172
1.61154
1.61135
1.61115
1.61094
1.61072
1.61048
1.61024
1.60998
1.60972
1.60945
1.60917
1.60889
1.6086
1.6083
1.608
1.6077
1.60739
1.60709
1.60678
1.60647
1.60617
1.60586
1.60556
1.60526
1.60497
1.60468
1.6044
1.60413
1.60386
1.6036
1.60335
1.6031
1.60287
1.60265
1.60244
1.60224
1.60205
1.60188
1.60171
1.60157
1.60143
1.60131
1.6012
1.6011
1.60102
1.60095
1.6009
1.60086
1.60084
1.60083
1.60083
1.60085
1.60088
1.60092
1.60098
1.60105
1.60113
1.60122
1.60133
1.60145
1.60158
1.60172
1.60187
1.60203
1.6022
1.60237
1.60256
1.60275
1.60295
1.60316
1.60338
1.60359
1.60382
1.60405
1.60428
1.60452
1.60475
1.60499
1.60524
1.60548
1.60572
1.60597
1.60621
1.60645
1.60669
1.60693
1.60716
1.60739
1.60762
1.60784
1.60806
1.60827
1.60847
1.60867
1.60887
1.60905
1.60923
1.6094
1.60956
1.60971
1.60985
1.60998
1.6101
1.61021
1.61031
1.61039
1.61047
1.61053
1.61057
1.61061
1.61063
1.61063
1.61062
1.61059
1.61055
1.61049
1.61041
1.61031
1.61019
1.61005
1.60989
1.60971
1.6095
1.60927
1.60902
1.60874
1.60843
1.60809
1.60772
1.60732
1.60689
1.60642
1.60592
1.60537
1.60479
1.60417
1.6035
1.60278
1.60202
1.60121
1.60034
1.59942
1.59845
1.59741
1.59632
1.59516
1.59393
1.59264
1.59127
1.58984
1.58833
1.58674
1.58508
1.58334
1.58152
1.57963
1.57765
1.57559
1.57345
1.57123
1.56894
1.56657
1.56413
1.56162
1.55904
1.5564
1.5537
1.55095
1.54816
1.54532
1.54246
1.53958
1.53669
1.53379
1.5309
1.52804
1.5252
1.52241
1.51968
1.51701
1.51443
1.51193
1.50955
1.50728
1.50514
1.50314
1.50129
1.49959
1.49806
1.4967
1.49551
1.49449
1.49366
1.493
1.49252
1.49222
1.49208
1.49212
1.49232
1.49268
1.49318
1.49381
1.49457
1.49545
1.49643
1.4975
1.49865
1.49987
1.50114
1.50245
1.50379
1.50514
1.5065
1.50786
1.5092
1.51051
1.51178
1.51301
1.51419
1.5153
1.51635
1.51732
1.51821
1.51901
1.51972
1.52033
1.52084
1.52125
1.52155
1.52174
1.52181
1.52176
1.61882
1.61874
1.61864
1.61853
1.6184
1.61826
1.6181
1.61793
1.61773
1.61753
1.61731
1.61707
1.61683
1.61656
1.61629
1.61601
1.61571
1.61541
1.6151
1.61477
1.61444
1.61411
1.61377
1.61342
1.61307
1.61272
1.61237
1.61201
1.61166
1.6113
1.61095
1.6106
1.61025
1.60991
1.60957
1.60924
1.60891
1.60859
1.60828
1.60798
1.60769
1.6074
1.60713
1.60687
1.60661
1.60637
1.60615
1.60593
1.60573
1.60553
1.60536
1.60519
1.60504
1.6049
1.60478
1.60467
1.60457
1.60448
1.60441
1.60435
1.60431
1.60427
1.60425
1.60424
1.60424
1.60426
1.60428
1.60431
1.60436
1.60441
1.60448
1.60455
1.60463
1.60472
1.60481
1.60491
1.60502
1.60513
1.60525
1.60537
1.60549
1.60562
1.60575
1.60588
1.60601
1.60614
1.60628
1.60641
1.60654
1.60667
1.60679
1.60691
1.60703
1.60714
1.60725
1.60735
1.60745
1.60754
1.60762
1.6077
1.60776
1.60782
1.60787
1.60791
1.60793
1.60795
1.60796
1.60795
1.60793
1.6079
1.60785
1.60779
1.60772
1.60763
1.60752
1.6074
1.60727
1.60711
1.60694
1.60675
1.60654
1.60632
1.60607
1.6058
1.60551
1.6052
1.60487
1.60451
1.60413
1.60372
1.60329
1.60283
1.60234
1.60182
1.60128
1.6007
1.60009
1.59944
1.59876
1.59804
1.59729
1.5965
1.59566
1.59478
1.59386
1.59289
1.59188
1.59081
1.5897
1.58853
1.58731
1.58603
1.58469
1.58329
1.58184
1.58031
1.57873
1.57708
1.57536
1.57358
1.57173
1.56981
1.56782
1.56576
1.56363
1.56143
1.55917
1.55684
1.55445
1.552
1.54949
1.54693
1.54431
1.54165
1.53895
1.53622
1.53345
1.53067
1.52787
1.52507
1.52227
1.51949
1.51672
1.514
1.51131
1.50868
1.50612
1.50363
1.50123
1.49893
1.49674
1.49467
1.49273
1.49093
1.48927
1.48777
1.48643
1.48524
1.48423
1.48338
1.48271
1.4822
1.48187
1.4817
1.48169
1.48184
1.48215
1.4826
1.48319
1.48392
1.48476
1.48571
1.48677
1.48791
1.48913
1.49041
1.49175
1.49313
1.49454
1.49597
1.4974
1.49884
1.50026
1.50166
1.50303
1.50435
1.50563
1.50685
1.508
1.50909
1.5101
1.51102
1.51185
1.51259
1.51324
1.51378
1.51421
1.51453
1.51474
1.51484
1.62522
1.62513
1.62503
1.62492
1.62478
1.62463
1.62445
1.62426
1.62406
1.62383
1.62359
1.62333
1.62306
1.62277
1.62247
1.62216
1.62183
1.62149
1.62114
1.62078
1.62041
1.62004
1.61966
1.61927
1.61887
1.61847
1.61807
1.61767
1.61726
1.61686
1.61645
1.61604
1.61564
1.61524
1.61485
1.61446
1.61407
1.61369
1.61332
1.61295
1.6126
1.61225
1.61191
1.61158
1.61126
1.61095
1.61066
1.61037
1.6101
1.60984
1.60959
1.60935
1.60913
1.60891
1.60871
1.60853
1.60835
1.60819
1.60804
1.6079
1.60778
1.60766
1.60756
1.60747
1.60738
1.60731
1.60725
1.6072
1.60716
1.60712
1.60709
1.60707
1.60706
1.60705
1.60705
1.60706
1.60707
1.60708
1.60709
1.60711
1.60713
1.60715
1.60718
1.6072
1.60722
1.60724
1.60726
1.60727
1.60728
1.60729
1.60729
1.60729
1.60728
1.60727
1.60724
1.60721
1.60717
1.60713
1.60707
1.607
1.60692
1.60683
1.60673
1.60662
1.60649
1.60635
1.6062
1.60603
1.60584
1.60564
1.60543
1.60519
1.60494
1.60468
1.60439
1.60408
1.60376
1.60342
1.60305
1.60267
1.60226
1.60183
1.60138
1.6009
1.6004
1.59988
1.59933
1.59875
1.59815
1.59752
1.59686
1.59617
1.59545
1.5947
1.59392
1.5931
1.59225
1.59137
1.59044
1.58948
1.58849
1.58745
1.58637
1.58524
1.58408
1.58287
1.58161
1.5803
1.57895
1.57754
1.57609
1.57457
1.57301
1.57139
1.56972
1.56798
1.56619
1.56434
1.56243
1.56046
1.55844
1.55635
1.5542
1.552
1.54974
1.54742
1.54505
1.54262
1.54015
1.53763
1.53507
1.53246
1.52982
1.52716
1.52446
1.52175
1.51902
1.51629
1.51357
1.51085
1.50815
1.50547
1.50284
1.50024
1.49771
1.49524
1.49284
1.49053
1.48831
1.4862
1.4842
1.48233
1.48058
1.47897
1.47751
1.47619
1.47503
1.47403
1.47319
1.47251
1.47199
1.47164
1.47144
1.47141
1.47153
1.4718
1.47221
1.47277
1.47346
1.47427
1.47519
1.47622
1.47734
1.47855
1.47984
1.48118
1.48258
1.48403
1.4855
1.48699
1.48849
1.48999
1.49149
1.49296
1.4944
1.4958
1.49716
1.49847
1.49971
1.50089
1.50199
1.50301
1.50395
1.5048
1.50554
1.50619
1.50674
1.50718
1.5075
1.50771
1.63177
1.63168
1.63157
1.63145
1.63131
1.63114
1.63095
1.63075
1.63052
1.63028
1.63002
1.62974
1.62944
1.62912
1.62879
1.62845
1.62809
1.62771
1.62733
1.62693
1.62652
1.62611
1.62568
1.62525
1.6248
1.62436
1.62391
1.62345
1.62299
1.62254
1.62208
1.62161
1.62116
1.6207
1.62024
1.61979
1.61935
1.6189
1.61847
1.61804
1.61762
1.6172
1.6168
1.6164
1.61601
1.61564
1.61527
1.61491
1.61457
1.61423
1.61391
1.6136
1.6133
1.61301
1.61273
1.61246
1.61221
1.61197
1.61174
1.61152
1.61131
1.61111
1.61092
1.61074
1.61057
1.61041
1.61026
1.61012
1.60999
1.60986
1.60974
1.60962
1.60951
1.60941
1.60931
1.60921
1.60912
1.60903
1.60894
1.60885
1.60876
1.60867
1.60858
1.60849
1.60839
1.6083
1.6082
1.60809
1.60798
1.60786
1.60774
1.6076
1.60747
1.60732
1.60716
1.60699
1.60681
1.60662
1.60642
1.60621
1.60598
1.60574
1.60549
1.60522
1.60493
1.60463
1.60431
1.60398
1.60362
1.60325
1.60286
1.60245
1.60202
1.60157
1.6011
1.60061
1.6001
1.59956
1.599
1.59842
1.59781
1.59718
1.59652
1.59583
1.59512
1.59439
1.59362
1.59283
1.592
1.59115
1.59027
1.58935
1.58841
1.58743
1.58641
1.58536
1.58428
1.58316
1.582
1.58081
1.57957
1.5783
1.57698
1.57562
1.57422
1.57278
1.57129
1.56975
1.56817
1.56654
1.56486
1.56313
1.56135
1.55952
1.55765
1.55572
1.55373
1.5517
1.54962
1.54748
1.54529
1.54305
1.54077
1.53843
1.53605
1.53363
1.53116
1.52866
1.52611
1.52354
1.52093
1.5183
1.51565
1.51298
1.5103
1.50762
1.50494
1.50227
1.49961
1.49698
1.49438
1.49182
1.48931
1.48685
1.48447
1.48215
1.47992
1.47778
1.47574
1.47381
1.47199
1.4703
1.46874
1.46732
1.46604
1.46491
1.46393
1.4631
1.46242
1.4619
1.46154
1.46133
1.46128
1.46138
1.46162
1.462
1.46253
1.46318
1.46396
1.46486
1.46586
1.46696
1.46816
1.46943
1.47077
1.47218
1.47364
1.47513
1.47666
1.4782
1.47976
1.48132
1.48286
1.48439
1.4859
1.48736
1.48879
1.49016
1.49147
1.49272
1.4939
1.495
1.49602
1.49695
1.49778
1.49852
1.49915
1.49968
1.5001
1.50041
1.63847
1.63838
1.63827
1.63814
1.63799
1.63781
1.63761
1.63739
1.63715
1.63688
1.6366
1.63629
1.63597
1.63563
1.63527
1.63489
1.6345
1.63409
1.63366
1.63323
1.63278
1.63232
1.63185
1.63137
1.63088
1.63039
1.62989
1.62938
1.62887
1.62835
1.62784
1.62732
1.6268
1.62629
1.62577
1.62526
1.62475
1.62424
1.62374
1.62325
1.62276
1.62228
1.6218
1.62134
1.62088
1.62043
1.61999
1.61956
1.61914
1.61873
1.61833
1.61794
1.61756
1.61719
1.61684
1.61649
1.61615
1.61583
1.61551
1.61521
1.61491
1.61463
1.61435
1.61408
1.61382
1.61357
1.61333
1.61309
1.61286
1.61264
1.61242
1.61221
1.612
1.61179
1.61159
1.61139
1.61119
1.61099
1.61079
1.61059
1.61039
1.61019
1.60998
1.60977
1.60956
1.60934
1.60911
1.60888
1.60864
1.6084
1.60814
1.60788
1.60761
1.60732
1.60702
1.60671
1.60639
1.60606
1.60571
1.60534
1.60497
1.60457
1.60416
1.60373
1.60328
1.60281
1.60233
1.60182
1.6013
1.60075
1.60019
1.5996
1.59899
1.59835
1.5977
1.59702
1.59631
1.59558
1.59482
1.59404
1.59323
1.5924
1.59153
1.59064
1.58972
1.58877
1.58779
1.58679
1.58574
1.58467
1.58357
1.58243
1.58126
1.58005
1.57881
1.57754
1.57623
1.57488
1.57349
1.57207
1.57061
1.5691
1.56756
1.56598
1.56435
1.56268
1.56097
1.55922
1.55742
1.55558
1.55369
1.55176
1.54978
1.54776
1.5457
1.54358
1.54143
1.53922
1.53698
1.53469
1.53236
1.52999
1.52758
1.52513
1.52265
1.52013
1.51758
1.51501
1.51241
1.50979
1.50715
1.50451
1.50185
1.49919
1.49654
1.4939
1.49127
1.48866
1.48608
1.48354
1.48104
1.4786
1.47621
1.47389
1.47164
1.46948
1.4674
1.46543
1.46356
1.4618
1.46016
1.45865
1.45727
1.45603
1.45492
1.45396
1.45315
1.45248
1.45197
1.4516
1.45139
1.45132
1.4514
1.45162
1.45198
1.45248
1.4531
1.45385
1.45472
1.4557
1.45677
1.45794
1.4592
1.46053
1.46193
1.46339
1.46489
1.46643
1.46801
1.4696
1.47119
1.47279
1.47439
1.47596
1.47751
1.47902
1.4805
1.48192
1.48329
1.48459
1.48583
1.48699
1.48806
1.48906
1.48996
1.49076
1.49147
1.49207
1.49256
1.49294
1.64533
1.64524
1.64513
1.64499
1.64483
1.64464
1.64443
1.64419
1.64393
1.64365
1.64334
1.64301
1.64266
1.64229
1.6419
1.64149
1.64106
1.64062
1.64015
1.63968
1.63919
1.63868
1.63817
1.63764
1.63711
1.63656
1.63601
1.63545
1.63489
1.63432
1.63374
1.63317
1.63259
1.63201
1.63144
1.63086
1.63029
1.62972
1.62915
1.62859
1.62803
1.62748
1.62693
1.62639
1.62586
1.62534
1.62482
1.62432
1.62382
1.62333
1.62285
1.62238
1.62193
1.62148
1.62104
1.62061
1.62019
1.61978
1.61937
1.61898
1.6186
1.61822
1.61786
1.6175
1.61714
1.6168
1.61646
1.61613
1.6158
1.61547
1.61515
1.61484
1.61452
1.61421
1.6139
1.61359
1.61329
1.61298
1.61266
1.61235
1.61203
1.61171
1.61139
1.61106
1.61072
1.61038
1.61003
1.60967
1.6093
1.60892
1.60853
1.60813
1.60772
1.60729
1.60685
1.6064
1.60593
1.60545
1.60495
1.60443
1.60389
1.60334
1.60277
1.60218
1.60156
1.60093
1.60028
1.5996
1.5989
1.59818
1.59744
1.59667
1.59587
1.59505
1.59421
1.59334
1.59244
1.59152
1.59056
1.58958
1.58858
1.58754
1.58647
1.58537
1.58424
1.58308
1.58189
1.58067
1.57942
1.57813
1.57681
1.57545
1.57406
1.57264
1.57118
1.56968
1.56815
1.56658
1.56497
1.56333
1.56165
1.55993
1.55817
1.55637
1.55453
1.55265
1.55073
1.54877
1.54677
1.54473
1.54265
1.54053
1.53837
1.53617
1.53393
1.53165
1.52933
1.52698
1.52458
1.52216
1.5197
1.51721
1.51469
1.51214
1.50957
1.50698
1.50436
1.50174
1.49909
1.49644
1.49379
1.49114
1.48849
1.48585
1.48323
1.48063
1.47806
1.47552
1.47302
1.47057
1.46818
1.46584
1.46358
1.46139
1.45928
1.45727
1.45535
1.45353
1.45182
1.45023
1.44876
1.44741
1.4462
1.44512
1.44419
1.44339
1.44273
1.44222
1.44186
1.44164
1.44156
1.44162
1.44182
1.44216
1.44263
1.44323
1.44395
1.44479
1.44573
1.44678
1.44793
1.44916
1.45047
1.45186
1.4533
1.4548
1.45635
1.45793
1.45953
1.46116
1.46279
1.46442
1.46604
1.46765
1.46923
1.47078
1.47228
1.47374
1.47515
1.47649
1.47777
1.47897
1.48009
1.48113
1.48208
1.48293
1.48369
1.48434
1.48489
1.48532
1.65236
1.65226
1.65214
1.652
1.65183
1.65163
1.6514
1.65115
1.65087
1.65056
1.65023
1.64988
1.6495
1.6491
1.64868
1.64824
1.64778
1.6473
1.6468
1.64628
1.64575
1.6452
1.64464
1.64407
1.64348
1.64288
1.64228
1.64167
1.64105
1.64042
1.63979
1.63915
1.63852
1.63788
1.63724
1.63659
1.63596
1.63532
1.63468
1.63405
1.63342
1.6328
1.63218
1.63157
1.63096
1.63036
1.62977
1.62919
1.62861
1.62804
1.62748
1.62693
1.62639
1.62586
1.62533
1.62482
1.62431
1.62381
1.62332
1.62284
1.62236
1.6219
1.62144
1.62098
1.62053
1.62009
1.61965
1.61922
1.61879
1.61836
1.61794
1.61752
1.6171
1.61668
1.61626
1.61584
1.61542
1.615
1.61457
1.61414
1.6137
1.61326
1.61281
1.61236
1.61189
1.61142
1.61094
1.61045
1.60995
1.60944
1.60891
1.60837
1.60782
1.60725
1.60666
1.60606
1.60544
1.60481
1.60415
1.60348
1.60279
1.60207
1.60134
1.60058
1.59981
1.599
1.59818
1.59733
1.59646
1.59556
1.59463
1.59368
1.5927
1.5917
1.59067
1.58961
1.58852
1.5874
1.58625
1.58507
1.58387
1.58263
1.58136
1.58006
1.57872
1.57736
1.57596
1.57453
1.57306
1.57156
1.57003
1.56846
1.56686
1.56522
1.56355
1.56184
1.56009
1.55831
1.55649
1.55464
1.55275
1.55082
1.54885
1.54685
1.54481
1.54273
1.54062
1.53846
1.53627
1.53405
1.53179
1.52949
1.52716
1.52479
1.5224
1.51996
1.5175
1.51501
1.51249
1.50994
1.50737
1.50478
1.50216
1.49953
1.49689
1.49423
1.49156
1.48889
1.48622
1.48355
1.48089
1.47824
1.47561
1.473
1.47042
1.46787
1.46536
1.46289
1.46048
1.45812
1.45583
1.45361
1.45146
1.4494
1.44743
1.44555
1.44378
1.44211
1.44056
1.43912
1.43781
1.43662
1.43557
1.43465
1.43386
1.43321
1.43271
1.43234
1.43211
1.43202
1.43207
1.43225
1.43257
1.43302
1.43358
1.43427
1.43508
1.436
1.43701
1.43813
1.43933
1.44062
1.44198
1.4434
1.44489
1.44642
1.448
1.4496
1.45123
1.45288
1.45453
1.45619
1.45783
1.45945
1.46106
1.46262
1.46415
1.46563
1.46706
1.46843
1.46973
1.47095
1.4721
1.47317
1.47415
1.47504
1.47583
1.47652
1.4771
1.47757
1.65953
1.65943
1.65931
1.65916
1.65897
1.65876
1.65852
1.65825
1.65796
1.65763
1.65728
1.6569
1.6565
1.65607
1.65561
1.65514
1.65464
1.65412
1.65358
1.65302
1.65245
1.65186
1.65125
1.65063
1.64999
1.64934
1.64869
1.64802
1.64734
1.64666
1.64597
1.64527
1.64457
1.64387
1.64316
1.64246
1.64175
1.64104
1.64034
1.63963
1.63893
1.63824
1.63755
1.63686
1.63618
1.6355
1.63483
1.63417
1.63351
1.63286
1.63222
1.63158
1.63096
1.63034
1.62973
1.62912
1.62853
1.62794
1.62736
1.62678
1.62621
1.62565
1.62509
1.62454
1.62399
1.62345
1.62291
1.62238
1.62184
1.62131
1.62078
1.62025
1.61973
1.6192
1.61866
1.61813
1.61759
1.61705
1.61651
1.61596
1.6154
1.61483
1.61426
1.61368
1.61309
1.61249
1.61187
1.61125
1.61061
1.60996
1.60929
1.60861
1.60791
1.6072
1.60647
1.60572
1.60495
1.60416
1.60335
1.60252
1.60167
1.60079
1.59989
1.59897
1.59802
1.59705
1.59606
1.59503
1.59398
1.59291
1.5918
1.59067
1.58951
1.58832
1.5871
1.58585
1.58457
1.58326
1.58192
1.58055
1.57914
1.57771
1.57624
1.57474
1.5732
1.57163
1.57003
1.56839
1.56672
1.56502
1.56328
1.5615
1.5597
1.55785
1.55597
1.55406
1.55211
1.55012
1.5481
1.54605
1.54396
1.54183
1.53967
1.53747
1.53524
1.53298
1.53068
1.52835
1.52598
1.52358
1.52116
1.5187
1.51621
1.5137
1.51115
1.50859
1.50599
1.50338
1.50074
1.49809
1.49542
1.49274
1.49005
1.48734
1.48464
1.48193
1.47922
1.47652
1.47383
1.47115
1.46849
1.46586
1.46325
1.46067
1.45814
1.45564
1.4532
1.45081
1.44848
1.44622
1.44403
1.44192
1.43989
1.43795
1.43611
1.43437
1.43273
1.4312
1.4298
1.42851
1.42734
1.4263
1.42539
1.42461
1.42397
1.42346
1.42309
1.42285
1.42275
1.42278
1.42294
1.42323
1.42365
1.42419
1.42485
1.42562
1.4265
1.42748
1.42856
1.42973
1.43098
1.43231
1.43371
1.43517
1.43668
1.43824
1.43983
1.44146
1.44311
1.44476
1.44643
1.44809
1.44974
1.45137
1.45298
1.45456
1.45609
1.45758
1.45902
1.46039
1.4617
1.46294
1.46411
1.46519
1.46618
1.46709
1.46789
1.4686
1.46921
1.4697
1.66684
1.66673
1.66661
1.66645
1.66626
1.66604
1.66578
1.6655
1.66518
1.66484
1.66446
1.66406
1.66362
1.66317
1.66268
1.66217
1.66164
1.66108
1.6605
1.6599
1.65928
1.65864
1.65799
1.65732
1.65663
1.65593
1.65522
1.6545
1.65376
1.65302
1.65227
1.65151
1.65075
1.64998
1.64921
1.64844
1.64766
1.64688
1.64611
1.64533
1.64456
1.64379
1.64302
1.64226
1.6415
1.64074
1.63999
1.63925
1.63851
1.63777
1.63705
1.63633
1.63561
1.63491
1.63421
1.63351
1.63283
1.63214
1.63147
1.6308
1.63013
1.62947
1.62882
1.62817
1.62752
1.62688
1.62623
1.6256
1.62496
1.62432
1.62368
1.62304
1.6224
1.62176
1.62111
1.62046
1.61981
1.61915
1.61848
1.61781
1.61713
1.61644
1.61574
1.61503
1.6143
1.61357
1.61282
1.61206
1.61129
1.61049
1.60969
1.60886
1.60802
1.60716
1.60628
1.60538
1.60445
1.60351
1.60254
1.60155
1.60054
1.5995
1.59844
1.59735
1.59624
1.5951
1.59393
1.59273
1.59151
1.59025
1.58897
1.58766
1.58631
1.58494
1.58354
1.5821
1.58063
1.57913
1.5776
1.57603
1.57444
1.5728
1.57114
1.56944
1.56771
1.56594
1.56414
1.56231
1.56044
1.55853
1.55659
1.55462
1.55261
1.55057
1.54849
1.54638
1.54424
1.54206
1.53984
1.5376
1.53532
1.533
1.53066
1.52828
1.52587
1.52343
1.52096
1.51847
1.51594
1.51339
1.51081
1.5082
1.50557
1.50292
1.50025
1.49756
1.49485
1.49213
1.48939
1.48665
1.4839
1.48114
1.47838
1.47562
1.47287
1.47012
1.46738
1.46466
1.46196
1.45929
1.45664
1.45402
1.45145
1.44891
1.44643
1.44399
1.44162
1.4393
1.43706
1.43489
1.4328
1.4308
1.42888
1.42706
1.42534
1.42373
1.42222
1.42083
1.41955
1.4184
1.41737
1.41647
1.41569
1.41504
1.41453
1.41415
1.41389
1.41377
1.41378
1.41392
1.41418
1.41457
1.41507
1.4157
1.41643
1.41727
1.41821
1.41925
1.42038
1.42159
1.42288
1.42425
1.42567
1.42715
1.42868
1.43026
1.43186
1.43349
1.43514
1.4368
1.43847
1.44013
1.44178
1.44341
1.44501
1.44658
1.44811
1.44959
1.45102
1.4524
1.4537
1.45494
1.45611
1.45719
1.45818
1.45909
1.4599
1.46062
1.46123
1.46173
1.67427
1.67416
1.67403
1.67387
1.67367
1.67343
1.67317
1.67286
1.67253
1.67216
1.67176
1.67133
1.67087
1.67038
1.66987
1.66932
1.66875
1.66816
1.66754
1.6669
1.66623
1.66555
1.66485
1.66412
1.66339
1.66263
1.66187
1.66109
1.66029
1.65949
1.65868
1.65786
1.65703
1.6562
1.65536
1.65452
1.65367
1.65283
1.65198
1.65113
1.65028
1.64944
1.64859
1.64775
1.64691
1.64607
1.64524
1.64441
1.64359
1.64277
1.64196
1.64115
1.64035
1.63956
1.63877
1.63798
1.6372
1.63642
1.63565
1.63489
1.63413
1.63337
1.63261
1.63186
1.63111
1.63036
1.62962
1.62887
1.62812
1.62738
1.62663
1.62588
1.62512
1.62437
1.6236
1.62284
1.62206
1.62128
1.62049
1.61969
1.61889
1.61807
1.61724
1.6164
1.61555
1.61468
1.6138
1.6129
1.61198
1.61105
1.6101
1.60913
1.60814
1.60713
1.6061
1.60505
1.60397
1.60287
1.60175
1.6006
1.59943
1.59823
1.597
1.59575
1.59446
1.59315
1.59181
1.59044
1.58904
1.58761
1.58615
1.58466
1.58314
1.58158
1.58
1.57837
1.57672
1.57503
1.57331
1.57156
1.56977
1.56795
1.56609
1.5642
1.56228
1.56032
1.55833
1.5563
1.55424
1.55214
1.55001
1.54785
1.54565
1.54341
1.54115
1.53885
1.53652
1.53416
1.53176
1.52933
1.52687
1.52439
1.52187
1.51932
1.51675
1.51415
1.51152
1.50887
1.50619
1.5035
1.50078
1.49804
1.49528
1.49251
1.48972
1.48693
1.48412
1.4813
1.47848
1.47566
1.47284
1.47002
1.4672
1.4644
1.46161
1.45883
1.45608
1.45335
1.45065
1.44799
1.44536
1.44277
1.44023
1.43774
1.43531
1.43294
1.43063
1.4284
1.42624
1.42416
1.42217
1.42027
1.41846
1.41675
1.41515
1.41365
1.41227
1.411
1.40985
1.40882
1.40791
1.40713
1.40648
1.40595
1.40555
1.40528
1.40514
1.40512
1.40522
1.40545
1.4058
1.40627
1.40685
1.40754
1.40834
1.40924
1.41023
1.41131
1.41248
1.41372
1.41504
1.41643
1.41787
1.41936
1.4209
1.42247
1.42408
1.42571
1.42735
1.429
1.43066
1.4323
1.43394
1.43555
1.43714
1.43869
1.44021
1.44167
1.44309
1.44444
1.44574
1.44696
1.44811
1.44918
1.45016
1.45106
1.45186
1.45257
1.45317
1.45367
1.6818
1.68169
1.68156
1.68139
1.68118
1.68093
1.68065
1.68033
1.67998
1.67959
1.67916
1.67871
1.67822
1.6777
1.67715
1.67657
1.67597
1.67533
1.67467
1.67399
1.67328
1.67255
1.6718
1.67103
1.67024
1.66943
1.66861
1.66777
1.66692
1.66606
1.66518
1.6643
1.66341
1.66251
1.6616
1.66069
1.65978
1.65886
1.65794
1.65701
1.65609
1.65517
1.65424
1.65332
1.6524
1.65148
1.65057
1.64966
1.64875
1.64785
1.64695
1.64605
1.64516
1.64427
1.64339
1.64251
1.64164
1.64077
1.6399
1.63904
1.63818
1.63732
1.63646
1.63561
1.63475
1.6339
1.63305
1.63219
1.63134
1.63048
1.62962
1.62876
1.62789
1.62701
1.62613
1.62525
1.62435
1.62345
1.62254
1.62162
1.62068
1.61974
1.61878
1.6178
1.61682
1.61581
1.61479
1.61376
1.6127
1.61163
1.61054
1.60942
1.60828
1.60713
1.60595
1.60474
1.60351
1.60226
1.60098
1.59967
1.59834
1.59697
1.59558
1.59416
1.59271
1.59124
1.58973
1.58819
1.58661
1.58501
1.58338
1.58171
1.58001
1.57827
1.5765
1.5747
1.57287
1.571
1.56909
1.56715
1.56518
1.56317
1.56113
1.55906
1.55695
1.5548
1.55262
1.55041
1.54816
1.54588
1.54356
1.54122
1.53884
1.53642
1.53398
1.5315
1.52899
1.52646
1.52389
1.52129
1.51867
1.51602
1.51334
1.51064
1.50791
1.50516
1.50239
1.4996
1.49679
1.49396
1.49111
1.48826
1.48539
1.48251
1.47962
1.47673
1.47383
1.47094
1.46804
1.46515
1.46227
1.4594
1.45655
1.45371
1.4509
1.44811
1.44535
1.44262
1.43993
1.43728
1.43467
1.43212
1.42962
1.42718
1.42481
1.4225
1.42026
1.41811
1.41603
1.41404
1.41214
1.41034
1.40864
1.40704
1.40554
1.40416
1.40289
1.40173
1.40069
1.39978
1.39898
1.39831
1.39777
1.39734
1.39704
1.39687
1.39682
1.39689
1.39708
1.39739
1.39781
1.39835
1.39899
1.39974
1.40058
1.40152
1.40255
1.40367
1.40486
1.40613
1.40746
1.40885
1.4103
1.4118
1.41333
1.4149
1.41649
1.41811
1.41973
1.42137
1.423
1.42462
1.42623
1.42782
1.42938
1.43091
1.43239
1.43383
1.43522
1.43655
1.43781
1.43901
1.44013
1.44117
1.44214
1.44301
1.44379
1.44447
1.44506
1.44554
1.68942
1.68931
1.68917
1.68899
1.68877
1.68851
1.68821
1.68788
1.6875
1.68709
1.68665
1.68617
1.68565
1.6851
1.68452
1.6839
1.68326
1.68259
1.68189
1.68116
1.68041
1.67963
1.67883
1.67801
1.67716
1.6763
1.67542
1.67453
1.67362
1.6727
1.67176
1.67081
1.66986
1.66889
1.66792
1.66693
1.66595
1.66496
1.66396
1.66296
1.66196
1.66096
1.65996
1.65896
1.65796
1.65696
1.65596
1.65497
1.65397
1.65298
1.65199
1.65101
1.65003
1.64905
1.64807
1.6471
1.64613
1.64516
1.6442
1.64324
1.64228
1.64132
1.64036
1.6394
1.63844
1.63748
1.63652
1.63556
1.63459
1.63362
1.63265
1.63167
1.63069
1.6297
1.6287
1.62769
1.62668
1.62565
1.62462
1.62357
1.62251
1.62143
1.62034
1.61924
1.61812
1.61698
1.61582
1.61465
1.61345
1.61224
1.611
1.60974
1.60846
1.60715
1.60582
1.60446
1.60308
1.60167
1.60024
1.59877
1.59728
1.59576
1.5942
1.59262
1.59101
1.58936
1.58768
1.58598
1.58423
1.58246
1.58065
1.57881
1.57693
1.57502
1.57308
1.5711
1.56909
1.56704
1.56496
1.56284
1.56069
1.5585
1.55628
1.55403
1.55174
1.54941
1.54705
1.54466
1.54224
1.53978
1.53729
1.53477
1.53221
1.52963
1.52702
1.52437
1.5217
1.519
1.51627
1.51352
1.51074
1.50794
1.50511
1.50226
1.4994
1.49651
1.49361
1.49069
1.48775
1.48481
1.48185
1.47889
1.47592
1.47295
1.46997
1.467
1.46403
1.46107
1.45811
1.45517
1.45224
1.44934
1.44645
1.44359
1.44076
1.43796
1.4352
1.43248
1.42981
1.42718
1.42461
1.4221
1.41964
1.41726
1.41494
1.4127
1.41053
1.40845
1.40646
1.40455
1.40275
1.40104
1.39943
1.39793
1.39653
1.39525
1.39408
1.39303
1.3921
1.39128
1.39059
1.39001
1.38956
1.38923
1.38902
1.38893
1.38896
1.3891
1.38937
1.38974
1.39022
1.39081
1.3915
1.39229
1.39317
1.39414
1.3952
1.39633
1.39754
1.39881
1.40015
1.40154
1.40298
1.40447
1.40599
1.40754
1.40911
1.4107
1.4123
1.4139
1.4155
1.41709
1.41867
1.42022
1.42174
1.42323
1.42467
1.42608
1.42742
1.42871
1.42994
1.4311
1.43219
1.4332
1.43412
1.43496
1.43571
1.43636
1.43692
1.43737
1.69709
1.69698
1.69683
1.69665
1.69642
1.69615
1.69584
1.69548
1.69509
1.69466
1.69419
1.69368
1.69314
1.69255
1.69194
1.69129
1.69061
1.6899
1.68916
1.68838
1.68759
1.68676
1.68591
1.68504
1.68415
1.68323
1.6823
1.68134
1.68037
1.67939
1.67839
1.67738
1.67636
1.67532
1.67428
1.67323
1.67217
1.67111
1.67004
1.66896
1.66789
1.66681
1.66573
1.66464
1.66356
1.66248
1.6614
1.66032
1.65924
1.65816
1.65708
1.65601
1.65493
1.65386
1.65279
1.65173
1.65066
1.6496
1.64853
1.64747
1.64641
1.64535
1.64429
1.64323
1.64216
1.6411
1.64003
1.63896
1.63788
1.6368
1.63571
1.63462
1.63352
1.63241
1.63129
1.63017
1.62903
1.62788
1.62672
1.62555
1.62436
1.62315
1.62193
1.6207
1.61944
1.61817
1.61688
1.61556
1.61423
1.61287
1.61149
1.61009
1.60866
1.60721
1.60573
1.60422
1.60269
1.60112
1.59953
1.59791
1.59626
1.59458
1.59287
1.59113
1.58935
1.58754
1.5857
1.58383
1.58192
1.57998
1.578
1.57599
1.57394
1.57186
1.56975
1.5676
1.56541
1.56319
1.56094
1.55865
1.55632
1.55396
1.55157
1.54914
1.54668
1.54418
1.54165
1.53909
1.5365
1.53387
1.53122
1.52853
1.52581
1.52307
1.52029
1.51749
1.51467
1.51181
1.50894
1.50604
1.50312
1.50017
1.49721
1.49423
1.49124
1.48823
1.48521
1.48217
1.47913
1.47608
1.47303
1.46997
1.46692
1.46386
1.46081
1.45777
1.45474
1.45172
1.44872
1.44574
1.44277
1.43984
1.43693
1.43406
1.43123
1.42843
1.42568
1.42297
1.42032
1.41772
1.41519
1.41271
1.41031
1.40798
1.40572
1.40354
1.40145
1.39944
1.39753
1.3957
1.39398
1.39236
1.39084
1.38943
1.38813
1.38694
1.38587
1.3849
1.38406
1.38334
1.38273
1.38224
1.38187
1.38162
1.38148
1.38146
1.38156
1.38176
1.38208
1.38251
1.38303
1.38366
1.38439
1.3852
1.38611
1.3871
1.38817
1.38931
1.39052
1.39179
1.39312
1.3945
1.39592
1.39738
1.39888
1.4004
1.40194
1.4035
1.40506
1.40662
1.40818
1.40973
1.41126
1.41276
1.41424
1.41568
1.41708
1.41843
1.41973
1.42097
1.42215
1.42326
1.4243
1.42526
1.42614
1.42694
1.42765
1.42826
1.42877
1.42918
1.70479
1.70468
1.70453
1.70434
1.7041
1.70381
1.70349
1.70312
1.70271
1.70225
1.70176
1.70123
1.70065
1.70004
1.69939
1.69871
1.69799
1.69724
1.69646
1.69564
1.6948
1.69393
1.69303
1.69211
1.69116
1.69019
1.6892
1.68819
1.68716
1.68611
1.68505
1.68397
1.68288
1.68178
1.68067
1.67955
1.67842
1.67728
1.67614
1.67499
1.67384
1.67268
1.67152
1.67036
1.66919
1.66803
1.66686
1.66569
1.66453
1.66336
1.66219
1.66103
1.65987
1.6587
1.65754
1.65638
1.65522
1.65405
1.65289
1.65173
1.65057
1.64941
1.64824
1.64708
1.64591
1.64473
1.64356
1.64238
1.64119
1.64
1.6388
1.63759
1.63637
1.63515
1.63391
1.63266
1.6314
1.63013
1.62885
1.62755
1.62623
1.6249
1.62355
1.62218
1.62079
1.61939
1.61796
1.61651
1.61503
1.61354
1.61202
1.61047
1.6089
1.6073
1.60567
1.60402
1.60233
1.60062
1.59888
1.5971
1.5953
1.59346
1.59159
1.58969
1.58776
1.58579
1.58379
1.58175
1.57968
1.57757
1.57543
1.57326
1.57105
1.5688
1.56652
1.5642
1.56185
1.55946
1.55704
1.55459
1.5521
1.54957
1.54701
1.54442
1.54179
1.53913
1.53644
1.53372
1.53097
1.52818
1.52537
1.52253
1.51966
1.51676
1.51384
1.5109
1.50793
1.50493
1.50192
1.49888
1.49583
1.49276
1.48968
1.48658
1.48347
1.48035
1.47722
1.47409
1.47095
1.46781
1.46467
1.46154
1.45841
1.45528
1.45217
1.44907
1.44599
1.44293
1.43989
1.43688
1.43389
1.43094
1.42802
1.42515
1.42231
1.41952
1.41679
1.4141
1.41148
1.40892
1.40642
1.40399
1.40164
1.39936
1.39716
1.39505
1.39302
1.39109
1.38925
1.3875
1.38586
1.38432
1.38288
1.38156
1.38034
1.37923
1.37824
1.37736
1.3766
1.37595
1.37542
1.375
1.3747
1.37451
1.37444
1.37448
1.37463
1.37488
1.37524
1.3757
1.37626
1.37692
1.37767
1.3785
1.37942
1.38041
1.38148
1.38261
1.38381
1.38507
1.38638
1.38774
1.38913
1.39057
1.39203
1.39351
1.39501
1.39652
1.39804
1.39955
1.40106
1.40255
1.40403
1.40548
1.40689
1.40828
1.40962
1.41091
1.41216
1.41334
1.41446
1.41552
1.4165
1.41741
1.41824
1.41898
1.41963
1.42019
1.42066
1.42102
1.7125
1.71239
1.71223
1.71203
1.71178
1.71149
1.71115
1.71076
1.71033
1.70986
1.70934
1.70878
1.70818
1.70753
1.70685
1.70614
1.70538
1.70459
1.70376
1.70291
1.70202
1.7011
1.70015
1.69918
1.69818
1.69715
1.69611
1.69504
1.69395
1.69284
1.69172
1.69058
1.68942
1.68825
1.68707
1.68588
1.68468
1.68347
1.68225
1.68103
1.6798
1.67856
1.67732
1.67608
1.67483
1.67358
1.67233
1.67108
1.66983
1.66857
1.66732
1.66606
1.66481
1.66355
1.66229
1.66104
1.65978
1.65852
1.65726
1.656
1.65474
1.65347
1.65221
1.65093
1.64966
1.64838
1.64709
1.6458
1.64451
1.6432
1.64189
1.64057
1.63924
1.63789
1.63654
1.63517
1.63379
1.6324
1.63099
1.62957
1.62812
1.62666
1.62519
1.62369
1.62217
1.62063
1.61907
1.61748
1.61587
1.61423
1.61257
1.61089
1.60917
1.60743
1.60566
1.60386
1.60203
1.60017
1.59827
1.59635
1.59439
1.5924
1.59038
1.58833
1.58624
1.58411
1.58195
1.57976
1.57753
1.57527
1.57297
1.57063
1.56826
1.56586
1.56342
1.56094
1.55843
1.55588
1.5533
1.55068
1.54804
1.54535
1.54264
1.53989
1.5371
1.53429
1.53145
1.52857
1.52567
1.52274
1.51978
1.51679
1.51378
1.51075
1.50769
1.50461
1.5015
1.49838
1.49524
1.49209
1.48892
1.48573
1.48254
1.47933
1.47612
1.47291
1.46968
1.46646
1.46324
1.46002
1.45681
1.45361
1.45041
1.44724
1.44407
1.44093
1.43781
1.43471
1.43165
1.42861
1.42561
1.42265
1.41974
1.41686
1.41404
1.41127
1.40855
1.40589
1.4033
1.40078
1.39832
1.39594
1.39364
1.39141
1.38928
1.38722
1.38526
1.3834
1.38163
1.37996
1.37839
1.37692
1.37556
1.37431
1.37317
1.37214
1.37122
1.37041
1.36972
1.36913
1.36867
1.36831
1.36807
1.36793
1.36791
1.36799
1.36818
1.36847
1.36886
1.36934
1.36992
1.37059
1.37135
1.37219
1.3731
1.37409
1.37515
1.37627
1.37745
1.37868
1.37996
1.38128
1.38264
1.38403
1.38545
1.38688
1.38833
1.38979
1.39125
1.39271
1.39415
1.39559
1.397
1.39838
1.39974
1.40106
1.40233
1.40356
1.40474
1.40585
1.40691
1.4079
1.40882
1.40967
1.41043
1.41111
1.41171
1.41221
1.41262
1.41292
1.72019
1.72007
1.71991
1.71971
1.71945
1.71914
1.71879
1.71838
1.71793
1.71744
1.7169
1.71631
1.71568
1.71501
1.71429
1.71354
1.71275
1.71192
1.71105
1.71015
1.70922
1.70825
1.70726
1.70623
1.70518
1.7041
1.703
1.70187
1.70072
1.69956
1.69837
1.69717
1.69594
1.69471
1.69346
1.6922
1.69093
1.68964
1.68835
1.68705
1.68574
1.68443
1.68311
1.68179
1.68046
1.67913
1.67779
1.67645
1.67511
1.67377
1.67243
1.67108
1.66974
1.66839
1.66704
1.66569
1.66434
1.66298
1.66162
1.66026
1.6589
1.65753
1.65616
1.65479
1.65341
1.65202
1.65063
1.64923
1.64783
1.64641
1.64498
1.64355
1.6421
1.64065
1.63917
1.63769
1.63619
1.63468
1.63315
1.6316
1.63003
1.62844
1.62684
1.62521
1.62356
1.62189
1.6202
1.61848
1.61673
1.61496
1.61316
1.61134
1.60948
1.6076
1.60569
1.60375
1.60177
1.59977
1.59773
1.59566
1.59355
1.59142
1.58924
1.58704
1.5848
1.58252
1.58021
1.57787
1.57549
1.57307
1.57062
1.56813
1.5656
1.56305
1.56045
1.55782
1.55516
1.55246
1.54973
1.54696
1.54416
1.54133
1.53846
1.53556
1.53264
1.52968
1.52669
1.52367
1.52063
1.51756
1.51447
1.51135
1.5082
1.50504
1.50186
1.49865
1.49543
1.49219
1.48894
1.48567
1.4824
1.47911
1.47582
1.47252
1.46922
1.46591
1.46261
1.45931
1.45602
1.45274
1.44947
1.44621
1.44296
1.43974
1.43654
1.43336
1.43021
1.4271
1.42401
1.42097
1.41796
1.415
1.41209
1.40923
1.40642
1.40367
1.40098
1.39835
1.3958
1.39331
1.3909
1.38857
1.38632
1.38415
1.38207
1.38008
1.37818
1.37638
1.37468
1.37307
1.37157
1.37017
1.36888
1.3677
1.36662
1.36566
1.3648
1.36405
1.36342
1.36289
1.36248
1.36217
1.36197
1.36188
1.36189
1.36201
1.36222
1.36254
1.36294
1.36344
1.36403
1.36471
1.36546
1.36629
1.36719
1.36816
1.3692
1.37029
1.37144
1.37264
1.37388
1.37516
1.37647
1.37781
1.37917
1.38055
1.38194
1.38334
1.38473
1.38612
1.3875
1.38887
1.39021
1.39152
1.3928
1.39405
1.39525
1.39641
1.39751
1.39856
1.39954
1.40046
1.40131
1.40208
1.40277
1.40339
1.40391
1.40435
1.40469
1.40494
1.72783
1.72771
1.72755
1.72733
1.72706
1.72675
1.72638
1.72596
1.72549
1.72497
1.72441
1.72379
1.72314
1.72243
1.72169
1.7209
1.72007
1.7192
1.7183
1.71735
1.71638
1.71536
1.71432
1.71324
1.71214
1.71101
1.70985
1.70867
1.70746
1.70623
1.70498
1.70371
1.70243
1.70113
1.69981
1.69848
1.69713
1.69578
1.69441
1.69304
1.69166
1.69026
1.68887
1.68746
1.68605
1.68464
1.68322
1.6818
1.68037
1.67894
1.67751
1.67608
1.67464
1.6732
1.67176
1.67031
1.66887
1.66742
1.66596
1.6645
1.66304
1.66158
1.6601
1.65863
1.65714
1.65565
1.65415
1.65265
1.65113
1.64961
1.64807
1.64652
1.64496
1.64339
1.64181
1.6402
1.63859
1.63695
1.6353
1.63363
1.63194
1.63023
1.6285
1.62675
1.62497
1.62317
1.62135
1.6195
1.61762
1.61572
1.61378
1.61182
1.60983
1.60781
1.60576
1.60368
1.60157
1.59942
1.59724
1.59503
1.59278
1.5905
1.58818
1.58583
1.58345
1.58103
1.57857
1.57608
1.57355
1.57099
1.56839
1.56575
1.56308
1.56038
1.55764
1.55486
1.55205
1.54921
1.54633
1.54342
1.54048
1.53751
1.5345
1.53147
1.5284
1.52531
1.52219
1.51904
1.51587
1.51267
1.50945
1.50621
1.50295
1.49966
1.49637
1.49305
1.48972
1.48638
1.48302
1.47966
1.47629
1.47291
1.46953
1.46615
1.46278
1.4594
1.45603
1.45267
1.44932
1.44598
1.44266
1.43936
1.43607
1.43282
1.42959
1.42639
1.42322
1.42009
1.417
1.41395
1.41095
1.408
1.4051
1.40225
1.39947
1.39674
1.39408
1.3915
1.38898
1.38653
1.38417
1.38189
1.37969
1.37757
1.37555
1.37362
1.37178
1.37004
1.3684
1.36686
1.36542
1.36408
1.36285
1.36173
1.36071
1.3598
1.359
1.35831
1.35772
1.35724
1.35687
1.3566
1.35644
1.35637
1.35641
1.35655
1.35678
1.35711
1.35752
1.35802
1.35861
1.35927
1.36001
1.36083
1.36171
1.36265
1.36366
1.36472
1.36582
1.36698
1.36817
1.3694
1.37065
1.37193
1.37324
1.37455
1.37587
1.3772
1.37852
1.37984
1.38114
1.38243
1.3837
1.38493
1.38613
1.3873
1.38842
1.3895
1.39052
1.39149
1.39239
1.39323
1.394
1.3947
1.39532
1.39586
1.39631
1.39668
1.39695
1.39713
1.7354
1.73527
1.7351
1.73488
1.73461
1.73428
1.73389
1.73346
1.73297
1.73243
1.73184
1.7312
1.73052
1.72979
1.72901
1.72819
1.72732
1.72642
1.72547
1.72449
1.72346
1.72241
1.72131
1.72019
1.71903
1.71785
1.71663
1.71539
1.71413
1.71284
1.71153
1.7102
1.70885
1.70748
1.7061
1.7047
1.70328
1.70186
1.70042
1.69897
1.69751
1.69604
1.69457
1.69309
1.6916
1.6901
1.6886
1.68709
1.68558
1.68407
1.68255
1.68103
1.6795
1.67797
1.67644
1.6749
1.67336
1.67181
1.67026
1.66871
1.66715
1.66558
1.66401
1.66243
1.66085
1.65925
1.65765
1.65604
1.65441
1.65278
1.65114
1.64948
1.64781
1.64612
1.64442
1.64271
1.64097
1.63922
1.63745
1.63567
1.63386
1.63202
1.63017
1.62829
1.62639
1.62447
1.62252
1.62054
1.61853
1.6165
1.61444
1.61234
1.61022
1.60807
1.60588
1.60367
1.60142
1.59913
1.59682
1.59447
1.59208
1.58966
1.58721
1.58472
1.58219
1.57963
1.57704
1.5744
1.57173
1.56903
1.56629
1.56352
1.56071
1.55786
1.55498
1.55207
1.54913
1.54615
1.54313
1.54009
1.53702
1.53391
1.53077
1.52761
1.52442
1.5212
1.51796
1.51469
1.5114
1.50808
1.50475
1.5014
1.49803
1.49464
1.49124
1.48782
1.48439
1.48096
1.47752
1.47407
1.47062
1.46716
1.46371
1.46026
1.45682
1.45338
1.44995
1.44654
1.44314
1.43976
1.4364
1.43307
1.42976
1.42648
1.42323
1.42002
1.41684
1.41371
1.41062
1.40758
1.40459
1.40165
1.39877
1.39595
1.39319
1.3905
1.38787
1.38532
1.38285
1.38045
1.37813
1.3759
1.37375
1.37169
1.36972
1.36785
1.36607
1.36439
1.3628
1.36132
1.35994
1.35866
1.35748
1.35641
1.35544
1.35458
1.35383
1.35318
1.35263
1.35219
1.35185
1.35161
1.35147
1.35143
1.35148
1.35163
1.35187
1.35219
1.35261
1.3531
1.35367
1.35432
1.35504
1.35583
1.35668
1.35759
1.35855
1.35956
1.36062
1.36172
1.36286
1.36403
1.36522
1.36644
1.36767
1.36891
1.37016
1.37141
1.37266
1.3739
1.37512
1.37633
1.37751
1.37866
1.37978
1.38086
1.38189
1.38288
1.38382
1.3847
1.38552
1.38628
1.38697
1.38758
1.38812
1.38858
1.38895
1.38924
1.38944
1.38954
1.74286
1.74273
1.74256
1.74233
1.74204
1.7417
1.7413
1.74085
1.74035
1.73979
1.73918
1.73851
1.7378
1.73704
1.73623
1.73538
1.73448
1.73353
1.73255
1.73152
1.73045
1.72935
1.72821
1.72704
1.72583
1.72459
1.72333
1.72203
1.72071
1.71936
1.71799
1.7166
1.71518
1.71375
1.7123
1.71083
1.70935
1.70785
1.70634
1.70482
1.70329
1.70175
1.70019
1.69863
1.69707
1.69549
1.69391
1.69232
1.69073
1.68913
1.68752
1.68591
1.6843
1.68268
1.68106
1.67943
1.67779
1.67616
1.67451
1.67286
1.6712
1.66954
1.66787
1.66619
1.66451
1.66281
1.6611
1.65939
1.65766
1.65592
1.65417
1.65241
1.65063
1.64883
1.64702
1.64519
1.64335
1.64148
1.6396
1.63769
1.63576
1.63381
1.63184
1.62984
1.62782
1.62577
1.6237
1.6216
1.61947
1.61731
1.61512
1.6129
1.61065
1.60836
1.60605
1.6037
1.60132
1.59891
1.59646
1.59398
1.59146
1.58891
1.58632
1.5837
1.58104
1.57834
1.57561
1.57285
1.57005
1.56721
1.56434
1.56143
1.55849
1.55551
1.5525
1.54946
1.54639
1.54328
1.54014
1.53697
1.53377
1.53055
1.52729
1.52401
1.5207
1.51737
1.51401
1.51063
1.50723
1.50381
1.50038
1.49692
1.49346
1.48997
1.48648
1.48298
1.47947
1.47595
1.47243
1.46891
1.46539
1.46187
1.45835
1.45485
1.45135
1.44787
1.4444
1.44094
1.43751
1.4341
1.43071
1.42736
1.42403
1.42074
1.41748
1.41426
1.41109
1.40796
1.40488
1.40185
1.39888
1.39596
1.39311
1.39032
1.38759
1.38493
1.38235
1.37984
1.37741
1.37506
1.37279
1.37061
1.36851
1.36651
1.36459
1.36277
1.36104
1.35942
1.35789
1.35646
1.35513
1.3539
1.35277
1.35175
1.35082
1.35
1.34929
1.34867
1.34816
1.34774
1.34743
1.34721
1.34708
1.34705
1.34712
1.34727
1.3475
1.34782
1.34823
1.3487
1.34926
1.34988
1.35057
1.35132
1.35213
1.353
1.35391
1.35487
1.35588
1.35692
1.358
1.3591
1.36022
1.36137
1.36253
1.36369
1.36486
1.36603
1.36719
1.36835
1.36948
1.3706
1.37169
1.37276
1.37379
1.37478
1.37572
1.37662
1.37747
1.37826
1.37899
1.37966
1.38026
1.38079
1.38125
1.38162
1.38191
1.38212
1.38224
1.38227
1.75019
1.75006
1.74988
1.74965
1.74935
1.749
1.74859
1.74812
1.7476
1.74702
1.74638
1.7457
1.74496
1.74417
1.74333
1.74244
1.7415
1.74052
1.7395
1.73843
1.73732
1.73618
1.73499
1.73377
1.73251
1.73122
1.7299
1.72855
1.72717
1.72577
1.72434
1.72289
1.72141
1.71991
1.7184
1.71686
1.71531
1.71375
1.71217
1.71057
1.70897
1.70735
1.70572
1.70409
1.70244
1.70079
1.69913
1.69746
1.69578
1.6941
1.69241
1.69072
1.68902
1.68731
1.6856
1.68388
1.68216
1.68043
1.67869
1.67695
1.6752
1.67344
1.67167
1.66989
1.66811
1.66631
1.66451
1.66269
1.66086
1.65902
1.65716
1.65529
1.65341
1.6515
1.64959
1.64765
1.64569
1.64371
1.64172
1.6397
1.63766
1.63559
1.6335
1.63139
1.62925
1.62708
1.62489
1.62267
1.62042
1.61814
1.61582
1.61348
1.61111
1.6087
1.60626
1.60379
1.60128
1.59874
1.59617
1.59356
1.59092
1.58824
1.58552
1.58277
1.57998
1.57716
1.57431
1.57141
1.56849
1.56552
1.56253
1.5595
1.55643
1.55333
1.5502
1.54704
1.54385
1.54062
1.53736
1.53408
1.53077
1.52743
1.52406
1.52067
1.51726
1.51382
1.51036
1.50688
1.50338
1.49987
1.49634
1.4928
1.48925
1.48568
1.48211
1.47853
1.47495
1.47136
1.46778
1.46419
1.46062
1.45704
1.45348
1.44993
1.44639
1.44287
1.43936
1.43588
1.43242
1.42899
1.42559
1.42222
1.41889
1.41559
1.41234
1.40913
1.40596
1.40285
1.39979
1.39678
1.39383
1.39094
1.38812
1.38536
1.38267
1.38006
1.37752
1.37505
1.37267
1.37036
1.36815
1.36601
1.36397
1.36202
1.36015
1.35839
1.35671
1.35513
1.35366
1.35227
1.35099
1.34981
1.34873
1.34774
1.34686
1.34608
1.34539
1.3448
1.34431
1.34392
1.34362
1.34342
1.3433
1.34328
1.34334
1.34348
1.34371
1.34402
1.3444
1.34486
1.34538
1.34597
1.34662
1.34734
1.3481
1.34892
1.34978
1.35069
1.35163
1.35261
1.35361
1.35465
1.3557
1.35677
1.35784
1.35893
1.36002
1.3611
1.36218
1.36324
1.36429
1.36531
1.36631
1.36729
1.36822
1.36912
1.36997
1.37078
1.37153
1.37223
1.37287
1.37345
1.37396
1.3744
1.37476
1.37505
1.37526
1.37538
1.37542
1.37537
1.75736
1.75723
1.75705
1.75681
1.7565
1.75614
1.75571
1.75523
1.75469
1.75409
1.75344
1.75272
1.75196
1.75114
1.75027
1.74935
1.74838
1.74736
1.7463
1.7452
1.74405
1.74285
1.74162
1.74036
1.73905
1.73771
1.73634
1.73494
1.7335
1.73204
1.73055
1.72904
1.7275
1.72594
1.72437
1.72277
1.72115
1.71952
1.71787
1.71621
1.71453
1.71284
1.71114
1.70943
1.70771
1.70598
1.70424
1.70249
1.70073
1.69897
1.6972
1.69542
1.69364
1.69185
1.69005
1.68824
1.68643
1.68461
1.68278
1.68095
1.67911
1.67726
1.6754
1.67353
1.67164
1.66975
1.66785
1.66593
1.664
1.66206
1.6601
1.65813
1.65614
1.65413
1.65211
1.65007
1.648
1.64592
1.64381
1.64168
1.63953
1.63736
1.63516
1.63293
1.63068
1.6284
1.62609
1.62375
1.62138
1.61898
1.61655
1.61409
1.6116
1.60908
1.60652
1.60393
1.6013
1.59864
1.59594
1.59321
1.59045
1.58765
1.58481
1.58194
1.57904
1.5761
1.57312
1.57011
1.56706
1.56398
1.56087
1.55772
1.55454
1.55133
1.54808
1.54481
1.5415
1.53817
1.53481
1.53142
1.528
1.52456
1.52109
1.5176
1.51409
1.51056
1.50701
1.50344
1.49986
1.49626
1.49265
1.48903
1.48541
1.48177
1.47813
1.47449
1.47084
1.4672
1.46356
1.45993
1.4563
1.45269
1.44909
1.4455
1.44193
1.43839
1.43486
1.43136
1.42789
1.42445
1.42104
1.41767
1.41434
1.41105
1.40781
1.40461
1.40146
1.39837
1.39533
1.39235
1.38944
1.38658
1.3838
1.38108
1.37843
1.37586
1.37336
1.37095
1.36861
1.36636
1.36419
1.36211
1.36012
1.35822
1.35641
1.35469
1.35307
1.35154
1.35011
1.34877
1.34753
1.34639
1.34535
1.3444
1.34355
1.3428
1.34214
1.34158
1.34111
1.34073
1.34045
1.34025
1.34014
1.34011
1.34017
1.3403
1.34051
1.3408
1.34116
1.34159
1.34208
1.34263
1.34324
1.34391
1.34462
1.34539
1.34619
1.34704
1.34792
1.34883
1.34976
1.35072
1.35169
1.35268
1.35368
1.35468
1.35568
1.35667
1.35766
1.35863
1.35959
1.36052
1.36143
1.3623
1.36315
1.36395
1.36471
1.36542
1.36608
1.36668
1.36723
1.36771
1.36813
1.36848
1.36875
1.36895
1.36907
1.36911
1.36906
1.36893
1.76435
1.76422
1.76403
1.76378
1.76347
1.7631
1.76266
1.76216
1.7616
1.76099
1.76031
1.75957
1.75878
1.75794
1.75704
1.75609
1.75508
1.75403
1.75293
1.75179
1.7506
1.74936
1.74809
1.74678
1.74542
1.74404
1.74261
1.74116
1.73967
1.73815
1.73661
1.73504
1.73344
1.73182
1.73018
1.72852
1.72684
1.72514
1.72343
1.7217
1.71995
1.71819
1.71642
1.71463
1.71284
1.71103
1.70922
1.70739
1.70556
1.70372
1.70187
1.70001
1.69814
1.69627
1.69439
1.6925
1.6906
1.68869
1.68678
1.68486
1.68293
1.68098
1.67903
1.67707
1.6751
1.67311
1.67111
1.6691
1.66708
1.66503
1.66298
1.66091
1.65882
1.65671
1.65458
1.65244
1.65027
1.64808
1.64587
1.64364
1.64138
1.6391
1.63679
1.63445
1.63209
1.6297
1.62728
1.62483
1.62235
1.61984
1.6173
1.61473
1.61212
1.60949
1.60681
1.60411
1.60137
1.59859
1.59579
1.59294
1.59006
1.58715
1.5842
1.58122
1.5782
1.57514
1.57205
1.56893
1.56578
1.56259
1.55936
1.55611
1.55282
1.5495
1.54615
1.54278
1.53937
1.53593
1.53247
1.52899
1.52547
1.52194
1.51838
1.51481
1.51121
1.50759
1.50396
1.50032
1.49666
1.49299
1.48931
1.48563
1.48194
1.47824
1.47454
1.47085
1.46716
1.46347
1.45979
1.45611
1.45245
1.44881
1.44518
1.44157
1.43798
1.43442
1.43088
1.42738
1.4239
1.42046
1.41706
1.4137
1.41038
1.4071
1.40388
1.4007
1.39758
1.39452
1.39151
1.38857
1.38569
1.38288
1.38013
1.37746
1.37486
1.37233
1.36989
1.36752
1.36524
1.36304
1.36092
1.35889
1.35695
1.3551
1.35335
1.35168
1.35011
1.34863
1.34724
1.34595
1.34475
1.34365
1.34264
1.34173
1.34091
1.34019
1.33955
1.33901
1.33855
1.33819
1.33791
1.33771
1.3376
1.33757
1.33762
1.33774
1.33793
1.3382
1.33853
1.33892
1.33938
1.33989
1.34045
1.34107
1.34173
1.34244
1.34319
1.34397
1.34478
1.34562
1.34648
1.34736
1.34826
1.34916
1.35008
1.35099
1.3519
1.35281
1.35371
1.35459
1.35545
1.35629
1.3571
1.35788
1.35862
1.35933
1.35999
1.36061
1.36117
1.36168
1.36213
1.36252
1.36285
1.3631
1.36329
1.3634
1.36343
1.36338
1.36325
1.36303
1.77113
1.771
1.77081
1.77055
1.77023
1.76985
1.7694
1.76889
1.76831
1.76767
1.76698
1.76622
1.7654
1.76453
1.76361
1.76262
1.76159
1.7605
1.75937
1.75818
1.75696
1.75568
1.75436
1.75301
1.75161
1.75017
1.7487
1.74719
1.74566
1.74409
1.74249
1.74086
1.73921
1.73753
1.73583
1.73411
1.73236
1.7306
1.72882
1.72702
1.72521
1.72338
1.72154
1.71969
1.71782
1.71594
1.71405
1.71215
1.71025
1.70833
1.7064
1.70446
1.70252
1.70056
1.6986
1.69663
1.69465
1.69266
1.69066
1.68865
1.68664
1.68461
1.68257
1.68052
1.67845
1.67638
1.67429
1.67218
1.67006
1.66793
1.66578
1.66361
1.66143
1.65922
1.657
1.65475
1.65249
1.6502
1.64789
1.64555
1.64319
1.64081
1.6384
1.63596
1.63349
1.631
1.62847
1.62592
1.62333
1.62072
1.61807
1.61539
1.61267
1.60993
1.60715
1.60434
1.60149
1.59861
1.59569
1.59274
1.58975
1.58673
1.58367
1.58058
1.57746
1.5743
1.57111
1.56788
1.56462
1.56133
1.55801
1.55465
1.55127
1.54785
1.54441
1.54094
1.53744
1.53391
1.53036
1.52679
1.52319
1.51958
1.51594
1.51228
1.50861
1.50492
1.50122
1.49751
1.49379
1.49006
1.48632
1.48258
1.47884
1.47509
1.47135
1.46761
1.46388
1.46016
1.45644
1.45275
1.44906
1.4454
1.44175
1.43813
1.43453
1.43097
1.42743
1.42392
1.42045
1.41702
1.41364
1.41029
1.40699
1.40374
1.40054
1.3974
1.39431
1.39128
1.38832
1.38541
1.38258
1.37981
1.37711
1.37449
1.37194
1.36946
1.36707
1.36476
1.36253
1.36038
1.35832
1.35635
1.35446
1.35266
1.35096
1.34934
1.34782
1.34638
1.34504
1.3438
1.34264
1.34158
1.3406
1.33972
1.33893
1.33823
1.33762
1.33709
1.33665
1.33629
1.33602
1.33582
1.33571
1.33567
1.3357
1.33581
1.33598
1.33622
1.33652
1.33688
1.3373
1.33777
1.33829
1.33885
1.33946
1.34011
1.3408
1.34151
1.34226
1.34302
1.34381
1.34462
1.34543
1.34626
1.34709
1.34792
1.34874
1.34956
1.35037
1.35116
1.35193
1.35267
1.35339
1.35407
1.35472
1.35533
1.3559
1.35642
1.35689
1.3573
1.35766
1.35796
1.35819
1.35835
1.35845
1.35847
1.35842
1.35828
1.35807
1.35777
1.77768
1.77755
1.77735
1.77709
1.77676
1.77637
1.77591
1.77538
1.77479
1.77413
1.77342
1.77264
1.7718
1.7709
1.76995
1.76894
1.76787
1.76675
1.76558
1.76436
1.7631
1.76178
1.76042
1.75902
1.75758
1.7561
1.75458
1.75303
1.75144
1.74982
1.74817
1.74649
1.74478
1.74304
1.74128
1.7395
1.7377
1.73587
1.73403
1.73217
1.73029
1.7284
1.72649
1.72457
1.72263
1.72069
1.71873
1.71676
1.71478
1.71278
1.71078
1.70877
1.70675
1.70472
1.70268
1.70063
1.69857
1.6965
1.69442
1.69233
1.69022
1.68811
1.68599
1.68385
1.6817
1.67954
1.67736
1.67517
1.67296
1.67074
1.6685
1.66624
1.66396
1.66166
1.65934
1.65701
1.65464
1.65226
1.64985
1.64742
1.64496
1.64248
1.63997
1.63743
1.63487
1.63227
1.62965
1.62699
1.62431
1.62159
1.61884
1.61606
1.61325
1.6104
1.60752
1.6046
1.60165
1.59867
1.59565
1.5926
1.58951
1.58639
1.58324
1.58005
1.57683
1.57357
1.57028
1.56696
1.56361
1.56022
1.55681
1.55336
1.54989
1.54638
1.54285
1.53929
1.53571
1.5321
1.52848
1.52482
1.52115
1.51746
1.51375
1.51003
1.50629
1.50254
1.49878
1.49501
1.49124
1.48745
1.48367
1.47988
1.4761
1.47232
1.46854
1.46477
1.46101
1.45726
1.45353
1.44981
1.44612
1.44244
1.43879
1.43517
1.43157
1.42801
1.42448
1.42099
1.41753
1.41412
1.41075
1.40743
1.40416
1.40095
1.39778
1.39468
1.39163
1.38864
1.38572
1.38286
1.38007
1.37736
1.37471
1.37214
1.36965
1.36723
1.36489
1.36264
1.36046
1.35837
1.35637
1.35445
1.35262
1.35088
1.34923
1.34766
1.34618
1.3448
1.3435
1.3423
1.34118
1.34015
1.33922
1.33837
1.3376
1.33692
1.33633
1.33582
1.33539
1.33504
1.33477
1.33458
1.33446
1.33441
1.33443
1.33452
1.33467
1.33488
1.33516
1.33548
1.33586
1.33629
1.33676
1.33728
1.33783
1.33843
1.33905
1.3397
1.34038
1.34108
1.3418
1.34253
1.34327
1.34401
1.34476
1.34551
1.34625
1.34698
1.34769
1.34839
1.34907
1.34973
1.35035
1.35094
1.3515
1.35202
1.35249
1.35292
1.35329
1.35361
1.35388
1.35409
1.35423
1.3543
1.35431
1.35425
1.35411
1.35389
1.35359
1.35321
1.78398
1.78384
1.78364
1.78338
1.78304
1.78264
1.78216
1.78162
1.78102
1.78034
1.77961
1.77881
1.77795
1.77702
1.77604
1.775
1.77391
1.77276
1.77156
1.7703
1.769
1.76765
1.76625
1.76481
1.76332
1.7618
1.76023
1.75863
1.757
1.75533
1.75362
1.75189
1.75013
1.74834
1.74653
1.74469
1.74283
1.74094
1.73904
1.73712
1.73518
1.73322
1.73125
1.72926
1.72726
1.72525
1.72322
1.72118
1.71913
1.71707
1.71499
1.71291
1.71082
1.70871
1.7066
1.70447
1.70233
1.70019
1.69803
1.69586
1.69368
1.69149
1.68928
1.68706
1.68483
1.68258
1.68032
1.67805
1.67575
1.67344
1.67112
1.66877
1.6664
1.66402
1.66161
1.65918
1.65673
1.65426
1.65176
1.64924
1.64669
1.64411
1.64151
1.63888
1.63622
1.63353
1.63081
1.62806
1.62528
1.62247
1.61962
1.61675
1.61384
1.61089
1.60792
1.60491
1.60186
1.59879
1.59567
1.59253
1.58935
1.58614
1.58289
1.57961
1.57629
1.57295
1.56957
1.56616
1.56272
1.55925
1.55575
1.55222
1.54867
1.54508
1.54147
1.53784
1.53418
1.53051
1.52681
1.52309
1.51935
1.5156
1.51183
1.50805
1.50425
1.50045
1.49664
1.49282
1.489
1.48518
1.48135
1.47753
1.47372
1.46991
1.4661
1.46231
1.45853
1.45477
1.45103
1.4473
1.4436
1.43993
1.43628
1.43266
1.42908
1.42553
1.42202
1.41854
1.41512
1.41173
1.40839
1.40511
1.40187
1.39869
1.39557
1.39251
1.38951
1.38657
1.3837
1.38089
1.37816
1.3755
1.37291
1.3704
1.36796
1.3656
1.36333
1.36113
1.35902
1.35699
1.35504
1.35318
1.35141
1.34972
1.34812
1.34661
1.34518
1.34385
1.3426
1.34144
1.34036
1.33937
1.33847
1.33765
1.33691
1.33626
1.33568
1.33519
1.33477
1.33443
1.33417
1.33397
1.33385
1.3338
1.3338
1.33388
1.33401
1.3342
1.33444
1.33473
1.33508
1.33547
1.3359
1.33636
1.33687
1.33741
1.33797
1.33857
1.33918
1.33981
1.34046
1.34112
1.34178
1.34245
1.34312
1.34379
1.34445
1.3451
1.34573
1.34634
1.34693
1.3475
1.34804
1.34854
1.34901
1.34943
1.34982
1.35015
1.35044
1.35068
1.35085
1.35097
1.35103
1.35102
1.35094
1.35079
1.35057
1.35027
1.3499
1.34944
1.79
1.78986
1.78966
1.78938
1.78904
1.78863
1.78814
1.78759
1.78697
1.78628
1.78552
1.7847
1.78382
1.78288
1.78187
1.7808
1.77968
1.7785
1.77727
1.77598
1.77464
1.77325
1.77182
1.77034
1.76881
1.76725
1.76564
1.76399
1.76231
1.76059
1.75884
1.75706
1.75525
1.75341
1.75154
1.74965
1.74773
1.74579
1.74383
1.74185
1.73985
1.73784
1.7358
1.73375
1.73169
1.72961
1.72752
1.72541
1.7233
1.72117
1.71903
1.71687
1.71471
1.71253
1.71035
1.70815
1.70594
1.70372
1.70149
1.69924
1.69699
1.69472
1.69244
1.69014
1.68783
1.6855
1.68316
1.68081
1.67843
1.67604
1.67363
1.6712
1.66875
1.66628
1.66379
1.66128
1.65874
1.65618
1.6536
1.65099
1.64835
1.64569
1.643
1.64028
1.63753
1.63475
1.63195
1.62911
1.62624
1.62334
1.6204
1.61744
1.61444
1.61141
1.60834
1.60524
1.60211
1.59895
1.59575
1.59251
1.58925
1.58595
1.58262
1.57925
1.57586
1.57243
1.56897
1.56548
1.56196
1.55841
1.55484
1.55124
1.54761
1.54395
1.54027
1.53657
1.53285
1.52911
1.52535
1.52157
1.51778
1.51397
1.51015
1.50632
1.50248
1.49863
1.49478
1.49092
1.48707
1.48321
1.47936
1.47551
1.47167
1.46784
1.46403
1.46022
1.45644
1.45267
1.44892
1.4452
1.4415
1.43784
1.4342
1.4306
1.42703
1.42351
1.42002
1.41657
1.41318
1.40983
1.40653
1.40328
1.40009
1.39696
1.39388
1.39087
1.38792
1.38504
1.38222
1.37948
1.3768
1.3742
1.37167
1.36922
1.36685
1.36455
1.36234
1.36021
1.35816
1.35619
1.3543
1.3525
1.35079
1.34916
1.34762
1.34616
1.34479
1.3435
1.3423
1.34118
1.34014
1.33919
1.33833
1.33754
1.33683
1.3362
1.33565
1.33518
1.33478
1.33445
1.33419
1.334
1.33387
1.33381
1.33381
1.33387
1.33399
1.33415
1.33437
1.33464
1.33495
1.3353
1.33569
1.33612
1.33657
1.33706
1.33758
1.33811
1.33867
1.33924
1.33982
1.34041
1.34101
1.34161
1.34221
1.3428
1.34338
1.34395
1.3445
1.34504
1.34555
1.34603
1.34648
1.3469
1.34729
1.34763
1.34793
1.34818
1.34838
1.34853
1.34863
1.34866
1.34864
1.34855
1.34839
1.34816
1.34786
1.34749
1.34704
1.34651
1.79572
1.79558
1.79537
1.79509
1.79474
1.79432
1.79383
1.79326
1.79262
1.79192
1.79115
1.79031
1.78941
1.78844
1.78741
1.78632
1.78517
1.78396
1.78269
1.78137
1.78
1.77858
1.77711
1.77559
1.77403
1.77242
1.77077
1.76909
1.76736
1.7656
1.7638
1.76197
1.76011
1.75822
1.75631
1.75436
1.75239
1.7504
1.74839
1.74635
1.7443
1.74222
1.74013
1.73802
1.7359
1.73376
1.73161
1.72944
1.72726
1.72507
1.72286
1.72064
1.71841
1.71617
1.71392
1.71165
1.70937
1.70708
1.70478
1.70246
1.70014
1.6978
1.69544
1.69307
1.69069
1.68829
1.68587
1.68344
1.68099
1.67852
1.67603
1.67352
1.671
1.66845
1.66588
1.66329
1.66067
1.65803
1.65536
1.65267
1.64995
1.64721
1.64443
1.64163
1.6388
1.63594
1.63305
1.63013
1.62718
1.62419
1.62118
1.61813
1.61505
1.61193
1.60879
1.60561
1.60239
1.59915
1.59587
1.59255
1.58921
1.58583
1.58242
1.57898
1.57551
1.57201
1.56847
1.56491
1.56132
1.55771
1.55406
1.55039
1.5467
1.54298
1.53924
1.53548
1.5317
1.52791
1.52409
1.52026
1.51642
1.51257
1.5087
1.50483
1.50095
1.49707
1.49319
1.4893
1.48542
1.48154
1.47767
1.47381
1.46995
1.46611
1.46229
1.45848
1.45469
1.45093
1.44719
1.44348
1.43979
1.43614
1.43253
1.42895
1.42541
1.42191
1.41845
1.41505
1.41169
1.40838
1.40512
1.40192
1.39878
1.3957
1.39268
1.38972
1.38683
1.384
1.38125
1.37857
1.37595
1.37342
1.37095
1.36857
1.36626
1.36403
1.36189
1.35982
1.35783
1.35593
1.35411
1.35237
1.35072
1.34915
1.34767
1.34627
1.34495
1.34371
1.34256
1.34149
1.3405
1.33959
1.33876
1.33801
1.33733
1.33673
1.33621
1.33575
1.33537
1.33505
1.33481
1.33462
1.3345
1.33444
1.33443
1.33448
1.33458
1.33474
1.33493
1.33518
1.33546
1.33578
1.33613
1.33652
1.33694
1.33738
1.33785
1.33834
1.33884
1.33936
1.33988
1.34041
1.34095
1.34148
1.34202
1.34254
1.34305
1.34355
1.34403
1.34449
1.34493
1.34534
1.34571
1.34606
1.34636
1.34663
1.34685
1.34702
1.34715
1.34722
1.34724
1.3472
1.3471
1.34693
1.3467
1.3464
1.34603
1.34558
1.34506
1.34446
1.80112
1.80098
1.80077
1.80049
1.80013
1.7997
1.79919
1.79862
1.79797
1.79725
1.79646
1.7956
1.79468
1.79369
1.79264
1.79152
1.79035
1.78911
1.78782
1.78647
1.78507
1.78361
1.78211
1.78056
1.77896
1.77731
1.77563
1.7739
1.77213
1.77033
1.76849
1.76661
1.76471
1.76277
1.76081
1.75882
1.7568
1.75476
1.75269
1.7506
1.74849
1.74637
1.74422
1.74206
1.73988
1.73768
1.73547
1.73324
1.731
1.72875
1.72648
1.7242
1.72191
1.71961
1.71729
1.71496
1.71262
1.71026
1.70789
1.70551
1.70312
1.70071
1.69828
1.69584
1.69339
1.69092
1.68843
1.68593
1.68341
1.68087
1.67831
1.67573
1.67313
1.6705
1.66786
1.66519
1.6625
1.65978
1.65704
1.65428
1.65148
1.64866
1.64581
1.64293
1.64002
1.63709
1.63412
1.63112
1.62809
1.62503
1.62194
1.61881
1.61565
1.61246
1.60924
1.60599
1.6027
1.59938
1.59603
1.59264
1.58922
1.58578
1.5823
1.57879
1.57524
1.57168
1.56808
1.56445
1.5608
1.55712
1.55341
1.54969
1.54593
1.54216
1.53837
1.53456
1.53073
1.52688
1.52303
1.51915
1.51527
1.51138
1.50748
1.50358
1.49967
1.49576
1.49185
1.48795
1.48404
1.48015
1.47627
1.47239
1.46854
1.46469
1.46087
1.45706
1.45328
1.44953
1.4458
1.44211
1.43844
1.43482
1.43123
1.42768
1.42417
1.42071
1.41729
1.41392
1.41061
1.40735
1.40414
1.40099
1.3979
1.39488
1.39191
1.38902
1.38619
1.38343
1.38074
1.37812
1.37557
1.3731
1.37071
1.36839
1.36616
1.364
1.36192
1.35992
1.358
1.35617
1.35441
1.35274
1.35115
1.34965
1.34822
1.34688
1.34562
1.34444
1.34334
1.34232
1.34137
1.34051
1.33972
1.339
1.33836
1.3378
1.3373
1.33687
1.33651
1.33621
1.33598
1.3358
1.33569
1.33563
1.33563
1.33567
1.33577
1.33591
1.33609
1.33632
1.33658
1.33687
1.3372
1.33756
1.33795
1.33835
1.33878
1.33922
1.33968
1.34015
1.34063
1.34111
1.34159
1.34207
1.34254
1.343
1.34346
1.34389
1.34431
1.3447
1.34507
1.34541
1.34572
1.346
1.34624
1.34643
1.34658
1.34669
1.34675
1.34675
1.3467
1.34659
1.34642
1.34618
1.34589
1.34552
1.34508
1.34457
1.34399
1.34333
1.80618
1.80604
1.80583
1.80554
1.80518
1.80474
1.80423
1.80364
1.80298
1.80224
1.80144
1.80057
1.79963
1.79862
1.79754
1.79641
1.79521
1.79395
1.79263
1.79125
1.78982
1.78833
1.7868
1.78521
1.78358
1.7819
1.78018
1.77841
1.77661
1.77476
1.77288
1.77097
1.76902
1.76704
1.76503
1.76299
1.76093
1.75884
1.75673
1.75459
1.75243
1.75025
1.74806
1.74584
1.74361
1.74136
1.73909
1.73681
1.73452
1.73221
1.72988
1.72755
1.7252
1.72283
1.72046
1.71807
1.71566
1.71325
1.71082
1.70837
1.70591
1.70344
1.70095
1.69845
1.69593
1.6934
1.69084
1.68827
1.68569
1.68308
1.68045
1.6778
1.67513
1.67244
1.66973
1.66699
1.66423
1.66144
1.65863
1.65579
1.65293
1.65004
1.64712
1.64417
1.64119
1.63818
1.63514
1.63207
1.62897
1.62584
1.62268
1.61948
1.61626
1.613
1.60971
1.60638
1.60303
1.59964
1.59622
1.59277
1.58929
1.58577
1.58223
1.57866
1.57505
1.57143
1.56777
1.56408
1.56037
1.55664
1.55288
1.5491
1.5453
1.54148
1.53764
1.53379
1.52992
1.52603
1.52214
1.51823
1.51431
1.51039
1.50647
1.50254
1.49861
1.49468
1.49075
1.48683
1.48292
1.47902
1.47513
1.47125
1.46739
1.46356
1.45974
1.45595
1.45218
1.44844
1.44473
1.44106
1.43742
1.43382
1.43027
1.42675
1.42328
1.41986
1.41648
1.41316
1.4099
1.40669
1.40353
1.40044
1.39741
1.39444
1.39154
1.38871
1.38594
1.38325
1.38063
1.37808
1.3756
1.37321
1.37088
1.36864
1.36647
1.36438
1.36238
1.36045
1.3586
1.35684
1.35515
1.35355
1.35202
1.35058
1.34922
1.34794
1.34674
1.34561
1.34457
1.3436
1.34271
1.34189
1.34114
1.34047
1.33987
1.33934
1.33887
1.33847
1.33814
1.33786
1.33765
1.33749
1.33739
1.33734
1.33734
1.33739
1.33749
1.33762
1.3378
1.33801
1.33826
1.33854
1.33885
1.33918
1.33954
1.33992
1.34032
1.34073
1.34115
1.34158
1.34202
1.34245
1.34289
1.34332
1.34375
1.34416
1.34456
1.34494
1.34531
1.34564
1.34596
1.34624
1.34649
1.34671
1.34688
1.34702
1.34711
1.34716
1.34715
1.3471
1.34698
1.34681
1.34658
1.34629
1.34593
1.34551
1.34502
1.34445
1.34381
1.3431
1.81089
1.81075
1.81054
1.81024
1.80987
1.80943
1.80891
1.80831
1.80764
1.80689
1.80607
1.80518
1.80422
1.8032
1.8021
1.80095
1.79972
1.79844
1.7971
1.79569
1.79424
1.79272
1.79116
1.78954
1.78788
1.78617
1.78441
1.78261
1.78077
1.77889
1.77697
1.77502
1.77303
1.77101
1.76896
1.76688
1.76477
1.76264
1.76048
1.7583
1.7561
1.75387
1.75163
1.74936
1.74708
1.74478
1.74247
1.74013
1.73779
1.73543
1.73305
1.73066
1.72825
1.72584
1.7234
1.72096
1.7185
1.71603
1.71354
1.71104
1.70852
1.70599
1.70344
1.70088
1.6983
1.69571
1.69309
1.69046
1.68781
1.68514
1.68245
1.67974
1.67701
1.67426
1.67148
1.66868
1.66585
1.663
1.66013
1.65722
1.65429
1.65134
1.64835
1.64534
1.64229
1.63922
1.63612
1.63298
1.62982
1.62662
1.62339
1.62014
1.61685
1.61352
1.61017
1.60678
1.60337
1.59992
1.59644
1.59293
1.58939
1.58582
1.58222
1.57859
1.57493
1.57125
1.56754
1.5638
1.56005
1.55626
1.55246
1.54864
1.54479
1.54093
1.53705
1.53316
1.52926
1.52534
1.52141
1.51748
1.51353
1.50959
1.50564
1.50169
1.49774
1.4938
1.48987
1.48594
1.48202
1.47812
1.47423
1.47036
1.4665
1.46267
1.45887
1.45509
1.45134
1.44763
1.44395
1.4403
1.43669
1.43313
1.4296
1.42613
1.4227
1.41932
1.416
1.41272
1.40951
1.40635
1.40326
1.40022
1.39725
1.39435
1.39151
1.38874
1.38605
1.38342
1.38087
1.37839
1.37599
1.37366
1.37141
1.36924
1.36714
1.36513
1.3632
1.36134
1.35957
1.35787
1.35626
1.35472
1.35327
1.35189
1.35059
1.34937
1.34823
1.34717
1.34618
1.34527
1.34443
1.34366
1.34296
1.34234
1.34178
1.34128
1.34086
1.34049
1.34019
1.33994
1.33975
1.33961
1.33953
1.3395
1.33951
1.33957
1.33967
1.33981
1.33999
1.3402
1.34044
1.34071
1.34101
1.34133
1.34167
1.34203
1.3424
1.34279
1.34319
1.34359
1.34399
1.3444
1.3448
1.34519
1.34558
1.34595
1.34631
1.34665
1.34697
1.34726
1.34753
1.34776
1.34797
1.34813
1.34826
1.34835
1.34839
1.34838
1.34832
1.34822
1.34805
1.34783
1.34755
1.34721
1.3468
1.34633
1.34578
1.34517
1.34449
1.34373
1.81524
1.81509
1.81487
1.81458
1.8142
1.81375
1.81322
1.81261
1.81193
1.81117
1.81034
1.80944
1.80846
1.80742
1.80631
1.80513
1.80389
1.80258
1.80122
1.79979
1.79831
1.79677
1.79518
1.79353
1.79184
1.7901
1.78831
1.78648
1.7846
1.78269
1.78074
1.77875
1.77672
1.77467
1.77258
1.77046
1.76831
1.76614
1.76394
1.76172
1.75947
1.75721
1.75492
1.75261
1.75028
1.74794
1.74558
1.7432
1.7408
1.73839
1.73597
1.73353
1.73108
1.72861
1.72612
1.72363
1.72112
1.71859
1.71605
1.7135
1.71093
1.70834
1.70574
1.70313
1.70049
1.69784
1.69517
1.69248
1.68978
1.68705
1.68431
1.68154
1.67875
1.67594
1.6731
1.67024
1.66736
1.66445
1.66151
1.65855
1.65556
1.65255
1.6495
1.64643
1.64333
1.64019
1.63703
1.63384
1.63062
1.62736
1.62408
1.62076
1.61741
1.61403
1.61062
1.60718
1.60371
1.60021
1.59667
1.59311
1.58952
1.5859
1.58225
1.57857
1.57487
1.57114
1.56738
1.5636
1.5598
1.55598
1.55213
1.54827
1.54439
1.5405
1.53659
1.53266
1.52873
1.52478
1.52083
1.51687
1.51291
1.50895
1.50498
1.50102
1.49706
1.49311
1.48917
1.48524
1.48132
1.47742
1.47354
1.46968
1.46584
1.46202
1.45823
1.45447
1.45075
1.44706
1.4434
1.43979
1.43621
1.43269
1.4292
1.42577
1.42238
1.41905
1.41578
1.41256
1.4094
1.40629
1.40326
1.40028
1.39738
1.39454
1.39176
1.38906
1.38643
1.38388
1.3814
1.37899
1.37666
1.3744
1.37223
1.37013
1.36811
1.36617
1.3643
1.36252
1.36082
1.3592
1.35765
1.35619
1.3548
1.35349
1.35226
1.35111
1.35003
1.34903
1.3481
1.34724
1.34645
1.34574
1.34509
1.34451
1.344
1.34355
1.34316
1.34284
1.34257
1.34235
1.34219
1.34208
1.34202
1.34201
1.34204
1.34212
1.34223
1.34238
1.34256
1.34278
1.34302
1.3433
1.34359
1.34391
1.34424
1.34459
1.34495
1.34532
1.3457
1.34608
1.34647
1.34685
1.34722
1.34759
1.34795
1.34829
1.34862
1.34893
1.34921
1.34947
1.3497
1.3499
1.35006
1.35019
1.35028
1.35032
1.35032
1.35028
1.35018
1.35003
1.34983
1.34956
1.34924
1.34886
1.34841
1.3479
1.34731
1.34666
1.34594
1.34514
1.81919
1.81904
1.81882
1.81852
1.81815
1.81769
1.81715
1.81653
1.81584
1.81507
1.81423
1.81331
1.81233
1.81127
1.81014
1.80894
1.80768
1.80636
1.80497
1.80352
1.80202
1.80046
1.79884
1.79717
1.79545
1.79368
1.79186
1.79
1.7881
1.78616
1.78417
1.78215
1.78009
1.778
1.77588
1.77373
1.77154
1.76933
1.7671
1.76484
1.76255
1.76025
1.75792
1.75557
1.7532
1.75082
1.74841
1.74599
1.74355
1.7411
1.73863
1.73615
1.73365
1.73114
1.72861
1.72606
1.72351
1.72093
1.71835
1.71575
1.71313
1.71049
1.70784
1.70518
1.70249
1.69979
1.69707
1.69433
1.69158
1.6888
1.686
1.68318
1.68034
1.67747
1.67459
1.67168
1.66874
1.66578
1.66279
1.65977
1.65673
1.65366
1.65057
1.64744
1.64428
1.6411
1.63789
1.63464
1.63136
1.62806
1.62472
1.62135
1.61796
1.61453
1.61107
1.60758
1.60405
1.6005
1.59692
1.59331
1.58967
1.58601
1.58231
1.57859
1.57485
1.57108
1.56728
1.56347
1.55963
1.55577
1.55189
1.548
1.54409
1.54016
1.53622
1.53228
1.52832
1.52435
1.52038
1.5164
1.51243
1.50845
1.50448
1.50051
1.49654
1.49259
1.48865
1.48472
1.4808
1.47691
1.47304
1.46918
1.46536
1.46156
1.45779
1.45406
1.45036
1.44669
1.44307
1.43949
1.43595
1.43246
1.42902
1.42562
1.42229
1.419
1.41578
1.41261
1.4095
1.40646
1.40348
1.40057
1.39772
1.39494
1.39224
1.3896
1.38704
1.38455
1.38214
1.3798
1.37754
1.37536
1.37326
1.37123
1.36928
1.36741
1.36563
1.36391
1.36228
1.36073
1.35926
1.35786
1.35654
1.3553
1.35414
1.35305
1.35203
1.35109
1.35022
1.34942
1.3487
1.34804
1.34744
1.34691
1.34645
1.34604
1.3457
1.34541
1.34518
1.345
1.34488
1.3448
1.34477
1.34478
1.34484
1.34493
1.34507
1.34523
1.34543
1.34566
1.34591
1.34619
1.34649
1.34681
1.34714
1.34749
1.34785
1.34821
1.34858
1.34896
1.34933
1.3497
1.35006
1.35041
1.35075
1.35107
1.35138
1.35166
1.35192
1.35216
1.35236
1.35253
1.35267
1.35277
1.35283
1.35284
1.35281
1.35274
1.35261
1.35243
1.35219
1.3519
1.35154
1.35113
1.35065
1.3501
1.34949
1.34881
1.34805
1.34723
1.82275
1.8226
1.82238
1.82208
1.82169
1.82123
1.82068
1.82006
1.81936
1.81858
1.81773
1.8168
1.8158
1.81473
1.81358
1.81237
1.8111
1.80975
1.80835
1.80688
1.80536
1.80377
1.80213
1.80044
1.7987
1.7969
1.79506
1.79318
1.79125
1.78927
1.78726
1.78521
1.78312
1.781
1.77885
1.77666
1.77445
1.77221
1.76994
1.76764
1.76532
1.76298
1.76062
1.75823
1.75583
1.75341
1.75096
1.74851
1.74603
1.74354
1.74103
1.73851
1.73597
1.73341
1.73084
1.72826
1.72566
1.72305
1.72042
1.71777
1.71511
1.71243
1.70974
1.70703
1.7043
1.70155
1.69879
1.696
1.6932
1.69038
1.68753
1.68467
1.68178
1.67887
1.67593
1.67297
1.66999
1.66698
1.66395
1.66089
1.6578
1.65468
1.65154
1.64836
1.64516
1.64193
1.63867
1.63538
1.63205
1.6287
1.62532
1.62191
1.61846
1.61499
1.61149
1.60795
1.60439
1.6008
1.59717
1.59352
1.58984
1.58614
1.58241
1.57865
1.57487
1.57106
1.56724
1.56339
1.55952
1.55563
1.55172
1.5478
1.54387
1.53992
1.53596
1.53199
1.52801
1.52403
1.52004
1.51605
1.51207
1.50808
1.5041
1.50013
1.49616
1.49221
1.48827
1.48434
1.48043
1.47655
1.47269
1.46885
1.46504
1.46126
1.45751
1.4538
1.45013
1.44649
1.4429
1.43935
1.43585
1.4324
1.429
1.42565
1.42236
1.41912
1.41595
1.41283
1.40978
1.40679
1.40387
1.40101
1.39823
1.39551
1.39287
1.3903
1.3878
1.38538
1.38304
1.38077
1.37858
1.37646
1.37443
1.37247
1.3706
1.3688
1.36708
1.36544
1.36388
1.36239
1.36099
1.35966
1.35841
1.35723
1.35613
1.35511
1.35415
1.35327
1.35246
1.35172
1.35105
1.35045
1.3499
1.34943
1.34901
1.34865
1.34835
1.34811
1.34792
1.34778
1.34769
1.34765
1.34765
1.3477
1.34778
1.34791
1.34806
1.34825
1.34847
1.34871
1.34898
1.34928
1.34959
1.34991
1.35026
1.35061
1.35097
1.35134
1.35171
1.35208
1.35245
1.35281
1.35317
1.35351
1.35384
1.35415
1.35445
1.35472
1.35497
1.35518
1.35537
1.35553
1.35565
1.35573
1.35577
1.35576
1.35571
1.35561
1.35546
1.35526
1.355
1.35469
1.35431
1.35387
1.35337
1.35281
1.35217
1.35146
1.35069
1.34984
1.8259
1.82575
1.82552
1.82522
1.82483
1.82436
1.82381
1.82318
1.82247
1.82169
1.82082
1.81989
1.81887
1.81779
1.81663
1.81541
1.81412
1.81276
1.81134
1.80985
1.80831
1.80671
1.80505
1.80334
1.80157
1.79976
1.79789
1.79598
1.79403
1.79203
1.79
1.78792
1.78581
1.78366
1.78148
1.77926
1.77702
1.77475
1.77245
1.77013
1.76778
1.7654
1.76301
1.76059
1.75816
1.7557
1.75323
1.75073
1.74822
1.7457
1.74315
1.74059
1.73802
1.73543
1.73282
1.7302
1.72757
1.72492
1.72225
1.71957
1.71687
1.71415
1.71142
1.70867
1.7059
1.70312
1.70031
1.69749
1.69464
1.69178
1.6889
1.68599
1.68306
1.68011
1.67713
1.67413
1.67111
1.66806
1.66498
1.66188
1.65875
1.65559
1.65241
1.64919
1.64595
1.64268
1.63937
1.63604
1.63268
1.62929
1.62587
1.62241
1.61893
1.61542
1.61188
1.60831
1.60471
1.60108
1.59742
1.59373
1.59002
1.58628
1.58252
1.57873
1.57492
1.57108
1.56723
1.56335
1.55946
1.55554
1.55161
1.54767
1.54371
1.53975
1.53577
1.53178
1.52779
1.5238
1.5198
1.5158
1.51181
1.50782
1.50383
1.49986
1.49589
1.49194
1.488
1.48409
1.48019
1.47631
1.47246
1.46864
1.46485
1.46109
1.45737
1.45368
1.45003
1.44643
1.44287
1.43935
1.43589
1.43247
1.42911
1.42581
1.42256
1.41937
1.41624
1.41317
1.41017
1.40723
1.40437
1.40157
1.39884
1.39618
1.3936
1.39109
1.38866
1.3863
1.38402
1.38181
1.37969
1.37764
1.37567
1.37378
1.37197
1.37024
1.36858
1.36701
1.36551
1.3641
1.36276
1.36149
1.3603
1.35919
1.35815
1.35719
1.3563
1.35547
1.35472
1.35404
1.35342
1.35287
1.35238
1.35195
1.35158
1.35127
1.35102
1.35082
1.35067
1.35058
1.35053
1.35052
1.35056
1.35064
1.35075
1.3509
1.35109
1.3513
1.35154
1.35181
1.3521
1.35241
1.35274
1.35308
1.35344
1.3538
1.35418
1.35455
1.35493
1.35531
1.35568
1.35605
1.3564
1.35675
1.35708
1.35739
1.35768
1.35794
1.35818
1.3584
1.35858
1.35872
1.35883
1.3589
1.35893
1.35892
1.35885
1.35874
1.35858
1.35836
1.35809
1.35776
1.35737
1.35692
1.3564
1.35582
1.35517
1.35445
1.35366
1.3528
1.82862
1.82847
1.82825
1.82794
1.82755
1.82707
1.82652
1.82588
1.82517
1.82438
1.8235
1.82256
1.82154
1.82044
1.81927
1.81804
1.81673
1.81536
1.81393
1.81243
1.81087
1.80925
1.80757
1.80584
1.80406
1.80223
1.80035
1.79842
1.79644
1.79442
1.79236
1.79027
1.78813
1.78596
1.78376
1.78152
1.77925
1.77695
1.77463
1.77228
1.7699
1.7675
1.76508
1.76264
1.76017
1.75769
1.75519
1.75267
1.75013
1.74757
1.745
1.74241
1.7398
1.73718
1.73454
1.73189
1.72922
1.72654
1.72384
1.72113
1.71839
1.71564
1.71288
1.7101
1.70729
1.70448
1.70164
1.69878
1.6959
1.693
1.69008
1.68714
1.68418
1.68119
1.67818
1.67514
1.67208
1.669
1.66589
1.66275
1.65958
1.65639
1.65317
1.64992
1.64664
1.64334
1.64
1.63663
1.63324
1.62981
1.62636
1.62287
1.61935
1.61581
1.61224
1.60863
1.605
1.60134
1.59765
1.59394
1.5902
1.58643
1.58264
1.57883
1.57499
1.57113
1.56725
1.56335
1.55944
1.5555
1.55155
1.54759
1.54362
1.53964
1.53564
1.53165
1.52764
1.52364
1.51963
1.51563
1.51163
1.50764
1.50365
1.49968
1.49571
1.49177
1.48784
1.48393
1.48004
1.47618
1.47234
1.46854
1.46476
1.46102
1.45732
1.45366
1.45004
1.44646
1.44293
1.43944
1.43601
1.43263
1.42931
1.42604
1.42283
1.41968
1.4166
1.41358
1.41062
1.40774
1.40492
1.40217
1.3995
1.39689
1.39437
1.39191
1.38953
1.38723
1.38501
1.38287
1.3808
1.37881
1.3769
1.37507
1.37332
1.37165
1.37006
1.36855
1.36711
1.36575
1.36447
1.36327
1.36214
1.36109
1.3601
1.3592
1.35836
1.35759
1.35689
1.35626
1.3557
1.3552
1.35476
1.35438
1.35406
1.35379
1.35358
1.35343
1.35332
1.35326
1.35325
1.35328
1.35335
1.35347
1.35361
1.3538
1.35401
1.35425
1.35452
1.35481
1.35513
1.35546
1.35581
1.35617
1.35655
1.35693
1.35731
1.3577
1.35809
1.35848
1.35886
1.35924
1.3596
1.35995
1.36029
1.3606
1.36089
1.36116
1.3614
1.36162
1.3618
1.36194
1.36205
1.36211
1.36214
1.36212
1.36205
1.36194
1.36177
1.36154
1.36127
1.36093
1.36053
1.36007
1.35955
1.35896
1.3583
1.35758
1.35678
1.35591
1.83092
1.83077
1.83054
1.83023
1.82984
1.82936
1.8288
1.82816
1.82744
1.82664
1.82576
1.82481
1.82378
1.82268
1.8215
1.82025
1.81894
1.81755
1.81611
1.8146
1.81302
1.81139
1.8097
1.80796
1.80616
1.80431
1.80241
1.80047
1.79847
1.79644
1.79436
1.79225
1.79009
1.7879
1.78568
1.78342
1.78113
1.77881
1.77647
1.7741
1.7717
1.76928
1.76683
1.76436
1.76188
1.75937
1.75684
1.7543
1.75173
1.74915
1.74655
1.74394
1.74131
1.73866
1.736
1.73332
1.73062
1.72791
1.72519
1.72244
1.71968
1.71691
1.71411
1.7113
1.70847
1.70563
1.70276
1.69987
1.69697
1.69404
1.69109
1.68812
1.68513
1.68211
1.67907
1.67601
1.67292
1.6698
1.66666
1.66349
1.6603
1.65708
1.65383
1.65055
1.64724
1.6439
1.64054
1.63714
1.63372
1.63026
1.62678
1.62327
1.61973
1.61615
1.61255
1.60892
1.60527
1.60158
1.59787
1.59413
1.59037
1.58658
1.58277
1.57893
1.57507
1.57119
1.56729
1.56338
1.55944
1.55549
1.55153
1.54756
1.54357
1.53958
1.53557
1.53157
1.52756
1.52354
1.51953
1.51553
1.51152
1.50753
1.50354
1.49957
1.49561
1.49167
1.48775
1.48384
1.47997
1.47612
1.47229
1.4685
1.46475
1.46102
1.45734
1.4537
1.4501
1.44655
1.44304
1.43959
1.43619
1.43284
1.42955
1.42632
1.42314
1.42003
1.41699
1.41401
1.41109
1.40825
1.40548
1.40278
1.40015
1.39759
1.39511
1.39271
1.39038
1.38813
1.38596
1.38387
1.38185
1.37992
1.37806
1.37628
1.37459
1.37297
1.37143
1.36997
1.36859
1.36729
1.36606
1.36491
1.36383
1.36283
1.3619
1.36104
1.36025
1.35954
1.35889
1.3583
1.35778
1.35733
1.35693
1.3566
1.35632
1.3561
1.35593
1.35581
1.35574
1.35572
1.35575
1.35581
1.35592
1.35606
1.35624
1.35646
1.3567
1.35697
1.35726
1.35758
1.35792
1.35828
1.35865
1.35903
1.35942
1.35982
1.36023
1.36064
1.36104
1.36144
1.36184
1.36222
1.3626
1.36296
1.3633
1.36362
1.36393
1.3642
1.36445
1.36466
1.36485
1.365
1.3651
1.36517
1.3652
1.36518
1.36511
1.365
1.36483
1.36461
1.36433
1.36399
1.36359
1.36313
1.3626
1.36201
1.36135
1.36062
1.35982
1.35895
1.83278
1.83262
1.8324
1.83209
1.83169
1.83121
1.83065
1.83
1.82928
1.82848
1.82759
1.82663
1.82559
1.82448
1.8233
1.82205
1.82072
1.81933
1.81787
1.81635
1.81477
1.81313
1.81143
1.80967
1.80786
1.806
1.80409
1.80213
1.80012
1.79807
1.79598
1.79385
1.79168
1.78947
1.78723
1.78496
1.78266
1.78032
1.77796
1.77557
1.77315
1.77071
1.76825
1.76576
1.76326
1.76073
1.75818
1.75562
1.75304
1.75043
1.74782
1.74518
1.74253
1.73986
1.73718
1.73448
1.73176
1.72903
1.72628
1.72352
1.72074
1.71794
1.71512
1.71229
1.70944
1.70656
1.70367
1.70077
1.69784
1.69489
1.69191
1.68892
1.6859
1.68286
1.6798
1.67671
1.6736
1.67046
1.66729
1.6641
1.66089
1.65764
1.65437
1.65106
1.64773
1.64437
1.64099
1.63757
1.63412
1.63065
1.62714
1.6236
1.62004
1.61645
1.61283
1.60918
1.6055
1.60179
1.59806
1.59431
1.59052
1.58672
1.58289
1.57903
1.57516
1.57126
1.56735
1.56342
1.55947
1.55551
1.55154
1.54755
1.54356
1.53955
1.53554
1.53153
1.52751
1.5235
1.51948
1.51547
1.51147
1.50747
1.50349
1.49952
1.49556
1.49163
1.48771
1.48382
1.47995
1.47611
1.4723
1.46852
1.46477
1.46107
1.4574
1.45378
1.4502
1.44667
1.44319
1.43976
1.43638
1.43306
1.4298
1.4266
1.42345
1.42038
1.41736
1.41442
1.41154
1.40873
1.40599
1.40333
1.40074
1.39822
1.39578
1.39342
1.39114
1.38893
1.3868
1.38475
1.38278
1.38089
1.37908
1.37735
1.3757
1.37412
1.37263
1.37122
1.36988
1.36862
1.36744
1.36633
1.3653
1.36434
1.36345
1.36264
1.36189
1.36122
1.36061
1.36006
1.35958
1.35917
1.35881
1.35851
1.35827
1.35809
1.35795
1.35787
1.35784
1.35785
1.3579
1.358
1.35814
1.35831
1.35852
1.35876
1.35903
1.35932
1.35964
1.35999
1.36035
1.36073
1.36112
1.36152
1.36193
1.36235
1.36278
1.3632
1.36362
1.36404
1.36445
1.36485
1.36523
1.36561
1.36596
1.36629
1.3666
1.36689
1.36714
1.36736
1.36755
1.36771
1.36782
1.3679
1.36793
1.36791
1.36785
1.36774
1.36757
1.36735
1.36707
1.36674
1.36634
1.36588
1.36536
1.36477
1.36411
1.36338
1.36258
1.36171
1.83419
1.83404
1.83381
1.8335
1.8331
1.83262
1.83205
1.83141
1.83068
1.82987
1.82898
1.82802
1.82698
1.82586
1.82467
1.82341
1.82208
1.82068
1.81922
1.81769
1.8161
1.81445
1.81274
1.81097
1.80915
1.80728
1.80536
1.80339
1.80138
1.79932
1.79721
1.79507
1.79289
1.79067
1.78842
1.78613
1.78382
1.78147
1.77909
1.77669
1.77426
1.77181
1.76933
1.76683
1.76431
1.76177
1.75921
1.75663
1.75403
1.75142
1.74878
1.74613
1.74346
1.74078
1.73808
1.73537
1.73263
1.72989
1.72712
1.72434
1.72154
1.71873
1.71589
1.71304
1.71017
1.70729
1.70438
1.70145
1.69851
1.69554
1.69255
1.68954
1.6865
1.68344
1.68036
1.67726
1.67413
1.67097
1.66779
1.66458
1.66134
1.65808
1.65479
1.65147
1.64812
1.64475
1.64134
1.63791
1.63444
1.63095
1.62743
1.62388
1.6203
1.61669
1.61305
1.60938
1.60569
1.60197
1.59823
1.59446
1.59066
1.58684
1.583
1.57913
1.57524
1.57134
1.56742
1.56347
1.55952
1.55555
1.55156
1.54757
1.54357
1.53956
1.53554
1.53152
1.5275
1.52348
1.51947
1.51546
1.51145
1.50746
1.50348
1.49951
1.49555
1.49162
1.48771
1.48382
1.47996
1.47613
1.47233
1.46856
1.46483
1.46114
1.45749
1.45388
1.45032
1.4468
1.44334
1.43993
1.43657
1.43327
1.43003
1.42685
1.42373
1.42067
1.41769
1.41477
1.41192
1.40914
1.40643
1.4038
1.40124
1.39875
1.39634
1.39401
1.39176
1.38958
1.38749
1.38547
1.38354
1.38168
1.3799
1.37821
1.37659
1.37505
1.3736
1.37222
1.37091
1.36969
1.36854
1.36747
1.36647
1.36554
1.36469
1.36391
1.3632
1.36256
1.36198
1.36147
1.36102
1.36064
1.36031
1.36004
1.35983
1.35967
1.35957
1.35951
1.3595
1.35954
1.35962
1.35975
1.35991
1.3601
1.36034
1.3606
1.36089
1.36121
1.36155
1.36191
1.36229
1.36269
1.3631
1.36352
1.36395
1.36438
1.36482
1.36526
1.3657
1.36613
1.36655
1.36696
1.36736
1.36774
1.36811
1.36845
1.36877
1.36906
1.36933
1.36956
1.36976
1.36992
1.37004
1.37012
1.37016
1.37015
1.37009
1.36998
1.36982
1.3696
1.36933
1.369
1.3686
1.36815
1.36763
1.36704
1.36638
1.36566
1.36486
1.36399
1.83516
1.835
1.83477
1.83446
1.83406
1.83358
1.83302
1.83237
1.83164
1.83083
1.82994
1.82897
1.82792
1.8268
1.82561
1.82435
1.82301
1.82161
1.82014
1.8186
1.81701
1.81535
1.81364
1.81187
1.81004
1.80816
1.80623
1.80426
1.80224
1.80017
1.79806
1.79591
1.79372
1.79149
1.78923
1.78694
1.78461
1.78226
1.77987
1.77746
1.77503
1.77256
1.77008
1.76757
1.76504
1.76249
1.75992
1.75733
1.75472
1.75209
1.74945
1.74679
1.74411
1.74142
1.73871
1.73598
1.73324
1.73048
1.7277
1.72491
1.7221
1.71927
1.71643
1.71357
1.71069
1.70779
1.70487
1.70193
1.69897
1.69599
1.69299
1.68997
1.68692
1.68385
1.68076
1.67764
1.6745
1.67133
1.66814
1.66492
1.66167
1.6584
1.65509
1.65176
1.6484
1.64501
1.6416
1.63815
1.63468
1.63117
1.62764
1.62408
1.62049
1.61687
1.61322
1.60954
1.60584
1.60211
1.59836
1.59458
1.59077
1.58694
1.58309
1.57922
1.57532
1.57141
1.56748
1.56353
1.55957
1.55559
1.5516
1.5476
1.5436
1.53958
1.53556
1.53154
1.52752
1.5235
1.51948
1.51547
1.51147
1.50747
1.50349
1.49952
1.49557
1.49164
1.48774
1.48385
1.48
1.47617
1.47238
1.46862
1.46489
1.46121
1.45757
1.45397
1.45042
1.44691
1.44346
1.44006
1.43672
1.43344
1.43021
1.42704
1.42394
1.42091
1.41794
1.41503
1.4122
1.40944
1.40675
1.40414
1.4016
1.39914
1.39675
1.39444
1.39221
1.39006
1.38799
1.38599
1.38408
1.38225
1.38049
1.37882
1.37723
1.37571
1.37428
1.37292
1.37165
1.37044
1.36932
1.36827
1.3673
1.3664
1.36557
1.36481
1.36412
1.3635
1.36294
1.36245
1.36203
1.36166
1.36136
1.36111
1.36092
1.36078
1.3607
1.36066
1.36067
1.36073
1.36083
1.36097
1.36115
1.36136
1.36161
1.36189
1.36219
1.36253
1.36288
1.36326
1.36365
1.36406
1.36449
1.36492
1.36536
1.36581
1.36626
1.36671
1.36716
1.3676
1.36803
1.36845
1.36886
1.36925
1.36962
1.36997
1.3703
1.3706
1.37087
1.37111
1.37131
1.37148
1.37161
1.37169
1.37174
1.37173
1.37168
1.37157
1.37142
1.37121
1.37094
1.37061
1.37022
1.36976
1.36925
1.36866
1.36801
1.36729
1.3665
1.36563
1.83567
1.83552
1.83529
1.83498
1.83458
1.83409
1.83353
1.83288
1.83215
1.83133
1.83044
1.82947
1.82843
1.82731
1.82611
1.82484
1.82351
1.8221
1.82063
1.81909
1.8175
1.81584
1.81412
1.81234
1.81052
1.80863
1.8067
1.80472
1.8027
1.80063
1.79851
1.79636
1.79417
1.79194
1.78967
1.78737
1.78504
1.78268
1.7803
1.77788
1.77544
1.77297
1.77048
1.76797
1.76543
1.76288
1.7603
1.7577
1.75509
1.75246
1.74981
1.74715
1.74446
1.74176
1.73905
1.73632
1.73357
1.7308
1.72802
1.72522
1.72241
1.71958
1.71673
1.71386
1.71097
1.70807
1.70515
1.7022
1.69924
1.69625
1.69324
1.69022
1.68716
1.68409
1.68099
1.67787
1.67472
1.67154
1.66834
1.66512
1.66186
1.65858
1.65527
1.65194
1.64857
1.64518
1.64176
1.6383
1.63482
1.63131
1.62777
1.62421
1.62061
1.61699
1.61333
1.60965
1.60595
1.60221
1.59845
1.59467
1.59086
1.58702
1.58317
1.57929
1.57539
1.57147
1.56754
1.56359
1.55962
1.55564
1.55165
1.54765
1.54364
1.53962
1.5356
1.53158
1.52756
1.52353
1.51952
1.5155
1.5115
1.50751
1.50352
1.49956
1.49561
1.49168
1.48778
1.4839
1.48004
1.47622
1.47243
1.46867
1.46495
1.46127
1.45763
1.45404
1.4505
1.447
1.44355
1.44016
1.43682
1.43355
1.43033
1.42717
1.42408
1.42105
1.41809
1.41519
1.41237
1.40962
1.40694
1.40434
1.40181
1.39936
1.39698
1.39468
1.39246
1.39032
1.38826
1.38628
1.38438
1.38256
1.38082
1.37915
1.37757
1.37607
1.37465
1.37331
1.37204
1.37085
1.36974
1.3687
1.36774
1.36685
1.36603
1.36528
1.36461
1.364
1.36345
1.36298
1.36256
1.36221
1.36191
1.36168
1.36149
1.36137
1.36129
1.36126
1.36129
1.36135
1.36146
1.36161
1.3618
1.36202
1.36227
1.36256
1.36288
1.36322
1.36358
1.36396
1.36437
1.36478
1.36521
1.36566
1.3661
1.36656
1.36701
1.36747
1.36792
1.36837
1.36881
1.36923
1.36964
1.37004
1.37042
1.37077
1.3711
1.37141
1.37168
1.37193
1.37213
1.3723
1.37243
1.37252
1.37257
1.37257
1.37252
1.37241
1.37226
1.37205
1.37178
1.37146
1.37107
1.37062
1.3701
1.36952
1.36887
1.36815
1.36736
1.3665
0.0130425
0.0137251
0.0139822
0.0140224
0.0139145
0.0136993
0.0134045
0.0130508
0.012655
0.0122304
0.0117877
0.0113369
0.0108927
0.0104511
0.0100093
0.00956972
0.00913478
0.00870654
0.00828639
0.00787527
0.00747369
0.00708196
0.00670019
0.00632839
0.00596655
0.00561461
0.00527258
0.00494048
0.00461844
0.00430665
0.00400537
0.00371498
0.00343594
0.0031688
0.00291415
0.00267264
0.0024449
0.00223155
0.00203305
0.00184974
0.00168167
0.00152868
0.0013903
0.00126578
0.00115418
0.00105474
0.000966577
0.00088749
0.000816138
0.000751331
0.000692018
0.000637395
0.000586673
0.000539308
0.000494882
0.000453086
0.000413695
0.000376549
0.000341534
0.000308569
0.000277596
0.000248566
0.000221439
0.000196172
0.000172721
0.000151035
0.000131058
0.000112726
9.59698e-05
8.07186e-05
6.69022e-05
5.44482e-05
4.32928e-05
3.33838e-05
2.46835e-05
1.71749e-05
1.08738e-05
5.86232e-06
2.12595e-06
1.1557e-06
0.129168
0.141276
0.145552
0.146242
0.144824
0.142001
0.138212
0.133775
0.128929
0.12386
0.118709
0.113619
0.108399
0.103008
0.097691
0.0925487
0.0876189
0.0829119
0.0784248
0.0741479
0.0700689
0.0661742
0.0624507
0.0588858
0.0554685
0.0521893
0.0490401
0.0460149
0.0431089
0.0403191
0.0376439
0.035083
0.0326371
0.0303078
0.0280972
0.0260076
0.024041
0.0221986
0.0204805
0.018885
0.0174089
0.0160477
0.0147954
0.0136455
0.0125905
0.011619
0.0107098
0.00987738
0.00911709
0.00841986
0.0077726
0.00716781
0.00660513
0.00607887
0.00558457
0.00511889
0.00467936
0.00426424
0.00387226
0.00350257
0.00315455
0.00282772
0.00252169
0.00223606
0.00197043
0.00172432
0.00149718
0.00128839
0.00109725
0.000923048
0.000764963
0.000622379
0.000494618
0.000381102
0.000281396
0.00019531
0.00012304
6.55409e-05
2.2489e-05
1.0063e-05
0.278278
0.299389
0.307595
0.308839
0.305634
0.299384
0.291039
0.2813
0.2707
0.259649
0.24848
0.2375
0.226175
0.214773
0.203579
0.192746
0.182344
0.172397
0.162905
0.153852
0.145217
0.136973
0.129096
0.121562
0.114349
0.10744
0.10082
0.0944759
0.0884002
0.0825875
0.0770352
0.0717432
0.0667133
0.061949
0.0574541
0.0532325
0.0492867
0.0456166
0.0422188
0.0390855
0.0362043
0.0335589
0.0311302
0.028898
0.0268417
0.0249384
0.0231524
0.0214852
0.0199388
0.0184999
0.0171501
0.0158724
0.014671
0.0135364
0.0124619
0.0114425
0.0104749
0.00955673
0.00868663
0.00786364
0.00708715
0.00635671
0.00567187
0.00503207
0.00443659
0.00388449
0.00337461
0.00290562
0.00247599
0.00208411
0.00172824
0.00140695
0.0011188
0.000862557
0.000637327
0.000442751
0.000279321
0.000149236
5.13871e-05
2.31651e-05
0.423266
0.448454
0.45862
0.459632
0.454465
0.444979
0.432493
0.417998
0.402255
0.38586
0.36931
0.352849
0.33603
0.319223
0.302725
0.286715
0.27129
0.256491
0.242326
0.228784
0.215841
0.203468
0.191634
0.180309
0.169468
0.159088
0.149148
0.139636
0.13054
0.121855
0.113577
0.105709
0.0982537
0.0912157
0.0846013
0.0784156
0.0726614
0.0673374
0.0624361
0.0579429
0.0538353
0.0500836
0.0466535
0.0435077
0.0406089
0.03792
0.0353957
0.0330104
0.0307714
0.0286638
0.0266668
0.0247589
0.0229474
0.0212221
0.019576
0.0180047
0.0165056
0.0150771
0.0137186
0.0124301
0.0112116
0.0100634
0.00898517
0.00797666
0.00703701
0.006165
0.00535898
0.00461694
0.00393658
0.00331543
0.00275089
0.00224069
0.0017827
0.0013751
0.00101657
0.000706658
0.000446235
0.000238856
8.22669e-05
3.74349e-05
0.557771
0.583484
0.59377
0.593794
0.586595
0.574241
0.558258
0.539817
0.519829
0.499025
0.478019
0.456821
0.435313
0.413879
0.392813
0.372309
0.352481
0.333388
0.315052
0.297469
0.280621
0.264481
0.24902
0.234209
0.220021
0.206431
0.193421
0.180975
0.169084
0.157743
0.14695
0.136708
0.127022
0.1179
0.109349
0.101377
0.0939862
0.0871742
0.0809301
0.0752332
0.0700513
0.0653425
0.0610566
0.0571392
0.0535351
0.0501905
0.0470495
0.0440595
0.0412265
0.0385335
0.035959
0.0334804
0.0311065
0.0288284
0.0266408
0.0245411
0.0225285
0.0206033
0.0187666
0.0170198
0.0153644
0.0138015
0.0123316
0.010955
0.00967081
0.00847781
0.00737397
0.00635675
0.00542319
0.00457004
0.00379393
0.00309184
0.00246103
0.00189916
0.0014046
0.000976876
0.000617287
0.000330816
0.000113761
5.21123e-05
0.680279
0.704246
0.7133
0.711771
0.702532
0.68768
0.668819
0.647204
0.623834
0.599519
0.574881
0.549742
0.524342
0.499041
0.474125
0.449794
0.426178
0.403352
0.381352
0.360187
0.33985
0.320322
0.301579
0.283597
0.266352
0.249824
0.233996
0.218854
0.204392
0.190607
0.1775
0.165075
0.153342
0.142309
0.131988
0.122385
0.113505
0.105344
0.0978884
0.0911123
0.0849754
0.0794241
0.0743942
0.0698143
0.0656113
0.0617141
0.058053
0.0545535
0.051212
0.0480094
0.0449234
0.041932
0.0390448
0.0362553
0.033561
0.030962
0.0284601
0.0260583
0.02376
0.0215687
0.0194875
0.0175191
0.0156651
0.0139261
0.012302
0.0107915
0.00939234
0.00810163
0.00691585
0.00583112
0.00484339
0.003949
0.00314468
0.00242771
0.00179621
0.00124975
0.000790137
0.000423816
0.000145385
6.69201e-05
0.790642
0.811548
0.818503
0.815062
0.80383
0.786821
0.765626
0.741514
0.715515
0.68847
0.660837
0.632544
0.603981
0.575503
0.547388
0.519839
0.493
0.46696
0.441772
0.417459
0.394028
0.371472
0.349776
0.328926
0.308904
0.289695
0.271288
0.253675
0.236852
0.220821
0.205585
0.191155
0.177539
0.164752
0.152805
0.141708
0.131465
0.122073
0.113515
0.105762
0.0987647
0.092461
0.0867734
0.081615
0.0768953
0.0725257
0.0684208
0.0644886
0.0607103
0.0570638
0.0535253
0.050074
0.0467198
0.0434594
0.0402934
0.0372253
0.0342603
0.0314044
0.0286639
0.0260447
0.023552
0.0211901
0.0189619
0.0168692
0.0149122
0.0130899
0.0114
0.00983943
0.00840419
0.00708991
0.00589198
0.00480621
0.00382891
0.00295706
0.00218865
0.00152335
0.000963555
0.000517175
0.000176892
8.17213e-05
0.889347
0.906523
0.910894
0.905357
0.892227
0.87337
0.850303
0.824264
0.796273
0.767166
0.737073
0.706282
0.675191
0.644137
0.613393
0.583165
0.553606
0.524819
0.496872
0.469808
0.443646
0.418394
0.394052
0.370614
0.348074
0.326425
0.305663
0.285787
0.266798
0.248703
0.23151
0.215233
0.199886
0.185483
0.172041
0.159571
0.148077
0.137555
0.127989
0.119342
0.111563
0.104579
0.0983024
0.0926311
0.0874585
0.082679
0.0781906
0.0738872
0.0697312
0.0656962
0.0617566
0.0578925
0.0541138
0.0504203
0.0468165
0.0433093
0.0399077
0.036621
0.0334587
0.0304294
0.0275408
0.0247989
0.0222083
0.0197717
0.0174902
0.0153631
0.0133884
0.0115627
0.00988182
0.00834099
0.00693518
0.00565975
0.00451074
0.00348491
0.0025802
0.00179649
0.00113677
0.000610464
0.000208134
9.64358e-05
0.977211
0.990403
0.991973
0.984291
0.969389
0.94896
0.924411
0.896914
0.867445
0.836669
0.804698
0.771975
0.738893
0.705779
0.672897
0.640456
0.608616
0.577493
0.547172
0.51771
0.489146
0.461502
0.434792
0.409026
0.384207
0.36034
0.337429
0.315482
0.294506
0.274515
0.255522
0.237545
0.220602
0.204712
0.189893
0.176157
0.163511
0.15195
0.141455
0.131989
0.123494
0.11589
0.109079
0.102947
0.097372
0.0922314
0.087407
0.0827811
0.0782956
0.0739187
0.0696222
0.0653867
0.0612217
0.0571301
0.0531201
0.0492027
0.0453903
0.041696
0.0381326
0.0347117
0.0314433
0.0283357
0.025395
0.0226254
0.0200286
0.0176047
0.0153517
0.0132664
0.0113444
0.00958067
0.00796987
0.00650708
0.00518812
0.00400966
0.00296968
0.00206832
0.00130924
0.000703383
0.000239007
0.000111012
1.05521
1.06441
1.06314
1.05335
1.03683
1.01507
0.989363
0.960792
0.930262
0.898138
0.864753
0.830561
0.795938
0.761197
0.726594
0.692339
0.658596
0.625496
0.593137
0.561593
0.530919
0.501156
0.472333
0.444473
0.417595
0.391713
0.366844
0.343002
0.320206
0.298473
0.277824
0.258282
0.23987
0.222608
0.206519
0.191616
0.177907
0.165387
0.154037
0.143816
0.134662
0.126489
0.11919
0.112639
0.106701
0.101238
0.0961156
0.0912054
0.0864296
0.0817495
0.0771337
0.0725626
0.0680453
0.0635875
0.0592009
0.0549002
0.0507019
0.0466227
0.0426787
0.0388845
0.0352528
0.0317941
0.0285163
0.0254248
0.0225225
0.01981
0.0172859
0.014947
0.0127889
0.0108063
0.00899384
0.00734634
0.00585956
0.00453014
0.00335621
0.00233822
0.00148058
0.000795709
0.000269439
0.000125416
1.12436
1.12969
1.12565
1.11386
1.09587
1.073
1.04641
1.01707
0.985706
0.952581
0.918164
0.882881
0.847088
0.811079
0.775105
0.739373
0.704052
0.669284
0.63518
0.601832
0.56931
0.537673
0.506965
0.477226
0.448488
0.420779
0.394125
0.368553
0.344088
0.320757
0.298586
0.277604
0.257837
0.239311
0.22205
0.20607
0.191381
0.177976
0.165836
0.154917
0.145154
0.136457
0.128709
0.121775
0.115506
0.109751
0.10436
0.0991952
0.0941608
0.0892094
0.084306
0.0794305
0.0745907
0.0697954
0.0650592
0.0604008
0.0558402
0.0513978
0.0470931
0.0429437
0.0389651
0.0351699
0.031568
0.0281661
0.0249683
0.021976
0.0191882
0.0166019
0.0142129
0.0120159
0.0100054
0.00817614
0.00652392
0.00504547
0.00373912
0.00260574
0.00165049
0.000887271
0.000299377
0.000139623
1.18562
1.18729
1.18063
1.16697
1.14767
1.12389
1.09663
1.06676
1.03472
1.00089
0.965748
0.92968
0.893017
0.856039
0.818983
0.782057
0.745434
0.709263
0.67367
0.63876
0.604622
0.571328
0.538943
0.507519
0.477103
0.447737
0.419461
0.392309
0.366317
0.341519
0.31795
0.295642
0.274628
0.254938
0.236597
0.219624
0.204029
0.189807
0.176936
0.165372
0.155047
0.145863
0.1377
0.130412
0.123839
0.117816
0.112181
0.106785
0.101517
0.0963203
0.0911558
0.0860024
0.0808666
0.0757593
0.0706984
0.0657058
0.0608051
0.0560203
0.0513741
0.0468873
0.0425778
0.0384607
0.0345476
0.0308468
0.0273637
0.0241003
0.0210564
0.0182293
0.0156149
0.013208
0.0110033
0.00899543
0.00718035
0.00555497
0.00411791
0.0028705
0.00181871
0.000977933
0.00032878
0.000153617
1.23989
1.23813
1.22902
1.21366
1.19322
1.16869
1.14095
1.11066
1.07813
1.04385
1.00822
0.971611
0.934321
0.896613
0.858716
0.820832
0.783139
0.745793
0.708931
0.672673
0.637121
0.602367
0.568488
0.535554
0.503628
0.472763
0.44301
0.414418
0.38703
0.360889
0.336036
0.312511
0.29035
0.269587
0.250251
0.232362
0.215932
0.200955
0.18741
0.17525
0.164403
0.154769
0.14622
0.138603
0.131748
0.125476
0.119615
0.114005
0.108524
0.103104
0.0977005
0.0922919
0.086883
0.0814867
0.0761235
0.0708184
0.0655984
0.0604909
0.0555217
0.0507144
0.0460898
0.0416649
0.0374535
0.0334653
0.0297069
0.0261814
0.022889
0.0198276
0.0169935
0.0143815
0.0119865
0.00980336
0.00782815
0.00605809
0.00449215
0.00313221
0.00198507
0.00106759
0.000357616
0.000167384
1.28793
1.28302
1.27166
1.25478
1.23336
1.20824
1.18016
1.1495
1.11668
1.08212
1.0462
1.00924
0.971518
0.933276
0.894733
0.856087
0.81752
0.779192
0.741251
0.703829
0.667045
0.631002
0.595797
0.561513
0.528227
0.496006
0.464915
0.435011
0.406348
0.378978
0.352949
0.328306
0.305092
0.283343
0.263092
0.24436
0.22716
0.211488
0.197319
0.184607
0.173277
0.163225
0.154317
0.146393
0.139273
0.132768
0.126696
0.120887
0.115208
0.109581
0.103957
0.0983127
0.0926506
0.0869857
0.0813405
0.075743
0.0702231
0.0648113
0.0595366
0.0544254
0.0495007
0.044782
0.0402848
0.0360206
0.0319969
0.0282181
0.024685
0.021396
0.0183478
0.0155356
0.0129544
0.0105993
0.00846679
0.0065544
0.00486152
0.00339063
0.00214941
0.00115614
0.000385861
0.000180918
1.33042
1.32263
1.30926
1.29104
1.2688
1.24323
1.21484
1.18394
1.15097
1.11628
1.08022
1.04306
1.00506
0.96644
0.927411
0.888166
0.848887
0.809742
0.770886
0.732462
0.694603
0.657427
0.621045
0.585555
0.551047
0.517603
0.485298
0.454202
0.424377
0.395885
0.36878
0.343114
0.318934
0.29628
0.275188
0.255682
0.237774
0.22146
0.206717
0.193495
0.181718
0.171277
0.162034
0.153821
0.146452
0.139727
0.133454
0.127457
0.121593
0.115772
0.109943
0.104079
0.0981807
0.0922651
0.0863563
0.0804846
0.0746828
0.0689843
0.0634207
0.0580211
0.052811
0.047812
0.0430413
0.0385121
0.0342332
0.0302097
0.0264435
0.0229336
0.019677
0.0166695
0.0139062
0.0113827
0.00909585
0.00704355
0.00522576
0.00364557
0.00231159
0.00124353
0.000413499
0.000194211
1.36793
1.35757
1.34242
1.32305
1.30014
1.27421
1.24556
1.21454
1.18153
1.14684
1.11075
1.07351
1.03534
0.996467
0.95708
0.91737
0.877516
0.837692
0.798061
0.758777
0.719982
0.681811
0.644386
0.60782
0.572217
0.537671
0.504269
0.472091
0.441211
0.411696
0.383609
0.357008
0.331943
0.308462
0.286599
0.266382
0.247824
0.230922
0.215649
0.201957
0.189765
0.178963
0.169406
0.160923
0.153317
0.146383
0.139919
0.133741
0.1277
0.121696
0.115674
0.109604
0.103484
0.0973341
0.0911781
0.085049
0.078982
0.0730129
0.0671762
0.0615032
0.0560217
0.0507554
0.0457232
0.0409398
0.0364153
0.0321559
0.0281642
0.02444
0.0209808
0.0177827
0.0148416
0.0121532
0.00971497
0.00752527
0.00558465
0.00389688
0.00247153
0.00132967
0.000440516
0.000207261
1.40094
1.38832
1.37164
1.35132
1.32789
1.30163
1.27281
1.24178
1.20882
1.17421
1.13817
1.10093
1.0627
1.02367
0.984031
0.943964
0.90365
0.863265
0.82298
0.782957
0.743351
0.704306
0.66596
0.628437
0.591854
0.556317
0.521926
0.48877
0.456931
0.426487
0.397507
0.370053
0.344182
0.319944
0.297378
0.276511
0.257358
0.239915
0.224157
0.210031
0.197456
0.186317
0.176468
0.167728
0.159897
0.152761
0.146113
0.139761
0.13355
0.127371
0.121165
0.1149
0.108573
0.102202
0.0958134
0.089442
0.0831251
0.0769008
0.0708058
0.0648736
0.0591342
0.0536131
0.0483309
0.0433038
0.0385433
0.0340564
0.0298468
0.0259148
0.0222586
0.018875
0.0157602
0.0129105
0.0103239
0.00799933
0.00593801
0.00414442
0.00262913
0.00141454
0.000466904
0.000220064
1.42987
1.41533
1.39738
1.3763
1.35241
1.3259
1.29703
1.26606
1.23322
1.19875
1.16283
1.12567
1.08744
1.04833
1.00852
0.968182
0.927502
0.886658
0.845823
0.805168
0.764859
0.72505
0.685891
0.647519
0.610062
0.573638
0.538357
0.504318
0.471614
0.440328
0.410537
0.382309
0.355705
0.330779
0.307571
0.286112
0.266416
0.248479
0.232275
0.217751
0.204822
0.193371
0.183246
0.174264
0.166217
0.158887
0.152059
0.145537
0.13916
0.132814
0.126431
0.119981
0.113457
0.106877
0.10027
0.0936698
0.0871173
0.0806519
0.0743124
0.0681346
0.0621501
0.0563862
0.0508653
0.0456048
0.0406174
0.0359113
0.0314911
0.0273578
0.0235104
0.0199461
0.0166617
0.0136543
0.0109224
0.00846555
0.00628569
0.0043881
0.00278431
0.00149807
0.000492656
0.000232621
1.45508
1.43897
1.42
1.39832
1.37406
1.3474
1.31855
1.28771
1.25505
1.22077
1.18502
1.14798
1.10981
1.07068
1.03076
0.99023
0.949265
0.908044
0.866749
0.825556
0.78464
0.744166
0.704293
0.66517
0.626936
0.58972
0.553641
0.51881
0.485326
0.45328
0.422757
0.393828
0.366561
0.341011
0.317221
0.295224
0.275034
0.256648
0.240037
0.225147
0.211891
0.20015
0.189767
0.180555
0.172301
0.164782
0.157778
0.151089
0.14455
0.138039
0.131487
0.124859
0.118146
0.111369
0.104554
0.0977386
0.0909634
0.0842702
0.0776994
0.0712886
0.0650712
0.0590761
0.0533271
0.0478431
0.0426379
0.0377208
0.0330972
0.028769
0.0247359
0.0209957
0.017546
0.0143845
0.0115103
0.00892379
0.00662759
0.00462781
0.00293703
0.00158024
0.000517771
0.00024493
1.4769
1.45957
1.43984
1.41764
1.39313
1.36643
1.33768
1.30702
1.27459
1.24053
1.20498
1.1681
1.13003
1.09093
1.05096
1.01029
0.969105
0.927581
0.885903
0.844255
0.802817
0.761766
0.721268
0.681484
0.642562
0.604642
0.567853
0.532312
0.498129
0.465402
0.434219
0.40466
0.376795
0.350682
0.326367
0.303883
0.283246
0.264451
0.24747
0.232246
0.21869
0.206679
0.196053
0.186622
0.178169
0.170465
0.163288
0.156433
0.149733
0.143061
0.136344
0.129544
0.122652
0.115686
0.108674
0.101654
0.0946686
0.0877598
0.08097
0.0743382
0.0678996
0.0616843
0.0557177
0.0500197
0.0446054
0.0394852
0.0346653
0.0301484
0.025935
0.0220238
0.018413
0.0151009
0.0120875
0.00937394
0.00696362
0.0048635
0.00308722
0.00166102
0.000542248
0.000256992
1.49564
1.47742
1.45707
1.43453
1.40991
1.38327
1.35468
1.32424
1.29206
1.25825
1.22294
1.18624
1.1483
1.10926
1.06928
1.02852
0.987173
0.945407
0.903414
0.861383
0.8195
0.77795
0.736909
0.696546
0.657019
0.618477
0.581057
0.544886
0.51008
0.476744
0.444972
0.414849
0.386447
0.359829
0.335043
0.312122
0.291082
0.271918
0.254601
0.239072
0.22524
0.212978
0.202125
0.192484
0.183837
0.175953
0.168604
0.161585
0.154724
0.147894
0.141014
0.134048
0.126982
0.119836
0.112637
0.105423
0.0982379
0.0911249
0.0841275
0.0772863
0.0706374
0.0642125
0.0580381
0.0521354
0.0465205
0.0412048
0.0361955
0.0314961
0.0271079
0.0230304
0.0192625
0.0158034
0.0126539
0.00981591
0.00729369
0.00509511
0.00323486
0.00174038
0.000566088
0.000268808
1.51157
1.49271
1.47194
1.44924
1.42463
1.39812
1.36975
1.33957
1.30767
1.27414
1.23907
1.20257
1.16478
1.12583
1.08587
1.04507
1.0036
0.961648
0.919398
0.877048
0.834789
0.792812
0.751302
0.710436
0.67038
0.631292
0.593317
0.556589
0.521232
0.487355
0.45506
0.424435
0.395556
0.368488
0.343281
0.31997
0.298569
0.279074
0.261453
0.245647
0.231561
0.219067
0.207999
0.198159
0.189324
0.181261
0.173742
0.166558
0.159537
0.152548
0.14551
0.13838
0.131147
0.123827
0.116449
0.109051
0.101676
0.0943696
0.0871755
0.0801354
0.0732868
0.0666623
0.0602897
0.0541911
0.0483839
0.0428802
0.0376882
0.0328123
0.0282546
0.0240154
0.0200945
0.016492
0.0132094
0.0102496
0.00761775
0.00532259
0.0033799
0.0018183
0.000589295
0.00028038
1.5249
1.50565
1.48469
1.46198
1.43749
1.41118
1.38307
1.35319
1.32159
1.28834
1.25353
1.21725
1.17962
1.14078
1.10088
1.06006
1.01851
0.976415
0.933961
0.891348
0.848774
0.806436
0.764525
0.723225
0.682711
0.643148
0.604688
0.567473
0.531631
0.49728
0.464524
0.433457
0.404157
0.376692
0.351112
0.327454
0.305733
0.285942
0.268049
0.251991
0.237674
0.224963
0.213693
0.203661
0.194643
0.186404
0.178714
0.171366
0.164184
0.157037
0.14984
0.14255
0.135154
0.127667
0.120118
0.112544
0.104989
0.0974982
0.0901174
0.0828885
0.07585
0.0690356
0.0624738
0.056188
0.0501963
0.0445118
0.0391436
0.0340971
0.0293751
0.0249789
0.0209091
0.0171667
0.013754
0.0106751
0.00793576
0.0055459
0.00352233
0.00189476
0.000611874
0.00029171
1.53583
1.51645
1.4955
1.47292
1.44864
1.42261
1.39481
1.36525
1.33396
1.301
1.26645
1.2304
1.19296
1.15424
1.11441
1.0736
1.03201
0.989809
0.947196
0.904372
0.861539
0.818899
0.77665
0.734981
0.694075
0.654103
0.615225
0.577587
0.541325
0.506561
0.473404
0.44195
0.412282
0.384469
0.358564
0.334601
0.312597
0.292543
0.274407
0.258123
0.243593
0.230682
0.21922
0.209003
0.199806
0.191393
0.183533
0.176018
0.168674
0.161368
0.154014
0.146567
0.139012
0.131364
0.123649
0.115907
0.10818
0.100515
0.0929565
0.0855484
0.0783294
0.0713342
0.064592
0.0581271
0.0519585
0.0461003
0.0405624
0.0353509
0.0304698
0.025921
0.0217062
0.0178273
0.0142877
0.0110922
0.00824769
0.00576502
0.00366211
0.00196975
0.00063383
0.000302799
1.54459
1.52533
1.50455
1.48223
1.45825
1.43255
1.40509
1.37586
1.3449
1.31225
1.27797
1.24215
1.20489
1.16631
1.12657
1.0858
1.04419
1.00192
0.95919
0.916201
0.87316
0.830273
0.787743
0.745766
0.704529
0.664211
0.624976
0.586978
0.550356
0.515237
0.481735
0.449948
0.419963
0.391849
0.365661
0.341434
0.319183
0.298899
0.280546
0.264059
0.249335
0.236238
0.224594
0.214199
0.204826
0.196239
0.188208
0.180526
0.173018
0.165553
0.158042
0.150439
0.142728
0.134922
0.127049
0.119145
0.111254
0.103423
0.0956962
0.0881178
0.0807273
0.0735598
0.0666456
0.0600095
0.0536714
0.0476463
0.0419447
0.036574
0.0315386
0.0268418
0.0224859
0.0184741
0.0148104
0.0115009
0.00855352
0.00597993
0.00379924
0.00204327
0.000655172
0.000313649
1.55139
1.53244
1.512
1.49004
1.46644
1.44111
1.41402
1.38516
1.35453
1.32218
1.28817
1.25259
1.21552
1.17709
1.13745
1.09674
1.05514
1.01283
0.970022
0.92691
0.883707
0.840624
0.797866
0.755637
0.714128
0.673522
0.633989
0.595688
0.558763
0.523345
0.489551
0.457483
0.427228
0.398859
0.37243
0.347976
0.325511
0.305027
0.286484
0.269814
0.254914
0.241643
0.229827
0.219259
0.209713
0.200952
0.19275
0.184898
0.177225
0.169599
0.161931
0.154173
0.146309
0.13835
0.130323
0.122264
0.114216
0.106227
0.0983397
0.0905994
0.0830458
0.0757144
0.0686361
0.0618364
0.0553359
0.0491504
0.0432912
0.0377666
0.032582
0.0277414
0.0232484
0.0191069
0.0153222
0.0119014
0.00885322
0.00619061
0.0039337
0.00211529
0.000675906
0.000324264
1.55643
1.53796
1.51798
1.49648
1.47331
1.44841
1.42171
1.39322
1.36293
1.33089
1.29716
1.26181
1.22494
1.18667
1.14714
1.1065
1.06493
1.02262
0.979763
0.936567
0.893246
0.850013
0.807079
0.764649
0.722921
0.682082
0.642307
0.603759
0.566585
0.530921
0.496886
0.464584
0.434106
0.405524
0.378893
0.354247
0.331602
0.310944
0.292235
0.275403
0.260342
0.246909
0.234929
0.224193
0.214475
0.205542
0.197166
0.189143
0.181303
0.173514
0.165689
0.157777
0.149762
0.141653
0.133477
0.125268
0.117071
0.10893
0.10089
0.0929961
0.0852872
0.0777998
0.070565
0.063609
0.0569529
0.0506132
0.0446024
0.0389291
0.0336
0.0286199
0.0239935
0.0197258
0.0158231
0.0122934
0.00914681
0.00639706
0.00406548
0.00218582
0.000696043
0.000334644
1.55987
1.54203
1.52263
1.50166
1.47898
1.45453
1.42825
1.40013
1.37019
1.33846
1.305
1.26989
1.23322
1.19511
1.15571
1.11516
1.07365
1.03135
0.98848
0.945236
0.901836
0.858497
0.815433
0.772853
0.730958
0.689938
0.649973
0.61123
0.573859
0.537998
0.50377
0.471281
0.440623
0.411868
0.385072
0.360269
0.337472
0.316668
0.297815
0.280839
0.265631
0.252047
0.239909
0.22901
0.219122
0.210015
0.201465
0.193269
0.185259
0.177306
0.169322
0.161257
0.153092
0.144837
0.136515
0.128163
0.119822
0.111536
0.103351
0.0953103
0.0874538
0.0798178
0.0724337
0.0653283
0.0585232
0.0520356
0.0458786
0.0400619
0.034593
0.0294777
0.0247216
0.0203309
0.0163131
0.0126772
0.00943427
0.00659927
0.00419458
0.00225486
0.00071559
0.000344793
1.5619
1.54479
1.52605
1.50567
1.48353
1.45955
1.43371
1.40598
1.37639
1.34496
1.31177
1.2769
1.24043
1.20249
1.16323
1.12279
1.08135
1.03909
0.996233
0.952975
0.909534
0.866131
0.822981
0.780297
0.738282
0.697131
0.657027
0.618137
0.580618
0.544609
0.510233
0.477601
0.446803
0.417914
0.390988
0.36606
0.34314
0.322214
0.303237
0.286134
0.270792
0.257067
0.244777
0.233717
0.223661
0.21438
0.205653
0.197281
0.1891
0.180981
0.172837
0.164619
0.156306
0.147907
0.139444
0.130953
0.122473
0.114049
0.105725
0.0975448
0.0895477
0.0817701
0.0742438
0.0669956
0.0600478
0.0534182
0.0471205
0.0411654
0.0355612
0.0303147
0.0254327
0.0209223
0.0167922
0.0130526
0.00971562
0.00679724
0.00432099
0.00232239
0.000734559
0.000354714
1.56265
1.54636
1.52836
1.50862
1.48704
1.46356
1.43815
1.41082
1.38157
1.35046
1.31754
1.2829
1.24664
1.20888
1.16976
1.12944
1.08809
1.0459
1.00308
0.959838
0.916393
0.872964
0.82977
0.787026
0.744938
0.703703
0.663506
0.624518
0.586897
0.550784
0.516305
0.48357
0.452672
0.423684
0.396662
0.371638
0.348621
0.327596
0.308514
0.291299
0.275835
0.261976
0.24954
0.238322
0.228098
0.218642
0.209736
0.201187
0.192831
0.184545
0.176241
0.167869
0.159409
0.150868
0.142267
0.133641
0.125028
0.116471
0.108015
0.0997019
0.091571
0.0836586
0.0759965
0.068612
0.0615275
0.0547616
0.0483286
0.04224
0.0365049
0.0311313
0.0261269
0.0215001
0.0172606
0.0134197
0.00999086
0.00699097
0.00444472
0.00238843
0.000752959
0.000364407
1.56227
1.54687
1.52964
1.51058
1.48958
1.46661
1.44165
1.41471
1.38581
1.355
1.32236
1.28795
1.2519
1.21432
1.17536
1.13516
1.09392
1.05183
1.00907
0.965878
0.922462
0.879044
0.835847
0.793085
0.750968
0.709693
0.669448
0.630406
0.592727
0.556553
0.522012
0.489214
0.458252
0.4292
0.402112
0.37702
0.353931
0.332827
0.313658
0.296344
0.280769
0.266783
0.254205
0.242831
0.232439
0.222806
0.213721
0.204991
0.196459
0.188003
0.179537
0.171011
0.162406
0.153725
0.14499
0.136232
0.127491
0.118807
0.110224
0.101784
0.0935258
0.085485
0.0776935
0.0701786
0.0629634
0.0560666
0.0495034
0.043286
0.0374244
0.0319275
0.0268043
0.0220642
0.0177182
0.0137786
0.01026
0.00718048
0.00456576
0.00245297
0.000770801
0.000373877
1.5609
1.54642
1.53
1.51163
1.49122
1.46877
1.44426
1.41771
1.38916
1.35865
1.32627
1.29211
1.25626
1.21887
1.18007
1.14003
1.09891
1.05692
1.01426
0.971143
0.927788
0.884417
0.841254
0.798515
0.756409
0.715137
0.674887
0.635834
0.598139
0.561945
0.527381
0.494556
0.463565
0.434481
0.407357
0.382222
0.359084
0.33792
0.31868
0.301279
0.285601
0.271495
0.258779
0.24725
0.23669
0.226879
0.217611
0.208699
0.199988
0.19136
0.182731
0.174052
0.165301
0.156482
0.147615
0.13873
0.129864
0.121059
0.112355
0.103794
0.0954142
0.087251
0.079336
0.0716967
0.0643562
0.0573339
0.0506455
0.0443038
0.0383199
0.0327037
0.0274651
0.0226149
0.0181651
0.0141293
0.0105231
0.00736576
0.00468412
0.00251601
0.000788096
0.000383124
1.55864
1.5451
1.52951
1.51183
1.49203
1.47009
1.44603
1.41986
1.39165
1.36145
1.32933
1.29541
1.25978
1.22258
1.18396
1.14407
1.1031
1.06124
1.01869
0.975679
0.932416
0.889127
0.846034
0.803356
0.761301
0.720072
0.679858
0.640835
0.603163
0.566988
0.532437
0.499622
0.468634
0.439547
0.412413
0.38726
0.364093
0.342887
0.323589
0.306113
0.29034
0.276118
0.263266
0.251583
0.240854
0.230864
0.221411
0.212314
0.203423
0.194621
0.185828
0.176995
0.168099
0.159144
0.150147
0.141138
0.132153
0.12323
0.11441
0.105734
0.0972379
0.0889581
0.0809254
0.0731672
0.065707
0.0585643
0.0517554
0.0452939
0.0391918
0.03346
0.0281095
0.0231522
0.0186014
0.0144718
0.0107802
0.00754684
0.0047998
0.00257757
0.000804855
0.000392153
1.55561
1.54302
1.52824
1.51126
1.49205
1.47062
1.447
1.42122
1.39334
1.36343
1.33159
1.2979
1.26249
1.22549
1.18705
1.14733
1.10653
1.06482
1.02241
0.979529
0.936388
0.893214
0.850227
0.807646
0.76568
0.724533
0.684394
0.645439
0.607829
0.571708
0.537206
0.504432
0.473478
0.444417
0.417298
0.392149
0.368971
0.347739
0.328396
0.310854
0.294992
0.280658
0.267673
0.255836
0.244936
0.234765
0.225125
0.215841
0.206767
0.19779
0.188832
0.179844
0.170804
0.161714
0.15259
0.14346
0.134359
0.125323
0.116392
0.107605
0.098999
0.090608
0.0824631
0.0745914
0.0670165
0.0597583
0.0528336
0.0462567
0.0400404
0.0341967
0.0287376
0.0236763
0.0190271
0.0148061
0.0110312
0.00772372
0.00491282
0.00263763
0.000821088
0.000400964
1.55192
1.54024
1.52627
1.50996
1.49133
1.47041
1.44721
1.42181
1.39426
1.36465
1.33307
1.29962
1.26444
1.22764
1.1894
1.14987
1.10924
1.0677
1.02546
0.982735
0.939746
0.896718
0.853871
0.811422
0.769582
0.728554
0.688527
0.649676
0.612163
0.576132
0.54171
0.509008
0.478117
0.449107
0.422026
0.396901
0.37373
0.352485
0.333108
0.315508
0.299563
0.285121
0.272002
0.260011
0.24894
0.238586
0.228757
0.219283
0.210024
0.20087
0.191746
0.182603
0.173419
0.164196
0.154947
0.145699
0.136485
0.12734
0.118303
0.109411
0.100699
0.0922024
0.0839503
0.0759702
0.0682856
0.0609166
0.0538806
0.0471925
0.040866
0.0349139
0.0293495
0.0241872
0.0194424
0.0151324
0.0112762
0.00789643
0.00502317
0.00269622
0.000836806
0.000409559
1.54763
1.53685
1.52364
1.508
1.48993
1.46949
1.44671
1.42168
1.39446
1.36514
1.33382
1.30062
1.26566
1.22908
1.19104
1.15171
1.11128
1.06993
1.02788
0.985337
0.942529
0.899678
0.857003
0.814721
0.773041
0.732167
0.692287
0.653575
0.616193
0.580283
0.545973
0.513372
0.48257
0.453634
0.426613
0.40153
0.378381
0.357136
0.337734
0.320083
0.304059
0.28951
0.276259
0.264113
0.252869
0.242329
0.232308
0.222643
0.213197
0.203865
0.194574
0.185276
0.175949
0.166593
0.157221
0.147859
0.138535
0.129285
0.120146
0.111153
0.102341
0.0937425
0.0853883
0.0773047
0.0695151
0.06204
0.054897
0.0481018
0.0416688
0.0356119
0.0299455
0.024685
0.0198472
0.0154506
0.0115153
0.00806497
0.00513087
0.00275333
0.000852022
0.000417942
1.54283
1.53289
1.52042
1.5054
1.48788
1.4679
1.44554
1.42086
1.39396
1.36492
1.33387
1.30091
1.26619
1.22984
1.19202
1.1529
1.11268
1.07154
1.0297
0.987373
0.944774
0.90213
0.859659
0.817577
0.776091
0.735404
0.695704
0.657165
0.619945
0.584187
0.550017
0.517543
0.486853
0.458015
0.431072
0.406047
0.382934
0.361699
0.342281
0.324584
0.308484
0.29383
0.280447
0.268144
0.256725
0.245998
0.235783
0.225924
0.216289
0.206778
0.197319
0.187865
0.178396
0.168909
0.159416
0.149941
0.140511
0.13116
0.121922
0.112832
0.103924
0.0952301
0.0867784
0.0785959
0.070706
0.0631291
0.0558833
0.048985
0.0424492
0.0362909
0.0305256
0.0251698
0.0202417
0.0157608
0.0117484
0.00822937
0.00523593
0.00280897
0.000866745
0.000426114
1.53758
1.52843
1.51666
1.50223
1.48522
1.46569
1.44371
1.41938
1.39279
1.36405
1.33326
1.30055
1.26607
1.22995
1.19236
1.15347
1.11348
1.07258
1.03098
0.98888
0.946518
0.904111
0.861875
0.820023
0.778764
0.738297
0.698809
0.660472
0.623443
0.587865
0.553862
0.52154
0.490985
0.462262
0.435416
0.410464
0.387398
0.366183
0.346754
0.329016
0.312842
0.298084
0.284567
0.272106
0.26051
0.249593
0.239183
0.229128
0.219303
0.209611
0.199983
0.190375
0.180763
0.171146
0.161534
0.151948
0.142416
0.132967
0.123634
0.114452
0.105453
0.0966663
0.0881218
0.0798449
0.0718589
0.0641845
0.0568401
0.0498424
0.0432074
0.0369511
0.03109
0.0256418
0.0206259
0.016063
0.0119756
0.00838964
0.00533836
0.00286316
0.000880986
0.000434077
1.53193
1.52352
1.51238
1.49851
1.48198
1.46287
1.44128
1.41728
1.391
1.36253
1.33201
1.29956
1.26532
1.22945
1.1921
1.15346
1.11372
1.07308
1.03173
0.989899
0.947803
0.90566
0.863687
0.822097
0.781094
0.740877
0.701629
0.663523
0.626713
0.591341
0.557528
0.52538
0.494981
0.466393
0.439658
0.414791
0.391783
0.370596
0.351161
0.333384
0.317138
0.302274
0.288623
0.276002
0.264227
0.253118
0.24251
0.232257
0.222241
0.212368
0.20257
0.192806
0.183053
0.173308
0.163578
0.153885
0.144251
0.134708
0.125285
0.116014
0.106927
0.0980527
0.0894195
0.0810525
0.0729748
0.0652069
0.0577677
0.0506744
0.0439438
0.0375928
0.0316389
0.0261011
0.021
0.0163574
0.012197
0.0085458
0.00543816
0.00291589
0.000894756
0.000441833
1.52593
1.51818
1.50763
1.49427
1.4782
1.45949
1.43825
1.41459
1.3886
1.36042
1.33016
1.29797
1.26399
1.22837
1.19129
1.15291
1.11344
1.07307
1.03201
0.990468
0.948663
0.906812
0.86513
0.823828
0.78311
0.74317
0.704191
0.666342
0.629778
0.594636
0.561037
0.529083
0.498858
0.470421
0.443811
0.419041
0.396099
0.374944
0.355508
0.337693
0.321374
0.306404
0.292616
0.279834
0.267877
0.256573
0.245765
0.235313
0.225104
0.215049
0.205082
0.195163
0.185269
0.175396
0.165551
0.155751
0.14602
0.136385
0.126875
0.117519
0.108348
0.0993905
0.0906727
0.0822198
0.0740543
0.0661969
0.0586667
0.0514814
0.0446587
0.0382161
0.0321724
0.0265478
0.0213639
0.0166438
0.0124125
0.00869788
0.00553536
0.00296718
0.000908066
0.000449383
1.51962
1.51247
1.50245
1.48956
1.4739
1.45557
1.43467
1.41132
1.38563
1.35773
1.32774
1.29582
1.2621
1.22676
1.18995
1.15186
1.11268
1.07261
1.03185
0.990622
0.949132
0.907599
0.866235
0.825249
0.784842
0.745207
0.706522
0.668956
0.63266
0.597771
0.564407
0.532668
0.502633
0.474361
0.447887
0.423224
0.400354
0.379237
0.359801
0.341948
0.325555
0.310476
0.296549
0.283602
0.271461
0.259961
0.24895
0.238298
0.227895
0.217657
0.207521
0.197447
0.187413
0.177413
0.167454
0.157551
0.147725
0.138001
0.128406
0.11897
0.109719
0.100681
0.0918826
0.0833475
0.0750982
0.0671551
0.0595376
0.0522639
0.0453522
0.0388212
0.0326907
0.0269819
0.0217178
0.0169225
0.0126222
0.0088459
0.00562995
0.00301703
0.000920925
0.00045673
1.51303
1.5064
1.49685
1.48439
1.46912
1.45114
1.43057
1.40752
1.38212
1.3545
1.32479
1.29314
1.2597
1.22464
1.18813
1.15034
1.11147
1.07172
1.03129
0.990395
0.949246
0.908056
0.867035
0.826391
0.786321
0.747014
0.708649
0.671389
0.635385
0.60077
0.567659
0.53615
0.506321
0.478226
0.4519
0.427349
0.404557
0.383479
0.364044
0.346153
0.329684
0.314493
0.300423
0.287307
0.27498
0.263281
0.252067
0.241212
0.230615
0.220193
0.209888
0.19966
0.189487
0.179362
0.169291
0.159286
0.149367
0.139557
0.129882
0.120367
0.111039
0.101925
0.0930501
0.0844367
0.0761072
0.0680821
0.0603808
0.053022
0.0460247
0.0394084
0.0331939
0.0274036
0.0220617
0.0171935
0.0128261
0.00898987
0.00572197
0.00306547
0.000933344
0.000463875
1.5062
1.50002
1.49088
1.4788
1.46388
1.44623
1.42597
1.40322
1.3781
1.35076
1.32134
1.28997
1.25683
1.22206
1.18586
1.14839
1.10985
1.07044
1.03036
0.989823
0.949038
0.908215
0.867563
0.827285
0.787576
0.748622
0.710599
0.673668
0.637975
0.603653
0.570812
0.53955
0.509938
0.482031
0.455859
0.431427
0.408715
0.387678
0.368242
0.350311
0.333762
0.318456
0.304239
0.290952
0.278434
0.266534
0.255115
0.244058
0.233265
0.22266
0.212186
0.201804
0.191493
0.181245
0.171063
0.160958
0.150949
0.141056
0.131302
0.121712
0.112312
0.103125
0.0941762
0.0854881
0.0770821
0.0689784
0.0611968
0.0537563
0.0466766
0.0399779
0.0336822
0.0278131
0.0223957
0.0174567
0.0130243
0.00912981
0.00581141
0.00311249
0.000945332
0.00047082
1.49914
1.49334
1.48456
1.47282
1.45822
1.44088
1.42091
1.39845
1.37362
1.34656
1.31742
1.28635
1.25351
1.21906
1.18318
1.14604
1.10786
1.06881
1.0291
0.988943
0.948544
0.908112
0.867852
0.827963
0.788637
0.750059
0.712399
0.675816
0.640454
0.606441
0.573887
0.542882
0.5135
0.485789
0.459776
0.435466
0.412836
0.391839
0.372401
0.354425
0.337792
0.322366
0.307999
0.294536
0.281825
0.269722
0.258096
0.246835
0.235847
0.225058
0.214415
0.203881
0.193433
0.183062
0.172771
0.16257
0.152472
0.142498
0.132669
0.123007
0.113537
0.104281
0.095262
0.0865026
0.0780234
0.0698447
0.061986
0.054467
0.0473079
0.0405299
0.0341558
0.0282103
0.0227199
0.0177123
0.0132168
0.00926576
0.00589829
0.0031581
0.000956899
0.000477566
1.49187
1.48639
1.47793
1.46648
1.45217
1.43512
1.41543
1.39325
1.3687
1.34193
1.31309
1.28232
1.24979
1.21566
1.18012
1.14334
1.10552
1.06686
1.02754
0.98779
0.947801
0.907782
0.867935
0.828457
0.789536
0.751354
0.714077
0.677861
0.642846
0.609157
0.576901
0.546165
0.51702
0.489511
0.463662
0.439475
0.416926
0.395966
0.376522
0.358497
0.341775
0.326225
0.311702
0.298059
0.285152
0.272844
0.26101
0.249544
0.23836
0.227389
0.216578
0.205892
0.195308
0.184817
0.174419
0.164122
0.153939
0.143886
0.133984
0.124254
0.114716
0.105394
0.0963084
0.087481
0.078932
0.0706814
0.0627489
0.0551546
0.0479191
0.0410645
0.0346147
0.0285955
0.0230344
0.0179603
0.0134037
0.00939772
0.00598263
0.00320233
0.000968054
0.000484114
1.48442
1.4792
1.471
1.45981
1.44577
1.42898
1.40956
1.38765
1.36338
1.3369
1.30836
1.2779
1.2457
1.21192
1.17673
1.14033
1.1029
1.06463
1.02573
0.986402
0.946844
0.907259
0.867847
0.8288
0.790305
0.752536
0.715659
0.679826
0.645172
0.61182
0.579873
0.549415
0.520513
0.493209
0.467526
0.443462
0.420991
0.400065
0.380609
0.36253
0.345713
0.330032
0.315349
0.301523
0.288416
0.2759
0.263857
0.252187
0.240807
0.229654
0.218676
0.207839
0.197121
0.18651
0.176007
0.165616
0.15535
0.145221
0.135249
0.125452
0.115851
0.106465
0.0973163
0.088424
0.0798083
0.0714891
0.0634859
0.0558192
0.0485103
0.0415821
0.0350592
0.0289687
0.0233393
0.0182008
0.0135849
0.00952573
0.00606443
0.00324517
0.000978806
0.000490467
1.47679
1.47179
1.4638
1.45284
1.43903
1.42249
1.40333
1.38169
1.3577
1.33152
1.30328
1.27315
1.24128
1.20786
1.17305
1.13704
1.10001
1.06217
1.0237
0.984818
0.945711
0.90658
0.867622
0.829026
0.790973
0.753636
0.717174
0.681737
0.647458
0.614452
0.582822
0.552647
0.523991
0.496894
0.471376
0.447432
0.425036
0.404137
0.384664
0.366523
0.349606
0.333788
0.318939
0.304926
0.291617
0.278891
0.266638
0.254762
0.243188
0.231853
0.220709
0.209723
0.198872
0.188144
0.177537
0.167055
0.156707
0.146505
0.136465
0.126605
0.116942
0.107496
0.0982865
0.0893324
0.0806532
0.0722682
0.0641974
0.0564613
0.0490818
0.0420826
0.0354893
0.0293301
0.0236345
0.0184338
0.0137605
0.0096498
0.00614372
0.00328664
0.000989164
0.000496625
1.46901
1.46417
1.45636
1.4456
1.43201
1.41569
1.39678
1.3754
1.3517
1.32581
1.29789
1.26809
1.23659
1.20353
1.16912
1.13351
1.09692
1.05951
1.0215
0.983078
0.94444
0.905783
0.867297
0.829168
0.791573
0.754682
0.718649
0.68362
0.649723
0.617073
0.585764
0.555877
0.527468
0.500577
0.47522
0.451392
0.429064
0.408186
0.388688
0.370478
0.353453
0.337492
0.322472
0.308267
0.294753
0.281816
0.269352
0.257271
0.245502
0.233987
0.222679
0.211545
0.200563
0.189719
0.179011
0.168439
0.158012
0.147739
0.137634
0.127712
0.117991
0.108487
0.0992199
0.0902069
0.081467
0.0730194
0.0648838
0.0570812
0.0496339
0.0425664
0.0359053
0.0296796
0.0239203
0.0186594
0.0139305
0.00976996
0.0062205
0.00332675
0.000999137
0.000502589
1.4611
1.45638
1.44871
1.43811
1.42472
1.40862
1.38995
1.36883
1.34541
1.31983
1.29224
1.26279
1.23165
1.19898
1.16497
1.1298
1.09365
1.0567
1.01916
0.981221
0.943071
0.904903
0.866906
0.829259
0.792137
0.755704
0.720111
0.685499
0.651992
0.619701
0.588718
0.559117
0.530955
0.504267
0.479066
0.455346
0.433079
0.412214
0.392681
0.374395
0.357253
0.341143
0.325948
0.311547
0.297825
0.284674
0.271999
0.259714
0.247752
0.236057
0.224586
0.213306
0.202195
0.191237
0.180429
0.16977
0.159266
0.148924
0.138756
0.128776
0.118998
0.10944
0.100117
0.0910482
0.0822505
0.073743
0.0655455
0.0576791
0.0501668
0.0430336
0.0363072
0.0300175
0.0241966
0.0188775
0.014095
0.00988623
0.00629479
0.00336551
0.00100873
0.000508361
1.45306
1.44843
1.44087
1.43042
1.4172
1.40131
1.38288
1.36202
1.33889
1.31362
1.28636
1.25727
1.22651
1.19426
1.16067
1.12594
1.09025
1.05378
1.01673
0.97929
0.941644
0.903982
0.866486
0.829335
0.792697
0.756732
0.721586
0.687397
0.654285
0.622355
0.591697
0.562382
0.534462
0.50797
0.482919
0.459299
0.437083
0.41622
0.396645
0.378273
0.361007
0.344741
0.329363
0.314763
0.300831
0.287466
0.274579
0.26209
0.249935
0.238063
0.226431
0.215007
0.203769
0.1927
0.181794
0.17105
0.16047
0.150061
0.139833
0.129796
0.119965
0.110355
0.10098
0.0918569
0.0830041
0.0744395
0.0661829
0.0582554
0.0506807
0.0434845
0.0366951
0.0303438
0.0244635
0.0190883
0.014254
0.00999862
0.00636661
0.00340293
0.00101796
0.000513942
1.44494
1.44036
1.43289
1.42256
1.4095
1.39381
1.37561
1.35502
1.33218
1.30723
1.28032
1.2516
1.22124
1.1894
1.15626
1.12199
1.08677
1.0508
1.01426
0.977328
0.9402
0.903056
0.866075
0.82943
0.793285
0.757794
0.723102
0.689339
0.656622
0.625053
0.594717
0.565683
0.537998
0.511695
0.486783
0.463253
0.441077
0.420206
0.400577
0.382109
0.364711
0.348282
0.332718
0.317914
0.30377
0.29019
0.277091
0.264399
0.252054
0.240006
0.228216
0.21665
0.205286
0.194107
0.183106
0.172279
0.161626
0.151153
0.140866
0.130775
0.120893
0.111232
0.101807
0.0926337
0.0837284
0.0751094
0.0667962
0.0588104
0.0511758
0.0439191
0.0370693
0.0306587
0.0247211
0.0192919
0.0144075
0.0101072
0.00643596
0.00343902
0.00102682
0.000519333
1.43675
1.43219
1.42479
1.41457
1.40167
1.38617
1.36819
1.34787
1.32533
1.30071
1.27415
1.24582
1.21587
1.18446
1.15178
1.11799
1.08327
1.0478
1.01178
0.975378
0.93878
0.902166
0.865709
0.829577
0.793931
0.758919
0.724682
0.691345
0.659022
0.62781
0.597791
0.569029
0.541571
0.515445
0.490661
0.467209
0.445061
0.42417
0.404476
0.385903
0.368364
0.351765
0.33601
0.320999
0.30664
0.292845
0.279535
0.266641
0.254108
0.241887
0.229939
0.218234
0.206747
0.195461
0.184367
0.173458
0.162735
0.152199
0.141855
0.131713
0.121782
0.112074
0.102601
0.0933792
0.084424
0.0757531
0.0673859
0.0593442
0.0516524
0.0443376
0.0374298
0.0309621
0.0249695
0.0194881
0.0145556
0.0102119
0.00650286
0.00347379
0.00103532
0.000524534
1.42853
1.42397
1.41662
1.4065
1.39374
1.37843
1.36068
1.34063
1.31839
1.29411
1.26792
1.23999
1.21046
1.17951
1.14729
1.11399
1.07978
1.04484
1.00935
0.973484
0.937427
0.90135
0.865424
0.829811
0.794666
0.760135
0.726351
0.693438
0.661504
0.630641
0.60093
0.57243
0.545186
0.519226
0.494556
0.471168
0.449034
0.428111
0.40834
0.389651
0.371963
0.355188
0.339236
0.324016
0.309441
0.29543
0.28191
0.268816
0.256096
0.243704
0.231602
0.21976
0.208153
0.196762
0.185577
0.174589
0.163797
0.1532
0.142803
0.132611
0.122633
0.11288
0.103362
0.094094
0.0850913
0.0763709
0.0679523
0.0598573
0.0521107
0.0447402
0.0377768
0.0312543
0.0252087
0.0196772
0.0146983
0.0103128
0.00656732
0.00350725
0.00104348
0.000529548
1.42031
1.41574
1.40842
1.39839
1.38577
1.37064
1.35313
1.33335
1.31143
1.28749
1.26169
1.23416
1.20507
1.17458
1.14285
1.11006
1.07637
1.04196
1.00701
0.971693
0.936183
0.900649
0.865257
0.830164
0.79552
0.761466
0.728132
0.695636
0.664081
0.633559
0.604143
0.575892
0.548849
0.523038
0.498468
0.475128
0.452994
0.432025
0.412166
0.39335
0.375505
0.358547
0.342394
0.326962
0.31217
0.297944
0.284215
0.270924
0.258019
0.245459
0.233206
0.22123
0.209504
0.198011
0.186737
0.175673
0.164814
0.154159
0.14371
0.13347
0.123448
0.113651
0.10409
0.0947786
0.0857307
0.0769633
0.0684957
0.0603498
0.0525508
0.0451271
0.0381103
0.0315352
0.0254388
0.0198591
0.0148356
0.0104099
0.00662935
0.00353942
0.0010513
0.000534374
1.41215
1.40755
1.40025
1.3903
1.37782
1.36288
1.34561
1.32611
1.3045
1.28092
1.25551
1.22841
1.19977
1.16975
1.13852
1.10624
1.07308
1.03921
1.00481
0.970049
0.93509
0.900101
0.865242
0.830667
0.79652
0.762938
0.730046
0.697956
0.66677
0.636573
0.607438
0.57942
0.552561
0.526883
0.502394
0.479087
0.456938
0.435908
0.415948
0.396997
0.378985
0.361839
0.345481
0.329835
0.314826
0.300385
0.286449
0.272963
0.259877
0.247151
0.23475
0.222642
0.210802
0.199209
0.187848
0.17671
0.165787
0.155075
0.144576
0.134291
0.124226
0.114388
0.104787
0.0954335
0.0863428
0.0775307
0.0690164
0.060822
0.052973
0.0454983
0.0384304
0.031805
0.0256598
0.0200339
0.0149676
0.0105032
0.00668897
0.0035703
0.00105878
0.000539013
1.40409
1.39945
1.39217
1.3823
1.36995
1.3552
1.33817
1.31896
1.29768
1.27447
1.24945
1.22278
1.1946
1.16507
1.13435
1.10259
1.06997
1.03665
1.0028
0.968595
0.934188
0.899742
0.865414
0.831351
0.797693
0.764572
0.732109
0.700413
0.669579
0.639692
0.61082
0.583017
0.556322
0.530758
0.506334
0.483042
0.460861
0.439757
0.419684
0.400586
0.382401
0.365061
0.348495
0.332633
0.317407
0.302753
0.288612
0.274933
0.261668
0.248781
0.236235
0.223999
0.212047
0.200357
0.188912
0.177701
0.166716
0.15595
0.145403
0.135075
0.124969
0.115092
0.105452
0.0960593
0.0869279
0.0780734
0.0695147
0.0612741
0.0533774
0.0458541
0.0387374
0.0320637
0.0258718
0.0202017
0.0150942
0.0105928
0.00674619
0.00359991
0.00106593
0.000543467
1.39619
1.39151
1.38424
1.37445
1.36223
1.34768
1.33089
1.31197
1.29103
1.26819
1.24359
1.21736
1.18965
1.16061
1.1304
1.09917
1.06709
1.03432
1.00103
0.967376
0.933517
0.899609
0.865803
0.832241
0.799061
0.766388
0.734338
0.703018
0.672518
0.642921
0.614292
0.586682
0.560131
0.534661
0.510281
0.486986
0.464757
0.443564
0.423366
0.404113
0.385747
0.368208
0.351431
0.335352
0.31991
0.305045
0.290702
0.276833
0.263394
0.250349
0.237661
0.2253
0.213239
0.201454
0.189929
0.178648
0.167603
0.156785
0.146192
0.135822
0.125677
0.115763
0.106086
0.0966565
0.0874865
0.0785918
0.0699909
0.0617064
0.0537642
0.0461946
0.0390313
0.0323115
0.0260749
0.0203624
0.0152156
0.0106787
0.00680103
0.00362825
0.00107276
0.000547736
1.38852
1.38379
1.37653
1.36682
1.35475
1.34039
1.32385
1.30523
1.28463
1.26218
1.23799
1.21221
1.18497
1.15643
1.12673
1.09604
1.0645
1.03228
0.999541
0.966433
0.933113
0.899733
0.866437
0.833363
0.800644
0.7684
0.736745
0.705779
0.675592
0.646262
0.617852
0.590414
0.563984
0.538586
0.51423
0.490914
0.468621
0.447325
0.42699
0.407571
0.389019
0.371276
0.354286
0.337991
0.322334
0.30726
0.292718
0.278663
0.265053
0.251854
0.239028
0.226546
0.214379
0.202503
0.190899
0.179551
0.168447
0.15758
0.146942
0.136533
0.126351
0.116402
0.10669
0.0972255
0.088019
0.0790861
0.0704453
0.062119
0.0541337
0.0465199
0.0393121
0.0325484
0.0262692
0.020516
0.0153317
0.0107608
0.00685348
0.00365533
0.00107926
0.00055182
1.38114
1.37636
1.36913
1.3595
1.34757
1.33341
1.31713
1.29881
1.27856
1.25649
1.23273
1.20739
1.18064
1.15259
1.12341
1.09325
1.06225
1.03057
0.998373
0.965803
0.933011
0.900143
0.86734
0.834736
0.802457
0.770621
0.739337
0.708702
0.678802
0.649714
0.621499
0.594206
0.567874
0.542526
0.518174
0.494817
0.472443
0.451031
0.430548
0.410956
0.39221
0.374261
0.357058
0.340546
0.324676
0.309396
0.294659
0.280422
0.266646
0.253296
0.240337
0.227737
0.215467
0.203503
0.191823
0.18041
0.169251
0.158335
0.147656
0.137208
0.126992
0.11701
0.107265
0.0977667
0.0885258
0.0795568
0.0708781
0.0625123
0.0544859
0.0468301
0.03958
0.0327744
0.0264546
0.0206628
0.0154425
0.0108393
0.00690357
0.00368116
0.00108546
0.000555721
1.37415
1.36932
1.3621
1.35256
1.34077
1.32683
1.3108
1.29279
1.27289
1.25121
1.22787
1.20299
1.17671
1.14916
1.12049
1.09085
1.06038
1.02924
0.997568
0.96552
0.933238
0.900864
0.868533
0.836375
0.804512
0.773058
0.742118
0.711786
0.682147
0.653272
0.625224
0.598052
0.571792
0.546471
0.522101
0.498685
0.476215
0.454673
0.434033
0.41426
0.395317
0.377159
0.359741
0.343015
0.326933
0.311451
0.296523
0.282109
0.268171
0.254675
0.241587
0.228873
0.216504
0.204455
0.192701
0.181226
0.170014
0.159052
0.148332
0.137849
0.1276
0.117586
0.10781
0.0982806
0.0890071
0.0800041
0.0712896
0.0628863
0.054821
0.0471254
0.0398351
0.0329897
0.0266312
0.0208026
0.0155482
0.010914
0.0069513
0.00370576
0.00109135
0.000559438
1.36762
1.36275
1.35555
1.34609
1.33446
1.32072
1.30496
1.28726
1.26771
1.24641
1.22349
1.19906
1.17325
1.14619
1.11803
1.0889
1.05894
1.02832
0.997159
0.965613
0.933819
0.901914
0.870029
0.83829
0.806815
0.775713
0.745087
0.715028
0.685618
0.656929
0.629019
0.60194
0.575728
0.55041
0.526002
0.50251
0.479928
0.458244
0.437437
0.417477
0.398332
0.379964
0.362332
0.345393
0.329105
0.313424
0.29831
0.283723
0.269628
0.255991
0.242778
0.229954
0.217491
0.205359
0.193535
0.182001
0.170737
0.159731
0.148974
0.138456
0.128176
0.118132
0.108327
0.0987676
0.0894634
0.0804282
0.07168
0.0632412
0.0551392
0.0474059
0.0400775
0.0331943
0.026799
0.0209355
0.0156486
0.0109851
0.00699669
0.00372913
0.00109693
0.000562973
1.36163
1.35672
1.34955
1.34019
1.32871
1.31518
1.29968
1.28228
1.26308
1.24217
1.21966
1.19567
1.17032
1.14374
1.11606
1.08743
1.05797
1.02784
0.997171
0.966102
0.934769
0.903305
0.871836
0.840485
0.809365
0.778583
0.748238
0.718419
0.689207
0.660671
0.632871
0.605857
0.579667
0.55433
0.529864
0.506277
0.48357
0.461734
0.440751
0.420599
0.40125
0.382672
0.364827
0.347678
0.331187
0.315313
0.300018
0.285264
0.271017
0.257244
0.24391
0.230981
0.218426
0.206216
0.194325
0.182733
0.171421
0.160374
0.149579
0.13903
0.12872
0.118648
0.108815
0.099228
0.089895
0.0808296
0.0720495
0.0635774
0.0554406
0.0476716
0.0403072
0.0333883
0.0269582
0.0210616
0.0157439
0.0110525
0.00703975
0.00375127
0.00110221
0.000566326
1.35628
1.35133
1.34419
1.33492
1.3236
1.31028
1.29503
1.27794
1.25908
1.23854
1.21644
1.19288
1.16797
1.14185
1.11464
1.08648
1.0575
1.02784
0.997625
0.967002
0.936098
0.905041
0.873954
0.842955
0.812155
0.781657
0.751558
0.721945
0.692897
0.664484
0.636763
0.609787
0.583594
0.558215
0.533672
0.509976
0.48713
0.465131
0.443967
0.423619
0.404065
0.385276
0.367222
0.349867
0.333178
0.317116
0.301645
0.286731
0.272337
0.258433
0.244984
0.231954
0.219312
0.207026
0.195071
0.183425
0.172066
0.160979
0.15015
0.13957
0.129232
0.119134
0.109276
0.0996622
0.0903021
0.0812083
0.0723983
0.0638948
0.0557254
0.0479228
0.0405244
0.0335717
0.0271088
0.0211808
0.015834
0.0111163
0.00708048
0.0037722
0.0011072
0.000569497
1.35163
1.34667
1.33956
1.33038
1.31921
1.30609
1.2911
1.2743
1.25577
1.2356
1.21388
1.19072
1.16624
1.14056
1.11379
1.08608
1.05754
1.02831
0.998528
0.968317
0.937806
0.907119
0.876375
0.84569
0.815171
0.78492
0.75503
0.725588
0.696671
0.668347
0.640677
0.613711
0.587491
0.56205
0.537411
0.513591
0.490596
0.468427
0.447076
0.42653
0.40677
0.387773
0.369513
0.351957
0.335075
0.318831
0.303192
0.288122
0.273588
0.259559
0.245999
0.232873
0.220147
0.20779
0.195774
0.184076
0.172673
0.161548
0.150687
0.140078
0.129714
0.119591
0.109708
0.100071
0.0906851
0.0815647
0.0727267
0.0641937
0.0559936
0.0481594
0.0407291
0.0337446
0.0272507
0.0212933
0.015919
0.0111765
0.0071189
0.00379193
0.0011119
0.000572488
1.34778
1.34279
1.33572
1.32663
1.31561
1.30269
1.28793
1.27141
1.2532
1.23337
1.21202
1.18925
1.16517
1.13989
1.11354
1.08623
1.0581
1.02928
0.99988
0.97004
0.939881
0.909523
0.879083
0.848671
0.818394
0.78835
0.758632
0.729324
0.700503
0.672238
0.644588
0.617608
0.591338
0.565815
0.541066
0.517109
0.493955
0.471609
0.450068
0.429323
0.409359
0.390158
0.371695
0.353944
0.336875
0.320457
0.304655
0.289437
0.274768
0.260621
0.246956
0.233738
0.220932
0.208507
0.196434
0.184686
0.173242
0.162082
0.15119
0.140554
0.130165
0.120019
0.110114
0.100453
0.0910442
0.081899
0.0730348
0.0644743
0.0562454
0.0483816
0.0409213
0.033907
0.0273841
0.0213989
0.0159989
0.0112331
0.00715501
0.00381046
0.00111631
0.000575297
1.34477
1.33976
1.33273
1.32373
1.31285
1.30011
1.28559
1.26933
1.25141
1.2319
1.21089
1.18847
1.16475
1.13985
1.11387
1.08694
1.05918
1.03071
1.00166
0.972154
0.942304
0.912232
0.882052
0.851871
0.821794
0.791918
0.762333
0.733124
0.704366
0.676129
0.648474
0.621454
0.595114
0.569492
0.544617
0.520513
0.497193
0.474666
0.452933
0.43199
0.411825
0.392424
0.373765
0.355826
0.338578
0.321991
0.306034
0.290675
0.275879
0.261618
0.247853
0.234549
0.221668
0.209179
0.197051
0.185257
0.173774
0.16258
0.15166
0.140998
0.130587
0.120419
0.110493
0.100811
0.0913797
0.0822114
0.0733228
0.0647366
0.0564809
0.0485895
0.0411012
0.034059
0.0275089
0.0214979
0.0160737
0.011286
0.00718882
0.0038278
0.00112043
0.000577926
1.34266
1.33763
1.33063
1.32172
1.31096
1.2984
1.28408
1.26807
1.25041
1.23119
1.21049
1.18839
1.16501
1.14043
1.11479
1.08819
1.06076
1.0326
1.00386
0.974629
0.945043
0.915212
0.885247
0.855255
0.825337
0.795589
0.7661
0.736955
0.708229
0.679992
0.652305
0.625223
0.598795
0.573059
0.548048
0.523788
0.500297
0.477587
0.455663
0.434524
0.414163
0.394567
0.375719
0.357598
0.340179
0.323433
0.307329
0.291835
0.276919
0.26255
0.248692
0.235306
0.222355
0.209805
0.197626
0.185789
0.174269
0.163044
0.152096
0.141411
0.130978
0.12079
0.110845
0.101143
0.0916917
0.082502
0.0735909
0.0649808
0.0567002
0.0487832
0.0412688
0.0342007
0.0276253
0.0215901
0.0161435
0.0113354
0.00722034
0.00384396
0.00112428
0.000580375
1.34147
1.33642
1.32945
1.32061
1.30997
1.29756
1.28343
1.26762
1.2502
1.23124
1.21081
1.18899
1.1659
1.14162
1.11626
1.08995
1.06279
1.03491
1.00641
0.977422
0.948053
0.918418
0.888625
0.858778
0.828979
0.799321
0.769894
0.740781
0.712057
0.683793
0.656052
0.628891
0.602357
0.576495
0.55134
0.526919
0.503254
0.480361
0.458248
0.436917
0.416365
0.396582
0.377553
0.359259
0.341677
0.324779
0.308536
0.292916
0.277887
0.263418
0.249472
0.236009
0.222992
0.210386
0.198159
0.186281
0.174727
0.163473
0.1525
0.141794
0.131341
0.121134
0.111171
0.101451
0.0919806
0.0827712
0.0738392
0.0652071
0.0569035
0.0489627
0.0414242
0.0343321
0.0277332
0.0216756
0.0162082
0.0113812
0.00724958
0.00385894
0.00112784
0.000582645
1.34118
1.33611
1.32916
1.32039
1.30984
1.29756
1.28359
1.26797
1.25075
1.23201
1.21181
1.19023
1.16738
1.14335
1.11824
1.09216
1.06524
1.03757
1.00928
0.980479
0.951281
0.921797
0.892133
0.862392
0.832673
0.80307
0.773671
0.74456
0.715812
0.687499
0.659684
0.632427
0.605777
0.579779
0.554473
0.529888
0.506049
0.482975
0.460678
0.439161
0.418426
0.398464
0.379263
0.360805
0.34307
0.32603
0.309656
0.293918
0.278783
0.264221
0.250192
0.236658
0.22358
0.210922
0.19865
0.186735
0.175149
0.163868
0.152872
0.142145
0.131674
0.121451
0.11147
0.101734
0.0922466
0.083019
0.0740678
0.0654155
0.0570907
0.049128
0.0415674
0.0344531
0.0278327
0.0217545
0.0162678
0.0114235
0.00727654
0.00387274
0.00113113
0.000584735
1.34176
1.33667
1.32973
1.32101
1.31054
1.29837
1.28452
1.26905
1.252
1.23344
1.21343
1.19205
1.1694
1.14556
1.12065
1.09476
1.06802
1.04052
1.01239
0.983734
0.954664
0.925288
0.895712
0.866039
0.836365
0.806784
0.777385
0.748249
0.719455
0.691073
0.663169
0.635803
0.609027
0.582889
0.557428
0.532679
0.508669
0.485419
0.462944
0.44125
0.420339
0.400208
0.380845
0.362234
0.344355
0.327183
0.310688
0.29484
0.279607
0.264958
0.250854
0.237254
0.224119
0.211413
0.1991
0.18715
0.175535
0.164229
0.153212
0.142467
0.131979
0.12174
0.111745
0.101993
0.0924897
0.0832456
0.0742769
0.0656061
0.057262
0.0492794
0.0416984
0.034564
0.0279238
0.0218267
0.0163224
0.0114621
0.00730124
0.00388539
0.00113415
0.000586646
1.34313
1.33802
1.33108
1.32239
1.31198
1.29989
1.28614
1.27079
1.25387
1.23544
1.21558
1.19435
1.17185
1.14817
1.1234
1.09766
1.07105
1.04368
1.01567
0.987111
0.958127
0.92882
0.899297
0.869656
0.839997
0.81041
0.780984
0.751803
0.722944
0.694478
0.666474
0.638991
0.612084
0.585802
0.560188
0.535278
0.511102
0.487682
0.465037
0.443175
0.4221
0.40181
0.382296
0.363543
0.345531
0.328236
0.31163
0.295681
0.280358
0.26563
0.251456
0.237796
0.224609
0.211859
0.199509
0.187527
0.175885
0.164557
0.153521
0.142758
0.132255
0.122002
0.111993
0.102228
0.0927102
0.0834512
0.0744666
0.0657791
0.0574175
0.0494168
0.0418174
0.0346646
0.0280065
0.0218922
0.016372
0.0114973
0.00732367
0.00389687
0.00113689
0.000588378
1.34518
1.34004
1.3331
1.32442
1.31404
1.30201
1.28833
1.27306
1.25624
1.23791
1.21815
1.19703
1.17464
1.15107
1.12641
1.10077
1.07425
1.04696
1.01902
0.990526
0.961591
0.93232
0.902816
0.873179
0.843507
0.813891
0.78442
0.755176
0.726238
0.697678
0.669565
0.641961
0.614922
0.588498
0.562734
0.537669
0.513333
0.489754
0.466948
0.444929
0.423702
0.403266
0.383613
0.364729
0.346596
0.329189
0.312481
0.296441
0.281036
0.266235
0.251999
0.238284
0.225051
0.21226
0.199876
0.187866
0.1762
0.164851
0.153798
0.14302
0.132503
0.122237
0.112216
0.102438
0.0929082
0.0836358
0.0746371
0.0659346
0.0575572
0.0495403
0.0419244
0.0347551
0.0280808
0.0219512
0.0164166
0.0115289
0.00734384
0.00390719
0.00113937
0.000589931
1.34776
1.34259
1.33563
1.32695
1.31659
1.30458
1.29095
1.27573
1.25896
1.2407
1.22101
1.19996
1.17764
1.15414
1.12954
1.10396
1.0775
1.05026
1.02235
0.993889
0.964971
0.935706
0.906196
0.87654
0.846835
0.817172
0.787639
0.758321
0.729295
0.700636
0.672412
0.644686
0.617517
0.590955
0.565049
0.539836
0.515352
0.491624
0.468671
0.446508
0.425142
0.404572
0.384792
0.36579
0.347548
0.33004
0.313241
0.297118
0.28164
0.266775
0.252482
0.238718
0.225443
0.212617
0.200203
0.188167
0.176479
0.165113
0.154043
0.143252
0.132724
0.122446
0.112414
0.102625
0.0930839
0.0837996
0.0747883
0.0660725
0.0576813
0.0496499
0.0420193
0.0348354
0.0281468
0.0220036
0.0164562
0.0115569
0.00736176
0.00391637
0.00114157
0.000591306
1.35069
1.34549
1.3385
1.32981
1.31945
1.30745
1.29384
1.27864
1.2619
1.24367
1.22401
1.203
1.18071
1.15724
1.13268
1.10713
1.08069
1.05346
1.02557
0.997106
0.968181
0.9389
0.909363
0.87967
0.849917
0.820195
0.790593
0.761194
0.732077
0.703317
0.674983
0.64714
0.619846
0.593155
0.567115
0.541767
0.517147
0.493283
0.470197
0.447904
0.426413
0.405724
0.385832
0.366725
0.348385
0.330789
0.313908
0.297713
0.28217
0.267248
0.252905
0.239099
0.225787
0.212929
0.200488
0.18843
0.176724
0.165341
0.154258
0.143455
0.132916
0.122629
0.112587
0.102789
0.0932374
0.0839427
0.0749205
0.0661931
0.0577896
0.0497457
0.0421023
0.0349056
0.0282045
0.0220493
0.0164909
0.0115815
0.00737744
0.00392439
0.00114352
0.000592502
1.35378
1.34854
1.34152
1.33281
1.32243
1.31042
1.2968
1.2816
1.26487
1.24665
1.227
1.206
1.18372
1.16025
1.13569
1.11014
1.0837
1.05647
1.02856
1.00008
0.971135
0.941822
0.912245
0.882504
0.852695
0.822908
0.793232
0.763751
0.734544
0.705687
0.677249
0.649296
0.621888
0.59508
0.568919
0.54345
0.518708
0.494724
0.47152
0.449113
0.427512
0.406719
0.386729
0.367531
0.349106
0.331433
0.314483
0.298225
0.282626
0.267655
0.253269
0.239426
0.226082
0.213197
0.200734
0.188656
0.176933
0.165537
0.154442
0.143629
0.133081
0.122785
0.112735
0.102929
0.0933688
0.0840652
0.0750336
0.0662963
0.0578824
0.0498277
0.0421734
0.0349657
0.028254
0.0220885
0.0165205
0.0116025
0.00739086
0.00393127
0.00114519
0.00059352
1.3568
1.35153
1.34448
1.33573
1.32533
1.3133
1.29966
1.28445
1.2677
1.24947
1.22981
1.20879
1.1865
1.16303
1.13845
1.11289
1.08643
1.05918
1.03124
1.00273
0.973749
0.944396
0.914773
0.88498
0.855111
0.825259
0.795512
0.765953
0.736663
0.707717
0.679185
0.651134
0.623625
0.596713
0.570447
0.544873
0.520026
0.495938
0.472634
0.45013
0.428436
0.407554
0.387482
0.368206
0.349711
0.331972
0.314964
0.298653
0.283007
0.267995
0.253573
0.239699
0.226329
0.213421
0.200938
0.188844
0.177108
0.1657
0.154596
0.143774
0.133218
0.122915
0.112858
0.103045
0.0934782
0.0841672
0.0751277
0.0663821
0.0579596
0.0498959
0.0422325
0.0350157
0.0282951
0.0221211
0.0165452
0.01162
0.00740205
0.00393701
0.00114661
0.00059436
1.35955
1.35424
1.34716
1.33838
1.32795
1.31589
1.30223
1.28699
1.27022
1.25197
1.23228
1.21125
1.18894
1.16544
1.14084
1.11525
1.08876
1.06148
1.03352
1.00497
0.97595
0.946554
0.916885
0.887041
0.857117
0.827205
0.797393
0.767765
0.738402
0.709379
0.680767
0.652633
0.625039
0.59804
0.571688
0.546025
0.521093
0.49692
0.473534
0.45095
0.42918
0.408228
0.388088
0.36875
0.350197
0.332406
0.31535
0.298997
0.283314
0.268268
0.253818
0.239918
0.226527
0.213601
0.201102
0.188996
0.177248
0.165831
0.154718
0.14389
0.133328
0.123019
0.112957
0.103138
0.0935656
0.0842487
0.075203
0.0664508
0.0580213
0.0499505
0.0422798
0.0350557
0.028328
0.0221472
0.0165649
0.011634
0.007411
0.00394161
0.00114776
0.000595022
1.36183
1.35649
1.34938
1.34058
1.33012
1.31803
1.30434
1.28908
1.27228
1.254
1.23429
1.21323
1.19089
1.16737
1.14275
1.11713
1.09061
1.0633
1.03531
1.00673
0.97767
0.948236
0.918526
0.888638
0.858668
0.828706
0.798841
0.769157
0.739735
0.710651
0.681976
0.653777
0.626116
0.59905
0.57263
0.546901
0.521902
0.497664
0.474215
0.451571
0.429744
0.408737
0.388546
0.369161
0.350564
0.332734
0.315642
0.299257
0.283545
0.268474
0.254002
0.240084
0.226676
0.213736
0.201226
0.18911
0.177354
0.165929
0.154811
0.143977
0.13341
0.123097
0.113031
0.103208
0.0936312
0.0843098
0.0752594
0.0665022
0.0580676
0.0499913
0.0423151
0.0350856
0.0283526
0.0221667
0.0165797
0.0116444
0.00741771
0.00394507
0.00114865
0.000595506
1.36347
1.35811
1.35097
1.34215
1.33167
1.31956
1.30584
1.29056
1.27374
1.25544
1.23571
1.21463
1.19227
1.16872
1.14408
1.11844
1.0919
1.06457
1.03655
1.00794
0.978856
0.949393
0.919653
0.889733
0.859729
0.829731
0.799828
0.770105
0.740642
0.711515
0.682796
0.654552
0.626846
0.599733
0.573267
0.547492
0.522448
0.498167
0.474674
0.45199
0.430124
0.40908
0.388855
0.369438
0.350812
0.332955
0.315839
0.299432
0.283701
0.268613
0.254127
0.240196
0.226777
0.213828
0.20131
0.189186
0.177425
0.165996
0.154873
0.144035
0.133465
0.12315
0.11308
0.103255
0.0936749
0.0843505
0.0752969
0.0665364
0.0580983
0.0500185
0.0423387
0.0351055
0.0283689
0.0221797
0.0165895
0.0116514
0.00742218
0.0039474
0.00114928
0.000595811
1.36433
1.35896
1.35182
1.34298
1.33249
1.32036
1.30664
1.29134
1.27451
1.2562
1.23646
1.21536
1.19299
1.16943
1.14477
1.11912
1.09257
1.06522
1.03719
1.00857
0.979469
0.949991
0.920234
0.890297
0.860275
0.830258
0.800336
0.770592
0.741107
0.711958
0.683216
0.654949
0.627219
0.600083
0.573593
0.547795
0.522728
0.498424
0.47491
0.452205
0.430319
0.409256
0.389013
0.36958
0.35094
0.333069
0.315941
0.299523
0.283782
0.268686
0.254191
0.240254
0.226829
0.213875
0.201353
0.189226
0.177461
0.16603
0.154905
0.144065
0.133493
0.123176
0.113105
0.103278
0.0936968
0.0843709
0.0753156
0.0665534
0.0581136
0.050032
0.0423503
0.0351154
0.028377
0.0221861
0.0165944
0.0116549
0.00742443
0.00394859
0.00114965
0.000595938
)
;

boundaryField
{
    farLeft
    {
        type            symmetryPlane;
    }
    flatBed
    {
        type            nutkWallFunction;
        blending        stepwise;
        value           nonuniform List<scalar> 
240
(
0.000782509
0.000782372
0.000782539
0.00078276
0.000783004
0.000783265
0.00078354
0.00078383
0.000784135
0.000784456
0.000784793
0.000785146
0.000785515
0.000785901
0.000786304
0.000786723
0.000787159
0.000787612
0.000788081
0.000788566
0.000789068
0.000789587
0.000790122
0.000790674
0.000791242
0.000791826
0.000792426
0.000793043
0.000793676
0.000794325
0.00079499
0.000795671
0.000796367
0.00079708
0.000797808
0.000798552
0.000799311
0.000800086
0.000800876
0.000801681
0.000802501
0.000803337
0.000804187
0.000805052
0.000805931
0.000806825
0.000807733
0.000808656
0.000809592
0.000810543
0.000811507
0.000812485
0.000813476
0.000814481
0.000815498
0.000816529
0.000817572
0.000818628
0.000819697
0.000820777
0.00082187
0.000822974
0.00082409
0.000825218
0.000826356
0.000827506
0.000828666
0.000829837
0.000831018
0.000832209
0.00083341
0.00083462
0.00083584
0.000837068
0.000838306
0.000839551
0.000840805
0.000842067
0.000843336
0.000844613
0.000845896
0.000847186
0.000848482
0.000849784
0.000851092
0.000852405
0.000853723
0.000855045
0.000856371
0.000857701
0.000859034
0.000860369
0.000861708
0.000863047
0.000864389
0.000865731
0.000867074
0.000868416
0.000869758
0.000871099
0.000872438
0.000873775
0.000875108
0.000876438
0.000877764
0.000879085
0.0008804
0.000881709
0.000883011
0.000884305
0.00088559
0.000886866
0.000888131
0.000889385
0.000890627
0.000891856
0.00089307
0.00089427
0.000895453
0.000896619
0.000897766
0.000898894
0.000900001
0.000901085
0.000902146
0.000903183
0.000904193
0.000905176
0.00090613
0.000907053
0.000907944
0.000908802
0.000909625
0.000910411
0.000911158
0.000911865
0.000912531
0.000913154
0.000913731
0.000914262
0.000914744
0.000915177
0.000915558
0.000915886
0.00091616
0.000916378
0.000916539
0.000916643
0.000916687
0.000916672
0.000916597
0.000916461
0.000916265
0.000916009
0.000915694
0.000915321
0.00091489
0.000914406
0.000913869
0.000913291
0.000912805
0.00091241
0.000912092
0.000911839
0.000911645
0.000911508
0.000911427
0.000911404
0.000911443
0.000911548
0.000911727
0.000911986
0.000912332
0.000912772
0.000913314
0.000913963
0.000914726
0.000915605
0.000916603
0.00091772
0.000918957
0.000920308
0.000921769
0.000923333
0.000924992
0.000926736
0.000928554
0.000930438
0.000932379
0.000934369
0.000936405
0.000938486
0.000940617
0.000942808
0.000945073
0.000947433
0.000949917
0.000952557
0.000955391
0.00095846
0.000961807
0.000965476
0.000969506
0.000973934
0.000978789
0.00098409
0.000989846
0.000996053
0.0010027
0.00100974
0.00101716
0.00102488
0.00103286
0.00104103
0.00104931
0.00105763
0.00106591
0.00107408
0.00108206
0.00108979
0.00109721
0.00110424
0.00111083
0.00111692
0.00112246
0.00112741
0.0011317
0.00113529
0.00113812
0.00114014
0.00114127
0.00114142
0.00114047
0.00113826
0.00113452
0.0011288
0.00112028
0.00110748
0.00108799
0.00106057
)
;
    }
    slope
    {
        type            nutkWallFunction;
        blending        stepwise;
        value           nonuniform List<scalar> 
80
(
0.00102987
0.00107948
0.00109813
0.00110104
0.00109324
0.00107764
0.00105624
0.00103053
0.00100169
0.000970669
0.000938251
0.000905151
0.00087244
0.000839816
0.000807086
0.000774406
0.000741964
0.00070991
0.000678347
0.000647346
0.000616948
0.000587176
0.00055804
0.000529545
0.00050169
0.000474473
0.000447896
0.000421964
0.000396687
0.000372083
0.000348176
0.000324999
0.000302592
0.000281003
0.000260288
0.000240506
0.000221719
0.000203988
0.000187366
0.000171895
0.000157598
0.000144479
0.000132515
0.000121663
0.000111858
0.000103052
9.51837e-05
8.80709e-05
8.16052e-05
7.56884e-05
7.02325e-05
6.51703e-05
6.04338e-05
5.59764e-05
5.17623e-05
4.77651e-05
4.39658e-05
4.03513e-05
3.69126e-05
3.36439e-05
3.05412e-05
2.76019e-05
2.4824e-05
2.22055e-05
1.97441e-05
1.74368e-05
1.52804e-05
1.32704e-05
1.1402e-05
9.66991e-06
8.06873e-06
6.59265e-06
5.2365e-06
3.99616e-06
2.86892e-06
1.85424e-06
9.55603e-07
1.86043e-07
0
0
)
;
    }
    top
    {
        type            symmetryPlane;
    }
    frontAndBack
    {
        type            empty;
    }
    defaultFaces
    {
        type            empty;
    }
}


// ************************************************************************* //
