/*--------------------------------*- C++ -*----------------------------------*\
| =========                 |                                                 |
| \\      /  F ield         | OpenFOAM: The Open Source CFD Toolbox           |
|  \\    /   O peration     | Version:  2206                                  |
|   \\  /    A nd           | Website:  www.openfoam.com                      |
|    \\/     M anipulation  |                                                 |
\*---------------------------------------------------------------------------*/
FoamFile
{
    version     2.0;
    format      ascii;
    arch        "LSB;label=32;scalar=64";
    class       volScalarField;
    location    "6500";
    object      nut;
}
// * * * * * * * * * * * * * * * * * * * * * * * * * * * * * * * * * * * * * //

dimensions      [0 2 -1 0 0 0 0];

internalField   nonuniform List<scalar> 
25600
(
0.00939006
0.00938798
0.00939023
0.00939317
0.00939637
0.00939972
0.00940321
0.00940683
0.00941061
0.00941453
0.00941861
0.00942286
0.00942727
0.00943184
0.00943658
0.00944149
0.00944656
0.00945181
0.00945722
0.00946279
0.00946854
0.00947445
0.00948052
0.00948677
0.00949317
0.00949974
0.00950648
0.00951337
0.00952043
0.00952765
0.00953503
0.00954257
0.00955026
0.00955811
0.00956612
0.00957428
0.00958259
0.00959106
0.00959967
0.00960843
0.00961734
0.00962639
0.00963558
0.00964492
0.00965439
0.009664
0.00967375
0.00968363
0.00969365
0.00970379
0.00971406
0.00972446
0.00973498
0.00974561
0.00975637
0.00976724
0.00977823
0.00978933
0.00980053
0.00981184
0.00982326
0.00983477
0.00984638
0.00985808
0.00986988
0.00988177
0.00989374
0.00990579
0.00991792
0.00993013
0.0099424
0.00995475
0.00996717
0.00997964
0.00999217
0.0100048
0.0100174
0.0100301
0.0100428
0.0100556
0.0100684
0.0100812
0.0100941
0.0101069
0.0101198
0.0101327
0.0101456
0.0101585
0.0101715
0.0101844
0.0101972
0.0102101
0.0102229
0.0102358
0.0102485
0.0102613
0.0102739
0.0102866
0.0102991
0.0103116
0.010324
0.0103364
0.0103486
0.0103607
0.0103728
0.0103847
0.0103965
0.0104081
0.0104197
0.010431
0.0104422
0.0104532
0.0104641
0.0104747
0.0104852
0.0104954
0.0105054
0.0105151
0.0105246
0.0105338
0.0105428
0.0105514
0.0105598
0.0105678
0.0105754
0.0105827
0.0105896
0.0105962
0.0106023
0.010608
0.0106132
0.010618
0.0106222
0.010626
0.0106293
0.0106319
0.0106341
0.0106356
0.0106365
0.0106368
0.0106364
0.0106354
0.0106336
0.0106311
0.0106279
0.010624
0.0106193
0.0106138
0.0106074
0.0106003
0.0105924
0.0105836
0.010574
0.0105635
0.0105522
0.0105401
0.0105272
0.0105136
0.0104992
0.0104855
0.0104726
0.0104604
0.0104489
0.0104378
0.0104273
0.0104173
0.0104078
0.0103989
0.0103908
0.0103833
0.0103768
0.0103713
0.010367
0.010364
0.0103623
0.0103623
0.010364
0.0103674
0.0103728
0.0103802
0.0103896
0.010401
0.0104145
0.0104299
0.0104472
0.0104663
0.010487
0.0105091
0.0105324
0.0105567
0.0105818
0.0106076
0.0106339
0.0106606
0.0106877
0.0107153
0.0107434
0.0107724
0.0108025
0.0108341
0.0108677
0.0109039
0.0109432
0.0109862
0.0110335
0.0110858
0.0111433
0.0112065
0.0112756
0.0113506
0.0114314
0.0115178
0.0116093
0.0117052
0.0118048
0.0119073
0.0120117
0.0121171
0.0122225
0.0123267
0.0124289
0.0125281
0.0126233
0.0127136
0.0127981
0.0128761
0.0129467
0.0130091
0.0130625
0.013106
0.0131387
0.0131593
0.0131663
0.0131574
0.0131292
0.0130758
0.0129866
0.0128429
0.0126201
0.0123405
0.101522
0.101518
0.101504
0.101484
0.101461
0.101437
0.101413
0.101391
0.10137
0.10135
0.101333
0.101317
0.101303
0.101291
0.101281
0.101273
0.101267
0.101264
0.101262
0.101262
0.101265
0.10127
0.101276
0.101285
0.101296
0.101309
0.101324
0.101341
0.10136
0.101381
0.101404
0.101429
0.101456
0.101485
0.101516
0.101548
0.101583
0.10162
0.101658
0.101698
0.10174
0.101783
0.101828
0.101875
0.101924
0.101974
0.102026
0.102079
0.102134
0.102191
0.102248
0.102307
0.102368
0.10243
0.102493
0.102558
0.102623
0.10269
0.102758
0.102827
0.102897
0.102969
0.103041
0.103114
0.103188
0.103262
0.103338
0.103414
0.103491
0.103569
0.103647
0.103725
0.103805
0.103884
0.103964
0.104044
0.104125
0.104206
0.104286
0.104367
0.104448
0.104529
0.10461
0.10469
0.104771
0.104851
0.104931
0.10501
0.105088
0.105166
0.105244
0.105321
0.105396
0.105471
0.105545
0.105618
0.10569
0.10576
0.105829
0.105897
0.105963
0.106027
0.10609
0.10615
0.106209
0.106266
0.10632
0.106372
0.106422
0.106469
0.106514
0.106556
0.106594
0.10663
0.106662
0.106691
0.106717
0.106739
0.106757
0.106771
0.10678
0.106786
0.106787
0.106784
0.106775
0.106762
0.106743
0.10672
0.106691
0.106656
0.106615
0.106569
0.106516
0.106458
0.106393
0.106321
0.106244
0.106159
0.106068
0.105971
0.105867
0.105757
0.10564
0.105517
0.105388
0.105253
0.105112
0.104967
0.104817
0.104664
0.104507
0.104347
0.104186
0.104024
0.103863
0.103704
0.103547
0.103393
0.103239
0.103071
0.102884
0.102682
0.10247
0.102252
0.102033
0.101816
0.101607
0.101408
0.101224
0.101057
0.100912
0.100791
0.100696
0.100628
0.100589
0.100579
0.100597
0.100642
0.100712
0.100805
0.100916
0.101044
0.101182
0.101328
0.101477
0.101627
0.101774
0.101916
0.102054
0.102187
0.102319
0.102452
0.102593
0.102748
0.102926
0.103134
0.103382
0.103682
0.104042
0.104472
0.10498
0.105573
0.106256
0.107033
0.107903
0.108865
0.109915
0.111045
0.112248
0.113512
0.114827
0.116181
0.11756
0.118953
0.120347
0.12173
0.123091
0.124419
0.125702
0.126929
0.128092
0.129179
0.130181
0.131087
0.131889
0.132576
0.133138
0.133566
0.133848
0.133973
0.133927
0.133694
0.133248
0.13255
0.131527
0.130038
0.127786
0.124128
0.117694
0.105794
0.219099
0.219091
0.219079
0.219063
0.219045
0.219028
0.219011
0.218996
0.218984
0.218976
0.218971
0.218971
0.218975
0.218983
0.218997
0.219015
0.219038
0.219065
0.219098
0.219136
0.219179
0.219226
0.219279
0.219337
0.219399
0.219467
0.21954
0.219617
0.219699
0.219786
0.219878
0.219975
0.220076
0.220182
0.220292
0.220408
0.220527
0.220651
0.220779
0.220912
0.221048
0.221189
0.221334
0.221483
0.221636
0.221793
0.221953
0.222118
0.222285
0.222457
0.222631
0.222809
0.222991
0.223175
0.223363
0.223553
0.223747
0.223943
0.224142
0.224343
0.224547
0.224753
0.224961
0.225172
0.225385
0.225599
0.225815
0.226033
0.226253
0.226474
0.226696
0.226919
0.227144
0.227369
0.227595
0.227822
0.228049
0.228277
0.228504
0.228732
0.22896
0.229188
0.229415
0.229642
0.229868
0.230093
0.230317
0.23054
0.230761
0.230981
0.231199
0.231416
0.23163
0.231842
0.232051
0.232258
0.232462
0.232662
0.232859
0.233053
0.233243
0.233429
0.23361
0.233787
0.23396
0.234127
0.234289
0.234445
0.234596
0.23474
0.234878
0.235009
0.235134
0.235251
0.23536
0.235461
0.235554
0.235638
0.235714
0.23578
0.235836
0.235883
0.235919
0.235945
0.235959
0.235962
0.235954
0.235934
0.235901
0.235856
0.235798
0.235726
0.235642
0.235544
0.235432
0.235307
0.235168
0.235015
0.234849
0.234669
0.234476
0.23427
0.234051
0.233821
0.233579
0.233327
0.233066
0.232797
0.232521
0.232241
0.231957
0.231672
0.231388
0.231108
0.230833
0.230568
0.230313
0.230069
0.229834
0.2296
0.229366
0.229134
0.228911
0.228699
0.228505
0.228332
0.228185
0.228068
0.227984
0.227936
0.227925
0.227951
0.228014
0.228112
0.228241
0.228396
0.228572
0.228762
0.228957
0.229149
0.22933
0.229492
0.229627
0.229728
0.229792
0.229815
0.229798
0.229744
0.229658
0.22955
0.229431
0.229317
0.229226
0.229178
0.229193
0.229295
0.229506
0.229849
0.230343
0.231008
0.231857
0.232901
0.234146
0.235594
0.237238
0.239069
0.241072
0.243227
0.24551
0.247896
0.250357
0.252864
0.255389
0.257904
0.260382
0.2628
0.265134
0.267363
0.269468
0.271431
0.273236
0.274867
0.27631
0.277549
0.278571
0.27936
0.279901
0.280176
0.280167
0.279847
0.279186
0.278139
0.276643
0.274598
0.271852
0.268159
0.26313
0.256167
0.246419
0.232853
0.332566
0.332558
0.332551
0.332546
0.332541
0.33254
0.332542
0.332548
0.332559
0.332577
0.3326
0.332629
0.332666
0.33271
0.332761
0.332819
0.332885
0.332959
0.33304
0.33313
0.333227
0.333331
0.333444
0.333565
0.333693
0.333829
0.333973
0.334124
0.334283
0.33445
0.334624
0.334806
0.334995
0.335191
0.335395
0.335605
0.335823
0.336047
0.336279
0.336517
0.336762
0.337013
0.337271
0.337535
0.337805
0.338081
0.338363
0.338651
0.338945
0.339244
0.339548
0.339858
0.340173
0.340492
0.340817
0.341146
0.34148
0.341818
0.34216
0.342506
0.342856
0.34321
0.343567
0.343928
0.344292
0.344659
0.345028
0.3454
0.345775
0.346152
0.346531
0.346911
0.347294
0.347678
0.348063
0.348449
0.348836
0.349223
0.349611
0.349999
0.350387
0.350774
0.351161
0.351548
0.351933
0.352317
0.352699
0.35308
0.353458
0.353835
0.354208
0.354579
0.354947
0.355311
0.355671
0.356028
0.35638
0.356727
0.35707
0.357407
0.357738
0.358064
0.358383
0.358696
0.359001
0.359299
0.35959
0.359872
0.360145
0.36041
0.360665
0.360911
0.361147
0.361371
0.361585
0.361788
0.361978
0.362156
0.362322
0.362474
0.362613
0.362738
0.362848
0.362944
0.363024
0.363089
0.363137
0.363169
0.363185
0.363184
0.363166
0.36313
0.363077
0.363006
0.362918
0.362812
0.36269
0.36255
0.362394
0.362222
0.362034
0.361832
0.361616
0.361389
0.36115
0.360902
0.360647
0.360387
0.360124
0.35986
0.3596
0.359345
0.359099
0.358867
0.35865
0.358452
0.358277
0.358126
0.357997
0.357889
0.357804
0.357744
0.357714
0.357717
0.357755
0.35783
0.357943
0.358095
0.358284
0.358507
0.358762
0.359042
0.359341
0.359651
0.359962
0.360264
0.360546
0.360795
0.361002
0.361154
0.361243
0.361261
0.361201
0.361061
0.360841
0.360545
0.36018
0.359757
0.359292
0.358804
0.358316
0.357855
0.357448
0.357126
0.35692
0.356862
0.356981
0.357306
0.35786
0.358663
0.359731
0.361071
0.362684
0.364565
0.366703
0.369077
0.371664
0.374433
0.377352
0.380384
0.383492
0.386638
0.389783
0.392894
0.395934
0.398874
0.401683
0.404334
0.406805
0.409072
0.411115
0.412915
0.414454
0.415714
0.416679
0.417329
0.417646
0.417606
0.417184
0.416345
0.415047
0.413233
0.410824
0.40771
0.403742
0.398713
0.392349
0.384307
0.374193
0.361634
0.437802
0.437794
0.437793
0.437797
0.437805
0.43782
0.437842
0.43787
0.437906
0.437951
0.438003
0.438065
0.438137
0.438217
0.438308
0.438408
0.438519
0.43864
0.438771
0.438912
0.439063
0.439225
0.439398
0.43958
0.439773
0.439977
0.44019
0.440414
0.440648
0.440892
0.441146
0.441409
0.441683
0.441966
0.442258
0.44256
0.442872
0.443192
0.443522
0.443861
0.444208
0.444564
0.444928
0.445301
0.445682
0.446071
0.446468
0.446872
0.447284
0.447703
0.448129
0.448563
0.449003
0.449449
0.449902
0.450361
0.450826
0.451297
0.451773
0.452255
0.452741
0.453233
0.453729
0.45423
0.454735
0.455243
0.455756
0.456272
0.456791
0.457313
0.457838
0.458365
0.458895
0.459426
0.45996
0.460494
0.46103
0.461567
0.462104
0.462641
0.463179
0.463716
0.464252
0.464788
0.465322
0.465855
0.466386
0.466915
0.467442
0.467965
0.468486
0.469003
0.469516
0.470025
0.470529
0.471029
0.471523
0.472011
0.472494
0.47297
0.473439
0.473901
0.474355
0.474801
0.475239
0.475667
0.476087
0.476497
0.476896
0.477285
0.477662
0.478028
0.478382
0.478724
0.479053
0.479368
0.479669
0.479957
0.480229
0.480486
0.480728
0.480954
0.481163
0.481356
0.481532
0.48169
0.481831
0.481954
0.482059
0.482146
0.482215
0.482266
0.482299
0.482314
0.482312
0.482292
0.482257
0.482205
0.482139
0.482059
0.481967
0.481863
0.48175
0.48163
0.481504
0.481375
0.481246
0.481119
0.480999
0.480887
0.480788
0.480706
0.480645
0.480607
0.480598
0.48062
0.480675
0.480766
0.480892
0.481051
0.481248
0.481486
0.481765
0.482085
0.482445
0.482843
0.483276
0.483738
0.484222
0.484721
0.485225
0.485722
0.486202
0.486651
0.487056
0.487402
0.487678
0.487871
0.487968
0.487963
0.487846
0.487616
0.48727
0.486811
0.486248
0.485591
0.484855
0.48406
0.483231
0.482395
0.481582
0.480828
0.480166
0.479634
0.479266
0.479098
0.47916
0.47948
0.48008
0.480977
0.48218
0.483691
0.485506
0.487612
0.48999
0.492613
0.495452
0.498471
0.501632
0.504895
0.508219
0.511565
0.514892
0.518163
0.521341
0.524393
0.527289
0.53
0.5325
0.534765
0.536772
0.538502
0.539933
0.541047
0.541824
0.542244
0.542285
0.541922
0.541126
0.539862
0.538085
0.535741
0.532758
0.529046
0.524489
0.518947
0.512252
0.504213
0.494637
0.483351
0.534255
0.534248
0.53425
0.534261
0.534281
0.53431
0.534348
0.534396
0.534455
0.534524
0.534605
0.534696
0.534799
0.534914
0.535041
0.535181
0.535332
0.535496
0.535672
0.535861
0.536063
0.536277
0.536504
0.536743
0.536994
0.537259
0.537535
0.537824
0.538125
0.538438
0.538764
0.539101
0.53945
0.539811
0.540183
0.540567
0.540962
0.541368
0.541785
0.542213
0.542651
0.5431
0.543559
0.544028
0.544507
0.544996
0.545494
0.546001
0.546518
0.547043
0.547577
0.548119
0.548669
0.549228
0.549794
0.550367
0.550948
0.551535
0.552129
0.55273
0.553336
0.553949
0.554567
0.555191
0.555819
0.556452
0.55709
0.557732
0.558378
0.559028
0.559681
0.560337
0.560995
0.561656
0.56232
0.562985
0.563651
0.564318
0.564987
0.565655
0.566324
0.566993
0.567661
0.568329
0.568995
0.569659
0.570321
0.570982
0.571639
0.572293
0.572944
0.573591
0.574234
0.574872
0.575506
0.576133
0.576755
0.577371
0.57798
0.578583
0.579177
0.579764
0.580342
0.580912
0.581473
0.582023
0.582564
0.583094
0.583614
0.584122
0.584618
0.585102
0.585573
0.586031
0.586476
0.586906
0.587323
0.587724
0.588111
0.588482
0.588837
0.589177
0.5895
0.589807
0.590097
0.590371
0.590627
0.590867
0.59109
0.591297
0.591488
0.591662
0.591821
0.591966
0.592096
0.592213
0.592319
0.592413
0.592498
0.592574
0.592645
0.592712
0.592778
0.592844
0.592914
0.592991
0.593077
0.593177
0.593294
0.593431
0.593593
0.593783
0.594005
0.594262
0.594558
0.594894
0.595273
0.595693
0.596153
0.596651
0.597191
0.597774
0.598396
0.599053
0.599741
0.600453
0.601179
0.60191
0.602634
0.603339
0.604012
0.604637
0.6052
0.605687
0.606084
0.606376
0.606552
0.606602
0.606518
0.606294
0.605928
0.605422
0.60478
0.604012
0.603131
0.602155
0.601106
0.600009
0.598896
0.597798
0.596753
0.595797
0.594969
0.594307
0.593847
0.593621
0.593658
0.593982
0.594609
0.59555
0.596809
0.598379
0.600251
0.602405
0.604817
0.607458
0.610294
0.61329
0.616406
0.619603
0.622842
0.626083
0.62929
0.632425
0.635455
0.638348
0.641074
0.643605
0.645915
0.647981
0.64978
0.651291
0.652493
0.653368
0.653893
0.65405
0.653815
0.653164
0.65207
0.650498
0.648412
0.645762
0.642494
0.638539
0.633816
0.628232
0.621681
0.614051
0.605232
0.595118
0.622206
0.622197
0.622203
0.62222
0.622248
0.622288
0.622341
0.622405
0.622483
0.622573
0.622677
0.622794
0.622925
0.62307
0.623229
0.623402
0.623589
0.623791
0.624007
0.624237
0.624482
0.624741
0.625015
0.625303
0.625606
0.625922
0.626254
0.626599
0.626958
0.627331
0.627718
0.628119
0.628533
0.62896
0.629401
0.629855
0.630321
0.630801
0.631293
0.631797
0.632313
0.632842
0.633381
0.633933
0.634496
0.635069
0.635654
0.636249
0.636854
0.63747
0.638095
0.63873
0.639374
0.640027
0.640689
0.641359
0.642038
0.642724
0.643418
0.64412
0.644828
0.645543
0.646264
0.646992
0.647725
0.648464
0.649208
0.649956
0.650709
0.651467
0.652228
0.652992
0.65376
0.654531
0.655304
0.656079
0.656856
0.657634
0.658414
0.659194
0.659974
0.660754
0.661534
0.662313
0.663091
0.663867
0.664642
0.665414
0.666183
0.666949
0.667712
0.66847
0.669225
0.669975
0.670719
0.671458
0.672191
0.672918
0.673638
0.674351
0.675056
0.675753
0.676442
0.677121
0.677792
0.678453
0.679104
0.679744
0.680374
0.680992
0.681599
0.682193
0.682775
0.683345
0.683902
0.684445
0.684974
0.68549
0.685992
0.68648
0.686953
0.687411
0.687856
0.688285
0.6887
0.689101
0.689488
0.689861
0.690221
0.690568
0.690903
0.691226
0.691539
0.691843
0.692138
0.692426
0.692709
0.692988
0.693266
0.693544
0.693825
0.694112
0.694407
0.694713
0.695033
0.695372
0.695731
0.696116
0.696528
0.696973
0.697453
0.697971
0.698531
0.699134
0.699781
0.700474
0.701211
0.70199
0.702806
0.703653
0.704536
0.705452
0.706393
0.707352
0.708318
0.709282
0.71023
0.711149
0.712024
0.712842
0.713586
0.714242
0.714794
0.715231
0.715538
0.715705
0.715725
0.71559
0.715296
0.714844
0.714235
0.713475
0.712576
0.711549
0.710414
0.709193
0.707911
0.706599
0.70529
0.704021
0.702829
0.701753
0.700832
0.700101
0.699595
0.699343
0.699367
0.699687
0.700313
0.701248
0.702489
0.704027
0.705843
0.707917
0.710222
0.712726
0.715397
0.7182
0.721097
0.724052
0.72703
0.729993
0.732909
0.735743
0.738465
0.741046
0.743458
0.745674
0.747672
0.749429
0.750922
0.752132
0.753039
0.753623
0.753867
0.753749
0.753249
0.752344
0.751011
0.74922
0.746939
0.744132
0.740755
0.736758
0.732085
0.726671
0.720448
0.713341
0.705277
0.696183
0.702183
0.702174
0.702181
0.702202
0.702237
0.702286
0.702349
0.702427
0.70252
0.702628
0.702751
0.702889
0.703043
0.703213
0.703398
0.703599
0.703816
0.70405
0.704299
0.704564
0.704845
0.705143
0.705456
0.705785
0.70613
0.706491
0.706868
0.70726
0.707668
0.708091
0.70853
0.708983
0.709452
0.709935
0.710433
0.710945
0.711471
0.712011
0.712565
0.713133
0.713714
0.714308
0.714915
0.715535
0.716167
0.716811
0.717467
0.718135
0.718814
0.719504
0.720204
0.720915
0.721637
0.722368
0.723109
0.723859
0.724618
0.725386
0.726162
0.726946
0.727738
0.728537
0.729343
0.730156
0.730975
0.7318
0.732631
0.733467
0.734308
0.735154
0.736004
0.736858
0.737715
0.738576
0.739439
0.740304
0.741172
0.742041
0.742912
0.743784
0.744656
0.745528
0.7464
0.747271
0.748141
0.74901
0.749877
0.750742
0.751604
0.752463
0.753319
0.754171
0.755018
0.755862
0.7567
0.757533
0.75836
0.75918
0.759995
0.760802
0.761602
0.762395
0.763179
0.763955
0.764722
0.765479
0.766228
0.766966
0.767695
0.768412
0.76912
0.769816
0.770501
0.771174
0.771836
0.772487
0.773125
0.773751
0.774365
0.774968
0.775558
0.776137
0.776704
0.77726
0.777804
0.778339
0.778863
0.779379
0.779885
0.780384
0.780877
0.781364
0.781847
0.782328
0.782807
0.783288
0.783772
0.78426
0.784757
0.785263
0.785783
0.786318
0.786872
0.787448
0.78805
0.788681
0.789343
0.790041
0.790778
0.791555
0.792376
0.793243
0.794156
0.795116
0.796122
0.797171
0.798261
0.799385
0.800535
0.801701
0.802888
0.804087
0.805287
0.806478
0.807647
0.808779
0.80986
0.810876
0.81181
0.812649
0.813377
0.813982
0.814451
0.814774
0.814943
0.81495
0.814792
0.814466
0.813973
0.813315
0.8125
0.811537
0.810438
0.80922
0.807904
0.806515
0.80508
0.803632
0.802206
0.800838
0.799568
0.798433
0.797469
0.796711
0.796189
0.795927
0.795943
0.796249
0.796851
0.797746
0.798926
0.800377
0.802078
0.804007
0.806134
0.80843
0.810863
0.813399
0.816005
0.818646
0.821289
0.823903
0.826457
0.82892
0.831265
0.833465
0.835496
0.837334
0.838958
0.840347
0.841481
0.842343
0.842914
0.843177
0.843115
0.84271
0.841944
0.840798
0.839251
0.83728
0.83486
0.831961
0.82855
0.824592
0.820045
0.814863
0.808997
0.802396
0.795006
0.786769
0.774782
0.77477
0.774778
0.774802
0.774842
0.774897
0.774969
0.775057
0.775162
0.775284
0.775422
0.775577
0.775749
0.775939
0.776146
0.77637
0.776611
0.77687
0.777146
0.777439
0.77775
0.778078
0.778424
0.778786
0.779166
0.779563
0.779977
0.780407
0.780854
0.781318
0.781798
0.782294
0.782807
0.783335
0.783879
0.784438
0.785012
0.785602
0.786206
0.786825
0.787458
0.788105
0.788766
0.78944
0.790128
0.790828
0.791542
0.792267
0.793005
0.793755
0.794516
0.795288
0.796071
0.796865
0.797669
0.798483
0.799306
0.800139
0.80098
0.801831
0.802689
0.803555
0.804429
0.805309
0.806197
0.807091
0.807991
0.808897
0.809808
0.810724
0.811644
0.812569
0.813498
0.81443
0.815365
0.816302
0.817242
0.818184
0.819128
0.820072
0.821018
0.821963
0.822909
0.823854
0.824798
0.825742
0.826683
0.827623
0.82856
0.829495
0.830426
0.831354
0.832278
0.833198
0.834113
0.835023
0.835928
0.836827
0.83772
0.838606
0.839486
0.840359
0.841225
0.842082
0.842932
0.843774
0.844607
0.845432
0.846248
0.847054
0.847852
0.84864
0.849418
0.850187
0.850946
0.851696
0.852437
0.853168
0.85389
0.854603
0.855307
0.856004
0.856692
0.857374
0.858049
0.858718
0.859382
0.860043
0.860701
0.861358
0.862015
0.862673
0.863335
0.864002
0.864676
0.86536
0.866056
0.866766
0.867494
0.868242
0.869013
0.86981
0.870636
0.871495
0.872389
0.873322
0.874297
0.875315
0.876379
0.87749
0.87865
0.879858
0.881114
0.882415
0.883758
0.885138
0.886547
0.887977
0.889417
0.890852
0.89228
0.893693
0.895079
0.896423
0.897711
0.898928
0.900058
0.901088
0.902003
0.90279
0.903438
0.903938
0.904281
0.904462
0.904476
0.904322
0.903998
0.903506
0.902851
0.902038
0.901074
0.899971
0.898744
0.897408
0.895987
0.894504
0.892989
0.891474
0.889996
0.88859
0.887296
0.886149
0.885186
0.884435
0.883925
0.883674
0.883697
0.884
0.884584
0.885441
0.88656
0.887923
0.889508
0.89129
0.89324
0.895329
0.897524
0.899793
0.902105
0.904428
0.90673
0.908984
0.91116
0.913232
0.915175
0.916967
0.918585
0.920009
0.921221
0.922204
0.92294
0.923414
0.923611
0.923517
0.923118
0.922399
0.921344
0.91994
0.918168
0.916011
0.913449
0.91046
0.907018
0.903097
0.898666
0.893692
0.888137
0.881964
0.87513
0.86759
0.84059
0.840576
0.840584
0.840609
0.840652
0.840712
0.84079
0.840886
0.840999
0.841131
0.841281
0.841449
0.841635
0.84184
0.842063
0.842305
0.842565
0.842843
0.843141
0.843456
0.84379
0.844142
0.844513
0.844901
0.845308
0.845733
0.846176
0.846636
0.847114
0.847609
0.848122
0.848652
0.849198
0.849761
0.850341
0.850937
0.851549
0.852176
0.852819
0.853478
0.854151
0.854839
0.855542
0.856259
0.856989
0.857734
0.858491
0.859262
0.860045
0.860841
0.861648
0.862468
0.863299
0.86414
0.864993
0.865856
0.866729
0.867611
0.868503
0.869404
0.870313
0.871231
0.872156
0.873089
0.874029
0.874976
0.875929
0.876888
0.877853
0.878822
0.879797
0.880776
0.88176
0.882747
0.883737
0.88473
0.885726
0.886724
0.887723
0.888724
0.889726
0.890729
0.891731
0.892734
0.893736
0.894737
0.895737
0.896736
0.897732
0.898726
0.899717
0.900705
0.90169
0.902671
0.903648
0.90462
0.905588
0.906551
0.907508
0.90846
0.909406
0.910346
0.911279
0.912206
0.913127
0.91404
0.914946
0.915846
0.916738
0.917622
0.9185
0.91937
0.920232
0.921088
0.921937
0.922779
0.923614
0.924443
0.925267
0.926085
0.926899
0.927709
0.928515
0.929319
0.930122
0.930924
0.931728
0.932534
0.933343
0.934158
0.93498
0.935812
0.936654
0.93751
0.938382
0.939273
0.940184
0.94112
0.942082
0.943074
0.944098
0.945159
0.946258
0.947399
0.948583
0.949815
0.951094
0.952423
0.953803
0.955233
0.956713
0.95824
0.959811
0.961421
0.963064
0.964732
0.966415
0.9681
0.969775
0.971422
0.973025
0.974583
0.976083
0.977508
0.978844
0.980076
0.98119
0.982174
0.983017
0.98371
0.984245
0.984619
0.984829
0.984873
0.984752
0.984468
0.984023
0.983422
0.98267
0.981773
0.980739
0.979579
0.978304
0.976933
0.975484
0.973984
0.972461
0.970947
0.969479
0.968095
0.966831
0.965725
0.96481
0.964114
0.963661
0.963467
0.963541
0.963887
0.964498
0.965366
0.966474
0.967801
0.969322
0.971009
0.972831
0.974757
0.976755
0.978793
0.980838
0.982862
0.984835
0.98673
0.988522
0.990189
0.991709
0.993063
0.994233
0.995203
0.995959
0.996487
0.996775
0.99681
0.996582
0.99608
0.995293
0.994211
0.992821
0.991113
0.989073
0.986688
0.983944
0.980822
0.977305
0.973372
0.968999
0.964162
0.958832
0.95298
0.946574
0.939574
0.900163
0.900147
0.900153
0.900179
0.900224
0.900287
0.900369
0.900469
0.900589
0.900728
0.900886
0.901064
0.90126
0.901476
0.901711
0.901966
0.90224
0.902533
0.902846
0.903177
0.903528
0.903899
0.904288
0.904696
0.905123
0.905568
0.906032
0.906515
0.907016
0.907534
0.908071
0.908625
0.909197
0.909786
0.910392
0.911015
0.911655
0.912311
0.912983
0.91367
0.914373
0.915092
0.915825
0.916573
0.917335
0.918112
0.918902
0.919705
0.920522
0.921351
0.922193
0.923047
0.923912
0.924789
0.925677
0.926576
0.927484
0.928403
0.929332
0.93027
0.931216
0.932171
0.933134
0.934105
0.935083
0.936069
0.93706
0.938058
0.939062
0.940072
0.941086
0.942105
0.943128
0.944155
0.945186
0.94622
0.947256
0.948295
0.949336
0.950379
0.951423
0.952468
0.953513
0.954559
0.955604
0.956649
0.957693
0.958735
0.959777
0.960816
0.961853
0.962887
0.963919
0.964948
0.965973
0.966994
0.968012
0.969026
0.970035
0.971039
0.972039
0.973034
0.974024
0.975009
0.975988
0.976962
0.977931
0.978894
0.979852
0.980805
0.981753
0.982696
0.983634
0.984568
0.985498
0.986424
0.987347
0.988268
0.989187
0.990104
0.991021
0.991939
0.992859
0.993781
0.994707
0.995639
0.996578
0.997526
0.998484
0.999455
1.00044
1.00144
1.00246
1.00351
1.00457
1.00567
1.00679
1.00795
1.00914
1.01037
1.01165
1.01296
1.01433
1.01574
1.01721
1.01872
1.02029
1.02191
1.02359
1.02531
1.02708
1.0289
1.03075
1.03263
1.03453
1.03644
1.03835
1.04024
1.04209
1.04389
1.04562
1.04727
1.04883
1.05028
1.05161
1.05281
1.05387
1.05478
1.05553
1.05612
1.05655
1.05681
1.05692
1.05687
1.05667
1.05633
1.05584
1.05522
1.05447
1.05359
1.05259
1.05148
1.05026
1.04895
1.04757
1.04614
1.04469
1.04326
1.04187
1.04058
1.03941
1.03841
1.03762
1.03705
1.03673
1.03667
1.03688
1.03736
1.03809
1.03905
1.04024
1.04162
1.04315
1.04482
1.04657
1.04839
1.05022
1.05205
1.05384
1.05556
1.05719
1.0587
1.06007
1.06128
1.06233
1.06318
1.06384
1.06429
1.06452
1.06452
1.06429
1.06382
1.06309
1.06211
1.06087
1.05936
1.05757
1.05549
1.05312
1.05044
1.04745
1.04413
1.04047
1.03645
1.03205
1.02726
1.02206
1.01641
1.0103
1.0037
0.954017
0.953998
0.954004
0.954029
0.954074
0.954138
0.954222
0.954326
0.95445
0.954593
0.954756
0.95494
0.955143
0.955366
0.955609
0.955873
0.956156
0.956459
0.956782
0.957125
0.957488
0.95787
0.958272
0.958693
0.959134
0.959594
0.960072
0.96057
0.961086
0.961621
0.962174
0.962745
0.963335
0.963941
0.964566
0.965207
0.965865
0.96654
0.967231
0.967939
0.968662
0.969401
0.970155
0.970924
0.971708
0.972506
0.973318
0.974144
0.974983
0.975835
0.976699
0.977576
0.978465
0.979366
0.980278
0.9812
0.982133
0.983077
0.98403
0.984992
0.985964
0.986944
0.987933
0.988929
0.989933
0.990944
0.991962
0.992986
0.994016
0.995052
0.996093
0.997139
0.99819
0.999244
1.0003
1.00136
1.00243
1.0035
1.00457
1.00564
1.00671
1.00778
1.00886
1.00994
1.01101
1.01209
1.01316
1.01424
1.01531
1.01638
1.01745
1.01852
1.01959
1.02066
1.02172
1.02278
1.02383
1.02489
1.02594
1.02698
1.02803
1.02906
1.0301
1.03113
1.03216
1.03319
1.03421
1.03523
1.03624
1.03725
1.03826
1.03927
1.04028
1.04128
1.04228
1.04329
1.04429
1.0453
1.0463
1.04731
1.04833
1.04935
1.05038
1.05141
1.05246
1.05351
1.05458
1.05567
1.05677
1.05789
1.05903
1.0602
1.06139
1.06262
1.06388
1.06517
1.0665
1.06787
1.06929
1.07075
1.07226
1.07382
1.07544
1.07711
1.07883
1.08062
1.08245
1.08435
1.08629
1.08828
1.09031
1.09238
1.09448
1.09659
1.09871
1.10082
1.10291
1.10496
1.10695
1.10887
1.11068
1.11238
1.11396
1.11541
1.11672
1.11788
1.11887
1.11971
1.12038
1.12089
1.12125
1.12146
1.12154
1.12148
1.1213
1.12101
1.12061
1.1201
1.11949
1.11877
1.11795
1.11703
1.116
1.11488
1.11369
1.11244
1.11116
1.1099
1.10868
1.10757
1.10659
1.10579
1.10521
1.10487
1.1048
1.10499
1.10546
1.10618
1.10714
1.10832
1.10969
1.1112
1.11282
1.1145
1.11622
1.11792
1.11958
1.12116
1.12264
1.12399
1.12519
1.12623
1.12709
1.12775
1.12822
1.12848
1.12853
1.12835
1.12796
1.12735
1.1265
1.12543
1.12413
1.12259
1.12081
1.11879
1.11652
1.11401
1.11123
1.1082
1.10489
1.10129
1.09741
1.09323
1.08872
1.08389
1.07871
1.07316
1.06723
1.06089
1.00263
1.0026
1.00261
1.00263
1.00268
1.00274
1.00283
1.00293
1.00306
1.0032
1.00337
1.00355
1.00376
1.00399
1.00424
1.0045
1.00479
1.0051
1.00543
1.00578
1.00615
1.00654
1.00695
1.00738
1.00782
1.00829
1.00878
1.00929
1.00981
1.01036
1.01092
1.0115
1.0121
1.01272
1.01335
1.014
1.01467
1.01536
1.01606
1.01678
1.01751
1.01826
1.01903
1.01981
1.02061
1.02142
1.02224
1.02308
1.02393
1.0248
1.02568
1.02657
1.02747
1.02838
1.02931
1.03024
1.03119
1.03215
1.03312
1.03409
1.03508
1.03607
1.03708
1.03809
1.03911
1.04013
1.04117
1.0422
1.04325
1.0443
1.04536
1.04642
1.04749
1.04856
1.04963
1.05071
1.05179
1.05288
1.05397
1.05505
1.05615
1.05724
1.05833
1.05943
1.06052
1.06162
1.06272
1.06381
1.06491
1.066
1.0671
1.06819
1.06928
1.07037
1.07146
1.07255
1.07364
1.07472
1.0758
1.07688
1.07796
1.07903
1.0801
1.08118
1.08224
1.08331
1.08438
1.08544
1.08651
1.08757
1.08864
1.0897
1.09077
1.09183
1.09291
1.09398
1.09506
1.09614
1.09723
1.09833
1.09943
1.10055
1.10168
1.10282
1.10398
1.10515
1.10634
1.10756
1.1088
1.11006
1.11136
1.11269
1.11405
1.11544
1.11688
1.11836
1.11989
1.12147
1.12309
1.12477
1.12651
1.1283
1.13015
1.13206
1.13403
1.13606
1.13815
1.14029
1.14247
1.1447
1.14697
1.14926
1.15157
1.15389
1.15619
1.15847
1.16071
1.16289
1.16499
1.16699
1.16887
1.17062
1.17221
1.17365
1.17494
1.17606
1.17702
1.17781
1.17846
1.17896
1.17932
1.17957
1.17972
1.17978
1.17977
1.17969
1.17954
1.17933
1.17905
1.17869
1.17824
1.1777
1.17705
1.1763
1.17545
1.17452
1.17354
1.17256
1.17163
1.17079
1.1701
1.16962
1.16937
1.16939
1.16969
1.17027
1.17113
1.17222
1.17353
1.17501
1.17661
1.17829
1.17998
1.18166
1.18326
1.18477
1.18614
1.18735
1.18837
1.1892
1.18983
1.19024
1.19043
1.1904
1.19015
1.18967
1.18898
1.18807
1.18694
1.1856
1.18405
1.18229
1.18032
1.17815
1.17576
1.17316
1.17036
1.16733
1.1641
1.16063
1.15694
1.15302
1.14885
1.14442
1.13974
1.13478
1.12954
1.124
1.11814
1.11196
1.04643
1.0464
1.0464
1.04642
1.04647
1.04653
1.04661
1.04672
1.04684
1.04699
1.04716
1.04734
1.04755
1.04778
1.04803
1.0483
1.04859
1.0489
1.04923
1.04958
1.04995
1.05034
1.05075
1.05119
1.05164
1.05211
1.0526
1.05311
1.05364
1.05418
1.05475
1.05534
1.05594
1.05656
1.0572
1.05785
1.05853
1.05922
1.05992
1.06065
1.06138
1.06214
1.06291
1.0637
1.0645
1.06531
1.06614
1.06698
1.06784
1.06871
1.06959
1.07048
1.07139
1.07231
1.07324
1.07418
1.07513
1.0761
1.07707
1.07805
1.07904
1.08004
1.08105
1.08207
1.08309
1.08412
1.08516
1.08621
1.08726
1.08832
1.08938
1.09045
1.09152
1.0926
1.09368
1.09477
1.09586
1.09695
1.09804
1.09914
1.10024
1.10135
1.10245
1.10356
1.10466
1.10577
1.10688
1.10799
1.1091
1.11021
1.11132
1.11242
1.11353
1.11464
1.11575
1.11686
1.11796
1.11907
1.12017
1.12128
1.12238
1.12348
1.12459
1.12569
1.12679
1.12789
1.129
1.1301
1.13121
1.13232
1.13343
1.13455
1.13567
1.13679
1.13792
1.13906
1.1402
1.14136
1.14253
1.1437
1.14489
1.1461
1.14732
1.14857
1.14983
1.15111
1.15243
1.15377
1.15513
1.15654
1.15798
1.15945
1.16097
1.16253
1.16414
1.1658
1.16751
1.16928
1.17111
1.17299
1.17494
1.17694
1.17901
1.18115
1.18334
1.1856
1.18791
1.19027
1.19268
1.19513
1.1976
1.2001
1.2026
1.20509
1.20756
1.20998
1.21235
1.21464
1.21683
1.21891
1.22085
1.22264
1.22427
1.22573
1.22702
1.22814
1.22911
1.22993
1.23062
1.23119
1.23168
1.23209
1.23246
1.2328
1.23313
1.23346
1.23379
1.23411
1.23442
1.23468
1.23488
1.23498
1.23496
1.23481
1.23451
1.23409
1.23357
1.233
1.23245
1.23199
1.2317
1.23163
1.23184
1.23234
1.23315
1.23425
1.2356
1.23716
1.23886
1.24064
1.24244
1.24419
1.24583
1.24733
1.24864
1.24972
1.25058
1.25118
1.25153
1.25161
1.25145
1.25103
1.25036
1.24946
1.24833
1.24699
1.24542
1.24366
1.2417
1.23955
1.23721
1.23469
1.23199
1.22912
1.22607
1.22285
1.21946
1.21589
1.21214
1.20821
1.2041
1.1998
1.19529
1.19059
1.18567
1.18053
1.17516
1.16955
1.16369
1.15758
1.08581
1.08579
1.08579
1.0858
1.08585
1.08591
1.08599
1.08609
1.08621
1.08636
1.08652
1.08671
1.08691
1.08714
1.08739
1.08765
1.08794
1.08825
1.08858
1.08893
1.0893
1.08969
1.0901
1.09053
1.09098
1.09145
1.09194
1.09245
1.09297
1.09352
1.09408
1.09466
1.09526
1.09588
1.09652
1.09717
1.09784
1.09853
1.09924
1.09996
1.10069
1.10144
1.10221
1.103
1.10379
1.1046
1.10543
1.10627
1.10712
1.10799
1.10887
1.10976
1.11067
1.11158
1.11251
1.11345
1.1144
1.11536
1.11633
1.1173
1.11829
1.11929
1.1203
1.12131
1.12233
1.12336
1.1244
1.12544
1.12649
1.12755
1.12861
1.12968
1.13075
1.13183
1.13291
1.13399
1.13508
1.13618
1.13727
1.13837
1.13947
1.14058
1.14168
1.14279
1.1439
1.14502
1.14613
1.14724
1.14836
1.14948
1.15059
1.15171
1.15283
1.15395
1.15507
1.15619
1.15731
1.15843
1.15955
1.16067
1.1618
1.16292
1.16405
1.16518
1.16631
1.16744
1.16858
1.16972
1.17086
1.17201
1.17316
1.17432
1.17549
1.17667
1.17785
1.17905
1.18025
1.18148
1.18271
1.18396
1.18523
1.18652
1.18784
1.18917
1.19053
1.19192
1.19335
1.1948
1.19629
1.19782
1.1994
1.20101
1.20268
1.2044
1.20617
1.20799
1.20988
1.21182
1.21383
1.2159
1.21804
1.22025
1.22252
1.22486
1.22726
1.22972
1.23224
1.23481
1.23742
1.24006
1.24273
1.2454
1.24808
1.25073
1.25335
1.25591
1.2584
1.2608
1.26308
1.26524
1.26726
1.26911
1.2708
1.27232
1.27366
1.27485
1.27589
1.27681
1.27764
1.27839
1.27911
1.27983
1.28057
1.28138
1.28226
1.28323
1.2843
1.28545
1.28666
1.28788
1.28907
1.29018
1.29114
1.29191
1.29246
1.29278
1.2929
1.29288
1.29282
1.29281
1.29298
1.29339
1.29412
1.29519
1.29658
1.29825
1.30012
1.30211
1.30412
1.30605
1.30783
1.30939
1.31069
1.31168
1.31235
1.3127
1.31271
1.31241
1.31179
1.31088
1.3097
1.30825
1.30655
1.30463
1.3025
1.30017
1.29765
1.29496
1.2921
1.28908
1.28592
1.28261
1.27916
1.27557
1.27185
1.26799
1.264
1.25988
1.25561
1.25121
1.24666
1.24196
1.23711
1.23209
1.22691
1.22156
1.21602
1.21031
1.2044
1.1983
1.12116
1.12113
1.12112
1.12114
1.12118
1.12124
1.12131
1.12141
1.12153
1.12167
1.12183
1.12202
1.12222
1.12244
1.12268
1.12295
1.12323
1.12354
1.12386
1.1242
1.12457
1.12495
1.12536
1.12578
1.12623
1.12669
1.12717
1.12767
1.12819
1.12873
1.12929
1.12987
1.13046
1.13107
1.1317
1.13235
1.13301
1.13369
1.13438
1.1351
1.13582
1.13657
1.13733
1.1381
1.13889
1.13969
1.14051
1.14134
1.14219
1.14304
1.14391
1.1448
1.14569
1.1466
1.14752
1.14844
1.14938
1.15033
1.15129
1.15226
1.15324
1.15423
1.15523
1.15623
1.15725
1.15827
1.15929
1.16033
1.16137
1.16242
1.16347
1.16453
1.1656
1.16667
1.16774
1.16882
1.1699
1.17099
1.17208
1.17318
1.17427
1.17537
1.17648
1.17758
1.17869
1.1798
1.18092
1.18203
1.18315
1.18426
1.18538
1.1865
1.18763
1.18875
1.18988
1.19101
1.19214
1.19327
1.1944
1.19554
1.19668
1.19782
1.19896
1.20011
1.20126
1.20242
1.20358
1.20475
1.20593
1.20711
1.2083
1.2095
1.21071
1.21193
1.21317
1.21442
1.21568
1.21696
1.21826
1.21958
1.22093
1.22229
1.22369
1.22511
1.22656
1.22805
1.22958
1.23114
1.23275
1.23439
1.23609
1.23784
1.23964
1.2415
1.24342
1.2454
1.24744
1.24955
1.25173
1.25398
1.25629
1.25868
1.26114
1.26366
1.26625
1.2689
1.27161
1.27436
1.27716
1.27998
1.28283
1.28567
1.28851
1.29132
1.29408
1.29678
1.29939
1.30191
1.3043
1.30656
1.30866
1.31061
1.31239
1.31401
1.31546
1.31677
1.31796
1.31906
1.32011
1.32114
1.32221
1.32336
1.32463
1.32607
1.32771
1.32957
1.33165
1.33394
1.33641
1.33899
1.34161
1.34418
1.34659
1.34873
1.35053
1.35193
1.35294
1.35362
1.35409
1.35453
1.35511
1.35596
1.35716
1.35872
1.36062
1.36275
1.36498
1.36716
1.36916
1.37086
1.3722
1.37312
1.37361
1.37367
1.3733
1.37254
1.37139
1.36989
1.36808
1.36597
1.3636
1.36099
1.35817
1.35515
1.35196
1.34861
1.34512
1.34149
1.33774
1.33387
1.3299
1.32583
1.32165
1.31738
1.31302
1.30856
1.304
1.29935
1.2946
1.28974
1.28478
1.2797
1.27451
1.2692
1.26376
1.25819
1.25248
1.24664
1.24067
1.23455
1.1528
1.15277
1.15276
1.15277
1.15281
1.15286
1.15294
1.15303
1.15315
1.15328
1.15344
1.15361
1.15381
1.15403
1.15426
1.15452
1.1548
1.15509
1.15541
1.15575
1.1561
1.15648
1.15688
1.15729
1.15773
1.15818
1.15865
1.15914
1.15965
1.16018
1.16073
1.16129
1.16187
1.16247
1.16309
1.16372
1.16437
1.16504
1.16572
1.16642
1.16714
1.16787
1.16861
1.16937
1.17015
1.17094
1.17174
1.17256
1.17339
1.17423
1.17509
1.17596
1.17684
1.17773
1.17863
1.17955
1.18047
1.18141
1.18235
1.18331
1.18427
1.18524
1.18623
1.18722
1.18822
1.18922
1.19024
1.19126
1.19228
1.19332
1.19436
1.19541
1.19646
1.19752
1.19858
1.19965
1.20072
1.2018
1.20288
1.20396
1.20505
1.20614
1.20724
1.20833
1.20943
1.21054
1.21165
1.21276
1.21387
1.21498
1.2161
1.21722
1.21834
1.21947
1.2206
1.22173
1.22286
1.224
1.22514
1.22629
1.22744
1.22859
1.22975
1.23092
1.23209
1.23326
1.23445
1.23564
1.23685
1.23806
1.23928
1.24052
1.24177
1.24303
1.24431
1.24561
1.24692
1.24826
1.24962
1.251
1.25241
1.25385
1.25532
1.25682
1.25836
1.25993
1.26155
1.26321
1.26492
1.26668
1.26849
1.27036
1.27229
1.27427
1.27633
1.27845
1.28063
1.28289
1.28522
1.28763
1.29011
1.29266
1.29528
1.29798
1.30074
1.30356
1.30644
1.30936
1.31233
1.31532
1.31832
1.32133
1.32432
1.32728
1.33019
1.33303
1.33578
1.33842
1.34094
1.34332
1.34554
1.34761
1.34952
1.35128
1.35289
1.35438
1.35578
1.35712
1.35845
1.35983
1.36133
1.36299
1.36489
1.36708
1.36962
1.37253
1.37584
1.37953
1.38358
1.38791
1.39242
1.39697
1.4014
1.40552
1.40916
1.41215
1.41442
1.416
1.41703
1.4178
1.41857
1.41954
1.42083
1.42249
1.42447
1.42664
1.42875
1.4306
1.432
1.43288
1.43321
1.43298
1.43221
1.43095
1.42924
1.42711
1.42462
1.4218
1.41869
1.41534
1.41177
1.40801
1.40409
1.40003
1.39584
1.39154
1.38715
1.38267
1.37811
1.37349
1.3688
1.36404
1.35923
1.35436
1.34944
1.34445
1.3394
1.33429
1.32911
1.32386
1.31854
1.31314
1.30765
1.30208
1.29641
1.29065
1.2848
1.27885
1.2728
1.26667
1.18106
1.18102
1.18101
1.18102
1.18105
1.1811
1.18117
1.18126
1.18137
1.1815
1.18165
1.18182
1.182
1.18221
1.18244
1.18269
1.18296
1.18324
1.18355
1.18388
1.18422
1.18459
1.18497
1.18538
1.1858
1.18624
1.1867
1.18718
1.18767
1.18819
1.18872
1.18927
1.18983
1.19042
1.19102
1.19164
1.19227
1.19292
1.19359
1.19427
1.19497
1.19568
1.19641
1.19715
1.19791
1.19868
1.19946
1.20026
1.20107
1.2019
1.20273
1.20358
1.20444
1.20532
1.2062
1.2071
1.208
1.20892
1.20984
1.21078
1.21173
1.21268
1.21364
1.21462
1.2156
1.21658
1.21758
1.21858
1.21959
1.22061
1.22163
1.22266
1.2237
1.22474
1.22579
1.22684
1.2279
1.22896
1.23002
1.2311
1.23217
1.23325
1.23433
1.23542
1.23651
1.23761
1.2387
1.2398
1.24091
1.24202
1.24313
1.24425
1.24537
1.24649
1.24762
1.24875
1.24988
1.25102
1.25217
1.25332
1.25448
1.25564
1.25681
1.25799
1.25918
1.26037
1.26157
1.26279
1.26401
1.26525
1.2665
1.26777
1.26905
1.27035
1.27167
1.27301
1.27437
1.27576
1.27717
1.27861
1.28008
1.28158
1.28312
1.28469
1.28631
1.28796
1.28967
1.29142
1.29322
1.29508
1.29699
1.29897
1.301
1.30311
1.30528
1.30752
1.30984
1.31223
1.3147
1.31724
1.31986
1.32256
1.32533
1.32818
1.33109
1.33407
1.3371
1.34018
1.34329
1.34644
1.3496
1.35276
1.3559
1.35901
1.36206
1.36504
1.36794
1.37072
1.37338
1.37591
1.37828
1.3805
1.38257
1.3845
1.38629
1.38799
1.38962
1.39124
1.39288
1.39464
1.39656
1.39875
1.40127
1.40422
1.40765
1.41164
1.41621
1.4214
1.42716
1.43346
1.44017
1.44713
1.45413
1.46088
1.46706
1.47233
1.47637
1.47905
1.48057
1.48125
1.48156
1.48179
1.48217
1.48285
1.4839
1.48524
1.48655
1.48754
1.48793
1.48763
1.48667
1.48509
1.48296
1.48034
1.47729
1.47386
1.47012
1.4661
1.46186
1.45742
1.45282
1.44808
1.44324
1.43831
1.4333
1.42823
1.42311
1.41795
1.41275
1.40752
1.40226
1.39698
1.39167
1.38633
1.38096
1.37557
1.37014
1.36467
1.35916
1.35361
1.34801
1.34236
1.33665
1.33087
1.32504
1.31914
1.31318
1.30715
1.30107
1.29495
1.20623
1.20619
1.20617
1.20618
1.20621
1.20625
1.20631
1.2064
1.2065
1.20662
1.20676
1.20692
1.2071
1.2073
1.20752
1.20776
1.20802
1.20829
1.20859
1.2089
1.20923
1.20958
1.20995
1.21034
1.21075
1.21118
1.21162
1.21208
1.21256
1.21306
1.21357
1.2141
1.21465
1.21521
1.2158
1.21639
1.21701
1.21764
1.21829
1.21895
1.21962
1.22032
1.22102
1.22174
1.22248
1.22323
1.22399
1.22477
1.22556
1.22636
1.22717
1.228
1.22884
1.22969
1.23055
1.23142
1.2323
1.2332
1.2341
1.23502
1.23594
1.23687
1.23781
1.23876
1.23972
1.24069
1.24166
1.24264
1.24363
1.24463
1.24563
1.24664
1.24766
1.24868
1.24971
1.25074
1.25178
1.25283
1.25388
1.25493
1.25599
1.25705
1.25812
1.25919
1.26027
1.26135
1.26244
1.26353
1.26463
1.26573
1.26683
1.26794
1.26905
1.27017
1.27129
1.27242
1.27356
1.2747
1.27585
1.277
1.27816
1.27933
1.28051
1.2817
1.2829
1.2841
1.28532
1.28655
1.2878
1.28906
1.29034
1.29163
1.29294
1.29427
1.29563
1.297
1.29841
1.29984
1.30129
1.30278
1.30431
1.30586
1.30746
1.3091
1.31078
1.31251
1.31429
1.31612
1.318
1.31994
1.32195
1.32401
1.32615
1.32835
1.33063
1.33298
1.33541
1.33791
1.3405
1.34316
1.34591
1.34873
1.35163
1.35461
1.35765
1.36076
1.36392
1.36714
1.3704
1.37368
1.37698
1.38027
1.38356
1.38681
1.39
1.39313
1.39617
1.39911
1.40192
1.4046
1.40714
1.40954
1.41178
1.4139
1.41589
1.41781
1.41967
1.42154
1.42347
1.42554
1.42784
1.43045
1.43347
1.437
1.44114
1.44596
1.45155
1.45794
1.46514
1.47311
1.48174
1.49087
1.50023
1.50946
1.5181
1.5256
1.53139
1.53517
1.5365
1.53573
1.53402
1.53194
1.53007
1.52887
1.52853
1.52894
1.5296
1.53003
1.52991
1.52905
1.52744
1.52514
1.52222
1.51877
1.51488
1.51061
1.50603
1.50121
1.49619
1.49102
1.48572
1.48032
1.47486
1.46934
1.46378
1.4582
1.45259
1.44698
1.44136
1.43573
1.4301
1.42447
1.41883
1.41319
1.40753
1.40187
1.3962
1.3905
1.38478
1.37904
1.37327
1.36746
1.36161
1.35572
1.34979
1.34382
1.33781
1.33177
1.32571
1.31963
1.22859
1.22855
1.22853
1.22853
1.22855
1.22859
1.22865
1.22872
1.22882
1.22893
1.22907
1.22922
1.22939
1.22957
1.22978
1.23001
1.23025
1.23051
1.23079
1.23109
1.23141
1.23175
1.2321
1.23247
1.23286
1.23327
1.2337
1.23414
1.2346
1.23508
1.23557
1.23608
1.23661
1.23715
1.23771
1.23829
1.23888
1.23949
1.24011
1.24075
1.2414
1.24207
1.24275
1.24345
1.24416
1.24488
1.24562
1.24637
1.24714
1.24791
1.2487
1.2495
1.25032
1.25114
1.25198
1.25283
1.25368
1.25455
1.25543
1.25632
1.25722
1.25813
1.25904
1.25997
1.2609
1.26185
1.2628
1.26375
1.26472
1.26569
1.26667
1.26766
1.26866
1.26966
1.27066
1.27168
1.2727
1.27372
1.27475
1.27579
1.27683
1.27788
1.27893
1.27999
1.28105
1.28212
1.28319
1.28427
1.28535
1.28644
1.28753
1.28863
1.28974
1.29085
1.29197
1.29309
1.29422
1.29536
1.29651
1.29766
1.29883
1.3
1.30118
1.30238
1.30358
1.3048
1.30603
1.30728
1.30854
1.30982
1.31112
1.31243
1.31377
1.31513
1.31651
1.31792
1.31936
1.32082
1.32232
1.32385
1.32542
1.32703
1.32868
1.33037
1.33211
1.3339
1.33574
1.33763
1.33959
1.3416
1.34368
1.34583
1.34805
1.35033
1.3527
1.35514
1.35766
1.36026
1.36294
1.36571
1.36855
1.37148
1.37448
1.37757
1.38072
1.38394
1.38722
1.39054
1.39392
1.39732
1.40073
1.40415
1.40756
1.41094
1.41427
1.41754
1.42072
1.4238
1.42677
1.42961
1.43232
1.43488
1.43731
1.43961
1.44179
1.4439
1.44596
1.44803
1.45017
1.45246
1.45497
1.45781
1.46109
1.46489
1.46934
1.47452
1.48052
1.48741
1.49521
1.50389
1.51336
1.52344
1.53385
1.54416
1.55382
1.56217
1.56851
1.57245
1.5732
1.57109
1.56752
1.5634
1.5597
1.55712
1.55587
1.55577
1.55618
1.55648
1.55643
1.55567
1.55412
1.55179
1.54877
1.54514
1.541
1.53646
1.53158
1.52645
1.52112
1.51564
1.51005
1.50438
1.49865
1.49288
1.48709
1.48128
1.47548
1.46967
1.46387
1.45807
1.45229
1.44651
1.44074
1.43497
1.4292
1.42343
1.41766
1.41188
1.40608
1.40027
1.39443
1.38858
1.38269
1.37679
1.37085
1.36489
1.35891
1.35291
1.34692
1.34094
1.24841
1.24836
1.24834
1.24834
1.24835
1.24838
1.24844
1.2485
1.24859
1.2487
1.24882
1.24896
1.24912
1.24929
1.24949
1.2497
1.24993
1.25018
1.25044
1.25073
1.25103
1.25135
1.25168
1.25204
1.25241
1.2528
1.2532
1.25362
1.25406
1.25452
1.25499
1.25548
1.25598
1.2565
1.25704
1.25759
1.25816
1.25874
1.25934
1.25995
1.26058
1.26122
1.26188
1.26255
1.26323
1.26393
1.26464
1.26536
1.2661
1.26685
1.26761
1.26838
1.26917
1.26997
1.27078
1.2716
1.27243
1.27327
1.27412
1.27498
1.27585
1.27673
1.27763
1.27852
1.27943
1.28035
1.28128
1.28221
1.28315
1.2841
1.28506
1.28602
1.28699
1.28797
1.28895
1.28994
1.29094
1.29195
1.29296
1.29397
1.29499
1.29602
1.29706
1.2981
1.29914
1.30019
1.30125
1.30232
1.30339
1.30446
1.30554
1.30663
1.30773
1.30883
1.30994
1.31106
1.31219
1.31332
1.31447
1.31562
1.31678
1.31796
1.31914
1.32034
1.32155
1.32278
1.32402
1.32528
1.32655
1.32784
1.32916
1.33049
1.33185
1.33323
1.33464
1.33607
1.33754
1.33903
1.34056
1.34213
1.34374
1.34538
1.34707
1.34881
1.3506
1.35243
1.35433
1.35628
1.35829
1.36036
1.3625
1.36471
1.36699
1.36934
1.37178
1.37429
1.37688
1.37955
1.38231
1.38515
1.38807
1.39108
1.39417
1.39733
1.40056
1.40387
1.40723
1.41065
1.41411
1.4176
1.42111
1.42463
1.42814
1.43163
1.43507
1.43846
1.44176
1.44498
1.44808
1.45107
1.45393
1.45664
1.45923
1.46168
1.46403
1.46628
1.46848
1.47067
1.4729
1.47525
1.47779
1.48062
1.48382
1.4875
1.49177
1.49671
1.50241
1.50893
1.5163
1.52451
1.53347
1.54301
1.55287
1.56265
1.57183
1.57975
1.58574
1.5894
1.58992
1.58759
1.58381
1.57951
1.57565
1.57292
1.57153
1.57128
1.57157
1.57177
1.57165
1.57087
1.56933
1.56704
1.56407
1.56051
1.55646
1.552
1.54721
1.54218
1.53694
1.53155
1.52605
1.52046
1.51481
1.50912
1.50341
1.49768
1.49194
1.4862
1.48047
1.47473
1.46901
1.46328
1.45757
1.45185
1.44614
1.44042
1.4347
1.42897
1.42322
1.41747
1.41169
1.4059
1.40009
1.39425
1.3884
1.38253
1.37666
1.37079
1.36494
1.35913
1.26593
1.26588
1.26585
1.26585
1.26586
1.26588
1.26593
1.26599
1.26607
1.26616
1.26627
1.2664
1.26655
1.26671
1.2669
1.26709
1.26731
1.26754
1.26779
1.26806
1.26834
1.26864
1.26896
1.26929
1.26964
1.27001
1.27039
1.27079
1.27121
1.27164
1.27209
1.27255
1.27303
1.27352
1.27403
1.27456
1.2751
1.27566
1.27623
1.27681
1.27741
1.27803
1.27866
1.2793
1.27995
1.28062
1.28131
1.282
1.28271
1.28343
1.28416
1.28491
1.28566
1.28643
1.28721
1.288
1.28881
1.28962
1.29044
1.29128
1.29212
1.29297
1.29384
1.29471
1.29559
1.29648
1.29738
1.29829
1.2992
1.30012
1.30106
1.30199
1.30294
1.3039
1.30486
1.30582
1.3068
1.30778
1.30877
1.30977
1.31077
1.31178
1.31279
1.31381
1.31484
1.31588
1.31692
1.31797
1.31902
1.32008
1.32115
1.32223
1.32332
1.32441
1.32551
1.32662
1.32774
1.32887
1.33001
1.33116
1.33232
1.33349
1.33468
1.33588
1.33709
1.33832
1.33957
1.34083
1.34211
1.34342
1.34474
1.34609
1.34746
1.34886
1.35028
1.35174
1.35323
1.35475
1.3563
1.3579
1.35953
1.36121
1.36293
1.3647
1.36652
1.3684
1.37033
1.37232
1.37437
1.37648
1.37867
1.38092
1.38325
1.38565
1.38813
1.39069
1.39333
1.39606
1.39887
1.40176
1.40473
1.40779
1.41093
1.41414
1.41743
1.42079
1.42421
1.42768
1.4312
1.43475
1.43833
1.44191
1.4455
1.44906
1.45258
1.45605
1.45946
1.46277
1.46599
1.46908
1.47205
1.47489
1.47759
1.48016
1.4826
1.48494
1.4872
1.48941
1.49162
1.49388
1.49626
1.49883
1.50166
1.50485
1.50846
1.51259
1.51729
1.52262
1.5286
1.5352
1.54237
1.54997
1.55779
1.56554
1.57281
1.5791
1.5839
1.58694
1.5877
1.58645
1.58429
1.58176
1.57946
1.57786
1.57712
1.57711
1.5774
1.57751
1.57717
1.57619
1.57454
1.57226
1.56942
1.5661
1.56235
1.55826
1.55388
1.54926
1.54444
1.53948
1.53439
1.5292
1.52394
1.51862
1.51325
1.50785
1.50243
1.49699
1.49154
1.48607
1.4806
1.47512
1.46963
1.46413
1.45863
1.45311
1.44758
1.44203
1.43647
1.43088
1.42528
1.41966
1.41401
1.40835
1.40267
1.39699
1.39131
1.38563
1.37999
1.37441
1.28139
1.28134
1.28131
1.2813
1.2813
1.28133
1.28136
1.28141
1.28148
1.28157
1.28167
1.28179
1.28192
1.28207
1.28224
1.28242
1.28262
1.28284
1.28307
1.28332
1.28358
1.28386
1.28416
1.28447
1.2848
1.28514
1.28551
1.28588
1.28627
1.28668
1.2871
1.28754
1.288
1.28846
1.28895
1.28945
1.28996
1.29049
1.29103
1.29159
1.29216
1.29274
1.29334
1.29396
1.29458
1.29522
1.29587
1.29654
1.29722
1.29791
1.29861
1.29933
1.30005
1.30079
1.30154
1.3023
1.30308
1.30386
1.30465
1.30546
1.30627
1.3071
1.30793
1.30878
1.30963
1.31049
1.31136
1.31225
1.31313
1.31403
1.31494
1.31585
1.31677
1.3177
1.31864
1.31958
1.32054
1.32149
1.32246
1.32344
1.32442
1.3254
1.3264
1.3274
1.32841
1.32943
1.33045
1.33149
1.33253
1.33357
1.33463
1.33569
1.33676
1.33785
1.33894
1.34004
1.34115
1.34227
1.3434
1.34454
1.3457
1.34687
1.34805
1.34925
1.35046
1.3517
1.35294
1.35421
1.3555
1.35681
1.35814
1.35949
1.36087
1.36228
1.36372
1.36519
1.36669
1.36822
1.36979
1.37141
1.37306
1.37476
1.3765
1.37829
1.38014
1.38203
1.38399
1.386
1.38808
1.39022
1.39244
1.39472
1.39707
1.3995
1.40201
1.40459
1.40726
1.41001
1.41284
1.41576
1.41876
1.42184
1.425
1.42824
1.43155
1.43492
1.43836
1.44186
1.4454
1.44898
1.45258
1.45619
1.45981
1.46341
1.46697
1.47049
1.47395
1.47732
1.48059
1.48376
1.4868
1.4897
1.49247
1.49509
1.49757
1.49992
1.50215
1.5043
1.50637
1.50843
1.5105
1.51264
1.5149
1.51734
1.52002
1.52298
1.52627
1.52992
1.53391
1.53824
1.54283
1.54759
1.55237
1.55696
1.56115
1.56466
1.56727
1.56888
1.56964
1.5698
1.5697
1.56953
1.56945
1.56961
1.57008
1.57078
1.57142
1.57178
1.57162
1.57088
1.56958
1.56777
1.56549
1.5628
1.55974
1.55636
1.5527
1.54881
1.54472
1.54045
1.53603
1.5315
1.52686
1.52213
1.51733
1.51247
1.50756
1.50261
1.49762
1.49259
1.48754
1.48245
1.47734
1.4722
1.46704
1.46185
1.45663
1.45138
1.44611
1.44081
1.43548
1.43012
1.42474
1.41934
1.41392
1.4085
1.40308
1.39767
1.3923
1.387
1.29503
1.29497
1.29494
1.29492
1.29492
1.29494
1.29497
1.29501
1.29507
1.29515
1.29524
1.29534
1.29546
1.2956
1.29575
1.29592
1.2961
1.2963
1.29651
1.29674
1.29699
1.29725
1.29752
1.29781
1.29812
1.29844
1.29878
1.29913
1.2995
1.29988
1.30027
1.30069
1.30111
1.30155
1.30201
1.30248
1.30297
1.30347
1.30398
1.30451
1.30505
1.3056
1.30617
1.30675
1.30735
1.30796
1.30858
1.30922
1.30986
1.31052
1.3112
1.31188
1.31258
1.31329
1.31401
1.31474
1.31548
1.31623
1.317
1.31777
1.31856
1.31935
1.32016
1.32098
1.3218
1.32264
1.32348
1.32433
1.32519
1.32607
1.32694
1.32783
1.32873
1.32963
1.33055
1.33147
1.33239
1.33333
1.33427
1.33523
1.33619
1.33715
1.33813
1.33911
1.3401
1.3411
1.34211
1.34312
1.34414
1.34517
1.34621
1.34726
1.34832
1.34939
1.35047
1.35156
1.35266
1.35377
1.35489
1.35602
1.35717
1.35834
1.35951
1.36071
1.36192
1.36314
1.36439
1.36565
1.36694
1.36825
1.36958
1.37094
1.37232
1.37373
1.37517
1.37665
1.37815
1.3797
1.38128
1.3829
1.38456
1.38627
1.38802
1.38982
1.39167
1.39358
1.39555
1.39757
1.39966
1.40181
1.40403
1.40632
1.40868
1.41111
1.41363
1.41621
1.41888
1.42163
1.42446
1.42738
1.43037
1.43344
1.43659
1.43982
1.44312
1.44648
1.4499
1.45338
1.45691
1.46047
1.46406
1.46766
1.47126
1.47485
1.47841
1.48192
1.48538
1.48876
1.49204
1.49522
1.49827
1.50119
1.50395
1.50657
1.50902
1.51132
1.51347
1.51547
1.51735
1.51912
1.52081
1.52245
1.52407
1.52571
1.52739
1.52914
1.53099
1.53293
1.53497
1.53708
1.53921
1.54131
1.54328
1.54504
1.5465
1.54758
1.54827
1.54862
1.54876
1.54888
1.54914
1.54963
1.55039
1.55139
1.55261
1.55392
1.55513
1.55605
1.55657
1.55663
1.55622
1.55535
1.55405
1.55235
1.55028
1.54788
1.54519
1.54224
1.53906
1.53568
1.53211
1.5284
1.52454
1.52057
1.51649
1.51232
1.50807
1.50374
1.49934
1.49488
1.49037
1.4858
1.48118
1.47651
1.4718
1.46704
1.46224
1.45739
1.4525
1.44758
1.44261
1.4376
1.43256
1.4275
1.42241
1.41732
1.41222
1.40714
1.4021
1.39713
1.30705
1.30699
1.30696
1.30694
1.30693
1.30694
1.30696
1.307
1.30705
1.30711
1.30719
1.30728
1.30739
1.30751
1.30765
1.3078
1.30797
1.30815
1.30834
1.30855
1.30877
1.30901
1.30927
1.30954
1.30982
1.31012
1.31043
1.31075
1.31109
1.31145
1.31182
1.31221
1.3126
1.31302
1.31344
1.31389
1.31434
1.31481
1.3153
1.31579
1.3163
1.31683
1.31737
1.31792
1.31848
1.31906
1.31965
1.32026
1.32087
1.3215
1.32215
1.3228
1.32346
1.32414
1.32483
1.32553
1.32624
1.32697
1.3277
1.32845
1.3292
1.32997
1.33075
1.33153
1.33233
1.33314
1.33395
1.33478
1.33561
1.33646
1.33731
1.33817
1.33904
1.33992
1.34081
1.3417
1.34261
1.34352
1.34444
1.34537
1.34631
1.34725
1.34821
1.34917
1.35014
1.35112
1.3521
1.3531
1.3541
1.35512
1.35614
1.35717
1.35822
1.35927
1.36033
1.36141
1.36249
1.36359
1.3647
1.36583
1.36696
1.36812
1.36928
1.37047
1.37167
1.37289
1.37413
1.37538
1.37667
1.37797
1.3793
1.38065
1.38203
1.38344
1.38487
1.38634
1.38785
1.38939
1.39097
1.39258
1.39424
1.39595
1.3977
1.3995
1.40135
1.40325
1.40521
1.40723
1.40931
1.41145
1.41366
1.41593
1.41828
1.4207
1.42319
1.42576
1.42841
1.43113
1.43393
1.43681
1.43977
1.4428
1.44591
1.44909
1.45234
1.45565
1.45902
1.46245
1.46592
1.46942
1.47295
1.47649
1.48003
1.48356
1.48707
1.49053
1.49393
1.49726
1.5005
1.50363
1.50663
1.5095
1.51221
1.51476
1.51713
1.51932
1.52133
1.52315
1.52479
1.52626
1.52757
1.52872
1.52974
1.53064
1.53143
1.53214
1.53276
1.5333
1.53376
1.53413
1.53439
1.53453
1.5345
1.53431
1.53393
1.53339
1.53273
1.53202
1.53137
1.53089
1.53068
1.53078
1.53122
1.53196
1.53291
1.53404
1.53523
1.53635
1.53728
1.53794
1.53828
1.53827
1.5379
1.53718
1.53611
1.53473
1.53304
1.53109
1.52889
1.52646
1.52383
1.52101
1.51802
1.51489
1.51161
1.50821
1.5047
1.50108
1.49737
1.49356
1.48968
1.48571
1.48167
1.47756
1.47337
1.46913
1.46482
1.46045
1.45602
1.45153
1.44699
1.44241
1.43778
1.43312
1.42843
1.42372
1.41901
1.41431
1.40964
1.40504
1.31767
1.3176
1.31757
1.31754
1.31753
1.31753
1.31754
1.31757
1.31761
1.31766
1.31773
1.31781
1.31791
1.31801
1.31814
1.31827
1.31842
1.31858
1.31876
1.31895
1.31915
1.31937
1.3196
1.31984
1.3201
1.32037
1.32066
1.32096
1.32128
1.32161
1.32195
1.32231
1.32268
1.32306
1.32346
1.32387
1.3243
1.32474
1.32519
1.32566
1.32614
1.32663
1.32714
1.32766
1.3282
1.32874
1.3293
1.32988
1.33046
1.33106
1.33167
1.33229
1.33293
1.33357
1.33423
1.3349
1.33558
1.33628
1.33698
1.33769
1.33842
1.33916
1.3399
1.34066
1.34143
1.34221
1.343
1.34379
1.3446
1.34542
1.34624
1.34708
1.34792
1.34877
1.34964
1.35051
1.35139
1.35228
1.35317
1.35408
1.35499
1.35591
1.35685
1.35779
1.35873
1.35969
1.36066
1.36163
1.36262
1.36361
1.36462
1.36563
1.36666
1.36769
1.36874
1.3698
1.37086
1.37195
1.37304
1.37415
1.37527
1.37641
1.37757
1.37874
1.37993
1.38113
1.38236
1.3836
1.38487
1.38616
1.38748
1.38882
1.39019
1.39159
1.39301
1.39447
1.39596
1.39749
1.39906
1.40066
1.4023
1.40399
1.40573
1.40751
1.40934
1.41123
1.41316
1.41516
1.41721
1.41933
1.42151
1.42375
1.42606
1.42845
1.4309
1.43342
1.43602
1.43869
1.44143
1.44425
1.44714
1.45011
1.45314
1.45625
1.45941
1.46264
1.46592
1.46925
1.47262
1.47602
1.47945
1.48288
1.48632
1.48975
1.49314
1.4965
1.4998
1.50302
1.50616
1.50918
1.51208
1.51484
1.51744
1.51987
1.52211
1.52415
1.52598
1.5276
1.529
1.53018
1.53113
1.53186
1.53237
1.53268
1.53277
1.53267
1.53237
1.53189
1.53122
1.53037
1.52934
1.52815
1.52681
1.52532
1.52373
1.52207
1.52041
1.51881
1.51735
1.5161
1.51512
1.51447
1.51415
1.51416
1.51445
1.51497
1.5157
1.51653
1.51739
1.51818
1.51884
1.51931
1.51956
1.51955
1.51928
1.51875
1.51795
1.5169
1.51561
1.5141
1.51237
1.51044
1.50832
1.50603
1.50358
1.50098
1.49824
1.49538
1.49239
1.48928
1.48607
1.48275
1.47934
1.47583
1.47223
1.46855
1.46478
1.46094
1.45702
1.45304
1.44898
1.44487
1.44071
1.43649
1.43224
1.42797
1.42369
1.4194
1.41515
1.41095
1.32707
1.327
1.32696
1.32693
1.32691
1.32691
1.32691
1.32693
1.32696
1.32701
1.32706
1.32713
1.32721
1.3273
1.32741
1.32752
1.32766
1.3278
1.32796
1.32812
1.32831
1.3285
1.32871
1.32893
1.32917
1.32942
1.32968
1.32995
1.33024
1.33054
1.33086
1.33119
1.33153
1.33189
1.33225
1.33264
1.33303
1.33344
1.33387
1.3343
1.33475
1.33522
1.33569
1.33618
1.33668
1.3372
1.33773
1.33827
1.33882
1.33939
1.33997
1.34056
1.34116
1.34178
1.3424
1.34304
1.34369
1.34436
1.34503
1.34571
1.34641
1.34712
1.34783
1.34856
1.3493
1.35005
1.35081
1.35158
1.35236
1.35315
1.35394
1.35475
1.35557
1.3564
1.35723
1.35808
1.35893
1.35979
1.36067
1.36155
1.36244
1.36333
1.36424
1.36516
1.36608
1.36702
1.36796
1.36892
1.36988
1.37085
1.37183
1.37283
1.37383
1.37485
1.37587
1.37691
1.37796
1.37902
1.3801
1.38119
1.38229
1.38341
1.38455
1.3857
1.38687
1.38806
1.38927
1.3905
1.39175
1.39302
1.39432
1.39564
1.39699
1.39836
1.39977
1.40121
1.40268
1.40418
1.40572
1.4073
1.40892
1.41058
1.41229
1.41404
1.41584
1.41769
1.41959
1.42155
1.42356
1.42563
1.42776
1.42995
1.43221
1.43453
1.43692
1.43937
1.4419
1.44449
1.44715
1.44988
1.45268
1.45554
1.45847
1.46147
1.46452
1.46762
1.47078
1.47397
1.47721
1.48047
1.48375
1.48704
1.49033
1.4936
1.49684
1.50005
1.50319
1.50626
1.50924
1.51211
1.51485
1.51745
1.51989
1.52216
1.52423
1.52609
1.52773
1.52913
1.53029
1.5312
1.53185
1.53223
1.53235
1.5322
1.53179
1.53111
1.53018
1.52901
1.52759
1.52595
1.5241
1.52207
1.51988
1.51756
1.51515
1.51271
1.51029
1.50795
1.50574
1.50373
1.50198
1.50052
1.49938
1.49857
1.49807
1.49785
1.49791
1.4982
1.49867
1.49923
1.49984
1.50042
1.50092
1.5013
1.50153
1.50158
1.50144
1.5011
1.50056
1.49982
1.49888
1.49775
1.49643
1.49493
1.49327
1.49144
1.48946
1.48733
1.48506
1.48266
1.48013
1.47747
1.47471
1.47183
1.46884
1.46575
1.46256
1.45928
1.45591
1.45245
1.44892
1.44531
1.44164
1.43792
1.43415
1.43034
1.42651
1.42268
1.41886
1.41509
1.33544
1.33537
1.33533
1.33529
1.33527
1.33526
1.33526
1.33527
1.33529
1.33532
1.33536
1.33542
1.33548
1.33556
1.33565
1.33575
1.33586
1.33599
1.33612
1.33627
1.33643
1.33661
1.33679
1.33699
1.3372
1.33742
1.33766
1.33791
1.33817
1.33845
1.33873
1.33903
1.33935
1.33967
1.34001
1.34037
1.34073
1.34111
1.3415
1.34191
1.34233
1.34276
1.3432
1.34366
1.34413
1.34462
1.34511
1.34562
1.34614
1.34668
1.34722
1.34778
1.34836
1.34894
1.34954
1.35014
1.35076
1.35139
1.35204
1.35269
1.35336
1.35403
1.35472
1.35542
1.35613
1.35685
1.35758
1.35832
1.35907
1.35983
1.3606
1.36138
1.36217
1.36297
1.36377
1.36459
1.36542
1.36625
1.3671
1.36795
1.36882
1.36969
1.37057
1.37146
1.37236
1.37327
1.37419
1.37512
1.37606
1.37701
1.37797
1.37894
1.37992
1.38091
1.38191
1.38293
1.38395
1.38499
1.38604
1.38711
1.38819
1.38929
1.3904
1.39153
1.39267
1.39384
1.39502
1.39622
1.39745
1.3987
1.39997
1.40126
1.40258
1.40393
1.4053
1.40671
1.40815
1.40962
1.41113
1.41267
1.41425
1.41587
1.41754
1.41924
1.42099
1.42279
1.42464
1.42654
1.4285
1.4305
1.43257
1.43469
1.43687
1.43911
1.44141
1.44377
1.4462
1.44869
1.45125
1.45386
1.45654
1.45928
1.46208
1.46493
1.46783
1.47078
1.47378
1.47681
1.47987
1.48296
1.48606
1.48916
1.49226
1.49534
1.49838
1.50139
1.50433
1.5072
1.50998
1.51265
1.5152
1.5176
1.51984
1.5219
1.52377
1.52543
1.52686
1.52804
1.52898
1.52964
1.53003
1.53014
1.52996
1.52948
1.52872
1.52766
1.52632
1.5247
1.52283
1.5207
1.51835
1.5158
1.51309
1.51024
1.5073
1.50432
1.50135
1.49843
1.49563
1.49299
1.49057
1.48841
1.48654
1.48498
1.48375
1.48283
1.48219
1.48186
1.48179
1.48193
1.48224
1.48266
1.48313
1.48361
1.48405
1.48442
1.48468
1.48482
1.48482
1.48467
1.48435
1.48388
1.48323
1.48243
1.48146
1.48032
1.47904
1.4776
1.47601
1.47428
1.47242
1.47041
1.46828
1.46603
1.46365
1.46116
1.45855
1.45584
1.45303
1.45012
1.44713
1.44405
1.44089
1.43767
1.4344
1.43108
1.42773
1.42437
1.42101
1.41767
1.34295
1.34288
1.34284
1.3428
1.34277
1.34275
1.34274
1.34274
1.34275
1.34277
1.3428
1.34285
1.3429
1.34296
1.34303
1.34312
1.34321
1.34332
1.34343
1.34356
1.3437
1.34385
1.34401
1.34419
1.34437
1.34457
1.34478
1.34501
1.34524
1.34549
1.34575
1.34602
1.3463
1.3466
1.34691
1.34723
1.34757
1.34792
1.34828
1.34865
1.34904
1.34944
1.34985
1.35028
1.35071
1.35117
1.35163
1.35211
1.3526
1.3531
1.35361
1.35414
1.35468
1.35523
1.3558
1.35637
1.35696
1.35756
1.35817
1.35879
1.35943
1.36007
1.36073
1.3614
1.36208
1.36277
1.36346
1.36417
1.3649
1.36563
1.36637
1.36712
1.36788
1.36865
1.36943
1.37021
1.37101
1.37182
1.37264
1.37346
1.3743
1.37514
1.376
1.37686
1.37774
1.37862
1.37951
1.38041
1.38132
1.38224
1.38317
1.38412
1.38507
1.38603
1.38701
1.38799
1.38899
1.39
1.39103
1.39207
1.39312
1.39419
1.39527
1.39637
1.39748
1.39861
1.39977
1.40094
1.40213
1.40334
1.40458
1.40583
1.40712
1.40843
1.40976
1.41113
1.41253
1.41395
1.41541
1.41691
1.41844
1.42001
1.42161
1.42326
1.42495
1.42669
1.42847
1.4303
1.43217
1.4341
1.43608
1.43811
1.44019
1.44233
1.44453
1.44678
1.44909
1.45146
1.45388
1.45636
1.45889
1.46148
1.46412
1.4668
1.46953
1.4723
1.47511
1.47794
1.4808
1.48368
1.48657
1.48945
1.49232
1.49517
1.49799
1.50076
1.50347
1.5061
1.50864
1.51108
1.51339
1.51556
1.51757
1.5194
1.52104
1.52248
1.52368
1.52465
1.52537
1.52581
1.52598
1.52586
1.52545
1.52474
1.52373
1.52243
1.52083
1.51895
1.5168
1.5144
1.51176
1.50892
1.5059
1.50274
1.49947
1.49615
1.4928
1.48949
1.48626
1.48316
1.48023
1.47753
1.47508
1.47292
1.47107
1.46953
1.4683
1.46738
1.46677
1.46643
1.46634
1.46645
1.46672
1.46709
1.46753
1.46799
1.46844
1.46884
1.46918
1.46942
1.46956
1.46958
1.46947
1.46922
1.46883
1.46829
1.46761
1.46679
1.46582
1.4647
1.46345
1.46206
1.46053
1.45887
1.45709
1.45518
1.45314
1.451
1.44874
1.44638
1.44392
1.44137
1.43874
1.43603
1.43326
1.43044
1.42757
1.42468
1.42178
1.41889
1.34977
1.3497
1.34965
1.3496
1.34957
1.34954
1.34953
1.34952
1.34952
1.34953
1.34955
1.34958
1.34961
1.34966
1.34972
1.34979
1.34986
1.34995
1.35004
1.35015
1.35027
1.3504
1.35054
1.35069
1.35085
1.35102
1.3512
1.3514
1.35161
1.35183
1.35206
1.3523
1.35255
1.35282
1.3531
1.35339
1.3537
1.35401
1.35434
1.35469
1.35504
1.35541
1.35579
1.35618
1.35659
1.35701
1.35744
1.35788
1.35834
1.35881
1.35929
1.35979
1.36029
1.36081
1.36134
1.36189
1.36244
1.36301
1.36359
1.36418
1.36478
1.36539
1.36602
1.36665
1.3673
1.36796
1.36863
1.36931
1.36999
1.37069
1.3714
1.37212
1.37285
1.37359
1.37434
1.3751
1.37586
1.37664
1.37743
1.37822
1.37903
1.37984
1.38067
1.3815
1.38234
1.38319
1.38405
1.38492
1.3858
1.38669
1.3876
1.38851
1.38943
1.39036
1.3913
1.39225
1.39322
1.3942
1.39519
1.39619
1.39721
1.39824
1.39929
1.40035
1.40143
1.40252
1.40363
1.40476
1.40592
1.40709
1.40828
1.40949
1.41073
1.41199
1.41328
1.41459
1.41593
1.41731
1.41871
1.42014
1.42161
1.42311
1.42465
1.42623
1.42784
1.4295
1.43119
1.43293
1.43472
1.43655
1.43843
1.44035
1.44232
1.44434
1.44642
1.44854
1.45071
1.45293
1.4552
1.45752
1.45989
1.4623
1.46475
1.46725
1.46978
1.47234
1.47494
1.47755
1.48018
1.48283
1.48547
1.48811
1.49073
1.49332
1.49588
1.49839
1.50083
1.5032
1.50547
1.50764
1.50969
1.5116
1.51336
1.51494
1.51634
1.51754
1.51852
1.51926
1.51976
1.52
1.51997
1.51967
1.51907
1.51819
1.51701
1.51555
1.51379
1.51176
1.50946
1.50691
1.50413
1.50114
1.49797
1.49465
1.49121
1.48769
1.48413
1.48058
1.47708
1.47368
1.47042
1.46734
1.46448
1.46188
1.45957
1.45755
1.45584
1.45443
1.45334
1.45255
1.45205
1.45181
1.45178
1.45194
1.45225
1.45265
1.45313
1.45363
1.45414
1.45462
1.45505
1.45541
1.45568
1.45586
1.45593
1.45588
1.4557
1.4554
1.45496
1.45439
1.45368
1.45284
1.45187
1.45077
1.44953
1.44817
1.44668
1.44508
1.44336
1.44153
1.4396
1.43757
1.43545
1.43324
1.43097
1.42863
1.42624
1.42382
1.42137
1.41892
1.35604
1.35597
1.35591
1.35586
1.35582
1.35579
1.35577
1.35575
1.35574
1.35574
1.35575
1.35576
1.35578
1.35581
1.35586
1.3559
1.35596
1.35603
1.35611
1.35619
1.35629
1.35639
1.35651
1.35663
1.35677
1.35691
1.35707
1.35724
1.35742
1.35761
1.35781
1.35802
1.35825
1.35849
1.35874
1.359
1.35927
1.35955
1.35985
1.36016
1.36048
1.36082
1.36117
1.36153
1.3619
1.36229
1.36268
1.36309
1.36352
1.36395
1.3644
1.36486
1.36533
1.36582
1.36632
1.36683
1.36735
1.36788
1.36843
1.36898
1.36955
1.37013
1.37072
1.37133
1.37194
1.37256
1.3732
1.37384
1.3745
1.37517
1.37584
1.37653
1.37722
1.37793
1.37865
1.37937
1.3801
1.38085
1.3816
1.38236
1.38313
1.38392
1.3847
1.3855
1.38631
1.38713
1.38795
1.38879
1.38964
1.39049
1.39135
1.39223
1.39311
1.39401
1.39491
1.39583
1.39676
1.39769
1.39865
1.39961
1.40059
1.40157
1.40258
1.4036
1.40463
1.40568
1.40674
1.40783
1.40893
1.41005
1.41119
1.41235
1.41353
1.41473
1.41596
1.41721
1.41849
1.4198
1.42113
1.42249
1.42388
1.42531
1.42676
1.42826
1.42978
1.43134
1.43294
1.43458
1.43626
1.43798
1.43973
1.44154
1.44338
1.44527
1.44719
1.44917
1.45118
1.45324
1.45534
1.45748
1.45966
1.46188
1.46414
1.46642
1.46873
1.47107
1.47343
1.47581
1.47819
1.48058
1.48296
1.48533
1.48768
1.49
1.49227
1.49449
1.49665
1.49873
1.50072
1.50261
1.50437
1.50601
1.50749
1.50881
1.50996
1.51091
1.51165
1.51217
1.51246
1.5125
1.51229
1.51181
1.51107
1.51004
1.50875
1.50717
1.50532
1.50321
1.50084
1.49823
1.49539
1.49234
1.48912
1.48574
1.48224
1.47865
1.47501
1.47135
1.46772
1.46415
1.4607
1.4574
1.45429
1.45141
1.44877
1.44642
1.44435
1.44258
1.44111
1.43995
1.43909
1.43852
1.4382
1.43812
1.43823
1.4385
1.4389
1.43939
1.43995
1.44054
1.44114
1.44171
1.44225
1.44274
1.44314
1.44347
1.44369
1.44381
1.44382
1.44371
1.44348
1.44313
1.44265
1.44205
1.44131
1.44046
1.43948
1.43838
1.43717
1.43584
1.43441
1.43287
1.43125
1.42953
1.42774
1.42587
1.42395
1.42198
1.41997
1.41795
1.36189
1.36182
1.36176
1.36171
1.36166
1.36162
1.36159
1.36157
1.36155
1.36153
1.36153
1.36153
1.36154
1.36155
1.36158
1.36161
1.36165
1.36169
1.36175
1.36181
1.36189
1.36197
1.36206
1.36216
1.36227
1.36239
1.36252
1.36266
1.36281
1.36297
1.36314
1.36333
1.36352
1.36373
1.36395
1.36417
1.36441
1.36467
1.36493
1.36521
1.3655
1.3658
1.36611
1.36644
1.36678
1.36713
1.36749
1.36787
1.36826
1.36866
1.36907
1.3695
1.36993
1.37038
1.37085
1.37132
1.37181
1.37231
1.37282
1.37334
1.37387
1.37442
1.37497
1.37554
1.37612
1.3767
1.3773
1.37791
1.37853
1.37916
1.3798
1.38045
1.38111
1.38178
1.38246
1.38315
1.38385
1.38456
1.38527
1.386
1.38673
1.38748
1.38823
1.38899
1.38976
1.39054
1.39132
1.39212
1.39292
1.39374
1.39456
1.3954
1.39624
1.39709
1.39795
1.39882
1.39971
1.4006
1.40151
1.40242
1.40335
1.40429
1.40524
1.40621
1.40719
1.40819
1.4092
1.41022
1.41127
1.41233
1.4134
1.4145
1.41562
1.41675
1.41791
1.41909
1.4203
1.42152
1.42278
1.42405
1.42536
1.42669
1.42806
1.42945
1.43087
1.43233
1.43382
1.43534
1.4369
1.43849
1.44011
1.44178
1.44348
1.44521
1.44698
1.44879
1.45064
1.45252
1.45443
1.45638
1.45836
1.46037
1.4624
1.46446
1.46654
1.46864
1.47075
1.47287
1.47499
1.47711
1.47921
1.4813
1.48336
1.48538
1.48736
1.48929
1.49114
1.49293
1.49462
1.49621
1.49768
1.49902
1.50023
1.50128
1.50216
1.50286
1.50336
1.50366
1.50373
1.50358
1.5032
1.50256
1.50168
1.50054
1.49914
1.49749
1.49558
1.49342
1.49102
1.4884
1.48556
1.48253
1.47932
1.47596
1.47248
1.4689
1.46526
1.46159
1.45794
1.45433
1.45082
1.44742
1.44419
1.44115
1.43834
1.43577
1.43348
1.43146
1.42973
1.42829
1.42716
1.42631
1.42574
1.42542
1.42534
1.42545
1.42573
1.42616
1.4267
1.42732
1.42799
1.42869
1.42939
1.43008
1.43074
1.43134
1.43188
1.43234
1.43271
1.43298
1.43315
1.43321
1.43316
1.433
1.43271
1.43231
1.43179
1.43116
1.43041
1.42955
1.42859
1.42752
1.42635
1.4251
1.42376
1.42234
1.42086
1.41932
1.41773
1.41611
1.36746
1.36738
1.36732
1.36726
1.36721
1.36717
1.36712
1.36709
1.36706
1.36704
1.36702
1.367
1.367
1.367
1.367
1.36702
1.36704
1.36706
1.3671
1.36714
1.36719
1.36725
1.36731
1.36739
1.36747
1.36757
1.36767
1.36778
1.3679
1.36803
1.36817
1.36833
1.36849
1.36866
1.36885
1.36904
1.36925
1.36947
1.3697
1.36994
1.3702
1.37047
1.37074
1.37103
1.37134
1.37165
1.37198
1.37232
1.37267
1.37304
1.37341
1.3738
1.3742
1.37462
1.37504
1.37548
1.37593
1.37639
1.37686
1.37735
1.37784
1.37835
1.37887
1.3794
1.37994
1.38049
1.38105
1.38162
1.3822
1.38279
1.3834
1.38401
1.38463
1.38526
1.3859
1.38655
1.3872
1.38787
1.38855
1.38923
1.38992
1.39063
1.39134
1.39205
1.39278
1.39351
1.39426
1.39501
1.39577
1.39654
1.39732
1.3981
1.3989
1.3997
1.40051
1.40134
1.40217
1.40301
1.40386
1.40472
1.4056
1.40648
1.40738
1.40829
1.40921
1.41014
1.41109
1.41205
1.41302
1.41402
1.41502
1.41605
1.41709
1.41815
1.41923
1.42032
1.42144
1.42258
1.42374
1.42493
1.42613
1.42736
1.42862
1.4299
1.43121
1.43255
1.43392
1.43531
1.43673
1.43818
1.43967
1.44118
1.44272
1.44429
1.4459
1.44753
1.44919
1.45088
1.45259
1.45433
1.4561
1.45788
1.45969
1.46151
1.46335
1.46519
1.46704
1.46889
1.47074
1.47257
1.47439
1.47618
1.47795
1.47967
1.48135
1.48296
1.48451
1.48599
1.48737
1.48866
1.48983
1.49089
1.4918
1.49258
1.49319
1.49363
1.4939
1.49397
1.49384
1.4935
1.49294
1.49216
1.49114
1.4899
1.48841
1.48669
1.48474
1.48256
1.48017
1.47756
1.47475
1.47177
1.46862
1.46532
1.46191
1.45841
1.45484
1.45124
1.44765
1.44409
1.44059
1.4372
1.43395
1.43088
1.42799
1.42534
1.42292
1.42077
1.41888
1.41727
1.41594
1.4149
1.41414
1.41364
1.41339
1.41335
1.41352
1.41386
1.41434
1.41495
1.41564
1.4164
1.41721
1.41803
1.41886
1.41966
1.42043
1.42115
1.42181
1.4224
1.4229
1.42331
1.42363
1.42384
1.42395
1.42395
1.42384
1.42362
1.4233
1.42286
1.42232
1.42168
1.42094
1.42011
1.4192
1.4182
1.41713
1.41599
1.4148
1.41356
1.37284
1.37276
1.37269
1.37263
1.37258
1.37252
1.37247
1.37243
1.37239
1.37235
1.37232
1.3723
1.37227
1.37226
1.37225
1.37224
1.37224
1.37225
1.37226
1.37228
1.3723
1.37234
1.37238
1.37243
1.37248
1.37255
1.37262
1.3727
1.3728
1.3729
1.37301
1.37313
1.37326
1.3734
1.37355
1.37371
1.37388
1.37407
1.37426
1.37447
1.37469
1.37492
1.37516
1.37542
1.37568
1.37596
1.37625
1.37655
1.37687
1.37719
1.37753
1.37788
1.37824
1.37862
1.379
1.3794
1.37981
1.38023
1.38067
1.38111
1.38157
1.38203
1.38251
1.383
1.3835
1.38401
1.38453
1.38506
1.3856
1.38615
1.38671
1.38728
1.38786
1.38844
1.38904
1.38964
1.39026
1.39088
1.39151
1.39215
1.3928
1.39345
1.39411
1.39478
1.39546
1.39615
1.39684
1.39755
1.39825
1.39897
1.3997
1.40043
1.40117
1.40192
1.40268
1.40344
1.40422
1.405
1.40579
1.40659
1.4074
1.40823
1.40906
1.4099
1.41075
1.41161
1.41249
1.41338
1.41428
1.41519
1.41612
1.41706
1.41802
1.41899
1.41998
1.42098
1.42201
1.42305
1.42411
1.42518
1.42628
1.4274
1.42854
1.4297
1.43089
1.4321
1.43332
1.43458
1.43586
1.43716
1.43848
1.43983
1.44121
1.4426
1.44402
1.44547
1.44693
1.44842
1.44993
1.45145
1.45299
1.45455
1.45611
1.45769
1.45927
1.46085
1.46244
1.46401
1.46558
1.46712
1.46865
1.47015
1.47161
1.47302
1.47439
1.4757
1.47694
1.47811
1.47918
1.48017
1.48104
1.4818
1.48243
1.48293
1.48328
1.48347
1.4835
1.48334
1.48301
1.48248
1.48176
1.48083
1.47969
1.47834
1.47678
1.475
1.47302
1.47083
1.46844
1.46587
1.46311
1.46019
1.45713
1.45393
1.45063
1.44724
1.44379
1.44031
1.43682
1.43337
1.42997
1.42666
1.42348
1.42044
1.41758
1.41492
1.41249
1.41028
1.40833
1.40664
1.40521
1.40406
1.40317
1.40255
1.40217
1.40203
1.4021
1.40236
1.40279
1.40336
1.40406
1.40485
1.40571
1.40662
1.40756
1.40852
1.40946
1.41039
1.41127
1.41211
1.41288
1.41358
1.41421
1.41474
1.41519
1.41554
1.41579
1.41594
1.41598
1.41593
1.41578
1.41552
1.41517
1.41473
1.4142
1.41359
1.4129
1.41213
1.4113
1.41041
1.37813
1.37805
1.37798
1.37791
1.37785
1.37779
1.37774
1.37768
1.37763
1.37758
1.37754
1.3775
1.37746
1.37743
1.3774
1.37737
1.37735
1.37734
1.37733
1.37732
1.37732
1.37733
1.37735
1.37737
1.3774
1.37743
1.37747
1.37753
1.37759
1.37766
1.37773
1.37782
1.37792
1.37802
1.37814
1.37827
1.3784
1.37855
1.37871
1.37888
1.37906
1.37925
1.37946
1.37967
1.3799
1.38014
1.38039
1.38065
1.38092
1.38121
1.38151
1.38182
1.38214
1.38247
1.38282
1.38317
1.38354
1.38392
1.38431
1.38471
1.38512
1.38555
1.38598
1.38643
1.38688
1.38735
1.38782
1.38831
1.3888
1.38931
1.38982
1.39034
1.39087
1.39141
1.39196
1.39252
1.39308
1.39366
1.39424
1.39483
1.39542
1.39603
1.39664
1.39725
1.39788
1.39851
1.39915
1.3998
1.40045
1.40111
1.40178
1.40245
1.40313
1.40382
1.40452
1.40522
1.40593
1.40664
1.40737
1.4081
1.40884
1.40959
1.41035
1.41112
1.41189
1.41268
1.41347
1.41428
1.41509
1.41592
1.41676
1.41761
1.41848
1.41935
1.42024
1.42114
1.42206
1.42299
1.42394
1.4249
1.42588
1.42688
1.42789
1.42892
1.42997
1.43104
1.43212
1.43323
1.43435
1.43549
1.43665
1.43783
1.43902
1.44023
1.44146
1.44271
1.44397
1.44525
1.44654
1.44784
1.44915
1.45046
1.45178
1.45311
1.45443
1.45575
1.45706
1.45836
1.45964
1.46089
1.46213
1.46332
1.46448
1.4656
1.46666
1.46766
1.46859
1.46945
1.47023
1.47091
1.47149
1.47196
1.47231
1.47253
1.47262
1.47257
1.47236
1.47199
1.47145
1.47074
1.46985
1.46878
1.46752
1.46607
1.46443
1.46261
1.4606
1.4584
1.45603
1.4535
1.4508
1.44797
1.445
1.44191
1.43874
1.43548
1.43218
1.42885
1.42551
1.42221
1.41895
1.41578
1.41272
1.40979
1.40702
1.40443
1.40205
1.39988
1.39794
1.39624
1.39479
1.39359
1.39266
1.39197
1.39153
1.39132
1.39133
1.39154
1.39192
1.39247
1.39316
1.39397
1.39487
1.39584
1.39687
1.39793
1.39901
1.40009
1.40115
1.40219
1.40318
1.40412
1.405
1.40581
1.40654
1.40719
1.40775
1.40822
1.4086
1.40888
1.40907
1.40916
1.40916
1.40907
1.40889
1.40862
1.40827
1.40784
1.40734
1.40677
1.38341
1.38333
1.38326
1.38319
1.38312
1.38306
1.38299
1.38293
1.38286
1.3828
1.38275
1.38269
1.38264
1.38258
1.38254
1.38249
1.38245
1.38241
1.38238
1.38235
1.38233
1.38231
1.3823
1.38229
1.38229
1.38229
1.38231
1.38233
1.38235
1.38239
1.38243
1.38249
1.38255
1.38262
1.3827
1.38279
1.38289
1.383
1.38312
1.38325
1.38339
1.38354
1.3837
1.38388
1.38406
1.38426
1.38447
1.38469
1.38492
1.38516
1.38542
1.38568
1.38596
1.38625
1.38655
1.38686
1.38718
1.38752
1.38786
1.38822
1.38858
1.38896
1.38935
1.38975
1.39015
1.39057
1.391
1.39143
1.39188
1.39233
1.3928
1.39327
1.39375
1.39424
1.39473
1.39524
1.39575
1.39627
1.39679
1.39733
1.39787
1.39841
1.39897
1.39953
1.40009
1.40066
1.40124
1.40183
1.40242
1.40302
1.40362
1.40423
1.40484
1.40546
1.40609
1.40672
1.40736
1.408
1.40865
1.40931
1.40997
1.41064
1.41132
1.412
1.41269
1.41339
1.4141
1.41481
1.41554
1.41627
1.41701
1.41776
1.41852
1.41929
1.42007
1.42087
1.42167
1.42248
1.42331
1.42415
1.425
1.42586
1.42674
1.42763
1.42853
1.42945
1.43038
1.43132
1.43228
1.43325
1.43424
1.43523
1.43624
1.43726
1.4383
1.43934
1.44039
1.44145
1.44251
1.44359
1.44466
1.44573
1.4468
1.44787
1.44893
1.44998
1.45102
1.45204
1.45304
1.45401
1.45495
1.45585
1.45671
1.45752
1.45828
1.45898
1.45961
1.46017
1.46065
1.46104
1.46133
1.46152
1.4616
1.46156
1.46139
1.4611
1.46066
1.46008
1.45935
1.45846
1.45741
1.4562
1.45483
1.45328
1.45158
1.4497
1.44766
1.44547
1.44312
1.44062
1.43799
1.43524
1.43237
1.42941
1.42637
1.42327
1.42013
1.41697
1.41381
1.41068
1.4076
1.4046
1.4017
1.39892
1.39629
1.39383
1.39155
1.38947
1.38761
1.38597
1.38456
1.38338
1.38245
1.38176
1.38131
1.38108
1.38107
1.38126
1.38163
1.38217
1.38287
1.38369
1.38462
1.38564
1.38674
1.38789
1.38907
1.39028
1.39149
1.39268
1.39386
1.395
1.39609
1.39713
1.3981
1.399
1.39983
1.40058
1.40124
1.40181
1.4023
1.4027
1.403
1.40322
1.40335
1.40339
1.40334
1.40322
1.40301
1.40273
1.38876
1.38867
1.3886
1.38853
1.38846
1.38838
1.38831
1.38823
1.38816
1.38809
1.38801
1.38794
1.38787
1.3878
1.38773
1.38767
1.3876
1.38754
1.38749
1.38743
1.38738
1.38734
1.38729
1.38726
1.38723
1.3872
1.38718
1.38717
1.38716
1.38716
1.38717
1.38719
1.38721
1.38724
1.38729
1.38734
1.3874
1.38747
1.38754
1.38763
1.38773
1.38784
1.38796
1.38809
1.38824
1.38839
1.38855
1.38873
1.38891
1.38911
1.38932
1.38954
1.38977
1.39001
1.39026
1.39053
1.3908
1.39109
1.39138
1.39169
1.39201
1.39233
1.39267
1.39301
1.39337
1.39373
1.39411
1.39449
1.39488
1.39528
1.39569
1.39611
1.39653
1.39696
1.3974
1.39785
1.3983
1.39876
1.39923
1.3997
1.40018
1.40066
1.40116
1.40165
1.40215
1.40266
1.40317
1.40369
1.40421
1.40474
1.40527
1.4058
1.40634
1.40689
1.40744
1.40799
1.40855
1.40912
1.40968
1.41026
1.41084
1.41142
1.41201
1.4126
1.4132
1.4138
1.41442
1.41503
1.41565
1.41628
1.41692
1.41756
1.41821
1.41887
1.41953
1.4202
1.42088
1.42157
1.42227
1.42297
1.42369
1.42441
1.42514
1.42588
1.42663
1.42739
1.42816
1.42894
1.42972
1.43052
1.43132
1.43213
1.43295
1.43377
1.4346
1.43543
1.43627
1.4371
1.43794
1.43878
1.43962
1.44044
1.44127
1.44208
1.44288
1.44366
1.44443
1.44517
1.44589
1.44657
1.44723
1.44784
1.44841
1.44893
1.44939
1.4498
1.45014
1.4504
1.45059
1.4507
1.45071
1.45063
1.45045
1.45015
1.44975
1.44922
1.44857
1.44778
1.44686
1.44581
1.44461
1.44326
1.44178
1.44014
1.43837
1.43644
1.43438
1.43218
1.42986
1.42741
1.42484
1.42218
1.41942
1.41658
1.41368
1.41074
1.40776
1.40478
1.40181
1.39887
1.39599
1.39318
1.39047
1.38788
1.38542
1.38312
1.381
1.37906
1.37731
1.37578
1.37446
1.37336
1.37249
1.37184
1.37142
1.37122
1.37123
1.37143
1.37182
1.37238
1.37309
1.37394
1.37491
1.37598
1.37714
1.37836
1.37963
1.38094
1.38227
1.3836
1.38492
1.38622
1.38749
1.38872
1.3899
1.39102
1.39207
1.39306
1.39396
1.39479
1.39554
1.3962
1.39677
1.39726
1.39766
1.39797
1.39819
1.39834
1.39839
1.39837
1.39423
1.39414
1.39406
1.39399
1.39391
1.39383
1.39374
1.39366
1.39357
1.39349
1.3934
1.39331
1.39322
1.39313
1.39304
1.39296
1.39287
1.39279
1.3927
1.39262
1.39255
1.39247
1.3924
1.39233
1.39227
1.39221
1.39216
1.39211
1.39207
1.39203
1.392
1.39198
1.39196
1.39196
1.39196
1.39197
1.39199
1.39201
1.39205
1.39209
1.39215
1.39221
1.39229
1.39238
1.39247
1.39258
1.39269
1.39282
1.39296
1.39311
1.39327
1.39344
1.39362
1.39381
1.39401
1.39422
1.39444
1.39468
1.39492
1.39517
1.39543
1.39571
1.39599
1.39628
1.39658
1.39689
1.3972
1.39753
1.39786
1.3982
1.39855
1.39891
1.39927
1.39964
1.40002
1.4004
1.40079
1.40119
1.40159
1.402
1.40241
1.40282
1.40325
1.40367
1.4041
1.40454
1.40498
1.40542
1.40586
1.40631
1.40677
1.40723
1.40769
1.40815
1.40862
1.40909
1.40956
1.41004
1.41052
1.411
1.41148
1.41197
1.41246
1.41296
1.41346
1.41396
1.41447
1.41498
1.41549
1.41601
1.41653
1.41706
1.41759
1.41812
1.41866
1.4192
1.41975
1.42031
1.42087
1.42143
1.422
1.42257
1.42315
1.42374
1.42433
1.42492
1.42552
1.42613
1.42673
1.42735
1.42796
1.42858
1.4292
1.42982
1.43044
1.43106
1.43167
1.43229
1.4329
1.4335
1.4341
1.43468
1.43525
1.43581
1.43635
1.43687
1.43737
1.43784
1.43828
1.43869
1.43906
1.43939
1.43968
1.43991
1.44009
1.44021
1.44027
1.44026
1.44017
1.44001
1.43976
1.43942
1.43898
1.43845
1.43781
1.43706
1.4362
1.43523
1.43413
1.43292
1.43157
1.43011
1.42851
1.4268
1.42495
1.42299
1.42091
1.41871
1.4164
1.414
1.4115
1.40892
1.40627
1.40356
1.4008
1.39801
1.39521
1.39241
1.38964
1.3869
1.38422
1.38162
1.37912
1.37673
1.37447
1.37236
1.37042
1.36864
1.36706
1.36566
1.36447
1.36349
1.36272
1.36216
1.36181
1.36167
1.36173
1.36198
1.36241
1.36301
1.36376
1.36465
1.36567
1.36679
1.36801
1.3693
1.37065
1.37205
1.37348
1.37492
1.37637
1.37781
1.37923
1.38062
1.38197
1.38327
1.38452
1.3857
1.38682
1.38786
1.38883
1.38971
1.39052
1.39124
1.39187
1.39242
1.39288
1.39326
1.39354
1.39374
1.39986
1.39977
1.39969
1.39961
1.39952
1.39943
1.39934
1.39924
1.39915
1.39905
1.39894
1.39884
1.39873
1.39862
1.39851
1.3984
1.39829
1.39818
1.39807
1.39797
1.39786
1.39775
1.39765
1.39755
1.39745
1.39736
1.39727
1.39719
1.39711
1.39703
1.39697
1.3969
1.39685
1.3968
1.39676
1.39672
1.3967
1.39668
1.39667
1.39667
1.39668
1.3967
1.39672
1.39676
1.39681
1.39686
1.39693
1.397
1.39709
1.39719
1.39729
1.39741
1.39754
1.39767
1.39782
1.39798
1.39815
1.39832
1.39851
1.3987
1.39891
1.39912
1.39934
1.39957
1.39981
1.40006
1.40032
1.40058
1.40085
1.40113
1.40141
1.4017
1.402
1.40231
1.40262
1.40293
1.40325
1.40358
1.40391
1.40424
1.40458
1.40492
1.40527
1.40562
1.40597
1.40633
1.40669
1.40705
1.40742
1.40779
1.40816
1.40853
1.4089
1.40928
1.40965
1.41003
1.41041
1.41079
1.41118
1.41156
1.41195
1.41234
1.41272
1.41311
1.41351
1.4139
1.41429
1.41469
1.41509
1.41549
1.41589
1.41629
1.41669
1.4171
1.4175
1.41791
1.41832
1.41874
1.41915
1.41957
1.41998
1.4204
1.42082
1.42125
1.42167
1.42209
1.42252
1.42294
1.42337
1.42379
1.42421
1.42464
1.42505
1.42547
1.42588
1.42628
1.42668
1.42707
1.42745
1.42782
1.42818
1.42852
1.42884
1.42915
1.42944
1.4297
1.42993
1.43014
1.43031
1.43045
1.43055
1.43061
1.43062
1.43058
1.43049
1.43034
1.43012
1.42984
1.4295
1.42907
1.42857
1.42799
1.42732
1.42656
1.4257
1.42475
1.4237
1.42254
1.42128
1.41991
1.41844
1.41685
1.41516
1.41337
1.41147
1.40947
1.40737
1.40517
1.40289
1.40054
1.3981
1.39561
1.39306
1.39048
1.38786
1.38523
1.3826
1.37999
1.37741
1.37487
1.3724
1.37002
1.36773
1.36556
1.36351
1.36161
1.35986
1.35828
1.35687
1.35565
1.35461
1.35377
1.35313
1.35269
1.35245
1.3524
1.35255
1.35287
1.35337
1.35402
1.35483
1.35578
1.35685
1.35803
1.35931
1.36067
1.3621
1.36358
1.3651
1.36664
1.36819
1.36975
1.37129
1.37282
1.37431
1.37577
1.37717
1.37852
1.37982
1.38104
1.3822
1.38328
1.38428
1.3852
1.38603
1.38678
1.38745
1.38802
1.38851
1.3889
1.40569
1.4056
1.40551
1.40543
1.40533
1.40524
1.40513
1.40503
1.40492
1.4048
1.40468
1.40456
1.40443
1.4043
1.40417
1.40404
1.4039
1.40377
1.40363
1.40349
1.40336
1.40322
1.40308
1.40295
1.40282
1.40269
1.40256
1.40244
1.40232
1.40221
1.4021
1.40199
1.40189
1.4018
1.40171
1.40163
1.40156
1.40149
1.40144
1.40139
1.40135
1.40131
1.40129
1.40128
1.40127
1.40127
1.40129
1.40131
1.40134
1.40138
1.40143
1.40149
1.40156
1.40164
1.40173
1.40183
1.40194
1.40205
1.40218
1.40231
1.40245
1.4026
1.40276
1.40293
1.40311
1.40329
1.40348
1.40367
1.40388
1.40409
1.4043
1.40452
1.40475
1.40498
1.40522
1.40546
1.40571
1.40596
1.40621
1.40647
1.40673
1.40699
1.40726
1.40753
1.4078
1.40807
1.40835
1.40862
1.4089
1.40918
1.40946
1.40974
1.41002
1.4103
1.41058
1.41086
1.41114
1.41142
1.4117
1.41198
1.41226
1.41254
1.41282
1.4131
1.41337
1.41365
1.41393
1.4142
1.41447
1.41475
1.41502
1.41529
1.41556
1.41583
1.4161
1.41637
1.41663
1.4169
1.41716
1.41742
1.41768
1.41794
1.4182
1.41845
1.4187
1.41895
1.4192
1.41944
1.41968
1.41991
1.42014
1.42036
1.42057
1.42078
1.42098
1.42117
1.42135
1.42151
1.42166
1.4218
1.42192
1.42202
1.42211
1.42217
1.4222
1.42221
1.42219
1.42214
1.42205
1.42193
1.42177
1.42156
1.42131
1.42101
1.42066
1.42025
1.41978
1.41925
1.41865
1.41799
1.41725
1.41644
1.41555
1.41457
1.41352
1.41237
1.41114
1.40982
1.40841
1.4069
1.40531
1.40362
1.40184
1.39997
1.39802
1.39599
1.39388
1.3917
1.38944
1.38713
1.38477
1.38236
1.37992
1.37746
1.37499
1.37251
1.37006
1.36763
1.36524
1.36291
1.36065
1.35848
1.35641
1.35446
1.35263
1.35094
1.3494
1.34801
1.3468
1.34576
1.3449
1.34422
1.34374
1.34343
1.34332
1.34339
1.34363
1.34405
1.34464
1.34538
1.34626
1.34728
1.34842
1.34967
1.35101
1.35244
1.35394
1.3555
1.35709
1.35872
1.36037
1.36202
1.36367
1.36531
1.36692
1.36851
1.37005
1.37154
1.37298
1.37436
1.37567
1.37691
1.37808
1.37916
1.38017
1.38109
1.38193
1.38267
1.38333
1.38389
1.41174
1.41165
1.41156
1.41147
1.41137
1.41126
1.41115
1.41103
1.4109
1.41077
1.41064
1.4105
1.41035
1.4102
1.41004
1.40989
1.40973
1.40956
1.4094
1.40923
1.40906
1.40889
1.40872
1.40855
1.40838
1.40821
1.40805
1.40788
1.40772
1.40757
1.40741
1.40726
1.40712
1.40698
1.40685
1.40672
1.4066
1.40648
1.40637
1.40627
1.40618
1.40609
1.40602
1.40595
1.40589
1.40583
1.40579
1.40575
1.40573
1.40571
1.4057
1.4057
1.40571
1.40573
1.40576
1.40579
1.40583
1.40589
1.40595
1.40602
1.40609
1.40618
1.40627
1.40637
1.40647
1.40658
1.4067
1.40683
1.40696
1.40709
1.40724
1.40738
1.40753
1.40769
1.40785
1.40801
1.40818
1.40835
1.40852
1.40869
1.40887
1.40905
1.40923
1.40941
1.40959
1.40978
1.40996
1.41014
1.41033
1.41051
1.41069
1.41087
1.41106
1.41124
1.41141
1.41159
1.41177
1.41194
1.41211
1.41228
1.41245
1.41261
1.41277
1.41293
1.41309
1.41324
1.41339
1.41354
1.41368
1.41382
1.41396
1.4141
1.41423
1.41435
1.41448
1.4146
1.41471
1.41482
1.41493
1.41503
1.41513
1.41522
1.41531
1.41539
1.41547
1.41554
1.4156
1.41566
1.41571
1.41575
1.41578
1.4158
1.41581
1.41581
1.41579
1.41577
1.41573
1.41567
1.4156
1.41551
1.41539
1.41526
1.41511
1.41492
1.41472
1.41448
1.41421
1.41391
1.41358
1.4132
1.41279
1.41233
1.41183
1.41128
1.41068
1.41003
1.40932
1.40855
1.40773
1.40683
1.40588
1.40485
1.40375
1.40258
1.40134
1.40002
1.39863
1.39716
1.39561
1.39398
1.39228
1.3905
1.38865
1.38673
1.38473
1.38268
1.38056
1.3784
1.37618
1.37392
1.37163
1.36931
1.36698
1.36464
1.36231
1.35999
1.3577
1.35546
1.35326
1.35113
1.34908
1.34712
1.34527
1.34353
1.34192
1.34044
1.33911
1.33794
1.33692
1.33607
1.33539
1.33489
1.33456
1.33441
1.33443
1.33463
1.335
1.33553
1.33621
1.33704
1.33801
1.33911
1.34033
1.34165
1.34307
1.34457
1.34613
1.34776
1.34943
1.35114
1.35287
1.35461
1.35635
1.35808
1.3598
1.36149
1.36314
1.36475
1.36631
1.36781
1.36925
1.37063
1.37193
1.37316
1.3743
1.37537
1.37634
1.37723
1.37803
1.37873
1.41802
1.41793
1.41784
1.41774
1.41763
1.41752
1.4174
1.41727
1.41713
1.41698
1.41683
1.41666
1.4165
1.41632
1.41615
1.41596
1.41577
1.41558
1.41538
1.41518
1.41498
1.41478
1.41457
1.41436
1.41416
1.41395
1.41374
1.41354
1.41333
1.41313
1.41293
1.41274
1.41254
1.41236
1.41217
1.41199
1.41182
1.41165
1.41149
1.41134
1.41119
1.41105
1.41091
1.41078
1.41067
1.41055
1.41045
1.41035
1.41027
1.41019
1.41011
1.41005
1.41
1.40995
1.40991
1.40988
1.40986
1.40984
1.40983
1.40983
1.40984
1.40985
1.40987
1.40989
1.40993
1.40996
1.41001
1.41006
1.41011
1.41017
1.41023
1.4103
1.41037
1.41044
1.41052
1.4106
1.41068
1.41076
1.41085
1.41094
1.41102
1.41111
1.4112
1.41129
1.41138
1.41146
1.41155
1.41164
1.41172
1.4118
1.41188
1.41196
1.41204
1.41211
1.41218
1.41225
1.41231
1.41237
1.41242
1.41248
1.41252
1.41257
1.41261
1.41264
1.41267
1.41269
1.41271
1.41273
1.41274
1.41274
1.41274
1.41273
1.41272
1.4127
1.41267
1.41264
1.4126
1.41255
1.4125
1.41244
1.41237
1.41229
1.41221
1.41211
1.41201
1.4119
1.41178
1.41164
1.4115
1.41135
1.41118
1.411
1.41081
1.4106
1.41037
1.41013
1.40988
1.4096
1.40931
1.40899
1.40865
1.40829
1.4079
1.40749
1.40704
1.40657
1.40606
1.40553
1.40495
1.40434
1.40369
1.40299
1.40225
1.40147
1.40064
1.39976
1.39882
1.39784
1.39679
1.39569
1.39453
1.39331
1.39203
1.39068
1.38927
1.3878
1.38626
1.38465
1.38298
1.38125
1.37945
1.3776
1.37568
1.37371
1.3717
1.36963
1.36752
1.36538
1.3632
1.361
1.35878
1.35656
1.35434
1.35212
1.34993
1.34777
1.34564
1.34357
1.34157
1.33964
1.33779
1.33604
1.33439
1.33287
1.33147
1.3302
1.32908
1.32811
1.32729
1.32664
1.32614
1.32581
1.32565
1.32566
1.32583
1.32616
1.32665
1.3273
1.32809
1.32902
1.33008
1.33127
1.33256
1.33396
1.33545
1.33702
1.33865
1.34035
1.34209
1.34387
1.34567
1.34748
1.3493
1.35111
1.35291
1.35469
1.35643
1.35814
1.3598
1.3614
1.36295
1.36443
1.36584
1.36718
1.36844
1.36962
1.37072
1.37172
1.37264
1.37345
1.42455
1.42446
1.42436
1.42426
1.42415
1.42402
1.42389
1.42374
1.42359
1.42342
1.42325
1.42307
1.42288
1.42268
1.42248
1.42227
1.42205
1.42183
1.4216
1.42137
1.42113
1.42089
1.42065
1.4204
1.42015
1.4199
1.41965
1.4194
1.41916
1.41891
1.41866
1.41842
1.41817
1.41793
1.4177
1.41747
1.41724
1.41702
1.4168
1.41659
1.41638
1.41618
1.41598
1.4158
1.41562
1.41544
1.41528
1.41512
1.41496
1.41482
1.41468
1.41455
1.41443
1.41431
1.4142
1.4141
1.41401
1.41392
1.41384
1.41376
1.41369
1.41363
1.41358
1.41352
1.41348
1.41344
1.4134
1.41337
1.41334
1.41332
1.4133
1.41328
1.41326
1.41325
1.41324
1.41323
1.41322
1.41322
1.41321
1.4132
1.4132
1.41319
1.41318
1.41317
1.41316
1.41315
1.41313
1.41311
1.41309
1.41307
1.41304
1.41301
1.41297
1.41293
1.41289
1.41284
1.41279
1.41273
1.41266
1.41259
1.41252
1.41243
1.41234
1.41225
1.41215
1.41204
1.41192
1.4118
1.41167
1.41153
1.41138
1.41122
1.41106
1.41089
1.41071
1.41052
1.41032
1.41011
1.40989
1.40967
1.40943
1.40918
1.40892
1.40865
1.40836
1.40807
1.40776
1.40744
1.40711
1.40676
1.40639
1.40601
1.40562
1.4052
1.40477
1.40432
1.40385
1.40336
1.40285
1.40231
1.40175
1.40117
1.40055
1.39991
1.39925
1.39854
1.39781
1.39705
1.39624
1.3954
1.39453
1.39361
1.39265
1.39165
1.3906
1.38951
1.38836
1.38717
1.38593
1.38464
1.38329
1.3819
1.38044
1.37894
1.37738
1.37576
1.37409
1.37237
1.3706
1.36877
1.3669
1.36498
1.36302
1.36102
1.35899
1.35692
1.35483
1.35271
1.35059
1.34845
1.34632
1.34419
1.34208
1.33999
1.33793
1.33592
1.33396
1.33207
1.33024
1.3285
1.32685
1.3253
1.32386
1.32255
1.32135
1.32029
1.31938
1.3186
1.31798
1.31751
1.3172
1.31704
1.31705
1.31721
1.31752
1.31799
1.31861
1.31938
1.32028
1.32131
1.32246
1.32374
1.32511
1.32659
1.32814
1.32978
1.33148
1.33324
1.33504
1.33688
1.33874
1.34062
1.34251
1.34439
1.34625
1.3481
1.34992
1.3517
1.35343
1.35512
1.35675
1.35832
1.35982
1.36125
1.3626
1.36387
1.36506
1.36616
1.36717
1.36808
1.43132
1.43123
1.43113
1.43102
1.4309
1.43076
1.43062
1.43046
1.43029
1.43011
1.42992
1.42971
1.4295
1.42928
1.42905
1.42881
1.42856
1.42831
1.42805
1.42778
1.42751
1.42723
1.42695
1.42666
1.42637
1.42608
1.42578
1.42549
1.42519
1.42489
1.4246
1.4243
1.42401
1.42371
1.42342
1.42314
1.42285
1.42257
1.42229
1.42202
1.42176
1.42149
1.42124
1.42099
1.42074
1.4205
1.42027
1.42004
1.41982
1.41961
1.4194
1.4192
1.419
1.41882
1.41863
1.41846
1.41829
1.41813
1.41797
1.41782
1.41767
1.41753
1.41739
1.41726
1.41713
1.41701
1.41689
1.41677
1.41666
1.41655
1.41644
1.41633
1.41623
1.41612
1.41602
1.41592
1.41582
1.41571
1.41561
1.41551
1.4154
1.41529
1.41518
1.41507
1.41495
1.41484
1.41471
1.41459
1.41446
1.41432
1.41418
1.41404
1.41388
1.41373
1.41356
1.41339
1.41322
1.41304
1.41285
1.41265
1.41244
1.41223
1.41201
1.41178
1.41154
1.41129
1.41103
1.41076
1.41049
1.4102
1.40991
1.4096
1.40928
1.40896
1.40862
1.40827
1.40791
1.40754
1.40715
1.40675
1.40634
1.40592
1.40548
1.40503
1.40457
1.40409
1.4036
1.40309
1.40256
1.40202
1.40146
1.40088
1.40029
1.39967
1.39904
1.39838
1.3977
1.397
1.39628
1.39553
1.39475
1.39395
1.39312
1.39227
1.39138
1.39046
1.38952
1.38853
1.38752
1.38646
1.38537
1.38425
1.38308
1.38187
1.38063
1.37934
1.378
1.37663
1.3752
1.37374
1.37223
1.37067
1.36907
1.36742
1.36573
1.36399
1.36221
1.36039
1.35853
1.35663
1.3547
1.35273
1.35074
1.34872
1.34668
1.34462
1.34255
1.34048
1.33841
1.33635
1.3343
1.33227
1.33027
1.32831
1.32639
1.32453
1.32273
1.321
1.31936
1.3178
1.31634
1.31498
1.31374
1.31262
1.31163
1.31077
1.31004
1.30946
1.30903
1.30874
1.3086
1.30861
1.30877
1.30909
1.30955
1.31015
1.31089
1.31177
1.31278
1.31391
1.31516
1.31652
1.31797
1.31952
1.32114
1.32284
1.3246
1.32642
1.32828
1.33017
1.33208
1.33401
1.33595
1.33788
1.3398
1.3417
1.34358
1.34542
1.34721
1.34896
1.35066
1.35229
1.35386
1.35536
1.35678
1.35812
1.35938
1.36055
1.36164
1.36262
1.43833
1.43823
1.43813
1.43801
1.43788
1.43774
1.43758
1.43741
1.43722
1.43702
1.43681
1.43659
1.43635
1.43611
1.43585
1.43558
1.4353
1.43502
1.43472
1.43442
1.43411
1.43379
1.43346
1.43314
1.4328
1.43246
1.43212
1.43178
1.43143
1.43109
1.43074
1.43039
1.43004
1.42969
1.42934
1.429
1.42866
1.42831
1.42798
1.42764
1.42731
1.42699
1.42666
1.42635
1.42603
1.42573
1.42542
1.42513
1.42484
1.42455
1.42427
1.424
1.42373
1.42346
1.4232
1.42295
1.4227
1.42246
1.42222
1.42199
1.42176
1.42154
1.42132
1.4211
1.42089
1.42068
1.42047
1.42026
1.42006
1.41986
1.41966
1.41946
1.41926
1.41906
1.41886
1.41866
1.41846
1.41826
1.41805
1.41785
1.41764
1.41743
1.41721
1.41699
1.41677
1.41654
1.4163
1.41607
1.41582
1.41557
1.41531
1.41505
1.41478
1.4145
1.41421
1.41392
1.41362
1.4133
1.41298
1.41265
1.41232
1.41197
1.41161
1.41124
1.41086
1.41047
1.41007
1.40966
1.40923
1.4088
1.40835
1.40789
1.40741
1.40693
1.40643
1.40592
1.40539
1.40485
1.4043
1.40373
1.40315
1.40255
1.40194
1.40131
1.40067
1.4
1.39932
1.39863
1.39791
1.39718
1.39643
1.39565
1.39486
1.39405
1.39321
1.39235
1.39147
1.39057
1.38964
1.38869
1.38771
1.3867
1.38566
1.3846
1.38351
1.38239
1.38123
1.38005
1.37883
1.37757
1.37629
1.37496
1.37361
1.37221
1.37078
1.36931
1.3678
1.36626
1.36467
1.36305
1.36139
1.35969
1.35796
1.35619
1.35438
1.35254
1.35067
1.34876
1.34683
1.34488
1.3429
1.3409
1.33888
1.33686
1.33483
1.33279
1.33076
1.32874
1.32673
1.32474
1.32278
1.32085
1.31897
1.31713
1.31535
1.31364
1.31199
1.31043
1.30896
1.30758
1.3063
1.30513
1.30408
1.30314
1.30234
1.30166
1.30113
1.30073
1.30047
1.30035
1.30038
1.30055
1.30087
1.30132
1.30192
1.30265
1.30351
1.3045
1.30561
1.30684
1.30817
1.30961
1.31113
1.31275
1.31443
1.31619
1.318
1.31987
1.32177
1.3237
1.32566
1.32763
1.32961
1.33158
1.33354
1.33549
1.3374
1.33928
1.34112
1.34292
1.34466
1.34634
1.34795
1.3495
1.35097
1.35237
1.35368
1.3549
1.35604
1.35708
1.44556
1.44546
1.44535
1.44523
1.44509
1.44494
1.44477
1.44458
1.44438
1.44416
1.44393
1.44368
1.44342
1.44315
1.44286
1.44256
1.44225
1.44193
1.4416
1.44126
1.44091
1.44055
1.44019
1.43982
1.43944
1.43905
1.43866
1.43827
1.43787
1.43747
1.43707
1.43667
1.43626
1.43586
1.43545
1.43504
1.43464
1.43424
1.43384
1.43344
1.43304
1.43265
1.43226
1.43187
1.43149
1.43111
1.43074
1.43037
1.43
1.42964
1.42929
1.42893
1.42859
1.42825
1.42791
1.42757
1.42725
1.42692
1.4266
1.42628
1.42597
1.42566
1.42535
1.42504
1.42474
1.42444
1.42414
1.42384
1.42355
1.42325
1.42296
1.42266
1.42236
1.42207
1.42177
1.42146
1.42116
1.42086
1.42055
1.42023
1.41992
1.4196
1.41927
1.41894
1.4186
1.41826
1.41791
1.41756
1.41719
1.41682
1.41644
1.41606
1.41566
1.41526
1.41484
1.41442
1.41399
1.41355
1.41309
1.41263
1.41215
1.41166
1.41117
1.41065
1.41013
1.4096
1.40905
1.40849
1.40791
1.40732
1.40672
1.40611
1.40547
1.40483
1.40417
1.40349
1.4028
1.4021
1.40137
1.40064
1.39988
1.39911
1.39832
1.39751
1.39668
1.39584
1.39498
1.3941
1.39319
1.39227
1.39133
1.39037
1.38938
1.38837
1.38735
1.38629
1.38522
1.38411
1.38299
1.38184
1.38066
1.37946
1.37822
1.37696
1.37568
1.37436
1.37301
1.37164
1.37023
1.36879
1.36732
1.36582
1.36428
1.36271
1.36111
1.35948
1.35782
1.35612
1.35439
1.35263
1.35084
1.34902
1.34717
1.34529
1.34339
1.34146
1.33951
1.33754
1.33556
1.33356
1.33155
1.32953
1.32751
1.32549
1.32348
1.32147
1.31949
1.31752
1.31558
1.31367
1.31181
1.30998
1.30821
1.3065
1.30486
1.30329
1.3018
1.3004
1.29909
1.29788
1.29677
1.29578
1.2949
1.29415
1.29352
1.29303
1.29266
1.29243
1.29234
1.29238
1.29257
1.29289
1.29334
1.29393
1.29465
1.2955
1.29647
1.29757
1.29877
1.30008
1.30149
1.303
1.30459
1.30626
1.30801
1.30981
1.31167
1.31357
1.31551
1.31748
1.31947
1.32147
1.32348
1.32548
1.32747
1.32943
1.33138
1.33329
1.33515
1.33698
1.33874
1.34046
1.3421
1.34368
1.34518
1.34661
1.34796
1.34922
1.35039
1.35146
1.45299
1.45289
1.45278
1.45265
1.45251
1.45234
1.45216
1.45196
1.45174
1.4515
1.45125
1.45098
1.45069
1.45039
1.45008
1.44975
1.44941
1.44905
1.44868
1.4483
1.44791
1.44751
1.44711
1.44669
1.44626
1.44583
1.44539
1.44495
1.4445
1.44404
1.44358
1.44312
1.44266
1.44219
1.44173
1.44126
1.44079
1.44032
1.43986
1.43939
1.43893
1.43847
1.43801
1.43755
1.43709
1.43664
1.43619
1.43575
1.43531
1.43487
1.43443
1.434
1.43358
1.43315
1.43273
1.43232
1.4319
1.43149
1.43109
1.43068
1.43028
1.42988
1.42948
1.42908
1.42869
1.4283
1.4279
1.42751
1.42712
1.42672
1.42633
1.42593
1.42553
1.42513
1.42473
1.42432
1.42391
1.4235
1.42308
1.42266
1.42223
1.4218
1.42136
1.42092
1.42046
1.42
1.41954
1.41906
1.41858
1.41808
1.41758
1.41707
1.41655
1.41601
1.41547
1.41491
1.41435
1.41377
1.41318
1.41258
1.41196
1.41133
1.41069
1.41004
1.40937
1.40869
1.40799
1.40728
1.40655
1.40581
1.40505
1.40428
1.40349
1.40268
1.40186
1.40102
1.40016
1.39929
1.3984
1.39749
1.39656
1.39561
1.39465
1.39366
1.39266
1.39164
1.39059
1.38953
1.38845
1.38734
1.38621
1.38506
1.38389
1.3827
1.38148
1.38024
1.37897
1.37768
1.37637
1.37503
1.37366
1.37227
1.37085
1.36941
1.36794
1.36644
1.36491
1.36335
1.36177
1.36016
1.35852
1.35685
1.35516
1.35343
1.35168
1.3499
1.3481
1.34626
1.34441
1.34253
1.34062
1.33869
1.33675
1.33478
1.3328
1.3308
1.32879
1.32678
1.32475
1.32272
1.3207
1.31867
1.31666
1.31466
1.31267
1.31071
1.30878
1.30687
1.30501
1.30319
1.30142
1.2997
1.29805
1.29646
1.29495
1.29352
1.29218
1.29093
1.28978
1.28873
1.28779
1.28696
1.28625
1.28566
1.2852
1.28487
1.28467
1.28459
1.28465
1.28485
1.28517
1.28563
1.28621
1.28692
1.28776
1.28871
1.28979
1.29097
1.29226
1.29365
1.29513
1.2967
1.29835
1.30007
1.30185
1.3037
1.30559
1.30752
1.30949
1.31148
1.31349
1.31551
1.31753
1.31955
1.32155
1.32354
1.32549
1.32741
1.32929
1.33113
1.33291
1.33464
1.3363
1.33789
1.33941
1.34085
1.34222
1.34349
1.34468
1.34577
1.46061
1.46051
1.4604
1.46026
1.46011
1.45993
1.45973
1.45952
1.45928
1.45902
1.45875
1.45846
1.45815
1.45782
1.45747
1.45711
1.45673
1.45634
1.45594
1.45552
1.45509
1.45465
1.45419
1.45373
1.45326
1.45277
1.45228
1.45179
1.45128
1.45077
1.45026
1.44974
1.44922
1.44869
1.44816
1.44763
1.44709
1.44656
1.44603
1.44549
1.44496
1.44442
1.44389
1.44336
1.44283
1.44231
1.44178
1.44126
1.44074
1.44022
1.4397
1.43919
1.43868
1.43817
1.43767
1.43717
1.43667
1.43617
1.43567
1.43518
1.43468
1.43419
1.4337
1.43321
1.43272
1.43223
1.43174
1.43125
1.43075
1.43026
1.42976
1.42926
1.42876
1.42826
1.42775
1.42723
1.42672
1.42619
1.42566
1.42513
1.42459
1.42404
1.42349
1.42292
1.42235
1.42177
1.42118
1.42058
1.41997
1.41936
1.41873
1.41809
1.41743
1.41677
1.41609
1.4154
1.4147
1.41399
1.41326
1.41252
1.41176
1.41099
1.4102
1.4094
1.40859
1.40776
1.40691
1.40604
1.40516
1.40427
1.40335
1.40242
1.40147
1.4005
1.39952
1.39852
1.39749
1.39645
1.3954
1.39432
1.39322
1.3921
1.39096
1.38981
1.38863
1.38743
1.38621
1.38497
1.3837
1.38242
1.38111
1.37978
1.37843
1.37705
1.37565
1.37423
1.37278
1.37131
1.36982
1.3683
1.36676
1.36519
1.36359
1.36198
1.36033
1.35866
1.35697
1.35525
1.3535
1.35174
1.34994
1.34812
1.34628
1.34442
1.34253
1.34062
1.33869
1.33674
1.33477
1.33278
1.33078
1.32877
1.32674
1.3247
1.32266
1.32061
1.31855
1.3165
1.31445
1.31241
1.31038
1.30836
1.30637
1.30439
1.30245
1.30053
1.29866
1.29682
1.29504
1.29331
1.29163
1.29003
1.28849
1.28703
1.28565
1.28435
1.28315
1.28205
1.28104
1.28015
1.27936
1.27869
1.27814
1.2777
1.2774
1.27721
1.27716
1.27723
1.27743
1.27775
1.27821
1.27878
1.27949
1.28031
1.28124
1.28229
1.28345
1.28471
1.28608
1.28753
1.28907
1.29069
1.29238
1.29414
1.29596
1.29784
1.29975
1.30171
1.30369
1.3057
1.30772
1.30974
1.31177
1.31379
1.31579
1.31778
1.31973
1.32166
1.32354
1.32537
1.32715
1.32888
1.33054
1.33213
1.33365
1.33509
1.33645
1.33773
1.33892
1.34001
1.4684
1.46829
1.46818
1.46803
1.46787
1.46768
1.46747
1.46724
1.46699
1.46671
1.46641
1.46609
1.46576
1.4654
1.46503
1.46463
1.46422
1.46379
1.46335
1.46289
1.46242
1.46193
1.46143
1.46092
1.4604
1.45987
1.45933
1.45877
1.45821
1.45765
1.45707
1.45649
1.45591
1.45532
1.45473
1.45413
1.45353
1.45293
1.45232
1.45172
1.45111
1.45051
1.4499
1.44929
1.44869
1.44808
1.44748
1.44688
1.44628
1.44568
1.44508
1.44448
1.44389
1.44329
1.4427
1.44211
1.44152
1.44093
1.44035
1.43976
1.43917
1.43859
1.438
1.43741
1.43683
1.43624
1.43565
1.43505
1.43446
1.43386
1.43326
1.43266
1.43205
1.43143
1.43082
1.43019
1.42956
1.42893
1.42829
1.42764
1.42698
1.42631
1.42564
1.42496
1.42426
1.42356
1.42285
1.42213
1.42139
1.42064
1.41989
1.41911
1.41833
1.41753
1.41672
1.4159
1.41506
1.41421
1.41334
1.41245
1.41156
1.41064
1.40971
1.40876
1.4078
1.40682
1.40582
1.4048
1.40377
1.40271
1.40164
1.40056
1.39945
1.39832
1.39718
1.39601
1.39482
1.39362
1.39239
1.39115
1.38988
1.3886
1.38729
1.38596
1.38461
1.38324
1.38185
1.38043
1.379
1.37754
1.37606
1.37455
1.37303
1.37148
1.36991
1.36831
1.36669
1.36505
1.36339
1.3617
1.35999
1.35825
1.3565
1.35471
1.35291
1.35108
1.34924
1.34737
1.34547
1.34356
1.34163
1.33967
1.3377
1.33571
1.3337
1.33168
1.32964
1.32759
1.32552
1.32345
1.32137
1.31928
1.31719
1.31509
1.313
1.31091
1.30883
1.30675
1.30469
1.30265
1.30063
1.29863
1.29666
1.29472
1.29282
1.29096
1.28915
1.2874
1.28569
1.28405
1.28248
1.28098
1.27956
1.27821
1.27696
1.2758
1.27473
1.27376
1.2729
1.27215
1.2715
1.27098
1.27057
1.27028
1.27011
1.27006
1.27014
1.27034
1.27066
1.27111
1.27168
1.27236
1.27317
1.27408
1.27511
1.27624
1.27747
1.2788
1.28022
1.28173
1.28331
1.28497
1.2867
1.28849
1.29033
1.29222
1.29415
1.29612
1.29811
1.30011
1.30213
1.30415
1.30618
1.30819
1.31018
1.31215
1.3141
1.31601
1.31787
1.31969
1.32146
1.32317
1.32481
1.32639
1.3279
1.32933
1.33067
1.33194
1.33311
1.33419
1.47632
1.47621
1.47609
1.47594
1.47577
1.47557
1.47535
1.4751
1.47483
1.47453
1.47421
1.47387
1.4735
1.47312
1.47271
1.47229
1.47184
1.47138
1.47089
1.47039
1.46988
1.46935
1.4688
1.46824
1.46767
1.46709
1.46649
1.46588
1.46527
1.46464
1.46401
1.46337
1.46272
1.46207
1.46141
1.46074
1.46008
1.4594
1.45873
1.45805
1.45737
1.45669
1.45601
1.45533
1.45465
1.45396
1.45328
1.45259
1.45191
1.45123
1.45054
1.44986
1.44918
1.4485
1.44782
1.44714
1.44646
1.44578
1.4451
1.44441
1.44373
1.44305
1.44237
1.44168
1.44099
1.4403
1.43961
1.43891
1.43822
1.43751
1.43681
1.43609
1.43538
1.43465
1.43393
1.43319
1.43245
1.4317
1.43094
1.43017
1.4294
1.42862
1.42782
1.42702
1.4262
1.42537
1.42454
1.42369
1.42282
1.42195
1.42106
1.42016
1.41924
1.41831
1.41736
1.4164
1.41542
1.41443
1.41342
1.4124
1.41136
1.4103
1.40922
1.40813
1.40701
1.40588
1.40473
1.40357
1.40238
1.40117
1.39995
1.3987
1.39744
1.39615
1.39485
1.39352
1.39218
1.39081
1.38942
1.38801
1.38658
1.38513
1.38366
1.38216
1.38065
1.37911
1.37755
1.37597
1.37437
1.37274
1.37109
1.36942
1.36773
1.36601
1.36428
1.36252
1.36074
1.35893
1.35711
1.35526
1.35339
1.35151
1.3496
1.34767
1.34571
1.34374
1.34176
1.33975
1.33772
1.33568
1.33362
1.33155
1.32946
1.32736
1.32524
1.32312
1.32099
1.31885
1.31671
1.31456
1.31241
1.31027
1.30812
1.30599
1.30386
1.30174
1.29964
1.29756
1.2955
1.29347
1.29146
1.28949
1.28756
1.28567
1.28382
1.28203
1.28029
1.27861
1.27699
1.27544
1.27397
1.27257
1.27126
1.27003
1.2689
1.26786
1.26692
1.26608
1.26535
1.26473
1.26422
1.26383
1.26355
1.26339
1.26334
1.26342
1.26362
1.26393
1.26437
1.26492
1.26558
1.26636
1.26725
1.26825
1.26935
1.27055
1.27184
1.27322
1.27469
1.27624
1.27786
1.27955
1.2813
1.2831
1.28496
1.28685
1.28878
1.29075
1.29273
1.29473
1.29673
1.29874
1.30074
1.30273
1.30471
1.30666
1.30858
1.31046
1.3123
1.31409
1.31583
1.31751
1.31913
1.32068
1.32216
1.32356
1.32488
1.32612
1.32726
1.32831
1.48436
1.48425
1.48412
1.48396
1.48378
1.48357
1.48333
1.48307
1.48278
1.48246
1.48212
1.48175
1.48136
1.48094
1.48051
1.48005
1.47956
1.47906
1.47854
1.478
1.47744
1.47686
1.47627
1.47566
1.47504
1.4744
1.47375
1.47309
1.47242
1.47173
1.47104
1.47034
1.46962
1.46891
1.46818
1.46745
1.46671
1.46597
1.46522
1.46447
1.46372
1.46296
1.4622
1.46144
1.46068
1.45992
1.45915
1.45838
1.45762
1.45685
1.45608
1.45531
1.45454
1.45377
1.453
1.45222
1.45145
1.45068
1.4499
1.44913
1.44835
1.44757
1.44678
1.446
1.44521
1.44442
1.44362
1.44282
1.44202
1.44121
1.44039
1.43957
1.43874
1.43791
1.43707
1.43622
1.43536
1.4345
1.43362
1.43274
1.43185
1.43094
1.43003
1.4291
1.42816
1.42721
1.42624
1.42527
1.42427
1.42327
1.42225
1.42121
1.42016
1.4191
1.41802
1.41692
1.4158
1.41467
1.41352
1.41236
1.41117
1.40997
1.40875
1.40751
1.40625
1.40497
1.40367
1.40235
1.40101
1.39965
1.39827
1.39688
1.39546
1.39402
1.39255
1.39107
1.38957
1.38804
1.3865
1.38493
1.38334
1.38173
1.38009
1.37844
1.37676
1.37506
1.37334
1.3716
1.36984
1.36805
1.36624
1.36442
1.36257
1.36069
1.3588
1.35689
1.35495
1.353
1.35103
1.34903
1.34702
1.34499
1.34294
1.34087
1.33878
1.33668
1.33457
1.33243
1.33029
1.32813
1.32596
1.32378
1.32159
1.3194
1.31719
1.31499
1.31278
1.31057
1.30836
1.30615
1.30395
1.30176
1.29958
1.29742
1.29527
1.29314
1.29104
1.28896
1.28691
1.2849
1.28292
1.28098
1.27909
1.27725
1.27547
1.27374
1.27207
1.27047
1.26894
1.26748
1.26611
1.26482
1.26361
1.26249
1.26147
1.26055
1.25973
1.25901
1.25841
1.2579
1.25752
1.25724
1.25708
1.25703
1.2571
1.25729
1.25759
1.25801
1.25854
1.25918
1.25993
1.26078
1.26175
1.26281
1.26397
1.26522
1.26656
1.26798
1.26948
1.27105
1.2727
1.2744
1.27616
1.27797
1.27983
1.28172
1.28364
1.28559
1.28755
1.28953
1.29151
1.2935
1.29547
1.29743
1.29937
1.30129
1.30317
1.30501
1.30682
1.30857
1.31027
1.31191
1.31349
1.315
1.31644
1.3178
1.31908
1.32028
1.32138
1.3224
1.49247
1.49236
1.49223
1.49207
1.49187
1.49165
1.4914
1.49112
1.49081
1.49047
1.49011
1.48971
1.48929
1.48885
1.48838
1.48789
1.48737
1.48683
1.48627
1.48568
1.48508
1.48446
1.48382
1.48316
1.48248
1.48179
1.48109
1.48037
1.47964
1.47889
1.47814
1.47737
1.4766
1.47581
1.47502
1.47422
1.47341
1.4726
1.47178
1.47095
1.47013
1.46929
1.46846
1.46762
1.46677
1.46593
1.46508
1.46423
1.46338
1.46252
1.46166
1.46081
1.45995
1.45909
1.45822
1.45736
1.45649
1.45562
1.45475
1.45388
1.453
1.45212
1.45124
1.45035
1.44946
1.44856
1.44766
1.44676
1.44585
1.44493
1.44401
1.44308
1.44214
1.44119
1.44024
1.43928
1.43831
1.43732
1.43633
1.43533
1.43431
1.43329
1.43225
1.4312
1.43014
1.42906
1.42797
1.42686
1.42574
1.42461
1.42346
1.42229
1.42111
1.41991
1.41869
1.41745
1.4162
1.41493
1.41364
1.41233
1.41101
1.40966
1.4083
1.40691
1.40551
1.40408
1.40263
1.40117
1.39968
1.39817
1.39664
1.39509
1.39352
1.39193
1.39032
1.38868
1.38702
1.38534
1.38364
1.38192
1.38018
1.37841
1.37662
1.37481
1.37298
1.37113
1.36925
1.36736
1.36544
1.36351
1.36155
1.35957
1.35757
1.35555
1.35351
1.35146
1.34938
1.34728
1.34517
1.34304
1.3409
1.33873
1.33655
1.33436
1.33216
1.32994
1.32771
1.32546
1.32321
1.32095
1.31869
1.31641
1.31414
1.31186
1.30958
1.30731
1.30503
1.30277
1.30051
1.29826
1.29602
1.2938
1.2916
1.28942
1.28726
1.28513
1.28303
1.28096
1.27894
1.27695
1.27501
1.27312
1.27127
1.26949
1.26777
1.26611
1.26451
1.26299
1.26155
1.26019
1.25891
1.25771
1.25661
1.2556
1.25469
1.25387
1.25316
1.25256
1.25206
1.25167
1.25139
1.25122
1.25116
1.25122
1.25139
1.25167
1.25206
1.25256
1.25317
1.25388
1.2547
1.25562
1.25664
1.25776
1.25896
1.26025
1.26162
1.26307
1.26459
1.26618
1.26783
1.26954
1.2713
1.2731
1.27494
1.27682
1.27872
1.28065
1.28258
1.28453
1.28648
1.28842
1.29036
1.29227
1.29417
1.29604
1.29788
1.29968
1.30143
1.30313
1.30479
1.30638
1.3079
1.30936
1.31075
1.31206
1.31329
1.31443
1.31549
1.31645
1.50064
1.50053
1.50039
1.50022
1.50002
1.49979
1.49952
1.49922
1.49889
1.49854
1.49815
1.49773
1.49728
1.49681
1.4963
1.49578
1.49522
1.49464
1.49404
1.49341
1.49277
1.4921
1.49141
1.4907
1.48998
1.48923
1.48847
1.4877
1.4869
1.4861
1.48528
1.48445
1.48361
1.48276
1.4819
1.48103
1.48015
1.47927
1.47838
1.47748
1.47657
1.47566
1.47474
1.47382
1.4729
1.47197
1.47104
1.47011
1.46917
1.46823
1.46728
1.46634
1.46539
1.46443
1.46348
1.46252
1.46156
1.46059
1.45963
1.45866
1.45768
1.4567
1.45572
1.45473
1.45373
1.45273
1.45173
1.45072
1.4497
1.44867
1.44764
1.4466
1.44555
1.44449
1.44343
1.44235
1.44126
1.44016
1.43905
1.43793
1.4368
1.43565
1.43449
1.43332
1.43213
1.43093
1.42971
1.42848
1.42723
1.42596
1.42468
1.42338
1.42207
1.42073
1.41938
1.41801
1.41662
1.41521
1.41379
1.41234
1.41087
1.40939
1.40788
1.40635
1.4048
1.40324
1.40164
1.40003
1.3984
1.39675
1.39507
1.39337
1.39165
1.38991
1.38815
1.38637
1.38456
1.38273
1.38088
1.37901
1.37712
1.3752
1.37327
1.37131
1.36933
1.36733
1.36531
1.36327
1.36121
1.35913
1.35703
1.35491
1.35277
1.35062
1.34844
1.34625
1.34405
1.34182
1.33958
1.33733
1.33506
1.33278
1.33048
1.32818
1.32586
1.32354
1.32121
1.31887
1.31653
1.31418
1.31183
1.30948
1.30713
1.30479
1.30245
1.30012
1.29779
1.29548
1.29318
1.2909
1.28864
1.2864
1.28419
1.282
1.27985
1.27773
1.27564
1.2736
1.2716
1.26965
1.26775
1.2659
1.26412
1.26239
1.26073
1.25914
1.25763
1.25619
1.25483
1.25355
1.25236
1.25126
1.25026
1.24935
1.24853
1.24782
1.24721
1.24671
1.24631
1.24601
1.24583
1.24576
1.24579
1.24593
1.24619
1.24655
1.24701
1.24759
1.24826
1.24904
1.24991
1.25088
1.25194
1.25309
1.25433
1.25564
1.25703
1.2585
1.26003
1.26162
1.26327
1.26497
1.26671
1.2685
1.27031
1.27216
1.27403
1.27592
1.27782
1.27972
1.28163
1.28352
1.28541
1.28728
1.28912
1.29093
1.29271
1.29445
1.29615
1.29779
1.29938
1.30092
1.30238
1.30378
1.30511
1.30636
1.30752
1.30861
1.3096
1.31051
1.50884
1.50872
1.50858
1.5084
1.50819
1.50794
1.50766
1.50735
1.507
1.50662
1.50621
1.50577
1.50529
1.50479
1.50425
1.50369
1.5031
1.50248
1.50184
1.50117
1.50048
1.49976
1.49902
1.49827
1.49749
1.49669
1.49587
1.49504
1.49419
1.49333
1.49245
1.49155
1.49065
1.48973
1.4888
1.48786
1.48691
1.48595
1.48499
1.48401
1.48303
1.48204
1.48105
1.48005
1.47904
1.47803
1.47702
1.476
1.47497
1.47394
1.47291
1.47188
1.47084
1.46979
1.46874
1.46769
1.46664
1.46558
1.46451
1.46344
1.46237
1.46129
1.4602
1.45911
1.45802
1.45691
1.4558
1.45468
1.45356
1.45243
1.45128
1.45013
1.44897
1.4478
1.44662
1.44543
1.44423
1.44301
1.44178
1.44054
1.43929
1.43802
1.43674
1.43544
1.43413
1.43281
1.43146
1.4301
1.42873
1.42733
1.42592
1.4245
1.42305
1.42158
1.4201
1.41859
1.41707
1.41553
1.41396
1.41238
1.41078
1.40915
1.40751
1.40584
1.40415
1.40244
1.40071
1.39896
1.39718
1.39539
1.39357
1.39173
1.38986
1.38798
1.38607
1.38415
1.3822
1.38023
1.37823
1.37622
1.37419
1.37213
1.37005
1.36796
1.36584
1.3637
1.36154
1.35937
1.35717
1.35496
1.35272
1.35047
1.34821
1.34592
1.34363
1.34131
1.33898
1.33664
1.33429
1.33192
1.32954
1.32715
1.32476
1.32235
1.31994
1.31753
1.31511
1.31269
1.31027
1.30785
1.30543
1.30301
1.30061
1.29821
1.29582
1.29344
1.29108
1.28874
1.28642
1.28412
1.28184
1.2796
1.27738
1.2752
1.27306
1.27095
1.26889
1.26688
1.26491
1.263
1.26115
1.25936
1.25763
1.25597
1.25437
1.25286
1.25142
1.25005
1.24878
1.24759
1.24648
1.24547
1.24456
1.24374
1.24302
1.24239
1.24188
1.24146
1.24115
1.24095
1.24085
1.24085
1.24097
1.24119
1.24151
1.24194
1.24246
1.24309
1.24382
1.24464
1.24556
1.24656
1.24765
1.24883
1.25008
1.2514
1.2528
1.25427
1.25579
1.25737
1.259
1.26068
1.2624
1.26416
1.26594
1.26775
1.26958
1.27143
1.27328
1.27513
1.27698
1.27882
1.28064
1.28245
1.28423
1.28598
1.28769
1.28936
1.29099
1.29257
1.29409
1.29555
1.29695
1.29828
1.29953
1.30071
1.30181
1.30282
1.30375
1.30458
1.51702
1.5169
1.51676
1.51657
1.51635
1.51609
1.5158
1.51547
1.5151
1.5147
1.51427
1.5138
1.51329
1.51276
1.51219
1.51159
1.51097
1.51031
1.50963
1.50892
1.50818
1.50742
1.50663
1.50582
1.50499
1.50414
1.50327
1.50238
1.50147
1.50055
1.4996
1.49865
1.49768
1.49669
1.49569
1.49468
1.49366
1.49263
1.49159
1.49054
1.48948
1.48842
1.48735
1.48626
1.48518
1.48408
1.48299
1.48188
1.48077
1.47965
1.47853
1.47741
1.47628
1.47514
1.474
1.47286
1.47171
1.47055
1.46939
1.46822
1.46705
1.46587
1.46468
1.46349
1.46229
1.46108
1.45987
1.45864
1.45741
1.45617
1.45492
1.45366
1.45239
1.4511
1.44981
1.44851
1.44719
1.44586
1.44451
1.44315
1.44178
1.4404
1.43899
1.43758
1.43614
1.43469
1.43323
1.43174
1.43024
1.42872
1.42718
1.42563
1.42405
1.42245
1.42084
1.4192
1.41755
1.41587
1.41418
1.41246
1.41072
1.40896
1.40718
1.40538
1.40355
1.40171
1.39984
1.39795
1.39604
1.3941
1.39215
1.39017
1.38817
1.38615
1.3841
1.38204
1.37995
1.37785
1.37572
1.37357
1.3714
1.36921
1.367
1.36477
1.36252
1.36025
1.35797
1.35566
1.35334
1.351
1.34865
1.34628
1.3439
1.3415
1.33908
1.33666
1.33422
1.33177
1.32931
1.32685
1.32437
1.32189
1.31941
1.31692
1.31442
1.31193
1.30944
1.30694
1.30446
1.30198
1.2995
1.29704
1.29458
1.29214
1.28972
1.28731
1.28493
1.28256
1.28023
1.27792
1.27564
1.2734
1.27119
1.26902
1.2669
1.26482
1.26279
1.26081
1.25889
1.25703
1.25523
1.25349
1.25182
1.25022
1.2487
1.24725
1.24588
1.2446
1.2434
1.24229
1.24127
1.24034
1.23951
1.23877
1.23813
1.23759
1.23716
1.23682
1.23659
1.23646
1.23643
1.23651
1.23669
1.23697
1.23735
1.23783
1.23841
1.23908
1.23984
1.2407
1.24164
1.24267
1.24377
1.24496
1.24621
1.24754
1.24893
1.25038
1.25189
1.25345
1.25506
1.25671
1.25839
1.2601
1.26185
1.26361
1.26539
1.26717
1.26896
1.27076
1.27254
1.27432
1.27607
1.27781
1.27952
1.28119
1.28283
1.28443
1.28598
1.28748
1.28892
1.29031
1.29163
1.29288
1.29406
1.29516
1.29618
1.29711
1.29796
1.29872
1.52517
1.52505
1.5249
1.52471
1.52448
1.52421
1.5239
1.52355
1.52317
1.52274
1.52229
1.52179
1.52126
1.52069
1.5201
1.51946
1.5188
1.51811
1.51738
1.51663
1.51585
1.51504
1.51421
1.51335
1.51246
1.51156
1.51063
1.50968
1.50872
1.50773
1.50673
1.50571
1.50467
1.50362
1.50255
1.50147
1.50038
1.49928
1.49817
1.49704
1.49591
1.49476
1.49361
1.49245
1.49128
1.49011
1.48892
1.48773
1.48654
1.48534
1.48413
1.48291
1.48169
1.48047
1.47923
1.47799
1.47675
1.4755
1.47424
1.47297
1.4717
1.47042
1.46914
1.46784
1.46654
1.46523
1.46391
1.46258
1.46125
1.4599
1.45854
1.45717
1.45579
1.45439
1.45299
1.45157
1.45014
1.44869
1.44724
1.44576
1.44427
1.44277
1.44125
1.43971
1.43816
1.43659
1.435
1.43339
1.43176
1.43012
1.42846
1.42677
1.42507
1.42335
1.42161
1.41984
1.41806
1.41626
1.41443
1.41258
1.41071
1.40882
1.40691
1.40497
1.40302
1.40104
1.39904
1.39702
1.39497
1.39291
1.39082
1.38871
1.38658
1.38443
1.38225
1.38006
1.37784
1.37561
1.37335
1.37107
1.36878
1.36646
1.36413
1.36177
1.3594
1.35702
1.35461
1.35219
1.34975
1.3473
1.34483
1.34235
1.33986
1.33736
1.33484
1.33232
1.32978
1.32724
1.32469
1.32214
1.31958
1.31702
1.31445
1.31189
1.30933
1.30677
1.30421
1.30166
1.29912
1.29659
1.29408
1.29157
1.28909
1.28662
1.28417
1.28174
1.27935
1.27697
1.27463
1.27233
1.27006
1.26783
1.26564
1.26349
1.2614
1.25935
1.25736
1.25542
1.25354
1.25173
1.24998
1.2483
1.24669
1.24516
1.2437
1.24232
1.24103
1.23982
1.23869
1.23766
1.23671
1.23586
1.23511
1.23445
1.23388
1.23342
1.23306
1.23279
1.23263
1.23256
1.23259
1.23273
1.23296
1.23329
1.23371
1.23423
1.23485
1.23555
1.23634
1.23721
1.23817
1.2392
1.24032
1.2415
1.24275
1.24406
1.24544
1.24687
1.24835
1.24987
1.25144
1.25305
1.25469
1.25635
1.25804
1.25975
1.26146
1.26319
1.26491
1.26663
1.26835
1.27005
1.27173
1.27339
1.27501
1.27661
1.27817
1.27968
1.28115
1.28256
1.28392
1.28522
1.28646
1.28762
1.28871
1.28973
1.29067
1.29152
1.29229
1.29296
1.53325
1.53313
1.53297
1.53278
1.53254
1.53226
1.53193
1.53157
1.53117
1.53072
1.53024
1.52972
1.52916
1.52857
1.52794
1.52727
1.52657
1.52584
1.52507
1.52428
1.52345
1.5226
1.52172
1.52081
1.51987
1.51891
1.51793
1.51693
1.5159
1.51486
1.51379
1.51271
1.51161
1.51049
1.50936
1.50821
1.50705
1.50587
1.50468
1.50348
1.50227
1.50105
1.49982
1.49858
1.49734
1.49608
1.49481
1.49354
1.49226
1.49097
1.48967
1.48837
1.48706
1.48574
1.48442
1.48309
1.48175
1.4804
1.47905
1.47769
1.47632
1.47494
1.47356
1.47216
1.47076
1.46935
1.46793
1.46649
1.46505
1.4636
1.46213
1.46065
1.45916
1.45766
1.45615
1.45462
1.45307
1.45152
1.44994
1.44836
1.44675
1.44513
1.44349
1.44184
1.44017
1.43848
1.43677
1.43504
1.4333
1.43153
1.42975
1.42794
1.42611
1.42427
1.4224
1.42051
1.41861
1.41668
1.41472
1.41275
1.41075
1.40874
1.4067
1.40464
1.40256
1.40045
1.39832
1.39617
1.394
1.39181
1.3896
1.38736
1.38511
1.38283
1.38053
1.37822
1.37588
1.37352
1.37114
1.36875
1.36633
1.3639
1.36145
1.35898
1.3565
1.354
1.35149
1.34896
1.34642
1.34386
1.34129
1.33872
1.33613
1.33353
1.33092
1.32831
1.32569
1.32307
1.32044
1.31781
1.31518
1.31255
1.30992
1.30729
1.30468
1.30206
1.29946
1.29687
1.29429
1.29172
1.28917
1.28664
1.28413
1.28165
1.27919
1.27676
1.27435
1.27198
1.26965
1.26736
1.2651
1.26289
1.26073
1.25861
1.25655
1.25454
1.25259
1.2507
1.24887
1.24711
1.24542
1.2438
1.24225
1.24078
1.23939
1.23808
1.23686
1.23571
1.23466
1.2337
1.23282
1.23204
1.23136
1.23077
1.23027
1.22987
1.22957
1.22936
1.22926
1.22924
1.22933
1.22951
1.22978
1.23015
1.23061
1.23116
1.23179
1.23251
1.23332
1.2342
1.23516
1.23619
1.23729
1.23846
1.2397
1.24099
1.24233
1.24373
1.24517
1.24666
1.24818
1.24974
1.25132
1.25293
1.25456
1.25619
1.25784
1.25949
1.26115
1.26279
1.26442
1.26604
1.26764
1.26921
1.27076
1.27226
1.27373
1.27516
1.27654
1.27786
1.27913
1.28034
1.28148
1.28255
1.28356
1.28448
1.28533
1.28609
1.28677
1.28736
1.54124
1.54112
1.54096
1.54075
1.5405
1.54021
1.53987
1.53949
1.53907
1.53861
1.5381
1.53756
1.53697
1.53635
1.53568
1.53498
1.53425
1.53348
1.53267
1.53184
1.53097
1.53007
1.52914
1.52818
1.5272
1.52618
1.52515
1.52409
1.523
1.5219
1.52077
1.51962
1.51846
1.51728
1.51608
1.51486
1.51363
1.51238
1.51112
1.50985
1.50857
1.50727
1.50596
1.50464
1.50331
1.50198
1.50063
1.49927
1.49791
1.49653
1.49515
1.49376
1.49236
1.49096
1.48954
1.48812
1.48669
1.48525
1.4838
1.48235
1.48088
1.47941
1.47792
1.47643
1.47493
1.47342
1.47189
1.47036
1.46881
1.46725
1.46568
1.4641
1.4625
1.46089
1.45927
1.45763
1.45598
1.45431
1.45263
1.45093
1.44921
1.44748
1.44573
1.44396
1.44217
1.44036
1.43854
1.4367
1.43483
1.43295
1.43105
1.42912
1.42718
1.42521
1.42322
1.42122
1.41919
1.41714
1.41506
1.41297
1.41085
1.40871
1.40655
1.40437
1.40217
1.39994
1.39769
1.39543
1.39314
1.39082
1.38849
1.38614
1.38376
1.38137
1.37896
1.37652
1.37407
1.3716
1.36911
1.36661
1.36408
1.36154
1.35899
1.35641
1.35383
1.35123
1.34862
1.34599
1.34335
1.34071
1.33805
1.33538
1.33271
1.33003
1.32734
1.32465
1.32196
1.31927
1.31657
1.31388
1.31119
1.3085
1.30582
1.30315
1.30049
1.29784
1.2952
1.29257
1.28996
1.28737
1.28481
1.28226
1.27974
1.27725
1.27479
1.27236
1.26996
1.26761
1.26529
1.26301
1.26079
1.2586
1.25647
1.25439
1.25237
1.25041
1.2485
1.24666
1.24489
1.24318
1.24155
1.23999
1.2385
1.2371
1.23577
1.23452
1.23336
1.23229
1.2313
1.23041
1.2296
1.22888
1.22826
1.22773
1.22729
1.22695
1.2267
1.22655
1.22649
1.22652
1.22664
1.22686
1.22717
1.22756
1.22804
1.22861
1.22926
1.22998
1.23079
1.23167
1.23262
1.23364
1.23473
1.23587
1.23708
1.23834
1.23965
1.241
1.2424
1.24384
1.2453
1.2468
1.24832
1.24986
1.25142
1.25299
1.25456
1.25613
1.2577
1.25927
1.26081
1.26234
1.26385
1.26534
1.26679
1.2682
1.26958
1.27091
1.27219
1.27342
1.27459
1.2757
1.27675
1.27772
1.27863
1.27946
1.28021
1.28088
1.28147
1.28196
1.54911
1.54898
1.54881
1.5486
1.54835
1.54804
1.54769
1.5473
1.54685
1.54637
1.54584
1.54527
1.54466
1.544
1.54331
1.54258
1.54181
1.541
1.54016
1.53928
1.53837
1.53742
1.53645
1.53544
1.5344
1.53334
1.53225
1.53113
1.52999
1.52883
1.52764
1.52643
1.52521
1.52396
1.52269
1.52141
1.52011
1.51879
1.51746
1.51612
1.51476
1.51339
1.512
1.51061
1.5092
1.50778
1.50635
1.50492
1.50347
1.50201
1.50054
1.49907
1.49758
1.49609
1.49458
1.49307
1.49155
1.49002
1.48848
1.48693
1.48537
1.4838
1.48222
1.48063
1.47903
1.47742
1.4758
1.47416
1.47252
1.47086
1.46918
1.4675
1.4658
1.46408
1.46235
1.46061
1.45885
1.45707
1.45528
1.45347
1.45165
1.4498
1.44794
1.44606
1.44416
1.44224
1.44031
1.43835
1.43637
1.43437
1.43236
1.43032
1.42826
1.42618
1.42407
1.42195
1.4198
1.41764
1.41545
1.41324
1.41101
1.40875
1.40648
1.40418
1.40186
1.39952
1.39716
1.39478
1.39237
1.38995
1.3875
1.38504
1.38256
1.38005
1.37753
1.37499
1.37243
1.36986
1.36727
1.36466
1.36204
1.3594
1.35674
1.35408
1.3514
1.34871
1.34601
1.3433
1.34057
1.33785
1.33511
1.33237
1.32962
1.32687
1.32412
1.32136
1.31861
1.31586
1.31311
1.31037
1.30763
1.3049
1.30218
1.29947
1.29678
1.29409
1.29143
1.28879
1.28616
1.28356
1.28098
1.27844
1.27592
1.27343
1.27098
1.26856
1.26618
1.26385
1.26155
1.25931
1.25711
1.25496
1.25287
1.25083
1.24886
1.24694
1.24509
1.2433
1.24158
1.23993
1.23836
1.23686
1.23544
1.23409
1.23283
1.23165
1.23055
1.22954
1.22862
1.22778
1.22703
1.22638
1.22581
1.22533
1.22495
1.22466
1.22445
1.22434
1.22432
1.22439
1.22454
1.22479
1.22512
1.22553
1.22602
1.2266
1.22725
1.22798
1.22878
1.22964
1.23058
1.23158
1.23264
1.23375
1.23492
1.23614
1.23741
1.23871
1.24006
1.24143
1.24284
1.24427
1.24573
1.24719
1.24868
1.25016
1.25165
1.25314
1.25463
1.2561
1.25756
1.259
1.26041
1.2618
1.26315
1.26447
1.26575
1.26698
1.26816
1.26929
1.27036
1.27137
1.27232
1.2732
1.274
1.27474
1.27539
1.27596
1.27645
1.27685
1.55682
1.55669
1.55652
1.5563
1.55604
1.55572
1.55536
1.55495
1.55449
1.55398
1.55343
1.55284
1.5522
1.55152
1.55079
1.55003
1.54922
1.54838
1.5475
1.54658
1.54562
1.54463
1.54361
1.54256
1.54147
1.54036
1.53921
1.53804
1.53685
1.53563
1.53438
1.53311
1.53182
1.53051
1.52918
1.52783
1.52646
1.52508
1.52368
1.52226
1.52083
1.51939
1.51793
1.51646
1.51497
1.51348
1.51197
1.51045
1.50892
1.50738
1.50583
1.50427
1.5027
1.50112
1.49953
1.49793
1.49632
1.4947
1.49307
1.49143
1.48978
1.48811
1.48644
1.48476
1.48306
1.48135
1.47963
1.4779
1.47615
1.47439
1.47262
1.47084
1.46903
1.46722
1.46539
1.46354
1.46167
1.45979
1.4579
1.45598
1.45405
1.4521
1.45013
1.44814
1.44613
1.44411
1.44206
1.43999
1.43791
1.4358
1.43367
1.43152
1.42935
1.42716
1.42495
1.42271
1.42046
1.41818
1.41588
1.41356
1.41122
1.40885
1.40647
1.40406
1.40163
1.39919
1.39672
1.39423
1.39172
1.38919
1.38664
1.38408
1.38149
1.37889
1.37626
1.37363
1.37097
1.3683
1.36561
1.36291
1.3602
1.35747
1.35473
1.35198
1.34922
1.34645
1.34367
1.34088
1.33809
1.33529
1.33249
1.32968
1.32687
1.32406
1.32126
1.31845
1.31565
1.31285
1.31006
1.30728
1.3045
1.30174
1.299
1.29626
1.29355
1.29085
1.28817
1.28552
1.28289
1.28029
1.27771
1.27517
1.27266
1.27019
1.26776
1.26536
1.26301
1.2607
1.25844
1.25623
1.25407
1.25197
1.24992
1.24793
1.24601
1.24414
1.24234
1.24061
1.23895
1.23736
1.23585
1.23441
1.23305
1.23177
1.23057
1.22945
1.22841
1.22746
1.2266
1.22582
1.22513
1.22452
1.22401
1.22358
1.22324
1.22299
1.22283
1.22275
1.22276
1.22286
1.22304
1.2233
1.22364
1.22407
1.22457
1.22514
1.22579
1.22651
1.22729
1.22814
1.22905
1.23002
1.23105
1.23213
1.23325
1.23443
1.23564
1.23689
1.23818
1.23949
1.24083
1.24219
1.24357
1.24496
1.24636
1.24777
1.24917
1.25057
1.25197
1.25335
1.25471
1.25605
1.25737
1.25866
1.25991
1.26113
1.2623
1.26343
1.26451
1.26554
1.26651
1.26741
1.26826
1.26903
1.26974
1.27037
1.27092
1.2714
1.27179
1.27209
1.56436
1.56422
1.56405
1.56383
1.56355
1.56322
1.56285
1.56242
1.56195
1.56142
1.56085
1.56023
1.55956
1.55885
1.5581
1.5573
1.55646
1.55558
1.55466
1.55371
1.55271
1.55168
1.55061
1.54951
1.54838
1.54721
1.54602
1.5448
1.54354
1.54227
1.54096
1.53964
1.53829
1.53691
1.53552
1.5341
1.53267
1.53122
1.52975
1.52826
1.52676
1.52525
1.52371
1.52217
1.52061
1.51904
1.51745
1.51586
1.51425
1.51263
1.511
1.50935
1.5077
1.50604
1.50436
1.50267
1.50098
1.49927
1.49755
1.49582
1.49408
1.49233
1.49056
1.48879
1.487
1.4852
1.48338
1.48155
1.47971
1.47786
1.47599
1.4741
1.4722
1.47029
1.46836
1.46641
1.46444
1.46246
1.46046
1.45845
1.45641
1.45436
1.45229
1.45019
1.44808
1.44595
1.4438
1.44163
1.43944
1.43723
1.43499
1.43274
1.43046
1.42816
1.42585
1.42351
1.42115
1.41876
1.41636
1.41393
1.41149
1.40902
1.40653
1.40402
1.40149
1.39895
1.39638
1.39379
1.39118
1.38855
1.38591
1.38325
1.38057
1.37787
1.37516
1.37243
1.36969
1.36693
1.36416
1.36138
1.35858
1.35578
1.35296
1.35014
1.3473
1.34446
1.34162
1.33876
1.33591
1.33305
1.33019
1.32733
1.32447
1.32162
1.31876
1.31592
1.31308
1.31025
1.30742
1.30461
1.30182
1.29904
1.29627
1.29353
1.2908
1.2881
1.28542
1.28277
1.28015
1.27755
1.27499
1.27247
1.26998
1.26753
1.26513
1.26276
1.26044
1.25817
1.25595
1.25379
1.25167
1.24962
1.24762
1.24568
1.24381
1.242
1.24026
1.23859
1.23699
1.23546
1.23401
1.23263
1.23134
1.23012
1.22898
1.22792
1.22694
1.22605
1.22524
1.22451
1.22388
1.22332
1.22285
1.22247
1.22217
1.22196
1.22183
1.22178
1.22182
1.22194
1.22213
1.22241
1.22276
1.22319
1.22368
1.22425
1.22489
1.22559
1.22636
1.22718
1.22807
1.229
1.22999
1.23103
1.2321
1.23323
1.23438
1.23557
1.23679
1.23804
1.23931
1.2406
1.2419
1.24321
1.24453
1.24584
1.24716
1.24847
1.24977
1.25106
1.25232
1.25357
1.25478
1.25597
1.25712
1.25824
1.25931
1.26033
1.26131
1.26223
1.26309
1.2639
1.26464
1.26531
1.26591
1.26644
1.26689
1.26727
1.26756
1.26776
1.57169
1.57155
1.57138
1.57115
1.57086
1.57053
1.57014
1.56969
1.5692
1.56866
1.56806
1.56742
1.56673
1.56599
1.56521
1.56438
1.56351
1.5626
1.56164
1.56064
1.55961
1.55853
1.55742
1.55628
1.5551
1.55388
1.55264
1.55136
1.55006
1.54873
1.54737
1.54598
1.54457
1.54314
1.54168
1.54021
1.53871
1.53719
1.53566
1.5341
1.53253
1.53095
1.52934
1.52773
1.52609
1.52445
1.52279
1.52111
1.51943
1.51773
1.51602
1.5143
1.51256
1.51082
1.50906
1.50729
1.50551
1.50372
1.50191
1.5001
1.49827
1.49643
1.49458
1.49271
1.49083
1.48894
1.48703
1.48511
1.48318
1.48123
1.47927
1.47729
1.47529
1.47328
1.47126
1.46921
1.46715
1.46507
1.46298
1.46086
1.45873
1.45658
1.4544
1.45221
1.45
1.44777
1.44552
1.44325
1.44096
1.43864
1.43631
1.43396
1.43158
1.42918
1.42676
1.42433
1.42186
1.41938
1.41688
1.41436
1.41181
1.40925
1.40667
1.40406
1.40144
1.3988
1.39613
1.39345
1.39076
1.38804
1.38531
1.38256
1.37979
1.37701
1.37422
1.37141
1.36859
1.36575
1.36291
1.36005
1.35718
1.35431
1.35143
1.34854
1.34564
1.34274
1.33984
1.33693
1.33403
1.33112
1.32822
1.32531
1.32242
1.31952
1.31664
1.31376
1.3109
1.30804
1.3052
1.30238
1.29957
1.29678
1.29401
1.29126
1.28854
1.28584
1.28317
1.28053
1.27793
1.27535
1.27282
1.27032
1.26786
1.26544
1.26307
1.26075
1.25847
1.25625
1.25407
1.25196
1.24989
1.24789
1.24595
1.24407
1.24226
1.24051
1.23883
1.23722
1.23568
1.23422
1.23283
1.23152
1.23028
1.22912
1.22804
1.22704
1.22612
1.22529
1.22453
1.22386
1.22327
1.22276
1.22234
1.22199
1.22173
1.22155
1.22145
1.22143
1.22149
1.22162
1.22183
1.22212
1.22247
1.2229
1.22339
1.22395
1.22457
1.22526
1.226
1.22679
1.22764
1.22854
1.22949
1.23047
1.2315
1.23257
1.23367
1.2348
1.23595
1.23713
1.23832
1.23953
1.24075
1.24198
1.24321
1.24445
1.24567
1.24689
1.2481
1.24928
1.25045
1.2516
1.25271
1.2538
1.25485
1.25586
1.25683
1.25775
1.25862
1.25943
1.26019
1.26089
1.26153
1.2621
1.2626
1.26303
1.26338
1.26365
1.26384
1.26395
1.57879
1.57866
1.57847
1.57824
1.57795
1.5776
1.5772
1.57674
1.57623
1.57567
1.57505
1.57439
1.57367
1.57291
1.5721
1.57124
1.57034
1.56939
1.5684
1.56736
1.56629
1.56517
1.56402
1.56283
1.5616
1.56034
1.55905
1.55773
1.55637
1.55498
1.55357
1.55213
1.55066
1.54917
1.54766
1.54612
1.54456
1.54298
1.54138
1.53976
1.53812
1.53647
1.5348
1.53311
1.53141
1.52969
1.52796
1.52621
1.52445
1.52268
1.52089
1.51909
1.51728
1.51545
1.51362
1.51177
1.5099
1.50803
1.50614
1.50424
1.50233
1.50041
1.49847
1.49652
1.49455
1.49257
1.49058
1.48857
1.48655
1.48451
1.48245
1.48038
1.4783
1.4762
1.47408
1.47194
1.46979
1.46762
1.46543
1.46322
1.46099
1.45874
1.45648
1.45419
1.45188
1.44956
1.44721
1.44485
1.44246
1.44005
1.43762
1.43517
1.4327
1.43021
1.4277
1.42517
1.42261
1.42004
1.41745
1.41483
1.4122
1.40954
1.40687
1.40418
1.40147
1.39874
1.39599
1.39322
1.39044
1.38765
1.38483
1.382
1.37916
1.37631
1.37344
1.37056
1.36767
1.36476
1.36185
1.35893
1.356
1.35307
1.35013
1.34719
1.34424
1.34129
1.33834
1.33539
1.33245
1.3295
1.32656
1.32363
1.3207
1.31779
1.31488
1.31198
1.3091
1.30624
1.30339
1.30056
1.29775
1.29496
1.29219
1.28946
1.28675
1.28406
1.28141
1.2788
1.27622
1.27367
1.27117
1.26871
1.26629
1.26391
1.26158
1.25931
1.25708
1.2549
1.25278
1.25072
1.24872
1.24678
1.24489
1.24308
1.24133
1.23964
1.23803
1.23648
1.23501
1.23361
1.23229
1.23104
1.22986
1.22877
1.22775
1.22681
1.22595
1.22516
1.22446
1.22384
1.2233
1.22283
1.22245
1.22215
1.22192
1.22177
1.2217
1.2217
1.22177
1.22192
1.22214
1.22243
1.22279
1.22321
1.22369
1.22424
1.22485
1.22551
1.22622
1.22699
1.2278
1.22866
1.22956
1.2305
1.23148
1.23249
1.23353
1.23459
1.23568
1.23678
1.23791
1.23904
1.24018
1.24133
1.24247
1.24362
1.24476
1.24588
1.24699
1.24809
1.24916
1.2502
1.25122
1.25221
1.25315
1.25406
1.25493
1.25574
1.25651
1.25722
1.25788
1.25848
1.25901
1.25948
1.25988
1.2602
1.26045
1.26063
1.26072
1.26073
1.58564
1.58551
1.58532
1.58508
1.58478
1.58442
1.58401
1.58353
1.58301
1.58243
1.5818
1.58111
1.58037
1.57958
1.57874
1.57786
1.57692
1.57594
1.57491
1.57384
1.57273
1.57158
1.57038
1.56915
1.56788
1.56658
1.56524
1.56386
1.56246
1.56102
1.55955
1.55806
1.55654
1.55499
1.55342
1.55182
1.5502
1.54856
1.5469
1.54521
1.54351
1.54179
1.54006
1.5383
1.53653
1.53474
1.53294
1.53112
1.52929
1.52744
1.52558
1.52371
1.52182
1.51992
1.51801
1.51608
1.51414
1.51219
1.51022
1.50824
1.50625
1.50424
1.50222
1.50019
1.49814
1.49608
1.494
1.49191
1.4898
1.48767
1.48553
1.48338
1.48121
1.47902
1.47681
1.47458
1.47234
1.47008
1.4678
1.4655
1.46319
1.46085
1.45849
1.45612
1.45372
1.45131
1.44887
1.44642
1.44394
1.44144
1.43892
1.43639
1.43383
1.43125
1.42865
1.42603
1.42339
1.42073
1.41805
1.41535
1.41263
1.40989
1.40714
1.40436
1.40157
1.39876
1.39594
1.3931
1.39024
1.38737
1.38448
1.38159
1.37867
1.37575
1.37282
1.36987
1.36692
1.36396
1.36099
1.35802
1.35504
1.35205
1.34907
1.34608
1.34309
1.3401
1.33712
1.33413
1.33116
1.32819
1.32522
1.32227
1.31932
1.31639
1.31347
1.31057
1.30768
1.30482
1.30197
1.29914
1.29634
1.29356
1.29082
1.2881
1.28541
1.28275
1.28013
1.27755
1.275
1.27249
1.27003
1.26761
1.26524
1.26291
1.26063
1.25841
1.25624
1.25412
1.25206
1.25006
1.24812
1.24624
1.24443
1.24268
1.24099
1.23938
1.23783
1.23635
1.23495
1.23362
1.23236
1.23117
1.23006
1.22903
1.22807
1.22719
1.22639
1.22566
1.22501
1.22444
1.22394
1.22352
1.22318
1.22291
1.22272
1.22259
1.22255
1.22257
1.22266
1.22283
1.22305
1.22335
1.2237
1.22412
1.2246
1.22513
1.22572
1.22636
1.22704
1.22778
1.22856
1.22938
1.23023
1.23113
1.23205
1.233
1.23398
1.23499
1.23601
1.23705
1.2381
1.23915
1.24022
1.24128
1.24235
1.24341
1.24445
1.24549
1.24651
1.24751
1.24849
1.24944
1.25036
1.25124
1.25209
1.2529
1.25367
1.25438
1.25505
1.25566
1.25622
1.25672
1.25715
1.25752
1.25782
1.25804
1.2582
1.25828
1.25828
1.25819
1.59222
1.59208
1.59189
1.59164
1.59133
1.59097
1.59054
1.59006
1.58952
1.58892
1.58827
1.58756
1.5868
1.58598
1.58512
1.5842
1.58324
1.58223
1.58117
1.58006
1.57891
1.57772
1.57649
1.57522
1.57391
1.57256
1.57117
1.56975
1.5683
1.56681
1.56529
1.56375
1.56217
1.56057
1.55894
1.55729
1.55561
1.55391
1.55219
1.55045
1.54869
1.5469
1.5451
1.54328
1.54145
1.53959
1.53772
1.53584
1.53394
1.53202
1.53009
1.52815
1.52619
1.52421
1.52223
1.52023
1.51821
1.51618
1.51414
1.51209
1.51002
1.50793
1.50583
1.50372
1.50159
1.49945
1.49729
1.49512
1.49293
1.49072
1.4885
1.48626
1.484
1.48173
1.47944
1.47713
1.47481
1.47246
1.4701
1.46772
1.46531
1.46289
1.46045
1.45799
1.45551
1.45301
1.45049
1.44795
1.44539
1.44281
1.44021
1.43759
1.43495
1.43228
1.4296
1.4269
1.42418
1.42144
1.41868
1.4159
1.41311
1.41029
1.40746
1.40462
1.40175
1.39887
1.39598
1.39307
1.39014
1.38721
1.38426
1.3813
1.37832
1.37534
1.37235
1.36935
1.36635
1.36334
1.36032
1.3573
1.35428
1.35125
1.34823
1.34521
1.34219
1.33917
1.33615
1.33315
1.33015
1.32716
1.32418
1.32122
1.31826
1.31533
1.31241
1.3095
1.30662
1.30376
1.30093
1.29812
1.29533
1.29258
1.28985
1.28716
1.2845
1.28188
1.2793
1.27675
1.27425
1.27179
1.26937
1.26701
1.26468
1.26241
1.2602
1.25803
1.25592
1.25387
1.25188
1.24994
1.24807
1.24626
1.24451
1.24283
1.24122
1.23968
1.2382
1.23679
1.23546
1.23419
1.233
1.23189
1.23084
1.22987
1.22898
1.22816
1.22741
1.22674
1.22614
1.22562
1.22517
1.2248
1.22449
1.22426
1.2241
1.22401
1.22399
1.22403
1.22415
1.22432
1.22456
1.22486
1.22521
1.22563
1.2261
1.22662
1.22719
1.2278
1.22847
1.22917
1.22992
1.2307
1.23151
1.23236
1.23324
1.23414
1.23506
1.23601
1.23696
1.23794
1.23892
1.2399
1.24089
1.24188
1.24287
1.24384
1.24481
1.24576
1.24669
1.2476
1.24849
1.24935
1.25017
1.25097
1.25172
1.25243
1.2531
1.25372
1.25429
1.25481
1.25527
1.25567
1.25601
1.25628
1.25648
1.25662
1.25668
1.25667
1.25657
1.2564
1.5985
1.59836
1.59816
1.59791
1.59759
1.59722
1.59678
1.59628
1.59573
1.59512
1.59444
1.59372
1.59294
1.5921
1.59121
1.59027
1.58927
1.58823
1.58714
1.586
1.58482
1.58359
1.58232
1.58101
1.57966
1.57827
1.57684
1.57537
1.57387
1.57234
1.57078
1.56918
1.56756
1.5659
1.56422
1.56252
1.56078
1.55903
1.55725
1.55545
1.55363
1.55179
1.54992
1.54804
1.54614
1.54423
1.54229
1.54034
1.53838
1.53639
1.5344
1.53238
1.53036
1.52831
1.52626
1.52419
1.5221
1.52
1.51789
1.51576
1.51361
1.51146
1.50928
1.50709
1.50489
1.50267
1.50044
1.49819
1.49592
1.49364
1.49134
1.48902
1.48669
1.48434
1.48197
1.47958
1.47717
1.47475
1.47231
1.46985
1.46736
1.46486
1.46234
1.4598
1.45725
1.45467
1.45207
1.44945
1.44681
1.44415
1.44147
1.43877
1.43605
1.43331
1.43056
1.42778
1.42499
1.42217
1.41934
1.41649
1.41363
1.41074
1.40785
1.40493
1.402
1.39906
1.3961
1.39313
1.39014
1.38715
1.38414
1.38113
1.3781
1.37507
1.37203
1.36899
1.36594
1.36289
1.35983
1.35677
1.35371
1.35066
1.34761
1.34456
1.34151
1.33847
1.33544
1.33242
1.32941
1.32641
1.32343
1.32046
1.31751
1.31457
1.31166
1.30877
1.3059
1.30306
1.30024
1.29745
1.2947
1.29197
1.28928
1.28662
1.284
1.28142
1.27888
1.27639
1.27393
1.27153
1.26917
1.26686
1.2646
1.26239
1.26023
1.25813
1.25609
1.25411
1.25218
1.25032
1.24852
1.24679
1.24511
1.24351
1.24197
1.2405
1.2391
1.23776
1.2365
1.23531
1.23419
1.23314
1.23217
1.23126
1.23043
1.22967
1.22899
1.22837
1.22783
1.22736
1.22696
1.22663
1.22637
1.22617
1.22605
1.22599
1.22599
1.22606
1.22619
1.22638
1.22663
1.22694
1.2273
1.22771
1.22817
1.22868
1.22924
1.22984
1.23048
1.23116
1.23187
1.23262
1.2334
1.23421
1.23504
1.23589
1.23676
1.23765
1.23855
1.23946
1.24038
1.2413
1.24222
1.24314
1.24405
1.24495
1.24584
1.24671
1.24756
1.24839
1.24919
1.24996
1.2507
1.25141
1.25207
1.25269
1.25327
1.2538
1.25428
1.25471
1.25508
1.25539
1.25563
1.25582
1.25593
1.25598
1.25595
1.25585
1.25567
1.25542
1.60446
1.60432
1.60412
1.60386
1.60354
1.60315
1.60271
1.6022
1.60163
1.601
1.60031
1.59956
1.59876
1.5979
1.59699
1.59602
1.595
1.59393
1.59281
1.59164
1.59043
1.58916
1.58786
1.58651
1.58512
1.58369
1.58222
1.58071
1.57917
1.57759
1.57598
1.57434
1.57267
1.57097
1.56923
1.56748
1.56569
1.56388
1.56205
1.5602
1.55832
1.55642
1.5545
1.55256
1.5506
1.54863
1.54663
1.54462
1.54259
1.54055
1.53849
1.53641
1.53432
1.53221
1.53009
1.52795
1.5258
1.52363
1.52144
1.51925
1.51703
1.51481
1.51256
1.5103
1.50803
1.50574
1.50343
1.50111
1.49877
1.49642
1.49404
1.49165
1.48925
1.48682
1.48438
1.48192
1.47944
1.47694
1.47442
1.47188
1.46933
1.46675
1.46416
1.46155
1.45891
1.45626
1.45359
1.45089
1.44818
1.44545
1.4427
1.43993
1.43714
1.43433
1.43151
1.42866
1.4258
1.42292
1.42002
1.41711
1.41418
1.41123
1.40827
1.4053
1.40231
1.39931
1.39629
1.39327
1.39023
1.38719
1.38413
1.38107
1.378
1.37493
1.37185
1.36876
1.36568
1.36259
1.3595
1.35642
1.35333
1.35025
1.34718
1.34411
1.34105
1.338
1.33496
1.33193
1.32892
1.32592
1.32294
1.31997
1.31703
1.31411
1.31121
1.30834
1.30549
1.30267
1.29988
1.29712
1.2944
1.29171
1.28906
1.28645
1.28387
1.28134
1.27885
1.27641
1.27401
1.27167
1.26937
1.26712
1.26493
1.26278
1.2607
1.25867
1.2567
1.25479
1.25294
1.25116
1.24943
1.24777
1.24618
1.24465
1.24319
1.24179
1.24047
1.23921
1.23803
1.23691
1.23586
1.23489
1.23398
1.23315
1.23238
1.23169
1.23106
1.23051
1.23002
1.2296
1.22925
1.22897
1.22875
1.2286
1.22851
1.22849
1.22852
1.22862
1.22877
1.22898
1.22924
1.22956
1.22993
1.23034
1.2308
1.23131
1.23186
1.23244
1.23307
1.23372
1.23441
1.23513
1.23588
1.23665
1.23744
1.23826
1.23908
1.23992
1.24077
1.24163
1.24249
1.24335
1.24421
1.24506
1.2459
1.24674
1.24755
1.24835
1.24913
1.24988
1.2506
1.2513
1.25196
1.25258
1.25317
1.25371
1.2542
1.25465
1.25505
1.25539
1.25567
1.2559
1.25606
1.25616
1.2562
1.25616
1.25605
1.25587
1.25562
1.25528
1.61009
1.60994
1.60974
1.60948
1.60915
1.60875
1.6083
1.60778
1.60719
1.60655
1.60585
1.60508
1.60426
1.60338
1.60244
1.60145
1.60041
1.59931
1.59816
1.59696
1.59572
1.59442
1.59308
1.5917
1.59027
1.5888
1.5873
1.58575
1.58417
1.58255
1.58089
1.57921
1.57749
1.57574
1.57396
1.57216
1.57032
1.56847
1.56658
1.56467
1.56274
1.56079
1.55882
1.55682
1.55481
1.55278
1.55073
1.54866
1.54657
1.54447
1.54234
1.54021
1.53805
1.53588
1.5337
1.5315
1.52928
1.52705
1.5248
1.52254
1.52026
1.51797
1.51566
1.51334
1.511
1.50864
1.50626
1.50387
1.50147
1.49904
1.4966
1.49414
1.49167
1.48917
1.48666
1.48413
1.48158
1.47901
1.47643
1.47382
1.4712
1.46855
1.46589
1.46321
1.46051
1.45779
1.45505
1.45229
1.44951
1.44671
1.44389
1.44106
1.43821
1.43533
1.43244
1.42954
1.42661
1.42367
1.42072
1.41774
1.41476
1.41176
1.40874
1.40571
1.40267
1.39962
1.39656
1.39348
1.3904
1.38731
1.38422
1.38111
1.37801
1.3749
1.37178
1.36867
1.36555
1.36244
1.35933
1.35622
1.35312
1.35002
1.34693
1.34385
1.34078
1.33773
1.33469
1.33166
1.32865
1.32565
1.32268
1.31973
1.3168
1.3139
1.31102
1.30818
1.30536
1.30257
1.29982
1.2971
1.29441
1.29177
1.28916
1.2866
1.28408
1.2816
1.27917
1.27678
1.27445
1.27216
1.26993
1.26775
1.26563
1.26356
1.26155
1.25959
1.2577
1.25587
1.2541
1.25239
1.25074
1.24916
1.24765
1.2462
1.24482
1.24351
1.24226
1.24108
1.23997
1.23893
1.23796
1.23706
1.23623
1.23546
1.23477
1.23414
1.23358
1.23308
1.23266
1.2323
1.232
1.23177
1.2316
1.23149
1.23144
1.23145
1.23152
1.23165
1.23183
1.23206
1.23234
1.23267
1.23305
1.23347
1.23394
1.23445
1.23499
1.23557
1.23618
1.23682
1.2375
1.2382
1.23892
1.23966
1.24042
1.2412
1.24199
1.24279
1.24359
1.24441
1.24522
1.24603
1.24683
1.24763
1.24841
1.24918
1.24994
1.25067
1.25138
1.25207
1.25273
1.25335
1.25394
1.25449
1.255
1.25547
1.25589
1.25626
1.25659
1.25685
1.25706
1.25721
1.2573
1.25733
1.25729
1.25718
1.257
1.25674
1.25641
1.25601
1.61536
1.61521
1.61501
1.61474
1.6144
1.614
1.61353
1.613
1.61241
1.61175
1.61103
1.61025
1.60941
1.60851
1.60755
1.60654
1.60547
1.60435
1.60317
1.60195
1.60067
1.59935
1.59798
1.59656
1.5951
1.5936
1.59205
1.59047
1.58885
1.58719
1.5855
1.58377
1.58201
1.58022
1.57839
1.57654
1.57466
1.57276
1.57083
1.56887
1.56689
1.56489
1.56287
1.56082
1.55875
1.55667
1.55456
1.55244
1.5503
1.54814
1.54596
1.54377
1.54156
1.53933
1.53709
1.53483
1.53255
1.53026
1.52796
1.52563
1.5233
1.52094
1.51857
1.51618
1.51378
1.51136
1.50892
1.50647
1.504
1.50151
1.49901
1.49649
1.49395
1.49139
1.48881
1.48622
1.48361
1.48097
1.47832
1.47565
1.47297
1.47026
1.46753
1.46479
1.46202
1.45924
1.45644
1.45362
1.45078
1.44792
1.44504
1.44215
1.43924
1.43631
1.43336
1.4304
1.42742
1.42442
1.42141
1.41839
1.41535
1.4123
1.40924
1.40616
1.40307
1.39998
1.39687
1.39376
1.39064
1.38751
1.38438
1.38125
1.37811
1.37497
1.37183
1.36869
1.36555
1.36242
1.35929
1.35616
1.35305
1.34994
1.34685
1.34376
1.34069
1.33764
1.3346
1.33158
1.32858
1.3256
1.32264
1.31971
1.3168
1.31392
1.31108
1.30826
1.30547
1.30272
1.30001
1.29733
1.29469
1.29209
1.28954
1.28703
1.28456
1.28214
1.27977
1.27745
1.27518
1.27297
1.2708
1.2687
1.26664
1.26465
1.26271
1.26084
1.25902
1.25727
1.25558
1.25396
1.25239
1.2509
1.24946
1.2481
1.2468
1.24557
1.2444
1.24331
1.24228
1.24131
1.24042
1.23959
1.23884
1.23814
1.23752
1.23696
1.23646
1.23604
1.23567
1.23537
1.23513
1.23495
1.23483
1.23477
1.23477
1.23482
1.23493
1.23509
1.2353
1.23556
1.23586
1.23621
1.23661
1.23705
1.23752
1.23804
1.23858
1.23916
1.23977
1.24041
1.24107
1.24175
1.24246
1.24318
1.24392
1.24467
1.24543
1.2462
1.24697
1.24775
1.24852
1.24929
1.25005
1.2508
1.25153
1.25226
1.25296
1.25364
1.25429
1.25492
1.25552
1.25608
1.25661
1.2571
1.25755
1.25796
1.25831
1.25862
1.25888
1.25908
1.25922
1.25931
1.25933
1.25929
1.25918
1.25901
1.25876
1.25844
1.25805
1.25758
1.62025
1.62011
1.6199
1.61963
1.61929
1.61888
1.6184
1.61786
1.61726
1.61658
1.61585
1.61505
1.6142
1.61328
1.6123
1.61127
1.61018
1.60903
1.60783
1.60658
1.60528
1.60393
1.60253
1.60108
1.59959
1.59805
1.59647
1.59486
1.5932
1.5915
1.58977
1.58801
1.58621
1.58438
1.58251
1.58062
1.5787
1.57675
1.57477
1.57277
1.57075
1.5687
1.56663
1.56454
1.56242
1.56029
1.55813
1.55596
1.55377
1.55155
1.54933
1.54708
1.54482
1.54254
1.54024
1.53793
1.5356
1.53325
1.53089
1.52851
1.52612
1.52371
1.52128
1.51883
1.51637
1.5139
1.5114
1.50889
1.50636
1.50382
1.50125
1.49867
1.49608
1.49346
1.49082
1.48817
1.4855
1.48281
1.4801
1.47737
1.47463
1.47186
1.46908
1.46627
1.46345
1.46061
1.45775
1.45488
1.45198
1.44907
1.44614
1.44319
1.44023
1.43724
1.43425
1.43123
1.4282
1.42516
1.4221
1.41903
1.41595
1.41286
1.40975
1.40663
1.40351
1.40037
1.39723
1.39408
1.39093
1.38777
1.38461
1.38145
1.37829
1.37512
1.37196
1.3688
1.36565
1.3625
1.35936
1.35623
1.35311
1.35
1.3469
1.34382
1.34075
1.3377
1.33467
1.33166
1.32868
1.32571
1.32278
1.31987
1.31699
1.31414
1.31132
1.30854
1.30579
1.30308
1.30041
1.29778
1.29519
1.29265
1.29015
1.28769
1.28529
1.28293
1.28062
1.27837
1.27617
1.27402
1.27193
1.26989
1.26792
1.266
1.26414
1.26235
1.26061
1.25894
1.25733
1.25579
1.25431
1.2529
1.25155
1.25027
1.24905
1.2479
1.24682
1.2458
1.24486
1.24397
1.24316
1.24241
1.24173
1.24111
1.24056
1.24007
1.23964
1.23928
1.23898
1.23874
1.23856
1.23843
1.23837
1.23836
1.2384
1.2385
1.23865
1.23885
1.2391
1.23939
1.23972
1.2401
1.24052
1.24098
1.24147
1.242
1.24255
1.24314
1.24375
1.24439
1.24505
1.24573
1.24643
1.24714
1.24787
1.2486
1.24934
1.25009
1.25084
1.25158
1.25233
1.25306
1.25379
1.2545
1.2552
1.25588
1.25654
1.25718
1.25779
1.25837
1.25892
1.25944
1.25992
1.26036
1.26075
1.2611
1.26141
1.26166
1.26186
1.26201
1.2621
1.26212
1.26209
1.262
1.26183
1.2616
1.2613
1.26093
1.26048
1.25996
1.62476
1.62462
1.62441
1.62413
1.62378
1.62337
1.62289
1.62234
1.62172
1.62104
1.62029
1.61948
1.61861
1.61767
1.61668
1.61562
1.61451
1.61335
1.61212
1.61085
1.60952
1.60814
1.60671
1.60524
1.60372
1.60215
1.60055
1.5989
1.59721
1.59548
1.59371
1.59191
1.59008
1.58821
1.58631
1.58437
1.58241
1.58043
1.57841
1.57637
1.5743
1.57221
1.57009
1.56796
1.5658
1.56362
1.56142
1.5592
1.55696
1.5547
1.55243
1.55013
1.54782
1.54549
1.54315
1.54078
1.5384
1.53601
1.53359
1.53116
1.52872
1.52626
1.52378
1.52128
1.51877
1.51624
1.51369
1.51113
1.50855
1.50595
1.50333
1.5007
1.49804
1.49537
1.49269
1.48998
1.48725
1.48451
1.48175
1.47897
1.47617
1.47335
1.47052
1.46766
1.46479
1.4619
1.45899
1.45606
1.45311
1.45015
1.44717
1.44418
1.44117
1.43814
1.43509
1.43204
1.42896
1.42588
1.42278
1.41967
1.41655
1.41341
1.41027
1.40712
1.40396
1.40079
1.39762
1.39444
1.39126
1.38808
1.3849
1.38171
1.37853
1.37535
1.37217
1.369
1.36583
1.36268
1.35953
1.35639
1.35327
1.35016
1.34706
1.34399
1.34093
1.33789
1.33487
1.33188
1.32891
1.32597
1.32306
1.32018
1.31733
1.31451
1.31173
1.30899
1.30628
1.30362
1.30099
1.29841
1.29587
1.29338
1.29093
1.28854
1.28619
1.2839
1.28166
1.27947
1.27734
1.27526
1.27324
1.27128
1.26938
1.26754
1.26577
1.26405
1.2624
1.26081
1.25928
1.25782
1.25642
1.25509
1.25383
1.25263
1.2515
1.25043
1.24943
1.2485
1.24763
1.24683
1.24609
1.24542
1.24481
1.24427
1.24379
1.24337
1.24302
1.24272
1.24249
1.24231
1.24219
1.24213
1.24212
1.24216
1.24226
1.24241
1.2426
1.24284
1.24313
1.24346
1.24383
1.24424
1.24469
1.24517
1.24569
1.24623
1.24681
1.24741
1.24803
1.24868
1.24935
1.25003
1.25073
1.25144
1.25216
1.25289
1.25362
1.25435
1.25509
1.25582
1.25654
1.25725
1.25796
1.25865
1.25932
1.25997
1.2606
1.26121
1.26178
1.26233
1.26284
1.26332
1.26376
1.26416
1.26451
1.26482
1.26508
1.26529
1.26545
1.26555
1.26559
1.26558
1.2655
1.26536
1.26515
1.26487
1.26452
1.26411
1.26362
1.26305
1.62887
1.62872
1.62851
1.62823
1.62788
1.62746
1.62697
1.62641
1.62579
1.62509
1.62433
1.62351
1.62262
1.62167
1.62066
1.61959
1.61846
1.61728
1.61603
1.61474
1.61338
1.61198
1.61053
1.60903
1.60748
1.60589
1.60426
1.60258
1.60086
1.5991
1.5973
1.59547
1.5936
1.5917
1.58976
1.5878
1.5858
1.58378
1.58172
1.57964
1.57754
1.57541
1.57325
1.57108
1.56888
1.56666
1.56442
1.56215
1.55987
1.55757
1.55525
1.55292
1.55056
1.54819
1.5458
1.54339
1.54096
1.53852
1.53606
1.53359
1.53109
1.52858
1.52606
1.52351
1.52095
1.51838
1.51578
1.51317
1.51054
1.50789
1.50523
1.50255
1.49985
1.49713
1.49439
1.49164
1.48886
1.48607
1.48326
1.48043
1.47759
1.47472
1.47184
1.46894
1.46602
1.46308
1.46013
1.45716
1.45417
1.45116
1.44814
1.4451
1.44205
1.43898
1.4359
1.4328
1.42969
1.42657
1.42343
1.42028
1.41713
1.41396
1.41079
1.40761
1.40442
1.40123
1.39803
1.39483
1.39163
1.38842
1.38522
1.38202
1.37882
1.37562
1.37244
1.36925
1.36608
1.36292
1.35977
1.35663
1.35351
1.3504
1.34732
1.34425
1.3412
1.33818
1.33518
1.3322
1.32926
1.32634
1.32346
1.32061
1.31779
1.31501
1.31226
1.30956
1.30689
1.30427
1.30169
1.29916
1.29668
1.29424
1.29185
1.28951
1.28723
1.285
1.28282
1.2807
1.27864
1.27663
1.27469
1.2728
1.27097
1.26921
1.26751
1.26587
1.2643
1.26279
1.26134
1.25996
1.25865
1.2574
1.25622
1.2551
1.25405
1.25307
1.25215
1.25129
1.25051
1.24978
1.24912
1.24853
1.248
1.24753
1.24712
1.24678
1.24649
1.24627
1.2461
1.24599
1.24593
1.24593
1.24597
1.24608
1.24623
1.24642
1.24667
1.24696
1.24729
1.24766
1.24807
1.24852
1.249
1.24951
1.25006
1.25063
1.25123
1.25185
1.2525
1.25316
1.25384
1.25453
1.25524
1.25596
1.25668
1.25741
1.25814
1.25887
1.2596
1.26032
1.26104
1.26174
1.26243
1.26311
1.26376
1.2644
1.26501
1.26559
1.26614
1.26666
1.26715
1.2676
1.26801
1.26838
1.26871
1.26898
1.26921
1.26939
1.26951
1.26958
1.26959
1.26954
1.26942
1.26925
1.269
1.26869
1.26831
1.26785
1.26733
1.26672
1.63257
1.63242
1.6322
1.63192
1.63156
1.63114
1.63064
1.63008
1.62944
1.62874
1.62797
1.62713
1.62623
1.62527
1.62425
1.62316
1.62201
1.62081
1.61955
1.61823
1.61686
1.61544
1.61396
1.61244
1.61087
1.60925
1.60759
1.60589
1.60414
1.60236
1.60053
1.59867
1.59677
1.59484
1.59287
1.59087
1.58885
1.58679
1.5847
1.58259
1.58045
1.57828
1.5761
1.57388
1.57165
1.56939
1.56711
1.56481
1.56249
1.56015
1.5578
1.55542
1.55303
1.55061
1.54818
1.54573
1.54327
1.54078
1.53828
1.53577
1.53323
1.53068
1.52811
1.52553
1.52292
1.5203
1.51767
1.51501
1.51234
1.50965
1.50694
1.50422
1.50147
1.49871
1.49593
1.49314
1.49032
1.48749
1.48463
1.48176
1.47888
1.47597
1.47305
1.4701
1.46714
1.46417
1.46117
1.45816
1.45513
1.45209
1.44903
1.44595
1.44286
1.43976
1.43664
1.43351
1.43037
1.42721
1.42405
1.42087
1.41769
1.41449
1.41129
1.40809
1.40487
1.40166
1.39844
1.39522
1.392
1.38878
1.38556
1.38235
1.37914
1.37593
1.37274
1.36955
1.36637
1.36321
1.36006
1.35693
1.35381
1.35071
1.34763
1.34457
1.34154
1.33853
1.33555
1.3326
1.32968
1.32679
1.32393
1.32111
1.31832
1.31558
1.31287
1.31021
1.30758
1.30501
1.30248
1.29999
1.29756
1.29517
1.29284
1.29056
1.28834
1.28617
1.28405
1.282
1.28
1.27806
1.27619
1.27437
1.27262
1.27093
1.2693
1.26774
1.26624
1.26481
1.26344
1.26214
1.26091
1.25974
1.25863
1.25759
1.25662
1.25572
1.25488
1.2541
1.25339
1.25274
1.25216
1.25164
1.25119
1.25079
1.25046
1.25018
1.24996
1.2498
1.2497
1.24965
1.24966
1.24972
1.24982
1.24998
1.25019
1.25044
1.25073
1.25107
1.25145
1.25187
1.25232
1.25281
1.25333
1.25388
1.25445
1.25506
1.25569
1.25633
1.257
1.25769
1.25839
1.2591
1.25982
1.26055
1.26129
1.26203
1.26277
1.2635
1.26424
1.26496
1.26567
1.26638
1.26706
1.26773
1.26838
1.269
1.2696
1.27018
1.27072
1.27122
1.2717
1.27213
1.27252
1.27287
1.27318
1.27343
1.27364
1.27379
1.27389
1.27394
1.27392
1.27384
1.2737
1.2735
1.27323
1.27289
1.27248
1.272
1.27145
1.27082
1.63584
1.63568
1.63547
1.63518
1.63482
1.63439
1.63389
1.63332
1.63268
1.63196
1.63119
1.63034
1.62943
1.62845
1.62742
1.62632
1.62515
1.62393
1.62266
1.62132
1.61994
1.61849
1.617
1.61546
1.61387
1.61223
1.61054
1.60882
1.60705
1.60524
1.60339
1.6015
1.59957
1.59762
1.59562
1.5936
1.59154
1.58945
1.58734
1.5852
1.58303
1.58083
1.57861
1.57637
1.5741
1.57181
1.5695
1.56717
1.56481
1.56244
1.56005
1.55764
1.55521
1.55276
1.55029
1.54781
1.54531
1.54279
1.54025
1.5377
1.53513
1.53254
1.52994
1.52731
1.52467
1.52202
1.51934
1.51665
1.51394
1.51121
1.50847
1.5057
1.50292
1.50012
1.49731
1.49447
1.49162
1.48875
1.48586
1.48295
1.48003
1.47709
1.47413
1.47115
1.46815
1.46514
1.46211
1.45907
1.456
1.45293
1.44984
1.44673
1.44361
1.44047
1.43733
1.43417
1.43099
1.42781
1.42462
1.42142
1.41821
1.41499
1.41177
1.40854
1.40531
1.40208
1.39884
1.39561
1.39237
1.38914
1.38591
1.38269
1.37947
1.37626
1.37306
1.36987
1.36669
1.36353
1.36038
1.35725
1.35414
1.35105
1.34798
1.34494
1.34192
1.33893
1.33597
1.33304
1.33014
1.32727
1.32445
1.32165
1.3189
1.31619
1.31352
1.31089
1.30831
1.30578
1.30329
1.30085
1.29847
1.29614
1.29386
1.29163
1.28946
1.28735
1.2853
1.2833
1.28137
1.2795
1.27769
1.27594
1.27425
1.27263
1.27108
1.26958
1.26816
1.2668
1.2655
1.26427
1.26311
1.26202
1.26099
1.26002
1.25913
1.25829
1.25753
1.25683
1.25619
1.25562
1.2551
1.25466
1.25427
1.25394
1.25368
1.25347
1.25332
1.25322
1.25318
1.2532
1.25326
1.25338
1.25355
1.25376
1.25402
1.25433
1.25467
1.25506
1.25548
1.25595
1.25644
1.25697
1.25753
1.25812
1.25874
1.25937
1.26003
1.26071
1.26141
1.26212
1.26285
1.26358
1.26433
1.26508
1.26583
1.26659
1.26734
1.26809
1.26883
1.26956
1.27029
1.27099
1.27168
1.27235
1.273
1.27363
1.27423
1.27479
1.27533
1.27583
1.2763
1.27672
1.2771
1.27744
1.27774
1.27798
1.27818
1.27832
1.2784
1.27843
1.2784
1.27831
1.27815
1.27793
1.27764
1.27728
1.27686
1.27636
1.27579
1.27514
1.63867
1.63852
1.6383
1.63801
1.63765
1.63721
1.6367
1.63613
1.63548
1.63476
1.63397
1.63312
1.6322
1.63121
1.63016
1.62905
1.62788
1.62664
1.62535
1.624
1.6226
1.62114
1.61963
1.61807
1.61646
1.61481
1.6131
1.61136
1.60957
1.60773
1.60586
1.60395
1.60201
1.60002
1.59801
1.59596
1.59388
1.59177
1.58963
1.58746
1.58526
1.58304
1.58079
1.57852
1.57623
1.57391
1.57157
1.56921
1.56683
1.56443
1.562
1.55956
1.5571
1.55463
1.55213
1.54961
1.54708
1.54453
1.54196
1.53938
1.53678
1.53416
1.53152
1.52887
1.52619
1.5235
1.5208
1.51807
1.51533
1.51257
1.50979
1.507
1.50419
1.50135
1.49851
1.49564
1.49275
1.48985
1.48693
1.48399
1.48104
1.47806
1.47507
1.47206
1.46904
1.466
1.46294
1.45987
1.45678
1.45367
1.45055
1.44742
1.44427
1.44111
1.43794
1.43475
1.43156
1.42835
1.42514
1.42192
1.41869
1.41545
1.41221
1.40897
1.40572
1.40247
1.39922
1.39598
1.39273
1.38949
1.38625
1.38302
1.3798
1.37658
1.37338
1.37019
1.36701
1.36385
1.36071
1.35759
1.35448
1.3514
1.34835
1.34532
1.34231
1.33934
1.3364
1.33349
1.33061
1.32777
1.32497
1.3222
1.31948
1.3168
1.31417
1.31158
1.30903
1.30654
1.3041
1.3017
1.29936
1.29708
1.29484
1.29267
1.29055
1.2885
1.2865
1.28456
1.28268
1.28087
1.27912
1.27743
1.27581
1.27425
1.27276
1.27133
1.26997
1.26867
1.26745
1.26628
1.26519
1.26416
1.2632
1.2623
1.26147
1.26071
1.26001
1.25938
1.25881
1.2583
1.25786
1.25747
1.25715
1.25689
1.25668
1.25654
1.25645
1.25642
1.25644
1.25651
1.25663
1.2568
1.25703
1.25729
1.2576
1.25796
1.25835
1.25879
1.25926
1.25977
1.26031
1.26088
1.26148
1.26211
1.26276
1.26343
1.26413
1.26484
1.26557
1.26631
1.26706
1.26783
1.26859
1.26937
1.27014
1.27092
1.27169
1.27246
1.27321
1.27396
1.27469
1.27541
1.27611
1.27679
1.27745
1.27808
1.27868
1.27925
1.27979
1.2803
1.28076
1.28118
1.28157
1.2819
1.28219
1.28243
1.28262
1.28275
1.28283
1.28285
1.28281
1.28271
1.28255
1.28232
1.28202
1.28165
1.28122
1.28071
1.28013
1.27947
1.64106
1.6409
1.64068
1.64039
1.64003
1.63959
1.63908
1.63849
1.63784
1.63711
1.63632
1.63546
1.63453
1.63354
1.63248
1.63135
1.63017
1.62893
1.62762
1.62626
1.62485
1.62337
1.62185
1.62028
1.61865
1.61698
1.61526
1.6135
1.61169
1.60984
1.60795
1.60602
1.60406
1.60205
1.60002
1.59795
1.59585
1.59372
1.59155
1.58936
1.58715
1.5849
1.58263
1.58034
1.57802
1.57568
1.57332
1.57093
1.56853
1.5661
1.56365
1.56119
1.5587
1.5562
1.55368
1.55114
1.54858
1.546
1.54341
1.5408
1.53817
1.53552
1.53286
1.53018
1.52748
1.52476
1.52203
1.51928
1.51651
1.51372
1.51092
1.5081
1.50526
1.5024
1.49952
1.49663
1.49372
1.49079
1.48784
1.48488
1.4819
1.4789
1.47588
1.47285
1.4698
1.46673
1.46365
1.46055
1.45744
1.45431
1.45117
1.44801
1.44485
1.44166
1.43847
1.43527
1.43205
1.42883
1.4256
1.42236
1.41912
1.41587
1.41261
1.40935
1.40609
1.40283
1.39957
1.39632
1.39306
1.38981
1.38657
1.38333
1.38011
1.37689
1.37369
1.3705
1.36732
1.36417
1.36103
1.35791
1.35482
1.35175
1.3487
1.34568
1.34269
1.33974
1.33681
1.33392
1.33106
1.32825
1.32547
1.32273
1.32004
1.31738
1.31478
1.31222
1.30971
1.30725
1.30485
1.30249
1.30019
1.29795
1.29576
1.29363
1.29156
1.28955
1.2876
1.28571
1.28388
1.28212
1.28042
1.27879
1.27722
1.27572
1.27428
1.27291
1.27161
1.27037
1.2692
1.2681
1.26706
1.26609
1.26519
1.26435
1.26358
1.26288
1.26224
1.26167
1.26115
1.26071
1.26032
1.26
1.25973
1.25953
1.25938
1.25929
1.25925
1.25927
1.25935
1.25947
1.25965
1.25987
1.26014
1.26046
1.26082
1.26122
1.26166
1.26214
1.26265
1.2632
1.26378
1.26439
1.26503
1.2657
1.26638
1.26709
1.26782
1.26857
1.26933
1.2701
1.27088
1.27167
1.27246
1.27326
1.27406
1.27486
1.27565
1.27643
1.27721
1.27797
1.27872
1.27946
1.28017
1.28086
1.28153
1.28217
1.28278
1.28336
1.28391
1.28442
1.28489
1.28532
1.2857
1.28604
1.28633
1.28657
1.28676
1.28689
1.28697
1.28699
1.28695
1.28685
1.28668
1.28644
1.28614
1.28577
1.28533
1.28481
1.28423
1.28356
1.64299
1.64283
1.64261
1.64232
1.64195
1.64151
1.641
1.64041
1.63975
1.63902
1.63822
1.63736
1.63642
1.63542
1.63435
1.63322
1.63203
1.63078
1.62946
1.62809
1.62667
1.62518
1.62365
1.62206
1.62042
1.61874
1.61701
1.61523
1.61341
1.61155
1.60964
1.6077
1.60572
1.6037
1.60165
1.59956
1.59745
1.5953
1.59312
1.59091
1.58868
1.58641
1.58413
1.58181
1.57948
1.57712
1.57474
1.57233
1.56991
1.56746
1.565
1.56251
1.56001
1.55748
1.55494
1.55238
1.5498
1.5472
1.54459
1.54196
1.53931
1.53664
1.53395
1.53125
1.52853
1.52579
1.52304
1.52026
1.51747
1.51467
1.51184
1.509
1.50613
1.50326
1.50036
1.49744
1.49451
1.49156
1.48859
1.48561
1.48261
1.47959
1.47655
1.4735
1.47043
1.46734
1.46424
1.46112
1.45799
1.45484
1.45169
1.44851
1.44533
1.44213
1.43892
1.4357
1.43247
1.42923
1.42599
1.42274
1.41948
1.41622
1.41295
1.40968
1.40642
1.40315
1.39988
1.39662
1.39335
1.3901
1.38685
1.38361
1.38039
1.37717
1.37397
1.37078
1.36761
1.36445
1.36132
1.35821
1.35512
1.35206
1.34902
1.34602
1.34304
1.3401
1.33719
1.33431
1.33147
1.32867
1.32592
1.3232
1.32053
1.3179
1.31532
1.31279
1.31031
1.30788
1.30551
1.30319
1.30092
1.29871
1.29656
1.29446
1.29243
1.29046
1.28855
1.2867
1.28492
1.2832
1.28154
1.27996
1.27843
1.27698
1.27559
1.27426
1.27301
1.27182
1.2707
1.26965
1.26866
1.26774
1.26689
1.2661
1.26538
1.26473
1.26414
1.26361
1.26315
1.26275
1.26241
1.26214
1.26192
1.26177
1.26167
1.26162
1.26163
1.2617
1.26182
1.26199
1.26221
1.26247
1.26279
1.26314
1.26355
1.26399
1.26447
1.26498
1.26554
1.26612
1.26674
1.26739
1.26806
1.26876
1.26948
1.27022
1.27097
1.27175
1.27254
1.27334
1.27414
1.27496
1.27578
1.2766
1.27742
1.27824
1.27905
1.27986
1.28065
1.28143
1.2822
1.28295
1.28368
1.28438
1.28506
1.28572
1.28634
1.28693
1.28749
1.288
1.28848
1.28892
1.28931
1.28965
1.28995
1.29019
1.29039
1.29052
1.2906
1.29063
1.29059
1.29048
1.29032
1.29008
1.28978
1.28941
1.28897
1.28845
1.28786
1.2872
1.64446
1.64431
1.64409
1.64379
1.64342
1.64298
1.64246
1.64187
1.64121
1.64048
1.63967
1.6388
1.63786
1.63686
1.63578
1.63465
1.63345
1.63219
1.63087
1.62949
1.62805
1.62656
1.62502
1.62342
1.62178
1.62008
1.61834
1.61655
1.61472
1.61285
1.61093
1.60898
1.60699
1.60496
1.6029
1.6008
1.59867
1.59651
1.59431
1.59209
1.58985
1.58757
1.58527
1.58294
1.58059
1.57822
1.57582
1.5734
1.57096
1.5685
1.56602
1.56352
1.561
1.55846
1.55591
1.55333
1.55073
1.54812
1.54549
1.54284
1.54018
1.53749
1.53479
1.53207
1.52934
1.52658
1.52381
1.52102
1.51822
1.51539
1.51255
1.50969
1.50681
1.50392
1.501
1.49807
1.49513
1.49216
1.48918
1.48618
1.48316
1.48012
1.47707
1.474
1.47092
1.46782
1.4647
1.46157
1.45843
1.45527
1.45209
1.44891
1.44571
1.4425
1.43928
1.43605
1.43281
1.42956
1.4263
1.42304
1.41978
1.41651
1.41323
1.40996
1.40668
1.40341
1.40013
1.39686
1.3936
1.39034
1.38709
1.38385
1.38062
1.37741
1.3742
1.37102
1.36785
1.3647
1.36157
1.35846
1.35538
1.35232
1.3493
1.3463
1.34333
1.3404
1.3375
1.33464
1.33182
1.32903
1.32629
1.32359
1.32094
1.31833
1.31577
1.31326
1.31081
1.3084
1.30605
1.30375
1.30151
1.29933
1.2972
1.29514
1.29314
1.2912
1.28932
1.2875
1.28575
1.28406
1.28244
1.28089
1.2794
1.27798
1.27663
1.27534
1.27412
1.27297
1.27189
1.27087
1.26993
1.26904
1.26823
1.26748
1.2668
1.26619
1.26564
1.26515
1.26473
1.26437
1.26407
1.26383
1.26365
1.26353
1.26347
1.26346
1.26351
1.26361
1.26377
1.26397
1.26422
1.26452
1.26487
1.26526
1.26569
1.26617
1.26668
1.26723
1.26781
1.26843
1.26907
1.26975
1.27045
1.27117
1.27192
1.27268
1.27347
1.27427
1.27508
1.2759
1.27673
1.27757
1.27841
1.27925
1.28009
1.28093
1.28176
1.28258
1.28339
1.28419
1.28497
1.28573
1.28648
1.2872
1.28789
1.28855
1.28919
1.28979
1.29035
1.29088
1.29136
1.29181
1.29221
1.29256
1.29286
1.29311
1.29331
1.29345
1.29354
1.29356
1.29353
1.29343
1.29326
1.29303
1.29273
1.29236
1.29192
1.29141
1.29082
1.29016
1.64547
1.64531
1.64509
1.6448
1.64443
1.64398
1.64347
1.64287
1.64221
1.64148
1.64067
1.63979
1.63885
1.63784
1.63676
1.63562
1.63442
1.63315
1.63183
1.63045
1.62901
1.62751
1.62596
1.62436
1.62271
1.62101
1.61926
1.61746
1.61563
1.61374
1.61182
1.60986
1.60786
1.60582
1.60375
1.60165
1.59951
1.59734
1.59514
1.59291
1.59065
1.58837
1.58606
1.58372
1.58136
1.57898
1.57657
1.57414
1.57169
1.56922
1.56673
1.56422
1.56169
1.55914
1.55657
1.55399
1.55138
1.54876
1.54612
1.54346
1.54078
1.53809
1.53538
1.53265
1.5299
1.52714
1.52435
1.52155
1.51874
1.5159
1.51305
1.51018
1.50729
1.50438
1.50146
1.49852
1.49556
1.49258
1.48959
1.48658
1.48355
1.4805
1.47744
1.47436
1.47127
1.46816
1.46503
1.46189
1.45874
1.45557
1.45239
1.44919
1.44599
1.44277
1.43954
1.4363
1.43306
1.4298
1.42654
1.42327
1.42
1.41672
1.41344
1.41016
1.40688
1.40361
1.40033
1.39706
1.39379
1.39053
1.38728
1.38404
1.38081
1.37759
1.37439
1.3712
1.36803
1.36489
1.36176
1.35866
1.35558
1.35253
1.34951
1.34652
1.34356
1.34063
1.33774
1.33489
1.33207
1.3293
1.32657
1.32388
1.32124
1.31865
1.3161
1.31361
1.31117
1.30878
1.30644
1.30416
1.30194
1.29978
1.29767
1.29563
1.29364
1.29172
1.28986
1.28807
1.28634
1.28468
1.28308
1.28155
1.28009
1.27869
1.27736
1.2761
1.27491
1.27378
1.27272
1.27173
1.27081
1.26996
1.26917
1.26845
1.26779
1.2672
1.26668
1.26622
1.26582
1.26549
1.26522
1.265
1.26485
1.26476
1.26472
1.26474
1.26481
1.26494
1.26512
1.26535
1.26562
1.26595
1.26632
1.26673
1.26719
1.26768
1.26821
1.26878
1.26939
1.27002
1.27069
1.27138
1.2721
1.27285
1.27361
1.2744
1.2752
1.27601
1.27684
1.27768
1.27853
1.27938
1.28024
1.2811
1.28195
1.2828
1.28365
1.28448
1.2853
1.28611
1.28691
1.28768
1.28843
1.28916
1.28986
1.29054
1.29118
1.29179
1.29236
1.2929
1.29339
1.29384
1.29424
1.2946
1.29491
1.29517
1.29537
1.29552
1.2956
1.29563
1.2956
1.2955
1.29534
1.29511
1.29482
1.29445
1.29401
1.2935
1.29292
1.29226
1.64601
1.64585
1.64563
1.64534
1.64497
1.64453
1.64401
1.64341
1.64275
1.64201
1.6412
1.64033
1.63938
1.63837
1.63729
1.63615
1.63494
1.63368
1.63235
1.63096
1.62952
1.62802
1.62647
1.62486
1.62321
1.62151
1.61975
1.61796
1.61611
1.61423
1.6123
1.61034
1.60833
1.60629
1.60422
1.60211
1.59996
1.59779
1.59559
1.59335
1.59109
1.5888
1.58649
1.58415
1.58178
1.57939
1.57698
1.57455
1.57209
1.56962
1.56712
1.56461
1.56207
1.55952
1.55694
1.55435
1.55174
1.54911
1.54647
1.5438
1.54112
1.53842
1.5357
1.53297
1.53022
1.52745
1.52466
1.52185
1.51903
1.51619
1.51333
1.51046
1.50756
1.50465
1.50172
1.49878
1.49581
1.49283
1.48983
1.48681
1.48378
1.48073
1.47766
1.47458
1.47148
1.46837
1.46524
1.46209
1.45893
1.45576
1.45257
1.44937
1.44616
1.44294
1.43971
1.43647
1.43322
1.42996
1.42669
1.42342
1.42014
1.41687
1.41358
1.4103
1.40702
1.40374
1.40046
1.39719
1.39392
1.39066
1.3874
1.38416
1.38093
1.37771
1.37451
1.37133
1.36816
1.36501
1.36189
1.35879
1.35571
1.35266
1.34965
1.34666
1.3437
1.34078
1.33789
1.33504
1.33224
1.32947
1.32674
1.32406
1.32143
1.31884
1.3163
1.31381
1.31138
1.309
1.30667
1.3044
1.30218
1.30003
1.29793
1.2959
1.29393
1.29202
1.29017
1.28839
1.28667
1.28502
1.28343
1.28191
1.28046
1.27907
1.27776
1.27651
1.27533
1.27422
1.27317
1.27219
1.27129
1.27044
1.26967
1.26896
1.26832
1.26774
1.26723
1.26679
1.2664
1.26608
1.26582
1.26562
1.26548
1.2654
1.26538
1.26541
1.2655
1.26563
1.26582
1.26607
1.26635
1.26669
1.26707
1.2675
1.26796
1.26847
1.26901
1.26959
1.27021
1.27086
1.27153
1.27224
1.27297
1.27372
1.27449
1.27529
1.2761
1.27692
1.27776
1.27861
1.27947
1.28033
1.28119
1.28205
1.28292
1.28378
1.28463
1.28547
1.2863
1.28712
1.28792
1.2887
1.28945
1.29019
1.2909
1.29157
1.29222
1.29283
1.29341
1.29395
1.29445
1.2949
1.29531
1.29567
1.29598
1.29624
1.29645
1.29659
1.29669
1.29672
1.29669
1.29659
1.29643
1.29621
1.29591
1.29555
1.29511
1.2946
1.29402
1.29336
0.0119125
0.0126265
0.0129266
0.0130194
0.0129665
0.012805
0.0125608
0.0122541
0.0119015
0.0115161
0.0111092
0.0106906
0.0102739
0.00985894
0.00944184
0.0090248
0.0086106
0.00820148
0.00779905
0.0074044
0.00701823
0.00664096
0.00627285
0.00591404
0.00556464
0.00522473
0.00489443
0.00457392
0.00426345
0.00396337
0.0036741
0.00339619
0.00313023
0.00287692
0.00263696
0.00241107
0.00219989
0.0020039
0.00182341
0.00165845
0.00150874
0.00137376
0.00125262
0.00114546
0.00105027
0.00096528
0.000889045
0.00082023
0.000757661
0.000700408
0.000647511
0.000598311
0.000552282
0.000509027
0.000468252
0.000429742
0.000393342
0.000358943
0.000326465
0.000295847
0.00026704
0.000239998
0.000214677
0.00019103
0.000169004
0.000148543
0.000129587
0.000112074
9.59402e-05
8.11263e-05
6.75694e-05
5.52159e-05
4.40235e-05
3.3964e-05
2.50299e-05
1.7248e-05
1.07039e-05
5.58225e-06
1.67637e-06
1.51756e-06
0.118146
0.129837
0.134505
0.135835
0.135124
0.132997
0.129863
0.126023
0.121713
0.117118
0.112386
0.10765
0.10284
0.0977842
0.092753
0.0878593
0.0831486
0.0786363
0.0743235
0.070204
0.0662682
0.0625051
0.0589035
0.055453
0.0521441
0.048969
0.0459214
0.0429964
0.040191
0.0375035
0.0349338
0.0324826
0.0301518
0.0279435
0.0258602
0.0239036
0.0220744
0.0203722
0.0187944
0.017337
0.0159947
0.0147611
0.013631
0.0125795
0.0116028
0.0107144
0.00990756
0.00917185
0.00849116
0.00785945
0.00727466
0.00672997
0.00621975
0.00573969
0.00528654
0.00485792
0.00445212
0.00406791
0.00370443
0.00336105
0.00303726
0.00273263
0.00244675
0.00217917
0.0019294
0.00169692
0.00148115
0.00128147
0.00109725
0.000927761
0.00077259
0.000631151
0.000502986
0.000387758
0.000285382
0.000196172
0.00012112
6.23669e-05
1.68126e-05
1.35544e-05
0.253572
0.274264
0.283313
0.2859
0.284207
0.279477
0.27258
0.264176
0.254782
0.244808
0.234586
0.224427
0.213976
0.203309
0.192754
0.182481
0.172575
0.163072
0.153978
0.145285
0.136979
0.129039
0.121445
0.114178
0.10722
0.100557
0.0941768
0.0880718
0.0822366
0.076669
0.0713693
0.0663399
0.0615845
0.0571075
0.0529125
0.0490015
0.0453733
0.0420223
0.0389384
0.0361065
0.0335084
0.0311237
0.0289324
0.0269003
0.0249955
0.0232328
0.021607
0.0201029
0.018697
0.0173742
0.0161353
0.014969
0.0138663
0.0128206
0.0118269
0.010882
0.00998351
0.0091299
0.00832017
0.00755363
0.00682969
0.00614779
0.00550724
0.00490726
0.00434687
0.00382494
0.00334022
0.00289136
0.00247696
0.00209548
0.00174589
0.00142698
0.00113778
0.000877601
0.00064631
0.000444669
0.000274959
0.000142023
3.76893e-05
3.09296e-05
0.384626
0.409761
0.421263
0.424252
0.421308
0.414079
0.403765
0.391294
0.377401
0.362672
0.347595
0.332498
0.316967
0.301295
0.2858
0.270682
0.256053
0.241969
0.228449
0.215494
0.203088
0.191212
0.179842
0.168956
0.158533
0.148556
0.139013
0.129894
0.121193
0.112909
0.105045
0.0976055
0.0905958
0.0840227
0.0778917
0.0722046
0.0669581
0.0621416
0.0577364
0.0537158
0.0500464
0.0466915
0.0436129
0.0407646
0.0380919
0.0355896
0.0332557
0.0310718
0.0290116
0.0270523
0.0251985
0.0234369
0.0217576
0.0201539
0.0186209
0.0171559
0.0157572
0.014424
0.0131559
0.0119529
0.0108147
0.00974104
0.0087313
0.0077845
0.00689935
0.00607424
0.0053073
0.00459649
0.00393969
0.00333463
0.00277964
0.00227292
0.00181305
0.00139906
0.00103084
0.000709677
0.000439257
0.000227301
5.95016e-05
4.97243e-05
0.5057
0.531903
0.544045
0.546614
0.542249
0.53278
0.519593
0.503783
0.486221
0.46762
0.448573
0.429248
0.409445
0.389538
0.369839
0.350559
0.331832
0.313734
0.296299
0.279538
0.263445
0.248005
0.233198
0.219005
0.205406
0.192386
0.179933
0.16804
0.156703
0.145924
0.135707
0.126059
0.116991
0.108511
0.100625
0.093337
0.086641
0.0805223
0.0749547
0.0699005
0.0653124
0.0611367
0.0573169
0.0537914
0.0504884
0.0473726
0.0444421
0.0416745
0.0390412
0.0365158
0.0341043
0.0317935
0.0295747
0.0274422
0.0253929
0.0234256
0.0215403
0.0197376
0.0180185
0.0163841
0.0148349
0.0133714
0.0119931
0.0106992
0.00948829
0.00835833
0.007307
0.0063317
0.00542968
0.00459801
0.00383445
0.00313674
0.00250307
0.00193225
0.00142427
0.000981001
0.000607619
0.000314769
8.13772e-05
6.90044e-05
0.615539
0.64062
0.652059
0.653591
0.647709
0.636272
0.620737
0.602273
0.581831
0.560196
0.538007
0.515158
0.491854
0.468452
0.445252
0.42247
0.400256
0.378701
0.357859
0.337754
0.318392
0.299769
0.281874
0.264692
0.248211
0.23242
0.217311
0.202882
0.189133
0.176069
0.163699
0.152033
0.141085
0.130866
0.121384
0.112644
0.104639
0.09735
0.0907454
0.0847778
0.0793873
0.0745047
0.0700556
0.0659608
0.0621342
0.0585086
0.0550766
0.0518105
0.0486791
0.0456542
0.0427418
0.0399301
0.0372124
0.0345855
0.0320487
0.0296032
0.0272513
0.0249958
0.0228396
0.0207852
0.0188345
0.0169887
0.0152479
0.0136117
0.0120785
0.0106463
0.00931241
0.0080737
0.00692694
0.0058687
0.00489623
0.00400689
0.00319859
0.00247001
0.0018213
0.00125497
0.000777736
0.000403179
0.000103064
8.84312e-05
0.714147
0.736815
0.746671
0.746754
0.739327
0.726176
0.708747
0.688221
0.665575
0.641622
0.616861
0.59124
0.565135
0.538901
0.512828
0.487138
0.461989
0.437489
0.413709
0.390689
0.368452
0.347004
0.326348
0.306479
0.287393
0.269088
0.251563
0.23482
0.218867
0.203713
0.189372
0.175859
0.16319
0.15138
0.140441
0.130377
0.12118
0.11283
0.10529
0.0985034
0.0924009
0.0868987
0.0819058
0.0773255
0.0730565
0.0690043
0.0651492
0.0614571
0.0578931
0.0544284
0.0510675
0.047801
0.0446246
0.0415381
0.038544
0.0356465
0.0328507
0.0301619
0.0275854
0.0251254
0.0227853
0.0205674
0.0184729
0.0165014
0.014652
0.0129223
0.0113096
0.0098104
0.00842111
0.00713789
0.0059576
0.00487732
0.00389477
0.00300859
0.00221914
0.00152964
0.000948393
0.000491875
0.000124457
0.000107837
0.802116
0.821687
0.829439
0.827833
0.818882
0.804244
0.785301
0.763202
0.738914
0.713237
0.686387
0.658607
0.630298
0.601801
0.573401
0.545317
0.517719
0.490728
0.46443
0.438883
0.414126
0.390182
0.367066
0.344787
0.323353
0.302771
0.283049
0.264197
0.246231
0.229165
0.213018
0.197812
0.183566
0.170299
0.158024
0.146747
0.13646
0.127141
0.118749
0.111222
0.104479
0.0984259
0.0929555
0.0879544
0.0833058
0.0788928
0.0746782
0.0706203
0.0666801
0.0628274
0.0590653
0.0553863
0.0517892
0.048277
0.0448556
0.0415326
0.0383163
0.035215
0.0322361
0.0293862
0.0266705
0.0240924
0.0216541
0.0193562
0.0171977
0.0151766
0.01329
0.0115344
0.00990578
0.00840013
0.00701398
0.00574427
0.0045886
0.00354565
0.00261606
0.00180382
0.00111883
0.000580439
0.000145501
0.000127123
0.880334
0.896501
0.90188
0.898472
0.888051
0.872125
0.851979
0.828702
0.803215
0.776178
0.747738
0.718314
0.688298
0.658019
0.627752
0.597716
0.568087
0.538999
0.510552
0.482822
0.455863
0.429718
0.404415
0.37998
0.356431
0.333789
0.312072
0.2913
0.271494
0.252679
0.234878
0.218119
0.202426
0.187821
0.17432
0.161929
0.150641
0.140434
0.131261
0.123057
0.115734
0.109184
0.103289
0.0979176
0.0929382
0.088216
0.0836931
0.079319
0.0750501
0.0708543
0.0667327
0.0626798
0.0586971
0.0547911
0.0509713
0.0472489
0.0436355
0.0401423
0.0367797
0.0335564
0.0304794
0.0275539
0.0247829
0.0221678
0.0197083
0.0174026
0.0152479
0.0132406
0.0113766
0.00965167
0.00806224
0.00660515
0.00527799
0.00407955
0.00301085
0.00207666
0.00128851
0.000668577
0.000166166
0.000146228
0.949805
0.962484
0.965382
0.960144
0.948328
0.931287
0.910192
0.886051
0.859718
0.83158
0.801966
0.771315
0.740001
0.708338
0.67659
0.644974
0.613671
0.582824
0.552548
0.522936
0.494059
0.465975
0.438732
0.412367
0.386918
0.362413
0.338885
0.316364
0.29488
0.274464
0.255148
0.236965
0.219943
0.204108
0.189479
0.176064
0.163856
0.152831
0.142941
0.134116
0.126262
0.119262
0.112982
0.107281
0.102009
0.097018
0.0922276
0.087578
0.08302
0.0785195
0.0740748
0.0696823
0.0653461
0.0610761
0.0568853
0.0527885
0.0488008
0.0449366
0.0412089
0.0376288
0.0342054
0.0309453
0.027853
0.0249307
0.0221788
0.0195958
0.0171792
0.0149254
0.0128304
0.0108898
0.0091001
0.00745807
0.00596142
0.00460912
0.00340262
0.00234753
0.00145704
0.000756073
0.000186429
0.000165108
1.01153
1.02076
1.02117
1.01413
1.00101
0.983005
0.961165
0.936404
0.90941
0.880457
0.850001
0.818458
0.786178
0.753455
0.720543
0.687658
0.65498
0.622664
0.590837
0.559605
0.529058
0.499269
0.470304
0.442218
0.415059
0.388873
0.363703
0.33959
0.316574
0.294694
0.273991
0.254501
0.236259
0.219294
0.203628
0.18927
0.176215
0.164436
0.153886
0.14449
0.136147
0.128733
0.122105
0.116105
0.110571
0.105342
0.100316
0.0954239
0.0906099
0.085837
0.081101
0.0763994
0.0717388
0.0671322
0.0625961
0.0581488
0.0538088
0.0495937
0.0455191
0.0415988
0.0378437
0.0342624
0.0308604
0.0276412
0.0246056
0.021753
0.019081
0.0165863
0.0142649
0.0121126
0.0101259
0.00830162
0.00663774
0.00513346
0.0037907
0.00261596
0.00162411
0.000842757
0.000206277
0.000183733
1.06644
1.07231
1.07029
1.06152
1.0472
1.02836
1.00595
0.980755
0.953202
0.923686
0.892653
0.860483
0.8275
0.79398
0.760166
0.726266
0.692466
0.658926
0.625784
0.59316
0.56116
0.529875
0.499385
0.469761
0.441067
0.413364
0.386706
0.361146
0.336733
0.313517
0.291543
0.270856
0.251495
0.233492
0.216872
0.201646
0.18781
0.175337
0.164177
0.154253
0.14546
0.137666
0.130716
0.124443
0.11867
0.113228
0.107992
0.102884
0.097841
0.0928232
0.0878231
0.0828392
0.0778804
0.0729623
0.0681048
0.0633295
0.0586583
0.0541116
0.0497081
0.0454638
0.0413918
0.0375022
0.0338023
0.0302964
0.0269863
0.0238719
0.0209512
0.0182213
0.0156784
0.0133186
0.0111383
0.00913472
0.00730606
0.00565186
0.00417456
0.00288158
0.0017895
0.000928496
0.000225701
0.000202084
1.11533
1.11799
1.11364
1.10324
1.08781
1.06828
1.04542
1.01985
0.991905
0.962025
0.930619
0.89803
0.864553
0.830447
0.79594
0.761238
0.726525
0.691967
0.657712
0.623894
0.590632
0.558033
0.526192
0.495197
0.465127
0.436056
0.408051
0.381177
0.355493
0.331056
0.307921
0.286138
0.26575
0.246795
0.229299
0.213276
0.19872
0.185607
0.173885
0.163473
0.154263
0.146116
0.138869
0.132343
0.126352
0.120714
0.115288
0.109985
0.104735
0.099495
0.0942543
0.0890118
0.083778
0.0785713
0.0734145
0.0683323
0.0633497
0.0584901
0.0537749
0.0492224
0.0448479
0.0406632
0.0366769
0.0328945
0.0293189
0.0259506
0.0227881
0.0198289
0.0170696
0.0145065
0.0121362
0.00995652
0.00796569
0.00616377
0.00455378
0.0031441
0.00195301
0.00101318
0.000244692
0.000220146
1.15888
1.1585
1.15196
1.14004
1.12364
1.10351
1.08032
1.05441
1.02621
0.99612
0.964499
0.931651
0.897844
0.863318
0.828289
0.792956
0.757503
0.722101
0.686907
0.652064
0.617706
0.583954
0.550919
0.518703
0.4874
0.457097
0.427875
0.399809
0.372968
0.34742
0.323225
0.300439
0.279112
0.259284
0.240984
0.224228
0.209012
0.19531
0.183068
0.172206
0.162609
0.154134
0.146611
0.139849
0.133653
0.127834
0.122234
0.116752
0.111313
0.10587
0.100408
0.0949277
0.0894399
0.0839653
0.0785294
0.07316
0.0678848
0.0627301
0.0577197
0.0528744
0.0482114
0.0437442
0.039483
0.0354345
0.0316024
0.027988
0.0245906
0.021408
0.0184374
0.0156754
0.013119
0.0107663
0.00861608
0.00666876
0.00492803
0.00340328
0.00211448
0.00109672
0.000263249
0.000237908
1.19765
1.19443
1.18587
1.17258
1.15532
1.1347
1.11117
1.08503
1.0567
1.02652
0.994803
0.961819
0.927809
0.892994
0.857578
0.821754
0.785705
0.749605
0.713617
0.677897
0.642588
0.607825
0.573735
0.540433
0.508027
0.476617
0.446297
0.417151
0.389261
0.362702
0.337541
0.313841
0.291655
0.271029
0.251994
0.234566
0.218743
0.204499
0.191779
0.180499
0.170544
0.161764
0.153981
0.146999
0.14061
0.134619
0.128857
0.123209
0.117595
0.111964
0.106299
0.100598
0.0948747
0.089151
0.0834548
0.0778164
0.0722662
0.0668332
0.0615435
0.0564202
0.0514822
0.0467451
0.0422202
0.0379155
0.0338358
0.0299833
0.0263578
0.0229579
0.0197812
0.0168247
0.0140861
0.0115637
0.00925679
0.00716647
0.00529705
0.00365892
0.00227379
0.00117905
0.000281369
0.000255363
1.23208
1.22627
1.21588
1.20139
1.18339
1.16234
1.13851
1.11224
1.08387
1.05369
1.02197
0.98894
0.954824
0.919821
0.884126
0.847924
0.811397
0.77472
0.738064
0.701592
0.665459
0.629813
0.594791
0.560525
0.527134
0.494731
0.463421
0.433301
0.404461
0.376984
0.350946
0.326413
0.303446
0.282091
0.262384
0.244342
0.227963
0.213221
0.200061
0.188397
0.178109
0.169043
0.161017
0.153825
0.147254
0.141099
0.135182
0.129378
0.123601
0.117795
0.11194
0.106035
0.100092
0.0941358
0.0881962
0.0823057
0.0764972
0.0708017
0.0652479
0.0598606
0.054661
0.0496659
0.0448882
0.0403373
0.0360189
0.0319359
0.0280892
0.024478
0.0211003
0.0179539
0.0150368
0.0123481
0.00988747
0.00765662
0.0056606
0.00391086
0.00243083
0.00126009
0.000299052
0.000272507
1.26255
1.25442
1.24243
1.2269
1.2083
1.18683
1.16279
1.13647
1.10813
1.07802
1.04636
1.01336
0.979211
0.9441
0.90821
0.871721
0.834812
0.797661
0.760443
0.723329
0.686483
0.650064
0.614223
0.579101
0.544833
0.511541
0.479343
0.448346
0.418648
0.390341
0.363506
0.338219
0.314541
0.292524
0.272205
0.253604
0.236717
0.221519
0.207954
0.195935
0.185338
0.176006
0.16775
0.160359
0.153612
0.147299
0.141234
0.135281
0.129349
0.123378
0.117345
0.111248
0.1051
0.0989271
0.0927598
0.0866329
0.0805813
0.0746385
0.0688348
0.0631972
0.0577485
0.0525071
0.0474874
0.0426998
0.0381512
0.0338456
0.0297845
0.0259678
0.0223943
0.0190625
0.015971
0.0131192
0.0105078
0.00813897
0.0060185
0.00415897
0.00258552
0.00133981
0.000316299
0.000289338
1.28937
1.27923
1.26588
1.2495
1.23033
1.20855
1.18439
1.15808
1.12984
1.09984
1.0683
1.03537
1.00125
0.966088
0.93007
0.893367
0.856156
0.818617
0.780927
0.743265
0.705803
0.668711
0.63215
0.596272
0.561224
0.52714
0.494147
0.462361
0.431892
0.402836
0.375284
0.349314
0.324993
0.302377
0.281502
0.262392
0.245043
0.229429
0.215493
0.203146
0.192263
0.182681
0.174208
0.166625
0.159709
0.153242
0.147032
0.140936
0.134855
0.128728
0.122527
0.116249
0.10991
0.103533
0.0971517
0.0908028
0.0845227
0.0783465
0.0723066
0.0664316
0.0607459
0.0552695
0.0500181
0.0450032
0.040233
0.0357122
0.0314433
0.0274271
0.023663
0.0201503
0.0168882
0.0138769
0.0111177
0.00861334
0.00637063
0.00440315
0.00273777
0.00141816
0.000333112
0.000305853
1.31282
1.30101
1.28655
1.26944
1.24981
1.22782
1.20362
1.17739
1.14928
1.11944
1.08804
1.05524
1.02117
0.98601
0.949915
0.913057
0.87561
0.837753
0.799669
0.761541
0.723549
0.685872
0.64868
0.612137
0.576399
0.541611
0.507908
0.475419
0.444258
0.414531
0.386333
0.359749
0.334849
0.311691
0.290315
0.270743
0.252975
0.236983
0.222708
0.210061
0.198911
0.189095
0.180415
0.172649
0.165568
0.158949
0.152598
0.14636
0.140136
0.133859
0.127497
0.121049
0.114528
0.10796
0.101378
0.0948207
0.0883253
0.081929
0.0756658
0.0695657
0.0636547
0.0579541
0.052481
0.047248
0.0422643
0.0375357
0.0330657
0.0288557
0.0249062
0.021217
0.0177883
0.0146209
0.0117168
0.00907959
0.00671684
0.0046433
0.00288754
0.0014951
0.000349497
0.000322053
1.33315
1.32003
1.30468
1.28697
1.26702
1.24492
1.22076
1.19464
1.1667
1.13705
1.10583
1.07316
1.03919
1.00406
0.967929
0.930962
0.893332
0.855218
0.816806
0.778283
0.739838
0.701654
0.663912
0.626786
0.59044
0.555028
0.520697
0.487581
0.455804
0.425477
0.396703
0.369568
0.344149
0.320505
0.298679
0.278693
0.260546
0.244211
0.229628
0.216704
0.205308
0.195272
0.186394
0.178451
0.171208
0.164439
0.157947
0.151571
0.145206
0.138783
0.132268
0.125658
0.118966
0.112217
0.105446
0.0986916
0.0919934
0.0853895
0.0789151
0.0726016
0.0664764
0.0605621
0.0548768
0.0494346
0.0442455
0.0393164
0.0346516
0.0302536
0.0261237
0.0222626
0.0186711
0.0153511
0.0123051
0.0095376
0.00705706
0.00487936
0.00303477
0.0015706
0.000365456
0.000337938
1.35061
1.33652
1.32046
1.30233
1.2822
1.26008
1.23601
1.21006
1.18232
1.15288
1.12185
1.08933
1.05547
1.0204
0.984268
0.947231
0.909462
0.871142
0.832459
0.793605
0.754772
0.716153
0.677935
0.6403
0.603421
0.567462
0.532577
0.498908
0.466584
0.435726
0.406439
0.378815
0.352934
0.328857
0.306628
0.286271
0.267784
0.251139
0.236275
0.223098
0.211473
0.201231
0.192165
0.184049
0.176647
0.169729
0.163096
0.156582
0.150079
0.143514
0.136851
0.130085
0.12323
0.11631
0.10936
0.102421
0.0955314
0.0887314
0.0820572
0.0755415
0.0692128
0.0630947
0.0572067
0.0515637
0.046177
0.0410544
0.0362012
0.0316209
0.0273156
0.0232869
0.0195366
0.0160673
0.0128824
0.00998727
0.00739121
0.00511126
0.00317942
0.00164464
0.000380995
0.00035351
1.36545
1.35062
1.33409
1.31573
1.29554
1.27348
1.24957
1.22382
1.19631
1.16709
1.13626
1.10392
1.07018
1.03519
0.999073
0.961995
0.924125
0.885643
0.846739
0.807608
0.768447
0.729456
0.690829
0.652754
0.615412
0.578976
0.543606
0.509451
0.476648
0.445322
0.415583
0.387528
0.361238
0.336778
0.314192
0.293504
0.274714
0.257791
0.242674
0.229265
0.217428
0.206991
0.197745
0.189461
0.181901
0.174834
0.168059
0.161408
0.154767
0.148062
0.141255
0.13434
0.127329
0.120246
0.113128
0.106013
0.0989435
0.0919583
0.0850951
0.0783878
0.0718655
0.0655533
0.0594715
0.0536361
0.0480593
0.0427501
0.0377148
0.0329576
0.0284818
0.02429
0.0203847
0.0167695
0.0134487
0.0104285
0.00771922
0.00533897
0.00332146
0.0017172
0.00039612
0.00036877
1.3778
1.36255
1.34578
1.32736
1.30722
1.28531
1.2616
1.23609
1.20881
1.17982
1.1492
1.11704
1.08345
1.04854
1.01247
0.975372
0.937432
0.898825
0.859742
0.820383
0.780949
0.741644
0.702667
0.664216
0.626476
0.589628
0.553838
0.519261
0.486041
0.454307
0.424174
0.395741
0.369094
0.344298
0.321398
0.300419
0.28136
0.264189
0.248843
0.235223
0.22319
0.212568
0.203149
0.194701
0.186984
0.179768
0.172849
0.16606
0.159281
0.152439
0.145491
0.138432
0.131271
0.124033
0.116755
0.109474
0.102234
0.0950736
0.0880317
0.0811426
0.0744366
0.0679394
0.0616723
0.0556525
0.049893
0.0444039
0.0391924
0.0342639
0.0296225
0.0252717
0.0212153
0.0174576
0.014004
0.0108614
0.00804106
0.00556244
0.00346087
0.00178827
0.000410838
0.000383721
1.3879
1.37251
1.3557
1.33737
1.3174
1.2957
1.27223
1.24698
1.21996
1.19122
1.16081
1.12883
1.09538
1.06058
1.02455
0.987464
0.949479
0.91078
0.871557
0.832014
0.792355
0.752788
0.713519
0.674749
0.636672
0.599472
0.563322
0.528384
0.494806
0.46272
0.432247
0.40349
0.376533
0.351445
0.328273
0.30704
0.287744
0.270353
0.254802
0.240989
0.228774
0.217979
0.208392
0.199782
0.191909
0.184543
0.177479
0.17055
0.163633
0.156654
0.149568
0.142368
0.135062
0.127677
0.120246
0.112809
0.105407
0.098081
0.0908698
0.0838084
0.0769277
0.0702543
0.0638104
0.0576138
0.0516788
0.0460163
0.0406345
0.0355399
0.0307377
0.0262323
0.0220285
0.0181317
0.0145481
0.0112857
0.00835669
0.00578164
0.00359761
0.00185783
0.000425155
0.000398365
1.39596
1.38068
1.36403
1.34591
1.32619
1.30477
1.28159
1.25662
1.22987
1.20137
1.17118
1.13939
1.10608
1.07139
1.03543
0.998362
0.960356
0.921592
0.882264
0.842576
0.802737
0.762957
0.723447
0.684412
0.646053
0.608558
0.572106
0.536864
0.502982
0.470599
0.439838
0.410803
0.383583
0.358246
0.33484
0.313388
0.293886
0.276301
0.260567
0.246579
0.234195
0.223235
0.213486
0.204717
0.196688
0.18917
0.181959
0.174888
0.167833
0.160716
0.153494
0.146156
0.138711
0.131184
0.123608
0.116021
0.108466
0.100984
0.0936124
0.0863876
0.079341
0.0724998
0.0658868
0.059521
0.0534173
0.0475877
0.0420414
0.0367859
0.0318275
0.0271717
0.0228244
0.0187918
0.0150812
0.0117016
0.0086661
0.00599657
0.00373168
0.00192587
0.000439077
0.000412704
1.4022
1.38724
1.3709
1.35312
1.33373
1.31264
1.28977
1.2651
1.23863
1.21038
1.18041
1.1488
1.11565
1.08106
1.04518
1.00815
0.970141
0.931338
0.891936
0.852139
0.812159
0.772211
0.732507
0.69326
0.654671
0.616935
0.580234
0.54474
0.510607
0.477978
0.446977
0.417712
0.390272
0.364726
0.341122
0.319483
0.299804
0.282051
0.266154
0.252007
0.239466
0.228348
0.218443
0.209516
0.201331
0.193659
0.186299
0.179083
0.171888
0.164634
0.157276
0.149804
0.142224
0.13456
0.126845
0.119116
0.111416
0.103785
0.0962622
0.0888825
0.0816783
0.0746772
0.0679029
0.061375
0.0551093
0.0491187
0.0434135
0.0380022
0.0328922
0.0280901
0.0236029
0.0194378
0.0156032
0.0121089
0.00896926
0.0062072
0.00386306
0.0019924
0.000452613
0.000426741
1.40681
1.39234
1.37645
1.3591
1.34012
1.3194
1.29687
1.27251
1.24632
1.21832
1.18857
1.15715
1.12414
1.08967
1.05387
1.01689
0.978904
0.940086
0.900638
0.860765
0.820683
0.780607
0.740756
0.701342
0.662572
0.624645
0.587747
0.552051
0.517718
0.48489
0.453696
0.424244
0.396625
0.370908
0.347141
0.325346
0.305518
0.287618
0.271577
0.257286
0.244598
0.233331
0.223271
0.214189
0.205847
0.19802
0.190507
0.183144
0.175807
0.168415
0.160923
0.153318
0.145607
0.137811
0.129962
0.122099
0.114261
0.106489
0.0988221
0.0912955
0.0839415
0.0767882
0.0698598
0.0631766
0.0567554
0.0506098
0.0447511
0.039189
0.0339319
0.0289876
0.0243641
0.0200698
0.0161141
0.0125078
0.00926617
0.00641353
0.00399175
0.0020574
0.00046577
0.00044048
1.40997
1.39613
1.38082
1.36397
1.34544
1.32513
1.30297
1.27893
1.25302
1.22527
1.19574
1.1645
1.13164
1.0973
1.06159
1.02467
0.986711
0.9479
0.908431
0.868514
0.828364
0.7882
0.748242
0.708706
0.669802
0.631732
0.594683
0.558835
0.524347
0.491367
0.460022
0.430425
0.402666
0.376814
0.352917
0.330995
0.311041
0.293017
0.276849
0.262427
0.249602
0.238191
0.227982
0.218744
0.210244
0.202259
0.194591
0.187078
0.179598
0.172067
0.164441
0.156706
0.148866
0.140942
0.132965
0.124972
0.117004
0.109098
0.101295
0.0936288
0.0861325
0.0788343
0.0717588
0.064927
0.0583564
0.0520615
0.0460547
0.0403466
0.0349468
0.0298643
0.0251082
0.0206879
0.0166139
0.0128981
0.00955684
0.00661556
0.00411775
0.00212088
0.000478555
0.000453921
1.41185
1.39876
1.3841
1.36782
1.34979
1.32991
1.30812
1.28442
1.25879
1.23129
1.20197
1.17091
1.13821
1.10399
1.06837
1.03153
0.993621
0.954835
0.915371
0.875438
0.835253
0.795038
0.755013
0.715398
0.676403
0.638234
0.601081
0.565124
0.530527
0.497437
0.465984
0.436281
0.408418
0.382465
0.358467
0.336445
0.31639
0.298261
0.281983
0.267441
0.254488
0.242939
0.232581
0.223188
0.214529
0.206384
0.198559
0.190894
0.183267
0.175597
0.167837
0.159972
0.152006
0.143958
0.135858
0.127742
0.119648
0.111616
0.103683
0.0958847
0.0882531
0.080817
0.0736011
0.0666271
0.059913
0.0534745
0.0473247
0.0414754
0.0359373
0.0307204
0.0258352
0.0212921
0.0171027
0.01328
0.00984128
0.00681328
0.00424104
0.00218284
0.000490976
0.00046707
1.41259
1.40034
1.3864
1.37074
1.35323
1.3338
1.3124
1.28903
1.26369
1.23644
1.20733
1.17645
1.1439
1.1098
1.07429
1.03753
0.999686
0.960946
0.92151
0.881589
0.841401
0.801168
0.761114
0.721459
0.682416
0.64419
0.606976
0.570953
0.536288
0.503129
0.471608
0.441835
0.413903
0.38788
0.363811
0.341715
0.32158
0.303364
0.286988
0.272339
0.259265
0.247581
0.237078
0.22753
0.218709
0.210402
0.202417
0.194596
0.186821
0.17901
0.171116
0.163123
0.155032
0.146864
0.138645
0.130411
0.122198
0.114045
0.105989
0.0980653
0.0903053
0.0827378
0.075388
0.0682778
0.0614261
0.0548493
0.0485616
0.0425756
0.0369034
0.0315561
0.0265452
0.0218826
0.0175806
0.0136534
0.0101195
0.0070067
0.00436163
0.00224328
0.00050304
0.000479927
1.41236
1.401
1.38783
1.37281
1.35585
1.33688
1.31587
1.29282
1.26777
1.24076
1.21185
1.18115
1.14875
1.11479
1.07939
1.04272
1.00496
0.966281
0.926896
0.887013
0.846852
0.806635
0.766588
0.72693
0.687877
0.649636
0.612401
0.576354
0.541661
0.508472
0.476919
0.447112
0.419143
0.39308
0.368966
0.346818
0.326623
0.308336
0.291877
0.277128
0.263939
0.252125
0.241477
0.231774
0.222791
0.214318
0.20617
0.198191
0.190266
0.182312
0.174284
0.166163
0.157951
0.149665
0.141331
0.132983
0.124656
0.116389
0.108216
0.100173
0.0922908
0.0845982
0.0771205
0.0698801
0.0628964
0.0561866
0.0497657
0.0436477
0.0378454
0.0323714
0.0272384
0.0224592
0.0180475
0.0140184
0.0103915
0.00719583
0.00447953
0.00230221
0.000514755
0.000492496
1.41127
1.40084
1.38846
1.37411
1.3577
1.33918
1.31856
1.29585
1.27107
1.2443
1.2156
1.18507
1.15283
1.119
1.08372
1.04715
1.00948
0.970887
0.931574
0.891755
0.851649
0.81148
0.771473
0.73185
0.692825
0.654607
0.617389
0.581356
0.546674
0.513491
0.48194
0.452132
0.424157
0.398081
0.373946
0.351768
0.331532
0.313189
0.296657
0.281818
0.268519
0.256578
0.245786
0.235926
0.226778
0.218138
0.209823
0.201684
0.193606
0.185509
0.177346
0.169098
0.160766
0.152364
0.143919
0.135462
0.127026
0.11865
0.110366
0.10221
0.0942114
0.0863997
0.0788001
0.071435
0.0643247
0.0574868
0.0509376
0.0446918
0.0387636
0.0331667
0.0279149
0.0230223
0.0185036
0.0143751
0.0106573
0.00738068
0.00459475
0.00235963
0.000526129
0.00050478
1.40945
1.39996
1.38838
1.37469
1.35883
1.34077
1.32054
1.29814
1.27364
1.24709
1.2186
1.18825
1.15616
1.12247
1.08731
1.05087
1.0133
0.974806
0.935587
0.895857
0.855834
0.815743
0.77581
0.736255
0.697294
0.659135
0.621973
0.58599
0.551353
0.518212
0.486697
0.456918
0.428964
0.402901
0.378769
0.35658
0.336318
0.317932
0.301338
0.286415
0.273011
0.260944
0.250008
0.23999
0.230676
0.221866
0.213382
0.20508
0.196847
0.188605
0.180306
0.171932
0.163481
0.154967
0.146414
0.137851
0.129312
0.12083
0.112442
0.104177
0.0960688
0.0881438
0.0804277
0.0729435
0.0657116
0.0587507
0.0520777
0.0457085
0.0396583
0.033942
0.0285748
0.0235718
0.0189489
0.0147234
0.010917
0.00756126
0.00470727
0.00241555
0.000537169
0.000516781
1.40701
1.39845
1.38766
1.37462
1.3593
1.34169
1.32183
1.29974
1.27551
1.24919
1.22089
1.19072
1.15879
1.12524
1.09022
1.0539
1.01645
0.978079
0.938975
0.899358
0.859445
0.819462
0.779634
0.740181
0.701319
0.663254
0.626181
0.590284
0.555727
0.522659
0.49121
0.461488
0.433583
0.407556
0.383447
0.361266
0.340993
0.322575
0.305927
0.290927
0.277421
0.265229
0.25415
0.243972
0.234489
0.225506
0.216851
0.208383
0.199993
0.191604
0.183169
0.174669
0.166101
0.157476
0.148818
0.140154
0.131515
0.122934
0.114445
0.106078
0.0978648
0.0898318
0.0820046
0.0744064
0.0670581
0.0599788
0.0531865
0.046698
0.0405297
0.0346977
0.0292182
0.0241078
0.0193834
0.0150633
0.0111705
0.0077376
0.00481713
0.00246998
0.000547882
0.000528502
1.40405
1.39639
1.38637
1.37396
1.35915
1.34198
1.32247
1.30069
1.27671
1.25062
1.22252
1.19252
1.16074
1.12735
1.09247
1.05629
1.01898
0.980744
0.941777
0.902297
0.862521
0.822674
0.782981
0.743662
0.704931
0.666994
0.630044
0.594265
0.559819
0.526855
0.495501
0.465864
0.438031
0.412062
0.387995
0.365837
0.345566
0.327127
0.310432
0.295358
0.281753
0.269437
0.258213
0.247875
0.23822
0.229061
0.220232
0.211596
0.203047
0.194511
0.18594
0.177314
0.168629
0.159896
0.151136
0.142373
0.133638
0.124963
0.116378
0.107914
0.0996008
0.091465
0.083532
0.0758248
0.0683647
0.0611717
0.0542644
0.0476607
0.041378
0.0354338
0.0298454
0.0246305
0.0198072
0.0153951
0.0114179
0.0079097
0.00492433
0.00252294
0.000558275
0.000539944
1.40063
1.39384
1.38455
1.37274
1.35843
1.34167
1.32251
1.30102
1.27729
1.25141
1.2235
1.19368
1.16207
1.12883
1.09411
1.05808
1.02092
0.982838
0.94403
0.904709
0.865096
0.825414
0.785886
0.746731
0.708163
0.670384
0.63359
0.597959
0.563655
0.530823
0.49959
0.470062
0.442323
0.416433
0.392425
0.370304
0.350047
0.331595
0.314859
0.299716
0.286013
0.273573
0.262203
0.251701
0.241873
0.232536
0.22353
0.214724
0.206014
0.197329
0.188621
0.179869
0.171069
0.16223
0.15337
0.144512
0.135685
0.126919
0.118243
0.109687
0.101279
0.0930449
0.0850108
0.0771994
0.0696323
0.06233
0.0553119
0.0485969
0.0422036
0.0361505
0.0304563
0.0251399
0.0202205
0.0157186
0.0116592
0.00807759
0.00502887
0.00257442
0.000568355
0.000551111
1.39684
1.39086
1.38225
1.371
1.35717
1.34079
1.32196
1.30075
1.27726
1.2516
1.22388
1.19423
1.16279
1.12971
1.09516
1.05929
1.02231
0.984397
0.945768
0.906631
0.867205
0.827714
0.78838
0.74942
0.711044
0.673455
0.636844
0.601391
0.567257
0.534583
0.503497
0.474101
0.446477
0.420682
0.396748
0.374678
0.354443
0.335986
0.319214
0.304004
0.290204
0.277639
0.266121
0.255455
0.24545
0.235932
0.226748
0.217769
0.208897
0.200061
0.191216
0.182339
0.173425
0.164481
0.155523
0.146573
0.137658
0.128805
0.120042
0.111398
0.102899
0.0945728
0.0864423
0.0785313
0.0708616
0.0634542
0.0563293
0.0495069
0.0430066
0.0368481
0.0310513
0.0256362
0.0206232
0.016034
0.0118945
0.00824129
0.00513077
0.00262446
0.000578129
0.000562005
1.39274
1.3875
1.37953
1.3688
1.35539
1.33939
1.32086
1.29992
1.27666
1.2512
1.22368
1.19421
1.16294
1.13004
1.09566
1.05997
1.02317
0.985453
0.947024
0.908095
0.868882
0.829609
0.790496
0.751758
0.713604
0.676233
0.639836
0.604588
0.570648
0.538157
0.50724
0.477996
0.450505
0.424822
0.400976
0.378966
0.358763
0.340306
0.323502
0.308226
0.294329
0.281639
0.269971
0.259137
0.248953
0.239253
0.229887
0.220734
0.211698
0.202711
0.193728
0.184726
0.175699
0.166652
0.157599
0.14856
0.139559
0.130623
0.121777
0.113049
0.104465
0.0960498
0.0878274
0.0798212
0.0720532
0.0645449
0.0573173
0.0503912
0.0437874
0.0375268
0.0316304
0.0261194
0.0210155
0.0163412
0.0121238
0.00840082
0.00523005
0.00267305
0.000587604
0.000572627
1.38836
1.3838
1.3764
1.36615
1.35314
1.33747
1.31924
1.29854
1.27551
1.25026
1.22292
1.19364
1.16255
1.12983
1.09564
1.06015
1.02355
0.98604
0.947832
0.909134
0.870161
0.831133
0.792269
0.75378
0.715873
0.678747
0.642589
0.607571
0.57385
0.541565
0.510837
0.481764
0.454423
0.428866
0.405119
0.383179
0.363015
0.344562
0.327727
0.312386
0.298391
0.285574
0.273754
0.26275
0.252385
0.242499
0.23295
0.223621
0.21442
0.205281
0.19616
0.187034
0.177894
0.168746
0.1596
0.150474
0.141391
0.132375
0.123451
0.114643
0.105977
0.0974772
0.0891672
0.08107
0.0732078
0.0656026
0.0582762
0.0512501
0.0445462
0.0381867
0.0321937
0.0265897
0.0213973
0.0166404
0.0123471
0.00855619
0.00532672
0.00272021
0.000596785
0.00058298
1.38375
1.3798
1.37291
1.36308
1.35044
1.33508
1.31711
1.29666
1.27384
1.24879
1.22164
1.19254
1.16165
1.12912
1.09512
1.05984
1.02347
0.986194
0.948231
0.909787
0.871077
0.832319
0.793727
0.755513
0.71788
0.681024
0.645129
0.610364
0.576885
0.544826
0.514306
0.485421
0.458245
0.432826
0.409189
0.387326
0.367205
0.348759
0.331894
0.316488
0.302394
0.289447
0.277473
0.266296
0.255748
0.245674
0.235939
0.226433
0.217066
0.207774
0.198515
0.189265
0.180014
0.170765
0.161528
0.152318
0.143156
0.134064
0.125064
0.11618
0.107436
0.0988562
0.0904627
0.0822785
0.0743262
0.066628
0.0592063
0.0520838
0.0452833
0.038828
0.0327415
0.0270472
0.0217689
0.0169316
0.0125645
0.00870745
0.00542079
0.00276596
0.000605679
0.000593066
1.37894
1.37551
1.36907
1.35962
1.3473
1.33223
1.31451
1.29428
1.27167
1.24681
1.21986
1.19096
1.16026
1.12793
1.09416
1.0591
1.02297
0.985949
0.948252
0.910085
0.871661
0.833196
0.794902
0.756987
0.719652
0.68309
0.647481
0.612991
0.579774
0.547961
0.517666
0.488985
0.461986
0.436716
0.413195
0.391416
0.371341
0.352903
0.336008
0.320535
0.306339
0.29326
0.281128
0.269776
0.259041
0.248777
0.238856
0.229171
0.219637
0.210193
0.200796
0.191421
0.18206
0.172713
0.163386
0.154095
0.144857
0.13569
0.126618
0.117662
0.108845
0.100188
0.0917148
0.0834476
0.0754089
0.0676215
0.0601083
0.0528928
0.0459989
0.039451
0.0332738
0.0274919
0.0221303
0.0172149
0.012776
0.0088546
0.00551229
0.00281032
0.000614292
0.000602886
1.37395
1.37097
1.36491
1.35579
1.34376
1.32894
1.31145
1.29143
1.26903
1.24437
1.21761
1.18891
1.15842
1.12632
1.09277
1.05796
1.02208
0.985339
0.947928
0.91006
0.871946
0.833797
0.795824
0.758231
0.721217
0.68497
0.649668
0.615475
0.582538
0.550988
0.520935
0.49247
0.465659
0.440547
0.417149
0.395456
0.375429
0.357
0.340073
0.32453
0.310228
0.297013
0.284721
0.273191
0.262268
0.251812
0.241702
0.231837
0.222136
0.212538
0.203003
0.193506
0.184036
0.174591
0.165177
0.155806
0.146494
0.137257
0.128116
0.119091
0.110203
0.101473
0.0929244
0.084578
0.0764567
0.0685836
0.0609823
0.0536773
0.0466933
0.0400558
0.0337908
0.027924
0.0224815
0.0174902
0.0129816
0.00899767
0.00560121
0.00285329
0.00062263
0.000612443
1.36882
1.3662
1.36045
1.35161
1.33983
1.32524
1.30796
1.28815
1.26594
1.24148
1.21493
1.18643
1.15617
1.12429
1.09099
1.05645
1.02085
0.984398
0.947294
0.909747
0.871963
0.834153
0.796523
0.759275
0.722602
0.686692
0.651718
0.617839
0.5852
0.553927
0.524129
0.495891
0.469278
0.44433
0.42106
0.399455
0.379476
0.361053
0.344092
0.328475
0.314064
0.300709
0.288253
0.276542
0.265427
0.254778
0.244479
0.234433
0.224564
0.214813
0.20514
0.195521
0.185942
0.176401
0.166902
0.157454
0.14807
0.138765
0.129559
0.120468
0.111513
0.102714
0.0940926
0.0856704
0.0774701
0.0695148
0.061829
0.0544376
0.0473667
0.0406426
0.0342926
0.0283436
0.0228226
0.0177577
0.0131814
0.00913669
0.00568759
0.00289489
0.000630697
0.000621738
1.36354
1.36121
1.35571
1.34711
1.33554
1.32115
1.30408
1.28446
1.26244
1.23819
1.21184
1.18356
1.15353
1.1219
1.08886
1.0546
1.0193
0.983158
0.946384
0.909177
0.871746
0.834296
0.79703
0.760146
0.723837
0.688282
0.653653
0.620105
0.587779
0.556798
0.527265
0.499264
0.472855
0.448075
0.424935
0.40342
0.383487
0.365068
0.348068
0.332372
0.317847
0.304348
0.291724
0.279829
0.268521
0.257677
0.247187
0.23696
0.226922
0.217019
0.207209
0.197468
0.187782
0.178146
0.168563
0.15904
0.149587
0.140217
0.130947
0.121794
0.112775
0.10391
0.0952201
0.0867257
0.0784497
0.0704157
0.0626486
0.0551741
0.0480193
0.0412116
0.0347794
0.0287508
0.0231537
0.0180174
0.0133753
0.00927169
0.00577144
0.00293515
0.0006385
0.000630772
1.35814
1.35601
1.35072
1.34231
1.33093
1.31672
1.29982
1.28039
1.25857
1.23451
1.20838
1.18033
1.15054
1.11917
1.08641
1.05245
1.01746
0.981657
0.94523
0.908386
0.871327
0.834257
0.797375
0.760877
0.724948
0.689767
0.655499
0.622297
0.590297
0.559618
0.530361
0.502603
0.476403
0.451794
0.428784
0.407356
0.387467
0.369046
0.352003
0.336223
0.321579
0.30793
0.295135
0.283052
0.271549
0.260508
0.249827
0.239418
0.229213
0.219157
0.20921
0.199349
0.189557
0.179828
0.170163
0.160566
0.151046
0.141614
0.132284
0.123071
0.113991
0.105064
0.0963077
0.0877445
0.0793962
0.0712868
0.0634415
0.0558871
0.0486514
0.041763
0.0352514
0.0291456
0.0234749
0.0182694
0.0135636
0.00940268
0.00585277
0.00297407
0.000646043
0.000639547
1.35261
1.35064
1.34549
1.33723
1.326
1.31195
1.29523
1.27598
1.25435
1.2305
1.20459
1.17678
1.14724
1.11615
1.08368
1.05003
1.01538
0.979928
0.94387
0.907408
0.870741
0.834071
0.797592
0.761496
0.725965
0.691173
0.657281
0.624438
0.592775
0.562407
0.533431
0.505922
0.479933
0.455495
0.432614
0.41127
0.391418
0.372992
0.355898
0.340029
0.32526
0.311457
0.298486
0.286212
0.274512
0.263273
0.2524
0.24181
0.231436
0.221228
0.211146
0.201165
0.191268
0.181448
0.171703
0.162035
0.15245
0.142958
0.13357
0.124299
0.115162
0.106175
0.0973565
0.0887274
0.0803101
0.0721284
0.0642082
0.0565769
0.0492633
0.042297
0.0357086
0.0295282
0.0237862
0.0185137
0.0137461
0.0095297
0.0059316
0.00301168
0.000653332
0.000648064
1.34697
1.3451
1.34005
1.3319
1.3208
1.30689
1.29033
1.27125
1.24981
1.22617
1.20049
1.17293
1.14366
1.11286
1.08071
1.04739
1.01309
0.978011
0.94234
0.906278
0.870023
0.83377
0.797711
0.762034
0.726916
0.692527
0.659024
0.62655
0.595232
0.565182
0.536492
0.509233
0.483456
0.459187
0.436431
0.415165
0.395346
0.376906
0.359756
0.34379
0.328889
0.314927
0.301776
0.289309
0.27741
0.265972
0.254906
0.244135
0.233594
0.223235
0.213018
0.202919
0.192919
0.183009
0.173185
0.163447
0.153799
0.144249
0.134806
0.125481
0.116289
0.107245
0.098367
0.0896753
0.0811919
0.072941
0.0649489
0.0572437
0.0498551
0.0428137
0.0361512
0.0298988
0.0240878
0.0187504
0.0139229
0.00965276
0.00600796
0.00304798
0.00066037
0.000656326
1.34123
1.33939
1.33441
1.32634
1.31534
1.30156
1.28515
1.26624
1.245
1.22157
1.19613
1.16883
1.13985
1.10935
1.07753
1.04456
1.01063
0.975942
0.940677
0.905034
0.869207
0.833389
0.797767
0.762523
0.727832
0.693857
0.660752
0.628654
0.597689
0.567961
0.539558
0.51255
0.486981
0.462878
0.44024
0.419046
0.399252
0.38079
0.363575
0.347505
0.332467
0.318341
0.305005
0.292342
0.280241
0.268604
0.257346
0.246394
0.235687
0.225177
0.214828
0.204611
0.194509
0.18451
0.174609
0.164804
0.155096
0.14549
0.135994
0.126617
0.117373
0.108275
0.0993401
0.0905886
0.0820422
0.0737251
0.065664
0.0578879
0.0504271
0.0433133
0.0365792
0.0302573
0.0243796
0.0189795
0.0140941
0.0097719
0.00608185
0.00308301
0.000667162
0.000664332
1.33539
1.33355
1.32859
1.32057
1.30966
1.296
1.27972
1.26099
1.23994
1.21674
1.19154
1.16452
1.13583
1.10566
1.07419
1.04159
1.00805
0.973763
0.938921
0.903714
0.868332
0.832963
0.797791
0.762993
0.728739
0.695188
0.662489
0.630774
0.600163
0.570758
0.542643
0.515882
0.490518
0.466573
0.444047
0.422916
0.403137
0.384645
0.367356
0.351175
0.335992
0.321696
0.308172
0.29531
0.283007
0.27117
0.25972
0.248587
0.237715
0.227057
0.216575
0.206243
0.19604
0.185955
0.175979
0.166108
0.156341
0.146681
0.137134
0.127708
0.118414
0.109265
0.100276
0.0914681
0.0828615
0.074481
0.0663539
0.0585096
0.0509794
0.043796
0.036993
0.0306039
0.0246619
0.0192011
0.0142597
0.00988713
0.00615329
0.00311676
0.000673713
0.000672084
1.32947
1.32759
1.32262
1.31463
1.30379
1.29023
1.2741
1.25553
1.23469
1.21171
1.18678
1.16004
1.13167
1.10183
1.07072
1.03851
1.00538
0.971515
0.937113
0.902356
0.867433
0.832527
0.797817
0.763476
0.729668
0.696548
0.664259
0.632929
0.602674
0.573591
0.545759
0.51924
0.494073
0.470279
0.447854
0.426777
0.407003
0.38847
0.371099
0.354797
0.339464
0.324993
0.311277
0.298213
0.285706
0.273669
0.262028
0.250716
0.23968
0.228874
0.218262
0.207816
0.197515
0.187344
0.177295
0.167359
0.157536
0.147825
0.138229
0.128756
0.119415
0.110216
0.101177
0.0923143
0.0836503
0.0752093
0.067019
0.0591093
0.0515124
0.0442619
0.0373925
0.0309386
0.0249345
0.0194152
0.0144197
0.00999849
0.0062223
0.00314927
0.000680027
0.000679584
1.32348
1.32153
1.31652
1.30855
1.29776
1.2843
1.2683
1.24991
1.22927
1.20654
1.18188
1.15544
1.12739
1.09792
1.06718
1.03537
1.00266
0.96924
0.935292
0.901001
0.86655
0.832118
0.79788
0.764003
0.730647
0.697961
0.666084
0.63514
0.605238
0.576472
0.548918
0.522633
0.497654
0.473999
0.451665
0.430629
0.410849
0.392264
0.374801
0.358371
0.34288
0.328228
0.314317
0.30105
0.288339
0.276102
0.264269
0.25278
0.241582
0.23063
0.21989
0.209331
0.198933
0.188679
0.178558
0.16856
0.158682
0.148921
0.139279
0.129761
0.120375
0.11113
0.102042
0.0931278
0.0844091
0.0759103
0.0676594
0.059687
0.0520261
0.0447112
0.0377779
0.0312616
0.0251976
0.0196218
0.0145742
0.010106
0.00628891
0.00318055
0.000686107
0.000686832
1.31744
1.31539
1.31033
1.30235
1.29162
1.27825
1.26239
1.24418
1.22375
1.20127
1.17689
1.15076
1.12306
1.09395
1.06362
1.03222
0.99995
0.966984
0.933504
0.89969
0.865721
0.831772
0.798012
0.764604
0.731703
0.699453
0.667987
0.637425
0.607871
0.579416
0.55213
0.526068
0.501265
0.477737
0.455481
0.434473
0.414674
0.396027
0.378461
0.361894
0.346239
0.331402
0.317292
0.303819
0.290903
0.278466
0.266444
0.254779
0.24342
0.232325
0.221458
0.210789
0.200296
0.189961
0.17977
0.169712
0.15978
0.149972
0.140286
0.130725
0.121295
0.112007
0.102872
0.0939092
0.0851383
0.0765844
0.0682756
0.0602432
0.0525208
0.045144
0.0381493
0.031573
0.0254514
0.0198211
0.0147232
0.0102097
0.00635311
0.0032106
0.000691957
0.000693829
1.31138
1.3092
1.30408
1.29609
1.2854
1.27212
1.2564
1.23837
1.21817
1.19595
1.17187
1.14607
1.11872
1.09
1.06007
1.02911
0.99729
0.964791
0.93179
0.898463
0.864984
0.831524
0.798247
0.76531
0.732864
0.701047
0.669988
0.639801
0.610587
0.582431
0.555402
0.529551
0.50491
0.481495
0.459301
0.438308
0.418477
0.399755
0.382075
0.365364
0.349537
0.33451
0.320199
0.30652
0.293398
0.280763
0.268553
0.256713
0.245197
0.23396
0.222969
0.212192
0.201606
0.191191
0.180931
0.170814
0.160832
0.150978
0.141249
0.131648
0.122177
0.112847
0.103669
0.0946589
0.0858384
0.0772319
0.0688678
0.0607779
0.0529968
0.0455605
0.0385068
0.0318728
0.0256957
0.0200131
0.0148667
0.0103095
0.00641494
0.00323946
0.000697581
0.000700576
1.30532
1.30302
1.29781
1.2898
1.27915
1.26597
1.2504
1.23256
1.21259
1.19064
1.16686
1.14141
1.11444
1.08611
1.05661
1.02609
0.994731
0.962709
0.930196
0.897363
0.864379
0.831411
0.798617
0.76615
0.734155
0.702766
0.672106
0.642285
0.613399
0.585529
0.558742
0.533085
0.508591
0.485272
0.463125
0.442131
0.422254
0.403445
0.385642
0.368777
0.352773
0.337552
0.323036
0.30915
0.295823
0.28299
0.270594
0.258583
0.246911
0.235536
0.224422
0.213539
0.202862
0.192369
0.182043
0.17187
0.161838
0.15194
0.142171
0.13253
0.123022
0.113651
0.104432
0.0953775
0.0865099
0.0778532
0.0694363
0.0612916
0.0534541
0.0459609
0.0388505
0.0321612
0.0259307
0.0201978
0.0150048
0.0104056
0.0064744
0.00326714
0.000702982
0.000707074
1.29932
1.29686
1.29157
1.28355
1.27294
1.25985
1.24443
1.22679
1.20707
1.1854
1.16194
1.13684
1.11025
1.08234
1.05327
1.02321
0.992323
0.960786
0.928766
0.89643
0.863944
0.831467
0.799154
0.767152
0.735601
0.70463
0.674357
0.644888
0.616315
0.588716
0.562154
0.536674
0.512307
0.489067
0.46695
0.445939
0.426002
0.407093
0.389157
0.37213
0.355943
0.340524
0.325802
0.311708
0.298177
0.285148
0.272569
0.260389
0.248563
0.237052
0.225819
0.214832
0.204066
0.193498
0.183108
0.172879
0.1628
0.152859
0.143051
0.133374
0.123829
0.114421
0.105162
0.0960655
0.087153
0.0784486
0.0699815
0.0617843
0.0538929
0.0463452
0.0391806
0.0324381
0.0261565
0.0203752
0.0151375
0.010498
0.00653152
0.00329365
0.000708163
0.000713323
1.29341
1.2908
1.28542
1.27738
1.26681
1.25383
1.23856
1.22113
1.20166
1.1803
1.15717
1.13243
1.10624
1.07875
1.05012
1.02052
0.990115
0.959068
0.927544
0.895707
0.863715
0.831725
0.799886
0.768341
0.737223
0.706657
0.676756
0.647623
0.619345
0.591997
0.56564
0.540317
0.516058
0.492876
0.470772
0.449728
0.429716
0.410695
0.392615
0.375419
0.359043
0.343423
0.328494
0.314192
0.300458
0.287236
0.274475
0.262129
0.250153
0.238509
0.227159
0.216071
0.205219
0.194577
0.184125
0.173843
0.163717
0.153736
0.143892
0.134179
0.124599
0.115156
0.105859
0.0967234
0.0877683
0.0790186
0.0705035
0.0622563
0.0543134
0.0467136
0.0394971
0.0327038
0.0263732
0.0205455
0.0152648
0.0105865
0.0065863
0.00331901
0.000713127
0.000719325
1.28765
1.28488
1.27942
1.27136
1.26084
1.24797
1.23287
1.21566
1.19645
1.17539
1.1526
1.12824
1.10245
1.07539
1.04722
1.01808
0.98816
0.957603
0.926574
0.895231
0.863728
0.832217
0.800841
0.769739
0.739039
0.708861
0.679314
0.650496
0.622492
0.595374
0.569199
0.544011
0.519839
0.496697
0.474585
0.453491
0.43339
0.414245
0.396012
0.378639
0.362071
0.346247
0.33111
0.316601
0.302665
0.289252
0.276313
0.263804
0.251682
0.239907
0.228443
0.217258
0.206321
0.195608
0.185095
0.174762
0.164593
0.154573
0.144693
0.134947
0.125334
0.115857
0.106525
0.0973515
0.0883561
0.0795633
0.0710026
0.0627077
0.0547158
0.0470663
0.0398001
0.0329582
0.0265806
0.0207086
0.0153868
0.0106714
0.00663877
0.00334323
0.000717876
0.00072508
1.2821
1.27918
1.27363
1.26556
1.25509
1.24235
1.22742
1.21043
1.1915
1.17075
1.14831
1.12434
1.09896
1.07233
1.04461
1.01595
0.986506
0.956436
0.925896
0.895039
0.864015
0.83297
0.802043
0.771367
0.741065
0.711254
0.682039
0.653514
0.62576
0.598846
0.57283
0.547753
0.523645
0.500521
0.478384
0.457224
0.437018
0.417738
0.399343
0.381787
0.365021
0.348992
0.333646
0.318931
0.304797
0.291196
0.278082
0.265414
0.253149
0.241247
0.229673
0.218392
0.207374
0.196591
0.18602
0.175638
0.165426
0.155369
0.145455
0.135678
0.126034
0.116525
0.10716
0.0979504
0.0889167
0.080083
0.0714791
0.0631389
0.0551003
0.0474033
0.0400898
0.0332014
0.026779
0.0208645
0.0155034
0.0107526
0.00668894
0.00336633
0.000722415
0.000730589
1.27682
1.27376
1.26813
1.26006
1.24966
1.23703
1.22229
1.20554
1.18688
1.16645
1.14438
1.12078
1.09582
1.06963
1.04236
1.01417
0.9852
0.95561
0.925549
0.895166
0.864606
0.834009
0.803511
0.773239
0.743313
0.713845
0.684935
0.656676
0.629145
0.60241
0.576527
0.551537
0.52747
0.504342
0.48216
0.460916
0.440594
0.421166
0.402601
0.384857
0.36789
0.351654
0.336101
0.321182
0.306852
0.293066
0.279782
0.266958
0.254553
0.242529
0.230847
0.219473
0.208377
0.197528
0.1869
0.17647
0.166218
0.156125
0.14618
0.136373
0.126699
0.11716
0.107763
0.0985203
0.0894505
0.0805782
0.0719331
0.06355
0.055467
0.0477249
0.0403663
0.0334335
0.0269684
0.0210134
0.0156148
0.0108301
0.00673683
0.00338832
0.000726744
0.000735852
1.27191
1.2687
1.263
1.25493
1.2446
1.23212
1.21756
1.20105
1.18268
1.16257
1.14086
1.11765
1.0931
1.06734
1.04052
1.01279
0.984286
0.955163
0.925566
0.89564
0.865523
0.835353
0.80526
0.775366
0.745789
0.716635
0.688003
0.65998
0.632643
0.606059
0.580281
0.555352
0.531302
0.50815
0.485904
0.464561
0.444108
0.424524
0.40578
0.387843
0.370674
0.354231
0.338471
0.323351
0.308828
0.294862
0.281411
0.268436
0.255896
0.243753
0.231967
0.220504
0.209331
0.198418
0.187736
0.17726
0.166969
0.156843
0.146867
0.137032
0.12733
0.117763
0.108336
0.0990618
0.0899579
0.0810489
0.072365
0.0639411
0.0558159
0.048031
0.0406295
0.0336546
0.0271489
0.0211553
0.0157209
0.0109039
0.00678244
0.00340922
0.000730867
0.000740869
1.26742
1.26408
1.25833
1.25027
1.24002
1.22767
1.21331
1.19704
1.17896
1.15918
1.13782
1.115
1.09086
1.06553
1.03914
1.01186
0.983804
0.95513
0.925977
0.896484
0.866786
0.837016
0.807299
0.777754
0.748495
0.719624
0.691237
0.663419
0.636246
0.609782
0.584082
0.559188
0.535131
0.511934
0.489606
0.468148
0.447552
0.427802
0.408875
0.390741
0.373368
0.356718
0.340754
0.325436
0.310725
0.296582
0.282969
0.269848
0.257177
0.244918
0.233032
0.221483
0.210237
0.199262
0.188528
0.178009
0.167681
0.157523
0.147518
0.137656
0.127928
0.118334
0.10888
0.0995752
0.0904391
0.0814956
0.072775
0.0643125
0.0561474
0.0483218
0.0408796
0.0338647
0.0273204
0.0212902
0.0158218
0.0109741
0.00682579
0.00342903
0.000734786
0.000745642
1.26346
1.26
1.25419
1.24615
1.23599
1.22379
1.20963
1.1936
1.1758
1.15635
1.13534
1.11289
1.08915
1.06423
1.03827
1.01141
0.983785
0.955537
0.926802
0.897715
0.868406
0.839005
0.809631
0.780402
0.751426
0.722804
0.694628
0.666982
0.639941
0.613567
0.587916
0.56303
0.538944
0.515681
0.493253
0.471667
0.450917
0.430994
0.411877
0.393544
0.375966
0.359112
0.342947
0.327435
0.312539
0.298225
0.284455
0.271193
0.258396
0.246026
0.234044
0.222412
0.211095
0.200061
0.189278
0.178717
0.168353
0.158165
0.148133
0.138245
0.128493
0.118874
0.109393
0.100061
0.0908944
0.0819184
0.0731632
0.0646642
0.0564614
0.0485974
0.0411167
0.034064
0.027483
0.0214181
0.0159175
0.0110407
0.00686689
0.00344779
0.000738502
0.00075017
1.2601
1.25653
1.25068
1.24267
1.23259
1.22053
1.20657
1.19079
1.17327
1.15413
1.13346
1.11138
1.08802
1.06349
1.03793
1.01147
0.984253
0.956403
0.928055
0.89934
0.870387
0.841318
0.812253
0.783302
0.754572
0.726162
0.698162
0.670654
0.643711
0.617397
0.591767
0.566865
0.542726
0.519377
0.496834
0.475106
0.454194
0.43409
0.41478
0.396247
0.378466
0.361409
0.345046
0.329344
0.314271
0.299791
0.285869
0.27247
0.259552
0.247076
0.235001
0.22329
0.211906
0.200815
0.189985
0.179384
0.168987
0.158769
0.148712
0.138801
0.129025
0.119383
0.109878
0.100519
0.0913241
0.0823176
0.0735298
0.0649966
0.0567582
0.0488579
0.0413409
0.0342524
0.0276368
0.0215391
0.016008
0.0111037
0.00690576
0.00346548
0.000742019
0.000754455
1.25743
1.25375
1.24787
1.23989
1.22991
1.21799
1.20422
1.18867
1.17143
1.15258
1.13224
1.1105
1.0875
1.06334
1.03815
1.01207
0.985223
0.957735
0.929739
0.90136
0.872724
0.843949
0.815151
0.786439
0.757917
0.729681
0.70182
0.674415
0.647538
0.621253
0.595616
0.570672
0.54646
0.523007
0.500335
0.478454
0.457371
0.437081
0.417577
0.398843
0.380861
0.363605
0.347049
0.331164
0.315917
0.301277
0.28721
0.27368
0.260646
0.248068
0.235905
0.224119
0.212671
0.201526
0.19065
0.180012
0.169583
0.159338
0.149257
0.139323
0.129526
0.119862
0.110333
0.10095
0.0917284
0.0826934
0.073875
0.0653096
0.0570378
0.0491034
0.0415522
0.03443
0.0277818
0.0216531
0.0160934
0.0111631
0.00694241
0.00348214
0.000745336
0.000758496
1.25551
1.25174
1.24583
1.23788
1.22799
1.21622
1.20263
1.1873
1.17031
1.15175
1.13171
1.11029
1.08762
1.0638
1.03895
1.01321
0.986694
0.959531
0.931846
0.903762
0.8754
0.846877
0.818305
0.789792
0.761437
0.733336
0.705577
0.678239
0.651396
0.625111
0.599441
0.574433
0.550127
0.526555
0.503741
0.481699
0.460438
0.43996
0.42026
0.401328
0.383146
0.365696
0.348953
0.33289
0.317477
0.302683
0.288477
0.274822
0.261678
0.249002
0.236756
0.224897
0.213388
0.202192
0.191274
0.1806
0.170141
0.159871
0.149767
0.139812
0.129995
0.12031
0.11076
0.101354
0.0921077
0.0830459
0.074199
0.0656035
0.0573003
0.049334
0.0417507
0.0345968
0.027918
0.0217603
0.0161736
0.0112189
0.00697685
0.00349776
0.000748457
0.000762293
1.25441
1.25055
1.24462
1.23671
1.2269
1.21525
1.20184
1.18671
1.16996
1.15165
1.13188
1.11076
1.08838
1.06486
1.04032
1.01488
0.988656
0.961775
0.934357
0.906524
0.878392
0.850077
0.821688
0.79333
0.765102
0.737098
0.709404
0.6821
0.655259
0.628946
0.603219
0.578126
0.55371
0.530005
0.507037
0.484827
0.463385
0.442717
0.422822
0.403693
0.385318
0.367679
0.350755
0.334521
0.318948
0.304008
0.289669
0.275895
0.262646
0.249879
0.237553
0.225626
0.21406
0.202815
0.191857
0.181149
0.170662
0.160368
0.150242
0.140268
0.130432
0.120729
0.111159
0.101731
0.0924622
0.0833755
0.074502
0.0658783
0.057546
0.0495497
0.0419364
0.034753
0.0280456
0.0218607
0.0162487
0.0112712
0.0070091
0.00351237
0.000751383
0.000765848
1.25416
1.25023
1.24427
1.23639
1.22665
1.21513
1.20186
1.18692
1.17037
1.1523
1.13277
1.1119
1.08978
1.06653
1.04225
1.01706
0.991082
0.964436
0.937239
0.90961
0.881664
0.853511
0.825261
0.797016
0.768875
0.740929
0.713266
0.685965
0.659098
0.632731
0.606924
0.581728
0.557187
0.533337
0.510209
0.487825
0.466199
0.445342
0.425255
0.405934
0.387371
0.36955
0.352452
0.336054
0.32033
0.305251
0.290786
0.2769
0.263551
0.250697
0.238296
0.226306
0.214685
0.203396
0.192399
0.18166
0.171147
0.16083
0.150685
0.140692
0.130839
0.121118
0.11153
0.102082
0.092792
0.0836822
0.074784
0.0661342
0.0577747
0.0497507
0.0421095
0.0348986
0.0281645
0.0219542
0.0163187
0.0113199
0.00703915
0.00352596
0.000754116
0.00076916
1.25479
1.25078
1.2448
1.23694
1.22727
1.21584
1.20271
1.18792
1.17155
1.15367
1.13435
1.11369
1.09179
1.06875
1.04468
1.01971
0.993928
0.96747
0.940447
0.912975
0.885167
0.857133
0.828979
0.800807
0.772714
0.744792
0.717126
0.689797
0.662878
0.636436
0.610531
0.585216
0.560537
0.536535
0.51324
0.49068
0.468871
0.447827
0.427552
0.408045
0.3893
0.371305
0.354042
0.337489
0.321621
0.30641
0.291827
0.277835
0.264393
0.251458
0.238987
0.226936
0.215265
0.203933
0.192901
0.182133
0.171595
0.161257
0.151094
0.141085
0.131216
0.121478
0.111873
0.102407
0.0930973
0.0839663
0.0750453
0.0663714
0.0579868
0.049937
0.04227
0.0350335
0.0282747
0.022041
0.0163836
0.0113651
0.00706703
0.00353855
0.000756656
0.00077223
1.25628
1.25219
1.24618
1.23833
1.22871
1.21736
1.20433
1.18967
1.17345
1.15572
1.13656
1.11608
1.09435
1.07148
1.04758
1.02276
0.997136
0.970818
0.943922
0.916561
0.888847
0.860888
0.832789
0.804651
0.776571
0.748639
0.720942
0.69356
0.666566
0.640029
0.61401
0.588564
0.56374
0.539578
0.516115
0.493379
0.471389
0.450162
0.429705
0.41002
0.391102
0.372941
0.355521
0.338822
0.322819
0.307485
0.29279
0.2787
0.265171
0.252161
0.239624
0.227518
0.2158
0.204428
0.193364
0.182568
0.172007
0.16165
0.15147
0.141446
0.131562
0.12181
0.112189
0.102707
0.0933784
0.0842279
0.0752859
0.0665898
0.0581821
0.0501087
0.0424179
0.0351579
0.0283763
0.022121
0.0164435
0.0114068
0.00709273
0.00355016
0.000759004
0.000775057
1.25857
1.25441
1.24837
1.24052
1.23093
1.21963
1.20668
1.19211
1.17599
1.15838
1.13935
1.11899
1.09738
1.07464
1.05086
1.02615
1.00063
0.974408
0.947593
0.920299
0.892636
0.864712
0.836631
0.808493
0.780394
0.752424
0.72467
0.697212
0.670125
0.643478
0.617333
0.591748
0.566772
0.54245
0.518819
0.495908
0.473743
0.45234
0.431709
0.411853
0.392771
0.374454
0.356887
0.340052
0.323923
0.308475
0.293677
0.279495
0.265886
0.252805
0.240208
0.228051
0.216289
0.204881
0.193786
0.182966
0.172384
0.16201
0.151814
0.141775
0.131878
0.122112
0.112477
0.10298
0.0936354
0.0844671
0.075506
0.0667897
0.0583609
0.0502658
0.0425532
0.0352718
0.0284694
0.0221942
0.0164983
0.0114449
0.00711627
0.00356077
0.000761163
0.000777642
1.26159
1.25736
1.25127
1.2434
1.23382
1.22255
1.20965
1.19514
1.17909
1.16155
1.1426
1.12232
1.1008
1.07814
1.05443
1.02979
1.00433
0.978154
0.951378
0.924111
0.896462
0.868537
0.840441
0.812272
0.784126
0.756095
0.728263
0.700712
0.673518
0.646749
0.620472
0.594742
0.569614
0.545132
0.521335
0.498256
0.475922
0.454351
0.433555
0.41354
0.394304
0.375842
0.358139
0.341176
0.324932
0.309378
0.294485
0.280219
0.266536
0.253392
0.24074
0.228535
0.216734
0.205293
0.19417
0.183327
0.172726
0.162335
0.152126
0.142074
0.132165
0.122387
0.112739
0.103228
0.0938685
0.0846841
0.0757057
0.0669711
0.0585231
0.0504084
0.0426761
0.0353752
0.0285539
0.0222607
0.0165481
0.0114796
0.00713766
0.00357042
0.000763133
0.000779986
1.2652
1.26089
1.25475
1.24686
1.23726
1.226
1.21311
1.19863
1.18261
1.16512
1.14621
1.12597
1.10448
1.08186
1.05818
1.03357
1.00813
0.981962
0.955187
0.927911
0.900243
0.872288
0.844149
0.815925
0.787711
0.759599
0.731674
0.704018
0.676707
0.649811
0.623397
0.597523
0.572244
0.547605
0.52365
0.500411
0.477916
0.456187
0.435237
0.415074
0.395697
0.377101
0.359273
0.342194
0.325844
0.310194
0.295215
0.280873
0.267123
0.25392
0.241218
0.228971
0.217133
0.205662
0.194515
0.183651
0.173033
0.162627
0.152405
0.142342
0.132422
0.122633
0.112974
0.10345
0.0940778
0.084879
0.0758851
0.067134
0.0586689
0.0505366
0.0427866
0.0354681
0.0286298
0.0223205
0.0165929
0.0115108
0.00715691
0.0035791
0.000764915
0.000782087
1.26924
1.26486
1.25866
1.25072
1.2411
1.22982
1.21692
1.20244
1.18642
1.16892
1.15002
1.12978
1.1083
1.08567
1.06199
1.03737
1.01191
0.985727
0.958923
0.931611
0.903897
0.875888
0.847685
0.819387
0.79109
0.762884
0.734856
0.707088
0.679656
0.652632
0.626082
0.600067
0.574641
0.549854
0.525748
0.502359
0.479716
0.457842
0.436751
0.416452
0.396946
0.378228
0.360287
0.343104
0.326658
0.310922
0.295865
0.281455
0.267645
0.25439
0.241643
0.229358
0.217488
0.20599
0.19482
0.183938
0.173305
0.162886
0.152653
0.14258
0.13265
0.122851
0.113182
0.103648
0.0942634
0.0850518
0.0760443
0.0672786
0.0587983
0.0506504
0.0428846
0.0355507
0.0286972
0.0223736
0.0166327
0.0115385
0.00717401
0.00358681
0.00076651
0.000783947
1.27351
1.26906
1.26279
1.2548
1.24513
1.23381
1.22088
1.20637
1.19033
1.17281
1.15388
1.13361
1.11211
1.08945
1.06573
1.04108
1.01557
0.989342
0.962487
0.935117
0.907339
0.879259
0.850977
0.822594
0.794205
0.765899
0.737764
0.709881
0.682329
0.65518
0.628499
0.60235
0.576788
0.551863
0.527619
0.504092
0.481314
0.459307
0.438089
0.417669
0.398048
0.379222
0.36118
0.343904
0.327374
0.311561
0.296436
0.281965
0.268103
0.254802
0.242015
0.229696
0.217799
0.206277
0.195088
0.184189
0.173542
0.163112
0.152869
0.142788
0.132849
0.123042
0.113364
0.10382
0.0944255
0.0852028
0.0761833
0.0674049
0.0589113
0.0507498
0.0429703
0.0356228
0.0287562
0.0224201
0.0166675
0.0115627
0.00718898
0.00359357
0.000767918
0.000785566
1.27779
1.27327
1.26693
1.25889
1.24916
1.23779
1.22481
1.21025
1.19416
1.17659
1.15762
1.13731
1.11575
1.09304
1.06927
1.04456
1.019
0.992701
0.965778
0.938337
0.910484
0.882324
0.853958
0.825485
0.796999
0.768593
0.740353
0.712361
0.684694
0.657427
0.630625
0.604353
0.578667
0.553617
0.529248
0.505599
0.482701
0.460578
0.439248
0.418721
0.398999
0.380079
0.361949
0.344594
0.32799
0.312111
0.296927
0.282404
0.268496
0.255155
0.242335
0.229987
0.218065
0.206523
0.195316
0.184404
0.173745
0.163306
0.153054
0.142965
0.133019
0.123205
0.113519
0.103968
0.0945641
0.085332
0.0763022
0.067513
0.0590081
0.0508349
0.0430437
0.0356845
0.0288067
0.0224598
0.0166973
0.0115835
0.00720182
0.00359937
0.000769141
0.000786943
1.28186
1.27727
1.27087
1.26275
1.25297
1.24154
1.2285
1.21388
1.19773
1.1801
1.16107
1.1407
1.11908
1.0963
1.07247
1.04769
1.02206
0.995697
0.968702
0.941185
0.913253
0.885011
0.856561
0.828
0.799423
0.770922
0.742584
0.71449
0.68672
0.659346
0.632438
0.606057
0.580261
0.555102
0.530626
0.506871
0.48387
0.461648
0.440222
0.419605
0.399798
0.380798
0.362594
0.345171
0.328505
0.312571
0.297337
0.28277
0.268824
0.25545
0.242601
0.230229
0.218287
0.206727
0.195507
0.184582
0.173914
0.163467
0.153208
0.143112
0.13316
0.12334
0.113648
0.10409
0.0946794
0.0854394
0.0764011
0.0676029
0.0590885
0.0509057
0.0431047
0.0357359
0.0288487
0.0224929
0.0167221
0.0116008
0.00721253
0.00360423
0.000770178
0.000788079
1.28547
1.28082
1.27436
1.26618
1.25634
1.24485
1.23175
1.21707
1.20086
1.18317
1.16407
1.14364
1.12195
1.09911
1.07522
1.05037
1.02467
0.998235
0.971168
0.943579
0.915574
0.887256
0.858728
0.830087
0.801429
0.772844
0.74442
0.716239
0.68838
0.660916
0.633916
0.607444
0.581557
0.556308
0.531743
0.507901
0.484815
0.462512
0.441009
0.420317
0.400441
0.381376
0.363113
0.345635
0.32892
0.31294
0.297667
0.283065
0.269087
0.255687
0.242815
0.230423
0.218464
0.206891
0.195659
0.184725
0.174049
0.163595
0.153331
0.14323
0.133273
0.123448
0.113752
0.104188
0.0947714
0.0855251
0.0764801
0.0676747
0.0591528
0.0509622
0.0431535
0.0357769
0.0288822
0.0225194
0.0167419
0.0116147
0.00722112
0.00360815
0.00077103
0.000788974
1.28841
1.28371
1.2772
1.26898
1.25908
1.24754
1.23438
1.21965
1.20338
1.18564
1.16648
1.14599
1.12425
1.10135
1.07739
1.05248
1.02673
1.00023
0.973102
0.945451
0.917382
0.889001
0.860408
0.831702
0.802977
0.774325
0.745832
0.717581
0.689652
0.662117
0.635046
0.608502
0.582544
0.557225
0.532591
0.508683
0.485532
0.463167
0.441604
0.420857
0.400928
0.381814
0.363505
0.345986
0.329232
0.313219
0.297915
0.283286
0.269286
0.255865
0.242975
0.230569
0.218597
0.207014
0.195773
0.184832
0.174151
0.163691
0.153423
0.143318
0.133358
0.123529
0.113829
0.104261
0.0948401
0.0855891
0.0765391
0.0677283
0.0592008
0.0510045
0.0431899
0.0358076
0.0289074
0.0225392
0.0167568
0.0116251
0.0072276
0.00361112
0.000771698
0.000789627
1.2905
1.28577
1.27922
1.27096
1.26102
1.24944
1.23625
1.22147
1.20516
1.18738
1.16818
1.14764
1.12585
1.10291
1.07891
1.05395
1.02815
1.00161
0.974438
0.946742
0.918628
0.890201
0.861561
0.832808
0.804036
0.775336
0.746794
0.718495
0.690516
0.662932
0.635812
0.609219
0.583213
0.557846
0.533165
0.509211
0.486017
0.463609
0.442006
0.42122
0.401256
0.382109
0.36377
0.346222
0.329443
0.313407
0.298082
0.283436
0.269419
0.255984
0.243083
0.230667
0.218687
0.207096
0.19585
0.184904
0.174218
0.163755
0.153483
0.143376
0.133413
0.123583
0.11388
0.104309
0.0948857
0.0856316
0.0765782
0.0677639
0.0592327
0.0510326
0.0432141
0.035828
0.0289241
0.0225524
0.0167667
0.0116321
0.00723196
0.00361316
0.000772182
0.000790039
1.2916
1.28685
1.28028
1.272
1.26204
1.25044
1.23722
1.22243
1.2061
1.18829
1.16906
1.1485
1.12669
1.10372
1.0797
1.05472
1.02889
1.00233
0.975131
0.947411
0.919273
0.890821
0.862158
0.83338
0.804583
0.775857
0.747291
0.718966
0.690962
0.663352
0.636206
0.609588
0.583557
0.558165
0.533461
0.509483
0.486266
0.463836
0.442213
0.421408
0.401425
0.382261
0.363906
0.346343
0.329552
0.313503
0.298168
0.283512
0.269487
0.256046
0.243138
0.230716
0.218732
0.207137
0.195888
0.184939
0.174251
0.163787
0.153514
0.143405
0.133441
0.123609
0.113905
0.104333
0.0949081
0.0856525
0.0765975
0.0677814
0.0592484
0.0510464
0.0432261
0.0358381
0.0289323
0.0225589
0.0167717
0.0116356
0.0072342
0.00361426
0.000772483
0.000790208
)
;

boundaryField
{
    farLeft
    {
        type            symmetryPlane;
    }
    flatBed
    {
        type            nutkWallFunction;
        blending        stepwise;
        value           nonuniform List<scalar> 
240
(
0.000761035
0.00076088
0.000761047
0.000761266
0.000761505
0.000761755
0.000762015
0.000762285
0.000762566
0.000762859
0.000763163
0.00076348
0.000763808
0.000764149
0.000764502
0.000764868
0.000765246
0.000765637
0.00076604
0.000766455
0.000766883
0.000767324
0.000767776
0.000768241
0.000768719
0.000769208
0.00076971
0.000770223
0.000770749
0.000771286
0.000771836
0.000772397
0.00077297
0.000773554
0.00077415
0.000774757
0.000775376
0.000776006
0.000776647
0.000777299
0.000777961
0.000778635
0.000779319
0.000780013
0.000780718
0.000781433
0.000782158
0.000782893
0.000783637
0.000784391
0.000785155
0.000785928
0.000786709
0.0007875
0.0007883
0.000789108
0.000789924
0.000790748
0.000791581
0.000792421
0.000793269
0.000794124
0.000794986
0.000795855
0.000796731
0.000797614
0.000798502
0.000799397
0.000800297
0.000801203
0.000802114
0.00080303
0.000803951
0.000804877
0.000805806
0.00080674
0.000807677
0.000808617
0.000809561
0.000810507
0.000811456
0.000812407
0.00081336
0.000814314
0.000815269
0.000816225
0.000817181
0.000818138
0.000819094
0.000820049
0.000821003
0.000821956
0.000822907
0.000823855
0.000824801
0.000825743
0.000826681
0.000827616
0.000828545
0.000829469
0.000830388
0.0008313
0.000832205
0.000833103
0.000833992
0.000834873
0.000835745
0.000836606
0.000837457
0.000838297
0.000839124
0.000839939
0.00084074
0.000841526
0.000842297
0.000843052
0.00084379
0.000844509
0.00084521
0.000845891
0.000846551
0.000847188
0.000847803
0.000848393
0.000848958
0.000849496
0.000850007
0.000850488
0.000850938
0.000851357
0.000851743
0.000852093
0.000852408
0.000852685
0.000852923
0.000853121
0.000853276
0.000853388
0.000853454
0.000853473
0.000853444
0.000853365
0.000853235
0.000853051
0.000852813
0.000852519
0.000852169
0.00085176
0.000851292
0.000850763
0.000850174
0.000849524
0.000848812
0.000848038
0.000847203
0.000846307
0.000845351
0.000844338
0.000843273
0.000842257
0.000841305
0.000840404
0.000839547
0.000838729
0.000837948
0.000837205
0.000836502
0.000835844
0.000835236
0.000834686
0.000834202
0.000833793
0.00083347
0.000833243
0.000833121
0.000833116
0.000833237
0.000833492
0.000833888
0.000834431
0.000835125
0.00083597
0.000836966
0.000838107
0.000839388
0.000840798
0.000842325
0.000843958
0.00084568
0.000847477
0.000849335
0.00085124
0.000853182
0.000855156
0.000857159
0.000859194
0.000861272
0.000863409
0.000865628
0.000867959
0.000870437
0.000873102
0.000875997
0.000879166
0.000882653
0.000886496
0.000890729
0.000895378
0.000900458
0.000905972
0.000911912
0.000918254
0.000924966
0.000932002
0.000939307
0.000946818
0.000954467
0.000962182
0.000969889
0.000977512
0.000984981
0.000992223
0.000999172
0.00100576
0.00101193
0.00101761
0.00102276
0.00102731
0.0010312
0.00103437
0.00103675
0.00103825
0.00103876
0.00103812
0.00103608
0.00103219
0.0010257
0.00101524
0.000999001
0.000978615
)
;
    }
    slope
    {
        type            nutkWallFunction;
        blending        stepwise;
        value           nonuniform List<scalar> 
80
(
0.000947263
0.000999486
0.00102138
0.00102815
0.00102431
0.00101255
0.000994743
0.000972349
0.000946538
0.000918272
0.000888345
0.000857474
0.000826657
0.000795874
0.000764837
0.000733702
0.000702673
0.000671915
0.000641547
0.000611652
0.000582283
0.000553472
0.000525241
0.000497601
0.000470562
0.000444132
0.000418321
0.000393147
0.000368629
0.000344798
0.000321691
0.000299355
0.000277843
0.000257217
0.000237543
0.00021889
0.000201321
0.000184892
0.000169643
0.000155596
0.000142746
0.000131066
0.0001205
0.000111082
0.000102649
9.50633e-05
8.82085e-05
8.19756e-05
7.62674e-05
7.10066e-05
6.61111e-05
6.15245e-05
5.72018e-05
5.3109e-05
4.92207e-05
4.5519e-05
4.1991e-05
3.8628e-05
3.5424e-05
3.23749e-05
2.94777e-05
2.67295e-05
2.41279e-05
2.16698e-05
1.9352e-05
1.71706e-05
1.51213e-05
1.31992e-05
1.13994e-05
9.7172e-06
8.14727e-06
6.68498e-06
5.32667e-06
4.06999e-06
2.91464e-06
1.86428e-06
9.30378e-07
1.40566e-07
0
0
)
;
    }
    top
    {
        type            symmetryPlane;
    }
    frontAndBack
    {
        type            empty;
    }
    defaultFaces
    {
        type            empty;
    }
}


// ************************************************************************* //
