/*--------------------------------*- C++ -*----------------------------------*\
| =========                 |                                                 |
| \\      /  F ield         | OpenFOAM: The Open Source CFD Toolbox           |
|  \\    /   O peration     | Version:  2206                                  |
|   \\  /    A nd           | Website:  www.openfoam.com                      |
|    \\/     M anipulation  |                                                 |
\*---------------------------------------------------------------------------*/
FoamFile
{
    version     2.0;
    format      ascii;
    arch        "LSB;label=32;scalar=64";
    class       volVectorField;
    location    "2400";
    object      U;
}
// * * * * * * * * * * * * * * * * * * * * * * * * * * * * * * * * * * * * * //

dimensions      [0 1 -1 0 0 0 0];

internalField   nonuniform List<vector> 
25600
(
(0.00700563 0 -0.0241302)
(0.0204164 0 -0.0245283)
(0.0336803 0 -0.0245344)
(0.0470045 0 -0.0243048)
(0.0603352 0 -0.0240145)
(0.07364 0 -0.0237082)
(0.0869068 0 -0.0233974)
(0.100129 0 -0.0230884)
(0.113303 0 -0.0227858)
(0.126426 0 -0.0224915)
(0.139495 0 -0.0222068)
(0.152509 0 -0.0219319)
(0.165467 0 -0.0216668)
(0.178369 0 -0.0214109)
(0.191215 0 -0.021164)
(0.204003 0 -0.0209254)
(0.216734 0 -0.0206946)
(0.229406 0 -0.0204711)
(0.242021 0 -0.0202544)
(0.254578 0 -0.0200439)
(0.267075 0 -0.0198394)
(0.279514 0 -0.0196402)
(0.291894 0 -0.0194463)
(0.304214 0 -0.019257)
(0.316475 0 -0.0190723)
(0.328675 0 -0.0188917)
(0.340815 0 -0.0187151)
(0.352895 0 -0.0185422)
(0.364915 0 -0.0183729)
(0.376874 0 -0.0182068)
(0.388771 0 -0.018044)
(0.400608 0 -0.0178842)
(0.412384 0 -0.0177273)
(0.424098 0 -0.0175732)
(0.435752 0 -0.0174217)
(0.447344 0 -0.0172728)
(0.458875 0 -0.0171264)
(0.470344 0 -0.0169824)
(0.481753 0 -0.0168407)
(0.4931 0 -0.0167013)
(0.504387 0 -0.0165641)
(0.515612 0 -0.0164289)
(0.526777 0 -0.0162959)
(0.537882 0 -0.016165)
(0.548926 0 -0.016036)
(0.55991 0 -0.015909)
(0.570834 0 -0.0157839)
(0.581699 0 -0.0156607)
(0.592505 0 -0.0155394)
(0.603252 0 -0.0154198)
(0.61394 0 -0.0153021)
(0.62457 0 -0.0151861)
(0.635142 0 -0.0150719)
(0.645657 0 -0.0149594)
(0.656115 0 -0.0148485)
(0.666516 0 -0.0147393)
(0.676861 0 -0.0146318)
(0.68715 0 -0.0145258)
(0.697384 0 -0.0144214)
(0.707563 0 -0.0143185)
(0.717687 0 -0.0142172)
(0.727758 0 -0.0141173)
(0.737775 0 -0.0140189)
(0.747739 0 -0.0139219)
(0.757651 0 -0.0138262)
(0.76751 0 -0.0137319)
(0.777318 0 -0.013639)
(0.787074 0 -0.0135473)
(0.79678 0 -0.0134568)
(0.806435 0 -0.0133675)
(0.816039 0 -0.0132794)
(0.825594 0 -0.0131924)
(0.8351 0 -0.0131064)
(0.844557 0 -0.0130214)
(0.853965 0 -0.0129374)
(0.863324 0 -0.0128543)
(0.872635 0 -0.012772)
(0.881899 0 -0.0126905)
(0.891114 0 -0.0126097)
(0.900282 0 -0.0125296)
(0.909402 0 -0.0124501)
(0.918475 0 -0.0123711)
(0.9275 0 -0.0122926)
(0.936478 0 -0.0122145)
(0.945408 0 -0.0121367)
(0.954291 0 -0.0120591)
(0.963125 0 -0.0119817)
(0.971912 0 -0.0119043)
(0.980651 0 -0.011827)
(0.989341 0 -0.0117495)
(0.997982 0 -0.0116719)
(1.00657 0 -0.011594)
(1.01512 0 -0.0115157)
(1.02361 0 -0.0114369)
(1.03205 0 -0.0113576)
(1.04044 0 -0.0112775)
(1.04877 0 -0.0111967)
(1.05705 0 -0.0111149)
(1.06528 0 -0.0110322)
(1.07345 0 -0.0109482)
(1.08157 0 -0.0108631)
(1.08962 0 -0.0107765)
(1.09762 0 -0.0106884)
(1.10556 0 -0.0105986)
(1.11343 0 -0.010507)
(1.12124 0 -0.0104134)
(1.12899 0 -0.0103178)
(1.13667 0 -0.0102199)
(1.14427 0 -0.0101195)
(1.15181 0 -0.0100166)
(1.15927 0 -0.00991096)
(1.16666 0 -0.00980236)
(1.17396 0 -0.00969063)
(1.18119 0 -0.00957559)
(1.18833 0 -0.00945705)
(1.19539 0 -0.00933479)
(1.20235 0 -0.0092086)
(1.20922 0 -0.00907826)
(1.21599 0 -0.00894354)
(1.22267 0 -0.00880421)
(1.22923 0 -0.00866002)
(1.23569 0 -0.0085107)
(1.24204 0 -0.008356)
(1.24827 0 -0.00819564)
(1.25437 0 -0.00802932)
(1.26035 0 -0.00785676)
(1.2662 0 -0.00767764)
(1.27191 0 -0.00749164)
(1.27748 0 -0.00729843)
(1.2829 0 -0.00709766)
(1.28817 0 -0.00688897)
(1.29327 0 -0.00667201)
(1.2982 0 -0.00644637)
(1.30296 0 -0.00621168)
(1.30754 0 -0.00596752)
(1.31193 0 -0.00571347)
(1.31611 0 -0.00544911)
(1.3201 0 -0.005174)
(1.32386 0 -0.0048877)
(1.3274 0 -0.00458974)
(1.33071 0 -0.00427966)
(1.33378 0 -0.00395702)
(1.33659 0 -0.00362135)
(1.33913 0 -0.0032722)
(1.3414 0 -0.00290915)
(1.34339 0 -0.00253178)
(1.34507 0 -0.00213975)
(1.34645 0 -0.00173277)
(1.3475 0 -0.00131064)
(1.34822 0 -0.000873308)
(1.34859 0 -0.000420335)
(1.3486 0 4.92288e-05)
(1.34824 0 0.000536259)
(1.34749 0 0.00104132)
(1.34633 0 0.0015649)
(1.34477 0 0.00210735)
(1.34277 0 0.0026689)
(1.34033 0 0.00324974)
(1.33742 0 0.00384995)
(1.33404 0 0.00446956)
(1.33017 0 0.00510846)
(1.3258 0 0.00576649)
(1.3209 0 0.00644334)
(1.31547 0 0.00713863)
(1.3095 0 0.00785181)
(1.30296 0 0.00858222)
(1.29584 0 0.00932906)
(1.28814 0 0.0100914)
(1.27984 0 0.010868)
(1.27093 0 0.0116578)
(1.26141 0 0.0124592)
(1.25125 0 0.0132708)
(1.24047 0 0.0140906)
(1.22904 0 0.0149169)
(1.21698 0 0.0157476)
(1.20427 0 0.0165806)
(1.19091 0 0.0174135)
(1.17691 0 0.018244)
(1.16227 0 0.0190697)
(1.14699 0 0.0198883)
(1.13109 0 0.0206972)
(1.11457 0 0.0214943)
(1.09744 0 0.0222771)
(1.07972 0 0.0230438)
(1.06142 0 0.0237924)
(1.04255 0 0.0245215)
(1.02314 0 0.0252298)
(1.00321 0 0.0259163)
(0.982771 0 0.0265805)
(0.961852 0 0.0272222)
(0.940476 0 0.0278415)
(0.918667 0 0.0284388)
(0.896449 0 0.0290147)
(0.873848 0 0.0295699)
(0.850891 0 0.0301051)
(0.827603 0 0.0306211)
(0.804012 0 0.0311182)
(0.780144 0 0.0315966)
(0.756027 0 0.0320563)
(0.731686 0 0.0324968)
(0.707149 0 0.0329171)
(0.682442 0 0.0333164)
(0.657591 0 0.0336931)
(0.632622 0 0.0340461)
(0.60756 0 0.0343738)
(0.582431 0 0.0346752)
(0.557256 0 0.0349496)
(0.53206 0 0.0351966)
(0.506864 0 0.0354168)
(0.481687 0 0.0356114)
(0.456547 0 0.0357828)
(0.431462 0 0.0359345)
(0.406445 0 0.0360715)
(0.381507 0 0.0362004)
(0.356655 0 0.0363295)
(0.331895 0 0.0364693)
(0.307227 0 0.0366323)
(0.282645 0 0.0368329)
(0.258143 0 0.0370876)
(0.233705 0 0.0374139)
(0.209317 0 0.0378295)
(0.184958 0 0.038351)
(0.160609 0 0.038991)
(0.136256 0 0.039756)
(0.111891 0 0.0406406)
(0.0875204 0 0.0416195)
(0.0631754 0 0.0426295)
(0.0389997 0 0.0435189)
(0.0154008 0 0.0438583)
(-0.00895878 0 0.0426242)
(-0.0311912 0 0.0397745)
(-0.0523507 0 0.0360786)
(-0.0721604 0 0.031792)
(-0.0900768 0 0.0268442)
(-0.105682 0 0.021053)
(-0.118538 0 0.014155)
(-0.128141 0 0.00584476)
(-0.133715 0 -0.00406313)
(-0.134209 0 -0.0157164)
(-0.129933 0 -0.0303949)
(0.00654011 0 -0.0493106)
(0.0197466 0 -0.0492374)
(0.0331091 0 -0.0491306)
(0.0463733 0 -0.0489897)
(0.0595615 0 -0.0488219)
(0.0726997 0 -0.0486352)
(0.0857939 0 -0.0484358)
(0.098845 0 -0.048228)
(0.111853 0 -0.0480147)
(0.124819 0 -0.047798)
(0.13774 0 -0.0475791)
(0.150618 0 -0.0473587)
(0.163449 0 -0.0471374)
(0.176235 0 -0.0469155)
(0.188973 0 -0.0466931)
(0.201662 0 -0.0464702)
(0.214303 0 -0.046247)
(0.226893 0 -0.0460234)
(0.239432 0 -0.0457993)
(0.25192 0 -0.0455748)
(0.264356 0 -0.0453499)
(0.276739 0 -0.0451245)
(0.289068 0 -0.0448987)
(0.301344 0 -0.0446724)
(0.313565 0 -0.0444458)
(0.32573 0 -0.0442187)
(0.337841 0 -0.0439913)
(0.349895 0 -0.0437635)
(0.361894 0 -0.0435355)
(0.373836 0 -0.0433073)
(0.38572 0 -0.043079)
(0.397548 0 -0.0428506)
(0.409319 0 -0.0426222)
(0.421032 0 -0.0423939)
(0.432687 0 -0.0421657)
(0.444284 0 -0.0419378)
(0.455824 0 -0.0417102)
(0.467305 0 -0.041483)
(0.478729 0 -0.0412563)
(0.490094 0 -0.0410301)
(0.501401 0 -0.0408046)
(0.512651 0 -0.0405799)
(0.523842 0 -0.040356)
(0.534976 0 -0.040133)
(0.546052 0 -0.0399109)
(0.55707 0 -0.03969)
(0.568032 0 -0.0394701)
(0.578936 0 -0.0392515)
(0.589783 0 -0.0390342)
(0.600574 0 -0.0388181)
(0.611308 0 -0.0386035)
(0.621986 0 -0.0383903)
(0.632608 0 -0.0381786)
(0.643175 0 -0.0379685)
(0.653687 0 -0.0377599)
(0.664144 0 -0.037553)
(0.674547 0 -0.0373477)
(0.684896 0 -0.0371441)
(0.695191 0 -0.0369422)
(0.705432 0 -0.036742)
(0.715621 0 -0.0365435)
(0.725757 0 -0.0363467)
(0.735841 0 -0.0361516)
(0.745874 0 -0.0359582)
(0.755855 0 -0.0357665)
(0.765785 0 -0.0355765)
(0.775665 0 -0.0353881)
(0.785494 0 -0.0352012)
(0.795273 0 -0.0350159)
(0.805003 0 -0.034832)
(0.814684 0 -0.0346496)
(0.824316 0 -0.0344685)
(0.833899 0 -0.0342887)
(0.843434 0 -0.03411)
(0.852921 0 -0.0339325)
(0.86236 0 -0.0337559)
(0.871751 0 -0.0335803)
(0.881095 0 -0.0334053)
(0.890392 0 -0.0332311)
(0.899641 0 -0.0330573)
(0.908844 0 -0.032884)
(0.917999 0 -0.0327108)
(0.927107 0 -0.0325378)
(0.936167 0 -0.0323646)
(0.945181 0 -0.0321912)
(0.954147 0 -0.0320173)
(0.963065 0 -0.0318428)
(0.971936 0 -0.0316675)
(0.980758 0 -0.0314912)
(0.989532 0 -0.0313135)
(0.998257 0 -0.0311344)
(1.00693 0 -0.0309536)
(1.01556 0 -0.0307709)
(1.02413 0 -0.0305859)
(1.03266 0 -0.0303984)
(1.04113 0 -0.0302082)
(1.04955 0 -0.030015)
(1.05791 0 -0.0298185)
(1.06622 0 -0.0296183)
(1.07448 0 -0.0294142)
(1.08268 0 -0.0292058)
(1.09081 0 -0.0289928)
(1.09889 0 -0.0287748)
(1.10691 0 -0.0285515)
(1.11487 0 -0.0283225)
(1.12276 0 -0.0280875)
(1.13059 0 -0.0278459)
(1.13835 0 -0.0275974)
(1.14604 0 -0.0273415)
(1.15366 0 -0.0270778)
(1.1612 0 -0.0268059)
(1.16867 0 -0.0265251)
(1.17606 0 -0.0262351)
(1.18337 0 -0.0259353)
(1.19059 0 -0.0256252)
(1.19773 0 -0.0253042)
(1.20477 0 -0.0249716)
(1.21173 0 -0.024627)
(1.21858 0 -0.0242696)
(1.22534 0 -0.0238988)
(1.23199 0 -0.023514)
(1.23854 0 -0.0231143)
(1.24497 0 -0.0226991)
(1.25128 0 -0.0222675)
(1.25748 0 -0.0218189)
(1.26355 0 -0.0213523)
(1.26949 0 -0.0208669)
(1.27529 0 -0.0203618)
(1.28095 0 -0.019836)
(1.28647 0 -0.0192887)
(1.29183 0 -0.0187187)
(1.29703 0 -0.0181251)
(1.30207 0 -0.0175067)
(1.30693 0 -0.0168625)
(1.31162 0 -0.0161914)
(1.31612 0 -0.0154921)
(1.32042 0 -0.0147634)
(1.32452 0 -0.0140041)
(1.3284 0 -0.0132129)
(1.33207 0 -0.0123885)
(1.33551 0 -0.0115297)
(1.3387 0 -0.0106349)
(1.34165 0 -0.00970301)
(1.34434 0 -0.00873255)
(1.34676 0 -0.00772222)
(1.3489 0 -0.0066707)
(1.35074 0 -0.00557671)
(1.35228 0 -0.00443906)
(1.35351 0 -0.00325663)
(1.3544 0 -0.00202843)
(1.35495 0 -0.000753666)
(1.35515 0 0.000568322)
(1.35497 0 0.00193859)
(1.35441 0 0.00335863)
(1.35345 0 0.00482971)
(1.35207 0 0.0063528)
(1.35027 0 0.00792865)
(1.34803 0 0.00955776)
(1.34534 0 0.0112404)
(1.34217 0 0.0129767)
(1.33851 0 0.0147662)
(1.33435 0 0.0166086)
(1.32968 0 0.018503)
(1.32448 0 0.0204483)
(1.31872 0 0.0224428)
(1.31241 0 0.0244848)
(1.30553 0 0.026572)
(1.29805 0 0.0287017)
(1.28998 0 0.0308707)
(1.28129 0 0.0330756)
(1.27198 0 0.0353124)
(1.26204 0 0.0375767)
(1.25145 0 0.0398637)
(1.24022 0 0.0421682)
(1.22832 0 0.0444845)
(1.21577 0 0.0468067)
(1.20255 0 0.0491285)
(1.18866 0 0.0514435)
(1.1741 0 0.053745)
(1.15889 0 0.056026)
(1.14301 0 0.0582796)
(1.12647 0 0.0604989)
(1.1093 0 0.0626769)
(1.09149 0 0.0648068)
(1.07307 0 0.0668821)
(1.05404 0 0.0688962)
(1.03444 0 0.0708429)
(1.01427 0 0.0727164)
(0.993576 0 0.074511)
(0.972377 0 0.0762216)
(0.950705 0 0.0778432)
(0.928595 0 0.0793713)
(0.906081 0 0.0808021)
(0.883203 0 0.0821318)
(0.859999 0 0.0833577)
(0.836509 0 0.0844774)
(0.812774 0 0.0854893)
(0.788836 0 0.0863924)
(0.764735 0 0.0871866)
(0.74051 0 0.0878727)
(0.716198 0 0.088452)
(0.691837 0 0.088927)
(0.667458 0 0.0893007)
(0.643092 0 0.0895769)
(0.618769 0 0.0897602)
(0.594511 0 0.0898556)
(0.570342 0 0.0898689)
(0.54628 0 0.0898063)
(0.522341 0 0.0896746)
(0.49854 0 0.089481)
(0.474888 0 0.0892334)
(0.451394 0 0.0889403)
(0.428066 0 0.0886106)
(0.404911 0 0.088254)
(0.381935 0 0.0878809)
(0.359145 0 0.0875019)
(0.336547 0 0.087128)
(0.314149 0 0.0867695)
(0.291961 0 0.0864357)
(0.269997 0 0.086133)
(0.248275 0 0.0858635)
(0.226818 0 0.0856228)
(0.205656 0 0.0853971)
(0.184826 0 0.0851596)
(0.164374 0 0.0848661)
(0.144357 0 0.0844483)
(0.124839 0 0.0838038)
(0.105887 0 0.0827886)
(0.0875454 0 0.0812274)
(0.0697939 0 0.0787916)
(0.0527889 0 0.0753362)
(0.0365461 0 0.0709521)
(0.0210975 0 0.065602)
(0.00651013 0 0.0591795)
(-0.00724776 0 0.0515268)
(-0.0200213 0 0.0426645)
(-0.0319444 0 0.0325041)
(-0.0430629 0 0.0211407)
(-0.0538461 0 0.00894342)
(-0.0674243 0 -0.00396908)
(0.00645993 0 -0.0797063)
(0.0193877 0 -0.0795583)
(0.0323452 0 -0.0793977)
(0.0452749 0 -0.0792148)
(0.0581738 0 -0.0790115)
(0.0710453 0 -0.0787915)
(0.0838887 0 -0.0785572)
(0.0967021 0 -0.0783108)
(0.109484 0 -0.0780539)
(0.122231 0 -0.0777878)
(0.134943 0 -0.0775138)
(0.147618 0 -0.0772327)
(0.160254 0 -0.0769453)
(0.172849 0 -0.0766522)
(0.185403 0 -0.0763538)
(0.197913 0 -0.0760507)
(0.210378 0 -0.0757431)
(0.222799 0 -0.0754313)
(0.235172 0 -0.0751157)
(0.247498 0 -0.0747964)
(0.259776 0 -0.0744736)
(0.272005 0 -0.0741476)
(0.284184 0 -0.0738186)
(0.296312 0 -0.0734867)
(0.308389 0 -0.0731522)
(0.320415 0 -0.0728152)
(0.332388 0 -0.072476)
(0.344308 0 -0.0721347)
(0.356175 0 -0.0717914)
(0.367988 0 -0.0714465)
(0.379747 0 -0.0711)
(0.391452 0 -0.0707522)
(0.403102 0 -0.0704033)
(0.414697 0 -0.0700534)
(0.426237 0 -0.0697027)
(0.437721 0 -0.0693514)
(0.44915 0 -0.0689998)
(0.460524 0 -0.0686479)
(0.471842 0 -0.068296)
(0.483104 0 -0.0679442)
(0.49431 0 -0.0675927)
(0.50546 0 -0.0672417)
(0.516555 0 -0.0668913)
(0.527594 0 -0.0665418)
(0.538577 0 -0.0661932)
(0.549505 0 -0.0658457)
(0.560378 0 -0.0654994)
(0.571195 0 -0.0651546)
(0.581958 0 -0.0648113)
(0.592666 0 -0.0644696)
(0.603319 0 -0.0641296)
(0.613918 0 -0.0637915)
(0.624463 0 -0.0634554)
(0.634954 0 -0.0631214)
(0.645392 0 -0.0627894)
(0.655776 0 -0.0624597)
(0.666108 0 -0.0621322)
(0.676387 0 -0.0618071)
(0.686614 0 -0.0614843)
(0.696789 0 -0.0611639)
(0.706913 0 -0.0608459)
(0.716986 0 -0.0605304)
(0.727008 0 -0.0602172)
(0.736979 0 -0.0599065)
(0.746901 0 -0.0595982)
(0.756772 0 -0.0592922)
(0.766595 0 -0.0589886)
(0.776368 0 -0.0586872)
(0.786092 0 -0.0583879)
(0.795769 0 -0.0580908)
(0.805396 0 -0.0577957)
(0.814977 0 -0.0575025)
(0.824509 0 -0.0572111)
(0.833994 0 -0.0569213)
(0.843432 0 -0.056633)
(0.852823 0 -0.0563461)
(0.862167 0 -0.0560604)
(0.871465 0 -0.0557756)
(0.880716 0 -0.0554917)
(0.889921 0 -0.0552083)
(0.899079 0 -0.0549254)
(0.908191 0 -0.0546425)
(0.917256 0 -0.0543595)
(0.926275 0 -0.0540762)
(0.935247 0 -0.0537921)
(0.944172 0 -0.0535072)
(0.953051 0 -0.0532209)
(0.961882 0 -0.0529331)
(0.970665 0 -0.0526434)
(0.979401 0 -0.0523514)
(0.988088 0 -0.0520567)
(0.996726 0 -0.0517591)
(1.00532 0 -0.0514581)
(1.01385 0 -0.0511532)
(1.02234 0 -0.0508441)
(1.03078 0 -0.0505303)
(1.03916 0 -0.0502113)
(1.04749 0 -0.0498867)
(1.05577 0 -0.049556)
(1.06399 0 -0.0492187)
(1.07216 0 -0.0488742)
(1.08027 0 -0.0485219)
(1.08831 0 -0.0481614)
(1.0963 0 -0.047792)
(1.10423 0 -0.047413)
(1.11209 0 -0.0470239)
(1.11989 0 -0.046624)
(1.12762 0 -0.0462126)
(1.13528 0 -0.045789)
(1.14287 0 -0.0453525)
(1.15039 0 -0.0449022)
(1.15784 0 -0.0444375)
(1.1652 0 -0.0439574)
(1.17249 0 -0.0434611)
(1.17969 0 -0.0429478)
(1.1868 0 -0.0424165)
(1.19383 0 -0.0418662)
(1.20076 0 -0.041296)
(1.2076 0 -0.0407047)
(1.21435 0 -0.0400914)
(1.22098 0 -0.039455)
(1.22752 0 -0.0387942)
(1.23394 0 -0.0381078)
(1.24025 0 -0.0373946)
(1.24643 0 -0.0366533)
(1.2525 0 -0.0358825)
(1.25844 0 -0.0350809)
(1.26424 0 -0.0342468)
(1.26991 0 -0.0333789)
(1.27543 0 -0.0324756)
(1.2808 0 -0.0315351)
(1.28602 0 -0.0305559)
(1.29107 0 -0.0295361)
(1.29595 0 -0.0284739)
(1.30066 0 -0.0273675)
(1.30519 0 -0.0262149)
(1.30952 0 -0.0250142)
(1.31366 0 -0.0237632)
(1.31758 0 -0.02246)
(1.3213 0 -0.0211022)
(1.32479 0 -0.0196879)
(1.32804 0 -0.0182146)
(1.33105 0 -0.0166802)
(1.33381 0 -0.0150825)
(1.33631 0 -0.013419)
(1.33853 0 -0.0116875)
(1.34046 0 -0.00988583)
(1.3421 0 -0.00801162)
(1.34343 0 -0.00606271)
(1.34444 0 -0.00403694)
(1.34511 0 -0.00193229)
(1.34543 0 0.000253064)
(1.34539 0 0.00252056)
(1.34497 0 0.00487182)
(1.34417 0 0.00730851)
(1.34296 0 0.00983217)
(1.34133 0 0.0124441)
(1.33926 0 0.0151452)
(1.33675 0 0.0179364)
(1.33377 0 0.0208179)
(1.33031 0 0.0237899)
(1.32635 0 0.0268518)
(1.32188 0 0.0300029)
(1.31689 0 0.0332417)
(1.31134 0 0.0365664)
(1.30524 0 0.0399744)
(1.29857 0 0.0434627)
(1.2913 0 0.0470275)
(1.28343 0 0.0506643)
(1.27494 0 0.0543679)
(1.26581 0 0.0581326)
(1.25605 0 0.0619516)
(1.24562 0 0.0658175)
(1.23453 0 0.0697221)
(1.22277 0 0.0736565)
(1.21032 0 0.0776109)
(1.19719 0 0.0815749)
(1.18336 0 0.0855373)
(1.16885 0 0.0894861)
(1.15365 0 0.0934088)
(1.13776 0 0.0972921)
(1.12119 0 0.101122)
(1.10397 0 0.104885)
(1.08609 0 0.108566)
(1.06758 0 0.11215)
(1.04847 0 0.115622)
(1.02878 0 0.118968)
(1.00853 0 0.122171)
(0.987778 0 0.12522)
(0.966546 0 0.128099)
(0.944879 0 0.130798)
(0.92282 0 0.133304)
(0.900415 0 0.13561)
(0.87771 0 0.137707)
(0.854753 0 0.13959)
(0.83159 0 0.141257)
(0.808268 0 0.142707)
(0.784832 0 0.143941)
(0.761325 0 0.144964)
(0.737789 0 0.145781)
(0.71426 0 0.146401)
(0.690774 0 0.146833)
(0.667363 0 0.147087)
(0.644055 0 0.147176)
(0.620875 0 0.147111)
(0.597845 0 0.146907)
(0.574983 0 0.146576)
(0.552305 0 0.14613)
(0.529824 0 0.145583)
(0.507552 0 0.144946)
(0.485499 0 0.144232)
(0.463672 0 0.14345)
(0.44208 0 0.142612)
(0.420729 0 0.141726)
(0.399629 0 0.140799)
(0.378788 0 0.13984)
(0.358218 0 0.138853)
(0.337933 0 0.137839)
(0.317949 0 0.1368)
(0.298286 0 0.135728)
(0.27897 0 0.134615)
(0.260029 0 0.133439)
(0.241496 0 0.132173)
(0.223407 0 0.130775)
(0.205804 0 0.129186)
(0.188726 0 0.127332)
(0.172212 0 0.125117)
(0.156294 0 0.122424)
(0.140984 0 0.119122)
(0.126263 0 0.115069)
(0.112088 0 0.110161)
(0.0984162 0 0.104339)
(0.0852167 0 0.0975615)
(0.0724538 0 0.0897932)
(0.0600577 0 0.0810142)
(0.0479423 0 0.0712565)
(0.0360316 0 0.060604)
(0.0242881 0 0.0492051)
(0.0124116 0 0.0372473)
(-0.0027429 0 0.024521)
(0.00636206 0 -0.110692)
(0.0190555 0 -0.110512)
(0.0317298 0 -0.110303)
(0.0443888 0 -0.110066)
(0.0570292 0 -0.109803)
(0.0696487 0 -0.109517)
(0.0822452 0 -0.10921)
(0.0948167 0 -0.108886)
(0.107361 0 -0.108547)
(0.119876 0 -0.108194)
(0.132361 0 -0.107828)
(0.144812 0 -0.107452)
(0.157229 0 -0.107066)
(0.169609 0 -0.106671)
(0.181952 0 -0.106267)
(0.194256 0 -0.105857)
(0.20652 0 -0.105439)
(0.218742 0 -0.105014)
(0.230921 0 -0.104584)
(0.243057 0 -0.104148)
(0.255147 0 -0.103707)
(0.267192 0 -0.10326)
(0.279191 0 -0.102809)
(0.291142 0 -0.102354)
(0.303045 0 -0.101895)
(0.314899 0 -0.101432)
(0.326704 0 -0.100965)
(0.338459 0 -0.100496)
(0.350163 0 -0.100024)
(0.361817 0 -0.0995488)
(0.373419 0 -0.0990717)
(0.384969 0 -0.0985925)
(0.396468 0 -0.0981116)
(0.407913 0 -0.0976293)
(0.419307 0 -0.0971458)
(0.430647 0 -0.0966613)
(0.441934 0 -0.0961762)
(0.453168 0 -0.0956907)
(0.464348 0 -0.0952051)
(0.475475 0 -0.0947195)
(0.486548 0 -0.0942343)
(0.497568 0 -0.0937497)
(0.508534 0 -0.0932659)
(0.519446 0 -0.0927831)
(0.530305 0 -0.0923015)
(0.541111 0 -0.0918214)
(0.551863 0 -0.091343)
(0.562562 0 -0.0908664)
(0.573208 0 -0.0903918)
(0.583801 0 -0.0899194)
(0.594341 0 -0.0894493)
(0.604829 0 -0.0889818)
(0.615265 0 -0.0885169)
(0.625648 0 -0.0880547)
(0.63598 0 -0.0875954)
(0.646261 0 -0.0871391)
(0.65649 0 -0.0866859)
(0.666669 0 -0.0862357)
(0.676797 0 -0.0857888)
(0.686875 0 -0.085345)
(0.696903 0 -0.0849045)
(0.706881 0 -0.0844673)
(0.71681 0 -0.0840334)
(0.72669 0 -0.0836027)
(0.736522 0 -0.0831753)
(0.746305 0 -0.082751)
(0.75604 0 -0.0823298)
(0.765728 0 -0.0819117)
(0.775368 0 -0.0814965)
(0.784961 0 -0.0810841)
(0.794507 0 -0.0806744)
(0.804007 0 -0.0802672)
(0.81346 0 -0.0798625)
(0.822867 0 -0.0794599)
(0.832229 0 -0.0790593)
(0.841544 0 -0.0786605)
(0.850814 0 -0.0782632)
(0.860038 0 -0.0778673)
(0.869217 0 -0.0774723)
(0.878351 0 -0.0770781)
(0.88744 0 -0.0766843)
(0.896483 0 -0.0762906)
(0.90548 0 -0.0758966)
(0.914433 0 -0.075502)
(0.923339 0 -0.0751065)
(0.9322 0 -0.0747095)
(0.941015 0 -0.0743107)
(0.949784 0 -0.0739096)
(0.958506 0 -0.0735058)
(0.967181 0 -0.0730988)
(0.975809 0 -0.072688)
(0.984389 0 -0.0722731)
(0.99292 0 -0.0718533)
(1.0014 0 -0.0714282)
(1.00984 0 -0.0709971)
(1.01822 0 -0.0705595)
(1.02655 0 -0.0701147)
(1.03483 0 -0.069662)
(1.04305 0 -0.0692008)
(1.05123 0 -0.0687304)
(1.05934 0 -0.06825)
(1.0674 0 -0.0677588)
(1.0754 0 -0.0672561)
(1.08335 0 -0.0667411)
(1.09123 0 -0.0662129)
(1.09905 0 -0.0656706)
(1.10681 0 -0.0651134)
(1.1145 0 -0.0645402)
(1.12212 0 -0.0639502)
(1.12968 0 -0.0633422)
(1.13716 0 -0.0627153)
(1.14457 0 -0.0620683)
(1.1519 0 -0.0614001)
(1.15916 0 -0.0607096)
(1.16633 0 -0.0599955)
(1.17342 0 -0.0592565)
(1.18042 0 -0.0584914)
(1.18733 0 -0.0576988)
(1.19415 0 -0.0568772)
(1.20088 0 -0.0560252)
(1.2075 0 -0.0551412)
(1.21402 0 -0.0542237)
(1.22043 0 -0.0532709)
(1.22673 0 -0.0522812)
(1.23292 0 -0.0512528)
(1.23898 0 -0.0501838)
(1.24492 0 -0.0490722)
(1.25073 0 -0.0479161)
(1.25641 0 -0.0467133)
(1.26194 0 -0.0454617)
(1.26733 0 -0.044159)
(1.27257 0 -0.0428029)
(1.27765 0 -0.041391)
(1.28257 0 -0.0399208)
(1.28731 0 -0.0383896)
(1.29188 0 -0.0367948)
(1.29626 0 -0.0351336)
(1.30045 0 -0.0334032)
(1.30444 0 -0.0316007)
(1.30822 0 -0.029723)
(1.31178 0 -0.0277672)
(1.31512 0 -0.02573)
(1.31822 0 -0.0236083)
(1.32107 0 -0.0213989)
(1.32367 0 -0.0190986)
(1.32599 0 -0.016704)
(1.32805 0 -0.0142119)
(1.32981 0 -0.0116191)
(1.33127 0 -0.00892237)
(1.33241 0 -0.00611866)
(1.33323 0 -0.00320501)
(1.33371 0 -0.000178703)
(1.33383 0 0.00296254)
(1.33359 0 0.00622113)
(1.33296 0 0.00959968)
(1.33194 0 0.0131006)
(1.3305 0 0.0167259)
(1.32863 0 0.0204774)
(1.32632 0 0.0243564)
(1.32355 0 0.0283641)
(1.3203 0 0.0325008)
(1.31655 0 0.0367666)
(1.3123 0 0.0411608)
(1.30751 0 0.0456821)
(1.30217 0 0.0503287)
(1.29627 0 0.0550975)
(1.28979 0 0.0599851)
(1.28271 0 0.0649869)
(1.27501 0 0.0700974)
(1.26668 0 0.0753098)
(1.25769 0 0.0806166)
(1.24805 0 0.0860086)
(1.23772 0 0.0914757)
(1.22671 0 0.0970064)
(1.215 0 0.102588)
(1.20257 0 0.108205)
(1.18944 0 0.113842)
(1.17558 0 0.119482)
(1.16101 0 0.125106)
(1.14572 0 0.130693)
(1.12973 0 0.136221)
(1.11305 0 0.141668)
(1.09569 0 0.147008)
(1.07767 0 0.152218)
(1.05903 0 0.157272)
(1.03979 0 0.162143)
(1.01999 0 0.166808)
(0.999664 0 0.171242)
(0.978863 0 0.175423)
(0.957631 0 0.17933)
(0.936019 0 0.182945)
(0.914076 0 0.186252)
(0.891857 0 0.189241)
(0.869413 0 0.191903)
(0.846798 0 0.194233)
(0.824062 0 0.196233)
(0.801255 0 0.197904)
(0.778424 0 0.199254)
(0.755612 0 0.200293)
(0.732862 0 0.201034)
(0.71021 0 0.201494)
(0.687689 0 0.201689)
(0.66533 0 0.201638)
(0.64316 0 0.201362)
(0.621201 0 0.20088)
(0.599473 0 0.200213)
(0.577992 0 0.199381)
(0.556773 0 0.198402)
(0.535827 0 0.197294)
(0.515164 0 0.196073)
(0.494793 0 0.194753)
(0.474721 0 0.193347)
(0.454956 0 0.191866)
(0.435504 0 0.190316)
(0.416373 0 0.188705)
(0.397571 0 0.187036)
(0.379109 0 0.185308)
(0.360997 0 0.183518)
(0.343249 0 0.18166)
(0.32588 0 0.179721)
(0.308908 0 0.177683)
(0.292351 0 0.175522)
(0.276228 0 0.173204)
(0.260561 0 0.170686)
(0.245366 0 0.167914)
(0.230659 0 0.164822)
(0.216447 0 0.161331)
(0.20273 0 0.157356)
(0.189492 0 0.152802)
(0.1767 0 0.147581)
(0.164304 0 0.141617)
(0.15225 0 0.134859)
(0.140476 0 0.127276)
(0.128919 0 0.118855)
(0.117503 0 0.109609)
(0.10615 0 0.0995804)
(0.0948207 0 0.0888399)
(0.0835335 0 0.0774911)
(0.0720886 0 0.0656386)
(0.0576261 0 0.0531042)
(0.00622944 0 -0.140818)
(0.018666 0 -0.140608)
(0.0310886 0 -0.140363)
(0.0434959 0 -0.140086)
(0.0558853 0 -0.139779)
(0.0682553 0 -0.139445)
(0.0806042 0 -0.139087)
(0.0929303 0 -0.138706)
(0.105232 0 -0.138306)
(0.117507 0 -0.137887)
(0.129755 0 -0.137452)
(0.141973 0 -0.137002)
(0.154159 0 -0.136538)
(0.166313 0 -0.13606)
(0.178432 0 -0.135572)
(0.190515 0 -0.135072)
(0.202562 0 -0.134562)
(0.21457 0 -0.134042)
(0.226538 0 -0.133513)
(0.238466 0 -0.132977)
(0.250352 0 -0.132432)
(0.262196 0 -0.13188)
(0.273995 0 -0.131322)
(0.285751 0 -0.130757)
(0.297461 0 -0.130186)
(0.309125 0 -0.12961)
(0.320743 0 -0.129029)
(0.332313 0 -0.128444)
(0.343836 0 -0.127854)
(0.35531 0 -0.12726)
(0.366735 0 -0.126663)
(0.378111 0 -0.126064)
(0.389438 0 -0.125461)
(0.400714 0 -0.124856)
(0.411941 0 -0.12425)
(0.423116 0 -0.123642)
(0.434241 0 -0.123032)
(0.445315 0 -0.122422)
(0.456337 0 -0.121812)
(0.467309 0 -0.121201)
(0.478229 0 -0.12059)
(0.489097 0 -0.11998)
(0.499914 0 -0.119371)
(0.51068 0 -0.118763)
(0.521394 0 -0.118156)
(0.532056 0 -0.11755)
(0.542668 0 -0.116947)
(0.553228 0 -0.116346)
(0.563737 0 -0.115747)
(0.574196 0 -0.115151)
(0.584603 0 -0.114557)
(0.59496 0 -0.113967)
(0.605267 0 -0.113379)
(0.615523 0 -0.112795)
(0.62573 0 -0.112215)
(0.635887 0 -0.111638)
(0.645995 0 -0.111065)
(0.656054 0 -0.110495)
(0.666064 0 -0.10993)
(0.676026 0 -0.109368)
(0.685939 0 -0.108811)
(0.695804 0 -0.108257)
(0.705622 0 -0.107708)
(0.715393 0 -0.107162)
(0.725117 0 -0.10662)
(0.734794 0 -0.106083)
(0.744425 0 -0.105549)
(0.754009 0 -0.105019)
(0.763548 0 -0.104492)
(0.773042 0 -0.103969)
(0.78249 0 -0.103449)
(0.791893 0 -0.102932)
(0.801251 0 -0.102419)
(0.810565 0 -0.101907)
(0.819834 0 -0.101399)
(0.82906 0 -0.100892)
(0.838241 0 -0.100387)
(0.847378 0 -0.0998839)
(0.856471 0 -0.0993819)
(0.86552 0 -0.0988806)
(0.874525 0 -0.0983798)
(0.883487 0 -0.0978789)
(0.892405 0 -0.0973777)
(0.901278 0 -0.0968755)
(0.910108 0 -0.096372)
(0.918893 0 -0.0958665)
(0.927634 0 -0.0953587)
(0.93633 0 -0.0948479)
(0.944981 0 -0.0943335)
(0.953586 0 -0.0938149)
(0.962146 0 -0.0932915)
(0.970659 0 -0.0927626)
(0.979126 0 -0.0922276)
(0.987545 0 -0.0916857)
(0.995915 0 -0.0911361)
(1.00424 0 -0.0905781)
(1.01251 0 -0.0900109)
(1.02073 0 -0.0894337)
(1.0289 0 -0.0888456)
(1.03702 0 -0.0882456)
(1.04508 0 -0.087633)
(1.05309 0 -0.0870066)
(1.06105 0 -0.0863656)
(1.06894 0 -0.0857088)
(1.07678 0 -0.0850353)
(1.08456 0 -0.0843438)
(1.09228 0 -0.0836334)
(1.09993 0 -0.0829027)
(1.10752 0 -0.0821505)
(1.11504 0 -0.0813756)
(1.12249 0 -0.0805766)
(1.12987 0 -0.0797522)
(1.13717 0 -0.0789009)
(1.1444 0 -0.0780213)
(1.15155 0 -0.0771118)
(1.15862 0 -0.0761708)
(1.16561 0 -0.0751967)
(1.17251 0 -0.0741878)
(1.17932 0 -0.0731422)
(1.18603 0 -0.0720581)
(1.19266 0 -0.0709335)
(1.19918 0 -0.0697666)
(1.20559 0 -0.068555)
(1.2119 0 -0.0672968)
(1.2181 0 -0.0659896)
(1.22418 0 -0.0646311)
(1.23014 0 -0.0632188)
(1.23598 0 -0.0617502)
(1.24169 0 -0.0602226)
(1.24726 0 -0.0586333)
(1.25269 0 -0.0569795)
(1.25798 0 -0.0552581)
(1.26311 0 -0.0534662)
(1.26809 0 -0.0516004)
(1.2729 0 -0.0496576)
(1.27754 0 -0.0476343)
(1.282 0 -0.045527)
(1.28628 0 -0.043332)
(1.29037 0 -0.0410457)
(1.29425 0 -0.038664)
(1.29792 0 -0.0361831)
(1.30138 0 -0.033599)
(1.30461 0 -0.0309074)
(1.3076 0 -0.0281042)
(1.31034 0 -0.0251851)
(1.31283 0 -0.0221457)
(1.31505 0 -0.0189817)
(1.31698 0 -0.0156887)
(1.31863 0 -0.0122625)
(1.31997 0 -0.0086988)
(1.32099 0 -0.00499354)
(1.32168 0 -0.00114287)
(1.32203 0 0.00285663)
(1.32201 0 0.00700842)
(1.32162 0 0.0113162)
(1.32084 0 0.0157835)
(1.31966 0 0.0204135)
(1.31805 0 0.0252091)
(1.316 0 0.0301727)
(1.31349 0 0.0353063)
(1.31051 0 0.0406115)
(1.30703 0 0.0460889)
(1.30304 0 0.0517387)
(1.29851 0 0.0575602)
(1.29343 0 0.0635518)
(1.28777 0 0.0697107)
(1.28152 0 0.0760334)
(1.27466 0 0.0825145)
(1.26716 0 0.0891478)
(1.259 0 0.095925)
(1.25017 0 0.102836)
(1.24066 0 0.109871)
(1.23043 0 0.117013)
(1.21949 0 0.124249)
(1.20781 0 0.13156)
(1.19539 0 0.138924)
(1.18222 0 0.146318)
(1.16831 0 0.153718)
(1.15364 0 0.161093)
(1.13823 0 0.168413)
(1.12209 0 0.175645)
(1.10524 0 0.182754)
(1.08769 0 0.189704)
(1.06949 0 0.196455)
(1.05066 0 0.202972)
(1.03124 0 0.209217)
(1.01127 0 0.215153)
(0.990813 0 0.220747)
(0.969913 0 0.225969)
(0.948627 0 0.23079)
(0.927015 0 0.235188)
(0.905137 0 0.239145)
(0.883053 0 0.242649)
(0.860823 0 0.245693)
(0.838507 0 0.248276)
(0.816161 0 0.250402)
(0.793839 0 0.25208)
(0.771591 0 0.253326)
(0.749464 0 0.254157)
(0.7275 0 0.254596)
(0.705738 0 0.254668)
(0.68421 0 0.2544)
(0.662946 0 0.253819)
(0.64197 0 0.252955)
(0.621303 0 0.251837)
(0.600963 0 0.250492)
(0.580963 0 0.248946)
(0.561314 0 0.247225)
(0.542025 0 0.245351)
(0.523103 0 0.243343)
(0.504552 0 0.24122)
(0.486376 0 0.238995)
(0.468578 0 0.23668)
(0.45116 0 0.234282)
(0.434125 0 0.231807)
(0.417475 0 0.229257)
(0.401214 0 0.226629)
(0.385344 0 0.223917)
(0.369869 0 0.221112)
(0.354794 0 0.218199)
(0.340124 0 0.215159)
(0.325863 0 0.211967)
(0.312015 0 0.208591)
(0.298582 0 0.204992)
(0.285564 0 0.201127)
(0.272955 0 0.196942)
(0.260744 0 0.192379)
(0.248912 0 0.187376)
(0.237431 0 0.181871)
(0.226261 0 0.175805)
(0.215355 0 0.169128)
(0.204656 0 0.161803)
(0.194106 0 0.153809)
(0.183644 0 0.14514)
(0.173206 0 0.135807)
(0.162734 0 0.125839)
(0.152208 0 0.115278)
(0.14167 0 0.104181)
(0.130946 0 0.0925954)
(0.117284 0 0.0803765)
(0.00610089 0 -0.170404)
(0.0182812 0 -0.170157)
(0.0304463 0 -0.169873)
(0.0425965 0 -0.169555)
(0.0547298 0 -0.169203)
(0.0668446 0 -0.168822)
(0.0789397 0 -0.168412)
(0.0910135 0 -0.167976)
(0.103065 0 -0.167517)
(0.115091 0 -0.167035)
(0.127092 0 -0.166533)
(0.139066 0 -0.166012)
(0.15101 0 -0.165473)
(0.162925 0 -0.164918)
(0.174807 0 -0.164348)
(0.186656 0 -0.163764)
(0.198471 0 -0.163166)
(0.210251 0 -0.162556)
(0.221993 0 -0.161934)
(0.233698 0 -0.161301)
(0.245363 0 -0.160658)
(0.256989 0 -0.160006)
(0.268573 0 -0.159345)
(0.280116 0 -0.158675)
(0.291617 0 -0.157998)
(0.303074 0 -0.157314)
(0.314486 0 -0.156623)
(0.325855 0 -0.155926)
(0.337178 0 -0.155223)
(0.348455 0 -0.154516)
(0.359686 0 -0.153804)
(0.37087 0 -0.153088)
(0.382006 0 -0.152369)
(0.393095 0 -0.151646)
(0.404136 0 -0.150921)
(0.415129 0 -0.150194)
(0.426074 0 -0.149465)
(0.436969 0 -0.148734)
(0.447816 0 -0.148003)
(0.458614 0 -0.147272)
(0.469362 0 -0.14654)
(0.480062 0 -0.145809)
(0.490712 0 -0.145078)
(0.501313 0 -0.144349)
(0.511864 0 -0.143621)
(0.522366 0 -0.142895)
(0.532819 0 -0.142171)
(0.543223 0 -0.141449)
(0.553578 0 -0.14073)
(0.563884 0 -0.140014)
(0.574142 0 -0.139301)
(0.584351 0 -0.138592)
(0.594511 0 -0.137886)
(0.604624 0 -0.137184)
(0.614689 0 -0.136487)
(0.624706 0 -0.135793)
(0.634676 0 -0.135104)
(0.644598 0 -0.134419)
(0.654474 0 -0.133739)
(0.664304 0 -0.133064)
(0.674087 0 -0.132393)
(0.683824 0 -0.131727)
(0.693516 0 -0.131066)
(0.703162 0 -0.130409)
(0.712763 0 -0.129757)
(0.722319 0 -0.12911)
(0.731831 0 -0.128467)
(0.741299 0 -0.127828)
(0.750723 0 -0.127194)
(0.760103 0 -0.126564)
(0.76944 0 -0.125938)
(0.778733 0 -0.125315)
(0.787984 0 -0.124696)
(0.797192 0 -0.12408)
(0.806357 0 -0.123467)
(0.81548 0 -0.122856)
(0.824561 0 -0.122248)
(0.8336 0 -0.121641)
(0.842596 0 -0.121035)
(0.851551 0 -0.120431)
(0.860463 0 -0.119827)
(0.869334 0 -0.119222)
(0.878163 0 -0.118618)
(0.886949 0 -0.118012)
(0.895693 0 -0.117404)
(0.904395 0 -0.116794)
(0.913055 0 -0.116181)
(0.921671 0 -0.115564)
(0.930244 0 -0.114943)
(0.938774 0 -0.114317)
(0.94726 0 -0.113685)
(0.955702 0 -0.113046)
(0.964099 0 -0.1124)
(0.97245 0 -0.111746)
(0.980755 0 -0.111082)
(0.989014 0 -0.110408)
(0.997225 0 -0.109723)
(1.00539 0 -0.109025)
(1.0135 0 -0.108315)
(1.02157 0 -0.10759)
(1.02958 0 -0.10685)
(1.03754 0 -0.106094)
(1.04544 0 -0.105319)
(1.0533 0 -0.104526)
(1.06109 0 -0.103713)
(1.06883 0 -0.102878)
(1.07651 0 -0.10202)
(1.08413 0 -0.101137)
(1.09168 0 -0.100229)
(1.09918 0 -0.0992936)
(1.1066 0 -0.0983292)
(1.11396 0 -0.0973342)
(1.12125 0 -0.0963069)
(1.12846 0 -0.0952455)
(1.1356 0 -0.0941483)
(1.14266 0 -0.0930133)
(1.14965 0 -0.0918386)
(1.15654 0 -0.090622)
(1.16336 0 -0.0893614)
(1.17008 0 -0.0880547)
(1.17672 0 -0.0866995)
(1.18325 0 -0.0852934)
(1.18969 0 -0.0838339)
(1.19603 0 -0.0823184)
(1.20226 0 -0.0807443)
(1.20838 0 -0.0791086)
(1.21439 0 -0.0774085)
(1.22027 0 -0.0756409)
(1.22604 0 -0.0738027)
(1.23167 0 -0.0718905)
(1.23718 0 -0.0699009)
(1.24254 0 -0.0678304)
(1.24776 0 -0.0656752)
(1.25283 0 -0.0634315)
(1.25774 0 -0.0610954)
(1.26249 0 -0.0586626)
(1.26707 0 -0.0561288)
(1.27148 0 -0.0534897)
(1.2757 0 -0.0507407)
(1.27973 0 -0.047877)
(1.28356 0 -0.0448937)
(1.28718 0 -0.0417858)
(1.29058 0 -0.0385482)
(1.29376 0 -0.0351756)
(1.29671 0 -0.0316626)
(1.2994 0 -0.0280037)
(1.30184 0 -0.0241934)
(1.30401 0 -0.0202262)
(1.3059 0 -0.0160963)
(1.3075 0 -0.0117984)
(1.30879 0 -0.00732687)
(1.30976 0 -0.00267656)
(1.3104 0 0.00215746)
(1.31069 0 0.00717981)
(1.31061 0 0.0123956)
(1.31015 0 0.0178099)
(1.3093 0 0.0234275)
(1.30802 0 0.0292528)
(1.30631 0 0.0352898)
(1.30415 0 0.0415421)
(1.30151 0 0.0480125)
(1.29838 0 0.0547034)
(1.29473 0 0.0616161)
(1.29054 0 0.068751)
(1.28579 0 0.0761073)
(1.28045 0 0.0836831)
(1.27451 0 0.0914746)
(1.26793 0 0.0994766)
(1.2607 0 0.107682)
(1.25278 0 0.11608)
(1.24417 0 0.124661)
(1.23484 0 0.133407)
(1.22476 0 0.142302)
(1.21392 0 0.151323)
(1.20232 0 0.160447)
(1.18992 0 0.169643)
(1.17674 0 0.17888)
(1.16277 0 0.18812)
(1.14801 0 0.197323)
(1.13247 0 0.206445)
(1.11616 0 0.215439)
(1.09911 0 0.224255)
(1.08134 0 0.232843)
(1.0629 0 0.24115)
(1.04381 0 0.249124)
(1.02413 0 0.256714)
(1.00392 0 0.263873)
(0.983231 0 0.270555)
(0.96213 0 0.276721)
(0.940684 0 0.282337)
(0.918966 0 0.287375)
(0.897046 0 0.291817)
(0.874997 0 0.29565)
(0.85289 0 0.29887)
(0.830794 0 0.301482)
(0.808773 0 0.303497)
(0.786891 0 0.304933)
(0.765201 0 0.305815)
(0.743757 0 0.306173)
(0.722602 0 0.306041)
(0.701775 0 0.305455)
(0.68131 0 0.304454)
(0.661234 0 0.303079)
(0.641568 0 0.301368)
(0.62233 0 0.29936)
(0.603533 0 0.297092)
(0.585183 0 0.294599)
(0.567287 0 0.291912)
(0.549846 0 0.289059)
(0.53286 0 0.286066)
(0.516324 0 0.282954)
(0.500236 0 0.279739)
(0.484589 0 0.276435)
(0.469377 0 0.273052)
(0.454593 0 0.269595)
(0.440228 0 0.266067)
(0.426277 0 0.262466)
(0.412729 0 0.258785)
(0.399579 0 0.255016)
(0.386816 0 0.251143)
(0.374434 0 0.247149)
(0.362423 0 0.24301)
(0.350771 0 0.2387)
(0.339468 0 0.234186)
(0.328498 0 0.229431)
(0.317843 0 0.224395)
(0.30748 0 0.219033)
(0.297381 0 0.213301)
(0.287511 0 0.207154)
(0.27783 0 0.20055)
(0.268293 0 0.193455)
(0.258851 0 0.185841)
(0.249453 0 0.177691)
(0.240048 0 0.168997)
(0.230585 0 0.159762)
(0.221019 0 0.149998)
(0.211345 0 0.13972)
(0.201609 0 0.128954)
(0.191646 0 0.11772)
(0.178684 0 0.105892)
(0.00596675 0 -0.199339)
(0.017881 0 -0.199057)
(0.029781 0 -0.198737)
(0.0416665 0 -0.19838)
(0.0535355 0 -0.197988)
(0.0653869 0 -0.197562)
(0.0772195 0 -0.197104)
(0.0890319 0 -0.196618)
(0.100823 0 -0.196104)
(0.112591 0 -0.195564)
(0.124335 0 -0.195)
(0.136053 0 -0.194414)
(0.147744 0 -0.193807)
(0.159407 0 -0.193181)
(0.17104 0 -0.192536)
(0.182642 0 -0.191873)
(0.194212 0 -0.191194)
(0.205749 0 -0.1905)
(0.217251 0 -0.189792)
(0.228718 0 -0.18907)
(0.240148 0 -0.188336)
(0.25154 0 -0.18759)
(0.262894 0 -0.186832)
(0.274209 0 -0.186065)
(0.285484 0 -0.185288)
(0.296717 0 -0.184502)
(0.307909 0 -0.183707)
(0.319059 0 -0.182906)
(0.330166 0 -0.182097)
(0.34123 0 -0.181282)
(0.352249 0 -0.180461)
(0.363224 0 -0.179635)
(0.374154 0 -0.178805)
(0.385039 0 -0.17797)
(0.395878 0 -0.177133)
(0.406672 0 -0.176292)
(0.417419 0 -0.175449)
(0.428119 0 -0.174605)
(0.438774 0 -0.173759)
(0.449381 0 -0.172912)
(0.459941 0 -0.172065)
(0.470455 0 -0.171219)
(0.480921 0 -0.170372)
(0.49134 0 -0.169527)
(0.501712 0 -0.168684)
(0.512038 0 -0.167842)
(0.522316 0 -0.167003)
(0.532547 0 -0.166166)
(0.542732 0 -0.165332)
(0.55287 0 -0.164502)
(0.562961 0 -0.163675)
(0.573006 0 -0.162852)
(0.583005 0 -0.162033)
(0.592958 0 -0.161219)
(0.602865 0 -0.160409)
(0.612727 0 -0.159604)
(0.622544 0 -0.158804)
(0.632315 0 -0.158009)
(0.642042 0 -0.15722)
(0.651725 0 -0.156436)
(0.661364 0 -0.155657)
(0.670958 0 -0.154883)
(0.68051 0 -0.154115)
(0.690018 0 -0.153353)
(0.699483 0 -0.152595)
(0.708905 0 -0.151843)
(0.718286 0 -0.151097)
(0.727624 0 -0.150355)
(0.73692 0 -0.149618)
(0.746175 0 -0.148886)
(0.755389 0 -0.148158)
(0.764561 0 -0.147435)
(0.773693 0 -0.146715)
(0.782784 0 -0.145999)
(0.791835 0 -0.145287)
(0.800846 0 -0.144577)
(0.809817 0 -0.143869)
(0.818747 0 -0.143164)
(0.827638 0 -0.14246)
(0.836489 0 -0.141757)
(0.845301 0 -0.141055)
(0.854072 0 -0.140352)
(0.862804 0 -0.139649)
(0.871497 0 -0.138944)
(0.880149 0 -0.138238)
(0.888761 0 -0.137528)
(0.897333 0 -0.136816)
(0.905865 0 -0.136098)
(0.914356 0 -0.135376)
(0.922806 0 -0.134648)
(0.931214 0 -0.133913)
(0.939581 0 -0.13317)
(0.947905 0 -0.132418)
(0.956187 0 -0.131656)
(0.964425 0 -0.130884)
(0.972619 0 -0.1301)
(0.980768 0 -0.129303)
(0.988872 0 -0.128492)
(0.99693 0 -0.127665)
(1.00494 0 -0.126822)
(1.0129 0 -0.125961)
(1.02081 0 -0.125081)
(1.02868 0 -0.12418)
(1.03649 0 -0.123257)
(1.04425 0 -0.122311)
(1.05195 0 -0.12134)
(1.0596 0 -0.120342)
(1.06719 0 -0.119316)
(1.07472 0 -0.118259)
(1.08219 0 -0.117172)
(1.0896 0 -0.11605)
(1.09694 0 -0.114893)
(1.10422 0 -0.113699)
(1.11143 0 -0.112465)
(1.11857 0 -0.11119)
(1.12564 0 -0.109871)
(1.13263 0 -0.108506)
(1.13955 0 -0.107093)
(1.14638 0 -0.105629)
(1.15313 0 -0.104111)
(1.15979 0 -0.102537)
(1.16636 0 -0.100905)
(1.17284 0 -0.0992108)
(1.17923 0 -0.0974519)
(1.18551 0 -0.0956252)
(1.19169 0 -0.0937275)
(1.19777 0 -0.0917552)
(1.20373 0 -0.089705)
(1.20958 0 -0.0875732)
(1.2153 0 -0.0853559)
(1.2209 0 -0.0830491)
(1.22637 0 -0.0806487)
(1.23171 0 -0.0781505)
(1.2369 0 -0.0755498)
(1.24195 0 -0.0728421)
(1.24685 0 -0.0700224)
(1.25159 0 -0.0670858)
(1.25616 0 -0.064027)
(1.26056 0 -0.0608406)
(1.26478 0 -0.0575209)
(1.26881 0 -0.0540621)
(1.27265 0 -0.0504582)
(1.27628 0 -0.046703)
(1.2797 0 -0.0427902)
(1.2829 0 -0.0387131)
(1.28586 0 -0.034465)
(1.28859 0 -0.0300391)
(1.29106 0 -0.0254284)
(1.29326 0 -0.0206258)
(1.29518 0 -0.0156242)
(1.29681 0 -0.0104166)
(1.29814 0 -0.00499591)
(1.29915 0 0.000644626)
(1.29982 0 0.0065111)
(1.30013 0 0.0126102)
(1.30008 0 0.0189491)
(1.29964 0 0.0255345)
(1.2988 0 0.032373)
(1.29752 0 0.0394708)
(1.2958 0 0.0468336)
(1.29361 0 0.0544664)
(1.29093 0 0.0623736)
(1.28772 0 0.0705584)
(1.28398 0 0.0790231)
(1.27967 0 0.0877685)
(1.27476 0 0.0967935)
(1.26922 0 0.106095)
(1.26304 0 0.115669)
(1.25618 0 0.125505)
(1.24861 0 0.135595)
(1.24031 0 0.145921)
(1.23125 0 0.156467)
(1.22141 0 0.167208)
(1.21077 0 0.178117)
(1.19931 0 0.18916)
(1.18702 0 0.200299)
(1.17388 0 0.21149)
(1.1599 0 0.222684)
(1.14507 0 0.233825)
(1.12941 0 0.244854)
(1.11293 0 0.255708)
(1.09565 0 0.266319)
(1.07762 0 0.276619)
(1.05886 0 0.286537)
(1.03943 0 0.296004)
(1.0194 0 0.304952)
(0.998815 0 0.313318)
(0.977761 0 0.321043)
(0.956316 0 0.328078)
(0.934564 0 0.33438)
(0.912593 0 0.339916)
(0.890494 0 0.344666)
(0.868355 0 0.348619)
(0.846265 0 0.351776)
(0.824307 0 0.35415)
(0.802559 0 0.355763)
(0.781094 0 0.356646)
(0.759976 0 0.35684)
(0.739261 0 0.356389)
(0.718996 0 0.355345)
(0.699222 0 0.353761)
(0.679968 0 0.351692)
(0.661257 0 0.349192)
(0.643106 0 0.346316)
(0.625523 0 0.343115)
(0.608511 0 0.339638)
(0.592068 0 0.335929)
(0.576187 0 0.332029)
(0.560858 0 0.327973)
(0.546069 0 0.323793)
(0.531803 0 0.319514)
(0.518044 0 0.315157)
(0.504773 0 0.31074)
(0.491971 0 0.306273)
(0.479618 0 0.301765)
(0.467693 0 0.297217)
(0.456177 0 0.292629)
(0.445048 0 0.287996)
(0.434287 0 0.283308)
(0.423872 0 0.278552)
(0.413784 0 0.273712)
(0.404002 0 0.268767)
(0.394503 0 0.263692)
(0.385264 0 0.258459)
(0.376262 0 0.25304)
(0.36747 0 0.247399)
(0.358858 0 0.241504)
(0.350393 0 0.235318)
(0.342041 0 0.228808)
(0.333763 0 0.221942)
(0.325517 0 0.214692)
(0.317262 0 0.207034)
(0.308953 0 0.19895)
(0.30055 0 0.19043)
(0.292012 0 0.181465)
(0.283301 0 0.172053)
(0.27442 0 0.162191)
(0.265421 0 0.151883)
(0.256137 0 0.141129)
(0.243688 0 0.129805)
(0.00582828 0 -0.227631)
(0.0174668 0 -0.227315)
(0.0290913 0 -0.226959)
(0.0407017 0 -0.226565)
(0.0522962 0 -0.226132)
(0.0638737 0 -0.225663)
(0.0754332 0 -0.22516)
(0.0869735 0 -0.224625)
(0.0984933 0 -0.224059)
(0.109991 0 -0.223464)
(0.121467 0 -0.222842)
(0.132918 0 -0.222195)
(0.144343 0 -0.221524)
(0.155742 0 -0.220829)
(0.167113 0 -0.220114)
(0.178455 0 -0.219378)
(0.189767 0 -0.218623)
(0.201047 0 -0.21785)
(0.212295 0 -0.217061)
(0.22351 0 -0.216255)
(0.23469 0 -0.215434)
(0.245835 0 -0.214599)
(0.256943 0 -0.213752)
(0.268015 0 -0.212891)
(0.279048 0 -0.21202)
(0.290043 0 -0.211137)
(0.300999 0 -0.210245)
(0.311915 0 -0.209344)
(0.32279 0 -0.208434)
(0.333624 0 -0.207517)
(0.344416 0 -0.206593)
(0.355166 0 -0.205663)
(0.365873 0 -0.204727)
(0.376538 0 -0.203786)
(0.387159 0 -0.202841)
(0.397736 0 -0.201893)
(0.40827 0 -0.200942)
(0.41876 0 -0.199988)
(0.429205 0 -0.199033)
(0.439605 0 -0.198077)
(0.449962 0 -0.19712)
(0.460273 0 -0.196163)
(0.47054 0 -0.195207)
(0.480762 0 -0.194251)
(0.490939 0 -0.193297)
(0.501071 0 -0.192346)
(0.511159 0 -0.191396)
(0.521202 0 -0.19045)
(0.5312 0 -0.189507)
(0.541155 0 -0.188567)
(0.551065 0 -0.187631)
(0.560931 0 -0.1867)
(0.570753 0 -0.185774)
(0.580532 0 -0.184852)
(0.590267 0 -0.183936)
(0.599959 0 -0.183024)
(0.609608 0 -0.182119)
(0.619215 0 -0.181219)
(0.628779 0 -0.180325)
(0.638301 0 -0.179438)
(0.647782 0 -0.178556)
(0.657221 0 -0.17768)
(0.666619 0 -0.176811)
(0.675976 0 -0.175948)
(0.685293 0 -0.175091)
(0.694569 0 -0.174239)
(0.703805 0 -0.173394)
(0.713002 0 -0.172554)
(0.72216 0 -0.17172)
(0.731278 0 -0.170892)
(0.740358 0 -0.170068)
(0.749399 0 -0.169249)
(0.758402 0 -0.168435)
(0.767366 0 -0.167625)
(0.776293 0 -0.166818)
(0.785182 0 -0.166015)
(0.794034 0 -0.165214)
(0.802849 0 -0.164416)
(0.811626 0 -0.163619)
(0.820366 0 -0.162824)
(0.829069 0 -0.162029)
(0.837735 0 -0.161235)
(0.846364 0 -0.160439)
(0.854956 0 -0.159642)
(0.86351 0 -0.158842)
(0.872028 0 -0.15804)
(0.880508 0 -0.157233)
(0.888951 0 -0.156421)
(0.897355 0 -0.155604)
(0.905722 0 -0.15478)
(0.91405 0 -0.153949)
(0.92234 0 -0.153108)
(0.93059 0 -0.152258)
(0.9388 0 -0.151396)
(0.946971 0 -0.150523)
(0.9551 0 -0.149635)
(0.963188 0 -0.148734)
(0.971234 0 -0.147816)
(0.979236 0 -0.146881)
(0.987195 0 -0.145927)
(0.99511 0 -0.144953)
(1.00298 0 -0.143957)
(1.0108 0 -0.142938)
(1.01857 0 -0.141894)
(1.0263 0 -0.140823)
(1.03397 0 -0.139725)
(1.0416 0 -0.138596)
(1.04917 0 -0.137435)
(1.05668 0 -0.13624)
(1.06414 0 -0.13501)
(1.07154 0 -0.133742)
(1.07889 0 -0.132434)
(1.08617 0 -0.131083)
(1.09338 0 -0.129689)
(1.10054 0 -0.128247)
(1.10762 0 -0.126756)
(1.11463 0 -0.125213)
(1.12158 0 -0.123616)
(1.12844 0 -0.121962)
(1.13523 0 -0.120247)
(1.14194 0 -0.11847)
(1.14857 0 -0.116626)
(1.15511 0 -0.114713)
(1.16156 0 -0.112727)
(1.16792 0 -0.110665)
(1.17419 0 -0.108523)
(1.18035 0 -0.106297)
(1.18641 0 -0.103984)
(1.19237 0 -0.101578)
(1.19821 0 -0.099077)
(1.20394 0 -0.096475)
(1.20955 0 -0.0937677)
(1.21503 0 -0.0909502)
(1.22038 0 -0.0880174)
(1.2256 0 -0.084964)
(1.23068 0 -0.0817845)
(1.23561 0 -0.078473)
(1.24039 0 -0.0750235)
(1.24501 0 -0.0714299)
(1.24946 0 -0.0676855)
(1.25374 0 -0.0637836)
(1.25784 0 -0.0597171)
(1.26176 0 -0.0554789)
(1.26547 0 -0.0510612)
(1.26898 0 -0.0464563)
(1.27227 0 -0.0416561)
(1.27534 0 -0.0366523)
(1.27817 0 -0.0314364)
(1.28075 0 -0.0259996)
(1.28307 0 -0.0203331)
(1.28512 0 -0.014428)
(1.28688 0 -0.00827508)
(1.28834 0 -0.00186548)
(1.28948 0 0.00480944)
(1.29028 0 0.0117579)
(1.29074 0 0.0189895)
(1.29081 0 0.0265135)
(1.2905 0 0.0343393)
(1.28977 0 0.0424759)
(1.28861 0 0.0509319)
(1.28698 0 0.0597152)
(1.28487 0 0.0688329)
(1.28224 0 0.0782913)
(1.27907 0 0.088095)
(1.27533 0 0.0982472)
(1.27099 0 0.108749)
(1.26601 0 0.119598)
(1.26036 0 0.130791)
(1.25402 0 0.142319)
(1.24694 0 0.15417)
(1.2391 0 0.166326)
(1.23047 0 0.178766)
(1.22101 0 0.19146)
(1.21069 0 0.204373)
(1.1995 0 0.217464)
(1.18742 0 0.230683)
(1.17443 0 0.243974)
(1.16051 0 0.257271)
(1.14568 0 0.270505)
(1.12993 0 0.283596)
(1.11329 0 0.296462)
(1.09577 0 0.309012)
(1.07742 0 0.321156)
(1.05827 0 0.332799)
(1.0384 0 0.343849)
(1.01786 0 0.354215)
(0.996755 0 0.363813)
(0.975166 0 0.372565)
(0.953197 0 0.380406)
(0.930958 0 0.387282)
(0.908563 0 0.393153)
(0.88613 0 0.397998)
(0.863773 0 0.401808)
(0.841603 0 0.404595)
(0.819727 0 0.406384)
(0.79824 0 0.407215)
(0.777229 0 0.40714)
(0.756767 0 0.406222)
(0.736917 0 0.40453)
(0.717725 0 0.402139)
(0.699228 0 0.399127)
(0.68145 0 0.395572)
(0.664403 0 0.391549)
(0.64809 0 0.387133)
(0.632505 0 0.382391)
(0.617634 0 0.377388)
(0.603459 0 0.37218)
(0.589954 0 0.366818)
(0.577092 0 0.361346)
(0.564842 0 0.355801)
(0.553169 0 0.350216)
(0.542041 0 0.344613)
(0.531421 0 0.339013)
(0.521275 0 0.333428)
(0.511566 0 0.327866)
(0.502261 0 0.32233)
(0.493325 0 0.316818)
(0.484725 0 0.311326)
(0.476429 0 0.305842)
(0.468404 0 0.300353)
(0.46062 0 0.294843)
(0.453047 0 0.289291)
(0.445655 0 0.283674)
(0.438414 0 0.277967)
(0.431293 0 0.272142)
(0.424261 0 0.26617)
(0.417288 0 0.26002)
(0.410339 0 0.253663)
(0.403381 0 0.247069)
(0.39638 0 0.240211)
(0.389298 0 0.233061)
(0.382101 0 0.225598)
(0.374753 0 0.217801)
(0.367221 0 0.209655)
(0.35947 0 0.201142)
(0.351471 0 0.19225)
(0.343231 0 0.182962)
(0.334809 0 0.173268)
(0.326029 0 0.163153)
(0.313842 0 0.152491)
(0.00568399 0 -0.255244)
(0.0170351 0 -0.254895)
(0.0283727 0 -0.254505)
(0.0396966 0 -0.254074)
(0.0510052 0 -0.253603)
(0.0622974 0 -0.253093)
(0.0735723 0 -0.252546)
(0.0848288 0 -0.251964)
(0.0960658 0 -0.251349)
(0.107282 0 -0.250702)
(0.118477 0 -0.250025)
(0.129648 0 -0.24932)
(0.140796 0 -0.248588)
(0.151918 0 -0.247831)
(0.163014 0 -0.247049)
(0.174083 0 -0.246244)
(0.185123 0 -0.245417)
(0.196134 0 -0.24457)
(0.207114 0 -0.243704)
(0.218062 0 -0.242819)
(0.228978 0 -0.241917)
(0.239861 0 -0.240999)
(0.250709 0 -0.240066)
(0.261523 0 -0.239118)
(0.272301 0 -0.238158)
(0.283042 0 -0.237184)
(0.293746 0 -0.2362)
(0.304412 0 -0.235204)
(0.31504 0 -0.234199)
(0.325629 0 -0.233185)
(0.336179 0 -0.232163)
(0.346688 0 -0.231134)
(0.357157 0 -0.230098)
(0.367586 0 -0.229057)
(0.377974 0 -0.228011)
(0.38832 0 -0.22696)
(0.398624 0 -0.225906)
(0.408887 0 -0.224849)
(0.419108 0 -0.22379)
(0.429287 0 -0.222729)
(0.439423 0 -0.221668)
(0.449517 0 -0.220607)
(0.459568 0 -0.219546)
(0.469578 0 -0.218486)
(0.479544 0 -0.217427)
(0.489469 0 -0.216371)
(0.499351 0 -0.215317)
(0.509191 0 -0.214267)
(0.518989 0 -0.21322)
(0.528745 0 -0.212177)
(0.538459 0 -0.211138)
(0.548132 0 -0.210105)
(0.557763 0 -0.209076)
(0.567353 0 -0.208053)
(0.576902 0 -0.207035)
(0.586411 0 -0.206024)
(0.595879 0 -0.205019)
(0.605307 0 -0.20402)
(0.614696 0 -0.203028)
(0.624045 0 -0.202043)
(0.633354 0 -0.201064)
(0.642625 0 -0.200092)
(0.651858 0 -0.199128)
(0.661052 0 -0.19817)
(0.670208 0 -0.197219)
(0.679327 0 -0.196274)
(0.688408 0 -0.195337)
(0.697453 0 -0.194405)
(0.706461 0 -0.19348)
(0.715432 0 -0.192561)
(0.724368 0 -0.191648)
(0.733268 0 -0.19074)
(0.742132 0 -0.189837)
(0.750961 0 -0.188939)
(0.759756 0 -0.188045)
(0.768515 0 -0.187155)
(0.77724 0 -0.186268)
(0.785931 0 -0.185384)
(0.794587 0 -0.184502)
(0.803209 0 -0.183621)
(0.811798 0 -0.18274)
(0.820352 0 -0.18186)
(0.828872 0 -0.180979)
(0.837359 0 -0.180096)
(0.845811 0 -0.179211)
(0.85423 0 -0.178323)
(0.862614 0 -0.17743)
(0.870965 0 -0.176532)
(0.87928 0 -0.175627)
(0.887562 0 -0.174715)
(0.895808 0 -0.173795)
(0.904019 0 -0.172865)
(0.912194 0 -0.171923)
(0.920333 0 -0.17097)
(0.928436 0 -0.170003)
(0.936501 0 -0.169022)
(0.944529 0 -0.168024)
(0.952518 0 -0.167008)
(0.960469 0 -0.165973)
(0.96838 0 -0.164918)
(0.97625 0 -0.16384)
(0.984078 0 -0.162738)
(0.991864 0 -0.16161)
(0.999607 0 -0.160455)
(1.0073 0 -0.15927)
(1.01496 0 -0.158054)
(1.02256 0 -0.156805)
(1.03012 0 -0.155521)
(1.03763 0 -0.154199)
(1.04508 0 -0.152838)
(1.05249 0 -0.151434)
(1.05984 0 -0.149987)
(1.06713 0 -0.148493)
(1.07437 0 -0.146951)
(1.08154 0 -0.145356)
(1.08866 0 -0.143707)
(1.09571 0 -0.142001)
(1.10269 0 -0.140235)
(1.10961 0 -0.138406)
(1.11646 0 -0.136511)
(1.12323 0 -0.134546)
(1.12993 0 -0.132508)
(1.13655 0 -0.130394)
(1.14309 0 -0.1282)
(1.14954 0 -0.125922)
(1.15591 0 -0.123556)
(1.16219 0 -0.121098)
(1.16838 0 -0.118543)
(1.17446 0 -0.115888)
(1.18045 0 -0.113126)
(1.18633 0 -0.110254)
(1.1921 0 -0.107266)
(1.19777 0 -0.104157)
(1.20331 0 -0.10092)
(1.20873 0 -0.0975511)
(1.21402 0 -0.0940426)
(1.21918 0 -0.0903886)
(1.22421 0 -0.0865822)
(1.22909 0 -0.0826163)
(1.23382 0 -0.0784836)
(1.23839 0 -0.0741764)
(1.2428 0 -0.0696865)
(1.24704 0 -0.0650057)
(1.2511 0 -0.0601251)
(1.25497 0 -0.0550356)
(1.25865 0 -0.0497277)
(1.26213 0 -0.0441916)
(1.26538 0 -0.0384171)
(1.26841 0 -0.0323936)
(1.27121 0 -0.0261103)
(1.27375 0 -0.019556)
(1.27602 0 -0.0127193)
(1.27802 0 -0.00558862)
(1.27972 0 0.00184767)
(1.28111 0 0.00959992)
(1.28217 0 0.0176802)
(1.28287 0 0.0261011)
(1.28321 0 0.0348753)
(1.28315 0 0.0440154)
(1.28267 0 0.0535335)
(1.28174 0 0.0634416)
(1.28035 0 0.0737504)
(1.27845 0 0.08447)
(1.27602 0 0.0956087)
(1.27302 0 0.107173)
(1.26941 0 0.119167)
(1.26517 0 0.131592)
(1.26025 0 0.144444)
(1.25462 0 0.157717)
(1.24823 0 0.171398)
(1.24105 0 0.185469)
(1.23304 0 0.199904)
(1.22415 0 0.21467)
(1.21436 0 0.229725)
(1.20362 0 0.245019)
(1.19191 0 0.260491)
(1.17921 0 0.276071)
(1.1655 0 0.291678)
(1.15076 0 0.307222)
(1.135 0 0.322601)
(1.11822 0 0.337708)
(1.10045 0 0.352424)
(1.08173 0 0.366627)
(1.06211 0 0.380191)
(1.04166 0 0.392989)
(1.02047 0 0.404897)
(0.998653 0 0.4158)
(0.976322 0 0.425592)
(0.953616 0 0.434184)
(0.930682 0 0.441505)
(0.907673 0 0.447508)
(0.884744 0 0.452167)
(0.86205 0 0.455485)
(0.839737 0 0.457486)
(0.817939 0 0.45822)
(0.796779 0 0.457755)
(0.776356 0 0.456177)
(0.756756 0 0.453585)
(0.73804 0 0.450086)
(0.720253 0 0.445792)
(0.703419 0 0.440815)
(0.687545 0 0.435266)
(0.672623 0 0.42925)
(0.658635 0 0.422866)
(0.645548 0 0.416203)
(0.633324 0 0.409343)
(0.621917 0 0.402356)
(0.611275 0 0.395304)
(0.601345 0 0.388239)
(0.592072 0 0.381204)
(0.583398 0 0.374232)
(0.575268 0 0.36735)
(0.567626 0 0.360577)
(0.560417 0 0.353923)
(0.553589 0 0.347396)
(0.547093 0 0.340995)
(0.540879 0 0.334716)
(0.534904 0 0.328549)
(0.529122 0 0.322481)
(0.523495 0 0.316495)
(0.517982 0 0.310571)
(0.512549 0 0.304686)
(0.50716 0 0.298816)
(0.501783 0 0.292934)
(0.496385 0 0.28701)
(0.490936 0 0.281016)
(0.485406 0 0.274922)
(0.479765 0 0.268698)
(0.473983 0 0.262316)
(0.468031 0 0.255747)
(0.461882 0 0.248966)
(0.455506 0 0.241947)
(0.448877 0 0.234669)
(0.44197 0 0.22711)
(0.434756 0 0.219248)
(0.427213 0 0.211062)
(0.419354 0 0.202529)
(0.411244 0 0.193626)
(0.4027 0 0.184332)
(0.39045 0 0.174519)
(0.00553373 0 -0.282152)
(0.0165854 0 -0.281772)
(0.0276239 0 -0.281349)
(0.0386491 0 -0.280883)
(0.0496595 0 -0.280375)
(0.0606543 0 -0.279825)
(0.0716325 0 -0.279236)
(0.082593 0 -0.27861)
(0.0935349 0 -0.277947)
(0.104457 0 -0.277251)
(0.115359 0 -0.276522)
(0.126238 0 -0.275762)
(0.137095 0 -0.274972)
(0.147928 0 -0.274154)
(0.158736 0 -0.27331)
(0.169518 0 -0.27244)
(0.180273 0 -0.271546)
(0.191001 0 -0.270629)
(0.201699 0 -0.26969)
(0.212368 0 -0.268731)
(0.223006 0 -0.267752)
(0.233612 0 -0.266755)
(0.244187 0 -0.265741)
(0.254728 0 -0.264711)
(0.265235 0 -0.263666)
(0.275708 0 -0.262607)
(0.286146 0 -0.261535)
(0.296548 0 -0.260451)
(0.306914 0 -0.259356)
(0.317244 0 -0.25825)
(0.327535 0 -0.257136)
(0.33779 0 -0.256013)
(0.348006 0 -0.254883)
(0.358183 0 -0.253746)
(0.368322 0 -0.252603)
(0.378422 0 -0.251456)
(0.388483 0 -0.250304)
(0.398504 0 -0.24915)
(0.408485 0 -0.247992)
(0.418427 0 -0.246833)
(0.428328 0 -0.245674)
(0.43819 0 -0.244513)
(0.448012 0 -0.243353)
(0.457794 0 -0.242194)
(0.467536 0 -0.241037)
(0.477238 0 -0.239882)
(0.4869 0 -0.23873)
(0.496523 0 -0.237581)
(0.506106 0 -0.236437)
(0.515649 0 -0.235296)
(0.525154 0 -0.234161)
(0.534619 0 -0.23303)
(0.544046 0 -0.231906)
(0.553434 0 -0.230787)
(0.562784 0 -0.229675)
(0.572096 0 -0.22857)
(0.581371 0 -0.227471)
(0.590608 0 -0.22638)
(0.599808 0 -0.225296)
(0.608971 0 -0.224219)
(0.618098 0 -0.22315)
(0.627189 0 -0.222089)
(0.636244 0 -0.221035)
(0.645264 0 -0.21999)
(0.654249 0 -0.218951)
(0.663199 0 -0.217921)
(0.672115 0 -0.216897)
(0.680998 0 -0.215881)
(0.689846 0 -0.214872)
(0.698661 0 -0.21387)
(0.707444 0 -0.212874)
(0.716194 0 -0.211884)
(0.724911 0 -0.2109)
(0.733597 0 -0.209922)
(0.742251 0 -0.208948)
(0.750873 0 -0.207978)
(0.759464 0 -0.207012)
(0.768024 0 -0.206049)
(0.776553 0 -0.205089)
(0.785052 0 -0.20413)
(0.79352 0 -0.203172)
(0.801958 0 -0.202215)
(0.810365 0 -0.201256)
(0.818742 0 -0.200296)
(0.827089 0 -0.199334)
(0.835405 0 -0.198368)
(0.843692 0 -0.197397)
(0.851947 0 -0.196421)
(0.860172 0 -0.195438)
(0.868367 0 -0.194447)
(0.87653 0 -0.193446)
(0.884662 0 -0.192436)
(0.892762 0 -0.191413)
(0.900831 0 -0.190377)
(0.908867 0 -0.189327)
(0.91687 0 -0.18826)
(0.92484 0 -0.187176)
(0.932776 0 -0.186072)
(0.940677 0 -0.184948)
(0.948543 0 -0.183801)
(0.956373 0 -0.18263)
(0.964166 0 -0.181433)
(0.971922 0 -0.180207)
(0.979639 0 -0.178952)
(0.987316 0 -0.177665)
(0.994953 0 -0.176343)
(1.00255 0 -0.174986)
(1.0101 0 -0.17359)
(1.01761 0 -0.172154)
(1.02507 0 -0.170675)
(1.03249 0 -0.16915)
(1.03985 0 -0.167577)
(1.04717 0 -0.165954)
(1.05444 0 -0.164278)
(1.06165 0 -0.162545)
(1.06881 0 -0.160754)
(1.07591 0 -0.158901)
(1.08295 0 -0.156982)
(1.08993 0 -0.154996)
(1.09685 0 -0.152937)
(1.1037 0 -0.150804)
(1.11049 0 -0.148592)
(1.11721 0 -0.146297)
(1.12385 0 -0.143915)
(1.13042 0 -0.141443)
(1.13692 0 -0.138876)
(1.14333 0 -0.136209)
(1.14966 0 -0.133438)
(1.1559 0 -0.130557)
(1.16206 0 -0.127563)
(1.16812 0 -0.124449)
(1.17408 0 -0.121209)
(1.17995 0 -0.117838)
(1.18571 0 -0.11433)
(1.19136 0 -0.110679)
(1.1969 0 -0.106876)
(1.20233 0 -0.102916)
(1.20763 0 -0.0987909)
(1.21281 0 -0.0944926)
(1.21785 0 -0.0900132)
(1.22276 0 -0.085344)
(1.22752 0 -0.0804759)
(1.23213 0 -0.0753995)
(1.23659 0 -0.0701048)
(1.24088 0 -0.0645815)
(1.245 0 -0.0588184)
(1.24894 0 -0.0528044)
(1.25268 0 -0.0465272)
(1.25623 0 -0.0399746)
(1.25956 0 -0.0331335)
(1.26267 0 -0.0259903)
(1.26555 0 -0.0185311)
(1.26817 0 -0.0107414)
(1.27053 0 -0.00260642)
(1.2726 0 0.00588869)
(1.27438 0 0.0147574)
(1.27583 0 0.024016)
(1.27694 0 0.0336813)
(1.27768 0 0.04377)
(1.27803 0 0.054299)
(1.27796 0 0.0652847)
(1.27745 0 0.0767431)
(1.27645 0 0.088689)
(1.27494 0 0.101136)
(1.27288 0 0.114095)
(1.27023 0 0.127575)
(1.26695 0 0.141581)
(1.263 0 0.156114)
(1.25832 0 0.17117)
(1.25288 0 0.186738)
(1.24662 0 0.202801)
(1.23949 0 0.219332)
(1.23144 0 0.236296)
(1.22243 0 0.253647)
(1.21241 0 0.271326)
(1.20133 0 0.289265)
(1.18914 0 0.307377)
(1.17583 0 0.325566)
(1.16135 0 0.343717)
(1.14569 0 0.361703)
(1.12887 0 0.379382)
(1.11088 0 0.396599)
(1.09177 0 0.413187)
(1.0716 0 0.428974)
(1.05045 0 0.443784)
(1.02844 0 0.457443)
(1.0057 0 0.469785)
(0.982392 0 0.480664)
(0.958707 0 0.489952)
(0.934845 0 0.497555)
(0.911019 0 0.50341)
(0.887444 0 0.507496)
(0.864329 0 0.509827)
(0.841872 0 0.510459)
(0.820248 0 0.50948)
(0.799607 0 0.507009)
(0.780069 0 0.503187)
(0.761723 0 0.498171)
(0.744623 0 0.492127)
(0.728797 0 0.485221)
(0.714244 0 0.477618)
(0.70094 0 0.46947)
(0.688841 0 0.460923)
(0.677888 0 0.452104)
(0.668011 0 0.443129)
(0.659129 0 0.434097)
(0.651159 0 0.425092)
(0.644012 0 0.416184)
(0.6376 0 0.407428)
(0.631835 0 0.39887)
(0.626632 0 0.390541)
(0.621907 0 0.382465)
(0.617581 0 0.374654)
(0.61358 0 0.367114)
(0.609834 0 0.359843)
(0.606279 0 0.352835)
(0.602854 0 0.346075)
(0.599506 0 0.339546)
(0.596184 0 0.333227)
(0.592842 0 0.327093)
(0.589441 0 0.321117)
(0.585943 0 0.315269)
(0.582313 0 0.309519)
(0.578523 0 0.303833)
(0.574543 0 0.29818)
(0.570349 0 0.292526)
(0.565916 0 0.286838)
(0.561223 0 0.281085)
(0.556248 0 0.275235)
(0.550971 0 0.269258)
(0.545373 0 0.263127)
(0.539436 0 0.256815)
(0.533142 0 0.250296)
(0.526476 0 0.243546)
(0.519417 0 0.23654)
(0.511948 0 0.229254)
(0.50409 0 0.221659)
(0.495917 0 0.21373)
(0.487241 0 0.205443)
(0.474533 0 0.196671)
(0.00537719 0 -0.308326)
(0.0161167 0 -0.307915)
(0.0268435 0 -0.30746)
(0.0375575 0 -0.30696)
(0.0482574 0 -0.306416)
(0.0589422 0 -0.305829)
(0.0696111 0 -0.3052)
(0.0802632 0 -0.304531)
(0.0908974 0 -0.303824)
(0.101513 0 -0.30308)
(0.112109 0 -0.302301)
(0.122684 0 -0.301489)
(0.133237 0 -0.300644)
(0.143768 0 -0.29977)
(0.154275 0 -0.298866)
(0.164757 0 -0.297934)
(0.175214 0 -0.296976)
(0.185645 0 -0.295993)
(0.196048 0 -0.294986)
(0.206424 0 -0.293956)
(0.21677 0 -0.292905)
(0.227087 0 -0.291834)
(0.237373 0 -0.290744)
(0.247628 0 -0.289636)
(0.257851 0 -0.288511)
(0.268042 0 -0.287371)
(0.278199 0 -0.286216)
(0.288323 0 -0.285048)
(0.298413 0 -0.283868)
(0.308468 0 -0.282676)
(0.318488 0 -0.281475)
(0.328472 0 -0.280263)
(0.33842 0 -0.279044)
(0.348333 0 -0.277817)
(0.358209 0 -0.276584)
(0.368048 0 -0.275345)
(0.37785 0 -0.274102)
(0.387615 0 -0.272855)
(0.397342 0 -0.271606)
(0.407032 0 -0.270354)
(0.416685 0 -0.269101)
(0.426301 0 -0.267848)
(0.435879 0 -0.266595)
(0.445419 0 -0.265343)
(0.454922 0 -0.264093)
(0.464388 0 -0.262846)
(0.473816 0 -0.261601)
(0.483208 0 -0.260361)
(0.492562 0 -0.259124)
(0.50188 0 -0.257893)
(0.511162 0 -0.256667)
(0.520407 0 -0.255446)
(0.529617 0 -0.254232)
(0.53879 0 -0.253025)
(0.547928 0 -0.251825)
(0.557031 0 -0.250632)
(0.5661 0 -0.249447)
(0.575134 0 -0.24827)
(0.584134 0 -0.2471)
(0.5931 0 -0.24594)
(0.602033 0 -0.244787)
(0.610933 0 -0.243644)
(0.6198 0 -0.242508)
(0.628636 0 -0.241382)
(0.637439 0 -0.240264)
(0.646211 0 -0.239154)
(0.654952 0 -0.238053)
(0.663663 0 -0.23696)
(0.672343 0 -0.235874)
(0.680994 0 -0.234796)
(0.689615 0 -0.233726)
(0.698206 0 -0.232662)
(0.70677 0 -0.231605)
(0.715304 0 -0.230554)
(0.723811 0 -0.229509)
(0.73229 0 -0.228468)
(0.740741 0 -0.227431)
(0.749165 0 -0.226399)
(0.757562 0 -0.225369)
(0.765932 0 -0.224341)
(0.774275 0 -0.223314)
(0.782592 0 -0.222288)
(0.790883 0 -0.221262)
(0.799148 0 -0.220234)
(0.807386 0 -0.219203)
(0.815598 0 -0.218169)
(0.823784 0 -0.21713)
(0.831944 0 -0.216086)
(0.840077 0 -0.215034)
(0.848184 0 -0.213974)
(0.856265 0 -0.212904)
(0.864319 0 -0.211823)
(0.872345 0 -0.210729)
(0.880345 0 -0.209621)
(0.888316 0 -0.208498)
(0.89626 0 -0.207357)
(0.904175 0 -0.206198)
(0.912061 0 -0.205018)
(0.919917 0 -0.203815)
(0.927743 0 -0.202589)
(0.935538 0 -0.201336)
(0.943301 0 -0.200055)
(0.951032 0 -0.198744)
(0.95873 0 -0.197401)
(0.966394 0 -0.196024)
(0.974022 0 -0.194611)
(0.981615 0 -0.193158)
(0.98917 0 -0.191665)
(0.996687 0 -0.190128)
(1.00417 0 -0.188545)
(1.0116 0 -0.186913)
(1.019 0 -0.18523)
(1.02635 0 -0.183493)
(1.03366 0 -0.181699)
(1.04092 0 -0.179845)
(1.04813 0 -0.177928)
(1.0553 0 -0.175945)
(1.06241 0 -0.173893)
(1.06947 0 -0.171767)
(1.07647 0 -0.169565)
(1.08342 0 -0.167283)
(1.09031 0 -0.164917)
(1.09714 0 -0.162463)
(1.10391 0 -0.159917)
(1.11061 0 -0.157274)
(1.11725 0 -0.15453)
(1.12382 0 -0.15168)
(1.13031 0 -0.148719)
(1.13673 0 -0.145642)
(1.14307 0 -0.142443)
(1.14934 0 -0.139117)
(1.15552 0 -0.135658)
(1.16161 0 -0.13206)
(1.16761 0 -0.128315)
(1.17353 0 -0.124418)
(1.17934 0 -0.12036)
(1.18506 0 -0.116134)
(1.19067 0 -0.111732)
(1.19618 0 -0.107146)
(1.20157 0 -0.102367)
(1.20685 0 -0.097384)
(1.21201 0 -0.0921887)
(1.21703 0 -0.0867702)
(1.22193 0 -0.0811173)
(1.22668 0 -0.0752184)
(1.23129 0 -0.0690611)
(1.23575 0 -0.0626325)
(1.24004 0 -0.0559189)
(1.24417 0 -0.0489058)
(1.24811 0 -0.041578)
(1.25186 0 -0.0339196)
(1.25541 0 -0.0259137)
(1.25875 0 -0.0175429)
(1.26185 0 -0.00878875)
(1.26472 0 0.00036764)
(1.26731 0 0.00994397)
(1.26963 0 0.019959)
(1.27164 0 0.0304341)
(1.27333 0 0.041391)
(1.27467 0 0.052852)
(1.27562 0 0.0648392)
(1.27617 0 0.0773745)
(1.27628 0 0.0904793)
(1.27591 0 0.104173)
(1.27502 0 0.118475)
(1.27358 0 0.133399)
(1.27153 0 0.148958)
(1.26882 0 0.16516)
(1.26541 0 0.182005)
(1.26123 0 0.19949)
(1.25622 0 0.217601)
(1.25033 0 0.236316)
(1.24349 0 0.255601)
(1.23562 0 0.275409)
(1.22667 0 0.295679)
(1.21656 0 0.316334)
(1.20523 0 0.337277)
(1.19263 0 0.358391)
(1.17869 0 0.37954)
(1.16338 0 0.400561)
(1.14668 0 0.42127)
(1.1286 0 0.441461)
(1.10915 0 0.460907)
(1.08841 0 0.479366)
(1.06646 0 0.496588)
(1.04346 0 0.512322)
(1.01958 0 0.526326)
(0.995053 0 0.538382)
(0.970126 0 0.548307)
(0.945092 0 0.555965)
(0.920253 0 0.561277)
(0.895915 0 0.564226)
(0.872372 0 0.564857)
(0.849892 0 0.563278)
(0.828707 0 0.559649)
(0.809002 0 0.554175)
(0.79091 0 0.54709)
(0.774512 0 0.538645)
(0.759839 0 0.529095)
(0.746875 0 0.518689)
(0.735567 0 0.507662)
(0.725834 0 0.496224)
(0.717567 0 0.484566)
(0.710646 0 0.472851)
(0.704937 0 0.461218)
(0.700302 0 0.449781)
(0.6966 0 0.438631)
(0.693694 0 0.427839)
(0.691451 0 0.417459)
(0.689744 0 0.407525)
(0.688454 0 0.39806)
(0.68747 0 0.389072)
(0.686692 0 0.380562)
(0.686028 0 0.372517)
(0.685396 0 0.364922)
(0.684722 0 0.357751)
(0.683944 0 0.350976)
(0.683003 0 0.344564)
(0.681854 0 0.33848)
(0.680452 0 0.332684)
(0.678765 0 0.327138)
(0.676761 0 0.321801)
(0.674416 0 0.316631)
(0.67171 0 0.311589)
(0.668624 0 0.306635)
(0.665145 0 0.301728)
(0.661261 0 0.296832)
(0.656961 0 0.29191)
(0.652236 0 0.286928)
(0.64708 0 0.281854)
(0.641484 0 0.276656)
(0.635442 0 0.271308)
(0.628948 0 0.265781)
(0.621995 0 0.260052)
(0.614575 0 0.254096)
(0.606675 0 0.247886)
(0.598324 0 0.241397)
(0.589608 0 0.234606)
(0.580335 0 0.22749)
(0.566715 0 0.219932)
(0.0052143 0 -0.333734)
(0.0156289 0 -0.333294)
(0.0260313 0 -0.332809)
(0.0364215 0 -0.332277)
(0.0467981 0 -0.331698)
(0.0571603 0 -0.331074)
(0.0675073 0 -0.330407)
(0.0778382 0 -0.329697)
(0.0881521 0 -0.328947)
(0.0984482 0 -0.328158)
(0.108725 0 -0.327332)
(0.118983 0 -0.32647)
(0.12922 0 -0.325574)
(0.139436 0 -0.324645)
(0.149629 0 -0.323685)
(0.159799 0 -0.322695)
(0.169945 0 -0.321676)
(0.180066 0 -0.320631)
(0.190161 0 -0.319559)
(0.200229 0 -0.318463)
(0.210271 0 -0.317344)
(0.220284 0 -0.316202)
(0.230269 0 -0.31504)
(0.240224 0 -0.313859)
(0.250149 0 -0.31266)
(0.260044 0 -0.311443)
(0.269907 0 -0.310211)
(0.279739 0 -0.308964)
(0.289538 0 -0.307703)
(0.299305 0 -0.30643)
(0.30904 0 -0.305146)
(0.31874 0 -0.303852)
(0.328407 0 -0.302549)
(0.33804 0 -0.301237)
(0.347639 0 -0.299919)
(0.357203 0 -0.298595)
(0.366733 0 -0.297266)
(0.376228 0 -0.295932)
(0.385688 0 -0.294596)
(0.395114 0 -0.293257)
(0.404504 0 -0.291918)
(0.413859 0 -0.290577)
(0.42318 0 -0.289238)
(0.432465 0 -0.287899)
(0.441716 0 -0.286563)
(0.450933 0 -0.285229)
(0.460114 0 -0.283899)
(0.469262 0 -0.282573)
(0.478375 0 -0.281251)
(0.487455 0 -0.279935)
(0.496501 0 -0.278625)
(0.505514 0 -0.277322)
(0.514494 0 -0.276025)
(0.523441 0 -0.274736)
(0.532355 0 -0.273455)
(0.541238 0 -0.272182)
(0.550089 0 -0.270917)
(0.558909 0 -0.269662)
(0.567698 0 -0.268415)
(0.576456 0 -0.267178)
(0.585185 0 -0.26595)
(0.593884 0 -0.264731)
(0.602553 0 -0.263522)
(0.611195 0 -0.262323)
(0.619807 0 -0.261133)
(0.628392 0 -0.259953)
(0.63695 0 -0.258781)
(0.64548 0 -0.257619)
(0.653984 0 -0.256466)
(0.662462 0 -0.255322)
(0.670914 0 -0.254185)
(0.679341 0 -0.253057)
(0.687743 0 -0.251935)
(0.696121 0 -0.250821)
(0.704474 0 -0.249713)
(0.712804 0 -0.24861)
(0.721111 0 -0.247513)
(0.729394 0 -0.24642)
(0.737654 0 -0.24533)
(0.745892 0 -0.244243)
(0.754108 0 -0.243158)
(0.762301 0 -0.242074)
(0.770473 0 -0.240989)
(0.778623 0 -0.239903)
(0.786751 0 -0.238815)
(0.794858 0 -0.237724)
(0.802943 0 -0.236627)
(0.811007 0 -0.235525)
(0.819049 0 -0.234415)
(0.82707 0 -0.233297)
(0.835069 0 -0.232169)
(0.843046 0 -0.231029)
(0.851001 0 -0.229876)
(0.858934 0 -0.228708)
(0.866844 0 -0.227523)
(0.874731 0 -0.22632)
(0.882595 0 -0.225098)
(0.890435 0 -0.223854)
(0.898251 0 -0.222585)
(0.906042 0 -0.221292)
(0.913808 0 -0.21997)
(0.921547 0 -0.218619)
(0.92926 0 -0.217237)
(0.936946 0 -0.21582)
(0.944603 0 -0.214366)
(0.952231 0 -0.212874)
(0.95983 0 -0.211341)
(0.967397 0 -0.209765)
(0.974933 0 -0.208142)
(0.982435 0 -0.206471)
(0.989904 0 -0.204748)
(0.997337 0 -0.202971)
(1.00473 0 -0.201136)
(1.01209 0 -0.199242)
(1.01941 0 -0.197284)
(1.0267 0 -0.195259)
(1.03393 0 -0.193165)
(1.04113 0 -0.190998)
(1.04828 0 -0.188753)
(1.05539 0 -0.186428)
(1.06244 0 -0.184019)
(1.06945 0 -0.181521)
(1.07641 0 -0.178931)
(1.08332 0 -0.176244)
(1.09017 0 -0.173455)
(1.09696 0 -0.17056)
(1.1037 0 -0.167554)
(1.11037 0 -0.164432)
(1.11699 0 -0.161188)
(1.12354 0 -0.157816)
(1.13002 0 -0.154311)
(1.13643 0 -0.150667)
(1.14278 0 -0.146877)
(1.14905 0 -0.142933)
(1.15524 0 -0.138829)
(1.16136 0 -0.134558)
(1.16739 0 -0.13011)
(1.17334 0 -0.125477)
(1.17921 0 -0.120652)
(1.18498 0 -0.115623)
(1.19065 0 -0.11038)
(1.19623 0 -0.104914)
(1.20171 0 -0.0992128)
(1.20708 0 -0.0932642)
(1.21234 0 -0.0870556)
(1.21748 0 -0.0805733)
(1.2225 0 -0.0738029)
(1.2274 0 -0.0667292)
(1.23215 0 -0.0593358)
(1.23676 0 -0.0516054)
(1.24123 0 -0.0435197)
(1.24552 0 -0.0350591)
(1.24965 0 -0.026203)
(1.25359 0 -0.0169295)
(1.25734 0 -0.00721568)
(1.26087 0 0.00296263)
(1.26417 0 0.0136264)
(1.26722 0 0.024801)
(1.26999 0 0.0365137)
(1.27248 0 0.0487928)
(1.27463 0 0.0616671)
(1.27644 0 0.0751658)
(1.27787 0 0.0893178)
(1.27887 0 0.104151)
(1.27942 0 0.119694)
(1.27946 0 0.135969)
(1.27895 0 0.153)
(1.27783 0 0.170805)
(1.27604 0 0.189395)
(1.27353 0 0.208777)
(1.2702 0 0.228948)
(1.26599 0 0.249895)
(1.26082 0 0.271595)
(1.25459 0 0.294007)
(1.24722 0 0.317073)
(1.23859 0 0.340715)
(1.22863 0 0.364829)
(1.21722 0 0.389284)
(1.20428 0 0.413916)
(1.18974 0 0.438525)
(1.17353 0 0.462875)
(1.15564 0 0.48669)
(1.13606 0 0.50966)
(1.11485 0 0.531443)
(1.09212 0 0.551674)
(1.06804 0 0.56998)
(1.04285 0 0.585997)
(1.01686 0 0.599391)
(0.990437 0 0.609882)
(0.964002 0 0.617271)
(0.937999 0 0.62145)
(0.912873 0 0.622418)
(0.889046 0 0.620283)
(0.866892 0 0.615247)
(0.846716 0 0.607602)
(0.828739 0 0.597701)
(0.813092 0 0.585937)
(0.799817 0 0.572716)
(0.788877 0 0.55843)
(0.780167 0 0.543445)
(0.773535 0 0.528089)
(0.768791 0 0.512644)
(0.765725 0 0.497348)
(0.764113 0 0.482395)
(0.763731 0 0.467937)
(0.764359 0 0.45409)
(0.765786 0 0.440936)
(0.767816 0 0.428529)
(0.770266 0 0.4169)
(0.772974 0 0.406058)
(0.775793 0 0.395996)
(0.778594 0 0.386693)
(0.781265 0 0.378117)
(0.783712 0 0.370229)
(0.785854 0 0.362983)
(0.787623 0 0.356327)
(0.788965 0 0.350208)
(0.789838 0 0.344571)
(0.790206 0 0.339359)
(0.790045 0 0.334515)
(0.789336 0 0.329986)
(0.788067 0 0.325715)
(0.78623 0 0.321651)
(0.783823 0 0.317743)
(0.780845 0 0.313944)
(0.777298 0 0.310207)
(0.773187 0 0.306489)
(0.768517 0 0.302752)
(0.763295 0 0.298958)
(0.757528 0 0.295073)
(0.751221 0 0.291065)
(0.744382 0 0.286908)
(0.737016 0 0.282575)
(0.729127 0 0.278042)
(0.720715 0 0.273289)
(0.711776 0 0.268295)
(0.702347 0 0.263037)
(0.692525 0 0.257501)
(0.68212 0 0.251674)
(0.667094 0 0.245459)
(0.00504506 0 -0.358346)
(0.015122 0 -0.357878)
(0.0251874 0 -0.357364)
(0.035241 0 -0.356801)
(0.0452817 0 -0.35619)
(0.0553087 0 -0.355531)
(0.0653212 0 -0.354827)
(0.0753183 0 -0.354079)
(0.0852994 0 -0.353288)
(0.0952634 0 -0.352456)
(0.10521 0 -0.351585)
(0.115137 0 -0.350676)
(0.125045 0 -0.349731)
(0.134933 0 -0.348751)
(0.1448 0 -0.347737)
(0.154644 0 -0.346692)
(0.164466 0 -0.345616)
(0.174264 0 -0.344511)
(0.184038 0 -0.343379)
(0.193788 0 -0.34222)
(0.203511 0 -0.341036)
(0.213208 0 -0.339829)
(0.222878 0 -0.3386)
(0.23252 0 -0.337349)
(0.242134 0 -0.336079)
(0.251719 0 -0.334791)
(0.261276 0 -0.333485)
(0.270802 0 -0.332164)
(0.280298 0 -0.330828)
(0.289764 0 -0.329479)
(0.299199 0 -0.328118)
(0.308603 0 -0.326746)
(0.317975 0 -0.325364)
(0.327315 0 -0.323974)
(0.336624 0 -0.322576)
(0.3459 0 -0.321172)
(0.355145 0 -0.319762)
(0.364357 0 -0.318348)
(0.373536 0 -0.316931)
(0.382684 0 -0.315512)
(0.391798 0 -0.314091)
(0.400881 0 -0.31267)
(0.409931 0 -0.31125)
(0.418949 0 -0.309831)
(0.427936 0 -0.308415)
(0.43689 0 -0.307001)
(0.445813 0 -0.305592)
(0.454704 0 -0.304187)
(0.463564 0 -0.302788)
(0.472394 0 -0.301395)
(0.481193 0 -0.300008)
(0.489961 0 -0.298628)
(0.4987 0 -0.297257)
(0.50741 0 -0.295893)
(0.51609 0 -0.294539)
(0.524741 0 -0.293193)
(0.533364 0 -0.291857)
(0.54196 0 -0.290531)
(0.550528 0 -0.289215)
(0.559069 0 -0.287909)
(0.567583 0 -0.286613)
(0.576072 0 -0.285329)
(0.584535 0 -0.284055)
(0.592973 0 -0.282791)
(0.601387 0 -0.281538)
(0.609777 0 -0.280296)
(0.618143 0 -0.279064)
(0.626486 0 -0.277843)
(0.634807 0 -0.276631)
(0.643106 0 -0.275429)
(0.651383 0 -0.274236)
(0.659639 0 -0.273052)
(0.667875 0 -0.271877)
(0.67609 0 -0.270709)
(0.684286 0 -0.269549)
(0.692462 0 -0.268395)
(0.70062 0 -0.267247)
(0.708759 0 -0.266104)
(0.71688 0 -0.264965)
(0.724983 0 -0.26383)
(0.733069 0 -0.262697)
(0.741137 0 -0.261565)
(0.749188 0 -0.260434)
(0.757223 0 -0.259302)
(0.765241 0 -0.258168)
(0.773242 0 -0.25703)
(0.781227 0 -0.255888)
(0.789196 0 -0.25474)
(0.797148 0 -0.253585)
(0.805084 0 -0.252421)
(0.813004 0 -0.251246)
(0.820907 0 -0.25006)
(0.828794 0 -0.24886)
(0.836663 0 -0.247644)
(0.844516 0 -0.246412)
(0.852351 0 -0.24516)
(0.860169 0 -0.243887)
(0.867968 0 -0.242592)
(0.875749 0 -0.241272)
(0.883512 0 -0.239925)
(0.891254 0 -0.238549)
(0.898977 0 -0.237142)
(0.906679 0 -0.235701)
(0.914359 0 -0.234224)
(0.922018 0 -0.23271)
(0.929654 0 -0.231154)
(0.937266 0 -0.229556)
(0.944854 0 -0.227912)
(0.952417 0 -0.226219)
(0.959954 0 -0.224476)
(0.967463 0 -0.222678)
(0.974945 0 -0.220823)
(0.982397 0 -0.218909)
(0.989819 0 -0.216932)
(0.99721 0 -0.214888)
(1.00457 0 -0.212775)
(1.01189 0 -0.210589)
(1.01918 0 -0.208326)
(1.02644 0 -0.205984)
(1.03365 0 -0.203557)
(1.04083 0 -0.201043)
(1.04797 0 -0.198436)
(1.05507 0 -0.195734)
(1.06212 0 -0.19293)
(1.06914 0 -0.190022)
(1.0761 0 -0.187003)
(1.08302 0 -0.183869)
(1.08989 0 -0.180615)
(1.09672 0 -0.177234)
(1.10349 0 -0.173722)
(1.11021 0 -0.170073)
(1.11687 0 -0.166278)
(1.12348 0 -0.162333)
(1.13003 0 -0.15823)
(1.13652 0 -0.153962)
(1.14296 0 -0.14952)
(1.14933 0 -0.144897)
(1.15563 0 -0.140082)
(1.16187 0 -0.135068)
(1.16804 0 -0.129845)
(1.17415 0 -0.1244)
(1.18017 0 -0.118724)
(1.18613 0 -0.112805)
(1.192 0 -0.106629)
(1.1978 0 -0.100183)
(1.20351 0 -0.0934523)
(1.20913 0 -0.0864215)
(1.21466 0 -0.0790738)
(1.22009 0 -0.0713914)
(1.22542 0 -0.063355)
(1.23064 0 -0.0549443)
(1.23575 0 -0.0461372)
(1.24074 0 -0.0369102)
(1.24559 0 -0.0272383)
(1.2503 0 -0.0170946)
(1.25486 0 -0.00645053)
(1.25925 0 0.00472403)
(1.26346 0 0.0164543)
(1.26746 0 0.0287729)
(1.27124 0 0.0417146)
(1.27478 0 0.0553154)
(1.27804 0 0.0696124)
(1.28101 0 0.0846436)
(1.28364 0 0.100447)
(1.2859 0 0.117062)
(1.28774 0 0.134524)
(1.28911 0 0.152869)
(1.28997 0 0.17213)
(1.29024 0 0.192336)
(1.28985 0 0.213511)
(1.28872 0 0.23567)
(1.28676 0 0.25882)
(1.28387 0 0.282956)
(1.27993 0 0.308055)
(1.27482 0 0.334075)
(1.26841 0 0.360948)
(1.26055 0 0.388573)
(1.2511 0 0.416814)
(1.23992 0 0.445484)
(1.22688 0 0.474346)
(1.21185 0 0.503104)
(1.19476 0 0.531398)
(1.17556 0 0.558802)
(1.15427 0 0.58483)
(1.131 0 0.608947)
(1.10594 0 0.630587)
(1.0794 0 0.649179)
(1.05181 0 0.664193)
(1.02371 0 0.675183)
(0.995727 0 0.681833)
(0.96853 0 0.683998)
(0.942789 0 0.681716)
(0.919121 0 0.675207)
(0.89805 0 0.664861)
(0.879975 0 0.651203)
(0.865138 0 0.634854)
(0.853622 0 0.616482)
(0.845356 0 0.596742)
(0.840143 0 0.576238)
(0.837699 0 0.555494)
(0.837683 0 0.534951)
(0.839728 0 0.514958)
(0.843461 0 0.495786)
(0.848517 0 0.477631)
(0.854556 0 0.460625)
(0.861265 0 0.44485)
(0.868363 0 0.430339)
(0.875606 0 0.417094)
(0.88278 0 0.405088)
(0.889709 0 0.394273)
(0.896243 0 0.384586)
(0.902262 0 0.375953)
(0.90767 0 0.368293)
(0.912393 0 0.361522)
(0.916377 0 0.355553)
(0.919583 0 0.350299)
(0.921986 0 0.345676)
(0.923573 0 0.341602)
(0.924339 0 0.337997)
(0.924287 0 0.334786)
(0.923429 0 0.331898)
(0.921776 0 0.329267)
(0.919348 0 0.326829)
(0.916164 0 0.324526)
(0.912246 0 0.322306)
(0.907616 0 0.320117)
(0.902298 0 0.317915)
(0.896313 0 0.315658)
(0.889686 0 0.313311)
(0.882435 0 0.310838)
(0.874583 0 0.308212)
(0.866147 0 0.305407)
(0.857143 0 0.302401)
(0.847586 0 0.299176)
(0.837484 0 0.295715)
(0.82684 0 0.292008)
(0.815697 0 0.288041)
(0.804162 0 0.283812)
(0.792057 0 0.279323)
(0.775135 0 0.274505)
(0.00486957 0 -0.382132)
(0.0145964 0 -0.381638)
(0.0243122 0 -0.381095)
(0.0340168 0 -0.380503)
(0.0437091 0 -0.379861)
(0.0533884 0 -0.379169)
(0.063054 0 -0.37843)
(0.0727051 0 -0.377645)
(0.0823408 0 -0.376815)
(0.0919605 0 -0.375943)
(0.101563 0 -0.375029)
(0.111149 0 -0.374076)
(0.120715 0 -0.373084)
(0.130263 0 -0.372056)
(0.13979 0 -0.370992)
(0.149297 0 -0.369895)
(0.158783 0 -0.368765)
(0.168246 0 -0.367605)
(0.177686 0 -0.366415)
(0.187103 0 -0.365197)
(0.196496 0 -0.363952)
(0.205864 0 -0.362683)
(0.215207 0 -0.36139)
(0.224523 0 -0.360075)
(0.233814 0 -0.358739)
(0.243077 0 -0.357383)
(0.252313 0 -0.356009)
(0.261522 0 -0.354618)
(0.270702 0 -0.353212)
(0.279854 0 -0.351792)
(0.288977 0 -0.350359)
(0.298071 0 -0.348914)
(0.307135 0 -0.347459)
(0.316171 0 -0.345995)
(0.325177 0 -0.344523)
(0.334153 0 -0.343045)
(0.343099 0 -0.341561)
(0.352015 0 -0.340072)
(0.360902 0 -0.338581)
(0.369759 0 -0.337087)
(0.378586 0 -0.335592)
(0.387384 0 -0.334097)
(0.396152 0 -0.332602)
(0.404891 0 -0.33111)
(0.4136 0 -0.32962)
(0.422281 0 -0.328134)
(0.430934 0 -0.326653)
(0.439557 0 -0.325177)
(0.448153 0 -0.323707)
(0.456722 0 -0.322243)
(0.465262 0 -0.320788)
(0.473776 0 -0.31934)
(0.482264 0 -0.317901)
(0.490725 0 -0.316471)
(0.499161 0 -0.315051)
(0.507571 0 -0.313641)
(0.515957 0 -0.312242)
(0.524319 0 -0.310854)
(0.532657 0 -0.309477)
(0.540971 0 -0.308111)
(0.549264 0 -0.306758)
(0.557534 0 -0.305416)
(0.565783 0 -0.304086)
(0.57401 0 -0.302767)
(0.582218 0 -0.301461)
(0.590405 0 -0.300167)
(0.598574 0 -0.298884)
(0.606723 0 -0.297613)
(0.614855 0 -0.296353)
(0.622969 0 -0.295104)
(0.631066 0 -0.293866)
(0.639147 0 -0.292637)
(0.647212 0 -0.291418)
(0.655261 0 -0.290208)
(0.663296 0 -0.289006)
(0.671316 0 -0.287812)
(0.679322 0 -0.286625)
(0.687315 0 -0.285444)
(0.695294 0 -0.284268)
(0.703261 0 -0.283096)
(0.711216 0 -0.281927)
(0.719158 0 -0.280761)
(0.727089 0 -0.279595)
(0.735009 0 -0.278429)
(0.742917 0 -0.277262)
(0.750814 0 -0.276091)
(0.758701 0 -0.274916)
(0.766577 0 -0.273736)
(0.774442 0 -0.272548)
(0.782296 0 -0.271351)
(0.79014 0 -0.270144)
(0.797973 0 -0.268924)
(0.805795 0 -0.267691)
(0.813606 0 -0.266441)
(0.821406 0 -0.265174)
(0.829195 0 -0.263888)
(0.836972 0 -0.262579)
(0.844737 0 -0.261247)
(0.852489 0 -0.259889)
(0.860229 0 -0.258503)
(0.867956 0 -0.257087)
(0.875668 0 -0.255639)
(0.883367 0 -0.254155)
(0.89105 0 -0.252634)
(0.898718 0 -0.251073)
(0.90637 0 -0.24947)
(0.914005 0 -0.247822)
(0.921622 0 -0.246127)
(0.929221 0 -0.244381)
(0.9368 0 -0.242581)
(0.94436 0 -0.240726)
(0.951898 0 -0.238812)
(0.959415 0 -0.236835)
(0.966909 0 -0.234793)
(0.97438 0 -0.232682)
(0.981826 0 -0.230499)
(0.989246 0 -0.228241)
(0.996641 0 -0.225904)
(1.00401 0 -0.223484)
(1.01135 0 -0.220978)
(1.01866 0 -0.21838)
(1.02593 0 -0.215689)
(1.03318 0 -0.212898)
(1.0404 0 -0.210004)
(1.04758 0 -0.207002)
(1.05473 0 -0.203886)
(1.06184 0 -0.200653)
(1.06892 0 -0.197297)
(1.07596 0 -0.193812)
(1.08296 0 -0.190192)
(1.08993 0 -0.186432)
(1.09685 0 -0.182524)
(1.10374 0 -0.178463)
(1.11058 0 -0.174241)
(1.11739 0 -0.169851)
(1.12415 0 -0.165284)
(1.13086 0 -0.160532)
(1.13754 0 -0.155587)
(1.14417 0 -0.150439)
(1.15075 0 -0.145077)
(1.15729 0 -0.139491)
(1.16378 0 -0.13367)
(1.17023 0 -0.127601)
(1.17663 0 -0.12127)
(1.18297 0 -0.114665)
(1.18927 0 -0.107769)
(1.19552 0 -0.100566)
(1.20171 0 -0.0930387)
(1.20785 0 -0.0851682)
(1.21393 0 -0.0769338)
(1.21996 0 -0.0683134)
(1.22592 0 -0.0592833)
(1.23181 0 -0.0498176)
(1.23763 0 -0.0398885)
(1.24338 0 -0.029466)
(1.24904 0 -0.018518)
(1.25461 0 -0.0070096)
(1.26007 0 0.00509623)
(1.26542 0 0.0178302)
(1.27064 0 0.0312323)
(1.27571 0 0.0453459)
(1.28062 0 0.0602164)
(1.28533 0 0.0758914)
(1.28983 0 0.0924202)
(1.29407 0 0.109854)
(1.29803 0 0.128244)
(1.30166 0 0.147643)
(1.30491 0 0.168104)
(1.3077 0 0.189678)
(1.30998 0 0.212413)
(1.31165 0 0.236353)
(1.31262 0 0.261536)
(1.31276 0 0.287989)
(1.31195 0 0.315723)
(1.31003 0 0.344729)
(1.30683 0 0.374969)
(1.30216 0 0.406366)
(1.29582 0 0.438794)
(1.2876 0 0.472067)
(1.27728 0 0.505919)
(1.26465 0 0.539997)
(1.24954 0 0.573847)
(1.23181 0 0.606899)
(1.2114 0 0.638472)
(1.18836 0 0.667775)
(1.16288 0 0.693933)
(1.13533 0 0.716028)
(1.10631 0 0.733172)
(1.07661 0 0.744605)
(1.04718 0 0.749807)
(1.01907 0 0.748574)
(0.993309 0 0.741039)
(0.970793 0 0.727653)
(0.952259 0 0.709153)
(0.938205 0 0.686505)
(0.928845 0 0.660825)
(0.924095 0 0.633269)
(0.923606 0 0.604911)
(0.926845 0 0.576651)
(0.933187 0 0.5492)
(0.941983 0 0.523082)
(0.952606 0 0.498657)
(0.964476 0 0.476151)
(0.977077 0 0.455681)
(0.989964 0 0.437276)
(1.00276 0 0.420903)
(1.01517 0 0.406483)
(1.02693 0 0.393905)
(1.03787 0 0.38304)
(1.04783 0 0.373744)
(1.05671 0 0.365871)
(1.06445 0 0.359275)
(1.07101 0 0.353812)
(1.07636 0 0.349344)
(1.08051 0 0.34574)
(1.08346 0 0.34288)
(1.08525 0 0.340647)
(1.08591 0 0.338939)
(1.08546 0 0.337656)
(1.08397 0 0.336712)
(1.08146 0 0.336024)
(1.07798 0 0.335519)
(1.07358 0 0.335131)
(1.06831 0 0.334799)
(1.0622 0 0.334468)
(1.05531 0 0.334091)
(1.04766 0 0.333624)
(1.03931 0 0.333028)
(1.03028 0 0.332271)
(1.0206 0 0.331325)
(1.01031 0 0.330164)
(0.99944 0 0.32877)
(0.988008 0 0.327127)
(0.976037 0 0.325225)
(0.96354 0 0.323056)
(0.950527 0 0.320621)
(0.937044 0 0.317919)
(0.923206 0 0.314964)
(0.90885 0 0.311776)
(0.889593 0 0.30832)
(0.00468797 0 -0.405062)
(0.0140524 0 -0.404542)
(0.0234064 0 -0.403974)
(0.0327499 0 -0.403354)
(0.0420817 0 -0.402682)
(0.0514013 0 -0.401959)
(0.0607079 0 -0.401187)
(0.0700008 0 -0.400367)
(0.0792793 0 -0.399501)
(0.0885425 0 -0.39859)
(0.0977899 0 -0.397636)
(0.107021 0 -0.396641)
(0.116234 0 -0.395605)
(0.125429 0 -0.394531)
(0.134606 0 -0.39342)
(0.143763 0 -0.392274)
(0.1529 0 -0.391093)
(0.162016 0 -0.38988)
(0.171111 0 -0.388637)
(0.180184 0 -0.387363)
(0.189234 0 -0.386062)
(0.198261 0 -0.384735)
(0.207264 0 -0.383382)
(0.216243 0 -0.382006)
(0.225197 0 -0.380608)
(0.234127 0 -0.37919)
(0.243031 0 -0.377752)
(0.251909 0 -0.376297)
(0.260761 0 -0.374825)
(0.269587 0 -0.373339)
(0.278386 0 -0.371839)
(0.287158 0 -0.370327)
(0.295904 0 -0.368805)
(0.304622 0 -0.367273)
(0.313313 0 -0.365732)
(0.321977 0 -0.364185)
(0.330614 0 -0.362633)
(0.339223 0 -0.361076)
(0.347805 0 -0.359516)
(0.35636 0 -0.357954)
(0.364888 0 -0.356391)
(0.37339 0 -0.354828)
(0.381864 0 -0.353267)
(0.390313 0 -0.351708)
(0.398735 0 -0.350152)
(0.407132 0 -0.348601)
(0.415503 0 -0.347055)
(0.423849 0 -0.345515)
(0.43217 0 -0.343982)
(0.440467 0 -0.342456)
(0.448739 0 -0.34094)
(0.456989 0 -0.339432)
(0.465215 0 -0.337934)
(0.47342 0 -0.336446)
(0.481602 0 -0.33497)
(0.489762 0 -0.333504)
(0.497902 0 -0.332051)
(0.506022 0 -0.33061)
(0.514122 0 -0.329182)
(0.522203 0 -0.327766)
(0.530265 0 -0.326363)
(0.53831 0 -0.324974)
(0.546337 0 -0.323598)
(0.554348 0 -0.322236)
(0.562343 0 -0.320886)
(0.570323 0 -0.319551)
(0.578288 0 -0.318228)
(0.586239 0 -0.316918)
(0.594177 0 -0.315621)
(0.602102 0 -0.314336)
(0.610015 0 -0.313063)
(0.617917 0 -0.311802)
(0.625808 0 -0.310551)
(0.633689 0 -0.309311)
(0.64156 0 -0.30808)
(0.649422 0 -0.306858)
(0.657275 0 -0.305644)
(0.665121 0 -0.304437)
(0.672958 0 -0.303237)
(0.680789 0 -0.302041)
(0.688613 0 -0.30085)
(0.696431 0 -0.299662)
(0.704243 0 -0.298475)
(0.712049 0 -0.297289)
(0.71985 0 -0.296101)
(0.727645 0 -0.294911)
(0.735436 0 -0.293717)
(0.743222 0 -0.292518)
(0.751004 0 -0.291312)
(0.75878 0 -0.290097)
(0.766553 0 -0.288871)
(0.77432 0 -0.287633)
(0.782083 0 -0.28638)
(0.789841 0 -0.285111)
(0.797595 0 -0.283825)
(0.805343 0 -0.282518)
(0.813085 0 -0.281188)
(0.820822 0 -0.279834)
(0.828553 0 -0.278454)
(0.836278 0 -0.277044)
(0.843996 0 -0.275603)
(0.851706 0 -0.274128)
(0.859408 0 -0.272617)
(0.867103 0 -0.271068)
(0.874788 0 -0.269477)
(0.882463 0 -0.267842)
(0.890129 0 -0.266161)
(0.897783 0 -0.26443)
(0.905427 0 -0.262647)
(0.913057 0 -0.260809)
(0.920675 0 -0.258913)
(0.928279 0 -0.256956)
(0.935869 0 -0.254935)
(0.943444 0 -0.252847)
(0.951002 0 -0.250688)
(0.958544 0 -0.248455)
(0.966069 0 -0.246144)
(0.973575 0 -0.243753)
(0.981062 0 -0.241276)
(0.98853 0 -0.238711)
(0.995978 0 -0.236054)
(1.0034 0 -0.2333)
(1.01081 0 -0.230445)
(1.01819 0 -0.227485)
(1.02555 0 -0.224415)
(1.03289 0 -0.221231)
(1.0402 0 -0.217927)
(1.04749 0 -0.214498)
(1.05476 0 -0.210939)
(1.062 0 -0.207245)
(1.06921 0 -0.203408)
(1.0764 0 -0.199424)
(1.08357 0 -0.195285)
(1.09071 0 -0.190984)
(1.09783 0 -0.186515)
(1.10492 0 -0.181868)
(1.11199 0 -0.177037)
(1.11904 0 -0.172012)
(1.12606 0 -0.166783)
(1.13306 0 -0.161342)
(1.14004 0 -0.155676)
(1.14701 0 -0.149775)
(1.15395 0 -0.143627)
(1.16087 0 -0.137218)
(1.16778 0 -0.130534)
(1.17467 0 -0.123559)
(1.18155 0 -0.116278)
(1.18842 0 -0.108671)
(1.19527 0 -0.100721)
(1.20212 0 -0.092405)
(1.20896 0 -0.0837009)
(1.21579 0 -0.0745836)
(1.22262 0 -0.065026)
(1.22944 0 -0.0549988)
(1.23625 0 -0.0444698)
(1.24306 0 -0.0334044)
(1.24986 0 -0.0217646)
(1.25666 0 -0.00950951)
(1.26344 0 0.00340559)
(1.2702 0 0.0170188)
(1.27693 0 0.0313757)
(1.28362 0 0.0465299)
(1.29026 0 0.0625381)
(1.29683 0 0.0794602)
(1.30332 0 0.0973601)
(1.30969 0 0.116305)
(1.31592 0 0.136368)
(1.32196 0 0.157622)
(1.32777 0 0.180145)
(1.33328 0 0.204019)
(1.33842 0 0.229324)
(1.34308 0 0.256139)
(1.34714 0 0.284539)
(1.35048 0 0.314587)
(1.35292 0 0.34633)
(1.35427 0 0.379787)
(1.35428 0 0.414935)
(1.35272 0 0.451697)
(1.34927 0 0.489917)
(1.34364 0 0.529341)
(1.33549 0 0.569589)
(1.3245 0 0.610128)
(1.31037 0 0.650241)
(1.29287 0 0.689008)
(1.27191 0 0.72529)
(1.24756 0 0.757742)
(1.22021 0 0.784858)
(1.1906 0 0.805091)
(1.15992 0 0.817061)
(1.12972 0 0.819861)
(1.10164 0 0.813236)
(1.07723 0 0.797547)
(1.0578 0 0.773697)
(1.04433 0 0.743057)
(1.0374 0 0.70739)
(1.03706 0 0.668715)
(1.04283 0 0.629071)
(1.05372 0 0.590196)
(1.06856 0 0.553335)
(1.08614 0 0.519281)
(1.10541 0 0.488479)
(1.12547 0 0.461119)
(1.14556 0 0.437201)
(1.1651 0 0.416601)
(1.18364 0 0.399113)
(1.20087 0 0.384486)
(1.21654 0 0.372448)
(1.23052 0 0.362719)
(1.24272 0 0.35503)
(1.25311 0 0.349121)
(1.26169 0 0.344752)
(1.2685 0 0.341701)
(1.27358 0 0.339768)
(1.27701 0 0.33877)
(1.27885 0 0.338544)
(1.27919 0 0.338945)
(1.27812 0 0.339842)
(1.27571 0 0.34112)
(1.27205 0 0.342678)
(1.26722 0 0.344425)
(1.2613 0 0.346281)
(1.25435 0 0.348176)
(1.24645 0 0.350049)
(1.23766 0 0.351845)
(1.22804 0 0.353516)
(1.21765 0 0.355021)
(1.20653 0 0.356326)
(1.19474 0 0.357399)
(1.18232 0 0.358215)
(1.16931 0 0.358754)
(1.15575 0 0.359)
(1.14165 0 0.358942)
(1.12707 0 0.358575)
(1.112 0 0.357896)
(1.09648 0 0.356912)
(1.08052 0 0.355632)
(1.06415 0 0.354074)
(1.0475 0 0.352266)
(1.03042 0 0.350249)
(1.00849 0 0.348026)
(0.0045005 0 -0.427107)
(0.0134908 0 -0.426564)
(0.0224713 0 -0.42597)
(0.0314419 0 -0.425324)
(0.0404016 0 -0.424624)
(0.0493498 0 -0.423872)
(0.0582858 0 -0.423069)
(0.0672089 0 -0.422216)
(0.0761184 0 -0.421316)
(0.0850137 0 -0.420369)
(0.0938941 0 -0.419377)
(0.102759 0 -0.418342)
(0.111607 0 -0.417265)
(0.120439 0 -0.416149)
(0.129253 0 -0.414993)
(0.138049 0 -0.413801)
(0.146826 0 -0.412573)
(0.155583 0 -0.411311)
(0.164321 0 -0.410017)
(0.173038 0 -0.408692)
(0.181734 0 -0.407337)
(0.190408 0 -0.405956)
(0.199061 0 -0.404548)
(0.207691 0 -0.403115)
(0.216298 0 -0.40166)
(0.224882 0 -0.400183)
(0.233442 0 -0.398687)
(0.241979 0 -0.397171)
(0.250492 0 -0.395639)
(0.25898 0 -0.394092)
(0.267444 0 -0.392531)
(0.275883 0 -0.390957)
(0.284298 0 -0.389372)
(0.292688 0 -0.387778)
(0.301053 0 -0.386175)
(0.309394 0 -0.384566)
(0.31771 0 -0.382951)
(0.326001 0 -0.381332)
(0.334268 0 -0.37971)
(0.342511 0 -0.378086)
(0.350729 0 -0.376462)
(0.358924 0 -0.374839)
(0.367095 0 -0.373218)
(0.375243 0 -0.3716)
(0.383368 0 -0.369986)
(0.39147 0 -0.368377)
(0.39955 0 -0.366774)
(0.407608 0 -0.365178)
(0.415645 0 -0.36359)
(0.423662 0 -0.362011)
(0.431658 0 -0.360441)
(0.439634 0 -0.358882)
(0.447591 0 -0.357334)
(0.45553 0 -0.355798)
(0.46345 0 -0.354274)
(0.471353 0 -0.352763)
(0.47924 0 -0.351265)
(0.48711 0 -0.349781)
(0.494965 0 -0.348311)
(0.502805 0 -0.346855)
(0.510632 0 -0.345415)
(0.518445 0 -0.343989)
(0.526245 0 -0.342578)
(0.534034 0 -0.341182)
(0.541812 0 -0.339801)
(0.549579 0 -0.338435)
(0.557337 0 -0.337084)
(0.565086 0 -0.335747)
(0.572827 0 -0.334425)
(0.58056 0 -0.333116)
(0.588287 0 -0.331822)
(0.596007 0 -0.33054)
(0.603723 0 -0.32927)
(0.611433 0 -0.328013)
(0.61914 0 -0.326766)
(0.626844 0 -0.32553)
(0.634544 0 -0.324302)
(0.642243 0 -0.323084)
(0.64994 0 -0.321873)
(0.657636 0 -0.320668)
(0.665331 0 -0.319468)
(0.673026 0 -0.318272)
(0.680721 0 -0.317078)
(0.688417 0 -0.315886)
(0.696113 0 -0.314693)
(0.703811 0 -0.313499)
(0.71151 0 -0.312301)
(0.719211 0 -0.311098)
(0.726914 0 -0.309887)
(0.734618 0 -0.308669)
(0.742324 0 -0.30744)
(0.750032 0 -0.306198)
(0.757742 0 -0.304942)
(0.765454 0 -0.303669)
(0.773167 0 -0.302378)
(0.780881 0 -0.301066)
(0.788597 0 -0.299731)
(0.796313 0 -0.29837)
(0.804029 0 -0.296983)
(0.811746 0 -0.295565)
(0.819463 0 -0.294115)
(0.827178 0 -0.292629)
(0.834893 0 -0.291107)
(0.842605 0 -0.289545)
(0.850316 0 -0.287939)
(0.858023 0 -0.286289)
(0.865727 0 -0.284591)
(0.873427 0 -0.282841)
(0.881122 0 -0.281038)
(0.888812 0 -0.279178)
(0.896495 0 -0.277259)
(0.904172 0 -0.275277)
(0.911842 0 -0.273229)
(0.919504 0 -0.271112)
(0.927157 0 -0.268923)
(0.934802 0 -0.266659)
(0.942436 0 -0.264315)
(0.95006 0 -0.261889)
(0.957674 0 -0.259376)
(0.965276 0 -0.256774)
(0.972867 0 -0.254078)
(0.980445 0 -0.251284)
(0.988012 0 -0.248388)
(0.995566 0 -0.245387)
(1.00311 0 -0.242274)
(1.01063 0 -0.239047)
(1.01815 0 -0.2357)
(1.02565 0 -0.232227)
(1.03314 0 -0.228625)
(1.04062 0 -0.224887)
(1.04809 0 -0.221008)
(1.05555 0 -0.216982)
(1.06299 0 -0.212803)
(1.07043 0 -0.208463)
(1.07786 0 -0.203956)
(1.08528 0 -0.199274)
(1.0927 0 -0.19441)
(1.10011 0 -0.189355)
(1.10752 0 -0.1841)
(1.11493 0 -0.178636)
(1.12235 0 -0.172952)
(1.12977 0 -0.167037)
(1.1372 0 -0.16088)
(1.14464 0 -0.154467)
(1.1521 0 -0.147786)
(1.15958 0 -0.140821)
(1.16708 0 -0.133556)
(1.17461 0 -0.125973)
(1.18217 0 -0.118054)
(1.18978 0 -0.109778)
(1.19742 0 -0.101121)
(1.20512 0 -0.0920603)
(1.21287 0 -0.0825673)
(1.22069 0 -0.0726128)
(1.22857 0 -0.0621644)
(1.23653 0 -0.0511866)
(1.24458 0 -0.0396404)
(1.25272 0 -0.0274833)
(1.26096 0 -0.0146684)
(1.2693 0 -0.00114406)
(1.27775 0 0.0131383)
(1.28632 0 0.0282257)
(1.29499 0 0.0441831)
(1.30378 0 0.0610797)
(1.31268 0 0.07899)
(1.32169 0 0.0979954)
(1.33079 0 0.118185)
(1.33998 0 0.139655)
(1.34922 0 0.162512)
(1.35847 0 0.186871)
(1.36769 0 0.212854)
(1.37681 0 0.240591)
(1.38573 0 0.270218)
(1.39433 0 0.301868)
(1.40247 0 0.335668)
(1.40994 0 0.371728)
(1.41652 0 0.410124)
(1.42191 0 0.450878)
(1.42578 0 0.493935)
(1.42773 0 0.539125)
(1.42731 0 0.586124)
(1.42403 0 0.634401)
(1.41735 0 0.683154)
(1.40679 0 0.731243)
(1.39192 0 0.777115)
(1.37251 0 0.818749)
(1.3487 0 0.853635)
(1.32128 0 0.878901)
(1.29199 0 0.891754)
(1.26338 0 0.890514)
(1.23809 0 0.875088)
(1.21828 0 0.846491)
(1.20559 0 0.806529)
(1.20116 0 0.757707)
(1.20559 0 0.703201)
(1.21866 0 0.646727)
(1.23906 0 0.592067)
(1.2646 0 0.541998)
(1.29295 0 0.497814)
(1.32224 0 0.459859)
(1.3511 0 0.427974)
(1.37855 0 0.401734)
(1.40392 0 0.380584)
(1.42681 0 0.363927)
(1.44696 0 0.351169)
(1.46429 0 0.341755)
(1.47881 0 0.335175)
(1.49056 0 0.330976)
(1.49968 0 0.328759)
(1.5063 0 0.328173)
(1.51057 0 0.328917)
(1.51266 0 0.330729)
(1.51272 0 0.333386)
(1.51092 0 0.336695)
(1.50741 0 0.340492)
(1.50233 0 0.344636)
(1.49581 0 0.349008)
(1.48798 0 0.353504)
(1.47894 0 0.358037)
(1.46881 0 0.362533)
(1.45767 0 0.366926)
(1.44562 0 0.371163)
(1.43273 0 0.375197)
(1.41908 0 0.378987)
(1.40473 0 0.382501)
(1.38974 0 0.385711)
(1.37415 0 0.388594)
(1.35802 0 0.391131)
(1.34139 0 0.393308)
(1.3243 0 0.395116)
(1.30677 0 0.396549)
(1.28884 0 0.397606)
(1.27054 0 0.398292)
(1.25187 0 0.398617)
(1.23287 0 0.398596)
(1.21352 0 0.398254)
(1.19388 0 0.397622)
(1.17406 0 0.396744)
(1.15395 0 0.39568)
(1.12918 0 0.39447)
(0.00430743 0 -0.448239)
(0.0129124 0 -0.447674)
(0.0215082 0 -0.447057)
(0.0300948 0 -0.446386)
(0.0386712 0 -0.445661)
(0.0472369 0 -0.444881)
(0.0557912 0 -0.444049)
(0.0643335 0 -0.443165)
(0.0728631 0 -0.442233)
(0.0813794 0 -0.441252)
(0.0898819 0 -0.440225)
(0.0983697 0 -0.439153)
(0.106842 0 -0.438038)
(0.115299 0 -0.436881)
(0.12374 0 -0.435684)
(0.132164 0 -0.434448)
(0.14057 0 -0.433176)
(0.148958 0 -0.431869)
(0.157327 0 -0.430528)
(0.165678 0 -0.429155)
(0.174009 0 -0.427751)
(0.18232 0 -0.426319)
(0.19061 0 -0.42486)
(0.198881 0 -0.423375)
(0.20713 0 -0.421867)
(0.215357 0 -0.420337)
(0.223564 0 -0.418785)
(0.231748 0 -0.417215)
(0.239911 0 -0.415628)
(0.248051 0 -0.414025)
(0.256169 0 -0.412407)
(0.264265 0 -0.410777)
(0.272339 0 -0.409136)
(0.280391 0 -0.407485)
(0.28842 0 -0.405827)
(0.296427 0 -0.404161)
(0.304412 0 -0.40249)
(0.312375 0 -0.400816)
(0.320317 0 -0.399139)
(0.328237 0 -0.39746)
(0.336136 0 -0.395782)
(0.344015 0 -0.394106)
(0.351873 0 -0.392432)
(0.359711 0 -0.390762)
(0.367529 0 -0.389098)
(0.375328 0 -0.387439)
(0.383109 0 -0.385787)
(0.390871 0 -0.384144)
(0.398616 0 -0.38251)
(0.406344 0 -0.380886)
(0.414055 0 -0.379273)
(0.42175 0 -0.377672)
(0.42943 0 -0.376083)
(0.437096 0 -0.374508)
(0.444748 0 -0.372947)
(0.452387 0 -0.3714)
(0.460014 0 -0.369868)
(0.467629 0 -0.368351)
(0.475233 0 -0.36685)
(0.482828 0 -0.365366)
(0.490413 0 -0.363898)
(0.49799 0 -0.362447)
(0.505559 0 -0.361013)
(0.513122 0 -0.359595)
(0.520678 0 -0.358195)
(0.52823 0 -0.356811)
(0.535778 0 -0.355444)
(0.543322 0 -0.354093)
(0.550863 0 -0.352759)
(0.558403 0 -0.35144)
(0.565942 0 -0.350137)
(0.573481 0 -0.348848)
(0.581021 0 -0.347574)
(0.588561 0 -0.346313)
(0.596104 0 -0.345065)
(0.60365 0 -0.343828)
(0.6112 0 -0.342602)
(0.618753 0 -0.341387)
(0.626311 0 -0.340179)
(0.633875 0 -0.33898)
(0.641444 0 -0.337787)
(0.64902 0 -0.336598)
(0.656602 0 -0.335413)
(0.664192 0 -0.33423)
(0.671789 0 -0.333048)
(0.679393 0 -0.331864)
(0.687006 0 -0.330678)
(0.694627 0 -0.329486)
(0.702257 0 -0.328288)
(0.709895 0 -0.327082)
(0.717542 0 -0.325865)
(0.725197 0 -0.324635)
(0.73286 0 -0.323391)
(0.740532 0 -0.32213)
(0.748212 0 -0.32085)
(0.7559 0 -0.319549)
(0.763595 0 -0.318224)
(0.771298 0 -0.316873)
(0.779008 0 -0.315494)
(0.786725 0 -0.314084)
(0.794448 0 -0.31264)
(0.802176 0 -0.31116)
(0.80991 0 -0.309642)
(0.817649 0 -0.308083)
(0.825392 0 -0.306479)
(0.833138 0 -0.304829)
(0.840888 0 -0.30313)
(0.848639 0 -0.301378)
(0.856393 0 -0.299571)
(0.864148 0 -0.297706)
(0.871904 0 -0.295779)
(0.87966 0 -0.293789)
(0.887415 0 -0.291731)
(0.89517 0 -0.289604)
(0.902923 0 -0.287402)
(0.910674 0 -0.285124)
(0.918422 0 -0.282765)
(0.926168 0 -0.280323)
(0.933911 0 -0.277794)
(0.94165 0 -0.275174)
(0.949386 0 -0.27246)
(0.957118 0 -0.269648)
(0.964846 0 -0.266733)
(0.972571 0 -0.263712)
(0.980292 0 -0.260581)
(0.98801 0 -0.257336)
(0.995725 0 -0.253971)
(1.00344 0 -0.250482)
(1.01115 0 -0.246865)
(1.01886 0 -0.243114)
(1.02657 0 -0.239224)
(1.03429 0 -0.235189)
(1.04201 0 -0.231004)
(1.04973 0 -0.226662)
(1.05746 0 -0.222157)
(1.0652 0 -0.217482)
(1.07295 0 -0.21263)
(1.08072 0 -0.207592)
(1.0885 0 -0.202362)
(1.09631 0 -0.196929)
(1.10414 0 -0.191285)
(1.112 0 -0.185419)
(1.1199 0 -0.179321)
(1.12783 0 -0.172978)
(1.13581 0 -0.166379)
(1.14385 0 -0.159508)
(1.15194 0 -0.152352)
(1.1601 0 -0.144894)
(1.16834 0 -0.137116)
(1.17666 0 -0.128999)
(1.18508 0 -0.120521)
(1.1936 0 -0.11166)
(1.20224 0 -0.102389)
(1.211 0 -0.0926812)
(1.21992 0 -0.0825055)
(1.22899 0 -0.071828)
(1.23824 0 -0.0606113)
(1.24768 0 -0.0488145)
(1.25734 0 -0.036392)
(1.26723 0 -0.0232937)
(1.27737 0 -0.00946372)
(1.2878 0 0.00515969)
(1.29851 0 0.0206283)
(1.30955 0 0.0370064)
(1.32092 0 0.0543766)
(1.33264 0 0.0728286)
(1.34476 0 0.0924625)
(1.35727 0 0.11339)
(1.37021 0 0.135737)
(1.38357 0 0.159646)
(1.39735 0 0.185276)
(1.41155 0 0.212802)
(1.42614 0 0.242418)
(1.44106 0 0.274331)
(1.45623 0 0.308756)
(1.47153 0 0.345909)
(1.4868 0 0.385993)
(1.50181 0 0.429176)
(1.51626 0 0.475566)
(1.52978 0 0.525169)
(1.54187 0 0.577838)
(1.55193 0 0.633199)
(1.55923 0 0.690552)
(1.56293 0 0.748739)
(1.56209 0 0.805967)
(1.55575 0 0.859593)
(1.54322 0 0.905863)
(1.52464 0 0.939582)
(1.50258 0 0.95446)
(1.48149 0 0.947444)
(1.46553 0 0.91999)
(1.45699 0 0.874711)
(1.45721 0 0.814673)
(1.46713 0 0.743661)
(1.48741 0 0.666543)
(1.51779 0 0.589657)
(1.55564 0 0.520449)
(1.59643 0 0.46313)
(1.63601 0 0.417412)
(1.67219 0 0.381932)
(1.70403 0 0.355247)
(1.73117 0 0.335943)
(1.75356 0 0.322708)
(1.77138 0 0.314388)
(1.7849 0 0.310006)
(1.79447 0 0.308749)
(1.80045 0 0.309945)
(1.80317 0 0.313044)
(1.80298 0 0.3176)
(1.80018 0 0.323246)
(1.79507 0 0.329687)
(1.7879 0 0.336684)
(1.77891 0 0.344042)
(1.7683 0 0.351603)
(1.75625 0 0.359239)
(1.74294 0 0.366845)
(1.7285 0 0.374336)
(1.71305 0 0.381643)
(1.69672 0 0.388708)
(1.67961 0 0.395487)
(1.66179 0 0.401939)
(1.64334 0 0.408035)
(1.62433 0 0.413749)
(1.60483 0 0.419062)
(1.58488 0 0.423956)
(1.56452 0 0.428419)
(1.5438 0 0.432444)
(1.52275 0 0.436024)
(1.50141 0 0.439157)
(1.47979 0 0.441844)
(1.45793 0 0.44409)
(1.43584 0 0.445905)
(1.41353 0 0.447301)
(1.39102 0 0.448299)
(1.36832 0 0.448926)
(1.34541 0 0.449215)
(1.32235 0 0.449213)
(1.29923 0 0.448975)
(1.27597 0 0.448576)
(1.24839 0 0.448089)
(0.0041091 0 -0.468432)
(0.0123182 0 -0.467847)
(0.0205188 0 -0.467209)
(0.0287109 0 -0.466515)
(0.0368936 0 -0.465765)
(0.0450663 0 -0.46496)
(0.0532285 0 -0.464101)
(0.0613796 0 -0.463189)
(0.0695189 0 -0.462226)
(0.077646 0 -0.461214)
(0.0857601 0 -0.460154)
(0.0938607 0 -0.459048)
(0.101947 0 -0.457897)
(0.110019 0 -0.456702)
(0.118076 0 -0.455467)
(0.126117 0 -0.454192)
(0.134142 0 -0.452879)
(0.142151 0 -0.451529)
(0.150142 0 -0.450145)
(0.158116 0 -0.448727)
(0.166072 0 -0.447278)
(0.17401 0 -0.4458)
(0.181929 0 -0.444294)
(0.189829 0 -0.442761)
(0.19771 0 -0.441205)
(0.205572 0 -0.439625)
(0.213414 0 -0.438024)
(0.221236 0 -0.436404)
(0.229039 0 -0.434767)
(0.236821 0 -0.433113)
(0.244584 0 -0.431445)
(0.252327 0 -0.429764)
(0.26005 0 -0.428073)
(0.267754 0 -0.426372)
(0.275438 0 -0.424663)
(0.283102 0 -0.422947)
(0.290747 0 -0.421227)
(0.298373 0 -0.419504)
(0.305981 0 -0.417779)
(0.31357 0 -0.416053)
(0.321141 0 -0.414329)
(0.328695 0 -0.412607)
(0.336232 0 -0.410888)
(0.343751 0 -0.409175)
(0.351255 0 -0.407468)
(0.358743 0 -0.405768)
(0.366217 0 -0.404077)
(0.373675 0 -0.402395)
(0.38112 0 -0.400724)
(0.388552 0 -0.399064)
(0.395972 0 -0.397417)
(0.40338 0 -0.395784)
(0.410777 0 -0.394165)
(0.418164 0 -0.392561)
(0.425542 0 -0.390972)
(0.432911 0 -0.3894)
(0.440273 0 -0.387845)
(0.447628 0 -0.386308)
(0.454977 0 -0.384788)
(0.462321 0 -0.383286)
(0.469662 0 -0.381804)
(0.476999 0 -0.380339)
(0.484334 0 -0.378894)
(0.491668 0 -0.377468)
(0.499001 0 -0.376061)
(0.506335 0 -0.374673)
(0.513671 0 -0.373304)
(0.521009 0 -0.371953)
(0.528351 0 -0.37062)
(0.535697 0 -0.369306)
(0.543049 0 -0.368008)
(0.550406 0 -0.366728)
(0.557771 0 -0.365463)
(0.565143 0 -0.364214)
(0.572524 0 -0.362979)
(0.579915 0 -0.361758)
(0.587315 0 -0.360549)
(0.594727 0 -0.359352)
(0.60215 0 -0.358165)
(0.609585 0 -0.356986)
(0.617032 0 -0.355816)
(0.624493 0 -0.354651)
(0.631968 0 -0.353491)
(0.639456 0 -0.352334)
(0.646959 0 -0.351178)
(0.654477 0 -0.350021)
(0.66201 0 -0.348862)
(0.669558 0 -0.347699)
(0.677121 0 -0.34653)
(0.6847 0 -0.345352)
(0.692294 0 -0.344163)
(0.699903 0 -0.342962)
(0.707528 0 -0.341746)
(0.715167 0 -0.340513)
(0.722822 0 -0.339261)
(0.730491 0 -0.337986)
(0.738174 0 -0.336687)
(0.745871 0 -0.335362)
(0.753582 0 -0.334007)
(0.761306 0 -0.33262)
(0.769043 0 -0.331198)
(0.776792 0 -0.329739)
(0.784552 0 -0.328241)
(0.792323 0 -0.3267)
(0.800105 0 -0.325113)
(0.807897 0 -0.323479)
(0.815698 0 -0.321794)
(0.823508 0 -0.320055)
(0.831326 0 -0.318259)
(0.839151 0 -0.316404)
(0.846983 0 -0.314487)
(0.854822 0 -0.312504)
(0.862667 0 -0.310453)
(0.870517 0 -0.30833)
(0.878372 0 -0.306133)
(0.886232 0 -0.303857)
(0.894095 0 -0.301501)
(0.901963 0 -0.299061)
(0.909835 0 -0.296533)
(0.917711 0 -0.293914)
(0.92559 0 -0.2912)
(0.933473 0 -0.288389)
(0.94136 0 -0.285475)
(0.949251 0 -0.282457)
(0.957148 0 -0.279329)
(0.96505 0 -0.276087)
(0.972958 0 -0.272729)
(0.980874 0 -0.269248)
(0.988798 0 -0.265642)
(0.996732 0 -0.261904)
(1.00468 0 -0.258032)
(1.01264 0 -0.254018)
(1.02061 0 -0.249859)
(1.0286 0 -0.245549)
(1.03662 0 -0.241082)
(1.04465 0 -0.236452)
(1.05272 0 -0.231652)
(1.06081 0 -0.226676)
(1.06894 0 -0.221516)
(1.07711 0 -0.216165)
(1.08533 0 -0.210614)
(1.0936 0 -0.204855)
(1.10192 0 -0.198877)
(1.11032 0 -0.192671)
(1.11878 0 -0.186226)
(1.12732 0 -0.179529)
(1.13596 0 -0.172567)
(1.1447 0 -0.165326)
(1.15355 0 -0.157792)
(1.16253 0 -0.149945)
(1.17165 0 -0.141769)
(1.18092 0 -0.133243)
(1.19037 0 -0.124344)
(1.2 0 -0.115049)
(1.20985 0 -0.10533)
(1.21994 0 -0.0951576)
(1.23029 0 -0.0844993)
(1.24092 0 -0.073319)
(1.25188 0 -0.0615767)
(1.26318 0 -0.049228)
(1.27488 0 -0.0362233)
(1.28702 0 -0.0225068)
(1.29963 0 -0.00801389)
(1.31277 0 0.00732207)
(1.32647 0 0.0235625)
(1.34081 0 0.0407831)
(1.35582 0 0.0590872)
(1.37158 0 0.0785899)
(1.38815 0 0.099423)
(1.40561 0 0.121739)
(1.42402 0 0.145711)
(1.44347 0 0.171543)
(1.46402 0 0.199463)
(1.48574 0 0.229734)
(1.50868 0 0.262647)
(1.53288 0 0.298518)
(1.55833 0 0.337686)
(1.58503 0 0.380496)
(1.61287 0 0.427287)
(1.6417 0 0.478361)
(1.67128 0 0.533944)
(1.70122 0 0.594124)
(1.73098 0 0.658746)
(1.7598 0 0.727246)
(1.78674 0 0.798376)
(1.81055 0 0.869762)
(1.82938 0 0.936839)
(1.84103 0 0.989828)
(1.84992 0 1.00884)
(1.85912 0 0.987687)
(1.87412 0 0.938299)
(1.89431 0 0.868105)
(1.91876 0 0.781218)
(1.94739 0 0.681365)
(1.981 0 0.573991)
(2.02092 0 0.469653)
(2.06217 0 0.388974)
(2.10111 0 0.339101)
(2.13188 0 0.308965)
(2.15471 0 0.291365)
(2.17062 0 0.282509)
(2.18031 0 0.279956)
(2.18449 0 0.281923)
(2.18387 0 0.287106)
(2.17913 0 0.294559)
(2.17091 0 0.303587)
(2.15973 0 0.313676)
(2.14607 0 0.324439)
(2.13031 0 0.335586)
(2.11281 0 0.346897)
(2.09384 0 0.358206)
(2.07365 0 0.369386)
(2.05243 0 0.380342)
(2.03036 0 0.391001)
(2.00757 0 0.401307)
(1.98419 0 0.411218)
(1.96032 0 0.420702)
(1.93602 0 0.429733)
(1.91139 0 0.438295)
(1.88646 0 0.446373)
(1.86129 0 0.453956)
(1.83592 0 0.461039)
(1.81039 0 0.467615)
(1.78472 0 0.473682)
(1.75893 0 0.479239)
(1.73306 0 0.484287)
(1.7071 0 0.488828)
(1.68108 0 0.492866)
(1.655 0 0.496408)
(1.62888 0 0.499463)
(1.60273 0 0.502044)
(1.57653 0 0.504165)
(1.55031 0 0.505849)
(1.52406 0 0.507122)
(1.49778 0 0.508019)
(1.47145 0 0.508582)
(1.4451 0 0.508867)
(1.41883 0 0.508939)
(1.39257 0 0.508881)
(1.36247 0 0.508788)
(0.00390588 0 -0.487663)
(0.0117093 0 -0.487058)
(0.019505 0 -0.4864)
(0.0272929 0 -0.485686)
(0.0350722 0 -0.484914)
(0.0428423 0 -0.484085)
(0.0506027 0 -0.483201)
(0.058353 0 -0.482262)
(0.0660924 0 -0.481272)
(0.0738206 0 -0.480231)
(0.0815368 0 -0.47914)
(0.0892407 0 -0.478002)
(0.0969317 0 -0.476818)
(0.104609 0 -0.47559)
(0.112273 0 -0.474319)
(0.119922 0 -0.473007)
(0.127557 0 -0.471656)
(0.135176 0 -0.470268)
(0.14278 0 -0.468844)
(0.150368 0 -0.467386)
(0.15794 0 -0.465896)
(0.165495 0 -0.464375)
(0.173033 0 -0.462826)
(0.180554 0 -0.46125)
(0.188058 0 -0.45965)
(0.195544 0 -0.458026)
(0.203013 0 -0.45638)
(0.210465 0 -0.454716)
(0.217898 0 -0.453033)
(0.225315 0 -0.451334)
(0.232713 0 -0.449621)
(0.240095 0 -0.447896)
(0.247459 0 -0.44616)
(0.254805 0 -0.444415)
(0.262135 0 -0.442662)
(0.269449 0 -0.440904)
(0.276746 0 -0.439142)
(0.284027 0 -0.437377)
(0.291292 0 -0.435611)
(0.298542 0 -0.433845)
(0.305778 0 -0.432082)
(0.312999 0 -0.430322)
(0.320207 0 -0.428568)
(0.327402 0 -0.426819)
(0.334584 0 -0.425078)
(0.341754 0 -0.423346)
(0.348914 0 -0.421624)
(0.356062 0 -0.419913)
(0.363202 0 -0.418215)
(0.370332 0 -0.41653)
(0.377454 0 -0.41486)
(0.38457 0 -0.413204)
(0.391678 0 -0.411566)
(0.398782 0 -0.409944)
(0.405881 0 -0.40834)
(0.412976 0 -0.406754)
(0.420069 0 -0.405188)
(0.427161 0 -0.403641)
(0.434251 0 -0.402115)
(0.441343 0 -0.400609)
(0.448435 0 -0.399124)
(0.455531 0 -0.39766)
(0.46263 0 -0.396218)
(0.469733 0 -0.394797)
(0.476842 0 -0.393397)
(0.483958 0 -0.392019)
(0.491082 0 -0.390662)
(0.498215 0 -0.389325)
(0.505357 0 -0.38801)
(0.512511 0 -0.386714)
(0.519676 0 -0.385438)
(0.526854 0 -0.384181)
(0.534046 0 -0.382943)
(0.541253 0 -0.381721)
(0.548475 0 -0.380516)
(0.555714 0 -0.379327)
(0.56297 0 -0.378151)
(0.570243 0 -0.376989)
(0.577536 0 -0.375839)
(0.584847 0 -0.374699)
(0.592179 0 -0.373567)
(0.599531 0 -0.372443)
(0.606904 0 -0.371325)
(0.614298 0 -0.370211)
(0.621713 0 -0.369098)
(0.629151 0 -0.367986)
(0.636611 0 -0.366871)
(0.644092 0 -0.365753)
(0.651597 0 -0.364629)
(0.659123 0 -0.363496)
(0.666672 0 -0.362353)
(0.674243 0 -0.361197)
(0.681837 0 -0.360025)
(0.689452 0 -0.358836)
(0.697088 0 -0.357627)
(0.704746 0 -0.356395)
(0.712424 0 -0.355138)
(0.720123 0 -0.353853)
(0.727842 0 -0.352538)
(0.73558 0 -0.351189)
(0.743337 0 -0.349805)
(0.751113 0 -0.348382)
(0.758905 0 -0.346918)
(0.766715 0 -0.345411)
(0.774542 0 -0.343856)
(0.782384 0 -0.342252)
(0.790241 0 -0.340596)
(0.798112 0 -0.338884)
(0.805998 0 -0.337114)
(0.813896 0 -0.335284)
(0.821808 0 -0.33339)
(0.829731 0 -0.331429)
(0.837666 0 -0.329399)
(0.845612 0 -0.327296)
(0.853569 0 -0.325117)
(0.861536 0 -0.32286)
(0.869514 0 -0.320522)
(0.877501 0 -0.318098)
(0.885499 0 -0.315587)
(0.893506 0 -0.312986)
(0.901523 0 -0.310289)
(0.909551 0 -0.307496)
(0.91759 0 -0.304602)
(0.92564 0 -0.301603)
(0.933702 0 -0.298497)
(0.941777 0 -0.29528)
(0.949866 0 -0.291948)
(0.95797 0 -0.288497)
(0.966091 0 -0.284924)
(0.974231 0 -0.281224)
(0.982392 0 -0.277394)
(0.990576 0 -0.273429)
(0.998785 0 -0.269324)
(1.00702 0 -0.265075)
(1.01529 0 -0.260677)
(1.0236 0 -0.256124)
(1.03195 0 -0.251412)
(1.04034 0 -0.246535)
(1.04878 0 -0.241486)
(1.05728 0 -0.236259)
(1.06584 0 -0.230848)
(1.07447 0 -0.225244)
(1.08317 0 -0.219441)
(1.09196 0 -0.213429)
(1.10085 0 -0.2072)
(1.10984 0 -0.200745)
(1.11895 0 -0.194051)
(1.1282 0 -0.187109)
(1.13758 0 -0.179906)
(1.14713 0 -0.172427)
(1.15685 0 -0.164659)
(1.16677 0 -0.156586)
(1.17691 0 -0.14819)
(1.18729 0 -0.139451)
(1.19794 0 -0.13035)
(1.20889 0 -0.120863)
(1.22017 0 -0.110965)
(1.23181 0 -0.100628)
(1.24387 0 -0.0898219)
(1.25637 0 -0.0785131)
(1.26938 0 -0.0666638)
(1.28296 0 -0.0542319)
(1.29716 0 -0.0411695)
(1.31207 0 -0.0274219)
(1.32775 0 -0.0129228)
(1.3443 0 0.00240031)
(1.36181 0 0.0186144)
(1.3804 0 0.0357945)
(1.40017 0 0.0540497)
(1.42127 0 0.0735149)
(1.44386 0 0.094345)
(1.46811 0 0.11672)
(1.49422 0 0.140852)
(1.52242 0 0.166983)
(1.55296 0 0.195391)
(1.58613 0 0.226388)
(1.62224 0 0.260314)
(1.66164 0 0.297532)
(1.70473 0 0.338416)
(1.75194 0 0.383328)
(1.80377 0 0.432582)
(1.86074 0 0.486393)
(1.92343 0 0.544774)
(1.99247 0 0.60738)
(2.06873 0 0.673237)
(2.15287 0 0.740304)
(2.24245 0 0.804444)
(2.32787 0 0.856527)
(2.46392 0 0.877754)
(2.55055 0 0.862361)
(2.63574 0 0.821769)
(2.71149 0 0.7631)
(2.77184 0 0.690171)
(2.8146 0 0.606212)
(2.84107 0 0.515859)
(2.85952 0 0.428387)
(2.81556 0 0.362894)
(2.80513 0 0.326395)
(2.78186 0 0.308503)
(2.7521 0 0.302091)
(2.72043 0 0.303269)
(2.68763 0 0.309535)
(2.65384 0 0.319112)
(2.61934 0 0.330755)
(2.58439 0 0.343616)
(2.54919 0 0.357114)
(2.51389 0 0.370854)
(2.47861 0 0.384567)
(2.44342 0 0.398071)
(2.40841 0 0.411243)
(2.37362 0 0.424003)
(2.33909 0 0.436298)
(2.30484 0 0.448093)
(2.27088 0 0.459369)
(2.23722 0 0.470112)
(2.20386 0 0.480316)
(2.1708 0 0.489979)
(2.13804 0 0.4991)
(2.10556 0 0.507679)
(2.07336 0 0.51572)
(2.04142 0 0.523224)
(2.00974 0 0.530195)
(1.9783 0 0.536636)
(1.94709 0 0.542551)
(1.9161 0 0.547944)
(1.88532 0 0.552821)
(1.85473 0 0.557186)
(1.82433 0 0.561049)
(1.79411 0 0.564418)
(1.76405 0 0.567303)
(1.73414 0 0.569721)
(1.70439 0 0.571689)
(1.67477 0 0.57323)
(1.64527 0 0.574376)
(1.61589 0 0.575163)
(1.58661 0 0.575641)
(1.55744 0 0.57587)
(1.52845 0 0.575922)
(1.49962 0 0.575884)
(1.46753 0 0.575863)
(0.00369822 0 -0.505907)
(0.0110871 0 -0.505286)
(0.018469 0 -0.50461)
(0.0258438 0 -0.503876)
(0.0332108 0 -0.503084)
(0.0405695 0 -0.502233)
(0.0479195 0 -0.501326)
(0.0552601 0 -0.500364)
(0.0625909 0 -0.499348)
(0.0699114 0 -0.498281)
(0.0772211 0 -0.497162)
(0.0845196 0 -0.495995)
(0.0918063 0 -0.494781)
(0.0990809 0 -0.493522)
(0.106343 0 -0.492218)
(0.113592 0 -0.490873)
(0.120827 0 -0.489488)
(0.128049 0 -0.488065)
(0.135257 0 -0.486604)
(0.14245 0 -0.48511)
(0.149629 0 -0.483582)
(0.156793 0 -0.482024)
(0.163942 0 -0.480436)
(0.171076 0 -0.478821)
(0.178194 0 -0.477181)
(0.185298 0 -0.475518)
(0.192385 0 -0.473833)
(0.199458 0 -0.472129)
(0.206515 0 -0.470407)
(0.213557 0 -0.468669)
(0.220583 0 -0.466917)
(0.227595 0 -0.465153)
(0.234592 0 -0.463379)
(0.241575 0 -0.461596)
(0.248544 0 -0.459807)
(0.255499 0 -0.458012)
(0.262441 0 -0.456215)
(0.269369 0 -0.454415)
(0.276286 0 -0.452617)
(0.28319 0 -0.450819)
(0.290084 0 -0.449026)
(0.296966 0 -0.447237)
(0.303839 0 -0.445454)
(0.310702 0 -0.443679)
(0.317557 0 -0.441914)
(0.324404 0 -0.440159)
(0.331244 0 -0.438416)
(0.338078 0 -0.436686)
(0.344906 0 -0.434971)
(0.35173 0 -0.433271)
(0.358551 0 -0.431588)
(0.365369 0 -0.429922)
(0.372186 0 -0.428275)
(0.379002 0 -0.426647)
(0.385819 0 -0.425039)
(0.392637 0 -0.423453)
(0.399459 0 -0.421888)
(0.406284 0 -0.420345)
(0.413114 0 -0.418825)
(0.419951 0 -0.417328)
(0.426795 0 -0.415855)
(0.433647 0 -0.414406)
(0.44051 0 -0.41298)
(0.447383 0 -0.411579)
(0.454268 0 -0.410202)
(0.461167 0 -0.408849)
(0.46808 0 -0.407519)
(0.475008 0 -0.406213)
(0.481954 0 -0.404931)
(0.488917 0 -0.403671)
(0.495899 0 -0.402433)
(0.502901 0 -0.401216)
(0.509924 0 -0.40002)
(0.516969 0 -0.398843)
(0.524036 0 -0.397685)
(0.531128 0 -0.396545)
(0.538244 0 -0.39542)
(0.545386 0 -0.394311)
(0.552553 0 -0.393214)
(0.559748 0 -0.39213)
(0.566969 0 -0.391056)
(0.574219 0 -0.38999)
(0.581497 0 -0.388931)
(0.588803 0 -0.387877)
(0.596138 0 -0.386826)
(0.603503 0 -0.385775)
(0.610897 0 -0.384722)
(0.618321 0 -0.383666)
(0.625774 0 -0.382604)
(0.633256 0 -0.381533)
(0.640767 0 -0.380452)
(0.648308 0 -0.379357)
(0.655877 0 -0.378246)
(0.663475 0 -0.377117)
(0.671101 0 -0.375967)
(0.678754 0 -0.374793)
(0.686435 0 -0.373593)
(0.694142 0 -0.372364)
(0.701875 0 -0.371103)
(0.709633 0 -0.369808)
(0.717416 0 -0.368475)
(0.725222 0 -0.367103)
(0.733052 0 -0.365687)
(0.740905 0 -0.364227)
(0.748779 0 -0.362717)
(0.756674 0 -0.361157)
(0.76459 0 -0.359543)
(0.772525 0 -0.357872)
(0.780479 0 -0.356141)
(0.788451 0 -0.354348)
(0.796441 0 -0.35249)
(0.804448 0 -0.350564)
(0.812471 0 -0.348567)
(0.820511 0 -0.346497)
(0.828566 0 -0.344351)
(0.836637 0 -0.342125)
(0.844722 0 -0.339817)
(0.852823 0 -0.337424)
(0.860939 0 -0.334944)
(0.869069 0 -0.332373)
(0.877216 0 -0.329709)
(0.885377 0 -0.326948)
(0.893556 0 -0.324088)
(0.901751 0 -0.321125)
(0.909964 0 -0.318057)
(0.918196 0 -0.314881)
(0.926448 0 -0.311592)
(0.934722 0 -0.308189)
(0.94302 0 -0.304668)
(0.951344 0 -0.301026)
(0.959696 0 -0.297258)
(0.968078 0 -0.293362)
(0.976495 0 -0.289334)
(0.984948 0 -0.28517)
(0.993443 0 -0.280866)
(1.00198 0 -0.276419)
(1.01057 0 -0.271823)
(1.01922 0 -0.267075)
(1.02793 0 -0.262169)
(1.0367 0 -0.257101)
(1.04555 0 -0.251866)
(1.05449 0 -0.246458)
(1.06351 0 -0.240872)
(1.07264 0 -0.235101)
(1.08188 0 -0.229138)
(1.09124 0 -0.222977)
(1.10074 0 -0.216611)
(1.11039 0 -0.21003)
(1.12021 0 -0.203227)
(1.13021 0 -0.196192)
(1.14042 0 -0.188915)
(1.15085 0 -0.181385)
(1.16154 0 -0.173592)
(1.1725 0 -0.165522)
(1.18378 0 -0.157162)
(1.19539 0 -0.148497)
(1.20738 0 -0.139513)
(1.21979 0 -0.130193)
(1.23267 0 -0.120518)
(1.24607 0 -0.11047)
(1.26005 0 -0.100027)
(1.27468 0 -0.089165)
(1.29003 0 -0.0778589)
(1.3062 0 -0.0660793)
(1.32327 0 -0.0537926)
(1.34136 0 -0.0409596)
(1.36061 0 -0.0275319)
(1.38114 0 -0.0134444)
(1.40312 0 0.00136225)
(1.42674 0 0.0169524)
(1.45221 0 0.0334023)
(1.47978 0 0.0507918)
(1.50971 0 0.069254)
(1.54236 0 0.0889349)
(1.57809 0 0.109996)
(1.61735 0 0.132612)
(1.66066 0 0.156966)
(1.70861 0 0.183241)
(1.76186 0 0.211605)
(1.82119 0 0.24219)
(1.88745 0 0.275064)
(1.96158 0 0.310194)
(2.04455 0 0.347381)
(2.13735 0 0.386181)
(2.24106 0 0.425786)
(2.35629 0 0.46487)
(2.47961 0 0.501348)
(2.59915 0 0.531976)
(2.76911 0 0.552638)
(2.89014 0 0.561494)
(3.00873 0 0.559891)
(3.11393 0 0.549697)
(3.19746 0 0.532609)
(3.25606 0 0.510519)
(3.29108 0 0.485852)
(3.31241 0 0.461934)
(3.26556 0 0.442978)
(3.24465 0 0.431163)
(3.20452 0 0.425617)
(3.15418 0 0.424935)
(3.10054 0 0.427979)
(3.04568 0 0.433792)
(2.9905 0 0.441577)
(2.93573 0 0.450702)
(2.88191 0 0.460688)
(2.82932 0 0.47118)
(2.77812 0 0.481917)
(2.72836 0 0.49271)
(2.68004 0 0.503422)
(2.63311 0 0.513954)
(2.58751 0 0.524236)
(2.54315 0 0.534218)
(2.49996 0 0.543861)
(2.45784 0 0.55314)
(2.41672 0 0.562033)
(2.37651 0 0.570524)
(2.33716 0 0.578603)
(2.29857 0 0.586258)
(2.26071 0 0.593483)
(2.2235 0 0.600269)
(2.18689 0 0.606613)
(2.15084 0 0.612509)
(2.1153 0 0.617954)
(2.08023 0 0.622944)
(2.04561 0 0.627479)
(2.01138 0 0.631558)
(1.97753 0 0.635181)
(1.94403 0 0.638352)
(1.91086 0 0.641076)
(1.87798 0 0.643361)
(1.84538 0 0.645218)
(1.81305 0 0.646662)
(1.78096 0 0.647717)
(1.7491 0 0.648409)
(1.71746 0 0.648778)
(1.68601 0 0.648873)
(1.65476 0 0.648757)
(1.62377 0 0.648509)
(1.59305 0 0.64822)
(1.55972 0 0.648027)
(0.0034866 0 -0.523146)
(0.010453 0 -0.522509)
(0.0174132 0 -0.521817)
(0.024367 0 -0.521066)
(0.0313139 0 -0.520255)
(0.0382533 0 -0.519386)
(0.0451849 0 -0.518458)
(0.052108 0 -0.517474)
(0.0590224 0 -0.516435)
(0.0659275 0 -0.515343)
(0.072823 0 -0.5142)
(0.0797083 0 -0.513007)
(0.0865831 0 -0.511765)
(0.0934469 0 -0.510478)
(0.100299 0 -0.509145)
(0.10714 0 -0.50777)
(0.113969 0 -0.506354)
(0.120786 0 -0.504899)
(0.12759 0 -0.503407)
(0.134382 0 -0.501879)
(0.141161 0 -0.500319)
(0.147926 0 -0.498726)
(0.154679 0 -0.497105)
(0.161418 0 -0.495456)
(0.168144 0 -0.493782)
(0.174856 0 -0.492084)
(0.181556 0 -0.490365)
(0.188242 0 -0.488626)
(0.194916 0 -0.48687)
(0.201576 0 -0.485099)
(0.208224 0 -0.483314)
(0.21486 0 -0.481518)
(0.221484 0 -0.479712)
(0.228096 0 -0.477898)
(0.234697 0 -0.476079)
(0.241288 0 -0.474256)
(0.247868 0 -0.472431)
(0.254438 0 -0.470605)
(0.261 0 -0.468781)
(0.267553 0 -0.46696)
(0.274099 0 -0.465145)
(0.280637 0 -0.463335)
(0.28717 0 -0.461534)
(0.293697 0 -0.459742)
(0.300219 0 -0.457962)
(0.306738 0 -0.456195)
(0.313254 0 -0.454441)
(0.319769 0 -0.452703)
(0.326283 0 -0.450981)
(0.332797 0 -0.449277)
(0.339313 0 -0.447593)
(0.345831 0 -0.445928)
(0.352352 0 -0.444285)
(0.358879 0 -0.442663)
(0.365412 0 -0.441065)
(0.371952 0 -0.43949)
(0.3785 0 -0.43794)
(0.385058 0 -0.436415)
(0.391628 0 -0.434916)
(0.398209 0 -0.433442)
(0.404804 0 -0.431996)
(0.411415 0 -0.430576)
(0.418041 0 -0.429183)
(0.424685 0 -0.427817)
(0.431348 0 -0.426478)
(0.438031 0 -0.425166)
(0.444736 0 -0.423881)
(0.451463 0 -0.422623)
(0.458214 0 -0.42139)
(0.46499 0 -0.420183)
(0.471793 0 -0.419)
(0.478623 0 -0.417841)
(0.485482 0 -0.416705)
(0.49237 0 -0.415592)
(0.499289 0 -0.414499)
(0.506239 0 -0.413425)
(0.513221 0 -0.41237)
(0.520237 0 -0.411331)
(0.527286 0 -0.410307)
(0.53437 0 -0.409297)
(0.541489 0 -0.408298)
(0.548643 0 -0.407309)
(0.555834 0 -0.406327)
(0.56306 0 -0.405351)
(0.570323 0 -0.404378)
(0.577622 0 -0.403407)
(0.584958 0 -0.402433)
(0.592331 0 -0.401456)
(0.59974 0 -0.400473)
(0.607185 0 -0.399481)
(0.614667 0 -0.398478)
(0.622184 0 -0.39746)
(0.629736 0 -0.396426)
(0.637323 0 -0.395373)
(0.644944 0 -0.394297)
(0.652599 0 -0.393196)
(0.660287 0 -0.392068)
(0.668007 0 -0.390909)
(0.675759 0 -0.389716)
(0.683541 0 -0.388487)
(0.691353 0 -0.38722)
(0.699194 0 -0.38591)
(0.707064 0 -0.384556)
(0.714961 0 -0.383154)
(0.722884 0 -0.381703)
(0.730832 0 -0.380198)
(0.738806 0 -0.378637)
(0.746803 0 -0.377018)
(0.754824 0 -0.375338)
(0.762867 0 -0.373593)
(0.770932 0 -0.371782)
(0.779018 0 -0.369902)
(0.787124 0 -0.36795)
(0.795251 0 -0.365923)
(0.803397 0 -0.363819)
(0.811562 0 -0.361635)
(0.819746 0 -0.359369)
(0.82795 0 -0.357018)
(0.836172 0 -0.354579)
(0.844413 0 -0.35205)
(0.852674 0 -0.349429)
(0.860954 0 -0.346712)
(0.869255 0 -0.343898)
(0.877577 0 -0.340983)
(0.885922 0 -0.337965)
(0.89429 0 -0.334842)
(0.902683 0 -0.331612)
(0.911102 0 -0.32827)
(0.919551 0 -0.324816)
(0.92803 0 -0.321245)
(0.936543 0 -0.317556)
(0.945092 0 -0.313746)
(0.95368 0 -0.309812)
(0.962312 0 -0.305751)
(0.970992 0 -0.301561)
(0.979723 0 -0.297238)
(0.988512 0 -0.292779)
(0.997364 0 -0.288182)
(1.00628 0 -0.283443)
(1.01528 0 -0.27856)
(1.02436 0 -0.273527)
(1.03353 0 -0.268343)
(1.0428 0 -0.263004)
(1.05219 0 -0.257505)
(1.0617 0 -0.251842)
(1.07134 0 -0.246013)
(1.08113 0 -0.240012)
(1.09108 0 -0.233835)
(1.10122 0 -0.227478)
(1.11155 0 -0.220935)
(1.12211 0 -0.214203)
(1.1329 0 -0.207275)
(1.14397 0 -0.200147)
(1.15533 0 -0.192813)
(1.16701 0 -0.185269)
(1.17906 0 -0.17751)
(1.19151 0 -0.16953)
(1.20441 0 -0.161326)
(1.21779 0 -0.152892)
(1.23173 0 -0.144226)
(1.24627 0 -0.135323)
(1.26149 0 -0.126182)
(1.27747 0 -0.116801)
(1.2943 0 -0.107178)
(1.31207 0 -0.0973115)
(1.3309 0 -0.0872014)
(1.35093 0 -0.0768468)
(1.37229 0 -0.0662465)
(1.39518 0 -0.0553983)
(1.41977 0 -0.044297)
(1.44632 0 -0.03293)
(1.47506 0 -0.021269)
(1.50632 0 -0.0093179)
(1.54042 0 0.00292579)
(1.5778 0 0.0154656)
(1.61893 0 0.0283002)
(1.66437 0 0.0414178)
(1.71476 0 0.0547876)
(1.77085 0 0.0683522)
(1.83348 0 0.0820174)
(1.90358 0 0.0956693)
(1.98219 0 0.109187)
(2.07036 0 0.122452)
(2.1692 0 0.135406)
(2.27985 0 0.148139)
(2.40295 0 0.161023)
(2.53501 0 0.17492)
(2.66407 0 0.191561)
(2.84374 0 0.213578)
(2.97469 0 0.241783)
(3.10255 0 0.274533)
(3.21611 0 0.310199)
(3.30681 0 0.347693)
(3.37126 0 0.386159)
(3.4108 0 0.424464)
(3.43545 0 0.46068)
(3.39116 0 0.491882)
(3.37157 0 0.516723)
(3.33208 0 0.536251)
(3.28179 0 0.551774)
(3.22771 0 0.564334)
(3.17206 0 0.574776)
(3.11581 0 0.583767)
(3.05979 0 0.591807)
(3.00457 0 0.59925)
(2.9505 0 0.606334)
(2.89775 0 0.613209)
(2.84642 0 0.619967)
(2.7965 0 0.626655)
(2.74797 0 0.63329)
(2.70077 0 0.63987)
(2.65484 0 0.646379)
(2.61008 0 0.652796)
(2.56642 0 0.659094)
(2.52378 0 0.665245)
(2.48208 0 0.671222)
(2.44125 0 0.676996)
(2.40121 0 0.682542)
(2.36191 0 0.687835)
(2.32329 0 0.692853)
(2.28529 0 0.697576)
(2.24786 0 0.701985)
(2.21096 0 0.706063)
(2.17455 0 0.709795)
(2.13859 0 0.713171)
(2.10305 0 0.716179)
(2.0679 0 0.718812)
(2.03311 0 0.721065)
(1.99866 0 0.722935)
(1.96453 0 0.724425)
(1.93069 0 0.72554)
(1.89713 0 0.726291)
(1.86384 0 0.726694)
(1.83079 0 0.726776)
(1.79797 0 0.72657)
(1.76537 0 0.726125)
(1.733 0 0.725503)
(1.70089 0 0.724784)
(1.6691 0 0.724063)
(1.6354 0 0.723494)
(0.00327153 0 -0.539361)
(0.00980864 0 -0.538711)
(0.0163402 0 -0.538004)
(0.0228662 0 -0.537238)
(0.0293861 0 -0.536411)
(0.0358994 0 -0.535524)
(0.0424057 0 -0.534578)
(0.0489047 0 -0.533574)
(0.0553958 0 -0.532515)
(0.0618788 0 -0.531402)
(0.0683532 0 -0.530236)
(0.0748186 0 -0.529019)
(0.0812748 0 -0.527754)
(0.0877213 0 -0.526441)
(0.0941578 0 -0.525083)
(0.100584 0 -0.523681)
(0.107 0 -0.522238)
(0.113405 0 -0.520755)
(0.119799 0 -0.519234)
(0.126183 0 -0.517678)
(0.132555 0 -0.516088)
(0.138916 0 -0.514467)
(0.145265 0 -0.512816)
(0.151604 0 -0.511138)
(0.157931 0 -0.509434)
(0.164247 0 -0.507707)
(0.170552 0 -0.505959)
(0.176846 0 -0.504192)
(0.18313 0 -0.502408)
(0.189404 0 -0.50061)
(0.195667 0 -0.498798)
(0.201921 0 -0.496976)
(0.208166 0 -0.495145)
(0.214403 0 -0.493308)
(0.220631 0 -0.491466)
(0.226852 0 -0.489622)
(0.233065 0 -0.487777)
(0.239273 0 -0.485933)
(0.245475 0 -0.484092)
(0.251673 0 -0.482256)
(0.257866 0 -0.480427)
(0.264056 0 -0.478607)
(0.270245 0 -0.476797)
(0.276431 0 -0.474998)
(0.282618 0 -0.473213)
(0.288806 0 -0.471443)
(0.294995 0 -0.46969)
(0.301188 0 -0.467954)
(0.307384 0 -0.466238)
(0.313586 0 -0.464542)
(0.319794 0 -0.462869)
(0.326011 0 -0.461218)
(0.332236 0 -0.459591)
(0.338472 0 -0.457989)
(0.344719 0 -0.456413)
(0.35098 0 -0.454865)
(0.357255 0 -0.453344)
(0.363546 0 -0.451851)
(0.369855 0 -0.450387)
(0.376182 0 -0.448953)
(0.38253 0 -0.447548)
(0.3889 0 -0.446174)
(0.395292 0 -0.444829)
(0.401709 0 -0.443516)
(0.408153 0 -0.442232)
(0.414623 0 -0.440979)
(0.421123 0 -0.439756)
(0.427653 0 -0.438562)
(0.434214 0 -0.437397)
(0.440808 0 -0.43626)
(0.447436 0 -0.435151)
(0.4541 0 -0.434069)
(0.4608 0 -0.433012)
(0.467537 0 -0.43198)
(0.474313 0 -0.430971)
(0.481129 0 -0.429983)
(0.487984 0 -0.429016)
(0.494881 0 -0.428067)
(0.501819 0 -0.427134)
(0.5088 0 -0.426217)
(0.515823 0 -0.425312)
(0.52289 0 -0.424417)
(0.53 0 -0.423531)
(0.537154 0 -0.422651)
(0.544351 0 -0.421775)
(0.551593 0 -0.4209)
(0.558878 0 -0.420023)
(0.566207 0 -0.419142)
(0.573579 0 -0.418255)
(0.580994 0 -0.417357)
(0.588452 0 -0.416448)
(0.595951 0 -0.415523)
(0.603492 0 -0.414581)
(0.611073 0 -0.413617)
(0.618695 0 -0.41263)
(0.626355 0 -0.411616)
(0.634054 0 -0.410572)
(0.64179 0 -0.409496)
(0.649563 0 -0.408384)
(0.657371 0 -0.407234)
(0.665213 0 -0.406043)
(0.673089 0 -0.404808)
(0.680997 0 -0.403526)
(0.688937 0 -0.402194)
(0.696907 0 -0.40081)
(0.704906 0 -0.399371)
(0.712934 0 -0.397873)
(0.720989 0 -0.396315)
(0.72907 0 -0.394694)
(0.737177 0 -0.393007)
(0.745309 0 -0.391252)
(0.753465 0 -0.389426)
(0.761645 0 -0.387526)
(0.769847 0 -0.385551)
(0.778072 0 -0.383498)
(0.786319 0 -0.381364)
(0.794587 0 -0.379147)
(0.802878 0 -0.376845)
(0.81119 0 -0.374456)
(0.819523 0 -0.371978)
(0.827879 0 -0.369407)
(0.836258 0 -0.366743)
(0.84466 0 -0.363983)
(0.853085 0 -0.361125)
(0.861536 0 -0.358167)
(0.870014 0 -0.355107)
(0.878519 0 -0.351942)
(0.887054 0 -0.348672)
(0.895621 0 -0.345294)
(0.904222 0 -0.341806)
(0.91286 0 -0.338206)
(0.921537 0 -0.334493)
(0.930257 0 -0.330664)
(0.939025 0 -0.326718)
(0.947843 0 -0.322653)
(0.956717 0 -0.318467)
(0.965652 0 -0.314159)
(0.974654 0 -0.309727)
(0.983728 0 -0.305169)
(0.992882 0 -0.300484)
(1.00212 0 -0.295669)
(1.01146 0 -0.290725)
(1.0209 0 -0.285648)
(1.03046 0 -0.280438)
(1.04015 0 -0.275094)
(1.04997 0 -0.269614)
(1.05994 0 -0.263998)
(1.07009 0 -0.258244)
(1.08041 0 -0.252352)
(1.09094 0 -0.246322)
(1.10169 0 -0.240155)
(1.11269 0 -0.233849)
(1.12395 0 -0.227408)
(1.13551 0 -0.220832)
(1.14739 0 -0.214126)
(1.15964 0 -0.207292)
(1.17228 0 -0.200336)
(1.18535 0 -0.193265)
(1.19891 0 -0.186088)
(1.213 0 -0.178816)
(1.22769 0 -0.171463)
(1.24302 0 -0.164046)
(1.25908 0 -0.156586)
(1.27595 0 -0.149105)
(1.29371 0 -0.141633)
(1.31247 0 -0.134204)
(1.33234 0 -0.126856)
(1.35344 0 -0.119634)
(1.37593 0 -0.112593)
(1.39997 0 -0.105794)
(1.42576 0 -0.0993103)
(1.4535 0 -0.0932261)
(1.48345 0 -0.0876436)
(1.5159 0 -0.0826856)
(1.55117 0 -0.0785005)
(1.58965 0 -0.0752681)
(1.63176 0 -0.0732069)
(1.67799 0 -0.0725807)
(1.72889 0 -0.0737024)
(1.78509 0 -0.0769303)
(1.84728 0 -0.0826737)
(1.91619 0 -0.0913591)
(1.99262 0 -0.103333)
(2.07742 0 -0.118705)
(2.17161 0 -0.137074)
(2.27597 0 -0.15706)
(2.38798 0 -0.175235)
(2.49788 0 -0.183208)
(2.65955 0 -0.162935)
(2.77275 0 -0.109056)
(2.88371 0 -0.0331294)
(2.98369 0 0.0573705)
(3.06512 0 0.158007)
(3.12539 0 0.2655)
(3.16579 0 0.375828)
(3.19486 0 0.480913)
(3.15956 0 0.563258)
(3.15437 0 0.616753)
(3.13446 0 0.651821)
(3.10636 0 0.675588)
(3.07498 0 0.691963)
(3.04141 0 0.703434)
(3.00603 0 0.711738)
(2.96932 0 0.718062)
(2.93168 0 0.723194)
(2.89343 0 0.727649)
(2.85483 0 0.731756)
(2.81606 0 0.735722)
(2.77725 0 0.739667)
(2.73853 0 0.743654)
(2.69997 0 0.747709)
(2.66162 0 0.751831)
(2.62354 0 0.756005)
(2.58574 0 0.760206)
(2.54825 0 0.764402)
(2.51106 0 0.768561)
(2.47419 0 0.772648)
(2.43762 0 0.77663)
(2.40136 0 0.780472)
(2.36539 0 0.784146)
(2.32971 0 0.787622)
(2.29429 0 0.790873)
(2.25914 0 0.793876)
(2.22424 0 0.79661)
(2.18958 0 0.799054)
(2.15515 0 0.801194)
(2.12094 0 0.803015)
(2.08694 0 0.804507)
(2.05314 0 0.805663)
(2.01953 0 0.806481)
(1.98611 0 0.80696)
(1.95287 0 0.807109)
(1.9198 0 0.80694)
(1.88691 0 0.806475)
(1.85417 0 0.805746)
(1.8216 0 0.804798)
(1.7892 0 0.803692)
(1.757 0 0.802506)
(1.72509 0 0.801333)
(1.69196 0 0.800332)
(0.00305359 0 -0.554537)
(0.00915559 0 -0.553875)
(0.0152528 0 -0.553156)
(0.0213452 0 -0.552376)
(0.0274324 0 -0.551535)
(0.0335139 0 -0.550633)
(0.0395893 0 -0.549671)
(0.0456583 0 -0.54865)
(0.0517206 0 -0.547573)
(0.0577757 0 -0.546441)
(0.0638234 0 -0.545256)
(0.0698634 0 -0.544019)
(0.0758953 0 -0.542732)
(0.0819189 0 -0.541397)
(0.0879339 0 -0.540016)
(0.0939401 0 -0.538592)
(0.0999374 0 -0.537125)
(0.105926 0 -0.535618)
(0.111904 0 -0.534073)
(0.117874 0 -0.532492)
(0.123834 0 -0.530878)
(0.129785 0 -0.529232)
(0.135727 0 -0.527556)
(0.141659 0 -0.525853)
(0.147583 0 -0.524125)
(0.153497 0 -0.522375)
(0.159403 0 -0.520603)
(0.1653 0 -0.518814)
(0.17119 0 -0.517008)
(0.177072 0 -0.515188)
(0.182946 0 -0.513357)
(0.188814 0 -0.511516)
(0.194676 0 -0.509667)
(0.200532 0 -0.507814)
(0.206384 0 -0.505957)
(0.212231 0 -0.504099)
(0.218074 0 -0.502242)
(0.223915 0 -0.500389)
(0.229754 0 -0.49854)
(0.235592 0 -0.496698)
(0.24143 0 -0.494866)
(0.247269 0 -0.493044)
(0.253111 0 -0.491234)
(0.258955 0 -0.489439)
(0.264803 0 -0.48766)
(0.270657 0 -0.485899)
(0.276518 0 -0.484157)
(0.282386 0 -0.482436)
(0.288264 0 -0.480737)
(0.294153 0 -0.479062)
(0.300053 0 -0.477412)
(0.305967 0 -0.475788)
(0.311895 0 -0.474191)
(0.31784 0 -0.472623)
(0.323803 0 -0.471085)
(0.329785 0 -0.469577)
(0.335788 0 -0.4681)
(0.341814 0 -0.466655)
(0.347863 0 -0.465242)
(0.353938 0 -0.463863)
(0.360041 0 -0.462517)
(0.366172 0 -0.461205)
(0.372334 0 -0.459926)
(0.378528 0 -0.458682)
(0.384755 0 -0.457472)
(0.391017 0 -0.456295)
(0.397317 0 -0.455152)
(0.403654 0 -0.454041)
(0.41003 0 -0.452963)
(0.416448 0 -0.451917)
(0.422907 0 -0.4509)
(0.42941 0 -0.449914)
(0.435958 0 -0.448955)
(0.442551 0 -0.448024)
(0.449191 0 -0.447117)
(0.455878 0 -0.446235)
(0.462614 0 -0.445375)
(0.469399 0 -0.444535)
(0.476233 0 -0.443713)
(0.483118 0 -0.442907)
(0.490053 0 -0.442114)
(0.497039 0 -0.441333)
(0.504077 0 -0.440561)
(0.511165 0 -0.439795)
(0.518304 0 -0.439032)
(0.525494 0 -0.438271)
(0.532735 0 -0.437507)
(0.540026 0 -0.436739)
(0.547367 0 -0.435963)
(0.554757 0 -0.435176)
(0.562195 0 -0.434375)
(0.569681 0 -0.433557)
(0.577214 0 -0.43272)
(0.584793 0 -0.43186)
(0.592417 0 -0.430974)
(0.600084 0 -0.430059)
(0.607795 0 -0.429112)
(0.615547 0 -0.42813)
(0.62334 0 -0.427109)
(0.631172 0 -0.426048)
(0.639042 0 -0.424944)
(0.646949 0 -0.423792)
(0.654892 0 -0.422591)
(0.662869 0 -0.421337)
(0.670879 0 -0.420028)
(0.678921 0 -0.418662)
(0.686994 0 -0.417235)
(0.695097 0 -0.415745)
(0.703229 0 -0.41419)
(0.711389 0 -0.412567)
(0.719575 0 -0.410873)
(0.727787 0 -0.409107)
(0.736025 0 -0.407266)
(0.744287 0 -0.405348)
(0.752574 0 -0.403351)
(0.760884 0 -0.401272)
(0.769217 0 -0.39911)
(0.777574 0 -0.396863)
(0.785953 0 -0.394529)
(0.794356 0 -0.392105)
(0.802782 0 -0.389591)
(0.811233 0 -0.386984)
(0.819708 0 -0.384284)
(0.828208 0 -0.381487)
(0.836735 0 -0.378593)
(0.84529 0 -0.375601)
(0.853874 0 -0.372508)
(0.862489 0 -0.369314)
(0.871137 0 -0.366018)
(0.87982 0 -0.362617)
(0.888541 0 -0.359112)
(0.897304 0 -0.355501)
(0.90611 0 -0.351783)
(0.914964 0 -0.347957)
(0.92387 0 -0.344023)
(0.932833 0 -0.339979)
(0.941857 0 -0.335827)
(0.950949 0 -0.331564)
(0.960113 0 -0.327192)
(0.969357 0 -0.322709)
(0.978688 0 -0.318117)
(0.988114 0 -0.313415)
(0.997644 0 -0.308604)
(1.00729 0 -0.303685)
(1.01705 0 -0.29866)
(1.02696 0 -0.293529)
(1.03701 0 -0.288295)
(1.04722 0 -0.282961)
(1.05761 0 -0.277529)
(1.0682 0 -0.272004)
(1.079 0 -0.26639)
(1.09003 0 -0.260692)
(1.10131 0 -0.254918)
(1.11287 0 -0.249075)
(1.12474 0 -0.243174)
(1.13694 0 -0.237225)
(1.14951 0 -0.231244)
(1.16248 0 -0.225246)
(1.17589 0 -0.219251)
(1.18979 0 -0.213282)
(1.20421 0 -0.207365)
(1.21921 0 -0.201533)
(1.23486 0 -0.195823)
(1.2512 0 -0.190277)
(1.26831 0 -0.184945)
(1.28626 0 -0.179883)
(1.30514 0 -0.175158)
(1.32504 0 -0.170845)
(1.34605 0 -0.167029)
(1.36828 0 -0.163811)
(1.39185 0 -0.161303)
(1.41688 0 -0.159635)
(1.4435 0 -0.15896)
(1.47187 0 -0.159453)
(1.50212 0 -0.161318)
(1.53439 0 -0.164787)
(1.56883 0 -0.170129)
(1.60554 0 -0.177645)
(1.64462 0 -0.18767)
(1.68608 0 -0.200556)
(1.72986 0 -0.216654)
(1.77578 0 -0.236257)
(1.82346 0 -0.259506)
(1.8723 0 -0.286212)
(1.92144 0 -0.315563)
(1.96966 0 -0.345632)
(2.01503 0 -0.372252)
(2.05519 0 -0.38595)
(2.09419 0 -0.367041)
(2.13467 0 -0.309119)
(2.18151 0 -0.223715)
(2.23341 0 -0.118171)
(2.28932 0 0.00322905)
(2.3475 0 0.135729)
(2.4074 0 0.273079)
(2.46987 0 0.404961)
(2.52934 0 0.511654)
(2.58284 0 0.586418)
(2.62493 0 0.640191)
(2.65627 0 0.680294)
(2.67834 0 0.710742)
(2.69224 0 0.734173)
(2.69899 0 0.752518)
(2.69962 0 0.767176)
(2.69505 0 0.779156)
(2.68609 0 0.789183)
(2.67345 0 0.797785)
(2.65771 0 0.805342)
(2.63937 0 0.81213)
(2.61888 0 0.818346)
(2.59656 0 0.824126)
(2.57273 0 0.829567)
(2.54763 0 0.834732)
(2.52147 0 0.83966)
(2.49442 0 0.844373)
(2.46661 0 0.848881)
(2.43818 0 0.853184)
(2.40922 0 0.857277)
(2.37982 0 0.86115)
(2.35004 0 0.864789)
(2.31994 0 0.868181)
(2.28958 0 0.871311)
(2.25901 0 0.874162)
(2.22824 0 0.87672)
(2.19732 0 0.878973)
(2.16628 0 0.880907)
(2.13513 0 0.882511)
(2.1039 0 0.883779)
(2.07261 0 0.884704)
(2.04127 0 0.885284)
(2.00989 0 0.885521)
(1.9785 0 0.885422)
(1.9471 0 0.885)
(1.91571 0 0.884276)
(1.88433 0 0.88328)
(1.85298 0 0.882055)
(1.82167 0 0.880661)
(1.79044 0 0.879172)
(1.75941 0 0.877679)
(1.72781 0 0.876331)
(0.00283336 0 -0.568661)
(0.00849567 0 -0.567989)
(0.0141539 0 -0.56726)
(0.0198082 0 -0.566469)
(0.0254581 0 -0.565616)
(0.0311032 0 -0.5647)
(0.0367431 0 -0.563724)
(0.0423777 0 -0.562689)
(0.0480066 0 -0.561597)
(0.0536294 0 -0.560449)
(0.059246 0 -0.559246)
(0.064856 0 -0.557992)
(0.0704592 0 -0.556687)
(0.0760555 0 -0.555334)
(0.0816446 0 -0.553934)
(0.0872264 0 -0.55249)
(0.0928008 0 -0.551003)
(0.0983676 0 -0.549476)
(0.103927 0 -0.547911)
(0.109479 0 -0.54631)
(0.115023 0 -0.544675)
(0.12056 0 -0.543009)
(0.126089 0 -0.541314)
(0.131612 0 -0.539592)
(0.137128 0 -0.537845)
(0.142637 0 -0.536076)
(0.148139 0 -0.534287)
(0.153636 0 -0.532481)
(0.159128 0 -0.530659)
(0.164614 0 -0.528825)
(0.170097 0 -0.52698)
(0.175575 0 -0.525128)
(0.181051 0 -0.523269)
(0.186524 0 -0.521406)
(0.191995 0 -0.519542)
(0.197466 0 -0.517679)
(0.202936 0 -0.51582)
(0.208408 0 -0.513965)
(0.213881 0 -0.512117)
(0.219358 0 -0.510279)
(0.224839 0 -0.508453)
(0.230325 0 -0.50664)
(0.235817 0 -0.504842)
(0.241317 0 -0.503061)
(0.246826 0 -0.501299)
(0.252346 0 -0.499559)
(0.257877 0 -0.49784)
(0.263421 0 -0.496146)
(0.26898 0 -0.494477)
(0.274554 0 -0.492835)
(0.280147 0 -0.491222)
(0.285759 0 -0.489639)
(0.291391 0 -0.488087)
(0.297046 0 -0.486567)
(0.302725 0 -0.485081)
(0.308431 0 -0.483629)
(0.314163 0 -0.482212)
(0.319925 0 -0.480831)
(0.325719 0 -0.479486)
(0.331545 0 -0.478179)
(0.337405 0 -0.476909)
(0.343302 0 -0.475677)
(0.349237 0 -0.474483)
(0.355212 0 -0.473326)
(0.361228 0 -0.472208)
(0.367287 0 -0.471127)
(0.373391 0 -0.470083)
(0.379541 0 -0.469075)
(0.385739 0 -0.468103)
(0.391985 0 -0.467165)
(0.398283 0 -0.466262)
(0.404632 0 -0.46539)
(0.411033 0 -0.46455)
(0.417489 0 -0.463739)
(0.424 0 -0.462956)
(0.430566 0 -0.462199)
(0.437189 0 -0.461465)
(0.443869 0 -0.460753)
(0.450607 0 -0.46006)
(0.457402 0 -0.459385)
(0.464256 0 -0.458723)
(0.471168 0 -0.458073)
(0.478139 0 -0.457432)
(0.485167 0 -0.456798)
(0.492254 0 -0.456166)
(0.499398 0 -0.455534)
(0.506598 0 -0.454899)
(0.513856 0 -0.454258)
(0.521168 0 -0.453608)
(0.528536 0 -0.452945)
(0.535957 0 -0.452266)
(0.543431 0 -0.451569)
(0.550957 0 -0.450849)
(0.558533 0 -0.450104)
(0.566158 0 -0.44933)
(0.573831 0 -0.448524)
(0.58155 0 -0.447683)
(0.589314 0 -0.446804)
(0.597122 0 -0.445884)
(0.604972 0 -0.44492)
(0.612863 0 -0.443908)
(0.620793 0 -0.442847)
(0.628761 0 -0.441733)
(0.636765 0 -0.440564)
(0.644805 0 -0.439336)
(0.652877 0 -0.438048)
(0.660983 0 -0.436696)
(0.669119 0 -0.435279)
(0.677285 0 -0.433793)
(0.685479 0 -0.432237)
(0.693702 0 -0.430609)
(0.701951 0 -0.428906)
(0.710226 0 -0.427126)
(0.718526 0 -0.425268)
(0.726851 0 -0.423329)
(0.7352 0 -0.421308)
(0.743573 0 -0.419203)
(0.751969 0 -0.417012)
(0.760388 0 -0.414734)
(0.768831 0 -0.412368)
(0.777297 0 -0.409912)
(0.785787 0 -0.407364)
(0.794302 0 -0.404724)
(0.802843 0 -0.401991)
(0.81141 0 -0.399163)
(0.820004 0 -0.396239)
(0.828628 0 -0.39322)
(0.837282 0 -0.390103)
(0.845968 0 -0.386889)
(0.85469 0 -0.383577)
(0.863448 0 -0.380166)
(0.872247 0 -0.376657)
(0.881089 0 -0.373049)
(0.889978 0 -0.369343)
(0.898917 0 -0.365538)
(0.90791 0 -0.361636)
(0.916963 0 -0.357636)
(0.92608 0 -0.35354)
(0.935267 0 -0.349349)
(0.944531 0 -0.345064)
(0.953877 0 -0.340686)
(0.963313 0 -0.336219)
(0.972847 0 -0.331664)
(0.982487 0 -0.327024)
(0.992244 0 -0.322303)
(1.00213 0 -0.317504)
(1.01215 0 -0.312633)
(1.02232 0 -0.307694)
(1.03265 0 -0.302694)
(1.04316 0 -0.297639)
(1.05386 0 -0.292538)
(1.06477 0 -0.287401)
(1.07591 0 -0.282239)
(1.0873 0 -0.277064)
(1.09896 0 -0.271892)
(1.11091 0 -0.26674)
(1.12317 0 -0.261627)
(1.13579 0 -0.256577)
(1.14878 0 -0.251617)
(1.16217 0 -0.246776)
(1.17601 0 -0.24209)
(1.19032 0 -0.237599)
(1.20515 0 -0.23335)
(1.22053 0 -0.229394)
(1.23652 0 -0.225791)
(1.25314 0 -0.222608)
(1.27047 0 -0.219921)
(1.28853 0 -0.217814)
(1.30738 0 -0.216383)
(1.32706 0 -0.215733)
(1.34763 0 -0.21598)
(1.36913 0 -0.217255)
(1.39158 0 -0.219699)
(1.41501 0 -0.223466)
(1.43944 0 -0.228718)
(1.46483 0 -0.235626)
(1.49114 0 -0.244361)
(1.51827 0 -0.255083)
(1.54606 0 -0.267922)
(1.57426 0 -0.282949)
(1.60254 0 -0.300133)
(1.63042 0 -0.319271)
(1.65729 0 -0.339883)
(1.68235 0 -0.361072)
(1.7047 0 -0.38132)
(1.72335 0 -0.398245)
(1.73749 0 -0.408295)
(1.74709 0 -0.406392)
(1.75446 0 -0.386263)
(1.76381 0 -0.344708)
(1.77901 0 -0.282939)
(1.80207 0 -0.203324)
(1.83395 0 -0.108559)
(1.87546 0 -0.00205937)
(1.92643 0 0.111022)
(1.98555 0 0.223615)
(2.04982 0 0.327646)
(2.11441 0 0.418295)
(2.17504 0 0.495504)
(2.22955 0 0.560588)
(2.27708 0 0.615119)
(2.31744 0 0.66071)
(2.35081 0 0.698882)
(2.37759 0 0.730974)
(2.39829 0 0.758119)
(2.41344 0 0.781252)
(2.42359 0 0.801136)
(2.42926 0 0.818387)
(2.43094 0 0.833495)
(2.42906 0 0.846852)
(2.42403 0 0.858767)
(2.4162 0 0.869484)
(2.4059 0 0.879191)
(2.3934 0 0.888037)
(2.37894 0 0.896137)
(2.36276 0 0.903577)
(2.34504 0 0.910425)
(2.32594 0 0.91673)
(2.30563 0 0.922529)
(2.28423 0 0.927849)
(2.26185 0 0.93271)
(2.23861 0 0.937124)
(2.21459 0 0.9411)
(2.18987 0 0.944643)
(2.16453 0 0.947759)
(2.13862 0 0.950448)
(2.11222 0 0.952712)
(2.08536 0 0.954555)
(2.0581 0 0.955978)
(2.03048 0 0.956989)
(2.00255 0 0.957594)
(1.97432 0 0.957805)
(1.94585 0 0.957639)
(1.91716 0 0.957121)
(1.88827 0 0.95628)
(1.85923 0 0.955162)
(1.83005 0 0.953823)
(1.80078 0 0.952334)
(1.77157 0 0.950778)
(1.74236 0 0.949295)
(0.00261146 0 -0.581725)
(0.00783071 0 -0.581045)
(0.0130467 0 -0.580306)
(0.0182595 0 -0.579506)
(0.0234687 0 -0.578643)
(0.0286741 0 -0.577717)
(0.0338752 0 -0.576729)
(0.039072 0 -0.575682)
(0.0442642 0 -0.574577)
(0.0494514 0 -0.573416)
(0.0546335 0 -0.572199)
(0.0598104 0 -0.57093)
(0.0649817 0 -0.569611)
(0.0701474 0 -0.568242)
(0.0753074 0 -0.566827)
(0.0804616 0 -0.565366)
(0.08561 0 -0.563864)
(0.0907524 0 -0.562321)
(0.0958891 0 -0.56074)
(0.10102 0 -0.559123)
(0.106145 0 -0.557472)
(0.111265 0 -0.555791)
(0.11638 0 -0.554081)
(0.12149 0 -0.552345)
(0.126595 0 -0.550585)
(0.131696 0 -0.548803)
(0.136793 0 -0.547003)
(0.141887 0 -0.545186)
(0.146978 0 -0.543356)
(0.152067 0 -0.541514)
(0.157155 0 -0.539663)
(0.162242 0 -0.537805)
(0.167329 0 -0.535943)
(0.172417 0 -0.53408)
(0.177506 0 -0.532217)
(0.182599 0 -0.530358)
(0.187695 0 -0.528504)
(0.192796 0 -0.526657)
(0.197903 0 -0.524821)
(0.203017 0 -0.522996)
(0.208139 0 -0.521186)
(0.213271 0 -0.519392)
(0.218414 0 -0.517616)
(0.22357 0 -0.515861)
(0.228739 0 -0.514129)
(0.233924 0 -0.51242)
(0.239126 0 -0.510738)
(0.244346 0 -0.509083)
(0.249587 0 -0.507458)
(0.254849 0 -0.505864)
(0.260135 0 -0.504302)
(0.265446 0 -0.502774)
(0.270785 0 -0.501282)
(0.276152 0 -0.499826)
(0.28155 0 -0.498407)
(0.286981 0 -0.497028)
(0.292447 0 -0.495687)
(0.297949 0 -0.494387)
(0.303489 0 -0.493128)
(0.30907 0 -0.49191)
(0.314692 0 -0.490735)
(0.320359 0 -0.489601)
(0.326072 0 -0.48851)
(0.331833 0 -0.48746)
(0.337643 0 -0.486453)
(0.343504 0 -0.485487)
(0.349419 0 -0.484561)
(0.355388 0 -0.483676)
(0.361413 0 -0.48283)
(0.367495 0 -0.482022)
(0.373637 0 -0.481251)
(0.379838 0 -0.480516)
(0.386101 0 -0.479813)
(0.392426 0 -0.479143)
(0.398814 0 -0.478503)
(0.405266 0 -0.47789)
(0.411783 0 -0.477302)
(0.418364 0 -0.476737)
(0.425011 0 -0.476192)
(0.431723 0 -0.475665)
(0.438501 0 -0.475153)
(0.445344 0 -0.474651)
(0.452252 0 -0.474159)
(0.459225 0 -0.473671)
(0.466262 0 -0.473185)
(0.473362 0 -0.472698)
(0.480525 0 -0.472207)
(0.48775 0 -0.471707)
(0.495035 0 -0.471195)
(0.50238 0 -0.470669)
(0.509783 0 -0.470123)
(0.517242 0 -0.469556)
(0.524757 0 -0.468964)
(0.532326 0 -0.468342)
(0.539947 0 -0.467689)
(0.547618 0 -0.467)
(0.555339 0 -0.466273)
(0.563107 0 -0.465503)
(0.57092 0 -0.464689)
(0.578777 0 -0.463827)
(0.586676 0 -0.462914)
(0.594615 0 -0.461947)
(0.602593 0 -0.460924)
(0.610609 0 -0.459841)
(0.618659 0 -0.458697)
(0.626744 0 -0.457489)
(0.634861 0 -0.456214)
(0.643009 0 -0.454871)
(0.651187 0 -0.453456)
(0.659394 0 -0.451968)
(0.667628 0 -0.450405)
(0.675888 0 -0.448766)
(0.684173 0 -0.447047)
(0.692483 0 -0.445248)
(0.700817 0 -0.443368)
(0.709174 0 -0.441404)
(0.717554 0 -0.439355)
(0.725957 0 -0.43722)
(0.734382 0 -0.434998)
(0.742829 0 -0.432687)
(0.751299 0 -0.430287)
(0.759791 0 -0.427798)
(0.768308 0 -0.425217)
(0.776848 0 -0.422545)
(0.785413 0 -0.41978)
(0.794004 0 -0.416924)
(0.802623 0 -0.413974)
(0.81127 0 -0.410932)
(0.819949 0 -0.407797)
(0.82866 0 -0.40457)
(0.837405 0 -0.40125)
(0.846189 0 -0.397838)
(0.855012 0 -0.394336)
(0.863879 0 -0.390743)
(0.872792 0 -0.387061)
(0.881756 0 -0.383291)
(0.890775 0 -0.379435)
(0.899853 0 -0.375495)
(0.908995 0 -0.371473)
(0.918206 0 -0.367371)
(0.927492 0 -0.363193)
(0.93686 0 -0.358942)
(0.946316 0 -0.354622)
(0.955867 0 -0.350238)
(0.965522 0 -0.345794)
(0.975289 0 -0.341296)
(0.985177 0 -0.336751)
(0.995196 0 -0.332166)
(1.00536 0 -0.32755)
(1.01567 0 -0.322911)
(1.02615 0 -0.318262)
(1.03681 0 -0.313614)
(1.04766 0 -0.308982)
(1.05872 0 -0.304381)
(1.07 0 -0.299829)
(1.08152 0 -0.295347)
(1.0933 0 -0.290958)
(1.10536 0 -0.286689)
(1.11771 0 -0.282569)
(1.13038 0 -0.278633)
(1.14338 0 -0.274918)
(1.15674 0 -0.271468)
(1.17048 0 -0.26833)
(1.18462 0 -0.265558)
(1.19917 0 -0.263212)
(1.21416 0 -0.261357)
(1.2296 0 -0.260067)
(1.2455 0 -0.25942)
(1.26187 0 -0.259502)
(1.27871 0 -0.260405)
(1.296 0 -0.262228)
(1.31373 0 -0.265072)
(1.33186 0 -0.269043)
(1.35034 0 -0.274246)
(1.36908 0 -0.280781)
(1.38798 0 -0.288738)
(1.40689 0 -0.298185)
(1.42562 0 -0.309154)
(1.44393 0 -0.321621)
(1.46152 0 -0.33548)
(1.47803 0 -0.350498)
(1.49305 0 -0.366272)
(1.50611 0 -0.382154)
(1.51673 0 -0.397172)
(1.52449 0 -0.40994)
(1.52911 0 -0.41857)
(1.53063 0 -0.420639)
(1.52971 0 -0.413279)
(1.52795 0 -0.393611)
(1.52773 0 -0.359774)
(1.53153 0 -0.311427)
(1.54135 0 -0.249325)
(1.55865 0 -0.174999)
(1.58442 0 -0.0906432)
(1.61926 0 0.000799713)
(1.66259 0 0.0952681)
(1.71254 0 0.188181)
(1.76658 0 0.276065)
(1.82198 0 0.357053)
(1.87653 0 0.430415)
(1.92865 0 0.496109)
(1.97725 0 0.554497)
(2.02164 0 0.606165)
(2.06144 0 0.651796)
(2.0965 0 0.692088)
(2.12683 0 0.727708)
(2.15256 0 0.75927)
(2.17389 0 0.787319)
(2.19107 0 0.812332)
(2.20435 0 0.834722)
(2.21402 0 0.85484)
(2.22033 0 0.872983)
(2.22356 0 0.889402)
(2.22396 0 0.904305)
(2.22175 0 0.917868)
(2.21715 0 0.930235)
(2.21037 0 0.941526)
(2.20159 0 0.951839)
(2.19098 0 0.961256)
(2.17871 0 0.969844)
(2.1649 0 0.977658)
(2.14969 0 0.984742)
(2.1332 0 0.991134)
(2.11554 0 0.996866)
(2.09681 0 1.00196)
(2.07709 0 1.00645)
(2.05647 0 1.01034)
(2.03504 0 1.01365)
(2.01285 0 1.0164)
(1.98997 0 1.01862)
(1.96647 0 1.02031)
(1.94239 0 1.02149)
(1.9178 0 1.0222)
(1.89274 0 1.02245)
(1.86725 0 1.02229)
(1.8414 0 1.02176)
(1.8152 0 1.02092)
(1.78871 0 1.01982)
(1.7621 0 1.01856)
(1.736 0 1.01725)
(0.0023885 0 -0.593721)
(0.00716259 0 -0.593035)
(0.0119341 0 -0.592289)
(0.0167033 0 -0.591482)
(0.0214698 0 -0.590611)
(0.0262333 0 -0.589676)
(0.0309936 0 -0.588679)
(0.0357505 0 -0.587623)
(0.0405039 0 -0.586507)
(0.0452534 0 -0.585335)
(0.0499991 0 -0.584108)
(0.0547407 0 -0.582828)
(0.0594781 0 -0.581496)
(0.0642113 0 -0.580116)
(0.0689402 0 -0.578688)
(0.0736649 0 -0.577216)
(0.0783853 0 -0.575701)
(0.0831015 0 -0.574146)
(0.0878137 0 -0.572553)
(0.0925219 0 -0.570925)
(0.0972266 0 -0.569264)
(0.101928 0 -0.567572)
(0.106626 0 -0.565852)
(0.111321 0 -0.564107)
(0.116015 0 -0.56234)
(0.120706 0 -0.560552)
(0.125396 0 -0.558746)
(0.130086 0 -0.556925)
(0.134775 0 -0.555092)
(0.139466 0 -0.553249)
(0.144158 0 -0.551399)
(0.148852 0 -0.549545)
(0.15355 0 -0.547688)
(0.158252 0 -0.545832)
(0.162959 0 -0.543979)
(0.167673 0 -0.542132)
(0.172394 0 -0.540293)
(0.177124 0 -0.538464)
(0.181864 0 -0.536648)
(0.186616 0 -0.534847)
(0.19138 0 -0.533064)
(0.196159 0 -0.5313)
(0.200953 0 -0.529559)
(0.205765 0 -0.527841)
(0.210596 0 -0.52615)
(0.215448 0 -0.524486)
(0.220321 0 -0.522853)
(0.225219 0 -0.521252)
(0.230143 0 -0.519684)
(0.235095 0 -0.518151)
(0.240077 0 -0.516656)
(0.24509 0 -0.515199)
(0.250137 0 -0.513781)
(0.25522 0 -0.512405)
(0.26034 0 -0.511071)
(0.2655 0 -0.50978)
(0.270702 0 -0.508534)
(0.275948 0 -0.507333)
(0.28124 0 -0.506177)
(0.28658 0 -0.505068)
(0.29197 0 -0.504005)
(0.297412 0 -0.502989)
(0.302908 0 -0.502019)
(0.30846 0 -0.501096)
(0.31407 0 -0.50022)
(0.319739 0 -0.499389)
(0.32547 0 -0.498603)
(0.331264 0 -0.49786)
(0.337123 0 -0.497161)
(0.343047 0 -0.496503)
(0.349039 0 -0.495885)
(0.355099 0 -0.495305)
(0.361229 0 -0.494761)
(0.36743 0 -0.494251)
(0.373701 0 -0.493772)
(0.380044 0 -0.493323)
(0.38646 0 -0.4929)
(0.392947 0 -0.492501)
(0.399508 0 -0.492122)
(0.406141 0 -0.49176)
(0.412846 0 -0.491413)
(0.419622 0 -0.491076)
(0.42647 0 -0.490747)
(0.433389 0 -0.490421)
(0.440377 0 -0.490096)
(0.447433 0 -0.489766)
(0.454557 0 -0.48943)
(0.461746 0 -0.489082)
(0.469001 0 -0.48872)
(0.476318 0 -0.488339)
(0.483697 0 -0.487936)
(0.491135 0 -0.487508)
(0.498631 0 -0.48705)
(0.506183 0 -0.486559)
(0.513789 0 -0.486032)
(0.521447 0 -0.485465)
(0.529155 0 -0.484855)
(0.536911 0 -0.484198)
(0.544713 0 -0.483493)
(0.552559 0 -0.482734)
(0.560448 0 -0.481921)
(0.568376 0 -0.48105)
(0.576343 0 -0.480118)
(0.584347 0 -0.479122)
(0.592385 0 -0.478061)
(0.600456 0 -0.476932)
(0.608558 0 -0.475733)
(0.616691 0 -0.474462)
(0.624852 0 -0.473116)
(0.63304 0 -0.471694)
(0.641253 0 -0.470194)
(0.649492 0 -0.468615)
(0.657754 0 -0.466955)
(0.666039 0 -0.465213)
(0.674346 0 -0.463388)
(0.682674 0 -0.461477)
(0.691023 0 -0.459481)
(0.699393 0 -0.457398)
(0.707783 0 -0.455228)
(0.716194 0 -0.452969)
(0.724625 0 -0.450622)
(0.733077 0 -0.448186)
(0.74155 0 -0.44566)
(0.750045 0 -0.443044)
(0.758562 0 -0.440339)
(0.767102 0 -0.437543)
(0.775668 0 -0.434659)
(0.784259 0 -0.431685)
(0.792878 0 -0.428623)
(0.801526 0 -0.425473)
(0.810205 0 -0.422236)
(0.818917 0 -0.418913)
(0.827666 0 -0.415506)
(0.836452 0 -0.412016)
(0.845281 0 -0.408445)
(0.854154 0 -0.404794)
(0.863075 0 -0.401068)
(0.872048 0 -0.397267)
(0.881076 0 -0.393396)
(0.890166 0 -0.389458)
(0.89932 0 -0.385456)
(0.908544 0 -0.381396)
(0.917844 0 -0.377282)
(0.927225 0 -0.373119)
(0.936694 0 -0.368915)
(0.946257 0 -0.364676)
(0.955922 0 -0.36041)
(0.965695 0 -0.356126)
(0.975584 0 -0.351833)
(0.985599 0 -0.347543)
(0.995747 0 -0.343268)
(1.00604 0 -0.339022)
(1.01648 0 -0.33482)
(1.02708 0 -0.330679)
(1.03786 0 -0.32662)
(1.04882 0 -0.322663)
(1.05997 0 -0.318832)
(1.07133 0 -0.315156)
(1.08289 0 -0.311663)
(1.09468 0 -0.308388)
(1.1067 0 -0.305367)
(1.11896 0 -0.30264)
(1.13146 0 -0.300254)
(1.1442 0 -0.298256)
(1.15719 0 -0.2967)
(1.17043 0 -0.295643)
(1.18389 0 -0.295146)
(1.19758 0 -0.295273)
(1.21146 0 -0.296091)
(1.22551 0 -0.297667)
(1.23967 0 -0.300071)
(1.25391 0 -0.303368)
(1.26814 0 -0.307617)
(1.28227 0 -0.312871)
(1.2962 0 -0.319165)
(1.30979 0 -0.326512)
(1.32286 0 -0.334893)
(1.33524 0 -0.344244)
(1.34669 0 -0.354441)
(1.35697 0 -0.365276)
(1.36579 0 -0.376438)
(1.37289 0 -0.387477)
(1.37798 0 -0.397775)
(1.38085 0 -0.406511)
(1.38136 0 -0.41264)
(1.37955 0 -0.414882)
(1.37573 0 -0.411755)
(1.37057 0 -0.401677)
(1.36515 0 -0.383166)
(1.36093 0 -0.355146)
(1.35949 0 -0.317138)
(1.36233 0 -0.269257)
(1.3707 0 -0.212153)
(1.38554 0 -0.146963)
(1.40741 0 -0.0752468)
(1.43645 0 0.00105601)
(1.47193 0 0.0795168)
(1.51249 0 0.157716)
(1.55663 0 0.233829)
(1.60281 0 0.306566)
(1.64963 0 0.375095)
(1.6959 0 0.438962)
(1.7407 0 0.498005)
(1.78328 0 0.552269)
(1.82314 0 0.601942)
(1.85991 0 0.647296)
(1.89339 0 0.688648)
(1.92344 0 0.726332)
(1.95007 0 0.760676)
(1.97329 0 0.791996)
(1.99318 0 0.820583)
(2.00987 0 0.846705)
(2.02349 0 0.8706)
(2.03418 0 0.892481)
(2.0421 0 0.912536)
(2.0474 0 0.930929)
(2.05025 0 0.947803)
(2.05078 0 0.963283)
(2.04915 0 0.977476)
(2.0455 0 0.990476)
(2.03996 0 1.00236)
(2.03266 0 1.01321)
(2.02373 0 1.02307)
(2.01326 0 1.032)
(2.00138 0 1.04004)
(1.98817 0 1.04725)
(1.97374 0 1.05364)
(1.95817 0 1.05926)
(1.94154 0 1.06414)
(1.92393 0 1.0683)
(1.90542 0 1.07178)
(1.88607 0 1.07461)
(1.86595 0 1.07681)
(1.84511 0 1.07843)
(1.82363 0 1.0795)
(1.80157 0 1.08007)
(1.77896 0 1.08019)
(1.75584 0 1.07994)
(1.73244 0 1.07937)
(1.70995 0 1.07858)
(0.00216512 0 -0.604646)
(0.00649316 0 -0.603955)
(0.0108194 0 -0.603205)
(0.0151441 0 -0.602392)
(0.019467 0 -0.601515)
(0.0237878 0 -0.600574)
(0.0281063 0 -0.599571)
(0.0324225 0 -0.598507)
(0.0367362 0 -0.597384)
(0.0410472 0 -0.596204)
(0.0453556 0 -0.594969)
(0.0496611 0 -0.59368)
(0.0539638 0 -0.59234)
(0.0582637 0 -0.590951)
(0.0625608 0 -0.589515)
(0.0668551 0 -0.588034)
(0.0711469 0 -0.586512)
(0.0754362 0 -0.584949)
(0.0797232 0 -0.583349)
(0.0840083 0 -0.581714)
(0.0882917 0 -0.580047)
(0.0925738 0 -0.57835)
(0.096855 0 -0.576626)
(0.101136 0 -0.574878)
(0.105417 0 -0.573108)
(0.109698 0 -0.571319)
(0.113981 0 -0.569514)
(0.118266 0 -0.567696)
(0.122554 0 -0.565868)
(0.126846 0 -0.564031)
(0.131142 0 -0.56219)
(0.135444 0 -0.560346)
(0.139753 0 -0.558503)
(0.144069 0 -0.556662)
(0.148395 0 -0.554828)
(0.152731 0 -0.553002)
(0.157078 0 -0.551187)
(0.161438 0 -0.549386)
(0.165812 0 -0.547601)
(0.170203 0 -0.545834)
(0.17461 0 -0.544089)
(0.179037 0 -0.542367)
(0.183484 0 -0.540672)
(0.187954 0 -0.539004)
(0.192448 0 -0.537366)
(0.196968 0 -0.535761)
(0.201517 0 -0.53419)
(0.206095 0 -0.532656)
(0.210705 0 -0.53116)
(0.215349 0 -0.529704)
(0.22003 0 -0.52829)
(0.224749 0 -0.526919)
(0.229508 0 -0.525593)
(0.234309 0 -0.524313)
(0.239156 0 -0.523081)
(0.24405 0 -0.521897)
(0.248993 0 -0.520762)
(0.253987 0 -0.519678)
(0.259035 0 -0.518644)
(0.26414 0 -0.517662)
(0.269302 0 -0.516732)
(0.274524 0 -0.515853)
(0.279809 0 -0.515025)
(0.285158 0 -0.514249)
(0.290574 0 -0.513523)
(0.296057 0 -0.512848)
(0.301611 0 -0.512221)
(0.307236 0 -0.511642)
(0.312933 0 -0.51111)
(0.318706 0 -0.510622)
(0.324553 0 -0.510177)
(0.330478 0 -0.509772)
(0.33648 0 -0.509406)
(0.34256 0 -0.509075)
(0.348719 0 -0.508778)
(0.354958 0 -0.50851)
(0.361275 0 -0.50827)
(0.367672 0 -0.508053)
(0.374148 0 -0.507856)
(0.380703 0 -0.507676)
(0.387336 0 -0.507509)
(0.394046 0 -0.507351)
(0.400832 0 -0.507198)
(0.407694 0 -0.507046)
(0.414629 0 -0.506892)
(0.421637 0 -0.506731)
(0.428715 0 -0.506559)
(0.435862 0 -0.506372)
(0.443077 0 -0.506167)
(0.450357 0 -0.505939)
(0.4577 0 -0.505684)
(0.465104 0 -0.505399)
(0.472567 0 -0.505079)
(0.480086 0 -0.504722)
(0.48766 0 -0.504323)
(0.495285 0 -0.503879)
(0.502961 0 -0.503387)
(0.510684 0 -0.502844)
(0.518452 0 -0.502246)
(0.526263 0 -0.501591)
(0.534115 0 -0.500875)
(0.542005 0 -0.500097)
(0.549932 0 -0.499253)
(0.557893 0 -0.498341)
(0.565887 0 -0.49736)
(0.573912 0 -0.496306)
(0.581966 0 -0.495178)
(0.590048 0 -0.493974)
(0.598155 0 -0.492693)
(0.606287 0 -0.491332)
(0.614442 0 -0.489891)
(0.622619 0 -0.488367)
(0.630818 0 -0.48676)
(0.639036 0 -0.485069)
(0.647274 0 -0.483293)
(0.65553 0 -0.48143)
(0.663805 0 -0.479481)
(0.672097 0 -0.477445)
(0.680408 0 -0.47532)
(0.688735 0 -0.473108)
(0.69708 0 -0.470807)
(0.705443 0 -0.468417)
(0.713824 0 -0.465939)
(0.722223 0 -0.463373)
(0.730642 0 -0.460719)
(0.739081 0 -0.457978)
(0.74754 0 -0.45515)
(0.756022 0 -0.452236)
(0.764528 0 -0.449238)
(0.773058 0 -0.446155)
(0.781615 0 -0.44299)
(0.7902 0 -0.439745)
(0.798815 0 -0.43642)
(0.807463 0 -0.433019)
(0.816146 0 -0.429544)
(0.824867 0 -0.425996)
(0.833627 0 -0.42238)
(0.842431 0 -0.418699)
(0.851281 0 -0.414956)
(0.860181 0 -0.411155)
(0.869135 0 -0.407302)
(0.878145 0 -0.403401)
(0.887217 0 -0.399458)
(0.896354 0 -0.395479)
(0.905561 0 -0.391471)
(0.914842 0 -0.387442)
(0.924203 0 -0.383401)
(0.933648 0 -0.379356)
(0.943182 0 -0.375319)
(0.952811 0 -0.371301)
(0.962539 0 -0.367315)
(0.972372 0 -0.363375)
(0.982316 0 -0.359496)
(0.992374 0 -0.355697)
(1.00255 0 -0.351995)
(1.01286 0 -0.348412)
(1.02329 0 -0.344972)
(1.03385 0 -0.3417)
(1.04454 0 -0.338622)
(1.05537 0 -0.335771)
(1.06633 0 -0.333179)
(1.07741 0 -0.330881)
(1.08862 0 -0.328916)
(1.09994 0 -0.327325)
(1.11136 0 -0.32615)
(1.12286 0 -0.325437)
(1.13442 0 -0.325232)
(1.146 0 -0.32558)
(1.15757 0 -0.326529)
(1.16908 0 -0.328121)
(1.18047 0 -0.330396)
(1.19167 0 -0.333385)
(1.2026 0 -0.337112)
(1.21316 0 -0.341584)
(1.22325 0 -0.34679)
(1.23273 0 -0.352695)
(1.24145 0 -0.359228)
(1.24926 0 -0.366277)
(1.25599 0 -0.373678)
(1.26146 0 -0.381199)
(1.26549 0 -0.388531)
(1.26792 0 -0.395269)
(1.26863 0 -0.400902)
(1.26754 0 -0.404803)
(1.26469 0 -0.406227)
(1.26022 0 -0.404325)
(1.25446 0 -0.398174)
(1.24793 0 -0.38684)
(1.24138 0 -0.369473)
(1.23573 0 -0.345413)
(1.232 0 -0.314276)
(1.23119 0 -0.275992)
(1.23423 0 -0.2308)
(1.24188 0 -0.17924)
(1.25467 0 -0.122117)
(1.27286 0 -0.0604375)
(1.29644 0 0.00464395)
(1.32489 0 0.0717184)
(1.3574 0 0.139384)
(1.39311 0 0.206484)
(1.43107 0 0.272082)
(1.47034 0 0.335455)
(1.51008 0 0.39609)
(1.54954 0 0.453656)
(1.58809 0 0.507972)
(1.62522 0 0.558976)
(1.66051 0 0.606695)
(1.69368 0 0.651216)
(1.72448 0 0.69267)
(1.75278 0 0.731213)
(1.77848 0 0.767012)
(1.80155 0 0.800239)
(1.82197 0 0.831063)
(1.83979 0 0.859648)
(1.85505 0 0.886145)
(1.86781 0 0.910697)
(1.87817 0 0.933436)
(1.88621 0 0.954479)
(1.89202 0 0.973936)
(1.89571 0 0.991903)
(1.89738 0 1.00847)
(1.89712 0 1.02371)
(1.89504 0 1.0377)
(1.89124 0 1.05051)
(1.8858 0 1.06218)
(1.87883 0 1.07278)
(1.8704 0 1.08235)
(1.86062 0 1.09093)
(1.84955 0 1.09857)
(1.83728 0 1.10531)
(1.82389 0 1.11118)
(1.80945 0 1.11623)
(1.79402 0 1.12049)
(1.77768 0 1.124)
(1.76051 0 1.12681)
(1.74255 0 1.12896)
(1.72387 0 1.13051)
(1.7045 0 1.13152)
(1.68467 0 1.13204)
(1.66609 0 1.13215)
(0.00194191 0 -0.6145)
(0.00582424 0 -0.613806)
(0.0097055 0 -0.613052)
(0.0135861 0 -0.612236)
(0.0174657 0 -0.611355)
(0.0213441 0 -0.61041)
(0.0252212 0 -0.609403)
(0.029097 0 -0.608334)
(0.0329714 0 -0.607207)
(0.0368442 0 -0.606022)
(0.0407156 0 -0.604781)
(0.0445854 0 -0.603487)
(0.0484538 0 -0.602142)
(0.0523208 0 -0.600748)
(0.0561865 0 -0.599308)
(0.060051 0 -0.597822)
(0.0639146 0 -0.596295)
(0.0677775 0 -0.594729)
(0.07164 0 -0.593126)
(0.0755024 0 -0.591489)
(0.0793651 0 -0.589821)
(0.0832287 0 -0.588124)
(0.0870936 0 -0.586401)
(0.0909604 0 -0.584655)
(0.0948298 0 -0.58289)
(0.0987025 0 -0.581107)
(0.102579 0 -0.579309)
(0.106461 0 -0.577501)
(0.110348 0 -0.575683)
(0.114242 0 -0.573861)
(0.118144 0 -0.572035)
(0.122055 0 -0.57021)
(0.125976 0 -0.568389)
(0.129909 0 -0.566573)
(0.133854 0 -0.564766)
(0.137813 0 -0.562971)
(0.141788 0 -0.56119)
(0.14578 0 -0.559427)
(0.149791 0 -0.557683)
(0.153822 0 -0.555962)
(0.157875 0 -0.554266)
(0.161952 0 -0.552598)
(0.166055 0 -0.55096)
(0.170186 0 -0.549355)
(0.174346 0 -0.547784)
(0.178538 0 -0.546251)
(0.182764 0 -0.544757)
(0.187026 0 -0.543304)
(0.191326 0 -0.541895)
(0.195667 0 -0.540531)
(0.20005 0 -0.539214)
(0.204478 0 -0.537945)
(0.208954 0 -0.536727)
(0.213479 0 -0.535561)
(0.218056 0 -0.534448)
(0.222688 0 -0.533388)
(0.227377 0 -0.532384)
(0.232125 0 -0.531435)
(0.236935 0 -0.530543)
(0.241809 0 -0.529707)
(0.246749 0 -0.528928)
(0.251757 0 -0.528206)
(0.256836 0 -0.527541)
(0.261988 0 -0.526931)
(0.267215 0 -0.526377)
(0.272518 0 -0.525877)
(0.277899 0 -0.525431)
(0.28336 0 -0.525035)
(0.288902 0 -0.524689)
(0.294526 0 -0.524391)
(0.300234 0 -0.524138)
(0.306027 0 -0.523928)
(0.311904 0 -0.523758)
(0.317868 0 -0.523626)
(0.323916 0 -0.523526)
(0.330051 0 -0.523457)
(0.336272 0 -0.523415)
(0.342578 0 -0.523396)
(0.348968 0 -0.523396)
(0.355443 0 -0.523411)
(0.362 0 -0.523436)
(0.368639 0 -0.523468)
(0.375357 0 -0.523502)
(0.382155 0 -0.523534)
(0.389029 0 -0.523559)
(0.395978 0 -0.523573)
(0.403 0 -0.523572)
(0.410092 0 -0.523552)
(0.417252 0 -0.523507)
(0.424478 0 -0.523434)
(0.431768 0 -0.523329)
(0.439118 0 -0.523188)
(0.446526 0 -0.523007)
(0.45399 0 -0.522783)
(0.461507 0 -0.522511)
(0.469074 0 -0.522188)
(0.47669 0 -0.521811)
(0.48435 0 -0.521377)
(0.492053 0 -0.520883)
(0.499797 0 -0.520325)
(0.507578 0 -0.519702)
(0.515395 0 -0.519012)
(0.523246 0 -0.51825)
(0.531127 0 -0.517416)
(0.539039 0 -0.516507)
(0.546977 0 -0.515522)
(0.554942 0 -0.514458)
(0.56293 0 -0.513315)
(0.570941 0 -0.512091)
(0.578973 0 -0.510783)
(0.587025 0 -0.509393)
(0.595096 0 -0.507917)
(0.603184 0 -0.506356)
(0.611289 0 -0.504709)
(0.619409 0 -0.502974)
(0.627545 0 -0.501152)
(0.635696 0 -0.499242)
(0.643862 0 -0.497244)
(0.652041 0 -0.495158)
(0.660235 0 -0.492984)
(0.668442 0 -0.490721)
(0.676664 0 -0.488371)
(0.684901 0 -0.485933)
(0.693152 0 -0.483408)
(0.701419 0 -0.480797)
(0.709702 0 -0.4781)
(0.718002 0 -0.475319)
(0.72632 0 -0.472455)
(0.734656 0 -0.469509)
(0.743013 0 -0.466482)
(0.751391 0 -0.463377)
(0.759792 0 -0.460195)
(0.768217 0 -0.456939)
(0.776668 0 -0.45361)
(0.785146 0 -0.450213)
(0.793655 0 -0.446749)
(0.802195 0 -0.443223)
(0.810768 0 -0.439638)
(0.819378 0 -0.435997)
(0.828027 0 -0.432306)
(0.836716 0 -0.42857)
(0.845449 0 -0.424794)
(0.854227 0 -0.420983)
(0.863054 0 -0.417145)
(0.871933 0 -0.413287)
(0.880866 0 -0.409417)
(0.889855 0 -0.405543)
(0.898904 0 -0.401675)
(0.908015 0 -0.397824)
(0.91719 0 -0.394)
(0.926431 0 -0.390216)
(0.935741 0 -0.386487)
(0.94512 0 -0.382826)
(0.954569 0 -0.379249)
(0.964089 0 -0.375776)
(0.97368 0 -0.372424)
(0.983338 0 -0.369214)
(0.993062 0 -0.36617)
(1.00285 0 -0.363315)
(1.01269 0 -0.360674)
(1.02257 0 -0.358277)
(1.03249 0 -0.35615)
(1.04244 0 -0.354326)
(1.05238 0 -0.352835)
(1.06231 0 -0.351709)
(1.07219 0 -0.35098)
(1.08199 0 -0.35068)
(1.09168 0 -0.350839)
(1.10121 0 -0.351483)
(1.11053 0 -0.352633)
(1.11957 0 -0.354306)
(1.12827 0 -0.356507)
(1.13655 0 -0.359231)
(1.14432 0 -0.362458)
(1.15149 0 -0.366147)
(1.15794 0 -0.370236)
(1.16356 0 -0.37463)
(1.16825 0 -0.379202)
(1.17187 0 -0.383782)
(1.17431 0 -0.388153)
(1.17548 0 -0.392043)
(1.17529 0 -0.395118)
(1.17371 0 -0.396983)
(1.17073 0 -0.397178)
(1.16646 0 -0.395186)
(1.16104 0 -0.390445)
(1.15477 0 -0.382368)
(1.14802 0 -0.370383)
(1.14132 0 -0.35397)
(1.13526 0 -0.332709)
(1.13051 0 -0.306322)
(1.12775 0 -0.274688)
(1.12764 0 -0.237863)
(1.13075 0 -0.196069)
(1.13753 0 -0.149688)
(1.1483 0 -0.0992289)
(1.16317 0 -0.0452915)
(1.18219 0 0.0114521)
(1.20496 0 0.0701234)
(1.23107 0 0.129851)
(1.25998 0 0.189857)
(1.29108 0 0.249451)
(1.32375 0 0.308042)
(1.35737 0 0.365155)
(1.39139 0 0.420422)
(1.42528 0 0.473574)
(1.45861 0 0.524431)
(1.49098 0 0.572888)
(1.52209 0 0.618896)
(1.55166 0 0.662453)
(1.57951 0 0.703592)
(1.60547 0 0.742368)
(1.62944 0 0.778857)
(1.65134 0 0.813142)
(1.67113 0 0.845313)
(1.6888 0 0.875462)
(1.70434 0 0.903681)
(1.71778 0 0.93006)
(1.72916 0 0.954684)
(1.73851 0 0.977636)
(1.7459 0 0.998991)
(1.75139 0 1.01882)
(1.75503 0 1.0372)
(1.75691 0 1.05418)
(1.75709 0 1.06983)
(1.75564 0 1.0842)
(1.75264 0 1.09735)
(1.74816 0 1.10931)
(1.74227 0 1.12014)
(1.73504 0 1.12989)
(1.72655 0 1.13859)
(1.71686 0 1.1463)
(1.70605 0 1.15304)
(1.69417 0 1.15887)
(1.68131 0 1.16383)
(1.66752 0 1.16797)
(1.65287 0 1.17133)
(1.63737 0 1.17398)
(1.62127 0 1.17595)
(1.60668 0 1.1773)
(0.00171946 0 -0.623283)
(0.00515757 0 -0.622588)
(0.00859536 0 -0.621834)
(0.0120333 0 -0.621016)
(0.0154711 0 -0.620134)
(0.0189086 0 -0.619187)
(0.0223458 0 -0.618178)
(0.0257826 0 -0.617107)
(0.0292192 0 -0.615978)
(0.0326554 0 -0.61479)
(0.0360913 0 -0.613548)
(0.039527 0 -0.612252)
(0.0429625 0 -0.610905)
(0.0463982 0 -0.609509)
(0.049834 0 -0.608068)
(0.0532703 0 -0.606582)
(0.0567073 0 -0.605055)
(0.0601454 0 -0.60349)
(0.063585 0 -0.601889)
(0.0670265 0 -0.600254)
(0.0704703 0 -0.59859)
(0.0739172 0 -0.596898)
(0.0773676 0 -0.595182)
(0.0808223 0 -0.593444)
(0.0842821 0 -0.591689)
(0.0877478 0 -0.589918)
(0.0912202 0 -0.588134)
(0.0947004 0 -0.586342)
(0.0981893 0 -0.584544)
(0.101688 0 -0.582742)
(0.105198 0 -0.580941)
(0.10872 0 -0.579143)
(0.112256 0 -0.577351)
(0.115807 0 -0.575569)
(0.119375 0 -0.573799)
(0.122961 0 -0.572044)
(0.126566 0 -0.570308)
(0.130193 0 -0.568592)
(0.133843 0 -0.566901)
(0.137518 0 -0.565237)
(0.14122 0 -0.563602)
(0.144951 0 -0.562)
(0.148713 0 -0.560432)
(0.152508 0 -0.558902)
(0.156338 0 -0.557412)
(0.160206 0 -0.555964)
(0.164113 0 -0.554561)
(0.168063 0 -0.553205)
(0.172057 0 -0.551897)
(0.176098 0 -0.550641)
(0.180188 0 -0.549437)
(0.184331 0 -0.548288)
(0.188527 0 -0.547195)
(0.192781 0 -0.54616)
(0.197094 0 -0.545183)
(0.201469 0 -0.544267)
(0.205909 0 -0.543411)
(0.210416 0 -0.542617)
(0.214993 0 -0.541885)
(0.219641 0 -0.541215)
(0.224364 0 -0.540608)
(0.229164 0 -0.540063)
(0.234043 0 -0.539579)
(0.239002 0 -0.539157)
(0.244044 0 -0.538794)
(0.249171 0 -0.53849)
(0.254384 0 -0.538242)
(0.259685 0 -0.53805)
(0.265075 0 -0.53791)
(0.270555 0 -0.53782)
(0.276125 0 -0.537778)
(0.281788 0 -0.53778)
(0.287542 0 -0.537824)
(0.293388 0 -0.537905)
(0.299326 0 -0.538019)
(0.305355 0 -0.538164)
(0.311476 0 -0.538333)
(0.317687 0 -0.538525)
(0.323986 0 -0.538732)
(0.330374 0 -0.538952)
(0.336847 0 -0.53918)
(0.343405 0 -0.53941)
(0.350045 0 -0.539637)
(0.356766 0 -0.539858)
(0.363564 0 -0.540068)
(0.370438 0 -0.540261)
(0.377385 0 -0.540433)
(0.384401 0 -0.540579)
(0.391486 0 -0.540695)
(0.398635 0 -0.540776)
(0.405845 0 -0.540819)
(0.413115 0 -0.54082)
(0.42044 0 -0.540773)
(0.427818 0 -0.540676)
(0.435246 0 -0.540525)
(0.442721 0 -0.540317)
(0.450241 0 -0.540049)
(0.457802 0 -0.539717)
(0.465402 0 -0.539318)
(0.473038 0 -0.538851)
(0.480708 0 -0.538312)
(0.488409 0 -0.537699)
(0.49614 0 -0.537011)
(0.503898 0 -0.536245)
(0.511681 0 -0.5354)
(0.519487 0 -0.534474)
(0.527314 0 -0.533466)
(0.535161 0 -0.532373)
(0.543027 0 -0.531197)
(0.55091 0 -0.529934)
(0.558808 0 -0.528585)
(0.566721 0 -0.527148)
(0.574648 0 -0.525624)
(0.582587 0 -0.524011)
(0.590539 0 -0.52231)
(0.598502 0 -0.52052)
(0.606476 0 -0.518641)
(0.614462 0 -0.516673)
(0.622457 0 -0.514616)
(0.630463 0 -0.512471)
(0.63848 0 -0.510238)
(0.646507 0 -0.507918)
(0.654545 0 -0.505511)
(0.662594 0 -0.503018)
(0.670655 0 -0.50044)
(0.678728 0 -0.497778)
(0.686813 0 -0.495033)
(0.694912 0 -0.492207)
(0.703024 0 -0.489302)
(0.711152 0 -0.486318)
(0.719296 0 -0.483259)
(0.727456 0 -0.480127)
(0.735635 0 -0.476923)
(0.743833 0 -0.473651)
(0.752051 0 -0.470313)
(0.760291 0 -0.466913)
(0.768553 0 -0.463454)
(0.776841 0 -0.45994)
(0.785153 0 -0.456376)
(0.793493 0 -0.452766)
(0.801861 0 -0.449115)
(0.810259 0 -0.445428)
(0.818688 0 -0.441712)
(0.827149 0 -0.437973)
(0.835643 0 -0.434218)
(0.844172 0 -0.430456)
(0.852736 0 -0.426693)
(0.861335 0 -0.422939)
(0.86997 0 -0.419205)
(0.878641 0 -0.415501)
(0.887347 0 -0.411837)
(0.896088 0 -0.408228)
(0.90486 0 -0.404685)
(0.913663 0 -0.401225)
(0.922493 0 -0.397861)
(0.931345 0 -0.39461)
(0.940213 0 -0.391491)
(0.949091 0 -0.388522)
(0.957969 0 -0.385723)
(0.966837 0 -0.383113)
(0.975682 0 -0.380716)
(0.984488 0 -0.378553)
(0.993235 0 -0.376646)
(1.0019 0 -0.375019)
(1.01047 0 -0.373691)
(1.01889 0 -0.372685)
(1.02715 0 -0.372018)
(1.03519 0 -0.371707)
(1.04299 0 -0.371762)
(1.05047 0 -0.372189)
(1.0576 0 -0.372987)
(1.0643 0 -0.374143)
(1.07051 0 -0.375636)
(1.07615 0 -0.377429)
(1.08115 0 -0.379467)
(1.08543 0 -0.381677)
(1.0889 0 -0.38396)
(1.09149 0 -0.386191)
(1.09311 0 -0.388215)
(1.0937 0 -0.389843)
(1.09321 0 -0.39085)
(1.09161 0 -0.390973)
(1.08891 0 -0.389913)
(1.08515 0 -0.387336)
(1.08041 0 -0.38288)
(1.07486 0 -0.376164)
(1.06872 0 -0.366806)
(1.06225 0 -0.354434)
(1.05583 0 -0.338714)
(1.04986 0 -0.319368)
(1.04478 0 -0.296194)
(1.04105 0 -0.269077)
(1.03914 0 -0.237997)
(1.03947 0 -0.203027)
(1.0424 0 -0.164333)
(1.04821 0 -0.12216)
(1.05711 0 -0.0768183)
(1.06919 0 -0.0286611)
(1.08449 0 0.0219035)
(1.10277 0 0.0742913)
(1.1238 0 0.127943)
(1.14725 0 0.18232)
(1.17273 0 0.236912)
(1.1998 0 0.291254)
(1.22804 0 0.344937)
(1.25702 0 0.397611)
(1.28634 0 0.448994)
(1.31563 0 0.498859)
(1.34456 0 0.547037)
(1.37283 0 0.593403)
(1.40019 0 0.637877)
(1.42642 0 0.68041)
(1.45134 0 0.720982)
(1.47482 0 0.759592)
(1.49674 0 0.796258)
(1.51701 0 0.831009)
(1.53558 0 0.863885)
(1.5524 0 0.89493)
(1.56746 0 0.924193)
(1.58075 0 0.951724)
(1.59227 0 0.977577)
(1.60204 0 1.0018)
(1.6101 0 1.02445)
(1.61647 0 1.04558)
(1.6212 0 1.06523)
(1.62433 0 1.08346)
(1.62591 0 1.10031)
(1.62599 0 1.11583)
(1.62463 0 1.13006)
(1.62189 0 1.14304)
(1.61783 0 1.15482)
(1.61249 0 1.16544)
(1.60596 0 1.17495)
(1.59827 0 1.18338)
(1.58951 0 1.19078)
(1.57974 0 1.19719)
(1.56899 0 1.20266)
(1.55729 0 1.20723)
(1.54489 0 1.21094)
(1.5342 0 1.21383)
(0.0014983 0 -0.631003)
(0.00449477 0 -0.630309)
(0.00749165 0 -0.629555)
(0.0104895 0 -0.628738)
(0.013488 0 -0.627856)
(0.0164872 0 -0.62691)
(0.019487 0 -0.625901)
(0.0224875 0 -0.624831)
(0.0254887 0 -0.623701)
(0.0284908 0 -0.622515)
(0.0314938 0 -0.621273)
(0.034498 0 -0.619978)
(0.0375033 0 -0.618633)
(0.0405102 0 -0.61724)
(0.0435188 0 -0.615801)
(0.0465295 0 -0.614318)
(0.0495427 0 -0.612796)
(0.0525587 0 -0.611236)
(0.0555781 0 -0.609641)
(0.0586013 0 -0.608014)
(0.0616291 0 -0.606359)
(0.064662 0 -0.604677)
(0.0677008 0 -0.602974)
(0.0707463 0 -0.60125)
(0.0737994 0 -0.599511)
(0.0768611 0 -0.597758)
(0.0799323 0 -0.595996)
(0.0830141 0 -0.594227)
(0.0861078 0 -0.592454)
(0.0892145 0 -0.590682)
(0.0923356 0 -0.588913)
(0.0954725 0 -0.58715)
(0.0986267 0 -0.585397)
(0.1018 0 -0.583658)
(0.104993 0 -0.581934)
(0.108209 0 -0.580229)
(0.111448 0 -0.578548)
(0.114714 0 -0.576891)
(0.118007 0 -0.575263)
(0.12133 0 -0.573667)
(0.124685 0 -0.572106)
(0.128074 0 -0.570581)
(0.131499 0 -0.569097)
(0.134962 0 -0.567655)
(0.138467 0 -0.566259)
(0.142015 0 -0.564911)
(0.145608 0 -0.563614)
(0.14925 0 -0.562369)
(0.152943 0 -0.561179)
(0.156689 0 -0.560046)
(0.160492 0 -0.558972)
(0.164353 0 -0.557959)
(0.168276 0 -0.557008)
(0.172263 0 -0.556122)
(0.176317 0 -0.5553)
(0.180441 0 -0.554545)
(0.184637 0 -0.553857)
(0.188907 0 -0.553236)
(0.193256 0 -0.552683)
(0.197684 0 -0.552199)
(0.202195 0 -0.551783)
(0.20679 0 -0.551434)
(0.211472 0 -0.551152)
(0.216243 0 -0.550935)
(0.221104 0 -0.550783)
(0.226058 0 -0.550693)
(0.231106 0 -0.550664)
(0.236249 0 -0.550693)
(0.241487 0 -0.550777)
(0.246823 0 -0.550913)
(0.252256 0 -0.551098)
(0.257787 0 -0.551328)
(0.263416 0 -0.551599)
(0.269141 0 -0.551908)
(0.274964 0 -0.552249)
(0.280882 0 -0.552618)
(0.286896 0 -0.553011)
(0.293002 0 -0.553421)
(0.299201 0 -0.553845)
(0.305489 0 -0.554277)
(0.311865 0 -0.554711)
(0.318326 0 -0.555144)
(0.32487 0 -0.555568)
(0.331494 0 -0.555979)
(0.338195 0 -0.556373)
(0.34497 0 -0.556743)
(0.351817 0 -0.557086)
(0.358732 0 -0.557395)
(0.365711 0 -0.557667)
(0.372752 0 -0.557898)
(0.379851 0 -0.558082)
(0.387004 0 -0.558216)
(0.39421 0 -0.558296)
(0.401464 0 -0.558318)
(0.408763 0 -0.558279)
(0.416105 0 -0.558175)
(0.423486 0 -0.558004)
(0.430903 0 -0.557763)
(0.438355 0 -0.55745)
(0.445837 0 -0.557061)
(0.453348 0 -0.556595)
(0.460885 0 -0.556049)
(0.468446 0 -0.555423)
(0.47603 0 -0.554714)
(0.483633 0 -0.553921)
(0.491255 0 -0.553043)
(0.498893 0 -0.552078)
(0.506546 0 -0.551027)
(0.514213 0 -0.549887)
(0.521892 0 -0.548658)
(0.529583 0 -0.54734)
(0.537285 0 -0.545933)
(0.544996 0 -0.544435)
(0.552716 0 -0.542848)
(0.560444 0 -0.54117)
(0.56818 0 -0.539403)
(0.575923 0 -0.537546)
(0.583674 0 -0.535599)
(0.591431 0 -0.533563)
(0.599196 0 -0.531439)
(0.606967 0 -0.529227)
(0.614745 0 -0.526928)
(0.622531 0 -0.524542)
(0.630324 0 -0.522072)
(0.638124 0 -0.519517)
(0.645933 0 -0.516879)
(0.65375 0 -0.514161)
(0.661576 0 -0.511362)
(0.669411 0 -0.508486)
(0.677257 0 -0.505534)
(0.685114 0 -0.502507)
(0.692981 0 -0.499409)
(0.700861 0 -0.496242)
(0.708753 0 -0.493009)
(0.716659 0 -0.489713)
(0.724578 0 -0.486356)
(0.732512 0 -0.482943)
(0.740462 0 -0.479478)
(0.748427 0 -0.475964)
(0.756408 0 -0.472406)
(0.764405 0 -0.468809)
(0.772419 0 -0.465178)
(0.78045 0 -0.461519)
(0.788498 0 -0.457839)
(0.796563 0 -0.454143)
(0.804643 0 -0.450439)
(0.812738 0 -0.446735)
(0.820848 0 -0.443039)
(0.82897 0 -0.439359)
(0.837102 0 -0.435706)
(0.845241 0 -0.432089)
(0.853385 0 -0.428519)
(0.861529 0 -0.425008)
(0.869669 0 -0.421568)
(0.877798 0 -0.418212)
(0.885909 0 -0.414953)
(0.893994 0 -0.411806)
(0.902043 0 -0.408786)
(0.910044 0 -0.405908)
(0.917985 0 -0.403187)
(0.925848 0 -0.400639)
(0.933616 0 -0.39828)
(0.941269 0 -0.396125)
(0.948782 0 -0.394189)
(0.95613 0 -0.392484)
(0.963282 0 -0.391021)
(0.970204 0 -0.38981)
(0.976859 0 -0.388855)
(0.983205 0 -0.388155)
(0.989198 0 -0.387705)
(0.994788 0 -0.387493)
(0.999924 0 -0.387497)
(1.00455 0 -0.387685)
(1.00861 0 -0.388013)
(1.01204 0 -0.388422)
(1.01478 0 -0.388838)
(1.01678 0 -0.389168)
(1.01799 0 -0.3893)
(1.01835 0 -0.389098)
(1.01784 0 -0.388407)
(1.01643 0 -0.387044)
(1.01413 0 -0.384806)
(1.01096 0 -0.381468)
(1.00696 0 -0.376787)
(1.00223 0 -0.370505)
(0.996901 0 -0.36236)
(0.991131 0 -0.35209)
(0.985132 0 -0.339446)
(0.979155 0 -0.324201)
(0.97348 0 -0.306166)
(0.968415 0 -0.28519)
(0.964281 0 -0.261174)
(0.961398 0 -0.234073)
(0.960073 0 -0.203892)
(0.960588 0 -0.170693)
(0.963185 0 -0.134583)
(0.96806 0 -0.0957121)
(0.975349 0 -0.0542643)
(0.98514 0 -0.0104518)
(0.997472 0 0.0354533)
(1.0122 0 0.0830669)
(1.02922 0 0.132017)
(1.0483 0 0.18192)
(1.06919 0 0.232398)
(1.0916 0 0.283084)
(1.11523 0 0.33364)
(1.13977 0 0.383758)
(1.16489 0 0.433166)
(1.19031 0 0.481633)
(1.21574 0 0.528963)
(1.24093 0 0.574996)
(1.26565 0 0.619608)
(1.28969 0 0.662701)
(1.31288 0 0.704202)
(1.33505 0 0.744062)
(1.35609 0 0.78225)
(1.37589 0 0.818747)
(1.39436 0 0.853551)
(1.41143 0 0.886666)
(1.42706 0 0.918105)
(1.44122 0 0.947888)
(1.45387 0 0.976038)
(1.46502 0 1.00258)
(1.47466 0 1.02756)
(1.4828 0 1.05099)
(1.48947 0 1.07291)
(1.49468 0 1.09336)
(1.49846 0 1.11237)
(1.50085 0 1.12998)
(1.50189 0 1.14623)
(1.50162 0 1.16115)
(1.50009 0 1.17479)
(1.49733 0 1.18717)
(1.49341 0 1.19834)
(1.48838 0 1.20833)
(1.48229 0 1.21719)
(1.47518 0 1.22494)
(1.46705 0 1.23163)
(1.45815 0 1.23728)
(1.45113 0 1.24191)
(0.00127894 0 -0.637665)
(0.00383732 0 -0.636973)
(0.00639684 0 -0.636222)
(0.00895812 0 -0.635408)
(0.0115209 0 -0.634528)
(0.0140853 0 -0.633585)
(0.0166512 0 -0.632579)
(0.0192189 0 -0.631512)
(0.0217884 0 -0.630386)
(0.0243599 0 -0.629203)
(0.0269336 0 -0.627965)
(0.0295097 0 -0.626675)
(0.0320884 0 -0.625334)
(0.0346701 0 -0.623947)
(0.0372551 0 -0.622514)
(0.0398438 0 -0.621039)
(0.0424367 0 -0.619525)
(0.0450342 0 -0.617975)
(0.0476371 0 -0.616391)
(0.0502458 0 -0.614777)
(0.0528612 0 -0.613135)
(0.0554839 0 -0.61147)
(0.0581149 0 -0.609784)
(0.060755 0 -0.608081)
(0.0634053 0 -0.606364)
(0.0660669 0 -0.604636)
(0.0687407 0 -0.602902)
(0.0714282 0 -0.601163)
(0.0741306 0 -0.599424)
(0.0768492 0 -0.597689)
(0.0795856 0 -0.59596)
(0.0823413 0 -0.594242)
(0.0851179 0 -0.592536)
(0.0879171 0 -0.590848)
(0.0907408 0 -0.589181)
(0.0935907 0 -0.587537)
(0.0964689 0 -0.58592)
(0.0993774 0 -0.584333)
(0.102318 0 -0.58278)
(0.105294 0 -0.581264)
(0.108306 0 -0.579787)
(0.111357 0 -0.578353)
(0.11445 0 -0.576965)
(0.117588 0 -0.575626)
(0.120771 0 -0.574338)
(0.124004 0 -0.573104)
(0.127289 0 -0.571927)
(0.130628 0 -0.570808)
(0.134025 0 -0.569751)
(0.137481 0 -0.568758)
(0.141001 0 -0.567831)
(0.144586 0 -0.56697)
(0.14824 0 -0.566179)
(0.151965 0 -0.565459)
(0.155765 0 -0.56481)
(0.159642 0 -0.564234)
(0.163598 0 -0.563732)
(0.167637 0 -0.563303)
(0.171762 0 -0.562949)
(0.175973 0 -0.562669)
(0.180275 0 -0.562462)
(0.184669 0 -0.562329)
(0.189158 0 -0.562267)
(0.193743 0 -0.562275)
(0.198425 0 -0.562351)
(0.203207 0 -0.562494)
(0.20809 0 -0.5627)
(0.213074 0 -0.562966)
(0.218161 0 -0.563289)
(0.22335 0 -0.563666)
(0.228642 0 -0.564092)
(0.234036 0 -0.564563)
(0.239533 0 -0.565074)
(0.245131 0 -0.565621)
(0.250828 0 -0.566198)
(0.256625 0 -0.5668)
(0.262518 0 -0.567422)
(0.268506 0 -0.568057)
(0.274587 0 -0.5687)
(0.280757 0 -0.569346)
(0.287015 0 -0.569989)
(0.293357 0 -0.570622)
(0.299781 0 -0.571241)
(0.306282 0 -0.57184)
(0.312857 0 -0.572412)
(0.319503 0 -0.572954)
(0.326217 0 -0.57346)
(0.332995 0 -0.573925)
(0.339832 0 -0.574344)
(0.346726 0 -0.574712)
(0.353673 0 -0.575027)
(0.360669 0 -0.575283)
(0.367711 0 -0.575477)
(0.374796 0 -0.575605)
(0.38192 0 -0.575664)
(0.38908 0 -0.575652)
(0.396274 0 -0.575566)
(0.403497 0 -0.575402)
(0.410749 0 -0.575159)
(0.418025 0 -0.574835)
(0.425324 0 -0.574428)
(0.432644 0 -0.573936)
(0.439982 0 -0.573359)
(0.447336 0 -0.572694)
(0.454705 0 -0.571941)
(0.462087 0 -0.571098)
(0.469481 0 -0.570166)
(0.476885 0 -0.569143)
(0.484298 0 -0.568029)
(0.491719 0 -0.566823)
(0.499147 0 -0.565527)
(0.506582 0 -0.564138)
(0.514022 0 -0.562658)
(0.521468 0 -0.561087)
(0.528918 0 -0.559424)
(0.536372 0 -0.557671)
(0.543831 0 -0.555827)
(0.551293 0 -0.553893)
(0.558759 0 -0.551869)
(0.566228 0 -0.549757)
(0.573702 0 -0.547558)
(0.581179 0 -0.545271)
(0.58866 0 -0.542899)
(0.596144 0 -0.540442)
(0.603634 0 -0.537902)
(0.611127 0 -0.53528)
(0.618626 0 -0.532577)
(0.626129 0 -0.529796)
(0.633638 0 -0.526937)
(0.641152 0 -0.524004)
(0.648673 0 -0.520998)
(0.656199 0 -0.517921)
(0.663732 0 -0.514776)
(0.671271 0 -0.511566)
(0.678817 0 -0.508293)
(0.68637 0 -0.504962)
(0.69393 0 -0.501574)
(0.701496 0 -0.498134)
(0.709069 0 -0.494646)
(0.716648 0 -0.491115)
(0.724233 0 -0.487543)
(0.731823 0 -0.483937)
(0.739417 0 -0.480302)
(0.747014 0 -0.476643)
(0.754612 0 -0.472966)
(0.76221 0 -0.469278)
(0.769806 0 -0.465585)
(0.777397 0 -0.461895)
(0.78498 0 -0.458215)
(0.792551 0 -0.454553)
(0.800106 0 -0.450919)
(0.807641 0 -0.44732)
(0.81515 0 -0.443767)
(0.822625 0 -0.440269)
(0.830059 0 -0.436838)
(0.837444 0 -0.433482)
(0.844769 0 -0.430214)
(0.852024 0 -0.427044)
(0.859194 0 -0.423983)
(0.866265 0 -0.421043)
(0.873221 0 -0.418233)
(0.880043 0 -0.415565)
(0.886709 0 -0.413047)
(0.893198 0 -0.410687)
(0.899483 0 -0.408491)
(0.905536 0 -0.406463)
(0.911326 0 -0.404604)
(0.916819 0 -0.402912)
(0.92198 0 -0.401378)
(0.92677 0 -0.399991)
(0.931149 0 -0.39873)
(0.935073 0 -0.39757)
(0.938501 0 -0.396475)
(0.941387 0 -0.395399)
(0.943688 0 -0.394285)
(0.945364 0 -0.393065)
(0.946377 0 -0.391654)
(0.946693 0 -0.389957)
(0.946287 0 -0.387859)
(0.945145 0 -0.385234)
(0.943264 0 -0.381937)
(0.940657 0 -0.377812)
(0.937354 0 -0.372688)
(0.933409 0 -0.366385)
(0.928899 0 -0.358716)
(0.923924 0 -0.349495)
(0.918614 0 -0.338537)
(0.913125 0 -0.325667)
(0.907634 0 -0.310726)
(0.902342 0 -0.293576)
(0.897465 0 -0.274104)
(0.89323 0 -0.252229)
(0.889865 0 -0.227897)
(0.887594 0 -0.201089)
(0.886631 0 -0.171815)
(0.88717 0 -0.140114)
(0.889381 0 -0.10605)
(0.893404 0 -0.0697115)
(0.899343 0 -0.0312074)
(0.907298 0 0.00933313)
(0.917245 0 0.0517046)
(0.929166 0 0.0956648)
(0.942978 0 0.140955)
(0.958549 0 0.187298)
(0.975712 0 0.234411)
(0.994272 0 0.282007)
(1.01401 0 0.329808)
(1.0347 0 0.37755)
(1.0561 0 0.424989)
(1.07797 0 0.471902)
(1.1001 0 0.518092)
(1.12226 0 0.563387)
(1.14425 0 0.60764)
(1.16589 0 0.650726)
(1.18701 0 0.692543)
(1.20746 0 0.733008)
(1.22711 0 0.772055)
(1.24585 0 0.809633)
(1.26359 0 0.845706)
(1.28023 0 0.880248)
(1.29573 0 0.913243)
(1.31002 0 0.944683)
(1.32306 0 0.974568)
(1.33483 0 1.0029)
(1.34532 0 1.0297)
(1.35451 0 1.05497)
(1.36239 0 1.07873)
(1.36899 0 1.10101)
(1.37431 0 1.12182)
(1.37837 0 1.1412)
(1.38119 0 1.15916)
(1.38281 0 1.17574)
(1.38326 0 1.19097)
(1.38256 0 1.20488)
(1.38078 0 1.21749)
(1.37795 0 1.22883)
(1.3741 0 1.23894)
(1.36921 0 1.24783)
(1.36351 0 1.25554)
(1.35981 0 1.26205)
(0.0010618 0 -0.64328)
(0.00318653 0 -0.642593)
(0.00531312 0 -0.641846)
(0.00744226 0 -0.641036)
(0.00957376 0 -0.640161)
(0.0117077 0 -0.639222)
(0.0138442 0 -0.638221)
(0.0159834 0 -0.63716)
(0.0181256 0 -0.63604)
(0.0202709 0 -0.634863)
(0.0224197 0 -0.633633)
(0.0245721 0 -0.63235)
(0.0267286 0 -0.631018)
(0.0288896 0 -0.62964)
(0.0310553 0 -0.628218)
(0.0332265 0 -0.626754)
(0.0354036 0 -0.625253)
(0.0375872 0 -0.623717)
(0.039778 0 -0.622149)
(0.0419767 0 -0.620552)
(0.0441842 0 -0.61893)
(0.0464013 0 -0.617286)
(0.0486291 0 -0.615624)
(0.0508684 0 -0.613947)
(0.0531206 0 -0.612259)
(0.0553866 0 -0.610563)
(0.0576679 0 -0.608863)
(0.0599657 0 -0.607162)
(0.0622815 0 -0.605465)
(0.0646169 0 -0.603774)
(0.0669734 0 -0.602094)
(0.0693527 0 -0.600428)
(0.0717567 0 -0.598779)
(0.0741871 0 -0.597153)
(0.0766459 0 -0.595551)
(0.0791351 0 -0.593977)
(0.081657 0 -0.592436)
(0.0842135 0 -0.59093)
(0.0868071 0 -0.589463)
(0.0894401 0 -0.588038)
(0.0921149 0 -0.586659)
(0.0948341 0 -0.585328)
(0.0976002 0 -0.584049)
(0.100416 0 -0.582825)
(0.103284 0 -0.581659)
(0.106207 0 -0.580554)
(0.109188 0 -0.579511)
(0.112229 0 -0.578535)
(0.115335 0 -0.577627)
(0.118506 0 -0.576789)
(0.121748 0 -0.576024)
(0.125062 0 -0.575334)
(0.128452 0 -0.574719)
(0.13192 0 -0.574182)
(0.135469 0 -0.573724)
(0.139103 0 -0.573345)
(0.142824 0 -0.573046)
(0.146635 0 -0.572828)
(0.150538 0 -0.57269)
(0.154536 0 -0.572632)
(0.158632 0 -0.572653)
(0.162826 0 -0.572752)
(0.167122 0 -0.572928)
(0.171521 0 -0.573177)
(0.176024 0 -0.573499)
(0.180632 0 -0.573889)
(0.185347 0 -0.574345)
(0.190169 0 -0.574863)
(0.195099 0 -0.575439)
(0.200135 0 -0.576068)
(0.205278 0 -0.576746)
(0.210527 0 -0.577467)
(0.215881 0 -0.578226)
(0.221337 0 -0.579018)
(0.226896 0 -0.579836)
(0.232554 0 -0.580674)
(0.238308 0 -0.581527)
(0.244157 0 -0.582387)
(0.250097 0 -0.583249)
(0.256125 0 -0.584106)
(0.262238 0 -0.584952)
(0.268432 0 -0.585781)
(0.274702 0 -0.586587)
(0.281047 0 -0.587364)
(0.28746 0 -0.588106)
(0.29394 0 -0.588808)
(0.300481 0 -0.589465)
(0.307079 0 -0.590072)
(0.313731 0 -0.590624)
(0.320433 0 -0.591116)
(0.327181 0 -0.591546)
(0.333971 0 -0.591909)
(0.3408 0 -0.592201)
(0.347665 0 -0.59242)
(0.354562 0 -0.592562)
(0.361488 0 -0.592625)
(0.36844 0 -0.592606)
(0.375416 0 -0.592504)
(0.382412 0 -0.592317)
(0.389428 0 -0.592043)
(0.396459 0 -0.59168)
(0.403505 0 -0.591228)
(0.410564 0 -0.590685)
(0.417633 0 -0.590051)
(0.424712 0 -0.589324)
(0.431799 0 -0.588505)
(0.438892 0 -0.587593)
(0.445992 0 -0.586588)
(0.453096 0 -0.585489)
(0.460204 0 -0.584297)
(0.467315 0 -0.583012)
(0.474429 0 -0.581633)
(0.481545 0 -0.580162)
(0.488664 0 -0.578598)
(0.495783 0 -0.576942)
(0.502904 0 -0.575194)
(0.510026 0 -0.573356)
(0.517149 0 -0.571427)
(0.524273 0 -0.569409)
(0.531398 0 -0.567302)
(0.538524 0 -0.565108)
(0.545651 0 -0.562827)
(0.552779 0 -0.56046)
(0.559908 0 -0.55801)
(0.567039 0 -0.555476)
(0.574171 0 -0.552861)
(0.581305 0 -0.550165)
(0.58844 0 -0.547392)
(0.595577 0 -0.544542)
(0.602716 0 -0.541617)
(0.609856 0 -0.538619)
(0.616998 0 -0.535551)
(0.624141 0 -0.532416)
(0.631286 0 -0.529214)
(0.638431 0 -0.52595)
(0.645577 0 -0.522626)
(0.652723 0 -0.519246)
(0.659869 0 -0.515812)
(0.667012 0 -0.512329)
(0.674154 0 -0.508799)
(0.681291 0 -0.505228)
(0.688423 0 -0.501619)
(0.695549 0 -0.497977)
(0.702665 0 -0.494307)
(0.70977 0 -0.490615)
(0.716861 0 -0.486905)
(0.723935 0 -0.483183)
(0.730989 0 -0.479456)
(0.738017 0 -0.475729)
(0.745016 0 -0.47201)
(0.751981 0 -0.468306)
(0.758904 0 -0.464623)
(0.765781 0 -0.460969)
(0.772601 0 -0.457352)
(0.779358 0 -0.453779)
(0.786042 0 -0.450258)
(0.792641 0 -0.446798)
(0.799143 0 -0.443405)
(0.805536 0 -0.440088)
(0.811804 0 -0.436852)
(0.817931 0 -0.433706)
(0.823898 0 -0.430653)
(0.829687 0 -0.427699)
(0.835274 0 -0.424846)
(0.840638 0 -0.422095)
(0.845751 0 -0.419445)
(0.850588 0 -0.416892)
(0.85512 0 -0.414427)
(0.859315 0 -0.412039)
(0.863143 0 -0.409712)
(0.86657 0 -0.407423)
(0.869563 0 -0.405143)
(0.872089 0 -0.402839)
(0.874115 0 -0.400464)
(0.875611 0 -0.397969)
(0.876548 0 -0.39529)
(0.876902 0 -0.392356)
(0.876654 0 -0.389084)
(0.875791 0 -0.385383)
(0.874309 0 -0.381148)
(0.872216 0 -0.376267)
(0.869529 0 -0.370617)
(0.866281 0 -0.364068)
(0.86252 0 -0.356486)
(0.858309 0 -0.347733)
(0.853731 0 -0.337669)
(0.848883 0 -0.326162)
(0.843883 0 -0.313082)
(0.838863 0 -0.298314)
(0.833966 0 -0.281755)
(0.82935 0 -0.263316)
(0.825177 0 -0.24293)
(0.821614 0 -0.220546)
(0.818825 0 -0.196133)
(0.816972 0 -0.169679)
(0.816207 0 -0.141188)
(0.81667 0 -0.110683)
(0.818484 0 -0.0781994)
(0.821756 0 -0.0437868)
(0.826571 0 -0.00750764)
(0.833012 0 0.0305487)
(0.841069 0 0.0702336)
(0.850746 0 0.111386)
(0.861996 0 0.15382)
(0.874739 0 0.197335)
(0.888867 0 0.241713)
(0.904248 0 0.286729)
(0.920726 0 0.332155)
(0.938133 0 0.377769)
(0.956292 0 0.423355)
(0.975019 0 0.468709)
(0.994132 0 0.513643)
(1.01345 0 0.557985)
(1.03281 0 0.601581)
(1.05205 0 0.644293)
(1.07101 0 0.686002)
(1.08956 0 0.726605)
(1.10758 0 0.766015)
(1.12495 0 0.804158)
(1.14158 0 0.840974)
(1.15738 0 0.876414)
(1.17228 0 0.910439)
(1.18622 0 0.943021)
(1.19915 0 0.974138)
(1.21103 0 1.00378)
(1.22182 0 1.03193)
(1.23151 0 1.0586)
(1.24009 0 1.08378)
(1.24754 0 1.10748)
(1.25387 0 1.12971)
(1.25909 0 1.1505)
(1.26321 0 1.16984)
(1.26624 0 1.18776)
(1.26821 0 1.20428)
(1.26916 0 1.21942)
(1.2691 0 1.2332)
(1.26806 0 1.24563)
(1.266 0 1.25672)
(1.26315 0 1.2665)
(1.26237 0 1.27495)
(0.000847265 0 -0.647859)
(0.00254355 0 -0.647178)
(0.00424239 0 -0.646437)
(0.00594455 0 -0.645633)
(0.00764991 0 -0.644765)
(0.00935858 0 -0.643834)
(0.0110708 0 -0.64284)
(0.0127867 0 -0.641787)
(0.0145067 0 -0.640676)
(0.016231 0 -0.639508)
(0.0179599 0 -0.638288)
(0.0196939 0 -0.637016)
(0.0214333 0 -0.635696)
(0.0231786 0 -0.634331)
(0.0249304 0 -0.632923)
(0.0266891 0 -0.631475)
(0.0284556 0 -0.629991)
(0.0302304 0 -0.628473)
(0.0320144 0 -0.626926)
(0.0338083 0 -0.625352)
(0.0356132 0 -0.623755)
(0.0374299 0 -0.622138)
(0.0392597 0 -0.620505)
(0.0411036 0 -0.618861)
(0.0429628 0 -0.617208)
(0.0448387 0 -0.61555)
(0.0467327 0 -0.613892)
(0.0486462 0 -0.612236)
(0.0505809 0 -0.610587)
(0.0525383 0 -0.608949)
(0.0545203 0 -0.607326)
(0.0565287 0 -0.605721)
(0.0585654 0 -0.604139)
(0.0606323 0 -0.602583)
(0.0627317 0 -0.601056)
(0.0648657 0 -0.599563)
(0.0670365 0 -0.598108)
(0.0692466 0 -0.596694)
(0.0714983 0 -0.595324)
(0.0737943 0 -0.594003)
(0.076137 0 -0.592733)
(0.0785292 0 -0.591518)
(0.0809736 0 -0.590361)
(0.083473 0 -0.589266)
(0.0860303 0 -0.588236)
(0.0886485 0 -0.587273)
(0.0913305 0 -0.586381)
(0.0940794 0 -0.585561)
(0.0968982 0 -0.584817)
(0.09979 0 -0.584151)
(0.102758 0 -0.583564)
(0.105805 0 -0.58306)
(0.108934 0 -0.582638)
(0.112149 0 -0.582301)
(0.115452 0 -0.58205)
(0.118846 0 -0.581886)
(0.122334 0 -0.581808)
(0.125918 0 -0.581817)
(0.129602 0 -0.581912)
(0.133387 0 -0.582093)
(0.137276 0 -0.582358)
(0.14127 0 -0.582706)
(0.145372 0 -0.583134)
(0.149582 0 -0.583639)
(0.153902 0 -0.58422)
(0.158332 0 -0.584871)
(0.162874 0 -0.585589)
(0.167526 0 -0.586369)
(0.172289 0 -0.587207)
(0.177161 0 -0.588097)
(0.182143 0 -0.589033)
(0.187232 0 -0.59001)
(0.192426 0 -0.59102)
(0.197724 0 -0.592059)
(0.203122 0 -0.593118)
(0.208619 0 -0.594191)
(0.21421 0 -0.595271)
(0.219892 0 -0.596351)
(0.225662 0 -0.597424)
(0.231516 0 -0.598484)
(0.237449 0 -0.599524)
(0.243458 0 -0.600538)
(0.249538 0 -0.601518)
(0.255685 0 -0.60246)
(0.261894 0 -0.603356)
(0.268162 0 -0.604203)
(0.274484 0 -0.604995)
(0.280856 0 -0.605726)
(0.287273 0 -0.606394)
(0.293732 0 -0.606993)
(0.30023 0 -0.607519)
(0.306761 0 -0.60797)
(0.313324 0 -0.608342)
(0.319914 0 -0.608633)
(0.326528 0 -0.60884)
(0.333165 0 -0.60896)
(0.33982 0 -0.608993)
(0.346491 0 -0.608936)
(0.353177 0 -0.608788)
(0.359875 0 -0.608548)
(0.366584 0 -0.608215)
(0.3733 0 -0.607788)
(0.380024 0 -0.607266)
(0.386754 0 -0.60665)
(0.393488 0 -0.605938)
(0.400225 0 -0.605131)
(0.406965 0 -0.604229)
(0.413707 0 -0.603231)
(0.42045 0 -0.602138)
(0.427193 0 -0.60095)
(0.433937 0 -0.599668)
(0.44068 0 -0.598291)
(0.447422 0 -0.596821)
(0.454164 0 -0.595257)
(0.460905 0 -0.593602)
(0.467644 0 -0.591854)
(0.474383 0 -0.590015)
(0.481121 0 -0.588086)
(0.487857 0 -0.586067)
(0.494592 0 -0.58396)
(0.501326 0 -0.581765)
(0.508059 0 -0.579483)
(0.514792 0 -0.577117)
(0.521523 0 -0.574666)
(0.528253 0 -0.572132)
(0.534982 0 -0.569517)
(0.54171 0 -0.566822)
(0.548437 0 -0.564049)
(0.555163 0 -0.561198)
(0.561887 0 -0.558273)
(0.568609 0 -0.555275)
(0.575329 0 -0.552205)
(0.582046 0 -0.549067)
(0.58876 0 -0.545862)
(0.59547 0 -0.542593)
(0.602175 0 -0.539263)
(0.608875 0 -0.535873)
(0.615567 0 -0.532428)
(0.622251 0 -0.52893)
(0.628925 0 -0.525383)
(0.635587 0 -0.52179)
(0.642236 0 -0.518155)
(0.648869 0 -0.514482)
(0.655482 0 -0.510774)
(0.662074 0 -0.507037)
(0.668641 0 -0.503274)
(0.675179 0 -0.499491)
(0.681684 0 -0.495691)
(0.68815 0 -0.491881)
(0.694573 0 -0.488066)
(0.700947 0 -0.48425)
(0.707265 0 -0.48044)
(0.71352 0 -0.47664)
(0.719703 0 -0.472856)
(0.725805 0 -0.469095)
(0.731817 0 -0.46536)
(0.737728 0 -0.461658)
(0.743525 0 -0.457993)
(0.749195 0 -0.454369)
(0.754725 0 -0.45079)
(0.760098 0 -0.44726)
(0.765299 0 -0.443779)
(0.770307 0 -0.440349)
(0.775105 0 -0.436969)
(0.779671 0 -0.433636)
(0.783983 0 -0.430346)
(0.788019 0 -0.427089)
(0.791753 0 -0.423857)
(0.79516 0 -0.420634)
(0.798216 0 -0.417402)
(0.800894 0 -0.414139)
(0.803169 0 -0.410816)
(0.805014 0 -0.407401)
(0.806408 0 -0.403852)
(0.807327 0 -0.400123)
(0.807753 0 -0.396161)
(0.80767 0 -0.391905)
(0.807069 0 -0.387287)
(0.805945 0 -0.382229)
(0.804301 0 -0.376651)
(0.802146 0 -0.37046)
(0.7995 0 -0.363563)
(0.796395 0 -0.355859)
(0.79287 0 -0.347244)
(0.788979 0 -0.337615)
(0.784786 0 -0.326866)
(0.780369 0 -0.314896)
(0.775816 0 -0.30161)
(0.771225 0 -0.286918)
(0.766704 0 -0.27074)
(0.762369 0 -0.253006)
(0.758338 0 -0.233659)
(0.754737 0 -0.212652)
(0.751687 0 -0.189952)
(0.749312 0 -0.165536)
(0.74773 0 -0.139394)
(0.747052 0 -0.111523)
(0.747384 0 -0.0819339)
(0.74882 0 -0.0506439)
(0.751439 0 -0.0176801)
(0.755329 0 0.0169199)
(0.760519 0 0.0530854)
(0.767044 0 0.09072)
(0.774908 0 0.129707)
(0.784087 0 0.169911)
(0.794534 0 0.211178)
(0.806179 0 0.25334)
(0.818933 0 0.296218)
(0.832687 0 0.339625)
(0.847317 0 0.383372)
(0.86269 0 0.427272)
(0.878665 0 0.47114)
(0.895098 0 0.514804)
(0.911844 0 0.558097)
(0.928762 0 0.600866)
(0.945714 0 0.642972)
(0.96257 0 0.684287)
(0.979208 0 0.724699)
(0.995513 0 0.764105)
(1.01138 0 0.802418)
(1.02672 0 0.839562)
(1.04145 0 0.875472)
(1.05549 0 0.910092)
(1.06878 0 0.943377)
(1.08126 0 0.97529)
(1.09289 0 1.0058)
(1.10363 0 1.03489)
(1.11345 0 1.06254)
(1.12233 0 1.08874)
(1.13026 0 1.11348)
(1.13722 0 1.13676)
(1.14321 0 1.15859)
(1.14824 0 1.17896)
(1.15232 0 1.19789)
(1.15546 0 1.21538)
(1.15769 0 1.23143)
(1.159 0 1.24607)
(1.15935 0 1.25928)
(1.15893 0 1.27107)
(1.16065 0 1.28143)
(0.000635661 0 -0.651416)
(0.00190932 0 -0.650742)
(0.00318623 0 -0.650009)
(0.00446723 0 -0.649214)
(0.00575224 0 -0.648354)
(0.00704142 0 -0.647432)
(0.00833508 0 -0.646449)
(0.0096335 0 -0.645406)
(0.010937 0 -0.644306)
(0.012246 0 -0.643151)
(0.0135609 0 -0.641943)
(0.0148822 0 -0.640686)
(0.0162102 0 -0.639382)
(0.0175457 0 -0.638033)
(0.0188891 0 -0.636643)
(0.0202413 0 -0.635215)
(0.0216029 0 -0.633752)
(0.0229747 0 -0.632258)
(0.0243576 0 -0.630736)
(0.0257525 0 -0.629189)
(0.0271605 0 -0.627622)
(0.0285827 0 -0.626038)
(0.0300203 0 -0.624441)
(0.0314744 0 -0.622835)
(0.0329466 0 -0.621223)
(0.0344381 0 -0.619611)
(0.0359506 0 -0.618001)
(0.0374857 0 -0.616398)
(0.0390449 0 -0.614806)
(0.0406303 0 -0.613229)
(0.0422435 0 -0.611671)
(0.0438867 0 -0.610136)
(0.0455618 0 -0.608628)
(0.0472711 0 -0.607152)
(0.0490168 0 -0.605711)
(0.0508011 0 -0.604309)
(0.0526266 0 -0.60295)
(0.0544957 0 -0.601638)
(0.0564111 0 -0.600377)
(0.0583754 0 -0.599171)
(0.0603914 0 -0.598022)
(0.0624618 0 -0.596936)
(0.0645897 0 -0.595914)
(0.066778 0 -0.594962)
(0.0690296 0 -0.594081)
(0.0713478 0 -0.593274)
(0.0737355 0 -0.592546)
(0.076196 0 -0.591898)
(0.0787325 0 -0.591332)
(0.081348 0 -0.590853)
(0.0840459 0 -0.59046)
(0.0868292 0 -0.590157)
(0.0897011 0 -0.589945)
(0.0926646 0 -0.589824)
(0.0957227 0 -0.589796)
(0.0988783 0 -0.589862)
(0.102134 0 -0.59002)
(0.105493 0 -0.590272)
(0.108956 0 -0.590616)
(0.112527 0 -0.59105)
(0.116207 0 -0.591573)
(0.119998 0 -0.592183)
(0.123901 0 -0.592876)
(0.127917 0 -0.59365)
(0.132047 0 -0.5945)
(0.13629 0 -0.595421)
(0.140647 0 -0.59641)
(0.145118 0 -0.597459)
(0.1497 0 -0.598565)
(0.154394 0 -0.599719)
(0.159196 0 -0.600915)
(0.164105 0 -0.602147)
(0.169118 0 -0.603408)
(0.174232 0 -0.604689)
(0.179444 0 -0.605984)
(0.184749 0 -0.607284)
(0.190145 0 -0.608583)
(0.195628 0 -0.609873)
(0.201191 0 -0.611146)
(0.206832 0 -0.612395)
(0.212546 0 -0.613614)
(0.218328 0 -0.614795)
(0.224173 0 -0.615932)
(0.230076 0 -0.61702)
(0.236034 0 -0.618052)
(0.242041 0 -0.619024)
(0.248093 0 -0.61993)
(0.254187 0 -0.620766)
(0.260317 0 -0.621528)
(0.266479 0 -0.622213)
(0.272672 0 -0.622816)
(0.27889 0 -0.623335)
(0.28513 0 -0.623767)
(0.29139 0 -0.624111)
(0.297667 0 -0.624364)
(0.303958 0 -0.624524)
(0.310261 0 -0.624591)
(0.316573 0 -0.624563)
(0.322894 0 -0.624439)
(0.329221 0 -0.624218)
(0.335552 0 -0.623901)
(0.341887 0 -0.623486)
(0.348224 0 -0.622973)
(0.354562 0 -0.622363)
(0.3609 0 -0.621656)
(0.367238 0 -0.620851)
(0.373576 0 -0.619949)
(0.379911 0 -0.618951)
(0.386245 0 -0.617856)
(0.392577 0 -0.616665)
(0.398907 0 -0.615379)
(0.405234 0 -0.613999)
(0.411558 0 -0.612524)
(0.41788 0 -0.610956)
(0.424199 0 -0.609295)
(0.430515 0 -0.607542)
(0.436829 0 -0.605698)
(0.44314 0 -0.603764)
(0.449449 0 -0.601741)
(0.455755 0 -0.599629)
(0.462059 0 -0.597429)
(0.46836 0 -0.595143)
(0.474659 0 -0.592772)
(0.480955 0 -0.590317)
(0.487248 0 -0.587778)
(0.493539 0 -0.585158)
(0.499826 0 -0.582457)
(0.50611 0 -0.579678)
(0.512391 0 -0.576821)
(0.518667 0 -0.573887)
(0.524939 0 -0.57088)
(0.531205 0 -0.567801)
(0.537465 0 -0.56465)
(0.543719 0 -0.561432)
(0.549964 0 -0.558146)
(0.5562 0 -0.554797)
(0.562425 0 -0.551386)
(0.568638 0 -0.547915)
(0.574838 0 -0.544388)
(0.581021 0 -0.540806)
(0.587187 0 -0.537174)
(0.593332 0 -0.533493)
(0.599453 0 -0.529768)
(0.605548 0 -0.526001)
(0.611613 0 -0.522196)
(0.617644 0 -0.518356)
(0.623637 0 -0.514485)
(0.629588 0 -0.510587)
(0.63549 0 -0.506665)
(0.641339 0 -0.502723)
(0.647127 0 -0.498766)
(0.652849 0 -0.494796)
(0.658497 0 -0.490819)
(0.664061 0 -0.486837)
(0.669535 0 -0.482853)
(0.674907 0 -0.478872)
(0.680166 0 -0.474896)
(0.685303 0 -0.470928)
(0.690304 0 -0.466969)
(0.695155 0 -0.46302)
(0.699844 0 -0.459082)
(0.704353 0 -0.455154)
(0.708668 0 -0.451234)
(0.712771 0 -0.447319)
(0.716645 0 -0.443403)
(0.720269 0 -0.43948)
(0.723625 0 -0.435538)
(0.726694 0 -0.431568)
(0.729453 0 -0.427552)
(0.731884 0 -0.423473)
(0.733965 0 -0.419308)
(0.735678 0 -0.415031)
(0.737003 0 -0.410611)
(0.737923 0 -0.406013)
(0.738423 0 -0.401196)
(0.738491 0 -0.396113)
(0.738118 0 -0.390714)
(0.737298 0 -0.384942)
(0.736032 0 -0.378735)
(0.734325 0 -0.372026)
(0.732188 0 -0.364743)
(0.729642 0 -0.356811)
(0.726712 0 -0.348151)
(0.723433 0 -0.338684)
(0.719848 0 -0.328328)
(0.716009 0 -0.317002)
(0.711976 0 -0.304628)
(0.707816 0 -0.291132)
(0.703605 0 -0.276442)
(0.699425 0 -0.260496)
(0.695361 0 -0.243235)
(0.691505 0 -0.224611)
(0.687949 0 -0.204582)
(0.684787 0 -0.183114)
(0.682114 0 -0.160181)
(0.680022 0 -0.135766)
(0.6786 0 -0.109855)
(0.677933 0 -0.0824437)
(0.678102 0 -0.053532)
(0.679178 0 -0.023126)
(0.681239 0 0.00876215)
(0.684328 0 0.0421026)
(0.688495 0 0.0768426)
(0.693766 0 0.112913)
(0.700152 0 0.150228)
(0.707643 0 0.188684)
(0.716215 0 0.228163)
(0.725822 0 0.268532)
(0.736404 0 0.309643)
(0.747885 0 0.351343)
(0.760174 0 0.393471)
(0.773172 0 0.435862)
(0.78677 0 0.478354)
(0.800857 0 0.520786)
(0.815314 0 0.563005)
(0.830027 0 0.604862)
(0.844881 0 0.64622)
(0.859764 0 0.686951)
(0.87457 0 0.726936)
(0.889199 0 0.766068)
(0.903555 0 0.804251)
(0.917554 0 0.841397)
(0.931114 0 0.877432)
(0.944165 0 0.912289)
(0.956644 0 0.945909)
(0.968494 0 0.978243)
(0.979668 0 1.00925)
(0.990123 0 1.0389)
(0.999827 0 1.06715)
(1.00875 0 1.094)
(1.01688 0 1.11941)
(1.02419 0 1.14338)
(1.03069 0 1.1659)
(1.03635 0 1.18696)
(1.0412 0 1.20656)
(1.04524 0 1.22468)
(1.04845 0 1.24134)
(1.05078 0 1.25651)
(1.0524 0 1.2702)
(1.05621 0 1.28238)
(0.000427246 0 -0.653965)
(0.00128463 0 -0.6533)
(0.00214594 0 -0.652577)
(0.0030121 0 -0.651792)
(0.00388306 0 -0.650943)
(0.00475906 0 -0.650033)
(0.00564045 0 -0.649061)
(0.00652762 0 -0.648032)
(0.00742096 0 -0.646946)
(0.00832093 0 -0.645806)
(0.00922801 0 -0.644614)
(0.0101427 0 -0.643374)
(0.0110657 0 -0.642089)
(0.0119975 0 -0.64076)
(0.0129389 0 -0.639392)
(0.0138906 0 -0.637988)
(0.0148536 0 -0.636551)
(0.0158285 0 -0.635084)
(0.0168166 0 -0.633593)
(0.0178187 0 -0.632079)
(0.0188361 0 -0.630547)
(0.0198699 0 -0.629001)
(0.0209214 0 -0.627446)
(0.021992 0 -0.625884)
(0.0230832 0 -0.624321)
(0.0241966 0 -0.62276)
(0.0253337 0 -0.621206)
(0.0264963 0 -0.619662)
(0.0276863 0 -0.618135)
(0.0289055 0 -0.616626)
(0.0301561 0 -0.615142)
(0.03144 0 -0.613685)
(0.0327595 0 -0.612262)
(0.0341169 0 -0.610874)
(0.0355145 0 -0.609528)
(0.036955 0 -0.608227)
(0.0384407 0 -0.606975)
(0.0399744 0 -0.605777)
(0.0415588 0 -0.604635)
(0.0431968 0 -0.603555)
(0.0448912 0 -0.60254)
(0.0466449 0 -0.601594)
(0.0484611 0 -0.60072)
(0.0503428 0 -0.599922)
(0.0522933 0 -0.599204)
(0.0543155 0 -0.598567)
(0.0564129 0 -0.598017)
(0.0585887 0 -0.597554)
(0.060846 0 -0.597182)
(0.0631882 0 -0.596903)
(0.0656186 0 -0.596719)
(0.0681401 0 -0.596632)
(0.0707561 0 -0.596643)
(0.0734695 0 -0.596754)
(0.0762832 0 -0.596963)
(0.0791999 0 -0.597273)
(0.0822223 0 -0.597682)
(0.0853527 0 -0.59819)
(0.0885932 0 -0.598795)
(0.0919456 0 -0.599496)
(0.0954116 0 -0.600289)
(0.0989922 0 -0.601171)
(0.102688 0 -0.602139)
(0.106501 0 -0.603189)
(0.110429 0 -0.604316)
(0.114472 0 -0.605513)
(0.118631 0 -0.606776)
(0.122903 0 -0.608097)
(0.127286 0 -0.60947)
(0.131779 0 -0.610887)
(0.136379 0 -0.61234)
(0.141082 0 -0.613823)
(0.145886 0 -0.615326)
(0.150786 0 -0.616841)
(0.155778 0 -0.618361)
(0.160859 0 -0.619876)
(0.166023 0 -0.621379)
(0.171265 0 -0.622862)
(0.176582 0 -0.624317)
(0.181967 0 -0.625736)
(0.187416 0 -0.627114)
(0.192923 0 -0.628442)
(0.198484 0 -0.629715)
(0.204095 0 -0.630927)
(0.209749 0 -0.632072)
(0.215443 0 -0.633146)
(0.221173 0 -0.634144)
(0.226934 0 -0.635062)
(0.232723 0 -0.635897)
(0.238535 0 -0.636645)
(0.244368 0 -0.637304)
(0.250218 0 -0.637871)
(0.256082 0 -0.638344)
(0.261958 0 -0.638722)
(0.267844 0 -0.639003)
(0.273737 0 -0.639186)
(0.279635 0 -0.639271)
(0.285537 0 -0.639256)
(0.291442 0 -0.639142)
(0.297347 0 -0.638928)
(0.303252 0 -0.638614)
(0.309157 0 -0.6382)
(0.31506 0 -0.637686)
(0.32096 0 -0.637074)
(0.326858 0 -0.636362)
(0.332752 0 -0.635552)
(0.338643 0 -0.634644)
(0.344531 0 -0.633638)
(0.350414 0 -0.632536)
(0.356294 0 -0.631337)
(0.36217 0 -0.630043)
(0.368042 0 -0.628654)
(0.37391 0 -0.627172)
(0.379774 0 -0.625595)
(0.385635 0 -0.623927)
(0.391492 0 -0.622166)
(0.397346 0 -0.620315)
(0.403196 0 -0.618373)
(0.409043 0 -0.616342)
(0.414886 0 -0.614223)
(0.420727 0 -0.612016)
(0.426563 0 -0.609723)
(0.432397 0 -0.607344)
(0.438227 0 -0.60488)
(0.444053 0 -0.602334)
(0.449874 0 -0.599704)
(0.455692 0 -0.596994)
(0.461504 0 -0.594203)
(0.467311 0 -0.591334)
(0.473112 0 -0.588388)
(0.478906 0 -0.585365)
(0.484692 0 -0.582269)
(0.490469 0 -0.579099)
(0.496237 0 -0.575858)
(0.501993 0 -0.572548)
(0.507737 0 -0.56917)
(0.513466 0 -0.565726)
(0.51918 0 -0.562218)
(0.524875 0 -0.558649)
(0.530549 0 -0.555021)
(0.536201 0 -0.551335)
(0.541827 0 -0.547594)
(0.547424 0 -0.543801)
(0.552988 0 -0.539958)
(0.558516 0 -0.536067)
(0.564005 0 -0.532132)
(0.569448 0 -0.528154)
(0.574842 0 -0.524137)
(0.580181 0 -0.520083)
(0.58546 0 -0.515995)
(0.590671 0 -0.511875)
(0.595809 0 -0.507726)
(0.600865 0 -0.503549)
(0.605832 0 -0.499348)
(0.610701 0 -0.495123)
(0.615462 0 -0.490877)
(0.620107 0 -0.486609)
(0.624623 0 -0.482322)
(0.629001 0 -0.478015)
(0.633227 0 -0.473686)
(0.637289 0 -0.469335)
(0.641174 0 -0.464958)
(0.644867 0 -0.460553)
(0.648353 0 -0.456112)
(0.651618 0 -0.451631)
(0.654645 0 -0.447099)
(0.657418 0 -0.442508)
(0.659921 0 -0.437843)
(0.662138 0 -0.43309)
(0.664052 0 -0.428231)
(0.665648 0 -0.423244)
(0.666911 0 -0.418105)
(0.667826 0 -0.412788)
(0.668383 0 -0.40726)
(0.668569 0 -0.401486)
(0.668377 0 -0.395427)
(0.667803 0 -0.38904)
(0.666844 0 -0.382279)
(0.665502 0 -0.375091)
(0.663784 0 -0.367424)
(0.661703 0 -0.359219)
(0.659274 0 -0.350417)
(0.656521 0 -0.340954)
(0.653472 0 -0.330768)
(0.650162 0 -0.319794)
(0.646632 0 -0.307969)
(0.64293 0 -0.29523)
(0.639109 0 -0.281518)
(0.635225 0 -0.266776)
(0.631343 0 -0.250951)
(0.627527 0 -0.233996)
(0.623849 0 -0.215869)
(0.620378 0 -0.19653)
(0.617188 0 -0.17595)
(0.614352 0 -0.1541)
(0.611943 0 -0.13096)
(0.610031 0 -0.106512)
(0.608687 0 -0.0807421)
(0.607976 0 -0.0536425)
(0.607962 0 -0.0252078)
(0.608708 0 0.00456353)
(0.610264 0 0.0356627)
(0.612679 0 0.0680635)
(0.615991 0 0.101727)
(0.620225 0 0.136603)
(0.625395 0 0.172623)
(0.631502 0 0.209707)
(0.638533 0 0.24776)
(0.646461 0 0.286672)
(0.655244 0 0.326322)
(0.66483 0 0.36658)
(0.675152 0 0.407307)
(0.686138 0 0.448358)
(0.697703 0 0.48959)
(0.709761 0 0.530855)
(0.722219 0 0.572011)
(0.734981 0 0.612918)
(0.747955 0 0.653444)
(0.761046 0 0.693462)
(0.774163 0 0.732854)
(0.787218 0 0.771511)
(0.80013 0 0.809331)
(0.812818 0 0.846224)
(0.825212 0 0.882106)
(0.837245 0 0.916902)
(0.848855 0 0.950547)
(0.85999 0 0.982982)
(0.870601 0 1.01416)
(0.880647 0 1.04403)
(0.890092 0 1.07255)
(0.898906 0 1.0997)
(0.907067 0 1.12545)
(0.914555 0 1.14978)
(0.921357 0 1.17266)
(0.927469 0 1.19407)
(0.932889 0 1.21401)
(0.937591 0 1.23245)
(0.941506 0 1.24939)
(0.944793 0 1.26481)
(0.950287 0 1.27867)
(0.000222224 0 -0.655522)
(0.000670094 0 -0.654868)
(0.00112256 0 -0.654156)
(0.00158059 0 -0.653383)
(0.0020442 0 -0.652547)
(0.00251369 0 -0.65165)
(0.00298949 0 -0.650693)
(0.00347205 0 -0.649679)
(0.00396185 0 -0.64861)
(0.0044594 0 -0.647488)
(0.00496527 0 -0.646316)
(0.00548009 0 -0.645096)
(0.00600451 0 -0.643833)
(0.00653928 0 -0.642529)
(0.00708517 0 -0.641186)
(0.00764305 0 -0.63981)
(0.00821384 0 -0.638403)
(0.00879854 0 -0.636969)
(0.00939821 0 -0.635512)
(0.010014 0 -0.634036)
(0.0106472 0 -0.632545)
(0.011299 0 -0.631043)
(0.0119709 0 -0.629534)
(0.0126644 0 -0.628023)
(0.013381 0 -0.626514)
(0.0141225 0 -0.625012)
(0.0148905 0 -0.62352)
(0.0156869 0 -0.622044)
(0.0165138 0 -0.620588)
(0.017373 0 -0.619156)
(0.0182668 0 -0.617753)
(0.0191974 0 -0.616384)
(0.0201672 0 -0.615053)
(0.0211785 0 -0.613764)
(0.0222338 0 -0.612522)
(0.0233358 0 -0.611332)
(0.0244872 0 -0.610197)
(0.0256908 0 -0.609122)
(0.0269493 0 -0.608111)
(0.0282658 0 -0.607168)
(0.0296433 0 -0.606298)
(0.0310848 0 -0.605504)
(0.0325935 0 -0.60479)
(0.0341727 0 -0.604159)
(0.0358255 0 -0.603615)
(0.0375552 0 -0.603162)
(0.0393652 0 -0.602801)
(0.0412587 0 -0.602537)
(0.0432391 0 -0.602372)
(0.0453095 0 -0.602307)
(0.0474733 0 -0.602345)
(0.0497336 0 -0.602487)
(0.0520934 0 -0.602735)
(0.0545557 0 -0.603089)
(0.0571231 0 -0.60355)
(0.0597983 0 -0.604116)
(0.0625836 0 -0.604787)
(0.065481 0 -0.605562)
(0.0684924 0 -0.606439)
(0.0716191 0 -0.607415)
(0.0748623 0 -0.608486)
(0.0782225 0 -0.609648)
(0.0817001 0 -0.610897)
(0.0852947 0 -0.612227)
(0.0890059 0 -0.613633)
(0.0928323 0 -0.615107)
(0.0967724 0 -0.616643)
(0.100824 0 -0.618233)
(0.104984 0 -0.619868)
(0.109251 0 -0.621541)
(0.113619 0 -0.623243)
(0.118086 0 -0.624965)
(0.122647 0 -0.626698)
(0.127298 0 -0.628432)
(0.132034 0 -0.63016)
(0.136849 0 -0.631872)
(0.141739 0 -0.633559)
(0.146698 0 -0.635215)
(0.151722 0 -0.636829)
(0.156804 0 -0.638397)
(0.161939 0 -0.639909)
(0.167123 0 -0.64136)
(0.17235 0 -0.642745)
(0.177615 0 -0.644056)
(0.182914 0 -0.64529)
(0.188243 0 -0.646442)
(0.193598 0 -0.647508)
(0.198974 0 -0.648485)
(0.204368 0 -0.64937)
(0.209777 0 -0.650161)
(0.215199 0 -0.650854)
(0.220629 0 -0.651449)
(0.226067 0 -0.651945)
(0.231509 0 -0.652339)
(0.236955 0 -0.652632)
(0.242401 0 -0.652823)
(0.247848 0 -0.652912)
(0.253293 0 -0.652898)
(0.258737 0 -0.652782)
(0.264177 0 -0.652564)
(0.269614 0 -0.652244)
(0.275046 0 -0.651823)
(0.280474 0 -0.651301)
(0.285897 0 -0.650679)
(0.291315 0 -0.649957)
(0.296729 0 -0.649136)
(0.302137 0 -0.648217)
(0.30754 0 -0.6472)
(0.312938 0 -0.646087)
(0.318331 0 -0.644878)
(0.32372 0 -0.643573)
(0.329104 0 -0.642174)
(0.334484 0 -0.640681)
(0.33986 0 -0.639095)
(0.345231 0 -0.637417)
(0.350599 0 -0.635647)
(0.355963 0 -0.633787)
(0.361324 0 -0.631837)
(0.36668 0 -0.629797)
(0.372034 0 -0.627669)
(0.377383 0 -0.625454)
(0.382729 0 -0.623151)
(0.38807 0 -0.620763)
(0.393408 0 -0.61829)
(0.39874 0 -0.615732)
(0.404068 0 -0.613091)
(0.409391 0 -0.610368)
(0.414707 0 -0.607563)
(0.420017 0 -0.604678)
(0.425319 0 -0.601714)
(0.430612 0 -0.598672)
(0.435897 0 -0.595553)
(0.44117 0 -0.592358)
(0.446431 0 -0.589088)
(0.451679 0 -0.585746)
(0.456912 0 -0.582332)
(0.462127 0 -0.578848)
(0.467324 0 -0.575295)
(0.472498 0 -0.571674)
(0.47765 0 -0.567989)
(0.482774 0 -0.564239)
(0.487869 0 -0.560427)
(0.492931 0 -0.556555)
(0.497956 0 -0.552623)
(0.502942 0 -0.548635)
(0.507883 0 -0.544592)
(0.512774 0 -0.540495)
(0.517612 0 -0.536346)
(0.522391 0 -0.532146)
(0.527105 0 -0.527898)
(0.531748 0 -0.523603)
(0.536313 0 -0.519261)
(0.540793 0 -0.514874)
(0.54518 0 -0.510442)
(0.549468 0 -0.505967)
(0.553646 0 -0.501447)
(0.557705 0 -0.496883)
(0.561637 0 -0.492273)
(0.565431 0 -0.487617)
(0.569075 0 -0.482912)
(0.57256 0 -0.478154)
(0.575872 0 -0.47334)
(0.579 0 -0.468465)
(0.581931 0 -0.463521)
(0.584653 0 -0.458503)
(0.587152 0 -0.4534)
(0.589414 0 -0.448202)
(0.591427 0 -0.442895)
(0.593178 0 -0.437466)
(0.594653 0 -0.431896)
(0.595842 0 -0.426168)
(0.596731 0 -0.420258)
(0.597312 0 -0.414143)
(0.597575 0 -0.407794)
(0.597513 0 -0.401182)
(0.597121 0 -0.394273)
(0.596396 0 -0.387032)
(0.595339 0 -0.379419)
(0.593953 0 -0.371391)
(0.592245 0 -0.362906)
(0.590224 0 -0.353915)
(0.587907 0 -0.344371)
(0.585312 0 -0.334223)
(0.582463 0 -0.323421)
(0.579387 0 -0.311911)
(0.576118 0 -0.299644)
(0.572694 0 -0.286569)
(0.569154 0 -0.272637)
(0.565545 0 -0.257802)
(0.561916 0 -0.242019)
(0.558317 0 -0.225248)
(0.554803 0 -0.207452)
(0.55143 0 -0.188596)
(0.548255 0 -0.168652)
(0.545335 0 -0.147593)
(0.542728 0 -0.125395)
(0.540491 0 -0.102041)
(0.538682 0 -0.0775129)
(0.537354 0 -0.0517972)
(0.536562 0 -0.024883)
(0.536357 0 0.00323801)
(0.53679 0 0.0325677)
(0.537905 0 0.0630953)
(0.539741 0 0.0948011)
(0.542332 0 0.127655)
(0.545701 0 0.161615)
(0.549866 0 0.196629)
(0.55483 0 0.232629)
(0.560591 0 0.269535)
(0.56713 0 0.307256)
(0.574423 0 0.345689)
(0.582432 0 0.38472)
(0.59111 0 0.424229)
(0.600401 0 0.464089)
(0.610243 0 0.504167)
(0.620568 0 0.544332)
(0.631302 0 0.584452)
(0.64237 0 0.624395)
(0.653694 0 0.664036)
(0.665197 0 0.703253)
(0.676802 0 0.74193)
(0.688433 0 0.779957)
(0.700019 0 0.817234)
(0.711491 0 0.853666)
(0.722784 0 0.889166)
(0.733838 0 0.923655)
(0.744596 0 0.957061)
(0.755009 0 0.989321)
(0.765031 0 1.02038)
(0.774621 0 1.05017)
(0.783743 0 1.07867)
(0.792368 0 1.10583)
(0.800469 0 1.1316)
(0.808027 0 1.15597)
(0.815026 0 1.1789)
(0.821458 0 1.20037)
(0.827288 0 1.22034)
(0.832438 0 1.23881)
(0.837046 0 1.25574)
(0.843878 0 1.27111)
(2.07464e-05 0 -0.656104)
(6.61636e-05 0 -0.655462)
(0.000116815 0 -0.654763)
(0.000173739 0 -0.654004)
(0.000236994 0 -0.653183)
(0.00030695 0 -0.652301)
(0.000384105 0 -0.651361)
(0.000468981 0 -0.650365)
(0.000562133 0 -0.649315)
(0.000664158 0 -0.648214)
(0.000775701 0 -0.647064)
(0.000897461 0 -0.645869)
(0.00103019 0 -0.644631)
(0.0011747 0 -0.643354)
(0.00133188 0 -0.642041)
(0.00150266 0 -0.640697)
(0.00168806 0 -0.639324)
(0.00188918 0 -0.637927)
(0.00210717 0 -0.63651)
(0.00234329 0 -0.635076)
(0.00259887 0 -0.633631)
(0.00287532 0 -0.632178)
(0.00317415 0 -0.630723)
(0.00349695 0 -0.629268)
(0.0038454 0 -0.62782)
(0.00422128 0 -0.626382)
(0.00462647 0 -0.62496)
(0.00506292 0 -0.623558)
(0.0055327 0 -0.622181)
(0.00603797 0 -0.620834)
(0.00658098 0 -0.61952)
(0.00716407 0 -0.618246)
(0.0077897 0 -0.617016)
(0.0084604 0 -0.615834)
(0.00917879 0 -0.614706)
(0.0099476 0 -0.613635)
(0.0107696 0 -0.612627)
(0.0116478 0 -0.611686)
(0.012585 0 -0.610815)
(0.0135843 0 -0.610021)
(0.0146489 0 -0.609306)
(0.0157819 0 -0.608675)
(0.0169866 0 -0.608131)
(0.0182662 0 -0.607679)
(0.019624 0 -0.607322)
(0.0210633 0 -0.607063)
(0.0225876 0 -0.606905)
(0.0242001 0 -0.606851)
(0.0259041 0 -0.606904)
(0.0277028 0 -0.607066)
(0.0295994 0 -0.607337)
(0.0315969 0 -0.607721)
(0.0336983 0 -0.608216)
(0.0359062 0 -0.608825)
(0.0382232 0 -0.609546)
(0.0406516 0 -0.610379)
(0.0431933 0 -0.611321)
(0.04585 0 -0.612372)
(0.0486231 0 -0.613527)
(0.0515134 0 -0.614784)
(0.0545214 0 -0.616137)
(0.0576472 0 -0.617582)
(0.0608903 0 -0.619113)
(0.0642497 0 -0.620724)
(0.067724 0 -0.622406)
(0.0713112 0 -0.624153)
(0.0750087 0 -0.625956)
(0.0788136 0 -0.627806)
(0.0827223 0 -0.629694)
(0.086731 0 -0.631611)
(0.0908353 0 -0.633546)
(0.0950306 0 -0.635491)
(0.0993117 0 -0.637435)
(0.103674 0 -0.639369)
(0.108111 0 -0.641283)
(0.112618 0 -0.643169)
(0.117189 0 -0.645017)
(0.121818 0 -0.64682)
(0.126501 0 -0.648569)
(0.131231 0 -0.650258)
(0.136003 0 -0.65188)
(0.140813 0 -0.653428)
(0.145655 0 -0.654897)
(0.150525 0 -0.656283)
(0.155418 0 -0.65758)
(0.160331 0 -0.658787)
(0.16526 0 -0.659898)
(0.170202 0 -0.660912)
(0.175153 0 -0.661826)
(0.180111 0 -0.662638)
(0.185073 0 -0.663348)
(0.190038 0 -0.663954)
(0.195003 0 -0.664455)
(0.199968 0 -0.664852)
(0.20493 0 -0.665143)
(0.209889 0 -0.66533)
(0.214843 0 -0.665412)
(0.219793 0 -0.665389)
(0.224736 0 -0.665262)
(0.229674 0 -0.665032)
(0.234606 0 -0.664699)
(0.239532 0 -0.664265)
(0.244451 0 -0.663729)
(0.249364 0 -0.663093)
(0.254271 0 -0.662357)
(0.259172 0 -0.661522)
(0.264067 0 -0.66059)
(0.268956 0 -0.659561)
(0.27384 0 -0.658435)
(0.278719 0 -0.657214)
(0.283594 0 -0.655898)
(0.288464 0 -0.654488)
(0.293329 0 -0.652984)
(0.298191 0 -0.651388)
(0.303049 0 -0.649701)
(0.307902 0 -0.647922)
(0.312753 0 -0.646053)
(0.3176 0 -0.644093)
(0.322443 0 -0.642045)
(0.327283 0 -0.639908)
(0.332118 0 -0.637683)
(0.336951 0 -0.635371)
(0.341778 0 -0.632973)
(0.346602 0 -0.630488)
(0.35142 0 -0.627919)
(0.356233 0 -0.625264)
(0.36104 0 -0.622526)
(0.365841 0 -0.619705)
(0.370633 0 -0.616802)
(0.375418 0 -0.613817)
(0.380192 0 -0.610751)
(0.384956 0 -0.607606)
(0.389708 0 -0.604382)
(0.394446 0 -0.601079)
(0.399169 0 -0.5977)
(0.403874 0 -0.594244)
(0.408561 0 -0.590714)
(0.413227 0 -0.587109)
(0.417869 0 -0.583431)
(0.422484 0 -0.579681)
(0.427071 0 -0.57586)
(0.431626 0 -0.57197)
(0.436145 0 -0.56801)
(0.440626 0 -0.563983)
(0.445063 0 -0.55989)
(0.449454 0 -0.55573)
(0.453793 0 -0.551505)
(0.458076 0 -0.547217)
(0.462298 0 -0.542865)
(0.466452 0 -0.53845)
(0.470534 0 -0.533973)
(0.474538 0 -0.529433)
(0.478455 0 -0.524831)
(0.48228 0 -0.520167)
(0.486004 0 -0.515439)
(0.489621 0 -0.510647)
(0.493122 0 -0.505789)
(0.496497 0 -0.500863)
(0.499738 0 -0.495866)
(0.502836 0 -0.490795)
(0.505781 0 -0.485647)
(0.508562 0 -0.480415)
(0.511169 0 -0.475095)
(0.513592 0 -0.469679)
(0.515819 0 -0.464159)
(0.51784 0 -0.458526)
(0.519644 0 -0.452769)
(0.52122 0 -0.446876)
(0.522558 0 -0.440832)
(0.523648 0 -0.434623)
(0.52448 0 -0.42823)
(0.525046 0 -0.421633)
(0.525338 0 -0.414811)
(0.52535 0 -0.407741)
(0.525076 0 -0.400395)
(0.524515 0 -0.392746)
(0.523665 0 -0.384763)
(0.522526 0 -0.376414)
(0.521102 0 -0.367663)
(0.519401 0 -0.358473)
(0.51743 0 -0.348807)
(0.515203 0 -0.338625)
(0.512736 0 -0.327885)
(0.510047 0 -0.316546)
(0.50716 0 -0.304566)
(0.504101 0 -0.291902)
(0.500899 0 -0.278514)
(0.497587 0 -0.26436)
(0.4942 0 -0.249402)
(0.490778 0 -0.233602)
(0.48736 0 -0.216926)
(0.483989 0 -0.19934)
(0.48071 0 -0.180814)
(0.477566 0 -0.161321)
(0.474605 0 -0.140836)
(0.471873 0 -0.119336)
(0.469417 0 -0.0968006)
(0.467282 0 -0.0732129)
(0.465514 0 -0.0485567)
(0.46416 0 -0.0228182)
(0.46326 0 0.00401443)
(0.462864 0 0.0319477)
(0.463008 0 0.0609796)
(0.463732 0 0.0911013)
(0.46507 0 0.122296)
(0.467051 0 0.15454)
(0.469698 0 0.187795)
(0.473027 0 0.222018)
(0.477047 0 0.25715)
(0.481758 0 0.293122)
(0.487153 0 0.329855)
(0.493215 0 0.367258)
(0.499917 0 0.405232)
(0.507228 0 0.443668)
(0.515105 0 0.482453)
(0.523502 0 0.521468)
(0.532365 0 0.560592)
(0.541638 0 0.599702)
(0.55126 0 0.638676)
(0.561167 0 0.677396)
(0.571296 0 0.715744)
(0.581583 0 0.753609)
(0.591964 0 0.790885)
(0.602378 0 0.82747)
(0.612764 0 0.86327)
(0.623066 0 0.898197)
(0.63323 0 0.93217)
(0.643205 0 0.965113)
(0.652945 0 0.996959)
(0.662408 0 1.02764)
(0.671554 0 1.05711)
(0.68035 0 1.08531)
(0.688765 0 1.1122)
(0.696774 0 1.13772)
(0.704355 0 1.16186)
(0.711493 0 1.18456)
(0.718145 0 1.2058)
(0.72423 0 1.22554)
(0.729864 0 1.24377)
(0.73773 0 1.26043)
(-0.000177087 0 -0.655728)
(-0.000526857 0 -0.6551)
(-0.000870778 0 -0.654415)
(-0.00120775 0 -0.653671)
(-0.00153767 0 -0.652867)
(-0.00186008 0 -0.652003)
(-0.00217444 0 -0.651082)
(-0.00248013 0 -0.650107)
(-0.00277654 0 -0.649078)
(-0.00306298 0 -0.648)
(-0.00333874 0 -0.646876)
(-0.00360303 0 -0.645707)
(-0.00385502 0 -0.644498)
(-0.00409382 0 -0.643253)
(-0.00431846 0 -0.641973)
(-0.00452791 0 -0.640665)
(-0.00472106 0 -0.639331)
(-0.00489674 0 -0.637975)
(-0.00505369 0 -0.636602)
(-0.00519056 0 -0.635216)
(-0.00530594 0 -0.633822)
(-0.00539831 0 -0.632424)
(-0.00546607 0 -0.631026)
(-0.00550753 0 -0.629634)
(-0.00552091 0 -0.628253)
(-0.00550434 0 -0.626887)
(-0.00545584 0 -0.62554)
(-0.00537334 0 -0.624219)
(-0.00525469 0 -0.622928)
(-0.00509763 0 -0.621672)
(-0.0048998 0 -0.620456)
(-0.00465875 0 -0.619285)
(-0.00437195 0 -0.618164)
(-0.00403676 0 -0.617098)
(-0.00365045 0 -0.616092)
(-0.00321021 0 -0.61515)
(-0.00271314 0 -0.614277)
(-0.00215628 0 -0.613479)
(-0.00153656 0 -0.612759)
(-0.000850856 0 -0.612122)
(-9.59923e-05 0 -0.611572)
(0.000731281 0 -0.611114)
(0.0016342 0 -0.610752)
(0.00261611 0 -0.610489)
(0.00368034 0 -0.610328)
(0.0048302 0 -0.610274)
(0.00606903 0 -0.61033)
(0.0074001 0 -0.610497)
(0.00882662 0 -0.610778)
(0.0103517 0 -0.611176)
(0.0119785 0 -0.611691)
(0.0137096 0 -0.612325)
(0.015548 0 -0.613078)
(0.0174959 0 -0.613949)
(0.0195557 0 -0.614939)
(0.0217292 0 -0.616044)
(0.024018 0 -0.617264)
(0.0264231 0 -0.618594)
(0.0289455 0 -0.620031)
(0.0315852 0 -0.621571)
(0.0343423 0 -0.623207)
(0.0372158 0 -0.624933)
(0.0402046 0 -0.626743)
(0.0433069 0 -0.628628)
(0.0465204 0 -0.630581)
(0.0498422 0 -0.632591)
(0.0532689 0 -0.634649)
(0.0567966 0 -0.636746)
(0.060421 0 -0.638871)
(0.0641373 0 -0.641013)
(0.0679405 0 -0.643163)
(0.0718251 0 -0.645309)
(0.0757856 0 -0.647441)
(0.0798162 0 -0.64955)
(0.0839111 0 -0.651626)
(0.0880643 0 -0.653659)
(0.0922702 0 -0.655641)
(0.096523 0 -0.657564)
(0.100817 0 -0.65942)
(0.105147 0 -0.661203)
(0.109508 0 -0.662906)
(0.113895 0 -0.664524)
(0.118304 0 -0.666053)
(0.122731 0 -0.667488)
(0.127171 0 -0.668825)
(0.131622 0 -0.670063)
(0.136079 0 -0.671197)
(0.140542 0 -0.672228)
(0.145006 0 -0.673152)
(0.14947 0 -0.67397)
(0.153933 0 -0.67468)
(0.158392 0 -0.675282)
(0.162847 0 -0.675776)
(0.167296 0 -0.676163)
(0.171738 0 -0.676442)
(0.176174 0 -0.676614)
(0.180603 0 -0.676681)
(0.185024 0 -0.676642)
(0.189437 0 -0.676498)
(0.193842 0 -0.676251)
(0.19824 0 -0.675902)
(0.202631 0 -0.67545)
(0.207014 0 -0.674898)
(0.211391 0 -0.674246)
(0.215761 0 -0.673495)
(0.220124 0 -0.672645)
(0.224482 0 -0.671699)
(0.228835 0 -0.670657)
(0.233182 0 -0.669518)
(0.237525 0 -0.668286)
(0.241863 0 -0.666959)
(0.246197 0 -0.665538)
(0.250528 0 -0.664026)
(0.254855 0 -0.662421)
(0.259178 0 -0.660724)
(0.263498 0 -0.658937)
(0.267815 0 -0.65706)
(0.272129 0 -0.655092)
(0.27644 0 -0.653036)
(0.280747 0 -0.65089)
(0.285051 0 -0.648656)
(0.289351 0 -0.646335)
(0.293647 0 -0.643926)
(0.297938 0 -0.64143)
(0.302225 0 -0.638847)
(0.306506 0 -0.636179)
(0.31078 0 -0.633425)
(0.315047 0 -0.630586)
(0.319306 0 -0.627662)
(0.323556 0 -0.624654)
(0.327796 0 -0.621563)
(0.332024 0 -0.618389)
(0.336239 0 -0.615133)
(0.34044 0 -0.611794)
(0.344624 0 -0.608374)
(0.34879 0 -0.604873)
(0.352936 0 -0.601293)
(0.357059 0 -0.597632)
(0.361157 0 -0.593892)
(0.365228 0 -0.590074)
(0.369268 0 -0.586178)
(0.373275 0 -0.582204)
(0.377246 0 -0.578153)
(0.381176 0 -0.574026)
(0.385062 0 -0.569822)
(0.3889 0 -0.565543)
(0.392686 0 -0.561187)
(0.396415 0 -0.556756)
(0.400083 0 -0.552249)
(0.403683 0 -0.547666)
(0.407211 0 -0.543006)
(0.410661 0 -0.538269)
(0.414027 0 -0.533455)
(0.417301 0 -0.52856)
(0.420479 0 -0.523585)
(0.423552 0 -0.518528)
(0.426512 0 -0.513385)
(0.429354 0 -0.508154)
(0.432067 0 -0.502831)
(0.434645 0 -0.497413)
(0.437078 0 -0.491895)
(0.439358 0 -0.486271)
(0.441477 0 -0.480535)
(0.443424 0 -0.474681)
(0.445191 0 -0.468698)
(0.44677 0 -0.462579)
(0.448151 0 -0.456313)
(0.449326 0 -0.449888)
(0.450285 0 -0.443291)
(0.451023 0 -0.436508)
(0.45153 0 -0.429522)
(0.451801 0 -0.422316)
(0.45183 0 -0.414872)
(0.451613 0 -0.407166)
(0.451145 0 -0.399179)
(0.450426 0 -0.390884)
(0.449454 0 -0.382256)
(0.448232 0 -0.373268)
(0.446763 0 -0.36389)
(0.445052 0 -0.354091)
(0.443108 0 -0.34384)
(0.440941 0 -0.333104)
(0.438564 0 -0.321848)
(0.435993 0 -0.310038)
(0.433247 0 -0.297639)
(0.430345 0 -0.284616)
(0.427313 0 -0.270934)
(0.424175 0 -0.25656)
(0.42096 0 -0.241459)
(0.417699 0 -0.225601)
(0.414423 0 -0.208954)
(0.411167 0 -0.19149)
(0.407967 0 -0.173181)
(0.404857 0 -0.154002)
(0.401876 0 -0.13393)
(0.399061 0 -0.112943)
(0.39645 0 -0.0910212)
(0.394081 0 -0.0681471)
(0.391994 0 -0.0443042)
(0.390226 0 -0.0194776)
(0.388812 0 0.00634572)
(0.387796 0 0.0331741)
(0.387211 0 0.0610101)
(0.387092 0 0.0898511)
(0.387474 0 0.119689)
(0.388385 0 0.150508)
(0.389852 0 0.182286)
(0.391896 0 0.21499)
(0.394534 0 0.248578)
(0.397777 0 0.283)
(0.401628 0 0.318193)
(0.406084 0 0.354086)
(0.411137 0 0.390597)
(0.416768 0 0.427637)
(0.422955 0 0.465108)
(0.429667 0 0.502907)
(0.43687 0 0.540924)
(0.444522 0 0.579049)
(0.452578 0 0.617167)
(0.460991 0 0.655165)
(0.46971 0 0.692931)
(0.478681 0 0.730354)
(0.487853 0 0.767326)
(0.497172 0 0.803746)
(0.506585 0 0.839514)
(0.51604 0 0.874537)
(0.525489 0 0.908728)
(0.534884 0 0.942004)
(0.54418 0 0.974289)
(0.553335 0 1.00551)
(0.562309 0 1.03561)
(0.571066 0 1.06452)
(0.579575 0 1.09219)
(0.587804 0 1.11856)
(0.59573 0 1.14359)
(0.603332 0 1.16725)
(0.610563 0 1.18948)
(0.617336 0 1.21025)
(0.623751 0 1.22953)
(0.632397 0 1.24728)
(-0.000371216 0 -0.654412)
(-0.00110878 0 -0.653799)
(-0.00183992 0 -0.65313)
(-0.00256346 0 -0.652403)
(-0.00327924 0 -0.651617)
(-0.00398676 0 -0.650773)
(-0.00468538 0 -0.649873)
(-0.00537443 0 -0.64892)
(-0.00605321 0 -0.647916)
(-0.00672098 0 -0.646865)
(-0.00737693 0 -0.645768)
(-0.0080202 0 -0.644629)
(-0.00864989 0 -0.643453)
(-0.00926501 0 -0.642242)
(-0.00986452 0 -0.640999)
(-0.0104473 0 -0.63973)
(-0.0110122 0 -0.638439)
(-0.0115579 0 -0.637129)
(-0.0120831 0 -0.635805)
(-0.0125863 0 -0.634471)
(-0.0130661 0 -0.633132)
(-0.0135208 0 -0.631794)
(-0.0139487 0 -0.63046)
(-0.0143482 0 -0.629137)
(-0.0147172 0 -0.627828)
(-0.0150539 0 -0.626539)
(-0.0153562 0 -0.625275)
(-0.0156219 0 -0.624041)
(-0.0158488 0 -0.622843)
(-0.0160345 0 -0.621685)
(-0.0161766 0 -0.620574)
(-0.0162726 0 -0.619513)
(-0.0163198 0 -0.618509)
(-0.0163156 0 -0.617566)
(-0.0162571 0 -0.61669)
(-0.0161414 0 -0.615885)
(-0.0159656 0 -0.615157)
(-0.0157267 0 -0.61451)
(-0.0154216 0 -0.613949)
(-0.015047 0 -0.613478)
(-0.0145998 0 -0.613103)
(-0.0140766 0 -0.612827)
(-0.0134743 0 -0.612655)
(-0.0127895 0 -0.61259)
(-0.0120189 0 -0.612636)
(-0.0111593 0 -0.612796)
(-0.0102072 0 -0.613073)
(-0.00915972 0 -0.61347)
(-0.0080136 0 -0.613988)
(-0.00676591 0 -0.61463)
(-0.00541384 0 -0.615396)
(-0.00395479 0 -0.616288)
(-0.00238636 0 -0.617304)
(-0.000706476 0 -0.618444)
(0.00108677 0 -0.619706)
(0.00299451 0 -0.621089)
(0.00501787 0 -0.622587)
(0.00715745 0 -0.624198)
(0.0094133 0 -0.625917)
(0.011785 0 -0.627736)
(0.0142715 0 -0.629651)
(0.0168714 0 -0.631652)
(0.0195826 0 -0.633732)
(0.0224024 0 -0.635882)
(0.0253277 0 -0.638091)
(0.0283546 0 -0.64035)
(0.0314789 0 -0.642647)
(0.0346958 0 -0.644972)
(0.0380002 0 -0.647312)
(0.0413866 0 -0.649658)
(0.0448494 0 -0.651997)
(0.0483827 0 -0.65432)
(0.0519804 0 -0.656614)
(0.0556365 0 -0.65887)
(0.0593449 0 -0.661079)
(0.0630996 0 -0.663231)
(0.0668949 0 -0.665318)
(0.0707252 0 -0.667333)
(0.074585 0 -0.669268)
(0.0784695 0 -0.671117)
(0.0823739 0 -0.672875)
(0.086294 0 -0.674538)
(0.0902259 0 -0.676102)
(0.0941659 0 -0.677563)
(0.0981109 0 -0.678918)
(0.102058 0 -0.680166)
(0.106005 0 -0.681306)
(0.10995 0 -0.682335)
(0.11389 0 -0.683254)
(0.117825 0 -0.684062)
(0.121753 0 -0.68476)
(0.125674 0 -0.685347)
(0.129586 0 -0.685824)
(0.133489 0 -0.686192)
(0.137384 0 -0.686451)
(0.141269 0 -0.686604)
(0.145145 0 -0.68665)
(0.149011 0 -0.68659)
(0.152869 0 -0.686426)
(0.156719 0 -0.68616)
(0.16056 0 -0.685791)
(0.164394 0 -0.685321)
(0.16822 0 -0.684752)
(0.17204 0 -0.684083)
(0.175853 0 -0.683317)
(0.17966 0 -0.682454)
(0.183462 0 -0.681494)
(0.18726 0 -0.68044)
(0.191052 0 -0.67929)
(0.194841 0 -0.678047)
(0.198626 0 -0.676711)
(0.202408 0 -0.675282)
(0.206186 0 -0.673761)
(0.209962 0 -0.672148)
(0.213734 0 -0.670445)
(0.217505 0 -0.66865)
(0.221272 0 -0.666766)
(0.225037 0 -0.664791)
(0.2288 0 -0.662727)
(0.232559 0 -0.660574)
(0.236315 0 -0.658332)
(0.240068 0 -0.656001)
(0.243817 0 -0.653582)
(0.247561 0 -0.651074)
(0.251301 0 -0.648479)
(0.255034 0 -0.645796)
(0.258762 0 -0.643026)
(0.262481 0 -0.640168)
(0.266193 0 -0.637223)
(0.269895 0 -0.634192)
(0.273587 0 -0.631074)
(0.277266 0 -0.627869)
(0.280932 0 -0.624578)
(0.284582 0 -0.621202)
(0.288216 0 -0.61774)
(0.291831 0 -0.614192)
(0.295425 0 -0.610558)
(0.298996 0 -0.60684)
(0.302542 0 -0.603036)
(0.306059 0 -0.599147)
(0.309545 0 -0.595174)
(0.312998 0 -0.591115)
(0.316414 0 -0.586971)
(0.319789 0 -0.582742)
(0.32312 0 -0.578427)
(0.326404 0 -0.574027)
(0.329636 0 -0.569541)
(0.332811 0 -0.564967)
(0.335926 0 -0.560307)
(0.338976 0 -0.555558)
(0.341955 0 -0.550719)
(0.344858 0 -0.54579)
(0.347679 0 -0.540768)
(0.350414 0 -0.535652)
(0.353055 0 -0.530439)
(0.355597 0 -0.525127)
(0.358033 0 -0.519713)
(0.360356 0 -0.514194)
(0.362559 0 -0.508564)
(0.364635 0 -0.502821)
(0.366577 0 -0.496958)
(0.368378 0 -0.490971)
(0.370029 0 -0.484852)
(0.371523 0 -0.478594)
(0.372854 0 -0.472189)
(0.374013 0 -0.465628)
(0.374993 0 -0.458902)
(0.375788 0 -0.451998)
(0.37639 0 -0.444905)
(0.376794 0 -0.43761)
(0.376993 0 -0.430098)
(0.376983 0 -0.422353)
(0.37676 0 -0.414358)
(0.376319 0 -0.406096)
(0.37566 0 -0.397546)
(0.374779 0 -0.388687)
(0.373679 0 -0.379497)
(0.372361 0 -0.369953)
(0.370827 0 -0.360029)
(0.369082 0 -0.349701)
(0.367135 0 -0.33894)
(0.364992 0 -0.327719)
(0.362666 0 -0.31601)
(0.360168 0 -0.303783)
(0.357513 0 -0.29101)
(0.354719 0 -0.27766)
(0.351805 0 -0.263704)
(0.34879 0 -0.249113)
(0.345698 0 -0.233859)
(0.342553 0 -0.217913)
(0.339381 0 -0.20125)
(0.33621 0 -0.183843)
(0.333067 0 -0.165668)
(0.329983 0 -0.146702)
(0.326987 0 -0.126924)
(0.32411 0 -0.106313)
(0.321385 0 -0.0848501)
(0.318843 0 -0.0625184)
(0.316516 0 -0.0393018)
(0.314439 0 -0.0151857)
(0.312636 0 0.00984301)
(0.311153 0 0.0357926)
(0.310014 0 0.0626677)
(0.309254 0 0.0904693)
(0.308902 0 0.119194)
(0.308989 0 0.148832)
(0.309541 0 0.179368)
(0.310582 0 0.210779)
(0.312131 0 0.243035)
(0.314206 0 0.276097)
(0.316818 0 0.309917)
(0.319973 0 0.344437)
(0.323673 0 0.37959)
(0.327912 0 0.415304)
(0.33268 0 0.451494)
(0.337961 0 0.488071)
(0.343733 0 0.52494)
(0.349971 0 0.562001)
(0.356642 0 0.599149)
(0.363712 0 0.63628)
(0.371142 0 0.673288)
(0.378892 0 0.710065)
(0.386919 0 0.746508)
(0.39518 0 0.782514)
(0.403629 0 0.817985)
(0.412223 0 0.852825)
(0.420917 0 0.886944)
(0.429668 0 0.920255)
(0.438435 0 0.952678)
(0.447178 0 0.984135)
(0.455859 0 1.01456)
(0.464442 0 1.04387)
(0.472894 0 1.07203)
(0.481182 0 1.09895)
(0.489281 0 1.12461)
(0.497166 0 1.14894)
(0.504788 0 1.1719)
(0.512056 0 1.19345)
(0.519058 0 1.21355)
(0.528279 0 1.23216)
(-0.000561608 0 -0.652174)
(-0.00167951 0 -0.651577)
(-0.00279044 0 -0.650925)
(-0.00389316 0 -0.650217)
(-0.00498746 0 -0.649451)
(-0.00607276 0 -0.648628)
(-0.00714836 0 -0.647752)
(-0.00821353 0 -0.646824)
(-0.00926748 0 -0.645847)
(-0.0103094 0 -0.644824)
(-0.0113384 0 -0.643758)
(-0.0123536 0 -0.642652)
(-0.013354 0 -0.641511)
(-0.0143385 0 -0.640337)
(-0.015306 0 -0.639136)
(-0.0162552 0 -0.63791)
(-0.0171851 0 -0.636665)
(-0.0180941 0 -0.635405)
(-0.0189809 0 -0.634134)
(-0.019844 0 -0.632857)
(-0.0206818 0 -0.631579)
(-0.0214925 0 -0.630305)
(-0.0222745 0 -0.62904)
(-0.0230259 0 -0.62779)
(-0.0237447 0 -0.626559)
(-0.0244289 0 -0.625353)
(-0.0250764 0 -0.624177)
(-0.0256849 0 -0.623037)
(-0.0262521 0 -0.621938)
(-0.0267757 0 -0.620885)
(-0.027253 0 -0.619885)
(-0.0276815 0 -0.618941)
(-0.0280585 0 -0.618061)
(-0.0283813 0 -0.617249)
(-0.028647 0 -0.61651)
(-0.0288527 0 -0.615849)
(-0.0289954 0 -0.615273)
(-0.029072 0 -0.614785)
(-0.0290793 0 -0.61439)
(-0.0290143 0 -0.614094)
(-0.0288737 0 -0.613901)
(-0.0286542 0 -0.613815)
(-0.0283526 0 -0.613841)
(-0.0279657 0 -0.613982)
(-0.0274901 0 -0.614241)
(-0.0269228 0 -0.614623)
(-0.0262606 0 -0.615129)
(-0.0255005 0 -0.615762)
(-0.0246396 0 -0.616524)
(-0.0236752 0 -0.617415)
(-0.0226048 0 -0.618438)
(-0.021426 0 -0.619591)
(-0.020137 0 -0.620874)
(-0.018736 0 -0.622285)
(-0.0172219 0 -0.623821)
(-0.0155937 0 -0.625479)
(-0.0138511 0 -0.627255)
(-0.0119942 0 -0.629143)
(-0.0100236 0 -0.631138)
(-0.00794047 0 -0.633231)
(-0.00574671 0 -0.635415)
(-0.00344465 0 -0.637681)
(-0.00103726 0 -0.640018)
(0.00147215 0 -0.642418)
(0.00407887 0 -0.644867)
(0.0067786 0 -0.647354)
(0.00956631 0 -0.649869)
(0.0124366 0 -0.652398)
(0.0153836 0 -0.654929)
(0.0184014 0 -0.657452)
(0.0214838 0 -0.659953)
(0.0246247 0 -0.662423)
(0.0278179 0 -0.664851)
(0.0310571 0 -0.667225)
(0.0343362 0 -0.669537)
(0.0376495 0 -0.671779)
(0.0409913 0 -0.673942)
(0.0443564 0 -0.67602)
(0.04774 0 -0.678006)
(0.0511374 0 -0.679896)
(0.0545448 0 -0.681685)
(0.0579583 0 -0.683369)
(0.0613747 0 -0.684945)
(0.0647912 0 -0.686412)
(0.0682052 0 -0.687766)
(0.0716147 0 -0.689008)
(0.0750178 0 -0.690137)
(0.0784132 0 -0.691152)
(0.0817997 0 -0.692053)
(0.0851765 0 -0.692841)
(0.0885429 0 -0.693516)
(0.0918987 0 -0.69408)
(0.0952436 0 -0.694533)
(0.0985777 0 -0.694876)
(0.101901 0 -0.695112)
(0.105214 0 -0.69524)
(0.108517 0 -0.695263)
(0.11181 0 -0.695181)
(0.115094 0 -0.694996)
(0.11837 0 -0.694709)
(0.121637 0 -0.694321)
(0.124897 0 -0.693833)
(0.12815 0 -0.693247)
(0.131397 0 -0.692564)
(0.134639 0 -0.691783)
(0.137875 0 -0.690908)
(0.141107 0 -0.689937)
(0.144335 0 -0.688872)
(0.147559 0 -0.687713)
(0.15078 0 -0.686462)
(0.153998 0 -0.685118)
(0.157213 0 -0.683682)
(0.160426 0 -0.682155)
(0.163637 0 -0.680536)
(0.166846 0 -0.678827)
(0.170054 0 -0.677027)
(0.173259 0 -0.675137)
(0.176462 0 -0.673157)
(0.179662 0 -0.671087)
(0.182861 0 -0.668927)
(0.186056 0 -0.666677)
(0.189249 0 -0.664338)
(0.192438 0 -0.661909)
(0.195622 0 -0.65939)
(0.198802 0 -0.656782)
(0.201976 0 -0.654084)
(0.205143 0 -0.651297)
(0.208304 0 -0.64842)
(0.211456 0 -0.645454)
(0.214598 0 -0.642398)
(0.217729 0 -0.639252)
(0.220848 0 -0.636017)
(0.223954 0 -0.632692)
(0.227044 0 -0.629276)
(0.230117 0 -0.62577)
(0.233171 0 -0.622175)
(0.236204 0 -0.618488)
(0.239214 0 -0.614711)
(0.242199 0 -0.610842)
(0.245155 0 -0.606883)
(0.248081 0 -0.602831)
(0.250973 0 -0.598688)
(0.253829 0 -0.594451)
(0.256645 0 -0.590121)
(0.259418 0 -0.585698)
(0.262145 0 -0.581179)
(0.264821 0 -0.576564)
(0.267443 0 -0.571853)
(0.270006 0 -0.567043)
(0.272506 0 -0.562133)
(0.274939 0 -0.557123)
(0.277299 0 -0.552009)
(0.279582 0 -0.546789)
(0.281783 0 -0.541462)
(0.283896 0 -0.536024)
(0.285915 0 -0.530473)
(0.287835 0 -0.524805)
(0.289651 0 -0.519015)
(0.291355 0 -0.513101)
(0.292942 0 -0.507056)
(0.294405 0 -0.500876)
(0.295739 0 -0.494555)
(0.296937 0 -0.488085)
(0.297993 0 -0.48146)
(0.2989 0 -0.474673)
(0.299652 0 -0.467713)
(0.300244 0 -0.460572)
(0.300669 0 -0.45324)
(0.300923 0 -0.445705)
(0.301001 0 -0.437955)
(0.300897 0 -0.429976)
(0.300609 0 -0.421755)
(0.300133 0 -0.413277)
(0.299465 0 -0.404525)
(0.298606 0 -0.395483)
(0.297554 0 -0.386131)
(0.29631 0 -0.37645)
(0.294874 0 -0.366421)
(0.293251 0 -0.356021)
(0.291444 0 -0.34523)
(0.289459 0 -0.334023)
(0.287304 0 -0.322377)
(0.284986 0 -0.310268)
(0.282517 0 -0.297671)
(0.279908 0 -0.284562)
(0.277173 0 -0.270914)
(0.274327 0 -0.256702)
(0.271388 0 -0.241903)
(0.268373 0 -0.22649)
(0.265301 0 -0.21044)
(0.262195 0 -0.193729)
(0.259077 0 -0.176335)
(0.255968 0 -0.158235)
(0.252895 0 -0.139408)
(0.249881 0 -0.119836)
(0.246953 0 -0.0994987)
(0.244137 0 -0.0783793)
(0.241459 0 -0.0564614)
(0.238948 0 -0.0337299)
(0.236633 0 -0.0101711)
(0.234533 0 0.014227)
(0.232692 0 0.0394715)
(0.23113 0 0.0655679)
(0.229878 0 0.0925187)
(0.228964 0 0.120323)
(0.228416 0 0.148975)
(0.22826 0 0.178463)
(0.22852 0 0.208773)
(0.229219 0 0.239879)
(0.230375 0 0.271751)
(0.232005 0 0.304352)
(0.23412 0 0.337634)
(0.236729 0 0.371545)
(0.239836 0 0.40602)
(0.243439 0 0.44099)
(0.247533 0 0.476378)
(0.252106 0 0.512101)
(0.257144 0 0.548068)
(0.262628 0 0.584189)
(0.268532 0 0.620365)
(0.274831 0 0.656498)
(0.281493 0 0.692488)
(0.288487 0 0.728236)
(0.295776 0 0.763643)
(0.303326 0 0.798611)
(0.311099 0 0.833047)
(0.319057 0 0.866858)
(0.327163 0 0.899959)
(0.33538 0 0.932264)
(0.343671 0 0.963694)
(0.352001 0 0.994175)
(0.360334 0 1.02364)
(0.368639 0 1.05201)
(0.376883 0 1.07923)
(0.385038 0 1.10525)
(0.39308 0 1.13001)
(0.400957 0 1.15346)
(0.408578 0 1.17555)
(0.416017 0 1.19626)
(0.425656 0 1.21552)
(-0.00074825 0 -0.649031)
(-0.00223902 0 -0.648451)
(-0.0037223 0 -0.647818)
(-0.00519681 0 -0.64713)
(-0.00666227 0 -0.646386)
(-0.00811804 0 -0.645587)
(-0.00956335 0 -0.644735)
(-0.0109974 0 -0.643834)
(-0.0124194 0 -0.642886)
(-0.0138283 0 -0.641894)
(-0.0152233 0 -0.640862)
(-0.0166034 0 -0.639792)
(-0.0179675 0 -0.638689)
(-0.0193145 0 -0.637557)
(-0.0206432 0 -0.636399)
(-0.0219523 0 -0.635221)
(-0.0232404 0 -0.634026)
(-0.0245063 0 -0.632819)
(-0.0257483 0 -0.631605)
(-0.0269649 0 -0.630389)
(-0.0281545 0 -0.629176)
(-0.0293152 0 -0.627971)
(-0.0304454 0 -0.62678)
(-0.031543 0 -0.625608)
(-0.032606 0 -0.62446)
(-0.0336323 0 -0.623343)
(-0.0346198 0 -0.62226)
(-0.0355662 0 -0.621219)
(-0.036469 0 -0.620225)
(-0.0373259 0 -0.619283)
(-0.0381342 0 -0.6184)
(-0.0388914 0 -0.61758)
(-0.0395947 0 -0.616829)
(-0.0402414 0 -0.616154)
(-0.0408285 0 -0.615558)
(-0.0413531 0 -0.615049)
(-0.0418122 0 -0.61463)
(-0.0422028 0 -0.614308)
(-0.0425217 0 -0.614087)
(-0.0427658 0 -0.613972)
(-0.0429319 0 -0.613967)
(-0.0430168 0 -0.614078)
(-0.0430174 0 -0.614308)
(-0.0429305 0 -0.61466)
(-0.0427529 0 -0.615139)
(-0.0424818 0 -0.615747)
(-0.0421141 0 -0.616487)
(-0.0416471 0 -0.61736)
(-0.0410781 0 -0.618369)
(-0.0404047 0 -0.619514)
(-0.0396248 0 -0.620795)
(-0.0387366 0 -0.622211)
(-0.0377385 0 -0.62376)
(-0.0366294 0 -0.625441)
(-0.0354086 0 -0.627248)
(-0.034076 0 -0.629179)
(-0.0326317 0 -0.631226)
(-0.0310768 0 -0.633385)
(-0.0294126 0 -0.635646)
(-0.0276412 0 -0.638001)
(-0.0257653 0 -0.640441)
(-0.023788 0 -0.642955)
(-0.0217133 0 -0.645532)
(-0.0195456 0 -0.64816)
(-0.0172897 0 -0.650827)
(-0.014951 0 -0.65352)
(-0.0125351 0 -0.656226)
(-0.010048 0 -0.658933)
(-0.00749584 0 -0.661628)
(-0.00488499 0 -0.664299)
(-0.00222187 0 -0.666934)
(0.000487329 0 -0.669522)
(0.00323605 0 -0.672053)
(0.00601813 0 -0.674515)
(0.00882801 0 -0.676902)
(0.0116602 0 -0.679204)
(0.0145095 0 -0.681415)
(0.0173714 0 -0.68353)
(0.0202415 0 -0.685542)
(0.023116 0 -0.687448)
(0.0259916 0 -0.689245)
(0.0288651 0 -0.69093)
(0.0317342 0 -0.6925)
(0.0345967 0 -0.693955)
(0.0374507 0 -0.695294)
(0.0402948 0 -0.696516)
(0.043128 0 -0.697621)
(0.0459493 0 -0.698611)
(0.0487584 0 -0.699485)
(0.0515549 0 -0.700245)
(0.0543388 0 -0.700892)
(0.0571101 0 -0.701428)
(0.0598692 0 -0.701853)
(0.0626164 0 -0.702169)
(0.0653522 0 -0.702378)
(0.0680772 0 -0.702481)
(0.070792 0 -0.702479)
(0.0734973 0 -0.702375)
(0.0761937 0 -0.702169)
(0.0788821 0 -0.701862)
(0.081563 0 -0.701456)
(0.0842373 0 -0.700953)
(0.0869055 0 -0.700352)
(0.0895684 0 -0.699655)
(0.0922266 0 -0.698863)
(0.0948806 0 -0.697976)
(0.097531 0 -0.696996)
(0.100178 0 -0.695923)
(0.102823 0 -0.694758)
(0.105465 0 -0.6935)
(0.108106 0 -0.692151)
(0.110744 0 -0.69071)
(0.113381 0 -0.689178)
(0.116017 0 -0.687556)
(0.118651 0 -0.685843)
(0.121284 0 -0.684039)
(0.123916 0 -0.682145)
(0.126546 0 -0.68016)
(0.129175 0 -0.678085)
(0.131801 0 -0.675919)
(0.134425 0 -0.673662)
(0.137046 0 -0.671315)
(0.139663 0 -0.668877)
(0.142277 0 -0.666348)
(0.144886 0 -0.663727)
(0.147489 0 -0.661015)
(0.150087 0 -0.658212)
(0.152676 0 -0.655316)
(0.155258 0 -0.652328)
(0.15783 0 -0.649248)
(0.160391 0 -0.646074)
(0.16294 0 -0.642808)
(0.165475 0 -0.639447)
(0.167996 0 -0.635993)
(0.170499 0 -0.632444)
(0.172983 0 -0.6288)
(0.175447 0 -0.625061)
(0.177888 0 -0.621226)
(0.180304 0 -0.617294)
(0.182693 0 -0.613264)
(0.185052 0 -0.609136)
(0.187378 0 -0.60491)
(0.189669 0 -0.600583)
(0.191922 0 -0.596155)
(0.194133 0 -0.591626)
(0.196299 0 -0.586992)
(0.198417 0 -0.582255)
(0.200484 0 -0.57741)
(0.202495 0 -0.572458)
(0.204446 0 -0.567396)
(0.206334 0 -0.562222)
(0.208153 0 -0.556934)
(0.2099 0 -0.551529)
(0.211571 0 -0.546004)
(0.213159 0 -0.540356)
(0.214661 0 -0.534582)
(0.216072 0 -0.528678)
(0.217385 0 -0.52264)
(0.218597 0 -0.516463)
(0.219702 0 -0.510142)
(0.220694 0 -0.503672)
(0.221568 0 -0.497046)
(0.222319 0 -0.490259)
(0.222942 0 -0.483303)
(0.223432 0 -0.476171)
(0.223783 0 -0.468854)
(0.223991 0 -0.461343)
(0.22405 0 -0.453628)
(0.223957 0 -0.4457)
(0.223708 0 -0.437547)
(0.2233 0 -0.429157)
(0.222728 0 -0.420517)
(0.221991 0 -0.411613)
(0.221087 0 -0.402432)
(0.220014 0 -0.392958)
(0.218773 0 -0.383174)
(0.217363 0 -0.373065)
(0.215787 0 -0.362612)
(0.214047 0 -0.351797)
(0.212146 0 -0.3406)
(0.21009 0 -0.329002)
(0.207884 0 -0.316983)
(0.205534 0 -0.304521)
(0.203051 0 -0.291595)
(0.200444 0 -0.278184)
(0.197723 0 -0.264266)
(0.194901 0 -0.249819)
(0.191992 0 -0.234821)
(0.189011 0 -0.219251)
(0.185974 0 -0.203087)
(0.182898 0 -0.18631)
(0.179801 0 -0.168898)
(0.176703 0 -0.150831)
(0.173624 0 -0.132093)
(0.170584 0 -0.112663)
(0.167606 0 -0.0925258)
(0.164712 0 -0.0716649)
(0.161924 0 -0.0500654)
(0.159267 0 -0.0277134)
(0.156766 0 -0.00459587)
(0.154436 0 0.0192964)
(0.152319 0 0.0439675)
(0.150432 0 0.0694237)
(0.148803 0 0.0956686)
(0.147458 0 0.122702)
(0.146424 0 0.150521)
(0.145724 0 0.179117)
(0.145383 0 0.208478)
(0.145423 0 0.238584)
(0.145865 0 0.269411)
(0.146727 0 0.300929)
(0.148024 0 0.333097)
(0.14977 0 0.365872)
(0.151974 0 0.3992)
(0.154641 0 0.433021)
(0.157772 0 0.467269)
(0.161366 0 0.501871)
(0.165415 0 0.536748)
(0.16991 0 0.571818)
(0.174835 0 0.606992)
(0.180173 0 0.64218)
(0.185903 0 0.67729)
(0.192 0 0.712228)
(0.198437 0 0.746899)
(0.205187 0 0.781211)
(0.21222 0 0.81507)
(0.219505 0 0.848389)
(0.227009 0 0.88108)
(0.234701 0 0.913059)
(0.242548 0 0.944246)
(0.250517 0 0.974564)
(0.258575 0 1.00394)
(0.266692 0 1.03231)
(0.274837 0 1.0596)
(0.282982 0 1.08576)
(0.291099 0 1.11072)
(0.29914 0 1.13444)
(0.307013 0 1.15686)
(0.314783 0 1.17795)
(0.324723 0 1.19766)
(-0.000931156 0 -0.645002)
(-0.00278735 0 -0.64444)
(-0.00463558 0 -0.643827)
(-0.00647452 0 -0.643161)
(-0.00830382 0 -0.64244)
(-0.0101228 0 -0.641666)
(-0.0119306 0 -0.640841)
(-0.0137264 0 -0.639969)
(-0.0155092 0 -0.639052)
(-0.0172782 0 -0.638094)
(-0.0190322 0 -0.637097)
(-0.0207703 0 -0.636066)
(-0.0224913 0 -0.635004)
(-0.0241941 0 -0.633916)
(-0.0258772 0 -0.632805)
(-0.0275396 0 -0.631677)
(-0.0291796 0 -0.630536)
(-0.0307959 0 -0.629386)
(-0.032387 0 -0.628233)
(-0.0339511 0 -0.627082)
(-0.0354865 0 -0.625938)
(-0.0369915 0 -0.624807)
(-0.0384642 0 -0.623694)
(-0.0399026 0 -0.622604)
(-0.0413047 0 -0.621545)
(-0.0426682 0 -0.62052)
(-0.043991 0 -0.619536)
(-0.0452707 0 -0.618599)
(-0.046505 0 -0.617715)
(-0.0476914 0 -0.616889)
(-0.0488272 0 -0.616127)
(-0.0499098 0 -0.615436)
(-0.0509366 0 -0.614821)
(-0.0519046 0 -0.614288)
(-0.0528111 0 -0.613842)
(-0.0536531 0 -0.613488)
(-0.0544276 0 -0.613233)
(-0.0551317 0 -0.613082)
(-0.0557621 0 -0.613039)
(-0.056316 0 -0.61311)
(-0.0567902 0 -0.613299)
(-0.0571815 0 -0.61361)
(-0.057487 0 -0.614048)
(-0.0577037 0 -0.614617)
(-0.0578286 0 -0.615318)
(-0.0578589 0 -0.616156)
(-0.057792 0 -0.617132)
(-0.0576254 0 -0.618248)
(-0.0573567 0 -0.619505)
(-0.0569841 0 -0.620903)
(-0.0565056 0 -0.622442)
(-0.0559201 0 -0.624118)
(-0.0552264 0 -0.625931)
(-0.0544242 0 -0.627876)
(-0.0535133 0 -0.629949)
(-0.0524943 0 -0.632144)
(-0.0513682 0 -0.634453)
(-0.0501367 0 -0.63687)
(-0.048802 0 -0.639384)
(-0.0473671 0 -0.641985)
(-0.0458355 0 -0.644663)
(-0.0442112 0 -0.647406)
(-0.0424988 0 -0.650201)
(-0.0407035 0 -0.653034)
(-0.0388309 0 -0.655894)
(-0.0368868 0 -0.658766)
(-0.0348773 0 -0.661636)
(-0.032809 0 -0.664492)
(-0.0306882 0 -0.66732)
(-0.0285214 0 -0.670109)
(-0.0263151 0 -0.672846)
(-0.0240756 0 -0.675521)
(-0.0218089 0 -0.678124)
(-0.0195205 0 -0.680646)
(-0.0172158 0 -0.683078)
(-0.0148997 0 -0.685414)
(-0.0125765 0 -0.687649)
(-0.0102504 0 -0.689777)
(-0.00792494 0 -0.691793)
(-0.00560317 0 -0.693696)
(-0.00328778 0 -0.695483)
(-0.000981009 0 -0.697151)
(0.00131554 0 -0.698701)
(0.00359984 0 -0.700131)
(0.00587111 0 -0.701442)
(0.00812861 0 -0.702634)
(0.0103718 0 -0.703707)
(0.0126006 0 -0.704664)
(0.0148149 0 -0.705506)
(0.017015 0 -0.706233)
(0.0192011 0 -0.706848)
(0.0213739 0 -0.707352)
(0.0235339 0 -0.707747)
(0.0256818 0 -0.708035)
(0.0278183 0 -0.708217)
(0.0299443 0 -0.708295)
(0.0320605 0 -0.70827)
(0.0341678 0 -0.708144)
(0.036267 0 -0.707918)
(0.0383589 0 -0.707594)
(0.0404444 0 -0.707172)
(0.042524 0 -0.706654)
(0.0445986 0 -0.706041)
(0.0466688 0 -0.705333)
(0.0487353 0 -0.704532)
(0.0507986 0 -0.703637)
(0.0528592 0 -0.70265)
(0.0549177 0 -0.701572)
(0.0569743 0 -0.700401)
(0.0590295 0 -0.699139)
(0.0610835 0 -0.697787)
(0.0631366 0 -0.696343)
(0.0651889 0 -0.694809)
(0.0672404 0 -0.693184)
(0.0692911 0 -0.691468)
(0.0713411 0 -0.689662)
(0.0733902 0 -0.687765)
(0.0754381 0 -0.685777)
(0.0774847 0 -0.683697)
(0.0795296 0 -0.681527)
(0.0815723 0 -0.679264)
(0.0836125 0 -0.67691)
(0.0856495 0 -0.674463)
(0.0876826 0 -0.671924)
(0.0897113 0 -0.669291)
(0.0917347 0 -0.666565)
(0.0937518 0 -0.663745)
(0.0957619 0 -0.660831)
(0.0977637 0 -0.657822)
(0.0997562 0 -0.654717)
(0.101738 0 -0.651516)
(0.103708 0 -0.648219)
(0.105665 0 -0.644824)
(0.107607 0 -0.641332)
(0.109532 0 -0.637741)
(0.111439 0 -0.63405)
(0.113326 0 -0.630259)
(0.115191 0 -0.626367)
(0.117032 0 -0.622373)
(0.118847 0 -0.618276)
(0.120633 0 -0.614075)
(0.122388 0 -0.609768)
(0.124109 0 -0.605355)
(0.125793 0 -0.600834)
(0.127439 0 -0.596203)
(0.129042 0 -0.591461)
(0.130599 0 -0.586607)
(0.132108 0 -0.581637)
(0.133565 0 -0.576551)
(0.134967 0 -0.571346)
(0.136309 0 -0.566019)
(0.137587 0 -0.560569)
(0.138799 0 -0.554991)
(0.13994 0 -0.549283)
(0.141006 0 -0.543441)
(0.141992 0 -0.537462)
(0.142895 0 -0.531342)
(0.143709 0 -0.525076)
(0.144431 0 -0.51866)
(0.145056 0 -0.512088)
(0.14558 0 -0.505355)
(0.145997 0 -0.498456)
(0.146304 0 -0.491383)
(0.146495 0 -0.48413)
(0.146568 0 -0.476689)
(0.146518 0 -0.469053)
(0.14634 0 -0.461213)
(0.146031 0 -0.45316)
(0.145587 0 -0.444884)
(0.145006 0 -0.436375)
(0.144284 0 -0.427622)
(0.143419 0 -0.418614)
(0.142409 0 -0.409337)
(0.141253 0 -0.39978)
(0.139949 0 -0.389928)
(0.138499 0 -0.379768)
(0.136902 0 -0.369284)
(0.135159 0 -0.358461)
(0.133274 0 -0.347282)
(0.131248 0 -0.335731)
(0.129086 0 -0.32379)
(0.126793 0 -0.311443)
(0.124374 0 -0.298669)
(0.121838 0 -0.285452)
(0.119191 0 -0.271772)
(0.116443 0 -0.25761)
(0.113605 0 -0.242948)
(0.110687 0 -0.227766)
(0.107701 0 -0.212045)
(0.104662 0 -0.195767)
(0.101584 0 -0.178913)
(0.0984808 0 -0.161466)
(0.09537 0 -0.143408)
(0.0922682 0 -0.124722)
(0.0891931 0 -0.105392)
(0.086163 0 -0.0854038)
(0.0831969 0 -0.0647415)
(0.0803147 0 -0.0433925)
(0.0775382 0 -0.0213443)
(0.074883 0 0.00141519)
(0.072381 0 0.0248905)
(0.0700532 0 0.0490848)
(0.0679201 0 0.0740044)
(0.0660066 0 0.0996529)
(0.0643369 0 0.126031)
(0.062935 0 0.153135)
(0.0618241 0 0.18096)
(0.0610273 0 0.209494)
(0.0605668 0 0.238722)
(0.0604634 0 0.268622)
(0.0607367 0 0.299169)
(0.0614043 0 0.330331)
(0.0624815 0 0.362067)
(0.0639813 0 0.394333)
(0.0659137 0 0.427076)
(0.0682855 0 0.46024)
(0.0711001 0 0.493759)
(0.0743578 0 0.527565)
(0.078055 0 0.561583)
(0.0821847 0 0.595735)
(0.0867363 0 0.629938)
(0.0916952 0 0.664107)
(0.0970438 0 0.698155)
(0.102763 0 0.731992)
(0.108833 0 0.76553)
(0.115231 0 0.798682)
(0.121931 0 0.831362)
(0.128907 0 0.863485)
(0.136132 0 0.894969)
(0.143576 0 0.925735)
(0.151211 0 0.955707)
(0.159007 0 0.984811)
(0.166934 0 1.01298)
(0.174963 0 1.04014)
(0.183067 0 1.06624)
(0.191219 0 1.09121)
(0.19937 0 1.11501)
(0.20743 0 1.13757)
(0.215455 0 1.15886)
(0.225614 0 1.17883)
(-0.00111035 0 -0.640104)
(-0.00332458 0 -0.639562)
(-0.00553042 0 -0.63897)
(-0.0077265 0 -0.638326)
(-0.0099124 0 -0.63763)
(-0.0120874 0 -0.636882)
(-0.0142506 0 -0.636087)
(-0.016401 0 -0.635246)
(-0.0185378 0 -0.634362)
(-0.0206598 0 -0.633439)
(-0.022766 0 -0.632481)
(-0.0248553 0 -0.63149)
(-0.0269266 0 -0.630472)
(-0.0289785 0 -0.629431)
(-0.0310097 0 -0.62837)
(-0.0330189 0 -0.627295)
(-0.0350046 0 -0.62621)
(-0.0369653 0 -0.625121)
(-0.0388994 0 -0.624032)
(-0.0408052 0 -0.62295)
(-0.042681 0 -0.621879)
(-0.0445248 0 -0.620825)
(-0.0463348 0 -0.619794)
(-0.048109 0 -0.618791)
(-0.0498453 0 -0.617823)
(-0.0515415 0 -0.616895)
(-0.0531953 0 -0.616014)
(-0.0548045 0 -0.615186)
(-0.0563666 0 -0.614416)
(-0.0578791 0 -0.61371)
(-0.0593394 0 -0.613075)
(-0.060745 0 -0.612517)
(-0.062093 0 -0.612042)
(-0.0633808 0 -0.611655)
(-0.0646055 0 -0.611362)
(-0.0657642 0 -0.611169)
(-0.066854 0 -0.611082)
(-0.0678719 0 -0.611105)
(-0.0688151 0 -0.611245)
(-0.0696804 0 -0.611505)
(-0.0704651 0 -0.61189)
(-0.071166 0 -0.612406)
(-0.0717805 0 -0.613054)
(-0.0723056 0 -0.61384)
(-0.0727387 0 -0.614766)
(-0.0730773 0 -0.615835)
(-0.0733189 0 -0.617047)
(-0.0734615 0 -0.618405)
(-0.0735032 0 -0.619909)
(-0.0734424 0 -0.621557)
(-0.0732779 0 -0.623349)
(-0.0730089 0 -0.625281)
(-0.0726349 0 -0.627351)
(-0.0721562 0 -0.629552)
(-0.0715734 0 -0.63188)
(-0.0708877 0 -0.634327)
(-0.070101 0 -0.636885)
(-0.0692157 0 -0.639544)
(-0.068235 0 -0.642293)
(-0.0671624 0 -0.645121)
(-0.0660024 0 -0.648015)
(-0.0647596 0 -0.650963)
(-0.0634394 0 -0.653951)
(-0.0620475 0 -0.656963)
(-0.0605901 0 -0.659988)
(-0.0590734 0 -0.663009)
(-0.0575038 0 -0.666013)
(-0.055888 0 -0.668987)
(-0.0542325 0 -0.671918)
(-0.0525437 0 -0.674794)
(-0.0508277 0 -0.677604)
(-0.0490905 0 -0.680337)
(-0.0473376 0 -0.682985)
(-0.0455742 0 -0.685538)
(-0.0438048 0 -0.687991)
(-0.0420338 0 -0.690338)
(-0.0402649 0 -0.692573)
(-0.0385013 0 -0.694693)
(-0.0367459 0 -0.696695)
(-0.0350009 0 -0.698577)
(-0.0332684 0 -0.700337)
(-0.0315497 0 -0.701976)
(-0.0298461 0 -0.703493)
(-0.0281583 0 -0.704888)
(-0.0264867 0 -0.706162)
(-0.0248314 0 -0.707317)
(-0.0231923 0 -0.708354)
(-0.0215692 0 -0.709274)
(-0.0199617 0 -0.710079)
(-0.0183692 0 -0.710772)
(-0.0167909 0 -0.711353)
(-0.0152262 0 -0.711826)
(-0.0136741 0 -0.712191)
(-0.0121337 0 -0.712451)
(-0.0106042 0 -0.712607)
(-0.00908457 0 -0.712662)
(-0.00757394 0 -0.712615)
(-0.00607137 0 -0.71247)
(-0.00457597 0 -0.712227)
(-0.00308688 0 -0.711887)
(-0.00160331 0 -0.711452)
(-0.000124453 0 -0.710922)
(0.00135038 0 -0.710299)
(0.00282174 0 -0.709582)
(0.00429031 0 -0.708774)
(0.00575661 0 -0.707873)
(0.00722112 0 -0.706882)
(0.00868427 0 -0.705799)
(0.0101464 0 -0.704626)
(0.0116078 0 -0.703362)
(0.0130687 0 -0.702007)
(0.0145292 0 -0.700562)
(0.0159895 0 -0.699027)
(0.0174495 0 -0.697401)
(0.0189093 0 -0.695684)
(0.0203687 0 -0.693876)
(0.0218275 0 -0.691977)
(0.0232855 0 -0.689986)
(0.0247425 0 -0.687904)
(0.026198 0 -0.685729)
(0.0276515 0 -0.683461)
(0.0291027 0 -0.6811)
(0.0305509 0 -0.678645)
(0.0319954 0 -0.676096)
(0.0334356 0 -0.673452)
(0.0348707 0 -0.670712)
(0.0362998 0 -0.667876)
(0.0377219 0 -0.664944)
(0.039136 0 -0.661914)
(0.0405411 0 -0.658786)
(0.041936 0 -0.655558)
(0.0433193 0 -0.652231)
(0.0446898 0 -0.648803)
(0.046046 0 -0.645274)
(0.0473863 0 -0.641642)
(0.0487092 0 -0.637906)
(0.0500129 0 -0.634066)
(0.0512955 0 -0.630119)
(0.0525552 0 -0.626066)
(0.05379 0 -0.621905)
(0.0549976 0 -0.617633)
(0.0561758 0 -0.613251)
(0.0573224 0 -0.608756)
(0.0584348 0 -0.604147)
(0.0595104 0 -0.599421)
(0.0605465 0 -0.594578)
(0.0615404 0 -0.589614)
(0.0624892 0 -0.584528)
(0.0633897 0 -0.579317)
(0.064239 0 -0.57398)
(0.0650338 0 -0.568512)
(0.0657706 0 -0.562911)
(0.0664462 0 -0.557175)
(0.067057 0 -0.551299)
(0.0675994 0 -0.54528)
(0.0680698 0 -0.539115)
(0.0684644 0 -0.532799)
(0.0687795 0 -0.526327)
(0.0690112 0 -0.519694)
(0.0691559 0 -0.512897)
(0.0692096 0 -0.505929)
(0.0691686 0 -0.498784)
(0.0690292 0 -0.491456)
(0.0687877 0 -0.483938)
(0.0684406 0 -0.476224)
(0.0679843 0 -0.468305)
(0.0674158 0 -0.460174)
(0.0667318 0 -0.451822)
(0.0659296 0 -0.44324)
(0.0650066 0 -0.434419)
(0.0639605 0 -0.425348)
(0.0627896 0 -0.416017)
(0.0614922 0 -0.406415)
(0.0600673 0 -0.39653)
(0.0585144 0 -0.386349)
(0.0568336 0 -0.37586)
(0.0550253 0 -0.36505)
(0.0530908 0 -0.353905)
(0.0510319 0 -0.342409)
(0.0488514 0 -0.33055)
(0.0465525 0 -0.31831)
(0.0441395 0 -0.305676)
(0.0416174 0 -0.29263)
(0.038992 0 -0.279156)
(0.03627 0 -0.265238)
(0.0334592 0 -0.25086)
(0.030568 0 -0.236004)
(0.0276058 0 -0.220654)
(0.0245831 0 -0.204794)
(0.0215111 0 -0.188406)
(0.0184018 0 -0.171476)
(0.0152683 0 -0.153987)
(0.0121243 0 -0.135923)
(0.0089844 0 -0.11727)
(0.00586402 0 -0.0980122)
(0.00277928 0 -0.0781367)
(-0.00025308 0 -0.0576285)
(-0.00321443 0 -0.0364798)
(-0.00608462 0 -0.0146824)
(-0.00885594 0 0.00777447)
(-0.0114886 0 0.0308937)
(-0.0139733 0 0.0546796)
(-0.0162877 0 0.079137)
(-0.0184094 0 0.104269)
(-0.0203162 0 0.130075)
(-0.0219863 0 0.156553)
(-0.0233976 0 0.183696)
(-0.0245282 0 0.211496)
(-0.0253568 0 0.239938)
(-0.0258625 0 0.269004)
(-0.0260257 0 0.29867)
(-0.0258278 0 0.328909)
(-0.0252521 0 0.359686)
(-0.0242835 0 0.390962)
(-0.0229093 0 0.422691)
(-0.0211191 0 0.454821)
(-0.0189053 0 0.487297)
(-0.0162631 0 0.520056)
(-0.0131907 0 0.553032)
(-0.0096895 0 0.586156)
(-0.00576383 0 0.619354)
(-0.00142104 0 0.652552)
(0.00332901 0 0.685669)
(0.00847195 0 0.718609)
(0.0139929 0 0.751293)
(0.0198741 0 0.783641)
(0.0260955 0 0.815571)
(0.0326357 0 0.847004)
(0.0394713 0 0.87786)
(0.0465779 0 0.908063)
(0.0539299 0 0.937537)
(0.0615008 0 0.966212)
(0.0692634 0 0.994017)
(0.07719 0 1.02089)
(0.0852539 0 1.04676)
(0.0934287 0 1.07158)
(0.101665 0 1.09528)
(0.109875 0 1.11782)
(0.118107 0 1.13915)
(0.128426 0 1.15921)
(-0.00128588 0 -0.634355)
(-0.00385084 0 -0.633834)
(-0.00640705 0 -0.633264)
(-0.00895306 0 -0.632644)
(-0.0114884 0 -0.631973)
(-0.0140124 0 -0.631254)
(-0.0165239 0 -0.630489)
(-0.0190221 0 -0.62968)
(-0.0215058 0 -0.628831)
(-0.0239741 0 -0.627946)
(-0.0264258 0 -0.627028)
(-0.0288598 0 -0.626081)
(-0.0312748 0 -0.625109)
(-0.0336694 0 -0.624116)
(-0.0360425 0 -0.623108)
(-0.0383924 0 -0.622089)
(-0.0407178 0 -0.621064)
(-0.0430171 0 -0.620038)
(-0.0452885 0 -0.619017)
(-0.0475305 0 -0.618006)
(-0.0497412 0 -0.617011)
(-0.0519188 0 -0.616038)
(-0.0540613 0 -0.615092)
(-0.0561667 0 -0.614179)
(-0.0582328 0 -0.613307)
(-0.0602576 0 -0.61248)
(-0.0622387 0 -0.611705)
(-0.0641739 0 -0.610988)
(-0.0660607 0 -0.610336)
(-0.0678966 0 -0.609754)
(-0.0696791 0 -0.609249)
(-0.0714057 0 -0.608828)
(-0.0730736 0 -0.608495)
(-0.0746801 0 -0.608258)
(-0.0762226 0 -0.608121)
(-0.0776981 0 -0.608092)
(-0.0791038 0 -0.608175)
(-0.080437 0 -0.608375)
(-0.0816948 0 -0.608699)
(-0.0828744 0 -0.60915)
(-0.083973 0 -0.609734)
(-0.0849878 0 -0.610453)
(-0.0859163 0 -0.611314)
(-0.0867559 0 -0.612317)
(-0.0875041 0 -0.613466)
(-0.0881589 0 -0.614764)
(-0.0887181 0 -0.61621)
(-0.0891801 0 -0.617806)
(-0.0895435 0 -0.619551)
(-0.0898071 0 -0.621444)
(-0.0899702 0 -0.623482)
(-0.0900328 0 -0.625662)
(-0.089995 0 -0.627978)
(-0.0898576 0 -0.630424)
(-0.0896222 0 -0.632994)
(-0.0892905 0 -0.635678)
(-0.0888653 0 -0.638466)
(-0.0883497 0 -0.641348)
(-0.0877477 0 -0.644312)
(-0.0870635 0 -0.647344)
(-0.0863022 0 -0.65043)
(-0.0854692 0 -0.653557)
(-0.0845704 0 -0.65671)
(-0.0836119 0 -0.659873)
(-0.0826 0 -0.663032)
(-0.0815414 0 -0.666173)
(-0.0804427 0 -0.669281)
(-0.0793102 0 -0.672343)
(-0.0781504 0 -0.675346)
(-0.0769693 0 -0.67828)
(-0.0757728 0 -0.681134)
(-0.0745662 0 -0.683897)
(-0.0733545 0 -0.686563)
(-0.072142 0 -0.689124)
(-0.0709329 0 -0.691575)
(-0.0697305 0 -0.69391)
(-0.0685378 0 -0.696127)
(-0.0673573 0 -0.698222)
(-0.0661911 0 -0.700194)
(-0.0650406 0 -0.702042)
(-0.0639071 0 -0.703765)
(-0.0627914 0 -0.705364)
(-0.0616938 0 -0.70684)
(-0.0606146 0 -0.708193)
(-0.0595537 0 -0.709426)
(-0.0585106 0 -0.710539)
(-0.0574849 0 -0.711535)
(-0.0564759 0 -0.712417)
(-0.0554828 0 -0.713185)
(-0.0545048 0 -0.713842)
(-0.0535409 0 -0.71439)
(-0.0525901 0 -0.714832)
(-0.0516514 0 -0.715168)
(-0.0507237 0 -0.715402)
(-0.0498061 0 -0.715534)
(-0.0488975 0 -0.715567)
(-0.0479969 0 -0.715501)
(-0.0471034 0 -0.715338)
(-0.0462161 0 -0.71508)
(-0.0453342 0 -0.714728)
(-0.0444568 0 -0.714281)
(-0.0435832 0 -0.713742)
(-0.0427127 0 -0.713111)
(-0.0418447 0 -0.712389)
(-0.0409786 0 -0.711575)
(-0.040114 0 -0.710671)
(-0.0392504 0 -0.709676)
(-0.0383875 0 -0.708592)
(-0.037525 0 -0.707417)
(-0.0366626 0 -0.706152)
(-0.0358002 0 -0.704797)
(-0.0349378 0 -0.703352)
(-0.0340752 0 -0.701817)
(-0.0332124 0 -0.700191)
(-0.0323497 0 -0.698474)
(-0.0314871 0 -0.696665)
(-0.0306248 0 -0.694765)
(-0.0297631 0 -0.692772)
(-0.0289023 0 -0.690687)
(-0.0280428 0 -0.688508)
(-0.0271851 0 -0.686235)
(-0.0263298 0 -0.683868)
(-0.0254772 0 -0.681405)
(-0.0246282 0 -0.678847)
(-0.0237834 0 -0.676191)
(-0.0229435 0 -0.673439)
(-0.0221095 0 -0.670588)
(-0.0212821 0 -0.667638)
(-0.0204625 0 -0.664588)
(-0.0196515 0 -0.661437)
(-0.0188504 0 -0.658184)
(-0.0180603 0 -0.654828)
(-0.0172825 0 -0.651368)
(-0.0165183 0 -0.647803)
(-0.0157691 0 -0.644132)
(-0.0150365 0 -0.640353)
(-0.014322 0 -0.636466)
(-0.0136273 0 -0.632469)
(-0.0129541 0 -0.62836)
(-0.0123043 0 -0.624137)
(-0.0116799 0 -0.619801)
(-0.0110827 0 -0.615347)
(-0.0105151 0 -0.610776)
(-0.00997903 0 -0.606085)
(-0.00947694 0 -0.601271)
(-0.00901119 0 -0.596333)
(-0.00858426 0 -0.591269)
(-0.0081987 0 -0.586075)
(-0.00785717 0 -0.580751)
(-0.0075624 0 -0.575291)
(-0.00731722 0 -0.569695)
(-0.00712452 0 -0.563958)
(-0.00698726 0 -0.558078)
(-0.00690847 0 -0.55205)
(-0.00689123 0 -0.545871)
(-0.00693867 0 -0.539538)
(-0.00705398 0 -0.533045)
(-0.00724034 0 -0.526388)
(-0.00750096 0 -0.519563)
(-0.00783906 0 -0.512563)
(-0.00825783 0 -0.505385)
(-0.00876043 0 -0.498022)
(-0.00934996 0 -0.490468)
(-0.0100295 0 -0.482716)
(-0.0108019 0 -0.47476)
(-0.01167 0 -0.466593)
(-0.0126364 0 -0.458206)
(-0.0137038 0 -0.449592)
(-0.0148743 0 -0.440743)
(-0.0161499 0 -0.431648)
(-0.0175325 0 -0.4223)
(-0.0190236 0 -0.412688)
(-0.0206241 0 -0.402803)
(-0.022335 0 -0.392632)
(-0.0241564 0 -0.382166)
(-0.0260884 0 -0.371393)
(-0.0281302 0 -0.3603)
(-0.0302808 0 -0.348875)
(-0.0325383 0 -0.337106)
(-0.0349006 0 -0.324979)
(-0.0373646 0 -0.31248)
(-0.0399268 0 -0.299597)
(-0.0425829 0 -0.286313)
(-0.0453277 0 -0.272617)
(-0.0481556 0 -0.258491)
(-0.05106 0 -0.243923)
(-0.0540337 0 -0.228898)
(-0.0570684 0 -0.2134)
(-0.0601553 0 -0.197415)
(-0.0632848 0 -0.180929)
(-0.0664464 0 -0.163928)
(-0.0696288 0 -0.146397)
(-0.0728199 0 -0.128324)
(-0.076007 0 -0.109695)
(-0.0791763 0 -0.090498)
(-0.0823133 0 -0.0707212)
(-0.0854024 0 -0.050354)
(-0.0884267 0 -0.0293867)
(-0.0913687 0 -0.00781107)
(-0.0942234 0 0.0143787)
(-0.0969519 0 0.0371832)
(-0.0995472 0 0.0606068)
(-0.101988 0 0.0846531)
(-0.104254 0 0.109324)
(-0.106324 0 0.134618)
(-0.108179 0 0.160533)
(-0.109797 0 0.187062)
(-0.111158 0 0.214197)
(-0.112242 0 0.241925)
(-0.113027 0 0.270229)
(-0.113496 0 0.299087)
(-0.113629 0 0.328474)
(-0.113409 0 0.35836)
(-0.11282 0 0.388709)
(-0.111847 0 0.419481)
(-0.110478 0 0.450629)
(-0.108703 0 0.482103)
(-0.106514 0 0.513849)
(-0.103905 0 0.545805)
(-0.100874 0 0.577908)
(-0.0974202 0 0.610091)
(-0.0935456 0 0.642283)
(-0.0892541 0 0.674411)
(-0.084554 0 0.706396)
(-0.0794572 0 0.738163)
(-0.0739772 0 0.769633)
(-0.0681294 0 0.800731)
(-0.061931 0 0.83138)
(-0.055401 0 0.861505)
(-0.0485603 0 0.891031)
(-0.0414309 0 0.919889)
(-0.0340362 0 0.948007)
(-0.0264009 0 0.97532)
(-0.0185507 0 1.00176)
(-0.0105103 0 1.02728)
(-0.00230454 0 1.05181)
(0.00601994 0 1.0753)
(0.0143726 0 1.09768)
(0.022791 0 1.11891)
(0.0332295 0 1.13892)
(-0.00145779 0 -0.627773)
(-0.00436629 0 -0.627273)
(-0.00726572 0 -0.626726)
(-0.0101546 0 -0.626131)
(-0.0130324 0 -0.625487)
(-0.0158983 0 -0.624797)
(-0.0187513 0 -0.624064)
(-0.0215903 0 -0.623289)
(-0.0244144 0 -0.622477)
(-0.0272223 0 -0.621631)
(-0.030013 0 -0.620755)
(-0.0327851 0 -0.619853)
(-0.0355375 0 -0.618929)
(-0.0382688 0 -0.617988)
(-0.0409775 0 -0.617035)
(-0.0436623 0 -0.616074)
(-0.0463216 0 -0.615111)
(-0.0489538 0 -0.614151)
(-0.0515573 0 -0.6132)
(-0.0541303 0 -0.612263)
(-0.056671 0 -0.611347)
(-0.0591775 0 -0.610457)
(-0.0616479 0 -0.609599)
(-0.0640802 0 -0.608779)
(-0.0664723 0 -0.608005)
(-0.068822 0 -0.607281)
(-0.0711271 0 -0.606615)
(-0.0733853 0 -0.606013)
(-0.0755942 0 -0.605481)
(-0.0777514 0 -0.605026)
(-0.0798543 0 -0.604654)
(-0.0819006 0 -0.604371)
(-0.0838876 0 -0.604183)
(-0.0858126 0 -0.604097)
(-0.087673 0 -0.604119)
(-0.0894662 0 -0.604254)
(-0.0911894 0 -0.604508)
(-0.0928399 0 -0.604887)
(-0.0944152 0 -0.605395)
(-0.0959126 0 -0.606037)
(-0.0973294 0 -0.606818)
(-0.0986633 0 -0.607742)
(-0.0999119 0 -0.608811)
(-0.101073 0 -0.61003)
(-0.102144 0 -0.611399)
(-0.103124 0 -0.612921)
(-0.104011 0 -0.614596)
(-0.104803 0 -0.616424)
(-0.105501 0 -0.618404)
(-0.106102 0 -0.620533)
(-0.106607 0 -0.622807)
(-0.107018 0 -0.625222)
(-0.107333 0 -0.627771)
(-0.107556 0 -0.630447)
(-0.107687 0 -0.633242)
(-0.107731 0 -0.636144)
(-0.107689 0 -0.639143)
(-0.107567 0 -0.642226)
(-0.107368 0 -0.64538)
(-0.107097 0 -0.64859)
(-0.106761 0 -0.651842)
(-0.106365 0 -0.65512)
(-0.105915 0 -0.658408)
(-0.105417 0 -0.661692)
(-0.104879 0 -0.664957)
(-0.104306 0 -0.668186)
(-0.103706 0 -0.671368)
(-0.103084 0 -0.674489)
(-0.102446 0 -0.677536)
(-0.101798 0 -0.6805)
(-0.101146 0 -0.683371)
(-0.100493 0 -0.686141)
(-0.0998443 0 -0.688802)
(-0.0992036 0 -0.69135)
(-0.0985739 0 -0.693778)
(-0.0979579 0 -0.696085)
(-0.0973578 0 -0.698268)
(-0.0967753 0 -0.700324)
(-0.0962117 0 -0.702254)
(-0.0956678 0 -0.704058)
(-0.0951442 0 -0.705735)
(-0.094641 0 -0.707288)
(-0.094158 0 -0.708717)
(-0.093695 0 -0.710024)
(-0.0932514 0 -0.711212)
(-0.0928264 0 -0.712282)
(-0.0924192 0 -0.713236)
(-0.0920287 0 -0.714078)
(-0.091654 0 -0.714809)
(-0.091294 0 -0.715432)
(-0.0909476 0 -0.715948)
(-0.0906135 0 -0.71636)
(-0.0902908 0 -0.71667)
(-0.0899782 0 -0.716879)
(-0.0896747 0 -0.71699)
(-0.0893793 0 -0.717003)
(-0.0890909 0 -0.71692)
(-0.0888087 0 -0.716743)
(-0.0885317 0 -0.716472)
(-0.0882592 0 -0.716109)
(-0.0879903 0 -0.715654)
(-0.0877244 0 -0.715107)
(-0.0874608 0 -0.714471)
(-0.087199 0 -0.713744)
(-0.0869384 0 -0.712927)
(-0.0866787 0 -0.71202)
(-0.0864194 0 -0.711025)
(-0.0861604 0 -0.709939)
(-0.0859012 0 -0.708765)
(-0.0856419 0 -0.7075)
(-0.0853822 0 -0.706146)
(-0.0851222 0 -0.704702)
(-0.0848617 0 -0.703167)
(-0.084601 0 -0.701541)
(-0.0843401 0 -0.699824)
(-0.0840792 0 -0.698015)
(-0.0838185 0 -0.696114)
(-0.0835583 0 -0.69412)
(-0.083299 0 -0.692031)
(-0.083041 0 -0.689849)
(-0.0827846 0 -0.687572)
(-0.0825305 0 -0.685198)
(-0.0822792 0 -0.682728)
(-0.0820313 0 -0.68016)
(-0.0817874 0 -0.677494)
(-0.0815484 0 -0.674729)
(-0.081315 0 -0.671863)
(-0.081088 0 -0.668896)
(-0.0808683 0 -0.665827)
(-0.080657 0 -0.662654)
(-0.0804551 0 -0.659377)
(-0.0802635 0 -0.655994)
(-0.0800836 0 -0.652504)
(-0.0799165 0 -0.648905)
(-0.0797635 0 -0.645197)
(-0.0796259 0 -0.641379)
(-0.0795053 0 -0.637447)
(-0.0794031 0 -0.633402)
(-0.0793208 0 -0.629241)
(-0.0792602 0 -0.624962)
(-0.0792229 0 -0.620565)
(-0.0792107 0 -0.616046)
(-0.0792255 0 -0.611404)
(-0.0792692 0 -0.606638)
(-0.079344 0 -0.601743)
(-0.0794517 0 -0.596719)
(-0.0795947 0 -0.591563)
(-0.0797751 0 -0.586272)
(-0.0799952 0 -0.580844)
(-0.0802575 0 -0.575275)
(-0.0805643 0 -0.569562)
(-0.0809181 0 -0.563703)
(-0.0813215 0 -0.557693)
(-0.081777 0 -0.551529)
(-0.0822873 0 -0.545207)
(-0.082855 0 -0.538724)
(-0.0834828 0 -0.532074)
(-0.0841734 0 -0.525253)
(-0.0849295 0 -0.518257)
(-0.0857537 0 -0.51108)
(-0.0866488 0 -0.503716)
(-0.0876172 0 -0.496162)
(-0.0886616 0 -0.488409)
(-0.0897845 0 -0.480452)
(-0.0909883 0 -0.472285)
(-0.0922752 0 -0.463901)
(-0.0936474 0 -0.455292)
(-0.0951068 0 -0.44645)
(-0.0966554 0 -0.437368)
(-0.0982945 0 -0.428038)
(-0.100026 0 -0.41845)
(-0.10185 0 -0.408596)
(-0.103768 0 -0.398466)
(-0.105781 0 -0.388051)
(-0.107888 0 -0.377339)
(-0.110089 0 -0.366322)
(-0.112384 0 -0.354987)
(-0.114772 0 -0.343323)
(-0.11725 0 -0.33132)
(-0.119817 0 -0.318965)
(-0.122469 0 -0.306246)
(-0.125205 0 -0.29315)
(-0.12802 0 -0.279665)
(-0.130909 0 -0.265779)
(-0.133868 0 -0.251478)
(-0.13689 0 -0.23675)
(-0.139969 0 -0.221581)
(-0.143099 0 -0.20596)
(-0.14627 0 -0.189872)
(-0.149476 0 -0.173305)
(-0.152705 0 -0.156248)
(-0.155949 0 -0.138687)
(-0.159197 0 -0.120612)
(-0.162436 0 -0.102011)
(-0.165654 0 -0.0828744)
(-0.16884 0 -0.0631914)
(-0.171977 0 -0.0429533)
(-0.175052 0 -0.0221518)
(-0.178051 0 -0.000779037)
(-0.18096 0 0.021165)
(-0.183751 0 0.0436786)
(-0.186417 0 0.0667666)
(-0.188936 0 0.0904318)
(-0.19129 0 0.114675)
(-0.19346 0 0.139495)
(-0.195427 0 0.164887)
(-0.197172 0 0.190846)
(-0.198675 0 0.217363)
(-0.199917 0 0.244425)
(-0.200878 0 0.272015)
(-0.20154 0 0.300116)
(-0.201884 0 0.328702)
(-0.201893 0 0.357746)
(-0.20155 0 0.387215)
(-0.20084 0 0.417073)
(-0.19975 0 0.447279)
(-0.198267 0 0.477785)
(-0.196381 0 0.508544)
(-0.194086 0 0.539499)
(-0.191374 0 0.570594)
(-0.188242 0 0.601767)
(-0.18469 0 0.632953)
(-0.180719 0 0.664085)
(-0.176332 0 0.695092)
(-0.171537 0 0.725904)
(-0.166344 0 0.756448)
(-0.160763 0 0.786654)
(-0.154809 0 0.81645)
(-0.148497 0 0.845764)
(-0.141844 0 0.874528)
(-0.13487 0 0.902674)
(-0.127595 0 0.930134)
(-0.120042 0 0.956846)
(-0.112234 0 0.982749)
(-0.104195 0 1.00778)
(-0.0959479 0 1.0319)
(-0.0875376 0 1.05504)
(-0.0790516 0 1.07715)
(-0.0704656 0 1.09819)
(-0.0599495 0 1.11812)
(-0.00162614 0 -0.620375)
(-0.00487108 0 -0.619896)
(-0.00810669 0 -0.619373)
(-0.0113314 0 -0.618804)
(-0.0145448 0 -0.618188)
(-0.0177458 0 -0.617529)
(-0.0209335 0 -0.616828)
(-0.0241068 0 -0.616089)
(-0.0272645 0 -0.615315)
(-0.0304056 0 -0.614509)
(-0.0335288 0 -0.613677)
(-0.0366329 0 -0.612822)
(-0.0397165 0 -0.611948)
(-0.0427784 0 -0.61106)
(-0.045817 0 -0.610164)
(-0.0488309 0 -0.609263)
(-0.0518186 0 -0.608364)
(-0.0547784 0 -0.607473)
(-0.0577087 0 -0.606594)
(-0.0606078 0 -0.605733)
(-0.0634738 0 -0.604898)
(-0.0663048 0 -0.604093)
(-0.069099 0 -0.603325)
(-0.0718544 0 -0.602601)
(-0.0745688 0 -0.601926)
(-0.0772402 0 -0.601308)
(-0.0798663 0 -0.600753)
(-0.082445 0 -0.600267)
(-0.0849738 0 -0.599857)
(-0.0874505 0 -0.59953)
(-0.0898727 0 -0.599291)
(-0.0922379 0 -0.599148)
(-0.0945436 0 -0.599106)
(-0.0967874 0 -0.599173)
(-0.0989667 0 -0.599353)
(-0.101079 0 -0.599653)
(-0.103122 0 -0.600078)
(-0.105092 0 -0.600633)
(-0.106989 0 -0.601325)
(-0.108808 0 -0.602156)
(-0.110548 0 -0.603132)
(-0.112207 0 -0.604256)
(-0.113782 0 -0.605531)
(-0.115272 0 -0.60696)
(-0.116675 0 -0.608544)
(-0.11799 0 -0.610284)
(-0.119215 0 -0.61218)
(-0.12035 0 -0.614231)
(-0.121394 0 -0.616435)
(-0.122347 0 -0.618788)
(-0.12321 0 -0.621285)
(-0.123984 0 -0.623921)
(-0.12467 0 -0.626687)
(-0.125271 0 -0.629575)
(-0.125789 0 -0.632574)
(-0.126228 0 -0.635674)
(-0.126592 0 -0.63886)
(-0.126885 0 -0.64212)
(-0.127113 0 -0.645438)
(-0.12728 0 -0.6488)
(-0.127394 0 -0.652188)
(-0.127459 0 -0.655588)
(-0.127483 0 -0.658984)
(-0.127471 0 -0.662359)
(-0.127431 0 -0.665698)
(-0.127369 0 -0.668988)
(-0.12729 0 -0.672215)
(-0.127201 0 -0.675366)
(-0.127107 0 -0.678432)
(-0.127013 0 -0.681401)
(-0.126924 0 -0.684266)
(-0.126843 0 -0.68702)
(-0.126775 0 -0.689657)
(-0.126721 0 -0.692173)
(-0.126685 0 -0.694564)
(-0.126668 0 -0.696828)
(-0.126671 0 -0.698964)
(-0.126697 0 -0.700972)
(-0.126744 0 -0.702851)
(-0.126814 0 -0.704603)
(-0.126907 0 -0.706229)
(-0.127021 0 -0.707731)
(-0.127157 0 -0.70911)
(-0.127314 0 -0.710369)
(-0.127491 0 -0.71151)
(-0.127686 0 -0.712536)
(-0.127899 0 -0.713449)
(-0.128129 0 -0.714252)
(-0.128373 0 -0.714947)
(-0.128632 0 -0.715537)
(-0.128904 0 -0.716023)
(-0.129187 0 -0.716408)
(-0.12948 0 -0.716693)
(-0.129783 0 -0.71688)
(-0.130094 0 -0.716971)
(-0.130412 0 -0.716967)
(-0.130737 0 -0.71687)
(-0.131066 0 -0.71668)
(-0.1314 0 -0.716399)
(-0.131738 0 -0.716027)
(-0.132078 0 -0.715565)
(-0.132421 0 -0.715013)
(-0.132766 0 -0.714372)
(-0.133112 0 -0.713642)
(-0.133458 0 -0.712823)
(-0.133806 0 -0.711916)
(-0.134153 0 -0.71092)
(-0.1345 0 -0.709835)
(-0.134847 0 -0.708661)
(-0.135193 0 -0.707397)
(-0.135539 0 -0.706044)
(-0.135885 0 -0.704601)
(-0.13623 0 -0.703067)
(-0.136574 0 -0.701442)
(-0.136919 0 -0.699726)
(-0.137263 0 -0.697916)
(-0.137608 0 -0.696014)
(-0.137953 0 -0.694018)
(-0.138299 0 -0.691928)
(-0.138647 0 -0.689742)
(-0.138996 0 -0.687459)
(-0.139347 0 -0.68508)
(-0.139701 0 -0.682603)
(-0.140059 0 -0.680026)
(-0.14042 0 -0.67735)
(-0.140786 0 -0.674572)
(-0.141157 0 -0.671692)
(-0.141535 0 -0.668709)
(-0.141919 0 -0.665621)
(-0.142312 0 -0.662428)
(-0.142713 0 -0.659127)
(-0.143124 0 -0.655719)
(-0.143546 0 -0.6522)
(-0.143979 0 -0.648571)
(-0.144426 0 -0.644829)
(-0.144887 0 -0.640972)
(-0.145364 0 -0.637)
(-0.145857 0 -0.632911)
(-0.146369 0 -0.628702)
(-0.146901 0 -0.624372)
(-0.147453 0 -0.619919)
(-0.148029 0 -0.61534)
(-0.148629 0 -0.610635)
(-0.149255 0 -0.6058)
(-0.149909 0 -0.600832)
(-0.150592 0 -0.595731)
(-0.151307 0 -0.590492)
(-0.152055 0 -0.585113)
(-0.152839 0 -0.579592)
(-0.15366 0 -0.573925)
(-0.154521 0 -0.568109)
(-0.155423 0 -0.56214)
(-0.156369 0 -0.556016)
(-0.15736 0 -0.549731)
(-0.1584 0 -0.543283)
(-0.15949 0 -0.536668)
(-0.160633 0 -0.52988)
(-0.16183 0 -0.522915)
(-0.163084 0 -0.515769)
(-0.164398 0 -0.508437)
(-0.165772 0 -0.500912)
(-0.167211 0 -0.493191)
(-0.168714 0 -0.485266)
(-0.170286 0 -0.477132)
(-0.171926 0 -0.468782)
(-0.173638 0 -0.460211)
(-0.175423 0 -0.45141)
(-0.177282 0 -0.442373)
(-0.179218 0 -0.433092)
(-0.18123 0 -0.423559)
(-0.18332 0 -0.413767)
(-0.185489 0 -0.403706)
(-0.187737 0 -0.393369)
(-0.190065 0 -0.382745)
(-0.192472 0 -0.371826)
(-0.194958 0 -0.360602)
(-0.197522 0 -0.349062)
(-0.200163 0 -0.337198)
(-0.202879 0 -0.324998)
(-0.205669 0 -0.312452)
(-0.208529 0 -0.299548)
(-0.211457 0 -0.286276)
(-0.21445 0 -0.272625)
(-0.217502 0 -0.258583)
(-0.22061 0 -0.244138)
(-0.223768 0 -0.22928)
(-0.22697 0 -0.213997)
(-0.230211 0 -0.198278)
(-0.233481 0 -0.182111)
(-0.236775 0 -0.165487)
(-0.240083 0 -0.148393)
(-0.243397 0 -0.13082)
(-0.246705 0 -0.112758)
(-0.249999 0 -0.0941973)
(-0.253265 0 -0.0751298)
(-0.256493 0 -0.0555472)
(-0.259669 0 -0.0354422)
(-0.262778 0 -0.0148084)
(-0.265817 0 0.00635955)
(-0.268749 0 0.0280581)
(-0.271572 0 0.0502874)
(-0.274268 0 0.0730504)
(-0.27682 0 0.0963488)
(-0.279211 0 0.120182)
(-0.281424 0 0.144548)
(-0.283439 0 0.169442)
(-0.28524 0 0.194858)
(-0.286807 0 0.220785)
(-0.288123 0 0.247212)
(-0.289168 0 0.274124)
(-0.289926 0 0.301501)
(-0.290377 0 0.329321)
(-0.290505 0 0.357558)
(-0.290293 0 0.386182)
(-0.289726 0 0.41516)
(-0.28879 0 0.444453)
(-0.287472 0 0.474019)
(-0.285761 0 0.503813)
(-0.283647 0 0.533786)
(-0.281123 0 0.563884)
(-0.278184 0 0.594051)
(-0.274825 0 0.624229)
(-0.271047 0 0.654355)
(-0.26685 0 0.684366)
(-0.262239 0 0.714197)
(-0.25722 0 0.743781)
(-0.2518 0 0.773053)
(-0.245991 0 0.801946)
(-0.239806 0 0.830394)
(-0.233259 0 0.858332)
(-0.226367 0 0.885696)
(-0.219147 0 0.912424)
(-0.211621 0 0.938457)
(-0.203811 0 0.963737)
(-0.195737 0 0.98821)
(-0.187423 0 1.01182)
(-0.178913 0 1.03453)
(-0.170292 0 1.0563)
(-0.161537 0 1.07708)
(-0.150929 0 1.09685)
(-0.00179098 0 -0.612177)
(-0.00536538 0 -0.611721)
(-0.00893025 0 -0.611222)
(-0.012484 0 -0.610679)
(-0.0160261 0 -0.610093)
(-0.0195555 0 -0.609464)
(-0.0230713 0 -0.608797)
(-0.0265722 0 -0.608094)
(-0.0300573 0 -0.60736)
(-0.0335251 0 -0.606597)
(-0.0369746 0 -0.605809)
(-0.0404045 0 -0.605002)
(-0.0438135 0 -0.60418)
(-0.0472 0 -0.603347)
(-0.0505629 0 -0.602509)
(-0.0539004 0 -0.60167)
(-0.0572111 0 -0.600837)
(-0.0604934 0 -0.600015)
(-0.0637457 0 -0.59921)
(-0.0669661 0 -0.598427)
(-0.070153 0 -0.597674)
(-0.0733044 0 -0.596956)
(-0.0764185 0 -0.59628)
(-0.0794933 0 -0.595652)
(-0.0825268 0 -0.595079)
(-0.0855169 0 -0.594567)
(-0.0884615 0 -0.594124)
(-0.0913585 0 -0.593755)
(-0.0942056 0 -0.593468)
(-0.0970005 0 -0.593269)
(-0.0997411 0 -0.593164)
(-0.102425 0 -0.59316)
(-0.10505 0 -0.593264)
(-0.107613 0 -0.593482)
(-0.110112 0 -0.593819)
(-0.112546 0 -0.594282)
(-0.11491 0 -0.594876)
(-0.117205 0 -0.595606)
(-0.119426 0 -0.596478)
(-0.121572 0 -0.597494)
(-0.123641 0 -0.598661)
(-0.125631 0 -0.59998)
(-0.127541 0 -0.601454)
(-0.129368 0 -0.603086)
(-0.131111 0 -0.604877)
(-0.132771 0 -0.606826)
(-0.134345 0 -0.608933)
(-0.135834 0 -0.611196)
(-0.137237 0 -0.613611)
(-0.138556 0 -0.616174)
(-0.139792 0 -0.618879)
(-0.140946 0 -0.621718)
(-0.14202 0 -0.624682)
(-0.143017 0 -0.627761)
(-0.143941 0 -0.630944)
(-0.144795 0 -0.634217)
(-0.145585 0 -0.637566)
(-0.146315 0 -0.640976)
(-0.146991 0 -0.644432)
(-0.147618 0 -0.647916)
(-0.148203 0 -0.651413)
(-0.148752 0 -0.654906)
(-0.149271 0 -0.658379)
(-0.149767 0 -0.661816)
(-0.150246 0 -0.665203)
(-0.150714 0 -0.668525)
(-0.151177 0 -0.67177)
(-0.151639 0 -0.674928)
(-0.152106 0 -0.677987)
(-0.152582 0 -0.68094)
(-0.153071 0 -0.683779)
(-0.153575 0 -0.686499)
(-0.154098 0 -0.689095)
(-0.154642 0 -0.691565)
(-0.155208 0 -0.693906)
(-0.155798 0 -0.696117)
(-0.156412 0 -0.698198)
(-0.15705 0 -0.700149)
(-0.157714 0 -0.701971)
(-0.158401 0 -0.703667)
(-0.159112 0 -0.705238)
(-0.159846 0 -0.706686)
(-0.160602 0 -0.708013)
(-0.161379 0 -0.709223)
(-0.162176 0 -0.710318)
(-0.162991 0 -0.711301)
(-0.163824 0 -0.712174)
(-0.164672 0 -0.71294)
(-0.165535 0 -0.7136)
(-0.166411 0 -0.714159)
(-0.167299 0 -0.714616)
(-0.168198 0 -0.714976)
(-0.169106 0 -0.715238)
(-0.170023 0 -0.715406)
(-0.170947 0 -0.715479)
(-0.171877 0 -0.715461)
(-0.172813 0 -0.715351)
(-0.173754 0 -0.71515)
(-0.174698 0 -0.71486)
(-0.175645 0 -0.714481)
(-0.176595 0 -0.714013)
(-0.177547 0 -0.713457)
(-0.1785 0 -0.712813)
(-0.179454 0 -0.712081)
(-0.180408 0 -0.711261)
(-0.181363 0 -0.710353)
(-0.182318 0 -0.709358)
(-0.183272 0 -0.708273)
(-0.184226 0 -0.7071)
(-0.18518 0 -0.705838)
(-0.186133 0 -0.704486)
(-0.187086 0 -0.703044)
(-0.188038 0 -0.701511)
(-0.18899 0 -0.699887)
(-0.189942 0 -0.69817)
(-0.190894 0 -0.696361)
(-0.191846 0 -0.694458)
(-0.1928 0 -0.69246)
(-0.193754 0 -0.690367)
(-0.194709 0 -0.688177)
(-0.195666 0 -0.68589)
(-0.196626 0 -0.683505)
(-0.197588 0 -0.68102)
(-0.198553 0 -0.678435)
(-0.199522 0 -0.675748)
(-0.200496 0 -0.672959)
(-0.201475 0 -0.670065)
(-0.20246 0 -0.667067)
(-0.203451 0 -0.663962)
(-0.204449 0 -0.660749)
(-0.205456 0 -0.657427)
(-0.206472 0 -0.653995)
(-0.207498 0 -0.65045)
(-0.208534 0 -0.646792)
(-0.209583 0 -0.643018)
(-0.210644 0 -0.639128)
(-0.21172 0 -0.635119)
(-0.212811 0 -0.630989)
(-0.213919 0 -0.626737)
(-0.215044 0 -0.62236)
(-0.216188 0 -0.617857)
(-0.217352 0 -0.613225)
(-0.218538 0 -0.608462)
(-0.219747 0 -0.603566)
(-0.220981 0 -0.598534)
(-0.222241 0 -0.593363)
(-0.223529 0 -0.588051)
(-0.224846 0 -0.582595)
(-0.226194 0 -0.576992)
(-0.227575 0 -0.571238)
(-0.22899 0 -0.565331)
(-0.230441 0 -0.559267)
(-0.23193 0 -0.553042)
(-0.233458 0 -0.546653)
(-0.235029 0 -0.540095)
(-0.236642 0 -0.533365)
(-0.238301 0 -0.526458)
(-0.240006 0 -0.519369)
(-0.24176 0 -0.512094)
(-0.243565 0 -0.504628)
(-0.245421 0 -0.496965)
(-0.247332 0 -0.4891)
(-0.249298 0 -0.481029)
(-0.251321 0 -0.472743)
(-0.253403 0 -0.464239)
(-0.255545 0 -0.455508)
(-0.257748 0 -0.446545)
(-0.260013 0 -0.437343)
(-0.262341 0 -0.427894)
(-0.264733 0 -0.418191)
(-0.26719 0 -0.408228)
(-0.269712 0 -0.397994)
(-0.2723 0 -0.387483)
(-0.274952 0 -0.376687)
(-0.27767 0 -0.365596)
(-0.280451 0 -0.354201)
(-0.283296 0 -0.342494)
(-0.286203 0 -0.330465)
(-0.28917 0 -0.318105)
(-0.292195 0 -0.305404)
(-0.295276 0 -0.292352)
(-0.29841 0 -0.27894)
(-0.301593 0 -0.265157)
(-0.304821 0 -0.250993)
(-0.30809 0 -0.236439)
(-0.311396 0 -0.221484)
(-0.314731 0 -0.206118)
(-0.318091 0 -0.190332)
(-0.321469 0 -0.174115)
(-0.324857 0 -0.157459)
(-0.328247 0 -0.140355)
(-0.331631 0 -0.122794)
(-0.334999 0 -0.104767)
(-0.338341 0 -0.0862667)
(-0.341648 0 -0.0672868)
(-0.344906 0 -0.0478205)
(-0.348104 0 -0.0278625)
(-0.351228 0 -0.00740799)
(-0.354276 0 0.0135436)
(-0.357212 0 0.0349883)
(-0.360034 0 0.056928)
(-0.362726 0 0.079364)
(-0.365271 0 0.102296)
(-0.367653 0 0.125723)
(-0.369856 0 0.149642)
(-0.371862 0 0.174047)
(-0.373656 0 0.19893)
(-0.375219 0 0.224283)
(-0.376535 0 0.250092)
(-0.377585 0 0.276343)
(-0.378353 0 0.303016)
(-0.378821 0 0.330092)
(-0.378973 0 0.357545)
(-0.378793 0 0.385347)
(-0.378265 0 0.413467)
(-0.377376 0 0.441869)
(-0.376112 0 0.470516)
(-0.374462 0 0.499364)
(-0.372415 0 0.528369)
(-0.369964 0 0.557482)
(-0.3671 0 0.586652)
(-0.363821 0 0.615825)
(-0.360123 0 0.644944)
(-0.356005 0 0.673952)
(-0.35147 0 0.702788)
(-0.346521 0 0.731393)
(-0.341164 0 0.759705)
(-0.335409 0 0.787662)
(-0.329264 0 0.815205)
(-0.322743 0 0.842272)
(-0.31586 0 0.868804)
(-0.308632 0 0.894744)
(-0.301076 0 0.920036)
(-0.293212 0 0.944628)
(-0.285061 0 0.96847)
(-0.276644 0 0.991516)
(-0.268003 0 1.01372)
(-0.259218 0 1.03505)
(-0.250263 0 1.05548)
(-0.239515 0 1.07498)
(-0.00195236 0 -0.603197)
(-0.00584934 0 -0.602764)
(-0.00973665 0 -0.60229)
(-0.0136127 0 -0.601774)
(-0.0174768 0 -0.601216)
(-0.0213281 0 -0.60062)
(-0.0251653 0 -0.599988)
(-0.0289875 0 -0.599322)
(-0.0327934 0 -0.598628)
(-0.0365819 0 -0.597908)
(-0.0403516 0 -0.597167)
(-0.0441014 0 -0.596409)
(-0.0478297 0 -0.595639)
(-0.0515354 0 -0.594862)
(-0.0552169 0 -0.594083)
(-0.0588727 0 -0.593307)
(-0.0625014 0 -0.592541)
(-0.0661012 0 -0.59179)
(-0.0696707 0 -0.591059)
(-0.073208 0 -0.590356)
(-0.0767115 0 -0.589686)
(-0.0801794 0 -0.589056)
(-0.0836097 0 -0.588472)
(-0.0870006 0 -0.587941)
(-0.0903502 0 -0.58747)
(-0.0936564 0 -0.587065)
(-0.0969173 0 -0.586733)
(-0.100131 0 -0.586481)
(-0.103295 0 -0.586316)
(-0.106407 0 -0.586245)
(-0.109465 0 -0.586273)
(-0.112467 0 -0.586408)
(-0.115412 0 -0.586655)
(-0.118295 0 -0.587022)
(-0.121117 0 -0.587514)
(-0.123873 0 -0.588137)
(-0.126563 0 -0.588896)
(-0.129184 0 -0.589796)
(-0.131735 0 -0.590843)
(-0.134213 0 -0.59204)
(-0.136617 0 -0.59339)
(-0.138945 0 -0.594897)
(-0.141195 0 -0.596563)
(-0.143368 0 -0.598389)
(-0.145462 0 -0.600376)
(-0.147476 0 -0.602524)
(-0.14941 0 -0.604829)
(-0.151265 0 -0.607289)
(-0.153041 0 -0.609901)
(-0.15474 0 -0.612657)
(-0.156362 0 -0.615551)
(-0.157911 0 -0.618574)
(-0.159389 0 -0.621716)
(-0.1608 0 -0.624964)
(-0.162147 0 -0.628306)
(-0.163436 0 -0.631727)
(-0.16467 0 -0.635213)
(-0.165856 0 -0.638747)
(-0.166999 0 -0.642311)
(-0.168105 0 -0.645891)
(-0.169181 0 -0.649467)
(-0.170232 0 -0.653025)
(-0.171266 0 -0.656547)
(-0.172287 0 -0.660019)
(-0.173302 0 -0.663426)
(-0.174316 0 -0.666755)
(-0.175335 0 -0.669995)
(-0.176362 0 -0.673136)
(-0.177403 0 -0.676168)
(-0.17846 0 -0.679086)
(-0.179536 0 -0.681882)
(-0.180634 0 -0.684553)
(-0.181756 0 -0.687096)
(-0.182904 0 -0.689508)
(-0.184077 0 -0.69179)
(-0.185277 0 -0.693939)
(-0.186504 0 -0.695958)
(-0.187757 0 -0.697848)
(-0.189037 0 -0.69961)
(-0.190341 0 -0.701246)
(-0.19167 0 -0.70276)
(-0.193023 0 -0.704154)
(-0.194397 0 -0.70543)
(-0.195792 0 -0.706591)
(-0.197206 0 -0.707641)
(-0.198639 0 -0.708581)
(-0.200088 0 -0.709415)
(-0.201552 0 -0.710145)
(-0.20303 0 -0.710774)
(-0.20452 0 -0.711303)
(-0.206021 0 -0.711734)
(-0.207533 0 -0.71207)
(-0.209053 0 -0.712312)
(-0.210581 0 -0.712461)
(-0.212115 0 -0.71252)
(-0.213656 0 -0.712488)
(-0.215201 0 -0.712366)
(-0.21675 0 -0.712156)
(-0.218303 0 -0.711858)
(-0.219858 0 -0.711473)
(-0.221416 0 -0.711001)
(-0.222975 0 -0.710441)
(-0.224535 0 -0.709795)
(-0.226096 0 -0.709061)
(-0.227657 0 -0.708241)
(-0.229219 0 -0.707333)
(-0.230781 0 -0.706338)
(-0.232342 0 -0.705254)
(-0.233903 0 -0.704082)
(-0.235464 0 -0.702821)
(-0.237025 0 -0.70147)
(-0.238585 0 -0.700029)
(-0.240145 0 -0.698496)
(-0.241705 0 -0.696872)
(-0.243266 0 -0.695155)
(-0.244826 0 -0.693345)
(-0.246387 0 -0.691441)
(-0.247949 0 -0.689441)
(-0.249512 0 -0.687345)
(-0.251076 0 -0.685151)
(-0.252642 0 -0.682859)
(-0.25421 0 -0.680468)
(-0.255782 0 -0.677976)
(-0.257356 0 -0.675383)
(-0.258934 0 -0.672686)
(-0.260516 0 -0.669885)
(-0.262103 0 -0.666979)
(-0.263696 0 -0.663966)
(-0.265294 0 -0.660845)
(-0.2669 0 -0.657615)
(-0.268512 0 -0.654273)
(-0.270134 0 -0.650819)
(-0.271764 0 -0.64725)
(-0.273404 0 -0.643566)
(-0.275054 0 -0.639764)
(-0.276716 0 -0.635842)
(-0.278391 0 -0.6318)
(-0.28008 0 -0.627634)
(-0.281782 0 -0.623344)
(-0.283501 0 -0.618926)
(-0.285236 0 -0.614378)
(-0.286989 0 -0.609699)
(-0.28876 0 -0.604886)
(-0.290552 0 -0.599936)
(-0.292365 0 -0.594847)
(-0.294201 0 -0.589616)
(-0.29606 0 -0.58424)
(-0.297945 0 -0.578717)
(-0.299856 0 -0.573043)
(-0.301796 0 -0.567215)
(-0.303764 0 -0.56123)
(-0.305763 0 -0.555083)
(-0.307794 0 -0.548773)
(-0.309859 0 -0.542294)
(-0.311959 0 -0.535642)
(-0.314095 0 -0.528815)
(-0.316269 0 -0.521806)
(-0.318482 0 -0.514612)
(-0.320736 0 -0.507228)
(-0.323032 0 -0.499649)
(-0.325371 0 -0.49187)
(-0.327755 0 -0.483886)
(-0.330184 0 -0.475691)
(-0.332661 0 -0.46728)
(-0.335185 0 -0.458646)
(-0.337758 0 -0.449784)
(-0.340382 0 -0.440687)
(-0.343055 0 -0.431348)
(-0.34578 0 -0.421762)
(-0.348556 0 -0.41192)
(-0.351385 0 -0.401816)
(-0.354265 0 -0.391443)
(-0.357197 0 -0.380792)
(-0.36018 0 -0.369856)
(-0.363214 0 -0.358627)
(-0.366297 0 -0.347097)
(-0.36943 0 -0.335258)
(-0.372609 0 -0.3231)
(-0.375834 0 -0.310616)
(-0.379102 0 -0.297796)
(-0.38241 0 -0.284633)
(-0.385756 0 -0.271116)
(-0.389136 0 -0.257237)
(-0.392546 0 -0.242988)
(-0.395982 0 -0.228359)
(-0.399439 0 -0.213342)
(-0.402912 0 -0.197927)
(-0.406394 0 -0.182107)
(-0.409879 0 -0.165874)
(-0.41336 0 -0.149219)
(-0.41683 0 -0.132135)
(-0.420279 0 -0.114615)
(-0.4237 0 -0.0966516)
(-0.427083 0 -0.0782398)
(-0.430417 0 -0.0593737)
(-0.433691 0 -0.0400486)
(-0.436894 0 -0.0202603)
(-0.440016 0 -5.28448e-06)
(-0.443042 0 0.020712)
(-0.445953 0 0.0418869)
(-0.448741 0 0.0635218)
(-0.451391 0 0.0856175)
(-0.453888 0 0.108173)
(-0.456216 0 0.131186)
(-0.458361 0 0.154651)
(-0.460306 0 0.178564)
(-0.462036 0 0.202915)
(-0.463534 0 0.227695)
(-0.464783 0 0.252891)
(-0.465768 0 0.278487)
(-0.466472 0 0.304467)
(-0.466879 0 0.330809)
(-0.466972 0 0.35749)
(-0.466738 0 0.384483)
(-0.466159 0 0.41176)
(-0.465224 0 0.439286)
(-0.463919 0 0.467026)
(-0.462233 0 0.494941)
(-0.460154 0 0.522991)
(-0.457675 0 0.551129)
(-0.454788 0 0.579309)
(-0.451487 0 0.607482)
(-0.447769 0 0.635597)
(-0.443633 0 0.663599)
(-0.439078 0 0.691435)
(-0.434106 0 0.719049)
(-0.428724 0 0.746385)
(-0.422936 0 0.773386)
(-0.416751 0 0.799997)
(-0.410181 0 0.826163)
(-0.403237 0 0.851828)
(-0.395933 0 0.87694)
(-0.388287 0 0.901449)
(-0.380317 0 0.925304)
(-0.372039 0 0.948461)
(-0.363474 0 0.970877)
(-0.354658 0 0.992514)
(-0.345668 0 1.01334)
(-0.336476 0 1.03332)
(-0.32554 0 1.05244)
(-0.00211031 0 -0.59345)
(-0.00632308 0 -0.59304)
(-0.0105261 0 -0.592592)
(-0.0147177 0 -0.592103)
(-0.0188973 0 -0.591576)
(-0.0230638 0 -0.591012)
(-0.0272162 0 -0.590414)
(-0.0313533 0 -0.589787)
(-0.0354739 0 -0.589133)
(-0.0395768 0 -0.588457)
(-0.0436607 0 -0.587763)
(-0.0477244 0 -0.587055)
(-0.0517666 0 -0.586338)
(-0.0557857 0 -0.585618)
(-0.0597805 0 -0.584899)
(-0.0637494 0 -0.584187)
(-0.067691 0 -0.583489)
(-0.0716037 0 -0.582809)
(-0.0754858 0 -0.582153)
(-0.0793357 0 -0.581529)
(-0.0831518 0 -0.580943)
(-0.0869323 0 -0.5804)
(-0.0906753 0 -0.579909)
(-0.0943792 0 -0.579475)
(-0.0980421 0 -0.579105)
(-0.101662 0 -0.578806)
(-0.105237 0 -0.578585)
(-0.108765 0 -0.57845)
(-0.112245 0 -0.578405)
(-0.115673 0 -0.578459)
(-0.119049 0 -0.578618)
(-0.12237 0 -0.578889)
(-0.125635 0 -0.579277)
(-0.12884 0 -0.57979)
(-0.131985 0 -0.580432)
(-0.135068 0 -0.58121)
(-0.138086 0 -0.582129)
(-0.141038 0 -0.583194)
(-0.143922 0 -0.584409)
(-0.146737 0 -0.585778)
(-0.149481 0 -0.587305)
(-0.152153 0 -0.588991)
(-0.154753 0 -0.590838)
(-0.157279 0 -0.592848)
(-0.159732 0 -0.595019)
(-0.16211 0 -0.59735)
(-0.164415 0 -0.599839)
(-0.166648 0 -0.602482)
(-0.168808 0 -0.605272)
(-0.170899 0 -0.608204)
(-0.172923 0 -0.611267)
(-0.174882 0 -0.614453)
(-0.176779 0 -0.617749)
(-0.178619 0 -0.621142)
(-0.180405 0 -0.624619)
(-0.182144 0 -0.628163)
(-0.18384 0 -0.631758)
(-0.185498 0 -0.635387)
(-0.187125 0 -0.639034)
(-0.188727 0 -0.64268)
(-0.190309 0 -0.646309)
(-0.191878 0 -0.649903)
(-0.19344 0 -0.653448)
(-0.195 0 -0.656929)
(-0.196564 0 -0.660332)
(-0.198137 0 -0.663646)
(-0.199722 0 -0.66686)
(-0.201324 0 -0.669964)
(-0.202946 0 -0.672953)
(-0.20459 0 -0.675819)
(-0.20626 0 -0.678559)
(-0.207957 0 -0.68117)
(-0.209681 0 -0.683648)
(-0.211434 0 -0.685995)
(-0.213215 0 -0.688209)
(-0.215026 0 -0.690292)
(-0.216865 0 -0.692245)
(-0.218731 0 -0.69407)
(-0.220625 0 -0.695769)
(-0.222544 0 -0.697346)
(-0.224487 0 -0.698802)
(-0.226454 0 -0.700141)
(-0.228443 0 -0.701366)
(-0.230452 0 -0.70248)
(-0.232479 0 -0.703486)
(-0.234524 0 -0.704386)
(-0.236585 0 -0.705182)
(-0.23866 0 -0.705879)
(-0.240748 0 -0.706477)
(-0.242848 0 -0.706978)
(-0.244958 0 -0.707385)
(-0.247078 0 -0.707699)
(-0.249206 0 -0.707922)
(-0.251341 0 -0.708055)
(-0.253482 0 -0.708099)
(-0.255628 0 -0.708055)
(-0.257779 0 -0.707923)
(-0.259934 0 -0.707705)
(-0.262092 0 -0.7074)
(-0.264252 0 -0.70701)
(-0.266415 0 -0.706533)
(-0.268579 0 -0.70597)
(-0.270744 0 -0.705322)
(-0.27291 0 -0.704587)
(-0.275076 0 -0.703765)
(-0.277243 0 -0.702857)
(-0.27941 0 -0.701862)
(-0.281577 0 -0.700778)
(-0.283743 0 -0.699607)
(-0.28591 0 -0.698346)
(-0.288077 0 -0.696996)
(-0.290244 0 -0.695555)
(-0.29241 0 -0.694023)
(-0.294577 0 -0.692398)
(-0.296745 0 -0.690681)
(-0.298912 0 -0.688869)
(-0.301081 0 -0.686963)
(-0.303251 0 -0.68496)
(-0.305421 0 -0.682861)
(-0.307594 0 -0.680664)
(-0.309768 0 -0.678367)
(-0.311944 0 -0.67597)
(-0.314124 0 -0.673471)
(-0.316306 0 -0.670869)
(-0.318491 0 -0.668163)
(-0.320681 0 -0.665352)
(-0.322875 0 -0.662434)
(-0.325074 0 -0.659408)
(-0.327279 0 -0.656272)
(-0.32949 0 -0.653025)
(-0.331707 0 -0.649666)
(-0.333932 0 -0.646192)
(-0.336165 0 -0.642602)
(-0.338406 0 -0.638894)
(-0.340657 0 -0.635067)
(-0.342918 0 -0.631119)
(-0.34519 0 -0.627047)
(-0.347473 0 -0.62285)
(-0.349769 0 -0.618525)
(-0.352078 0 -0.614072)
(-0.354402 0 -0.609486)
(-0.35674 0 -0.604766)
(-0.359095 0 -0.599909)
(-0.361466 0 -0.594914)
(-0.363856 0 -0.589776)
(-0.366264 0 -0.584494)
(-0.368692 0 -0.579064)
(-0.371142 0 -0.573484)
(-0.373613 0 -0.56775)
(-0.376107 0 -0.56186)
(-0.378626 0 -0.555809)
(-0.38117 0 -0.549594)
(-0.38374 0 -0.543212)
(-0.386338 0 -0.536658)
(-0.388964 0 -0.529929)
(-0.39162 0 -0.52302)
(-0.394307 0 -0.515928)
(-0.397025 0 -0.508648)
(-0.399776 0 -0.501174)
(-0.40256 0 -0.493503)
(-0.405379 0 -0.48563)
(-0.408234 0 -0.477548)
(-0.411125 0 -0.469254)
(-0.414053 0 -0.460741)
(-0.417019 0 -0.452003)
(-0.420023 0 -0.443036)
(-0.423065 0 -0.433832)
(-0.426147 0 -0.424386)
(-0.429268 0 -0.414691)
(-0.432428 0 -0.40474)
(-0.435628 0 -0.394527)
(-0.438866 0 -0.384045)
(-0.442143 0 -0.373287)
(-0.445458 0 -0.362245)
(-0.448809 0 -0.350913)
(-0.452196 0 -0.339282)
(-0.455617 0 -0.327345)
(-0.45907 0 -0.315094)
(-0.462554 0 -0.302522)
(-0.466065 0 -0.28962)
(-0.469602 0 -0.276381)
(-0.47316 0 -0.262797)
(-0.476737 0 -0.24886)
(-0.480328 0 -0.234562)
(-0.483929 0 -0.219895)
(-0.487535 0 -0.204853)
(-0.491141 0 -0.189427)
(-0.494741 0 -0.17361)
(-0.498327 0 -0.157395)
(-0.501895 0 -0.140777)
(-0.505435 0 -0.123748)
(-0.50894 0 -0.106303)
(-0.512401 0 -0.0884376)
(-0.515809 0 -0.0701463)
(-0.519154 0 -0.0514255)
(-0.522425 0 -0.0322721)
(-0.525609 0 -0.0126839)
(-0.528707 0 0.00734007)
(-0.531683 0 0.027793)
(-0.534539 0 0.0486729)
(-0.53726 0 0.0699807)
(-0.539832 0 0.0917159)
(-0.542241 0 0.113877)
(-0.544474 0 0.136459)
(-0.546515 0 0.159458)
(-0.54835 0 0.182867)
(-0.549964 0 0.206677)
(-0.551342 0 0.230878)
(-0.552468 0 0.255456)
(-0.553326 0 0.280397)
(-0.553902 0 0.305682)
(-0.554179 0 0.331293)
(-0.554143 0 0.357206)
(-0.55378 0 0.383396)
(-0.553074 0 0.409836)
(-0.552014 0 0.436493)
(-0.550587 0 0.463336)
(-0.548781 0 0.490328)
(-0.546586 0 0.517431)
(-0.543994 0 0.544603)
(-0.540997 0 0.571801)
(-0.537588 0 0.59898)
(-0.533765 0 0.626093)
(-0.529524 0 0.653091)
(-0.524866 0 0.679925)
(-0.51979 0 0.706543)
(-0.514302 0 0.732895)
(-0.508405 0 0.758928)
(-0.502107 0 0.784592)
(-0.495417 0 0.809836)
(-0.488345 0 0.83461)
(-0.480905 0 0.858865)
(-0.473111 0 0.882555)
(-0.464977 0 0.905634)
(-0.456522 0 0.928061)
(-0.447759 0 0.949795)
(-0.438725 0 0.970801)
(-0.429488 0 0.991047)
(-0.420023 0 1.0105)
(-0.408859 0 1.02914)
(-0.00226488 0 -0.582954)
(-0.00678671 0 -0.582567)
(-0.0112987 0 -0.582144)
(-0.0157993 0 -0.581683)
(-0.0202878 0 -0.581186)
(-0.0247632 0 -0.580655)
(-0.0292243 0 -0.580093)
(-0.03367 0 -0.579504)
(-0.0380991 0 -0.578891)
(-0.0425105 0 -0.578259)
(-0.0469027 0 -0.577612)
(-0.0512746 0 -0.576955)
(-0.0556248 0 -0.576292)
(-0.0599521 0 -0.575628)
(-0.0642548 0 -0.57497)
(-0.0685317 0 -0.574322)
(-0.0727813 0 -0.573691)
(-0.077002 0 -0.573082)
(-0.0811924 0 -0.572502)
(-0.0853507 0 -0.571957)
(-0.0894754 0 -0.571454)
(-0.0935649 0 -0.570999)
(-0.0976173 0 -0.570599)
(-0.101631 0 -0.570261)
(-0.105605 0 -0.569991)
(-0.109536 0 -0.569797)
(-0.113423 0 -0.569685)
(-0.117264 0 -0.569663)
(-0.121058 0 -0.569737)
(-0.124803 0 -0.569914)
(-0.128496 0 -0.5702)
(-0.132136 0 -0.570603)
(-0.135721 0 -0.571127)
(-0.13925 0 -0.571781)
(-0.14272 0 -0.572568)
(-0.146131 0 -0.573496)
(-0.14948 0 -0.574568)
(-0.152767 0 -0.57579)
(-0.155989 0 -0.577165)
(-0.159146 0 -0.578698)
(-0.162236 0 -0.58039)
(-0.165259 0 -0.582244)
(-0.168215 0 -0.584261)
(-0.171102 0 -0.586441)
(-0.173922 0 -0.588782)
(-0.176675 0 -0.591283)
(-0.17936 0 -0.593939)
(-0.181981 0 -0.596746)
(-0.184538 0 -0.599697)
(-0.187033 0 -0.602783)
(-0.18947 0 -0.605994)
(-0.191851 0 -0.60932)
(-0.194181 0 -0.612747)
(-0.196464 0 -0.61626)
(-0.198704 0 -0.619845)
(-0.200907 0 -0.623486)
(-0.203078 0 -0.627164)
(-0.205222 0 -0.630862)
(-0.207347 0 -0.634563)
(-0.209457 0 -0.638249)
(-0.211559 0 -0.641904)
(-0.213657 0 -0.64551)
(-0.215759 0 -0.649054)
(-0.217868 0 -0.652521)
(-0.21999 0 -0.655898)
(-0.222128 0 -0.659177)
(-0.224286 0 -0.662346)
(-0.226468 0 -0.665398)
(-0.228675 0 -0.668328)
(-0.230911 0 -0.671131)
(-0.233176 0 -0.673803)
(-0.235471 0 -0.676343)
(-0.237797 0 -0.678751)
(-0.240154 0 -0.681025)
(-0.242541 0 -0.683168)
(-0.244959 0 -0.68518)
(-0.247407 0 -0.687065)
(-0.249882 0 -0.688823)
(-0.252385 0 -0.690459)
(-0.254914 0 -0.691975)
(-0.257466 0 -0.693375)
(-0.260042 0 -0.694661)
(-0.262639 0 -0.695836)
(-0.265255 0 -0.696903)
(-0.26789 0 -0.697866)
(-0.270541 0 -0.698727)
(-0.273208 0 -0.699489)
(-0.275888 0 -0.700153)
(-0.278581 0 -0.700722)
(-0.281284 0 -0.701198)
(-0.283998 0 -0.701582)
(-0.28672 0 -0.701876)
(-0.28945 0 -0.702081)
(-0.292187 0 -0.702198)
(-0.29493 0 -0.702229)
(-0.297678 0 -0.702173)
(-0.30043 0 -0.702032)
(-0.303185 0 -0.701806)
(-0.305944 0 -0.701495)
(-0.308705 0 -0.701098)
(-0.311468 0 -0.700617)
(-0.314233 0 -0.700051)
(-0.316999 0 -0.6994)
(-0.319767 0 -0.698664)
(-0.322535 0 -0.697841)
(-0.325303 0 -0.696932)
(-0.328072 0 -0.695936)
(-0.330841 0 -0.694852)
(-0.333611 0 -0.693681)
(-0.33638 0 -0.69242)
(-0.33915 0 -0.691069)
(-0.341921 0 -0.689628)
(-0.344691 0 -0.688095)
(-0.347462 0 -0.68647)
(-0.350234 0 -0.684751)
(-0.353006 0 -0.682938)
(-0.35578 0 -0.681029)
(-0.358554 0 -0.679024)
(-0.36133 0 -0.676921)
(-0.364108 0 -0.674719)
(-0.366887 0 -0.672417)
(-0.369669 0 -0.670014)
(-0.372453 0 -0.667509)
(-0.37524 0 -0.664899)
(-0.37803 0 -0.662185)
(-0.380824 0 -0.659364)
(-0.383622 0 -0.656435)
(-0.386424 0 -0.653397)
(-0.389231 0 -0.650248)
(-0.392044 0 -0.646987)
(-0.394862 0 -0.643611)
(-0.397687 0 -0.64012)
(-0.400518 0 -0.636512)
(-0.403357 0 -0.632784)
(-0.406204 0 -0.628935)
(-0.409059 0 -0.624964)
(-0.411923 0 -0.620867)
(-0.414797 0 -0.616644)
(-0.417681 0 -0.612291)
(-0.420576 0 -0.607807)
(-0.423483 0 -0.603189)
(-0.426402 0 -0.598435)
(-0.429334 0 -0.593543)
(-0.43228 0 -0.588509)
(-0.435241 0 -0.583332)
(-0.438216 0 -0.578007)
(-0.441208 0 -0.572534)
(-0.444216 0 -0.566907)
(-0.447242 0 -0.561125)
(-0.450286 0 -0.555183)
(-0.453349 0 -0.549079)
(-0.456432 0 -0.542809)
(-0.459535 0 -0.536369)
(-0.46266 0 -0.529756)
(-0.465806 0 -0.522965)
(-0.468976 0 -0.515993)
(-0.472169 0 -0.508834)
(-0.475387 0 -0.501486)
(-0.478629 0 -0.493942)
(-0.481896 0 -0.4862)
(-0.48519 0 -0.478253)
(-0.48851 0 -0.470096)
(-0.491857 0 -0.461725)
(-0.495231 0 -0.453134)
(-0.498633 0 -0.444318)
(-0.502062 0 -0.435271)
(-0.50552 0 -0.425988)
(-0.509005 0 -0.416461)
(-0.512517 0 -0.406686)
(-0.516057 0 -0.396656)
(-0.519623 0 -0.386365)
(-0.523215 0 -0.375806)
(-0.526832 0 -0.364972)
(-0.530474 0 -0.353858)
(-0.534138 0 -0.342455)
(-0.537824 0 -0.330758)
(-0.541529 0 -0.318759)
(-0.545251 0 -0.306451)
(-0.548988 0 -0.293827)
(-0.552738 0 -0.280881)
(-0.556497 0 -0.267604)
(-0.560261 0 -0.253991)
(-0.564028 0 -0.240034)
(-0.567793 0 -0.225726)
(-0.571551 0 -0.211061)
(-0.575297 0 -0.196033)
(-0.579026 0 -0.180634)
(-0.582732 0 -0.164859)
(-0.586409 0 -0.148703)
(-0.590049 0 -0.132161)
(-0.593644 0 -0.115226)
(-0.597188 0 -0.0978958)
(-0.600671 0 -0.0801656)
(-0.604084 0 -0.0620327)
(-0.607418 0 -0.0434943)
(-0.610662 0 -0.0245488)
(-0.613803 0 -0.00519501)
(-0.616842 0 0.0145634)
(-0.619746 0 0.0347194)
(-0.622516 0 0.0552735)
(-0.625138 0 0.0762253)
(-0.627598 0 0.0975732)
(-0.629884 0 0.119314)
(-0.631982 0 0.141444)
(-0.633879 0 0.163956)
(-0.635561 0 0.186843)
(-0.637013 0 0.210096)
(-0.638222 0 0.233704)
(-0.639173 0 0.257653)
(-0.639851 0 0.281929)
(-0.640242 0 0.306514)
(-0.640332 0 0.331389)
(-0.640106 0 0.356532)
(-0.639551 0 0.381919)
(-0.638654 0 0.407523)
(-0.637403 0 0.433316)
(-0.635785 0 0.459266)
(-0.633789 0 0.48534)
(-0.631407 0 0.511502)
(-0.62863 0 0.537714)
(-0.62545 0 0.563936)
(-0.621861 0 0.590126)
(-0.617859 0 0.616243)
(-0.613442 0 0.64224)
(-0.608608 0 0.668073)
(-0.603358 0 0.693695)
(-0.597695 0 0.719059)
(-0.591622 0 0.744118)
(-0.585145 0 0.768826)
(-0.578273 0 0.793135)
(-0.571014 0 0.817)
(-0.56338 0 0.840376)
(-0.555382 0 0.863221)
(-0.547036 0 0.885492)
(-0.538353 0 0.907151)
(-0.529349 0 0.928159)
(-0.520054 0 0.948483)
(-0.510535 0 0.968091)
(-0.500766 0 0.986952)
(-0.489338 0 1.00504)
(-0.00241608 0 -0.571724)
(-0.00724027 0 -0.571361)
(-0.0120547 0 -0.570962)
(-0.0168577 0 -0.570529)
(-0.0216486 0 -0.570062)
(-0.0264264 0 -0.569564)
(-0.0311899 0 -0.569038)
(-0.035938 0 -0.568487)
(-0.0406696 0 -0.567916)
(-0.0453833 0 -0.567328)
(-0.0500779 0 -0.566729)
(-0.0547523 0 -0.566122)
(-0.059405 0 -0.565512)
(-0.0640349 0 -0.564906)
(-0.0686404 0 -0.564308)
(-0.0732202 0 -0.563724)
(-0.0777729 0 -0.56316)
(-0.0822971 0 -0.562622)
(-0.0867912 0 -0.562117)
(-0.0912537 0 -0.56165)
(-0.0956832 0 -0.561229)
(-0.100078 0 -0.56086)
(-0.104437 0 -0.56055)
(-0.108757 0 -0.560305)
(-0.113039 0 -0.560134)
(-0.117279 0 -0.560042)
(-0.121476 0 -0.560037)
(-0.125629 0 -0.560125)
(-0.129736 0 -0.560313)
(-0.133796 0 -0.560609)
(-0.137806 0 -0.561018)
(-0.141765 0 -0.561548)
(-0.145672 0 -0.562204)
(-0.149525 0 -0.562992)
(-0.153323 0 -0.563918)
(-0.157064 0 -0.564987)
(-0.160747 0 -0.566204)
(-0.164372 0 -0.567574)
(-0.167936 0 -0.5691)
(-0.171439 0 -0.570785)
(-0.174881 0 -0.572632)
(-0.178261 0 -0.574641)
(-0.181579 0 -0.576814)
(-0.184835 0 -0.57915)
(-0.18803 0 -0.581646)
(-0.191165 0 -0.584299)
(-0.19424 0 -0.587105)
(-0.197258 0 -0.590057)
(-0.200221 0 -0.593147)
(-0.203131 0 -0.596367)
(-0.205992 0 -0.599704)
(-0.208808 0 -0.603146)
(-0.211582 0 -0.606679)
(-0.214319 0 -0.610288)
(-0.217024 0 -0.613956)
(-0.219703 0 -0.617666)
(-0.22236 0 -0.6214)
(-0.225002 0 -0.625141)
(-0.227635 0 -0.628871)
(-0.230263 0 -0.632572)
(-0.232893 0 -0.636228)
(-0.235529 0 -0.639823)
(-0.238178 0 -0.643343)
(-0.240842 0 -0.646775)
(-0.243526 0 -0.650109)
(-0.246234 0 -0.653334)
(-0.248968 0 -0.656443)
(-0.251731 0 -0.65943)
(-0.254525 0 -0.662289)
(-0.25735 0 -0.665019)
(-0.260209 0 -0.667615)
(-0.2631 0 -0.670079)
(-0.266024 0 -0.672409)
(-0.268981 0 -0.674607)
(-0.27197 0 -0.676675)
(-0.27499 0 -0.678615)
(-0.27804 0 -0.680429)
(-0.281118 0 -0.682121)
(-0.284224 0 -0.683694)
(-0.287355 0 -0.68515)
(-0.290509 0 -0.686494)
(-0.293686 0 -0.687727)
(-0.296884 0 -0.688854)
(-0.300101 0 -0.689877)
(-0.303335 0 -0.690799)
(-0.306585 0 -0.691623)
(-0.30985 0 -0.69235)
(-0.313128 0 -0.692984)
(-0.316418 0 -0.693525)
(-0.319719 0 -0.693976)
(-0.323028 0 -0.694339)
(-0.326347 0 -0.694613)
(-0.329673 0 -0.694802)
(-0.333005 0 -0.694904)
(-0.336343 0 -0.694922)
(-0.339686 0 -0.694855)
(-0.343033 0 -0.694705)
(-0.346384 0 -0.69447)
(-0.349738 0 -0.694152)
(-0.353095 0 -0.693751)
(-0.356453 0 -0.693265)
(-0.359814 0 -0.692695)
(-0.363176 0 -0.692041)
(-0.36654 0 -0.691302)
(-0.369904 0 -0.690478)
(-0.37327 0 -0.689567)
(-0.376636 0 -0.68857)
(-0.380003 0 -0.687485)
(-0.38337 0 -0.686312)
(-0.386738 0 -0.685051)
(-0.390106 0 -0.683699)
(-0.393476 0 -0.682257)
(-0.396845 0 -0.680722)
(-0.400216 0 -0.679095)
(-0.403587 0 -0.677375)
(-0.40696 0 -0.675559)
(-0.410333 0 -0.673648)
(-0.413708 0 -0.671639)
(-0.417084 0 -0.669533)
(-0.420461 0 -0.667327)
(-0.423841 0 -0.66502)
(-0.427223 0 -0.662611)
(-0.430607 0 -0.6601)
(-0.433993 0 -0.657483)
(-0.437383 0 -0.654761)
(-0.440775 0 -0.651932)
(-0.444171 0 -0.648993)
(-0.447571 0 -0.645945)
(-0.450975 0 -0.642785)
(-0.454383 0 -0.639511)
(-0.457796 0 -0.636122)
(-0.461214 0 -0.632617)
(-0.464638 0 -0.628993)
(-0.468067 0 -0.625249)
(-0.471503 0 -0.621382)
(-0.474945 0 -0.617392)
(-0.478395 0 -0.613275)
(-0.481852 0 -0.60903)
(-0.485317 0 -0.604655)
(-0.488791 0 -0.600146)
(-0.492274 0 -0.595503)
(-0.495766 0 -0.590722)
(-0.499267 0 -0.585802)
(-0.50278 0 -0.580738)
(-0.506303 0 -0.57553)
(-0.509837 0 -0.570173)
(-0.513383 0 -0.564665)
(-0.516942 0 -0.559002)
(-0.520513 0 -0.553183)
(-0.524098 0 -0.547203)
(-0.527696 0 -0.541058)
(-0.531309 0 -0.534747)
(-0.534937 0 -0.528264)
(-0.538579 0 -0.521606)
(-0.542238 0 -0.514769)
(-0.545912 0 -0.507749)
(-0.549602 0 -0.500543)
(-0.553309 0 -0.493144)
(-0.557034 0 -0.48555)
(-0.560775 0 -0.477756)
(-0.564533 0 -0.469756)
(-0.56831 0 -0.461547)
(-0.572103 0 -0.453123)
(-0.575914 0 -0.444478)
(-0.579743 0 -0.435608)
(-0.583588 0 -0.426508)
(-0.58745 0 -0.417171)
(-0.591329 0 -0.407592)
(-0.595223 0 -0.397766)
(-0.599133 0 -0.387686)
(-0.603056 0 -0.377346)
(-0.606992 0 -0.366742)
(-0.610941 0 -0.355865)
(-0.614899 0 -0.344711)
(-0.618866 0 -0.333273)
(-0.62284 0 -0.321544)
(-0.626818 0 -0.309519)
(-0.630799 0 -0.29719)
(-0.634779 0 -0.284553)
(-0.638755 0 -0.271599)
(-0.642724 0 -0.258324)
(-0.646683 0 -0.244721)
(-0.650627 0 -0.230784)
(-0.654552 0 -0.216507)
(-0.658452 0 -0.201884)
(-0.662324 0 -0.186911)
(-0.666161 0 -0.171582)
(-0.669957 0 -0.155891)
(-0.673706 0 -0.139836)
(-0.6774 0 -0.123411)
(-0.681032 0 -0.106613)
(-0.684594 0 -0.0894383)
(-0.688078 0 -0.0718854)
(-0.691474 0 -0.053952)
(-0.694774 0 -0.0356369)
(-0.697965 0 -0.0169393)
(-0.701045 0 0.00214077)
(-0.703989 0 0.0215953)
(-0.706791 0 0.0414192)
(-0.709444 0 0.0616132)
(-0.711933 0 0.0821761)
(-0.714247 0 0.103106)
(-0.716374 0 0.124397)
(-0.718301 0 0.146047)
(-0.720015 0 0.168047)
(-0.721504 0 0.190389)
(-0.722753 0 0.213064)
(-0.723751 0 0.236061)
(-0.724482 0 0.259365)
(-0.724934 0 0.282963)
(-0.725093 0 0.306836)
(-0.724945 0 0.330967)
(-0.724479 0 0.355333)
(-0.72368 0 0.379912)
(-0.722537 0 0.404679)
(-0.721039 0 0.429606)
(-0.719173 0 0.454665)
(-0.716931 0 0.479823)
(-0.714303 0 0.505047)
(-0.711281 0 0.530304)
(-0.707858 0 0.555555)
(-0.704028 0 0.580763)
(-0.699787 0 0.605887)
(-0.695133 0 0.630888)
(-0.690065 0 0.655723)
(-0.684581 0 0.680351)
(-0.678685 0 0.704727)
(-0.672379 0 0.728809)
(-0.665668 0 0.752555)
(-0.65856 0 0.775921)
(-0.651062 0 0.798866)
(-0.643184 0 0.821348)
(-0.634936 0 0.843327)
(-0.626331 0 0.864765)
(-0.617381 0 0.885626)
(-0.608096 0 0.905873)
(-0.598507 0 0.925473)
(-0.588676 0 0.944396)
(-0.578582 0 0.962611)
(-0.566863 0 0.980089)
(-0.00256392 0 -0.559777)
(-0.00768379 0 -0.559436)
(-0.012794 0 -0.559063)
(-0.0178928 0 -0.558657)
(-0.0229797 0 -0.558221)
(-0.0280535 0 -0.557755)
(-0.0331131 0 -0.557265)
(-0.0381574 0 -0.556753)
(-0.0431851 0 -0.556223)
(-0.0481953 0 -0.555679)
(-0.0531865 0 -0.555126)
(-0.0581575 0 -0.554569)
(-0.0631072 0 -0.554013)
(-0.0680342 0 -0.553463)
(-0.0729372 0 -0.552925)
(-0.0778149 0 -0.552404)
(-0.0826659 0 -0.551906)
(-0.0874888 0 -0.551438)
(-0.0922823 0 -0.551006)
(-0.0970448 0 -0.550617)
(-0.101775 0 -0.550276)
(-0.106472 0 -0.549991)
(-0.111133 0 -0.549769)
(-0.115757 0 -0.549616)
(-0.120344 0 -0.54954)
(-0.124891 0 -0.549547)
(-0.129396 0 -0.549644)
(-0.133859 0 -0.549839)
(-0.138278 0 -0.550137)
(-0.142652 0 -0.550547)
(-0.146979 0 -0.551073)
(-0.151257 0 -0.551724)
(-0.155486 0 -0.552503)
(-0.159665 0 -0.553419)
(-0.163791 0 -0.554475)
(-0.167865 0 -0.555677)
(-0.171884 0 -0.55703)
(-0.175849 0 -0.558538)
(-0.179759 0 -0.560203)
(-0.183613 0 -0.562029)
(-0.187411 0 -0.564018)
(-0.191153 0 -0.566169)
(-0.194839 0 -0.568483)
(-0.19847 0 -0.570958)
(-0.202047 0 -0.573592)
(-0.205571 0 -0.576379)
(-0.209044 0 -0.579315)
(-0.212468 0 -0.582393)
(-0.215845 0 -0.585601)
(-0.219179 0 -0.588932)
(-0.222474 0 -0.592371)
(-0.225733 0 -0.595906)
(-0.22896 0 -0.59952)
(-0.232161 0 -0.603199)
(-0.23534 0 -0.606925)
(-0.238504 0 -0.610679)
(-0.241656 0 -0.614445)
(-0.244803 0 -0.618203)
(-0.247951 0 -0.621937)
(-0.251104 0 -0.625629)
(-0.254268 0 -0.629264)
(-0.257447 0 -0.632827)
(-0.260646 0 -0.636304)
(-0.263867 0 -0.639684)
(-0.267116 0 -0.642957)
(-0.270394 0 -0.646116)
(-0.273703 0 -0.649152)
(-0.277046 0 -0.652062)
(-0.280423 0 -0.654842)
(-0.283835 0 -0.657489)
(-0.287282 0 -0.660004)
(-0.290764 0 -0.662385)
(-0.294281 0 -0.664635)
(-0.297831 0 -0.666754)
(-0.301414 0 -0.668746)
(-0.305029 0 -0.670613)
(-0.308673 0 -0.672357)
(-0.312346 0 -0.673982)
(-0.316045 0 -0.675492)
(-0.31977 0 -0.67689)
(-0.323518 0 -0.678178)
(-0.327287 0 -0.679361)
(-0.331077 0 -0.680441)
(-0.334886 0 -0.681421)
(-0.338711 0 -0.682303)
(-0.342551 0 -0.683091)
(-0.346406 0 -0.683786)
(-0.350274 0 -0.68439)
(-0.354152 0 -0.684905)
(-0.358042 0 -0.685332)
(-0.36194 0 -0.685673)
(-0.365847 0 -0.685929)
(-0.36976 0 -0.686101)
(-0.373681 0 -0.686189)
(-0.377607 0 -0.686194)
(-0.381537 0 -0.686117)
(-0.385473 0 -0.685957)
(-0.389412 0 -0.685714)
(-0.393354 0 -0.685389)
(-0.397299 0 -0.684981)
(-0.401247 0 -0.68449)
(-0.405197 0 -0.683916)
(-0.409148 0 -0.683258)
(-0.413102 0 -0.682516)
(-0.417056 0 -0.681689)
(-0.421012 0 -0.680776)
(-0.424969 0 -0.679777)
(-0.428927 0 -0.67869)
(-0.432886 0 -0.677515)
(-0.436846 0 -0.676252)
(-0.440807 0 -0.674898)
(-0.444768 0 -0.673454)
(-0.448731 0 -0.671918)
(-0.452694 0 -0.670289)
(-0.456658 0 -0.668566)
(-0.460624 0 -0.666748)
(-0.464591 0 -0.664833)
(-0.468559 0 -0.662822)
(-0.472528 0 -0.660711)
(-0.476499 0 -0.658501)
(-0.480471 0 -0.65619)
(-0.484446 0 -0.653776)
(-0.488422 0 -0.651259)
(-0.4924 0 -0.648637)
(-0.496381 0 -0.645908)
(-0.500364 0 -0.643071)
(-0.50435 0 -0.640125)
(-0.508339 0 -0.637068)
(-0.512331 0 -0.633899)
(-0.516327 0 -0.630616)
(-0.520326 0 -0.627216)
(-0.524328 0 -0.6237)
(-0.528335 0 -0.620064)
(-0.532346 0 -0.616307)
(-0.536361 0 -0.612427)
(-0.540382 0 -0.608422)
(-0.544407 0 -0.604291)
(-0.548437 0 -0.60003)
(-0.552473 0 -0.595637)
(-0.556515 0 -0.591112)
(-0.560563 0 -0.58645)
(-0.564617 0 -0.58165)
(-0.568677 0 -0.576709)
(-0.572745 0 -0.571624)
(-0.576819 0 -0.566394)
(-0.580901 0 -0.561014)
(-0.58499 0 -0.555482)
(-0.589087 0 -0.549795)
(-0.593192 0 -0.54395)
(-0.597306 0 -0.537943)
(-0.601427 0 -0.531772)
(-0.605558 0 -0.525432)
(-0.609697 0 -0.518921)
(-0.613844 0 -0.512233)
(-0.618001 0 -0.505367)
(-0.622167 0 -0.498317)
(-0.626342 0 -0.491079)
(-0.630526 0 -0.48365)
(-0.634719 0 -0.476025)
(-0.63892 0 -0.468199)
(-0.643131 0 -0.460169)
(-0.647349 0 -0.451928)
(-0.651576 0 -0.443474)
(-0.65581 0 -0.434799)
(-0.660051 0 -0.425901)
(-0.664299 0 -0.416772)
(-0.668552 0 -0.407409)
(-0.67281 0 -0.397806)
(-0.677072 0 -0.387957)
(-0.681336 0 -0.377857)
(-0.685602 0 -0.367501)
(-0.689868 0 -0.356882)
(-0.694132 0 -0.345996)
(-0.698392 0 -0.334836)
(-0.702646 0 -0.323397)
(-0.706893 0 -0.311672)
(-0.711128 0 -0.299657)
(-0.715351 0 -0.287346)
(-0.719556 0 -0.274732)
(-0.723742 0 -0.261811)
(-0.727904 0 -0.248577)
(-0.732039 0 -0.235024)
(-0.736142 0 -0.221149)
(-0.740208 0 -0.206944)
(-0.744232 0 -0.192407)
(-0.748209 0 -0.177532)
(-0.752133 0 -0.162315)
(-0.755997 0 -0.146752)
(-0.759796 0 -0.130841)
(-0.763522 0 -0.114577)
(-0.767167 0 -0.0979594)
(-0.770723 0 -0.0809851)
(-0.774182 0 -0.0636529)
(-0.777536 0 -0.0459622)
(-0.780773 0 -0.0279131)
(-0.783884 0 -0.00950655)
(-0.786868 0 0.00925484)
(-0.789696 0 0.0283634)
(-0.792369 0 0.047817)
(-0.794874 0 0.0676145)
(-0.797201 0 0.0877539)
(-0.799338 0 0.108232)
(-0.801274 0 0.129043)
(-0.802997 0 0.150183)
(-0.804495 0 0.171643)
(-0.805756 0 0.193415)
(-0.806767 0 0.215489)
(-0.807515 0 0.237852)
(-0.807989 0 0.260493)
(-0.808176 0 0.283395)
(-0.808063 0 0.306542)
(-0.807638 0 0.329916)
(-0.806888 0 0.353496)
(-0.805803 0 0.37726)
(-0.80437 0 0.401184)
(-0.802579 0 0.425242)
(-0.80042 0 0.449408)
(-0.797885 0 0.473651)
(-0.794963 0 0.497941)
(-0.791648 0 0.522245)
(-0.787934 0 0.546529)
(-0.783814 0 0.570758)
(-0.779286 0 0.594896)
(-0.774347 0 0.618905)
(-0.768995 0 0.642747)
(-0.763229 0 0.666383)
(-0.757053 0 0.689773)
(-0.750467 0 0.712879)
(-0.743478 0 0.735661)
(-0.73609 0 0.758079)
(-0.72831 0 0.780096)
(-0.720147 0 0.801673)
(-0.711611 0 0.822773)
(-0.702712 0 0.84336)
(-0.69346 0 0.8634)
(-0.683866 0 0.882858)
(-0.673956 0 0.901704)
(-0.663794 0 0.919907)
(-0.653358 0 0.937437)
(-0.641331 0 0.954265)
(-0.00270839 0 -0.547127)
(-0.00811723 0 -0.54681)
(-0.0135165 0 -0.546462)
(-0.0189047 0 -0.546083)
(-0.0242809 0 -0.545677)
(-0.0296443 0 -0.545244)
(-0.0349936 0 -0.544789)
(-0.0403278 0 -0.544314)
(-0.0456457 0 -0.543825)
(-0.0509461 0 -0.543325)
(-0.056228 0 -0.542819)
(-0.06149 0 -0.542312)
(-0.0667309 0 -0.541808)
(-0.0719496 0 -0.541314)
(-0.0771448 0 -0.540834)
(-0.0823151 0 -0.540375)
(-0.0874595 0 -0.539942)
(-0.0925764 0 -0.539543)
(-0.0976647 0 -0.539182)
(-0.102723 0 -0.538867)
(-0.10775 0 -0.538605)
(-0.112744 0 -0.538401)
(-0.117705 0 -0.538264)
(-0.12263 0 -0.538199)
(-0.127519 0 -0.538214)
(-0.13237 0 -0.538316)
(-0.137181 0 -0.538512)
(-0.141952 0 -0.538808)
(-0.146682 0 -0.539211)
(-0.151368 0 -0.539728)
(-0.156011 0 -0.540366)
(-0.160609 0 -0.541129)
(-0.16516 0 -0.542026)
(-0.169664 0 -0.54306)
(-0.17412 0 -0.544237)
(-0.178528 0 -0.545563)
(-0.182886 0 -0.547041)
(-0.187194 0 -0.548675)
(-0.191452 0 -0.550467)
(-0.19566 0 -0.552421)
(-0.199818 0 -0.554536)
(-0.203927 0 -0.556814)
(-0.207986 0 -0.559253)
(-0.211997 0 -0.561851)
(-0.215961 0 -0.564604)
(-0.219881 0 -0.567507)
(-0.223757 0 -0.570553)
(-0.227594 0 -0.573734)
(-0.231393 0 -0.57704)
(-0.235158 0 -0.580458)
(-0.238893 0 -0.583976)
(-0.242602 0 -0.587579)
(-0.24629 0 -0.591251)
(-0.249961 0 -0.594975)
(-0.253621 0 -0.598734)
(-0.257275 0 -0.602508)
(-0.260928 0 -0.606281)
(-0.264586 0 -0.610033)
(-0.268253 0 -0.613749)
(-0.271934 0 -0.617411)
(-0.275634 0 -0.621005)
(-0.279357 0 -0.624516)
(-0.283106 0 -0.627934)
(-0.286885 0 -0.631246)
(-0.290696 0 -0.634446)
(-0.294541 0 -0.637525)
(-0.298422 0 -0.640478)
(-0.302339 0 -0.643303)
(-0.306294 0 -0.645996)
(-0.310286 0 -0.648556)
(-0.314315 0 -0.650984)
(-0.318381 0 -0.653281)
(-0.322482 0 -0.655447)
(-0.326617 0 -0.657486)
(-0.330785 0 -0.659401)
(-0.334985 0 -0.661194)
(-0.339214 0 -0.662868)
(-0.343471 0 -0.664428)
(-0.347755 0 -0.665876)
(-0.352063 0 -0.667216)
(-0.356394 0 -0.668451)
(-0.360747 0 -0.669584)
(-0.365119 0 -0.670618)
(-0.369509 0 -0.671556)
(-0.373915 0 -0.672401)
(-0.378336 0 -0.673153)
(-0.382771 0 -0.673817)
(-0.387219 0 -0.674392)
(-0.391677 0 -0.674882)
(-0.396146 0 -0.675286)
(-0.400623 0 -0.675607)
(-0.405109 0 -0.675844)
(-0.409602 0 -0.675999)
(-0.414102 0 -0.676073)
(-0.418607 0 -0.676065)
(-0.423117 0 -0.675976)
(-0.427632 0 -0.675806)
(-0.432151 0 -0.675555)
(-0.436674 0 -0.675222)
(-0.441199 0 -0.674808)
(-0.445728 0 -0.674311)
(-0.450258 0 -0.673732)
(-0.454792 0 -0.673069)
(-0.459326 0 -0.672323)
(-0.463863 0 -0.671492)
(-0.468401 0 -0.670576)
(-0.472941 0 -0.669574)
(-0.477482 0 -0.668484)
(-0.482025 0 -0.667307)
(-0.486568 0 -0.666041)
(-0.491112 0 -0.664685)
(-0.495658 0 -0.663239)
(-0.500205 0 -0.6617)
(-0.504752 0 -0.660068)
(-0.509301 0 -0.658343)
(-0.513851 0 -0.656522)
(-0.518402 0 -0.654605)
(-0.522954 0 -0.65259)
(-0.527508 0 -0.650476)
(-0.532062 0 -0.648262)
(-0.536618 0 -0.645947)
(-0.541175 0 -0.64353)
(-0.545734 0 -0.641008)
(-0.550295 0 -0.638381)
(-0.554857 0 -0.635647)
(-0.55942 0 -0.632805)
(-0.563986 0 -0.629853)
(-0.568553 0 -0.62679)
(-0.573122 0 -0.623615)
(-0.577693 0 -0.620324)
(-0.582267 0 -0.616918)
(-0.586843 0 -0.613394)
(-0.591421 0 -0.60975)
(-0.596001 0 -0.605985)
(-0.600584 0 -0.602097)
(-0.605169 0 -0.598083)
(-0.609757 0 -0.593941)
(-0.614348 0 -0.58967)
(-0.618941 0 -0.585268)
(-0.623538 0 -0.580731)
(-0.628137 0 -0.576059)
(-0.632739 0 -0.571247)
(-0.637344 0 -0.566294)
(-0.641953 0 -0.561198)
(-0.646564 0 -0.555955)
(-0.651178 0 -0.550562)
(-0.655796 0 -0.545017)
(-0.660416 0 -0.539317)
(-0.66504 0 -0.533458)
(-0.669666 0 -0.527438)
(-0.674295 0 -0.521253)
(-0.678927 0 -0.5149)
(-0.683562 0 -0.508375)
(-0.688198 0 -0.501674)
(-0.692837 0 -0.494794)
(-0.697478 0 -0.487731)
(-0.70212 0 -0.480481)
(-0.706764 0 -0.47304)
(-0.711408 0 -0.465403)
(-0.716052 0 -0.457567)
(-0.720697 0 -0.449527)
(-0.72534 0 -0.441278)
(-0.729981 0 -0.432817)
(-0.73462 0 -0.424137)
(-0.739256 0 -0.415235)
(-0.743887 0 -0.406105)
(-0.748512 0 -0.396743)
(-0.753131 0 -0.387144)
(-0.757741 0 -0.377302)
(-0.762341 0 -0.367213)
(-0.76693 0 -0.35687)
(-0.771505 0 -0.34627)
(-0.776064 0 -0.335407)
(-0.780606 0 -0.324276)
(-0.785127 0 -0.312871)
(-0.789625 0 -0.301187)
(-0.794097 0 -0.289219)
(-0.79854 0 -0.276963)
(-0.80295 0 -0.264413)
(-0.807323 0 -0.251564)
(-0.811656 0 -0.238411)
(-0.815944 0 -0.224951)
(-0.820182 0 -0.211179)
(-0.824366 0 -0.19709)
(-0.828489 0 -0.182681)
(-0.832548 0 -0.167948)
(-0.836534 0 -0.152889)
(-0.840442 0 -0.137499)
(-0.844266 0 -0.121777)
(-0.847997 0 -0.105721)
(-0.851629 0 -0.0893294)
(-0.855153 0 -0.0726008)
(-0.858561 0 -0.0555351)
(-0.861844 0 -0.0381324)
(-0.864993 0 -0.0203935)
(-0.867998 0 -0.00231975)
(-0.870855 0 0.0160823)
(-0.873541 0 0.0348051)
(-0.876055 0 0.0538485)
(-0.878386 0 0.0732111)
(-0.880523 0 0.0928899)
(-0.882455 0 0.112881)
(-0.884171 0 0.133179)
(-0.88566 0 0.153777)
(-0.886912 0 0.174667)
(-0.887915 0 0.195841)
(-0.888657 0 0.217288)
(-0.889126 0 0.238996)
(-0.889311 0 0.260951)
(-0.889201 0 0.283139)
(-0.888783 0 0.305544)
(-0.888046 0 0.328147)
(-0.88698 0 0.350929)
(-0.885573 0 0.373868)
(-0.883816 0 0.396943)
(-0.881698 0 0.420128)
(-0.87921 0 0.443397)
(-0.876344 0 0.466724)
(-0.873092 0 0.49008)
(-0.869447 0 0.513434)
(-0.865404 0 0.536754)
(-0.860957 0 0.560009)
(-0.856104 0 0.583165)
(-0.850841 0 0.606187)
(-0.845168 0 0.62904)
(-0.839084 0 0.651689)
(-0.83259 0 0.674098)
(-0.825689 0 0.696229)
(-0.818385 0 0.718048)
(-0.810683 0 0.739518)
(-0.80259 0 0.760603)
(-0.794112 0 0.781269)
(-0.785258 0 0.801481)
(-0.776039 0 0.821205)
(-0.766462 0 0.840409)
(-0.756538 0 0.859061)
(-0.746291 0 0.877132)
(-0.735784 0 0.894591)
(-0.725 0 0.91141)
(-0.712654 0 0.92756)
(-0.00284946 0 -0.533793)
(-0.0085405 0 -0.533498)
(-0.0142222 0 -0.533174)
(-0.019893 0 -0.532823)
(-0.0255521 0 -0.532446)
(-0.0311984 0 -0.532045)
(-0.0368311 0 -0.531624)
(-0.0424488 0 -0.531188)
(-0.0480506 0 -0.530738)
(-0.0536353 0 -0.530282)
(-0.0592017 0 -0.529821)
(-0.0647487 0 -0.529362)
(-0.0702752 0 -0.52891)
(-0.07578 0 -0.52847)
(-0.0812619 0 -0.528048)
(-0.0867198 0 -0.527649)
(-0.0921523 0 -0.527279)
(-0.0975584 0 -0.526946)
(-0.102937 0 -0.526654)
(-0.108287 0 -0.526412)
(-0.113606 0 -0.526224)
(-0.118895 0 -0.526099)
(-0.124151 0 -0.526043)
(-0.129373 0 -0.526063)
(-0.134561 0 -0.526165)
(-0.139713 0 -0.526357)
(-0.144828 0 -0.526645)
(-0.149905 0 -0.527037)
(-0.154943 0 -0.527539)
(-0.159941 0 -0.528157)
(-0.164899 0 -0.528897)
(-0.169814 0 -0.529766)
(-0.174687 0 -0.53077)
(-0.179517 0 -0.531914)
(-0.184304 0 -0.533202)
(-0.189046 0 -0.53464)
(-0.193744 0 -0.536231)
(-0.198397 0 -0.537978)
(-0.203006 0 -0.539885)
(-0.207571 0 -0.541951)
(-0.212091 0 -0.544179)
(-0.216569 0 -0.546567)
(-0.221005 0 -0.549114)
(-0.2254 0 -0.551817)
(-0.229756 0 -0.554671)
(-0.234076 0 -0.557669)
(-0.238361 0 -0.560805)
(-0.242615 0 -0.564068)
(-0.246841 0 -0.567448)
(-0.251042 0 -0.570932)
(-0.255222 0 -0.574505)
(-0.259387 0 -0.578153)
(-0.26354 0 -0.581858)
(-0.267686 0 -0.585604)
(-0.271831 0 -0.589371)
(-0.275979 0 -0.593142)
(-0.280135 0 -0.596899)
(-0.284304 0 -0.600625)
(-0.288492 0 -0.604302)
(-0.292701 0 -0.607915)
(-0.296936 0 -0.61145)
(-0.301201 0 -0.614894)
(-0.305498 0 -0.618237)
(-0.30983 0 -0.621469)
(-0.314199 0 -0.624583)
(-0.318606 0 -0.627573)
(-0.323052 0 -0.630436)
(-0.327537 0 -0.633168)
(-0.332062 0 -0.635769)
(-0.336626 0 -0.638238)
(-0.341228 0 -0.640576)
(-0.345867 0 -0.642786)
(-0.350542 0 -0.644868)
(-0.355252 0 -0.646826)
(-0.359994 0 -0.648663)
(-0.364768 0 -0.650383)
(-0.369571 0 -0.651989)
(-0.374402 0 -0.653483)
(-0.379259 0 -0.654871)
(-0.38414 0 -0.656154)
(-0.389043 0 -0.657337)
(-0.393967 0 -0.658422)
(-0.39891 0 -0.659412)
(-0.40387 0 -0.660309)
(-0.408847 0 -0.661116)
(-0.413838 0 -0.661835)
(-0.418843 0 -0.662468)
(-0.423859 0 -0.663015)
(-0.428887 0 -0.663479)
(-0.433925 0 -0.663861)
(-0.438972 0 -0.664161)
(-0.444027 0 -0.66438)
(-0.449089 0 -0.664519)
(-0.454158 0 -0.664578)
(-0.459232 0 -0.664557)
(-0.464312 0 -0.664456)
(-0.469397 0 -0.664275)
(-0.474486 0 -0.664014)
(-0.479579 0 -0.663673)
(-0.484676 0 -0.663251)
(-0.489775 0 -0.662748)
(-0.494877 0 -0.662163)
(-0.499982 0 -0.661495)
(-0.505089 0 -0.660744)
(-0.510198 0 -0.659909)
(-0.515309 0 -0.658988)
(-0.520422 0 -0.657983)
(-0.525536 0 -0.65689)
(-0.530651 0 -0.65571)
(-0.535768 0 -0.654441)
(-0.540886 0 -0.653082)
(-0.546006 0 -0.651633)
(-0.551126 0 -0.650091)
(-0.556248 0 -0.648457)
(-0.56137 0 -0.646729)
(-0.566493 0 -0.644905)
(-0.571618 0 -0.642986)
(-0.576743 0 -0.640968)
(-0.581869 0 -0.638852)
(-0.586995 0 -0.636636)
(-0.592123 0 -0.634318)
(-0.597251 0 -0.631897)
(-0.60238 0 -0.629373)
(-0.60751 0 -0.626743)
(-0.61264 0 -0.624006)
(-0.617772 0 -0.621161)
(-0.622903 0 -0.618206)
(-0.628036 0 -0.61514)
(-0.633168 0 -0.611961)
(-0.638302 0 -0.608668)
(-0.643436 0 -0.605258)
(-0.64857 0 -0.601731)
(-0.653705 0 -0.598084)
(-0.658839 0 -0.594315)
(-0.663974 0 -0.590423)
(-0.66911 0 -0.586406)
(-0.674245 0 -0.582261)
(-0.67938 0 -0.577987)
(-0.684515 0 -0.573582)
(-0.689649 0 -0.569042)
(-0.694783 0 -0.564366)
(-0.699917 0 -0.559552)
(-0.705049 0 -0.554596)
(-0.710181 0 -0.549497)
(-0.715311 0 -0.544252)
(-0.72044 0 -0.538857)
(-0.725568 0 -0.533311)
(-0.730693 0 -0.527609)
(-0.735816 0 -0.52175)
(-0.740936 0 -0.51573)
(-0.746053 0 -0.509545)
(-0.751167 0 -0.503193)
(-0.756277 0 -0.49667)
(-0.761383 0 -0.489972)
(-0.766483 0 -0.483095)
(-0.771578 0 -0.476037)
(-0.776667 0 -0.468793)
(-0.781749 0 -0.46136)
(-0.786823 0 -0.453732)
(-0.791889 0 -0.445907)
(-0.796945 0 -0.437879)
(-0.801991 0 -0.429645)
(-0.807025 0 -0.4212)
(-0.812046 0 -0.41254)
(-0.817053 0 -0.403661)
(-0.822045 0 -0.394557)
(-0.827019 0 -0.385224)
(-0.831974 0 -0.375657)
(-0.836909 0 -0.365852)
(-0.841821 0 -0.355804)
(-0.846709 0 -0.345508)
(-0.851569 0 -0.334959)
(-0.856399 0 -0.324153)
(-0.861197 0 -0.313085)
(-0.86596 0 -0.30175)
(-0.870684 0 -0.290144)
(-0.875367 0 -0.278262)
(-0.880004 0 -0.266099)
(-0.884593 0 -0.253652)
(-0.889127 0 -0.240916)
(-0.893604 0 -0.227887)
(-0.898019 0 -0.214561)
(-0.902366 0 -0.200935)
(-0.906641 0 -0.187006)
(-0.910838 0 -0.17277)
(-0.91495 0 -0.158224)
(-0.918972 0 -0.143367)
(-0.922897 0 -0.128195)
(-0.926719 0 -0.112709)
(-0.930429 0 -0.0969055)
(-0.934021 0 -0.0807852)
(-0.937486 0 -0.0643477)
(-0.940817 0 -0.0475934)
(-0.944003 0 -0.0305235)
(-0.947036 0 -0.0131396)
(-0.949915 0 0.00455601)
(-0.952613 0 0.0225542)
(-0.955131 0 0.0408508)
(-0.95746 0 0.0594452)
(-0.959589 0 0.0783352)
(-0.961508 0 0.0975172)
(-0.963209 0 0.116986)
(-0.964679 0 0.136737)
(-0.96591 0 0.156762)
(-0.966891 0 0.177053)
(-0.96761 0 0.197601)
(-0.968057 0 0.218395)
(-0.968222 0 0.239423)
(-0.968093 0 0.260672)
(-0.96766 0 0.282127)
(-0.966912 0 0.303772)
(-0.965838 0 0.325589)
(-0.964429 0 0.34756)
(-0.962675 0 0.369665)
(-0.960566 0 0.391882)
(-0.958094 0 0.414188)
(-0.95525 0 0.436558)
(-0.952027 0 0.458967)
(-0.948417 0 0.481388)
(-0.944415 0 0.503793)
(-0.940016 0 0.526154)
(-0.935215 0 0.548438)
(-0.930009 0 0.570617)
(-0.924395 0 0.592657)
(-0.918373 0 0.614528)
(-0.911943 0 0.636195)
(-0.905106 0 0.657626)
(-0.897864 0 0.678788)
(-0.890221 0 0.699647)
(-0.882182 0 0.720169)
(-0.873752 0 0.740324)
(-0.864938 0 0.760076)
(-0.855748 0 0.779396)
(-0.846191 0 0.798251)
(-0.836275 0 0.816611)
(-0.826009 0 0.834447)
(-0.815417 0 0.85173)
(-0.804561 0 0.868431)
(-0.793429 0 0.884524)
(-0.780761 0 0.89998)
(-0.00298708 0 -0.51979)
(-0.00895348 0 -0.519516)
(-0.0149108 0 -0.519217)
(-0.0208574 0 -0.518892)
(-0.0267926 0 -0.518543)
(-0.0327155 0 -0.518174)
(-0.0386249 0 -0.517788)
(-0.0445197 0 -0.517387)
(-0.050399 0 -0.516978)
(-0.0562616 0 -0.516563)
(-0.0621065 0 -0.516147)
(-0.0679326 0 -0.515735)
(-0.0737387 0 -0.515333)
(-0.0795239 0 -0.514946)
(-0.0852869 0 -0.514579)
(-0.0910268 0 -0.514238)
(-0.0967423 0 -0.513929)
(-0.102433 0 -0.51366)
(-0.108096 0 -0.513434)
(-0.113733 0 -0.513261)
(-0.11934 0 -0.513145)
(-0.124918 0 -0.513095)
(-0.130466 0 -0.513115)
(-0.135982 0 -0.513215)
(-0.141465 0 -0.513399)
(-0.146915 0 -0.513675)
(-0.152331 0 -0.514051)
(-0.157712 0 -0.514531)
(-0.163056 0 -0.515124)
(-0.168364 0 -0.515835)
(-0.173634 0 -0.51667)
(-0.178867 0 -0.517636)
(-0.184061 0 -0.518738)
(-0.189216 0 -0.51998)
(-0.194333 0 -0.521369)
(-0.19941 0 -0.522907)
(-0.204448 0 -0.524598)
(-0.209447 0 -0.526446)
(-0.214408 0 -0.528451)
(-0.21933 0 -0.530616)
(-0.224216 0 -0.53294)
(-0.229065 0 -0.535422)
(-0.23388 0 -0.538059)
(-0.238662 0 -0.540848)
(-0.243413 0 -0.543782)
(-0.248135 0 -0.546856)
(-0.252832 0 -0.55006)
(-0.257507 0 -0.553384)
(-0.262162 0 -0.556816)
(-0.266802 0 -0.560343)
(-0.271431 0 -0.563949)
(-0.276053 0 -0.567618)
(-0.280673 0 -0.571334)
(-0.285296 0 -0.575077)
(-0.289927 0 -0.578832)
(-0.294569 0 -0.582578)
(-0.299229 0 -0.586299)
(-0.303909 0 -0.589977)
(-0.308615 0 -0.593597)
(-0.31335 0 -0.597144)
(-0.318117 0 -0.600604)
(-0.322919 0 -0.603968)
(-0.327759 0 -0.607223)
(-0.332638 0 -0.610364)
(-0.337558 0 -0.613384)
(-0.342518 0 -0.616278)
(-0.347521 0 -0.619043)
(-0.352564 0 -0.621679)
(-0.357649 0 -0.624183)
(-0.362774 0 -0.626558)
(-0.367938 0 -0.628805)
(-0.373139 0 -0.630926)
(-0.378377 0 -0.632924)
(-0.383649 0 -0.634801)
(-0.388954 0 -0.636561)
(-0.39429 0 -0.638209)
(-0.399654 0 -0.639746)
(-0.405046 0 -0.641177)
(-0.410464 0 -0.642505)
(-0.415905 0 -0.643734)
(-0.421368 0 -0.644865)
(-0.426851 0 -0.645903)
(-0.432353 0 -0.64685)
(-0.437873 0 -0.647707)
(-0.443407 0 -0.648478)
(-0.448957 0 -0.649163)
(-0.454519 0 -0.649765)
(-0.460094 0 -0.650285)
(-0.465679 0 -0.650724)
(-0.471275 0 -0.651083)
(-0.476879 0 -0.651362)
(-0.482492 0 -0.651563)
(-0.488112 0 -0.651685)
(-0.493739 0 -0.651728)
(-0.499372 0 -0.651694)
(-0.505011 0 -0.65158)
(-0.510655 0 -0.651389)
(-0.516303 0 -0.651118)
(-0.521955 0 -0.650768)
(-0.527611 0 -0.650337)
(-0.533271 0 -0.649827)
(-0.538933 0 -0.649235)
(-0.544598 0 -0.648561)
(-0.550266 0 -0.647804)
(-0.555936 0 -0.646964)
(-0.561608 0 -0.646039)
(-0.567282 0 -0.645029)
(-0.572957 0 -0.643933)
(-0.578634 0 -0.642749)
(-0.584313 0 -0.641477)
(-0.589992 0 -0.640115)
(-0.595673 0 -0.638663)
(-0.601355 0 -0.63712)
(-0.607037 0 -0.635483)
(-0.61272 0 -0.633753)
(-0.618404 0 -0.631928)
(-0.624088 0 -0.630006)
(-0.629773 0 -0.627987)
(-0.635458 0 -0.625869)
(-0.641143 0 -0.623652)
(-0.646828 0 -0.621333)
(-0.652513 0 -0.618912)
(-0.658197 0 -0.616387)
(-0.663882 0 -0.613756)
(-0.669566 0 -0.611019)
(-0.675249 0 -0.608174)
(-0.680931 0 -0.605219)
(-0.686613 0 -0.602154)
(-0.692293 0 -0.598975)
(-0.697972 0 -0.595683)
(-0.703649 0 -0.592275)
(-0.709325 0 -0.588749)
(-0.714999 0 -0.585103)
(-0.720671 0 -0.581337)
(-0.72634 0 -0.577448)
(-0.732006 0 -0.573434)
(-0.73767 0 -0.569292)
(-0.743331 0 -0.565022)
(-0.748988 0 -0.560621)
(-0.754641 0 -0.556087)
(-0.76029 0 -0.551417)
(-0.765935 0 -0.546608)
(-0.771574 0 -0.54166)
(-0.777208 0 -0.536569)
(-0.782837 0 -0.531332)
(-0.788459 0 -0.525947)
(-0.794074 0 -0.520411)
(-0.799682 0 -0.514721)
(-0.805282 0 -0.508875)
(-0.810874 0 -0.502868)
(-0.816456 0 -0.496699)
(-0.822029 0 -0.490363)
(-0.827591 0 -0.483858)
(-0.833141 0 -0.477179)
(-0.83868 0 -0.470325)
(-0.844204 0 -0.46329)
(-0.849715 0 -0.456071)
(-0.855211 0 -0.448665)
(-0.86069 0 -0.441067)
(-0.866151 0 -0.433275)
(-0.871594 0 -0.425282)
(-0.877016 0 -0.417087)
(-0.882416 0 -0.408684)
(-0.887793 0 -0.400069)
(-0.893145 0 -0.391238)
(-0.89847 0 -0.382187)
(-0.903766 0 -0.372912)
(-0.909031 0 -0.363407)
(-0.914262 0 -0.353669)
(-0.919458 0 -0.343694)
(-0.924616 0 -0.333477)
(-0.929733 0 -0.323013)
(-0.934806 0 -0.312298)
(-0.939832 0 -0.301329)
(-0.944807 0 -0.290101)
(-0.949729 0 -0.27861)
(-0.954593 0 -0.266851)
(-0.959396 0 -0.254822)
(-0.964133 0 -0.242518)
(-0.9688 0 -0.229935)
(-0.973392 0 -0.217071)
(-0.977904 0 -0.203922)
(-0.982332 0 -0.190486)
(-0.986668 0 -0.176759)
(-0.990908 0 -0.16274)
(-0.995046 0 -0.148426)
(-0.999075 0 -0.133815)
(-1.00299 0 -0.118908)
(-1.00678 0 -0.103701)
(-1.01044 0 -0.0881964)
(-1.01396 0 -0.0723929)
(-1.01734 0 -0.0562915)
(-1.02057 0 -0.0398934)
(-1.02363 0 -0.0232004)
(-1.02652 0 -0.00621522)
(-1.02924 0 0.0110572)
(-1.03176 0 0.0286096)
(-1.03409 0 0.0464406)
(-1.03621 0 0.064548)
(-1.03812 0 0.0829287)
(-1.0398 0 0.101578)
(-1.04125 0 0.120492)
(-1.04245 0 0.139663)
(-1.0434 0 0.159084)
(-1.04409 0 0.178747)
(-1.04451 0 0.198641)
(-1.04464 0 0.218756)
(-1.04448 0 0.239081)
(-1.04402 0 0.259602)
(-1.04324 0 0.280304)
(-1.04214 0 0.301172)
(-1.04072 0 0.322189)
(-1.03895 0 0.343337)
(-1.03683 0 0.364597)
(-1.03435 0 0.385948)
(-1.0315 0 0.407369)
(-1.02828 0 0.428836)
(-1.02468 0 0.450325)
(-1.0207 0 0.471812)
(-1.01632 0 0.49327)
(-1.01155 0 0.514672)
(-1.00637 0 0.535991)
(-1.0008 0 0.557197)
(-0.994814 0 0.578262)
(-0.988426 0 0.599156)
(-0.981633 0 0.619848)
(-0.974436 0 0.640308)
(-0.966837 0 0.660505)
(-0.958839 0 0.68041)
(-0.950448 0 0.69999)
(-0.941668 0 0.719216)
(-0.932507 0 0.738059)
(-0.92297 0 0.756487)
(-0.913068 0 0.774473)
(-0.902808 0 0.791987)
(-0.892197 0 0.809003)
(-0.881259 0 0.825493)
(-0.870058 0 0.841431)
(-0.858583 0 0.856791)
(-0.845596 0 0.871547)
(-0.0031212 0 -0.505134)
(-0.00935597 0 -0.504882)
(-0.015582 0 -0.504605)
(-0.0217976 0 -0.504306)
(-0.0280021 0 -0.503986)
(-0.0341946 0 -0.503648)
(-0.040374 0 -0.503294)
(-0.0465394 0 -0.50293)
(-0.0526897 0 -0.502558)
(-0.0588239 0 -0.502183)
(-0.0649409 0 -0.501811)
(-0.0710398 0 -0.501445)
(-0.0771195 0 -0.501091)
(-0.083179 0 -0.500754)
(-0.0892174 0 -0.500441)
(-0.0952336 0 -0.500156)
(-0.101227 0 -0.499905)
(-0.107196 0 -0.499696)
(-0.11314 0 -0.499534)
(-0.119058 0 -0.499426)
(-0.124949 0 -0.499378)
(-0.130812 0 -0.499397)
(-0.136647 0 -0.49949)
(-0.142452 0 -0.499664)
(-0.148228 0 -0.499925)
(-0.153972 0 -0.500279)
(-0.159685 0 -0.500735)
(-0.165366 0 -0.501297)
(-0.171014 0 -0.501973)
(-0.176629 0 -0.502769)
(-0.18221 0 -0.50369)
(-0.187758 0 -0.504742)
(-0.193271 0 -0.505931)
(-0.198751 0 -0.507262)
(-0.204196 0 -0.508738)
(-0.209607 0 -0.510364)
(-0.214985 0 -0.512142)
(-0.220329 0 -0.514075)
(-0.225642 0 -0.516165)
(-0.230923 0 -0.518412)
(-0.236173 0 -0.520816)
(-0.241395 0 -0.523373)
(-0.24659 0 -0.526083)
(-0.25176 0 -0.528938)
(-0.256907 0 -0.531934)
(-0.262034 0 -0.535063)
(-0.267144 0 -0.538314)
(-0.27224 0 -0.541677)
(-0.277326 0 -0.545139)
(-0.282406 0 -0.548686)
(-0.287484 0 -0.552303)
(-0.292564 0 -0.555971)
(-0.297652 0 -0.559675)
(-0.30275 0 -0.563396)
(-0.307865 0 -0.567116)
(-0.313 0 -0.570818)
(-0.31816 0 -0.574484)
(-0.323348 0 -0.578097)
(-0.328568 0 -0.581644)
(-0.333823 0 -0.58511)
(-0.339116 0 -0.588483)
(-0.344448 0 -0.591753)
(-0.349823 0 -0.594911)
(-0.35524 0 -0.597952)
(-0.360701 0 -0.60087)
(-0.366205 0 -0.603662)
(-0.371753 0 -0.606325)
(-0.377344 0 -0.60886)
(-0.382977 0 -0.611266)
(-0.388651 0 -0.613545)
(-0.394364 0 -0.615699)
(-0.400115 0 -0.617731)
(-0.405902 0 -0.619644)
(-0.411724 0 -0.621441)
(-0.417577 0 -0.623126)
(-0.423462 0 -0.624701)
(-0.429375 0 -0.626172)
(-0.435315 0 -0.62754)
(-0.44128 0 -0.62881)
(-0.447268 0 -0.629984)
(-0.453277 0 -0.631066)
(-0.459307 0 -0.632057)
(-0.465355 0 -0.632961)
(-0.47142 0 -0.633779)
(-0.4775 0 -0.634514)
(-0.483594 0 -0.635167)
(-0.489702 0 -0.635739)
(-0.495822 0 -0.636231)
(-0.501952 0 -0.636645)
(-0.508093 0 -0.636981)
(-0.514243 0 -0.637239)
(-0.520401 0 -0.637421)
(-0.526566 0 -0.637526)
(-0.532739 0 -0.637553)
(-0.538918 0 -0.637504)
(-0.545103 0 -0.637378)
(-0.551293 0 -0.637175)
(-0.557488 0 -0.636893)
(-0.563687 0 -0.636533)
(-0.56989 0 -0.636094)
(-0.576097 0 -0.635575)
(-0.582307 0 -0.634976)
(-0.588519 0 -0.634296)
(-0.594735 0 -0.633533)
(-0.600953 0 -0.632688)
(-0.607173 0 -0.631758)
(-0.613395 0 -0.630744)
(-0.619618 0 -0.629643)
(-0.625843 0 -0.628456)
(-0.632069 0 -0.627181)
(-0.638296 0 -0.625817)
(-0.644524 0 -0.624363)
(-0.650752 0 -0.622817)
(-0.656981 0 -0.621179)
(-0.66321 0 -0.619448)
(-0.669439 0 -0.617622)
(-0.675668 0 -0.6157)
(-0.681897 0 -0.613681)
(-0.688125 0 -0.611564)
(-0.694352 0 -0.609347)
(-0.700578 0 -0.60703)
(-0.706803 0 -0.60461)
(-0.713026 0 -0.602087)
(-0.719248 0 -0.599459)
(-0.725468 0 -0.596725)
(-0.731685 0 -0.593884)
(-0.7379 0 -0.590933)
(-0.744112 0 -0.587872)
(-0.750321 0 -0.584699)
(-0.756526 0 -0.581412)
(-0.762728 0 -0.578011)
(-0.768925 0 -0.574492)
(-0.775118 0 -0.570854)
(-0.781307 0 -0.567097)
(-0.787489 0 -0.563217)
(-0.793667 0 -0.559213)
(-0.799837 0 -0.555083)
(-0.806002 0 -0.550825)
(-0.812159 0 -0.546437)
(-0.818308 0 -0.541916)
(-0.82445 0 -0.537261)
(-0.830582 0 -0.53247)
(-0.836705 0 -0.527539)
(-0.842818 0 -0.522467)
(-0.84892 0 -0.51725)
(-0.855011 0 -0.511887)
(-0.86109 0 -0.506374)
(-0.867155 0 -0.50071)
(-0.873207 0 -0.49489)
(-0.879244 0 -0.488912)
(-0.885265 0 -0.482773)
(-0.89127 0 -0.47647)
(-0.897257 0 -0.47)
(-0.903225 0 -0.463359)
(-0.909173 0 -0.456544)
(-0.9151 0 -0.449552)
(-0.921005 0 -0.442378)
(-0.926885 0 -0.435021)
(-0.93274 0 -0.427475)
(-0.938568 0 -0.419737)
(-0.944368 0 -0.411804)
(-0.950137 0 -0.403671)
(-0.955874 0 -0.395335)
(-0.961576 0 -0.386791)
(-0.967243 0 -0.378036)
(-0.97287 0 -0.369067)
(-0.978457 0 -0.359877)
(-0.984001 0 -0.350465)
(-0.989498 0 -0.340825)
(-0.994947 0 -0.330955)
(-1.00034 0 -0.320849)
(-1.00569 0 -0.310504)
(-1.01097 0 -0.299916)
(-1.01619 0 -0.289081)
(-1.02135 0 -0.277996)
(-1.02644 0 -0.266657)
(-1.03145 0 -0.255061)
(-1.03639 0 -0.243204)
(-1.04124 0 -0.231082)
(-1.04601 0 -0.218694)
(-1.05069 0 -0.206037)
(-1.05526 0 -0.193107)
(-1.05974 0 -0.179902)
(-1.06411 0 -0.166422)
(-1.06836 0 -0.152663)
(-1.0725 0 -0.138624)
(-1.0765 0 -0.124305)
(-1.08038 0 -0.109706)
(-1.08411 0 -0.0948243)
(-1.08769 0 -0.0796622)
(-1.09112 0 -0.0642198)
(-1.09439 0 -0.0484985)
(-1.09748 0 -0.0325001)
(-1.1004 0 -0.0162268)
(-1.10313 0 0.000318727)
(-1.10566 0 0.0171289)
(-1.10798 0 0.0341981)
(-1.1101 0 0.0515255)
(-1.11199 0 0.0691087)
(-1.11365 0 0.0869441)
(-1.11508 0 0.105027)
(-1.11626 0 0.123352)
(-1.11718 0 0.141911)
(-1.11783 0 0.160698)
(-1.11821 0 0.179704)
(-1.11831 0 0.198919)
(-1.11811 0 0.218331)
(-1.11762 0 0.23793)
(-1.11681 0 0.257702)
(-1.11568 0 0.277633)
(-1.11422 0 0.297708)
(-1.11242 0 0.31791)
(-1.11028 0 0.338223)
(-1.10778 0 0.358629)
(-1.10492 0 0.379106)
(-1.10169 0 0.399636)
(-1.09809 0 0.420196)
(-1.0941 0 0.440764)
(-1.08973 0 0.461316)
(-1.08497 0 0.481829)
(-1.07981 0 0.502277)
(-1.07425 0 0.522634)
(-1.06829 0 0.542874)
(-1.06193 0 0.562969)
(-1.05517 0 0.582893)
(-1.04801 0 0.602618)
(-1.04044 0 0.622115)
(-1.03248 0 0.641356)
(-1.02412 0 0.660313)
(-1.01537 0 0.678958)
(-1.00624 0 0.697263)
(-0.996725 0 0.715201)
(-0.986841 0 0.732743)
(-0.976594 0 0.749863)
(-0.965991 0 0.766535)
(-0.955039 0 0.782733)
(-0.943762 0 0.798432)
(-0.932223 0 0.813608)
(-0.920419 0 0.828236)
(-0.907121 0 0.842291)
(-0.00325172 0 -0.489843)
(-0.00974772 0 -0.489611)
(-0.0162353 0 -0.489358)
(-0.0227128 0 -0.489083)
(-0.0291796 0 -0.48879)
(-0.0356348 0 -0.488481)
(-0.0420775 0 -0.48816)
(-0.0485066 0 -0.48783)
(-0.0549211 0 -0.487495)
(-0.0613202 0 -0.48716)
(-0.0677028 0 -0.486829)
(-0.0740681 0 -0.486507)
(-0.080415 0 -0.486199)
(-0.0867428 0 -0.485911)
(-0.0930504 0 -0.485648)
(-0.0993371 0 -0.485416)
(-0.105602 0 -0.48522)
(-0.111844 0 -0.485068)
(-0.118063 0 -0.484966)
(-0.124257 0 -0.484919)
(-0.130426 0 -0.484934)
(-0.13657 0 -0.485019)
(-0.142687 0 -0.485179)
(-0.148778 0 -0.485421)
(-0.154841 0 -0.485752)
(-0.160875 0 -0.486178)
(-0.166882 0 -0.486706)
(-0.172859 0 -0.487342)
(-0.178807 0 -0.488093)
(-0.184726 0 -0.488964)
(-0.190616 0 -0.489961)
(-0.196476 0 -0.49109)
(-0.202306 0 -0.492355)
(-0.208107 0 -0.493762)
(-0.213879 0 -0.495313)
(-0.219623 0 -0.497013)
(-0.225339 0 -0.498865)
(-0.231028 0 -0.500869)
(-0.236691 0 -0.503028)
(-0.24233 0 -0.505341)
(-0.247945 0 -0.507806)
(-0.253539 0 -0.510422)
(-0.259113 0 -0.513184)
(-0.26467 0 -0.516088)
(-0.270213 0 -0.519125)
(-0.275744 0 -0.522288)
(-0.281266 0 -0.525566)
(-0.286783 0 -0.528947)
(-0.292299 0 -0.532418)
(-0.297818 0 -0.535964)
(-0.303343 0 -0.539569)
(-0.30888 0 -0.543216)
(-0.314432 0 -0.546887)
(-0.320003 0 -0.550566)
(-0.325598 0 -0.554233)
(-0.331221 0 -0.557871)
(-0.336876 0 -0.561465)
(-0.342565 0 -0.564998)
(-0.348292 0 -0.568457)
(-0.35406 0 -0.571829)
(-0.35987 0 -0.575103)
(-0.365724 0 -0.57827)
(-0.371623 0 -0.581323)
(-0.377568 0 -0.584257)
(-0.383558 0 -0.587067)
(-0.389595 0 -0.589752)
(-0.395676 0 -0.59231)
(-0.401801 0 -0.594741)
(-0.407969 0 -0.597047)
(-0.414178 0 -0.59923)
(-0.420426 0 -0.601291)
(-0.426713 0 -0.603234)
(-0.433035 0 -0.605063)
(-0.439392 0 -0.60678)
(-0.44578 0 -0.608389)
(-0.452199 0 -0.609894)
(-0.458646 0 -0.611299)
(-0.465119 0 -0.612605)
(-0.471617 0 -0.613818)
(-0.478138 0 -0.614939)
(-0.48468 0 -0.615971)
(-0.491241 0 -0.616917)
(-0.497821 0 -0.617779)
(-0.504417 0 -0.618559)
(-0.511029 0 -0.619258)
(-0.517655 0 -0.619878)
(-0.524294 0 -0.62042)
(-0.530945 0 -0.620885)
(-0.537607 0 -0.621273)
(-0.544279 0 -0.621586)
(-0.55096 0 -0.621823)
(-0.55765 0 -0.621985)
(-0.564348 0 -0.622072)
(-0.571052 0 -0.622084)
(-0.577764 0 -0.62202)
(-0.584481 0 -0.621881)
(-0.591203 0 -0.621665)
(-0.597931 0 -0.621372)
(-0.604663 0 -0.621002)
(-0.611399 0 -0.620554)
(-0.618139 0 -0.620027)
(-0.624882 0 -0.61942)
(-0.631628 0 -0.618733)
(-0.638377 0 -0.617964)
(-0.645128 0 -0.617113)
(-0.651881 0 -0.616179)
(-0.658635 0 -0.615161)
(-0.665391 0 -0.614057)
(-0.672149 0 -0.612867)
(-0.678907 0 -0.611589)
(-0.685665 0 -0.610223)
(-0.692424 0 -0.608768)
(-0.699183 0 -0.607222)
(-0.705942 0 -0.605584)
(-0.7127 0 -0.603853)
(-0.719457 0 -0.602028)
(-0.726214 0 -0.600108)
(-0.732968 0 -0.598091)
(-0.739722 0 -0.595977)
(-0.746473 0 -0.593764)
(-0.753221 0 -0.591451)
(-0.759967 0 -0.589036)
(-0.76671 0 -0.586518)
(-0.77345 0 -0.583897)
(-0.780185 0 -0.58117)
(-0.786917 0 -0.578336)
(-0.793644 0 -0.575395)
(-0.800366 0 -0.572343)
(-0.807082 0 -0.569181)
(-0.813793 0 -0.565906)
(-0.820497 0 -0.562516)
(-0.827194 0 -0.559011)
(-0.833883 0 -0.555389)
(-0.840565 0 -0.551647)
(-0.847238 0 -0.547784)
(-0.853902 0 -0.543798)
(-0.860556 0 -0.539688)
(-0.8672 0 -0.535451)
(-0.873832 0 -0.531085)
(-0.880453 0 -0.526589)
(-0.88706 0 -0.52196)
(-0.893655 0 -0.517195)
(-0.900235 0 -0.512294)
(-0.9068 0 -0.507252)
(-0.913349 0 -0.502069)
(-0.919881 0 -0.49674)
(-0.926395 0 -0.491265)
(-0.93289 0 -0.485639)
(-0.939365 0 -0.479861)
(-0.945819 0 -0.473928)
(-0.95225 0 -0.467836)
(-0.958657 0 -0.461583)
(-0.965039 0 -0.455165)
(-0.971395 0 -0.44858)
(-0.977722 0 -0.441824)
(-0.98402 0 -0.434894)
(-0.990287 0 -0.427787)
(-0.996521 0 -0.420499)
(-1.00272 0 -0.413028)
(-1.00888 0 -0.405368)
(-1.01501 0 -0.397518)
(-1.02109 0 -0.389473)
(-1.02713 0 -0.381229)
(-1.03313 0 -0.372784)
(-1.03907 0 -0.364133)
(-1.04497 0 -0.355272)
(-1.05082 0 -0.346199)
(-1.0566 0 -0.336909)
(-1.06233 0 -0.327399)
(-1.068 0 -0.317665)
(-1.0736 0 -0.307703)
(-1.07914 0 -0.297511)
(-1.0846 0 -0.287084)
(-1.08998 0 -0.27642)
(-1.09529 0 -0.265514)
(-1.10051 0 -0.254365)
(-1.10564 0 -0.242968)
(-1.11068 0 -0.231322)
(-1.11562 0 -0.219424)
(-1.12045 0 -0.20727)
(-1.12518 0 -0.194859)
(-1.12979 0 -0.18219)
(-1.13429 0 -0.169259)
(-1.13866 0 -0.156066)
(-1.1429 0 -0.14261)
(-1.147 0 -0.12889)
(-1.15095 0 -0.114905)
(-1.15476 0 -0.100655)
(-1.1584 0 -0.0861416)
(-1.16189 0 -0.0713644)
(-1.1652 0 -0.056325)
(-1.16832 0 -0.0410253)
(-1.17127 0 -0.0254675)
(-1.17401 0 -0.00965461)
(-1.17656 0 0.00640966)
(-1.17889 0 0.0227181)
(-1.18099 0 0.0392675)
(-1.18288 0 0.0560561)
(-1.18452 0 0.073081)
(-1.18593 0 0.090338)
(-1.18708 0 0.107822)
(-1.18797 0 0.125527)
(-1.1886 0 0.143446)
(-1.18894 0 0.161571)
(-1.18901 0 0.179894)
(-1.18877 0 0.198404)
(-1.18824 0 0.217091)
(-1.18739 0 0.235942)
(-1.18623 0 0.254946)
(-1.18474 0 0.274089)
(-1.18291 0 0.293356)
(-1.18074 0 0.312731)
(-1.17821 0 0.332198)
(-1.17533 0 0.35174)
(-1.17209 0 0.371338)
(-1.16847 0 0.390972)
(-1.16448 0 0.410622)
(-1.1601 0 0.430268)
(-1.15534 0 0.449887)
(-1.15019 0 0.469456)
(-1.14465 0 0.488953)
(-1.1387 0 0.508354)
(-1.13236 0 0.527634)
(-1.12562 0 0.546768)
(-1.11848 0 0.56573)
(-1.11095 0 0.584496)
(-1.10301 0 0.603039)
(-1.09469 0 0.621333)
(-1.08597 0 0.639353)
(-1.07687 0 0.657072)
(-1.06738 0 0.674465)
(-1.05752 0 0.691507)
(-1.0473 0 0.708171)
(-1.03671 0 0.724433)
(-1.02578 0 0.74027)
(-1.01449 0 0.755657)
(-1.00289 0 0.770572)
(-0.991027 0 0.784992)
(-0.978908 0 0.798893)
(-0.965314 0 0.812255)
(-0.00337856 0 -0.473934)
(-0.0101284 0 -0.473722)
(-0.0168702 0 -0.47349)
(-0.0236024 0 -0.47324)
(-0.0303243 0 -0.472973)
(-0.0370351 0 -0.472693)
(-0.0437338 0 -0.472402)
(-0.0504195 0 -0.472105)
(-0.0570914 0 -0.471805)
(-0.0637485 0 -0.471507)
(-0.0703899 0 -0.471216)
(-0.0770149 0 -0.470936)
(-0.0836225 0 -0.470672)
(-0.0902119 0 -0.470429)
(-0.0967825 0 -0.470214)
(-0.103333 0 -0.470032)
(-0.109864 0 -0.469889)
(-0.116373 0 -0.46979)
(-0.12286 0 -0.469743)
(-0.129326 0 -0.469753)
(-0.135768 0 -0.469827)
(-0.142186 0 -0.469971)
(-0.148581 0 -0.470192)
(-0.154951 0 -0.470496)
(-0.161297 0 -0.47089)
(-0.167617 0 -0.471381)
(-0.173913 0 -0.471974)
(-0.180183 0 -0.472675)
(-0.186427 0 -0.473492)
(-0.192646 0 -0.474429)
(-0.19884 0 -0.475492)
(-0.205008 0 -0.476686)
(-0.211153 0 -0.478016)
(-0.217272 0 -0.479486)
(-0.223369 0 -0.4811)
(-0.229442 0 -0.48286)
(-0.235494 0 -0.48477)
(-0.241525 0 -0.486831)
(-0.247537 0 -0.489042)
(-0.25353 0 -0.491404)
(-0.259508 0 -0.493914)
(-0.265472 0 -0.49657)
(-0.271424 0 -0.499367)
(-0.277366 0 -0.502299)
(-0.283302 0 -0.505358)
(-0.289235 0 -0.508535)
(-0.295167 0 -0.511819)
(-0.301103 0 -0.515198)
(-0.307046 0 -0.518657)
(-0.313 0 -0.522181)
(-0.318969 0 -0.525754)
(-0.324957 0 -0.52936)
(-0.330969 0 -0.53298)
(-0.337007 0 -0.536597)
(-0.343077 0 -0.540193)
(-0.349181 0 -0.543752)
(-0.355323 0 -0.547259)
(-0.361505 0 -0.550698)
(-0.36773 0 -0.554056)
(-0.374001 0 -0.557323)
(-0.380317 0 -0.560489)
(-0.386681 0 -0.563545)
(-0.393093 0 -0.566486)
(-0.399553 0 -0.569307)
(-0.40606 0 -0.572005)
(-0.412614 0 -0.57458)
(-0.419215 0 -0.57703)
(-0.425859 0 -0.579357)
(-0.432547 0 -0.581561)
(-0.439277 0 -0.583647)
(-0.446046 0 -0.585615)
(-0.452853 0 -0.58747)
(-0.459695 0 -0.589215)
(-0.466571 0 -0.590853)
(-0.473479 0 -0.592388)
(-0.480417 0 -0.593823)
(-0.487382 0 -0.595163)
(-0.494373 0 -0.596409)
(-0.501389 0 -0.597565)
(-0.508427 0 -0.598634)
(-0.515486 0 -0.599617)
(-0.522565 0 -0.600518)
(-0.529661 0 -0.601339)
(-0.536774 0 -0.60208)
(-0.543902 0 -0.602744)
(-0.551045 0 -0.603331)
(-0.5582 0 -0.603843)
(-0.565368 0 -0.60428)
(-0.572546 0 -0.604643)
(-0.579735 0 -0.604932)
(-0.586933 0 -0.605148)
(-0.59414 0 -0.605291)
(-0.601355 0 -0.60536)
(-0.608576 0 -0.605355)
(-0.615805 0 -0.605276)
(-0.623039 0 -0.605123)
(-0.630279 0 -0.604894)
(-0.637524 0 -0.60459)
(-0.644774 0 -0.604209)
(-0.652028 0 -0.603752)
(-0.659285 0 -0.603216)
(-0.666545 0 -0.602602)
(-0.673809 0 -0.601908)
(-0.681074 0 -0.601134)
(-0.688342 0 -0.600278)
(-0.695612 0 -0.59934)
(-0.702883 0 -0.598318)
(-0.710154 0 -0.597212)
(-0.717427 0 -0.59602)
(-0.724699 0 -0.594741)
(-0.731972 0 -0.593375)
(-0.739244 0 -0.59192)
(-0.746515 0 -0.590375)
(-0.753786 0 -0.588739)
(-0.761054 0 -0.587011)
(-0.768321 0 -0.585189)
(-0.775585 0 -0.583274)
(-0.782847 0 -0.581262)
(-0.790105 0 -0.579154)
(-0.79736 0 -0.576948)
(-0.804611 0 -0.574642)
(-0.811857 0 -0.572237)
(-0.819098 0 -0.569729)
(-0.826334 0 -0.567119)
(-0.833564 0 -0.564404)
(-0.840787 0 -0.561583)
(-0.848004 0 -0.558656)
(-0.855212 0 -0.55562)
(-0.862413 0 -0.552475)
(-0.869605 0 -0.549218)
(-0.876787 0 -0.545848)
(-0.883959 0 -0.542364)
(-0.891121 0 -0.538763)
(-0.89827 0 -0.535045)
(-0.905408 0 -0.531208)
(-0.912533 0 -0.52725)
(-0.919643 0 -0.523169)
(-0.926739 0 -0.518962)
(-0.93382 0 -0.51463)
(-0.940884 0 -0.510168)
(-0.94793 0 -0.505576)
(-0.954958 0 -0.500851)
(-0.961967 0 -0.49599)
(-0.968955 0 -0.490993)
(-0.975921 0 -0.485856)
(-0.982864 0 -0.480576)
(-0.989784 0 -0.475153)
(-0.996677 0 -0.469582)
(-1.00354 0 -0.463861)
(-1.01038 0 -0.457989)
(-1.01719 0 -0.451961)
(-1.02397 0 -0.445775)
(-1.03071 0 -0.439429)
(-1.03742 0 -0.432919)
(-1.0441 0 -0.426242)
(-1.05073 0 -0.419395)
(-1.05733 0 -0.412376)
(-1.06388 0 -0.405181)
(-1.07039 0 -0.397806)
(-1.07686 0 -0.390249)
(-1.08327 0 -0.382506)
(-1.08963 0 -0.374573)
(-1.09594 0 -0.366449)
(-1.1022 0 -0.358129)
(-1.10839 0 -0.349609)
(-1.11452 0 -0.340887)
(-1.12059 0 -0.331959)
(-1.12659 0 -0.322822)
(-1.13251 0 -0.313472)
(-1.13836 0 -0.303907)
(-1.14414 0 -0.294123)
(-1.14982 0 -0.284117)
(-1.15543 0 -0.273886)
(-1.16094 0 -0.263427)
(-1.16636 0 -0.252737)
(-1.17168 0 -0.241814)
(-1.17689 0 -0.230655)
(-1.182 0 -0.219258)
(-1.18699 0 -0.20762)
(-1.19186 0 -0.19574)
(-1.19661 0 -0.183616)
(-1.20123 0 -0.171246)
(-1.20571 0 -0.158629)
(-1.21005 0 -0.145765)
(-1.21424 0 -0.132652)
(-1.21828 0 -0.11929)
(-1.22216 0 -0.10568)
(-1.22587 0 -0.0918217)
(-1.22941 0 -0.0777158)
(-1.23276 0 -0.0633637)
(-1.23593 0 -0.0487671)
(-1.2389 0 -0.0339281)
(-1.24167 0 -0.0188493)
(-1.24422 0 -0.00353385)
(-1.24656 0 0.0120128)
(-1.24867 0 0.0277846)
(-1.25055 0 0.0437801)
(-1.25219 0 0.0599968)
(-1.25358 0 0.0764312)
(-1.25471 0 0.0930789)
(-1.25558 0 0.109934)
(-1.25618 0 0.126991)
(-1.2565 0 0.144243)
(-1.25653 0 0.16168)
(-1.25626 0 0.179295)
(-1.2557 0 0.197078)
(-1.25482 0 0.215019)
(-1.25362 0 0.233104)
(-1.2521 0 0.251323)
(-1.25024 0 0.269663)
(-1.24804 0 0.288108)
(-1.2455 0 0.306644)
(-1.24259 0 0.325256)
(-1.23933 0 0.343927)
(-1.2357 0 0.362639)
(-1.2317 0 0.381373)
(-1.22732 0 0.400112)
(-1.22256 0 0.418836)
(-1.21741 0 0.437523)
(-1.21187 0 0.456153)
(-1.20594 0 0.474704)
(-1.19962 0 0.493155)
(-1.1929 0 0.511482)
(-1.18579 0 0.529662)
(-1.17828 0 0.547673)
(-1.17037 0 0.56549)
(-1.16208 0 0.58309)
(-1.1534 0 0.600448)
(-1.14433 0 0.617542)
(-1.13488 0 0.634347)
(-1.12505 0 0.65084)
(-1.11486 0 0.666997)
(-1.1043 0 0.682794)
(-1.09339 0 0.69821)
(-1.08213 0 0.713223)
(-1.07054 0 0.72781)
(-1.05862 0 0.74195)
(-1.04645 0 0.755623)
(-1.03404 0 0.768808)
(-1.02017 0 0.781484)
(-0.00350161 0 -0.457425)
(-0.0104978 0 -0.457232)
(-0.0174863 0 -0.457021)
(-0.0244656 0 -0.456793)
(-0.0314351 0 -0.456552)
(-0.038394 0 -0.456299)
(-0.0453415 0 -0.456037)
(-0.0522765 0 -0.455772)
(-0.0591985 0 -0.455505)
(-0.0661064 0 -0.455243)
(-0.0729995 0 -0.454989)
(-0.0798771 0 -0.454748)
(-0.0867384 0 -0.454526)
(-0.0935828 0 -0.454327)
(-0.100409 0 -0.454156)
(-0.107218 0 -0.454021)
(-0.114007 0 -0.453925)
(-0.120777 0 -0.453876)
(-0.127527 0 -0.45388)
(-0.134257 0 -0.453942)
(-0.140966 0 -0.454069)
(-0.147654 0 -0.454267)
(-0.15432 0 -0.454543)
(-0.160965 0 -0.454903)
(-0.167588 0 -0.455353)
(-0.174189 0 -0.4559)
(-0.180768 0 -0.456549)
(-0.187325 0 -0.457308)
(-0.193861 0 -0.45818)
(-0.200375 0 -0.459173)
(-0.206869 0 -0.460291)
(-0.213342 0 -0.461539)
(-0.219796 0 -0.462922)
(-0.22623 0 -0.464443)
(-0.232647 0 -0.466106)
(-0.239046 0 -0.467913)
(-0.24543 0 -0.469866)
(-0.2518 0 -0.471967)
(-0.258156 0 -0.474215)
(-0.264502 0 -0.476609)
(-0.270839 0 -0.479147)
(-0.277169 0 -0.481825)
(-0.283494 0 -0.484638)
(-0.289819 0 -0.48758)
(-0.296144 0 -0.490641)
(-0.302475 0 -0.493812)
(-0.308813 0 -0.497082)
(-0.315163 0 -0.500438)
(-0.321528 0 -0.503865)
(-0.327912 0 -0.507349)
(-0.334319 0 -0.510871)
(-0.340752 0 -0.514417)
(-0.347216 0 -0.517967)
(-0.353715 0 -0.521506)
(-0.36025 0 -0.525016)
(-0.366827 0 -0.528481)
(-0.373446 0 -0.531887)
(-0.380111 0 -0.53522)
(-0.386823 0 -0.538468)
(-0.393584 0 -0.541621)
(-0.400394 0 -0.54467)
(-0.407255 0 -0.547608)
(-0.414166 0 -0.550431)
(-0.421126 0 -0.553135)
(-0.428136 0 -0.555719)
(-0.435193 0 -0.558181)
(-0.442297 0 -0.560521)
(-0.449446 0 -0.562742)
(-0.456639 0 -0.564845)
(-0.463873 0 -0.566833)
(-0.471146 0 -0.568709)
(-0.478457 0 -0.570476)
(-0.485803 0 -0.572138)
(-0.493182 0 -0.573698)
(-0.500593 0 -0.57516)
(-0.508033 0 -0.576527)
(-0.515501 0 -0.577802)
(-0.522994 0 -0.578988)
(-0.530512 0 -0.580088)
(-0.538051 0 -0.581105)
(-0.545611 0 -0.582041)
(-0.553191 0 -0.582898)
(-0.560788 0 -0.583677)
(-0.568401 0 -0.58438)
(-0.57603 0 -0.585008)
(-0.583673 0 -0.585563)
(-0.591329 0 -0.586045)
(-0.598998 0 -0.586454)
(-0.606677 0 -0.586791)
(-0.614366 0 -0.587057)
(-0.622065 0 -0.587252)
(-0.629773 0 -0.587374)
(-0.637488 0 -0.587425)
(-0.645211 0 -0.587403)
(-0.652941 0 -0.587309)
(-0.660676 0 -0.587142)
(-0.668417 0 -0.586901)
(-0.676163 0 -0.586585)
(-0.683913 0 -0.586194)
(-0.691668 0 -0.585728)
(-0.699425 0 -0.585184)
(-0.707186 0 -0.584563)
(-0.714949 0 -0.583863)
(-0.722714 0 -0.583084)
(-0.730481 0 -0.582224)
(-0.738249 0 -0.581282)
(-0.746018 0 -0.580258)
(-0.753787 0 -0.579151)
(-0.761556 0 -0.577958)
(-0.769324 0 -0.57668)
(-0.777092 0 -0.575316)
(-0.784858 0 -0.573863)
(-0.792621 0 -0.572322)
(-0.800383 0 -0.570691)
(-0.808141 0 -0.568968)
(-0.815897 0 -0.567154)
(-0.823648 0 -0.565246)
(-0.831395 0 -0.563243)
(-0.839137 0 -0.561145)
(-0.846873 0 -0.55895)
(-0.854604 0 -0.556658)
(-0.862328 0 -0.554266)
(-0.870044 0 -0.551773)
(-0.877753 0 -0.549179)
(-0.885453 0 -0.546482)
(-0.893144 0 -0.543681)
(-0.900826 0 -0.540774)
(-0.908496 0 -0.537761)
(-0.916156 0 -0.534639)
(-0.923803 0 -0.531408)
(-0.931438 0 -0.528065)
(-0.939058 0 -0.52461)
(-0.946665 0 -0.521041)
(-0.954256 0 -0.517357)
(-0.96183 0 -0.513554)
(-0.969387 0 -0.509633)
(-0.976926 0 -0.505592)
(-0.984446 0 -0.501427)
(-0.991945 0 -0.497139)
(-0.999423 0 -0.492724)
(-1.00688 0 -0.488181)
(-1.01431 0 -0.483507)
(-1.02172 0 -0.478702)
(-1.02909 0 -0.473762)
(-1.03645 0 -0.468686)
(-1.04377 0 -0.46347)
(-1.05106 0 -0.458114)
(-1.05832 0 -0.452614)
(-1.06555 0 -0.446968)
(-1.07274 0 -0.441173)
(-1.07989 0 -0.435228)
(-1.087 0 -0.429128)
(-1.09408 0 -0.422872)
(-1.10111 0 -0.416457)
(-1.10809 0 -0.40988)
(-1.11503 0 -0.403138)
(-1.12192 0 -0.396228)
(-1.12876 0 -0.389148)
(-1.13554 0 -0.381894)
(-1.14227 0 -0.374463)
(-1.14894 0 -0.366853)
(-1.15554 0 -0.359059)
(-1.16209 0 -0.35108)
(-1.16856 0 -0.342912)
(-1.17496 0 -0.334552)
(-1.18129 0 -0.325997)
(-1.18754 0 -0.317245)
(-1.19372 0 -0.308291)
(-1.1998 0 -0.299133)
(-1.2058 0 -0.289768)
(-1.21171 0 -0.280194)
(-1.21752 0 -0.270407)
(-1.22323 0 -0.260405)
(-1.22884 0 -0.250186)
(-1.23433 0 -0.239747)
(-1.23971 0 -0.229086)
(-1.24498 0 -0.2182)
(-1.25012 0 -0.207089)
(-1.25513 0 -0.195749)
(-1.26001 0 -0.18418)
(-1.26475 0 -0.17238)
(-1.26934 0 -0.160348)
(-1.27378 0 -0.148083)
(-1.27807 0 -0.135586)
(-1.28219 0 -0.122854)
(-1.28614 0 -0.10989)
(-1.28991 0 -0.0966925)
(-1.29351 0 -0.0832631)
(-1.29691 0 -0.0696026)
(-1.30012 0 -0.0557129)
(-1.30312 0 -0.0415958)
(-1.30591 0 -0.0272537)
(-1.30849 0 -0.0126894)
(-1.31084 0 0.00209395)
(-1.31296 0 0.0170895)
(-1.31484 0 0.0322933)
(-1.31647 0 0.047704)
(-1.31785 0 0.0633186)
(-1.31897 0 0.0791333)
(-1.31983 0 0.0951433)
(-1.32041 0 0.111343)
(-1.3207 0 0.127726)
(-1.32071 0 0.144285)
(-1.32042 0 0.161012)
(-1.31983 0 0.177898)
(-1.31892 0 0.194934)
(-1.3177 0 0.212109)
(-1.31615 0 0.229412)
(-1.31427 0 0.246831)
(-1.31205 0 0.264354)
(-1.30948 0 0.281966)
(-1.30657 0 0.299654)
(-1.30329 0 0.317403)
(-1.29965 0 0.335197)
(-1.29564 0 0.353019)
(-1.29126 0 0.370852)
(-1.2865 0 0.38868)
(-1.28136 0 0.406482)
(-1.27583 0 0.42424)
(-1.26992 0 0.441935)
(-1.26361 0 0.459547)
(-1.25692 0 0.477055)
(-1.24983 0 0.494437)
(-1.24236 0 0.511674)
(-1.23449 0 0.528743)
(-1.22623 0 0.545623)
(-1.21759 0 0.562292)
(-1.20856 0 0.578727)
(-1.19916 0 0.594908)
(-1.18938 0 0.610812)
(-1.17922 0 0.626418)
(-1.16871 0 0.641704)
(-1.15784 0 0.656648)
(-1.14662 0 0.671232)
(-1.13506 0 0.685433)
(-1.12317 0 0.699232)
(-1.11096 0 0.712611)
(-1.09851 0 0.72555)
(-1.08582 0 0.73803)
(-1.07169 0 0.750032)
(-0.00362072 0 -0.440334)
(-0.0108554 0 -0.440159)
(-0.0180827 0 -0.439968)
(-0.0253014 0 -0.439763)
(-0.0325108 0 -0.439545)
(-0.0397102 0 -0.439317)
(-0.0468986 0 -0.439084)
(-0.0540755 0 -0.438848)
(-0.0612399 0 -0.438613)
(-0.0683911 0 -0.438385)
(-0.0755285 0 -0.438166)
(-0.0826514 0 -0.437962)
(-0.0897592 0 -0.437778)
(-0.0968512 0 -0.437619)
(-0.103927 0 -0.43749)
(-0.110986 0 -0.437397)
(-0.118027 0 -0.437346)
(-0.125051 0 -0.437342)
(-0.132057 0 -0.437391)
(-0.139045 0 -0.4375)
(-0.146014 0 -0.437675)
(-0.152965 0 -0.437921)
(-0.159896 0 -0.438246)
(-0.166809 0 -0.438654)
(-0.173703 0 -0.439153)
(-0.180579 0 -0.439748)
(-0.187436 0 -0.440446)
(-0.194275 0 -0.441252)
(-0.201097 0 -0.442171)
(-0.207901 0 -0.443209)
(-0.214689 0 -0.444371)
(-0.221462 0 -0.445661)
(-0.22822 0 -0.447084)
(-0.234964 0 -0.448643)
(-0.241696 0 -0.450341)
(-0.248417 0 -0.452181)
(-0.255128 0 -0.454163)
(-0.26183 0 -0.456288)
(-0.268527 0 -0.458557)
(-0.27522 0 -0.460967)
(-0.281911 0 -0.463515)
(-0.288602 0 -0.466197)
(-0.295297 0 -0.469008)
(-0.301997 0 -0.47194)
(-0.308707 0 -0.474985)
(-0.315429 0 -0.478131)
(-0.322167 0 -0.481368)
(-0.328925 0 -0.484683)
(-0.335705 0 -0.488059)
(-0.342512 0 -0.491483)
(-0.349349 0 -0.494937)
(-0.356219 0 -0.498405)
(-0.363127 0 -0.50187)
(-0.370076 0 -0.505315)
(-0.377067 0 -0.508725)
(-0.384104 0 -0.512083)
(-0.39119 0 -0.515377)
(-0.398325 0 -0.518593)
(-0.405511 0 -0.521721)
(-0.412749 0 -0.524752)
(-0.420039 0 -0.527678)
(-0.427382 0 -0.530493)
(-0.434776 0 -0.533195)
(-0.442222 0 -0.535779)
(-0.449718 0 -0.538244)
(-0.457262 0 -0.540592)
(-0.464853 0 -0.542822)
(-0.47249 0 -0.544937)
(-0.48017 0 -0.546938)
(-0.487891 0 -0.548829)
(-0.495651 0 -0.550613)
(-0.503449 0 -0.552293)
(-0.511282 0 -0.553873)
(-0.519147 0 -0.555356)
(-0.527044 0 -0.556745)
(-0.534969 0 -0.558044)
(-0.542922 0 -0.559256)
(-0.5509 0 -0.560383)
(-0.558902 0 -0.561428)
(-0.566926 0 -0.562394)
(-0.57497 0 -0.563282)
(-0.583034 0 -0.564094)
(-0.591115 0 -0.564833)
(-0.599212 0 -0.565498)
(-0.607325 0 -0.566091)
(-0.615452 0 -0.566613)
(-0.623592 0 -0.567065)
(-0.631743 0 -0.567446)
(-0.639906 0 -0.567758)
(-0.64808 0 -0.568)
(-0.656262 0 -0.568173)
(-0.664454 0 -0.568275)
(-0.672653 0 -0.568308)
(-0.680859 0 -0.568269)
(-0.689072 0 -0.56816)
(-0.697291 0 -0.567979)
(-0.705516 0 -0.567725)
(-0.713745 0 -0.567399)
(-0.721978 0 -0.566998)
(-0.730215 0 -0.566523)
(-0.738454 0 -0.565972)
(-0.746697 0 -0.565345)
(-0.754941 0 -0.56464)
(-0.763187 0 -0.563857)
(-0.771434 0 -0.562994)
(-0.779681 0 -0.562051)
(-0.787928 0 -0.561027)
(-0.796174 0 -0.55992)
(-0.80442 0 -0.55873)
(-0.812663 0 -0.557455)
(-0.820904 0 -0.556095)
(-0.829143 0 -0.554648)
(-0.837378 0 -0.553114)
(-0.845609 0 -0.551491)
(-0.853836 0 -0.549778)
(-0.862058 0 -0.547974)
(-0.870273 0 -0.546078)
(-0.878483 0 -0.544089)
(-0.886685 0 -0.542006)
(-0.89488 0 -0.539827)
(-0.903066 0 -0.537552)
(-0.911243 0 -0.53518)
(-0.91941 0 -0.532708)
(-0.927567 0 -0.530137)
(-0.935712 0 -0.527465)
(-0.943845 0 -0.52469)
(-0.951965 0 -0.521811)
(-0.960072 0 -0.518828)
(-0.968163 0 -0.515738)
(-0.976239 0 -0.512541)
(-0.984298 0 -0.509235)
(-0.992339 0 -0.505818)
(-1.00036 0 -0.50229)
(-1.00836 0 -0.498648)
(-1.01635 0 -0.494892)
(-1.02431 0 -0.491019)
(-1.03224 0 -0.487028)
(-1.04016 0 -0.482917)
(-1.04804 0 -0.478685)
(-1.0559 0 -0.474329)
(-1.06374 0 -0.469849)
(-1.07154 0 -0.465241)
(-1.07931 0 -0.460505)
(-1.08705 0 -0.455637)
(-1.09475 0 -0.450637)
(-1.10242 0 -0.445502)
(-1.11005 0 -0.440229)
(-1.11764 0 -0.434817)
(-1.12519 0 -0.429262)
(-1.1327 0 -0.423564)
(-1.14016 0 -0.417719)
(-1.14758 0 -0.411725)
(-1.15494 0 -0.40558)
(-1.16226 0 -0.399281)
(-1.16952 0 -0.392824)
(-1.17672 0 -0.386209)
(-1.18387 0 -0.379432)
(-1.19096 0 -0.372489)
(-1.19798 0 -0.36538)
(-1.20493 0 -0.3581)
(-1.21182 0 -0.350647)
(-1.21863 0 -0.343019)
(-1.22537 0 -0.335212)
(-1.23202 0 -0.327223)
(-1.2386 0 -0.319051)
(-1.24509 0 -0.310692)
(-1.25149 0 -0.302143)
(-1.2578 0 -0.293402)
(-1.26401 0 -0.284467)
(-1.27012 0 -0.275334)
(-1.27613 0 -0.266001)
(-1.28202 0 -0.256466)
(-1.28781 0 -0.246727)
(-1.29347 0 -0.23678)
(-1.29901 0 -0.226626)
(-1.30443 0 -0.216261)
(-1.30971 0 -0.205683)
(-1.31486 0 -0.194892)
(-1.31986 0 -0.183885)
(-1.32471 0 -0.172663)
(-1.32941 0 -0.161222)
(-1.33395 0 -0.149564)
(-1.33832 0 -0.137688)
(-1.34252 0 -0.125592)
(-1.34655 0 -0.113279)
(-1.35039 0 -0.100747)
(-1.35404 0 -0.0879974)
(-1.35749 0 -0.0750318)
(-1.36074 0 -0.0618513)
(-1.36378 0 -0.0484579)
(-1.3666 0 -0.0348536)
(-1.3692 0 -0.0210412)
(-1.37157 0 -0.00702389)
(-1.37371 0 0.00719438)
(-1.37559 0 0.0216083)
(-1.37723 0 0.0362155)
(-1.37861 0 0.0510136)
(-1.37973 0 0.0659993)
(-1.38057 0 0.0811683)
(-1.38114 0 0.0965158)
(-1.38143 0 0.112036)
(-1.38142 0 0.127722)
(-1.38112 0 0.143567)
(-1.38051 0 0.159563)
(-1.37958 0 0.175702)
(-1.37834 0 0.191973)
(-1.37678 0 0.208367)
(-1.37488 0 0.224873)
(-1.37265 0 0.241479)
(-1.37007 0 0.258174)
(-1.36715 0 0.274944)
(-1.36387 0 0.291777)
(-1.36022 0 0.308657)
(-1.35622 0 0.325569)
(-1.35184 0 0.3425)
(-1.34709 0 0.359431)
(-1.34196 0 0.376348)
(-1.33645 0 0.393232)
(-1.33056 0 0.410066)
(-1.32428 0 0.426832)
(-1.31762 0 0.443511)
(-1.31057 0 0.460084)
(-1.30313 0 0.476532)
(-1.29531 0 0.492836)
(-1.2871 0 0.508975)
(-1.2785 0 0.52493)
(-1.26953 0 0.540681)
(-1.26017 0 0.556207)
(-1.25045 0 0.57149)
(-1.24035 0 0.586507)
(-1.22989 0 0.601241)
(-1.21908 0 0.615671)
(-1.20791 0 0.629778)
(-1.19641 0 0.643543)
(-1.18456 0 0.656949)
(-1.1724 0 0.669975)
(-1.15992 0 0.682607)
(-1.14721 0 0.694826)
(-1.13426 0 0.706614)
(-1.11989 0 0.717956)
(-0.00373576 0 -0.422681)
(-0.0112007 0 -0.422523)
(-0.0186589 0 -0.422351)
(-0.0261089 0 -0.422166)
(-0.0335501 0 -0.421971)
(-0.0409818 0 -0.421768)
(-0.0484034 0 -0.421561)
(-0.055814 0 -0.421353)
(-0.063213 0 -0.421148)
(-0.0705997 0 -0.42095)
(-0.0779736 0 -0.420764)
(-0.0853341 0 -0.420595)
(-0.0926806 0 -0.420446)
(-0.100013 0 -0.420324)
(-0.10733 0 -0.420233)
(-0.114632 0 -0.420179)
(-0.121918 0 -0.420168)
(-0.129189 0 -0.420204)
(-0.136443 0 -0.420295)
(-0.143682 0 -0.420445)
(-0.150904 0 -0.420662)
(-0.15811 0 -0.42095)
(-0.1653 0 -0.421316)
(-0.172475 0 -0.421766)
(-0.179633 0 -0.422306)
(-0.186777 0 -0.422941)
(-0.193905 0 -0.423678)
(-0.20102 0 -0.424522)
(-0.208121 0 -0.425478)
(-0.215209 0 -0.426551)
(-0.222286 0 -0.427745)
(-0.229352 0 -0.429066)
(-0.236408 0 -0.430517)
(-0.243456 0 -0.4321)
(-0.250497 0 -0.43382)
(-0.257532 0 -0.435677)
(-0.264564 0 -0.437673)
(-0.271595 0 -0.439808)
(-0.278625 0 -0.442081)
(-0.285659 0 -0.444489)
(-0.292697 0 -0.44703)
(-0.299744 0 -0.449699)
(-0.306801 0 -0.45249)
(-0.313871 0 -0.455395)
(-0.320958 0 -0.458405)
(-0.328064 0 -0.461508)
(-0.335194 0 -0.464694)
(-0.342351 0 -0.467949)
(-0.349538 0 -0.471257)
(-0.356758 0 -0.474604)
(-0.364015 0 -0.477973)
(-0.371313 0 -0.481348)
(-0.378653 0 -0.484713)
(-0.38604 0 -0.488051)
(-0.393475 0 -0.491347)
(-0.400961 0 -0.494587)
(-0.408499 0 -0.497758)
(-0.41609 0 -0.500849)
(-0.423735 0 -0.50385)
(-0.431435 0 -0.506752)
(-0.43919 0 -0.50955)
(-0.446998 0 -0.512239)
(-0.45486 0 -0.514814)
(-0.462774 0 -0.517276)
(-0.470739 0 -0.519623)
(-0.478753 0 -0.521855)
(-0.486814 0 -0.523974)
(-0.49492 0 -0.525982)
(-0.503069 0 -0.527882)
(-0.51126 0 -0.529677)
(-0.51949 0 -0.53137)
(-0.527756 0 -0.532963)
(-0.536057 0 -0.534462)
(-0.544391 0 -0.535869)
(-0.552755 0 -0.537186)
(-0.561148 0 -0.538418)
(-0.569568 0 -0.539567)
(-0.578014 0 -0.540636)
(-0.586482 0 -0.541627)
(-0.594972 0 -0.542542)
(-0.603483 0 -0.543382)
(-0.612013 0 -0.544151)
(-0.62056 0 -0.544848)
(-0.629123 0 -0.545475)
(-0.637702 0 -0.546033)
(-0.646295 0 -0.546523)
(-0.6549 0 -0.546944)
(-0.663518 0 -0.547298)
(-0.672147 0 -0.547585)
(-0.680786 0 -0.547803)
(-0.689434 0 -0.547954)
(-0.698091 0 -0.548037)
(-0.706756 0 -0.548051)
(-0.715428 0 -0.547996)
(-0.724106 0 -0.547872)
(-0.732789 0 -0.547678)
(-0.741478 0 -0.547413)
(-0.750171 0 -0.547076)
(-0.758868 0 -0.546666)
(-0.767568 0 -0.546184)
(-0.77627 0 -0.545627)
(-0.784975 0 -0.544995)
(-0.79368 0 -0.544287)
(-0.802386 0 -0.543501)
(-0.811093 0 -0.542638)
(-0.819798 0 -0.541696)
(-0.828503 0 -0.540674)
(-0.837205 0 -0.53957)
(-0.845905 0 -0.538385)
(-0.854602 0 -0.537117)
(-0.863296 0 -0.535764)
(-0.871985 0 -0.534327)
(-0.880669 0 -0.532803)
(-0.889347 0 -0.531192)
(-0.898018 0 -0.529493)
(-0.906683 0 -0.527704)
(-0.915339 0 -0.525825)
(-0.923987 0 -0.523855)
(-0.932625 0 -0.521792)
(-0.941253 0 -0.519636)
(-0.949869 0 -0.517385)
(-0.958474 0 -0.515039)
(-0.967066 0 -0.512596)
(-0.975644 0 -0.510054)
(-0.984208 0 -0.507414)
(-0.992756 0 -0.504674)
(-1.00129 0 -0.501832)
(-1.0098 0 -0.498887)
(-1.0183 0 -0.495838)
(-1.02677 0 -0.492685)
(-1.03523 0 -0.489425)
(-1.04366 0 -0.486057)
(-1.05207 0 -0.48258)
(-1.06045 0 -0.478992)
(-1.06881 0 -0.475293)
(-1.07714 0 -0.47148)
(-1.08545 0 -0.467552)
(-1.09372 0 -0.463508)
(-1.10197 0 -0.459345)
(-1.11018 0 -0.455062)
(-1.11835 0 -0.450659)
(-1.12649 0 -0.446131)
(-1.13459 0 -0.441479)
(-1.14266 0 -0.4367)
(-1.15068 0 -0.431791)
(-1.15866 0 -0.426752)
(-1.1666 0 -0.42158)
(-1.17448 0 -0.416274)
(-1.18232 0 -0.41083)
(-1.19011 0 -0.405246)
(-1.19785 0 -0.399522)
(-1.20553 0 -0.393653)
(-1.21315 0 -0.387639)
(-1.22071 0 -0.381476)
(-1.22821 0 -0.375163)
(-1.23565 0 -0.368696)
(-1.24301 0 -0.362074)
(-1.25031 0 -0.355293)
(-1.25753 0 -0.348352)
(-1.26467 0 -0.341248)
(-1.27174 0 -0.333978)
(-1.27872 0 -0.326541)
(-1.28562 0 -0.318932)
(-1.29242 0 -0.31115)
(-1.29914 0 -0.303193)
(-1.30575 0 -0.295058)
(-1.31227 0 -0.286742)
(-1.31868 0 -0.278243)
(-1.32498 0 -0.26956)
(-1.33116 0 -0.260688)
(-1.33724 0 -0.251628)
(-1.34318 0 -0.242376)
(-1.34901 0 -0.23293)
(-1.3547 0 -0.223289)
(-1.36025 0 -0.213451)
(-1.36567 0 -0.203414)
(-1.37094 0 -0.193178)
(-1.37606 0 -0.18274)
(-1.38102 0 -0.1721)
(-1.38582 0 -0.161257)
(-1.39045 0 -0.15021)
(-1.39491 0 -0.138959)
(-1.39919 0 -0.127503)
(-1.40329 0 -0.115843)
(-1.40719 0 -0.10398)
(-1.4109 0 -0.0919135)
(-1.41441 0 -0.0796447)
(-1.4177 0 -0.0671751)
(-1.42078 0 -0.0545063)
(-1.42364 0 -0.0416402)
(-1.42627 0 -0.0285793)
(-1.42866 0 -0.015326)
(-1.43081 0 -0.00188346)
(-1.43272 0 0.0117434)
(-1.43437 0 0.0255499)
(-1.43575 0 0.0395347)
(-1.43688 0 0.053695)
(-1.43772 0 0.0680274)
(-1.43829 0 0.0825273)
(-1.43857 0 0.0971898)
(-1.43856 0 0.112009)
(-1.43825 0 0.126978)
(-1.43764 0 0.142091)
(-1.43671 0 0.157338)
(-1.43546 0 0.172713)
(-1.43389 0 0.188205)
(-1.432 0 0.203804)
(-1.42976 0 0.219501)
(-1.42718 0 0.235285)
(-1.42426 0 0.251144)
(-1.42098 0 0.267065)
(-1.41735 0 0.283036)
(-1.41335 0 0.299043)
(-1.40899 0 0.315073)
(-1.40426 0 0.331111)
(-1.39915 0 0.347142)
(-1.39367 0 0.363151)
(-1.38781 0 0.379121)
(-1.38157 0 0.395036)
(-1.37495 0 0.410879)
(-1.36794 0 0.426634)
(-1.36055 0 0.442283)
(-1.35278 0 0.457807)
(-1.34463 0 0.47319)
(-1.33609 0 0.488412)
(-1.32718 0 0.503456)
(-1.31789 0 0.518303)
(-1.30824 0 0.532935)
(-1.29821 0 0.547334)
(-1.28782 0 0.561481)
(-1.27708 0 0.575359)
(-1.26598 0 0.58895)
(-1.25455 0 0.602235)
(-1.24277 0 0.615199)
(-1.23067 0 0.627824)
(-1.21825 0 0.640093)
(-1.20553 0 0.651993)
(-1.19258 0 0.663506)
(-1.17941 0 0.674618)
(-1.16483 0 0.685313)
(-0.00384657 0 -0.404486)
(-0.0115334 0 -0.404344)
(-0.019214 0 -0.404189)
(-0.0268868 0 -0.404024)
(-0.0345515 0 -0.40385)
(-0.0422073 0 -0.403669)
(-0.0498535 0 -0.403487)
(-0.0574896 0 -0.403305)
(-0.065115 0 -0.403128)
(-0.072729 0 -0.402959)
(-0.0803312 0 -0.402803)
(-0.0879211 0 -0.402665)
(-0.0954982 0 -0.402549)
(-0.103062 0 -0.402461)
(-0.110613 0 -0.402404)
(-0.11815 0 -0.402385)
(-0.125673 0 -0.402409)
(-0.133183 0 -0.402481)
(-0.140678 0 -0.402608)
(-0.14816 0 -0.402794)
(-0.155628 0 -0.403047)
(-0.163082 0 -0.40337)
(-0.170523 0 -0.403771)
(-0.177951 0 -0.404255)
(-0.185367 0 -0.404828)
(-0.192771 0 -0.405495)
(-0.200164 0 -0.406262)
(-0.207546 0 -0.407134)
(-0.21492 0 -0.408117)
(-0.222284 0 -0.409213)
(-0.229642 0 -0.41043)
(-0.236994 0 -0.411769)
(-0.244341 0 -0.413235)
(-0.251685 0 -0.41483)
(-0.259028 0 -0.416558)
(-0.266372 0 -0.418418)
(-0.273718 0 -0.420413)
(-0.281068 0 -0.422542)
(-0.288426 0 -0.424803)
(-0.295792 0 -0.427194)
(-0.303171 0 -0.429711)
(-0.310564 0 -0.43235)
(-0.317975 0 -0.435103)
(-0.325406 0 -0.437963)
(-0.332861 0 -0.44092)
(-0.340343 0 -0.443964)
(-0.347856 0 -0.447081)
(-0.355402 0 -0.450259)
(-0.362985 0 -0.453483)
(-0.370608 0 -0.456737)
(-0.378274 0 -0.460006)
(-0.385986 0 -0.463274)
(-0.393747 0 -0.466525)
(-0.401558 0 -0.469743)
(-0.409423 0 -0.472915)
(-0.417343 0 -0.476027)
(-0.425318 0 -0.479067)
(-0.43335 0 -0.482025)
(-0.441439 0 -0.484892)
(-0.449584 0 -0.487661)
(-0.457786 0 -0.490326)
(-0.466043 0 -0.492884)
(-0.474355 0 -0.495332)
(-0.482719 0 -0.49767)
(-0.491134 0 -0.499896)
(-0.499599 0 -0.502012)
(-0.508111 0 -0.50402)
(-0.516669 0 -0.505923)
(-0.525269 0 -0.507722)
(-0.53391 0 -0.509421)
(-0.54259 0 -0.511023)
(-0.551307 0 -0.512531)
(-0.560057 0 -0.513949)
(-0.568841 0 -0.51528)
(-0.577654 0 -0.516527)
(-0.586496 0 -0.517693)
(-0.595364 0 -0.51878)
(-0.604258 0 -0.51979)
(-0.613174 0 -0.520727)
(-0.622113 0 -0.521591)
(-0.631071 0 -0.522385)
(-0.640048 0 -0.52311)
(-0.649043 0 -0.523767)
(-0.658054 0 -0.524356)
(-0.66708 0 -0.524879)
(-0.67612 0 -0.525337)
(-0.685173 0 -0.525728)
(-0.694237 0 -0.526054)
(-0.703313 0 -0.526315)
(-0.712399 0 -0.526511)
(-0.721494 0 -0.52664)
(-0.730597 0 -0.526703)
(-0.739708 0 -0.5267)
(-0.748825 0 -0.52663)
(-0.757949 0 -0.526492)
(-0.767078 0 -0.526285)
(-0.776211 0 -0.526009)
(-0.785348 0 -0.525663)
(-0.794489 0 -0.525246)
(-0.803631 0 -0.524757)
(-0.812776 0 -0.524196)
(-0.821921 0 -0.523561)
(-0.831067 0 -0.522852)
(-0.840212 0 -0.522067)
(-0.849356 0 -0.521206)
(-0.858498 0 -0.520267)
(-0.867638 0 -0.51925)
(-0.876775 0 -0.518154)
(-0.885907 0 -0.516977)
(-0.895035 0 -0.515718)
(-0.904157 0 -0.514378)
(-0.913273 0 -0.512954)
(-0.922382 0 -0.511445)
(-0.931483 0 -0.509851)
(-0.940575 0 -0.508171)
(-0.949657 0 -0.506404)
(-0.95873 0 -0.504548)
(-0.96779 0 -0.502603)
(-0.976839 0 -0.500567)
(-0.985874 0 -0.49844)
(-0.994895 0 -0.49622)
(-1.0039 0 -0.493907)
(-1.01289 0 -0.4915)
(-1.02186 0 -0.488997)
(-1.03082 0 -0.486397)
(-1.03975 0 -0.483699)
(-1.04867 0 -0.480903)
(-1.05756 0 -0.478007)
(-1.06643 0 -0.475009)
(-1.07527 0 -0.471909)
(-1.08409 0 -0.468706)
(-1.09289 0 -0.465398)
(-1.10165 0 -0.461984)
(-1.11039 0 -0.458462)
(-1.11909 0 -0.454832)
(-1.12777 0 -0.451092)
(-1.1364 0 -0.44724)
(-1.14501 0 -0.443276)
(-1.15357 0 -0.439197)
(-1.1621 0 -0.435002)
(-1.17059 0 -0.43069)
(-1.17903 0 -0.426258)
(-1.18743 0 -0.421706)
(-1.19579 0 -0.417031)
(-1.20409 0 -0.412232)
(-1.21235 0 -0.407306)
(-1.22056 0 -0.402253)
(-1.2287 0 -0.39707)
(-1.2368 0 -0.391755)
(-1.24483 0 -0.386306)
(-1.25281 0 -0.380722)
(-1.26071 0 -0.374999)
(-1.26856 0 -0.369137)
(-1.27633 0 -0.363132)
(-1.28403 0 -0.356983)
(-1.29166 0 -0.350688)
(-1.29921 0 -0.344243)
(-1.30668 0 -0.337648)
(-1.31407 0 -0.3309)
(-1.32137 0 -0.323996)
(-1.32858 0 -0.316934)
(-1.33569 0 -0.309712)
(-1.34271 0 -0.302328)
(-1.34963 0 -0.29478)
(-1.35644 0 -0.287064)
(-1.36315 0 -0.27918)
(-1.36974 0 -0.271125)
(-1.37622 0 -0.262897)
(-1.38258 0 -0.254494)
(-1.38881 0 -0.245913)
(-1.39491 0 -0.237154)
(-1.40088 0 -0.228215)
(-1.40671 0 -0.219093)
(-1.4124 0 -0.209787)
(-1.41794 0 -0.200296)
(-1.42333 0 -0.190618)
(-1.42855 0 -0.180753)
(-1.43362 0 -0.1707)
(-1.43852 0 -0.160457)
(-1.44324 0 -0.150024)
(-1.44778 0 -0.139401)
(-1.45214 0 -0.128587)
(-1.45631 0 -0.117584)
(-1.46028 0 -0.10639)
(-1.46404 0 -0.0950066)
(-1.4676 0 -0.0834349)
(-1.47094 0 -0.0716758)
(-1.47407 0 -0.0597308)
(-1.47696 0 -0.0476016)
(-1.47963 0 -0.0352904)
(-1.48205 0 -0.0227995)
(-1.48423 0 -0.0101316)
(-1.48616 0 0.00271023)
(-1.48782 0 0.0157207)
(-1.48923 0 0.0288968)
(-1.49036 0 0.0422367)
(-1.49122 0 0.0557377)
(-1.49179 0 0.0693958)
(-1.49208 0 0.0832067)
(-1.49208 0 0.0971652)
(-1.49177 0 0.111265)
(-1.49116 0 0.125501)
(-1.49024 0 0.139865)
(-1.489 0 0.154349)
(-1.48744 0 0.168946)
(-1.48555 0 0.183647)
(-1.48332 0 0.198441)
(-1.48076 0 0.213321)
(-1.47785 0 0.228274)
(-1.47459 0 0.24329)
(-1.47097 0 0.258357)
(-1.467 0 0.273464)
(-1.46267 0 0.288597)
(-1.45797 0 0.303744)
(-1.4529 0 0.318891)
(-1.44745 0 0.334024)
(-1.44164 0 0.349129)
(-1.43545 0 0.364191)
(-1.42888 0 0.379194)
(-1.42193 0 0.394124)
(-1.4146 0 0.408964)
(-1.40689 0 0.423698)
(-1.39881 0 0.438311)
(-1.39035 0 0.452785)
(-1.38151 0 0.467104)
(-1.3723 0 0.481251)
(-1.36273 0 0.49521)
(-1.35278 0 0.508963)
(-1.34248 0 0.522495)
(-1.33182 0 0.535788)
(-1.32082 0 0.548827)
(-1.30947 0 0.561594)
(-1.29778 0 0.574075)
(-1.28577 0 0.586254)
(-1.27343 0 0.598115)
(-1.26079 0 0.609644)
(-1.24784 0 0.620827)
(-1.23468 0 0.63165)
(-1.2213 0 0.642099)
(-1.20653 0 0.652161)
(-0.003953 0 -0.385768)
(-0.011853 0 -0.385641)
(-0.0197471 0 -0.385503)
(-0.0276341 0 -0.385356)
(-0.0355135 0 -0.385202)
(-0.0433846 0 -0.385043)
(-0.0512469 0 -0.384883)
(-0.0590998 0 -0.384725)
(-0.0669428 0 -0.384573)
(-0.0747755 0 -0.384431)
(-0.0825974 0 -0.384303)
(-0.0904081 0 -0.384194)
(-0.0982074 0 -0.384107)
(-0.105995 0 -0.384049)
(-0.113771 0 -0.384023)
(-0.121534 0 -0.384034)
(-0.129286 0 -0.384089)
(-0.137026 0 -0.384193)
(-0.144754 0 -0.38435)
(-0.15247 0 -0.384567)
(-0.160175 0 -0.384849)
(-0.16787 0 -0.385201)
(-0.175553 0 -0.38563)
(-0.183227 0 -0.386141)
(-0.190892 0 -0.386738)
(-0.198549 0 -0.387429)
(-0.206198 0 -0.388217)
(-0.21384 0 -0.389108)
(-0.221478 0 -0.390106)
(-0.229111 0 -0.391216)
(-0.236742 0 -0.392443)
(-0.244372 0 -0.393788)
(-0.252002 0 -0.395257)
(-0.259634 0 -0.396851)
(-0.267271 0 -0.398573)
(-0.274914 0 -0.400423)
(-0.282565 0 -0.402402)
(-0.290227 0 -0.404509)
(-0.297902 0 -0.406743)
(-0.305593 0 -0.409101)
(-0.313302 0 -0.411578)
(-0.321033 0 -0.41417)
(-0.328788 0 -0.416869)
(-0.336571 0 -0.419668)
(-0.344384 0 -0.422556)
(-0.352231 0 -0.425522)
(-0.360114 0 -0.428555)
(-0.368038 0 -0.43164)
(-0.376005 0 -0.434764)
(-0.384018 0 -0.437911)
(-0.392079 0 -0.441066)
(-0.400193 0 -0.444214)
(-0.408359 0 -0.447339)
(-0.416582 0 -0.450427)
(-0.424861 0 -0.453465)
(-0.433198 0 -0.45644)
(-0.441595 0 -0.459341)
(-0.45005 0 -0.46216)
(-0.458565 0 -0.464888)
(-0.467138 0 -0.467519)
(-0.475769 0 -0.470049)
(-0.484456 0 -0.472474)
(-0.493198 0 -0.474792)
(-0.501994 0 -0.477004)
(-0.510841 0 -0.47911)
(-0.519738 0 -0.48111)
(-0.528682 0 -0.483007)
(-0.537671 0 -0.484804)
(-0.546702 0 -0.486502)
(-0.555775 0 -0.488106)
(-0.564886 0 -0.489618)
(-0.574032 0 -0.491042)
(-0.583213 0 -0.49238)
(-0.592426 0 -0.493637)
(-0.601669 0 -0.494813)
(-0.610941 0 -0.495913)
(-0.620238 0 -0.496939)
(-0.62956 0 -0.497892)
(-0.638905 0 -0.498775)
(-0.648272 0 -0.49959)
(-0.657659 0 -0.500337)
(-0.667064 0 -0.501018)
(-0.676487 0 -0.501634)
(-0.685926 0 -0.502187)
(-0.69538 0 -0.502675)
(-0.704847 0 -0.5031)
(-0.714328 0 -0.503462)
(-0.72382 0 -0.503761)
(-0.733323 0 -0.503997)
(-0.742835 0 -0.504169)
(-0.752357 0 -0.504278)
(-0.761887 0 -0.504323)
(-0.771423 0 -0.504303)
(-0.780966 0 -0.504218)
(-0.790515 0 -0.504066)
(-0.800068 0 -0.503849)
(-0.809625 0 -0.503563)
(-0.819186 0 -0.50321)
(-0.828748 0 -0.502787)
(-0.838312 0 -0.502295)
(-0.847877 0 -0.501731)
(-0.857442 0 -0.501096)
(-0.867006 0 -0.500388)
(-0.876568 0 -0.499607)
(-0.886127 0 -0.498751)
(-0.895684 0 -0.497819)
(-0.905236 0 -0.49681)
(-0.914783 0 -0.495725)
(-0.924325 0 -0.49456)
(-0.933859 0 -0.493317)
(-0.943387 0 -0.491993)
(-0.952905 0 -0.490587)
(-0.962414 0 -0.4891)
(-0.971913 0 -0.487529)
(-0.981401 0 -0.485873)
(-0.990876 0 -0.484133)
(-1.00034 0 -0.482307)
(-1.00979 0 -0.480393)
(-1.01922 0 -0.478392)
(-1.02863 0 -0.476301)
(-1.03803 0 -0.474121)
(-1.04741 0 -0.47185)
(-1.05677 0 -0.469487)
(-1.06611 0 -0.467031)
(-1.07543 0 -0.464481)
(-1.08472 0 -0.461836)
(-1.09399 0 -0.459095)
(-1.10323 0 -0.456258)
(-1.11244 0 -0.453322)
(-1.12163 0 -0.450287)
(-1.13079 0 -0.447152)
(-1.13991 0 -0.443916)
(-1.149 0 -0.440577)
(-1.15806 0 -0.437134)
(-1.16707 0 -0.433586)
(-1.17606 0 -0.429932)
(-1.185 0 -0.426171)
(-1.1939 0 -0.422301)
(-1.20275 0 -0.41832)
(-1.21157 0 -0.414228)
(-1.22033 0 -0.410023)
(-1.22904 0 -0.405703)
(-1.23771 0 -0.401267)
(-1.24632 0 -0.396714)
(-1.25488 0 -0.392041)
(-1.26338 0 -0.387247)
(-1.27181 0 -0.382331)
(-1.28019 0 -0.37729)
(-1.2885 0 -0.372124)
(-1.29675 0 -0.366829)
(-1.30492 0 -0.361405)
(-1.31303 0 -0.355849)
(-1.32105 0 -0.350159)
(-1.329 0 -0.344334)
(-1.33687 0 -0.338371)
(-1.34466 0 -0.332269)
(-1.35236 0 -0.326026)
(-1.35997 0 -0.319639)
(-1.36748 0 -0.313107)
(-1.3749 0 -0.306427)
(-1.38222 0 -0.299598)
(-1.38944 0 -0.292618)
(-1.39654 0 -0.285483)
(-1.40354 0 -0.278194)
(-1.41042 0 -0.270747)
(-1.41719 0 -0.26314)
(-1.42383 0 -0.255372)
(-1.43034 0 -0.247442)
(-1.43672 0 -0.239346)
(-1.44297 0 -0.231085)
(-1.44907 0 -0.222655)
(-1.45503 0 -0.214056)
(-1.46084 0 -0.205285)
(-1.4665 0 -0.196343)
(-1.472 0 -0.187227)
(-1.47733 0 -0.177937)
(-1.48249 0 -0.168472)
(-1.48748 0 -0.158831)
(-1.49229 0 -0.149014)
(-1.49691 0 -0.13902)
(-1.50134 0 -0.128849)
(-1.50558 0 -0.118501)
(-1.50961 0 -0.107976)
(-1.51344 0 -0.0972752)
(-1.51705 0 -0.0863991)
(-1.52044 0 -0.0753487)
(-1.52361 0 -0.0641252)
(-1.52655 0 -0.0527301)
(-1.52925 0 -0.0411654)
(-1.53171 0 -0.0294332)
(-1.53392 0 -0.017536)
(-1.53587 0 -0.00547664)
(-1.53757 0 0.00674135)
(-1.539 0 0.0191142)
(-1.54015 0 0.0316398)
(-1.54103 0 0.0443158)
(-1.54163 0 0.0571388)
(-1.54193 0 0.0701051)
(-1.54195 0 0.0832099)
(-1.54166 0 0.0964483)
(-1.54107 0 0.109814)
(-1.54016 0 0.123302)
(-1.53894 0 0.136904)
(-1.5374 0 0.150614)
(-1.53553 0 0.164423)
(-1.53332 0 0.178323)
(-1.53078 0 0.192305)
(-1.5279 0 0.206359)
(-1.52467 0 0.220476)
(-1.52109 0 0.234646)
(-1.51715 0 0.248857)
(-1.51286 0 0.263098)
(-1.5082 0 0.277357)
(-1.50318 0 0.291623)
(-1.49779 0 0.305882)
(-1.49203 0 0.320122)
(-1.4859 0 0.334329)
(-1.4794 0 0.34849)
(-1.47252 0 0.36259)
(-1.46526 0 0.376615)
(-1.45763 0 0.390552)
(-1.44963 0 0.404384)
(-1.44126 0 0.418097)
(-1.43251 0 0.431676)
(-1.4234 0 0.445106)
(-1.41392 0 0.458372)
(-1.40407 0 0.471457)
(-1.39387 0 0.484349)
(-1.38332 0 0.49703)
(-1.37241 0 0.509486)
(-1.36117 0 0.521702)
(-1.34959 0 0.533664)
(-1.33768 0 0.545357)
(-1.32545 0 0.556767)
(-1.3129 0 0.567881)
(-1.30005 0 0.578685)
(-1.28691 0 0.589168)
(-1.27356 0 0.599316)
(-1.26 0 0.609116)
(-1.24505 0 0.618557)
(-0.00405486 0 -0.366551)
(-0.0121589 0 -0.366438)
(-0.0202575 0 -0.366315)
(-0.0283495 0 -0.366184)
(-0.0364344 0 -0.366048)
(-0.0445118 0 -0.365909)
(-0.052581 0 -0.36577)
(-0.0606417 0 -0.365635)
(-0.0686934 0 -0.365506)
(-0.0767356 0 -0.365388)
(-0.0847682 0 -0.365285)
(-0.0927907 0 -0.365201)
(-0.100803 0 -0.365141)
(-0.108805 0 -0.365109)
(-0.116797 0 -0.365109)
(-0.124779 0 -0.365148)
(-0.13275 0 -0.365229)
(-0.140711 0 -0.365359)
(-0.148663 0 -0.365541)
(-0.156605 0 -0.365783)
(-0.164539 0 -0.366088)
(-0.172464 0 -0.366463)
(-0.180382 0 -0.366913)
(-0.188292 0 -0.367442)
(-0.196197 0 -0.368057)
(-0.204098 0 -0.368762)
(-0.211994 0 -0.369562)
(-0.219888 0 -0.370462)
(-0.22778 0 -0.371467)
(-0.235673 0 -0.37258)
(-0.243568 0 -0.373805)
(-0.251466 0 -0.375145)
(-0.25937 0 -0.376605)
(-0.267282 0 -0.378185)
(-0.275202 0 -0.379887)
(-0.283135 0 -0.381713)
(-0.291082 0 -0.383662)
(-0.299046 0 -0.385733)
(-0.307029 0 -0.387925)
(-0.315033 0 -0.390234)
(-0.323063 0 -0.392655)
(-0.331121 0 -0.395184)
(-0.339209 0 -0.397814)
(-0.347331 0 -0.400535)
(-0.35549 0 -0.403338)
(-0.363689 0 -0.406212)
(-0.371932 0 -0.409144)
(-0.38022 0 -0.412122)
(-0.388557 0 -0.415132)
(-0.396946 0 -0.418158)
(-0.405389 0 -0.421187)
(-0.413888 0 -0.424202)
(-0.422445 0 -0.427191)
(-0.431061 0 -0.43014)
(-0.439738 0 -0.433035)
(-0.448476 0 -0.435866)
(-0.457276 0 -0.438623)
(-0.466137 0 -0.441297)
(-0.475059 0 -0.443881)
(-0.484041 0 -0.446371)
(-0.493081 0 -0.448762)
(-0.502179 0 -0.451053)
(-0.511333 0 -0.453241)
(-0.52054 0 -0.455326)
(-0.529799 0 -0.457311)
(-0.539107 0 -0.459195)
(-0.548463 0 -0.460982)
(-0.557863 0 -0.462673)
(-0.567306 0 -0.464272)
(-0.576789 0 -0.465781)
(-0.58631 0 -0.467204)
(-0.595867 0 -0.468544)
(-0.605458 0 -0.469804)
(-0.615081 0 -0.470986)
(-0.624733 0 -0.472093)
(-0.634414 0 -0.473128)
(-0.64412 0 -0.474092)
(-0.653851 0 -0.474988)
(-0.663605 0 -0.475818)
(-0.67338 0 -0.476583)
(-0.683175 0 -0.477284)
(-0.692988 0 -0.477922)
(-0.702819 0 -0.478499)
(-0.712665 0 -0.479014)
(-0.722527 0 -0.479468)
(-0.732402 0 -0.479861)
(-0.742289 0 -0.480194)
(-0.752188 0 -0.480466)
(-0.762098 0 -0.480678)
(-0.772016 0 -0.480828)
(-0.781944 0 -0.480917)
(-0.791879 0 -0.480944)
(-0.801821 0 -0.480909)
(-0.811768 0 -0.48081)
(-0.82172 0 -0.480647)
(-0.831677 0 -0.48042)
(-0.841636 0 -0.480127)
(-0.851597 0 -0.479768)
(-0.86156 0 -0.479342)
(-0.871524 0 -0.478848)
(-0.881486 0 -0.478285)
(-0.891448 0 -0.477653)
(-0.901407 0 -0.47695)
(-0.911363 0 -0.476175)
(-0.921315 0 -0.475327)
(-0.931262 0 -0.474406)
(-0.941203 0 -0.473411)
(-0.951137 0 -0.472341)
(-0.961064 0 -0.471194)
(-0.970981 0 -0.46997)
(-0.980888 0 -0.468668)
(-0.990785 0 -0.467287)
(-1.00067 0 -0.465826)
(-1.01054 0 -0.464284)
(-1.0204 0 -0.462661)
(-1.03024 0 -0.460954)
(-1.04007 0 -0.459165)
(-1.04987 0 -0.457291)
(-1.05966 0 -0.455332)
(-1.06943 0 -0.453286)
(-1.07918 0 -0.451154)
(-1.08891 0 -0.448933)
(-1.09861 0 -0.446624)
(-1.10828 0 -0.444224)
(-1.11793 0 -0.441734)
(-1.12756 0 -0.439153)
(-1.13715 0 -0.436479)
(-1.14671 0 -0.433711)
(-1.15624 0 -0.430848)
(-1.16574 0 -0.427891)
(-1.1752 0 -0.424836)
(-1.18462 0 -0.421684)
(-1.19401 0 -0.418433)
(-1.20335 0 -0.415083)
(-1.21265 0 -0.411631)
(-1.22191 0 -0.408078)
(-1.23112 0 -0.404421)
(-1.24029 0 -0.40066)
(-1.2494 0 -0.396794)
(-1.25846 0 -0.39282)
(-1.26747 0 -0.388738)
(-1.27643 0 -0.384547)
(-1.28532 0 -0.380244)
(-1.29416 0 -0.37583)
(-1.30293 0 -0.371301)
(-1.31164 0 -0.366657)
(-1.32028 0 -0.361897)
(-1.32885 0 -0.357017)
(-1.33734 0 -0.352018)
(-1.34576 0 -0.346898)
(-1.35411 0 -0.341654)
(-1.36237 0 -0.336285)
(-1.37055 0 -0.330789)
(-1.37864 0 -0.325165)
(-1.38665 0 -0.319411)
(-1.39456 0 -0.313525)
(-1.40237 0 -0.307505)
(-1.41009 0 -0.301349)
(-1.4177 0 -0.295057)
(-1.42521 0 -0.288625)
(-1.4326 0 -0.282052)
(-1.43988 0 -0.275336)
(-1.44705 0 -0.268477)
(-1.45409 0 -0.26147)
(-1.46101 0 -0.254316)
(-1.4678 0 -0.247013)
(-1.47446 0 -0.239558)
(-1.48098 0 -0.231951)
(-1.48736 0 -0.224189)
(-1.49359 0 -0.216271)
(-1.49967 0 -0.208197)
(-1.5056 0 -0.199964)
(-1.51136 0 -0.191572)
(-1.51696 0 -0.18302)
(-1.52239 0 -0.174306)
(-1.52765 0 -0.165429)
(-1.53272 0 -0.15639)
(-1.53761 0 -0.147188)
(-1.54231 0 -0.137822)
(-1.54682 0 -0.128292)
(-1.55112 0 -0.118598)
(-1.55522 0 -0.10874)
(-1.5591 0 -0.0987198)
(-1.56277 0 -0.0885365)
(-1.56622 0 -0.0781916)
(-1.56943 0 -0.067686)
(-1.57242 0 -0.0570212)
(-1.57516 0 -0.0461988)
(-1.57766 0 -0.0352205)
(-1.5799 0 -0.0240886)
(-1.58189 0 -0.0128054)
(-1.58362 0 -0.00137353)
(-1.58508 0 0.0102031)
(-1.58627 0 0.0219212)
(-1.58718 0 0.0337791)
(-1.5878 0 0.0457742)
(-1.58813 0 0.0579033)
(-1.58818 0 0.0701623)
(-1.58792 0 0.0825468)
(-1.58735 0 0.0950517)
(-1.58648 0 0.107671)
(-1.58528 0 0.1204)
(-1.58377 0 0.13323)
(-1.58194 0 0.146156)
(-1.57977 0 0.159169)
(-1.57727 0 0.172261)
(-1.57442 0 0.185424)
(-1.57124 0 0.19865)
(-1.5677 0 0.211928)
(-1.56382 0 0.22525)
(-1.55958 0 0.238604)
(-1.55498 0 0.25198)
(-1.55002 0 0.265368)
(-1.54469 0 0.278756)
(-1.539 0 0.292132)
(-1.53295 0 0.305485)
(-1.52652 0 0.318801)
(-1.51973 0 0.332069)
(-1.51256 0 0.345276)
(-1.50502 0 0.358407)
(-1.49712 0 0.371451)
(-1.48884 0 0.384394)
(-1.4802 0 0.397221)
(-1.4712 0 0.409919)
(-1.46183 0 0.422475)
(-1.4521 0 0.434875)
(-1.44201 0 0.447104)
(-1.43158 0 0.459149)
(-1.42079 0 0.470996)
(-1.40967 0 0.482631)
(-1.39821 0 0.494042)
(-1.38642 0 0.505215)
(-1.37431 0 0.516138)
(-1.36189 0 0.526796)
(-1.34916 0 0.537179)
(-1.33612 0 0.547275)
(-1.32281 0 0.557072)
(-1.30929 0 0.566559)
(-1.29558 0 0.575724)
(-1.28048 0 0.584558)
(-0.00415198 0 -0.346855)
(-0.0124505 0 -0.346755)
(-0.0207441 0 -0.346646)
(-0.0290317 0 -0.346531)
(-0.0373127 0 -0.346412)
(-0.0455868 0 -0.346291)
(-0.0538536 0 -0.346171)
(-0.0621125 0 -0.346055)
(-0.0703633 0 -0.345948)
(-0.0786057 0 -0.345852)
(-0.0868394 0 -0.345771)
(-0.0950644 0 -0.34571)
(-0.10328 0 -0.345672)
(-0.111488 0 -0.345663)
(-0.119686 0 -0.345687)
(-0.127876 0 -0.345747)
(-0.136057 0 -0.345851)
(-0.144231 0 -0.346001)
(-0.152397 0 -0.346204)
(-0.160555 0 -0.346465)
(-0.168708 0 -0.346788)
(-0.176855 0 -0.347178)
(-0.184997 0 -0.347642)
(-0.193135 0 -0.348183)
(-0.20127 0 -0.348806)
(-0.209404 0 -0.349517)
(-0.217538 0 -0.350321)
(-0.225673 0 -0.351221)
(-0.233811 0 -0.352221)
(-0.241954 0 -0.353326)
(-0.250103 0 -0.354539)
(-0.25826 0 -0.355863)
(-0.266427 0 -0.357301)
(-0.274607 0 -0.358854)
(-0.282802 0 -0.360524)
(-0.291014 0 -0.362312)
(-0.299246 0 -0.364217)
(-0.3075 0 -0.366238)
(-0.315779 0 -0.368373)
(-0.324086 0 -0.370618)
(-0.332424 0 -0.37297)
(-0.340797 0 -0.375421)
(-0.349206 0 -0.377965)
(-0.357654 0 -0.380593)
(-0.366146 0 -0.383297)
(-0.374684 0 -0.386063)
(-0.383271 0 -0.388882)
(-0.391909 0 -0.391739)
(-0.400602 0 -0.394622)
(-0.409351 0 -0.397516)
(-0.418159 0 -0.400406)
(-0.427027 0 -0.40328)
(-0.435957 0 -0.406123)
(-0.44495 0 -0.408923)
(-0.454006 0 -0.411669)
(-0.463127 0 -0.414349)
(-0.472311 0 -0.416956)
(-0.481558 0 -0.419481)
(-0.490868 0 -0.421919)
(-0.500239 0 -0.424265)
(-0.509669 0 -0.426515)
(-0.519157 0 -0.42867)
(-0.528702 0 -0.430726)
(-0.5383 0 -0.432685)
(-0.547949 0 -0.434548)
(-0.557648 0 -0.436317)
(-0.567395 0 -0.437993)
(-0.577185 0 -0.43958)
(-0.587018 0 -0.44108)
(-0.596891 0 -0.442495)
(-0.606802 0 -0.44383)
(-0.616749 0 -0.445087)
(-0.626729 0 -0.446268)
(-0.63674 0 -0.447376)
(-0.646781 0 -0.448415)
(-0.656849 0 -0.449385)
(-0.666944 0 -0.450289)
(-0.677063 0 -0.451129)
(-0.687204 0 -0.451906)
(-0.697367 0 -0.452621)
(-0.707549 0 -0.453277)
(-0.71775 0 -0.453872)
(-0.727967 0 -0.454409)
(-0.738201 0 -0.454887)
(-0.748448 0 -0.455308)
(-0.75871 0 -0.45567)
(-0.768983 0 -0.455974)
(-0.779268 0 -0.456221)
(-0.789563 0 -0.456409)
(-0.799867 0 -0.456538)
(-0.810178 0 -0.456608)
(-0.820497 0 -0.456619)
(-0.830822 0 -0.456569)
(-0.841152 0 -0.456458)
(-0.851486 0 -0.456286)
(-0.861823 0 -0.456051)
(-0.872162 0 -0.455753)
(-0.882503 0 -0.455391)
(-0.892843 0 -0.454965)
(-0.903183 0 -0.454472)
(-0.913521 0 -0.453913)
(-0.923856 0 -0.453286)
(-0.934187 0 -0.452592)
(-0.944514 0 -0.451827)
(-0.954834 0 -0.450993)
(-0.965148 0 -0.450088)
(-0.975453 0 -0.44911)
(-0.98575 0 -0.44806)
(-0.996036 0 -0.446936)
(-1.00631 0 -0.445737)
(-1.01657 0 -0.444463)
(-1.02682 0 -0.443113)
(-1.03706 0 -0.441685)
(-1.04728 0 -0.44018)
(-1.05748 0 -0.438595)
(-1.06766 0 -0.436931)
(-1.07782 0 -0.435186)
(-1.08796 0 -0.43336)
(-1.09808 0 -0.431451)
(-1.10818 0 -0.42946)
(-1.11825 0 -0.427384)
(-1.12829 0 -0.425224)
(-1.13831 0 -0.422979)
(-1.14829 0 -0.420646)
(-1.15825 0 -0.418227)
(-1.16817 0 -0.41572)
(-1.17806 0 -0.413123)
(-1.18791 0 -0.410437)
(-1.19773 0 -0.40766)
(-1.20751 0 -0.404792)
(-1.21724 0 -0.401831)
(-1.22693 0 -0.398776)
(-1.23658 0 -0.395627)
(-1.24619 0 -0.392383)
(-1.25574 0 -0.389042)
(-1.26524 0 -0.385604)
(-1.2747 0 -0.382067)
(-1.28409 0 -0.378431)
(-1.29343 0 -0.374694)
(-1.30272 0 -0.370855)
(-1.31194 0 -0.366913)
(-1.3211 0 -0.362867)
(-1.33019 0 -0.358715)
(-1.33922 0 -0.354457)
(-1.34818 0 -0.350091)
(-1.35706 0 -0.345615)
(-1.36587 0 -0.341029)
(-1.3746 0 -0.33633)
(-1.38325 0 -0.331518)
(-1.39182 0 -0.326591)
(-1.4003 0 -0.321548)
(-1.40869 0 -0.316386)
(-1.41699 0 -0.311105)
(-1.42519 0 -0.305704)
(-1.4333 0 -0.300179)
(-1.4413 0 -0.29453)
(-1.4492 0 -0.288756)
(-1.45699 0 -0.282854)
(-1.46467 0 -0.276823)
(-1.47223 0 -0.270662)
(-1.47968 0 -0.264369)
(-1.487 0 -0.257942)
(-1.49419 0 -0.25138)
(-1.50125 0 -0.244681)
(-1.50818 0 -0.237844)
(-1.51497 0 -0.230867)
(-1.52162 0 -0.223749)
(-1.52812 0 -0.216489)
(-1.53447 0 -0.209085)
(-1.54066 0 -0.201536)
(-1.5467 0 -0.193841)
(-1.55256 0 -0.185999)
(-1.55826 0 -0.178009)
(-1.56378 0 -0.169871)
(-1.56913 0 -0.161582)
(-1.57428 0 -0.153144)
(-1.57925 0 -0.144554)
(-1.58403 0 -0.135814)
(-1.5886 0 -0.126922)
(-1.59297 0 -0.11788)
(-1.59714 0 -0.108686)
(-1.60108 0 -0.0993414)
(-1.60481 0 -0.0898466)
(-1.60831 0 -0.0802024)
(-1.61157 0 -0.0704096)
(-1.61461 0 -0.0604694)
(-1.6174 0 -0.0503833)
(-1.61994 0 -0.0401527)
(-1.62223 0 -0.0297796)
(-1.62426 0 -0.019266)
(-1.62603 0 -0.00861433)
(-1.62753 0 0.00217291)
(-1.62875 0 0.0130919)
(-1.6297 0 0.0241402)
(-1.63036 0 0.035316)
(-1.63073 0 0.0466167)
(-1.63081 0 0.0580388)
(-1.63059 0 0.0695784)
(-1.63006 0 0.0812311)
(-1.62923 0 0.0929919)
(-1.62808 0 0.104855)
(-1.62661 0 0.116816)
(-1.62482 0 0.128867)
(-1.6227 0 0.141002)
(-1.62025 0 0.153213)
(-1.61746 0 0.165494)
(-1.61433 0 0.177835)
(-1.61085 0 0.19023)
(-1.60703 0 0.202669)
(-1.60286 0 0.215142)
(-1.59833 0 0.227641)
(-1.59344 0 0.240156)
(-1.5882 0 0.252676)
(-1.58259 0 0.265191)
(-1.57663 0 0.27769)
(-1.57029 0 0.290163)
(-1.56359 0 0.302597)
(-1.55653 0 0.314982)
(-1.5491 0 0.327305)
(-1.5413 0 0.339555)
(-1.53314 0 0.351718)
(-1.52462 0 0.363784)
(-1.51573 0 0.37574)
(-1.50649 0 0.387572)
(-1.49689 0 0.399269)
(-1.48693 0 0.410818)
(-1.47663 0 0.422206)
(-1.46598 0 0.433422)
(-1.455 0 0.444452)
(-1.44368 0 0.455284)
(-1.43203 0 0.465906)
(-1.42005 0 0.476307)
(-1.40777 0 0.486475)
(-1.39517 0 0.496399)
(-1.38228 0 0.506067)
(-1.36909 0 0.515469)
(-1.35563 0 0.524595)
(-1.34196 0 0.533435)
(-1.32811 0 0.541978)
(-1.31289 0 0.550217)
(-0.00424418 0 -0.326705)
(-0.0127274 0 -0.326616)
(-0.0212061 0 -0.326521)
(-0.0296793 0 -0.32642)
(-0.0381466 0 -0.326316)
(-0.0466076 0 -0.326211)
(-0.055062 0 -0.326108)
(-0.0635093 0 -0.326011)
(-0.0719493 0 -0.325922)
(-0.080382 0 -0.325845)
(-0.088807 0 -0.325784)
(-0.0972244 0 -0.325743)
(-0.105634 0 -0.325725)
(-0.114037 0 -0.325735)
(-0.122432 0 -0.325777)
(-0.13082 0 -0.325857)
(-0.139201 0 -0.325978)
(-0.147577 0 -0.326144)
(-0.155947 0 -0.326362)
(-0.164312 0 -0.326636)
(-0.172673 0 -0.32697)
(-0.181031 0 -0.32737)
(-0.189388 0 -0.32784)
(-0.197743 0 -0.328385)
(-0.206099 0 -0.32901)
(-0.214456 0 -0.329719)
(-0.222817 0 -0.330517)
(-0.231183 0 -0.331407)
(-0.239556 0 -0.332394)
(-0.247937 0 -0.333481)
(-0.256329 0 -0.334671)
(-0.264734 0 -0.335967)
(-0.273153 0 -0.337371)
(-0.28159 0 -0.338886)
(-0.290047 0 -0.340511)
(-0.298527 0 -0.342248)
(-0.307031 0 -0.344096)
(-0.315564 0 -0.346053)
(-0.324127 0 -0.348117)
(-0.332724 0 -0.350285)
(-0.341357 0 -0.352551)
(-0.350031 0 -0.35491)
(-0.358746 0 -0.357355)
(-0.367508 0 -0.359877)
(-0.376318 0 -0.362467)
(-0.38518 0 -0.365113)
(-0.394095 0 -0.367805)
(-0.403068 0 -0.370529)
(-0.412099 0 -0.373273)
(-0.421192 0 -0.376022)
(-0.430347 0 -0.378765)
(-0.439566 0 -0.381487)
(-0.448851 0 -0.384177)
(-0.458202 0 -0.386821)
(-0.467619 0 -0.389411)
(-0.477102 0 -0.391935)
(-0.48665 0 -0.394387)
(-0.496264 0 -0.39676)
(-0.505941 0 -0.399048)
(-0.515679 0 -0.401248)
(-0.525479 0 -0.403357)
(-0.535336 0 -0.405374)
(-0.54525 0 -0.407299)
(-0.555217 0 -0.409131)
(-0.565236 0 -0.410873)
(-0.575305 0 -0.412526)
(-0.58542 0 -0.414093)
(-0.59558 0 -0.415576)
(-0.605781 0 -0.416977)
(-0.616023 0 -0.4183)
(-0.626302 0 -0.419547)
(-0.636616 0 -0.420721)
(-0.646963 0 -0.421824)
(-0.657342 0 -0.42286)
(-0.66775 0 -0.42383)
(-0.678185 0 -0.424736)
(-0.688646 0 -0.42558)
(-0.699132 0 -0.426364)
(-0.709639 0 -0.427089)
(-0.720168 0 -0.427755)
(-0.730716 0 -0.428365)
(-0.741282 0 -0.428919)
(-0.751865 0 -0.429416)
(-0.762464 0 -0.429859)
(-0.773077 0 -0.430246)
(-0.783703 0 -0.430578)
(-0.794341 0 -0.430854)
(-0.804989 0 -0.431076)
(-0.815647 0 -0.431241)
(-0.826314 0 -0.431351)
(-0.836988 0 -0.431404)
(-0.847669 0 -0.431399)
(-0.858354 0 -0.431337)
(-0.869044 0 -0.431216)
(-0.879737 0 -0.431036)
(-0.890433 0 -0.430797)
(-0.901129 0 -0.430496)
(-0.911825 0 -0.430134)
(-0.92252 0 -0.42971)
(-0.933213 0 -0.429222)
(-0.943902 0 -0.42867)
(-0.954587 0 -0.428054)
(-0.965267 0 -0.427371)
(-0.97594 0 -0.426622)
(-0.986605 0 -0.425805)
(-0.997261 0 -0.42492)
(-1.00791 0 -0.423966)
(-1.01854 0 -0.422942)
(-1.02916 0 -0.421847)
(-1.03977 0 -0.42068)
(-1.05036 0 -0.41944)
(-1.06094 0 -0.418127)
(-1.0715 0 -0.41674)
(-1.08204 0 -0.415278)
(-1.09255 0 -0.41374)
(-1.10305 0 -0.412126)
(-1.11352 0 -0.410434)
(-1.12397 0 -0.408665)
(-1.1344 0 -0.406816)
(-1.14479 0 -0.404888)
(-1.15516 0 -0.40288)
(-1.16549 0 -0.40079)
(-1.17579 0 -0.398619)
(-1.18606 0 -0.396365)
(-1.19629 0 -0.394027)
(-1.20649 0 -0.391605)
(-1.21664 0 -0.389099)
(-1.22676 0 -0.386507)
(-1.23683 0 -0.383828)
(-1.24686 0 -0.381062)
(-1.25684 0 -0.378207)
(-1.26677 0 -0.375264)
(-1.27666 0 -0.372231)
(-1.28649 0 -0.369107)
(-1.29626 0 -0.365892)
(-1.30598 0 -0.362584)
(-1.31565 0 -0.359182)
(-1.32525 0 -0.355686)
(-1.33479 0 -0.352095)
(-1.34426 0 -0.348407)
(-1.35366 0 -0.344622)
(-1.363 0 -0.340739)
(-1.37226 0 -0.336755)
(-1.38145 0 -0.332671)
(-1.39056 0 -0.328485)
(-1.39959 0 -0.324196)
(-1.40854 0 -0.319803)
(-1.4174 0 -0.315304)
(-1.42617 0 -0.310698)
(-1.43485 0 -0.305984)
(-1.44344 0 -0.301161)
(-1.45193 0 -0.296227)
(-1.46032 0 -0.291182)
(-1.46861 0 -0.286022)
(-1.47679 0 -0.280748)
(-1.48486 0 -0.275358)
(-1.49281 0 -0.26985)
(-1.50065 0 -0.264224)
(-1.50837 0 -0.258477)
(-1.51596 0 -0.252608)
(-1.52343 0 -0.246616)
(-1.53076 0 -0.240499)
(-1.53796 0 -0.234257)
(-1.54502 0 -0.227888)
(-1.55193 0 -0.22139)
(-1.5587 0 -0.214762)
(-1.56531 0 -0.208004)
(-1.57177 0 -0.201113)
(-1.57807 0 -0.19409)
(-1.5842 0 -0.186932)
(-1.59016 0 -0.179639)
(-1.59595 0 -0.17221)
(-1.60156 0 -0.164645)
(-1.60699 0 -0.156942)
(-1.61223 0 -0.149101)
(-1.61728 0 -0.141122)
(-1.62213 0 -0.133004)
(-1.62677 0 -0.124747)
(-1.63121 0 -0.116351)
(-1.63543 0 -0.107816)
(-1.63944 0 -0.0991418)
(-1.64323 0 -0.0903299)
(-1.64678 0 -0.0813804)
(-1.6501 0 -0.072294)
(-1.65319 0 -0.0630717)
(-1.65603 0 -0.0537146)
(-1.65862 0 -0.0442243)
(-1.66096 0 -0.0346022)
(-1.66304 0 -0.0248502)
(-1.66485 0 -0.0149704)
(-1.6664 0 -0.00496514)
(-1.66767 0 0.0051629)
(-1.66866 0 0.0154109)
(-1.66937 0 0.0257771)
(-1.66979 0 0.0362591)
(-1.66991 0 0.0468541)
(-1.66974 0 0.0575588)
(-1.66927 0 0.0683693)
(-1.66848 0 0.0792813)
(-1.66739 0 0.09029)
(-1.66597 0 0.10139)
(-1.66424 0 0.112576)
(-1.66218 0 0.123843)
(-1.65979 0 0.135182)
(-1.65707 0 0.146589)
(-1.65401 0 0.158056)
(-1.65061 0 0.169575)
(-1.64686 0 0.181138)
(-1.64277 0 0.192738)
(-1.63832 0 0.204366)
(-1.63353 0 0.216013)
(-1.62837 0 0.22767)
(-1.62286 0 0.239328)
(-1.617 0 0.250977)
(-1.61077 0 0.262607)
(-1.60418 0 0.274208)
(-1.59723 0 0.28577)
(-1.58992 0 0.297281)
(-1.58225 0 0.308733)
(-1.57421 0 0.320112)
(-1.56582 0 0.331409)
(-1.55707 0 0.342612)
(-1.54797 0 0.35371)
(-1.53851 0 0.364691)
(-1.5287 0 0.375544)
(-1.51854 0 0.386258)
(-1.50804 0 0.396822)
(-1.49721 0 0.407224)
(-1.48604 0 0.417453)
(-1.47454 0 0.427499)
(-1.46273 0 0.437349)
(-1.45059 0 0.446995)
(-1.43815 0 0.456424)
(-1.42541 0 0.465628)
(-1.41237 0 0.474596)
(-1.39905 0 0.483319)
(-1.38545 0 0.491789)
(-1.37166 0 0.499995)
(-1.3577 0 0.507928)
(-1.34238 0 0.515583)
(-0.00433127 0 -0.306123)
(-0.0129889 0 -0.306046)
(-0.0216426 0 -0.305962)
(-0.0302912 0 -0.305874)
(-0.0389345 0 -0.305784)
(-0.0475721 0 -0.305694)
(-0.0562037 0 -0.305607)
(-0.0648291 0 -0.305526)
(-0.0734481 0 -0.305453)
(-0.0820606 0 -0.305393)
(-0.0906666 0 -0.305349)
(-0.0992661 0 -0.305324)
(-0.107859 0 -0.305323)
(-0.116446 0 -0.305349)
(-0.125028 0 -0.305407)
(-0.133604 0 -0.3055)
(-0.142175 0 -0.305634)
(-0.150742 0 -0.305812)
(-0.159305 0 -0.30604)
(-0.167866 0 -0.306321)
(-0.176425 0 -0.306661)
(-0.184984 0 -0.307064)
(-0.193543 0 -0.307534)
(-0.202105 0 -0.308076)
(-0.21067 0 -0.308694)
(-0.21924 0 -0.309393)
(-0.227816 0 -0.310176)
(-0.236402 0 -0.311048)
(-0.244997 0 -0.312012)
(-0.253606 0 -0.31307)
(-0.262229 0 -0.314227)
(-0.270869 0 -0.315485)
(-0.279529 0 -0.316845)
(-0.288211 0 -0.318309)
(-0.296918 0 -0.319877)
(-0.305652 0 -0.321551)
(-0.314416 0 -0.323329)
(-0.323213 0 -0.325209)
(-0.332047 0 -0.327189)
(-0.340919 0 -0.329266)
(-0.349834 0 -0.331434)
(-0.358793 0 -0.333688)
(-0.367801 0 -0.33602)
(-0.37686 0 -0.338422)
(-0.385972 0 -0.340885)
(-0.395141 0 -0.343399)
(-0.404369 0 -0.345951)
(-0.413658 0 -0.348531)
(-0.423011 0 -0.351125)
(-0.432429 0 -0.353721)
(-0.441913 0 -0.356307)
(-0.451465 0 -0.35887)
(-0.461085 0 -0.361398)
(-0.470773 0 -0.363881)
(-0.48053 0 -0.366309)
(-0.490355 0 -0.368673)
(-0.500247 0 -0.370967)
(-0.510206 0 -0.373184)
(-0.520228 0 -0.375321)
(-0.530314 0 -0.377373)
(-0.54046 0 -0.379339)
(-0.550664 0 -0.381219)
(-0.560925 0 -0.383011)
(-0.57124 0 -0.384717)
(-0.581607 0 -0.386338)
(-0.592022 0 -0.387876)
(-0.602485 0 -0.389333)
(-0.612991 0 -0.390713)
(-0.623539 0 -0.392016)
(-0.634127 0 -0.393247)
(-0.644751 0 -0.394407)
(-0.655411 0 -0.395499)
(-0.666104 0 -0.396525)
(-0.676828 0 -0.397489)
(-0.687581 0 -0.398391)
(-0.698361 0 -0.399233)
(-0.709167 0 -0.400018)
(-0.719997 0 -0.400746)
(-0.730849 0 -0.401419)
(-0.741721 0 -0.402037)
(-0.752613 0 -0.402602)
(-0.763523 0 -0.403114)
(-0.77445 0 -0.403573)
(-0.785391 0 -0.40398)
(-0.796347 0 -0.404335)
(-0.807315 0 -0.404637)
(-0.818295 0 -0.404887)
(-0.829285 0 -0.405085)
(-0.840284 0 -0.405229)
(-0.851291 0 -0.40532)
(-0.862305 0 -0.405357)
(-0.873324 0 -0.40534)
(-0.884348 0 -0.405267)
(-0.895375 0 -0.405139)
(-0.906404 0 -0.404954)
(-0.917434 0 -0.404712)
(-0.928464 0 -0.404411)
(-0.939493 0 -0.404052)
(-0.950519 0 -0.403634)
(-0.961541 0 -0.403154)
(-0.972559 0 -0.402614)
(-0.98357 0 -0.402011)
(-0.994573 0 -0.401346)
(-1.00557 0 -0.400617)
(-1.01655 0 -0.399823)
(-1.02753 0 -0.398964)
(-1.03849 0 -0.398038)
(-1.04944 0 -0.397046)
(-1.06037 0 -0.395986)
(-1.07128 0 -0.394857)
(-1.08218 0 -0.393659)
(-1.09306 0 -0.392391)
(-1.10391 0 -0.391052)
(-1.11475 0 -0.389641)
(-1.12556 0 -0.388159)
(-1.13634 0 -0.386603)
(-1.1471 0 -0.384973)
(-1.15783 0 -0.38327)
(-1.16853 0 -0.381491)
(-1.1792 0 -0.379636)
(-1.18983 0 -0.377705)
(-1.20043 0 -0.375696)
(-1.21099 0 -0.37361)
(-1.22151 0 -0.371445)
(-1.23199 0 -0.369201)
(-1.24243 0 -0.366877)
(-1.25283 0 -0.364473)
(-1.26318 0 -0.361987)
(-1.27348 0 -0.359419)
(-1.28373 0 -0.356769)
(-1.29393 0 -0.354035)
(-1.30408 0 -0.351217)
(-1.31417 0 -0.348314)
(-1.3242 0 -0.345325)
(-1.33417 0 -0.34225)
(-1.34408 0 -0.339087)
(-1.35392 0 -0.335837)
(-1.3637 0 -0.332497)
(-1.3734 0 -0.329068)
(-1.38304 0 -0.325548)
(-1.3926 0 -0.321936)
(-1.40208 0 -0.318232)
(-1.41148 0 -0.314434)
(-1.42081 0 -0.310542)
(-1.43004 0 -0.306554)
(-1.43919 0 -0.302469)
(-1.44825 0 -0.298287)
(-1.45721 0 -0.294007)
(-1.46608 0 -0.289626)
(-1.47485 0 -0.285145)
(-1.48352 0 -0.280561)
(-1.49208 0 -0.275875)
(-1.50054 0 -0.271084)
(-1.50888 0 -0.266187)
(-1.51711 0 -0.261184)
(-1.52522 0 -0.256072)
(-1.5332 0 -0.250851)
(-1.54106 0 -0.24552)
(-1.5488 0 -0.240077)
(-1.5564 0 -0.234522)
(-1.56386 0 -0.228852)
(-1.57118 0 -0.223067)
(-1.57836 0 -0.217165)
(-1.58539 0 -0.211146)
(-1.59227 0 -0.205009)
(-1.599 0 -0.198751)
(-1.60556 0 -0.192373)
(-1.61196 0 -0.185873)
(-1.61819 0 -0.179251)
(-1.62424 0 -0.172505)
(-1.63012 0 -0.165634)
(-1.63582 0 -0.158639)
(-1.64133 0 -0.151518)
(-1.64665 0 -0.144271)
(-1.65177 0 -0.136897)
(-1.65669 0 -0.129397)
(-1.66141 0 -0.121769)
(-1.66591 0 -0.114014)
(-1.6702 0 -0.106132)
(-1.67427 0 -0.0981226)
(-1.67812 0 -0.0899869)
(-1.68173 0 -0.0817249)
(-1.68511 0 -0.0733375)
(-1.68826 0 -0.0648253)
(-1.69115 0 -0.0561894)
(-1.6938 0 -0.0474309)
(-1.69619 0 -0.0385512)
(-1.69833 0 -0.0295519)
(-1.70019 0 -0.0204346)
(-1.70179 0 -0.0112014)
(-1.70312 0 -0.00185443)
(-1.70417 0 0.00760364)
(-1.70493 0 0.0171704)
(-1.7054 0 0.0268441)
(-1.70559 0 0.0366226)
(-1.70547 0 0.046503)
(-1.70506 0 0.0564819)
(-1.70434 0 0.0665557)
(-1.7033 0 0.0767202)
(-1.70196 0 0.0869708)
(-1.70029 0 0.0973027)
(-1.6983 0 0.107711)
(-1.69599 0 0.118189)
(-1.69334 0 0.128731)
(-1.69037 0 0.139332)
(-1.68705 0 0.149984)
(-1.68339 0 0.160681)
(-1.67939 0 0.171415)
(-1.67504 0 0.182178)
(-1.67035 0 0.192964)
(-1.6653 0 0.203764)
(-1.6599 0 0.214569)
(-1.65415 0 0.225371)
(-1.64804 0 0.236162)
(-1.64157 0 0.246931)
(-1.63475 0 0.25767)
(-1.62757 0 0.26837)
(-1.62003 0 0.27902)
(-1.61214 0 0.289611)
(-1.60389 0 0.300133)
(-1.59529 0 0.310576)
(-1.58633 0 0.32093)
(-1.57703 0 0.331185)
(-1.56738 0 0.34133)
(-1.55738 0 0.351355)
(-1.54705 0 0.36125)
(-1.53638 0 0.371005)
(-1.52537 0 0.38061)
(-1.51404 0 0.390055)
(-1.50239 0 0.399329)
(-1.49043 0 0.408424)
(-1.47816 0 0.417329)
(-1.46558 0 0.426036)
(-1.45271 0 0.434535)
(-1.43956 0 0.442818)
(-1.42611 0 0.450876)
(-1.41241 0 0.458701)
(-1.39851 0 0.466286)
(-1.38445 0 0.473621)
(-1.36904 0 0.480702)
(-0.00441307 0 -0.285136)
(-0.0132346 0 -0.285068)
(-0.0220525 0 -0.284996)
(-0.030866 0 -0.284919)
(-0.0396746 0 -0.284842)
(-0.0484781 0 -0.284765)
(-0.0572763 0 -0.284692)
(-0.0660691 0 -0.284624)
(-0.0748563 0 -0.284567)
(-0.0836379 0 -0.284521)
(-0.092414 0 -0.284491)
(-0.101185 0 -0.28448)
(-0.10995 0 -0.284492)
(-0.118711 0 -0.284531)
(-0.127468 0 -0.2846)
(-0.136221 0 -0.284704)
(-0.14497 0 -0.284846)
(-0.153717 0 -0.285031)
(-0.162463 0 -0.285264)
(-0.171208 0 -0.285548)
(-0.179954 0 -0.285887)
(-0.188702 0 -0.286287)
(-0.197453 0 -0.28675)
(-0.206209 0 -0.287282)
(-0.214972 0 -0.287887)
(-0.223742 0 -0.288567)
(-0.232522 0 -0.289328)
(-0.241315 0 -0.290172)
(-0.250121 0 -0.291104)
(-0.258945 0 -0.292125)
(-0.267786 0 -0.293238)
(-0.276649 0 -0.294447)
(-0.285536 0 -0.295751)
(-0.294449 0 -0.297154)
(-0.303392 0 -0.298654)
(-0.312367 0 -0.300253)
(-0.321377 0 -0.301949)
(-0.330424 0 -0.30374)
(-0.339513 0 -0.305624)
(-0.348646 0 -0.307597)
(-0.357826 0 -0.309654)
(-0.367056 0 -0.311789)
(-0.37634 0 -0.313997)
(-0.385679 0 -0.316267)
(-0.395076 0 -0.318592)
(-0.404535 0 -0.320961)
(-0.414057 0 -0.323364)
(-0.423645 0 -0.325789)
(-0.4333 0 -0.328224)
(-0.443024 0 -0.330658)
(-0.452817 0 -0.333079)
(-0.462681 0 -0.335475)
(-0.472616 0 -0.337836)
(-0.482621 0 -0.340152)
(-0.492697 0 -0.342414)
(-0.502843 0 -0.344614)
(-0.513057 0 -0.346747)
(-0.523338 0 -0.348806)
(-0.533684 0 -0.350789)
(-0.544094 0 -0.352693)
(-0.554564 0 -0.354515)
(-0.565094 0 -0.356256)
(-0.575679 0 -0.357916)
(-0.586319 0 -0.359496)
(-0.59701 0 -0.360996)
(-0.60775 0 -0.36242)
(-0.618537 0 -0.363768)
(-0.629367 0 -0.365045)
(-0.640239 0 -0.366251)
(-0.65115 0 -0.36739)
(-0.662098 0 -0.368463)
(-0.673081 0 -0.369474)
(-0.684096 0 -0.370424)
(-0.695143 0 -0.371316)
(-0.706218 0 -0.37215)
(-0.717321 0 -0.37293)
(-0.728449 0 -0.373655)
(-0.7396 0 -0.374328)
(-0.750774 0 -0.374949)
(-0.761968 0 -0.37552)
(-0.773182 0 -0.376041)
(-0.784412 0 -0.376511)
(-0.79566 0 -0.376933)
(-0.806922 0 -0.377305)
(-0.818197 0 -0.377628)
(-0.829485 0 -0.377903)
(-0.840784 0 -0.378127)
(-0.852093 0 -0.378302)
(-0.86341 0 -0.378427)
(-0.874734 0 -0.378501)
(-0.886064 0 -0.378524)
(-0.8974 0 -0.378496)
(-0.908738 0 -0.378415)
(-0.920079 0 -0.378281)
(-0.931421 0 -0.378094)
(-0.942762 0 -0.377852)
(-0.954103 0 -0.377556)
(-0.96544 0 -0.377203)
(-0.976773 0 -0.376794)
(-0.988101 0 -0.376327)
(-0.999422 0 -0.375802)
(-1.01074 0 -0.375218)
(-1.02204 0 -0.374574)
(-1.03333 0 -0.37387)
(-1.04461 0 -0.373104)
(-1.05588 0 -0.372277)
(-1.06713 0 -0.371386)
(-1.07837 0 -0.370432)
(-1.08958 0 -0.369414)
(-1.10078 0 -0.36833)
(-1.11196 0 -0.367181)
(-1.12311 0 -0.365965)
(-1.13424 0 -0.364682)
(-1.14535 0 -0.363331)
(-1.15642 0 -0.361912)
(-1.16747 0 -0.360424)
(-1.17849 0 -0.358866)
(-1.18947 0 -0.357237)
(-1.20042 0 -0.355538)
(-1.21133 0 -0.353767)
(-1.22221 0 -0.351923)
(-1.23305 0 -0.350007)
(-1.24384 0 -0.348017)
(-1.25459 0 -0.345953)
(-1.2653 0 -0.343814)
(-1.27595 0 -0.3416)
(-1.28656 0 -0.33931)
(-1.29712 0 -0.336944)
(-1.30763 0 -0.3345)
(-1.31807 0 -0.331979)
(-1.32847 0 -0.329379)
(-1.3388 0 -0.3267)
(-1.34907 0 -0.323941)
(-1.35927 0 -0.321102)
(-1.36941 0 -0.318182)
(-1.37948 0 -0.31518)
(-1.38948 0 -0.312096)
(-1.3994 0 -0.308929)
(-1.40925 0 -0.305677)
(-1.41902 0 -0.302341)
(-1.42871 0 -0.298919)
(-1.43832 0 -0.295411)
(-1.44783 0 -0.291816)
(-1.45726 0 -0.288133)
(-1.4666 0 -0.284361)
(-1.47584 0 -0.280499)
(-1.48499 0 -0.276546)
(-1.49403 0 -0.272502)
(-1.50297 0 -0.268365)
(-1.51181 0 -0.264134)
(-1.52053 0 -0.259809)
(-1.52914 0 -0.255388)
(-1.53764 0 -0.250871)
(-1.54601 0 -0.246256)
(-1.55427 0 -0.241542)
(-1.56239 0 -0.236728)
(-1.57039 0 -0.231814)
(-1.57825 0 -0.226798)
(-1.58598 0 -0.221679)
(-1.59357 0 -0.216455)
(-1.60101 0 -0.211127)
(-1.6083 0 -0.205693)
(-1.61545 0 -0.200152)
(-1.62243 0 -0.194503)
(-1.62926 0 -0.188745)
(-1.63592 0 -0.182877)
(-1.64242 0 -0.176898)
(-1.64874 0 -0.170808)
(-1.65489 0 -0.164605)
(-1.66085 0 -0.15829)
(-1.66663 0 -0.15186)
(-1.67223 0 -0.145317)
(-1.67762 0 -0.138659)
(-1.68282 0 -0.131885)
(-1.68782 0 -0.124997)
(-1.6926 0 -0.117992)
(-1.69718 0 -0.110872)
(-1.70154 0 -0.103636)
(-1.70568 0 -0.0962837)
(-1.70959 0 -0.0888165)
(-1.71327 0 -0.0812341)
(-1.71671 0 -0.0735372)
(-1.71992 0 -0.0657264)
(-1.72287 0 -0.0578025)
(-1.72558 0 -0.0497666)
(-1.72804 0 -0.0416197)
(-1.73023 0 -0.0333631)
(-1.73216 0 -0.0249983)
(-1.73382 0 -0.0165271)
(-1.73521 0 -0.00795111)
(-1.73632 0 0.000727537)
(-1.73715 0 0.00950626)
(-1.73769 0 0.0183831)
(-1.73794 0 0.0273564)
(-1.73789 0 0.0364238)
(-1.73755 0 0.0455827)
(-1.7369 0 0.0548297)
(-1.73594 0 0.0641612)
(-1.73467 0 0.0735735)
(-1.73309 0 0.0830621)
(-1.73118 0 0.0926224)
(-1.72895 0 0.10225)
(-1.7264 0 0.111938)
(-1.72351 0 0.121683)
(-1.72029 0 0.131478)
(-1.71673 0 0.141317)
(-1.71284 0 0.151194)
(-1.7086 0 0.161101)
(-1.70401 0 0.171033)
(-1.69908 0 0.180982)
(-1.69381 0 0.19094)
(-1.68818 0 0.2009)
(-1.6822 0 0.210854)
(-1.67587 0 0.220795)
(-1.66918 0 0.230713)
(-1.66214 0 0.2406)
(-1.65475 0 0.250448)
(-1.64701 0 0.260248)
(-1.63892 0 0.269992)
(-1.63048 0 0.279669)
(-1.62168 0 0.289272)
(-1.61255 0 0.298791)
(-1.60306 0 0.308217)
(-1.59324 0 0.31754)
(-1.58308 0 0.326752)
(-1.57259 0 0.335844)
(-1.56176 0 0.344806)
(-1.55062 0 0.353629)
(-1.53915 0 0.362305)
(-1.52736 0 0.370824)
(-1.51527 0 0.379178)
(-1.50288 0 0.387358)
(-1.49019 0 0.395357)
(-1.47721 0 0.403166)
(-1.46395 0 0.410777)
(-1.45041 0 0.418183)
(-1.43661 0 0.425377)
(-1.42262 0 0.432352)
(-1.40848 0 0.4391)
(-1.393 0 0.445617)
(-0.00448939 0 -0.263769)
(-0.0134638 0 -0.26371)
(-0.0224351 0 -0.263647)
(-0.0314023 0 -0.263581)
(-0.0403652 0 -0.263515)
(-0.0493236 0 -0.26345)
(-0.0582774 0 -0.263389)
(-0.0672264 0 -0.263334)
(-0.0761706 0 -0.263288)
(-0.0851101 0 -0.263255)
(-0.0940451 0 -0.263237)
(-0.102976 0 -0.263237)
(-0.111903 0 -0.263259)
(-0.120826 0 -0.263307)
(-0.129746 0 -0.263384)
(-0.138664 0 -0.263495)
(-0.147581 0 -0.263641)
(-0.156497 0 -0.263829)
(-0.165413 0 -0.264061)
(-0.174331 0 -0.264342)
(-0.183251 0 -0.264676)
(-0.192176 0 -0.265066)
(-0.201107 0 -0.265517)
(-0.210045 0 -0.266033)
(-0.218992 0 -0.266616)
(-0.22795 0 -0.267271)
(-0.236922 0 -0.268002)
(-0.245908 0 -0.26881)
(-0.254913 0 -0.269701)
(-0.263937 0 -0.270675)
(-0.272984 0 -0.271736)
(-0.282056 0 -0.272885)
(-0.291155 0 -0.274125)
(-0.300286 0 -0.275455)
(-0.30945 0 -0.276876)
(-0.31865 0 -0.278389)
(-0.32789 0 -0.279991)
(-0.337173 0 -0.281682)
(-0.346502 0 -0.283458)
(-0.355879 0 -0.285315)
(-0.365308 0 -0.28725)
(-0.374792 0 -0.289256)
(-0.384333 0 -0.291327)
(-0.393935 0 -0.293454)
(-0.403599 0 -0.29563)
(-0.413329 0 -0.297845)
(-0.423127 0 -0.300088)
(-0.432993 0 -0.302349)
(-0.442931 0 -0.304617)
(-0.45294 0 -0.306881)
(-0.463022 0 -0.30913)
(-0.473177 0 -0.311353)
(-0.483405 0 -0.313541)
(-0.493706 0 -0.315685)
(-0.504079 0 -0.317777)
(-0.514523 0 -0.31981)
(-0.525036 0 -0.321779)
(-0.535617 0 -0.323679)
(-0.546264 0 -0.325507)
(-0.556975 0 -0.327261)
(-0.567747 0 -0.328939)
(-0.578578 0 -0.330542)
(-0.589465 0 -0.33207)
(-0.600406 0 -0.333523)
(-0.611398 0 -0.334903)
(-0.622439 0 -0.336213)
(-0.633527 0 -0.337453)
(-0.644658 0 -0.338627)
(-0.65583 0 -0.339737)
(-0.667042 0 -0.340784)
(-0.67829 0 -0.341772)
(-0.689573 0 -0.342702)
(-0.700888 0 -0.343576)
(-0.712234 0 -0.344396)
(-0.723609 0 -0.345163)
(-0.735011 0 -0.34588)
(-0.746438 0 -0.346547)
(-0.757888 0 -0.347165)
(-0.76936 0 -0.347736)
(-0.780853 0 -0.348259)
(-0.792365 0 -0.348736)
(-0.803894 0 -0.349166)
(-0.815438 0 -0.349551)
(-0.826998 0 -0.349889)
(-0.83857 0 -0.350182)
(-0.850155 0 -0.350429)
(-0.861749 0 -0.350629)
(-0.873353 0 -0.350783)
(-0.884965 0 -0.35089)
(-0.896583 0 -0.350949)
(-0.908207 0 -0.35096)
(-0.919834 0 -0.350923)
(-0.931464 0 -0.350837)
(-0.943095 0 -0.3507)
(-0.954726 0 -0.350513)
(-0.966355 0 -0.350275)
(-0.977982 0 -0.349985)
(-0.989604 0 -0.349643)
(-1.00122 0 -0.349247)
(-1.01283 0 -0.348797)
(-1.02443 0 -0.348292)
(-1.03602 0 -0.347731)
(-1.0476 0 -0.347114)
(-1.05917 0 -0.34644)
(-1.07072 0 -0.345709)
(-1.08226 0 -0.344918)
(-1.09377 0 -0.344069)
(-1.10527 0 -0.34316)
(-1.11675 0 -0.34219)
(-1.12821 0 -0.341158)
(-1.13964 0 -0.340065)
(-1.15104 0 -0.33891)
(-1.16242 0 -0.337691)
(-1.17377 0 -0.336409)
(-1.18509 0 -0.335062)
(-1.19637 0 -0.33365)
(-1.20762 0 -0.332173)
(-1.21884 0 -0.330629)
(-1.23001 0 -0.329019)
(-1.24115 0 -0.327342)
(-1.25224 0 -0.325596)
(-1.26329 0 -0.323783)
(-1.27429 0 -0.321901)
(-1.28525 0 -0.319949)
(-1.29615 0 -0.317928)
(-1.307 0 -0.315836)
(-1.3178 0 -0.313673)
(-1.32854 0 -0.311438)
(-1.33922 0 -0.309132)
(-1.34984 0 -0.306753)
(-1.3604 0 -0.304301)
(-1.37089 0 -0.301775)
(-1.38132 0 -0.299175)
(-1.39167 0 -0.2965)
(-1.40195 0 -0.29375)
(-1.41216 0 -0.290924)
(-1.42229 0 -0.288021)
(-1.43234 0 -0.285041)
(-1.44231 0 -0.281983)
(-1.45219 0 -0.278847)
(-1.46198 0 -0.275631)
(-1.47169 0 -0.272336)
(-1.4813 0 -0.26896)
(-1.49081 0 -0.265502)
(-1.50023 0 -0.261963)
(-1.50954 0 -0.25834)
(-1.51875 0 -0.254634)
(-1.52785 0 -0.250843)
(-1.53684 0 -0.246967)
(-1.54572 0 -0.243005)
(-1.55448 0 -0.238956)
(-1.56312 0 -0.234819)
(-1.57164 0 -0.230593)
(-1.58003 0 -0.226278)
(-1.58829 0 -0.221872)
(-1.59641 0 -0.217374)
(-1.6044 0 -0.212785)
(-1.61225 0 -0.208101)
(-1.61996 0 -0.203324)
(-1.62751 0 -0.198452)
(-1.63492 0 -0.193483)
(-1.64217 0 -0.188418)
(-1.64926 0 -0.183255)
(-1.65619 0 -0.177994)
(-1.66295 0 -0.172633)
(-1.66954 0 -0.167172)
(-1.67596 0 -0.161611)
(-1.68219 0 -0.155948)
(-1.68825 0 -0.150182)
(-1.69411 0 -0.144314)
(-1.69979 0 -0.138343)
(-1.70526 0 -0.132268)
(-1.71054 0 -0.126089)
(-1.71561 0 -0.119805)
(-1.72048 0 -0.113417)
(-1.72513 0 -0.106924)
(-1.72956 0 -0.100326)
(-1.73377 0 -0.0936232)
(-1.73775 0 -0.0868159)
(-1.7415 0 -0.0799043)
(-1.74501 0 -0.0728888)
(-1.74828 0 -0.0657699)
(-1.75131 0 -0.0585483)
(-1.75409 0 -0.0512247)
(-1.75661 0 -0.0438002)
(-1.75887 0 -0.0362758)
(-1.76087 0 -0.0286527)
(-1.7626 0 -0.0209324)
(-1.76406 0 -0.0131164)
(-1.76525 0 -0.00520647)
(-1.76615 0 0.00279547)
(-1.76676 0 0.0108873)
(-1.76709 0 0.0190674)
(-1.76712 0 0.027334)
(-1.76686 0 0.0356847)
(-1.76629 0 0.0441169)
(-1.76542 0 0.0526275)
(-1.76424 0 0.0612132)
(-1.76275 0 0.0698702)
(-1.76094 0 0.0785945)
(-1.75881 0 0.0873818)
(-1.75635 0 0.0962275)
(-1.75357 0 0.105127)
(-1.75046 0 0.114075)
(-1.74701 0 0.123066)
(-1.74323 0 0.132094)
(-1.73911 0 0.141154)
(-1.73465 0 0.15024)
(-1.72985 0 0.159345)
(-1.7247 0 0.168462)
(-1.71921 0 0.177586)
(-1.71337 0 0.186709)
(-1.70719 0 0.195823)
(-1.70065 0 0.204922)
(-1.69377 0 0.213999)
(-1.68654 0 0.223045)
(-1.67896 0 0.232053)
(-1.67103 0 0.241015)
(-1.66276 0 0.249923)
(-1.65414 0 0.258769)
(-1.64518 0 0.267545)
(-1.63587 0 0.276243)
(-1.62624 0 0.284854)
(-1.61626 0 0.293371)
(-1.60595 0 0.301785)
(-1.59532 0 0.310087)
(-1.58436 0 0.318271)
(-1.57309 0 0.326328)
(-1.5615 0 0.334249)
(-1.5496 0 0.342028)
(-1.53739 0 0.349656)
(-1.5249 0 0.357126)
(-1.51211 0 0.36443)
(-1.49904 0 0.371562)
(-1.48569 0 0.378515)
(-1.47207 0 0.385281)
(-1.45819 0 0.391856)
(-1.44413 0 0.398231)
(-1.42992 0 0.404402)
(-1.41439 0 0.410363)
(-0.00456007 0 -0.242049)
(-0.013676 0 -0.241998)
(-0.0227893 0 -0.241943)
(-0.0318989 0 -0.241887)
(-0.0410047 0 -0.24183)
(-0.0501066 0 -0.241776)
(-0.0592044 0 -0.241725)
(-0.0682981 0 -0.241681)
(-0.0773878 0 -0.241645)
(-0.0864737 0 -0.241622)
(-0.0955559 0 -0.241613)
(-0.104635 0 -0.241622)
(-0.113711 0 -0.241652)
(-0.122785 0 -0.241706)
(-0.131857 0 -0.241788)
(-0.140928 0 -0.241901)
(-0.149999 0 -0.242048)
(-0.159072 0 -0.242234)
(-0.168146 0 -0.242462)
(-0.177224 0 -0.242735)
(-0.186307 0 -0.243058)
(-0.195396 0 -0.243433)
(-0.204493 0 -0.243866)
(-0.2136 0 -0.244358)
(-0.222719 0 -0.244914)
(-0.231852 0 -0.245536)
(-0.241001 0 -0.246229)
(-0.250168 0 -0.246994)
(-0.259356 0 -0.247835)
(-0.268568 0 -0.248755)
(-0.277805 0 -0.249754)
(-0.287071 0 -0.250835)
(-0.296369 0 -0.251999)
(-0.305701 0 -0.253247)
(-0.315071 0 -0.25458)
(-0.324482 0 -0.255996)
(-0.333936 0 -0.257494)
(-0.343437 0 -0.259073)
(-0.352989 0 -0.260731)
(-0.362593 0 -0.262462)
(-0.372253 0 -0.264264)
(-0.381973 0 -0.26613)
(-0.391754 0 -0.268054)
(-0.401599 0 -0.270028)
(-0.411512 0 -0.272045)
(-0.421493 0 -0.274096)
(-0.431546 0 -0.276171)
(-0.441671 0 -0.27826)
(-0.45187 0 -0.280353)
(-0.462143 0 -0.28244)
(-0.472492 0 -0.284511)
(-0.482916 0 -0.286556)
(-0.493416 0 -0.288566)
(-0.503989 0 -0.290535)
(-0.514636 0 -0.292453)
(-0.525355 0 -0.294317)
(-0.536145 0 -0.29612)
(-0.547002 0 -0.297859)
(-0.557926 0 -0.299531)
(-0.568914 0 -0.301134)
(-0.579964 0 -0.302668)
(-0.591073 0 -0.304133)
(-0.602238 0 -0.305528)
(-0.613456 0 -0.306855)
(-0.624726 0 -0.308116)
(-0.636044 0 -0.309311)
(-0.647409 0 -0.310444)
(-0.658817 0 -0.311516)
(-0.670266 0 -0.31253)
(-0.681754 0 -0.313487)
(-0.693279 0 -0.314389)
(-0.704838 0 -0.315238)
(-0.71643 0 -0.316036)
(-0.728052 0 -0.316785)
(-0.739703 0 -0.317486)
(-0.75138 0 -0.318141)
(-0.763083 0 -0.318749)
(-0.774808 0 -0.319313)
(-0.786556 0 -0.319833)
(-0.798324 0 -0.32031)
(-0.81011 0 -0.320743)
(-0.821913 0 -0.321134)
(-0.833732 0 -0.321483)
(-0.845566 0 -0.321789)
(-0.857412 0 -0.322052)
(-0.869269 0 -0.322272)
(-0.881136 0 -0.32245)
(-0.893012 0 -0.322584)
(-0.904895 0 -0.322675)
(-0.916783 0 -0.322721)
(-0.928676 0 -0.322722)
(-0.940572 0 -0.322678)
(-0.95247 0 -0.322589)
(-0.964367 0 -0.322453)
(-0.976263 0 -0.322269)
(-0.988157 0 -0.322038)
(-1.00005 0 -0.321759)
(-1.01193 0 -0.32143)
(-1.0238 0 -0.321051)
(-1.03567 0 -0.320622)
(-1.04753 0 -0.320142)
(-1.05937 0 -0.319609)
(-1.0712 0 -0.319024)
(-1.08302 0 -0.318386)
(-1.09482 0 -0.317694)
(-1.1066 0 -0.316947)
(-1.11836 0 -0.316145)
(-1.1301 0 -0.315287)
(-1.14181 0 -0.314372)
(-1.1535 0 -0.313401)
(-1.16516 0 -0.312372)
(-1.1768 0 -0.311284)
(-1.1884 0 -0.310138)
(-1.19997 0 -0.308932)
(-1.2115 0 -0.307666)
(-1.223 0 -0.30634)
(-1.23446 0 -0.304952)
(-1.24588 0 -0.303504)
(-1.25726 0 -0.301993)
(-1.26859 0 -0.30042)
(-1.27988 0 -0.298784)
(-1.29111 0 -0.297084)
(-1.3023 0 -0.295321)
(-1.31344 0 -0.293493)
(-1.32451 0 -0.2916)
(-1.33554 0 -0.289642)
(-1.3465 0 -0.287619)
(-1.3574 0 -0.285529)
(-1.36823 0 -0.283373)
(-1.37901 0 -0.281149)
(-1.38971 0 -0.278858)
(-1.40034 0 -0.276499)
(-1.41089 0 -0.274072)
(-1.42138 0 -0.271575)
(-1.43178 0 -0.269009)
(-1.4421 0 -0.266373)
(-1.45234 0 -0.263667)
(-1.46249 0 -0.260889)
(-1.47256 0 -0.25804)
(-1.48253 0 -0.255119)
(-1.49241 0 -0.252125)
(-1.50219 0 -0.249058)
(-1.51187 0 -0.245917)
(-1.52145 0 -0.242701)
(-1.53093 0 -0.23941)
(-1.54029 0 -0.236043)
(-1.54955 0 -0.2326)
(-1.55869 0 -0.229079)
(-1.56771 0 -0.225481)
(-1.57661 0 -0.221804)
(-1.58539 0 -0.218048)
(-1.59405 0 -0.214211)
(-1.60257 0 -0.210294)
(-1.61096 0 -0.206295)
(-1.61921 0 -0.202214)
(-1.62732 0 -0.198049)
(-1.63529 0 -0.193801)
(-1.64311 0 -0.189468)
(-1.65078 0 -0.185049)
(-1.65829 0 -0.180544)
(-1.66565 0 -0.175953)
(-1.67285 0 -0.171273)
(-1.67987 0 -0.166505)
(-1.68673 0 -0.161648)
(-1.69342 0 -0.156701)
(-1.69993 0 -0.151663)
(-1.70626 0 -0.146534)
(-1.7124 0 -0.141314)
(-1.71835 0 -0.136001)
(-1.72411 0 -0.130596)
(-1.72967 0 -0.125098)
(-1.73503 0 -0.119506)
(-1.74019 0 -0.11382)
(-1.74513 0 -0.10804)
(-1.74986 0 -0.102167)
(-1.75437 0 -0.0961986)
(-1.75865 0 -0.0901363)
(-1.76271 0 -0.0839799)
(-1.76654 0 -0.0777297)
(-1.77013 0 -0.0713858)
(-1.77348 0 -0.0649487)
(-1.77658 0 -0.0584189)
(-1.77943 0 -0.0517972)
(-1.78203 0 -0.0450842)
(-1.78438 0 -0.0382808)
(-1.78645 0 -0.031388)
(-1.78827 0 -0.0244072)
(-1.78981 0 -0.0173394)
(-1.79107 0 -0.0101862)
(-1.79206 0 -0.00294926)
(-1.79276 0 0.0043697)
(-1.79317 0 0.0117689)
(-1.7933 0 0.019247)
(-1.79312 0 0.026802)
(-1.79265 0 0.0344318)
(-1.79188 0 0.0421337)
(-1.7908 0 0.049905)
(-1.78941 0 0.0577423)
(-1.7877 0 0.0656424)
(-1.78568 0 0.0736015)
(-1.78334 0 0.0816156)
(-1.78067 0 0.0896805)
(-1.77768 0 0.0977918)
(-1.77436 0 0.105945)
(-1.7707 0 0.114135)
(-1.76672 0 0.122356)
(-1.76239 0 0.130604)
(-1.75773 0 0.138873)
(-1.75273 0 0.147157)
(-1.74738 0 0.15545)
(-1.7417 0 0.163746)
(-1.73566 0 0.172039)
(-1.72929 0 0.180323)
(-1.72257 0 0.188591)
(-1.71551 0 0.196836)
(-1.7081 0 0.205052)
(-1.70035 0 0.213231)
(-1.69226 0 0.221366)
(-1.68382 0 0.229451)
(-1.67505 0 0.237479)
(-1.66593 0 0.245441)
(-1.65649 0 0.253331)
(-1.64671 0 0.261142)
(-1.6366 0 0.268866)
(-1.62616 0 0.276495)
(-1.61541 0 0.284024)
(-1.60433 0 0.291444)
(-1.59294 0 0.298748)
(-1.58125 0 0.305929)
(-1.56925 0 0.312982)
(-1.55695 0 0.319897)
(-1.54437 0 0.32667)
(-1.5315 0 0.333294)
(-1.51835 0 0.339761)
(-1.50493 0 0.346067)
(-1.49124 0 0.352206)
(-1.4773 0 0.358171)
(-1.46318 0 0.363958)
(-1.44891 0 0.36956)
(-1.43334 0 0.374975)
(-0.00462492 0 -0.220003)
(-0.0138708 0 -0.219959)
(-0.0231143 0 -0.219912)
(-0.0323546 0 -0.219864)
(-0.0415916 0 -0.219816)
(-0.0508251 0 -0.219771)
(-0.0600551 0 -0.219729)
(-0.0692816 0 -0.219693)
(-0.0785049 0 -0.219667)
(-0.087725 0 -0.219651)
(-0.0969424 0 -0.21965)
(-0.106157 0 -0.219665)
(-0.115371 0 -0.2197)
(-0.124582 0 -0.219757)
(-0.133794 0 -0.21984)
(-0.143006 0 -0.219953)
(-0.152219 0 -0.220097)
(-0.161435 0 -0.220277)
(-0.170655 0 -0.220496)
(-0.17988 0 -0.220757)
(-0.189112 0 -0.221063)
(-0.198352 0 -0.221419)
(-0.207603 0 -0.221827)
(-0.216866 0 -0.22229)
(-0.226143 0 -0.222812)
(-0.235436 0 -0.223395)
(-0.244748 0 -0.224043)
(-0.254081 0 -0.224758)
(-0.263438 0 -0.225542)
(-0.272822 0 -0.226398)
(-0.282235 0 -0.227328)
(-0.29168 0 -0.228332)
(-0.30116 0 -0.229413)
(-0.310678 0 -0.23057)
(-0.320237 0 -0.231803)
(-0.329841 0 -0.233113)
(-0.339493 0 -0.234498)
(-0.349195 0 -0.235956)
(-0.358951 0 -0.237485)
(-0.368765 0 -0.239081)
(-0.378638 0 -0.240739)
(-0.388574 0 -0.242455)
(-0.398575 0 -0.244223)
(-0.408645 0 -0.246036)
(-0.418785 0 -0.247885)
(-0.428997 0 -0.249764)
(-0.439284 0 -0.251663)
(-0.449646 0 -0.253572)
(-0.460085 0 -0.255484)
(-0.470601 0 -0.257388)
(-0.481194 0 -0.259275)
(-0.491864 0 -0.261137)
(-0.502611 0 -0.262966)
(-0.513434 0 -0.264756)
(-0.524332 0 -0.266499)
(-0.535302 0 -0.26819)
(-0.546344 0 -0.269826)
(-0.557454 0 -0.271402)
(-0.568631 0 -0.272918)
(-0.579873 0 -0.27437)
(-0.591175 0 -0.27576)
(-0.602537 0 -0.277086)
(-0.613956 0 -0.278349)
(-0.625428 0 -0.27955)
(-0.636951 0 -0.280691)
(-0.648522 0 -0.281774)
(-0.66014 0 -0.282799)
(-0.6718 0 -0.28377)
(-0.683502 0 -0.284687)
(-0.695243 0 -0.285554)
(-0.70702 0 -0.286371)
(-0.718831 0 -0.28714)
(-0.730675 0 -0.287863)
(-0.742549 0 -0.288541)
(-0.754452 0 -0.289176)
(-0.766381 0 -0.289768)
(-0.778336 0 -0.290319)
(-0.790313 0 -0.290829)
(-0.802312 0 -0.291299)
(-0.814331 0 -0.291729)
(-0.826368 0 -0.29212)
(-0.838422 0 -0.292472)
(-0.850492 0 -0.292785)
(-0.862575 0 -0.29306)
(-0.87467 0 -0.293294)
(-0.886777 0 -0.29349)
(-0.898893 0 -0.293646)
(-0.911016 0 -0.293762)
(-0.923147 0 -0.293838)
(-0.935282 0 -0.293873)
(-0.94742 0 -0.293867)
(-0.959561 0 -0.293819)
(-0.971702 0 -0.293729)
(-0.983842 0 -0.293596)
(-0.99598 0 -0.293419)
(-1.00811 0 -0.293198)
(-1.02024 0 -0.292932)
(-1.03236 0 -0.292621)
(-1.04447 0 -0.292264)
(-1.05657 0 -0.29186)
(-1.06866 0 -0.291409)
(-1.08074 0 -0.290909)
(-1.0928 0 -0.290361)
(-1.10484 0 -0.289764)
(-1.11686 0 -0.289117)
(-1.12886 0 -0.28842)
(-1.14084 0 -0.287672)
(-1.15279 0 -0.286872)
(-1.16472 0 -0.28602)
(-1.17662 0 -0.285115)
(-1.18849 0 -0.284157)
(-1.20033 0 -0.283145)
(-1.21213 0 -0.282079)
(-1.2239 0 -0.280958)
(-1.23563 0 -0.279782)
(-1.24732 0 -0.27855)
(-1.25896 0 -0.277262)
(-1.27056 0 -0.275918)
(-1.28212 0 -0.274516)
(-1.29363 0 -0.273057)
(-1.30508 0 -0.271541)
(-1.31649 0 -0.269966)
(-1.32783 0 -0.268332)
(-1.33913 0 -0.266639)
(-1.35036 0 -0.264887)
(-1.36153 0 -0.263075)
(-1.37263 0 -0.261202)
(-1.38367 0 -0.25927)
(-1.39464 0 -0.257276)
(-1.40554 0 -0.25522)
(-1.41636 0 -0.253103)
(-1.42711 0 -0.250924)
(-1.43778 0 -0.248683)
(-1.44837 0 -0.246378)
(-1.45887 0 -0.24401)
(-1.46929 0 -0.241578)
(-1.47962 0 -0.239082)
(-1.48986 0 -0.236521)
(-1.5 0 -0.233895)
(-1.51004 0 -0.231204)
(-1.51999 0 -0.228446)
(-1.52983 0 -0.225622)
(-1.53957 0 -0.222731)
(-1.5492 0 -0.219772)
(-1.55871 0 -0.216745)
(-1.56812 0 -0.21365)
(-1.5774 0 -0.210485)
(-1.58656 0 -0.20725)
(-1.59561 0 -0.203945)
(-1.60452 0 -0.200569)
(-1.6133 0 -0.197121)
(-1.62195 0 -0.193601)
(-1.63047 0 -0.190007)
(-1.63884 0 -0.186341)
(-1.64708 0 -0.1826)
(-1.65516 0 -0.178784)
(-1.6631 0 -0.174892)
(-1.67088 0 -0.170925)
(-1.6785 0 -0.16688)
(-1.68597 0 -0.162758)
(-1.69327 0 -0.158558)
(-1.7004 0 -0.154279)
(-1.70736 0 -0.149921)
(-1.71415 0 -0.145483)
(-1.72075 0 -0.140964)
(-1.72718 0 -0.136364)
(-1.73341 0 -0.131682)
(-1.73946 0 -0.126919)
(-1.74531 0 -0.122073)
(-1.75096 0 -0.117144)
(-1.75641 0 -0.112132)
(-1.76165 0 -0.107036)
(-1.76668 0 -0.101857)
(-1.77149 0 -0.0965938)
(-1.77608 0 -0.0912466)
(-1.78046 0 -0.0858154)
(-1.7846 0 -0.0803003)
(-1.78851 0 -0.0747013)
(-1.79218 0 -0.0690188)
(-1.79562 0 -0.0632529)
(-1.79881 0 -0.0574042)
(-1.80175 0 -0.051473)
(-1.80443 0 -0.0454602)
(-1.80686 0 -0.0393662)
(-1.80903 0 -0.0331921)
(-1.81093 0 -0.0269387)
(-1.81257 0 -0.0206071)
(-1.81393 0 -0.0141985)
(-1.81501 0 -0.00771423)
(-1.81581 0 -0.0011557)
(-1.81632 0 0.00547545)
(-1.81655 0 0.0121777)
(-1.81648 0 0.0189497)
(-1.81611 0 0.0257897)
(-1.81545 0 0.0326955)
(-1.81448 0 0.0396647)
(-1.8132 0 0.0466948)
(-1.81161 0 0.0537827)
(-1.80971 0 0.0609253)
(-1.8075 0 0.0681193)
(-1.80496 0 0.0753609)
(-1.8021 0 0.0826465)
(-1.79891 0 0.0899719)
(-1.7954 0 0.097333)
(-1.79155 0 0.104725)
(-1.78737 0 0.112144)
(-1.78286 0 0.119585)
(-1.77801 0 0.127042)
(-1.77283 0 0.134512)
(-1.7673 0 0.141988)
(-1.76144 0 0.149464)
(-1.75524 0 0.156937)
(-1.74869 0 0.164398)
(-1.74181 0 0.171844)
(-1.73458 0 0.179268)
(-1.72702 0 0.186664)
(-1.71911 0 0.194025)
(-1.71087 0 0.201346)
(-1.70229 0 0.20862)
(-1.69338 0 0.215841)
(-1.68413 0 0.223003)
(-1.67456 0 0.230098)
(-1.66465 0 0.237121)
(-1.65443 0 0.244066)
(-1.64388 0 0.250925)
(-1.63302 0 0.257692)
(-1.62184 0 0.264362)
(-1.61036 0 0.270927)
(-1.59857 0 0.277382)
(-1.58649 0 0.283721)
(-1.57411 0 0.289938)
(-1.56145 0 0.296026)
(-1.54851 0 0.30198)
(-1.53529 0 0.307796)
(-1.52181 0 0.313466)
(-1.50807 0 0.318987)
(-1.49407 0 0.324354)
(-1.47991 0 0.329561)
(-1.46559 0 0.334604)
(-1.44999 0 0.33948)
(-0.0046838 0 -0.19766)
(-0.0140476 0 -0.197622)
(-0.0234094 0 -0.197583)
(-0.0327684 0 -0.197542)
(-0.0421243 0 -0.197501)
(-0.0514773 0 -0.197463)
(-0.0608273 0 -0.197429)
(-0.0701744 0 -0.197401)
(-0.0795189 0 -0.197381)
(-0.0888609 0 -0.197372)
(-0.0982009 0 -0.197376)
(-0.107539 0 -0.197395)
(-0.116877 0 -0.197432)
(-0.126215 0 -0.19749)
(-0.135553 0 -0.197572)
(-0.144892 0 -0.19768)
(-0.154235 0 -0.197818)
(-0.163581 0 -0.197988)
(-0.172933 0 -0.198194)
(-0.182292 0 -0.198439)
(-0.191659 0 -0.198725)
(-0.201037 0 -0.199056)
(-0.210426 0 -0.199434)
(-0.21983 0 -0.199863)
(-0.229251 0 -0.200345)
(-0.23869 0 -0.200883)
(-0.248151 0 -0.20148)
(-0.257635 0 -0.202138)
(-0.267146 0 -0.202858)
(-0.276686 0 -0.203644)
(-0.286258 0 -0.204496)
(-0.295866 0 -0.205415)
(-0.305511 0 -0.206404)
(-0.315199 0 -0.207461)
(-0.324931 0 -0.208588)
(-0.33471 0 -0.209783)
(-0.344541 0 -0.211046)
(-0.354426 0 -0.212374)
(-0.364369 0 -0.213765)
(-0.374372 0 -0.215216)
(-0.384438 0 -0.216723)
(-0.394571 0 -0.21828)
(-0.404773 0 -0.219883)
(-0.415046 0 -0.221526)
(-0.425392 0 -0.2232)
(-0.435814 0 -0.224899)
(-0.446313 0 -0.226615)
(-0.45689 0 -0.228339)
(-0.467546 0 -0.230063)
(-0.478281 0 -0.231779)
(-0.489095 0 -0.233478)
(-0.499988 0 -0.235154)
(-0.51096 0 -0.236798)
(-0.522008 0 -0.238406)
(-0.533132 0 -0.239971)
(-0.544329 0 -0.241488)
(-0.555598 0 -0.242955)
(-0.566936 0 -0.244369)
(-0.578342 0 -0.245727)
(-0.589812 0 -0.247028)
(-0.601343 0 -0.248272)
(-0.612934 0 -0.24946)
(-0.624581 0 -0.250591)
(-0.636281 0 -0.251667)
(-0.648033 0 -0.252689)
(-0.659833 0 -0.253658)
(-0.671678 0 -0.254577)
(-0.683567 0 -0.255446)
(-0.695497 0 -0.256268)
(-0.707466 0 -0.257044)
(-0.719471 0 -0.257776)
(-0.73151 0 -0.258465)
(-0.743582 0 -0.259113)
(-0.755684 0 -0.259721)
(-0.767814 0 -0.26029)
(-0.779971 0 -0.26082)
(-0.792153 0 -0.261313)
(-0.804357 0 -0.26177)
(-0.816583 0 -0.26219)
(-0.828829 0 -0.262575)
(-0.841093 0 -0.262924)
(-0.853374 0 -0.263238)
(-0.86567 0 -0.263517)
(-0.877979 0 -0.26376)
(-0.8903 0 -0.263967)
(-0.902631 0 -0.264139)
(-0.914972 0 -0.264275)
(-0.927319 0 -0.264375)
(-0.939673 0 -0.264438)
(-0.95203 0 -0.264464)
(-0.964391 0 -0.264452)
(-0.976752 0 -0.264402)
(-0.989113 0 -0.264314)
(-1.00147 0 -0.264186)
(-1.01383 0 -0.264019)
(-1.02618 0 -0.263812)
(-1.03852 0 -0.263563)
(-1.05085 0 -0.263274)
(-1.06318 0 -0.262942)
(-1.07549 0 -0.262567)
(-1.08778 0 -0.26215)
(-1.10006 0 -0.261688)
(-1.11233 0 -0.261183)
(-1.12457 0 -0.260632)
(-1.13679 0 -0.260036)
(-1.14899 0 -0.259394)
(-1.16117 0 -0.258706)
(-1.17331 0 -0.25797)
(-1.18543 0 -0.257187)
(-1.19752 0 -0.256356)
(-1.20957 0 -0.255476)
(-1.22159 0 -0.254548)
(-1.23357 0 -0.25357)
(-1.24551 0 -0.252542)
(-1.25741 0 -0.251464)
(-1.26927 0 -0.250336)
(-1.28108 0 -0.249156)
(-1.29284 0 -0.247925)
(-1.30456 0 -0.246642)
(-1.31622 0 -0.245307)
(-1.32782 0 -0.24392)
(-1.33937 0 -0.242479)
(-1.35086 0 -0.240986)
(-1.36229 0 -0.239439)
(-1.37365 0 -0.237838)
(-1.38495 0 -0.236183)
(-1.39618 0 -0.234473)
(-1.40734 0 -0.232709)
(-1.41842 0 -0.230889)
(-1.42943 0 -0.229014)
(-1.44036 0 -0.227084)
(-1.4512 0 -0.225097)
(-1.46197 0 -0.223054)
(-1.47264 0 -0.220954)
(-1.48323 0 -0.218797)
(-1.49373 0 -0.216582)
(-1.50413 0 -0.21431)
(-1.51443 0 -0.211979)
(-1.52464 0 -0.20959)
(-1.53474 0 -0.207142)
(-1.54474 0 -0.204635)
(-1.55462 0 -0.202068)
(-1.5644 0 -0.199441)
(-1.57406 0 -0.196753)
(-1.58361 0 -0.194004)
(-1.59303 0 -0.191194)
(-1.60234 0 -0.188322)
(-1.61151 0 -0.185387)
(-1.62056 0 -0.182389)
(-1.62947 0 -0.179328)
(-1.63825 0 -0.176203)
(-1.64689 0 -0.173014)
(-1.65539 0 -0.169759)
(-1.66374 0 -0.166439)
(-1.67195 0 -0.163052)
(-1.68 0 -0.159599)
(-1.68789 0 -0.156079)
(-1.69563 0 -0.152491)
(-1.7032 0 -0.148835)
(-1.71061 0 -0.145109)
(-1.71785 0 -0.141315)
(-1.72492 0 -0.13745)
(-1.73181 0 -0.133515)
(-1.73851 0 -0.129509)
(-1.74504 0 -0.125431)
(-1.75137 0 -0.121282)
(-1.75751 0 -0.117061)
(-1.76346 0 -0.112767)
(-1.76921 0 -0.108399)
(-1.77475 0 -0.103959)
(-1.78009 0 -0.0994449)
(-1.78521 0 -0.0948571)
(-1.79012 0 -0.0901954)
(-1.79481 0 -0.0854595)
(-1.79927 0 -0.0806495)
(-1.80351 0 -0.0757654)
(-1.80752 0 -0.0708073)
(-1.81129 0 -0.0657753)
(-1.81482 0 -0.0606696)
(-1.8181 0 -0.0554906)
(-1.82114 0 -0.0502386)
(-1.82393 0 -0.0449141)
(-1.82645 0 -0.0395176)
(-1.82872 0 -0.0340499)
(-1.83073 0 -0.0285117)
(-1.83247 0 -0.0229039)
(-1.83393 0 -0.0172274)
(-1.83512 0 -0.0114832)
(-1.83603 0 -0.00567264)
(-1.83666 0 0.000203131)
(-1.83699 0 0.00614261)
(-1.83704 0 0.0121445)
(-1.8368 0 0.0182075)
(-1.83625 0 0.0243299)
(-1.83541 0 0.0305098)
(-1.83426 0 0.036745)
(-1.83281 0 0.043033)
(-1.83104 0 0.0493712)
(-1.82896 0 0.0557568)
(-1.82656 0 0.0621866)
(-1.82384 0 0.0686574)
(-1.8208 0 0.0751658)
(-1.81744 0 0.0817082)
(-1.81375 0 0.0882808)
(-1.80973 0 0.0948797)
(-1.80538 0 0.101501)
(-1.8007 0 0.10814)
(-1.79569 0 0.114792)
(-1.79034 0 0.121453)
(-1.78465 0 0.128119)
(-1.77863 0 0.134784)
(-1.77227 0 0.141443)
(-1.76557 0 0.148092)
(-1.75854 0 0.154726)
(-1.75117 0 0.161338)
(-1.74346 0 0.167924)
(-1.73542 0 0.174479)
(-1.72705 0 0.180996)
(-1.71834 0 0.187471)
(-1.70931 0 0.193897)
(-1.69994 0 0.20027)
(-1.69026 0 0.206583)
(-1.68025 0 0.212831)
(-1.66992 0 0.219008)
(-1.65927 0 0.225109)
(-1.64832 0 0.231129)
(-1.63705 0 0.237061)
(-1.62549 0 0.2429)
(-1.61362 0 0.248641)
(-1.60147 0 0.254279)
(-1.58902 0 0.259808)
(-1.5763 0 0.265223)
(-1.5633 0 0.27052)
(-1.55003 0 0.275693)
(-1.5365 0 0.280739)
(-1.52271 0 0.285652)
(-1.50868 0 0.290429)
(-1.49447 0 0.295065)
(-1.48012 0 0.299556)
(-1.4645 0 0.3039)
(-0.00473655 0 -0.175049)
(-0.014206 0 -0.175017)
(-0.0236738 0 -0.174983)
(-0.033139 0 -0.174949)
(-0.0426016 0 -0.174915)
(-0.0520616 0 -0.174883)
(-0.0615191 0 -0.174856)
(-0.0709742 0 -0.174834)
(-0.0804271 0 -0.174819)
(-0.0898783 0 -0.174814)
(-0.0993282 0 -0.174821)
(-0.108777 0 -0.174842)
(-0.118226 0 -0.17488)
(-0.127676 0 -0.174936)
(-0.137128 0 -0.175013)
(-0.146582 0 -0.175115)
(-0.15604 0 -0.175243)
(-0.165503 0 -0.175401)
(-0.174973 0 -0.17559)
(-0.184452 0 -0.175814)
(-0.19394 0 -0.176076)
(-0.20344 0 -0.176378)
(-0.212955 0 -0.176722)
(-0.222485 0 -0.177111)
(-0.232034 0 -0.177549)
(-0.241604 0 -0.178036)
(-0.251198 0 -0.178576)
(-0.260817 0 -0.17917)
(-0.270466 0 -0.17982)
(-0.280146 0 -0.180529)
(-0.289861 0 -0.181296)
(-0.299614 0 -0.182124)
(-0.309409 0 -0.183013)
(-0.319248 0 -0.183964)
(-0.329134 0 -0.184976)
(-0.339071 0 -0.186048)
(-0.349063 0 -0.187181)
(-0.359111 0 -0.188371)
(-0.369221 0 -0.189616)
(-0.379394 0 -0.190915)
(-0.389633 0 -0.192262)
(-0.399942 0 -0.193653)
(-0.410323 0 -0.195085)
(-0.420778 0 -0.196549)
(-0.431309 0 -0.198042)
(-0.441918 0 -0.199555)
(-0.452606 0 -0.201081)
(-0.463375 0 -0.202614)
(-0.474224 0 -0.204146)
(-0.485155 0 -0.205669)
(-0.496166 0 -0.207177)
(-0.507258 0 -0.208663)
(-0.518429 0 -0.21012)
(-0.529678 0 -0.211543)
(-0.541003 0 -0.212928)
(-0.552402 0 -0.214271)
(-0.563874 0 -0.215568)
(-0.575415 0 -0.216817)
(-0.587024 0 -0.218017)
(-0.598697 0 -0.219167)
(-0.610432 0 -0.220266)
(-0.622226 0 -0.221315)
(-0.634076 0 -0.222315)
(-0.64598 0 -0.223265)
(-0.657935 0 -0.224168)
(-0.669938 0 -0.225024)
(-0.681987 0 -0.225836)
(-0.694079 0 -0.226604)
(-0.706212 0 -0.227331)
(-0.718384 0 -0.228017)
(-0.730592 0 -0.228664)
(-0.742834 0 -0.229273)
(-0.755109 0 -0.229846)
(-0.767414 0 -0.230384)
(-0.779747 0 -0.230886)
(-0.792107 0 -0.231355)
(-0.804492 0 -0.231791)
(-0.816899 0 -0.232195)
(-0.829328 0 -0.232566)
(-0.841777 0 -0.232905)
(-0.854243 0 -0.233213)
(-0.866726 0 -0.233489)
(-0.879223 0 -0.233734)
(-0.891734 0 -0.233947)
(-0.904256 0 -0.234128)
(-0.916789 0 -0.234278)
(-0.929329 0 -0.234395)
(-0.941877 0 -0.23448)
(-0.954429 0 -0.234532)
(-0.966985 0 -0.23455)
(-0.979543 0 -0.234535)
(-0.992101 0 -0.234486)
(-1.00466 0 -0.234402)
(-1.01721 0 -0.234283)
(-1.02976 0 -0.234128)
(-1.0423 0 -0.233937)
(-1.05484 0 -0.233709)
(-1.06736 0 -0.233445)
(-1.07987 0 -0.233142)
(-1.09237 0 -0.232801)
(-1.10485 0 -0.232422)
(-1.11731 0 -0.232003)
(-1.12976 0 -0.231544)
(-1.14218 0 -0.231045)
(-1.15458 0 -0.230505)
(-1.16696 0 -0.229924)
(-1.1793 0 -0.229301)
(-1.19162 0 -0.228636)
(-1.2039 0 -0.227929)
(-1.21616 0 -0.227178)
(-1.22837 0 -0.226384)
(-1.24055 0 -0.225546)
(-1.25269 0 -0.224664)
(-1.26478 0 -0.223737)
(-1.27683 0 -0.222765)
(-1.28884 0 -0.221748)
(-1.30079 0 -0.220685)
(-1.31269 0 -0.219576)
(-1.32454 0 -0.218421)
(-1.33634 0 -0.217219)
(-1.34807 0 -0.21597)
(-1.35975 0 -0.214674)
(-1.37136 0 -0.213331)
(-1.3829 0 -0.21194)
(-1.39438 0 -0.210501)
(-1.40579 0 -0.209013)
(-1.41712 0 -0.207477)
(-1.42838 0 -0.205892)
(-1.43956 0 -0.204258)
(-1.45066 0 -0.202575)
(-1.46167 0 -0.200842)
(-1.4726 0 -0.199059)
(-1.48344 0 -0.197226)
(-1.49419 0 -0.195343)
(-1.50485 0 -0.193409)
(-1.51541 0 -0.191424)
(-1.52587 0 -0.189387)
(-1.53623 0 -0.1873)
(-1.54648 0 -0.18516)
(-1.55663 0 -0.182968)
(-1.56666 0 -0.180724)
(-1.57658 0 -0.178427)
(-1.58639 0 -0.176077)
(-1.59607 0 -0.173673)
(-1.60564 0 -0.171215)
(-1.61508 0 -0.168703)
(-1.62439 0 -0.166137)
(-1.63357 0 -0.163515)
(-1.64261 0 -0.160838)
(-1.65152 0 -0.158105)
(-1.66028 0 -0.155316)
(-1.6689 0 -0.15247)
(-1.67738 0 -0.149567)
(-1.6857 0 -0.146606)
(-1.69387 0 -0.143587)
(-1.70189 0 -0.14051)
(-1.70974 0 -0.137373)
(-1.71743 0 -0.134178)
(-1.72495 0 -0.130922)
(-1.7323 0 -0.127606)
(-1.73947 0 -0.124229)
(-1.74647 0 -0.12079)
(-1.75329 0 -0.117291)
(-1.75992 0 -0.113729)
(-1.76636 0 -0.110104)
(-1.77261 0 -0.106417)
(-1.77866 0 -0.102667)
(-1.78451 0 -0.0988529)
(-1.79016 0 -0.0949753)
(-1.7956 0 -0.0910338)
(-1.80083 0 -0.0870281)
(-1.80584 0 -0.082958)
(-1.81064 0 -0.0788235)
(-1.81521 0 -0.0746244)
(-1.81955 0 -0.0703607)
(-1.82366 0 -0.0660325)
(-1.82754 0 -0.0616398)
(-1.83117 0 -0.0571829)
(-1.83457 0 -0.0526618)
(-1.83772 0 -0.048077)
(-1.84061 0 -0.0434288)
(-1.84325 0 -0.0387175)
(-1.84564 0 -0.0339438)
(-1.84776 0 -0.0291082)
(-1.84961 0 -0.0242114)
(-1.8512 0 -0.0192542)
(-1.85251 0 -0.0142373)
(-1.85354 0 -0.00916185)
(-1.85429 0 -0.00402874)
(-1.85476 0 0.00116085)
(-1.85494 0 0.00640571)
(-1.85483 0 0.0117048)
(-1.85442 0 0.0170567)
(-1.85372 0 0.02246)
(-1.85271 0 0.0279129)
(-1.8514 0 0.0334134)
(-1.84978 0 0.0389592)
(-1.84785 0 0.0445482)
(-1.84561 0 0.0501776)
(-1.84305 0 0.0558447)
(-1.84017 0 0.0615468)
(-1.83697 0 0.0672807)
(-1.83345 0 0.0730432)
(-1.8296 0 0.0788311)
(-1.82543 0 0.0846409)
(-1.82092 0 0.0904689)
(-1.81609 0 0.0963114)
(-1.81093 0 0.102165)
(-1.80543 0 0.108024)
(-1.7996 0 0.113887)
(-1.79344 0 0.119748)
(-1.78694 0 0.125603)
(-1.78011 0 0.131447)
(-1.77294 0 0.137277)
(-1.76545 0 0.143087)
(-1.75762 0 0.148874)
(-1.74946 0 0.154631)
(-1.74097 0 0.160356)
(-1.73215 0 0.166042)
(-1.72301 0 0.171684)
(-1.71355 0 0.177279)
(-1.70376 0 0.182822)
(-1.69366 0 0.188306)
(-1.68324 0 0.193729)
(-1.67251 0 0.199083)
(-1.66148 0 0.204366)
(-1.65014 0 0.209572)
(-1.6385 0 0.214696)
(-1.62657 0 0.219735)
(-1.61436 0 0.224682)
(-1.60186 0 0.229535)
(-1.58908 0 0.234288)
(-1.57603 0 0.238937)
(-1.56272 0 0.243478)
(-1.54915 0 0.247908)
(-1.53532 0 0.252223)
(-1.52125 0 0.256418)
(-1.50701 0 0.260491)
(-1.49263 0 0.264437)
(-1.477 0 0.268256)
(-0.00478304 0 -0.152199)
(-0.0143457 0 -0.152172)
(-0.0239067 0 -0.152144)
(-0.0334656 0 -0.152115)
(-0.0430221 0 -0.152087)
(-0.0525764 0 -0.152061)
(-0.0621285 0 -0.152039)
(-0.0716787 0 -0.152022)
(-0.0812272 0 -0.152011)
(-0.0907745 0 -0.152009)
(-0.100321 0 -0.152018)
(-0.109868 0 -0.152039)
(-0.119415 0 -0.152075)
(-0.128963 0 -0.152127)
(-0.138514 0 -0.152198)
(-0.148069 0 -0.152291)
(-0.157629 0 -0.152406)
(-0.167195 0 -0.152548)
(-0.176769 0 -0.152718)
(-0.186353 0 -0.152918)
(-0.195948 0 -0.153152)
(-0.205556 0 -0.15342)
(-0.21518 0 -0.153726)
(-0.224822 0 -0.154072)
(-0.234484 0 -0.15446)
(-0.244169 0 -0.154892)
(-0.253879 0 -0.155369)
(-0.263617 0 -0.155895)
(-0.273387 0 -0.156469)
(-0.283191 0 -0.157094)
(-0.293031 0 -0.157772)
(-0.302913 0 -0.158501)
(-0.312838 0 -0.159285)
(-0.32281 0 -0.160121)
(-0.332832 0 -0.161012)
(-0.342907 0 -0.161955)
(-0.35304 0 -0.16295)
(-0.363232 0 -0.163995)
(-0.373488 0 -0.165088)
(-0.383811 0 -0.166227)
(-0.394202 0 -0.167407)
(-0.404666 0 -0.168626)
(-0.415203 0 -0.169879)
(-0.425818 0 -0.17116)
(-0.436511 0 -0.172464)
(-0.447284 0 -0.173786)
(-0.458138 0 -0.175119)
(-0.469075 0 -0.176456)
(-0.480094 0 -0.177791)
(-0.491196 0 -0.179118)
(-0.50238 0 -0.180431)
(-0.513645 0 -0.181723)
(-0.524991 0 -0.182991)
(-0.536415 0 -0.184228)
(-0.547916 0 -0.185432)
(-0.559492 0 -0.186598)
(-0.571141 0 -0.187724)
(-0.582859 0 -0.188809)
(-0.594645 0 -0.189851)
(-0.606496 0 -0.190849)
(-0.618408 0 -0.191803)
(-0.63038 0 -0.192713)
(-0.642408 0 -0.193581)
(-0.65449 0 -0.194406)
(-0.666622 0 -0.195189)
(-0.678803 0 -0.195933)
(-0.69103 0 -0.196638)
(-0.7033 0 -0.197305)
(-0.715611 0 -0.197936)
(-0.727961 0 -0.198532)
(-0.740347 0 -0.199095)
(-0.752767 0 -0.199624)
(-0.76522 0 -0.200122)
(-0.777703 0 -0.200589)
(-0.790214 0 -0.201026)
(-0.802752 0 -0.201434)
(-0.815314 0 -0.201812)
(-0.8279 0 -0.202163)
(-0.840507 0 -0.202485)
(-0.853133 0 -0.202779)
(-0.865777 0 -0.203046)
(-0.878438 0 -0.203285)
(-0.891112 0 -0.203497)
(-0.9038 0 -0.20368)
(-0.916499 0 -0.203836)
(-0.929208 0 -0.203964)
(-0.941924 0 -0.204064)
(-0.954647 0 -0.204135)
(-0.967375 0 -0.204177)
(-0.980105 0 -0.20419)
(-0.992836 0 -0.204174)
(-1.00557 0 -0.204127)
(-1.0183 0 -0.20405)
(-1.03102 0 -0.203941)
(-1.04374 0 -0.203802)
(-1.05645 0 -0.20363)
(-1.06915 0 -0.203427)
(-1.08184 0 -0.20319)
(-1.09452 0 -0.202921)
(-1.10718 0 -0.202617)
(-1.11982 0 -0.20228)
(-1.13245 0 -0.201908)
(-1.14505 0 -0.2015)
(-1.15763 0 -0.201058)
(-1.17018 0 -0.200579)
(-1.18271 0 -0.200064)
(-1.19521 0 -0.199513)
(-1.20767 0 -0.198924)
(-1.2201 0 -0.198298)
(-1.2325 0 -0.197634)
(-1.24485 0 -0.196932)
(-1.25717 0 -0.196191)
(-1.26944 0 -0.195411)
(-1.28167 0 -0.194592)
(-1.29385 0 -0.193734)
(-1.30598 0 -0.192836)
(-1.31806 0 -0.191897)
(-1.33009 0 -0.190919)
(-1.34205 0 -0.1899)
(-1.35396 0 -0.188839)
(-1.36581 0 -0.187738)
(-1.37759 0 -0.186596)
(-1.3893 0 -0.185411)
(-1.40095 0 -0.184185)
(-1.41252 0 -0.182917)
(-1.42402 0 -0.181607)
(-1.43544 0 -0.180254)
(-1.44678 0 -0.178859)
(-1.45804 0 -0.177421)
(-1.46922 0 -0.175939)
(-1.48031 0 -0.174414)
(-1.49131 0 -0.172846)
(-1.50221 0 -0.171234)
(-1.51302 0 -0.169579)
(-1.52373 0 -0.167879)
(-1.53434 0 -0.166134)
(-1.54485 0 -0.164346)
(-1.55525 0 -0.162512)
(-1.56554 0 -0.160633)
(-1.57572 0 -0.158709)
(-1.58578 0 -0.156739)
(-1.59573 0 -0.154724)
(-1.60555 0 -0.152662)
(-1.61526 0 -0.150554)
(-1.62483 0 -0.1484)
(-1.63427 0 -0.146198)
(-1.64358 0 -0.143949)
(-1.65276 0 -0.141652)
(-1.6618 0 -0.139307)
(-1.67069 0 -0.136914)
(-1.67944 0 -0.134473)
(-1.68804 0 -0.131982)
(-1.69649 0 -0.129442)
(-1.70478 0 -0.126852)
(-1.71291 0 -0.124212)
(-1.72089 0 -0.121522)
(-1.7287 0 -0.118781)
(-1.73634 0 -0.115988)
(-1.7438 0 -0.113144)
(-1.7511 0 -0.110248)
(-1.75821 0 -0.107299)
(-1.76514 0 -0.104298)
(-1.77189 0 -0.101244)
(-1.77845 0 -0.0981362)
(-1.78481 0 -0.094975)
(-1.79098 0 -0.0917598)
(-1.79694 0 -0.0884903)
(-1.80271 0 -0.0851664)
(-1.80826 0 -0.0817877)
(-1.81361 0 -0.0783542)
(-1.81873 0 -0.0748656)
(-1.82364 0 -0.0713218)
(-1.82833 0 -0.0677228)
(-1.83279 0 -0.0640685)
(-1.83702 0 -0.0603588)
(-1.84102 0 -0.0565939)
(-1.84478 0 -0.0527738)
(-1.84829 0 -0.0488987)
(-1.85157 0 -0.0449688)
(-1.85459 0 -0.0409844)
(-1.85736 0 -0.0369457)
(-1.85987 0 -0.0328532)
(-1.86212 0 -0.0287073)
(-1.86411 0 -0.0245086)
(-1.86583 0 -0.0202576)
(-1.86727 0 -0.015955)
(-1.86845 0 -0.0116015)
(-1.86934 0 -0.00719795)
(-1.86995 0 -0.00274523)
(-1.87028 0 0.00175568)
(-1.87031 0 0.00630382)
(-1.87006 0 0.0108982)
(-1.86951 0 0.0155377)
(-1.86866 0 0.020221)
(-1.8675 0 0.0249463)
(-1.86605 0 0.029712)
(-1.86428 0 0.0345161)
(-1.86221 0 0.0393565)
(-1.85982 0 0.0442311)
(-1.85712 0 0.0491375)
(-1.8541 0 0.0540731)
(-1.85076 0 0.0590353)
(-1.8471 0 0.0640214)
(-1.84311 0 0.0690284)
(-1.8388 0 0.0740534)
(-1.83416 0 0.0790932)
(-1.8292 0 0.0841447)
(-1.8239 0 0.0892045)
(-1.81828 0 0.0942691)
(-1.81232 0 0.0993351)
(-1.80604 0 0.104399)
(-1.79942 0 0.109457)
(-1.79247 0 0.114505)
(-1.7852 0 0.119539)
(-1.77759 0 0.124556)
(-1.76965 0 0.129552)
(-1.76139 0 0.134522)
(-1.7528 0 0.139463)
(-1.74389 0 0.14437)
(-1.73466 0 0.14924)
(-1.7251 0 0.154067)
(-1.71523 0 0.158849)
(-1.70505 0 0.163581)
(-1.69456 0 0.168258)
(-1.68376 0 0.172877)
(-1.67266 0 0.177434)
(-1.66126 0 0.181924)
(-1.64956 0 0.186344)
(-1.63758 0 0.19069)
(-1.62531 0 0.194957)
(-1.61276 0 0.199143)
(-1.59994 0 0.203243)
(-1.58686 0 0.207254)
(-1.57351 0 0.211172)
(-1.5599 0 0.214994)
(-1.54605 0 0.218718)
(-1.53195 0 0.222339)
(-1.51769 0 0.225855)
(-1.50328 0 0.229263)
(-1.48765 0 0.232562)
(-0.00482315 0 -0.129141)
(-0.0144661 0 -0.129119)
(-0.0241077 0 -0.129095)
(-0.0337473 0 -0.129072)
(-0.0433848 0 -0.129049)
(-0.0530203 0 -0.129028)
(-0.062654 0 -0.12901)
(-0.0722861 0 -0.128997)
(-0.081917 0 -0.128989)
(-0.091547 0 -0.128989)
(-0.101177 0 -0.128998)
(-0.110807 0 -0.129018)
(-0.120439 0 -0.12905)
(-0.130072 0 -0.129096)
(-0.139709 0 -0.129159)
(-0.14935 0 -0.12924)
(-0.158998 0 -0.129341)
(-0.168652 0 -0.129465)
(-0.178315 0 -0.129612)
(-0.187989 0 -0.129786)
(-0.197676 0 -0.129988)
(-0.207377 0 -0.13022)
(-0.217095 0 -0.130484)
(-0.226832 0 -0.130782)
(-0.236591 0 -0.131116)
(-0.246374 0 -0.131488)
(-0.256185 0 -0.131899)
(-0.266025 0 -0.132351)
(-0.275899 0 -0.132845)
(-0.285808 0 -0.133382)
(-0.295757 0 -0.133963)
(-0.305748 0 -0.13459)
(-0.315785 0 -0.135262)
(-0.325871 0 -0.135979)
(-0.336009 0 -0.136742)
(-0.346204 0 -0.137549)
(-0.356457 0 -0.138401)
(-0.366773 0 -0.139295)
(-0.377155 0 -0.140229)
(-0.387605 0 -0.141202)
(-0.398127 0 -0.142211)
(-0.408722 0 -0.143251)
(-0.419395 0 -0.14432)
(-0.430146 0 -0.145412)
(-0.440977 0 -0.146524)
(-0.451891 0 -0.147649)
(-0.462887 0 -0.148784)
(-0.473967 0 -0.149921)
(-0.485131 0 -0.151056)
(-0.496379 0 -0.152184)
(-0.507711 0 -0.153299)
(-0.519124 0 -0.154397)
(-0.530619 0 -0.155472)
(-0.542192 0 -0.156522)
(-0.553844 0 -0.157543)
(-0.56557 0 -0.158532)
(-0.57737 0 -0.159487)
(-0.589239 0 -0.160406)
(-0.601177 0 -0.161289)
(-0.613179 0 -0.162135)
(-0.625243 0 -0.162944)
(-0.637366 0 -0.163716)
(-0.649546 0 -0.164451)
(-0.661779 0 -0.16515)
(-0.674064 0 -0.165815)
(-0.686397 0 -0.166446)
(-0.698776 0 -0.167043)
(-0.711198 0 -0.16761)
(-0.723661 0 -0.168145)
(-0.736163 0 -0.168651)
(-0.748701 0 -0.169128)
(-0.761274 0 -0.169578)
(-0.77388 0 -0.170001)
(-0.786515 0 -0.170397)
(-0.799179 0 -0.170768)
(-0.81187 0 -0.171114)
(-0.824586 0 -0.171436)
(-0.837324 0 -0.171733)
(-0.850084 0 -0.172006)
(-0.862863 0 -0.172256)
(-0.87566 0 -0.172482)
(-0.888473 0 -0.172685)
(-0.9013 0 -0.172864)
(-0.91414 0 -0.173019)
(-0.926992 0 -0.17315)
(-0.939852 0 -0.173258)
(-0.95272 0 -0.173341)
(-0.965594 0 -0.173399)
(-0.978471 0 -0.173433)
(-0.991352 0 -0.173442)
(-1.00423 0 -0.173426)
(-1.01711 0 -0.173383)
(-1.02999 0 -0.173315)
(-1.04286 0 -0.17322)
(-1.05572 0 -0.173098)
(-1.06858 0 -0.172949)
(-1.08143 0 -0.172772)
(-1.09426 0 -0.172566)
(-1.10708 0 -0.172333)
(-1.11988 0 -0.17207)
(-1.13266 0 -0.171779)
(-1.14542 0 -0.171457)
(-1.15816 0 -0.171105)
(-1.17088 0 -0.170724)
(-1.18356 0 -0.170311)
(-1.19622 0 -0.169867)
(-1.20885 0 -0.169391)
(-1.22144 0 -0.168884)
(-1.23399 0 -0.168345)
(-1.24651 0 -0.167773)
(-1.25899 0 -0.167169)
(-1.27142 0 -0.166531)
(-1.28381 0 -0.16586)
(-1.29615 0 -0.165156)
(-1.30845 0 -0.164418)
(-1.32068 0 -0.163645)
(-1.33287 0 -0.162839)
(-1.34499 0 -0.161998)
(-1.35706 0 -0.161122)
(-1.36907 0 -0.160211)
(-1.381 0 -0.159265)
(-1.39288 0 -0.158284)
(-1.40468 0 -0.157267)
(-1.41641 0 -0.156215)
(-1.42806 0 -0.155127)
(-1.43964 0 -0.154002)
(-1.45113 0 -0.152842)
(-1.46255 0 -0.151645)
(-1.47387 0 -0.150412)
(-1.48511 0 -0.149142)
(-1.49626 0 -0.147835)
(-1.50731 0 -0.146491)
(-1.51827 0 -0.14511)
(-1.52913 0 -0.143691)
(-1.53989 0 -0.142235)
(-1.55054 0 -0.140742)
(-1.56108 0 -0.13921)
(-1.57151 0 -0.137641)
(-1.58183 0 -0.136033)
(-1.59204 0 -0.134387)
(-1.60212 0 -0.132702)
(-1.61208 0 -0.130978)
(-1.62192 0 -0.129216)
(-1.63163 0 -0.127414)
(-1.64121 0 -0.125572)
(-1.65065 0 -0.123691)
(-1.65996 0 -0.12177)
(-1.66913 0 -0.119808)
(-1.67816 0 -0.117806)
(-1.68703 0 -0.115764)
(-1.69576 0 -0.11368)
(-1.70434 0 -0.111555)
(-1.71276 0 -0.109388)
(-1.72102 0 -0.107179)
(-1.72912 0 -0.104928)
(-1.73706 0 -0.102635)
(-1.74482 0 -0.100298)
(-1.75242 0 -0.0979186)
(-1.75984 0 -0.0954957)
(-1.76708 0 -0.093029)
(-1.77413 0 -0.0905183)
(-1.781 0 -0.0879634)
(-1.78769 0 -0.0853638)
(-1.79417 0 -0.0827194)
(-1.80047 0 -0.08003)
(-1.80656 0 -0.0772953)
(-1.81245 0 -0.074515)
(-1.81813 0 -0.071689)
(-1.8236 0 -0.0688172)
(-1.82886 0 -0.0658993)
(-1.8339 0 -0.0629353)
(-1.83872 0 -0.059925)
(-1.84331 0 -0.0568684)
(-1.84767 0 -0.0537655)
(-1.8518 0 -0.0506164)
(-1.8557 0 -0.0474209)
(-1.85935 0 -0.0441794)
(-1.86276 0 -0.0408918)
(-1.86592 0 -0.0375583)
(-1.86883 0 -0.0341793)
(-1.87149 0 -0.030755)
(-1.87389 0 -0.0272857)
(-1.87602 0 -0.0237717)
(-1.87789 0 -0.0202137)
(-1.87949 0 -0.0166119)
(-1.88082 0 -0.0129671)
(-1.88187 0 -0.00927982)
(-1.88264 0 -0.0055507)
(-1.88313 0 -0.00178052)
(-1.88333 0 0.00202994)
(-1.88324 0 0.00587988)
(-1.88286 0 0.00976847)
(-1.88219 0 0.0136947)
(-1.88121 0 0.0176573)
(-1.87994 0 0.0216549)
(-1.87835 0 0.0256861)
(-1.87647 0 0.0297491)
(-1.87427 0 0.0338422)
(-1.87176 0 0.0379635)
(-1.86893 0 0.042111)
(-1.86579 0 0.0462825)
(-1.86233 0 0.0504758)
(-1.85854 0 0.0546886)
(-1.85444 0 0.0589184)
(-1.85001 0 0.0631628)
(-1.84526 0 0.067419)
(-1.84018 0 0.0716844)
(-1.83477 0 0.0759561)
(-1.82904 0 0.0802313)
(-1.82297 0 0.0845071)
(-1.81658 0 0.0887803)
(-1.80986 0 0.0930479)
(-1.80282 0 0.0973068)
(-1.79544 0 0.101554)
(-1.78774 0 0.105785)
(-1.77972 0 0.109998)
(-1.77137 0 0.11419)
(-1.7627 0 0.118355)
(-1.7537 0 0.122493)
(-1.74439 0 0.126598)
(-1.73477 0 0.130667)
(-1.72483 0 0.134697)
(-1.71458 0 0.138685)
(-1.70402 0 0.142627)
(-1.69316 0 0.14652)
(-1.68201 0 0.15036)
(-1.67055 0 0.154144)
(-1.65881 0 0.157868)
(-1.64678 0 0.16153)
(-1.63447 0 0.165126)
(-1.62189 0 0.168653)
(-1.60903 0 0.172109)
(-1.59591 0 0.175489)
(-1.58254 0 0.178791)
(-1.56891 0 0.182013)
(-1.55502 0 0.185152)
(-1.54091 0 0.188206)
(-1.52663 0 0.191171)
(-1.5122 0 0.194046)
(-1.49656 0 0.196829)
(-0.00485679 0 -0.105906)
(-0.0145671 0 -0.105888)
(-0.0242762 0 -0.105869)
(-0.0339834 0 -0.10585)
(-0.0436887 0 -0.105832)
(-0.0533923 0 -0.105815)
(-0.0630943 0 -0.105801)
(-0.0727949 0 -0.105791)
(-0.0824946 0 -0.105785)
(-0.0921938 0 -0.105786)
(-0.101893 0 -0.105794)
(-0.111593 0 -0.105811)
(-0.121295 0 -0.105838)
(-0.131 0 -0.105878)
(-0.140708 0 -0.10593)
(-0.150422 0 -0.105998)
(-0.160141 0 -0.106083)
(-0.169869 0 -0.106186)
(-0.179607 0 -0.106309)
(-0.189356 0 -0.106453)
(-0.199118 0 -0.106621)
(-0.208897 0 -0.106814)
(-0.218693 0 -0.107033)
(-0.228509 0 -0.107281)
(-0.238349 0 -0.107558)
(-0.248214 0 -0.107867)
(-0.258107 0 -0.108207)
(-0.268032 0 -0.108582)
(-0.277992 0 -0.108991)
(-0.287989 0 -0.109435)
(-0.298027 0 -0.109916)
(-0.308109 0 -0.110435)
(-0.318239 0 -0.11099)
(-0.328419 0 -0.111583)
(-0.338654 0 -0.112213)
(-0.348947 0 -0.112881)
(-0.3593 0 -0.113584)
(-0.369718 0 -0.114321)
(-0.380204 0 -0.115093)
(-0.39076 0 -0.115895)
(-0.401389 0 -0.116726)
(-0.412095 0 -0.117583)
(-0.422878 0 -0.118463)
(-0.433742 0 -0.119363)
(-0.444688 0 -0.120277)
(-0.455718 0 -0.121203)
(-0.466831 0 -0.122136)
(-0.47803 0 -0.12307)
(-0.489314 0 -0.124003)
(-0.500682 0 -0.124929)
(-0.512135 0 -0.125844)
(-0.523671 0 -0.126745)
(-0.535288 0 -0.127627)
(-0.546985 0 -0.128488)
(-0.55876 0 -0.129325)
(-0.570611 0 -0.130136)
(-0.582535 0 -0.130919)
(-0.594529 0 -0.131673)
(-0.606591 0 -0.132396)
(-0.618718 0 -0.13309)
(-0.630907 0 -0.133753)
(-0.643156 0 -0.134386)
(-0.655461 0 -0.134989)
(-0.667821 0 -0.135562)
(-0.680231 0 -0.136108)
(-0.69269 0 -0.136625)
(-0.705194 0 -0.137116)
(-0.717743 0 -0.13758)
(-0.730332 0 -0.13802)
(-0.742961 0 -0.138435)
(-0.755626 0 -0.138827)
(-0.768326 0 -0.139197)
(-0.781058 0 -0.139544)
(-0.793821 0 -0.13987)
(-0.806612 0 -0.140175)
(-0.81943 0 -0.140459)
(-0.832273 0 -0.140723)
(-0.845139 0 -0.140967)
(-0.858026 0 -0.141192)
(-0.870933 0 -0.141397)
(-0.883858 0 -0.141582)
(-0.896799 0 -0.141748)
(-0.909754 0 -0.141895)
(-0.922721 0 -0.142022)
(-0.935699 0 -0.142129)
(-0.948687 0 -0.142217)
(-0.961681 0 -0.142284)
(-0.974682 0 -0.142332)
(-0.987685 0 -0.142358)
(-1.00069 0 -0.142364)
(-1.0137 0 -0.142349)
(-1.0267 0 -0.142313)
(-1.0397 0 -0.142255)
(-1.0527 0 -0.142175)
(-1.06568 0 -0.142073)
(-1.07866 0 -0.141948)
(-1.09163 0 -0.1418)
(-1.10458 0 -0.141629)
(-1.11752 0 -0.141434)
(-1.13044 0 -0.141216)
(-1.14333 0 -0.140973)
(-1.15621 0 -0.140705)
(-1.16906 0 -0.140413)
(-1.18189 0 -0.140096)
(-1.19469 0 -0.139753)
(-1.20746 0 -0.139384)
(-1.22019 0 -0.138989)
(-1.23289 0 -0.138568)
(-1.24555 0 -0.13812)
(-1.25817 0 -0.137645)
(-1.27075 0 -0.137144)
(-1.28328 0 -0.136615)
(-1.29577 0 -0.136058)
(-1.3082 0 -0.135474)
(-1.32059 0 -0.134862)
(-1.33291 0 -0.134222)
(-1.34519 0 -0.133553)
(-1.3574 0 -0.132856)
(-1.36955 0 -0.13213)
(-1.38163 0 -0.131375)
(-1.39365 0 -0.130592)
(-1.40559 0 -0.129779)
(-1.41747 0 -0.128937)
(-1.42927 0 -0.128066)
(-1.44099 0 -0.127165)
(-1.45263 0 -0.126234)
(-1.46418 0 -0.125273)
(-1.47565 0 -0.124283)
(-1.48704 0 -0.123262)
(-1.49833 0 -0.122212)
(-1.50952 0 -0.121131)
(-1.52062 0 -0.120019)
(-1.53162 0 -0.118877)
(-1.54252 0 -0.117705)
(-1.55331 0 -0.116501)
(-1.56399 0 -0.115267)
(-1.57456 0 -0.114002)
(-1.58502 0 -0.112705)
(-1.59537 0 -0.111377)
(-1.60559 0 -0.110018)
(-1.61569 0 -0.108627)
(-1.62566 0 -0.107204)
(-1.63551 0 -0.105749)
(-1.64522 0 -0.104262)
(-1.6548 0 -0.102743)
(-1.66425 0 -0.101191)
(-1.67355 0 -0.0996068)
(-1.68271 0 -0.0979895)
(-1.69172 0 -0.0963391)
(-1.70059 0 -0.0946553)
(-1.7093 0 -0.0929381)
(-1.71785 0 -0.0911871)
(-1.72625 0 -0.0894021)
(-1.73448 0 -0.087583)
(-1.74255 0 -0.0857294)
(-1.75045 0 -0.0838412)
(-1.75818 0 -0.081918)
(-1.76573 0 -0.0799598)
(-1.7731 0 -0.0779661)
(-1.78029 0 -0.0759369)
(-1.7873 0 -0.0738719)
(-1.79412 0 -0.0717709)
(-1.80074 0 -0.0696336)
(-1.80717 0 -0.0674599)
(-1.8134 0 -0.0652495)
(-1.81943 0 -0.0630023)
(-1.82526 0 -0.0607182)
(-1.83087 0 -0.0583969)
(-1.83627 0 -0.0560384)
(-1.84145 0 -0.0536425)
(-1.84641 0 -0.0512092)
(-1.85115 0 -0.0487384)
(-1.85566 0 -0.04623)
(-1.85994 0 -0.0436841)
(-1.86398 0 -0.0411007)
(-1.86779 0 -0.0384798)
(-1.87135 0 -0.0358215)
(-1.87467 0 -0.0331259)
(-1.87774 0 -0.0303932)
(-1.88056 0 -0.0276236)
(-1.88312 0 -0.0248173)
(-1.88542 0 -0.0219747)
(-1.88746 0 -0.0190959)
(-1.88923 0 -0.0161815)
(-1.89073 0 -0.0132317)
(-1.89195 0 -0.010247)
(-1.8929 0 -0.00722803)
(-1.89357 0 -0.00417519)
(-1.89395 0 -0.00108909)
(-1.89405 0 0.00202963)
(-1.89386 0 0.00518034)
(-1.89337 0 0.00836235)
(-1.89259 0 0.0115748)
(-1.89151 0 0.0148166)
(-1.89013 0 0.0180867)
(-1.88845 0 0.0213838)
(-1.88645 0 0.0247066)
(-1.88415 0 0.0280535)
(-1.88154 0 0.0314231)
(-1.87861 0 0.0348136)
(-1.87536 0 0.0382233)
(-1.8718 0 0.0416504)
(-1.86792 0 0.0450929)
(-1.86371 0 0.0485489)
(-1.85919 0 0.0520163)
(-1.85434 0 0.055493)
(-1.84916 0 0.0589766)
(-1.84367 0 0.0624651)
(-1.83784 0 0.065956)
(-1.83169 0 0.0694469)
(-1.82521 0 0.0729353)
(-1.81841 0 0.0764188)
(-1.81128 0 0.0798947)
(-1.80383 0 0.0833605)
(-1.79605 0 0.0868136)
(-1.78795 0 0.0902511)
(-1.77953 0 0.0936705)
(-1.77079 0 0.0970689)
(-1.76173 0 0.100444)
(-1.75236 0 0.103792)
(-1.74267 0 0.107111)
(-1.73267 0 0.110398)
(-1.72237 0 0.11365)
(-1.71176 0 0.116865)
(-1.70086 0 0.120039)
(-1.68965 0 0.12317)
(-1.67816 0 0.126255)
(-1.66638 0 0.129292)
(-1.65431 0 0.132278)
(-1.64197 0 0.13521)
(-1.62936 0 0.138086)
(-1.61647 0 0.140904)
(-1.60333 0 0.14366)
(-1.58993 0 0.146353)
(-1.57628 0 0.148981)
(-1.56238 0 0.151541)
(-1.54825 0 0.154032)
(-1.53395 0 0.156451)
(-1.51952 0 0.158796)
(-1.50387 0 0.161068)
(-0.00488385 0 -0.0825245)
(-0.0146483 0 -0.0825106)
(-0.0244117 0 -0.0824961)
(-0.0341734 0 -0.0824815)
(-0.0439332 0 -0.0824673)
(-0.0536914 0 -0.0824544)
(-0.0634482 0 -0.0824436)
(-0.0732039 0 -0.0824356)
(-0.0829587 0 -0.0824315)
(-0.0927133 0 -0.0824322)
(-0.102468 0 -0.0824388)
(-0.112224 0 -0.0824523)
(-0.121983 0 -0.0824741)
(-0.131744 0 -0.0825051)
(-0.141509 0 -0.0825467)
(-0.15128 0 -0.0826001)
(-0.161057 0 -0.0826666)
(-0.170844 0 -0.0827475)
(-0.18064 0 -0.0828441)
(-0.190449 0 -0.0829577)
(-0.200271 0 -0.0830896)
(-0.21011 0 -0.0832411)
(-0.219968 0 -0.0834134)
(-0.229847 0 -0.0836078)
(-0.23975 0 -0.0838254)
(-0.24968 0 -0.0840674)
(-0.259639 0 -0.0843348)
(-0.269631 0 -0.0846285)
(-0.279658 0 -0.0849493)
(-0.289724 0 -0.0852981)
(-0.299832 0 -0.0856754)
(-0.309986 0 -0.0860817)
(-0.320188 0 -0.0865171)
(-0.330443 0 -0.0869818)
(-0.340754 0 -0.0874757)
(-0.351124 0 -0.0879982)
(-0.361556 0 -0.0885488)
(-0.372055 0 -0.0891265)
(-0.382622 0 -0.08973)
(-0.393261 0 -0.0903578)
(-0.403975 0 -0.0910079)
(-0.414766 0 -0.0916782)
(-0.425637 0 -0.0923661)
(-0.43659 0 -0.0930688)
(-0.447626 0 -0.0937832)
(-0.458746 0 -0.0945061)
(-0.469952 0 -0.095234)
(-0.481243 0 -0.0959635)
(-0.492621 0 -0.0966911)
(-0.504084 0 -0.0974133)
(-0.515631 0 -0.098127)
(-0.527263 0 -0.0988292)
(-0.538976 0 -0.099517)
(-0.55077 0 -0.100188)
(-0.562642 0 -0.100841)
(-0.57459 0 -0.101472)
(-0.586612 0 -0.102083)
(-0.598704 0 -0.10267)
(-0.610864 0 -0.103234)
(-0.623089 0 -0.103775)
(-0.635377 0 -0.104292)
(-0.647725 0 -0.104785)
(-0.660129 0 -0.105256)
(-0.672587 0 -0.105703)
(-0.685097 0 -0.106128)
(-0.697655 0 -0.106532)
(-0.710259 0 -0.106915)
(-0.722908 0 -0.107278)
(-0.735597 0 -0.107621)
(-0.748326 0 -0.107946)
(-0.761092 0 -0.108252)
(-0.773893 0 -0.108541)
(-0.786726 0 -0.108812)
(-0.79959 0 -0.109066)
(-0.812483 0 -0.109305)
(-0.825403 0 -0.109527)
(-0.838348 0 -0.109733)
(-0.851316 0 -0.109924)
(-0.864305 0 -0.1101)
(-0.877314 0 -0.11026)
(-0.890341 0 -0.110405)
(-0.903384 0 -0.110535)
(-0.916441 0 -0.110649)
(-0.929511 0 -0.110748)
(-0.942592 0 -0.110832)
(-0.955681 0 -0.1109)
(-0.968778 0 -0.110952)
(-0.98188 0 -0.110989)
(-0.994985 0 -0.11101)
(-1.00809 0 -0.111014)
(-1.0212 0 -0.111001)
(-1.0343 0 -0.110972)
(-1.0474 0 -0.110926)
(-1.0605 0 -0.110863)
(-1.07358 0 -0.110782)
(-1.08666 0 -0.110683)
(-1.09972 0 -0.110567)
(-1.11277 0 -0.110432)
(-1.1258 0 -0.110278)
(-1.13882 0 -0.110106)
(-1.15181 0 -0.109915)
(-1.16478 0 -0.109704)
(-1.17773 0 -0.109474)
(-1.19065 0 -0.109224)
(-1.20353 0 -0.108954)
(-1.21639 0 -0.108664)
(-1.22921 0 -0.108353)
(-1.24199 0 -0.108022)
(-1.25474 0 -0.10767)
(-1.26744 0 -0.107296)
(-1.2801 0 -0.106902)
(-1.29272 0 -0.106486)
(-1.30528 0 -0.106048)
(-1.31779 0 -0.105589)
(-1.33025 0 -0.105108)
(-1.34265 0 -0.104605)
(-1.35499 0 -0.104079)
(-1.36727 0 -0.103532)
(-1.37949 0 -0.102961)
(-1.39164 0 -0.102368)
(-1.40372 0 -0.101753)
(-1.41572 0 -0.101114)
(-1.42766 0 -0.100453)
(-1.43951 0 -0.0997688)
(-1.45128 0 -0.0990614)
(-1.46298 0 -0.0983307)
(-1.47458 0 -0.0975767)
(-1.4861 0 -0.0967994)
(-1.49752 0 -0.0959985)
(-1.50885 0 -0.095174)
(-1.52009 0 -0.0943259)
(-1.53122 0 -0.0934541)
(-1.54226 0 -0.0925584)
(-1.55318 0 -0.0916387)
(-1.564 0 -0.0906951)
(-1.57471 0 -0.0897273)
(-1.58531 0 -0.0887353)
(-1.59579 0 -0.0877191)
(-1.60615 0 -0.0866784)
(-1.61638 0 -0.0856131)
(-1.62649 0 -0.0845233)
(-1.63648 0 -0.0834087)
(-1.64633 0 -0.0822692)
(-1.65605 0 -0.0811048)
(-1.66563 0 -0.0799152)
(-1.67507 0 -0.0787004)
(-1.68437 0 -0.0774601)
(-1.69352 0 -0.0761943)
(-1.70252 0 -0.0749028)
(-1.71137 0 -0.0735855)
(-1.72007 0 -0.0722421)
(-1.7286 0 -0.0708725)
(-1.73698 0 -0.0694766)
(-1.74519 0 -0.0680542)
(-1.75323 0 -0.0666051)
(-1.7611 0 -0.0651291)
(-1.7688 0 -0.0636261)
(-1.77631 0 -0.0620958)
(-1.78365 0 -0.0605382)
(-1.7908 0 -0.058953)
(-1.79777 0 -0.0573401)
(-1.80454 0 -0.0556993)
(-1.81112 0 -0.0540305)
(-1.8175 0 -0.0523335)
(-1.82368 0 -0.0506082)
(-1.82966 0 -0.0488543)
(-1.83543 0 -0.047072)
(-1.84098 0 -0.0452609)
(-1.84632 0 -0.043421)
(-1.85144 0 -0.0415523)
(-1.85634 0 -0.0396547)
(-1.86101 0 -0.0377281)
(-1.86546 0 -0.0357725)
(-1.86967 0 -0.0337879)
(-1.87365 0 -0.0317744)
(-1.87738 0 -0.029732)
(-1.88087 0 -0.0276607)
(-1.88412 0 -0.0255607)
(-1.88711 0 -0.0234321)
(-1.88985 0 -0.0212751)
(-1.89233 0 -0.0190897)
(-1.89456 0 -0.0168764)
(-1.89651 0 -0.0146352)
(-1.8982 0 -0.0123665)
(-1.89962 0 -0.0100707)
(-1.90077 0 -0.00774793)
(-1.90163 0 -0.00539871)
(-1.90222 0 -0.00302342)
(-1.90252 0 -0.000622475)
(-1.90254 0 0.00180365)
(-1.90226 0 0.00425449)
(-1.90169 0 0.00672949)
(-1.90083 0 0.00922794)
(-1.89967 0 0.0117491)
(-1.8982 0 0.0142919)
(-1.89643 0 0.0168556)
(-1.89435 0 0.0194389)
(-1.89197 0 0.0220408)
(-1.88927 0 0.02466)
(-1.88626 0 0.0272952)
(-1.88294 0 0.0299451)
(-1.87929 0 0.0326082)
(-1.87533 0 0.035283)
(-1.87105 0 0.037968)
(-1.86645 0 0.0406616)
(-1.86152 0 0.0433621)
(-1.85627 0 0.0460679)
(-1.8507 0 0.048777)
(-1.84481 0 0.0514878)
(-1.83858 0 0.0541984)
(-1.83204 0 0.0569068)
(-1.82517 0 0.0596111)
(-1.81798 0 0.0623093)
(-1.81046 0 0.0649994)
(-1.80262 0 0.0676795)
(-1.79446 0 0.0703473)
(-1.78599 0 0.0730008)
(-1.77719 0 0.0756379)
(-1.76808 0 0.0782565)
(-1.75866 0 0.0808543)
(-1.74893 0 0.0834294)
(-1.73889 0 0.0859795)
(-1.72854 0 0.0885024)
(-1.7179 0 0.0909962)
(-1.70695 0 0.0934585)
(-1.69571 0 0.0958874)
(-1.68419 0 0.0982807)
(-1.67238 0 0.100636)
(-1.66028 0 0.102952)
(-1.64792 0 0.105227)
(-1.63528 0 0.107458)
(-1.62237 0 0.109643)
(-1.60921 0 0.111781)
(-1.59579 0 0.11387)
(-1.58213 0 0.115908)
(-1.56822 0 0.117894)
(-1.55407 0 0.119826)
(-1.53977 0 0.121703)
(-1.52532 0 0.123522)
(-1.50968 0 0.125285)
(-0.0049044 0 -0.0590302)
(-0.0147099 0 -0.0590202)
(-0.0245143 0 -0.0590097)
(-0.0343169 0 -0.0589992)
(-0.0441179 0 -0.058989)
(-0.0539173 0 -0.0589796)
(-0.0637153 0 -0.0589717)
(-0.0735122 0 -0.0589659)
(-0.0833084 0 -0.0589628)
(-0.0931045 0 -0.0589632)
(-0.102901 0 -0.0589677)
(-0.112699 0 -0.0589773)
(-0.122499 0 -0.0589927)
(-0.132302 0 -0.0590148)
(-0.14211 0 -0.0590445)
(-0.151923 0 -0.0590826)
(-0.161743 0 -0.0591302)
(-0.171572 0 -0.0591881)
(-0.181412 0 -0.0592572)
(-0.191264 0 -0.0593386)
(-0.201131 0 -0.0594331)
(-0.211015 0 -0.0595418)
(-0.220918 0 -0.0596654)
(-0.230842 0 -0.0598048)
(-0.240791 0 -0.059961)
(-0.250768 0 -0.0601346)
(-0.260774 0 -0.0603265)
(-0.270814 0 -0.0605373)
(-0.28089 0 -0.0607676)
(-0.291006 0 -0.061018)
(-0.301165 0 -0.0612889)
(-0.31137 0 -0.0615805)
(-0.321625 0 -0.0618931)
(-0.331934 0 -0.0622267)
(-0.342299 0 -0.0625811)
(-0.352725 0 -0.0629561)
(-0.363214 0 -0.0633512)
(-0.37377 0 -0.0637657)
(-0.384396 0 -0.0641987)
(-0.395095 0 -0.064649)
(-0.405869 0 -0.0651152)
(-0.416722 0 -0.0655958)
(-0.427656 0 -0.066089)
(-0.438672 0 -0.0665926)
(-0.449772 0 -0.0671046)
(-0.460958 0 -0.0676225)
(-0.47223 0 -0.0681439)
(-0.483588 0 -0.0686664)
(-0.495033 0 -0.0691875)
(-0.506564 0 -0.0697047)
(-0.51818 0 -0.0702157)
(-0.52988 0 -0.0707184)
(-0.541663 0 -0.0712108)
(-0.553527 0 -0.0716913)
(-0.565469 0 -0.0721583)
(-0.577487 0 -0.0726108)
(-0.589579 0 -0.0730477)
(-0.601742 0 -0.0734684)
(-0.613973 0 -0.0738725)
(-0.62627 0 -0.0742598)
(-0.638629 0 -0.0746301)
(-0.651048 0 -0.0749836)
(-0.663525 0 -0.0753206)
(-0.676055 0 -0.0756414)
(-0.688637 0 -0.0759464)
(-0.701269 0 -0.076236)
(-0.713946 0 -0.0765107)
(-0.726668 0 -0.0767709)
(-0.739432 0 -0.0770173)
(-0.752235 0 -0.0772501)
(-0.765075 0 -0.0774699)
(-0.77795 0 -0.0776771)
(-0.790859 0 -0.0778719)
(-0.803798 0 -0.0780547)
(-0.816767 0 -0.0782258)
(-0.829762 0 -0.0783854)
(-0.842783 0 -0.0785337)
(-0.855828 0 -0.0786709)
(-0.868894 0 -0.078797)
(-0.881979 0 -0.0789121)
(-0.895083 0 -0.0790163)
(-0.908203 0 -0.0791095)
(-0.921337 0 -0.0791918)
(-0.934484 0 -0.079263)
(-0.947641 0 -0.0793231)
(-0.960808 0 -0.0793721)
(-0.973981 0 -0.0794098)
(-0.98716 0 -0.079436)
(-1.00034 0 -0.0794506)
(-1.01353 0 -0.0794536)
(-1.02671 0 -0.0794446)
(-1.03989 0 -0.0794236)
(-1.05307 0 -0.0793903)
(-1.06624 0 -0.0793447)
(-1.0794 0 -0.0792864)
(-1.09255 0 -0.0792153)
(-1.10568 0 -0.0791313)
(-1.11881 0 -0.0790341)
(-1.13191 0 -0.0789235)
(-1.145 0 -0.0787995)
(-1.15807 0 -0.0786617)
(-1.17111 0 -0.07851)
(-1.18412 0 -0.0783442)
(-1.19711 0 -0.0781642)
(-1.21007 0 -0.0779698)
(-1.22299 0 -0.0777608)
(-1.23588 0 -0.0775371)
(-1.24873 0 -0.0772986)
(-1.26154 0 -0.077045)
(-1.27431 0 -0.0767763)
(-1.28703 0 -0.0764922)
(-1.2997 0 -0.0761928)
(-1.31233 0 -0.0758779)
(-1.3249 0 -0.0755472)
(-1.33741 0 -0.0752009)
(-1.34987 0 -0.0748386)
(-1.36227 0 -0.0744604)
(-1.3746 0 -0.0740662)
(-1.38687 0 -0.0736558)
(-1.39907 0 -0.0732292)
(-1.41119 0 -0.0727862)
(-1.42325 0 -0.0723269)
(-1.43522 0 -0.0718511)
(-1.44712 0 -0.0713587)
(-1.45894 0 -0.0708498)
(-1.47067 0 -0.0703242)
(-1.48231 0 -0.0697819)
(-1.49386 0 -0.0692228)
(-1.50532 0 -0.0686469)
(-1.51669 0 -0.068054)
(-1.52795 0 -0.0674442)
(-1.53912 0 -0.0668174)
(-1.55017 0 -0.0661735)
(-1.56113 0 -0.0655124)
(-1.57197 0 -0.0648342)
(-1.5827 0 -0.0641386)
(-1.59331 0 -0.0634258)
(-1.6038 0 -0.0626956)
(-1.61418 0 -0.0619479)
(-1.62443 0 -0.0611827)
(-1.63455 0 -0.0603998)
(-1.64454 0 -0.0595993)
(-1.6544 0 -0.058781)
(-1.66412 0 -0.0579449)
(-1.6737 0 -0.0570908)
(-1.68314 0 -0.0562186)
(-1.69243 0 -0.0553284)
(-1.70158 0 -0.0544199)
(-1.71058 0 -0.053493)
(-1.71942 0 -0.0525478)
(-1.7281 0 -0.0515839)
(-1.73662 0 -0.0506014)
(-1.74498 0 -0.0496002)
(-1.75317 0 -0.04858)
(-1.7612 0 -0.0475408)
(-1.76904 0 -0.0464825)
(-1.77672 0 -0.0454049)
(-1.78421 0 -0.0443079)
(-1.79152 0 -0.0431915)
(-1.79864 0 -0.0420554)
(-1.80558 0 -0.0408996)
(-1.81232 0 -0.039724)
(-1.81886 0 -0.0385284)
(-1.82521 0 -0.0373127)
(-1.83135 0 -0.036077)
(-1.83728 0 -0.034821)
(-1.84301 0 -0.0335446)
(-1.84852 0 -0.0322479)
(-1.85382 0 -0.0309307)
(-1.85889 0 -0.0295931)
(-1.86375 0 -0.0282349)
(-1.86837 0 -0.0268561)
(-1.87277 0 -0.0254568)
(-1.87693 0 -0.0240368)
(-1.88085 0 -0.0225964)
(-1.88453 0 -0.0211354)
(-1.88797 0 -0.0196539)
(-1.89116 0 -0.0181521)
(-1.8941 0 -0.01663)
(-1.89678 0 -0.0150877)
(-1.89921 0 -0.0135254)
(-1.90137 0 -0.0119432)
(-1.90327 0 -0.0103413)
(-1.9049 0 -0.0087199)
(-1.90626 0 -0.00707923)
(-1.90734 0 -0.00541954)
(-1.90815 0 -0.00374107)
(-1.90867 0 -0.00204411)
(-1.90892 0 -0.000328946)
(-1.90887 0 0.00140412)
(-1.90853 0 0.00315476)
(-1.9079 0 0.00492258)
(-1.90698 0 0.00670708)
(-1.90575 0 0.00850767)
(-1.90422 0 0.0103237)
(-1.90239 0 0.0121544)
(-1.90026 0 0.0139991)
(-1.89781 0 0.015857)
(-1.89505 0 0.017727)
(-1.89198 0 0.0196084)
(-1.8886 0 0.0215)
(-1.8849 0 0.023401)
(-1.88088 0 0.0253103)
(-1.87654 0 0.0272267)
(-1.87188 0 0.029149)
(-1.8669 0 0.0310762)
(-1.8616 0 0.0330069)
(-1.85597 0 0.03494)
(-1.85002 0 0.0368741)
(-1.84375 0 0.0388079)
(-1.83716 0 0.04074)
(-1.83024 0 0.0426691)
(-1.823 0 0.0445938)
(-1.81544 0 0.0465125)
(-1.80756 0 0.048424)
(-1.79936 0 0.0503266)
(-1.79084 0 0.052219)
(-1.782 0 0.0540996)
(-1.77286 0 0.0559669)
(-1.7634 0 0.0578194)
(-1.75363 0 0.0596555)
(-1.74356 0 0.0614738)
(-1.73318 0 0.0632727)
(-1.72251 0 0.0650507)
(-1.71154 0 0.0668063)
(-1.70028 0 0.068538)
(-1.68873 0 0.0702443)
(-1.67689 0 0.0719238)
(-1.66478 0 0.073575)
(-1.65239 0 0.0751966)
(-1.63974 0 0.0767871)
(-1.62682 0 0.0783451)
(-1.61364 0 0.0798693)
(-1.60022 0 0.0813585)
(-1.58654 0 0.0828112)
(-1.57262 0 0.0842264)
(-1.55847 0 0.0856028)
(-1.54416 0 0.0869392)
(-1.52971 0 0.0882343)
(-1.51406 0 0.0894872)
(-0.00491808 0 -0.03545)
(-0.0147511 0 -0.035444)
(-0.0245833 0 -0.0354376)
(-0.0344137 0 -0.0354312)
(-0.0442424 0 -0.0354249)
(-0.0540694 0 -0.0354191)
(-0.063895 0 -0.0354141)
(-0.0737195 0 -0.0354104)
(-0.0835433 0 -0.0354083)
(-0.0933668 0 -0.0354082)
(-0.103191 0 -0.0354106)
(-0.113016 0 -0.035416)
(-0.122843 0 -0.035425)
(-0.132674 0 -0.0354379)
(-0.142509 0 -0.0354554)
(-0.152349 0 -0.0354779)
(-0.162197 0 -0.0355061)
(-0.172054 0 -0.0355405)
(-0.181921 0 -0.0355817)
(-0.191801 0 -0.0356303)
(-0.201695 0 -0.0356867)
(-0.211607 0 -0.0357517)
(-0.221538 0 -0.0358257)
(-0.23149 0 -0.0359092)
(-0.241468 0 -0.0360027)
(-0.251473 0 -0.0361068)
(-0.261508 0 -0.0362219)
(-0.271578 0 -0.0363484)
(-0.281683 0 -0.0364867)
(-0.291829 0 -0.036637)
(-0.302019 0 -0.0367997)
(-0.312255 0 -0.0369749)
(-0.322542 0 -0.0371627)
(-0.332882 0 -0.0373631)
(-0.34328 0 -0.0375761)
(-0.353739 0 -0.0378014)
(-0.364262 0 -0.0380389)
(-0.374853 0 -0.038288)
(-0.385514 0 -0.0385482)
(-0.396248 0 -0.0388188)
(-0.407059 0 -0.039099)
(-0.417949 0 -0.0393878)
(-0.428921 0 -0.0396842)
(-0.439975 0 -0.0399868)
(-0.451114 0 -0.0402944)
(-0.462339 0 -0.0406056)
(-0.47365 0 -0.0409189)
(-0.485048 0 -0.0412328)
(-0.496534 0 -0.0415459)
(-0.508105 0 -0.0418566)
(-0.519763 0 -0.0421637)
(-0.531505 0 -0.0424657)
(-0.54333 0 -0.0427617)
(-0.555235 0 -0.0430504)
(-0.56722 0 -0.0433312)
(-0.579281 0 -0.0436032)
(-0.591416 0 -0.0438659)
(-0.603623 0 -0.044119)
(-0.615898 0 -0.044362)
(-0.628239 0 -0.044595)
(-0.640643 0 -0.0448179)
(-0.653107 0 -0.0450307)
(-0.665628 0 -0.0452336)
(-0.678204 0 -0.0454268)
(-0.690833 0 -0.0456105)
(-0.70351 0 -0.045785)
(-0.716235 0 -0.0459506)
(-0.729003 0 -0.0461075)
(-0.741814 0 -0.046256)
(-0.754665 0 -0.0463964)
(-0.767553 0 -0.046529)
(-0.780477 0 -0.046654)
(-0.793434 0 -0.0467716)
(-0.806423 0 -0.046882)
(-0.819441 0 -0.0469853)
(-0.832486 0 -0.0470817)
(-0.845557 0 -0.0471713)
(-0.858652 0 -0.0472542)
(-0.871768 0 -0.0473304)
(-0.884904 0 -0.0474)
(-0.898059 0 -0.047463)
(-0.91123 0 -0.0475195)
(-0.924416 0 -0.0475693)
(-0.937614 0 -0.0476125)
(-0.950823 0 -0.0476489)
(-0.964041 0 -0.0476787)
(-0.977267 0 -0.0477016)
(-0.990497 0 -0.0477177)
(-1.00373 0 -0.0477267)
(-1.01697 0 -0.0477287)
(-1.0302 0 -0.0477236)
(-1.04343 0 -0.0477111)
(-1.05666 0 -0.0476913)
(-1.06988 0 -0.047664)
(-1.0831 0 -0.047629)
(-1.0963 0 -0.0475864)
(-1.10949 0 -0.0475359)
(-1.12266 0 -0.0474775)
(-1.13582 0 -0.0474111)
(-1.14895 0 -0.0473365)
(-1.16207 0 -0.0472536)
(-1.17516 0 -0.0471623)
(-1.18822 0 -0.0470625)
(-1.20126 0 -0.0469541)
(-1.21426 0 -0.0468371)
(-1.22723 0 -0.0467113)
(-1.24017 0 -0.0465765)
(-1.25306 0 -0.0464329)
(-1.26592 0 -0.0462801)
(-1.27873 0 -0.0461182)
(-1.2915 0 -0.0459471)
(-1.30422 0 -0.0457667)
(-1.31688 0 -0.045577)
(-1.32949 0 -0.0453778)
(-1.34205 0 -0.0451691)
(-1.35455 0 -0.0449508)
(-1.36698 0 -0.0447229)
(-1.37935 0 -0.0444853)
(-1.39166 0 -0.044238)
(-1.40389 0 -0.0439809)
(-1.41606 0 -0.043714)
(-1.42814 0 -0.0434372)
(-1.44015 0 -0.0431505)
(-1.45208 0 -0.0428538)
(-1.46393 0 -0.0425472)
(-1.47569 0 -0.0422305)
(-1.48736 0 -0.0419037)
(-1.49894 0 -0.0415668)
(-1.51042 0 -0.0412198)
(-1.52181 0 -0.0408626)
(-1.5331 0 -0.0404952)
(-1.54428 0 -0.0401176)
(-1.55536 0 -0.0397297)
(-1.56633 0 -0.0393315)
(-1.57719 0 -0.038923)
(-1.58794 0 -0.038504)
(-1.59856 0 -0.0380747)
(-1.60907 0 -0.0376349)
(-1.61946 0 -0.0371846)
(-1.62971 0 -0.0367238)
(-1.63984 0 -0.0362525)
(-1.64984 0 -0.0357705)
(-1.65971 0 -0.0352778)
(-1.66943 0 -0.0347744)
(-1.67902 0 -0.0342603)
(-1.68846 0 -0.0337353)
(-1.69775 0 -0.0331995)
(-1.7069 0 -0.0326527)
(-1.71589 0 -0.0320949)
(-1.72473 0 -0.0315261)
(-1.7334 0 -0.0309461)
(-1.74192 0 -0.030355)
(-1.75027 0 -0.0297526)
(-1.75845 0 -0.0291389)
(-1.76646 0 -0.0285138)
(-1.7743 0 -0.0278772)
(-1.78196 0 -0.0272291)
(-1.78944 0 -0.0265694)
(-1.79673 0 -0.0258981)
(-1.80383 0 -0.025215)
(-1.81075 0 -0.02452)
(-1.81747 0 -0.0238133)
(-1.82399 0 -0.0230945)
(-1.83031 0 -0.0223638)
(-1.83643 0 -0.0216211)
(-1.84234 0 -0.0208662)
(-1.84804 0 -0.0200992)
(-1.85353 0 -0.01932)
(-1.8588 0 -0.0185286)
(-1.86384 0 -0.0177249)
(-1.86867 0 -0.0169089)
(-1.87326 0 -0.0160807)
(-1.87762 0 -0.0152401)
(-1.88175 0 -0.0143873)
(-1.88564 0 -0.0135222)
(-1.88929 0 -0.0126448)
(-1.89269 0 -0.0117552)
(-1.89585 0 -0.0108534)
(-1.89875 0 -0.00993955)
(-1.9014 0 -0.00901364)
(-1.90379 0 -0.00807576)
(-1.90591 0 -0.00712603)
(-1.90778 0 -0.00616455)
(-1.90937 0 -0.00519144)
(-1.91069 0 -0.00420683)
(-1.91173 0 -0.00321087)
(-1.9125 0 -0.00220372)
(-1.91299 0 -0.00118553)
(-1.91319 0 -0.000156472)
(-1.91311 0 0.000883294)
(-1.91273 0 0.0019336)
(-1.91206 0 0.00299419)
(-1.9111 0 0.00406477)
(-1.90983 0 0.00514498)
(-1.90827 0 0.00623442)
(-1.9064 0 0.00733266)
(-1.90422 0 0.00843922)
(-1.90174 0 0.0095536)
(-1.89894 0 0.0106753)
(-1.89584 0 0.0118037)
(-1.89242 0 0.0129382)
(-1.88868 0 0.0140783)
(-1.88462 0 0.0152232)
(-1.88025 0 0.0163724)
(-1.87555 0 0.0175252)
(-1.87054 0 0.0186807)
(-1.8652 0 0.0198383)
(-1.85954 0 0.0209973)
(-1.85356 0 0.0221569)
(-1.84726 0 0.0233162)
(-1.84063 0 0.0244744)
(-1.83368 0 0.0256309)
(-1.82641 0 0.0267846)
(-1.81882 0 0.0279347)
(-1.81091 0 0.0290804)
(-1.80269 0 0.0302208)
(-1.79414 0 0.031355)
(-1.78529 0 0.0324821)
(-1.77611 0 0.0336012)
(-1.76663 0 0.0347114)
(-1.75685 0 0.0358118)
(-1.74675 0 0.0369014)
(-1.73636 0 0.0379795)
(-1.72567 0 0.039045)
(-1.71468 0 0.0400971)
(-1.7034 0 0.0411349)
(-1.69184 0 0.0421574)
(-1.67999 0 0.043164)
(-1.66786 0 0.0441535)
(-1.65547 0 0.0451254)
(-1.6428 0 0.0460786)
(-1.62987 0 0.0470124)
(-1.61669 0 0.0479259)
(-1.60325 0 0.0488185)
(-1.58957 0 0.0496892)
(-1.57565 0 0.0505371)
(-1.56149 0 0.0513612)
(-1.54718 0 0.0521619)
(-1.53273 0 0.0529387)
(-1.51709 0 0.0536807)
(-0.0049256 0 -0.011829)
(-0.0147733 0 -0.011827)
(-0.0246198 0 -0.0118248)
(-0.0344644 0 -0.0118226)
(-0.0443072 0 -0.0118204)
(-0.0541483 0 -0.0118184)
(-0.0639879 0 -0.0118166)
(-0.0738262 0 -0.0118152)
(-0.0836636 0 -0.0118144)
(-0.0935006 0 -0.0118142)
(-0.103338 0 -0.0118148)
(-0.113176 0 -0.0118164)
(-0.123016 0 -0.0118192)
(-0.132859 0 -0.0118233)
(-0.142707 0 -0.011829)
(-0.152559 0 -0.0118363)
(-0.162419 0 -0.0118455)
(-0.172287 0 -0.0118567)
(-0.182166 0 -0.0118703)
(-0.192057 0 -0.0118863)
(-0.201963 0 -0.0119049)
(-0.211885 0 -0.0119264)
(-0.221827 0 -0.0119509)
(-0.23179 0 -0.0119786)
(-0.241778 0 -0.0120096)
(-0.251793 0 -0.0120442)
(-0.261838 0 -0.0120825)
(-0.271917 0 -0.0121246)
(-0.282033 0 -0.0121706)
(-0.292189 0 -0.0122207)
(-0.302388 0 -0.012275)
(-0.312634 0 -0.0123334)
(-0.322931 0 -0.0123961)
(-0.333281 0 -0.0124631)
(-0.343689 0 -0.0125343)
(-0.354158 0 -0.0126096)
(-0.364691 0 -0.012689)
(-0.375292 0 -0.0127723)
(-0.385963 0 -0.0128594)
(-0.396709 0 -0.01295)
(-0.40753 0 -0.0130438)
(-0.418432 0 -0.0131405)
(-0.429414 0 -0.0132398)
(-0.44048 0 -0.0133412)
(-0.451631 0 -0.0134443)
(-0.462867 0 -0.0135486)
(-0.474191 0 -0.0136537)
(-0.485602 0 -0.0137589)
(-0.497101 0 -0.0138639)
(-0.508686 0 -0.0139682)
(-0.520357 0 -0.0140712)
(-0.532113 0 -0.0141725)
(-0.543952 0 -0.0142718)
(-0.555872 0 -0.0143687)
(-0.567872 0 -0.0144629)
(-0.579949 0 -0.0145542)
(-0.5921 0 -0.0146423)
(-0.604322 0 -0.0147272)
(-0.616614 0 -0.0148088)
(-0.628972 0 -0.014887)
(-0.641394 0 -0.0149618)
(-0.653876 0 -0.0150332)
(-0.666416 0 -0.0151013)
(-0.67901 0 -0.0151661)
(-0.691658 0 -0.0152277)
(-0.704355 0 -0.0152863)
(-0.7171 0 -0.0153418)
(-0.729889 0 -0.0153944)
(-0.742721 0 -0.0154443)
(-0.755593 0 -0.0154914)
(-0.768503 0 -0.0155358)
(-0.781448 0 -0.0155778)
(-0.794428 0 -0.0156172)
(-0.807439 0 -0.0156542)
(-0.82048 0 -0.0156889)
(-0.833549 0 -0.0157212)
(-0.846644 0 -0.0157513)
(-0.859762 0 -0.0157791)
(-0.872903 0 -0.0158047)
(-0.886064 0 -0.0158281)
(-0.899244 0 -0.0158492)
(-0.91244 0 -0.0158682)
(-0.925651 0 -0.0158849)
(-0.938875 0 -0.0158995)
(-0.95211 0 -0.0159117)
(-0.965354 0 -0.0159218)
(-0.978606 0 -0.0159295)
(-0.991863 0 -0.0159349)
(-1.00512 0 -0.015938)
(-1.01839 0 -0.0159388)
(-1.03165 0 -0.0159371)
(-1.04491 0 -0.015933)
(-1.05816 0 -0.0159264)
(-1.07141 0 -0.0159174)
(-1.08465 0 -0.0159057)
(-1.09788 0 -0.0158915)
(-1.1111 0 -0.0158747)
(-1.1243 0 -0.0158552)
(-1.13748 0 -0.015833)
(-1.15064 0 -0.0158081)
(-1.16379 0 -0.0157804)
(-1.1769 0 -0.0157499)
(-1.19 0 -0.0157166)
(-1.20306 0 -0.0156803)
(-1.21609 0 -0.0156412)
(-1.22909 0 -0.0155991)
(-1.24205 0 -0.0155541)
(-1.25497 0 -0.015506)
(-1.26785 0 -0.0154549)
(-1.28069 0 -0.0154008)
(-1.29348 0 -0.0153436)
(-1.30623 0 -0.0152832)
(-1.31892 0 -0.0152197)
(-1.33155 0 -0.0151531)
(-1.34414 0 -0.0150832)
(-1.35666 0 -0.0150102)
(-1.36912 0 -0.0149339)
(-1.38151 0 -0.0148544)
(-1.39384 0 -0.0147717)
(-1.40609 0 -0.0146857)
(-1.41828 0 -0.0145963)
(-1.43039 0 -0.0145037)
(-1.44242 0 -0.0144078)
(-1.45437 0 -0.0143085)
(-1.46623 0 -0.0142059)
(-1.47801 0 -0.0140999)
(-1.4897 0 -0.0139905)
(-1.5013 0 -0.0138778)
(-1.5128 0 -0.0137617)
(-1.5242 0 -0.0136422)
(-1.53551 0 -0.0135192)
(-1.54671 0 -0.0133929)
(-1.5578 0 -0.0132631)
(-1.56879 0 -0.0131298)
(-1.57966 0 -0.0129932)
(-1.59042 0 -0.012853)
(-1.60105 0 -0.0127094)
(-1.61157 0 -0.0125622)
(-1.62197 0 -0.0124116)
(-1.63224 0 -0.0122575)
(-1.64237 0 -0.0120998)
(-1.65238 0 -0.0119386)
(-1.66225 0 -0.0117738)
(-1.67198 0 -0.0116055)
(-1.68157 0 -0.0114335)
(-1.69102 0 -0.011258)
(-1.70032 0 -0.0110788)
(-1.70947 0 -0.010896)
(-1.71846 0 -0.0107095)
(-1.7273 0 -0.0105193)
(-1.73598 0 -0.0103255)
(-1.7445 0 -0.0101279)
(-1.75285 0 -0.00992654)
(-1.76103 0 -0.00972143)
(-1.76904 0 -0.00951253)
(-1.77687 0 -0.00929981)
(-1.78453 0 -0.00908326)
(-1.792 0 -0.00886285)
(-1.79929 0 -0.00863855)
(-1.80639 0 -0.00841035)
(-1.8133 0 -0.00817822)
(-1.82001 0 -0.00794215)
(-1.82653 0 -0.00770211)
(-1.83284 0 -0.00745809)
(-1.83895 0 -0.00721005)
(-1.84485 0 -0.006958)
(-1.85054 0 -0.00670191)
(-1.85602 0 -0.00644177)
(-1.86128 0 -0.00617757)
(-1.86631 0 -0.0059093)
(-1.87112 0 -0.00563695)
(-1.87571 0 -0.00536052)
(-1.88006 0 -0.00508001)
(-1.88417 0 -0.00479542)
(-1.88805 0 -0.00450675)
(-1.89168 0 -0.00421402)
(-1.89507 0 -0.00391723)
(-1.89821 0 -0.00361641)
(-1.9011 0 -0.00331157)
(-1.90373 0 -0.00300274)
(-1.90611 0 -0.00268994)
(-1.90822 0 -0.00237322)
(-1.91007 0 -0.00205259)
(-1.91164 0 -0.00172812)
(-1.91295 0 -0.00139984)
(-1.91398 0 -0.00106781)
(-1.91473 0 -0.000732067)
(-1.9152 0 -0.000392672)
(-1.91539 0 -4.96678e-05)
(-1.91529 0 0.000296902)
(-1.91489 0 0.000646998)
(-1.91421 0 0.00100054)
(-1.91323 0 0.00135743)
(-1.91195 0 0.00171754)
(-1.91037 0 0.00208075)
(-1.90848 0 0.00244689)
(-1.90629 0 0.00281583)
(-1.90379 0 0.00318739)
(-1.90098 0 0.00356138)
(-1.89786 0 0.00393763)
(-1.89443 0 0.00431594)
(-1.89067 0 0.0046961)
(-1.8866 0 0.0050779)
(-1.88221 0 0.00546112)
(-1.8775 0 0.00584552)
(-1.87248 0 0.00623088)
(-1.86712 0 0.00661694)
(-1.86145 0 0.00700346)
(-1.85546 0 0.00739018)
(-1.84914 0 0.00777683)
(-1.8425 0 0.00816315)
(-1.83554 0 0.00854885)
(-1.82826 0 0.00893366)
(-1.82066 0 0.00931729)
(-1.81274 0 0.00969946)
(-1.8045 0 0.0100799)
(-1.79595 0 0.0104582)
(-1.78708 0 0.0108342)
(-1.7779 0 0.0112075)
(-1.76841 0 0.0115779)
(-1.75861 0 0.011945)
(-1.74851 0 0.0123086)
(-1.73811 0 0.0126683)
(-1.72741 0 0.0130238)
(-1.71642 0 0.0133749)
(-1.70513 0 0.0137212)
(-1.69356 0 0.0140624)
(-1.68171 0 0.0143983)
(-1.66958 0 0.0147286)
(-1.65718 0 0.015053)
(-1.64451 0 0.0153712)
(-1.63157 0 0.015683)
(-1.61838 0 0.0159881)
(-1.60494 0 0.0162862)
(-1.59126 0 0.0165771)
(-1.57733 0 0.0168604)
(-1.56317 0 0.0171357)
(-1.54884 0 0.0174039)
(-1.5344 0 0.0176653)
(-1.5188 0 0.0179106)
(-0.134044 0 -0.0556236)
(-0.151501 0 -0.0678196)
(-0.147083 0 -0.0694691)
(-0.130522 0 -0.0643522)
(-0.105022 0 -0.0534654)
(-0.0739112 0 -0.0384923)
(-0.0405666 0 -0.0212283)
(-0.00748497 0 -0.00300997)
(0.0232896 0 0.0149811)
(0.0487427 0 0.030587)
(0.0692672 0 0.0437556)
(0.0842326 0 0.054046)
(0.0936726 0 0.0612907)
(0.0979423 0 0.0655321)
(0.097494 0 0.0669468)
(0.0926022 0 0.0656793)
(0.0837661 0 0.0619392)
(0.0715642 -8.90394e-17 0.0559986)
(0.0566542 9.99401e-17 0.0481928)
(0.0397266 0 0.0388984)
(0.0215589 1.26749e-16 0.028551)
(0.00271997 0 0.0172989)
(-0.015843 0 0.00541892)
(-0.0327976 0 -0.00599777)
(-0.0478421 1.6396e-16 -0.0163651)
(-0.0607324 0 -0.0254299)
(-0.0714035 1.78587e-16 -0.033097)
(-0.0799201 -1.86475e-16 -0.0393602)
(-0.0864458 1.94656e-16 -0.0442966)
(-0.0911792 0 -0.0480263)
(-0.0943065 0 -0.0506786)
(-0.0959757 2.19933e-16 -0.0523671)
(-0.0963089 -2.28209e-16 -0.0531823)
(-0.0954162 0 -0.0532093)
(-0.0933758 -2.45406e-16 -0.0525138)
(-0.0902726 0 -0.0511559)
(-0.0862083 0 -0.0492001)
(-0.0813058 0 -0.0467195)
(-0.0757079 0 -0.0437959)
(-0.0695708 0 -0.0405186)
(-0.0630581 -3.13981e-16 -0.0369808)
(-0.0563337 0 -0.0332763)
(-0.0495545 -3.46693e-16 -0.0294956)
(-0.0428651 0 -0.0257238)
(-0.0363941 -3.85837e-16 -0.0220373)
(-0.0302508 -4.07961e-16 -0.0185028)
(-0.0245231 0 -0.0151755)
(-0.0192771 -4.57273e-16 -0.0120989)
(-0.0145574 0 -0.00930435)
(-0.010388 -5.12633e-16 -0.00681181)
(-0.00677528 0 -0.00463043)
(-0.00370988 0 -0.00276007)
(-0.0011796 0 -0.00119741)
(0.00086898 0 8.61354e-05)
(0.00242696 -6.53097e-16 0.00108025)
(0.00356094 -6.76798e-16 0.00181999)
(0.00429864 0 0.0023222)
(0.00468103 -7.2616e-16 0.00261042)
(0.00474556 0 0.00270571)
(0.00453575 0 0.00263264)
(0.00410041 -8.08086e-16 0.00241872)
(0.00349622 0 0.0020962)
(0.0027868 -8.7699e-16 0.00170164)
(0.00204017 0 0.00127479)
(0.00132379 -9.70817e-16 0.000855826)
(0.000697204 -1.03367e-15 0.000481396)
(0.000205209 -1.1129e-15 0.000180143)
(-0.000130443 -1.21467e-15 -3.22365e-05)
(-0.00031121 -1.34934e-15 -0.000153641)
(-0.000364761 -1.53373e-15 -0.000197846)
(-0.000331484 -1.79393e-15 -0.000187456)
(-0.000255181 -2.1747e-15 -0.000148101)
(-0.000170427 0 -0.000100982)
(-9.78326e-05 -3.65151e-15 -5.9103e-05)
(-4.49706e-05 -4.94083e-15 -2.78977e-05)
(-1.47076e-05 -6.16422e-15 -9.48572e-06)
(-3.25403e-06 -6.21969e-15 -2.20694e-06)
(-1.53077e-07 0 -1.65232e-07)
(-1.01358e-08 0 -1.44396e-08)
(3.9013e-08 -2.39895e-15 2.09699e-08)
(-0.0700921 0 -0.0273246)
(-0.062811 0 -0.0359881)
(-0.049366 9.34919e-18 -0.0391977)
(-0.0289642 6.08624e-18 -0.03587)
(-0.00320942 0 -0.0265177)
(0.0252085 3.94874e-19 -0.0127638)
(0.0535012 0 0.00341925)
(0.0798843 0 0.0205036)
(0.10289 0 0.0372166)
(0.121449 0 0.0522231)
(0.135317 0 0.0647643)
(0.144125 0 0.0743792)
(0.147996 -1.40259e-17 0.0808931)
(0.147257 0 0.0843564)
(0.142095 0 0.0848832)
(0.132929 -2.01251e-17 0.0826969)
(0.120295 0 0.0780269)
(0.104777 2.43713e-17 0.0711618)
(0.0870052 -2.70099e-17 0.0624476)
(0.0676384 0 0.0522679)
(0.0473696 -3.29271e-17 0.041039)
(0.026878 0 0.0290818)
(0.00693601 0 0.016719)
(-0.0118334 0 0.00447679)
(-0.0286318 -9.21578e-17 -0.0068342)
(-0.0432618 0 -0.0169225)
(-0.0556363 -5.20574e-17 -0.0256501)
(-0.0657863 5.52197e-17 -0.0329639)
(-0.0738326 -5.83778e-17 -0.0388996)
(-0.0799369 -6.1667e-17 -0.0435493)
(-0.0842661 0 -0.04703)
(-0.0869793 -1.34991e-16 -0.0494574)
(-0.0881995 -9.67454e-20 -0.0509187)
(-0.0880583 -7.27595e-17 -0.0515061)
(-0.0866681 -5.67092e-20 -0.0512946)
(-0.0841473 -7.7657e-17 -0.0503512)
(-0.0806246 -8.01192e-17 -0.0487454)
(-0.0762422 0 -0.0465546)
(-0.0711534 -8.53666e-17 -0.0438649)
(-0.0655184 -8.82612e-17 -0.0407697)
(-0.0594989 1.97262e-20 -0.0373668)
(-0.0532537 -9.48259e-17 -0.0337549)
(-0.0469327 3.1811e-20 -0.0300301)
(-0.0406734 -1.02673e-16 -0.0262827)
(-0.0345975 3.73449e-20 -0.0225946)
(-0.0288089 3.79201e-20 -0.0190377)
(-0.0233919 -1.1729e-16 -0.0156724)
(-0.0184112 3.55529e-20 -0.0125466)
(-0.0139117 0 -0.009696)
(-0.00992025 2.99107e-20 -0.00714398)
(-0.00644688 -1.42083e-16 -0.00490276)
(-0.00348838 -1.49001e-16 -0.00297479)
(-0.00103314 0 -0.00135727)
(0.000954474 -1.63035e-16 -2.93389e-05)
(0.00247581 1.17389e-20 0.00100958)
(0.00358371 8.59504e-21 0.00178719)
(0.00430495 0 0.00232103)
(0.00467755 3.21039e-21 0.00263463)
(0.00473816 -1.97313e-16 0.00274952)
(0.00452962 0 0.00269068)
(0.00410029 -2.13568e-21 0.00248601)
(0.00350601 -2.20422e-16 0.00216809)
(0.00280904 -3.62636e-21 0.00177376)
(0.00207545 0 0.0013431)
(0.00137036 -3.52249e-21 0.000916815)
(0.000751147 2.70287e-16 0.000532331)
(0.000260967 -2.35686e-21 0.000219356)
(-7.87003e-05 -1.64445e-21 -5.00018e-06)
(-0.000268703 -9.95215e-22 -0.000137503)
(-0.000334154 4.02939e-16 -0.000190528)
(-0.000312916 -1.48261e-22 -0.000186167)
(-0.000246567 5.74211e-16 -0.000150136)
(-0.000168491 -7.29589e-16 -0.000104228)
(-9.92463e-05 1.05245e-22 -6.21571e-05)
(-4.71583e-05 1.32229e-15 -3.00359e-05)
(-1.61983e-05 4.02835e-23 -1.05438e-05)
(-3.80352e-06 1.68834e-15 -2.53875e-06)
(-2.71689e-07 -1.44454e-15 -2.25228e-07)
(-1.364e-08 -1.40106e-15 -1.79101e-08)
(3.83e-08 6.23365e-26 2.04309e-08)
(-0.00877946 0 0.00217988)
(0.00637346 0 -0.00556258)
(0.0229462 -9.54214e-18 -0.00957018)
(0.0448665 -6.09176e-18 -0.00737475)
(0.069736 0 0.000629478)
(0.0951616 -2.03099e-19 0.0129809)
(0.119187 0 0.0279347)
(0.140401 0 0.0439047)
(0.157815 0 0.0595925)
(0.17089 0 0.0737701)
(0.179402 0 0.0855731)
(0.183211 0 0.0945308)
(0.182525 1.50502e-17 0.100452)
(0.177579 0 0.103349)
(0.168609 9.75422e-18 0.103327)
(0.156091 2.15647e-17 0.100579)
(0.140564 0 0.0953222)
(0.122603 0 0.0878386)
(0.102817 0 0.0784651)
(0.0818375 1.62162e-17 0.0675767)
(0.0603197 0 0.0555739)
(0.0389236 0 0.0428136)
(0.0182917 0 0.0296561)
(-0.00109418 0 0.0165209)
(-0.0186377 4.81472e-17 0.00406913)
(-0.0339646 0 -0.00719046)
(-0.0470224 0 -0.0170806)
(-0.0578303 0 -0.02551)
(-0.066492 0 -0.0324834)
(-0.0731525 6.37394e-17 -0.0380748)
(-0.0779701 3.33641e-17 -0.0423949)
(-0.081102 6.94534e-17 -0.0455631)
(-0.0826847 7.19585e-17 -0.0476783)
(-0.0828595 7.43233e-17 -0.0488391)
(-0.0817571 7.65856e-17 -0.0491324)
(-0.0795129 7.87998e-17 -0.0486338)
(-0.0762693 8.10274e-17 -0.0474197)
(-0.0721769 0 -0.0455722)
(-0.0673927 8.57669e-17 -0.0431805)
(-0.0620764 8.83911e-17 -0.0403405)
(-0.0563862 9.125e-17 -0.0371522)
(-0.0504752 9.43854e-17 -0.0337164)
(-0.0444868 9.7833e-17 -0.0301313)
(-0.0385516 1.01623e-16 -0.02649)
(-0.032785 1.05777e-16 -0.0228774)
(-0.0272854 1.10313e-16 -0.0193689)
(-0.0221331 1.15236e-16 -0.0160284)
(-0.0173898 1.20541e-16 -0.0129079)
(-0.0130992 0 -0.0100466)
(-0.00928804 1.32203e-16 -0.00747181)
(-0.00596762 1.38476e-16 -0.00519933)
(-0.00313705 1.44965e-16 -0.00323486)
(-0.000785004 0 -0.00157727)
(0.00111375 1.58206e-16 -0.000211569)
(0.00256856 1.64812e-16 0.00086731)
(0.00362328 1.71403e-16 0.0016817)
(0.00430386 0 0.00224964)
(0.00464657 1.84529e-16 0.00259385)
(0.00468742 1.91127e-16 0.00273571)
(0.00446859 0 0.00269991)
(0.00403782 2.0518e-16 0.00251406)
(0.00344985 2.13087e-16 0.00221039)
(0.00276528 2.22028e-16 0.00182541)
(0.00204788 0 0.00139907)
(0.0013601 2.45073e-16 0.000972172)
(0.000756563 0 0.000582759)
(0.000278078 2.80541e-16 0.000261549)
(-5.51499e-05 3.06421e-16 2.71383e-05)
(-0.000244296 3.41035e-16 -0.00011574)
(-0.00031311 0 -0.00017784)
(-0.000297567 4.55603e-16 -0.000180353)
(-0.00023723 0 -0.000148726)
(-0.000164013 7.0459e-16 -0.000105098)
(-9.78615e-05 9.39148e-16 -6.37674e-05)
(-4.72372e-05 0 -3.14667e-05)
(-1.6591e-05 1.60771e-15 -1.13631e-05)
(-3.99423e-06 0 -2.82147e-06)
(-3.23241e-07 1.40113e-15 -2.85963e-07)
(-1.4516e-08 1.38376e-15 -2.12161e-08)
(3.64157e-08 6.74454e-16 1.85975e-08)
(0.0514354 0 0.0314)
(0.0718922 0 0.0223072)
(0.0906435 3.16121e-18 0.0170223)
(0.113306 2.02008e-18 0.0181685)
(0.136847 0 0.0251859)
(0.159244 0 0.0366173)
(0.17908 0 0.0507533)
(0.195365 0 0.0659808)
(0.207515 0 0.0809665)
(0.215307 0 0.0945133)
(0.218671 0 0.105749)
(0.217661 0 0.114197)
(0.21254 -5.3421e-18 0.119666)
(0.203461 0 0.122099)
(0.190807 -6.83433e-18 0.121622)
(0.17507 -7.6346e-18 0.118392)
(0.156789 0 0.112617)
(0.136529 9.53691e-18 0.10457)
(0.114876 -1.0469e-17 0.0945783)
(0.0924301 -1.12676e-17 0.0830049)
(0.0698098 -1.24612e-17 0.0702351)
(0.0476277 0 0.0566257)
(0.0264341 0 0.0425398)
(0.00665804 0 0.0284043)
(-0.0113272 -3.33928e-17 0.0147689)
(-0.0270596 0 0.00228565)
(-0.0405074 -1.8797e-17 -0.0087926)
(-0.0516875 1.97999e-17 -0.0183443)
(-0.0606962 -2.07729e-17 -0.02635)
(-0.0676696 -2.16444e-17 -0.032871)
(-0.0727616 4.73452e-20 -0.0380162)
(-0.0761289 -2.33826e-17 -0.0419096)
(-0.077921 2.87105e-20 -0.0446638)
(-0.0782845 -2.48219e-17 -0.046384)
(-0.0773646 1.39044e-20 -0.0471684)
(-0.0753088 -2.61368e-17 -0.0471014)
(-0.0722687 -2.67977e-17 -0.0462658)
(-0.0684002 0 -0.044748)
(-0.0638616 -2.82263e-17 -0.0426408)
(-0.058811 -2.90298e-17 -0.0400429)
(-0.0534024 -1.21151e-20 -0.0370562)
(-0.0477832 -3.08897e-17 -0.0337841)
(-0.0420903 -1.52759e-20 -0.0303271)
(-0.0364477 -3.31632e-17 -0.0267811)
(-0.0309647 -1.60818e-20 -0.0232343)
(-0.0257344 -1.57524e-20 -0.0197653)
(-0.0208327 -3.74748e-17 -0.0164416)
(-0.0163183 -1.40043e-20 -0.013319)
(-0.0122329 0 -0.0104407)
(-0.0086026 -1.13337e-20 -0.00783764)
(-0.00543915 -4.48448e-17 -0.00552889)
(-0.00274283 -4.68957e-17 -0.00352339)
(-0.000502805 0 -0.00182193)
(0.00129916 -5.10715e-17 -0.000413685)
(0.00267802 -4.07036e-21 0.000708476)
(0.0036711 -2.87825e-21 0.00156279)
(0.00430356 0 0.00216773)
(0.00461022 -8.83392e-22 0.00254518)
(0.00462643 -6.1441e-17 0.00271633)
(0.0043937 0 0.00270552)
(0.00395904 9.88614e-22 0.00253999)
(0.00337598 -6.83465e-17 0.00225161)
(0.00270337 1.43093e-21 0.00187656)
(0.00200265 0 0.0014547)
(0.00133349 1.29769e-21 0.00102711)
(0.000747662 8.34504e-17 0.000632547)
(0.000283471 8.17351e-22 0.000302905)
(-4.04245e-05 5.48978e-22 5.8353e-05)
(-0.000225788 3.14039e-22 -9.4789e-05)
(-0.000295395 1.243e-16 -0.000165729)
(-0.000283566 2.47812e-23 -0.000174829)
(-0.000227949 1.77428e-16 -0.000147356)
(-0.000158943 -2.25722e-16 -0.000105844)
(-9.57257e-05 -4.27829e-23 -6.52033e-05)
(-4.67175e-05 4.09112e-16 -3.27518e-05)
(-1.66598e-05 -1.48767e-23 -1.21045e-05)
(-4.07668e-06 5.25138e-16 -3.07955e-06)
(-3.54673e-07 -4.49173e-16 -3.43288e-07)
(-1.53818e-08 -4.48472e-16 -2.45639e-08)
(3.41509e-08 -1.09611e-26 1.67837e-08)
(0.11283 0 0.0588621)
(0.138127 0 0.0481736)
(0.158642 0 0.0422001)
(0.181434 0 0.0429886)
(0.203138 0 0.0496876)
(0.222175 0 0.0607552)
(0.237606 0 0.0744586)
(0.248856 0 0.0891791)
(0.255707 0 0.103574)
(0.258191 0 0.11649)
(0.256422 0 0.127092)
(0.250611 0 0.134928)
(0.240991 0 0.139789)
(0.227799 0 0.141622)
(0.211495 0 0.14053)
(0.192586 0 0.136658)
(0.171609 0 0.130213)
(0.149114 -7.57093e-18 0.121462)
(0.125659 8.29815e-18 0.110725)
(0.101811 0 0.0983522)
(0.0781407 9.84503e-18 0.0847157)
(0.0552018 0 0.0701688)
(0.0334681 0 0.0550827)
(0.0133131 0 0.0399017)
(-0.00499542 1.31544e-17 0.0251278)
(-0.0210603 0 0.0114332)
(-0.0348028 1.47029e-17 -0.000807959)
(-0.0462561 -1.54439e-17 -0.0114531)
(-0.0555138 1.61498e-17 -0.0204626)
(-0.0627087 0 -0.0278881)
(-0.0679936 -1.74266e-17 -0.033837)
(-0.0715279 0 -0.0384381)
(-0.0734709 -1.84992e-17 -0.0418141)
(-0.0739766 0 -0.0440786)
(-0.0732021 -1.93936e-17 -0.0453393)
(-0.0713044 0 -0.0456885)
(-0.0684421 0 -0.0452153)
(-0.0647749 0 -0.0440113)
(-0.0604612 0 -0.0421729)
(-0.0556568 0 -0.0398017)
(-0.0505113 -2.24625e-17 -0.0370026)
(-0.0451664 0 -0.0338814)
(-0.0397526 -2.39483e-17 -0.0305415)
(-0.0343877 0 -0.0270816)
(-0.0291753 -2.57752e-17 -0.0235931)
(-0.0242032 -2.6826e-17 -0.0201579)
(-0.0195433 0 -0.0168471)
(-0.015251 -2.92019e-17 -0.0137201)
(-0.0113663 0 -0.0108237)
(-0.00791416 -3.19061e-17 -0.0081921)
(-0.00490661 0 -0.00584772)
(-0.00234466 0 -0.00380234)
(-0.00021827 0 -0.00205857)
(0.00148599 0 -0.000608831)
(0.00278681 -3.93858e-17 0.000554824)
(0.00371632 -4.0888e-17 0.00144767)
(0.00429904 0 0.00208832)
(0.00456845 -4.38593e-17 0.0024979)
(0.00455924 0 0.00269737)
(0.00431222 0 0.00271065)
(0.00387354 -4.85289e-17 0.00256466)
(0.00329547 0 0.00229086)
(0.00263506 -5.2381e-17 0.0019252)
(0.00195136 0 0.00150745)
(0.00130126 -5.77088e-17 0.00107903)
(0.000733729 -6.13422e-17 0.000679427)
(0.000284578 -6.59786e-17 0.000341706)
(-2.9113e-05 -7.20381e-17 8.75411e-05)
(-0.000209723 -8.01654e-17 -7.52402e-05)
(-0.000279189 -9.13391e-17 -0.000154432)
(-0.000270284 -1.07178e-16 -0.000169649)
(-0.000218816 -1.30475e-16 -0.000146016)
(-0.000153697 0 -0.000106463)
(-9.3304e-05 -2.21457e-16 -6.64754e-05)
(-4.59514e-05 -3.00834e-16 -3.39063e-05)
(-1.65898e-05 -3.78707e-16 -1.27768e-05)
(-4.11157e-06 -3.86755e-16 -3.31621e-06)
(-3.77622e-07 0 -3.97278e-07)
(-1.64168e-08 0 -2.80547e-08)
(3.16943e-08 -1.57569e-16 1.50443e-08)
(0.176767 0 0.0845317)
(0.206784 0 0.0731408)
(0.228656 0 0.067406)
(0.25093 0 0.0686174)
(0.270208 0 0.0756211)
(0.285422 0 0.0867576)
(0.296097 0 0.100273)
(0.302074 0 0.114574)
(0.303464 0 0.128352)
(0.300531 0 0.140521)
(0.293573 0 0.15032)
(0.282891 0 0.157352)
(0.26868 -3.93879e-18 0.161372)
(0.251357 0 0.162373)
(0.231409 0 0.160431)
(0.209352 0 0.155696)
(0.185715 0 0.148374)
(0.161027 -6.65155e-18 0.138733)
(0.135815 7.25652e-18 0.127082)
(0.110603 0 0.113764)
(0.0859117 8.53143e-18 0.0991382)
(0.0622299 0 0.0835572)
(0.0399622 0 0.0674041)
(0.0194235 0 0.0511354)
(0.000839151 1.12222e-17 0.0352458)
(-0.0155271 0 0.0203601)
(-0.0295199 1.24605e-17 0.00697501)
(-0.0411989 -1.30356e-17 -0.00474076)
(-0.0506571 0 -0.0147323)
(-0.0580273 -1.40672e-17 -0.0230431)
(-0.0634643 -1.45167e-17 -0.0297792)
(-0.0671321 0 -0.0350739)
(-0.0691984 -1.52806e-17 -0.0390584)
(-0.0698256 0 -0.0418546)
(-0.0691809 -1.59016e-17 -0.0435787)
(-0.0674294 0 -0.0443307)
(-0.0647351 0 -0.0442067)
(-0.06126 0 -0.0433031)
(-0.0571623 0 -0.0417208)
(-0.0525947 -1.76999e-17 -0.0395648)
(-0.0477025 -1.81865e-17 -0.0369432)
(-0.0426218 0 -0.0339643)
(-0.037477 -1.93465e-17 -0.0307347)
(-0.0323801 0 -0.0273559)
(-0.027429 -2.07859e-17 -0.0239224)
(-0.0227068 -2.16164e-17 -0.0205194)
(-0.0182812 0 -0.0172214)
(-0.014205 -2.3495e-17 -0.014091)
(-0.0105159 0 -0.0111783)
(-0.00723825 -2.5629e-17 -0.00852102)
(-0.00438396 0 -0.00614415)
(-0.00195459 0 -0.00406222)
(5.88303e-05 0 -0.00227952)
(0.00166654 0 -0.000791188)
(0.00288946 -3.14852e-17 0.000410783)
(0.00375554 -3.26538e-17 0.00133954)
(0.00428871 0 0.00201362)
(0.00452122 -3.49595e-17 0.00245336)
(0.00448706 0 0.00267946)
(0.00422632 0 0.00271542)
(0.00378421 -3.85874e-17 0.0025878)
(0.00321168 0 0.00232768)
(0.00256387 0 0.00197078)
(0.00189748 -4.34941e-17 0.00155685)
(0.00126665 -4.57936e-17 0.00112761)
(0.000717583 -4.86623e-17 0.000723269)
(0.000283668 -5.23293e-17 0.000377997)
(-1.95484e-05 -5.71282e-17 0.000114873)
(-0.000195026 -6.35724e-17 -5.68694e-05)
(-0.000263917 -7.24436e-17 -0.000143736)
(-0.000257515 -8.50323e-17 -0.000164651)
(-0.000209856 -1.03565e-16 -0.000144616)
(-0.000148404 0 -0.00010692)
(-9.07426e-05 -1.7592e-16 -6.75839e-05)
(-4.50512e-05 -2.38802e-16 -3.49426e-05)
(-1.64403e-05 -3.00716e-16 -1.33902e-05)
(-4.11848e-06 -3.07441e-16 -3.53505e-06)
(-3.9563e-07 0 -4.48567e-07)
(-1.7434e-08 0 -3.16865e-08)
(2.91559e-08 -1.24288e-16 1.33337e-08)
(0.2446 2.20519e-18 0.108953)
(0.279 0 0.0980773)
(0.301625 1.28689e-18 0.0935667)
(0.32261 0 0.0959315)
(0.338767 0 0.103748)
(0.349588 0 0.115253)
(0.355073 0 0.128704)
(0.355461 0 0.142575)
(0.351168 0 0.155631)
(0.342671 0 0.166884)
(0.330424 -2.72424e-18 0.175692)
(0.31469 0 0.181661)
(0.295832 -9.33719e-20 0.18461)
(0.274351 0 0.184524)
(0.250757 -4.51056e-18 0.181488)
(0.225569 -4.98435e-18 0.17566)
(0.199302 0 0.167252)
(0.172456 5.89295e-18 0.156529)
(0.145521 -6.42099e-18 0.143797)
(0.118977 -7.04944e-18 0.129387)
(0.093288 -7.53126e-18 0.11365)
(0.0688765 0 0.0969395)
(0.0460834 0 0.07965)
(0.0251681 0 0.0622464)
(0.00632369 -1.97859e-17 0.0452315)
(-0.0103078 0 0.0291702)
(-0.0245212 -1.09261e-17 0.0146455)
(-0.0363926 1.14063e-17 0.00186894)
(-0.0460174 -1.18807e-17 -0.00909412)
(-0.0535316 -2.86041e-20 -0.0182802)
(-0.0590936 -2.38446e-20 -0.0257946)
(-0.0628733 -1.29305e-17 -0.0317745)
(-0.0650465 -1.56118e-20 -0.0363591)
(-0.0657837 -1.34233e-17 -0.0396783)
(-0.0652609 -8.98297e-21 -0.0418563)
(-0.06365 -1.3876e-17 -0.0430014)
(-0.0611192 -1.41218e-17 -0.0432162)
(-0.057832 0 -0.0426031)
(-0.0539454 -1.47003e-17 -0.0412675)
(-0.0496092 1.6552e-21 -0.0393181)
(-0.0449641 2.90173e-21 -0.0368665)
(-0.0401406 -1.58924e-17 -0.034024)
(-0.0352576 4.59081e-21 -0.0309002)
(-0.0304212 -1.69621e-17 -0.0275996)
(-0.0257242 5.30993e-21 -0.0242196)
(-0.021245 5.35966e-21 -0.0208486)
(-0.0170477 -1.90267e-17 -0.0175642)
(-0.0131822 4.9759e-21 -0.0144323)
(-0.00968439 0 -0.011506)
(-0.0065777 4.14614e-21 -0.00882588)
(-0.00387399 -2.25376e-17 -0.00641973)
(-0.00157519 -2.35e-17 -0.0043045)
(0.000326392 0 -0.00248608)
(0.00183903 -2.54366e-17 -0.000961911)
(0.00298476 1.51582e-21 0.000275513)
(0.00378807 1.05283e-21 0.00123783)
(0.00427234 0 0.00194326)
(0.00446867 2.70052e-22 0.00241141)
(0.00441038 -3.01632e-17 0.00266263)
(0.00413674 0 0.00272001)
(0.00369197 -4.59576e-22 0.00260972)
(0.00312561 -3.33335e-17 0.00236251)
(0.00249089 -3.46536e-17 0.00201385)
(0.00184211 3.62142e-17 0.00160349)
(0.00123069 -5.4946e-22 0.00117345)
(0.000700139 4.04929e-17 0.000764646)
(0.00028151 -3.46482e-22 0.00041228)
(-1.11346e-05 -2.35335e-22 0.000140749)
(-0.000181284 -1.38041e-22 -3.93957e-05)
(-0.000249338 6.02792e-17 -0.000133471)
(-0.000245152 -1.58212e-23 -0.000159756)
(-0.000201053 8.62476e-17 -0.000143136)
(-0.000143098 -1.09908e-16 -0.000107233)
(-8.80909e-05 1.74151e-23 -6.85549e-05)
(-4.40577e-05 1.98902e-16 -3.58834e-05)
(-1.6234e-05 6.56766e-24 -1.39569e-05)
(-4.10504e-06 2.56384e-16 -3.74003e-06)
(-4.10002e-07 -2.19286e-16 -4.9773e-07)
(-1.82718e-08 -2.20992e-16 -3.53492e-08)
(2.65829e-08 5.8716e-27 1.16416e-08)
(0.317497 -1.9537e-18 0.132775)
(0.355594 0 0.123714)
(0.378096 -2.16418e-18 0.121376)
(0.396847 0 0.125529)
(0.409069 0 0.134542)
(0.414846 0 0.146594)
(0.41465 0 0.160004)
(0.409098 0 0.173356)
(0.398878 0 0.185527)
(0.384654 2.18418e-18 0.195669)
(0.366927 5.08325e-18 0.203255)
(0.346006 0 0.207915)
(0.322451 6.68021e-18 0.209531)
(0.296796 0 0.2081)
(0.269566 8.32265e-18 0.203724)
(0.241275 9.17626e-18 0.196576)
(0.212414 0 0.186874)
(0.18345 0 0.174884)
(0.154832 0 0.160905)
(0.126989 1.28758e-17 0.145263)
(0.100327 0 0.128299)
(0.0752031 0 0.110369)
(0.0518983 0 0.0918766)
(0.03062 0 0.0732915)
(0.0115212 1.79831e-17 0.0551259)
(-0.0053268 0 0.0379076)
(-0.0197416 9.93731e-18 0.0222401)
(-0.0317769 1.03418e-17 0.00840678)
(-0.0415411 2.13827e-17 -0.00352213)
(-0.0491744 2.20267e-17 -0.0135774)
(-0.0548408 2.25857e-17 -0.0218641)
(-0.0587165 2.30735e-17 -0.0285232)
(-0.0609851 2.34798e-17 -0.0337014)
(-0.0618251 2.38222e-17 -0.0375365)
(-0.06142 2.41595e-17 -0.0401608)
(-0.059947 2.45128e-17 -0.0416905)
(-0.0575778 2.49012e-17 -0.0422357)
(-0.0544764 0 -0.0419045)
(-0.0507983 2.58457e-17 -0.0408076)
(-0.0466899 2.64269e-17 -0.0390578)
(-0.0422873 2.70941e-17 -0.0367702)
(-0.0377159 2.78552e-17 -0.0340595)
(-0.0330889 2.87164e-17 -0.0310382)
(-0.0285071 2.96821e-17 -0.0278136)
(-0.0240583 3.07549e-17 -0.0244863)
(-0.0198164 3.19347e-17 -0.0211475)
(-0.0158422 3.32187e-17 -0.0178779)
(-0.0121827 3.46004e-17 -0.0147464)
(-0.00887234 0 -0.0118089)
(-0.00593341 3.76118e-17 -0.00910881)
(-0.00337774 3.92093e-17 -0.00667638)
(-0.00120753 4.08422e-17 -0.0045308)
(0.000583512 0 -0.0026796)
(0.00200267 4.4114e-17 -0.00112212)
(0.0030721 4.57361e-17 0.00014822)
(0.00381353 4.73353e-17 0.00114198)
(0.00424978 0 0.00187692)
(0.00441087 5.04791e-17 0.00237189)
(0.00432939 5.2053e-17 0.00264688)
(0.00404379 0 0.00272454)
(0.00359722 5.54511e-17 0.00263067)
(0.00303773 5.74037e-17 0.00239566)
(0.0024166 5.96471e-17 0.00205477)
(0.00178573 0 0.00164776)
(0.00119386 6.55591e-17 0.00121695)
(0.000681841 0 0.000803917)
(0.000278489 7.48554e-17 0.000444854)
(-3.5601e-06 8.17099e-17 0.000165395)
(-0.000168272 9.0935e-17 -2.26714e-05)
(-0.000235309 0 -0.000123557)
(-0.000233126 1.21763e-16 -0.000154935)
(-0.000192389 0 -0.00014158)
(-0.000137791 1.89294e-16 -0.000107416)
(-8.53717e-05 2.52593e-16 -6.94074e-05)
(-4.29919e-05 0 -3.6743e-05)
(-1.59828e-05 4.31516e-16 -1.44843e-05)
(-4.07537e-06 0 -3.93327e-06)
(-4.21399e-07 3.78058e-16 -5.44988e-07)
(-1.8825e-08 3.80492e-16 -3.89374e-08)
(2.39911e-08 1.75839e-16 9.97499e-09)
(0.3964 0 0.156768)
(0.437082 0 0.150793)
(0.458279 9.21722e-19 0.151466)
(0.473675 0 0.157907)
(0.481049 0 0.168359)
(0.481076 0 0.181015)
(0.474687 0 0.194312)
(0.46284 0 0.206985)
(0.446459 0 0.218069)
(0.426333 -2.04108e-18 0.226911)
(0.402871 -2.41264e-18 0.232983)
(0.376696 0 0.236078)
(0.34842 7.77382e-20 0.236092)
(0.318602 0 0.233055)
(0.28777 -3.91055e-18 0.227098)
(0.256423 -4.30263e-18 0.218406)
(0.225021 0 0.207209)
(0.193992 5.18793e-18 0.193773)
(0.16374 -5.61379e-18 0.178392)
(0.134639 -5.99282e-18 0.161384)
(0.107037 -6.50281e-18 0.143085)
(0.0812272 0 0.123852)
(0.0574319 0 0.104094)
(0.0358094 0 0.0842853)
(0.0164683 -1.66609e-17 0.064942)
(-0.000553053 8.78558e-18 0.0465785)
(-0.0151481 -9.14764e-18 0.0297697)
(-0.0273205 2.90626e-20 0.0148817)
(-0.0371995 -9.8208e-18 0.00199148)
(-0.0449306 2.16452e-20 -0.00892764)
(-0.0506841 1.82968e-20 -0.0179811)
(-0.054643 -1.05173e-17 -0.0253135)
(-0.0569986 1.24597e-20 -0.031079)
(-0.0579363 -1.08061e-17 -0.0354232)
(-0.0576464 7.72431e-21 -0.0384863)
(-0.0563103 -1.10738e-17 -0.0403928)
(-0.0541019 -1.12307e-17 -0.0412603)
(-0.0511853 0 -0.0412035)
(-0.0477139 -1.16259e-17 -0.0403381)
(-0.0438307 1.28816e-24 -0.0387816)
(-0.0396673 -9.44724e-22 -0.0366529)
(-0.0353437 -1.24944e-17 -0.0340699)
(-0.030968 -2.29219e-21 -0.0311482)
(-0.0266357 -1.32936e-17 -0.0279981)
(-0.0224298 -2.97425e-21 -0.0247229)
(-0.0184203 -3.09843e-21 -0.0214169)
(-0.0146645 -1.48443e-17 -0.0181635)
(-0.011207 -2.99819e-21 -0.0150343)
(-0.00808037 0 -0.0120882)
(-0.00530619 -2.56051e-21 -0.00937085)
(-0.00289609 -1.74594e-17 -0.00691503)
(-0.000852465 -1.8168e-17 -0.00474191)
(0.000829438 0 -0.00286071)
(0.00215678 -1.95819e-17 -0.00127237)
(0.003151 -9.39914e-22 2.85203e-05)
(0.0038316 -6.39188e-22 0.00105174)
(0.00422088 0 0.00181442)
(0.00434779 -1.2807e-22 0.00233471)
(0.00424421 -2.29932e-17 0.0026322)
(0.00394768 0 0.00272906)
(0.00350021 3.44001e-22 0.00265073)
(0.00294832 4.12952e-22 0.00242726)
(0.00234131 -2.62817e-17 0.0020937)
(0.00172865 2.74443e-17 0.00168984)
(0.00115644 3.83028e-22 0.00125828)
(0.000662963 3.06544e-17 0.000841251)
(0.000274843 2.4088e-22 0.000475864)
(3.36887e-06 1.6441e-22 0.000188923)
(-0.000155849 9.76034e-23 -6.62163e-06)
(-0.000221739 4.56454e-17 -0.000113955)
(-0.00022139 1.28983e-23 -0.000150175)
(-0.00018385 6.54283e-17 -0.000139949)
(-0.00013249 -8.34789e-17 -0.000107482)
(-8.25991e-05 -1.19066e-23 -7.01522e-05)
(-4.18668e-05 1.50969e-16 -3.75295e-05)
(-1.56944e-05 -4.69186e-24 -1.49762e-05)
(-4.03209e-06 1.94937e-16 -4.1159e-06)
(-4.30227e-07 -1.66884e-16 -5.90421e-07)
(-1.90382e-08 -1.67516e-16 -4.23813e-08)
(2.13868e-08 -3.84863e-27 8.33828e-09)
(0.481948 0 0.181838)
(0.523643 0 0.180095)
(0.542068 0 0.184442)
(0.552843 0 0.193493)
(0.554389 0 0.205473)
(0.547945 0 0.218665)
(0.534862 0 0.231682)
(0.516392 0 0.243457)
(0.493631 0 0.253252)
(0.467269 0 0.260483)
(0.437988 0 0.264804)
(0.406534 0 0.266059)
(0.373554 -3.05125e-18 0.264199)
(0.339619 0 0.259304)
(0.30525 0 0.251531)
(0.27092 0 0.241083)
(0.237051 0 0.2282)
(0.204028 -4.8795e-18 0.213147)
(0.172205 5.27534e-18 0.196218)
(0.141901 0 0.177721)
(0.113402 6.10055e-18 0.157987)
(0.0869407 0 0.137375)
(0.0626842 0 0.116296)
(0.0407431 0 0.0952259)
(0.0211829 7.80986e-18 0.0746818)
(0.00401962 -8.21228e-18 0.0551752)
(-0.0107246 0 0.0372348)
(-0.0230081 -8.89349e-18 0.0212938)
(-0.0329786 0 0.0074474)
(-0.0407876 -9.40098e-18 -0.00432978)
(-0.0466127 -9.59152e-18 -0.0141438)
(-0.0506438 0 -0.0221431)
(-0.0530792 -9.87516e-18 -0.0284892)
(-0.0541108 0 -0.0333352)
(-0.0539343 -1.00697e-17 -0.0368294)
(-0.0527346 0 -0.039105)
(-0.0506869 0 -0.0402871)
(-0.0479545 0 -0.0404972)
(-0.0446887 0 -0.0398568)
(-0.0410286 -1.08601e-17 -0.0384879)
(-0.0371013 -1.11139e-17 -0.0365133)
(-0.0330219 0 -0.0340545)
(-0.0288931 -1.17419e-17 -0.03123)
(-0.0248058 0 -0.0281531)
(-0.0208382 -1.25389e-17 -0.02493)
(-0.0170565 -1.30009e-17 -0.0216574)
(-0.0135148 0 -0.0184217)
(-0.0102553 -1.40423e-17 -0.0152969)
(-0.00730908 0 -0.0123446)
(-0.00469676 -1.52109e-17 -0.00961267)
(-0.00242978 0 -0.00713627)
(-0.000510703 0 -0.00493832)
(0.00106358 0 -0.00302987)
(0.00230084 0 -0.00141304)
(0.00322107 -1.83081e-17 -8.38499e-05)
(0.00384205 -1.89095e-17 0.000966895)
(0.00418553 0 0.00175563)
(0.00427945 -2.00882e-17 0.00229978)
(0.00415492 0 0.00261851)
(0.00384853 0 0.00273353)
(0.00340111 -2.19668e-17 0.00266989)
(0.00285759 -2.27146e-17 0.00245733)
(0.00226522 0 0.00213071)
(0.00167107 -2.46139e-17 0.00172981)
(0.00111864 -2.58833e-17 0.00129755)
(0.000643677 -2.74807e-17 0.000876744)
(0.000270722 -2.95365e-17 0.000505397)
(9.77531e-06 -3.22413e-17 0.000211403)
(-0.000143922 -3.5889e-17 8.80081e-06)
(-0.00020857 -4.09327e-17 -0.000104637)
(-0.000209913 -4.81175e-17 -0.000145467)
(-0.000175427 -5.87302e-17 -0.000138247)
(-0.000127197 0 -0.000107436)
(-7.97824e-05 -1.00107e-16 -7.07965e-05)
(-4.06914e-05 -1.35561e-16 -3.82479e-05)
(-1.53739e-05 -1.70914e-16 -1.54352e-05)
(-3.97703e-06 -1.75131e-16 -4.28861e-06)
(-4.36762e-07 0 -6.3407e-07)
(-1.88896e-08 0 -4.56549e-08)
(1.87728e-08 -6.86385e-17 6.73293e-09)
(0.574383 0 0.209004)
(0.615084 0 0.212413)
(0.629039 0 0.220859)
(0.633839 0 0.232637)
(0.628565 0 0.246066)
(0.614956 0 0.259603)
(0.594727 0 0.272091)
(0.569346 0 0.282731)
(0.539858 0 0.290946)
(0.507088 0 0.296298)
(0.471957 0 0.298588)
(0.43525 0 0.297722)
(0.39763 -3.04189e-18 0.293727)
(0.359667 0 0.286731)
(0.321861 0 0.27692)
(0.284648 0 0.264517)
(0.24841 0 0.249768)
(0.213484 -4.74484e-18 0.232944)
(0.180169 5.11123e-18 0.214331)
(0.148729 0 0.194233)
(0.119388 5.87368e-18 0.172976)
(0.0923212 0 0.150916)
(0.0676419 0 0.128467)
(0.0454153 0 0.106103)
(0.0256665 7.44936e-18 0.0843381)
(0.00838792 -7.82012e-18 0.0636859)
(-0.00646297 0 0.0446303)
(-0.0188338 -8.43715e-18 0.0276388)
(-0.0288722 0 0.0128425)
(-0.03674 -8.87661e-18 0.000214095)
(-0.0426219 -9.03424e-18 -0.0103532)
(-0.0467149 0 -0.0190121)
(-0.0492236 -9.25853e-18 -0.025931)
(-0.0503457 0 -0.031271)
(-0.0502813 -9.40049e-18 -0.0351883)
(-0.0492177 0 -0.037825)
(-0.0473306 0 -0.0393141)
(-0.0447821 0 -0.039784)
(-0.0417207 0 -0.0393622)
(-0.0382818 -1.00691e-17 -0.0381755)
(-0.034588 -1.02952e-17 -0.0363507)
(-0.0307493 0 -0.0340129)
(-0.0268636 -1.08598e-17 -0.0312836)
(-0.0230168 0 -0.028279)
(-0.0192831 -1.15802e-17 -0.0251078)
(-0.015725 -1.19982e-17 -0.0218695)
(-0.0123933 0 -0.0186529)
(-0.00932815 -1.29395e-17 -0.0155347)
(-0.00655899 0 -0.0125786)
(-0.00410567 -1.39924e-17 -0.00983485)
(-0.00197939 0 -0.00734064)
(-0.000182866 0 -0.00512051)
(0.00128556 0 -0.00318738)
(0.00243446 0 -0.00154445)
(0.00328202 -1.67581e-17 -0.000189133)
(0.0038447 -1.72915e-17 0.000887261)
(0.00414365 0 0.00170038)
(0.00420584 -1.83356e-17 0.00226697)
(0.00406158 0 0.00260573)
(0.00374646 0 0.0027379)
(0.00330007 -2.00073e-17 0.00268815)
(0.00276567 -2.06775e-17 0.00248589)
(0.00218846 0 0.00216581)
(0.00161313 -2.23891e-17 0.00176771)
(0.00108057 -2.35379e-17 0.00133481)
(0.000624093 -2.49867e-17 0.000910461)
(0.000266222 -2.68542e-17 0.000533514)
(1.57384e-05 -2.93146e-17 0.000232884)
(-0.000132432 -3.2636e-17 2.36287e-05)
(-0.000195761 -3.72328e-17 -9.5586e-05)
(-0.000198673 -4.37868e-17 -0.000140805)
(-0.000167113 -5.34751e-17 -0.000136475)
(-0.000121916 0 -0.000107283)
(-7.69285e-05 -9.12332e-17 -7.13454e-05)
(-3.94722e-05 -1.23478e-16 -3.8902e-05)
(-1.50251e-05 -1.5571e-16 -1.58629e-05)
(-3.91152e-06 -1.59567e-16 -4.45186e-06)
(-4.41214e-07 0 -6.75973e-07)
(-1.83844e-08 0 -4.8753e-08)
(1.61519e-08 -6.20745e-17 5.15899e-09)
(0.673459 0 0.239343)
(0.71081 0 0.248511)
(0.718458 2.5021e-19 0.261195)
(0.715915 0 0.275591)
(0.702876 0 0.290227)
(0.681484 -7.66514e-19 0.3038)
(0.653731 0 0.315466)
(0.621088 0 0.324691)
(0.584578 0 0.330995)
(0.545366 -2.05375e-18 0.33419)
(0.504423 -2.3634e-18 0.334157)
(0.46255 0 0.3309)
(0.420408 -5.79897e-20 0.324522)
(0.37855 0 0.315198)
(0.337442 0 0.303144)
(0.297479 -3.92807e-18 0.288601)
(0.258996 0 0.271825)
(0.222277 4.54513e-18 0.253087)
(0.187566 -4.8927e-18 0.23267)
(0.155071 -5.29092e-18 0.210871)
(0.124957 -5.61504e-18 0.188011)
(0.09734 0 0.164445)
(0.0722852 0 0.140584)
(0.0498136 0 0.116898)
(0.0299125 -1.42348e-17 0.0938989)
(0.0125454 -2.60728e-20 0.0720948)
(-0.00236157 -7.78683e-18 0.0519472)
(-0.0147971 -2.11486e-20 0.0339101)
(-0.0248793 -8.26665e-18 0.0181711)
(-0.0327867 -1.62239e-20 0.00469982)
(-0.0387108 -1.39845e-20 -0.00661214)
(-0.0428556 -8.67677e-18 -0.0159219)
(-0.0454314 -1.00395e-20 -0.0234049)
(-0.0466408 -8.80499e-18 -0.0292304)
(-0.0466871 -6.78599e-21 -0.0335623)
(-0.0457592 -8.92681e-18 -0.0365518)
(-0.0440324 -9.01392e-18 -0.0383402)
(-0.0416673 0 -0.0390631)
(-0.0388092 -9.26562e-18 -0.0388536)
(-0.0355896 -1.29825e-21 -0.037844)
(-0.0321265 -5.81744e-22 -0.036165)
(-0.0285252 -9.8807e-18 -0.0339452)
(-0.0248787 5.02076e-22 -0.0313092)
(-0.0212685 -1.04676e-17 -0.028376)
(-0.0177646 1.15072e-21 -0.0252569)
(-0.0144258 1.32918e-21 -0.0220539)
(-0.0113003 -1.16132e-17 -0.018858)
(-0.00842584 1.44195e-21 -0.0157484)
(-0.00583055 0 -0.0127909)
(-0.00353343 1.30465e-21 -0.010038)
(-0.00154541 -1.35178e-17 -0.00752861)
(0.000130562 -1.40237e-17 -0.00528894)
(0.00149507 0 -0.0033336)
(0.00255732 -1.50232e-17 -0.00166691)
(0.00333365 4.76434e-22 -0.000287557)
(0.00383944 3.05896e-22 0.000812653)
(0.00409522 0 0.00164854)
(0.00412699 1.3116e-23 0.00223618)
(0.00396426 -1.73946e-17 0.00259378)
(0.00364157 0 0.0027421)
(0.00319717 -2.51931e-22 0.00270544)
(0.00267266 -2.86747e-22 0.00251291)
(0.00211114 -1.97449e-17 0.00219901)
(0.0015549 2.05967e-17 0.00180359)
(0.00104231 -2.50679e-22 0.00137009)
(0.000604278 2.29783e-17 0.000942446)
(0.000261403 -1.56864e-22 0.000560258)
(2.13101e-05 -1.07857e-22 0.000253401)
(-0.000121338 -6.51723e-23 3.78859e-05)
(-0.000183284 3.42575e-17 -8.67908e-05)
(-0.000187656 -1.02679e-23 -0.000136187)
(-0.000158903 4.92529e-17 -0.000134636)
(-0.000116649 -6.29603e-17 -0.000107029)
(-7.40425e-05 7.59475e-24 -7.18035e-05)
(-3.8214e-05 1.13775e-16 -3.94948e-05)
(-1.46509e-05 3.19504e-24 -1.62609e-05)
(-3.83663e-06 1.47038e-16 -4.60603e-06)
(-4.43756e-07 -1.26136e-16 -7.16152e-07)
(-1.75441e-08 -1.24987e-16 -5.16824e-08)
(1.35266e-08 2.34959e-27 3.61805e-09)
(0.778384 0 0.273918)
(0.809812 0 0.289064)
(0.809294 -3.77242e-19 0.305813)
(0.798117 0 0.322494)
(0.77648 4.93814e-19 0.337931)
(0.746803 1.55053e-18 0.351154)
(0.711165 0 0.361706)
(0.670827 0 0.369098)
(0.627252 0 0.373207)
(0.581653 4.02616e-18 0.373939)
(0.535015 4.62365e-18 0.371302)
(0.488131 0 0.365401)
(0.441642 5.81226e-18 0.35641)
(0.396067 0 0.344549)
(0.351832 0 0.330066)
(0.309283 7.62827e-18 0.313218)
(0.268702 0 0.29427)
(0.230321 0 0.273494)
(0.194329 0 0.251167)
(0.160874 1.02252e-17 0.227581)
(0.130065 0 0.203051)
(0.101966 0 0.177928)
(0.0765914 0 0.152621)
(0.0539224 6.52932e-18 0.127593)
(0.0339108 1.37177e-17 0.103349)
(0.0164904 1.4368e-17 0.0803908)
(0.00156954 1.49531e-17 0.0591672)
(-0.0109004 1.54454e-17 0.0400987)
(-0.0210014 1.58407e-17 0.0234259)
(-0.0289289 1.61496e-17 0.00912194)
(-0.0348807 1.63808e-17 -0.00292444)
(-0.0390673 1.6552e-17 -0.012875)
(-0.0417038 1.66803e-17 -0.0209123)
(-0.0429971 1.67493e-17 -0.0272137)
(-0.0431526 1.68299e-17 -0.0319511)
(-0.0423596 1.69378e-17 -0.0352851)
(-0.0407928 1.70852e-17 -0.037365)
(-0.0386102 0 -0.0383337)
(-0.0359541 1.75319e-17 -0.0383308)
(-0.0329519 1.78429e-17 -0.0374932)
(-0.0297168 1.82174e-17 -0.0359561)
(-0.0263496 1.8658e-17 -0.0338515)
(-0.0229386 1.9166e-17 -0.0313072)
(-0.0195609 1.97418e-17 -0.0284448)
(-0.0162826 2.03844e-17 -0.0253779)
(-0.0131592 2.10912e-17 -0.0222111)
(-0.010236 2.18577e-17 -0.0190376)
(-0.00754878 2.26773e-17 -0.0159386)
(-0.0051242 0 -0.0129821)
(-0.00298049 2.44376e-17 -0.0102225)
(-0.00112826 2.53548e-17 -0.00770064)
(0.000429186 2.62773e-17 -0.00544399)
(0.00169183 0 -0.00346884)
(0.00266918 2.80935e-17 -0.0017807)
(0.00337579 2.89778e-17 -0.000379336)
(0.00382617 2.98419e-17 0.000742891)
(0.0040402 0 0.00159996)
(0.00404294 3.15302e-17 0.00220728)
(0.00386304 3.23817e-17 0.00258255)
(0.00353394 0 0.00274606)
(0.00309252 3.42634e-17 0.00272173)
(0.00257865 1.76878e-17 0.00253836)
(0.00203333 3.66785e-17 0.00223031)
(0.00149646 0 0.00183743)
(0.0010039 4.01956e-17 0.00140344)
(0.00058428 0 0.000972732)
(0.000256305 4.5846e-17 0.000585661)
(2.65249e-05 5.00543e-17 0.000272982)
(-0.000110614 5.57458e-17 5.15896e-05)
(-0.000171121 0 -7.82427e-05)
(-0.00017685 7.49065e-17 -0.00013161)
(-0.000150794 0 -0.000132732)
(-0.000111397 1.17154e-16 -0.000106677)
(-7.11285e-05 1.56547e-16 -7.21743e-05)
(-3.69209e-05 0 -4.00288e-05)
(-1.42536e-05 2.66963e-16 -1.663e-05)
(-3.75322e-06 0 -4.75137e-06)
(-4.44536e-07 2.34807e-16 -7.54629e-07)
(-1.63992e-08 2.31421e-16 -5.44527e-08)
(1.09013e-08 1.04868e-16 2.11196e-09)
(0.887794 0 0.313683)
(0.910679 0 0.334594)
(0.900247 1.32912e-19 0.354921)
(0.879317 0 0.373332)
(0.848427 -4.7862e-19 0.389051)
(0.810082 -7.83959e-19 0.40158)
(0.765976 0 0.410479)
(0.717892 0 0.415732)
(0.66733 0 0.417316)
(0.615499 -1.98168e-18 0.415288)
(0.563366 -2.27128e-18 0.409785)
(0.511696 0 0.401008)
(0.46109 4.54459e-20 0.389196)
(0.412024 0 0.374615)
(0.364873 0 0.357539)
(0.319931 -3.72154e-18 0.338242)
(0.277426 0 0.316997)
(0.237535 4.36712e-18 0.294075)
(0.20039 -4.67955e-18 0.269749)
(0.166085 -4.96599e-18 0.244304)
(0.134673 -5.3272e-18 0.218048)
(0.106167 0 0.191329)
(0.0805375 0 0.164548)
(0.0577255 -6.30539e-18 0.138163)
(0.0376501 -6.63215e-18 0.112669)
(0.0202173 2.18614e-20 0.0885588)
(0.00531982 -7.21812e-18 0.0662737)
(-0.00714662 1.79767e-20 0.0461942)
(-0.0172418 -7.63169e-18 0.0285987)
(-0.0251694 1.41401e-20 0.0134742)
(-0.0311343 1.23328e-20 0.000705358)
(-0.0353525 -7.94272e-18 -0.00987454)
(-0.038043 9.12685e-21 -0.018455)
(-0.0394168 -8.01771e-18 -0.025222)
(-0.0396795 6.43901e-21 -0.0303554)
(-0.0390205 -8.08967e-18 -0.0340249)
(-0.0376127 -8.15244e-18 -0.0363883)
(-0.0356117 0 -0.037596)
(-0.033156 -8.35267e-18 -0.0377935)
(-0.0303688 1.79201e-21 -0.0371231)
(-0.027359 1.16264e-21 -0.0357242)
(-0.0242225 -8.87258e-18 -0.0337323)
(-0.0210433 1.8173e-22 -0.0312781)
(-0.0178942 -9.37696e-18 -0.0284858)
(-0.0148375 -4.49362e-22 -0.0254715)
(-0.0119255 -6.45842e-22 -0.0223418)
(-0.00920083 -1.03614e-17 -0.0191922)
(-0.00669738 -8.35274e-22 -0.0161059)
(-0.00444035 0 -0.0131528)
(-0.00244725 -8.10443e-22 -0.0103891)
(-0.000728316 -1.19784e-17 -0.00785714)
(0.000712665 -1.24019e-17 -0.00558604)
(0.00187559 0 -0.00359343)
(0.00276982 -1.32329e-17 -0.00188607)
(0.00340832 -2.90189e-22 -0.000464678)
(0.00380485 -1.71685e-22 0.000677805)
(0.00397862 0 0.0015545)
(0.00395375 3.35441e-23 0.00218015)
(0.00375799 -1.51859e-17 0.00257194)
(0.00342365 0 0.0027497)
(0.00298619 2.1552e-22 0.00273695)
(0.0024837 1.65626e-17 0.00256221)
(0.00195508 -1.71659e-17 0.0022597)
(0.00143784 1.78968e-17 0.00186926)
(0.000965399 1.98288e-22 0.00143485)
(0.000564125 1.99546e-17 0.00100134)
(0.000250952 1.23546e-22 0.000609749)
(3.14057e-05 8.53442e-23 0.000291645)
(-0.000100238 5.21497e-23 6.47531e-05)
(-0.000159256 2.97865e-17 -6.9936e-05)
(-0.000166248 9.03313e-24 -0.000127076)
(-0.000142784 4.29164e-17 -0.000130767)
(-0.000106162 -5.49308e-17 -0.000106232)
(-6.81901e-05 -5.93303e-24 -7.24613e-05)
(-3.55961e-05 9.92229e-17 -4.05059e-05)
(-1.38352e-05 -2.59934e-24 -1.69712e-05)
(-3.662e-06 1.28174e-16 -4.8881e-06)
(-4.43681e-07 -1.10124e-16 -7.91412e-07)
(-1.49826e-08 -1.0792e-16 -5.70767e-08)
(8.28124e-09 -1.73796e-27 6.43554e-10)
(0.999768 0 0.359384)
(1.01164 0 0.385403)
(0.989791 0 0.408523)
(0.958254 0 0.427947)
(0.917649 0 0.443452)
(0.869951 0 0.454627)
(0.81733 0 0.46153)
(0.761614 0 0.464275)
(0.704268 0 0.463009)
(0.646466 0 0.457947)
(0.589125 0 0.449344)
(0.532961 0 0.437486)
(0.478524 -2.81835e-18 0.422674)
(0.426236 0 0.405215)
(0.376417 0 0.385408)
(0.329304 0 0.363542)
(0.285072 0 0.339896)
(0.24384 -4.24862e-18 0.314739)
(0.205688 4.55042e-18 0.28834)
(0.170655 0 0.260978)
(0.138742 5.17512e-18 0.232953)
(0.109914 0 0.204607)
(0.0841012 0 0.176335)
(0.0612067 0 0.148584)
(0.0411192 0 0.121839)
(0.0237183 -6.74472e-18 0.0965829)
(0.00887863 0 0.0732476)
(-0.00353819 -7.22643e-18 0.0521864)
(-0.0136049 0 0.0336807)
(-0.021512 -7.52011e-18 0.01775)
(-0.027475 -7.60762e-18 0.00427232)
(-0.0317144 0 -0.00692392)
(-0.0344519 -7.70866e-18 -0.0160352)
(-0.0359024 0 -0.0232566)
(-0.03627 -7.74058e-18 -0.0287757)
(-0.0357435 0 -0.0327716)
(-0.0344936 0 -0.0354104)
(-0.0326726 0 -0.0368499)
(-0.0304155 0 -0.0372419)
(-0.027841 -8.1391e-18 -0.036734)
(-0.0250535 -8.29982e-18 -0.0354697)
(-0.0221444 0 -0.033588)
(-0.0191932 -8.71169e-18 -0.0312224)
(-0.0162687 0 -0.0284996)
(-0.0134296 -9.24321e-18 -0.0255382)
(-0.010725 -9.55122e-18 -0.0224467)
(-0.00819521 0 -0.0193226)
(-0.00587204 -1.02395e-17 -0.016251)
(-0.00377943 0 -0.0133035)
(-0.00193411 -1.09971e-17 -0.010538)
(-0.000345923 0 -0.00799851)
(0.000980717 0 -0.00571547)
(0.00204615 0 -0.00370767)
(0.00285908 0 -0.00198327)
(0.00343115 -1.29152e-17 -0.000543782)
(0.00377545 -1.32756e-17 0.000617224)
(0.00391049 0 0.00151201)
(0.00385946 -1.39789e-17 0.00215467)
(0.00364919 0 0.00256186)
(0.00331079 0 0.00275293)
(0.00287827 -1.51328e-17 0.00275104)
(0.00238789 -1.561e-17 0.00258443)
(0.00187644 0 0.00228714)
(0.00137907 -1.68574e-17 0.00189906)
(0.000926812 -1.77088e-17 0.00146435)
(0.000543831 -1.87915e-17 0.0010283)
(0.000245362 -2.01959e-17 0.00063254)
(3.59673e-05 -2.2055e-17 0.000309408)
(-9.01992e-05 -2.45736e-17 7.73863e-05)
(-0.00014768 -2.80712e-17 -6.18669e-05)
(-0.000155842 -3.30739e-17 -0.000122585)
(-0.000134871 -4.04892e-17 -0.000128744)
(-0.000100947 0 -0.000105698)
(-6.52304e-05 -6.93326e-17 -7.26675e-05)
(-3.42427e-05 -9.36522e-17 -4.0928e-05)
(-1.33975e-05 -1.18112e-16 -1.72854e-05)
(-3.56364e-06 -1.20919e-16 -5.01639e-06)
(-4.41305e-07 0 -8.26515e-07)
(-1.33269e-08 0 -5.95654e-08)
(5.67376e-09 -4.57191e-17 -7.84271e-10)
(1.11189 0 0.411454)
(1.1106 0 0.441509)
(1.07624 1.25251e-20 0.466406)
(1.03355 0 0.486127)
(0.982535 0 0.50064)
(0.925405 0 0.509999)
(0.86443 0 0.514475)
(0.80135 0 0.514347)
(0.737556 0 0.50994)
(0.674143 0 0.501604)
(0.611963 0 0.4897)
(0.551664 0 0.474589)
(0.493734 -2.82684e-18 0.456629)
(0.438535 0 0.436162)
(0.386327 0 0.413512)
(0.337293 0 0.388981)
(0.29155 0 0.362851)
(0.249166 -4.21186e-18 0.33539)
(0.210165 4.50153e-18 0.306862)
(0.174538 0 0.277539)
(0.142236 0 0.247714)
(0.113181 0 0.217722)
(0.0872623 0 0.187948)
(0.0643512 0 0.15883)
(0.044307 0 0.130839)
(0.0269852 -6.59705e-18 0.104446)
(0.0122408 0 0.0800747)
(-8.31723e-05 -7.05076e-18 0.0580597)
(-0.0100952 0 0.0386632)
(-0.0179609 -7.319e-18 0.0219421)
(-0.0239067 -7.394e-18 0.00777126)
(-0.0281566 0 -0.00402684)
(-0.0309344 -7.47276e-18 -0.0136556)
(-0.0324571 0 -0.0213191)
(-0.0329267 -7.48728e-18 -0.0272131)
(-0.0325308 0 -0.0315258)
(-0.0314371 0 -0.0344316)
(-0.0297945 0 -0.0360958)
(-0.0277338 0 -0.0366765)
(-0.0253693 -7.84001e-18 -0.0363264)
(-0.022801 -7.98975e-18 -0.0351931)
(-0.0201157 0 -0.0334191)
(-0.0173887 -8.3761e-18 -0.0311406)
(-0.0146848 0 -0.028487)
(-0.0120593 -8.87621e-18 -0.0255787)
(-0.00955823 -9.16595e-18 -0.0225264)
(-0.00721954 0 -0.0194294)
(-0.00507317 -9.81222e-18 -0.0163744)
(-0.00314181 0 -0.0134347)
(-0.0014414 -1.05207e-17 -0.0106699)
(1.8553e-05 0 -0.0081252)
(0.00123316 0 -0.00583258)
(0.00220331 0 -0.00381186)
(0.00293683 0 -0.00207253)
(0.00344423 -1.22986e-17 -0.000616846)
(0.00373798 -1.26306e-17 0.000560981)
(0.00383587 0 0.00147236)
(0.00376017 -1.32783e-17 0.00213072)
(0.00353674 0 0.0025522)
(0.00319545 0 0.00275568)
(0.00276881 -1.43487e-17 0.00276394)
(0.00229127 -1.4795e-17 0.00260497)
(0.00179745 0 0.00231264)
(0.00132019 -1.59683e-17 0.00192684)
(0.000888158 -1.67725e-17 0.00149194)
(0.000523409 -1.7797e-17 0.00105362)
(0.00023954 -1.91279e-17 0.000654052)
(4.02189e-05 -2.08917e-17 0.000326285)
(-8.04874e-05 -2.32831e-17 8.94973e-05)
(-0.000136385 -2.66065e-17 -5.4033e-05)
(-0.000145629 -3.13636e-17 -0.000118139)
(-0.000127053 -3.8419e-17 -0.000126667)
(-9.57515e-05 0 -0.000105078)
(-6.22524e-05 -6.58471e-17 -7.27956e-05)
(-3.28632e-05 -8.89027e-17 -4.12968e-05)
(-1.29419e-05 -1.12108e-16 -1.7573e-05)
(-3.45867e-06 -1.14713e-16 -5.13639e-06)
(-4.37504e-07 0 -8.59936e-07)
(-1.14627e-08 0 -6.19284e-08)
(3.08669e-09 -4.30785e-17 -2.16747e-09)
(1.22133 -1.15984e-19 0.46992)
(1.20528 0 0.502607)
(1.15778 2.73347e-20 0.528225)
(1.10333 0 0.547312)
(1.04179 -5.31722e-19 0.560189)
(0.975476 -8.24505e-19 0.567227)
(0.906513 0 0.568854)
(0.836503 0 0.565531)
(0.766721 0 0.557732)
(0.698162 0 0.545925)
(0.631588 -2.25427e-18 0.530557)
(0.567573 0 0.512059)
(0.506534 -2.71987e-20 0.490837)
(0.448771 0 0.467265)
(0.394486 0 0.441689)
(0.343802 -3.604e-18 0.414421)
(0.296785 0 0.385747)
(0.25345 4.12369e-18 0.355932)
(0.213773 -4.40565e-18 0.325237)
(0.177695 -4.71919e-18 0.293924)
(0.145125 -5.01159e-18 0.262281)
(0.115943 -5.3084e-18 0.230632)
(0.090003 0 0.199354)
(0.0671457 -5.90201e-18 0.168872)
(0.0472039 -6.18694e-18 0.139646)
(0.0300109 -1.79098e-20 0.112132)
(0.0154022 -6.68847e-18 0.0867412)
(0.00320906 -1.51667e-20 0.0637984)
(-0.00671685 -7.03242e-18 0.0435368)
(-0.0145206 -1.21619e-20 0.0260436)
(-0.0204336 -1.07733e-20 0.0111969)
(-0.024683 -7.23911e-18 -0.00118704)
(-0.0274941 -8.27753e-21 -0.0113188)
(-0.0290839 -7.26173e-18 -0.0194113)
(-0.0296524 -6.12399e-21 -0.0256687)
(-0.0293847 -7.28351e-18 -0.0302881)
(-0.0284452 -7.32171e-18 -0.0334524)
(-0.0269788 0 -0.0353342)
(-0.0251119 -7.46969e-18 -0.0360976)
(-0.0229546 -2.26187e-21 -0.0359006)
(-0.0206022 -1.71571e-21 -0.0348949)
(-0.018137 -7.89255e-18 -0.0332262)
(-0.0156303 -8.36456e-22 -0.0310336)
(-0.013143 -8.31265e-18 -0.0284486)
(-0.010727 -2.27973e-22 -0.0255938)
(-0.00842556 -1.73343e-23 -0.0225816)
(-0.00627423 -9.13206e-18 -0.0195131)
(-0.00430119 2.40354e-22 -0.0164766)
(-0.00252788 0 -0.013547)
(-0.000969464 3.1982e-22 -0.0107852)
(0.000364797 -1.04524e-17 -0.00823759)
(0.00146982 -1.07912e-17 -0.00593769)
(0.00234692 0 -0.00390629)
(0.00300298 -1.14501e-17 -0.00215411)
(0.00344753 1.02132e-22 -0.000684064)
(0.00369245 3.59058e-23 0.000508911)
(0.00375482 0 0.00143539)
(0.00365595 -8.10061e-23 0.00210818)
(0.00342071 -1.29786e-17 0.00254286)
(0.00307772 0 0.00275786)
(0.00265791 -1.79266e-22 0.0027756)
(0.00219389 1.409e-17 0.00262378)
(0.00171815 -1.45895e-17 0.00233615)
(0.00126121 1.51996e-17 0.00195259)
(0.000849444 -1.46199e-22 0.00151763)
(0.000502861 1.69377e-17 0.0010773)
(0.000233493 -9.03768e-23 0.000674299)
(4.41658e-05 -6.28466e-23 0.000342286)
(-7.10969e-05 -3.90156e-23 0.000101092)
(-0.000125367 2.53436e-17 -4.64327e-05)
(-0.000135607 -7.5967e-24 -0.000113739)
(-0.00011933 3.66363e-17 -0.00012454)
(-9.05786e-05 -4.69822e-17 -0.000104375)
(-5.92588e-05 4.33318e-24 -7.28484e-05)
(-3.146e-05 8.48137e-17 -4.16137e-05)
(-1.24699e-05 2.00368e-24 -1.78348e-05)
(-3.34762e-06 1.09352e-16 -5.24822e-06)
(-4.32365e-07 -9.41696e-17 -8.9168e-07)
(-9.41789e-09 -9.06221e-17 -6.41734e-08)
(5.29009e-10 1.10493e-27 -3.50227e-09)
(1.32501 1.58212e-19 0.534335)
(1.29328 0 0.568118)
(1.23224 -1.36053e-19 0.593325)
(1.16592 0 0.610882)
(1.09425 5.19195e-19 0.621523)
(1.01927 1.58909e-18 0.625745)
(0.942888 0 0.62416)
(0.86654 0 0.617379)
(0.79135 0 0.605993)
(0.718198 0 0.590563)
(0.647747 4.44326e-18 0.571615)
(0.580487 0 0.549635)
(0.516767 5.51992e-18 0.525073)
(0.456821 0 0.498332)
(0.400792 0 0.469775)
(0.348751 7.10409e-18 0.439724)
(0.300712 0 0.408468)
(0.256641 0 0.376271)
(0.21647 0 0.343386)
(0.180094 9.28076e-18 0.310069)
(0.147384 9.8494e-18 0.2766)
(0.118181 1.04259e-17 0.243295)
(0.0923085 0 0.210519)
(0.0695791 1.1576e-17 0.178685)
(0.0498016 1.21261e-17 0.148239)
(0.0327887 1.26371e-17 0.119622)
(0.0183583 1.30891e-17 0.0932329)
(0.00633004 1.34644e-17 0.0693869)
(-0.00347326 1.37454e-17 0.0482926)
(-0.0111952 1.39344e-17 0.0300473)
(-0.0170597 1.40519e-17 0.0145441)
(-0.0212977 1.41177e-17 0.0015917)
(-0.0241344 1.41532e-17 -0.00902738)
(-0.025786 1.4144e-17 -0.0175349)
(-0.0264497 1.41409e-17 -0.0241437)
(-0.0263075 1.4168e-17 -0.0290596)
(-0.0255197 1.42344e-17 -0.0324736)
(-0.024227 0 -0.0345656)
(-0.0225513 1.4508e-17 -0.0355059)
(-0.0205981 1.47216e-17 -0.0354574)
(-0.018458 1.49884e-17 -0.0345757)
(-0.0162091 1.53089e-17 -0.03301)
(-0.0139187 1.56826e-17 -0.0309019)
(-0.0116439 1.61081e-17 -0.0283851)
(-0.00943326 1.6583e-17 -0.0255841)
(-0.00732746 1.71035e-17 -0.022613)
(-0.00535971 1.76643e-17 -0.0195745)
(-0.00355647 1.82586e-17 -0.0165584)
(-0.00193798 0 -0.0136409)
(-0.000518593 1.95136e-17 -0.0108842)
(0.000692543 2.01533e-17 -0.00833611)
(0.00169056 2.07877e-17 -0.00603115)
(0.00247687 0 -0.00399125)
(0.00305747 2.20173e-17 -0.00222821)
(0.00344105 2.26052e-17 -0.000745628)
(0.00363891 2.31757e-17 0.000460851)
(0.00366741 0 0.00140098)
(0.00354689 2.42888e-17 0.00208693)
(0.00330122 2.48593e-17 0.00253375)
(0.00295767 0 0.00275939)
(0.00254562 2.61582e-17 0.00278595)
(0.0020958 0 0.00264084)
(0.00163855 2.78981e-17 0.00235766)
(0.00120214 0 0.0019763)
(0.000810677 3.05161e-17 0.00154143)
(0.00048219 0 0.00109937)
(0.00022722 3.4805e-17 0.000693292)
(4.78104e-05 3.80271e-17 0.000357422)
(-6.20238e-05 4.24022e-17 0.000112177)
(-0.000114621 0 -3.90653e-05)
(-0.000125771 5.72184e-17 -0.000109389)
(-0.000111703 0 -0.000122366)
(-8.54298e-05 9.00501e-17 -0.000103594)
(-5.62522e-05 1.20489e-16 -7.28283e-05)
(-3.00353e-05 0 -4.18802e-05)
(-1.19826e-05 2.0486e-16 -1.80713e-05)
(-3.23095e-06 0 -5.35198e-06)
(-4.25964e-07 1.80426e-16 -9.21743e-07)
(-7.21738e-09 1.72547e-16 -6.63075e-08)
(-1.9899e-09 7.75867e-17 -4.78465e-09)
(1.41978 -4.4779e-20 0.603787)
(1.37208 0 0.637275)
(1.29743 -9.42145e-20 0.660783)
(1.21991 0 0.676106)
(1.13887 0 0.683933)
(1.05599 -7.67444e-19 0.684931)
(0.972962 0 0.679855)
(0.89101 0 0.669422)
(0.8111 0 0.654314)
(0.733986 0 0.635167)
(0.660232 -2.19387e-18 0.612568)
(0.590246 0 0.587055)
(0.524305 1.5813e-20 0.559112)
(0.462582 0 0.52917)
(0.405166 0 0.497607)
(0.352076 -3.5081e-18 0.464754)
(0.303279 0 0.430901)
(0.258698 4.05524e-18 0.396311)
(0.218222 0 0.361231)
(0.181709 2.17222e-20 0.325911)
(0.148991 -4.85004e-18 0.290621)
(0.119879 -5.13058e-18 0.255669)
(0.094167 0 0.221409)
(0.0716426 -5.68883e-18 0.188242)
(0.0520934 -5.95494e-18 0.156595)
(0.0353134 1.61717e-20 0.126898)
(0.0211046 -6.41821e-18 0.0995358)
(0.00927435 1.38666e-20 0.0748118)
(-0.0003696 -6.73141e-18 0.0529198)
(-0.00798904 1.12993e-20 0.0339464)
(-0.013789 1.01062e-20 0.0178075)
(-0.0180043 -6.90087e-18 0.00430563)
(-0.0208588 7.91818e-21 -0.00678403)
(-0.0225667 -6.90656e-18 -0.0156919)
(-0.0233216 5.99591e-21 -0.0226396)
(-0.0233017 -6.91055e-18 -0.0278412)
(-0.0226628 -6.93965e-18 -0.0314959)
(-0.0215409 0 -0.0337907)
(-0.0200533 -7.06698e-18 -0.0349019)
(-0.0183006 2.4678e-21 -0.0349972)
(-0.0163692 1.95855e-21 -0.0342363)
(-0.0143327 -7.44795e-18 -0.0327712)
(-0.0122544 1.12631e-21 -0.0307463)
(-0.0101879 -7.82956e-18 -0.0282972)
(-0.00817856 5.31183e-22 -0.0255503)
(-0.00626438 3.15983e-22 -0.0226213)
(-0.00447639 -8.57095e-18 -0.0196142)
(-0.0028394 3.06932e-23 -0.0166202)
(-0.00137243 0 -0.0137169)
(-8.90757e-05 -9.02201e-23 -0.0109675)
(0.00100159 -9.7477e-18 -0.00842112)
(0.00189523 -1.00458e-17 -0.00611327)
(0.00259304 0 -0.004067)
(0.00310025 -1.06213e-17 -0.00229506)
(0.0034248 -1.38971e-23 -0.000801728)
(0.00357743 2.78932e-23 0.000416638)
(0.00357372 0 0.00136898)
(0.00343311 1.03351e-22 0.00206686)
(0.00317836 -1.19473e-17 0.00252476)
(0.00283541 0 0.0027602)
(0.00243202 1.62446e-22 0.00279492)
(0.00199704 1.29357e-17 0.00265609)
(0.0015587 -1.33865e-17 0.00237715)
(0.001143 1.39415e-17 0.00199797)
(0.000771859 1.2217e-22 0.00156333)
(0.000461393 1.55325e-17 0.00111983)
(0.000220719 7.50611e-23 0.000711042)
(5.11533e-05 5.24151e-23 0.000371701)
(-5.32659e-05 3.28643e-23 0.000122755)
(-0.000104144 2.32838e-17 -3.19305e-05)
(-0.000116122 6.82362e-24 -0.00010509)
(-0.000104172 3.3734e-17 -0.000120148)
(-8.03072e-05 -4.33141e-17 -0.000102738)
(-5.32352e-05 -3.6237e-24 -7.27378e-05)
(-2.85912e-05 7.81591e-17 -4.20975e-05)
(-1.14814e-05 -1.72748e-24 -1.8283e-05)
(-3.10908e-06 1.00578e-16 -5.44778e-06)
(-4.18368e-07 -8.67394e-17 -9.50127e-07)
(-4.88322e-09 -8.24328e-17 -6.83362e-08)
(-4.46011e-09 -8.35045e-28 -6.01108e-09)
(1.50262 0 0.677171)
(1.43881 0 0.708619)
(1.3517 1.85067e-19 0.729642)
(1.26412 0 0.742083)
(1.17476 0 0.746644)
(1.085 0 0.74413)
(0.996261 0 0.73538)
(0.909558 0 0.721184)
(0.825702 0 0.702286)
(0.745323 0 0.679384)
(0.668888 0 0.653115)
(0.596728 0 0.62406)
(0.529054 -2.70579e-18 0.592735)
(0.465981 0 0.559593)
(0.407548 0 0.525027)
(0.353729 0 0.489377)
(0.304449 0 0.452934)
(0.259591 -3.99627e-18 0.415959)
(0.219007 0 0.378695)
(0.182521 -4.52501e-18 0.341386)
(0.149933 0 0.304293)
(0.121026 0 0.267714)
(0.0955701 0 0.231992)
(0.0733298 0 0.197514)
(0.0540743 0 0.164694)
(0.037581 -6.10564e-18 0.133944)
(0.0236375 0 0.105636)
(0.0120396 -6.48434e-18 0.0800627)
(0.00258674 0 0.0574059)
(-0.00490556 -6.69624e-18 0.037734)
(-0.0106256 -6.74323e-18 0.020982)
(-0.0148066 0 0.00695103)
(-0.0176707 -6.77471e-18 -0.00459141)
(-0.019429 0 -0.0138843)
(-0.0202708 -6.75553e-18 -0.0211577)
(-0.0203696 0 -0.026634)
(-0.0198763 0 -0.0305202)
(-0.018922 0 -0.0330103)
(-0.0176191 0 -0.0342864)
(-0.0160634 -7.00137e-18 -0.0345209)
(-0.0143367 -7.12247e-18 -0.0338772)
(-0.0125086 0 -0.0325106)
(-0.0106381 -7.43943e-18 -0.0305675)
(-0.00877562 0 -0.0281857)
(-0.00696339 -7.85069e-18 -0.0254932)
(-0.00523676 -8.08769e-18 -0.0226071)
(-0.00362467 0 -0.0196328)
(-0.00215032 -8.61089e-18 -0.0166626)
(-0.000831535 0 -0.0137754)
(0.000318795 -9.17363e-18 -0.0110355)
(0.00129182 0 -0.00849299)
(0.00208373 0 -0.00618439)
(0.00269538 0 -0.00413382)
(0.00313133 0 -0.00235489)
(0.00339882 -1.05358e-17 -0.000852554)
(0.00350808 -1.07844e-17 0.000376109)
(0.00347388 0 0.00133926)
(0.00331471 -1.12697e-17 0.00204783)
(0.00305224 0 0.00251579)
(0.00271102 0 0.0027602)
(0.00231719 -1.20997e-17 0.00280247)
(0.00189768 -1.24579e-17 0.0026695)
(0.00147862 0 0.0023946)
(0.00108379 -1.34212e-17 0.00201758)
(0.000732989 -1.40917e-17 0.00158334)
(0.000440467 -1.49521e-17 0.0011387)
(0.000213988 -1.60757e-17 0.000727562)
(5.41939e-05 -1.75707e-17 0.00038513)
(-4.48218e-05 -1.96034e-17 0.00013283)
(-9.39361e-05 -2.24359e-17 -2.50285e-05)
(-0.000106657 -2.65006e-17 -0.000100847)
(-9.67368e-05 -3.25418e-17 -0.000117892)
(-7.52128e-05 0 -0.00010181)
(-5.02102e-05 -5.59667e-17 -7.25792e-05)
(-2.71297e-05 -7.54262e-17 -4.22669e-05)
(-1.09672e-05 -9.50098e-17 -1.84704e-05)
(-2.98241e-06 -9.69535e-17 -5.53572e-06)
(-4.0964e-07 0 -9.76826e-07)
(-2.43564e-09 0 -7.02636e-08)
(-6.87186e-09 -3.54739e-17 -7.17776e-09)
(1.5701 0 0.752432)
(1.49159 0 0.780878)
(1.39374 4.80038e-19 0.798742)
(1.29762 0 0.807839)
(1.20128 0 0.808858)
(1.10583 0 0.802677)
(1.01244 0 0.790178)
(0.921935 0 0.77219)
(0.83497 0 0.749507)
(0.75207 0 0.722871)
(0.673612 0 0.692963)
(0.599855 0 0.6604)
(0.530952 -2.68876e-18 0.625727)
(0.46697 0 0.589418)
(0.407901 0 0.551882)
(0.353681 -3.47152e-18 0.513463)
(0.304197 -3.72702e-18 0.474458)
(0.259299 -3.9831e-18 0.435126)
(0.218808 0 0.395706)
(0.182517 -4.50245e-18 0.356434)
(0.1502 0 0.317566)
(0.121616 0 0.279389)
(0.0965126 0 0.242235)
(0.0746369 0 0.206478)
(0.0557413 0 0.172515)
(0.0395887 -6.03605e-18 0.140744)
(0.0259542 0 0.111522)
(0.0146235 -6.39689e-18 0.085129)
(0.00538931 0 0.0617388)
(-0.00194783 -6.59561e-18 0.0414039)
(-0.00757303 -6.63747e-18 0.0240629)
(-0.0117081 0 0.00952431)
(-0.0145736 -6.65936e-18 -0.00245215)
(-0.016376 0 -0.0121139)
(-0.0172999 -6.63364e-18 -0.0196994)
(-0.0175135 0 -0.025439)
(-0.0171623 0 -0.0295474)
(-0.0163721 0 -0.0322252)
(-0.0152502 0 -0.0336601)
(-0.0138876 -6.8581e-18 -0.0340292)
(-0.0123616 -6.97355e-18 -0.0334994)
(-0.0107374 0 -0.0322288)
(-0.00907052 -7.27697e-18 -0.0303663)
(-0.00740768 0 -0.0280513)
(-0.00578825 -7.67104e-18 -0.0254134)
(-0.00424503 -7.89789e-18 -0.0225711)
(-0.00280493 0 -0.0196308)
(-0.00148955 -8.39749e-18 -0.0166862)
(-0.000315545 0 -0.0138171)
(0.000704781 -8.93217e-18 -0.0110886)
(0.00156312 0 -0.00855207)
(0.00225597 0 -0.00624482)
(0.00278385 0 -0.00419197)
(0.00315072 0 -0.00240792)
(0.0033632 -1.02161e-17 -0.000898294)
(0.00343096 -1.04492e-17 0.000339104)
(0.003368 0 0.00131168)
(0.00319182 -1.09045e-17 0.00202975)
(0.00292298 0 0.00250675)
(0.00258459 0 0.00275933)
(0.00220118 -1.16908e-17 0.00280854)
(0.00179775 -1.20332e-17 0.00268104)
(0.00139833 0 0.00240998)
(0.00102453 -1.29588e-17 0.00203514)
(0.000694069 -1.36054e-17 0.00160147)
(0.000419408 -1.44365e-17 0.00115597)
(0.000207024 -1.55232e-17 0.00074286)
(5.69311e-05 -1.69702e-17 0.000397719)
(-3.6691e-05 -1.8939e-17 0.000142407)
(-8.39945e-05 -2.16841e-17 -1.83598e-05)
(-9.73773e-05 -2.56257e-17 -9.66603e-05)
(-8.93991e-05 -3.14865e-17 -0.0001156)
(-7.01486e-05 0 -0.000100814)
(-4.71797e-05 -5.41953e-17 -7.23548e-05)
(-2.56528e-05 -7.30067e-17 -4.23897e-05)
(-1.04412e-05 -9.19252e-17 -1.86339e-05)
(-2.85133e-06 -9.3731e-17 -5.61586e-06)
(-3.99836e-07 0 -1.00184e-06)
(1.07212e-10 0 -7.20927e-08)
(-9.21529e-09 -3.40824e-17 -8.28143e-09)
(1.62027 8.88145e-19 0.827926)
(1.52917 0 0.852584)
(1.42269 2.02174e-19 0.866876)
(1.3198 0 0.872406)
(1.218 0 0.869788)
(1.11818 -4.33458e-19 0.859925)
(1.0213 0 0.843706)
(0.927996 0 0.821986)
(0.838805 0 0.79559)
(0.754155 0 0.765299)
(0.67435 -2.0939e-18 0.731831)
(0.599588 0 0.695835)
(0.529973 -9.3783e-22 0.657884)
(0.465528 0 0.618473)
(0.406209 0 0.578023)
(0.351919 3.43313e-18 0.53689)
(0.302514 3.68514e-18 0.495371)
(0.257816 -1.65198e-20 0.453727)
(0.217619 -4.20874e-18 0.412192)
(0.181693 -1.74067e-20 0.370998)
(0.149789 -4.7251e-18 0.330393)
(0.121645 -4.9858e-18 0.290656)
(0.0969927 0 0.252108)
(0.0755623 -5.49876e-18 0.215106)
(0.0570929 -5.73994e-18 0.180036)
(0.041335 -1.4407e-20 0.147279)
(0.028053 -6.15197e-18 0.117178)
(0.0170239 -1.255e-20 0.0900008)
(0.00803466 -6.42127e-18 0.0659095)
(0.000879282 -1.05194e-20 0.0449479)
(-0.00463443 -9.43801e-21 0.0270453)
(-0.00871226 -6.5485e-18 0.012022)
(-0.0115705 -7.56648e-21 -0.000368803)
(-0.0134106 -6.53635e-18 -0.0103826)
(-0.0144116 -5.87375e-21 -0.0182662)
(-0.0147358 -6.52051e-18 -0.0242574)
(-0.0145227 -6.53931e-18 -0.0285784)
(-0.0138927 0 -0.0314361)
(-0.0129479 -6.64297e-18 -0.0330238)
(-0.0117743 -2.68011e-21 -0.0335228)
(-0.0104446 -2.21005e-21 -0.0331035)
(-0.00902006 -6.97539e-18 -0.0319267)
(-0.00755221 -1.43013e-21 -0.0301434)
(-0.00608457 -7.3123e-18 -0.0278947)
(-0.00465358 -8.53172e-22 -0.0253116)
(-0.00328959 -6.35164e-22 -0.0225139)
(-0.00201751 -7.96304e-18 -0.019609)
(-0.00085737 -3.24401e-22 -0.0166916)
(0.000175273 0 -0.0138422)
(0.00106873 -1.58313e-22 -0.0111273)
(0.0018154 -8.97295e-18 -0.00859873)
(0.0024119 -9.22427e-18 -0.00629489)
(0.00285845 0 -0.0042417)
(0.00315847 -9.70389e-18 -0.00245437)
(0.00331801 -8.38241e-23 -0.000939136)
(0.00334618 -9.85557e-23 0.000305464)
(0.00325619 0 0.00128609)
(0.00306457 -1.27979e-22 0.00201248)
(0.00279068 -1.08014e-17 0.00249754)
(0.00245624 -1.10463e-17 0.00275749)
(0.00208407 -1.43862e-22 0.00281307)
(0.0016973 1.1653e-17 0.00269066)
(0.00131786 -1.20512e-17 0.00242329)
(0.000965229 1.25453e-17 0.00205064)
(0.000655096 -9.59502e-23 0.00161772)
(0.000398212 1.39758e-17 0.00117167)
(0.000199822 -5.83479e-23 0.000756946)
(5.9363e-05 -4.0981e-23 0.000409474)
(-2.88733e-05 -2.60655e-23 0.000151487)
(-7.43187e-05 2.10142e-17 -1.19248e-05)
(-8.82817e-05 -5.85767e-24 -9.25346e-05)
(-8.21598e-05 3.05474e-17 -0.000113276)
(-6.51169e-05 -3.92925e-17 -9.97526e-05)
(-4.41462e-05 2.88117e-24 -7.20668e-05)
(-2.41623e-05 7.08537e-17 -4.2467e-05)
(-9.90449e-06 1.42311e-24 -1.8774e-05)
(-2.71617e-06 9.08512e-17 -5.6883e-06)
(-3.89007e-07 -7.85015e-17 -1.02517e-06)
(2.72885e-09 -7.32218e-17 -7.38263e-08)
(-1.14808e-08 5.89058e-28 -9.31911e-09)
(1.65199 -2.13536e-18 0.901801)
(1.55081 0 0.922272)
(1.43809 -1.56404e-18 0.932893)
(1.33036 0 0.934866)
(1.22474 0 0.928689)
(1.12196 7.35294e-19 0.915259)
(1.02278 0 0.895456)
(0.927706 0 0.870143)
(0.837189 0 0.840174)
(0.751573 0 0.80636)
(0.671103 4.12653e-18 0.769456)
(0.595931 0 0.730141)
(0.526119 2.63564e-18 0.689014)
(0.461659 0 0.646593)
(0.402476 0 0.603314)
(0.348446 0 0.559539)
(0.299402 0 0.515575)
(0.255143 7.84263e-18 0.471679)
(0.215443 8.34575e-18 0.428085)
(0.180051 8.85213e-18 0.385022)
(0.148701 9.36208e-18 0.342729)
(0.121116 9.87346e-18 0.301478)
(0.0970115 0 0.261579)
(0.0761071 1.08758e-17 0.223376)
(0.0581297 1.1345e-17 0.18724)
(0.0428199 1.17727e-17 0.153537)
(0.0299332 1.21422e-17 0.122595)
(0.0192396 1.24397e-17 0.0946685)
(0.0105212 1.26582e-17 0.0699109)
(0.00357009 1.27999e-17 0.0483566)
(-0.00181267 1.28737e-17 0.0299248)
(-0.005822 1.28981e-17 0.0144407)
(-0.00866431 1.28975e-17 0.00165616)
(-0.0105356 1.28698e-17 -0.0086923)
(-0.0116084 1.28357e-17 -0.0168594)
(-0.0120384 1.2832e-17 -0.0230902)
(-0.0119592 1.28659e-17 -0.0276141)
(-0.0114854 0 -0.0306441)
(-0.0107134 1.30636e-17 -0.0323784)
(-0.00972445 1.32313e-17 -0.0330026)
(-0.00858668 1.34454e-17 -0.0326904)
(-0.00735716 1.37054e-17 -0.0316051)
(-0.0060838 1.40098e-17 -0.0298996)
(-0.00480681 1.43562e-17 -0.0277167)
(-0.00355983 1.47413e-17 -0.0251887)
(-0.0023708 1.51608e-17 -0.0224362)
(-0.00126272 1.5609e-17 -0.0195679)
(-0.000254036 1.60789e-17 -0.0166792)
(0.000640681 0 -0.0138514)
(0.00141056 1.70508e-17 -0.0111519)
(0.00204861 1.7537e-17 -0.00863335)
(0.0025515 1.80139e-17 -0.00633489)
(0.0029192 0 -0.00428329)
(0.00315465 1.89205e-17 -0.00249445)
(0.00326337 1.93472e-17 -0.000975265)
(0.00325389 1.97598e-17 0.000275029)
(0.00313862 0 0.00126238)
(0.00293309 2.05677e-17 0.00199593)
(0.00265549 2.0992e-17 0.00248807)
(0.00232605 2.14586e-17 0.00275463)
(0.00196595 2.19921e-17 0.00281601)
(0.00159637 0 0.00269834)
(0.00123723 2.33916e-17 0.00243449)
(0.000905889 0 0.00206408)
(0.000616071 2.55611e-17 0.0016321)
(0.000376874 0 0.0011858)
(0.000192378 2.91746e-17 0.000769831)
(6.1488e-05 3.19082e-17 0.000420402)
(-2.13689e-05 3.56317e-17 0.000160074)
(-6.49082e-05 0 -5.72446e-06)
(-7.93705e-05 4.82994e-17 -8.84726e-05)
(-7.50202e-05 0 -0.000110924)
(-6.01199e-05 7.64694e-17 -9.86293e-05)
(-4.1112e-05 1.02426e-16 -7.17174e-05)
(-2.266e-05 0 -4.24999e-05)
(-9.35795e-06 1.73421e-16 -1.88911e-05)
(-2.5773e-06 0 -5.75311e-06)
(-3.77203e-07 1.52621e-16 -1.0468e-06)
(5.41436e-09 1.41487e-16 -7.54666e-08)
(-1.36591e-08 6.34194e-17 -1.02885e-08)
(1.66483 1.24679e-18 0.972265)
(1.55637 0 0.988593)
(1.43991 -2.57358e-19 0.995747)
(1.32934 0 0.994383)
(1.22155 0 0.984884)
(1.11721 -3.03734e-19 0.968125)
(1.01693 0 0.944964)
(0.921131 0 0.916272)
(0.830183 0 0.882926)
(0.744379 0 0.845771)
(0.663921 -2.03558e-18 0.805594)
(0.588926 0 0.763108)
(0.519428 2.60374e-18 0.71894)
(0.455393 2.87983e-18 0.673628)
(0.396726 3.14543e-18 0.627624)
(0.343282 3.40342e-18 0.581303)
(0.294877 3.65651e-18 0.534977)
(0.251294 1.35317e-20 0.488906)
(0.212289 -4.14223e-18 0.443323)
(0.177599 1.53664e-20 0.398453)
(0.146944 -4.64289e-18 0.354531)
(0.120033 -4.89391e-18 0.311821)
(0.0965736 0 0.27062)
(0.0762744 -5.38397e-18 0.231264)
(0.0588538 -5.61228e-18 0.194108)
(0.0440445 1.36206e-20 0.159501)
(0.0315948 -5.99811e-18 0.127759)
(0.0212696 1.19758e-20 0.0991233)
(0.0128478 -6.24552e-18 0.0737358)
(0.00612062 1.01841e-20 0.0516227)
(0.000888622 9.21961e-21 0.0326967)
(-0.00304007 -6.3594e-18 0.0167771)
(-0.00585792 7.40954e-21 0.00362033)
(-0.00775355 -6.34416e-18 -0.00704478)
(-0.00889247 5.82001e-21 -0.0154805)
(-0.00942359 -6.32294e-18 -0.0219388)
(-0.00947376 -6.33848e-18 -0.0266556)
(-0.00915153 0 -0.0298498)
(-0.00854793 -6.43328e-18 -0.0317246)
(-0.00773912 2.77756e-21 -0.0324694)
(-0.00678861 2.32681e-21 -0.0322608)
(-0.00574942 -6.74393e-18 -0.0312646)
(-0.00466583 1.57389e-21 -0.0296356)
(-0.00357486 -7.05887e-18 -0.027518)
(-0.00250738 1.00792e-21 -0.0250451)
(-0.00148901 7.89628e-22 -0.0223387)
(-0.000540812 -7.66293e-18 -0.0195081)
(0.000320213 4.72981e-22 -0.0166495)
(0.00108053 0 -0.0138452)
(0.00173021 2.77936e-22 -0.0111629)
(0.00226271 -8.58481e-18 -0.00865627)
(0.00267478 -8.8114e-18 -0.00636513)
(0.00296617 0 -0.00431697)
(0.00313937 -9.24054e-18 -0.00252837)
(0.0031994 1.32736e-22 -0.00100687)
(0.00315423 1.33861e-22 0.000247642)
(0.00301543 0 0.00124039)
(0.00279754 -1.00185e-17 0.00197997)
(0.00251751 1.41361e-22 0.00247826)
(0.00219414 -1.04431e-17 0.00275068)
(0.00184687 1.34458e-22 0.00281731)
(0.00149503 1.10036e-17 0.00270405)
(0.00115647 -1.13751e-17 0.00244359)
(0.000846524 1.18392e-17 0.00207545)
(0.000576994 8.29761e-23 0.00164461)
(0.000355391 1.31902e-17 0.00119838)
(0.000184689 5.00848e-23 0.000781525)
(6.33046e-05 3.5304e-23 0.00043051)
(-1.41777e-05 2.26565e-23 0.000168171)
(-5.57625e-05 1.98756e-17 2.40485e-07)
(-7.06438e-05 5.31462e-24 -8.44773e-05)
(-6.79816e-05 2.89551e-17 -0.000108548)
(-5.516e-05 -3.72861e-17 -9.74474e-05)
(-3.80797e-05 -2.5296e-24 -7.13087e-05)
(-2.11478e-05 6.72016e-17 -4.24897e-05)
(-8.80259e-06 -1.26962e-24 -1.89857e-05)
(-2.43502e-06 8.59343e-17 -5.81038e-06)
(-3.64471e-07 -7.43342e-17 -1.06675e-06)
(8.14964e-09 -6.84964e-17 -7.70146e-08)
(-1.57413e-08 -4.95791e-28 -1.11871e-08)
(1.6591 0 1.03775)
(1.54622 0 1.05038)
(1.42849 1.13841e-18 1.05453)
(1.31702 0 1.05023)
(1.20869 0 1.03779)
(1.10416 0 1.01804)
(1.00396 0 0.991823)
(0.908433 0 0.960026)
(0.817922 0 0.923552)
(0.732685 0 0.883278)
(0.652897 0 0.840028)
(0.57865 0 0.79455)
(0.509963 -2.58507e-18 0.747498)
(0.446783 -2.85891e-18 0.699436)
(0.389002 -3.12222e-18 0.650835)
(0.336463 -3.37783e-18 0.602081)
(0.288968 -3.62839e-18 0.553493)
(0.246291 -3.8762e-18 0.505336)
(0.208177 0 0.457845)
(0.174352 -4.37005e-18 0.411242)
(0.144528 0 0.365758)
(0.118406 0 0.32165)
(0.0956862 0 0.279206)
(0.0760698 0 0.23875)
(0.0592692 0 0.200622)
(0.0450111 -5.76614e-18 0.165159)
(0.033039 0 0.132661)
(0.023114 -6.07539e-18 0.103357)
(0.0150135 0 0.0773781)
(0.00852931 -6.23818e-18 0.0547415)
(0.00346466 -6.27109e-18 0.0353537)
(-0.000369098 0 0.0190286)
(-0.00315376 -6.27927e-18 0.00552141)
(-0.00506679 0 -0.00544181)
(-0.0062661 -6.24664e-18 -0.0141308)
(-0.00689311 0 -0.0208041)
(-0.00706786 0 -0.0257039)
(-0.0068926 0 -0.0290544)
(-0.00645269 0 -0.0310634)
(-0.00581922 -6.4257e-18 -0.0319239)
(-0.00505115 -6.52614e-18 -0.0318156)
(-0.00419745 0 -0.0309062)
(-0.00329882 -6.79103e-18 -0.0293523)
(-0.00238915 0 -0.0272994)
(-0.00149659 -7.13326e-18 -0.0248818)
(-0.000644476 -7.3286e-18 -0.022222)
(0.000147975 0 -0.0194302)
(0.000865166 -7.75281e-18 -0.0166032)
(0.00149476 0 -0.0138239)
(0.00202764 -8.19808e-18 -0.0111607)
(0.0024577 0 -0.00866786)
(0.00278179 0 -0.00638591)
(0.00299943 0 -0.00434301)
(0.00311274 0 -0.00255637)
(0.00312626 -9.23233e-18 -0.00103412)
(0.00304735 -9.41648e-18 0.000223147)
(0.00288678 0 0.00122001)
(0.00265806 0 0.0019645)
(0.00237689 -9.97037e-18 0.00246801)
(0.00206059 0 0.00274556)
(0.00172693 -1.04302e-17 0.00281692)
(0.00139331 -1.07243e-17 0.00270776)
(0.00107561 0 0.00245057)
(0.000787143 -1.1536e-17 0.00208476)
(0.000537866 -1.21105e-17 0.00165527)
(0.00033376 -1.28533e-17 0.0012094)
(0.000176752 -1.38286e-17 0.000792038)
(6.48114e-05 -1.51313e-17 0.000439805)
(-7.2998e-06 -1.69075e-17 0.00017578)
(-4.68811e-05 -1.93893e-17 5.96917e-06)
(-6.2102e-05 -2.29598e-17 -8.05517e-05)
(-6.10455e-05 -2.8277e-17 -0.000106152)
(-5.02395e-05 0 -9.62099e-05)
(-3.50516e-05 -4.88152e-17 -7.08429e-05)
(-1.96274e-05 -6.56452e-17 -4.24373e-05)
(-8.23936e-06 -8.24918e-17 -1.90582e-05)
(-2.28966e-06 -8.38244e-17 -5.86017e-06)
(-3.50856e-07 0 -1.08501e-06)
(1.09219e-08 0 -7.84713e-08)
(-1.7719e-08 -2.97661e-17 -1.20134e-08)
(1.63577 0 1.097)
(1.52122 0 1.10672)
(1.40452 1.70523e-18 1.10852)
(1.29396 0 1.10184)
(1.18661 0 1.08692)
(1.08318 0 1.06459)
(0.984152 0 1.03569)
(0.889853 0 1.00111)
(0.800607 -1.18269e-18 0.961795)
(0.716657 -1.56274e-18 0.918658)
(0.638165 -1.91457e-18 0.872564)
(0.565215 -2.24125e-18 0.824296)
(0.497814 -2.54632e-18 0.774543)
(0.435902 -2.8335e-18 0.723893)
(0.379364 -3.10643e-18 0.672838)
(0.328035 -3.36862e-18 0.621779)
(0.281714 -3.62322e-18 0.571044)
(0.240165 -3.87297e-18 0.520905)
(0.20313 0 0.471597)
(0.17033 -4.36565e-18 0.423344)
(0.14147 0 0.376373)
(0.116248 0 0.330935)
(0.0943593 0 0.287311)
(0.0755008 0 0.245812)
(0.0593812 0 0.206766)
(0.0457233 -5.7311e-18 0.170497)
(0.0342676 0 0.13729)
(0.0247733 -6.02722e-18 0.107362)
(0.0170179 0 0.0808316)
(0.0107951 -6.18029e-18 0.0577083)
(0.00591245 -6.20994e-18 0.0378913)
(0.00218726 0 0.021191)
(-0.000554212 -6.21545e-18 0.00735739)
(-0.00247753 0 -0.00388508)
(-0.00373125 -6.1814e-18 -0.0128118)
(-0.00444878 0 -0.0196873)
(-0.00474306 0 -0.0247598)
(-0.00470982 0 -0.0282585)
(-0.00442869 0 -0.0303955)
(-0.00396561 -6.3498e-18 -0.031367)
(-0.003375 -6.44691e-18 -0.0313554)
(-0.00270183 0 -0.0305305)
(-0.00198324 -6.7034e-18 -0.0290503)
(-0.00125004 0 -0.0270615)
(-0.000527743 -7.03456e-18 -0.0246992)
(0.000162553 -7.22304e-18 -0.0220867)
(0.000803417 0 -0.0193347)
(0.00138074 -7.63138e-18 -0.0165407)
(0.00188334 0 -0.013788)
(0.00230286 -8.05839e-18 -0.0111457)
(0.00263363 0 -0.00866845)
(0.00287259 0 -0.00639752)
(0.00301911 0 -0.00436165)
(0.00307493 0 -0.00257864)
(0.00304411 -9.04192e-18 -0.00105722)
(0.00293345 -9.21637e-18 0.00020139)
(0.00275286 0 0.00120111)
(0.00251481 0 0.00194942)
(0.00223377 -9.74325e-18 0.00245724)
(0.00192553 0 0.00273922)
(0.00160619 -1.01858e-17 0.00281481)
(0.00129127 -1.04707e-17 0.00270944)
(0.00099467 0 0.00245541)
(0.000727757 -1.12607e-17 0.00209201)
(0.000498688 -1.18216e-17 0.00166407)
(0.000311979 -1.25477e-17 0.00121889)
(0.000168564 -1.35019e-17 0.00080138)
(6.60077e-05 -1.47773e-17 0.000448294)
(-7.34808e-07 -1.65172e-17 0.000182905)
(-3.82635e-05 -1.89493e-17 1.14608e-05)
(-5.37454e-05 -2.24497e-17 -7.66989e-05)
(-5.42136e-05 -2.76643e-17 -0.000103738)
(-4.53608e-05 0 -9.492e-05)
(-3.20302e-05 -4.77893e-17 -7.03219e-05)
(-1.81005e-05 -6.42382e-17 -4.23439e-05)
(-7.66917e-06 -8.06774e-17 -1.91089e-05)
(-2.1415e-06 -8.19081e-17 -5.90258e-06)
(-3.36402e-07 0 -1.10159e-06)
(1.37191e-08 0 -7.98368e-08)
(-1.95843e-08 -2.8922e-17 -1.2766e-08)
(1.59633 3.06701e-18 1.14913)
(1.48258 0 1.15695)
(1.36894 3.06421e-19 1.15718)
(1.26091 0 1.14875)
(1.1559 0 1.13191)
(1.05474 3.09665e-19 1.10748)
(0.957898 0 1.07629)
(0.865705 0 1.03928)
(0.778492 1.17723e-18 0.997441)
(0.696502 1.55525e-18 0.951721)
(0.619898 1.90509e-18 0.903033)
(0.54876 2.22985e-18 0.8522)
(0.483096 5.0512e-18 0.799946)
(0.422844 2.81837e-18 0.746888)
(0.367887 3.08943e-18 0.693538)
(0.318061 3.34967e-18 0.640316)
(0.273163 3.60219e-18 0.587561)
(0.232956 -1.05357e-20 0.535552)
(0.197181 -4.10633e-18 0.48453)
(0.165558 -1.33525e-20 0.434718)
(0.137791 -4.59203e-18 0.386342)
(0.113575 -4.83118e-18 0.339649)
(0.0926053 0 0.294912)
(0.0745769 -5.2899e-18 0.252433)
(0.0591967 -5.49963e-18 0.212527)
(0.0461858 -1.28384e-20 0.175505)
(0.0352835 -5.84696e-18 0.141638)
(0.0262489 -1.13999e-20 0.111131)
(0.018861 -6.0624e-18 0.0840913)
(0.0129172 -9.78146e-21 0.0605189)
(0.00823047 -8.94895e-21 0.0403066)
(0.00462564 -6.1534e-18 0.0232598)
(0.00193793 -7.29666e-21 0.00912578)
(1.21689e-05 -6.13861e-18 -0.00237599)
(-0.00128974 -5.7632e-21 -0.0115246)
(-0.00209219 -6.11125e-18 -0.0185895)
(-0.00250072 -6.12274e-18 -0.0238245)
(-0.00260437 0 -0.0274633)
(-0.00247688 -6.20632e-18 -0.0297218)
(-0.00217906 -2.87738e-21 -0.0307996)
(-0.00176079 -2.44941e-21 -0.0308813)
(-0.00126303 -6.48925e-18 -0.0301384)
(-0.000719457 -1.73052e-21 -0.0287305)
(-0.000157837 -6.77628e-18 -0.026805)
(0.000398911 -1.18297e-21 -0.024498)
(0.000931856 -9.67116e-22 -0.0219334)
(0.0014254 -7.32038e-18 -0.0192223)
(0.0018669 -6.34242e-22 -0.0164626)
(0.00224626 0 -0.0137381)
(0.0025559 -4.14591e-22 -0.0111182)
(0.00279057 -8.13354e-18 -0.00865838)
(0.00294731 -8.32956e-18 -0.00640025)
(0.00302535 0 -0.00437314)
(0.00302609 -8.69689e-18 -0.0025954)
(0.00295315 -1.88854e-22 -0.00107633)
(0.00281272 -1.74181e-22 0.000182218)
(0.00261384 -9.19653e-18 0.00118354)
(0.00236796 -9.36008e-18 0.00193461)
(0.00208827 -1.44385e-22 0.00244587)
(0.00178907 -9.73299e-18 0.0027316)
(0.00148474 -1.23298e-22 0.00281094)
(0.00118896 1.02392e-17 0.00270907)
(0.000913684 -1.05805e-17 0.00245812)
(0.000668379 1.10097e-17 0.0020972)
(0.000459463 -6.81142e-23 0.00167104)
(0.000290046 1.22694e-17 0.00122686)
(0.000160125 -4.0639e-23 0.000809562)
(6.68933e-05 -2.87902e-23 0.000455984)
(5.51786e-06 -1.87073e-23 0.000189547)
(-2.99093e-05 1.85499e-17 1.67146e-05)
(-4.55745e-05 -4.62059e-24 -7.29217e-05)
(-4.74875e-05 2.7109e-17 -0.000101311)
(-4.05264e-05 -3.49634e-17 -9.35806e-05)
(-2.90178e-05 2.1427e-24 -6.97478e-05)
(-1.65689e-05 6.29624e-17 -4.22105e-05)
(-7.09294e-06 1.08911e-24 -1.91384e-05)
(-1.99085e-06 8.01624e-17 -5.93768e-06)
(-3.21151e-07 -6.94343e-17 -1.11649e-06)
(1.65308e-08 -6.28682e-17 -8.11119e-08)
(-2.13299e-08 4.55432e-28 -1.34443e-08)
(1.54262 -6.62802e-18 1.19364)
(1.43176 0 1.20067)
(1.32287 -4.32732e-18 1.20018)
(1.21873 0 1.19068)
(1.11726 0 1.1725)
(1.01941 -7.88789e-19 1.14645)
(0.92565 0 1.11341)
(0.836357 0 1.07435)
(0.751877 0 1.03032)
(0.672466 0 0.982312)
(0.598294 0 0.931297)
(0.529449 0 0.878138)
(0.465941 -4.99796e-18 0.823597)
(0.407716 0 0.768322)
(0.35466 0 0.71285)
(0.306612 0 0.657618)
(0.263373 0 0.60298)
(0.224711 7.69013e-18 0.549224)
(0.190369 8.17944e-18 0.496597)
(0.160067 8.66265e-18 0.445325)
(0.133514 9.14063e-18 0.395634)
(0.110407 9.61166e-18 0.347766)
(0.0904391 0 0.30199)
(0.0733093 1.05105e-17 0.258596)
(0.0587238 1.09192e-17 0.217891)
(0.0464041 1.1284e-17 0.180172)
(0.03609 1.15921e-17 0.145697)
(0.0275423 1.18341e-17 0.114658)
(0.0205432 1.20064e-17 0.0871522)
(0.0148951 1.21132e-17 0.0631695)
(0.0104176 1.21656e-17 0.0425962)
(0.00694414 1.21796e-17 0.0252328)
(0.00431976 1.21728e-17 0.0108232)
(0.0023999 1.21536e-17 -0.000916707)
(0.00105668 1.21133e-17 -0.0102705)
(0.000175177 1.21017e-17 -0.0175118)
(-0.000342095 1.21245e-17 -0.0228988)
(-0.00057725 0 -0.0266694)
(-0.000598094 1.22881e-17 -0.0290432)
(-0.000460234 1.24317e-17 -0.0302224)
(-0.000209025 1.26165e-17 -0.0303938)
(0.000118531 1.28408e-17 -0.0297306)
(0.000492195 1.31026e-17 -0.0283934)
(0.00088719 1.33991e-17 -0.0265307)
(0.00128316 1.37267e-17 -0.0242791)
(0.00166333 1.40804e-17 -0.0217628)
(0.00201391 1.44546e-17 -0.0190934)
(0.00232365 1.48427e-17 -0.0163692)
(0.00258359 0 -0.0136744)
(0.00278686 1.56318e-17 -0.0110787)
(0.00292864 1.60189e-17 -0.00863799)
(0.00300609 1.63934e-17 -0.00639439)
(0.00301833 0 -0.00437772)
(0.00296644 1.70928e-17 -0.00260685)
(0.00285359 1.74182e-17 -0.00109164)
(0.00268535 1.77328e-17 0.00016548)
(0.00246993 1.80424e-17 0.0011672)
(0.00221769 1.83547e-17 0.00191997)
(0.00194055 1.8692e-17 0.00243382)
(0.00165131 1.90721e-17 0.00272263)
(0.00136265 1.95173e-17 0.00280526)
(0.00108642 0 0.00270664)
(0.00083268 2.07212e-17 0.00245869)
(0.000609023 0 0.00210035)
(0.000420195 2.26359e-17 0.00167618)
(0.000267963 0 0.00123332)
(0.000151434 2.5867e-17 0.000816597)
(6.74685e-05 2.83242e-17 0.000462884)
(1.14591e-05 3.16792e-17 0.00019571)
(-2.18177e-05 0 2.17298e-05)
(-3.75895e-05 4.31329e-17 -6.92231e-05)
(-4.08688e-05 0 -9.88745e-05)
(-3.57387e-05 6.86589e-17 -9.21946e-05)
(-2.60169e-05 9.20317e-17 -6.91225e-05)
(-1.50343e-05 0 -4.20381e-05)
(-6.51152e-06 1.55048e-16 -1.91469e-05)
(-1.83799e-06 0 -5.96555e-06)
(-3.05145e-07 1.36156e-16 -1.12971e-06)
(1.93466e-08 1.22587e-16 -8.22958e-08)
(-2.29493e-08 5.48804e-17 -1.40476e-08)
(1.47665 3.57066e-18 1.23037)
(1.37037 0 1.23775)
(1.26756 -3.15112e-19 1.23737)
(1.16842 0 1.22749)
(1.07147 0 1.20853)
(0.977808 -1.72768e-19 1.18137)
(0.887914 -7.54974e-20 1.1469)
(0.80222 0 1.10618)
(0.721098 9.34267e-19 1.06029)
(0.644823 1.3717e-18 1.01031)
(0.573579 1.76931e-18 0.957241)
(0.507465 2.13189e-18 0.902006)
(0.446502 4.94645e-18 0.845403)
(0.390643 2.77211e-18 0.788114)
(0.339783 3.05959e-18 0.730701)
(0.29377 3.33131e-18 0.673622)
(0.252412 3.59115e-18 0.617247)
(0.215484 9.46305e-21 0.561875)
(0.182734 -4.07624e-18 0.50776)
(0.153892 1.26137e-20 0.455133)
(0.128667 -4.55197e-18 0.40422)
(0.106763 -4.78396e-18 0.355263)
(0.0878775 0 0.308524)
(0.0717107 -5.22431e-18 0.264287)
(0.0579719 1.30524e-20 0.222847)
(0.0463847 1.25046e-20 0.184489)
(0.0366914 -5.74921e-18 0.149459)
(0.028656 1.11448e-20 0.117938)
(0.0220655 -5.94845e-18 0.0900102)
(0.0167287 9.60115e-21 0.065657)
(0.012473 8.80275e-21 0.0447575)
(0.00914143 -6.03134e-18 0.0271078)
(0.00658942 7.22548e-21 0.012448)
(0.00468349 -6.02035e-18 0.000490784)
(0.00330602 5.75151e-21 -0.00905123)
(0.0023518 -5.99512e-18 -0.0164553)
(0.00173166 -6.00667e-18 -0.0219837)
(0.0013706 0 -0.0258779)
(0.00120694 -6.08744e-18 -0.0283605)
(0.00119029 2.92324e-21 -0.0296362)
(0.00127983 2.50746e-21 -0.0298938)
(0.00144249 -6.35795e-18 -0.0293079)
(0.00165144 1.80755e-21 -0.02804)
(0.00188486 -6.63047e-18 -0.0262393)
(0.0021249 1.26778e-21 -0.0240428)
(0.00235694 1.05179e-21 -0.0215753)
(0.00256894 -7.14304e-18 -0.0189487)
(0.00275106 7.14728e-22 -0.0162612)
(0.0028954 0 -0.0135975)
(0.00299584 4.8429e-22 -0.0110276)
(0.00304797 -7.89604e-18 -0.00860762)
(0.00304911 -8.0751e-18 -0.00638023)
(0.00299825 0 -0.00437564)
(0.0028962 -8.4084e-18 -0.00261322)
(0.00274565 2.17372e-22 -0.00110332)
(0.00255158 1.94509e-22 0.000151026)
(0.00232132 -8.86026e-18 0.00115196)
(0.00206417 -9.00968e-18 0.00190542)
(0.00179076 1.45489e-22 0.00242101)
(0.00151236 -9.35538e-18 0.00271226)
(0.00124001 1.17243e-22 0.00279774)
(0.000983723 9.83367e-18 0.00270213)
(0.000751689 -1.01591e-17 0.00245711)
(0.000549703 1.05705e-17 0.00210144)
(0.000380891 6.04595e-23 0.00167951)
(0.00024573 1.1783e-17 0.00123828)
(0.000142491 3.57913e-23 0.000822495)
(6.77347e-05 2.54347e-23 0.000469)
(1.70904e-05 1.66525e-23 0.000201398)
(-1.39879e-05 1.78546e-17 2.65059e-05)
(-2.9791e-05 4.22568e-24 -6.56056e-05)
(-3.43592e-05 2.61452e-17 -9.64309e-05)
(-3.10002e-05 -3.37525e-17 -9.0765e-05)
(-2.30298e-05 -1.95017e-24 -6.8448e-05)
(-1.34982e-05 6.07448e-17 -4.18279e-05)
(-5.92581e-06 -9.92826e-25 -1.9135e-05)
(-1.68319e-06 7.71066e-17 -5.98627e-06)
(-2.88425e-07 -6.68337e-17 -1.14127e-06)
(2.21576e-08 -5.98425e-17 -8.33881e-08)
(-2.44363e-08 -4.79866e-28 -1.4576e-08)
(1.40049 0 1.25949)
(1.30005 0 1.26825)
(1.20428 2.647e-18 1.26876)
(1.11097 0 1.25913)
(1.01935 0 1.23996)
(0.930593 6.51971e-19 1.21215)
(0.845226 7.54354e-20 1.17668)
(0.763732 0 1.13467)
(0.686515 -9.32604e-19 1.08727)
(0.613869 -1.3688e-18 1.03561)
(0.545997 -1.76512e-18 0.980777)
(0.48301 -2.12638e-18 0.923721)
(0.424943 -2.45767e-18 0.865288)
(0.371759 -2.764e-18 0.806194)
(0.323366 -3.05013e-18 0.747029)
(0.279624 -3.3204e-18 0.688274)
(0.240351 -3.57865e-18 0.630315)
(0.205333 -3.82807e-18 0.573464)
(0.174327 0 0.517984)
(0.14707 -4.30934e-18 0.464112)
(0.123281 0 0.412078)
(0.102669 0 0.362121)
(0.0849391 0 0.314499)
(0.0697953 0 0.269491)
(0.0569514 -5.3969e-18 0.227383)
(0.046135 -5.56827e-18 0.188447)
(0.0370924 0 0.15292)
(0.0295928 -5.82371e-18 0.120966)
(0.0234292 0 0.0926618)
(0.0184181 -5.95148e-18 0.0679784)
(0.0143961 -5.97518e-18 0.0467883)
(0.0112164 0 0.0288826)
(0.00874552 -5.9783e-18 0.0139983)
(0.00686139 0 0.00184502)
(0.00545667 -5.95266e-18 -0.00786812)
(0.00443625 0 -0.0154214)
(0.00371937 0 -0.0210803)
(0.00323828 0 -0.0250896)
(0.00293753 0 -0.0276745)
(0.002772 -6.10717e-18 -0.0290418)
(0.00270541 -6.19572e-18 -0.0293821)
(0.00270859 0 -0.0288709)
(0.00275813 -6.42797e-18 -0.0276707)
(0.00283509 0 -0.0259313)
(0.00292413 -6.72427e-18 -0.02379)
(0.00301272 -6.89122e-18 -0.0213717)
(0.00309057 0 -0.0187885)
(0.00314923 -7.24841e-18 -0.016139)
(0.00318184 0 -0.0135077)
(0.00318301 -7.61434e-18 -0.0109651)
(0.00314878 0 -0.00856757)
(0.00307659 0 -0.00635803)
(0.00296536 0 -0.00436713)
(0.00281559 0 -0.00261469)
(0.00262958 -8.42912e-18 -0.00111155)
(0.00241163 -8.57181e-18 0.000138711)
(0.00216823 0 0.00113769)
(0.00190759 0 0.00189085)
(0.00163904 -9.01156e-18 0.00240737)
(0.00137236 0 0.00270045)
(0.0011169 -9.39937e-18 0.00278836)
(0.000880911 -9.65526e-18 0.00269552)
(0.000670743 0 0.00245339)
(0.000490437 -1.03775e-17 0.00210051)
(0.000341557 -1.08958e-17 0.00168104)
(0.00022335 -1.15697e-17 0.00124176)
(0.000133299 -1.24581e-17 0.000827269)
(6.76936e-05 -1.36484e-17 0.00047434)
(2.24135e-05 -1.52746e-17 0.000206612)
(-6.41888e-06 -1.75512e-17 3.10425e-05)
(-2.21791e-05 -2.08326e-17 -6.2072e-05)
(-2.79605e-05 -2.57258e-17 -9.3984e-05)
(-2.63134e-05 0 -8.92946e-05)
(-2.00589e-05 -4.45455e-17 -6.77261e-05)
(-1.19624e-05 -5.97784e-17 -4.15808e-05)
(-5.33661e-06 -7.48899e-17 -1.9103e-05)
(-1.5267e-06 -7.57652e-17 -5.99993e-06)
(-2.71033e-07 0 -1.15116e-06)
(2.49554e-08 0 -8.4388e-08)
(-2.57857e-08 -2.61849e-17 -1.50299e-08)
(1.31613 0 1.28137)
(1.2224 0 1.29243)
(1.13429 3.27812e-18 1.29449)
(1.04742 2.47097e-18 1.28569)
(0.961722 1.70152e-18 1.26681)
(0.878439 9.93242e-19 1.2388)
(0.798139 3.46009e-19 1.20272)
(0.721351 0 1.15977)
(0.648505 -7.70976e-19 1.11119)
(0.579918 -1.24779e-18 1.05817)
(0.515806 -1.67705e-18 1.00184)
(0.456297 -2.0647e-18 0.943222)
(0.401438 -2.4168e-18 0.883194)
(0.351208 -2.73927e-18 0.822508)
(0.305528 -3.03761e-18 0.761786)
(0.264271 -3.31681e-18 0.70153)
(0.22727 -3.58123e-18 0.642144)
(0.194322 -3.83449e-18 0.583956)
(0.165197 0 0.52724)
(0.139642 -4.31767e-18 0.472238)
(0.117388 0 0.419185)
(0.0981514 0 0.368321)
(0.081644 0 0.319902)
(0.0675783 0 0.2742)
(0.0556736 -5.38611e-18 0.231492)
(0.0456629 -5.55147e-18 0.192042)
(0.0372984 0 0.156073)
(0.0303558 -5.7959e-18 0.123739)
(0.0246359 0 0.095104)
(0.0199639 -5.91647e-18 0.0701314)
(0.0161866 -5.93824e-18 0.0486864)
(0.0131683 0 0.0305555)
(0.0107869 -5.93976e-18 0.0154726)
(0.00893235 0 0.00314457)
(0.00750734 -5.91495e-18 -0.00672241)
(0.00642735 0 -0.014411)
(0.00562003 0 -0.0201896)
(0.00502501 0 -0.0243055)
(0.00459308 0 -0.0269862)
(0.00428447 -6.06479e-18 -0.0284402)
(0.00406742 -6.15127e-18 -0.0288594)
(0.00391667 0 -0.0284205)
(0.00381216 -6.37791e-18 -0.0272865)
(0.00373786 0 -0.0256075)
(0.00368088 -6.66638e-18 -0.0235211)
(0.00363076 -6.82852e-18 -0.0211524)
(0.00357893 0 -0.0186135)
(0.0035183 -7.17431e-18 -0.016003)
(0.00344307 0 -0.0134055)
(0.00334858 -7.52684e-18 -0.0108917)
(0.00323127 0 -0.00851818)
(0.00308877 0 -0.00632809)
(0.0029199 0 -0.00435244)
(0.00272491 0 -0.00261147)
(0.00250563 -8.30577e-18 -0.0011165)
(0.00226575 -8.44191e-18 0.000128391)
(0.00201088 0 0.00112427)
(0.00174814 0 0.00187616)
(0.00148556 -8.86399e-18 0.00239284)
(0.00123141 0 0.00268715)
(0.000993415 -9.24092e-18 0.00277708)
(0.000778044 -9.4911e-18 0.0026868)
(0.000589875 0 0.00244752)
(0.000431242 -1.02001e-17 0.00209755)
(0.000302203 -1.071e-17 0.00168079)
(0.000200829 -1.13738e-17 0.00124378)
(0.00012386 -1.22494e-17 0.00083093)
(6.73482e-05 -1.34229e-17 0.000478913)
(2.74308e-05 -1.5027e-17 0.000211358)
(8.90677e-07 -1.72732e-17 3.53393e-05)
(-1.47542e-05 -2.05119e-17 -5.86247e-05)
(-2.16742e-05 -2.53422e-17 -9.15367e-05)
(-2.16806e-05 0 -8.7786e-05)
(-1.71065e-05 -4.39038e-17 -6.69588e-05)
(-1.04284e-05 -5.88934e-17 -4.12977e-05)
(-4.74478e-06 -7.37332e-17 -1.90513e-05)
(-1.36879e-06 -7.4531e-17 -6.00661e-06)
(-2.5301e-07 0 -1.15941e-06)
(2.77328e-08 0 -8.52949e-08)
(-2.69928e-08 -2.56277e-17 -1.54102e-08)
(1.22542 0 1.29657)
(1.1389 0 1.31064)
(1.05879 -6.88727e-18 1.31481)
(0.978738 -2.48085e-18 1.30733)
(0.899393 -1.70614e-18 1.28916)
(0.822017 -9.9492e-19 1.26134)
(0.74721 -3.46313e-19 1.22502)
(0.675538 0 1.18147)
(0.607454 7.7078e-19 1.13202)
(0.543288 1.24699e-18 1.07793)
(0.483272 1.67547e-18 1.02039)
(0.427546 2.06226e-18 0.960465)
(0.376171 4.80957e-18 0.899077)
(0.329141 2.73495e-18 0.837016)
(0.286392 3.03225e-18 0.774932)
(0.247813 3.31029e-18 0.713353)
(0.21325 3.57335e-18 0.652703)
(0.182518 -9.0882e-21 0.593325)
(0.155399 -4.07888e-18 0.535503)
(0.131654 -1.22563e-20 0.47949)
(0.111023 -4.54624e-18 0.425525)
(0.0932364 -4.76895e-18 0.37385)
(0.0780138 0 0.32472)
(0.0650761 -5.18231e-18 0.278402)
(0.0541505 -1.2715e-20 0.235166)
(0.044977 -1.21828e-20 0.195266)
(0.0373152 -5.65759e-18 0.158914)
(0.0309488 -1.0875e-20 0.126252)
(0.0256875 -5.83161e-18 0.0973345)
(0.0213668 -9.39591e-21 0.0721142)
(0.0178445 -8.63077e-21 0.0504503)
(0.0149964 -5.90098e-18 0.0321251)
(0.0127127 -7.11693e-21 0.0168694)
(0.0108953 -5.89343e-18 0.00438814)
(0.00945701 -5.70358e-21 -0.00561528)
(0.00832419 -5.87026e-18 -0.0134253)
(0.00743286 -5.88128e-18 -0.0193126)
(0.00673017 0 -0.0235265)
(0.00617315 -5.95781e-18 -0.0262963)
(0.00572739 -2.96776e-21 -0.027832)
(0.00536567 -2.56564e-21 -0.0283265)
(0.00506663 -6.21198e-18 -0.0279573)
(0.00481354 -1.887e-21 -0.0268878)
(0.00459323 -6.46562e-18 -0.0252684)
(0.00439525 -1.35955e-21 -0.0232368)
(0.00421119 -1.14608e-21 -0.0209181)
(0.00403418 -6.9361e-18 -0.0184241)
(0.00385849 -8.06324e-22 -0.0158537)
(0.00367934 0 -0.0132913)
(0.00349279 -5.64478e-22 -0.0108078)
(0.00329573 -7.61022e-18 -0.00845976)
(0.00308593 -7.76742e-18 -0.00629066)
(0.00286217 0 -0.0043318)
(0.00262442 -8.05745e-18 -0.00260378)
(0.00237408 8.19135e-18 -0.00111834)
(0.0021142 -2.17293e-22 0.000119924)
(0.0018495 -8.44984e-18 0.00111161)
(0.00158601 -8.582e-18 0.00186128)
(0.00133046 -1.45909e-22 0.00237734)
(0.00108964 -8.89486e-18 0.00267231)
(0.000869631 -1.09553e-22 0.00276388)
(0.000675181 9.33941e-18 0.00267597)
(0.000509123 -9.64631e-18 0.00243952)
(0.000372139 1.00364e-17 0.00209257)
(0.000262839 -5.14057e-23 0.00167876)
(0.000178172 1.11932e-17 0.00124435)
(0.00011418 -3.00882e-23 0.000833494)
(6.6702e-05 -2.14731e-23 0.000482727)
(3.21451e-05 -1.42012e-23 0.000215638)
(7.94226e-06 1.7018e-17 3.9396e-05)
(-7.51634e-06 -3.71796e-24 -5.52661e-05)
(-1.55021e-05 2.49907e-17 -8.90922e-05)
(-1.71044e-05 -3.2304e-17 -8.62419e-05)
(-1.41749e-05 1.72708e-24 -6.61477e-05)
(-8.89792e-06 5.80814e-17 -4.09798e-05)
(-4.1511e-06 8.7372e-25 -1.89802e-05)
(-1.20971e-06 7.3393e-17 -6.0064e-06)
(-2.34394e-07 -6.36631e-17 -1.16602e-06)
(3.04832e-08 -5.61089e-17 -8.61071e-08)
(-2.80539e-08 5.7727e-28 -1.57181e-08)
(1.13002 0 1.30574)
(1.05093 0 1.32336)
(0.978887 7.50815e-18 1.33005)
(0.905857 0 1.32426)
(0.833142 0 1.30717)
(0.761977 0 1.27987)
(0.692984 0 1.24363)
(0.626754 0 1.1998)
(0.563747 0 1.14978)
(0.504305 0 1.0949)
(0.448666 0 1.03641)
(0.396984 0 0.975424)
(0.34933 -4.77228e-18 0.912909)
(0.305713 0 0.849687)
(0.266087 0 0.78644)
(0.230354 0 0.723719)
(0.19838 0 0.661968)
(0.169992 7.66263e-18 0.601547)
(0.144991 8.15025e-18 0.542754)
(0.12315 8.62099e-18 0.485851)
(0.104224 9.07629e-18 0.431083)
(0.0879536 9.51501e-18 0.378696)
(0.0740708 0 0.328944)
(0.0623058 1.03243e-17 0.282091)
(0.0523947 1.06795e-17 0.2384)
(0.0440863 1.09893e-17 0.198116)
(0.037149 1.12454e-17 0.161441)
(0.0313757 1.14424e-17 0.128505)
(0.0265865 1.15802e-17 0.0993514)
(0.022628 1.16643e-17 0.0739251)
(0.01937 1.17049e-17 0.0520787)
(0.0167006 1.17158e-17 0.0335901)
(0.0145224 1.17112e-17 0.0181876)
(0.0127492 1.17048e-17 0.00557448)
(0.0113049 1.16739e-17 -0.00454782)
(0.010126 1.16652e-17 -0.0124654)
(0.0091573 1.16884e-17 -0.0184503)
(0.00835331 0 -0.0227535)
(0.00767744 1.18415e-17 -0.0256057)
(0.00710058 1.19731e-17 -0.027218)
(0.00660009 1.21407e-17 -0.0277842)
(0.00615849 1.23428e-17 -0.0274821)
(0.00576234 1.2577e-17 -0.0264755)
(0.00540134 1.284e-17 -0.0249148)
(0.00506742 1.31277e-17 -0.0229377)
(0.00475424 1.34352e-17 -0.0206691)
(0.00445658 1.37568e-17 -0.0182209)
(0.00417005 1.40862e-17 -0.0156915)
(0.00389091 0 -0.0131656)
(0.00361594 1.47429e-17 -0.0107137)
(0.00334245 1.50587e-17 -0.00839261)
(0.0030684 1.53603e-17 -0.00624602)
(0.00279248 0 -0.00430543)
(0.00251444 1.59152e-17 -0.00259179)
(0.00223523 0 -0.00111724)
(0.00195725 1.64205e-17 0.000113172)
(0.00168432 1.66659e-17 0.00109957)
(0.0014214 1.69205e-17 0.00184611)
(0.00117391 1.72022e-17 0.00236082)
(0.000947173 1.75278e-17 0.00265589)
(0.000745643 1.79181e-17 0.00274875)
(0.00057238 0 0.00266302)
(0.000428523 1.90019e-17 0.00242939)
(0.000313149 0 0.00208561)
(0.000223477 2.07613e-17 0.00167499)
(0.000155386 0 0.00124348)
(0.000104262 2.37599e-17 0.000834972)
(6.57595e-05 2.60491e-17 0.000485791)
(3.65599e-05 2.91799e-17 0.000219456)
(1.47376e-05 0 4.32127e-05)
(-4.65604e-07 3.98947e-17 -5.19982e-05)
(-9.44564e-06 0 -8.66533e-05)
(-1.25871e-05 6.37992e-17 -8.46649e-05)
(-1.12665e-05 8.55513e-17 -6.52947e-05)
(-7.3724e-06 0 -4.06279e-05)
(-3.55638e-06 1.43375e-16 -1.88903e-05)
(-1.0497e-06 0 -5.9994e-06)
(-2.15228e-07 1.25525e-16 -1.17101e-06)
(3.32008e-08 1.10076e-16 -8.68235e-08)
(-2.89657e-08 4.92626e-17 -1.59551e-08)
(1.03134 3.14654e-18 1.30959)
(0.959657 2.60686e-18 1.33108)
(0.895591 -1.83016e-18 1.34055)
(0.829634 1.60192e-18 1.33675)
(0.763698 1.14637e-18 1.32102)
(0.698942 7.32588e-19 1.29452)
(0.635993 3.58762e-19 1.25863)
(0.575449 0 1.2148)
(0.517767 -2.75661e-19 1.16448)
(0.46329 -5.42049e-19 1.10908)
(0.41226 -7.79284e-19 1.0499)
(0.364837 -9.91155e-19 0.988091)
(0.321104 1.19616e-18 0.924676)
(0.281083 -1.35352e-18 0.860506)
(0.244742 -1.51078e-18 0.796291)
(0.212003 -1.65605e-18 0.732608)
(0.182746 -1.79179e-18 0.669921)
(0.156816 -1.91049e-18 0.608607)
(0.13403 -4.07337e-18 0.548978)
(0.114177 -4.30698e-18 0.491308)
(0.0970272 -4.53207e-18 0.435849)
(0.0823328 -2.36738e-18 0.38285)
(0.0698383 0 0.332567)
(0.0592852 -2.56547e-18 0.285261)
(0.0504196 -7.98116e-18 0.24119)
(0.0430005 -2.72725e-18 0.20059)
(0.0368063 -5.59001e-18 0.163651)
(0.0316408 -2.83704e-18 0.130495)
(0.0273354 -5.75113e-18 0.101154)
(0.0237489 -5.79175e-18 0.0755634)
(0.0207637 -2.90162e-18 0.0535707)
(0.0182809 -5.81771e-18 0.0349496)
(0.0162155 -2.90472e-18 0.0194262)
(0.0144938 -5.81454e-18 0.00670265)
(0.0130505 -5.80158e-18 -0.00352104)
(0.0118325 -5.79828e-18 -0.0115321)
(0.010793 -2.90311e-18 -0.0176035)
(0.0098942 0 -0.0219874)
(0.00910578 -2.94202e-18 -0.0249153)
(0.00840401 -8.93053e-18 -0.0265991)
(0.00777074 -3.01644e-18 -0.0272331)
(0.00719236 -6.13495e-18 -0.0269955)
(0.00665875 -3.124e-18 -0.0260501)
(0.00616239 -3.18855e-18 -0.0245472)
(0.00569765 -9.77974e-18 -0.0226244)
(0.00526017 -3.33404e-18 -0.0204062)
(0.0048464 -6.82566e-18 -0.0180043)
(0.0044533 -3.49229e-18 -0.015517)
(0.00407812 3.57308e-18 -0.0130286)
(0.00371836 -7.30269e-18 -0.0106097)
(0.00337178 -7.45461e-18 -0.00831705)
(0.0030365 -3.79946e-18 -0.00619444)
(0.00271118 0 -0.00427358)
(0.00239531 -7.86498e-18 -0.00257571)
(0.00208938 -3.99395e-18 -0.00111336)
(0.00179516 -8.10685e-18 0.000107998)
(0.00151559 -8.22447e-18 0.00108806)
(0.00125453 -8.34728e-18 0.00183058)
(0.00101609 -8.48386e-18 0.00234321)
(0.000804132 -8.64252e-18 0.00263786)
(0.000621539 -8.83347e-18 0.00273165)
(0.000469705 -4.53474e-18 0.00264794)
(0.000348114 -9.36634e-18 0.00241714)
(0.000254296 -4.87268e-18 0.00207666)
(0.000184132 -1.02344e-17 0.00166948)
(0.000132481 -5.43639e-18 0.0012412)
(9.41141e-05 -1.17163e-17 0.000835379)
(6.45259e-05 -1.28483e-17 0.000488113)
(4.06791e-05 -1.43968e-17 0.000222816)
(2.12788e-05 -8.28354e-18 4.67897e-05)
(6.39811e-06 -1.96986e-17 -4.88233e-05)
(-3.50648e-06 -1.21857e-17 -8.42227e-05)
(-8.13114e-06 -3.1528e-17 -8.30574e-05)
(-8.38333e-06 -4.22791e-17 -6.44015e-05)
(-5.85342e-06 -2.83237e-17 -4.0243e-05)
(-2.96138e-06 -7.07816e-17 -1.87819e-05)
(-8.88992e-07 -3.56848e-17 -5.98568e-06)
(-1.95551e-07 -6.19282e-17 -1.17439e-06)
(3.58807e-08 -5.40412e-17 -8.74422e-08)
(-2.97258e-08 -2.41849e-17 -1.6123e-08)
(0.930582 -3.18517e-18 1.30881)
(0.866124 -2.63246e-18 1.33431)
(0.809791 -2.10808e-18 1.34672)
(0.750848 -1.61161e-18 1.34508)
(0.691738 -1.15173e-18 1.3309)
(0.633497 -7.35222e-19 1.30544)
(0.576742 -3.59745e-19 1.27013)
(0.522057 0 1.22654)
(0.469886 2.7609e-19 1.17617)
(0.42056 5.42674e-19 1.12049)
(0.374322 7.79934e-19 1.06086)
(0.331332 9.91722e-19 0.998471)
(0.291683 1.1818e-18 0.934377)
(0.255409 1.3537e-18 0.869467)
(0.222491 1.51065e-18 0.804478)
(0.192868 1.6555e-18 0.74001)
(0.166438 1.79069e-18 0.676551)
(0.143064 -1.91822e-18 0.614494)
(0.122578 0 0.554167)
(0.104786 0 0.495853)
(0.0894721 0 0.439814)
(0.0764047 -2.37355e-18 0.386306)
(0.0653402 0 0.335584)
(0.0560323 -2.56703e-18 0.287909)
(0.0482385 2.65075e-18 0.243533)
(0.0417292 -2.72314e-18 0.202684)
(0.036294 0 0.165543)
(0.0317486 -2.82795e-18 0.132221)
(0.0279371 0 0.10274)
(0.0247311 0 0.0770283)
(0.0220265 -2.88892e-18 0.0549255)
(0.0197374 0 0.0362028)
(0.017792 -2.89179e-18 0.0205844)
(0.0161287 0 0.00777181)
(0.0146935 0 -0.00253584)
(0.0134432 0 -0.0106264)
(0.0123397 -2.89123e-18 -0.0167732)
(0.0113527 0 -0.0212289)
(0.0104582 -2.92961e-18 -0.0242257)
(0.00963776 2.96189e-18 -0.025976)
(0.00887776 -3.00271e-18 -0.026674)
(0.00816846 0 -0.0264983)
(0.00750301 -3.10807e-18 -0.0256123)
(0.0068767 -3.17115e-18 -0.0241663)
(0.00628626 3.23984e-18 -0.0222974)
(0.00572933 -3.31292e-18 -0.0201298)
(0.00520402 0 -0.0177749)
(0.0047086 -3.46646e-18 -0.0153304)
(0.00424134 -3.54387e-18 -0.0128808)
(0.00380044 0 -0.0104962)
(0.0033841 0 -0.00823338)
(0.00299062 -3.76234e-18 -0.00613618)
(0.00261863 0 -0.00423646)
(0.00226735 0 -0.00255574)
(0.00193686 3.94828e-18 -0.00110687)
(0.00162824 0 0.000104271)
(0.00134357 0 0.00107697)
(0.00108559 0 0.00181459)
(0.000857143 0 0.00232446)
(0.000660646 0 0.00261819)
(0.000497413 0 0.00271258)
(0.000367217 4.47447e-18 0.00263074)
(0.000267937 0 0.00240277)
(0.000195605 4.80783e-18 0.00206574)
(0.000144819 0 0.00166226)
(0.000109467 5.36516e-18 0.00123753)
(8.3744e-05 0 0.00083473)
(6.30075e-05 0 0.000489704)
(4.4507e-05 0 0.000225723)
(2.75683e-05 8.18383e-18 5.01274e-05)
(1.3075e-05 0 -4.57431e-05)
(2.31392e-06 1.20491e-17 -8.18032e-05)
(-3.73876e-06 0 -8.14218e-05)
(-5.52776e-06 0 -6.34698e-05)
(-4.34248e-06 2.80067e-17 -3.98261e-05)
(-2.36685e-06 0 -1.86553e-05)
(-7.27813e-07 3.52343e-17 -5.96536e-06)
(-1.75403e-07 0 -1.17618e-06)
(3.85188e-08 0 -8.79623e-08)
(-3.03327e-08 0 -1.62243e-08)
(0.82872 -3.51755e-18 1.30409)
(0.771192 -2.91845e-18 1.33357)
(0.722265 -2.35525e-18 1.34893)
(0.670197 -1.81208e-18 1.34955)
(0.617881 -1.31472e-18 1.33705)
(0.566188 -8.65641e-19 1.31277)
(0.515709 -4.62385e-19 1.27825)
(0.466996 0 1.2351)
(0.420463 2.16419e-19 1.18491)
(0.376425 4.99218e-19 1.12919)
(0.335115 7.49785e-19 1.06933)
(0.296692 9.72369e-19 1.00658)
(0.261256 1.17108e-18 0.942022)
(0.228848 1.34976e-18 0.876573)
(0.199465 1.51189e-18 0.810999)
(0.17306 1.66055e-18 0.745923)
(0.149548 1.79835e-18 0.681854)
(0.128809 -1.92742e-18 0.619203)
(0.110694 0 0.558314)
(0.0950232 0 0.499481)
(0.0815979 0 0.442976)
(0.0702002 -2.38058e-18 0.38906)
(0.0606006 0 0.337993)
(0.0525655 -2.56931e-18 0.290032)
(0.0458653 2.65021e-18 0.245427)
(0.0402823 -2.71976e-18 0.204399)
(0.035619 0 0.167118)
(0.031704 -2.81971e-18 0.133685)
(0.0283947 0 0.104112)
(0.0255766 0 0.0783197)
(0.0231594 -2.87727e-18 0.056143)
(0.0210709 0 0.0373493)
(0.0192522 -2.88005e-18 0.0216617)
(0.0176542 0 0.00878123)
(0.016234 0 -0.001593)
(0.0149582 0 -0.00974905)
(0.0137975 -2.88074e-18 -0.0159601)
(0.012729 0 -0.0204789)
(0.0117349 -2.91869e-18 -0.0235379)
(0.0108021 2.95048e-18 -0.0253493)
(0.00992145 -2.99059e-18 -0.0261077)
(0.00908713 0 -0.025991)
(0.0082955 -3.09386e-18 -0.0251628)
(0.00754464 -3.15554e-18 -0.0237726)
(0.00683364 3.22258e-18 -0.0219572)
(0.00616213 -3.29375e-18 -0.0198404)
(0.00552985 0 -0.017533)
(0.00493638 -3.44278e-18 -0.0151324)
(0.00438099 -3.51764e-18 -0.0127225)
(0.00386259 0 -0.0103735)
(0.00337982 0 -0.00814189)
(0.00293117 0 -0.00607149)
(0.00251521 0 -0.0041943)
(0.00213094 0 -0.00253205)
(0.00177799 3.90604e-18 -0.00109792)
(0.00145678 0 0.000101861)
(0.00116849 0 0.00106619)
(0.000914796 0 0.00179808)
(0.000697253 0 0.00230453)
(0.000516844 0 0.00259683)
(0.000373358 0 0.00269153)
(0.000264982 4.41856e-18 0.00261143)
(0.000188035 0 0.00238631)
(0.000137104 4.74771e-18 0.00205289)
(0.000105556 0 0.00165335)
(8.63568e-05 5.29917e-18 0.00123247)
(7.31607e-05 0 0.000833038)
(6.12112e-05 0 0.000490572)
(4.80486e-05 0 0.000228182)
(3.36085e-05 8.09174e-18 5.32265e-05)
(1.95654e-05 0 -4.27592e-05)
(8.01414e-06 1.19232e-17 -7.93972e-05)
(5.87731e-07 0 -7.97605e-05)
(-2.70189e-06 0 -6.25012e-05)
(-2.84105e-06 2.7714e-17 -3.93781e-05)
(-1.77353e-06 0 -1.8511e-05)
(-5.66384e-07 3.48163e-17 -5.93851e-06)
(-1.54824e-07 0 -1.17639e-06)
(4.11116e-08 0 -8.83813e-08)
(-3.07855e-08 0 -1.62613e-08)
(0.726535 3.56151e-18 1.29603)
(0.675578 2.94838e-18 1.32934)
(0.633682 2.37476e-18 1.34757)
(0.588299 1.82419e-18 1.35044)
(0.542688 1.32183e-18 1.33969)
(0.49752 8.69445e-19 1.31671)
(0.453344 4.64049e-19 1.28312)
(0.410659 0 1.2406)
(0.369841 -2.16958e-19 1.19078)
(0.33118 -5.00271e-19 1.13522)
(0.294893 -7.51137e-19 1.07535)
(0.261135 -9.7387e-19 1.01245)
(0.230005 -1.17262e-18 0.94763)
(0.201555 -1.35122e-18 0.881838)
(0.175792 -1.51317e-18 0.815862)
(0.152685 -1.66149e-18 0.750351)
(0.132164 -1.7988e-18 0.685832)
(0.114126 1.92718e-18 0.622735)
(0.0984385 2.05439e-18 0.561418)
(0.0849388 2.16955e-18 0.50219)
(0.0734437 2.27868e-18 0.445332)
(0.0637504 4.75655e-18 0.391112)
(0.0556436 0 0.339793)
(0.0489035 5.12505e-18 0.291632)
(0.0433137 6.22127e-21 0.246875)
(0.0386701 5.41627e-18 0.205735)
(0.0347886 2.76557e-18 0.168375)
(0.0315118 2.80169e-18 0.134885)
(0.0287114 2.83574e-18 0.105269)
(0.0262875 2.85343e-18 0.0794379)
(0.0241638 5.72063e-18 0.057223)
(0.0222821 2.86555e-18 0.0383889)
(0.0205966 2.86245e-18 0.0226575)
(0.0190706 2.86626e-18 0.0097303)
(0.0176722 2.86296e-18 -0.000693231)
(0.0163778 2.86243e-18 -0.00890081)
(0.0151667 5.73641e-18 -0.0151649)
(0.0140233 0 -0.0197381)
(0.0129361 5.81316e-18 -0.0228524)
(0.0118973 1.48381e-21 -0.0247199)
(0.0109022 5.95596e-18 -0.0255347)
(0.00994879 3.02593e-18 -0.0254744)
(0.00903666 3.07927e-18 -0.0247021)
(0.00816668 6.28059e-18 -0.0233667)
(0.00734028 7.21858e-22 -0.0216044)
(0.00655905 6.55085e-18 -0.0195385)
(0.00582437 3.34766e-18 -0.0172791)
(0.00513711 3.42015e-18 -0.0149232)
(0.00449754 3.4927e-18 -0.0125542)
(0.00390528 3.56376e-18 -0.010242)
(0.0033594 0 -0.00804287)
(0.00285857 0 -0.00600062)
(0.00240134 0 -0.00414731)
(0.00198646 0 -0.00250485)
(0.00161313 -3.86641e-18 -0.00108667)
(0.00128108 0 0.000100643)
(0.00099064 3.97145e-18 0.00105564)
(0.000742373 0 0.00178098)
(0.000536588 0 0.00228336)
(0.000372858 4.16384e-18 0.00257377)
(0.00024947 0 0.00266848)
(0.000163066 4.04333e-23 0.00259)
(0.000108452 0 0.00236777)
(7.88218e-05 2.59748e-23 0.00203811)
(6.6362e-05 0 0.00164277)
(6.3163e-05 -5.2379e-18 0.00122606)
(6.23744e-05 0 0.000830321)
(5.9145e-05 6.19752e-18 0.000490728)
(5.13094e-05 0 0.000230196)
(3.94026e-05 -8.00658e-18 5.60877e-05)
(2.58697e-05 0 -3.98733e-05)
(1.35928e-05 2.44677e-25 -7.70071e-05)
(4.84613e-06 0 -7.80756e-05)
(9.21721e-08 0 -6.14973e-05)
(-1.35056e-06 -2.74432e-17 -3.88999e-05)
(-1.18212e-06 0 -1.83493e-05)
(-4.04923e-07 -1.3545e-25 -5.90525e-06)
(-1.33856e-07 0 -1.17504e-06)
(4.36563e-08 2.57151e-17 -8.86978e-08)
(-3.10841e-08 0 -1.62368e-08)
(0.624637 0 1.28517)
(0.579866 0 1.32204)
(0.544613 0 1.34297)
(0.505697 0 1.34803)
(0.466665 0 1.33903)
(0.427954 0 1.31742)
(0.390061 0 1.28488)
(0.353416 0 1.24314)
(0.318346 0 1.19387)
(0.285108 0 1.13866)
(0.253901 0 1.07898)
(0.224868 0 1.01612)
(0.198109 0 0.951232)
(0.173681 0 0.885282)
(0.151601 0 0.819083)
(0.131851 0 0.753304)
(0.114375 0 0.688491)
(0.0990881 0 0.625093)
(0.0858719 -4.11414e-18 0.563483)
(0.0745814 -4.34231e-18 0.503984)
(0.0650487 -4.55764e-18 0.446885)
(0.0570863 -4.75992e-18 0.392463)
(0.0504934 0 0.340985)
(0.0450646 -5.11909e-18 0.292709)
(0.0405976 -5.27083e-18 0.247876)
(0.0369026 -5.40018e-18 0.206694)
(0.03381 -5.50502e-18 0.169316)
(0.0311772 0 0.135824)
(0.0288909 -5.64014e-18 0.106211)
(0.0268661 -5.67463e-18 0.0803835)
(0.0250412 -5.69273e-18 0.0581659)
(0.0233721 -5.69996e-18 0.0393214)
(0.021826 0 0.0235715)
(0.0203783 -5.70439e-18 0.0106186)
(0.0190085 -5.7006e-18 0.000162858)
(0.0177023 -5.70098e-18 -0.00808237)
(0.0164476 -5.71584e-18 -0.0143885)
(0.0152361 0 -0.0190073)
(0.0140623 -5.79308e-18 -0.0221701)
(0.0129239 -5.85601e-18 -0.0240884)
(0.0118206 -5.93465e-18 -0.0249557)
(0.010754 -6.02811e-18 -0.0249491)
(0.00972705 0 -0.0242308)
(0.00874338 -6.25384e-18 -0.0229492)
(0.00780672 -6.38229e-18 -0.0212396)
(0.00692065 -6.51797e-18 -0.0192246)
(0.00608812 -6.65813e-18 -0.0170137)
(0.00531133 0 -0.0147033)
(0.00459152 0 -0.0123762)
(0.00392901 -7.077e-18 -0.0101019)
(0.00332332 0 -0.00793662)
(0.00277329 0 -0.00592384)
(0.00227745 0 -0.00409572)
(0.00183431 0 -0.0024743)
(0.00144262 0 -0.00107327)
(0.00110146 0 0.000100494)
(0.000810271 -7.86127e-18 0.00104521)
(0.000568538 0 0.00176322)
(0.000375324 0 0.0022609)
(0.00022882 -8.23669e-18 0.00254899)
(0.000125846 0 0.00264344)
(6.15362e-05 -8.63602e-18 0.00256646)
(2.92339e-05 0 0.00234716)
(2.07886e-05 -9.27963e-18 0.00202143)
(2.72581e-05 0 0.00163055)
(3.99012e-05 0 0.00121831)
(5.13966e-05 0 0.000826593)
(5.68175e-05 -1.22655e-17 0.000490181)
(5.42953e-05 0 0.000231772)
(4.49536e-05 0 5.87123e-05)
(3.19888e-05 0 -3.70866e-05)
(1.90488e-05 -2.33993e-17 -7.46352e-05)
(9.03429e-06 0 -7.63692e-05)
(2.85235e-06 0 -6.04597e-05)
(1.27575e-07 0 -3.83923e-05)
(-5.93332e-07 0 -1.81707e-05)
(-2.43634e-07 -6.81334e-17 -5.86567e-06)
(-1.12536e-07 0 -1.17215e-06)
(4.6151e-08 -5.06693e-17 -8.89098e-08)
(-3.12291e-08 0 -1.61539e-08)
(0.523493 3.95012e-18 1.27199)
(0.484529 3.29188e-18 1.31205)
(0.455542 2.66344e-18 1.33546)
(0.422869 2.05371e-18 1.34259)
(0.390265 1.50591e-18 1.33529)
(0.357913 1.01418e-18 1.31508)
(0.326245 5.75815e-19 1.28368)
(0.295612 0 1.24284)
(0.266283 -1.55896e-19 1.19427)
(0.238478 -4.58369e-19 1.13959)
(0.212371 -7.25018e-19 1.08026)
(0.188093 -9.60603e-19 1.01764)
(0.16574 -1.16964e-18 0.952863)
(0.145372 -1.35628e-18 0.886934)
(0.127014 -1.52424e-18 0.820683)
(0.110659 -1.6768e-18 0.754797)
(0.0962673 -1.81669e-18 0.689843)
(0.0837658 1.94618e-18 0.626286)
(0.0730527 2.06033e-18 0.564515)
(0.0639987 2.17332e-18 0.504865)
(0.0564514 2.27949e-18 0.447638)
(0.0502385 4.76437e-18 0.393118)
(0.0451739 0 0.341574)
(0.0410671 5.11407e-18 0.293267)
(0.0377308 -6.17246e-21 0.248434)
(0.03499 5.38512e-18 0.207278)
(0.0326906 2.74006e-18 0.169944)
(0.0307054 2.78353e-18 0.136503)
(0.0289368 2.80515e-18 0.106942)
(0.0273152 2.82202e-18 0.0811574)
(0.0257937 5.66648e-18 0.0589722)
(0.0243422 2.8353e-18 0.040147)
(0.0229414 2.84048e-18 0.0244036)
(0.0215784 2.83909e-18 0.0114456)
(0.0202437 2.83862e-18 0.000974753)
(0.0189325 2.83956e-18 -0.00729432)
(0.0176409 5.69732e-18 -0.0136314)
(0.0163679 0 -0.018287)
(0.0151143 5.77522e-18 -0.0214915)
(0.0138826 -1.47187e-21 -0.0234554)
(0.0126772 5.9157e-18 -0.0243714)
(0.0115034 3.0034e-18 -0.0244157)
(0.0103673 3.05708e-18 -0.0237495)
(0.00927538 6.22973e-18 -0.0225205)
(0.00823361 -7.28804e-22 -0.0208632)
(0.00724753 6.48796e-18 -0.0188992)
(0.00632171 3.31197e-18 -0.0167372)
(0.00545961 3.38133e-18 -0.014473)
(0.00466348 3.44936e-18 -0.0121889)
(0.00393432 3.51502e-18 -0.00995371)
(0.00327208 -3.57834e-18 -0.00782342)
(0.00267581 0 -0.00584139)
(0.00214399 0 -0.00403973)
(0.0016749 0 -0.0024406)
(0.00126684 -3.79525e-18 -0.00105787)
(0.00091824 0 0.000101295)
(0.000627658 3.89249e-18 0.00103481)
(0.000393513 0 0.00174473)
(0.000213637 0 0.00223713)
(8.48653e-05 4.07588e-18 0.00252245)
(2.58378e-06 0 0.00261639)
(-3.95368e-05 -3.83632e-23 0.00254083)
(-4.95715e-05 0 0.0023245)
(-3.69628e-05 -2.41068e-23 0.00200287)
(-1.1733e-05 0 0.0016167)
(1.65879e-05 -5.12811e-18 0.00120925)
(4.02399e-05 0 0.00082187)
(5.42381e-05 6.07264e-18 0.000488944)
(5.70129e-05 0 0.000232915)
(5.02652e-05 -7.85468e-18 6.11015e-05)
(3.79233e-05 0 -3.44002e-05)
(2.43808e-05 -2.2264e-25 -7.22834e-05)
(1.31501e-05 0 -7.46434e-05)
(5.57666e-06 0 -5.93897e-05)
(1.59199e-06 -2.69599e-17 -3.78564e-05)
(-7.83929e-09 0 -1.79754e-05)
(-8.27254e-08 1.24518e-25 -5.81988e-06)
(-9.09053e-08 0 -1.16774e-06)
(4.85944e-08 2.4978e-17 -8.9016e-08)
(-3.1222e-08 0 -1.60158e-08)
(0.423457 -3.99458e-18 1.25686)
(0.389947 -3.32363e-18 1.29972)
(0.36688 -2.68499e-18 1.32532)
(0.340233 -2.06776e-18 1.33433)
(0.313893 -1.51473e-18 1.32867)
(0.28778 -1.01933e-18 1.30985)
(0.26225 -5.78378e-19 1.27965)
(0.237565 0 1.23982)
(0.213935 1.56453e-19 1.19209)
(0.191539 4.5986e-19 1.13807)
(0.170521 7.2718e-19 1.07928)
(0.150998 9.63232e-19 1.01705)
(0.13306 1.17256e-18 0.952568)
(0.116766 1.35932e-18 0.886829)
(0.10215 1.52723e-18 0.820688)
(0.0892117 1.67954e-18 0.754853)
(0.0779243 1.81898e-18 0.689905)
(0.0682291 -1.94775e-18 0.626328)
(0.0600384 0 0.564525)
(0.0532375 0 0.504845)
(0.0476895 0 0.447599)
(0.0432369 -2.38142e-18 0.393081)
(0.0397085 0 0.341565)
(0.036929 -2.55169e-18 0.29331)
(0.0347266 2.62259e-18 0.248554)
(0.0329422 -2.68256e-18 0.207492)
(0.0314376 0 0.170262)
(0.0301017 -2.76756e-18 0.136926)
(0.028853 0 0.107461)
(0.0276374 0 0.081761)
(0.0264231 -2.81882e-18 0.0596427)
(0.0251942 0 0.0408661)
(0.023944 -2.82568e-18 0.0251539)
(0.0226718 0 0.0122112)
(0.0213788 0 0.00174202)
(0.0200691 0 -0.00653721)
(0.0187475 -2.83926e-18 -0.0128942)
(0.0174197 0 -0.017578)
(0.0160927 -2.87884e-18 -0.0208173)
(0.0147742 2.91012e-18 -0.0228216)
(0.0134728 -2.9488e-18 -0.0237823)
(0.0121977 0 -0.0238746)
(0.0109582 -3.0463e-18 -0.0232588)
(0.00976341 -3.10358e-18 -0.0220813)
(0.00862165 3.1652e-18 -0.0204757)
(0.00754039 -3.22996e-18 -0.0185627)
(0.00652579 0 -0.0164501)
(0.0055826 -3.36346e-18 -0.0142328)
(0.00471403 -3.42947e-18 -0.0119925)
(0.00392179 0 -0.00979761)
(0.00320625 3.55414e-18 -0.00770354)
(0.00256663 0 -0.00575351)
(0.00200142 0 -0.00397956)
(0.00150865 0 -0.00240391)
(0.00108617 3.76289e-18 -0.00104062)
(0.000731744 0 0.000102931)
(0.000443079 0 0.00102437)
(0.000217524 0 0.00172545)
(5.17052e-05 0 0.00221199)
(-5.88706e-05 0 0.00249416)
(-0.000120216 0 0.00258734)
(-0.000140082 4.23057e-18 0.00251312)
(-0.000127915 0 0.00229982)
(-9.43982e-05 4.54623e-18 0.00198245)
(-5.05873e-05 0 0.00160125)
(-6.75905e-06 5.07884e-18 0.00119889)
(2.8918e-05 0 0.00081617)
(5.14171e-05 0 0.000487025)
(5.94692e-05 0 0.000233629)
(5.5341e-05 7.78691e-18 6.32569e-05)
(4.36742e-05 0 -3.18151e-05)
(2.95878e-05 1.15083e-17 -6.99537e-05)
(1.71916e-05 0 -7.29002e-05)
(8.26312e-06 0 -5.8289e-05)
(3.04135e-06 2.67441e-17 -3.72929e-05)
(5.73707e-07 0 -1.7764e-05)
(7.76111e-08 3.34169e-17 -5.76798e-06)
(-6.90036e-08 0 -1.16184e-06)
(5.09856e-08 0 -8.90143e-08)
(-3.10648e-08 0 -1.58259e-08)
(0.324795 -4.14317e-18 1.24012)
(0.296426 -3.4623e-18 1.28531)
(0.278978 -2.79909e-18 1.31278)
(0.258156 -2.15675e-18 1.32349)
(0.237914 -1.58528e-18 1.31935)
(0.2179 -1.07355e-18 1.30191)
(0.198395 -6.18969e-19 1.27294)
(0.179567 0 1.2342)
(0.161565 1.37256e-19 1.18742)
(0.144523 4.48946e-19 1.13422)
(0.128555 7.23196e-19 1.0761)
(0.113762 9.64962e-19 1.01444)
(0.100222 1.1789e-18 0.950395)
(0.0879965 1.36925e-18 0.885005)
(0.07712 1.53981e-18 0.819131)
(0.0676025 1.69389e-18 0.753495)
(0.0594263 1.83429e-18 0.688697)
(0.0525451 -1.96326e-18 0.625234)
(0.0468843 0 0.563525)
(0.0423431 0 0.503932)
(0.0387997 0 0.446777)
(0.0361107 -2.39138e-18 0.392361)
(0.0341199 0 0.340964)
(0.0326677 -2.55629e-18 0.292846)
(0.0315984 2.62435e-18 0.248241)
(0.0307693 -2.68162e-18 0.20734)
(0.0300584 0 0.170273)
(0.0293715 -2.76236e-18 0.137094)
(0.0286434 0 0.107773)
(0.0278358 0 0.0821959)
(0.026932 -2.81115e-18 0.0601784)
(0.0259298 0 0.0414793)
(0.0248355 -2.81832e-18 0.0258224)
(0.02366 0 0.0129152)
(0.0224148 0 0.00246431)
(0.0211134 0 -0.00581151)
(0.0197683 -2.8339e-18 -0.0121776)
(0.0183925 0 -0.0168807)
(0.0169986 -2.87346e-18 -0.0201481)
(0.0155995 2.90445e-18 -0.0221876)
(0.0142083 -2.94263e-18 -0.0231891)
(0.0128379 0 -0.0233267)
(0.0115006 -3.0385e-18 -0.0227592)
(0.0102083 -3.09463e-18 -0.0216321)
(0.00897162 3.15489e-18 -0.0200777)
(0.00779997 -3.21807e-18 -0.0182156)
(0.00670109 0 -0.0161527)
(0.00568098 -3.34785e-18 -0.0139831)
(0.00474383 0 -0.0117876)
(0.00389203 0 -0.00963394)
(0.00312638 3.53211e-18 -0.00757726)
(0.00244631 0 -0.00566044)
(0.00185024 0 -0.00391541)
(0.001336 0 -0.00236442)
(0.000900983 3.73285e-18 -0.00102165)
(0.000542306 0 0.000105291)
(0.000256812 0 0.00101379)
(4.07995e-05 0 0.00170534)
(-0.000110292 0 0.00218547)
(-0.00020225 0 0.00246409)
(-0.000242452 0 0.0025563)
(-0.000240028 4.19118e-18 0.00248334)
(-0.000205745 0 0.00227313)
(-0.000151482 4.50413e-18 0.00196021)
(-8.92788e-05 0 0.00158423)
(-3.01204e-05 5.03296e-18 0.00118726)
(1.74454e-05 0 0.000809509)
(4.83654e-05 0 0.000484438)
(6.16715e-05 0 0.000233922)
(6.01852e-05 7.724e-18 6.51802e-05)
(4.92426e-05 0 -2.9332e-05)
(3.46688e-05 1.1423e-17 -6.76479e-05)
(2.11569e-05 0 -7.11413e-05)
(1.09099e-05 0 -5.7159e-05)
(4.47436e-06 2.65436e-17 -3.67027e-05)
(1.15066e-06 0 -1.75367e-05)
(2.37181e-07 3.31245e-17 -5.71008e-06)
(-4.68708e-08 0 -1.15446e-06)
(5.33242e-08 0 -8.89032e-08)
(-3.07606e-08 0 -1.55878e-08)
(0.227701 4.18361e-18 1.222)
(0.204214 3.49242e-18 1.26905)
(0.19214 2.8202e-18 1.29803)
(0.176963 2.17102e-18 1.31023)
(0.162649 1.59461e-18 1.30751)
(0.148582 1.07923e-18 1.29141)
(0.134968 6.21953e-19 1.26369)
(0.121882 0 1.22611)
(0.109411 -1.37822e-19 1.18037)
(0.0976425 -4.50676e-19 1.1281)
(0.0866617 -7.25805e-19 1.07081)
(0.0765479 -9.68214e-19 1.00984)
(0.0673708 -1.18258e-18 0.946398)
(0.0591862 -1.37315e-18 0.881507)
(0.0520316 -1.54372e-18 0.816047)
(0.0459226 -1.69757e-18 0.750754)
(0.0408499 -1.83748e-18 0.686242)
(0.0367778 1.96569e-18 0.623024)
(0.0336436 2.09128e-18 0.561533)
(0.0313593 2.20064e-18 0.502142)
(0.0298173 2.30177e-18 0.445184)
(0.028888 4.7825e-18 0.390969)
(0.0284301 0 0.33978)
(0.0283003 5.10296e-18 0.291881)
(0.0283591 6.06669e-21 0.247501)
(0.0284807 5.34459e-18 0.206827)
(0.0285602 2.71917e-18 0.169982)
(0.0285203 2.74743e-18 0.137012)
(0.0283122 2.77593e-18 0.107878)
(0.0279137 2.7911e-18 0.082464)
(0.0273228 5.59607e-18 0.0605806)
(0.0265511 2.80497e-18 0.0419871)
(0.0256176 2.805e-18 0.0264094)
(0.0245444 2.81211e-18 0.0135576)
(0.0233533 2.81519e-18 0.00314137)
(0.0220665 2.81786e-18 -0.00511764)
(0.0207046 5.65221e-18 -0.0114819)
(0.0192873 0 -0.0161959)
(0.017833 5.73281e-18 -0.0194845)
(0.0163598 1.44176e-21 -0.0215538)
(0.0148849 5.87085e-18 -0.0225923)
(0.0134249 2.98045e-18 -0.0227722)
(0.0119954 3.0297e-18 -0.0222512)
(0.0106109 6.1708e-18 -0.0211733)
(0.00928437 7.29924e-22 -0.0196695)
(0.00802708 6.4126e-18 -0.0178583)
(0.00684837 3.26976e-18 -0.0158456)
(0.00575548 3.3325e-18 -0.0137242)
(0.00475356 3.39497e-18 -0.0115743)
(0.00384569 0 -0.00946301)
(0.00303309 -3.51097e-18 -0.00744485)
(0.00231537 0 -0.00556242)
(0.00169095 0 -0.00384748)
(0.00115739 0 -0.00232229)
(0.000711686 -3.70442e-18 -0.00100111)
(0.000350266 0 0.000108268)
(6.9142e-05 3.79232e-18 0.001003)
(-0.000136432 0 0.00168432)
(-0.000272172 0 0.00215752)
(-0.000345136 3.9644e-18 0.00243223)
(-0.000364023 0 0.00252326)
(-0.000339299 3.55018e-23 0.0024515)
(-0.000283009 0 0.00224447)
(-0.000208176 2.17016e-23 0.00193617)
(-0.00012778 0 0.00156566)
(-5.34757e-05 -4.99016e-18 0.00117438)
(5.83799e-06 0 0.000801905)
(4.50947e-05 5.91644e-18 0.000481193)
(6.36277e-05 0 0.000233799)
(6.4802e-05 -7.66554e-18 6.68735e-05)
(5.46298e-05 0 -2.69513e-05)
(3.96231e-05 1.9274e-25 -6.53677e-05)
(2.5044e-05 0 -6.93685e-05)
(1.3515e-05 0 -5.60009e-05)
(5.88975e-06 -2.63572e-17 -3.60866e-05)
(1.72241e-06 0 -1.72941e-05)
(3.95801e-07 -1.09791e-25 -5.64629e-06)
(-2.45459e-08 0 -1.14563e-06)
(5.56107e-08 2.40331e-17 -8.86807e-08)
(-3.03127e-08 0 -1.53051e-08)
(0.132321 0 1.2027)
(0.113525 0 1.25109)
(0.106634 0 1.28125)
(0.0969398 0 1.29472)
(0.0883827 0 1.2933)
(0.0800984 0 1.27849)
(0.072225 0 1.25204)
(0.0647439 0 1.21567)
(0.0576847 0 1.17106)
(0.0510892 0 1.11983)
(0.0450106 0 1.06347)
(0.0395074 0 1.00334)
(0.0346372 0 0.940633)
(0.0304502 0 0.876381)
(0.0269836 0 0.811474)
(0.0242568 0 0.74666)
(0.0222672 0 0.682566)
(0.020988 0 0.619719)
(0.020367 -4.19347e-18 0.558565)
(0.020328 -4.40923e-18 0.499489)
(0.0207761 -4.60787e-18 0.442833)
(0.0215958 -4.78956e-18 0.388916)
(0.0226605 0 0.338025)
(0.0238431 -5.10005e-18 0.290424)
(0.0250212 -5.22648e-18 0.246342)
(0.0260861 -5.33217e-18 0.20596)
(0.0269503 -5.41675e-18 0.169395)
(0.0275534 0 0.136683)
(0.0278637 -5.52646e-18 0.107782)
(0.0278745 -5.55652e-18 0.0825675)
(0.0275984 -5.57495e-18 0.0608506)
(0.0270607 -5.58613e-18 0.0423905)
(0.0262925 0 0.0269153)
(0.025327 -5.60395e-18 0.0141384)
(0.024196 -5.61302e-18 0.003773)
(0.0229302 -5.62011e-18 -0.00445593)
(0.0215579 -5.6401e-18 -0.0108076)
(0.0201055 0 -0.0155238)
(0.0185972 -5.72183e-18 -0.0188269)
(0.017056 -5.78381e-18 -0.020921)
(0.0155035 -5.85928e-18 -0.0219924)
(0.0139597 -5.94726e-18 -0.0222119)
(0.0124436 0 -0.0217353)
(0.0109722 -6.15495e-18 -0.0207054)
(0.00956083 -6.27083e-18 -0.0192517)
(0.00822261 -3.19551e-18 -0.0174913)
(0.00696846 -6.51488e-18 -0.015529)
(0.00580687 0 -0.0134565)
(0.00474395 -6.75827e-18 -0.0113531)
(0.00378344 0 -0.00928512)
(0.00292699 0 -0.00730658)
(0.0021744 0 -0.00545968)
(0.00152406 0 -0.00377598)
(0.0009733 0 -0.00227768)
(0.000518675 0 -0.000979125)
(0.000155969 0 0.000111759)
(-0.000119646 -7.52583e-18 0.00099192)
(-0.000313937 0 0.00166237)
(-0.000433755 0 0.00212813)
(-0.000487389 -7.86365e-18 0.00239858)
(-0.000484825 0 0.00248824)
(-0.000437821 -8.2396e-18 0.00241764)
(-0.000359652 0 0.00221385)
(-0.000264441 -8.85608e-18 0.00191035)
(-0.000166063 0 0.00154557)
(-7.68032e-05 0 0.00116027)
(-5.88779e-06 0 0.000793375)
(4.16173e-05 -1.17428e-17 0.000477301)
(6.53461e-05 0 0.000233266)
(6.9196e-05 0 6.83389e-05)
(5.98373e-05 0 -2.46736e-05)
(4.44498e-05 -2.25411e-17 -6.31145e-05)
(2.88513e-05 0 -6.75835e-05)
(1.60769e-05 0 -5.48161e-05)
(7.2863e-06 0 -3.54456e-05)
(2.28834e-06 0 -1.70363e-05)
(5.53288e-07 -6.51931e-17 -5.57671e-06)
(-2.06872e-09 0 -1.13538e-06)
(5.78458e-08 -4.75099e-17 -8.83459e-08)
(-2.97255e-08 0 -1.49817e-08)
(0.0387589 4.28111e-18 1.18236)
(0.0245605 3.58424e-18 1.23157)
(0.0226951 2.88701e-18 1.26257)
(0.0183359 2.2168e-18 1.27712)
(0.0153584 1.62649e-18 1.27687)
(0.012683 1.09888e-18 1.2633)
(0.0103841 6.31713e-19 1.23812)
(0.00835626 0 1.20299)
(0.00657305 -1.43917e-19 1.15958)
(0.00503178 -4.63122e-19 1.10949)
(0.00375396 -7.43672e-19 1.05418)
(0.00277611 -9.90581e-19 0.995005)
(0.00214185 -1.2085e-18 0.933156)
(0.0018941 -1.40167e-18 0.869675)
(0.0020679 -1.57384e-18 0.805452)
(0.0026844 -1.72828e-18 0.741247)
(0.00374601 -1.86776e-18 0.677698)
(0.00523317 1.99452e-18 0.615343)
(0.00710274 2.10242e-18 0.554642)
(0.00928916 2.20877e-18 0.495991)
(0.0117088 2.30623e-18 0.439739)
(0.01426 4.79685e-18 0.386216)
(0.0168312 0 0.33571)
(0.0193118 5.09731e-18 0.288487)
(0.0215966 -5.96133e-21 0.244773)
(0.0235945 5.32009e-18 0.204747)
(0.0252355 2.69789e-18 0.168516)
(0.0264766 2.73371e-18 0.136113)
(0.0273023 2.75099e-18 0.107486)
(0.0277216 2.76592e-18 0.0825088)
(0.0277618 5.55482e-18 0.0609901)
(0.027461 2.78173e-18 0.0426905)
(0.0268624 2.78993e-18 0.0273406)
(0.0260098 2.79245e-18 0.0146577)
(0.0249447 2.79843e-18 0.0043591)
(0.0237061 2.80287e-18 -0.00382666)
(0.0223298 5.62922e-18 -0.0101552)
(0.0208487 0 -0.014865)
(0.0192927 5.71216e-18 -0.0181759)
(0.0176897 -1.4137e-21 -0.0202895)
(0.0160654 5.84913e-18 -0.0213899)
(0.0144437 2.96755e-18 -0.0216461)
(0.0128464 3.01746e-18 -0.0212121)
(0.0112933 6.1407e-18 -0.0202289)
(0.00980199 -7.24828e-22 -0.0188247)
(0.00838749 0 -0.017115)
(0.00706224 -5.43713e-22 -0.0152033)
(0.00583598 0 -0.0131803)
(0.00471576 3.36438e-18 -0.0111242)
(0.003706 0 -0.00910057)
(0.00280875 -3.47349e-18 -0.00716271)
(0.00202399 0 -0.00535244)
(0.0013501 0 -0.00370109)
(0.000784183 0 -0.00223076)
(0.000322358 -3.65309e-18 -0.000955829)
(-4.02377e-05 0 0.000115667)
(-0.000309263 3.73528e-18 0.000980483)
(-0.000491485 0 0.00163942)
(-0.000594858 0 0.00209726)
(-0.000628869 3.90129e-18 0.00236313)
(-0.000604752 0 0.00245124)
(-0.000535517 -3.37078e-23 0.00238176)
(-0.00043562 0 0.00218131)
(-0.000320236 -2.02897e-23 0.00188279)
(-0.000204096 0 0.001524)
(-0.00010008 -4.91299e-18 0.00114496)
(-1.77144e-05 0 0.000783938)
(3.79462e-05 5.82939e-18 0.000472776)
(6.68354e-05 0 0.00023233)
(7.33721e-05 -7.56064e-18 6.9579e-05)
(6.48666e-05 0 -2.24988e-05)
(4.91483e-05 -1.75348e-25 -6.08897e-05)
(3.2577e-05 0 -6.57879e-05)
(1.85937e-05 0 -5.3606e-05)
(8.66283e-06 -2.60221e-17 -3.47803e-05)
(2.84789e-06 0 -1.67639e-05)
(7.09471e-07 1.00936e-25 -5.50147e-06)
(2.05222e-08 0 -1.12372e-06)
(6.00305e-08 2.34931e-17 -8.78971e-08)
(-2.90039e-08 0 -1.46213e-08)
(-0.0528739 -4.27848e-18 1.16106)
(-0.0624302 -3.58068e-18 1.21055)
(-0.0594652 -2.88373e-18 1.24208)
(-0.0586321 -2.21433e-18 1.25752)
(-0.0562203 -1.62489e-18 1.25833)
(-0.0534702 -1.09801e-18 1.24596)
(-0.0503718 -6.31354e-19 1.22204)
(-0.0471107 0 1.18819)
(-0.0437666 1.43902e-19 1.14605)
(-0.0403853 4.63175e-19 1.09717)
(-0.0369771 7.43897e-19 1.04301)
(-0.0335284 9.91035e-19 0.9849)
(-0.0300105 1.2092e-18 0.924033)
(-0.0263897 1.40258e-18 0.861445)
(-0.0226348 1.57491e-18 0.798032)
(-0.0187248 1.72943e-18 0.734559)
(-0.0146541 1.86887e-18 0.671675)
(-0.0104363 -1.99546e-18 0.60993)
(-0.00610652 0 0.549794)
(-0.00172049 0 0.491672)
(0.00264646 0 0.43592)
(0.00690527 -2.39863e-18 0.382883)
(0.0109617 0 0.332848)
(0.0147214 -2.54417e-18 0.286079)
(0.0180969 2.60269e-18 0.242803)
(0.021015 -2.65135e-18 0.203193)
(0.023423 0 0.167353)
(0.0252951 -2.71993e-18 0.135305)
(0.0266324 0 0.106995)
(0.0274591 0 0.0822904)
(0.0278163 -2.76589e-18 0.0610009)
(0.027755 0 0.0428881)
(0.0273299 -2.77839e-18 0.0276859)
(0.0265952 0 0.0151159)
(0.0256015 0 0.00489965)
(0.0243961 0 -0.00323004)
(0.0230221 -2.80871e-18 -0.0095249)
(0.0215185 0 -0.01422)
(0.019921 -2.85105e-18 -0.017532)
(0.0182623 2.88214e-18 -0.0196598)
(0.0165721 -2.91952e-18 -0.0207854)
(0.014878 0 -0.0210753)
(0.0132049 -3.01099e-18 -0.020682)
(0.0115753 -3.06354e-18 -0.0197443)
(0.0100089 3.11932e-18 -0.0183889)
(0.0085227 0 -0.0167298)
(0.00713062 3.23582e-18 -0.014869)
(0.00584366 0 -0.0128961)
(0.00466979 0 -0.0108881)
(0.00361408 0 -0.00890965)
(0.00267901 3.45609e-18 -0.0070135)
(0.00186475 0 -0.00524093)
(0.00116962 0 -0.003623)
(0.000590519 0 -0.00218169)
(0.000123148 3.62951e-18 -0.000931346)
(-0.000238003 0 0.000119893)
(-0.000499421 0 0.000968622)
(-0.000668843 0 0.00161544)
(-0.000755298 0 0.00206491)
(-0.000769435 0 0.00232588)
(-0.0007237 0 0.00241228)
(-0.000632308 4.05725e-18 0.00234389)
(-0.000510854 0 0.00214687)
(-0.00037552 4.36154e-18 0.00185352)
(-0.000241848 0 0.00150095)
(-0.000123282 4.87817e-18 0.00112847)
(-2.96236e-05 0 0.000773612)
(3.40948e-05 0 0.000467629)
(6.81048e-05 0 0.000230999)
(7.73352e-05 7.51357e-18 7.05965e-05)
(6.97195e-05 0 -2.0427e-05)
(5.37181e-05 1.11389e-17 -5.86944e-05)
(3.62196e-05 0 -6.39831e-05)
(2.10638e-05 0 -5.23717e-05)
(1.00182e-05 2.58715e-17 -3.40916e-05)
(3.40048e-06 0 -1.64771e-05)
(8.64176e-07 3.21353e-17 -5.42068e-06)
(4.31873e-08 0 -1.11068e-06)
(6.21664e-08 0 -8.73332e-08)
(-2.81533e-08 0 -1.4228e-08)
(-0.142317 -4.18999e-18 1.13884)
(-0.147228 -3.51046e-18 1.18811)
(-0.139644 -2.82174e-18 1.21992)
(-0.133777 -2.16245e-18 1.23606)
(-0.126178 -1.58168e-18 1.23783)
(-0.118195 -1.06145e-18 1.2266)
(-0.109887 -5.99984e-19 1.20392)
(-0.101512 0 1.17138)
(-0.0932002 1.69031e-19 1.13055)
(-0.0850394 4.86686e-19 1.08295)
(-0.0770713 7.66444e-19 1.03003)
(-0.0693058 1.01303e-18 0.973094)
(-0.0617307 1.23085e-18 0.913317)
(-0.0543225 1.42392e-18 0.851735)
(-0.047056 1.59581e-18 0.789247)
(-0.0399118 1.74966e-18 0.726623)
(-0.0328825 1.88812e-18 0.664519)
(-0.0259777 -2.01339e-18 0.603496)
(-0.0192253 0 0.544033)
(-0.0126726 0 0.486545)
(-0.00638727 0 0.431402)
(-0.000446093 -2.40907e-18 0.378938)
(0.00507106 0 0.329452)
(0.0100863 -2.54897e-18 0.283213)
(0.0145331 2.60477e-18 0.240442)
(0.0183559 -2.651e-18 0.201309)
(0.0215194 0 0.165911)
(0.0240147 -2.71604e-18 0.134266)
(0.0258588 0 0.106311)
(0.0270908 0 0.0819153)
(0.0277654 -2.76042e-18 0.0608849)
(0.0279458 0 0.0429846)
(0.0276979 -2.77357e-18 0.027952)
(0.0270857 0 0.0155132)
(0.0261689 0 0.00539469)
(0.0250024 0 -0.00266623)
(0.0236367 -2.80632e-18 -0.00891704)
(0.0221168 0 -0.013589)
(0.0204839 -2.84893e-18 -0.0168954)
(0.0187752 2.87986e-18 -0.0190324)
(0.017025 -2.91688e-18 -0.0201792)
(0.015264 0 -0.0205001)
(0.0135205 -3.00704e-18 -0.0201453)
(0.0118194 0 -0.019252)
(0.0101827 3.11324e-18 -0.0179448)
(0.00862929 0 -0.0163361)
(0.00717459 3.2269e-18 -0.0145265)
(0.00583082 0 -0.0126041)
(0.00460686 0 -0.0106449)
(0.00350846 0 -0.00871265)
(0.00253848 3.44033e-18 -0.0068592)
(0.00169728 0 -0.00512538)
(0.000983152 0 -0.00354191)
(0.000392792 0 -0.00213062)
(-7.85371e-05 3.6076e-18 -0.000905798)
(-0.000436973 0 0.000124346)
(-0.00068983 0 0.000956273)
(-0.00084578 0 0.0015904)
(-0.000914892 0 0.00203105)
(-0.000908947 0 0.00228684)
(-0.000841562 0 0.00237138)
(-0.000728115 4.02893e-18 0.00230407)
(-0.000585296 0 0.00211056)
(-0.000430249 4.33148e-18 0.00182257)
(-0.000279287 0 0.00147648)
(-0.000146384 4.84566e-18 0.00111083)
(-4.15961e-05 0 0.000762415)
(3.00771e-05 0 0.000461873)
(6.91635e-05 0 0.000229279)
(8.10907e-05 7.46974e-18 7.13942e-05)
(7.43978e-05 0 -1.84579e-05)
(5.81589e-05 1.108e-17 -5.65298e-05)
(3.97776e-05 0 -6.21706e-05)
(2.34857e-05 0 -5.11144e-05)
(1.13513e-05 2.5731e-17 -3.33803e-05)
(3.94556e-06 0 -1.61764e-05)
(1.01724e-06 3.19268e-17 -5.33445e-06)
(6.58889e-08 0 -1.0963e-06)
(6.42553e-08 0 -8.66532e-08)
(-2.71799e-08 0 -1.38055e-08)
(-0.229327 4.16499e-18 1.11572)
(-0.229658 3.49268e-18 1.16437)
(-0.217652 2.81001e-18 1.19619)
(-0.206931 2.15521e-18 1.21288)
(-0.194354 1.57754e-18 1.21549)
(-0.181341 1.05937e-18 1.20534)
(-0.168021 5.99164e-19 1.18389)
(-0.154716 0 1.15266)
(-0.141606 -1.68966e-19 1.11318)
(-0.128819 -4.86689e-19 1.06694)
(-0.116428 -7.66692e-19 1.01533)
(-0.104465 -1.0136e-18 0.959653)
(-0.0929375 -1.23172e-18 0.901066)
(-0.0818329 -1.425e-18 0.840597)
(-0.0711333 -1.59695e-18 0.779144)
(-0.0608226 -1.75066e-18 0.71748)
(-0.0508937 -1.88874e-18 0.656266)
(-0.0413529 2.01334e-18 0.596072)
(-0.0322231 2.13539e-18 0.537386)
(-0.0235439 2.23701e-18 0.480632)
(-0.0153734 2.32883e-18 0.426187)
(-0.00777815 4.81534e-18 0.374393)
(-0.000825888 0 0.325542)
(0.00542053 5.08876e-18 0.279903)
(0.0109158 5.73067e-21 0.237702)
(0.0156257 5.28485e-18 0.199103)
(0.0195316 2.68042e-18 0.164198)
(0.022641 2.70283e-18 0.132999)
(0.0249862 2.7274e-18 0.105441)
(0.0266209 2.74153e-18 0.0813862)
(0.0276128 5.49939e-18 0.0606442)
(0.0280368 2.7591e-18 0.0429813)
(0.0279694 2.76299e-18 0.0281396)
(0.0274841 2.77384e-18 0.01585)
(0.0266493 2.78343e-18 0.00584434)
(0.0255275 2.78999e-18 -0.0021353)
(0.0241758 5.60276e-18 -0.00833183)
(0.0226455 0 -0.0129724)
(0.0209831 5.68985e-18 -0.0162667)
(0.0192304 1.35987e-21 -0.0184076)
(0.0174256 5.82587e-18 -0.0195718)
(0.0156033 2.95578e-18 -0.0199208)
(0.0137945 3.00179e-18 -0.0196027)
(0.0120268 0 -0.0187524)
(0.0103246 -3.10637e-18 -0.0174927)
(0.00870834 0 -0.0159343)
(0.00719515 5.35216e-22 -0.0141761)
(0.00579838 0 -0.0123048)
(0.00452783 3.32672e-18 -0.0103951)
(0.00338991 0 -0.00850983)
(0.00238786 -3.42497e-18 -0.00670005)
(0.00152222 0 -0.00500598)
(0.00079127 0 -0.00345799)
(0.000191489 0 -0.0020777)
(-0.000282272 -3.58669e-18 -0.000879304)
(-0.000636798 0 0.000128941)
(-0.000880203 3.66221e-18 0.000943379)
(-0.00102206 0 0.00156425)
(-0.00107346 0 0.00199567)
(-0.00104726 3.82067e-18 0.002246)
(-0.00095823 0 0.00232854)
(-0.000822858 3.11008e-23 0.0022623)
(-0.000658887 0 0.00207242)
(-0.000484377 1.83646e-23 0.00178997)
(-0.000316378 0 0.0014506)
(-0.000169359 -4.81524e-18 0.00109206)
(-5.36122e-05 0 0.000750368)
(2.59078e-05 5.7196e-18 0.000455521)
(7.00215e-05 0 0.000227178)
(8.46441e-05 -7.42889e-18 7.19753e-05)
(7.89036e-05 0 -1.6591e-05)
(6.24702e-05 1.52892e-25 -5.43968e-05)
(4.32496e-05 0 -6.03516e-05)
(2.58578e-05 0 -4.98353e-05)
(1.2661e-05 -2.55999e-17 -3.26472e-05)
(4.48262e-06 0 -1.58622e-05)
(1.16851e-06 -8.87924e-26 -5.24291e-06)
(8.85881e-08 0 -1.0806e-06)
(6.62994e-08 2.27948e-17 -8.58567e-08)
(-2.60902e-08 0 -1.33579e-08)
(-0.313743 0 1.0917)
(-0.309569 0 1.1394)
(-0.293329 0 1.17102)
(-0.277944 0 1.18809)
(-0.260605 0 1.19143)
(-0.242773 0 1.18229)
(-0.224645 0 1.16205)
(-0.206605 0 1.13214)
(-0.188875 0 1.09405)
(-0.171624 0 1.0492)
(-0.154954 0 0.998983)
(-0.138924 0 0.944647)
(-0.123557 0 0.887342)
(-0.108855 0 0.828085)
(-0.0948087 0 0.767769)
(-0.0814073 0 0.707168)
(-0.0686448 0 0.64695)
(-0.0565263 0 0.587688)
(-0.0450703 -4.27826e-18 0.529879)
(-0.0343103 -4.47819e-18 0.473956)
(-0.0242949 -4.6581e-18 0.4203)
(-0.0150791 -4.81912e-18 0.369258)
(-0.00671891 0 0.321127)
(0.00073499 -5.08476e-18 0.276164)
(0.00725529 -5.18817e-18 0.234594)
(0.0128322 -5.27313e-18 0.196584)
(0.017466 -5.34111e-18 0.162221)
(0.0211794 0 0.131512)
(0.0240197 -5.43279e-18 0.104387)
(0.026054 -5.46131e-18 0.0807065)
(0.0273626 -5.48229e-18 0.0602809)
(0.0280317 -5.499e-18 0.0428798)
(0.0281478 0 0.0282496)
(0.0277936 -5.5323e-18 0.0161268)
(0.0270457 -5.55418e-18 0.0062488)
(0.0259738 -5.56934e-18 -0.00163728)
(0.0246419 -5.59566e-18 -0.00776944)
(0.0231069 0 -0.0123704)
(0.0214206 -5.68426e-18 -0.0156461)
(0.0196295 -5.74654e-18 -0.017786)
(0.0177757 -2.90948e-18 -0.0189636)
(0.0158973 -5.90403e-18 -0.0193379)
(0.0140283 0 -0.0190544)
(0.012199 0 -0.0182459)
(0.0104357 0 -0.0170331)
(0.00876101 0 -0.0155248)
(0.00719334 -6.41964e-18 -0.0138181)
(0.0057473 0 -0.0119983)
(0.00443359 -6.63096e-18 -0.0101389)
(0.00325923 0 -0.00830149)
(0.00222787 0 -0.0065363)
(0.00134022 0 -0.00488296)
(0.000594535 0 -0.00337143)
(-1.28912e-05 0 -0.00202307)
(-0.000487631 0 -0.00085198)
(-0.000837124 0 0.000133595)
(-0.00107025 -7.28123e-18 0.000929884)
(-0.00119745 0 0.00153697)
(-0.0012308 0 0.00195877)
(-0.00118424 -7.59395e-18 0.00220338)
(-0.0010736 0 0.00228381)
(-0.000916456 -7.95485e-18 0.00221863)
(-0.000731564 0 0.00203247)
(-0.000537859 -8.5539e-18 0.00175575)
(-0.000353086 0 0.00142335)
(-0.000192182 0 0.00107218)
(-6.56511e-05 0 0.000737489)
(2.16018e-05 -1.13755e-17 0.000448587)
(7.06887e-05 0 0.000224702)
(8.80009e-05 0 7.23433e-05)
(8.32391e-05 0 -1.48258e-05)
(6.6652e-05 -2.1948e-17 -5.22961e-05)
(4.66342e-05 0 -5.85273e-05)
(2.81787e-05 0 -4.85355e-05)
(1.39463e-05 0 -3.1893e-05)
(5.01114e-06 0 -1.55348e-05)
(1.31781e-06 -6.30978e-17 -5.14617e-06)
(1.11248e-07 0 -1.0636e-06)
(6.8301e-08 -4.51763e-17 -8.49428e-08)
(-2.48915e-08 0 -1.28889e-08)
(-0.39543 3.90797e-18 1.06678)
(-0.386834 3.28527e-18 1.11326)
(-0.36654 2.63175e-18 1.1445)
(-0.346688 2.00792e-18 1.16179)
(-0.324807 1.45438e-18 1.16577)
(-0.302371 9.55771e-19 1.15759)
(-0.279649 5.11034e-19 1.13851)
(-0.257072 0 1.10993)
(-0.234908 -2.35952e-19 1.07324)
(-0.213362 -5.46734e-19 1.02984)
(-0.192566 -8.21454e-19 0.981067)
(-0.172605 -1.06424e-18 0.928146)
(-0.15352 -1.27896e-18 0.872206)
(-0.135328 -1.4692e-18 0.814251)
(-0.118029 -1.63819e-18 0.755168)
(-0.10162 -1.78877e-18 0.69573)
(-0.086097 -1.9234e-18 0.636606)
(-0.0714651 2.04412e-18 0.578374)
(-0.0577401 2.14272e-18 0.521539)
(-0.0449498 2.241e-18 0.466539)
(-0.033134 2.32906e-18 0.413762)
(-0.0223366 4.82263e-18 0.363554)
(-0.0126003 0 0.316217)
(-0.00396334 5.07991e-18 0.272006)
(0.00356077 -5.55907e-21 0.231128)
(0.00998294 5.26126e-18 0.193762)
(0.015329 2.66082e-18 0.159988)
(0.0196357 2.6908e-18 0.12981)
(0.0229641 2.70566e-18 0.103153)
(0.0253945 2.7201e-18 0.0798791)
(0.0270189 5.46575e-18 0.0597974)
(0.0279343 2.74027e-18 0.0426816)
(0.0282366 2.75195e-18 0.0282831)
(0.0280173 2.75885e-18 0.0163443)
(0.0273609 2.77091e-18 0.00660833)
(0.0263441 2.77974e-18 -0.00117213)
(0.0250373 5.58926e-18 -0.00722999)
(0.0235032 0 -0.0117833)
(0.0217986 5.67944e-18 -0.015034)
(0.0199745 -1.3163e-21 -0.0171677)
(0.0180771 0 -0.0183549)
(0.0161477 -1.02581e-21 -0.0187517)
(0.0142235 0 -0.0185009)
(0.0123372 0 -0.017733)
(0.0105174 -3.09642e-18 -0.0165663)
(0.00878846 0 -0.0151079)
(0.00717026 -5.24925e-22 -0.0134529)
(0.00567858 0 -0.0116852)
(0.00432502 3.30496e-18 -0.00987667)
(0.00311723 0 -0.0080879)
(0.00205924 -3.39781e-18 -0.0063682)
(0.00115192 0 -0.00475653)
(0.000393521 0 -0.00328239)
(-0.000219847 0 -0.00196689)
(-0.000694192 -3.54884e-18 -0.000823932)
(-0.0010376 0 0.000138228)
(-0.00125968 3.62029e-18 0.000915736)
(-0.00137173 0 0.00150853)
(-0.00138676 0 0.00192032)
(-0.00131973 3.77472e-18 0.00215899)
(-0.00118755 0 0.00223718)
(-0.00100883 -2.93795e-23 0.00217308)
(-0.000803266 0 0.00199076)
(-0.000590648 -1.71664e-23 0.00171995)
(-0.000389375 0 0.00139475)
(-0.000214824 -4.76022e-18 0.00105123)
(-7.76919e-05 0 0.000723798)
(1.71746e-05 5.65802e-18 0.000441082)
(7.11754e-05 0 0.000221862)
(9.1167e-05 -7.35532e-18 7.25017e-05)
(8.74064e-05 0 -1.31614e-05)
(7.07041e-05 -1.40048e-25 -5.02284e-05)
(4.99303e-05 0 -5.6699e-05)
(3.0447e-05 0 -4.72161e-05)
(1.52063e-05 -2.53631e-17 -3.11184e-05)
(5.53062e-06 0 -1.51945e-05)
(1.46502e-06 8.13e-26 -5.04436e-06)
(1.3383e-07 0 -1.04533e-06)
(7.02626e-08 2.23932e-17 -8.39112e-08)
(-2.35913e-08 0 -1.24022e-08)
(-0.474272 -3.88134e-18 1.04096)
(-0.461346 -3.26751e-18 1.08603)
(-0.437172 -2.62068e-18 1.11671)
(-0.413057 -2.00153e-18 1.1341)
(-0.386855 -1.45102e-18 1.13862)
(-0.360036 -9.54282e-19 1.13133)
(-0.332934 -5.10568e-19 1.11339)
(-0.306025 0 1.08612)
(-0.279618 2.35973e-19 1.05085)
(-0.253952 5.46982e-19 1.00894)
(-0.22919 8.22047e-19 0.961659)
(-0.20544 1.06519e-18 0.910218)
(-0.182765 1.2802e-18 0.855719)
(-0.161197 1.4706e-18 0.79915)
(-0.140747 1.63954e-18 0.741389)
(-0.121419 1.78984e-18 0.683206)
(-0.103215 1.92392e-18 0.62527)
(-0.0861399 -2.04381e-18 0.568163)
(-0.0702081 0 0.512394)
(-0.0554424 0 0.458406)
(-0.0418745 0 0.406592)
(-0.0295376 -2.40904e-18 0.3573)
(-0.0184615 0 0.310829)
(-0.00866821 -2.53366e-18 0.267436)
(-0.000162484 2.58238e-18 0.22732)
(0.00708576 -2.62207e-18 0.190646)
(0.0131272 0 0.157507)
(0.0180157 -2.67822e-18 0.127899)
(0.0218249 0 0.101746)
(0.0246474 0 0.0789076)
(0.0265864 -2.72316e-18 0.059196)
(0.0277487 0 0.0423883)
(0.0282396 -2.74254e-18 0.0282412)
(0.0281587 0 0.016503)
(0.0275981 0 0.00692324)
(0.0266413 0 -0.00073975)
(0.0253647 -2.79083e-18 -0.00671355)
(0.0238368 0 -0.0112113)
(0.0221192 -2.83692e-18 -0.0144306)
(0.0202675 2.86833e-18 -0.0165532)
(0.0183315 0 -0.0177462)
(0.0163562 2.94631e-18 -0.0181627)
(0.0143816 0 -0.0179426)
(0.012443 0 -0.0172139)
(0.0105711 3.09114e-18 -0.0160928)
(0.00879191 0 -0.014684)
(0.007127 3.19517e-18 -0.0130809)
(0.00559323 0 -0.0113656)
(0.00420306 0 -0.00960866)
(0.00296475 0 -0.00786931)
(0.00188272 3.38503e-18 -0.00619597)
(0.000957976 0 -0.00462687)
(0.000188805 0 -0.00319106)
(-0.000428873 0 -0.00190927)
(-0.000901534 3.53135e-18 -0.000795265)
(-0.00123788 0 0.000142768)
(-0.00144821 0 0.000900889)
(-0.00154465 0 0.0014789)
(-0.00154112 0 0.00188034)
(-0.0014536 0 0.00211283)
(-0.00129998 0 0.00218869)
(-0.00109988 3.9321e-18 0.00212568)
(-0.000873931 0 0.00194731)
(-0.000642697 4.2291e-18 0.0016826)
(-0.000425208 0 0.00136485)
(-0.000237256 4.73533e-18 0.00102923)
(-8.97128e-05 0 0.000709314)
(1.26418e-05 0 0.000433022)
(7.14923e-05 0 0.000218663)
(9.41484e-05 7.32221e-18 7.24543e-05)
(9.14081e-05 0 -1.15969e-05)
(7.46265e-05 1.0882e-17 -4.81942e-05)
(5.31367e-05 0 -5.48675e-05)
(3.26614e-05 0 -4.5878e-05)
(1.64399e-05 2.52563e-17 -3.03243e-05)
(6.04061e-06 0 -1.48418e-05)
(1.60997e-06 3.12176e-17 -4.93761e-06)
(1.56297e-07 0 -1.02583e-06)
(7.21868e-08 0 -8.27615e-08)
(-2.21977e-08 0 -1.19015e-08)
(-0.550168 -3.66357e-18 1.01425)
(-0.533014 -3.08674e-18 1.05776)
(-0.505134 -2.46379e-18 1.08776)
(-0.476962 -1.86984e-18 1.10512)
(-0.44666 -1.33924e-18 1.1101)
(-0.41568 -8.59271e-19 1.10363)
(-0.384417 -4.29251e-19 1.0868)
(-0.353384 0 1.06082)
(-0.322928 2.97132e-19 1.02699)
(-0.293322 6.00848e-19 0.986578)
(-0.264758 8.69967e-19 0.940838)
(-0.237369 1.10818e-18 0.890934)
(-0.211238 1.31899e-18 0.837943)
(-0.186413 1.50567e-18 0.782837)
(-0.162919 1.6712e-18 0.726481)
(-0.140768 1.81822e-18 0.669639)
(-0.119967 1.94907e-18 0.61298)
(-0.100524 -2.06571e-18 0.557087)
(-0.0824526 0 0.502472)
(-0.0657707 0 0.449582)
(-0.0505023 0 0.398813)
(-0.0366705 -2.41772e-18 0.350512)
(-0.0242926 0 0.30498)
(-0.013375 -2.53646e-18 0.262469)
(-0.00390927 2.58306e-18 0.223176)
(0.00414768 -2.62087e-18 0.187246)
(0.0108666 0 0.154784)
(0.0163251 -2.67441e-18 0.125784)
(0.0206075 0 0.100168)
(0.0238178 0 0.0777952)
(0.0260697 -2.71874e-18 0.0584792)
(0.0274795 0 0.0420017)
(0.028161 -2.73906e-18 0.028125)
(0.0282217 0 0.0166037)
(0.0277608 0 0.00719397)
(0.0268685 0 -0.000339971)
(0.025627 0 -0.00622011)
(0.0241103 0 -0.0106545)
(0.0223849 0 -0.0138361)
(0.0205105 2.86796e-18 -0.0159427)
(0.018541 0 -0.0171378)
(0.0165246 2.94525e-18 -0.0175711)
(0.0145043 0 -0.0173799)
(0.0125178 0 -0.0166892)
(0.0105979 3.08765e-18 -0.0156129)
(0.00877261 0 -0.0142535)
(0.00706472 3.18928e-18 -0.0127024)
(0.00549229 0 -0.01104)
(0.00406863 0 -0.00933516)
(0.00280263 0 -0.007646)
(0.00169904 3.37355e-18 -0.00601984)
(0.000759059 0 -0.0044942)
(-1.90263e-05 0 -0.00309758)
(-0.000639466 0 -0.00185037)
(-0.00110924 3.51513e-18 -0.000766079)
(-0.00143761 0 0.000147143)
(-0.00163555 0 0.000885299)
(-0.00171598 0 0.00144807)
(-0.00169373 0 0.00183882)
(-0.0015857 0 0.00206492)
(-0.00141079 0 0.00213837)
(-0.00118955 3.91156e-18 0.00207647)
(-0.000943495 0 0.00190216)
(-0.000693955 4.20744e-18 0.00164374)
(-0.000460548 0 0.00133366)
(-0.00025945 4.71206e-18 0.0010062)
(-0.000101692 0 0.00069406)
(8.01972e-06 0 0.000424421)
(7.165e-05 0 0.000215115)
(9.69513e-05 7.29132e-18 7.22052e-05)
(9.52466e-05 0 -1.0131e-05)
(7.84194e-05 1.08407e-17 -4.61938e-05)
(5.62524e-05 0 -5.3034e-05)
(3.48206e-05 0 -4.45224e-05)
(1.76463e-05 2.51564e-17 -2.95112e-05)
(6.54063e-06 0 -1.44771e-05)
(1.75252e-06 3.10676e-17 -4.82603e-06)
(1.78614e-07 0 -1.00512e-06)
(7.40765e-08 0 -8.14943e-08)
(-2.07192e-08 0 -1.13903e-08)
(-0.623033 3.638e-18 0.986661)
(-0.601765 3.07004e-18 1.02851)
(-0.570354 2.45359e-18 1.05772)
(-0.53833 1.86412e-18 1.07494)
(-0.50415 1.33637e-18 1.08029)
(-0.469232 8.58087e-19 1.07459)
(-0.434026 4.28937e-19 1.05882)
(-0.399079 0 1.03412)
(-0.364772 -2.972e-19 1.00172)
(-0.33141 -6.0118e-19 0.962844)
(-0.299213 -8.70642e-19 0.91868)
(-0.268338 -1.10918e-18 0.870363)
(-0.238889 -1.3202e-18 0.818942)
(-0.210932 -1.50693e-18 0.765367)
(-0.184506 -1.67229e-18 0.710492)
(-0.159633 -1.8189e-18 0.655073)
(-0.136325 -1.94906e-18 0.599774)
(-0.114595 2.06474e-18 0.545181)
(-0.0944547 2.17795e-18 0.491804)
(-0.075919 2.26819e-18 0.440093)
(-0.0590047 2.34807e-18 0.390446)
(-0.043725 4.82931e-18 0.343211)
(-0.0300848 0 0.298685)
(-0.0180762 5.05915e-18 0.257118)
(-0.0076742 5.52993e-21 0.218701)
(0.00117275 5.22323e-18 0.183574)
(0.00855404 2.64326e-18 0.151828)
(0.0145699 2.66213e-18 0.123472)
(0.0193175 2.68445e-18 0.0984252)
(0.0229109 2.699e-18 0.0765454)
(0.0254737 5.41897e-18 0.0576495)
(0.0271311 2.72203e-18 0.0415235)
(0.0280049 2.7303e-18 0.0279357)
(0.02821 2.74513e-18 0.0166473)
(0.0278525 2.75944e-18 0.00742098)
(0.0270289 0 2.74303e-05)
(0.0258271 0 -0.00574965)
(0.0243264 0 -0.010113)
(0.0225979 0 -0.0132507)
(0.0207058 -2.86533e-18 -0.0153365)
(0.0187076 0 -0.0165299)
(0.0166548 9.71253e-22 -0.0169774)
(0.0145932 0 -0.016813)
(0.0125631 0 -0.0161591)
(0.0105995 -3.08321e-18 -0.0151269)
(0.00873185 0 -0.0138167)
(0.00698458 5.02873e-22 -0.0123178)
(0.00537681 0 -0.0107086)
(0.0039227 3.27816e-18 -0.00905648)
(0.00263172 0 -0.00741821)
(0.00150898 -3.36222e-18 -0.00584005)
(0.000555831 0 -0.00435871)
(-0.000229384 0 -0.00300214)
(-0.000851129 0 -0.00179031)
(-0.00131688 -3.49959e-18 -0.00073647)
(-0.00163643 0 0.000151287)
(-0.00182141 3.56644e-18 0.000868924)
(-0.0018855 0 0.00141602)
(-0.00184439 0 0.00179576)
(-0.0017159 3.71583e-18 0.00201528)
(-0.00151985 0 0.00208624)
(-0.00127774 2.67701e-23 0.00202548)
(-0.00101189 0 0.00185535)
(-0.000744373 1.54383e-23 0.00160341)
(-0.000495356 0 0.00130123)
(-0.000281375 -4.69027e-18 0.000982181)
(-0.000113606 0 0.000678054)
(3.32462e-06 5.58004e-18 0.000415291)
(7.16595e-05 0 0.000211226)
(9.9582e-05 -7.26249e-18 7.17586e-05)
(9.89247e-05 0 -8.76245e-06)
(8.20831e-05 1.23199e-25 -4.42274e-05)
(5.92764e-05 0 -5.11993e-05)
(3.69236e-05 0 -4.315e-05)
(1.88246e-05 -2.5063e-17 -2.868e-05)
(7.03025e-06 0 -1.41006e-05)
(1.89254e-06 -7.08016e-26 -4.70976e-06)
(2.00744e-07 0 -9.83235e-07)
(7.59344e-08 2.18725e-17 -8.01093e-08)
(-1.91645e-08 0 -1.0872e-08)
(-0.692793 0 0.958208)
(-0.667542 0 0.998342)
(-0.632776 0 1.02668)
(-0.597105 0 1.04367)
(-0.559266 0 1.04932)
(-0.520633 0 1.04432)
(-0.481703 0 1.02956)
(-0.443053 0 1.00613)
(-0.405094 0 0.975158)
(-0.368161 0 0.93782)
(-0.332503 0 0.895261)
(-0.298299 0 0.848574)
(-0.265677 0 0.798776)
(-0.234718 0 0.746796)
(-0.205477 0 0.693473)
(-0.177986 0 0.639552)
(-0.152266 0 0.585693)
(-0.128332 0 0.532478)
(-0.106198 -4.36094e-18 0.480419)
(-0.0858736 -4.53741e-18 0.429966)
(-0.0673704 -4.69305e-18 0.381516)
(-0.0506915 -4.8296e-18 0.335415)
(-0.0358302 0 0.291961)
(-0.0227643 -5.05074e-18 0.251396)
(-0.0114529 -5.13754e-18 0.21391)
(-0.00183391 -5.20937e-18 0.179633)
(0.00619618 -5.26695e-18 0.148647)
(0.0127561 0 0.12097)
(0.0179607 -5.34868e-18 0.0965215)
(0.0219324 -5.37857e-18 0.0751618)
(0.0248039 -5.40416e-18 0.0567095)
(0.0267085 -5.42776e-18 0.0409557)
(0.0277759 0 0.0276747)
(0.0281278 -5.47794e-18 0.0166345)
(0.027877 -2.75318e-18 0.00760483)
(0.0271259 0 0.000362748)
(0.0259681 0 -0.00530206)
(0.0244878 0 -0.00958674)
(0.0227609 0 -0.0126746)
(0.0208556 0 -0.0147347)
(0.0188332 0 -0.0159229)
(0.0167485 -5.88309e-18 -0.0163818)
(0.01465 0 -0.0162424)
(0.0125806 0 -0.015624)
(0.0105771 0 -0.0146353)
(0.00867092 0 -0.013374)
(0.00688776 -6.35516e-18 -0.0119273)
(0.00524786 0 -0.0103717)
(0.00376623 -6.54007e-18 -0.00877289)
(0.00245288 0 -0.0071862)
(0.00131329 0 -0.00565681)
(0.000348963 0 -0.00422059)
(-0.000441679 0 -0.00290488)
(-0.00106337 0 -0.0017292)
(-0.00152405 0 -0.000706528)
(-0.00183401 0 0.000155137)
(-0.00200552 -7.10097e-18 0.000851729)
(-0.00205298 0 0.00138273)
(-0.00199292 0 0.00175117)
(-0.00184404 -7.397e-18 0.00196393)
(-0.00162707 0 0.00203233)
(-0.00136436 -7.74827e-18 0.00197275)
(-0.00107906 0 0.00180691)
(-0.000793902 -8.33618e-18 0.00156163)
(-0.000529593 0 0.00126758)
(-0.000303002 0 0.000957187)
(-0.000125432 0 0.000661317)
(-1.42682e-06 -1.11148e-17 0.000405648)
(7.15319e-05 0 0.000207005)
(0.000102047 0 7.11189e-05)
(0.000102445 0 -7.48966e-06)
(8.56178e-05 -2.15323e-17 -4.22953e-05)
(6.22078e-05 0 -4.93642e-05)
(3.89691e-05 0 -4.1762e-05)
(1.99739e-05 0 -2.78313e-05)
(7.50904e-06 0 -1.37129e-05)
(2.0299e-06 -6.15913e-17 -4.58892e-06)
(2.22652e-07 0 -9.60198e-07)
(7.77633e-08 -4.34366e-17 -7.86073e-08)
(-1.75427e-08 0 -1.03497e-08)
(-0.759389 3.24795e-18 0.928922)
(-0.730301 2.7434e-18 0.967303)
(-0.692356 2.17124e-18 0.994695)
(-0.653247 1.62658e-18 1.01139)
(-0.611965 1.13448e-18 1.01725)
(-0.569837 6.86314e-19 1.0129)
(-0.527402 2.81924e-19 0.999126)
(-0.485258 0 0.976926)
(-0.443847 -4.07053e-19 0.947376)
(-0.403532 -6.97197e-19 0.911587)
(-0.364586 -9.55118e-19 0.870656)
(-0.327214 -1.18385e-18 0.825635)
(-0.291564 -1.38635e-18 0.777508)
(-0.257737 -1.56542e-18 0.727181)
(-0.225802 -1.72369e-18 0.675473)
(-0.195802 -1.86354e-18 0.62312)
(-0.167768 -1.98713e-18 0.570775)
(-0.141718 2.09633e-18 0.519014)
(-0.117667 2.1824e-18 0.468348)
(-0.0956224 2.26862e-18 0.419226)
(-0.0755892 2.34441e-18 0.372044)
(-0.0575615 4.82862e-18 0.327145)
(-0.0415209 0 0.284823)
(-0.0274321 5.04139e-18 0.245317)
(-0.0152392 -5.24022e-21 0.208812)
(-0.00486671 5.19508e-18 0.175433)
(0.00379864 2.62364e-18 0.145247)
(0.0108901 2.64993e-18 0.118282)
(0.0165433 2.66441e-18 0.0944617)
(0.0208881 2.6798e-18 0.0736478)
(0.0240655 5.38966e-18 0.0556619)
(0.0262168 -2.777e-21 0.0403001)
(0.0274786 0 0.0273433)
(0.0279794 -2.2942e-21 0.0165664)
(0.0278381 0 0.00774615)
(0.0271631 -2.76618e-18 0.000666339)
(0.0260532 0 -0.00487718)
(0.0245975 0 -0.00907586)
(0.0228764 0 -0.0121078)
(0.0209624 -2.8645e-18 -0.0141377)
(0.0189202 0 -0.0153169)
(0.0168078 -9.28665e-22 -0.0157846)
(0.0146766 0 -0.0156683)
(0.0125718 0 -0.0150843)
(0.0105323 -3.07733e-18 -0.0141383)
(0.00859115 0 -0.0129257)
(0.00677546 -4.83941e-22 -0.0115313)
(0.00510653 0 -0.0100296)
(0.00360017 3.26242e-18 -0.00848467)
(0.00226698 0 -0.00695023)
(0.00111272 -3.3423e-18 -0.00547033)
(0.000139127 0 -0.00408002)
(-0.000655324 0 -0.00280596)
(-0.00127568 0 -0.00166718)
(-0.00173033 -3.47152e-18 -0.000676342)
(-0.00203 0 0.000158635)
(-0.00218758 3.53548e-18 0.00083368)
(-0.00221819 0 0.0013482)
(-0.00213914 0 0.00170505)
(-0.00196999 3.68222e-18 0.00191088)
(-0.00173233 0 0.00197667)
(-0.00144934 -2.49885e-23 0.00191831)
(-0.00114493 0 0.00175689)
(-0.000842492 -1.43057e-23 0.00151845)
(-0.000563219 0 0.00123275)
(-0.0003243 -4.65084e-18 0.00093125)
(-0.000137148 0 0.000643871)
(-6.21778e-06 5.53622e-18 0.000395506)
(7.12784e-05 0 0.000202461)
(0.000104352 -7.2105e-18 7.02908e-05)
(0.00010581 0 -6.31098e-06)
(8.90239e-05 -1.13098e-25 -4.03974e-05)
(6.50459e-05 0 -4.75294e-05)
(4.09561e-05 0 -4.0359e-05)
(2.10935e-05 -2.48938e-17 -2.69658e-05)
(7.9766e-06 0 -1.33141e-05)
(2.16447e-06 6.42403e-26 -4.46364e-06)
(2.44303e-07 0 -9.36044e-07)
(7.9566e-08 2.1573e-17 -7.69886e-08)
(-1.58631e-08 0 -9.82639e-09)
(-0.822778 -3.22552e-18 0.898835)
(-0.790011 -2.72894e-18 0.935451)
(-0.749068 -2.16251e-18 0.961852)
(-0.706725 -1.62176e-18 0.978175)
(-0.662215 -1.13212e-18 0.984201)
(-0.616811 -6.85388e-19 0.980435)
(-0.571085 -2.81711e-19 0.967596)
(-0.525657 0 0.946602)
(-0.480994 4.07083e-19 0.918461)
(-0.437484 6.97418e-19 0.884225)
(-0.395426 9.55552e-19 0.844939)
(-0.355049 1.18443e-18 0.801614)
(-0.316521 1.38693e-18 0.7552)
(-0.279962 1.56581e-18 0.706576)
(-0.245457 1.72367e-18 0.656544)
(-0.213061 1.86287e-18 0.605824)
(-0.182814 1.98557e-18 0.55506)
(-0.154738 -2.09366e-18 0.504824)
(-0.128849 0 0.455622)
(-0.105155 0 0.407901)
(-0.0836519 0 0.362054)
(-0.0643266 -2.40958e-18 0.31842)
(-0.0471495 0 0.277289)
(-0.0320724 -2.5127e-18 0.238895)
(-0.019026 2.55332e-18 0.203419)
(-0.00791946 -2.58753e-18 0.170979)
(0.00136613 0 0.141637)
(0.00897875 -2.63799e-18 0.115415)
(0.0150716 0 0.0922505)
(0.019784 0 0.0720071)
(0.0232644 -2.68626e-18 0.0545094)
(0.0256613 2.69974e-18 0.039559)
(0.027118 0 0.0269431)
(0.0277692 2.72856e-18 0.016444)
(0.0277399 0 0.00784561)
(0.0271441 2.76181e-18 0.000938625)
(0.0260855 0 -0.0044748)
(0.0246583 0 -0.00858025)
(0.0229472 0 -0.0115505)
(0.0210285 2.8626e-18 -0.0135455)
(0.0189706 0 -0.0147123)
(0.0168346 2.93886e-18 -0.0151862)
(0.0146747 0 -0.0150911)
(0.0125383 0 -0.0145402)
(0.0104665 3.07389e-18 -0.0136363)
(0.00849388 0 -0.0124721)
(0.00664889 3.16749e-18 -0.0111301)
(0.0049539 0 -0.00968271)
(0.00342552 0 -0.00819208)
(0.00207487 0 -0.00671052)
(0.000908057 3.33283e-18 -0.00528084)
(-7.2998e-05 0 -0.00393719)
(-0.000869743 0 -0.00270554)
(-0.0014876 0 -0.00160435)
(-0.00193531 3.45852e-18 -0.000645995)
(-0.00222406 0 0.000161725)
(-0.00236732 0 0.000814747)
(-0.0023809 0 0.00131241)
(-0.00228287 0 0.00165741)
(-0.00209361 0 0.00185617)
(-0.00183552 0 0.00191929)
(-0.00153259 3.84123e-18 0.0018622)
(-0.00120944 0 0.00170533)
(-0.00089009 4.13358e-18 0.0014739)
(-0.000596196 0 0.00119678)
(-0.000345237 4.63301e-18 0.000904398)
(-0.000148729 0 0.000625737)
(-1.10313e-05 0 0.00038488)
(7.09104e-05 0 0.000197603)
(0.000106504 7.18707e-18 6.92791e-05)
(0.000109023 0 -5.22454e-06)
(9.2302e-05 1.07013e-17 -3.85336e-05)
(6.779e-05 0 -4.56956e-05)
(4.28836e-05 0 -3.8942e-05)
(2.21825e-05 2.48173e-17 -2.60841e-05)
(8.43254e-06 0 -1.29048e-05)
(2.29612e-06 3.05575e-17 -4.33405e-06)
(2.65664e-07 0 -9.10801e-07)
(8.13453e-08 0 -7.52546e-08)
(-1.41351e-08 0 -9.30479e-09)
(-0.88293 -2.95596e-18 0.867988)
(-0.846657 -2.49841e-18 0.902844)
(-0.802896 -1.96091e-18 0.928216)
(-0.757522 -1.4499e-18 0.944116)
(-0.709996 -9.8464e-19 0.95024)
(-0.66153 -5.59022e-19 0.947009)
(-0.612728 -1.73166e-19 0.935062)
(-0.564222 0 0.915244)
(-0.516506 4.87806e-19 0.888496)
(-0.469989 7.67353e-19 0.855811)
(-0.424996 1.01629e-18 0.818183)
(-0.381777 1.23723e-18 0.776578)
(-0.340523 1.4328e-18 0.731912)
(-0.301371 1.60552e-18 0.685038)
(-0.264423 1.75779e-18 0.636735)
(-0.229746 1.89187e-18 0.587707)
(-0.197388 2.0098e-18 0.538589)
(-0.167379 -2.11343e-18 0.489945)
(-0.139735 0 0.442274)
(-0.114461 0 0.39602)
(-0.0915499 0 0.35157)
(-0.070979 -2.41453e-18 0.30926)
(-0.0527084 0 0.269375)
(-0.036678 -2.51249e-18 0.232144)
(-0.0228057 2.55124e-18 0.197741)
(-0.0109866 -2.58409e-18 0.166281)
(-0.00109497 2.61128e-18 0.137821)
(0.00702928 0 0.112374)
(0.0135522 2.65172e-18 0.0898926)
(0.0186266 0 0.0702433)
(0.0224066 0 0.0532548)
(0.0250475 2.69621e-18 0.0387342)
(0.026699 0 0.0264756)
(0.0275019 2.72636e-18 0.0162685)
(0.0275867 0 0.007904)
(0.0270727 2.76119e-18 0.00118009)
(0.0260687 0 -0.00409466)
(0.0246734 0 -0.00809982)
(0.0229759 0 -0.0110027)
(0.0210564 2.86317e-18 -0.0129583)
(0.0189867 0 -0.0141092)
(0.016831 2.93893e-18 -0.0145867)
(0.0146461 0 -0.014511)
(0.0124819 0 -0.0139921)
(0.0103813 3.07195e-18 -0.0131296)
(0.00838047 0 -0.0120136)
(0.00650927 3.16356e-18 -0.0107241)
(0.00479107 0 -0.00933121)
(0.00324324 0 -0.0078954)
(0.00187743 0 -0.00646733)
(0.000700047 3.32442e-18 -0.00508855)
(-0.000286739 0 -0.00379228)
(-0.00108437 0 -0.00260375)
(-0.00169862 0 -0.00154082)
(-0.00213858 3.44652e-18 -0.000615565)
(-0.00241585 0 0.000164355)
(-0.00254447 0 0.000794903)
(-0.0025409 0 0.00127536)
(-0.00242395 0 0.00160827)
(-0.00221476 0 0.00179981)
(-0.00193654 0 0.00186023)
(-0.00161402 3.82634e-18 0.00180446)
(-0.00127253 0 0.00165225)
(-0.000936646 4.11798e-18 0.00142803)
(-0.000628482 0 0.00115969)
(-0.000365783 4.61636e-18 0.000876658)
(-0.000160152 0 0.000606935)
(-1.58503e-05 0 0.000373786)
(7.0439e-05 0 0.00019244)
(0.00010851 7.16522e-18 6.80889e-05)
(0.000112087 0 -4.22834e-06)
(9.54526e-05 1.0672e-17 -3.67036e-05)
(7.04394e-05 0 -4.38634e-05)
(4.47507e-05 0 -3.75118e-05)
(2.32402e-05 2.47458e-17 -2.5187e-05)
(8.87648e-06 0 -1.24852e-05)
(2.42473e-06 3.04498e-17 -4.20029e-06)
(2.867e-07 0 -8.84503e-07)
(8.3104e-08 0 -7.34063e-08)
(-1.23685e-08 0 -8.78754e-09)
(-0.939829 4.34044e-18 0.836426)
(-0.900235 3.67248e-18 0.869537)
(-0.853836 2.87991e-18 0.893856)
(-0.805634 2.12523e-18 0.909283)
(-0.755298 1.43631e-18 0.915453)
(-0.703982 8.0493e-19 0.912706)
(-0.652312 2.31601e-19 0.901608)
(-0.600934 0 0.882934)
(-0.550361 -7.52192e-19 0.85756)
(-0.501026 -1.16873e-18 0.82642)
(-0.453274 -1.53974e-18 0.790457)
(-0.407378 -1.86898e-18 0.750592)
(-0.36355 -2.16023e-18 0.707707)
(-0.321947 -2.41718e-18 0.662623)
(-0.282684 -2.64337e-18 0.616096)
(-0.245843 -2.84214e-18 0.568817)
(-0.21148 -3.01655e-18 0.521404)
(-0.179631 2.10917e-18 0.474412)
(-0.150314 -1.10433e-18 0.428334)
(-0.123533 0 0.383608)
(-0.0992752 -1.17651e-18 0.340615)
(-0.0775107 2.40497e-18 0.299685)
(-0.0581898 0 0.261098)
(-0.0412412 2.50086e-18 0.225077)
(-0.0265706 -3.81078e-18 0.19179)
(-0.0140609 2.57146e-18 0.161349)
(-0.0035776 -1.29754e-18 0.133805)
(0.0050484 0 0.109165)
(0.0119921 -1.31862e-18 0.0873925)
(0.0174224 0 0.0683599)
(0.0214982 0 0.051901)
(0.0243812 -1.34258e-18 0.0378281)
(0.0262271 0 0.0259425)
(0.0271822 -1.35897e-18 0.0160409)
(0.0273826 0 0.00792214)
(0.0269526 -2.75719e-18 0.00139129)
(0.026006 1.38922e-18 -0.00373643)
(0.0246458 0 -0.00763443)
(0.0229654 1.41522e-18 -0.0104644)
(0.0210486 -2.86164e-18 -0.0123762)
(0.0189707 0 -0.0135079)
(0.0167989 -1.46828e-18 -0.0139864)
(0.0145927 0 -0.0139284)
(0.0124042 1.51224e-18 -0.0134403)
(0.0102781 -3.06904e-18 -0.0126186)
(0.00825227 0 -0.0115504)
(0.00635783 -1.57928e-18 -0.0103134)
(0.00461913 0 -0.00897542)
(0.00305431 0 -0.00759489)
(0.00167551 0 -0.00622087)
(0.000489453 -3.31603e-18 -0.00489365)
(-0.000501427 1.67427e-18 -0.00364546)
(-0.00129863 0 -0.00250072)
(-0.00190828 1.70344e-18 -0.0014767)
(-0.00233974 -3.43499e-18 -0.000585129)
(-0.00260504 0 0.000166478)
(-0.00271875 0 0.000774125)
(-0.00269796 0 0.00123704)
(-0.00256218 1.79016e-18 0.00155764)
(-0.00233331 0 0.00174183)
(-0.00203528 0 0.00179953)
(-0.00169356 -1.90616e-18 0.00174512)
(-0.00133412 0 0.00159771)
(-0.000982108 -2.05168e-18 0.00138087)
(-0.000660038 0 0.00112152)
(-0.000385907 -4.60079e-18 0.00084806)
(-0.000171394 2.48794e-18 0.000587489)
(-2.06577e-05 0 0.000362237)
(6.98759e-05 3.08652e-18 0.000186983)
(0.000110377 -7.14483e-18 6.67253e-05)
(0.000115005 0 -3.32021e-06)
(9.84764e-05 -5.32237e-18 -3.49071e-05)
(7.29937e-05 0 -4.20332e-05)
(4.65565e-05 9.26692e-18 -3.60691e-05)
(2.4266e-05 -2.46788e-17 -2.42751e-05)
(9.30806e-06 0 -1.20557e-05)
(2.55018e-06 -1.51746e-17 -4.06249e-06)
(3.07379e-07 0 -8.57178e-07)
(8.48445e-08 0 -7.14453e-08)
(-1.05729e-08 0 -8.27698e-09)
(-0.993471 -2.72695e-18 0.804197)
(-0.950749 -2.3061e-18 0.835587)
(-0.901894 -1.79655e-18 0.858836)
(-0.851064 -1.31207e-18 0.87375)
(-0.798122 -8.68049e-19 0.879917)
(-0.744163 -4.60228e-19 0.877605)
(-0.689832 -8.90392e-20 0.867315)
(-0.635783 0 0.849752)
(-0.582548 5.49576e-19 0.825731)
(-0.53058 8.20512e-19 0.796127)
(-0.480245 1.06202e-18 0.761832)
(-0.431838 1.27641e-18 0.723723)
(-0.38559 1.46602e-18 0.682643)
(-0.341676 1.63319e-18 0.639384)
(-0.300228 1.78017e-18 0.594679)
(-0.26134 1.90911e-18 0.549197)
(-0.225078 2.02202e-18 0.503543)
(-0.191484 0 0.458261)
(-0.160578 2.20696e-18 0.413834)
(-0.132362 0 0.370693)
(-0.10682 2.34761e-18 0.329212)
(-0.0839139 0 0.289715)
(-0.0635858 0 0.252474)
(-0.0457538 -1.24954e-18 0.217707)
(-0.0303126 1.26557e-18 0.185577)
(-0.0171343 0 0.15619)
(-0.00607384 -2.59223e-18 0.129596)
(0.00304236 0 0.105795)
(0.0103986 -2.63405e-18 0.0847549)
(0.0161782 0 0.0663607)
(0.0205456 0 0.0504507)
(0.0236682 -2.68302e-18 0.0368429)
(0.0257074 0 0.0253454)
(0.026815 -2.71695e-18 0.0157626)
(0.027132 0 0.00790096)
(0.026788 0 0.00157283)
(0.025901 -2.77626e-18 -0.00339975)
(0.0245787 0 -0.0071839)
(0.0229184 -2.82934e-18 -0.00993556)
(0.0210076 0 -0.0117993)
(0.018925 0 -0.0129084)
(0.0167406 -2.93732e-18 -0.0133856)
(0.0145164 0 -0.0133436)
(0.0123068 -3.02273e-18 -0.012885)
(0.0101584 0 -0.0121034)
(0.00811064 0 -0.0110829)
(0.00619577 -3.15545e-18 -0.00989846)
(0.00443918 0 -0.00861561)
(0.0028597 0 -0.00729081)
(0.00146998 0 -0.00597139)
(0.000277026 0 -0.00469635)
(-0.0007164 -3.33985e-18 -0.00349691)
(-0.00151198 0 -0.00239661)
(-0.0021161 -3.3967e-18 -0.00141209)
(-0.0025384 0 -0.000554758)
(-0.0027913 0 0.000168048)
(-0.0028899 0 0.000752391)
(-0.00285187 0 0.00119746)
(-0.00269741 -3.56799e-18 0.00150553)
(-0.00244911 0 0.00168227)
(-0.00213163 0 0.00173721)
(-0.00177111 -3.79929e-18 0.00168424)
(-0.00139416 0 0.00154175)
(-0.00102643 -4.08972e-18 0.00133246)
(-0.000690823 0 0.00108231)
(-0.000405577 0 0.000818631)
(-0.00018243 -4.96069e-18 0.000567418)
(-2.54363e-05 0 0.00035025)
(6.92323e-05 -6.15574e-18 0.00018124)
(0.00011211 0 6.51938e-05)
(0.00011778 0 -2.49785e-06)
(0.000101374 -1.06193e-17 -3.31436e-05)
(7.54522e-05 0 -4.02057e-05)
(4.83002e-05 -1.84894e-17 -3.46146e-05)
(2.52591e-05 0 -2.3349e-05)
(9.72693e-06 0 -1.16168e-05)
(2.67237e-06 -3.02554e-17 -3.92077e-06)
(3.2767e-07 0 -8.28861e-07)
(8.65696e-08 0 -6.93734e-08)
(-8.75803e-09 0 -7.77528e-09)
(-1.04387 1.32271e-18 0.771355)
(-0.998219 1.11915e-18 0.801052)
(-0.947087 8.69666e-19 0.823219)
(-0.893824 6.32294e-19 0.837587)
(-0.838477 3.73785e-20 0.843706)
(-0.782077 2.13433e-19 0.841784)
(-0.725287 3.04499e-20 0.832259)
(-0.668765 0 0.815774)
(-0.613061 -2.84896e-19 0.793083)
(-0.558643 1.77914e-20 0.765003)
(-0.505901 -5.38233e-19 0.732375)
(-0.455147 -6.4421e-19 0.696033)
(-0.406632 -7.37885e-19 0.656781)
(-0.360549 -8.20386e-19 0.615378)
(-0.317046 8.30646e-21 0.572533)
(-0.27623 -9.56252e-19 0.528893)
(-0.238176 -1.01168e-18 0.485048)
(-0.202931 0 0.441528)
(-0.170519 -2.20887e-18 0.398806)
(-0.14094 0 0.357303)
(-0.114175 3.43227e-21 0.317385)
(-0.0901803 0 0.279369)
(-0.0688878 0 0.24352)
(-0.0502071 1.24337e-18 0.210048)
(-0.034023 1.2636e-18 0.179112)
(-0.0201978 0 0.150813)
(-0.00857606 2.58329e-18 0.125199)
(0.00101833 1.30396e-18 0.102267)
(0.00877956 2.6261e-18 0.0819842)
(0.0149012 0 0.0642495)
(0.0195554 0 0.0489071)
(0.0229147 2.67728e-18 0.0357809)
(0.0251456 1.34779e-18 0.0246861)
(0.0264052 2.71298e-18 0.0154349)
(0.0268395 0 0.00784142)
(0.0265826 1.37728e-18 0.0017254)
(0.0257573 1.3871e-18 -0.00308417)
(0.0244753 0 -0.00674799)
(0.0228378 1.41418e-18 -0.00941607)
(0.020936 1.43108e-18 -0.0112276)
(0.0188517 0 -0.0123109)
(0.0166579 2.93693e-18 -0.0127845)
(0.014419 1.48938e-18 -0.0127566)
(0.0121915 1.51058e-18 -0.0123266)
(0.0100238 1.5328e-18 -0.0115845)
(0.00795694 0 -0.0106114)
(0.00602433 3.15192e-18 -0.00947951)
(0.00425229 1.59662e-18 -0.00825206)
(0.00266037 0 -0.0069834)
(0.00126167 0 -0.00571911)
(6.35241e-05 1.65069e-18 -0.00449685)
(-0.000931017 1.66584e-18 -0.00334678)
(-0.00172386 0 -0.00229153)
(-0.00232162 1.69357e-18 -0.00134709)
(-0.00273416 1.70716e-18 -0.00052452)
(-0.00297431 0 0.000169025)
(-0.00305764 0 0.000729684)
(-0.00300242 1.7552e-18 0.00115661)
(-0.00282946 1.77822e-18 0.00145196)
(-0.00256203 0 0.00162114)
(-0.00222548 0 0.00167332)
(-0.0018466 3.78707e-18 0.00162184)
(-0.00145257 1.95653e-18 0.0014844)
(-0.00106955 4.07697e-18 0.00128284)
(-0.000720797 0 0.00104208)
(-0.000424762 2.28635e-18 0.000788399)
(-0.000193237 2.47326e-18 0.000546746)
(-3.01691e-05 0 0.00033784)
(6.85196e-05 3.06981e-18 0.000175223)
(0.000113717 3.55405e-18 6.34998e-05)
(0.000120415 0 -1.75881e-06)
(0.000104147 1.05955e-17 -3.14126e-05)
(7.78147e-05 6.88577e-18 -3.83811e-05)
(4.99811e-05 9.22391e-18 -3.31491e-05)
(2.6219e-05 1.22788e-17 -2.24093e-05)
(1.01328e-05 0 -1.11687e-05)
(2.79119e-06 3.01678e-17 -3.77529e-06)
(3.47542e-07 1.30556e-17 -7.99582e-07)
(8.82814e-08 0 -6.71928e-08)
(-6.93367e-09 0 -7.28432e-09)
(-1.09104 0 0.737951)
(-1.04267 0 0.765987)
(-0.989439 0 0.787066)
(-0.933939 0 0.800859)
(-0.87638 3.75632e-19 0.80689)
(-0.817738 0 0.805315)
(-0.758685 0 0.796516)
(-0.699885 0 0.781075)
(-0.6419 0 0.759687)
(-0.585215 -4.35984e-19 0.733117)
(-0.530238 0 0.702153)
(-0.4773 0 0.667585)
(-0.426671 0 0.630177)
(-0.378561 0 0.590658)
(-0.333133 -8.991e-19 0.549707)
(-0.290506 0 0.50795)
(-0.250766 0 0.465958)
(-0.213965 0 0.424248)
(-0.180129 1.10254e-18 0.38328)
(-0.14926 0 0.343463)
(-0.121334 -1.16889e-18 0.305157)
(-0.0963008 0 0.268667)
(-0.0740866 0 0.234251)
(-0.0545917 0 0.202114)
(-0.0376923 -1.25715e-18 0.172407)
(-0.023242 0 0.145228)
(-0.0110761 -1.28626e-18 0.120623)
(-0.00101543 -1.2981e-18 0.0985873)
(0.00714296 -1.30841e-18 0.0790851)
(0.0135987 0 0.0620301)
(0.0185345 0 0.0472732)
(0.0221267 -1.33529e-18 0.0346445)
(0.0245473 -1.3444e-18 0.0239666)
(0.0259579 -1.35411e-18 0.0150594)
(0.0265094 0 0.0077446)
(0.0263406 -1.37551e-18 0.00184975)
(0.0255784 0 -0.00278922)
(0.0243388 0 -0.00632642)
(0.0227266 0 -0.00890585)
(0.0208365 -1.43051e-18 -0.0106611)
(0.0187534 0 -0.0117156)
(0.016553 -1.46812e-18 -0.0121831)
(0.0143023 -1.48872e-18 -0.0121679)
(0.0120598 0 -0.0117654)
(0.00987578 -1.53167e-18 -0.0110621)
(0.00779253 0 -0.0101361)
(0.00584471 -1.57422e-18 -0.00905686)
(0.00405955 -1.59437e-18 -0.00788505)
(0.00245728 0 -0.00667291)
(0.00105144 0 -0.00546424)
(-0.00015031 -1.64719e-18 -0.00429534)
(-0.00114464 0 -0.00319524)
(-0.00193374 0 -0.00218561)
(-0.00252437 0 -0.00128179)
(-0.00292664 -1.70238e-18 -0.000494481)
(-0.00315375 0 0.00016937)
(-0.00322173 0 0.000705989)
(-0.00314939 -1.7499e-18 0.00111451)
(-0.00295816 0 0.00139695)
(-0.00267195 0 0.00155849)
(-0.00231674 0 0.0016079)
(-0.00191994 -1.88783e-18 0.00155798)
(-0.0015093 -1.95071e-18 0.00142571)
(-0.00111142 -2.03254e-18 0.00123205)
(-0.00074992 0 0.00100088)
(-0.000443431 -2.28003e-18 0.000757394)
(-0.000203792 0 0.000525494)
(-3.48391e-05 0 0.000325022)
(6.77491e-05 0 0.00016894)
(0.000115204 -3.54579e-18 6.16491e-05)
(0.000122913 0 -1.10048e-06)
(0.000106794 -5.28667e-18 -2.97133e-05)
(8.00808e-05 -6.87171e-18 -3.65598e-05)
(5.15984e-05 0 -3.16733e-05)
(2.7145e-05 -1.22514e-17 -2.14567e-05)
(1.05252e-05 0 -1.07118e-05)
(2.90652e-06 -1.50431e-17 -3.62617e-06)
(3.66964e-07 -1.3018e-17 -7.69375e-07)
(8.99823e-08 0 -6.49058e-08)
(-5.10945e-09 0 -6.80578e-09)
(-1.13503 0 0.704041)
(-1.08414 0 0.730447)
(-1.02898 0 0.750437)
(-0.971436 0 0.763629)
(-0.911857 3.01484e-19 0.769537)
(-0.851165 0 0.768268)
(-0.790042 0 0.760155)
(-0.729153 0 0.745723)
(-0.669072 0 0.725615)
(-0.6103 -4.69545e-19 0.700537)
(-0.553257 0 0.671231)
(-0.498297 0 0.63844)
(-0.445705 0 0.60289)
(-0.395708 -8.44693e-19 0.565276)
(-0.348483 -9.12221e-19 0.526249)
(-0.304163 -9.71222e-19 0.486411)
(-0.262842 -1.02265e-18 0.446313)
(-0.224578 -1.06739e-18 0.406456)
(-0.189402 -1.1063e-18 0.367286)
(-0.157314 0 0.329202)
(-0.128286 -1.16958e-18 0.292549)
(-0.102266 0 0.257627)
(-0.0791722 0 0.224684)
(-0.0588975 0 0.193917)
(-0.0413105 -1.25458e-18 0.165472)
(-0.0262572 0 0.139443)
(-0.0135649 -1.28332e-18 0.115874)
(-0.00305012 -1.29532e-18 0.09476)
(0.00549658 -1.30583e-18 0.076062)
(0.0122782 0 0.0597063)
(0.0174896 0 0.0455521)
(0.0213106 -1.33362e-18 0.0334364)
(0.023918 -1.34309e-18 0.0231889)
(0.0254782 -1.35315e-18 0.0146374)
(0.0261465 0 0.00761164)
(0.0260661 -1.37528e-18 0.00194667)
(0.0253681 0 -0.00251434)
(0.0241724 0 -0.00591888)
(0.0225875 0 -0.00840474)
(0.0207114 -1.43096e-18 -0.0100999)
(0.0186321 0 -0.0111226)
(0.016428 -1.4684e-18 -0.0115818)
(0.0141683 -1.48879e-18 -0.0115776)
(0.0119136 0 -0.0112015)
(0.00971583 -1.53115e-18 -0.0105365)
(0.00761874 0 -0.00965743)
(0.00565811 -1.57291e-18 -0.00863078)
(0.00386202 -1.59261e-18 -0.00751483)
(0.00225138 0 -0.00635959)
(0.00084011 0 -0.00520702)
(-0.000363744 -1.64413e-18 -0.00409202)
(-0.00135666 0 -0.00304245)
(-0.00214109 0 -0.00207896)
(-0.00272391 0 -0.00121628)
(-0.00311548 -1.698e-18 -0.000464701)
(-0.00332931 0 0.000169047)
(-0.00338191 0 0.000681293)
(-0.00329259 -1.745e-18 0.00107116)
(-0.00308336 0 0.00134053)
(-0.00277873 0 0.00149434)
(-0.0024053 0 0.00154098)
(-0.00199106 -1.88252e-18 0.00149269)
(-0.00156428 -1.94529e-18 0.00136573)
(-0.001152 -2.027e-18 0.00118012)
(-0.000778152 0 0.000958741)
(-0.000461552 -2.27415e-18 0.000725644)
(-0.00021407 0 0.000503686)
(-3.94293e-05 0 0.000311814)
(6.6932e-05 0 0.000162403)
(0.000116579 -3.5381e-18 5.96477e-05)
(0.000125278 0 -5.20143e-07)
(0.000109319 -5.27633e-18 -2.80451e-05)
(8.22501e-05 -6.85857e-18 -3.4742e-05)
(5.31515e-05 0 -3.01878e-05)
(2.80366e-05 -1.22258e-17 -2.04917e-05)
(1.09041e-05 0 -1.02465e-05)
(3.01827e-06 -1.50052e-17 -3.47355e-06)
(3.85908e-07 -1.29829e-17 -7.3827e-07)
(9.16743e-08 0 -6.2515e-08)
(-3.29494e-09 0 -6.341e-09)
(-1.17587 1.05479e-18 0.669676)
(-1.12267 8.86657e-19 0.694487)
(-1.06577 6.66613e-19 0.713387)
(-1.00636 4.58648e-19 0.725957)
(-0.94494 -3.49759e-20 0.731709)
(-0.882386 8.63744e-20 0.730708)
(-0.81938 -7.7836e-20 0.723243)
(-0.756587 0 0.709789)
(-0.694592 0 0.690931)
(-0.633905 -1.6361e-20 0.667328)
(-0.574966 -5.93427e-19 0.63967)
(-0.518141 0 0.608657)
(-0.463735 -7.75452e-19 0.574976)
(-0.411989 8.42001e-19 0.539285)
(-0.363095 -7.25416e-21 0.502207)
(-0.317198 -6.15521e-21 0.464319)
(-0.274399 1.01852e-18 0.426152)
(-0.234765 1.06276e-18 0.388187)
(-0.198329 2.20618e-18 0.350856)
(-0.165091 0 0.314544)
(-0.135023 1.16362e-18 0.279585)
(-0.108066 1.19148e-18 0.246269)
(-0.0841339 0 0.214834)
(-0.0631137 1.23272e-18 0.18547)
(-0.0448669 1.24801e-18 0.158318)
(-0.0292329 0 0.133467)
(-0.0160325 2.55578e-18 0.110959)
(-0.00507637 1.28958e-18 0.0907908)
(0.00384802 2.6025e-18 0.0729198)
(0.0109473 0 0.0572821)
(0.0164279 0 0.043747)
(0.0204728 2.66087e-18 0.032159)
(0.0232636 1.33994e-18 0.022355)
(0.0249711 2.70183e-18 0.0141707)
(0.0257551 0 0.00744373)
(0.025763 1.37364e-18 0.00201706)
(0.0251298 1.38597e-18 -0.00225896)
(0.0239793 0 -0.005525)
(0.0224234 1.41431e-18 -0.00791257)
(0.0205635 1.43049e-18 -0.00954384)
(0.0184903 0 -0.0105318)
(0.0162849 2.93631e-18 -0.0109807)
(0.0140188 1.48826e-18 -0.010986)
(0.0117544 1.50941e-18 -0.0106353)
(0.00954542 1.53019e-18 -0.010008)
(0.00743691 0 -0.00917554)
(0.00546571 3.14281e-18 -0.00820154)
(0.00366076 1.59065e-18 -0.00714167)
(0.00204358 0 -0.00604367)
(0.000628494 0 -0.00494765)
(-0.000576061 1.64106e-18 -0.00388706)
(-0.00156647 1.65526e-18 -0.00288855)
(-0.00234539 0 -0.00197171)
(-0.0029198 1.68109e-18 -0.00115064)
(-0.00330029 1.6938e-18 -0.000435238)
(-0.00350069 0 0.000168026)
(-0.00353793 0 0.000655589)
(-0.00343181 1.74037e-18 0.00102656)
(-0.00320488 1.7631e-18 0.00128271)
(-0.00288224 0 0.00142873)
(-0.00249105 0 0.00147261)
(-0.00205987 3.75512e-18 0.00142602)
(-0.00161744 1.94024e-18 0.00130448)
(-0.00119123 4.0437e-18 0.00112711)
(-0.000805454 0 0.000915693)
(-0.000479095 2.26867e-18 0.000693178)
(-0.000224049 2.4548e-18 0.000481342)
(-4.3923e-05 0 0.00029823)
(6.60795e-05 3.04882e-18 0.000155621)
(0.000117846 3.53094e-18 5.75014e-05)
(0.000127512 0 -1.49449e-08)
(0.000111721 1.05334e-17 -2.64071e-05)
(8.43226e-05 6.8463e-18 -3.2928e-05)
(5.46397e-05 9.16918e-18 -2.86931e-05)
(2.88932e-05 1.22019e-17 -1.9515e-05)
(1.12689e-05 0 -9.7732e-06)
(3.12634e-06 2.994e-17 -3.31757e-06)
(4.04345e-07 1.29503e-17 -7.06303e-07)
(9.33591e-08 0 -6.00231e-08)
(-1.49951e-09 0 -5.89117e-09)
(-1.21362 -2.03751e-18 0.634911)
(-1.15833 -1.71204e-18 0.658159)
(-1.09983 -1.28128e-18 0.675971)
(-1.03874 -8.74053e-19 0.687902)
(-0.97567 -4.94665e-19 0.693466)
(-0.911435 -1.43019e-19 0.692699)
(-0.846727 7.75428e-20 0.685847)
(-0.78221 0 0.673336)
(-0.718475 0 0.655702)
(-0.656046 9.81606e-19 0.633553)
(-0.595373 1.19605e-18 0.607533)
(-0.536839 0 0.578295)
(-0.480764 1.55474e-18 0.546488)
(-0.427405 0 0.512735)
(-0.376967 1.832e-18 0.477628)
(-0.329606 1.94484e-18 0.441718)
(-0.285432 0 0.405512)
(-0.244519 0 0.369473)
(-0.206902 -2.2024e-18 0.334018)
(-0.172583 0 0.299514)
(-0.141533 0 0.266286)
(-0.113688 -2.3723e-18 0.234611)
(-0.08896 0 0.204717)
(-0.0672287 -2.45396e-18 0.176787)
(-0.0483502 0 0.150955)
(-0.0321583 0 0.127309)
(-0.0184683 -2.54651e-18 0.105887)
(-0.00708477 0 0.0866849)
(0.00220508 -2.5946e-18 0.0696634)
(0.00961424 0 0.0547614)
(0.0153564 0 0.0418613)
(0.0196197 -2.6557e-18 0.0308151)
(0.0225897 0 0.0214671)
(0.0244419 -2.69836e-18 0.0136608)
(0.02534 0 0.00724219)
(0.0254354 0 0.00206185)
(0.0248673 -2.77022e-18 -0.00202241)
(0.0237627 0 -0.00514437)
(0.0222372 -2.82795e-18 -0.00742912)
(0.0203952 0 -0.00899295)
(0.0183302 0 -0.00994346)
(0.0161257 -2.93624e-18 -0.0103798)
(0.0138555 0 -0.0103933)
(0.0115839 -3.01777e-18 -0.010067)
(0.00936603 0 -0.00947681)
(0.00724833 0 -0.00869076)
(0.00526867 -3.1402e-18 -0.00776942)
(0.00345679 0 -0.00676582)
(0.00183481 0 -0.00572539)
(0.000417388 0 -0.00468633)
(-0.000786556 0 -0.00368066)
(-0.00177346 -3.30422e-18 -0.00273368)
(-0.00254613 0 -0.00186397)
(-0.00311161 -3.35483e-18 -0.00108497)
(-0.00348072 0 -0.000406147)
(-0.00366759 0 0.000166277)
(-0.00368955 0 0.000628867)
(-0.00356686 0 0.000980734)
(-0.00332259 -3.51744e-18 0.00122353)
(-0.00298236 0 0.0013617)
(-0.00257391 0 0.00140282)
(-0.00212629 -3.74591e-18 0.00135801)
(-0.00166873 0 0.00124203)
(-0.00122906 -4.03412e-18 0.00107304)
(-0.000831785 0 0.000871774)
(-0.000496029 0 0.000660026)
(-0.000233705 -4.89899e-18 0.000458486)
(-4.83037e-05 0 0.000284287)
(6.52025e-05 -6.08556e-18 0.000148606)
(0.000119014 0 5.52166e-05)
(0.000129619 0 4.18089e-07)
(0.000114001 -1.05154e-17 -2.47984e-05)
(8.6298e-05 0 -3.11179e-05)
(5.60626e-05 -1.83065e-17 -2.719e-05)
(2.97143e-05 0 -1.85271e-05)
(1.16195e-05 0 -9.29215e-06)
(3.23064e-06 -2.98748e-17 -3.15837e-06)
(4.22248e-07 0 -6.73504e-07)
(9.50385e-08 0 -5.74335e-08)
(2.67671e-10 0 -5.45728e-09)
(-1.24836 5.28546e-20 0.599795)
(-1.19116 4.73243e-20 0.621512)
(-1.13125 6.14608e-19 0.638239)
(-1.06865 3.67303e-20 0.649516)
(-1.00409 3.19288e-20 0.654867)
(-0.938352 2.75661e-20 0.654301)
(-0.872118 1.25753e-19 0.648026)
(-0.80605 0 0.636426)
(-0.740747 3.9564e-19 0.619989)
(-0.676739 1.4662e-20 0.599274)
(-0.614491 1.24154e-20 0.574877)
(-0.5544 7.0641e-19 0.54741)
(-0.496799 -7.78729e-19 0.51748)
(-0.441959 8.5892e-19 0.485675)
(-0.390099 6.27113e-21 0.452556)
(-0.341383 5.28386e-21 0.418647)
(-0.295935 1.02321e-18 0.38443)
(-0.253831 1.06441e-18 0.350349)
(-0.215111 2.19723e-18 0.3168)
(-0.179779 0 0.284139)
(-0.147804 1.15876e-18 0.252673)
(-0.119122 1.18064e-18 0.22267)
(-0.0936383 0 0.194347)
(-0.0712301 1.22121e-18 0.16788)
(-0.0517483 1.2399e-18 0.143395)
(-0.0350219 0 0.120977)
(-0.0208616 2.53725e-18 0.100663)
(-0.00906627 1.28222e-18 0.082449)
(0.000576637 2.58686e-18 0.066297)
(0.00828703 0 0.0521482)
(0.0142824 0 0.0398984)
(0.0187577 2.65068e-18 0.0294076)
(0.0219022 1.33657e-18 0.0205274)
(0.0238956 2.69502e-18 0.0131097)
(0.0249055 0 0.00700836)
(0.0250874 1.37252e-18 0.00208203)
(0.024584 1.3843e-18 -0.001804)
(0.0235259 0 -0.00477654)
(0.0220318 1.41368e-18 -0.00695415)
(0.020209 1.43096e-18 -0.00844711)
(0.018154 0 -0.0093575)
(0.0159525 2.93622e-18 -0.00977948)
(0.0136803 1.48825e-18 -0.00979957)
(0.0114036 1.50843e-18 -0.00949686)
(0.00917908 1.5292e-18 -0.00894323)
(0.0070543 0 -0.00820335)
(0.00506814 3.1378e-18 -0.00733468)
(0.00325114 1.58759e-18 -0.00638754)
(0.00162594 0 -0.00540498)
(0.000207586 0 -0.00442329)
(-0.000994558 1.63578e-18 -0.00347298)
(-0.00197707 1.64917e-18 -0.00257799)
(-0.00274282 0 -0.00175585)
(-0.00329893 1.67398e-18 -0.00101933)
(-0.00365642 1.68634e-18 -0.000377479)
(-0.00382972 0 0.000163774)
(-0.00383653 0 0.000601123)
(-0.00369754 1.73213e-18 0.000933689)
(-0.00343631 1.75465e-18 0.00116301)
(-0.00307897 0 0.00129327)
(-0.00265377 0 0.00133167)
(-0.00219025 3.73737e-18 0.00128872)
(-0.00171808 1.93122e-18 0.00117841)
(-0.00126545 4.02525e-18 0.00101796)
(-0.000857109 0 0.00082702)
(-0.000512325 2.25889e-18 0.000626217)
(-0.000243015 2.44458e-18 0.00043514)
(-5.25551e-05 0 0.000270001)
(6.43119e-05 3.03718e-18 0.000141369)
(0.000120088 3.51812e-18 5.27995e-05)
(0.000131601 0 7.82059e-07)
(0.00011616 1.04986e-17 -2.32178e-05)
(8.81762e-05 6.82412e-18 -2.93118e-05)
(5.74195e-05 9.13833e-18 -2.56789e-05)
(3.04994e-05 1.21587e-17 -1.75286e-05)
(1.19557e-05 0 -8.80377e-06)
(3.33108e-06 2.98145e-17 -2.99609e-06)
(4.39591e-07 1.28919e-17 -6.39909e-07)
(9.67137e-08 0 -5.47493e-08)
(1.99767e-09 0 -5.03988e-09)
(-1.28015 9.21845e-19 0.564378)
(-1.22126 7.72139e-19 0.584593)
(-1.16007 0 0.600241)
(-1.09613 3.76239e-19 0.610851)
(-1.03026 1.96268e-19 0.615965)
(-0.963185 2.89995e-20 0.615568)
(-0.895592 -1.25097e-19 0.609839)
(-0.828141 0 0.599119)
(-0.761432 -3.93699e-19 0.58385)
(-0.696006 -5.08721e-19 0.564546)
(-0.632337 -6.11568e-19 0.541758)
(-0.570835 -7.02937e-19 0.516054)
(-0.511845 0 0.488002)
(-0.455653 -8.5452e-19 0.458153)
(-0.402488 -9.16522e-19 0.427036)
(-0.352528 -9.70563e-19 0.395146)
(-0.305901 -1.01756e-18 0.362942)
(-0.262692 -1.0584e-18 0.330844)
(-0.222946 -1.09393e-18 0.299231)
(-0.186667 0 0.268441)
(-0.153825 -1.15205e-18 0.238768)
(-0.124353 0 0.210465)
(-0.0981554 0 0.183741)
(-0.0751049 0 0.158761)
(-0.0550488 -1.2334e-18 0.135649)
(-0.0378121 0 0.114481)
(-0.0232014 -1.26342e-18 0.0952959)
(-0.0110112 -1.27678e-18 0.0780894)
(-0.00102827 -1.28914e-18 0.0628255)
(0.00697361 0 0.0494468)
(0.0132129 0 0.037862)
(0.0178932 -1.32251e-18 0.0279394)
(0.0212067 -1.33378e-18 0.0195385)
(0.0233372 -1.34555e-18 0.0125191)
(0.0244563 0 0.00674368)
(0.0247229 -1.37107e-18 0.00207869)
(0.0242834 0 -0.00160297)
(0.0232718 0 -0.00442102)
(0.0218098 0 -0.00648737)
(0.0200075 -1.43061e-18 -0.00790621)
(0.0179639 0 -0.00877397)
(0.0157672 -1.46797e-18 -0.00917968)
(0.013495 -1.48786e-18 -0.00920511)
(0.0112152 0 -0.00892507)
(0.00898599 -1.52845e-18 -0.00840751)
(0.00685606 0 -0.00771358)
(0.00486524 -1.56771e-18 -0.00689757)
(0.00304477 -1.58601e-18 -0.00600706)
(0.00141786 0 -0.00508266)
(-1.41044e-07 0 -0.00415873)
(-0.00119941 -1.63327e-18 -0.0032642)
(-0.00217673 0 -0.00242161)
(-0.00293497 0 -0.00164744)
(-0.00348134 0 -0.00095381)
(-0.00382705 -1.68294e-18 -0.000349282)
(-0.00398681 0 0.000160493)
(-0.00397864 0 0.000572356)
(-0.00382367 -1.72842e-18 0.000885442)
(-0.0035459 0 0.00110118)
(-0.00317195 0 0.0012235)
(-0.00273054 0 0.00125918)
(-0.00225167 -1.86474e-18 0.00121817)
(-0.00176544 -1.9272e-18 0.00111366)
(-0.00130034 -2.00852e-18 0.000961918)
(-0.000881386 0 0.000781466)
(-0.000527952 -2.25454e-18 0.000591779)
(-0.000251959 0 0.000411327)
(-5.66612e-05 0 0.000255389)
(6.34182e-05 0 0.000133919)
(0.000121074 -3.51239e-18 5.02566e-05)
(0.000133463 0 1.08017e-06)
(0.0001182 -5.24151e-18 -2.16644e-05)
(8.99572e-05 -6.81412e-18 -2.75098e-05)
(5.87102e-05 0 -2.41604e-05)
(3.12481e-05 -1.21393e-17 -1.65201e-05)
(1.22771e-05 0 -8.30841e-06)
(3.42757e-06 -1.48794e-17 -2.83086e-06)
(4.56348e-07 -1.28659e-17 -6.05549e-07)
(9.83858e-08 0 -5.19733e-08)
(3.68182e-09 0 -4.6391e-09)
(-1.30908 8.17495e-19 0.528703)
(-1.24869 6.79789e-19 0.547447)
(-1.18639 0 0.562022)
(-1.12127 3.06937e-19 0.571954)
(-1.05424 1.3712e-19 0.57681)
(-0.985986 -2.10265e-20 0.576555)
(-0.917194 -1.67061e-19 0.571341)
(-0.848519 0 0.561469)
(-0.780563 -4.22362e-19 0.547342)
(-0.713872 -5.31982e-19 0.529426)
(-0.648929 -6.30148e-19 0.508231)
(-0.586156 -7.17476e-19 0.48428)
(-0.52591 0 0.458103)
(-0.46849 -8.62607e-19 0.430214)
(-0.414135 -9.22077e-19 0.401109)
(-0.363034 -9.7398e-19 0.371254)
(-0.315323 -1.01919e-18 0.341082)
(-0.271094 -1.05856e-18 0.310991)
(-0.230396 -1.0929e-18 0.281338)
(-0.193235 0 0.252445)
(-0.159581 -1.1494e-18 0.22459)
(-0.129368 0 0.198013)
(-0.102497 0 0.172912)
(-0.0788396 0 0.149445)
(-0.0582389 -1.22977e-18 0.127726)
(-0.0405167 0 0.10783)
(-0.0254767 -1.26011e-18 0.0897932)
(-0.0129094 -1.27375e-18 0.0736123)
(-0.00260045 -1.28651e-18 0.059254)
(0.0056818 0 0.0466616)
(0.0121551 0 0.0357558)
(0.0170325 -1.321e-18 0.0264135)
(0.0205089 -1.33261e-18 0.0185026)
(0.0227719 -1.3447e-18 0.0118911)
(0.0239967 0 0.00644968)
(0.0243459 -1.37082e-18 0.00205295)
(0.0239692 0 -0.00141853)
(0.0230036 0 -0.00407727)
(0.0215739 0 -0.00602849)
(0.019793 -1.43103e-18 -0.00737011)
(0.0177622 0 -0.00819288)
(0.0155717 -1.46829e-18 -0.00858054)
(0.0133012 -1.48804e-18 -0.00861006)
(0.0110202 0 -0.00835187)
(0.00878813 -1.52818e-18 -0.0078699)
(0.00665485 0 -0.0072217)
(0.00466104 -1.56684e-18 -0.00645837)
(0.00283867 -1.58482e-18 -0.00562463)
(0.0012114 0 -0.00475865)
(-0.00020505 0 -0.00389283)
(-0.00140049 -1.63111e-18 -0.00305448)
(-0.00237189 0 -0.00226468)
(-0.00312212 0 -0.00153887)
(-0.00365846 0 -0.000888476)
(-0.00399229 -1.67986e-18 -0.000321602)
(-0.00413858 0 0.000156412)
(-0.00411567 0 0.000542565)
(-0.00394508 -1.72503e-18 0.000836008)
(-0.00365122 0 0.00103806)
(-0.00326118 0 0.00115241)
(-0.00280412 0 0.00118542)
(-0.00231048 -1.8611e-18 0.00114642)
(-0.00181073 -1.9235e-18 0.00104784)
(-0.0013337 -2.00475e-18 0.000904942)
(-0.000904579 0 0.000735148)
(-0.000542882 -2.25053e-18 0.000556744)
(-0.000260512 0 0.000387071)
(-6.06063e-05 0 0.000240468)
(6.25319e-05 0 0.000126269)
(0.00012198 -3.50709e-18 4.75946e-05)
(0.000135206 0 1.31575e-06)
(0.000120121 -5.23426e-18 -2.01369e-05)
(9.16409e-05 -6.8048e-18 -2.57118e-05)
(5.9934e-05 0 -2.2635e-05)
(3.196e-05 -1.21213e-17 -1.55021e-05)
(1.25835e-05 0 -7.80642e-06)
(3.52002e-06 -1.48539e-17 -2.66284e-06)
(4.72494e-07 -1.28421e-17 -5.70458e-07)
(1.00055e-07 0 -4.91097e-08)
(5.31185e-09 0 -4.25531e-09)
(-1.33527 -4.3019e-20 0.492814)
(-1.27355 -6.73883e-19 0.510115)
(-1.21028 4.49372e-19 0.523622)
(-1.14413 -3.04589e-19 0.53287)
(-1.07609 -2.58081e-20 0.537448)
(-1.00681 -2.21593e-20 0.53731)
(-0.936976 1.65946e-19 0.532581)
(-0.867228 0 0.523529)
(-0.798173 4.19679e-19 0.510516)
(-0.730362 -1.13809e-20 0.493966)
(-0.664286 -9.5273e-21 0.474345)
(-0.600377 7.13028e-19 0.452136)
(-0.539003 -7.96389e-19 0.427829)
(-0.480472 8.57246e-19 0.401902)
(-0.425038 -4.59194e-21 0.374816)
(-0.372896 -3.83453e-21 0.347008)
(-0.324193 1.01283e-18 0.318885)
(-0.279026 1.05197e-18 0.290818)
(-0.237447 2.17462e-18 0.263147)
(-0.199467 0 0.236173)
(-0.165058 1.14252e-18 0.210159)
(-0.134152 1.16757e-18 0.185331)
(-0.10665 0 0.161876)
(-0.0824203 1.20742e-18 0.139942)
(-0.0613052 1.22354e-18 0.119637)
(-0.0431235 0 0.101033)
(-0.0276763 2.51027e-18 0.0841626)
(-0.0147509 1.26869e-18 0.0690246)
(-0.00413069 2.565e-18 0.0555876)
(0.00441917 0 0.043797)
(0.0111159 0 0.0335836)
(0.0161819 2.63678e-18 0.0248331)
(0.0198142 1.33009e-18 0.0174224)
(0.0222043 2.68581e-18 0.0112277)
(0.023531 0 0.00612793)
(0.0239601 1.3695e-18 0.00200599)
(0.0236445 1.38337e-18 -0.00124983)
(0.0227243 0 -0.00374474)
(0.021327 1.41394e-18 -0.00557714)
(0.0195679 1.43073e-18 -0.00683866)
(0.0175508 0 -0.0076142)
(0.0153679 2.93638e-18 -0.00798215)
(0.0131007 1.48773e-18 -0.0080146)
(0.0108201 1.50789e-18 -0.00777746)
(0.00858683 1.52756e-18 -0.00733063)
(0.00645184 0 -0.00672797)
(0.00445661 3.13166e-18 -0.00601731)
(0.00263376 1.58348e-18 -0.0052405)
(0.00100738 0 -0.00443319)
(-0.000406419 0 -0.00362581)
(-0.00159717 1.62896e-18 -0.00284399)
(-0.00256204 1.64174e-18 -0.00210731)
(-0.00330382 0 -0.00143021)
(-0.00382991 1.66523e-18 -0.000823401)
(-0.00415182 1.67695e-18 -0.000294481)
(-0.00428477 0 0.000151515)
(-0.0042474 0 0.000511751)
(-0.00406158 1.72188e-18 0.000785406)
(-0.00375213 1.74423e-18 0.000973693)
(-0.00334655 0 0.00108004)
(-0.00287443 0 0.00111041)
(-0.00236661 3.71551e-18 0.00107352)
(-0.00185392 1.92009e-18 0.000980979)
(-0.00136546 4.00255e-18 0.000847079)
(-0.000926651 0 0.000688102)
(-0.000557085 2.24683e-18 0.000521139)
(-0.000268655 2.43198e-18 0.000362394)
(-6.4375e-05 0 0.000225255)
(6.16631e-05 3.02278e-18 0.000118429)
(0.00012281 3.5022e-18 4.48202e-05)
(0.000136834 0 1.4922e-06)
(0.000121925 1.04551e-17 -1.8634e-05)
(9.32273e-05 6.79612e-18 -2.3918e-05)
(6.10906e-05 9.09929e-18 -2.11032e-05)
(3.26346e-05 1.21045e-17 -1.44753e-05)
(1.28746e-05 0 -7.29816e-06)
(3.60837e-06 2.96611e-17 -2.49216e-06)
(4.88006e-07 1.28202e-17 -5.34673e-07)
(1.01723e-07 0 -4.61636e-08)
(6.87985e-09 0 -3.88893e-09)
(-1.35882 -1.47802e-18 0.456746)
(-1.29595 0 0.472632)
(-1.23183 -8.59528e-19 0.485081)
(-1.1648 0 0.493638)
(-1.09589 -1.95373e-19 0.497922)
(-1.02573 1.05575e-19 0.497877)
(-0.954992 0 0.493606)
(-0.884313 0 0.485346)
(-0.814299 0 0.47342)
(-0.745505 1.08285e-18 0.458213)
(-0.67843 1.2714e-18 0.440148)
(-0.613511 0 0.419669)
(-0.55113 1.58802e-18 0.397224)
(-0.491604 0 0.373257)
(-0.435195 1.83375e-18 0.348195)
(-0.382109 1.93412e-18 0.322443)
(-0.332501 0 0.29638)
(-0.286475 0 0.270355)
(-0.244087 -2.1653e-18 0.244684)
(-0.205351 0 0.219648)
(-0.170241 0 0.195496)
(-0.13869 -2.32309e-18 0.172437)
(-0.110598 0 0.150648)
(-0.0858326 -2.40338e-18 0.130266)
(-0.0642344 0 0.111395)
(-0.0456202 0 0.0940995)
(-0.0297888 -2.50177e-18 0.0784124)
(-0.0165252 0 0.0643329)
(-0.00560974 -2.55812e-18 0.0518318)
(0.00319282 0 0.040858)
(0.0101025 0 0.0313493)
(0.0153475 -2.63259e-18 0.0232014)
(0.0191282 0 0.0163006)
(0.0216394 -2.68304e-18 0.010531)
(0.0230634 0 0.0057801)
(0.0235692 0 0.00193906)
(0.0233126 -2.76539e-18 -0.00109596)
(0.0224367 0 -0.00342281)
(0.0210714 -2.82743e-18 -0.00513298)
(0.0193345 0 -0.00631168)
(0.0173319 0 -0.0070379)
(0.0151577 -2.93647e-18 -0.0073846)
(0.0128951 0 -0.00741887)
(0.0106163 -3.01519e-18 -0.00720207)
(0.00838339 0 -0.00678995)
(0.00624819 0 -0.00623264)
(0.00425296 -3.12995e-18 -0.00557464)
(0.00243093 0 -0.00485488)
(0.000806596 0 -0.00410647)
(-0.000603554 0 -0.00335783)
(-0.00178887 0 -0.00263287)
(-0.00274665 -3.27915e-18 -0.00194964)
(-0.00347965 0 -0.00132158)
(-0.00399532 -3.32543e-18 -0.000758649)
(-0.00430534 0 -0.000267961)
(-0.00442512 0 0.000145783)
(-0.00437362 0 0.000479918)
(-0.00417301 0 0.000733657)
(-0.00384849 -3.48259e-18 0.000908108)
(-0.00342795 0 0.00100645)
(-0.00294137 0 0.00103421)
(-0.00241998 -3.70939e-18 0.000999504)
(-0.00189493 0 0.000913129)
(-0.00139559 -3.99619e-18 0.000788369)
(-0.000947568 0 0.000640363)
(-0.000570535 0 0.000484996)
(-0.000276366 -4.85689e-18 0.00033732)
(-6.79523e-05 0 0.000209765)
(6.08218e-05 -6.03743e-18 0.000110411)
(0.000123571 0 4.19402e-05)
(0.00013835 0 1.61306e-06)
(0.000123613 -1.04426e-17 -1.71546e-05)
(9.47166e-05 0 -2.21281e-05)
(6.21797e-05 -1.8176e-17 -1.95655e-05)
(3.32715e-05 0 -1.344e-05)
(1.31503e-05 0 -6.78399e-06)
(3.69252e-06 -2.96186e-17 -2.31897e-06)
(5.02861e-07 0 -4.98224e-07)
(1.03389e-07 0 -4.31371e-08)
(8.37818e-09 0 -3.53884e-09)
(-1.37984 7.1171e-19 0.420535)
(-1.31599 0 0.435033)
(-1.25115 2.19347e-19 0.44643)
(-1.18336 0 0.454294)
(-1.11372 8.52025e-20 0.45827)
(-1.04281 -6.2352e-20 0.458297)
(-0.971301 0 0.454459)
(-0.899822 0 0.446964)
(-0.828981 0 0.4361)
(-0.759333 -5.42525e-19 0.422213)
(-0.691382 -6.35344e-19 0.405685)
(-0.625575 0 0.386921)
(-0.5623 -3.93127e-19 0.36633)
(-0.501885 0 0.344319)
(-0.444602 -9.12632e-19 0.321282)
(-0.390666 -9.62244e-19 0.297592)
(-0.340238 0 0.2736)
(-0.293429 -5.2281e-19 0.249629)
(-0.2503 1.07686e-18 0.225972)
(-0.210871 0 0.202892)
(-0.175114 0 0.180618)
(-0.142966 1.1557e-18 0.159347)
(-0.114326 0 0.139241)
(-0.0890623 1.1962e-18 0.12043)
(-0.0670133 0 0.103009)
(-0.0479946 0 0.0870389)
(-0.0318033 1.24638e-18 0.0725506)
(-0.0182224 -6.31033e-19 0.0595442)
(-0.0070293 1.2754e-18 0.0479928)
(0.00201057 0 0.0378493)
(0.00912167 0 0.0290569)
(0.0145352 1.31401e-18 0.021522)
(0.0184559 -6.63684e-19 0.01514)
(0.0210817 1.33995e-18 0.00980321)
(0.022598 0 0.00540791)
(0.0231768 0 0.00185346)
(0.0229768 1.38207e-18 -0.000955998)
(0.0221436 0 -0.00311085)
(0.0208097 1.41352e-18 -0.0046956)
(0.019095 0 -0.00578896)
(0.0171074 0 -0.00646393)
(0.0149428 1.46817e-18 -0.00678794)
(0.0126859 -7.43938e-19 -0.00682301)
(0.0104103 1.50733e-18 -0.00662588)
(0.00817905 0 -0.00624807)
(0.00604501 0 -0.00573594)
(0.00405108 1.56413e-18 -0.0051306)
(0.00223107 -7.90728e-19 -0.00446802)
(0.000609798 0 -0.00377873)
(-0.000795784 0 -0.00308911)
(-0.00197501 0 -0.00242128)
(-0.00292524 1.6376e-18 -0.0017918)
(-0.00364917 0 -0.00121305)
(-0.00415433 1.66041e-18 -0.000694285)
(-0.00445254 0 -0.000242077)
(-0.00455941 0 0.000139203)
(-0.00449413 0 0.000447073)
(-0.00427921 -8.582e-19 0.000680782)
(-0.00394017 1.73862e-18 0.000841337)
(-0.00350527 0 0.000931665)
(-0.00300487 0 0.000956865)
(-0.00247053 1.85191e-18 0.000924428)
(-0.00193371 -9.57076e-19 0.000844335)
(-0.00142405 1.9952e-18 0.000728854)
(-0.000967293 0 0.000591969)
(-0.000583203 0 0.000448343)
(-0.000283624 2.42522e-18 0.000311871)
(-7.13236e-05 -1.33698e-18 0.000194017)
(6.00175e-05 3.01499e-18 0.000102227)
(0.000124268 0 3.89615e-05)
(0.000139758 0 1.68193e-06)
(0.000125185 5.21549e-18 -1.5697e-05)
(9.61088e-05 -3.39026e-18 -2.0342e-05)
(6.3201e-05 9.0775e-18 -1.80222e-05)
(3.38705e-05 0 -1.23969e-05)
(1.34104e-05 0 -6.26426e-06)
(3.7724e-06 1.479e-17 -2.1434e-06)
(5.17036e-07 -6.39116e-18 -4.61145e-07)
(1.05051e-07 0 -4.00346e-08)
(9.79963e-09 0 -3.20464e-09)
(-1.39849 0 0.38421)
(-1.33379 0 0.397344)
(-1.26834 1.89112e-19 0.407701)
(-1.19993 0 0.414869)
(-1.12967 0 0.418526)
(-1.05813 0 0.418605)
(-0.985966 0 0.415178)
(-0.913809 0 0.408423)
(-0.84226 0 0.398596)
(-0.771876 0 0.386005)
(-0.703165 0 0.370995)
(-0.636581 0 0.353931)
(-0.57252 -3.95375e-19 0.335184)
(-0.511319 0 0.315124)
(-0.453257 0 0.294111)
(-0.398559 0 0.272487)
(-0.347393 0 0.250573)
(-0.299875 5.19475e-19 0.228666)
(-0.256074 0 0.207037)
(-0.21601 0 0.185926)
(-0.179661 0 0.165546)
(-0.146964 0 0.146078)
(-0.11782 0 0.127672)
(-0.0920951 0 0.110447)
(-0.0696285 0 0.0944905)
(-0.0502345 0 0.0798609)
(-0.0337087 0 0.0665857)
(-0.0198327 6.28908e-19 0.0546658)
(-0.00838105 0 0.0440767)
(0.000880054 0 0.0347759)
(0.00817993 0 0.0267107)
(0.0137507 0 0.0197982)
(0.0178025 6.62654e-19 0.0139433)
(0.0205356 0 0.00904668)
(0.0221386 0 0.00501314)
(0.0227863 0 0.00175054)
(0.0226401 0 -0.000828953)
(0.0218478 0 -0.00280818)
(0.0205443 0 -0.00426458)
(0.0188515 0 -0.00527028)
(0.0168792 0 -0.00589223)
(0.0147248 0 -0.00619223)
(0.0124746 7.43828e-19 -0.00622717)
(0.0102033 0 -0.00604908)
(0.007975 0 -0.00570524)
(0.00584335 0 -0.00523812)
(0.00385191 0 -0.00468544)
(0.00203498 7.90213e-19 -0.00408014)
(0.000417721 0 -0.00345015)
(-0.000982483 0 -0.0028198)
(-0.00215506 0 -0.00220938)
(-0.00309734 0 -0.00163389)
(-0.003812 0 -0.00110473)
(-0.00430662 0 -0.000630371)
(-0.00459315 0 -0.000216866)
(-0.00468738 0 0.000131762)
(-0.00460874 0 0.000413222)
(-0.00438001 8.57006e-19 0.000626803)
(-0.00402704 0 0.000773416)
(-0.00357842 0 0.00085573)
(-0.00306484 0 0.000878415)
(-0.00251819 0 0.000848336)
(-0.00197022 9.55794e-19 0.000774641)
(-0.00145078 0 0.000668575)
(-0.000985793 0 0.000542954)
(-0.000595064 0 0.000411212)
(-0.00029041 0 0.000286072)
(-7.4475e-05 1.33542e-18 0.000178028)
(5.92596e-05 0 9.38872e-05)
(0.000124908 0 3.58914e-05)
(0.000141058 0 1.70253e-06)
(0.000126643 0 -1.426e-05)
(9.74039e-05 3.38677e-18 -1.85596e-05)
(6.41541e-05 0 -1.64739e-05)
(3.44311e-05 0 -1.13465e-05)
(1.36546e-05 0 -5.73931e-06)
(3.84795e-06 0 -1.9656e-06)
(5.30509e-07 6.38306e-18 -4.23467e-07)
(1.06709e-07 0 -3.68581e-08)
(1.11374e-08 0 -2.88473e-09)
(-1.41488 0 0.347794)
(-1.34948 0 0.359591)
(-1.28352 1.63448e-19 0.368917)
(-1.21459 0 0.375389)
(-1.14382 0 0.378717)
(-1.07176 0 0.378833)
(-0.99905 0 0.375795)
(-0.926325 0 0.369756)
(-0.854178 0 0.360942)
(-0.783166 0 0.349626)
(-0.713803 0 0.336115)
(-0.646546 0 0.320736)
(-0.581798 -3.96582e-19 0.303821)
(-0.519906 0 0.285706)
(-0.461156 0 0.266714)
(-0.40578 0 0.247157)
(-0.353953 0 0.227326)
(-0.3058 5.17878e-19 0.207491)
(-0.261391 0 0.187899)
(-0.220754 0 0.16877)
(-0.183867 0 0.150297)
(-0.15067 0 0.132646)
(-0.121064 0 0.115953)
(-0.094917 0 0.100328)
(-0.0720671 0 0.0858515)
(-0.0523282 0 0.0725755)
(-0.0354947 0 0.0605263)
(-0.0213468 6.27674e-19 0.0497051)
(-0.00965682 0 0.0400899)
(-0.000191422 0 0.0316429)
(0.0072835 0 0.0243149)
(0.0129996 0 0.0180338)
(0.0171727 6.62217e-19 0.0127137)
(0.0200053 0 0.00826375)
(0.0216891 0 0.00459765)
(0.0224011 0 0.00163171)
(0.0223054 0 -0.000713807)
(0.0215518 0 -0.0025141)
(0.0202775 0 -0.00383947)
(0.0186061 0 -0.00475542)
(0.016649 0 -0.00532271)
(0.0145054 0 -0.0055975)
(0.0122626 7.43916e-19 -0.00563146)
(0.00999666 0 -0.00547187)
(0.00777239 0 -0.00516166)
(0.00564423 0 -0.00473941)
(0.00365634 0 -0.00423938)
(0.00184347 7.89844e-19 -0.00369145)
(0.00023107 0 -0.00312096)
(-0.00116305 0 -0.00255011)
(-0.0023285 0 -0.00199729)
(-0.00326251 0 -0.00147603)
(-0.00396775 0 -0.000996688)
(-0.00445187 0 -0.000566964)
(-0.0047269 0 -0.00019236)
(-0.00480882 0 0.000123452)
(-0.00471728 0 0.000378374)
(-0.00447528 8.55946e-19 0.000571746)
(-0.00410899 0 0.000704379)
(-0.00364729 0 0.000778688)
(-0.0031212 0 0.00079891)
(-0.0025629 0 0.000771276)
(-0.00200439 9.54645e-19 0.000704093)
(-0.00147576 0 0.000607574)
(-0.00100303 0 0.000493356)
(-0.000606092 0 0.000373631)
(-0.000296705 0 0.000259945)
(-7.73926e-05 1.334e-18 0.000161815)
(5.85571e-05 0 8.54047e-05)
(0.000125495 0 3.2737e-05)
(0.000142256 0 1.67863e-06)
(0.000127988 0 -1.2842e-05)
(9.86023e-05 3.38354e-18 -1.67808e-05)
(6.50388e-05 0 -1.49208e-05)
(3.49531e-05 0 -1.02892e-05)
(1.38828e-05 0 -5.2095e-06)
(3.91908e-06 0 -1.78571e-06)
(5.43259e-07 6.37586e-18 -3.85221e-07)
(1.0836e-07 0 -3.3611e-08)
(1.23849e-08 0 -2.57772e-09)
(-1.42916 0 0.311309)
(-1.36318 0 0.321794)
(-1.29681 -1.619e-19 0.330099)
(-1.22744 0 0.335877)
(-1.15626 0 0.338867)
(-1.08377 0 0.339006)
(-1.01062 0 0.336337)
(-0.937425 0 0.330994)
(-0.864777 0 0.323171)
(-0.793237 0 0.313109)
(-0.723317 0 0.301078)
(-0.655483 0 0.287367)
(-0.590142 3.93814e-19 0.272274)
(-0.527647 0 0.256095)
(-0.468294 0 0.239121)
(-0.41232 0 0.221631)
(-0.359909 0 0.203886)
(-0.311189 6.22285e-22 0.186129)
(-0.266239 0 0.168583)
(-0.225086 5.46246e-19 0.151445)
(-0.187715 0 0.13489)
(-0.154067 0 0.119067)
(-0.124044 0 0.1041)
(-0.0975145 0 0.0900881)
(-0.0743169 0 0.077103)
(-0.0542645 6.09956e-19 0.0651928)
(-0.0371511 0 0.0543812)
(-0.0227558 3.08377e-22 0.0446697)
(-0.0108488 0 0.036039)
(-0.00119692 6.41105e-19 0.0284556)
(0.00643826 6.48032e-19 0.0218741)
(0.012287 0 0.0162326)
(0.0165711 2.17782e-22 0.0114541)
(0.0194949 0 0.00745688)
(0.0212528 6.75743e-19 0.00416335)
(0.0220243 0 0.0014984)
(0.0219753 0 -0.000609504)
(0.0212581 0 -0.00222788)
(0.0200113 0 -0.00341982)
(0.0183606 0 -0.00424411)
(0.0164187 7.24825e-19 -0.00475529)
(0.0142861 0 -0.0050038)
(0.0120515 7.92889e-23 -0.00503602)
(0.00979159 0 -0.00489442)
(0.0075723 0 -0.00461754)
(0.00544862 7.72341e-19 -0.00424004)
(0.00346522 0 -0.00379266)
(0.00165729 4.06941e-23 -0.00330218)
(5.05058e-05 0 -0.00279135)
(-0.00133693 8.04144e-19 -0.00228018)
(-0.00249483 0 -0.00178517)
(-0.00342032 0 -0.00131834)
(-0.00411606 0 -0.000889023)
(-0.00458976 0 -0.000504121)
(-0.00485354 0 -0.00016859)
(-0.00492353 8.39091e-19 0.000114263)
(-0.00481955 0 0.00034254)
(-0.00456487 5.3954e-24 0.000515634)
(-0.0041859 0 0.000634262)
(-0.0037118 0 0.000700583)
(-0.00317388 8.98675e-19 0.000718397)
(-0.00260459 0 0.000693294)
(-0.00203619 1.09677e-24 0.000632737)
(-0.00149893 0 0.000545893)
(-0.00101899 1.04693e-18 0.00044321)
(-0.000616262 0 0.000335631)
(-0.00030249 0 0.000233516)
(-8.00635e-05 -1.33273e-18 0.000145395)
(5.79188e-05 0 7.6791e-05)
(0.000126035 0 2.95056e-05)
(0.000143352 2.08643e-18 1.61411e-06)
(0.00012922 0 -1.14414e-05)
(9.97039e-05 -3.289e-26 -1.50051e-05)
(6.58549e-05 0 -1.33635e-05)
(3.54361e-05 0 -9.22568e-06)
(1.40947e-05 7.4218e-18 -4.67517e-06)
(3.98575e-06 0 -1.60387e-06)
(5.55265e-07 -7.32015e-28 -3.46443e-07)
(1.10002e-07 0 -3.02981e-08)
(1.35363e-08 2.25235e-18 -2.28266e-09)
(-1.44148 0 0.274772)
(-1.37502 0 0.283967)
(-1.30831 0 0.291262)
(-1.2386 0 0.296348)
(-1.16708 0 0.298995)
(-1.09425 0 0.299144)
(-1.02074 0 0.296828)
(-0.947161 0 0.292161)
(-0.8741 0 0.285309)
(-0.802118 0 0.27648)
(-0.731731 0 0.265912)
(-0.663405 0 0.253855)
(-0.597556 0 0.24057)
(-0.534543 0 0.22632)
(-0.474666 0 0.211359)
(-0.418172 0 0.195934)
(-0.365248 0 0.180277)
(-0.316031 -1.02591e-18 0.164603)
(-0.270601 0 0.149108)
(-0.228993 -1.0876e-18 0.13397)
(-0.191191 0 0.119342)
(-0.157141 0 0.105358)
(-0.126746 0 0.0921281)
(-0.0998747 0 0.0797393)
(-0.0763659 0 0.0682568)
(-0.0560328 -1.21641e-18 0.057723)
(-0.0386685 0 0.0481593)
(-0.0240511 -1.24954e-18 0.0395675)
(-0.0119494 0 0.0319306)
(-0.00212993 -1.28002e-18 0.0252196)
(0.0056497 -1.29422e-18 0.0193929)
(0.0116177 0 0.0143983)
(0.0160019 -1.32183e-18 0.0101678)
(0.0190081 0 0.00662857)
(0.0208332 -1.35058e-18 0.00371219)
(0.0216586 0 0.00135212)
(0.0216526 0 -0.000514953)
(0.0209689 0 -0.00194876)
(0.0197479 0 -0.00300513)
(0.0181168 0 -0.00373608)
(0.0161898 -1.44963e-18 -0.00418987)
(0.0140684 0 -0.00441114)
(0.0118423 -1.48775e-18 -0.00444096)
(0.00958924 0 -0.00431691)
(0.00737575 0 -0.00407311)
(0.00525742 -1.54429e-18 -0.00374024)
(0.00327937 0 -0.00334549)
(0.00147715 -1.57825e-18 -0.00291255)
(-0.000123347 0 -0.00246152)
(-0.00150359 -1.60726e-18 -0.00201021)
(-0.00265359 0 -0.00157315)
(-0.00357037 0 -0.00116094)
(-0.00425661 0 -0.00078181)
(-0.00472002 0 -0.000441896)
(-0.00497283 0 -0.000145584)
(-0.00503129 -1.67657e-18 0.000104189)
(-0.00491541 0 0.000305732)
(-0.00464865 -1.70832e-18 0.000458495)
(-0.00425765 0 0.000563104)
(-0.00377185 0 0.00062146)
(-0.0032228 -1.79561e-18 0.000636923)
(-0.00264321 0 0.00061444)
(-0.00206556 -1.90545e-18 0.000560618)
(-0.00152027 0 0.000483572)
(-0.00103362 -2.09195e-18 0.000392553)
(-0.00062555 0 0.000297243)
(-0.000307747 0 0.000206807)
(-8.24749e-05 0 0.000128786)
(5.73527e-05 0 6.8058e-05)
(0.000126532 0 2.62046e-05)
(0.00014435 -4.16952e-18 1.51289e-06)
(0.000130342 0 -1.00566e-05)
(0.000100709 -6.75563e-18 -1.32325e-05)
(6.66021e-05 0 -1.18022e-05)
(3.588e-05 0 -8.15633e-06)
(1.42902e-05 -1.48315e-17 -4.13669e-06)
(4.04787e-06 0 -1.42023e-06)
(5.6651e-07 -1.27281e-17 -3.07167e-07)
(1.1163e-07 0 -2.69241e-08)
(1.45858e-08 -4.4976e-18 -1.99835e-09)
(-1.45197 0 0.238195)
(-1.38512 0 0.246123)
(-1.31814 -1.3385e-19 0.252419)
(-1.24816 0 0.256816)
(-1.17638 0 0.259116)
(-1.10327 0 0.259264)
(-1.02948 0 0.257286)
(-0.955584 0 0.253276)
(-0.882187 0 0.247377)
(-0.809841 0 0.239764)
(-0.739064 0 0.230641)
(-0.670327 0 0.220223)
(-0.604048 3.9281e-19 0.208736)
(-0.540593 0 0.196406)
(-0.480269 0 0.183453)
(-0.423326 0 0.170091)
(-0.36996 0 0.156523)
(-0.320311 -4.32581e-22 0.142934)
(-0.274464 0 0.129496)
(-0.232458 5.4168e-19 0.116364)
(-0.194281 0 0.103671)
(-0.159879 0 0.091535)
(-0.129157 0 0.0800507)
(-0.101985 0 0.069295)
(-0.0782031 0 0.0593245)
(-0.0576231 6.06708e-19 0.0501765)
(-0.0400379 0 0.0418699)
(-0.0252251 -2.39715e-22 0.0344064)
(-0.0129519 0 0.0277717)
(-0.0029844 6.39084e-19 0.0219406)
(0.00492289 6.46329e-19 0.0168762)
(0.0109963 0 0.0125351)
(0.0154691 -1.69771e-22 0.00885781)
(0.0185483 0 0.0057814)
(0.0204332 6.74905e-19 0.00324619)
(0.021307 0 0.00119438)
(0.0213395 0 -0.000429034)
(0.0206863 0 -0.00167596)
(0.0194892 0 -0.0025949)
(0.0178766 0 -0.00323104)
(0.0159638 7.24818e-19 -0.00362633)
(0.0138535 0 -0.00381954)
(0.0116363 -6.15999e-23 -0.00384637)
(0.00939067 0 -0.00373949)
(0.00718369 0 -0.00352856)
(0.00507147 7.71977e-19 -0.00324022)
(0.00309953 0 -0.00289811)
(0.0013037 -3.12274e-23 -0.00252276)
(-0.000289907 0 -0.00213167)
(-0.00166252 8.03186e-19 -0.00174034)
(-0.00280435 0 -0.00136138)
(-0.0037123 0 -0.00100391)
(-0.00438905 0 -0.000675129)
(-0.00484236 0 -0.000380341)
(-0.00508453 0 -0.000123369)
(-0.00513193 8.37585e-19 9.32246e-05)
(-0.0050047 0 0.000267963)
(-0.00472649 -3.79718e-24 0.000400357)
(-0.00432415 0 0.00049094)
(-0.00382736 0 0.000541361)
(-0.00326789 8.97056e-19 0.000554535)
(-0.0026787 0 0.000534761)
(-0.00209245 -6.34505e-25 0.000487782)
(-0.00153973 0 0.000420655)
(-0.0010469 1.04515e-18 0.000341421)
(-0.000633934 0 0.000258496)
(-0.000312459 0 0.000179842)
(-8.46148e-05 -1.3306e-18 0.000112006)
(5.6867e-05 0 5.92179e-05)
(0.000126991 0 2.28415e-05)
(0.000145252 2.08325e-18 1.379e-06)
(0.000131353 0 -8.68599e-06)
(0.000101618 2.81604e-26 -1.14626e-05)
(6.72804e-05 0 -1.02374e-05)
(3.62843e-05 0 -7.08168e-06)
(1.44691e-05 7.41041e-18 -3.59439e-06)
(4.1054e-06 0 -1.23493e-06)
(5.76979e-07 3.97392e-28 -2.67427e-07)
(1.13244e-07 0 -2.34927e-08)
(1.55281e-08 2.24573e-18 -1.72301e-09)
(-1.46075 0 0.201587)
(-1.3936 0 0.208271)
(-1.32641 1.32866e-19 0.213575)
(-1.25621 0 0.217288)
(-1.18422 0 0.219237)
(-1.11091 0 0.219376)
(-1.03688 0 0.217723)
(-0.962743 0 0.214357)
(-0.889075 0 0.209393)
(-0.816433 0 0.20298)
(-0.745336 0 0.195287)
(-0.676258 0 0.186496)
(-0.609623 -3.9081e-19 0.176795)
(-0.545798 0 0.166376)
(-0.485097 0 0.155426)
(-0.427776 0 0.144125)
(-0.374034 0 0.132645)
(-0.324018 5.09145e-19 0.121144)
(-0.277816 0 0.109767)
(-0.23547 0 0.098646)
(-0.196971 0 0.0878953)
(-0.162267 0 0.0776136)
(-0.131265 0 0.0678829)
(-0.103836 0 0.0587683)
(-0.0798185 0 0.050318)
(-0.0590263 0 0.042564)
(-0.0412513 0 0.0355223)
(-0.0262705 6.2265e-19 0.0291947)
(-0.0138499 0 0.0235692)
(-0.00375477 0 0.0186245)
(0.00426243 0 0.0143288)
(0.0104269 0 0.0106467)
(0.0149762 6.59963e-19 0.00752755)
(0.0181188 0 0.00491798)
(0.0200557 0 0.00276739)
(0.0209718 0 0.00102674)
(0.0210384 0 -0.000350603)
(0.0204124 0 -0.00140868)
(0.0192369 0 -0.00218861)
(0.0176413 0 -0.0027287)
(0.0157421 0 -0.00306454)
(0.0136428 0 -0.003229)
(0.0114347 7.4387e-19 -0.00325237)
(0.00919688 0 -0.00316235)
(0.00699701 0 -0.0029841)
(0.00489157 0 -0.00274021)
(0.00292641 0 -0.00245073)
(0.00113757 7.88583e-19 -0.00213304)
(-0.000448631 0 -0.00180197)
(-0.00181325 0 -0.00147074)
(-0.00294669 0 -0.00114998)
(-0.00384574 0 -0.000847385)
(-0.00451311 0 -0.000569058)
(-0.00495655 0 -0.000319506)
(-0.00518845 0 -0.000101971)
(-0.00522526 0 8.13667e-05)
(-0.00508726 0 0.000229247)
(-0.00479826 8.52828e-19 0.000341247)
(-0.0043853 0 0.000417811)
(-0.00387825 0 0.000460333)
(-0.0033091 0 0.000471282)
(-0.00271101 0 0.000454304)
(-0.00211683 9.51288e-19 0.000414275)
(-0.00155727 0 0.000357183)
(-0.0010588 0 0.000289851)
(-0.000641391 0 0.000219421)
(-0.00031661 0 0.000152645)
(-8.64716e-05 1.32973e-18 9.50723e-05)
(5.64691e-05 0 5.0283e-05)
(0.000127417 0 1.94239e-05)
(0.00014606 0 1.21651e-06)
(0.000132256 0 -7.32777e-06)
(0.000102431 3.37299e-18 -9.69517e-06)
(6.78896e-05 0 -8.66932e-06)
(3.6649e-05 0 -6.00222e-06)
(1.46314e-05 0 -3.04862e-06)
(4.15827e-06 0 -1.04812e-06)
(5.86662e-07 6.35559e-18 -2.27259e-07)
(1.1484e-07 0 -2.00094e-08)
(1.63584e-08 0 -1.45561e-09)
(-1.46796 1.21044e-19 0.164956)
(-1.40057 9.73124e-20 0.170417)
(-1.33321 6.06274e-20 0.174736)
(-1.26285 2.63558e-20 0.177769)
(-1.1907 -6.40921e-21 0.179364)
(-1.11722 -3.72904e-20 0.179487)
(-1.04301 -6.61856e-20 0.178149)
(-0.968681 0 0.175413)
(-0.894797 -1.17645e-19 0.171371)
(-0.821919 -1.40159e-19 0.166143)
(-0.750565 -1.6057e-19 0.159867)
(-0.681211 -1.78954e-19 0.15269)
(-0.614284 -1.95421e-19 0.144767)
(-0.550157 -2.10102e-19 0.136253)
(-0.489146 -2.23148e-19 0.1273)
(-0.431513 -2.3472e-19 0.118057)
(-0.377461 -2.44985e-19 0.108665)
(-0.32714 -2.54108e-19 0.0992522)
(-0.280644 0 0.0899397)
(-0.238016 0 0.0808343)
(-0.199249 0 0.0720307)
(-0.164294 0 0.0636099)
(-0.133059 0 0.0556394)
(-0.105416 0 0.0481727)
(-0.081203 0 0.0412495)
(-0.0602343 0 0.0348961)
(-0.0423015 0 0.0291259)
(-0.0271809 -3.1107e-19 0.0239405)
(-0.0146376 0 0.0193302)
(-0.004436 0 0.0152773)
(0.00367235 0 0.0117559)
(0.00991318 0 0.00873749)
(0.0145266 -3.29889e-19 0.00618031)
(0.0177224 0 0.00404099)
(0.0197032 0 0.00227788)
(0.0206553 0 0.000850802)
(0.0207512 0 -0.000278489)
(0.0201489 0 -0.00114609)
(0.0189926 0 -0.00178572)
(0.0174125 0 -0.00222876)
(0.0155261 0 -0.00250437)
(0.0134374 0 -0.00263953)
(0.0112384 -3.71966e-19 -0.00265904)
(0.00900879 0 -0.00258563)
(0.00681653 0 -0.00243992)
(0.00471845 0 -0.00224043)
(0.00276064 0 -0.00200358)
(0.000979321 -3.94203e-19 -0.00174358)
(-0.000599021 0 -0.00147262)
(-0.00195536 0 -0.00120157)
(-0.00308025 0 -0.000939087)
(-0.0039704 0 -0.000691451)
(-0.0046285 0 -0.000463671)
(-0.00506235 0 -0.000259437)
(-0.00528438 0 -8.14122e-05)
(-0.00531113 0 6.86137e-05)
(-0.00516298 0 0.000189601)
(-0.00486387 -4.26165e-19 0.000281195)
(-0.00444101 0 0.000343756)
(-0.00392444 0 0.00037842)
(-0.00334636 0 0.000387211)
(-0.00274009 0 0.00037312)
(-0.00213865 -4.75373e-19 0.000340144)
(-0.00157287 0 0.000293197)
(-0.0010693 0 0.00023788)
(-0.000647901 0 0.000180049)
(-0.000320184 0 0.000125241)
(-8.80346e-05 6.64493e-19 7.80034e-05)
(5.61662e-05 0 4.12655e-05)
(0.000127815 0 1.59595e-05)
(0.000146777 0 1.0296e-06)
(0.00013305 0 -5.98024e-06)
(0.000103148 -1.68545e-18 -7.92972e-06)
(6.84295e-05 0 -7.09831e-06)
(3.69738e-05 0 -4.91842e-06)
(1.47768e-05 0 -2.49974e-06)
(4.20646e-06 0 -8.59936e-07)
(5.95556e-07 -3.1763e-18 -1.86691e-07)
(1.1642e-07 0 -1.64754e-08)
(1.70724e-08 0 -1.19307e-09)
(-1.47368 -2.38431e-19 0.128305)
(-1.40611 -9.68667e-20 0.132564)
(-1.33862 -1.18812e-19 0.135902)
(-1.26813 -2.62452e-20 0.138259)
(-1.19586 1.41618e-20 0.1395)
(-1.12226 7.54708e-20 0.139601)
(-1.04792 6.59429e-20 0.138569)
(-0.973434 0 0.136452)
(-0.899384 1.17251e-19 0.13332)
(-0.826321 2.79975e-19 0.129266)
(-0.754765 3.20612e-19 0.124396)
(-0.685194 1.78432e-19 0.118824)
(-0.618036 3.90061e-19 0.11267)
(-0.553669 2.09546e-19 0.106053)
(-0.492412 4.45383e-19 0.0990939)
(-0.434531 4.68496e-19 0.091907)
(-0.380233 2.44429e-19 0.0846015)
(-0.329669 -1.3466e-22 0.0772791)
(-0.282938 -2.6184e-19 0.070033)
(-0.240085 -2.69158e-19 0.0629469)
(-0.201105 0 0.0560947)
(-0.165951 0 0.0495398)
(-0.134531 0 0.0433347)
(-0.106717 0 0.0375214)
(-0.0823487 0 0.0321308)
(-0.0612401 -3.02181e-19 0.0271837)
(-0.0431821 -3.06595e-19 0.0226905)
(-0.0279507 -7.12556e-23 0.0186524)
(-0.0153102 -3.14894e-19 0.015062)
(-0.00502393 -3.18829e-19 0.0119054)
(0.0031565 -3.2257e-19 0.00916246)
(0.00945847 -3.2617e-19 0.00681145)
(0.0141231 -4.89358e-23 0.00481952)
(0.0173617 -3.33424e-19 0.00315313)
(0.0193781 -3.37174e-19 0.00177979)
(0.0203595 0 0.000668178)
(0.0204797 0 -0.000211499)
(0.0198975 0 -0.000887362)
(0.0187577 0 -0.00138567)
(0.0171915 0 -0.00173088)
(0.0153168 -3.62494e-19 -0.00194569)
(0.0132383 -3.6721e-19 -0.00205111)
(0.0110484 -1.71185e-23 -0.00206648)
(0.00882722 0 -0.00200949)
(0.00664298 0 -0.00189621)
(0.00455275 -3.85855e-19 -0.00174106)
(0.0026028 -3.90124e-19 -0.00155685)
(0.000829454 -8.24723e-24 -0.00135459)
(-0.000740631 0 -0.0011438)
(-0.00208847 -4.01134e-19 -0.00093299)
(-0.0032047 0 -0.000728828)
(-0.00408596 0 -0.000536212)
(-0.00473497 0 -0.000359038)
(-0.00515956 0 -0.000200179)
(-0.00537216 0 -6.17119e-05)
(-0.00538939 -4.1806e-19 5.49667e-05)
(-0.00523172 0 0.000149042)
(-0.00492321 -6.60937e-25 0.000220233)
(-0.00449119 0 0.000268815)
(-0.00396587 -4.38571e-19 0.00029567)
(-0.0033796 -4.47749e-19 0.000302374)
(-0.00276589 -4.59666e-19 0.000291256)
(-0.00215787 4.10335e-26 0.000265434)
(-0.0015865 -4.95333e-19 0.000228742)
(-0.00107837 -5.21692e-19 0.000185545)
(-0.000653444 0 0.00014041)
(-0.000323167 0 9.76545e-05)
(-8.92932e-05 -1.32837e-18 6.08172e-05)
(5.59649e-05 0 3.2178e-05)
(0.000128187 0 1.24561e-05)
(0.000147405 -1.03982e-18 8.22433e-07)
(0.000133737 -1.29588e-18 -4.64159e-06)
(0.000103769 1.06916e-26 -6.16597e-06)
(6.89001e-05 0 -5.52466e-06)
(3.72585e-05 0 -3.83077e-06)
(1.49052e-05 -3.69929e-18 -1.94807e-06)
(4.24991e-06 -3.67543e-18 -6.70528e-07)
(6.03669e-07 -4.3009e-29 -1.45752e-07)
(1.17988e-07 0 -1.28922e-08)
(1.76667e-08 -1.1197e-18 -9.32304e-10)
(-1.478 1.75553e-19 0.0916305)
(-1.41029 0 0.094719)
(-1.34272 8.67409e-20 0.0970684)
(-1.27213 0 0.0987554)
(-1.19977 -1.21719e-20 0.0996401)
(-1.12607 -5.78195e-20 0.0997155)
(-1.05163 0 0.0989835)
(-0.977034 0 0.097477)
(-0.902858 0 0.0952467)
(-0.829656 -2.10287e-19 0.0923576)
(-0.757948 -2.40626e-19 0.0888849)
(-0.688213 0 0.08491)
(-0.620882 -2.92512e-19 0.080518)
(-0.556334 0 0.075795)
(-0.494892 -3.33885e-19 0.070826)
(-0.436824 -3.51182e-19 0.0656932)
(-0.382341 0 0.0604746)
(-0.331596 1.26654e-19 0.0552431)
(-0.284689 3.92424e-19 0.0500653)
(-0.241668 1.34402e-19 0.0450014)
(-0.202531 0 0.0401041)
(-0.167228 0 0.0354189)
(-0.135671 0 0.0309835)
(-0.107731 0 0.0268279)
(-0.083249 0 0.0229744)
(-0.0620376 1.50954e-19 0.0194378)
(-0.0438878 4.59625e-19 0.0162256)
(-0.0285753 1.5529e-19 0.0133387)
(-0.0158635 4.72105e-19 0.0107718)
(-0.0055151 1.59309e-19 0.00851498)
(0.00271816 1.61192e-19 0.00655381)
(0.0090655 4.89088e-19 0.00487284)
(0.0137682 1.64807e-19 0.0034486)
(0.0170388 4.99992e-19 0.00225716)
(0.0190821 1.68522e-19 0.00127526)
(0.0200862 0 0.000480496)
(0.0202255 0 -0.000148433)
(0.0196594 0 -0.000631647)
(0.0185335 0 -0.000987923)
(0.0169793 0 -0.00123474)
(0.0151152 1.81238e-19 -0.00138834)
(0.0130464 5.5082e-19 -0.00146373)
(0.0108655 1.85977e-19 -0.00147476)
(0.00865284 0 -0.00143408)
(0.00647696 0 -0.00135317)
(0.00439502 1.92905e-19 -0.00124235)
(0.00245337 5.85112e-19 -0.00111076)
(0.000688392 1.97024e-19 -0.000966271)
(-0.000873087 0 -0.000815704)
(-0.00221225 2.00515e-19 -0.000665145)
(-0.00331975 0 -0.000519335)
(-0.0041922 0 -0.00038177)
(-0.00483234 0 -0.000255234)
(-0.00524799 0 -0.000141781)
(-0.00545163 0 -4.28943e-05)
(-0.00545992 2.08957e-19 4.04231e-05)
(-0.00529339 0 0.000107586)
(-0.00497619 2.12912e-19 0.000158389)
(-0.00453578 0 0.000193027)
(-0.00400248 6.57639e-19 0.000212127)
(-0.0034088 2.23801e-19 0.000216815)
(-0.00278837 6.89272e-19 0.000208759)
(-0.00217446 2.37501e-19 0.000190192)
(-0.00159812 7.42752e-19 0.000163856)
(-0.00108598 2.60757e-19 0.000132881)
(-0.000658002 0 0.000100536)
(-0.000325544 0 6.99086e-05)
(-9.02379e-05 9.95906e-19 4.35317e-05)
(5.58716e-05 0 2.30328e-05)
(0.000128537 0 8.92143e-06)
(0.000147945 5.19685e-19 5.99189e-07)
(0.000134317 1.94291e-18 -3.30999e-06)
(0.000104295 8.41831e-19 -4.40357e-06)
(6.93014e-05 0 -3.94868e-06)
(3.75029e-05 0 -2.73972e-06)
(1.50165e-05 1.84899e-18 -1.39398e-06)
(4.28861e-06 5.51187e-18 -4.80036e-07)
(6.11023e-07 1.58725e-18 -1.04493e-07)
(1.19558e-07 0 -9.27269e-09)
(1.81398e-08 5.59555e-19 -6.75215e-10)
(-1.48099 -5.78634e-20 0.0549261)
(-1.41317 0 0.0568822)
(-1.34555 -2.8426e-20 0.058229)
(-1.27488 0 0.0592533)
(-1.20246 4.41004e-21 0.059782)
(-1.12869 1.95738e-20 0.0598299)
(-1.05418 0 0.0593932)
(-0.979501 0 0.0584923)
(-0.905237 0 0.0571571)
(-0.831937 7.02601e-20 0.0554265)
(-0.760122 8.03518e-20 0.0533454)
(-0.690273 0 0.0509625)
(-0.622822 9.76149e-20 0.0483287)
(-0.55815 0 0.0454959)
(-0.496582 1.11382e-19 0.0425149)
(-0.438388 1.17138e-19 0.0394351)
(-0.38378 0 0.0363034)
(-0.332913 1.90225e-19 0.0331636)
(-0.28589 -1.96316e-19 0.0300558)
(-0.242759 1.34511e-19 0.027016)
(-0.203518 -6.89308e-20 0.0240762)
(-0.168119 0 0.0212636)
(-0.136474 0 0.0186009)
(-0.108453 0 0.0161061)
(-0.0838988 -7.43555e-20 0.0137927)
(-0.0626223 1.50999e-19 0.0116695)
(-0.0444147 -2.2982e-19 0.00974113)
(-0.029051 2.32991e-19 0.00800806)
(-0.0162945 -2.36045e-19 0.00646709)
(-0.00590681 1.59327e-19 0.00511231)
(0.0023598 1.61206e-19 0.003935)
(0.00873632 -2.44529e-19 0.00292584)
(0.0134636 2.47228e-19 0.00207089)
(0.0167553 -2.49972e-19 0.00135568)
(0.0188167 1.68521e-19 0.000766302)
(0.0198366 -8.52345e-20 0.000289262)
(0.0199896 0 -8.82201e-05)
(0.0194357 0 -0.00037823)
(0.0183208 0 -0.000592042)
(0.0167767 -8.94746e-20 -0.000740148)
(0.014922 1.81255e-19 -0.000832303)
(0.0128622 -2.75421e-19 -0.000877522)
(0.0106901 2.78986e-19 -0.000884115)
(0.00848612 0 -0.000859678)
(0.00631887 -9.53353e-20 -0.000811107)
(0.00424559 1.92901e-19 -0.000744594)
(0.00231266 -2.92535e-19 -0.000665631)
(0.000556402 2.9551e-19 -0.000578929)
(-0.000996179 0 -0.00048859)
(-0.00232651 2.00484e-19 -0.000398276)
(-0.00342524 -1.01001e-19 -0.000310812)
(-0.00428899 0 -0.000228294)
(-0.00492048 0 -0.000152394)
(-0.00532756 0 -8.43412e-05)
(-0.00552272 -1.03701e-19 -2.50297e-05)
(-0.00552266 2.08911e-19 2.49388e-05)
(-0.00534794 0 6.52101e-05)
(-0.00502278 3.193e-19 9.56597e-05)
(-0.00457474 0 0.000116401)
(-0.00403424 -2.19168e-19 0.000127811)
(-0.00343391 2.23755e-19 0.000130564)
(-0.0028075 -3.44564e-19 0.000125663)
(-0.00218839 3.56176e-19 0.00011445)
(-0.00160771 -3.71294e-19 9.85749e-05)
(-0.00109212 2.60697e-19 7.99202e-05)
(-0.000661558 -1.39003e-19 6.04515e-05)
(-0.000327304 0 4.20261e-05)
(-9.08596e-05 -3.31875e-19 2.61641e-05)
(5.58925e-05 0 1.38422e-05)
(0.00012887 -2.16829e-19 5.36319e-06)
(0.0001484 5.19493e-19 3.64214e-07)
(0.000134792 -9.7106e-19 -1.98367e-06)
(0.000104726 1.26218e-18 -2.64197e-06)
(6.96336e-05 0 -2.37056e-06)
(3.77072e-05 -7.49056e-19 -1.64566e-06)
(1.51108e-05 1.8485e-18 -8.3773e-07)
(4.32257e-06 -2.7556e-18 -2.88594e-07)
(6.17649e-07 2.38065e-18 -6.29247e-08)
(1.2115e-07 0 -5.61275e-09)
(1.84923e-08 5.59377e-19 -4.15985e-10)
(-1.48268 0 0.0183116)
(-1.41477 0 0.019009)
(-1.34716 0 0.0194328)
(-1.27641 0 0.0197803)
(-1.20395 0 0.0199558)
(-1.13014 0 0.0199724)
(-1.05558 0 0.0198267)
(-0.980852 0 0.019526)
(-0.906531 0 0.0190801)
(-0.833172 0 0.0185021)
(-0.761294 0 0.017807)
(-0.691378 0 0.017011)
(-0.623859 0 0.0161312)
(-0.559117 0 0.0151848)
(-0.49748 0 0.0141891)
(-0.439219 0 0.0131604)
(-0.384546 0 0.0121144)
(-0.333618 -3.97408e-20 0.0110658)
(-0.286537 4.08861e-20 0.010028)
(-0.243352 0 0.00901301)
(-0.204063 4.28038e-20 0.00803153)
(-0.16862 0 0.00709264)
(-0.136935 0 0.00620392)
(-0.10888 0 0.00537139)
(-0.0842951 4.56775e-20 0.00459948)
(-0.0629917 0 0.00389116)
(-0.0447606 4.68364e-20 0.0032479)
(-0.0293763 -4.73726e-20 0.00266989)
(-0.0166017 4.78867e-20 0.002156)
(-0.00619803 0 0.00170427)
(0.00208226 0 0.00131177)
(0.00847145 4.93172e-20 0.000975312)
(0.0132097 -4.97749e-20 0.000690332)
(0.0165113 5.02404e-20 0.000451941)
(0.018582 0 0.000255515)
(0.0196105 5.12138e-20 9.65434e-05)
(0.0197719 0 -2.92364e-05)
(0.0192262 0 -0.000125861)
(0.0181193 0 -0.000197089)
(0.0165833 5.34181e-20 -0.000246418)
(0.0147368 0 -0.0002771)
(0.0126854 5.46397e-20 -0.000292142)
(0.0105218 -5.52615e-20 -0.000294313)
(0.00832661 0 -0.000286148)
(0.00616829 5.64814e-20 -0.000269945)
(0.00410405 0 -0.000247768)
(0.00218025 5.76052e-20 -0.000221448)
(0.000433107 -5.81105e-20 -0.000192552)
(-0.00111028 0 -0.000162449)
(-0.00243161 0 -0.000132363)
(-0.00352151 5.93571e-20 -0.000103228)
(-0.00437662 0 -7.57407e-05)
(-0.00499968 0 -5.04594e-05)
(-0.00539853 0 -2.77933e-05)
(-0.00558567 6.06657e-20 -8.04029e-06)
(-0.0055778 0 8.59867e-06)
(-0.00539553 0 2.20048e-05)
(-0.00506313 -6.20767e-20 3.21357e-05)
(-0.00460818 0 3.90285e-05)
(-0.00406124 0 4.28082e-05)
(-0.003455 0 4.36998e-05)
(-0.00282333 6.6753e-20 4.20379e-05)
(-0.0021997 -6.89483e-20 3.8271e-05)
(-0.00161529 7.18213e-20 3.29509e-05)
(-0.00109679 0 2.67062e-05)
(-0.000664107 8.0553e-20 2.01939e-05)
(-0.000328438 0 1.40343e-05)
(-9.1149e-05 0 8.73448e-06)
(5.60349e-05 0 4.61973e-06)
(0.000129191 1.2537e-19 1.78969e-06)
(0.000148773 0 1.21951e-07)
(0.000135165 1.86989e-19 -6.6112e-07)
(0.000105065 -2.42956e-19 -8.81066e-07)
(6.98979e-05 0 -7.91e-07)
(3.78718e-05 4.32322e-19 -5.4944e-07)
(1.51882e-05 0 -2.79871e-07)
(4.35188e-06 5.30054e-19 -9.6489e-08)
(6.23577e-07 -4.5788e-19 -2.10922e-08)
(1.22785e-07 0 -1.89726e-09)
(1.87303e-08 0 -1.49361e-10)
)
;

boundaryField
{
    farLeft
    {
        type            symmetryPlane;
    }
    flatBed
    {
        type            noSlip;
    }
    slope
    {
        type            noSlip;
    }
    top
    {
        type            symmetryPlane;
    }
    frontAndBack
    {
        type            empty;
    }
    defaultFaces
    {
        type            empty;
    }
}


// ************************************************************************* //
