/*--------------------------------*- C++ -*----------------------------------*\
| =========                 |                                                 |
| \\      /  F ield         | OpenFOAM: The Open Source CFD Toolbox           |
|  \\    /   O peration     | Version:  2206                                  |
|   \\  /    A nd           | Website:  www.openfoam.com                      |
|    \\/     M anipulation  |                                                 |
\*---------------------------------------------------------------------------*/
FoamFile
{
    version     2.0;
    format      ascii;
    arch        "LSB;label=32;scalar=64";
    class       volScalarField;
    location    "1900";
    object      nut;
}
// * * * * * * * * * * * * * * * * * * * * * * * * * * * * * * * * * * * * * //

dimensions      [0 2 -1 0 0 0 0];

internalField   nonuniform List<scalar> 
25600
(
3.04695e-05
3.07794e-05
3.13149e-05
3.21214e-05
3.32175e-05
3.46167e-05
3.63251e-05
3.83405e-05
4.06547e-05
4.32555e-05
4.61301e-05
4.92668e-05
5.26559e-05
5.62902e-05
6.01646e-05
6.42762e-05
6.86237e-05
7.32069e-05
7.80268e-05
8.30851e-05
8.83839e-05
9.39259e-05
9.97138e-05
0.000105751
0.00011204
0.000118585
0.000125388
0.000132453
0.000139783
0.00014738
0.000155247
0.000163388
0.000171804
0.000180497
0.000189469
0.000198723
0.00020826
0.000218082
0.000228189
0.000238583
0.000249265
0.000260243
0.000271512
0.000283067
0.000294909
0.000307038
0.000319456
0.000332162
0.000345157
0.00035844
0.000372012
0.000385874
0.000400027
0.000414472
0.00042921
0.000444244
0.000459574
0.000475202
0.000491127
0.000507428
0.000524144
0.000541193
0.000558581
0.000576314
0.000594402
0.000612853
0.000631679
0.000650892
0.000670504
0.000690529
0.00071098
0.000731874
0.000753226
0.000775053
0.000797373
0.000820202
0.000843561
0.000867466
0.000891939
0.000916997
0.000942659
0.000968947
0.000995878
0.00102347
0.00105175
0.00108072
0.00111041
0.00114084
0.00117201
0.00120395
0.00123668
0.0012702
0.00130453
0.00133969
0.00137568
0.00141252
0.00145022
0.00148878
0.00152822
0.00156855
0.00160977
0.0016519
0.00169493
0.00173887
0.00178374
0.00182953
0.00187625
0.00192391
0.0019725
0.00202203
0.0020725
0.00212392
0.00217627
0.00222958
0.00228382
0.002339
0.00239512
0.00245217
0.00251014
0.00256903
0.00262882
0.00268951
0.00275107
0.00281349
0.00287675
0.00294082
0.00300567
0.00307127
0.00313757
0.00320452
0.00327207
0.00334015
0.00340866
0.00347752
0.00354661
0.00361578
0.00368488
0.00375368
0.00382195
0.00388939
0.00395564
0.00402026
0.00408274
0.00414243
0.00419861
0.00425042
0.00429686
0.00433687
0.00436931
0.00439307
0.00440715
0.00441082
0.00441486
0.00441664
0.00441636
0.00441527
0.00441382
0.00441094
0.00440595
0.00440383
0.00442249
0.00449463
0.0046517
0.00488879
0.00515559
0.00540446
0.00561089
0.00573961
0.00580231
0.00581184
0.00577942
0.00571433
0.00562409
0.00551468
0.00539099
0.0052576
0.00511862
0.00497051
0.00481488
0.00465353
0.00448785
0.00431903
0.00414802
0.00397573
0.00380296
0.00363052
0.00345915
0.0032896
0.0031226
0.00295882
0.00279891
0.00264354
0.00249295
0.00235068
0.00221539
0.0020859
0.00196231
0.00184486
0.00173382
0.00162951
0.00153231
0.00144262
0.00136084
0.00128728
0.00122215
0.00116545
0.00111695
0.00107616
0.00104244
0.001015
0.000992971
0.000975523
0.000961864
0.000951288
0.000943184
0.000937037
0.000932418
0.000928978
0.00092643
0.000924545
0.000923133
0.000922041
0.000921152
0.000920405
0.000919829
0.0009192
0.000918459
0.000917545
0.000916403
0.000914968
0.000913171
0.000910926
0.00090812
0.000904593
0.000900104
0.000894266
0.000886352
0.000874691
0.000855626
0.000823511
0.000329442
0.000331582
0.000336006
0.000342932
0.000352661
0.000365449
0.000381461
0.000400753
0.000423287
0.000448963
0.000477658
0.000509256
0.000543659
0.000580797
0.000620628
0.000663132
0.000708308
0.000756173
0.000806752
0.000860079
0.000916196
0.000975146
0.00103698
0.00110174
0.00116948
0.00124025
0.0013141
0.00139108
0.00147122
0.00155459
0.00164121
0.00173114
0.0018244
0.00192103
0.00202107
0.00212454
0.00223147
0.00234189
0.00245582
0.00257329
0.00269431
0.00281862
0.00294568
0.00307615
0.0032101
0.00334755
0.0034885
0.00363295
0.00378092
0.00393241
0.00408741
0.00424594
0.00440801
0.00457362
0.00474277
0.00491545
0.00509162
0.00527111
0.00545384
0.00563907
0.00582671
0.00601776
0.00621243
0.00641085
0.00661314
0.0068194
0.00702976
0.00724434
0.00746329
0.00768676
0.0079149
0.00814789
0.00838591
0.00862914
0.00887777
0.00913202
0.00939207
0.00965815
0.00993047
0.0102092
0.0104947
0.010787
0.0110864
0.011393
0.0117072
0.0120291
0.0123588
0.0126967
0.0130427
0.0133972
0.0137602
0.0141318
0.0145124
0.0149018
0.0153004
0.0157081
0.016125
0.0165513
0.0169869
0.017432
0.0178867
0.0183508
0.0188246
0.0193079
0.0198009
0.0203034
0.0208156
0.0213373
0.0218686
0.0224095
0.0229598
0.0235195
0.0240885
0.0246668
0.0252542
0.0258507
0.026456
0.02707
0.0276926
0.0283234
0.0289624
0.0296091
0.0302632
0.0309245
0.0315924
0.0322665
0.0329463
0.033631
0.03432
0.0350125
0.0357074
0.0364036
0.0370999
0.0377946
0.0384859
0.0391717
0.0398495
0.0405161
0.0411681
0.041801
0.04241
0.0429891
0.0435314
0.0440293
0.044474
0.0448567
0.0451684
0.0454017
0.0455525
0.0456218
0.045618
0.0455431
0.0451569
0.0445724
0.0438868
0.043172
0.0424673
0.0418237
0.0413593
0.0413054
0.042032
0.0439047
0.0470135
0.0509441
0.0549695
0.0581888
0.0599173
0.0608785
0.0612325
0.0610765
0.0605078
0.0596183
0.058488
0.057183
0.0557592
0.0542649
0.0524696
0.0505772
0.0486589
0.0467446
0.0448494
0.0429827
0.0411509
0.039359
0.0376109
0.0359102
0.0342598
0.0326625
0.0311202
0.0296345
0.028206
0.0268344
0.0255267
0.0242579
0.0230242
0.0218185
0.0206569
0.0195438
0.0184817
0.017473
0.0165207
0.0156286
0.0148011
0.0140428
0.0133575
0.0127477
0.012214
0.0117545
0.0113657
0.0110418
0.0107764
0.0105621
0.0103918
0.0102583
0.0101555
0.0100777
0.0100201
0.00997862
0.00994982
0.00993086
0.00991935
0.00991323
0.00991042
0.00990823
0.00990325
0.00989837
0.00989311
0.00988676
0.00987852
0.00986753
0.00985278
0.00983294
0.00980619
0.00976977
0.00971921
0.0096465
0.00953558
0.00934767
0.00896261
0.00792306
0.000702773
0.000705851
0.000712741
0.00072419
0.000741121
0.0007644
0.000794646
0.00083216
0.000876953
0.00092884
0.000987542
0.00105277
0.00112429
0.00120191
0.00128552
0.00137506
0.00147053
0.00157196
0.00167941
0.00179297
0.00191273
0.00203881
0.00217131
0.00231036
0.00245609
0.00260861
0.00276804
0.00293451
0.00310812
0.00328898
0.00347721
0.00367289
0.00387612
0.00408699
0.00430557
0.00453194
0.00476616
0.00500829
0.00525839
0.0055165
0.00578268
0.00605586
0.00633635
0.00662465
0.00692086
0.00722502
0.00753715
0.00785723
0.00818528
0.00852128
0.00886523
0.00921712
0.00957694
0.00994468
0.0103203
0.0107036
0.0110944
0.0114923
0.0118978
0.0123103
0.0127298
0.0131571
0.0135928
0.0140369
0.0144899
0.014952
0.0154234
0.0159045
0.0163956
0.0168971
0.0174092
0.0179325
0.0184674
0.0190142
0.0195735
0.0201457
0.0207314
0.021331
0.0219451
0.0225742
0.0232187
0.0238793
0.0245565
0.0252506
0.0259624
0.0266921
0.0274404
0.0282076
0.0289942
0.0298007
0.0306273
0.0314745
0.0323426
0.0332319
0.0341427
0.0350753
0.0360299
0.0370067
0.0380059
0.0390278
0.0400723
0.0411397
0.0422301
0.0433435
0.0444799
0.0456394
0.0468221
0.0480278
0.0492565
0.0505082
0.0517828
0.0530802
0.0544001
0.0557424
0.0571068
0.0584931
0.059901
0.06133
0.0627796
0.0642495
0.0657389
0.0672472
0.0687737
0.0703173
0.0718771
0.0734519
0.0750404
0.0766409
0.0782517
0.0798706
0.0814954
0.0831231
0.0847506
0.0863739
0.0879886
0.0895895
0.0911702
0.0927233
0.0942401
0.0957104
0.097122
0.0984608
0.0997108
0.100854
0.10187
0.102739
0.103442
0.103961
0.104288
0.104423
0.104374
0.104123
0.103384
0.102241
0.100763
0.0989901
0.0969522
0.0948033
0.0929544
0.0920946
0.0930887
0.0965933
0.102525
0.10983
0.11706
0.122862
0.126394
0.128294
0.128885
0.128394
0.127024
0.124966
0.122388
0.119432
0.116224
0.112716
0.108825
0.104757
0.100628
0.0965041
0.0924233
0.0884119
0.0844879
0.080665
0.0769537
0.0733628
0.0698992
0.0665684
0.0633745
0.0603199
0.0574055
0.0546305
0.0519973
0.0494866
0.047102
0.044794
0.0425566
0.0404058
0.0383506
0.0363982
0.0345564
0.0328341
0.031241
0.0297861
0.0284763
0.027315
0.0263014
0.0254305
0.0246936
0.0240795
0.0235755
0.0231683
0.0228445
0.0225917
0.0223982
0.0222537
0.0221492
0.0220766
0.0220294
0.0220018
0.0219889
0.0219863
0.0219897
0.0219944
0.021996
0.0219965
0.0219949
0.0219895
0.0219781
0.0219583
0.0219271
0.0218802
0.0218117
0.021712
0.0215657
0.021345
0.0209955
0.0203992
0.0192756
0.0169609
0.00105924
0.00106242
0.00107005
0.00108367
0.00110509
0.00113599
0.00117761
0.00123058
0.001295
0.00137057
0.00145687
0.0015534
0.00165976
0.00177564
0.00190083
0.00203524
0.00217884
0.0023317
0.0024939
0.00266559
0.00284693
0.0030381
0.00323928
0.00345069
0.00367252
0.00390498
0.00414827
0.00440258
0.0046681
0.00494502
0.00523351
0.00553374
0.00584586
0.00617
0.00650631
0.00685489
0.00721586
0.00758932
0.00797533
0.00837401
0.00878501
0.00920761
0.00964224
0.0100893
0.0105488
0.0110209
0.0115056
0.0120029
0.0125127
0.0130349
0.0135697
0.0141169
0.0146765
0.0152484
0.0158325
0.0164283
0.0170357
0.0176548
0.0182861
0.0189292
0.0195842
0.0202518
0.0209324
0.0216265
0.0223345
0.0230567
0.0237937
0.0245459
0.0253139
0.0260981
0.0268992
0.0277178
0.0285546
0.0294104
0.0302859
0.0311818
0.0320989
0.0330382
0.0340003
0.0349862
0.0359968
0.0370328
0.038095
0.0391845
0.0403019
0.041448
0.0426237
0.0438297
0.0450666
0.0463353
0.0476362
0.0489701
0.0503375
0.0517389
0.0531747
0.0546455
0.0561517
0.0576935
0.0592713
0.0608853
0.0625359
0.0642232
0.0659473
0.0677084
0.0695066
0.0713418
0.0732141
0.0751235
0.0770698
0.0790529
0.0810727
0.0831289
0.0852213
0.0873495
0.0895131
0.0917115
0.0939443
0.0962108
0.0985102
0.100842
0.103204
0.105597
0.108018
0.110466
0.112939
0.115436
0.117954
0.120491
0.123044
0.125609
0.128182
0.13076
0.133336
0.135905
0.13846
0.140993
0.143493
0.14595
0.14835
0.150677
0.152914
0.15504
0.157031
0.158861
0.160503
0.161928
0.163109
0.164024
0.164661
0.165015
0.165086
0.164824
0.163957
0.162504
0.160432
0.157698
0.154321
0.150599
0.147286
0.145521
0.14655
0.151152
0.159009
0.168557
0.177832
0.185251
0.189958
0.192382
0.192918
0.191896
0.189614
0.186339
0.182306
0.177718
0.172721
0.167216
0.161316
0.155191
0.148974
0.142754
0.136593
0.130532
0.124604
0.118834
0.113238
0.107832
0.102629
0.0976357
0.0928599
0.0883051
0.0839726
0.0798616
0.0759704
0.0722849
0.0688005
0.06548
0.0622864
0.0592174
0.0562894
0.0535162
0.0509119
0.0484921
0.0462721
0.0442652
0.04248
0.0409185
0.0395751
0.0384373
0.0374878
0.0367064
0.0360724
0.0355657
0.0351677
0.0348613
0.0346315
0.0344649
0.0343497
0.0342759
0.0342346
0.0342182
0.03422
0.0342341
0.0342547
0.0342759
0.0342931
0.0343064
0.0343137
0.0343118
0.0342972
0.0342652
0.0342098
0.0341227
0.0339918
0.0337983
0.033512
0.033081
0.0324107
0.0313206
0.0294608
0.0262176
0.00138925
0.00139198
0.00139924
0.00141348
0.00143754
0.00147403
0.00152487
0.00159103
0.00167271
0.00176952
0.00188085
0.00200602
0.00214443
0.00229566
0.0024594
0.00263552
0.00282399
0.00302486
0.00323829
0.00346446
0.0037036
0.00395596
0.00422182
0.00450146
0.00479516
0.00510321
0.0054259
0.00576351
0.00611631
0.00648454
0.00686847
0.00726832
0.00768431
0.00811664
0.00856549
0.00903104
0.00951343
0.0100128
0.0105292
0.0110629
0.0116129
0.0121794
0.0127625
0.0133625
0.0139797
0.0146139
0.0152652
0.0159335
0.0166189
0.0173212
0.0180404
0.0187764
0.0195291
0.0202982
0.0210836
0.0218848
0.0227019
0.0235353
0.0243853
0.0252518
0.0261349
0.0270351
0.027953
0.0288892
0.0298441
0.0308182
0.0318122
0.0328267
0.0338624
0.03492
0.0360004
0.0371044
0.038233
0.0393871
0.0405677
0.041776
0.043013
0.0442798
0.0455777
0.0469077
0.048271
0.0496688
0.0511023
0.0525726
0.0540808
0.0556281
0.0572156
0.0588442
0.0605149
0.0622287
0.0639865
0.065789
0.0676372
0.0695316
0.071473
0.073462
0.075499
0.0775846
0.0797192
0.0819031
0.0841366
0.08642
0.0887535
0.0911372
0.0935712
0.0960554
0.09859
0.101175
0.103809
0.106494
0.109228
0.112011
0.114842
0.117722
0.12065
0.123624
0.126644
0.129709
0.132818
0.135969
0.139162
0.142394
0.145664
0.14897
0.152309
0.155678
0.159075
0.162495
0.165936
0.169392
0.172858
0.176328
0.179796
0.183253
0.18669
0.190097
0.19346
0.196767
0.199999
0.203137
0.206159
0.209041
0.211753
0.214264
0.216544
0.218559
0.22028
0.221683
0.222754
0.223482
0.22385
0.223777
0.222991
0.221452
0.219026
0.215597
0.211186
0.206233
0.20179
0.199338
0.200337
0.205555
0.214463
0.225187
0.235482
0.243666
0.248894
0.251431
0.251674
0.25001
0.246797
0.242356
0.236971
0.230892
0.224159
0.21685
0.209122
0.201136
0.193029
0.184908
0.176852
0.168917
0.16115
0.153584
0.146246
0.139158
0.132336
0.125794
0.11954
0.11358
0.107916
0.102547
0.0974705
0.092673
0.0881438
0.0838539
0.0797683
0.0758639
0.0721477
0.0686406
0.0653637
0.0623397
0.0595904
0.0571341
0.0549811
0.0531317
0.0515739
0.0502857
0.049238
0.0483985
0.0477355
0.0472202
0.0468274
0.0465357
0.0463269
0.0461858
0.0460992
0.046056
0.0460464
0.046062
0.0460952
0.0461392
0.0461874
0.0462337
0.046273
0.0463034
0.0463217
0.0463234
0.0463031
0.0462535
0.0461652
0.0460253
0.0458146
0.0455047
0.0450508
0.0443795
0.0433677
0.0418047
0.0393432
0.0354901
0.00169313
0.00169507
0.00170128
0.00171517
0.00174068
0.0017814
0.0018399
0.00191754
0.00201459
0.00213058
0.0022647
0.00241609
0.00258397
0.00276779
0.00296717
0.00318191
0.00341198
0.00365746
0.00391853
0.00419543
0.00448845
0.00479793
0.00512422
0.00546767
0.00582867
0.00620758
0.00660477
0.00702061
0.00745544
0.00790959
0.0083834
0.00887715
0.00939113
0.0099256
0.0104808
0.0110569
0.0116542
0.0122727
0.0129127
0.0135741
0.0142562
0.0149592
0.0156834
0.0164288
0.0171958
0.0179841
0.0187939
0.0196251
0.0204775
0.0213512
0.0222459
0.0231615
0.0240979
0.0250547
0.0260316
0.0270283
0.0280454
0.029083
0.0301414
0.0312207
0.0323209
0.0334426
0.0345864
0.0357529
0.0369426
0.0381562
0.0393944
0.040658
0.0419478
0.0432648
0.04461
0.0459845
0.0473895
0.0488261
0.0502956
0.0517993
0.0533387
0.0549152
0.0565301
0.058185
0.0598813
0.0616205
0.0634041
0.0652335
0.0671101
0.0690354
0.0710107
0.0730372
0.0751163
0.077249
0.0794366
0.08168
0.0839802
0.0863382
0.0887546
0.0912303
0.0937659
0.0963619
0.0990189
0.101737
0.104518
0.10736
0.110264
0.113231
0.11626
0.119351
0.122504
0.12572
0.128997
0.132336
0.135735
0.139195
0.142715
0.146294
0.149931
0.153625
0.157375
0.161179
0.165037
0.168947
0.172906
0.176913
0.180965
0.185059
0.189193
0.193362
0.197564
0.201794
0.206046
0.210316
0.214597
0.218881
0.22316
0.227425
0.231665
0.235867
0.240017
0.244098
0.24809
0.251973
0.25572
0.259305
0.262697
0.265863
0.26877
0.271384
0.273678
0.275628
0.277217
0.278431
0.279234
0.279513
0.278985
0.277569
0.275058
0.271289
0.266284
0.260587
0.255464
0.252606
0.253531
0.258924
0.268121
0.279127
0.289605
0.297861
0.30308
0.305403
0.305188
0.302832
0.298721
0.293206
0.286603
0.279121
0.270831
0.261922
0.252564
0.242919
0.233129
0.22331
0.213554
0.203932
0.1945
0.185302
0.176374
0.167743
0.159433
0.151458
0.143833
0.136564
0.129656
0.123107
0.116913
0.111062
0.105541
0.100324
0.0953816
0.0906913
0.0862449
0.0820623
0.078172
0.0746036
0.071386
0.0685431
0.0660881
0.0640202
0.0623219
0.0609612
0.0598956
0.0590787
0.0584652
0.058015
0.0576947
0.0574772
0.057341
0.0572692
0.0572477
0.0572652
0.0573118
0.057379
0.0574593
0.0575456
0.0576313
0.0577099
0.0577763
0.0578271
0.0578578
0.0578625
0.0578337
0.0577618
0.0576339
0.0574321
0.0571309
0.0566928
0.0560609
0.0551473
0.0538137
0.0518461
0.0489339
0.044701
0.00197315
0.00197409
0.00197887
0.00199184
0.00201804
0.00206204
0.00212709
0.0022149
0.0023258
0.00245924
0.00261423
0.0027897
0.00298475
0.00319867
0.003431
0.00368152
0.00395017
0.00423706
0.00454239
0.00486647
0.00520966
0.00557235
0.00595497
0.00635797
0.00678181
0.00722694
0.00769381
0.00818285
0.00869451
0.00922919
0.00978728
0.0103691
0.0109751
0.0116056
0.0122607
0.0129409
0.0136462
0.014377
0.0151334
0.015915
0.0167216
0.0175534
0.0184106
0.0192934
0.0202017
0.0211356
0.0220951
0.02308
0.0240903
0.0251258
0.0261863
0.0272715
0.0283813
0.0295153
0.0306731
0.0318548
0.0330609
0.0342915
0.0355468
0.0368269
0.0381321
0.0394628
0.0408196
0.0422031
0.043614
0.0450531
0.0465211
0.048019
0.0495478
0.0511085
0.0527024
0.0543307
0.0559948
0.0576961
0.0594362
0.0612165
0.0630388
0.0649048
0.066816
0.0687743
0.0707815
0.0728392
0.0749493
0.0771135
0.0793333
0.0816106
0.0839469
0.0863438
0.0888026
0.0913249
0.0939119
0.0965648
0.0992849
0.102073
0.10493
0.107857
0.110855
0.113924
0.117065
0.120278
0.123564
0.126923
0.130355
0.13386
0.137438
0.141089
0.144813
0.14861
0.152478
0.156419
0.16043
0.164511
0.168662
0.172881
0.177167
0.18152
0.185936
0.190416
0.194957
0.199556
0.204213
0.208923
0.213684
0.218493
0.223346
0.228239
0.233168
0.238127
0.24311
0.248112
0.253124
0.258138
0.263145
0.268135
0.273094
0.278008
0.282863
0.287639
0.292316
0.296871
0.301277
0.305506
0.309528
0.313308
0.316816
0.32002
0.322894
0.325418
0.327574
0.329343
0.330672
0.331425
0.331303
0.330203
0.32788
0.324145
0.319006
0.313055
0.30768
0.304651
0.305432
0.310607
0.319485
0.330091
0.340123
0.347936
0.352755
0.354627
0.353848
0.35079
0.345839
0.339356
0.331656
0.322865
0.31321
0.302894
0.292098
0.280988
0.269709
0.258384
0.247114
0.235983
0.225055
0.214384
0.204013
0.193976
0.184302
0.175011
0.166119
0.157636
0.149567
0.141913
0.134668
0.127822
0.12136
0.115259
0.109495
0.10405
0.098914
0.0940976
0.0896341
0.0855601
0.0819114
0.078718
0.0759972
0.0737487
0.071951
0.070563
0.0695293
0.0687882
0.0682792
0.0679489
0.0677532
0.067658
0.0676375
0.0676725
0.0677481
0.067853
0.0679779
0.0681148
0.0682566
0.0683966
0.0685285
0.0686461
0.0687441
0.068818
0.0688622
0.0688696
0.0688308
0.0687338
0.0685623
0.0682942
0.0678983
0.0673301
0.0665245
0.0653851
0.0637709
0.0614802
0.0582499
0.0537971
0.0022319
0.00223176
0.00223489
0.0022466
0.00227303
0.00231967
0.00239045
0.00248738
0.00261089
0.00276031
0.00293449
0.0031322
0.00335235
0.00359414
0.00385702
0.00414073
0.00444521
0.00477057
0.00511708
0.00548506
0.00587495
0.00628722
0.00672236
0.00718091
0.00766339
0.00817035
0.00870232
0.00925981
0.00984332
0.0104533
0.0110903
0.0117547
0.012447
0.0131673
0.0139162
0.014694
0.0155008
0.0163369
0.0172025
0.0180971
0.0190208
0.0199737
0.020956
0.0219678
0.0230092
0.02408
0.0251803
0.0263099
0.0274686
0.0286562
0.0298726
0.0311174
0.0323902
0.0336907
0.0350188
0.0363747
0.0377585
0.0391706
0.0406109
0.0420797
0.0435773
0.0451041
0.0466607
0.0482478
0.049866
0.0515162
0.0531993
0.0549163
0.0566684
0.0584568
0.0602828
0.0621478
0.0640535
0.0660014
0.0679933
0.070031
0.0721163
0.0742511
0.0764375
0.0786775
0.0809729
0.0833259
0.0857384
0.0882125
0.0907501
0.093353
0.096023
0.0987621
0.101572
0.104454
0.107409
0.11044
0.113547
0.116732
0.119995
0.123338
0.126761
0.130265
0.13385
0.137518
0.141268
0.145101
0.149017
0.153015
0.157097
0.16126
0.165506
0.169833
0.174242
0.178731
0.183299
0.187947
0.192672
0.197473
0.202349
0.207298
0.212319
0.217409
0.222567
0.227789
0.233074
0.238418
0.243817
0.249268
0.254766
0.260307
0.265886
0.271497
0.277133
0.282787
0.28845
0.294114
0.299768
0.3054
0.310998
0.316545
0.322026
0.32742
0.332707
0.337864
0.342862
0.347675
0.352272
0.356622
0.360696
0.364466
0.367909
0.37101
0.373752
0.376111
0.378023
0.379335
0.379741
0.379132
0.377251
0.373897
0.369034
0.36325
0.357963
0.354917
0.35545
0.360076
0.368187
0.377921
0.387082
0.394102
0.39826
0.399526
0.398123
0.394377
0.388654
0.38131
0.372541
0.362612
0.351767
0.340222
0.328165
0.315765
0.303172
0.290515
0.277903
0.265426
0.253158
0.241162
0.229487
0.218173
0.207254
0.196756
0.186697
0.17709
0.167943
0.159256
0.151026
0.143243
0.135891
0.128951
0.122403
0.116232
0.110433
0.105016
0.100009
0.095456
0.0913992
0.0878749
0.0849058
0.0824933
0.0806141
0.0792199
0.0782437
0.0776088
0.0772387
0.0770649
0.0770314
0.0770949
0.077224
0.0773962
0.0775957
0.0778109
0.0780333
0.0782556
0.0784717
0.0786757
0.0788619
0.0790245
0.0791583
0.079258
0.0793174
0.0793279
0.0792788
0.0791558
0.0789399
0.0786054
0.0781168
0.0774246
0.076459
0.0751217
0.0732763
0.0707415
0.0673
0.0627384
0.0024719
0.00247065
0.00247204
0.00248232
0.00250867
0.00255751
0.00263337
0.0027386
0.00287365
0.00303779
0.00322971
0.003448
0.00369143
0.00395908
0.00425035
0.00456492
0.00490273
0.00526392
0.00564876
0.00605765
0.00649108
0.00694958
0.00743373
0.00794413
0.00848138
0.0090461
0.0096389
0.0102604
0.0109111
0.0115916
0.0123024
0.0130441
0.0138171
0.0146217
0.0154585
0.0163276
0.0172296
0.0181645
0.0191324
0.020133
0.0211665
0.0222331
0.0233328
0.0244658
0.025632
0.0268313
0.0280638
0.0293291
0.0306271
0.0319576
0.0333202
0.0347146
0.0361404
0.0375972
0.0390852
0.0406044
0.042155
0.0437371
0.0453508
0.0469964
0.0486741
0.0503843
0.0521277
0.0539049
0.0557167
0.0575639
0.0594476
0.0613689
0.0633289
0.0653291
0.067371
0.069456
0.0715861
0.0737628
0.0759883
0.0782644
0.0805933
0.0829772
0.0854181
0.0879183
0.0904801
0.0931057
0.0957973
0.0985573
0.101388
0.104291
0.107268
0.110322
0.113455
0.116667
0.119962
0.123339
0.126802
0.13035
0.133986
0.13771
0.141523
0.145425
0.149418
0.153502
0.157677
0.161943
0.1663
0.170749
0.175289
0.179919
0.18464
0.18945
0.194349
0.199337
0.204411
0.209571
0.214816
0.220144
0.225552
0.231041
0.236606
0.242247
0.247959
0.253742
0.25959
0.265501
0.271471
0.277496
0.283571
0.28969
0.295848
0.302038
0.308253
0.314485
0.320725
0.326964
0.33319
0.33939
0.345551
0.351657
0.35769
0.363632
0.36946
0.37515
0.380678
0.386015
0.391134
0.396006
0.400606
0.40491
0.4089
0.412565
0.415891
0.418853
0.421379
0.42331
0.424343
0.424374
0.423153
0.42047
0.416212
0.410918
0.405949
0.402951
0.403107
0.406924
0.413971
0.422543
0.430583
0.436609
0.439954
0.440528
0.438478
0.434072
0.427645
0.419433
0.409727
0.398809
0.38693
0.374313
0.361151
0.347619
0.33387
0.320037
0.306235
0.29256
0.279096
0.265909
0.253057
0.240586
0.228534
0.216931
0.2058
0.195155
0.185007
0.175359
0.166208
0.157544
0.149354
0.14162
0.134327
0.127463
0.121027
0.115033
0.109507
0.104494
0.100044
0.0961998
0.0929885
0.0904157
0.0884577
0.0870618
0.0861509
0.0856347
0.0854208
0.0854251
0.0855778
0.0858253
0.0861288
0.0864619
0.0868065
0.0871509
0.0874869
0.0878082
0.0881098
0.0883868
0.0886345
0.0888477
0.0890212
0.0891498
0.0892264
0.0892416
0.0891833
0.0890356
0.0887772
0.0883797
0.0878048
0.0870003
0.0858949
0.0843924
0.0823658
0.0796568
0.0760876
0.0714951
0.00269541
0.00269304
0.00269268
0.00270147
0.00272758
0.00277828
0.00285872
0.00297153
0.00311722
0.00329498
0.00350334
0.00374074
0.00400582
0.00429754
0.00461524
0.00495857
0.00532746
0.00572205
0.00614267
0.00658975
0.00706383
0.00756551
0.00809544
0.00865429
0.00924273
0.00986147
0.0105112
0.0111925
0.0119061
0.0126526
0.0134326
0.0142466
0.0150952
0.0159788
0.0168978
0.0178527
0.0188438
0.0198713
0.0209351
0.0220351
0.0231717
0.0243448
0.0255546
0.0268012
0.0280845
0.0294044
0.0307607
0.0321533
0.0335819
0.0350462
0.0365459
0.0380805
0.0396495
0.0412529
0.0428907
0.0445629
0.0462696
0.0480108
0.0497867
0.0515975
0.0534434
0.0553249
0.0572426
0.0591971
0.0611892
0.06322
0.0652904
0.0674016
0.0695549
0.0717518
0.073994
0.0762831
0.0786211
0.0810098
0.0834514
0.0859481
0.0885021
0.0911159
0.0937917
0.096532
0.0993394
0.102216
0.105165
0.108188
0.111288
0.114467
0.117727
0.12107
0.124499
0.128015
0.13162
0.135316
0.139105
0.142986
0.146963
0.151036
0.155205
0.159472
0.163837
0.1683
0.172862
0.177524
0.182284
0.187142
0.1921
0.197155
0.202307
0.207556
0.2129
0.218339
0.223871
0.229496
0.23521
0.241013
0.246902
0.252876
0.258931
0.265066
0.271277
0.277561
0.283914
0.290333
0.296813
0.303349
0.309937
0.316569
0.323241
0.329945
0.336673
0.343417
0.350166
0.356912
0.363641
0.370341
0.376998
0.383595
0.390115
0.396538
0.402843
0.409007
0.415005
0.420811
0.4264
0.431747
0.43683
0.441632
0.44614
0.450347
0.454244
0.457804
0.460959
0.463552
0.465291
0.466081
0.465693
0.463905
0.46049
0.45591
0.451375
0.448405
0.448044
0.450863
0.45668
0.463943
0.470754
0.475711
0.47818
0.47803
0.475339
0.470301
0.463139
0.45415
0.443627
0.431849
0.419071
0.405518
0.391391
0.376866
0.362099
0.347228
0.332373
0.317635
0.303102
0.288848
0.274937
0.261418
0.248336
0.235725
0.223609
0.212009
0.200936
0.190394
0.180383
0.170895
0.161917
0.153436
0.145437
0.137913
0.130867
0.124316
0.118291
0.112836
0.108005
0.103846
0.100393
0.0976557
0.0956129
0.0942086
0.0933587
0.0929605
0.092907
0.0930982
0.0934499
0.0938968
0.0943915
0.0949022
0.0954081
0.0958963
0.0963588
0.0967904
0.097187
0.097545
0.0978605
0.0981293
0.0983467
0.0985073
0.0986037
0.0986259
0.0985609
0.0983915
0.0980948
0.0976408
0.0969895
0.0960878
0.0948656
0.0932316
0.0910706
0.0882463
0.0846135
0.0800451
0.0029044
0.00290095
0.00289888
0.00290617
0.00293192
0.00298425
0.00306885
0.00318862
0.00334416
0.00353455
0.00375821
0.0040134
0.00429866
0.00461284
0.00495521
0.0053254
0.00572332
0.00614913
0.00660319
0.00708598
0.00759809
0.00814017
0.00871294
0.00931714
0.00995351
0.0106228
0.0113258
0.0120632
0.0128357
0.013644
0.0144888
0.0153706
0.0162901
0.0172477
0.0182439
0.0192791
0.0203538
0.0214681
0.0226218
0.0238151
0.0250483
0.0263213
0.0276344
0.0289875
0.0303805
0.0318134
0.0332859
0.0347978
0.0363488
0.0379385
0.0395665
0.0412323
0.0429356
0.0446764
0.0464544
0.0482698
0.0501224
0.0520124
0.0539398
0.0559049
0.0579078
0.059949
0.0620291
0.0641488
0.0663089
0.0685104
0.0707543
0.0730419
0.0753747
0.0777542
0.0801821
0.0826602
0.0851907
0.0877755
0.0904169
0.0931174
0.0958793
0.0987052
0.101598
0.104559
0.107593
0.110701
0.113887
0.117152
0.120499
0.123932
0.127451
0.13106
0.134761
0.138556
0.142446
0.146434
0.150521
0.154708
0.158997
0.163388
0.167884
0.172483
0.177188
0.181998
0.186914
0.191935
0.197062
0.202294
0.207631
0.213072
0.218617
0.224264
0.230012
0.23586
0.241806
0.24785
0.253989
0.26022
0.266543
0.272953
0.279449
0.286028
0.292686
0.299419
0.306224
0.313096
0.320031
0.327023
0.334066
0.341155
0.348283
0.355442
0.362623
0.369818
0.377017
0.384209
0.391381
0.39852
0.405612
0.41264
0.419587
0.426433
0.433157
0.439738
0.446152
0.452376
0.458387
0.464164
0.469689
0.474952
0.479945
0.484666
0.489112
0.49326
0.497047
0.500329
0.50284
0.504475
0.505044
0.504303
0.501887
0.498159
0.494066
0.49103
0.490005
0.491702
0.496233
0.502151
0.507737
0.51164
0.513255
0.512391
0.509039
0.503338
0.495513
0.485837
0.474598
0.462071
0.448509
0.434141
0.419169
0.403773
0.388112
0.372327
0.356539
0.340856
0.325371
0.310162
0.295297
0.280833
0.266816
0.253285
0.240269
0.22779
0.215862
0.204493
0.193682
0.183423
0.173708
0.164524
0.155859
0.14771
0.140083
0.132998
0.126492
0.120609
0.115406
0.110936
0.107239
0.104331
0.102192
0.100767
0.0999655
0.0996757
0.0997768
0.100154
0.100708
0.101361
0.102056
0.102756
0.103434
0.104077
0.104676
0.105226
0.105726
0.106171
0.10656
0.10689
0.107155
0.107351
0.10747
0.107502
0.107434
0.107247
0.106918
0.106416
0.1057
0.104719
0.103404
0.10167
0.0994165
0.0965253
0.0928777
0.0883729
0.00310059
0.00309611
0.00309239
0.0030982
0.00312354
0.0031773
0.0032657
0.00339191
0.00355658
0.00375872
0.00399663
0.00426843
0.00457253
0.00490771
0.00527317
0.00566849
0.0060936
0.00654865
0.00703404
0.00755029
0.00809803
0.00867798
0.00929091
0.00993762
0.0106189
0.0113357
0.0120886
0.0128786
0.0137064
0.0145727
0.0154783
0.0164237
0.0174097
0.0184367
0.0195053
0.020616
0.021769
0.0229647
0.0242028
0.0254837
0.0268075
0.0281744
0.0295843
0.0310373
0.0325333
0.0340721
0.0356536
0.0372773
0.0389429
0.0406501
0.0423983
0.0441871
0.0460163
0.0478856
0.049795
0.0517442
0.0537334
0.0557624
0.0578314
0.0599404
0.0620898
0.06428
0.0665115
0.068785
0.0711013
0.0734616
0.0758668
0.0783183
0.0808176
0.0833664
0.0859664
0.0886196
0.0913282
0.0940944
0.0969207
0.0998094
0.102763
0.105785
0.108877
0.112043
0.115285
0.118607
0.12201
0.125498
0.129073
0.132739
0.136497
0.14035
0.144301
0.148351
0.152503
0.156759
0.161119
0.165586
0.170161
0.174845
0.179639
0.184544
0.189559
0.194686
0.199925
0.205275
0.210736
0.216309
0.221991
0.227784
0.233685
0.239693
0.245807
0.252027
0.258349
0.264772
0.271294
0.277913
0.284626
0.29143
0.298323
0.3053
0.312359
0.319495
0.326704
0.333981
0.341322
0.34872
0.356169
0.363663
0.371195
0.378756
0.386338
0.393932
0.401526
0.40911
0.416671
0.424196
0.431669
0.439075
0.446395
0.453612
0.460704
0.467652
0.474434
0.481028
0.487416
0.493581
0.499509
0.505196
0.51064
0.515846
0.520816
0.525535
0.529949
0.533934
0.53727
0.539799
0.541403
0.541794
0.540457
0.537642
0.533883
0.530617
0.528784
0.529303
0.532594
0.537222
0.541674
0.544594
0.545399
0.543832
0.539839
0.533528
0.5251
0.514813
0.502943
0.48976
0.475514
0.460435
0.444726
0.428568
0.412122
0.395531
0.37892
0.362399
0.346065
0.330002
0.314281
0.298964
0.2841
0.269733
0.255894
0.242609
0.229894
0.217758
0.206205
0.19523
0.184825
0.174982
0.165691
0.156952
0.148774
0.141178
0.134207
0.127911
0.122345
0.117569
0.113627
0.110539
0.108291
0.106829
0.106059
0.105862
0.106105
0.106659
0.107412
0.108271
0.10917
0.110063
0.11092
0.111724
0.112467
0.113144
0.113752
0.114291
0.114758
0.115152
0.115469
0.115703
0.115849
0.115895
0.115828
0.11563
0.115276
0.114735
0.113968
0.112923
0.111539
0.109736
0.107425
0.104506
0.100881
0.0964677
0.00328547
0.00328001
0.00327471
0.00327909
0.00330399
0.00335901
0.00345089
0.00358305
0.00375621
0.00396931
0.00422052
0.00450786
0.0048296
0.00518445
0.00557155
0.00599045
0.00644105
0.00692356
0.00743835
0.00798601
0.00856721
0.00918272
0.00983337
0.01052
0.0112435
0.0120048
0.0128047
0.0136441
0.0145238
0.0154446
0.0164073
0.0174125
0.018461
0.0195533
0.0206899
0.0218714
0.0230981
0.0243701
0.0256876
0.0270507
0.0284597
0.0299146
0.0314155
0.0329624
0.034555
0.0361932
0.0378768
0.0396054
0.0413787
0.043196
0.0450568
0.046961
0.048908
0.0508978
0.0529301
0.0550047
0.0571215
0.0592805
0.0614817
0.0637253
0.0660114
0.0683404
0.070713
0.0731298
0.0755916
0.0780995
0.0806547
0.0832584
0.0859124
0.0886182
0.0913779
0.0941934
0.097067
0.100001
0.102998
0.106061
0.109192
0.112395
0.115672
0.119026
0.122461
0.125979
0.129583
0.133276
0.137061
0.140942
0.14492
0.148998
0.153179
0.157464
0.161857
0.166358
0.170971
0.175695
0.180532
0.185485
0.190552
0.195736
0.201036
0.206453
0.211987
0.217638
0.223405
0.229289
0.235287
0.2414
0.247625
0.253963
0.260411
0.266967
0.27363
0.280397
0.287267
0.294236
0.301302
0.308462
0.315712
0.323048
0.330467
0.337965
0.345536
0.353176
0.360879
0.368639
0.37645
0.384304
0.392194
0.400112
0.408048
0.415993
0.423935
0.431864
0.439767
0.447629
0.455436
0.463171
0.470819
0.478359
0.485774
0.493044
0.50015
0.507073
0.513797
0.52031
0.526604
0.532679
0.538542
0.544202
0.549669
0.554937
0.559964
0.564655
0.568837
0.572288
0.574959
0.576495
0.576259
0.574297
0.57063
0.566901
0.564133
0.563509
0.565723
0.569242
0.572724
0.57479
0.574854
0.572629
0.568036
0.561158
0.55218
0.541345
0.528918
0.515159
0.500318
0.48462
0.468268
0.451444
0.43431
0.41701
0.399672
0.382409
0.365322
0.348496
0.332008
0.315922
0.300293
0.285166
0.270577
0.256554
0.243115
0.230273
0.218032
0.206391
0.195344
0.184884
0.175007
0.165712
0.157013
0.148933
0.141516
0.13482
0.128902
0.123823
0.119634
0.116359
0.11399
0.112473
0.111716
0.111592
0.11196
0.112678
0.113618
0.114678
0.115779
0.116865
0.117904
0.118874
0.119765
0.120572
0.121294
0.12193
0.12248
0.122942
0.123313
0.12359
0.123766
0.123831
0.12377
0.123566
0.123194
0.122625
0.12182
0.120731
0.119298
0.117452
0.115114
0.112198
0.108624
0.104322
0.00346029
0.00345391
0.00344712
0.00345012
0.00347455
0.0035307
0.00362577
0.00376345
0.0039445
0.00416782
0.00443148
0.00473337
0.00507166
0.00544497
0.00585239
0.00629345
0.00676803
0.00727634
0.0078188
0.008396
0.00900868
0.00965764
0.0103438
0.011068
0.0118312
0.0126344
0.0134785
0.0143644
0.015293
0.0162651
0.0172815
0.018343
0.0194502
0.0206039
0.0218046
0.0230527
0.0243487
0.0256926
0.0270847
0.0285251
0.0300142
0.0315519
0.0331383
0.0347734
0.0364568
0.0381885
0.039968
0.0417951
0.0436693
0.0455899
0.0475565
0.0495689
0.0516266
0.0537293
0.0558767
0.0580687
0.060305
0.0625856
0.0649104
0.0672796
0.0696933
0.072152
0.0746562
0.0772065
0.0798038
0.0824492
0.0851438
0.0878892
0.0906868
0.0935385
0.0964463
0.0994123
0.102439
0.105529
0.108684
0.111908
0.115204
0.118574
0.122022
0.12555
0.129162
0.132862
0.136651
0.140534
0.144514
0.148593
0.152773
0.157059
0.161452
0.165955
0.170569
0.175298
0.180142
0.185103
0.190182
0.195381
0.200701
0.206141
0.211703
0.217387
0.223192
0.229119
0.235167
0.241335
0.247622
0.254028
0.26055
0.267188
0.27394
0.280803
0.287776
0.294857
0.302042
0.309329
0.316715
0.324196
0.331768
0.339429
0.347173
0.354995
0.362892
0.370856
0.378884
0.386967
0.3951
0.403275
0.411483
0.419717
0.427966
0.436221
0.444471
0.452703
0.460904
0.469062
0.477161
0.485184
0.493117
0.50094
0.508637
0.516189
0.52358
0.530793
0.537816
0.544641
0.551267
0.557697
0.563945
0.570028
0.575963
0.581754
0.587375
0.592755
0.597758
0.602157
0.605877
0.608497
0.609317
0.607822
0.603893
0.599449
0.595692
0.594091
0.595506
0.598361
0.601066
0.602443
0.601856
0.599028
0.593875
0.58647
0.576988
0.565659
0.552736
0.538474
0.523113
0.506877
0.489966
0.472562
0.454827
0.436907
0.41893
0.401012
0.383256
0.365751
0.348577
0.331801
0.315482
0.299666
0.284395
0.269697
0.255595
0.242102
0.229226
0.216967
0.205323
0.194289
0.183863
0.174047
0.164857
0.156319
0.148478
0.141394
0.135136
0.129761
0.125324
0.121857
0.119354
0.117767
0.117002
0.116931
0.117403
0.118267
0.119382
0.120632
0.121927
0.123205
0.124424
0.12556
0.126601
0.127541
0.128379
0.129116
0.129751
0.130285
0.130714
0.131037
0.131247
0.131334
0.131285
0.131082
0.130701
0.130115
0.129284
0.128166
0.126705
0.124839
0.122499
0.119611
0.116108
0.111933
0.00362615
0.0036189
0.00361069
0.00361238
0.00363633
0.00369347
0.00379147
0.00393425
0.00412265
0.00435553
0.00463084
0.00494638
0.00530022
0.00569089
0.00611744
0.00657935
0.00707652
0.00760914
0.00817766
0.00878271
0.00942506
0.0101056
0.0108252
0.0115848
0.0123855
0.0132282
0.014114
0.0150437
0.0160183
0.0170388
0.0181059
0.0192204
0.0203831
0.0215946
0.0228555
0.0241665
0.0255277
0.0269394
0.0284017
0.0299151
0.0314796
0.0330953
0.0347622
0.0364801
0.038249
0.0400686
0.0419384
0.0438581
0.0458271
0.0478448
0.0499108
0.0520248
0.0541863
0.0563949
0.0586504
0.0609523
0.0633006
0.065695
0.0681355
0.0706222
0.0731553
0.0757351
0.0783621
0.081037
0.0837607
0.0865342
0.0893588
0.0922359
0.0951672
0.0981546
0.1012
0.104306
0.107475
0.110709
0.114011
0.117385
0.120833
0.124358
0.127964
0.131654
0.135431
0.139299
0.143261
0.147319
0.151478
0.155741
0.160109
0.164587
0.169177
0.17388
0.1787
0.183638
0.188697
0.193877
0.19918
0.204607
0.210159
0.215836
0.22164
0.227569
0.233625
0.239805
0.246111
0.252541
0.259093
0.265768
0.272563
0.279476
0.286506
0.29365
0.300907
0.308273
0.315745
0.323321
0.330998
0.33877
0.346635
0.354589
0.362626
0.370742
0.378931
0.387188
0.395506
0.403879
0.4123
0.42076
0.429251
0.437765
0.446292
0.45482
0.46334
0.471838
0.480302
0.488718
0.497071
0.505346
0.513527
0.521597
0.529539
0.537338
0.544978
0.552446
0.559735
0.566839
0.573763
0.580515
0.587117
0.593591
0.599963
0.606246
0.612432
0.618471
0.62426
0.629593
0.634298
0.637886
0.639609
0.638259
0.633889
0.628627
0.623936
0.621549
0.622347
0.624823
0.626937
0.627768
0.626613
0.623232
0.617555
0.609659
0.599714
0.58794
0.574579
0.559876
0.544065
0.527363
0.50997
0.492063
0.473807
0.455344
0.436808
0.418314
0.399967
0.38186
0.364073
0.34668
0.329738
0.313301
0.29741
0.282098
0.267388
0.253298
0.239837
0.227008
0.21481
0.203242
0.192303
0.182001
0.17235
0.16338
0.155137
0.147684
0.141094
0.13543
0.130749
0.127085
0.124439
0.122766
0.121975
0.121935
0.122491
0.12348
0.124752
0.126179
0.127658
0.12912
0.130515
0.131816
0.133006
0.13408
0.135036
0.135875
0.136599
0.137206
0.137697
0.138069
0.138317
0.138431
0.138399
0.138203
0.137822
0.137228
0.136385
0.135252
0.133781
0.131915
0.129593
0.126753
0.123337
0.119297
0.00378397
0.0037759
0.00376636
0.00376678
0.00379023
0.00384825
0.00394894
0.00409645
0.00429169
0.0045335
0.00481974
0.0051481
0.00551656
0.00592359
0.00636816
0.00684974
0.00736822
0.00792379
0.00851692
0.00914827
0.00981864
0.0105289
0.0112801
0.0120732
0.0129093
0.0137894
0.0147145
0.0156856
0.0167038
0.0177699
0.0188848
0.0200494
0.0212644
0.0225306
0.0238485
0.0252187
0.0266415
0.028117
0.0296458
0.0312279
0.0328635
0.0345527
0.0362955
0.0380917
0.0399411
0.0418434
0.0437983
0.0458051
0.0478632
0.0499724
0.0521319
0.0543415
0.0566006
0.0589087
0.0612656
0.0636708
0.0661241
0.0686252
0.0711741
0.0737709
0.0764156
0.0791087
0.0818505
0.0846418
0.0874835
0.0903766
0.0933224
0.0963224
0.0993784
0.102492
0.105666
0.108902
0.112203
0.115572
0.119011
0.122524
0.126113
0.129783
0.133536
0.137376
0.141306
0.14533
0.149452
0.153674
0.158
0.162433
0.166976
0.171632
0.176404
0.181294
0.186305
0.191438
0.196695
0.202079
0.207589
0.213228
0.218996
0.224893
0.23092
0.237077
0.243363
0.249779
0.256323
0.262994
0.269792
0.276714
0.28376
0.290926
0.298212
0.305614
0.31313
0.320757
0.328493
0.336333
0.344274
0.352312
0.360443
0.368663
0.376965
0.385346
0.3938
0.40232
0.410899
0.419532
0.42821
0.436925
0.445669
0.454431
0.463203
0.471973
0.480731
0.489463
0.498156
0.506798
0.515373
0.523867
0.532263
0.540546
0.548702
0.556715
0.564572
0.572265
0.579787
0.58714
0.59433
0.601374
0.608296
0.615128
0.621902
0.628643
0.635354
0.642009
0.648529
0.654741
0.660339
0.664763
0.667216
0.666028
0.661288
0.655306
0.649816
0.646761
0.646974
0.648998
0.650608
0.650968
0.6493
0.645405
0.639238
0.630885
0.620515
0.608341
0.594594
0.579509
0.563311
0.546211
0.528404
0.510067
0.49136
0.472429
0.453405
0.434406
0.41554
0.3969
0.37857
0.360624
0.343126
0.326129
0.309677
0.293806
0.278543
0.263906
0.249907
0.236552
0.223842
0.211779
0.200364
0.189607
0.179526
0.170151
0.161529
0.153724
0.146814
0.14087
0.135948
0.132086
0.129289
0.127518
0.126683
0.126654
0.127271
0.128365
0.129775
0.131362
0.133013
0.134649
0.136214
0.137674
0.139012
0.140219
0.141293
0.142236
0.143048
0.143732
0.144287
0.144711
0.145
0.145146
0.145136
0.144955
0.144581
0.143988
0.143144
0.142012
0.140545
0.138695
0.136408
0.133631
0.130313
0.126416
0.00393454
0.00392571
0.0039149
0.00391412
0.00393706
0.00399584
0.00409897
0.00425086
0.00445248
0.00470264
0.00499913
0.00533955
0.00572179
0.00614424
0.00660583
0.007106
0.00764462
0.00822189
0.0088383
0.00949453
0.0101914
0.0109299
0.011711
0.0125358
0.0134053
0.0143207
0.0152831
0.0162934
0.0173527
0.018462
0.0196222
0.0208342
0.0220988
0.0234166
0.0247883
0.0262146
0.0276956
0.0292316
0.030823
0.0324701
0.034173
0.0359317
0.0377461
0.0396162
0.0415416
0.043522
0.045557
0.0476459
0.0497882
0.0519835
0.0542312
0.0565308
0.0588817
0.0612835
0.0637357
0.066238
0.0687899
0.0713912
0.0740419
0.0767418
0.0794912
0.0822904
0.0851397
0.08804
0.0909921
0.093997
0.0970561
0.100171
0.103343
0.106575
0.109868
0.113226
0.11665
0.120144
0.123711
0.127354
0.131075
0.134879
0.13877
0.14275
0.146823
0.150993
0.155264
0.159638
0.16412
0.168712
0.173418
0.178241
0.183183
0.188247
0.193436
0.198751
0.204194
0.209767
0.21547
0.221306
0.227275
0.233376
0.239612
0.24598
0.252481
0.259115
0.26588
0.272776
0.2798
0.286951
0.294229
0.301629
0.30915
0.31679
0.324545
0.332413
0.340389
0.348472
0.356655
0.364936
0.37331
0.381771
0.390316
0.398937
0.40763
0.416387
0.425203
0.434068
0.442977
0.45192
0.460888
0.469872
0.478861
0.487845
0.496812
0.505749
0.514643
0.523481
0.532249
0.540931
0.549514
0.557982
0.566321
0.574519
0.582566
0.590454
0.598181
0.605751
0.613178
0.620481
0.627692
0.634847
0.641986
0.649141
0.65633
0.663541
0.670713
0.677686
0.6841
0.689224
0.692251
0.691263
0.686294
0.679772
0.673659
0.670044
0.669691
0.671188
0.67231
0.672213
0.67006
0.665679
0.65905
0.650274
0.639519
0.626991
0.612909
0.597497
0.580971
0.563535
0.545378
0.526675
0.507584
0.488251
0.468806
0.449369
0.430048
0.41094
0.39213
0.373694
0.355698
0.338199
0.321242
0.304865
0.289098
0.273962
0.25947
0.245632
0.23245
0.219929
0.208073
0.196894
0.186411
0.176656
0.16768
0.159544
0.152328
0.146113
0.140954
0.136894
0.133942
0.132061
0.131167
0.13113
0.131788
0.132965
0.134493
0.136221
0.13803
0.139828
0.141553
0.143167
0.144648
0.145985
0.147176
0.148222
0.149125
0.149886
0.150507
0.150986
0.15132
0.151501
0.151519
0.151358
0.150999
0.150417
0.149583
0.148462
0.147014
0.145193
0.142955
0.140252
0.137042
0.133289
0.00407856
0.004069
0.00405699
0.00405505
0.00407746
0.00413689
0.00424226
0.00439818
0.00460574
0.00486372
0.00516984
0.00552161
0.00591685
0.00635386
0.00683155
0.00734931
0.007907
0.00850483
0.0091433
0.00982311
0.0105451
0.0113103
0.0121198
0.0129746
0.0138759
0.0148248
0.0158225
0.01687
0.0179683
0.0191186
0.0203217
0.0215786
0.0228901
0.0242569
0.0256797
0.027159
0.0286951
0.0302884
0.0319393
0.0336479
0.0354144
0.0372388
0.039121
0.0410609
0.0430582
0.0451125
0.0472231
0.0493896
0.0516114
0.0538881
0.0562189
0.0586034
0.061041
0.063531
0.066073
0.0686666
0.0713113
0.0740068
0.0767531
0.07955
0.0823977
0.0852964
0.0882467
0.0912491
0.0943046
0.0974143
0.10058
0.103802
0.107083
0.110425
0.113831
0.117302
0.120842
0.124453
0.128139
0.131903
0.135748
0.139678
0.143697
0.147808
0.152015
0.156322
0.160732
0.165249
0.169877
0.174618
0.179477
0.184456
0.189558
0.194785
0.20014
0.205625
0.211242
0.216992
0.222877
0.228897
0.235054
0.241347
0.247776
0.254342
0.261044
0.267881
0.274853
0.281957
0.289192
0.296557
0.304049
0.311666
0.319406
0.327266
0.335242
0.343331
0.35153
0.359835
0.368242
0.376745
0.385341
0.394024
0.402788
0.411628
0.420538
0.429511
0.438539
0.447615
0.456731
0.465878
0.475046
0.484227
0.493409
0.502581
0.511731
0.520847
0.529917
0.538925
0.54786
0.556705
0.565448
0.574074
0.58257
0.590927
0.599135
0.607191
0.615095
0.622855
0.630488
0.63802
0.645485
0.652925
0.660386
0.667908
0.675516
0.68321
0.690939
0.698544
0.705654
0.711352
0.714822
0.714042
0.708977
0.702111
0.695562
0.691503
0.69063
0.691578
0.692201
0.691634
0.689
0.684153
0.677093
0.66793
0.656832
0.643994
0.629628
0.613943
0.597146
0.579432
0.560987
0.541979
0.522565
0.502891
0.483087
0.463273
0.443558
0.424041
0.404809
0.38594
0.367502
0.349553
0.332143
0.31531
0.299087
0.283497
0.268555
0.254274
0.240658
0.227715
0.215452
0.203882
0.193026
0.182919
0.17361
0.165164
0.157659
0.151181
0.145794
0.141539
0.138428
0.13643
0.135463
0.1354
0.136078
0.137317
0.138942
0.140794
0.142742
0.144689
0.146565
0.148324
0.149942
0.151406
0.152711
0.153859
0.154852
0.155692
0.15638
0.156916
0.157298
0.157519
0.157569
0.157435
0.157097
0.156535
0.15572
0.154621
0.153202
0.151423
0.149244
0.146624
0.143527
0.13992
0.0042166
0.00420636
0.00419321
0.00419015
0.00421201
0.00427199
0.00437938
0.00453903
0.00475212
0.00501741
0.00533258
0.00569505
0.00610256
0.00655336
0.00704628
0.00758071
0.00815649
0.00877383
0.00943324
0.0101354
0.0108813
0.0116719
0.0125083
0.0133917
0.0143231
0.0153039
0.0163351
0.0174179
0.0185533
0.0197425
0.0209864
0.022286
0.023642
0.0250553
0.0265265
0.0280562
0.0296447
0.0312924
0.0329996
0.0347665
0.0365934
0.0384801
0.0404266
0.0424327
0.0444981
0.0466221
0.0488044
0.0510444
0.0533414
0.055695
0.0581045
0.0605692
0.0630885
0.0656618
0.0682886
0.0709683
0.0737004
0.0764848
0.079321
0.0822092
0.0851494
0.0881417
0.0911868
0.0942852
0.0974379
0.100646
0.103911
0.107234
0.110617
0.114063
0.117574
0.121151
0.1248
0.128521
0.132319
0.136196
0.140158
0.144206
0.148345
0.152579
0.156912
0.161347
0.165889
0.17054
0.175305
0.180187
0.18519
0.190315
0.195567
0.200948
0.206461
0.212106
0.217887
0.223804
0.229859
0.236053
0.242386
0.248858
0.255471
0.262222
0.269112
0.27614
0.283304
0.290603
0.298036
0.3056
0.313292
0.321112
0.329055
0.337119
0.3453
0.353595
0.362
0.37051
0.379122
0.38783
0.39663
0.405516
0.414482
0.423522
0.432629
0.441797
0.451018
0.460283
0.469585
0.478915
0.488263
0.497618
0.50697
0.516308
0.52562
0.534893
0.544114
0.55327
0.562347
0.571331
0.58021
0.58897
0.5976
0.60609
0.614435
0.622633
0.630687
0.638609
0.646419
0.654146
0.66183
0.669515
0.677252
0.685085
0.693046
0.701138
0.709314
0.71741
0.725036
0.731227
0.735022
0.734435
0.729381
0.72236
0.715562
0.71118
0.709852
0.710267
0.710377
0.709313
0.706199
0.700904
0.693444
0.683935
0.672539
0.659443
0.644843
0.628939
0.611925
0.59399
0.575312
0.556056
0.536378
0.51642
0.496314
0.476179
0.456127
0.436256
0.416657
0.397408
0.378579
0.360231
0.342415
0.325173
0.308539
0.292537
0.277187
0.262501
0.248489
0.235159
0.22252
0.210589
0.199389
0.188955
0.179337
0.170601
0.162826
0.156096
0.150489
0.146043
0.142772
0.14065
0.1396
0.139495
0.140174
0.141456
0.143157
0.145113
0.147184
0.149265
0.151278
0.153173
0.154921
0.156506
0.157923
0.159171
0.160253
0.161171
0.161927
0.162523
0.162956
0.16322
0.163307
0.163204
0.162895
0.162359
0.161572
0.160504
0.159124
0.157396
0.155285
0.152755
0.149773
0.146312
0.00434917
0.00433829
0.00432406
0.00431991
0.00434121
0.00440163
0.00451084
0.00467393
0.00489215
0.0051643
0.00548798
0.00586054
0.00627965
0.0067435
0.00725088
0.00780113
0.00839409
0.00902997
0.00970929
0.0104328
0.0112014
0.0120162
0.0128782
0.0137887
0.0147489
0.0157599
0.0168231
0.0179394
0.0191102
0.0203364
0.0216191
0.0229593
0.0243577
0.0258153
0.0273326
0.0289102
0.0305484
0.0322478
0.0340086
0.035831
0.0377152
0.0396611
0.0416687
0.0437376
0.0458675
0.0480578
0.050308
0.0526177
0.0549861
0.0574126
0.0598965
0.0624371
0.0650338
0.0676859
0.0703927
0.0731537
0.0759685
0.0788366
0.0817578
0.084732
0.0877593
0.0908399
0.0939743
0.0971631
0.100407
0.103708
0.107066
0.110484
0.113964
0.117507
0.121116
0.124795
0.128545
0.132369
0.136273
0.140258
0.144328
0.148488
0.152741
0.157091
0.161543
0.166099
0.170765
0.175543
0.180438
0.185452
0.190591
0.195855
0.201249
0.206776
0.212436
0.218233
0.224169
0.230244
0.23646
0.242817
0.249317
0.255959
0.262744
0.26967
0.276737
0.283944
0.29129
0.298773
0.306391
0.314141
0.322022
0.330031
0.338164
0.346418
0.35479
0.363276
0.371872
0.380573
0.389375
0.398273
0.407261
0.416333
0.425484
0.434706
0.443994
0.453339
0.462735
0.472172
0.481642
0.491135
0.500642
0.510153
0.519656
0.529139
0.538592
0.548001
0.557353
0.566635
0.575833
0.584935
0.593928
0.602799
0.61154
0.620141
0.628599
0.636914
0.645092
0.653148
0.661105
0.668994
0.676858
0.684745
0.692707
0.700791
0.709029
0.717425
0.72593
0.734367
0.742334
0.748852
0.75293
0.752508
0.747554
0.740555
0.733687
0.7291
0.727385
0.727296
0.726882
0.725301
0.721706
0.715988
0.708167
0.698358
0.686716
0.673413
0.658634
0.642563
0.625387
0.607285
0.588428
0.568979
0.549089
0.528901
0.508546
0.488144
0.467806
0.447633
0.427716
0.408137
0.388966
0.370266
0.35209
0.334483
0.317479
0.301107
0.285386
0.270333
0.25596
0.242275
0.229293
0.217031
0.205513
0.194778
0.184875
0.17587
0.167842
0.160877
0.155057
0.150424
0.146995
0.144746
0.143603
0.143443
0.144107
0.145411
0.147168
0.149208
0.151385
0.153583
0.155721
0.157742
0.159611
0.161311
0.162834
0.164179
0.165349
0.166345
0.16717
0.167826
0.168312
0.168622
0.16875
0.168684
0.168409
0.167906
0.167154
0.166125
0.164792
0.163123
0.161086
0.15865
0.155786
0.15247
0.0044767
0.00446522
0.00444995
0.00444475
0.00446546
0.00452623
0.00463708
0.00480332
0.00502633
0.00530489
0.00563658
0.00601867
0.00644876
0.00692498
0.00744608
0.00801138
0.0086207
0.00927423
0.00997251
0.0107163
0.0115066
0.0123443
0.0132308
0.0141672
0.0151548
0.0161947
0.0172883
0.0184368
0.0196412
0.0209027
0.0222225
0.0236013
0.0250402
0.0265399
0.0281011
0.0297244
0.03141
0.0331586
0.0349705
0.0368458
0.0387845
0.0407868
0.0428525
0.0449811
0.0471723
0.0494256
0.0517405
0.0541163
0.0565524
0.059048
0.0616026
0.0642152
0.0668853
0.0696119
0.0723946
0.0752326
0.0781255
0.0810729
0.0840744
0.0871299
0.0902395
0.0934034
0.0966221
0.0998962
0.103227
0.106615
0.110061
0.113569
0.117139
0.120774
0.124477
0.12825
0.132096
0.136019
0.140021
0.144108
0.148281
0.152547
0.156907
0.161368
0.165931
0.170603
0.175386
0.180284
0.185302
0.190443
0.19571
0.201107
0.206636
0.2123
0.218102
0.224043
0.230126
0.236351
0.242719
0.249233
0.255891
0.262694
0.269641
0.276733
0.283968
0.291345
0.298862
0.306518
0.31431
0.322236
0.330294
0.33848
0.346791
0.355224
0.363775
0.37244
0.381214
0.390092
0.399071
0.408144
0.417305
0.426549
0.43587
0.44526
0.454713
0.46422
0.473774
0.483366
0.492987
0.502627
0.512277
0.521925
0.531561
0.541172
0.550747
0.560273
0.569736
0.579125
0.588426
0.597625
0.606711
0.615674
0.624503
0.633193
0.641741
0.650149
0.658426
0.666588
0.67466
0.682677
0.690682
0.698725
0.706857
0.715126
0.72356
0.732161
0.740868
0.749494
0.757629
0.764306
0.768553
0.768327
0.763549
0.756738
0.749968
0.745278
0.743236
0.742669
0.741729
0.739619
0.735557
0.729448
0.721315
0.711262
0.699429
0.685976
0.671072
0.654889
0.637603
0.619385
0.600401
0.580809
0.560759
0.540391
0.519837
0.499216
0.478642
0.458215
0.438028
0.418164
0.398696
0.379688
0.361196
0.343264
0.325931
0.309226
0.293173
0.277788
0.263086
0.24908
0.235785
0.22322
0.211412
0.2004
0.190235
0.180982
0.17272
0.165535
0.15951
0.1547
0.151115
0.148736
0.147493
0.147267
0.1479
0.149208
0.151003
0.153108
0.155371
0.157672
0.15992
0.162053
0.164035
0.165843
0.167467
0.168905
0.17016
0.171233
0.172127
0.172845
0.173385
0.173744
0.173916
0.173891
0.173655
0.173191
0.17248
0.171497
0.170217
0.168612
0.166655
0.164316
0.161572
0.158399
0.00459959
0.00458753
0.00457127
0.00456504
0.00458514
0.00464616
0.00475847
0.00492761
0.00515506
0.00543964
0.00577885
0.00616995
0.00661045
0.00709842
0.00763257
0.0082122
0.00883709
0.00950745
0.0102238
0.010987
0.0117979
0.0126577
0.0135675
0.0145287
0.0155424
0.0166099
0.0177326
0.0189117
0.0201483
0.0214436
0.0227986
0.0242145
0.025692
0.027232
0.0288351
0.0305019
0.0322329
0.0340286
0.0358891
0.0378148
0.0398057
0.0418617
0.0439826
0.0461681
0.0484178
0.0507311
0.0531075
0.0555463
0.0580468
0.0606083
0.0632299
0.065911
0.0686507
0.0714482
0.0743028
0.0772138
0.0801808
0.0832032
0.0862808
0.0894133
0.0926008
0.0958436
0.099142
0.102497
0.105909
0.109379
0.11291
0.116502
0.120158
0.12388
0.127671
0.131533
0.135471
0.139486
0.143583
0.147765
0.152037
0.156403
0.160866
0.16543
0.170101
0.174882
0.179777
0.18479
0.189926
0.195187
0.200577
0.2061
0.211757
0.217553
0.22349
0.229568
0.235791
0.242159
0.248673
0.255335
0.262144
0.2691
0.276203
0.283452
0.290846
0.298384
0.306063
0.313883
0.321841
0.329933
0.338158
0.346511
0.35499
0.363591
0.37231
0.381141
0.390082
0.399126
0.408269
0.417505
0.426827
0.436231
0.445708
0.455252
0.464855
0.47451
0.484208
0.49394
0.503697
0.513469
0.523245
0.533015
0.542767
0.55249
0.56217
0.571796
0.581354
0.590831
0.600215
0.609494
0.618655
0.627688
0.636587
0.645344
0.653959
0.662437
0.670786
0.679026
0.687182
0.695291
0.703396
0.711546
0.719791
0.728174
0.73672
0.74542
0.754202
0.762867
0.771001
0.777677
0.781957
0.781894
0.77742
0.770949
0.764424
0.759718
0.757392
0.756366
0.754905
0.752273
0.747773
0.741324
0.732937
0.722702
0.710741
0.697197
0.682223
0.665982
0.648638
0.630355
0.611293
0.591606
0.571443
0.550943
0.530236
0.509443
0.488677
0.468041
0.447628
0.427523
0.4078
0.388526
0.369756
0.35154
0.333915
0.316915
0.300563
0.28488
0.269882
0.255586
0.242006
0.229166
0.217094
0.20583
0.195426
0.185946
0.17747
0.170081
0.163864
0.158882
0.155146
0.152637
0.15129
0.150988
0.151576
0.152872
0.154686
0.156837
0.159169
0.161554
0.163898
0.166132
0.168216
0.170123
0.171842
0.173369
0.174706
0.175854
0.176816
0.177596
0.178192
0.178603
0.178822
0.178841
0.178648
0.178228
0.177563
0.176631
0.17541
0.173875
0.172
0.169762
0.167136
0.164104
0.00471815
0.00470554
0.00468833
0.00468109
0.00470056
0.00476174
0.00487535
0.00504715
0.00527872
0.00556893
0.00591524
0.00631486
0.00676522
0.00726437
0.00781095
0.00840422
0.00904398
0.00973041
0.0104641
0.0112458
0.0120764
0.0129573
0.0138894
0.0148742
0.015913
0.017007
0.0181575
0.0193659
0.0206333
0.0219609
0.0233498
0.024801
0.0263155
0.027894
0.0295373
0.0312458
0.0330201
0.0348607
0.0367679
0.0387417
0.0407824
0.0428897
0.0450635
0.0473033
0.0496087
0.0519793
0.0544143
0.0569132
0.0594751
0.0620993
0.0647849
0.0675311
0.070337
0.0732019
0.0761249
0.0791053
0.0821427
0.0852364
0.0883861
0.0915917
0.0948531
0.0981706
0.101545
0.104976
0.108465
0.112014
0.115624
0.119296
0.123034
0.126838
0.130713
0.13466
0.138684
0.142788
0.146974
0.151248
0.155614
0.160075
0.164635
0.1693
0.174072
0.178958
0.18396
0.189083
0.194331
0.199707
0.205215
0.210858
0.216639
0.222561
0.228627
0.234837
0.241194
0.247699
0.254353
0.261156
0.268109
0.275211
0.282463
0.289862
0.297408
0.305099
0.312934
0.320909
0.329024
0.337274
0.345656
0.354168
0.362806
0.371565
0.380441
0.38943
0.398527
0.407726
0.417023
0.42641
0.435882
0.445433
0.455055
0.46474
0.474482
0.484272
0.494101
0.503959
0.513839
0.523728
0.533616
0.543493
0.553347
0.563165
0.572935
0.582645
0.592281
0.601831
0.611282
0.620621
0.629839
0.638925
0.647872
0.656677
0.665338
0.673861
0.682257
0.690546
0.698755
0.706918
0.71508
0.723287
0.731585
0.740011
0.748582
0.757276
0.766006
0.774561
0.782529
0.789046
0.793223
0.793275
0.789196
0.783214
0.777059
0.772402
0.769819
0.768343
0.766384
0.763259
0.758376
0.751652
0.743083
0.732735
0.720711
0.707136
0.69215
0.675904
0.658552
0.640251
0.621158
0.601423
0.581193
0.560604
0.539788
0.518866
0.497951
0.477147
0.45655
0.436244
0.416306
0.396804
0.377796
0.359331
0.341451
0.324189
0.307573
0.291624
0.276362
0.261804
0.247969
0.234881
0.22257
0.211078
0.200456
0.190771
0.182099
0.174524
0.168129
0.162982
0.159101
0.156463
0.155007
0.154622
0.155153
0.156422
0.158237
0.160417
0.162799
0.165253
0.167677
0.17
0.172174
0.174172
0.175979
0.17759
0.179005
0.180225
0.181255
0.182096
0.182749
0.183212
0.183481
0.183547
0.183401
0.183029
0.182415
0.181539
0.180381
0.178919
0.17713
0.174992
0.172486
0.169591
0.00483266
0.00481953
0.00480141
0.00479319
0.004812
0.00487326
0.004988
0.00516223
0.00539764
0.00569312
0.00604613
0.0064538
0.00691354
0.00742332
0.00798175
0.00858806
0.00924202
0.00994383
0.010694
0.0114934
0.0123431
0.013244
0.0141976
0.0152051
0.0162679
0.0173872
0.0185645
0.019801
0.0210979
0.0224565
0.0238778
0.025363
0.0269129
0.0285284
0.0302101
0.0319586
0.0337745
0.0356581
0.0376099
0.0396299
0.0417182
0.0438746
0.0460989
0.0483906
0.0507494
0.0531748
0.0556659
0.0582221
0.0608427
0.0635267
0.0662733
0.0690816
0.0719507
0.0748797
0.0778678
0.0809144
0.0840187
0.0871802
0.0903986
0.0936736
0.0970053
0.100394
0.10384
0.107344
0.110907
0.11453
0.118215
0.121964
0.125779
0.129662
0.133616
0.137645
0.141751
0.145938
0.150211
0.154572
0.159027
0.163579
0.168233
0.172993
0.177864
0.182849
0.187954
0.193182
0.198538
0.204025
0.209646
0.215405
0.221305
0.227349
0.233538
0.239875
0.246361
0.252998
0.259786
0.266725
0.273816
0.281059
0.288452
0.295995
0.303687
0.311525
0.319507
0.327631
0.335895
0.344295
0.352828
0.36149
0.370278
0.379187
0.388212
0.397349
0.406593
0.415937
0.425377
0.434906
0.444518
0.454205
0.46396
0.473776
0.483645
0.493558
0.503506
0.513479
0.523468
0.533461
0.543449
0.55342
0.563361
0.573261
0.583106
0.592885
0.602584
0.612191
0.621692
0.631076
0.640333
0.649454
0.658431
0.667262
0.675948
0.684493
0.692911
0.70122
0.709447
0.717628
0.725803
0.734015
0.742304
0.750701
0.75921
0.767795
0.776351
0.784654
0.792299
0.798498
0.802421
0.802546
0.798906
0.793538
0.787843
0.783285
0.780468
0.778541
0.776131
0.772575
0.767389
0.760475
0.751804
0.741419
0.7294
0.715856
0.700914
0.684713
0.667402
0.649131
0.630051
0.610311
0.590055
0.569419
0.548535
0.527524
0.5065
0.485568
0.464825
0.444356
0.424241
0.404548
0.385337
0.366658
0.348556
0.331066
0.314217
0.298034
0.282536
0.267745
0.253682
0.240372
0.227848
0.216151
0.205335
0.195464
0.186616
0.178871
0.172313
0.167009
0.162989
0.160225
0.15866
0.158184
0.158649
0.159876
0.161677
0.163868
0.166284
0.168789
0.171278
0.173675
0.175929
0.178008
0.179896
0.181584
0.183073
0.184364
0.185458
0.18636
0.18707
0.187587
0.187907
0.188024
0.187928
0.187607
0.187047
0.18623
0.185138
0.183752
0.182051
0.180015
0.177626
0.174866
0.00494339
0.00492976
0.00491076
0.00490157
0.00491971
0.00498096
0.00509669
0.00527314
0.00551211
0.00581253
0.00617186
0.00658717
0.00705582
0.00757572
0.00814546
0.00876423
0.00943179
0.0101483
0.0109144
0.0117308
0.0125986
0.0135189
0.0144931
0.0155223
0.0166081
0.0177518
0.0189548
0.0202182
0.0215435
0.0229319
0.0243844
0.0259022
0.0274861
0.0291371
0.0308557
0.0326426
0.0344983
0.0364234
0.038418
0.0404823
0.0426162
0.0448196
0.0470923
0.0494339
0.0518439
0.0543216
0.0568664
0.0594776
0.0621542
0.0648955
0.0677004
0.070568
0.0734974
0.0764877
0.079538
0.0826475
0.0858157
0.0890419
0.0923257
0.0956669
0.0990656
0.102522
0.106036
0.109609
0.113242
0.116936
0.120693
0.124515
0.128403
0.132362
0.136392
0.140498
0.144683
0.148951
0.153305
0.157751
0.162291
0.166931
0.171674
0.176526
0.181491
0.186573
0.191777
0.197107
0.202567
0.20816
0.213891
0.219762
0.225776
0.231937
0.238246
0.244705
0.251316
0.258079
0.264996
0.272067
0.279291
0.286669
0.294199
0.30188
0.309711
0.317689
0.325813
0.33408
0.342486
0.351029
0.359706
0.368511
0.377441
0.386492
0.395658
0.404935
0.414317
0.423798
0.433372
0.443034
0.452775
0.462589
0.472468
0.482404
0.49239
0.502415
0.51247
0.522546
0.532633
0.542719
0.552794
0.562845
0.572861
0.58283
0.592737
0.602571
0.612319
0.621967
0.631503
0.640917
0.650196
0.659334
0.668323
0.677161
0.685849
0.694394
0.702806
0.711106
0.71932
0.72748
0.735623
0.743788
0.752009
0.760305
0.768667
0.777044
0.785311
0.793232
0.800405
0.806127
0.809624
0.809774
0.80659
0.801883
0.796692
0.79228
0.789262
0.786888
0.784117
0.780233
0.774851
0.767845
0.759161
0.748815
0.736869
0.723417
0.708573
0.692468
0.675244
0.657046
0.638021
0.618317
0.598074
0.577431
0.556516
0.535454
0.514359
0.493335
0.472482
0.451887
0.431629
0.411779
0.392399
0.37354
0.355248
0.337561
0.32051
0.304121
0.288417
0.273421
0.259156
0.24565
0.232936
0.221057
0.210068
0.200032
0.191026
0.183129
0.176423
0.170973
0.166819
0.163933
0.162257
0.161687
0.162076
0.163251
0.165022
0.167207
0.16964
0.172181
0.17472
0.177178
0.179499
0.181649
0.183609
0.185369
0.186927
0.188284
0.189441
0.190403
0.19117
0.191741
0.192113
0.192282
0.192238
0.191971
0.191468
0.190714
0.189692
0.188383
0.186771
0.184836
0.182562
0.179934
0.00505054
0.00503644
0.00501658
0.00500644
0.00502388
0.00508506
0.00520165
0.00538011
0.00562239
0.00592745
0.00629273
0.00671529
0.00719242
0.00772199
0.00830254
0.00893324
0.00961383
0.0103445
0.0111258
0.0119585
0.0128437
0.0137827
0.0147766
0.0158268
0.0169348
0.0181019
0.0193295
0.020619
0.0219716
0.0233886
0.0248711
0.0264202
0.0280369
0.029722
0.0314761
0.0333
0.0351941
0.0371589
0.0391947
0.0413014
0.0434792
0.0457279
0.0480471
0.0504365
0.0528955
0.0554236
0.0580199
0.0606837
0.0634141
0.0662101
0.0690708
0.0719952
0.0749823
0.0780312
0.0811409
0.0843107
0.0875399
0.0908278
0.0941741
0.0975786
0.101041
0.104562
0.108142
0.111781
0.115481
0.119243
0.123068
0.126959
0.130918
0.134948
0.139052
0.143232
0.147493
0.151837
0.156271
0.160796
0.165419
0.170143
0.174973
0.179914
0.184969
0.190145
0.195444
0.200872
0.206433
0.212129
0.217966
0.223945
0.230071
0.236345
0.24277
0.249347
0.256078
0.262964
0.270006
0.277203
0.284556
0.292064
0.299726
0.30754
0.315505
0.323619
0.331878
0.340281
0.348825
0.357504
0.366317
0.375259
0.384325
0.39351
0.40281
0.412219
0.421731
0.431341
0.441042
0.450827
0.46069
0.470621
0.480615
0.490662
0.500754
0.510881
0.521034
0.531203
0.541376
0.551544
0.561694
0.571815
0.581894
0.591918
0.601874
0.61175
0.621533
0.631209
0.640766
0.650192
0.659479
0.668616
0.677599
0.686425
0.695094
0.703614
0.711996
0.720258
0.728424
0.736525
0.744593
0.75266
0.760752
0.768878
0.777014
0.785091
0.792965
0.800387
0.806956
0.812049
0.814932
0.815018
0.812231
0.80811
0.803429
0.799221
0.796085
0.793324
0.790336
0.786268
0.780818
0.773828
0.76522
0.75499
0.743184
0.729881
0.715187
0.699226
0.682132
0.664048
0.645118
0.625486
0.605294
0.584679
0.563771
0.542692
0.52156
0.50048
0.47955
0.458862
0.438495
0.41852
0.399002
0.379994
0.361543
0.343689
0.326465
0.309898
0.294016
0.278841
0.2644
0.250721
0.237841
0.225804
0.214662
0.204482
0.195336
0.187304
0.180465
0.174883
0.170599
0.167596
0.165811
0.165142
0.165449
0.166559
0.168288
0.170452
0.172885
0.175445
0.17802
0.180524
0.182901
0.185112
0.187136
0.18896
0.190582
0.192001
0.193218
0.194238
0.195061
0.195686
0.196112
0.196334
0.196344
0.196133
0.19569
0.195
0.194048
0.192819
0.191296
0.189462
0.187302
0.184802
0.00515431
0.00513974
0.00511906
0.00510799
0.00512472
0.00518575
0.00530308
0.00548337
0.00572872
0.00603813
0.00640905
0.00683849
0.0073237
0.0078625
0.0084534
0.00909553
0.00978862
0.0105328
0.0113288
0.0121772
0.0130792
0.0140361
0.015049
0.0161194
0.0172488
0.0184385
0.0196899
0.0210044
0.0223833
0.0238279
0.0253393
0.0269187
0.0285669
0.0302849
0.0320733
0.0339327
0.0358638
0.0378669
0.0399422
0.0420899
0.0443099
0.0466021
0.048966
0.0514014
0.0539076
0.056484
0.0591298
0.0618442
0.0646261
0.0674748
0.070389
0.0733678
0.0764102
0.0795152
0.0826819
0.0859094
0.0891969
0.0925439
0.09595
0.0994149
0.102939
0.106521
0.110164
0.113866
0.11763
0.121457
0.125348
0.129306
0.133332
0.137431
0.141604
0.145856
0.150189
0.154608
0.159117
0.163721
0.168423
0.173228
0.178142
0.183168
0.188312
0.193578
0.19897
0.204493
0.210151
0.215948
0.221887
0.227972
0.234205
0.240589
0.247126
0.253818
0.260666
0.267671
0.274834
0.282154
0.289631
0.297265
0.305054
0.312996
0.321091
0.329334
0.337725
0.346259
0.354933
0.363744
0.372688
0.381759
0.390955
0.400268
0.409695
0.419229
0.428865
0.438596
0.448416
0.458317
0.468292
0.478333
0.488433
0.498581
0.508771
0.518991
0.529231
0.539483
0.549733
0.559972
0.570187
0.580365
0.590496
0.600564
0.610557
0.620463
0.630267
0.639957
0.64952
0.658945
0.668223
0.677343
0.686302
0.695096
0.703726
0.712198
0.720523
0.728718
0.736804
0.744808
0.752757
0.760677
0.768584
0.776474
0.78431
0.792004
0.799397
0.806223
0.812086
0.816421
0.818543
0.818288
0.815704
0.811981
0.80774
0.803808
0.800712
0.797862
0.794835
0.790756
0.785372
0.778503
0.770057
0.760016
0.74841
0.735311
0.720815
0.70504
0.688117
0.670185
0.651386
0.631863
0.611756
0.591203
0.570333
0.549272
0.528134
0.507029
0.486056
0.465306
0.44486
0.424792
0.405166
0.386038
0.367457
0.349464
0.332094
0.315378
0.299342
0.284015
0.269422
0.255596
0.242572
0.230397
0.219125
0.208819
0.199552
0.191402
0.184445
0.178744
0.174338
0.171222
0.169328
0.168559
0.168776
0.169813
0.171486
0.173616
0.176034
0.178598
0.181192
0.183731
0.186151
0.188412
0.19049
0.192371
0.194051
0.195527
0.196802
0.197877
0.198755
0.199434
0.199914
0.200189
0.200255
0.200102
0.199719
0.199095
0.198216
0.197067
0.195632
0.193898
0.19185
0.189475
0.00525485
0.00523985
0.00521837
0.00520637
0.00522238
0.00528321
0.00540116
0.00558311
0.00583131
0.00614481
0.00652106
0.00695705
0.00744996
0.00799759
0.0085984
0.00925151
0.00995661
0.0107139
0.0115239
0.0123875
0.0133057
0.0142798
0.0153111
0.016401
0.0175509
0.0187624
0.0200368
0.0213755
0.0227798
0.024251
0.0257904
0.0273989
0.0290776
0.0308273
0.0326487
0.0345425
0.0365092
0.0385492
0.0406628
0.0428499
0.0451106
0.0474446
0.0498517
0.0523314
0.0548831
0.057506
0.0601994
0.0629623
0.0657939
0.0686931
0.0716587
0.0746898
0.0777853
0.0809442
0.0841654
0.0874482
0.0907918
0.0941954
0.0976588
0.101182
0.104764
0.108406
0.112108
0.115871
0.119696
0.123585
0.12754
0.131561
0.135653
0.139818
0.144059
0.148379
0.152782
0.157273
0.161855
0.166534
0.171313
0.176197
0.181192
0.186301
0.19153
0.196884
0.202366
0.207982
0.213735
0.219629
0.225668
0.231855
0.238193
0.244684
0.25133
0.258133
0.265095
0.272216
0.279496
0.286935
0.294533
0.302288
0.3102
0.318267
0.326486
0.334856
0.343372
0.352032
0.360833
0.369769
0.378838
0.388034
0.397353
0.406789
0.416336
0.425989
0.435741
0.445587
0.455518
0.465527
0.475608
0.485751
0.495948
0.50619
0.516468
0.526772
0.537092
0.547416
0.557734
0.568034
0.578303
0.588529
0.5987
0.608801
0.61882
0.628743
0.638556
0.648247
0.657803
0.667212
0.676465
0.685553
0.694469
0.703212
0.711782
0.720183
0.728426
0.736525
0.744498
0.752369
0.760158
0.767883
0.77555
0.783145
0.790614
0.797857
0.804695
0.810856
0.815946
0.819459
0.820807
0.819987
0.817354
0.813808
0.809888
0.806254
0.803332
0.800684
0.797758
0.793818
0.788616
0.781962
0.773756
0.763968
0.752618
0.739771
0.725516
0.709968
0.693253
0.675507
0.656872
0.637489
0.617499
0.597039
0.576239
0.555225
0.534113
0.513013
0.492025
0.471242
0.450747
0.430613
0.410908
0.391689
0.373006
0.354901
0.337412
0.320571
0.304409
0.288952
0.274232
0.260281
0.247137
0.234845
0.223462
0.21305
0.20368
0.195428
0.188368
0.18256
0.178043
0.174815
0.172816
0.171945
0.172068
0.173023
0.17463
0.176711
0.1791
0.181653
0.184253
0.186811
0.189262
0.191562
0.193686
0.195616
0.197347
0.198877
0.200205
0.201333
0.202263
0.202996
0.203529
0.203859
0.20398
0.203886
0.203566
0.203009
0.202202
0.201133
0.199788
0.198152
0.196213
0.193958
0.00535233
0.0053369
0.00531465
0.00530175
0.00531701
0.00537758
0.00549605
0.00567952
0.00593036
0.00624771
0.00662901
0.00707122
0.00757149
0.00812758
0.0087379
0.00940155
0.0101182
0.0108881
0.0117116
0.0125898
0.0135236
0.0145144
0.0155634
0.0166721
0.017842
0.0190745
0.0203711
0.0217332
0.023162
0.0246591
0.0262254
0.0278621
0.0295703
0.0313506
0.033204
0.0351309
0.0371321
0.0392077
0.0413581
0.0435834
0.0458833
0.0482579
0.0507066
0.053229
0.0558244
0.0584922
0.0612315
0.0640412
0.0669205
0.0698683
0.0728835
0.0759648
0.0791114
0.082322
0.0855957
0.0889316
0.092329
0.095787
0.0993054
0.102884
0.106522
0.110221
0.113981
0.117802
0.121687
0.125635
0.12965
0.133734
0.137888
0.142116
0.146422
0.150809
0.15528
0.15984
0.164493
0.169244
0.174098
0.179059
0.184132
0.189322
0.194634
0.200073
0.205643
0.211349
0.217195
0.223184
0.22932
0.235607
0.242047
0.248642
0.255395
0.262307
0.269379
0.276612
0.284006
0.291561
0.299276
0.30715
0.315181
0.323368
0.331708
0.340199
0.348837
0.357619
0.36654
0.375598
0.384787
0.394102
0.403538
0.41309
0.422752
0.432518
0.442381
0.452334
0.46237
0.472481
0.482659
0.492897
0.503184
0.513512
0.523871
0.53425
0.54464
0.555029
0.565405
0.575756
0.58607
0.596334
0.606534
0.616658
0.62669
0.636619
0.646429
0.656108
0.665643
0.675023
0.684236
0.693275
0.702133
0.710806
0.719295
0.727603
0.735738
0.743713
0.751542
0.759243
0.766832
0.774318
0.781697
0.788942
0.795989
0.802721
0.808951
0.814401
0.818694
0.821384
0.822011
0.820654
0.817839
0.81432
0.810596
0.807207
0.804478
0.802056
0.799311
0.795607
0.790672
0.784308
0.776405
0.766923
0.755878
0.743324
0.729349
0.714062
0.697588
0.68006
0.661619
0.642406
0.622562
0.602223
0.581522
0.560583
0.539524
0.518457
0.497483
0.476695
0.456177
0.436006
0.416249
0.396964
0.378204
0.360013
0.342431
0.325491
0.309225
0.293664
0.278839
0.264785
0.251542
0.239155
0.22768
0.21718
0.207725
0.199388
0.192239
0.186337
0.181719
0.178384
0.176282
0.175308
0.175333
0.176198
0.177728
0.179748
0.182094
0.184622
0.187214
0.189778
0.192247
0.194577
0.196736
0.198708
0.200484
0.202061
0.203438
0.204616
0.205597
0.206381
0.206967
0.207351
0.207529
0.207494
0.207236
0.206747
0.206014
0.205025
0.203767
0.202228
0.200396
0.198259
0.00544686
0.00543103
0.00540802
0.00539423
0.00540874
0.00546901
0.0055879
0.00577274
0.00602605
0.00634702
0.00673311
0.00718125
0.00768856
0.00825275
0.00887222
0.00954601
0.0102738
0.0110558
0.0118924
0.0127847
0.0137336
0.0147405
0.0158067
0.0169336
0.0181227
0.0193756
0.0206937
0.0220784
0.023531
0.025053
0.0266454
0.0283094
0.0300461
0.0318561
0.0337404
0.0356994
0.0377339
0.039844
0.0420301
0.0442921
0.0466301
0.0490438
0.0515327
0.0540963
0.0567341
0.0594451
0.0622286
0.0650836
0.0680089
0.0710036
0.0740664
0.0771962
0.0803918
0.0836523
0.0869765
0.0903635
0.0938126
0.097323
0.100894
0.104526
0.108219
0.111972
0.115787
0.119665
0.123606
0.127612
0.131686
0.135828
0.140043
0.144333
0.148702
0.153152
0.157689
0.162316
0.167038
0.17186
0.176786
0.181822
0.186971
0.19224
0.197634
0.203156
0.208811
0.214605
0.220541
0.226623
0.232854
0.239238
0.245778
0.252475
0.259332
0.26635
0.27353
0.280872
0.288377
0.296045
0.303873
0.311862
0.32001
0.328313
0.33677
0.345378
0.354133
0.363032
0.372071
0.381244
0.390548
0.399978
0.409527
0.41919
0.428961
0.438834
0.448801
0.458855
0.46899
0.479196
0.489466
0.49979
0.51016
0.520567
0.530999
0.541446
0.551898
0.562342
0.572768
0.583161
0.593511
0.603802
0.614023
0.624158
0.634194
0.644116
0.653912
0.663567
0.673068
0.682404
0.691563
0.700537
0.709319
0.717904
0.726292
0.734485
0.742488
0.750312
0.757967
0.765465
0.772816
0.780021
0.787068
0.793917
0.800493
0.80667
0.812254
0.816972
0.820475
0.822379
0.822354
0.820534
0.817496
0.81392
0.81029
0.807061
0.804482
0.802243
0.799706
0.796284
0.791671
0.785648
0.778095
0.768963
0.75826
0.746036
0.732373
0.717378
0.701173
0.683891
0.665671
0.646655
0.626983
0.606791
0.586214
0.565376
0.544398
0.523389
0.502454
0.481686
0.461172
0.440989
0.421204
0.40188
0.383068
0.364816
0.347164
0.330148
0.313803
0.29816
0.283253
0.269118
0.255796
0.243334
0.231787
0.221218
0.211694
0.203286
0.196063
0.19008
0.185371
0.181935
0.17973
0.178654
0.178577
0.179346
0.18079
0.182738
0.185028
0.187517
0.190087
0.192644
0.19512
0.197467
0.199652
0.201657
0.203471
0.20509
0.206512
0.207737
0.208766
0.2096
0.210238
0.210675
0.210909
0.210933
0.210739
0.210317
0.209657
0.208748
0.207577
0.206134
0.204406
0.202382
0.00553857
0.00552234
0.00549861
0.00548394
0.00549769
0.00555761
0.00567684
0.00586294
0.00611854
0.00644292
0.00683356
0.00728736
0.00780141
0.00837339
0.00900164
0.00968521
0.0104237
0.0112174
0.0120667
0.0129726
0.0139361
0.0149586
0.0160414
0.0171859
0.0183937
0.0196664
0.0210052
0.0224118
0.0238875
0.0254337
0.0270514
0.0287419
0.0305062
0.032345
0.0342591
0.0362493
0.0383159
0.0404595
0.0426801
0.0449779
0.0473526
0.0498041
0.0523319
0.0549355
0.0576141
0.060367
0.0631932
0.0660918
0.0690615
0.0721014
0.0752102
0.0783867
0.0816298
0.0849383
0.0883111
0.0917474
0.0952463
0.0988071
0.102429
0.106113
0.109858
0.113664
0.117532
0.121464
0.12546
0.129521
0.133651
0.137851
0.142125
0.146474
0.150904
0.155416
0.160017
0.164709
0.169498
0.174389
0.179385
0.184493
0.189718
0.195064
0.200536
0.206139
0.211879
0.217758
0.223783
0.229955
0.236279
0.242759
0.249396
0.256192
0.263151
0.270272
0.277557
0.285006
0.29262
0.300397
0.308336
0.316437
0.324697
0.333113
0.341684
0.350405
0.359274
0.368286
0.377437
0.386722
0.396137
0.405676
0.415333
0.425102
0.434977
0.44495
0.455016
0.465166
0.475393
0.485688
0.496043
0.506448
0.516894
0.527371
0.537869
0.548376
0.558882
0.569375
0.579841
0.590269
0.600644
0.610954
0.621185
0.631322
0.641351
0.651257
0.661026
0.670645
0.6801
0.689378
0.698469
0.707363
0.716052
0.724531
0.732799
0.740854
0.748702
0.756348
0.7638
0.771063
0.778142
0.78503
0.791705
0.798118
0.804186
0.809775
0.814692
0.818676
0.821412
0.822586
0.821977
0.819759
0.816498
0.812824
0.809214
0.806064
0.803576
0.801469
0.799135
0.796008
0.79174
0.786089
0.778918
0.770168
0.759837
0.74797
0.734646
0.719968
0.704057
0.687045
0.66907
0.650274
0.630797
0.610778
0.590348
0.569635
0.54876
0.527835
0.506963
0.48624
0.465753
0.445581
0.425794
0.406453
0.387613
0.369323
0.351624
0.334556
0.318153
0.302451
0.287483
0.273288
0.259908
0.24739
0.23579
0.225168
0.215592
0.20713
0.199846
0.193793
0.189003
0.185474
0.183166
0.181988
0.181806
0.182473
0.183823
0.185689
0.187911
0.190348
0.192883
0.195421
0.197891
0.200244
0.202446
0.204476
0.206321
0.207975
0.209437
0.210705
0.21178
0.212661
0.213349
0.213839
0.214129
0.214211
0.21408
0.213726
0.213138
0.212308
0.211223
0.209873
0.208247
0.206333
0.00562754
0.00561093
0.00558649
0.00557096
0.00558396
0.0056435
0.005763
0.00595023
0.00620797
0.00653558
0.00693054
0.00738975
0.00791027
0.00848972
0.00912644
0.00981944
0.0105683
0.0113733
0.0122349
0.013154
0.0141316
0.0151692
0.016268
0.0174297
0.0186556
0.0199474
0.0213065
0.0227343
0.0242324
0.025802
0.0274443
0.0291604
0.0309515
0.0328181
0.0347613
0.0367816
0.0388796
0.0410556
0.0433097
0.045642
0.0480524
0.0505405
0.053106
0.0557482
0.0584664
0.0612597
0.0641273
0.067068
0.0700808
0.0731643
0.0763175
0.0795391
0.0828279
0.0861828
0.0896026
0.0930863
0.0966333
0.100243
0.103914
0.107647
0.111442
0.115299
0.119219
0.123203
0.127252
0.131367
0.135552
0.139807
0.144137
0.148545
0.153033
0.157606
0.162268
0.167024
0.171878
0.176836
0.181901
0.18708
0.192378
0.197799
0.203348
0.209031
0.214852
0.220816
0.226927
0.233188
0.239604
0.246176
0.252908
0.259802
0.26686
0.274082
0.28147
0.289024
0.296743
0.304627
0.312674
0.320883
0.329253
0.337779
0.346459
0.355291
0.364269
0.37339
0.38265
0.392043
0.401564
0.411207
0.420967
0.430837
0.44081
0.45088
0.461039
0.47128
0.481593
0.491971
0.502404
0.512883
0.523399
0.53394
0.544497
0.555057
0.565609
0.576142
0.586641
0.597094
0.607487
0.617807
0.628039
0.638167
0.648179
0.658058
0.66779
0.677361
0.686757
0.695965
0.704973
0.713772
0.722352
0.730708
0.738836
0.746734
0.754403
0.761847
0.769068
0.776068
0.782843
0.789381
0.79565
0.801595
0.807126
0.812106
0.816347
0.819608
0.821612
0.822113
0.820981
0.818414
0.814942
0.811154
0.807514
0.804383
0.801935
0.799917
0.797764
0.794921
0.791001
0.785735
0.778965
0.770616
0.760678
0.749189
0.736225
0.721885
0.706288
0.689566
0.671858
0.653303
0.634042
0.614215
0.593955
0.573389
0.55264
0.531819
0.511033
0.490377
0.469941
0.449803
0.430035
0.4107
0.391855
0.373548
0.355826
0.338727
0.322288
0.306547
0.291539
0.277304
0.263885
0.251331
0.239695
0.229038
0.219426
0.210923
0.203591
0.197481
0.192619
0.189005
0.186597
0.185314
0.185026
0.185586
0.186834
0.188607
0.19075
0.193124
0.195611
0.198117
0.20057
0.202919
0.205128
0.207174
0.209042
0.210726
0.212223
0.213529
0.214646
0.215573
0.216309
0.216851
0.217195
0.217336
0.217267
0.216979
0.216464
0.215712
0.214711
0.213452
0.211925
0.210118
0.00571388
0.0056969
0.00567177
0.00565541
0.00566764
0.00572678
0.00584648
0.00603474
0.00629449
0.00662515
0.00702423
0.00748861
0.00801534
0.00860199
0.00924687
0.00994897
0.0107079
0.0115238
0.0123973
0.0133291
0.0143205
0.0153727
0.0164872
0.0176654
0.0189089
0.0202193
0.021598
0.0230465
0.0245663
0.0261586
0.0278248
0.0295658
0.0313828
0.0332766
0.035248
0.0372976
0.039426
0.0416334
0.04392
0.0462859
0.0487308
0.0512545
0.0538565
0.0565361
0.0592926
0.0621252
0.0650328
0.0680143
0.0710686
0.0741944
0.0773906
0.0806558
0.0839888
0.0873884
0.0908535
0.0943832
0.0979765
0.101633
0.105352
0.109133
0.112976
0.116883
0.120852
0.124886
0.128986
0.133154
0.137391
0.141701
0.146086
0.150549
0.155095
0.159726
0.164449
0.169267
0.174184
0.179207
0.18434
0.189588
0.194957
0.200451
0.206076
0.211837
0.217739
0.223785
0.229981
0.236329
0.242833
0.249497
0.256323
0.263312
0.270467
0.277788
0.285276
0.292932
0.300754
0.308742
0.316895
0.32521
0.333685
0.342318
0.351105
0.360043
0.369127
0.378354
0.387718
0.397214
0.406837
0.416581
0.426439
0.436406
0.446473
0.456634
0.466881
0.477206
0.4876
0.498055
0.508561
0.519108
0.529687
0.540286
0.550894
0.5615
0.572092
0.582656
0.593181
0.603652
0.614054
0.624375
0.634598
0.64471
0.654694
0.664536
0.67422
0.683731
0.693056
0.702181
0.711094
0.719782
0.728238
0.736454
0.744423
0.752144
0.759613
0.766831
0.773796
0.780506
0.786949
0.793108
0.798943
0.804394
0.809367
0.813727
0.817293
0.81985
0.821163
0.821046
0.81944
0.816559
0.812892
0.808983
0.805285
0.802134
0.79969
0.797729
0.795731
0.793151
0.789569
0.784686
0.778321
0.770383
0.760851
0.749754
0.737164
0.723178
0.707913
0.691499
0.674073
0.655778
0.636753
0.617137
0.597066
0.576667
0.556064
0.535369
0.514689
0.494122
0.473756
0.453674
0.433946
0.414639
0.395809
0.377508
0.359782
0.342673
0.32622
0.31046
0.295433
0.281177
0.267738
0.255165
0.24351
0.232835
0.223201
0.214671
0.207305
0.201147
0.196223
0.19253
0.190028
0.188637
0.18824
0.188689
0.189828
0.1915
0.193554
0.195852
0.19828
0.200742
0.203167
0.205501
0.207707
0.20976
0.211645
0.213352
0.214878
0.216219
0.217374
0.218344
0.219126
0.219717
0.220115
0.220313
0.220305
0.220083
0.219639
0.218964
0.218046
0.216877
0.215445
0.213742
0.00579765
0.00578032
0.00575453
0.00573734
0.00574882
0.00580752
0.00592739
0.00611659
0.00637822
0.00671177
0.00711478
0.00758413
0.00811682
0.00871041
0.00936317
0.0100741
0.0108427
0.0116692
0.0125542
0.0134984
0.0145031
0.0155695
0.0166992
0.0178935
0.0191541
0.0204825
0.0218803
0.0233489
0.0248898
0.0265042
0.0281936
0.0299589
0.0318012
0.0337213
0.0357201
0.0377982
0.0399561
0.042194
0.0445122
0.0469107
0.0493892
0.0519474
0.0545847
0.0573007
0.0600944
0.0629649
0.0659113
0.0689323
0.0720269
0.0751936
0.0784313
0.0817387
0.0851144
0.0885574
0.0920663
0.0956403
0.0992785
0.10298
0.106745
0.110573
0.114463
0.118417
0.122435
0.126518
0.130667
0.134885
0.139173
0.143535
0.147973
0.152491
0.157093
0.161782
0.166563
0.171441
0.176421
0.181507
0.186706
0.192022
0.19746
0.203027
0.208726
0.214564
0.220544
0.226671
0.23295
0.239383
0.245975
0.252728
0.259645
0.266728
0.273978
0.281396
0.288982
0.296737
0.30466
0.31275
0.321005
0.329423
0.338001
0.346738
0.355628
0.364669
0.373856
0.383185
0.392649
0.402245
0.411966
0.421806
0.431759
0.441817
0.451973
0.46222
0.47255
0.482954
0.493424
0.50395
0.514523
0.525132
0.535768
0.546418
0.557072
0.567717
0.578341
0.588931
0.599473
0.609953
0.620357
0.63067
0.640877
0.650962
0.660909
0.670703
0.680329
0.68977
0.699013
0.708042
0.716845
0.72541
0.733726
0.741785
0.749579
0.757102
0.764351
0.771322
0.778008
0.784403
0.79049
0.796245
0.801624
0.806562
0.810964
0.814698
0.8176
0.819477
0.820139
0.819452
0.817413
0.814245
0.810394
0.806365
0.802596
0.799405
0.796945
0.795019
0.793152
0.790809
0.787545
0.783034
0.77707
0.769543
0.760421
0.749725
0.73752
0.723899
0.708978
0.692885
0.675758
0.657736
0.638963
0.619576
0.599712
0.579498
0.559059
0.538508
0.517954
0.497494
0.47722
0.457213
0.437546
0.418286
0.399492
0.381217
0.363508
0.346409
0.329961
0.314202
0.299174
0.284917
0.271476
0.258901
0.247244
0.236565
0.226924
0.218381
0.210991
0.204796
0.199818
0.196053
0.19346
0.191964
0.191453
0.191786
0.192811
0.194373
0.196328
0.19854
0.200897
0.203304
0.205689
0.207998
0.210192
0.212244
0.214137
0.215861
0.21741
0.218781
0.219971
0.22098
0.221806
0.222445
0.222894
0.223148
0.223201
0.223044
0.22267
0.22207
0.221233
0.220151
0.218813
0.217211
0.00587894
0.00586127
0.00583483
0.00581683
0.00582756
0.00588583
0.0060058
0.00619587
0.00645927
0.00679557
0.00720234
0.00767645
0.00821488
0.00881517
0.00947555
0.010195
0.010973
0.0118098
0.0127059
0.0136622
0.0146798
0.01576
0.0169044
0.0181144
0.0193916
0.0207376
0.0221539
0.0236421
0.0252035
0.0268395
0.0285514
0.0303403
0.0322071
0.0341529
0.0361784
0.0382842
0.0404708
0.0427384
0.0450873
0.0475174
0.0500285
0.0526202
0.055292
0.0580432
0.060873
0.0637804
0.0667643
0.0698237
0.0729572
0.0761636
0.0794416
0.0827898
0.0862069
0.0896918
0.0932432
0.0968601
0.100542
0.104287
0.108096
0.111969
0.115905
0.119905
0.123969
0.128099
0.132297
0.136564
0.140902
0.145315
0.149805
0.154375
0.159031
0.163776
0.168615
0.173551
0.178592
0.183741
0.189004
0.194386
0.199893
0.20553
0.211302
0.217215
0.223272
0.229478
0.235838
0.242356
0.249033
0.255874
0.262881
0.270055
0.277398
0.28491
0.292593
0.300445
0.308466
0.316655
0.32501
0.333528
0.342207
0.351044
0.360035
0.369176
0.378462
0.387888
0.39745
0.407142
0.416957
0.426889
0.436931
0.447076
0.457317
0.467646
0.478054
0.488533
0.499073
0.509665
0.520299
0.530965
0.541651
0.552346
0.563039
0.573717
0.584366
0.594974
0.605527
0.616009
0.626407
0.636704
0.646885
0.656935
0.666836
0.676573
0.68613
0.69549
0.704639
0.71356
0.722241
0.730669
0.738831
0.746717
0.754319
0.761628
0.768637
0.77534
0.781727
0.787785
0.793495
0.798825
0.80373
0.808142
0.811965
0.815078
0.817329
0.818554
0.818602
0.817388
0.814948
0.811511
0.807486
0.803343
0.799501
0.796265
0.793782
0.79188
0.790123
0.78799
0.785019
0.780861
0.775286
0.768165
0.759452
0.749158
0.737343
0.724095
0.709527
0.693766
0.676949
0.659215
0.640708
0.621565
0.601922
0.58191
0.561652
0.541263
0.520852
0.500519
0.480353
0.46044
0.440853
0.42166
0.402921
0.384691
0.367018
0.349948
0.333524
0.317785
0.302774
0.288533
0.275108
0.262547
0.250905
0.240237
0.230602
0.222058
0.214654
0.208431
0.203408
0.199576
0.196897
0.195297
0.194669
0.194881
0.195785
0.197231
0.199077
0.201193
0.203469
0.20581
0.208145
0.210419
0.21259
0.214633
0.216527
0.218261
0.219828
0.221224
0.222445
0.22349
0.224357
0.225041
0.22554
0.225849
0.22596
0.225867
0.225562
0.225035
0.224278
0.223281
0.222034
0.220528
0.00595781
0.0059398
0.00591273
0.00589395
0.00590394
0.00596176
0.0060818
0.00627267
0.00653774
0.00687666
0.00728704
0.00776573
0.0083097
0.00891645
0.0095842
0.0103119
0.011099
0.0119458
0.0128527
0.0138207
0.0148508
0.0159446
0.0171033
0.0183285
0.0196219
0.020985
0.0224193
0.0239265
0.0255079
0.0271649
0.0288987
0.0307106
0.0326014
0.0345722
0.0366236
0.0387564
0.0409709
0.0432675
0.0456462
0.0481071
0.0506499
0.0532742
0.0559794
0.0587648
0.0616296
0.0645727
0.0675932
0.0706897
0.0738611
0.0771059
0.0804229
0.0838107
0.0872679
0.0907934
0.0943859
0.0980444
0.101768
0.105556
0.109408
0.113324
0.117304
0.121349
0.125458
0.129634
0.133879
0.138193
0.142579
0.147041
0.151582
0.156204
0.160913
0.165712
0.170607
0.175601
0.180701
0.185911
0.191237
0.196684
0.202259
0.207965
0.213808
0.219794
0.225927
0.232212
0.238652
0.245251
0.252013
0.25894
0.266034
0.273298
0.280732
0.288337
0.296113
0.30406
0.312178
0.320463
0.328915
0.337531
0.346308
0.355242
0.36433
0.373567
0.382949
0.392471
0.402126
0.41191
0.421815
0.431835
0.441963
0.452191
0.462512
0.472918
0.483399
0.493947
0.504553
0.515205
0.525896
0.536612
0.547343
0.558078
0.568804
0.579507
0.590176
0.600795
0.611351
0.621828
0.632212
0.642486
0.652633
0.662639
0.672485
0.682156
0.691634
0.700903
0.709946
0.718749
0.727295
0.735572
0.743566
0.751265
0.758658
0.765736
0.772488
0.778905
0.784973
0.790676
0.79599
0.800881
0.805298
0.809175
0.812418
0.814916
0.816534
0.817136
0.816607
0.814901
0.812087
0.808395
0.804205
0.799956
0.796048
0.792772
0.790269
0.788386
0.786723
0.784775
0.782071
0.778243
0.77304
0.766314
0.758003
0.748109
0.736684
0.723812
0.709604
0.694183
0.677685
0.66025
0.64202
0.623134
0.603727
0.583931
0.563869
0.543658
0.523407
0.503216
0.483178
0.463376
0.443886
0.424778
0.406112
0.387945
0.370327
0.353304
0.336922
0.321221
0.306245
0.292037
0.278644
0.266114
0.2545
0.243857
0.234241
0.225706
0.2183
0.212058
0.206995
0.203102
0.200341
0.198638
0.197892
0.197978
0.198754
0.200076
0.201806
0.203817
0.206001
0.208267
0.210541
0.21277
0.21491
0.216935
0.218822
0.22056
0.222139
0.223554
0.224802
0.22588
0.226784
0.227512
0.228059
0.22842
0.228588
0.228557
0.228319
0.227865
0.227185
0.22627
0.225112
0.2237
0.00603431
0.00601598
0.0059883
0.00596875
0.00597802
0.00603538
0.00615547
0.00634709
0.00661374
0.00695517
0.00736901
0.00785211
0.00840143
0.00901443
0.00968931
0.010425
0.011221
0.0120774
0.0129949
0.0139742
0.0150166
0.0161234
0.0172961
0.0185361
0.0198453
0.021225
0.022677
0.0242027
0.0258035
0.027481
0.0292362
0.0310705
0.0329846
0.0349797
0.0370564
0.0392154
0.0414572
0.0437819
0.0461897
0.0486805
0.0512541
0.0539101
0.0566478
0.0594665
0.0623653
0.0653432
0.0683991
0.0715317
0.0747398
0.0780219
0.0813767
0.0848029
0.088299
0.0918638
0.0954961
0.0991949
0.102959
0.106789
0.110682
0.11464
0.118663
0.122751
0.126904
0.131125
0.135414
0.139775
0.144208
0.148718
0.153308
0.157981
0.162742
0.167594
0.172543
0.177594
0.182751
0.188021
0.193409
0.19892
0.20456
0.210334
0.216248
0.222306
0.228513
0.234874
0.241393
0.248073
0.254917
0.261928
0.269109
0.27646
0.283983
0.291679
0.299547
0.307587
0.315798
0.324178
0.332724
0.341435
0.350307
0.359336
0.368518
0.377849
0.387324
0.396936
0.406682
0.416554
0.426545
0.436649
0.446859
0.457166
0.467563
0.478041
0.48859
0.499203
0.509869
0.520578
0.531318
0.54208
0.552851
0.563619
0.574372
0.585096
0.595777
0.606401
0.616953
0.627419
0.637781
0.648023
0.65813
0.668083
0.677866
0.687461
0.696851
0.706018
0.714946
0.723618
0.732019
0.740132
0.747944
0.755442
0.762612
0.769443
0.775923
0.782037
0.78777
0.793101
0.798005
0.802442
0.806363
0.8097
0.812367
0.814261
0.815266
0.815273
0.814199
0.812032
0.808867
0.80493
0.800584
0.796239
0.792277
0.788974
0.786463
0.784601
0.783021
0.781236
0.778772
0.77525
0.770397
0.764049
0.756129
0.746629
0.735592
0.723097
0.70925
0.694174
0.678003
0.660876
0.642933
0.624314
0.605156
0.585589
0.565738
0.545719
0.525643
0.50561
0.485715
0.46604
0.446665
0.427658
0.409083
0.390996
0.37345
0.356493
0.340169
0.324524
0.309599
0.295441
0.282095
0.26961
0.258038
0.247433
0.237848
0.229333
0.221933
0.215678
0.210583
0.206634
0.203792
0.201988
0.201124
0.20108
0.201723
0.202913
0.204519
0.206416
0.208499
0.210679
0.212883
0.215057
0.217158
0.219156
0.221029
0.222764
0.224349
0.225779
0.227049
0.228155
0.229095
0.229863
0.230455
0.230866
0.231091
0.23112
0.230947
0.230563
0.229959
0.229125
0.228052
0.226732
0.00610849
0.00608985
0.00606158
0.00604129
0.00604985
0.00610675
0.00622687
0.00641919
0.00668735
0.00703118
0.00744835
0.00793572
0.0084902
0.00910926
0.00979105
0.0105345
0.0113391
0.0122049
0.0131326
0.014123
0.0151773
0.0162968
0.0174831
0.0187376
0.0200621
0.0214581
0.0229272
0.024471
0.0260909
0.0277882
0.0295644
0.0314204
0.0333573
0.0353761
0.0374775
0.039662
0.0419303
0.0442824
0.0467185
0.0492385
0.0518421
0.0545288
0.0572981
0.0601491
0.063081
0.0660927
0.069183
0.0723507
0.0755944
0.0789127
0.0823043
0.0857676
0.0893014
0.0929044
0.0965753
0.100313
0.104117
0.107986
0.11192
0.115919
0.119984
0.124113
0.128309
0.132573
0.136907
0.141312
0.145791
0.150348
0.154986
0.159708
0.164519
0.169423
0.174425
0.179531
0.184746
0.190074
0.195523
0.201096
0.206801
0.212642
0.218624
0.224753
0.231033
0.237469
0.244065
0.250824
0.257749
0.264843
0.272108
0.279545
0.287156
0.29494
0.302898
0.311028
0.31933
0.327802
0.336441
0.345244
0.354208
0.363328
0.372602
0.382023
0.391587
0.401288
0.41112
0.421077
0.431151
0.441335
0.451622
0.462004
0.472473
0.483019
0.493633
0.504306
0.515027
0.525787
0.536573
0.547375
0.55818
0.568976
0.57975
0.590488
0.601175
0.611798
0.62234
0.632787
0.64312
0.653324
0.663382
0.673275
0.682986
0.692497
0.701789
0.710845
0.719648
0.728179
0.736422
0.74436
0.751978
0.759262
0.766195
0.772765
0.778956
0.784753
0.790137
0.795084
0.799564
0.80354
0.806959
0.809756
0.811852
0.813155
0.81357
0.813009
0.811419
0.808819
0.805321
0.80115
0.796655
0.792227
0.788227
0.784918
0.782415
0.780579
0.779075
0.777435
0.775186
0.771943
0.767418
0.761429
0.753886
0.744769
0.734113
0.721992
0.708508
0.69378
0.67794
0.661126
0.643479
0.625138
0.606239
0.586912
0.567284
0.547471
0.527584
0.507724
0.487986
0.468455
0.449209
0.43032
0.411851
0.393862
0.376404
0.359528
0.34328
0.327706
0.312849
0.298755
0.285471
0.273046
0.261529
0.250973
0.241429
0.232943
0.225557
0.219297
0.214173
0.210172
0.207253
0.205349
0.204366
0.20419
0.204694
0.205746
0.207218
0.208993
0.210967
0.213052
0.215177
0.217287
0.219339
0.221303
0.223155
0.224879
0.226465
0.227905
0.229192
0.230323
0.231294
0.232099
0.232735
0.233194
0.233472
0.23356
0.233451
0.233135
0.232604
0.231849
0.230859
0.229627
0.00618042
0.00616147
0.00613262
0.00611161
0.00611948
0.00617594
0.00629607
0.00648905
0.00675866
0.0071048
0.00752518
0.00801666
0.00857614
0.00920107
0.00988957
0.0106405
0.0114535
0.0123285
0.0132661
0.0142673
0.0153332
0.0164651
0.0176646
0.0189333
0.0202728
0.0216846
0.0231704
0.0247318
0.0263702
0.028087
0.0298835
0.0317608
0.0337199
0.0357618
0.0378872
0.0400967
0.0423907
0.0447695
0.0472332
0.0497815
0.0524143
0.055131
0.0579311
0.0608136
0.0637776
0.0668221
0.0699459
0.0731476
0.0764259
0.0797794
0.0832066
0.0867061
0.0902765
0.0939165
0.0976248
0.101401
0.105243
0.109151
0.113124
0.117163
0.121267
0.125437
0.129675
0.133981
0.138357
0.142806
0.14733
0.151932
0.156617
0.161387
0.166247
0.171202
0.176257
0.181416
0.186686
0.192073
0.19758
0.203215
0.208983
0.214889
0.220939
0.227138
0.23349
0.239999
0.24667
0.253507
0.260511
0.267686
0.275034
0.282555
0.290251
0.298122
0.306168
0.314387
0.322778
0.331339
0.340067
0.34896
0.358013
0.367223
0.376585
0.386094
0.395744
0.40553
0.415445
0.425483
0.435636
0.445897
0.456258
0.46671
0.477246
0.487856
0.49853
0.509258
0.520031
0.530836
0.541663
0.5525
0.563334
0.574153
0.584942
0.595689
0.606377
0.616992
0.627518
0.637939
0.648237
0.658395
0.668396
0.678222
0.687853
0.697271
0.706457
0.715393
0.72406
0.73244
0.740515
0.748267
0.75568
0.762736
0.76942
0.775716
0.781607
0.787073
0.792095
0.796646
0.800695
0.804202
0.807117
0.809378
0.810912
0.811641
0.811486
0.810384
0.808305
0.805296
0.801484
0.797097
0.792468
0.787967
0.783941
0.780635
0.778153
0.776364
0.77494
0.77343
0.771368
0.76838
0.764156
0.758504
0.751321
0.742574
0.732292
0.72054
0.707416
0.693036
0.67753
0.661036
0.643691
0.625635
0.607004
0.587928
0.568534
0.548939
0.529253
0.509579
0.490013
0.470639
0.451539
0.432782
0.414436
0.396558
0.379205
0.362426
0.346269
0.330781
0.316007
0.301992
0.288784
0.27643
0.26498
0.254484
0.24499
0.236542
0.229177
0.222917
0.217769
0.213718
0.210724
0.208721
0.207618
0.207308
0.207669
0.208577
0.20991
0.211553
0.213408
0.21539
0.217427
0.219465
0.22146
0.223382
0.225205
0.226912
0.228493
0.229936
0.231237
0.232389
0.233387
0.234227
0.234903
0.235409
0.235738
0.235882
0.235834
0.235585
0.235126
0.234446
0.233538
0.23239
0.00625012
0.00623088
0.00620147
0.00617976
0.00618696
0.00624298
0.00636312
0.00655673
0.00682773
0.00717611
0.0075996
0.00809506
0.00865939
0.00929001
0.00998503
0.0107433
0.0115644
0.0124483
0.0133957
0.0144073
0.0154845
0.0166286
0.017841
0.0191234
0.0204775
0.0219048
0.0234069
0.0249855
0.026642
0.0283777
0.0301941
0.0320921
0.0340728
0.0361372
0.038286
0.0405198
0.042839
0.0452438
0.0477343
0.0503103
0.0529715
0.0557174
0.0585474
0.0614605
0.0644558
0.0675322
0.0706885
0.0739233
0.0772352
0.0806228
0.0840846
0.0876192
0.0912251
0.094901
0.0986457
0.102458
0.106337
0.110283
0.114294
0.118372
0.122515
0.126725
0.131003
0.135349
0.139767
0.144259
0.148826
0.153473
0.158203
0.16302
0.167928
0.172932
0.178038
0.183251
0.188575
0.194018
0.199584
0.205279
0.211109
0.217079
0.223195
0.229462
0.235884
0.242466
0.249211
0.256124
0.263206
0.27046
0.277889
0.285493
0.293272
0.301228
0.309359
0.317664
0.326142
0.33479
0.343606
0.352586
0.361726
0.371022
0.380469
0.390062
0.399796
0.409663
0.419658
0.429773
0.440002
0.450336
0.460767
0.471286
0.481885
0.492555
0.503284
0.514064
0.524883
0.53573
0.546593
0.55746
0.568318
0.579154
0.589954
0.600703
0.611386
0.621988
0.632491
0.64288
0.653136
0.663243
0.67318
0.68293
0.692474
0.701791
0.710863
0.71967
0.728193
0.736412
0.744308
0.751863
0.759059
0.765878
0.772302
0.778312
0.78389
0.789015
0.793665
0.797811
0.801422
0.804458
0.806869
0.808599
0.809581
0.809753
0.809052
0.807436
0.8049
0.801509
0.797404
0.792816
0.788065
0.783505
0.779464
0.776175
0.773724
0.771984
0.770638
0.769251
0.767371
0.764613
0.760664
0.755325
0.748483
0.740092
0.73017
0.718781
0.706013
0.69198
0.67681
0.660637
0.6436
0.625835
0.60748
0.588665
0.569514
0.550148
0.530675
0.5112
0.491818
0.472616
0.453674
0.435064
0.416854
0.399104
0.381869
0.365202
0.349151
0.333764
0.319086
0.305163
0.292044
0.279773
0.268401
0.257975
0.248539
0.240135
0.232796
0.22654
0.221372
0.217274
0.214206
0.212103
0.21088
0.210434
0.210649
0.211408
0.212594
0.2141
0.215828
0.217697
0.219638
0.221595
0.223526
0.225397
0.227184
0.228869
0.230437
0.23188
0.233189
0.234357
0.23538
0.236251
0.236964
0.237514
0.237892
0.238091
0.238103
0.237918
0.237528
0.236922
0.236092
0.235027
0.00631765
0.00629812
0.00626817
0.00624578
0.00625234
0.00630794
0.0064281
0.00662232
0.00689467
0.00724521
0.00767171
0.00817103
0.00874007
0.00937622
0.0100776
0.010843
0.011672
0.0125646
0.0135214
0.0145433
0.0156315
0.0167873
0.0180124
0.0193082
0.0206765
0.0221189
0.023637
0.0252323
0.0269064
0.0286607
0.0304963
0.0324146
0.0344164
0.0365028
0.0386744
0.0409319
0.0432756
0.0457058
0.0482224
0.0508253
0.0535142
0.0562885
0.0591476
0.0620904
0.0651162
0.0682236
0.0714115
0.0746784
0.078023
0.0814438
0.0849392
0.0885078
0.0921482
0.095859
0.099639
0.103487
0.107402
0.111384
0.115433
0.119547
0.123729
0.127977
0.132294
0.13668
0.141139
0.145671
0.150281
0.154971
0.159746
0.164608
0.169563
0.174616
0.179772
0.185036
0.190414
0.195912
0.201535
0.207289
0.21318
0.219214
0.225395
0.231728
0.238219
0.244872
0.25169
0.258677
0.265835
0.273167
0.280675
0.288359
0.296221
0.304259
0.312473
0.320863
0.329425
0.338158
0.347058
0.356123
0.365347
0.374726
0.384256
0.393931
0.403744
0.41369
0.423762
0.433951
0.444252
0.454655
0.465152
0.475735
0.486393
0.497118
0.507899
0.518726
0.529587
0.540471
0.551365
0.562257
0.573135
0.583983
0.594788
0.605535
0.616207
0.62679
0.637265
0.647616
0.657824
0.667872
0.677739
0.687407
0.696855
0.706064
0.715014
0.723684
0.732053
0.740102
0.747811
0.75516
0.762129
0.7687
0.774852
0.780566
0.785822
0.790597
0.794866
0.798602
0.80177
0.804333
0.806244
0.807451
0.807899
0.807533
0.806311
0.804208
0.801244
0.797496
0.793119
0.788348
0.78349
0.778885
0.774845
0.771583
0.769173
0.767486
0.766214
0.764939
0.763221
0.760673
0.756983
0.75194
0.745419
0.737364
0.727791
0.716754
0.704337
0.690647
0.675812
0.659963
0.643236
0.625769
0.607696
0.589149
0.570252
0.551124
0.531875
0.51261
0.493424
0.474405
0.455635
0.437186
0.419126
0.401516
0.384414
0.367873
0.351941
0.336668
0.322099
0.308281
0.295261
0.283085
0.2718
0.261451
0.252081
0.243727
0.236418
0.23017
0.224984
0.22084
0.217699
0.215497
0.214152
0.213567
0.213633
0.214239
0.215273
0.216635
0.21823
0.219978
0.221814
0.223683
0.225541
0.227354
0.229098
0.230753
0.232305
0.233741
0.235053
0.236234
0.237277
0.238176
0.238924
0.239514
0.239939
0.24019
0.24026
0.240137
0.239814
0.23928
0.238526
0.237541
0.00638305
0.00636324
0.00633277
0.00630974
0.00631567
0.00637089
0.00649106
0.00668589
0.00695955
0.00731219
0.00774161
0.00824469
0.0088183
0.00945982
0.0101673
0.0109397
0.0117764
0.0126774
0.0136435
0.0146753
0.0157743
0.0169416
0.018179
0.0194879
0.0208701
0.0223272
0.0238608
0.0254725
0.0271638
0.0289361
0.0307907
0.0327286
0.0347511
0.0368589
0.0390528
0.0413333
0.0437009
0.0461558
0.0486979
0.051327
0.0540428
0.0568448
0.0597321
0.062704
0.0657593
0.0688969
0.0721155
0.0754137
0.0787901
0.082243
0.0857711
0.0893728
0.0930466
0.0967912
0.100605
0.104488
0.108439
0.112456
0.11654
0.120691
0.124909
0.129195
0.133549
0.137975
0.142472
0.147045
0.151696
0.156429
0.161246
0.166153
0.171155
0.176255
0.18146
0.186775
0.192205
0.197757
0.203436
0.209248
0.215198
0.221293
0.227538
0.233937
0.240496
0.247218
0.254107
0.261167
0.2684
0.275808
0.283393
0.291156
0.299097
0.307216
0.315512
0.323983
0.332628
0.341443
0.350426
0.359572
0.368878
0.378338
0.387948
0.397701
0.407591
0.417612
0.427757
0.438018
0.448387
0.458855
0.469415
0.480057
0.490772
0.501548
0.512377
0.523246
0.534145
0.545061
0.555983
0.566896
0.577788
0.588643
0.599449
0.610188
0.620844
0.631402
0.641844
0.652151
0.662305
0.672287
0.682078
0.691657
0.701004
0.710097
0.718917
0.727441
0.73565
0.74352
0.751033
0.758166
0.7649
0.771213
0.777085
0.782494
0.78742
0.791837
0.79572
0.799041
0.801766
0.803858
0.805275
0.805971
0.805899
0.805018
0.803299
0.800738
0.797371
0.793293
0.788667
0.783731
0.778784
0.774151
0.770124
0.766902
0.764541
0.76291
0.761709
0.760535
0.758961
0.756603
0.753148
0.748378
0.742158
0.734429
0.725193
0.714498
0.702424
0.689071
0.674569
0.659045
0.642632
0.625465
0.60768
0.589408
0.570772
0.551891
0.532876
0.513831
0.494853
0.47603
0.457443
0.439166
0.421269
0.403813
0.386857
0.370454
0.354654
0.339507
0.32506
0.311358
0.298448
0.286375
0.275185
0.264921
0.255622
0.247322
0.240047
0.233809
0.228606
0.224417
0.221202
0.218899
0.217432
0.216706
0.216621
0.217069
0.217948
0.219159
0.220614
0.222236
0.22396
0.225732
0.22751
0.229259
0.230953
0.232572
0.2341
0.235524
0.236835
0.238024
0.239084
0.240007
0.240787
0.241415
0.241884
0.242185
0.24231
0.242247
0.241989
0.241524
0.240843
0.239936
0.00644637
0.00642628
0.00639531
0.00637166
0.00637702
0.00643186
0.00655207
0.0067475
0.00702245
0.00737713
0.00780939
0.00831612
0.00889418
0.00954094
0.0102545
0.0110336
0.0118777
0.0127871
0.0137621
0.0148037
0.0159131
0.0170917
0.018341
0.0196627
0.0210585
0.0225299
0.0240787
0.0257064
0.0274144
0.0292043
0.0310773
0.0330345
0.035077
0.0372057
0.0394213
0.0417244
0.0441153
0.0465942
0.049161
0.0518157
0.0545578
0.0573866
0.0603015
0.0633016
0.0663857
0.0695526
0.0728011
0.0761297
0.0795368
0.0830211
0.0865808
0.0902146
0.0939209
0.0976984
0.101546
0.105462
0.109446
0.113498
0.117617
0.121803
0.126057
0.130379
0.134771
0.139233
0.14377
0.148382
0.153073
0.157846
0.162706
0.167657
0.172703
0.17785
0.183102
0.188467
0.193948
0.199553
0.205286
0.211155
0.217164
0.22332
0.229627
0.236091
0.242716
0.249506
0.256465
0.263596
0.270902
0.278384
0.286045
0.293885
0.301904
0.310101
0.318476
0.327027
0.335752
0.344647
0.35371
0.362935
0.37232
0.381858
0.391545
0.401373
0.411338
0.421431
0.431646
0.441974
0.452408
0.462939
0.473558
0.484256
0.495022
0.505847
0.516719
0.527627
0.53856
0.549504
0.560448
0.571378
0.58228
0.593139
0.603939
0.614666
0.625302
0.63583
0.646232
0.65649
0.666585
0.676496
0.686204
0.695688
0.704926
0.713898
0.72258
0.730953
0.738992
0.746677
0.753985
0.760895
0.767385
0.773432
0.779016
0.784114
0.788702
0.792756
0.796249
0.799153
0.801436
0.803062
0.803993
0.804191
0.803617
0.802241
0.800051
0.797059
0.793318
0.788936
0.784085
0.779005
0.773987
0.769341
0.765343
0.76217
0.759866
0.758293
0.757159
0.756077
0.754631
0.752442
0.749199
0.74468
0.738742
0.73132
0.722406
0.712042
0.700303
0.687288
0.673116
0.657915
0.641816
0.624953
0.60746
0.589468
0.571101
0.552475
0.533703
0.514888
0.496127
0.47751
0.459118
0.441026
0.423303
0.406013
0.389214
0.372962
0.357306
0.342297
0.327981
0.314405
0.301614
0.289652
0.278564
0.26839
0.259166
0.250924
0.243684
0.237457
0.232237
0.228003
0.224714
0.222311
0.220719
0.219851
0.219611
0.219899
0.220617
0.221673
0.222982
0.224471
0.226076
0.227745
0.229436
0.231114
0.232752
0.234329
0.235827
0.237235
0.238539
0.239732
0.240805
0.241749
0.242558
0.243221
0.243732
0.24408
0.244257
0.244253
0.244057
0.243659
0.243049
0.242217
0.00650763
0.00648728
0.00645585
0.00643161
0.00643642
0.00649093
0.00661119
0.00680722
0.00708342
0.0074401
0.00787513
0.00838542
0.00896781
0.00961967
0.010339
0.0111247
0.0119762
0.0128935
0.0138773
0.0149284
0.016048
0.0172376
0.0184986
0.0198328
0.0212418
0.0227272
0.0242908
0.025934
0.0276585
0.0294655
0.0313565
0.0333324
0.0353945
0.0375435
0.0397803
0.0421053
0.0445189
0.0470212
0.0496122
0.0522918
0.0550593
0.0579144
0.0608561
0.0638836
0.0669957
0.0701911
0.0734686
0.0768267
0.0802638
0.0837784
0.0873689
0.0910339
0.0947717
0.0985811
0.102461
0.10641
0.110427
0.114512
0.118665
0.122885
0.127173
0.131531
0.135958
0.140457
0.145031
0.149681
0.154411
0.159225
0.164126
0.169119
0.174209
0.179401
0.184701
0.190113
0.195645
0.201301
0.207089
0.213013
0.21908
0.225294
0.231663
0.238189
0.244879
0.251736
0.258763
0.265964
0.273341
0.280897
0.288631
0.296546
0.304641
0.312915
0.321367
0.329996
0.338798
0.347771
0.356911
0.366213
0.375674
0.385288
0.395048
0.40495
0.414985
0.425147
0.435429
0.445822
0.456318
0.466908
0.477583
0.488333
0.499148
0.510016
0.520928
0.531871
0.542834
0.553803
0.564766
0.575708
0.586615
0.597472
0.608264
0.618974
0.629584
0.640078
0.650436
0.66064
0.670669
0.680505
0.690124
0.699507
0.708631
0.717474
0.726013
0.734226
0.74209
0.749582
0.756679
0.763358
0.769597
0.775372
0.780662
0.785441
0.789687
0.793374
0.796475
0.798963
0.800806
0.801972
0.802428
0.802141
0.801083
0.799237
0.796601
0.793206
0.789118
0.784458
0.779408
0.774205
0.769136
0.764496
0.760539
0.757426
0.755184
0.75367
0.752601
0.751599
0.750265
0.748226
0.745174
0.740884
0.735208
0.728074
0.719467
0.709423
0.69801
0.685323
0.671478
0.656599
0.640815
0.624259
0.607063
0.589357
0.571264
0.552901
0.534378
0.515802
0.497269
0.478867
0.460681
0.442783
0.425247
0.408134
0.391504
0.375412
0.359911
0.345049
0.330875
0.317433
0.304769
0.292926
0.281945
0.271865
0.262719
0.254536
0.247333
0.241117
0.23588
0.231599
0.228234
0.225729
0.224011
0.222999
0.222602
0.222727
0.223281
0.224177
0.225335
0.226685
0.228166
0.229726
0.231323
0.232923
0.234499
0.236028
0.237492
0.238877
0.240171
0.241363
0.242445
0.243407
0.24424
0.244936
0.245485
0.245879
0.246106
0.246157
0.246021
0.245688
0.245147
0.244388
0.00656688
0.00654629
0.0065144
0.00648962
0.00649392
0.00654813
0.00666846
0.00686509
0.00714254
0.00750118
0.00793892
0.00845266
0.00903928
0.0096961
0.0104212
0.0112133
0.0120719
0.012997
0.0139893
0.0150497
0.0161793
0.0173795
0.018652
0.0199983
0.0214202
0.0229193
0.0244972
0.0261557
0.0278961
0.0297199
0.0316283
0.0336226
0.0357037
0.0378726
0.04013
0.0424763
0.044912
0.0474371
0.0500517
0.0527554
0.0555479
0.0584284
0.0613962
0.0644503
0.0675896
0.0708127
0.0741184
0.0775052
0.0809714
0.0845155
0.0881359
0.091831
0.0955995
0.0994397
0.103351
0.107331
0.11138
0.115498
0.119683
0.123937
0.128259
0.13265
0.137113
0.141647
0.146257
0.150945
0.155713
0.160565
0.165507
0.170541
0.175674
0.18091
0.186256
0.191716
0.197296
0.203003
0.208843
0.214822
0.220945
0.227218
0.233646
0.240234
0.246987
0.253909
0.261003
0.268272
0.275719
0.283346
0.291152
0.29914
0.307309
0.315658
0.324185
0.332889
0.341767
0.350815
0.36003
0.369407
0.378941
0.388628
0.39846
0.408431
0.418535
0.428763
0.439109
0.449564
0.460118
0.470764
0.481491
0.49229
0.503149
0.514059
0.525007
0.535982
0.54697
0.55796
0.568937
0.579888
0.590797
0.601649
0.612427
0.623115
0.633696
0.644151
0.65446
0.664605
0.674564
0.684318
0.693844
0.70312
0.712124
0.720833
0.729223
0.737271
0.744953
0.752246
0.759125
0.765568
0.771549
0.777047
0.782036
0.786492
0.790392
0.79371
0.796419
0.798492
0.7999
0.800615
0.800607
0.799852
0.79833
0.796036
0.792982
0.789211
0.784805
0.779896
0.774671
0.76937
0.764269
0.75965
0.755747
0.752703
0.750527
0.749074
0.748064
0.747134
0.745897
0.74399
0.741108
0.737026
0.731593
0.724728
0.716413
0.706675
0.695578
0.683213
0.669689
0.655129
0.639659
0.623411
0.606514
0.589098
0.571283
0.553189
0.534925
0.516596
0.498299
0.480123
0.462151
0.444459
0.427118
0.410192
0.393741
0.377821
0.362484
0.347779
0.333754
0.320454
0.307923
0.296203
0.285333
0.27535
0.266285
0.258161
0.250994
0.244787
0.239532
0.235203
0.231761
0.229151
0.227306
0.226148
0.225592
0.225551
0.225938
0.22667
0.227674
0.22888
0.230231
0.231676
0.233174
0.23469
0.236197
0.237673
0.239097
0.240455
0.241733
0.242921
0.244008
0.244983
0.245839
0.246564
0.24715
0.247585
0.24786
0.247965
0.247887
0.247616
0.247142
0.246452
0.00662416
0.00660333
0.00657102
0.00654573
0.00654956
0.0066035
0.00672394
0.00692118
0.00719986
0.00756042
0.0080008
0.00851793
0.00910866
0.00977032
0.0105009
0.0112993
0.0121648
0.0130976
0.0140983
0.0151676
0.0163069
0.0175176
0.0188012
0.0201594
0.0215938
0.0231062
0.0246982
0.0263715
0.0281275
0.0299676
0.0318931
0.0339051
0.0360049
0.0381931
0.0404705
0.0428377
0.0452949
0.0478422
0.0504796
0.0532069
0.0560235
0.0589288
0.061922
0.065002
0.0681677
0.0714178
0.0747509
0.0781654
0.0816599
0.0852326
0.088882
0.0926065
0.0964046
0.100275
0.104216
0.108227
0.112307
0.116456
0.120673
0.124959
0.129314
0.133739
0.138235
0.142804
0.147449
0.152173
0.156978
0.161869
0.166849
0.171924
0.177099
0.182378
0.187768
0.193274
0.198903
0.204659
0.210551
0.216582
0.22276
0.22909
0.235577
0.242225
0.249041
0.256026
0.263185
0.270522
0.278037
0.285732
0.29361
0.301669
0.309909
0.318331
0.326931
0.335708
0.344659
0.353781
0.363068
0.372517
0.382123
0.391879
0.40178
0.411818
0.421987
0.432279
0.442686
0.453199
0.463809
0.474508
0.485284
0.496128
0.50703
0.517976
0.528957
0.53996
0.550971
0.561978
0.572966
0.583922
0.594828
0.605671
0.616432
0.627095
0.637641
0.648052
0.658309
0.66839
0.678275
0.687943
0.69737
0.706535
0.715414
0.723983
0.732219
0.740096
0.747591
0.754679
0.761335
0.767535
0.773255
0.778469
0.783154
0.787285
0.790837
0.793784
0.796102
0.797764
0.798744
0.799017
0.798559
0.797353
0.795388
0.79267
0.789224
0.785106
0.780411
0.775281
0.769908
0.764531
0.75942
0.754838
0.751001
0.748033
0.745927
0.744534
0.743579
0.742712
0.741559
0.739766
0.737035
0.733141
0.72793
0.721317
0.713278
0.703833
0.693041
0.680988
0.667781
0.653536
0.638379
0.622438
0.605842
0.588718
0.571187
0.553366
0.535366
0.517291
0.499237
0.481295
0.463547
0.44607
0.428935
0.412206
0.395943
0.380203
0.365039
0.350499
0.33663
0.323478
0.311085
0.299492
0.288736
0.278852
0.269866
0.261801
0.254669
0.248469
0.243192
0.238812
0.235291
0.232575
0.230601
0.229295
0.228578
0.228369
0.228586
0.229152
0.229997
0.231055
0.232271
0.233596
0.234989
0.236417
0.237851
0.239267
0.240646
0.241972
0.243231
0.24441
0.245497
0.246484
0.247358
0.248109
0.248728
0.249203
0.249524
0.249679
0.249657
0.249446
0.249036
0.248414
0.00667949
0.00665844
0.00662574
0.00659997
0.00660337
0.00665709
0.00677766
0.00697553
0.00725543
0.00761787
0.00806085
0.00858129
0.00917603
0.00984241
0.0105784
0.0113829
0.0122552
0.0131954
0.0142042
0.0152823
0.0164311
0.0176519
0.0189463
0.0203161
0.0217628
0.0232882
0.0248939
0.0265815
0.0283527
0.0302087
0.0321508
0.0341802
0.0362981
0.0385051
0.0408021
0.0431895
0.0456676
0.0482366
0.0508963
0.0536464
0.0564865
0.0594159
0.0624337
0.0655389
0.0687303
0.0720065
0.0753662
0.0788078
0.0823296
0.0859301
0.0896076
0.0933605
0.0971874
0.101087
0.105057
0.109098
0.113208
0.117388
0.121636
0.125953
0.130339
0.134796
0.139325
0.143928
0.148607
0.153366
0.158207
0.163135
0.168154
0.173268
0.178483
0.183805
0.189238
0.19479
0.200465
0.20627
0.212212
0.218296
0.224527
0.230913
0.237457
0.244164
0.25104
0.258088
0.265311
0.272712
0.280294
0.288057
0.296003
0.304132
0.312442
0.320935
0.329606
0.338454
0.347476
0.356668
0.366026
0.375544
0.385218
0.395042
0.405009
0.415112
0.425343
0.435696
0.446161
0.456729
0.467393
0.478141
0.488963
0.49985
0.510789
0.52177
0.532781
0.543808
0.554838
0.565859
0.576855
0.587811
0.598712
0.609541
0.620282
0.630915
0.641424
0.651788
0.661987
0.672
0.681807
0.691384
0.700709
0.709758
0.718507
0.726932
0.735008
0.74271
0.750013
0.756891
0.76332
0.769273
0.774726
0.779654
0.784032
0.787835
0.791037
0.793616
0.795545
0.796802
0.797361
0.797203
0.79631
0.794671
0.792285
0.789169
0.785358
0.780923
0.775969
0.770646
0.765152
0.759724
0.754621
0.750092
0.746332
0.743446
0.741413
0.740078
0.739174
0.738362
0.737279
0.735584
0.732987
0.729261
0.724254
0.717875
0.710095
0.70093
0.690432
0.678684
0.665786
0.651852
0.637005
0.621371
0.605077
0.588247
0.571002
0.55346
0.535729
0.517913
0.500109
0.482407
0.46489
0.447635
0.430713
0.414189
0.398124
0.382573
0.367588
0.353219
0.339513
0.326514
0.314263
0.302799
0.292159
0.282372
0.273466
0.265457
0.258356
0.252161
0.24686
0.242426
0.238822
0.235997
0.233892
0.232437
0.231557
0.231178
0.231224
0.231621
0.232304
0.233211
0.234288
0.235488
0.236772
0.238106
0.239461
0.240813
0.242143
0.243432
0.244667
0.245833
0.246918
0.247911
0.2488
0.249575
0.250225
0.250737
0.251101
0.251304
0.251335
0.251182
0.250833
0.250276
0.0067329
0.00671165
0.00667859
0.00665238
0.0066554
0.00670894
0.00682967
0.00702818
0.0073093
0.0076736
0.00811912
0.00864278
0.00924145
0.00991243
0.0106537
0.0114641
0.012343
0.0132905
0.0143071
0.0153938
0.0165518
0.0177825
0.0190876
0.0204685
0.0219272
0.0234652
0.0250843
0.026786
0.0285719
0.0304433
0.0324016
0.034448
0.0365834
0.0388088
0.0411248
0.0435319
0.0460304
0.0486203
0.0513017
0.0540741
0.056937
0.0598898
0.0629315
0.0660612
0.0692775
0.0725791
0.0759646
0.0794323
0.0829807
0.0866081
0.0903129
0.0940934
0.0979481
0.101876
0.105875
0.109944
0.114084
0.118292
0.12257
0.126917
0.131334
0.135823
0.140383
0.145019
0.149731
0.154524
0.159401
0.164365
0.169421
0.174574
0.179829
0.185191
0.190667
0.196263
0.201984
0.207837
0.213828
0.219962
0.226246
0.232686
0.239286
0.246051
0.252986
0.260095
0.26738
0.274845
0.282491
0.29032
0.298333
0.306529
0.314908
0.323469
0.332209
0.341126
0.350217
0.359477
0.368903
0.378489
0.388229
0.398118
0.408148
0.418312
0.428604
0.439014
0.449534
0.460156
0.470869
0.481663
0.492529
0.503455
0.51443
0.525442
0.536479
0.547527
0.558574
0.569605
0.580605
0.591559
0.60245
0.613263
0.623979
0.63458
0.645047
0.65536
0.665499
0.675441
0.685165
0.694647
0.703865
0.712794
0.72141
0.729687
0.737599
0.745122
0.752228
0.758893
0.76509
0.770793
0.775976
0.780615
0.784684
0.788158
0.791013
0.793224
0.79477
0.795627
0.795776
0.7952
0.793888
0.791835
0.789051
0.785562
0.781416
0.776693
0.771509
0.766023
0.760435
0.754979
0.749904
0.745442
0.741769
0.73897
0.737011
0.735734
0.734876
0.734109
0.733086
0.731475
0.728993
0.725419
0.720597
0.714436
0.7069
0.698001
0.687786
0.676333
0.663737
0.650109
0.635569
0.62024
0.604247
0.587713
0.570758
0.553496
0.536038
0.518487
0.500938
0.483482
0.466203
0.449176
0.432474
0.416161
0.400298
0.384942
0.370144
0.355952
0.342413
0.32957
0.317463
0.30613
0.295604
0.285915
0.277084
0.269129
0.262056
0.255861
0.250531
0.24604
0.242351
0.239415
0.237176
0.23557
0.234527
0.233976
0.233849
0.234075
0.234594
0.235346
0.23628
0.237352
0.238523
0.239758
0.24103
0.242314
0.24359
0.244838
0.246044
0.247193
0.248272
0.249268
0.25017
0.250966
0.251643
0.25219
0.252594
0.252843
0.252925
0.252828
0.252538
0.252043
0.00678444
0.006763
0.00672959
0.00670299
0.00670568
0.00675907
0.00688
0.00707917
0.0073615
0.00772764
0.00817565
0.00870248
0.00930497
0.00998044
0.0107269
0.011543
0.0124284
0.0133829
0.0144073
0.0155023
0.0166693
0.0179096
0.0192249
0.0206168
0.0220871
0.0236374
0.0252695
0.0269849
0.0287851
0.0306716
0.0326457
0.0347085
0.0368611
0.0391043
0.0414387
0.043865
0.0463832
0.0489936
0.051696
0.05449
0.0573751
0.0603506
0.0634156
0.0665689
0.0698094
0.0731357
0.0765461
0.0800393
0.0836135
0.087267
0.0909981
0.0948053
0.098687
0.102642
0.106668
0.110766
0.114933
0.119171
0.123477
0.127854
0.132301
0.136819
0.141411
0.146078
0.150823
0.155649
0.160559
0.165558
0.170651
0.175841
0.181135
0.186538
0.192055
0.197694
0.20346
0.209359
0.215398
0.221582
0.227918
0.23441
0.241065
0.247886
0.254879
0.262047
0.269393
0.27692
0.284629
0.292522
0.3006
0.308862
0.317307
0.325934
0.334741
0.343725
0.352882
0.362209
0.3717
0.38135
0.391154
0.401105
0.411196
0.42142
0.431769
0.442234
0.452807
0.463478
0.474238
0.485076
0.495982
0.506945
0.517952
0.528992
0.540053
0.551119
0.562179
0.573217
0.584218
0.595167
0.606046
0.616839
0.627528
0.638093
0.648515
0.658774
0.668848
0.678715
0.688353
0.697738
0.706846
0.715651
0.724129
0.732254
0.74
0.747339
0.754246
0.760694
0.766656
0.772106
0.777018
0.781366
0.785125
0.788271
0.79078
0.792628
0.793795
0.794262
0.794011
0.793031
0.791317
0.788872
0.785714
0.781879
0.777425
0.772444
0.767062
0.761442
0.755787
0.750326
0.745298
0.740916
0.737338
0.734631
0.732747
0.731526
0.730709
0.729981
0.729006
0.727465
0.725084
0.721643
0.71699
0.71103
0.703724
0.695078
0.685135
0.673967
0.661666
0.648339
0.634102
0.619076
0.603384
0.587146
0.570481
0.553503
0.536321
0.519037
0.501748
0.484544
0.467506
0.450714
0.434236
0.418139
0.402484
0.387327
0.372718
0.358707
0.345338
0.332654
0.320692
0.309489
0.299076
0.28948
0.280723
0.272817
0.265766
0.259567
0.254204
0.249651
0.245873
0.242823
0.240449
0.23869
0.237482
0.23676
0.236457
0.236512
0.236864
0.237459
0.238249
0.239189
0.240243
0.241376
0.242561
0.243772
0.244989
0.246193
0.247366
0.248495
0.249564
0.25056
0.251471
0.252284
0.252986
0.253565
0.254007
0.2543
0.254431
0.254386
0.254153
0.253718
0.00683412
0.0068125
0.00677879
0.00675183
0.00675422
0.00680752
0.00692869
0.00712853
0.00741208
0.00778004
0.00823049
0.00876041
0.00936664
0.0100465
0.0107979
0.0116197
0.0125113
0.0134727
0.0145046
0.0156077
0.0167834
0.0180331
0.0193585
0.020761
0.0222426
0.0238049
0.0254496
0.0271783
0.0289925
0.0308937
0.0328831
0.0349618
0.0371311
0.0393916
0.041744
0.0441888
0.0467263
0.0493565
0.0520793
0.0548943
0.0578009
0.0607984
0.0638859
0.0670623
0.0703262
0.0736763
0.077111
0.0806288
0.0842279
0.0879067
0.0916634
0.0954964
0.0994042
0.103385
0.107439
0.111563
0.115758
0.120022
0.124357
0.128762
0.133238
0.137786
0.142407
0.147105
0.151881
0.15674
0.161683
0.166717
0.171844
0.177071
0.182403
0.187845
0.193403
0.199084
0.204893
0.210837
0.216923
0.223155
0.229541
0.236085
0.242793
0.24967
0.256719
0.263945
0.27135
0.278937
0.286707
0.294663
0.302804
0.311129
0.319639
0.32833
0.337202
0.34625
0.355472
0.364862
0.374417
0.38413
0.393995
0.404006
0.414155
0.424436
0.434839
0.445356
0.455979
0.466698
0.477502
0.488381
0.499324
0.510321
0.521358
0.532423
0.543504
0.554586
0.565656
0.576698
0.587698
0.598638
0.609502
0.620273
0.630931
0.641457
0.651831
0.662033
0.67204
0.681829
0.691378
0.700662
0.709656
0.718335
0.726673
0.734642
0.742218
0.749371
0.756076
0.762304
0.768029
0.773225
0.777864
0.781921
0.785371
0.788191
0.790356
0.791847
0.792643
0.792728
0.79209
0.790722
0.788624
0.785808
0.782301
0.778147
0.773416
0.768208
0.762657
0.756932
0.751237
0.745794
0.740829
0.73654
0.733065
0.730453
0.728645
0.727477
0.726697
0.726
0.725064
0.723582
0.721287
0.717966
0.713466
0.707691
0.7006
0.692194
0.682512
0.67162
0.659606
0.646574
0.632636
0.61791
0.602516
0.586574
0.5702
0.553507
0.536604
0.519591
0.502565
0.485614
0.468823
0.452267
0.436018
0.420142
0.404697
0.389741
0.375324
0.361495
0.348297
0.33577
0.323953
0.312878
0.302575
0.29307
0.28438
0.276517
0.269485
0.263275
0.257874
0.253255
0.249384
0.246218
0.243707
0.241794
0.24042
0.239525
0.239047
0.238929
0.239113
0.23955
0.240192
0.240998
0.241931
0.242959
0.244053
0.245188
0.246343
0.247498
0.248636
0.24974
0.250795
0.251789
0.252706
0.253533
0.254258
0.254866
0.255344
0.255678
0.255854
0.25586
0.255682
0.255305
0.00688196
0.00686019
0.0068262
0.00679893
0.00680107
0.00685432
0.00697575
0.0071763
0.00746107
0.00783082
0.00828367
0.00881662
0.00942651
0.0101106
0.0108669
0.0116942
0.0125919
0.01356
0.0145991
0.0157102
0.0168944
0.0181532
0.0194883
0.0209012
0.0223938
0.0239677
0.0256247
0.0273663
0.0291941
0.0311095
0.0331137
0.035208
0.0373934
0.0396707
0.0420406
0.0445035
0.0470596
0.0497091
0.0524516
0.0552869
0.0582144
0.0612333
0.0643427
0.0675413
0.0708279
0.0742011
0.0776593
0.0812009
0.0848241
0.0885273
0.0923087
0.0961668
0.1001
0.104106
0.108185
0.112336
0.116557
0.120848
0.12521
0.129642
0.134146
0.138722
0.143373
0.148101
0.152908
0.157797
0.162773
0.16784
0.173001
0.178264
0.183632
0.189112
0.19471
0.200431
0.206283
0.212272
0.218403
0.224683
0.231117
0.237712
0.244472
0.251402
0.258506
0.265788
0.27325
0.280896
0.288726
0.296742
0.304944
0.313331
0.321903
0.330657
0.339591
0.348702
0.357986
0.367438
0.377053
0.386826
0.39675
0.406818
0.417023
0.427358
0.437813
0.448381
0.459051
0.469814
0.48066
0.491577
0.502555
0.513583
0.524647
0.535734
0.546833
0.557928
0.569005
0.580049
0.591045
0.601974
0.61282
0.623565
0.63419
0.644675
0.654999
0.66514
0.675077
0.684786
0.694243
0.703424
0.712302
0.720852
0.729046
0.736859
0.744261
0.751227
0.757727
0.763734
0.769221
0.774161
0.778527
0.782294
0.785437
0.787933
0.78976
0.790898
0.791332
0.791047
0.790035
0.788295
0.785833
0.78267
0.778838
0.774393
0.769415
0.764011
0.758322
0.752521
0.746811
0.741407
0.736523
0.732339
0.728973
0.726458
0.724726
0.723609
0.722862
0.722191
0.721285
0.719851
0.717629
0.714414
0.710053
0.70445
0.69756
0.689382
0.679949
0.669324
0.65759
0.644846
0.631202
0.616773
0.601675
0.586027
0.569944
0.553537
0.536913
0.520172
0.503411
0.486717
0.470174
0.453858
0.43784
0.422185
0.406952
0.392199
0.377974
0.364326
0.351297
0.338926
0.32725
0.316299
0.306103
0.296682
0.288054
0.280229
0.273207
0.266982
0.261537
0.256847
0.25288
0.249595
0.246944
0.244876
0.243336
0.242268
0.241615
0.241322
0.241339
0.241616
0.242109
0.242779
0.243589
0.244509
0.245509
0.246565
0.247654
0.248757
0.249855
0.250931
0.25197
0.252957
0.253878
0.254717
0.255461
0.256096
0.256606
0.256979
0.2572
0.257254
0.257128
0.256807
0.00692801
0.00690609
0.00687185
0.0068443
0.00684625
0.00689949
0.00702123
0.0072225
0.00750849
0.00788002
0.00833524
0.00887115
0.0094846
0.0101729
0.010934
0.0117666
0.0126702
0.0136448
0.014691
0.0158097
0.0170022
0.0182698
0.0196144
0.0210374
0.0225406
0.0241259
0.0257947
0.0275489
0.0293899
0.0313191
0.0333378
0.0354471
0.0376482
0.0399418
0.0423286
0.044809
0.0473832
0.0500513
0.052813
0.0556681
0.0586158
0.0616553
0.0647858
0.068006
0.0713146
0.0747101
0.078191
0.0817556
0.0854022
0.089129
0.0929343
0.0968165
0.100774
0.104805
0.108909
0.113084
0.117331
0.121648
0.126036
0.130495
0.135026
0.13963
0.144309
0.149065
0.153901
0.158821
0.163828
0.168927
0.174122
0.179419
0.184823
0.19034
0.195976
0.201738
0.207631
0.213662
0.219838
0.226164
0.232646
0.239289
0.2461
0.253082
0.260239
0.267576
0.275094
0.282796
0.290685
0.298759
0.307021
0.315468
0.3241
0.332914
0.341909
0.35108
0.360424
0.369935
0.379609
0.389439
0.39942
0.409543
0.419802
0.430188
0.440693
0.451308
0.462023
0.472828
0.483712
0.494666
0.505676
0.516732
0.52782
0.538928
0.550042
0.561147
0.572229
0.583273
0.594261
0.605177
0.616003
0.62672
0.637309
0.64775
0.658021
0.6681
0.677965
0.687591
0.696954
0.706029
0.714789
0.723207
0.731257
0.73891
0.746139
0.752914
0.759209
0.764994
0.770243
0.774927
0.779021
0.782499
0.785337
0.787514
0.789008
0.789802
0.789882
0.789239
0.787869
0.785774
0.782969
0.779481
0.775352
0.770645
0.765449
0.759879
0.754083
0.748235
0.742535
0.737191
0.732403
0.728333
0.725082
0.722668
0.721011
0.719944
0.719226
0.718575
0.717693
0.716297
0.714138
0.711016
0.70678
0.701336
0.694636
0.686673
0.677479
0.667111
0.655649
0.643187
0.629832
0.615695
0.600891
0.585535
0.569741
0.553619
0.537274
0.520806
0.50431
0.487874
0.47158
0.455504
0.439717
0.424284
0.409264
0.394712
0.380678
0.367209
0.354345
0.342126
0.330586
0.319754
0.309657
0.300315
0.291743
0.283948
0.27693
0.270682
0.265187
0.260422
0.256355
0.252947
0.250156
0.247932
0.246225
0.244984
0.244156
0.24369
0.243538
0.243655
0.243998
0.24453
0.245216
0.246025
0.246928
0.247902
0.248922
0.24997
0.251025
0.252071
0.253091
0.254069
0.254989
0.255838
0.256599
0.257257
0.257799
0.258208
0.25847
0.258571
0.258494
0.258226
0.00697227
0.00695021
0.00691576
0.00688798
0.00688977
0.00694306
0.00706514
0.00726715
0.00755437
0.00792766
0.00838521
0.00892402
0.00954095
0.0102333
0.010999
0.0118368
0.0127461
0.0137271
0.0147802
0.0159063
0.0171068
0.0183831
0.0197368
0.0211696
0.0226832
0.0242794
0.0259598
0.0277262
0.0295799
0.0315225
0.0335552
0.0356792
0.0378954
0.0402049
0.042608
0.0451053
0.0476971
0.0503832
0.0531635
0.0560376
0.0590048
0.0620644
0.0652153
0.0684564
0.0717862
0.0752034
0.0787062
0.0822931
0.0859622
0.0897118
0.0935402
0.0974455
0.101426
0.105481
0.109609
0.113809
0.11808
0.122422
0.126835
0.13132
0.135877
0.140507
0.145214
0.149998
0.154863
0.159812
0.16485
0.16998
0.175207
0.180538
0.185976
0.191529
0.197203
0.203003
0.208936
0.215009
0.221228
0.227598
0.234127
0.240818
0.247678
0.25471
0.261919
0.269309
0.276881
0.284639
0.292583
0.300715
0.309033
0.317539
0.326229
0.335102
0.344155
0.353384
0.362785
0.372354
0.382084
0.391969
0.402004
0.41218
0.42249
0.432925
0.443477
0.454137
0.464894
0.475739
0.48666
0.497646
0.508687
0.519768
0.530879
0.542004
0.553131
0.564244
0.575329
0.586369
0.597348
0.608248
0.619052
0.629739
0.640291
0.650685
0.660902
0.670917
0.680707
0.690249
0.699516
0.708483
0.717123
0.725409
0.733312
0.740805
0.747858
0.754443
0.760531
0.766094
0.771105
0.775534
0.779358
0.78255
0.785087
0.78695
0.788117
0.788576
0.788314
0.787326
0.785612
0.783182
0.780056
0.776268
0.771868
0.766928
0.761544
0.755839
0.749965
0.744097
0.738432
0.733168
0.72849
0.724544
0.721413
0.7191
0.717519
0.7165
0.715809
0.715174
0.714309
0.712944
0.710839
0.707799
0.703678
0.69838
0.691857
0.684099
0.675134
0.665014
0.653815
0.641628
0.628556
0.614706
0.600192
0.585125
0.569618
0.553779
0.537712
0.521516
0.505284
0.489105
0.473059
0.457223
0.441667
0.426454
0.411644
0.397291
0.383444
0.370149
0.357447
0.345374
0.333963
0.323243
0.313238
0.303967
0.295441
0.287669
0.280648
0.27437
0.26882
0.263974
0.259803
0.25627
0.253336
0.250956
0.249083
0.247669
0.246667
0.246028
0.245708
0.245665
0.245858
0.246251
0.246811
0.247507
0.248312
0.249201
0.25015
0.25114
0.25215
0.253162
0.254159
0.255125
0.256043
0.256898
0.257673
0.258354
0.258924
0.259367
0.259669
0.259813
0.259784
0.259567
0.00701477
0.0069926
0.00695795
0.00692998
0.00693167
0.00698504
0.0071075
0.00731029
0.00759874
0.00797378
0.00843361
0.00897526
0.00959559
0.0102919
0.0110621
0.0119049
0.0128199
0.0138069
0.0148667
0.0160001
0.0172083
0.018493
0.0198555
0.0212978
0.0228215
0.0244283
0.0261199
0.0278981
0.0297642
0.0317197
0.033766
0.0359041
0.0381351
0.0404598
0.0428788
0.0453925
0.0480012
0.0507048
0.053503
0.0563956
0.0593817
0.0624606
0.0656313
0.0688925
0.0722428
0.0756808
0.0792048
0.0828132
0.086504
0.0902756
0.0941262
0.098054
0.102057
0.106135
0.110286
0.114509
0.118804
0.12317
0.127608
0.132117
0.136699
0.141356
0.146088
0.150899
0.155792
0.16077
0.165837
0.170997
0.176256
0.181619
0.187091
0.192679
0.198389
0.204227
0.210199
0.216312
0.222573
0.228987
0.23556
0.242298
0.249205
0.256286
0.263546
0.270987
0.278612
0.286423
0.294421
0.302608
0.310982
0.319543
0.32829
0.337219
0.346328
0.355613
0.36507
0.374693
0.384477
0.394416
0.404502
0.414729
0.425087
0.435569
0.446166
0.456868
0.467665
0.478547
0.489502
0.50052
0.511588
0.522693
0.533823
0.544964
0.556101
0.56722
0.578306
0.58934
0.600308
0.611191
0.62197
0.632625
0.643137
0.653484
0.663644
0.673593
0.683308
0.692763
0.701933
0.710792
0.719311
0.727462
0.735218
0.74255
0.749427
0.755821
0.761704
0.767045
0.771818
0.775995
0.779551
0.782461
0.784702
0.786256
0.787106
0.787239
0.786647
0.785328
0.783288
0.780542
0.777116
0.773052
0.768408
0.763264
0.757723
0.751914
0.745991
0.74013
0.734522
0.729356
0.724802
0.720988
0.717982
0.715773
0.714267
0.713295
0.712629
0.712007
0.711155
0.709815
0.707755
0.704788
0.700772
0.69561
0.689253
0.68169
0.672943
0.663062
0.652119
0.6402
0.627404
0.613836
0.599607
0.584826
0.569602
0.554043
0.538251
0.522325
0.506356
0.490431
0.474631
0.459032
0.443703
0.428707
0.414103
0.399944
0.38628
0.373154
0.360606
0.348671
0.337382
0.326764
0.316841
0.307631
0.299145
0.291386
0.284354
0.27804
0.272428
0.267497
0.263218
0.259558
0.256481
0.253944
0.251905
0.250319
0.249143
0.248333
0.247846
0.247643
0.247686
0.24794
0.248373
0.248956
0.24966
0.250462
0.251338
0.252267
0.25323
0.254206
0.255178
0.256129
0.257042
0.257901
0.258688
0.259388
0.259984
0.260459
0.260798
0.260983
0.261
0.260832
0.00705553
0.00703326
0.00699845
0.00697032
0.00697195
0.00702545
0.00714834
0.00735192
0.00764162
0.00801838
0.00848046
0.00902489
0.00964853
0.0103487
0.0111232
0.011971
0.0128913
0.0138844
0.0149506
0.016091
0.0173068
0.0185995
0.0199707
0.0214221
0.0229555
0.0245726
0.0262751
0.0280646
0.0299427
0.0319108
0.0339701
0.036122
0.0383672
0.0407067
0.043141
0.0456706
0.0482956
0.051016
0.0538316
0.0567419
0.0597463
0.0628439
0.0660336
0.0693142
0.0726843
0.0761425
0.0796869
0.0833159
0.0870277
0.0908205
0.0946923
0.0986417
0.102667
0.106767
0.11094
0.115186
0.119503
0.123893
0.128354
0.132887
0.137493
0.142175
0.146933
0.15177
0.156689
0.161695
0.16679
0.17198
0.177269
0.182663
0.188168
0.19379
0.199535
0.205409
0.211419
0.217572
0.223873
0.230329
0.236946
0.243728
0.250681
0.25781
0.265118
0.272609
0.280285
0.288148
0.296199
0.304438
0.312866
0.321481
0.330282
0.339266
0.348429
0.357768
0.367278
0.376954
0.38679
0.396779
0.406914
0.417189
0.427594
0.43812
0.44876
0.459502
0.470337
0.481253
0.492241
0.503287
0.51438
0.525507
0.536654
0.547808
0.558954
0.570077
0.581161
0.592188
0.603143
0.614006
0.624759
0.635381
0.645852
0.656149
0.666251
0.676133
0.685771
0.695139
0.704211
0.71296
0.721357
0.729374
0.736982
0.744152
0.750854
0.757058
0.762736
0.767857
0.772395
0.776322
0.779613
0.782245
0.784197
0.78545
0.78599
0.785808
0.784898
0.783264
0.780915
0.777873
0.774171
0.769857
0.764997
0.759678
0.75401
0.748126
0.742182
0.736354
0.730824
0.725773
0.721355
0.717682
0.714805
0.712701
0.711271
0.710346
0.709704
0.709092
0.708251
0.706931
0.704911
0.70201
0.698088
0.693054
0.686853
0.679475
0.670937
0.661286
0.65059
0.638931
0.626405
0.613113
0.599163
0.584663
0.569718
0.554435
0.538915
0.523254
0.507543
0.491869
0.476311
0.460945
0.445838
0.431053
0.41665
0.402679
0.38919
0.376225
0.363823
0.352017
0.34084
0.330315
0.320464
0.311305
0.302848
0.295094
0.288042
0.281684
0.276005
0.270983
0.266593
0.262805
0.259582
0.256889
0.254684
0.252929
0.251581
0.2506
0.249948
0.249586
0.24948
0.249595
0.249901
0.250369
0.250973
0.251686
0.252487
0.253354
0.254266
0.255204
0.256149
0.257083
0.257989
0.258849
0.259646
0.260363
0.260982
0.261487
0.26186
0.262085
0.262146
0.262024
0.00709456
0.00707221
0.00703727
0.00700903
0.00701064
0.00706432
0.00718767
0.00739207
0.00768301
0.00806149
0.00852578
0.00907293
0.00969979
0.0104037
0.0111825
0.012035
0.0129606
0.0139594
0.0150319
0.016179
0.0174021
0.0187026
0.0200822
0.0215425
0.0230853
0.0247123
0.0264253
0.0282258
0.0301155
0.0320957
0.0341677
0.0363327
0.0385917
0.0409454
0.0433945
0.0459394
0.0485802
0.0513169
0.0541492
0.0570766
0.0600986
0.0632142
0.0664222
0.0697216
0.0731108
0.0765882
0.0801523
0.0838013
0.0875332
0.0913463
0.0952386
0.0992087
0.103255
0.107376
0.111571
0.115838
0.120178
0.124589
0.129073
0.133629
0.138259
0.142964
0.147747
0.152609
0.157554
0.162586
0.167709
0.172927
0.178245
0.18367
0.189207
0.194861
0.20064
0.206549
0.212596
0.218787
0.225128
0.231624
0.238283
0.245109
0.252107
0.259282
0.266637
0.274176
0.2819
0.289813
0.297915
0.306206
0.314685
0.323352
0.332205
0.341241
0.350456
0.359847
0.369408
0.379134
0.38902
0.399057
0.40924
0.41956
0.430009
0.440578
0.451258
0.462038
0.472908
0.483857
0.494874
0.505947
0.517063
0.528209
0.539372
0.550538
0.56169
0.572815
0.583895
0.594914
0.605854
0.616696
0.627421
0.638008
0.648437
0.658684
0.668726
0.67854
0.688101
0.697381
0.706354
0.714992
0.723268
0.731151
0.738612
0.745621
0.752148
0.758163
0.763637
0.76854
0.772846
0.776526
0.779558
0.781917
0.783585
0.784546
0.784786
0.7843
0.783087
0.781153
0.778515
0.775198
0.771242
0.766704
0.761655
0.75619
0.750424
0.744493
0.738556
0.732785
0.727355
0.722434
0.718162
0.714637
0.711893
0.709897
0.708544
0.707666
0.707048
0.706447
0.705614
0.704311
0.702327
0.699485
0.695652
0.690736
0.684684
0.677481
0.669144
0.659715
0.649257
0.63785
0.625587
0.612564
0.598887
0.584661
0.56999
0.554977
0.539723
0.524321
0.508864
0.493434
0.478113
0.462972
0.448081
0.433502
0.419291
0.4055
0.392177
0.379363
0.367097
0.35541
0.344333
0.33389
0.324101
0.314981
0.306542
0.298785
0.291705
0.285296
0.279543
0.274426
0.269922
0.266003
0.262635
0.259785
0.257417
0.255493
0.253975
0.252827
0.252011
0.251492
0.251237
0.251214
0.251394
0.251747
0.252249
0.252873
0.253598
0.2544
0.25526
0.256158
0.257073
0.257988
0.258885
0.259744
0.260548
0.26128
0.261921
0.262453
0.262859
0.263121
0.263223
0.263146
0.0071319
0.00710947
0.00707443
0.00704611
0.00704776
0.00710166
0.0072255
0.00743074
0.00772294
0.00810312
0.00856958
0.00911938
0.00974939
0.0104569
0.0112398
0.0120969
0.0130276
0.014032
0.0151106
0.0162643
0.0174944
0.0188025
0.0201901
0.0216589
0.0232108
0.0248474
0.0265705
0.0283817
0.0302825
0.0322744
0.0343586
0.0365363
0.0388086
0.0411761
0.0436394
0.046199
0.048855
0.0516073
0.0544557
0.0573997
0.0604386
0.0635714
0.0667971
0.0701145
0.073522
0.0770181
0.0806011
0.0842691
0.0880204
0.0918529
0.095765
0.099755
0.103821
0.107963
0.112178
0.116466
0.120827
0.12526
0.129765
0.134344
0.138996
0.143724
0.14853
0.153417
0.158387
0.163444
0.168593
0.173839
0.179186
0.18464
0.190207
0.195893
0.201704
0.207648
0.21373
0.219958
0.226336
0.232873
0.239572
0.24644
0.253481
0.2607
0.268101
0.275686
0.283458
0.291419
0.299569
0.307909
0.316439
0.325156
0.334059
0.343145
0.35241
0.36185
0.37146
0.381234
0.391167
0.401251
0.411479
0.421843
0.432333
0.442942
0.45366
0.464475
0.475379
0.486359
0.497404
0.508501
0.519638
0.530802
0.541978
0.553153
0.564311
0.575436
0.586511
0.59752
0.608443
0.619263
0.629959
0.64051
0.650895
0.661091
0.671074
0.680819
0.690301
0.699493
0.708367
0.716896
0.725049
0.732798
0.740112
0.746962
0.753315
0.759144
0.764416
0.769105
0.773181
0.77662
0.779397
0.78149
0.782882
0.783559
0.783511
0.782734
0.781231
0.779015
0.776105
0.772534
0.76835
0.763612
0.758402
0.752819
0.746983
0.741034
0.73513
0.729438
0.724126
0.71935
0.715236
0.711864
0.709257
0.707371
0.706097
0.705268
0.704676
0.704086
0.703261
0.701974
0.700022
0.697236
0.693486
0.688681
0.682769
0.675734
0.667589
0.658373
0.648145
0.636983
0.624974
0.612213
0.598802
0.584842
0.570438
0.555688
0.540693
0.525545
0.510333
0.495141
0.480047
0.465125
0.450441
0.436057
0.422029
0.408408
0.39524
0.382567
0.370425
0.358846
0.347858
0.337484
0.327744
0.318653
0.310221
0.30245
0.295334
0.288867
0.283034
0.277819
0.273198
0.269146
0.265633
0.262628
0.260098
0.258007
0.256322
0.255008
0.25403
0.253357
0.252956
0.252796
0.252849
0.253088
0.253488
0.254022
0.254669
0.255407
0.256213
0.257069
0.257953
0.258847
0.259732
0.260588
0.261398
0.262142
0.262802
0.26336
0.263797
0.264094
0.264235
0.264201
0.00716754
0.00714506
0.00710994
0.00708159
0.00708331
0.00713747
0.00726184
0.00746796
0.00776141
0.00814327
0.00861186
0.00916426
0.00979733
0.0105084
0.0112953
0.0121569
0.0130925
0.0141022
0.0151866
0.0163467
0.0175836
0.0188989
0.0202943
0.0217714
0.023332
0.0249779
0.0267107
0.0285321
0.0304437
0.0324468
0.0345428
0.0367328
0.0390178
0.0413985
0.0438756
0.0464493
0.0491199
0.0518873
0.0547511
0.057711
0.0607661
0.0639155
0.0671582
0.0704929
0.073918
0.0774319
0.0810331
0.0847195
0.0884892
0.0923404
0.0962713
0.10028
0.104366
0.108527
0.112762
0.11707
0.121451
0.125905
0.130431
0.13503
0.139704
0.144455
0.149283
0.154193
0.159187
0.164269
0.169444
0.174716
0.18009
0.185572
0.191168
0.196885
0.202728
0.208705
0.214821
0.221084
0.2275
0.234074
0.240812
0.247721
0.254803
0.262065
0.26951
0.277139
0.284957
0.292964
0.301161
0.309549
0.318126
0.326891
0.335842
0.344976
0.354289
0.363776
0.373433
0.383254
0.393232
0.40336
0.41363
0.424035
0.434566
0.445213
0.455966
0.466815
0.47775
0.488758
0.499829
0.510949
0.522105
0.533285
0.544473
0.555655
0.566816
0.57794
0.589009
0.600006
0.610912
0.621708
0.632374
0.642889
0.65323
0.663374
0.673296
0.682972
0.692376
0.70148
0.710255
0.718674
0.726707
0.734323
0.741492
0.748183
0.754366
0.760009
0.765084
0.769561
0.773413
0.776615
0.779143
0.780978
0.782102
0.782505
0.782179
0.781125
0.779348
0.776866
0.773704
0.769902
0.765511
0.7606
0.755256
0.749582
0.743704
0.737764
0.731916
0.726325
0.721149
0.716531
0.712584
0.709372
0.706906
0.705133
0.703939
0.703162
0.702597
0.702021
0.701206
0.699935
0.698013
0.69528
0.691608
0.686909
0.681132
0.674257
0.666295
0.657284
0.647279
0.636352
0.624589
0.612081
0.598927
0.585226
0.57108
0.556585
0.54184
0.526936
0.511961
0.496997
0.482122
0.467408
0.452921
0.438722
0.424865
0.411402
0.398378
0.385833
0.373802
0.362318
0.351406
0.341089
0.331386
0.322311
0.313875
0.306081
0.298921
0.292389
0.286472
0.281153
0.276413
0.272228
0.26857
0.265411
0.26272
0.260466
0.258616
0.257139
0.256004
0.255178
0.254632
0.254337
0.254266
0.254392
0.254689
0.255134
0.255703
0.256374
0.257126
0.257938
0.25879
0.259661
0.260533
0.261384
0.262197
0.262952
0.26363
0.264211
0.264676
0.265007
0.265184
0.26519
0.00720152
0.00717899
0.00714382
0.00711547
0.00711731
0.00717178
0.00729672
0.00750372
0.00779843
0.00818196
0.00865265
0.00920758
0.00984363
0.0105581
0.0113489
0.0122147
0.0131551
0.01417
0.0152601
0.0164262
0.0176697
0.0189921
0.0203949
0.0218799
0.0234489
0.0251037
0.0268459
0.0286772
0.0305991
0.032613
0.0347203
0.0369221
0.0392193
0.0416127
0.0441029
0.0466903
0.0493749
0.0521567
0.0550354
0.0580104
0.0610811
0.0642465
0.0675055
0.0708567
0.0742986
0.0778297
0.0814482
0.0851521
0.0889395
0.0928085
0.0967576
0.100785
0.104889
0.109069
0.113322
0.11765
0.12205
0.126523
0.131069
0.135689
0.140384
0.145156
0.150006
0.154938
0.159955
0.165061
0.17026
0.175557
0.180957
0.186467
0.192091
0.197837
0.203711
0.20972
0.215869
0.222166
0.228617
0.235227
0.242004
0.248951
0.256074
0.263377
0.270863
0.278536
0.286397
0.294449
0.302691
0.311124
0.319747
0.328558
0.337555
0.346735
0.356093
0.365626
0.375328
0.385192
0.395213
0.405383
0.415694
0.426138
0.436707
0.447389
0.458176
0.469057
0.480021
0.491056
0.50215
0.513291
0.524465
0.535658
0.546857
0.558045
0.569208
0.580329
0.59139
0.602374
0.613262
0.624034
0.63467
0.645147
0.655443
0.665535
0.675397
0.685004
0.69433
0.703346
0.712024
0.720334
0.728247
0.735732
0.742758
0.749293
0.755307
0.760769
0.765649
0.769919
0.773552
0.776522
0.778809
0.780393
0.781259
0.781398
0.780807
0.779488
0.777453
0.774723
0.77133
0.767317
0.762744
0.757685
0.752232
0.746495
0.740601
0.734694
0.728926
0.723455
0.718431
0.713983
0.710211
0.707165
0.704843
0.703186
0.702077
0.701354
0.700821
0.700262
0.699459
0.698205
0.696315
0.693633
0.690037
0.685439
0.67979
0.673068
0.665283
0.656468
0.646676
0.635977
0.624451
0.612187
0.59928
0.585829
0.57193
0.557681
0.543176
0.528506
0.513756
0.49901
0.484342
0.469825
0.455522
0.441495
0.427797
0.414479
0.401585
0.389154
0.377221
0.365817
0.354968
0.344695
0.335017
0.325947
0.317496
0.309669
0.302456
0.295852
0.289846
0.284421
0.27956
0.275241
0.271439
0.268127
0.265278
0.262864
0.260853
0.259217
0.257926
0.256951
0.256264
0.255836
0.255642
0.255655
0.255852
0.256207
0.256698
0.257303
0.258
0.258767
0.259585
0.260432
0.261288
0.262134
0.262948
0.263712
0.264405
0.265007
0.265499
0.265861
0.266073
0.266118
0.00723384
0.00721127
0.00717609
0.00714777
0.00714977
0.00720459
0.00733013
0.00753804
0.00783402
0.00821919
0.00869194
0.00924934
0.00988827
0.010606
0.0114006
0.0122706
0.0132155
0.0142355
0.015331
0.0165029
0.0177527
0.0190818
0.0204918
0.0219845
0.0235616
0.0252249
0.0269761
0.0288168
0.0307486
0.0327729
0.0348911
0.0371041
0.0394131
0.0418186
0.0443215
0.0469218
0.0496198
0.0524155
0.0553084
0.058298
0.0613836
0.0645642
0.0678387
0.0712058
0.0746639
0.0782113
0.0818464
0.085567
0.0893712
0.0932573
0.0972236
0.101268
0.10539
0.109587
0.113859
0.118205
0.122624
0.127116
0.131681
0.13632
0.141035
0.145827
0.150698
0.155651
0.16069
0.165819
0.171041
0.176363
0.181788
0.187324
0.192976
0.19875
0.204653
0.210692
0.216873
0.223202
0.229687
0.236333
0.243146
0.25013
0.257292
0.264634
0.272161
0.279875
0.287778
0.295872
0.304158
0.312634
0.321301
0.330156
0.339197
0.348421
0.357823
0.367399
0.377143
0.387049
0.397111
0.40732
0.41767
0.428151
0.438755
0.449471
0.46029
0.4712
0.482191
0.493251
0.504367
0.515527
0.526717
0.537923
0.54913
0.560323
0.571487
0.582604
0.593657
0.604627
0.615496
0.626243
0.636847
0.647286
0.657538
0.667577
0.677379
0.686918
0.696166
0.705095
0.713677
0.72188
0.729675
0.737031
0.743916
0.750298
0.756147
0.761431
0.766121
0.770189
0.773608
0.776354
0.778406
0.779748
0.780365
0.780253
0.779409
0.77784
0.775563
0.772603
0.768997
0.764795
0.760063
0.75488
0.749344
0.743569
0.737685
0.731834
0.726167
0.720834
0.715976
0.711709
0.708119
0.705245
0.703072
0.701533
0.700513
0.699849
0.699352
0.698814
0.698028
0.696795
0.694938
0.692307
0.688784
0.684285
0.678759
0.672184
0.664568
0.655942
0.646355
0.635873
0.624574
0.612544
0.599875
0.586661
0.573
0.558984
0.544708
0.530259
0.515723
0.501181
0.486708
0.472373
0.458241
0.444372
0.430819
0.417631
0.404852
0.392521
0.380671
0.369334
0.358533
0.348291
0.338625
0.329549
0.321072
0.313202
0.30593
0.299248
0.293148
0.287615
0.282631
0.278178
0.274233
0.270771
0.267768
0.265196
0.263028
0.261236
0.259794
0.258673
0.257847
0.25729
0.256975
0.256878
0.256974
0.257241
0.257655
0.258193
0.258834
0.259556
0.260339
0.26116
0.262
0.262838
0.263652
0.264423
0.26513
0.265751
0.266268
0.266659
0.266904
0.266985
0.00726451
0.00724193
0.00720675
0.00717851
0.0071807
0.00723591
0.00736208
0.00757093
0.00786817
0.00825497
0.00872973
0.00928953
0.00993127
0.0106522
0.0114504
0.0123244
0.0132738
0.0142985
0.0153992
0.0165768
0.0178326
0.0191682
0.020585
0.022085
0.0236699
0.0253413
0.0271012
0.028951
0.0308923
0.0329265
0.035055
0.0372788
0.039599
0.0420162
0.0445311
0.0471439
0.0498548
0.0526636
0.05557
0.0585736
0.0616734
0.0648686
0.0681579
0.0715401
0.0750136
0.0785767
0.0822275
0.0859639
0.0897843
0.0936867
0.0976694
0.101731
0.105869
0.110084
0.114373
0.118736
0.123172
0.127682
0.132265
0.136923
0.141657
0.146468
0.151359
0.156333
0.161393
0.166543
0.171788
0.177133
0.182582
0.188143
0.193821
0.199622
0.205553
0.211621
0.217833
0.224194
0.230711
0.23739
0.244238
0.251258
0.258456
0.265837
0.273402
0.281155
0.289099
0.297234
0.30556
0.314079
0.322787
0.331684
0.340767
0.350033
0.359476
0.369093
0.378878
0.388823
0.398924
0.409171
0.419558
0.430074
0.440711
0.451459
0.462307
0.473246
0.484262
0.495345
0.506481
0.517658
0.528862
0.540079
0.551294
0.562491
0.573654
0.584766
0.595809
0.606765
0.617614
0.628336
0.638908
0.64931
0.659517
0.669504
0.679247
0.688718
0.69789
0.706733
0.71522
0.723318
0.730997
0.738226
0.744973
0.751205
0.756893
0.762004
0.766509
0.77038
0.773592
0.776121
0.777947
0.779055
0.779435
0.779082
0.777998
0.776195
0.773692
0.77052
0.766721
0.762352
0.757483
0.7522
0.746605
0.740817
0.734965
0.729192
0.723645
0.718466
0.713786
0.70971
0.706309
0.70361
0.70159
0.700175
0.699246
0.698647
0.698192
0.697682
0.696917
0.695709
0.693888
0.691309
0.687859
0.683455
0.678048
0.671615
0.664162
0.655716
0.646324
0.63605
0.624968
0.61316
0.600717
0.58773
0.574293
0.560499
0.546437
0.532197
0.517861
0.503509
0.489215
0.475048
0.461072
0.447346
0.433922
0.420849
0.408169
0.395922
0.384141
0.372855
0.362089
0.351865
0.342199
0.333104
0.324593
0.31667
0.309331
0.302568
0.29637
0.290725
0.285619
0.281033
0.276946
0.273337
0.270182
0.267457
0.265136
0.263193
0.261604
0.260341
0.25938
0.258696
0.258263
0.258058
0.258056
0.258235
0.258572
0.259044
0.259629
0.260306
0.261053
0.261848
0.26267
0.263499
0.264312
0.265088
0.265806
0.266446
0.266985
0.267403
0.26768
0.267795
0.00729356
0.00727097
0.00723582
0.00720768
0.00721012
0.00726575
0.00739259
0.00760238
0.00790088
0.0082893
0.00876603
0.00932817
0.00997262
0.0106967
0.0114983
0.0123761
0.0133297
0.0143591
0.0154648
0.0166478
0.0179094
0.0192511
0.0206746
0.0221816
0.0237738
0.0254531
0.0272211
0.0290796
0.03103
0.0330737
0.0352121
0.0374462
0.0397771
0.0422054
0.0447318
0.0473564
0.0500795
0.0529009
0.0558203
0.0588371
0.0619505
0.0651595
0.068463
0.0718596
0.0753477
0.0789257
0.0825914
0.0863429
0.0901785
0.0940964
0.0980947
0.102172
0.106326
0.110557
0.114862
0.119242
0.123695
0.128222
0.132822
0.137498
0.14225
0.147079
0.151989
0.156983
0.162063
0.167234
0.1725
0.177867
0.183339
0.188924
0.194627
0.200454
0.206412
0.212508
0.218748
0.225139
0.231688
0.238399
0.24528
0.252335
0.259568
0.266984
0.274587
0.282378
0.290359
0.298533
0.306899
0.315457
0.324205
0.333142
0.342265
0.35157
0.361053
0.370709
0.380532
0.390515
0.400653
0.410936
0.421356
0.431905
0.442574
0.453352
0.464228
0.475192
0.486232
0.497336
0.508491
0.519684
0.530901
0.542127
0.553348
0.564548
0.575709
0.586816
0.597849
0.60879
0.619619
0.630315
0.640856
0.65122
0.661382
0.671319
0.681003
0.690407
0.699504
0.708264
0.716657
0.724652
0.732218
0.739324
0.745936
0.752023
0.757553
0.762496
0.766822
0.770503
0.773515
0.775834
0.777443
0.778328
0.77848
0.777899
0.776589
0.774566
0.771853
0.768487
0.764515
0.759999
0.755016
0.749655
0.744025
0.738244
0.732446
0.726771
0.72136
0.716349
0.711858
0.707981
0.704775
0.702256
0.700392
0.699105
0.698275
0.697745
0.697338
0.696862
0.696126
0.694948
0.693166
0.690642
0.687265
0.682955
0.677664
0.671367
0.664069
0.655796
0.646591
0.636514
0.625637
0.614041
0.601811
0.589037
0.575811
0.562223
0.548362
0.534315
0.520164
0.505986
0.491856
0.477841
0.464004
0.450404
0.437093
0.424118
0.411523
0.399344
0.387616
0.376367
0.365622
0.355402
0.345724
0.336602
0.328046
0.320063
0.312651
0.3058
0.299502
0.293745
0.288516
0.283798
0.279572
0.275819
0.272516
0.269642
0.267172
0.265083
0.263351
0.261951
0.26086
0.260052
0.259504
0.259193
0.259096
0.259189
0.25945
0.259856
0.260386
0.261017
0.261727
0.262496
0.2633
0.264118
0.264928
0.265708
0.266437
0.267092
0.267653
0.268096
0.268402
0.268549
0.00732098
0.0072984
0.0072633
0.00723531
0.00723802
0.00729412
0.00742165
0.0076324
0.00793217
0.00832218
0.00880083
0.00936524
0.0100123
0.0107393
0.0115443
0.0124259
0.0133835
0.0144173
0.0155277
0.0167159
0.017983
0.0193307
0.0207604
0.022274
0.0238734
0.0255601
0.027336
0.0292027
0.0311617
0.0332144
0.0353622
0.0376062
0.0399472
0.0423861
0.0449234
0.0475593
0.0502941
0.0531274
0.0560591
0.0590884
0.0622147
0.0654369
0.0687538
0.0721641
0.0756661
0.0792581
0.0829379
0.0867038
0.0905539
0.0944864
0.0984995
0.102592
0.106761
0.111007
0.115328
0.119723
0.124192
0.128735
0.133352
0.138045
0.142813
0.14766
0.152588
0.1576
0.162699
0.16789
0.173177
0.178565
0.184059
0.189667
0.195393
0.201245
0.207229
0.213351
0.219619
0.226039
0.232617
0.23936
0.246272
0.253359
0.260626
0.268077
0.275714
0.283541
0.291559
0.29977
0.308173
0.316769
0.325555
0.33453
0.343691
0.353033
0.362553
0.372246
0.382105
0.392124
0.402296
0.412613
0.423066
0.433646
0.444344
0.45515
0.466052
0.47704
0.488103
0.499226
0.510398
0.521605
0.532834
0.544069
0.555295
0.566495
0.577655
0.588755
0.599777
0.610703
0.621511
0.632182
0.642692
0.653019
0.663138
0.673023
0.68265
0.691989
0.701012
0.70969
0.717993
0.725888
0.733344
0.74033
0.746811
0.752757
0.758135
0.762915
0.767068
0.770566
0.773385
0.775503
0.776904
0.777576
0.777513
0.776716
0.775194
0.772965
0.77006
0.766517
0.762391
0.757749
0.752671
0.747255
0.741609
0.735858
0.730133
0.724573
0.719313
0.714482
0.710189
0.706516
0.70351
0.701176
0.699472
0.698317
0.69759
0.697137
0.696786
0.696351
0.69565
0.694508
0.692771
0.690303
0.687
0.682784
0.677605
0.67144
0.664291
0.656182
0.647154
0.637264
0.626581
0.615183
0.603153
0.590578
0.577548
0.564151
0.550476
0.536605
0.522621
0.508601
0.494618
0.480737
0.467023
0.453532
0.440317
0.427424
0.414896
0.402771
0.39108
0.379854
0.369117
0.358889
0.349188
0.340028
0.331419
0.323369
0.315878
0.308936
0.302535
0.296665
0.291314
0.286466
0.282104
0.27821
0.274765
0.271746
0.269133
0.266902
0.265033
0.2635
0.262282
0.261355
0.260696
0.260282
0.260091
0.2601
0.260287
0.260629
0.261104
0.26169
0.262364
0.263105
0.26389
0.264696
0.265503
0.266286
0.267023
0.267693
0.268273
0.26874
0.269073
0.26925
0.0073468
0.00732424
0.00728922
0.00726139
0.00726442
0.00732101
0.00744927
0.007661
0.00796203
0.0083536
0.00883413
0.00940075
0.0100504
0.0107802
0.0115884
0.0124735
0.013435
0.014473
0.015588
0.0167811
0.0180535
0.0194067
0.0208425
0.0223625
0.0239685
0.0256623
0.0274456
0.0293201
0.0312873
0.0333487
0.0355054
0.0377587
0.0401094
0.0425583
0.0451059
0.0477526
0.0504983
0.053343
0.0562863
0.0593276
0.062466
0.0657007
0.0690303
0.0724535
0.0759687
0.0795739
0.0832671
0.0870465
0.0909103
0.0948566
0.0988837
0.10299
0.107174
0.111434
0.115769
0.120179
0.124663
0.129222
0.133854
0.138563
0.143348
0.148211
0.153156
0.158186
0.163303
0.168512
0.173818
0.179226
0.184742
0.190371
0.19612
0.201995
0.208003
0.214151
0.220445
0.226892
0.233499
0.24027
0.247213
0.254331
0.26163
0.269113
0.276784
0.284645
0.292698
0.300943
0.309382
0.318013
0.326835
0.335846
0.345043
0.354421
0.363976
0.373704
0.383597
0.39365
0.403854
0.414202
0.424685
0.435295
0.446021
0.456853
0.467779
0.47879
0.489872
0.501014
0.512202
0.523422
0.534661
0.545903
0.557133
0.568335
0.579491
0.590584
0.601595
0.612505
0.623293
0.633939
0.644418
0.654708
0.664784
0.674621
0.684191
0.693467
0.702419
0.711018
0.719232
0.727031
0.734381
0.74125
0.747605
0.753415
0.758647
0.76327
0.767256
0.770579
0.773213
0.775139
0.776342
0.776812
0.776545
0.775545
0.773824
0.771406
0.768324
0.764622
0.76036
0.75561
0.750459
0.745006
0.739365
0.733661
0.728026
0.722595
0.717499
0.712857
0.70877
0.705307
0.702505
0.700357
0.698817
0.697799
0.69718
0.696811
0.696522
0.696137
0.695479
0.69438
0.692692
0.690285
0.687058
0.682934
0.677864
0.671826
0.66482
0.656867
0.648006
0.638292
0.627791
0.616577
0.604732
0.592342
0.579492
0.566271
0.552763
0.539052
0.525219
0.511339
0.497484
0.483721
0.470111
0.456712
0.443575
0.430748
0.418271
0.406183
0.394516
0.383299
0.372557
0.36231
0.352575
0.343368
0.334699
0.326576
0.319002
0.311966
0.305461
0.299478
0.294005
0.28903
0.284536
0.280505
0.276921
0.273764
0.271012
0.268646
0.266644
0.264984
0.263644
0.262602
0.261836
0.261323
0.261042
0.260969
0.261083
0.261362
0.261783
0.262324
0.262963
0.263676
0.264441
0.265236
0.266037
0.266822
0.267567
0.268249
0.268847
0.269336
0.269694
0.2699
0.00737102
0.00734849
0.00731357
0.00728595
0.00728932
0.00734645
0.00747545
0.00768817
0.00799046
0.00838357
0.00886593
0.00943469
0.0100867
0.0108194
0.0116306
0.0125191
0.0134843
0.0145263
0.0156456
0.0168434
0.0181208
0.0194793
0.0209208
0.0224468
0.0240591
0.0257597
0.0275501
0.029432
0.031407
0.0334764
0.0356416
0.0379037
0.0402635
0.0427219
0.0452793
0.0479361
0.0506922
0.0535476
0.0565018
0.0595544
0.0627043
0.0659507
0.0692923
0.0727277
0.0762553
0.0798729
0.0835787
0.0873709
0.0912476
0.0952069
0.0992471
0.103367
0.107564
0.111838
0.116187
0.120611
0.125109
0.129682
0.134329
0.139052
0.143852
0.148732
0.153693
0.158739
0.163873
0.1691
0.174424
0.179851
0.185387
0.191036
0.196806
0.202704
0.208735
0.214907
0.221226
0.227699
0.234332
0.241132
0.248103
0.25525
0.262579
0.270093
0.277796
0.285689
0.293774
0.302053
0.310525
0.31919
0.328046
0.337091
0.346321
0.355733
0.365322
0.375082
0.385007
0.395091
0.405326
0.415704
0.426216
0.436852
0.447604
0.45846
0.46941
0.480441
0.491542
0.5027
0.513903
0.525135
0.536383
0.547631
0.558864
0.570066
0.581218
0.592304
0.603304
0.614199
0.624967
0.635587
0.646036
0.656291
0.666326
0.676115
0.68563
0.694845
0.703728
0.71225
0.72038
0.728085
0.735332
0.74209
0.748324
0.754003
0.759094
0.763568
0.767395
0.770549
0.773008
0.774752
0.775767
0.776045
0.775586
0.774396
0.772492
0.769899
0.766655
0.762812
0.758431
0.753592
0.748384
0.742913
0.737294
0.731654
0.726124
0.720834
0.715912
0.711467
0.70759
0.70434
0.701744
0.699786
0.698413
0.697535
0.69703
0.696751
0.696533
0.696205
0.695597
0.694549
0.692915
0.690573
0.687423
0.683391
0.678429
0.672513
0.665643
0.657837
0.649133
0.639584
0.629251
0.618208
0.606534
0.594312
0.581626
0.568563
0.555205
0.541637
0.527936
0.514178
0.500434
0.486769
0.473247
0.459922
0.446847
0.434068
0.421627
0.409562
0.397904
0.386683
0.375924
0.365647
0.35587
0.346608
0.337873
0.329672
0.322011
0.314879
0.30827
0.302175
0.296583
0.291483
0.28686
0.282699
0.278982
0.275691
0.272807
0.270311
0.268182
0.2664
0.264943
0.263791
0.262922
0.262314
0.261945
0.261794
0.261838
0.262056
0.262424
0.262921
0.263524
0.26421
0.264955
0.265737
0.266533
0.267318
0.268069
0.268764
0.269377
0.269886
0.270268
0.270501
0.00739365
0.00737116
0.00733636
0.00730898
0.00731273
0.00737042
0.00750019
0.00771392
0.00801746
0.00841208
0.00889623
0.00946704
0.0101214
0.0108567
0.0116708
0.0125625
0.0135313
0.0145771
0.0157006
0.0169027
0.0181848
0.0195485
0.0209952
0.0225269
0.0241453
0.0258522
0.0276493
0.0295382
0.0315205
0.0335975
0.0357707
0.0380411
0.0404096
0.0428768
0.0454435
0.0481097
0.0508756
0.0537411
0.0567056
0.0597687
0.0629295
0.0661869
0.0695398
0.0729867
0.0765258
0.0801551
0.0838727
0.0876769
0.0915656
0.0955371
0.0995897
0.103722
0.107932
0.112218
0.11658
0.121017
0.125529
0.130115
0.134776
0.139513
0.144327
0.149222
0.154198
0.159259
0.16441
0.169653
0.174995
0.18044
0.185994
0.191663
0.197453
0.203371
0.209424
0.215619
0.221962
0.228459
0.235117
0.241943
0.248941
0.256116
0.263474
0.271017
0.278749
0.286673
0.294789
0.303099
0.311603
0.320299
0.329187
0.338263
0.347525
0.356969
0.366588
0.376379
0.386335
0.396448
0.406712
0.417117
0.427656
0.438318
0.449093
0.459972
0.470942
0.481993
0.493112
0.504285
0.5155
0.526743
0.537999
0.549253
0.560489
0.57169
0.582838
0.593917
0.604905
0.615785
0.626533
0.637129
0.647549
0.657769
0.667764
0.677507
0.68697
0.696125
0.704943
0.713391
0.72144
0.729055
0.736204
0.742855
0.748974
0.754528
0.759485
0.763816
0.767491
0.770486
0.772778
0.774349
0.775187
0.775287
0.774648
0.773281
0.771206
0.768453
0.765064
0.761094
0.756612
0.7517
0.746453
0.74098
0.735399
0.729836
0.724422
0.719284
0.714542
0.710299
0.706635
0.703601
0.701211
0.699445
0.69824
0.697506
0.69712
0.696938
0.696798
0.696535
0.695985
0.694993
0.693421
0.691147
0.688076
0.684136
0.679279
0.673481
0.666739
0.659073
0.650516
0.641118
0.630941
0.620055
0.608536
0.596465
0.583926
0.571003
0.557779
0.544334
0.530747
0.517093
0.503441
0.489858
0.476405
0.463138
0.450108
0.437362
0.424942
0.412885
0.401224
0.389987
0.379201
0.368885
0.359058
0.349735
0.340928
0.332646
0.324896
0.317667
0.310953
0.304747
0.29904
0.29382
0.289073
0.284785
0.28094
0.277522
0.274512
0.271892
0.269642
0.267744
0.266177
0.264919
0.263952
0.263252
0.2628
0.262573
0.26255
0.262709
0.263026
0.263481
0.264048
0.264707
0.265433
0.266202
0.266991
0.267776
0.268533
0.269237
0.269865
0.270393
0.270797
0.271054
0.0074147
0.00739226
0.00735761
0.00733048
0.00733466
0.00739294
0.0075235
0.00773825
0.00804303
0.00843913
0.00892501
0.00949781
0.0101545
0.0108922
0.0117091
0.0126039
0.0135759
0.0146254
0.0157527
0.0169591
0.0182457
0.019614
0.0210659
0.0226029
0.024227
0.0259398
0.0277431
0.0296386
0.0316278
0.0337121
0.0358927
0.0381709
0.0405474
0.0430231
0.0455983
0.0482734
0.0510485
0.0539234
0.0568976
0.0599706
0.0631415
0.0664092
0.0697726
0.0732302
0.0767801
0.0804203
0.084149
0.0879643
0.0918643
0.0958472
0.0999112
0.104055
0.108276
0.112575
0.116949
0.121398
0.125922
0.130521
0.135195
0.139945
0.144773
0.149681
0.154671
0.159747
0.164913
0.170172
0.17553
0.180991
0.186563
0.19225
0.198059
0.203997
0.210071
0.216287
0.222651
0.229172
0.235854
0.242704
0.249727
0.256929
0.264313
0.271883
0.279644
0.287595
0.295741
0.30408
0.312613
0.32134
0.330257
0.339363
0.348655
0.358128
0.367777
0.377596
0.38758
0.39772
0.408011
0.418442
0.429005
0.439691
0.450489
0.461388
0.472378
0.483446
0.494581
0.505768
0.516996
0.528248
0.539511
0.55077
0.562007
0.573207
0.584352
0.595422
0.6064
0.617264
0.627993
0.638565
0.648957
0.659144
0.6691
0.678799
0.688213
0.697312
0.706066
0.714445
0.722415
0.729946
0.737002
0.743551
0.74956
0.754995
0.759826
0.764021
0.767553
0.770398
0.772532
0.773941
0.774613
0.774544
0.773739
0.772208
0.769977
0.767078
0.763559
0.759478
0.75491
0.749941
0.744669
0.739208
0.733677
0.728203
0.722914
0.717935
0.713378
0.709339
0.70589
0.703071
0.700888
0.699312
0.698277
0.69769
0.697427
0.697347
0.697292
0.697102
0.696617
0.695689
0.694182
0.69198
0.688991
0.685142
0.680387
0.674701
0.668082
0.660545
0.652124
0.642867
0.632832
0.622087
0.610707
0.598772
0.586363
0.573563
0.560453
0.547115
0.533624
0.520055
0.506479
0.49296
0.479559
0.466333
0.453333
0.440605
0.428192
0.416131
0.404454
0.393192
0.382368
0.372006
0.362122
0.352733
0.343851
0.335485
0.327644
0.320318
0.313502
0.307189
0.301369
0.296032
0.291166
0.286758
0.282792
0.279253
0.276123
0.273386
0.271022
0.269014
0.267341
0.265984
0.264923
0.264137
0.263606
0.263307
0.263219
0.263321
0.263589
0.264002
0.264536
0.265168
0.265874
0.266631
0.267413
0.268197
0.268958
0.269671
0.270312
0.270857
0.271281
0.271561
0.00743418
0.0074118
0.00737731
0.00735048
0.0073551
0.007414
0.00754538
0.00776114
0.00806716
0.00846472
0.00895228
0.00952699
0.0101858
0.010926
0.0117455
0.0126431
0.0136183
0.0146712
0.0158022
0.0170125
0.0183032
0.0196761
0.0211327
0.0226747
0.0243041
0.0260225
0.0278317
0.0297333
0.0317289
0.0338199
0.0360075
0.0382929
0.040677
0.0431605
0.0457438
0.0484272
0.0512108
0.0540945
0.0570777
0.0601599
0.0633402
0.0666175
0.0699907
0.0734583
0.0770182
0.0806685
0.0844074
0.088233
0.0921435
0.0961369
0.100212
0.104366
0.108599
0.112908
0.117293
0.121754
0.126289
0.1309
0.135585
0.140348
0.145188
0.150109
0.155113
0.160202
0.165382
0.170655
0.176028
0.181506
0.187094
0.192798
0.198625
0.204581
0.210674
0.21691
0.223295
0.229837
0.236541
0.243414
0.250461
0.257687
0.265096
0.272692
0.280479
0.288457
0.29663
0.304996
0.313557
0.322311
0.331256
0.34039
0.349709
0.35921
0.368886
0.378732
0.388741
0.398908
0.409223
0.419678
0.430264
0.440971
0.45179
0.462709
0.473716
0.484801
0.49595
0.50715
0.518388
0.529649
0.540919
0.552181
0.56342
0.574619
0.585759
0.596822
0.607789
0.618638
0.629349
0.639899
0.650264
0.660419
0.670339
0.679996
0.689362
0.698407
0.707102
0.715414
0.723311
0.730761
0.737729
0.744183
0.750088
0.755411
0.760122
0.76419
0.767588
0.770291
0.772278
0.773535
0.774053
0.773828
0.772867
0.771187
0.768812
0.765782
0.762146
0.75797
0.753329
0.748316
0.743034
0.737596
0.732126
0.726749
0.721593
0.716776
0.712406
0.708572
0.705335
0.702729
0.70075
0.699364
0.698499
0.69806
0.697924
0.697951
0.697987
0.697875
0.697462
0.696603
0.695167
0.69304
0.690133
0.686375
0.681719
0.676141
0.669637
0.662221
0.653925
0.644796
0.634889
0.624271
0.613015
0.601199
0.588902
0.576208
0.563195
0.549945
0.536533
0.523032
0.509514
0.496042
0.482678
0.469478
0.456494
0.443771
0.431352
0.419275
0.407574
0.396276
0.385409
0.374993
0.365048
0.355588
0.346629
0.338178
0.330246
0.322825
0.315909
0.309491
0.303563
0.298115
0.293136
0.288613
0.284533
0.280879
0.277637
0.274789
0.272318
0.270206
0.268434
0.266984
0.265835
0.264967
0.26436
0.263992
0.263844
0.263891
0.264113
0.264486
0.264988
0.265594
0.266281
0.267024
0.2678
0.268582
0.269346
0.270067
0.27072
0.27128
0.271723
0.272025
0.00745209
0.00742979
0.00739548
0.00736897
0.00737406
0.00743361
0.00756582
0.00778261
0.00808985
0.00848883
0.00897801
0.00955456
0.0102154
0.0109579
0.0117799
0.0126803
0.0136584
0.0147144
0.0158489
0.0170628
0.0183575
0.0197345
0.0211955
0.0227423
0.0243766
0.0261002
0.0279148
0.0298222
0.0318238
0.033921
0.0361151
0.0384073
0.0407984
0.043289
0.0458798
0.0485709
0.0513625
0.0542542
0.0572458
0.0603365
0.0635255
0.0668117
0.070194
0.0736707
0.0772399
0.0808995
0.0846479
0.088483
0.0924031
0.0964063
0.100491
0.104655
0.108898
0.113217
0.117613
0.122084
0.12663
0.131251
0.135948
0.140722
0.145574
0.150506
0.155522
0.160624
0.165817
0.171104
0.176491
0.181983
0.187586
0.193306
0.199149
0.205123
0.211233
0.217488
0.223892
0.230454
0.237179
0.244074
0.251143
0.258391
0.265824
0.273444
0.281254
0.289258
0.297455
0.305847
0.314433
0.323213
0.332184
0.341344
0.350688
0.360214
0.369915
0.379786
0.38982
0.400009
0.410347
0.420824
0.431431
0.442159
0.452996
0.463933
0.474957
0.486057
0.497219
0.508431
0.519678
0.530947
0.542223
0.553488
0.564728
0.575925
0.587061
0.598116
0.609072
0.619908
0.630601
0.64113
0.651469
0.661595
0.67148
0.681097
0.690419
0.699414
0.708053
0.716303
0.724131
0.731505
0.738391
0.744755
0.750562
0.755782
0.760381
0.76433
0.767602
0.770173
0.772024
0.77314
0.773514
0.773145
0.772042
0.770224
0.76772
0.764572
0.760834
0.756574
0.751875
0.74683
0.741548
0.736144
0.730742
0.725468
0.720447
0.715795
0.711612
0.707979
0.704952
0.702553
0.700775
0.699575
0.698878
0.698588
0.698581
0.698718
0.698849
0.698822
0.698486
0.6977
0.696338
0.694289
0.691465
0.687795
0.683235
0.67776
0.671363
0.664059
0.655878
0.646864
0.637071
0.626565
0.615418
0.603704
0.591504
0.578898
0.565966
0.552787
0.539437
0.525989
0.512513
0.499073
0.485732
0.472544
0.459562
0.446833
0.434398
0.422296
0.41056
0.399221
0.388303
0.377829
0.367819
0.358287
0.349249
0.340714
0.332693
0.325178
0.318165
0.311646
0.305615
0.300062
0.294976
0.290346
0.286157
0.282397
0.279049
0.276098
0.273527
0.271318
0.269454
0.267915
0.266683
0.265739
0.265061
0.26463
0.264423
0.26442
0.264597
0.264933
0.265403
0.265985
0.266653
0.267384
0.268152
0.268932
0.269699
0.270427
0.27109
0.271665
0.272125
0.272446
0.00746845
0.00744623
0.00741213
0.00738595
0.00739154
0.00745177
0.00758483
0.00780265
0.00811109
0.00851146
0.00900222
0.00958053
0.0102433
0.0109879
0.0118123
0.0127152
0.0136961
0.0147551
0.0158928
0.0171102
0.0184085
0.0197894
0.0212545
0.0228056
0.0244445
0.0261729
0.0279926
0.0299052
0.0319123
0.0340153
0.0362155
0.0385138
0.0409114
0.0434087
0.0460064
0.0487046
0.0515034
0.0544026
0.0574018
0.0605003
0.0636973
0.0669918
0.0703823
0.0738675
0.0774451
0.0811133
0.0848703
0.0887142
0.0926431
0.0966552
0.100749
0.104922
0.109174
0.113503
0.117908
0.122389
0.126944
0.131575
0.136282
0.141066
0.145929
0.150872
0.155899
0.161013
0.166218
0.171517
0.176917
0.182423
0.18804
0.193774
0.199633
0.205622
0.211749
0.218021
0.224443
0.231024
0.237768
0.244682
0.251771
0.259041
0.266495
0.274137
0.28197
0.289996
0.298216
0.306632
0.315242
0.324045
0.33304
0.342223
0.351592
0.36114
0.370865
0.380758
0.390814
0.401025
0.411384
0.421881
0.432508
0.443254
0.454109
0.465061
0.4761
0.487213
0.498388
0.50961
0.520866
0.532142
0.543423
0.554691
0.565932
0.577127
0.588258
0.599307
0.610253
0.621075
0.631752
0.64226
0.652576
0.662673
0.672526
0.682107
0.691387
0.700335
0.708922
0.717114
0.724878
0.732182
0.738991
0.745271
0.750989
0.756111
0.760607
0.764446
0.767601
0.770051
0.771775
0.772762
0.773004
0.772503
0.771271
0.769328
0.766708
0.763454
0.759626
0.755296
0.750549
0.745483
0.74021
0.734847
0.729519
0.724352
0.719467
0.714977
0.710977
0.707541
0.704716
0.70252
0.700936
0.699917
0.699386
0.699242
0.699364
0.699614
0.699843
0.699904
0.699649
0.69894
0.697655
0.695685
0.692942
0.68936
0.684892
0.679512
0.673215
0.666014
0.657936
0.649025
0.639334
0.628926
0.617871
0.606245
0.594126
0.581593
0.568725
0.555602
0.542298
0.528887
0.515439
0.502019
0.488687
0.4755
0.462509
0.449763
0.437303
0.425168
0.413392
0.402005
0.391033
0.380498
0.370421
0.360817
0.3517
0.343082
0.334974
0.327369
0.320263
0.313649
0.30752
0.301868
0.296682
0.291951
0.287662
0.283802
0.280357
0.277309
0.274645
0.272346
0.270396
0.268776
0.267468
0.266452
0.265708
0.265217
0.264956
0.264905
0.265041
0.265342
0.265783
0.266341
0.266992
0.26771
0.268471
0.269248
0.270017
0.270751
0.271424
0.272011
0.272487
0.272825
0.00748325
0.00746113
0.00742724
0.00740144
0.00740756
0.00746848
0.00760241
0.00782125
0.00813089
0.00853261
0.00902488
0.00960487
0.0102695
0.0110161
0.0118427
0.012748
0.0137315
0.0147933
0.0159339
0.0171545
0.0184562
0.0198406
0.0213095
0.0228646
0.0245077
0.0262405
0.0280649
0.0299824
0.0319946
0.0341028
0.0363085
0.0386126
0.041016
0.0435194
0.0461234
0.048828
0.0516335
0.0545395
0.0575457
0.0606514
0.0638557
0.0671575
0.0705557
0.0740485
0.0776337
0.0813097
0.0850746
0.0889264
0.0928633
0.0968836
0.100985
0.105167
0.109427
0.113765
0.118178
0.122667
0.127232
0.131872
0.136588
0.141382
0.146254
0.151207
0.156244
0.161369
0.166584
0.171896
0.177307
0.182825
0.188455
0.194203
0.200075
0.206079
0.212221
0.218509
0.224947
0.231545
0.238307
0.245239
0.252347
0.259636
0.267109
0.274771
0.282625
0.290672
0.298914
0.30735
0.315982
0.324807
0.333824
0.343029
0.352419
0.361989
0.371734
0.381648
0.391724
0.401955
0.412333
0.422849
0.433493
0.444255
0.455126
0.466093
0.477146
0.488271
0.499456
0.510688
0.521952
0.533234
0.544519
0.55579
0.567031
0.578224
0.589351
0.600393
0.61133
0.62214
0.632802
0.643291
0.653585
0.663657
0.67348
0.683027
0.692268
0.701174
0.709712
0.71785
0.725556
0.732795
0.739533
0.745737
0.751372
0.756405
0.760805
0.764543
0.767592
0.76993
0.771539
0.772407
0.772529
0.771909
0.77056
0.768505
0.76578
0.762434
0.758528
0.754138
0.749353
0.744276
0.739018
0.733702
0.728451
0.72339
0.71864
0.714308
0.710485
0.707238
0.704607
0.702604
0.701206
0.700362
0.69999
0.69999
0.700239
0.700601
0.70093
0.70108
0.700908
0.700279
0.699072
0.69718
0.694519
0.69102
0.686639
0.681349
0.675144
0.668036
0.660051
0.65123
0.641628
0.631304
0.620328
0.608775
0.596721
0.584246
0.571429
0.558347
0.545076
0.53169
0.518257
0.504843
0.49151
0.478314
0.465306
0.452535
0.440044
0.42787
0.416049
0.40461
0.393581
0.382984
0.372839
0.363163
0.35397
0.345272
0.33708
0.329389
0.322195
0.315491
0.309271
0.303527
0.298248
0.293424
0.289043
0.285092
0.281556
0.27842
0.27567
0.273289
0.27126
0.269565
0.268186
0.267104
0.2663
0.265753
0.265443
0.265348
0.265445
0.265713
0.266126
0.266663
0.267297
0.268003
0.268757
0.269532
0.270302
0.271041
0.271723
0.272321
0.272811
0.273165
0.00749651
0.00747449
0.00744084
0.00741543
0.0074221
0.00748374
0.00761855
0.00783842
0.00814923
0.00855226
0.00904599
0.00962757
0.010294
0.0110425
0.0118711
0.0127787
0.0137645
0.0148289
0.0159722
0.0171957
0.0185005
0.0198882
0.0213606
0.0229193
0.0245662
0.0263031
0.0281317
0.0300536
0.0320704
0.0341835
0.0363941
0.0387034
0.0411122
0.0436211
0.0462307
0.0489413
0.0517527
0.0546649
0.0576774
0.0607895
0.0640004
0.0673089
0.0707139
0.0742136
0.0778058
0.0814887
0.0852606
0.0891196
0.0930637
0.0970912
0.1012
0.105389
0.109657
0.114002
0.118423
0.12292
0.127493
0.132141
0.136866
0.141667
0.146548
0.151511
0.156557
0.161691
0.166917
0.172238
0.177661
0.183189
0.188831
0.194591
0.200476
0.206493
0.212649
0.218951
0.225405
0.232017
0.238795
0.245744
0.252869
0.260175
0.267667
0.275347
0.283219
0.291285
0.299546
0.308003
0.316654
0.325499
0.334535
0.34376
0.353169
0.362758
0.372522
0.382455
0.39255
0.402799
0.413194
0.423726
0.434386
0.445163
0.456048
0.467029
0.478093
0.48923
0.500425
0.511665
0.522936
0.534224
0.545512
0.556786
0.568027
0.579218
0.590341
0.601377
0.612305
0.623104
0.633752
0.644224
0.654498
0.664546
0.674342
0.683858
0.693065
0.701931
0.710425
0.718515
0.726167
0.733347
0.740022
0.746155
0.751715
0.756667
0.760981
0.764627
0.76758
0.769817
0.771321
0.772082
0.772097
0.771369
0.769915
0.76776
0.764943
0.761516
0.757543
0.753103
0.74829
0.743207
0.737971
0.732703
0.727529
0.722574
0.717953
0.713772
0.710117
0.707048
0.704601
0.70278
0.701557
0.700878
0.700659
0.700797
0.70117
0.701642
0.70207
0.70231
0.702221
0.701671
0.700541
0.698727
0.696143
0.692725
0.688425
0.683218
0.677097
0.670071
0.662168
0.653427
0.6439
0.633648
0.622738
0.611244
0.599243
0.586813
0.574032
0.560979
0.54773
0.534356
0.520929
0.507513
0.494169
0.480955
0.467924
0.455122
0.442594
0.430378
0.418509
0.407017
0.39593
0.385271
0.37506
0.365314
0.356048
0.347274
0.339002
0.331232
0.323955
0.317168
0.310864
0.305035
0.299671
0.294762
0.290296
0.286261
0.282643
0.279428
0.2766
0.274144
0.272043
0.27028
0.268837
0.267695
0.266836
0.266238
0.265882
0.265747
0.265809
0.266046
0.266434
0.26695
0.267569
0.268264
0.269011
0.269784
0.270555
0.271298
0.271988
0.272596
0.273098
0.273467
0.00750823
0.00748632
0.00745293
0.00742792
0.00743517
0.00749755
0.00763325
0.00785415
0.00816612
0.00857043
0.00906554
0.00964864
0.0103167
0.011067
0.0118975
0.0128071
0.0137952
0.0148618
0.0160077
0.0172338
0.0185414
0.0199321
0.0214076
0.0229697
0.0246201
0.0263606
0.028193
0.0301189
0.0321399
0.0342573
0.0364724
0.0387863
0.0411999
0.0437138
0.0463285
0.0490443
0.0518611
0.0547788
0.0577969
0.0609147
0.0641314
0.067446
0.070857
0.0743627
0.0779611
0.0816502
0.0854284
0.0892937
0.0932442
0.0972781
0.101394
0.105589
0.109864
0.114215
0.118643
0.123147
0.127727
0.132382
0.137114
0.141924
0.146812
0.151783
0.156837
0.16198
0.167214
0.172545
0.177977
0.183516
0.189168
0.194939
0.200835
0.206865
0.213033
0.219347
0.225814
0.232441
0.239233
0.246197
0.253337
0.260659
0.268167
0.275864
0.283753
0.291836
0.300114
0.308588
0.317257
0.326119
0.335173
0.344415
0.353842
0.363449
0.37323
0.38318
0.393291
0.403555
0.413966
0.424513
0.435187
0.445978
0.456875
0.467868
0.478943
0.490089
0.501293
0.512541
0.523818
0.535111
0.546403
0.557678
0.568919
0.580109
0.591229
0.602259
0.613179
0.623968
0.634603
0.64506
0.655316
0.665343
0.675115
0.684603
0.693778
0.702609
0.711064
0.71911
0.726715
0.733842
0.740459
0.74653
0.752022
0.756902
0.761139
0.764703
0.767569
0.769716
0.771127
0.771793
0.771711
0.770888
0.769342
0.767099
0.764202
0.760704
0.756674
0.752193
0.747358
0.742276
0.737064
0.731846
0.726747
0.721892
0.717394
0.713354
0.709855
0.706952
0.704674
0.703022
0.701963
0.701438
0.701361
0.701629
0.70212
0.702697
0.703221
0.703549
0.703541
0.703068
0.702013
0.700274
0.697764
0.694421
0.690196
0.685064
0.679018
0.672066
0.664235
0.655562
0.646099
0.635906
0.62505
0.613603
0.601643
0.589246
0.576491
0.563457
0.550219
0.536849
0.523418
0.509992
0.496632
0.483395
0.470335
0.457499
0.444932
0.432671
0.420753
0.409209
0.398065
0.387346
0.377071
0.367259
0.357924
0.349079
0.340734
0.332889
0.325537
0.318674
0.312294
0.306387
0.300946
0.295961
0.291419
0.287309
0.283617
0.280329
0.277431
0.274908
0.272743
0.270918
0.269418
0.268222
0.267313
0.26667
0.266274
0.266101
0.266131
0.266341
0.266707
0.267204
0.267809
0.268494
0.269235
0.270004
0.270776
0.271523
0.272219
0.272837
0.273349
0.273731
0.00751842
0.00749663
0.00746351
0.00743893
0.00744678
0.00750991
0.00764651
0.00786844
0.00818154
0.00858708
0.00908353
0.00966806
0.0103376
0.0110896
0.0119219
0.0128333
0.0138234
0.0148922
0.0160403
0.0172688
0.018579
0.0199724
0.0214507
0.0230157
0.0246692
0.026413
0.0282488
0.0301783
0.0322029
0.0343242
0.0365432
0.0388613
0.0412791
0.0437973
0.0464166
0.0491369
0.0519585
0.054881
0.057904
0.0610269
0.0642488
0.0675685
0.0709849
0.0744959
0.0780996
0.0817942
0.0855778
0.0894486
0.0934047
0.0974442
0.101565
0.105767
0.110047
0.114404
0.118839
0.123349
0.127934
0.132596
0.137334
0.14215
0.147046
0.152023
0.157085
0.162235
0.167477
0.172816
0.178257
0.183805
0.189466
0.195246
0.201153
0.207193
0.213372
0.219698
0.226177
0.232816
0.239621
0.246598
0.253752
0.261088
0.26861
0.276321
0.284225
0.292324
0.300617
0.309106
0.317791
0.326669
0.335738
0.344996
0.354439
0.364061
0.373857
0.383821
0.393947
0.404225
0.414649
0.425209
0.435896
0.446699
0.457607
0.46861
0.479695
0.49085
0.502061
0.513316
0.524599
0.535896
0.54719
0.558467
0.569709
0.580897
0.592014
0.603039
0.613952
0.624732
0.635356
0.6458
0.65604
0.666049
0.675799
0.685263
0.69441
0.70321
0.711631
0.719639
0.727201
0.734282
0.740848
0.746864
0.752297
0.757113
0.761282
0.764774
0.767564
0.769632
0.770961
0.771544
0.771378
0.770472
0.768844
0.766526
0.763559
0.760001
0.755923
0.75141
0.746559
0.74148
0.736294
0.731124
0.726096
0.721333
0.716948
0.713038
0.709681
0.706928
0.704805
0.703305
0.702395
0.70201
0.702065
0.702453
0.703053
0.70373
0.704344
0.704754
0.704824
0.704425
0.703441
0.701771
0.699331
0.696055
0.691899
0.686834
0.680854
0.673967
0.666196
0.657582
0.648172
0.638027
0.627214
0.615804
0.603873
0.5915
0.578763
0.565739
0.552504
0.539131
0.525691
0.512249
0.498868
0.485605
0.472514
0.459642
0.447034
0.43473
0.422764
0.411169
0.399971
0.389195
0.378861
0.368988
0.359589
0.350679
0.342267
0.334355
0.326935
0.320004
0.313555
0.30758
0.30207
0.297017
0.292407
0.288231
0.284473
0.281122
0.278163
0.27558
0.273358
0.27148
0.269928
0.268685
0.267732
0.267049
0.266616
0.266411
0.266413
0.266599
0.266944
0.267425
0.268016
0.268693
0.269428
0.270195
0.270967
0.271717
0.272419
0.273044
0.273566
0.273959
0.00752707
0.00750541
0.00747258
0.00744846
0.00745692
0.00752083
0.00765834
0.00788129
0.0081955
0.00860223
0.00909995
0.00968582
0.0103568
0.0111102
0.0119442
0.0128573
0.0138492
0.0149199
0.0160701
0.0173007
0.0186131
0.0200089
0.0214897
0.0230573
0.0247136
0.0264602
0.028299
0.0302316
0.0322595
0.0343841
0.0366066
0.0389282
0.0413497
0.0438718
0.0464949
0.0492193
0.0520449
0.0549716
0.0579989
0.0611261
0.0643523
0.0676766
0.0710975
0.0746131
0.0782213
0.0819205
0.0857088
0.0895843
0.0935451
0.0975894
0.101715
0.105922
0.110207
0.114569
0.119008
0.123524
0.128115
0.132782
0.137525
0.142347
0.147248
0.152232
0.1573
0.162457
0.167706
0.173051
0.178499
0.184055
0.189724
0.195513
0.201429
0.207478
0.213666
0.220002
0.226492
0.233142
0.239958
0.246946
0.254112
0.26146
0.268995
0.276719
0.284636
0.292748
0.301055
0.309557
0.318255
0.327147
0.33623
0.345502
0.354957
0.364593
0.374402
0.384379
0.394517
0.404808
0.415244
0.425815
0.436513
0.447326
0.458244
0.469256
0.480349
0.491511
0.502729
0.51399
0.525277
0.536578
0.547875
0.559154
0.570395
0.581583
0.592697
0.603718
0.614625
0.625398
0.636012
0.646445
0.656671
0.666664
0.676396
0.685839
0.694963
0.703736
0.712127
0.720102
0.727628
0.734669
0.741192
0.747161
0.752543
0.757304
0.761414
0.764844
0.767569
0.769568
0.770828
0.771338
0.7711
0.770123
0.768427
0.766044
0.763019
0.759411
0.755293
0.750753
0.745891
0.740819
0.735657
0.730532
0.725569
0.72089
0.716605
0.71281
0.709579
0.706959
0.704972
0.703608
0.702828
0.702569
0.70274
0.703237
0.703935
0.704702
0.705399
0.705885
0.706027
0.705695
0.704776
0.70317
0.700792
0.697577
0.693481
0.688476
0.682552
0.675719
0.668001
0.659434
0.650068
0.639962
0.629181
0.617799
0.60589
0.593533
0.580805
0.567784
0.554547
0.541167
0.527714
0.514254
0.50085
0.487559
0.474436
0.461529
0.448882
0.436536
0.424525
0.412882
0.401635
0.390807
0.380419
0.37049
0.361035
0.352066
0.343596
0.335624
0.328145
0.321153
0.314644
0.308609
0.30304
0.297927
0.293259
0.289025
0.285211
0.281805
0.278793
0.276158
0.273887
0.271962
0.270367
0.269083
0.268092
0.267374
0.266909
0.266677
0.266654
0.266818
0.267146
0.267612
0.268193
0.268861
0.269591
0.270356
0.271128
0.271881
0.272587
0.273218
0.273749
0.274151
0.0075342
0.00751268
0.00748014
0.0074565
0.00746561
0.00753031
0.00766873
0.00789269
0.00820799
0.00861587
0.00911478
0.00970192
0.0103742
0.011129
0.0119644
0.0128791
0.0138726
0.014945
0.0160969
0.0173294
0.0186438
0.0200417
0.0215247
0.0230946
0.0247532
0.0265023
0.0283437
0.0302789
0.0323096
0.034437
0.0366625
0.0389872
0.0414118
0.0439371
0.0465635
0.0492912
0.0521203
0.0550505
0.0580813
0.0612121
0.0644421
0.0677701
0.0711948
0.0747141
0.0783262
0.0820292
0.0858213
0.0897007
0.0936654
0.0977136
0.101844
0.106054
0.110343
0.11471
0.119153
0.123672
0.128268
0.132939
0.137688
0.142514
0.14742
0.152409
0.157482
0.162644
0.167899
0.173251
0.178705
0.184267
0.189943
0.195739
0.201662
0.207719
0.213916
0.220261
0.226759
0.233418
0.240244
0.247242
0.254418
0.261776
0.269322
0.277057
0.284985
0.293108
0.301427
0.309941
0.31865
0.327554
0.336648
0.345931
0.355398
0.365045
0.374866
0.384854
0.395002
0.405304
0.415749
0.42633
0.437037
0.447859
0.458785
0.469805
0.480905
0.492074
0.503297
0.514563
0.525854
0.537158
0.548458
0.559738
0.57098
0.582166
0.593278
0.604296
0.615199
0.625965
0.636572
0.646996
0.65721
0.66719
0.676907
0.686333
0.695437
0.704189
0.712555
0.720503
0.727998
0.735006
0.741493
0.747422
0.752761
0.757477
0.761538
0.764916
0.767586
0.769529
0.77073
0.771181
0.770883
0.769847
0.768094
0.765657
0.762583
0.758934
0.754784
0.750223
0.745354
0.740288
0.73515
0.730064
0.725157
0.72055
0.716353
0.712656
0.709533
0.707027
0.705156
0.703907
0.70324
0.703088
0.70336
0.70395
0.704735
0.705581
0.70635
0.706904
0.707108
0.706837
0.705975
0.704424
0.7021
0.698939
0.694894
0.689939
0.684063
0.677275
0.669599
0.66107
0.651739
0.641663
0.630907
0.619545
0.607651
0.595303
0.58258
0.569559
0.556316
0.542925
0.529457
0.515978
0.50255
0.489233
0.47608
0.46314
0.450457
0.438072
0.426022
0.414336
0.403044
0.392171
0.381736
0.371759
0.362254
0.353235
0.344714
0.336691
0.32916
0.322118
0.315558
0.309472
0.303853
0.29869
0.293973
0.28969
0.285829
0.282376
0.279319
0.276641
0.274329
0.272365
0.270732
0.269414
0.268391
0.267644
0.267153
0.266896
0.266853
0.266999
0.267312
0.267767
0.268338
0.268999
0.269725
0.270487
0.27126
0.272015
0.272724
0.273361
0.273899
0.274309
0.00753981
0.00751843
0.00748621
0.00746306
0.00747283
0.00753833
0.00767768
0.00790264
0.008219
0.00862798
0.00912803
0.00971634
0.0103898
0.0111459
0.0119826
0.0128986
0.0138935
0.0149674
0.0161209
0.017355
0.0186711
0.0200708
0.0215556
0.0231274
0.024788
0.0265392
0.0283827
0.0303202
0.0323532
0.034483
0.0367109
0.0390381
0.0414653
0.0439932
0.0466223
0.0493527
0.0521846
0.0551176
0.0581513
0.0612851
0.064518
0.0678489
0.0712767
0.074799
0.0784141
0.0821201
0.0859153
0.0897977
0.0937655
0.0978169
0.10195
0.106164
0.110456
0.114826
0.119272
0.123795
0.128394
0.133069
0.137821
0.142651
0.147561
0.152554
0.157632
0.162798
0.168057
0.173414
0.178873
0.184441
0.190123
0.195925
0.201854
0.207917
0.214121
0.220473
0.226978
0.233645
0.240479
0.247485
0.254669
0.262037
0.269591
0.277335
0.285273
0.293405
0.301733
0.310257
0.318976
0.327888
0.336993
0.346285
0.355762
0.365418
0.375247
0.385244
0.395402
0.405712
0.416165
0.426754
0.437469
0.448298
0.459231
0.470257
0.481363
0.492537
0.503765
0.515035
0.52633
0.537637
0.548939
0.560219
0.571462
0.582648
0.593758
0.604774
0.615673
0.626435
0.637036
0.647452
0.657658
0.667628
0.677333
0.686745
0.695834
0.704568
0.712915
0.720841
0.728312
0.735294
0.741752
0.74765
0.752955
0.757634
0.761656
0.764993
0.76762
0.769517
0.770671
0.771074
0.770729
0.769645
0.767846
0.765367
0.762255
0.758573
0.754399
0.749822
0.744946
0.739888
0.734768
0.729716
0.724855
0.720308
0.716181
0.712565
0.709529
0.707116
0.705339
0.704184
0.703609
0.703545
0.7039
0.704567
0.705423
0.706335
0.707165
0.707775
0.708033
0.707811
0.706998
0.705493
0.703215
0.700097
0.696094
0.691179
0.685342
0.67859
0.670947
0.662448
0.653143
0.643089
0.632352
0.621004
0.609119
0.596777
0.584054
0.571029
0.557779
0.544377
0.530894
0.517397
0.503948
0.490607
0.477427
0.464458
0.451744
0.439326
0.42724
0.415519
0.40419
0.393278
0.382804
0.372786
0.363241
0.35418
0.345617
0.337552
0.329979
0.322895
0.316293
0.310166
0.304506
0.299302
0.294545
0.290223
0.286324
0.282834
0.27974
0.277028
0.274682
0.272686
0.271024
0.269678
0.268629
0.267859
0.267346
0.267071
0.267011
0.267143
0.267444
0.267888
0.268452
0.269108
0.26983
0.270591
0.271363
0.27212
0.272832
0.273474
0.274016
0.274433
0.0075439
0.00752267
0.00749079
0.00746815
0.00747859
0.00754492
0.00768519
0.00791115
0.00822854
0.00863858
0.0091397
0.00972908
0.0104037
0.0111609
0.0119987
0.0129159
0.013912
0.0149872
0.016142
0.0173775
0.018695
0.0200961
0.0215824
0.0231558
0.0248181
0.026571
0.0284162
0.0303555
0.0323902
0.034522
0.0367518
0.039081
0.0415102
0.0440401
0.0466713
0.0494039
0.0522378
0.055173
0.0582089
0.0613449
0.06458
0.0679132
0.0713432
0.0748677
0.0784851
0.0821933
0.0859908
0.0898754
0.0938455
0.0978991
0.102035
0.10625
0.110545
0.114917
0.119366
0.123892
0.128493
0.133171
0.137925
0.142758
0.147672
0.152667
0.157748
0.162918
0.168181
0.173541
0.179005
0.184576
0.190262
0.196069
0.202003
0.208072
0.214281
0.220638
0.22715
0.233822
0.240662
0.247675
0.254866
0.262241
0.269802
0.277553
0.285498
0.293638
0.301973
0.310504
0.319231
0.328151
0.337263
0.346563
0.356047
0.36571
0.375547
0.385551
0.395715
0.406032
0.416492
0.427087
0.437808
0.448642
0.459581
0.470612
0.481723
0.492901
0.504133
0.515406
0.526704
0.538013
0.549317
0.560599
0.571842
0.583028
0.594138
0.605152
0.616049
0.626808
0.637405
0.647816
0.658016
0.667978
0.677675
0.687077
0.696155
0.704876
0.713209
0.721119
0.728573
0.735535
0.741971
0.747846
0.753126
0.757778
0.761771
0.765077
0.767671
0.769535
0.770654
0.771021
0.77064
0.769521
0.767688
0.765176
0.762036
0.75833
0.754136
0.749547
0.744668
0.739614
0.73451
0.729483
0.724658
0.720155
0.716082
0.712527
0.709557
0.707213
0.705508
0.704424
0.703919
0.703921
0.70434
0.705066
0.705977
0.706939
0.707816
0.70847
0.708769
0.708587
0.707811
0.706342
0.704098
0.701014
0.697043
0.692159
0.68635
0.679625
0.672006
0.663529
0.654243
0.644205
0.63348
0.622141
0.610262
0.597922
0.585198
0.572169
0.558912
0.545499
0.532003
0.51849
0.505024
0.491662
0.478461
0.465468
0.452729
0.440285
0.428171
0.416421
0.405063
0.394121
0.383616
0.373567
0.363989
0.354897
0.346301
0.338203
0.330598
0.323482
0.316848
0.31069
0.304998
0.299763
0.294976
0.290624
0.286695
0.283177
0.280056
0.277317
0.274946
0.272927
0.271242
0.269875
0.268807
0.268018
0.26749
0.2672
0.267127
0.267249
0.26754
0.267977
0.268535
0.269187
0.269906
0.270666
0.271438
0.272196
0.272911
0.273556
0.274102
0.274523
0.00754647
0.0075254
0.00749387
0.00747176
0.00748291
0.00755007
0.00769127
0.00791821
0.00823661
0.00864766
0.00914978
0.00974016
0.0104158
0.0111739
0.0120127
0.012931
0.0139281
0.0150043
0.0161602
0.0173968
0.0187154
0.0201177
0.0216052
0.0231799
0.0248434
0.0265975
0.0284441
0.0303847
0.0324209
0.034554
0.0367853
0.0391158
0.0415465
0.0440779
0.0467105
0.0494446
0.0522801
0.0552167
0.0582541
0.0613916
0.0646282
0.0679629
0.0713944
0.0749204
0.0785391
0.0822488
0.0860477
0.0899338
0.0939053
0.0979603
0.102097
0.106314
0.110611
0.114984
0.119435
0.123962
0.128565
0.133244
0.138001
0.142836
0.147751
0.152748
0.157832
0.163004
0.168269
0.173633
0.179099
0.184673
0.190363
0.196173
0.202111
0.208183
0.214396
0.220757
0.227273
0.23395
0.240795
0.247813
0.255009
0.262388
0.269955
0.277712
0.285662
0.293807
0.302147
0.310684
0.319416
0.328342
0.33746
0.346765
0.356254
0.365923
0.375765
0.385774
0.395943
0.406265
0.41673
0.42733
0.438054
0.448893
0.459836
0.47087
0.481984
0.493166
0.504401
0.515676
0.526977
0.538288
0.549593
0.560877
0.572121
0.583307
0.594417
0.60543
0.616327
0.627084
0.637678
0.648087
0.658283
0.668241
0.677933
0.687329
0.6964
0.705113
0.713437
0.721337
0.72878
0.73573
0.742152
0.748012
0.753276
0.75791
0.761884
0.76517
0.767743
0.769584
0.77068
0.771024
0.770618
0.769475
0.76762
0.765087
0.761927
0.758204
0.753998
0.749401
0.744518
0.739468
0.734373
0.729362
0.72456
0.720086
0.716048
0.712533
0.709607
0.70731
0.705651
0.704615
0.704155
0.704202
0.704663
0.705429
0.706376
0.707373
0.708281
0.708965
0.709292
0.709136
0.708386
0.706941
0.704721
0.701659
0.69771
0.692846
0.687057
0.68035
0.672747
0.664284
0.65501
0.644981
0.634264
0.62293
0.611055
0.598715
0.585989
0.572956
0.559693
0.546272
0.532766
0.519242
0.505762
0.492386
0.479169
0.466159
0.453402
0.440939
0.428806
0.417036
0.405657
0.394693
0.384167
0.374096
0.364496
0.355381
0.346763
0.338642
0.331015
0.323877
0.317221
0.31104
0.305327
0.300071
0.295263
0.290891
0.286942
0.283405
0.280265
0.277509
0.275121
0.273085
0.271385
0.270004
0.268922
0.268122
0.267583
0.267284
0.267203
0.267317
0.267602
0.268035
0.268588
0.269237
0.269955
0.270714
0.271486
0.272244
0.272961
0.273608
0.274157
0.274581
0.00754753
0.00752662
0.00749546
0.00747391
0.00748578
0.0075538
0.00769594
0.00792387
0.00824326
0.00865528
0.00915834
0.00974963
0.0104261
0.0111851
0.0120248
0.0129439
0.0139418
0.0150189
0.0161756
0.0174131
0.0187326
0.0201357
0.0216241
0.0231996
0.024864
0.0266191
0.0284666
0.0304081
0.0324451
0.0345792
0.0368114
0.0391428
0.0415744
0.0441067
0.0467402
0.0494751
0.0523114
0.0552489
0.0582871
0.0614253
0.0646627
0.0679981
0.0714303
0.074957
0.0785764
0.0822868
0.0860863
0.089973
0.0939451
0.0980007
0.102138
0.106356
0.110653
0.115027
0.119478
0.124006
0.12861
0.13329
0.138047
0.142883
0.147799
0.152798
0.157883
0.163056
0.168323
0.173688
0.179156
0.184732
0.190424
0.196236
0.202176
0.20825
0.214466
0.22083
0.227349
0.234029
0.240877
0.247898
0.255097
0.26248
0.270049
0.27781
0.285763
0.293912
0.302256
0.310797
0.319532
0.328462
0.337583
0.346891
0.356384
0.366056
0.375901
0.385914
0.396086
0.406411
0.416879
0.427481
0.438208
0.44905
0.459995
0.471032
0.482148
0.493332
0.504569
0.515847
0.527149
0.538462
0.549768
0.561053
0.572298
0.583486
0.594596
0.60561
0.616507
0.627264
0.637858
0.648266
0.658461
0.668418
0.678108
0.687503
0.696571
0.705281
0.713601
0.721498
0.728936
0.73588
0.742297
0.74815
0.753406
0.758033
0.761998
0.765274
0.767837
0.769667
0.770752
0.771084
0.770666
0.769512
0.767644
0.7651
0.76193
0.758199
0.753985
0.749383
0.744498
0.739447
0.734356
0.729351
0.724559
0.720099
0.716077
0.71258
0.709675
0.707399
0.705762
0.704748
0.70431
0.704378
0.704859
0.705643
0.706609
0.707622
0.708546
0.709244
0.709584
0.709442
0.708704
0.707272
0.705063
0.702012
0.698074
0.69322
0.68744
0.680741
0.673146
0.66469
0.655422
0.645398
0.634685
0.623353
0.611478
0.599138
0.586411
0.573376
0.560108
0.546683
0.533171
0.51964
0.506153
0.492769
0.479542
0.466523
0.453756
0.441283
0.429139
0.417358
0.405967
0.394992
0.384453
0.37437
0.364758
0.355631
0.347
0.338867
0.331228
0.324077
0.31741
0.311218
0.305493
0.300226
0.295406
0.291023
0.287064
0.283517
0.280368
0.277602
0.275205
0.273161
0.271453
0.270065
0.268977
0.268171
0.267626
0.267322
0.267237
0.267347
0.26763
0.26806
0.268611
0.269259
0.269976
0.270734
0.271507
0.272265
0.272982
0.27363
0.27418
0.274606
0.000676352
0.000695658
0.000708392
0.000715545
0.000718855
0.00071947
0.000718279
0.000715245
0.00071073
0.000705006
0.000698248
0.000690578
0.000682089
0.000672852
0.000662928
0.000652364
0.000641204
0.000629484
0.000617238
0.000604494
0.000591282
0.000577628
0.000563557
0.000549092
0.00053426
0.000519084
0.000503588
0.000487798
0.000471738
0.000455435
0.000438916
0.00042221
0.000405346
0.000388354
0.000371268
0.000354121
0.000336949
0.000319787
0.000302676
0.000285653
0.00026876
0.00025204
0.000235538
0.000219297
0.000203363
0.000187788
0.000172661
0.000157982
0.000143789
0.000130125
0.000117031
0.000104547
9.27151e-05
8.15641e-05
7.1127e-05
6.14325e-05
5.25039e-05
4.43625e-05
3.70247e-05
3.05093e-05
2.4839e-05
2.00508e-05
1.61874e-05
1.32751e-05
1.12421e-05
9.9127e-06
9.0713e-06
8.45888e-06
8.05573e-06
7.63379e-06
7.25548e-06
6.85863e-06
6.43433e-06
5.98076e-06
5.48053e-06
4.91667e-06
4.26073e-06
3.46585e-06
2.40738e-06
1.40929e-06
0.00662664
0.00710918
0.00738902
0.00756114
0.00766534
0.00772296
0.00773216
0.00771501
0.00768165
0.00763523
0.0075775
0.00750963
0.00743248
0.00734675
0.00725297
0.00715162
0.00704309
0.00692774
0.00680588
0.00667781
0.00654381
0.00640413
0.00625904
0.00610878
0.00595362
0.00579382
0.00562964
0.00546135
0.00528924
0.00511361
0.00493478
0.00475307
0.00456884
0.00438245
0.00419428
0.00400475
0.00381428
0.00362332
0.00343234
0.00324182
0.00305227
0.00286421
0.00267818
0.00249471
0.00231434
0.00213738
0.00196335
0.00179433
0.00163111
0.00147425
0.0013242
0.00118114
0.00104561
0.000918238
0.00079937
0.000689282
0.000588196
0.000496289
0.000413707
0.000340591
0.000277159
0.000223776
0.000180851
0.0001486
0.000126052
0.000111248
0.000101645
9.49188e-05
8.9885e-05
8.53732e-05
8.10369e-05
7.6558e-05
7.17757e-05
6.66123e-05
6.09287e-05
5.45166e-05
4.7037e-05
3.79387e-05
2.54742e-05
1.25974e-05
0.0149857
0.0159151
0.0164756
0.0168289
0.01705
0.0171763
0.0172106
0.0171926
0.0171373
0.0170511
0.0169379
0.0168003
0.0166406
0.0164602
0.0162606
0.0160428
0.0158077
0.0155563
0.0152892
0.0150073
0.0147111
0.0144012
0.0140784
0.0137432
0.0133962
0.013038
0.0126694
0.0122909
0.0119032
0.0115071
0.0111034
0.0106928
0.0102761
0.00985428
0.00942824
0.00899895
0.00856744
0.00813478
0.00770206
0.00727046
0.00684117
0.00641541
0.00599444
0.00557952
0.00517189
0.00477254
0.00438135
0.00400118
0.00363418
0.00328164
0.00294464
0.00262384
0.00232025
0.00203525
0.00176961
0.00152394
0.00129873
0.00109436
0.000911157
0.000749425
0.000609673
0.000492715
0.000399431
0.000329901
0.000281471
0.000249406
0.000228281
0.000213402
0.000202095
0.000192091
0.000182365
0.000172344
0.000161685
0.000150178
0.000137511
0.000123217
0.000106532
8.62116e-05
5.79104e-05
2.91124e-05
0.0239707
0.0251896
0.0259579
0.0264565
0.0267766
0.026961
0.0270245
0.0270114
0.02694
0.0268193
0.0266554
0.0264522
0.0262132
0.0259408
0.0256369
0.0253035
0.024942
0.0245537
0.0241398
0.0237014
0.0232396
0.0227555
0.0222499
0.0217239
0.0211785
0.0206147
0.0200335
0.0194361
0.0188235
0.018197
0.0175578
0.0169071
0.0162465
0.0155773
0.014901
0.0142194
0.013534
0.0128466
0.0121591
0.0114733
0.0107913
0.0101149
0.00944636
0.00878762
0.00814072
0.00750746
0.00688866
0.0062872
0.0057067
0.00514925
0.00461665
0.0041102
0.00363132
0.00318215
0.00276389
0.00237751
0.00202378
0.00170329
0.00141653
0.00116403
0.000946599
0.000765555
0.000622217
0.000516172
0.000442522
0.000393359
0.000360522
0.000337248
0.000319456
0.000303724
0.000288399
0.000272625
0.000255889
0.000237831
0.000217955
0.000195524
0.00016933
0.00013739
9.23676e-05
4.73716e-05
0.0331554
0.0345503
0.0354653
0.036075
0.0364743
0.0367037
0.036792
0.0367829
0.0366963
0.0365434
0.0363316
0.0360664
0.0357519
0.0353913
0.0349874
0.0345425
0.0340584
0.0335371
0.03298
0.0323887
0.0317646
0.0311091
0.0304234
0.029709
0.0289673
0.0281995
0.0274072
0.0265919
0.0257551
0.0248985
0.0240238
0.0231329
0.0222278
0.0213104
0.0203829
0.0194477
0.018507
0.0175633
0.0166193
0.0156776
0.0147409
0.0138121
0.012894
0.0119897
0.0111018
0.0102331
0.00938538
0.0085616
0.00776665
0.0070035
0.00627465
0.00558212
0.00492777
0.00431446
0.00374382
0.00321718
0.00273559
0.00229985
0.00191064
0.00156869
0.0012752
0.00103197
0.000840712
0.000700191
0.000602817
0.000537311
0.000493021
0.000461464
0.000437191
0.000415719
0.000394811
0.000373311
0.000350536
0.000325975
0.000298945
0.000268442
0.000232812
0.000189299
0.000127395
6.64992e-05
0.0423636
0.0438589
0.0448732
0.0455641
0.0460234
0.0462836
0.0463897
0.0463808
0.0462776
0.0460927
0.0458346
0.0455097
0.0451227
0.0446776
0.0441776
0.0436255
0.0430235
0.0423739
0.0416785
0.0409393
0.0401578
0.0393358
0.038475
0.037577
0.0366436
0.0356764
0.0346774
0.0336485
0.0325915
0.0315088
0.0304025
0.0292749
0.0281287
0.0269663
0.0257907
0.0246047
0.0234115
0.0222142
0.0210161
0.0198208
0.0186318
0.0174528
0.0162874
0.0151395
0.0140128
0.0129108
0.0118364
0.0107926
0.00978549
0.0088189
0.00789609
0.00701978
0.00619238
0.00541733
0.00469672
0.00403224
0.00342523
0.0028767
0.0023875
0.00195863
0.00159163
0.00128886
0.00105233
0.000879671
0.000760244
0.000679303
0.00062397
0.000584351
0.000553671
0.000526546
0.00050015
0.000473028
0.00044433
0.000413397
0.000379362
0.000340954
0.000296082
0.000241186
0.000162521
8.6173e-05
0.0514979
0.053043
0.0541199
0.0548664
0.0553635
0.0556452
0.0557613
0.0557478
0.0556255
0.0554077
0.0551037
0.0547205
0.0542634
0.0537369
0.0531445
0.0524893
0.051774
0.0510009
0.0501724
0.0492904
0.0483571
0.0473743
0.046344
0.0452681
0.0441488
0.0429881
0.0417881
0.0405512
0.0392798
0.0379765
0.036644
0.0352852
0.0339031
0.032501
0.0310823
0.0296505
0.0282096
0.0267633
0.0253159
0.0238715
0.0224346
0.0210097
0.0196013
0.0182141
0.0168526
0.0155214
0.0142242
0.0129644
0.0117492
0.0105831
0.00947012
0.00841379
0.00741704
0.00648386
0.0056168
0.00481792
0.00408881
0.00343071
0.00284466
0.0023319
0.0018944
0.00153504
0.00125603
0.00105363
0.000913838
0.000818414
0.00075251
0.000705087
0.000668138
0.00063549
0.000603737
0.000571133
0.000536665
0.000499525
0.000458674
0.000412578
0.00035871
0.000292686
0.000197532
0.000106229
0.0604977
0.0620578
0.0631689
0.0639495
0.0644661
0.0647591
0.0648775
0.0648541
0.0647096
0.0644574
0.0641073
0.0636668
0.0631415
0.0625361
0.0618546
0.0611001
0.0602756
0.0593839
0.0584272
0.0574079
0.0563283
0.0551905
0.0539966
0.0527491
0.0514501
0.050102
0.0487074
0.047269
0.0457895
0.0442721
0.0427197
0.041136
0.0395244
0.0378887
0.0362331
0.0345617
0.0328791
0.0311898
0.0294989
0.0278113
0.0261322
0.0244669
0.022821
0.0211999
0.019609
0.0180538
0.0165389
0.0150683
0.0136499
0.0122891
0.0109908
0.00975904
0.00859745
0.00751048
0.00650115
0.00557186
0.00472449
0.00396047
0.00328107
0.00268776
0.00218296
0.00177008
0.00145142
0.00122164
0.00106311
0.000954147
0.000878174
0.000823227
0.000780186
0.000742171
0.000705211
0.000667282
0.000627211
0.00058405
0.000536591
0.000483044
0.000420456
0.00034359
0.000232312
0.000126568
0.0693231
0.0708735
0.0719967
0.0727933
0.0733139
0.0736087
0.073722
0.0736837
0.0735137
0.0732254
0.0728288
0.0723316
0.0717395
0.0710575
0.0702896
0.0694394
0.0685099
0.0675038
0.0664239
0.0652725
0.064052
0.0627649
0.0614136
0.0600005
0.0585281
0.0569992
0.0554167
0.0537834
0.0521026
0.0503778
0.0486125
0.0468106
0.0449764
0.0431141
0.0412283
0.0393241
0.0374066
0.0354811
0.0335532
0.0316289
0.0297141
0.0278149
0.0259378
0.0240889
0.0222748
0.0205015
0.0187747
0.0170991
0.0154831
0.0139332
0.0124548
0.0110528
0.00973135
0.00849539
0.00734836
0.00629302
0.00533153
0.00446551
0.00369644
0.00302607
0.00245725
0.00199394
0.00163842
0.00138351
0.00120781
0.00108623
0.0010007
0.000938519
0.000889593
0.000846374
0.000804367
0.000761279
0.000715782
0.000666794
0.000612946
0.000552196
0.000481173
0.000393767
0.000266796
0.00014712
0.0779468
0.0794699
0.0805876
0.0813814
0.0818967
0.0821852
0.0822867
0.0822287
0.08203
0.0817038
0.0812601
0.0807064
0.0800488
0.0792922
0.0784407
0.0774979
0.076467
0.0753509
0.0741523
0.0728738
0.0715179
0.0700871
0.0685841
0.0670115
0.0653722
0.063669
0.061905
0.0600837
0.0582085
0.0562832
0.0543121
0.0522993
0.0502495
0.0481677
0.0460591
0.0439292
0.0417839
0.0396293
0.0374716
0.0353176
0.0331741
0.0310479
0.0289463
0.0268765
0.0248456
0.0228607
0.0209283
0.0190538
0.0172464
0.0155132
0.0138605
0.0122937
0.0108177
0.00943785
0.00815795
0.00698115
0.00590984
0.00494587
0.00409091
0.00334703
0.0027175
0.0022068
0.00181712
0.00153925
0.00134784
0.00121452
0.00111995
0.00105083
0.000996237
0.000947985
0.000901095
0.000853018
0.000802274
0.000747657
0.000687639
0.000619938
0.000540772
0.000443138
0.000300943
0.000167837
0.0863502
0.0878333
0.0889321
0.0897081
0.0902095
0.0904843
0.0905682
0.0904861
0.0902558
0.08989
0.0893985
0.0887887
0.0880666
0.0872371
0.0863044
0.085272
0.0841433
0.0829211
0.0816082
0.0802072
0.078721
0.077152
0.0755031
0.073777
0.0719768
0.0701057
0.0681669
0.0661643
0.0641015
0.061983
0.059813
0.0575964
0.0553384
0.0530445
0.0507204
0.0483722
0.0460066
0.0436302
0.0412501
0.0388738
0.0365087
0.0341627
0.0318438
0.02956
0.0273192
0.0251295
0.022998
0.0209313
0.0189387
0.0170284
0.0152073
0.0134815
0.0118564
0.0103379
0.00893006
0.00763647
0.00645975
0.00540194
0.00446492
0.00365107
0.00296409
0.00240899
0.00198773
0.00168892
0.00148319
0.00133897
0.00123585
0.0011601
0.00110006
0.00104695
0.000995343
0.000942443
0.000886633
0.000826584
0.000760618
0.000686216
0.000599197
0.000491648
0.000334728
0.000188681
0.0945208
0.0959544
0.0970218
0.0977702
0.0982506
0.0985054
0.0985665
0.0984564
0.0981919
0.097785
0.097245
0.0965793
0.0957937
0.0948929
0.0938812
0.0927621
0.0915387
0.0902141
0.0887911
0.0872723
0.0856606
0.0839586
0.0821692
0.0802954
0.0783404
0.0763076
0.0742005
0.0720232
0.0697797
0.0674747
0.0651131
0.0626999
0.060241
0.0577423
0.05521
0.0526511
0.0500726
0.0474819
0.0448869
0.0422957
0.0397166
0.0371582
0.0346292
0.0321385
0.029695
0.0273073
0.0249836
0.0227312
0.02056
0.0184788
0.0164953
0.0146164
0.0128479
0.0111959
0.00966523
0.00825959
0.00698187
0.00583434
0.00481907
0.00393874
0.00319753
0.00260089
0.00215052
0.00183269
0.00161391
0.00145958
0.0013484
0.00126632
0.00120106
0.00114326
0.00108709
0.00102954
0.000968841
0.000903554
0.000831856
0.000751003
0.000656417
0.000539267
0.000368137
0.00020962
0.102451
0.103828
0.104852
0.105567
0.106021
0.10625
0.106284
0.106143
0.105841
0.105392
0.104803
0.104082
0.103233
0.102263
0.101174
0.099971
0.0986562
0.0972327
0.0957035
0.0940712
0.0923386
0.0905086
0.088584
0.0865681
0.0844641
0.0822756
0.0800065
0.0776609
0.0752434
0.0727588
0.0702124
0.0676098
0.0649572
0.062261
0.059528
0.0567658
0.0539819
0.0511845
0.048382
0.0455834
0.0427977
0.0400343
0.0373026
0.0346124
0.0319732
0.0293946
0.0268855
0.0244541
0.0221108
0.0198651
0.0177255
0.0156992
0.0137928
0.0120128
0.0103643
0.00885133
0.00747702
0.00624384
0.00515407
0.0042107
0.00341836
0.00278297
0.00230582
0.00197073
0.00174008
0.00157639
0.00145762
0.00136951
0.00129923
0.00123691
0.00117636
0.00111431
0.0010489
0.000978566
0.00090135
0.000814287
0.000712414
0.000585976
0.000401159
0.000230629
0.110135
0.111451
0.112424
0.1131
0.113522
0.113722
0.113724
0.113549
0.113209
0.112716
0.112078
0.111301
0.110391
0.109352
0.108189
0.106904
0.1055
0.103981
0.10235
0.100608
0.0987589
0.0968056
0.0947509
0.0925982
0.0903508
0.0880125
0.0855874
0.0830799
0.0804948
0.0778373
0.075113
0.0723279
0.0694886
0.0666021
0.0636757
0.0607175
0.0577356
0.054739
0.0517366
0.0487381
0.0457533
0.0427922
0.0398652
0.0369826
0.034155
0.0313925
0.0287048
0.0261012
0.0235923
0.0211885
0.0188987
0.016731
0.0146924
0.0127897
0.0110283
0.00941269
0.00794614
0.00663132
0.00547072
0.00446765
0.0036272
0.00295568
0.00245394
0.00210324
0.00186183
0.00168946
0.00156355
0.00146969
0.00139462
0.00132795
0.00126316
0.00119678
0.00112683
0.00105163
0.000969109
0.000876072
0.000767184
0.000631767
0.000433792
0.000251688
0.117571
0.118819
0.119738
0.120372
0.120758
0.120924
0.120893
0.120681
0.120301
0.119763
0.119076
0.118244
0.117273
0.116167
0.114931
0.113566
0.112077
0.110466
0.108735
0.106888
0.104927
0.102855
0.100675
0.0983903
0.0960049
0.0935224
0.0909472
0.0882839
0.0855374
0.0827134
0.0798178
0.0768571
0.0738381
0.0707684
0.0676558
0.0645088
0.0613363
0.0581477
0.0549528
0.0517618
0.0485852
0.0454339
0.0423188
0.0392511
0.0362421
0.0333027
0.0304433
0.0276741
0.0250061
0.0224505
0.0200167
0.0177133
0.015548
0.0135277
0.0116585
0.00994479
0.00839026
0.00699771
0.00576986
0.00471032
0.00382464
0.00311951
0.00259525
0.00223046
0.00197928
0.00179888
0.00166626
0.00156694
0.00148727
0.00141642
0.00134754
0.00127699
0.00120266
0.00112278
0.00103515
0.000936369
0.000820731
0.000676638
0.000466032
0.000272778
0.12476
0.125936
0.126798
0.127387
0.127734
0.127864
0.127796
0.127545
0.127124
0.126541
0.125803
0.124917
0.123886
0.122715
0.121407
0.119966
0.118393
0.116693
0.114867
0.112918
0.110848
0.108662
0.106361
0.10395
0.101432
0.0988106
0.0960909
0.0932775
0.0903759
0.0873917
0.0843312
0.0812014
0.0780095
0.0747634
0.0714715
0.0681429
0.0647869
0.0614136
0.0580335
0.0546572
0.0512962
0.0479618
0.0446658
0.0414202
0.0382368
0.0351273
0.032103
0.0291748
0.0263541
0.0236528
0.021081
0.0186477
0.016361
0.0142284
0.0122561
0.0104488
0.00881046
0.00734399
0.00605235
0.00493946
0.00401131
0.00327494
0.00273008
0.0023526
0.00209258
0.00190476
0.00176583
0.00166132
0.00157724
0.00150236
0.00142955
0.00135497
0.00127642
0.00119204
0.0010995
0.000995195
0.000873064
0.000720594
0.000497879
0.000293882
0.131699
0.132802
0.133608
0.13415
0.134455
0.134546
0.134439
0.134149
0.133685
0.133056
0.132269
0.131328
0.130238
0.129003
0.127626
0.12611
0.124457
0.12267
0.120751
0.118704
0.116531
0.114234
0.111817
0.109284
0.106638
0.103883
0.101024
0.0980665
0.0950154
0.0918771
0.088658
0.0853655
0.0820071
0.0785914
0.0751271
0.0716237
0.0680913
0.0645403
0.060982
0.0574276
0.0538892
0.0503789
0.0469091
0.0434925
0.0401416
0.0368688
0.0336862
0.0306055
0.0276384
0.0247975
0.0220935
0.0195358
0.0171331
0.0148932
0.0128224
0.010926
0.00920785
0.00767116
0.00631907
0.00515581
0.00418782
0.00342245
0.00285878
0.00246989
0.00220188
0.00200719
0.00186233
0.00175288
0.00166459
0.00158584
0.00150923
0.00143078
0.00134817
0.00125945
0.00116218
0.00105257
0.000924196
0.000763642
0.000529335
0.000314987
0.138392
0.139424
0.140172
0.140665
0.140927
0.140977
0.14083
0.140499
0.139992
0.139317
0.13848
0.137486
0.136338
0.135041
0.133596
0.132007
0.130276
0.128405
0.126397
0.124255
0.121981
0.119578
0.117049
0.114398
0.111629
0.108746
0.105753
0.102657
0.0994618
0.0961751
0.0928035
0.0893544
0.0858361
0.0822571
0.078627
0.0749556
0.0712535
0.0675318
0.0638021
0.0600766
0.0563678
0.0526885
0.0490518
0.0454709
0.0419593
0.0385299
0.0351955
0.0319685
0.0288611
0.0258866
0.0230561
0.0203796
0.017866
0.0155236
0.013359
0.0113776
0.00958357
0.0079802
0.00657087
0.0053601
0.00435476
0.00356251
0.00298169
0.00258257
0.00230733
0.00210629
0.00195585
0.00184171
0.00174938
0.0016669
0.00158664
0.00150445
0.00141794
0.00132505
0.00122323
0.00110853
0.000974144
0.000805794
0.000560401
0.000336079
0.144844
0.145805
0.146495
0.146938
0.147156
0.147164
0.146976
0.146603
0.146053
0.145332
0.144446
0.143399
0.142194
0.140835
0.139325
0.137665
0.135858
0.133906
0.131812
0.129579
0.127207
0.124702
0.122065
0.119301
0.116413
0.113406
0.110285
0.107054
0.103721
0.100292
0.0967735
0.0931739
0.0895016
0.0857657
0.0819761
0.0781432
0.074278
0.0703923
0.0664981
0.0626082
0.0587357
0.0548941
0.0510972
0.0473588
0.0436929
0.0401133
0.0366334
0.0332663
0.0300248
0.0269224
0.0239708
0.0211807
0.0185614
0.0161212
0.0138672
0.0118049
0.00993873
0.0082721
0.00680859
0.00555304
0.00451272
0.00369555
0.00309912
0.00269085
0.00240908
0.00220216
0.00204648
0.00192789
0.00183169
0.00174563
0.00166185
0.00157606
0.00148577
0.00138888
0.00128269
0.00116308
0.00102292
0.00084706
0.000591079
0.000357145
0.151059
0.151951
0.152583
0.152977
0.153149
0.153114
0.152885
0.152469
0.151875
0.151108
0.150174
0.149074
0.147814
0.146395
0.144821
0.143092
0.141212
0.139182
0.137005
0.134682
0.132218
0.129613
0.126873
0.123999
0.120997
0.117871
0.114625
0.111266
0.1078
0.104234
0.100574
0.0968296
0.0930093
0.0891226
0.0851797
0.0811916
0.0771697
0.0731263
0.0690741
0.0650263
0.0609967
0.0569994
0.0530488
0.0491593
0.0453457
0.0416221
0.0380029
0.0345016
0.0311316
0.0279069
0.0248398
0.0219412
0.0192209
0.0166875
0.0143484
0.0122092
0.0102744
0.00854782
0.00703307
0.00573532
0.00466225
0.00382202
0.00321139
0.00279494
0.00250727
0.00229491
0.0021343
0.00201148
0.00191158
0.00182207
0.0017349
0.00164564
0.00155173
0.00145097
0.00134059
0.00121627
0.00107056
0.000887456
0.00062137
0.000378175
0.157043
0.157868
0.158443
0.158786
0.158912
0.158835
0.158563
0.158105
0.157467
0.156655
0.155672
0.154522
0.153207
0.15173
0.150093
0.148297
0.146346
0.14424
0.141982
0.139575
0.137019
0.13432
0.131479
0.1285
0.125388
0.122147
0.118782
0.115299
0.111705
0.108006
0.104211
0.100327
0.0963648
0.0923331
0.0882429
0.0841057
0.0799333
0.0757385
0.0715345
0.0673353
0.0631549
0.0590083
0.0549102
0.050876
0.0469207
0.0430593
0.0393066
0.0356769
0.0321842
0.0288426
0.0256651
0.022663
0.0198463
0.0172242
0.0148039
0.0125916
0.0105918
0.0088083
0.0072451
0.00590759
0.00480387
0.0039423
0.0033188
0.00289506
0.00260207
0.00238467
0.00221942
0.00209257
0.00198912
0.0018963
0.00180585
0.00171326
0.00161585
0.00151138
0.00139696
0.00126812
0.00111707
0.000926995
0.000651276
0.000399156
0.162801
0.163561
0.164079
0.164372
0.164453
0.164332
0.164018
0.163518
0.162837
0.16198
0.160949
0.159749
0.158381
0.156847
0.155149
0.153289
0.151269
0.149089
0.146754
0.144263
0.141621
0.138829
0.135892
0.132812
0.129594
0.126242
0.122762
0.11916
0.115443
0.111617
0.107691
0.103674
0.0995741
0.095403
0.0911713
0.0868907
0.0825738
0.0782336
0.073884
0.0695393
0.0652144
0.0609245
0.0566852
0.0525122
0.0484212
0.0444278
0.0405475
0.036795
0.0331849
0.0297317
0.0264487
0.0233478
0.0204394
0.0177326
0.0152352
0.0129534
0.0108918
0.00905444
0.00744543
0.0060705
0.0049381
0.0040568
0.00342161
0.0029914
0.0026936
0.00247153
0.00230191
0.00217123
0.00206438
0.00196836
0.00187477
0.00177895
0.00167819
0.00157014
0.00145184
0.00131865
0.00116247
0.000965692
0.0006808
0.000420079
0.168339
0.169035
0.169499
0.169743
0.169778
0.169614
0.169259
0.168716
0.167993
0.167091
0.166014
0.164764
0.163344
0.161755
0.159998
0.158075
0.155988
0.153738
0.151327
0.148757
0.14603
0.14315
0.140119
0.136941
0.133621
0.130163
0.126573
0.122856
0.11902
0.115072
0.11102
0.106874
0.102643
0.0983378
0.0939701
0.0895519
0.0850961
0.0806164
0.076127
0.0716429
0.0671793
0.0627521
0.0583774
0.0540714
0.0498505
0.0457308
0.0417283
0.0378584
0.0341362
0.0305763
0.0271927
0.0239976
0.0210017
0.0182144
0.0156437
0.0132957
0.0111755
0.0092871
0.00763481
0.00622464
0.00506542
0.00416587
0.00352011
0.00308414
0.00278201
0.00255559
0.00238186
0.00224753
0.00213742
0.00203833
0.00194171
0.00184279
0.00173879
0.0016273
0.00150527
0.0013679
0.00120679
0.00100356
0.000709942
0.000440933
0.173663
0.174298
0.174708
0.174903
0.174894
0.174688
0.174291
0.173707
0.172941
0.171996
0.170873
0.169576
0.168105
0.166462
0.164648
0.162664
0.160512
0.158194
0.15571
0.153063
0.150255
0.147289
0.144168
0.140897
0.137478
0.133917
0.13022
0.126393
0.122443
0.118377
0.114204
0.109934
0.105577
0.101143
0.0966447
0.0920943
0.0875053
0.0828916
0.0782681
0.0736502
0.0690536
0.0644948
0.0599903
0.055557
0.0512117
0.0469712
0.0428519
0.0388697
0.0350403
0.0313787
0.0278991
0.0246142
0.021535
0.018671
0.0160304
0.0136197
0.0114439
0.00950711
0.00781392
0.00637057
0.00518626
0.00426986
0.00361453
0.00317346
0.00286741
0.00263697
0.00245935
0.00232154
0.0022083
0.00210627
0.00200672
0.00190481
0.00179769
0.00168289
0.00155728
0.0014159
0.00125005
0.00104062
0.000738703
0.000461708
0.178778
0.179355
0.179712
0.179861
0.179808
0.17956
0.179122
0.178498
0.177691
0.176703
0.175536
0.174192
0.172671
0.170976
0.169107
0.167064
0.164849
0.162464
0.15991
0.157189
0.154303
0.151254
0.148047
0.144684
0.141171
0.137511
0.133711
0.129778
0.125718
0.121539
0.11725
0.112861
0.108382
0.103824
0.0992005
0.0945232
0.0898061
0.0850639
0.0803117
0.0755654
0.0708414
0.0661564
0.0615277
0.0569724
0.0525081
0.048152
0.043921
0.0398316
0.0358998
0.032141
0.0285699
0.0251994
0.0220407
0.0191037
0.0163968
0.0139264
0.0116978
0.00971527
0.00798342
0.00650884
0.00530106
0.00436909
0.00370511
0.00325953
0.00294995
0.00271575
0.00253446
0.00239334
0.0022771
0.00217222
0.00206985
0.00196507
0.00185494
0.00173696
0.0016079
0.00146267
0.00129226
0.00107688
0.000767084
0.000482395
0.183691
0.184212
0.184519
0.184622
0.184527
0.184238
0.18376
0.183096
0.182249
0.181219
0.180009
0.178619
0.177051
0.175305
0.173382
0.171282
0.169007
0.166558
0.163936
0.161143
0.158181
0.155053
0.151762
0.148312
0.144707
0.140952
0.137053
0.133018
0.128852
0.124564
0.120163
0.11566
0.111064
0.106387
0.101643
0.0968434
0.0920035
0.0871379
0.0822623
0.0773929
0.0725466
0.0677408
0.062993
0.058321
0.0537428
0.0492761
0.0449382
0.0407463
0.0367168
0.0328654
0.0292069
0.0257547
0.0225204
0.019514
0.0167439
0.0142169
0.0119383
0.00991231
0.00814393
0.00663994
0.00541022
0.00446386
0.00379207
0.00334251
0.00302973
0.00279203
0.00260727
0.00246298
0.00234387
0.00223625
0.00213117
0.0020236
0.00191059
0.00178955
0.00165718
0.00150824
0.00133345
0.00111236
0.000795085
0.000502983
0.188408
0.188875
0.189134
0.189193
0.189057
0.188728
0.188212
0.187509
0.186622
0.185552
0.1843
0.182866
0.181251
0.179456
0.177481
0.175326
0.172993
0.170481
0.167794
0.164931
0.161896
0.158692
0.15532
0.151786
0.148093
0.144246
0.140253
0.136118
0.13185
0.127458
0.12295
0.118336
0.113628
0.108837
0.103976
0.09906
0.0941021
0.0891181
0.084124
0.0791366
0.0741732
0.0692515
0.0643897
0.059606
0.0549188
0.0503463
0.0459063
0.0416165
0.0374936
0.0335537
0.0298119
0.0262819
0.0229756
0.0199031
0.017073
0.0144922
0.012166
0.010099
0.00829605
0.00676436
0.0055141
0.00455444
0.00387561
0.00342255
0.00310686
0.00286589
0.00267785
0.00253054
0.00240866
0.00229841
0.00219071
0.00208047
0.00196467
0.00184069
0.00170513
0.00155264
0.00137364
0.00114707
0.000822706
0.000523463
0.192935
0.193351
0.193564
0.19358
0.193404
0.193037
0.192483
0.191743
0.190817
0.189708
0.188415
0.186939
0.185279
0.183437
0.181411
0.179203
0.176813
0.174242
0.171491
0.168562
0.165457
0.162178
0.158729
0.155113
0.151335
0.147401
0.143315
0.139086
0.13472
0.130227
0.125615
0.120895
0.116079
0.111178
0.106207
0.101178
0.0961065
0.0910088
0.0859012
0.0808006
0.0757249
0.0706922
0.0657211
0.0608305
0.0560389
0.0513653
0.0468277
0.0424443
0.0382322
0.0342079
0.0303867
0.0267826
0.0234077
0.0202722
0.0173851
0.0147532
0.0123819
0.0102759
0.00844031
0.00688252
0.00561304
0.00464111
0.00395593
0.00349977
0.00318146
0.00293743
0.00274627
0.00259608
0.00247154
0.00235875
0.00224852
0.00213571
0.00201723
0.00189041
0.00175179
0.00159589
0.00141285
0.00118102
0.000849945
0.000543825
0.197278
0.197645
0.197814
0.19779
0.197575
0.197171
0.196581
0.195804
0.194842
0.193695
0.192363
0.190845
0.189142
0.187254
0.18518
0.18292
0.180476
0.177847
0.175035
0.172042
0.168869
0.165518
0.161994
0.1583
0.154441
0.150421
0.146247
0.141926
0.137466
0.132876
0.128164
0.123343
0.118423
0.113417
0.108338
0.103201
0.0980212
0.0928144
0.0875977
0.0823886
0.0772052
0.0720662
0.0669906
0.0619975
0.0571062
0.0523357
0.0477049
0.0432321
0.0389349
0.03483
0.030933
0.0272582
0.0238179
0.0206226
0.0176812
0.0150007
0.0125866
0.0104437
0.00857723
0.00699486
0.00570738
0.00472409
0.00403319
0.00357432
0.00325361
0.00300671
0.00281259
0.00265964
0.00253255
0.00241731
0.00230466
0.00218937
0.00206831
0.00193876
0.0017972
0.00163801
0.0014511
0.00121423
0.000876802
0.00056406
0.201441
0.201763
0.20189
0.201827
0.201576
0.201137
0.200511
0.1997
0.198703
0.197519
0.196149
0.194592
0.192847
0.190914
0.188793
0.186484
0.183987
0.181303
0.178432
0.175377
0.172138
0.168719
0.165123
0.161353
0.157415
0.153313
0.149055
0.144646
0.140095
0.135411
0.130604
0.125685
0.120665
0.115557
0.110375
0.105135
0.0998504
0.094539
0.0892177
0.0839044
0.0786179
0.073377
0.0682011
0.06311
0.0581232
0.0532602
0.0485402
0.0439819
0.0396034
0.0354216
0.0314524
0.0277102
0.0242077
0.0209553
0.0179623
0.0152356
0.0127808
0.0106029
0.0087073
0.00710174
0.0057974
0.00480362
0.00410757
0.00364631
0.00332342
0.00307383
0.00287689
0.0027213
0.00259176
0.00247416
0.00235917
0.00224148
0.00211794
0.00198577
0.00184138
0.00167904
0.0014884
0.00124671
0.000903275
0.000584157
0.205432
0.20571
0.205799
0.205699
0.205413
0.20494
0.204281
0.203436
0.202405
0.201186
0.19978
0.198184
0.196399
0.194424
0.192258
0.189902
0.187354
0.184616
0.181689
0.178573
0.175272
0.171786
0.168121
0.164278
0.160264
0.156084
0.151743
0.147249
0.142611
0.137838
0.132938
0.127925
0.122809
0.117604
0.112323
0.106983
0.101598
0.0961863
0.0907647
0.0853516
0.0799661
0.0746276
0.0693558
0.0641708
0.0590925
0.054141
0.0493358
0.0446959
0.0402396
0.0359844
0.0319463
0.0281399
0.024578
0.0212714
0.0182292
0.0154586
0.0129653
0.0107542
0.00883095
0.00720353
0.00588339
0.0048799
0.00417921
0.00371586
0.00339097
0.00313884
0.00293922
0.0027811
0.0026492
0.00252933
0.00241208
0.00229209
0.00216615
0.00203146
0.00188435
0.00171899
0.00152477
0.00127847
0.000929362
0.000604107
0.209256
0.209494
0.209545
0.209411
0.209091
0.208586
0.207896
0.207019
0.205955
0.204703
0.203262
0.20163
0.199806
0.19779
0.195581
0.193178
0.190582
0.187793
0.184811
0.181638
0.178275
0.174726
0.170993
0.167081
0.162994
0.158737
0.154318
0.149743
0.14502
0.14016
0.135172
0.130068
0.12486
0.119561
0.114186
0.10875
0.103269
0.0977603
0.0922424
0.0867336
0.0812532
0.0758211
0.0704574
0.0651825
0.0600168
0.0549806
0.0500938
0.0453759
0.0408454
0.0365201
0.0324163
0.0285487
0.0249302
0.0215719
0.018483
0.0156706
0.0131407
0.0108981
0.00894862
0.00730055
0.0059656
0.00495312
0.00424825
0.00378307
0.00345635
0.00320181
0.00299964
0.0028391
0.00270492
0.00258287
0.00246344
0.00234123
0.00221299
0.00207587
0.00192615
0.00175788
0.00156023
0.00130951
0.00095506
0.000623899
0.212918
0.213118
0.213135
0.212968
0.212617
0.212082
0.211361
0.210454
0.20936
0.208075
0.2066
0.204933
0.203073
0.201018
0.198767
0.19632
0.193677
0.190838
0.187804
0.184575
0.181155
0.177544
0.173747
0.169767
0.16561
0.16128
0.156784
0.152131
0.147328
0.142384
0.137311
0.132119
0.126822
0.121433
0.115967
0.110439
0.104866
0.0992646
0.0936543
0.0880536
0.0824823
0.0769605
0.0715087
0.0661477
0.0608983
0.0557811
0.0508164
0.0460238
0.0414225
0.0370302
0.0328636
0.0289376
0.0252653
0.0218577
0.0187243
0.0158722
0.0133074
0.011035
0.00906068
0.00739312
0.00604426
0.00502346
0.00431482
0.00384804
0.00351962
0.00326281
0.00305821
0.00289534
0.00275897
0.00263481
0.00251328
0.00238893
0.00225848
0.00211902
0.0019668
0.00179574
0.00159479
0.00133986
0.000980366
0.000643524
0.216423
0.216588
0.216573
0.216375
0.215995
0.215432
0.214683
0.213747
0.212623
0.211309
0.209802
0.208101
0.206205
0.204113
0.201822
0.199333
0.196645
0.193759
0.190674
0.187392
0.183915
0.180245
0.176386
0.172341
0.168116
0.163716
0.159147
0.154418
0.149537
0.144514
0.139358
0.134083
0.128701
0.123225
0.117671
0.112055
0.106392
0.100703
0.0950036
0.0893148
0.0836563
0.0780485
0.0725123
0.0670689
0.0617393
0.0565446
0.0515053
0.0466415
0.0419724
0.0375161
0.0332896
0.0293079
0.0255842
0.0221297
0.0189539
0.0160641
0.0134661
0.0111653
0.0091675
0.00748152
0.0061196
0.00509108
0.00437905
0.00391085
0.00358087
0.00332191
0.00311497
0.00294986
0.0028114
0.00268521
0.00256165
0.00243524
0.00230265
0.00216095
0.00200632
0.00183258
0.00162848
0.00136952
0.00100528
0.000662971
0.219777
0.21991
0.219864
0.219639
0.219232
0.218641
0.217866
0.216903
0.215751
0.214408
0.212871
0.211139
0.209209
0.20708
0.204752
0.202222
0.199491
0.196559
0.193426
0.190093
0.186562
0.182835
0.178916
0.174809
0.170519
0.166051
0.161412
0.15661
0.151654
0.146553
0.141319
0.135963
0.130499
0.12494
0.119302
0.1136
0.107853
0.102078
0.0962935
0.0905201
0.084778
0.0790877
0.0734707
0.0679483
0.062542
0.0572731
0.0521624
0.0472304
0.0424966
0.0379793
0.0336955
0.0296606
0.0258879
0.0223887
0.0191725
0.0162467
0.0136173
0.0112895
0.0092694
0.00756601
0.00619181
0.00515613
0.00444103
0.00397159
0.00364016
0.00337915
0.00316998
0.00300273
0.00286224
0.00273409
0.00260858
0.00248019
0.00234554
0.00220169
0.00204473
0.00186842
0.0016613
0.0013985
0.00102979
0.000682231
0.222985
0.223088
0.223015
0.222763
0.222331
0.221716
0.220915
0.219927
0.218749
0.217379
0.215813
0.214051
0.212089
0.209926
0.207561
0.204993
0.202221
0.199245
0.196065
0.192683
0.1891
0.185318
0.181342
0.177175
0.172822
0.168288
0.163582
0.15871
0.153682
0.148507
0.143197
0.137764
0.13222
0.126581
0.120862
0.115079
0.10925
0.103393
0.0975268
0.0916724
0.08585
0.0800808
0.0743863
0.0687882
0.0633084
0.0579684
0.0527895
0.0477923
0.0429965
0.0384208
0.0340824
0.0299968
0.0261773
0.0226355
0.0193808
0.0164208
0.0137614
0.0114079
0.00936671
0.00764684
0.00626109
0.00521875
0.00450088
0.00403034
0.00369755
0.00343459
0.00322328
0.00305396
0.00291152
0.00278149
0.0026541
0.0025238
0.00238718
0.00224124
0.00208207
0.00190329
0.00169326
0.0014268
0.0010539
0.000701292
0.226051
0.226128
0.226029
0.225753
0.225298
0.224659
0.223836
0.222824
0.221622
0.220226
0.218633
0.216842
0.21485
0.212655
0.210255
0.20765
0.204838
0.20182
0.198596
0.195166
0.191533
0.187699
0.183668
0.179443
0.17503
0.170434
0.165662
0.160723
0.155625
0.150379
0.144996
0.139488
0.133869
0.128153
0.122356
0.116494
0.110587
0.104651
0.0987065
0.0927743
0.0868749
0.0810299
0.0752611
0.0695906
0.0640404
0.0586324
0.0533881
0.0483285
0.0434736
0.0388421
0.0344515
0.0303174
0.0264533
0.0228708
0.0195795
0.0165868
0.0138989
0.011521
0.00945969
0.00772422
0.00632759
0.00527905
0.00455868
0.00408718
0.00375311
0.00348828
0.00327492
0.00310362
0.0029593
0.00282744
0.00269825
0.0025661
0.00242758
0.00227965
0.00211834
0.00193719
0.00172439
0.00145443
0.0010776
0.000720144
0.228981
0.229033
0.228912
0.228614
0.228137
0.227477
0.226633
0.225599
0.224374
0.222954
0.221336
0.219518
0.217497
0.215271
0.212838
0.210198
0.207348
0.20429
0.201023
0.197548
0.193867
0.189983
0.185899
0.181618
0.177147
0.17249
0.167656
0.162652
0.157488
0.152173
0.14672
0.14114
0.135448
0.129658
0.123786
0.11785
0.111866
0.105855
0.0998352
0.0938282
0.0878551
0.0819374
0.0760974
0.0703574
0.0647397
0.0592666
0.0539598
0.0488405
0.043929
0.0392442
0.0348037
0.0306232
0.0267166
0.0230953
0.0197689
0.0167452
0.0140301
0.011629
0.00954861
0.00779836
0.00639148
0.00533717
0.00461453
0.00414216
0.00380689
0.00354027
0.00332494
0.00315172
0.00300559
0.00287198
0.00274105
0.00260713
0.00246678
0.00231693
0.00215357
0.00197015
0.00175468
0.00148141
0.00110089
0.000738777
0.231779
0.231809
0.231667
0.231349
0.230853
0.230174
0.22931
0.228256
0.22701
0.225567
0.223926
0.222082
0.220034
0.217779
0.215315
0.212641
0.209756
0.206659
0.203351
0.199833
0.196106
0.192173
0.188038
0.183704
0.179177
0.174462
0.169568
0.164502
0.159273
0.153893
0.148372
0.142723
0.136961
0.1311
0.125156
0.119147
0.113091
0.107007
0.100915
0.0948367
0.0887927
0.0828053
0.076897
0.0710905
0.0654082
0.0598727
0.0545061
0.0493296
0.0443639
0.0396281
0.0351399
0.0309152
0.0269679
0.0233095
0.0199498
0.0168964
0.0141554
0.0117323
0.00963372
0.00786945
0.00645289
0.00539319
0.00466849
0.00419534
0.00385894
0.0035906
0.00337337
0.00319832
0.00305045
0.00291515
0.00278253
0.00264691
0.00250479
0.00235311
0.00218777
0.00200218
0.00178416
0.00150773
0.00112376
0.000757179
0.23445
0.23446
0.234299
0.233964
0.23345
0.232754
0.231872
0.230799
0.229534
0.228071
0.226407
0.22454
0.222466
0.220183
0.21769
0.214984
0.212064
0.208931
0.205584
0.202024
0.198253
0.194274
0.19009
0.185704
0.181124
0.176354
0.171401
0.166275
0.160985
0.155541
0.149955
0.14424
0.13841
0.132481
0.126468
0.12039
0.114264
0.10811
0.101949
0.0958019
0.0896899
0.0836357
0.0776619
0.0717915
0.0660474
0.0604521
0.0550281
0.049797
0.0447794
0.0399948
0.035461
0.0311941
0.0272079
0.0235142
0.0201226
0.0170409
0.0142752
0.0118311
0.00971524
0.00793766
0.00651196
0.00544723
0.00472064
0.0042468
0.00390931
0.00363932
0.00342027
0.00324344
0.00309388
0.00295696
0.00282273
0.00268546
0.00254166
0.0023882
0.00222097
0.0020333
0.00181284
0.00153341
0.00114621
0.000775341
0.236997
0.23699
0.236813
0.236462
0.235932
0.235221
0.234322
0.233233
0.23195
0.230468
0.228784
0.226894
0.224797
0.222488
0.219966
0.21723
0.214278
0.211109
0.207725
0.204125
0.200312
0.196289
0.192058
0.187623
0.182991
0.178167
0.173159
0.167976
0.162626
0.157121
0.151473
0.145694
0.139799
0.133804
0.127725
0.12158
0.115387
0.109167
0.102939
0.0967258
0.0905486
0.0844303
0.0783938
0.0724622
0.0666587
0.0610062
0.0555273
0.0502437
0.0451766
0.0403453
0.0357679
0.0314606
0.0274372
0.0237098
0.0202878
0.0171791
0.0143898
0.0119256
0.00979336
0.00800315
0.00656882
0.00549937
0.00477105
0.00429657
0.00395804
0.00368646
0.00346565
0.00328712
0.00313594
0.00299745
0.00286166
0.00272281
0.00257738
0.00242222
0.00225319
0.00206351
0.00184072
0.00155843
0.00116822
0.00079325
0.239426
0.239403
0.239212
0.238847
0.238304
0.237578
0.236666
0.235562
0.234262
0.232763
0.23106
0.22915
0.22703
0.224696
0.222148
0.219383
0.2164
0.213198
0.209778
0.206141
0.202288
0.198221
0.193945
0.189463
0.184782
0.179907
0.174845
0.169606
0.1642
0.158636
0.152928
0.147088
0.141131
0.135073
0.12893
0.122721
0.116464
0.110179
0.103887
0.0976104
0.0913707
0.0851909
0.0790942
0.0731039
0.0672436
0.0615362
0.0560047
0.050671
0.0455563
0.0406804
0.0360613
0.0317153
0.0276565
0.0238967
0.0204457
0.0173113
0.0144995
0.0120162
0.00986829
0.00806607
0.00662355
0.00554969
0.00481978
0.00434472
0.00400518
0.00373206
0.00350956
0.00332938
0.00317664
0.00303664
0.00289935
0.00275899
0.00261199
0.0024552
0.00228443
0.00209283
0.00186782
0.00158282
0.00118981
0.000810897
0.24174
0.241704
0.2415
0.241124
0.240569
0.239831
0.238906
0.237789
0.236475
0.234959
0.233239
0.23131
0.229169
0.226813
0.224239
0.221447
0.218434
0.215201
0.211747
0.208074
0.204182
0.200074
0.195755
0.191228
0.186499
0.181575
0.176462
0.17117
0.165708
0.160089
0.154322
0.148424
0.142407
0.136288
0.130084
0.123813
0.117495
0.111148
0.104795
0.0984575
0.0921578
0.085919
0.0797646
0.0737182
0.0678033
0.0620434
0.0564614
0.0510797
0.0459196
0.0410009
0.0363419
0.031959
0.0278662
0.0240756
0.0205969
0.0174378
0.0146046
0.012103
0.00994019
0.00812654
0.00667628
0.00559826
0.00486689
0.00439127
0.00405077
0.00377616
0.00355202
0.00337026
0.00321602
0.00307456
0.00293583
0.002794
0.00264551
0.00248715
0.00231471
0.00212128
0.00189414
0.00160658
0.00121095
0.000828269
0.243943
0.243896
0.243682
0.243296
0.242731
0.241983
0.241047
0.239918
0.238591
0.237061
0.235325
0.233378
0.231217
0.22884
0.226243
0.223425
0.220385
0.217121
0.213635
0.209927
0.205998
0.201852
0.197491
0.192921
0.188146
0.183174
0.178012
0.172669
0.167155
0.161481
0.15566
0.149705
0.14363
0.137453
0.131191
0.12486
0.118482
0.112077
0.105665
0.0992689
0.0929116
0.0866163
0.0804065
0.0743062
0.0683391
0.0625288
0.0568985
0.0514708
0.0462671
0.0413075
0.0366104
0.0321921
0.0280669
0.0242468
0.0207415
0.0175589
0.0147052
0.0121863
0.0100092
0.0081847
0.00672709
0.00564515
0.00491241
0.00443628
0.00409484
0.00381879
0.00359307
0.00340978
0.00325409
0.00311123
0.00297112
0.00282789
0.00267795
0.00251809
0.00234405
0.00214887
0.00191969
0.0016297
0.00123165
0.000845356
0.24604
0.245984
0.245761
0.245366
0.244794
0.244037
0.243092
0.241952
0.240614
0.239071
0.23732
0.235358
0.233179
0.230781
0.228163
0.225321
0.222254
0.218962
0.215445
0.211704
0.20774
0.203556
0.199156
0.194544
0.189726
0.184708
0.179499
0.174107
0.168542
0.162817
0.156942
0.150932
0.144803
0.13857
0.132251
0.125864
0.119429
0.112966
0.106498
0.100046
0.0936336
0.087284
0.0810212
0.0748693
0.0688521
0.0629935
0.057317
0.0518452
0.0465998
0.041601
0.0368673
0.0324152
0.028259
0.0244107
0.0208801
0.017675
0.0148017
0.0122662
0.0100755
0.00824064
0.00677605
0.00569042
0.00495642
0.00447979
0.00413742
0.00385998
0.00363274
0.00344797
0.00329089
0.00314668
0.00300523
0.00286065
0.00270933
0.00254803
0.00237246
0.0021756
0.00194449
0.00165219
0.00125189
0.000862146
0.248033
0.24797
0.247741
0.24734
0.246761
0.245997
0.245044
0.243896
0.242547
0.240993
0.239229
0.237252
0.235056
0.23264
0.230001
0.227136
0.224045
0.220726
0.217179
0.213407
0.209409
0.20519
0.200752
0.1961
0.19124
0.186179
0.180925
0.175486
0.169873
0.164097
0.158171
0.152109
0.145927
0.13964
0.133267
0.126825
0.120336
0.113819
0.107296
0.100791
0.0943251
0.0879235
0.0816098
0.0754084
0.0693433
0.0634385
0.0577176
0.0522035
0.0469182
0.0418819
0.0371133
0.0326288
0.0284429
0.0245676
0.0210128
0.0177862
0.0148943
0.0123428
0.0101392
0.00829448
0.00682326
0.00573413
0.00499893
0.00452182
0.00417856
0.00389977
0.00367105
0.00348486
0.00332643
0.00318093
0.0030382
0.00289233
0.00273968
0.00257699
0.00239996
0.00220149
0.00196853
0.00167406
0.00127167
0.000878628
0.249927
0.249859
0.249625
0.249219
0.248635
0.247866
0.246907
0.245751
0.244394
0.24283
0.241054
0.239063
0.236853
0.234419
0.231761
0.228875
0.22576
0.222415
0.218841
0.215039
0.211009
0.206756
0.202282
0.197592
0.192692
0.187589
0.182291
0.176807
0.171147
0.165324
0.159349
0.153238
0.147004
0.140666
0.134241
0.127747
0.121205
0.114635
0.108061
0.101504
0.0949874
0.088536
0.0821736
0.0759247
0.0698137
0.0638646
0.0581012
0.0525467
0.0472231
0.0421509
0.0373488
0.0328333
0.028619
0.024718
0.02114
0.0178929
0.0149831
0.0124164
0.0102005
0.00834631
0.00686877
0.00577633
0.00504
0.00456242
0.00421827
0.00393817
0.00370803
0.00352047
0.00336074
0.003214
0.00307003
0.00292292
0.00276899
0.00260499
0.00242655
0.00222654
0.00199182
0.0016953
0.00129099
0.000894791
0.251725
0.251653
0.251416
0.251008
0.25042
0.249647
0.248683
0.247521
0.246157
0.244584
0.242798
0.240795
0.238571
0.236122
0.233445
0.230539
0.227402
0.224033
0.220433
0.216602
0.212542
0.208256
0.203748
0.199022
0.194084
0.188941
0.183601
0.178074
0.172369
0.1665
0.160478
0.154319
0.148037
0.141649
0.135173
0.12863
0.122037
0.115418
0.108793
0.102187
0.0956218
0.0891226
0.0827135
0.0764191
0.0702641
0.0642727
0.0584685
0.0528753
0.0475151
0.0424085
0.0375743
0.0330292
0.0287878
0.024862
0.0212619
0.0179952
0.0150683
0.0124871
0.0102594
0.00839621
0.00691265
0.00581706
0.00507966
0.00460161
0.00425659
0.00397521
0.00374369
0.00355481
0.00339384
0.0032459
0.00310075
0.00295245
0.0027973
0.00263203
0.00245225
0.00225078
0.00201438
0.00171591
0.00130983
0.000910623
0.253431
0.253357
0.253119
0.252708
0.252119
0.251343
0.250375
0.249209
0.247839
0.246259
0.244464
0.24245
0.240213
0.237749
0.235056
0.232132
0.228974
0.225582
0.221957
0.218099
0.214011
0.209694
0.205152
0.200391
0.195417
0.190235
0.184856
0.179287
0.17354
0.167627
0.16156
0.155354
0.149026
0.14259
0.136067
0.129475
0.122835
0.116167
0.109495
0.102841
0.0962294
0.0896843
0.0832305
0.0768926
0.0706954
0.0646634
0.0588203
0.0531899
0.0477947
0.0426552
0.0377903
0.0332169
0.0289495
0.0250001
0.0213788
0.0180933
0.01515
0.0125551
0.010316
0.00844425
0.00695496
0.00585637
0.00511793
0.00463943
0.00429355
0.00401093
0.00377808
0.00358792
0.00342575
0.00327666
0.00313038
0.00298093
0.00282461
0.00265813
0.00247706
0.00227419
0.0020362
0.00173591
0.00132819
0.000926114
0.255048
0.254974
0.254735
0.254324
0.253734
0.252958
0.251988
0.250818
0.249443
0.247857
0.246054
0.244031
0.241782
0.239305
0.236597
0.233655
0.230478
0.227065
0.223416
0.219533
0.215416
0.21107
0.206497
0.201703
0.196693
0.191475
0.186058
0.180449
0.174662
0.168706
0.162596
0.156346
0.149973
0.143492
0.136923
0.130285
0.123598
0.116885
0.110167
0.103467
0.0968112
0.0902222
0.0837255
0.0773459
0.0711084
0.0650375
0.0591572
0.0534913
0.0480624
0.0428914
0.0379972
0.0333967
0.0291044
0.0251325
0.0214908
0.0181874
0.0152285
0.0126203
0.0103705
0.00849052
0.00699574
0.00589429
0.00515486
0.00467589
0.00432916
0.00404533
0.00381119
0.00361981
0.00345649
0.00330629
0.00315892
0.00300838
0.00285095
0.0026833
0.00250101
0.0022968
0.00205729
0.00175528
0.00134606
0.000941252
0.256579
0.256506
0.256269
0.255859
0.255269
0.254493
0.253522
0.25235
0.250972
0.24938
0.247571
0.245539
0.24328
0.240791
0.238069
0.235111
0.231915
0.228482
0.224811
0.220904
0.216761
0.212387
0.207784
0.202958
0.197915
0.192663
0.187208
0.181562
0.175735
0.169739
0.163588
0.157296
0.15088
0.144356
0.137743
0.13106
0.124329
0.117572
0.11081
0.104067
0.0973681
0.0907371
0.0841994
0.0777799
0.0715038
0.0653957
0.0594798
0.0537798
0.0483188
0.0431177
0.0381954
0.0335689
0.0292528
0.0252593
0.0215983
0.0182777
0.0153039
0.012683
0.0104228
0.00853506
0.00703505
0.00593087
0.00519047
0.00471102
0.00436346
0.00407845
0.00384307
0.0036505
0.00348607
0.00333482
0.00318641
0.00303481
0.00287631
0.00270755
0.00252409
0.00231862
0.00207766
0.00177403
0.00136344
0.000956025
0.258028
0.257957
0.257722
0.257315
0.256727
0.255951
0.254981
0.253808
0.252427
0.250832
0.249017
0.246978
0.24471
0.24221
0.239474
0.236501
0.233289
0.229837
0.226145
0.222215
0.218048
0.213646
0.209015
0.204159
0.199085
0.193799
0.188309
0.182627
0.176763
0.170728
0.164538
0.158205
0.151748
0.145182
0.138527
0.131802
0.125029
0.118229
0.111425
0.104641
0.097901
0.0912299
0.0846529
0.0781952
0.0718821
0.0657385
0.0597885
0.0540559
0.0485642
0.0433343
0.0383852
0.0337339
0.029395
0.0253809
0.0217014
0.0183643
0.0153762
0.0127433
0.0104732
0.00857794
0.00707293
0.00596612
0.00522478
0.00474484
0.00439646
0.00411031
0.00387371
0.00368001
0.00351451
0.00336225
0.00321284
0.00306024
0.00290072
0.0027309
0.00254632
0.00233964
0.00209732
0.00179216
0.00138031
0.000970423
0.259397
0.25933
0.259098
0.258695
0.25811
0.257336
0.256367
0.255194
0.253812
0.252214
0.250395
0.248349
0.246073
0.243563
0.240816
0.237829
0.234601
0.231131
0.22742
0.223468
0.219277
0.21485
0.210192
0.205308
0.200203
0.194885
0.189362
0.183646
0.177745
0.171674
0.165446
0.159075
0.152578
0.145972
0.139277
0.132512
0.125698
0.118858
0.112014
0.10519
0.0984108
0.0917013
0.0850867
0.0785925
0.0722441
0.0660665
0.060084
0.0543203
0.0487991
0.0435416
0.0385668
0.0338918
0.0295313
0.0254974
0.0218002
0.0184475
0.0154457
0.0128011
0.0105217
0.00861921
0.00710941
0.00600008
0.00525781
0.00477738
0.00442817
0.00414091
0.00390316
0.00370835
0.00354184
0.0033886
0.00323824
0.00308468
0.00292418
0.00275335
0.00256771
0.00235987
0.00211626
0.00180967
0.00139667
0.000984435
0.26069
0.260627
0.2604
0.260001
0.25942
0.25865
0.257683
0.256511
0.255128
0.253528
0.251706
0.249655
0.247372
0.244853
0.242095
0.239095
0.235852
0.232366
0.228636
0.224664
0.220451
0.216
0.211317
0.206405
0.201271
0.195923
0.190369
0.184619
0.178684
0.172578
0.166313
0.159906
0.153371
0.146728
0.139994
0.133191
0.126338
0.119459
0.112577
0.105715
0.0988982
0.0921519
0.0855015
0.0789725
0.0725903
0.0663802
0.0603665
0.0545731
0.0490239
0.04374
0.0387407
0.0340431
0.0296618
0.0256091
0.0218949
0.0185272
0.0155124
0.0128567
0.0105682
0.00865893
0.00714453
0.00603277
0.00528959
0.00480865
0.00445864
0.00417029
0.00393141
0.00373555
0.00356806
0.00341389
0.00326261
0.00310814
0.00294671
0.00277492
0.00258827
0.00237933
0.00213449
0.00182656
0.00141252
0.00099805
0.261909
0.261851
0.26163
0.261236
0.26066
0.259894
0.25893
0.25776
0.256378
0.254778
0.252952
0.250897
0.248608
0.246081
0.243313
0.240302
0.237045
0.233543
0.229796
0.225805
0.221571
0.217098
0.21239
0.207452
0.202291
0.196913
0.191329
0.185548
0.179581
0.173441
0.167142
0.160699
0.154129
0.147449
0.140679
0.133839
0.126949
0.120033
0.113114
0.106216
0.0993639
0.0925826
0.0858979
0.0793356
0.0729212
0.06668
0.0606367
0.054815
0.0492389
0.0439298
0.0389071
0.0341878
0.0297867
0.025716
0.0219856
0.0186036
0.0155763
0.0129101
0.010613
0.00869712
0.00717832
0.00606422
0.00532013
0.00483868
0.00448785
0.00419845
0.00395849
0.00376161
0.00359318
0.00343812
0.00328598
0.00313063
0.00296831
0.00279561
0.00260799
0.00239801
0.00215201
0.00184283
0.00142784
0.00101126
0.263057
0.263006
0.262791
0.262403
0.261833
0.261072
0.260112
0.258945
0.257564
0.255963
0.254136
0.252078
0.249783
0.247249
0.244472
0.24145
0.238181
0.234665
0.230901
0.226892
0.222638
0.218144
0.213413
0.20845
0.203263
0.197859
0.192246
0.186435
0.180437
0.174265
0.167933
0.161457
0.154852
0.148138
0.141333
0.134457
0.127533
0.120582
0.113628
0.106695
0.0998085
0.0929938
0.0862764
0.0796823
0.0732372
0.0669665
0.0608948
0.0550461
0.0494443
0.0441113
0.0390662
0.0343263
0.0299062
0.0258183
0.0220726
0.0186769
0.0156377
0.0129614
0.010656
0.00873384
0.00721081
0.00609444
0.00534946
0.00486747
0.00451585
0.00422542
0.00398441
0.00378656
0.00361723
0.00346132
0.00330834
0.00315217
0.002989
0.00281543
0.00262689
0.00241593
0.00216883
0.00185848
0.00144263
0.00102404
0.264137
0.264093
0.263885
0.263504
0.26294
0.262185
0.261229
0.260066
0.258687
0.257087
0.255259
0.253198
0.250899
0.248359
0.245574
0.242542
0.239262
0.235732
0.231953
0.227927
0.223655
0.21914
0.214387
0.209402
0.20419
0.198759
0.193119
0.18728
0.181252
0.17505
0.168687
0.162179
0.155542
0.148795
0.141956
0.135047
0.128089
0.121104
0.114117
0.107152
0.100233
0.093386
0.0866376
0.0800133
0.0735389
0.0672399
0.0611413
0.0552668
0.0496406
0.0442847
0.0392183
0.0344587
0.0300206
0.0259163
0.0221558
0.0187471
0.0156965
0.0130105
0.0106973
0.00876911
0.00724203
0.00612346
0.00537758
0.00489504
0.00454263
0.00425121
0.00400918
0.0038104
0.00364021
0.00348349
0.00332972
0.00317276
0.00300879
0.00283438
0.00264498
0.00243308
0.00218495
0.0018735
0.00145688
0.0010364
0.265152
0.265115
0.264915
0.264541
0.263985
0.263236
0.262285
0.261126
0.25975
0.258151
0.256323
0.25426
0.251958
0.249412
0.24662
0.243579
0.240288
0.236746
0.232953
0.228911
0.224621
0.220088
0.215314
0.210307
0.205071
0.199616
0.19395
0.188084
0.182029
0.175798
0.169405
0.162866
0.156198
0.14942
0.14255
0.135609
0.128619
0.121602
0.114583
0.107587
0.100637
0.0937599
0.0869819
0.0803287
0.0738265
0.0675007
0.0613763
0.0554774
0.0498279
0.0444502
0.0393635
0.0345852
0.0301299
0.02601
0.0222355
0.0188143
0.0157529
0.0130577
0.0107369
0.00880298
0.007272
0.0061513
0.00540451
0.00492141
0.00456822
0.00427583
0.00403283
0.00383315
0.00366214
0.00350465
0.00335013
0.00319241
0.00302768
0.00285249
0.00266226
0.00244948
0.00220037
0.0018879
0.00147059
0.00104832
0.266103
0.266074
0.265883
0.265517
0.264968
0.264226
0.263281
0.262127
0.260754
0.259157
0.257329
0.255265
0.25296
0.25041
0.247611
0.244563
0.241262
0.237708
0.233902
0.229845
0.225539
0.220988
0.216195
0.211166
0.205909
0.200431
0.19474
0.188848
0.182767
0.176508
0.170087
0.16352
0.156823
0.150014
0.143114
0.136143
0.129123
0.122076
0.115027
0.108001
0.101022
0.0941159
0.0873097
0.0806292
0.0741005
0.0677492
0.0616004
0.0556781
0.0500065
0.0446081
0.0395021
0.0347059
0.0302342
0.0260995
0.0223116
0.0188786
0.0158069
0.0131029
0.0107749
0.00883546
0.00730074
0.00617796
0.00543026
0.00494658
0.00459263
0.0042993
0.00405536
0.00385482
0.00368303
0.0035248
0.00336956
0.00321114
0.00304568
0.00286974
0.00267874
0.00246513
0.0022151
0.00190168
0.00148374
0.00105979
0.266994
0.266973
0.26679
0.266433
0.265892
0.265157
0.264219
0.26307
0.261701
0.260107
0.25828
0.256215
0.253908
0.251354
0.24855
0.245493
0.242184
0.238619
0.234801
0.23073
0.226409
0.221841
0.21703
0.211982
0.206704
0.201203
0.19549
0.189574
0.183467
0.177183
0.170735
0.164141
0.157416
0.150579
0.143651
0.136651
0.129602
0.122526
0.115449
0.108394
0.101387
0.0944543
0.0876214
0.080915
0.0743611
0.0679856
0.0618136
0.0558693
0.0501767
0.0447585
0.0396342
0.034821
0.0303338
0.026185
0.0223844
0.0189401
0.0158585
0.0131461
0.0108113
0.00886659
0.00732826
0.00620346
0.00545485
0.00497058
0.00461586
0.00432162
0.00407678
0.00387542
0.00370288
0.00354395
0.00338804
0.00322894
0.0030628
0.00288616
0.00269443
0.00248002
0.00222913
0.00191483
0.00149634
0.0010708
0.267826
0.267814
0.26764
0.267292
0.266759
0.266031
0.2651
0.263957
0.262592
0.261001
0.259176
0.257111
0.254802
0.252245
0.249436
0.246373
0.243055
0.239481
0.235652
0.231568
0.227232
0.222648
0.21782
0.212754
0.207456
0.201935
0.1962
0.190261
0.184131
0.177822
0.171349
0.164729
0.157978
0.151115
0.144159
0.137132
0.130056
0.122954
0.115849
0.108768
0.101734
0.0947755
0.0879174
0.0811864
0.0746087
0.0682103
0.0620164
0.0560511
0.0503385
0.0449017
0.03976
0.0349307
0.0304288
0.0262665
0.0224539
0.0189988
0.0159079
0.0131875
0.0108461
0.00889639
0.0073546
0.00622782
0.00547828
0.0049934
0.00463794
0.00434282
0.00409711
0.00389496
0.00372171
0.00356213
0.00340557
0.00324583
0.00307904
0.00290175
0.00270932
0.00249417
0.00224247
0.00192735
0.00150836
0.00108135
0.268602
0.268599
0.268434
0.268095
0.26757
0.266851
0.265927
0.264789
0.26343
0.261842
0.260018
0.257954
0.255644
0.253084
0.250271
0.247202
0.243877
0.240294
0.236454
0.232359
0.22801
0.223411
0.218567
0.213484
0.208168
0.202627
0.196871
0.190911
0.184758
0.178426
0.17193
0.165285
0.15851
0.151621
0.14464
0.137588
0.130486
0.123358
0.116228
0.109121
0.102063
0.09508
0.088198
0.0814437
0.0748436
0.0684235
0.0622088
0.0562238
0.0504923
0.0450377
0.0398796
0.0350351
0.0305192
0.0263442
0.0225201
0.0190549
0.015955
0.0132271
0.0108794
0.00892488
0.00737975
0.00625105
0.00550057
0.00501507
0.00465887
0.00436289
0.00411636
0.00391345
0.00373953
0.00357932
0.00342216
0.00326182
0.00309443
0.0029165
0.00272342
0.00250758
0.00225513
0.00193925
0.00151982
0.00109141
0.269324
0.26933
0.269174
0.268844
0.268328
0.267617
0.2667
0.265569
0.264214
0.26263
0.260809
0.258746
0.256435
0.253873
0.251056
0.247983
0.244651
0.24106
0.23721
0.233103
0.228742
0.22413
0.219271
0.214171
0.208838
0.203279
0.197504
0.191524
0.18535
0.178997
0.172478
0.165811
0.159012
0.1521
0.145095
0.138018
0.130892
0.12374
0.116586
0.109456
0.102374
0.095368
0.0884635
0.0816873
0.075066
0.0686255
0.0623911
0.0563874
0.0506381
0.0451669
0.0399931
0.0351342
0.0306051
0.026418
0.0225831
0.0191082
0.016
0.0132648
0.0109112
0.00895208
0.00740374
0.00627315
0.00552172
0.00503559
0.00467866
0.00438186
0.00413453
0.00393091
0.00375635
0.00359555
0.00343782
0.00327691
0.00310894
0.00293044
0.00273675
0.00252026
0.00226709
0.00195051
0.0015307
0.00110099
0.269993
0.270008
0.269862
0.269541
0.269034
0.268331
0.267422
0.266297
0.264948
0.263368
0.261549
0.259487
0.257176
0.254613
0.251793
0.248715
0.245376
0.241778
0.23792
0.233803
0.22943
0.224805
0.219933
0.214818
0.209469
0.203893
0.1981
0.192101
0.185907
0.179534
0.172994
0.166305
0.159484
0.15255
0.145523
0.138424
0.131275
0.1241
0.116924
0.109771
0.102668
0.0956398
0.0887141
0.0819174
0.0752761
0.0688164
0.0625636
0.0565423
0.0507762
0.0452892
0.0401008
0.0352283
0.0306866
0.0264882
0.0226431
0.0191591
0.0160428
0.0133008
0.0109416
0.00897801
0.00742658
0.00629414
0.00554175
0.00505497
0.00469732
0.00439973
0.00415163
0.00394734
0.00377217
0.00361081
0.00345255
0.00329111
0.00312261
0.00294355
0.00274929
0.00253219
0.00227837
0.00196115
0.001541
0.00111007
0.270612
0.270636
0.270499
0.270187
0.26969
0.268995
0.268093
0.266975
0.265631
0.264055
0.26224
0.260179
0.257869
0.255304
0.252481
0.249399
0.246056
0.24245
0.238584
0.234458
0.230075
0.225438
0.220552
0.215424
0.21006
0.204468
0.198658
0.192641
0.18643
0.180037
0.173479
0.16677
0.159928
0.152974
0.145925
0.138805
0.131635
0.124439
0.117242
0.110068
0.102944
0.0958956
0.0889502
0.0821341
0.0754741
0.0689964
0.0627263
0.0566885
0.0509066
0.0454048
0.0402026
0.0353173
0.0307639
0.0265548
0.0226999
0.0192073
0.0160835
0.013335
0.0109704
0.00900268
0.00744827
0.00631402
0.00556066
0.00507321
0.00471486
0.00441651
0.00416768
0.00396274
0.00378701
0.00362512
0.00346636
0.00330443
0.00313543
0.00295586
0.00276106
0.0025434
0.00228897
0.00197115
0.00155071
0.00111865
0.271183
0.271216
0.271088
0.270785
0.270296
0.26961
0.268716
0.267604
0.266266
0.264694
0.262882
0.260823
0.258513
0.255947
0.253123
0.250037
0.246689
0.243078
0.239204
0.235069
0.230676
0.226029
0.221131
0.21599
0.210612
0.205005
0.19918
0.193147
0.186919
0.180509
0.173932
0.167204
0.160344
0.15337
0.146302
0.139162
0.131972
0.124757
0.11754
0.110346
0.103203
0.0961358
0.0891719
0.0823378
0.0756603
0.0691657
0.0628794
0.0568261
0.0510295
0.0455138
0.0402987
0.0354014
0.030837
0.0266178
0.0227538
0.0192531
0.0161222
0.0133675
0.0109979
0.00902612
0.00746884
0.0063328
0.00557845
0.00509033
0.00473129
0.00443221
0.00418268
0.00397713
0.00380086
0.00363849
0.00347926
0.00331687
0.0031474
0.00296735
0.00277206
0.00255387
0.00229888
0.00198052
0.00155982
0.00112672
0.271707
0.271749
0.271629
0.271336
0.270856
0.270177
0.26929
0.268185
0.266852
0.265285
0.263476
0.26142
0.25911
0.256544
0.253718
0.250629
0.247277
0.24366
0.23978
0.235637
0.231236
0.226578
0.22167
0.216517
0.211126
0.205506
0.199666
0.193618
0.187374
0.180948
0.174354
0.167609
0.160731
0.153739
0.146653
0.139495
0.132287
0.125053
0.117818
0.110606
0.103445
0.0963605
0.0893794
0.0825285
0.0758348
0.0693244
0.0630231
0.0569554
0.051145
0.0456164
0.0403891
0.0354806
0.0309059
0.0266772
0.0228048
0.0192964
0.0161588
0.0133984
0.0110239
0.00904833
0.00748829
0.00635049
0.00559514
0.00510634
0.00474662
0.00444683
0.00419664
0.00399051
0.00381374
0.00365091
0.00349125
0.00332843
0.00315853
0.00297804
0.0027823
0.00256362
0.00230811
0.00198925
0.00156833
0.00113427
0.272186
0.272236
0.272125
0.27184
0.271369
0.270698
0.269818
0.268719
0.267392
0.26583
0.264024
0.26197
0.259661
0.257095
0.254267
0.251176
0.24782
0.244198
0.240312
0.236163
0.231753
0.227086
0.222168
0.217004
0.211602
0.205969
0.200116
0.194055
0.187796
0.181355
0.174745
0.167985
0.161091
0.154082
0.14698
0.139805
0.13258
0.125329
0.118077
0.110849
0.103671
0.0965699
0.0895729
0.0827065
0.0759977
0.0694728
0.0631575
0.0570764
0.0512532
0.0457125
0.040474
0.0355551
0.0309707
0.0267333
0.0228528
0.0193373
0.0161934
0.0134275
0.0110485
0.00906932
0.00750663
0.0063671
0.00561072
0.00512123
0.00476085
0.00446038
0.00420957
0.00400289
0.00382565
0.0036624
0.00350234
0.00333912
0.00316882
0.00298793
0.00279176
0.00257264
0.00231665
0.00199735
0.00157624
0.00114129
0.272621
0.272679
0.272577
0.2723
0.271837
0.271174
0.270301
0.269208
0.267887
0.266328
0.264526
0.262474
0.260167
0.2576
0.254772
0.251678
0.248319
0.244693
0.240802
0.236646
0.232229
0.227554
0.222627
0.217453
0.21204
0.206396
0.200531
0.194457
0.188185
0.18173
0.175107
0.168332
0.161423
0.154399
0.147281
0.140091
0.132851
0.125584
0.118316
0.111073
0.10388
0.0967643
0.0897525
0.0828719
0.0761492
0.0696109
0.0632826
0.0571892
0.0513542
0.0458024
0.0405534
0.0356248
0.0310315
0.0267859
0.022898
0.0193759
0.016226
0.0134551
0.0110717
0.00908911
0.00752386
0.00638263
0.00562521
0.00513501
0.00477399
0.00447287
0.00422147
0.00401428
0.0038366
0.00367296
0.00351252
0.00334895
0.00317829
0.00299702
0.00280047
0.00258094
0.00232452
0.00200481
0.00158353
0.00114779
0.273014
0.27308
0.272985
0.272717
0.272261
0.271605
0.270739
0.269652
0.268336
0.266782
0.264983
0.262933
0.260627
0.258061
0.255232
0.252137
0.248775
0.245145
0.241249
0.237088
0.232664
0.227982
0.223047
0.217864
0.212441
0.206787
0.200911
0.194826
0.188542
0.182074
0.175438
0.16865
0.161728
0.15469
0.147559
0.140354
0.1331
0.125819
0.118537
0.11128
0.104073
0.0969436
0.0899185
0.0830248
0.0762894
0.0697388
0.0633987
0.057294
0.0514481
0.045886
0.0406275
0.0356899
0.0310883
0.0268351
0.0229403
0.019412
0.0162567
0.013481
0.0110936
0.00910771
0.00754
0.00639709
0.00563861
0.00514769
0.00478604
0.00448431
0.00423234
0.00402468
0.00384659
0.00368259
0.00352182
0.00335791
0.00318692
0.00300532
0.00280842
0.00258852
0.0023317
0.00201163
0.00159022
0.00115374
0.273367
0.273439
0.273352
0.273091
0.272642
0.271994
0.271134
0.270053
0.268741
0.267191
0.265396
0.263348
0.261044
0.258478
0.255648
0.252552
0.249187
0.245554
0.241654
0.237488
0.233059
0.22837
0.223427
0.218237
0.212805
0.207142
0.201257
0.195161
0.188866
0.182388
0.17574
0.16894
0.162006
0.154956
0.147812
0.140594
0.133327
0.126034
0.118739
0.111469
0.10425
0.0971081
0.0900709
0.0831653
0.0764184
0.0698566
0.0635058
0.0573907
0.051535
0.0459635
0.0406961
0.0357504
0.0311412
0.026881
0.0229799
0.0194458
0.0162854
0.0135052
0.0111141
0.00912513
0.00755505
0.00641047
0.00565092
0.00515927
0.00479701
0.0044947
0.0042422
0.00403409
0.00385563
0.0036913
0.00353023
0.00336602
0.00319473
0.00301283
0.00281561
0.00259537
0.00233821
0.00201781
0.00159628
0.00115915
0.273679
0.273758
0.273678
0.273424
0.272982
0.27234
0.271486
0.27041
0.269103
0.267557
0.265765
0.26372
0.261417
0.258852
0.256021
0.252924
0.249557
0.245922
0.242018
0.237847
0.233413
0.228719
0.22377
0.218572
0.213133
0.207462
0.201568
0.195463
0.189159
0.18267
0.176012
0.169202
0.162257
0.155196
0.14804
0.140812
0.133533
0.126229
0.118923
0.111641
0.104411
0.097258
0.0902099
0.0832937
0.0765364
0.0699645
0.0636039
0.0574795
0.0516149
0.0460349
0.0407595
0.0358063
0.0311901
0.0269236
0.0230167
0.0194773
0.0163122
0.0135279
0.0111333
0.00914137
0.00756902
0.0064228
0.00566216
0.00516976
0.00480691
0.00450404
0.00425105
0.00404252
0.00386372
0.0036991
0.00353775
0.00337328
0.00320172
0.00301954
0.00282204
0.00260151
0.00234403
0.00202335
0.00160173
0.00116401
0.273953
0.274038
0.273965
0.273717
0.273281
0.272644
0.271796
0.270725
0.269423
0.26788
0.266091
0.264048
0.261746
0.259182
0.256351
0.253253
0.249885
0.246247
0.24234
0.238166
0.233727
0.229028
0.224073
0.21887
0.213424
0.207746
0.201844
0.195731
0.189419
0.182922
0.176255
0.169436
0.162481
0.155411
0.148245
0.141007
0.133718
0.126404
0.119088
0.111796
0.104556
0.0973932
0.0903355
0.0834098
0.0766433
0.0700625
0.0636932
0.0575605
0.0516878
0.0461002
0.0408176
0.0358577
0.0312353
0.0269629
0.0230507
0.0195066
0.0163371
0.013549
0.0111511
0.00915644
0.00758191
0.00643407
0.00567231
0.00517917
0.00481573
0.00451235
0.00425889
0.00404998
0.00387087
0.00370598
0.00354439
0.00337968
0.00320789
0.00302547
0.00282772
0.00260693
0.00234918
0.00202824
0.00160654
0.00116832
0.27419
0.27428
0.274212
0.27397
0.273539
0.272908
0.272065
0.270999
0.2697
0.268161
0.266374
0.264333
0.262033
0.259469
0.256639
0.25354
0.25017
0.246531
0.242621
0.238444
0.234002
0.229298
0.224339
0.21913
0.213679
0.207995
0.202087
0.195967
0.189648
0.183144
0.176469
0.169641
0.162679
0.1556
0.148426
0.141179
0.133882
0.126559
0.119234
0.111934
0.104685
0.0975139
0.0904478
0.0835139
0.0767393
0.0701506
0.0637738
0.0576337
0.0517539
0.0461595
0.0408706
0.0359046
0.0312766
0.0269991
0.023082
0.0195335
0.0163602
0.0135686
0.0111676
0.00917036
0.00759373
0.00644428
0.00568139
0.00518749
0.00482349
0.00451961
0.00426573
0.00405647
0.00387707
0.00371195
0.00355015
0.00338523
0.00321324
0.00303061
0.00283265
0.00261164
0.00235364
0.00203249
0.00161073
0.00117207
0.274389
0.274485
0.274422
0.274184
0.273759
0.273132
0.272293
0.271231
0.269936
0.2684
0.266615
0.264576
0.262277
0.259714
0.256884
0.253785
0.250414
0.246773
0.242862
0.238682
0.234237
0.22953
0.224567
0.219354
0.213898
0.208209
0.202296
0.196171
0.189845
0.183335
0.176654
0.16982
0.16285
0.155764
0.148584
0.14133
0.134025
0.126694
0.119362
0.112055
0.104799
0.0976203
0.0905469
0.083606
0.0768244
0.070229
0.0638456
0.0576991
0.0518132
0.0462128
0.0409183
0.0359471
0.0313141
0.027032
0.0231107
0.0195583
0.0163813
0.0135866
0.0111827
0.00918312
0.00760448
0.00645344
0.0056894
0.00519473
0.00483018
0.00452585
0.00427156
0.00406198
0.00388234
0.00371701
0.00355503
0.00338994
0.00321777
0.00303497
0.00283683
0.00261562
0.00235743
0.0020361
0.00161429
0.00117525
0.274553
0.274653
0.274594
0.274361
0.273939
0.273317
0.272482
0.271423
0.27013
0.268597
0.266815
0.264777
0.262479
0.259917
0.257088
0.253988
0.250617
0.246975
0.243062
0.23888
0.234433
0.229723
0.224757
0.219541
0.214082
0.208388
0.202471
0.196341
0.190011
0.183496
0.17681
0.16997
0.162995
0.155904
0.148717
0.141457
0.134147
0.12681
0.119472
0.112159
0.104897
0.0977122
0.0906329
0.0836861
0.0768988
0.0702977
0.0639087
0.0577568
0.0518657
0.0462603
0.0409609
0.0359851
0.0313479
0.0270617
0.0231366
0.0195808
0.0164007
0.013603
0.0111966
0.00919475
0.00761417
0.00646156
0.00569634
0.00520089
0.00483582
0.00453105
0.0042764
0.00406653
0.00388667
0.00372117
0.00355903
0.0033938
0.00322149
0.00303855
0.00284026
0.0026189
0.00236054
0.00203906
0.00161722
0.00117788
0.274682
0.274785
0.274729
0.2745
0.274082
0.273463
0.27263
0.271574
0.270284
0.268753
0.266972
0.264937
0.26264
0.260079
0.257249
0.254149
0.250778
0.247135
0.243221
0.239038
0.234589
0.229878
0.22491
0.219691
0.214229
0.208533
0.202612
0.196479
0.190146
0.183626
0.176937
0.170093
0.163114
0.156018
0.148827
0.141563
0.134248
0.126907
0.119564
0.112246
0.104979
0.0977899
0.0907059
0.0837543
0.0769624
0.0703567
0.0639632
0.0578068
0.0519114
0.0463018
0.0409985
0.0360188
0.0313779
0.0270882
0.0231599
0.019601
0.0164181
0.0136179
0.0112092
0.00920523
0.00762281
0.00646863
0.00570221
0.00520597
0.00484039
0.00453523
0.00428024
0.00407011
0.00389007
0.00372442
0.00356216
0.00339682
0.0032244
0.00304135
0.00284294
0.00262145
0.00236296
0.00204137
0.00161951
0.00117993
0.274777
0.274882
0.274829
0.274602
0.274186
0.27357
0.27274
0.271686
0.270398
0.268868
0.267089
0.265054
0.262759
0.260198
0.257369
0.254269
0.250898
0.247255
0.243341
0.239157
0.234707
0.229994
0.225025
0.219804
0.214341
0.208643
0.20272
0.196585
0.190249
0.183727
0.177035
0.170188
0.163206
0.156108
0.148914
0.141647
0.134329
0.126984
0.119638
0.112317
0.105046
0.0978533
0.0907658
0.0838107
0.0770153
0.070406
0.0640091
0.0578493
0.0519505
0.0463375
0.0410309
0.0360481
0.0314042
0.0271117
0.0231806
0.0196191
0.0164338
0.0136313
0.0112205
0.00921459
0.0076304
0.00647467
0.00570703
0.00520999
0.00484391
0.00453838
0.00428309
0.00407274
0.00389253
0.00372677
0.00356442
0.003399
0.0032265
0.00304336
0.00284487
0.0026233
0.00236471
0.00204304
0.00162117
0.00118142
0.274837
0.274944
0.274892
0.274667
0.274254
0.273639
0.27281
0.271758
0.270471
0.268943
0.267165
0.265131
0.262836
0.260276
0.257447
0.254348
0.250977
0.247334
0.243419
0.239236
0.234785
0.230072
0.225102
0.219881
0.214417
0.208718
0.202794
0.196658
0.190321
0.183798
0.177104
0.170256
0.163273
0.156173
0.148977
0.141708
0.134388
0.127042
0.119694
0.11237
0.105097
0.0979026
0.0908128
0.0838554
0.0770575
0.0704459
0.0640465
0.0578842
0.0519829
0.0463675
0.0410584
0.0360732
0.0314269
0.027132
0.0231987
0.0196351
0.0164477
0.0136432
0.0112305
0.00922285
0.00763696
0.00647969
0.00571079
0.00521293
0.00484638
0.00454051
0.00428494
0.00407439
0.00389406
0.00372822
0.0035658
0.00340033
0.00322778
0.00304459
0.00284605
0.00262442
0.00236578
0.00204406
0.00162218
0.00118233
0.274863
0.274971
0.274921
0.274696
0.274283
0.273669
0.272842
0.27179
0.270504
0.268977
0.267199
0.265166
0.262872
0.260312
0.257484
0.254386
0.251015
0.247372
0.243458
0.239274
0.234824
0.230112
0.225142
0.219921
0.214457
0.208758
0.202835
0.196699
0.190362
0.183839
0.177145
0.170297
0.163313
0.156213
0.149017
0.141748
0.134427
0.12708
0.119732
0.112407
0.105134
0.0979379
0.0908471
0.0838885
0.0770894
0.0704764
0.0640756
0.0579118
0.0520089
0.0463919
0.0410811
0.0360941
0.031446
0.0271494
0.0232144
0.019649
0.0164599
0.0136538
0.0112394
0.00923006
0.00764255
0.00648371
0.00571352
0.00521482
0.0048478
0.00454161
0.00428581
0.00407509
0.00389465
0.00372876
0.00356631
0.00340082
0.00322825
0.00304504
0.00284648
0.00262483
0.00236617
0.00204443
0.00162256
0.00118267
)
;

boundaryField
{
    farLeft
    {
        type            symmetryPlane;
    }
    flatBed
    {
        type            nutkWallFunction;
        blending        stepwise;
        value           nonuniform List<scalar> 
240
(
3.61615e-06
3.65474e-06
3.72234e-06
3.82407e-06
3.96203e-06
4.13761e-06
4.35116e-06
4.60193e-06
4.88831e-06
5.20823e-06
5.55953e-06
5.9402e-06
6.34858e-06
6.78331e-06
7.24339e-06
7.72807e-06
8.23684e-06
8.76936e-06
9.32544e-06
9.90499e-06
1.0508e-05
1.11344e-05
1.17845e-05
1.24581e-05
1.31556e-05
1.38769e-05
1.46223e-05
1.53919e-05
1.61858e-05
1.7004e-05
1.78468e-05
1.87142e-05
1.96062e-05
2.0523e-05
2.14645e-05
2.24309e-05
2.3422e-05
2.44379e-05
2.54786e-05
2.65441e-05
2.76344e-05
2.875e-05
2.98904e-05
3.10548e-05
3.22433e-05
3.34559e-05
3.46925e-05
3.5953e-05
3.72373e-05
3.85452e-05
3.98769e-05
4.12321e-05
4.26109e-05
4.40134e-05
4.54395e-05
4.68893e-05
4.8363e-05
4.98605e-05
5.13816e-05
5.2934e-05
5.45209e-05
5.61344e-05
5.7775e-05
5.94432e-05
6.11398e-05
6.28655e-05
6.46213e-05
6.6408e-05
6.82268e-05
7.00786e-05
7.19649e-05
7.38867e-05
7.58454e-05
7.78423e-05
7.9879e-05
8.19567e-05
8.40772e-05
8.62417e-05
8.8452e-05
9.07095e-05
9.30157e-05
9.53722e-05
9.77804e-05
0.000100242
0.000102758
0.00010533
0.00010796
0.000110648
0.000113396
0.000116205
0.000119076
0.00012201
0.000125009
0.000128072
0.000131201
0.000134396
0.000137658
0.000140988
0.000144387
0.000147853
0.000151389
0.000154995
0.00015867
0.000162415
0.00016623
0.000170116
0.000174072
0.000178099
0.000182196
0.000186364
0.000190602
0.000194911
0.00019929
0.000203738
0.000208256
0.000212844
0.000217499
0.000222223
0.000227014
0.000231872
0.000236794
0.000241781
0.00024683
0.00025194
0.00025711
0.000262336
0.000267616
0.000272947
0.000278327
0.000283749
0.000289211
0.000294705
0.000300227
0.000305766
0.000311315
0.000316862
0.000322394
0.000327894
0.000333344
0.000338719
0.000343992
0.000349129
0.000354087
0.00035882
0.000363268
0.000367365
0.000371034
0.000374191
0.000376748
0.000378618
0.000379724
0.000380008
0.000380327
0.000380467
0.000380446
0.000380364
0.000380256
0.000380037
0.000379651
0.000379487
0.000380961
0.000386656
0.000399043
0.000417686
0.000438583
0.000457988
0.000474037
0.00048402
0.000488876
0.000489616
0.000487109
0.00048207
0.000475075
0.000466583
0.000456966
0.000446575
0.000435726
0.000424139
0.000411936
0.000399251
0.000386191
0.000372845
0.000359285
0.000345579
0.00033179
0.000317977
0.000304201
0.000290518
0.000276987
0.000263661
0.000250595
0.000237842
0.000225424
0.000213657
0.000202396
0.000191562
0.000181171
0.000171247
0.000161817
0.000152916
0.00014458
0.000136852
0.000129773
0.00012338
0.000117697
0.000112733
0.000108474
0.000104884
0.00010191
9.94848e-05
9.75365e-05
9.5992e-05
9.47825e-05
9.38459e-05
9.31285e-05
9.25847e-05
9.21766e-05
9.1873e-05
9.16488e-05
9.14832e-05
9.13595e-05
9.12642e-05
9.11866e-05
9.11215e-05
9.10714e-05
9.10163e-05
9.09508e-05
9.08698e-05
9.07678e-05
9.06395e-05
9.04783e-05
9.02767e-05
9.00243e-05
8.97068e-05
8.93024e-05
8.87759e-05
8.80615e-05
8.70073e-05
8.5281e-05
8.23664e-05
)
;
    }
    slope
    {
        type            nutkWallFunction;
        blending        stepwise;
        value           nonuniform List<scalar> 
80
(
6.88534e-05
7.06391e-05
7.18151e-05
7.24751e-05
7.27805e-05
7.28375e-05
7.27281e-05
7.24486e-05
7.20324e-05
7.15043e-05
7.08801e-05
7.0171e-05
6.93853e-05
6.85293e-05
6.76083e-05
6.66266e-05
6.55879e-05
6.44952e-05
6.33514e-05
6.21589e-05
6.09201e-05
5.96371e-05
5.8312e-05
5.69467e-05
5.55431e-05
5.41032e-05
5.2629e-05
5.11223e-05
4.95852e-05
4.80199e-05
4.64284e-05
4.48131e-05
4.31763e-05
4.15207e-05
3.98489e-05
3.81637e-05
3.64681e-05
3.47653e-05
3.30586e-05
3.13514e-05
2.96474e-05
2.79505e-05
2.62647e-05
2.4594e-05
2.29428e-05
2.13163e-05
1.97234e-05
1.81639e-05
1.66417e-05
1.51612e-05
1.37272e-05
1.23439e-05
1.10163e-05
9.7481e-06
8.54357e-06
7.40681e-06
6.34168e-06
5.35194e-06
4.44145e-06
3.61461e-06
2.87739e-06
2.23848e-06
1.70909e-06
1.29964e-06
1.00707e-06
8.1222e-07
6.85758e-07
5.9693e-07
5.29853e-07
4.68215e-07
4.08382e-07
3.45789e-07
2.78933e-07
2.06171e-07
1.24947e-07
3.21632e-08
0
0
0
0
)
;
    }
    top
    {
        type            symmetryPlane;
    }
    frontAndBack
    {
        type            empty;
    }
    defaultFaces
    {
        type            empty;
    }
}


// ************************************************************************* //
