x,y,z,Ux,Uy,Uz,U_magnitude
0.0833333,0.166667,0.05,0.000156939,-0.000686262,0.000170237,0.0007242692997318055
0.25,0.166667,0.05,0.000442387,-0.000679704,0.00016468,0.0008275405052231583
0.416667,0.166667,0.05,0.000721533,-0.000665861,0.000160194,0.000994807950835738
0.583333,0.166667,0.05,0.000992807,-0.000646786,0.00015613,0.001195146202748852
0.75,0.166667,0.05,0.0012524,-0.000622857,0.00015221,0.0014069912887253425
0.916667,0.166667,0.05,0.00149712,-0.000594247,0.000148285,0.0016175556350969819
1.08333,0.166667,0.05,0.00172396,-0.000561082,0.000144289,0.0018187001973511193
1.25,0.166667,0.05,0.00192995,-0.00052352,0.000140177,0.0020046021511085435
1.41667,0.166667,0.05,0.00211212,-0.000481813,0.000135936,0.0021706389053605855
1.58333,0.166667,0.05,0.00226758,-0.00043635,0.000131563,0.0023129265448494033
1.75,0.166667,0.05,0.00239357,-0.000387689,0.000127071,0.002428091255423074
1.91667,0.166667,0.05,0.00248754,-0.000336556,0.000122479,0.0025131904619779613
2.08333,0.166667,0.05,0.0025473,-0.00028382,0.000117811,0.002565768990794183
2.25,0.166667,0.05,0.00257115,-0.000230422,0.000113072,0.0025839295458212476
2.41667,0.166667,0.05,0.002558,-0.000177293,0.000108233,0.002566419916953966
2.58333,0.166667,0.05,0.00250752,-0.000125248,0.000103201,0.002512766216404742
2.75,0.166667,0.05,0.00242031,-7.48987e-05,9.78056e-05,0.0024234430562225
2.91667,0.166667,0.05,0.00229787,-2.65969e-05,9.18056e-05,0.0022998569955936326
3.08333,0.166667,0.05,0.00214255,1.96863e-05,8.48825e-05,0.0021443211260708923
3.25,0.166667,0.05,0.0019574,6.46847e-05,7.67445e-05,0.00195997157854249
3.41667,0.166667,0.05,0.00174556,0.000108845,6.72187e-05,0.0017502414979809757
3.58333,0.166667,0.05,0.00151029,0.000152317,5.61699e-05,0.0015189902600922134
3.75,0.166667,0.05,0.00125486,0.000195177,4.35589e-05,0.0012706947149879117
3.91667,0.166667,0.05,0.000982405,0.000237509,2.94433e-05,0.0010111364977197143
4.08333,0.166667,0.05,0.000695604,0.000279404,1.39659e-05,0.0007497510029301794
4.25,0.166667,0.05,0.000397069,0.000321071,-2.72457e-06,0.0005106444957929978
4.41667,0.166667,0.05,8.91549e-05,0.000362504,-2.04453e-05,0.00037386596060901293
4.58333,0.166667,0.05,-0.000229937,0.000403599,-3.84504e-05,0.00046609184720413206
4.75,0.166667,0.05,-0.000554154,0.000444172,-5.58426e-05,0.000712386003003119
4.91667,0.166667,0.05,-0.000888146,0.000485061,-7.28842e-05,0.0010145933163818101
5.08333,0.166667,0.05,-0.00123078,0.000526042,-8.94912e-05,0.001341472425747708
5.25,0.166667,0.05,-0.00158316,0.000567285,-0.00010565,0.0016850429606763738
5.41667,0.166667,0.05,-0.00194608,0.000608866,-0.000121378,0.0020427133404469656
5.58333,0.166667,0.05,-0.00232045,0.000650853,-0.000136724,0.0024138747445310825
5.75,0.166667,0.05,-0.00270715,0.000693301,-0.000151766,0.0027986354385408974
5.91667,0.166667,0.05,-0.00310697,0.00073624,-0.000166602,0.0031973533031093076
6.08333,0.166667,0.05,-0.00352053,0.000779704,-0.000181349,0.0036103957218450444
6.25,0.166667,0.05,-0.00394826,0.000823714,-0.000196133,0.004038035405377844
6.41667,0.166667,0.05,-0.00439037,0.000868285,-0.000211084,0.00448038213026311
6.58333,0.166667,0.05,-0.00484685,0.000913416,-0.000226329,0.0049373584564822715
6.75,0.166667,0.05,-0.00531742,0.000959098,-0.000241988,0.005408639627683471
6.91667,0.166667,0.05,-0.00580158,0.00100531,-0.000258167,0.005893693993785985
7.08333,0.166667,0.05,-0.00629863,0.00105202,-0.000274955,0.006391798354870483
7.25,0.166667,0.05,-0.00680764,0.00109919,-0.000292421,0.006902006307367518
7.41667,0.166667,0.05,-0.00732757,0.00114676,-0.000310613,0.007423262156105562
7.58333,0.166667,0.05,-0.0078572,0.00119469,-0.000329554,0.007954337299550227
7.75,0.166667,0.05,-0.00839527,0.0012429,-0.000349245,0.008493958491358726
7.91667,0.166667,0.05,-0.00894044,0.00129132,-0.000369662,0.00904077567082847
8.08333,0.166667,0.05,-0.00949138,0.00133988,-0.00039076,0.009593449124084623
8.25,0.166667,0.05,-0.0100468,0.00138849,-0.000412475,0.010150676349176196
8.41667,0.166667,0.05,-0.0106054,0.00143708,-0.000434724,0.010711148073039415
8.58333,0.166667,0.05,-0.0111661,0.00148555,-0.00045741,0.011273769197593144
8.75,0.166667,0.05,-0.0117278,0.00153383,-0.000480425,0.011837429429125438
8.91667,0.166667,0.05,-0.0122896,0.00158183,-0.000503653,0.012401214482997582
9.08333,0.166667,0.05,-0.0128509,0.00162947,-0.000526974,0.012964509434898646
9.25,0.166667,0.05,-0.0134111,0.00167668,-0.000550267,0.01352670147536675
9.41667,0.166667,0.05,-0.0139697,0.00172338,-0.000573414,0.014087276540545231
9.58333,0.166667,0.05,-0.0145266,0.0017695,-0.000596304,0.01464611949529349
9.75,0.166667,0.05,-0.0150817,0.001815,-0.000618833,0.015203119882836187
9.91667,0.166667,0.05,-0.0156351,0.00185981,-0.00064091,0.015758363204159243
10.0833,0.166667,0.05,-0.0161869,0.00190389,-0.000662457,0.016311939738085996
10.25,0.166667,0.05,-0.0167375,0.00194721,-0.000683413,0.016864239869103764
10.4167,0.166667,0.05,-0.0172873,0.00198975,-0.000703731,0.017415656280280134
10.5833,0.166667,0.05,-0.0178368,0.00203148,-0.000723385,0.017966681137278107
10.75,0.166667,0.05,-0.0183864,0.00207241,-0.000742365,0.018517712978694884
10.9167,0.166667,0.05,-0.0189367,0.00211254,-0.00076068,0.019069348866807175
11.0833,0.166667,0.05,-0.0194881,0.00215188,-0.000778357,0.019621989419114697
11.25,0.166667,0.05,-0.0200411,0.00219047,-0.00079544,0.020176138699575297
11.4167,0.166667,0.05,-0.020596,0.00222833,-0.000811985,0.020732100477981602
11.5833,0.166667,0.05,-0.0211532,0.00226551,-0.000828068,0.02129028187724916
11.75,0.166667,0.05,-0.0217128,0.00230206,-0.000843771,0.02185079205850536
11.9167,0.166667,0.05,-0.0222749,0.00233807,-0.00085919,0.022413744640086358
12.0833,0.166667,0.05,-0.0228395,0.00237359,-0.000874427,0.022979149512469533
12.25,0.166667,0.05,-0.0234064,0.00240872,-0.00088959,0.023546822787087435
12.4167,0.166667,0.05,-0.0239752,0.00244354,-0.000904789,0.02411637920389628
12.5833,0.166667,0.05,-0.0245456,0.00247816,-0.000920136,0.024687535450184088
12.75,0.166667,0.05,-0.025117,0.00251269,-0.000935742,0.025259709284286388
12.9167,0.166667,0.05,-0.0256887,0.00254724,-0.000951713,0.025832218196313858
13.0833,0.166667,0.05,-0.0262601,0.00258194,-0.000968148,0.02640448023960146
13.25,0.166667,0.05,-0.0268302,0.00261692,-0.000985144,0.026975515028023762
13.4167,0.166667,0.05,-0.0273983,0.00265232,-0.00100278,0.0275446403498176
13.5833,0.166667,0.05,-0.0279634,0.00268827,-0.00102114,0.02811087444482117
13.75,0.166667,0.05,-0.0285246,0.00272492,-0.00104027,0.028673335275815056
13.9167,0.166667,0.05,-0.0290812,0.00276244,-0.00106024,0.029231342375115106
14.0833,0.166667,0.05,-0.0296323,0.00280095,-0.00108107,0.02978400974579145
14.25,0.166667,0.05,-0.0301772,0.00284063,-0.00110278,0.030330656147952027
14.4167,0.166667,0.05,-0.0307154,0.00288163,-0.00112538,0.030870796373940534
14.5833,0.166667,0.05,-0.0312463,0.00292411,-0.00114887,0.03140384666341052
14.75,0.166667,0.05,-0.0317697,0.00296822,-0.00117321,0.0319296193175318
14.9167,0.166667,0.05,-0.0322857,0.00301411,-0.00119838,0.03244822642620857
15.0833,0.166667,0.05,-0.0327943,0.00306195,-0.0012243,0.03295968083556787
15.25,0.166667,0.05,-0.0332961,0.00311187,-0.00125092,0.033464590404684476
15.4167,0.166667,0.05,-0.0337917,0.00316402,-0.00127814,0.03396356361323117
15.5833,0.166667,0.05,-0.0342823,0.00321852,-0.00130588,0.0344578044404283
15.75,0.166667,0.05,-0.0347691,0.0032755,-0.001334,0.03494851600654883
15.9167,0.166667,0.05,-0.0352538,0.00333506,-0.0013624,0.0354373979491102
16.0833,0.166667,0.05,-0.0357386,0.0033973,-0.00139092,0.03592664520514544
16.25,0.166667,0.05,-0.0362257,0.00346229,-0.00141943,0.036418451011252524
16.4167,0.166667,0.05,-0.036718,0.00353008,-0.00144777,0.036915701629243076
16.5833,0.166667,0.05,-0.0372184,0.0036007,-0.00147577,0.037421280525162415
16.75,0.166667,0.05,-0.0377303,0.00367413,-0.00150327,0.03793856336288711
16.9167,0.166667,0.05,-0.0382574,0.00375033,-0.00153011,0.038471221276182535
17.0833,0.166667,0.05,-0.0388036,0.00382922,-0.0015561,0.039023118096564245
17.25,0.166667,0.05,-0.039373,0.00391068,-0.00158109,0.03959831300258257
17.4167,0.166667,0.05,-0.0399698,0.00399452,-0.00160493,0.0402009564858263
17.5833,0.166667,0.05,-0.0405984,0.00408051,-0.00162746,0.040835392375630476
17.75,0.166667,0.05,-0.041263,0.00416837,-0.00164854,0.04150576058318291
17.9167,0.166667,0.05,-0.041968,0.00425775,-0.00166806,0.04221639353646993
18.0833,0.166667,0.05,-0.0427174,0.00434823,-0.0016859,0.042971218573632515
18.25,0.166667,0.05,-0.0435151,0.00443937,-0.001702,0.043774064673124655
18.4167,0.166667,0.05,-0.0443647,0.00453063,-0.00171626,0.04462845238941744
18.5833,0.166667,0.05,-0.0452691,0.00462148,-0.00172866,0.045537212887878854
18.75,0.166667,0.05,-0.046231,0.00471132,-0.00173916,0.04650297382585333
18.9167,0.166667,0.05,-0.0472526,0.00479956,-0.00174774,0.047527871591953284
19.0833,0.166667,0.05,-0.0483353,0.00488561,-0.00175442,0.048613253344108744
19.25,0.166667,0.05,-0.04948,0.00496891,-0.00175921,0.04975997675252874
19.4167,0.166667,0.05,-0.0506873,0.00504893,-0.00176214,0.05096861007340204
19.5833,0.166667,0.05,-0.0519568,0.00512524,-0.00176324,0.05223874200816095
19.75,0.166667,0.05,-0.0532882,0.00519746,-0.00176255,0.053570070302306864
19.9167,0.166667,0.05,-0.0546804,0.00526534,-0.0017601,0.05496151291117812
20.0833,0.166667,0.05,-0.0561323,0.00532871,-0.00175594,0.056411998536106664
20.25,0.166667,0.05,-0.0576426,0.00538755,-0.00175009,0.05792027144938636
20.4167,0.166667,0.05,-0.05921,0.00544191,-0.00174258,0.0594850827477318
20.5833,0.166667,0.05,-0.0608331,0.00549198,-0.00173342,0.06110509508074429
20.75,0.166667,0.05,-0.062511,0.00553805,-0.00172263,0.06277947572988643
20.9167,0.166667,0.05,-0.0642429,0.00558047,-0.00171021,0.06450749308471847
21.0833,0.166667,0.05,-0.0660286,0.00561971,-0.00169614,0.06628901907061004
21.25,0.166667,0.05,-0.0678683,0.0056563,-0.00168042,0.06812432521468673
21.4167,0.166667,0.05,-0.0697626,0.00569082,-0.00166301,0.07001407996462211
21.5833,0.166667,0.05,-0.0717129,0.00572393,-0.00164389,0.07195975107924568
21.75,0.166667,0.05,-0.0737214,0.00575634,-0.00162301,0.0739636020594975
21.9167,0.166667,0.05,-0.0757908,0.00578883,-0.00160033,0.07602839583680429
22.0833,0.166667,0.05,-0.0779246,0.00582221,-0.00157582,0.07815769074836142
22.25,0.166667,0.05,-0.0801273,0.00585738,-0.00154944,0.08035604439037551
22.4167,0.166667,0.05,-0.0824041,0.00589531,-0.00152116,0.08262871355982555
22.5833,0.166667,0.05,-0.0847611,0.00593703,-0.00149099,0.08498185364894673
22.75,0.166667,0.05,-0.0872052,0.00598368,-0.00145892,0.08742242150014377
22.9167,0.166667,0.05,-0.0897445,0.00603646,-0.00142502,0.08995857275202848
23.0833,0.166667,0.05,-0.0923875,0.00609672,-0.00138937,0.09259886878361581
23.25,0.166667,0.05,-0.095144,0.00616589,-0.00135212,0.09535317070756746
23.4167,0.166667,0.05,-0.0980244,0.00624556,-0.00131349,0.09823194628558317
23.5833,0.166667,0.05,-0.10104,0.00633746,-0.00127379,0.10124656804166599
23.75,0.166667,0.05,-0.104202,0.00644346,-0.00123343,0.10440831542715599
23.9167,0.166667,0.05,-0.107523,0.00656563,-0.00119296,0.10772987598553382
24.0833,0.166667,0.05,-0.111017,0.00670623,-0.00115307,0.11122534504436388
24.25,0.166667,0.05,-0.114694,0.00686774,-0.00111462,0.11490483830740986
24.4167,0.166667,0.05,-0.118569,0.00705288,-0.00107869,0.11878347717342888
24.5833,0.166667,0.05,-0.122653,0.00726465,-0.00104657,0.12287240885319779
24.75,0.166667,0.05,-0.126957,0.00750636,-0.00101977,0.12718280237635313
24.9167,0.166667,0.05,-0.131491,0.00778165,-0.0010001,0.13172485474553577
25.0833,0.166667,0.05,-0.136265,0.00809455,-0.000989586,0.1365087954864224
25.25,0.166667,0.05,-0.141284,0.0084495,-0.000990542,0.14153990207607098
25.4167,0.166667,0.05,-0.146552,0.00885136,-0.00100552,0.14682249946217368
25.5833,0.166667,0.05,-0.152071,0.00930547,-0.0010373,0.15235897349421498
25.75,0.166667,0.05,-0.157839,0.00981758,-0.00108884,0.15814778016337125
25.9167,0.166667,0.05,-0.163851,0.0103939,-0.00116328,0.16418445900440273
26.0833,0.166667,0.05,-0.170097,0.011041,-0.00126386,0.17045964458516155
26.25,0.166667,0.05,-0.176564,0.0117657,-0.00139389,0.1769610712044378
26.4167,0.166667,0.05,-0.183237,0.0125749,-0.0015567,0.18367457525172068
26.5833,0.166667,0.05,-0.190093,0.0134756,-0.00175566,0.19057812777544964
26.75,0.166667,0.05,-0.197107,0.0144743,-0.0019941,0.19764779595103002
26.9167,0.166667,0.05,-0.20425,0.0155772,-0.00227537,0.2048557760193178
27.0833,0.166667,0.05,-0.211485,0.0167891,-0.00260287,0.21216633577466265
27.25,0.166667,0.05,-0.218774,0.0181136,-0.00298007,0.2195428122215913
27.4167,0.166667,0.05,-0.22607,0.0195522,-0.00341067,0.22693956485084063
27.5833,0.166667,0.05,-0.233317,0.0211034,-0.00389875,0.23430189122608996
27.75,0.166667,0.05,-0.240453,0.0227621,-0.00444904,0.2415689391505696
27.9167,0.166667,0.05,-0.247401,0.0245181,-0.00506737,0.24866457380842755
28.0833,0.166667,0.05,-0.254071,0.0263547,-0.00576135,0.25549919061889903
28.25,0.166667,0.05,-0.260351,0.0282466,-0.00654159,0.26196050468016757
28.4167,0.166667,0.05,-0.2661,0.0301569,-0.00742384,0.26790625602616225
28.5833,0.166667,0.05,-0.271139,0.0320333,-0.00843279,0.27315490399601855
28.75,0.166667,0.05,-0.275235,0.0338019,-0.00960835,0.2774692668717249
28.9167,0.166667,0.05,-0.278065,0.0353588,-0.0110167,0.2805205101972581
29.0833,0.166667,0.05,-0.279128,0.0365515,-0.0127799,0.281800955250794
29.25,0.166667,0.05,-0.277746,0.0371381,-0.015141,0.28062667169855754
29.4167,0.166667,0.05,-0.273341,0.0367715,-0.0184995,0.27642300373431294
29.5833,0.166667,0.05,-0.264142,0.0350381,-0.0234034,0.26748155777019467
29.75,0.166667,0.05,-0.240783,0.0307747,-0.0317618,0.24481083960545946
29.9167,0.166667,0.05,-0.19507,0.0192313,-0.0515329,0.20267655903458592
0.0833333,0.5,0.05,0.000137674,-0.00180174,0.000135692,0.0018120798759271072
0.25,0.5,0.05,0.000399257,-0.00178318,0.000134329,0.0018322612654013074
0.416667,0.5,0.05,0.000660749,-0.00175178,0.000132083,0.001876903920900055
0.583333,0.5,0.05,0.000913538,-0.00170921,0.000129897,0.0019423757958111506
0.75,0.5,0.05,0.00115652,-0.00165556,0.000127851,0.002023552149612409
0.916667,0.5,0.05,0.00138717,-0.00159073,0.000125895,0.0021143585535156996
1.08333,0.5,0.05,0.00160305,-0.00151454,0.000123983,0.002208839627132083
1.25,0.5,0.05,0.00180163,-0.00142686,0.000122054,0.0023014554732638214
1.41667,0.5,0.05,0.00198035,-0.00132773,0.000120052,0.002387271571921385
1.58333,0.5,0.05,0.00213659,-0.00121747,0.00011792,0.0024619413387406285
1.75,0.5,0.05,0.00226775,-0.00109676,0.000115609,0.002521693478791782
1.91667,0.5,0.05,0.00237126,-0.000966761,0.000113076,0.0025632571077628947
2.08333,0.5,0.05,0.00244465,-0.000829102,0.000110289,0.002583773870218716
2.25,0.5,0.05,0.00248569,-0.000685825,0.000107216,0.002580795609377271
2.41667,0.5,0.05,0.00249252,-0.000539241,0.000103812,0.002552295777888017
2.58333,0.5,0.05,0.00246386,-0.000391705,9.99921e-05,0.002496805424274669
2.75,0.5,0.05,0.00239923,-0.000245357,9.56128e-05,0.002413637598703012
2.91667,0.5,0.05,0.00229915,-0.000101902,9.04679e-05,0.002303184573809578
3.08333,0.5,0.05,0.00216497,3.75608e-05,8.42227e-05,0.0021669331733562827
3.25,0.5,0.05,0.00199969,0.000172783,7.65103e-05,0.002008598488298518
3.41667,0.5,0.05,0.0018065,0.000304558,6.73711e-05,0.001833231215771543
3.58333,0.5,0.05,0.00158898,0.000433377,5.67176e-05,0.0016479957374577036
3.75,0.5,0.05,0.00135056,0.000559691,4.4515e-05,0.0014626168036454387
3.91667,0.5,0.05,0.00109447,0.000683959,3.08173e-05,0.0012909741285402625
4.08333,0.5,0.05,0.000823676,0.000806632,1.57598e-05,0.0011529725528806138
4.25,0.5,0.05,0.000540294,0.000928215,-4.9024e-07,0.001074011607477432
4.41667,0.5,0.05,0.000247945,0.00104908,-1.77737e-05,0.0010781286907585246
4.58333,0.5,0.05,-5.56649e-05,0.00116983,-3.56737e-05,0.0011716968135416688
4.75,0.5,0.05,-0.000365642,0.0012885,-5.31326e-05,0.0013404288102494514
4.91667,0.5,0.05,-0.000684274,0.00140742,-7.01245e-05,0.001566518244061093
5.08333,0.5,0.05,-0.00101168,0.00152713,-8.67188e-05,0.0018338872946758317
5.25,0.5,0.05,-0.00134826,0.00164753,-0.00010289,0.0021313719714306087
5.41667,0.5,0.05,-0.00169488,0.00176877,-0.000118638,0.002452598724280839
5.58333,0.5,0.05,-0.00205237,0.00189108,-0.000134004,0.002793986981951777
5.75,0.5,0.05,-0.00242159,0.00201468,-0.000149059,0.003153609394960162
5.91667,0.5,0.05,-0.00280328,0.00213966,-0.0001639,0.0035303522322850446
6.08333,0.5,0.05,-0.00319802,0.00226613,-0.000178634,0.0039235936592945
6.25,0.5,0.05,-0.00360621,0.00239414,-0.000193383,0.004332903632483533
6.41667,0.5,0.05,-0.00402807,0.00252373,-0.000208269,0.004757934112002918
6.58333,0.5,0.05,-0.00446357,0.00265489,-0.000223417,0.005198250976327422
6.75,0.5,0.05,-0.00491248,0.0027876,-0.000238943,0.0056533412481159315
6.91667,0.5,0.05,-0.00537432,0.00292179,-0.00025495,0.006122513517257435
7.08333,0.5,0.05,-0.0058484,0.00305735,-0.000271528,0.006604914763816715
7.25,0.5,0.05,-0.00633384,0.00319419,-0.000288744,0.007099559986311546
7.41667,0.5,0.05,-0.00682961,0.00333216,-0.000306648,0.007605320243987363
7.58333,0.5,0.05,-0.00733454,0.0034711,-0.000325265,0.008120948807979582
7.75,0.5,0.05,-0.0078474,0.00361082,-0.000344597,0.00864514053817571
7.91667,0.5,0.05,-0.00836688,0.00375111,-0.000364626,0.009176516729477259
8.08333,0.5,0.05,-0.00889167,0.00389178,-0.000385308,0.009713712432029476
8.25,0.5,0.05,-0.0094205,0.00403257,-0.000406584,0.010255376716823035
8.41667,0.5,0.05,-0.00995215,0.00417327,-0.000428375,0.01080023042606152
8.58333,0.5,0.05,-0.0104855,0.00431362,-0.000450587,0.011347072591596874
8.75,0.5,0.05,-0.0110195,0.00445339,-0.000473117,0.01189478467387237
8.91667,0.5,0.05,-0.0115533,0.00459235,-0.000495852,0.012442439014052028
9.08333,0.5,0.05,-0.0120862,0.00473026,-0.000518677,0.012989250014451528
9.25,0.5,0.05,-0.0126176,0.00486691,-0.000541474,0.013534542356532635
9.41667,0.5,0.05,-0.0131472,0.00500209,-0.000564127,0.014077926391348585
9.58333,0.5,0.05,-0.0136747,0.00513562,-0.000586529,0.0146190296922279
9.75,0.5,0.05,-0.0142001,0.00526732,-0.000608576,0.015157765822843946
9.91667,0.5,0.05,-0.0147234,0.00539706,-0.00063018,0.01569407184372494
10.0833,0.5,0.05,-0.0152449,0.0055247,-0.000651264,0.016228167823192363
10.25,0.5,0.05,-0.0157648,0.00565016,-0.000671768,0.01676020582544928
10.4167,0.5,0.05,-0.0162836,0.00577336,-0.000691644,0.017290624224484664
10.5833,0.5,0.05,-0.0168017,0.00589425,-0.000710867,0.01781978220529614
10.75,0.5,0.05,-0.0173197,0.00601283,-0.000729425,0.018348247696429353
10.9167,0.5,0.05,-0.017838,0.00612911,-0.000747329,0.018876406809198117
11.0833,0.5,0.05,-0.0183571,0.00624314,-0.000764602,0.019404755440046238
11.25,0.5,0.05,-0.0188776,0.00635498,-0.000781287,0.019933889784404073
11.4167,0.5,0.05,-0.0193997,0.00646476,-0.000797441,0.02046405126303394
11.5833,0.5,0.05,-0.0199238,0.00657259,-0.000813137,0.020995664731769483
11.75,0.5,0.05,-0.0204501,0.00667864,-0.000828456,0.02152898422135926
11.9167,0.5,0.05,-0.0209786,0.0067831,-0.000843494,0.022064079081122692
12.0833,0.5,0.05,-0.0215095,0.0068862,-0.000858351,0.02260121915139095
12.25,0.5,0.05,-0.0220424,0.00698817,-0.000873135,0.023140101176034756
12.4167,0.5,0.05,-0.0225772,0.00708928,-0.000887956,0.023680716133941893
12.5833,0.5,0.05,-0.0231134,0.00718983,-0.000902928,0.02422267933078593
12.75,0.5,0.05,-0.0236506,0.00729015,-0.00091816,0.024765705828183052
12.9167,0.5,0.05,-0.024188,0.00739056,-0.000933761,0.025309121492432744
13.0833,0.5,0.05,-0.024725,0.00749143,-0.000949833,0.025852453097777568
13.25,0.5,0.05,-0.0252609,0.00759314,-0.000966473,0.02639513049653911
13.4167,0.5,0.05,-0.0257947,0.00769609,-0.000983767,0.02693629794326587
13.5833,0.5,0.05,-0.0263256,0.0078007,-0.00100179,0.02747529288386386
13.75,0.5,0.05,-0.0268528,0.00790738,-0.00102062,0.028011447507917186
13.9167,0.5,0.05,-0.0273755,0.00801659,-0.0010403,0.02854410516320489
14.0833,0.5,0.05,-0.0278928,0.00812878,-0.00106086,0.029072509008821374
14.25,0.5,0.05,-0.0284042,0.00824439,-0.00108235,0.02959628398354429
14.4167,0.5,0.05,-0.028909,0.0083639,-0.00110477,0.030114873749742005
14.5833,0.5,0.05,-0.0294069,0.00848777,-0.00112812,0.030628102486398013
14.75,0.5,0.05,-0.0298977,0.00861646,-0.00115237,0.031135892549250938
14.9167,0.5,0.05,-0.0303813,0.00875043,-0.00117751,0.03163826709342659
15.0833,0.5,0.05,-0.0308579,0.00889012,-0.00120347,0.03213553432051971
15.25,0.5,0.05,-0.0313282,0.00903597,-0.00123019,0.03262848811264475
15.4167,0.5,0.05,-0.0317928,0.00918839,-0.0012576,0.033117823002004526
15.5833,0.5,0.05,-0.0322528,0.00934778,-0.0012856,0.03360471493895462
15.75,0.5,0.05,-0.0327098,0.00951449,-0.00131408,0.0340908102315932
15.9167,0.5,0.05,-0.0331654,0.00968884,-0.00134293,0.03457775063086811
16.0833,0.5,0.05,-0.0336218,0.0098711,-0.001372,0.035067740652200564
16.25,0.5,0.05,-0.0340815,0.0100615,-0.00140115,0.03556326258686765
16.4167,0.5,0.05,-0.0345473,0.0102601,-0.00143023,0.036067036850189124
16.5833,0.5,0.05,-0.0350224,0.0104671,-0.00145907,0.03658220290571496
16.75,0.5,0.05,-0.0355102,0.0106825,-0.00148751,0.03711203034448668
16.9167,0.5,0.05,-0.0360147,0.010906,-0.00151537,0.03766026816589202
17.0833,0.5,0.05,-0.0365398,0.0111374,-0.00154248,0.0382305886346313
17.25,0.5,0.05,-0.0370898,0.0113765,-0.00156866,0.038827035818944505
17.4167,0.5,0.05,-0.0376691,0.0116226,-0.00159375,0.03945359254405738
17.5833,0.5,0.05,-0.0382823,0.011875,-0.00161759,0.04011442029617404
17.75,0.5,0.05,-0.0389339,0.0121329,-0.00164004,0.04081354631518315
17.9167,0.5,0.05,-0.0396283,0.0123954,-0.00166096,0.04155486602278486
18.0833,0.5,0.05,-0.0403697,0.0126611,-0.00168023,0.04234193316504219
18.25,0.5,0.05,-0.0411621,0.0129288,-0.00169777,0.04317817468146262
18.4167,0.5,0.05,-0.0420091,0.0131969,-0.00171349,0.044066525848994495
18.5833,0.5,0.05,-0.0429139,0.0134638,-0.00172736,0.045009560053610835
18.75,0.5,0.05,-0.0438789,0.0137277,-0.00173933,0.04600905216746917
18.9167,0.5,0.05,-0.0449061,0.0139871,-0.00174941,0.04706651908701237
19.0833,0.5,0.05,-0.0459969,0.0142399,-0.0017576,0.04818276371670683
19.25,0.5,0.05,-0.0471519,0.0144847,-0.00176392,0.04935807554459959
19.4167,0.5,0.05,-0.048371,0.0147199,-0.00176843,0.05059205907723958
19.5833,0.5,0.05,-0.0496535,0.0149441,-0.00177117,0.05188384363391845
19.75,0.5,0.05,-0.0509985,0.0151562,-0.00177218,0.05323249029157288
19.9167,0.5,0.05,-0.0524041,0.0153555,-0.00177153,0.05463624617047643
20.0833,0.5,0.05,-0.0538686,0.0155413,-0.00176927,0.05609356815164195
20.25,0.5,0.05,-0.0553899,0.0157137,-0.00176545,0.05760276211608693
20.4167,0.5,0.05,-0.0569658,0.0158727,-0.00176009,0.059162005474274616
20.5833,0.5,0.05,-0.0585943,0.0160187,-0.00175325,0.06076976738265912
20.75,0.5,0.05,-0.0602735,0.0161526,-0.00174493,0.06242472322497634
20.9167,0.5,0.05,-0.0620018,0.0162754,-0.00173516,0.06412583433083424
21.0833,0.5,0.05,-0.0637782,0.0163881,-0.00172393,0.06587260850683613
21.25,0.5,0.05,-0.0656018,0.0164923,-0.00171123,0.0676647650601323
21.4167,0.5,0.05,-0.0674724,0.0165894,-0.00169706,0.06950261122262674
21.5833,0.5,0.05,-0.0693904,0.0166812,-0.00168139,0.07138709349687869
21.75,0.5,0.05,-0.0713565,0.0167695,-0.00166418,0.07331940887358818
21.9167,0.5,0.05,-0.0733723,0.0168561,-0.00164541,0.07530159286873087
22.0833,0.5,0.05,-0.0754398,0.0169432,-0.00162504,0.0773361248400875
22.25,0.5,0.05,-0.0775617,0.017033,-0.00160303,0.07942612983817668
22.4167,0.5,0.05,-0.0797414,0.0171275,-0.00157935,0.08157534233230346
22.5833,0.5,0.05,-0.0819828,0.0172294,-0.00155399,0.08378810539163717
22.75,0.5,0.05,-0.0842902,0.0173411,-0.00152694,0.08606906012623583
22.9167,0.5,0.05,-0.0866689,0.0174653,-0.00149822,0.08842386326364846
23.0833,0.5,0.05,-0.0891243,0.0176049,-0.00146785,0.09085828491735082
23.25,0.5,0.05,-0.0916625,0.0177629,-0.00143593,0.09337877926823042
23.4167,0.5,0.05,-0.0942899,0.0179424,-0.00140256,0.09599209412406627
23.5833,0.5,0.05,-0.0970133,0.0181469,-0.00136791,0.09870542808917906
23.75,0.5,0.05,-0.0998397,0.01838,-0.0013322,0.10152617816568296
23.9167,0.5,0.05,-0.102776,0.0186452,-0.00129573,0.10446161292682064
24.0833,0.5,0.05,-0.105829,0.0189467,-0.00125886,0.1075190188310403
24.25,0.5,0.05,-0.109006,0.0192884,-0.00122206,0.11070611474170522
24.4167,0.5,0.05,-0.112313,0.0196747,-0.00118587,0.11402942636331598
24.5833,0.5,0.05,-0.115755,0.02011,-0.00115096,0.11749449703676168
24.75,0.5,0.05,-0.119337,0.0205991,-0.00111807,0.12110694682938258
24.9167,0.5,0.05,-0.123063,0.0211466,-0.00108808,0.12487139215467409
25.0833,0.5,0.05,-0.126933,0.0217577,-0.00106196,0.1287886320966707
25.25,0.5,0.05,-0.130948,0.0224375,-0.00104077,0.13286046557363443
25.4167,0.5,0.05,-0.135106,0.0231914,-0.00102566,0.13708582803629119
25.5833,0.5,0.05,-0.139402,0.0240248,-0.00101786,0.14146075306606987
25.75,0.5,0.05,-0.143826,0.0249437,-0.00101864,0.14597651891019872
25.9167,0.5,0.05,-0.14837,0.0259538,-0.00102934,0.1506264126083988
26.0833,0.5,0.05,-0.153016,0.0270612,-0.00105129,0.1553940475439909
26.25,0.5,0.05,-0.157747,0.0282717,-0.00108584,0.16026410726795814
26.4167,0.5,0.05,-0.162539,0.0295915,-0.00113435,0.16521461843061133
26.5833,0.5,0.05,-0.167365,0.0310263,-0.00119819,0.17022076893248397
26.75,0.5,0.05,-0.17219,0.0325815,-0.00127875,0.17525006546022315
26.9167,0.5,0.05,-0.176976,0.0342618,-0.00137749,0.1802672266218685
27.0833,0.5,0.05,-0.181677,0.0360712,-0.00149596,0.18522932190871294
27.25,0.5,0.05,-0.18624,0.0380123,-0.00163591,0.1900866874686865
27.4167,0.5,0.05,-0.190604,0.0400861,-0.00179937,0.19478197545360015
27.5833,0.5,0.05,-0.194699,0.0422915,-0.00198879,0.1992491577370256
27.75,0.5,0.05,-0.198441,0.0446243,-0.00220728,0.20340853157251887
27.9167,0.5,0.05,-0.201733,0.0470771,-0.00245885,0.20716781259822314
28.0833,0.5,0.05,-0.204459,0.0496376,-0.00274888,0.21041608863395975
28.25,0.5,0.05,-0.206482,0.0522871,-0.00308473,0.21302176581181298
28.4167,0.5,0.05,-0.207633,0.0549982,-0.00347689,0.2148216782736605
28.5833,0.5,0.05,-0.207703,0.0577307,-0.00394081,0.21561284728639454
28.75,0.5,0.05,-0.20643,0.0604256,-0.00449977,0.2151391316460418
28.9167,0.5,0.05,-0.203476,0.0629949,-0.00518928,0.21306752129061904
29.0833,0.5,0.05,-0.198372,0.0652948,-0.00606741,0.2089298321330587
29.25,0.5,0.05,-0.190471,0.0670563,-0.00724019,0.20205981679177604
29.4167,0.5,0.05,-0.179046,0.0678439,-0.00887226,0.1916741554845556
29.5833,0.5,0.05,-0.162915,0.0671682,-0.011121,0.17656879950104434
29.75,0.5,0.05,-0.137433,0.0632673,-0.0144966,0.1519892501127958
29.9167,0.5,0.05,-0.0965155,0.0457127,-0.0212583,0.10888897097700025
0.0833333,0.833333,0.05,0.000124435,-0.00282082,0.000101099,0.002825372639038256
0.25,0.833333,0.05,0.000362901,-0.00279247,0.000100725,0.0028177528923463107
0.416667,0.833333,0.05,0.000602119,-0.00274824,9.98519e-05,0.002815198179470605
0.583333,0.833333,0.05,0.000834875,-0.00268825,9.92447e-05,0.0028166564999309186
0.75,0.833333,0.05,0.0010602,-0.00261228,9.89332e-05,0.0028209605839965646
0.916667,0.833333,0.05,0.00127588,-0.00251989,9.8866e-05,0.0028262147604978644
1.08333,0.833333,0.05,0.00147986,-0.00241057,9.89885e-05,0.002830306002472568
1.25,0.833333,0.05,0.00167002,-0.00228381,9.92245e-05,0.0028310069618247584
1.41667,0.833333,0.05,0.00184422,-0.00213927,9.94896e-05,0.0028262203951228146
1.58333,0.833333,0.05,0.00200027,-0.00197694,9.96845e-05,0.0028141266560054207
1.75,0.833333,0.05,0.00213593,-0.00179728,9.97065e-05,0.0027932693657150664
1.91667,0.833333,0.05,0.00224892,-0.00160138,9.9451e-05,0.0027625983371096494
2.08333,0.833333,0.05,0.0023369,-0.00139108,9.88257e-05,0.0027213914998361574
2.25,0.833333,0.05,0.00239756,-0.00116892,9.77487e-05,0.0026691239627172976
2.41667,0.833333,0.05,0.00242868,-0.000938082,9.61458e-05,0.002605326926890681
2.58333,0.833333,0.05,0.00242831,-0.000702117,9.39295e-05,0.0025295217905286467
2.75,0.833333,0.05,0.00239504,-0.000464592,9.09787e-05,0.002441380644618469
2.91667,0.833333,0.05,0.00232833,-0.00022871,8.71234e-05,0.002341157692217156
3.08333,0.833333,0.05,0.00222828,3.02534e-06,8.21222e-05,0.002229794826170102
3.25,0.833333,0.05,0.00209691,0.000228412,7.54128e-05,0.0021106611950400377
3.41667,0.833333,0.05,0.00193698,0.000448114,6.71762e-05,0.001989273817060497
3.58333,0.833333,0.05,0.00175187,0.000662812,5.74463e-05,0.001873944588729264
3.75,0.833333,0.05,0.00154495,0.000873225,4.6195e-05,0.0017752538920250253
3.91667,0.833333,0.05,0.00131946,0.00108009,3.34636e-05,0.0017054878809962149
4.08333,0.833333,0.05,0.00107838,0.00128416,1.9372e-05,0.0016770049506140406
4.25,0.833333,0.05,0.0008243,0.00148614,4.0867e-06,0.0016994408759109243
4.41667,0.833333,0.05,0.000559325,0.00168692,-1.22078e-05,0.0017772711026756273
4.58333,0.833333,0.05,0.000285927,0.00188616,-2.92898e-05,0.001907933879177431
4.75,0.833333,0.05,3.14611e-06,0.00208566,-4.66953e-05,0.0020861850312592655
4.91667,0.833333,0.05,-0.000287534,0.00228447,-6.36955e-05,0.002303374936647581
5.08333,0.833333,0.05,-0.000585387,0.00248214,-8.00724e-05,0.0025514914282847904
5.25,0.833333,0.05,-0.000892749,0.00268135,-9.60663e-05,0.002827696471245931
5.41667,0.833333,0.05,-0.0012093,0.00288217,-0.000111685,0.003127584361472125
5.58333,0.833333,0.05,-0.00153551,0.00308473,-0.000126934,0.0034481099711807335
5.75,0.833333,0.05,-0.00187228,0.00328941,-0.000141864,0.0037875818065087386
5.91667,0.833333,0.05,-0.00222035,0.00349612,-0.000156556,0.004144552926195539
6.08333,0.833333,0.05,-0.00258025,0.00370507,-0.000171104,0.004518241953040585
6.25,0.833333,0.05,-0.00295235,0.00391639,-0.000185621,0.004908048116129364
6.41667,0.833333,0.05,-0.00333689,0.00413019,-0.000200224,0.005313510511740425
6.58333,0.833333,0.05,-0.00373387,0.00434649,-0.000215036,0.005734108560037558
6.75,0.833333,0.05,-0.0041431,0.00456524,-0.00023017,0.006169252150504144
6.91667,0.833333,0.05,-0.00456413,0.00478632,-0.000245728,0.00661819643477617
7.08333,0.833333,0.05,-0.0049963,0.00500959,-0.000261797,0.007080080742993614
7.25,0.833333,0.05,-0.00543879,0.00523487,-0.000278446,0.007553928299627684
7.41667,0.833333,0.05,-0.00589063,0.00546193,-0.000295727,0.008038635181442743
7.58333,0.833333,0.05,-0.00635071,0.0056905,-0.000313669,0.008532976971471387
7.75,0.833333,0.05,-0.00681784,0.0059203,-0.00033228,0.009035668450867373
7.91667,0.833333,0.05,-0.00729079,0.00615097,-0.000351547,0.009545346303734034
8.08333,0.833333,0.05,-0.00776829,0.00638219,-0.000371433,0.010060648149780858
8.25,0.833333,0.05,-0.00824911,0.00661356,-0.000391885,0.01058019685634086
8.41667,0.833333,0.05,-0.00873206,0.00684471,-0.00041283,0.011102673346388247
8.58333,0.833333,0.05,-0.00921604,0.00707524,-0.000434183,0.011626819393827746
8.75,0.833333,0.05,-0.00970008,0.00730477,-0.000455845,0.012151502434815416
8.91667,0.833333,0.05,-0.0101833,0.00753291,-0.000477712,0.012675667268946594
9.08333,0.833333,0.05,-0.010665,0.00775929,-0.00049967,0.013198427043136616
9.25,0.833333,0.05,-0.0111446,0.00798356,-0.000521609,0.013719016560325342
9.41667,0.833333,0.05,-0.0116218,0.00820538,-0.000543416,0.014236916700376384
9.58333,0.833333,0.05,-0.0120963,0.00842444,-0.000564986,0.014751639643910639
9.75,0.833333,0.05,-0.012568,0.00864048,-0.00058622,0.015262901838077842
9.91667,0.833333,0.05,-0.013037,0.00885326,-0.000607029,0.015770607655840055
10.0833,0.833333,0.05,-0.0135036,0.00906257,-0.000627338,0.016274856095558694
10.25,0.833333,0.05,-0.0139679,0.00926827,-0.000647085,0.016775630485919898
10.4167,0.833333,0.05,-0.0144305,0.00947022,-0.000666223,0.017273339288745793
10.5833,0.833333,0.05,-0.0148918,0.00966838,-0.000684724,0.017768289901410772
10.75,0.833333,0.05,-0.0153522,0.00986271,-0.000702575,0.01826079694358176
10.9167,0.833333,0.05,-0.0158124,0.0100532,-0.000719783,0.018751450918984617
11.0833,0.833333,0.05,-0.0162727,0.0102401,-0.000736368,0.019240651005915158
11.25,0.833333,0.05,-0.0167337,0.0104233,-0.000752371,0.01972886111010063
11.4167,0.833333,0.05,-0.0171957,0.0106031,-0.000767845,0.020216513399793374
11.5833,0.833333,0.05,-0.0176592,0.0107798,-0.00078286,0.02070420977626531
11.75,0.833333,0.05,-0.0181243,0.0109535,-0.000797493,0.021192107205869098
11.9167,0.833333,0.05,-0.0185912,0.0111246,-0.000811839,0.021680602509199808
12.0833,0.833333,0.05,-0.0190599,0.0112935,-0.000825995,0.02216991650863902
12.25,0.833333,0.05,-0.0195303,0.0114606,-0.000840068,0.022660178390617847
12.4167,0.833333,0.05,-0.0200021,0.0116264,-0.000854166,0.023151388315294525
12.5833,0.833333,0.05,-0.0204751,0.0117913,-0.000868404,0.023643574205420296
12.75,0.833333,0.05,-0.0209486,0.0119559,-0.00088289,0.02413642230161919
12.9167,0.833333,0.05,-0.0214223,0.0121208,-0.000897736,0.024629954524028174
13.0833,0.833333,0.05,-0.0218954,0.0122865,-0.000913046,0.025123699496851892
13.25,0.833333,0.05,-0.0223671,0.0124538,-0.00092892,0.025617322053961847
13.4167,0.833333,0.05,-0.0228368,0.0126234,-0.000945447,0.02611060190477824
13.5833,0.833333,0.05,-0.0233036,0.0127959,-0.000962714,0.02660300073329691
13.75,0.833333,0.05,-0.0237667,0.0129721,-0.000980789,0.027094157199708594
13.9167,0.833333,0.05,-0.0242254,0.0131527,-0.000999735,0.02758374507785745
14.0833,0.833333,0.05,-0.024679,0.0133386,-0.0010196,0.028071531399622644
14.25,0.833333,0.05,-0.0251267,0.0135306,-0.00104042,0.028557147319478532
14.4167,0.833333,0.05,-0.0255683,0.0137294,-0.00106221,0.029040707280197222
14.5833,0.833333,0.05,-0.0260032,0.0139359,-0.00108498,0.029522074802601526
14.75,0.833333,0.05,-0.0264314,0.014151,-0.00110873,0.030001649774185755
14.9167,0.833333,0.05,-0.0268529,0.0143754,-0.00113343,0.03047974781941117
15.0833,0.833333,0.05,-0.0272681,0.01461,-0.00115904,0.030957143785103947
15.25,0.833333,0.05,-0.0276775,0.0148555,-0.00118552,0.03143462015311144
15.4167,0.833333,0.05,-0.028082,0.0151127,-0.00121278,0.03191337118855355
15.5833,0.833333,0.05,-0.0284828,0.0153824,-0.00124076,0.03239487013367394
15.75,0.833333,0.05,-0.0288816,0.0156652,-0.00126934,0.03288094484098047
15.9167,0.833333,0.05,-0.0292802,0.0159617,-0.00129842,0.03337352054288549
16.0833,0.833333,0.05,-0.0296809,0.0162724,-0.00132787,0.03387491793800983
16.25,0.833333,0.05,-0.0300864,0.0165978,-0.00135756,0.034387808871075225
16.4167,0.833333,0.05,-0.0304999,0.0169382,-0.00138732,0.034915199785085005
16.5833,0.833333,0.05,-0.0309246,0.0172937,-0.001417,0.035459989196980866
16.75,0.833333,0.05,-0.0313645,0.0176643,-0.00144643,0.03602570630098596
16.9167,0.833333,0.05,-0.0318237,0.0180499,-0.00147543,0.03661589361718351
17.0833,0.833333,0.05,-0.0323065,0.0184501,-0.00150382,0.03723409199715229
17.25,0.833333,0.05,-0.0328176,0.0188641,-0.00153143,0.03788395988297554
17.4167,0.833333,0.05,-0.0333619,0.0192912,-0.00155806,0.03856934430365132
17.5833,0.833333,0.05,-0.0339443,0.0197301,-0.00158356,0.03929376554586745
17.75,0.833333,0.05,-0.0345696,0.0201792,-0.00160775,0.04006048198490003
17.9167,0.833333,0.05,-0.0352428,0.0206368,-0.0016305,0.04087286381366003
18.0833,0.833333,0.05,-0.0359685,0.0211008,-0.00165167,0.04173373655304423
18.25,0.833333,0.05,-0.0367509,0.0215685,-0.00167115,0.042645299686864674
18.4167,0.833333,0.05,-0.0375938,0.0220374,-0.00168887,0.043609552612666184
18.5833,0.833333,0.05,-0.0385006,0.0225043,-0.00170478,0.04462786118220769
18.75,0.833333,0.05,-0.0394736,0.0229662,-0.00171883,0.04570082948884954
18.9167,0.833333,0.05,-0.0405146,0.0234197,-0.00173103,0.046828534315211064
19.0833,0.833333,0.05,-0.0416246,0.0238617,-0.0017414,0.048010629302374284
19.25,0.833333,0.05,-0.0428034,0.024289,-0.00175,0.04924580258824096
19.4167,0.833333,0.05,-0.0440502,0.0246989,-0.00175688,0.0505325875904292
19.5833,0.833333,0.05,-0.0453632,0.0250888,-0.00176212,0.05186880436808236
19.75,0.833333,0.05,-0.0467402,0.0254569,-0.00176581,0.053252400308400186
19.9167,0.833333,0.05,-0.0481781,0.0258015,-0.00176803,0.054680642387785645
20.0833,0.833333,0.05,-0.0496735,0.026122,-0.00176887,0.05615108536196696
20.25,0.833333,0.05,-0.0512228,0.026418,-0.00176839,0.05766119290330456
20.4167,0.833333,0.05,-0.0528224,0.0266898,-0.00176667,0.059208719701484
20.5833,0.833333,0.05,-0.0544686,0.0269384,-0.00176377,0.060791583834712684
20.75,0.833333,0.05,-0.0561582,0.0271651,-0.00175972,0.0624081941713458
20.9167,0.833333,0.05,-0.0578882,0.0273715,-0.00175456,0.06405717127912847
21.0833,0.833333,0.05,-0.0596558,0.0275598,-0.00174833,0.06573746045801358
21.25,0.833333,0.05,-0.0614589,0.0277322,-0.00174102,0.06744851708296039
21.4167,0.833333,0.05,-0.0632957,0.0278911,-0.00173263,0.06919003616429824
21.5833,0.833333,0.05,-0.0651652,0.0280394,-0.00172317,0.07096252925487437
21.75,0.833333,0.05,-0.0670663,0.0281796,-0.00171262,0.07276614267029963
21.9167,0.833333,0.05,-0.0689989,0.0283146,-0.00170096,0.07460199755563922
22.0833,0.833333,0.05,-0.070963,0.0284475,-0.00168817,0.07647128574307419
22.25,0.833333,0.05,-0.0729591,0.0285811,-0.00167422,0.07837545893089494
22.4167,0.833333,0.05,-0.0749881,0.0287187,-0.00165911,0.08031644611965909
22.5833,0.833333,0.05,-0.0770511,0.0288635,-0.0016428,0.08229624800256691
22.75,0.833333,0.05,-0.0791496,0.0290187,-0.00162531,0.08431717359142264
22.9167,0.833333,0.05,-0.0812852,0.0291879,-0.00160663,0.08638170237617976
23.0833,0.833333,0.05,-0.0834597,0.0293746,-0.00158678,0.08849240939209645
23.25,0.833333,0.05,-0.085675,0.0295826,-0.0015658,0.09065201364227934
23.4167,0.833333,0.05,-0.0879331,0.0298156,-0.00154376,0.09286325039490918
23.5833,0.833333,0.05,-0.0902358,0.0300779,-0.00152072,0.09512881928925851
23.75,0.833333,0.05,-0.0925849,0.0303734,-0.0014968,0.09745125728183295
23.9167,0.833333,0.05,-0.0949818,0.0307066,-0.00147215,0.09983288456426821
24.0833,0.833333,0.05,-0.0974276,0.0310818,-0.00144692,0.10227565257912756
24.25,0.833333,0.05,-0.0999229,0.0315038,-0.00142133,0.1047811793110714
24.4167,0.833333,0.05,-0.102468,0.0319771,-0.00139562,0.10735070425290372
24.5833,0.833333,0.05,-0.105062,0.0325065,-0.00137007,0.10998442379744007
24.75,0.833333,0.05,-0.107703,0.0330969,-0.00134501,0.11268163138023028
24.9167,0.833333,0.05,-0.110389,0.0337532,-0.0013208,0.11544156246291888
25.0833,0.833333,0.05,-0.113115,0.0344801,-0.00129783,0.11826058043033147
25.25,0.833333,0.05,-0.115877,0.0352824,-0.00127652,0.12113610684709328
25.4167,0.833333,0.05,-0.118668,0.0361647,-0.00125733,0.12406272860460106
25.5833,0.833333,0.05,-0.121479,0.0371313,-0.00124074,0.12703314652655662
25.75,0.833333,0.05,-0.124298,0.0381862,-0.00122722,0.13003724367798788
25.9167,0.833333,0.05,-0.127112,0.0393329,-0.00121727,0.13306396699581333
26.0833,0.833333,0.05,-0.129907,0.040574,-0.00121134,0.1361012324323171
26.25,0.833333,0.05,-0.132661,0.0419115,-0.00120988,0.13912935909743995
26.4167,0.833333,0.05,-0.135354,0.0433458,-0.00121331,0.1421303479725428
26.5833,0.833333,0.05,-0.137958,0.0448761,-0.00122198,0.1450784868625614
26.75,0.833333,0.05,-0.140444,0.0464991,-0.00123621,0.14794665137127674
26.9167,0.833333,0.05,-0.142776,0.0482093,-0.00125623,0.1507006997206811
27.0833,0.833333,0.05,-0.144915,0.0499978,-0.00128224,0.15330290724333182
27.25,0.833333,0.05,-0.146814,0.0518516,-0.00131437,0.1557069895253803
27.4167,0.833333,0.05,-0.148419,0.0537523,-0.00135268,0.15785860464185156
27.5833,0.833333,0.05,-0.149669,0.055675,-0.00139726,0.15969492014935102
27.75,0.833333,0.05,-0.150492,0.0575866,-0.00144821,0.1611401746175177
27.9167,0.833333,0.05,-0.150807,0.059443,-0.00150575,0.1621064119060764
28.0833,0.833333,0.05,-0.150516,0.0611863,-0.00157026,0.162484753992975
28.25,0.833333,0.05,-0.149505,0.0627397,-0.00164249,0.16214411106941287
28.4167,0.833333,0.05,-0.147635,0.0640017,-0.00172391,0.16092011276897022
28.5833,0.833333,0.05,-0.144739,0.0648376,-0.00181735,0.15860830765058462
28.75,0.833333,0.05,-0.14061,0.0650675,-0.00192778,0.15494730714658583
28.9167,0.833333,0.05,-0.134993,0.064446,-0.00206357,0.14960165535897288
29.0833,0.833333,0.05,-0.127556,0.0626273,-0.00223811,0.1421186862367581
29.25,0.833333,0.05,-0.117847,0.0590936,-0.00247561,0.13185635219750355
29.4167,0.833333,0.05,-0.105248,0.053078,-0.00283063,0.11790855801932656
29.5833,0.833333,0.05,-0.0889715,0.0435704,-0.00339168,0.09912522918829696
29.75,0.833333,0.05,-0.0672004,0.0285901,-0.00420948,0.07315057962887511
29.9167,0.833333,0.05,-0.0327424,-0.000124427,-0.00528958,0.03316715086368935
0.0833333,1.16667,0.05,0.000112896,-0.00366394,7.74476e-05,0.0036664969604735475
0.25,1.16667,0.05,0.000331065,-0.00363117,7.71083e-05,0.003647046105145079
0.416667,1.16667,0.05,0.00055075,-0.00357953,7.66828e-05,0.0036224633656140462
0.583333,1.16667,0.05,0.000765597,-0.00350913,7.66232e-05,0.0035924926218556443
0.75,1.16667,0.05,0.000974957,-0.00341965,7.69449e-05,0.003556749610527147
0.916667,1.16667,0.05,0.00117695,-0.00331046,7.76207e-05,0.0035143109832751697
1.08333,1.16667,0.05,0.00136992,-0.00318074,7.86196e-05,0.003464097111153808
1.25,1.16667,0.05,0.00155218,-0.00302962,7.98876e-05,0.003405031883174335
1.41667,1.16667,0.05,0.00172203,-0.00285628,8.13536e-05,0.003336216594817093
1.58333,1.16667,0.05,0.00187776,-0.00266019,8.29186e-05,0.003257217976728908
1.75,1.16667,0.05,0.00201759,-0.00244124,8.44612e-05,0.0031681944132274206
1.91667,1.16667,0.05,0.0021397,-0.00219997,8.58394e-05,0.003070106267459216
2.08333,1.16667,0.05,0.00224219,-0.00193774,8.69071e-05,0.0029647605548729244
2.25,1.16667,0.05,0.00232302,-0.00165682,8.75236e-05,0.002854668949870888
2.41667,1.16667,0.05,0.00238006,-0.00136041,8.75634e-05,0.0027428212338246835
2.58333,1.16667,0.05,0.00241116,-0.00105245,8.69075e-05,0.0026322797080964343
2.75,1.16667,0.05,0.00241434,-0.000737353,8.54316e-05,0.0025258712636410355
2.91667,1.16667,0.05,0.00238808,-0.000419533,8.29709e-05,0.0024260705255074117
3.08333,1.16667,0.05,0.00233164,-0.000103149,7.93935e-05,0.00233527046263238
3.25,1.16667,0.05,0.00224443,0.000208211,7.40779e-05,0.0022552838802885567
3.41667,1.16667,0.05,0.00212918,0.000512527,6.69797e-05,0.0021910220624952845
3.58333,1.16667,0.05,0.00198825,0.000810447,5.83786e-05,0.0021478758025656325
3.75,1.16667,0.05,0.00182484,0.00110267,4.82831e-05,0.0021326634549889982
3.91667,1.16667,0.05,0.00164199,0.00139002,3.67183e-05,0.0021516586611390965
4.08333,1.16667,0.05,0.00144266,0.00167335,2.378e-05,0.0022095098068349913
4.25,1.16667,0.05,0.00122952,0.00195357,9.62291e-06,0.0023082997586312028
4.41667,1.16667,0.05,0.00100493,0.00223165,-5.58332e-06,0.0024474838509910995
4.58333,1.16667,0.05,0.000770786,0.00250829,-2.16107e-05,0.0026241373447764677
4.75,1.16667,0.05,0.000528235,0.00278354,-3.81975e-05,0.002833475991751342
4.91667,1.16667,0.05,0.000278631,0.00305775,-5.50941e-05,0.003070912837661761
5.08333,1.16667,0.05,2.06586e-05,0.00333412,-7.19095e-05,0.00333495935932422
5.25,1.16667,0.05,-0.000245463,0.00361163,-8.81191e-05,0.0036210341502192172
5.41667,1.16667,0.05,-0.000518441,0.00388808,-0.000103712,0.003923863317678765
5.58333,1.16667,0.05,-0.000800038,0.00416636,-0.000118872,0.0042441426700133445
5.75,1.16667,0.05,-0.00109123,0.00444763,-0.000133751,0.004581493736741435
5.91667,1.16667,0.05,-0.00139254,0.00473187,-0.000148383,0.00493475215823338
6.08333,1.16667,0.05,-0.00170382,0.00501894,-0.000162846,0.005302761557501525
6.25,1.16667,0.05,-0.00202546,0.00530911,-0.000177226,0.005685116204509455
6.41667,1.16667,0.05,-0.00235772,0.00560253,-0.000191627,0.006081439542281827
6.58333,1.16667,0.05,-0.00270068,0.00589922,-0.00020616,0.0064912996400104655
6.75,1.16667,0.05,-0.00305425,0.0061991,-0.000220946,0.006914195615356569
6.91667,1.16667,0.05,-0.00341804,0.00650189,-0.000236072,0.007349374191241319
7.08333,1.16667,0.05,-0.00379145,0.00680744,-0.000251623,0.007796130231738628
7.25,1.16667,0.05,-0.00417372,0.00711554,-0.000267673,0.008253635378724275
7.41667,1.16667,0.05,-0.00456396,0.00742592,-0.000284277,0.008720942159006045
7.58333,1.16667,0.05,-0.00496114,0.00773824,-0.000301473,0.009196964410441578
7.75,1.16667,0.05,-0.00536416,0.0080521,-0.000319276,0.00968051982487387
7.91667,1.16667,0.05,-0.00577185,0.00836706,-0.000337681,0.010170347777920922
8.08333,1.16667,0.05,-0.00618302,0.00868267,-0.000356662,0.010665163028831018
8.25,1.16667,0.05,-0.00659649,0.00899841,-0.000376174,0.01116362708650177
8.41667,1.16667,0.05,-0.00701112,0.00931376,-0.000396153,0.011664427383777097
8.58333,1.16667,0.05,-0.00742586,0.0096282,-0.000416522,0.012166310967424925
8.75,1.16667,0.05,-0.00783972,0.0099412,-0.000437191,0.012668062325741889
8.91667,1.16667,0.05,-0.00825189,0.0102522,-0.000458062,0.01316856538154191
9.08333,1.16667,0.05,-0.00866164,0.0105608,-0.000479029,0.013666893316055445
9.25,1.16667,0.05,-0.00906845,0.0108665,-0.000499987,0.014162188907533645
9.41667,1.16667,0.05,-0.00947191,0.0111687,-0.000520828,0.01465360708302512
9.58333,1.16667,0.05,-0.00987179,0.0114671,-0.000541451,0.01514066674223764
9.75,1.16667,0.05,-0.010268,0.0117614,-0.000561758,0.015622993503505146
9.91667,1.16667,0.05,-0.0106606,0.0120511,-0.000581663,0.016100178117510657
10.0833,1.16667,0.05,-0.0110498,0.012336,-0.00060109,0.016572153910343095
10.25,1.16667,0.05,-0.0114358,0.012616,-0.000619976,0.017038936230897046
10.4167,1.16667,0.05,-0.0118191,0.0128907,-0.000638272,0.017500533204619338
10.5833,1.16667,0.05,-0.0122001,0.0131602,-0.000655948,0.01795727072326705
10.75,1.16667,0.05,-0.0125792,0.0134245,-0.000672988,0.018409410249601806
10.9167,1.16667,0.05,-0.0129571,0.0136835,-0.000689392,0.01885735596497197
11.0833,1.16667,0.05,-0.0133342,0.0139374,-0.000705179,0.019301535841016407
11.25,1.16667,0.05,-0.0137111,0.0141863,-0.000720384,0.019742449797516416
11.4167,1.16667,0.05,-0.014088,0.0144305,-0.000735055,0.02018047026466492
11.5833,1.16667,0.05,-0.0144655,0.0146703,-0.000749257,0.02061625034753044
11.75,1.16667,0.05,-0.0148437,0.0149061,-0.000763066,0.02105016666490686
11.9167,1.16667,0.05,-0.0152229,0.0151384,-0.00077657,0.021482804750192652
12.0833,1.16667,0.05,-0.0156032,0.0153676,-0.000789864,0.021914535476219795
12.25,1.16667,0.05,-0.0159844,0.0155944,-0.000803054,0.022345721076906782
12.4167,1.16667,0.05,-0.0163664,0.0158193,-0.000816247,0.022776645069347002
12.5833,1.16667,0.05,-0.0167489,0.0160432,-0.000829556,0.023207715971356083
12.75,1.16667,0.05,-0.0171316,0.0162667,-0.000843094,0.023639121281105943
12.9167,1.16667,0.05,-0.0175139,0.0164907,-0.000856973,0.024071025786674093
13.0833,1.16667,0.05,-0.0178952,0.0167161,-0.000871301,0.02450357826282931
13.25,1.16667,0.05,-0.018275,0.0169439,-0.000886185,0.024937054679015823
13.4167,1.16667,0.05,-0.0186524,0.017175,-0.000901721,0.025371356911325044
13.5833,1.16667,0.05,-0.0190269,0.0174104,-0.000918001,0.025806737058489224
13.75,1.16667,0.05,-0.0193975,0.0176513,-0.000935105,0.026243205202509563
13.9167,1.16667,0.05,-0.0197638,0.0178988,-0.000953106,0.026681140210403978
14.0833,1.16667,0.05,-0.0201249,0.0181541,-0.000972063,0.02712061675729313
14.25,1.16667,0.05,-0.0204805,0.0184183,-0.000992026,0.02756208937516668
14.4167,1.16667,0.05,-0.02083,0.0186926,-0.00101303,0.02800586410987706
14.5833,1.16667,0.05,-0.0211732,0.0189784,-0.0010351,0.02845268874482691
14.75,1.16667,0.05,-0.0215101,0.0192769,-0.00105824,0.028903341459381473
14.9167,1.16667,0.05,-0.0218408,0.0195892,-0.00108244,0.02935862697119196
15.0833,1.16667,0.05,-0.0221657,0.0199168,-0.00110769,0.029819861768058214
15.25,1.16667,0.05,-0.0224856,0.0202608,-0.00113396,0.030288415100193013
15.4167,1.16667,0.05,-0.0228014,0.0206224,-0.00116119,0.030765818466865137
15.5833,1.16667,0.05,-0.0231146,0.0210028,-0.00118931,0.03125406852357145
15.75,1.16667,0.05,-0.023427,0.021403,-0.00121825,0.03175526524944328
15.9167,1.16667,0.05,-0.0237406,0.0218241,-0.00124791,0.03227173234485716
16.0833,1.16667,0.05,-0.024058,0.022267,-0.00127817,0.03280610265711092
16.25,1.16667,0.05,-0.0243822,0.0227323,-0.00130891,0.03336109089220705
16.4167,1.16667,0.05,-0.0247167,0.0232207,-0.00133999,0.033939825288002004
16.5833,1.16667,0.05,-0.0250653,0.0237325,-0.00137126,0.0345453495325724
16.75,1.16667,0.05,-0.0254322,0.0242679,-0.00140254,0.03518088807437356
16.9167,1.16667,0.05,-0.0258221,0.0248267,-0.00143366,0.03584970379648345
17.0833,1.16667,0.05,-0.02624,0.0254085,-0.00146443,0.036555082101876066
17.25,1.16667,0.05,-0.0266911,0.0260123,-0.00149465,0.037299980551234874
17.4167,1.16667,0.05,-0.0271809,0.026637,-0.00152414,0.03808745326941144
17.5833,1.16667,0.05,-0.0277152,0.0272807,-0.00155271,0.03892017230015946
17.75,1.16667,0.05,-0.0282996,0.0279414,-0.00158016,0.03980057913831908
17.9167,1.16667,0.05,-0.0289395,0.0286162,-0.00160633,0.04073035549512059
18.0833,1.16667,0.05,-0.0296405,0.0293018,-0.00163105,0.04171109022301503
18.25,1.16667,0.05,-0.0304072,0.0299946,-0.00165421,0.04274354046781923
18.4167,1.16667,0.05,-0.0312441,0.0306901,-0.0016757,0.04382789058704514
18.5833,1.16667,0.05,-0.0321547,0.0313838,-0.00169543,0.04496378673349143
18.75,1.16667,0.05,-0.0331415,0.0320704,-0.00171336,0.04614981236039427
18.9167,1.16667,0.05,-0.0342059,0.032745,-0.0017295,0.047384277878427146
19.0833,1.16667,0.05,-0.0353481,0.0334022,-0.00174388,0.04866452769630463
19.25,1.16667,0.05,-0.0365673,0.0340369,-0.00175655,0.04998763305861261
19.4167,1.16667,0.05,-0.037861,0.0346447,-0.00176759,0.05135012106605105
19.5833,1.16667,0.05,-0.039226,0.0352215,-0.0017771,0.05274837649312062
19.75,1.16667,0.05,-0.0406576,0.0357641,-0.0017852,0.05417839260821605
19.9167,1.16667,0.05,-0.0421508,0.0362701,-0.00179199,0.055636510699450775
20.0833,1.16667,0.05,-0.0436998,0.0367382,-0.00179758,0.05711916625036118
20.25,1.16667,0.05,-0.0452988,0.0371681,-0.00180206,0.058623343126212105
20.4167,1.16667,0.05,-0.0469416,0.0375604,-0.00180552,0.060146133385201084
20.5833,1.16667,0.05,-0.0486225,0.0379163,-0.00180803,0.06168518691242574
20.75,1.16667,0.05,-0.0503363,0.0382381,-0.00180966,0.06323899318154583
20.9167,1.16667,0.05,-0.052078,0.0385284,-0.00181045,0.06480612177690083
21.0833,1.16667,0.05,-0.0538434,0.0387901,-0.00181045,0.06638570110176212
21.25,1.16667,0.05,-0.0556285,0.0390265,-0.00180969,0.06797700120184841
21.4167,1.16667,0.05,-0.0574302,0.039241,-0.00180819,0.0695798354706024
21.5833,1.16667,0.05,-0.0592456,0.0394372,-0.00180598,0.07119406876250578
21.75,1.16667,0.05,-0.0610724,0.0396187,-0.00180306,0.07281984933253845
21.9167,1.16667,0.05,-0.0629085,0.039789,-0.00179944,0.07445724865695481
22.0833,1.16667,0.05,-0.0647522,0.0399517,-0.00179513,0.07610655838656022
22.25,1.16667,0.05,-0.066602,0.0401103,-0.00179014,0.07776803437987616
22.4167,1.16667,0.05,-0.0684565,0.0402685,-0.00178448,0.07944198419834692
22.5833,1.16667,0.05,-0.0703144,0.0404298,-0.00177815,0.08112857322067547
22.75,1.16667,0.05,-0.0721744,0.0405977,-0.00177118,0.08282785968043845
22.9167,1.16667,0.05,-0.0740353,0.0407758,-0.00176357,0.08453994139384591
23.0833,1.16667,0.05,-0.0758956,0.0409678,-0.00175536,0.08626461629735334
23.25,1.16667,0.05,-0.0777537,0.0411773,-0.00174658,0.08800146840068294
23.4167,1.16667,0.05,-0.0796078,0.041408,-0.00173725,0.08974988758991569
23.5833,1.16667,0.05,-0.0814556,0.0416635,-0.00172743,0.09150872099431234
23.75,1.16667,0.05,-0.0832947,0.0419477,-0.00171715,0.09327682020471377
23.9167,1.16667,0.05,-0.085122,0.0422644,-0.00170648,0.09505233540187427
24.0833,1.16667,0.05,-0.0869341,0.0426173,-0.00169545,0.09683308604398859
24.25,1.16667,0.05,-0.0887267,0.0430102,-0.00168412,0.0986161287878631
24.4167,1.16667,0.05,-0.090495,0.0434469,-0.00167255,0.10039808548031431
24.5833,1.16667,0.05,-0.0922336,0.0439309,-0.00166079,0.10217494393046712
24.75,1.16667,0.05,-0.093936,0.0444659,-0.00164889,0.10394184526475418
24.9167,1.16667,0.05,-0.095595,0.045055,-0.00163688,0.10569312383563274
25.0833,1.16667,0.05,-0.0972022,0.0457015,-0.00162481,0.10742222672532022
25.25,1.16667,0.05,-0.0987483,0.046408,-0.0016127,0.10912162946996347
25.4167,1.16667,0.05,-0.100223,0.0471766,-0.00160056,0.11078286468977773
25.5833,1.16667,0.05,-0.101613,0.0480088,-0.00158838,0.11239470449031128
25.75,1.16667,0.05,-0.102907,0.0489055,-0.00157612,0.11394771929926636
25.9167,1.16667,0.05,-0.104088,0.0498664,-0.00156371,0.1154270972602365
26.0833,1.16667,0.05,-0.10514,0.0508896,-0.00155104,0.11681856322195372
26.25,1.16667,0.05,-0.106043,0.0519722,-0.00153796,0.11810416056516214
26.4167,1.16667,0.05,-0.106777,0.0531087,-0.00152423,0.11926518780341101
26.5833,1.16667,0.05,-0.107317,0.0542913,-0.00150955,0.12027785534292046
26.75,1.16667,0.05,-0.107637,0.0555092,-0.00149351,0.12111657865775478
26.9167,1.16667,0.05,-0.107706,0.0567476,-0.0014756,0.12174994840705272
27.0833,1.16667,0.05,-0.107491,0.0579871,-0.00145518,0.12214309802949327
27.25,1.16667,0.05,-0.106956,0.0592023,-0.00143142,0.12225607234205751
27.4167,1.16667,0.05,-0.106058,0.0603603,-0.00140328,0.12203947875523068
27.5833,1.16667,0.05,-0.104751,0.0614187,-0.0013695,0.12143683230774754
27.75,1.16667,0.05,-0.102983,0.0623238,-0.00132864,0.1203807277752116
27.9167,1.16667,0.05,-0.100697,0.0630078,-0.00127898,0.11879185350721824
28.0833,1.16667,0.05,-0.0978286,0.0633842,-0.00121835,0.11657390859159909
28.25,1.16667,0.05,-0.094309,0.0633409,-0.00114378,0.11361146652736423
28.4167,1.16667,0.05,-0.0900585,0.0627303,-0.00105143,0.10975759411259386
28.5833,1.16667,0.05,-0.0849823,0.0613665,-0.000937677,0.10482708559192289
28.75,1.16667,0.05,-0.0789746,0.0590112,-0.000798032,0.09858978661947203
28.9167,1.16667,0.05,-0.071925,0.055334,-0.00062448,0.09074936449513242
29.0833,1.16667,0.05,-0.0637304,0.049861,-0.000398131,0.08091873524378122
29.25,1.16667,0.05,-0.0542408,0.0418442,-7.94782e-05,0.06850553098155122
29.4167,1.16667,0.05,-0.043013,0.029958,0.000318797,0.052418523105169694
29.5833,1.16667,0.05,-0.0290323,0.0119902,0.000808744,0.03142122540875095
29.75,1.16667,0.05,-0.0116182,-0.0155512,0.00255211,0.019578959577365187
29.9167,1.16667,0.05,0.00583375,-0.0505794,0.00406862,0.051077020392020715
0.0833333,1.5,0.05,0.000104526,-0.00439716,5.8461e-05,0.004398790679129549
0.25,1.5,0.05,0.000307519,-0.00436147,5.8107e-05,0.004372683949213572
0.416667,1.5,0.05,0.000512405,-0.00430494,5.77959e-05,0.004335713050200833
0.583333,1.5,0.05,0.000713809,-0.00422767,5.7863e-05,0.004287897508587397
0.75,1.5,0.05,0.000911321,-0.00412928,5.83202e-05,0.004229049601171525
0.916667,1.5,0.05,0.00110337,-0.00400908,5.91669e-05,0.004158563276584307
1.08333,1.5,0.05,0.00128866,-0.00386611,6.04034e-05,0.004075671686781402
1.25,1.5,0.05,0.00146587,-0.00369928,6.20154e-05,0.003979609690049661
1.41667,1.5,0.05,0.00163369,-0.00350745,6.39722e-05,0.0038697856479361797
1.58333,1.5,0.05,0.00179082,-0.00328964,6.62123e-05,0.0037460848456316747
1.75,1.5,0.05,0.00193593,-0.00304516,6.86377e-05,0.0036090906783234596
1.91667,1.5,0.05,0.00206765,-0.00277387,7.11097e-05,0.003460431748905632
2.08333,1.5,0.05,0.00218456,-0.0024764,7.34589e-05,0.0033030675990038732
2.25,1.5,0.05,0.00228511,-0.00215429,7.54987e-05,0.0031413998742442343
2.41667,1.5,0.05,0.00236759,-0.00181013,7.70471e-05,0.0029812730972888766
2.58333,1.5,0.05,0.00243012,-0.00144749,7.79355e-05,0.0028296262044058486
2.75,1.5,0.05,0.0024707,-0.00107078,7.80138e-05,0.0026938846395847095
2.91667,1.5,0.05,0.00248728,-0.000684902,7.71256e-05,0.002581007730747694
3.08333,1.5,0.05,0.00247875,-0.000294835,7.51289e-05,0.0024973533172821605
3.25,1.5,0.05,0.00244223,9.54184e-05,7.16992e-05,0.002445144744026251
3.41667,1.5,0.05,0.00238008,0.000478643,6.61014e-05,0.0024286311623898265
3.58333,1.5,0.05,0.00229239,0.000855723,5.89136e-05,0.0024476079296108597
3.75,1.5,0.05,0.00218219,0.00122661,5.02595e-05,0.0025038073619071117
3.91667,1.5,0.05,0.00205217,0.00159181,4.01567e-05,0.002597474416727697
4.08333,1.5,0.05,0.00190504,0.00195207,2.8673e-05,0.0027277420749456864
4.25,1.5,0.05,0.00174345,0.0023083,1.59353e-05,0.002892770424054783
4.41667,1.5,0.05,0.0015698,0.00266145,2.10029e-06,0.003089917887860143
4.58333,1.5,0.05,0.00138621,0.00301258,-1.26418e-05,0.0033162292194007397
4.75,1.5,0.05,0.00119419,0.00336232,-2.80483e-05,0.0035682029434482686
4.91667,1.5,0.05,0.000994674,0.00371136,-4.38793e-05,0.0038425895967230863
5.08333,1.5,0.05,0.000788442,0.00406034,-5.99639e-05,0.0041366166576403
5.25,1.5,0.05,0.000576028,0.00440935,-7.60669e-05,0.004447466902918965
5.41667,1.5,0.05,0.000356907,0.00475924,-9.21279e-05,0.004773493011852789
5.58333,1.5,0.05,0.000131127,0.00511178,-0.000107916,0.005114600172211411
5.75,1.5,0.05,-0.000104089,0.00547068,-0.000123155,0.0054730559412768665
5.91667,1.5,0.05,-0.000345424,0.00582852,-0.000137747,0.005840371338038789
6.08333,1.5,0.05,-0.000595227,0.00618905,-0.000152061,0.0062194660246479355
6.25,1.5,0.05,-0.000853173,0.00655304,-0.000166213,0.006610436004598941
6.41667,1.5,0.05,-0.00111961,0.00692074,-0.000180274,0.007013035534971714
6.58333,1.5,0.05,-0.00139474,0.00729228,-0.000194346,0.007427005966990736
6.75,1.5,0.05,-0.00167881,0.0076677,-0.000208713,0.007852107196318006
6.91667,1.5,0.05,-0.0019713,0.00804661,-0.000223318,0.008287570639893454
7.08333,1.5,0.05,-0.00227134,0.0084287,-0.000238242,0.008732624367059653
7.25,1.5,0.05,-0.00257831,0.00881375,-0.000253565,0.009186629780709844
7.41667,1.5,0.05,-0.00289142,0.00920144,-0.000269348,0.009648800756317025
7.58333,1.5,0.05,-0.00320979,0.00959136,-0.000285635,0.010118227406365456
7.75,1.5,0.05,-0.00353243,0.00998304,-0.000302452,0.010593895721537192
7.91667,1.5,0.05,-0.00385825,0.010376,-0.000319803,0.011074734444730897
8.08333,1.5,0.05,-0.00418617,0.0107695,-0.000337674,0.011559419243594203
8.25,1.5,0.05,-0.00451508,0.0111631,-0.000356031,0.012046887859084645
8.41667,1.5,0.05,-0.0048439,0.0115561,-0.000374822,0.012535840855390753
8.58333,1.5,0.05,-0.00517161,0.0119478,-0.00039398,0.013025002689922946
8.75,1.5,0.05,-0.0054973,0.0123376,-0.000413424,0.013513237970737288
8.91667,1.5,0.05,-0.00582012,0.0127248,-0.000433065,0.013999352740345711
9.08333,1.5,0.05,-0.0061394,0.0131089,-0.000452807,0.014482421266806494
9.25,1.5,0.05,-0.00645457,0.0134891,-0.000472552,0.014961303355242952
9.41667,1.5,0.05,-0.00676526,0.0138651,-0.000492199,0.015435413850402618
9.58333,1.5,0.05,-0.00707121,0.0142361,-0.000511648,0.01590378375576089
9.75,1.5,0.05,-0.00737231,0.0146019,-0.000530806,0.016366068353631424
9.91667,1.5,0.05,-0.00766858,0.0149618,-0.00054959,0.016821552473671984
10.0833,1.5,0.05,-0.00796019,0.0153157,-0.000567922,0.017270142637632848
10.25,1.5,0.05,-0.0082474,0.0156633,-0.000585741,0.017711625170183595
10.4167,1.5,0.05,-0.00853057,0.0160043,-0.000602994,0.018145849243806033
10.5833,1.5,0.05,-0.00881013,0.0163386,-0.000619648,0.01857288895731636
10.75,1.5,0.05,-0.00908658,0.0166662,-0.000635681,0.018992952610643796
10.9167,1.5,0.05,-0.0093604,0.0169872,-0.00065109,0.019406338402390595
11.0833,1.5,0.05,-0.00963212,0.0173016,-0.000665887,0.019813291088336862
11.25,1.5,0.05,-0.00990224,0.0176097,-0.000680102,0.02021431249976125
11.4167,1.5,0.05,-0.0101712,0.0179118,-0.000693775,0.02060988142689387
11.5833,1.5,0.05,-0.0104394,0.0182084,-0.000706967,0.021000635829876414
11.75,1.5,0.05,-0.0107071,0.0184998,-0.000719746,0.02138697324902512
11.9167,1.5,0.05,-0.0109746,0.0187868,-0.000732197,0.021769745332612618
12.0833,1.5,0.05,-0.011242,0.0190699,-0.000744409,0.022149442312827675
12.25,1.5,0.05,-0.0115093,0.0193499,-0.000756487,0.022526759400348043
12.4167,1.5,0.05,-0.0117764,0.0196277,-0.000768533,0.0229024201171424
12.5833,1.5,0.05,-0.0120431,0.0199041,-0.000780662,0.023277003406328833
12.75,1.5,0.05,-0.012309,0.0201802,-0.000792985,0.023651232066220673
12.9167,1.5,0.05,-0.0125738,0.0204572,-0.000805618,0.024025954687419266
13.0833,1.5,0.05,-0.012837,0.0207361,-0.000818671,0.024401734250176586
13.25,1.5,0.05,-0.0130979,0.0210182,-0.000832258,0.024779272972154855
13.4167,1.5,0.05,-0.013356,0.0213048,-0.000846482,0.025159367456602005
13.5833,1.5,0.05,-0.0136106,0.0215974,-0.000861444,0.025542869942219413
13.75,1.5,0.05,-0.013861,0.0218974,-0.000877234,0.025930541591928927
13.9167,1.5,0.05,-0.0141068,0.0222063,-0.000893938,0.02632338677066164
14.0833,1.5,0.05,-0.0143472,0.0225258,-0.000911629,0.02672236667875136
14.25,1.5,0.05,-0.0145818,0.0228575,-0.000930374,0.027128578902513047
14.4167,1.5,0.05,-0.0148103,0.0232031,-0.000950225,0.02754327074351601
14.5833,1.5,0.05,-0.0150325,0.0235644,-0.000971226,0.02796784374157357
14.75,1.5,0.05,-0.0152485,0.0239431,-0.000993404,0.02840379624922021
14.9167,1.5,0.05,-0.0154584,0.0243411,-0.00101678,0.028852818256426875
15.0833,1.5,0.05,-0.0156629,0.0247602,-0.00104135,0.02931686119407226
15.25,1.5,0.05,-0.0158628,0.0252022,-0.00106712,0.029797953852142265
15.4167,1.5,0.05,-0.0160592,0.0256688,-0.00109405,0.03029822013720443
15.5833,1.5,0.05,-0.0162538,0.0261618,-0.00112211,0.030820203187716003
15.75,1.5,0.05,-0.0164484,0.026683,-0.00115123,0.03136650573578287
15.9167,1.5,0.05,-0.0166457,0.0272338,-0.00118136,0.03193986227865737
16.0833,1.5,0.05,-0.0168484,0.0278157,-0.0012124,0.032543073960675566
16.25,1.5,0.05,-0.0170599,0.0284299,-0.00124426,0.03317902326723317
16.4167,1.5,0.05,-0.0172841,0.0290776,-0.00127679,0.03385080689251144
16.5833,1.5,0.05,-0.0175254,0.0297595,-0.00130988,0.034561297299499624
16.75,1.5,0.05,-0.0177886,0.030476,-0.00134335,0.03531324758759098
16.9167,1.5,0.05,-0.0180792,0.0312271,-0.00137704,0.036109354552686206
17.0833,1.5,0.05,-0.018403,0.0320126,-0.00141075,0.03695222839454341
17.25,1.5,0.05,-0.0187662,0.0328313,-0.00144429,0.03784376429128186
17.4167,1.5,0.05,-0.0191753,0.0336817,-0.00147743,0.038785717015222244
17.5833,1.5,0.05,-0.019637,0.0345617,-0.00150995,0.03977942715641466
17.75,1.5,0.05,-0.0201584,0.035468,-0.00154164,0.04082544266079181
17.9167,1.5,0.05,-0.020746,0.036397,-0.00157227,0.04192386143895741
18.0833,1.5,0.05,-0.0214064,0.037344,-0.00160165,0.04307404763523507
18.25,1.5,0.05,-0.0221457,0.0383035,-0.00162959,0.044274662102698197
18.4167,1.5,0.05,-0.0229691,0.0392691,-0.00165592,0.045523442759378384
18.5833,1.5,0.05,-0.023881,0.0402333,-0.0016805,0.04681714077279816
18.75,1.5,0.05,-0.0248842,0.0411885,-0.00170325,0.04815201971311796
18.9167,1.5,0.05,-0.02598,0.0421266,-0.00172413,0.049523564611373645
19.0833,1.5,0.05,-0.0271681,0.0430395,-0.00174319,0.05092683898727762
19.25,1.5,0.05,-0.0284463,0.0439193,-0.00176046,0.05235643337347952
19.4167,1.5,0.05,-0.0298102,0.0447587,-0.00177606,0.0538065389971665
19.5833,1.5,0.05,-0.0312541,0.0455514,-0.00179012,0.05527163231156105
19.75,1.5,0.05,-0.0327704,0.0462924,-0.00180279,0.05674623745856724
19.9167,1.5,0.05,-0.0343505,0.0469786,-0.00181423,0.05822574292100445
20.0833,1.5,0.05,-0.0359854,0.0476081,-0.00182458,0.05970602390836623
20.25,1.5,0.05,-0.0376654,0.0481807,-0.00183399,0.06118354132420009
20.4167,1.5,0.05,-0.0393814,0.0486978,-0.00184258,0.06265592942297162
20.5833,1.5,0.05,-0.0411245,0.049162,-0.00185047,0.06412137696175044
20.75,1.5,0.05,-0.0428869,0.0495768,-0.00185774,0.0655789332618151
20.9167,1.5,0.05,-0.0446614,0.0499464,-0.0018645,0.06702805295672849
21.0833,1.5,0.05,-0.0464419,0.0502753,-0.0018708,0.06846864799556071
21.25,1.5,0.05,-0.0482228,0.0505681,-0.00187671,0.06990059526122865
21.4167,1.5,0.05,-0.0499995,0.0508295,-0.00188226,0.07132412616504741
21.5833,1.5,0.05,-0.0517678,0.051064,-0.00188751,0.07273925973530457
21.75,1.5,0.05,-0.0535241,0.051276,-0.00189247,0.07414606462591862
21.9167,1.5,0.05,-0.055265,0.0514697,-0.00189718,0.0755443547529688
22.0833,1.5,0.05,-0.0569874,0.0516491,-0.00190164,0.07693379962188011
22.25,1.5,0.05,-0.0586881,0.051818,-0.00190589,0.07831366817039093
22.4167,1.5,0.05,-0.0603643,0.05198,-0.00190995,0.07968322924864742
22.5833,1.5,0.05,-0.0620127,0.0521387,-0.00191384,0.08104123507527264
22.75,1.5,0.05,-0.0636302,0.0522974,-0.00191758,0.08238627016594695
22.9167,1.5,0.05,-0.0652132,0.0524595,-0.00192122,0.08371649587015931
23.0833,1.5,0.05,-0.0667581,0.0526281,-0.00192478,0.0850297924451683
23.25,1.5,0.05,-0.0682608,0.0528064,-0.00192832,0.08632364169578575
23.4167,1.5,0.05,-0.0697167,0.0529975,-0.00193186,0.08759500755293992
23.5833,1.5,0.05,-0.071121,0.0532044,-0.00193545,0.08884059200085567
23.75,1.5,0.05,-0.072468,0.0534299,-0.00193912,0.09005623478907167
23.9167,1.5,0.05,-0.0737519,0.0536768,-0.00194291,0.09123769238159249
24.0833,1.5,0.05,-0.0749658,0.0539479,-0.00194682,0.09237985273944964
24.25,1.5,0.05,-0.0761026,0.0542457,-0.00195086,0.093477310348499
24.4167,1.5,0.05,-0.0771543,0.0545724,-0.00195502,0.09452383272725667
24.5833,1.5,0.05,-0.0781121,0.0549303,-0.00195927,0.09551270472263311
24.75,1.5,0.05,-0.0789667,0.055321,-0.00196353,0.0964365501246851
24.9167,1.5,0.05,-0.0797078,0.055746,-0.00196772,0.09728731581680317
25.0833,1.5,0.05,-0.0803245,0.056206,-0.00197173,0.09805624638666778
25.25,1.5,0.05,-0.0808048,0.0567014,-0.00197539,0.09873381705703523
25.4167,1.5,0.05,-0.0811362,0.0572314,-0.00197852,0.09930977110934452
25.5833,1.5,0.05,-0.0813051,0.0577945,-0.00198087,0.09977297911868173
25.75,1.5,0.05,-0.081297,0.0583879,-0.00198217,0.10011132839653512
25.9167,1.5,0.05,-0.0810961,0.0590071,-0.00198208,0.1003112352966825
26.0833,1.5,0.05,-0.0806857,0.0596459,-0.00198022,0.10035804323794081
26.25,1.5,0.05,-0.0800481,0.060296,-0.00197614,0.10023577733977825
26.4167,1.5,0.05,-0.079164,0.0609459,-0.00196932,0.09992607189353737
26.5833,1.5,0.05,-0.0780131,0.0615808,-0.00195912,0.09940863569843618
26.75,1.5,0.05,-0.0765735,0.0621817,-0.00194482,0.09866026070294158
26.9167,1.5,0.05,-0.0748215,0.0627246,-0.00192562,0.09765418741556554
27.0833,1.5,0.05,-0.0727323,0.0631802,-0.00190059,0.09636045546632757
27.25,1.5,0.05,-0.07028,0.0635119,-0.00186862,0.09474455964494426
27.4167,1.5,0.05,-0.0674387,0.0636741,-0.00182819,0.09276697444228792
27.5833,1.5,0.05,-0.0641799,0.0636085,-0.00177736,0.09037842577091947
27.75,1.5,0.05,-0.0604715,0.0632476,-0.00171463,0.08752143265536105
27.9167,1.5,0.05,-0.0562809,0.0625109,-0.00163834,0.08412987864947626
28.0833,1.5,0.05,-0.0515787,0.061299,-0.001546,0.08012689817214941
28.25,1.5,0.05,-0.0463458,0.0594863,-0.00143251,0.07542284236377
28.4167,1.5,0.05,-0.0405492,0.05689,-0.00128621,0.06987391542488584
28.5833,1.5,0.05,-0.0341238,0.0532746,-0.00110846,0.06327594657665422
28.75,1.5,0.05,-0.0270191,0.0483838,-0.000896838,0.05542407586643411
28.9167,1.5,0.05,-0.0191976,0.0418736,-0.000635368,0.04606896911387776
29.0833,1.5,0.05,-0.0106762,0.0331864,-0.000305555,0.03486275599057001
29.25,1.5,0.05,-0.00159741,0.0208386,9.93558e-05,0.020899972254601048
29.4167,1.5,0.05,0.00942322,0.00187593,0.000816952,0.009642800376633542
29.5833,1.5,0.05,0.0199135,-0.0219816,0.00234396,0.029752854809103616
29.75,1.5,0.05,0.0270601,-0.0508272,0.00504372,0.05780218320520775
29.9167,1.5,0.05,0.0263879,-0.0867082,0.00800568,0.09098749433802647
0.0833333,1.83333,0.05,9.90338e-05,-0.00503944,4.56142e-05,0.005040619392731818
0.25,1.83333,0.05,0.00029219,-0.00500164,4.5062e-05,0.005010370073112763
0.416667,1.83333,0.05,0.000487672,-0.0049415,4.46108e-05,0.004965706027652124
0.583333,1.83333,0.05,0.000680684,-0.00485919,4.44796e-05,0.004906835701220509
0.75,1.83333,0.05,0.000871065,-0.00475441,4.46786e-05,0.0048337526684371175
0.916667,1.83333,0.05,0.00105752,-0.00462653,4.52248e-05,0.004746069286666077
1.08333,1.83333,0.05,0.00123906,-0.00447467,4.61436e-05,0.00464328230073522
1.25,1.83333,0.05,0.00141471,-0.0042977,4.74576e-05,0.004524807387933519
1.41667,1.83333,0.05,0.0015835,-0.00409441,4.91844e-05,0.004390226031003798
1.58333,1.83333,0.05,0.00174452,-0.00386355,5.13201e-05,0.0042394577938179795
1.75,1.83333,0.05,0.0018968,-0.00360403,5.38271e-05,0.004073055344283257
1.91667,1.83333,0.05,0.0020394,-0.00331514,5.66174e-05,0.0038926226518354893
2.08333,1.83333,0.05,0.00217131,-0.00299672,5.95506e-05,0.003701143627105055
2.25,1.83333,0.05,0.00229144,-0.00264942,6.24375e-05,0.0035034300408893922
2.41667,1.83333,0.05,0.0023986,-0.00227489,6.50623e-05,0.003306454229984333
2.58333,1.83333,0.05,0.0024914,-0.00187579,6.72036e-05,0.003119323389447295
2.75,1.83333,0.05,0.00256826,-0.0014558,6.86539e-05,0.002952969086459459
2.91667,1.83333,0.05,0.00262738,-0.00101948,6.92254e-05,0.0028190880246642103
3.08333,1.83333,0.05,0.00266699,-0.000571801,6.8679e-05,0.002728462726287827
3.25,1.83333,0.05,0.00268596,-0.00011831,6.71698e-05,0.002689403309236463
3.41667,1.83333,0.05,0.0026798,0.000336256,6.37783e-05,0.002701566917380891
3.58333,1.83333,0.05,0.00265175,0.000785359,5.81996e-05,0.0027662165524089326
3.75,1.83333,0.05,0.0026019,0.00122896,5.11198e-05,0.0028779922733655904
3.91667,1.83333,0.05,0.00253274,0.001667,4.26343e-05,0.003032404753844132
4.08333,1.83333,0.05,0.00244651,0.00209984,3.27807e-05,0.0032242539881331446
4.25,1.83333,0.05,0.00234555,0.00252812,2.16463e-05,0.003448690200525946
4.41667,1.83333,0.05,0.00223216,0.00295266,9.36982e-06,0.0037014628371397755
4.58333,1.83333,0.05,0.00210853,0.00337449,-3.9018e-06,0.003979082399881063
4.75,1.83333,0.05,0.00197648,0.00379448,-1.79713e-05,0.004278419641459179
4.91667,1.83333,0.05,0.00183736,0.00421342,-3.26018e-05,0.004596723044013337
5.08333,1.83333,0.05,0.00169217,0.00463214,-4.75909e-05,0.00493177708156632
5.25,1.83333,0.05,0.00154148,0.00505114,-6.27608e-05,0.005281487935044123
5.41667,1.83333,0.05,0.00138533,0.00547113,-7.79922e-05,0.005644332154388226
5.58333,1.83333,0.05,0.00122389,0.00589308,-9.31949e-05,0.006019550141653944
5.75,1.83333,0.05,0.00105744,0.00631738,-0.000108214,0.00640618292650124
5.91667,1.83333,0.05,0.000886006,0.00674345,-0.000123084,0.006802519695347599
6.08333,1.83333,0.05,0.00070841,0.00717254,-0.000137818,0.007208756382402168
6.25,1.83333,0.05,0.00052472,0.00760518,-0.00015248,0.007624784853436849
6.41667,1.83333,0.05,0.000334856,0.00804179,-0.00016711,0.008050493195881603
6.58333,1.83333,0.05,0.000138799,0.00848296,-0.00018155,0.008486037704753674
6.75,1.83333,0.05,-6.44718e-05,0.00893011,-0.000195794,0.008932488819782045
6.91667,1.83333,0.05,-0.000272999,0.00937848,-0.00020997,0.009384801700904553
7.08333,1.83333,0.05,-0.000486855,0.00982964,-0.000224282,0.009844244650360382
7.25,1.83333,0.05,-0.000705406,0.0102839,-0.000238865,0.010310831844379047
7.41667,1.83333,0.05,-0.00092801,0.010741,-0.000253794,0.010784001806126334
7.58333,1.83333,0.05,-0.00115388,0.0112004,-0.000269118,0.011262895884821274
7.75,1.83333,0.05,-0.00138213,0.0116617,-0.00028487,0.011746773222625862
7.91667,1.83333,0.05,-0.00161181,0.0121242,-0.00030107,0.012234573971373093
8.08333,1.83333,0.05,-0.00184192,0.0125872,-0.000317719,0.01272521978157395
8.25,1.83333,0.05,-0.00207145,0.0130501,-0.000334797,0.013217719324592614
8.41667,1.83333,0.05,-0.00229938,0.013512,-0.000352286,0.013710776703389053
8.58333,1.83333,0.05,-0.00252476,0.0139723,-0.000370113,0.01420339973317547
8.75,1.83333,0.05,-0.00274668,0.0144302,-0.000388226,0.014694408545071693
8.91667,1.83333,0.05,-0.0029643,0.0148849,-0.000406532,0.015182641099855584
9.08333,1.83333,0.05,-0.00317693,0.0153357,-0.000424943,0.015667072326001084
9.25,1.83333,0.05,-0.00338403,0.0157819,-0.00044337,0.016146721141080005
9.41667,1.83333,0.05,-0.00358529,0.0162228,-0.000461725,0.016620671893751014
9.58333,1.83333,0.05,-0.00378042,0.0166578,-0.000479883,0.017088129327404125
9.75,1.83333,0.05,-0.0039692,0.0170863,-0.000497772,0.01754833249325941
9.91667,1.83333,0.05,-0.00415165,0.017508,-0.000515314,0.01800088359612094
10.0833,1.83333,0.05,-0.0043279,0.0179222,-0.000532435,0.01844503885274371
10.25,1.83333,0.05,-0.00449818,0.0183288,-0.000549072,0.018880678293260122
10.4167,1.83333,0.05,-0.00466283,0.0187275,-0.000565171,0.019307528534697055
10.5833,1.83333,0.05,-0.00482223,0.0191181,-0.000580694,0.019725436758270678
10.75,1.83333,0.05,-0.00497685,0.0195006,-0.000595616,0.020134477760844854
10.9167,1.83333,0.05,-0.00512717,0.019875,-0.000609928,0.020534739087071062
11.0833,1.83333,0.05,-0.00527369,0.0202415,-0.000623633,0.020926515395181994
11.25,1.83333,0.05,-0.0054169,0.0206004,-0.000636755,0.021310202784113177
11.4167,1.83333,0.05,-0.00555727,0.020952,-0.000649328,0.02168619793104554
11.5833,1.83333,0.05,-0.00569519,0.0212968,-0.000661403,0.02205507500110823
11.75,1.83333,0.05,-0.00583101,0.0216355,-0.000673044,0.022417594119263466
11.9167,1.83333,0.05,-0.005965,0.0219686,-0.000684326,0.022774303788135348
12.0833,1.83333,0.05,-0.00609731,0.0222971,-0.000695336,0.0231262048291326
12.25,1.83333,0.05,-0.00622801,0.0226218,-0.000706171,0.023474084034980813
12.4167,1.83333,0.05,-0.00635707,0.0229438,-0.000716932,0.02381899009021004
12.5833,1.83333,0.05,-0.00648434,0.0232643,-0.000727729,0.024162034459520188
12.75,1.83333,0.05,-0.00660956,0.0235844,-0.000738675,0.02450420060947153
12.9167,1.83333,0.05,-0.0067324,0.0239056,-0.000749886,0.024846835817322815
13.0833,1.83333,0.05,-0.00685242,0.0242293,-0.000761477,0.025191158877033208
13.25,1.83333,0.05,-0.00696912,0.0245571,-0.000773566,0.02553856296545982
13.4167,1.83333,0.05,-0.00708196,0.0248907,-0.000786265,0.025890525614244007
13.5833,1.83333,0.05,-0.00719038,0.0252319,-0.000799681,0.02624861580838428
13.75,1.83333,0.05,-0.00729378,0.0255826,-0.00081391,0.026614490394078563
13.9167,1.83333,0.05,-0.00739161,0.0259447,-0.000829058,0.02698982574322154
14.0833,1.83333,0.05,-0.00748335,0.0263204,-0.000845213,0.02737660257223071
14.25,1.83333,0.05,-0.00756862,0.0267118,-0.000862461,0.027776754794628565
14.4167,1.83333,0.05,-0.00764711,0.0271213,-0.000880874,0.028192537027482575
14.5833,1.83333,0.05,-0.00771873,0.0275511,-0.000900519,0.028626086677928243
14.75,1.83333,0.05,-0.00778355,0.0280036,-0.000921449,0.029079792499639694
14.9167,1.83333,0.05,-0.00784192,0.0284814,-0.000943712,0.029556326693033826
15.0833,1.83333,0.05,-0.00789445,0.028987,-0.000967337,0.030058347437510083
15.25,1.83333,0.05,-0.0079421,0.029523,-0.00099235,0.030588710988410414
15.4167,1.83333,0.05,-0.00798621,0.0300918,-0.00101876,0.03115018217188625
15.5833,1.83333,0.05,-0.00802852,0.0306961,-0.00104655,0.0317459124219623
15.75,1.83333,0.05,-0.00807124,0.0313384,-0.00107572,0.032378965443880386
15.9167,1.83333,0.05,-0.0081171,0.0320209,-0.00110623,0.03305221768706148
16.0833,1.83333,0.05,-0.00816936,0.0327461,-0.00113802,0.03376892946985439
16.25,1.83333,0.05,-0.00823184,0.0335159,-0.00117104,0.034531870457263095
16.4167,1.83333,0.05,-0.008309,0.0343323,-0.00120518,0.03534400604236028
16.5833,1.83333,0.05,-0.0084059,0.0351967,-0.00124034,0.03620780701748726
16.75,1.83333,0.05,-0.00852826,0.0361102,-0.00127638,0.03712555600354021
16.9167,1.83333,0.05,-0.00868242,0.0370734,-0.00131316,0.0380991573896589
17.0833,1.83333,0.05,-0.00887536,0.0380863,-0.0013505,0.039130066612128325
17.25,1.83333,0.05,-0.00911462,0.0391481,-0.00138819,0.0402191136504834
17.4167,1.83333,0.05,-0.00940827,0.0402572,-0.001426,0.04136654653500701
17.5833,1.83333,0.05,-0.00976476,0.0414111,-0.0014637,0.04257196446909163
17.75,1.83333,0.05,-0.0101928,0.0426059,-0.00150103,0.04383387933677443
17.9167,1.83333,0.05,-0.0107011,0.0438367,-0.00153774,0.04515013236312381
18.0833,1.83333,0.05,-0.011298,0.0450972,-0.00157361,0.046517507459795174
18.25,1.83333,0.05,-0.011992,0.0463797,-0.00160852,0.04793195147999297
18.4167,1.83333,0.05,-0.012791,0.0476753,-0.00164209,0.04938866641910976
18.5833,1.83333,0.05,-0.0137004,0.0489734,-0.00167397,0.05088120520664679
18.75,1.83333,0.05,-0.0147237,0.0502623,-0.00170411,0.05240219588788336
18.9167,1.83333,0.05,-0.0158629,0.05153,-0.00173245,0.05394417373000072
19.0833,1.83333,0.05,-0.0171171,0.0527636,-0.00175901,0.05549852893140592
19.25,1.83333,0.05,-0.0184823,0.0539506,-0.00178384,0.05705650478951195
19.4167,1.83333,0.05,-0.0199518,0.0550795,-0.00180704,0.05860964969227849
19.5833,1.83333,0.05,-0.0215158,0.05614,-0.00182877,0.060149593925087314
19.75,1.83333,0.05,-0.0231615,0.0571244,-0.00184919,0.06166904945972574
19.9167,1.83333,0.05,-0.0248754,0.0580282,-0.00186847,0.06316287438472777
20.0833,1.83333,0.05,-0.0266429,0.0588479,-0.00188668,0.06462568387446589
20.25,1.83333,0.05,-0.0284491,0.0595838,-0.0019039,0.06605456341888878
20.4167,1.83333,0.05,-0.0302796,0.060239,-0.0019202,0.06744833923233395
20.5833,1.83333,0.05,-0.0321217,0.0608177,-0.00193567,0.06880656264142905
20.75,1.83333,0.05,-0.0339641,0.0613261,-0.00195037,0.07013026859464393
20.9167,1.83333,0.05,-0.0357975,0.0617706,-0.00196435,0.07142077219921736
21.0833,1.83333,0.05,-0.037614,0.0621579,-0.0019777,0.07267963143618712
21.25,1.83333,0.05,-0.0394071,0.0624949,-0.00199046,0.07390868681982923
21.4167,1.83333,0.05,-0.0411713,0.0627878,-0.00200271,0.0751092179421015
21.5833,1.83333,0.05,-0.0429018,0.0630425,-0.00201454,0.07628223660133203
21.75,1.83333,0.05,-0.0445944,0.0632646,-0.002026,0.07742851413090658
21.9167,1.83333,0.05,-0.0462452,0.0634589,-0.00203719,0.07854807862287976
22.0833,1.83333,0.05,-0.0478505,0.06363,-0.00204819,0.0796407077600777
22.25,1.83333,0.05,-0.0494064,0.0637819,-0.00205906,0.08070540785259436
22.4167,1.83333,0.05,-0.0509091,0.0639185,-0.0020699,0.08174102758755851
22.5833,1.83333,0.05,-0.0523544,0.0640432,-0.0020808,0.0827456608786225
22.75,1.83333,0.05,-0.053738,0.0641593,-0.00209185,0.08371716823276155
22.9167,1.83333,0.05,-0.055055,0.0642696,-0.00210316,0.08465257108408225
23.0833,1.83333,0.05,-0.0563003,0.0643771,-0.00211481,0.08554885858873922
23.25,1.83333,0.05,-0.0574683,0.0644843,-0.00212692,0.08640228145174408
23.4167,1.83333,0.05,-0.058553,0.0645936,-0.00213958,0.08720874252353601
23.5833,1.83333,0.05,-0.0595476,0.0647072,-0.00215289,0.08796347726728464
23.75,1.83333,0.05,-0.0604452,0.0648271,-0.00216693,0.08866155132341696
23.9167,1.83333,0.05,-0.0612378,0.0649549,-0.00218177,0.08929707331812672
24.0833,1.83333,0.05,-0.0619171,0.0650923,-0.00219747,0.0898641400454091
24.25,1.83333,0.05,-0.062474,0.0652403,-0.00221405,0.09035595961248212
24.4167,1.83333,0.05,-0.0628989,0.0653999,-0.00223152,0.09076562247200423
24.5833,1.83333,0.05,-0.0631816,0.0655716,-0.00224985,0.09108573505298456
24.75,1.83333,0.05,-0.0633111,0.0657551,-0.00226898,0.09130814218600879
24.9167,1.83333,0.05,-0.0632759,0.06595,-0.00228881,0.09142472680859429
25.0833,1.83333,0.05,-0.0630637,0.0661551,-0.00230921,0.09142680112813802
25.25,1.83333,0.05,-0.062662,0.0663681,-0.00232998,0.0913054201480416
25.4167,1.83333,0.05,-0.0620575,0.066586,-0.00235089,0.09105138871012403
25.5833,1.83333,0.05,-0.0612365,0.0668042,-0.00237163,0.09065503129306668
25.75,1.83333,0.05,-0.0601848,0.0670167,-0.00239183,0.09010643196064806
25.9167,1.83333,0.05,-0.0588875,0.0672153,-0.00241107,0.08939489621273074
26.0833,1.83333,0.05,-0.0573295,0.0673901,-0.00242889,0.08850986755662951
26.25,1.83333,0.05,-0.0554953,0.0675286,-0.00244471,0.08744036108705235
26.4167,1.83333,0.05,-0.0533694,0.0676149,-0.00245784,0.08617487183533029
26.5833,1.83333,0.05,-0.0509371,0.0676296,-0.00246735,0.08470205882145072
26.75,1.83333,0.05,-0.0481826,0.067547,-0.0024721,0.08300765886452888
26.9167,1.83333,0.05,-0.0450886,0.0673391,-0.00247129,0.08107800881271135
27.0833,1.83333,0.05,-0.041638,0.0669732,-0.00246406,0.07889996295261234
27.25,1.83333,0.05,-0.037816,0.06641,-0.00244916,0.07646133886288939
27.4167,1.83333,0.05,-0.0336145,0.0656028,-0.00242409,0.07375322494927324
27.5833,1.83333,0.05,-0.0290166,0.0644721,-0.00238262,0.07074101803080304
27.75,1.83333,0.05,-0.0239978,0.0629297,-0.00232722,0.06739033684333683
27.9167,1.83333,0.05,-0.01854,0.0608973,-0.00225744,0.06369700764277393
28.0833,1.83333,0.05,-0.0126214,0.0582733,-0.00217089,0.059663975682501244
28.25,1.83333,0.05,-0.00626953,0.0549156,-0.00206884,0.055311031709112966
28.4167,1.83333,0.05,0.000660731,0.0504723,-0.00188717,0.050511890118597434
28.5833,1.83333,0.05,0.00799851,0.0447422,-0.00159477,0.04547948894186257
28.75,1.83333,0.05,0.0155764,0.0376161,-0.00124417,0.040732581248417096
28.9167,1.83333,0.05,0.0234376,0.0286231,-0.00081941,0.037003707653667624
29.0833,1.83333,0.05,0.0313001,0.0170817,-0.000331269,0.03565936726934959
29.25,1.83333,0.05,0.0395192,0.00178015,0.000292837,0.039560357128962685
29.4167,1.83333,0.05,0.0471106,-0.0177452,0.00142158,0.05036190668646691
29.5833,1.83333,0.05,0.0510173,-0.0415341,0.00325644,0.06586691706443835
29.75,1.83333,0.05,0.0541921,-0.0741252,0.00643107,0.09204720331870438
29.9167,1.83333,0.05,0.043974,-0.116822,0.0111667,0.12532273356773702
0.0833333,2.16667,0.05,9.65266e-05,-0.00562356,3.59095e-05,0.005624502995847527
0.25,2.16667,0.05,0.000285332,-0.0055839,3.51841e-05,0.005591296046635056
0.416667,2.16667,0.05,0.000476829,-0.0055206,3.45484e-05,0.005541261936344785
0.583333,2.16667,0.05,0.000666632,-0.00543395,3.41511e-05,0.005474794710631186
0.75,2.16667,0.05,0.000854805,-0.00532375,3.39948e-05,0.005392046114134415
0.916667,2.16667,0.05,0.00104028,-0.00518957,3.41004e-05,0.005292918108244275
1.08333,2.16667,0.05,0.00122233,-0.0050307,3.45006e-05,0.005177182960867846
1.25,2.16667,0.05,0.00140027,-0.00484621,3.52357e-05,0.005044576195435499
1.41667,2.16667,0.05,0.00157345,-0.00463501,3.63541e-05,0.004894934547385369
1.58333,2.16667,0.05,0.00174127,-0.00439585,3.79002e-05,0.004728314166863285
1.75,2.16667,0.05,0.00190314,-0.00412753,3.99013e-05,0.004545331437226739
1.91667,2.16667,0.05,0.00205844,-0.00382898,4.23469e-05,0.004347419502870595
2.08333,2.16667,0.05,0.00220652,-0.00349947,4.51717e-05,0.004137277036141149
2.25,2.16667,0.05,0.00234669,-0.00313888,4.8244e-05,0.003919419484316013
2.41667,2.16667,0.05,0.00247816,-0.00274785,5.13709e-05,0.0037006209718730737
2.58333,2.16667,0.05,0.00260005,-0.00232796,5.43171e-05,0.0034903593097921036
2.75,2.16667,0.05,0.00271127,-0.0018818,5.68331e-05,0.003300815998227652
2.91667,2.16667,0.05,0.00281058,-0.00141293,5.86879e-05,0.003146295502794741
3.08333,2.16667,0.05,0.00289625,-0.000925673,5.96556e-05,0.003041166446618856
3.25,2.16667,0.05,0.00296776,-0.000424882,5.95584e-05,0.00299861156779843
3.41667,2.16667,0.05,0.00302022,8.60903e-05,5.84247e-05,0.003022011554200973
3.58333,2.16667,0.05,0.00305469,0.000596,5.50748e-05,0.0031127769322094124
3.75,2.16667,0.05,0.00306972,0.00110337,4.98152e-05,0.003262374563021702
3.91667,2.16667,0.05,0.00306693,0.00160684,4.31211e-05,0.0034626368333634428
4.08333,2.16667,0.05,0.00304809,0.00210595,3.50751e-05,0.0037050112433351682
4.25,2.16667,0.05,0.00301501,0.00260076,2.57423e-05,0.003981821259638521
4.41667,2.16667,0.05,0.00296966,0.00309169,1.52271e-05,0.004286917241593824
4.58333,2.16667,0.05,0.00291407,0.00357944,3.65182e-06,0.00461564816838213
4.75,2.16667,0.05,0.0028502,0.00406497,-8.82996e-06,0.004964644912689487
4.91667,2.16667,0.05,0.00277961,0.00454898,-2.20222e-05,0.005331035149930344
5.08333,2.16667,0.05,0.0027036,0.00503226,-3.57202e-05,0.005712649963045875
5.25,2.16667,0.05,0.0026231,0.00551555,-4.97447e-05,0.006107734436571231
5.41667,2.16667,0.05,0.00253871,0.00599958,-6.39443e-05,0.006514913469417878
5.58333,2.16667,0.05,0.00245083,0.00648514,-7.81963e-05,0.0069332332406917985
5.75,2.16667,0.05,0.00235975,0.00697271,-9.23972e-05,0.0073617689483688525
5.91667,2.16667,0.05,0.00226543,0.00746238,-0.000106518,0.0077993996200748684
6.08333,2.16667,0.05,0.00216759,0.00795484,-0.000120535,0.00824575372661135
6.25,2.16667,0.05,0.00206621,0.00845056,-0.000134462,0.008700532633531351
6.41667,2.16667,0.05,0.00196128,0.00894985,-0.000148334,0.009163429338214815
6.58333,2.16667,0.05,0.00185298,0.00945287,-0.000162154,0.009634136185305666
6.75,2.16667,0.05,0.00174156,0.00995955,-0.000175844,0.010112199985583551
6.91667,2.16667,0.05,0.00162727,0.0104691,-0.000189653,0.010596510308743581
7.08333,2.16667,0.05,0.00151005,0.0109818,-0.000203624,0.011087003426349069
7.25,2.16667,0.05,0.00139045,0.0114975,-0.000217816,0.011583319958559204
7.41667,2.16667,0.05,0.00126912,0.0120158,-0.00023228,0.012084869433005884
7.58333,2.16667,0.05,0.00114677,0.0125363,-0.000247059,0.01259106577190275
7.75,2.16667,0.05,0.0010242,0.0130585,-0.000262181,0.01310122691837528
7.91667,2.16667,0.05,0.000902268,0.0135817,-0.000277659,0.013614468662202906
8.08333,2.16667,0.05,0.000781887,0.0141051,-0.000293501,0.014129803117091546
8.25,2.16667,0.05,0.000663966,0.0146281,-0.000309686,0.014646435261788174
8.41667,2.16667,0.05,0.000549458,0.0151498,-0.000326198,0.015163269742010394
8.58333,2.16667,0.05,0.000439225,0.0156694,-0.00034302,0.015679307308711855
8.75,2.16667,0.05,0.000334208,0.0161858,-0.000360082,0.01619325401746011
8.91667,2.16667,0.05,0.000235125,0.0166982,-0.000377315,0.01670411726535856
9.08333,2.16667,0.05,0.000142659,0.0172061,-0.000394628,0.01721121611213644
9.25,2.16667,0.05,5.7351e-05,0.0177085,-0.000411916,0.017713382968203926
9.41667,2.16667,0.05,-2.04947e-05,0.0182052,-0.000428979,0.018210264963892456
9.58333,2.16667,0.05,-9.03873e-05,0.0186945,-0.000445711,0.01870003097349099
9.75,2.16667,0.05,-0.000152227,0.0191761,-0.000462177,0.019182272854092606
9.91667,2.16667,0.05,-0.000205977,0.0196495,-0.000478325,0.01965640027014494
10.0833,2.16667,0.05,-0.000251721,0.0201144,-0.000494084,0.020122041889949864
10.25,2.16667,0.05,-0.000289638,0.0205703,-0.000509393,0.020578644597968373
10.4167,2.16667,0.05,-0.000320005,0.0210169,-0.000524195,0.02102587142565202
10.5833,2.16667,0.05,-0.000343174,0.0214541,-0.00053845,0.02146359950257123
10.75,2.16667,0.05,-0.000359554,0.0218817,-0.000552126,0.02189161750736551
10.9167,2.16667,0.05,-0.000369593,0.0222999,-0.00056521,0.022310123292795785
11.0833,2.16667,0.05,-0.000373761,0.0227088,-0.000577698,0.022719221591074045
11.25,2.16667,0.05,-0.000372524,0.0231087,-0.000589603,0.02311922190555264
11.4167,2.16667,0.05,-0.000366332,0.0235,-0.000600953,0.023510536864189916
11.5833,2.16667,0.05,-0.000355591,0.0238833,-0.000611791,0.023893780614983515
11.75,2.16667,0.05,-0.000340652,0.0242592,-0.000622171,0.024269567881986382
11.9167,2.16667,0.05,-0.000321792,0.0246287,-0.000632162,0.024638913177644585
12.0833,2.16667,0.05,-0.000299206,0.0249925,-0.000641842,0.02500253070457869
12.25,2.16667,0.05,-0.000272996,0.0253519,-0.000651301,0.02536173403808614
12.4167,2.16667,0.05,-0.000243168,0.0257081,-0.000660635,0.025717736581772687
12.5833,2.16667,0.05,-0.000209624,0.0260623,-0.00066995,0.02607175207986368
12.75,2.16667,0.05,-0.000172168,0.0264161,-0.000679357,0.02642539511461793
12.9167,2.16667,0.05,-0.00013051,0.0267712,-0.000688971,0.02678038206110848
13.0833,2.16667,0.05,-8.42725e-05,0.0271292,-0.000698908,0.02713833205793459
13.25,2.16667,0.05,-3.30206e-05,0.0274922,-0.000709282,0.027501367823356503
13.4167,2.16667,0.05,2.37599e-05,0.0278624,-0.000720127,0.027871714715621228
13.5833,2.16667,0.05,8.65805e-05,0.0282417,-0.000731484,0.028251304109991743
13.75,2.16667,0.05,0.000155999,0.0286324,-0.000743531,0.028642477263602074
13.9167,2.16667,0.05,0.000232542,0.0290371,-0.000756439,0.02904788205966977
14.0833,2.16667,0.05,0.000316673,0.0294585,-0.000770312,0.029470271200249802
14.25,2.16667,0.05,0.000408784,0.0298993,-0.00078525,0.029912403153393677
14.4167,2.16667,0.05,0.000509144,0.0303625,-0.000801346,0.030377340062527725
14.5833,2.16667,0.05,0.000617858,0.030851,-0.000818688,0.03086804495833042
14.75,2.16667,0.05,0.000734823,0.0313681,-0.000837357,0.03138787710560843
14.9167,2.16667,0.05,0.000859684,0.0319171,-0.000857431,0.03194018655095203
15.0833,2.16667,0.05,0.000991784,0.0325013,-0.000878978,0.03252830674223821
15.25,2.16667,0.05,0.00113011,0.0331243,-0.000902065,0.033155845945569314
15.4167,2.16667,0.05,0.00127326,0.0337897,-0.000926749,0.03382637847636961
15.5833,2.16667,0.05,0.00141934,0.034501,-0.000953084,0.03454333359921499
15.75,2.16667,0.05,0.00156596,0.0352619,-0.000981112,0.03531028749653766
15.9167,2.16667,0.05,0.00171016,0.036076,-0.00101087,0.03613065570097642
16.0833,2.16667,0.05,0.00184834,0.0369467,-0.00104239,0.037007588121325874
16.25,2.16667,0.05,0.00197621,0.0378774,-0.0010757,0.03794416908055966
16.4167,2.16667,0.05,0.00208876,0.0388712,-0.00111078,0.03894312442506379
16.5833,2.16667,0.05,0.00218017,0.0399308,-0.00114765,0.040006737312500255
16.75,2.16667,0.05,0.00224382,0.0410584,-0.00118627,0.04113677400168005
16.9167,2.16667,0.05,0.00227223,0.0422558,-0.00122659,0.04233462159794275
17.0833,2.16667,0.05,0.00225705,0.0435238,-0.00126854,0.04360074121931989
17.25,2.16667,0.05,0.00218909,0.0448625,-0.00131203,0.04493503581837896
17.4167,2.16667,0.05,0.00205834,0.0462707,-0.0013569,0.046336331529973324
17.5833,2.16667,0.05,0.00185407,0.0477457,-0.00140299,0.04780227844982914
17.75,2.16667,0.05,0.00156491,0.0492835,-0.00145003,0.049329655406854404
17.9167,2.16667,0.05,0.00117888,0.0508779,-0.00149776,0.05091359102913484
18.0833,2.16667,0.05,0.00068438,0.0525213,-0.00154566,0.052548495644594816
18.25,2.16667,0.05,6.82036e-05,0.0542082,-0.00159231,0.05423162407772012
18.4167,2.16667,0.05,-0.000680668,0.0559227,-0.00163604,0.05595076684995322
18.5833,2.16667,0.05,-0.00156837,0.0576426,-0.00167707,0.05768831496067293
18.75,2.16667,0.05,-0.00260265,0.059355,-0.00171597,0.05943680984931307
18.9167,2.16667,0.05,-0.0037875,0.0610413,-0.00175246,0.061183793425968615
19.0833,2.16667,0.05,-0.00512233,0.0626811,-0.00178695,0.06291543333826288
19.25,2.16667,0.05,-0.00660213,0.0642544,-0.00181911,0.06461830391683923
19.4167,2.16667,0.05,-0.00821757,0.0657428,-0.00184923,0.06628019206473229
19.5833,2.16667,0.05,-0.00995294,0.0671288,-0.00187769,0.06788860378458007
19.75,2.16667,0.05,-0.0117868,0.0683983,-0.00190468,0.06943258531145445
19.9167,2.16667,0.05,-0.0136998,0.0695477,-0.00193101,0.07091047803357485
20.0833,2.16667,0.05,-0.0156688,0.0705734,-0.00195559,0.07231832695277249
20.25,2.16667,0.05,-0.0176682,0.0714743,-0.0019788,0.07365226745436966
20.4167,2.16667,0.05,-0.0196767,0.0722577,-0.00200085,0.07491562676039291
20.5833,2.16667,0.05,-0.0216758,0.0729326,-0.00202188,0.07611236724169339
20.75,2.16667,0.05,-0.0236501,0.0735102,-0.00204198,0.07724795412417342
20.9167,2.16667,0.05,-0.0255876,0.0740019,-0.00206126,0.07832787032824012
21.0833,2.16667,0.05,-0.0274791,0.0744185,-0.00207977,0.0793570382657575
21.25,2.16667,0.05,-0.0293175,0.0747698,-0.00209762,0.08033952207944979
21.4167,2.16667,0.05,-0.0310971,0.0750648,-0.0021149,0.08127869726724217
21.5833,2.16667,0.05,-0.0328133,0.0753111,-0.00213172,0.08217675261446147
21.75,2.16667,0.05,-0.0344623,0.0755152,-0.00214817,0.0830349937476899
21.9167,2.16667,0.05,-0.0360404,0.0756826,-0.00216434,0.08385374614503278
22.0833,2.16667,0.05,-0.0375441,0.0758181,-0.0021803,0.0846327208620283
22.25,2.16667,0.05,-0.0389695,0.0759257,-0.00219615,0.08537070296982742
22.4167,2.16667,0.05,-0.0403126,0.0760087,-0.00221197,0.08606579463254203
22.5833,2.16667,0.05,-0.0415689,0.0760705,-0.00222787,0.08671596059663353
22.75,2.16667,0.05,-0.0427338,0.0761137,-0.00224395,0.08731843048138521
22.9167,2.16667,0.05,-0.0438019,0.0761409,-0.00226036,0.08787008776454931
23.0833,2.16667,0.05,-0.0447676,0.0761542,-0.00227723,0.08836733538968401
23.25,2.16667,0.05,-0.0456249,0.0761558,-0.00229472,0.08880654882117872
23.4167,2.16667,0.05,-0.0463669,0.0761473,-0.00231298,0.08918324163978567
23.5833,2.16667,0.05,-0.0469866,0.0761302,-0.00233218,0.08949294382884274
23.75,2.16667,0.05,-0.0474763,0.0761059,-0.00235248,0.0897309380239079
23.9167,2.16667,0.05,-0.0478275,0.0760751,-0.00237404,0.08989174968917671
24.0833,2.16667,0.05,-0.0480314,0.0760386,-0.002397,0.08997015996940319
24.25,2.16667,0.05,-0.0480785,0.0759966,-0.00242148,0.08996048543221852
24.4167,2.16667,0.05,-0.0479587,0.0759487,-0.00244758,0.089856733666634
24.5833,2.16667,0.05,-0.0476615,0.0758943,-0.00247537,0.08965316955566546
24.75,2.16667,0.05,-0.0471758,0.075832,-0.00250489,0.08934384591874305
24.9167,2.16667,0.05,-0.0464899,0.0757596,-0.00253613,0.08892277407698716
25.0833,2.16667,0.05,-0.0455918,0.0756743,-0.00256907,0.08838445580753948
25.25,2.16667,0.05,-0.0444692,0.0755723,-0.00260358,0.08772377616556642
25.4167,2.16667,0.05,-0.0431097,0.0754487,-0.0026395,0.08693629579197631
25.5833,2.16667,0.05,-0.0415013,0.0752969,-0.00267651,0.08601828152828966
25.75,2.16667,0.05,-0.0396317,0.075108,-0.00271417,0.08496616990119596
25.9167,2.16667,0.05,-0.0374881,0.074872,-0.00275215,0.0837779705843517
26.0833,2.16667,0.05,-0.0350576,0.0745768,-0.00279024,0.0824531373281672
26.25,2.16667,0.05,-0.0323276,0.0742086,-0.00282806,0.08099375259292287
26.4167,2.16667,0.05,-0.0292865,0.0737506,-0.00286494,0.07940439511647703
26.5833,2.16667,0.05,-0.0259271,0.0731825,-0.00289946,0.07769362708067888
26.75,2.16667,0.05,-0.0222362,0.0724633,-0.00292825,0.07585481583520258
26.9167,2.16667,0.05,-0.0181982,0.0715525,-0.00295338,0.07388949311583075
27.0833,2.16667,0.05,-0.0138004,0.0704199,-0.00297469,0.07182104243720011
27.25,2.16667,0.05,-0.00902333,0.0690225,-0.00299162,0.06967406820879128
27.4167,2.16667,0.05,-0.00389396,0.0673036,-0.00300724,0.06748319042442497
27.5833,2.16667,0.05,0.00173543,0.0651068,-0.00296371,0.06519732126774075
27.75,2.16667,0.05,0.0076533,0.0624214,-0.00285165,0.06295344380232507
27.9167,2.16667,0.05,0.0138923,0.0591644,-0.00272568,0.06083462466484362
28.0833,2.16667,0.05,0.0204628,0.0552031,-0.00258156,0.058930237446353465
28.25,2.16667,0.05,0.0273337,0.0503671,-0.00240669,0.057356499848370275
28.4167,2.16667,0.05,0.0344617,0.0444449,-0.00218086,0.05628244889163583
28.5833,2.16667,0.05,0.041711,0.0372384,-0.00187108,0.0559464645525202
28.75,2.16667,0.05,0.0489287,0.0284883,-0.00145473,0.05663671212166981
28.9167,2.16667,0.05,0.0559057,0.0177589,-0.000921338,0.05866578803195474
29.0833,2.16667,0.05,0.0625134,0.0043461,-0.000298797,0.0626650065380768
29.25,2.16667,0.05,0.0688209,-0.012644,0.000611323,0.06997542946363623
29.4167,2.16667,0.05,0.073407,-0.0336287,0.00201352,0.0807683810378814
29.5833,2.16667,0.05,0.0751274,-0.060752,0.00407206,0.09670322335580961
29.75,2.16667,0.05,0.0771764,-0.0985828,0.00764752,0.12543225157410834
29.9167,2.16667,0.05,0.0608317,-0.148568,0.0138205,0.16113333785762649
0.0833333,2.5,0.05,9.66258e-05,-0.0061692,2.87807e-05,0.006170023785522883
0.25,2.5,0.05,0.000286023,-0.00612779,2.78872e-05,0.006134525013116569
0.416667,2.5,0.05,0.000478517,-0.00606154,2.70711e-05,0.006080458743823874
0.583333,2.5,0.05,0.00066993,-0.00597083,2.64173e-05,0.006008353765178886
0.75,2.5,0.05,0.000860533,-0.00585561,2.59169e-05,0.005918560399446356
0.916667,2.5,0.05,0.00104943,-0.00571567,2.55836e-05,0.005811268484108178
1.08333,2.5,0.05,0.00123613,-0.00555056,2.54431e-05,0.005686596613250988
1.25,2.5,0.05,0.00142014,-0.00535964,2.5533e-05,0.0055446542257645785
1.41667,2.5,0.05,0.0016011,-0.00514206,2.59063e-05,0.005385626555005433
1.58333,2.5,0.05,0.00177868,-0.00489685,2.66266e-05,0.0052099473548902165
1.75,2.5,0.05,0.0019526,-0.00462288,2.77609e-05,0.005018409800122825
1.91667,2.5,0.05,0.00212257,-0.00431907,2.93625e-05,0.004812538958409195
2.08333,2.5,0.05,0.00228827,-0.00398445,3.1452e-05,0.004594889620404825
2.25,2.5,0.05,0.00244933,-0.00361835,3.39933e-05,0.00436953426761307
2.41667,2.5,0.05,0.00260528,-0.00322067,3.68792e-05,0.004142651228705193
2.58333,2.5,0.05,0.00275562,-0.00279197,3.9929e-05,0.003923025922721006
2.75,2.5,0.05,0.00289969,-0.00233369,4.29049e-05,0.0037223852490901595
2.91667,2.5,0.05,0.00303673,-0.00184818,4.55387e-05,0.0035552175993176127
3.08333,2.5,0.05,0.00316575,-0.00133866,4.75791e-05,0.003437476898665184
3.25,2.5,0.05,0.00328547,-0.000808921,4.87054e-05,0.003383938315207616
3.41667,2.5,0.05,0.00339637,-0.000263902,4.92225e-05,0.0034069629139470026
3.58333,2.5,0.05,0.00348996,0.000294945,4.85618e-05,0.0035027377296971917
3.75,2.5,0.05,0.00357174,0.000853436,4.5363e-05,0.003672565511391866
3.91667,2.5,0.05,0.00363765,0.00141175,4.05314e-05,0.0039022017348396996
4.08333,2.5,0.05,0.00368976,0.00196803,3.43558e-05,0.004181943478754064
4.25,2.5,0.05,0.00372931,0.00252143,2.69096e-05,0.004501787028233584
4.41667,2.5,0.05,0.00375768,0.0030717,1.82709e-05,0.004853435247140607
4.58333,2.5,0.05,0.00377648,0.003619,8.54648e-06,0.0052305865094385345
4.75,2.5,0.05,0.00378748,0.00416394,-2.1527e-06,0.005628801445078454
4.91667,2.5,0.05,0.0037923,0.00470711,-1.36838e-05,0.006044717618589179
5.08333,2.5,0.05,0.00379238,0.00524915,-2.58606e-05,0.0064758312638249285
5.25,2.5,0.05,0.00378894,0.00579074,-3.8513e-05,0.006920275957096582
5.41667,2.5,0.05,0.0037829,0.00633257,-5.14852e-05,0.0073766134466107846
5.58333,2.5,0.05,0.00377499,0.00687528,-6.46414e-05,0.007843736551484501
5.75,2.5,0.05,0.00376574,0.00741944,-7.78659e-05,0.008320754218193373
5.91667,2.5,0.05,0.00375542,0.00796548,-9.10782e-05,0.008806835200304093
6.08333,2.5,0.05,0.00374416,0.00851389,-0.00010422,0.009301393381967026
6.25,2.5,0.05,0.00373208,0.00906509,-0.000117264,0.009803980246828123
6.41667,2.5,0.05,0.00371929,0.00961936,-0.000130205,0.010314172688864823
6.58333,2.5,0.05,0.00370596,0.0101768,-0.000143052,0.010831521667628423
6.75,2.5,0.05,0.00369226,0.0107375,-0.000155824,0.011355658117281271
6.91667,2.5,0.05,0.00367839,0.0113008,-0.000168611,0.011885582160812359
7.08333,2.5,0.05,0.00366452,0.011867,-0.000181454,0.012421244759866702
7.25,2.5,0.05,0.0036511,0.0124356,-0.000194406,0.012961962515870657
7.41667,2.5,0.05,0.00363865,0.0130065,-0.000207512,0.013507474867740602
7.58333,2.5,0.05,0.0036278,0.0135791,-0.000220812,0.014057085316286019
7.75,2.5,0.05,0.00361925,0.0141528,-0.000234339,0.014610120915633143
7.91667,2.5,0.05,0.00361376,0.0147271,-0.000248111,0.015166024357619929
8.08333,2.5,0.05,0.00361216,0.015301,-0.000262136,0.01572377232562517
8.25,2.5,0.05,0.00361528,0.0158738,-0.000276414,0.016282634326723548
8.41667,2.5,0.05,0.00362397,0.0164447,-0.000290912,0.016841791663675335
8.58333,2.5,0.05,0.00363905,0.0170128,-0.000305623,0.0174003291394338
8.75,2.5,0.05,0.0036613,0.017577,-0.000320484,0.01795713665048679
8.91667,2.5,0.05,0.00369137,0.0181366,-0.000335452,0.018511482924963196
9.08333,2.5,0.05,0.00372992,0.0186907,-0.000350464,0.019062460353052438
9.25,2.5,0.05,0.00377748,0.0192384,-0.000365444,0.019609154469979982
9.41667,2.5,0.05,0.00383455,0.019779,-0.000380302,0.020150862123336163
9.58333,2.5,0.05,0.00390148,0.0203116,-0.00039499,0.020686678270096917
9.75,2.5,0.05,0.00397838,0.0208354,-0.000409431,0.021215773243701514
9.91667,2.5,0.05,0.00406537,0.0213499,-0.000423553,0.021737636955076536
10.0833,2.5,0.05,0.00416244,0.0218545,-0.000437283,0.02225165821743829
10.25,2.5,0.05,0.00426947,0.0223488,-0.000450565,0.022757421741931246
10.4167,2.5,0.05,0.00438626,0.0228325,-0.000463342,0.02325461285092839
10.5833,2.5,0.05,0.00451253,0.0233054,-0.000475571,0.023743015055736727
10.75,2.5,0.05,0.00464791,0.0237673,-0.000487221,0.024222407001801886
10.9167,2.5,0.05,0.00479203,0.0242183,-0.000498275,0.024692871124811007
11.0833,2.5,0.05,0.00494448,0.0246586,-0.000508725,0.02515458680948715
11.25,2.5,0.05,0.00510482,0.0250886,-0.00051858,0.025607927725780546
11.4167,2.5,0.05,0.00527265,0.0255086,-0.000527857,0.026053179172510772
11.5833,2.5,0.05,0.0054476,0.0259192,-0.000536593,0.026490926870301253
11.75,2.5,0.05,0.00562933,0.0263213,-0.00054483,0.026922054707391854
11.9167,2.5,0.05,0.00581757,0.0267158,-0.00055263,0.027347458570437584
12.0833,2.5,0.05,0.00601213,0.0271037,-0.00056006,0.0277681459235308
12.25,2.5,0.05,0.00621289,0.0274863,-0.0005672,0.02818542896040612
12.4167,2.5,0.05,0.00641983,0.0278649,-0.000574135,0.028600638108915073
12.5833,2.5,0.05,0.00663304,0.0282411,-0.000580962,0.029015417723979853
12.75,2.5,0.05,0.00685269,0.0286167,-0.00058778,0.029431621845465803
12.9167,2.5,0.05,0.00707903,0.0289934,-0.000594697,0.029851022994576065
13.0833,2.5,0.05,0.00731242,0.0293735,-0.00060182,0.03027599999700753
13.25,2.5,0.05,0.00755327,0.0297591,-0.000609262,0.030708746647942896
13.4167,2.5,0.05,0.00780209,0.0301527,-0.000617121,0.031151866139715306
13.5833,2.5,0.05,0.00805943,0.0305569,-0.000625507,0.03160806556152953
13.75,2.5,0.05,0.00832581,0.0309745,-0.000634547,0.032080233981399024
13.9167,2.5,0.05,0.00860176,0.0314084,-0.000644359,0.03257135342871833
14.0833,2.5,0.05,0.00888779,0.031862,-0.000655052,0.033084874915991505
14.25,2.5,0.05,0.00918433,0.0323385,-0.000666739,0.03362402475452665
14.4167,2.5,0.05,0.00949171,0.0328417,-0.000679524,0.0341925660119371
14.5833,2.5,0.05,0.0098101,0.0333754,-0.000693517,0.03479419999079285
14.75,2.5,0.05,0.0101395,0.0339435,-0.000708822,0.03543265557543894
14.9167,2.5,0.05,0.0104795,0.0345505,-0.000725543,0.036112094693396685
15.0833,2.5,0.05,0.0108297,0.0352006,-0.000743781,0.03683636589874144
15.25,2.5,0.05,0.0111891,0.0358986,-0.000763642,0.03760968744717462
15.4167,2.5,0.05,0.0115562,0.0366493,-0.000785223,0.03843609662920689
15.5833,2.5,0.05,0.0119293,0.0374576,-0.000808629,0.039319637296262554
15.75,2.5,0.05,0.0123059,0.0383287,-0.000833957,0.0402643751072564
15.9167,2.5,0.05,0.0126828,0.0392678,-0.000861311,0.04127414916529135
16.0833,2.5,0.05,0.0130564,0.0402799,-0.000890786,0.042352490182606686
16.25,2.5,0.05,0.0134218,0.0413702,-0.000922478,0.04350274852167946
16.4167,2.5,0.05,0.0137737,0.0425437,-0.000956475,0.04472802327183289
16.5833,2.5,0.05,0.0141054,0.0438051,-0.000992859,0.046030803427312465
16.75,2.5,0.05,0.0144094,0.0451586,-0.00103169,0.04741301874565782
16.9167,2.5,0.05,0.0146768,0.0466077,-0.00107303,0.0488757358094065
17.0833,2.5,0.05,0.0148976,0.0481553,-0.00111689,0.050419429262161426
17.25,2.5,0.05,0.0150606,0.0498032,-0.00116327,0.05204357404803114
17.4167,2.5,0.05,0.015153,0.0515514,-0.00121211,0.05374597158496718
17.5833,2.5,0.05,0.0151611,0.0533987,-0.00126333,0.0555236536765089
17.75,2.5,0.05,0.0150696,0.0553413,-0.00131674,0.057371474916351944
17.9167,2.5,0.05,0.0148625,0.057373,-0.00137206,0.059282692110713055
18.0833,2.5,0.05,0.0145226,0.0594848,-0.00142892,0.06124858491562397
18.25,2.5,0.05,0.0140334,0.0616654,-0.00148687,0.06325953410448816
18.4167,2.5,0.05,0.013379,0.0638971,-0.00154552,0.06530103874733081
18.5833,2.5,0.05,0.0125442,0.0661575,-0.00160458,0.06735537422408401
18.75,2.5,0.05,0.0115165,0.0684229,-0.00166405,0.06940527414442291
18.9167,2.5,0.05,0.0102871,0.070666,-0.00172296,0.07143162166415935
19.0833,2.5,0.05,0.00885408,0.0728542,-0.00178128,0.07341186653889682
19.25,2.5,0.05,0.00722075,0.0749579,-0.00183948,0.07532735020988658
19.4167,2.5,0.05,0.00540049,0.076943,-0.00189675,0.07715561030672105
19.5833,2.5,0.05,0.00341326,0.0787781,-0.00195332,0.07887619946764678
19.75,2.5,0.05,0.00129531,0.0804436,-0.00200757,0.08047907147986363
19.9167,2.5,0.05,-0.000949823,0.0819465,-0.00205727,0.08197782252435247
20.0833,2.5,0.05,-0.00322787,0.0832391,-0.00210069,0.08332814537731534
20.25,2.5,0.05,-0.00552422,0.0843449,-0.00214049,0.08455271054235045
20.4167,2.5,0.05,-0.00780158,0.0852794,-0.00217796,0.085663202278563
20.5833,2.5,0.05,-0.010034,0.0860574,-0.00221316,0.08666865251026809
20.75,2.5,0.05,-0.0122009,0.0866965,-0.00224582,0.08757961395514598
20.9167,2.5,0.05,-0.0142894,0.0872179,-0.00227561,0.08840999623143357
21.0833,2.5,0.05,-0.0162907,0.0876366,-0.00230224,0.08916759991761357
21.25,2.5,0.05,-0.0181992,0.0879663,-0.00232586,0.08985928132958554
21.4167,2.5,0.05,-0.0200115,0.0882204,-0.00234671,0.09049202261102413
21.5833,2.5,0.05,-0.0217259,0.0884093,-0.00236509,0.09107037228433901
21.75,2.5,0.05,-0.0233403,0.0885412,-0.00238129,0.09159685717094283
21.9167,2.5,0.05,-0.024853,0.0886228,-0.00239563,0.09207285882352573
22.0833,2.5,0.05,-0.0262618,0.0886596,-0.00240841,0.09249868782922328
22.25,2.5,0.05,-0.0275638,0.0886557,-0.00241992,0.09287331277464157
22.4167,2.5,0.05,-0.0287553,0.0886148,-0.00243047,0.09319526405108201
22.5833,2.5,0.05,-0.0298322,0.0885402,-0.00244037,0.09346273363548115
22.75,2.5,0.05,-0.0307898,0.0884349,-0.00244996,0.09367361221844496
22.9167,2.5,0.05,-0.031623,0.0883016,-0.00245954,0.09382556170133807
23.0833,2.5,0.05,-0.032326,0.0881427,-0.00246946,0.09391594152209518
23.25,2.5,0.05,-0.0328925,0.0879601,-0.00248005,0.09394171808234347
23.4167,2.5,0.05,-0.033316,0.0877559,-0.00249165,0.09390027774470372
23.5833,2.5,0.05,-0.033589,0.0875313,-0.00250457,0.09378817767488022
23.75,2.5,0.05,-0.033704,0.0872875,-0.00251915,0.09360242191830562
23.9167,2.5,0.05,-0.0336526,0.0870252,-0.00253567,0.09333976935984414
24.0833,2.5,0.05,-0.033426,0.0867445,-0.0025544,0.09299693928087097
24.25,2.5,0.05,-0.0330152,0.0864452,-0.00257558,0.09257110589388245
24.4167,2.5,0.05,-0.0324103,0.0861262,-0.00259935,0.09205925533563968
24.5833,2.5,0.05,-0.0316015,0.0857863,-0.00262586,0.09145949491813084
24.75,2.5,0.05,-0.0305784,0.0854231,-0.00265526,0.09077001137951675
24.9167,2.5,0.05,-0.0293302,0.0850335,-0.00268768,0.08998989042149345
25.0833,2.5,0.05,-0.0278455,0.084614,-0.00272324,0.0891196774138439
25.25,2.5,0.05,-0.0261132,0.0841605,-0.00276199,0.08816188271157836
25.4167,2.5,0.05,-0.024122,0.0836679,-0.00280386,0.08712089304701601
25.5833,2.5,0.05,-0.0218635,0.083131,-0.00284846,0.08600517145859078
25.75,2.5,0.05,-0.0193258,0.0825336,-0.00289401,0.08481542883508932
25.9167,2.5,0.05,-0.0164969,0.0818601,-0.0029416,0.08355762497929199
26.0833,2.5,0.05,-0.0133659,0.0810984,-0.00299185,0.08224687794556398
26.25,2.5,0.05,-0.0099209,0.0802318,-0.00304449,0.08090015393934737
26.4167,2.5,0.05,-0.00614691,0.0792423,-0.00309984,0.07954077960306713
26.5833,2.5,0.05,-0.00205492,0.078102,-0.00315731,0.07819279830420767
26.75,2.5,0.05,0.0024605,0.0767351,-0.00317291,0.07684007411584205
26.9167,2.5,0.05,0.00723429,0.0751573,-0.00315048,0.07557036601290548
27.0833,2.5,0.05,0.0123376,0.0733171,-0.0031317,0.07441384999487662
27.25,2.5,0.05,0.0177734,0.0711584,-0.00310718,0.07341025953960659
27.4167,2.5,0.05,0.0235288,0.0686068,-0.00307228,0.07259432718937754
27.5833,2.5,0.05,0.0296074,0.0655807,-0.00301272,0.07201737865993459
27.75,2.5,0.05,0.0359415,0.0620188,-0.00291471,0.07173993664671094
27.9167,2.5,0.05,0.0425016,0.0578175,-0.00278405,0.07181225691490624
28.0833,2.5,0.05,0.0492441,0.0528439,-0.00261671,0.07227936305228554
28.25,2.5,0.05,0.0561052,0.0469333,-0.00240231,0.07318674203205182
28.4167,2.5,0.05,0.0629934,0.0398853,-0.00212519,0.07458902085552606
28.5833,2.5,0.05,0.0697809,0.0314667,-0.00175992,0.07656777737473121
28.75,2.5,0.05,0.0762951,0.0213693,-0.00127123,0.07924143671219559
28.9167,2.5,0.05,0.0823028,0.0090751,-0.000702282,0.08280459847048063
29.0833,2.5,0.05,0.0882745,-0.00630498,5.27856e-05,0.08849939496612375
29.25,2.5,0.05,0.0931504,-0.0253109,0.00111828,0.09653439402165634
29.4167,2.5,0.05,0.0972176,-0.0494997,0.00260372,0.10912498067669199
29.5833,2.5,0.05,0.0985069,-0.081314,0.00480083,0.12782262676184877
29.75,2.5,0.05,0.101053,-0.125575,0.0087992,0.1614255721830962
29.9167,2.5,0.05,0.0798011,-0.18334,0.0164756,0.2006320426964995
0.0833333,2.83333,0.05,9.89426e-05,-0.00669416,2.30734e-05,0.006694930927611003
0.25,2.83333,0.05,0.000293141,-0.0066511,2.20586e-05,0.006657593366804176
0.416667,2.83333,0.05,0.000490836,-0.00658209,2.11075e-05,0.006600399554083998
0.583333,2.83333,0.05,0.000687968,-0.00648757,2.02578e-05,0.006523976919976407
0.75,2.83333,0.05,0.000885009,-0.00636764,1.94897e-05,0.006428877036317237
0.916667,2.83333,0.05,0.00108121,-0.00622229,1.88077e-05,0.006315557112225278
1.08333,2.83333,0.05,0.00127626,-0.00605132,1.82252e-05,0.006184468084477034
1.25,2.83333,0.05,0.00146984,-0.0058544,1.77657e-05,0.006036119995965661
1.41667,2.83333,0.05,0.00166177,-0.00563101,1.74694e-05,0.005871120705021857
1.58333,2.83333,0.05,0.00185195,-0.00538049,1.73915e-05,0.005690315800276137
1.75,2.83333,0.05,0.00204035,-0.00510202,1.76026e-05,0.005494901823911575
1.91667,2.83333,0.05,0.00222696,-0.00479471,1.81806e-05,0.005286674319448509
2.08333,2.83333,0.05,0.00241175,-0.00445763,1.91986e-05,0.005068271092359006
2.25,2.83333,0.05,0.00259465,-0.00408999,2.07035e-05,0.0048436200777427045
2.41667,2.83333,0.05,0.00277553,-0.00369122,2.26936e-05,0.004618353263748991
2.58333,2.83333,0.05,0.00295416,-0.00326121,2.50969e-05,0.004400361556064412
2.75,2.83333,0.05,0.00313019,-0.00280045,2.7764e-05,0.004200164339439112
2.91667,2.83333,0.05,0.00330321,-0.00231016,3.0475e-05,0.004031000403786261
3.08333,2.83333,0.05,0.0034727,-0.00179236,3.29667e-05,0.003908105226693479
3.25,2.83333,0.05,0.00363783,-0.00124979,3.49583e-05,0.003846687436709524
3.41667,2.83333,0.05,0.00379855,-0.000685634,3.60359e-05,0.0038601003446212135
3.58333,2.83333,0.05,0.00395358,-0.00010308,3.70225e-05,0.003955096834251502
3.75,2.83333,0.05,0.00409639,0.000493441,3.68469e-05,0.004126166834559724
3.91667,2.83333,0.05,0.00423078,0.00109308,3.40787e-05,0.004369838057936894
4.08333,2.83333,0.05,0.0043541,0.0016946,2.97763e-05,0.004672338022665065
4.25,2.83333,0.05,0.00446777,0.00229605,2.42139e-05,0.00502328584577398
4.41667,2.83333,0.05,0.00457261,0.0028963,1.74716e-05,0.005412727700421162
4.58333,2.83333,0.05,0.0046696,0.00349478,9.64425e-06,0.005832558994125826
4.75,2.83333,0.05,0.00476004,0.00409146,8.18536e-07,0.0062767847185642095
4.91667,2.83333,0.05,0.00484531,0.00468652,-8.89638e-06,0.006740962679920213
5.08333,2.83333,0.05,0.00492681,0.00528032,-1.93585e-05,0.007221884160662108
5.25,2.83333,0.05,0.00500581,0.00587332,-3.04218e-05,0.0077171851775381965
5.41667,2.83333,0.05,0.00508347,0.00646608,-4.194e-05,0.00822518186856072
5.58333,2.83333,0.05,0.00516074,0.00705914,-5.3775e-05,0.008744574697366647
5.75,2.83333,0.05,0.0052384,0.00765302,-6.58026e-05,0.009274366806557025
5.91667,2.83333,0.05,0.00531702,0.00824815,-7.79206e-05,0.009813702243435163
6.08333,2.83333,0.05,0.00539703,0.00884497,-9.00473e-05,0.010361927216403196
6.25,2.83333,0.05,0.00547879,0.00944382,-0.000102126,0.010918484591571121
6.41667,2.83333,0.05,0.00556256,0.0100449,-0.000114124,0.011482818210307782
6.58333,2.83333,0.05,0.00564862,0.0106485,-0.000126025,0.012054598394597184
6.75,2.83333,0.05,0.00573721,0.0112544,-0.000137835,0.012633134861598089
6.91667,2.83333,0.05,0.00582858,0.0118626,-0.00014958,0.013218017920732291
7.08333,2.83333,0.05,0.005923,0.0124729,-0.000161287,0.013808735528873345
7.25,2.83333,0.05,0.00602086,0.0130851,-0.000172991,0.014404878445710017
7.41667,2.83333,0.05,0.00612261,0.0136987,-0.000184727,0.015005827500229002
7.58333,2.83333,0.05,0.0062288,0.0143134,-0.00019653,0.015611213695318505
7.75,2.83333,0.05,0.00634004,0.0149286,-0.00020843,0.01622043921188634
7.91667,2.83333,0.05,0.006457,0.0155435,-0.000220453,0.016832760937386622
8.08333,2.83333,0.05,0.00658039,0.0161574,-0.000232612,0.017447556151353804
8.25,2.83333,0.05,0.00671095,0.0167694,-0.000244916,0.0180640419095383
8.41667,2.83333,0.05,0.00684944,0.0173787,-0.000257358,0.018681549056321963
8.58333,2.83333,0.05,0.0069966,0.0179843,-0.000269925,0.019299231009437267
8.75,2.83333,0.05,0.00715315,0.0185853,-0.000282585,0.01991634467704164
8.91667,2.83333,0.05,0.00731974,0.0191807,-0.000295302,0.02053204932365018
9.08333,2.83333,0.05,0.00749697,0.0197697,-0.000308024,0.02114569639561384
9.25,2.83333,0.05,0.00768539,0.0203513,-0.000320698,0.021756458313551497
9.41667,2.83333,0.05,0.00788546,0.0209246,-0.00033326,0.022363596016723254
9.58333,2.83333,0.05,0.00809753,0.0214888,-0.000345657,0.022966453716291264
9.75,2.83333,0.05,0.00832182,0.022043,-0.000357817,0.0235642646844303
9.91667,2.83333,0.05,0.00855848,0.0225867,-0.00036968,0.02415664008306619
10.0833,2.83333,0.05,0.00880757,0.0231193,-0.00038118,0.024743092369130013
10.25,2.83333,0.05,0.00906902,0.0236401,-0.000392264,0.0253230196227878
10.4167,2.83333,0.05,0.00934272,0.024149,-0.00040288,0.025896388363878083
10.5833,2.83333,0.05,0.00962847,0.0246456,-0.000412985,0.02646287192485209
10.75,2.83333,0.05,0.00992599,0.0251297,-0.000422546,0.02702231753000131
10.9167,2.83333,0.05,0.010235,0.0256016,-0.000431542,0.027575049883141897
11.0833,2.83333,0.05,0.0105551,0.0260612,-0.000439961,0.028120985884771556
11.25,2.83333,0.05,0.010886,0.0265089,-0.000447805,0.028660553109247994
11.4167,2.83333,0.05,0.0112273,0.0269453,-0.000455083,0.029194324070217638
11.5833,2.83333,0.05,0.0115788,0.0273709,-0.000461821,0.029722854083786113
11.75,2.83333,0.05,0.0119401,0.0277867,-0.00046805,0.030247078465572508
11.9167,2.83333,0.05,0.012311,0.0281935,-0.00047382,0.03076781871765368
12.0833,2.83333,0.05,0.0126913,0.0285925,-0.000479185,0.031286255292128286
12.25,2.83333,0.05,0.013081,0.0289852,-0.000484214,0.03180391238885235
12.4167,2.83333,0.05,0.0134801,0.0293729,-0.000488979,0.032322120148320116
12.5833,2.83333,0.05,0.0138887,0.0297576,-0.000493567,0.03284287371460495
12.75,2.83333,0.05,0.0143069,0.030141,-0.000498064,0.0333678788111875
12.9167,2.83333,0.05,0.0147351,0.0305253,-0.000502569,0.03389940541808604
13.0833,2.83333,0.05,0.0151736,0.0309129,-0.00050718,0.03443984255077831
13.25,2.83333,0.05,0.0156229,0.0313063,-0.000512004,0.034991735769978834
13.4167,2.83333,0.05,0.0160835,0.0317082,-0.000517144,0.03555778898366342
13.5833,2.83333,0.05,0.016556,0.0321218,-0.000522715,0.03614117322682296
13.75,2.83333,0.05,0.0170409,0.0325502,-0.000528829,0.036744896964901685
13.9167,2.83333,0.05,0.017539,0.032997,-0.000535605,0.03737252202776828
14.0833,2.83333,0.05,0.0180509,0.0334659,-0.000543156,0.03802757515356897
14.25,2.83333,0.05,0.018577,0.0339611,-0.000551604,0.03871389297374802
14.4167,2.83333,0.05,0.0191179,0.0344868,-0.000561067,0.03943536827301716
14.5833,2.83333,0.05,0.019674,0.0350479,-0.000571671,0.040196372698817505
14.75,2.83333,0.05,0.0202453,0.0356492,-0.00058354,0.04100095305796684
14.9167,2.83333,0.05,0.0208319,0.0362961,-0.000596806,0.04185368693701471
15.0833,2.83333,0.05,0.0214334,0.0369943,-0.000611603,0.04275912681848881
15.25,2.83333,0.05,0.0220491,0.0377497,-0.000628074,0.04372181535400235
15.4167,2.83333,0.05,0.0226779,0.0385688,-0.000646364,0.0447465894596504
15.5833,2.83333,0.05,0.0233181,0.0394582,-0.000666633,0.04583805988920876
15.75,2.83333,0.05,0.0239674,0.0404249,-0.000689043,0.04700088917271511
15.9167,2.83333,0.05,0.024623,0.0414762,-0.00071377,0.04823978402784262
16.0833,2.83333,0.05,0.0252809,0.0426195,-0.000740995,0.049559002801206814
16.25,2.83333,0.05,0.0259366,0.0438626,-0.000770912,0.05096301799964111
16.4167,2.83333,0.05,0.0265841,0.0452132,-0.000803714,0.05245563633437113
16.5833,2.83333,0.05,0.0272163,0.0466788,-0.000839603,0.054040191416459736
16.75,2.83333,0.05,0.027825,0.048267,-0.000878771,0.055719890097436844
16.9167,2.83333,0.05,0.0283999,0.0499846,-0.000921405,0.05749663941783054
17.0833,2.83333,0.05,0.0289296,0.0518378,-0.000967661,0.059371842087061116
17.25,2.83333,0.05,0.0294003,0.0538316,-0.00101767,0.061345370248119785
17.4167,2.83333,0.05,0.0297964,0.0559695,-0.00107149,0.06341575887766462
17.5833,2.83333,0.05,0.0301003,0.0582528,-0.00112913,0.06557965921295184
17.75,2.83333,0.05,0.030292,0.06068,-0.00119048,0.06783129739751702
17.9167,2.83333,0.05,0.0303498,0.0632461,-0.0012553,0.07016234961387766
18.0833,2.83333,0.05,0.0302498,0.0659416,-0.00132316,0.07256097961704762
18.25,2.83333,0.05,0.029967,0.0687523,-0.00139358,0.07501227839164999
18.4167,2.83333,0.05,0.0294765,0.0716565,-0.00146602,0.07749624029035473
18.5833,2.83333,0.05,0.0287535,0.0746252,-0.00153962,0.07998784074491823
18.75,2.83333,0.05,0.0277755,0.0776233,-0.00161369,0.08245883275038582
18.9167,2.83333,0.05,0.0265255,0.0806078,-0.0016874,0.08487677473755703
19.0833,2.83333,0.05,0.0249938,0.0835289,-0.00175976,0.0872058709543549
19.25,2.83333,0.05,0.0231808,0.0863339,-0.00183071,0.08941053224846669
19.4167,2.83333,0.05,0.0211019,0.0889668,-0.0018998,0.0914548573116267
19.5833,2.83333,0.05,0.0187842,0.0913769,-0.00196702,0.0933083768529407
19.75,2.83333,0.05,0.0162743,0.093527,-0.00203237,0.09495411048136304
19.9167,2.83333,0.05,0.0136234,0.0953952,-0.00209681,0.09638587978939706
20.0833,2.83333,0.05,0.0109053,0.0969629,-0.00216054,0.09759814279786067
20.25,2.83333,0.05,0.00817421,0.0982472,-0.00222246,0.09861170998119696
20.4167,2.83333,0.05,0.00548334,0.0992751,-0.00228198,0.0994526014254328
20.5833,2.83333,0.05,0.00288368,0.100077,-0.00233742,0.1001458190420289
20.75,2.83333,0.05,0.000392412,0.100693,-0.00238713,0.10072205630255293
20.9167,2.83333,0.05,-0.00196783,0.101156,-0.00242696,0.10120424312127678
21.0833,2.83333,0.05,-0.00416318,0.101486,-0.00245699,0.101601068220627
21.25,2.83333,0.05,-0.0062127,0.101713,-0.00248069,0.10193275152357116
21.4167,2.83333,0.05,-0.00811551,0.101852,-0.00250005,0.10220538956709964
21.5833,2.83333,0.05,-0.00987616,0.101915,-0.00251578,0.10242331233832462
21.75,2.83333,0.05,-0.0114966,0.101908,-0.00252834,0.102585597325919
21.9167,2.83333,0.05,-0.0129779,0.101839,-0.00253821,0.10269396437675439
22.0833,2.83333,0.05,-0.0143205,0.101713,-0.00254584,0.1027477123373343
22.25,2.83333,0.05,-0.0155234,0.101531,-0.00255122,0.1027425356512501
22.4167,2.83333,0.05,-0.0165834,0.101298,-0.00255461,0.10267823523908122
22.5833,2.83333,0.05,-0.017497,0.101016,-0.00255635,0.10255199749552663
22.75,2.83333,0.05,-0.0182599,0.100688,-0.00255678,0.10236227047100117
22.9167,2.83333,0.05,-0.0188674,0.100317,-0.0025563,0.1021078544552279
23.0833,2.83333,0.05,-0.0193142,0.0999061,-0.0025553,0.10178799878639917
23.25,2.83333,0.05,-0.0195946,0.0994567,-0.00255422,0.10140072762982719
23.4167,2.83333,0.05,-0.0197024,0.0989715,-0.00255351,0.10094584088178225
23.5833,2.83333,0.05,-0.0196314,0.0984522,-0.00255362,0.10042284862472485
23.75,2.83333,0.05,-0.0193746,0.0979005,-0.00255506,0.09983191552311114
23.9167,2.83333,0.05,-0.0189247,0.0973175,-0.00255828,0.09917350892702345
24.0833,2.83333,0.05,-0.0182737,0.096704,-0.00256377,0.09844879199006405
24.25,2.83333,0.05,-0.0174142,0.0960607,-0.00257188,0.0976602632234032
24.4167,2.83333,0.05,-0.0163367,0.0953861,-0.00258249,0.09680942668304622
24.5833,2.83333,0.05,-0.0150322,0.0946788,-0.00259632,0.09589985966529044
24.75,2.83333,0.05,-0.0134921,0.0939371,-0.00261404,0.09493707770908898
24.9167,2.83333,0.05,-0.0117062,0.0931566,-0.00263607,0.09392622693925749
25.0833,2.83333,0.05,-0.00966355,0.0923333,-0.00266272,0.0928757910614542
25.25,2.83333,0.05,-0.00735303,0.0914637,-0.00269443,0.09179834105742761
25.4167,2.83333,0.05,-0.0047593,0.0905427,-0.00273182,0.0907088435616528
25.5833,2.83333,0.05,-0.00188532,0.0895635,-0.00277669,0.08962636314784005
25.75,2.83333,0.05,0.00133619,0.0884913,-0.00280482,0.08854582200554975
25.9167,2.83333,0.05,0.00482506,0.087345,-0.00281166,0.08752334352022437
26.0833,2.83333,0.05,0.00861978,0.0861016,-0.00282347,0.08657804636655472
26.25,2.83333,0.05,0.0127219,0.084742,-0.00284038,0.08573867891537867
26.4167,2.83333,0.05,0.017145,0.0832392,-0.00285723,0.08503457652574568
26.5833,2.83333,0.05,0.0218831,0.0815561,-0.00287296,0.08448977104940929
26.75,2.83333,0.05,0.0269491,0.0796572,-0.00287652,0.08414153474925685
26.9167,2.83333,0.05,0.0323013,0.0775205,-0.00286245,0.0840297299885136
27.0833,2.83333,0.05,0.0379402,0.0750946,-0.00283918,0.08418265063700715
27.25,2.83333,0.05,0.0438498,0.0723204,-0.00280409,0.08462214921005079
27.4167,2.83333,0.05,0.0500055,0.0691255,-0.00275346,0.08536080085420708
27.5833,2.83333,0.05,0.056375,0.0654272,-0.00268122,0.08640629644608315
27.75,2.83333,0.05,0.0629101,0.0611397,-0.00257931,0.0877632977854416
27.9167,2.83333,0.05,0.0695632,0.0561558,-0.00244171,0.0894341915354754
28.0833,2.83333,0.05,0.0762736,0.0503418,-0.00225962,0.09141698292300178
28.25,2.83333,0.05,0.0829649,0.0435211,-0.00202014,0.09370881358143213
28.4167,2.83333,0.05,0.0895403,0.0354724,-0.00170677,0.09632585089000201
28.5833,2.83333,0.05,0.0958826,0.0259151,-0.00129016,0.09933141448502382
28.75,2.83333,0.05,0.101807,0.014418,-0.000777529,0.10282581642926956
28.9167,2.83333,0.05,0.107679,0.000153227,-0.000172433,0.1076792470843524
29.0833,2.83333,0.05,0.113556,-0.0177555,0.000595908,0.11493727864620104
29.25,2.83333,0.05,0.119077,-0.0402668,0.00164396,0.12571177238318454
29.4167,2.83333,0.05,0.124385,-0.0691393,0.00311823,0.1423432274041266
29.5833,2.83333,0.05,0.126804,-0.106769,0.00543055,0.1658564579698436
29.75,2.83333,0.05,0.130774,-0.157783,0.00995807,0.2051742608689621
29.9167,2.83333,0.05,0.10423,-0.222473,0.0193969,0.24644343845720462
0.0833333,3.16667,0.05,0.000102883,-0.00721046,1.84686e-05,0.007211217609563239
0.25,3.16667,0.05,0.000305007,-0.00716593,1.73578e-05,0.007172439147749518
0.416667,3.16667,0.05,0.000511059,-0.00709445,1.63042e-05,0.007112852306277605
0.583333,3.16667,0.05,0.000717046,-0.00699652,1.53068e-05,0.007033184298356062
0.75,3.16667,0.05,0.000923633,-0.00687237,1.43381e-05,0.0069341742779296086
0.916667,3.16667,0.05,0.00113021,-0.00672213,1.33949e-05,0.006816493659085
1.08333,3.16667,0.05,0.00133661,-0.00654585,1.24806e-05,0.0066809306447512505
1.25,3.16667,0.05,0.00154265,-0.00634344,1.1605e-05,0.006528333227717853
1.41667,3.16667,0.05,0.00174831,-0.00611468,1.07904e-05,0.0063597182163388465
1.58333,3.16667,0.05,0.00195363,-0.00585924,1.0072e-05,0.006176363412209809
1.75,3.16667,0.05,0.00215874,-0.00557664,9.50093e-06,0.005979896516234279
1.91667,3.16667,0.05,0.00236383,-0.00526629,9.14416e-06,0.005772485274876161
2.08333,3.16667,0.05,0.00256913,-0.00492752,9.08018e-06,0.005557064401009658
2.25,3.16667,0.05,0.00277484,-0.00455964,9.38945e-06,0.005337615770826081
2.41667,3.16667,0.05,0.00298111,-0.00416203,1.0138e-05,0.005119532530616833
2.58333,3.16667,0.05,0.00318799,-0.00373427,1.13537e-05,0.004910008307478073
2.75,3.16667,0.05,0.00339543,-0.00327627,1.30051e-05,0.0047183746280288095
2.91667,3.16667,0.05,0.00360329,-0.00278843,1.49875e-05,0.004556233676421376
3.08333,3.16667,0.05,0.0038113,-0.00227173,1.71215e-05,0.0044370100325176465
3.25,3.16667,0.05,0.00401915,-0.00172785,1.918e-05,0.004374860022606437
3.41667,3.16667,0.05,0.00422604,-0.00115895,2.08699e-05,0.004382124454739506
3.58333,3.16667,0.05,0.0044336,-0.000567935,2.18443e-05,0.004469881016052607
3.75,3.16667,0.05,0.00463676,4.55679e-05,2.30532e-05,0.0046370412097738204
3.91667,3.16667,0.05,0.00483484,0.00067136,2.31207e-05,0.004881284323000299
4.08333,3.16667,0.05,0.00502717,0.00130376,2.08469e-05,0.005193521246682218
4.25,3.16667,0.05,0.00521317,0.00194034,1.71264e-05,0.005562585197376932
4.41667,3.16667,0.05,0.00539377,0.00257891,1.22038e-05,0.00597860188787767
4.58333,3.16667,0.05,0.00556943,0.00321804,6.19311e-06,0.006432291218618096
4.75,3.16667,0.05,0.00574088,0.00385695,-8.14771e-07,0.006916196002193098
4.91667,3.16667,0.05,0.005909,0.00449509,-8.72082e-06,0.007424432042978202
5.08333,3.16667,0.05,0.0060749,0.00513234,-1.74202e-05,0.007952711949326974
5.25,3.16667,0.05,0.00623973,0.0057688,-2.67969e-05,0.008497882205982242
5.41667,3.16667,0.05,0.00640461,0.00640472,-3.6726e-05,0.00905763856253803
5.58333,3.16667,0.05,0.00657059,0.00704045,-4.70825e-05,0.009630306636468345
5.75,3.16667,0.05,0.00673862,0.00767636,-5.77455e-05,0.010214638363484546
5.91667,3.16667,0.05,0.00690949,0.00831281,-6.86059e-05,0.010809651656076379
6.08333,3.16667,0.05,0.00708387,0.00895012,-7.95681e-05,0.011414560581723575
6.25,3.16667,0.05,0.00726234,0.00958857,-9.05558e-05,0.012028734649721625
6.41667,3.16667,0.05,0.00744536,0.0102284,-0.000101511,0.012651634541541303
6.58333,3.16667,0.05,0.00763334,0.0108696,-0.000112396,0.013282647197619004
6.75,3.16667,0.05,0.00782666,0.0115122,-0.000123189,0.013921297752915172
6.91667,3.16667,0.05,0.00802568,0.0121562,-0.000133887,0.01456717761377162
7.08333,3.16667,0.05,0.00823075,0.0128014,-0.000144496,0.015219788652163209
7.25,3.16667,0.05,0.00844227,0.0134474,-0.00015503,0.015878555469997894
7.41667,3.16667,0.05,0.00866069,0.014094,-0.00016551,0.016543149060447952
7.58333,3.16667,0.05,0.00888651,0.0147406,-0.00017596,0.01721296924594069
7.75,3.16667,0.05,0.00912028,0.0153866,-0.000186404,0.017887473641898567
7.91667,3.16667,0.05,0.0093626,0.0160313,-0.000196862,0.01856608771650732
8.08333,3.16667,0.05,0.0096141,0.0166741,-0.000207351,0.019248364191722916
8.25,3.16667,0.05,0.00987544,0.017314,-0.000217881,0.019933549190341418
8.41667,3.16667,0.05,0.0101473,0.0179502,-0.000228453,0.020621095220749282
8.58333,3.16667,0.05,0.0104304,0.0185818,-0.000239061,0.02131041260890368
8.75,3.16667,0.05,0.0107253,0.0192077,-0.000249687,0.022000685057015135
8.91667,3.16667,0.05,0.0110326,0.019827,-0.000260308,0.022691318869005037
9.08333,3.16667,0.05,0.011353,0.0204387,-0.000270887,0.023381711794835915
9.25,3.16667,0.05,0.011687,0.0210419,-0.000281387,0.02407128378906636
9.41667,3.16667,0.05,0.012035,0.0216357,-0.00029176,0.024759439884367337
9.58333,3.16667,0.05,0.0123974,0.0222191,-0.000301959,0.02544553223667528
9.75,3.16667,0.05,0.0127745,0.0227914,-0.00031193,0.026129161190801744
9.91667,3.16667,0.05,0.0131665,0.0233518,-0.000321621,0.026809825168352758
10.0833,3.16667,0.05,0.0135734,0.0238997,-0.000330977,0.027487131414982702
10.25,3.16667,0.05,0.0139954,0.0244345,-0.000339952,0.028160816372617897
10.4167,3.16667,0.05,0.0144324,0.0249558,-0.000348497,0.028830670709489383
10.5833,3.16667,0.05,0.0148842,0.0254634,-0.000356576,0.02949663193728694
10.75,3.16667,0.05,0.0153507,0.025957,-0.000364153,0.03015862143562615
10.9167,3.16667,0.05,0.0158318,0.0264368,-0.000371208,0.03081700960280319
11.0833,3.16667,0.05,0.0163271,0.0269027,-0.000377721,0.03147176726613619
11.25,3.16667,0.05,0.0168364,0.0273552,-0.00038369,0.03212348906977727
11.4167,3.16667,0.05,0.0173595,0.0277948,-0.000389118,0.032772771626884474
11.5833,3.16667,0.05,0.0178961,0.0282221,-0.00039402,0.03342024200062591
11.75,3.16667,0.05,0.0184461,0.0286379,-0.000398418,0.034066797010031985
11.9167,3.16667,0.05,0.0190092,0.0290433,-0.00040235,0.03471346777624644
12.0833,3.16667,0.05,0.0195855,0.0294395,-0.000405859,0.03536157083654346
12.25,3.16667,0.05,0.0201749,0.029828,-0.000408999,0.036012545788821994
12.4167,3.16667,0.05,0.0207775,0.0302104,-0.000411832,0.036668002127280185
12.5833,3.16667,0.05,0.0213934,0.0305886,-0.000414429,0.03732977049107108
12.75,3.16667,0.05,0.022023,0.0309646,-0.000416865,0.03799990471814666
12.9167,3.16667,0.05,0.0226665,0.0313408,-0.000419228,0.03868063752067673
13.0833,3.16667,0.05,0.0233244,0.0317197,-0.000421603,0.03937441748825764
13.25,3.16667,0.05,0.0239974,0.0321041,-0.000424089,0.04008401545566413
13.4167,3.16667,0.05,0.0246859,0.0324972,-0.000426783,0.04081229974381607
13.5833,3.16667,0.05,0.0253909,0.0329023,-0.000429791,0.041562529619883354
13.75,3.16667,0.05,0.0261129,0.033323,-0.000433218,0.042337850125455406
13.9167,3.16667,0.05,0.0268529,0.0337634,-0.000437181,0.043142050776438075
14.0833,3.16667,0.05,0.0276116,0.0342277,-0.000441791,0.04397875715771969
14.25,3.16667,0.05,0.0283899,0.0347207,-0.000447172,0.044852128079920395
14.4167,3.16667,0.05,0.0291886,0.0352476,-0.000453447,0.0457665083866118
14.5833,3.16667,0.05,0.0300084,0.0358137,-0.00046075,0.04672619681519672
14.75,3.16667,0.05,0.0308498,0.0364251,-0.000469214,0.04773592181814232
14.9167,3.16667,0.05,0.0317133,0.0370881,-0.00047899,0.04880051218911642
15.0833,3.16667,0.05,0.032599,0.0378098,-0.00049023,0.04992510493221722
15.25,3.16667,0.05,0.0335067,0.0385976,-0.000503102,0.05111483915921486
15.4167,3.16667,0.05,0.034436,0.0394595,-0.000517786,0.05237516910322864
15.5833,3.16667,0.05,0.0353857,0.0404041,-0.000534478,0.05371149530624225
15.75,3.16667,0.05,0.0363543,0.0414407,-0.000553388,0.05512960169689732
15.9167,3.16667,0.05,0.0373393,0.042579,-0.00057475,0.05663501481462241
16.0833,3.16667,0.05,0.0383375,0.0438293,-0.000598813,0.05823340984133566
16.25,3.16667,0.05,0.0393447,0.0452025,-0.00062585,0.0599304856693361
16.4167,3.16667,0.05,0.0403553,0.0467098,-0.00065615,0.06173156556375757
16.5833,3.16667,0.05,0.0413622,0.0483631,-0.000690023,0.06364194499063122
16.75,3.16667,0.05,0.0423568,0.050174,-0.000727787,0.06566626573939902
16.9167,3.16667,0.05,0.0433282,0.0521542,-0.000769766,0.06780845104096359
17.0833,3.16667,0.05,0.0442632,0.0543152,-0.000816272,0.07007166421070635
17.25,3.16667,0.05,0.045146,0.0566674,-0.000867595,0.07245763079099415
17.4167,3.16667,0.05,0.0459576,0.0592199,-0.000923969,0.07496633426067305
17.5833,3.16667,0.05,0.0466755,0.0619797,-0.000985557,0.07759546916502438
17.75,3.16667,0.05,0.0472734,0.0649506,-0.0010524,0.08033966849371486
17.9167,3.16667,0.05,0.0477211,0.0681321,-0.00112441,0.08318984753843525
18.0833,3.16667,0.05,0.0479842,0.0715182,-0.00120128,0.08613233686902035
18.25,3.16667,0.05,0.0480248,0.0750954,-0.00128255,0.08914788528452317
18.4167,3.16667,0.05,0.0478023,0.078841,-0.00136761,0.09221081023069963
18.5833,3.16667,0.05,0.0472747,0.0827211,-0.00145561,0.09528796590216469
18.75,3.16667,0.05,0.0464011,0.0866897,-0.0015457,0.0983389818728565
18.9167,3.16667,0.05,0.0451463,0.090687,-0.00163706,0.10131633796251027
19.0833,3.16667,0.05,0.043485,0.09464,-0.00172912,0.10416652380191249
19.25,3.16667,0.05,0.0414083,0.0984652,-0.00182187,0.10683333810298591
19.4167,3.16667,0.05,0.0389304,0.102072,-0.00191593,0.10926088053793498
19.5833,3.16667,0.05,0.0360919,0.105372,-0.00201236,0.11139987981312906
19.75,3.16667,0.05,0.0329638,0.108291,-0.0021124,0.11321667291172267
19.9167,3.16667,0.05,0.029642,0.110778,-0.00221712,0.11469668290362368
20.0833,3.16667,0.05,0.0262376,0.112811,-0.0023256,0.11584533564248498
20.25,3.16667,0.05,0.0228541,0.114406,-0.00243485,0.11669177870498204
20.4167,3.16667,0.05,0.0195802,0.115605,-0.00254127,0.11727897642055417
20.5833,3.16667,0.05,0.0164828,0.116464,-0.00264021,0.11765422517140683
20.75,3.16667,0.05,0.0135957,0.117047,-0.00272847,0.11786554974219948
20.9167,3.16667,0.05,0.0109343,0.117407,-0.00280373,0.11794839323790257
21.0833,3.16667,0.05,0.00850384,0.117586,-0.00286464,0.11792789683987075
21.25,3.16667,0.05,0.00628736,0.117622,-0.00291072,0.1178258803094125
21.4167,3.16667,0.05,0.00427668,0.117537,-0.00294315,0.11765159791836616
21.5833,3.16667,0.05,0.00245692,0.117345,-0.00296317,0.1174081166586676
21.75,3.16667,0.05,0.000820833,0.117056,-0.00297052,0.117096562254766
21.9167,3.16667,0.05,-0.000647622,0.116672,-0.00296274,0.1167114082965435
22.0833,3.16667,0.05,-0.00192927,0.116205,-0.00294148,0.11625823158952359
22.25,3.16667,0.05,-0.00303687,0.115656,-0.00291193,0.11573250300465207
22.4167,3.16667,0.05,-0.00396718,0.11503,-0.00287667,0.11513433305248828
22.5833,3.16667,0.05,-0.00471808,0.114331,-0.00283695,0.11446347070218035
22.75,3.16667,0.05,-0.00528547,0.113564,-0.00279399,0.11372125865132253
22.9167,3.16667,0.05,-0.00566442,0.112734,-0.00274888,0.11290968404521731
23.0833,3.16667,0.05,-0.0058496,0.111847,-0.00270267,0.11203246696511195
23.25,3.16667,0.05,-0.00583532,0.110908,-0.00265636,0.1110931666303198
23.4167,3.16667,0.05,-0.00561593,0.109921,-0.00261083,0.11009532843882977
23.5833,3.16667,0.05,-0.0051856,0.108891,-0.00256708,0.10904462493899643
23.75,3.16667,0.05,-0.00453792,0.107822,-0.00252594,0.10794700910544025
23.9167,3.16667,0.05,-0.00366598,0.106716,-0.00248829,0.1068079381529505
24.0833,3.16667,0.05,-0.00256106,0.105577,-0.00245503,0.10563658991857178
24.25,3.16667,0.05,-0.0012178,0.104405,-0.0024273,0.10444031236610699
24.4167,3.16667,0.05,0.000386513,0.103192,-0.00239911,0.10322060833521216
24.5833,3.16667,0.05,0.00224547,0.101951,-0.00236655,0.10200318179068435
24.75,3.16667,0.05,0.00436999,0.100678,-0.00233485,0.10079984137449126
24.9167,3.16667,0.05,0.00676519,0.0993677,-0.00230809,0.09962446927574671
25.0833,3.16667,0.05,0.00944042,0.0980164,-0.00228744,0.09849654095697982
25.25,3.16667,0.05,0.012407,0.0966168,-0.00227239,0.0974366637747419
25.4167,3.16667,0.05,0.0156772,0.0951597,-0.00226195,0.09646895625916402
25.5833,3.16667,0.05,0.0192543,0.0936318,-0.00225641,0.09561764181268068
25.75,3.16667,0.05,0.0231544,0.0920209,-0.00224942,0.09491592156485866
25.9167,3.16667,0.05,0.0273569,0.0903262,-0.00223687,0.0944045866017478
26.0833,3.16667,0.05,0.0318666,0.088531,-0.00222491,0.09411784305363197
26.25,3.16667,0.05,0.0366757,0.0866172,-0.00221432,0.09408798817804746
26.4167,3.16667,0.05,0.0417802,0.0845582,-0.00220367,0.09434262271502154
26.5833,3.16667,0.05,0.0471693,0.0823215,-0.00219195,0.09490298662077237
26.75,3.16667,0.05,0.0528335,0.0798743,-0.00217608,0.09579153327359574
26.9167,3.16667,0.05,0.0587527,0.0771861,-0.00215277,0.0970268427249537
27.0833,3.16667,0.05,0.064911,0.0742142,-0.00212139,0.09861889118303906
27.25,3.16667,0.05,0.071286,0.0709052,-0.00207903,0.10056621474819911
27.4167,3.16667,0.05,0.0778456,0.0671905,-0.00202079,0.10285224509865645
27.5833,3.16667,0.05,0.0845504,0.0629729,-0.00194008,0.10544249705396966
27.75,3.16667,0.05,0.091358,0.0581286,-0.00182841,0.10829848283834866
27.9167,3.16667,0.05,0.0982177,0.0525167,-0.00167623,0.11138909335833963
28.0833,3.16667,0.05,0.10505,0.0459771,-0.00147609,0.1146803168207086
28.25,3.16667,0.05,0.111767,0.0383005,-0.00121937,0.1181536180252086
28.4167,3.16667,0.05,0.118307,0.0292846,-0.00088087,0.1218807202888008
28.5833,3.16667,0.05,0.124618,0.018494,-0.000432298,0.1259835736973706
28.75,3.16667,0.05,0.131081,0.00498305,2.41314e-05,0.13117568345782296
28.9167,3.16667,0.05,0.138629,-0.0124398,0.000513566,0.1391869678349103
29.0833,3.16667,0.05,0.146569,-0.0342073,0.00118901,0.15051254060399785
29.25,3.16667,0.05,0.154708,-0.0614083,0.00213114,0.16646346845656437
29.4167,3.16667,0.05,0.162676,-0.0955633,0.00357184,0.18870236703304916
29.5833,3.16667,0.05,0.166775,-0.138708,0.00607328,0.21700390461684876
29.75,3.16667,0.05,0.171463,-0.195146,0.0113347,0.26001922449905507
29.9167,3.16667,0.05,0.137376,-0.264691,0.0229304,0.2990974658888972
0.0833333,3.5,0.05,0.000107842,-0.00772708,1.45514e-05,0.007727846204901205
0.25,3.5,0.05,0.000319867,-0.0076813,1.33704e-05,0.007687968740524714
0.416667,3.5,0.05,0.000536258,-0.00760777,1.22397e-05,0.007626656333264276
0.583333,3.5,0.05,0.000753088,-0.00750702,1.11287e-05,0.007544707725558869
0.75,3.5,0.05,0.000971225,-0.00737935,1.00053e-05,0.007442995669026893
0.916667,3.5,0.05,0.00119021,-0.00722504,8.86332e-06,0.007322423192095731
1.08333,3.5,0.05,0.00141,-0.0070443,7.70107e-06,0.007184032418946837
1.25,3.5,0.05,0.00163057,-0.00683725,6.52044e-06,0.007028996272835673
1.41667,3.5,0.05,0.00185198,-0.0066039,5.33157e-06,0.006858669955322145
1.58333,3.5,0.05,0.00207439,-0.00634419,4.15144e-06,0.00667471781146245
1.75,3.5,0.05,0.00229803,-0.00605793,3.00864e-06,0.00647915633533523
1.91667,3.5,0.05,0.00252323,-0.00574483,1.94511e-06,0.006274533061930021
2.08333,3.5,0.05,0.00275033,-0.00540453,1.01587e-06,0.006064096030060198
2.25,3.5,0.05,0.00297975,-0.00503656,2.8896e-07,0.0058519951110367376
2.41667,3.5,0.05,0.00321184,-0.00464048,-1.57118e-07,0.005643577840402847
2.58333,3.5,0.05,0.00344694,-0.00421587,-2.52403e-07,0.005445636352549376
2.75,3.5,0.05,0.00368527,-0.00376246,5.01682e-08,0.005266623228124151
2.91667,3.5,0.05,0.00392696,-0.00328021,7.54499e-07,0.005116717019238873
3.08333,3.5,0.05,0.00417201,-0.00276946,1.80436e-06,0.005007552235115976
3.25,3.5,0.05,0.00442031,-0.00223101,3.07262e-06,0.004951419549704273
3.41667,3.5,0.05,0.00467172,-0.00166617,4.38932e-06,0.004959950553526725
3.58333,3.5,0.05,0.00492551,-0.00107653,5.46059e-06,0.00504178494375188
3.75,3.5,0.05,0.00518466,-0.000465038,6.19381e-06,0.00520547769376897
3.91667,3.5,0.05,0.00544073,0.000172141,7.41834e-06,0.005443457585813391
4.08333,3.5,0.05,0.00569819,0.000820279,7.53691e-06,0.005756933534352584
4.25,3.5,0.05,0.00595273,0.00147774,5.69006e-06,0.006133411965397628
4.41667,3.5,0.05,0.00620537,0.00214149,2.51819e-06,0.00656449560882486
4.58333,3.5,0.05,0.00645678,0.00280916,-1.79191e-06,0.0070414054765324694
4.75,3.5,0.05,0.00670724,0.00347909,-7.13143e-06,0.007555870995655884
4.91667,3.5,0.05,0.00695723,0.00415006,-1.33892e-05,0.008101001576791394
5.08333,3.5,0.05,0.00720742,0.00482127,-2.0459e-05,0.008671330119421183
5.25,3.5,0.05,0.00745863,0.00549224,-2.82352e-05,0.009262648591035883
5.41667,3.5,0.05,0.00771177,0.00616279,-3.66091e-05,0.009871814288326274
5.58333,3.5,0.05,0.00796776,0.00683291,-4.54728e-05,0.0104964720864317
5.75,3.5,0.05,0.00822755,0.0075027,-5.47185e-05,0.011134903699931233
5.91667,3.5,0.05,0.00849201,0.00817231,-6.42442e-05,0.011785797041075909
6.08333,3.5,0.05,0.00876196,0.00884193,-7.39545e-05,0.012448178117080837
6.25,3.5,0.05,0.00903812,0.0095117,-8.3766e-05,0.013121244863470691
6.41667,3.5,0.05,0.00932114,0.0101817,-9.36076e-05,0.01380432642950672
6.58333,3.5,0.05,0.0096116,0.0108521,-0.000103424,0.014496952282937816
6.75,3.5,0.05,0.00991001,0.0115227,-0.000113172,0.015198477601117949
6.91667,3.5,0.05,0.0102169,0.0121934,-0.000122827,0.01590846113368383
7.08333,3.5,0.05,0.0105326,0.0128641,-0.000132372,0.01662643238690682
7.25,3.5,0.05,0.0108578,0.0135344,-0.000141804,0.017352000247072844
7.41667,3.5,0.05,0.0111928,0.014204,-0.000151125,0.018084668274691275
7.58333,3.5,0.05,0.0115381,0.0148723,-0.000160346,0.01882388827367279
7.75,3.5,0.05,0.0118943,0.0155388,-0.00016948,0.0195692974171379
7.91667,3.5,0.05,0.012262,0.0162028,-0.000178541,0.020320414580630018
8.08333,3.5,0.05,0.0126417,0.0168635,-0.000187542,0.021076654932454628
8.25,3.5,0.05,0.013034,0.0175202,-0.000196493,0.02183760915345471
8.41667,3.5,0.05,0.0134396,0.0181719,-0.000205397,0.02260272075874073
8.58333,3.5,0.05,0.0138591,0.0188177,-0.000214255,0.023371486715761686
8.75,3.5,0.05,0.0142931,0.0194566,-0.000223058,0.024143358217972994
8.91667,3.5,0.05,0.0147421,0.0200877,-0.000231792,0.024917843631246744
9.08333,3.5,0.05,0.0152068,0.0207099,-0.000240434,0.0256944455623848
9.25,3.5,0.05,0.0156876,0.0213223,-0.000248958,0.02647268877797954
9.41667,3.5,0.05,0.0161851,0.021924,-0.000257331,0.027252256003009383
9.58333,3.5,0.05,0.0166995,0.022514,-0.000265516,0.028032552416721816
9.75,3.5,0.05,0.0172313,0.0230915,-0.000273473,0.028813362515015997
9.91667,3.5,0.05,0.0177806,0.0236557,-0.000281161,0.029594271918023614
10.0833,3.5,0.05,0.0183477,0.0242059,-0.000288536,0.030375104001851515
10.25,3.5,0.05,0.0189327,0.0247415,-0.000295558,0.03115567855257471
10.4167,3.5,0.05,0.0195356,0.0252622,-0.000302188,0.03193602564170038
10.5833,3.5,0.05,0.0201564,0.0257675,-0.000308391,0.03271604533281614
10.75,3.5,0.05,0.0207951,0.0262573,-0.000314137,0.03349597989841123
10.9167,3.5,0.05,0.0214516,0.0267315,-0.000319402,0.03427603029009637
11.0833,3.5,0.05,0.0221258,0.0271903,-0.000324169,0.035056647376361605
11.25,3.5,0.05,0.0228175,0.0276339,-0.00032843,0.035838228216876176
11.4167,3.5,0.05,0.0235266,0.0280628,-0.000332181,0.03662146905323107
11.5833,3.5,0.05,0.0242531,0.0284777,-0.000335433,0.037407282341777905
11.75,3.5,0.05,0.0249967,0.0288794,-0.000338198,0.03819645445767452
11.9167,3.5,0.05,0.0257577,0.029269,-0.000340504,0.03899037590565159
12.0833,3.5,0.05,0.0265358,0.0296477,-0.000342383,0.03979009956067827
12.25,3.5,0.05,0.0273313,0.0300171,-0.000343878,0.04059734602383368
12.4167,3.5,0.05,0.0281444,0.0303787,-0.000345037,0.041413665807090404
12.5833,3.5,0.05,0.0289754,0.0307347,-0.00034592,0.04224115587784501
12.75,3.5,0.05,0.0298245,0.031087,-0.00034659,0.04308157951930384
12.9167,3.5,0.05,0.0306925,0.0314383,-0.00034712,0.043937646220916296
13.0833,3.5,0.05,0.0315798,0.0317912,-0.000347587,0.04481166123011474
13.25,3.5,0.05,0.0324872,0.0321487,-0.000348076,0.04570643535030681
13.4167,3.5,0.05,0.0334154,0.0325141,-0.000348675,0.046624856356085695
13.5833,3.5,0.05,0.0343656,0.0328911,-0.000349481,0.04757038006511364
13.75,3.5,0.05,0.0353386,0.0332838,-0.000350593,0.0485463789365556
13.9167,3.5,0.05,0.0363357,0.0336964,-0.000352121,0.049556578338790104
14.0833,3.5,0.05,0.0373579,0.0341337,-0.000354175,0.05060481803179047
14.25,3.5,0.05,0.0384066,0.0346012,-0.000356877,0.051695621924812245
14.4167,3.5,0.05,0.0394829,0.0351044,-0.000360353,0.05283321063549526
14.5833,3.5,0.05,0.0405881,0.0356497,-0.000364743,0.05402247688838461
14.75,3.5,0.05,0.0417235,0.0362439,-0.000370194,0.05526850624955985
14.9167,3.5,0.05,0.0428901,0.0368946,-0.000376869,0.05657662253451651
15.0833,3.5,0.05,0.0440888,0.0376101,-0.000384944,0.057952481304368114
15.25,3.5,0.05,0.0453205,0.0383993,-0.000394619,0.05940210168752585
15.4167,3.5,0.05,0.0465854,0.039272,-0.000406111,0.06093155507045853
15.5833,3.5,0.05,0.0478838,0.040239,-0.000419667,0.06254767416803672
15.75,3.5,0.05,0.049215,0.041312,-0.000435561,0.06425719634706079
15.9167,3.5,0.05,0.050578,0.0425037,-0.000454107,0.0660674262466569
16.0833,3.5,0.05,0.0519706,0.043828,-0.000475652,0.06798575654639069
16.25,3.5,0.05,0.05339,0.0452998,-0.000500591,0.07002010119522309
16.4167,3.5,0.05,0.0548315,0.0469351,-0.000529358,0.07217809379688662
16.5833,3.5,0.05,0.0562894,0.0487511,-0.000562433,0.07446799738444353
16.75,3.5,0.05,0.0577554,0.0507659,-0.000600335,0.07689748522599568
16.9167,3.5,0.05,0.0592191,0.0529984,-0.000643613,0.07947418728784691
17.0833,3.5,0.05,0.060667,0.055468,-0.000692825,0.08220501152290306
17.25,3.5,0.05,0.062082,0.0581942,-0.000748517,0.08509582783744035
17.4167,3.5,0.05,0.0634426,0.0611958,-0.000811173,0.08815070864171161
17.5833,3.5,0.05,0.0647221,0.0644899,-0.000881166,0.09137107794012041
17.75,3.5,0.05,0.065888,0.0680906,-0.000958682,0.09475482796954002
17.9167,3.5,0.05,0.0669008,0.0720074,-0.00104363,0.0982948211198174
18.0833,3.5,0.05,0.0677138,0.0762425,-0.00113557,0.10197728686288385
18.25,3.5,0.05,0.0682725,0.0807879,-0.00123358,0.10577968029010297
18.4167,3.5,0.05,0.0685152,0.085622,-0.00133627,0.1096687974428137
18.5833,3.5,0.05,0.0683743,0.0907051,-0.0014417,0.11359814507900205
18.75,3.5,0.05,0.0677795,0.0959762,-0.00154754,0.11750696348192136
18.9167,3.5,0.05,0.0666633,0.101348,-0.00165132,0.12131833962197305
19.0833,3.5,0.05,0.0649689,0.106709,-0.00175089,0.12494332420742654
19.25,3.5,0.05,0.0626609,0.111918,-0.00184493,0.12827872340928134
19.4167,3.5,0.05,0.0597387,0.116821,-0.001934,0.13122346846006624
19.5833,3.5,0.05,0.0562483,0.121257,-0.00202013,0.1336832533532413
19.75,3.5,0.05,0.0522895,0.125089,-0.00210737,0.13559458226480472
19.9167,3.5,0.05,0.0480158,0.128219,-0.00219992,0.13693235066501414
20.0833,3.5,0.05,0.043609,0.130621,-0.00229793,0.13772752449777384
20.25,3.5,0.05,0.0392456,0.132332,-0.0023996,0.13804974981331913
20.4167,3.5,0.05,0.0350743,0.133441,-0.00250008,0.1379962224174865
20.5833,3.5,0.05,0.0311955,0.134066,-0.00259298,0.1376719837931102
20.75,3.5,0.05,0.0276586,0.134323,-0.0026735,0.1371671027805501
20.9167,3.5,0.05,0.0244746,0.134307,-0.00273846,0.13654623926469597
21.0833,3.5,0.05,0.02163,0.134091,-0.00278629,0.13585292265153553
21.25,3.5,0.05,0.0190957,0.133723,-0.00281666,0.13510891925052765
21.4167,3.5,0.05,0.0168445,0.133227,-0.00283065,0.134317472015641
21.5833,3.5,0.05,0.0148507,0.132615,-0.00282978,0.13347392693083696
21.75,3.5,0.05,0.0130992,0.131889,-0.00281522,0.13256780463328344
21.9167,3.5,0.05,0.0115755,0.131046,-0.00278825,0.13158579199257228
22.0833,3.5,0.05,0.0102803,0.130089,-0.00274976,0.1305235368397118
22.25,3.5,0.05,0.00920983,0.129018,-0.00270095,0.12937449680493987
22.4167,3.5,0.05,0.00836803,0.127837,-0.00264308,0.12813784908046216
22.5833,3.5,0.05,0.00775857,0.126551,-0.00257737,0.1268148013662514
22.75,3.5,0.05,0.00738672,0.125167,-0.00250511,0.12540979665668267
22.9167,3.5,0.05,0.00725825,0.123693,-0.0024274,0.12392954737600917
23.0833,3.5,0.05,0.00737875,0.12214,-0.0023454,0.12238515617803697
23.25,3.5,0.05,0.00775368,0.120516,-0.00226033,0.12078631918082156
23.4167,3.5,0.05,0.00838788,0.118832,-0.0021733,0.11914748838219125
23.5833,3.5,0.05,0.0092857,0.117095,-0.00208546,0.11748111504791568
23.75,3.5,0.05,0.0104517,0.115312,-0.00199825,0.11580193599397422
23.9167,3.5,0.05,0.0118918,0.113486,-0.00191287,0.1141233813680479
24.0833,3.5,0.05,0.0136131,0.111621,-0.00183039,0.11246294705440588
24.25,3.5,0.05,0.0156222,0.109715,-0.00175202,0.1108354813763192
24.4167,3.5,0.05,0.0179291,0.107769,-0.00167694,0.10926308670165602
24.5833,3.5,0.05,0.0205336,0.105787,-0.00160368,0.10777332641939935
24.75,3.5,0.05,0.0234402,0.103767,-0.00153356,0.10639259876191388
24.9167,3.5,0.05,0.0266488,0.101709,-0.0014682,0.10515243617567782
25.0833,3.5,0.05,0.0301622,0.0996132,-0.00140911,0.10408906529540989
25.25,3.5,0.05,0.0339856,0.0974776,-0.00135732,0.10324120217579025
25.4167,3.5,0.05,0.0381261,0.0953004,-0.00131331,0.10265227968499335
25.5833,3.5,0.05,0.0425884,0.0930787,-0.00127743,0.10236722149035257
25.75,3.5,0.05,0.0473769,0.0908114,-0.0012482,0.10243455972868727
25.9167,3.5,0.05,0.0524858,0.0885006,-0.00122372,0.1029009858681558
26.0833,3.5,0.05,0.0579104,0.0861407,-0.0012041,0.1038040677500646
26.25,3.5,0.05,0.0636406,0.083716,-0.00118785,0.10516608584511691
26.4167,3.5,0.05,0.0696668,0.0811928,-0.00117213,0.10699115703092896
26.5833,3.5,0.05,0.0759794,0.0785218,-0.0011539,0.10926972949911609
26.75,3.5,0.05,0.0825684,0.075648,-0.00112969,0.11198855647813352
26.9167,3.5,0.05,0.0894183,0.0725164,-0.0010958,0.11513236478718746
27.0833,3.5,0.05,0.0965053,0.0690676,-0.00104929,0.11867900954825204
27.25,3.5,0.05,0.103794,0.0652347,-0.000987713,0.12259582414201704
27.4167,3.5,0.05,0.111217,0.0609443,-0.000908459,0.12682371264572206
27.5833,3.5,0.05,0.118686,0.0560815,-0.000811708,0.1312713224894427
27.75,3.5,0.05,0.126144,0.0505396,-0.00069599,0.13589350354685872
27.9167,3.5,0.05,0.13358,0.044248,-0.000550594,0.1407188866419602
28.0833,3.5,0.05,0.140977,0.0371582,-0.000363906,0.14579224528011367
28.25,3.5,0.05,0.148475,0.0288871,-8.82803e-05,0.15125904258860481
28.4167,3.5,0.05,0.156121,0.0186017,0.000278942,0.15722553129987943
28.5833,3.5,0.05,0.164998,0.00504061,0.000541585,0.16507586458196827
28.75,3.5,0.05,0.175737,-0.0125877,0.000739826,0.176188792784332
28.9167,3.5,0.05,0.18721,-0.0341291,0.00107429,0.1902985382650484
29.0833,3.5,0.05,0.199199,-0.0601472,0.00160549,0.20808773358124716
29.25,3.5,0.05,0.210748,-0.091498,0.00246904,0.22976662000064674
29.4167,3.5,0.05,0.220909,-0.129447,0.00398287,0.2560725977988213
29.5833,3.5,0.05,0.225107,-0.175871,0.00684788,0.28574580233223795
29.75,3.5,0.05,0.227727,-0.234995,0.01309,0.327495930744185
29.9167,3.5,0.05,0.182069,-0.306665,0.0273049,0.357684358827738
0.0833333,3.83333,0.05,0.000113164,-0.00824905,1.11295e-05,0.008249833686757949
0.25,3.83333,0.05,0.000335819,-0.0082023,9.88667e-06,0.008209177634635802
0.416667,3.83333,0.05,0.000563287,-0.00812725,8.68534e-06,0.008146751514683625
0.583333,3.83333,0.05,0.000791736,-0.0080244,7.47017e-06,0.008063367600273215
0.75,3.83333,0.05,0.00102224,-0.00789414,6.20722e-06,0.00796005398767999
0.916667,3.83333,0.05,0.0012545,-0.00773684,4.89003e-06,0.00783788793923423
1.08333,3.83333,0.05,0.00148862,-0.00755282,3.51713e-06,0.007698122617041342
1.25,3.83333,0.05,0.00172472,-0.00734236,2.08848e-06,0.007542208815045411
1.41667,3.83333,0.05,0.00196295,-0.00710566,6.10515e-07,0.007371809622530181
1.58333,3.83333,0.05,0.00220356,-0.00684283,-9.09049e-07,0.007188880295906317
1.75,3.83333,0.05,0.00244686,-0.00655392,-2.45756e-06,0.006995784249503493
1.91667,3.83333,0.05,0.00269323,-0.00623886,-4.01213e-06,0.006795357093610838
2.08333,3.83333,0.05,0.0029431,-0.00589752,-5.54381e-06,0.006591100856020131
2.25,3.83333,0.05,0.00319697,-0.00552974,-7.01029e-06,0.006387385286067053
2.41667,3.83333,0.05,0.00345532,-0.00513523,-8.35847e-06,0.006189498632306234
2.58333,3.83333,0.05,0.00371864,-0.00471373,-9.52827e-06,0.0060039674175022964
2.75,3.83333,0.05,0.00398738,-0.00426502,-1.04584e-05,0.005838638903283072
2.91667,3.83333,0.05,0.0042619,-0.00378899,-1.1097e-05,0.005702662533721332
3.08333,3.83333,0.05,0.00454248,-0.00328571,-1.1418e-05,0.005606259459320805
3.25,3.83333,0.05,0.00482928,-0.0027555,-1.1439e-05,0.0055601129861830145
3.41667,3.83333,0.05,0.00512234,-0.00219902,-1.12343e-05,0.005574422144536283
3.58333,3.83333,0.05,0.00542168,-0.00161732,-1.09146e-05,0.005657778462726617
3.75,3.83333,0.05,0.00572673,-0.00101156,-1.0763e-05,0.005815393879065201
3.91667,3.83333,0.05,0.00604123,-0.000384606,-1.05423e-05,0.006053469486850106
4.08333,3.83333,0.05,0.00635458,0.000269987,-9.57627e-06,0.006360320091120896
4.25,3.83333,0.05,0.0066746,0.000934495,-9.55024e-06,0.00673970750642111
4.41667,3.83333,0.05,0.00699462,0.00161012,-1.10832e-05,0.007177556561680461
4.58333,3.83333,0.05,0.00731659,0.0022936,-1.3802e-05,0.0076676776590636625
4.75,3.83333,0.05,0.00764128,0.00298254,-1.76024e-05,0.008202744341650895
4.91667,3.83333,0.05,0.0079689,0.00367516,-2.23833e-05,0.008775572303144614
5.08333,3.83333,0.05,0.00829985,0.00436996,-2.80234e-05,0.00938002375983385
5.25,3.83333,0.05,0.00863462,0.00506582,-3.44067e-05,0.010011012867727466
5.41667,3.83333,0.05,0.00897383,0.00576194,-4.14213e-05,0.010664487477445585
5.58333,3.83333,0.05,0.00931818,0.00645781,-4.89606e-05,0.011337291812811926
5.75,3.83333,0.05,0.00966842,0.00715313,-5.69219e-05,0.012027005204788081
5.91667,3.83333,0.05,0.0100254,0.00784772,-6.52089e-05,0.01273183437525949
6.08333,3.83333,0.05,0.0103898,0.0085415,-7.37308e-05,0.013450301205581555
6.25,3.83333,0.05,0.0107625,0.00923442,-8.24053e-05,0.014181421283491582
6.41667,3.83333,0.05,0.0111442,0.00992646,-9.11583e-05,0.014924346270683312
6.58333,3.83333,0.05,0.0115356,0.0106175,-9.99271e-05,0.015678372333737787
6.75,3.83333,0.05,0.0119373,0.0113075,-0.000108659,0.016442946643417687
6.91667,3.83333,0.05,0.01235,0.0119962,-0.000117313,0.017217580456613785
7.08333,3.83333,0.05,0.0127742,0.0126834,-0.000125858,0.018001796061397984
7.25,3.83333,0.05,0.0132105,0.0133687,-0.000134276,0.018795145117401355
7.41667,3.83333,0.05,0.0136594,0.0140517,-0.000142553,0.019597188640409855
7.58333,3.83333,0.05,0.0141215,0.014732,-0.000150686,0.02040762829239586
7.75,3.83333,0.05,0.0145974,0.0154089,-0.000158676,0.021226009140744663
7.91667,3.83333,0.05,0.0150875,0.0160818,-0.000166528,0.0220518633921214
8.08333,3.83333,0.05,0.0155925,0.0167499,-0.000174247,0.022884832712454093
8.25,3.83333,0.05,0.016113,0.0174124,-0.000181841,0.023724533902887975
8.41667,3.83333,0.05,0.0166496,0.0180684,-0.000189312,0.024570553468600254
8.58333,3.83333,0.05,0.0172028,0.0187171,-0.000196662,0.02542252615678159
8.75,3.83333,0.05,0.0177732,0.0193574,-0.000203888,0.026279976090486535
8.91667,3.83333,0.05,0.0183615,0.0199883,-0.000210984,0.02714261102746484
9.08333,3.83333,0.05,0.018968,0.020609,-0.000217935,0.02801005891932798
9.25,3.83333,0.05,0.0195935,0.0212184,-0.000224726,0.02888210938600358
9.41667,3.83333,0.05,0.0202382,0.0218155,-0.000231334,0.02975826431278471
9.58333,3.83333,0.05,0.0209027,0.0223995,-0.000237736,0.030638488636773452
9.75,3.83333,0.05,0.0215874,0.0229694,-0.000243902,0.031522510422008015
9.91667,3.83333,0.05,0.0222924,0.0235245,-0.000249802,0.032410115690154576
10.0833,3.83333,0.05,0.0230182,0.024064,-0.000255402,0.03330133416879276
10.25,3.83333,0.05,0.0237648,0.0245874,-0.000260672,0.034196109540291036
10.4167,3.83333,0.05,0.0245325,0.0250941,-0.00026558,0.0350945571819392
10.5833,3.83333,0.05,0.0253213,0.0255838,-0.000270098,0.03599683331988529
10.75,3.83333,0.05,0.0261313,0.0260563,-0.000274199,0.03690326265347823
10.9167,3.83333,0.05,0.0269626,0.0265114,-0.000277863,0.03781419490835113
11.0833,3.83333,0.05,0.0278152,0.0269492,-0.000281072,0.0387301398545007
11.25,3.83333,0.05,0.0286891,0.02737,-0.000283817,0.03965175797993689
11.4167,3.83333,0.05,0.0295843,0.0277743,-0.000286092,0.040579852089583375
11.5833,3.83333,0.05,0.0305008,0.0281625,-0.000287901,0.041515154990386355
11.75,3.83333,0.05,0.0314388,0.0285357,-0.000289251,0.04245901536859988
11.9167,3.83333,0.05,0.0323983,0.0288947,-0.000290163,0.043412414417382604
12.0833,3.83333,0.05,0.0333797,0.0292408,-0.000290657,0.044376944895087686
12.25,3.83333,0.05,0.0343831,0.0295756,-0.000290769,0.04535414234203267
12.4167,3.83333,0.05,0.0354088,0.0299007,-0.000290533,0.04634565122375657
12.5833,3.83333,0.05,0.0364575,0.0302181,-0.00029,0.04735363738785015
12.75,3.83333,0.05,0.0375297,0.03053,-0.000289218,0.04838019149550283
12.9167,3.83333,0.05,0.038626,0.0308389,-0.000288249,0.04942761087384258
13.0833,3.83333,0.05,0.0397473,0.0311476,-0.000287157,0.05049854752557393
13.25,3.83333,0.05,0.0408946,0.0314592,-0.000286016,0.051595846528109765
13.4167,3.83333,0.05,0.0420691,0.0317772,-0.0002849,0.05272267806798133
13.5833,3.83333,0.05,0.0432719,0.0321054,-0.000283897,0.05388222931799137
13.75,3.83333,0.05,0.0445045,0.0324481,-0.000283093,0.055078215798141546
13.9167,3.83333,0.05,0.0457684,0.0328097,-0.000282587,0.056314320630391775
14.0833,3.83333,0.05,0.0470654,0.0331955,-0.000282482,0.05759490336384222
14.25,3.83333,0.05,0.0483972,0.0336112,-0.000282891,0.05892437323042037
14.4167,3.83333,0.05,0.0497659,0.034063,-0.000283933,0.06030765614545544
14.5833,3.83333,0.05,0.0511733,0.0345577,-0.000285743,0.06174967944242341
14.75,3.83333,0.05,0.0526218,0.035103,-0.000288464,0.06325628550365013
14.9167,3.83333,0.05,0.0541133,0.0357073,-0.000292258,0.06483321621606138
15.0833,3.83333,0.05,0.0556502,0.0363799,-0.000297302,0.0664870684609361
15.25,3.83333,0.05,0.0572345,0.0371311,-0.000303798,0.06822462070751881
15.4167,3.83333,0.05,0.0588683,0.0379725,-0.000311971,0.07005344264948613
15.5833,3.83333,0.05,0.0605534,0.0389167,-0.000322081,0.07198143876459098
15.75,3.83333,0.05,0.0622915,0.0399778,-0.000334417,0.07401734458773761
15.9167,3.83333,0.05,0.0640836,0.0411714,-0.000349317,0.07617029597741162
16.0833,3.83333,0.05,0.0659302,0.0425149,-0.00036716,0.07845025685436345
16.25,3.83333,0.05,0.067831,0.0440275,-0.000388381,0.0808678932398462
16.4167,3.83333,0.05,0.0697844,0.0457303,-0.000413468,0.08343436808196622
16.5833,3.83333,0.05,0.0717874,0.0476464,-0.000442969,0.0861615137590732
16.75,3.83333,0.05,0.0738346,0.0498011,-0.000477483,0.08906135923275194
16.9167,3.83333,0.05,0.0759183,0.052222,-0.000517654,0.09214658715630065
17.0833,3.83333,0.05,0.0780269,0.0549383,-0.000564147,0.0954291998936259
17.25,3.83333,0.05,0.0801441,0.0579809,-0.000617616,0.09892038707538227
17.4167,3.83333,0.05,0.0822479,0.061382,-0.000678643,0.10263005181101416
17.5833,3.83333,0.05,0.0843086,0.0651733,-0.000747669,0.10656480692885227
17.75,3.83333,0.05,0.0862869,0.0693854,-0.000824883,0.11072688597054325
17.9167,3.83333,0.05,0.0881322,0.0740449,-0.000910107,0.1151119463287866
18.0833,3.83333,0.05,0.0897798,0.0791714,-0.00100265,0.11970600809074916
18.25,3.83333,0.05,0.0911496,0.0847735,-0.0011012,0.12448296479378214
18.4167,3.83333,0.05,0.0921446,0.0908426,-0.00120375,0.12940036436572538
18.5833,3.83333,0.05,0.0926515,0.0973466,-0.00130767,0.1343963205770117
18.75,3.83333,0.05,0.0925443,0.104222,-0.00140998,0.1393867310402622
18.9167,3.83333,0.05,0.0916913,0.111364,-0.0015079,0.14426194492692798
19.0833,3.83333,0.05,0.0899704,0.118624,-0.00160017,0.14889219857396457
19.25,3.83333,0.05,0.0872882,0.125803,-0.00168774,0.15312894283755635
19.4167,3.83333,0.05,0.0836104,0.132658,-0.00177685,0.15681836993184983
19.5833,3.83333,0.05,0.0789905,0.138927,-0.00187728,0.1598240739045542
19.75,3.83333,0.05,0.0735923,0.144359,-0.00200413,0.1620474129301264
19.9167,3.83333,0.05,0.0676998,0.148762,-0.00217082,0.16345674664421903
20.0833,3.83333,0.05,0.0616556,0.15207,-0.002375,0.164110750825045
20.25,3.83333,0.05,0.0557825,0.154324,-0.00260742,0.16411697938149603
20.4167,3.83333,0.05,0.0503356,0.155659,-0.00284797,0.1636200105166874
20.5833,3.83333,0.05,0.0454568,0.156261,-0.00307222,0.16276750081932329
20.75,3.83333,0.05,0.0411823,0.156308,-0.00326217,0.16167502729363895
20.9167,3.83333,0.05,0.0374787,0.155947,-0.00340609,0.16042356813067743
21.0833,3.83333,0.05,0.0342757,0.155281,-0.00349972,0.15905741294126596
21.25,3.83333,0.05,0.0314949,0.154375,-0.00354407,0.1575948279074377
21.4167,3.83333,0.05,0.0290703,0.153258,-0.00354344,0.15603093562855924
21.5833,3.83333,0.05,0.0269545,0.151943,-0.00350328,0.1543550883191364
21.75,3.83333,0.05,0.0251215,0.15043,-0.00342888,0.1525517350943751
21.9167,3.83333,0.05,0.0235596,0.148719,-0.00332521,0.15061026769348795
22.0833,3.83333,0.05,0.0222704,0.146813,-0.0031965,0.14852691775368532
22.25,3.83333,0.05,0.0212598,0.14472,-0.0030466,0.1463049529838276
22.4167,3.83333,0.05,0.020538,0.142452,-0.00287939,0.1439537169883852
22.5833,3.83333,0.05,0.0201156,0.140022,-0.00269878,0.14148526870613917
22.75,3.83333,0.05,0.020004,0.137448,-0.00250855,0.13891870120002742
22.9167,3.83333,0.05,0.0202138,0.134749,-0.0023123,0.13627632752143712
23.0833,3.83333,0.05,0.0207543,0.131945,-0.00211338,0.13358401988454457
23.25,3.83333,0.05,0.0216328,0.129055,-0.00191487,0.13086954492148622
23.4167,3.83333,0.05,0.0228543,0.1261,-0.00171946,0.1281658518138962
23.5833,3.83333,0.05,0.0244206,0.123096,-0.00152946,0.12550430338538834
23.75,3.83333,0.05,0.0263318,0.120059,-0.00134717,0.12292006361554203
23.9167,3.83333,0.05,0.0285896,0.117001,-0.00117424,0.12044906835977437
24.0833,3.83333,0.05,0.0311986,0.113935,-0.001013,0.11813366597189812
24.25,3.83333,0.05,0.0341651,0.110872,-0.000865476,0.11601984093557693
24.4167,3.83333,0.05,0.0374979,0.107827,-0.00073242,0.114163439298518
24.5833,3.83333,0.05,0.0412017,0.104813,-0.000613483,0.11262202898758879
24.75,3.83333,0.05,0.0452804,0.101837,-0.000508042,0.11145109824417955
24.9167,3.83333,0.05,0.0497371,0.0988957,-0.000414554,0.11069918902105343
25.0833,3.83333,0.05,0.0545779,0.0959727,-0.000331097,0.11040659372937564
25.25,3.83333,0.05,0.0598103,0.0930467,-0.000256007,0.11061205136224556
25.4167,3.83333,0.05,0.0654428,0.0900952,-0.000187731,0.1113550195447352
25.5833,3.83333,0.05,0.0714806,0.0870993,-0.000124722,0.11267555099677697
25.75,3.83333,0.05,0.0779226,0.0840458,-6.54826e-05,0.11461078647479434
25.9167,3.83333,0.05,0.084758,0.0809245,-9.05612e-06,0.11718657494040566
26.0833,3.83333,0.05,0.0919595,0.0777246,4.41737e-05,0.12040624999029648
26.25,3.83333,0.05,0.0994765,0.0744185,9.52402e-05,0.12423242839611441
26.4167,3.83333,0.05,0.107251,0.0709734,0.000146258,0.1286080164685023
26.5833,3.83333,0.05,0.115243,0.0673657,0.000196107,0.13348829552977837
26.75,3.83333,0.05,0.123434,0.0635822,0.000241559,0.13884778307049228
26.9167,3.83333,0.05,0.131819,0.0596165,0.000281225,0.14467361515062319
27.0833,3.83333,0.05,0.140388,0.0554721,0.000315887,0.15095046938319462
27.25,3.83333,0.05,0.149135,0.0511643,0.000347869,0.1576678623953885
27.4167,3.83333,0.05,0.158014,0.0467902,0.000387216,0.1647965319667579
27.5833,3.83333,0.05,0.167057,0.0421474,0.000453363,0.1722923391035416
27.75,3.83333,0.05,0.176446,0.0366839,0.000568824,0.18021992951933194
27.9167,3.83333,0.05,0.18644,0.029911,0.000777079,0.18882570103874163
28.0833,3.83333,0.05,0.196921,0.0212849,0.0010262,0.198070644709028
28.25,3.83333,0.05,0.209202,0.00974468,0.00111081,0.20943177765362758
28.4167,3.83333,0.05,0.223524,-0.00511962,0.00100162,0.22358486605217448
28.5833,3.83333,0.05,0.239067,-0.0230341,0.00093609,0.24017592826155185
28.75,3.83333,0.05,0.254908,-0.0437529,0.00102817,0.25863770385610624
28.9167,3.83333,0.05,0.270517,-0.0676663,0.00128762,0.2788545022228517
29.0833,3.83333,0.05,0.285107,-0.0954255,0.00179425,0.3006580230632679
29.25,3.83333,0.05,0.297494,-0.127915,0.00273397,0.3238400868530036
29.4167,3.83333,0.05,0.306437,-0.166444,0.0044883,0.34875117912616443
29.5833,3.83333,0.05,0.306818,-0.212962,0.00789765,0.37356722479832527
29.75,3.83333,0.05,0.302842,-0.271687,0.0153281,0.4071388627760926
29.9167,3.83333,0.05,0.240289,-0.34279,0.0326332,0.4198913113690732
0.0833333,4.16667,0.05,0.000118238,-0.00877814,7.90334e-06,0.008778939830470827
0.25,4.16667,0.05,0.00035108,-0.00873075,6.60371e-06,0.008737808440214616
0.416667,4.16667,0.05,0.000589158,-0.00865474,5.33073e-06,0.008674771468646671
0.583333,4.16667,0.05,0.0008288,-0.00855061,4.00754e-06,0.00859068430757858
0.75,4.16667,0.05,0.00107128,-0.00841879,2.6e-06,0.008486676184614328
0.916667,4.16667,0.05,0.00131649,-0.00825972,1.10343e-06,0.008363977619294409
1.08333,4.16667,0.05,0.0015647,-0.00807383,-4.79864e-07,0.008224051142178621
1.25,4.16667,0.05,0.00181615,-0.00786149,-2.14782e-06,0.008068545746027021
1.41667,4.16667,0.05,0.00207115,-0.00762304,-3.89126e-06,0.007899393413801113
1.58333,4.16667,0.05,0.00233001,-0.00735871,-5.70066e-06,0.007718781766686012
1.75,4.16667,0.05,0.00259314,-0.00706874,-7.56629e-06,0.0075293769659875815
1.91667,4.16667,0.05,0.00286093,-0.00675319,-9.47587e-06,0.00733420653057386
2.08333,4.16667,0.05,0.00313383,-0.00641208,-1.14139e-05,0.0071369314605377295
2.25,4.16667,0.05,0.00341234,-0.00604538,-1.33614e-05,0.006941963853767172
2.41667,4.16667,0.05,0.00369698,-0.00565302,-1.52939e-05,0.006754593262675201
2.58333,4.16667,0.05,0.00398832,-0.0052349,-1.71781e-05,0.006581122208219477
2.75,4.16667,0.05,0.00428689,-0.00479094,-1.89735e-05,0.006428910634734492
2.91667,4.16667,0.05,0.00459322,-0.00432108,-2.06356e-05,0.0063063323860059394
3.08333,4.16667,0.05,0.00490779,-0.00382536,-2.21223e-05,0.0062225614669408685
3.25,4.16667,0.05,0.00523097,-0.00330396,-2.3404e-05,0.00618706283867523
3.41667,4.16667,0.05,0.00556307,-0.00275724,-2.44762e-05,0.006208922557647698
3.58333,4.16667,0.05,0.00590429,-0.0021858,-2.53742e-05,0.006295951547949336
3.75,4.16667,0.05,0.00625476,-0.00159052,-2.61607e-05,0.0064538717767108214
3.91667,4.16667,0.05,0.00661414,-0.000972289,-2.70985e-05,0.006685276970165354
4.08333,4.16667,0.05,0.00698653,-0.000333783,-2.77301e-05,0.006994553702019523
4.25,4.16667,0.05,0.00736067,0.000333154,-2.73899e-05,0.007368256553842164
4.41667,4.16667,0.05,0.00774548,0.00100912,-2.76037e-05,0.007810988770255254
4.58333,4.16667,0.05,0.00813329,0.00169691,-2.90309e-05,0.008308474743619
4.75,4.16667,0.05,0.00852644,0.00239359,-3.14559e-05,0.008856096297768266
4.91667,4.16667,0.05,0.00892579,0.0030968,-3.48539e-05,0.009447809913331513
5.08333,4.16667,0.05,0.00933161,0.00380467,-3.91673e-05,0.01007749934648419
5.25,4.16667,0.05,0.0097443,0.00451554,-4.42934e-05,0.010739806603793364
5.41667,4.16667,0.05,0.0101643,0.00522801,-5.01202e-05,0.011430117894604063
5.58333,4.16667,0.05,0.0105921,0.00594099,-5.65356e-05,0.012144593071164111
5.75,4.16667,0.05,0.0110284,0.00665362,-6.3429e-05,0.012880228604432492
5.91667,4.16667,0.05,0.0114736,0.0073653,-7.06967e-05,0.013634373438973677
6.08333,4.16667,0.05,0.0119286,0.00807555,-7.82416e-05,0.014405281236771136
6.25,4.16667,0.05,0.0123941,0.00878402,-8.59767e-05,0.015191448718385712
6.41667,4.16667,0.05,0.0128706,0.00949043,-9.38231e-05,0.01599154178680072
6.58333,4.16667,0.05,0.0133591,0.0101945,-0.000101713,0.01680487216834359
6.75,4.16667,0.05,0.01386,0.010896,-0.000109586,0.017630497017707584
6.91667,4.16667,0.05,0.0143743,0.0115947,-0.000117395,0.018468117125630998
7.08333,4.16667,0.05,0.0149024,0.0122901,-0.000125099,0.019316928677452865
7.25,4.16667,0.05,0.0154451,0.0129819,-0.000132667,0.020176680652498044
7.41667,4.16667,0.05,0.0160029,0.0136697,-0.000140077,0.021046926808109753
7.58333,4.16667,0.05,0.0165766,0.0143529,-0.000147314,0.021927405395636666
7.75,4.16667,0.05,0.0171666,0.0150309,-0.000154369,0.0228176234555258
7.91667,4.16667,0.05,0.0177736,0.0157031,-0.000161238,0.023717381901522012
8.08333,4.16667,0.05,0.0183982,0.0163687,-0.000167918,0.024626333453941617
8.25,4.16667,0.05,0.0190411,0.0170269,-0.000174413,0.025544260269472846
8.41667,4.16667,0.05,0.0197027,0.0176768,-0.000180723,0.026470706570334103
8.58333,4.16667,0.05,0.0203837,0.0183176,-0.000186849,0.027405557976417867
8.75,4.16667,0.05,0.0210847,0.0189483,-0.000192789,0.028348541665816268
8.91667,4.16667,0.05,0.0218063,0.019568,-0.000198542,0.029299501064280326
9.08333,4.16667,0.05,0.0225489,0.0201756,-0.000204099,0.030258046582220092
9.25,4.16667,0.05,0.0233132,0.0207702,-0.000209454,0.031224195318024065
9.41667,4.16667,0.05,0.0240996,0.0213509,-0.000214592,0.032197790307666514
9.58333,4.16667,0.05,0.0249085,0.0219167,-0.000219498,0.03317865715353778
9.75,4.16667,0.05,0.0257404,0.0224667,-0.000224154,0.03416681205593691
9.91667,4.16667,0.05,0.0265957,0.0230003,-0.000228539,0.035162441449002386
10.0833,4.16667,0.05,0.0274747,0.0235165,-0.00023263,0.03616543970501258
10.25,4.16667,0.05,0.0283777,0.0240148,-0.000236405,0.03717607246138334
10.4167,4.16667,0.05,0.0293049,0.0244947,-0.000239841,0.0381945678834737
10.5833,4.16667,0.05,0.0302565,0.0249558,-0.000242918,0.03922125386884927
10.75,4.16667,0.05,0.0312329,0.0253977,-0.000245613,0.0402566458295493
10.9167,4.16667,0.05,0.032234,0.0258203,-0.000247911,0.041301090880918885
11.0833,4.16667,0.05,0.0332601,0.0262237,-0.000249796,0.04235539035048096
11.25,4.16667,0.05,0.0343114,0.0266081,-0.000251261,0.0434203441679142
11.4167,4.16667,0.05,0.0353881,0.0269738,-0.000252299,0.04449682194084653
11.5833,4.16667,0.05,0.0364903,0.0273214,-0.000252912,0.04558579665345056
11.75,4.16667,0.05,0.0376183,0.0276516,-0.000253103,0.046688451876011144
11.9167,4.16667,0.05,0.0387725,0.0279655,-0.000252886,0.04780627467005765
12.0833,4.16667,0.05,0.0399532,0.0282642,-0.000252277,0.04894064604768442
12.25,4.16667,0.05,0.0411609,0.0285491,-0.000251302,0.05009325256274745
12.4167,4.16667,0.05,0.0423961,0.0288219,-0.000249988,0.051265911762302094
12.5833,4.16667,0.05,0.0436596,0.0290846,-0.000248375,0.05246080746100488
12.75,4.16667,0.05,0.0449523,0.0293392,-0.000246502,0.05368015178039276
12.9167,4.16667,0.05,0.046275,0.0295883,-0.00024442,0.05492634033891571
13.0833,4.16667,0.05,0.0476289,0.0298347,-0.000242181,0.05620213599977105
13.25,4.16667,0.05,0.0490153,0.0300814,-0.00023985,0.05751041460529128
13.4167,4.16667,0.05,0.0504356,0.0303319,-0.000237489,0.05885431425133692
13.5833,4.16667,0.05,0.0518917,0.0305901,-0.000235175,0.060237513678609154
13.75,4.16667,0.05,0.0533853,0.0308602,-0.000232986,0.06166357500669415
13.9167,4.16667,0.05,0.0549185,0.031147,-0.000231013,0.06313660284063571
14.0833,4.16667,0.05,0.0564937,0.0314558,-0.000229349,0.06466110186421045
14.25,4.16667,0.05,0.0581135,0.0317924,-0.000228103,0.06624188713335852
14.4167,4.16667,0.05,0.0597805,0.0321632,-0.00022739,0.0678839548104123
14.5833,4.16667,0.05,0.061498,0.0325756,-0.000227344,0.06959328562910602
14.75,4.16667,0.05,0.063269,0.0330376,-0.00022811,0.07137577606535779
14.9167,4.16667,0.05,0.0650973,0.0335583,-0.000229856,0.07323845164912168
15.0833,4.16667,0.05,0.0669864,0.0341477,-0.000232772,0.07518841255841212
15.25,4.16667,0.05,0.0689405,0.0348172,-0.000237079,0.07723397026271692
15.4167,4.16667,0.05,0.0709636,0.0355796,-0.00024303,0.0793838744626445
15.5833,4.16667,0.05,0.07306,0.0364493,-0.000250927,0.08164789057195126
15.75,4.16667,0.05,0.075234,0.0374427,-0.000261116,0.08403677005249223
15.9167,4.16667,0.05,0.0774901,0.0385781,-0.000274012,0.08656246577007927
16.0833,4.16667,0.05,0.0798321,0.0398764,-0.000290099,0.0892377477573241
16.25,4.16667,0.05,0.0822639,0.0413614,-0.000309948,0.0920771997887246
16.4167,4.16667,0.05,0.0847883,0.0430599,-0.000334222,0.09509638536372077
16.5833,4.16667,0.05,0.0874073,0.0450024,-0.000363693,0.09831268672784937
16.75,4.16667,0.05,0.0901207,0.0472231,-0.000399232,0.10174439113921624
16.9167,4.16667,0.05,0.0929261,0.0497607,-0.000441812,0.10541149142073336
17.0833,4.16667,0.05,0.0958175,0.0526583,-0.000492472,0.10933495504096932
17.25,4.16667,0.05,0.0987835,0.0559638,-0.00055227,0.11353603738392008
17.4167,4.16667,0.05,0.101806,0.0597291,-0.000622184,0.11803564773296182
17.5833,4.16667,0.05,0.104857,0.0640101,-0.000702969,0.12285266589059012
17.75,4.16667,0.05,0.107896,0.0688647,-0.000794938,0.12800205329803835
17.9167,4.16667,0.05,0.110865,0.0743499,-0.00089768,0.1334906801405716
18.0833,4.16667,0.05,0.113687,0.0805179,-0.00100969,0.1393157767925302
18.25,4.16667,0.05,0.116257,0.0874091,-0.00112799,0.14545553675694198
18.4167,4.16667,0.05,0.11844,0.0950422,-0.00124773,0.15186378834663944
18.5833,4.16667,0.05,0.120069,0.103402,-0.00136196,0.15846259274681074
18.75,4.16667,0.05,0.120945,0.112422,-0.00146195,0.16513187580477157
18.9167,4.16667,0.05,0.120846,0.121966,-0.00153758,0.17170272282132396
19.0833,4.16667,0.05,0.119542,0.131809,-0.00158041,0.1779505547638672
19.25,4.16667,0.05,0.116829,0.141631,-0.00158449,0.18360519058719474
19.4167,4.16667,0.05,0.112581,0.151006,-0.00155562,0.18836059447396208
19.5833,4.16667,0.05,0.106809,0.159459,-0.00150618,0.19193124743040774
19.75,4.16667,0.05,0.0997095,0.166513,-0.00146775,0.1940894583673016
19.9167,4.16667,0.05,0.0917285,0.17182,-0.00147855,0.19477786378937545
20.0833,4.16667,0.05,0.083436,0.175314,-0.00154427,0.19416217309721506
20.25,4.16667,0.05,0.0753711,0.177145,-0.00166469,0.19251993385882432
20.4167,4.16667,0.05,0.0679649,0.177632,-0.00181764,0.19019899808142945
20.5833,4.16667,0.05,0.0614398,0.177172,-0.00196867,0.18753304314069266
20.75,4.16667,0.05,0.0558281,0.176101,-0.00209648,0.184750464624586
20.9167,4.16667,0.05,0.0510544,0.17466,-0.00218584,0.18198199157022546
21.0833,4.16667,0.05,0.0469898,0.172983,-0.00223129,0.17926555231863175
21.25,4.16667,0.05,0.0435034,0.171118,-0.00223365,0.17657549356545063
21.4167,4.16667,0.05,0.0404924,0.169056,-0.00219688,0.1738516375404454
21.5833,4.16667,0.05,0.0378912,0.166762,-0.00212571,0.1710258060189868
21.75,4.16667,0.05,0.0356705,0.164197,-0.00202451,0.16803909670070863
21.9167,4.16667,0.05,0.0338264,0.161337,-0.00189735,0.16485585474281012
22.0833,4.16667,0.05,0.0323716,0.158178,-0.00174808,0.16146595911908618
22.25,4.16667,0.05,0.0313251,0.154734,-0.00158048,0.1578808745955013
22.4167,4.16667,0.05,0.0307085,0.151032,-0.00139833,0.15412862265990343
22.5833,4.16667,0.05,0.0305435,0.147107,-0.00120537,0.15024921882687742
22.75,4.16667,0.05,0.0308519,0.143002,-0.0010053,0.14629566762450621
22.9167,4.16667,0.05,0.0316539,0.138761,-0.000801817,0.14232788699587826
23.0833,4.16667,0.05,0.0329677,0.134429,-0.000598405,0.13841381207391848
23.25,4.16667,0.05,0.0348071,0.130052,-0.000398366,0.13462992093097267
23.4167,4.16667,0.05,0.0371822,0.125667,-0.000203604,0.13105247933720604
23.5833,4.16667,0.05,0.0400969,0.121309,-1.57126e-05,0.12776398208218073
23.75,4.16667,0.05,0.043554,0.116987,0.00016425,0.1248316308595802
23.9167,4.16667,0.05,0.0475662,0.112693,0.000337126,0.1223207639175781
24.0833,4.16667,0.05,0.0521417,0.10841,0.00050351,0.12029853906515284
24.25,4.16667,0.05,0.0572919,0.104123,0.000662058,0.11884611586166946
24.4167,4.16667,0.05,0.0630237,0.0998192,0.000811215,0.1180530284241206
24.5833,4.16667,0.05,0.0693222,0.0954981,0.000948344,0.11800997361575985
24.75,4.16667,0.05,0.0761489,0.0911494,0.0010719,0.11877717399054417
24.9167,4.16667,0.05,0.083455,0.0867641,0.00118336,0.12039163764439621
25.0833,4.16667,0.05,0.0912009,0.082353,0.00128407,0.12288722311768176
25.25,4.16667,0.05,0.0993633,0.0779391,0.00137082,0.12629112337441772
25.4167,4.16667,0.05,0.107937,0.0735524,0.00143783,0.13062319422625102
25.5833,4.16667,0.05,0.116926,0.0692296,0.00148164,0.13589195064185958
25.75,4.16667,0.05,0.126327,0.0650185,0.00150133,0.14208508107123316
25.9167,4.16667,0.05,0.136127,0.0609855,0.00149717,0.14917115289914099
26.0833,4.16667,0.05,0.146283,0.0572657,0.00146961,0.15709944697242603
26.25,4.16667,0.05,0.156762,0.0538856,0.00144012,0.1657710966271696
26.4167,4.16667,0.05,0.167587,0.0506459,0.00142027,0.17507834509922382
26.5833,4.16667,0.05,0.178807,0.0473193,0.00141018,0.18496769450128958
26.75,4.16667,0.05,0.190463,0.0437453,0.00141074,0.1954272136332031
26.9167,4.16667,0.05,0.20259,0.0398085,0.00142482,0.20646901676591187
27.0833,4.16667,0.05,0.215233,0.035392,0.00145246,0.21812828242355828
27.25,4.16667,0.05,0.228571,0.0303453,0.00149147,0.23058136038251423
27.4167,4.16667,0.05,0.242428,0.0243864,0.00154289,0.2436563403618139
27.5833,4.16667,0.05,0.258025,0.0168594,0.00154166,0.25857980723350305
27.75,4.16667,0.05,0.274908,0.00778604,0.00144738,0.2750220460103989
27.9167,4.16667,0.05,0.292934,-0.00292513,0.00126001,0.2929513139870122
28.0833,4.16667,0.05,0.312178,-0.0155294,0.00101948,0.31256568155802134
28.25,4.16667,0.05,0.331468,-0.0297388,0.00084674,0.332800463067688
28.4167,4.16667,0.05,0.350256,-0.0454409,0.000776984,0.35319222051589166
28.5833,4.16667,0.05,0.368125,-0.0628833,0.000787175,0.3734580896009224
28.75,4.16667,0.05,0.384607,-0.082544,0.000917996,0.3933661133113222
28.9167,4.16667,0.05,0.399164,-0.105016,0.0012377,0.41274906547839696
29.0833,4.16667,0.05,0.411056,-0.131014,0.00186239,0.43143385568185544
29.25,4.16667,0.05,0.419041,-0.161465,0.00301125,0.4490828136686623
29.4167,4.16667,0.05,0.421625,-0.197696,0.00512704,0.4657012299534559
29.5833,4.16667,0.05,0.413206,-0.241665,0.00920226,0.47877536721317193
29.75,4.16667,0.05,0.397492,-0.297444,0.0179604,0.4967850633504997
29.9167,4.16667,0.05,0.312356,-0.36567,0.0387974,0.4824790750724429
0.0833333,4.5,0.05,0.000122489,-0.00931253,4.60062e-06,0.009313336658884687
0.25,4.5,0.05,0.000363966,-0.00926482,3.23876e-06,0.009271966963439977
0.416667,4.5,0.05,0.000611071,-0.00918846,1.88308e-06,0.009208757162865752
0.583333,4.5,0.05,0.000860365,-0.00908388,4.35233e-07,0.009124533082687179
0.75,4.5,0.05,0.00111331,-0.00895156,-1.13806e-06,0.00902052586520767
0.916667,4.5,0.05,0.00137001,-0.00879202,-2.83946e-06,0.008898120652308165
1.08333,4.5,0.05,0.00163091,-0.00860573,-4.65989e-06,0.00875890849224804
1.25,4.5,0.05,0.00189641,-0.00839317,-6.59073e-06,0.008604749675308512
1.41667,4.5,0.05,0.00216696,-0.00815479,-8.61772e-06,0.008437795319323526
1.58333,4.5,0.05,0.00244295,-0.00789089,-1.07257e-05,0.008260403424484817
1.75,4.5,0.05,0.00272483,-0.00760173,-1.28999e-05,0.008075342960470473
1.91667,4.5,0.05,0.00301305,-0.00728751,-1.51288e-05,0.00788584181829622
2.08333,4.5,0.05,0.00330808,-0.00694838,-1.73985e-05,0.00769569234173263
2.25,4.5,0.05,0.0036104,-0.0065844,-1.96967e-05,0.007509307523333352
2.41667,4.5,0.05,0.00392054,-0.00619561,-2.20115e-05,0.007331896185151032
2.58333,4.5,0.05,0.00423902,-0.00578201,-2.43303e-05,0.0071694854880945316
2.75,4.5,0.05,0.0045664,-0.00534362,-2.66378e-05,0.007029010829184206
2.91667,4.5,0.05,0.00490323,-0.00488047,-2.89154e-05,0.006918199762521834
3.08333,4.5,0.05,0.00525006,-0.00439264,-3.11408e-05,0.006845391582855187
3.25,4.5,0.05,0.00560741,-0.00388029,-3.32908e-05,0.006819149922795703
3.41667,4.5,0.05,0.00597576,-0.0033437,-3.53462e-05,0.006847721272179121
3.58333,4.5,0.05,0.0063555,-0.00278329,-3.72996e-05,0.006938333714535512
3.75,4.5,0.05,0.00674697,-0.00219967,-3.91659e-05,0.007096596808155498
3.91667,4.5,0.05,0.00715044,-0.00159364,-4.09769e-05,0.007325992065893438
4.08333,4.5,0.05,0.00756569,-0.00096595,-4.29456e-05,0.007627225504936861
4.25,4.5,0.05,0.00799707,-0.000319127,-4.46684e-05,0.008003559576400213
4.41667,4.5,0.05,0.00843407,0.000356092,-4.53032e-05,0.008441705435354531
4.58333,4.5,0.05,0.00888482,0.00103963,-4.59452e-05,0.008945555764216276
4.75,4.5,0.05,0.00934167,0.0017346,-4.74755e-05,0.009501467753563144
4.91667,4.5,0.05,0.00980671,0.0024389,-4.97854e-05,0.01010555653193594
5.08333,4.5,0.05,0.0102809,0.00315025,-5.29036e-05,0.010752849792654642
5.25,4.5,0.05,0.0107647,0.00386673,-5.68314e-05,0.011438251474369934
5.41667,4.5,0.05,0.0112585,0.00458659,-6.15079e-05,0.012157072562910135
5.58333,4.5,0.05,0.0117627,0.00530824,-6.68495e-05,0.012905153700876647
5.75,4.5,0.05,0.0122779,0.00603031,-7.27586e-05,0.013679062867023237
5.91667,4.5,0.05,0.0128045,0.00675167,-7.91323e-05,0.014475722087681957
6.08333,4.5,0.05,0.0133433,0.00747138,-8.58662e-05,0.01529289204168729
6.25,4.5,0.05,0.0138948,0.00818866,-9.28622e-05,0.016128491653709866
6.41667,4.5,0.05,0.0144597,0.00890286,-0.000100028,0.016980984832169893
6.58333,4.5,0.05,0.0150385,0.00961344,-0.000107284,0.01784898374530763
6.75,4.5,0.05,0.0156321,0.0103199,-0.000114556,0.01873168464119381
6.91667,4.5,0.05,0.0162411,0.0110218,-0.000121784,0.019628250961118674
7.08333,4.5,0.05,0.0168662,0.0117186,-0.000128918,0.020538035647323333
7.25,4.5,0.05,0.0175081,0.0124098,-0.000135915,0.02146054925991469
7.41667,4.5,0.05,0.0181674,0.013095,-0.000142743,0.02239539736919283
7.58333,4.5,0.05,0.0188449,0.0137734,-0.000149378,0.023342217490137564
7.75,4.5,0.05,0.0195411,0.0144447,-0.000155801,0.02430078643278034
7.91667,4.5,0.05,0.0202569,0.0151079,-0.000162001,0.025270870272786433
8.08333,4.5,0.05,0.0209927,0.0157624,-0.000167968,0.02625214125169648
8.25,4.5,0.05,0.0217493,0.0164075,-0.000173701,0.027244600910591457
8.41667,4.5,0.05,0.0225272,0.0170422,-0.000179195,0.02824789251480586
8.58333,4.5,0.05,0.0233272,0.0176657,-0.000184451,0.029262078506172472
8.75,4.5,0.05,0.0241498,0.018277,-0.000189467,0.030286919070517705
8.91667,4.5,0.05,0.0249955,0.0188753,-0.000194244,0.0313223514614011
9.08333,4.5,0.05,0.0258651,0.0194596,-0.000198777,0.03236848687328045
9.25,4.5,0.05,0.026759,0.0200289,-0.000203064,0.03342517241837499
9.41667,4.5,0.05,0.0276777,0.0205823,-0.000207098,0.03449244903107931
9.58333,4.5,0.05,0.0286218,0.0211189,-0.000210871,0.03557049112717789
9.75,4.5,0.05,0.0295917,0.0216379,-0.000214373,0.036659424178280935
9.91667,4.5,0.05,0.0305879,0.0221383,-0.000217593,0.037759386912576444
10.0833,4.5,0.05,0.0316108,0.0226196,-0.000220517,0.0388707809099237
10.25,4.5,0.05,0.0326607,0.0230811,-0.000223132,0.03999385314757036
10.4167,4.5,0.05,0.0337381,0.0235221,-0.000225421,0.04112905778944177
10.5833,4.5,0.05,0.0348432,0.0239423,-0.000227373,0.04227687327619119
10.75,4.5,0.05,0.0359764,0.0243413,-0.000228972,0.04343791743197162
10.9167,4.5,0.05,0.037138,0.024719,-0.000230209,0.04461292414966409
11.0833,4.5,0.05,0.0383283,0.0250753,-0.000231071,0.04580264888395693
11.25,4.5,0.05,0.0395476,0.0254103,-0.000231555,0.04700797410618783
11.4167,4.5,0.05,0.0407963,0.0257244,-0.000231654,0.04823003745204555
11.5833,4.5,0.05,0.0420748,0.0260181,-0.000231372,0.04947002987317053
11.75,4.5,0.05,0.0433834,0.0262919,-0.000230709,0.05072905112273125
11.9167,4.5,0.05,0.0447229,0.0265468,-0.000229678,0.052008875460191256
12.0833,4.5,0.05,0.0460936,0.0267839,-0.00022829,0.053310874842700716
12.25,4.5,0.05,0.0474964,0.0270046,-0.000226566,0.054637054882857264
12.4167,4.5,0.05,0.0489321,0.0272102,-0.000224527,0.05598924724287449
12.5833,4.5,0.05,0.0504015,0.0274027,-0.000222204,0.05736957856004884
12.75,4.5,0.05,0.0519059,0.0275841,-0.00021963,0.058780551757846744
12.9167,4.5,0.05,0.0534464,0.0277567,-0.000216846,0.060224572144912045
13.0833,4.5,0.05,0.0550246,0.0279232,-0.000213895,0.061704598325173665
13.25,4.5,0.05,0.0566421,0.0280867,-0.000210831,0.06322368748349436
13.4167,4.5,0.05,0.0583009,0.0282503,-0.000207706,0.06478516444898814
13.5833,4.5,0.05,0.0600031,0.0284179,-0.000204588,0.0663927022064153
13.75,4.5,0.05,0.0617512,0.0285936,-0.000201542,0.0680503143385669
13.9167,4.5,0.05,0.0635479,0.0287819,-0.000198647,0.0697622593000729
14.0833,4.5,0.05,0.0653963,0.0289882,-0.000195987,0.07153342018828801
14.25,4.5,0.05,0.0672998,0.029218,-0.000193657,0.07336887696478425
14.4167,4.5,0.05,0.0692624,0.0294779,-0.000191762,0.07527458677956754
14.5833,4.5,0.05,0.0712883,0.0297751,-0.000190421,0.0772568091306989
14.75,4.5,0.05,0.0733822,0.0301176,-0.000189765,0.07932246288003937
14.9167,4.5,0.05,0.0755494,0.0305146,-0.000189952,0.0814793761345919
15.0833,4.5,0.05,0.0777957,0.0309764,-0.000191153,0.08373616205033169
15.25,4.5,0.05,0.0801275,0.0315148,-0.000193575,0.08610247584460407
15.4167,4.5,0.05,0.0825518,0.0321431,-0.000197451,0.08858903740163
15.5833,4.5,0.05,0.0850763,0.0328765,-0.00020306,0.09120790704376237
15.75,4.5,0.05,0.0877094,0.0337326,-0.000210721,0.09397271707500983
15.9167,4.5,0.05,0.0904602,0.0347314,-0.000220816,0.09689874452079271
16.0833,4.5,0.05,0.0933387,0.035896,-0.000233782,0.10000345187899028
16.25,4.5,0.05,0.096355,0.0372534,-0.000250135,0.10330616827701154
16.4167,4.5,0.05,0.09952,0.0388343,-0.000270463,0.1068288650446328
16.5833,4.5,0.05,0.102845,0.0406746,-0.000295438,0.11059658400588981
16.75,4.5,0.05,0.106339,0.0428158,-0.000325798,0.11463542992886974
16.9167,4.5,0.05,0.110013,0.0453058,-0.000362324,0.1189773380157792
17.0833,4.5,0.05,0.113873,0.0481996,-0.000405776,0.12365446301416773
17.25,4.5,0.05,0.11792,0.0515602,-0.000456795,0.12870038572479892
17.4167,4.5,0.05,0.12215,0.0554591,-0.000515718,0.13415140788625934
17.5833,4.5,0.05,0.126546,0.059976,-0.000582319,0.14004052908860978
17.75,4.5,0.05,0.131074,0.0651982,-0.000655423,0.14639545190527242
17.9167,4.5,0.05,0.135677,0.0712181,-0.0007324,0.15323446905435473
18.0833,4.5,0.05,0.140262,0.0781287,-0.000808559,0.16055583507100102
18.25,4.5,0.05,0.144692,0.0860163,-0.000876506,0.16833106365866649
18.4167,4.5,0.05,0.148771,0.0949482,-0.000925715,0.176490305888174
18.5833,4.5,0.05,0.152235,0.104956,-0.000942398,0.1849111821253393
18.75,4.5,0.05,0.154742,0.116011,-0.000910791,0.19340234803446849
18.9167,4.5,0.05,0.155878,0.127998,-0.000815024,0.2016980494504609
19.0833,4.5,0.05,0.155186,0.140675,-0.000647647,0.20945779925234725
19.25,4.5,0.05,0.152213,0.153652,-0.000409044,0.21628199599133058
19.4167,4.5,0.05,0.146628,0.166359,-0.000134072,0.22175460590549453
19.5833,4.5,0.05,0.138353,0.178105,0.000122466,0.22552817702433806
19.75,4.5,0.05,0.12772,0.188119,0.000246147,0.22737901651063938
19.9167,4.5,0.05,0.115663,0.195766,0.000119871,0.22738133321373732
20.0833,4.5,0.05,0.103382,0.200876,-0.000244862,0.2259182711898244
20.25,4.5,0.05,0.091912,0.203608,-0.000814629,0.22339359218296223
20.4167,4.5,0.05,0.0819957,0.204401,-0.00149003,0.2202391513988621
20.5833,4.5,0.05,0.0738675,0.203844,-0.00213486,0.21682560162367728
20.75,4.5,0.05,0.0673456,0.202402,-0.00267256,0.21332871822685665
20.9167,4.5,0.05,0.062097,0.200395,-0.00306416,0.20981797470785385
21.0833,4.5,0.05,0.0577646,0.19799,-0.00330874,0.2062710277124434
21.25,4.5,0.05,0.0540637,0.195232,-0.00342596,0.20260837762444966
21.4167,4.5,0.05,0.0508191,0.192098,-0.00344094,0.198736163284123
21.5833,4.5,0.05,0.0479645,0.188531,-0.00337536,0.19456598951610118
21.75,4.5,0.05,0.0455195,0.184489,-0.00324292,0.19004928974183616
21.9167,4.5,0.05,0.0435567,0.179953,-0.00304976,0.18517442955210528
22.0833,4.5,0.05,0.0421723,0.174936,-0.00279664,0.17996924231262298
22.25,4.5,0.05,0.0414587,0.169478,-0.00248318,0.17449292957768345
22.4167,4.5,0.05,0.041498,0.163618,-0.00211139,0.1688117054464296
22.5833,4.5,0.05,0.0423648,0.157393,-0.00168815,0.16300362750093172
22.75,4.5,0.05,0.0441235,0.150844,-0.00122603,0.15716964954408627
22.9167,4.5,0.05,0.0468274,0.144015,-0.000742083,0.15143868826339882
23.0833,4.5,0.05,0.0505171,0.13696,-0.00025593,0.14597974000721778
23.25,4.5,0.05,0.0552145,0.12974,0.000210788,0.14100054270048376
23.4167,4.5,0.05,0.060943,0.122413,0.000640065,0.13674575496593752
23.5833,4.5,0.05,0.0676693,0.115046,0.00102152,0.1334756898524986
23.75,4.5,0.05,0.0753166,0.107658,0.00135059,0.1313950504886242
23.9167,4.5,0.05,0.0838139,0.100295,0.00162677,0.13071535196312212
24.0833,4.5,0.05,0.0931166,0.0930371,0.00184824,0.13164353065406442
24.25,4.5,0.05,0.1032,0.0859838,0.00200977,0.1343409581545885
24.4167,4.5,0.05,0.114049,0.0792584,0.00210939,0.13890110833874617
24.5833,4.5,0.05,0.125612,0.0730669,0.00214734,0.14533326353139395
24.75,4.5,0.05,0.137834,0.0675006,0.0021461,0.153489896415269
24.9167,4.5,0.05,0.150712,0.0623905,0.00213486,0.16312951621784944
25.0833,4.5,0.05,0.164258,0.0575227,0.00212051,0.17405185475010054
25.25,4.5,0.05,0.178466,0.0527475,0.0020989,0.1861096915624224
25.4167,4.5,0.05,0.193315,0.0479721,0.00206864,0.19918908322209727
25.5833,4.5,0.05,0.208778,0.0431568,0.00203055,0.21320151454326608
25.75,4.5,0.05,0.224835,0.0382915,0.00198041,0.22808099048587566
25.9167,4.5,0.05,0.241553,0.0333663,0.00190105,0.2438540050435762
26.0833,4.5,0.05,0.258872,0.0283146,0.00171113,0.26042149858073715
26.25,4.5,0.05,0.277754,0.0228007,0.0014837,0.27869222773909574
26.4167,4.5,0.05,0.297713,0.0169359,0.00137457,0.29819749247855004
26.5833,4.5,0.05,0.318329,0.0108751,0.00132836,0.31851747923983637
26.75,4.5,0.05,0.339425,0.00467567,0.00127452,0.3394595954103806
26.9167,4.5,0.05,0.360873,-0.00169094,0.00119261,0.36087893222754874
27.0833,4.5,0.05,0.382546,-0.0083232,0.00107862,0.38263805507992066
27.25,4.5,0.05,0.404254,-0.0153798,0.00093233,0.404547529968073
27.4167,4.5,0.05,0.426056,-0.0231097,0.000751142,0.4266829473794262
27.5833,4.5,0.05,0.447044,-0.0313487,0.000571722,0.4481421714073953
27.75,4.5,0.05,0.467222,-0.0400981,0.000423673,0.46893969165173144
27.9167,4.5,0.05,0.486394,-0.0494534,0.000300574,0.488901679637419
28.0833,4.5,0.05,0.504338,-0.0595434,0.000202204,0.5078407975084491
28.25,4.5,0.05,0.520857,-0.0706162,0.000143938,0.5256221864320302
28.4167,4.5,0.05,0.535745,-0.0830486,0.00015069,0.5421437057593089
28.5833,4.5,0.05,0.548718,-0.097238,0.00025606,0.5572672049696838
28.75,4.5,0.05,0.559386,-0.113615,0.00051055,0.5708076084656744
28.9167,4.5,0.05,0.567171,-0.132696,0.000988983,0.5824878966505436
29.0833,4.5,0.05,0.571218,-0.155142,0.00182059,0.5919141476903117
29.25,4.5,0.05,0.57009,-0.181828,0.00325292,0.5983933582289549
29.4167,4.5,0.05,0.561914,-0.214009,0.00579122,0.6013158352364325
29.5833,4.5,0.05,0.540508,-0.253577,0.0105936,0.597128476421917
29.75,4.5,0.05,0.508714,-0.304336,0.0207545,0.5931619373849354
29.9167,4.5,0.05,0.396231,-0.36752,0.0454907,0.5423461621026648
0.0833333,4.83333,0.05,0.000125435,-0.00984704,8.64451e-07,0.009847838922733278
0.25,4.83333,0.05,0.00037306,-0.00979933,-5.661e-07,0.00980642863294121
0.416667,4.83333,0.05,0.000626644,-0.00972317,-2.01687e-06,0.009743342425441106
0.583333,4.83333,0.05,0.000883077,-0.00961894,-3.60958e-06,0.009659391530557023
0.75,4.83333,0.05,0.001144,-0.00948716,-5.37415e-06,0.0095558866541566
0.916667,4.83333,0.05,0.00140971,-0.00932839,-7.3107e-06,0.009434309498979483
1.08333,4.83333,0.05,0.00168086,-0.00914318,-9.40565e-06,0.009296403569028827
1.25,4.83333,0.05,0.001958,-0.00893203,-1.16412e-05,0.009144127046276066
1.41667,4.83333,0.05,0.00224169,-0.00869541,-1.39983e-05,0.008979728563637261
1.58333,4.83333,0.05,0.00253246,-0.00843372,-1.64526e-05,0.008805751380662911
1.75,4.83333,0.05,0.00283083,-0.00814732,-1.8978e-05,0.008625125033052216
1.91667,4.83333,0.05,0.00313729,-0.00783647,-2.15512e-05,0.00844116787294397
2.08333,4.83333,0.05,0.00345234,-0.00750136,-2.41531e-05,0.008257701659507906
2.25,4.83333,0.05,0.00377644,-0.00714213,-2.6769e-05,0.008079123503812836
2.41667,4.83333,0.05,0.00411008,-0.00675887,-2.93888e-05,0.007910495874777095
2.58333,4.83333,0.05,0.00445373,-0.00635163,-3.20065e-05,0.007757573008734256
2.75,4.83333,0.05,0.00480791,-0.00592048,-3.46191e-05,0.00762687881643499
2.91667,4.83333,0.05,0.00517312,-0.00546548,-3.72257e-05,0.0075255583126795636
3.08333,4.83333,0.05,0.0055499,-0.00498674,-3.9825e-05,0.007461270124330375
3.25,4.83333,0.05,0.00593877,-0.00448443,-4.24155e-05,0.007441834492411146
3.41667,4.83333,0.05,0.00634027,-0.00395881,-4.49945e-05,0.007474839449381522
3.58333,4.83333,0.05,0.0067549,-0.00341024,-4.75602e-05,0.007567078223477279
3.75,4.83333,0.05,0.00718314,-0.00283919,-5.01145e-05,0.007724054089583414
3.91667,4.83333,0.05,0.00762539,-0.00224631,-5.26694e-05,0.007949544347564605
4.08333,4.83333,0.05,0.0080821,-0.00163239,-5.52415e-05,0.008245489017967476
4.25,4.83333,0.05,0.00855305,-0.000998129,-5.79678e-05,0.008611288293221742
4.41667,4.83333,0.05,0.00904266,-0.000346088,-6.074e-05,0.009049484301712667
4.58333,4.83333,0.05,0.00954251,0.000333559,-6.25489e-05,0.009548542876872483
4.75,4.83333,0.05,0.0100585,0.00102173,-6.3914e-05,0.010110461880759751
4.91667,4.83333,0.05,0.010584,0.00171989,-6.56941e-05,0.010723030976681678
5.08333,4.83333,0.05,0.01112,0.00242711,-6.80273e-05,0.01138199853565468
5.25,4.83333,0.05,0.0116678,0.00314119,-7.09781e-05,0.012083446087386644
5.41667,4.83333,0.05,0.0122278,0.00386029,-7.45865e-05,0.012822889489895883
5.58333,4.83333,0.05,0.0128004,0.00458262,-7.88445e-05,0.013596207658004502
5.75,4.83333,0.05,0.0133863,0.00530653,-8.3708e-05,0.014399975533318243
5.91667,4.83333,0.05,0.0139858,0.00603045,-8.91131e-05,0.015230786912930389
6.08333,4.83333,0.05,0.0145996,0.00675298,-9.49788e-05,0.01608602126110896
6.25,4.83333,0.05,0.0152283,0.00747292,-0.000101217,0.01696336933210761
6.41667,4.83333,0.05,0.0158724,0.00818917,-0.000107734,0.017860772482276795
6.58333,4.83333,0.05,0.0165327,0.0089008,-0.00011444,0.018776781045844893
6.75,4.83333,0.05,0.0172097,0.00960695,-0.00012125,0.01970994581309142
6.91667,4.83333,0.05,0.0179041,0.0103069,-0.000128088,0.020659268887251166
7.08333,4.83333,0.05,0.0186167,0.0109999,-0.000134885,0.02162400316461374
7.25,4.83333,0.05,0.0193481,0.0116853,-0.000141584,0.02260343460027825
7.41667,4.83333,0.05,0.020099,0.0123624,-0.000148136,0.023597048100016577
7.58333,4.83333,0.05,0.0208702,0.0130305,-0.000154502,0.02460453310180878
7.75,4.83333,0.05,0.0216623,0.013689,-0.00016065,0.02562556869051885
7.91667,4.83333,0.05,0.0224761,0.0143371,-0.000166558,0.02665999342061742
8.08333,4.83333,0.05,0.0233122,0.0149741,-0.000172209,0.02770761620186192
8.25,4.83333,0.05,0.0241713,0.0155991,-0.000177591,0.028768302053880083
8.41667,4.83333,0.05,0.0250542,0.0162115,-0.000182695,0.0298422359643681
8.58333,4.83333,0.05,0.0259614,0.0168101,-0.000187518,0.030929094958797677
8.75,4.83333,0.05,0.0268936,0.0173943,-0.000192056,0.03202911611264251
8.91667,4.83333,0.05,0.0278515,0.0179631,-0.000196308,0.033142382996562934
9.08333,4.83333,0.05,0.0288356,0.0185156,-0.000200273,0.03426892732483071
9.25,4.83333,0.05,0.0298467,0.0190509,-0.00020395,0.03540909328551777
9.41667,4.83333,0.05,0.0308851,0.0195681,-0.000207337,0.036562862692239635
9.58333,4.83333,0.05,0.0319516,0.0200662,-0.000210432,0.037730642806962936
9.75,4.83333,0.05,0.0330467,0.0205445,-0.000213231,0.038912804172911535
9.91667,4.83333,0.05,0.0341707,0.0210022,-0.00021573,0.04010954603037661
10.0833,4.83333,0.05,0.0353243,0.0214386,-0.000217922,0.04132151050540244
10.25,4.83333,0.05,0.036508,0.0218529,-0.000219803,0.04254916703965906
10.4167,4.83333,0.05,0.0377221,0.0222447,-0.000221364,0.04379306461667756
10.5833,4.83333,0.05,0.0389671,0.0226134,-0.0002226,0.04505385990933518
10.75,4.83333,0.05,0.0402434,0.0229588,-0.000223504,0.046332361207238465
10.9167,4.83333,0.05,0.0415516,0.0232805,-0.000224072,0.04762947985304043
11.0833,4.83333,0.05,0.042892,0.0235785,-0.000224297,0.04894608907148976
11.25,4.83333,0.05,0.0442651,0.023853,-0.000224179,0.05028334657949927
11.4167,4.83333,0.05,0.0456715,0.0241039,-0.000223717,0.051642365909745934
11.5833,4.83333,0.05,0.0471117,0.0243319,-0.000222915,0.05302455398772558
11.75,4.83333,0.05,0.0485864,0.0245374,-0.000221775,0.05443134618830059
11.9167,4.83333,0.05,0.0500962,0.0247211,-0.000220311,0.05586421552824958
12.0833,4.83333,0.05,0.051642,0.0248841,-0.000218531,0.05732505867949863
12.25,4.83333,0.05,0.0532247,0.0250276,-0.000216454,0.05881578278135994
12.4167,4.83333,0.05,0.0548453,0.0251527,-0.000214099,0.060338305310654865
12.5833,4.83333,0.05,0.0565051,0.0252613,-0.000211493,0.06189510750446314
12.75,4.83333,0.05,0.0582055,0.0253552,-0.000208662,0.06348865990962672
12.9167,4.83333,0.05,0.059948,0.0254365,-0.000205644,0.06512158264127751
13.0833,4.83333,0.05,0.0617346,0.0255076,-0.000202475,0.06679700211121474
13.25,4.83333,0.05,0.0635672,0.0255712,-0.000199201,0.0685179893627827
13.4167,4.83333,0.05,0.0654482,0.0256305,-0.00019587,0.07028817666255754
13.5833,4.83333,0.05,0.0673803,0.0256887,-0.00019254,0.07211138056806013
13.75,4.83333,0.05,0.0693666,0.0257498,-0.000189272,0.07399198077825721
13.9167,4.83333,0.05,0.0714105,0.025818,-0.000186138,0.07593459871234616
14.0833,4.83333,0.05,0.0735158,0.0258981,-0.000183215,0.07794432629118188
14.25,4.83333,0.05,0.075687,0.0259954,-0.000180598,0.08002696674120297
14.4167,4.83333,0.05,0.077929,0.026116,-0.000178384,0.08218884545880575
14.5833,4.83333,0.05,0.0802473,0.0262665,-0.000176697,0.08443689597190204
14.75,4.83333,0.05,0.0826482,0.0264546,-0.000175668,0.08677903942569441
14.9167,4.83333,0.05,0.0851389,0.026689,-0.000175458,0.08922424446146779
15.0833,4.83333,0.05,0.0877272,0.0269795,-0.000176248,0.09178227554080093
15.25,4.83333,0.05,0.0904221,0.0273374,-0.000178258,0.09446439214373088
15.4167,4.83333,0.05,0.0932338,0.0277756,-0.000181744,0.09728339246079741
15.5833,4.83333,0.05,0.0961737,0.028309,-0.000187019,0.10025375319057318
15.75,4.83333,0.05,0.0992546,0.028955,-0.000194455,0.10339199900817773
15.9167,4.83333,0.05,0.102491,0.0297338,-0.000204511,0.1067171296849251
16.0833,4.83333,0.05,0.105898,0.0306693,-0.000217736,0.110249896940794
16.25,4.83333,0.05,0.109496,0.0317894,-0.000234801,0.11401752102141845
16.4167,4.83333,0.05,0.113302,0.0331277,-0.000256505,0.11804598047415688
16.5833,4.83333,0.05,0.117339,0.0347237,-0.000283796,0.12236934584633366
16.75,4.83333,0.05,0.12163,0.0366248,-0.000317759,0.12702493395322859
16.9167,4.83333,0.05,0.126198,0.0388875,-0.00035961,0.13205416381016577
17.0833,4.83333,0.05,0.131068,0.0415792,-0.000410612,0.13750570569563483
17.25,4.83333,0.05,0.136261,0.0447803,-0.000471942,0.14343137076086723
17.4167,4.83333,0.05,0.141792,0.0485859,-0.000544419,0.14988614790852944
17.5833,4.83333,0.05,0.147667,0.0531081,-0.000628074,0.15692803335146807
17.75,4.83333,0.05,0.153872,0.0584764,-0.000721466,0.16461045608997368
17.9167,4.83333,0.05,0.160366,0.0648375,-0.000820727,0.17297927319496556
18.0833,4.83333,0.05,0.167062,0.0723516,-0.000918308,0.1820585322256083
18.25,4.83333,0.05,0.173812,0.0811846,-0.00100152,0.1918399167625716
18.4167,4.83333,0.05,0.180381,0.0914918,-0.00105131,0.20226012924191486
18.5833,4.83333,0.05,0.186427,0.103392,-0.00104102,0.2131807114061692
18.75,4.83333,0.05,0.191482,0.116928,-0.000935994,0.22436218396326962
18.9167,4.83333,0.05,0.194935,0.132004,-0.000693778,0.23542555419689104
19.0833,4.83333,0.05,0.196071,0.148312,-0.0002777,0.24584621921495967
19.25,4.83333,0.05,0.19411,0.165276,0.000346611,0.2549411077389939
19.4167,4.83333,0.05,0.188397,0.181921,0.00114914,0.26189692700132927
19.5833,4.83333,0.05,0.178581,0.197009,0.0020842,0.2659098785897959
19.75,4.83333,0.05,0.164918,0.209055,0.00296144,0.2662906492460327
19.9167,4.83333,0.05,0.148781,0.216913,0.00354311,0.26305814786558523
20.0833,4.83333,0.05,0.132021,0.220622,0.00384289,0.2571349434218385
20.25,4.83333,0.05,0.116193,0.220847,0.00383387,0.24957746135654338
20.4167,4.83333,0.05,0.102503,0.218679,0.00359676,0.24153738164619076
20.5833,4.83333,0.05,0.0913291,0.215379,0.00329399,0.23396574218874458
20.75,4.83333,0.05,0.0823605,0.21177,0.00297111,0.22724130864541797
20.9167,4.83333,0.05,0.0751287,0.208247,0.00266089,0.2214005756728787
21.0833,4.83333,0.05,0.0691452,0.204866,0.00237417,0.2162331457529786
21.25,4.83333,0.05,0.0640357,0.20145,0.00211359,0.2113933315816232
21.4167,4.83333,0.05,0.0596118,0.197703,0.00189347,0.20650333686621358
21.5833,4.83333,0.05,0.0558777,0.193309,0.00174292,0.20123052603523253
21.75,4.83333,0.05,0.0529972,0.188009,0.00169544,0.19534318981124885
21.9167,4.83333,0.05,0.0512322,0.181632,0.00176621,0.1887274257722075
22.0833,4.83333,0.05,0.0508763,0.174118,0.00193374,0.1814089721487821
22.25,4.83333,0.05,0.0521763,0.165518,0.00215206,0.17356038133149398
22.4167,4.83333,0.05,0.0553132,0.155915,0.00237397,0.1654529330438143
22.5833,4.83333,0.05,0.0604249,0.145501,0.00256449,0.15756994050252762
22.75,4.83333,0.05,0.0675999,0.134535,0.00270155,0.15058788489587235
22.9167,4.83333,0.05,0.0768696,0.123309,0.00277158,0.14533315705941435
23.0833,4.83333,0.05,0.0882023,0.112118,0.0027687,0.14268061308033408
23.25,4.83333,0.05,0.101494,0.101238,0.00269346,0.1433785876857894
23.4167,4.83333,0.05,0.116587,0.0909295,0.00255018,0.14787564355661278
23.5833,4.83333,0.05,0.133227,0.0815805,0.00234656,0.15623801667034692
23.75,4.83333,0.05,0.151236,0.0731341,0.00214295,0.16800451337244635
23.9167,4.83333,0.05,0.170528,0.0651556,0.00196302,0.18256205641611403
24.0833,4.83333,0.05,0.191021,0.057416,0.00179357,0.1994713924109041
24.25,4.83333,0.05,0.21262,0.0497739,0.00161959,0.21837428555802557
24.4167,4.83333,0.05,0.235311,0.0421875,0.00141935,0.23906707517279016
24.5833,4.83333,0.05,0.258957,0.0346267,0.00108755,0.2612640789831095
24.75,4.83333,0.05,0.284514,0.0268139,0.000608057,0.2857753858584137
24.9167,4.83333,0.05,0.311883,0.0188163,0.000231543,0.31245017594306274
25.0833,4.83333,0.05,0.340105,0.0109435,7.91811e-05,0.34028102722146675
25.25,4.83333,0.05,0.368658,0.00340442,2.55348e-05,0.3686737198276579
25.4167,4.83333,0.05,0.397223,-0.00367931,-2.99421e-05,0.3972400407154413
25.5833,4.83333,0.05,0.425591,-0.0102628,-0.000114431,0.42571473716479885
25.75,4.83333,0.05,0.453591,-0.0163629,-0.000223487,0.45388609774242833
25.9167,4.83333,0.05,0.481029,-0.0220447,-0.000340209,0.48153398985040885
26.0833,4.83333,0.05,0.50781,-0.0274333,-0.000408334,0.5085506354194689
26.25,4.83333,0.05,0.533239,-0.032461,-0.000468247,0.5342263255374571
26.4167,4.83333,0.05,0.557408,-0.037166,-0.000597578,0.558645994453971
26.5833,4.83333,0.05,0.580424,-0.0416062,-0.000761397,0.5819138040808378
26.75,4.83333,0.05,0.602298,-0.0458531,-0.000918354,0.6040415804873694
26.9167,4.83333,0.05,0.623018,-0.0499939,-0.00105558,0.6250215457169027
27.0833,4.83333,0.05,0.642575,-0.0541213,-0.00117046,0.644851235336726
27.25,4.83333,0.05,0.660943,-0.0583267,-0.00126264,0.6635128087999956
27.4167,4.83333,0.05,0.67807,-0.0626706,-0.00133348,0.680961311069337
27.5833,4.83333,0.05,0.6939,-0.067284,-0.00138266,0.697155835093328
27.75,4.83333,0.05,0.708361,-0.0723879,-0.00140928,0.7120514731798034
27.9167,4.83333,0.05,0.721346,-0.0781911,-0.00140904,0.7255727980216263
28.0833,4.83333,0.05,0.732723,-0.0848902,-0.0013703,0.737625391717998
28.25,4.83333,0.05,0.74232,-0.0926902,-0.00127482,0.7480856105701221
28.4167,4.83333,0.05,0.74989,-0.10183,-0.00109928,0.7567731294228927
28.5833,4.83333,0.05,0.755073,-0.112597,-0.00081262,0.763422543608233
28.75,4.83333,0.05,0.757351,-0.125343,-0.000367221,0.7676532678893921
28.9167,4.83333,0.05,0.756041,-0.140498,0.000319705,0.7689849048559322
29.0833,4.83333,0.05,0.750081,-0.158641,0.00139344,0.7666749083653602
29.25,4.83333,0.05,0.737772,-0.180569,0.00313226,0.7595541447439461
29.4167,4.83333,0.05,0.716792,-0.207435,0.00610662,0.7462287459598594
29.5833,4.83333,0.05,0.680329,-0.241013,0.0116475,0.7218521168953167
29.75,4.83333,0.05,0.630034,-0.284738,0.0232223,0.6917787543841528
29.9167,4.83333,0.05,0.487524,-0.340534,0.0520865,0.5969556593368137
0.0833333,5.16667,0.05,0.000126685,-0.0103732,-3.63385e-06,0.010373974191894389
0.25,5.16667,0.05,0.000377191,-0.0103258,-5.1434e-06,0.010332688185803565
0.416667,5.16667,0.05,0.000633925,-0.0102504,-6.70336e-06,0.010269985686487605
0.583333,5.16667,0.05,0.000894192,-0.0101473,-8.45872e-06,0.010186625946446058
0.75,5.16667,0.05,0.00115976,-0.010017,-1.04426e-05,0.01008391993747941
0.916667,5.16667,0.05,0.00143116,-0.00986007,-1.26495e-05,0.009963400993654238
1.08333,5.16667,0.05,0.00170921,-0.00967715,-1.50636e-05,0.00982694549993257
1.25,5.16667,0.05,0.00199463,-0.00946878,-1.76574e-05,0.009676603500664618
1.41667,5.16667,0.05,0.00228811,-0.00923549,-2.03968e-05,0.009514732730962561
1.58333,5.16667,0.05,0.00259032,-0.00897775,-2.32458e-05,0.009343997706127588
1.75,5.16667,0.05,0.00290184,-0.00869595,-2.61681e-05,0.009167382753957511
1.91667,5.16667,0.05,0.00322322,-0.0083904,-2.91295e-05,0.008988259445308098
2.08333,5.16667,0.05,0.00355496,-0.00806135,-3.21003e-05,0.008810455995767762
2.25,5.16667,0.05,0.00389753,-0.00770895,-3.50568e-05,0.008638279874062094
2.41667,5.16667,0.05,0.00425136,-0.00733333,-3.79819e-05,0.008476628655499049
2.58333,5.16667,0.05,0.0046169,-0.00693458,-4.08662e-05,0.008331016470557626
2.75,5.16667,0.05,0.00499455,-0.00651276,-4.3707e-05,0.008207525986675217
2.91667,5.16667,0.05,0.00538477,-0.00606796,-4.6508e-05,0.008112832397416083
3.08333,5.16667,0.05,0.00578801,-0.00560028,-4.92775e-05,0.008053981879201508
3.25,5.16667,0.05,0.00620475,-0.00510988,-5.20274e-05,0.00803819028309549
3.41667,5.16667,0.05,0.00663547,-0.00459699,-5.47713e-05,0.008072470444436677
3.58333,5.16667,0.05,0.00708068,-0.00406191,-5.75236e-05,0.008163237781362059
3.75,5.16667,0.05,0.0075409,-0.00350508,-6.02984e-05,0.008315912127568603
3.91667,5.16667,0.05,0.00801663,-0.00292703,-6.31104e-05,0.008534509013434116
4.08333,5.16667,0.05,0.00850833,-0.00232841,-6.59761e-05,0.008821424225303486
4.25,5.16667,0.05,0.00901653,-0.00171005,-6.89065e-05,0.009177517766212291
4.41667,5.16667,0.05,0.0095411,-0.00107257,-7.19773e-05,0.009601467405902876
4.58333,5.16667,0.05,0.0100859,-0.000418465,-7.5346e-05,0.010094858532240113
4.75,5.16667,0.05,0.0106459,0.000261442,-7.81445e-05,0.01064939647549307
4.91667,5.16667,0.05,0.0112238,0.000951422,-8.03887e-05,0.011264339865485758
5.08333,5.16667,0.05,0.011815,0.00164922,-8.25205e-05,0.011929834920958473
5.25,5.16667,0.05,0.0124189,0.00235495,-8.50076e-05,0.012640494175646685
5.41667,5.16667,0.05,0.0130368,0.00306675,-8.79088e-05,0.01339293984753226
5.58333,5.16667,0.05,0.0136693,0.00378284,-9.12885e-05,0.0141833696470843
5.75,5.16667,0.05,0.0143169,0.00450151,-9.51755e-05,0.015008206963721557
5.91667,5.16667,0.05,0.01498,0.00522107,-9.9567e-05,0.015864106830590526
6.08333,5.16667,0.05,0.0156592,0.00593986,-0.000104436,0.016748235379815273
6.25,5.16667,0.05,0.016355,0.0066563,-0.000109738,0.01765798394830633
6.41667,5.16667,0.05,0.017068,0.00736894,-0.000115411,0.018591159738502627
6.58333,5.16667,0.05,0.0177989,0.00807645,-0.000121387,0.01954596174702767
6.75,5.16667,0.05,0.0185483,0.00877759,-0.000127587,0.020520765033026158
6.91667,5.16667,0.05,0.0193169,0.00947125,-0.000133936,0.021514300849077017
7.08333,5.16667,0.05,0.0201054,0.0101564,-0.000140357,0.022525524859755185
7.25,5.16667,0.05,0.0209145,0.0108321,-0.000146782,0.02355360366516181
7.41667,5.16667,0.05,0.0217449,0.0114974,-0.000153146,0.02459785227346721
7.58333,5.16667,0.05,0.0225974,0.0121514,-0.000159395,0.025657833413716462
7.75,5.16667,0.05,0.0234727,0.0127934,-0.00016548,0.026733239842570523
7.91667,5.16667,0.05,0.0243715,0.0134225,-0.000171363,0.027823782700735877
8.08333,5.16667,0.05,0.0252946,0.0140378,-0.00017701,0.02892936139184721
8.25,5.16667,0.05,0.0262426,0.0146385,-0.000182397,0.030049842024137317
8.41667,5.16667,0.05,0.0272164,0.0152238,-0.000187504,0.031185440082673453
8.58333,5.16667,0.05,0.0282167,0.0157928,-0.000192317,0.032336228545680606
8.75,5.16667,0.05,0.029244,0.0163447,-0.000196826,0.03350223118785189
8.91667,5.16667,0.05,0.0302992,0.0168785,-0.000201026,0.03468379584680252
9.08333,5.16667,0.05,0.0313828,0.0173934,-0.00020491,0.03588108815947616
9.25,5.16667,0.05,0.0324956,0.0178885,-0.000208479,0.03709455371214811
9.41667,5.16667,0.05,0.0336381,0.0183629,-0.000211728,0.0383244399406695
9.58333,5.16667,0.05,0.034811,0.0188159,-0.000214659,0.03957132664311725
9.75,5.16667,0.05,0.0360149,0.0192466,-0.00021727,0.04083566872016301
9.91667,5.16667,0.05,0.0372504,0.0196542,-0.000219564,0.04211802566776007
10.0833,5.16667,0.05,0.038518,0.0200381,-0.000221536,0.04341901488759615
10.25,5.16667,0.05,0.0398182,0.0203975,-0.00022319,0.04473920955119905
10.4167,5.16667,0.05,0.0411517,0.0207321,-0.000224522,0.04607963534391829
10.5833,5.16667,0.05,0.042519,0.0210412,-0.000225534,0.04744099834557823
10.75,5.16667,0.05,0.0439206,0.0213245,-0.000226225,0.04882422126732412
10.9167,5.16667,0.05,0.045357,0.0215817,-0.000226596,0.050230255520325756
11.0833,5.16667,0.05,0.046829,0.0218127,-0.000226648,0.05166043448913205
11.25,5.16667,0.05,0.048337,0.0220175,-0.000226385,0.05311578979379131
11.4167,5.16667,0.05,0.0498818,0.0221963,-0.000225809,0.0545978085149439
11.5833,5.16667,0.05,0.0514641,0.0223492,-0.000224929,0.05610785080989149
11.75,5.16667,0.05,0.0530846,0.0224768,-0.00022375,0.057647474874989106
11.9167,5.16667,0.05,0.0547443,0.0225796,-0.000222286,0.05921846105494297
12.0833,5.16667,0.05,0.0564442,0.0226585,-0.000220547,0.06082272582570769
12.25,5.16667,0.05,0.0581854,0.0227144,-0.000218553,0.062462248646152733
12.4167,5.16667,0.05,0.0599692,0.0227485,-0.00021632,0.06413927030480157
12.5833,5.16667,0.05,0.061797,0.0227621,-0.000213874,0.06585611700896034
12.75,5.16667,0.05,0.0636706,0.022757,-0.000211238,0.06761561191657325
12.9167,5.16667,0.05,0.0655917,0.0227348,-0.000208447,0.06942035501264603
13.0833,5.16667,0.05,0.0675626,0.0226978,-0.000205533,0.07127367878406508
13.25,5.16667,0.05,0.0695858,0.0226482,-0.000202537,0.0731789966186772
13.4167,5.16667,0.05,0.0716639,0.0225886,-0.000199503,0.07513986435053639
13.5833,5.16667,0.05,0.0738002,0.0225222,-0.000196484,0.07716059628361004
13.75,5.16667,0.05,0.0759983,0.022452,-0.000193534,0.0792456393898059
13.9167,5.16667,0.05,0.0782623,0.0223819,-0.000190721,0.08140008245327422
14.0833,5.16667,0.05,0.0805968,0.022316,-0.000188113,0.08362944106438096
14.25,5.16667,0.05,0.0830072,0.0222589,-0.000185795,0.08594002793129651
14.4167,5.16667,0.05,0.0854995,0.0222157,-0.000183857,0.08833875497275502
14.5833,5.16667,0.05,0.0880805,0.0221923,-0.000182408,0.09083339656876466
14.75,5.16667,0.05,0.0907582,0.0221952,-0.000181568,0.09343292105686637
14.9167,5.16667,0.05,0.0935414,0.0222319,-0.000181485,0.09614719875469707
15.0833,5.16667,0.05,0.0964404,0.022311,-0.000182326,0.09898769982139334
15.25,5.16667,0.05,0.099467,0.0224422,-0.000184299,0.1019674967622595
15.4167,5.16667,0.05,0.102635,0.022637,-0.000187644,0.1051019134186944
15.5833,5.16667,0.05,0.105959,0.0229086,-0.000192649,0.10840733715296766
15.75,5.16667,0.05,0.109458,0.0232727,-0.000199648,0.1119049247737288
15.9167,5.16667,0.05,0.113152,0.0237474,-0.000209034,0.11561729025527781
16.0833,5.16667,0.05,0.117066,0.0243548,-0.000221246,0.11957279619057387
16.25,5.16667,0.05,0.121228,0.0251208,-0.000236791,0.12380362937578883
16.4167,5.16667,0.05,0.12567,0.0260768,-0.000256236,0.12834724015391877
16.5833,5.16667,0.05,0.130431,0.0272607,-0.000280195,0.13324965303792735
16.75,5.16667,0.05,0.135553,0.0287185,-0.000309266,0.13856212937418635
16.9167,5.16667,0.05,0.141083,0.0305063,-0.00034394,0.1443439140504843
17.0833,5.16667,0.05,0.147077,0.0326928,-0.000384382,0.15066721889768167
17.25,5.16667,0.05,0.15359,0.0353619,-0.000430089,0.15760881018571876
17.4167,5.16667,0.05,0.160681,0.0386159,-0.000479275,0.16525677353238996
17.5833,5.16667,0.05,0.168402,0.0425786,-0.000527932,0.17370218621006653
17.75,5.16667,0.05,0.176791,0.0473985,-0.000568402,0.18303551175682714
17.9167,5.16667,0.05,0.185855,0.0532501,-0.000587391,0.19333390598443118
18.0833,5.16667,0.05,0.195544,0.0603332,-0.000563467,0.20464082792370658
18.25,5.16667,0.05,0.20572,0.0688664,-0.000464247,0.21694127079520162
18.4167,5.16667,0.05,0.216108,0.0790736,-0.000243895,0.23012031932389418
18.5833,5.16667,0.05,0.226243,0.0911595,0.000160975,0.24391796859231307
18.75,5.16667,0.05,0.235418,0.105269,0.000827267,0.2578834648745229
18.9167,5.16667,0.05,0.242598,0.121415,0.00184353,0.2712909700521949
19.0833,5.16667,0.05,0.246467,0.139379,0.00327197,0.2831663707393251
19.25,5.16667,0.05,0.24541,0.158652,0.00515673,0.2922723337373773
19.4167,5.16667,0.05,0.237938,0.178216,0.00733825,0.29737061793839437
19.5833,5.16667,0.05,0.223007,0.196698,0.00960856,0.2975139487121127
19.75,5.16667,0.05,0.200899,0.212154,0.0112513,0.2923975370427904
19.9167,5.16667,0.05,0.174861,0.222784,0.0114842,0.2834448214849585
20.0833,5.16667,0.05,0.149242,0.228393,0.0105506,0.2730345256068544
20.25,5.16667,0.05,0.127089,0.229565,0.00865132,0.26253866093157097
20.4167,5.16667,0.05,0.110388,0.227666,0.0062902,0.2530946161340458
20.5833,5.16667,0.05,0.0990391,0.224553,0.00419336,0.2454595229480812
20.75,5.16667,0.05,0.0913698,0.221379,0.00257113,0.23950722891494716
20.9167,5.16667,0.05,0.0858394,0.218685,0.00144185,0.23493320486636726
21.0833,5.16667,0.05,0.0813355,0.216532,0.000737023,0.23130523942866604
21.25,5.16667,0.05,0.0772901,0.214538,0.000385456,0.22803609709503875
21.4167,5.16667,0.05,0.0737595,0.211973,0.00034066,0.22443959681501302
21.5833,5.16667,0.05,0.0714166,0.207919,0.000523448,0.21984293328276144
21.75,5.16667,0.05,0.0713744,0.201566,0.0007803,0.21383116283519107
21.9167,5.16667,0.05,0.0748369,0.192533,0.000944695,0.20656817310334386
22.0833,5.16667,0.05,0.0826431,0.181057,0.000928698,0.1990285951982408
22.25,5.16667,0.05,0.0950499,0.167914,0.000739957,0.1929511399872306
22.4167,5.16667,0.05,0.111882,0.153642,0.000484622,0.19006230806365287
22.5833,5.16667,0.05,0.132839,0.138377,0.000209759,0.1918187635473602
22.75,5.16667,0.05,0.157472,0.122368,-9.20869e-05,0.1994275976087491
22.9167,5.16667,0.05,0.185236,0.105928,-0.000413918,0.21338530457393434
23.0833,5.16667,0.05,0.21557,0.0894686,-0.000736223,0.23340007992771925
23.25,5.16667,0.05,0.247942,0.0734097,-0.00106472,0.2585833580236137
23.4167,5.16667,0.05,0.282064,0.0580314,-0.0014402,0.2879753768258668
23.5833,5.16667,0.05,0.317368,0.0433884,-0.00205039,0.3203267156790268
23.75,5.16667,0.05,0.355896,0.0288306,-0.00275453,0.3570724768837286
23.9167,5.16667,0.05,0.395489,0.0150823,-0.00313935,0.39578893417162697
24.0833,5.16667,0.05,0.43528,0.00247882,-0.00331822,0.4352997054129038
24.25,5.16667,0.05,0.474728,-0.00884028,-0.00348652,0.47482310427799196
24.4167,5.16667,0.05,0.513458,-0.0188849,-0.00367348,0.5138183060842815
24.5833,5.16667,0.05,0.551213,-0.0277864,-0.00380515,0.5519260227244974
24.75,5.16667,0.05,0.587164,-0.0355268,-0.00385294,0.5882504241909934
24.9167,5.16667,0.05,0.620988,-0.0421246,-0.00393265,0.6224275410079333
25.0833,5.16667,0.05,0.652903,-0.0477095,-0.00410161,0.6546566634533266
25.25,5.16667,0.05,0.683017,-0.0523993,-0.00429504,0.6850374853233154
25.4167,5.16667,0.05,0.711394,-0.056303,-0.00445793,0.7136324853766712
25.5833,5.16667,0.05,0.738073,-0.0595273,-0.00457322,0.7404837385894834
25.75,5.16667,0.05,0.763103,-0.0621747,-0.00464154,0.7656457573987213
25.9167,5.16667,0.05,0.786538,-0.0643376,-0.00466828,0.7891787788935523
26.0833,5.16667,0.05,0.808429,-0.0660814,-0.00465879,0.8111386464663264
26.25,5.16667,0.05,0.828834,-0.0674795,-0.00461617,0.8315891963594277
26.4167,5.16667,0.05,0.84781,-0.0686425,-0.00455282,0.8505964478389281
26.5833,5.16667,0.05,0.865399,-0.0696884,-0.00447708,0.868211924901338
26.75,5.16667,0.05,0.881637,-0.0707229,-0.00439344,0.8844799775395956
26.9167,5.16667,0.05,0.896548,-0.0718388,-0.00430475,0.8994318542068669
27.0833,5.16667,0.05,0.910146,-0.0731214,-0.00421181,0.9130882869676055
27.25,5.16667,0.05,0.922426,-0.0746521,-0.00411345,0.9254510154412887
27.4167,5.16667,0.05,0.933366,-0.0765097,-0.00400662,0.9365051399506115
27.5833,5.16667,0.05,0.942925,-0.0787725,-0.00388582,0.9462176081527559
27.75,5.16667,0.05,0.951024,-0.0815303,-0.00374397,0.9545196989614467
27.9167,5.16667,0.05,0.957535,-0.0848826,-0.00357314,0.9612965719990993
28.0833,5.16667,0.05,0.962267,-0.0889457,-0.00336256,0.9663748877362468
28.25,5.16667,0.05,0.964964,-0.093863,-0.00309651,0.9695232707053401
28.4167,5.16667,0.05,0.965281,-0.0998138,-0.00275186,0.970431747401588
28.5833,5.16667,0.05,0.962755,-0.107022,-0.00229389,0.9686878550081715
28.75,5.16667,0.05,0.956759,-0.115769,-0.00166875,0.9637390882228253
28.9167,5.16667,0.05,0.946406,-0.126415,-0.000789491,0.954811862283371
29.0833,5.16667,0.05,0.930529,-0.139411,0.000502414,0.9409143952463621
29.25,5.16667,0.05,0.907148,-0.155413,0.00251642,0.9203678758206506
29.4167,5.16667,0.05,0.87346,-0.175403,0.00588869,0.8909170896772135
29.5833,5.16667,0.05,0.822021,-0.200939,0.0121191,0.8463107459714841
29.75,5.16667,0.05,0.752949,-0.234941,0.0250335,0.7891490012692469
29.9167,5.16667,0.05,0.580546,-0.280028,0.0580252,0.6471601523077886
0.0833333,5.5,0.05,0.000125956,-0.0108798,-9.24953e-06,0.01088053300660134
0.25,5.5,0.05,0.000375507,-0.010833,-1.08493e-05,0.010839511622502164
0.416667,5.5,0.05,0.000631474,-0.0107588,-1.25313e-05,0.010777323131750097
0.583333,5.5,0.05,0.000891651,-0.0106574,-1.44715e-05,0.010694644720144435
0.75,5.5,0.05,0.00115792,-0.0105293,-1.67038e-05,0.010592790766994997
0.916667,5.5,0.05,0.00143102,-0.0103751,-1.92164e-05,0.010473341755162435
1.08333,5.5,0.05,0.00171195,-0.0101956,-2.19822e-05,0.010338351676143392
1.25,5.5,0.05,0.00200159,-0.0099912,-2.49657e-05,0.010189752855407068
1.41667,5.5,0.05,0.00230077,-0.0097626,-2.81227e-05,0.010030089343528068
1.58333,5.5,0.05,0.00261024,-0.00951027,-3.14051e-05,0.00986202690174824
1.75,5.5,0.05,0.00293068,-0.00923465,-3.47635e-05,0.009688594035557082
1.91667,5.5,0.05,0.00326267,-0.00893611,-3.8151e-05,0.009513176806924225
2.08333,5.5,0.05,0.00360674,-0.0086149,-4.15251e-05,0.009339528883810469
2.25,5.5,0.05,0.00396333,-0.00827123,-4.48503e-05,0.009171872325278524
2.41667,5.5,0.05,0.00433284,-0.00790525,-4.80993e-05,0.009014920608122985
2.58333,5.5,0.05,0.00471564,-0.00751704,-5.12541e-05,0.008873881786116311
2.75,5.5,0.05,0.00511208,-0.0071067,-5.43057e-05,0.008754512889101968
2.91667,5.5,0.05,0.00552251,-0.00667431,-5.72543e-05,0.008663013836481418
3.08333,5.5,0.05,0.0059473,-0.00621995,-6.01074e-05,0.008605914721401483
3.25,5.5,0.05,0.00638681,-0.00574376,-6.28801e-05,0.008589882119137375
3.41667,5.5,0.05,0.00684147,-0.00524595,-6.5592e-05,0.008621485108371064
3.58333,5.5,0.05,0.00731172,-0.00472677,-6.82671e-05,0.008706794151020363
3.75,5.5,0.05,0.00779801,-0.00418659,-7.09308e-05,0.008851074904585806
3.91667,5.5,0.05,0.00830085,-0.00362586,-7.36098e-05,0.00905849821243875
4.08333,5.5,0.05,0.00882073,-0.00304518,-7.63291e-05,0.009331892899985877
4.25,5.5,0.05,0.00935816,-0.00244521,-7.91135e-05,0.009672666099663642
4.41667,5.5,0.05,0.00991369,-0.00182678,-8.19768e-05,0.010080927277797327
4.58333,5.5,0.05,0.0104874,-0.00119046,-8.49771e-05,0.010555092367152663
4.75,5.5,0.05,0.0110822,-0.000538391,-8.82965e-05,0.011095621568023725
4.91667,5.5,0.05,0.0116965,0.000136716,-9.15343e-05,0.011697657117676705
5.08333,5.5,0.05,0.0123306,0.000824858,-9.44209e-05,0.012358519425340594
5.25,5.5,0.05,0.0129818,0.00151831,-9.69307e-05,0.013070646198895542
5.41667,5.5,0.05,0.0136478,0.00221784,-9.9528e-05,0.01382718933581167
5.58333,5.5,0.05,0.0143298,0.00292223,-0.000102366,0.014625083760815047
5.75,5.5,0.05,0.0150285,0.00362975,-0.000105526,0.015460984219938134
5.91667,5.5,0.05,0.0157444,0.0043387,-0.000109052,0.01633163621284481
6.08333,5.5,0.05,0.0164779,0.00504737,-0.000112962,0.01723397495473241
6.25,5.5,0.05,0.0172295,0.00575406,-0.000117258,0.018165313819809552
6.41667,5.5,0.05,0.0179998,0.00645709,-0.000121924,0.019123328077766066
6.58333,5.5,0.05,0.0187894,0.00715485,-0.00012693,0.02010595787589838
6.75,5.5,0.05,0.0195989,0.0078458,-0.000132234,0.021111393717155577
6.91667,5.5,0.05,0.020429,0.00852852,-0.000137783,0.022138172430114664
7.08333,5.5,0.05,0.0212804,0.00920163,-0.00014352,0.02318503864148818
7.25,5.5,0.05,0.0221537,0.00986386,-0.000149384,0.024250865414847694
7.41667,5.5,0.05,0.0230499,0.010514,-0.000155312,0.02533507860314122
7.58333,5.5,0.05,0.0239695,0.011151,-0.000161247,0.026436863124149376
7.75,5.5,0.05,0.0249134,0.0117738,-0.000167131,0.027555903156513687
7.91667,5.5,0.05,0.0258824,0.0123812,-0.000172914,0.028691856727151625
8.08333,5.5,0.05,0.0268771,0.0129724,-0.000178551,0.029844489384635166
8.25,5.5,0.05,0.0278985,0.0135464,-0.000184003,0.031013950285541002
8.41667,5.5,0.05,0.0289471,0.0141022,-0.000189235,0.03220003809213935
8.58333,5.5,0.05,0.0300239,0.014639,-0.000194223,0.03340318270440302
8.75,5.5,0.05,0.0311295,0.0151558,-0.000198941,0.034623454787347276
8.91667,5.5,0.05,0.0322647,0.0156518,-0.000203375,0.03586127536383257
9.08333,5.5,0.05,0.0334302,0.016126,-0.000207509,0.0371169665789795
9.25,5.5,0.05,0.0346267,0.0165777,-0.000211336,0.038391055639105526
9.41667,5.5,0.05,0.0358549,0.0170059,-0.000214846,0.03968400997409052
9.58333,5.5,0.05,0.0371154,0.01741,-0.000218038,0.04099644567190482
9.75,5.5,0.05,0.0384089,0.017789,-0.000220907,0.0423289607728875
9.91667,5.5,0.05,0.0397361,0.0181424,-0.000223454,0.04368242498602975
10.0833,5.5,0.05,0.0410976,0.0184694,-0.000225677,0.04505754534179962
10.25,5.5,0.05,0.042494,0.0187693,-0.00022758,0.04645512298064015
10.4167,5.5,0.05,0.043926,0.0190417,-0.000229163,0.04787621884161874
10.5833,5.5,0.05,0.0453941,0.0192861,-0.00023043,0.04932170988525134
10.75,5.5,0.05,0.0468991,0.019502,-0.000231383,0.05079278613053914
10.9167,5.5,0.05,0.0484415,0.0196893,-0.000232028,0.05229054688691622
11.0833,5.5,0.05,0.050022,0.0198476,-0.00023237,0.05381618442045943
11.25,5.5,0.05,0.0516414,0.019977,-0.000232416,0.05537119052501089
11.4167,5.5,0.05,0.0533005,0.0200775,-0.000232173,0.056957029511746214
11.5833,5.5,0.05,0.0550001,0.0201492,-0.000231652,0.05857520741149026
11.75,5.5,0.05,0.0567412,0.0201925,-0.000230861,0.060227519710605054
11.9167,5.5,0.05,0.0585247,0.0202079,-0.000229817,0.061915689032372795
12.0833,5.5,0.05,0.0603518,0.0201959,-0.000228531,0.06364170304499998
12.25,5.5,0.05,0.0622238,0.0201573,-0.000227024,0.06540771796681624
12.4167,5.5,0.05,0.0641423,0.020093,-0.000225313,0.06721617412675292
12.5833,5.5,0.05,0.0661087,0.0200042,-0.000223424,0.06906937202272637
12.75,5.5,0.05,0.068125,0.0198921,-0.000221382,0.07097013651811532
12.9167,5.5,0.05,0.0701933,0.0197582,-0.000219218,0.07292142270047619
13.0833,5.5,0.05,0.072316,0.0196042,-0.000216964,0.07492646786695137
13.25,5.5,0.05,0.0744959,0.0194319,-0.000214659,0.07698885590074891
13.4167,5.5,0.05,0.0767361,0.0192436,-0.000212343,0.07911251654270422
13.5833,5.5,0.05,0.0790402,0.0190414,-0.000210066,0.08130173588383188
13.75,5.5,0.05,0.0814122,0.0188281,-0.000207876,0.08356127614440421
13.9167,5.5,0.05,0.0838566,0.0186064,-0.000205839,0.0858962738086695
14.0833,5.5,0.05,0.0863789,0.0183797,-0.000204019,0.08831290597105476
14.25,5.5,0.05,0.088985,0.0181514,-0.000202503,0.09081764451044196
14.4167,5.5,0.05,0.0916817,0.0179255,-0.000201388,0.0934178688595846
14.5833,5.5,0.05,0.0944769,0.0177066,-0.000200795,0.09612205072615765
14.75,5.5,0.05,0.0973795,0.0174996,-0.000200858,0.09893959452285098
14.9167,5.5,0.05,0.1004,0.0173102,-0.000201732,0.10188151804836747
15.0833,5.5,0.05,0.103551,0.017145,-0.000203581,0.10496095498433482
15.25,5.5,0.05,0.106846,0.0170113,-0.000206605,0.10819193467775694
15.4167,5.5,0.05,0.110302,0.0169174,-0.000211037,0.11159199865301889
15.5833,5.5,0.05,0.113938,0.0168728,-0.000217162,0.11518075526395129
15.75,5.5,0.05,0.117775,0.016888,-0.000225326,0.11897985518904568
15.9167,5.5,0.05,0.121841,0.0169754,-0.000235988,0.1230180847538123
16.0833,5.5,0.05,0.126166,0.0171506,-0.000249705,0.1273266075451122
16.25,5.5,0.05,0.130785,0.0174327,-0.00026716,0.13194198205558233
16.4167,5.5,0.05,0.135742,0.0178448,-0.000289136,0.13691022989779286
16.5833,5.5,0.05,0.141086,0.0184157,-0.000316523,0.14228315989357113
16.75,5.5,0.05,0.146876,0.0191809,-0.000350267,0.14812355986736644
16.9167,5.5,0.05,0.153181,0.0201843,-0.000391279,0.15450559157113325
17.0833,5.5,0.05,0.160079,0.0214816,-0.000440202,0.1615145168626053
17.25,5.5,0.05,0.16766,0.0231426,-0.000496992,0.16925041369464378
17.4167,5.5,0.05,0.176019,0.025256,-0.000560146,0.1778225735404291
17.5833,5.5,0.05,0.185257,0.0279337,-0.00062543,0.1873521785498501
17.75,5.5,0.05,0.195466,0.0313167,-0.000683885,0.19795999735699943
17.9167,5.5,0.05,0.20671,0.0355806,-0.000718946,0.20975109077120652
18.0833,5.5,0.05,0.219,0.0409398,-0.000702716,0.22279488556476482
18.25,5.5,0.05,0.232247,0.0476502,-0.000591427,0.23708555492677394
18.4167,5.5,0.05,0.246202,0.0560011,-0.000319149,0.25249089065012664
18.5833,5.5,0.05,0.260378,0.0662978,0.000208664,0.2686859592712371
18.75,5.5,0.05,0.273967,0.0788202,0.00111159,0.28508205248553986
18.9167,5.5,0.05,0.285707,0.0937481,0.00253811,0.3007052345819442
19.0833,5.5,0.05,0.293943,0.111014,0.00460715,0.31424166063099035
19.25,5.5,0.05,0.296479,0.13022,0.00747827,0.32390271743718496
19.4167,5.5,0.05,0.291218,0.150153,0.0110038,0.3278336934292142
19.5833,5.5,0.05,0.276329,0.169102,0.0151489,0.3243188119986412
19.75,5.5,0.05,0.25142,0.183913,0.0189807,0.3120837627008012
19.9167,5.5,0.05,0.220574,0.19181,0.0212988,0.29308293102369504
20.0833,5.5,0.05,0.189354,0.193732,0.0225323,0.27183585062182286
20.25,5.5,0.05,0.161424,0.19121,0.0226461,0.2512604579340132
20.4167,5.5,0.05,0.139954,0.186383,0.0220698,0.23412138064909835
20.5833,5.5,0.05,0.125412,0.182064,0.0216949,0.22213990754929652
20.75,5.5,0.05,0.115886,0.179333,0.0216449,0.21461218879879587
20.9167,5.5,0.05,0.109757,0.177887,0.0220145,0.21017854797350274
21.0833,5.5,0.05,0.105825,0.176599,0.0227959,0.20713712965764974
21.25,5.5,0.05,0.103739,0.173747,0.0237935,0.20375458466559718
21.4167,5.5,0.05,0.104615,0.167394,0.0245302,0.19891400195320588
21.5833,5.5,0.05,0.110846,0.156202,0.0242921,0.1930699527176873
21.75,5.5,0.05,0.124702,0.140054,0.0227202,0.18889658336783122
21.9167,5.5,0.05,0.147163,0.120301,0.0200778,0.19113450034684998
22.0833,5.5,0.05,0.177993,0.0990336,0.0167779,0.2043787168625197
22.25,5.5,0.05,0.21571,0.0777319,0.0130258,0.2296578408050768
22.4167,5.5,0.05,0.261185,0.056261,0.00893804,0.26732525676606317
22.5833,5.5,0.05,0.311891,0.0358318,0.00521564,0.31398585425596737
22.75,5.5,0.05,0.365648,0.0172807,0.00202029,0.36606169434696945
22.9167,5.5,0.05,0.421361,0.00100266,-0.000810088,0.42136297166533665
23.0833,5.5,0.05,0.477377,-0.0130628,-0.00320539,0.47756644710227714
23.25,5.5,0.05,0.532701,-0.0251085,-0.00517211,0.5333174878954393
23.4167,5.5,0.05,0.586465,-0.0353895,-0.00673364,0.5875703828843823
23.5833,5.5,0.05,0.638227,-0.0442352,-0.00782352,0.6398059580163586
23.75,5.5,0.05,0.686166,-0.0513973,-0.00857196,0.6881416572926912
23.9167,5.5,0.05,0.73086,-0.0571682,-0.00924794,0.7331507805939264
24.0833,5.5,0.05,0.772509,-0.0617619,-0.00983549,0.7750364018780989
24.25,5.5,0.05,0.811253,-0.0653357,-0.0102541,0.8139443041574159
24.4167,5.5,0.05,0.847186,-0.0680213,-0.0104996,0.8499772099590965
24.5833,5.5,0.05,0.88042,-0.0699171,-0.0105983,0.8832553997770407
24.75,5.5,0.05,0.911093,-0.0711188,-0.0105758,0.913925700430883
24.9167,5.5,0.05,0.939362,-0.0717501,-0.0104617,0.9421562986367495
25.0833,5.5,0.05,0.965383,-0.0719381,-0.0102868,0.9681142727874897
25.25,5.5,0.05,0.989303,-0.0717956,-0.0100722,0.9919558877294897
25.4167,5.5,0.05,1.01127,-0.0714184,-0.00983236,1.0138364148430108
25.5833,5.5,0.05,1.03142,-0.0708823,-0.00957821,1.0338971220387907
25.75,5.5,0.05,1.04987,-0.0702461,-0.00931686,1.0522586827132716
25.9167,5.5,0.05,1.06675,-0.069556,-0.0090526,1.0690535763949158
26.0833,5.5,0.05,1.08216,-0.0688486,-0.00878772,1.0843835204136765
26.25,5.5,0.05,1.09618,-0.0681528,-0.00852346,1.0983296617674547
26.4167,5.5,0.05,1.10889,-0.0674952,-0.00826125,1.110972944033563
26.5833,5.5,0.05,1.12036,-0.0669006,-0.00800167,1.1223841795941125
26.75,5.5,0.05,1.13063,-0.0663916,-0.0077442,1.1326040853202852
26.9167,5.5,0.05,1.1397,-0.0659913,-0.00748795,1.1416334836850628
27.0833,5.5,0.05,1.14757,-0.0657249,-0.0072317,1.1494733423898529
27.25,5.5,0.05,1.1542,-0.0656212,-0.00697364,1.1560849508337565
27.4167,5.5,0.05,1.15954,-0.0657138,-0.0067111,1.161419973124989
27.5833,5.5,0.05,1.16349,-0.066044,-0.0064401,1.1653807381813077
27.75,5.5,0.05,1.16594,-0.066664,-0.00615486,1.1678604603280391
27.9167,5.5,0.05,1.1667,-0.0676369,-0.00584711,1.168673533942205
28.0833,5.5,0.05,1.16555,-0.0690372,-0.00550492,1.167605773207741
28.25,5.5,0.05,1.16219,-0.0709544,-0.00511109,1.164365168759504
28.4167,5.5,0.05,1.15623,-0.0734979,-0.00464152,1.1585729575267674
28.5833,5.5,0.05,1.14714,-0.0768036,-0.00405877,1.1497153761635412
28.75,5.5,0.05,1.1342,-0.0810448,-0.00330473,1.1370966629303831
28.9167,5.5,0.05,1.11643,-0.0864527,-0.00228408,1.1197746341379307
29.0833,5.5,0.05,1.09238,-0.093335,-0.000837163,1.096360427718407
29.25,5.5,0.05,1.05998,-0.102118,0.00136563,1.0648885158876007
29.4167,5.5,0.05,1.01593,-0.113498,0.00501823,1.022262560957963
29.5833,5.5,0.05,0.952204,-0.12867,0.0117691,0.9609302462878407
29.75,5.5,0.05,0.866991,-0.149854,0.0257638,0.8802234879775931
29.9167,5.5,0.05,0.668756,-0.180123,0.0624093,0.69539471050008
0.0833333,5.83333,0.05,0.000123061,-0.0113533,-1.6297e-05,0.011353978619494139
0.25,5.83333,0.05,0.000367424,-0.0113072,-1.80031e-05,0.01131318241466059
0.416667,5.83333,0.05,0.000618318,-0.0112345,-1.98211e-05,0.01125151990955574
0.583333,5.83333,0.05,0.000874089,-0.0111352,-2.19632e-05,0.011169475950199062
0.75,5.83333,0.05,0.0011367,-0.01101,-2.44583e-05,0.011068549367394036
0.916667,5.83333,0.05,0.0014071,-0.0108594,-2.72916e-05,0.010950216600662772
1.08333,5.83333,0.05,0.00168644,-0.010684,-3.04284e-05,0.010816323856150322
1.25,5.83333,0.05,0.00197575,-0.0104846,-3.38223e-05,0.010669187840247134
1.41667,5.83333,0.05,0.00227598,-0.0102618,-3.74168e-05,0.010511233239602394
1.58333,5.83333,0.05,0.00258797,-0.010016,-4.11502e-05,0.010345024797450223
1.75,5.83333,0.05,0.00291245,-0.00974791,-4.49594e-05,0.010173796524319148
1.91667,5.83333,0.05,0.00325003,-0.00945776,-4.87836e-05,0.010000714927350393
2.08333,5.83333,0.05,0.00360123,-0.0091459,-5.2567e-05,0.00982950190052319
2.25,5.83333,0.05,0.00396649,-0.00881255,-5.6262e-05,0.009664225050941437
2.41667,5.83333,0.05,0.00434614,-0.0084579,-5.98301e-05,0.009509394562771388
2.58333,5.83333,0.05,0.00474049,-0.00808206,-6.32434e-05,0.00936994871978196
2.75,5.83333,0.05,0.00514982,-0.00768513,-6.64841e-05,0.009251285817920275
2.91667,5.83333,0.05,0.00557437,-0.0072672,-6.95454e-05,0.00915918300393442
3.08333,5.83333,0.05,0.00601439,-0.00682836,-7.24296e-05,0.009099705127566287
3.25,5.83333,0.05,0.00647017,-0.00636873,-7.51482e-05,0.009079067622490937
3.41667,5.83333,0.05,0.00694201,-0.00588848,-7.77197e-05,0.009103391670265984
3.58333,5.83333,0.05,0.00743025,-0.00538784,-8.01693e-05,0.009178445513525833
3.75,5.83333,0.05,0.00793528,-0.00486713,-8.25262e-05,0.009309373431600348
3.91667,5.83333,0.05,0.00845752,-0.00432673,-8.48234e-05,0.009500391152604589
4.08333,5.83333,0.05,0.00899743,-0.00376715,-8.70945e-05,0.009754627167623079
4.25,5.83333,0.05,0.00955551,-0.00318899,-8.93735e-05,0.010073997032097153
4.41667,5.83333,0.05,0.0101323,-0.00259295,-9.16924e-05,0.010459220835641523
4.58333,5.83333,0.05,0.0107283,-0.00197986,-9.40771e-05,0.010909863290176664
4.75,5.83333,0.05,0.011344,-0.00135036,-9.65779e-05,0.011424497162692475
4.91667,5.83333,0.05,0.0119811,-0.000706141,-9.92979e-05,0.012002301962324786
5.08333,5.83333,0.05,0.0126409,-4.26049e-05,-0.000102293,0.012641385677422907
5.25,5.83333,0.05,0.0133228,0.000638447,-0.000105175,0.013338503521476239
5.41667,5.83333,0.05,0.0140249,0.00132267,-0.000107807,0.014087544082917682
5.58333,5.83333,0.05,0.0147443,0.00201061,-0.00011024,0.01488116554305139
5.75,5.83333,0.05,0.0154812,0.00270172,-0.000112819,0.015715583747515107
5.91667,5.83333,0.05,0.0162365,0.00339447,-0.000115621,0.01658793920432978
6.08333,5.83333,0.05,0.0170108,0.00408712,-0.000118688,0.017495312325755834
6.25,5.83333,0.05,0.0178047,0.0047779,-0.00012204,0.01843503632384813
6.41667,5.83333,0.05,0.0186185,0.00546509,-0.000125685,0.019404420828185647
6.58333,5.83333,0.05,0.0194528,0.00614694,-0.000129627,0.020401301486981875
6.75,5.83333,0.05,0.0203082,0.00682175,-0.000133854,0.02142375264037129
6.91667,5.83333,0.05,0.0211854,0.00748788,-0.000138349,0.022470172685144212
7.08333,5.83333,0.05,0.022085,0.00814372,-0.00014308,0.0235390711865358
7.25,5.83333,0.05,0.0230077,0.00878775,-0.000148014,0.02462926546807062
7.41667,5.83333,0.05,0.0239542,0.00941852,-0.000153108,0.02573976803877735
7.58333,5.83333,0.05,0.0249253,0.0100346,-0.000158317,0.02686985004652034
7.75,5.83333,0.05,0.0259217,0.0106348,-0.000163593,0.028018926899502215
7.91667,5.83333,0.05,0.0269442,0.0112178,-0.00016889,0.029186597511736447
8.08333,5.83333,0.05,0.0279937,0.0117824,-0.000174162,0.030372726612081503
8.25,5.83333,0.05,0.0290709,0.0123275,-0.000179365,0.03157715400195567
8.41667,5.83333,0.05,0.0301766,0.0128521,-0.00018446,0.0327999647478713
8.58333,5.83333,0.05,0.0313116,0.013355,-0.000189411,0.03404127195166069
8.75,5.83333,0.05,0.0324767,0.0138354,-0.000194185,0.03530144535092331
8.91667,5.83333,0.05,0.0336727,0.0142922,-0.000198755,0.03658083117809142
9.08333,5.83333,0.05,0.0349002,0.0147245,-0.000203098,0.0378797585669128
9.25,5.83333,0.05,0.0361601,0.0151315,-0.000207194,0.039198954751544536
9.41667,5.83333,0.05,0.0374531,0.0155123,-0.000211027,0.04053900200171101
9.58333,5.83333,0.05,0.0387799,0.0158661,-0.000214585,0.04190059450583279
9.75,5.83333,0.05,0.0401412,0.0161921,-0.000217858,0.04328449493708069
9.91667,5.83333,0.05,0.0415377,0.0164897,-0.000220841,0.04469160433601909
10.0833,5.83333,0.05,0.0429701,0.0167581,-0.000223526,0.046122807519628245
10.25,5.83333,0.05,0.0444391,0.0169968,-0.000225915,0.04757915359311497
10.4167,5.83333,0.05,0.0459452,0.0172052,-0.000228004,0.0490615154260854
10.5833,5.83333,0.05,0.0474893,0.0173829,-0.000229797,0.05057125303530859
10.75,5.83333,0.05,0.049072,0.0175294,-0.000231294,0.05210944775445654
10.9167,5.83333,0.05,0.050694,0.0176444,-0.000232501,0.05367737460117625
11.0833,5.83333,0.05,0.0523561,0.0177277,-0.000233423,0.055276460096472614
11.25,5.83333,0.05,0.054059,0.0177792,-0.000234069,0.056908085734250116
11.4167,5.83333,0.05,0.0558037,0.0177988,-0.000234445,0.058573929180037294
11.5833,5.83333,0.05,0.057591,0.0177866,-0.000234563,0.060275545956556625
11.75,5.83333,0.05,0.0594219,0.0177429,-0.000234434,0.06201473743651872
11.9167,5.83333,0.05,0.0612975,0.0176678,-0.000234073,0.06379333392494335
12.0833,5.83333,0.05,0.0632191,0.0175618,-0.000233495,0.06561345855817255
12.25,5.83333,0.05,0.065188,0.0174256,-0.000232718,0.06747726311156613
12.4167,5.83333,0.05,0.0672058,0.0172596,-0.000231759,0.06938708134828904
12.5833,5.83333,0.05,0.0692743,0.0170648,-0.000230644,0.0713455621337777
12.75,5.83333,0.05,0.0713954,0.0168421,-0.000229393,0.0733553821796223
12.9167,5.83333,0.05,0.0735713,0.0165925,-0.000228036,0.07541948846523222
13.0833,5.83333,0.05,0.0758047,0.0163172,-0.000226599,0.07754131095768758
13.25,5.83333,0.05,0.0780984,0.0160176,-0.000225121,0.07972436435484852
13.4167,5.83333,0.05,0.0804556,0.0156952,-0.00022364,0.08197251301045735
13.5833,5.83333,0.05,0.0828802,0.0153515,-0.00022221,0.08429024547107512
13.75,5.83333,0.05,0.0853763,0.0149884,-0.000220889,0.08668225613238456
13.9167,5.83333,0.05,0.0879488,0.0146079,-0.000219746,0.0891539704789109
14.0833,5.83333,0.05,0.0906035,0.0142123,-0.000218845,0.09171167633771626
14.25,5.83333,0.05,0.0933466,0.013804,-0.000218256,0.0943619933195645
14.4167,5.83333,0.05,0.0961857,0.0133856,-0.000218054,0.097112876177142
14.5833,5.83333,0.05,0.0991293,0.0129599,-0.000218333,0.09997312036642093
14.75,5.83333,0.05,0.102187,0.0125293,-0.000219195,0.10295248600173783
14.9167,5.83333,0.05,0.105372,0.0120965,-0.000220767,0.10606428444258834
15.0833,5.83333,0.05,0.108695,0.0116653,-0.000223231,0.10931940395542486
15.25,5.83333,0.05,0.112172,0.0112397,-0.000226837,0.1127339340886965
15.4167,5.83333,0.05,0.115821,0.0108248,-0.00023187,0.11632598204931217
15.5833,5.83333,0.05,0.119662,0.0104263,-0.000238669,0.12011560655710632
15.75,5.83333,0.05,0.123717,0.0100511,-0.000247579,0.12412486453394919
15.9167,5.83333,0.05,0.128017,0.00970696,-0.000259203,0.12838475200597932
16.0833,5.83333,0.05,0.132599,0.00940262,-0.000273952,0.1329322350431328
16.25,5.83333,0.05,0.137507,0.00914794,-0.000292331,0.13781126700185714
16.4167,5.83333,0.05,0.142792,0.00895483,-0.000314891,0.14307286046162207
16.5833,5.83333,0.05,0.148515,0.008838,-0.000342186,0.1487781319961324
16.75,5.83333,0.05,0.15475,0.0088159,-0.000374651,0.15500136436877515
16.9167,5.83333,0.05,0.161584,0.008912,-0.000412368,0.16183010488585683
17.0833,5.83333,0.05,0.169124,0.00915656,-0.000454608,0.1693723018544274
17.25,5.83333,0.05,0.177493,0.00958888,-0.000499018,0.17775252652949472
17.4167,5.83333,0.05,0.186835,0.0102604,-0.000540221,0.1871173024385742
17.5833,5.83333,0.05,0.197308,0.0112389,-0.000567507,0.1976286462064775
17.75,5.83333,0.05,0.209081,0.0126132,-0.00056126,0.20946186380347998
17.9167,5.83333,0.05,0.222311,0.0144998,-0.000487848,0.22278389285743058
18.0833,5.83333,0.05,0.237116,0.0170497,-0.000293059,0.23772836517687046
18.25,5.83333,0.05,0.253512,0.0204531,0.000111026,0.254335754015008
18.4167,5.83333,0.05,0.271354,0.0249449,0.000856106,0.272499494071995
18.5833,5.83333,0.05,0.290165,0.0308115,0.00213272,0.2918040853926627
18.75,5.83333,0.05,0.309023,0.0383664,0.00418606,0.3114236957527214
18.9167,5.83333,0.05,0.326302,0.0479198,0.00734009,0.32988358455256317
19.0833,5.83333,0.05,0.339686,0.0596737,0.0118793,0.34509222946363194
19.25,5.83333,0.05,0.345587,0.073643,0.0182513,0.35381743310595926
19.4167,5.83333,0.05,0.340354,0.089227,0.0261253,0.35282408385070596
19.5833,5.83333,0.05,0.319725,0.105249,0.0356616,0.3384865984652273
19.75,5.83333,0.05,0.281987,0.118791,0.0435117,0.30906510299108503
19.9167,5.83333,0.05,0.236831,0.125953,0.0453884,0.27205364843089314
20.0833,5.83333,0.05,0.19695,0.125256,0.0435466,0.23743351576296046
20.25,5.83333,0.05,0.167566,0.116389,0.0384099,0.20760559745587304
20.4167,5.83333,0.05,0.152581,0.101052,0.0318685,0.18576347745789537
20.5833,5.83333,0.05,0.149704,0.0835629,0.027609,0.17365570175899783
20.75,5.83333,0.05,0.152414,0.0668972,0.0256228,0.16840959189927396
20.9167,5.83333,0.05,0.158337,0.0519844,0.0249759,0.1685134386129783
21.0833,5.83333,0.05,0.169529,0.0384997,0.0237507,0.17546054967308178
21.25,5.83333,0.05,0.190299,0.025634,0.0198882,0.19304494776149933
21.4167,5.83333,0.05,0.223724,0.0126914,0.0131169,0.22446726459680041
21.5833,5.83333,0.05,0.270312,-0.000589709,0.00439197,0.27034832069237197
21.75,5.83333,0.05,0.330387,-0.0137899,-0.00456955,0.3307062320220357
21.9167,5.83333,0.05,0.397264,-0.0263711,-0.0119134,0.3983165195052422
22.0833,5.83333,0.05,0.46686,-0.0377154,-0.0174205,0.4687047949588419
22.25,5.83333,0.05,0.536454,-0.0475707,-0.0212722,0.5389790089672603
22.4167,5.83333,0.05,0.602924,-0.0553032,-0.0237217,0.6059195596423094
22.5833,5.83333,0.05,0.665548,-0.0610649,-0.0253467,0.6688239809672647
22.75,5.83333,0.05,0.724266,-0.0651724,-0.0264366,0.7276727109747347
22.9167,5.83333,0.05,0.779048,-0.0678696,-0.0269896,0.7824643809249848
23.0833,5.83333,0.05,0.829894,-0.069405,-0.0270801,0.8332313226691673
23.25,5.83333,0.05,0.876893,-0.0700286,-0.0268291,0.8800938239038892
23.4167,5.83333,0.05,0.920211,-0.0698974,-0.0263394,0.9232376156982123
23.5833,5.83333,0.05,0.960046,-0.0690781,-0.0256862,0.9628706490936619
23.75,5.83333,0.05,0.996627,-0.0677156,-0.0249137,0.9992354437569007
23.9167,5.83333,0.05,1.0302,-0.0659979,-0.0240769,1.0325925914502874
24.0833,5.83333,0.05,1.06096,-0.0640669,-0.0232125,1.063146043322299
24.25,5.83333,0.05,1.08913,-0.0620415,-0.0223403,1.0911243712915315
24.4167,5.83333,0.05,1.11488,-0.0600006,-0.0214729,1.1166998575422002
24.5833,5.83333,0.05,1.13841,-0.0579874,-0.0206186,1.1400723631966174
24.75,5.83333,0.05,1.15988,-0.0560268,-0.0197823,1.1614008593554295
24.9167,5.83333,0.05,1.17947,-0.0541338,-0.0189677,1.1808639730492798
25.0833,5.83333,0.05,1.19733,-0.0523155,-0.0181775,1.1986102210253757
25.25,5.83333,0.05,1.2136,-0.0505732,-0.0174134,1.2147781011599608
25.4167,5.83333,0.05,1.22839,-0.0489051,-0.0166755,1.2294762190486892
25.5833,5.83333,0.05,1.2418,-0.0473078,-0.0159637,1.2428033262180023
25.75,5.83333,0.05,1.25392,-0.0457769,-0.0152782,1.2548483232521968
25.9167,5.83333,0.05,1.26482,-0.044308,-0.0146196,1.2656802771506555
26.0833,5.83333,0.05,1.27456,-0.0428963,-0.0139883,1.2753583648098992
26.25,5.83333,0.05,1.28319,-0.0415385,-0.0133843,1.2839319150830157
26.4167,5.83333,0.05,1.29074,-0.040233,-0.0128075,1.2914303984130349
26.5833,5.83333,0.05,1.29724,-0.0389812,-0.0122571,1.2978834262189536
26.75,5.83333,0.05,1.3027,-0.0377861,-0.0117319,1.3033007008479738
26.9167,5.83333,0.05,1.30711,-0.0366509,-0.0112301,1.307671960285461
27.0833,5.83333,0.05,1.31046,-0.035579,-0.010749,1.3109869632616489
27.25,5.83333,0.05,1.3127,-0.0345737,-0.010285,1.3131954964728938
27.4167,5.83333,0.05,1.31377,-0.0336391,-0.0098338,1.3142373855476985
27.5833,5.83333,0.05,1.31356,-0.0327803,-0.00938939,1.3140025046827963
27.75,5.83333,0.05,1.31195,-0.0320039,-0.00894425,1.312370775247328
27.9167,5.83333,0.05,1.30876,-0.0313193,-0.00848845,1.3091622091764994
28.0833,5.83333,0.05,1.30375,-0.0307394,-0.00800864,1.3041369220779733
28.25,5.83333,0.05,1.29661,-0.0302822,-0.00748577,1.2969851735811528
28.4167,5.83333,0.05,1.28691,-0.0299467,-0.00689317,1.2872768423045367
28.5833,5.83333,0.05,1.27411,-0.02976,-0.00619386,1.2744725629065932
28.75,5.83333,0.05,1.25745,-0.0297636,-0.00532905,1.2578134890192831
28.9167,5.83333,0.05,1.2359,-0.0300166,-0.00420168,1.2362715965314348
29.0833,5.83333,0.05,1.20793,-0.030604,-0.00264214,1.2083205165103255
29.25,5.83333,0.05,1.17123,-0.0316472,-0.000320079,1.171657527018201
29.4167,5.83333,0.05,1.1223,-0.0333498,0.00348936,1.1228008170611785
29.5833,5.83333,0.05,1.05267,-0.0361127,0.0105433,1.0533420228853398
29.75,5.83333,0.05,0.958404,-0.0407206,0.0252571,0.9596011231656464
29.9167,5.83333,0.05,0.744268,-0.0486609,0.0644205,0.7486339157646146
0.0833333,6.16667,0.05,0.000117924,-0.0117779,-2.50564e-05,0.011778516982326634
0.25,6.16667,0.05,0.000352689,-0.0117329,-2.688e-05,0.011738230466093302
0.416667,6.16667,0.05,0.000594036,-0.0116619,-2.88394e-05,0.011677055368982728
0.583333,6.16667,0.05,0.000840905,-0.0115652,-3.11882e-05,0.011595772719523448
0.75,6.16667,0.05,0.0010953,-0.0114433,-3.39537e-05,0.01149564916973999
0.916667,6.16667,0.05,0.00135838,-0.0112968,-3.7115e-05,0.011378236418163623
1.08333,6.16667,0.05,0.00163142,-0.0111263,-4.06275e-05,0.011245342747117859
1.25,6.16667,0.05,0.00191558,-0.0109326,-4.44327e-05,0.011099241584956574
1.41667,6.16667,0.05,0.0022119,-0.0107164,-4.84601e-05,0.010942398226681938
1.58333,6.16667,0.05,0.00252128,-0.0104782,-5.26334e-05,0.010777397568670999
1.75,6.16667,0.05,0.00284448,-0.0102186,-5.68747e-05,0.010607265772191251
1.91667,6.16667,0.05,0.00318214,-0.00993789,-6.11089e-05,0.010435104548079966
2.08333,6.16667,0.05,0.00353474,-0.00963656,-6.52674e-05,0.010264596209043138
2.25,6.16667,0.05,0.00390266,-0.00931483,-6.92904e-05,0.010099584851073441
2.41667,6.16667,0.05,0.0042862,-0.00897291,-7.31288e-05,0.00994434372542952
2.58333,6.16667,0.05,0.00468557,-0.00861095,-7.67451e-05,0.009803515488730255
2.75,6.16667,0.05,0.00510094,-0.00822908,-8.01132e-05,0.009682136368323586
2.91667,6.16667,0.05,0.00553248,-0.00782741,-8.32188e-05,0.00958559375454507
3.08333,6.16667,0.05,0.00598031,-0.00740604,-8.60576e-05,0.009519503247975588
3.25,6.16667,0.05,0.00644461,-0.00696511,-8.86357e-05,0.009489658141973003
3.41667,6.16667,0.05,0.00692557,-0.00650479,-9.09672e-05,0.009501793925384607
3.58333,6.16667,0.05,0.0074234,-0.00602527,-9.30742e-05,0.009561349744654552
3.75,6.16667,0.05,0.0079384,-0.00552685,-9.49843e-05,0.009673328666997027
3.91667,6.16667,0.05,0.00847089,-0.00500989,-9.67308e-05,0.009841967895287438
4.08333,6.16667,0.05,0.00902126,-0.00447481,-9.83494e-05,0.010070587327866254
4.25,6.16667,0.05,0.00958996,-0.00392217,-9.98787e-05,0.010361502114327521
4.41667,6.16667,0.05,0.0101775,-0.0033526,-0.000101357,0.010715955685399648
4.58333,6.16667,0.05,0.0107843,-0.00276683,-0.000102821,0.011134048989336315
4.75,6.16667,0.05,0.0114111,-0.00216569,-0.000104304,0.01161526132768936
4.91667,6.16667,0.05,0.0120584,-0.00154995,-0.000105844,0.012158065574540878
5.08333,6.16667,0.05,0.0127274,-0.000920948,-0.000107489,0.01276112886322464
5.25,6.16667,0.05,0.0134205,-0.000277537,-0.000109524,0.013423816243637463
5.41667,6.16667,0.05,0.0141385,0.000386713,-0.000111543,0.014144227481033313
5.58333,6.16667,0.05,0.0148787,0.00105593,-0.00011366,0.014916555247459114
5.75,6.16667,0.05,0.015639,0.00172633,-0.000115769,0.01573441891937103
5.91667,6.16667,0.05,0.0164185,0.00239728,-0.000117765,0.016593009439026574
6.08333,6.16667,0.05,0.0172177,0.00306786,-0.000119901,0.01748929199594429
6.25,6.16667,0.05,0.0180373,0.00373652,-0.00012224,0.018420660021237024
6.41667,6.16667,0.05,0.018878,0.00440147,-0.000124812,0.01938472079232105
6.58333,6.16667,0.05,0.0197403,0.00506091,-0.000127624,0.020379120246062535
6.75,6.16667,0.05,0.0206247,0.00571303,-0.00013068,0.021401729816379327
6.91667,6.16667,0.05,0.0215319,0.00635609,-0.000133976,0.022450847361885386
7.08333,6.16667,0.05,0.0224625,0.00698835,-0.000137504,0.023524877243516405
7.25,6.16667,0.05,0.023417,0.00760814,-0.000141249,0.024622340151569694
7.41667,6.16667,0.05,0.0243962,0.00821382,-0.000145191,0.025742231718692943
7.58333,6.16667,0.05,0.0254008,0.00880381,-0.000149305,0.026883638205033283
7.75,6.16667,0.05,0.0264315,0.00937661,-0.00015356,0.028045830135970302
7.91667,6.16667,0.05,0.0274891,0.00993079,-0.000157924,0.029228344955263476
8.08333,6.16667,0.05,0.0285744,0.010465,-0.00016236,0.030430887616525418
8.25,6.16667,0.05,0.0296881,0.0109779,-0.000166836,0.031653205276415464
8.41667,6.16667,0.05,0.0308311,0.0114682,-0.000171313,0.03289537485109372
8.58333,6.16667,0.05,0.0320041,0.0119349,-0.000175758,0.03415750496881416
8.75,6.16667,0.05,0.033208,0.0123768,-0.000180137,0.03543993357187297
8.91667,6.16667,0.05,0.0344434,0.0127927,-0.00018442,0.036742822259407344
9.08333,6.16667,0.05,0.0357112,0.0131818,-0.000188576,0.03806685195268681
9.25,6.16667,0.05,0.0370122,0.0135431,-0.000192583,0.03941263242492043
9.41667,6.16667,0.05,0.038347,0.0138757,-0.000196416,0.040780706697347166
9.58333,6.16667,0.05,0.0397164,0.0141787,-0.000200056,0.04217188619273669
9.75,6.16667,0.05,0.0411212,0.0144514,-0.000203485,0.04358712490570151
9.91667,6.16667,0.05,0.042562,0.014693,-0.000206692,0.04502722303876693
10.0833,6.16667,0.05,0.0440395,0.0149028,-0.000209663,0.046493171183127194
10.25,6.16667,0.05,0.0455544,0.0150802,-0.000212391,0.0479860490282007
10.4167,6.16667,0.05,0.0471075,0.0152247,-0.000214869,0.049507112772077116
10.5833,6.16667,0.05,0.0486993,0.0153357,-0.000217094,0.051057346628911655
10.75,6.16667,0.05,0.0503306,0.0154129,-0.000219062,0.05263814938739625
10.9167,6.16667,0.05,0.0520022,0.0154558,-0.000220777,0.054250892167444845
11.0833,6.16667,0.05,0.0537147,0.0154643,-0.000222238,0.055896895802080494
11.25,6.16667,0.05,0.0554691,0.0154381,-0.000223452,0.057577824873959106
11.4167,6.16667,0.05,0.057266,0.0153771,-0.000224421,0.05929502782860668
11.5833,6.16667,0.05,0.0591064,0.0152812,-0.000225156,0.061050243976779786
11.75,6.16667,0.05,0.0609914,0.0151506,-0.000225663,0.06284538549575115
11.9167,6.16667,0.05,0.062922,0.0149854,-0.000225956,0.06468223367566968
12.0833,6.16667,0.05,0.0648995,0.0147858,-0.000226045,0.06656287312182389
12.25,6.16667,0.05,0.0669251,0.0145521,-0.000225946,0.06848929606891077
12.4167,6.16667,0.05,0.0690005,0.0142846,-0.000225676,0.07046396048383156
12.5833,6.16667,0.05,0.0711272,0.0139839,-0.00022526,0.07248916319780219
12.75,6.16667,0.05,0.0733073,0.0136506,-0.000224725,0.07456775184337815
12.9167,6.16667,0.05,0.0755429,0.0132852,-0.000224107,0.07670251953747965
13.0833,6.16667,0.05,0.0778365,0.0128885,-0.000223439,0.07889666716336452
13.25,6.16667,0.05,0.0801908,0.0124615,-0.000222757,0.08115357667762432
13.4167,6.16667,0.05,0.0826093,0.012005,-0.000222089,0.08347733701438924
13.5833,6.16667,0.05,0.0850955,0.0115201,-0.000221474,0.08587203197195625
13.75,6.16667,0.05,0.0876538,0.0110077,-0.000220947,0.0883425544757837
13.9167,6.16667,0.05,0.0902892,0.0104684,-0.000220538,0.09089431045015658
14.0833,6.16667,0.05,0.0930073,0.00990266,-0.000220262,0.09353325100580138
14.25,6.16667,0.05,0.0958146,0.00931147,-0.000220208,0.09626624298415393
14.4167,6.16667,0.05,0.0987177,0.00869581,-0.00022052,0.09910020198726388
14.5833,6.16667,0.05,0.101724,0.00805663,-0.000221394,0.10204278748770114
14.75,6.16667,0.05,0.104842,0.00739503,-0.000223156,0.10510271752576732
14.9167,6.16667,0.05,0.108084,0.00671311,-0.000225897,0.1082925109660253
15.0833,6.16667,0.05,0.111464,0.00601305,-0.000229685,0.11162630882324168
15.25,6.16667,0.05,0.114999,0.00529638,-0.000234697,0.11512113934801987
15.4167,6.16667,0.05,0.118707,0.00456444,-0.000241159,0.11879496672492854
15.5833,6.16667,0.05,0.122613,0.00381845,-0.000249383,0.12267269672295947
15.75,6.16667,0.05,0.126741,0.00304953,-0.000259783,0.12677794840360837
15.9167,6.16667,0.05,0.13112,0.00224595,-0.000272554,0.13113951722148978
16.0833,6.16667,0.05,0.135784,0.00140765,-0.000288201,0.13579160207589752
16.25,6.16667,0.05,0.140772,0.000532479,-0.000307321,0.1407733425193935
16.4167,6.16667,0.05,0.146136,-0.000383999,-0.000330545,0.1461368783409206
16.5833,6.16667,0.05,0.151935,-0.00134914,-0.000358499,0.15194141280530662
16.75,6.16667,0.05,0.158242,-0.00237408,-0.00039166,0.15826029261126115
16.9167,6.16667,0.05,0.165148,-0.00347493,-0.000430133,0.16518511451369516
17.0833,6.16667,0.05,0.172757,-0.00467452,-0.000473188,0.17282087863772058
17.25,6.16667,0.05,0.181195,-0.00600476,-0.000518473,0.1812952122421034
17.4167,6.16667,0.05,0.190607,-0.00750996,-0.000560615,0.19075571351175782
17.5833,6.16667,0.05,0.201154,-0.00925107,-0.000588947,0.20136747719210696
17.75,6.16667,0.05,0.213007,-0.0113112,-0.000583974,0.21330791433998103
17.9167,6.16667,0.05,0.226326,-0.0138025,-0.000512297,0.22674706112862017
18.0833,6.16667,0.05,0.241233,-0.0168731,-0.000320277,0.24182258862638686
18.25,6.16667,0.05,0.257753,-0.0207128,7.92025e-05,0.2585839039187784
18.4167,6.16667,0.05,0.275746,-0.0255544,0.000816164,0.2769287814565956
18.5833,6.16667,0.05,0.29475,-0.0316858,0.00207872,0.29645551689668115
18.75,6.16667,0.05,0.313864,-0.0394227,0.00410902,0.3163568298877873
18.9167,6.16667,0.05,0.331491,-0.0490768,0.00722656,0.33518209759573014
19.0833,6.16667,0.05,0.345353,-0.0608522,0.0117116,0.35086870254897345
19.25,6.16667,0.05,0.351926,-0.0747712,0.0180009,0.36023141760020044
19.4167,6.16667,0.05,0.347631,-0.0902605,0.0257663,0.36008078570917945
19.5833,6.16667,0.05,0.328298,-0.106234,0.0351502,0.3468440227538021
19.75,6.16667,0.05,0.2923,-0.120054,0.0428503,0.31888618835893473
19.9167,6.16667,0.05,0.249182,-0.128462,0.0446638,0.28388203465249434
20.0833,6.16667,0.05,0.211272,-0.130868,0.0427551,0.2521711521645765
20.25,6.16667,0.05,0.183466,-0.127918,0.037543,0.2267868266213891
20.4167,6.16667,0.05,0.169027,-0.121699,0.0308584,0.21055406474480612
20.5833,6.16667,0.05,0.165337,-0.115666,0.0261977,0.20347301199493265
20.75,6.16667,0.05,0.165971,-0.111663,0.0236269,0.2014279742578225
20.9167,6.16667,0.05,0.168221,-0.10951,0.0224321,0.20197510750439027
21.0833,6.16667,0.05,0.173432,-0.107289,0.0212505,0.20503943985304388
21.25,6.16667,0.05,0.185941,-0.102418,0.0180805,0.21305024450877777
21.4167,6.16667,0.05,0.210026,-0.0934371,0.0120551,0.23018848313592927
21.5833,6.16667,0.05,0.248011,-0.0805327,0.00380929,0.26078627759257983
21.75,6.16667,0.05,0.300565,-0.0650629,-0.00485963,0.3075648162341508
21.9167,6.16667,0.05,0.361222,-0.0491068,-0.0120059,0.3647423100286694
22.0833,6.16667,0.05,0.425886,-0.0340992,-0.0173921,0.4276027661031322
22.25,6.16667,0.05,0.491584,-0.0206863,-0.0212873,0.4924793408915546
22.4167,6.16667,0.05,0.556396,-0.00911822,-0.0239944,0.5569877754343703
22.5833,6.16667,0.05,0.619169,0.000532777,-0.0257913,0.6197061606665063
22.75,6.16667,0.05,0.679185,0.00833415,-0.0268884,0.6797681283612689
22.9167,6.16667,0.05,0.735989,0.0144427,-0.0274361,0.7366417984933383
23.0833,6.16667,0.05,0.789326,0.0191032,-0.027531,0.7900369753924433
23.25,6.16667,0.05,0.838847,0.0225391,-0.0272236,0.8395912248438344
23.4167,6.16667,0.05,0.884202,0.0249049,-0.0266362,0.8849536247727617
23.5833,6.16667,0.05,0.925854,0.0264265,-0.025932,0.9265940091767537
23.75,6.16667,0.05,0.964094,0.0273253,-0.0251871,0.9648099827751059
23.9167,6.16667,0.05,0.999165,0.027757,-0.0244136,0.9998485746046548
24.0833,6.16667,0.05,1.03132,0.0278295,-0.0236057,1.0319654318545461
24.25,6.16667,0.05,1.06078,0.0276035,-0.0227721,1.0613834039359482
24.4167,6.16667,0.05,1.08775,0.0271579,-0.0219112,1.0883095675026706
24.5833,6.16667,0.05,1.11239,0.0265878,-0.0210347,1.1129065018288509
24.75,6.16667,0.05,1.13486,0.0259481,-0.0201562,1.135335543305172
24.9167,6.16667,0.05,1.1553,0.025278,-0.0192872,1.15573745434153
25.0833,6.16667,0.05,1.17385,0.0246083,-0.0184369,1.174252660295262
25.25,6.16667,0.05,1.19065,0.0239626,-0.0176125,1.191021338538907
25.4167,6.16667,0.05,1.20581,0.0233583,-0.0168188,1.2061534887037926
25.5833,6.16667,0.05,1.21945,0.0228088,-0.0160582,1.2197689984766296
25.75,6.16667,0.05,1.23168,0.0223233,-0.0153317,1.2319776837052612
25.9167,6.16667,0.05,1.24258,0.0219102,-0.0146397,1.2428593782404067
26.0833,6.16667,0.05,1.25226,0.0215759,-0.013982,1.2525239013227691
26.25,6.16667,0.05,1.26077,0.0213268,-0.0133576,1.2610211143260053
26.4167,6.16667,0.05,1.26817,0.0211708,-0.0127647,1.2684109307471023
26.5833,6.16667,0.05,1.27451,0.0211172,-0.0122013,1.2747433263043702
26.75,6.16667,0.05,1.27981,0.0211771,-0.0116651,1.2800383510748494
26.9167,6.16667,0.05,1.28408,0.021364,-0.0111531,1.284306138946478
27.0833,6.16667,0.05,1.2873,0.0216938,-0.010662,1.287526927564018
27.25,6.16667,0.05,1.28944,0.0221848,-0.0101879,1.2896710713423984
27.4167,6.16667,0.05,1.29043,0.0228583,-0.00972619,1.2906690844483748
27.5833,6.16667,0.05,1.29018,0.02374,-0.00927146,1.290431702946937
27.75,6.16667,0.05,1.28854,0.0248636,-0.00881679,1.288810019355399
27.9167,6.16667,0.05,1.28535,0.0262713,-0.00835305,1.285645587690477
28.0833,6.16667,0.05,1.28036,0.0280149,-0.0078677,1.2806906203003519
28.25,6.16667,0.05,1.27325,0.0301564,-0.00734346,1.2736282414290803
28.4167,6.16667,0.05,1.26362,0.0327448,-0.00675298,1.2640622330668378
28.5833,6.16667,0.05,1.25092,0.0358643,-0.00605657,1.2514486711226533
28.75,6.16667,0.05,1.23441,0.0396247,-0.00519532,1.2350567421377823
28.9167,6.16667,0.05,1.21305,0.0441703,-0.0040729,1.21386074424396
29.0833,6.16667,0.05,1.18534,0.0496958,-0.00252048,1.1863839770314966
29.25,6.16667,0.05,1.14899,0.0564674,-0.000208304,1.1503767342715674
29.4167,6.16667,0.05,1.10057,0.0649099,0.00358263,1.1024883016412133
29.5833,6.16667,0.05,1.03168,0.075798,0.0105878,1.0345148914891655
29.75,6.16667,0.05,0.938852,0.0905964,0.0251795,0.943549041023947
29.9167,6.16667,0.05,0.7278,0.111709,0.0637515,0.7390777999867469
0.0833333,6.5,0.05,0.000110571,-0.0121371,-3.57119e-05,0.012137656186259463
0.25,6.5,0.05,0.00033134,-0.0120932,-3.76673e-05,0.012097796958995852
0.416667,6.5,0.05,0.00055869,-0.0120244,-3.97722e-05,0.012037437921085734
0.583333,6.5,0.05,0.00079217,-0.0119305,-4.23291e-05,0.01195684554184785
0.75,6.5,0.05,0.00103381,-0.0118123,-4.53628e-05,0.011857539887755968
0.916667,6.5,0.05,0.00128491,-0.0116703,-4.8845e-05,0.011740923372210764
1.08333,6.5,0.05,0.0015469,-0.0115053,-5.27197e-05,0.011608945131525434
1.25,6.5,0.05,0.00182101,-0.0113179,-5.6914e-05,0.01146360227125383
1.41667,6.5,0.05,0.00210835,-0.0111089,-6.13422e-05,0.011307367589231405
1.58333,6.5,0.05,0.00240984,-0.0108789,-6.5912e-05,0.011142806577669022
1.75,6.5,0.05,0.00272627,-0.0106286,-7.05301e-05,0.01097290574861126
1.91667,6.5,0.05,0.00305823,-0.0103583,-7.51073e-05,0.010800592147165512
2.08333,6.5,0.05,0.00340617,-0.0100684,-7.95619e-05,0.010629252218516202
2.25,6.5,0.05,0.00377038,-0.00975934,-8.38235e-05,0.01046267217106377
2.41667,6.5,0.05,0.00415109,-0.00943129,-8.7833e-05,0.01030478014748927
2.58333,6.5,0.05,0.0045484,-0.00908446,-9.15448e-05,0.010159908292007712
2.75,6.5,0.05,0.00496238,-0.00871904,-9.49258e-05,0.01003274063720904
2.91667,6.5,0.05,0.00539307,-0.00833517,-9.79551e-05,0.009928235399879276
3.08333,6.5,0.05,0.00584048,-0.00793299,-0.000100623,0.009851581698317737
3.25,6.5,0.05,0.00630466,-0.00751267,-0.00010293,0.009808136562538268
3.41667,6.5,0.05,0.00678567,-0.00707438,-0.000104886,0.009803222470509174
3.58333,6.5,0.05,0.00728361,-0.00661835,-0.00010651,0.009841995515884978
3.75,6.5,0.05,0.00779866,-0.00614487,-0.000107825,0.00992925734096589
3.91667,6.5,0.05,0.00833102,-0.00565426,-0.000108863,0.010069180778035968
4.08333,6.5,0.05,0.00888098,-0.00514697,-0.000109658,0.010265238955731327
4.25,6.5,0.05,0.00944891,-0.00462348,-0.00011025,0.010520010577988978
4.41667,6.5,0.05,0.0100352,-0.00408439,-0.000110679,0.010835115622509111
4.58333,6.5,0.05,0.0106404,-0.0035304,-0.000110988,0.011211340448677136
4.75,6.5,0.05,0.011265,-0.00296227,-0.000111218,0.011648503680577349
4.91667,6.5,0.05,0.0119097,-0.00238088,-0.000111408,0.01214586165765377
5.08333,6.5,0.05,0.0125752,-0.0017871,-0.000111594,0.012702040571138008
5.25,6.5,0.05,0.0132623,-0.00118202,-0.000111803,0.013315339743364005
5.41667,6.5,0.05,0.0139731,-0.000566778,-0.000112322,0.01398504119203687
5.58333,6.5,0.05,0.0147109,6.64913e-05,-0.000113015,0.014711484367432156
5.75,6.5,0.05,0.0154742,0.000711766,-0.000113606,0.015490977464382034
5.91667,6.5,0.05,0.016259,0.00135659,-0.000114554,0.016315898383080715
6.08333,6.5,0.05,0.0170652,0.00199933,-0.000115679,0.017182309306956994
6.25,6.5,0.05,0.0178923,0.00263893,-0.000116784,0.018086237567209937
6.41667,6.5,0.05,0.0187408,0.00327437,-0.000118035,0.01902506283296129
6.58333,6.5,0.05,0.0196114,0.00390407,-0.000119481,0.019996575912747186
6.75,6.5,0.05,0.0205048,0.00452622,-0.000121149,0.020998765859178512
6.91667,6.5,0.05,0.0214218,0.00513897,-0.00012305,0.02202992667267415
7.08333,6.5,0.05,0.0223628,0.00574047,-0.000125178,0.023088167731385355
7.25,6.5,0.05,0.0233285,0.00632894,-0.000127528,0.024172104938635027
7.41667,6.5,0.05,0.0243196,0.00690264,-0.000130089,0.025280551937754858
7.58333,6.5,0.05,0.0253367,0.00745988,-0.000132848,0.026412418009252845
7.75,6.5,0.05,0.0263805,0.00799903,-0.000135785,0.02756689497852678
7.91667,6.5,0.05,0.0274517,0.00851852,-0.000138883,0.028743352350901745
8.08333,6.5,0.05,0.028551,0.00901682,-0.000142115,0.029941323293829633
8.25,6.5,0.05,0.0296792,0.0094925,-0.000145458,0.031160610182083468
8.41667,6.5,0.05,0.030837,0.00994418,-0.000148883,0.032401071757275086
8.58333,6.5,0.05,0.0320252,0.0103706,-0.000152363,0.033662828073169504
8.75,6.5,0.05,0.0332445,0.0107704,-0.00015587,0.03494599536237164
8.91667,6.5,0.05,0.0344956,0.0111425,-0.000159376,0.03625089138654905
9.08333,6.5,0.05,0.0357794,0.0114859,-0.000162853,0.037578157010018584
9.25,6.5,0.05,0.0370964,0.0117993,-0.000166277,0.03892806213377092
9.41667,6.5,0.05,0.0384475,0.012082,-0.000169622,0.040301535353791225
9.58333,6.5,0.05,0.0398332,0.012333,-0.000172867,0.04169911982571921
9.75,6.5,0.05,0.0412544,0.0125514,-0.00017599,0.0431218521610575
9.91667,6.5,0.05,0.0427117,0.0127365,-0.000178975,0.04457061566986286
10.0833,6.5,0.05,0.0442056,0.0128876,-0.000181803,0.046046263230047325
10.25,6.5,0.05,0.045737,0.0130039,-0.000184464,0.04755006426049597
10.4167,6.5,0.05,0.0473063,0.013085,-0.000186943,0.04908297252994412
10.5833,6.5,0.05,0.0489143,0.0131302,-0.000189233,0.050646290147041265
10.75,6.5,0.05,0.0505617,0.0131392,-0.000191326,0.05224136951849824
10.9167,6.5,0.05,0.052249,0.0131114,-0.000193218,0.05386932470484036
11.0833,6.5,0.05,0.0539769,0.0130466,-0.000194905,0.055531590046828526
11.25,6.5,0.05,0.0557462,0.0129445,-0.000196389,0.0572296904004322
11.4167,6.5,0.05,0.0575577,0.0128049,-0.00019767,0.05896518775285041
11.5833,6.5,0.05,0.059412,0.0126276,-0.000198757,0.060739456122894685
11.75,6.5,0.05,0.0613102,0.0124126,-0.000199657,0.0625544013297038
11.9167,6.5,0.05,0.0632531,0.0121598,-0.000200385,0.06441161036488861
12.0833,6.5,0.05,0.0652418,0.0118694,-0.000200954,0.0663130115898088
12.25,6.5,0.05,0.0672775,0.0115413,-0.000201383,0.06826056084630927
12.4167,6.5,0.05,0.0693615,0.011176,-0.000201682,0.0702563971028911
12.5833,6.5,0.05,0.0714953,0.0107736,-0.000201871,0.07230276018901796
12.75,6.5,0.05,0.0736807,0.0103345,-0.000201962,0.07440220582341255
12.9167,6.5,0.05,0.0759198,0.00985895,-0.000201973,0.07655753209342128
13.0833,6.5,0.05,0.0782148,0.00934694,-0.000201896,0.07877157474875322
13.25,6.5,0.05,0.0805686,0.00879842,-0.00020172,0.08104783890650509
13.4167,6.5,0.05,0.0829838,0.0082134,-0.000201475,0.08338951729189721
13.5833,6.5,0.05,0.0854635,0.00759199,-0.000201275,0.08580028354286322
13.75,6.5,0.05,0.0880105,0.00693415,-0.0002013,0.08828346995991096
13.9167,6.5,0.05,0.090628,0.00623972,-0.000201899,0.09084277215543679
14.0833,6.5,0.05,0.0933213,0.00551022,-0.000202943,0.09348405609514196
14.25,6.5,0.05,0.0960968,0.00474797,-0.000204414,0.09621423997748096
14.4167,6.5,0.05,0.0989615,0.00395448,-0.000206397,0.09904069362662
14.5833,6.5,0.05,0.101923,0.00313079,-0.000209104,0.10197128762307023
14.75,6.5,0.05,0.104992,0.00227269,-0.000212261,0.10501680931435797
14.9167,6.5,0.05,0.108171,0.00136521,-0.000215633,0.10817982962149085
15.0833,6.5,0.05,0.111471,0.000407683,-0.000219637,0.11147196188656706
15.25,6.5,0.05,0.114906,-0.000601914,-0.000224689,0.11490779617419401
15.4167,6.5,0.05,0.11849,-0.00166711,-0.000231111,0.11850195259170382
15.5833,6.5,0.05,0.122244,-0.00279309,-0.00023926,0.12227613885421677
15.75,6.5,0.05,0.126192,-0.00397708,-0.000249521,0.12625490204366654
15.9167,6.5,0.05,0.130359,-0.00521662,-0.00026227,0.1304635994857466
16.0833,6.5,0.05,0.134774,-0.00652493,-0.000278299,0.13493214308621315
16.25,6.5,0.05,0.139474,-0.00791763,-0.000298357,0.13969887099657013
16.4167,6.5,0.05,0.1445,-0.00941384,-0.000323275,0.14480668109680306
16.5833,6.5,0.05,0.149903,-0.0110374,-0.000353983,0.1503092110009373
16.75,6.5,0.05,0.155744,-0.0128183,-0.000391448,0.1562710964395742
16.9167,6.5,0.05,0.162092,-0.0147952,-0.000436591,0.1627664124404703
17.0833,6.5,0.05,0.169026,-0.0170176,-0.000490056,0.1698812159735241
17.25,6.5,0.05,0.176639,-0.0195494,-0.000551812,0.17771837231373502
17.4167,6.5,0.05,0.185029,-0.0224735,-0.000620399,0.1863898439780698
17.5833,6.5,0.05,0.194298,-0.0258966,-0.000691708,0.19601741033774847
17.75,6.5,0.05,0.204539,-0.0299548,-0.000757055,0.20672219449375293
17.9167,6.5,0.05,0.215824,-0.0348199,-0.000800391,0.2186162506259836
18.0833,6.5,0.05,0.228165,-0.0407039,-0.000794659,0.23176864797279265
18.25,6.5,0.05,0.241481,-0.0478618,-0.000697309,0.2461794294819969
18.4167,6.5,0.05,0.255534,-0.0565838,-0.000445072,0.26172418624866367
18.5833,6.5,0.05,0.269849,-0.0671766,5.32876e-05,0.27808484537660144
18.75,6.5,0.05,0.283645,-0.0799256,0.00091386,0.29469208116347406
18.9167,6.5,0.05,0.295694,-0.0950207,0.00228112,0.31059471755479745
19.0833,6.5,0.05,0.304383,-0.112414,0.00427047,0.3245060168918612
19.25,6.5,0.05,0.307585,-0.13174,0.00703489,0.33468410404785004
19.4167,6.5,0.05,0.303273,-0.151855,0.010432,0.3393276884929964
19.5833,6.5,0.05,0.289696,-0.17115,0.0144246,0.33678504123722597
19.75,6.5,0.05,0.266524,-0.186665,0.0181099,0.32589389880605313
19.9167,6.5,0.05,0.237726,-0.195861,0.0203345,0.30868863647249795
20.0833,6.5,0.05,0.208585,-0.199764,0.0214914,0.28961222038263507
20.25,6.5,0.05,0.182389,-0.199927,0.0215227,0.2714770326662828
20.4167,6.5,0.05,0.161754,-0.198324,0.0207769,0.2567653502044425
20.5833,6.5,0.05,0.146823,-0.197365,0.0200249,0.24680140431936365
20.75,6.5,0.05,0.135745,-0.197888,0.0193616,0.2407514010832751
20.9167,6.5,0.05,0.127073,-0.199562,0.0189086,0.23733957598125097
21.0833,6.5,0.05,0.119808,-0.201417,0.0188151,0.23511012896302447
21.25,6.5,0.05,0.113656,-0.201928,0.0191116,0.23250345540348427
21.4167,6.5,0.05,0.109591,-0.199209,0.0195157,0.22820007780123563
21.5833,6.5,0.05,0.109954,-0.191588,0.019371,0.2217455287057667
21.75,6.5,0.05,0.117309,-0.178504,0.0181863,0.2143730883406077
21.9167,6.5,0.05,0.133018,-0.161129,0.0160066,0.20955322524017614
22.0833,6.5,0.05,0.156909,-0.141599,0.013171,0.2117644595370054
22.25,6.5,0.05,0.187879,-0.121594,0.0100342,0.22401853639071923
22.4167,6.5,0.05,0.224592,-0.102104,0.00681176,0.246805983222242
22.5833,6.5,0.05,0.265876,-0.0836758,0.00360525,0.2787556003189936
22.75,6.5,0.05,0.310898,-0.0666633,0.000605482,0.3179652946145889
22.9167,6.5,0.05,0.358081,-0.0512012,-0.00194618,0.36172828623019293
23.0833,6.5,0.05,0.406087,-0.0372646,-0.00406531,0.4078134729598276
23.25,6.5,0.05,0.454396,-0.0246994,-0.00589402,0.455104960034628
23.4167,6.5,0.05,0.502803,-0.0134293,-0.00741542,0.5030369681855066
23.5833,6.5,0.05,0.55013,-0.00352405,-0.00853699,0.5502075208743176
23.75,6.5,0.05,0.595854,0.00511988,-0.00929214,0.5959484426970122
23.9167,6.5,0.05,0.639677,0.0126351,-0.00977142,0.6398763870700547
24.0833,6.5,0.05,0.681305,0.0191424,-0.0100475,0.6816479199403531
24.25,6.5,0.05,0.720689,0.0248034,-0.0100862,0.7211862275466719
24.4167,6.5,0.05,0.756893,0.0295537,-0.00994314,0.7575350161317626
24.5833,6.5,0.05,0.790413,0.033493,-0.00978684,0.7911828321286968
24.75,6.5,0.05,0.821419,0.0367341,-0.00966069,0.8222967205304215
24.9167,6.5,0.05,0.850096,0.0393799,-0.00954876,0.8510611990671103
25.0833,6.5,0.05,0.876626,0.0415175,-0.00943103,0.8776592681725129
25.25,6.5,0.05,0.901167,0.0432204,-0.0092934,0.9022507036011223
25.4167,6.5,0.05,0.923858,0.0445501,-0.00913014,0.9249765808010652
25.5833,6.5,0.05,0.944812,0.045547,-0.00893666,0.9459514302779797
25.75,6.5,0.05,0.964131,0.0462734,-0.00871271,0.9652801272294504
25.9167,6.5,0.05,0.981907,0.0468084,-0.00846591,0.983058520430848
26.0833,6.5,0.05,0.998223,0.0472126,-0.00820357,0.999372546095051
26.25,6.5,0.05,1.01316,0.0475427,-0.00793147,1.0143058720818148
26.4167,6.5,0.05,1.02677,0.0478548,-0.00765459,1.0279130836462331
26.5833,6.5,0.05,1.03913,0.0482061,-0.00737665,1.0402737139534155
26.75,6.5,0.05,1.05026,0.0486534,-0.00710058,1.051410309616515
26.9167,6.5,0.05,1.0602,0.049256,-0.00682813,1.061365543484099
27.0833,6.5,0.05,1.06895,0.0500756,-0.00655984,1.0701423735728743
27.25,6.5,0.05,1.07648,0.0511769,-0.00629492,1.0777141975085123
27.4167,6.5,0.05,1.08278,0.0526267,-0.00603078,1.0840749366442795
27.5833,6.5,0.05,1.08777,0.0544946,-0.00576339,1.0891494162847684
27.75,6.5,0.05,1.09137,0.0568591,-0.00548721,1.092863918164743
27.9167,6.5,0.05,1.09344,0.0598062,-0.00519366,1.0950866583346888
28.0833,6.5,0.05,1.09378,0.0634329,-0.00487081,1.0956286533276072
28.25,6.5,0.05,1.09212,0.0678534,-0.00450224,1.0942350974340833
28.4167,6.5,0.05,1.08808,0.0732111,-0.00406495,1.0905477868400415
28.5833,6.5,0.05,1.08117,0.079691,-0.00352287,1.084108682279612
28.75,6.5,0.05,1.07069,0.0875307,-0.00281974,1.0742656331076395
28.9167,6.5,0.05,1.05571,0.0970358,-0.00186247,1.0601617892454627
29.0833,6.5,0.05,1.03486,0.108598,-0.000491268,1.040542640427699
29.25,6.5,0.05,1.00609,0.12276,0.0016174,1.01355301868366
29.4167,6.5,0.05,0.966269,0.140378,0.00514029,0.9764262316356951
29.5833,6.5,0.05,0.907509,0.162862,0.0116818,0.9220808427552544
29.75,6.5,0.05,0.828592,0.192841,0.0253364,0.851113557000451
29.9167,6.5,0.05,0.639911,0.233393,0.0606483,0.6838395986361787
0.0833333,6.83333,0.05,0.00010112,-0.012414,-4.83875e-05,0.012414506136152024
0.25,6.83333,0.05,0.000303687,-0.0123714,-5.04889e-05,0.012375229811320361
0.416667,6.83333,0.05,0.000512798,-0.0123048,-5.2739e-05,0.012315593620728356
0.583333,6.83333,0.05,0.00072859,-0.0122141,-5.54969e-05,0.012235937320205984
0.75,6.83333,0.05,0.000953084,-0.0120999,-5.87849e-05,0.012137520536976405
0.916667,6.83333,0.05,0.00118774,-0.0119627,-6.2565e-05,0.012021681744948375
1.08333,6.83333,0.05,0.00143405,-0.0118035,-6.67682e-05,0.011890482313389614
1.25,6.83333,0.05,0.00169332,-0.0116229,-7.13055e-05,0.01174581719195094
1.41667,6.83333,0.05,0.00196668,-0.0114217,-7.60741e-05,0.011590032285593117
1.58333,6.83333,0.05,0.00225507,-0.0112005,-8.0965e-05,0.01142554577629117
1.75,6.83333,0.05,0.00255922,-0.01096,-8.58689e-05,0.011255157949864017
1.91667,6.83333,0.05,0.00287968,-0.0107008,-9.06827e-05,0.011081872625801077
2.08333,6.83333,0.05,0.0032168,-0.0104232,-9.53129e-05,0.010908711428436744
2.25,6.83333,0.05,0.00357079,-0.0101276,-9.96788e-05,0.010739122815540823
2.41667,6.83333,0.05,0.00394175,-0.0098144,-0.000103713,0.010576889751191936
2.58333,6.83333,0.05,0.00432968,-0.00948379,-0.000107365,0.010425925805880504
2.75,6.83333,0.05,0.00473449,-0.00913602,-0.000110594,0.01029050475114491
2.91667,6.83333,0.05,0.00515611,-0.00877129,-0.000113375,0.01017515859762515
3.08333,6.83333,0.05,0.00559441,-0.00838981,-0.000115696,0.010084627938035988
3.25,6.83333,0.05,0.00604929,-0.00799178,-0.000117552,0.010023785489783988
3.41667,6.83333,0.05,0.00652068,-0.00757743,-0.00011895,0.00999754280660003
3.58333,6.83333,0.05,0.00700857,-0.00714701,-0.000119906,0.01001070341353873
3.75,6.83333,0.05,0.00751297,-0.00670084,-0.00012044,0.0100677942331029
3.91667,6.83333,0.05,0.00803399,-0.00623927,-0.000120583,0.010172906453560308
4.08333,6.83333,0.05,0.0085718,-0.00576273,-0.000120366,0.010329535336444519
4.25,6.83333,0.05,0.00912664,-0.00527171,-0.000119829,0.010540438463505254
4.41667,6.83333,0.05,0.00969886,-0.00476679,-0.000119013,0.0108076054840038
4.58333,6.83333,0.05,0.0102888,-0.00424864,-0.000117961,0.011132127473538965
4.75,6.83333,0.05,0.0108971,-0.003718,-0.00011672,0.011514509801480912
4.91667,6.83333,0.05,0.0115242,-0.00317573,-0.000115335,0.011954319254358444
5.08333,6.83333,0.05,0.0121709,-0.00262274,-0.000113853,0.012450804569312338
5.25,6.83333,0.05,0.0128378,-0.00206002,-0.000112318,0.013002515394089099
5.41667,6.83333,0.05,0.0135257,-0.00148856,-0.000110798,0.013607815679248599
5.58333,6.83333,0.05,0.0142365,-0.00090961,-0.00010934,0.01426594819273153
5.75,6.83333,0.05,0.0149733,-0.000320969,-0.000108289,0.014977131250559368
5.91667,6.83333,0.05,0.0157396,0.00028294,-0.000107066,0.015742506990055808
6.08333,6.83333,0.05,0.0165302,0.000891707,-0.000105739,0.016554571397350337
6.25,6.83333,0.05,0.0173428,0.00149682,-0.000105146,0.01740759137944466
6.41667,6.83333,0.05,0.0181781,0.00209607,-0.00010498,0.018298848320462684
6.58333,6.83333,0.05,0.0190357,0.00268808,-0.000104831,0.019224844293646723
6.75,6.83333,0.05,0.019916,0.00327178,-0.000104829,0.020183225448070507
6.91667,6.83333,0.05,0.0208199,0.00384568,-0.000105023,0.021172352738959576
7.08333,6.83333,0.05,0.021748,0.00440809,-0.000105441,0.022190490739336547
7.25,6.83333,0.05,0.0227011,0.00495716,-0.000106104,0.023236278414032138
7.41667,6.83333,0.05,0.0236799,0.00549103,-0.000107011,0.024308445565790936
7.58333,6.83333,0.05,0.024685,0.00600791,-0.000108152,0.02540582422247316
7.75,6.83333,0.05,0.0257172,0.00650604,-0.000109513,0.02652762570262874
7.91667,6.83333,0.05,0.026777,0.00698375,-0.000111079,0.027672962103951593
8.08333,6.83333,0.05,0.0278651,0.00743945,-0.000112834,0.028841323579614997
8.25,6.83333,0.05,0.0289822,0.0078716,-0.000114759,0.030032368754863162
8.41667,6.83333,0.05,0.0301289,0.00827873,-0.000116833,0.03124582589039357
8.58333,6.83333,0.05,0.0313059,0.00865945,-0.000119034,0.032481681271228184
8.75,6.83333,0.05,0.0325139,0.00901242,-0.000121337,0.033740067132920305
8.91667,6.83333,0.05,0.0337536,0.00933641,-0.000123719,0.035021270265926406
9.08333,6.83333,0.05,0.0350255,0.00963022,-0.000126156,0.036325510358902545
9.25,6.83333,0.05,0.0363303,0.00989274,-0.000128626,0.0376533338158187
9.41667,6.83333,0.05,0.0376687,0.0101229,-0.000131102,0.03900540029065724
9.58333,6.83333,0.05,0.0390412,0.0103198,-0.000133565,0.040382315548878875
9.75,6.83333,0.05,0.0404484,0.0104825,-0.000135993,0.04178485805774682
9.91667,6.83333,0.05,0.041891,0.0106101,-0.000138368,0.04321399366771629
10.0833,6.83333,0.05,0.0433693,0.0107019,-0.000140671,0.044670422366821665
10.25,6.83333,0.05,0.044884,0.0107572,-0.000142888,0.046155294656415574
10.4167,6.83333,0.05,0.0464355,0.0107754,-0.000145005,0.047669549314630875
10.5833,6.83333,0.05,0.0480245,0.0107558,-0.000147014,0.04921444347959444
10.75,6.83333,0.05,0.0496513,0.0106979,-0.000148905,0.05079093254508156
10.9167,6.83333,0.05,0.0513165,0.0106014,-0.000150674,0.05240033928195767
11.0833,6.83333,0.05,0.0530205,0.0104659,-0.000152317,0.05404379412595389
11.25,6.83333,0.05,0.054764,0.0102911,-0.000153832,0.055722761054117054
11.4167,6.83333,0.05,0.0565474,0.0100766,-0.000155219,0.05743840533352194
11.5833,6.83333,0.05,0.0583714,0.00982246,-0.00015648,0.05919227605356969
11.75,6.83333,0.05,0.0602367,0.00952844,-0.000157615,0.0609858675285662
11.9167,6.83333,0.05,0.0621439,0.00919444,-0.000158629,0.06282059532735455
12.0833,6.83333,0.05,0.064094,0.0088203,-0.000159512,0.06469825323892557
12.25,6.83333,0.05,0.0660879,0.00840582,-0.000160252,0.06662052249109057
12.4167,6.83333,0.05,0.0681268,0.00795071,-0.000160829,0.06858936166572292
12.5833,6.83333,0.05,0.0702117,0.00745468,-0.00016127,0.07060652291966586
12.75,6.83333,0.05,0.0723436,0.00691753,-0.000161667,0.07267375605044635
12.9167,6.83333,0.05,0.0745234,0.00633899,-0.000162181,0.07479268844249992
13.0833,6.83333,0.05,0.0767519,0.00571871,-0.000163044,0.07696482560897566
13.25,6.83333,0.05,0.0790308,0.0050575,-0.000164318,0.07919263005668599
13.4167,6.83333,0.05,0.0813624,0.00435769,-0.000165783,0.08147918188039929
13.5833,6.83333,0.05,0.0837493,0.00362152,-0.000167526,0.08382773241929592
13.75,6.83333,0.05,0.0861944,0.00285053,-0.000169991,0.08624168951024198
13.9167,6.83333,0.05,0.0887035,0.0020449,-0.000172136,0.08872723459605003
14.0833,6.83333,0.05,0.091268,0.0011885,-0.000173029,0.09127590205133468
14.25,6.83333,0.05,0.0938942,0.000280741,-0.000173502,0.09389478000449804
14.4167,6.83333,0.05,0.0965872,-0.00067921,-0.000174106,0.09658974501966208
14.5833,6.83333,0.05,0.0993542,-0.00169261,-0.000174905,0.09936877063751531
14.75,6.83333,0.05,0.102205,-0.00275676,-0.000176167,0.10224232384638707
14.9167,6.83333,0.05,0.105153,-0.00386194,-0.000178662,0.10522404625214639
15.0833,6.83333,0.05,0.108204,-0.0050166,-0.000182723,0.10832038256604677
15.25,6.83333,0.05,0.111371,-0.00622914,-0.000188484,0.1115452255919448
15.4167,6.83333,0.05,0.114666,-0.00750878,-0.000196187,0.11491175667627473
15.5833,6.83333,0.05,0.118102,-0.00886618,-0.000206131,0.11843451372712922
15.75,6.83333,0.05,0.121698,-0.0103141,-0.000218605,0.12213448182620674
15.9167,6.83333,0.05,0.125475,-0.0118673,-0.000234153,0.12603516676672988
16.0833,6.83333,0.05,0.12946,-0.0135428,-0.00025311,0.13016667429304668
16.25,6.83333,0.05,0.133682,-0.0153612,-0.00027591,0.13456195493440223
16.4167,6.83333,0.05,0.138176,-0.0173479,-0.000303056,0.13926108018161115
16.5833,6.83333,0.05,0.142981,-0.0195347,-0.000335102,0.14430967797913072
16.75,6.83333,0.05,0.14814,-0.0219614,-0.000372598,0.14975947889609392
16.9167,6.83333,0.05,0.153703,-0.0246782,-0.000415993,0.15567208746084202
17.0833,6.83333,0.05,0.159725,-0.0277473,-0.000465419,0.16211787346599252
17.25,6.83333,0.05,0.166265,-0.0312466,-0.000520357,0.16917644933018144
17.4167,6.83333,0.05,0.173383,-0.0352726,-0.000579049,0.17693545799953272
17.5833,6.83333,0.05,0.181134,-0.0399439,-0.00063759,0.18548705513921476
17.75,6.83333,0.05,0.189559,-0.0454041,-0.000688552,0.1949220892604702
17.9167,6.83333,0.05,0.198668,-0.051824,-0.000719061,0.20531735983282495
18.0833,6.83333,0.05,0.208417,-0.0594004,-0.000708342,0.21671768538250163
18.25,6.83333,0.05,0.218674,-0.0683509,-0.000624868,0.2291081715409283
18.4167,6.83333,0.05,0.229177,-0.0789001,-0.000424146,0.24237884191661474
18.5833,6.83333,0.05,0.239472,-0.0912551,-4.52489e-05,0.2562700413772022
18.75,6.83333,0.05,0.248872,-0.105567,0.000586385,0.2703368412191876
18.9167,6.83333,0.05,0.256371,-0.121866,0.00155794,0.2838658816660495
19.0833,6.83333,0.05,0.26068,-0.139958,0.00293035,0.29588999833573715
19.25,6.83333,0.05,0.26022,-0.159375,0.00474697,0.3051841620221811
19.4167,6.83333,0.05,0.253525,-0.179167,0.00685584,0.31052011538080043
19.5833,6.83333,0.05,0.239556,-0.198059,0.00905197,0.31096041995385987
19.75,6.83333,0.05,0.218561,-0.214249,0.0106432,0.30624307735561956
19.9167,6.83333,0.05,0.193627,-0.226089,0.0108744,0.2978689369930339
20.0833,6.83333,0.05,0.168901,-0.233429,0.00996232,0.2882982720409236
20.25,6.83333,0.05,0.147271,-0.2368,0.00810668,0.27897796633716865
20.4167,6.83333,0.05,0.130558,-0.237357,0.00578855,0.27095616642568315
20.5833,6.83333,0.05,0.118655,-0.236625,0.00369039,0.26473386377332253
20.75,6.83333,0.05,0.110015,-0.235498,0.00202483,0.25993596935693397
20.9167,6.83333,0.05,0.103203,-0.234358,0.000817163,0.2560765493526664
21.0833,6.83333,0.05,0.0971817,-0.233227,9.28949e-06,0.25266403865644316
21.25,6.83333,0.05,0.0913976,-0.231803,-0.000460434,0.24917135488299685
21.4167,6.83333,0.05,0.0858329,-0.229534,-0.000613209,0.24505819697306122
21.5833,6.83333,0.05,0.0809921,-0.225718,-0.000464779,0.23980940725069325
21.75,6.83333,0.05,0.0778028,-0.219691,-0.00011216,0.23306098718727164
21.9167,6.83333,0.05,0.0773691,-0.211062,0.000264127,0.22479594133765435
22.0833,6.83333,0.05,0.0806296,-0.199861,0.000508679,0.21551290093979306
22.25,6.83333,0.05,0.0881107,-0.186474,0.000562163,0.20624345846045292
22.4167,6.83333,0.05,0.0998984,-0.171473,0.000442113,0.198451191771339
22.5833,6.83333,0.05,0.115751,-0.155455,0.000196245,0.19381586503199377
22.75,6.83333,0.05,0.135199,-0.138997,-0.000117407,0.19390448523539536
22.9167,6.83333,0.05,0.157658,-0.122651,-0.000456082,0.19974864398986725
23.0833,6.83333,0.05,0.182503,-0.106938,-0.000798834,0.2115271117109094
23.25,6.83333,0.05,0.209142,-0.0922053,-0.00112877,0.22856829971324305
23.4167,6.83333,0.05,0.237087,-0.0784768,-0.00142565,0.24974163886937736
23.5833,6.83333,0.05,0.265943,-0.0657002,-0.00168329,0.27394347773630984
23.75,6.83333,0.05,0.295362,-0.0539415,-0.00190587,0.30025327443128225
23.9167,6.83333,0.05,0.32506,-0.0432024,-0.00210649,0.3279251260057395
24.0833,6.83333,0.05,0.354917,-0.0334126,-0.00231311,0.3564937996734755
24.25,6.83333,0.05,0.384658,-0.0244491,-0.00264363,0.38544328277242934
24.4167,6.83333,0.05,0.415549,-0.0160271,-0.00306937,0.41586928278920393
24.5833,6.83333,0.05,0.446485,-0.00831472,-0.00335543,0.44657502024202306
24.75,6.83333,0.05,0.477145,-0.00131494,-0.00347531,0.477159467968309
24.9167,6.83333,0.05,0.50725,0.00500721,-0.00348489,0.507286683355966
25.0833,6.83333,0.05,0.536567,0.0106934,-0.00343185,0.5366845180243068
25.25,6.83333,0.05,0.564935,0.0157943,-0.00334744,0.5651656566813341
25.4167,6.83333,0.05,0.592213,0.0203731,-0.00323943,0.59257218503684
25.5833,6.83333,0.05,0.618362,0.0245176,-0.00307249,0.6188554887439878
25.75,6.83333,0.05,0.642797,0.0281785,-0.00286026,0.6434206960912258
25.9167,6.83333,0.05,0.665776,0.0314233,-0.00269053,0.6665225764447675
26.0833,6.83333,0.05,0.687365,0.0343357,-0.002583,0.6882268923897772
26.25,6.83333,0.05,0.707641,0.0369999,-0.00252295,0.7086121243372233
26.4167,6.83333,0.05,0.726682,0.0394971,-0.00249208,0.7277588615023087
26.5833,6.83333,0.05,0.744558,0.0419068,-0.00247529,0.7457405194240314
26.75,6.83333,0.05,0.761324,0.04431,-0.00246697,0.7626163485114785
26.9167,6.83333,0.05,0.777025,0.0467879,-0.00246069,0.778436261492671
27.0833,6.83333,0.05,0.791681,0.0494208,-0.00244971,0.7932258331097923
27.25,6.83333,0.05,0.805288,0.0522867,-0.00242872,0.8069873360974933
27.4167,6.83333,0.05,0.817807,0.0554408,-0.0023926,0.8196875600424834
27.5833,6.83333,0.05,0.829179,0.0589766,-0.00233644,0.8312770370583045
27.75,6.83333,0.05,0.839317,0.0630643,-0.0022636,0.841685960622161
27.9167,6.83333,0.05,0.848085,0.0678967,-0.00217037,0.8508012926658179
28.0833,6.83333,0.05,0.855309,0.0736712,-0.00204847,0.8584783791219094
28.25,6.83333,0.05,0.860774,0.0805958,-0.00188308,0.8645409811246234
28.4167,6.83333,0.05,0.864202,0.0888946,-0.00164991,0.8687635287672751
28.5833,6.83333,0.05,0.865207,0.0988372,-0.00131387,0.8708350424777455
28.75,6.83333,0.05,0.863228,0.110751,-0.000823605,0.8703039941940954
28.9167,6.83333,0.05,0.857487,0.125042,-9.37296e-05,0.866556094963412
29.0833,6.83333,0.05,0.846839,0.142253,0.00102896,0.8587044117091059
29.25,6.83333,0.05,0.829416,0.163147,0.00284027,0.8453140906187906
29.4167,6.83333,0.05,0.802596,0.188849,0.00595157,0.8245360545194278
29.5833,6.83333,0.05,0.759157,0.221116,0.0117989,0.7907912810256635
29.75,6.83333,0.05,0.699739,0.263304,0.0241184,0.748027647721366
29.9167,6.83333,0.05,0.541716,0.317888,0.0552437,0.6305242831086603
0.0833333,7.16667,0.05,8.97617e-05,-0.012592,-6.31123e-05,0.012592478085158544
0.25,7.16667,0.05,0.000270268,-0.0125508,-6.53751e-05,0.012553879851883403
0.416667,7.16667,0.05,0.000457253,-0.0124866,-6.77658e-05,0.012495153143105477
0.583333,7.16667,0.05,0.000651401,-0.0123992,-7.07099e-05,0.012416500464815319
0.75,7.16667,0.05,0.000854706,-0.0122892,-7.4226e-05,0.01231910989014677
0.916667,7.16667,0.05,0.00106874,-0.0121573,-7.82653e-05,0.01220443664962804
1.08333,7.16667,0.05,0.00129505,-0.0120041,-8.27434e-05,0.012074039000381917
1.25,7.16667,0.05,0.00153495,-0.0118307,-8.75538e-05,0.011930180202343738
1.41667,7.16667,0.05,0.00178959,-0.0116377,-9.25755e-05,0.011774857276472622
1.58333,7.16667,0.05,0.00205986,-0.0114258,-9.7682e-05,0.011610403551673991
1.75,7.16667,0.05,0.00234642,-0.0111958,-0.000102748,0.011439500933515588
1.91667,7.16667,0.05,0.00264971,-0.0109482,-0.000107658,0.011264796339440141
2.08333,7.16667,0.05,0.00296998,-0.0106835,-0.000112306,0.011089209443780742
2.25,7.16667,0.05,0.00330731,-0.0104023,-0.000116605,0.01091603139662602
2.41667,7.16667,0.05,0.00366166,-0.0101047,-0.00012048,0.010748359478357616
2.58333,7.16667,0.05,0.00403286,-0.0097913,-0.000123875,0.010590035905757118
2.75,7.16667,0.05,0.0044207,-0.00946227,-0.000126748,0.010444769365496013
2.91667,7.16667,0.05,0.00482493,-0.00911791,-0.00012907,0.01031663178260715
3.08333,7.16667,0.05,0.00524528,-0.00875849,-0.000130826,0.01020985919593292
3.25,7.16667,0.05,0.00568149,-0.00838428,-0.000132011,0.010128815658438107
3.41667,7.16667,0.05,0.00613336,-0.00799558,-0.00013263,0.010077945978367813
3.58333,7.16667,0.05,0.00660071,-0.0075927,-0.000132696,0.010061613887568733
3.75,7.16667,0.05,0.00708342,-0.00717598,-0.000132232,0.01008399787577447
3.91667,7.16667,0.05,0.00758147,-0.00674583,-0.000131263,0.010148996981227702
4.08333,7.16667,0.05,0.00809489,-0.00630269,-0.000129825,0.010260019487253667
4.25,7.16667,0.05,0.00862382,-0.00584709,-0.000127954,0.010419937863855812
4.41667,7.16667,0.05,0.00916847,-0.00537959,-0.000125693,0.010630927966986184
4.58333,7.16667,0.05,0.00972917,-0.00490088,-0.000123088,0.010894518085672445
4.75,7.16667,0.05,0.0103063,-0.00441167,-0.000120186,0.01121147164976552
4.91667,7.16667,0.05,0.0109004,-0.0039128,-0.000117038,0.011581986957920648
5.08333,7.16667,0.05,0.011512,-0.00340517,-0.000113695,0.012005592583538931
5.25,7.16667,0.05,0.0121419,-0.00288977,-0.000110208,0.012481532440616576
5.41667,7.16667,0.05,0.0127907,-0.00236765,-0.00010663,0.013008425845174351
5.58333,7.16667,0.05,0.0134595,-0.00183985,-0.000103013,0.01358505796640813
5.75,7.16667,0.05,0.0141493,-0.00130773,-9.94109e-05,0.014209951821520676
5.91667,7.16667,0.05,0.0148626,-0.000772156,-9.6137e-05,0.014882954880369188
6.08333,7.16667,0.05,0.0156046,-0.000228424,-9.33109e-05,0.015606550727429646
6.25,7.16667,0.05,0.016377,0.000325392,-9.00048e-05,0.016380479535645073
6.41667,7.16667,0.05,0.017174,0.000880343,-8.63155e-05,0.017196765107519184
6.58333,7.16667,0.05,0.0179932,0.00142865,-8.35559e-05,0.018050021292256826
6.75,7.16667,0.05,0.018836,0.00196733,-8.18097e-05,0.018938637125092028
6.91667,7.16667,0.05,0.0197023,0.00249443,-8.02649e-05,0.019859739393281877
7.08333,7.16667,0.05,0.0205926,0.00300887,-7.88363e-05,0.02081140765539654
7.25,7.16667,0.05,0.0215074,0.00350931,-7.76202e-05,0.02179196035999396
7.41667,7.16667,0.05,0.0224473,0.00399424,-7.66467e-05,0.02280002423648319
7.58333,7.16667,0.05,0.0234132,0.00446198,-7.59247e-05,0.023834700843947464
7.75,7.16667,0.05,0.0244059,0.00491084,-7.54639e-05,0.024895180238668758
7.91667,7.16667,0.05,0.0254259,0.00533908,-7.52673e-05,0.02598052792425222
8.08333,7.16667,0.05,0.0264741,0.00574497,-7.53238e-05,0.027090373286201622
8.25,7.16667,0.05,0.0275509,0.00612689,-7.56208e-05,0.02822404277185486
8.41667,7.16667,0.05,0.028657,0.00648325,-7.6139e-05,0.02938132020025344
8.58333,7.16667,0.05,0.029793,0.00681257,-7.68593e-05,0.030562065806435543
8.75,7.16667,0.05,0.0309594,0.00711344,-7.77599e-05,0.03176620096258991
8.91667,7.16667,0.05,0.0321567,0.00738456,-7.8821e-05,0.03299380690423039
9.08333,7.16667,0.05,0.0333854,0.0076247,-8.0021e-05,0.034245107484288044
9.25,7.16667,0.05,0.0346461,0.00783271,-8.13405e-05,0.035520560347931454
9.41667,7.16667,0.05,0.0359391,0.00800751,-8.27571e-05,0.03682045591716242
9.58333,7.16667,0.05,0.0372649,0.00814809,-8.42523e-05,0.038145396066998113
9.75,7.16667,0.05,0.038624,0.00825351,-8.5805e-05,0.039496090513089076
9.91667,7.16667,0.05,0.0400167,0.00832292,-8.73991e-05,0.040873156408810424
10.0833,7.16667,0.05,0.0414433,0.00835554,-8.90166e-05,0.042277299908303936
10.25,7.16667,0.05,0.0429043,0.00835066,-9.0645e-05,0.04370950351401426
10.4167,7.16667,0.05,0.0443999,0.00830766,-9.22697e-05,0.045170530751620995
10.5833,7.16667,0.05,0.0459305,0.00822596,-9.38798e-05,0.04666139798150552
10.75,7.16667,0.05,0.0474963,0.00810503,-9.54602e-05,0.048182975599693756
10.9167,7.16667,0.05,0.0490977,0.00794439,-9.69998e-05,0.04973637387992112
11.0833,7.16667,0.05,0.0507349,0.00774357,-9.84816e-05,0.05132253552758709
11.25,7.16667,0.05,0.0524082,0.00750213,-9.98934e-05,0.05294252884466574
11.4167,7.16667,0.05,0.054118,0.00721965,-0.000101224,0.05459754130380484
11.5833,7.16667,0.05,0.0558644,0.00689568,-0.000102481,0.05628847210910739
11.75,7.16667,0.05,0.0576478,0.00652988,-0.000103713,0.058016540176408046
11.9167,7.16667,0.05,0.0594681,0.00612193,-0.000105008,0.059782472106922474
12.0833,7.16667,0.05,0.0613252,0.00567153,-0.000106481,0.06158699331664326
12.25,7.16667,0.05,0.063219,0.00517854,-0.000108276,0.06343083604386572
12.4167,7.16667,0.05,0.0651495,0.00464336,-0.000110376,0.06531485531792118
12.5833,7.16667,0.05,0.0671173,0.00406789,-0.000112545,0.0672405558775292
12.75,7.16667,0.05,0.0691231,0.00345455,-0.000114934,0.06920946524238471
12.9167,7.16667,0.05,0.0711674,0.00280495,-0.000117926,0.07122275250089663
13.0833,7.16667,0.05,0.0732527,0.00211985,-0.000121027,0.07328346654496654
13.25,7.16667,0.05,0.075373,0.00139208,-0.000122281,0.07538595338900583
13.4167,7.16667,0.05,0.0775226,0.000614361,-0.000121699,0.07752512986667563
13.5833,7.16667,0.05,0.0797057,-0.000212934,-0.000120734,0.0797060758667563
13.75,7.16667,0.05,0.0819264,-0.00108946,-0.000119378,0.0819337304848161
13.9167,7.16667,0.05,0.0841878,-0.00201416,-0.000118452,0.08421197385302105
14.0833,7.16667,0.05,0.0865062,-0.0029741,-0.000119537,0.08655739251123713
14.25,7.16667,0.05,0.0888812,-0.00397661,-0.000122365,0.08897019789640419
14.4167,7.16667,0.05,0.091317,-0.00502825,-0.000126593,0.09145541981123997
14.5833,7.16667,0.05,0.0938178,-0.00613537,-0.000132219,0.09401829526076753
14.75,7.16667,0.05,0.096388,-0.00730455,-0.000139454,0.09666448387138173
14.9167,7.16667,0.05,0.0990352,-0.00854162,-0.000148263,0.09940297829130458
15.0833,7.16667,0.05,0.101769,-0.00985173,-0.000158586,0.10224485852360644
15.25,7.16667,0.05,0.1046,-0.0112413,-0.00017053,0.10520245199695158
15.4167,7.16667,0.05,0.107537,-0.0127183,-0.000184284,0.1082866357612178
15.5833,7.16667,0.05,0.110594,-0.0142926,-0.000200095,0.11151390625733197
15.75,7.16667,0.05,0.113783,-0.015976,-0.00021828,0.11489930944595968
15.9167,7.16667,0.05,0.117118,-0.0177828,-0.000239282,0.11846058904004961
16.0833,7.16667,0.05,0.120616,-0.0197318,-0.000263641,0.12221960928515883
16.25,7.16667,0.05,0.124295,-0.021846,-0.000292012,0.12620055472147554
16.4167,7.16667,0.05,0.128177,-0.024154,-0.000325149,0.1304333729030734
16.5833,7.16667,0.05,0.132282,-0.0266905,-0.000363929,0.13494829661232127
16.75,7.16667,0.05,0.136636,-0.0294981,-0.000409341,0.13978448397323748
16.9167,7.16667,0.05,0.141263,-0.0326283,-0.000462474,0.14498294731481587
17.0833,7.16667,0.05,0.146189,-0.0361437,-0.000524448,0.15059171895026205
17.25,7.16667,0.05,0.151438,-0.04012,-0.000596283,0.15666345393044315
17.4167,7.16667,0.05,0.157026,-0.044648,-0.000678646,0.16325155172430467
17.5833,7.16667,0.05,0.162962,-0.0498356,-0.000771448,0.17041360157973512
17.75,7.16667,0.05,0.169236,-0.0558089,-0.000873199,0.1782027482720275
17.9167,7.16667,0.05,0.175807,-0.0627121,-0.000980095,0.1866597688887968
18.0833,7.16667,0.05,0.182596,-0.0707042,-0.00108482,0.19581000982603622
18.25,7.16667,0.05,0.189458,-0.0799513,-0.00117511,0.20564028063393147
18.4167,7.16667,0.05,0.196167,-0.0906112,-0.00123246,0.21608655768485832
18.5833,7.16667,0.05,0.20239,-0.102809,-0.00123125,0.22700863101997354
18.75,7.16667,0.05,0.207671,-0.116595,-0.00113837,0.23816577032028952
18.9167,7.16667,0.05,0.211414,-0.131894,-0.000912865,0.24918414868227118
19.0833,7.16667,0.05,0.21292,-0.148422,-0.000519433,0.2595463085744844
19.25,7.16667,0.05,0.211426,-0.165634,7.50684e-05,0.26858067887929815
19.4167,7.16667,0.05,0.206286,-0.182616,0.000844429,0.27550540886221464
19.5833,7.16667,0.05,0.197141,-0.198185,0.00174525,0.2795441181702139
19.75,7.16667,0.05,0.184208,-0.210924,0.00259825,0.2800504810620087
19.9167,7.16667,0.05,0.168754,-0.219725,0.00317907,0.27706875433196165
20.0833,7.16667,0.05,0.152497,-0.224589,0.00349498,0.27149174723221403
20.25,7.16667,0.05,0.136868,-0.226112,0.00351868,0.2643328717298369
20.4167,7.16667,0.05,0.122972,-0.225278,0.00331541,0.25667738897586617
20.5833,7.16667,0.05,0.111182,-0.223217,0.00302626,0.24939210986434113
20.75,7.16667,0.05,0.101268,-0.220675,0.00269467,0.24281664830774868
20.9167,7.16667,0.05,0.0928576,-0.218012,0.00235784,0.23697536882812442
21.0833,7.16667,0.05,0.0855567,-0.215295,0.00204006,0.23168091804180505
21.25,7.16667,0.05,0.0790428,-0.212388,0.0017563,0.226626369528195
21.4167,7.16667,0.05,0.0731342,-0.209052,0.00152456,0.22148064068182932
21.5833,7.16667,0.05,0.067808,-0.205039,0.0013708,0.21596480147848168
21.75,7.16667,0.05,0.0631749,-0.200156,0.00132636,0.2098934290464082
21.9167,7.16667,0.05,0.0594264,-0.194296,0.00141466,0.20318571282419343
22.0833,7.16667,0.05,0.0567873,-0.187429,0.00163283,0.19584967096244738
22.25,7.16667,0.05,0.0554809,-0.179595,0.00194931,0.18797950446600847
22.4167,7.16667,0.05,0.0557103,-0.170892,0.00231721,0.1797584007835909
22.5833,7.16667,0.05,0.0576439,-0.161475,0.00269077,0.17147663128077512
22.75,7.16667,0.05,0.0613963,-0.151548,0.00303405,0.163540537534559
22.9167,7.16667,0.05,0.0670105,-0.141343,0.00332246,0.15645858717149916
23.0833,7.16667,0.05,0.0744563,-0.131071,0.00354228,0.15078426774132772
23.25,7.16667,0.05,0.0836322,-0.120901,0.00369066,0.1470544717071725
23.4167,7.16667,0.05,0.0943976,-0.110948,0.00377182,0.14572093952439508
23.5833,7.16667,0.05,0.106601,-0.101316,0.00379503,0.1471159655159864
23.75,7.16667,0.05,0.12008,-0.0921021,0.00376971,0.1513810223835673
23.9167,7.16667,0.05,0.134655,-0.0833842,0.00370356,0.15842540891950888
24.0833,7.16667,0.05,0.15015,-0.0752406,0.00360273,0.16798556501024992
24.25,7.16667,0.05,0.166369,-0.0678352,0.00347052,0.1797005927344437
24.4167,7.16667,0.05,0.183164,-0.0610842,0.00332944,0.19310985359725588
24.5833,7.16667,0.05,0.200442,-0.0547641,0.00319476,0.20781315767840017
24.75,7.16667,0.05,0.218114,-0.0488425,0.00306486,0.22353679824375583
24.9167,7.16667,0.05,0.236078,-0.0433029,0.00293703,0.24003455871526272
25.0833,7.16667,0.05,0.254251,-0.0381107,0.00280995,0.2571067721288035
25.25,7.16667,0.05,0.272578,-0.0332213,0.0026785,0.27460807566409984
25.4167,7.16667,0.05,0.291081,-0.0285833,0.00252315,0.2924919142229619
25.5833,7.16667,0.05,0.309698,-0.0241025,0.00226061,0.3106427080551257
25.75,7.16667,0.05,0.329344,-0.0195786,0.00190948,0.32993095948672413
25.9167,7.16667,0.05,0.349408,-0.0151319,0.00162946,0.34973930291218575
26.0833,7.16667,0.05,0.369744,-0.0107799,0.0014497,0.36990395160108797
26.25,7.16667,0.05,0.390199,-0.00651028,0.00134268,0.39025561640578704
26.4167,7.16667,0.05,0.41064,-0.00229923,0.00128025,0.41064843248045574
26.5833,7.16667,0.05,0.430977,0.00189284,0.00123831,0.43098293560641315
26.75,7.16667,0.05,0.451146,0.00612755,0.0012078,0.45118922744879725
26.9167,7.16667,0.05,0.4711,0.0104899,0.00117756,0.4712182452426515
27.0833,7.16667,0.05,0.490802,0.015097,0.00113924,0.4910354574577865
27.25,7.16667,0.05,0.510172,0.0201115,0.00109571,0.5105694297513845
27.4167,7.16667,0.05,0.529234,0.0257669,0.00108366,0.5298619954390064
27.5833,7.16667,0.05,0.5472,0.0320505,0.00104524,0.5481388209905476
27.75,7.16667,0.05,0.564307,0.0390779,0.000933575,0.5656592119639621
27.9167,7.16667,0.05,0.580509,0.0469625,0.000805077,0.5824060642165618
28.0833,7.16667,0.05,0.595638,0.0558508,0.000690476,0.5982511309322754
28.25,7.16667,0.05,0.609456,0.0658709,0.000606874,0.6130056767264572
28.4167,7.16667,0.05,0.621688,0.0772911,0.00057759,0.6264744345090374
28.5833,7.16667,0.05,0.631998,0.0905591,0.000636468,0.6384534655621543
28.75,7.16667,0.05,0.639931,0.106151,0.000833237,0.648675892758393
28.9167,7.16667,0.05,0.644856,0.124591,0.00125257,0.6567828765647022
29.0833,7.16667,0.05,0.645843,0.146547,0.00203426,0.6622638009673695
29.25,7.16667,0.05,0.641332,0.172911,0.00344215,0.6642415197363248
29.4167,7.16667,0.05,0.629205,0.204964,0.00601797,0.661774424773216
29.5833,7.16667,0.05,0.602928,0.244657,0.0110143,0.6507691876829219
29.75,7.16667,0.05,0.564625,0.295869,0.0217691,0.6378195273749543
29.9167,7.16667,0.05,0.439964,0.360334,0.0483806,0.5707447724757188
0.0833333,7.5,0.05,7.67512e-05,-0.0126554,-7.98337e-05,0.012655884533542378
0.25,7.5,0.05,0.00023181,-0.0126158,-8.22737e-05,0.012618197750780881
0.416667,7.5,0.05,0.000393267,-0.0125541,-8.47964e-05,0.012560544421829094
0.583333,7.5,0.05,0.000562286,-0.0124702,-8.79035e-05,0.012483179907824299
0.75,7.5,0.05,0.000740814,-0.0123647,-9.16101e-05,0.012387211303720383
0.916667,7.5,0.05,0.0009305,-0.0122382,-9.58546e-05,0.012273897408498295
1.08333,7.5,0.05,0.0011329,-0.0120916,-0.000100536,0.012144972641274083
1.25,7.5,0.05,0.00134934,-0.0119256,-0.000105528,0.012002157720776044
1.41667,7.5,0.05,0.00158089,-0.0117412,-0.000110692,0.011847668266412764
1.58333,7.5,0.05,0.00182839,-0.0115391,-0.000115884,0.011683632478966291
1.75,7.5,0.05,0.00209237,-0.0113201,-0.000120962,0.011512484876530522
1.91667,7.5,0.05,0.00237316,-0.0110848,-0.000125799,0.011336688441251309
2.08333,7.5,0.05,0.00267085,-0.0108337,-0.000130282,0.01115882918643457
2.25,7.5,0.05,0.00298536,-0.0105675,-0.000134314,0.010981915626619794
2.41667,7.5,0.05,0.00331647,-0.0102865,-0.000137819,0.010808795010900199
2.58333,7.5,0.05,0.00366385,-0.00999117,-0.000140736,0.010642700851433156
2.75,7.5,0.05,0.0040271,-0.00968189,-0.000143022,0.010486991164036709
2.91667,7.5,0.05,0.00440581,-0.00935903,-0.000144648,0.010345217607228183
3.08333,7.5,0.05,0.00479952,-0.00902293,-0.000145599,0.010221049705588023
3.25,7.5,0.05,0.00520783,-0.00867395,-0.00014587,0.010118309145716986
3.41667,7.5,0.05,0.00563035,-0.00831244,-0.000145466,0.010040849577264666
3.58333,7.5,0.05,0.00606675,-0.00793879,-0.000144402,0.009992531919598957
3.75,7.5,0.05,0.00651675,-0.00755341,-0.000142701,0.009977093603149216
3.91667,7.5,0.05,0.0069802,-0.00715675,-0.000140391,0.009998098430970812
4.08333,7.5,0.05,0.00745698,-0.0067493,-0.000137508,0.010058752887931188
4.25,7.5,0.05,0.0079471,-0.00633161,-0.000134093,0.010161873082003583
4.41667,7.5,0.05,0.00845066,-0.00590428,-0.00013019,0.010309758784282978
4.58333,7.5,0.05,0.00896786,-0.00546799,-0.000125848,0.01050415467035801
4.75,7.5,0.05,0.00949903,-0.00502346,-0.00012112,0.01074622684326457
4.91667,7.5,0.05,0.0100446,-0.00457151,-0.00011606,0.01103658292967982
5.08333,7.5,0.05,0.010605,-0.004113,-0.000110723,0.011375194661311473
5.25,7.5,0.05,0.0111809,-0.00364889,-0.000105168,0.01176171685385786
5.41667,7.5,0.05,0.011773,-0.00318021,-9.94524e-05,0.012195374345380537
5.58333,7.5,0.05,0.0123821,-0.00270803,-9.36331e-05,0.0126751171216804
5.75,7.5,0.05,0.0130091,-0.00223351,-8.7769e-05,0.013199733070310965
5.91667,7.5,0.05,0.013655,-0.00175789,-8.19265e-05,0.013767930643473704
6.08333,7.5,0.05,0.0143214,-0.00128268,-7.61168e-05,0.014378927627248224
6.25,7.5,0.05,0.015011,-0.000808451,-7.08166e-05,0.015032921506155632
6.41667,7.5,0.05,0.0157298,-0.000331173,-6.62919e-05,0.015733425507877635
6.58333,7.5,0.05,0.01648,0.000150918,-6.15985e-05,0.016480806127672467
6.75,7.5,0.05,0.0172597,0.000634016,-5.58204e-05,0.01727143121734016
6.91667,7.5,0.05,0.0180599,0.0011073,-5.01433e-05,0.018093883376725267
7.08333,7.5,0.05,0.0188842,0.00156851,-4.59623e-05,0.018949283516616698
7.25,7.5,0.05,0.0197327,0.00201496,-4.29344e-05,0.01983535622201687
7.41667,7.5,0.05,0.020606,0.0024444,-4.03889e-05,0.020750517068816456
7.58333,7.5,0.05,0.0215046,0.00285542,-3.7994e-05,0.02169337889957293
7.75,7.5,0.05,0.0224289,0.00324682,-3.57853e-05,0.02266271554580554
7.91667,7.5,0.05,0.0233796,0.00361719,-3.38416e-05,0.023657787405207412
8.08333,7.5,0.05,0.0243572,0.00396516,-3.21847e-05,0.02467785893307023
8.25,7.5,0.05,0.0253623,0.00428926,-3.08282e-05,0.025722460283097246
8.41667,7.5,0.05,0.0263955,0.00458802,-2.97699e-05,0.02679129026413894
8.58333,7.5,0.05,0.0274574,0.00485996,-2.89902e-05,0.02788420460392041
8.75,7.5,0.05,0.0285484,0.00510364,-2.84735e-05,0.02900101885365068
8.91667,7.5,0.05,0.0296692,0.00531771,-2.82057e-05,0.030142001656253897
9.08333,7.5,0.05,0.03082,0.00550087,-2.81738e-05,0.03130707211669444
9.25,7.5,0.05,0.0320011,0.00565193,-2.83616e-05,0.032496392389236906
9.41667,7.5,0.05,0.0332128,0.00576976,-2.87475e-05,0.0337102512704423
9.58333,7.5,0.05,0.0344554,0.00585332,-2.93119e-05,0.034949060121409296
9.75,7.5,0.05,0.0357291,0.00590162,-3.00318e-05,0.036213238012409374
9.91667,7.5,0.05,0.037034,0.00591374,-3.08873e-05,0.037503205607159786
10.0833,7.5,0.05,0.0383704,0.0058888,-3.18633e-05,0.03881966739772363
10.25,7.5,0.05,0.0397383,0.00582606,-3.29613e-05,0.04016312423680331
10.4167,7.5,0.05,0.0411377,0.00572482,-3.41833e-05,0.041534143711173324
10.5833,7.5,0.05,0.0425685,0.00558449,-3.55392e-05,0.04293326197535935
10.75,7.5,0.05,0.0440307,0.00540449,-3.70384e-05,0.04436115898500821
10.9167,7.5,0.05,0.0455239,0.00518433,-3.87148e-05,0.04581816503958489
11.0833,7.5,0.05,0.0470479,0.00492362,-4.06154e-05,0.04730484729840185
11.25,7.5,0.05,0.0486023,0.00462223,-4.2772e-05,0.04882161821270249
11.4167,7.5,0.05,0.0501867,0.00427996,-4.51479e-05,0.05036888873922547
11.5833,7.5,0.05,0.0518007,0.0038975,-4.75872e-05,0.05194713939459615
11.75,7.5,0.05,0.0534445,0.00347645,-5.01846e-05,0.053557471965605105
11.9167,7.5,0.05,0.0551178,0.00301807,-5.31578e-05,0.0552003935594358
12.0833,7.5,0.05,0.0568204,0.00252319,-5.67419e-05,0.056876423618045076
12.25,7.5,0.05,0.058552,0.00199191,-6.02819e-05,0.058585903111205574
12.4167,7.5,0.05,0.0603095,0.00142148,-6.14853e-05,0.06032628097340757
12.5833,7.5,0.05,0.0620798,0.000803349,-6.04704e-05,0.06208502713476959
12.75,7.5,0.05,0.0638684,0.000138507,-5.92219e-05,0.06386857764176754
12.9167,7.5,0.05,0.0656782,-0.000571995,-5.78444e-05,0.06568071619200445
13.0833,7.5,0.05,0.0675113,-0.00132676,-5.66298e-05,0.06752435950619486
13.25,7.5,0.05,0.0693782,-0.00211951,-5.76639e-05,0.06941059200875226
13.4167,7.5,0.05,0.0712868,-0.00294851,-6.15785e-05,0.07134777752230101
13.5833,7.5,0.05,0.0732358,-0.00382045,-6.6972e-05,0.07333541249008753
13.75,7.5,0.05,0.0752262,-0.0047405,-7.34136e-05,0.07537545287589763
13.9167,7.5,0.05,0.0772583,-0.00571331,-8.11003e-05,0.07746930622707784
14.0833,7.5,0.05,0.0793349,-0.00674142,-8.97512e-05,0.07962085880536772
14.25,7.5,0.05,0.0814607,-0.00782557,-9.91345e-05,0.08183578079278031
14.4167,7.5,0.05,0.0836398,-0.00896748,-0.00010925,0.0841192235886239
14.5833,7.5,0.05,0.0858762,-0.01017,-0.00012019,0.0864763844762031
14.75,7.5,0.05,0.0881738,-0.0114365,-0.000132082,0.0889124849745227
14.9167,7.5,0.05,0.090537,-0.0127714,-0.000145103,0.09143346259351995
15.0833,7.5,0.05,0.0929711,-0.0141808,-0.000159451,0.09404650949647946
15.25,7.5,0.05,0.0954819,-0.0156727,-0.000175341,0.09675979277244386
15.4167,7.5,0.05,0.0980763,-0.0172568,-0.000192994,0.0995831060703272
15.5833,7.5,0.05,0.100762,-0.0189446,-0.000212659,0.10252767303031061
15.75,7.5,0.05,0.103547,-0.02075,-0.000234608,0.1056058651302742
15.9167,7.5,0.05,0.106441,-0.022689,-0.000259161,0.10883264384560325
16.0833,7.5,0.05,0.109455,-0.0247811,-0.000286665,0.11222558584846962
16.25,7.5,0.05,0.1126,-0.0270488,-0.000317526,0.11580370634915221
16.4167,7.5,0.05,0.115888,-0.029519,-0.000352208,0.11958897923920608
16.5833,7.5,0.05,0.11933,-0.0322235,-0.000391239,0.12360483777023099
16.75,7.5,0.05,0.12294,-0.0351995,-0.00043519,0.12788056064385275
16.9167,7.5,0.05,0.126726,-0.038491,-0.000484655,0.13244346358906894
17.0833,7.5,0.05,0.130697,-0.0421492,-0.000540186,0.13732644563431545
17.25,7.5,0.05,0.134858,-0.0462336,-0.000602196,0.1425643313489823
17.4167,7.5,0.05,0.139204,-0.0508127,-0.000670791,0.148189520742378
17.5833,7.5,0.05,0.143721,-0.0559635,-0.000745522,0.15423422115828408
17.75,7.5,0.05,0.148378,-0.0617714,-0.000825023,0.1607246633373688
17.9167,7.5,0.05,0.153119,-0.0683281,-0.000906537,0.16767521945696798
18.0833,7.5,0.05,0.157856,-0.0757269,-0.000985334,0.1750829831899764
18.25,7.5,0.05,0.162456,-0.084056,-0.0010541,0.18291657715693785
18.4167,7.5,0.05,0.166727,-0.0933865,-0.00110251,0.1911024501139378
18.5833,7.5,0.05,0.170411,-0.103756,-0.00111712,0.19951557436474576
18.75,7.5,0.05,0.173174,-0.115147,-0.0010825,0.20796451065326024
18.9167,7.5,0.05,0.174608,-0.127456,-0.000983023,0.2161803689843704
19.0833,7.5,0.05,0.174262,-0.140464,-0.000810646,0.22382590798863594
19.25,7.5,0.05,0.171689,-0.153808,-0.000566042,0.23050885880708744
19.4167,7.5,0.05,0.16655,-0.16695,-0.000281371,0.23582044900652624
19.5833,7.5,0.05,0.158747,-0.179239,-6.8218e-06,0.23943105307486112
19.75,7.5,0.05,0.148571,-0.189943,0.00015265,0.2411466537027261
19.9167,7.5,0.05,0.136877,-0.198445,8.91258e-05,0.24107206204246942
20.0833,7.5,0.05,0.124778,-0.204551,-0.000187117,0.23960529188181903
20.25,7.5,0.05,0.11324,-0.208366,-0.000643682,0.23714995653070892
20.4167,7.5,0.05,0.10296,-0.210245,-0.00119308,0.23410498727042617
20.5833,7.5,0.05,0.0941817,-0.210687,-0.00171661,0.23078594266935346
20.75,7.5,0.05,0.0867745,-0.210103,-0.00214665,0.22732728073302708
20.9167,7.5,0.05,0.080465,-0.208786,-0.00244782,0.2237681877384549
21.0833,7.5,0.05,0.0749513,-0.206913,-0.00261597,0.22008527947077902
21.25,7.5,0.05,0.0699843,-0.204561,-0.00266539,0.21621773579274686
21.4167,7.5,0.05,0.0654056,-0.201735,-0.00261714,0.2120890194190628
21.5833,7.5,0.05,0.06115,-0.198416,-0.00249159,0.2076401685048635
21.75,7.5,0.05,0.0572284,-0.194582,-0.00230494,0.2028362818604295
21.9167,7.5,0.05,0.0536995,-0.190237,-0.00206818,0.19768163758367238
22.0833,7.5,0.05,0.050647,-0.18541,-0.00178739,0.19221129382013977
22.25,7.5,0.05,0.0481576,-0.180153,-0.00146493,0.18648432606164222
22.4167,7.5,0.05,0.0463095,-0.174529,-0.00110231,0.180571749503033
22.5833,7.5,0.05,0.0451657,-0.16861,-0.000702332,0.1745559103173772
22.75,7.5,0.05,0.0447719,-0.162473,-0.00027236,0.16852914566501428
22.9167,7.5,0.05,0.0451558,-0.156193,0.000174869,0.16258945261549768
23.0833,7.5,0.05,0.0463474,-0.149838,0.000628105,0.156843559786977
23.25,7.5,0.05,0.0483449,-0.143467,0.00107759,0.15139739312556905
23.4167,7.5,0.05,0.0511411,-0.137123,0.00151139,0.1463571437885493
23.5833,7.5,0.05,0.0547308,-0.130835,0.00191936,0.14183420474783084
23.75,7.5,0.05,0.0591049,-0.124634,0.00229358,0.13795754299503307
23.9167,7.5,0.05,0.064248,-0.118541,0.00262814,0.13485800422985503
24.0833,7.5,0.05,0.0701387,-0.112575,0.00291883,0.13266908996167456
24.25,7.5,0.05,0.0767382,-0.106751,0.00316257,0.13150866583326326
24.4167,7.5,0.05,0.0839935,-0.10106,0.00336037,0.13145084149136094
24.5833,7.5,0.05,0.0918601,-0.0955031,0.00351718,0.1325574993607393
24.75,7.5,0.05,0.1003,-0.090102,0.00363779,0.13487658773888114
24.9167,7.5,0.05,0.10927,-0.0848777,0.00372536,0.13841255421535867
25.0833,7.5,0.05,0.11872,-0.0798503,0.003782,0.14312516317576723
25.25,7.5,0.05,0.128602,-0.075045,0.00380929,0.14894541657702695
25.4167,7.5,0.05,0.138868,-0.0704999,0.0038078,0.15578529027109717
25.5833,7.5,0.05,0.149454,-0.0663085,0.00377705,0.16354687827944775
25.75,7.5,0.05,0.160326,-0.0624197,0.00373077,0.17208882552008686
25.9167,7.5,0.05,0.17148,-0.0586946,0.00367862,0.18128424838982674
26.0833,7.5,0.05,0.182904,-0.0551021,0.00361962,0.19105814897395612
26.25,7.5,0.05,0.194574,-0.0516169,0.00355323,0.2013354695155399
26.4167,7.5,0.05,0.206465,-0.0481989,0.00348087,0.21204491656761523
26.5833,7.5,0.05,0.218565,-0.0447947,0.00340512,0.22313408349085626
26.75,7.5,0.05,0.230873,-0.0413413,0.00332901,0.23456881191298665
26.9167,7.5,0.05,0.243408,-0.0377547,0.00325332,0.24634012244681622
27.0833,7.5,0.05,0.256231,-0.0339223,0.003173,0.2584862002647143
27.25,7.5,0.05,0.269526,-0.0296893,0.00306988,0.27117364063216837
27.4167,7.5,0.05,0.283325,-0.0247816,0.00287792,0.28442128216272144
27.5833,7.5,0.05,0.298913,-0.0186039,0.00268596,0.2995034240961722
27.75,7.5,0.05,0.315664,-0.0110832,0.00258545,0.3158690911911808
27.9167,7.5,0.05,0.333444,-0.00204662,0.00248116,0.3334595117017507
28.0833,7.5,0.05,0.352104,0.0088381,0.00232383,0.3522225702783382
28.25,7.5,0.05,0.371827,0.0220835,0.00209809,0.37248812180108254
28.4167,7.5,0.05,0.391146,0.0374402,0.00189994,0.39293838151043936
28.5833,7.5,0.05,0.409638,0.0548697,0.00179821,0.4133003854114996
28.75,7.5,0.05,0.426714,0.0746397,0.00178787,0.43319639782808317
28.9167,7.5,0.05,0.441689,0.0973485,0.00195364,0.45229384241055015
29.0833,7.5,0.05,0.453771,0.123815,0.00242644,0.47036598758527765
29.25,7.5,0.05,0.461626,0.155039,0.00344593,0.4869779562059918
29.4167,7.5,0.05,0.463583,0.192421,0.0054904,0.5019613367801947
29.5833,7.5,0.05,0.453754,0.238025,0.00963421,0.512485522862182
29.75,7.5,0.05,0.43541,0.296105,0.0188097,0.5268907324475256
29.9167,7.5,0.05,0.342933,0.367669,0.0410657,0.5044501241614379
0.0833333,7.83333,0.05,6.2391e-05,-0.0125904,-9.841e-05,0.012590939175652505
0.25,7.83333,0.05,0.000189195,-0.0125525,-0.000101044,0.012554332355325031
0.416667,7.83333,0.05,0.000322305,-0.0124935,-0.000103685,0.012498086787274681
0.583333,7.83333,0.05,0.00046328,-0.0124134,-0.000106924,0.012422502189984752
0.75,7.83333,0.05,0.000614006,-0.0123126,-0.000110773,0.012328397819082777
0.916667,7.83333,0.05,0.000776166,-0.0121919,-0.000115155,0.012217124045518283
1.08333,7.83333,0.05,0.000951298,-0.012052,-0.000119952,0.012090081073636686
1.25,7.83333,0.05,0.00114068,-0.011894,-0.000125018,0.01194922660102837
1.41667,7.83333,0.05,0.00134531,-0.0117187,-0.000130195,0.011796386710519666
1.58333,7.83333,0.05,0.00156588,-0.0115269,-0.000135321,0.011633559883261915
1.75,7.83333,0.05,0.0018028,-0.0113194,-0.000140243,0.01146292163015385
1.91667,7.83333,0.05,0.00205623,-0.011097,-0.000144821,0.011286827009170513
2.08333,7.83333,0.05,0.00232607,-0.0108602,-0.000148936,0.011107507714019199
2.25,7.83333,0.05,0.00261205,-0.0106097,-0.000152487,0.010927570250411066
2.41667,7.83333,0.05,0.00291375,-0.0103461,-0.000155395,0.010749691710859667
2.58333,7.83333,0.05,0.00323065,-0.0100698,-0.0001576,0.01057652160317843
2.75,7.83333,0.05,0.00356216,-0.00978125,-0.000159059,0.010410914234282262
2.91667,7.83333,0.05,0.00390765,-0.00948095,-0.000159744,0.01025590851999646
3.08333,7.83333,0.05,0.00426649,-0.00916933,-0.000159641,0.01011459513860446
3.25,7.83333,0.05,0.00463808,-0.00884682,-0.000158749,0.009990155726704213
3.41667,7.83333,0.05,0.00502185,-0.00851385,-0.000157076,0.009885812668403948
3.58333,7.83333,0.05,0.0054173,-0.0081709,-0.00015464,0.009804828383485353
3.75,7.83333,0.05,0.00582399,-0.00781843,-0.000151467,0.009750366630906194
3.91667,7.83333,0.05,0.0062416,-0.00745696,-0.000147591,0.009725513153807413
4.08333,7.83333,0.05,0.00666987,-0.00708703,-0.00014305,0.009733119918109507
4.25,7.83333,0.05,0.00710868,-0.00670922,-0.000137893,0.009775785330614057
4.41667,7.83333,0.05,0.007558,-0.00632418,-0.000132169,0.009855764065609576
4.58333,7.83333,0.05,0.00801793,-0.00593257,-0.000125934,0.009974890859661372
4.75,7.83333,0.05,0.00848867,-0.00553514,-0.000119247,0.010134570194907577
4.91667,7.83333,0.05,0.00897056,-0.00513266,-0.000112169,0.010335749961844134
5.08333,7.83333,0.05,0.00946404,-0.00472598,-0.000104766,0.010578937375594772
5.25,7.83333,0.05,0.00996965,-0.00431601,-9.71016e-05,0.010864220734287507
5.41667,7.83333,0.05,0.010488,-0.0039037,-8.92415e-05,0.01119129044102253
5.58333,7.83333,0.05,0.01102,-0.00349007,-8.12514e-05,0.011559740066061258
5.75,7.83333,0.05,0.0115663,-0.00307619,-7.31945e-05,0.011968608859885523
5.91667,7.83333,0.05,0.0121279,-0.0026632,-6.51337e-05,0.012417038094846762
6.08333,7.83333,0.05,0.0127058,-0.00225221,-5.71251e-05,0.012903994218890134
6.25,7.83333,0.05,0.0133009,-0.00184463,-4.92273e-05,0.01342829192317345
6.41667,7.83333,0.05,0.0139147,-0.00144203,-4.14209e-05,0.013989283123228896
6.58333,7.83333,0.05,0.0145502,-0.00104533,-3.38799e-05,0.014587740835939058
6.75,7.83333,0.05,0.0152097,-0.000654314,-2.75233e-05,0.015223792511481458
6.91667,7.83333,0.05,0.0159036,-0.000262991,-2.21063e-05,0.015905789697923858
7.08333,7.83333,0.05,0.0166275,0.000124313,-1.62486e-05,0.01662797263616256
7.25,7.83333,0.05,0.0173804,0.000504619,-9.78407e-06,0.01738772671234474
7.41667,7.83333,0.05,0.0181592,0.000873042,-2.96094e-06,0.01818017479951526
7.58333,7.83333,0.05,0.0189597,0.00122381,3.19526e-06,0.018999156434320617
7.75,7.83333,0.05,0.0197849,0.00155565,7.86873e-06,0.01984596626141977
7.91667,7.83333,0.05,0.0206351,0.00186653,1.1392e-05,0.020719348832155995
8.08333,7.83333,0.05,0.021511,0.00215471,1.42178e-05,0.021618651630708533
8.25,7.83333,0.05,0.0224129,0.0024187,1.6509e-05,0.022543035923474924
8.41667,7.83333,0.05,0.0233414,0.00265701,1.84219e-05,0.023492147527769777
8.58333,7.83333,0.05,0.0242967,0.00286817,2.0036e-05,0.024465412963614493
8.75,7.83333,0.05,0.0252791,0.00305107,2.13977e-05,0.025462568268273044
8.91667,7.83333,0.05,0.0262891,0.00320482,2.24872e-05,0.026483733794851583
9.08333,7.83333,0.05,0.0273268,0.00332838,2.32696e-05,0.027528760472253087
9.25,7.83333,0.05,0.0283924,0.00342063,2.37425e-05,0.028597721081638765
9.41667,7.83333,0.05,0.029486,0.00348047,2.39085e-05,0.029690713009917297
9.58333,7.83333,0.05,0.0306077,0.00350693,2.37712e-05,0.030807960373657482
9.75,7.83333,0.05,0.0317572,0.003499,2.33507e-05,0.03194938650577176
9.91667,7.83333,0.05,0.0329345,0.00345575,2.26804e-05,0.03311531387006688
10.0833,7.83333,0.05,0.0341393,0.00337672,2.17859e-05,0.03430589624355904
10.25,7.83333,0.05,0.0353715,0.00326179,2.06276e-05,0.035521580929795085
10.4167,7.83333,0.05,0.0366309,0.00311073,1.91654e-05,0.036762750757464505
10.5833,7.83333,0.05,0.0379171,0.0029234,1.73763e-05,0.03802963373352157
10.75,7.83333,0.05,0.0392296,0.0026997,1.5209e-05,0.03932238710408718
10.9167,7.83333,0.05,0.0405679,0.00243971,1.25674e-05,0.040641196503469756
11.0833,7.83333,0.05,0.0419314,0.00214341,9.5726e-06,0.04198614776355138
11.25,7.83333,0.05,0.0433182,0.00181042,6.71493e-06,0.04335601592520564
11.4167,7.83333,0.05,0.0447277,0.00144058,5.44204e-06,0.044750893260829996
11.5833,7.83333,0.05,0.0461488,0.00102828,5.78086e-06,0.0461602549236542
11.75,7.83333,0.05,0.0475827,0.000572782,6.17364e-06,0.047586147738846805
11.9167,7.83333,0.05,0.0490322,7.51494e-05,6.20691e-06,0.04903225798184346
12.0833,7.83333,0.05,0.0504993,-0.000463623,6.26775e-06,0.05050142855465396
12.25,7.83333,0.05,0.0519864,-0.00104249,5.92316e-06,0.05199685188012756
12.4167,7.83333,0.05,0.0534987,-0.00165886,2.74276e-06,0.053524412427530046
12.5833,7.83333,0.05,0.0550502,-0.00230782,-3.6942e-06,0.055098553219113784
12.75,7.83333,0.05,0.0566348,-0.00299593,-1.12426e-05,0.056713986758126556
12.9167,7.83333,0.05,0.0582517,-0.00372743,-1.9402e-05,0.05837083744244641
13.0833,7.83333,0.05,0.0598996,-0.00450552,-2.8361e-05,0.060068815495036364
13.25,7.83333,0.05,0.0615786,-0.00533158,-3.81993e-05,0.061808989495403664
13.4167,7.83333,0.05,0.0632903,-0.00620481,-4.8529e-05,0.06359374258753718
13.5833,7.83333,0.05,0.0650369,-0.00712453,-5.92583e-05,0.06542599484056026
13.75,7.83333,0.05,0.0668196,-0.00809122,-7.0471e-05,0.06730773916430592
13.9167,7.83333,0.05,0.0686392,-0.00910601,-8.23189e-05,0.06924063814813809
14.0833,7.83333,0.05,0.0704968,-0.0101703,-9.49525e-05,0.07122670024862346
14.25,7.83333,0.05,0.072394,-0.0112868,-0.000108507,0.07326864857501501
14.4167,7.83333,0.05,0.0743327,-0.0124591,-0.000123093,0.07536971947663497
14.5833,7.83333,0.05,0.0763153,-0.0136916,-0.000138815,0.07753389061729216
14.75,7.83333,0.05,0.0783446,-0.0149896,-0.000155777,0.07976583682124654
14.9167,7.83333,0.05,0.0804238,-0.0163589,-0.000174089,0.08207089327301076
15.0833,7.83333,0.05,0.0825566,-0.0178065,-0.000193859,0.08445532089289508
15.25,7.83333,0.05,0.0847471,-0.0193403,-0.000215223,0.08692620136322379
15.4167,7.83333,0.05,0.0869993,-0.0209697,-0.000238343,0.08949113546025467
15.5833,7.83333,0.05,0.0893179,-0.0227056,-0.000263424,0.09215910657104798
15.75,7.83333,0.05,0.0917074,-0.0245606,-0.000290709,0.09493974298913327
15.9167,7.83333,0.05,0.0941724,-0.0265499,-0.000320501,0.09784396165661426
16.0833,7.83333,0.05,0.0967175,-0.0286907,-0.000353155,0.10088387280033427
16.25,7.83333,0.05,0.0993469,-0.0310034,-0.000389099,0.10407290112801604
16.4167,7.83333,0.05,0.102064,-0.0335116,-0.00042883,0.10742565487689103
16.5833,7.83333,0.05,0.104872,-0.0362428,-0.00047293,0.11095900413497276
16.75,7.83333,0.05,0.107772,-0.0392283,-0.000522049,0.11469061007793271
16.9167,7.83333,0.05,0.110762,-0.0425042,-0.000576911,0.11863878155115183
17.0833,7.83333,0.05,0.113837,-0.0461113,-0.000638279,0.12282313282428453
17.25,7.83333,0.05,0.116987,-0.0500954,-0.000706908,0.12726353361855255
17.4167,7.83333,0.05,0.120195,-0.0545071,-0.000783458,0.1319790732724236
17.5833,7.83333,0.05,0.123435,-0.0594013,-0.000868366,0.13698710788318716
17.75,7.83333,0.05,0.126667,-0.0648359,-0.000961643,0.14229949956015112
17.9167,7.83333,0.05,0.129836,-0.0708687,-0.00106262,0.14792190066705607
18.0833,7.83333,0.05,0.132864,-0.0775538,-0.0011696,0.1538466845746115
18.25,7.83333,0.05,0.135649,-0.084935,-0.0012795,0.16005074990842746
18.4167,7.83333,0.05,0.138059,-0.0930365,-0.00138752,0.16648724583282767
18.5833,7.83333,0.05,0.139928,-0.10185,-0.00148685,0.17307651026907866
18.75,7.83333,0.05,0.14106,-0.11132,-0.00156897,0.17970121776677225
18.9167,7.83333,0.05,0.141232,-0.121323,-0.00162404,0.1861944834277364
19.0833,7.83333,0.05,0.140216,-0.131651,-0.00164353,0.19234139868437292
19.25,7.83333,0.05,0.137805,-0.142004,-0.00162123,0.19788375988876122
19.4167,7.83333,0.05,0.133862,-0.151981,-0.00156134,0.20253320021072005
19.5833,7.83333,0.05,0.128375,-0.161126,-0.00147466,0.20601918144463052
19.75,7.83333,0.05,0.121513,-0.168979,-0.00138864,0.20813755050698948
19.9167,7.83333,0.05,0.113666,-0.175195,-0.00133676,0.2088421281932781
20.0833,7.83333,0.05,0.105347,-0.179681,-0.00132532,0.20829068304439927
20.25,7.83333,0.05,0.0970502,-0.182549,-0.00135639,0.20674795891343667
20.4167,7.83333,0.05,0.0891759,-0.184069,-0.00141437,0.20453786530690818
20.5833,7.83333,0.05,0.0819505,-0.184587,-0.00147273,0.20196636837083273
20.75,7.83333,0.05,0.0754356,-0.184407,-0.00151481,0.19924549190808835
20.9167,7.83333,0.05,0.0695949,-0.183754,-0.00152774,0.19649762495134032
21.0833,7.83333,0.05,0.0643402,-0.182765,-0.00150539,0.1937652516838148
21.25,7.83333,0.05,0.0595712,-0.181504,-0.00144665,0.1910353964103577
21.4167,7.83333,0.05,0.0552057,-0.179978,-0.00135353,0.18825934728440682
21.5833,7.83333,0.05,0.0511888,-0.17817,-0.0012298,0.18538164567583273
21.75,7.83333,0.05,0.0474974,-0.176055,-0.00107978,0.1823527678885308
21.9167,7.83333,0.05,0.0441295,-0.17362,-0.000907496,0.17914279421522936
22.0833,7.83333,0.05,0.0411005,-0.170865,-0.000717441,0.1757401890486023
22.25,7.83333,0.05,0.0384325,-0.167812,-0.000514433,0.17215745421433684
22.4167,7.83333,0.05,0.0361513,-0.164491,-0.000303355,0.16841703475879755
22.5833,7.83333,0.05,0.0342816,-0.160949,-8.77549e-05,0.16455946159514037
22.75,7.83333,0.05,0.0328413,-0.157236,0.000129096,0.1606291609498948
22.9167,7.83333,0.05,0.0318463,-0.153404,0.000343526,0.15667511624314398
23.0833,7.83333,0.05,0.0313048,-0.149502,0.000555023,0.15274536509357828
23.25,7.83333,0.05,0.0312193,-0.14557,0.00076179,0.14888199997479246
23.4167,7.83333,0.05,0.0315893,-0.14164,0.000962166,0.1451230486101417
23.5833,7.83333,0.05,0.0324128,-0.137734,0.0011549,0.1415011595494892
23.75,7.83333,0.05,0.0336879,-0.133872,0.00133844,0.13805208586632656
23.9167,7.83333,0.05,0.0354126,-0.130069,0.00151148,0.13481202309716445
24.0833,7.83333,0.05,0.037585,-0.126335,0.00167274,0.13181791421922742
24.25,7.83333,0.05,0.0402018,-0.122676,0.00182107,0.12910810197344277
24.4167,7.83333,0.05,0.0432605,-0.119091,0.00195578,0.12672001505941516
24.5833,7.83333,0.05,0.046762,-0.11557,0.00207677,0.1246893039423707
24.75,7.83333,0.05,0.0507072,-0.112104,0.00218429,0.1230581085123776
24.9167,7.83333,0.05,0.0550944,-0.108692,0.00227786,0.12187917140159593
25.0833,7.83333,0.05,0.0599225,-0.105328,0.00235667,0.12120333115776522
25.25,7.83333,0.05,0.065188,-0.102003,0.00242094,0.12107827345764226
25.4167,7.83333,0.05,0.0708835,-0.0987073,0.00247068,0.12154713450016993
25.5833,7.83333,0.05,0.0769914,-0.0954291,0.00250551,0.12264039457344428
25.75,7.83333,0.05,0.0834854,-0.0921428,0.00252679,0.12436435290188302
25.9167,7.83333,0.05,0.0903444,-0.0888303,0.0025377,0.12672558041192789
26.0833,7.83333,0.05,0.0975497,-0.0854824,0.00254089,0.1297291054537959
26.25,7.83333,0.05,0.105078,-0.0820885,0.00253822,0.13336547708090876
26.4167,7.83333,0.05,0.112899,-0.0786376,0.00253108,0.13760982050975287
26.5833,7.83333,0.05,0.120983,-0.0751152,0.00252,0.1424272795500918
26.75,7.83333,0.05,0.129299,-0.0715039,0.00250501,0.147774538372854
26.9167,7.83333,0.05,0.137812,-0.0677875,0.00248515,0.15360165516937796
27.0833,7.83333,0.05,0.146489,-0.0639602,0.0024589,0.15986237985920893
27.25,7.83333,0.05,0.1553,-0.0600419,0.0024255,0.16652027746151518
27.4167,7.83333,0.05,0.164194,-0.0561373,0.00238704,0.1735418221848889
27.5833,7.83333,0.05,0.173169,-0.0521573,0.0023696,0.18086874110373521
27.75,7.83333,0.05,0.182336,-0.0476813,0.00238642,0.18848240837305322
27.9167,7.83333,0.05,0.191886,-0.0422343,0.00244254,0.19649411974443814
28.0833,7.83333,0.05,0.2022,-0.0353195,0.00255456,0.2052774533577509
28.25,7.83333,0.05,0.213091,-0.0262049,0.00271899,0.21471344618265084
28.4167,7.83333,0.05,0.226543,-0.0133128,0.00275759,0.22695058007294913
28.5833,7.83333,0.05,0.242437,0.0039567,0.00253536,0.242482540596678
28.75,7.83333,0.05,0.260445,0.0257329,0.00231673,0.26172341776253594
28.9167,7.83333,0.05,0.278483,0.0512804,0.00230574,0.28317446415612335
29.0833,7.83333,0.05,0.295848,0.0810267,0.0025512,0.3067537674395051
29.25,7.83333,0.05,0.311053,0.115887,0.00324482,0.33195525968845924
29.4167,7.83333,0.05,0.322605,0.157269,0.00480042,0.3589297541555679
29.5833,7.83333,0.05,0.325061,0.207237,0.00812944,0.3855877535460814
29.75,7.83333,0.05,0.322408,0.270279,0.0157692,0.42100632296159163
29.9167,7.83333,0.05,0.257482,0.346757,0.0340169,0.4332372870132602
0.0833333,8.16667,0.05,4.70177e-05,-0.0123855,-0.000118622,0.01238615727709758
0.25,8.16667,0.05,0.00014341,-0.0123494,-0.000121467,0.012350829972928499
0.416667,8.16667,0.05,0.000246011,-0.0122933,-0.000124209,0.012296388664067268
0.583333,8.16667,0.05,0.000356674,-0.0122171,-0.000127543,0.012222970832376433
0.75,8.16667,0.05,0.000477211,-0.0121213,-0.000131477,0.01213140264891286
0.916667,8.16667,0.05,0.000609302,-0.0120067,-0.00013592,0.012022918450343244
1.08333,8.16667,0.05,0.000754431,-0.0118741,-0.000140733,0.011898874851054196
1.25,8.16667,0.05,0.000913792,-0.0117244,-0.000145752,0.01176085944243736
1.41667,8.16667,0.05,0.00108826,-0.0115587,-0.0001508,0.011610796534157338
1.58333,8.16667,0.05,0.00127837,-0.0113778,-0.0001557,0.011450449999318804
1.75,8.16667,0.05,0.00148437,-0.0111825,-0.000160286,0.011281726470212616
1.91667,8.16667,0.05,0.00170619,-0.0109736,-0.000164411,0.011106665217472838
2.08333,8.16667,0.05,0.00194354,-0.0107519,-0.000167951,0.010927438349402891
2.25,8.16667,0.05,0.00219592,-0.010518,-0.000170803,0.010746141740699728
2.41667,8.16667,0.05,0.0024627,-0.0102726,-0.000172889,0.010565088388476501
2.58333,8.16667,0.05,0.00274313,-0.0100161,-0.000174149,0.010386402133612053
2.75,8.16667,0.05,0.0030364,-0.00974926,-0.000174544,0.010212652011869197
2.91667,8.16667,0.05,0.00334167,-0.0094725,-0.00017405,0.010046158870005989
3.08333,8.16667,0.05,0.0036581,-0.00918637,-0.000172656,0.00988943372904819
3.25,8.16667,0.05,0.00398488,-0.00889139,-0.000170366,0.009745004326343627
3.41667,8.16667,0.05,0.00432125,-0.00858808,-0.000167192,0.009615418493948352
3.58333,8.16667,0.05,0.00466652,-0.00827697,-0.00016316,0.009503223793897522
3.75,8.16667,0.05,0.00502008,-0.0079586,-0.0001583,0.009410928543794177
3.91667,8.16667,0.05,0.00538143,-0.00763356,-0.000152656,0.009341002674918577
4.08333,8.16667,0.05,0.00575016,-0.00730242,-0.000146274,0.00929575569628828
4.25,8.16667,0.05,0.00612601,-0.00696582,-0.00013921,0.0092773932878045
4.41667,8.16667,0.05,0.00650882,-0.0066244,-0.000131524,0.009287879828840164
4.58333,8.16667,0.05,0.00689859,-0.00627886,-0.000123283,0.00932897773530353
4.75,8.16667,0.05,0.00729543,-0.00592992,-0.000114555,0.009402147251523186
4.91667,8.16667,0.05,0.0076996,-0.00557833,-0.000105416,0.00950856026336038
5.08333,8.16667,0.05,0.00811148,-0.00522491,-9.59391e-05,0.009649093045950423
5.25,8.16667,0.05,0.00853157,-0.00487049,-8.62027e-05,0.009824295924415515
5.41667,8.16667,0.05,0.00896052,-0.00451594,-7.62829e-05,0.01003446320611284
5.58333,8.16667,0.05,0.00939905,-0.0041622,-6.62563e-05,0.010279612815655544
5.75,8.16667,0.05,0.009848,-0.00381021,-5.61963e-05,0.010559543658143268
5.91667,8.16667,0.05,0.0103083,-0.00346097,-4.61744e-05,0.010873890486211242
6.08333,8.16667,0.05,0.0107809,-0.00311552,-3.62565e-05,0.011222102486352201
6.25,8.16667,0.05,0.0112669,-0.00277491,-2.65057e-05,0.011603614250320134
6.41667,8.16667,0.05,0.0117673,-0.00244013,-1.69763e-05,0.01201764835155621
6.58333,8.16667,0.05,0.0122833,-0.00211234,-7.73011e-06,0.012463606978728132
6.75,8.16667,0.05,0.0128158,-0.0017933,1.19302e-06,0.012940659023144716
6.91667,8.16667,0.05,0.0133666,-0.00148436,9.94925e-06,0.013448770172665436
7.08333,8.16667,0.05,0.0139381,-0.00118599,1.83022e-05,0.013988478790083818
7.25,8.16667,0.05,0.0145331,-0.000898622,2.57062e-05,0.014560878336062094
7.41667,8.16667,0.05,0.0151561,-0.000620881,3.16857e-05,0.015168845190381024
7.58333,8.16667,0.05,0.0158115,-0.000352071,3.68583e-05,0.01581546220549118
7.75,8.16667,0.05,0.0164957,-9.63839e-05,4.21603e-05,0.01649603545816616
7.91667,8.16667,0.05,0.0172087,0.000143793,4.74313e-05,0.017209366108171118
8.08333,8.16667,0.05,0.0179495,0.000365833,5.23204e-05,0.017953303914827076
8.25,8.16667,0.05,0.0187173,0.000567501,5.67622e-05,0.018725987253609615
8.41667,8.16667,0.05,0.0195112,0.00074681,6.07158e-05,0.019525581605280534
8.58333,8.16667,0.05,0.0203311,0.000902023,6.43293e-05,0.020351201708040917
8.75,8.16667,0.05,0.0211733,0.00102986,6.74511e-05,0.021198438484013184
8.91667,8.16667,0.05,0.0220398,0.00112944,6.97014e-05,0.022068830441116762
9.08333,8.16667,0.05,0.0229308,0.00119998,7.11305e-05,0.02296228647561976
9.25,8.16667,0.05,0.0238465,0.00124072,7.18975e-05,0.023878863407183062
9.41667,8.16667,0.05,0.0247867,0.00125092,7.21377e-05,0.02481835009794489
9.58333,8.16667,0.05,0.0257512,0.00122992,7.19768e-05,0.02578065525362259
9.75,8.16667,0.05,0.0267395,0.00117725,7.1627e-05,0.026765498467983536
9.91667,8.16667,0.05,0.0277508,0.00109214,7.13934e-05,0.027772374177177643
10.0833,8.16667,0.05,0.0287807,0.000972051,7.10836e-05,0.028797198275436274
10.25,8.16667,0.05,0.0298304,0.000816681,7.03373e-05,0.029841660130621627
10.4167,8.16667,0.05,0.0308998,0.000625764,6.92033e-05,0.03090621312487874
10.5833,8.16667,0.05,0.0319887,0.000399075,6.77892e-05,0.031991261055501735
10.75,8.16667,0.05,0.0330974,0.000136436,6.62007e-05,0.03309774741692818
10.9167,8.16667,0.05,0.034226,-0.000162244,6.45814e-05,0.034226445475286534
11.0833,8.16667,0.05,0.0353749,-0.000496952,6.28643e-05,0.03537844630874169
11.25,8.16667,0.05,0.0365461,-0.000867577,6.05311e-05,0.036556446477673345
11.4167,8.16667,0.05,0.0377398,-0.00127389,5.60028e-05,0.037761335199986076
11.5833,8.16667,0.05,0.0389676,-0.00171155,4.89001e-05,0.03900520022230728
11.75,8.16667,0.05,0.0402264,-0.00218368,4.08934e-05,0.040285647414092324
11.9167,8.16667,0.05,0.0415131,-0.0026938,3.25806e-05,0.041600421771245254
12.0833,8.16667,0.05,0.0428262,-0.00324407,2.37758e-05,0.04294889942587081
12.25,8.16667,0.05,0.0441646,-0.00383593,1.4161e-05,0.04433087471118544
12.4167,8.16667,0.05,0.0455279,-0.00446996,3.64518e-06,0.045746805725634415
12.5833,8.16667,0.05,0.0469169,-0.00514502,-7.34402e-06,0.04719816511629482
12.75,8.16667,0.05,0.0483328,-0.00585944,-1.8685e-05,0.048686681362389295
12.9167,8.16667,0.05,0.0497758,-0.00661298,-3.04664e-05,0.050213172557825196
13.0833,8.16667,0.05,0.0512458,-0.00740594,-4.28275e-05,0.051778198106136875
13.25,8.16667,0.05,0.0527426,-0.0082388,-5.59076e-05,0.053382233054263824
13.4167,8.16667,0.05,0.0542665,-0.0091125,-6.97863e-05,0.05502631687318049
13.5833,8.16667,0.05,0.0558179,-0.0100287,-8.45134e-05,0.056711726535301134
13.75,8.16667,0.05,0.0573975,-0.0109896,-0.000100121,0.0584401774349175
13.9167,8.16667,0.05,0.0590064,-0.0119974,-0.000116649,0.06021383939518557
14.0833,8.16667,0.05,0.0606458,-0.0130548,-0.000134123,0.062035142053993304
14.25,8.16667,0.05,0.062317,-0.0141646,-0.000152568,0.06390671059563796
14.4167,8.16667,0.05,0.0640216,-0.0153302,-0.000172013,0.0658316784464149
14.5833,8.16667,0.05,0.0657612,-0.0165555,-0.000192508,0.06781339886055016
14.75,8.16667,0.05,0.0675375,-0.017845,-0.000214114,0.0698555923033725
14.9167,8.16667,0.05,0.0693522,-0.0192043,-0.000236909,0.0719624131696838
15.0833,8.16667,0.05,0.071207,-0.0206396,-0.000260985,0.07413837097165155
15.25,8.16667,0.05,0.0731038,-0.0221584,-0.000286454,0.07638875781745712
15.4167,8.16667,0.05,0.0750444,-0.0237692,-0.00031344,0.0787193437766957
15.5833,8.16667,0.05,0.0770304,-0.0254821,-0.000342095,0.08113653291556785
15.75,8.16667,0.05,0.0790633,-0.0273085,-0.000372587,0.08364746499573415
15.9167,8.16667,0.05,0.0811443,-0.0292615,-0.000405118,0.08626005405362279
16.0833,8.16667,0.05,0.083274,-0.0313558,-0.000439913,0.08898280054644025
16.25,8.16667,0.05,0.0854523,-0.0336085,-0.000477232,0.09182513053582785
16.4167,8.16667,0.05,0.0876782,-0.0360385,-0.000517369,0.09479719356696252
16.5833,8.16667,0.05,0.0899488,-0.0386671,-0.000560655,0.09790937431052771
16.75,8.16667,0.05,0.0922596,-0.041518,-0.000607443,0.10117285754172534
16.9167,8.16667,0.05,0.0946032,-0.0446173,-0.000658112,0.10459876682320181
17.0833,8.16667,0.05,0.0969687,-0.0479934,-0.000713035,0.10819798354018076
17.25,8.16667,0.05,0.0993405,-0.0516769,-0.000772554,0.11198050622114063
17.4167,8.16667,0.05,0.101697,-0.0556997,-0.000836926,0.11595446017389531
17.5833,8.16667,0.05,0.104009,-0.0600944,-0.00090626,0.12012506108030747
17.75,8.16667,0.05,0.106238,-0.0648929,-0.000980422,0.12449322207135649
17.9167,8.16667,0.05,0.108333,-0.0701239,-0.00105893,0.1290523985556057
18.0833,8.16667,0.05,0.110229,-0.0758103,-0.00114083,0.1337869033955824
18.25,8.16667,0.05,0.111848,-0.0819646,-0.00122458,0.1386710869407765
18.4167,8.16667,0.05,0.113091,-0.0885839,-0.00130803,0.14366068551517808
18.5833,8.16667,0.05,0.113845,-0.0956429,-0.00138839,0.14869490903256272
18.75,8.16667,0.05,0.113982,-0.103086,-0.00146259,0.15369046453670474
18.9167,8.16667,0.05,0.113368,-0.110821,-0.00152765,0.15854315242079203
19.0833,8.16667,0.05,0.111877,-0.118709,-0.00158191,0.16312814671064002
19.25,8.16667,0.05,0.109408,-0.126566,-0.00162561,0.16730721869624188
19.4167,8.16667,0.05,0.105913,-0.134162,-0.00166358,0.1709379223911897
19.5833,8.16667,0.05,0.101425,-0.141247,-0.00170376,0.17389838536380262
19.75,8.16667,0.05,0.0960818,-0.147574,-0.00175887,0.17610477390155244
19.9167,8.16667,0.05,0.09013,-0.15295,-0.00184039,0.17754015443091203
20.0833,8.16667,0.05,0.0838762,-0.157288,-0.00194671,0.17826531224628112
20.25,8.16667,0.05,0.0776155,-0.160601,-0.00207091,0.17838479674422397
20.4167,8.16667,0.05,0.0715871,-0.162988,-0.00219767,0.1780298592479332
20.5833,8.16667,0.05,0.0659349,-0.164599,-0.00230813,0.1773289860770283
20.75,8.16667,0.05,0.0607114,-0.16559,-0.00238845,0.1763848828084836
20.9167,8.16667,0.05,0.0559058,-0.166096,-0.00242977,0.1752690602242532
21.0833,8.16667,0.05,0.0514737,-0.16622,-0.00242928,0.17402451434498648
21.25,8.16667,0.05,0.047357,-0.166029,-0.0023882,0.17266736167915464
21.4167,8.16667,0.05,0.0435081,-0.165567,-0.00231044,0.17120375109092556
21.5833,8.16667,0.05,0.0398905,-0.164853,-0.00220207,0.16962491772005345
21.75,8.16667,0.05,0.0364914,-0.163895,-0.00206906,0.16792103593130792
21.9167,8.16667,0.05,0.0333055,-0.162702,-0.00191558,0.16608692477430728
22.0833,8.16667,0.05,0.030344,-0.161284,-0.0017461,0.16412292910257847
22.25,8.16667,0.05,0.0276197,-0.159655,-0.00156525,0.1620339990886249
22.4167,8.16667,0.05,0.0251525,-0.157828,-0.00137755,0.15982560334393392
22.5833,8.16667,0.05,0.0229608,-0.155829,-0.00118536,0.15751596952680574
22.75,8.16667,0.05,0.0210582,-0.153684,-0.000990444,0.15512317886942986
22.9167,8.16667,0.05,0.0194577,-0.151418,-0.000796501,0.15266514738843637
23.0833,8.16667,0.05,0.0181679,-0.149059,-0.000606437,0.1501633305346048
23.25,8.16667,0.05,0.017196,-0.146632,-0.000422782,0.14763747689736345
23.4167,8.16667,0.05,0.0165472,-0.144158,-0.000247463,0.14510478982368696
23.5833,8.16667,0.05,0.0162248,-0.141651,-8.18881e-05,0.1425771953774548
23.75,8.16667,0.05,0.0162338,-0.139129,7.31848e-05,0.14007291051254325
23.9167,8.16667,0.05,0.0165785,-0.136603,0.000216382,0.1376054980457537
24.0833,8.16667,0.05,0.0172631,-0.134081,0.000346932,0.1351882004629939
24.25,8.16667,0.05,0.018291,-0.131568,0.000464498,0.1328341637659228
24.4167,8.16667,0.05,0.0196654,-0.129065,0.000568866,0.13055583399712922
24.5833,8.16667,0.05,0.0213904,-0.126569,0.000660486,0.12836548295751546
24.75,8.16667,0.05,0.0234694,-0.124078,0.000740675,0.12628028911835618
24.9167,8.16667,0.05,0.0259036,-0.121598,0.000808256,0.12432909303425942
25.0833,8.16667,0.05,0.0286997,-0.11913,0.000861425,0.12254130623230938
25.25,8.16667,0.05,0.0318627,-0.11667,0.000901373,0.12094599218070488
25.4167,8.16667,0.05,0.0353937,-0.114215,0.000928478,0.11957693045101335
25.5833,8.16667,0.05,0.0392926,-0.111761,0.000943307,0.11847075320034159
25.75,8.16667,0.05,0.0435573,-0.109297,0.000946901,0.11766039781419152
25.9167,8.16667,0.05,0.0481869,-0.106805,0.000940941,0.1171758111837741
26.0833,8.16667,0.05,0.0531761,-0.104264,0.00092708,0.11704502887579804
26.25,8.16667,0.05,0.0585171,-0.101654,0.000907544,0.11729710288204877
26.4167,8.16667,0.05,0.0641949,-0.09896,0.000884863,0.11796122146086302
26.5833,8.16667,0.05,0.0701987,-0.0961561,0.000860822,0.11905710421228832
26.75,8.16667,0.05,0.0765144,-0.0932021,0.000837923,0.12058933189434265
26.9167,8.16667,0.05,0.0831205,-0.0900503,0.000819087,0.1225509891998166
27.0833,8.16667,0.05,0.0899878,-0.0866431,0.000807109,0.12492190501024182
27.25,8.16667,0.05,0.097077,-0.0829174,0.000805371,0.12767101383715743
27.4167,8.16667,0.05,0.104324,-0.0788092,0.000817165,0.13074805826197658
27.5833,8.16667,0.05,0.111641,-0.0742177,0.00084693,0.13406228837639203
27.75,8.16667,0.05,0.118934,-0.0690331,0.000897831,0.1375197125946479
27.9167,8.16667,0.05,0.126147,-0.0631672,0.000971007,0.14108190394034967
28.0833,8.16667,0.05,0.133269,-0.0565552,0.00107179,0.14477660633487752
28.25,8.16667,0.05,0.140263,-0.0492285,0.00121598,0.14865608964522914
28.4167,8.16667,0.05,0.147338,-0.0407003,0.00144208,0.15286294599678626
28.5833,8.16667,0.05,0.154805,-0.0297345,0.00185393,0.15764569633102865
28.75,8.16667,0.05,0.163305,-0.01457,0.00219537,0.16396837370187248
28.9167,8.16667,0.05,0.175467,0.00723053,0.00228968,0.1756308380882563
29.0833,8.16667,0.05,0.189329,0.0352698,0.00247799,0.19260210140982392
29.25,8.16667,0.05,0.203749,0.0697128,0.00303025,0.21536645955185899
29.4167,8.16667,0.05,0.217559,0.111722,0.00425569,0.24460546735994293
29.5833,8.16667,0.05,0.225635,0.16315,0.0069069,0.2785260867362517
29.75,8.16667,0.05,0.232198,0.228441,0.0131463,0.3259969737416131
29.9167,8.16667,0.05,0.188032,0.307381,0.0278655,0.36140780051798826
0.0833333,8.5,0.05,3.09909e-05,-0.0120317,-0.000140175,0.012032556434794221
0.25,8.5,0.05,9.55249e-05,-0.0119976,-0.000143243,0.011998835331963224
0.416667,8.5,0.05,0.000166154,-0.0119446,-0.000146065,0.011946648538227822
0.583333,8.5,0.05,0.000244934,-0.0118726,-0.000149451,0.011876066647916598
0.75,8.5,0.05,0.000333591,-0.0117821,-0.000153406,0.011787819847881837
0.916667,8.5,0.05,0.000433765,-0.011674,-0.000157824,0.011683121864048197
1.08333,8.5,0.05,0.000546854,-0.0115492,-0.000162549,0.011563282064998546
1.25,8.5,0.05,0.000673931,-0.0114085,-0.000167395,0.011429614006115254
1.41667,8.5,0.05,0.000815713,-0.011253,-0.000172169,0.011283839721607623
1.58333,8.5,0.05,0.000972559,-0.0110836,-0.00017668,0.011127590745120033
1.75,8.5,0.05,0.00114448,-0.0109012,-0.000180752,0.010962603121335006
1.91667,8.5,0.05,0.00133121,-0.0107067,-0.000184233,0.01079071298628543
2.08333,8.5,0.05,0.0015322,-0.0105008,-0.000186996,0.010613642399478889
2.25,8.5,0.05,0.00174673,-0.0102843,-0.00018894,0.01043329240970941
2.41667,8.5,0.05,0.0019739,-0.0100578,-0.00018999,0.010251425181412583
2.58333,8.5,0.05,0.00221274,-0.00982208,-0.000190089,0.010070035137074796
2.75,8.5,0.05,0.00246219,-0.00957772,-0.000189203,0.00989095029659481
2.91667,8.5,0.05,0.00272119,-0.00932533,-0.000187312,0.009716055805230021
3.08333,8.5,0.05,0.00298866,-0.00906552,-0.000184413,0.009547237800566665
3.25,8.5,0.05,0.00326358,-0.00879887,-0.000180516,0.009386354655538857
3.41667,8.5,0.05,0.00354497,-0.00852599,-0.00017564,0.009235267575473924
3.58333,8.5,0.05,0.00383195,-0.00824747,-0.000169821,0.00909579250947607
3.75,8.5,0.05,0.00412371,-0.00796392,-0.000163098,0.008969704949891272
3.91667,8.5,0.05,0.00441958,-0.00767595,-0.000155525,0.008858729243211185
4.08333,8.5,0.05,0.00471901,-0.0073842,-0.000147161,0.008764537716275798
4.25,8.5,0.05,0.00502157,-0.00708932,-0.000138074,0.00868871036211796
4.41667,8.5,0.05,0.005327,-0.00679197,-0.000128338,0.00863274325594964
4.58333,8.5,0.05,0.00563519,-0.00649284,-0.000118035,0.00859803872187867
4.75,8.5,0.05,0.00594618,-0.00619262,-0.000107249,0.00858586637473476
4.91667,8.5,0.05,0.00626017,-0.00589203,-9.60697e-05,0.008597381888520371
5.08333,8.5,0.05,0.00657751,-0.00559182,-8.45881e-05,0.008633611287240214
5.25,8.5,0.05,0.0068987,-0.00529275,-7.28972e-05,0.0086954343338483
5.41667,8.5,0.05,0.00722437,-0.0049956,-6.10883e-05,0.00878357973933731
5.58333,8.5,0.05,0.0075553,-0.00470118,-4.9252e-05,0.00889865592333494
5.75,8.5,0.05,0.00789236,-0.0044103,-3.7474e-05,0.009041100417552943
5.91667,8.5,0.05,0.00823653,-0.00412384,-2.58362e-05,0.009211251288274056
6.08333,8.5,0.05,0.00858889,-0.00384267,-1.44182e-05,0.009409322613530223
6.25,8.5,0.05,0.00895058,-0.00356763,-3.29553e-06,0.009635397086462912
6.41667,8.5,0.05,0.00932283,-0.00329965,7.46479e-06,0.009889535128330844
6.58333,8.5,0.05,0.00970683,-0.00303976,1.77712e-05,0.010171676622958942
6.75,8.5,0.05,0.010104,-0.00278873,2.75608e-05,0.01048182191274955
6.91667,8.5,0.05,0.0105155,-0.00254728,3.68148e-05,0.01081969181529211
7.08333,8.5,0.05,0.0109427,-0.00231647,4.55084e-05,0.011185293360720163
7.25,8.5,0.05,0.0113867,-0.00209774,5.36139e-05,0.011578442228895612
7.41667,8.5,0.05,0.0118486,-0.00189263,6.11754e-05,0.01199896298462768
7.58333,8.5,0.05,0.0123301,-0.00170189,6.82968e-05,0.012447186832171768
7.75,8.5,0.05,0.0128328,-0.00152618,7.49061e-05,0.012923451247875592
7.91667,8.5,0.05,0.0133581,-0.00136655,8.08819e-05,0.013428061527794978
8.08333,8.5,0.05,0.013907,-0.00122402,8.61703e-05,0.01396102787336957
8.25,8.5,0.05,0.0144806,-0.00109977,9.07354e-05,0.014522585972398756
8.41667,8.5,0.05,0.0150796,-0.000994955,9.45153e-05,0.01511268357221705
8.58333,8.5,0.05,0.0157044,-0.000910638,9.7307e-05,0.015731081004790898
8.75,8.5,0.05,0.0163581,-0.000846701,9.92295e-05,0.016380298675148487
8.91667,8.5,0.05,0.0170379,-0.000805958,0.000100759,0.01705724939970818
9.08333,8.5,0.05,0.0177429,-0.000790353,0.000101946,0.017760786898713833
9.25,8.5,0.05,0.0184725,-0.000801219,0.000102687,0.01849015285918237
9.41667,8.5,0.05,0.0192264,-0.000839652,0.000102903,0.01924500094748018
9.58333,8.5,0.05,0.0200042,-0.000906593,0.000102499,0.020024995244759734
9.75,8.5,0.05,0.0208062,-0.00100275,0.000101272,0.020830595815302163
9.91667,8.5,0.05,0.0216325,-0.00112823,9.88681e-05,0.021662126721171623
10.0833,8.5,0.05,0.0224872,-0.00128208,9.54377e-05,0.022523920647191536
10.25,8.5,0.05,0.0233677,-0.00146632,9.14056e-05,0.023413838912406303
10.4167,8.5,0.05,0.0242736,-0.00168216,8.67523e-05,0.02433197166666021
10.5833,8.5,0.05,0.0252043,-0.00193048,8.1395e-05,0.025278253829456355
10.75,8.5,0.05,0.0261596,-0.00221211,7.52755e-05,0.02625307161482253
10.9167,8.5,0.05,0.0271391,-0.00252783,6.83372e-05,0.02725665686198151
11.0833,8.5,0.05,0.0281425,-0.00287834,6.05193e-05,0.028289376274341443
11.25,8.5,0.05,0.0291698,-0.00326412,5.17869e-05,0.02935190612715657
11.4167,8.5,0.05,0.0302207,-0.00368581,4.21527e-05,0.030444665882486167
11.5833,8.5,0.05,0.0312953,-0.00414314,3.19062e-05,0.0315683770434148
11.75,8.5,0.05,0.0323942,-0.00463483,2.11999e-05,0.032724093451227336
11.9167,8.5,0.05,0.0335175,-0.00516038,9.96193e-06,0.03391242290421682
12.0833,8.5,0.05,0.0346651,-0.00571988,-1.93109e-06,0.035133832540067536
12.25,8.5,0.05,0.0358365,-0.00631354,-1.45627e-05,0.036388401059318766
12.4167,8.5,0.05,0.0370312,-0.00694157,-2.7987e-05,0.037676198730459375
12.5833,8.5,0.05,0.038249,-0.00760425,-4.22217e-05,0.038997594819866144
12.75,8.5,0.05,0.0394899,-0.00830231,-5.72641e-05,0.04035323819129326
12.9167,8.5,0.05,0.0407539,-0.00903671,-7.31181e-05,0.041743835941257815
13.0833,8.5,0.05,0.0420413,-0.00980847,-8.97932e-05,0.04317041871756244
13.25,8.5,0.05,0.0433524,-0.0106186,-0.000107298,0.04463403146233604
13.4167,8.5,0.05,0.0446875,-0.0114682,-0.000125629,0.046135756741768535
13.5833,8.5,0.05,0.046047,-0.0123585,-0.000144789,0.0476768255560762
13.75,8.5,0.05,0.0474314,-0.013291,-0.000164785,0.049258659553993396
13.9167,8.5,0.05,0.0488411,-0.0142678,-0.000185643,0.05088278323139811
14.0833,8.5,0.05,0.0502765,-0.0152909,-0.000207388,0.05255074770964296
14.25,8.5,0.05,0.0517381,-0.0163632,-0.000230055,0.05426452092438507
14.4167,8.5,0.05,0.0532262,-0.0174879,-0.00025368,0.05602605970789308
14.5833,8.5,0.05,0.0547414,-0.0186688,-0.000278309,0.05783789781189736
14.75,8.5,0.05,0.056284,-0.0199105,-0.00030399,0.05970267226992524
14.9167,8.5,0.05,0.0578544,-0.0212181,-0.000330781,0.061623443453282946
15.0833,8.5,0.05,0.0594529,-0.0225975,-0.000358748,0.06360364002781212
15.25,8.5,0.05,0.0610796,-0.0240554,-0.000387971,0.06564701308374084
15.4167,8.5,0.05,0.0627344,-0.0255994,-0.000418538,0.06775772574236419
15.5833,8.5,0.05,0.0644167,-0.0272384,-0.000450563,0.06994029368301914
15.75,8.5,0.05,0.0661257,-0.0289819,-0.000484171,0.07219967555091394
15.9167,8.5,0.05,0.0678599,-0.0308411,-0.000519519,0.07454132663973294
16.0833,8.5,0.05,0.0696169,-0.0328283,-0.000556778,0.07697090390687433
16.25,8.5,0.05,0.0713934,-0.0349568,-0.000596154,0.0794943446377899
16.4167,8.5,0.05,0.073185,-0.0372419,-0.000637873,0.0821182697246729
16.5833,8.5,0.05,0.0749855,-0.0396999,-0.00068219,0.0848491169868968
16.75,8.5,0.05,0.0767868,-0.0423484,-0.000729376,0.08769339556745066
16.9167,8.5,0.05,0.0785783,-0.0452063,-0.000779716,0.09065741419001899
17.0833,8.5,0.05,0.0803463,-0.0482934,-0.000833484,0.09374686716273913
17.25,8.5,0.05,0.0820735,-0.05163,-0.00089093,0.09696654092270642
17.4167,8.5,0.05,0.0837382,-0.0552362,-0.000952233,0.10031964253009622
17.5833,8.5,0.05,0.0853132,-0.0591311,-0.00101747,0.10380686069162721
17.75,8.5,0.05,0.0867653,-0.0633313,-0.00108652,0.10742556199289999
17.9167,8.5,0.05,0.0880541,-0.0678495,-0.00115905,0.11116844234746882
18.0833,8.5,0.05,0.0891315,-0.0726916,-0.00123436,0.11502180944246877
18.25,8.5,0.05,0.0899416,-0.0778545,-0.00131137,0.11896442439690488
18.4167,8.5,0.05,0.0904204,-0.0833219,-0.00138854,0.12296469330300304
18.5833,8.5,0.05,0.0904975,-0.0890609,-0.00146383,0.126979463746422
18.75,8.5,0.05,0.0900991,-0.0950175,-0.00153488,0.13095239205021955
18.9167,8.5,0.05,0.0891529,-0.101113,-0.00159911,0.13481333576542825
19.0833,8.5,0.05,0.0875952,-0.107243,-0.00165426,0.13848002270431503
19.25,8.5,0.05,0.0853815,-0.113277,-0.0016987,0.14186107589095748
19.4167,8.5,0.05,0.0824983,-0.119066,-0.00173243,0.14486436129219257
19.5833,8.5,0.05,0.078975,-0.124457,-0.00175687,0.1474099116959131
19.75,8.5,0.05,0.0748905,-0.129306,-0.00177533,0.1494382160722581
19.9167,8.5,0.05,0.0703739,-0.133513,-0.00179153,0.15093514020913387
20.0833,8.5,0.05,0.0655834,-0.137034,-0.00180619,0.15193012154894137
20.25,8.5,0.05,0.0606784,-0.139886,-0.00181914,0.15249023081135266
20.4167,8.5,0.05,0.0557992,-0.142133,-0.001828,0.15270455786793008
20.5833,8.5,0.05,0.0510451,-0.143869,-0.00182898,0.15266707753425557
20.75,8.5,0.05,0.0464771,-0.145192,-0.00181905,0.15246031165950205
20.9167,8.5,0.05,0.0421186,-0.146191,-0.00179672,0.15214799752122404
21.0833,8.5,0.05,0.0379761,-0.146928,-0.00176202,0.15176668300285936
21.25,8.5,0.05,0.0340336,-0.147451,-0.0017146,0.15133744805275395
21.4167,8.5,0.05,0.0302827,-0.147788,-0.00165499,0.15086773629636688
21.5833,8.5,0.05,0.0267034,-0.147955,-0.00158683,0.15035382145462384
21.75,8.5,0.05,0.0233028,-0.147949,-0.00151247,0.14978055499410095
21.9167,8.5,0.05,0.0200699,-0.147779,-0.00143092,0.14914248643178912
22.0833,8.5,0.05,0.0170172,-0.147447,-0.00134389,0.1484318326544953
22.25,8.5,0.05,0.0141461,-0.14696,-0.00125439,0.14764459773212868
22.4167,8.5,0.05,0.0114767,-0.146321,-0.00116548,0.14677502521723645
22.5833,8.5,0.05,0.00902474,-0.145543,-0.001076,0.14582650155944768
22.75,8.5,0.05,0.00679713,-0.144639,-0.000985492,0.14480197682255225
22.9167,8.5,0.05,0.00480711,-0.143622,-0.000896352,0.14370522132984592
23.0833,8.5,0.05,0.00306321,-0.142507,-0.000809902,0.14254221916945764
23.25,8.5,0.05,0.00157566,-0.141307,-0.000727114,0.141317655118547
23.4167,8.5,0.05,0.000351409,-0.140034,-0.000649214,0.14003594582500264
23.5833,8.5,0.05,-0.000603143,-0.138693,-0.000576548,0.13869550979781123
23.75,8.5,0.05,-0.00127474,-0.137309,-0.000510034,0.1373158642610123
23.9167,8.5,0.05,-0.00166344,-0.135882,-0.000450493,0.13589292807418882
24.0833,8.5,0.05,-0.00176079,-0.134419,-0.000399143,0.13443112458637899
24.25,8.5,0.05,-0.00155949,-0.132925,-0.000356556,0.13293462591154057
24.4167,8.5,0.05,-0.00105176,-0.131403,-0.00032318,0.13140760652797082
24.5833,8.5,0.05,-0.000228266,-0.129848,-0.000298084,0.1298485427851919
24.75,8.5,0.05,0.000921201,-0.128256,-0.000279692,0.12825961318707174
24.9167,8.5,0.05,0.00239905,-0.126635,-0.000271961,0.12665801446686278
25.0833,8.5,0.05,0.00421847,-0.124981,-0.000275869,0.12505247680012602
25.25,8.5,0.05,0.00638889,-0.123289,-0.000288456,0.12345476355044399
25.4167,8.5,0.05,0.00891513,-0.12155,-0.00030938,0.12187689591920735
25.5833,8.5,0.05,0.0118023,-0.119756,-0.000338007,0.12033664475138922
25.75,8.5,0.05,0.0150528,-0.117896,-0.000373557,0.11885366274823948
25.9167,8.5,0.05,0.0186712,-0.115954,-0.000414823,0.11744835419690362
26.0833,8.5,0.05,0.0226503,-0.113909,-0.000460834,0.11614003934503189
26.25,8.5,0.05,0.0269927,-0.111738,-0.000508311,0.11495322908627979
26.4167,8.5,0.05,0.0316783,-0.109442,-0.000555124,0.11393583377298547
26.5833,8.5,0.05,0.0366993,-0.107004,-0.000602074,0.11312407846957905
26.75,8.5,0.05,0.042048,-0.104387,-0.000647764,0.11253932499886293
26.9167,8.5,0.05,0.0477037,-0.101551,-0.000690179,0.1121994872614935
27.0833,8.5,0.05,0.0536362,-0.0984485,-0.000727211,0.11211368310125451
27.25,8.5,0.05,0.0598156,-0.0950331,-0.000753536,0.1122932051171098
27.4167,8.5,0.05,0.0661877,-0.0912723,-0.000763748,0.1127476283102554
27.5833,8.5,0.05,0.0727212,-0.0870799,-0.000754755,0.11345418268428903
27.75,8.5,0.05,0.0793631,-0.082339,-0.000718581,0.11436227053212768
27.9167,8.5,0.05,0.0860549,-0.076908,-0.000645559,0.11541535003816643
28.0833,8.5,0.05,0.0927226,-0.0706348,-0.000524254,0.11656341777786253
28.25,8.5,0.05,0.0992524,-0.0633497,-0.000344523,0.1177469409027153
28.4167,8.5,0.05,0.105514,-0.0547962,-9.94238e-05,0.11889422868891496
28.5833,8.5,0.05,0.111426,-0.0447435,0.000231718,0.12007409363173026
28.75,8.5,0.05,0.117066,-0.0327696,0.000713308,0.12156810374626588
28.9167,8.5,0.05,0.122437,-0.0176181,0.00129862,0.1237049022089036
29.0833,8.5,0.05,0.129898,0.00364571,0.00187647,0.12996269751380587
29.25,8.5,0.05,0.13884,0.0322914,0.00257652,0.1425689958205163
29.4167,8.5,0.05,0.148992,0.0696348,0.0037515,0.16450439260788755
29.5833,8.5,0.05,0.156494,0.117765,0.00599207,0.1959460950462777
29.75,8.5,0.05,0.165746,0.181146,0.0110864,0.24578144376042713
29.9167,8.5,0.05,0.135311,0.259233,0.0228329,0.2933123869399484
0.0833333,8.83333,0.05,1.46779e-05,-0.0115235,-0.000162713,0.011524658051808627
0.25,8.83333,0.05,4.66401e-05,-0.0114914,-0.000166014,0.011492693762000449
0.416667,8.83333,0.05,8.45565e-05,-0.0114417,-0.000168887,0.011443258780192872
0.583333,8.83333,0.05,0.000130611,-0.0113742,-0.000172277,0.011376254402836197
0.75,8.83333,0.05,0.000186428,-0.0112895,-0.000176187,0.011292413714886335
0.916667,8.83333,0.05,0.000253573,-0.0111884,-0.000180495,0.01119272854452184
1.08333,8.83333,0.05,0.000333332,-0.0110718,-0.000185027,0.011078361812693832
1.25,8.83333,0.05,0.000426628,-0.0109408,-0.000189578,0.010950755951461433
1.41667,8.83333,0.05,0.000533991,-0.0107962,-0.000193939,0.010811137459296408
1.58333,8.83333,0.05,0.000655569,-0.0106391,-0.00019791,0.010661115696392241
1.75,8.83333,0.05,0.000791132,-0.0104704,-0.000201301,0.010502175398174655
1.91667,8.83333,0.05,0.000940151,-0.010291,-0.000203961,0.010335867887716154
2.08333,8.83333,0.05,0.00110185,-0.0101018,-0.000205765,0.010163797316836115
2.25,8.83333,0.05,0.00127522,-0.00990345,-0.000206614,0.009987351866030152
2.41667,8.83333,0.05,0.00145913,-0.0096968,-0.000206439,0.009808139867356144
2.58333,8.83333,0.05,0.00165233,-0.00948255,-0.000205188,0.00962761917852716
2.75,8.83333,0.05,0.00185352,-0.0092614,-0.000202834,0.009447232821411569
2.91667,8.83333,0.05,0.00206137,-0.00903402,-0.000199364,0.009268360677153
3.08333,8.83333,0.05,0.00227459,-0.00880111,-0.000194783,0.0090923724801225
3.25,8.83333,0.05,0.00249192,-0.00856329,-0.000189109,0.008920502403137447
3.41667,8.83333,0.05,0.00271215,-0.00832122,-0.000182374,0.008753954545619712
3.58333,8.83333,0.05,0.00293419,-0.00807556,-0.000174621,0.008593871814458313
3.75,8.83333,0.05,0.00315705,-0.00782695,-0.000165906,0.008441305337792016
3.91667,8.83333,0.05,0.00337986,-0.00757604,-0.000156296,0.008297244370320546
4.08333,8.83333,0.05,0.00360192,-0.0073235,-0.000145864,0.00816264394929094
4.25,8.83333,0.05,0.00382269,-0.00706996,-0.000134697,0.008038372753207517
4.41667,8.83333,0.05,0.00404178,-0.0068161,-0.000122886,0.00792529530979105
4.58333,8.83333,0.05,0.00425899,-0.00656256,-0.000110532,0.007824219251575457
4.75,8.83333,0.05,0.00447432,-0.00631,-9.77378e-05,0.0077359674340026045
4.91667,8.83333,0.05,0.00468793,-0.00605909,-8.46148e-05,0.007661358820560425
5.08333,8.83333,0.05,0.00490018,-0.00581049,-7.12735e-05,0.007601226084277605
5.25,8.83333,0.05,0.00511159,-0.00556485,-5.78258e-05,0.007556404679061705
5.41667,8.83333,0.05,0.00532286,-0.00532285,-4.43806e-05,0.0075277845572091365
5.58333,8.83333,0.05,0.00553484,-0.00508515,-3.10446e-05,0.007516260247974998
5.75,8.83333,0.05,0.00574851,-0.00485246,-1.79161e-05,0.007522769188160648
5.91667,8.83333,0.05,0.00596496,-0.00462542,-5.0929e-06,0.007548197395115632
6.08333,8.83333,0.05,0.00618543,-0.00440477,7.3097e-06,0.007593523323827621
6.25,8.83333,0.05,0.00641117,-0.00419132,1.91695e-05,0.007659675683802171
6.41667,8.83333,0.05,0.00664376,-0.00398566,3.04112e-05,0.0077476420551213804
6.58333,8.83333,0.05,0.00688464,-0.00378852,4.10016e-05,0.007858297070689206
6.75,8.83333,0.05,0.00713525,-0.0036007,5.09009e-05,0.007992460444326315
6.91667,8.83333,0.05,0.00739711,-0.00342298,6.00693e-05,0.008150928582272237
7.08333,8.83333,0.05,0.00767172,-0.00325615,6.84762e-05,0.008334415970592446
7.25,8.83333,0.05,0.00796059,-0.003101,7.60945e-05,0.00854359318559997
7.41667,8.83333,0.05,0.00826512,-0.00295828,8.29103e-05,0.008778980766048307
7.58333,8.83333,0.05,0.00858666,-0.00282873,8.89204e-05,0.009041037009438473
7.75,8.83333,0.05,0.00892655,-0.00271328,9.41231e-05,0.009330275581077636
7.91667,8.83333,0.05,0.00928604,-0.00261296,9.85101e-05,0.009647165546573876
8.08333,8.83333,0.05,0.00966632,-0.00252884,0.000102073,0.00999215657329933
8.25,8.83333,0.05,0.0100684,-0.00246206,0.000104804,0.010365587387216222
8.41667,8.83333,0.05,0.0104934,-0.00241378,0.000106699,0.01076796926653308
8.58333,8.83333,0.05,0.0109419,-0.00238526,0.000107759,0.011199386272456226
8.75,8.83333,0.05,0.0114148,-0.00237737,0.000108046,0.01166024103931887
8.91667,8.83333,0.05,0.0119128,-0.00239067,0.000107562,0.012150789129630387
9.08333,8.83333,0.05,0.0124366,-0.00242609,0.000106279,0.01267147297964767
9.25,8.83333,0.05,0.0129864,-0.00248469,0.000104167,0.013222371955136833
9.41667,8.83333,0.05,0.0135623,-0.00256749,0.000101208,0.013803558571953973
9.58333,8.83333,0.05,0.0141644,-0.00267548,9.7384e-05,0.014415196989075662
9.75,8.83333,0.05,0.0147928,-0.00280969,9.26889e-05,0.01505755229007302
9.91667,8.83333,0.05,0.0154474,-0.00297114,8.7147e-05,0.015730779836333895
10.0833,8.83333,0.05,0.0161282,-0.00316023,8.08447e-05,0.016435097345571702
10.25,8.83333,0.05,0.0168354,-0.00337708,7.37969e-05,0.017170929167312107
10.4167,8.83333,0.05,0.0175688,-0.00362213,6.59999e-05,0.017938420085495264
10.5833,8.83333,0.05,0.0183283,-0.00389579,5.74523e-05,0.018737851034226823
10.75,8.83333,0.05,0.0191137,-0.00419841,4.8148e-05,0.019569427494129817
10.9167,8.83333,0.05,0.0199245,-0.00453029,3.80597e-05,0.020433077993167455
11.0833,8.83333,0.05,0.0207604,-0.00489169,2.71697e-05,0.021328937559304213
11.25,8.83333,0.05,0.021621,-0.00528277,1.54835e-05,0.022257033486331287
11.4167,8.83333,0.05,0.022506,-0.00570375,2.96972e-06,0.023217510824413045
11.5833,8.83333,0.05,0.0234149,-0.00615467,-1.04037e-05,0.02421027907843843
11.75,8.83333,0.05,0.0243476,-0.00663572,-2.46195e-05,0.025235669434318167
11.9167,8.83333,0.05,0.0253039,-0.00714732,-3.9658e-05,0.026293974806966026
12.0833,8.83333,0.05,0.0262835,-0.00768984,-5.55009e-05,0.027385380987408243
12.25,8.83333,0.05,0.0272865,-0.00826362,-7.2144e-05,0.028510449005779197
12.4167,8.83333,0.05,0.0283125,-0.00886896,-8.9581e-05,0.029669245566531704
12.5833,8.83333,0.05,0.0293614,-0.00950616,-0.000107802,0.03086212094423849
12.75,8.83333,0.05,0.0304331,-0.0101756,-0.000126796,0.03208944512134194
12.9167,8.83333,0.05,0.0315275,-0.0108777,-0.00014656,0.03335159806326528
13.0833,8.83333,0.05,0.0326445,-0.0116131,-0.000167094,0.03464903162088135
13.25,8.83333,0.05,0.0337837,-0.0123828,-0.000188407,0.035982045782968604
13.4167,8.83333,0.05,0.034945,-0.0131878,-0.000210501,0.03735124368091377
13.5833,8.83333,0.05,0.0361284,-0.0140295,-0.000233383,0.038757484753718076
13.75,8.83333,0.05,0.0373336,-0.0149094,-0.000257057,0.040201417582235194
13.9167,8.83333,0.05,0.0385605,-0.0158296,-0.000281533,0.041684141555753416
14.0833,8.83333,0.05,0.0398089,-0.0167922,-0.000306817,0.04320671980978756
14.25,8.83333,0.05,0.0410786,-0.0177999,-0.000332919,0.04477051097575904
14.4167,8.83333,0.05,0.0423692,-0.0188557,-0.00035985,0.04637689104664628
14.5833,8.83333,0.05,0.0436805,-0.0199632,-0.000387627,0.04802775956861957
14.75,8.83333,0.05,0.0450118,-0.0211262,-0.000416267,0.049724759867648315
14.9167,8.83333,0.05,0.0463624,-0.0223494,-0.0004458,0.05147005490340961
15.0833,8.83333,0.05,0.0477315,-0.0236379,-0.000476255,0.053266060746830386
15.25,8.83333,0.05,0.0491177,-0.0249976,-0.000507672,0.0551152083358993
15.4167,8.83333,0.05,0.0505197,-0.026435,-0.000540097,0.05702053154662282
15.5833,8.83333,0.05,0.0519353,-0.0279573,-0.000573586,0.05898487102875953
15.75,8.83333,0.05,0.0533621,-0.0295728,-0.0006082,0.06101175397814752
15.9167,8.83333,0.05,0.0547967,-0.0312902,-0.000644014,0.06310443487554734
16.0833,8.83333,0.05,0.0562352,-0.0331192,-0.000681107,0.0652667069371931
16.25,8.83333,0.05,0.0576725,-0.0350703,-0.000719569,0.06750230350058997
16.4167,8.83333,0.05,0.0591023,-0.0371548,-0.000759495,0.06981502604013713
16.5833,8.83333,0.05,0.0605169,-0.0393845,-0.000800985,0.07220855629930725
16.75,8.83333,0.05,0.0619068,-0.041772,-0.000844134,0.07468644075365993
16.9167,8.83333,0.05,0.0632604,-0.0443299,-0.000889032,0.07725159299371775
17.0833,8.83333,0.05,0.0645637,-0.047071,-0.000935747,0.07990635782675874
17.25,8.83333,0.05,0.0657998,-0.0500076,-0.000984315,0.08265193654004258
17.4167,8.83333,0.05,0.0669485,-0.0531512,-0.00103472,0.08548814162893237
17.5833,8.83333,0.05,0.0679859,-0.0565112,-0.00108687,0.08841255346751897
17.75,8.83333,0.05,0.0688842,-0.0600948,-0.00114057,0.09142056057914379
17.9167,8.83333,0.05,0.0696111,-0.0639051,-0.0011955,0.09450394843322685
18.0833,8.83333,0.05,0.0701299,-0.0679401,-0.0012512,0.09765052771726325
18.25,8.83333,0.05,0.0703997,-0.0721906,-0.00130702,0.10084299078136466
18.4167,8.83333,0.05,0.0703763,-0.0766391,-0.00136217,0.10405878510538599
18.5833,8.83333,0.05,0.0700137,-0.081257,-0.00141571,0.1072689259361447
18.75,8.83333,0.05,0.0692661,-0.0860035,-0.00146665,0.11043797210960775
18.9167,8.83333,0.05,0.0680919,-0.0908244,-0.00151406,0.11352475879143545
19.0833,8.83333,0.05,0.0664582,-0.0956518,-0.00155724,0.11648340734584303
19.25,8.83333,0.05,0.0643465,-0.100406,-0.00159591,0.11926602125910842
19.4167,8.83333,0.05,0.0617589,-0.104999,-0.00163042,0.1218261466171626
19.5833,8.83333,0.05,0.0587231,-0.109344,-0.00166168,0.12412604074098392
19.75,8.83333,0.05,0.0552941,-0.113359,-0.00169097,0.12613706733292518
19.9167,8.83333,0.05,0.0515514,-0.116986,-0.00171924,0.12785236338894013
20.0833,8.83333,0.05,0.0475899,-0.120192,-0.00174586,0.12928249484423482
20.25,8.83333,0.05,0.0435035,-0.122978,-0.00176986,0.13045794495035404
20.4167,8.83333,0.05,0.0393796,-0.125363,-0.00178964,0.13141475364847588
20.5833,8.83333,0.05,0.0352789,-0.127389,-0.0018024,0.13219609204499957
20.75,8.83333,0.05,0.0312497,-0.129105,-0.00180541,0.13284541497679964
20.9167,8.83333,0.05,0.0273084,-0.13056,-0.00179905,0.1333975220589292
21.0833,8.83333,0.05,0.0234806,-0.131784,-0.00178464,0.13387137921262185
21.25,8.83333,0.05,0.0197535,-0.132813,-0.00175962,0.13428547945997138
21.4167,8.83333,0.05,0.0161428,-0.133672,-0.00172362,0.1346542403407498
21.5833,8.83333,0.05,0.0126222,-0.13438,-0.00168339,0.13498199189051888
21.75,8.83333,0.05,0.00923561,-0.13493,-0.00164052,0.13525565680570442
21.9167,8.83333,0.05,0.00595723,-0.135341,-0.00159045,0.13548138027594567
22.0833,8.83333,0.05,0.0028116,-0.135616,-0.00153567,0.13565383456765567
22.25,8.83333,0.05,-0.000215062,-0.135761,-0.0014785,0.13576922086730056
22.4167,8.83333,0.05,-0.00307912,-0.135781,-0.00142164,0.1358233485129269
22.5833,8.83333,0.05,-0.00575811,-0.135682,-0.00136448,0.1358109817372752
22.75,8.83333,0.05,-0.00825738,-0.135474,-0.00130842,0.1357317242333597
22.9167,8.83333,0.05,-0.0105627,-0.135166,-0.00125597,0.13558390630134132
23.0833,8.83333,0.05,-0.0126639,-0.134767,-0.00120842,0.13536609225026186
23.25,8.83333,0.05,-0.0145497,-0.134286,-0.00116628,0.13507695501131345
23.4167,8.83333,0.05,-0.0162097,-0.133729,-0.0011302,0.13471257241671986
23.5833,8.83333,0.05,-0.0176317,-0.133104,-0.00110048,0.13427122818057635
23.75,8.83333,0.05,-0.018805,-0.132418,-0.00107802,0.13375095093538739
23.9167,8.83333,0.05,-0.0197198,-0.131675,-0.00106309,0.13314768603842914
24.0833,8.83333,0.05,-0.0203659,-0.13088,-0.00105597,0.1324592743278133
24.25,8.83333,0.05,-0.0207335,-0.130035,-0.00105688,0.13168179920772805
24.4167,8.83333,0.05,-0.020813,-0.129142,-0.00106596,0.13081274174835417
24.5833,8.83333,0.05,-0.020595,-0.128202,-0.0010831,0.1298502211573396
24.75,8.83333,0.05,-0.0200682,-0.127213,-0.00110857,0.12879095056596523
24.9167,8.83333,0.05,-0.0192204,-0.126171,-0.00114306,0.12763170297118034
25.0833,8.83333,0.05,-0.0180413,-0.125074,-0.00118564,0.12637404687632503
25.25,8.83333,0.05,-0.016522,-0.12392,-0.00123621,0.12502268233870245
25.4167,8.83333,0.05,-0.0146539,-0.122704,-0.00129464,0.12358270305321696
25.5833,8.83333,0.05,-0.0124284,-0.121418,-0.00136061,0.12206001437871496
25.75,8.83333,0.05,-0.0098386,-0.120055,-0.00143361,0.12046599649939438
25.9167,8.83333,0.05,-0.00687326,-0.118602,-0.0015129,0.11881062651731789
26.0833,8.83333,0.05,-0.00354554,-0.117043,-0.00159685,0.11710757717933583
26.25,8.83333,0.05,0.000190919,-0.115323,-0.00167933,0.11533538454573886
26.4167,8.83333,0.05,0.00430698,-0.113445,-0.00175819,0.11354034231847507
26.5833,8.83333,0.05,0.00878195,-0.111415,-0.00183417,0.11177561921273978
26.75,8.83333,0.05,0.0136315,-0.109183,-0.00190586,0.11004716072479834
26.9167,8.83333,0.05,0.0188434,-0.106707,-0.00197176,0.10837594479430201
27.0833,8.83333,0.05,0.0243831,-0.103925,-0.00202952,0.10676638114144546
27.25,8.83333,0.05,0.03026,-0.100783,-0.00206596,0.10524803503971748
27.4167,8.83333,0.05,0.036368,-0.0972866,-0.002078,0.10388278032263094
27.5833,8.83333,0.05,0.0427252,-0.0933333,-0.00207303,0.10266861768481593
27.75,8.83333,0.05,0.0492674,-0.0888214,-0.00204306,0.10159080615333062
27.9167,8.83333,0.05,0.0559362,-0.08364,-0.00197855,0.10064006523518602
28.0833,8.83333,0.05,0.0626426,-0.0776913,-0.00186659,0.0998174212684244
28.25,8.83333,0.05,0.0693023,-0.0708414,-0.00169838,0.0991170885058394
28.4167,8.83333,0.05,0.0758172,-0.0628795,-0.00145795,0.09850992312601052
28.5833,8.83333,0.05,0.0820516,-0.0535375,-0.00112109,0.09797951730641513
28.75,8.83333,0.05,0.0878473,-0.0424777,-0.00065518,0.09758038929729888
28.9167,8.83333,0.05,0.0930182,-0.0292395,-4.05359e-06,0.09750555834372515
29.0833,8.83333,0.05,0.0974617,-0.0127518,0.000779648,0.09829546897560387
29.25,8.83333,0.05,0.102635,0.00953776,0.00175792,0.10309220326263281
29.4167,8.83333,0.05,0.10828,0.0395439,0.00310296,0.11531655036451446
29.5833,8.83333,0.05,0.112367,0.080308,0.00523388,0.13821400454676944
29.75,8.83333,0.05,0.119813,0.137198,0.0095361,0.1823989675853731
29.9167,8.83333,0.05,0.0974068,0.210393,0.0188929,0.23261608028175954
0.0833333,9.16667,0.05,-1.56653e-06,-0.0108584,-0.00018579,0.010859989453867635
0.25,9.16667,0.05,-2.14315e-06,-0.0108286,-0.000189299,0.010830254690656769
0.416667,9.16667,0.05,3.04778e-06,-0.0107824,-0.000192182,0.010784112989489999
0.583333,9.16667,0.05,1.62813e-05,-0.0107198,-0.000195522,0.010721595309151231
0.75,9.16667,0.05,3.90589e-05,-0.0106413,-0.000199314,0.010643238104931469
0.916667,9.16667,0.05,7.28444e-05,-0.0105478,-0.000203426,0.010550012951844531
1.08333,9.16667,0.05,0.000118774,-0.0104403,-0.000207666,0.010443040578329283
1.25,9.16667,0.05,0.000177606,-0.0103195,-0.000211817,0.010323201566506634
1.41667,9.16667,0.05,0.000249667,-0.0101867,-0.000215659,0.010192040978389461
1.58333,9.16667,0.05,0.000334867,-0.0100427,-0.000218971,0.010050667017493416
1.75,9.16667,0.05,0.000432702,-0.00988854,-0.000221544,0.00990048160931275
1.91667,9.16667,0.05,0.000542398,-0.00972515,-0.000223236,0.009742821584356352
2.08333,9.16667,0.05,0.000662907,-0.00955338,-0.000223929,0.009578969637288241
2.25,9.16667,0.05,0.000792957,-0.00937402,-0.000223533,0.009410154024581
2.41667,9.16667,0.05,0.000931137,-0.00918788,-0.000221983,0.009237609618264782
2.58333,9.16667,0.05,0.00107592,-0.00899572,-0.000219234,0.009062485625453759
2.75,9.16667,0.05,0.00122574,-0.00879831,-0.00021527,0.00888588985845537
2.91667,9.16667,0.05,0.00137903,-0.00859635,-0.000210087,0.008708794038841946
3.08333,9.16667,0.05,0.00153423,-0.00839059,-0.000203696,0.008532136561343589
3.25,9.16667,0.05,0.00168984,-0.00818171,-0.000196127,0.008356698124847458
3.41667,9.16667,0.05,0.00184444,-0.00797039,-0.000187425,0.008183165878578109
3.58333,9.16667,0.05,0.00199671,-0.0077573,-0.000177649,0.008012122894795174
3.75,9.16667,0.05,0.00214547,-0.00754313,-0.000166869,0.007844086752513704
3.91667,9.16667,0.05,0.00228968,-0.00732853,-0.000155169,0.007679457264798144
4.08333,9.16667,0.05,0.0024285,-0.00711415,-0.000142645,0.007518582982751803
4.25,9.16667,0.05,0.00256124,-0.00690064,-0.000129402,0.007361761176838326
4.41667,9.16667,0.05,0.00268745,-0.00668861,-0.000115555,0.0072092471307775964
4.58333,9.16667,0.05,0.00280686,-0.00647868,-0.000101224,0.007061303272072089
4.75,9.16667,0.05,0.00291943,-0.00627145,-8.65382e-05,0.006918211147938406
4.91667,9.16667,0.05,0.00302536,-0.00606748,-7.16331e-05,0.006780283768472792
5.08333,9.16667,0.05,0.00312505,-0.00586734,-5.66421e-05,0.006647918810093307
5.25,9.16667,0.05,0.0032191,-0.00567157,-4.1698e-05,0.006521583381212266
5.41667,9.16667,0.05,0.00330831,-0.00548072,-2.69279e-05,0.006401869405595401
5.58333,9.16667,0.05,0.00339368,-0.00529532,-1.24607e-05,0.00628948591808937
5.75,9.16667,0.05,0.0034764,-0.00511582,1.58724e-06,0.006185222207142668
5.91667,9.16667,0.05,0.0035576,-0.00494294,1.50302e-05,0.0060901066912257
6.08333,9.16667,0.05,0.00363905,-0.00477701,2.77374e-05,0.006005270918614643
6.25,9.16667,0.05,0.00372233,-0.00461856,3.96813e-05,0.005931982106182527
6.41667,9.16667,0.05,0.00380905,-0.00446818,5.07958e-05,0.005871633046112269
6.58333,9.16667,0.05,0.00390092,-0.00432647,6.10182e-05,0.005825739672181657
6.75,9.16667,0.05,0.00399967,-0.00419403,7.02991e-05,0.005795876958085014
6.91667,9.16667,0.05,0.00410703,-0.00407153,7.85968e-05,0.005783703780344413
7.08333,9.16667,0.05,0.00422477,-0.00395965,8.58834e-05,0.00579093132697976
7.25,9.16667,0.05,0.00435459,-0.0038591,9.21395e-05,0.005819243642051796
7.41667,9.16667,0.05,0.00449818,-0.00377063,9.73576e-05,0.005870328134915267
7.58333,9.16667,0.05,0.00465717,-0.00369496,0.000101537,0.005945777625581788
7.75,9.16667,0.05,0.00483314,-0.00363286,0.000104685,0.006047137586364725
7.91667,9.16667,0.05,0.00502759,-0.00358509,0.000106809,0.0061758351401799095
8.08333,9.16667,0.05,0.0052419,-0.00355243,0.000107925,0.006333160531719136
8.25,9.16667,0.05,0.00547734,-0.00353571,0.000108043,0.006520289255052187
8.41667,9.16667,0.05,0.00573507,-0.00353571,0.000107182,0.0067382313028066946
8.58333,9.16667,0.05,0.00601607,-0.00355324,0.000105357,0.0069878260453412125
8.75,9.16667,0.05,0.0063212,-0.00358904,0.000102592,0.007269752587266227
8.91667,9.16667,0.05,0.00665125,-0.00364389,9.8901e-05,0.007584645166545433
9.08333,9.16667,0.05,0.0070069,-0.00371863,9.42981e-05,0.007933079403268544
9.25,9.16667,0.05,0.00738871,-0.00381403,8.87979e-05,0.008315512333707671
9.41667,9.16667,0.05,0.00779711,-0.00393082,8.24065e-05,0.008732299872069343
9.58333,9.16667,0.05,0.00823239,-0.00406964,7.51349e-05,0.009183673562082767
9.75,9.16667,0.05,0.00869475,-0.00423113,6.69867e-05,0.00966983070469059
9.91667,9.16667,0.05,0.00918422,-0.0044158,5.79815e-05,0.01019080705845922
10.0833,9.16667,0.05,0.00970075,-0.00462406,4.81402e-05,0.010746571496293877
10.25,9.16667,0.05,0.0102443,-0.00485632,3.74555e-05,0.011337148201681066
10.4167,9.16667,0.05,0.0108147,-0.00511304,2.59227e-05,0.011962507517990335
10.5833,9.16667,0.05,0.0114118,-0.00539462,1.35748e-05,0.012622649819257249
10.75,9.16667,0.05,0.0120354,-0.00570138,4.21272e-07,0.013317529321982742
10.9167,9.16667,0.05,0.0126853,-0.00603364,-1.35785e-05,0.014047128963431006
11.0833,9.16667,0.05,0.0133611,-0.00639162,-2.8436e-05,0.014811232495660043
11.25,9.16667,0.05,0.0140625,-0.00677552,-4.41336e-05,0.01560972534335723
11.4167,9.16667,0.05,0.0147894,-0.00718562,-6.06284e-05,0.016442723708293788
11.5833,9.16667,0.05,0.0155415,-0.00762187,-7.79048e-05,0.01731003159167432
11.75,9.16667,0.05,0.0163183,-0.00808434,-9.59433e-05,0.018211333648099882
11.9167,9.16667,0.05,0.0171195,-0.00857316,-0.000114733,0.019146527525817546
12.0833,9.16667,0.05,0.0179448,-0.00908848,-0.000134269,0.020115524947531473
12.25,9.16667,0.05,0.0187937,-0.00963053,-0.000154547,0.021118100116869154
12.4167,9.16667,0.05,0.0196659,-0.0101996,-0.000175564,0.02215423854904736
12.5833,9.16667,0.05,0.0205608,-0.010796,-0.000197315,0.023223674253856238
12.75,9.16667,0.05,0.0214781,-0.0114203,-0.00021979,0.024326535703714576
12.9167,9.16667,0.05,0.0224174,-0.012073,-0.000242985,0.02546283946205185
13.0833,9.16667,0.05,0.0233783,-0.012755,-0.00026689,0.026632802446646505
13.25,9.16667,0.05,0.0243601,-0.013467,-0.000291496,0.027836298800810715
13.4167,9.16667,0.05,0.0253626,-0.0142102,-0.00031679,0.029073899269002428
13.5833,9.16667,0.05,0.0263851,-0.0149859,-0.000342764,0.0303458100564097
13.75,9.16667,0.05,0.0274272,-0.0157955,-0.000369411,0.03165257627077014
13.9167,9.16667,0.05,0.0284881,-0.0166408,-0.00039673,0.03299462775881704
14.0833,9.16667,0.05,0.0295671,-0.0175238,-0.000424713,0.03437262500860778
14.25,9.16667,0.05,0.0306634,-0.018447,-0.000453361,0.035787448145352875
14.4167,9.16667,0.05,0.031776,-0.0194131,-0.000482672,0.037239973145392895
14.5833,9.16667,0.05,0.0329038,-0.0204252,-0.00051265,0.038731274953227396
14.75,9.16667,0.05,0.0340454,-0.0214869,-0.000543297,0.04026252978142592
14.9167,9.16667,0.05,0.0351993,-0.0226021,-0.000574621,0.04183510289450286
15.0833,9.16667,0.05,0.0363636,-0.0237755,-0.00060663,0.04345059038916388
15.25,9.16667,0.05,0.0375362,-0.0250119,-0.000639341,0.045110644076141064
15.4167,9.16667,0.05,0.0387144,-0.0263169,-0.000672765,0.046817054645879055
15.5833,9.16667,0.05,0.0398952,-0.0276966,-0.000706926,0.0485718887729258
15.75,9.16667,0.05,0.0410749,-0.0291575,-0.000741845,0.05037715305834605
15.9167,9.16667,0.05,0.0422492,-0.0307068,-0.000777551,0.05223511321359992
16.0833,9.16667,0.05,0.0434129,-0.0323522,-0.000814068,0.054148014164497514
16.25,9.16667,0.05,0.0445599,-0.0341017,-0.000851427,0.05611805020522656
16.4167,9.16667,0.05,0.045683,-0.0359639,-0.00088965,0.058147485494494944
16.5833,9.16667,0.05,0.0467738,-0.0379475,-0.000928761,0.06023839074614395
16.75,9.16667,0.05,0.0478225,-0.0400613,-0.000968766,0.06239260991097228
16.9167,9.16667,0.05,0.0488174,-0.0423141,-0.00100966,0.06461146194666702
17.0833,9.16667,0.05,0.0497453,-0.0447141,-0.00105141,0.06689582254437193
17.25,9.16667,0.05,0.0505907,-0.047269,-0.00109394,0.06924575071593635
17.4167,9.16667,0.05,0.0513361,-0.049985,-0.00113713,0.07166022922686545
17.5833,9.16667,0.05,0.0519615,-0.0528665,-0.0011808,0.07413675601980438
17.75,9.16667,0.05,0.0524443,-0.0559156,-0.00122468,0.07667110777178324
17.9167,9.16667,0.05,0.0527599,-0.059131,-0.00126839,0.07925711969408238
18.0833,9.16667,0.05,0.0528811,-0.0625069,-0.00131146,0.08188554947090237
18.25,9.16667,0.05,0.0527792,-0.0660328,-0.0013533,0.08454469852906213
18.4167,9.16667,0.05,0.0524244,-0.0696914,-0.0013932,0.08721897703802768
18.5833,9.16667,0.05,0.0517869,-0.0734585,-0.00143038,0.0898892664382372
18.75,9.16667,0.05,0.0508389,-0.0773023,-0.00146402,0.09253314375433486
18.9167,9.16667,0.05,0.0495564,-0.0811828,-0.00149333,0.09512472775934185
19.0833,9.16667,0.05,0.0479218,-0.0850527,-0.0015176,0.09763587354190056
19.25,9.16667,0.05,0.0459271,-0.0888598,-0.00153641,0.10003860817773357
19.4167,9.16667,0.05,0.0435765,-0.0925494,-0.00154962,0.10230691137334956
19.5833,9.16667,0.05,0.0408888,-0.0960674,-0.00155775,0.10441870470975255
19.75,9.16667,0.05,0.0378971,-0.0993669,-0.00156143,0.10635980945669703
19.9167,9.16667,0.05,0.0346463,-0.102413,-0.00156125,0.10812597363377821
20.0833,9.16667,0.05,0.0311921,-0.105191,-0.00155705,0.10972929412017787
20.25,9.16667,0.05,0.0275864,-0.107701,-0.0015499,0.11118865524850097
20.4167,9.16667,0.05,0.0238918,-0.109946,-0.00154151,0.11252251897429288
20.5833,9.16667,0.05,0.0201405,-0.111954,-0.00153004,0.11376149998418446
20.75,9.16667,0.05,0.0163831,-0.113752,-0.00151326,0.11493569256518012
20.9167,9.16667,0.05,0.0126169,-0.115376,-0.00149616,0.11607345104008755
21.0833,9.16667,0.05,0.00890691,-0.116822,-0.00148194,0.11717042662682295
21.25,9.16667,0.05,0.00522322,-0.118128,-0.00146212,0.11825245961950559
21.4167,9.16667,0.05,0.00161182,-0.1193,-0.00143669,0.11931953755302817
21.5833,9.16667,0.05,-0.00199581,-0.120367,-0.00141367,0.12039184527792986
21.75,9.16667,0.05,-0.00545827,-0.121294,-0.00139131,0.12142472108639574
21.9167,9.16667,0.05,-0.00884065,-0.122102,-0.00136556,0.12242924589548079
22.0833,9.16667,0.05,-0.0121181,-0.122798,-0.00134133,0.12340176788757486
22.25,9.16667,0.05,-0.0152849,-0.123385,-0.00132009,0.12433514800979689
22.4167,9.16667,0.05,-0.0183295,-0.123868,-0.00130251,0.12522359412886255
22.5833,9.16667,0.05,-0.0212394,-0.124248,-0.00128868,0.12605688522449857
22.75,9.16667,0.05,-0.0240004,-0.124531,-0.00127875,0.1268291148069815
22.9167,9.16667,0.05,-0.0265985,-0.124721,-0.00127313,0.12753207009708148
23.0833,9.16667,0.05,-0.0290201,-0.124826,-0.00127218,0.12816128480146569
23.25,9.16667,0.05,-0.0312517,-0.124851,-0.00127622,0.12870924477821474
23.4167,9.16667,0.05,-0.0332801,-0.124801,-0.00128555,0.12916852285217362
23.5833,9.16667,0.05,-0.0350919,-0.124679,-0.00130042,0.12952986365617158
23.75,9.16667,0.05,-0.0366745,-0.124492,-0.00132107,0.12978837482684996
23.9167,9.16667,0.05,-0.0380151,-0.124241,-0.00134768,0.1299337914108274
24.0833,9.16667,0.05,-0.0391012,-0.123931,-0.00138039,0.12996038657603362
24.25,9.16667,0.05,-0.0399204,-0.123562,-0.00141929,0.1298584635834881
24.4167,9.16667,0.05,-0.0404607,-0.123135,-0.00146443,0.129620372722481
24.5833,9.16667,0.05,-0.0407099,-0.12265,-0.00151578,0.12923860122663972
24.75,9.16667,0.05,-0.0406561,-0.122106,-0.00157332,0.12870613442657813
24.9167,9.16667,0.05,-0.0402871,-0.1215,-0.00163708,0.12801554771720658
25.0833,9.16667,0.05,-0.0395909,-0.120831,-0.00170691,0.12716321585096102
25.25,9.16667,0.05,-0.0385564,-0.120095,-0.00178258,0.12614508550639775
25.4167,9.16667,0.05,-0.0371735,-0.119287,-0.00186379,0.12495891798672915
25.5833,9.16667,0.05,-0.0354333,-0.118401,-0.00195022,0.12360468805000238
25.75,9.16667,0.05,-0.0333279,-0.117429,-0.00204142,0.12208393160046248
25.9167,9.16667,0.05,-0.0308509,-0.116361,-0.00213695,0.12040027785313663
26.0833,9.16667,0.05,-0.0279999,-0.115186,-0.00223608,0.11856141467516487
26.25,9.16667,0.05,-0.0247665,-0.113877,-0.00233757,0.11656249347347929
26.4167,9.16667,0.05,-0.0211364,-0.112408,-0.00244091,0.11440395058995165
26.5833,9.16667,0.05,-0.0171058,-0.110768,-0.00254472,0.11210991846183102
26.75,9.16667,0.05,-0.0126773,-0.108937,-0.00264828,0.10970413525135869
26.9167,9.16667,0.05,-0.00784275,-0.106882,-0.00275053,0.10720464573349142
27.0833,9.16667,0.05,-0.00266251,-0.104554,-0.00284551,0.10462659701366665
27.25,9.16667,0.05,0.00304291,-0.101783,-0.00290158,0.10186980689470507
27.4167,9.16667,0.05,0.00896621,-0.0987028,-0.00292603,0.09915239432895706
27.5833,9.16667,0.05,0.0152666,-0.0951889,-0.00293999,0.09645019077207728
27.75,9.16667,0.05,0.0218594,-0.0911331,-0.00293098,0.0937638839198249
27.9167,9.16667,0.05,0.0287253,-0.0864113,-0.0028802,0.09110626312070977
28.0833,9.16667,0.05,0.0357374,-0.0809701,-0.0027694,0.08854935589336604
28.25,9.16667,0.05,0.0428284,-0.0746914,-0.00260945,0.08613876194735155
28.4167,9.16667,0.05,0.0499223,-0.0673628,-0.00238728,0.08387897213800607
28.5833,9.16667,0.05,0.0568759,-0.0587514,-0.00207831,0.08179800960430578
28.75,9.16667,0.05,0.0634912,-0.0486082,-0.00164659,0.07997875244906048
28.9167,9.16667,0.05,0.0695576,-0.0365693,-0.00104864,0.07859181297119694
29.0833,9.16667,0.05,0.0747524,-0.0220371,-0.000227565,0.077933348882229
29.25,9.16667,0.05,0.0789689,-0.00375537,0.000830862,0.07906250883136673
29.4167,9.16667,0.05,0.0829379,0.0205705,0.00226637,0.08548085843998585
29.5833,9.16667,0.05,0.0845785,0.0535698,0.00442311,0.10021382158346273
29.75,9.16667,0.05,0.0889206,0.101401,0.00826623,0.1351198226159763
29.9167,9.16667,0.05,0.0710896,0.166075,0.0157904,0.18133938784864143
0.0833333,9.5,0.05,-1.74595e-05,-0.0100376,-0.000208882,0.01003978835852949
0.25,9.5,0.05,-4.98366e-05,-0.0100102,-0.000212439,0.010012577992476292
0.416667,9.5,0.05,-7.66677e-05,-0.00996786,-0.000215139,0.00997047620252635
0.583333,9.5,0.05,-9.55889e-05,-0.0099106,-0.000218255,0.009913463816589448
0.75,9.5,0.05,-0.000105259,-0.00983897,-0.000221802,0.009842032627724063
0.916667,9.5,0.05,-0.000104348,-0.00975379,-0.000225635,0.00975695746749103
1.08333,9.5,0.05,-9.18905e-05,-0.00965599,-0.000229552,0.009659155287332025
1.25,9.5,0.05,-6.73318e-05,-0.00954653,-0.000233324,0.00954961824897557
1.41667,9.5,0.05,-3.05897e-05,-0.00942639,-0.000236711,0.00942941123609354
1.58333,9.5,0.05,1.8078e-05,-0.00929628,-0.000239384,0.009299379191749307
1.75,9.5,0.05,7.78702e-05,-0.00915749,-0.00024107,0.009160993483954022
1.91667,9.5,0.05,0.000147737,-0.00901094,-0.000241688,0.00901539122801185
2.08333,9.5,0.05,0.000226343,-0.00885742,-0.000241171,0.008863593157477954
2.25,9.5,0.05,0.00031214,-0.00869776,-0.000239434,0.00870665199933683
2.41667,9.5,0.05,0.000403437,-0.00853274,-0.000236414,0.00854554298450163
2.58333,9.5,0.05,0.000498474,-0.00836311,-0.000232087,0.008381166361333308
2.75,9.5,0.05,0.000595393,-0.00818974,-0.000226445,0.008214475724601905
2.91667,9.5,0.05,0.000692352,-0.00801333,-0.000219477,0.008046177920872307
3.08333,9.5,0.05,0.000787512,-0.00783468,-0.000211197,0.007876991178448343
3.25,9.5,0.05,0.000879169,-0.00765445,-0.000201666,0.007707412802530885
3.41667,9.5,0.05,0.000965658,-0.00747332,-0.000190946,0.007537868901107262
3.58333,9.5,0.05,0.00104546,-0.00729199,-0.000179113,0.007368730300293871
3.75,9.5,0.05,0.00111719,-0.00711112,-0.000166253,0.007200262579275078
3.91667,9.5,0.05,0.00117967,-0.00693135,-0.000152473,0.007032672475462582
4.08333,9.5,0.05,0.00123189,-0.00675333,-0.000137888,0.006866151189825637
4.25,9.5,0.05,0.00127311,-0.00657762,-0.00012263,0.0067008157752172235
4.41667,9.5,0.05,0.00130274,-0.00640478,-0.00010684,0.0065367999159833545
4.58333,9.5,0.05,0.00132053,-0.00623539,-9.06597e-05,0.0063743318955169015
4.75,9.5,0.05,0.00132649,-0.00606993,-7.42509e-05,0.006213625280072078
4.91667,9.5,0.05,0.00132085,-0.00590888,-5.77753e-05,0.006054985182656527
5.08333,9.5,0.05,0.00130412,-0.00575268,-4.13918e-05,0.005898793896883264
5.25,9.5,0.05,0.00127704,-0.00560174,-2.52539e-05,0.00574551650843205
5.41667,9.5,0.05,0.00124061,-0.00545648,-9.51322e-06,0.005595746390237389
5.58333,9.5,0.05,0.00119602,-0.00531725,5.64069e-06,0.005450104881585645
5.75,9.5,0.05,0.0011446,-0.00518447,2.00019e-05,0.0053093538605845075
5.91667,9.5,0.05,0.00108834,-0.00505837,3.34627e-05,0.005174235283091725
6.08333,9.5,0.05,0.00102892,-0.00493935,4.59719e-05,0.00504558898489459
6.25,9.5,0.05,0.000968229,-0.00482782,5.74378e-05,0.00492428801449609
6.41667,9.5,0.05,0.000908232,-0.00472424,6.77863e-05,0.004811228941330031
6.58333,9.5,0.05,0.00085096,-0.00462905,7.69576e-05,0.004707245404299394
6.75,9.5,0.05,0.000798468,-0.00454275,8.49086e-05,0.004613170079227294
6.91667,9.5,0.05,0.000752829,-0.00446591,9.16064e-05,0.004529844960245544
7.08333,9.5,0.05,0.000716086,-0.00439907,9.70316e-05,0.0044580277203820256
7.25,9.5,0.05,0.000690253,-0.0043428,0.000101178,0.004398476785398895
7.41667,9.5,0.05,0.000677275,-0.00429771,0.000104052,0.00435199258827827
7.58333,9.5,0.05,0.000679022,-0.00426442,0.000105666,0.004319434467200538
7.75,9.5,0.05,0.000697276,-0.00424358,0.000106038,0.004301791381973329
7.91667,9.5,0.05,0.000733714,-0.00423585,0.000105194,0.004300212463812922
8.08333,9.5,0.05,0.000789886,-0.00424189,0.000103165,0.004316039119646739
8.25,9.5,0.05,0.000867249,-0.0042624,9.99755e-05,0.004350881484090466
8.41667,9.5,0.05,0.000967078,-0.00429802,9.56574e-05,0.004406514054971203
8.58333,9.5,0.05,0.00109055,-0.00434939,9.02491e-05,0.004484934511746053
8.75,9.5,0.05,0.00123867,-0.00441714,8.37925e-05,0.004588294926392183
8.91667,9.5,0.05,0.00141233,-0.00450186,7.63135e-05,0.004718817991699007
9.08333,9.5,0.05,0.00161229,-0.00460411,6.7825e-05,0.004878719931173033
9.25,9.5,0.05,0.00183913,-0.00472444,5.83776e-05,0.00507012232738834
9.41667,9.5,0.05,0.00209333,-0.00486337,4.79906e-05,0.005294969437446108
9.58333,9.5,0.05,0.0023752,-0.00502134,3.66833e-05,0.0055548875866302545
9.75,9.5,0.05,0.002685,-0.00519876,2.44564e-05,0.005851233088255924
9.91667,9.5,0.05,0.00302287,-0.00539605,1.13524e-05,0.0061850810436392635
10.0833,9.5,0.05,0.00338876,-0.00561351,-2.56662e-06,0.006557072170202051
10.25,9.5,0.05,0.00378258,-0.00585147,-1.73301e-05,0.006967633238745134
10.4167,9.5,0.05,0.00420439,-0.00611015,-3.29587e-05,0.007417001723776643
10.5833,9.5,0.05,0.00465404,-0.00638975,-4.94294e-05,0.007905152538040259
10.75,9.5,0.05,0.00513135,-0.00669043,-6.67177e-05,0.008431907118730216
10.9167,9.5,0.05,0.00563603,-0.00701233,-8.47953e-05,0.008996932612435313
11.0833,9.5,0.05,0.00616776,-0.00735554,-0.00010363,0.009599790168857859
11.25,9.5,0.05,0.00672594,-0.00772008,-0.000123195,0.010239779348112195
11.4167,9.5,0.05,0.00731065,-0.00810677,-0.000143328,0.010917227952689455
11.5833,9.5,0.05,0.00792133,-0.00851535,-0.000164137,0.011631233620995194
11.75,9.5,0.05,0.0085574,-0.0089458,-0.000185675,0.01238107053552418
11.9167,9.5,0.05,0.00921839,-0.00939845,-0.00020791,0.01316635117117495
12.0833,9.5,0.05,0.00990388,-0.00987348,-0.000230836,0.013986626885124805
12.25,9.5,0.05,0.0106133,-0.0103711,-0.000254417,0.014841380667238781
12.4167,9.5,0.05,0.0113462,-0.0108915,-0.000278651,0.01573018350400913
12.5833,9.5,0.05,0.0121018,-0.0114352,-0.000303509,0.016652611806953318
12.75,9.5,0.05,0.0128797,-0.0120024,-0.000328979,0.0176083078412561
12.9167,9.5,0.05,0.0136792,-0.0125939,-0.000355044,0.01859712037095894
13.0833,9.5,0.05,0.0144996,-0.0132101,-0.000381687,0.01961863469092508
13.25,9.5,0.05,0.0153401,-0.0138521,-0.000408887,0.020672845256489707
13.4167,9.5,0.05,0.0162,-0.0145208,-0.000436615,0.02175969359384973
13.5833,9.5,0.05,0.0170784,-0.0152175,-0.000464843,0.022879251120275966
13.75,9.5,0.05,0.0179745,-0.0159434,-0.000493583,0.024031609974945273
13.9167,9.5,0.05,0.018887,-0.0167001,-0.000522826,0.02521676934177485
14.0833,9.5,0.05,0.0198149,-0.0174896,-0.000552563,0.0264352358801462
14.25,9.5,0.05,0.0207568,-0.0183138,-0.000582775,0.027687174709251666
14.4167,9.5,0.05,0.0217113,-0.0191753,-0.000613448,0.028973246214891144
14.5833,9.5,0.05,0.0226766,-0.0200768,-0.000644576,0.030293919588256914
14.75,9.5,0.05,0.0236508,-0.0210214,-0.000676137,0.031649909318081294
14.9167,9.5,0.05,0.0246318,-0.0220125,-0.000708117,0.033042051346363
15.0833,9.5,0.05,0.025617,-0.0230539,-0.0007405,0.03447116671161567
15.25,9.5,0.05,0.0266036,-0.0241498,-0.000773275,0.03593831280438225
15.4167,9.5,0.05,0.0275882,-0.0253049,-0.000806417,0.037444586412829946
15.5833,9.5,0.05,0.0285671,-0.026524,-0.000839912,0.03899111732917824
15.75,9.5,0.05,0.0295359,-0.0278125,-0.000873742,0.040579156843662534
15.9167,9.5,0.05,0.0304896,-0.0291761,-0.000907886,0.04221000801183288
16.0833,9.5,0.05,0.0314224,-0.0306206,-0.000942314,0.04388480741435009
16.25,9.5,0.05,0.0323277,-0.0321524,-0.000976992,0.04560495067882503
16.4167,9.5,0.05,0.0331981,-0.0337778,-0.00101187,0.047371695107383475
16.5833,9.5,0.05,0.0340248,-0.035503,-0.0010469,0.04918583153358292
16.75,9.5,0.05,0.0347981,-0.0373345,-0.00108201,0.05104844169512033
16.9167,9.5,0.05,0.0355071,-0.0392781,-0.00111711,0.052960090868238704
17.0833,9.5,0.05,0.0361393,-0.0413392,-0.00115209,0.05492090469482545
17.25,9.5,0.05,0.0366808,-0.0435223,-0.00118681,0.056930485716407686
17.4167,9.5,0.05,0.0371163,-0.0458308,-0.00122109,0.05898790566817998
17.5833,9.5,0.05,0.0374287,-0.0482664,-0.00125472,0.061091139086846304
17.75,9.5,0.05,0.0375997,-0.050829,-0.00128746,0.06323750654747229
17.9167,9.5,0.05,0.0376094,-0.0535156,-0.00131898,0.06542267282800665
18.0833,9.5,0.05,0.037437,-0.0563205,-0.00134894,0.06764131376883213
18.25,9.5,0.05,0.0370611,-0.0592344,-0.00137699,0.06988658940047153
18.4167,9.5,0.05,0.0364605,-0.0622436,-0.00140269,0.07214985336399583
18.5833,9.5,0.05,0.0356148,-0.0653297,-0.0014257,0.07442053682700765
18.75,9.5,0.05,0.0345054,-0.0684703,-0.00144571,0.0766869916521316
18.9167,9.5,0.05,0.0331178,-0.0716383,-0.00146244,0.07893651521623944
19.0833,9.5,0.05,0.0314417,-0.0748021,-0.00147559,0.08115486448234696
19.25,9.5,0.05,0.0294735,-0.0779295,-0.00148514,0.08333006548251118
19.4167,9.5,0.05,0.0272179,-0.0809876,-0.00149105,0.08545190848818124
19.5833,9.5,0.05,0.0246897,-0.0839408,-0.00149447,0.08750927168769547
19.75,9.5,0.05,0.0219108,-0.086759,-0.00149585,0.08949550159009391
19.9167,9.5,0.05,0.0189071,-0.08942,-0.00149487,0.09140924169211176
20.0833,9.5,0.05,0.015719,-0.0919148,-0.00149015,0.0932611278457563
20.25,9.5,0.05,0.0123637,-0.0942479,-0.00148412,0.09506697820102623
20.4167,9.5,0.05,0.00891038,-0.0963942,-0.00148109,0.0968164773836174
20.5833,9.5,0.05,0.00535422,-0.0983796,-0.00147434,0.09853622200188111
20.75,9.5,0.05,0.00175953,-0.100207,-0.00146136,0.10023310016092739
20.9167,9.5,0.05,-0.00194435,-0.101932,-0.00144973,0.10196084953547317
21.0833,9.5,0.05,-0.0055842,-0.103485,-0.00143771,0.10364552824258315
21.25,9.5,0.05,-0.00922825,-0.104914,-0.00142088,0.10532866131322897
21.4167,9.5,0.05,-0.0128461,-0.106227,-0.00140478,0.10701014541181784
21.5833,9.5,0.05,-0.0164348,-0.107434,-0.00139118,0.10869269703541447
21.75,9.5,0.05,-0.0199836,-0.108539,-0.00137912,0.1103719201696446
21.9167,9.5,0.05,-0.0234785,-0.109537,-0.00136929,0.11203334006604507
22.0833,9.5,0.05,-0.0269063,-0.110436,-0.00136231,0.11367460122747781
22.25,9.5,0.05,-0.0302538,-0.111239,-0.00135873,0.11528769961558302
22.4167,9.5,0.05,-0.033507,-0.111951,-0.00135896,0.11686570165057666
22.5833,9.5,0.05,-0.0366515,-0.112576,-0.00136326,0.1183999438601117
22.75,9.5,0.05,-0.0396722,-0.113116,-0.0013719,0.11987908499171153
22.9167,9.5,0.05,-0.0425541,-0.113576,-0.0013851,0.12129417836326688
23.0833,9.5,0.05,-0.0452824,-0.113959,-0.00140308,0.12263408198476637
23.25,9.5,0.05,-0.0478423,-0.114271,-0.00142599,0.1238901955675674
23.4167,9.5,0.05,-0.0502192,-0.114514,-0.00145397,0.12505014303630724
23.5833,9.5,0.05,-0.0523985,-0.114693,-0.00148713,0.12610431636897645
23.75,9.5,0.05,-0.054366,-0.114809,-0.00152552,0.12703974042901064
23.9167,9.5,0.05,-0.0561075,-0.114866,-0.00156918,0.12784643850386446
24.0833,9.5,0.05,-0.057609,-0.114865,-0.0016181,0.12851219145905965
24.25,9.5,0.05,-0.0588567,-0.114809,-0.00167223,0.12902718306257369
24.4167,9.5,0.05,-0.0598368,-0.114698,-0.0017315,0.12937956535129494
24.5833,9.5,0.05,-0.0605357,-0.114533,-0.00179576,0.1295592675861808
24.75,9.5,0.05,-0.0609398,-0.114312,-0.00186485,0.12955450680529218
24.9167,9.5,0.05,-0.0610357,-0.114034,-0.00193857,0.12935558698461733
25.0833,9.5,0.05,-0.0608102,-0.113698,-0.00201661,0.12895418699651476
25.25,9.5,0.05,-0.0602506,-0.1133,-0.00209863,0.12834106532297798
25.4167,9.5,0.05,-0.0593449,-0.112836,-0.00218422,0.12750902269650727
25.5833,9.5,0.05,-0.0580817,-0.1123,-0.0022729,0.12645133431205854
25.75,9.5,0.05,-0.0564505,-0.111685,-0.00236411,0.12516304243402723
25.9167,9.5,0.05,-0.0544416,-0.110981,-0.00245721,0.12363942758094644
26.0833,9.5,0.05,-0.0520469,-0.110175,-0.00255146,0.12187666049224355
26.25,9.5,0.05,-0.0492581,-0.109251,-0.00264609,0.1198713610872009
26.4167,9.5,0.05,-0.0460656,-0.108194,-0.0027405,0.11762436601151141
26.5833,9.5,0.05,-0.0424629,-0.106986,-0.00283368,0.11513961878846221
26.75,9.5,0.05,-0.0384479,-0.105606,-0.00292446,0.11242517830406853
26.9167,9.5,0.05,-0.0340218,-0.104025,-0.00301154,0.10948859700174991
27.0833,9.5,0.05,-0.0291946,-0.102211,-0.00309244,0.10634367106374314
27.25,9.5,0.05,-0.0239509,-0.100089,-0.00316404,0.10296341428357744
27.4167,9.5,0.05,-0.0182793,-0.0976098,-0.00322767,0.09935906459985873
27.5833,9.5,0.05,-0.0121846,-0.0947439,-0.00327997,0.09558048580945223
27.75,9.5,0.05,-0.00572796,-0.0914113,-0.00332134,0.09165078610054143
27.9167,9.5,0.05,0.00122742,-0.0873645,-0.00328872,0.08743499356290249
28.0833,9.5,0.05,0.0084444,-0.0826138,-0.00318007,0.08310511829607668
28.25,9.5,0.05,0.0158841,-0.0771234,-0.00304354,0.07880093017281965
28.4167,9.5,0.05,0.0235399,-0.0706438,-0.00285972,0.0745174568066329
28.5833,9.5,0.05,0.0313078,-0.0629155,-0.00259223,0.07032252937333028
28.75,9.5,0.05,0.0389188,-0.0537873,-0.00219442,0.06642711881352675
28.9167,9.5,0.05,0.0461898,-0.0429411,-0.00165716,0.06308868260247318
29.0833,9.5,0.05,0.0528491,-0.0298572,-0.000916559,0.06070683522512504
29.25,9.5,0.05,0.0583187,-0.0137214,5.18646e-05,0.059911186581361686
29.4167,9.5,0.05,0.0630653,0.00723576,0.00147953,0.06349627781128986
29.5833,9.5,0.05,0.0646608,0.0346007,0.00357644,0.07342355494120126
29.75,9.5,0.05,0.0671167,0.0738955,0.00709382,0.10007756302654656
29.9167,9.5,0.05,0.0528193,0.128301,0.013187,0.13937331890462393
0.0833333,9.83333,0.05,-3.26848e-05,-0.00906624,-0.000231421,0.009069251993025227
0.25,9.83333,0.05,-9.54506e-05,-0.00904155,-0.000235002,0.009045107139196549
0.416667,9.83333,0.05,-0.000152936,-0.00900351,-0.000237452,0.00900793900914632
0.583333,9.83333,0.05,-0.000202664,-0.0089521,-0.000240227,0.008957615537542622
0.75,9.83333,0.05,-0.00024347,-0.00888791,-0.00024335,0.00889457368464054
0.916667,9.83333,0.05,-0.000274162,-0.00881171,-0.00024666,0.008819423965426768
1.08333,9.83333,0.05,-0.000293957,-0.00872441,-0.000249939,0.008732938226603346
1.25,9.83333,0.05,-0.000302526,-0.00862694,-0.000252942,0.008635947857626284
1.41667,9.83333,0.05,-0.000300021,-0.00852026,-0.000255423,0.008529365977431735
1.58333,9.83333,0.05,-0.00028702,-0.00840528,-0.000257146,0.008414109366065787
1.75,9.83333,0.05,-0.000264497,-0.0082829,-0.000257926,0.008291134837553
1.91667,9.83333,0.05,-0.000233806,-0.00815402,-0.000257608,0.008161437942403286
2.08333,9.83333,0.05,-0.00019657,-0.00801949,-0.000256063,0.00802598454303078
2.25,9.83333,0.05,-0.000154597,-0.00788013,-0.000253194,0.007885712158768224
2.41667,9.83333,0.05,-0.000109851,-0.00773674,-0.000248935,0.007741523216010271
2.58333,9.83333,0.05,-6.43558e-05,-0.00759006,-0.000243246,0.0075942294598668565
2.75,9.83333,0.05,-2.02339e-05,-0.00744086,-0.000236098,0.007444632241817806
2.91667,9.83333,0.05,2.04542e-05,-0.00728965,-0.000227398,0.007293224619275183
3.08333,9.83333,0.05,5.55457e-05,-0.00713767,-0.000217224,0.007141190700426959
3.25,9.83333,0.05,8.31144e-05,-0.00698537,-0.000205735,0.006988893255059228
3.41667,9.83333,0.05,0.00010126,-0.00683342,-0.000193014,0.006836895266727141
3.58333,9.83333,0.05,0.00010826,-0.00668247,-0.000179154,0.006685747653345586
3.75,9.83333,0.05,0.000102564,-0.00653314,-0.000164265,0.006536009533646734
3.91667,9.83333,0.05,8.28342e-05,-0.00638606,-0.000148473,0.006388322789278782
4.08333,9.83333,0.05,4.79656e-05,-0.00624178,-0.000131917,0.0062433580997787045
4.25,9.83333,0.05,-2.912e-06,-0.00610069,-0.000114715,0.006101769127643966
4.41667,9.83333,0.05,-7.03673e-05,-0.00596335,-9.70229e-05,0.005964554318851804
4.58333,9.83333,0.05,-0.000154561,-0.00583045,-7.90761e-05,0.005833034316272467
4.75,9.83333,0.05,-0.000255489,-0.00570226,-6.10997e-05,0.005708307709826187
4.91667,9.83333,0.05,-0.000372766,-0.00557913,-4.33e-05,0.005591736844456827
5.08333,9.83333,0.05,-0.000505733,-0.00546138,-2.58705e-05,0.0054848068930874174
5.25,9.83333,0.05,-0.000653403,-0.00534932,-9.00235e-06,0.0053890853570076735
5.41667,9.83333,0.05,-0.000814583,-0.00524318,7.05212e-06,0.005306084404594926
5.58333,9.83333,0.05,-0.00098775,-0.0051432,2.20638e-05,0.005237236209468734
5.75,9.83333,0.05,-0.00117076,-0.00504948,3.59372e-05,0.005183552713182711
5.91667,9.83333,0.05,-0.00136175,-0.00496232,4.85933e-05,0.005146002735493335
6.08333,9.83333,0.05,-0.00155856,-0.00488198,5.99376e-05,0.00512507858572859
6.25,9.83333,0.05,-0.00175895,-0.00480876,6.98974e-05,0.005120836209705087
6.41667,9.83333,0.05,-0.0019606,-0.00474299,7.84203e-05,0.00513284095248938
6.58333,9.83333,0.05,-0.00216111,-0.00468503,8.54732e-05,0.0051601558310692755
6.75,9.83333,0.05,-0.0023581,-0.0046353,9.10425e-05,0.005201435420805131
6.91667,9.83333,0.05,-0.00254916,-0.00459422,9.51311e-05,0.005254914275246287
7.08333,9.83333,0.05,-0.00273197,-0.00456228,9.7754e-05,0.0053186102248440805
7.25,9.83333,0.05,-0.00290423,-0.00453996,9.89359e-05,0.005390322532725552
7.41667,9.83333,0.05,-0.00306376,-0.00452777,9.87116e-05,0.005467821365998945
7.58333,9.83333,0.05,-0.00320846,-0.00452625,9.71196e-05,0.005548926639522652
7.75,9.83333,0.05,-0.00333636,-0.00453593,9.42035e-05,0.005631592431445323
7.91667,9.83333,0.05,-0.00344564,-0.00455735,9.00065e-05,0.005714015680949979
8.08333,9.83333,0.05,-0.0035346,-0.00459103,8.45742e-05,0.005794661889722785
8.25,9.83333,0.05,-0.0036017,-0.00463747,7.795e-05,0.005872345961657913
8.41667,9.83333,0.05,-0.00364556,-0.00469718,7.0175e-05,0.005946304078721924
8.58333,9.83333,0.05,-0.00366495,-0.00477064,6.12886e-05,0.006016196539724243
8.75,9.83333,0.05,-0.00365882,-0.0048583,5.1328e-05,0.006082160573840846
8.91667,9.83333,0.05,-0.00362626,-0.00496059,4.03323e-05,0.006144822326977672
9.08333,9.83333,0.05,-0.00356654,-0.00507786,2.83247e-05,0.00620529387215707
9.25,9.83333,0.05,-0.00347901,-0.00521045,1.53147e-05,0.006265184300771693
9.41667,9.83333,0.05,-0.00336319,-0.0053587,1.36199e-06,0.0063266669361613116
9.58333,9.83333,0.05,-0.00321893,-0.005523,-1.351e-05,0.006392591169862186
9.75,9.83333,0.05,-0.00304585,-0.00570359,-2.93347e-05,0.006465988063337582
9.91667,9.83333,0.05,-0.00284373,-0.00590072,-4.61196e-05,0.006550375855537158
10.0833,9.83333,0.05,-0.00261246,-0.0061146,-6.38418e-05,0.0066496132358978026
10.25,9.83333,0.05,-0.00235206,-0.00634542,-8.24811e-05,0.006767816808384903
10.4167,9.83333,0.05,-0.00206262,-0.00659334,-0.000102017,0.006909192506240436
10.5833,9.83333,0.05,-0.00174431,-0.00685846,-0.000122454,0.007077858852069318
10.75,9.83333,0.05,-0.00139734,-0.0071409,-0.000143794,0.00727775299113923
10.9167,9.83333,0.05,-0.00102194,-0.00744077,-0.000166052,0.007512455845008609
11.0833,9.83333,0.05,-0.000618188,-0.00775819,-0.000189253,0.007785080935831881
11.25,9.83333,0.05,-0.000187101,-0.00809361,-0.000213473,0.008098586317255005
11.4167,9.83333,0.05,0.00027396,-0.00844965,-0.000237761,0.008457432795903316
11.5833,9.83333,0.05,0.000759042,-0.00882111,-0.000261692,0.008857573544302525
11.75,9.83333,0.05,0.00127086,-0.00921076,-0.000286312,0.009302427612109863
11.9167,9.83333,0.05,0.00180778,-0.0096185,-0.000311564,0.009791868202978225
12.0833,9.83333,0.05,0.00236943,-0.0100443,-0.000337449,0.0103255039994424
12.25,9.83333,0.05,0.00295523,-0.0104884,-0.000363889,0.010902858988229692
12.4167,9.83333,0.05,0.00356452,-0.0109512,-0.000390864,0.01152333974752528
12.5833,9.83333,0.05,0.00419659,-0.0114328,-0.000418351,0.012185864804243522
12.75,9.83333,0.05,0.0048507,-0.0119339,-0.000446314,0.012889781064339146
12.9167,9.83333,0.05,0.00552603,-0.0124548,-0.000474752,0.013633944405871838
13.0833,9.83333,0.05,0.00622171,-0.0129962,-0.000503637,0.014417508106183571
13.25,9.83333,0.05,0.00693672,-0.0135587,-0.00053294,0.01523943749263732
13.4167,9.83333,0.05,0.0076701,-0.0141437,-0.000562528,0.01609941369897625
13.5833,9.83333,0.05,0.00842116,-0.0147527,-0.000592247,0.01699731889283157
13.75,9.83333,0.05,0.00918835,-0.0153862,-0.000622258,0.017931763192197914
13.9167,9.83333,0.05,0.00996999,-0.0160453,-0.000652621,0.018901805915301873
14.0833,9.83333,0.05,0.0107648,-0.0167323,-0.000683356,0.01990773110509422
14.25,9.83333,0.05,0.0115711,-0.0174487,-0.000714364,0.020948933214474098
14.4167,9.83333,0.05,0.0123869,-0.0181966,-0.000745621,0.022025155932379706
14.5833,9.83333,0.05,0.0132102,-0.0189785,-0.000777169,0.0231364828343584
14.75,9.83333,0.05,0.0140385,-0.019797,-0.000808912,0.024282813467012918
14.9167,9.83333,0.05,0.0148693,-0.0206549,-0.000840822,0.025464248626960978
15.0833,9.83333,0.05,0.0156994,-0.0215555,-0.000872885,0.026680942052956545
15.25,9.83333,0.05,0.0165255,-0.0225024,-0.000905076,0.02793330124736022
15.4167,9.83333,0.05,0.0173438,-0.0234995,-0.0009373,0.029221780061796373
15.5833,9.83333,0.05,0.0181502,-0.0245507,-0.000969545,0.03054679439870942
15.75,9.83333,0.05,0.0189397,-0.0256602,-0.00100179,0.03190864590254654
15.9167,9.83333,0.05,0.0197068,-0.0268326,-0.00103398,0.03330788951045083
16.0833,9.83333,0.05,0.0204455,-0.0280726,-0.00106605,0.03474515510992144
16.25,9.83333,0.05,0.0211488,-0.029385,-0.00109795,0.03622092572867927
16.4167,9.83333,0.05,0.0218092,-0.0307749,-0.00112958,0.03773607856715375
16.5833,9.83333,0.05,0.0224182,-0.0322468,-0.00116086,0.039290958214576545
16.75,9.83333,0.05,0.0229663,-0.0338055,-0.00119166,0.04088621796517257
16.9167,9.83333,0.05,0.0234432,-0.035455,-0.00122188,0.042522154719327195
17.0833,9.83333,0.05,0.0238373,-0.0371991,-0.00125135,0.04419904737573537
17.25,9.83333,0.05,0.0241363,-0.0390406,-0.00127991,0.04591696413808409
17.4167,9.83333,0.05,0.0243267,-0.0409813,-0.00130738,0.04767561772063787
17.5833,9.83333,0.05,0.0243939,-0.0430218,-0.00133357,0.04947439783761799
17.75,9.83333,0.05,0.0243227,-0.0451609,-0.0013582,0.05131223373952843
17.9167,9.83333,0.05,0.024097,-0.0473955,-0.00138093,0.05318745901916071
18.0833,9.83333,0.05,0.0237002,-0.0497205,-0.00140154,0.055098020968648236
18.25,9.83333,0.05,0.0231161,-0.0521285,-0.00141976,0.0570416541653343
18.4167,9.83333,0.05,0.0223292,-0.0546089,-0.0014351,0.05901512216254407
18.5833,9.83333,0.05,0.0213248,-0.0571463,-0.00144753,0.061012638377887736
18.75,9.83333,0.05,0.0200892,-0.0597255,-0.00145712,0.06303042523721698
18.9167,9.83333,0.05,0.0186132,-0.0623268,-0.00146344,0.06506322209292743
19.0833,9.83333,0.05,0.0168893,-0.0649278,-0.00146628,0.067104527748643
19.25,9.83333,0.05,0.0149151,-0.0675094,-0.00146523,0.06915291892120606
19.4167,9.83333,0.05,0.0126914,-0.0700543,-0.00146012,0.07120960983508055
19.5833,9.83333,0.05,0.0102331,-0.0725328,-0.00145367,0.0732655210035314
19.75,9.83333,0.05,0.00755142,-0.0749266,-0.00144589,0.07532004998317844
19.9167,9.83333,0.05,0.00465852,-0.0772202,-0.00143562,0.07737391098693926
20.0833,9.83333,0.05,0.00159645,-0.0794036,-0.00142054,0.07943235033318667
20.25,9.83333,0.05,-0.00168891,-0.0815234,-0.00140461,0.08155298948413969
20.4167,9.83333,0.05,-0.00504167,-0.0834806,-0.00138844,0.08364422740621436
20.5833,9.83333,0.05,-0.00850533,-0.0853239,-0.00136965,0.08575770805438657
20.75,9.83333,0.05,-0.0120414,-0.0870557,-0.00135288,0.08789494013163897
20.9167,9.83333,0.05,-0.0156401,-0.0886882,-0.00134015,0.09006667280005684
21.0833,9.83333,0.05,-0.019286,-0.0902236,-0.0013292,0.0922714179234285
21.25,9.83333,0.05,-0.0229602,-0.0916577,-0.00132059,0.09449893497430592
21.4167,9.83333,0.05,-0.0266478,-0.0929971,-0.00131478,0.09674861497560779
21.5833,9.83333,0.05,-0.0303353,-0.0942461,-0.00131221,0.09901656268717926
21.75,9.83333,0.05,-0.0340095,-0.095407,-0.00131301,0.10129593148053924
21.9167,9.83333,0.05,-0.0376559,-0.0964823,-0.00131733,0.10357864826511735
22.0833,9.83333,0.05,-0.0412597,-0.097475,-0.00132536,0.10585601092153246
22.25,9.83333,0.05,-0.0448063,-0.0983877,-0.00133724,0.10811814020689405
22.4167,9.83333,0.05,-0.0482808,-0.0992231,-0.00135309,0.11035438403071306
22.5833,9.83333,0.05,-0.0516682,-0.099984,-0.001373,0.11255349073325092
22.75,9.83333,0.05,-0.0549533,-0.100673,-0.00139703,0.11470339926397517
22.9167,9.83333,0.05,-0.058121,-0.101294,-0.00142522,0.11679279228209419
23.0833,9.83333,0.05,-0.061156,-0.10185,-0.00145763,0.1188091053800882
23.25,9.83333,0.05,-0.0640433,-0.102343,-0.00149425,0.12073883677985514
23.4167,9.83333,0.05,-0.066768,-0.102777,-0.00153509,0.12257011892915866
23.5833,9.83333,0.05,-0.0693151,-0.103155,-0.0015801,0.12429011959532422
23.75,9.83333,0.05,-0.0716699,-0.103479,-0.00162925,0.12588539415902267
23.9167,9.83333,0.05,-0.0738177,-0.103753,-0.00168242,0.1273442907214391
24.0833,9.83333,0.05,-0.075744,-0.103978,-0.00173952,0.12865303707969897
24.25,9.83333,0.05,-0.0774343,-0.104156,-0.00180039,0.12979901600798868
24.4167,9.83333,0.05,-0.0788742,-0.104288,-0.00186483,0.13076927758678222
24.5833,9.83333,0.05,-0.0800494,-0.104376,-0.0019326,0.13155223585754824
24.75,9.83333,0.05,-0.0809457,-0.104421,-0.00200345,0.13213616235305345
24.9167,9.83333,0.05,-0.081549,-0.104421,-0.00207705,0.13250773101484495
25.0833,9.83333,0.05,-0.0818454,-0.104377,-0.00215303,0.1326569378824225
25.25,9.83333,0.05,-0.0818211,-0.104286,-0.00223096,0.13257163868539756
25.4167,9.83333,0.05,-0.0814626,-0.104147,-0.00231037,0.13224254465676658
25.5833,9.83333,0.05,-0.0807569,-0.103955,-0.00239071,0.131658780249986
25.75,9.83333,0.05,-0.079691,-0.103705,-0.00247137,0.13081089471323443
25.9167,9.83333,0.05,-0.0782526,-0.10339,-0.00255168,0.12968990931287755
26.0833,9.83333,0.05,-0.0764296,-0.103001,-0.00263089,0.12828722204238463
26.25,9.83333,0.05,-0.0742101,-0.102525,-0.00270815,0.12659324090737428
26.4167,9.83333,0.05,-0.0715826,-0.101947,-0.00278258,0.12459936670471643
26.5833,9.83333,0.05,-0.0685369,-0.101251,-0.00285313,0.12229968116641556
26.75,9.83333,0.05,-0.0650647,-0.100415,-0.00291866,0.11968753480327683
26.9167,9.83333,0.05,-0.0611593,-0.0994126,-0.00297787,0.1167569814828514
27.0833,9.83333,0.05,-0.0568169,-0.0982095,-0.00302913,0.11350084424539274
27.25,9.83333,0.05,-0.0520311,-0.0967636,-0.00307091,0.10990841705892275
27.4167,9.83333,0.05,-0.0467955,-0.0950356,-0.00310195,0.105977385235778
27.5833,9.83333,0.05,-0.0411126,-0.092975,-0.00312015,0.10170708844413205
27.75,9.83333,0.05,-0.0349987,-0.0905191,-0.00312183,0.09709975432022937
27.9167,9.83333,0.05,-0.0284543,-0.0875618,-0.00309904,0.09212122478914182
28.0833,9.83333,0.05,-0.0214603,-0.0839801,-0.00305729,0.08673262762215901
28.25,9.83333,0.05,-0.0140158,-0.0796788,-0.00298937,0.08095733538152611
28.4167,9.83333,0.05,-0.00623999,-0.0745133,-0.00289389,0.0748301005707075
28.5833,9.83333,0.05,0.00210017,-0.0679378,-0.00266623,0.06802252689574095
28.75,9.83333,0.05,0.0105023,-0.0600148,-0.00230003,0.06097019486872992
28.9167,9.83333,0.05,0.0189083,-0.0505269,-0.00185611,0.053980890848818894
29.0833,9.83333,0.05,0.0271652,-0.0388657,-0.00126526,0.04743513055107575
29.25,9.83333,0.05,0.034801,-0.0242594,-0.000420478,0.042424107428542135
29.4167,9.83333,0.05,0.0412571,-0.00566115,0.000797283,0.04165132146660642
29.5833,9.83333,0.05,0.0457904,0.0188312,0.0026496,0.04958220654388024
29.75,9.83333,0.05,0.0486926,0.0519039,0.00583399,0.07140741956750783
29.9167,9.83333,0.05,0.0389472,0.0966298,0.0106833,0.10472982161146845
0.0833333,10.1667,0.05,-4.68661e-05,-0.00795248,-0.000253101,0.007956644688430558
0.25,10.1667,0.05,-0.000137907,-0.00793082,-0.000256689,0.00793617120882419
0.416667,10.1667,0.05,-0.000223992,-0.00789749,-0.00025885,0.007904905061963995
0.583333,10.1667,0.05,-0.000302485,-0.00785252,-0.000261235,0.007862684735562658
0.75,10.1667,0.05,-0.000372406,-0.00779647,-0.000263875,0.007809818224860358
0.916667,10.1667,0.05,-0.000432707,-0.00773007,-0.0002666,0.007746760168789854
1.08333,10.1667,0.05,-0.000482786,-0.00765415,-0.000269177,0.007674083059338425
1.25,10.1667,0.05,-0.000522517,-0.00756957,-0.00027135,0.007592433392706781
1.41667,10.1667,0.05,-0.000552283,-0.00747724,-0.000272869,0.007502572360254181
1.58333,10.1667,0.05,-0.000572932,-0.007378,-0.000273508,0.007405264458659663
1.75,10.1667,0.05,-0.000585724,-0.00727272,-0.000273073,0.007301376422696271
1.91667,10.1667,0.05,-0.000592266,-0.00716222,-0.00027141,0.007191789605602767
2.08333,10.1667,0.05,-0.000594441,-0.0070473,-0.000268398,0.0070774172463466505
2.25,10.1667,0.05,-0.000594331,-0.00692873,-0.000263951,0.006959180905886986
2.41667,10.1667,0.05,-0.000594166,-0.00680724,-0.000258013,0.006837990959435746
2.58333,10.1667,0.05,-0.000596261,-0.00668358,-0.000250553,0.006714800488646703
2.75,10.1667,0.05,-0.000602982,-0.00655845,-0.000241568,0.006590539340103206
2.91667,10.1667,0.05,-0.000616653,-0.00643253,-0.000231071,0.0064661500856653484
3.08333,10.1667,0.05,-0.000639585,-0.00630652,-0.000219126,0.006342655570539915
3.25,10.1667,0.05,-0.000674033,-0.00618109,-0.000205801,0.006221137205108886
3.41667,10.1667,0.05,-0.000722081,-0.00605686,-0.000191192,0.006102745973004693
3.58333,10.1667,0.05,-0.000785646,-0.00593444,-0.000175419,0.005988788656855157
3.75,10.1667,0.05,-0.000866439,-0.00581441,-0.000158628,0.005880751910360188
3.91667,10.1667,0.05,-0.000965921,-0.00569731,-0.000140987,0.005780330608928004
4.08333,10.1667,0.05,-0.00108527,-0.00558363,-0.000122684,0.005689445167470725
4.25,10.1667,0.05,-0.00122536,-0.00547383,-0.00010392,0.005610269277396585
4.41667,10.1667,0.05,-0.00138669,-0.00536831,-8.49172e-05,0.005545166574870032
4.58333,10.1667,0.05,-0.00156944,-0.00526744,-6.59141e-05,0.005496672696802931
4.75,10.1667,0.05,-0.00177347,-0.00517151,-4.71368e-05,0.005467351589107311
4.91667,10.1667,0.05,-0.00199823,-0.00508077,-2.88066e-05,0.005459668190101259
5.08333,10.1667,0.05,-0.00224282,-0.00499545,-1.11374e-05,0.0054758457151912856
5.25,10.1667,0.05,-0.00250602,-0.00491571,5.59422e-06,0.005517641918410201
5.41667,10.1667,0.05,-0.00278633,-0.00484164,2.11197e-05,0.005586193587786597
5.58333,10.1667,0.05,-0.00308139,-0.00477327,3.53238e-05,0.005681577122229921
5.75,10.1667,0.05,-0.00338914,-0.00471078,4.81243e-05,0.005803450189003995
5.91667,10.1667,0.05,-0.00370722,-0.00465431,5.94143e-05,0.005950597597178328
6.08333,10.1667,0.05,-0.0040331,-0.00460404,6.91159e-05,0.00612109932440512
6.25,10.1667,0.05,-0.00436416,-0.00456019,7.71738e-05,0.006312462367183383
6.41667,10.1667,0.05,-0.00469769,-0.00452301,8.35582e-05,0.006521724677490398
6.58333,10.1667,0.05,-0.00503093,-0.0044928,8.82605e-05,0.006745613272398607
6.75,10.1667,0.05,-0.00536115,-0.00446989,9.12926e-05,0.00698070055749527
6.91667,10.1667,0.05,-0.00568563,-0.00445464,9.26813e-05,0.00722348917420589
7.08333,10.1667,0.05,-0.00600176,-0.00444747,9.24671e-05,0.007470586500609067
7.25,10.1667,0.05,-0.00630701,-0.00444876,9.06988e-05,0.0077186829802772345
7.41667,10.1667,0.05,-0.00659895,-0.00445897,8.74329e-05,0.00796468449314864
7.58333,10.1667,0.05,-0.00687534,-0.00447852,8.27285e-05,0.008205747102531996
7.75,10.1667,0.05,-0.00713405,-0.00450784,7.66477e-05,0.008439263340956678
7.91667,10.1667,0.05,-0.00737315,-0.00454735,6.92512e-05,0.008662939955563668
8.08333,10.1667,0.05,-0.00759085,-0.00459747,6.05999e-05,0.00887476233322786
8.25,10.1667,0.05,-0.00778558,-0.00465858,5.07512e-05,0.009073047957390142
8.41667,10.1667,0.05,-0.00795591,-0.00473105,3.9761e-05,0.009256398812050018
8.58333,10.1667,0.05,-0.00810063,-0.0048152,2.76842e-05,0.009423753172267917
8.75,10.1667,0.05,-0.00821871,-0.00491128,1.45566e-05,0.009574344739829644
8.91667,10.1667,0.05,-0.00830921,-0.00501957,4.26738e-07,0.009707680154965207
9.08333,10.1667,0.05,-0.00837162,-0.0051404,-1.46436e-05,0.009823845887401783
9.25,10.1667,0.05,-0.00840524,-0.00527398,-3.06546e-05,0.009922895958463998
9.41667,10.1667,0.05,-0.00840948,-0.00542053,-4.76032e-05,0.01000518692558766
9.58333,10.1667,0.05,-0.00838397,-0.00558024,-6.54465e-05,0.010071460403678418
9.75,10.1667,0.05,-0.00832848,-0.00575329,-8.41459e-05,0.01012279632645974
9.91667,10.1667,0.05,-0.0082429,-0.0059398,-0.00010368,0.01016057941223826
10.0833,10.1667,0.05,-0.00812721,-0.00613986,-0.000124032,0.010186501221750478
10.25,10.1667,0.05,-0.00798149,-0.0063536,-0.000145191,0.01020262201625548
10.4167,10.1667,0.05,-0.00780587,-0.0065811,-0.000167141,0.010211288840336513
10.5833,10.1667,0.05,-0.00760058,-0.00682243,-0.000189876,0.010215205349706682
10.75,10.1667,0.05,-0.00736589,-0.00707766,-0.000213389,0.010217394062725633
10.9167,10.1667,0.05,-0.00710214,-0.00734688,-0.000237676,0.010221229289815193
11.0833,10.1667,0.05,-0.00680967,-0.00763016,-0.000262738,0.010230345956571752
11.25,10.1667,0.05,-0.00648893,-0.00792764,-0.000288582,0.01024875446506667
11.4167,10.1667,0.05,-0.00614075,-0.008239,-0.000315205,0.01028052944913466
11.5833,10.1667,0.05,-0.00576563,-0.00856422,-0.000342439,0.010329841139824998
11.75,10.1667,0.05,-0.00536387,-0.00890378,-0.000370336,0.010401228216811512
11.9167,10.1667,0.05,-0.00493633,-0.00925757,-0.000398908,0.01049900394162532
12.0833,10.1667,0.05,-0.00448366,-0.00962574,-0.000428143,0.010627388389046907
12.25,10.1667,0.05,-0.00400653,-0.0100085,-0.000458056,0.010790373959693704
12.4167,10.1667,0.05,-0.00350572,-0.0104061,-0.000488621,0.010991621373120574
12.5833,10.1667,0.05,-0.002982,-0.0108189,-0.000519848,0.011234374177189576
12.75,10.1667,0.05,-0.00243621,-0.0112471,-0.000551713,0.011521144249095614
12.9167,10.1667,0.05,-0.00186922,-0.0116914,-0.000584221,0.01185428747522351
13.0833,10.1667,0.05,-0.00128189,-0.0121521,-0.000617366,0.012235110018306171
13.25,10.1667,0.05,-0.000675488,-0.0126302,-0.000651173,0.012665001474696834
13.4167,10.1667,0.05,-5.01438e-05,-0.0131283,-0.000684892,0.013146248603397947
13.5833,10.1667,0.05,0.00059266,-0.0136467,-0.000716819,0.013678358682399031
13.75,10.1667,0.05,0.00124817,-0.0141823,-0.000747476,0.014256727605221191
13.9167,10.1667,0.05,0.00191712,-0.0147391,-0.000778299,0.014883620770424145
14.0833,10.1667,0.05,0.0025976,-0.0153194,-0.000809461,0.015559137804856701
14.25,10.1667,0.05,0.00328713,-0.0159232,-0.000840889,0.01628068230103459
14.4167,10.1667,0.05,0.003984,-0.0165528,-0.000872272,0.01704782397498238
14.5833,10.1667,0.05,0.00468561,-0.0172106,-0.000903783,0.017859913693609748
14.75,10.1667,0.05,0.00538934,-0.0178983,-0.000935364,0.01871547579780156
14.9167,10.1667,0.05,0.00609225,-0.0186187,-0.000966846,0.019613931042506902
15.0833,10.1667,0.05,0.00679087,-0.0193742,-0.000998219,0.020554123240091295
15.25,10.1667,0.05,0.00748132,-0.020168,-0.00102946,0.021535509300548244
15.4167,10.1667,0.05,0.00815999,-0.0210037,-0.00106026,0.022558036301010335
15.5833,10.1667,0.05,0.00882218,-0.0218842,-0.00109062,0.023620722291598114
15.75,10.1667,0.05,0.00946242,-0.0228125,-0.00112066,0.024722528740846877
15.9167,10.1667,0.05,0.0100749,-0.0237925,-0.00115034,0.025863293455698946
16.0833,10.1667,0.05,0.0106533,-0.0248278,-0.00117956,0.02704262959705657
16.25,10.1667,0.05,0.0111908,-0.0259224,-0.00120823,0.028260655444148856
16.4167,10.1667,0.05,0.0116797,-0.02708,-0.00123624,0.02951728445212398
16.5833,10.1667,0.05,0.0121116,-0.0283044,-0.00126348,0.03081276189552634
16.75,10.1667,0.05,0.0124775,-0.0295989,-0.00128983,0.03214726347434413
16.9167,10.1667,0.05,0.0127674,-0.0309666,-0.00131514,0.033521133804506074
17.0833,10.1667,0.05,0.0129706,-0.0324101,-0.00133927,0.03493486353920536
17.25,10.1667,0.05,0.0130757,-0.0339315,-0.00136207,0.03638922721664889
17.4167,10.1667,0.05,0.0130706,-0.0355318,-0.00138338,0.03788486684448555
17.5833,10.1667,0.05,0.0129424,-0.0372111,-0.00140306,0.03942258563734246
17.75,10.1667,0.05,0.0126779,-0.0389684,-0.0014208,0.04100346350748922
17.9167,10.1667,0.05,0.0122633,-0.040801,-0.0014364,0.04262831656129526
18.0833,10.1667,0.05,0.0116846,-0.0427049,-0.00144987,0.04429831243046285
18.25,10.1667,0.05,0.0109288,-0.0446757,-0.00146063,0.04601619584371246
18.4167,10.1667,0.05,0.00998282,-0.0467069,-0.00146792,0.04778436974460164
18.5833,10.1667,0.05,0.00883786,-0.0487826,-0.00147311,0.049598587532425756
18.75,10.1667,0.05,0.0074811,-0.0508958,-0.00147635,0.05146386036989938
18.9167,10.1667,0.05,0.00590481,-0.0530335,-0.00147681,0.05338164357868911
19.0833,10.1667,0.05,0.00410432,-0.0551754,-0.00147472,0.05534749323050503
19.25,10.1667,0.05,0.00208092,-0.0573101,-0.00146904,0.05736667907921811
19.4167,10.1667,0.05,-0.000184211,-0.0594477,-0.00145834,0.05946587024956518
19.5833,10.1667,0.05,-0.00266425,-0.0615441,-0.00144319,0.06161864385272204
19.75,10.1667,0.05,-0.0053349,-0.0635738,-0.00142527,0.06381316947952749
19.9167,10.1667,0.05,-0.00819464,-0.0655421,-0.00140676,0.06606737448118549
20.0833,10.1667,0.05,-0.0112203,-0.067438,-0.00138961,0.06837916343479276
20.25,10.1667,0.05,-0.014402,-0.0692647,-0.0013758,0.07075951593764615
20.4167,10.1667,0.05,-0.0177225,-0.0710167,-0.00136281,0.07320734892233224
20.5833,10.1667,0.05,-0.0211594,-0.0726849,-0.00135147,0.07571420849174149
20.75,10.1667,0.05,-0.0246953,-0.0742707,-0.00134225,0.07828024243474531
20.9167,10.1667,0.05,-0.0283147,-0.0757769,-0.00133557,0.08090515778938262
21.0833,10.1667,0.05,-0.0320028,-0.0772027,-0.00133153,0.08358354543372098
21.25,10.1667,0.05,-0.0357441,-0.0785501,-0.00133023,0.08631065059813244
21.4167,10.1667,0.05,-0.0395234,-0.079821,-0.00133188,0.08908010492188702
21.5833,10.1667,0.05,-0.0433262,-0.0810175,-0.00133664,0.09188460980588425
21.75,10.1667,0.05,-0.047138,-0.0821415,-0.00134463,0.09471549554369073
21.9167,10.1667,0.05,-0.0509441,-0.0831951,-0.00135596,0.09756313143980977
22.0833,10.1667,0.05,-0.05473,-0.0841802,-0.00137073,0.10041692025138442
22.25,10.1667,0.05,-0.0584808,-0.0850994,-0.00138902,0.10326587638499177
22.4167,10.1667,0.05,-0.0621819,-0.085955,-0.00141087,0.10609826231737682
22.5833,10.1667,0.05,-0.0658183,-0.0867496,-0.00143632,0.10890181233658326
22.75,10.1667,0.05,-0.0693751,-0.0874861,-0.00146537,0.11166409226988279
22.9167,10.1667,0.05,-0.0728375,-0.0881672,-0.00149801,0.11437220202501175
23.0833,10.1667,0.05,-0.0761908,-0.0887959,-0.00153419,0.11701326249791559
23.25,10.1667,0.05,-0.0794203,-0.0893753,-0.00157387,0.1195742671688056
23.4167,10.1667,0.05,-0.0825113,-0.0899084,-0.00161694,0.12204199897254059
23.5833,10.1667,0.05,-0.0854493,-0.0903983,-0.00166331,0.12440338465466325
23.75,10.1667,0.05,-0.08822,-0.090848,-0.00171284,0.1266454157277933
23.9167,10.1667,0.05,-0.0908091,-0.0912605,-0.00176536,0.12875514746599298
24.0833,10.1667,0.05,-0.0932022,-0.0916387,-0.00182066,0.13071960918456574
24.25,10.1667,0.05,-0.0953854,-0.0919853,-0.00187853,0.1325262193839804
24.4167,10.1667,0.05,-0.0973445,-0.0923028,-0.00193868,0.13416227878294407
24.5833,10.1667,0.05,-0.0990653,-0.0925937,-0.00200081,0.13561537591451828
24.75,10.1667,0.05,-0.100534,-0.09286,-0.00206457,0.13687339845742452
24.9167,10.1667,0.05,-0.101736,-0.0931032,-0.00212956,0.1379237273714483
25.0833,10.1667,0.05,-0.102659,-0.0933245,-0.00219534,0.13875572816631968
25.25,10.1667,0.05,-0.103287,-0.0935247,-0.00226141,0.13935633410174833
25.4167,10.1667,0.05,-0.103607,-0.0937033,-0.00232723,0.13971447626986583
25.5833,10.1667,0.05,-0.103605,-0.0938594,-0.0023922,0.13981883140049484
25.75,10.1667,0.05,-0.103267,-0.0939905,-0.00245566,0.1396578592320733
25.9167,10.1667,0.05,-0.102579,-0.0940927,-0.0025169,0.13922004963330534
26.0833,10.1667,0.05,-0.101527,-0.0941605,-0.00257515,0.13849390920460186
26.25,10.1667,0.05,-0.100096,-0.094186,-0.00262957,0.13746681945249514
26.4167,10.1667,0.05,-0.0982717,-0.0941591,-0.00267927,0.13612656471619675
26.5833,10.1667,0.05,-0.09604,-0.0940665,-0.00272327,0.13446041879208506
26.75,10.1667,0.05,-0.0933862,-0.0938909,-0.00276051,0.132454157612021
26.9167,10.1667,0.05,-0.0902957,-0.0936102,-0.00278981,0.13009214435301658
27.0833,10.1667,0.05,-0.0867542,-0.0931964,-0.00280985,0.12735680369584698
27.25,10.1667,0.05,-0.0827464,-0.0926145,-0.00281925,0.12422705218177119
27.4167,10.1667,0.05,-0.0782581,-0.0918225,-0.00281647,0.12067988326610571
27.5833,10.1667,0.05,-0.0732773,-0.090769,-0.00279966,0.11668938320346714
27.75,10.1667,0.05,-0.0677953,-0.0893895,-0.00276644,0.1122245009016017
27.9167,10.1667,0.05,-0.0618037,-0.0876015,-0.00271386,0.10724311246900474
28.0833,10.1667,0.05,-0.0552926,-0.0853127,-0.00263958,0.10169806182335236
28.25,10.1667,0.05,-0.0482618,-0.0824156,-0.00253985,0.09554047990575776
28.4167,10.1667,0.05,-0.0407381,-0.0787704,-0.00240665,0.08871392603189479
28.5833,10.1667,0.05,-0.0327173,-0.0741545,-0.00222222,0.08108174795395323
28.75,10.1667,0.05,-0.0241761,-0.0683084,-0.00199391,0.07248790932878461
28.9167,10.1667,0.05,-0.0151418,-0.0609598,-0.00169933,0.06283517363490691
29.0833,10.1667,0.05,-0.00589342,-0.0516631,-0.00131164,0.052014696965338565
29.25,10.1667,0.05,0.00404116,-0.0386661,-0.000583121,0.03888107886178368
29.4167,10.1667,0.05,0.0130114,-0.0221358,0.000453245,0.025680646460516234
29.5833,10.1667,0.05,0.0218708,0.000574658,0.00192371,0.0219627590393617
29.75,10.1667,0.05,0.0290962,0.0309367,0.00459147,0.04271709093666024
29.9167,10.1667,0.05,0.0265954,0.0678308,0.00803317,0.07329982639849086
0.0833333,10.5,0.05,-5.96995e-05,-0.00670998,-0.000272944,0.006715794372807751
0.25,10.5,0.05,-0.000176246,-0.00669162,-0.000276558,0.006699651125564673
0.416667,10.5,0.05,-0.00028814,-0.00666345,-0.000278419,0.0066754855779681665
0.583333,10.5,0.05,-0.000392618,-0.0066255,-0.000280399,0.006643043183897347
0.75,10.5,0.05,-0.00048887,-0.00657828,-0.000282544,0.006602468685820176
0.916667,10.5,0.05,-0.000575984,-0.00652244,-0.000284674,0.006554007965217315
1.08333,10.5,0.05,-0.000653529,-0.00645872,-0.000286546,0.006498020683435611
1.25,10.5,0.05,-0.000721578,-0.0063879,-0.000287896,0.006434968945294142
1.41667,10.5,0.05,-0.000780731,-0.00631077,-0.00028847,0.006365420161164619
1.58333,10.5,0.05,-0.000832072,-0.00622811,-0.000288041,0.0062900449603293775
1.75,10.5,0.05,-0.000877108,-0.00614068,-0.000286421,0.006209614021443281
1.91667,10.5,0.05,-0.000917698,-0.0060492,-0.00028346,0.006124976720837721
2.08333,10.5,0.05,-0.000955974,-0.00595439,-0.000279046,0.006037094767426796
2.25,10.5,0.05,-0.000994273,-0.00585693,-0.000273103,0.005946998660840441
2.41667,10.5,0.05,-0.00103507,-0.0057575,-0.000265586,0.005855827189927653
2.58333,10.5,0.05,-0.00108094,-0.00565674,-0.000256479,0.005764800099625399
2.75,10.5,0.05,-0.00113448,-0.00555529,-0.000245793,0.005675271451952673
2.91667,10.5,0.05,-0.00119828,-0.00545377,-0.000233566,0.005588741830470969
3.08333,10.5,0.05,-0.00127488,-0.0053528,-0.000219864,0.0055069162907108
3.25,10.5,0.05,-0.00136671,-0.00525295,-0.00020478,0.005431695386801436
3.41667,10.5,0.05,-0.00147605,-0.00515478,-0.000188435,0.005365257514800665
3.58333,10.5,0.05,-0.00160498,-0.00505883,-0.000170976,0.005310080466610276
3.75,10.5,0.05,-0.00175535,-0.0049656,-0.000152578,0.005268938890192597
3.91667,10.5,0.05,-0.0019287,-0.00487553,-0.000133441,0.0052448529980716335
4.08333,10.5,0.05,-0.00212628,-0.00478905,-0.000113783,0.0052410889242588705
4.25,10.5,0.05,-0.00234894,-0.00470651,-9.38427e-05,0.005260946868772131
4.41667,10.5,0.05,-0.00259717,-0.00462821,-7.38695e-05,0.005307643216723431
4.58333,10.5,0.05,-0.00287105,-0.00455443,-5.41179e-05,0.005384114548790768
4.75,10.5,0.05,-0.00317025,-0.00448537,-3.48372e-05,0.00549274455349089
4.91667,10.5,0.05,-0.00349405,-0.00442119,-1.62689e-05,0.005635208167912452
5.08333,10.5,0.05,-0.0038412,-0.00436199,1.31916e-06,0.005812209213395806
5.25,10.5,0.05,-0.00421045,-0.00430784,1.75946e-05,0.006023759975135893
5.41667,10.5,0.05,-0.00459921,-0.00425865,3.23847e-05,0.006268164102462068
5.58333,10.5,0.05,-0.00500528,-0.00421452,4.56245e-05,0.006543476774911045
5.75,10.5,0.05,-0.00542613,-0.00417552,5.71891e-05,0.006846979234703346
5.91667,10.5,0.05,-0.00585901,-0.00414174,6.69872e-05,0.00717540909584003
6.08333,10.5,0.05,-0.006301,-0.00411329,7.49574e-05,0.007525116227402389
6.25,10.5,0.05,-0.00674909,-0.00409035,8.10656e-05,0.007892258902374109
6.41667,10.5,0.05,-0.00720021,-0.00407311,8.53054e-05,0.008272878950369645
6.58333,10.5,0.05,-0.00765126,-0.00406182,8.7692e-05,0.008663016286886687
6.75,10.5,0.05,-0.0080992,-0.00405676,8.82613e-05,0.00905881517609658
6.91667,10.5,0.05,-0.00854105,-0.00405823,8.70635e-05,0.009456550422243422
7.08333,10.5,0.05,-0.00897395,-0.00406657,8.41612e-05,0.009852707915846559
7.25,10.5,0.05,-0.00939517,-0.00408212,7.96239e-05,0.010243986674569194
7.41667,10.5,0.05,-0.00980213,-0.00410523,7.35275e-05,0.01062732667151322
7.58333,10.5,0.05,-0.0101925,-0.00413623,6.59489e-05,0.010999991096374178
7.75,10.5,0.05,-0.0105639,-0.00417547,5.6967e-05,0.01135930359529091
7.91667,10.5,0.05,-0.0109146,-0.00422326,4.66584e-05,0.01170327284112827
8.08333,10.5,0.05,-0.0112425,-0.0042799,3.50994e-05,0.012029654285468074
8.25,10.5,0.05,-0.0115463,-0.00434564,2.23599e-05,0.01233702276340317
8.41667,10.5,0.05,-0.0118244,-0.00442066,8.50174e-06,0.012623737262601081
8.58333,10.5,0.05,-0.0120757,-0.00450515,-6.40114e-06,0.012888713977239672
8.75,10.5,0.05,-0.0122994,-0.00459938,-2.22936e-05,0.013131261696767793
8.91667,10.5,0.05,-0.0124943,-0.00470348,-3.91564e-05,0.01335034792895155
9.08333,10.5,0.05,-0.0126598,-0.00481763,-5.69395e-05,0.013545602126282917
9.25,10.5,0.05,-0.0127953,-0.004942,-7.55869e-05,0.01371673355684405
9.41667,10.5,0.05,-0.0129003,-0.00507667,-9.50545e-05,0.013863598152603466
9.58333,10.5,0.05,-0.0129746,-0.00522175,-0.000115311,0.013986429667689355
9.75,10.5,0.05,-0.0130179,-0.00537732,-0.000136326,0.014085449072382322
9.91667,10.5,0.05,-0.0130303,-0.00554344,-0.000158075,0.014161335841975677
10.0833,10.5,0.05,-0.0130118,-0.00572016,-0.000180535,0.01421477268730756
10.25,10.5,0.05,-0.0129624,-0.00590751,-0.000203687,0.01424654261756406
10.4167,10.5,0.05,-0.0128825,-0.00610552,-0.000227513,0.01425790808237902
10.5833,10.5,0.05,-0.0127722,-0.00631421,-0.000251998,0.014249976973879782
10.75,10.5,0.05,-0.012632,-0.0065336,-0.00027713,0.014224350740786028
10.9167,10.5,0.05,-0.0124621,-0.00676371,-0.000302898,0.014182505299576095
11.0833,10.5,0.05,-0.0122632,-0.00700458,-0.000329291,0.014126522848142108
11.25,10.5,0.05,-0.0120358,-0.00725625,-0.0003563,0.014058470592226596
11.4167,10.5,0.05,-0.0117803,-0.00751877,-0.000383908,0.013980513429604938
11.5833,10.5,0.05,-0.0114974,-0.00779205,-0.000412098,0.013895181708927163
11.75,10.5,0.05,-0.0111877,-0.00807623,-0.000440857,0.013805233688617842
11.9167,10.5,0.05,-0.010852,-0.00837139,-0.000470175,0.013713757291957774
12.0833,10.5,0.05,-0.0104909,-0.00867762,-0.000500039,0.01362388016227099
12.25,10.5,0.05,-0.0101052,-0.00899508,-0.000530437,0.013539124589772007
12.4167,10.5,0.05,-0.00969583,-0.00932398,-0.000561354,0.013463314626889473
12.5833,10.5,0.05,-0.0092636,-0.00966457,-0.000592777,0.013400357563014094
12.75,10.5,0.05,-0.00880946,-0.0100172,-0.000624688,0.013354441823937982
12.9167,10.5,0.05,-0.00833444,-0.0103823,-0.000657072,0.013329920743079609
13.0833,10.5,0.05,-0.00783962,-0.0107604,-0.000689913,0.013331235121021946
13.25,10.5,0.05,-0.00732619,-0.011152,-0.0007232,0.013362753539450618
13.4167,10.5,0.05,-0.00679561,-0.0115578,-0.000756914,0.01342892307355642
13.5833,10.5,0.05,-0.00624969,-0.011978,-0.000790947,0.01353354004881609
13.75,10.5,0.05,-0.00568978,-0.0124137,-0.000825155,0.013680439499973128
13.9167,10.5,0.05,-0.00511733,-0.0128664,-0.000859587,0.013873363150277188
14.0833,10.5,0.05,-0.00453465,-0.0133369,-0.000894175,0.01411508062899837
14.25,10.5,0.05,-0.00394393,-0.0138265,-0.000928956,0.014407971590228653
14.4167,10.5,0.05,-0.00334735,-0.0143369,-0.000963821,0.014753996223143783
14.5833,10.5,0.05,-0.00274767,-0.0148695,-0.000998679,0.015154176995928912
14.75,10.5,0.05,-0.00214785,-0.0154263,-0.00103354,0.015609362454760925
14.9167,10.5,0.05,-0.00155102,-0.0160091,-0.00106829,0.016119497181193338
15.0833,10.5,0.05,-0.000960682,-0.0166203,-0.00110282,0.01668452858032027
15.25,10.5,0.05,-0.000381553,-0.0172624,-0.00113701,0.01730401191030303
15.4167,10.5,0.05,0.000184126,-0.0179412,-0.00116902,0.017980188196575587
15.5833,10.5,0.05,0.000727735,-0.0186537,-0.00119803,0.018706292999980646
15.75,10.5,0.05,0.00124557,-0.0194036,-0.00122588,0.01948214360277893
15.9167,10.5,0.05,0.00173171,-0.0201949,-0.00125312,0.020307710734312225
16.0833,10.5,0.05,0.00217962,-0.0210308,-0.00127964,0.021182133285247734
16.25,10.5,0.05,0.00258234,-0.0219142,-0.00130535,0.022104401827194965
16.4167,10.5,0.05,0.00293223,-0.0228481,-0.00133012,0.023073856756019355
16.5833,10.5,0.05,0.003221,-0.0238354,-0.00135384,0.02409012280802238
16.75,10.5,0.05,0.00343973,-0.0248787,-0.00137639,0.02515304962812661
16.9167,10.5,0.05,0.00357888,-0.0259804,-0.00139765,0.02626295854881738
17.0833,10.5,0.05,0.00362828,-0.0271426,-0.00141747,0.02742069240043548
17.25,10.5,0.05,0.00357725,-0.0283666,-0.00143573,0.028627295257418226
17.4167,10.5,0.05,0.0034146,-0.0296532,-0.00145229,0.02988445933330734
17.5833,10.5,0.05,0.00312873,-0.0310025,-0.001467,0.031194487440297847
17.75,10.5,0.05,0.00270767,-0.0324134,-0.00147973,0.032559938225706145
17.9167,10.5,0.05,0.0021395,-0.0338839,-0.00149041,0.03398407658636762
18.0833,10.5,0.05,0.00141171,-0.0354109,-0.00149877,0.03547070728709818
18.25,10.5,0.05,0.000514735,-0.0369913,-0.0015037,0.037025428309477054
18.4167,10.5,0.05,-0.000574273,-0.0386353,-0.00150278,0.03866877995614717
18.5833,10.5,0.05,-0.00184713,-0.0403047,-0.00149615,0.04037473462636504
18.75,10.5,0.05,-0.00331857,-0.0420037,-0.00148604,0.04216078788894368
18.9167,10.5,0.05,-0.00499386,-0.0437247,-0.00147328,0.04403360741238446
19.0833,10.5,0.05,-0.00687615,-0.0454565,-0.00145886,0.045996772751706175
19.25,10.5,0.05,-0.00896346,-0.047187,-0.00144326,0.048052466987650075
19.4167,10.5,0.05,-0.0112558,-0.0489083,-0.00142779,0.050207105341914506
19.5833,10.5,0.05,-0.0137509,-0.0506125,-0.00141234,0.05246624735328037
19.75,10.5,0.05,-0.0164386,-0.0522874,-0.0013968,0.05482837603796049
19.9167,10.5,0.05,-0.0193076,-0.0539235,-0.00138199,0.057292557687452735
20.0833,10.5,0.05,-0.0223458,-0.0555144,-0.00136852,0.05985863540033635
20.25,10.5,0.05,-0.0255407,-0.0570566,-0.00135694,0.06252698814282996
20.4167,10.5,0.05,-0.0288793,-0.0585439,-0.00134742,0.06529332076373816
20.5833,10.5,0.05,-0.0323468,-0.0599739,-0.00134019,0.06815409203185162
20.75,10.5,0.05,-0.0359283,-0.0613451,-0.00133549,0.07110448346229722
20.9167,10.5,0.05,-0.0396093,-0.0626571,-0.0013335,0.07413897119025863
21.0833,10.5,0.05,-0.0433755,-0.0639095,-0.00133434,0.07725049290286502
21.25,10.5,0.05,-0.0472125,-0.0651024,-0.00133809,0.08043092145971038
21.4167,10.5,0.05,-0.0511059,-0.0662366,-0.00134484,0.08367143353018162
21.5833,10.5,0.05,-0.0550418,-0.0673131,-0.00135464,0.08696256797254553
21.75,10.5,0.05,-0.059006,-0.0683332,-0.00136753,0.09029398870656284
21.9167,10.5,0.05,-0.0629844,-0.0692984,-0.00138352,0.09365477571117449
22.0833,10.5,0.05,-0.0669631,-0.0702104,-0.00140262,0.09703362495874511
22.25,10.5,0.05,-0.0709279,-0.0710712,-0.00142481,0.10041868626598388
22.4167,10.5,0.05,-0.074865,-0.071883,-0.00145004,0.10379805648470304
22.5833,10.5,0.05,-0.0787603,-0.0726481,-0.00147826,0.10715930450655042
22.75,10.5,0.05,-0.0826002,-0.0733692,-0.00150939,0.11049031996900044
22.9167,10.5,0.05,-0.0863709,-0.0740491,-0.00154335,0.11377866015577132
23.0833,10.5,0.05,-0.0900588,-0.0746907,-0.00158004,0.11701189960996104
23.25,10.5,0.05,-0.0936505,-0.0752972,-0.00161931,0.12017781260684561
23.4167,10.5,0.05,-0.0971328,-0.0758719,-0.00166103,0.12326428950069401
23.5833,10.5,0.05,-0.100493,-0.0764183,-0.00170504,0.12625967996669246
23.75,10.5,0.05,-0.103717,-0.0769399,-0.00175116,0.12915119380925444
23.9167,10.5,0.05,-0.106792,-0.0774406,-0.00179916,0.1319273086554319
24.0833,10.5,0.05,-0.109707,-0.077924,-0.00184883,0.13457783546100338
24.25,10.5,0.05,-0.112448,-0.078394,-0.00189989,0.1370904136765664
24.4167,10.5,0.05,-0.115002,-0.0788546,-0.00195205,0.13945364263568913
24.5833,10.5,0.05,-0.117356,-0.0793097,-0.00200499,0.1416562008349444
24.75,10.5,0.05,-0.119499,-0.0797631,-0.00205835,0.14368855183114798
24.9167,10.5,0.05,-0.121418,-0.0802187,-0.00211172,0.14553978808232615
25.0833,10.5,0.05,-0.123099,-0.0806799,-0.00216468,0.1471981518379643
25.25,10.5,0.05,-0.12453,-0.08115,-0.00221675,0.14865381724181354
25.4167,10.5,0.05,-0.125698,-0.0816317,-0.00226742,0.1498961735413763
25.5833,10.5,0.05,-0.126589,-0.0821272,-0.00231614,0.15091393708117087
25.75,10.5,0.05,-0.127189,-0.0826378,-0.00236231,0.15169584113737627
25.9167,10.5,0.05,-0.127485,-0.0831637,-0.00240531,0.1522314413611265
26.0833,10.5,0.05,-0.12746,-0.0837037,-0.00244446,0.15250684043144294
26.25,10.5,0.05,-0.127101,-0.084255,-0.00247905,0.1525113599536195
26.4167,10.5,0.05,-0.126389,-0.0848125,-0.00250834,0.15222887783467892
26.5833,10.5,0.05,-0.125307,-0.0853686,-0.00253153,0.15164448806040035
26.75,10.5,0.05,-0.123836,-0.0859122,-0.0025478,0.15074067894792034
26.9167,10.5,0.05,-0.121956,-0.0864281,-0.00255626,0.14949788249603269
27.0833,10.5,0.05,-0.119644,-0.0868961,-0.00255601,0.14789236666687738
27.25,10.5,0.05,-0.116876,-0.0872897,-0.00254607,0.14589713353775977
27.4167,10.5,0.05,-0.113625,-0.0875751,-0.00252542,0.14347967281530302
27.5833,10.5,0.05,-0.109862,-0.0877088,-0.00249293,0.14060123520590032
27.75,10.5,0.05,-0.105556,-0.0876348,-0.00244729,0.13721485537427824
27.9167,10.5,0.05,-0.100671,-0.087282,-0.00238701,0.13326100548074857
28.0833,10.5,0.05,-0.095172,-0.0865607,-0.00231049,0.12866935428659812
28.25,10.5,0.05,-0.0890199,-0.0853586,-0.00221549,0.12335129340996025
28.4167,10.5,0.05,-0.0821799,-0.0835309,-0.00209846,0.11719791275100253
28.5833,10.5,0.05,-0.0746142,-0.0808873,-0.00195428,0.1100629517741933
28.75,10.5,0.05,-0.0662842,-0.077199,-0.00177724,0.10176659251767056
28.9167,10.5,0.05,-0.0571757,-0.0721691,-0.00155596,0.09208615898614514
29.0833,10.5,0.05,-0.0473324,-0.0653853,-0.00126104,0.08072907634633013
29.25,10.5,0.05,-0.036687,-0.0561939,-0.000823732,0.06711459528759615
29.4167,10.5,0.05,-0.0252618,-0.0436847,-0.000225465,0.05046347577997601
29.5833,10.5,0.05,-0.0134154,-0.0260943,0.000559537,0.02934618427162838
29.75,10.5,0.05,0.000370126,0.00307584,0.00261714,0.0040555155949738375
29.9167,10.5,0.05,0.0131069,0.0400911,0.00488996,0.042461733780212035
0.0833333,10.8333,0.05,-7.07719e-05,-0.00535122,-0.000291458,0.005359618635312928
0.25,10.8333,0.05,-0.000209385,-0.00533653,-0.000295082,0.005348781908607697
0.416667,10.8333,0.05,-0.000343697,-0.00531398,-0.000296638,0.005333339026468598
0.583333,10.8333,0.05,-0.000470702,-0.00528364,-0.000298205,0.005312940640024976
0.75,10.8333,0.05,-0.000589768,-0.00524595,-0.000299851,0.0052875068149861515
0.916667,10.8333,0.05,-0.000700109,-0.00520145,-0.00030139,0.005257002058824116
1.08333,10.8333,0.05,-0.000801446,-0.00515078,-0.000302571,0.005221532295155992
1.25,10.8333,0.05,-0.000894026,-0.00509459,-0.000303126,0.005181314034938628
1.41667,10.8333,0.05,-0.000978643,-0.00503352,-0.000302797,0.005136706311933552
1.58333,10.8333,0.05,-0.00105659,-0.00496824,-0.000301361,0.005088281593821337
1.75,10.8333,0.05,-0.00112959,-0.00489938,-0.000298633,0.005036772738687839
1.91667,10.8333,0.05,-0.00119973,-0.00482754,-0.000294469,0.004983092063815498
2.08333,10.8333,0.05,-0.00126936,-0.00475331,-0.000288767,0.0049283483182491275
2.25,10.8333,0.05,-0.00134104,-0.00467728,-0.00028146,0.004873864607434227
2.41667,10.8333,0.05,-0.00141748,-0.00459999,-0.000272513,0.004821143109851542
2.58333,10.8333,0.05,-0.00150146,-0.00452199,-0.000261922,0.004771936590712831
2.75,10.8333,0.05,-0.00159582,-0.00444382,-0.000249713,0.004728269688498003
2.91667,10.8333,0.05,-0.00170334,-0.00436599,-0.00023594,0.004692430449063683
3.08333,10.8333,0.05,-0.00182678,-0.00428899,-0.000220684,0.004667039941585674
3.25,10.8333,0.05,-0.00196873,-0.00421333,-0.000204059,0.004655071167799801
3.41667,10.8333,0.05,-0.00213166,-0.00413945,-0.000186208,0.004659795497375824
3.58333,10.8333,0.05,-0.00231779,-0.00406779,-0.000167302,0.004684768503075045
3.75,10.8333,0.05,-0.00252906,-0.00399875,-0.000147543,0.0047336999253172985
3.91667,10.8333,0.05,-0.0027671,-0.00393269,-0.000127156,0.004810307858592421
4.08333,10.8333,0.05,-0.00303316,-0.00386994,-0.000106388,0.004918110775058244
4.25,10.8333,0.05,-0.00332811,-0.00381076,-8.55052e-05,0.005060189629739881
4.41667,10.8333,0.05,-0.00365235,-0.00375536,-6.47795e-05,0.00523894890562222
4.58333,10.8333,0.05,-0.00400586,-0.00370392,-4.44852e-05,0.005455998225716265
4.75,10.8333,0.05,-0.00438813,-0.00365658,-2.4887e-05,0.00571199453396701
4.91667,10.8333,0.05,-0.00479816,-0.00361341,-6.25571e-06,0.006006588911154783
5.08333,10.8333,0.05,-0.00523468,-0.00357444,1.10469e-05,0.006338660588010658
5.25,10.8333,0.05,-0.00569549,-0.00353958,2.67701e-05,0.006705814607842511
5.41667,10.8333,0.05,-0.00617803,-0.00350884,4.08228e-05,0.007105046046824739
5.58333,10.8333,0.05,-0.00667974,-0.00348223,5.30777e-05,0.007533104903208058
5.75,10.8333,0.05,-0.0071977,-0.00345978,6.34263e-05,0.00798629988379673
5.91667,10.8333,0.05,-0.00772879,-0.00344155,7.17928e-05,0.008460710104520297
6.08333,10.8333,0.05,-0.00826974,-0.00342762,7.8134e-05,0.008952278115315453
6.25,10.8333,0.05,-0.00881719,-0.00341813,8.24363e-05,0.009456915349973146
6.41667,10.8333,0.05,-0.00936774,-0.00341323,8.4715e-05,0.009970550053619158
6.58333,10.8333,0.05,-0.00991802,-0.00341313,8.50074e-05,0.01048922320171302
6.75,10.8333,0.05,-0.0104647,-0.00341805,8.33707e-05,0.0110090854554826
6.91667,10.8333,0.05,-0.0110047,-0.00342823,7.98753e-05,0.01152660240862198
7.08333,10.8333,0.05,-0.0115348,-0.00344395,7.46031e-05,0.01203818791450896
7.25,10.8333,0.05,-0.0120523,-0.00346547,6.76414e-05,0.012540813090461636
7.41667,10.8333,0.05,-0.0125545,-0.00349306,5.90825e-05,0.013031516763424213
7.58333,10.8333,0.05,-0.0130388,-0.00352698,4.90187e-05,0.013507490373616768
7.75,10.8333,0.05,-0.0135031,-0.00356747,3.75441e-05,0.013966458440504695
7.91667,10.8333,0.05,-0.0139453,-0.00361474,2.47499e-05,0.014406191374376159
8.08333,10.8333,0.05,-0.0143636,-0.00366898,1.07248e-05,0.014824794576038315
8.25,10.8333,0.05,-0.0147565,-0.00373028,-4.46772e-06,0.01522068661686857
8.41667,10.8333,0.05,-0.0151229,-0.00379881,-2.07382e-05,0.015592738434894598
8.58333,10.8333,0.05,-0.0154613,-0.00387469,-3.80244e-05,0.015939462542416395
8.75,10.8333,0.05,-0.0157707,-0.00395807,-5.6277e-05,0.016259903558005166
8.91667,10.8333,0.05,-0.0160503,-0.00404907,-7.54224e-05,0.016553331582896593
9.08333,10.8333,0.05,-0.0162993,-0.00414776,-9.54024e-05,0.016819042634036153
9.25,10.8333,0.05,-0.0165174,-0.00425422,-0.000116169,0.017056857442241845
9.41667,10.8333,0.05,-0.0167042,-0.00436849,-0.000137679,0.01726652709803396
9.58333,10.8333,0.05,-0.0168594,-0.00449061,-0.000159893,0.01744793719336326
9.75,10.8333,0.05,-0.0169829,-0.00462061,-0.000182778,0.017601202714001788
9.91667,10.8333,0.05,-0.0170747,-0.00475848,-0.000206303,0.01772656404744611
10.0833,10.8333,0.05,-0.017135,-0.00490423,-0.00023044,0.01782449997858285
10.25,10.8333,0.05,-0.0171638,-0.00505786,-0.000255167,0.017895337057945822
10.4167,10.8333,0.05,-0.0171615,-0.00521937,-0.000280462,0.017939831782387033
10.5833,10.8333,0.05,-0.0171284,-0.00538873,-0.000306307,0.017958683736597984
10.75,10.8333,0.05,-0.0170649,-0.00556594,-0.000332685,0.01795274851945587
10.9167,10.8333,0.05,-0.0169714,-0.005751,-0.000359582,0.017922938324245945
11.0833,10.8333,0.05,-0.0168484,-0.0059439,-0.000386983,0.017870318564935796
11.25,10.8333,0.05,-0.0166965,-0.00614465,-0.000414877,0.017796122015698503
11.4167,10.8333,0.05,-0.0165163,-0.00635325,-0.000443247,0.01770165018170648
11.5833,10.8333,0.05,-0.0163085,-0.00656971,-0.000472083,0.017588380371512013
11.75,10.8333,0.05,-0.0160737,-0.00679411,-0.000501368,0.0174578100646537
11.9167,10.8333,0.05,-0.0158126,-0.00702649,-0.000531092,0.017311612842036528
12.0833,10.8333,0.05,-0.0155261,-0.00726694,-0.000561238,0.01715176918764487
12.25,10.8333,0.05,-0.015215,-0.0075156,-0.000591793,0.016980302921763467
12.4167,10.8333,0.05,-0.0148801,-0.00777264,-0.000622739,0.016799378334977785
12.5833,10.8333,0.05,-0.0145224,-0.00803825,-0.00065406,0.016611482754591775
12.75,10.8333,0.05,-0.014143,-0.0083127,-0.000685736,0.01641936856738699
12.9167,10.8333,0.05,-0.0137429,-0.00859631,-0.000717746,0.01622587456338228
13.0833,10.8333,0.05,-0.0133233,-0.00888948,-0.000750065,0.016034206405825795
13.25,10.8333,0.05,-0.0128857,-0.00919268,-0.000782668,0.015848003005761453
13.4167,10.8333,0.05,-0.0124314,-0.00950644,-0.000815516,0.015670902136758307
13.5833,10.8333,0.05,-0.011962,-0.00983133,-0.000848567,0.015506919730313594
13.75,10.8333,0.05,-0.0114792,-0.0101679,-0.000881771,0.015360199970913173
13.9167,10.8333,0.05,-0.0109849,-0.0105172,-0.000915088,0.015235383483776968
14.0833,10.8333,0.05,-0.0104812,-0.0108799,-0.000948464,0.015136953504893115
14.25,10.8333,0.05,-0.00997051,-0.0112572,-0.000981846,0.015069825581864444
14.4167,10.8333,0.05,-0.00945526,-0.0116501,-0.00101516,0.015038527903461827
14.5833,10.8333,0.05,-0.00893835,-0.01206,-0.00104834,0.015047814375453333
14.75,10.8333,0.05,-0.00842289,-0.0124883,-0.00108132,0.015102051707781299
14.9167,10.8333,0.05,-0.00791231,-0.0129366,-0.00111399,0.015205303114906983
15.0833,10.8333,0.05,-0.00741044,-0.0134065,-0.00114628,0.015361081377364031
15.25,10.8333,0.05,-0.00692144,-0.0139,-0.00117808,0.015572546489254735
15.4167,10.8333,0.05,-0.00645034,-0.0144187,-0.00120929,0.015841975195969093
15.5833,10.8333,0.05,-0.00600235,-0.0149645,-0.00123963,0.01617099713404835
15.75,10.8333,0.05,-0.00558265,-0.0155399,-0.00126901,0.016560943795949554
15.9167,10.8333,0.05,-0.00519733,-0.0161473,-0.00129732,0.01701265927482532
16.0833,10.8333,0.05,-0.0048531,-0.016789,-0.00132443,0.017526471847890548
16.25,10.8333,0.05,-0.00455715,-0.0174673,-0.00135016,0.018102406399097885
16.4167,10.8333,0.05,-0.00431725,-0.0181844,-0.00137434,0.018740327141170722
16.5833,10.8333,0.05,-0.00414173,-0.0189426,-0.0013968,0.019440346509074884
16.75,10.8333,0.05,-0.00403946,-0.019744,-0.00141734,0.020202762825098947
16.9167,10.8333,0.05,-0.00401987,-0.0205904,-0.00143578,0.02102820465910725
17.0833,10.8333,0.05,-0.00409283,-0.0214834,-0.00145195,0.021917935390255168
17.25,10.8333,0.05,-0.00426868,-0.0224241,-0.00146569,0.022873787113823107
17.4167,10.8333,0.05,-0.00455804,-0.0234132,-0.00147686,0.02389842627331766
17.5833,10.8333,0.05,-0.00497177,-0.0244508,-0.00148533,0.02499532601871398
17.75,10.8333,0.05,-0.00552077,-0.0255362,-0.00149105,0.026168676732601516
17.9167,10.8333,0.05,-0.00621576,-0.026668,-0.00149398,0.027423527720153003
18.0833,10.8333,0.05,-0.00706707,-0.0278437,-0.0014942,0.02876539138817513
18.25,10.8333,0.05,-0.00808378,-0.0290599,-0.00149189,0.03020018249730455
18.4167,10.8333,0.05,-0.00927721,-0.0303138,-0.0014876,0.0317365097259308
18.5833,10.8333,0.05,-0.0106553,-0.0316001,-0.00148078,0.03338104922719476
18.75,10.8333,0.05,-0.0122228,-0.0329121,-0.00147196,0.03513929186098661
18.9167,10.8333,0.05,-0.0139846,-0.0342435,-0.00146158,0.03701786792221291
19.0833,10.8333,0.05,-0.0159436,-0.035587,-0.0014501,0.03902224673144795
19.25,10.8333,0.05,-0.0181,-0.0369353,-0.00143801,0.04115694666578292
19.4167,10.8333,0.05,-0.0204522,-0.0382818,-0.00142585,0.04342604914452269
19.5833,10.8333,0.05,-0.0229972,-0.0396184,-0.00141406,0.04583108543427266
19.75,10.8333,0.05,-0.025729,-0.0409376,-0.00140302,0.048371861654069086
19.9167,10.8333,0.05,-0.02864,-0.0422335,-0.00139313,0.05104761437566794
20.0833,10.8333,0.05,-0.0317207,-0.0435007,-0.00138475,0.05385565189970779
20.25,10.8333,0.05,-0.0349609,-0.044735,-0.00137818,0.056792465467898116
20.4167,10.8333,0.05,-0.0383492,-0.0459327,-0.00137364,0.0598528274752296
20.5833,10.8333,0.05,-0.0418736,-0.0470908,-0.0013713,0.06303032829749501
20.75,10.8333,0.05,-0.0455215,-0.0482074,-0.00137128,0.06631772603043924
20.9167,10.8333,0.05,-0.0492802,-0.0492811,-0.0013737,0.0697069005259881
21.0833,10.8333,0.05,-0.0531368,-0.0503113,-0.00137862,0.07318911814630916
21.25,10.8333,0.05,-0.0570783,-0.0512978,-0.00138609,0.07675492076224233
21.4167,10.8333,0.05,-0.0610918,-0.0522409,-0.00139614,0.08039445793678567
21.5833,10.8333,0.05,-0.0651641,-0.0531412,-0.00140877,0.08409715630842043
21.75,10.8333,0.05,-0.0692825,-0.0539996,-0.00142398,0.08785242925184483
21.9167,10.8333,0.05,-0.0734339,-0.0548176,-0.00144174,0.09164925287855652
22.0833,10.8333,0.05,-0.0776056,-0.0555965,-0.001462,0.09547637093862543
22.25,10.8333,0.05,-0.081785,-0.0563384,-0.0014847,0.09932273593518252
22.4167,10.8333,0.05,-0.0859595,-0.0570451,-0.00150976,0.1031768309724504
22.5833,10.8333,0.05,-0.0901169,-0.0577192,-0.0015371,0.10702768048808682
22.75,10.8333,0.05,-0.0942451,-0.0583632,-0.0015666,0.110864134073243
22.9167,10.8333,0.05,-0.0983324,-0.05898,-0.00159815,0.11467543491603814
23.0833,10.8333,0.05,-0.102367,-0.0595725,-0.00163161,0.11845061247812144
23.25,10.8333,0.05,-0.106338,-0.0601444,-0.00166685,0.12217977526695038
23.4167,10.8333,0.05,-0.110233,-0.060699,-0.00170371,0.1258514422553993
23.5833,10.8333,0.05,-0.114043,-0.0612403,-0.00174202,0.12945738614219893
23.75,10.8333,0.05,-0.117757,-0.0617724,-0.00178162,0.13298764837602173
23.9167,10.8333,0.05,-0.121364,-0.0622998,-0.0018223,0.1364324241275878
24.0833,10.8333,0.05,-0.124854,-0.0628271,-0.00186387,0.1397828309263584
24.25,10.8333,0.05,-0.128217,-0.0633591,-0.00190611,0.1430300943757715
24.4167,10.8333,0.05,-0.131442,-0.063901,-0.00194878,0.1461647526200773
24.5833,10.8333,0.05,-0.134521,-0.0644583,-0.00199163,0.14918022144355095
24.75,10.8333,0.05,-0.137443,-0.0650364,-0.00203438,0.15206725576515281
24.9167,10.8333,0.05,-0.140198,-0.0656412,-0.00207675,0.1548178259503811
25.0833,10.8333,0.05,-0.142776,-0.0662783,-0.00211844,0.15742390865088948
25.25,10.8333,0.05,-0.145167,-0.0669536,-0.00215911,0.15987777893738736
25.4167,10.8333,0.05,-0.147359,-0.0676729,-0.00219844,0.16217006324794844
25.5833,10.8333,0.05,-0.149342,-0.0684416,-0.00223608,0.16429329148911226
25.75,10.8333,0.05,-0.151102,-0.069265,-0.00227167,0.16623662386366278
25.9167,10.8333,0.05,-0.152628,-0.0701477,-0.00230484,0.1679920191161342
26.0833,10.8333,0.05,-0.153905,-0.0710935,-0.00233522,0.1695478929969299
26.25,10.8333,0.05,-0.154916,-0.0721051,-0.00236244,0.17089088221658755
26.4167,10.8333,0.05,-0.155646,-0.0731839,-0.00238613,0.1720094594828636
26.5833,10.8333,0.05,-0.156074,-0.0743293,-0.00240594,0.1728864565597132
26.75,10.8333,0.05,-0.156178,-0.0755384,-0.0024215,0.17350354815049174
26.9167,10.8333,0.05,-0.155933,-0.0768054,-0.00243247,0.17383925583268267
27.0833,10.8333,0.05,-0.155309,-0.0781202,-0.0024385,0.17386660809738597
27.25,10.8333,0.05,-0.154273,-0.0794683,-0.00243927,0.17355494597395632
27.4167,10.8333,0.05,-0.152787,-0.0808289,-0.00243447,0.17286730485661797
27.5833,10.8333,0.05,-0.150805,-0.0821736,-0.00242379,0.17175716380961842
27.75,10.8333,0.05,-0.148276,-0.0834641,-0.00240695,0.17016997847185766
27.9167,10.8333,0.05,-0.145139,-0.0846497,-0.00238373,0.16803744582622915
28.0833,10.8333,0.05,-0.141322,-0.0856634,-0.00235398,0.16527452013362617
28.25,10.8333,0.05,-0.136745,-0.0864175,-0.00231764,0.16177932743839554
28.4167,10.8333,0.05,-0.131309,-0.0867961,-0.00227478,0.15741915728480574
28.5833,10.8333,0.05,-0.124901,-0.086645,-0.00222588,0.15202818938530577
28.75,10.8333,0.05,-0.117387,-0.0857602,-0.00217212,0.14539338973397106
28.9167,10.8333,0.05,-0.108613,-0.0838688,-0.00211512,0.13724151381799313
29.0833,10.8333,0.05,-0.0984034,-0.0805934,-0.0020556,0.1272114410989829
29.25,10.8333,0.05,-0.0865332,-0.0753962,-0.00199359,0.11478918101357855
29.4167,10.8333,0.05,-0.0727463,-0.0675511,-0.00193047,0.09929200365246388
29.5833,10.8333,0.05,-0.0568767,-0.0559611,-0.00185319,0.07981251799859532
29.75,10.8333,0.05,-0.0387886,-0.0388857,-0.00162333,0.05494805141894388
29.9167,10.8333,0.05,-0.0111628,-0.0109429,-0.00191894,0.015749206169632806
0.0833333,11.1667,0.05,-8.00047e-05,-0.00390306,-0.000306109,0.003915862719185019
0.25,11.1667,0.05,-0.000236759,-0.00389215,-0.000309864,0.003911636760369884
0.416667,11.1667,0.05,-0.000389334,-0.00387555,-0.000311165,0.003907466240837021
0.583333,11.1667,0.05,-0.000534739,-0.00385327,-0.000312388,0.0039027197892706825
0.75,11.1667,0.05,-0.000672408,-0.00382564,-0.000313622,0.0038969234900043904
0.916667,11.1667,0.05,-0.000801659,-0.00379307,-0.000314674,0.003889608836818556
1.08333,11.1667,0.05,-0.000922328,-0.00375606,-0.000315289,0.0038804745607599334
1.25,11.1667,0.05,-0.0010348,-0.00371509,-0.000315194,0.003869373593456181
1.41667,11.1667,0.05,-0.00114002,-0.00367067,-0.000314131,0.0038564416415214947
1.58333,11.1667,0.05,-0.00123946,-0.00362329,-0.000311876,0.0038421033503897315
1.75,11.1667,0.05,-0.00133502,-0.00357342,-0.000308249,0.0038270911071989124
1.91667,11.1667,0.05,-0.00142895,-0.00352154,-0.000303111,0.003812481915028713
2.08333,11.1667,0.05,-0.0015238,-0.00346809,-0.000296366,0.003799664129111414
2.25,11.1667,0.05,-0.00162233,-0.00341349,-0.000287956,0.003790354504124383
2.41667,11.1667,0.05,-0.00172741,-0.00335817,-0.000277853,0.003786615024874987
2.58333,11.1667,0.05,-0.00184204,-0.00330254,-0.000266065,0.0037908669717394462
2.75,11.1667,0.05,-0.00196922,-0.003247,-0.000252628,0.003805871426465166
2.91667,11.1667,0.05,-0.00211193,-0.00319193,-0.000237609,0.003834725998905398
3.08333,11.1667,0.05,-0.00227307,-0.00313771,-0.000221104,0.003880845043004938
3.25,11.1667,0.05,-0.00245542,-0.00308471,-0.000203245,0.003947889523596753
3.41667,11.1667,0.05,-0.00266156,-0.00303327,-0.000184192,0.004039623153137431
3.58333,11.1667,0.05,-0.00289383,-0.00298371,-0.000164138,0.004159773877994332
3.75,11.1667,0.05,-0.00315427,-0.00293631,-0.000143305,0.004311829306921251
3.91667,11.1667,0.05,-0.00344457,-0.00289134,-0.000121943,0.004498864253981109
4.08333,11.1667,0.05,-0.00376598,-0.00284903,-0.000100321,0.004723308332550501
4.25,11.1667,0.05,-0.00411934,-0.00280955,-7.87261e-05,0.004986855826763113
4.41667,11.1667,0.05,-0.004505,-0.00277304,-5.74498e-05,0.005290375820404449
4.58333,11.1667,0.05,-0.0049228,-0.00273961,-3.67829e-05,0.005633895257619936
4.75,11.1667,0.05,-0.00537209,-0.00270933,-1.7008e-05,0.006016652664818205
4.91667,11.1667,0.05,-0.0058516,-0.00268222,1.56275e-06,0.006437043508520629
5.08333,11.1667,0.05,-0.00635995,-0.00265827,1.85544e-05,0.006893163835363219
5.25,11.1667,0.05,-0.00689423,-0.00263736,3.37702e-05,0.007381545602982349
5.41667,11.1667,0.05,-0.00745189,-0.00261952,4.71365e-05,0.007899036109053575
5.58333,11.1667,0.05,-0.00802999,-0.00260473,5.85113e-05,0.008442083945639708
5.75,11.1667,0.05,-0.00862532,-0.002593,6.7797e-05,0.009006907934225209
5.91667,11.1667,0.05,-0.00923442,-0.00258437,7.49305e-05,0.009589530520996857
6.08333,11.1667,0.05,-0.00985375,-0.0025789,7.98853e-05,0.010185946000919899
6.25,11.1667,0.05,-0.0104796,-0.00257669,8.26657e-05,0.010792042491301473
6.41667,11.1667,0.05,-0.0111085,-0.00257786,8.33051e-05,0.011403993781534873
6.58333,11.1667,0.05,-0.0117366,-0.00258257,8.1859e-05,0.012017659849603873
6.75,11.1667,0.05,-0.0123606,-0.00259097,7.8402e-05,0.012629477612890566
6.91667,11.1667,0.05,-0.0129771,-0.00260327,7.30209e-05,0.013235840402284127
7.08333,11.1667,0.05,-0.0135829,-0.00261965,6.58131e-05,0.013833367988188258
7.25,11.1667,0.05,-0.0141751,-0.00264031,5.68799e-05,0.014419012872909295
7.41667,11.1667,0.05,-0.014751,-0.00266543,4.63273e-05,0.014989952111452034
7.58333,11.1667,0.05,-0.0153079,-0.00269519,3.42604e-05,0.01554339169297062
7.75,11.1667,0.05,-0.0158438,-0.00272974,2.07853e-05,0.01607724823893368
7.91667,11.1667,0.05,-0.0163566,-0.00276923,6.00095e-06,0.016589365098288147
8.08333,11.1667,0.05,-0.0168444,-0.0028137,-1.00059e-05,0.0170777873030447
8.25,11.1667,0.05,-0.0173061,-0.00286322,-2.71466e-05,0.017541375741836545
8.41667,11.1667,0.05,-0.0177399,-0.00291791,-4.53447e-05,0.017978328813321835
8.58333,11.1667,0.05,-0.0181448,-0.00297787,-6.45237e-05,0.01838764911794767
8.75,11.1667,0.05,-0.0185197,-0.00304318,-8.46026e-05,0.01876825485233848
8.91667,11.1667,0.05,-0.0188639,-0.00311388,-0.000105516,0.01911946927847779
9.08333,11.1667,0.05,-0.0191769,-0.00318999,-0.000127202,0.019440825861030287
9.25,11.1667,0.05,-0.0194581,-0.00327156,-0.000149611,0.019731780048817718
9.41667,11.1667,0.05,-0.0197073,-0.00335857,-0.000172694,0.019992185697230207
9.58333,11.1667,0.05,-0.0199242,-0.00345105,-0.000196408,0.020221821575836435
9.75,11.1667,0.05,-0.020109,-0.00354897,-0.000220714,0.02042096431931401
9.91667,11.1667,0.05,-0.0202615,-0.00365233,-0.00024558,0.02058951690096929
10.0833,11.1667,0.05,-0.0203819,-0.00376111,-0.000270975,0.02072778867831118
10.25,11.1667,0.05,-0.0204706,-0.00387529,-0.000296874,0.020836301761972445
10.4167,11.1667,0.05,-0.0205277,-0.00399484,-0.000323251,0.020915298351316936
10.5833,11.1667,0.05,-0.0205536,-0.00411976,-0.000350086,0.02096533938730771
10.75,11.1667,0.05,-0.0205488,-0.00425001,-0.000377362,0.02098709528541632
10.9167,11.1667,0.05,-0.0205138,-0.00438558,-0.000405061,0.020981262516591343
11.0833,11.1667,0.05,-0.0204491,-0.00452646,-0.000433167,0.020948559964624993
11.25,11.1667,0.05,-0.0203552,-0.00467265,-0.000461668,0.020889733421102435
11.4167,11.1667,0.05,-0.0202328,-0.00482415,-0.000490549,0.020805750584487474
11.5833,11.1667,0.05,-0.0200827,-0.00498098,-0.000519796,0.020697709750888284
11.75,11.1667,0.05,-0.0199053,-0.00514316,-0.000549396,0.020566353562078428
11.9167,11.1667,0.05,-0.0197017,-0.00531074,-0.000579334,0.020413146992101828
12.0833,11.1667,0.05,-0.0194725,-0.00548379,-0.000609595,0.02023911596582531
12.25,11.1667,0.05,-0.0192186,-0.0056624,-0.000640164,0.02004562719564783
12.4167,11.1667,0.05,-0.0189409,-0.00584668,-0.000671022,0.019834102711160997
12.5833,11.1667,0.05,-0.0186405,-0.00603679,-0.000702151,0.019606225791337327
12.75,11.1667,0.05,-0.0183184,-0.00623291,-0.000733527,0.01936365170849313
12.9167,11.1667,0.05,-0.0179758,-0.00643527,-0.000765128,0.0191083098799785
13.0833,11.1667,0.05,-0.0176139,-0.00664415,-0.000796925,0.018842220991383288
13.25,11.1667,0.05,-0.0172341,-0.00685987,-0.000828887,0.018567688948430524
13.4167,11.1667,0.05,-0.0168379,-0.00708281,-0.000860978,0.018287218405831543
13.5833,11.1667,0.05,-0.016427,-0.00731339,-0.000893158,0.01800360334780413
13.75,11.1667,0.05,-0.0160031,-0.00755212,-0.000925379,0.01771976445661852
13.9167,11.1667,0.05,-0.0155683,-0.00779959,-0.000957594,0.01743910993505506
14.0833,11.1667,0.05,-0.0151248,-0.00805646,-0.000989747,0.017165247504641726
14.25,11.1667,0.05,-0.014675,-0.00832346,-0.00102178,0.016902060399253106
14.4167,11.1667,0.05,-0.0142216,-0.00860144,-0.00105361,0.01665379148019153
14.5833,11.1667,0.05,-0.0137675,-0.00889132,-0.00108518,0.01642489705370478
14.75,11.1667,0.05,-0.0133161,-0.00919413,-0.00111641,0.01622026254272723
14.9167,11.1667,0.05,-0.0128709,-0.00951101,-0.00114719,0.016044794262507697
15.0833,11.1667,0.05,-0.012436,-0.00984318,-0.00117744,0.015903730803368116
15.25,11.1667,0.05,-0.0120157,-0.010192,-0.00120705,0.015802242884872388
15.4167,11.1667,0.05,-0.011615,-0.0105589,-0.00123589,0.01574566665156163
15.5833,11.1667,0.05,-0.0112389,-0.0109452,-0.00126384,0.015738728277583294
15.75,11.1667,0.05,-0.0108932,-0.0113525,-0.00129076,0.015786295444707728
15.9167,11.1667,0.05,-0.0105842,-0.0117824,-0.00131651,0.0158928738112432
16.0833,11.1667,0.05,-0.0103186,-0.0122367,-0.00134096,0.016062643200034046
16.25,11.1667,0.05,-0.0101037,-0.012717,-0.00136395,0.016299300668817053
16.4167,11.1667,0.05,-0.00994734,-0.013225,-0.00138532,0.016606303308623508
16.5833,11.1667,0.05,-0.00985774,-0.0137623,-0.00140493,0.016986752706226696
16.75,11.1667,0.05,-0.00984374,-0.0143304,-0.00142263,0.017443722580472894
16.9167,11.1667,0.05,-0.00991462,-0.0149306,-0.00143827,0.017980298292778685
17.0833,11.1667,0.05,-0.01008,-0.0155641,-0.00145172,0.018599868272877636
17.25,11.1667,0.05,-0.01035,-0.0162318,-0.00146289,0.019306317059245143
17.4167,11.1667,0.05,-0.0107347,-0.0169341,-0.00147168,0.02010381478531873
17.5833,11.1667,0.05,-0.0112446,-0.0176711,-0.00147805,0.020997462612718232
17.75,11.1667,0.05,-0.0118898,-0.0184425,-0.00148199,0.02199294079131074
17.9167,11.1667,0.05,-0.0126805,-0.0192475,-0.00148355,0.023096801880401106
18.0833,11.1667,0.05,-0.0136263,-0.0200845,-0.00148281,0.024315877887423683
18.25,11.1667,0.05,-0.014736,-0.0209515,-0.00147994,0.025657460331326636
18.4167,11.1667,0.05,-0.0160181,-0.0218462,-0.00147516,0.027129542551904556
18.5833,11.1667,0.05,-0.0174798,-0.0227645,-0.00146869,0.028738874692758935
18.75,11.1667,0.05,-0.0191267,-0.0237023,-0.00146084,0.03049202734626873
18.9167,11.1667,0.05,-0.0209631,-0.0246556,-0.00145198,0.03239534563622373
19.0833,11.1667,0.05,-0.0229915,-0.0256193,-0.00144249,0.034453423373303566
19.25,11.1667,0.05,-0.0252126,-0.0265886,-0.00143281,0.03666990309799169
19.4167,11.1667,0.05,-0.0276255,-0.0275586,-0.00142334,0.039047030373199954
19.5833,11.1667,0.05,-0.0302274,-0.0285243,-0.00141447,0.04158523928788796
19.75,11.1667,0.05,-0.0330137,-0.0294808,-0.00140655,0.04428318348123247
19.9167,11.1667,0.05,-0.0359782,-0.0304237,-0.00139991,0.04713801167781794
20.0833,11.1667,0.05,-0.0391133,-0.0313492,-0.00139483,0.05014546966834491
20.25,11.1667,0.05,-0.0424103,-0.0322541,-0.00139152,0.053300064172666806
20.4167,11.1667,0.05,-0.0458598,-0.0331355,-0.00139016,0.05659518673098977
20.5833,11.1667,0.05,-0.0494513,-0.0339912,-0.00139087,0.060023056140843904
20.75,11.1667,0.05,-0.0531739,-0.0348197,-0.00139376,0.06357529171177746
20.9167,11.1667,0.05,-0.0570164,-0.0356198,-0.00139888,0.06724282033239237
21.0833,11.1667,0.05,-0.0609672,-0.0363909,-0.00140626,0.07101601682604847
21.25,11.1667,0.05,-0.0650147,-0.0371327,-0.0014159,0.07488493438729849
21.4167,11.1667,0.05,-0.0691473,-0.0378454,-0.00142777,0.07883946933879565
21.5833,11.1667,0.05,-0.0733532,-0.0385295,-0.00144185,0.08286913328804942
21.75,11.1667,0.05,-0.0776209,-0.0391857,-0.00145806,0.08696349314662792
21.9167,11.1667,0.05,-0.081939,-0.039815,-0.00147634,0.09111209319182388
22.0833,11.1667,0.05,-0.0862964,-0.0404189,-0.00149659,0.0953047528290069
22.25,11.1667,0.05,-0.0906822,-0.040999,-0.0015187,0.09953133098441917
22.4167,11.1667,0.05,-0.0950859,-0.041557,-0.00154257,0.1037819452025009
22.5833,11.1667,0.05,-0.0994973,-0.0420952,-0.00156805,0.108047107092844
22.75,11.1667,0.05,-0.103907,-0.0426161,-0.00159503,0.11231803394340065
22.9167,11.1667,0.05,-0.108305,-0.0431222,-0.00162337,0.11658530133767678
23.0833,11.1667,0.05,-0.112682,-0.0436167,-0.00165294,0.12084031551404358
23.25,11.1667,0.05,-0.117031,-0.0441027,-0.0016836,0.1250765270434465
23.4167,11.1667,0.05,-0.121342,-0.0445841,-0.00171523,0.12928482103774944
23.5833,11.1667,0.05,-0.12561,-0.0450647,-0.00174771,0.13346068251112048
23.75,11.1667,0.05,-0.129825,-0.0455488,-0.00178092,0.13759504163481473
23.9167,11.1667,0.05,-0.133982,-0.0460412,-0.00181477,0.14168366811878105
24.0833,11.1667,0.05,-0.138073,-0.046547,-0.00184915,0.14571957965120028
24.25,11.1667,0.05,-0.142093,-0.0470715,-0.00188397,0.14969868437702083
24.4167,11.1667,0.05,-0.146036,-0.0476208,-0.00191916,0.15361620052502797
24.5833,11.1667,0.05,-0.149895,-0.048201,-0.00195467,0.1574664032764097
24.75,11.1667,0.05,-0.153665,-0.0488188,-0.00199043,0.161245679849182
24.9167,11.1667,0.05,-0.157339,-0.0494813,-0.00202642,0.16494867792348747
25.0833,11.1667,0.05,-0.160912,-0.0501959,-0.00206262,0.16857210481593446
25.25,11.1667,0.05,-0.164377,-0.0509703,-0.00209906,0.17211093998922206
25.4167,11.1667,0.05,-0.167728,-0.0518124,-0.00213576,0.17556129484751928
25.5833,11.1667,0.05,-0.170956,-0.0527303,-0.00217279,0.1789166272051709
25.75,11.1667,0.05,-0.174054,-0.0537324,-0.00221028,0.18217258592729696
25.9167,11.1667,0.05,-0.17701,-0.0548268,-0.00224837,0.1853201911986303
26.0833,11.1667,0.05,-0.179814,-0.0560213,-0.00228729,0.18835257456492097
26.25,11.1667,0.05,-0.182453,-0.0573236,-0.0023273,0.1912603164570476
26.4167,11.1667,0.05,-0.184909,-0.0587404,-0.00236878,0.1940293379668353
26.5833,11.1667,0.05,-0.187165,-0.0602779,-0.00241215,0.19664684315043682
26.75,11.1667,0.05,-0.189197,-0.0619403,-0.00245797,0.19909331276969328
26.9167,11.1667,0.05,-0.190979,-0.0637306,-0.00250693,0.20134759128279858
27.0833,11.1667,0.05,-0.192476,-0.065649,-0.00255986,0.2033798285480141
27.25,11.1667,0.05,-0.193651,-0.0676926,-0.00261778,0.20515811138701875
27.4167,11.1667,0.05,-0.194456,-0.0698545,-0.00268194,0.20663973458271184
27.5833,11.1667,0.05,-0.194835,-0.0721226,-0.00275391,0.20777374876544946
27.75,11.1667,0.05,-0.194719,-0.0744776,-0.00283565,0.208495666078896
27.9167,11.1667,0.05,-0.194026,-0.0768917,-0.00292968,0.20872710707953673
28.0833,11.1667,0.05,-0.192656,-0.0793253,-0.00303933,0.20837004363136966
28.25,11.1667,0.05,-0.190489,-0.0817235,-0.00316912,0.20730372137234873
28.4167,11.1667,0.05,-0.187373,-0.0840106,-0.00332544,0.2053715671473381
28.5833,11.1667,0.05,-0.183125,-0.0860825,-0.0035178,0.20237919198398338
28.75,11.1667,0.05,-0.17751,-0.0877952,-0.00376086,0.19807054629848325
28.9167,11.1667,0.05,-0.170234,-0.0889483,-0.0040778,0.19211466180833256
29.0833,11.1667,0.05,-0.160907,-0.0892533,-0.00450633,0.1840584722851923
29.25,11.1667,0.05,-0.149,-0.0882666,-0.00511379,0.1732574486817929
29.4167,11.1667,0.05,-0.133845,-0.0853112,-0.00601813,0.15883545812927571
29.5833,11.1667,0.05,-0.11464,-0.0794799,-0.00735866,0.13969085145780163
29.75,11.1667,0.05,-0.0892905,-0.0689138,-0.00935431,0.11317865671700694
29.9167,11.1667,0.05,-0.0529711,-0.0452356,-0.012966,0.0708541748845472
0.0833333,11.5,0.05,-8.65842e-05,-0.00236668,-0.000320613,0.002389866887895357
0.25,11.5,0.05,-0.000256747,-0.0023601,-0.00032436,0.002396080224368333
0.416667,11.5,0.05,-0.000423125,-0.00235001,-0.00032541,0.0024098700035116005
0.583333,11.5,0.05,-0.000582173,-0.00233652,-0.000326285,0.002429961525118042
0.75,11.5,0.05,-0.000733534,-0.00231982,-0.000327104,0.002454920362938888
0.916667,11.5,0.05,-0.000876601,-0.00230017,-0.000327679,0.0024832609345660796
1.08333,11.5,0.05,-0.0010113,-0.00227787,-0.000327754,0.0025137307157720775
1.25,11.5,0.05,-0.00113813,-0.00225322,-0.000327056,0.002545448073018972
1.41667,11.5,0.05,-0.00125814,-0.00222654,-0.000325329,0.002578029400422152
1.58333,11.5,0.05,-0.00137292,-0.00219813,-0.000322351,0.0026116268857746504
1.75,11.5,0.05,-0.0014845,-0.00216826,-0.000317945,0.002646919095972712
1.91667,11.5,0.05,-0.00159528,-0.00213723,-0.000311977,0.0026851443163876687
2.08333,11.5,0.05,-0.00170795,-0.00210531,-0.000304356,0.002728013191561947
2.25,11.5,0.05,-0.00182538,-0.00207277,-0.000295028,0.0027776661315003282
2.41667,11.5,0.05,-0.00195063,-0.00203985,-0.000283973,0.00283665050440286
2.58333,11.5,0.05,-0.0020868,-0.00200681,-0.000271204,0.002907846664753147
2.75,11.5,0.05,-0.00223704,-0.00197389,-0.000256766,0.0029944145458596742
2.91667,11.5,0.05,-0.00240447,-0.00194135,-0.000240736,0.0030997208947090705
3.08333,11.5,0.05,-0.00259214,-0.0019094,-0.000223221,0.003227200916342365
3.25,11.5,0.05,-0.00280292,-0.00187828,-0.000204364,0.0033802456906704284
3.41667,11.5,0.05,-0.00303952,-0.00184819,-0.000184339,0.003562087726800254
3.58333,11.5,0.05,-0.00330436,-0.00181933,-0.000163357,0.003775637981579934
3.75,11.5,0.05,-0.00359954,-0.00179188,-0.000141653,0.004023380135956457
3.91667,11.5,0.05,-0.0039268,-0.001766,-0.000119496,0.00430729538504338
4.08333,11.5,0.05,-0.0042874,-0.00174182,-9.71708e-05,0.004628733934541134
4.25,11.5,0.05,-0.00468217,-0.00171944,-7.49801e-05,0.004988467884821553
4.41667,11.5,0.05,-0.00511139,-0.00169894,-5.32299e-05,0.005386607306826256
4.58333,11.5,0.05,-0.00557481,-0.00168037,-3.22216e-05,0.005822644425388396
4.75,11.5,0.05,-0.00607165,-0.00166378,-1.22558e-05,0.006295494247121003
4.91667,11.5,0.05,-0.00660056,-0.00164916,6.30307e-06,0.006803466818313397
5.08333,11.5,0.05,-0.00715968,-0.00163646,2.31195e-05,0.007344355216442097
5.25,11.5,0.05,-0.00774602,-0.00162564,3.80404e-05,0.007914858073397915
5.41667,11.5,0.05,-0.00835684,-0.0016167,5.09588e-05,0.008511938115076816
5.58333,11.5,0.05,-0.00898894,-0.00160962,6.17416e-05,0.009132126307337769
5.75,11.5,0.05,-0.00963887,-0.00160441,7.03001e-05,0.009771739273489649
5.91667,11.5,0.05,-0.010303,-0.00160109,7.65821e-05,0.010426944087609772
6.08333,11.5,0.05,-0.0109774,-0.0015997,8.05729e-05,0.011093639747270253
6.25,11.5,0.05,-0.0116584,-0.00160031,8.22902e-05,0.011768009786413163
6.41667,11.5,0.05,-0.012342,-0.00160298,8.17809e-05,0.012445930941315913
6.58333,11.5,0.05,-0.0130247,-0.00160783,7.91135e-05,0.013123802282295411
6.75,11.5,0.05,-0.0137026,-0.00161495,7.43752e-05,0.013797638998498079
6.91667,11.5,0.05,-0.0143725,-0.00162447,6.76648e-05,0.014464170821587356
7.08333,11.5,0.05,-0.015031,-0.0016365,5.90906e-05,0.015119939978353364
7.25,11.5,0.05,-0.0156751,-0.00165115,4.87649e-05,0.01576189818353018
7.41667,11.5,0.05,-0.0163021,-0.00166854,3.68037e-05,0.016387307425380585
7.58333,11.5,0.05,-0.0169094,-0.00168877,2.33219e-05,0.016993536900360668
7.75,11.5,0.05,-0.0174949,-0.00171192,8.43196e-06,0.017578460319218787
7.91667,11.5,0.05,-0.0180564,-0.00173805,-7.78063e-06,0.018139858304317132
8.08333,11.5,0.05,-0.0185926,-0.00176716,-2.52008e-05,0.018676409299057478
8.25,11.5,0.05,-0.0191015,-0.00179931,-4.37315e-05,0.019186107764999974
8.41667,11.5,0.05,-0.0195818,-0.0018346,-6.32993e-05,0.019667655050904783
8.58333,11.5,0.05,-0.0200324,-0.00187304,-8.38113e-05,0.02011994912855417
8.75,11.5,0.05,-0.0204525,-0.00191468,-0.000105188,0.02054219609164862
8.91667,11.5,0.05,-0.0208412,-0.00195952,-0.000127361,0.02093350321601048
9.08333,11.5,0.05,-0.0211981,-0.00200757,-0.000150268,0.02129348166427285
9.25,11.5,0.05,-0.0215228,-0.00205884,-0.000173852,0.02162174753583771
9.41667,11.5,0.05,-0.021815,-0.00211332,-0.000198062,0.021918019412762734
9.58333,11.5,0.05,-0.0220745,-0.002171,-0.000222854,0.022182120168174096
9.75,11.5,0.05,-0.0223014,-0.00223186,-0.000248186,0.02241417491923796
9.91667,11.5,0.05,-0.0224957,-0.00229589,-0.000274022,0.022614214941902893
10.0833,11.5,0.05,-0.0226577,-0.00236307,-0.00030033,0.022782573762062087
10.25,11.5,0.05,-0.0227875,-0.00243338,-0.000327083,0.022919390868068223
10.4167,11.5,0.05,-0.0228855,-0.00250679,-0.000354255,0.023025108098750045
10.5833,11.5,0.05,-0.0229522,-0.00258329,-0.000381824,0.02310027405965297
10.75,11.5,0.05,-0.0229879,-0.00266286,-0.000409769,0.023145243148927186
10.9167,11.5,0.05,-0.0229932,-0.00274547,-0.000438075,0.02316067273346189
11.0833,11.5,0.05,-0.0229687,-0.00283113,-0.000466725,0.023147231130148698
11.25,11.5,0.05,-0.0229148,-0.00291983,-0.000495703,0.02310539304433294
11.4167,11.5,0.05,-0.0228324,-0.00301155,-0.000524996,0.02303613561260907
11.5833,11.5,0.05,-0.022722,-0.00310632,-0.00055459,0.022940054010627348
11.75,11.5,0.05,-0.0225844,-0.00320413,-0.00058447,0.022818044999469173
11.9167,11.5,0.05,-0.0224204,-0.00330503,-0.000614623,0.022671023816604075
12.0833,11.5,0.05,-0.0222307,-0.00340904,-0.000645032,0.02249981427684735
12.25,11.5,0.05,-0.0220164,-0.00351623,-0.000675682,0.022305655976411543
12.4167,11.5,0.05,-0.0217783,-0.00362666,-0.000706553,0.022089504991905297
12.5833,11.5,0.05,-0.0215175,-0.00374042,-0.000737627,0.021852634660780124
12.75,11.5,0.05,-0.021235,-0.00385762,-0.000768879,0.021596241153984203
12.9167,11.5,0.05,-0.020932,-0.0039784,-0.000800285,0.02132174351785578
13.0833,11.5,0.05,-0.0206099,-0.00410292,-0.000831815,0.021030783312340626
13.25,11.5,0.05,-0.0202701,-0.00423137,-0.000863438,0.020725032479268737
13.4167,11.5,0.05,-0.019914,-0.00436399,-0.000895117,0.020406200997828798
13.5833,11.5,0.05,-0.0195434,-0.00450103,-0.000926812,0.02007642236814727
13.75,11.5,0.05,-0.0191602,-0.0046428,-0.000958475,0.019737971785510917
13.9167,11.5,0.05,-0.0187664,-0.00478963,-0.000990058,0.019393260152441208
14.0833,11.5,0.05,-0.0183643,-0.00494194,-0.0010215,0.019045045227134537
14.25,11.5,0.05,-0.0179563,-0.00510015,-0.00105275,0.01869621679043651
14.4167,11.5,0.05,-0.0175454,-0.00526477,-0.00108372,0.018350294639359336
14.5833,11.5,0.05,-0.0171345,-0.00543635,-0.00111435,0.018010740337226563
14.75,11.5,0.05,-0.016727,-0.00561552,-0.00114456,0.01768153306317074
14.9167,11.5,0.05,-0.0163267,-0.00580293,-0.00117425,0.017367037529106684
15.0833,11.5,0.05,-0.0159376,-0.00599933,-0.00120333,0.01707182056190259
15.25,11.5,0.05,-0.0155643,-0.0062055,-0.00123169,0.016800973929986914
15.4167,11.5,0.05,-0.0152116,-0.00642229,-0.00125923,0.01655971749749977
15.5833,11.5,0.05,-0.014885,-0.00665058,-0.00128582,0.016353799937898227
15.75,11.5,0.05,-0.0145903,-0.00689133,-0.00131135,0.016189098865637953
15.9167,11.5,0.05,-0.0143339,-0.00714551,-0.00133568,0.01607180896577918
16.0833,11.5,0.05,-0.0141225,-0.00741413,-0.00135867,0.01600813274794409
16.25,11.5,0.05,-0.0139635,-0.00769821,-0.00138021,0.016004585252301917
16.4167,11.5,0.05,-0.0138647,-0.00799876,-0.00140016,0.016067685447916882
16.5833,11.5,0.05,-0.0138346,-0.00831674,-0.00141839,0.016204201664373967
16.75,11.5,0.05,-0.0138818,-0.00865307,-0.00143477,0.016420674669994532
16.9167,11.5,0.05,-0.0140157,-0.00900857,-0.00144921,0.016724066178982908
17.0833,11.5,0.05,-0.0142457,-0.00938396,-0.0014616,0.01712118419770081
17.25,11.5,0.05,-0.0145817,-0.00977977,-0.00147189,0.01761920362317775
17.4167,11.5,0.05,-0.0150336,-0.0101963,-0.00148002,0.01822537028020007
17.5833,11.5,0.05,-0.0156116,-0.0106338,-0.00148599,0.01894750440770763
17.75,11.5,0.05,-0.0163255,-0.0110919,-0.00148983,0.019793225843426836
17.9167,11.5,0.05,-0.017185,-0.0115702,-0.00149162,0.020770620675954775
18.0833,11.5,0.05,-0.0181994,-0.0120679,-0.00149148,0.02188782500296455
18.25,11.5,0.05,-0.0193771,-0.0125838,-0.00148957,0.02315259911186863
18.4167,11.5,0.05,-0.0207259,-0.0131164,-0.00148613,0.024572575407288917
18.5833,11.5,0.05,-0.0222525,-0.0136638,-0.0014814,0.026154688540489256
18.75,11.5,0.05,-0.0239623,-0.0142236,-0.00147568,0.027904842764516696
18.9167,11.5,0.05,-0.0258592,-0.0147934,-0.0014693,0.029827868691711782
19.0833,11.5,0.05,-0.0279458,-0.0153703,-0.00146261,0.03192730943474724
19.25,11.5,0.05,-0.0302228,-0.0159515,-0.00145596,0.03420508458711365
19.4167,11.5,0.05,-0.0326896,-0.0165342,-0.0014497,0.03666185139746764
19.5833,11.5,0.05,-0.0353438,-0.0171153,-0.00144414,0.03929635139385844
19.75,11.5,0.05,-0.0381815,-0.0176921,-0.00143957,0.04210593433763108
19.9167,11.5,0.05,-0.0411975,-0.018262,-0.00143625,0.045086555250013274
20.0833,11.5,0.05,-0.0443853,-0.0188228,-0.00143438,0.04823287366428006
20.25,11.5,0.05,-0.0477371,-0.0193722,-0.00143414,0.05153804038561808
20.4167,11.5,0.05,-0.0512446,-0.0199088,-0.00143564,0.054994821654493986
20.5833,11.5,0.05,-0.0548985,-0.0204311,-0.00143896,0.05859475877023132
20.75,11.5,0.05,-0.0586893,-0.0209382,-0.00144417,0.062329188834116075
20.9167,11.5,0.05,-0.0626067,-0.0214292,-0.00145128,0.06618848624321605
21.0833,11.5,0.05,-0.0666405,-0.0219039,-0.00146028,0.0701631633632521
21.25,11.5,0.05,-0.0707803,-0.0223619,-0.00147115,0.07424331432541587
21.4167,11.5,0.05,-0.0750157,-0.0228036,-0.00148384,0.07841913797406601
21.5833,11.5,0.05,-0.0793363,-0.0232292,-0.00149828,0.08268064509477657
21.75,11.5,0.05,-0.0837322,-0.0236393,-0.00151439,0.08701833828798446
21.9167,11.5,0.05,-0.0881936,-0.0240347,-0.00153206,0.09142278213275726
22.0833,11.5,0.05,-0.092711,-0.0244164,-0.00155117,0.09588480712985192
22.25,11.5,0.05,-0.0972756,-0.0247857,-0.00157162,0.10039593253351652
22.4167,11.5,0.05,-0.101879,-0.0251439,-0.00159326,0.1049480101080416
22.5833,11.5,0.05,-0.106513,-0.0254927,-0.00161598,0.10953313797043523
22.75,11.5,0.05,-0.111171,-0.0258339,-0.00163965,0.11414495206680189
22.9167,11.5,0.05,-0.115845,-0.0261697,-0.00166415,0.1187757829623215
23.0833,11.5,0.05,-0.120531,-0.0265025,-0.00168939,0.1234218720722632
23.25,11.5,0.05,-0.125223,-0.0268348,-0.00171528,0.12807750936647072
23.4167,11.5,0.05,-0.129916,-0.0271696,-0.00174179,0.1327380429739873
23.5833,11.5,0.05,-0.134606,-0.0275101,-0.00176887,0.13739981709990337
23.75,11.5,0.05,-0.13929,-0.0278598,-0.00179654,0.14206019890177404
23.9167,11.5,0.05,-0.143966,-0.0282228,-0.00182485,0.1467176392713654
24.0833,11.5,0.05,-0.148631,-0.0286033,-0.00185388,0.15136961320867673
24.25,11.5,0.05,-0.153284,-0.029006,-0.00188379,0.15601564458977857
24.4167,11.5,0.05,-0.157923,-0.029436,-0.00191477,0.16065434438306642
24.5833,11.5,0.05,-0.162548,-0.0298989,-0.00194705,0.16528638034911558
24.75,11.5,0.05,-0.167158,-0.0304008,-0.00198097,0.16991153535525744
24.9167,11.5,0.05,-0.171751,-0.0309482,-0.0020169,0.1745286938295534
25.0833,11.5,0.05,-0.176327,-0.031548,-0.00205529,0.1791388049808977
25.25,11.5,0.05,-0.180886,-0.0322079,-0.00209669,0.18374299966901078
25.4167,11.5,0.05,-0.185424,-0.0329357,-0.00214171,0.18833854367126796
25.5833,11.5,0.05,-0.189939,-0.0337401,-0.00219107,0.1929249047084251
25.75,11.5,0.05,-0.194428,-0.03463,-0.0022456,0.19750070076675674
25.9167,11.5,0.05,-0.198885,-0.0356147,-0.00230622,0.20206179433969798
26.0833,11.5,0.05,-0.203302,-0.0367042,-0.002374,0.2066023653728098
26.25,11.5,0.05,-0.207671,-0.0379085,-0.00245014,0.2111167965825306
26.4167,11.5,0.05,-0.211977,-0.039238,-0.00253601,0.21559290461357974
26.5833,11.5,0.05,-0.216205,-0.0407034,-0.00263316,0.22001886811849936
26.75,11.5,0.05,-0.220335,-0.042315,-0.00274339,0.22437824680367768
26.9167,11.5,0.05,-0.22434,-0.0440833,-0.00286876,0.22864820734663022
27.0833,11.5,0.05,-0.228189,-0.0460184,-0.00301167,0.23280245491778842
27.25,11.5,0.05,-0.231841,-0.0481295,-0.00317498,0.23680536005177416
27.4167,11.5,0.05,-0.235249,-0.0504251,-0.00336208,0.24061605576714204
27.5833,11.5,0.05,-0.238353,-0.0529122,-0.00357711,0.24418159069387704
27.75,11.5,0.05,-0.241081,-0.0555959,-0.00382518,0.24743804206274023
27.9167,11.5,0.05,-0.243343,-0.0584789,-0.00411275,0.2503048383606927
28.0833,11.5,0.05,-0.24503,-0.0615603,-0.00444818,0.2526839087504434
28.25,11.5,0.05,-0.246006,-0.0648344,-0.00484259,0.25445216080290634
28.4167,11.5,0.05,-0.246101,-0.0682886,-0.00531127,0.2554549758371774
28.5833,11.5,0.05,-0.245101,-0.0718998,-0.00587614,0.25549679149128196
28.75,11.5,0.05,-0.242733,-0.0756291,-0.00656964,0.25432701434479904
28.9167,11.5,0.05,-0.238639,-0.0794131,-0.00744076,0.25161553545436655
29.0833,11.5,0.05,-0.232314,-0.0831383,-0.00856938,0.2468910808362149
29.25,11.5,0.05,-0.22306,-0.0865688,-0.010102,0.23948271573840146
29.4167,11.5,0.05,-0.210141,-0.0893108,-0.0122726,0.2286619242208899
29.5833,11.5,0.05,-0.192311,-0.090971,-0.0153336,0.213294075986559
29.75,11.5,0.05,-0.163808,-0.0898488,-0.0200281,0.1879015500602643
29.9167,11.5,0.05,-0.117348,-0.0749061,-0.029844,0.1423802699014509
0.0833333,11.8333,0.05,-9.13267e-05,-0.000819907,-0.000326898,0.000887383996467082
0.25,11.8333,0.05,-0.000270261,-0.000817519,-0.000330994,0.0009224615718380901
0.416667,11.8333,0.05,-0.000445042,-0.000813663,-0.000331928,0.000985030992668251
0.583333,11.8333,0.05,-0.000612537,-0.000808496,-0.000332649,0.0010674842928989636
0.75,11.8333,0.05,-0.000772219,-0.000802107,-0.000333291,0.0011622309211559464
0.916667,11.8333,0.05,-0.000923529,-0.000794632,-0.000333664,0.0012632012880618036
1.08333,11.8333,0.05,-0.00106641,-0.000786206,-0.000333509,0.0013662278051690356
1.25,11.8333,0.05,-0.00120141,-0.000776966,-0.000332554,0.0014688956110534201
1.41667,11.8333,0.05,-0.00132964,-0.000767043,-0.000330538,0.0015702079043531146
1.58333,11.8333,0.05,-0.00145276,-0.000756558,-0.000327243,0.0016703232040575261
1.75,11.8333,0.05,-0.00157288,-0.000745623,-0.00032249,0.001770283862161377
1.91667,11.8333,0.05,-0.0016925,-0.000734344,-0.000316147,0.0018718350050004407
2.08333,11.8333,0.05,-0.00181437,-0.000722818,-0.000308123,0.001977206145335635
2.25,11.8333,0.05,-0.00194149,-0.000711138,-0.000298366,0.0020890483347926632
2.41667,11.8333,0.05,-0.00207697,-0.000699393,-0.00028686,0.002210258719912445
2.58333,11.8333,0.05,-0.00222404,-0.000687667,-0.000273621,0.0023439514235858217
2.75,11.8333,0.05,-0.00238592,-0.000676044,-0.000258697,0.002493305812399474
2.91667,11.8333,0.05,-0.00256584,-0.000664603,-0.000242168,0.002661555446244357
3.08333,11.8333,0.05,-0.00276691,-0.000653425,-0.00022415,0.002851841230017022
3.25,11.8333,0.05,-0.00299211,-0.000642581,-0.00020479,0.0030671764764618613
3.41667,11.8333,0.05,-0.00324421,-0.000632143,-0.000184273,0.0033103564513626022
3.58333,11.8333,0.05,-0.0035257,-0.000622175,-0.000162813,0.0035838764339181676
3.75,11.8333,0.05,-0.00383873,-0.000612736,-0.000140659,0.0038898686832433043
3.91667,11.8333,0.05,-0.00418506,-0.000603876,-0.000118085,0.004230051712946427
4.08333,11.8333,0.05,-0.00456601,-0.000595637,-9.53886e-05,0.004605684502967931
4.25,11.8333,0.05,-0.00498237,-0.000588051,-7.28794e-05,0.005017482058009312
4.41667,11.8333,0.05,-0.00543441,-0.000581142,-5.08722e-05,0.005465631349898824
4.58333,11.8333,0.05,-0.00592186,-0.000574925,-2.96748e-05,0.005949776904135149
4.75,11.8333,0.05,-0.00644383,-0.000569409,-9.60022e-06,0.006468946115280684
4.91667,11.8333,0.05,-0.00699896,-0.000564587,8.96179e-06,0.007021700639862754
5.08333,11.8333,0.05,-0.00758512,-0.000560435,2.56975e-05,0.007605839412262873
5.25,11.8333,0.05,-0.00819927,-0.000556941,4.04741e-05,0.008218263196269136
5.41667,11.8333,0.05,-0.00883857,-0.0005541,5.31646e-05,0.008856081127089632
5.58333,11.8333,0.05,-0.00949968,-0.000551906,6.36411e-05,0.009515911439523028
5.75,11.8333,0.05,-0.010179,-0.000550358,7.18185e-05,0.010194120502775423
5.91667,11.8333,0.05,-0.0108727,-0.000549465,7.76503e-05,0.010886852008056098
6.08333,11.8333,0.05,-0.0115769,-0.00054924,8.11273e-05,0.011590205340131178
6.25,11.8333,0.05,-0.0122876,-0.000549705,8.22744e-05,0.01230016497547575
6.41667,11.8333,0.05,-0.013001,-0.000550889,8.11446e-05,0.013012919124332948
6.58333,11.8333,0.05,-0.0137131,-0.000552824,7.78138e-05,0.013724459223315374
6.75,11.8333,0.05,-0.0144202,-0.000555548,7.23752e-05,0.014431078954460717
6.91667,11.8333,0.05,-0.0151189,-0.000559101,6.49342e-05,0.015129373668084567
7.08333,11.8333,0.05,-0.0158059,-0.000563523,5.5605e-05,0.01581604011431288
7.25,11.8333,0.05,-0.0164782,-0.000568854,4.45058e-05,0.016488076021159946
7.41667,11.8333,0.05,-0.0171329,-0.000575129,3.17576e-05,0.01714257986190523
7.58333,11.8333,0.05,-0.0177675,-0.000582381,1.748e-05,0.017777050639224745
7.75,11.8333,0.05,-0.0183797,-0.000590637,1.7838e-06,0.018389187783524084
7.91667,11.8333,0.05,-0.0189677,-0.0005999,-1.52257e-05,0.018977190390622647
8.08333,11.8333,0.05,-0.0195298,-0.000610183,-3.3441e-05,0.019539358475496836
8.25,11.8333,0.05,-0.0200641,-0.000621513,-5.27715e-05,0.020073793165477753
8.41667,11.8333,0.05,-0.0205695,-0.00063391,-7.31208e-05,0.02057939549135233
8.58333,11.8333,0.05,-0.0210448,-0.00064738,-9.43973e-05,0.021054966605403277
8.75,11.8333,0.05,-0.0214891,-0.000661932,-0.000116521,0.02149960813424433
8.91667,11.8333,0.05,-0.0219018,-0.000677568,-0.000139422,0.021912721878596185
9.08333,11.8333,0.05,-0.0222823,-0.00069429,-0.000163035,0.02229371015119119
9.25,11.8333,0.05,-0.0226302,-0.000712095,-0.0001873,0.022642175527519987
9.41667,11.8333,0.05,-0.0229454,-0.000730981,-0.000212166,0.022958021012141203
9.58333,11.8333,0.05,-0.0232277,-0.000750942,-0.000237586,0.023241050068462055
9.75,11.8333,0.05,-0.0234771,-0.000771971,-0.000263515,0.023491266542910495
9.91667,11.8333,0.05,-0.0236937,-0.00079406,-0.000289917,0.02370877480681971
10.0833,11.8333,0.05,-0.0238778,-0.000817202,-0.000316759,0.023893879722909902
10.25,11.8333,0.05,-0.0240295,-0.000841389,-0.00034401,0.02404668685244229
10.4167,11.8333,0.05,-0.0241494,-0.000866613,-0.000371644,0.024167802086960764
10.5833,11.8333,0.05,-0.0242376,-0.000892865,-0.000399639,0.024257332355363113
10.75,11.8333,0.05,-0.0242949,-0.00092014,-0.000427973,0.02431608489289197
10.9167,11.8333,0.05,-0.0243215,-0.000948431,-0.000456629,0.024344268188947516
11.0833,11.8333,0.05,-0.0243182,-0.000977735,-0.000485589,0.024342691175117556
11.25,11.8333,0.05,-0.0242856,-0.00100805,-0.000514838,0.0243119639340129
11.4167,11.8333,0.05,-0.0242242,-0.00103937,-0.00054436,0.02425259745772605
11.5833,11.8333,0.05,-0.0241348,-0.0010717,-0.000574142,0.02416540400999255
11.75,11.8333,0.05,-0.0240181,-0.00110505,-0.000604168,0.02405109731560546
11.9167,11.8333,0.05,-0.0238749,-0.00113943,-0.000634424,0.023910492352661333
12.0833,11.8333,0.05,-0.0237061,-0.00117484,-0.000664892,0.023744504787576934
12.25,11.8333,0.05,-0.0235125,-0.00121131,-0.000695556,0.023553953517726826
12.4167,11.8333,0.05,-0.0232951,-0.00124887,-0.000726396,0.023339858856379486
12.5833,11.8333,0.05,-0.023055,-0.00128753,-0.00075739,0.023103341708787493
12.75,11.8333,0.05,-0.0227932,-0.00132735,-0.000788515,0.022845427992658075
12.9167,11.8333,0.05,-0.0225109,-0.00136836,-0.000819744,0.022567343842932335
13.0833,11.8333,0.05,-0.0222095,-0.00141063,-0.000851047,0.02227051971201186
13.25,11.8333,0.05,-0.0218903,-0.00145422,-0.000882389,0.02195628839867342
13.4167,11.8333,0.05,-0.021555,-0.00149921,-0.000913733,0.021626385819627583
13.5833,11.8333,0.05,-0.0212052,-0.00154568,-0.000945036,0.021282451145103
13.75,11.8333,0.05,-0.0208429,-0.00159376,-0.00097625,0.02092652898619597
13.9167,11.8333,0.05,-0.0204702,-0.00164355,-0.00100732,0.02056076453405612
14.0833,11.8333,0.05,-0.0200893,-0.00169519,-0.0010382,0.020187409513508663
14.25,11.8333,0.05,-0.0197028,-0.00174884,-0.00106881,0.019809117193900893
14.4167,11.8333,0.05,-0.0193135,-0.00180468,-0.00109909,0.019428745481386595
14.5833,11.8333,0.05,-0.0189245,-0.0018629,-0.00112896,0.019049452678268738
14.75,11.8333,0.05,-0.0185392,-0.00192372,-0.00115834,0.018674699109597456
14.9167,11.8333,0.05,-0.0181615,-0.00198736,-0.00118713,0.01830843957459237
15.0833,11.8333,0.05,-0.0177954,-0.0020541,-0.00121525,0.0179547325385955
15.25,11.8333,0.05,-0.0174456,-0.00212421,-0.00124258,0.01761832093420085
15.4167,11.8333,0.05,-0.0171169,-0.00219799,-0.00126903,0.017304041805052368
15.5833,11.8333,0.05,-0.0168149,-0.00227575,-0.00129446,0.01701750647903799
15.75,11.8333,0.05,-0.0165454,-0.00235784,-0.00131878,0.01676451166345146
15.9167,11.8333,0.05,-0.0163149,-0.0024446,-0.00134184,0.01655151249147944
16.0833,11.8333,0.05,-0.0161301,-0.0025364,-0.00136354,0.016385136322338
16.25,11.8333,0.05,-0.0159985,-0.00263361,-0.00138374,0.016272757611102674
16.4167,11.8333,0.05,-0.015928,-0.00273661,-0.00140233,0.01622210675963514
16.5833,11.8333,0.05,-0.0159269,-0.00284575,-0.0014192,0.016241261198333707
16.75,11.8333,0.05,-0.0160041,-0.00296138,-0.00143423,0.01633884953132564
16.9167,11.8333,0.05,-0.0161687,-0.00308383,-0.00144735,0.016523670572285085
17.0833,11.8333,0.05,-0.0164302,-0.00321337,-0.00145849,0.01680489249822801
17.25,11.8333,0.05,-0.0167985,-0.00335023,-0.0014676,0.017192076461640695
17.4167,11.8333,0.05,-0.0172834,-0.00349459,-0.00147466,0.017694708162151192
17.5833,11.8333,0.05,-0.0178948,-0.00364652,-0.00147971,0.01832240477760766
17.75,11.8333,0.05,-0.0186427,-0.00380601,-0.0014828,0.0190849330952482
17.9167,11.8333,0.05,-0.0195366,-0.00397294,-0.00148403,0.01999163167038899
18.0833,11.8333,0.05,-0.0205854,-0.00414708,-0.00148355,0.021051315547701524
18.25,11.8333,0.05,-0.0217976,-0.00432806,-0.00148156,0.022272460330129674
18.4167,11.8333,0.05,-0.0231808,-0.00451538,-0.00147829,0.02366270243460159
18.5833,11.8333,0.05,-0.0247415,-0.00470838,-0.00147402,0.025228622622624482
18.75,11.8333,0.05,-0.026485,-0.0049063,-0.00146904,0.026975638698863092
18.9167,11.8333,0.05,-0.0284154,-0.00510828,-0.00146369,0.02890798972835192
19.0833,11.8333,0.05,-0.0305351,-0.00531336,-0.0014583,0.031028225301966594
19.25,11.8333,0.05,-0.0328452,-0.00552054,-0.0014532,0.0333375961216702
19.4167,11.8333,0.05,-0.0353451,-0.00572878,-0.00144871,0.03583564949826499
19.5833,11.8333,0.05,-0.0380327,-0.00593704,-0.00144512,0.03852042425864492
19.75,11.8333,0.05,-0.0409045,-0.0061443,-0.00144269,0.04138854789885845
19.9167,11.8333,0.05,-0.0439557,-0.00634963,-0.00144164,0.04443534279733307
20.0833,11.8333,0.05,-0.0471802,-0.00655216,-0.00144213,0.047654819395759954
20.25,11.8333,0.05,-0.0505711,-0.00675115,-0.0014443,0.05104018205318727
20.4167,11.8333,0.05,-0.0541204,-0.00694595,-0.00144823,0.054583525790254696
20.5833,11.8333,0.05,-0.0578196,-0.00713605,-0.00145398,0.058276439592711046
20.75,11.8333,0.05,-0.0616596,-0.00732105,-0.00146158,0.06210990469610222
20.9167,11.8333,0.05,-0.0656311,-0.0075007,-0.001471,0.06607469734096404
21.0833,11.8333,0.05,-0.0697243,-0.00767483,-0.00148223,0.0701610863070962
21.25,11.8333,0.05,-0.0739299,-0.00784342,-0.0014952,0.07435983441580812
21.4167,11.8333,0.05,-0.078238,-0.00800651,-0.00150983,0.07866109860031832
21.5833,11.8333,0.05,-0.0826395,-0.00816429,-0.00152605,0.08305583314889207
21.75,11.8333,0.05,-0.0871253,-0.00831702,-0.00154375,0.08753498663867437
21.9167,11.8333,0.05,-0.0916867,-0.00846507,-0.00156281,0.09208990575568529
22.0833,11.8333,0.05,-0.0963157,-0.0086089,-0.00158312,0.09671263358338662
22.25,11.8333,0.05,-0.101005,-0.00874909,-0.00160456,0.1013959131998016
22.4167,11.8333,0.05,-0.105747,-0.00888632,-0.00162702,0.10613219062199178
22.5833,11.8333,0.05,-0.110537,-0.00902137,-0.00165039,0.11091680338356763
22.75,11.8333,0.05,-0.115368,-0.00915516,-0.00167461,0.11574280408421812
22.9167,11.8333,0.05,-0.120238,-0.00928875,-0.00169962,0.1206082344979268
23.0833,11.8333,0.05,-0.125141,-0.00942333,-0.00172542,0.1255071555867047
23.25,11.8333,0.05,-0.130077,-0.00956026,-0.00175205,0.13043961890265587
23.4167,11.8333,0.05,-0.135042,-0.00970108,-0.00177962,0.13540169779035566
23.5833,11.8333,0.05,-0.140037,-0.00984756,-0.00180829,0.140394464704552
23.75,11.8333,0.05,-0.145061,-0.0100016,-0.00183833,0.14541700444153324
23.9167,11.8333,0.05,-0.150117,-0.0101656,-0.00187009,0.1504724238821456
24.0833,11.8333,0.05,-0.155205,-0.0103419,-0.00190404,0.1555608314741587
24.25,11.8333,0.05,-0.16033,-0.0105334,-0.00194077,0.16068736105790304
24.4167,11.8333,0.05,-0.165493,-0.0107432,-0.00198101,0.1658531693874437
24.5833,11.8333,0.05,-0.1707,-0.010975,-0.00202565,0.17106444365478904
24.75,11.8333,0.05,-0.175955,-0.0112326,-0.00207575,0.1763253869010997
24.9167,11.8333,0.05,-0.181263,-0.0115206,-0.00213257,0.18164125976265663
25.0833,11.8333,0.05,-0.18663,-0.0118438,-0.00219756,0.18701834607437207
25.25,11.8333,0.05,-0.192059,-0.0122078,-0.00227241,0.1924600054791855
25.4167,11.8333,0.05,-0.197557,-0.0126184,-0.00235904,0.19797362788331582
25.5833,11.8333,0.05,-0.203127,-0.0130823,-0.00245958,0.20356270345047595
25.75,11.8333,0.05,-0.208773,-0.0136066,-0.00257646,0.209231793087694
25.9167,11.8333,0.05,-0.214498,-0.0141991,-0.00271232,0.21498456485197348
26.0833,11.8333,0.05,-0.220303,-0.0148678,-0.0028701,0.22082278134252814
26.25,11.8333,0.05,-0.226188,-0.0156217,-0.00305296,0.22674736915706784
26.4167,11.8333,0.05,-0.232149,-0.0164697,-0.00326433,0.23275537602693283
26.5833,11.8333,0.05,-0.238183,-0.0174213,-0.00350789,0.23884503024962045
26.75,11.8333,0.05,-0.244281,-0.0184859,-0.00378757,0.24500873687751404
26.9167,11.8333,0.05,-0.250431,-0.0196728,-0.00410758,0.25123609819111664
27.0833,11.8333,0.05,-0.256618,-0.0209909,-0.00447241,0.25751391857143974
27.25,11.8333,0.05,-0.26282,-0.0224481,-0.0048869,0.2638221965362657
27.4167,11.8333,0.05,-0.26901,-0.0240511,-0.00535632,0.2701361243431771
27.5833,11.8333,0.05,-0.275153,-0.0258043,-0.00588654,0.2764230212204866
27.75,11.8333,0.05,-0.281204,-0.0277094,-0.00648428,0.28264031267934586
27.9167,11.8333,0.05,-0.287107,-0.0297634,-0.00715762,0.2887343432164321
28.0833,11.8333,0.05,-0.29279,-0.031958,-0.00791674,0.29463532143350973
28.25,11.8333,0.05,-0.298158,-0.0342764,-0.00877536,0.30025001499432036
28.4167,11.8333,0.05,-0.303089,-0.0366909,-0.00975324,0.30545750891786505
28.5833,11.8333,0.05,-0.307419,-0.0391575,-0.0108809,0.310093768644357
28.75,11.8333,0.05,-0.31093,-0.04161,-0.0122072,0.31393928191903603
28.9167,11.8333,0.05,-0.31331,-0.0439503,-0.0138135,0.31667901375421137
29.0833,11.8333,0.05,-0.314048,-0.0460265,-0.01585,0.31779837555634227
29.25,11.8333,0.05,-0.312437,-0.0475878,-0.0186177,0.3165882127166613
29.4167,11.8333,0.05,-0.30794,-0.048269,-0.0226169,0.3125195419915529
29.5833,11.8333,0.05,-0.298648,-0.0476449,-0.0285439,0.3037686926383626
29.75,11.8333,0.05,-0.27344,-0.044455,-0.0387516,0.27972730851234384
29.9167,11.8333,0.05,-0.222264,-0.0333991,-0.0629779,0.23341594089783158
