x,y,z,Ux,Uy,Uz,U_magnitude
30.0739,0.166667,0.0911345,-0.194498,-0.00795439,-0.0979698,0.2179238996446055
30.222,0.166667,0.173632,-0.231904,-0.0233863,-0.114561,0.2597125467987444
30.3701,0.166667,0.25613,-0.244855,-0.0330681,-0.119648,0.2745234309974469
30.5183,0.166667,0.338628,-0.252548,-0.0392704,-0.121772,0.28310965473498073
30.6664,0.166667,0.421126,-0.257269,-0.0433173,-0.122649,0.2882819870218915
30.8145,0.166667,0.503624,-0.260714,-0.0458587,-0.123185,0.2919749208180217
30.9626,0.166667,0.586121,-0.26377,-0.0472318,-0.123855,0.29520419518739904
31.1108,0.166667,0.668619,-0.266969,-0.0476797,-0.124926,0.2985838345073122
31.2589,0.166667,0.751117,-0.27064,-0.0474102,-0.126546,0.30250227566092786
31.407,0.166667,0.833614,-0.274997,-0.0466017,-0.128808,0.3072239725605572
31.5552,0.166667,0.916111,-0.280163,-0.0454284,-0.131759,0.312914493394857
31.7033,0.166667,0.998608,-0.286187,-0.0440533,-0.135402,0.31965198859680194
31.8514,0.166667,1.08111,-0.293052,-0.0426216,-0.139707,0.32743567511735794
31.9996,0.166667,1.1636,-0.300692,-0.0412534,-0.144611,0.33619914217106506
32.1477,0.166667,1.2461,-0.308989,-0.0400356,-0.150026,0.3458104279288871
32.2958,0.166667,1.3286,-0.317792,-0.0390168,-0.155843,0.35609143010642647
32.4439,0.166667,1.41109,-0.32692,-0.0382069,-0.161936,0.36682382924724233
32.5921,0.166667,1.49359,-0.336176,-0.0375797,-0.168169,0.3777662629048417
32.7402,0.166667,1.57608,-0.345353,-0.0370791,-0.1744,0.3886629828859574
32.8883,0.166667,1.65858,-0.354244,-0.0366286,-0.180488,0.3992572905006995
33.0365,0.166667,1.74108,-0.36265,-0.0361432,-0.186299,0.4093026640607656
33.1846,0.166667,1.82357,-0.370392,-0.0355425,-0.191714,0.41857826122034814
33.3327,0.166667,1.90607,-0.377311,-0.0347627,-0.196631,0.42689083638945685
33.4808,0.166667,1.98856,-0.383275,-0.0337657,-0.200969,0.4340833872454577
33.629,0.166667,2.07106,-0.388186,-0.0325414,-0.204667,0.44004078697202603
33.7771,0.166667,2.15355,-0.391971,-0.0311092,-0.207686,0.44468249545224964
33.9252,0.166667,2.23604,-0.394588,-0.0295094,-0.209999,0.4479621350442022
34.0733,0.166667,2.31854,-0.396018,-0.0277987,-0.211592,0.44986019885036505
34.2215,0.166667,2.40103,-0.396256,-0.026044,-0.212457,0.45037216201825797
34.3696,0.166667,2.48352,-0.395318,-0.0243017,-0.212603,0.44951855284947917
34.5177,0.166667,2.56602,-0.393242,-0.022608,-0.212058,0.4473466078914648
34.6658,0.166667,2.64851,-0.390068,-0.0209929,-0.210848,0.4439038472219069
34.8139,0.166667,2.731,-0.385837,-0.0194826,-0.209003,0.4392402716973479
34.9621,0.166667,2.81349,-0.380592,-0.0181005,-0.206557,0.4334093824702575
35.1102,0.166667,2.89598,-0.374367,-0.0168499,-0.203518,0.42644360253497765
35.2583,0.166667,2.97847,-0.36719,-0.0157396,-0.199901,0.41837380523780404
35.4064,0.166667,3.06096,-0.359072,-0.0147807,-0.195714,0.40921282979947
35.5545,0.166667,3.14344,-0.350014,-0.0139874,-0.190961,0.3989630948794136
35.7026,0.166667,3.22593,-0.34001,-0.013373,-0.185643,0.387619608221772
35.8507,0.166667,3.30841,-0.329045,-0.0129515,-0.179758,0.3751683514653788
35.9988,0.166667,3.3909,-0.317093,-0.0127402,-0.173294,0.361581379195666
36.1469,0.166667,3.47338,-0.304112,-0.0127579,-0.166234,0.34681495831698206
36.295,0.166667,3.55586,-0.290043,-0.0130249,-0.158552,0.33080708361975864
36.4431,0.166667,3.63833,-0.274806,-0.0135613,-0.15021,0.3134729503381272
36.5912,0.166667,3.72081,-0.258294,-0.0143893,-0.141161,0.29470200255765144
36.7393,0.166667,3.80328,-0.24037,-0.0155271,-0.13134,0.27435200625184064
36.8874,0.166667,3.88574,-0.220863,-0.0169916,-0.12067,0.25225072475527205
37.0354,0.166667,3.9682,-0.199569,-0.0187789,-0.109053,0.22819506930521088
37.1835,0.166667,4.05065,-0.176238,-0.0208802,-0.0963813,0.20195338666566104
37.3315,0.166667,4.1331,-0.150631,-0.0231976,-0.0825366,0.1733208502930908
37.4795,0.166667,4.21553,-0.122465,-0.0256454,-0.0674014,0.14212076374731455
37.6275,0.166667,4.29794,-0.0917109,-0.0277582,-0.0509356,0.10851655262405822
37.7754,0.166667,4.38033,-0.0582255,-0.0293112,-0.0330791,0.07309980952437564
37.9233,0.166667,4.46269,-0.0232882,-0.0282361,-0.0144488,0.03934952889031837
38.0711,0.166667,4.545,0.0127673,-0.0184118,0.00574548,0.023130258730943758
38.2187,0.166667,4.62722,0.0384218,0.00808475,0.0201579,0.0441354600090732
38.3661,0.166667,4.70929,0.0467892,0.0239548,0.0254198,0.05838859402075032
38.5128,0.166667,4.791,0.0365162,0.0439027,0.0201771,0.060563976868597394
38.6577,0.166667,4.87167,0.0186321,0.0582957,0.0103608,0.06207165186733796
38.7893,0.166667,4.945,-0.00237449,0.0194302,-0.00127875,0.019616474616061877
30.0739,0.5,0.0911345,-0.0754825,-0.0150007,-0.0307692,0.08288167756132835
30.222,0.5,0.173632,-0.0941217,-0.0521886,-0.0390293,0.11448069985521578
30.3701,0.5,0.25613,-0.096163,-0.0763474,-0.0392296,0.12889999833948795
30.5183,0.5,0.338628,-0.0958462,-0.09347,-0.0374497,0.13901659967259306
30.6664,0.5,0.421126,-0.0935463,-0.106549,-0.0345022,0.14592464305089117
30.8145,0.5,0.503624,-0.0900275,-0.116847,-0.0309442,0.15071733702162468
30.9626,0.5,0.586121,-0.0858546,-0.12475,-0.0271815,0.1538584049813659
31.1108,0.5,0.668619,-0.0814215,-0.130564,-0.0234656,0.15565041966409857
31.2589,0.5,0.751117,-0.0769859,-0.134588,-0.0199294,0.1563263878146297
31.407,0.5,0.833614,-0.0728147,-0.136976,-0.0167102,0.1560244721065577
31.5552,0.5,0.916111,-0.0691241,-0.137883,-0.013927,0.1548671179392514
31.7033,0.5,0.998608,-0.0661245,-0.137451,-0.0116957,0.15297717574769118
31.8514,0.5,1.08111,-0.0640129,-0.135811,-0.0101218,0.15048165975510105
31.9996,0.5,1.1636,-0.0629846,-0.1331,-0.00931026,0.14754440273499905
32.1477,0.5,1.2461,-0.0632271,-0.12946,-0.0093634,0.14437877625873546
32.2958,0.5,1.3286,-0.0649142,-0.125042,-0.0103773,0.14126940037010846
32.4439,0.5,1.41109,-0.0681985,-0.120015,-0.0124372,0.13859768963114066
32.5921,0.5,1.49359,-0.0731984,-0.114568,-0.0156098,0.1368484499093797
32.7402,0.5,1.57608,-0.0799816,-0.108917,-0.019933,0.13659170442072974
32.8883,0.5,1.65858,-0.0885472,-0.103293,-0.0254036,0.1384030106962995
33.0365,0.5,1.74108,-0.0988121,-0.0979181,-0.0319669,0.14273635875147578
33.1846,0.5,1.82357,-0.110609,-0.0929779,-0.0395123,0.14980141060984706
33.3327,0.5,1.90607,-0.123694,-0.0885964,-0.0478784,0.15950507488954702
33.4808,0.5,1.98856,-0.137746,-0.0848227,-0.0568607,0.17147008530872085
33.629,0.5,2.07106,-0.152416,-0.0816276,-0.0662276,0.18514804114416117
33.7771,0.5,2.15355,-0.167315,-0.0789339,-0.0757368,0.19990230781171586
33.9252,0.5,2.23604,-0.182063,-0.0766229,-0.0851611,0.21510559668827772
34.0733,0.5,2.31854,-0.196287,-0.0745778,-0.0943026,0.23018126550308127
34.2215,0.5,2.40103,-0.209539,-0.0727566,-0.102878,0.24450766500983154
34.3696,0.5,2.48352,-0.221464,-0.0710806,-0.110621,0.2575572958263074
34.5177,0.5,2.56602,-0.231929,-0.0694226,-0.11745,0.26908188517951187
34.6658,0.5,2.64851,-0.240795,-0.0677289,-0.123303,0.2788782274205177
34.8139,0.5,2.731,-0.247988,-0.0660037,-0.128144,0.2868369245646209
34.9621,0.5,2.81349,-0.253474,-0.0642823,-0.131959,0.2929069143094611
35.1102,0.5,2.89598,-0.257255,-0.0626198,-0.134754,0.2970858712443929
35.2583,0.5,2.97847,-0.259357,-0.0610844,-0.136548,0.2994039306294425
35.4064,0.5,3.06096,-0.259832,-0.0597454,-0.137372,0.29992206892651296
35.5545,0.5,3.14344,-0.25873,-0.0586785,-0.137254,0.2987022594126968
35.7026,0.5,3.22593,-0.256139,-0.0579333,-0.13625,0.2958504978361368
35.8507,0.5,3.30841,-0.252142,-0.0575502,-0.134417,0.2914713426274356
35.9988,0.5,3.3909,-0.246811,-0.0575816,-0.131802,0.28566252393963054
36.1469,0.5,3.47338,-0.240203,-0.0580811,-0.128446,0.2785126034889804
36.295,0.5,3.55586,-0.232362,-0.0591027,-0.124383,0.27010434813288364
36.4431,0.5,3.63833,-0.223323,-0.0606919,-0.11964,0.2605194784552779
36.5912,0.5,3.72081,-0.2131,-0.0628785,-0.114231,0.2498280150888807
36.7393,0.5,3.80328,-0.201691,-0.0656888,-0.108162,0.23810354086077765
36.8874,0.5,3.88574,-0.189058,-0.0691313,-0.101433,0.2254123277300734
37.0354,0.5,3.9682,-0.175174,-0.0731648,-0.0940286,0.21184993710879407
37.1835,0.5,4.05065,-0.159914,-0.0776908,-0.0859274,0.19746358112674853
37.3315,0.5,4.1331,-0.143286,-0.0824665,-0.0770969,0.182415825541152
37.4795,0.5,4.21553,-0.125003,-0.087057,-0.0674977,0.16661515766367116
37.6275,0.5,4.29794,-0.105412,-0.0906039,-0.0571482,0.1502886329781797
37.7754,0.5,4.38033,-0.0839165,-0.0916306,-0.045999,0.13249171230537404
37.9233,0.5,4.46269,-0.0622978,-0.0874944,-0.0344754,0.11280442864249612
38.0711,0.5,4.545,-0.0393237,-0.0731192,-0.022365,0.08598234711456765
38.2187,0.5,4.62722,-0.0182747,-0.0372553,-0.0106278,0.04283540791238015
38.3661,0.5,4.70929,0.00778194,0.0409349,0.00432085,0.04189145942666715
38.5128,0.5,4.791,0.00866899,0.073927,0.00500321,0.07460150686765114
38.6577,0.5,4.87167,0.000991909,0.0746166,0.000695107,0.0746264299880795
38.7893,0.5,4.945,-0.000342279,0.0191781,-0.000176743,0.019181968423805987
30.0739,0.833333,0.0911345,-0.0175969,-0.0595463,-0.0012465,0.06210448047886723
30.222,0.833333,0.173632,-0.0214332,-0.0963781,-0.00243186,0.09876251396612785
30.3701,0.833333,0.25613,-0.0182688,-0.124688,0.00024687,0.1260194720756951
30.5183,0.833333,0.338628,-0.0133774,-0.147649,0.00423997,0.14831439369582744
30.6664,0.833333,0.421126,-0.00706238,-0.166814,0.00909099,0.1672107469824966
30.8145,0.833333,0.503624,0.000349905,-0.183172,0.0144824,0.1837439629682266
30.9626,0.833333,0.586121,0.00826192,-0.196502,0.0199889,0.19768877421162895
31.1108,0.833333,0.668619,0.016266,-0.207008,0.0253989,0.20919368762276264
31.2589,0.833333,0.751117,0.0242324,-0.215146,0.0306787,0.218669140848566
31.407,0.833333,0.833614,0.0319227,-0.221071,0.0357172,0.2262016007726957
31.5552,0.833333,0.916111,0.0391812,-0.224981,0.0404425,0.23192070326016603
31.7033,0.833333,0.998608,0.0458528,-0.227036,0.0447643,0.23590605570508358
31.8514,0.833333,1.08111,0.0518173,-0.227386,0.0486228,0.23823014556333966
31.9996,0.833333,1.1636,0.0569627,-0.226181,0.0519628,0.23896176793815785
32.1477,0.833333,1.2461,0.0611888,-0.22356,0.0547311,0.23815674702315281
32.2958,0.833333,1.3286,0.0644122,-0.219661,0.0568808,0.23587138834220653
32.4439,0.833333,1.41109,0.0665619,-0.214619,0.0583718,0.2321617296796567
32.5921,0.833333,1.49359,0.0675716,-0.208572,0.0591668,0.22708789164726506
32.7402,0.833333,1.57608,0.0673769,-0.201667,0.0592281,0.22071971677269794
32.8883,0.833333,1.65858,0.0659115,-0.194056,0.058517,0.21313445581897358
33.0365,0.833333,1.74108,0.0631068,-0.185902,0.0569936,0.2044267405482952
33.1846,0.833333,1.82357,0.058893,-0.177375,0.05462,0.1947142020346744
33.3327,0.833333,1.90607,0.0531868,-0.168656,0.0513603,0.18415092301243022
33.4808,0.833333,1.98856,0.0459234,-0.15992,0.0471784,0.1729426682288671
33.629,0.833333,2.07106,0.037038,-0.151332,0.0420522,0.161374022670441
33.7771,0.833333,2.15355,0.0265154,-0.143069,0.0359921,0.14989074841553765
33.9252,0.833333,2.23604,0.0143451,-0.13524,0.0289995,0.13905614151938778
34.0733,0.833333,2.31854,0.000379263,-0.127911,0.0207166,0.12957833644935857
34.2215,0.833333,2.40103,-0.0147727,-0.121685,0.0111619,0.12308557958550628
34.3696,0.833333,2.48352,-0.0302172,-0.116831,0.00121808,0.12068158706168228
34.5177,0.833333,2.56602,-0.0461258,-0.112933,-0.00894047,0.12231673605218912
34.6658,0.833333,2.64851,-0.0620187,-0.10986,-0.0190699,0.1275899676138371
34.8139,0.833333,2.731,-0.0775362,-0.107476,-0.0289444,0.13564929479285914
34.9621,0.833333,2.81349,-0.0923109,-0.10565,-0.0383398,0.14544127688813105
35.1102,0.833333,2.89598,-0.106028,-0.104269,-0.0470664,0.15597822653806523
35.2583,0.833333,2.97847,-0.118403,-0.103254,-0.0549657,0.16643883892135874
35.4064,0.833333,3.06096,-0.129251,-0.10254,-0.0619622,0.17623730260600337
35.5545,0.833333,3.14344,-0.138182,-0.102188,-0.0678213,0.18476033449225512
35.7026,0.833333,3.22593,-0.145235,-0.102209,-0.0725307,0.1918347918092284
35.8507,0.833333,3.30841,-0.150493,-0.102599,-0.0761524,0.19741804850560143
35.9988,0.833333,3.3909,-0.154035,-0.103416,-0.0787502,0.20155208825770077
36.1469,0.833333,3.47338,-0.155941,-0.104735,-0.0803794,0.20432293960874778
36.295,0.833333,3.55586,-0.156297,-0.106627,-0.0810991,0.20585221242146026
36.4431,0.833333,3.63833,-0.155191,-0.109153,-0.0809651,0.20628613939867602
36.5912,0.833333,3.72081,-0.152717,-0.112372,-0.0800391,0.20580623411794405
36.7393,0.833333,3.80328,-0.148999,-0.116334,-0.0783943,0.20464595727619442
36.8874,0.833333,3.88574,-0.144112,-0.121055,-0.076089,0.20300767840158163
37.0354,0.833333,3.9682,-0.138144,-0.126487,-0.0731728,0.20108949391959788
37.1835,0.833333,4.05065,-0.131112,-0.132485,-0.0696788,0.19899187656394418
37.3315,0.833333,4.1331,-0.123086,-0.138775,-0.0656366,0.1967659200180763
37.4795,0.833333,4.21553,-0.113992,-0.144728,-0.0610466,0.19408002838921884
37.6275,0.833333,4.29794,-0.103869,-0.149419,-0.0558946,0.19036547226626996
37.7754,0.833333,4.38033,-0.0925108,-0.150723,-0.0501225,0.18381495002281506
37.9233,0.833333,4.46269,-0.0799666,-0.146381,-0.0436469,0.17241550439612444
38.0711,0.833333,4.545,-0.065982,-0.130083,-0.0363531,0.1503221842996236
38.2187,0.833333,4.62722,-0.0501757,-0.0973022,-0.0277802,0.1129471491777017
38.3661,0.833333,4.70929,-0.0308592,-0.0305672,-0.0171083,0.046683378941224894
38.5128,0.833333,4.791,0.000233467,0.068412,7.54417e-05,0.06841243996737865
38.6577,0.833333,4.87167,-0.000901934,0.0795813,-0.000481835,0.07958786942491664
38.7893,0.833333,4.945,0.000366455,0.0183431,0.000205802,0.018347914359409603
30.0739,1.16667,0.0911345,0.0130938,-0.0949166,0.011939,0.09655645123449806
30.222,1.16667,0.173632,0.022666,-0.132879,0.0178047,0.13596905360812805
30.3701,1.16667,0.25613,0.0316976,-0.164798,0.0239104,0.16951349762753407
30.5183,1.16667,0.338628,0.0417839,-0.192243,0.0305459,0.19908871729713867
30.6664,1.16667,0.421126,0.0526277,-0.215817,0.037519,0.22528721148189926
30.8145,1.16667,0.503624,0.0638786,-0.235935,0.0446582,0.24847566196752552
30.9626,1.16667,0.586121,0.0752711,-0.252867,0.0518382,0.2688766578999561
31.1108,1.16667,0.668619,0.0866015,-0.266843,0.0589468,0.28667007461800054
31.2589,1.16667,0.751117,0.0976737,-0.278067,0.0658648,0.3019926820963217
31.407,1.16667,0.833614,0.108312,-0.286736,0.0724946,0.31496744287173556
31.5552,1.16667,0.916111,0.118366,-0.293043,0.078757,0.3257105691469038
31.7033,1.16667,0.998608,0.127702,-0.297168,0.0845793,0.33432062307983634
31.8514,1.16667,1.08111,0.136213,-0.299284,0.0899012,0.34089165402872507
31.9996,1.16667,1.1636,0.143802,-0.299561,0.094671,0.34551180322240804
32.1477,1.16667,1.2461,0.150388,-0.298161,0.0988432,0.3482621292234342
32.2958,1.16667,1.3286,0.155904,-0.295238,0.102379,0.3492176878409798
32.4439,1.16667,1.41109,0.160294,-0.290944,0.105246,0.3484527200180822
32.5921,1.16667,1.49359,0.163514,-0.285427,0.107417,0.3460401890156691
32.7402,1.16667,1.57608,0.165527,-0.278835,0.10887,0.34205382888370073
32.8883,1.16667,1.65858,0.166306,-0.271312,0.109587,0.336566780221994
33.0365,1.16667,1.74108,0.165829,-0.262997,0.109553,0.3296491150587242
33.1846,1.16667,1.82357,0.164081,-0.254029,0.108759,0.3213749017627232
33.3327,1.16667,1.90607,0.161053,-0.244543,0.107197,0.3118181272264331
33.4808,1.16667,1.98856,0.156735,-0.234667,0.104863,0.30104934791990495
33.629,1.16667,2.07106,0.151129,-0.22453,0.101755,0.28915009176204665
33.7771,1.16667,2.15355,0.14424,-0.21426,0.0978772,0.27621091846601575
33.9252,1.16667,2.23604,0.136088,-0.203996,0.0932359,0.26234947076144444
34.0733,1.16667,2.31854,0.126716,-0.193919,0.0878503,0.2477482561534793
34.2215,1.16667,2.40103,0.11615,-0.184239,0.0817133,0.23261963592502247
34.3696,1.16667,2.48352,0.104378,-0.17511,0.0748233,0.21715617699455383
34.5177,1.16667,2.56602,0.0914251,-0.16665,0.0672178,0.20161598162558939
34.6658,1.16667,2.64851,0.0774003,-0.159,0.0589583,0.18640785278249414
34.8139,1.16667,2.731,0.0624543,-0.152285,0.0501341,0.17206013133872705
34.9621,1.16667,2.81349,0.0467952,-0.146612,0.0408626,0.1592313454248252
35.1102,1.16667,2.89598,0.0306544,-0.142056,0.0312866,0.14865547657224068
35.2583,1.16667,2.97847,0.0144233,-0.138649,0.0216399,0.14106687086591238
35.4064,1.16667,3.06096,-0.00220219,-0.136436,0.0114979,0.13693733399334931
35.5545,1.16667,3.14344,-0.0174975,-0.135563,0.00178872,0.13669926479132358
35.7026,1.16667,3.22593,-0.0314316,-0.135586,-0.00710233,0.13936266345757353
35.8507,1.16667,3.30841,-0.0440686,-0.136285,-0.0151368,0.14403043235788746
35.9988,1.16667,3.3909,-0.0552776,-0.137605,-0.022285,0.14995789512979968
36.1469,1.16667,3.47338,-0.0649786,-0.13954,-0.0285074,0.15654488785239842
36.295,1.16667,3.55586,-0.0731467,-0.142097,-0.0338084,0.16335545610860386
36.4431,1.16667,3.63833,-0.0797113,-0.145262,-0.0381659,0.17003404339866765
36.5912,1.16667,3.72081,-0.0846345,-0.149042,-0.0415515,0.17636054974540083
36.7393,1.16667,3.80328,-0.0881838,-0.1535,-0.0441016,0.1824378899927315
36.8874,1.16667,3.88574,-0.090461,-0.158666,-0.0458984,0.1883208835991378
37.0354,1.16667,3.9682,-0.091639,-0.164485,-0.0470398,0.19407669702991134
37.1835,1.16667,4.05065,-0.0917723,-0.170843,-0.0475709,0.1996809360532447
37.3315,1.16667,4.1331,-0.0910446,-0.177492,-0.0475883,0.2050784619360356
37.4795,1.16667,4.21553,-0.0895107,-0.184043,-0.0471244,0.21001119098479015
37.6275,1.16667,4.29794,-0.0871516,-0.18947,-0.0462013,0.2136090878316042
37.7754,1.16667,4.38033,-0.0839701,-0.192425,-0.0447556,0.21466583810744086
37.9233,1.16667,4.46269,-0.0792108,-0.190159,-0.0425326,0.21034214551629923
38.0711,1.16667,4.545,-0.0729907,-0.179033,-0.039313,0.1972966531507567
38.2187,1.16667,4.62722,-0.0623908,-0.152377,-0.0339846,0.1681258906022508
38.3661,1.16667,4.70929,-0.0487249,-0.100153,-0.0265207,0.1144905533985228
38.5128,1.16667,4.791,-0.0235295,0.00578417,-0.012858,0.027430314559605398
38.6577,1.16667,4.87167,0.00431601,0.0685685,0.00225507,0.0687411992568867
38.7893,1.16667,4.945,-0.00247563,0.0170213,-0.00136388,0.01725437817602535
30.0739,1.5,0.0911345,0.0328084,-0.132856,0.0189585,0.1381540175630445
30.222,1.5,0.173632,0.0518074,-0.172958,0.030329,0.18308010459839705
30.3701,1.5,0.25613,0.0674705,-0.207289,0.0403292,0.22169222418454373
30.5183,1.5,0.338628,0.0829436,-0.237388,0.0500773,0.25639898459286065
30.6664,1.5,0.421126,0.0985443,-0.263547,0.0596847,0.28762869065095015
30.8145,1.5,0.503624,0.114034,-0.286024,0.069125,0.3155816017403423
30.9626,1.5,0.586121,0.129282,-0.305058,0.0783601,0.34046222134035664
31.1108,1.5,0.668619,0.144137,-0.320882,0.0873272,0.3624455442584996
31.2589,1.5,0.751117,0.158445,-0.333727,0.0959536,0.3816878592606267
31.407,1.5,0.833614,0.172066,-0.343813,0.10417,0.39832835227359853
31.5552,1.5,0.916111,0.184876,-0.351357,0.111914,0.4124992366308088
31.7033,1.5,0.998608,0.196769,-0.356559,0.119128,0.42431573176821996
31.8514,1.5,1.08111,0.207652,-0.35961,0.125762,0.43388337816514705
31.9996,1.5,1.1636,0.217448,-0.36069,0.131771,0.44129865765148213
32.1477,1.5,1.2461,0.22609,-0.359966,0.137119,0.4466473210677525
32.2958,1.5,1.3286,0.233521,-0.357597,0.14177,0.4500071163326198
32.4439,1.5,1.41109,0.239695,-0.353736,0.145698,0.4514540485198909
32.5921,1.5,1.49359,0.244574,-0.348528,0.148877,0.4510571686482768
32.7402,1.5,1.57608,0.248126,-0.342112,0.151287,0.44888182051515524
32.8883,1.5,1.65858,0.250328,-0.334625,0.152911,0.444994125949995
33.0365,1.5,1.74108,0.251164,-0.326202,0.153737,0.4394612211208174
33.1846,1.5,1.82357,0.250624,-0.316975,0.153756,0.43234991330749684
33.3327,1.5,1.90607,0.248705,-0.307075,0.152961,0.42372904098138
33.4808,1.5,1.98856,0.245413,-0.296635,0.151352,0.41367534577008575
33.629,1.5,2.07106,0.240763,-0.285784,0.148933,0.40226900864222687
33.7771,1.5,2.15355,0.23478,-0.274656,0.145714,0.3896025366087854
33.9252,1.5,2.23604,0.227501,-0.263385,0.141712,0.3757800608999898
34.0733,1.5,2.31854,0.21897,-0.252108,0.136948,0.3609169700471287
34.2215,1.5,2.40103,0.209239,-0.240972,0.131446,0.3451470915725642
34.3696,1.5,2.48352,0.198358,-0.230113,0.125236,0.32860606298271494
34.5177,1.5,2.56602,0.186393,-0.219657,0.118353,0.31144659366735733
34.6658,1.5,2.64851,0.173421,-0.20973,0.11084,0.2938486374666386
34.8139,1.5,2.731,0.159534,-0.200465,0.10275,0.27603419331850904
34.9621,1.5,2.81349,0.144837,-0.191996,0.0941421,0.25826915336023
35.1102,1.5,2.89598,0.129453,-0.184463,0.085087,0.24088269997448963
35.2583,1.5,2.97847,0.113529,-0.177999,0.0756696,0.22427297252714157
35.4064,1.5,3.06096,0.0972328,-0.172803,0.0659851,0.20897159526320797
35.5545,1.5,3.14344,0.0807333,-0.168996,0.0561359,0.1955217456287152
35.7026,1.5,3.22593,0.0642291,-0.166521,0.0462537,0.18437468777329494
35.8507,1.5,3.30841,0.0479959,-0.16533,0.036503,0.1759831933049574
35.9988,1.5,3.3909,0.0323017,-0.165377,0.0270437,0.17065847081695065
36.1469,1.5,3.47338,0.0174379,-0.166596,0.0180513,0.16847598346381598
36.295,1.5,3.55586,0.00342991,-0.169021,0.0095174,0.16932348811186268
36.4431,1.5,3.63833,-0.00946634,-0.172574,0.00149642,0.17283991536046298
36.5912,1.5,3.72081,-0.0204636,-0.176762,-0.00545571,0.17802620127544178
36.7393,1.5,3.80328,-0.0301489,-0.181598,-0.0115521,0.18444576652669478
36.8874,1.5,3.88574,-0.0384413,-0.187109,-0.0168092,0.19175521018040162
37.0354,1.5,3.9682,-0.0455691,-0.193212,-0.0213489,0.1996576954440274
37.1835,1.5,4.05065,-0.0512927,-0.199724,-0.0250762,0.20772441612802767
37.3315,1.5,4.1331,-0.0559736,-0.206439,-0.0281319,0.2157348103936173
37.4795,1.5,4.21553,-0.0594973,-0.213225,-0.030516,0.22346376795420325
37.6275,1.5,4.29794,-0.0622468,-0.219123,-0.0323685,0.23008101406133014
37.7754,1.5,4.38033,-0.0637489,-0.223451,-0.0335284,0.234773135726322
37.9233,1.5,4.46269,-0.06433,-0.223628,-0.0340733,0.23517827505296912
38.0711,1.5,4.545,-0.062594,-0.217759,-0.0333977,0.2290248835438848
38.2187,1.5,4.62722,-0.0582062,-0.19891,-0.0312224,0.2095900476649595
38.3661,1.5,4.70929,-0.0481479,-0.163453,-0.0260663,0.17237910395143605
38.5128,1.5,4.791,-0.0326304,-0.0903523,-0.0178238,0.09770347468688102
38.6577,1.5,4.87167,0.000195418,0.0425782,9.87377e-05,0.04257876292904862
38.7893,1.5,4.945,-0.000468152,0.0169722,-0.000277651,0.016980925452192087
30.0739,1.83333,0.0911345,0.0497701,-0.16966,0.0257269,0.1786713514742081
30.222,1.83333,0.173632,0.0765913,-0.213813,0.041465,0.23087133306170776
30.3701,1.83333,0.25613,0.0983915,-0.250818,0.0550002,0.27498286927786975
30.5183,1.83333,0.338628,0.119072,-0.28283,0.067759,0.31426458942267105
30.6664,1.83333,0.421126,0.139413,-0.310409,0.0800174,0.34956046136936025
30.8145,1.83333,0.503624,0.159162,-0.33391,0.0917928,0.38112248487309164
30.9626,1.83333,0.586121,0.178233,-0.353679,0.103103,0.4092506150746753
31.1108,1.83333,0.668619,0.196543,-0.370029,0.113933,0.4342019578249273
31.2589,1.83333,0.751117,0.213983,-0.38324,0.124242,0.45617726428768895
31.407,1.83333,0.833614,0.23045,-0.393577,0.133988,0.4753554896842993
31.5552,1.83333,0.916111,0.245853,-0.401288,0.14313,0.49189628322747064
31.7033,1.83333,0.998608,0.260112,-0.406601,0.151625,0.5059375123174797
31.8514,1.83333,1.08111,0.273157,-0.409723,0.159439,0.5175987616861153
31.9996,1.83333,1.1636,0.284927,-0.410847,0.166536,0.5269847170782089
32.1477,1.83333,1.2461,0.295371,-0.410148,0.172889,0.5341872479440145
32.2958,1.83333,1.3286,0.304446,-0.407791,0.178471,0.5392891287964184
32.4439,1.83333,1.41109,0.312115,-0.403929,0.183258,0.5423632591077681
32.5921,1.83333,1.49359,0.318349,-0.398703,0.187232,0.5434758410766756
32.7402,1.83333,1.57608,0.323124,-0.39225,0.190375,0.5426894346686694
32.8883,1.83333,1.65858,0.326422,-0.384698,0.192674,0.5400621663882779
33.0365,1.83333,1.74108,0.328233,-0.376172,0.194118,0.5356529415554441
33.1846,1.83333,1.82357,0.32855,-0.366791,0.1947,0.5295175447338832
33.3327,1.83333,1.90607,0.327374,-0.356673,0.194415,0.5217150151471587
33.4808,1.83333,1.98856,0.324714,-0.345934,0.193263,0.5123085996945591
33.629,1.83333,2.07106,0.320585,-0.334692,0.191248,0.5013674047971207
33.7771,1.83333,2.15355,0.315009,-0.323064,0.188379,0.4889659147813884
33.9252,1.83333,2.23604,0.308019,-0.311169,0.184669,0.4751888997893364
34.0733,1.83333,2.31854,0.299656,-0.29913,0.180135,0.46013160450136437
34.2215,1.83333,2.40103,0.28997,-0.287077,0.174802,0.44390488174044673
34.3696,1.83333,2.48352,0.27902,-0.275137,0.168701,0.42662929642723785
34.5177,1.83333,2.56602,0.266879,-0.263443,0.161867,0.408445272440507
34.6658,1.83333,2.64851,0.25363,-0.252129,0.154346,0.3895123839584565
34.8139,1.83333,2.731,0.23937,-0.24133,0.14619,0.37001308341732997
34.9621,1.83333,2.81349,0.22421,-0.231185,0.13746,0.3501597919878866
35.1102,1.83333,2.89598,0.208271,-0.221832,0.128225,0.33019372539465375
35.2583,1.83333,2.97847,0.191685,-0.213407,0.11856,0.3103903356646273
35.4064,1.83333,3.06096,0.174591,-0.206042,0.108548,0.2910635520792667
35.5545,1.83333,3.14344,0.157122,-0.199858,0.0982699,0.27255736330910235
35.7026,1.83333,3.22593,0.139426,-0.194947,0.0878153,0.25525569376429197
35.8507,1.83333,3.30841,0.121673,-0.191388,0.0772889,0.23959812089457214
35.9988,1.83333,3.3909,0.104047,-0.189233,0.0668026,0.2260475477963873
36.1469,1.83333,3.47338,0.0867371,-0.188501,0.0564741,0.21504714712876338
36.295,1.83333,3.55586,0.0699386,-0.189198,0.0464184,0.2069829916503286
36.4431,1.83333,3.63833,0.0537996,-0.191282,0.0367356,0.20207103897273357
36.5912,1.83333,3.72081,0.0385262,-0.194561,0.0275496,0.2002429306307716
36.7393,1.83333,3.80328,0.0242323,-0.198836,0.0189481,0.20120136618050088
36.8874,1.83333,3.88574,0.0111722,-0.203998,0.0110541,0.20460252975867627
37.0354,1.83333,3.9682,-0.00101286,-0.210135,0.00366707,0.21016943524871665
37.1835,1.83333,4.05065,-0.0115319,-0.21671,-0.00281343,0.217034845603131
37.3315,1.83333,4.1331,-0.0207098,-0.223437,-0.00843245,0.22455310061997028
37.4795,1.83333,4.21553,-0.0283328,-0.230347,-0.0131647,0.23245601151815798
37.6275,1.83333,4.29794,-0.0348926,-0.2368,-0.0171672,0.23997176144413326
37.7754,1.83333,4.38033,-0.0396382,-0.242178,-0.0201857,0.24622922870311315
37.9233,1.83333,4.46269,-0.0436138,-0.245101,-0.0225827,0.2499732827538375
38.0711,1.83333,4.545,-0.04499,-0.243327,-0.0236747,0.24858121499640715
38.2187,1.83333,4.62722,-0.0449016,-0.232488,-0.0237514,0.2379725883973194
38.3661,1.83333,4.70929,-0.0390295,-0.206071,-0.0210089,0.21078409045860175
38.5128,1.83333,4.791,-0.0299956,-0.147764,-0.0162502,0.15165093047983585
38.6577,1.83333,4.87167,-0.0124223,-0.0136778,-0.00674293,0.019668829530882104
38.7893,1.83333,4.945,0.00322272,0.0126679,0.00174813,0.01318778120478574
30.0739,2.16667,0.0911345,0.0670601,-0.209136,0.0327996,0.22206021090724468
30.222,2.16667,0.173632,0.101703,-0.257469,0.0529174,0.28184044669415353
30.3701,2.16667,0.25613,0.129566,-0.296624,0.0699864,0.33116648670564475
30.5183,2.16667,0.338628,0.155291,-0.329738,0.0857188,0.3744197590919048
30.6664,2.16667,0.421126,0.180193,-0.357712,0.100581,0.41296964749724646
30.8145,2.16667,0.503624,0.204013,-0.381092,0.114643,0.44720849061930834
30.9626,2.16667,0.586121,0.226706,-0.400433,0.127969,0.4776172765782243
31.1108,2.16667,0.668619,0.248248,-0.416173,0.140584,0.5045700114840358
31.2589,2.16667,0.751117,0.268579,-0.428661,0.152481,0.5283326485491883
31.407,2.16667,0.833614,0.287635,-0.438225,0.163645,0.5491399911452453
31.5552,2.16667,0.916111,0.305361,-0.445151,0.174056,0.5671862518238608
31.7033,2.16667,0.998608,0.321707,-0.449692,0.183695,0.5826337972843663
31.8514,2.16667,1.08111,0.336628,-0.452076,0.19254,0.5956196536045465
31.9996,2.16667,1.1636,0.350087,-0.452506,0.200572,0.6062604347877238
32.1477,2.16667,1.2461,0.36205,-0.451168,0.207771,0.6146556394966209
32.2958,2.16667,1.3286,0.372488,-0.448226,0.214122,0.6208881445993312
32.4439,2.16667,1.41109,0.381377,-0.443832,0.219608,0.625030346476873
32.5921,2.16667,1.49359,0.388696,-0.438127,0.224214,0.6271457297478792
32.7402,2.16667,1.57608,0.394428,-0.431239,0.227928,0.6272891641731109
32.8883,2.16667,1.65858,0.398561,-0.42329,0.230739,0.6255124146985414
33.0365,2.16667,1.74108,0.401085,-0.414395,0.232637,0.6218620160606371
33.1846,2.16667,1.82357,0.401996,-0.404665,0.233615,0.6163850375098344
33.3327,2.16667,1.90607,0.401296,-0.394207,0.233669,0.6091295757275293
33.4808,2.16667,1.98856,0.39899,-0.383125,0.232797,0.6001435069497961
33.629,2.16667,2.07106,0.395094,-0.371526,0.231002,0.5894851664936108
33.7771,2.16667,2.15355,0.389627,-0.359513,0.228289,0.5772128410032126
33.9252,2.16667,2.23604,0.38262,-0.347194,0.22467,0.563398923442351
34.0733,2.16667,2.31854,0.37411,-0.334678,0.220162,0.5481231267042105
34.2215,2.16667,2.40103,0.364146,-0.322077,0.214785,0.5314776566046779
34.3696,2.16667,2.48352,0.352785,-0.309504,0.208569,0.5135669479259739
34.5177,2.16667,2.56602,0.340099,-0.29708,0.201548,0.49451537135361123
34.6658,2.16667,2.64851,0.326168,-0.284926,0.193764,0.4744606173287726
34.8139,2.16667,2.731,0.311085,-0.273169,0.185267,0.45356260987321256
34.9621,2.16667,2.81349,0.294957,-0.26194,0.176115,0.4320054266719343
35.1102,2.16667,2.89598,0.277901,-0.251372,0.166371,0.40999531439517695
35.2583,2.16667,2.97847,0.260045,-0.241602,0.156108,0.38776879205655523
35.4064,2.16667,3.06096,0.241528,-0.232764,0.145405,0.36559194261498706
35.5545,2.16667,3.14344,0.222496,-0.22499,0.134349,0.34376536171784383
35.7026,2.16667,3.22593,0.203104,-0.218396,0.123031,0.32262156560434707
35.8507,2.16667,3.30841,0.183511,-0.213088,0.111547,0.30253184307441094
35.9988,2.16667,3.3909,0.163884,-0.209153,0.0999983,0.28390597540011375
36.1469,2.16667,3.47338,0.144386,-0.206653,0.0884882,0.2671758614550349
36.295,2.16667,3.55586,0.125186,-0.205618,0.0771199,0.2527800931561067
36.4431,2.16667,3.63833,0.106428,-0.206037,0.0659916,0.2411079754457741
36.5912,2.16667,3.72081,0.0882819,-0.20784,0.0552037,0.23246205703576658
36.7393,2.16667,3.80328,0.0708811,-0.21093,0.0448532,0.22699648628877497
36.8874,2.16667,3.88574,0.0544372,-0.215149,0.0350479,0.22467945219634572
37.0354,2.16667,3.9682,0.0390009,-0.220373,0.0258514,0.22528565025711247
37.1835,2.16667,4.05065,0.0248377,-0.226373,0.0173792,0.22839370188980693
37.3315,2.16667,4.1331,0.011972,-0.232892,0.00971254,0.23340168354416727
37.4795,2.16667,4.21553,0.000694164,-0.23986,0.00291451,0.23987871066895242
37.6275,2.16667,4.29794,-0.00918603,-0.246811,-0.00298856,0.2469999683381245
37.7754,2.16667,4.38033,-0.0167982,-0.252866,-0.00763647,0.253538378067899
37.9233,2.16667,4.46269,-0.0233613,-0.257729,-0.0115049,0.25904121390755563
38.0711,2.16667,4.545,-0.0274933,-0.258925,-0.0141018,0.26076214819856425
38.2187,2.16667,4.62722,-0.0304772,-0.254296,-0.0158624,0.25660656864078907
38.3661,2.16667,4.70929,-0.029377,-0.23585,-0.0156096,0.23818457179498423
38.5128,2.16667,4.791,-0.0246781,-0.192998,-0.0132601,0.19502068319955196
38.6577,2.16667,4.87167,-0.0140369,-0.0766418,-0.00764243,0.07829052819565659
38.7893,2.16667,4.945,0.00307492,-0.00116248,0.00167583,0.0036898372519258895
30.0739,2.5,0.0911345,0.0868794,-0.252134,0.0409887,0.26981411680645995
30.222,2.5,0.173632,0.129892,-0.304142,0.0659153,0.33722264841212846
30.3701,2.5,0.25613,0.164026,-0.344493,0.086722,0.3912807956046399
30.5183,2.5,0.338628,0.194758,-0.377549,0.105487,0.4377230096008205
30.6664,2.5,0.421126,0.224066,-0.404718,0.122926,0.4786575324342029
30.8145,2.5,0.503624,0.251725,-0.426897,0.139195,0.51476380239776
30.9626,2.5,0.586121,0.277747,-0.444798,0.154419,0.546657007980324
31.1108,2.5,0.668619,0.302186,-0.458961,0.168674,0.5748151845532614
31.2589,2.5,0.751117,0.325044,-0.469791,0.181992,0.5995650704310583
31.407,2.5,0.833614,0.346312,-0.477705,0.194396,0.6212277144373067
31.5552,2.5,0.916111,0.365979,-0.483036,0.205892,0.6400436871034665
31.7033,2.5,0.998608,0.384027,-0.48606,0.21648,0.6561971127100453
31.8514,2.5,1.08111,0.400442,-0.487026,0.22616,0.6698480914655203
31.9996,2.5,1.1636,0.415211,-0.486146,0.234927,0.6811231923565664
32.1477,2.5,1.2461,0.428323,-0.483609,0.242775,0.6901289429048748
32.2958,2.5,1.3286,0.439767,-0.479584,0.249699,0.6969543872779624
32.4439,2.5,1.41109,0.449531,-0.47422,0.255692,0.7016702410855116
32.5921,2.5,1.49359,0.457607,-0.46765,0.260745,0.7043356046473869
32.7402,2.5,1.57608,0.463986,-0.459999,0.264852,0.7050026029037056
32.8883,2.5,1.65858,0.468661,-0.451378,0.268004,0.703712566195176
33.0365,2.5,1.74108,0.471627,-0.441891,0.270194,0.7005030197265391
33.1846,2.5,1.82357,0.472881,-0.431639,0.271417,0.6954105653288567
33.3327,2.5,1.90607,0.472425,-0.420714,0.271668,0.6884687012820554
33.4808,2.5,1.98856,0.470262,-0.409211,0.270943,0.6797132486674068
33.629,2.5,2.07106,0.466404,-0.397219,0.269243,0.6691841437347421
33.7771,2.5,2.15355,0.460866,-0.384831,0.266572,0.6569269363490889
33.9252,2.5,2.23604,0.453673,-0.372137,0.262937,0.642993781981599
34.0733,2.5,2.31854,0.444855,-0.359234,0.25835,0.6274470179074884
34.2215,2.5,2.40103,0.434456,-0.34622,0.252828,0.6103624348860274
34.3696,2.5,2.48352,0.422527,-0.333196,0.246396,0.5918273641536018
34.5177,2.5,2.56602,0.409132,-0.320269,0.239085,0.5719465560784505
34.6658,2.5,2.64851,0.394347,-0.30755,0.230932,0.5508413088476571
34.8139,2.5,2.731,0.378264,-0.295154,0.221984,0.5286553070460941
34.9621,2.5,2.81349,0.360983,-0.283202,0.212295,0.5055504585281275
35.1102,2.5,2.89598,0.342622,-0.271816,0.201928,0.4817143239763584
35.2583,2.5,2.97847,0.32331,-0.261124,0.190955,0.45736081106824183
35.4064,2.5,3.06096,0.303186,-0.251253,0.179454,0.43272804244814084
35.5545,2.5,3.14344,0.2824,-0.242329,0.167511,0.4080845982905995
35.7026,2.5,3.22593,0.261113,-0.234474,0.155218,0.38373256699034547
35.8507,2.5,3.30841,0.239488,-0.227803,0.142674,0.3600063599840981
35.9988,2.5,3.3909,0.217698,-0.222418,0.129981,0.33727918152325975
36.1469,2.5,3.47338,0.195911,-0.218406,0.117244,0.31595641517937245
36.295,2.5,3.55586,0.174301,-0.215825,0.104567,0.29647179750357366
36.4431,2.5,3.63833,0.153027,-0.214706,0.0920565,0.27926748532052564
36.5912,2.5,3.72081,0.132263,-0.215033,0.079815,0.2647699501133012
36.7393,2.5,3.80328,0.112149,-0.216757,0.0679432,0.25333233839413394
36.8874,2.5,3.88574,0.0928787,-0.219764,0.0565458,0.24519399688273363
37.0354,2.5,3.9682,0.0745653,-0.223933,0.0457185,0.24040830621120393
37.1835,2.5,4.05065,0.0574669,-0.229041,0.0355819,0.2388059795822123
37.3315,2.5,4.1331,0.0416661,-0.234932,0.0262344,0.24003614781230348
37.4795,2.5,4.21553,0.0275717,-0.241312,0.017845,0.24353669951342036
37.6275,2.5,4.29794,0.0150657,-0.248098,0.0104474,0.2487744783679588
37.7754,2.5,4.38033,0.00477726,-0.254519,0.00428966,0.25459997006485136
37.9233,2.5,4.46269,-0.00407454,-0.260679,-0.000926414,0.2607124875415656
38.0711,2.5,4.545,-0.0104665,-0.263954,-0.00478495,0.26420476431122986
38.2187,2.5,4.62722,-0.0155447,-0.263527,-0.00774739,0.26409873055147787
38.3661,2.5,4.70929,-0.017866,-0.251686,-0.0092956,0.2524904844372556
38.5128,2.5,4.791,-0.0167299,-0.219525,-0.00890482,0.2203415780061548
38.6577,2.5,4.87167,-0.0114544,-0.117673,-0.00623564,0.11839350241702287
38.7893,2.5,4.945,0.0020405,-0.0108047,0.0011176,0.011052339666333098
30.0739,2.83333,0.0911345,0.111638,-0.298813,0.0509448,0.32302882945650535
30.222,2.83333,0.173632,0.16375,-0.353283,0.0813737,0.39779972302741745
30.3701,2.83333,0.25613,0.204353,-0.393479,0.106207,0.45592301861059836
30.5183,2.83333,0.338628,0.239921,-0.42522,0.128079,0.5047557477453823
30.6664,2.83333,0.421126,0.27336,-0.450434,0.148057,0.5473000577425513
30.8145,2.83333,0.503624,0.304527,-0.470296,0.16642,0.5844746681807519
30.9626,2.83333,0.586121,0.333492,-0.485706,0.183378,0.6170532581422774
31.1108,2.83333,0.668619,0.360401,-0.497337,0.199079,0.6456511601561635
31.2589,2.83333,0.751117,0.385332,-0.505718,0.21361,0.670716540610115
31.407,2.83333,0.833614,0.408337,-0.511285,0.227028,0.6925988518457131
31.5552,2.83333,0.916111,0.429455,-0.514375,0.239372,0.7115561763023353
31.7033,2.83333,0.998608,0.448721,-0.515283,0.250671,0.7278070184952876
31.8514,2.83333,1.08111,0.466158,-0.514289,0.26095,0.7415465993347957
31.9996,2.83333,1.1636,0.481783,-0.511613,0.270218,0.7529146620846217
32.1477,2.83333,1.2461,0.495604,-0.507445,0.278488,0.7620231748345979
32.2958,2.83333,1.3286,0.507631,-0.501951,0.285764,0.7689636547054743
32.4439,2.83333,1.41109,0.517869,-0.495275,0.292051,0.7738083828616746
32.5921,2.83333,1.49359,0.526322,-0.487545,0.297347,0.7766145846673239
32.7402,2.83333,1.57608,0.532989,-0.478875,0.301651,0.7774264373862005
32.8883,2.83333,1.65858,0.537871,-0.469366,0.304959,0.7762793609764463
33.0365,2.83333,1.74108,0.540965,-0.459113,0.307268,0.7732021092948467
33.1846,2.83333,1.82357,0.542271,-0.448201,0.308571,0.7682174404965042
33.3327,2.83333,1.90607,0.541788,-0.436713,0.308864,0.7613471296386426
33.4808,2.83333,1.98856,0.53952,-0.424726,0.308144,0.7526132673637903
33.629,2.83333,2.07106,0.535473,-0.41232,0.306407,0.7420406766330266
33.7771,2.83333,2.15355,0.529656,-0.399569,0.303654,0.7296551348500194
33.9252,2.83333,2.23604,0.522088,-0.386554,0.299888,0.715494715007735
34.0733,2.83333,2.31854,0.512793,-0.373355,0.295117,0.6996032165184778
34.2215,2.83333,2.40103,0.501805,-0.360054,0.289354,0.6820358335578857
34.3696,2.83333,2.48352,0.489168,-0.346741,0.282618,0.6628631738368032
34.5177,2.83333,2.56602,0.474938,-0.333508,0.274933,0.6421696383332056
34.6658,2.83333,2.64851,0.459185,-0.320452,0.266334,0.6200597939594213
34.8139,2.83333,2.731,0.44199,-0.307676,0.256862,0.5966554852844311
34.9621,2.83333,2.81349,0.423452,-0.295288,0.246567,0.5721030368185437
35.1102,2.83333,2.89598,0.403682,-0.283401,0.235508,0.5465704913265992
35.2583,2.83333,2.97847,0.382807,-0.272132,0.223754,0.5202527051241541
35.4064,2.83333,3.06096,0.360967,-0.261598,0.211384,0.4933699262713527
35.5545,2.83333,3.14344,0.338318,-0.251922,0.198482,0.46617471781725783
35.7026,2.83333,3.22593,0.315023,-0.24322,0.185145,0.438946614013595
35.8507,2.83333,3.30841,0.291257,-0.235606,0.171472,0.4119993617337289
35.9988,2.83333,3.3909,0.267203,-0.229185,0.157573,0.38568440176263286
36.1469,2.83333,3.47338,0.243043,-0.224051,0.143556,0.36038462173905256
36.295,2.83333,3.55586,0.218966,-0.220277,0.129537,0.3365232536601297
36.4431,2.83333,3.63833,0.195151,-0.217914,0.115627,0.3145473371783649
36.5912,2.83333,3.72081,0.17178,-0.216979,0.10194,0.29492375021520395
36.7393,2.83333,3.80328,0.149019,-0.217461,0.0885853,0.2781066418805743
36.8874,2.83333,3.88574,0.127055,-0.21929,0.0756733,0.264494849586698
37.0354,2.83333,3.9682,0.106042,-0.222387,0.0633138,0.2543806612214065
37.1835,2.83333,4.05065,0.0862147,-0.226578,0.0516311,0.24786354122238308
37.3315,2.83333,4.1331,0.0677462,-0.231748,0.0407551,0.24486253550604675
37.4795,2.83333,4.21553,0.0509827,-0.237589,0.0308525,0.24494825040514168
37.6275,2.83333,4.29794,0.0360648,-0.244031,0.0220582,0.24766582918779892
37.7754,2.83333,4.38033,0.0233401,-0.250427,0.0145217,0.2519311857787757
37.9233,2.83333,4.46269,0.012662,-0.256833,0.00824144,0.2572769664510867
38.0711,2.83333,4.545,0.00408579,-0.261505,0.00317892,0.2615562353248159
38.2187,2.83333,4.62722,-0.0028438,-0.263856,-0.000858153,0.2638727200015405
38.3661,2.83333,4.70929,-0.00791134,-0.257336,-0.00385905,0.25748650151706615
38.5128,2.83333,4.791,-0.0100056,-0.233758,-0.0052194,0.2340302474718172
38.6577,2.83333,4.87167,-0.00880724,-0.14808,-0.00478037,0.1484186841801075
38.7893,2.83333,4.945,0.00110649,-0.0232926,0.000609949,0.023326842320869342
30.0739,3.16667,0.0911345,0.143518,-0.347045,0.0632695,0.380842064351156
30.222,3.16667,0.173632,0.205545,-0.402454,0.100084,0.46285502719210037
30.3701,3.16667,0.25613,0.252764,-0.441019,0.12928,0.524500444668067
30.5183,3.16667,0.338628,0.292812,-0.470161,0.154303,0.5749779552939399
30.6664,3.16667,0.421126,0.329918,-0.492313,0.176724,0.6184248934745431
30.8145,3.16667,0.503624,0.364075,-0.508895,0.197007,0.6560003694351094
30.9626,3.16667,0.586121,0.395427,-0.520979,0.21548,0.688631440735899
31.1108,3.16667,0.668619,0.42424,-0.529346,0.232379,0.7170681731585916
31.2589,3.16667,0.751117,0.45068,-0.534588,0.247857,0.7418422235172382
31.407,3.16667,0.833614,0.47486,-0.537179,0.262016,0.7633516109218609
31.5552,3.16667,0.916111,0.49687,-0.537504,0.274935,0.7819076679129063
31.7033,3.16667,0.998608,0.516793,-0.535887,0.286672,0.7977660792500518
31.8514,3.16667,1.08111,0.534698,-0.53259,0.297275,0.8111266762528527
31.9996,3.16667,1.1636,0.55064,-0.527798,0.306777,0.8221236319027693
32.1477,3.16667,1.2461,0.564661,-0.521725,0.31521,0.8309009355187897
32.2958,3.16667,1.3286,0.576791,-0.514531,0.322592,0.8375533452300218
32.4439,3.16667,1.41109,0.587049,-0.506352,0.328936,0.8421506803423008
32.5921,3.16667,1.49359,0.595452,-0.497304,0.334251,0.8447473490464471
32.7402,3.16667,1.57608,0.602008,-0.48749,0.338541,0.845381653955774
32.8883,3.16667,1.65858,0.606725,-0.476999,0.341808,0.8440829227570001
33.0365,3.16667,1.74108,0.609604,-0.465911,0.344049,0.8408684862319434
33.1846,3.16667,1.82357,0.610646,-0.454301,0.345262,0.8357534233019929
33.3327,3.16667,1.90607,0.609851,-0.442234,0.34544,0.8287448018280417
33.4808,3.16667,1.98856,0.607217,-0.429776,0.344579,0.819850341529477
33.629,3.16667,2.07106,0.602746,-0.416989,0.342674,0.8090785109697328
33.7771,3.16667,2.15355,0.596443,-0.403936,0.339721,0.7964413990909813
33.9252,3.16667,2.23604,0.588317,-0.390679,0.33572,0.7819558120060238
34.0733,3.16667,2.31854,0.578384,-0.377286,0.330673,0.7656483593536918
34.2215,3.16667,2.40103,0.566669,-0.363824,0.324588,0.7475553680370438
34.3696,3.16667,2.48352,0.553207,-0.350368,0.317477,0.7277275354155565
34.5177,3.16667,2.56602,0.538044,-0.336996,0.309361,0.7062307542673287
34.6658,3.16667,2.64851,0.52124,-0.323792,0.300265,0.6831482028732858
34.8139,3.16667,2.731,0.502869,-0.310846,0.290228,0.6585854225998325
34.9621,3.16667,2.81349,0.483023,-0.298252,0.279294,0.6326694338033093
35.1102,3.16667,2.89598,0.461808,-0.28611,0.267518,0.6055505274442423
35.2583,3.16667,2.97847,0.439346,-0.274527,0.254967,0.5774064015353485
35.4064,3.16667,3.06096,0.415778,-0.263609,0.241715,0.5484406908590937
35.5545,3.16667,3.14344,0.391259,-0.253469,0.22785,0.5188889684142457
35.7026,3.16667,3.22593,0.365957,-0.244215,0.213466,0.48901250007540703
35.8507,3.16667,3.30841,0.340056,-0.235958,0.198667,0.4591109210082026
35.9988,3.16667,3.3909,0.313746,-0.228798,0.183566,0.42951315890901415
36.1469,3.16667,3.47338,0.287227,-0.222831,0.16828,0.40058852016751556
36.295,3.16667,3.55586,0.260701,-0.218136,0.15293,0.37274107742104307
36.4431,3.16667,3.63833,0.234369,-0.214775,0.137641,0.34641329891763684
36.5912,3.16667,3.72081,0.208432,-0.212784,0.122535,0.3220803556645453
36.7393,3.16667,3.80328,0.183082,-0.212175,0.107735,0.30024003659405585
36.8874,3.16667,3.88574,0.158514,-0.212913,0.0933611,0.2813803986744812
37.0354,3.16667,3.9682,0.134916,-0.214952,0.079537,0.26595643201283925
37.1835,3.16667,4.05065,0.112504,-0.218165,0.0663901,0.25428480611119886
37.3315,3.16667,4.1331,0.0915087,-0.222468,0.0540676,0.24655457523528132
37.4795,3.16667,4.21553,0.0722227,-0.227615,0.0427322,0.24259173014991672
37.6275,3.16667,4.29794,0.054944,-0.233533,0.032573,0.24211052342680192
37.7754,3.16667,4.38033,0.0399233,-0.239722,0.0237318,0.2441796582398501
37.9233,3.16667,4.46269,0.0273236,-0.246097,0.0163245,0.24814673446614205
38.0711,3.16667,4.545,0.0168966,-0.251353,0.0102182,0.2521274227683296
38.2187,3.16667,4.62722,0.00850961,-0.254957,0.00533323,0.2551547151310063
38.3661,3.16667,4.70929,0.00138936,-0.252397,0.00122139,0.25240377913918344
38.5128,3.16667,4.791,-0.00337741,-0.235714,-0.00159931,0.23574362024619924
38.6577,3.16667,4.87167,-0.00543229,-0.163245,-0.00292619,0.16336156949405267
38.7893,3.16667,4.945,0.000449864,-0.030291,0.000252467,0.030295392359310763
30.0739,3.5,0.0911345,0.184366,-0.392914,0.0783272,0.44102991237765266
30.222,3.5,0.173632,0.257083,-0.447647,0.122532,0.5305597011854557
30.3701,3.5,0.25613,0.310971,-0.483171,0.156442,0.5955092589087092
30.5183,3.5,0.338628,0.354918,-0.508554,0.184618,0.647053138130092
30.6664,3.5,0.421126,0.395008,-0.526707,0.209323,0.690845642847952
30.8145,3.5,0.503624,0.431452,-0.53924,0.231285,0.7283016937567838
30.9626,3.5,0.586121,0.46447,-0.547364,0.250986,0.7604825452250695
31.1108,3.5,0.668619,0.494463,-0.551949,0.268774,0.7882771213513685
31.2589,3.5,0.751117,0.521705,-0.553636,0.284883,0.8123098246420513
31.407,3.5,0.833614,0.54638,-0.552923,0.299471,0.8330293081098648
31.5552,3.5,0.916111,0.56864,-0.550205,0.312658,0.8507831783650874
31.7033,3.5,0.998608,0.588609,-0.545804,0.324535,0.8658438239786665
31.8514,3.5,1.08111,0.606389,-0.539983,0.335171,0.8784240768848495
31.9996,3.5,1.1636,0.62207,-0.532961,0.344626,0.8886988197904845
32.1477,3.5,1.2461,0.635731,-0.524922,0.352947,0.89681023369161
32.2958,3.5,1.3286,0.647432,-0.515979,0.360169,0.9028423071755112
32.4439,3.5,1.41109,0.657216,-0.506272,0.366323,0.9068829852682209
32.5921,3.5,1.49359,0.665109,-0.495907,0.371422,0.908981868143694
32.7402,3.5,1.57608,0.671128,-0.484972,0.375478,0.9091723498061299
32.8883,3.5,1.65858,0.675284,-0.47354,0.378497,0.907473741363903
33.0365,3.5,1.74108,0.677584,-0.461679,0.38048,0.9038985598489467
33.1846,3.5,1.82357,0.678027,-0.449446,0.381424,0.8984467638213185
33.3327,3.5,1.90607,0.676611,-0.436894,0.381323,0.891115055919268
33.4808,3.5,1.98856,0.673333,-0.424072,0.380172,0.8818985994188902
33.629,3.5,2.07106,0.668189,-0.411028,0.377962,0.8707903478731261
33.7771,3.5,2.15355,0.661175,-0.39781,0.374687,0.857785243924142
33.9252,3.5,2.23604,0.652292,-0.384466,0.370341,0.8428828000979732
34.0733,3.5,2.31854,0.641549,-0.371048,0.364921,0.8260926545769549
34.2215,3.5,2.40103,0.628957,-0.357609,0.358429,0.8074295342449396
34.3696,3.5,2.48352,0.614543,-0.34421,0.35087,0.7869265403130079
34.5177,3.5,2.56602,0.598341,-0.330913,0.342259,0.764628399244365
34.6658,3.5,2.64851,0.580401,-0.317791,0.332617,0.7406014509646872
34.8139,3.5,2.731,0.560788,-0.304917,0.321973,0.7149294864264587
34.9621,3.5,2.81349,0.539585,-0.292374,0.310368,0.6877229264209533
35.1102,3.5,2.89598,0.51689,-0.280251,0.297852,0.6591143368225273
35.2583,3.5,2.97847,0.492823,-0.268638,0.284487,0.6292644416634393
35.4064,3.5,3.06096,0.467521,-0.257635,0.270347,0.5983637514714607
35.5545,3.5,3.14344,0.441137,-0.247339,0.255516,0.56662762017572
35.7026,3.5,3.22593,0.413845,-0.237853,0.24009,0.5343079091067248
35.8507,3.5,3.30841,0.385832,-0.229277,0.224175,0.5016858634424534
35.9988,3.5,3.3909,0.357299,-0.221707,0.207887,0.46907736464148425
36.1469,3.5,3.47338,0.328456,-0.215234,0.191348,0.436833006761165
36.295,3.5,3.55586,0.299522,-0.209937,0.17469,0.4053437658987739
36.4431,3.5,3.63833,0.270717,-0.205883,0.158043,0.3750374562987009
36.5912,3.5,3.72081,0.24226,-0.203116,0.141544,0.34638233354488507
36.7393,3.5,3.80328,0.21437,-0.201665,0.125328,0.3198911951101499
36.8874,3.5,3.88574,0.187256,-0.201519,0.109527,0.29609268924780974
37.0354,3.5,3.9682,0.161136,-0.202655,0.0942778,0.2755397668102374
37.1835,3.5,4.05065,0.136225,-0.204991,0.0797162,0.25871457873193
37.3315,3.5,4.1331,0.112792,-0.208462,0.0660019,0.24603798794415874
37.4795,3.5,4.21553,0.0911062,-0.212893,0.0533021,0.23762340581653568
37.6275,3.5,4.29794,0.0715396,-0.218201,0.0418289,0.23340789970429449
37.7754,3.5,4.38033,0.0543188,-0.224023,0.0317369,0.2326887779503988
37.9233,3.5,4.46269,0.0397438,-0.230187,0.0231899,0.23474112564578453
38.0711,3.5,4.545,0.0275462,-0.235759,0.0160798,0.23790682878698544
38.2187,3.5,4.62722,0.0176722,-0.239975,0.0103385,0.24084682239981908
38.3661,3.5,4.70929,0.00909245,-0.239663,0.00542636,0.23989679364020705
38.5128,3.5,4.791,0.00222477,-0.228803,0.00146494,0.22881850550109906
38.6577,3.5,4.87167,-0.00277171,-0.169024,-0.00145579,0.16905299251077516
38.7893,3.5,4.945,-1.16709e-05,-0.0363983,7.85302e-09,0.03639830187110339
30.0739,3.83333,0.0911345,0.235413,-0.430504,0.0962209,0.5000114360510267
30.222,3.83333,0.173632,0.3194,-0.483063,0.148845,0.5979306448025556
30.3701,3.83333,0.25613,0.379892,-0.5144,0.187802,0.6664794692021653
30.5183,3.83333,0.338628,0.426935,-0.535159,0.219074,0.7187920888421074
30.6664,3.83333,0.421126,0.469103,-0.548688,0.245839,0.7625961971279426
30.8145,3.83333,0.503624,0.506949,-0.556725,0.269179,0.7996232539558863
30.9626,3.83333,0.586121,0.540762,-0.56058,0.289765,0.8310458665254282
31.1108,3.83333,0.668619,0.57109,-0.561186,0.308089,0.8578999630592136
31.2589,3.83333,0.751117,0.598325,-0.55921,0.324475,0.8809044530197359
31.407,3.83333,0.833614,0.622731,-0.555156,0.339147,0.9005624744047467
31.5552,3.83333,0.916111,0.644518,-0.54942,0.35227,0.9172567479304801
31.7033,3.83333,0.998608,0.663858,-0.542312,0.363972,0.9312815719705829
31.8514,3.83333,1.08111,0.680891,-0.534081,0.374348,0.9428634543485075
31.9996,3.83333,1.1636,0.695733,-0.524927,0.383477,0.9521803254357863
32.1477,3.83333,1.2461,0.708478,-0.515017,0.391418,0.9593704380983396
32.2958,3.83333,1.3286,0.719213,-0.504487,0.398222,0.9645492386716191
32.4439,3.83333,1.41109,0.72801,-0.49345,0.403935,0.9678093545864289
32.5921,3.83333,1.49359,0.734918,-0.481961,0.408583,0.9691908687838531
32.7402,3.83333,1.57608,0.739964,-0.470106,0.412188,0.968733874640502
32.8883,3.83333,1.65858,0.743162,-0.457944,0.414759,0.9664509783020554
33.0365,3.83333,1.74108,0.744518,-0.445524,0.416297,0.9623418722621394
33.1846,3.83333,1.82357,0.74403,-0.432887,0.416801,0.9563968157987561
33.3327,3.83333,1.90607,0.741693,-0.420071,0.416266,0.948601883851176
33.4808,3.83333,1.98856,0.737499,-0.407111,0.414682,0.938938391187622
33.629,3.83333,2.07106,0.731437,-0.39404,0.412039,0.9273854344823408
33.7771,3.83333,2.15355,0.723496,-0.38089,0.408327,0.9139226406239207
33.9252,3.83333,2.23604,0.713669,-0.367695,0.403534,0.8985336631100695
34.0733,3.83333,2.31854,0.701951,-0.354493,0.397653,0.8812084894387934
34.2215,3.83333,2.40103,0.688346,-0.341323,0.390678,0.8619459993114418
34.3696,3.83333,2.48352,0.672866,-0.32823,0.38261,0.8407579907178998
34.5177,3.83333,2.56602,0.655535,-0.315265,0.373455,0.8176715682197835
34.6658,3.83333,2.64851,0.636393,-0.302484,0.363228,0.7927340037421127
34.8139,3.83333,2.731,0.615493,-0.28995,0.351951,0.7660105364484224
34.9621,3.83333,2.81349,0.592909,-0.27773,0.339661,0.7375938110518553
35.1102,3.83333,2.89598,0.568733,-0.265899,0.326401,0.707599545146123
35.2583,3.83333,2.97847,0.543078,-0.254538,0.312231,0.6761741675700129
35.4064,3.83333,3.06096,0.516076,-0.243731,0.29722,0.6434896786561537
35.5545,3.83333,3.14344,0.487881,-0.233565,0.281451,0.609750067476011
35.7026,3.83333,3.22593,0.458667,-0.224131,0.26502,0.5751919005427667
35.8507,3.83333,3.30841,0.428625,-0.215519,0.248033,0.5400816596358369
35.9988,3.83333,3.3909,0.397963,-0.207818,0.230611,0.5047220064689076
36.1469,3.83333,3.47338,0.366903,-0.20111,0.21288,0.4694474815237589
36.295,3.83333,3.55586,0.335673,-0.195472,0.194976,0.4346277790121105
36.4431,3.83333,3.63833,0.304513,-0.190969,0.177041,0.4006754819189714
36.5912,3.83333,3.72081,0.273658,-0.187652,0.15922,0.36803937624661853
36.7393,3.83333,3.80328,0.243349,-0.185555,0.141658,0.3372185979301853
36.8874,3.83333,3.88574,0.213813,-0.184685,0.124502,0.3087479493016917
37.0354,3.83333,3.9682,0.185291,-0.185038,0.107898,0.2832203992105795
37.1835,3.83333,4.05065,0.15801,-0.186566,0.0919952,0.2612224134316196
37.3315,3.83333,4.1331,0.132261,-0.189226,0.0769613,0.24335671943607803
37.4795,3.83333,4.21553,0.108309,-0.192902,0.0629713,0.23001609880330115
37.6275,3.83333,4.29794,0.0865632,-0.197523,0.0502496,0.22143519463581215
37.7754,3.83333,4.38033,0.0672636,-0.202827,0.0389711,0.21721401991853564
37.9233,3.83333,4.46269,0.0507778,-0.208613,0.0293259,0.2166974322705509
38.0711,3.83333,4.545,0.0368875,-0.214159,0.0212489,0.2183489882927329
38.2187,3.83333,4.62722,0.0255201,-0.218672,0.0146549,0.22064334384254605
38.3661,3.83333,4.70929,0.0157321,-0.219711,0.00905966,0.2204597467356016
38.5128,3.83333,4.791,0.00734809,-0.21218,0.00427096,0.212350154052145
38.6577,3.83333,4.87167,9.228e-06,-0.165344,8.45043e-05,0.16534402185181266
38.7893,3.83333,4.945,-0.000253659,-0.0379454,-0.000131812,0.03794647675939922
30.0739,4.16667,0.0911345,0.296733,-0.45222,0.116613,0.5533100337586515
30.222,4.16667,0.173632,0.392248,-0.501316,0.17858,0.6611104610880091
30.3701,4.16667,0.25613,0.459174,-0.527732,0.222858,0.7341713112509913
30.5183,4.16667,0.338628,0.508359,-0.543429,0.257113,0.7873061956386475
30.6664,4.16667,0.421126,0.551541,-0.552144,0.285663,0.8310618635131802
30.8145,4.16667,0.503624,0.589785,-0.555673,0.310041,0.8676083510634277
30.9626,4.16667,0.586121,0.623429,-0.555376,0.331145,0.8981999946793587
31.1108,4.16667,0.668619,0.653178,-0.552215,0.349628,0.9240252400735599
31.2589,4.16667,0.751117,0.679551,-0.546861,0.365926,0.9459113871806386
31.407,4.16667,0.833614,0.702891,-0.539806,0.380334,0.9644170400158845
31.5552,4.16667,0.916111,0.723468,-0.531427,0.393066,0.9799599398490736
31.7033,4.16667,0.998608,0.741496,-0.522013,0.404284,0.9928541901210872
31.8514,4.16667,1.08111,0.757152,-0.51179,0.414111,1.0033424517705807
31.9996,4.16667,1.1636,0.770576,-0.500937,0.422646,1.0116100489126232
32.1477,4.16667,1.2461,0.781884,-0.489595,0.429964,1.0177990443977631
32.2958,4.16667,1.3286,0.791171,-0.477876,0.436126,1.0220190362674269
32.4439,4.16667,1.41109,0.798516,-0.465874,0.441178,1.0243556090616188
32.5921,4.16667,1.49359,0.803989,-0.453665,0.445164,1.024881081512387
32.7402,4.16667,1.57608,0.807643,-0.441299,0.448117,1.0236409861562792
32.8883,4.16667,1.65858,0.809502,-0.428797,0.450053,1.0206410034982918
33.0365,4.16667,1.74108,0.809572,-0.416201,0.450977,1.0158791021150104
33.1846,4.16667,1.82357,0.807844,-0.403536,0.450888,1.0093330571104862
33.3327,4.16667,1.90607,0.804308,-0.390824,0.449778,1.000977026271832
33.4808,4.16667,1.98856,0.798949,-0.378085,0.447636,0.990780379459545
33.629,4.16667,2.07106,0.791747,-0.365337,0.444447,0.9787070917220331
33.7771,4.16667,2.15355,0.782684,-0.352601,0.440196,0.9647249491295433
33.9252,4.16667,2.23604,0.77174,-0.339896,0.434868,0.9488003456154513
34.0733,4.16667,2.31854,0.758902,-0.327247,0.428449,0.9309089054327496
34.2215,4.16667,2.40103,0.74416,-0.31468,0.420927,0.9110308157954922
34.3696,4.16667,2.48352,0.727515,-0.302228,0.412296,0.8891613075393013
34.5177,4.16667,2.56602,0.708979,-0.289928,0.402556,0.8653096559966265
34.6658,4.16667,2.64851,0.68858,-0.277822,0.391713,0.8395037548772488
34.8139,4.16667,2.731,0.666361,-0.26596,0.379786,0.811793760580235
34.9621,4.16667,2.81349,0.642385,-0.254398,0.366803,0.782253968630393
35.1102,4.16667,2.89598,0.616737,-0.243198,0.352803,0.750985852850771
35.2583,4.16667,2.97847,0.589522,-0.232425,0.337842,0.71811892195722
35.4064,4.16667,3.06096,0.56087,-0.222152,0.321985,0.6838135771019759
35.5545,4.16667,3.14344,0.530932,-0.212454,0.305314,0.6482608497634266
35.7026,4.16667,3.22593,0.499881,-0.203409,0.287923,0.6116828339678988
35.8507,4.16667,3.30841,0.467911,-0.195096,0.26992,0.5743343621419494
35.9988,4.16667,3.3909,0.435236,-0.187592,0.251425,0.5365031824556122
36.1469,4.16667,3.47338,0.402084,-0.180971,0.232571,0.4985090931347191
36.295,4.16667,3.55586,0.368696,-0.175304,0.213498,0.46070557717049615
36.4431,4.16667,3.63833,0.335323,-0.170652,0.194354,0.42348210912504913
36.5912,4.16667,3.72081,0.302218,-0.167063,0.175293,0.3872639943785118
36.7393,4.16667,3.80328,0.269638,-0.164576,0.156472,0.3525243220034612
36.8874,4.16667,3.88574,0.237828,-0.163208,0.138045,0.3197740309546727
37.0354,4.16667,3.9682,0.207053,-0.162968,0.120172,0.28960459840444525
37.1835,4.16667,4.05065,0.177549,-0.163834,0.103012,0.2626341544829994
37.3315,4.16667,4.1331,0.149628,-0.165785,0.0867431,0.23957789966232276
37.4795,4.16667,4.21553,0.123558,-0.168755,0.0715479,0.2210518748697011
37.6275,4.16667,4.29794,0.0997722,-0.172695,0.05766,0.20761197103693227
37.7754,4.16667,4.38033,0.07853,-0.177425,0.0452734,0.19923923376825156
37.9233,4.16667,4.46269,0.060249,-0.182755,0.0345995,0.1955158751259089
38.0711,4.16667,4.545,0.0447609,-0.188102,0.0256115,0.19504319907410256
38.2187,4.16667,4.62722,0.0320098,-0.192716,0.0182285,0.1962048984207326
38.3661,4.16667,4.70929,0.0210549,-0.194596,0.0119768,0.19609782193652736
38.5128,4.16667,4.791,0.0115597,-0.189491,0.00657393,0.1899570538325305
38.6577,4.16667,4.87167,0.00269426,-0.153024,0.00156415,0.1530557093942271
38.7893,4.16667,4.945,-0.000620897,-0.0377756,-0.000332775,0.037782167852642254
30.0739,4.5,0.0911345,0.366782,-0.449919,0.138704,0.5968206947660244
30.222,4.5,0.173632,0.473673,-0.494386,0.21068,0.7163586324774763
30.3701,4.5,0.25613,0.54679,-0.51556,0.260452,0.7953720274211308
30.5183,4.5,0.338628,0.597146,-0.52624,0.297529,0.8497266553174615
30.6664,4.5,0.421126,0.640236,-0.530452,0.327568,0.8936342957966643
30.8145,4.5,0.503624,0.677853,-0.529973,0.352636,0.9298968861298548
30.9626,4.5,0.586121,0.710369,-0.526145,0.373895,0.9598177682305116
31.1108,4.5,0.668619,0.738642,-0.519919,0.39218,0.9847400281927204
31.2589,4.5,0.751117,0.763327,-0.511937,0.408049,1.0056100572781679
31.407,4.5,0.833614,0.78485,-0.50266,0.421874,1.0230514503073636
31.5552,4.5,0.916111,0.80353,-0.492427,0.433918,1.037511273169116
31.7033,4.5,0.998608,0.819624,-0.481494,0.444381,1.0493304753856147
31.8514,4.5,1.08111,0.833334,-0.470056,0.453411,1.058763303865883
31.9996,4.5,1.1636,0.844824,-0.458262,0.461124,1.0660051571151052
32.1477,4.5,1.2461,0.854225,-0.446226,0.467609,1.0712031416038696
32.2958,4.5,1.3286,0.861643,-0.434036,0.472938,1.074470223221193
32.4439,4.5,1.41109,0.867164,-0.42176,0.477166,1.0758913941713635
32.5921,4.5,1.49359,0.870854,-0.409452,0.480335,1.0755274714506367
32.7402,4.5,1.57608,0.872772,-0.397155,0.482479,1.073428639197781
32.8883,4.5,1.65858,0.872966,-0.384905,0.483629,1.0696347534658734
33.0365,4.5,1.74108,0.871452,-0.372699,0.483801,1.0641412220687627
33.1846,4.5,1.82357,0.868224,-0.360547,0.482994,1.0569249062355377
33.3327,4.5,1.90607,0.863261,-0.348457,0.481199,1.047947666904698
33.4808,4.5,1.98856,0.856534,-0.336436,0.478399,1.0371621273711262
33.629,4.5,2.07106,0.848016,-0.324489,0.474577,1.0245230970095305
33.7771,4.5,2.15355,0.837676,-0.312624,0.469712,1.0099822816742876
33.9252,4.5,2.23604,0.825485,-0.30085,0.463783,0.9934942771923753
34.0733,4.5,2.31854,0.811416,-0.28918,0.456771,0.9750183300312872
34.2215,4.5,2.40103,0.795449,-0.27763,0.448657,0.9545211533276776
34.3696,4.5,2.48352,0.777573,-0.266219,0.439429,0.9319818519322144
34.5177,4.5,2.56602,0.757788,-0.254974,0.42908,0.907394093004798
34.6658,4.5,2.64851,0.736109,-0.243926,0.41761,0.8807692464300738
34.8139,4.5,2.731,0.712569,-0.233111,0.405032,0.852142147241879
34.9621,4.5,2.81349,0.687224,-0.222574,0.391367,0.8215741843199553
35.1102,4.5,2.89598,0.660148,-0.212361,0.376651,0.7891505255817802
35.2583,4.5,2.97847,0.631442,-0.202529,0.360934,0.7549902963356548
35.4064,4.5,3.06096,0.601229,-0.193134,0.34428,0.7192397171993493
35.5545,4.5,3.14344,0.56966,-0.184239,0.326767,0.6820800517607886
35.7026,4.5,3.22593,0.536907,-0.175908,0.308489,0.64372215608444
35.8507,4.5,3.30841,0.503166,-0.168208,0.289554,0.6044100212074581
35.9988,4.5,3.3909,0.468653,-0.161203,0.270084,0.5644177607712216
36.1469,4.5,3.47338,0.433602,-0.154959,0.250213,0.5240510771422954
36.295,4.5,3.55586,0.398264,-0.149533,0.230086,0.4836464609412541
36.4431,4.5,3.63833,0.362898,-0.144982,0.209856,0.44356992623936986
36.5912,4.5,3.72081,0.32777,-0.141352,0.189684,0.40421971829686887
36.7393,4.5,3.80328,0.293151,-0.13868,0.169734,0.36603180457031326
36.8874,4.5,3.88574,0.259303,-0.13699,0.15017,0.329477366155856
37.0354,4.5,3.9682,0.226504,-0.136301,0.13116,0.29510162693045255
37.1835,4.5,4.05065,0.195005,-0.136613,0.112873,0.2634964438526638
37.3315,4.5,4.1331,0.165129,-0.137926,0.0954937,0.23539374430237098
37.4795,4.5,4.21553,0.137153,-0.140218,0.079213,0.21153423434990376
37.6275,4.5,4.29794,0.111522,-0.143473,0.0642704,0.19274942938737846
37.7754,4.5,4.38033,0.0885163,-0.147583,0.0508763,0.17945549631142535
37.9233,4.5,4.46269,0.0685903,-0.152388,0.0392601,0.1716627136279163
38.0711,4.5,4.545,0.0516278,-0.157416,0.0294293,0.1682596519886155
38.2187,4.5,4.62722,0.0375906,-0.161961,0.0213127,0.16762651911511495
38.3661,4.5,4.70929,0.0255608,-0.16437,0.0144535,0.166972318241348
38.5128,4.5,4.791,0.0150706,-0.161033,0.00849752,0.16195974166289104
38.6577,4.5,4.87167,0.00519817,-0.132811,0.002942,0.13294524457967236
38.7893,4.5,4.945,-0.000738442,-0.0339765,-0.000397206,0.03398684482919531
30.0739,4.83333,0.0911345,0.442348,-0.415276,0.161111,0.627760036639001
30.222,4.83333,0.173632,0.559918,-0.453859,0.243343,0.7607312102536612
30.3701,4.83333,0.25613,0.638876,-0.469767,0.29861,0.8473555981788283
30.5183,4.83333,0.338628,0.689503,-0.475908,0.33829,0.9035169813418007
30.6664,4.83333,0.421126,0.731459,-0.476417,0.369506,0.9479135565050222
30.8145,4.83333,0.503624,0.767503,-0.472942,0.39494,0.9842319817873223
30.9626,4.83333,0.586121,0.798038,-0.466715,0.416033,1.0137904111590323
31.1108,4.83333,0.668619,0.824058,-0.458616,0.433817,1.0380738953990702
31.2589,4.83333,0.751117,0.846358,-0.449227,0.448977,1.0581621370196534
31.407,4.83333,0.833614,0.865443,-0.438947,0.461966,1.0747458491262014
31.5552,4.83333,0.916111,0.881677,-0.428061,0.473099,1.0883075005948457
31.7033,4.83333,0.998608,0.89535,-0.41678,0.482608,1.0992122964032016
31.8514,4.83333,1.08111,0.906685,-0.405258,0.490664,1.1077287107794038
31.9996,4.83333,1.1636,0.91586,-0.393609,0.4974,1.1140620918427302
32.1477,4.83333,1.2461,0.923017,-0.381918,0.502916,1.118367669449095
32.2958,4.83333,1.3286,0.928267,-0.370247,0.50729,1.1207611736663614
32.4439,4.83333,1.41109,0.931699,-0.358643,0.510584,1.1213312842804306
32.5921,4.83333,1.49359,0.93338,-0.347138,0.512845,1.1201397276540994
32.7402,4.83333,1.57608,0.933365,-0.335756,0.514107,1.117232438756591
32.8883,4.83333,1.65858,0.931694,-0.324515,0.514396,1.1126396270477696
33.0365,4.83333,1.74108,0.928402,-0.313433,0.513734,1.1063874284575905
33.1846,4.83333,1.82357,0.923496,-0.302506,0.512135,1.0984703001342366
33.3327,4.83333,1.90607,0.916954,-0.291713,0.50959,1.0888448376995687
33.4808,4.83333,1.98856,0.908738,-0.281053,0.506081,1.0774569689848408
33.629,4.83333,2.07106,0.898803,-0.270521,0.501582,1.0642428984841759
33.7771,4.83333,2.15355,0.887104,-0.260115,0.496068,1.0491409727319776
33.9252,4.83333,2.23604,0.873599,-0.249835,0.489512,1.0320924077668627
34.0733,4.83333,2.31854,0.858252,-0.239685,0.481888,1.0130456254646183
34.2215,4.83333,2.40103,0.841029,-0.229672,0.473171,0.9919525198647363
34.3696,4.83333,2.48352,0.821907,-0.219808,0.463343,0.96877933976835
34.5177,4.83333,2.56602,0.800876,-0.210109,0.452391,0.9435071680374241
34.6658,4.83333,2.64851,0.77794,-0.200596,0.44031,0.91613443059193
34.8139,4.83333,2.731,0.753123,-0.191294,0.427105,0.8866827666025769
34.9621,4.83333,2.81349,0.726471,-0.182237,0.412795,0.8552018183066498
35.1102,4.83333,2.89598,0.698052,-0.173459,0.39741,0.8217659809732939
35.2583,4.83333,2.97847,0.667961,-0.165003,0.380996,0.7864832099581021
35.4064,4.83333,3.06096,0.636318,-0.156912,0.363615,0.7494917218308685
35.5545,4.83333,3.14344,0.603268,-0.149235,0.345342,0.7109602394037237
35.7026,4.83333,3.22593,0.568984,-0.142022,0.326271,0.6710929936908894
35.8507,4.83333,3.30841,0.533663,-0.135325,0.30651,0.6301249346708953
35.9988,4.83333,3.3909,0.497522,-0.129196,0.28618,0.5883185695692428
36.1469,4.83333,3.47338,0.4608,-0.123686,0.265418,0.5459684801524718
36.295,4.83333,3.55586,0.423751,-0.118843,0.244372,0.5033947189174713
36.4431,4.83333,3.63833,0.386645,-0.114713,0.223197,0.460945039243292
36.5912,4.83333,3.72081,0.349753,-0.111335,0.20206,0.41898793160901426
36.7393,4.83333,3.80328,0.313358,-0.108743,0.181129,0.37792326053578656
36.8874,4.83333,3.88574,0.277732,-0.106964,0.160576,0.3381730516998656
37.0354,4.83333,3.9682,0.243166,-0.106022,0.140576,0.30021988577707504
37.1835,4.83333,4.05065,0.209921,-0.105932,0.121304,0.26458094277744193
37.3315,4.83333,4.1331,0.178329,-0.106716,0.102952,0.23192380473120908
37.4795,4.83333,4.21553,0.148674,-0.10839,0.085716,0.20297680417229944
37.6275,4.83333,4.29794,0.121412,-0.110977,0.0698425,0.1787029464761284
37.7754,4.83333,4.38033,0.0968465,-0.114437,0.0555566,0.15987997790470826
37.9233,4.83333,4.46269,0.0754596,-0.118661,0.0431041,0.14708007203550724
38.0711,4.83333,4.545,0.0571921,-0.123273,0.0325264,0.13973237108261635
38.2187,4.83333,4.62722,0.0420177,-0.127639,0.0237613,0.13646171921817488
38.3661,4.83333,4.70929,0.0290627,-0.130361,0.016377,0.1345616475125435
38.5128,4.83333,4.791,0.0177365,-0.128387,0.00995648,0.129988217524668
38.6577,4.83333,4.87167,0.00709925,-0.106825,0.0039841,0.10713474239653774
38.7893,4.83333,4.945,-0.00076222,-0.0275044,-0.000410532,0.0275180220076121
30.0739,5.16667,0.0911345,0.519119,-0.342453,0.182321,0.6480737152600775
30.222,5.16667,0.173632,0.645824,-0.373359,0.27444,0.7948602993337885
30.3701,5.16667,0.25613,0.729941,-0.384048,0.334901,0.8902052626141905
30.5183,5.16667,0.338628,0.779977,-0.386492,0.376845,0.9485527611145308
30.6664,5.16667,0.421126,0.819865,-0.384572,0.408903,0.9936175847970887
30.8145,5.16667,0.503624,0.853546,-0.379633,0.434404,1.0302275593387122
30.9626,5.16667,0.586121,0.88144,-0.372669,0.455071,1.0596736630689658
31.1108,5.16667,0.668619,0.904641,-0.364409,0.472129,1.083547438187641
31.2589,5.16667,0.751117,0.924077,-0.355317,0.486393,1.1030623839416336
31.407,5.16667,0.833614,0.940321,-0.345701,0.498391,1.118975582094176
31.5552,5.16667,0.916111,0.953776,-0.335774,0.508486,1.1318086629143638
31.7033,5.16667,0.998608,0.96475,-0.325689,0.516938,1.141946050855731
31.8514,5.16667,1.08111,0.973481,-0.315553,0.523941,1.1496752257272485
31.9996,5.16667,1.1636,0.980154,-0.305443,0.529638,1.1552115395065097
32.1477,5.16667,1.2461,0.984913,-0.295415,0.534137,1.1587173833869069
32.2958,5.16667,1.3286,0.987871,-0.285505,0.537522,1.1603155252559538
32.4439,5.16667,1.41109,0.989113,-0.275741,0.539858,1.1600966709778975
32.5921,5.16667,1.49359,0.988707,-0.266138,0.541192,1.1581276906097187
32.7402,5.16667,1.57608,0.986702,-0.256708,0.541563,1.1544567194299664
32.8883,5.16667,1.65858,0.983131,-0.247455,0.540994,1.1491105465628624
33.0365,5.16667,1.74108,0.978018,-0.238383,0.539504,1.1421078009667038
33.1846,5.16667,1.82357,0.971381,-0.229494,0.537103,1.1334585020220194
33.3327,5.16667,1.90607,0.963213,-0.220786,0.533799,1.1231505302344829
33.4808,5.16667,1.98856,0.953475,-0.21223,0.529576,1.1111286551524986
33.629,5.16667,2.07106,0.942108,-0.203815,0.524404,1.0973183645164242
33.7771,5.16667,2.15355,0.92905,-0.195532,0.51825,1.0816421441604427
33.9252,5.16667,2.23604,0.914244,-0.187374,0.511079,1.0640267156669516
34.0733,5.16667,2.31854,0.897639,-0.179341,0.50286,1.0444075584760961
34.2215,5.16667,2.40103,0.879192,-0.171433,0.493563,1.022727862787555
34.3696,5.16667,2.48352,0.85887,-0.163656,0.483163,0.99894316545287
34.5177,5.16667,2.56602,0.836652,-0.156019,0.471642,0.9730234702354306
34.6658,5.16667,2.64851,0.812535,-0.148535,0.458991,0.944959528514846
34.8139,5.16667,2.731,0.786535,-0.141222,0.445212,0.9147648246697071
34.9621,5.16667,2.81349,0.758691,-0.134099,0.430318,0.8824784169632706
35.1102,5.16667,2.89598,0.729066,-0.127192,0.414337,0.8481687254249594
35.2583,5.16667,2.97847,0.69775,-0.12053,0.397312,0.8119355693304734
35.4064,5.16667,3.06096,0.66486,-0.114144,0.379301,0.7739101504289758
35.5545,5.16667,3.14344,0.63054,-0.108067,0.360382,0.734257689107169
35.7026,5.16667,3.22593,0.594961,-0.102336,0.340645,0.69317405061211
35.8507,5.16667,3.30841,0.558321,-0.0969859,0.320198,0.6508881340474797
35.9988,5.16667,3.3909,0.520838,-0.0920551,0.299164,0.6076557105598613
36.1469,5.16667,3.47338,0.482754,-0.08758,0.27768,0.5637622400586971
36.295,5.16667,3.55586,0.444326,-0.0835961,0.255894,0.5195148135012225
36.4431,5.16667,3.63833,0.405827,-0.0801372,0.233968,0.475245778284079
36.5912,5.16667,3.72081,0.367537,-0.0772344,0.212068,0.4313020235709079
36.7393,5.16667,3.80328,0.329743,-0.0749169,0.190368,0.3880502072910283
36.8874,5.16667,3.88574,0.292725,-0.0732114,0.169042,0.34586562777899743
37.0354,5.16667,3.9682,0.256779,-0.0721463,0.148271,0.30516361658246544
37.1835,5.16667,4.05065,0.222174,-0.0717526,0.128233,0.26637083956724694
37.3315,5.16667,4.1331,0.189243,-0.0720755,0.109121,0.23003300500199966
37.4795,5.16667,4.21553,0.158269,-0.0731684,0.0911353,0.19674433670540556
37.6275,5.16667,4.29794,0.12971,-0.075105,0.074521,0.1673882450054364
37.7754,5.16667,4.38033,0.103879,-0.0779139,0.0595111,0.1428390474534887
37.9233,5.16667,4.46269,0.0812761,-0.0815638,0.0463618,0.12412845927058791
38.0711,5.16667,4.545,0.06188,-0.0857608,0.0351378,0.1114392848392343
38.2187,5.16667,4.62722,0.0456873,-0.089974,0.0257923,0.10415321788874313
38.3661,5.16667,4.70929,0.0318557,-0.0929451,0.0179117,0.09987194918188991
38.5128,5.16667,4.791,0.0197602,-0.0921517,0.0110635,0.09489363703210033
38.6577,5.16667,4.87167,0.00841001,-0.0760419,0.00470117,0.0766498520753889
38.7893,5.16667,4.945,-0.000763277,-0.0186804,-0.000410986,0.01870050388173872
30.0739,5.5,0.0911345,0.592221,-0.224635,0.200291,0.6643064659831335
30.222,5.5,0.173632,0.725189,-0.245587,0.300999,0.8226861237987426
30.3701,5.5,0.25613,0.812942,-0.251304,0.3658,0.9261954630530211
30.5183,5.5,0.338628,0.861348,-0.251263,0.409425,0.9862465730728802
30.6664,5.5,0.421126,0.898313,-0.24853,0.441923,1.0315179808408577
30.8145,5.5,0.503624,0.929046,-0.24399,0.467232,1.0681588515010303
30.9626,5.5,0.586121,0.95393,-0.238282,0.48732,1.0973793960267342
31.1108,5.5,0.668619,0.974085,-0.231884,0.503573,1.120802187279272
31.2589,5.5,0.751117,0.990531,-0.225093,0.516917,1.1397463338388065
31.407,5.5,0.833614,1.00389,-0.218092,0.527941,1.1550242214105295
31.5552,5.5,0.916111,1.01458,-0.211003,0.537046,1.1671817547087515
31.7033,5.5,0.998608,1.02291,-0.203911,0.544513,1.1766133482117225
31.8514,5.5,1.08111,1.02912,-0.196872,0.550548,1.183617192798415
31.9996,5.5,1.1636,1.0334,-0.189925,0.555302,1.1884222216152809
32.1477,5.5,1.2461,1.03588,-0.183095,0.558889,1.191187671085459
32.2958,5.5,1.3286,1.03668,-0.176398,0.561394,1.1920507120252897
32.4439,5.5,1.41109,1.03588,-0.169843,0.562882,1.1911045986700748
32.5921,5.5,1.49359,1.03354,-0.163436,0.563404,1.1884192546875028
32.7402,5.5,1.57608,1.02969,-0.157177,0.562994,1.1840305525893324
32.8883,5.5,1.65858,1.02438,-0.151066,0.561678,1.1779887505574915
33.0365,5.5,1.74108,1.01761,-0.145098,0.559473,1.1702963639322306
33.1846,5.5,1.82357,1.00939,-0.139271,0.556385,1.1609603144664333
33.3327,5.5,1.90607,0.999719,-0.133582,0.552417,1.1499768569732176
33.4808,5.5,1.98856,0.98858,-0.128031,0.547568,1.1373271596093184
33.629,5.5,2.07106,0.975908,-0.122595,0.541812,1.1229364193190101
33.7771,5.5,2.15355,0.961624,-0.117259,0.535108,1.1067117791552594
33.9252,5.5,2.23604,0.945654,-0.112013,0.527413,1.0885645926880039
34.0733,5.5,2.31854,0.927931,-0.106853,0.518689,1.0684155479451805
34.2215,5.5,2.40103,0.908403,-0.101779,0.508901,1.0462003646773403
34.3696,5.5,2.48352,0.887029,-0.0967905,0.498021,1.0218677821383009
34.5177,5.5,2.56602,0.863782,-0.0918934,0.486027,0.9953823311755942
34.6658,5.5,2.64851,0.838652,-0.0870936,0.472906,0.966727757489646
34.8139,5.5,2.731,0.81165,-0.0824004,0.458657,0.9359122779775676
34.9621,5.5,2.81349,0.78281,-0.0778249,0.443291,0.9029701666395242
35.1102,5.5,2.89598,0.752193,-0.0733808,0.426835,0.8679672622182475
35.2583,5.5,2.97847,0.719886,-0.0690838,0.409329,0.8309985888432303
35.4064,5.5,3.06096,0.686002,-0.0649512,0.390832,0.7921912992512856
35.5545,5.5,3.14344,0.650686,-0.0610019,0.371418,0.7517079440338581
35.7026,5.5,3.22593,0.614106,-0.0572559,0.351177,0.7097391793115342
35.8507,5.5,3.30841,0.57646,-0.053734,0.330218,0.666511366654763
35.9988,5.5,3.3909,0.537966,-0.0504575,0.308664,0.6222755349186163
36.1469,5.5,3.47338,0.498868,-0.0474475,0.286651,0.5773121707371585
36.295,5.5,3.55586,0.459423,-0.0447249,0.264329,0.5319206988358415
36.4431,5.5,3.63833,0.419906,-0.0423102,0.24186,0.4864231300627469
36.5912,5.5,3.72081,0.380598,-0.0402233,0.219411,0.441150698047606
36.7393,5.5,3.80328,0.341788,-0.0384845,0.197157,0.396447949084429
36.8874,5.5,3.88574,0.303756,-0.0371158,0.175273,0.3526555184236311
37.0354,5.5,3.9682,0.266799,-0.0361448,0.153939,0.3101376608685891
37.1835,5.5,4.05065,0.23118,-0.0356095,0.133333,0.26923951749186076
37.3315,5.5,4.1331,0.197229,-0.0355692,0.113645,0.2303901743882321
37.4795,5.5,4.21553,0.16522,-0.0361072,0.0950721,0.19401052159676807
37.6275,5.5,4.29794,0.13561,-0.0373391,0.077858,0.16076737434196653
37.7754,5.5,4.38033,0.108716,-0.0393657,0.0622415,0.1313119618113293
37.9233,5.5,4.46269,0.0850786,-0.0422377,0.0484991,0.10665155498191295
38.0711,5.5,4.545,0.0647138,-0.0457892,0.0367226,0.08736747734620705
38.2187,5.5,4.62722,0.047706,-0.0496208,0.0269091,0.07390660248888457
38.3661,5.5,4.70929,0.0332226,-0.0527337,0.0186593,0.0650596168367137
38.5128,5.5,4.791,0.020705,-0.0530298,0.0115682,0.05809199569889126
38.6577,5.5,4.87167,0.00885388,-0.0421316,0.00493411,0.04333368610107499
38.7893,5.5,4.945,-0.000983448,-0.00867486,-0.000532037,0.008746623883400553
30.0739,5.83333,0.0911345,0.655383,-0.061845,0.213237,0.6919694349340872
30.222,5.83333,0.173632,0.790348,-0.0681632,0.320306,0.8555069354331618
30.3701,5.83333,0.25613,0.879225,-0.0697908,0.388028,0.963573082424805
30.5183,5.83333,0.338628,0.925159,-0.0696517,0.432516,1.0236408671257171
30.6664,5.83333,0.421126,0.958798,-0.0687084,0.464933,1.0677907770361945
30.8145,5.83333,0.503624,0.986366,-0.0672254,0.489719,1.1032958983528218
30.9626,5.83333,0.586121,1.0082,-0.0653944,0.509045,1.1313136079692314
31.1108,5.83333,0.668619,1.0254,-0.0633639,0.524424,1.1534646399431627
31.2589,5.83333,0.751117,1.03903,-0.0612264,0.53686,1.1711322182217343
31.407,5.83333,0.833614,1.04973,-0.0590389,0.546984,1.1851625039922626
31.5552,5.83333,0.916111,1.05792,-0.0568386,0.555217,1.1961150738699684
31.7033,5.83333,0.998608,1.06389,-0.0546504,0.561851,1.2043774925334498
31.8514,5.83333,1.08111,1.06789,-0.0524903,0.567093,1.210263919293263
31.9996,5.83333,1.1636,1.0701,-0.0503682,0.571097,1.2140027796427157
32.1477,5.83333,1.2461,1.07063,-0.0482898,0.573974,1.2157411954688546
32.2958,5.83333,1.3286,1.06959,-0.046258,0.575808,1.2156140109130036
32.4439,5.83333,1.41109,1.06706,-0.0442734,0.576663,1.2137204756930484
32.5921,5.83333,1.49359,1.06309,-0.0423354,0.576583,1.2101242044030687
32.7402,5.83333,1.57608,1.05771,-0.0404423,0.575604,1.2048676228305288
32.8883,5.83333,1.65858,1.05095,-0.0385917,0.573747,1.1979861609458977
33.0365,5.83333,1.74108,1.04282,-0.0367809,0.571027,1.1894949439715201
33.1846,5.83333,1.82357,1.0333,-0.035007,0.56745,1.1793786001742614
33.3327,5.83333,1.90607,1.0224,-0.0332671,0.563015,1.1676447876676408
33.4808,5.83333,1.98856,1.0101,-0.0315609,0.557713,1.154271151323557
33.629,5.83333,2.07106,0.996347,-0.0298873,0.551532,1.1392050483272491
33.7771,5.83333,2.15355,0.981064,-0.028237,0.54444,1.1223630490465195
33.9252,5.83333,2.23604,0.96415,-0.0265982,0.536376,1.1036267032467273
34.0733,5.83333,2.31854,0.945527,-0.0249701,0.527297,1.0829067087390354
34.2215,5.83333,2.40103,0.925133,-0.0233525,0.517165,1.060130201517837
34.3696,5.83333,2.48352,0.902924,-0.0217457,0.505948,1.0352429685578597
34.5177,5.83333,2.56602,0.878871,-0.0201504,0.493623,1.0082082817504328
34.6658,5.83333,2.64851,0.852962,-0.0185678,0.480179,0.9790101167413133
34.8139,5.83333,2.731,0.825208,-0.0169998,0.465611,0.9476554436001727
34.9621,5.83333,2.81349,0.795642,-0.0154487,0.449932,0.9141792270226282
35.1102,5.83333,2.89598,0.764322,-0.0139177,0.433168,0.8786446029432433
35.2583,5.83333,2.97847,0.731335,-0.0124105,0.415359,0.8411468371314547
35.4064,5.83333,3.06096,0.696795,-0.0109313,0.396562,0.8018130612484995
35.5545,5.83333,3.14344,0.660844,-0.00948475,0.376853,0.760804138019479
35.7026,5.83333,3.22593,0.62365,-0.00807591,0.356322,0.7183104555178967
35.8507,5.83333,3.30841,0.58541,-0.00671002,0.335078,0.674557009119615
35.9988,5.83333,3.3909,0.546344,-0.00539236,0.313243,0.6297952214262742
36.1469,5.83333,3.47338,0.506694,-0.0041281,0.290955,0.5843035708179525
36.295,5.83333,3.55586,0.466719,-0.00292218,0.268365,0.5383817765507599
36.4431,5.83333,3.63833,0.426696,-0.00177929,0.245635,0.49235068347053623
36.5912,5.83333,3.72081,0.386909,-0.000704253,0.222936,0.44654174536014885
36.7393,5.83333,3.80328,0.347652,0.00029698,0.200445,0.40129814268959735
36.8874,5.83333,3.88574,0.309209,0.00121484,0.178341,0.3569554507193098
37.0354,5.83333,3.9682,0.271884,0.00203134,0.156808,0.3138690565541554
37.1835,5.83333,4.05065,0.235946,0.00271069,0.136027,0.2723622725071813
37.3315,5.83333,4.1331,0.20173,0.00318541,0.116191,0.2328207211952323
37.4795,5.83333,4.21553,0.169506,0.00333671,0.0974975,0.1955739762235101
37.6275,5.83333,4.29794,0.139715,0.00298346,0.0801814,0.1611156080723764
37.7754,5.83333,4.38033,0.112637,0.00189283,0.0644608,0.12979164576754892
37.9233,5.83333,4.46269,0.088734,-0.000149647,0.0505684,0.1021318179060013
38.0711,5.83333,4.545,0.0679084,-0.00322652,0.0385316,0.07814502812354987
38.2187,5.83333,4.62722,0.0500828,-0.00713145,0.0282574,0.05794501781605128
38.3661,5.83333,4.70929,0.0342692,-0.0111492,0.0192605,0.04086134590942887
38.5128,5.83333,4.791,0.019953,-0.0130802,0.0111631,0.026340627225827404
38.6577,5.83333,4.87167,0.00652954,-0.00710419,0.0036568,0.010318749653310715
38.7893,5.83333,4.945,-0.00106845,0.00019386,-0.000578246,0.0012302583219047942
30.0739,6.16667,0.0911345,0.640706,0.141349,0.210119,0.688936653400006
30.222,6.16667,0.173632,0.774457,0.156826,0.31542,0.8508042169177348
30.3701,6.16667,0.25613,0.86207,0.162353,0.382015,0.956796029326
30.5183,6.16667,0.338628,0.907675,0.163755,0.425861,1.0158972374069142
30.6664,6.16667,0.421126,0.941362,0.16309,0.457902,1.0594503314209684
30.8145,6.16667,0.503624,0.969063,0.160978,0.482466,1.0944269987573407
30.9626,6.16667,0.586121,0.991108,0.157866,0.501678,1.1220060415630568
31.1108,6.16667,0.668619,1.00859,0.15411,0.51702,1.1438152650668727
31.2589,6.16667,0.751117,1.02256,0.149943,0.529473,1.1612293117976311
31.407,6.16667,0.833614,1.03363,0.145519,0.539653,1.1750711113247574
31.5552,6.16667,0.916111,1.04221,0.140946,0.54797,1.185891470546947
31.7033,6.16667,0.998608,1.0486,0.136304,0.554709,1.1940866028462926
31.8514,6.16667,1.08111,1.05303,0.131649,0.560075,1.199953184805974
31.9996,6.16667,1.1636,1.05567,0.127022,0.564214,1.2037072630752048
32.1477,6.16667,1.2461,1.05664,0.122452,0.567236,1.2055037376964037
32.2958,6.16667,1.3286,1.05605,0.117961,0.569224,1.2054759898882266
32.4439,6.16667,1.41109,1.05396,0.113564,0.570237,1.2037020810254504
32.5921,6.16667,1.49359,1.05042,0.109271,0.570321,1.2002451294973038
32.7402,6.16667,1.57608,1.04548,0.105088,0.569507,1.1951611360787298
32.8883,6.16667,1.65858,1.03914,0.10102,0.567819,1.1884592533027794
33.0365,6.16667,1.74108,1.03143,0.0970676,0.565269,1.1801690583262892
33.1846,6.16667,1.82357,1.02233,0.0932319,0.561863,1.1702738341288375
33.3327,6.16667,1.90607,1.01184,0.0895138,0.557598,1.1587702255384544
33.4808,6.16667,1.98856,0.999932,0.0859167,0.552468,1.1456293357743987
33.629,6.16667,2.07106,0.98657,0.0824404,0.54646,1.1308117951507932
33.7771,6.16667,2.15355,0.971661,0.0790671,0.539533,1.1142138768263523
33.9252,6.16667,2.23604,0.955115,0.0757862,0.531634,1.0957294014908243
34.0733,6.16667,2.31854,0.936853,0.0726009,0.522719,1.075267216672586
34.2215,6.16667,2.40103,0.916815,0.0695161,0.51275,1.0527558097128746
34.3696,6.16667,2.48352,0.894957,0.0665374,0.501697,1.0281415939727174
34.5177,6.16667,2.56602,0.871249,0.0636713,0.489535,1.0013857252176557
34.6658,6.16667,2.64851,0.845679,0.0609253,0.476251,0.9724710166488717
34.8139,6.16667,2.731,0.818255,0.0583076,0.461843,0.9414031962404631
34.9621,6.16667,2.81349,0.78901,0.0558272,0.446322,0.9082162650183271
35.1102,6.16667,2.89598,0.758002,0.0534934,0.429711,0.8729720037713465
35.2583,6.16667,2.97847,0.725316,0.0513158,0.412051,0.8357647024053121
35.4064,6.16667,3.06096,0.691065,0.0493038,0.3934,0.7967215692570649
35.5545,6.16667,3.14344,0.65539,0.0474668,0.373831,0.7560018292062791
35.7026,6.16667,3.22593,0.61846,0.0458133,0.353435,0.7137982412992414
35.8507,6.16667,3.30841,0.580472,0.0443516,0.33232,0.6703367732763584
35.9988,6.16667,3.3909,0.541644,0.0430887,0.310609,0.6258696427249767
36.1469,6.16667,3.47338,0.50222,0.0420307,0.28844,0.5806798961067018
36.295,6.16667,3.55586,0.462463,0.041182,0.265965,0.5350751019417742
36.4431,6.16667,3.63833,0.422651,0.0405452,0.243348,0.48938331617254793
36.5912,6.16667,3.72081,0.38307,0.0401197,0.22076,0.443945033566195
36.7393,6.16667,3.80328,0.344021,0.0399002,0.198382,0.3991214004849151
36.8874,6.16667,3.88574,0.305795,0.0398738,0.176398,0.35526997671551136
37.0354,6.16667,3.9682,0.268705,0.0400155,0.154995,0.31277318825348505
37.1835,6.16667,4.05065,0.233033,0.0402794,0.134363,0.2719930604305191
37.3315,6.16667,4.1331,0.199126,0.0405898,0.114704,0.23335745832529114
37.4795,6.16667,4.21553,0.167273,0.0408292,0.0962208,0.19724533569714647
37.6275,6.16667,4.29794,0.137921,0.0408424,0.0791556,0.1641825596405416
37.7754,6.16667,4.38033,0.111346,0.0404588,0.0637221,0.13451896610459804
37.9233,6.16667,4.46269,0.0879776,0.0395726,0.0501353,0.1087179703572965
38.0711,6.16667,4.545,0.067659,0.0382068,0.0383874,0.08666655829095787
38.2187,6.16667,4.62722,0.050238,0.0365373,0.0283436,0.06828023576592278
38.3661,6.16667,4.70929,0.034668,0.0345881,0.0194844,0.05270530076728525
38.5128,6.16667,4.791,0.0204002,0.0311811,0.011415,0.038970904303723825
38.6577,6.16667,4.87167,0.00688427,0.0210372,0.00385604,0.022468333310561778
38.7893,6.16667,4.945,-0.00105931,0.00361033,-0.000573322,0.0038059582894041286
30.0739,6.5,0.0911345,0.568103,0.289589,0.194635,0.6666975256853741
30.222,6.5,0.173632,0.698616,0.316739,0.292466,0.8209289072343597
30.3701,6.5,0.25613,0.784194,0.325207,0.355553,0.9204008682601293
30.5183,6.5,0.338628,0.832398,0.32636,0.398343,0.9788127633275937
30.6664,6.5,0.421126,0.869795,0.323881,0.430427,1.0230882887195023
30.8145,6.5,0.503624,0.90104,0.318919,0.455541,1.058820104097953
30.9626,6.5,0.586121,0.926522,0.312311,0.475581,1.0872711091379186
31.1108,6.5,0.668619,0.947358,0.304684,0.491887,1.1100776282715548
31.2589,6.5,0.751117,0.964528,0.296433,0.505348,1.1285226570064955
31.407,6.5,0.833614,0.978628,0.287812,0.516531,1.1433952875926154
31.5552,6.5,0.916111,0.990063,0.278999,0.525823,1.1552294202014595
31.7033,6.5,0.998608,0.999139,0.270116,0.533498,1.1644146644477646
31.8514,6.5,1.08111,1.00609,0.261253,0.539754,1.1712406237084674
31.9996,6.5,1.1636,1.0111,0.252471,0.544739,1.1759274611820238
32.1477,6.5,1.2461,1.01431,0.243815,0.548563,1.178639849697099
32.2958,6.5,1.3286,1.01581,0.235316,0.55131,1.1794856048532343
32.4439,6.5,1.41109,1.0157,0.226993,0.553044,1.1785711594914412
32.5921,6.5,1.49359,1.01402,0.218862,0.553812,1.17594424476163
32.7402,6.5,1.57608,1.01083,0.21093,0.553649,1.1716637610684217
32.8883,6.5,1.65858,1.00616,0.2032,0.552579,1.1657580095547273
33.0365,6.5,1.74108,1.00001,0.195673,0.550618,1.1582262753680734
33.1846,6.5,1.82357,0.992398,0.188351,0.547773,1.1490801317288537
33.3327,6.5,1.90607,0.983324,0.181235,0.544049,1.138315214956736
33.4808,6.5,1.98856,0.972756,0.174317,0.539441,1.1258939756948698
33.629,6.5,2.07106,0.960629,0.167572,0.533916,1.1117350160361954
33.7771,6.5,2.15355,0.946872,0.160995,0.527438,1.0957539953169233
33.9252,6.5,2.23604,0.931415,0.15458,0.519966,1.0778652604945573
34.0733,6.5,2.31854,0.914198,0.148325,0.511464,1.0579951380441217
34.2215,6.5,2.40103,0.895168,0.142232,0.501899,1.0360783253446622
34.3696,6.5,2.48352,0.874287,0.136308,0.491242,1.0120653792107503
34.5177,6.5,2.56602,0.851527,0.130562,0.479471,0.9859194223738571
34.6658,6.5,2.64851,0.826879,0.125004,0.466574,0.9576252806463497
34.8139,6.5,2.731,0.800354,0.119651,0.45255,0.927191668220223
34.9621,6.5,2.81349,0.771983,0.114517,0.437409,0.8946499476661248
35.1102,6.5,2.89598,0.741827,0.109624,0.421176,0.860066242960971
35.2583,6.5,2.97847,0.709971,0.104991,0.403891,0.8235349845653188
35.4064,6.5,3.06096,0.676527,0.100641,0.385613,0.7851845505223596
35.5545,6.5,3.14344,0.641638,0.0965967,0.366413,0.7451769803636517
35.7026,6.5,3.22593,0.605472,0.0928819,0.346383,0.7037077325286472
35.8507,6.5,3.30841,0.568225,0.0895195,0.325629,0.6610050205151622
35.9988,6.5,3.3909,0.530116,0.0865315,0.304274,0.6173275799964311
36.1469,6.5,3.47338,0.491387,0.0839383,0.282455,0.5729639159675678
36.295,6.5,3.55586,0.4523,0.0817576,0.260323,0.5282306877556056
36.4431,6.5,3.63833,0.413132,0.0800033,0.23804,0.4834683226798732
36.5912,6.5,3.72081,0.374167,0.0786835,0.215777,0.43903502228210683
36.7393,6.5,3.80328,0.335704,0.0777983,0.193713,0.39531566812850966
36.8874,6.5,3.88574,0.29803,0.077335,0.172028,0.35269847732730575
37.0354,6.5,3.9682,0.261459,0.077264,0.150909,0.31161524458537004
37.1835,6.5,4.05065,0.226269,0.0775271,0.130546,0.2724892102660397
37.3315,6.5,4.1331,0.192815,0.0780321,0.11114,0.23583624075915474
37.4795,6.5,4.21553,0.161394,0.0786354,0.092902,0.2021443320332282
37.6275,6.5,4.29794,0.132479,0.0791599,0.0760847,0.1720635254291275
37.7754,6.5,4.38033,0.10638,0.0793959,0.0609221,0.14605449532698403
37.9233,6.5,4.46269,0.0835869,0.0792107,0.0476613,0.12463027065600876
38.0711,6.5,4.545,0.0640248,0.0785194,0.03634,0.10763394813626415
38.2187,6.5,4.62722,0.0476517,0.0773835,0.0268864,0.0947721957648972
38.3661,6.5,4.70929,0.0335674,0.0754871,0.0188583,0.08473905881032666
38.5128,6.5,4.791,0.0211555,0.071521,0.0118252,0.07551585248336935
38.6577,6.5,4.87167,0.00924374,0.057244,0.00515293,0.05821404429149808
38.7893,6.5,4.945,-0.000926416,0.0135067,-0.000501074,0.013547703371735447
30.0739,6.83333,0.0911345,0.487557,0.39124,0.173792,0.6488329716598872
30.222,6.83333,0.173632,0.610309,0.427841,0.261856,0.7899959249882242
30.3701,6.83333,0.25613,0.691659,0.441468,0.320002,0.8807312003721681
30.5183,6.83333,0.338628,0.741482,0.445578,0.360832,0.9373020018286529
30.6664,6.83333,0.421126,0.781877,0.444461,0.392355,0.981233748744406
30.8145,6.83333,0.503624,0.816206,0.439706,0.417635,1.016834595249886
30.9626,6.83333,0.586121,0.844891,0.432491,0.43829,1.0454603727841625
31.1108,6.83333,0.668619,0.868997,0.423667,0.455474,1.0686936312966406
31.2589,6.83333,0.751117,0.889395,0.413781,0.46995,1.0876999514967352
31.407,6.83333,0.833614,0.906628,0.403203,0.482216,1.1032131526812938
31.5552,6.83333,0.916111,0.921078,0.392193,0.492616,1.1157376729271984
31.7033,6.83333,0.998608,0.933046,0.380939,0.501399,1.1256510636240702
31.8514,6.83333,1.08111,0.942761,0.369579,0.508749,1.133230993823854
31.9996,6.83333,1.1636,0.950404,0.35821,0.514803,1.1386853367480412
32.1477,6.83333,1.2461,0.956114,0.346908,0.519666,1.1421698179412727
32.2958,6.83333,1.3286,0.960002,0.335723,0.523418,1.1438007586363108
32.4439,6.83333,1.41109,0.962153,0.324694,0.526121,1.1436642408005944
32.5921,6.83333,1.49359,0.962633,0.313847,0.527823,1.141822819629648
32.7402,6.83333,1.57608,0.961489,0.303199,0.528558,1.1383164279259086
32.8883,6.83333,1.65858,0.958757,0.292763,0.528352,1.1331729766994976
33.0365,6.83333,1.74108,0.954463,0.282548,0.527219,1.1264070599183937
33.1846,6.83333,1.82357,0.948624,0.272561,0.525175,1.1180276260996416
33.3327,6.83333,1.90607,0.941226,0.262789,0.522221,1.1080068656998476
33.4808,6.83333,1.98856,0.932227,0.253213,0.518338,1.0962838524497203
33.629,6.83333,2.07106,0.921572,0.243827,0.513497,1.0827860943519731
33.7771,6.83333,2.15355,0.909206,0.234626,0.507667,1.0674411895748637
33.9252,6.83333,2.23604,0.895078,0.225609,0.500818,1.0501822299434513
34.0733,6.83333,2.31854,0.87914,0.216779,0.492917,1.0309449273991314
34.2215,6.83333,2.40103,0.861354,0.208141,0.483939,1.00967833735205
34.3696,6.83333,2.48352,0.841686,0.199705,0.473858,0.986336055198734
34.5177,6.83333,2.56602,0.82012,0.191484,0.462657,0.9608925206832447
34.6658,6.83333,2.64851,0.796652,0.183497,0.450328,0.9333385589897163
34.8139,6.83333,2.731,0.771297,0.175766,0.436873,0.903687317103654
34.9621,6.83333,2.81349,0.744096,0.168318,0.422304,0.8719807765977413
35.1102,6.83333,2.89598,0.715109,0.161182,0.406648,0.8382858193414702
35.2583,6.83333,2.97847,0.684425,0.154391,0.389949,0.802704418890914
35.4064,6.83333,3.06096,0.652159,0.147982,0.372264,0.7653695312076383
35.5545,6.83333,3.14344,0.618454,0.141993,0.353667,0.7264486967804402
35.7026,6.83333,3.22593,0.583478,0.13646,0.334248,0.6861411178380145
35.8507,6.83333,3.30841,0.547428,0.131424,0.314116,0.6446848411557387
35.9988,6.83333,3.3909,0.510521,0.126921,0.293391,0.6023445115239285
36.1469,6.83333,3.47338,0.472998,0.122985,0.27221,0.5594199695479237
36.295,6.83333,3.55586,0.435117,0.119649,0.250723,0.516240941440138
36.4431,6.83333,3.63833,0.397153,0.116937,0.22909,0.4731669847717611
36.5912,6.83333,3.72081,0.359386,0.114866,0.207479,0.4305810381252291
36.7393,6.83333,3.80328,0.322109,0.113441,0.186066,0.3889005331932575
36.8874,6.83333,3.88574,0.285606,0.112651,0.165029,0.34856219800488986
37.0354,6.83333,3.9682,0.250182,0.112463,0.144552,0.3100552212058362
37.1835,6.83333,4.05065,0.216117,0.112806,0.12482,0.2738827919475775
37.3315,6.83333,4.1331,0.18376,0.113575,0.106034,0.24064543914439765
37.4795,6.83333,4.21553,0.153415,0.114602,0.0884059,0.21091558449723433
37.6275,6.83333,4.29794,0.125553,0.115689,0.0721887,0.18536102324299467
37.7754,6.83333,4.38033,0.100495,0.116592,0.0576175,0.1643554556297113
37.9233,6.83333,4.46269,0.0787074,0.117146,0.044932,0.14811119051158828
38.0711,6.83333,4.545,0.0601155,0.117189,0.0341627,0.13606698766614922
38.2187,6.83333,4.62722,0.0446172,0.116654,0.0252112,0.12741450018455514
38.3661,6.83333,4.70929,0.031333,0.114967,0.0176359,0.12045826226046098
38.5128,6.83333,4.791,0.0195761,0.110283,0.0109759,0.11254347675907299
38.6577,6.83333,4.87167,0.00846101,0.0912429,0.00473738,0.09175673413921455
38.7893,6.83333,4.945,-0.000720475,0.0239782,-0.000387614,0.023992152968806718
30.0739,7.16667,0.0911345,0.404063,0.444897,0.149946,0.6194223530790602
30.222,7.16667,0.173632,0.516476,0.488724,0.227194,0.7464688341705902
30.3701,7.16667,0.25613,0.592434,0.507765,0.279756,0.8288949023350306
30.5183,7.16667,0.338628,0.64298,0.516057,0.318167,0.8837241354280191
30.6664,7.16667,0.421126,0.685567,0.517993,0.348796,0.9273497232188082
30.8145,7.16667,0.503624,0.722409,0.515413,0.374016,0.9630229966651886
30.9626,7.16667,0.586121,0.75392,0.509695,0.395141,0.9921294115718977
31.1108,7.16667,0.668619,0.781039,0.501813,0.413116,1.0161215655353448
31.2589,7.16667,0.751117,0.804499,0.49241,0.428566,1.0360285061025105
31.407,7.16667,0.833614,0.82477,0.481935,0.44191,1.0525166721838661
31.5552,7.16667,0.916111,0.842199,0.470715,0.45344,1.0660579723570385
31.7033,7.16667,0.998608,0.857062,0.45899,0.463374,1.0770062933056612
31.8514,7.16667,1.08111,0.869575,0.446941,0.471874,1.0856251701125945
31.9996,7.16667,1.1636,0.87991,0.434702,0.479065,1.0921129571289776
32.1477,7.16667,1.2461,0.888205,0.422376,0.485042,1.096619965696868
32.2958,7.16667,1.3286,0.894568,0.410039,0.48988,1.0992571594240357
32.4439,7.16667,1.41109,0.899085,0.39775,0.493638,1.1001078923310204
32.5921,7.16667,1.49359,0.901825,0.385552,0.49636,1.0992324253446129
32.7402,7.16667,1.57608,0.90284,0.373476,0.49808,1.0966713612454735
32.8883,7.16667,1.65858,0.902175,0.361552,0.498823,1.0924577633290908
33.0365,7.16667,1.74108,0.899862,0.349799,0.498613,1.0866121125838788
33.1846,7.16667,1.82357,0.895901,0.338202,0.497455,1.0791110562078399
33.3327,7.16667,1.90607,0.890269,0.326762,0.49534,1.069913086472448
33.4808,7.16667,1.98856,0.882932,0.315482,0.49225,1.0589654722643227
33.629,7.16667,2.07106,0.87385,0.304362,0.488164,1.046209415193727
33.7771,7.16667,2.15355,0.862986,0.293406,0.483056,1.0315885886185443
33.9252,7.16667,2.23604,0.850303,0.282619,0.476902,1.0150488700422262
34.0733,7.16667,2.31854,0.835766,0.272009,0.469678,0.9965395759933471
34.2215,7.16667,2.40103,0.819346,0.261589,0.461361,0.9760177482802247
34.3696,7.16667,2.48352,0.801023,0.251375,0.451935,0.9534529256229697
34.5177,7.16667,2.56602,0.780788,0.241389,0.441385,0.9288268237351891
34.6658,7.16667,2.64851,0.758648,0.231657,0.42971,0.9021432467479873
34.8139,7.16667,2.731,0.734626,0.22221,0.416913,0.8734237766084686
34.9621,7.16667,2.81349,0.708767,0.213085,0.403014,0.8427195035775547
35.1102,7.16667,2.89598,0.68114,0.204323,0.388042,0.8101087468315596
35.2583,7.16667,2.97847,0.651836,0.19597,0.372042,0.775699466004715
35.4064,7.16667,3.06096,0.620973,0.188075,0.355074,0.7396331643659578
35.5545,7.16667,3.14344,0.588696,0.180689,0.337214,0.7020860181865182
35.7026,7.16667,3.22593,0.555173,0.173864,0.318552,0.6632655027430568
35.8507,7.16667,3.30841,0.520599,0.167652,0.299194,0.6234160420946834
35.9988,7.16667,3.3909,0.485188,0.162105,0.279262,0.5828144567639001
36.1469,7.16667,3.47338,0.44918,0.157271,0.25889,0.5417756656966055
36.295,7.16667,3.55586,0.412825,0.153191,0.238226,0.5006431765059821
36.4431,7.16667,3.63833,0.376394,0.149901,0.217425,0.4598003737079821
36.5912,7.16667,3.72081,0.340159,0.147423,0.196654,0.4196599598794243
36.7393,7.16667,3.80328,0.304406,0.145764,0.176082,0.3806770642631363
36.8874,7.16667,3.88574,0.269408,0.144911,0.155884,0.34333611788013213
37.0354,7.16667,3.9682,0.235465,0.144819,0.136237,0.3081831097821553
37.1835,7.16667,4.05065,0.202849,0.145403,0.117322,0.27577926117458507
37.3315,7.16667,4.1331,0.171908,0.146534,0.0993403,0.246765209914384
37.4795,7.16667,4.21553,0.142948,0.148015,0.0825001,0.22169537078840867
37.6275,7.16667,4.29794,0.116447,0.149617,0.067059,0.20110211331311265
37.7754,7.16667,4.38033,0.0927205,0.151071,0.0532475,0.18508061599611128
37.9233,7.16667,4.46269,0.0722235,0.15218,0.0412991,0.1734376026502327
38.0711,7.16667,4.545,0.0548432,0.152757,0.0312217,0.1652793761669314
38.2187,7.16667,4.62722,0.040461,0.152634,0.0229044,0.15955827153851973
38.3661,7.16667,4.70929,0.0281467,0.151089,0.0158785,0.15450647042806978
38.5128,7.16667,4.791,0.0172618,0.145641,0.00970409,0.1469810871607912
38.6577,7.16667,4.87167,0.00691914,0.121477,0.00389193,0.12173612096031523
38.7893,7.16667,4.945,-0.000782837,0.0326837,-0.000421949,0.032695796678123175
30.0739,7.5,0.0911345,0.324097,0.458968,0.125518,0.575712826639289
30.222,7.5,0.173632,0.424952,0.508619,0.191879,0.6899964058645524
30.3701,7.5,0.25613,0.495006,0.533483,0.238719,0.7659124050999566
30.5183,7.5,0.338628,0.545351,0.547064,0.274439,0.8197581948465048
30.6664,7.5,0.421126,0.589077,0.553536,0.303851,0.8635619522802056
30.8145,7.5,0.503624,0.627515,0.554834,0.328701,0.8998111969641187
30.9626,7.5,0.586121,0.661052,0.552408,0.350007,0.9298651758276573
31.1108,7.5,0.668619,0.690478,0.54728,0.368511,0.955026504346869
31.2589,7.5,0.751117,0.716383,0.540143,0.384704,0.9761947709110105
31.407,7.5,0.833614,0.739159,0.531501,0.398923,0.993976307670862
31.5552,7.5,0.916111,0.759107,0.521729,0.41141,1.0088125569153072
31.7033,7.5,0.998608,0.776471,0.511111,0.422347,1.021038028954358
31.8514,7.5,1.08111,0.791443,0.499866,0.431872,1.0309032275577565
31.9996,7.5,1.1636,0.80418,0.488166,0.440093,1.0386016390344277
32.1477,7.5,1.2461,0.81481,0.476141,0.447096,1.0442798576995538
32.2958,7.5,1.3286,0.823433,0.463896,0.452945,1.048046075957541
32.4439,7.5,1.41109,0.830133,0.451512,0.457694,1.0499846101105483
32.5921,7.5,1.49359,0.834978,0.439054,0.461383,1.0501575825032166
32.7402,7.5,1.57608,0.838029,0.42658,0.464046,1.0486189924643745
32.8883,7.5,1.65858,0.839325,0.414116,0.465712,1.0453928371789238
33.0365,7.5,1.74108,0.838879,0.401673,0.466389,1.040470025945486
33.1846,7.5,1.82357,0.836684,0.389278,0.466077,1.0338303763524266
33.3327,7.5,1.90607,0.832722,0.376944,0.464766,1.0254365622387374
33.4808,7.5,1.98856,0.826972,0.364685,0.462443,1.0152494108631631
33.629,7.5,2.07106,0.819411,0.352515,0.459093,1.0032285855152852
33.7771,7.5,2.15355,0.810013,0.340447,0.454695,0.9893294511956066
33.9252,7.5,2.23604,0.798751,0.328496,0.449231,0.9735097705611382
34.0733,7.5,2.31854,0.785603,0.316681,0.442683,0.955733837351697
34.2215,7.5,2.40103,0.770553,0.305023,0.435035,0.9359735079386595
34.3696,7.5,2.48352,0.753592,0.29355,0.426274,0.9142111506867546
34.5177,7.5,2.56602,0.734721,0.282292,0.416396,0.8904433445879641
34.6658,7.5,2.64851,0.713959,0.271286,0.405401,0.8646869481367231
34.8139,7.5,2.731,0.691339,0.260575,0.393302,0.8369799321070966
34.9621,7.5,2.81349,0.666914,0.250208,0.38012,0.8073843824721902
35.1102,7.5,2.89598,0.640759,0.240237,0.365892,0.77599153855825
35.2583,7.5,2.97847,0.612973,0.230721,0.350664,0.7429221489940921
35.4064,7.5,3.06096,0.583676,0.221723,0.3345,0.7083283219701157
35.5545,7.5,3.14344,0.553015,0.213306,0.317476,0.6723957543270184
35.7026,7.5,3.22593,0.52116,0.205536,0.299685,0.6353454903601661
35.8507,7.5,3.30841,0.488301,0.198481,0.281231,0.5974307067125023
35.9988,7.5,3.3909,0.454653,0.192205,0.262236,0.5589452854528787
36.1469,7.5,3.47338,0.420448,0.186766,0.242831,0.5202162569749238
36.295,7.5,3.55586,0.385931,0.182217,0.223159,0.48160742428974246
36.4431,7.5,3.63833,0.351362,0.178602,0.203374,0.4435255497984305
36.5912,7.5,3.72081,0.317004,0.175946,0.183634,0.4064110934607961
36.7393,7.5,3.80328,0.283131,0.174258,0.164103,0.3707543773632349
36.8874,7.5,3.88574,0.250005,0.173518,0.144947,0.33707659242077315
37.0354,7.5,3.9682,0.217909,0.173672,0.126337,0.3059531556202681
37.1835,7.5,4.05065,0.187107,0.174613,0.108447,0.2779558976294621
37.3315,7.5,4.1331,0.157941,0.176188,0.0914711,0.2536819523738533
37.4795,7.5,4.21553,0.130712,0.178167,0.0756144,0.2335522303904632
37.6275,7.5,4.29794,0.105893,0.180298,0.0611316,0.21784804055019638
37.7754,7.5,4.38033,0.0837805,0.182278,0.0482403,0.20632878618442943
37.9233,7.5,4.46269,0.0648055,0.18391,0.03716,0.1985031650383691
38.0711,7.5,4.545,0.0487942,0.184951,0.0278638,0.1932980540643904
38.2187,7.5,4.62722,0.0356211,0.18519,0.0202329,0.18966699530392736
38.3661,7.5,4.70929,0.0243025,0.183617,0.0137704,0.18572947561281167
38.5128,7.5,4.791,0.0143317,0.177129,0.00810232,0.17789246149084675
38.6577,7.5,4.87167,0.00483054,0.146418,0.00274789,0.14652343068650728
38.7893,7.5,4.945,-0.00078016,0.0386424,-0.000419953,0.03865255603330534
30.0739,7.83333,0.0911345,0.252614,0.441229,0.102295,0.5186146261551057
30.222,7.83333,0.173632,0.3414,0.495561,0.158302,0.6222492972474939
30.3701,7.83333,0.25613,0.405166,0.526296,0.199515,0.6935078964200768
30.5183,7.83333,0.338628,0.454189,0.545659,0.232315,0.7469950811263752
30.6664,7.83333,0.421126,0.497798,0.557454,0.260159,0.7913535974524915
30.8145,7.83333,0.503624,0.5367,0.563603,0.284258,0.8285516532920564
30.9626,7.83333,0.586121,0.571234,0.56555,0.305364,0.8598850258912526
31.1108,7.83333,0.668619,0.602028,0.56431,0.32403,0.8864981273437638
31.2589,7.83333,0.751117,0.629533,0.560598,0.340628,0.9091805926640757
31.407,7.83333,0.833614,0.65406,0.554944,0.355414,0.9284807150027403
31.5552,7.83333,0.916111,0.675855,0.547757,0.36858,0.9448115835837323
31.7033,7.83333,0.998608,0.695119,0.539355,0.38027,0.9584881392516029
31.8514,7.83333,1.08111,0.712016,0.52999,0.390598,0.9697540832396633
31.9996,7.83333,1.1636,0.726679,0.51986,0.399651,0.9787940081763884
32.1477,7.83333,1.2461,0.739216,0.509124,0.4075,0.9857503700389871
32.2958,7.83333,1.3286,0.749717,0.497914,0.4142,0.9907348643734104
32.4439,7.83333,1.41109,0.758263,0.486338,0.419797,0.9938394984211484
32.5921,7.83333,1.49359,0.764921,0.474483,0.424332,0.9951361212186
32.7402,7.83333,1.57608,0.769733,0.462385,0.427827,0.99464803897811
32.8883,7.83333,1.65858,0.77272,0.45011,0.430301,0.992398186768295
33.0365,7.83333,1.74108,0.773888,0.437701,0.431755,0.9883810914672538
33.1846,7.83333,1.82357,0.773235,0.425193,0.43219,0.9825831509719674
33.3327,7.83333,1.90607,0.770752,0.412619,0.431598,0.974982009202734
33.4808,7.83333,1.98856,0.766429,0.400005,0.42997,0.9655524910464476
33.629,7.83333,2.07106,0.760249,0.38738,0.427293,0.9542646982100931
33.7771,7.83333,2.15355,0.752196,0.374769,0.423552,0.9410881587189375
33.9252,7.83333,2.23604,0.742256,0.362201,0.418734,0.9259976763971928
34.0733,7.83333,2.31854,0.730418,0.349706,0.412827,0.9089724270235044
34.2215,7.83333,2.40103,0.716675,0.337319,0.405819,0.8899978787317416
34.3696,7.83333,2.48352,0.701031,0.325078,0.397706,0.8690743532523555
34.5177,7.83333,2.56602,0.683501,0.313026,0.388489,0.846216637036876
34.6658,7.83333,2.64851,0.664111,0.301214,0.378176,0.821456256347835
34.8139,7.83333,2.731,0.642906,0.289695,0.366784,0.7948470422144124
34.9621,7.83333,2.81349,0.61995,0.278531,0.354341,0.7664692196963946
35.1102,7.83333,2.89598,0.595323,0.267787,0.340887,0.7364260305468568
35.2583,7.83333,2.97847,0.56913,0.257535,0.326474,0.7048535349992933
35.4064,7.83333,3.06096,0.541496,0.24785,0.311167,0.6719169907101621
35.5545,7.83333,3.14344,0.51257,0.23881,0.295045,0.6378164101252021
35.7026,7.83333,3.22593,0.482519,0.230493,0.2782,0.6027825880116312
35.8507,7.83333,3.30841,0.451535,0.222978,0.260738,0.5670867211926233
35.9988,7.83333,3.3909,0.419826,0.216341,0.242777,0.5310348108043389
36.1469,7.83333,3.47338,0.387616,0.21065,0.224445,0.49496984148632733
36.295,7.83333,3.55586,0.355143,0.205966,0.205882,0.4592776301203881
36.4431,7.83333,3.63833,0.322656,0.202337,0.187235,0.42438673533700366
36.5912,7.83333,3.72081,0.290405,0.19979,0.168654,0.3907624340196995
36.7393,7.83333,3.80328,0.258647,0.198331,0.150297,0.3589187155596654
36.8874,7.83333,3.88574,0.22763,0.197927,0.13232,0.3293920105725092
37.0354,7.83333,3.9682,0.197623,0.198509,0.114885,0.3027527645373366
37.1835,7.83333,4.05065,0.168879,0.199946,0.0981581,0.2795237595493628
37.3315,7.83333,4.1331,0.141729,0.202058,0.0823278,0.2601776536481179
37.4795,7.83333,4.21553,0.116474,0.204575,0.0675938,0.24492048730034816
37.6275,7.83333,4.29794,0.0935745,0.207233,0.0542062,0.23375203840328324
37.7754,7.83333,4.38033,0.0733054,0.209696,0.0423661,0.22614371650428405
37.9233,7.83333,4.46269,0.0560551,0.211785,0.0322721,0.2214419763717349
38.0711,7.83333,4.545,0.0415949,0.213199,0.0238603,0.21852520043029364
38.2187,7.83333,4.62722,0.029772,0.21369,0.0169988,0.21642261269433008
38.3661,7.83333,4.70929,0.0195876,0.21189,0.0111761,0.21308672268578818
38.5128,7.83333,4.791,0.0106599,0.203905,0.00608899,0.20427422326918807
38.6577,7.83333,4.87167,0.00222825,0.165049,0.00131438,0.1650692736212494
38.7893,7.83333,4.945,-0.000635886,0.0416314,-0.000341076,0.04163765302947288
30.0739,8.16667,0.0911345,0.192782,0.401829,0.0816982,0.4531070962236632
30.222,8.16667,0.173632,0.269509,0.459584,0.128303,0.548009319214555
30.3701,8.16667,0.25613,0.32664,0.495733,0.164129,0.6159409269808266
30.5183,8.16667,0.338628,0.373117,0.520777,0.193828,0.6693237430436785
30.6664,8.16667,0.421126,0.415288,0.538067,0.219752,0.7143326682554845
30.8145,8.16667,0.503624,0.453441,0.549433,0.242692,0.7525853897292983
30.9626,8.16667,0.586121,0.487844,0.556241,0.263171,0.785273706205677
31.1108,8.16667,0.668619,0.518956,0.559464,0.28158,0.8133895706437352
31.2589,8.16667,0.751117,0.547099,0.559806,0.298181,0.8376228161875726
31.407,8.16667,0.833614,0.572499,0.557806,0.313161,0.8584709957581561
31.5552,8.16667,0.916111,0.595342,0.55389,0.326659,0.8763174831903104
31.7033,8.16667,0.998608,0.615781,0.548395,0.338784,0.8914583078540465
31.8514,8.16667,1.08111,0.633939,0.541593,0.349621,0.9041219370256426
31.9996,8.16667,1.1636,0.64992,0.533709,0.359235,0.9144895233440349
32.1477,8.16667,1.2461,0.663815,0.524927,0.367683,0.922707699134997
32.2958,8.16667,1.3286,0.675704,0.515402,0.375011,0.9288963167872935
32.4439,8.16667,1.41109,0.685648,0.505227,0.381252,0.9331241015733116
32.5921,8.16667,1.49359,0.693689,0.494517,0.386434,0.935458565819994
32.7402,8.16667,1.57608,0.699852,0.483359,0.390573,0.935935902246516
32.8883,8.16667,1.65858,0.704151,0.471824,0.393676,0.934573330859061
33.0365,8.16667,1.74108,0.706593,0.459972,0.395746,0.9313768329462571
33.1846,8.16667,1.82357,0.707178,0.447857,0.396781,0.9263432290970771
33.3327,8.16667,1.90607,0.705905,0.435525,0.396777,0.9194649979085664
33.4808,8.16667,1.98856,0.702765,0.423022,0.395724,0.9107270402733192
33.629,8.16667,2.07106,0.697751,0.410388,0.393613,0.9001144162349585
33.7771,8.16667,2.15355,0.690855,0.397665,0.390434,0.8876129739959867
33.9252,8.16667,2.23604,0.682072,0.384896,0.386179,0.8732132408759042
34.0733,8.16667,2.31854,0.6714,0.372124,0.380839,0.856908732186223
34.2215,8.16667,2.40103,0.658845,0.359398,0.374411,0.8387057012742909
34.3696,8.16667,2.48352,0.644422,0.34677,0.366896,0.8186219040558347
34.5177,8.16667,2.56602,0.628157,0.334297,0.358301,0.7966902205117118
34.6658,8.16667,2.64851,0.610088,0.322041,0.348642,0.7729612005715423
34.8139,8.16667,2.731,0.59027,0.310071,0.337942,0.7475075205675191
34.9621,8.16667,2.81349,0.568775,0.298461,0.326234,0.7204252854404821
35.1102,8.16667,2.89598,0.545693,0.287289,0.313562,0.6918359253565833
35.2583,8.16667,2.97847,0.521133,0.276641,0.299984,0.6618914161899971
35.4064,8.16667,3.06096,0.495225,0.266602,0.285568,0.6307721535174171
35.5545,8.16667,3.14344,0.468118,0.257264,0.270393,0.5986915750776856
35.7026,8.16667,3.22593,0.43998,0.248718,0.254553,0.5658977590810905
35.8507,8.16667,3.30841,0.410999,0.241052,0.238152,0.5326749663810005
35.9988,8.16667,3.3909,0.381377,0.234352,0.221306,0.49934519289665746
36.1469,8.16667,3.47338,0.35133,0.228696,0.20414,0.46627006006819693
36.295,8.16667,3.55586,0.321085,0.224148,0.186787,0.43385168721349926
36.4431,8.16667,3.63833,0.290875,0.220759,0.169387,0.40253541145469424
36.5912,8.16667,3.72081,0.260936,0.218552,0.152083,0.3728026444232927
36.7393,8.16667,3.80328,0.231506,0.217526,0.13502,0.3451709563564119
36.8874,8.16667,3.88574,0.202818,0.217632,0.118346,0.3201634024431899
37.0354,8.16667,3.9682,0.17512,0.218783,0.102212,0.2982956728365331
37.1835,8.16667,4.05065,0.148656,0.22081,0.0867737,0.27997381564655294
37.3315,8.16667,4.1331,0.123743,0.223512,0.0722144,0.2654898562287456
37.4795,8.16667,4.21553,0.100678,0.226575,0.0587257,0.2547959931974795
37.6275,8.16667,4.29794,0.0799034,0.22973,0.0465498,0.24764351417228758
37.7754,8.16667,4.38033,0.0616619,0.232608,0.0358647,0.24330011977329566
37.9233,8.16667,4.46269,0.0462917,0.23507,0.0268442,0.2410838805530764
38.0711,8.16667,4.545,0.0334918,0.236728,0.0193781,0.23986945910400934
38.2187,8.16667,4.62722,0.0231121,0.237306,0.0133355,0.23880147060405635
38.3661,8.16667,4.70929,0.0141228,0.234946,0.00818527,0.2355123670655384
38.5128,8.16667,4.791,0.00634989,0.224794,0.00373389,0.22491466264684523
38.6577,8.16667,4.87167,-0.00044909,0.175638,-0.000162663,0.1756386494626956
38.7893,8.16667,4.945,-0.000276988,0.041132,-0.000144567,0.041133186674139816
30.0739,8.5,0.0911345,0.145271,0.35052,0.0643493,0.38484901747502226
30.222,8.5,0.173632,0.210411,0.410034,0.102709,0.47217561220164683
30.3701,8.5,0.25613,0.260673,0.450484,0.133481,0.5373112920328401
30.5183,8.5,0.338628,0.303498,0.48045,0.159952,0.5903624994933198
30.6664,8.5,0.421126,0.343043,0.502767,0.183649,0.6357516113538368
30.8145,8.5,0.503624,0.379325,0.519089,0.205043,0.6748210706513246
30.9626,8.5,0.586121,0.412522,0.530652,0.224477,0.708629571156186
31.1108,8.5,0.668619,0.442935,0.538346,0.242205,0.7380183547622647
31.2589,8.5,0.751117,0.470765,0.542843,0.258399,0.7635890590330638
31.407,8.5,0.833614,0.496157,0.544668,0.273179,0.7857873534958425
31.5552,8.5,0.916111,0.519229,0.544243,0.286639,0.8049603181592246
31.7033,8.5,0.998608,0.54008,0.541916,0.29885,0.8213833940103731
31.8514,8.5,1.08111,0.558797,0.537972,0.309871,0.8352771974823687
31.9996,8.5,1.1636,0.575458,0.532652,0.319747,0.8468224175569515
32.1477,8.5,1.2461,0.590125,0.526116,0.328514,0.8561349246917801
32.2958,8.5,1.3286,0.602848,0.51855,0.336204,0.8633382553900876
32.4439,8.5,1.41109,0.613661,0.510098,0.342838,0.868514643957717
32.5921,8.5,1.49359,0.622586,0.500877,0.348429,0.8717189137365323
32.7402,8.5,1.57608,0.62964,0.490989,0.352985,0.8729920606431653
32.8883,8.5,1.65858,0.634832,0.480523,0.356512,0.8723616382538838
33.0365,8.5,1.74108,0.638167,0.469554,0.359008,0.8698418378469732
33.1846,8.5,1.82357,0.639646,0.458153,0.36047,0.8654419666419002
33.3327,8.5,1.90607,0.639267,0.446383,0.360893,0.8591646160236117
33.4808,8.5,1.98856,0.637028,0.434303,0.36027,0.851010130076605
33.629,8.5,2.07106,0.632924,0.421971,0.358594,0.8409767960253125
33.7771,8.5,2.15355,0.626956,0.409444,0.355859,0.8290680568885765
33.9252,8.5,2.23604,0.619127,0.396778,0.35206,0.8152896828814896
34.0733,8.5,2.31854,0.609445,0.384033,0.347194,0.79965506735717
34.2215,8.5,2.40103,0.597926,0.371272,0.341265,0.7821893630605059
34.3696,8.5,2.48352,0.584595,0.358561,0.334279,0.762928407248675
34.5177,8.5,2.56602,0.56949,0.345972,0.32625,0.7419262412019135
34.6658,8.5,2.64851,0.552659,0.333581,0.317199,0.7192520138609276
34.8139,8.5,2.731,0.534167,0.32147,0.307156,0.6949979518854713
34.9621,8.5,2.81349,0.514094,0.309726,0.296159,0.6692779610841822
35.1102,8.5,2.89598,0.492537,0.298442,0.284259,0.6422332152839807
35.2583,8.5,2.97847,0.469611,0.287713,0.271515,0.6140306644745033
35.4064,8.5,3.06096,0.445448,0.277641,0.257998,0.5848687148317988
35.5545,8.5,3.14344,0.4202,0.268326,0.24379,0.5549778791771794
35.7026,8.5,3.22593,0.394031,0.259871,0.228984,0.5246208515280345
35.8507,8.5,3.30841,0.367126,0.252373,0.213683,0.4940992364839274
35.9988,8.5,3.3909,0.339679,0.245926,0.198,0.4637514641669609
36.1469,8.5,3.47338,0.311895,0.240611,0.182054,0.4339536879230317
36.295,8.5,3.55586,0.283989,0.236497,0.165973,0.4051266713745221
36.4431,8.5,3.63833,0.256178,0.23363,0.149888,0.3777255050006552
36.5912,8.5,3.72081,0.228679,0.232026,0.133932,0.35223277862941715
36.7393,8.5,3.80328,0.201712,0.231668,0.11824,0.32914812891462714
36.8874,8.5,3.88574,0.175493,0.232485,0.102949,0.3089426562891567
37.0354,8.5,3.9682,0.150249,0.234362,0.0881995,0.29202647285006544
37.1835,8.5,4.05065,0.12622,0.23709,0.0741393,0.278639179413969
37.3315,8.5,4.1331,0.103702,0.240443,0.0609435,0.26885135529740223
37.4795,8.5,4.21553,0.082998,0.244057,0.0487967,0.26236159243282925
37.6275,8.5,4.29794,0.0645063,0.247683,0.0379266,0.258739943217606
37.7754,8.5,4.38033,0.0484478,0.250899,0.0284848,0.25711647430081175
37.9233,8.5,4.46269,0.0350761,0.253664,0.0206112,0.25690577893977007
38.0711,8.5,4.545,0.0240397,0.255408,0.0141493,0.2569267528510412
38.2187,8.5,4.62722,0.0151853,0.255911,0.00897761,0.25651828538800525
38.3661,8.5,4.70929,0.00743395,0.252509,0.00452509,0.252658930444009
38.5128,8.5,4.791,0.00122017,0.239102,0.000922775,0.23910689394605403
38.6577,8.5,4.87167,-0.00318918,0.177673,-0.00168132,0.17770957384174552
38.7893,8.5,4.945,-3.41877e-05,0.0387503,-1.20822e-05,0.03875031696474737
30.0739,8.83333,0.0911345,0.108957,0.295441,0.050314,0.31888636052048386
30.222,8.83333,0.173632,0.163326,0.354723,0.08162,0.3989556534315562
30.3701,8.83333,0.25613,0.206668,0.397881,0.107719,0.4611120637610775
30.5183,8.83333,0.338628,0.245019,0.431537,0.130916,0.5132226532276221
30.6664,8.83333,0.421126,0.281022,0.457949,0.152158,0.5584287851185682
30.8145,8.83333,0.503624,0.314526,0.478512,0.171693,0.597811696999147
30.9626,8.83333,0.586121,0.345614,0.494279,0.189721,0.6322616742125051
31.1108,8.83333,0.668619,0.374446,0.506034,0.206392,0.6624785836055381
31.2589,8.83333,0.751117,0.401115,0.514385,0.2218,0.6889705446896841
31.407,8.83333,0.833614,0.425688,0.519826,0.236013,0.7121316449849704
31.5552,8.83333,0.916111,0.448224,0.522764,0.249081,0.7322761080582925
31.7033,8.83333,0.998608,0.468776,0.523528,0.26104,0.7496495091441067
31.8514,8.83333,1.08111,0.487386,0.522376,0.27192,0.7644359258773752
31.9996,8.83333,1.1636,0.504097,0.519575,0.281748,0.7768229537919178
32.1477,8.83333,1.2461,0.518933,0.51533,0.290541,0.7869374435557124
32.2958,8.83333,1.3286,0.531913,0.509817,0.298312,0.7948804076098491
32.4439,8.83333,1.41109,0.543051,0.503187,0.305069,0.8007300670831587
32.5921,8.83333,1.49359,0.552357,0.495571,0.310818,0.8045475129624104
32.7402,8.83333,1.57608,0.559838,0.487084,0.315559,0.8063788760756323
32.8883,8.83333,1.65858,0.565494,0.477828,0.319291,0.8062566615544953
33.0365,8.83333,1.74108,0.569328,0.467897,0.32201,0.8042091856556974
33.1846,8.83333,1.82357,0.571338,0.457372,0.323711,0.8002531275471532
33.3327,8.83333,1.90607,0.571522,0.446334,0.324389,0.7944052236491147
33.4808,8.83333,1.98856,0.56988,0.434856,0.324038,0.7866788293706651
33.629,8.83333,2.07106,0.566414,0.423011,0.322653,0.7770894954418056
33.7771,8.83333,2.15355,0.56113,0.410871,0.320231,0.7656564170056959
33.9252,8.83333,2.23604,0.554037,0.398508,0.316772,0.7524028996601488
34.0733,8.83333,2.31854,0.545154,0.385996,0.312278,0.7373624244671002
34.2215,8.83333,2.40103,0.534506,0.373413,0.306757,0.720578787957292
34.3696,8.83333,2.48352,0.522127,0.36084,0.300223,0.702108224889867
34.5177,8.83333,2.56602,0.508065,0.348363,0.292695,0.6820243302251027
34.6658,8.83333,2.64851,0.492378,0.336071,0.2842,0.6604161202794795
34.8139,8.83333,2.731,0.47514,0.324061,0.274773,0.637396072195303
34.9621,8.83333,2.81349,0.456439,0.312433,0.264459,0.6130982815919483
35.1102,8.83333,2.89598,0.436378,0.301291,0.253312,0.587681031605581
35.2583,8.83333,2.97847,0.415077,0.290745,0.241395,0.5613315570845807
35.4064,8.83333,3.06096,0.392669,0.280906,0.228781,0.5342638583677545
35.5545,8.83333,3.14344,0.369306,0.271886,0.215553,0.5067267650726572
35.7026,8.83333,3.22593,0.345151,0.263795,0.201805,0.4790013286526458
35.8507,8.83333,3.30841,0.32038,0.25674,0.187636,0.45140451980014556
35.9988,8.83333,3.3909,0.295181,0.250817,0.173156,0.4242923409466638
36.1469,8.83333,3.47338,0.269746,0.24611,0.158479,0.3980560639621007
36.295,8.83333,3.55586,0.244275,0.242683,0.143724,0.37312451311861033
36.4431,8.83333,3.63833,0.218965,0.240575,0.129013,0.34995193386949586
36.5912,8.83333,3.72081,0.194019,0.239785,0.11447,0.3290039505629074
36.7393,8.83333,3.80328,0.169632,0.240275,0.100218,0.3107261472309661
36.8874,8.83333,3.88574,0.146008,0.241939,0.0863831,0.2954908725335014
37.0354,8.83333,3.9682,0.123351,0.24463,0.0730954,0.28355289383492455
37.1835,8.83333,4.05065,0.101904,0.248089,0.0604961,0.2749406395064396
37.3315,8.83333,4.1331,0.0819277,0.25207,0.0487492,0.2694956723732869
37.4795,8.83333,4.21553,0.0637445,0.256157,0.0380333,0.2666951477588972
37.6275,8.83333,4.29794,0.0476684,0.260146,0.028547,0.26601343741164657
37.7754,8.83333,4.38033,0.0339266,0.263544,0.0204198,0.2665021995323866
37.9233,8.83333,4.46269,0.0226133,0.266445,0.0137311,0.26775519130186815
38.0711,8.83333,4.545,0.0133943,0.267992,0.00829758,0.26845478049449295
38.2187,8.83333,4.62722,0.00605826,0.268154,0.00399738,0.2682522120637442
38.3661,8.83333,4.70929,-0.000223857,0.262732,0.000346017,0.26273232321836754
38.5128,8.83333,4.791,-0.00431345,0.243932,-0.00210129,0.2439791833221978
38.6577,8.83333,4.87167,-0.00587131,0.170312,-0.00316293,0.17044252330712836
38.7893,8.83333,4.945,0.000466218,0.0319843,0.000261366,0.03198876549508405
30.0739,9.16667,0.0911345,0.0818119,0.242227,0.0392611,0.2586668523097229
30.222,9.16667,0.173632,0.126376,0.299216,0.0645991,0.3311708799891832
30.3701,9.16667,0.25613,0.162909,0.343282,0.086408,0.3896770666449335
30.5183,9.16667,0.338628,0.196279,0.379158,0.106357,0.4399977798284896
30.6664,9.16667,0.421126,0.228125,0.408464,0.125004,0.48426217582730946
30.8145,9.16667,0.503624,0.258193,0.432264,0.142447,0.5232656483603715
30.9626,9.16667,0.586121,0.286474,0.451396,0.15879,0.557709571006272
31.1108,9.16667,0.668619,0.313016,0.466508,0.174096,0.5881480659969902
31.2589,9.16667,0.751117,0.337825,0.478128,0.188402,0.6150019744789442
31.407,9.16667,0.833614,0.3609,0.486655,0.201723,0.6385718970906878
31.5552,9.16667,0.916111,0.382245,0.492485,0.214074,0.6591512669531934
31.7033,9.16667,0.998608,0.401865,0.495951,0.225467,0.6769772822739327
31.8514,9.16667,1.08111,0.419756,0.497322,0.235904,0.6922246517107001
31.9996,9.16667,1.1636,0.435918,0.496838,0.245388,0.7050445173973059
32.1477,9.16667,1.2461,0.450346,0.494704,0.253921,0.7155553378831019
32.2958,9.16667,1.3286,0.463039,0.491098,0.261499,0.7238536372264769
32.4439,9.16667,1.41109,0.473991,0.48618,0.268121,0.7300187197065565
32.5921,9.16667,1.49359,0.483199,0.480089,0.273781,0.7341135862269544
32.7402,9.16667,1.57608,0.490658,0.472951,0.278473,0.7361896040382532
32.8883,9.16667,1.65858,0.496361,0.464881,0.282192,0.7362886060139733
33.0365,9.16667,1.74108,0.500305,0.455981,0.284929,0.7344442119228662
33.1846,9.16667,1.82357,0.502485,0.446351,0.286678,0.7306878034495992
33.3327,9.16667,1.90607,0.502901,0.436082,0.287434,0.725048433472551
33.4808,9.16667,1.98856,0.501555,0.425263,0.287191,0.7175546722550136
33.629,9.16667,2.07106,0.498451,0.413981,0.285947,0.7082367927261333
33.7771,9.16667,2.15355,0.4936,0.402322,0.283701,0.697129980050349
33.9252,9.16667,2.23604,0.487021,0.390374,0.280457,0.6842787759137352
34.0733,9.16667,2.31854,0.478738,0.378225,0.276223,0.6697338045805961
34.2215,9.16667,2.40103,0.468785,0.365966,0.271012,0.6535579496303292
34.3696,9.16667,2.48352,0.457205,0.353695,0.264841,0.6358280587792583
34.5177,9.16667,2.56602,0.444054,0.341509,0.257737,0.6166366135464224
34.6658,9.16667,2.64851,0.4294,0.329514,0.249732,0.5960955527597903
34.8139,9.16667,2.731,0.413324,0.317819,0.240866,0.574336204407314
34.9621,9.16667,2.81349,0.39592,0.306536,0.231188,0.5515114296549075
35.1102,9.16667,2.89598,0.377296,0.295784,0.220756,0.5278007747322848
35.2583,9.16667,2.97847,0.357575,0.285682,0.209636,0.5034097121083382
35.4064,9.16667,3.06096,0.336893,0.276353,0.197904,0.4785748293360193
35.5545,9.16667,3.14344,0.315398,0.267916,0.185642,0.4535612787970331
35.7026,9.16667,3.22593,0.293252,0.260488,0.172944,0.4286727898805801
35.8507,9.16667,3.30841,0.270622,0.254181,0.159906,0.4042451935162618
35.9988,9.16667,3.3909,0.247686,0.24909,0.146634,0.3806516946658717
36.1469,9.16667,3.47338,0.224624,0.245295,0.133236,0.35829793482100897
36.295,9.16667,3.55586,0.201619,0.242849,0.119824,0.33761464562130594
36.4431,9.16667,3.63833,0.178852,0.241774,0.10651,0.31904088308553813
36.5912,9.16667,3.72081,0.156511,0.242042,0.0934084,0.3029936502231689
36.7393,9.16667,3.80328,0.134767,0.243584,0.0806335,0.28982248130062305
36.8874,9.16667,3.88574,0.113822,0.246248,0.0683024,0.27974764169472455
37.0354,9.16667,3.9682,0.0938502,0.249846,0.056535,0.2728132877648008
37.1835,9.16667,4.05065,0.0751153,0.254063,0.0454705,0.26880826369987215
37.3315,9.16667,4.1331,0.0578178,0.258639,0.0352531,0.2673570858934732
37.4795,9.16667,4.21553,0.0423102,0.263113,0.0260552,0.2677638460286974
37.6275,9.16667,4.29794,0.0287477,0.267344,0.0180171,0.26948814534910437
37.7754,9.16667,4.38033,0.0174102,0.270792,0.0112551,0.2715844244503907
37.9233,9.16667,4.46269,0.00811856,0.273728,0.00574611,0.2739086467795526
38.0711,9.16667,4.545,0.000780751,0.274828,0.00136752,0.2748325112992901
38.2187,9.16667,4.62722,-0.00504608,0.273991,-0.00205779,0.2740451887993119
38.3661,9.16667,4.70929,-0.00931874,0.265155,-0.00462075,0.26535893478598016
38.5128,9.16667,4.791,-0.010828,0.239893,-0.00566036,0.24020394815308427
38.6577,9.16667,4.87167,-0.00916358,0.153438,-0.00497341,0.1537918263414688
38.7893,9.16667,4.945,0.00112674,0.0242776,0.000620912,0.024311662561399293
30.0739,9.5,0.0911345,0.0615828,0.193962,0.030678,0.20580291150476956
30.222,9.5,0.173632,0.0972729,0.246899,0.0509431,0.2702153450731842
30.3701,9.5,0.25613,0.127202,0.290168,0.0688059,0.32420991487431405
30.5183,9.5,0.338628,0.155331,0.326788,0.0855736,0.3718076888956978
30.6664,9.5,0.421126,0.182643,0.357709,0.101555,0.4142796303887025
30.8145,9.5,0.503624,0.208828,0.383624,0.116758,0.4521160664298494
30.9626,9.5,0.586121,0.233802,0.405086,0.131205,0.485770310563542
31.1108,9.5,0.668619,0.257523,0.422616,0.144903,0.5156735967586473
31.2589,9.5,0.751117,0.279931,0.436661,0.157843,0.5421702742967379
31.407,9.5,0.833614,0.300963,0.44759,0.170005,0.5655238593498951
31.5552,9.5,0.916111,0.320569,0.455737,0.181372,0.5859662953737186
31.7033,9.5,0.998608,0.338704,0.461396,0.191925,0.60369021365018
31.8514,9.5,1.08111,0.355329,0.46482,0.201649,0.6188526883208959
31.9996,9.5,1.1636,0.370412,0.466238,0.210525,0.6315882345428864
32.1477,9.5,1.2461,0.383926,0.46585,0.218538,0.6420079854799315
32.2958,9.5,1.3286,0.395846,0.463835,0.225674,0.6502043657320365
32.4439,9.5,1.41109,0.406151,0.460355,0.231919,0.6562558825542061
32.5921,9.5,1.49359,0.414823,0.455556,0.237261,0.6602288789397204
32.7402,9.5,1.57608,0.421847,0.449571,0.241686,0.6621790528595721
32.8883,9.5,1.65858,0.427211,0.442522,0.245184,0.6621556862709856
33.0365,9.5,1.74108,0.430905,0.434527,0.247745,0.6602048301693952
33.1846,9.5,1.82357,0.432923,0.425692,0.249361,0.6563664457557227
33.3327,9.5,1.90607,0.433264,0.416124,0.250025,0.6506837770353584
33.4808,9.5,1.98856,0.431931,0.405923,0.249734,0.6431989905511357
33.629,9.5,2.07106,0.428933,0.39519,0.248488,0.6339597311604263
33.7771,9.5,2.15355,0.424285,0.384024,0.246288,0.6230168318312115
33.9252,9.5,2.23604,0.418011,0.372528,0.243141,0.6104325128841025
34.0733,9.5,2.31854,0.410142,0.360805,0.239061,0.5962775108202556
34.2215,9.5,2.40103,0.40072,0.348959,0.234063,0.580632749722232
34.3696,9.5,2.48352,0.389795,0.337101,0.228172,0.5635953227360923
34.5177,9.5,2.56602,0.377431,0.325344,0.221418,0.5452786524530371
34.6658,9.5,2.64851,0.363703,0.313806,0.213838,0.5258143855858263
34.8139,9.5,2.731,0.348697,0.302608,0.205478,0.5053537453675395
34.9621,9.5,2.81349,0.332515,0.291876,0.196389,0.48407278783463964
35.1102,9.5,2.89598,0.315268,0.281739,0.186634,0.4621720739086255
35.2583,9.5,2.97847,0.297081,0.272326,0.176281,0.4398790308687151
35.4064,9.5,3.06096,0.278088,0.263766,0.165406,0.41745009682116496
35.5545,9.5,3.14344,0.258436,0.256186,0.154093,0.39517728343238556
35.7026,9.5,3.22593,0.23828,0.249704,0.142433,0.3733853311325982
35.8507,9.5,3.30841,0.217784,0.24443,0.130522,0.35243706961669063
35.9988,9.5,3.3909,0.197113,0.240455,0.118459,0.3327231228439046
36.1469,9.5,3.47338,0.176438,0.237844,0.10635,0.31465927394564425
36.295,9.5,3.55586,0.15593,0.236628,0.0942991,0.29866251111381553
36.4431,9.5,3.63833,0.135756,0.236795,0.0824137,0.2851202930496004
36.5912,9.5,3.72081,0.116097,0.238279,0.070802,0.2743507216210666
36.7393,9.5,3.80328,0.097106,0.24096,0.0595691,0.2665328769792012
36.8874,9.5,3.88574,0.0789889,0.244637,0.0488276,0.2616689561525593
37.0354,9.5,3.9682,0.0618716,0.249068,0.0386787,0.25953613494897004
37.1835,9.5,4.05065,0.0460504,0.253899,0.0292621,0.25969522913902365
37.3315,9.5,4.1331,0.0316152,0.258886,0.0206796,0.2616278420260351
37.4795,9.5,4.21553,0.0189596,0.263595,0.0130951,0.2646002118313022
37.6275,9.5,4.29794,0.00803003,0.26789,0.00657544,0.2680909731658164
37.7754,9.5,4.38033,-0.000841302,0.271254,0.00119503,0.2712579370299717
37.9233,9.5,4.46269,-0.00808196,0.273811,-0.0031258,0.27394808344662974
38.0711,9.5,4.545,-0.0132959,0.273888,-0.00632907,0.2742835660915085
38.2187,9.5,4.62722,-0.0173931,0.27085,-0.00875158,0.27154895061499756
38.3661,9.5,4.70929,-0.0190403,0.257254,-0.00992945,0.2581486926509458
38.5128,9.5,4.791,-0.0174166,0.223898,-0.00927188,0.2247657004934125
38.6577,9.5,4.87167,-0.0117712,0.121803,-0.00640702,0.12253808331992304
38.7893,9.5,4.945,0.0020788,0.0114179,0.00113847,0.011661301976661955
30.0739,9.83333,0.0911345,0.0458959,0.151737,0.0238739,0.16031379824275888
30.222,9.83333,0.173632,0.0735285,0.199542,0.0397294,0.216337410774489
30.3701,9.83333,0.25613,0.0971104,0.240672,0.0539279,0.2650691603536141
30.5183,9.83333,0.338628,0.119911,0.276676,0.0675897,0.3090252812361636
30.6664,9.83333,0.421126,0.142474,0.307898,0.0808674,0.34876862740613584
30.8145,9.83333,0.503624,0.164483,0.334695,0.0937204,0.3845242693123023
30.9626,9.83333,0.586121,0.185805,0.357413,0.106125,0.41656940144350496
31.1108,9.83333,0.668619,0.206321,0.376402,0.118042,0.4451749480923202
31.2589,9.83333,0.751117,0.225907,0.391995,0.129424,0.4705790310351705
31.407,9.83333,0.833614,0.244453,0.404499,0.14022,0.49298920739707885
31.5552,9.83333,0.916111,0.261862,0.414197,0.150384,0.5125877576659434
31.7033,9.83333,0.998608,0.278054,0.42135,0.159876,0.5295377085647442
31.8514,9.83333,1.08111,0.29296,0.426192,0.168659,0.5439770590245512
31.9996,9.83333,1.1636,0.306519,0.428935,0.1767,0.5560234002144154
32.1477,9.83333,1.2461,0.318684,0.429773,0.18397,0.5657820112773116
32.2958,9.83333,1.3286,0.32941,0.428882,0.190443,0.5733404348840224
32.4439,9.83333,1.41109,0.338663,0.426424,0.196097,0.5787780997532647
32.5921,9.83333,1.49359,0.346413,0.422548,0.200912,0.5821635600215802
32.7402,9.83333,1.57608,0.352635,0.417393,0.20487,0.5835581175632809
32.8883,9.83333,1.65858,0.35731,0.411091,0.207956,0.5830196774698089
33.0365,9.83333,1.74108,0.360426,0.403766,0.210158,0.5806033665041911
33.1846,9.83333,1.82357,0.361974,0.395537,0.211467,0.5763618543363188
33.3327,9.83333,1.90607,0.361952,0.386521,0.211876,0.5703500443771351
33.4808,9.83333,1.98856,0.360365,0.376831,0.211383,0.5626253713395798
33.629,9.83333,2.07106,0.357225,0.366581,0.209989,0.5532510373302522
33.7771,9.83333,2.15355,0.352552,0.355885,0.207699,0.5422968933434895
33.9252,9.83333,2.23604,0.346372,0.344856,0.204524,0.5298389280677667
34.0733,9.83333,2.31854,0.338723,0.333611,0.200478,0.5159660827360651
34.2215,9.83333,2.40103,0.329653,0.322268,0.195584,0.5007802564888116
34.3696,9.83333,2.48352,0.319218,0.310951,0.189869,0.48439745363286124
34.5177,9.83333,2.56602,0.307488,0.299785,0.183367,0.46695114632903517
34.6658,9.83333,2.64851,0.294541,0.2889,0.17612,0.44859320668173297
34.8139,9.83333,2.731,0.28047,0.27843,0.168176,0.4294995375736742
34.9621,9.83333,2.81349,0.265379,0.268514,0.159592,0.4098724049030381
35.1102,9.83333,2.89598,0.249381,0.259289,0.15043,0.3899369866811816
35.2583,9.83333,2.97847,0.232601,0.250894,0.140762,0.36995265248542275
35.4064,9.83333,3.06096,0.215175,0.243459,0.130666,0.3502087504075248
35.5545,9.83333,3.14344,0.197249,0.237109,0.120226,0.33103192739976
35.7026,9.83333,3.22593,0.178977,0.231957,0.109535,0.3127854418015647
35.8507,9.83333,3.30841,0.160521,0.228097,0.0986903,0.29586315783498623
35.9988,9.83333,3.3909,0.142047,0.2256,0.0877925,0.28067816670565954
36.1469,9.83333,3.47338,0.123717,0.224503,0.0769448,0.26763406985105614
36.295,9.83333,3.55586,0.1057,0.22479,0.0662499,0.2570838060827831
36.4431,9.83333,3.63833,0.0881572,0.226397,0.0558144,0.2492840563858828
36.5912,9.83333,3.72081,0.0712834,0.229209,0.0457504,0.24435872789143423
36.7393,9.83333,3.80328,0.0552154,0.233046,0.0361562,0.24221157963978518
36.8874,9.83333,3.88574,0.0401585,0.237708,0.027132,0.2425983178223831
37.0354,9.83333,3.9682,0.0261671,0.242886,0.0187543,0.2450103056748838
37.1835,9.83333,4.05065,0.0136124,0.248198,0.0111844,0.248822497859659
37.3315,9.83333,4.1331,0.00229533,0.253476,0.0043742,0.25352413049145617
37.4795,9.83333,4.21553,-0.00729242,0.258322,-0.00150041,0.2584292675058777
37.6275,9.83333,4.29794,-0.0152966,0.262384,-0.00635927,0.26290642773141343
37.7754,9.83333,4.38033,-0.0214176,0.265385,-0.0101744,0.2664421705175815
37.9233,9.83333,4.46269,-0.0265541,0.267074,-0.0132571,0.2687180537351742
38.0711,9.83333,4.545,-0.0296497,0.265625,-0.0152801,0.26771108828567414
38.2187,9.83333,4.62722,-0.0318115,0.259,-0.0165903,0.2614731527066211
38.3661,9.83333,4.70929,-0.0301782,0.239347,-0.016043,0.24177487051643723
38.5128,9.83333,4.791,-0.0250712,0.195845,-0.0134719,0.19790230211912643
38.6577,9.83333,4.87167,-0.0142056,0.0793282,-0.00773476,0.08096041562922958
38.7893,9.83333,4.945,0.003064,0.00132016,0.0016699,0.0037308825277137846
30.0739,10.1667,0.0911345,0.0325197,0.114073,0.0182115,0.12000766204430448
30.222,10.1667,0.173632,0.0525921,0.156915,0.0299765,0.16818691019119175
30.3701,10.1667,0.25613,0.0699703,0.195263,0.0406324,0.21136336953419815
30.5183,10.1667,0.338628,0.0873588,0.229724,0.0511917,0.2510483345141529
30.6664,10.1667,0.421126,0.105016,0.2602,0.0617219,0.28730122379761974
30.8145,10.1667,0.503624,0.122643,0.286776,0.0721572,0.3201381594512594
30.9626,10.1667,0.586121,0.140059,0.309629,0.0824293,0.3496873326566034
31.1108,10.1667,0.668619,0.15708,0.328984,0.0924538,0.37610145411901824
31.2589,10.1667,0.751117,0.173531,0.345088,0.102145,0.39954015659255077
31.407,10.1667,0.833614,0.189255,0.35819,0.111425,0.42015837698420344
31.5552,10.1667,0.916111,0.20412,0.368532,0.120224,0.4381034348187652
31.7033,10.1667,0.998608,0.218012,0.37634,0.128479,0.45350620854074314
31.8514,10.1667,1.08111,0.230835,0.381828,0.136139,0.46648820577802397
31.9996,10.1667,1.1636,0.242509,0.385192,0.143157,0.4771555496837483
32.1477,10.1667,1.2461,0.252966,0.386617,0.149494,0.48560576384655896
32.2958,10.1667,1.3286,0.262148,0.386274,0.155115,0.4919246285814525
32.4439,10.1667,1.41109,0.270009,0.384324,0.15999,0.4961920970319862
32.5921,10.1667,1.49359,0.276508,0.380918,0.164094,0.49847972639215726
32.7402,10.1667,1.57608,0.281615,0.376199,0.167406,0.49885615628355234
32.8883,10.1667,1.65858,0.285305,0.370303,0.169907,0.497384804234106
33.0365,10.1667,1.74108,0.287562,0.363363,0.171586,0.49413189434502197
33.1846,10.1667,1.82357,0.288375,0.355508,0.17243,0.4891606930130425
33.3327,10.1667,1.90607,0.287742,0.346862,0.172434,0.48253724204873555
33.4808,10.1667,1.98856,0.285668,0.33755,0.171596,0.4743325794629755
33.629,10.1667,2.07106,0.282165,0.3277,0.169918,0.4646251219520959
33.7771,10.1667,2.15355,0.277255,0.317436,0.167407,0.4534986800091043
33.9252,10.1667,2.23604,0.270966,0.306885,0.164075,0.4410460089446452
34.0733,10.1667,2.31854,0.263338,0.296178,0.15994,0.4273746758150277
34.2215,10.1667,2.40103,0.254422,0.285448,0.155025,0.4126061868331593
34.3696,10.1667,2.48352,0.244278,0.27483,0.149362,0.39687816421163813
34.5177,10.1667,2.56602,0.23298,0.264462,0.142989,0.38034942351080275
34.6658,10.1667,2.64851,0.220614,0.254487,0.13595,0.36320321125370025
34.8139,10.1667,2.731,0.207276,0.245048,0.128299,0.34564793631815593
34.9621,10.1667,2.81349,0.193077,0.236288,0.120097,0.3279238269507112
35.1102,10.1667,2.89598,0.178134,0.228349,0.111411,0.3103021087230958
35.2583,10.1667,2.97847,0.162566,0.22137,0.102311,0.2930868846895064
35.4064,10.1667,3.06096,0.146506,0.215466,0.0928765,0.2766146226146586
35.5545,10.1667,3.14344,0.130113,0.210743,0.0832016,0.2612747807588019
35.7026,10.1667,3.22593,0.113556,0.207287,0.0733882,0.2474847336791504
35.8507,10.1667,3.30841,0.0970172,0.205167,0.0635466,0.2356777574494462
35.9988,10.1667,3.3909,0.080692,0.204414,0.0537934,0.2262520986500678
36.1469,10.1667,3.47338,0.0647575,0.205053,0.044237,0.21953855876417244
36.295,10.1667,3.55586,0.0493997,0.206982,0.0349982,0.21565424337890965
36.4431,10.1667,3.63833,0.0348134,0.20999,0.0262009,0.21446272422118023
36.5912,10.1667,3.72081,0.021189,0.213927,0.0179524,0.2157220983482221
36.7393,10.1667,3.80328,0.00864969,0.218603,0.0103457,0.21901854317519806
36.8874,10.1667,3.88574,-0.00294523,0.22402,0.00322375,0.22406255230139507
37.0354,10.1667,3.9682,-0.0129698,0.229436,-0.00300253,0.2298219071247145
37.1835,10.1667,4.05065,-0.0214981,0.234745,-0.00834675,0.2358750761826533
37.3315,10.1667,4.1331,-0.0288811,0.239802,-0.0129497,0.24188181384986343
37.4795,10.1667,4.21553,-0.0347676,0.244383,-0.0167169,0.2474091579638272
37.6275,10.1667,4.29794,-0.0396739,0.248125,-0.0198012,0.25205579042674264
37.7754,10.1667,4.38033,-0.0430714,0.25073,-0.0220702,0.25535812523982865
37.9233,10.1667,4.46269,-0.0458885,0.251037,-0.0238303,0.25630687271187247
38.0711,10.1667,4.545,-0.0464463,0.247221,-0.0244708,0.2527336575870535
38.2187,10.1667,4.62722,-0.0457694,0.235044,-0.0242238,0.2406809348469463
38.3661,10.1667,4.70929,-0.0395905,0.207928,-0.0213077,0.21273335176586675
38.5128,10.1667,4.791,-0.0303644,0.149707,-0.0164434,0.1536377819415524
38.6577,10.1667,4.87167,-0.0128498,0.0162965,-0.00697636,0.021894357061571824
38.7893,10.1667,4.945,0.00334829,-0.0126726,0.00181682,0.013232787748486711
30.0739,10.5,0.0911345,0.0193134,0.0804712,0.0129635,0.0837655882880912
30.222,10.5,0.173632,0.0313366,0.119439,0.0201259,0.12511078719027388
30.3701,10.5,0.25613,0.0422278,0.155018,0.0270392,0.16292601312706328
30.5183,10.5,0.338628,0.0540251,0.187183,0.0344385,0.19784387077000895
30.6664,10.5,0.421126,0.0666545,0.215767,0.0422292,0.22974230344429386
30.8145,10.5,0.503624,0.0797898,0.240824,0.0502728,0.2586309447453649
30.9626,10.5,0.586121,0.0931715,0.26248,0.0584196,0.2845865922288153
31.1108,10.5,0.668619,0.106544,0.280904,0.0665338,0.30770997334249667
31.2589,10.5,0.751117,0.119675,0.296288,0.0744902,0.3281119846409759
31.407,10.5,0.833614,0.132367,0.308835,0.082183,0.3459105742861875
31.5552,10.5,0.916111,0.144455,0.318747,0.0895207,0.3612213348661593
31.7033,10.5,0.998608,0.155796,0.326222,0.0964263,0.37415400336183763
31.8514,10.5,1.08111,0.166274,0.331445,0.102834,0.38480860522732596
31.9996,10.5,1.1636,0.175792,0.334599,0.10869,0.39328467318851873
32.1477,10.5,1.2461,0.184265,0.335857,0.113944,0.39967080179817993
32.2958,10.5,1.3286,0.191625,0.335386,0.118556,0.4040537523114963
32.4439,10.5,1.41109,0.197813,0.333341,0.12249,0.4065095390639683
32.5921,10.5,1.49359,0.20278,0.329875,0.125718,0.40711455334954555
32.7402,10.5,1.57608,0.206489,0.325136,0.128214,0.40594329088309855
32.8883,10.5,1.65858,0.208908,0.319268,0.129957,0.40306752553015235
33.0365,10.5,1.74108,0.210017,0.31241,0.130932,0.39856033045575423
33.1846,10.5,1.82357,0.209801,0.304703,0.131127,0.3924979846304946
33.3327,10.5,1.90607,0.208255,0.296284,0.130535,0.38495940033463266
33.4808,10.5,1.98856,0.205386,0.287289,0.129156,0.37603144928715737
33.629,10.5,2.07106,0.201204,0.277865,0.126991,0.36581241357012473
33.7771,10.5,2.15355,0.19573,0.268147,0.124048,0.35440224718954594
33.9252,10.5,2.23604,0.188994,0.258275,0.12034,0.34191581311925306
34.0733,10.5,2.31854,0.181036,0.248385,0.115888,0.32848009081982427
34.2215,10.5,2.40103,0.171904,0.238613,0.110717,0.3142378129283616
34.3696,10.5,2.48352,0.161659,0.229099,0.104858,0.2993579533702086
34.5177,10.5,2.56602,0.150372,0.21998,0.0983489,0.28403423194257765
34.6658,10.5,2.64851,0.138127,0.211403,0.0912381,0.2685045389367003
34.8139,10.5,2.731,0.125025,0.203516,0.0835812,0.25305301791213636
34.9621,10.5,2.81349,0.111186,0.196466,0.0754464,0.23801969461571873
35.1102,10.5,2.89598,0.0967529,0.190458,0.0669122,0.22385847299409953
35.2583,10.5,2.97847,0.0818617,0.185621,0.0580566,0.21101436532011275
35.4064,10.5,3.06096,0.0666791,0.181956,0.0489939,0.19988619399553337
35.5545,10.5,3.14344,0.0514419,0.179502,0.0398653,0.19093579869605384
35.7026,10.5,3.22593,0.0364135,0.178265,0.0308202,0.1845379037902241
35.8507,10.5,3.30841,0.0218456,0.178233,0.0220156,0.18091135722148569
35.9988,10.5,3.3909,0.00800394,0.179375,0.0136212,0.1800694054245851
36.1469,10.5,3.47338,-0.00532059,0.181784,0.00535577,0.18194069255183404
36.295,10.5,3.55586,-0.0168252,0.184986,-0.00196578,0.18575998450163694
36.4431,10.5,3.63833,-0.0270765,0.188818,-0.00847475,0.19093767402954429
36.5912,10.5,3.72081,-0.0359789,0.193198,-0.01416,0.1970290690461943
36.7393,10.5,3.80328,-0.0436161,0.198006,-0.0190687,0.20364762590047544
36.8874,10.5,3.88574,-0.0499955,0.203135,-0.0232417,0.21048409646369962
37.0354,10.5,3.9682,-0.0550787,0.208267,-0.0266356,0.2170674127317364
37.1835,10.5,4.05065,-0.0589644,0.213413,-0.029322,0.22334208900330452
37.3315,10.5,4.1331,-0.0619653,0.218336,-0.0314361,0.22912558932450125
37.4795,10.5,4.21553,-0.0639692,0.222888,-0.0329789,0.23421939914928053
37.6275,10.5,4.29794,-0.0653805,0.226396,-0.0340935,0.2381010821867469
37.7754,10.5,4.38033,-0.0657999,0.228423,-0.0346595,0.24022484199029043
37.9233,10.5,4.46269,-0.0655449,0.226649,-0.0347448,0.23848082573668264
38.0711,10.5,4.545,-0.0632153,0.219408,-0.0337475,0.23081364425514364
38.2187,10.5,4.62722,-0.0584966,0.199865,-0.0313817,0.21060076336863073
38.3661,10.5,4.70929,-0.0482289,0.164326,-0.0261178,0.17323741093669692
38.5128,10.5,4.791,-0.0327777,0.0916359,-0.0179025,0.09895461228437005
38.6577,10.5,4.87167,-0.000509152,-0.042649,-0.000280524,0.042652961567441944
38.7893,10.5,4.945,-0.000210364,-0.0172675,-0.000135788,0.01726931520482037
30.0739,10.8333,0.0911345,0.000715494,0.0442923,0.0054831,0.04463613061818907
30.222,10.8333,0.173632,0.00175433,0.0852359,0.00667809,0.08551510514878059
30.3701,10.8333,0.25613,0.00665828,0.119014,0.0100124,0.11961986892785997
30.5183,10.8333,0.338628,0.0132539,0.148235,0.0145005,0.14953108569946252
30.6664,10.8333,0.421126,0.0212544,0.173662,0.0198481,0.17608005803318558
30.8145,10.8333,0.503624,0.0302239,0.195706,0.0257404,0.19969198972259752
30.9626,10.8333,0.586121,0.039787,0.214619,0.0319271,0.220598413966216
31.1108,10.8333,0.668619,0.0496246,0.230607,0.0382292,0.23896372341173464
31.2589,10.8333,0.751117,0.0594639,0.243855,0.0444876,0.2549124614097357
31.407,10.8333,0.833614,0.069081,0.254537,0.0505805,0.2685510303652734
31.5552,10.8333,0.916111,0.0782889,0.262831,0.0564017,0.2799829248134607
31.7033,10.8333,0.998608,0.0869243,0.2689,0.061865,0.28929279658417
31.8514,10.8333,1.08111,0.0948586,0.272902,0.0669019,0.2965628429550303
31.9996,10.8333,1.1636,0.101994,0.275009,0.0714506,0.30189056685719745
32.1477,10.8333,1.2461,0.108233,0.275381,0.0754574,0.30535699871586375
32.2958,10.8333,1.3286,0.113495,0.274177,0.0788767,0.30704344343576206
32.4439,10.8333,1.41109,0.117713,0.27155,0.0816699,0.3070272389137648
32.5921,10.8333,1.49359,0.120834,0.267651,0.0838053,0.3053870358497393
32.7402,10.8333,1.57608,0.122812,0.262629,0.0852561,0.3022008960479932
32.8883,10.8333,1.65858,0.12361,0.256628,0.0860001,0.29754559261398916
33.0365,10.8333,1.74108,0.123199,0.249791,0.0860197,0.29150115963764195
33.1846,10.8333,1.82357,0.121554,0.242258,0.0853005,0.28414870891885113
33.3327,10.8333,1.90607,0.118656,0.234163,0.0838318,0.2755709121011142
33.4808,10.8333,1.98856,0.114515,0.225663,0.081614,0.26589155644736073
33.629,10.8333,2.07106,0.109135,0.216918,0.0786302,0.25523827162288965
33.7771,10.8333,2.15355,0.102491,0.208064,0.0748748,0.24372375520666836
33.9252,10.8333,2.23604,0.0945895,0.199255,0.0703545,0.231515624106668
34.0733,10.8333,2.31854,0.0854499,0.190649,0.0650786,0.2188240178521773
34.2215,10.8333,2.40103,0.075114,0.182406,0.0590718,0.20592119703235995
34.3696,10.8333,2.48352,0.0636445,0.174683,0.0523733,0.1931521043689144
34.5177,10.8333,2.56602,0.0511435,0.167628,0.0450386,0.18095104162786685
34.6658,10.8333,2.64851,0.0377641,0.161376,0.0371585,0.16985021267887773
34.8139,10.8333,2.731,0.0236619,0.156042,0.0288378,0.16043880448460712
34.9621,10.8333,2.81349,0.00913398,0.151704,0.0202493,0.15332177717835913
35.1102,10.8333,2.89598,-0.00612052,0.148421,0.0108432,0.14894236802303903
35.2583,10.8333,2.97847,-0.0201885,0.14654,0.00180254,0.1479351083505927
35.4064,10.8333,3.06096,-0.0336317,0.145594,-0.00678397,0.14958183823529814
35.5545,10.8333,3.14344,-0.0461346,0.145441,-0.0147692,0.15329584164875443
35.7026,10.8333,3.22593,-0.0575316,0.146009,-0.0220683,0.1584787775837825
35.8507,10.8333,3.30841,-0.067661,0.147245,-0.028587,0.16454883018423436
35.9988,10.8333,3.3909,-0.0764049,0.149109,-0.0342631,0.17101217104820346
36.1469,10.8333,3.47338,-0.0837144,0.15155,-0.0390993,0.17749439013064608
36.295,10.8333,3.55586,-0.089353,0.154472,-0.0429539,0.18354997934679806
36.4431,10.8333,3.63833,-0.0935487,0.157878,-0.045931,0.18917314533699015
36.5912,10.8333,3.72081,-0.0963781,0.161718,-0.0480962,0.19430567191425474
36.7393,10.8333,3.80328,-0.0979838,0.165948,-0.0495351,0.19898062694254937
36.8874,10.8333,3.88574,-0.0984602,0.170516,-0.0503166,0.20322863350325415
37.0354,10.8333,3.9682,-0.0979447,0.1753,-0.0505132,0.2070624003346093
37.1835,10.8333,4.05065,-0.0965757,0.180281,-0.0502097,0.21059230462099035
37.3315,10.8333,4.1331,-0.0945295,0.185231,-0.0495004,0.21376772284751036
37.4795,10.8333,4.21553,-0.091877,0.189865,-0.0484263,0.21641443548361095
37.6275,10.8333,4.29794,-0.0886192,0.19336,-0.0470118,0.2178337934019421
37.7754,10.8333,4.38033,-0.084758,0.194601,-0.0451969,0.21701665266658685
37.9233,10.8333,4.46269,-0.0795394,0.190974,-0.042719,0.21124037916402252
38.0711,10.8333,4.545,-0.0730291,0.17912,-0.0393406,0.19739530555504606
38.2187,10.8333,4.62722,-0.0623201,0.152254,-0.0339473,0.16798063744759395
38.3661,10.8333,4.70929,-0.0486775,0.100858,-0.0264984,0.11508258066627633
38.5128,10.8333,4.791,-0.0240663,-0.00295879,-0.0131582,0.02758766864369115
38.6577,10.8333,4.87167,0.00455165,-0.0693428,0.00238361,0.06953289168583887
38.7893,10.8333,4.945,-0.00255844,-0.0175817,-0.00140983,0.017822721754897596
30.0739,11.1667,0.0911345,-0.0335242,0.0180477,-0.0118319,0.03986960394260269
30.222,11.1667,0.173632,-0.0449639,0.0583652,-0.0170143,0.0756157078836137
30.3701,11.1667,0.25613,-0.0449866,0.0881149,-0.0164428,0.10029155225346749
30.5183,11.1667,0.338628,-0.0431134,0.112186,-0.0142041,0.1210215696162052
30.6664,11.1667,0.421126,-0.0393633,0.132463,-0.0107351,0.13860432218332877
30.8145,11.1667,0.503624,-0.0343146,0.149709,-0.00652352,0.15372973937189383
30.9626,11.1667,0.586121,-0.0284255,0.164277,-0.001881,0.16672876158674604
31.1108,11.1667,0.668619,-0.0220546,0.176378,0.00296298,0.17777621751978076
31.2589,11.1667,0.751117,-0.015499,0.186173,0.00782936,0.18698102526194896
31.407,11.1667,0.833614,-0.00899238,0.193801,0.0125744,0.1944165785997285
31.5552,11.1667,0.916111,-0.00275111,0.199407,0.0170605,0.20015439269594387
31.7033,11.1667,0.998608,0.00318755,0.203155,0.0211933,0.20428233028064982
31.8514,11.1667,1.08111,0.00838063,0.205006,0.0247107,0.20665989860078537
31.9996,11.1667,1.1636,0.0128585,0.205265,0.0277418,0.20752992245575097
32.1477,11.1667,1.2461,0.0164886,0.204081,0.0302325,0.2069660178560964
32.2958,11.1667,1.3286,0.0191757,0.201595,0.0321314,0.20503823634007878
32.4439,11.1667,1.41109,0.0208305,0.197952,0.0333885,0.20182590509273085
32.5921,11.1667,1.49359,0.021368,0.193304,0.0339574,0.1974237393394219
32.7402,11.1667,1.57608,0.0207081,0.18781,0.0337952,0.19194670366705963
32.8883,11.1667,1.65858,0.0187694,0.181626,0.0328588,0.1855262649594391
33.0365,11.1667,1.74108,0.0154776,0.174925,0.0311116,0.17834304971408335
33.1846,11.1667,1.82357,0.0107421,0.167879,0.0285172,0.17062233748618613
33.3327,11.1667,1.90607,0.00456582,0.160647,0.0250749,0.16265625082142526
33.4808,11.1667,1.98856,-0.00332505,0.15314,0.0203585,0.15452308591195202
33.629,11.1667,2.07106,-0.0124235,0.14611,0.0146013,0.14736238805726515
33.7771,11.1667,2.15355,-0.0228911,0.139545,0.00795656,0.14163374008774746
33.9252,11.1667,2.23604,-0.034557,0.133551,0.000538967,0.137950521330755
34.0733,11.1667,2.31854,-0.0472107,0.128234,-0.0075175,0.13685511227842384
34.2215,11.1667,2.40103,-0.0605763,0.123651,-0.0160323,0.1386221214885272
34.3696,11.1667,2.48352,-0.0743355,0.119802,-0.0248001,0.14315491861707025
34.5177,11.1667,2.56602,-0.0881445,0.116646,-0.0336019,0.1500160987356357
34.6658,11.1667,2.64851,-0.10166,0.114113,-0.0422205,0.1585531550908086
34.8139,11.1667,2.731,-0.11456,0.112125,-0.0504565,0.16805316901876619
34.9621,11.1667,2.81349,-0.12653,0.110615,-0.0581302,0.17783317822341252
35.1102,11.1667,2.89598,-0.137328,0.109517,-0.0651354,0.18733812534067912
35.2583,11.1667,2.97847,-0.146494,0.10888,-0.0711652,0.19590771329133522
35.4064,11.1667,3.06096,-0.154077,0.108639,-0.0762106,0.20334750994875742
35.5545,11.1667,3.14344,-0.160031,0.108749,-0.0802704,0.209474588144147
35.7026,11.1667,3.22593,-0.164373,0.10923,-0.083364,0.21424106171553575
35.8507,11.1667,3.30841,-0.167129,0.110105,-0.0855143,0.21764169906176067
35.9988,11.1667,3.3909,-0.168348,0.111404,-0.0867575,0.2197242911611049
36.1469,11.1667,3.47338,-0.168095,0.113141,-0.0871388,0.22056741683993128
36.295,11.1667,3.55586,-0.166436,0.115326,-0.0867024,0.22026877794585412
36.4431,11.1667,3.63833,-0.163497,0.11798,-0.0855235,0.2190087177745443
36.5912,11.1667,3.72081,-0.159377,0.121109,-0.083668,0.21695334114504897
36.7393,11.1667,3.80328,-0.154179,0.124716,-0.0811996,0.21428630319542125
36.8874,11.1667,3.88574,-0.147979,0.128789,-0.0781734,0.2111763988459885
37.0354,11.1667,3.9682,-0.140872,0.133286,-0.0746401,0.20780092085457655
37.1835,11.1667,4.05065,-0.132898,0.138113,-0.0706397,0.2042719912006783
37.3315,11.1667,4.1331,-0.124124,0.143055,-0.0662003,0.20063394558521247
37.4795,11.1667,4.21553,-0.114493,0.147573,-0.0613219,0.19658792637802047
37.6275,11.1667,4.29794,-0.104008,0.150907,-0.0559816,0.1916364429109453
37.7754,11.1667,4.38033,-0.0924954,0.151072,-0.0501159,0.18409169356049174
37.9233,11.1667,4.46269,-0.0798705,0.145968,-0.0436056,0.17200988967384984
38.0711,11.1667,4.545,-0.0660107,0.129429,-0.0363564,0.14977004499047863
38.2187,11.1667,4.62722,-0.0502696,0.0971922,-0.0278435,0.1129097733469074
38.3661,11.1667,4.70929,-0.0313419,0.0323318,-0.0173817,0.04826783071301216
38.5128,11.1667,4.791,0.000100636,-0.068205,-1.45714e-06,0.06820507425938156
38.6577,11.1667,4.87167,-0.000428632,-0.0800794,-0.000229365,0.0800808756074423
38.7893,11.1667,4.945,0.00024934,-0.0185306,0.000141302,0.018532816112258925
30.0739,11.5,0.0911345,-0.100752,-0.0178347,-0.0492475,0.11355332793159344
30.222,11.5,0.173632,-0.122135,0.022909,-0.0585059,0.13734890185512952
30.3701,11.5,0.25613,-0.128282,0.0497393,-0.0605139,0.15030702439240823
30.5183,11.5,0.338628,-0.130681,0.0682754,-0.0602093,0.15926146367734412
30.6664,11.5,0.421126,-0.130804,0.0822628,-0.0585589,0.16524527057997757
30.8145,11.5,0.503624,-0.129485,0.093268,-0.0561843,0.16918026071468856
30.9626,11.5,0.586121,-0.127292,0.102002,-0.0534548,0.17165394522422137
31.1108,11.5,0.668619,-0.124644,0.108823,-0.0506275,0.17303674702574018
31.2589,11.5,0.751117,-0.121876,0.113936,-0.0479015,0.17357916111748553
31.407,11.5,0.833614,-0.119277,0.117488,-0.0454419,0.17348025578898021
31.5552,11.5,0.916111,-0.117102,0.119603,-0.043393,0.17291821321653772
31.7033,11.5,0.998608,-0.115558,0.120407,-0.0418802,0.17206233802038143
31.8514,11.5,1.08111,-0.114908,0.119998,-0.0410607,0.1711413145692471
31.9996,11.5,1.1636,-0.115291,0.118568,-0.0409881,0.17038312606185507
32.1477,11.5,1.2461,-0.116874,0.116277,-0.0417446,0.17006611724314752
32.2958,11.5,1.3286,-0.119783,0.113289,-0.0433977,0.17048672961638395
32.4439,11.5,1.41109,-0.12411,0.109782,-0.0459963,0.17196231923793653
32.5921,11.5,1.49359,-0.129898,0.105942,-0.0495611,0.17479559605782408
32.7402,11.5,1.57608,-0.137134,0.10195,-0.0540787,0.17923181148917175
32.8883,11.5,1.65858,-0.145745,0.0979753,-0.0594982,0.18542060359714616
33.0365,11.5,1.74108,-0.155594,0.0941598,-0.0657278,0.19337968989756915
33.1846,11.5,1.82357,-0.166481,0.0906021,-0.0726388,0.2029804403159329
33.3327,11.5,1.90607,-0.178137,0.087354,-0.080077,0.2139528873700937
33.4808,11.5,1.98856,-0.19031,0.0844115,-0.0879058,0.22598811275350303
33.629,11.5,2.07106,-0.202576,0.0818533,-0.0958312,0.238580421221713
33.7771,11.5,2.15355,-0.214644,0.0795942,-0.103642,0.2512945434617314
33.9252,11.5,2.23604,-0.226207,0.0775491,-0.111148,0.2636993508975894
34.0733,11.5,2.31854,-0.236992,0.0756496,-0.118181,0.2754175353988195
34.2215,11.5,2.40103,-0.246761,0.0738398,-0.124595,0.28612448551293196
34.3696,11.5,2.48352,-0.255323,0.072084,-0.130277,0.2955639255964774
34.5177,11.5,2.56602,-0.262535,0.0703699,-0.135142,0.3035455636556232
34.6658,11.5,2.64851,-0.268297,0.0687076,-0.139135,0.3099396114273876
34.8139,11.5,2.731,-0.272551,0.0671274,-0.142223,0.3146704898155529
34.9621,11.5,2.81349,-0.275271,0.0656722,-0.144395,0.31770564571445686
35.1102,11.5,2.89598,-0.276461,0.0643881,-0.145652,0.3190470451933539
35.2583,11.5,2.97847,-0.276139,0.0633284,-0.146003,0.3187163465788349
35.4064,11.5,3.06096,-0.274375,0.0625165,-0.145494,0.3167940299835999
35.5545,11.5,3.14344,-0.271231,0.061974,-0.144171,0.31335652103953415
35.7026,11.5,3.22593,-0.266774,0.0617323,-0.142075,0.3084875193006842
35.8507,11.5,3.30841,-0.261062,0.0618188,-0.139248,0.30226633517717455
35.9988,11.5,3.3909,-0.254151,0.06226,-0.135726,0.2947720907362161
36.1469,11.5,3.47338,-0.246088,0.0630785,-0.131545,0.2860809115114988
36.295,11.5,3.55586,-0.236918,0.0642989,-0.126738,0.2762734296113363
36.4431,11.5,3.63833,-0.226681,0.0659423,-0.121335,0.2654333153831485
36.5912,11.5,3.72081,-0.215396,0.0680178,-0.11535,0.25362862699790023
36.7393,11.5,3.80328,-0.20307,0.0705397,-0.108795,0.24093490033843165
36.8874,11.5,3.88574,-0.189674,0.0735142,-0.101672,0.22741538967633654
37.0354,11.5,3.9682,-0.175195,0.0769159,-0.0939682,0.21316511513155711
37.1835,11.5,4.05065,-0.159512,0.0806765,-0.0856638,0.19821973268746476
37.3315,11.5,4.1331,-0.142643,0.0846019,-0.0767225,0.18273163092048403
37.4795,11.5,4.21553,-0.124282,0.0883108,-0.0671001,0.16657501715638512
37.6275,11.5,4.29794,-0.104772,0.0910545,-0.0567994,0.14998088476405919
37.7754,11.5,4.38033,-0.0834581,0.0914176,-0.0457556,0.1319697199236628
37.9233,11.5,4.46269,-0.0620915,0.0869544,-0.0343602,0.11223655997779867
38.0711,11.5,4.545,-0.0393596,0.0726739,-0.0223969,0.08562882098324139
38.2187,11.5,4.62722,-0.0185784,0.0377837,-0.0108019,0.0434677578885776
38.3661,11.5,4.70929,0.00746622,-0.0404335,0.0041309,0.04132404503613362
38.5128,11.5,4.791,0.00904778,-0.0734869,0.00519515,0.07422382621544715
38.6577,11.5,4.87167,0.00110372,-0.0741719,0.000753317,0.07418393649538213
38.7893,11.5,4.945,-0.000293257,-0.0189766,-0.000149661,0.01897945588374361
30.0739,11.8333,0.0911345,-0.226097,-0.00560161,-0.120673,0.256345868647404
30.222,11.8333,0.173632,-0.274481,0.0101486,-0.143284,0.30979528417805197
30.3701,11.8333,0.25613,-0.292248,0.0205486,-0.15119,0.3296809890878757
30.5183,11.8333,0.338628,-0.303818,0.0273065,-0.155236,0.34227070830301853
30.6664,11.8333,0.421126,-0.311359,0.031928,-0.157525,0.3503968460046409
30.8145,11.8333,0.503624,-0.316982,0.0351487,-0.159132,0.35642111730324005
30.9626,11.8333,0.586121,-0.321695,0.0373684,-0.160569,0.36147817929241594
31.1108,11.8333,0.668619,-0.32608,0.0388253,-0.162125,0.36622409252408555
31.2589,11.8333,0.751117,-0.330487,0.0396845,-0.16397,0.371056165033341
31.407,11.8333,0.833614,-0.335136,0.0400789,-0.166204,0.3762262967114473
31.5552,11.8333,0.916111,-0.340153,0.0401248,-0.168875,0.3818806470731922
31.7033,11.8333,0.998608,-0.345593,0.0399265,-0.171996,0.388086679837443
31.8514,11.8333,1.08111,-0.351465,0.03957,-0.175549,0.39485552107828
31.9996,11.8333,1.1636,-0.357719,0.0391318,-0.17948,0.40212840130018174
32.1477,11.8333,1.2461,-0.364274,0.0386621,-0.183717,0.4098075659884893
32.2958,11.8333,1.3286,-0.37102,0.0381863,-0.188175,0.417760534915267
32.4439,11.8333,1.41109,-0.377824,0.0377074,-0.192755,0.4258254489996576
32.5921,11.8333,1.49359,-0.38454,0.0372094,-0.197352,0.4338241152268509
32.7402,11.8333,1.57608,-0.391017,0.0366627,-0.201857,0.4415707149588727
32.8883,11.8333,1.65858,-0.397103,0.036031,-0.206167,0.4488806717369328
33.0365,11.8333,1.74108,-0.402654,0.0352799,-0.210182,0.4555780813252653
33.1846,11.8333,1.82357,-0.407539,0.0343832,-0.213817,0.4615061759632692
33.3327,11.8333,1.90607,-0.411644,0.0333274,-0.216996,0.4665284153647664
33.4808,11.8333,1.98856,-0.414881,0.0321138,-0.219659,0.47053970777442367
33.629,11.8333,2.07106,-0.41717,0.0307688,-0.22175,0.4734454461217681
33.7771,11.8333,2.15355,-0.418466,0.0293196,-0.223241,0.47519467187791575
33.9252,11.8333,2.23604,-0.418741,0.0278013,-0.224115,0.4757567346740243
34.0733,11.8333,2.31854,-0.417986,0.0262538,-0.224366,0.47512278430574134
34.2215,11.8333,2.40103,-0.416204,0.0247156,-0.223994,0.47329688625149435
34.3696,11.8333,2.48352,-0.413404,0.0232209,-0.223007,0.4702916110901937
34.5177,11.8333,2.56602,-0.409605,0.0217987,-0.221414,0.4661283071673399
34.6658,11.8333,2.64851,-0.404827,0.0204733,-0.219232,0.46083264398899737
34.8139,11.8333,2.731,-0.399096,0.0192663,-0.216484,0.4544382573988352
34.9621,11.8333,2.81349,-0.392434,0.0181814,-0.213176,0.4469664580681195
35.1102,11.8333,2.89598,-0.38486,0.0172235,-0.209315,0.438436583529762
35.2583,11.8333,2.97847,-0.376382,0.0163998,-0.20491,0.42885950084385444
35.4064,11.8333,3.06096,-0.367007,0.0157148,-0.199969,0.41824477755142386
35.5545,11.8333,3.14344,-0.356733,0.0151738,-0.194497,0.4065928682409961
35.7026,11.8333,3.22593,-0.345556,0.0147854,-0.188495,0.3939009040534941
35.8507,11.8333,3.30841,-0.333463,0.0145587,-0.18196,0.38015650686880265
35.9988,11.8333,3.3909,-0.320433,0.0145043,-0.174886,0.36533928779080144
36.1469,11.8333,3.47338,-0.306435,0.0146335,-0.16726,0.3494173094556851
36.295,11.8333,3.55586,-0.291421,0.0149596,-0.159064,0.3323422106340993
36.4431,11.8333,3.63833,-0.275327,0.0154973,-0.150267,0.31404664386885267
36.5912,11.8333,3.72081,-0.258067,0.0162642,-0.140831,0.29444264509686774
36.7393,11.8333,3.80328,-0.239525,0.0172771,-0.130701,0.27341081765433134
36.8874,11.8333,3.88574,-0.219548,0.0185542,-0.119809,0.2507982837314482
37.0354,11.8333,3.9682,-0.197956,0.0200978,-0.108064,0.22642510372491828
37.1835,11.8333,4.05065,-0.174504,0.0219093,-0.0953601,0.2000630203573364
37.3315,11.8333,4.1331,-0.14897,0.0239067,-0.0815806,0.1715196359057761
37.4795,11.8333,4.21553,-0.12105,0.0260254,-0.0666015,0.14059226062415386
37.6275,11.8333,4.29794,-0.0907005,0.0278331,-0.0503652,0.10741468953034311
37.7754,11.8333,4.38033,-0.0577375,0.0291505,-0.0328005,0.0725206409014013
37.9233,11.8333,4.46269,-0.0231992,0.0279258,-0.0143925,0.039053773729692244
38.0711,11.8333,4.545,0.0122026,0.0187109,0.00543832,0.02299079272213988
38.2187,11.8333,4.62722,0.0378749,-0.00779396,0.0198393,0.04346092137750419
38.3661,11.8333,4.70929,0.0465301,-0.023617,0.0252621,0.057974016519644386
38.5128,11.8333,4.791,0.0363195,-0.0437013,0.0200606,0.06026057894096272
38.6577,11.8333,4.87167,0.0185193,-0.0578746,0.0102958,0.0616314635173464
38.7893,11.8333,4.945,-0.00237519,-0.0191705,-0.00127916,0.019359386562897596
32.1477,0.166667,1.32194,-0.320283,-0.0389026,-0.147268,0.35465825268807716
32.2958,0.166667,1.40277,-0.328163,-0.0384342,-0.15287,0.3640568351214409
32.4439,0.166667,1.4836,-0.336336,-0.0381148,-0.158807,0.37389076763680595
32.5921,0.166667,1.56442,-0.34463,-0.0379149,-0.164956,0.3839503333479605
32.7402,0.166667,1.64525,-0.352864,-0.0377811,-0.171188,0.3940123670104912
32.8883,0.166667,1.72608,-0.360859,-0.037644,-0.17737,0.403851959902388
33.0365,0.166667,1.80691,-0.368439,-0.0374296,-0.183374,0.4132484670911194
33.1846,0.166667,1.88774,-0.37544,-0.0370703,-0.189076,0.4219942351716312
33.3327,0.166667,1.96857,-0.381717,-0.0365156,-0.19437,0.42990807625858807
33.4808,0.166667,2.0494,-0.387144,-0.0357376,-0.199165,0.4368344652322662
33.629,0.166667,2.13023,-0.391624,-0.0347334,-0.203389,0.44265432537428123
33.7771,0.166667,2.21105,-0.395083,-0.0335257,-0.206987,0.4472786241466163
33.9252,0.166667,2.29188,-0.39747,-0.0321539,-0.209923,0.45064835527738256
34.0733,0.166667,2.37271,-0.398761,-0.0306724,-0.212169,0.45273260960942496
34.2215,0.166667,2.45354,-0.398945,-0.0291413,-0.213705,0.45351533095992463
34.3696,0.166667,2.53436,-0.398027,-0.0276117,-0.214527,0.4530008084263096
34.5177,0.166667,2.61519,-0.396023,-0.0261172,-0.214647,0.45120910814592385
34.6658,0.166667,2.69601,-0.39296,-0.0246843,-0.21408,0.4481708632502675
34.8139,0.166667,2.77684,-0.388864,-0.023334,-0.212841,0.443915506975145
34.9621,0.166667,2.85766,-0.383752,-0.0220799,-0.210935,0.43845945503890094
35.1102,0.166667,2.93849,-0.37765,-0.0209449,-0.208377,0.4318323580569316
35.2583,0.166667,3.01931,-0.370585,-0.0199406,-0.205189,0.4240676779411041
35.4064,0.166667,3.10013,-0.362568,-0.0190793,-0.20138,0.41517885147546957
35.5545,0.166667,3.18095,-0.353597,-0.0183763,-0.19695,0.40516395361716223
35.7026,0.166667,3.26177,-0.343663,-0.0178462,-0.191896,0.39401372976006815
35.8507,0.166667,3.34259,-0.332749,-0.017504,-0.186211,0.38171039223212144
35.9988,0.166667,3.4234,-0.320824,-0.0173682,-0.179883,0.3682221979134881
36.1469,0.166667,3.50422,-0.307843,-0.0174586,-0.172893,0.3535026234866723
36.295,0.166667,3.58503,-0.293744,-0.0177962,-0.16521,0.3374856832081029
36.4431,0.166667,3.66584,-0.278442,-0.018402,-0.156794,0.3200827071305165
36.5912,0.166667,3.74665,-0.261827,-0.019298,-0.147592,0.3011796626550338
36.7393,0.166667,3.82745,-0.243761,-0.0205009,-0.137535,0.2806342606432971
36.8874,0.166667,3.90825,-0.22407,-0.022024,-0.126538,0.2582717307798126
37.0354,0.166667,3.98904,-0.202552,-0.0238571,-0.114494,0.23389174838033513
37.1835,0.166667,4.06983,-0.178958,-0.0259796,-0.101281,0.2072649182596032
37.3315,0.166667,4.15061,-0.153056,-0.0282763,-0.0867711,0.17819907988791636
37.4795,0.166667,4.23137,-0.124569,-0.0306267,-0.0708324,0.1465355226682254
37.6275,0.166667,4.31212,-0.0934665,-0.0325265,-0.053438,0.11247035017505724
37.7754,0.166667,4.39285,-0.0596161,-0.0336384,-0.0345291,0.07666733385595197
37.9233,0.166667,4.47355,-0.0242635,-0.031773,-0.0148618,0.04265107338027966
38.0711,0.166667,4.55419,0.0123204,-0.0204425,0.00592374,0.02459224995801726
38.2187,0.166667,4.63475,0.0389918,0.00716261,0.020869,0.04480154696271212
38.3661,0.166667,4.71516,0.0482475,0.0247294,0.0262668,0.060243748744994274
38.5128,0.166667,4.79522,0.0381355,0.0464199,0.0207939,0.06357286963375179
38.6577,0.166667,4.87426,0.019388,0.0621357,0.0106317,0.06595280739574322
38.7893,0.166667,4.94611,-0.00259171,0.0214405,-0.00140792,0.021642417602950464
32.1477,0.5,1.32194,-0.0870508,-0.120534,-0.0168673,0.14963553303253208
32.2958,0.5,1.40277,-0.0887408,-0.117086,-0.017943,0.14800679791698756
32.4439,0.5,1.4836,-0.0919099,-0.113141,-0.0200188,0.14713622243502789
32.5921,0.5,1.56442,-0.0966465,-0.108869,-0.0231385,0.14740554706489167
32.7402,0.5,1.64525,-0.10299,-0.104451,-0.0273206,0.14920913740572325
32.8883,0.5,1.72608,-0.11092,-0.100076,-0.0325505,0.1528986174765815
33.0365,0.5,1.80691,-0.120344,-0.0959168,-0.0387738,0.15870134978846273
33.1846,0.5,1.88774,-0.131105,-0.0921123,-0.0458933,0.1666715087265367
33.3327,0.5,1.96857,-0.142977,-0.0887518,-0.0537726,0.17666577779241796
33.4808,0.5,2.0494,-0.155678,-0.0858643,-0.0622391,0.18836672547798883
33.629,0.5,2.13023,-0.168899,-0.0834171,-0.0710962,0.2013453610785458
33.7771,0.5,2.21105,-0.182289,-0.0813499,-0.08013,0.21509975046710306
33.9252,0.5,2.29188,-0.195511,-0.0795679,-0.0891388,0.22913168156509917
34.0733,0.5,2.37271,-0.208195,-0.0780018,-0.0979104,0.24293185311193755
34.2215,0.5,2.45354,-0.22001,-0.0765904,-0.106205,0.2560273256845058
34.3696,0.5,2.53436,-0.230695,-0.0752487,-0.113799,0.26801634703444865
34.5177,0.5,2.61519,-0.240077,-0.0738883,-0.120574,0.27862974766146203
34.6658,0.5,2.69601,-0.248016,-0.072477,-0.126454,0.2876724976444568
34.8139,0.5,2.77684,-0.25443,-0.0710296,-0.131389,0.2950303345372472
34.9621,0.5,2.85766,-0.259272,-0.0695848,-0.135348,0.30063781445293936
35.1102,0.5,2.93849,-0.262531,-0.0681987,-0.138323,0.3044779810950046
35.2583,0.5,3.01931,-0.264215,-0.0669398,-0.140319,0.3065614535619897
35.4064,0.5,3.10013,-0.264361,-0.0658759,-0.141352,0.306931198195638
35.5545,0.5,3.18095,-0.263011,-0.0650787,-0.141443,0.30564054960637993
35.7026,0.5,3.26177,-0.260232,-0.0645989,-0.14063,0.3027713800959562
35.8507,0.5,3.34259,-0.256088,-0.0644784,-0.138959,0.298409335463152
35.9988,0.5,3.4234,-0.250636,-0.0647702,-0.136471,0.29263956865919555
36.1469,0.5,3.50422,-0.243925,-0.0655278,-0.1332,0.28554428412741867
36.295,0.5,3.58503,-0.235991,-0.066803,-0.129172,0.2771999250973925
36.4431,0.5,3.66584,-0.226862,-0.0686424,-0.124408,0.26768544335798317
36.5912,0.5,3.74665,-0.216548,-0.0710855,-0.118927,0.2570793961857893
36.7393,0.5,3.82745,-0.205048,-0.0741592,-0.112733,0.2454648621241745
36.8874,0.5,3.90825,-0.192321,-0.0778696,-0.105824,0.23291578010336697
37.0354,0.5,3.98904,-0.178342,-0.0821706,-0.0981759,0.21953674819758534
37.1835,0.5,4.06983,-0.162985,-0.0869498,-0.089767,0.2053837681854143
37.3315,0.5,4.15061,-0.146265,-0.0919388,-0.0805544,0.19061795437418796
37.4795,0.5,4.23137,-0.12789,-0.0966488,-0.070496,0.17511861310962923
37.6275,0.5,4.31212,-0.108209,-0.100136,-0.0596083,0.15902690214517165
37.7754,0.5,4.39285,-0.0865919,-0.100745,-0.047839,0.14119589969829152
37.9233,0.5,4.47355,-0.0647613,-0.0955836,-0.0356786,0.12084375476047572
38.0711,0.5,4.55419,-0.0412857,-0.0789998,-0.0229271,0.09203873825156447
38.2187,0.5,4.63475,-0.0193141,-0.039535,-0.0106821,0.04527866985921738
38.3661,0.5,4.71516,0.00750153,0.0419251,0.00409285,0.0427871287126561
38.5128,0.5,4.79522,0.00897286,0.0784232,0.00493773,0.07908913763831604
38.6577,0.5,4.87426,0.000985015,0.0794949,0.000569005,0.07950303860388136
38.7893,0.5,4.94611,-0.000304187,0.021061,-0.000163225,0.02106382902350838
32.1477,0.833333,1.32194,0.0415639,-0.208397,0.0489602,0.21806872443394995
32.2958,0.833333,1.40277,0.0446709,-0.205182,0.0511999,0.21614016792539972
32.4439,0.833333,1.4836,0.0467589,-0.200935,0.0527583,0.21294296694913406
32.5921,0.833333,1.56442,0.04776,-0.195786,0.0535933,0.20853157363068545
32.7402,0.833333,1.64525,0.047609,-0.189872,0.053661,0.20297166350503215
32.8883,0.833333,1.72608,0.046241,-0.18334,0.0529176,0.19634678013850904
33.0365,0.833333,1.80691,0.0435911,-0.176344,0.051319,0.1887618343209506
33.1846,0.833333,1.88774,0.039592,-0.169045,0.0488276,0.18035485302802362
33.3327,0.833333,1.96857,0.0341733,-0.161614,0.0454135,0.17131633141980365
33.4808,0.833333,2.0494,0.0272875,-0.154212,0.0410511,0.16189855283930119
33.629,0.833333,2.13023,0.0188617,-0.146972,0.0357239,0.1524228642366361
33.7771,0.833333,2.21105,0.00892347,-0.140071,0.0294818,0.14341788552715765
33.9252,0.833333,2.29188,-0.00266203,-0.133549,0.0222514,0.1354161977264201
34.0733,0.833333,2.37271,-0.0155249,-0.127739,0.0140925,0.12944834180961917
34.2215,0.833333,2.45354,-0.0292897,-0.122913,0.00507301,0.1264564254023895
34.3696,0.833333,2.53436,-0.0436082,-0.119078,-0.00440068,0.126888183751295
34.5177,0.833333,2.61519,-0.0583016,-0.116034,-0.0140719,0.13061770204750198
34.6658,0.833333,2.69601,-0.0729645,-0.113672,-0.0237433,0.13714549259505396
34.8139,0.833333,2.77684,-0.0872709,-0.111882,-0.0332121,0.14572863650367418
34.9621,0.833333,2.85766,-0.100888,-0.11056,-0.0422693,0.1555268332683785
35.1102,0.833333,2.93849,-0.113524,-0.10962,-0.0507305,0.16576437073825606
35.2583,0.833333,3.01931,-0.124909,-0.109007,-0.0584343,0.17578211441011285
35.4064,0.833333,3.10013,-0.134822,-0.108687,-0.0652696,0.18506743726858055
35.5545,0.833333,3.18095,-0.143005,-0.108712,-0.07105,0.1931756492651183
35.7026,0.833333,3.26177,-0.149488,-0.109101,-0.0757447,0.1999673721462829
35.8507,0.833333,3.34259,-0.154294,-0.109862,-0.0793808,0.20537187949824093
35.9988,0.833333,3.4234,-0.157477,-0.111055,-0.0820074,0.20942166126922018
36.1469,0.833333,3.50422,-0.159101,-0.112759,-0.0836679,0.21219810972864486
36.295,0.833333,3.58503,-0.159236,-0.115046,-0.0844117,0.21381538978494977
36.4431,0.833333,3.66584,-0.157963,-0.117979,-0.0842887,0.21442000549783127
36.5912,0.833333,3.74665,-0.155373,-0.121626,-0.0833587,0.2142016009993623
36.7393,0.833333,3.82745,-0.151575,-0.126036,-0.0816846,0.21338328846973934
36.8874,0.833333,3.90825,-0.146641,-0.131229,-0.0793237,0.21217182353858866
37.0354,0.833333,3.98904,-0.140656,-0.137157,-0.0763227,0.2107636295006565
37.1835,0.833333,4.06983,-0.133643,-0.143675,-0.0727182,0.20926273840614817
37.3315,0.833333,4.15061,-0.125673,-0.150492,-0.068535,0.20769831780252818
37.4795,0.833333,4.23137,-0.116672,-0.156927,-0.0637719,0.20568250811046135
37.6275,0.833333,4.31212,-0.106677,-0.161987,-0.0584099,0.2025623037882666
37.7754,0.833333,4.39285,-0.095456,-0.16338,-0.0523871,0.1963397070956611
37.9233,0.833333,4.47355,-0.0830032,-0.15848,-0.0456025,0.18462131409046467
38.0711,0.833333,4.55419,-0.0688852,-0.140482,-0.037925,0.16099275986217518
38.2187,0.833333,4.63475,-0.0525236,-0.104176,-0.0288624,0.12018488119027285
38.3661,0.833333,4.71516,-0.0319375,-0.0319372,-0.017557,0.04845861016465495
38.5128,0.833333,4.79522,-1.59939e-05,0.0719418,-9.52168e-05,0.07194186478875732
38.6577,0.833333,4.87426,-0.00105138,0.0848671,-0.00055406,0.08487542073414422
38.7893,0.833333,4.94611,0.000441478,0.0202225,0.000241945,0.020228765322122578
32.1477,1.16667,1.32194,0.133434,-0.279861,0.0934639,0.3238245084613115
32.2958,1.16667,1.40277,0.138703,-0.277598,0.0970915,0.3251552416696523
32.4439,1.16667,1.4836,0.142924,-0.274066,0.100062,0.32488743585432783
32.5921,1.16667,1.56442,0.146051,-0.269403,0.102344,0.3230838364047326
32.7402,1.16667,1.64525,0.148046,-0.263744,0.103913,0.31980685924632696
32.8883,1.16667,1.72608,0.14888,-0.257223,0.104747,0.3151203899115384
33.0365,1.16667,1.80691,0.14853,-0.249972,0.104829,0.30908943839122033
33.1846,1.16667,1.88774,0.146977,-0.242122,0.104147,0.3017812105184814
33.3327,1.16667,1.96857,0.144208,-0.2338,0.102691,0.2932640938556918
33.4808,1.16667,2.0494,0.140209,-0.225126,0.100453,0.28360374603661354
33.629,1.16667,2.13023,0.134981,-0.216227,0.0974302,0.27288574488609696
33.7771,1.16667,2.21105,0.128525,-0.207227,0.093625,0.26120364809665275
33.9252,1.16667,2.29188,0.120859,-0.198265,0.0890425,0.2486854939723063
34.0733,1.16667,2.37271,0.11202,-0.189511,0.0836933,0.23551532431221966
34.2215,1.16667,2.45354,0.102029,-0.181146,0.0775584,0.22189884084320943
34.3696,1.16667,2.53436,0.0908866,-0.173309,0.0706451,0.20805555434683784
34.5177,1.16667,2.61519,0.078634,-0.166117,0.0630129,0.1942904763785657
34.6658,1.16667,2.69601,0.0653845,-0.159696,0.054735,0.18103553651493398
34.8139,1.16667,2.77684,0.0512864,-0.154151,0.0459124,0.16882172283127547
34.9621,1.16667,2.85766,0.0365358,-0.149567,0.0366686,0.15827109147472257
35.1102,1.16667,2.93849,0.0213447,-0.146006,0.0271536,0.15003554994417156
35.2583,1.16667,3.01931,0.00595209,-0.143492,0.0175506,0.1446838104271798
35.4064,1.16667,3.10013,-0.00946167,-0.142108,0.00774978,0.14263332693742126
35.5545,1.16667,3.18095,-0.0236233,-0.141858,-0.00155009,0.1438198708311828
35.7026,1.16667,3.26177,-0.0367754,-0.142393,-0.0101919,0.14741801558754614
35.8507,1.16667,3.34259,-0.0487283,-0.143567,-0.0180249,0.15267883851372463
35.9988,1.16667,3.4234,-0.0593505,-0.145344,-0.025019,0.15897581749200096
36.1469,1.16667,3.50422,-0.0685544,-0.14773,-0.0311236,0.16580873661034873
36.295,1.16667,3.58503,-0.0762901,-0.150734,-0.0363229,0.17280124761823915
36.4431,1.16667,3.66584,-0.0824792,-0.154349,-0.0405824,0.17964788733352807
36.5912,1.16667,3.74665,-0.08716,-0.158617,-0.0439142,0.1862382217769489
36.7393,1.16667,3.82745,-0.0905269,-0.163591,-0.0464138,0.19264313051611778
36.8874,1.16667,3.90825,-0.0926739,-0.169302,-0.0481635,0.1989254676441908
37.0354,1.16667,3.98904,-0.0937596,-0.175699,-0.0492549,0.20515127678659473
37.1835,1.16667,4.06983,-0.0938566,-0.182686,-0.049747,0.21132439510988785
37.3315,1.16667,4.15061,-0.0931416,-0.190019,-0.0497328,0.2173842896977608
37.4795,1.16667,4.23137,-0.0916765,-0.197288,-0.0492507,0.22305328297682595
37.6275,1.16667,4.31212,-0.0894408,-0.20345,-0.0483217,0.22743470688426162
37.7754,1.16667,4.39285,-0.0864314,-0.207037,-0.0468854,0.2292006697375032
37.9233,1.16667,4.47355,-0.0818729,-0.205063,-0.044655,0.2252733334161192
38.0711,1.16667,4.55419,-0.0757696,-0.19334,-0.0413709,0.21173790225410755
38.2187,1.16667,4.63475,-0.0650561,-0.164213,-0.035743,0.1802103425589386
38.3661,1.16667,4.71516,-0.0508056,-0.107126,-0.0277528,0.12176783965891814
38.5128,1.16667,4.79522,-0.0241938,0.0062228,-0.0132371,0.028271611462560815
38.6577,1.16667,4.87426,0.00440829,0.0726011,0.00235886,0.07277305107272677
38.7893,1.16667,4.94611,-0.00277141,0.0187831,-0.00151528,0.01904682735986495
32.1477,1.5,1.32194,0.211527,-0.339309,0.131469,0.4209018498070542
32.2958,1.5,1.40277,0.218528,-0.337673,0.136152,0.42463503013411413
32.4439,1.5,1.4836,0.224349,-0.334623,0.140138,0.42654857281908704
32.5921,1.5,1.56442,0.228953,-0.330295,0.143397,0.4267047724633508
32.7402,1.5,1.64525,0.232309,-0.324821,0.145904,0.4251636517130786
32.8883,1.5,1.72608,0.234393,-0.318332,0.147641,0.42198721017822327
33.0365,1.5,1.80691,0.23519,-0.310955,0.148591,0.4172369032168655
33.1846,1.5,1.88774,0.234691,-0.30282,0.148743,0.4109796806777678
33.3327,1.5,1.96857,0.232893,-0.294054,0.14809,0.4032834641601364
33.4808,1.5,2.0494,0.229802,-0.284784,0.146631,0.3942226985106261
33.629,1.5,2.13023,0.225432,-0.275138,0.144368,0.3838783988348394
33.7771,1.5,2.21105,0.219804,-0.265243,0.14131,0.37233877526387177
33.9252,1.5,2.29188,0.212953,-0.255228,0.137473,0.35970701678171363
34.0733,1.5,2.37271,0.204919,-0.245227,0.132876,0.34609841008880693
34.2215,1.5,2.45354,0.195742,-0.235376,0.12754,0.3316372167595187
34.3696,1.5,2.53436,0.185469,-0.225801,0.121489,0.3164560296202302
34.5177,1.5,2.61519,0.174157,-0.216621,0.11476,0.30070779153523775
34.6658,1.5,2.69601,0.161877,-0.207957,0.107394,0.28457643650520326
34.8139,1.5,2.77684,0.148711,-0.199933,0.0994406,0.2682845484524966
34.9621,1.5,2.85766,0.13476,-0.192675,0.0909607,0.252106648403984
35.1102,1.5,2.93849,0.120141,-0.186316,0.0820238,0.23637981196252783
35.2583,1.5,3.01931,0.104993,-0.180986,0.0727163,0.22151099866753796
35.4064,1.5,3.10013,0.0894775,-0.176859,0.0631305,0.2080163188730634
35.5545,1.5,3.18095,0.0737615,-0.174017,0.0533717,0.1963955537483983
35.7026,1.5,3.26177,0.0580386,-0.172407,0.0435851,0.1870623256590434
35.8507,1.5,3.34259,0.0425665,-0.171997,0.0339378,0.18040689898141368
35.9988,1.5,3.4234,0.0275944,-0.172748,0.0245846,0.17665708299561614
36.1469,1.5,3.50422,0.0133582,-0.174622,0.0156917,0.17583376763332464
36.295,1.5,3.58503,-0.000108691,-0.17766,0.00726398,0.17780847229300936
36.4431,1.5,3.66584,-0.0122796,-0.181674,-0.000490863,0.18208918638580593
36.5912,1.5,3.74665,-0.0228927,-0.186372,-0.00733393,0.18791589774826106
36.7393,1.5,3.82745,-0.0322534,-0.191744,-0.0133298,0.19489414284580234
36.8874,1.5,3.90825,-0.0402947,-0.197819,-0.0185101,0.2027280035197407
37.0354,1.5,3.98904,-0.0471877,-0.204508,-0.0229674,0.21113432349584943
37.1835,1.5,4.06983,-0.0527608,-0.211666,-0.0266488,0.219764319474477
37.3315,1.5,4.15061,-0.0573588,-0.219114,-0.0296859,0.2284343003847058
37.4795,1.5,4.23137,-0.0608836,-0.226696,-0.0320868,0.23691232956349065
37.6275,1.5,4.31212,-0.0636867,-0.233487,-0.0339785,0.24439049365337434
37.7754,1.5,4.39285,-0.065345,-0.238762,-0.0352288,0.2500366573493575
37.9233,1.5,4.47355,-0.0661209,-0.239874,-0.0358733,0.25139292540900987
38.0711,1.5,4.55419,-0.0646348,-0.234536,-0.0353024,0.24582728105887677
38.2187,1.5,4.63475,-0.0604101,-0.215094,-0.0330952,0.2258541593175782
38.3661,1.5,4.71516,-0.050253,-0.176267,-0.0275855,0.18535473856432697
38.5128,1.5,4.79522,-0.0339455,-0.0961052,-0.0185681,0.10360154812984215
38.6577,1.5,4.87426,0.000350241,0.0439307,0.000146359,0.04393233993546169
38.7893,1.5,4.94611,-0.0007145,0.0185568,-0.000377284,0.018574382350610097
32.1477,1.83333,1.32194,0.28311,-0.387583,0.16696,0.5081805738012818
32.2958,1.83333,1.40277,0.291608,-0.386108,0.172508,0.5136863083555956
32.4439,1.83333,1.4836,0.298772,-0.383176,0.177294,0.5172250162124798
32.5921,1.83333,1.56442,0.304572,-0.378922,0.181293,0.5188575306546105
32.7402,1.83333,1.64525,0.308984,-0.373475,0.184484,0.518641527586251
32.8883,1.83333,1.72608,0.311991,-0.366959,0.186853,0.5166346246342767
33.0365,1.83333,1.80691,0.313586,-0.359496,0.188386,0.5128965182256553
33.1846,1.83333,1.88774,0.313763,-0.351206,0.189074,0.507485814659878
33.3327,1.83333,1.96857,0.312527,-0.342204,0.188912,0.500464231578042
33.4808,1.83333,2.0494,0.309887,-0.332607,0.1879,0.4918981390674293
33.629,1.83333,2.13023,0.305861,-0.32253,0.186042,0.48185908519503917
33.7771,1.83333,2.21105,0.300472,-0.312091,0.183344,0.4704245289108552
33.9252,1.83333,2.29188,0.293753,-0.301407,0.179819,0.45768097777709743
34.0733,1.83333,2.37271,0.285743,-0.290601,0.175485,0.4437262539843682
34.2215,1.83333,2.45354,0.27649,-0.279796,0.170364,0.42866818661057643
34.3696,1.83333,2.53436,0.266049,-0.269116,0.164484,0.41262631776584485
34.5177,1.83333,2.61519,0.254485,-0.258688,0.15788,0.3957375278754846
34.6658,1.83333,2.69601,0.241875,-0.248638,0.150594,0.3781572735053499
34.8139,1.83333,2.77684,0.228305,-0.239096,0.142677,0.3600649893699747
34.9621,1.83333,2.85766,0.213877,-0.230192,0.134186,0.34166886101750626
35.1102,1.83333,2.93849,0.198697,-0.222054,0.125185,0.3232023529462618
35.2583,1.83333,3.01931,0.182886,-0.21481,0.115747,0.30493932692422604
35.4064,1.83333,3.10013,0.166568,-0.208584,0.105948,0.287188374388658
35.5545,1.83333,3.18095,0.149864,-0.203486,0.095865,0.2702884920173258
35.7026,1.83333,3.26177,0.132916,-0.199602,0.0855884,0.25462324260475516
35.8507,1.83333,3.34259,0.115884,-0.197003,0.0752252,0.240620269678263
35.9988,1.83333,3.4234,0.0989456,-0.195738,0.0648876,0.22872253285830846
36.1469,1.83333,3.50422,0.0822836,-0.195827,0.0546944,0.2193405620247199
36.295,1.83333,3.58503,0.0660861,-0.197277,0.0447575,0.21281170350443607
36.4431,1.83333,3.66584,0.0505063,-0.200038,0.0351818,0.20929368560692413
36.5912,1.83333,3.74665,0.0357437,-0.203936,0.0260979,0.20868302415409837
36.7393,1.83333,3.82745,0.021917,-0.208811,0.0175943,0.2106939676461811
36.8874,1.83333,3.90825,0.00922975,-0.214594,0.00978084,0.2150149714605197
37.0354,1.83333,3.98904,-0.00255784,-0.221332,0.00251474,0.2213610640711984
37.1835,1.83333,4.06983,-0.0127213,-0.228504,-0.00386411,0.2288904559735554
37.3315,1.83333,4.15061,-0.0216683,-0.235953,-0.00944163,0.2371338816174249
37.4795,1.83333,4.23137,-0.0291628,-0.243663,-0.0141709,0.2458107826757199
37.6275,1.83333,4.31212,-0.0356473,-0.251023,-0.0181922,0.2541932978406984
37.7754,1.83333,4.39285,-0.0404801,-0.257465,-0.0213042,0.26149710066968235
37.9233,1.83333,4.47355,-0.0445877,-0.261585,-0.0238051,0.2664234561788808
38.0711,1.83333,4.55419,-0.0462316,-0.261068,-0.0250469,0.2663103615373799
38.2187,1.83333,4.63475,-0.0464159,-0.251091,-0.0252276,0.25658830420650514
38.3661,1.83333,4.71516,-0.0407345,-0.223374,-0.0223695,0.22815704656332664
38.5128,1.83333,4.79522,-0.0314492,-0.158989,-0.0171366,0.16297305716344648
38.6577,1.83333,4.87426,-0.012629,-0.0147227,-0.00686495,0.02057612876107894
38.7893,1.83333,4.94611,0.00339155,0.0138065,0.00186039,0.014338169499786226
32.1477,2.16667,1.32194,0.352076,-0.426901,0.201659,0.588955283411228
32.2958,2.16667,1.40277,0.36183,-0.42503,0.207935,0.5956579673142969
32.4439,2.16667,1.4836,0.370097,-0.421725,0.213378,0.6002948741393683
32.5921,2.16667,1.56442,0.376853,-0.417117,0.217968,0.6029219056577726
32.7402,2.16667,1.64525,0.382081,-0.411334,0.221688,0.6035951618933008
32.8883,2.16667,1.72608,0.38577,-0.404493,0.224525,0.6023657988083321
33.0365,2.16667,1.80691,0.387914,-0.396711,0.226467,0.5992864014859673
33.1846,2.16667,1.88774,0.388513,-0.388098,0.227507,0.5944088187619696
33.3327,2.16667,1.96857,0.387571,-0.378765,0.22764,0.5877875252725256
33.4808,2.16667,2.0494,0.3851,-0.368819,0.226866,0.5794804972706157
33.629,2.16667,2.13023,0.381118,-0.358366,0.225187,0.5695492119641639
33.7771,2.16667,2.21105,0.375651,-0.347514,0.222612,0.5580642942717263
33.9252,2.16667,2.29188,0.368733,-0.336371,0.219152,0.5451028105174289
34.0733,2.16667,2.37271,0.360403,-0.325047,0.214824,0.5307496826131881
34.2215,2.16667,2.45354,0.350711,-0.313653,0.209651,0.5151018848062974
34.3696,2.16667,2.53436,0.339714,-0.302302,0.20366,0.4982664915484484
34.5177,2.16667,2.61519,0.327479,-0.29111,0.196885,0.4803657260525568
34.6658,2.16667,2.69601,0.314082,-0.280196,0.189365,0.46153700216234017
34.8139,2.16667,2.77684,0.299609,-0.269679,0.181148,0.44193541816197535
34.9621,2.16667,2.85766,0.284155,-0.259686,0.172287,0.42173889195804554
35.1102,2.16667,2.93849,0.267828,-0.250341,0.162842,0.4011483152513544
35.2583,2.16667,3.01931,0.25074,-0.241773,0.15288,0.38039062229371534
35.4064,2.16667,3.10013,0.233016,-0.234109,0.142475,0.3597257368635166
35.5545,2.16667,3.18095,0.214787,-0.22747,0.131708,0.3394452143321511
35.7026,2.16667,3.26177,0.196193,-0.221964,0.120664,0.31987421190367943
35.8507,2.16667,3.34259,0.177378,-0.21769,0.109438,0.3013777809129266
35.9988,2.16667,3.4234,0.158498,-0.214728,0.0981259,0.2843561538613329
36.1469,2.16667,3.50422,0.139704,-0.213137,0.0868294,0.26922840319951385
36.295,2.16667,3.58503,0.12116,-0.212945,0.0756504,0.25641431638104767
36.4431,2.16667,3.66584,0.103007,-0.214141,0.0646885,0.2462750737737175
36.5912,2.16667,3.74665,0.0854183,-0.216663,0.0540466,0.2390819451891966
36.7393,2.16667,3.82745,0.0685321,-0.220425,0.0438276,0.23495677874275092
36.8874,2.16667,3.90825,0.0525591,-0.225289,0.0341377,0.23384391177685168
37.0354,2.16667,3.98904,0.0375654,-0.231148,0.0250415,0.23551567655553207
37.1835,2.16667,4.06983,0.0238088,-0.237798,0.0166531,0.23956642815939383
37.3315,2.16667,4.15061,0.0113015,-0.245025,0.00905848,0.24545270539792466
37.4795,2.16667,4.23137,0.000292043,-0.252789,0.00230497,0.2527996770108988
37.6275,2.16667,4.31212,-0.00935396,-0.260595,-0.00356793,0.26078723265751813
37.7754,2.16667,4.39285,-0.0169527,-0.267723,-0.00828844,0.26838721468043814
37.9233,2.16667,4.47355,-0.0235736,-0.27383,-0.0122363,0.27511508601792456
38.0711,2.16667,4.55419,-0.0279331,-0.276567,-0.0149813,0.27837744684923743
38.2187,2.16667,4.63475,-0.031217,-0.273612,-0.0168915,0.27590460381307524
38.3661,2.16667,4.71516,-0.0304597,-0.255879,-0.0167191,0.25822738869047185
38.5128,2.16667,4.79522,-0.0259291,-0.209208,-0.0141489,0.21128297816440397
38.6577,2.16667,4.87426,-0.0144887,-0.0813632,-0.00790664,0.08302052576332916
38.7893,2.16667,4.94611,0.00331441,-0.00147072,0.00180966,0.004052554784589593
32.1477,2.5,1.32194,0.420662,-0.457843,0.236571,0.6652387307831678
32.2958,2.5,1.40277,0.431345,-0.455093,0.243404,0.6726170194769086
32.4439,2.5,1.4836,0.4404,-0.450989,0.249334,0.67787217207745
32.5921,2.5,1.56442,0.447814,-0.445661,0.254347,0.6810605714075657
32.7402,2.5,1.64525,0.453576,-0.439227,0.258432,0.6822306383687264
32.8883,2.5,1.72608,0.45768,-0.431803,0.261578,0.6814307472465562
33.0365,2.5,1.80691,0.460124,-0.423492,0.263776,0.6787026945695737
33.1846,2.5,1.88774,0.460909,-0.414399,0.265021,0.6740918097136325
33.3327,2.5,1.96857,0.460041,-0.404621,0.265307,0.6676403819205367
33.4808,2.5,2.0494,0.457532,-0.394256,0.264634,0.659397056799619
33.629,2.5,2.13023,0.4534,-0.383399,0.263005,0.6494135687110333
33.7771,2.5,2.21105,0.447667,-0.372147,0.260425,0.6377462764477735
33.9252,2.5,2.29188,0.440366,-0.360597,0.256904,0.6244614284173202
34.0733,2.5,2.37271,0.431534,-0.348847,0.252457,0.6096313307352239
34.2215,2.5,2.45354,0.42122,-0.336997,0.247103,0.5933406770296471
34.3696,2.5,2.53436,0.409477,-0.325152,0.240869,0.5756849066928887
34.5177,2.5,2.61519,0.396372,-0.313416,0.233784,0.5567722246089508
34.6658,2.5,2.69601,0.381979,-0.301899,0.225888,0.5367274459034119
34.8139,2.5,2.77684,0.366384,-0.290713,0.217224,0.5156913320979906
34.9621,2.5,2.85766,0.349681,-0.279972,0.207843,0.49382166335024225
35.1102,2.5,2.93849,0.331978,-0.269794,0.197805,0.4713014035041695
35.2583,2.5,3.01931,0.31339,-0.260298,0.187175,0.4483333821265153
35.4064,2.5,3.10013,0.294041,-0.251603,0.176026,0.4251462477383518
35.5545,2.5,3.18095,0.274065,-0.243827,0.164437,0.4019984541301123
35.7026,2.5,3.26177,0.253605,-0.237083,0.152493,0.37918064291706666
35.8507,2.5,3.34259,0.232807,-0.231479,0.140287,0.3570183035349868
35.9988,2.5,3.4234,0.211826,-0.227109,0.127913,0.3358727254869022
36.1469,2.5,3.50422,0.190817,-0.224053,0.115472,0.31614024906993415
36.295,2.5,3.58503,0.169942,-0.222367,0.103065,0.29824446395197346
36.4431,2.5,3.66584,0.149352,-0.222081,0.0907962,0.2826127038889795
36.5912,2.5,3.74665,0.129218,-0.22318,0.0787681,0.2696498053060858
36.7393,2.5,3.82745,0.109685,-0.225621,0.0670845,0.2596843564912026
36.8874,2.5,3.90825,0.0909496,-0.229306,0.0558514,0.2529277569942058
37.0354,2.5,3.98904,0.0731378,-0.234128,0.0451697,0.24941002379802218
37.1835,2.5,4.06983,0.0565082,-0.239892,0.035157,0.24895253158029945
37.3315,2.5,4.15061,0.0411459,-0.246467,0.0259159,0.25121823390952336
37.4795,2.5,4.23137,0.0274252,-0.253603,0.0175964,0.2556878106148199
37.6275,2.5,4.31212,0.0152202,-0.261227,0.0102354,0.2618701270290294
37.7754,2.5,4.39285,0.00507598,-0.268665,0.00406023,0.26874361995331775
37.9233,2.5,4.47355,-0.00373802,-0.276016,-0.00119489,0.27604389653030276
38.0711,2.5,4.55419,-0.0102887,-0.280838,-0.00517572,0.281074060825983
38.2187,2.5,4.63475,-0.0156396,-0.282344,-0.00827721,0.28289793853887324
38.3661,2.5,4.71516,-0.0183348,-0.27246,-0.00997317,0.2732582672324643
38.5128,2.5,4.79522,-0.0175818,-0.238973,-0.00956839,0.23980985907053967
38.6577,2.5,4.87426,-0.011968,-0.125724,-0.00653416,0.12646126856435372
38.7893,2.5,4.94611,0.0022575,-0.0120397,0.00123041,0.012311157179895803
32.1477,2.83333,1.32194,0.49035,-0.480435,0.272259,0.7385024541638301
32.2958,2.83333,1.40277,0.501556,-0.476411,0.279447,0.746067348076566
32.4439,2.83333,1.4836,0.511014,-0.471163,0.285669,0.7514896262264702
32.5921,2.83333,1.56442,0.518721,-0.464813,0.290918,0.7548217561345195
32.7402,2.83333,1.64525,0.524676,-0.457476,0.295188,0.7561118640095525
32.8883,2.83333,1.72608,0.528875,-0.449253,0.298471,0.7553952352742238
33.0365,2.83333,1.80691,0.531321,-0.440243,0.300762,0.7527108905376619
33.1846,2.83333,1.88774,0.532015,-0.430536,0.302054,0.7480894508259023
33.3327,2.83333,1.96857,0.530964,-0.420219,0.302344,0.7415650150816178
33.4808,2.83333,2.0494,0.528177,-0.409379,0.301631,0.7331734918360047
33.629,2.83333,2.13023,0.523671,-0.3981,0.299914,0.7229545861511635
33.7771,2.83333,2.21105,0.517467,-0.386466,0.2972,0.7109542216240086
33.9252,2.83333,2.29188,0.509592,-0.374562,0.293494,0.6972226519154409
34.0733,2.83333,2.37271,0.500081,-0.362475,0.288809,0.6818209227260483
34.2215,2.83333,2.45354,0.488977,-0.350294,0.283163,0.6648200339445255
34.3696,2.83333,2.53436,0.476334,-0.33811,0.276577,0.6463027839836372
34.5177,2.83333,2.61519,0.462212,-0.326019,0.26908,0.6263644048834512
34.6658,2.83333,2.69601,0.446684,-0.314117,0.260706,0.6051146205315154
34.8139,2.83333,2.77684,0.429831,-0.302506,0.251495,0.5826785594322139
34.9621,2.83333,2.85766,0.411746,-0.29129,0.241498,0.5592011414687921
35.1102,2.83333,2.93849,0.392535,-0.280578,0.230769,0.5348477088573905
35.2583,2.83333,3.01931,0.372313,-0.270479,0.219374,0.5098046795450195
35.4064,2.83333,3.10013,0.351205,-0.261104,0.207382,0.48428044020484656
35.5545,2.83333,3.18095,0.329348,-0.252564,0.194874,0.45851341864333695
35.7026,2.83333,3.26177,0.30689,-0.24497,0.181936,0.4327730133638187
35.8507,2.83333,3.34259,0.283984,-0.238426,0.168661,0.40735783121599617
35.9988,2.83333,3.4234,0.260793,-0.23303,0.155148,0.38260537326728694
36.1469,2.83333,3.50422,0.23748,-0.228867,0.1415,0.3588859207171549
36.295,2.83333,3.58503,0.214218,-0.226007,0.127825,0.33661215990810556
36.4431,2.83333,3.66584,0.191171,-0.224498,0.114231,0.31621895042201376
36.5912,2.83333,3.74665,0.168516,-0.224357,0.100827,0.2981606775448432
36.7393,2.83333,3.82745,0.146416,-0.225577,0.0877228,0.2828743848863661
36.8874,2.83333,3.90825,0.125062,-0.228099,0.0750306,0.27073833969602457
37.0354,2.83333,3.98904,0.104616,-0.231857,0.0628642,0.262019242702974
37.1835,2.83333,4.06983,0.0853221,-0.2367,0.0513485,0.2567945077307145
37.3315,2.83333,4.15061,0.0673549,-0.242533,0.0406163,0.2549678851712505
37.4795,2.83333,4.23137,0.0510427,-0.249089,0.0308252,0.25612668759684143
37.6275,2.83333,4.31212,0.0364954,-0.256319,0.0221043,0.2598460006631813
37.7754,2.83333,4.39285,0.0240156,-0.263649,0.0145895,0.26514222175015806
37.9233,2.83333,4.47355,0.0134242,-0.271155,0.0082758,0.27161320298593733
38.0711,2.83333,4.55419,0.00477602,-0.277244,0.00313356,0.27730284005273725
38.2187,2.83333,4.63475,-0.00238624,-0.281492,-0.00102129,0.28150396664807714
38.3661,2.83333,4.71516,-0.0078181,-0.277395,-0.00418269,0.2775366707450496
38.5128,2.83333,4.79522,-0.0103979,-0.254624,-0.00565477,0.2548989488486818
38.6577,2.83333,4.87426,-0.00928269,-0.159331,-0.00507539,0.1596818570730194
38.7893,2.83333,4.94611,0.00128447,-0.0258216,0.000695658,0.025862885179226698
32.1477,3.16667,1.32194,0.561963,-0.493811,0.309017,0.80940918167451
32.2958,3.16667,1.40277,0.573213,-0.488258,0.316325,0.8167193664643934
32.4439,3.16667,1.4836,0.582624,-0.481651,0.322615,0.8218995372927278
32.5921,3.16667,1.56442,0.590204,-0.474106,0.327888,0.8250016978140104
32.7402,3.16667,1.64525,0.595958,-0.465724,0.332143,0.8260652240525563
32.8883,3.16667,1.72608,0.59989,-0.456599,0.335376,0.8251228516269562
33.0365,3.16667,1.80691,0.602003,-0.446813,0.337583,0.8221993376712243
33.1846,3.16667,1.88774,0.602299,-0.436447,0.33876,0.8173178126102477
33.3327,3.16667,1.96857,0.600784,-0.425574,0.338904,0.81050019453915
33.4808,3.16667,2.0494,0.597466,-0.414267,0.338011,0.801769421071919
33.629,3.16667,2.13023,0.592357,-0.402597,0.33608,0.7911516455509652
33.7771,3.16667,2.21105,0.585472,-0.390636,0.333114,0.7786776510700689
33.9252,3.16667,2.29188,0.576837,-0.378456,0.329118,0.7643876807150938
34.0733,3.16667,2.37271,0.56648,-0.366131,0.324099,0.7483259058471784
34.2215,3.16667,2.45354,0.55444,-0.353739,0.318072,0.7305510186872647
34.3696,3.16667,2.53436,0.540765,-0.341357,0.311056,0.7111309456140972
34.5177,3.16667,2.61519,0.525512,-0.32907,0.303074,0.690147648347801
34.6658,3.16667,2.69601,0.508747,-0.316963,0.294158,0.6676960254052737
34.8139,3.16667,2.77684,0.49055,-0.305126,0.284346,0.6438896070694106
34.9621,3.16667,2.85766,0.471011,-0.293652,0.273683,0.6188580157952226
35.1102,3.16667,2.93849,0.450231,-0.282638,0.262222,0.5927500060641079
35.2583,3.16667,3.01931,0.428326,-0.272182,0.250026,0.5657377520335726
35.4064,3.16667,3.10013,0.40542,-0.262387,0.237163,0.5380135711466766
35.5545,3.16667,3.18095,0.381653,-0.253354,0.223713,0.5097987525426088
35.7026,3.16667,3.26177,0.357175,-0.245186,0.209762,0.4813421359750256
35.8507,3.16667,3.34259,0.332145,-0.237981,0.195406,0.4529224682238672
35.9988,3.16667,3.4234,0.306733,-0.231834,0.180745,0.4248539653457409
36.1469,3.16667,3.50422,0.281114,-0.226831,0.165889,0.3974877908540085
36.295,3.16667,3.58503,0.255471,-0.223046,0.150949,0.37121496542838894
36.4431,3.16667,3.66584,0.229987,-0.220538,0.136042,0.34646566262329664
36.5912,3.16667,3.74665,0.204848,-0.219341,0.121286,0.3237027512719038
36.7393,3.16667,3.82745,0.180241,-0.21947,0.106801,0.30341448973640006
36.8874,3.16667,3.90825,0.15636,-0.220898,0.0927057,0.28607468048831236
37.0354,3.16667,3.98904,0.133397,-0.22359,0.0791257,0.2721178496708549
37.1835,3.16667,4.06983,0.111582,-0.227438,0.0661908,0.2618392800414789
37.3315,3.16667,4.15061,0.0911464,-0.232376,0.0540503,0.25539715452418416
37.4795,3.16667,4.23137,0.0723766,-0.238195,0.0428633,0.2526113472103935
37.6275,3.16667,4.31212,0.0555367,-0.244844,0.0328113,0.2531985205142005
37.7754,3.16667,4.39285,0.0408389,-0.251878,0.0240264,0.25629594326514415
37.9233,3.16667,4.47355,0.028392,-0.259245,0.0166155,0.26132384225181216
38.0711,3.16667,4.55419,0.0179505,-0.265759,0.0104534,0.26656957835208805
38.2187,3.16667,4.63475,0.00937215,-0.271016,0.00546354,0.27123303582151287
38.3661,3.16667,4.71516,0.00193066,-0.270784,0.00121337,0.27079360105215283
38.5128,3.16667,4.79522,-0.00333392,-0.256138,-0.001766,0.25616578386382205
38.6577,3.16667,4.87426,-0.00575442,-0.176415,-0.00313249,0.1765366196236251
38.7893,3.16667,4.94611,0.000574923,-0.0335378,0.000308633,0.033544147322962584
32.1477,3.5,1.32194,0.635767,-0.496538,0.346833,0.8780904245133299
32.2958,3.5,1.40277,0.646526,-0.489359,0.353998,0.884750068415369
32.4439,3.5,1.4836,0.655394,-0.481334,0.360113,0.889328447515877
32.5921,3.5,1.56442,0.662385,-0.472565,0.365183,0.8918689314798447
32.7402,3.5,1.64525,0.66751,-0.463137,0.369209,0.8924016845288898
32.8883,3.5,1.72608,0.670779,-0.453129,0.372194,0.8909538322034425
33.0365,3.5,1.80691,0.672194,-0.442611,0.374134,0.8875390250084781
33.1846,3.5,1.88774,0.671759,-0.431648,0.375025,0.8821699953013592
33.3327,3.5,1.96857,0.669477,-0.4203,0.374865,0.8748573093676477
33.4808,3.5,2.0494,0.665351,-0.408626,0.373647,0.8656091737533746
33.629,3.5,2.13023,0.659389,-0.396682,0.37137,0.8544390787791719
33.7771,3.5,2.21105,0.651602,-0.384527,0.368032,0.8413642095769228
33.9252,3.5,2.29188,0.642006,-0.37222,0.363634,0.8264073562063687
34.0733,3.5,2.37271,0.630627,-0.359821,0.358182,0.8096023161367562
34.2215,3.5,2.45354,0.617496,-0.347395,0.351686,0.7909915540870207
34.3696,3.5,2.53436,0.602654,-0.335009,0.34416,0.7706289505313176
34.5177,3.5,2.61519,0.586153,-0.322732,0.335624,0.7485818275973576
34.6658,3.5,2.69601,0.568054,-0.31064,0.326107,0.7249333293241523
34.8139,3.5,2.77684,0.548433,-0.29881,0.31564,0.6997819526030947
34.9621,3.5,2.85766,0.527374,-0.287324,0.304268,0.6732439622276609
35.1102,3.5,2.93849,0.504977,-0.276266,0.292039,0.6454544529290971
35.2583,3.5,3.01931,0.481353,-0.265725,0.279013,0.6165701423220232
35.4064,3.5,3.10013,0.456629,-0.255791,0.265258,0.5867715789691931
35.5545,3.5,3.18095,0.430941,-0.246556,0.250851,0.556260937706397
35.7026,3.5,3.26177,0.404444,-0.238113,0.235879,0.5252729314803877
35.8507,3.5,3.34259,0.3773,-0.230552,0.220439,0.49406767494443515
35.9988,3.5,3.4234,0.349686,-0.223962,0.204633,0.46294053692564013
36.1469,3.5,3.50422,0.321787,-0.218425,0.188575,0.4322231884327818
36.295,3.5,3.58503,0.293795,-0.214014,0.172382,0.40228478487882185
36.4431,3.5,3.66584,0.265909,-0.210791,0.156179,0.3735402548628461
36.5912,3.5,3.74665,0.23833,-0.208799,0.140091,0.3464443672251001
36.7393,3.5,3.82745,0.211263,-0.208067,0.12425,0.3214996021117289
36.8874,3.5,3.90825,0.184913,-0.208591,0.108783,0.29922694387203835
37.0354,3.5,3.98904,0.1595,-0.210356,0.0938277,0.28016697525456136
37.1835,3.5,4.06983,0.135248,-0.213298,0.0795223,0.26478643187537004
37.3315,3.5,4.15061,0.112432,-0.217369,0.0660278,0.253475653974578
37.4795,3.5,4.23137,0.0913174,-0.222421,0.0535108,0.24631965918375254
37.6275,3.5,4.31212,0.0722478,-0.228396,0.0421756,0.2432349864970087
37.7754,3.5,4.39285,0.0554117,-0.234975,0.0321688,0.24355397515813615
37.9233,3.5,4.47355,0.0410505,-0.242019,0.023643,0.24661170158824583
38.0711,3.5,4.55419,0.0288859,-0.248683,0.0164966,0.2508979225090754
38.2187,3.5,4.63475,0.0188563,-0.254321,0.0106671,0.2552420774737191
38.3661,3.5,4.71516,0.00997538,-0.256005,0.00562618,0.2562610429474929
38.5128,3.5,4.79522,0.00263755,-0.247486,0.0014963,0.2475045772903857
38.6577,3.5,4.87426,-0.00292473,-0.183084,-0.00157799,0.1831141588026797
38.7893,3.5,4.94611,6.76739e-05,-0.04031,3.14515e-05,0.04031006907651726
32.1477,3.83333,1.32194,0.711419,-0.486675,0.385402,0.9441950279417912
32.2958,3.83333,1.40277,0.721128,-0.478005,0.392173,0.9499021182932481
32.4439,3.83333,1.4836,0.728936,-0.468702,0.397863,0.9535849325933166
32.5921,3.83333,1.56442,0.734859,-0.458858,0.402495,0.9552856321907076
32.7402,3.83333,1.64525,0.738916,-0.44855,0.406081,0.9550370338981625
32.8883,3.83333,1.72608,0.741117,-0.437839,0.40862,0.9528524030562131
33.0365,3.83333,1.80691,0.741467,-0.426777,0.410112,0.9487379893110637
33.1846,3.83333,1.88774,0.739965,-0.415414,0.410553,0.94269335333925
33.3327,3.83333,1.96857,0.736611,-0.403796,0.409937,0.9347167051604459
33.4808,3.83333,2.0494,0.731405,-0.391965,0.408258,0.92480507665886
33.629,3.83333,2.13023,0.724346,-0.379965,0.405511,0.9129565707425519
33.7771,3.83333,2.21105,0.715439,-0.367839,0.40169,0.899173703319887
33.9252,3.83333,2.29188,0.704695,-0.355633,0.396793,0.8834673500265869
34.0733,3.83333,2.37271,0.692128,-0.343394,0.390822,0.8658535923029943
34.2215,3.83333,2.45354,0.677764,-0.331174,0.383782,0.8463621455948984
34.3696,3.83333,2.53436,0.661637,-0.319026,0.375682,0.8250321651723647
34.5177,3.83333,2.61519,0.643792,-0.307009,0.366541,0.8019195533381139
34.6658,3.83333,2.69601,0.624285,-0.295184,0.356379,0.7770915948084884
34.8139,3.83333,2.77684,0.603185,-0.283617,0.345228,0.7506351436603538
34.9621,3.83333,2.85766,0.580574,-0.272379,0.333126,0.7226544270901549
35.1102,3.83333,2.93849,0.556545,-0.261541,0.32012,0.6932696777632784
35.2583,3.83333,3.01931,0.531209,-0.25118,0.306265,0.6626255687083015
35.4064,3.83333,3.10013,0.504689,-0.241375,0.291628,0.6308880786082426
35.5545,3.83333,3.18095,0.477122,-0.232207,0.276285,0.5982465168791207
35.7026,3.83333,3.26177,0.448662,-0.223756,0.260322,0.5649175882055718
35.8507,3.83333,3.34259,0.419476,-0.216105,0.243834,0.5311464065180146
35.9988,3.83333,3.4234,0.389744,-0.209333,0.226929,0.4972096755554944
36.1469,3.83333,3.50422,0.359659,-0.203515,0.209721,0.46341757556980945
36.295,3.83333,3.58503,0.329421,-0.198721,0.192333,0.4301165120882945
36.4431,3.83333,3.66584,0.299242,-0.19501,0.174895,0.397697040080763
36.5912,3.83333,3.74665,0.269336,-0.192431,0.157541,0.36659342238780007
36.7393,3.83333,3.82745,0.239925,-0.191019,0.14041,0.3372939846573016
36.8874,3.83333,3.90825,0.211227,-0.190784,0.123641,0.3103264040748064
37.0354,3.83333,3.98904,0.183481,-0.191731,0.107381,0.28628086363394956
37.1835,3.83333,4.06983,0.156921,-0.193825,0.0917769,0.26573545160480566
37.3315,3.83333,4.15061,0.131843,-0.19704,0.0769998,0.24927155362985162
37.4795,3.83333,4.23137,0.108513,-0.201282,0.0632249,0.23724860942271084
37.6275,3.83333,4.31212,0.0873169,-0.206502,0.0506699,0.22985812101298486
37.7754,3.83333,4.39285,0.0684561,-0.212471,0.0395025,0.22669497342124725
37.9233,3.83333,4.47355,0.0522385,-0.219018,0.0299001,0.227138198430515
38.0711,3.83333,4.55419,0.0384237,-0.225489,0.021803,0.22977606631607653
38.2187,3.83333,4.63475,0.0269356,-0.231184,0.015132,0.2332392458986266
38.3661,3.83333,4.71516,0.016866,-0.233846,0.00942028,0.23464261195971714
38.5128,3.83333,4.79522,0.00803984,-0.228386,0.00446554,0.2285710941276635
38.6577,3.83333,4.87426,5.07817e-05,-0.178996,5.81201e-05,0.1789960166392735
38.7893,3.83333,4.94611,-0.000211533,-0.042025,-0.00011799,0.04202569800550836
32.1477,4.16667,1.32194,0.787945,-0.461874,0.424004,1.0069579469456507
32.2958,4.16667,1.40277,0.796052,-0.452042,0.430152,1.011469969683727
32.4439,4.16667,1.4836,0.802276,-0.441813,0.435202,1.0140247965158447
32.5921,4.16667,1.56442,0.806668,-0.431264,0.439191,1.014687456511117
32.7402,4.16667,1.64525,0.809238,-0.420428,0.442134,1.0134635256307944
32.8883,4.16667,1.72608,0.809989,-0.409364,0.444047,1.010365677775131
33.0365,4.16667,1.80691,0.808925,-0.398109,0.444927,1.0053907035749834
33.1846,4.16667,1.88774,0.806043,-0.386693,0.444769,0.9985270439297074
33.3327,4.16667,1.96857,0.801335,-0.375147,0.443564,0.9897585947745036
33.4808,4.16667,2.0494,0.794795,-0.363499,0.441304,0.979070904195401
33.629,4.16667,2.13023,0.786416,-0.351779,0.437978,0.9664488182935504
33.7771,4.16667,2.21105,0.776193,-0.340015,0.433579,0.9518805191383003
33.9252,4.16667,2.29188,0.764128,-0.328241,0.4281,0.9353626914010414
34.0733,4.16667,2.37271,0.750227,-0.316491,0.421538,0.9168976987941457
34.2215,4.16667,2.45354,0.734508,-0.304804,0.413892,0.896501014022851
34.3696,4.16667,2.53436,0.716997,-0.293221,0.40517,0.8742001954644028
34.5177,4.16667,2.61519,0.697731,-0.281788,0.395382,0.8500352646972947
34.6658,4.16667,2.69601,0.67676,-0.270556,0.384548,0.8240642032269089
34.8139,4.16667,2.77684,0.654148,-0.259579,0.372694,0.796361526431934
34.9621,4.16667,2.85766,0.62997,-0.248913,0.359854,0.7670168080198765
35.1102,4.16667,2.93849,0.604317,-0.238619,0.346072,0.7361412179969276
35.2583,4.16667,3.01931,0.577294,-0.228763,0.331401,0.7038661061636652
35.4064,4.16667,3.10013,0.549024,-0.219409,0.315905,0.6703459039048422
35.5545,4.16667,3.18095,0.519642,-0.210628,0.299657,0.6357564629612507
35.7026,4.16667,3.26177,0.4893,-0.202489,0.282743,0.6002998327252808
35.8507,4.16667,3.34259,0.458168,-0.195063,0.265259,0.5642072556020528
35.9988,4.16667,3.4234,0.426428,-0.188418,0.247312,0.5277361151674196
36.1469,4.16667,3.50422,0.394278,-0.182621,0.229019,0.49117743564418753
36.295,4.16667,3.58503,0.361926,-0.177735,0.210506,0.45485485128445097
36.4431,4.16667,3.66584,0.329593,-0.173816,0.191908,0.41913270925686535
36.5912,4.16667,3.74665,0.297502,-0.170911,0.173366,0.38441355319629406
36.7393,4.16667,3.82745,0.265891,-0.169057,0.155026,0.35115716396793045
36.8874,4.16667,3.90825,0.23499,-0.168275,0.137036,0.31986816193707057
37.0354,4.16667,3.98904,0.205057,-0.168581,0.119552,0.29113675053829946
37.1835,4.16667,4.06983,0.176333,-0.169963,0.102732,0.26558353127029544
37.3315,4.16667,4.15061,0.149134,-0.172416,0.0867546,0.24391512383031932
37.4795,4.16667,4.23137,0.123733,-0.175892,0.0718048,0.22672401781910975
37.6275,4.16667,4.31212,0.100543,-0.18036,0.0581095,0.21451186083582882
37.7754,4.16667,4.39285,0.0797849,-0.185666,0.0458568,0.20722051039954997
37.9233,4.16667,4.47355,0.061817,-0.191643,0.0352447,0.2044274194331328
38.0711,4.16667,4.55419,0.0464396,-0.197756,0.0262501,0.20482465606994193
38.2187,4.16667,4.63475,0.033592,-0.203323,0.0187985,0.2069348892653194
38.3661,4.16667,4.71516,0.0223692,-0.206475,0.0124364,0.20805521089028267
38.5128,4.16667,4.79522,0.0124518,-0.203001,0.00687871,0.20349882057521634
38.6577,4.16667,4.87426,0.00291486,-0.165238,0.00162379,0.16527168464919723
38.7893,4.16667,4.94611,-0.000629407,-0.0418248,-0.000344347,0.041830952930432486
32.1477,4.5,1.32194,0.86354,-0.419851,0.461593,1.065384574437794
32.2958,4.5,1.40277,0.869586,-0.409503,0.466928,1.0685945328275828
32.4439,4.5,1.4836,0.873801,-0.39895,0.471174,1.0699038407151364
32.5921,4.5,1.56442,0.876237,-0.388251,0.474359,1.0693673737546887
32.7402,4.5,1.64525,0.876937,-0.377454,0.476511,1.0670298764355195
32.8883,4.5,1.72608,0.875917,-0.36659,0.477656,1.062908308992361
33.0365,4.5,1.80691,0.873149,-0.355658,0.477788,1.0569593947304692
33.1846,4.5,1.88774,0.868628,-0.344693,0.476913,1.0491777143086867
33.3327,4.5,1.96857,0.862337,-0.333706,0.475015,1.0395306855644042
33.4808,4.5,2.0494,0.854261,-0.322712,0.472083,1.0279918530581844
33.629,4.5,2.13023,0.844384,-0.311726,0.4681,1.0145319356885716
33.7771,4.5,2.21105,0.832692,-0.300765,0.463055,0.9991273618082931
33.9252,4.5,2.29188,0.819178,-0.289849,0.456936,0.981761450954864
34.0733,4.5,2.37271,0.803839,-0.279002,0.449734,0.9624239838454774
34.2215,4.5,2.45354,0.786682,-0.268251,0.441447,0.9411177513648332
34.3696,4.5,2.53436,0.767727,-0.257626,0.432075,0.9178587625718894
34.5177,4.5,2.61519,0.747002,-0.247162,0.421625,0.8926750152619934
34.6658,4.5,2.69601,0.724553,-0.236896,0.410113,0.8656150630586323
34.8139,4.5,2.77684,0.700434,-0.226872,0.397561,0.8367397692598338
34.9621,4.5,2.85766,0.674718,-0.217134,0.384,0.8061312259675841
35.1102,4.5,2.93849,0.647492,-0.207733,0.36947,0.7738907999537143
35.2583,4.5,3.01931,0.618857,-0.198718,0.354022,0.7401380995848005
35.4064,4.5,3.10013,0.588931,-0.190145,0.337717,0.705016039445203
35.5545,4.5,3.18095,0.55785,-0.18207,0.320628,0.6686915744825861
35.7026,4.5,3.26177,0.525764,-0.17455,0.302837,0.6313523063749749
35.8507,4.5,3.34259,0.492842,-0.167644,0.284441,0.5932153320515241
35.9988,4.5,3.4234,0.459269,-0.16141,0.265547,0.5545235898228316
36.1469,4.5,3.50422,0.425244,-0.155903,0.246273,0.5155468896948172
36.295,4.5,3.58503,0.390982,-0.151178,0.226749,0.4765887336152629
36.4431,4.5,3.66584,0.356708,-0.147285,0.207111,0.43798223115784046
36.5912,4.5,3.74665,0.322656,-0.144266,0.187506,0.40009757950779956
36.7393,4.5,3.82745,0.289072,-0.14216,0.168085,0.36335196987081275
36.8874,4.5,3.90825,0.256197,-0.140994,0.149005,0.328205272459173
37.0354,4.5,3.98904,0.224302,-0.14079,0.130427,0.2952023266049914
37.1835,4.5,4.06983,0.193637,-0.141559,0.112519,0.26494294406720853
37.3315,4.5,4.15061,0.164532,-0.143315,0.095464,0.2381666297888938
37.4795,4.5,4.23137,0.137266,-0.146049,0.0794568,0.21560530657486146
37.6275,4.5,4.31212,0.11227,-0.149761,0.0647307,0.19804790719290621
37.7754,4.5,4.39285,0.0897871,-0.154359,0.0514909,0.18584869380821592
37.9233,4.5,4.47355,0.0702125,-0.159699,0.0399529,0.1789687122813929
38.0711,4.5,4.55419,0.0533909,-0.16534,0.0301268,0.17633924089960804
38.2187,4.5,4.63475,0.0392777,-0.170624,0.0219475,0.1764567364810423
38.3661,4.5,4.71516,0.0269884,-0.173975,0.0149801,0.17669204213990508
38.5128,4.5,4.79522,0.0160913,-0.171796,0.00887436,0.17277601053705227
38.6577,4.5,4.87426,0.00556775,-0.14283,0.00307936,0.14297164473444413
38.7893,4.5,4.94611,-0.000784017,-0.0375769,-0.000425812,0.03758749010143712
32.1477,4.83333,1.32194,0.935572,-0.357788,0.496575,1.1179865610788888
32.2958,4.83333,1.40277,0.93922,-0.347828,0.500983,1.1198671761744783
32.4439,4.83333,1.4836,0.94113,-0.337819,0.50432,1.1199044673814815
32.5921,4.83333,1.56442,0.941352,-0.3278,0.506621,1.1181508241489606
32.7402,4.83333,1.64525,0.939923,-0.3178,0.507912,1.114641954025148
32.8883,4.83333,1.72608,0.936871,-0.307843,0.50821,1.109401634841954
33.0365,4.83333,1.80691,0.932205,-0.297949,0.507535,1.1024389075368304
33.1846,4.83333,1.88774,0.925884,-0.288101,0.505881,1.09369966344422
33.3327,4.83333,1.96857,0.917873,-0.278313,0.503242,1.0831442566260507
33.4808,4.83333,2.0494,0.908145,-0.268585,0.499598,1.070730313783074
33.629,4.83333,2.13023,0.896674,-0.258921,0.49493,1.0564185020232275
33.7771,4.83333,2.21105,0.883437,-0.249328,0.489218,1.0401728875898468
33.9252,4.83333,2.29188,0.868416,-0.239816,0.482447,1.021965347123375
34.0733,4.83333,2.37271,0.851601,-0.230398,0.474602,1.0017757034431412
34.2215,4.83333,2.45354,0.832988,-0.221092,0.465676,0.9795942106729704
34.3696,4.83333,2.53436,0.81259,-0.211919,0.455666,0.9554285290993775
34.5177,4.83333,2.61519,0.790428,-0.202902,0.444575,0.9292968177138023
34.6658,4.83333,2.69601,0.766539,-0.19407,0.432414,0.9012364122787094
34.8139,4.83333,2.77684,0.740976,-0.185454,0.419203,0.8713034912709806
34.9621,4.83333,2.85766,0.713804,-0.177087,0.404969,0.8395688458643519
35.1102,4.83333,2.93849,0.685107,-0.169007,0.38975,0.8061265595413664
35.2583,4.83333,3.01931,0.654982,-0.161254,0.373593,0.7710875452819868
35.4064,4.83333,3.10013,0.623544,-0.153868,0.356558,0.7345856578534596
35.5545,4.83333,3.18095,0.590926,-0.146893,0.338716,0.6967780274814929
35.7026,4.83333,3.26177,0.557278,-0.140373,0.320148,0.6578435150679833
35.8507,4.83333,3.34259,0.522765,-0.134354,0.300948,0.6179837710207284
35.9988,4.83333,3.4234,0.487574,-0.128881,0.281225,0.5774307042944634
36.1469,4.83333,3.50422,0.451905,-0.124,0.261097,0.5364380415611854
36.295,4.83333,3.58503,0.415974,-0.119752,0.240693,0.49528580681158224
36.4431,4.83333,3.66584,0.380011,-0.11618,0.220154,0.45428398192870506
36.5912,4.83333,3.74665,0.344253,-0.113321,0.199629,0.4137674645147924
36.7393,4.83333,3.82745,0.308955,-0.111208,0.179273,0.37411123989797473
36.8874,4.83333,3.90825,0.274365,-0.109872,0.159247,0.3357195505447963
37.0354,4.83333,3.98904,0.240761,-0.10934,0.139718,0.29906891220085047
37.1835,4.83333,4.06983,0.208402,-0.109638,0.12086,0.2646866529464605
37.3315,4.83333,4.15061,0.177626,-0.110798,0.102862,0.23325476141763965
37.4795,4.83333,4.23137,0.14872,-0.112848,0.0859253,0.20551269227006394
37.6275,4.83333,4.31212,0.122126,-0.11582,0.0702891,0.18239953359263286
37.7754,4.83333,4.39285,0.0981147,-0.119685,0.0561747,0.16464079233646806
37.9233,4.83333,4.47355,0.0771087,-0.124342,0.043814,0.15272966697956883
38.0711,4.83333,4.55419,0.0590035,-0.129432,0.0332499,0.14608083887443965
38.2187,4.83333,4.63475,0.0437654,-0.134345,0.0244266,0.14338984639687705
38.3661,4.83333,4.71516,0.0305515,-0.137724,0.0169349,0.14208478161386603
38.5128,4.83333,4.79522,0.0188221,-0.136481,0.0103665,0.13816222034861772
38.6577,4.83333,4.87426,0.00755608,-0.114329,0.00416559,0.11465411778917711
38.7893,4.83333,4.94611,-0.000834072,-0.0303684,-0.000450615,0.03038319352108019
32.1477,5.16667,1.32194,1.00036,-0.274674,0.526995,1.1635676456059612
32.2958,5.16667,1.40277,1.00146,-0.266234,0.530455,1.164124212178838
32.4439,5.16667,1.4836,1.00095,-0.257838,0.532873,1.1628993812333894
32.5921,5.16667,1.56442,0.998865,-0.24951,0.534287,1.1599349665795924
32.7402,5.16667,1.64525,0.995241,-0.241264,0.534722,1.1552664554383114
32.8883,5.16667,1.72608,0.990095,-0.233111,0.534196,1.1489100111679766
33.0365,5.16667,1.80691,0.983437,-0.225059,0.53272,1.140872685644634
33.1846,5.16667,1.88774,0.975263,-0.217115,0.530302,1.1311485550527836
33.3327,5.16667,1.96857,0.965521,-0.209266,0.526936,1.11968058315441
33.4808,5.16667,2.0494,0.954141,-0.201506,0.522599,1.1063902705275386
33.629,5.16667,2.13023,0.941089,-0.19383,0.51727,1.091231793763818
33.7771,5.16667,2.21105,0.92633,-0.186237,0.510923,1.0741572515223272
33.9252,5.16667,2.29188,0.909836,-0.178729,0.503534,1.055126576052845
34.0733,5.16667,2.37271,0.89159,-0.171314,0.495086,1.0341138051936065
34.2215,5.16667,2.45354,0.871582,-0.164,0.485568,1.0111021043139015
34.3696,5.16667,2.53436,0.849816,-0.156801,0.474971,0.986088859230242
34.5177,5.16667,2.61519,0.826309,-0.149732,0.463297,0.9590882886960929
34.6658,5.16667,2.69601,0.801093,-0.142812,0.450554,0.9301312643433721
34.8139,5.16667,2.77684,0.774215,-0.136061,0.436759,0.8992663042875564
34.9621,5.16667,2.85766,0.745737,-0.129504,0.421936,0.8665592578012192
35.1102,5.16667,2.93849,0.715738,-0.123164,0.406121,0.8320964620649459
35.2583,5.16667,3.01931,0.684314,-0.117071,0.389361,0.7959857146695536
35.4064,5.16667,3.10013,0.651577,-0.111251,0.371712,0.758352940835598
35.5545,5.16667,3.18095,0.617656,-0.105737,0.353243,0.7193468318926552
35.7026,5.16667,3.26177,0.582699,-0.100558,0.334036,0.6791392237685878
35.8507,5.16667,3.34259,0.546872,-0.095747,0.314184,0.6379248061088392
35.9988,5.16667,3.4234,0.510358,-0.091336,0.293794,0.5959215279682384
36.1469,5.16667,3.50422,0.473359,-0.0873571,0.272984,0.5533717286394472
36.295,5.16667,3.58503,0.43609,-0.083842,0.251886,0.510539446135164
36.4431,5.16667,3.66584,0.398785,-0.0808218,0.230639,0.46771357463862434
36.5912,5.16667,3.74665,0.361684,-0.078326,0.209396,0.425202261221645
36.7393,5.16667,3.82745,0.325043,-0.0763843,0.188313,0.3833396654463115
36.8874,5.16667,3.90825,0.289115,-0.075026,0.167555,0.34247782691146594
37.0354,5.16667,3.98904,0.254182,-0.0742845,0.147292,0.3030208067579684
37.1835,5.16667,4.06983,0.220508,-0.0741984,0.1277,0.26539870125258713
37.3315,5.16667,4.15061,0.188429,-0.0748225,0.108971,0.23017074833316678
37.4795,5.16667,4.23137,0.158235,-0.07622,0.0913068,0.1979513459192435
37.6275,5.16667,4.31212,0.130371,-0.078471,0.0749484,0.169621809165449
37.7754,5.16667,4.39285,0.105117,-0.0816075,0.0601246,0.14602854265659848
37.9233,5.16667,4.47355,0.0829156,-0.0855962,0.047078,0.12813291638685198
38.0711,5.16667,4.55419,0.0636966,-0.0901485,0.0358738,0.11606437192459193
38.2187,5.16667,4.63475,0.0474467,-0.0947405,0.0264714,0.10921394919651978
38.3661,5.16667,4.71516,0.033353,-0.0981266,0.0184807,0.10527482371892151
38.5128,5.16667,4.79522,0.0208515,-0.0977048,0.0114811,0.10056256088873233
38.6577,5.16667,4.87426,0.00888878,-0.0809803,0.00489575,0.08161364938563219
38.7893,5.16667,4.94611,-0.000850009,-0.0205782,-0.0004574,0.02060082632566182
32.1477,5.5,1.32194,1.05328,-0.16755,0.550104,1.2000359043445326
32.2958,5.5,1.40277,1.052,-0.161949,0.552765,1.199366759513536
32.4439,5.5,1.4836,1.04922,-0.156416,0.554416,1.1969568390347247
32.5921,5.5,1.56442,1.045,-0.150962,0.555091,1.192870715427703
32.7402,5.5,1.64525,1.03935,-0.14559,0.554819,1.1871263594752666
32.8883,5.5,1.72608,1.03229,-0.140303,0.553615,1.1797445249434302
33.0365,5.5,1.80691,1.02381,-0.135101,0.551491,1.1707183774853798
33.1846,5.5,1.88774,1.01392,-0.129985,0.548447,1.1600534377493135
33.3327,5.5,1.96857,1.00258,-0.124958,0.544485,1.1477129751767208
33.4808,5.5,2.0494,0.989737,-0.120013,0.539593,1.1336415019692072
33.629,5.5,2.13023,0.975282,-0.115132,0.533729,1.117719554445121
33.7771,5.5,2.21105,0.95918,-0.110312,0.526874,1.099905096642433
33.9252,5.5,2.29188,0.941396,-0.105552,0.518995,1.080149741260442
34.0733,5.5,2.37271,0.921904,-0.100852,0.510071,1.058418885017175
34.2215,5.5,2.45354,0.900692,-0.0962166,0.500087,1.0346935394350156
34.3696,5.5,2.53436,0.877759,-0.0916529,0.489033,1.0089669921500952
34.5177,5.5,2.61519,0.853118,-0.0871689,0.476908,0.981249193383215
34.6658,5.5,2.69601,0.826797,-0.0827745,0.463718,0.9515667504611802
34.8139,5.5,2.77684,0.798839,-0.0784809,0.449477,0.9199633542238571
34.9621,5.5,2.85766,0.769304,-0.0743011,0.43421,0.8865030298748053
35.1102,5.5,2.93849,0.738268,-0.0702491,0.41795,0.8512677477590761
35.2583,5.5,3.01931,0.705823,-0.0663402,0.400742,0.8143594292626812
35.4064,5.5,3.10013,0.672079,-0.0625905,0.382642,0.7759011877135193
35.5545,5.5,3.18095,0.637162,-0.059017,0.363718,0.7360361431730102
35.7026,5.5,3.26177,0.601219,-0.0556373,0.34405,0.69493179349652
35.8507,5.5,3.34259,0.564412,-0.0524698,0.323731,0.6527754177487385
35.9988,5.5,3.4234,0.526924,-0.049533,0.302867,0.6097793367719179
36.1469,5.5,3.50422,0.488955,-0.0468458,0.281575,0.5661766523159004
36.295,5.5,3.58503,0.45072,-0.0444271,0.259987,0.522221720903497
36.4431,5.5,3.66584,0.412451,-0.042296,0.238244,0.47818927482012813
36.5912,5.5,3.74665,0.374388,-0.0404722,0.216496,0.43436723119135034
36.7393,5.5,3.82745,0.336787,-0.038977,0.194901,0.3910640480778053
36.8874,5.5,3.90825,0.299898,-0.0378351,0.173623,0.34859037755653843
37.0354,5.5,3.98904,0.264004,-0.037079,0.152831,0.3072951005434353
37.1835,5.5,4.06983,0.229361,-0.0367536,0.132701,0.26751981391096996
37.3315,5.5,4.15061,0.196302,-0.0369268,0.11342,0.22970015272576552
37.4795,5.5,4.23137,0.165106,-0.0376903,0.0951883,0.19427136280723417
37.6275,5.5,4.31212,0.136221,-0.0391636,0.0782457,0.16190224820690416
37.7754,5.5,4.39285,0.109929,-0.0414456,0.0628273,0.1332268457393254
37.9233,5.5,4.47355,0.0867129,-0.044577,0.0491954,0.10920816515522087
38.0711,5.5,4.55419,0.0665324,-0.048385,0.0374418,0.09038560096608309
38.2187,5.5,4.63475,0.0494591,-0.052461,0.0275702,0.07719115896169716
38.3661,5.5,4.71516,0.0346932,-0.0558004,0.0192078,0.06845613447485915
38.5128,5.5,4.79522,0.0217465,-0.0562006,0.0119645,0.06143750452988793
38.6577,5.5,4.87426,0.00928723,-0.0446974,0.00511069,0.04593723283034144
38.7893,5.5,4.94611,-0.00109209,-0.00954059,-0.000589947,0.009620995560699994
32.1477,5.83333,1.32194,1.08737,-0.0409522,0.56172,1.2245733779503947
32.2958,5.83333,1.40277,1.08419,-0.0393954,0.563897,1.2227018362013529
32.4439,5.83333,1.4836,1.07963,-0.0378615,0.565093,1.2191655050612489
32.5921,5.83333,1.56442,1.07372,-0.0363497,0.565343,1.2140052086952058
32.7402,5.83333,1.64525,1.0665,-0.0348584,0.564669,1.2072648581034569
32.8883,5.83333,1.72608,1.05795,-0.0333859,0.563087,1.1989327714212379
33.0365,5.83333,1.80691,1.04808,-0.0319297,0.560605,1.1890202513696266
33.1846,5.83333,1.88774,1.03687,-0.0304879,0.557225,1.1775094944718747
33.3327,5.83333,1.96857,1.02429,-0.029059,0.55294,1.164369818047943
33.4808,5.83333,2.0494,1.01031,-0.0276443,0.547741,1.1495697919236962
33.629,5.83333,2.13023,0.994837,-0.0262393,0.541609,1.1330178578974341
33.7771,5.83333,2.21105,0.977747,-0.0248312,0.534483,1.1145751934218886
33.9252,5.83333,2.29188,0.95901,-0.0234231,0.526349,1.094208431476659
34.0733,5.83333,2.37271,0.938604,-0.0220137,0.517178,1.0718839281786485
34.2215,5.83333,2.45354,0.916516,-0.0206032,0.506952,1.0475812142312595
34.3696,5.83333,2.53436,0.892747,-0.0191923,0.495662,1.0212964156562432
34.5177,5.83333,2.61519,0.867307,-0.0177826,0.483303,0.993035469115157
34.6658,5.83333,2.69601,0.840224,-0.0163763,0.469883,0.9628263535376926
34.8139,5.83333,2.77684,0.81154,-0.0149761,0.455415,0.9307117047701775
34.9621,5.83333,2.85766,0.781312,-0.0135853,0.439923,0.8967526122900842
35.1102,5.83333,2.93849,0.749613,-0.0122077,0.42344,0.8610285194511793
35.2583,5.83333,3.01931,0.716534,-0.0108474,0.40601,0.8236399452083174
35.4064,5.83333,3.10013,0.682182,-0.00950893,0.387689,0.7847072457896287
35.5545,5.83333,3.18095,0.646683,-0.00819705,0.368545,0.7443732337629441
35.7026,5.83333,3.26177,0.610179,-0.00691667,0.348656,0.7027995864404653
35.8507,5.83333,3.34259,0.572834,-0.00567276,0.328118,0.6601760323474472
35.9988,5.83333,3.4234,0.534827,-0.00447031,0.307034,0.6167088298026031
36.1469,5.83333,3.50422,0.49636,-0.0033142,0.285525,0.5726331802704415
36.295,5.83333,3.58503,0.457647,-0.00220923,0.263722,0.5281997260413838
36.4431,5.83333,3.66584,0.418922,-0.00116034,0.241768,0.4836824932710668
36.5912,5.83333,3.74665,0.380427,-0.000173159,0.219815,0.43936700665621137
36.7393,5.83333,3.82745,0.342422,0.000744532,0.198024,0.39555895260744517
36.8874,5.83333,3.90825,0.305164,0.00157992,0.176563,0.3525649670801204
37.0354,5.83333,3.98904,0.268939,0.00230979,0.155604,0.31071872435829173
37.1835,5.83333,4.06983,0.23401,0.00289092,0.135328,0.2703381310552516
37.3315,5.83333,4.15061,0.200713,0.00324672,0.115924,0.23180729784836024
37.4795,5.83333,4.23137,0.169325,0.00325028,0.0975928,0.19546323070316424
37.6275,5.83333,4.31212,0.140275,0.00271801,0.080564,0.16178696269897677
37.7754,5.83333,4.39285,0.113811,0.00142581,0.0650519,0.1310981553980303
37.9233,5.83333,4.47355,0.0903322,-0.000820907,0.0512736,0.10387281791740634
38.0711,5.83333,4.55419,0.0696845,-0.00408221,0.0392544,0.0800843424028324
38.2187,5.83333,4.63475,0.0517709,-0.00813295,0.0289051,0.05984877416056656
38.3661,5.83333,4.71516,0.0356323,-0.0122358,0.0197643,0.04254413190347171
38.5128,5.83333,4.79522,0.0208175,-0.0140872,0.0114744,0.027631130368662084
38.6577,5.83333,4.87426,0.00678378,-0.00762762,0.00374387,0.01087275588476537
38.7893,5.83333,4.94611,-0.00114935,0.000183688,-0.000625046,0.0013211469282256231
32.1477,6.16667,1.32194,1.0742,0.108346,0.556171,1.2144837079833555
32.2958,6.16667,1.40277,1.07149,0.104754,0.558468,1.2128275753956126
32.4439,6.16667,1.4836,1.0674,0.101214,0.559789,1.209525013514396
32.5921,6.16667,1.56442,1.06196,0.0977352,0.560165,1.2046144769776097
32.7402,6.16667,1.64525,1.05518,0.0943268,0.559621,1.1981143690145946
32.8883,6.16667,1.72608,1.04708,0.0909939,0.55817,1.190046286972574
33.0365,6.16667,1.80691,1.03764,0.08774,0.555819,1.180393933380293
33.1846,6.16667,1.88774,1.02684,0.0845679,0.55257,1.1691388797787925
33.3327,6.16667,1.96857,1.01468,0.081482,0.548417,1.1562767941167893
33.4808,6.16667,2.0494,1.00108,0.0784882,0.543352,1.1417324379394849
33.629,6.16667,2.13023,0.985981,0.0755779,0.537349,1.1254396914674771
33.7771,6.16667,2.21105,0.969252,0.0727384,0.530353,1.1072554443070308
33.9252,6.16667,2.29188,0.950871,0.0699804,0.522347,1.0871519228857391
34.0733,6.16667,2.37271,0.930813,0.0673072,0.513303,1.0650929865273924
34.2215,6.16667,2.45354,0.909065,0.0647241,0.503204,1.0410584272565158
34.3696,6.16667,2.53436,0.885625,0.0622368,0.492039,1.0150406087542705
34.5177,6.16667,2.61519,0.860504,0.0598517,0.479805,0.9870472116539766
34.6658,6.16667,2.69601,0.833728,0.0575758,0.466508,0.9571034765340892
34.8139,6.16667,2.77684,0.805337,0.0554159,0.45216,0.9252498425516267
34.9621,6.16667,2.85766,0.77539,0.0533795,0.436786,0.8915497927296321
35.1102,6.16667,2.93849,0.743959,0.0514738,0.420418,0.8560816786332015
35.2583,6.16667,3.01931,0.711135,0.0497062,0.4031,0.8189464601202207
35.4064,6.16667,3.10013,0.677024,0.0480839,0.384887,0.7802637764142393
35.5545,6.16667,3.18095,0.641754,0.046614,0.365848,0.7401795867328416
35.7026,6.16667,3.26177,0.605466,0.0453034,0.34606,0.698855492077983
35.8507,6.16667,3.34259,0.568325,0.0441587,0.325619,0.6564838380125515
35.9988,6.16667,3.4234,0.530513,0.043186,0.304629,0.6132763662542362
36.1469,6.16667,3.50422,0.49223,0.0423908,0.283211,0.5694697738648119
36.295,6.16667,3.58503,0.453694,0.0417773,0.261497,0.5253230143828557
36.4431,6.16667,3.66584,0.415142,0.0413481,0.239632,0.4811195703373643
36.5912,6.16667,3.74665,0.376819,0.0411028,0.21777,0.43715646149729964
36.7393,6.16667,3.82745,0.338992,0.041036,0.196074,0.39375695909532826
36.8874,6.16667,3.90825,0.301923,0.0411341,0.174717,0.35124854761380864
37.0354,6.16667,3.98904,0.26591,0.0413699,0.153877,0.30999633522835396
37.1835,6.16667,4.06983,0.231227,0.0416947,0.13374,0.270353030567608
37.3315,6.16667,4.15061,0.198224,0.0420295,0.114505,0.23274584436945378
37.4795,6.16667,4.23137,0.167194,0.0422556,0.0963779,0.197555230190876
37.6275,6.16667,4.31212,0.138572,0.0422226,0.0795949,0.16528852120086862
37.7754,6.16667,4.39285,0.112599,0.0417757,0.0643642,0.1362589232055281
37.9233,6.16667,4.47355,0.089643,0.0408327,0.0508848,0.11087127540228804
38.0711,6.16667,4.55419,0.0694921,0.0394397,0.0391476,0.08897851698168496
38.2187,6.16667,4.63475,0.0519776,0.0377771,0.0290226,0.07050596781074635
38.3661,6.16667,4.71516,0.0360815,0.0358452,0.0200151,0.054656721757712474
38.5128,6.16667,4.79522,0.0213147,0.0323467,0.0117497,0.04048062360031031
38.6577,6.16667,4.87426,0.00716944,0.0217329,0.00395799,0.023224674317710033
38.7893,6.16667,4.94611,-0.00114544,0.00383935,-0.000622301,0.0040546146241906885
32.1477,6.5,1.32194,1.02991,0.224247,0.540062,1.1843429777530665
32.2958,6.5,1.40277,1.0295,0.217121,0.542972,1.183989177072578
32.4439,6.5,1.4836,1.02758,0.210086,0.544872,1.1819231278640756
32.5921,6.5,1.56442,1.02418,0.20316,0.545797,1.1781820840638344
32.7402,6.5,1.64525,1.01933,0.196356,0.545772,1.1727985349666838
32.8883,6.5,1.72608,1.01304,0.189683,0.544815,1.165784313805088
33.0365,6.5,1.80691,1.00532,0.183145,0.542935,1.1571468392775395
33.1846,6.5,1.88774,0.996156,0.17675,0.540133,1.146870087030349
33.3327,6.5,1.96857,0.985522,0.170502,0.536415,1.1349297761152448
33.4808,6.5,2.0494,0.973331,0.164382,0.53175,1.1212282283215136
33.629,6.5,2.13023,0.95952,0.158396,0.526121,1.1056994301603849
33.7771,6.5,2.21105,0.944048,0.152535,0.519494,1.0882865287069394
33.9252,6.5,2.29188,0.92688,0.146804,0.511842,1.0689434885811318
34.0733,6.5,2.37271,0.907991,0.141207,0.503143,1.0476354095671834
34.2215,6.5,2.45354,0.887367,0.135753,0.493382,1.0243411871158945
34.3696,6.5,2.53436,0.865007,0.130455,0.48255,0.9990546129086236
34.5177,6.5,2.61519,0.840921,0.125323,0.470645,0.971782227968283
34.6658,6.5,2.69601,0.815137,0.120372,0.457672,0.9425504796757572
34.8139,6.5,2.77684,0.787699,0.115617,0.443647,0.9114053247041077
34.9621,6.5,2.85766,0.758665,0.111076,0.428592,0.8784085396129754
35.1102,6.5,2.93849,0.72811,0.106766,0.412541,0.8436428317344966
35.2583,6.5,3.01931,0.696127,0.102705,0.395539,0.8072126223461821
35.4064,6.5,3.10013,0.662825,0.0989122,0.377639,0.7692410664121099
35.5545,6.5,3.18095,0.62833,0.0954074,0.35891,0.7298750228462131
35.7026,6.5,3.26177,0.59279,0.0922097,0.339433,0.689287584657587
35.8507,6.5,3.34259,0.556367,0.0893386,0.319298,0.6476703150083073
35.9988,6.5,3.4234,0.519245,0.0868125,0.298613,0.6052449949815777
36.1469,6.5,3.50422,0.481627,0.0846489,0.277497,0.562258471176033
36.295,6.5,3.58503,0.44373,0.0828631,0.256081,0.5189798500930551
36.4431,6.5,3.66584,0.40579,0.0814672,0.234509,0.4757067372413807
36.5912,6.5,3.74665,0.368052,0.0804678,0.212933,0.4327560560290751
36.7393,6.5,3.82745,0.330782,0.0798639,0.191516,0.39047836342518394
36.8874,6.5,3.90825,0.294242,0.0796418,0.170428,0.34923756106014714
37.0354,6.5,3.98904,0.258726,0.07977,0.149847,0.30944550309384045
37.1835,6.5,4.06983,0.224512,0.0801888,0.129956,0.2715224552876612
37.3315,6.5,4.15061,0.191953,0.080805,0.110958,0.23598110093395194
37.4795,6.5,4.23137,0.161354,0.0814774,0.0930627,0.2033084999650777
37.6275,6.5,4.31212,0.133172,0.0820386,0.0765192,0.17412725646089988
37.7754,6.5,4.39285,0.107683,0.0823001,0.0615555,0.14885568356384649
37.9233,6.5,4.47355,0.0853099,0.082156,0.0484037,0.1279464948628918
38.0711,6.5,4.55419,0.0659279,0.0815495,0.0371024,0.11123577227861547
38.2187,6.5,4.63475,0.0494862,0.080551,0.0275883,0.09848076912946
38.3661,6.5,4.71516,0.0351179,0.0788399,0.0194457,0.08847107991264716
38.5128,6.5,4.79522,0.0222749,0.0750133,0.012258,0.07920495509057499
38.6577,6.5,4.87426,0.00973689,0.0602339,0.00535863,0.061250670621300136
38.7893,6.5,4.94611,-0.00103957,0.0146903,-0.000560514,0.014737699814390846
32.1477,6.83333,1.32194,0.96895,0.322676,0.512079,1.1424573540036407
32.2958,6.83333,1.40277,0.971185,0.313209,0.515943,1.1434585087159919
32.4439,6.83333,1.4836,0.971772,0.303787,0.518765,1.1426917723419556
32.5921,6.83333,1.56442,0.970756,0.294441,0.52058,1.1402044774587583
32.7402,6.83333,1.64525,0.968169,0.285196,0.521414,1.1360284020978524
32.8883,6.83333,1.72608,0.964031,0.276068,0.521283,1.1301793112926815
33.0365,6.83333,1.80691,0.958353,0.267075,0.520197,1.122663995611777
33.1846,6.83333,1.88774,0.951126,0.258225,0.51817,1.113472481654127
33.3327,6.83333,1.96857,0.942281,0.249498,0.51518,1.1025212775112325
33.4808,6.83333,2.0494,0.931778,0.240904,0.511217,1.089765020354847
33.629,6.83333,2.13023,0.919582,0.232442,0.506254,1.0751527568694599
33.7771,6.83333,2.21105,0.905661,0.224115,0.500266,1.0586384892407796
33.9252,6.83333,2.29188,0.889989,0.215932,0.493234,1.0401859581348905
34.0733,6.83333,2.37271,0.872548,0.207904,0.485139,1.0197666080241106
34.2215,6.83333,2.45354,0.853329,0.200044,0.475971,0.9973647161485111
34.3696,6.83333,2.53436,0.832335,0.192369,0.465722,0.9729770632805278
34.5177,6.83333,2.61519,0.809584,0.1849,0.454392,0.9466183775524327
34.6658,6.83333,2.69601,0.785106,0.17766,0.441991,0.9183194166067709
34.8139,6.83333,2.77684,0.758949,0.170672,0.428534,0.8881294417712995
34.9621,6.83333,2.85766,0.731173,0.163965,0.414046,0.8561148096312784
35.1102,6.83333,2.93849,0.701858,0.157567,0.398562,0.8223646876520173
35.2583,6.83333,3.01931,0.671097,0.151509,0.382127,0.7869861527492082
35.4064,6.83333,3.10013,0.639002,0.145822,0.364799,0.7501106065701244
35.5545,6.83333,3.18095,0.605704,0.140539,0.346646,0.7118932472309314
35.7026,6.83333,3.26177,0.571349,0.135693,0.327748,0.6725109824783533
35.8507,6.83333,3.34259,0.536104,0.131316,0.308198,0.6321688048899597
35.9988,6.83333,3.4234,0.500153,0.12744,0.288104,0.5910988849803389
36.1469,6.83333,3.50422,0.463698,0.124094,0.267585,0.5495606320188884
36.295,6.83333,3.58503,0.426958,0.121305,0.246771,0.5078424590658012
36.4431,6.83333,3.66584,0.390168,0.119094,0.225806,0.46626473027240656
36.5912,6.83333,3.74665,0.353573,0.117477,0.204841,0.42517590140905215
36.7393,6.83333,3.82745,0.317433,0.116455,0.184036,0.3849606808623447
36.8874,6.83333,3.90825,0.282009,0.116017,0.16356,0.3460359720751587
37.0354,6.83333,3.98904,0.247593,0.116127,0.143587,0.30887699873412394
37.1835,6.83333,4.06983,0.214461,0.116717,0.124301,0.27398379005152845
37.3315,6.83333,4.15061,0.182967,0.11768,0.105901,0.24195149780482864
37.4795,6.83333,4.23137,0.153419,0.118856,0.0885987,0.21333979455012606
37.6275,6.83333,4.31212,0.126273,0.120061,0.0726434,0.18877652876764103
37.7754,6.83333,4.39285,0.101811,0.12108,0.058263,0.1685835795384592
37.9233,6.83333,4.47355,0.080436,0.12178,0.0456819,0.15292859276018334
38.0711,6.83333,4.55419,0.0620225,0.122035,0.034931,0.14127811752798097
38.2187,6.83333,4.63475,0.0464629,0.121801,0.0259197,0.13291394029784837
38.3661,6.83333,4.71516,0.03291,0.120516,0.0182316,0.12625199243798096
38.5128,6.83333,4.79522,0.0207392,0.116284,0.0114181,0.11866952464828533
38.6577,6.83333,4.87426,0.00899613,0.0968335,0.00495397,0.09737658289336201
38.7893,6.83333,4.94611,-0.00080713,0.0263002,-0.00043358,0.026316154173687687
32.1477,7.16667,1.32194,0.897732,0.39518,0.477947,1.09111104431813
32.2958,7.16667,1.40277,0.902699,0.384778,0.482865,1.0936536024308612
32.4439,7.16667,1.4836,0.905894,0.374299,0.486712,1.094363857033391
32.5921,7.16667,1.56442,0.907367,0.363793,0.48952,1.0932932131583
32.7402,7.16667,1.64525,0.907156,0.3533,0.491313,1.090477584503689
32.8883,7.16667,1.72608,0.90529,0.342853,0.492112,1.085943085181263
33.0365,7.16667,1.80691,0.901767,0.332463,0.491932,1.0796816481176292
33.1846,7.16667,1.88774,0.896545,0.322132,0.490764,1.0716395224817905
33.3327,7.16667,1.96857,0.889606,0.311879,0.488603,1.061791051707444
33.4808,7.16667,2.0494,0.880927,0.301711,0.485428,1.0500963051234873
33.629,7.16667,2.13023,0.870482,0.291636,0.481222,1.0365158378452304
33.7771,7.16667,2.21105,0.858252,0.281669,0.475968,1.0210188333664565
33.9252,7.16667,2.29188,0.844219,0.271825,0.469649,1.003575973101688
34.0733,7.16667,2.37271,0.828373,0.262123,0.462253,0.9841687509096192
34.2215,7.16667,2.45354,0.810715,0.252584,0.453773,0.9627914747285623
34.3696,7.16667,2.53436,0.791253,0.243234,0.444205,0.9394478009926895
34.5177,7.16667,2.61519,0.770013,0.234103,0.433554,0.9141626254086304
34.6658,7.16667,2.69601,0.747029,0.225221,0.421831,0.8869713739704344
34.8139,7.16667,2.77684,0.722353,0.216625,0.409053,0.8579304191150936
34.9621,7.16667,2.85766,0.69605,0.208352,0.395249,0.8271142184759007
35.1102,7.16667,2.93849,0.668203,0.200443,0.380456,0.794619036642088
35.2583,7.16667,3.01931,0.638908,0.19294,0.364721,0.7605594545497414
35.4064,7.16667,3.10013,0.60828,0.185888,0.348102,0.7250751060048883
35.5545,7.16667,3.18095,0.57645,0.179331,0.330668,0.688328073148989
35.7026,7.16667,3.26177,0.543566,0.173315,0.312502,0.6505071756598846
35.8507,7.16667,3.34259,0.509797,0.167886,0.293698,0.6118310268440135
35.9988,7.16667,3.4234,0.475326,0.163087,0.274361,0.5725435652996198
36.1469,7.16667,3.50422,0.440354,0.15896,0.254611,0.5329227788685712
36.295,7.16667,3.58503,0.405099,0.15554,0.234578,0.4932795652416589
36.4431,7.16667,3.66584,0.369793,0.152859,0.214401,0.4539609295203718
36.5912,7.16667,3.74665,0.334675,0.150934,0.194232,0.41534864608543026
36.7393,7.16667,3.82745,0.300003,0.149771,0.174226,0.3778727980762839
36.8874,7.16667,3.90825,0.26603,0.149354,0.154548,0.3419995066078312
37.0354,7.16667,3.98904,0.233045,0.149639,0.135369,0.308263796945084
37.1835,7.16667,4.06983,0.20132,0.150542,0.116869,0.2772201279218376
37.3315,7.16667,4.15061,0.171207,0.151936,0.0992468,0.249492108603138
37.4795,7.16667,4.23137,0.143018,0.153637,0.0827129,0.2256100616537525
37.6275,7.16667,4.31212,0.11721,0.155435,0.067518,0.2060507307655083
37.7754,7.16667,4.39285,0.094058,0.157097,0.0538855,0.19086650277942957
37.9233,7.16667,4.47355,0.0739528,0.158466,0.0420329,0.1798534249500131
38.0711,7.16667,4.55419,0.056735,0.159398,0.0319694,0.17218776136926806
38.2187,7.16667,4.63475,0.0422826,0.159765,0.0235919,0.16694086148504805
38.3661,7.16667,4.71516,0.0297006,0.158892,0.0164563,0.16247954675604556
38.5128,7.16667,4.79522,0.0184021,0.154301,0.0101312,0.15572436257326597
38.6577,7.16667,4.87426,0.00741354,0.129837,0.00408611,0.1301126567220257
38.7893,7.16667,4.94611,-0.000855959,0.0360117,-0.000462889,0.03602484516172141
32.1477,7.5,1.32194,0.82093,0.447061,0.440169,1.033217475259686
32.2958,7.5,1.40277,0.828384,0.436853,0.446074,1.0373247363005473
32.4439,7.5,1.4836,0.833976,0.426382,0.450889,1.0395280029037217
32.5921,7.5,1.56442,0.83776,0.415719,0.454643,1.0398867063339159
32.7402,7.5,1.64525,0.839778,0.404923,0.457367,1.0384480236882345
32.8883,7.5,1.72608,0.840023,0.39401,0.45907,1.0351945640936298
33.0365,7.5,1.80691,0.838493,0.383025,0.459763,1.0301265348698674
33.1846,7.5,1.88774,0.835181,0.371992,0.459437,1.0232241727959714
33.3327,7.5,1.96857,0.830075,0.360935,0.458081,1.014463790586436
33.4808,7.5,2.0494,0.823162,0.349875,0.455684,1.003820751790378
33.629,7.5,2.13023,0.814427,0.338836,0.452232,0.991269365535423
33.7771,7.5,2.21105,0.803859,0.32784,0.447713,0.9767882512858147
33.9252,7.5,2.29188,0.791451,0.316916,0.442117,0.9603634094164563
34.0733,7.5,2.37271,0.777203,0.306092,0.435436,0.9419879647686588
34.2215,7.5,2.45354,0.761123,0.2954,0.427666,0.9216656599250077
34.3696,7.5,2.53436,0.74323,0.284877,0.41881,0.8994151178010074
34.5177,7.5,2.61519,0.723554,0.274562,0.408874,0.8752671767157729
34.6658,7.5,2.69601,0.702138,0.264498,0.397874,0.8492706770659164
34.8139,7.5,2.77684,0.679038,0.254731,0.385832,0.8214906086066962
34.9621,7.5,2.85766,0.654325,0.245312,0.372778,0.7920117551229906
35.1102,7.5,2.93849,0.628084,0.236293,0.358752,0.7609381646421738
35.2583,7.5,3.01931,0.600415,0.227728,0.343804,0.7283950882762734
35.4064,7.5,3.10013,0.571436,0.219675,0.327994,0.6945331322240863
35.5545,7.5,3.18095,0.541279,0.212191,0.311393,0.6595252662112346
35.7026,7.5,3.26177,0.510096,0.205335,0.294084,0.6235750079156476
35.8507,7.5,3.34259,0.478053,0.199166,0.276162,0.586913295648514
35.9988,7.5,3.4234,0.445334,0.193738,0.257732,0.549802299034844
36.1469,7.5,3.50422,0.412138,0.189104,0.238913,0.5125402183526674
36.295,7.5,3.58503,0.378678,0.18531,0.219832,0.47546075758994033
36.4431,7.5,3.66584,0.345181,0.182392,0.200627,0.43893958303392966
36.5912,7.5,3.74665,0.31188,0.180374,0.181444,0.4033929094716465
36.7393,7.5,3.82745,0.279026,0.17926,0.162434,0.3692891287758143
36.8874,7.5,3.90825,0.246862,0.179027,0.143757,0.33713141179961265
37.0354,7.5,3.98904,0.215668,0.179625,0.125577,0.30748562531929846
37.1835,7.5,4.06983,0.185707,0.180947,0.108068,0.28090496485822386
37.3315,7.5,4.15061,0.157327,0.182849,0.0914234,0.2579608105847863
37.4795,7.5,4.23137,0.130833,0.185116,0.0758502,0.23903652479284418
37.6275,7.5,4.31212,0.106676,0.187522,0.0615949,0.22436176404639452
37.7754,7.5,4.39285,0.0851083,0.189807,0.0488668,0.21367752366622467
37.9233,7.5,4.47355,0.0664951,0.19182,0.0378693,0.2065202038699846
38.0711,7.5,4.55419,0.0506238,0.193374,0.0285781,0.20192320520943102
38.2187,7.5,4.63475,0.0373664,0.194318,0.0208822,0.19897688119427343
38.3661,7.5,4.71516,0.0257779,0.19373,0.0143087,0.19596058768053337
38.5128,7.5,4.79522,0.0153883,0.188575,0.00848752,0.18939210225783015
38.6577,7.5,4.87426,0.0052181,0.15745,0.0028886,0.15756292418449844
38.7893,7.5,4.94611,-0.000826472,0.0426903,-0.000449265,0.042700662864843315
32.1477,7.83333,1.32194,0.742108,0.479065,0.400573,0.9698898320005216
32.2958,7.83333,1.40277,0.751621,0.469909,0.407305,0.9755234281897077
32.4439,7.83333,1.4836,0.759234,0.460271,0.41295,0.9791901565564269
32.5921,7.83333,1.56442,0.764983,0.450221,0.417531,0.9809332673994698
32.7402,7.83333,1.64525,0.768876,0.43983,0.42107,0.9807755488265396
32.8883,7.83333,1.72608,0.77093,0.42916,0.423575,0.9787375292308965
33.0365,7.83333,1.80691,0.771146,0.418256,0.425041,0.974814898600242
33.1846,7.83333,1.88774,0.769524,0.407161,0.425465,0.969003474050532
33.3327,7.83333,1.96857,0.766057,0.395916,0.424839,0.9612913097630708
33.4808,7.83333,2.0494,0.760742,0.384556,0.423155,0.9516679366906295
33.629,7.83333,2.13023,0.753571,0.373119,0.420403,0.9401200575516938
33.7771,7.83333,2.21105,0.744542,0.361642,0.416576,0.9266408633899113
33.9252,7.83333,2.29188,0.733658,0.350165,0.411667,0.9112295578381993
34.0733,7.83333,2.37271,0.720927,0.338729,0.405674,0.8938928733612322
34.2215,7.83333,2.45354,0.706367,0.327379,0.398597,0.8746490248888407
34.3696,7.83333,2.53436,0.690004,0.316163,0.390443,0.853528147651851
34.5177,7.83333,2.61519,0.671874,0.305131,0.381223,0.8305724380004431
34.6658,7.83333,2.69601,0.652029,0.29434,0.370956,0.8058450262780058
34.8139,7.83333,2.77684,0.630529,0.283846,0.359668,0.7794205808040997
34.9621,7.83333,2.85766,0.607449,0.273713,0.347393,0.7513953622554507
35.1102,7.83333,2.93849,0.58288,0.264004,0.334173,0.7218855867414171
35.2583,7.83333,3.01931,0.556924,0.254788,0.320061,0.6910284440173211
35.4064,7.83333,3.10013,0.529701,0.246132,0.305119,0.6589853678087245
35.5545,7.83333,3.18095,0.501346,0.238108,0.28942,0.6259450197741012
35.7026,7.83333,3.26177,0.472008,0.230787,0.273048,0.5921227927862598
35.8507,7.83333,3.34259,0.441856,0.224237,0.256096,0.5577670823211065
35.9988,7.83333,3.4234,0.411069,0.218526,0.238671,0.5231588493736868
36.1469,7.83333,3.50422,0.379843,0.213715,0.220889,0.4886171877809867
36.295,7.83333,3.58503,0.348386,0.209856,0.202874,0.4544999511639138
36.4431,7.83333,3.66584,0.316917,0.206991,0.184761,0.4212105009267932
36.5912,7.83333,3.74665,0.285662,0.205143,0.166689,0.3891935911779638
36.7393,7.83333,3.82745,0.254857,0.204315,0.148806,0.35894280228192343
36.8874,7.83333,3.90825,0.22474,0.204473,0.131262,0.33097883311927967
37.0354,7.83333,3.98904,0.195574,0.205551,0.114216,0.3058524116841324
37.1835,7.83333,4.06983,0.167618,0.20742,0.0978334,0.28406024797489704
37.3315,7.83333,4.15061,0.14121,0.209913,0.0823041,0.2660407798549125
37.4795,7.83333,4.23137,0.116651,0.212781,0.0678279,0.25195998448247686
37.6275,7.83333,4.31212,0.0943738,0.215792,0.0546461,0.2417825420406734
37.7754,7.83333,4.39285,0.0746092,0.21866,0.0429503,0.23499671613605583
37.9233,7.83333,4.47355,0.0576797,0.22126,0.0329236,0.2310127676754036
38.0711,7.83333,4.55419,0.0433266,0.223358,0.0245062,0.2288373751597409
38.2187,7.83333,4.63475,0.0313967,0.224788,0.0175744,0.22764941741689126
38.3661,7.83333,4.71516,0.020933,0.224328,0.0116389,0.22560298328304526
38.5128,7.83333,4.79522,0.0115708,0.218191,0.00639371,0.21859111468951362
38.6577,7.83333,4.87426,0.00245089,0.178352,0.00136933,0.17837409517763786
38.7893,7.83333,4.94611,-0.000643431,0.0460738,-0.00035227,0.04607963914837724
32.1477,8.16667,1.32194,0.663735,0.494657,0.360721,0.9029669638004483
32.2958,8.16667,1.40277,0.67477,0.487116,0.368056,0.909978993983927
32.4439,8.16667,1.4836,0.683883,0.478826,0.37432,0.9149239085109756
32.5921,8.16667,1.56442,0.691105,0.469906,0.379534,0.9178691775067948
32.7402,8.16667,1.64525,0.696451,0.46044,0.383703,0.9188454610052771
32.8883,8.16667,1.72608,0.69993,0.450502,0.386828,0.9178725175578578
33.0365,8.16667,1.80691,0.701545,0.440156,0.388908,0.9149601760869158
33.1846,8.16667,1.88774,0.7013,0.429462,0.389938,0.9101158955253996
33.3327,8.16667,1.96857,0.699192,0.418477,0.389912,0.9033403678221184
33.4808,8.16667,2.0494,0.695223,0.407252,0.388825,0.8946362902643733
33.629,8.16667,2.13023,0.689393,0.395839,0.38667,0.8840050402967169
33.7771,8.16667,2.21105,0.681708,0.384291,0.383443,0.8714550500134817
33.9252,8.16667,2.29188,0.672177,0.372659,0.379141,0.8569974022661913
34.0733,8.16667,2.37271,0.660819,0.360999,0.373767,0.8406567664933174
34.2215,8.16667,2.45354,0.647657,0.349368,0.367326,0.8224633604903018
34.3696,8.16667,2.53436,0.632726,0.337828,0.359827,0.8024620979142877
34.5177,8.16667,2.61519,0.61607,0.326441,0.351287,0.7807102713234917
34.6658,8.16667,2.69601,0.597744,0.315275,0.341729,0.7572812717887589
34.8139,8.16667,2.77684,0.577816,0.304401,0.331183,0.7322659886584928
34.9621,8.16667,2.85766,0.556366,0.293893,0.319685,0.7057724283577533
35.1102,8.16667,2.93849,0.533487,0.283827,0.307282,0.6779294746667975
35.2583,8.16667,3.01931,0.509285,0.274283,0.294028,0.6488873862990403
35.4064,8.16667,3.10013,0.483882,0.265342,0.279988,0.6188226297025667
35.5545,8.16667,3.18095,0.457414,0.257088,0.265237,0.5879391748378399
35.7026,8.16667,3.26177,0.430031,0.249601,0.249859,0.5564681842145155
35.8507,8.16667,3.34259,0.401896,0.242963,0.233948,0.5246742616986276
35.9988,8.16667,3.4234,0.373188,0.237248,0.217608,0.49285813223685376
36.1469,8.16667,3.50422,0.344097,0.232527,0.200953,0.46136066081429183
36.295,8.16667,3.58503,0.314822,0.228856,0.184104,0.43056038279897507
36.4431,8.16667,3.66584,0.285573,0.22628,0.167189,0.40088244966573433
36.5912,8.16667,3.74665,0.256564,0.224818,0.150343,0.37278846128736337
36.7393,8.16667,3.82745,0.228019,0.224466,0.133705,0.34677756060910286
36.8874,8.16667,3.90825,0.200161,0.225174,0.117416,0.3233485321645979
37.0354,8.16667,3.98904,0.173241,0.226858,0.101627,0.3029934708438451
37.1835,8.16667,4.06983,0.14751,0.22936,0.0864959,0.28608871074687653
37.3315,8.16667,4.15061,0.12329,0.23249,0.0722054,0.27288393867935873
37.4795,8.16667,4.23137,0.100876,0.235963,0.0589469,0.26330446590327705
37.6275,8.16667,4.31212,0.0806778,0.239548,0.0469522,0.2570927085735416
37.7754,8.16667,4.39285,0.0628931,0.242933,0.0363891,0.2535668572889998
37.9233,8.16667,4.47355,0.0477955,0.24604,0.0274171,0.25213446569769077
38.0711,8.16667,4.55419,0.0350654,0.248561,0.019932,0.25181230633581037
38.2187,8.16667,4.63475,0.0245534,0.250326,0.0138108,0.251906160949271
38.3661,8.16667,4.71516,0.0152709,0.249683,0.00854151,0.25029534208388715
38.5128,8.16667,4.79522,0.007045,0.241854,0.00392121,0.2419883576308251
38.6577,8.16667,4.87426,-0.000418284,0.190368,-0.000198608,0.19036856313646516
38.7893,8.16667,4.94611,-0.000234054,0.0455429,-0.000130583,0.04554368862537163
32.1477,8.5,1.32194,0.58736,0.496259,0.32151,0.8334467258205529
32.2958,8.5,1.40277,0.599296,0.490571,0.329183,0.8415325597658121
32.4439,8.5,1.4836,0.609351,0.483915,0.335819,0.8475003063049594
32.5921,8.5,1.56442,0.617537,0.476406,0.341424,0.8514017682510413
32.7402,8.5,1.64525,0.623864,0.468146,0.345997,0.8532765623295884
32.8883,8.5,1.72608,0.628337,0.459225,0.349539,0.8531544401308593
33.0365,8.5,1.80691,0.63096,0.449726,0.352044,0.8510575624550903
33.1846,8.5,1.88774,0.631733,0.439725,0.353509,0.8470025218350887
33.3327,8.5,1.96857,0.630659,0.42929,0.353927,0.8410023779455086
33.4808,8.5,2.0494,0.627742,0.418492,0.353295,0.8330743842256825
33.629,8.5,2.13023,0.62299,0.407395,0.351608,0.8232347246010703
33.7771,8.5,2.21105,0.616413,0.396065,0.348866,0.81150474844575
33.9252,8.5,2.29188,0.608028,0.384571,0.345069,0.7979132268523941
34.0733,8.5,2.37271,0.597859,0.37298,0.340223,0.7824967437695827
34.2215,8.5,2.45354,0.585937,0.361363,0.334337,0.7653016498786607
34.3696,8.5,2.53436,0.572305,0.349793,0.327425,0.7463881607441265
34.5177,8.5,2.61519,0.557011,0.338347,0.319508,0.7258273269821136
34.6658,8.5,2.69601,0.540117,0.327105,0.310612,0.7037072326315824
34.8139,8.5,2.77684,0.521694,0.31615,0.300771,0.6801313450922549
34.9621,8.5,2.85766,0.501828,0.305567,0.290025,0.655222888563884
35.1102,8.5,2.93849,0.480614,0.295447,0.278424,0.6291253218405695
35.2583,8.5,3.01931,0.458162,0.285879,0.266024,0.602003313496695
35.4064,8.5,3.10013,0.434595,0.276958,0.252892,0.5740495722958079
35.5545,8.5,3.18095,0.410048,0.268777,0.239104,0.5454825027890445
35.7026,8.5,3.26177,0.38467,0.261428,0.224745,0.5165519558660097
35.8507,8.5,3.34259,0.358622,0.255001,0.209908,0.4875414006512677
35.9988,8.5,3.4234,0.332076,0.249579,0.194696,0.4587708354211283
36.1469,8.5,3.50422,0.305216,0.245235,0.179218,0.43059970204936276
36.295,8.5,3.58503,0.278231,0.242031,0.163591,0.4034272048375023
36.4431,8.5,3.66584,0.251318,0.240006,0.147938,0.3776893816405221
36.5912,8.5,3.74665,0.22468,0.239173,0.132386,0.3538514933202911
36.7393,8.5,3.82745,0.198525,0.239514,0.117065,0.33239035191473293
36.8874,8.5,3.90825,0.173067,0.240956,0.102108,0.31374834515738886
37.0354,8.5,3.98904,0.148537,0.243392,0.0876588,0.2983068407704389
37.1835,8.5,4.06983,0.125184,0.246625,0.073866,0.2862710436579292
37.3315,8.5,4.15061,0.103307,0.250444,0.0609054,0.2776760723111734
37.4795,8.5,4.23137,0.0832033,0.254523,0.048959,0.27221633004081514
37.6275,8.5,4.31212,0.0652327,0.258654,0.0382431,0.2694804845678069
37.7754,8.5,4.39285,0.0495724,0.262483,0.0288985,0.2686817288782585
37.9233,8.5,4.47355,0.0364146,0.266028,0.0210523,0.26933272956038967
38.0711,8.5,4.55419,0.0254025,0.268821,0.0145563,0.2704106190905601
38.2187,8.5,4.63475,0.0163804,0.270768,0.00929536,0.2714222375666548
38.3661,8.5,4.71516,0.00831704,0.269472,0.0047128,0.26964150723173463
38.5128,8.5,4.79522,0.00162241,0.258674,0.000940138,0.2586807962521902
38.6577,8.5,4.87426,-0.0033602,0.192706,-0.00181741,0.19274386205310948
38.7893,8.5,4.94611,4.65594e-05,0.0429248,1.98861e-05,0.04292482985725979
32.1477,8.83333,1.32194,0.513721,0.486469,0.283539,0.7622045121376545
32.2958,8.83333,1.40277,0.525967,0.482665,0.291267,0.7710014608306524
32.4439,8.83333,1.4836,0.536407,0.477685,0.298006,0.7776393797320195
32.5921,8.83333,1.56442,0.545043,0.471656,0.303752,0.782174233588016
32.7402,8.83333,1.64525,0.551875,0.464693,0.308499,0.7846510261734193
32.8883,8.83333,1.72608,0.556903,0.456901,0.312242,0.7851079809644022
33.0365,8.83333,1.80691,0.560127,0.448373,0.314974,0.7835746447748294
33.1846,8.83333,1.88774,0.561548,0.439201,0.31669,0.7800809129859543
33.3327,8.83333,1.96857,0.561169,0.429467,0.317384,0.7746516340304201
33.4808,8.83333,2.0494,0.558998,0.419255,0.317052,0.7673170724889418
33.629,8.83333,2.13023,0.555046,0.408644,0.315693,0.7581082054040834
33.7771,8.83333,2.21105,0.549327,0.397713,0.313307,0.7470589398079646
33.9252,8.83333,2.29188,0.541865,0.386544,0.309899,0.7342147726394505
34.0733,8.83333,2.37271,0.532689,0.375217,0.305478,0.7196264143943022
34.2215,8.83333,2.45354,0.521836,0.363817,0.300057,0.703356114378769
34.3696,8.83333,2.53436,0.509353,0.352429,0.293653,0.6854770332104496
34.5177,8.83333,2.61519,0.495294,0.341143,0.28629,0.6660755640203294
34.6658,8.83333,2.69601,0.479727,0.330049,0.278,0.6452552494400956
34.8139,8.83333,2.77684,0.462727,0.319244,0.268817,0.6231336835334774
34.9621,8.83333,2.85766,0.444383,0.308825,0.258788,0.5998502815353178
35.1102,8.83333,2.93849,0.424793,0.298893,0.247964,0.5755625627106058
35.2583,8.83333,3.01931,0.404069,0.28955,0.236404,0.5504523689448525
35.4064,8.83333,3.10013,0.382334,0.280901,0.224176,0.5247280613165262
35.5545,8.83333,3.18095,0.359723,0.273048,0.211358,0.49862616377101593
35.7026,8.83333,3.26177,0.336383,0.266094,0.198034,0.4724161350769044
35.8507,8.83333,3.34259,0.31247,0.260135,0.184296,0.4463997476937011
35.9988,8.83333,3.4234,0.28815,0.255259,0.170245,0.4209167846570151
36.1469,8.83333,3.50422,0.263595,0.251541,0.155986,0.39634181069122654
36.295,8.83333,3.58503,0.238987,0.249038,0.14163,0.37308681096093443
36.4431,8.83333,3.66584,0.214508,0.247783,0.127294,0.35158762718417724
36.5912,8.83333,3.74665,0.190348,0.247773,0.113096,0.33228681263179854
36.7393,8.83333,3.82745,0.166697,0.248969,0.0991586,0.315603993517129
36.8874,8.83333,3.90825,0.143762,0.251266,0.0856063,0.30187837617108315
37.0354,8.83333,3.98904,0.121754,0.254527,0.0725731,0.2913329454226041
37.1835,8.83333,4.06983,0.100923,0.258508,0.0602012,0.28396482612189844
37.3315,8.83333,4.15061,0.0815339,0.262985,0.0486555,0.27960015156372864
37.4795,8.83333,4.23137,0.0638939,0.267588,0.0381082,0.2777372915336542
37.6275,8.83333,4.31212,0.048276,0.272154,0.028747,0.2778934362323083
37.7754,8.83333,4.39285,0.0348646,0.276269,0.0206882,0.27922768901632944
37.9233,8.83333,4.47355,0.0237001,0.280082,0.0140025,0.2814315040471837
38.0711,8.83333,4.55419,0.0144567,0.282862,0.00851577,0.28335918117749936
38.2187,8.83333,4.63475,0.00691726,0.284714,0.00411106,0.2848276866742965
38.3661,8.83333,4.71516,0.000303181,0.281754,0.000320351,0.2817543452362039
38.5128,8.83333,4.79522,-0.00429238,0.265215,-0.00228901,0.2652596092846487
38.6577,8.83333,4.87426,-0.00621538,0.184294,-0.0033852,0.18442984835320017
38.7893,8.83333,4.94611,0.000594562,0.035437,0.000319327,0.03544342594480355
32.1477,9.16667,1.32194,0.442905,0.467294,0.246951,0.6895747369661971
32.2958,9.16667,1.40277,0.454908,0.465186,0.254467,0.698636355444662
32.4439,9.16667,1.4836,0.465215,0.461734,0.261055,0.7055302941802003
32.5921,9.16667,1.56442,0.473814,0.457074,0.266702,0.710314229673037
32.7402,9.16667,1.64525,0.480697,0.451329,0.271397,0.7130384307027217
32.8883,9.16667,1.72608,0.485857,0.444614,0.275129,0.7137468739588286
33.0365,9.16667,1.80691,0.489292,0.437035,0.27789,0.7124809503341124
33.1846,9.16667,1.88774,0.491001,0.428692,0.279672,0.7092779712136843
33.3327,9.16667,1.96857,0.490987,0.419684,0.280469,0.7041773597510786
33.4808,9.16667,2.0494,0.489259,0.410104,0.280278,0.6972197768143127
33.629,9.16667,2.13023,0.485829,0.400045,0.279098,0.6884486276186481
33.7771,9.16667,2.21105,0.480718,0.389599,0.276934,0.6779156412718326
33.9252,9.16667,2.29188,0.473952,0.378859,0.273791,0.6656772129688683
34.0733,9.16667,2.37271,0.465564,0.367918,0.26968,0.6517981245907355
34.2215,9.16667,2.45354,0.455597,0.356874,0.26462,0.6363579359802155
34.3696,9.16667,2.53436,0.4441,0.345823,0.258629,0.6194411327721142
34.5177,9.16667,2.61519,0.431134,0.334867,0.251737,0.6011521860677211
34.6658,9.16667,2.69601,0.416769,0.32411,0.243975,0.5816076788402987
34.8139,9.16667,2.77684,0.401085,0.313658,0.235386,0.5609430338144864
34.9621,9.16667,2.85766,0.384172,0.303621,0.226015,0.5393112435783255
35.1102,9.16667,2.93849,0.366132,0.29411,0.215917,0.5168882707249217
35.2583,9.16667,3.01931,0.347077,0.285239,0.205155,0.493874786838729
35.4064,9.16667,3.10013,0.32713,0.277122,0.193797,0.47049752070866424
35.5545,9.16667,3.18095,0.306425,0.26987,0.181921,0.44701381160541337
35.7026,9.16667,3.26177,0.285104,0.263591,0.169613,0.42371343602250805
35.8507,9.16667,3.34259,0.263319,0.258386,0.156961,0.4009201619749249
35.9988,9.16667,3.4234,0.241229,0.254342,0.144065,0.3789934137026658
36.1469,9.16667,3.50422,0.218996,0.251533,0.131026,0.3583237513492512
36.295,9.16667,3.58503,0.19679,0.250004,0.117949,0.33932325401746344
36.4431,9.16667,3.66584,0.174781,0.249771,0.104946,0.3224090775986309
36.5912,9.16667,3.74665,0.153149,0.250806,0.0921273,0.3079702992859701
36.7393,9.16667,3.82745,0.132067,0.253039,0.0796084,0.2963240208969904
36.8874,9.16667,3.90825,0.111742,0.256326,0.0675077,0.28765705692593396
37.0354,9.16667,3.98904,0.0923553,0.260487,0.0559497,0.2819811120220289
37.1835,9.16667,4.06983,0.0741771,0.265232,0.0450735,0.279073245565855
37.3315,9.16667,4.15061,0.0574058,0.270325,0.0350231,0.27856354577052966
37.4795,9.16667,4.23137,0.0423718,0.275362,0.0259595,0.2798097498649574
37.6275,9.16667,4.31212,0.0291918,0.28024,0.0180141,0.282331589777074
37.7754,9.16667,4.39285,0.0181014,0.284514,0.011287,0.2853125886584046
37.9233,9.16667,4.47355,0.00888802,0.288485,0.00575407,0.2886792362572779
38.0711,9.16667,4.55419,0.00146876,0.291004,0.00130367,0.29101062665718325
38.2187,9.16667,4.63475,-0.00461114,0.292106,-0.00224562,0.2921510237142495
38.3661,9.16667,4.71516,-0.00924929,0.285793,-0.0049663,0.2859857555022524
38.5128,9.16667,4.79522,-0.0112465,0.261527,-0.0061176,0.2618401812575946
38.6577,9.16667,4.87426,-0.00965772,0.165304,-0.00528067,0.1656700620125655
38.7893,9.16667,4.94611,0.00130677,0.0269537,0.000707922,0.026994642895970748
32.1477,9.5,1.32194,0.3744,0.440241,0.211629,0.6154464491099124
32.2958,9.5,1.40277,0.385676,0.439484,0.218696,0.6242756631873455
32.4439,9.5,1.4836,0.39539,0.437265,0.224905,0.6309644929391828
32.5921,9.5,1.56442,0.403519,0.433721,0.230236,0.635570692290008
32.7402,9.5,1.64525,0.410047,0.428983,0.234673,0.6381507450649885
32.8883,9.5,1.72608,0.414961,0.423171,0.2382,0.6387531344439729
33.0365,9.5,1.80691,0.418254,0.416401,0.240805,0.6374270541340398
33.1846,9.5,1.88774,0.419924,0.408783,0.242481,0.6342213668948722
33.3327,9.5,1.96857,0.419973,0.400425,0.24322,0.6291847659900864
33.4808,9.5,2.0494,0.41841,0.391431,0.243019,0.6223691751862394
33.629,9.5,2.13023,0.41525,0.381905,0.24188,0.6138321642965607
33.7771,9.5,2.21105,0.410515,0.371952,0.239807,0.6036375177024702
33.9252,9.5,2.29188,0.404232,0.361675,0.236808,0.5918533131722759
34.0733,9.5,2.37271,0.39644,0.35118,0.232898,0.5785616167738749
34.2215,9.5,2.45354,0.387184,0.340573,0.228096,0.5638521112853973
34.3696,9.5,2.53436,0.376517,0.329966,0.222426,0.5478283836394386
34.5177,9.5,2.61519,0.364502,0.319469,0.215917,0.5306055982120806
34.6658,9.5,2.69601,0.351214,0.309198,0.208608,0.5123201876405028
34.8139,9.5,2.77684,0.336734,0.299272,0.200541,0.49312291512461676
34.9621,9.5,2.85766,0.321156,0.289808,0.191767,0.4731854134364245
35.1102,9.5,2.93849,0.304583,0.280931,0.182341,0.45270439685406194
35.2583,9.5,3.01931,0.287126,0.27276,0.172329,0.4318988790411478
35.4064,9.5,3.10013,0.268908,0.265418,0.1618,0.4110200325872207
35.5545,9.5,3.18095,0.250061,0.259021,0.150834,0.3903501988189579
35.7026,9.5,3.26177,0.230722,0.253679,0.139514,0.37020242100910145
35.8507,9.5,3.34259,0.21104,0.249492,0.127931,0.3509280274144543
35.9988,9.5,3.4234,0.191167,0.246542,0.11618,0.33290474921965296
36.1469,9.5,3.50422,0.171258,0.244889,0.104361,0.3165298456796768
36.295,9.5,3.58503,0.151478,0.244557,0.0925777,0.3021991748338999
36.4431,9.5,3.66584,0.131985,0.24553,0.0809364,0.29026836198586986
36.5912,9.5,3.74665,0.11296,0.247741,0.0695456,0.2810198483387962
36.7393,9.5,3.82745,0.0945584,0.251076,0.058514,0.2745985014208199
36.8874,9.5,3.90825,0.0769916,0.255343,0.0479548,0.2709749378865138
37.0354,9.5,3.98904,0.0603973,0.260315,0.0379747,0.269914451099566
37.1835,9.5,4.06983,0.0450671,0.265672,0.0287097,0.2709924389360338
37.3315,9.5,4.15061,0.0310899,0.271196,0.02026,0.2737230715486183
37.4795,9.5,4.23137,0.0188261,0.276512,0.012772,0.27744626897691377
37.6275,9.5,4.31212,0.00819116,0.281523,0.00631283,0.2817128794601953
37.7754,9.5,4.39285,-0.000527858,0.285818,0.000941113,0.28582003682692886
37.9233,9.5,4.47355,-0.0077649,0.289528,-0.00342811,0.28965239235017914
38.0711,9.5,4.55419,-0.0131387,0.291145,-0.0067424,0.2915192899628599
38.2187,9.5,4.63475,-0.0175169,0.290082,-0.00930244,0.29075925419419346
38.3661,9.5,4.71516,-0.0195367,0.278533,-0.0106264,0.2794194608699436
38.5128,9.5,4.79522,-0.0182934,0.243995,-0.00995434,0.24488221126369222
38.6577,9.5,4.87426,-0.0123011,0.130323,-0.00671558,0.1310744078947008
38.7893,9.5,4.94611,0.00229909,0.0127705,0.00125324,0.013036184087979888
32.1477,9.83333,1.32194,0.307138,0.4062,0.177134,0.5391740396198615
32.2958,9.83333,1.40277,0.317282,0.406322,0.183555,0.5472274419590085
32.4439,9.83333,1.4836,0.326015,0.404914,0.18919,0.5532033836854218
32.5921,9.83333,1.56442,0.333304,0.402117,0.194015,0.5571637625779337
32.7402,9.83333,1.64525,0.339126,0.398064,0.198009,0.5591680928423939
32.8883,9.83333,1.72608,0.343463,0.392881,0.201152,0.5592713470525734
33.0365,9.83333,1.80691,0.346302,0.38669,0.203431,0.5575288360838389
33.1846,9.83333,1.88774,0.34764,0.379611,0.204834,0.5539991412240636
33.3327,9.83333,1.96857,0.347476,0.37176,0.205356,0.5487405169221605
33.4808,9.83333,2.0494,0.34582,0.36325,0.204994,0.5418159973053583
33.629,9.83333,2.13023,0.342687,0.354197,0.203748,0.5332946111503472
33.7771,9.83333,2.21105,0.3381,0.344714,0.201624,0.5232509810521142
33.9252,9.83333,2.29188,0.332088,0.334915,0.198635,0.5117678772588213
34.0733,9.83333,2.37271,0.324691,0.324916,0.194794,0.4989382276123969
34.2215,9.83333,2.45354,0.315955,0.314836,0.190124,0.48486740898620934
34.3696,9.83333,2.53436,0.305938,0.304793,0.184652,0.4696734970136169
34.5177,9.83333,2.61519,0.294703,0.29491,0.17841,0.4534885824461295
34.6658,9.83333,2.69601,0.282326,0.285312,0.171437,0.4364648354552747
34.8139,9.83333,2.77684,0.268891,0.276129,0.163779,0.41877578172931634
34.9621,9.83333,2.85766,0.254493,0.26749,0.15549,0.40061793176167243
35.1102,9.83333,2.93849,0.239234,0.259526,0.146626,0.38221176762104014
35.2583,9.83333,3.01931,0.223227,0.252366,0.137256,0.3638105290133863
35.4064,9.83333,3.10013,0.206595,0.246131,0.127453,0.3456967318257435
35.5545,9.83333,3.18095,0.189469,0.240937,0.117297,0.3281885527238877
35.7026,9.83333,3.26177,0.171992,0.236887,0.106877,0.31163984334805456
35.8507,9.83333,3.34259,0.15431,0.234067,0.0962872,0.29642901590910425
35.9988,9.83333,3.4234,0.13658,0.232539,0.0856253,0.28294906771553424
36.1469,9.83333,3.50422,0.118957,0.232336,0.0749933,0.2715783124439247
36.295,9.83333,3.58503,0.1016,0.233436,0.0644941,0.2626298060594227
36.4431,9.83333,3.66584,0.0846741,0.235776,0.0542388,0.25632376560172876
36.5912,9.83333,3.74665,0.0683696,0.239245,0.0443403,0.2527422292242632
36.7393,9.83333,3.82745,0.0528291,0.243675,0.0349003,0.25176665857873237
36.8874,9.83333,3.90825,0.0382594,0.248877,0.0260149,0.25314090510893333
37.0354,9.83333,3.98904,0.0247326,0.254559,0.0177737,0.256374511984811
37.1835,9.83333,4.06983,0.0125821,0.260391,0.0103241,0.2608991551581185
37.3315,9.83333,4.15061,0.00162015,0.26624,0.00362383,0.266269590133555
37.4795,9.83333,4.23137,-0.00764759,0.271713,-0.002153,0.2718291290697303
37.6275,9.83333,4.31212,-0.0154859,0.27657,-0.00699509,0.27709151788338465
37.7754,9.83333,4.39285,-0.0215891,0.280572,-0.0108532,0.28161059705389285
37.9233,9.83333,4.47355,-0.0268021,0.283483,-0.0140127,0.28509177402145436
38.0711,9.83333,4.55419,-0.0301209,0.283569,-0.0161735,0.2856225279631493
38.2187,9.83333,4.63475,-0.0325819,0.278656,-0.0176298,0.28110773093540137
38.3661,9.83333,4.71516,-0.0312841,0.259799,-0.0171609,0.2622378916225113
38.5128,9.83333,4.79522,-0.026338,0.212573,-0.014369,0.21467985171878612
38.6577,9.83333,4.87426,-0.0146704,0.0843853,-0.00800474,0.08602427189298145
38.7893,9.83333,4.94611,0.00330332,0.00170839,0.00180358,0.004133209434676642
32.1477,10.1667,1.32194,0.239376,0.365227,0.142748,0.4594220525932555
32.2958,10.1667,1.40277,0.24807,0.365671,0.148358,0.46611597409335803
32.4439,10.1667,1.4836,0.255513,0.364582,0.153257,0.47084459850570654
32.5921,10.1667,1.56442,0.261666,0.362098,0.157413,0.4736696208635297
32.7402,10.1667,1.64525,0.266498,0.358354,0.160802,0.47465361741379364
32.8883,10.1667,1.72608,0.269985,0.353479,0.163403,0.4738563538404861
33.0365,10.1667,1.80691,0.272111,0.347601,0.1652,0.47134052607642385
33.1846,10.1667,1.88774,0.272868,0.340845,0.16618,0.4671702600219753
33.3327,10.1667,1.96857,0.272255,0.333332,0.166336,0.4614116081602196
33.4808,10.1667,2.0494,0.270279,0.325187,0.165665,0.4541389820693661
33.629,10.1667,2.13023,0.266952,0.316532,0.164168,0.44542901741130425
33.7771,10.1667,2.21105,0.262295,0.30749,0.161851,0.4353671017957144
33.9252,10.1667,2.29188,0.256338,0.298186,0.158725,0.4240491557178248
34.0733,10.1667,2.37271,0.249118,0.288746,0.154807,0.41158138647052545
34.2215,10.1667,2.45354,0.240682,0.279299,0.150119,0.39808475314435243
34.3696,10.1667,2.53436,0.231088,0.269976,0.14469,0.38369766798874344
34.5177,10.1667,2.61519,0.220402,0.260908,0.138558,0.36857610534596513
34.6658,10.1667,2.69601,0.208703,0.252229,0.131764,0.3528996491157224
34.8139,10.1667,2.77684,0.196079,0.244075,0.124359,0.33687496307532266
34.9621,10.1667,2.85766,0.182628,0.236581,0.1164,0.32073745641100293
35.1102,10.1667,2.93849,0.168457,0.22988,0.107949,0.3047549209610897
35.2583,10.1667,3.01931,0.153674,0.224098,0.099073,0.28922494914685354
35.4064,10.1667,3.10013,0.138403,0.21934,0.0898514,0.27447896110806014
35.5545,10.1667,3.18095,0.122791,0.215706,0.0803778,0.2608971039506571
35.7026,10.1667,3.26177,0.107001,0.213272,0.0707538,0.2488780026427406
35.8507,10.1667,3.34259,0.0912032,0.2121,0.0610894,0.23882283911426896
35.9988,10.1667,3.4234,0.0755832,0.212217,0.0514998,0.23108679021372033
36.1469,10.1667,3.50422,0.0603138,0.213635,0.0420925,0.22594124513175984
36.295,10.1667,3.58503,0.0455776,0.216243,0.0329968,0.22344382175616312
36.4431,10.1667,3.66584,0.0315608,0.219859,0.0243394,0.22344232000675254
36.5912,10.1667,3.74665,0.0184456,0.22435,0.016225,0.22569096854849996
36.7393,10.1667,3.82745,0.00631672,0.229565,0.00873766,0.22981805168183372
36.8874,10.1667,3.90825,-0.00480353,0.23542,0.00180689,0.23547593327542624
37.0354,10.1667,3.98904,-0.0144398,0.241288,-0.00426813,0.2417573653515791
37.1835,10.1667,4.06983,-0.0227066,0.247125,-0.00951469,0.248348313129677
37.3315,10.1667,4.15061,-0.0298654,0.252778,-0.0140344,0.2549227800423493
37.4795,10.1667,4.23137,-0.0356171,0.258053,-0.0177654,0.26110445813614513
37.6275,10.1667,4.31212,-0.040474,0.262642,-0.0208607,0.2665598125083562
37.7754,10.1667,4.39285,-0.043952,0.266258,-0.0232032,0.2708569536826404
37.9233,10.1667,4.47355,-0.0469033,0.267744,-0.0250612,0.2729740515732768
38.0711,10.1667,4.55419,-0.0477181,0.265186,-0.0258432,0.2706815521047749
38.2187,10.1667,4.63475,-0.0473069,0.253914,-0.0256993,0.25955869510401686
38.3661,10.1667,4.71516,-0.0413096,0.225589,-0.0226725,0.23045807043670657
38.5128,10.1667,4.79522,-0.0318322,0.161366,-0.0173402,0.16538729530674356
38.6577,10.1667,4.87426,-0.0130792,0.0176534,-0.00710719,0.023091560230874397
38.7893,10.1667,4.94611,0.00352953,-0.0137457,0.00193545,0.014322982134087857
32.1477,10.5,1.32194,0.168549,0.316762,0.107276,0.37450643548676166
32.2958,10.5,1.40277,0.175555,0.316905,0.111946,0.37918365466617887
32.4439,10.5,1.4836,0.181466,0.315582,0.115965,0.3820599286826609
32.5921,10.5,1.56442,0.186234,0.31293,0.119299,0.3831977806003057
32.7402,10.5,1.64525,0.189821,0.309085,0.121918,0.3826611399005653
32.8883,10.5,1.72608,0.192195,0.304181,0.1238,0.3805147024570798
33.0365,10.5,1.80691,0.193336,0.298352,0.124925,0.3768275207903478
33.1846,10.5,1.88774,0.193229,0.291729,0.125279,0.3716693203951599
33.3327,10.5,1.96857,0.19187,0.284444,0.124855,0.36511814123787384
33.4808,10.5,2.0494,0.189263,0.276629,0.123648,0.3572574907738115
33.629,10.5,2.13023,0.185417,0.268421,0.12166,0.3481816375543087
33.7771,10.5,2.21105,0.18035,0.259951,0.118896,0.33798950237692293
33.9252,10.5,2.29188,0.174088,0.25135,0.11537,0.32679304023188743
34.0733,10.5,2.37271,0.166666,0.242746,0.111097,0.3147152990895104
34.2215,10.5,2.45354,0.158128,0.234272,0.106102,0.30190307844074726
34.3696,10.5,2.53436,0.148529,0.226056,0.100416,0.288523052862332
34.5177,10.5,2.61519,0.137932,0.218232,0.094075,0.27477363059980847
34.6658,10.5,2.69601,0.126419,0.210935,0.0871249,0.26089477953000517
34.8139,10.5,2.77684,0.114083,0.204308,0.0796218,0.24717669952533955
34.9621,10.5,2.85766,0.101038,0.19849,0.0716332,0.23396211848553602
35.1102,10.5,2.93849,0.0874179,0.19366,0.0632336,0.22168575283353237
35.2583,10.5,3.01931,0.0733578,0.189911,0.0545019,0.21075581094112208
35.4064,10.5,3.10013,0.0590196,0.187252,0.0455673,0.20155149098294958
35.5545,10.5,3.18095,0.0446255,0.185721,0.0365729,0.1944769963405955
35.7026,10.5,3.26177,0.0304181,0.185322,0.0276649,0.18982847832614574
35.8507,10.5,3.34259,0.0166126,0.186049,0.0189964,0.18775268864311903
35.9988,10.5,3.4234,0.00338208,0.187895,0.0107003,0.18822982205329847
36.1469,10.5,3.50422,-0.00906261,0.190834,0.00276395,0.1910690604876012
36.295,10.5,3.58503,-0.0200268,0.194516,-0.0043657,0.1955929607903362
36.4431,10.5,3.66584,-0.0298453,0.198811,-0.0107116,0.20132385359825097
36.5912,10.5,3.74665,-0.0383947,0.20364,-0.0162551,0.20786445310369928
36.7393,10.5,3.82745,-0.045736,0.208894,-0.0210359,0.21487436799397455
36.8874,10.5,3.90825,-0.0518409,0.214454,-0.0250727,0.2220509790883616
37.0354,10.5,3.98904,-0.0567271,0.220078,-0.0283645,0.22903457123032758
37.1835,10.5,4.06983,-0.0604922,0.225778,-0.0309802,0.23578546252235316
37.3315,10.5,4.15061,-0.0634131,0.231332,-0.0330417,0.24213109964335439
37.4795,10.5,4.23137,-0.0654142,0.236604,-0.0345744,0.24790292356686722
37.6275,10.5,4.31212,-0.0668803,0.240952,-0.035712,0.25259886732938847
37.7754,10.5,4.39285,-0.0674451,0.24389,-0.0363524,0.2556416840027659
37.9233,10.5,4.47355,-0.0673746,0.243041,-0.0365298,0.25483855809943673
38.0711,10.5,4.55419,-0.0652817,0.236353,-0.0356321,0.24777830315485658
38.2187,10.5,4.63475,-0.0607152,0.216282,-0.0332381,0.22708811137232612
38.3661,10.5,4.71516,-0.0503423,0.177463,-0.0276288,0.1865229587148188
38.5128,10.5,4.79522,-0.034115,0.097756,-0.0186563,0.10520516285187718
38.6577,10.5,4.87426,-0.000390402,-0.0437966,-0.000252491,0.04379906776389978
38.7893,10.5,4.94611,-0.000423772,-0.0188303,-0.000218873,0.018836339511383655
32.1477,10.8333,1.32194,0.0902113,0.258913,0.068678,0.28264940810249367
32.2958,10.8333,1.40277,0.0952926,0.258248,0.0722191,0.28458444708657216
32.4439,10.8333,1.4836,0.0994053,0.256288,0.0751455,0.2849768390279112
32.5921,10.8333,1.56442,0.102494,0.253167,0.0774214,0.28388839902849144
32.7402,10.8333,1.64525,0.104513,0.24902,0.0790163,0.28138497336334434
32.8883,10.8333,1.72608,0.105421,0.24398,0.0799047,0.27753304077729196
33.0365,10.8333,1.80691,0.105189,0.238179,0.0800655,0.27240493030092167
33.1846,10.8333,1.88774,0.10379,0.231747,0.0794815,0.26607582556716797
33.3327,10.8333,1.96857,0.101205,0.224813,0.07814,0.25862945809400756
33.4808,10.8333,2.0494,0.0974357,0.217518,0.0760387,0.2501792954186657
33.629,10.8333,2.13023,0.0924827,0.210007,0.0731493,0.24084602952670822
33.7771,10.8333,2.21105,0.0863266,0.202418,0.0694685,0.23076221762630467
33.9252,10.8333,2.29188,0.0789752,0.194897,0.0650064,0.2201085070255123
34.0733,10.8333,2.37271,0.0704534,0.187593,0.0597734,0.20911163183362136
34.2215,10.8333,2.45354,0.0608048,0.180651,0.0538008,0.19805689481732264
34.3696,10.8333,2.53436,0.0500974,0.174213,0.0471363,0.1873012269939789
34.5177,10.8333,2.61519,0.0384324,0.168407,0.0398414,0.17727183694179963
34.6658,10.8333,2.69601,0.0259462,0.163349,0.0320176,0.16846729001559915
34.8139,10.8333,2.77684,0.0127778,0.159135,0.0237728,0.16140745465337095
34.9621,10.8333,2.85766,-0.000906044,0.155832,0.0152081,0.1565749642993411
35.1102,10.8333,2.93849,-0.0146682,0.153599,0.00633422,0.15442775409636833
35.2583,10.8333,3.01931,-0.0277408,0.152477,-0.00233428,0.1549975366796466
35.4064,10.8333,3.10013,-0.0402819,0.152177,-0.0105987,0.15777453292055724
35.5545,10.8333,3.18095,-0.0519665,0.152598,-0.0183121,0.16224056130530368
35.7026,10.8333,3.26177,-0.062632,0.153685,-0.025389,0.16788820080636993
35.8507,10.8333,3.34259,-0.0721205,0.155397,-0.0317282,0.17423051628371536
35.9988,10.8333,3.4234,-0.0803098,0.157702,-0.0372568,0.18085257511652966
36.1469,10.8333,3.50422,-0.0871027,0.160543,-0.0419353,0.18740198660201018
36.295,10.8333,3.58503,-0.0923858,0.16387,-0.0456883,0.19358701841427797
36.4431,10.8333,3.66584,-0.0963106,0.167677,-0.0485745,0.19937600169431124
36.5912,10.8333,3.74665,-0.0989334,0.171922,-0.0506528,0.2047210244879602
36.7393,10.8333,3.82745,-0.100378,0.176571,-0.0520021,0.2096599135013892
36.8874,10.8333,3.90825,-0.100734,0.18158,-0.0526918,0.21423132577482687
37.0354,10.8333,3.98904,-0.100144,0.186857,-0.0528046,0.2184781109543013
37.1835,10.8333,4.06983,-0.0987456,0.192385,-0.052428,0.2225115208890542
37.3315,10.8333,4.15061,-0.0967094,0.197946,-0.0516563,0.22628234640388986
37.4795,10.8333,4.23137,-0.0941175,0.203243,-0.0505419,0.22960902532535607
37.6275,10.8333,4.31212,-0.090972,0.207436,-0.0491081,0.23176972271116433
37.7754,10.8333,4.39285,-0.0872668,0.209289,-0.0472954,0.23163383769302792
37.9233,10.8333,4.47355,-0.0822322,0.205968,-0.0448095,0.22625835461058671
38.0711,10.8333,4.55419,-0.0758252,0.193565,-0.0413726,0.21196358699267193
38.2187,10.8333,4.63475,-0.0649978,0.164323,-0.035692,0.18027945306617724
38.3661,10.8333,4.71516,-0.0507822,0.10817,-0.0277349,0.12267357260164065
38.5128,10.8333,4.79522,-0.0247877,-0.00297695,-0.0135581,0.028409758503065454
38.6577,10.8333,4.87426,0.00465576,-0.0732387,0.00249163,0.07342881926685531
38.7893,10.8333,4.94611,-0.00287115,-0.0193597,-0.0015689,0.019634228623057744
32.1477,11.1667,1.32194,-0.00432214,0.190686,0.0222204,0.19202494021959648
32.2958,11.1667,1.40277,-0.00167502,0.188829,0.0242323,0.19038487675309299
32.4439,11.1667,1.4836,-5.09441e-06,0.185939,0.0255771,0.1876899032749578
32.5921,11.1667,1.56442,0.000601524,0.182162,0.0262015,0.1840376990656332
32.7402,11.1667,1.64525,6.8801e-05,0.17764,0.0260595,0.1795412818095816
32.8883,11.1667,1.72608,-0.00168277,0.172516,0.0251055,0.17434129774991036
33.0365,11.1667,1.80691,-0.00471914,0.166961,0.0233057,0.16864578694953988
33.1846,11.1667,1.88774,-0.0091061,0.16113,0.020631,0.16270044904120579
33.3327,11.1667,1.96857,-0.0148731,0.155166,0.0170728,0.15680936566241827
33.4808,11.1667,2.0494,-0.0220593,0.149193,0.0124911,0.15133139642750937
33.629,11.1667,2.13023,-0.0304841,0.14354,0.00697427,0.14690695148577176
33.7771,11.1667,2.21105,-0.0401365,0.138284,0.000651892,0.1439924590088997
33.9252,11.1667,2.29188,-0.0508509,0.133526,-0.00637795,0.14302337205160737
34.0733,11.1667,2.37271,-0.0624299,0.129346,-0.0139975,0.14430457420421572
34.2215,11.1667,2.45354,-0.0746238,0.125781,-0.0220488,0.14790443221513006
34.3696,11.1667,2.53436,-0.087147,0.122826,-0.0303524,0.15362973042598232
34.5177,11.1667,2.61519,-0.0996957,0.120445,-0.0387144,0.1610746267754484
34.6658,11.1667,2.69601,-0.111963,0.118583,-0.0469374,0.16970786892999393
34.8139,11.1667,2.77684,-0.123653,0.117182,-0.0548342,0.17896501061000722
34.9621,11.1667,2.85766,-0.134472,0.116194,-0.06223,0.18829853244250205
35.1102,11.1667,2.93849,-0.144151,0.115589,-0.0689782,0.19722656970408423
35.2583,11.1667,3.01931,-0.152433,0.115384,-0.0748654,0.20531467327534095
35.4064,11.1667,3.10013,-0.159284,0.115536,-0.0798295,0.21235043918544177
35.5545,11.1667,3.18095,-0.164636,0.116019,-0.0838515,0.21816620936627654
35.7026,11.1667,3.26177,-0.168487,0.116858,-0.0869353,0.22271373491343097
35.8507,11.1667,3.34259,-0.170849,0.11808,-0.0890898,0.22598508726250058
35.9988,11.1667,3.4234,-0.171755,0.119716,-0.0903393,0.2280194943540793
36.1469,11.1667,3.50422,-0.171256,0.121783,-0.0907186,0.22888770393133834
36.295,11.1667,3.58503,-0.169419,0.124302,-0.0902717,0.22869797678573808
36.4431,11.1667,3.66584,-0.166349,0.127297,-0.0890613,0.2276146549932363
36.5912,11.1667,3.74665,-0.162132,0.130778,-0.0871506,0.22579835647842966
36.7393,11.1667,3.82745,-0.156865,0.134756,-0.0846017,0.22343512571636984
36.8874,11.1667,3.90825,-0.150623,0.139227,-0.081472,0.22070145545963216
37.0354,11.1667,3.98904,-0.143501,0.144153,-0.0778139,0.21777884985280366
37.1835,11.1667,4.06983,-0.135542,0.149442,-0.0736704,0.21478331630776165
37.3315,11.1667,4.15061,-0.126812,0.154861,-0.0690674,0.2117392698763269
37.4795,11.1667,4.23137,-0.11726,0.159836,-0.0640062,0.20831286118346126
37.6275,11.1667,4.31212,-0.106885,0.163519,-0.0584551,0.20391141533030954
37.7754,11.1667,4.39285,-0.0954918,0.163772,-0.0523463,0.19667253741925944
37.9233,11.1667,4.47355,-0.0829429,0.158139,-0.0455407,0.1842862537952845
38.0711,11.1667,4.55419,-0.0689458,0.139974,-0.037928,0.16057639053621797
38.2187,11.1667,4.63475,-0.0526576,0.104301,-0.0289434,0.1203712666807158
38.3661,11.1667,4.71516,-0.0325085,0.0340642,-0.0178644,0.05036178195070147
38.5128,11.1667,4.79522,-0.000174613,-0.0715455,-0.00018541,0.07154595332244773
38.6577,11.1667,4.87426,-0.000563556,-0.0853055,-0.000289496,0.08530785270740997
38.7893,11.1667,4.94611,0.000308453,-0.0203988,0.000169426,0.02040183545327932
32.1477,11.5,1.32194,-0.141963,0.109352,-0.0504349,0.1861586216402829
32.2958,11.5,1.40277,-0.14458,0.107254,-0.0519479,0.1873643008430635
32.4439,11.5,1.4836,-0.148469,0.104726,-0.0543506,0.18964326182957306
32.5921,11.5,1.56442,-0.153657,0.101921,-0.0576542,0.19318998594036904
32.7402,11.5,1.64525,-0.160121,0.0989875,-0.0618416,0.19814551039024325
32.8883,11.5,1.72608,-0.167785,0.096057,-0.0668649,0.20457191480261896
33.0365,11.5,1.80691,-0.176516,0.0932419,-0.0726419,0.21243539207773265
33.1846,11.5,1.88774,-0.186128,0.0906188,-0.0790594,0.22159825817411108
33.3327,11.5,1.96857,-0.196386,0.0882318,-0.0859794,0.23182918011242676
33.4808,11.5,2.0494,-0.207042,0.0860959,-0.0932663,0.24285282884187287
33.629,11.5,2.13023,-0.217796,0.0842242,-0.100698,0.25430080748129763
33.7771,11.5,2.21105,-0.228377,0.0825516,-0.10808,0.2658046410271273
33.9252,11.5,2.29188,-0.238512,0.0810123,-0.11524,0.2770040153053562
34.0733,11.5,2.37271,-0.247959,0.0795546,-0.122017,0.2875773780240024
34.2215,11.5,2.45354,-0.256505,0.0781384,-0.128267,0.2972420694796751
34.3696,11.5,2.53436,-0.263974,0.0767422,-0.133871,0.3057663856244502
34.5177,11.5,2.61519,-0.270229,0.0753643,-0.138735,0.3129710695583379
34.6658,11.5,2.69601,-0.27517,0.0740221,-0.142793,0.3187281616635248
34.8139,11.5,2.77684,-0.278732,0.072748,-0.145998,0.3229538904116189
34.9621,11.5,2.85766,-0.280881,0.0715848,-0.148325,0.32560532148145244
35.1102,11.5,2.93849,-0.28161,0.0705798,-0.149763,0.32667209314087425
35.2583,11.5,3.01931,-0.280935,0.0697827,-0.150308,0.3261695790663041
35.4064,11.5,3.10013,-0.278895,0.0692208,-0.149986,0.3241446287903596
35.5545,11.5,3.18095,-0.275538,0.068918,-0.148831,0.3206579902778036
35.7026,11.5,3.26177,-0.270912,0.0689064,-0.146878,0.31577610832512326
35.8507,11.5,3.34259,-0.265066,0.0692145,-0.14416,0.3095686304622127
35.9988,11.5,3.4234,-0.258043,0.0698697,-0.140708,0.3021038001930628
36.1469,11.5,3.50422,-0.249887,0.0708962,-0.136552,0.29345567407606893
36.295,11.5,3.58503,-0.240632,0.0723185,-0.131722,0.2836977443517132
36.4431,11.5,3.66584,-0.230312,0.0741616,-0.12624,0.2729104209416709
36.5912,11.5,3.74665,-0.218941,0.0764428,-0.120132,0.2611711327402782
36.7393,11.5,3.82745,-0.206527,0.0791787,-0.113405,0.24856259229355088
36.8874,11.5,3.90825,-0.19304,0.0823753,-0.106062,0.23515798836971283
37.0354,11.5,3.98904,-0.178466,0.0860042,-0.0980853,0.22106008606198
37.1835,11.5,4.06983,-0.162684,0.0899844,-0.0894544,0.2063137556701443
37.3315,11.5,4.15061,-0.145717,0.0940985,-0.0801233,0.19106992174107362
37.4795,11.5,4.23137,-0.127256,0.097914,-0.0700455,0.1751788029478738
37.6275,11.5,4.31212,-0.107647,0.100597,-0.0592196,0.15879103892273014
37.7754,11.5,4.39285,-0.0862004,0.10056,-0.0475764,0.14073498640039725
37.9233,11.5,4.47355,-0.0646179,0.0951104,-0.035565,0.12035917253608053
38.0711,11.5,4.55419,-0.0413886,0.078684,-0.0229842,0.09182843522351887
38.2187,11.5,4.63475,-0.0197038,0.0402564,-0.0108895,0.046123732347350205
38.3661,11.5,4.71516,0.00713129,-0.0412962,0.00388334,0.042086954761062244
38.5128,11.5,4.79522,0.00933721,-0.0779065,0.00513203,0.07863169821868914
38.6577,11.5,4.87426,0.0010839,-0.0789695,0.00062418,0.07897940472130946
38.7893,11.5,4.94611,-0.000248946,-0.0208211,-0.000133049,0.020823013263149906
32.1477,11.8333,1.32194,-0.374718,0.0381554,-0.181663,0.418175632530352
32.2958,11.8333,1.40277,-0.38061,0.0381034,-0.185983,0.4253298925311505
32.4439,11.8333,1.4836,-0.386548,0.0380176,-0.190488,0.43260879828981746
32.5921,11.8333,1.56442,-0.392408,0.0378796,-0.195082,0.4398589424851562
32.7402,11.8333,1.64525,-0.398059,0.0376612,-0.199664,0.4469172701546003
32.8883,11.8333,1.72608,-0.40337,0.0373304,-0.204134,0.45362055246666244
33.0365,11.8333,1.80691,-0.408211,0.0368588,-0.208392,0.45980649986971694
33.1846,11.8333,1.88774,-0.412466,0.0362259,-0.212348,0.4653301946906197
33.3327,11.8333,1.96857,-0.41603,0.0354236,-0.215923,0.47006226637112664
33.4808,11.8333,2.0494,-0.418817,0.034457,-0.219048,0.47389554824032687
33.629,11.8333,2.13023,-0.420758,0.0333519,-0.221659,0.4767413932926425
33.7771,11.8333,2.21105,-0.421798,0.0321376,-0.223713,0.47853305476921865
33.9252,11.8333,2.29188,-0.421902,0.0308487,-0.225183,0.4792288841302139
34.0733,11.8333,2.37271,-0.42105,0.0295227,-0.226049,0.4788035533663989
34.2215,11.8333,2.45354,-0.419233,0.0281954,-0.226301,0.47724567202978385
34.3696,11.8333,2.53436,-0.416452,0.0268978,-0.225934,0.4745544566273085
34.5177,11.8333,2.61519,-0.412712,0.0256556,-0.224947,0.47073406246453
34.6658,11.8333,2.69601,-0.408021,0.0244879,-0.22334,0.4657913151695832
34.8139,11.8333,2.77684,-0.402384,0.0234073,-0.221109,0.4597281534018664
34.9621,11.8333,2.85766,-0.395813,0.0224345,-0.21826,0.45255791381794447
35.1102,11.8333,2.93849,-0.388327,0.021578,-0.21481,0.4443048560538136
35.2583,11.8333,3.01931,-0.379935,0.020846,-0.210768,0.43498081539879435
35.4064,11.8333,3.10013,-0.370636,0.0202442,-0.206135,0.4245851037832581
35.5545,11.8333,3.18095,-0.360429,0.0197791,-0.200915,0.4131187650819193
35.7026,11.8333,3.26177,-0.349305,0.0194601,-0.195106,0.40057337624087047
35.8507,11.8333,3.34259,-0.33725,0.0192972,-0.188705,0.3869360689478819
35.9988,11.8333,3.4234,-0.324238,0.0193018,-0.181703,0.3721811660149396
36.1469,11.8333,3.50422,-0.310233,0.0194862,-0.174084,0.35627161735877866
36.295,11.8333,3.58503,-0.295187,0.0198644,-0.16583,0.33916006288529904
36.4431,11.8333,3.66584,-0.279031,0.0204521,-0.156907,0.3207746779351668
36.5912,11.8333,3.74665,-0.261673,0.0212667,-0.147274,0.30102269438348
36.7393,11.8333,3.82745,-0.242996,0.0223242,-0.136872,0.27978450690779855
36.8874,11.8333,3.90825,-0.222844,0.0236401,-0.125626,0.2569050301960045
37.0354,11.8333,3.98904,-0.201035,0.0252116,-0.113435,0.23220291820853586
37.1835,11.8333,4.06983,-0.177329,0.0270292,-0.100186,0.2054589654642503
37.3315,11.8333,4.15061,-0.151504,0.0289954,-0.085746,0.1764839135818333
37.4795,11.8333,4.23137,-0.123263,0.0310121,-0.0699797,0.14509540284757474
37.6275,11.8333,4.31212,-0.0925625,0.0326105,-0.0528381,0.11145907736972346
37.7754,11.8333,4.39285,-0.0592223,0.033499,-0.0342525,0.0761754394443511
37.9233,11.8333,4.47355,-0.0242797,0.0315219,-0.0148322,0.04246325668787075
38.0711,11.8333,4.55419,0.0116697,0.0208114,0.00559224,0.024506517832356356
38.2187,11.8333,4.63475,0.0383685,-0.00680953,0.0205204,0.0440408708727575
38.3661,11.8333,4.71516,0.0479396,-0.0243524,0.0260963,0.059768398904521444
38.5128,11.8333,4.79522,0.0378999,-0.0461953,0.0206642,0.06322513205790875
38.6577,11.8333,4.87426,0.0192539,-0.0616668,0.0105594,0.06545997109539539
38.7893,11.8333,4.94611,-0.00259129,-0.021145,-0.00140769,0.021349646367099386
34.8139,0.166667,2.82268,-0.38948,-0.0252292,-0.206962,0.4417742097232929
34.9621,0.166667,2.90183,-0.384275,-0.0240967,-0.205712,0.4365379176198672
35.1102,0.166667,2.98099,-0.378109,-0.0230704,-0.203775,0.4301428947014701
35.2583,0.166667,3.06015,-0.371002,-0.0221658,-0.201166,0.42261278524157314
35.4064,0.166667,3.1393,-0.362964,-0.0213958,-0.197894,0.413959757451905
35.5545,0.166667,3.21846,-0.35399,-0.020776,-0.193958,0.40417851011650785
35.7026,0.166667,3.29761,-0.344067,-0.0203213,-0.189355,0.3932561146984113
35.8507,0.166667,3.37676,-0.333172,-0.0200471,-0.184079,0.38116997001785174
35.9988,0.166667,3.45591,-0.321271,-0.0199725,-0.17812,0.3678867904631124
36.1469,0.166667,3.53506,-0.308316,-0.0201175,-0.171457,0.35335672133306023
36.295,0.166667,3.61421,-0.29424,-0.0205035,-0.164064,0.33751232156508004
36.4431,0.166667,3.69335,-0.278953,-0.0211515,-0.155901,0.3202612745279235
36.5912,0.166667,3.77249,-0.262341,-0.022083,-0.14692,0.3014895447109236
36.7393,0.166667,3.85163,-0.244261,-0.0233138,-0.137052,0.28105198824317185
36.8874,0.166667,3.93076,-0.224536,-0.0248547,-0.126217,0.258775776488237
37.0354,0.166667,4.00989,-0.202959,-0.0266921,-0.114309,0.234459743590259
37.1835,0.166667,4.08901,-0.179283,-0.0287984,-0.101212,0.20788364744625779
37.3315,0.166667,4.16812,-0.153273,-0.0310487,-0.0867985,0.17885920133708524
37.4795,0.166667,4.24722,-0.124662,-0.0333025,-0.0709391,0.1472481804949046
37.6275,0.166667,4.32631,-0.093419,-0.0350355,-0.0536096,0.11326334373225082
37.7754,0.166667,4.40537,-0.0594452,-0.0358411,-0.0347497,0.07762639951936455
37.9233,0.166667,4.4844,-0.0239852,-0.0334544,-0.0151589,0.04386660401273388
38.0711,0.166667,4.56338,0.0125139,-0.0212441,0.00554709,0.025272112802219367
38.2187,0.166667,4.64228,0.0393045,0.00665605,0.0205236,0.044837092666814383
38.3661,0.166667,4.72103,0.0486643,0.0249786,0.0259623,0.060549034457536975
38.5128,0.166667,4.79944,0.0385126,0.0473705,0.0206273,0.06444121456257633
38.6577,0.166667,4.87685,0.0194092,0.0633145,0.0104724,0.06704561221027071
38.7893,0.166667,4.94722,-0.00267141,0.0219209,-0.0014086,0.02212795612247322
34.8139,0.5,2.82268,-0.260445,-0.0735273,-0.126437,0.29870416274181716
34.9621,0.5,2.90183,-0.264465,-0.0722567,-0.130673,0.30370742475100937
35.1102,0.5,2.98099,-0.267014,-0.0710473,-0.133945,0.3070593722039599
35.2583,0.5,3.06015,-0.268092,-0.069966,-0.136253,0.3087611400889043
35.4064,0.5,3.1393,-0.267726,-0.0690781,-0.137605,0.3088432142699755
35.5545,0.5,3.21846,-0.265954,-0.0684508,-0.138015,0.30735188686852083
35.7026,0.5,3.29761,-0.262826,-0.0681339,-0.137514,0.30435149876616346
35.8507,0.5,3.37676,-0.25839,-0.06817,-0.136142,0.29991196235562195
35.9988,0.5,3.45591,-0.252696,-0.0686117,-0.133937,0.29411214487315884
36.1469,0.5,3.53506,-0.245782,-0.0695117,-0.130931,0.28702542521855096
36.295,0.5,3.61421,-0.237678,-0.0709217,-0.12715,0.27872538763968024
36.4431,0.5,3.69335,-0.228403,-0.0728881,-0.122614,0.2692857191286051
36.5912,0.5,3.77249,-0.217963,-0.0754516,-0.117343,0.25878599838584776
36.7393,0.5,3.85163,-0.206352,-0.0786378,-0.11134,0.24730880916950776
36.8874,0.5,3.93076,-0.193523,-0.0824508,-0.104608,0.23493003131494278
37.0354,0.5,4.00989,-0.179447,-0.0868407,-0.0971259,0.22175656345709366
37.1835,0.5,4.08901,-0.163996,-0.0916864,-0.0888786,0.20784727445631807
37.3315,0.5,4.16812,-0.147185,-0.0967048,-0.0798189,0.19335537066564767
37.4795,0.5,4.24722,-0.12872,-0.101378,-0.0699238,0.17814509561152672
37.6275,0.5,4.32631,-0.108951,-0.104716,-0.0591843,0.16229153527984755
37.7754,0.5,4.40537,-0.0872508,-0.104979,-0.0475864,0.14456056864373493
37.9233,0.5,4.4844,-0.06532,-0.0991386,-0.0355387,0.12392805819365524
38.0711,0.5,4.56338,-0.0416757,-0.0812944,-0.0228921,0.09417904057835799
38.2187,0.5,4.64228,-0.0193867,-0.0399535,-0.0106482,0.045667389485058156
38.3661,0.5,4.72103,0.00725704,0.0421829,0.00386653,0.042976874435125
38.5128,0.5,4.79944,0.00890597,0.0799529,0.00481889,0.08059158902070984
38.6577,0.5,4.87685,0.000874328,0.0806835,0.000511982,0.08068986148996607
38.7893,0.5,4.94722,-0.000267511,0.0214478,-0.000135361,0.02144989532784349
34.8139,0.833333,2.82268,-0.0983729,-0.113767,-0.0299336,0.15334985540381182
34.9621,0.833333,2.90183,-0.110703,-0.112805,-0.0389638,0.16278298419810347
35.1102,0.833333,2.98099,-0.122114,-0.112171,-0.0474335,0.1724647765755373
35.2583,0.833333,3.06015,-0.132347,-0.111825,-0.0551837,0.18184003898946458
35.4064,0.833333,3.1393,-0.141179,-0.11175,-0.0620898,0.19045922347064215
35.5545,0.833333,3.21846,-0.148452,-0.111993,-0.0679958,0.19799963931946946
35.7026,0.833333,3.29761,-0.154167,-0.112585,-0.0728466,0.20432687842170938
35.8507,0.833333,3.37676,-0.158316,-0.113544,-0.0766582,0.20936254540686117
35.9988,0.833333,3.45591,-0.160937,-0.114935,-0.0794715,0.21313491386032932
36.1469,0.833333,3.53506,-0.162081,-0.116832,-0.0813238,0.2157163119271234
36.295,0.833333,3.61421,-0.161807,-0.11931,-0.0822604,0.21721683810690184
36.4431,0.833333,3.69335,-0.160191,-0.122431,-0.0823294,0.21778116618835522
36.5912,0.833333,3.77249,-0.157318,-0.126267,-0.0815878,0.21759797223742688
36.7393,0.833333,3.85163,-0.153284,-0.130864,-0.0800938,0.21687874019931047
36.8874,0.833333,3.93076,-0.148154,-0.136239,-0.0779064,0.21582418770369555
37.0354,0.833333,4.00989,-0.142009,-0.142345,-0.075072,0.21462632711296162
37.1835,0.833333,4.08901,-0.134869,-0.149032,-0.0716327,0.21338094548082306
37.3315,0.833333,4.16812,-0.126804,-0.155999,-0.0676114,0.2120996082668707
37.4795,0.833333,4.24722,-0.117736,-0.162548,-0.0630158,0.21036779470641412
37.6275,0.833333,4.32631,-0.107699,-0.167629,-0.0578216,0.20746540354613344
37.7754,0.833333,4.40537,-0.0964518,-0.168888,-0.0519745,0.20131431870954933
37.9233,0.833333,4.4844,-0.0839716,-0.163519,-0.0453502,0.18933128005588512
38.0711,0.833333,4.56338,-0.0697569,-0.144551,-0.0377985,0.16489312690606606
38.2187,0.833333,4.64228,-0.0531673,-0.106464,-0.0287611,0.12242771728044267
38.3661,0.833333,4.72103,-0.0320514,-0.0318018,-0.017357,0.04837263869379052
38.5128,0.833333,4.79944,-0.000140703,0.0730516,-0.000198479,0.07305200513201297
38.6577,0.833333,4.87685,-0.00113608,0.086077,-0.000576643,0.08608642822138603
38.7893,0.833333,4.94722,0.000478268,0.0206433,0.000258198,0.02065045378138282
34.8139,1.16667,2.82268,0.0374427,-0.1537,0.0481624,0.16536403042091713
34.9621,1.16667,2.90183,0.0237218,-0.149976,0.0388125,0.15672247614011844
35.1102,1.16667,2.98099,0.00959251,-0.147184,0.0292094,0.15036068353283083
35.2583,1.16667,3.06015,-0.00471417,-0.145355,0.0194902,0.14673161663332449
35.4064,1.16667,3.1393,-0.0186106,-0.144568,0.00980767,0.14609055906248322
35.5545,1.16667,3.21846,-0.0316067,-0.144736,0.000520767,0.14814777885327304
35.7026,1.16667,3.29761,-0.043759,-0.145606,-0.00812739,0.15225640145889469
35.8507,1.16667,3.37676,-0.0548012,-0.147073,-0.0159998,0.15776448412263136
35.9988,1.16667,3.45591,-0.0646028,-0.149115,-0.023058,0.16413554263729718
36.1469,1.16667,3.53506,-0.0730702,-0.151741,-0.0292442,0.17093802515145656
36.295,1.16667,3.61421,-0.0801342,-0.154963,-0.0345336,0.17784147690457364
36.4431,1.16667,3.69335,-0.0857331,-0.158784,-0.0388986,0.18459584007655752
36.5912,1.16667,3.77249,-0.0899367,-0.163265,-0.0423587,0.19115001882704588
36.7393,1.16667,3.85163,-0.0928959,-0.168451,-0.0449863,0.19755797838988937
36.8874,1.16667,3.93076,-0.0946971,-0.174372,-0.046865,0.20388590769695195
37.0354,1.16667,4.00989,-0.0954871,-0.18098,-0.0480818,0.21019849228205706
37.1835,1.16667,4.08901,-0.0953481,-0.188182,-0.048704,0.21650820980648747
37.3315,1.16667,4.16812,-0.0944477,-0.195735,-0.0488177,0.2227458778374585
37.4795,1.16667,4.24722,-0.0928486,-0.20321,-0.048464,0.22861304844203448
37.6275,1.16667,4.32631,-0.0905219,-0.209556,-0.0476686,0.233195683797042
37.7754,1.16667,4.40537,-0.087463,-0.213243,-0.0463634,0.2350998049288004
37.9233,1.16667,4.4844,-0.0828767,-0.211185,-0.0442843,0.23114660035220075
38.0711,1.16667,4.56338,-0.0767361,-0.198962,-0.041114,0.2171742790553476
38.2187,1.16667,4.64228,-0.0659072,-0.168551,-0.0356129,0.18444911834771668
38.3661,1.16667,4.72103,-0.0513958,-0.109225,-0.0276055,0.12382928778318157
38.5128,1.16667,4.79944,-0.0242319,0.00676592,-0.0130174,0.02832693689434846
38.6577,1.16667,4.87685,0.00443544,0.0734736,0.00230259,0.07364336321530746
38.7893,1.16667,4.94722,-0.00287902,0.0191937,-0.00154026,0.0194694446946491
34.8139,1.5,2.82268,0.134287,-0.19707,0.101309,0.259100553357186
34.9621,1.5,2.90183,0.121195,-0.190803,0.0928071,0.24435050776376546
35.1102,1.5,2.98099,0.107477,-0.185396,0.0838292,0.23010935903965316
35.2583,1.5,3.06015,0.093266,-0.180971,0.0744637,0.21678074687271007
35.4064,1.5,3.1393,0.0787145,-0.17768,0.0648035,0.20485518915199585
35.5545,1.5,3.21846,0.0639793,-0.175581,0.0549629,0.1947895242714556
35.7026,1.5,3.29761,0.049244,-0.174619,0.0450986,0.18695093051108358
35.8507,1.5,3.37676,0.0347478,-0.17477,0.0353771,0.18166865912768224
35.9988,1.5,3.45591,0.0207173,-0.176004,0.0259537,0.17910948908134378
36.1469,1.5,3.53506,0.00734324,-0.178301,0.0169864,0.17925877261561732
36.295,1.5,3.61421,-0.00524502,-0.181678,0.00850576,0.18195261435873353
36.4431,1.5,3.69335,-0.0165104,-0.185914,0.000756792,0.18664721117201635
36.5912,1.5,3.77249,-0.0264717,-0.190845,-0.00614741,0.19277021444091952
36.7393,1.5,3.85163,-0.0352528,-0.196446,-0.0122043,0.1999568347477275
36.8874,1.5,3.93076,-0.0427899,-0.20274,-0.0174573,0.2079404733699046
37.0354,1.5,4.00989,-0.049216,-0.209636,-0.0219779,0.2164543721905612
37.1835,1.5,4.08901,-0.054411,-0.217013,-0.0257478,0.22520690108173863
37.3315,1.5,4.16812,-0.0587034,-0.224708,-0.0288728,0.23403720434025013
37.4795,1.5,4.24722,-0.0620014,-0.232535,-0.0313745,0.24269540390623387
37.6275,1.5,4.32631,-0.0646338,-0.239596,-0.0333581,0.25039275978759845
37.7754,1.5,4.40537,-0.0662029,-0.245122,-0.0347221,0.25626791270235144
37.9233,1.5,4.4844,-0.0669225,-0.24646,-0.035463,0.2578347862008732
38.0711,1.5,4.56338,-0.0654301,-0.241119,-0.0350188,0.2522811655682009
38.2187,1.5,4.64228,-0.0611683,-0.221199,-0.0329089,0.23184812749966302
38.3661,1.5,4.72103,-0.0509159,-0.180678,-0.0274745,0.18971509351409024
38.5128,1.5,4.79944,-0.0342236,-0.0975333,-0.0183953,0.10498755387158995
38.6577,1.5,4.87685,0.000480829,0.0439696,0.000201448,0.043972690411026076
38.7893,1.5,4.94722,-0.00085884,0.0188687,-0.000446248,0.01889350637423091
34.8139,1.83333,2.82268,0.213082,-0.234502,0.143459,0.3478154847171126
34.9621,1.83333,2.90183,0.199468,-0.226629,0.13508,0.3307488368309101
35.1102,1.83333,2.98099,0.185151,-0.219495,0.12617,0.31365238198681034
35.2583,1.83333,3.06015,0.170241,-0.213217,0.116797,0.29679121681579457
35.4064,1.83333,3.1393,0.15485,-0.20791,0.107037,0.2804674846911848
35.5545,1.83333,3.21846,0.139089,-0.203675,0.0969689,0.26501362816506246
35.7026,1.83333,3.29761,0.123087,-0.200589,0.0866874,0.2508008409251452
35.8507,1.83333,3.37676,0.106998,-0.198718,0.0763036,0.23824284858303724
35.9988,1.83333,3.45591,0.0909886,-0.198105,0.0659326,0.22775342828971862
36.1469,1.83333,3.53506,0.0752301,-0.198768,0.0556962,0.2197051489256681
36.295,1.83333,3.61421,0.0599027,-0.200714,0.045707,0.21439116845684197
36.4431,1.83333,3.69335,0.0451548,-0.203885,0.0360807,0.21191948022900112
36.5912,1.83333,3.77249,0.0311759,-0.208124,0.0269493,0.21216456086561677
36.7393,1.83333,3.85163,0.0180805,-0.213299,0.0184048,0.214853681709879
36.8874,1.83333,3.93076,0.00603529,-0.219367,0.0105424,0.21970308967364136
37.0354,1.83333,4.00989,-0.00508295,-0.226317,0.00326789,0.22639765894274302
37.1835,1.83333,4.08901,-0.0146713,-0.233682,-0.00314062,0.23416316461321238
37.3315,1.83333,4.16812,-0.0231648,-0.241379,-0.00875793,0.24264610225166383
37.4795,1.83333,4.24722,-0.0303015,-0.249342,-0.0135489,0.25154161993089735
37.6275,1.83333,4.32631,-0.0364969,-0.256985,-0.0176234,0.2601612925901353
37.7754,1.83333,4.40537,-0.0411709,-0.26375,-0.0208331,0.26775571620867405
37.9233,1.83333,4.4844,-0.0451688,-0.26822,-0.0233965,0.27300107162003967
38.0711,1.83333,4.56338,-0.0467974,-0.268024,-0.024759,0.273202981872014
38.2187,1.83333,4.64228,-0.0469778,-0.25816,-0.0250118,0.2635888643931682
38.3661,1.83333,4.72103,-0.0412876,-0.22959,-0.0222854,0.2343349591224493
38.5128,1.83333,4.79944,-0.0318612,-0.162452,-0.017042,0.1664218078661568
38.6577,1.83333,4.87685,-0.0125313,-0.0148854,-0.00666774,0.020568601545987514
38.7893,1.83333,4.94722,0.00339871,0.0140477,0.00181894,0.014567005446477323
34.8139,2.16667,2.82268,0.283481,-0.263812,0.18062,0.4272959549363883
34.9621,2.16667,2.90183,0.268787,-0.254856,0.17197,0.40837692516228197
35.1102,2.16667,2.98099,0.253285,-0.246531,0.162718,0.3891117740572752
35.2583,2.16667,3.06015,0.23708,-0.238958,0.152928,0.36972263299397834
35.4064,2.16667,3.1393,0.220283,-0.232254,0.142673,0.3504598486759931
35.5545,2.16667,3.21846,0.203011,-0.226532,0.132031,0.33160578720221395
35.7026,2.16667,3.29761,0.18539,-0.221891,0.121088,0.31347626979565774
35.8507,2.16667,3.37676,0.167553,-0.218423,0.109937,0.2964266497921535
35.9988,2.16667,3.45591,0.149642,-0.2162,0.0986773,0.28084226480230856
36.1469,2.16667,3.53506,0.131798,-0.215276,0.0874117,0.2671240803014397
36.295,2.16667,3.61421,0.114174,-0.215676,0.0762449,0.2556660400366267
36.4431,2.16667,3.69335,0.0969058,-0.217386,0.0652822,0.24679783772650846
36.5912,2.16667,3.77249,0.080161,-0.220349,0.0546311,0.24075719056595174
36.7393,2.16667,3.85163,0.064078,-0.224486,0.0444015,0.23763721821770678
36.8874,2.16667,3.93076,0.0488609,-0.229673,0.0346969,0.23736248513069624
37.0354,2.16667,4.00989,0.0345811,-0.235814,0.0255879,0.23970572729832718
37.1835,2.16667,4.08901,0.0214839,-0.242718,0.0171861,0.24427228151474736
37.3315,2.16667,4.16812,0.00956671,-0.250206,0.00958381,0.2505721728172149
37.4795,2.16667,4.24722,-0.00093961,-0.258235,0.00280431,0.25825193561041937
37.6275,2.16667,4.32631,-0.0101438,-0.266294,-0.00307965,0.26650492558030237
37.7754,2.16667,4.40537,-0.017492,-0.273766,-0.00787287,0.2744371966443997
37.9233,2.16667,4.4844,-0.0239388,-0.280247,-0.0118621,0.2815175954906727
38.0711,2.16667,4.56338,-0.0282529,-0.283451,-0.0147051,0.28523487817134147
38.2187,2.16667,4.64228,-0.0315455,-0.280936,-0.0166763,0.2831929618615901
38.3661,2.16667,4.72103,-0.0308319,-0.263173,-0.0166199,0.26549360644395936
38.5128,2.16667,4.79944,-0.0263236,-0.214512,-0.0140889,0.21657984016101317
38.6577,2.16667,4.87685,-0.0144939,-0.0823549,-0.00775468,0.083979388858948
38.7893,2.16667,4.94722,0.00337736,-0.00158476,0.001799,0.004141790171797697
34.8139,2.5,2.82268,0.349356,-0.28393,0.215392,0.4990586872302695
34.9621,2.5,2.90183,0.333342,-0.274215,0.206296,0.4784023357018651
35.1102,2.5,2.98099,0.316412,-0.265053,0.19653,0.45715827396318665
35.2583,2.5,3.06015,0.298672,-0.256554,0.186158,0.4355223524275189
35.4064,2.5,3.1393,0.280235,-0.24883,0.175248,0.41371473943890374
35.5545,2.5,3.21846,0.261221,-0.241991,0.163877,0.39198434414017097
35.7026,2.5,3.29761,0.241757,-0.236143,0.152128,0.3706115107251797
35.8507,2.5,3.37676,0.221975,-0.231384,0.14009,0.3499095085604277
35.9988,2.5,3.45591,0.202015,-0.227801,0.127858,0.3302287449481041
36.1469,2.5,3.53506,0.182017,-0.225468,0.115533,0.3119517292819516
36.295,2.5,3.61421,0.162132,-0.224435,0.103217,0.2954853697528864
36.4431,2.5,3.69335,0.142501,-0.224729,0.0910164,0.2812359214448965
36.5912,2.5,3.77249,0.123288,-0.226336,0.0790382,0.2695829239756109
36.7393,2.5,3.85163,0.104634,-0.229215,0.0673923,0.26082467728397557
36.8874,2.5,3.93076,0.0867334,-0.233275,0.0561866,0.25514082840682323
37.0354,2.5,4.00989,0.0697145,-0.23842,0.0455298,0.25254142352946773
37.1835,2.5,4.08901,0.053829,-0.244471,0.0355356,0.2528367258713813
37.3315,2.5,4.16812,0.0391568,-0.251315,0.026314,0.25570473364261365
37.4795,2.5,4.24722,0.0260442,-0.258725,0.0179942,0.2606544018663026
37.6275,2.5,4.32631,0.0143551,-0.266626,0.0106311,0.26722371350465884
37.7754,2.5,4.40537,0.0045774,-0.274404,0.00441947,0.27447775779075595
37.9233,2.5,4.4844,-0.00397136,-0.282108,-0.000860722,0.2821372648315194
38.0711,2.5,4.56338,-0.0104228,-0.287417,-0.00491717,0.28764795359892426
38.2187,2.5,4.64228,-0.0157685,-0.289477,-0.00807435,0.2900185756967517
38.3661,2.5,4.72103,-0.0185203,-0.28006,-0.00986161,0.2808448975215361
38.5128,2.5,4.79944,-0.0178717,-0.245502,-0.00952843,0.24633599136779608
38.6577,2.5,4.87685,-0.012049,-0.127628,-0.00645348,0.12835782870207177
38.7893,2.5,4.94722,0.00233846,-0.0123531,0.00124393,0.012633876547857352
34.8139,2.83333,2.82268,0.411982,-0.295089,0.24843,0.5643794389814356
34.9621,2.83333,2.90183,0.394502,-0.284875,0.238771,0.5420306117462371
35.1102,2.83333,2.98099,0.375998,-0.275158,0.228376,0.5188853614662877
35.2583,2.83333,3.06015,0.356578,-0.266042,0.217304,0.49512346365729826
35.4064,2.83333,3.1393,0.336356,-0.25763,0.205624,0.47094564974315245
35.5545,2.83333,3.21846,0.315455,-0.250026,0.193412,0.44657928685173026
35.7026,2.83333,3.29761,0.294006,-0.243332,0.180749,0.4222797547373068
35.8507,2.83333,3.37676,0.272147,-0.237645,0.167726,0.3983354700626094
35.9988,2.83333,3.45591,0.250024,-0.233054,0.154439,0.3750700897339056
36.1469,2.83333,3.53506,0.227785,-0.229638,0.140989,0.3528420544521302
36.295,2.83333,3.61421,0.205585,-0.227461,0.127482,0.33204722415644433
36.4431,2.83333,3.69335,0.183577,-0.226568,0.114029,0.3131073081133687
36.5912,2.83333,3.77249,0.161926,-0.226973,0.10074,0.2964545830392912
36.7393,2.83333,3.85163,0.140789,-0.22867,0.087731,0.28250352171610177
36.8874,2.83333,3.93076,0.120353,-0.231606,0.0751152,0.271603529277585
37.0354,2.83333,4.00989,0.100781,-0.23572,0.0630146,0.26399160625701723
37.1835,2.83333,4.08901,0.0823127,-0.240876,0.0515543,0.2597199911554365
37.3315,2.83333,4.16812,0.0651177,-0.246992,0.0408721,0.25868106130078405
37.4795,2.83333,4.24722,0.049504,-0.253824,0.0311157,0.26047160263355
37.6275,2.83333,4.32631,0.0355551,-0.261328,0.0224163,0.2646865678981463
37.7754,2.83333,4.40537,0.0235406,-0.268973,0.0148955,0.27041174252907363
37.9233,2.83333,4.4844,0.0132629,-0.276823,0.00855596,0.2772725776143966
38.0711,2.83333,4.56338,0.00478119,-0.283363,0.00336977,0.2834233668854228
38.2187,2.83333,4.64228,-0.00234584,-0.288166,-0.000836441,0.28817676199661224
38.3661,2.83333,4.72103,-0.00783118,-0.284736,-0.00406458,0.2848726696030506
38.5128,2.83333,4.79944,-0.0105524,-0.26171,-0.00561395,0.26198281180329847
38.6577,2.83333,4.87685,-0.00939719,-0.162266,-0.00504026,0.1626160083041141
38.7893,2.83333,4.94722,0.00136939,-0.0264582,0.000723909,0.02650350204128468
34.8139,3.16667,2.82268,0.471965,-0.297312,0.280135,0.6241962870716231
34.9621,3.16667,2.90183,0.452935,-0.286805,0.269853,0.6001898565112542
35.1102,3.16667,2.98099,0.432787,-0.276755,0.258774,0.5752059635208939
35.2583,3.16667,3.06015,0.411626,-0.267255,0.246956,0.5494073760307555
35.4064,3.16667,3.1393,0.389568,-0.2584,0.234465,0.5229795625538345
35.5545,3.16667,3.21846,0.366738,-0.250285,0.221376,0.4961317115897753
35.7026,3.16667,3.29761,0.34327,-0.243004,0.207771,0.46909916367117943
35.8507,3.16667,3.37676,0.319308,-0.236648,0.193739,0.44214779756208217
35.9988,3.16667,3.45591,0.295002,-0.231305,0.179379,0.4155779212975588
36.1469,3.16667,3.53506,0.270509,-0.227054,0.164796,0.3897260058207561
36.295,3.16667,3.61421,0.245995,-0.223962,0.150099,0.3649688031462415
36.4431,3.16667,3.69335,0.221624,-0.222083,0.135404,0.34171962115307336
36.5912,3.16667,3.77249,0.197572,-0.22145,0.120829,0.32042853325663745
36.7393,3.16667,3.85163,0.174012,-0.222076,0.106497,0.30156182936339937
36.8874,3.16667,3.93076,0.151134,-0.223939,0.0925303,0.28557313965968506
37.0354,3.16667,4.00989,0.129126,-0.227008,0.0790601,0.2728674684751005
37.1835,3.16667,4.08901,0.108215,-0.231187,0.0662191,0.2637098488847355
37.3315,3.16667,4.16812,0.0886296,-0.23642,0.0541602,0.2582304197034114
37.4795,3.16667,4.24722,0.0706395,-0.242516,0.0430398,0.25623499682964856
37.6275,3.16667,4.32631,0.0544786,-0.249434,0.0330351,0.2574423353801196
37.7754,3.16667,4.40537,0.0403289,-0.25676,0.0242724,0.2610388231220981
37.9233,3.16667,4.4844,0.0282632,-0.264442,0.0168537,0.2664815697978568
38.0711,3.16667,4.56338,0.018043,-0.271354,0.0106651,0.27216224485223883
38.2187,3.16667,4.64228,0.00952899,-0.277103,0.00562773,0.2773239001679678
38.3661,3.16667,4.72103,0.00205208,-0.277532,0.00133183,0.27754278197689686
38.5128,3.16667,4.79944,-0.0033538,-0.26312,-0.00171554,0.2631469655001395
38.6577,3.16667,4.87685,-0.00585059,-0.180012,-0.00311796,0.18013403682233323
38.7893,3.16667,4.94722,0.00064565,-0.0343399,0.000338896,0.03434764106065096
34.8139,3.5,2.82268,0.529203,-0.290821,0.310356,0.6789355757257091
34.9621,3.5,2.90183,0.508554,-0.280256,0.299401,0.6533081625488847
35.1102,3.5,2.98099,0.486706,-0.270119,0.287595,0.6265444027537075
35.2583,3.5,3.06015,0.463762,-0.260492,0.274994,0.5987929314412453
35.4064,3.5,3.1393,0.439839,-0.251461,0.261663,0.5702267145714939
35.5545,3.5,3.21846,0.415062,-0.24311,0.247674,0.5410372872732525
35.7026,3.5,3.29761,0.389569,-0.235525,0.233109,0.511444852615607
35.8507,3.5,3.37676,0.363505,-0.228789,0.218059,0.4816949439500066
35.9988,3.5,3.45591,0.337027,-0.222983,0.202621,0.452066241450299
36.1469,3.5,3.53506,0.3103,-0.218182,0.186905,0.4228746317160679
36.295,3.5,3.61421,0.283496,-0.214454,0.171024,0.3944739645502603
36.4431,3.5,3.69335,0.256795,-0.211855,0.155099,0.3672627300053736
36.5912,3.5,3.77249,0.23038,-0.210426,0.139256,0.34168154678296575
36.7393,3.5,3.85163,0.204442,-0.210193,0.123626,0.31821536180549176
36.8874,3.5,3.93076,0.179178,-0.211157,0.108341,0.297371495967586
37.0354,3.5,4.00989,0.1548,-0.213306,0.0935409,0.27966478078015117
37.1835,3.5,4.08901,0.131531,-0.216584,0.0793693,0.26553440228996694
37.3315,3.5,4.16812,0.109638,-0.220952,0.0659894,0.2553328773588705
37.4795,3.5,4.24722,0.0893768,-0.22628,0.0535697,0.24911957678257646
37.6275,3.5,4.32631,0.0710594,-0.232516,0.0423077,0.24678547376952722
37.7754,3.5,4.40537,0.0548434,-0.239365,0.0323487,0.2476889988276629
37.9233,3.5,4.4844,0.0409293,-0.246695,0.0238348,0.25120057387380706
38.0711,3.5,4.56338,0.0290366,-0.253701,0.0166788,0.25590135581899526
38.2187,3.5,4.64228,0.0191055,-0.259759,0.0108133,0.2606850315383298
38.3661,3.5,4.72103,0.0101998,-0.262011,0.00573566,0.26227218273517994
38.5128,3.5,4.79944,0.00272836,-0.253896,0.00154874,0.2539153822829117
38.6577,3.5,4.87685,-0.00298814,-0.187048,-0.00156897,0.187078445983284
38.7893,3.5,4.94722,0.000122863,-0.0412804,6.01729e-05,0.04128062669406393
34.8139,3.83333,2.82268,0.58339,-0.27567,0.338934,0.7288443574289368
34.9621,3.83333,2.90183,0.561084,-0.265296,0.327281,0.701648113824159
35.1102,3.83333,2.98099,0.537516,-0.255323,0.314735,0.6731800686369138
35.2583,3.83333,3.06015,0.512791,-0.245823,0.301348,0.6435791902431277
35.4064,3.83333,3.1393,0.487021,-0.23687,0.287182,0.6130011031515359
35.5545,3.83333,3.21846,0.460334,-0.228537,0.272308,0.5816254798313086
35.7026,3.83333,3.29761,0.432865,-0.2209,0.256808,0.5496537701944744
35.8507,3.83333,3.37676,0.404765,-0.214033,0.24077,0.5173152068265536
35.9988,3.83333,3.45591,0.376192,-0.208009,0.224295,0.48486741689868174
36.1469,3.83333,3.53506,0.347317,-0.202896,0.207492,0.4526022706184758
36.295,3.83333,3.61421,0.31832,-0.198758,0.19048,0.4208503241818877
36.4431,3.83333,3.69335,0.28939,-0.195651,0.173383,0.38998403889133715
36.5912,3.83333,3.77249,0.26072,-0.193618,0.156335,0.3604212542969685
36.7393,3.83333,3.85163,0.232515,-0.192693,0.139471,0.3326349009274282
36.8874,3.83333,3.93076,0.204981,-0.19289,0.122936,0.3071433257568851
37.0354,3.83333,4.00989,0.178348,-0.194215,0.106875,0.2845166795708118
37.1835,3.83333,4.08901,0.152844,-0.196641,0.0914442,0.26531304704186714
37.3315,3.83333,4.16812,0.12876,-0.200149,0.076815,0.2500785956974327
37.4795,3.83333,4.24722,0.106352,-0.204659,0.0631671,0.2391362304365652
37.6275,3.83333,4.32631,0.0859762,-0.210128,0.0507112,0.23263127295331557
37.7754,3.83333,4.40537,0.0678014,-0.216345,0.0396153,0.23015551451366528
37.9233,3.83333,4.4844,0.0520926,-0.223147,0.0300448,0.23110801065908557
38.0711,3.83333,4.56338,0.0385979,-0.229906,0.0219533,0.2341548933960168
38.2187,3.83333,4.64228,0.027245,-0.235944,0.0152589,0.23800146047915335
38.3661,3.83333,4.72103,0.0171668,-0.239055,0.00951973,0.23985957830887825
38.5128,3.83333,4.79944,0.00821633,-0.233984,0.00451787,0.2341717990792354
38.6577,3.83333,4.87685,3.17357e-05,-0.182895,6.38905e-05,0.1828950139127654
38.7893,3.83333,4.94722,-0.000174526,-0.0430344,-9.39677e-05,0.04303485648417245
34.8139,4.16667,2.82268,0.633854,-0.251905,0.365434,0.7738016740076232
34.9621,4.16667,2.90183,0.609877,-0.242034,0.353076,0.7451127928448149
35.1102,4.16667,2.98099,0.584597,-0.232536,0.33979,0.7150411790974
35.2583,4.16667,3.06015,0.558116,-0.223472,0.325627,0.6837149606151675
35.4064,4.16667,3.1393,0.530545,-0.214903,0.310647,0.6512778631605715
35.5545,4.16667,3.21846,0.502008,-0.206894,0.294917,0.6178941626112032
35.7026,4.16667,3.29761,0.472644,-0.199507,0.278518,0.5837530900209437
35.8507,4.16667,3.37676,0.4426,-0.192806,0.26154,0.5490647368352843
35.9988,4.16667,3.45591,0.412038,-0.186855,0.244081,0.5140677377836504
36.1469,4.16667,3.53506,0.381134,-0.181715,0.226253,0.47903432777829186
36.295,4.16667,3.61421,0.35007,-0.177441,0.208176,0.4442651914757671
36.4431,4.16667,3.69335,0.319043,-0.174086,0.189979,0.41010534218173755
36.5912,4.16667,3.77249,0.288254,-0.171694,0.171799,0.3769404389993199
36.7393,4.16667,3.85163,0.257921,-0.1703,0.153781,0.3452157705001323
36.8874,4.16667,3.93076,0.228258,-0.169927,0.136073,0.3154247314685391
37.0354,4.16667,4.00989,0.19951,-0.170592,0.118833,0.288144325734518
37.1835,4.16667,4.08901,0.171913,-0.172292,0.102225,0.26398591526443227
37.3315,4.16667,4.16812,0.145775,-0.175026,0.0864275,0.24362710041629193
37.4795,4.16667,4.24722,0.121359,-0.178756,0.0716332,0.2276247564726649
37.6275,4.16667,4.32631,0.0990501,-0.183459,0.0580618,0.2164238887236111
37.7754,4.16667,4.40537,0.0790371,-0.18899,0.0459029,0.2099313209238202
37.9233,4.16667,4.4844,0.0616327,-0.19519,0.0353415,0.20771795163524023
38.0711,4.16667,4.56338,0.0466191,-0.201542,0.0263671,0.2085371482763203
38.2187,4.16667,4.64228,0.0339378,-0.20738,0.0189031,0.21098712249435983
38.3661,4.16667,4.72103,0.022724,-0.210869,0.0125219,0.21245920388773465
38.5128,4.16667,4.79944,0.0126923,-0.207685,0.00692849,0.20818779425790096
38.6577,4.16667,4.87685,0.00293873,-0.168767,0.00162407,0.16880039699709773
38.7893,4.16667,4.94722,-0.000615049,-0.0428176,-0.000326049,0.04282325843490663
34.8139,4.5,2.82268,0.679683,-0.219713,0.389368,0.8135417766052337
34.9621,4.5,2.90183,0.65407,-0.210687,0.376324,0.7834643130640987
35.1102,4.5,2.98099,0.627134,-0.201997,0.362328,0.7519184939533007
35.2583,4.5,3.06015,0.598974,-0.193692,0.347429,0.7190224986612033
35.4064,4.5,3.1393,0.5697,-0.185821,0.331685,0.6849105585884919
35.5545,4.5,3.21846,0.539434,-0.178437,0.315162,0.6497352457493745
35.7026,4.5,3.29761,0.508311,-0.171591,0.297938,0.6136697775237102
35.8507,4.5,3.37676,0.476479,-0.165336,0.280102,0.5769101842930145
35.9988,4.5,3.45591,0.444102,-0.159725,0.261752,0.5396783963927035
36.1469,4.5,3.53506,0.411353,-0.154808,0.243,0.5022208751864065
36.295,4.5,3.61421,0.378421,-0.150635,0.223968,0.46481719147423967
36.4431,4.5,3.69335,0.345506,-0.147251,0.204787,0.4277791116990169
36.5912,4.5,3.77249,0.312816,-0.144697,0.185598,0.3914558586469233
36.7393,4.5,3.85163,0.280574,-0.143009,0.166549,0.356246983086173
36.8874,4.5,3.93076,0.249004,-0.142216,0.147798,0.32260290060072305
37.0354,4.5,4.00989,0.21836,-0.142343,0.129505,0.29105697771055067
37.1835,4.5,4.08901,0.188887,-0.143405,0.111844,0.26220673738483535
37.3315,4.5,4.16812,0.160904,-0.145421,0.0950012,0.23677540509613745
37.4795,4.5,4.24722,0.13468,-0.148392,0.0791763,0.2154710526861787
37.6275,4.5,4.32631,0.11062,-0.15232,0.0645975,0.19902513360440185
37.7754,4.5,4.40537,0.0889353,-0.15712,0.0514719,0.18773795161261347
37.9233,4.5,4.4844,0.0699732,-0.162652,0.040002,0.18152708290015568
38.0711,4.5,4.56338,0.0535551,-0.168486,0.0302095,0.17935521966828843
38.2187,4.5,4.64228,0.0396371,-0.173974,0.0220279,0.17978676467087337
38.3661,4.5,4.72103,0.0273723,-0.177558,0.0150486,0.1802846264473208
38.5128,4.5,4.79944,0.0163734,-0.17555,0.00891624,0.17653722005089353
38.6577,4.5,4.87685,0.0056318,-0.145737,0.00307772,0.14587824615287365
38.7893,4.5,4.94722,-0.00079263,-0.0384447,-0.000416887,0.038455129894172366
34.8139,4.83333,2.82268,0.71978,-0.179103,0.410095,0.8475488434503347
34.9621,4.83333,2.90183,0.692623,-0.171347,0.396418,0.8162313674822843
35.1102,4.83333,2.98099,0.664145,-0.163877,0.381775,0.783387772931771
35.2583,4.83333,3.06015,0.63444,-0.156729,0.366213,0.7491261939152842
35.4064,4.83333,3.1393,0.603614,-0.149942,0.349786,0.7135703960759583
35.5545,4.83333,3.21846,0.571787,-0.143556,0.33256,0.6768639834597495
35.7026,4.83333,3.29761,0.539093,-0.13761,0.314611,0.6391696614123672
35.8507,4.83333,3.37676,0.505676,-0.132145,0.296024,0.6006669015161398
35.9988,4.83333,3.45591,0.471699,-0.127203,0.2769,0.5615640300179491
36.1469,4.83333,3.53506,0.437336,-0.122824,0.257348,0.5220885987799389
36.295,4.83333,3.61421,0.402775,-0.119047,0.237491,0.4824954548127889
36.4431,4.83333,3.69335,0.36822,-0.11591,0.217462,0.44306976645219204
36.5912,4.83333,3.77249,0.333879,-0.113448,0.197403,0.40412074897733224
36.7393,4.83333,3.85163,0.299981,-0.111695,0.177466,0.3660034897948379
36.8874,4.83333,3.93076,0.266755,-0.110681,0.157812,0.3291096187138869
37.0354,4.83333,4.00989,0.234463,-0.110437,0.138607,0.2939066684969907
37.1835,4.83333,4.08901,0.203354,-0.110992,0.120031,0.2609205134538103
37.3315,4.83333,4.16812,0.173754,-0.112385,0.102274,0.23082636724819805
37.4795,4.83333,4.24722,0.14594,-0.114647,0.0855445,0.20435332071989926
37.6275,4.83333,4.32631,0.120332,-0.117815,0.070077,0.18240326306840018
37.7754,4.83333,4.40537,0.0971639,-0.121861,0.0560952,0.16564298429830948
37.9233,4.83333,4.4844,0.0768122,-0.126681,0.0438181,0.15449341642105657
38.0711,4.83333,4.56338,0.0591435,-0.131924,0.0332991,0.1483601207503553
38.2187,4.83333,4.64228,0.0441239,-0.136983,0.0244821,0.14598162233863549
38.3661,4.83333,4.72103,0.0309459,-0.140506,0.0169839,0.1448724874571428
38.5128,4.83333,4.79944,0.0191231,-0.139324,0.010396,0.14101399485728358
38.6577,4.83333,4.87685,0.00764372,-0.116503,0.0041588,0.11682752707251147
38.7893,4.83333,4.94722,-0.000861604,-0.0310435,-0.000450406,0.031058720502745316
34.8139,5.16667,2.82268,0.752561,-0.130821,0.426743,0.8749695885063664
34.9621,5.16667,2.90183,0.724033,-0.124752,0.412527,0.8425944293205362
35.1102,5.16667,2.98099,0.694202,-0.118899,0.39734,0.8086609082953126
35.2583,5.16667,3.06015,0.663159,-0.113287,0.381226,0.7732703710384875
35.4064,5.16667,3.1393,0.631009,-0.107943,0.364238,0.7365414923641437
35.5545,5.16667,3.21846,0.597868,-0.102894,0.34644,0.698608613073157
35.7026,5.16667,3.29761,0.563866,-0.0981686,0.327906,0.6596243512924306
35.8507,5.16667,3.37676,0.529146,-0.0937947,0.308721,0.6197593007814324
35.9988,5.16667,3.45591,0.493868,-0.0898016,0.288984,0.579207804714819
36.1469,5.16667,3.53506,0.458205,-0.0862183,0.268804,0.5381830615096409
36.295,5.16667,3.61421,0.422345,-0.0830737,0.248304,0.4969219406231627
36.4431,5.16667,3.69335,0.38649,-0.0803966,0.227616,0.4556831978991106
36.5912,5.16667,3.77249,0.350853,-0.0782154,0.206886,0.41474967559018056
36.7393,5.16667,3.85163,0.315663,-0.0765594,0.186266,0.37443222891914635
36.8874,5.16667,3.93076,0.281149,-0.0754593,0.165919,0.3350641441850948
37.0354,5.16667,4.00989,0.247579,-0.0749512,0.146014,0.29704062317878344
37.1835,5.16667,4.08901,0.2152,-0.0750777,0.126734,0.26078575074817645
37.3315,5.16667,4.16812,0.184341,-0.0758983,0.108271,0.22685847056014902
37.4795,5.16667,4.24722,0.155281,-0.0774799,0.0908354,0.195873412586216
37.6275,5.16667,4.32631,0.12844,-0.0799032,0.0746639,0.1686892199681118
37.7754,5.16667,4.40537,0.104067,-0.083198,0.0599881,0.14611782859942177
37.9233,5.16667,4.4844,0.0825532,-0.0873245,0.0470378,0.12904709899618044
38.0711,5.16667,4.56338,0.0637977,-0.0919936,0.0358882,0.11756245942259799
38.2187,5.16667,4.64228,0.047785,-0.0966791,0.0264992,0.1110516195399689
38.3661,5.16667,4.72103,0.0337365,-0.100136,0.0185065,0.10727469631977524
38.5128,5.16667,4.79944,0.0211471,-0.0996846,0.0114929,0.10254904224798982
38.6577,5.16667,4.87685,0.00897768,-0.0824024,0.00487865,0.08303346006138068
38.7893,5.16667,4.94722,-0.000889115,-0.0210114,-0.000462657,0.02103529193861768
34.8139,5.5,2.82268,0.77664,-0.0748534,0.43855,0.8950412412797301
34.9621,5.5,2.90183,0.74702,-0.0709984,0.423951,0.861866639105819
35.1102,5.5,2.98099,0.716128,-0.0672673,0.408379,0.8271261147335937
35.2583,5.5,3.06015,0.684052,-0.0636745,0.391877,0.7909166604537105
35.4064,5.5,3.1393,0.650892,-0.0602349,0.374497,0.7533502783241074
35.5545,5.5,3.21846,0.616762,-0.056964,0.356301,0.7145562710808716
35.7026,5.5,3.29761,0.581787,-0.053878,0.337363,0.6746797358910375
35.8507,5.5,3.37676,0.546109,-0.0509931,0.317766,0.6338852947376283
35.9988,5.5,3.45591,0.509884,-0.0483263,0.297608,0.5923577013863245
36.1469,5.5,3.53506,0.473285,-0.0458945,0.276999,0.5503030459267421
36.295,5.5,3.61421,0.436495,-0.0437155,0.256058,0.5079415609391006
36.4431,5.5,3.69335,0.399718,-0.0418072,0.23492,0.46552092100768144
36.5912,5.5,3.77249,0.363161,-0.0401889,0.213729,0.42329793886246364
36.7393,5.5,3.85163,0.327055,-0.0388825,0.192636,0.3815566148388074
36.8874,5.5,3.93076,0.291627,-0.0379142,0.171805,0.34058883087329805
37.0354,5.5,4.00989,0.257138,-0.0373193,0.151403,0.3007250398711255
37.1835,5.5,4.08901,0.223832,-0.0371467,0.131611,0.2623015380547548
37.3315,5.5,4.16812,0.192032,-0.0374685,0.11262,0.22575084034450457
37.4795,5.5,4.24722,0.162007,-0.0383794,0.0946363,0.191507899761472
37.6275,5.5,4.32631,0.134181,-0.0399979,0.0778974,0.16022602064636693
37.7754,5.5,4.40537,0.108803,-0.0424174,0.0626415,0.13251900299206149
37.9233,5.5,4.4844,0.0863035,-0.0456676,0.0491176,0.10929941642922894
38.0711,5.5,4.56338,0.0666071,-0.0495687,0.0374273,0.09107340212921662
38.2187,5.5,4.64228,0.0497799,-0.0537036,0.0275737,0.07824592020457041
38.3661,5.5,4.72103,0.0350583,-0.0570631,0.0192126,0.06967356585721733
38.5128,5.5,4.79944,0.0220175,-0.0573751,0.0119565,0.06260695088015387
38.6577,5.5,4.87685,0.00935559,-0.0454404,0.005079,0.04667068948931545
38.7893,5.5,4.94722,-0.00113851,-0.00973222,-0.000596353,0.00981671778391887
34.8139,5.83333,2.82268,0.78875,-0.0134947,0.443632,0.9050513912768102
34.9621,5.83333,2.90183,0.758456,-0.0122106,0.428884,0.8714046638298191
35.1102,5.83333,2.98099,0.726924,-0.0109376,0.413161,0.8362058028923024
35.2583,5.83333,3.06015,0.694239,-0.00967992,0.396505,0.7995484381807062
35.4064,5.83333,3.1393,0.660499,-0.00844188,0.378969,0.761542971407349
35.5545,5.83333,3.21846,0.625814,-0.00722802,0.360615,0.7223147410195366
35.7026,5.83333,3.29761,0.590309,-0.00604294,0.341514,0.6820066310534257
35.8507,5.83333,3.37676,0.554124,-0.00489123,0.321752,0.6407820854322575
35.9988,5.83333,3.45591,0.517413,-0.00377748,0.301426,0.5988222736339643
36.1469,5.83333,3.53506,0.480347,-0.0027062,0.280646,0.5563297055195238
36.295,5.83333,3.61421,0.443112,-0.00168203,0.259533,0.5135255123729695
36.4431,5.83333,3.69335,0.405911,-0.000709961,0.238224,0.47065371361715774
36.5912,5.83333,3.77249,0.368954,0.000203789,0.216863,0.427968055367403
36.7393,5.83333,3.85163,0.332475,0.00105018,0.195606,0.3857491876064451
36.8874,5.83333,3.93076,0.296705,0.00181413,0.17462,0.3442808337573512
37.0354,5.83333,4.00989,0.261912,0.00246895,0.154077,0.30388108428644006
37.1835,5.83333,4.08901,0.228345,0.00296682,0.134161,0.2648573483347449
37.3315,5.83333,4.16812,0.196328,0.00322621,0.115064,0.22758474489948596
37.4795,5.83333,4.24722,0.166129,0.00311737,0.0969957,0.1923973192516125
37.6275,5.83333,4.32631,0.138153,0.00245926,0.0801818,0.15975425008427036
37.7754,5.83333,4.40537,0.112612,0.00103889,0.0648395,0.12994884607676244
37.9233,5.83333,4.4844,0.0898545,-0.0013201,0.0511729,0.10341295629015738
38.0711,5.83333,4.56338,0.0696911,-0.00465953,0.0392168,0.0801031712310499
38.2187,5.83333,4.64228,0.0520175,-0.00874107,0.0288814,0.06013619440033515
38.3661,5.83333,4.72103,0.0359131,-0.012815,0.0197355,0.04293559056144448
38.5128,5.83333,4.79944,0.0209888,-0.0145327,0.0114299,0.027970908257330507
38.6577,5.83333,4.87685,0.00678811,-0.00781431,0.00370095,0.010992675245394089
38.7893,5.83333,4.94722,-0.00117209,0.000173254,-0.000619523,0.001337019320782239
34.8139,6.16667,2.82268,0.783052,0.0530293,0.440768,0.9001438613835512
34.9621,6.16667,2.90183,0.753015,0.0513011,0.426108,0.8667360732946391
35.1102,6.16667,2.98099,0.721725,0.0496914,0.410472,0.8317712868589298
35.2583,6.16667,3.06015,0.689268,0.0482063,0.3939,0.7953435944192233
35.4064,6.16667,3.1393,0.655741,0.0468515,0.376446,0.7575638013060352
35.5545,6.16667,3.21846,0.621257,0.045633,0.35817,0.7185599346178437
35.7026,6.16667,3.29761,0.585941,0.0445566,0.339146,0.6784778223350857
35.8507,6.16667,3.37676,0.549932,0.0436279,0.319458,0.6374809895568729
35.9988,6.16667,3.45591,0.513388,0.0428523,0.299205,0.5957576606173772
36.1469,6.16667,3.53506,0.476481,0.0422348,0.278495,0.5535136734689036
36.295,6.16667,3.61421,0.439399,0.0417793,0.257454,0.5109790144668273
36.4431,6.16667,3.69335,0.402347,0.0414878,0.236216,0.4684040399204943
36.5912,6.16667,3.77249,0.365541,0.0413596,0.21493,0.42605838108545646
36.7393,6.16667,3.85163,0.329219,0.0413887,0.193756,0.3842389386627675
36.8874,6.16667,3.93076,0.293621,0.0415601,0.172862,0.34325180931352717
37.0354,6.16667,4.00989,0.259023,0.0418451,0.152427,0.30344343336445756
37.1835,6.16667,4.08901,0.225687,0.0421931,0.132642,0.26515802801463506
37.3315,6.16667,4.16812,0.193953,0.0425235,0.113707,0.2288127970858492
37.4795,6.16667,4.24722,0.164098,0.0427188,0.0958368,0.19477613229469365
37.6275,6.16667,4.32631,0.136537,0.0426353,0.0792619,0.16353155648589662
37.7754,6.16667,4.40537,0.111472,0.042132,0.0641936,0.13535852573428836
37.9233,6.16667,4.4844,0.089221,0.0411439,0.0508171,0.11061457860797552
38.0711,6.16667,4.56338,0.069539,0.0397311,0.0391341,0.08913871555626096
38.2187,6.16667,4.64228,0.0522533,0.0380702,0.0290154,0.0708635373523648
38.3661,6.16667,4.72103,0.0363848,0.0361356,0.0199971,0.05504106891049628
38.5128,6.16667,4.79944,0.0215054,0.032553,0.0117128,0.04073536205804485
38.6577,6.16667,4.87685,0.00718187,0.0217122,0.00391785,0.023202336825401876
38.7893,6.16667,4.94722,-0.00117211,0.00382663,-0.000618704,0.004049658460736658
34.8139,6.5,2.82268,0.765717,0.111589,0.433045,0.886737052927755
34.9621,6.5,2.90183,0.736611,0.107517,0.418636,0.8540560702354384
35.1102,6.5,2.98099,0.706208,0.103665,0.403251,0.8198094537695939
35.2583,6.5,3.06015,0.674596,0.10005,0.386931,0.7840952521709336
35.4064,6.5,3.1393,0.641875,0.0966867,0.369729,0.7470283575761297
35.5545,6.5,3.21846,0.608159,0.0935937,0.351707,0.7087418174551929
35.7026,6.5,3.29761,0.573577,0.0907875,0.332938,0.6693882706839507
35.8507,6.5,3.37676,0.538271,0.0882851,0.313506,0.6291390469196854
35.9988,6.5,3.45591,0.502399,0.0861028,0.293509,0.5881887285980921
36.1469,6.5,3.53506,0.466135,0.084256,0.273057,0.5467550063876874
36.295,6.5,3.61421,0.429669,0.0827581,0.252273,0.5050802106652071
36.4431,6.5,3.69335,0.393207,0.0816195,0.231291,0.46343177956442516
36.5912,6.5,3.77249,0.356963,0.0808454,0.210259,0.4220988144394153
36.7393,6.5,3.85163,0.321176,0.0804335,0.189334,0.38140652125291463
36.8874,6.5,3.93076,0.286086,0.0803685,0.168683,0.3416990630324438
37.0354,6.5,4.00989,0.251967,0.0806175,0.148485,0.3033716295572973
37.1835,6.5,4.08901,0.219085,0.0811195,0.128929,0.2668357126515302
37.3315,6.5,4.16812,0.187784,0.0817814,0.110217,0.2325915199033705
37.4795,6.5,4.24722,0.158353,0.082466,0.0925684,0.20110997599214217
37.6275,6.5,4.32631,0.131228,0.0830147,0.0762257,0.17298146068460632
37.7754,6.5,4.40537,0.106643,0.0832564,0.0614196,0.14858238406392596
37.9233,6.5,4.4844,0.0849734,0.0831029,0.0483684,0.12832019644050582
38.0711,6.5,4.56338,0.0660602,0.0825133,0.037122,0.11202873553213925
38.2187,6.5,4.64228,0.0498525,0.0815537,0.0276181,0.09949390527841391
38.3661,6.5,4.72103,0.0355216,0.0798876,0.0194706,0.08957073721188187
38.5128,6.5,4.79944,0.0225816,0.0760277,0.0122662,0.0802533456516923
38.6577,6.5,4.87685,0.00982993,0.0608708,0.00533717,0.06188996041405908
38.7893,6.5,4.94722,-0.00109126,0.0148748,-0.000570229,0.014925671996263386
34.8139,6.83333,2.82268,0.73745,0.165182,0.418786,0.8640019151714885
34.9621,6.83333,2.90183,0.709651,0.159091,0.404891,0.8323768437210396
35.1102,6.83333,2.98099,0.680522,0.1533,0.390019,0.7992032925639132
35.2583,6.83333,3.06015,0.650154,0.147836,0.374215,0.7645865371800631
35.4064,6.83333,3.1393,0.618651,0.142729,0.357531,0.7286487790444721
35.5545,6.83333,3.21846,0.58613,0.138006,0.34003,0.6915305010164049
35.7026,6.83333,3.29761,0.552722,0.133698,0.321788,0.653394430211951
35.8507,6.83333,3.37676,0.518574,0.129831,0.302888,0.6144234879795856
35.9988,6.83333,3.45591,0.483844,0.126435,0.283431,0.5748251536963218
36.1469,6.83333,3.53506,0.448711,0.123534,0.263525,0.5348342138476184
36.295,6.83333,3.61421,0.413362,0.121154,0.243295,0.4947109173901461
36.4431,6.83333,3.69335,0.378006,0.119312,0.222874,0.4547490618527981
36.5912,6.83333,3.77249,0.342858,0.118019,0.20241,0.41527087620612163
36.7393,6.83333,3.85163,0.308155,0.117279,0.182058,0.37664171732563034
36.8874,6.83333,3.93076,0.274134,0.117074,0.161984,0.33925593242860175
37.0354,6.83333,4.00989,0.241072,0.11737,0.142365,0.3035773695600514
37.1835,6.83333,4.08901,0.209232,0.118098,0.123386,0.2700912298168898
37.3315,6.83333,4.16812,0.178958,0.119151,0.105251,0.239375645306702
37.4795,6.83333,4.24722,0.150548,0.120378,0.0881774,0.21196890587715925
37.6275,6.83333,4.32631,0.12443,0.121604,0.0724088,0.18844997222987325
37.7754,6.83333,4.40537,0.100849,0.122637,0.0581746,0.16909949336163016
37.9233,6.83333,4.4844,0.0801563,0.123362,0.0456857,0.15404674179670272
38.0711,6.83333,4.56338,0.0621957,0.123674,0.0349832,0.1427844097117399
38.2187,6.83333,4.64228,0.0468609,0.123527,0.025979,0.13464684221625844
38.3661,6.83333,4.72103,0.0333424,0.122349,0.0182824,0.12812197152916435
38.5128,6.83333,4.79944,0.0210749,0.118159,0.0114497,0.12056863738593052
38.6577,6.83333,4.87685,0.00911272,0.0982439,0.00494992,0.09878971232377791
38.7893,6.83333,4.94722,-0.000847775,0.0267704,-0.000440016,0.02678743460450965
34.8139,7.16667,2.82268,0.701293,0.210201,0.400191,0.8343555409602073
34.9621,7.16667,2.90183,0.67504,0.20265,0.386934,0.8040298156511362
35.1102,7.16667,2.98099,0.647437,0.195455,0.372706,0.7721962758457205
35.2583,7.16667,3.06015,0.618577,0.188655,0.357551,0.7389661234150048
35.4064,7.16667,3.1393,0.588567,0.182291,0.341525,0.7044717508850159
35.5545,7.16667,3.21846,0.557528,0.176402,0.324693,0.6688652185881697
35.7026,7.16667,3.29761,0.525592,0.17103,0.307129,0.632318301178291
35.8507,7.16667,3.37676,0.492908,0.166216,0.288921,0.5950305869121352
35.9988,7.16667,3.45591,0.459636,0.161997,0.270167,0.5572239122596947
36.1469,7.16667,3.53506,0.425954,0.15841,0.250978,0.5191536330413185
36.295,7.16667,3.61421,0.392051,0.155488,0.231476,0.48110460746182837
36.4431,7.16667,3.69335,0.358133,0.153256,0.211795,0.44340023596069494
36.5912,7.16667,3.77249,0.324413,0.15173,0.19208,0.40639945111798564
36.7393,7.16667,3.85163,0.291125,0.150912,0.172484,0.37051171050993786
36.8874,7.16667,3.93076,0.258504,0.150784,0.15317,0.33618623049137514
37.0354,7.16667,4.00989,0.226822,0.151302,0.13431,0.3039402753634339
37.1835,7.16667,4.08901,0.196342,0.152381,0.116089,0.2743115127842796
37.3315,7.16667,4.16812,0.167407,0.153898,0.0987071,0.24789673181268446
37.4795,7.16667,4.24722,0.140316,0.155679,0.0823816,0.2251916048958309
37.6275,7.16667,4.32631,0.115501,0.157528,0.0673566,0.20662154618664533
37.7754,7.16667,4.40537,0.0931952,0.159235,0.0538559,0.19220194716196295
37.9233,7.16667,4.4844,0.0737402,0.160668,0.0420833,0.18172184089682233
38.0711,7.16667,4.56338,0.0569483,0.161705,0.0320588,0.17441153217413694
38.2187,7.16667,4.64228,0.0427007,0.162222,0.0236806,0.16941103234692245
38.3661,7.16667,4.72103,0.0301417,0.16154,0.0165311,0.16515741262837705
38.5128,7.16667,4.79944,0.0187384,0.157098,0.01018,0.15853877014333118
38.6577,7.16667,4.87685,0.00752207,0.132086,0.00409094,0.13236324536353927
38.7893,7.16667,4.94722,-0.000883276,0.0367507,-0.000462269,0.036764219284659595
34.8139,7.5,2.82268,0.658434,0.247634,0.37787,0.7985259339633247
34.9621,7.5,2.90183,0.633859,0.239025,0.365325,0.769657416082636
35.1102,7.5,2.98099,0.607934,0.230809,0.351824,0.7393488147099446
35.2583,7.5,3.06015,0.580756,0.223037,0.337413,0.7077220976301362
35.4064,7.5,3.1393,0.552434,0.215762,0.32215,0.6749201341640357
35.5545,7.5,3.21846,0.523092,0.209037,0.306102,0.6411085260991309
35.7026,7.5,3.29761,0.492864,0.202913,0.289344,0.6064722239319786
35.8507,7.5,3.37676,0.461898,0.197444,0.271965,0.5712257493889784
35.9988,7.5,3.45591,0.430357,0.192678,0.254063,0.5356117690099799
36.1469,7.5,3.53506,0.398417,0.188663,0.23575,0.49990788747328246
36.295,7.5,3.61421,0.366267,0.185438,0.217147,0.46442608318439654
36.4431,7.5,3.69335,0.334107,0.183035,0.198384,0.4295177646267963
36.5912,7.5,3.77249,0.302148,0.181474,0.179605,0.39558081678084445
36.7393,7.5,3.85163,0.270617,0.180755,0.160958,0.3630611635496146
36.8874,7.5,3.93076,0.239743,0.180856,0.142602,0.3324468817555671
37.0354,7.5,4.00989,0.20979,0.181722,0.124704,0.30427917608669836
37.1835,7.5,4.08901,0.181017,0.18325,0.10744,0.2790897174547998
37.3315,7.5,4.16812,0.153763,0.185301,0.0910089,0.2574143365261733
37.4795,7.5,4.24722,0.128319,0.187671,0.0756207,0.23959269661341934
37.6275,7.5,4.32631,0.105109,0.190154,0.0615149,0.2258108246276294
37.7754,7.5,4.40537,0.084343,0.192517,0.048901,0.2157958404117188
37.9233,7.5,4.4844,0.0663386,0.194637,0.0379681,0.20910750401783765
38.0711,7.5,4.56338,0.0508595,0.196349,0.028704,0.20485003821637426
38.2187,7.5,4.64228,0.0377822,0.197515,0.0209978,0.20218945933623741
38.3661,7.5,4.72103,0.0262036,0.197218,0.014404,0.19947191128818112
38.5128,7.5,4.79944,0.0156994,0.192339,0.00854847,0.19316790214914306
38.6577,7.5,4.87685,0.00529648,0.160506,0.00289751,0.16061950161979244
38.7893,7.5,4.94722,-0.000833509,0.0436321,-0.000438933,0.04364226792733817
34.8139,7.83333,2.82268,0.61041,0.276371,0.352631,0.7571855254176482
34.9621,7.83333,2.90183,0.587565,0.267118,0.340831,0.7298975446663731
35.1102,7.83333,2.98099,0.563392,0.258284,0.328098,0.7012627666745184
35.2583,7.83333,3.06015,0.537989,0.249931,0.314483,0.671414347605858
35.4064,7.83333,3.1393,0.51147,0.242124,0.300043,0.6405086994920521
35.5545,7.83333,3.21846,0.483956,0.234927,0.284848,0.6087220123907136
35.7026,7.83333,3.29761,0.455585,0.228405,0.268975,0.57625869787362
35.8507,7.83333,3.37676,0.426504,0.222619,0.252513,0.5433485956050682
35.9988,7.83333,3.45591,0.396876,0.217631,0.23556,0.5102571166941232
36.1469,7.83333,3.53506,0.366873,0.213494,0.218227,0.4772824213125809
36.295,7.83333,3.61421,0.33668,0.210256,0.200633,0.4447635423739225
36.4431,7.83333,3.69335,0.306494,0.207952,0.182907,0.41308301464596675
36.5912,7.83333,3.77249,0.276518,0.206601,0.165187,0.3826655491339663
36.7393,7.83333,3.85163,0.246972,0.206202,0.147616,0.35398434576122145
36.8874,7.83333,3.93076,0.218076,0.206721,0.130348,0.3275382645142396
37.0354,7.83333,4.00989,0.190087,0.208089,0.113543,0.3038521224855933
37.1835,7.83333,4.08901,0.163257,0.210182,0.0973718,0.2833912288837465
37.3315,7.83333,4.16812,0.137915,0.21284,0.0820259,0.26655142298590345
37.4795,7.83333,4.24722,0.11435,0.21583,0.067709,0.25346206832778745
37.6275,7.83333,4.32631,0.0929645,0.218942,0.0546541,0.24405955886025035
37.7754,7.83333,4.40537,0.0739488,0.221922,0.043052,0.23784716481270068
37.9233,7.83333,4.4844,0.0575773,0.224673,0.033072,0.23427944764381275
38.0711,7.83333,4.56338,0.043575,0.226991,0.0246675,0.23244823135969436
38.2187,7.83333,4.64228,0.0317947,0.228722,0.0177146,0.23159979120294993
38.3661,7.83333,4.72103,0.0213246,0.228668,0.0117508,0.22996059247140585
38.5128,7.83333,4.79944,0.0118346,0.22294,0.00646175,0.22334738765032042
38.6577,7.83333,4.87685,0.00248426,0.182084,0.00137889,0.18210616667586987
38.7893,7.83333,4.94722,-0.000627312,0.047143,-0.000332865,0.04714834852307734
34.8139,8.16667,2.82268,0.558229,0.296779,0.325104,0.7109078717372596
34.9621,8.16667,2.90183,0.537113,0.287208,0.314048,0.6852772842703893
35.1102,8.16667,2.98099,0.514712,0.278072,0.302096,0.6584181599439675
35.2583,8.16667,3.06015,0.491129,0.269448,0.289299,0.630479048617795
35.4064,8.16667,3.1393,0.466477,0.261411,0.275717,0.6016280965338969
35.5545,8.16667,3.21846,0.44088,0.254036,0.261421,0.5720580415805725
35.7026,8.16667,3.29761,0.414474,0.2474,0.246489,0.5419891915868803
35.8507,8.16667,3.37676,0.387406,0.241573,0.231011,0.5116707977655164
35.9988,8.16667,3.45591,0.359834,0.236626,0.215086,0.48138795043914423
36.1469,8.16667,3.53506,0.331929,0.232619,0.19882,0.45146190603637865
36.295,8.16667,3.61421,0.303869,0.229604,0.182332,0.4222550463890278
36.4431,8.16667,3.69335,0.275843,0.227619,0.165746,0.3941719248322995
36.5912,8.16667,3.77249,0.248046,0.226678,0.149195,0.36765320864232914
36.7393,8.16667,3.85163,0.220688,0.226774,0.132817,0.343176333550261
36.8874,8.16667,3.93076,0.19398,0.227857,0.116756,0.3212149068536515
37.0354,8.16667,4.00989,0.168165,0.229842,0.101167,0.3022276858231224
37.1835,8.16667,4.08901,0.143491,0.232577,0.0862103,0.28655530676658214
37.3315,8.16667,4.16812,0.120273,0.235881,0.0720721,0.2744081418041564
37.4795,8.16667,4.24722,0.0987916,0.23949,0.0589455,0.2656874334642307
37.6275,8.16667,4.32631,0.0794225,0.243198,0.0470531,0.26012918892323483
37.7754,8.16667,4.40537,0.0623259,0.24673,0.0365611,0.2570932218943549
37.9233,8.16667,4.4844,0.0477291,0.250035,0.027616,0.2560433784885093
38.0711,8.16667,4.56338,0.0353043,0.25284,0.0201284,0.25608516490622807
38.2187,8.16667,4.64228,0.0249094,0.25499,0.0139737,0.2565845720226569
38.3661,8.16667,4.72103,0.0156028,0.254877,0.0086675,0.2555011899249982
38.5128,8.16667,4.79944,0.00723996,0.247571,0.00399161,0.24770900268701118
38.6577,8.16667,4.87685,-0.000432609,0.194503,-0.000185867,0.19450356990576953
38.7893,8.16667,4.94722,-0.000195218,0.0466203,-0.000105348,0.04662082775282555
34.8139,8.5,2.82268,0.502706,0.30861,0.295691,0.65983833021203
34.9621,8.5,2.90183,0.483271,0.299007,0.285355,0.6359115673700235
35.1102,8.5,2.98099,0.462618,0.28986,0.274166,0.6109019799280405
35.2583,8.5,3.06015,0.440849,0.281254,0.26218,0.5849700895917671
35.4064,8.5,3.1393,0.418078,0.273276,0.249459,0.5582999005382322
35.5545,8.5,3.21846,0.39443,0.266012,0.236074,0.5311010662011516
35.7026,8.5,3.29761,0.370038,0.259547,0.222106,0.503610803983592
35.8507,8.5,3.37676,0.345048,0.253962,0.207643,0.4760991863015521
35.9988,8.5,3.45591,0.319614,0.249333,0.192783,0.44887118305144075
36.1469,8.5,3.53506,0.2939,0.245727,0.177632,0.42227016938566714
36.295,8.5,3.61421,0.268076,0.243195,0.162303,0.39667469494536706
36.4431,8.5,3.69335,0.242323,0.241774,0.146917,0.3725046419764457
36.5912,8.5,3.77249,0.216826,0.241469,0.131601,0.3501993938287158
36.7393,8.5,3.85163,0.191782,0.242261,0.116486,0.33021162281331046
36.8874,8.5,3.93076,0.167397,0.244078,0.101708,0.3129542186279009
37.0354,8.5,4.00989,0.143898,0.246811,0.0874154,0.29877040730661397
37.1835,8.5,4.08901,0.12153,0.250274,0.0737607,0.28783199412242205
37.3315,8.5,4.16812,0.100586,0.254268,0.0609209,0.28014481126162233
37.4795,8.5,4.24722,0.0813457,0.258493,0.0490776,0.27539855624031506
37.6275,8.5,4.32631,0.0641342,0.262769,0.0384382,0.2731999966871888
37.7754,8.5,4.40537,0.0490926,0.266782,0.0291399,0.2728220164700239
37.9233,8.5,4.4844,0.0363706,0.270574,0.0212997,0.2738371546018728
38.0711,8.5,4.56338,0.0256131,0.273719,0.0147847,0.27531202154410184
38.2187,8.5,4.64228,0.0166708,0.27614,0.00947722,0.2768050448809927
38.3661,8.5,4.72103,0.00856755,0.275501,0.00484831,0.2756768217022581
38.5128,8.5,4.79944,0.00172733,0.265255,0.00100929,0.26526254420900247
38.6577,8.5,4.87685,-0.00342296,0.1969,-0.0018039,0.19693801235508496
38.7893,8.5,4.94722,0.000103806,0.0439586,5.00621e-05,0.04395875107256225
34.8139,8.83333,2.82268,0.44441,0.311994,0.264794,0.604116186318493
34.9621,8.83333,2.90183,0.42659,0.302588,0.255137,0.5819221722988394
35.1102,8.83333,2.98099,0.407637,0.29366,0.244684,0.5588151565813154
35.2583,8.83333,3.06015,0.387656,0.285308,0.23349,0.5349723444253918
35.4064,8.83333,3.1393,0.366759,0.277628,0.221621,0.5105931238334492
35.5545,8.83333,3.21846,0.345069,0.270716,0.209149,0.48590438526319146
35.7026,8.83333,3.29761,0.322719,0.264664,0.196155,0.4611630621396297
35.8507,8.83333,3.37676,0.29985,0.259563,0.182727,0.4366601996953695
35.9988,8.83333,3.45591,0.276609,0.25549,0.168961,0.4127172137214536
36.1469,8.83333,3.53506,0.253154,0.252514,0.154961,0.389696265613362
36.295,8.83333,3.61421,0.229648,0.250685,0.140836,0.36798906508889634
36.4431,8.83333,3.69335,0.206259,0.250029,0.126703,0.34800995119536454
36.5912,8.83333,3.77249,0.183164,0.250538,0.11268,0.33017438231940405
36.7393,8.83333,3.85163,0.160545,0.252172,0.0988927,0.31487327724386205
36.8874,8.83333,3.93076,0.138605,0.254828,0.0854703,0.3024133393074618
37.0354,8.83333,4.00989,0.117549,0.258371,0.0725512,0.2929795516131459
37.1835,8.83333,4.08901,0.09763,0.262571,0.0602804,0.2865464596974808
37.3315,8.83333,4.16812,0.0790995,0.267218,0.0488242,0.2829240055737406
37.4795,8.83333,4.24722,0.062248,0.271975,0.0383499,0.28163083808242667
37.6275,8.83333,4.32631,0.047312,0.276705,0.0290383,0.2822185416231364
37.7754,8.83333,4.40537,0.0344424,0.281044,0.0209988,0.2839242125201724
37.9233,8.83333,4.4844,0.0236442,0.285152,0.0142978,0.28648758853130096
38.0711,8.83333,4.56338,0.0146033,0.288356,0.00877419,0.28885883319892797
38.2187,8.83333,4.64228,0.00710922,0.290763,0.00431109,0.2908818465889484
38.3661,8.83333,4.72103,0.000445581,0.288566,0.00046378,0.28856671670571427
38.5128,8.83333,4.79944,-0.00430471,0.272401,-0.00222473,0.27244409472909664
38.6577,8.83333,4.87685,-0.00631235,0.188099,-0.00336612,0.18823498699066785
38.7893,8.83333,4.94722,0.000667184,0.0362977,0.000350407,0.036305522236231576
34.8139,9.16667,2.82268,0.383522,0.306912,0.232481,0.5434441237045442
34.9621,9.16667,2.90183,0.36722,0.297909,0.223439,0.5229964506590843
35.1102,9.16667,2.98099,0.349888,0.289423,0.213663,0.5018357929064047
35.2583,9.16667,3.06015,0.331629,0.281559,0.203212,0.48015453873310415
35.4064,9.16667,3.1393,0.312555,0.274422,0.192153,0.4581711880050949
35.5545,9.16667,3.21846,0.292787,0.268118,0.180559,0.43613420156415156
35.7026,9.16667,3.29761,0.272454,0.262744,0.168511,0.4143205869529053
35.8507,9.16667,3.37676,0.251692,0.258393,0.156097,0.39304208263492596
35.9988,9.16667,3.45591,0.230645,0.255145,0.143414,0.37264414988833516
36.1469,9.16667,3.53506,0.209459,0.253064,0.130561,0.35349771639715016
36.295,9.16667,3.61421,0.188292,0.252188,0.117644,0.33599520137049577
36.4431,9.16667,3.69335,0.167299,0.252529,0.104776,0.32052747373353196
36.5912,9.16667,3.77249,0.146655,0.254055,0.0920709,0.3074551718166568
36.7393,9.16667,3.85163,0.126525,0.256694,0.0796478,0.2970591814871912
36.8874,9.16667,3.93076,0.107114,0.260307,0.0676289,0.2894940610102563
37.0354,9.16667,4.00989,0.0886027,0.26472,0.0561449,0.2847443882560287
37.1835,9.16667,4.08901,0.071257,0.269662,0.0453337,0.28257795145532855
37.3315,9.16667,4.16812,0.0552653,0.274915,0.035342,0.2826332740020007
37.4795,9.16667,4.24722,0.0409342,0.280113,0.0263194,0.2843090085013136
37.6275,9.16667,4.32631,0.028349,0.285179,0.0183966,0.28717444651911495
37.7754,9.16667,4.40537,0.017713,0.289721,0.0116589,0.2904960209008206
37.9233,9.16667,4.4844,0.00879392,0.294033,0.00609252,0.2942275597525099
38.0711,9.16667,4.56338,0.00152191,0.297047,0.0015866,0.2970551358226417
38.2187,9.16667,4.64228,-0.00454522,0.298776,-0.0020287,0.2988174573624145
38.3661,9.16667,4.72103,-0.00924834,0.293224,-0.0048261,0.2934095042938548
38.5128,9.16667,4.79944,-0.011396,0.268831,-0.00606422,0.2691407626897278
38.6577,9.16667,4.87685,-0.00977233,0.168413,-0.00524117,0.16877768473823132
38.7893,9.16667,4.94722,0.00139256,0.0276436,0.000736395,0.02768844744491148
34.8139,9.5,2.82268,0.319997,0.293257,0.198828,0.47742048724578207
34.9621,9.5,2.90183,0.305109,0.284841,0.190328,0.4587489997220703
35.1102,9.5,2.98099,0.289305,0.276995,0.181164,0.43959527743823634
35.2583,9.5,3.06015,0.272688,0.269834,0.171396,0.42017344242110305
35.4064,9.5,3.1393,0.255367,0.26347,0.161094,0.400724372137508
35.5545,9.5,3.21846,0.237463,0.258011,0.150333,0.3815211178676745
35.7026,9.5,3.29761,0.2191,0.253559,0.139195,0.3628666759375956
35.8507,9.5,3.37676,0.200411,0.250204,0.12777,0.3450967740170864
35.9988,9.5,3.45591,0.181536,0.24802,0.116152,0.3285734724532703
36.1469,9.5,3.53506,0.162618,0.247058,0.104442,0.31367244165211583
36.295,9.5,3.61421,0.143808,0.247336,0.0927461,0.30076182740701984
36.4431,9.5,3.69335,0.125259,0.248834,0.0811737,0.2901677897504994
36.5912,9.5,3.77249,0.107142,0.251484,0.0698367,0.28213609320129535
36.7393,9.5,3.85163,0.0896134,0.255173,0.0588499,0.2767799344579913
36.8874,9.5,3.93076,0.0728801,0.259718,0.0483276,0.27404471427445926
37.0354,9.5,4.00989,0.0570815,0.264901,0.0383846,0.27368634412482107
37.1835,9.5,4.08901,0.0424993,0.27043,0.0291498,0.2752967239916414
37.3315,9.5,4.16812,0.0292144,0.276108,0.0207276,0.2784218781509815
37.4795,9.5,4.24722,0.017558,0.281595,0.0132465,0.2824526458563453
37.6275,9.5,4.32631,0.00742053,0.286821,0.00678474,0.2869971829188372
37.7754,9.5,4.40537,-0.000937118,0.291426,0.00137439,0.29143074754393716
37.9233,9.5,4.4844,-0.00794814,0.295518,-0.00304152,0.29564051159705773
38.0711,9.5,4.56338,-0.0132396,0.297673,-0.00644015,0.2980368726670955
38.2187,9.5,4.64228,-0.0176284,0.297237,-0.00906977,0.2978973906958785
38.3661,9.5,4.72103,-0.0197125,0.286243,-0.0104943,0.2871128141301604
38.5128,9.5,4.79944,-0.0185798,0.250744,-0.00990284,0.2516263673467183
38.6577,9.5,4.87685,-0.0123826,0.132381,-0.00663088,0.13312410192498728
38.7893,9.5,4.94722,0.00238109,0.0131355,0.00126683,0.013409541680721232
34.8139,9.83333,2.82268,0.253047,0.271114,0.163303,0.40522025494044595
34.9621,9.83333,2.90183,0.239408,0.263521,0.155216,0.38839607948716476
35.1102,9.83333,2.98099,0.224971,0.256583,0.146536,0.3713752630776584
35.2583,9.83333,3.06015,0.209837,0.250417,0.137328,0.3543998025422701
35.4064,9.83333,3.1393,0.194119,0.245136,0.127664,0.33774537976558616
35.5545,9.83333,3.21846,0.177936,0.240847,0.117625,0.32172059015549503
35.7026,9.83333,3.29761,0.161416,0.237643,0.107299,0.30666332664014456
35.8507,9.83333,3.37676,0.144697,0.235602,0.0967796,0.29293653781862034
35.9988,9.83333,3.45591,0.127921,0.234778,0.0861671,0.2809079220089921
36.1469,9.83333,3.53506,0.111232,0.235195,0.0755662,0.2709234143285515
36.295,9.83333,3.61421,0.0947838,0.236828,0.0650841,0.2632630061350246
36.4431,9.83333,3.69335,0.0787333,0.239614,0.0548379,0.25811043528168326
36.5912,9.83333,3.77249,0.0632659,0.243444,0.0449422,0.2555139068224076
36.7393,9.83333,3.85163,0.0485225,0.248159,0.035503,0.25533856993460663
36.8874,9.83333,3.93076,0.0347063,0.253575,0.0266151,0.25731920144579185
37.0354,9.83333,4.00989,0.0218926,0.259422,0.0183812,0.26099220013670904
37.1835,9.83333,4.08901,0.010384,0.265405,0.0109295,0.2658328336591438
37.3315,9.83333,4.16812,4.95532e-06,0.271411,0.00422945,0.27144395221271317
37.4795,9.83333,4.24722,-0.0087378,0.277046,-0.00155644,0.2771881270370605
37.6275,9.83333,4.32631,-0.0162054,0.282156,-0.00643603,0.2826942620700337
37.7754,9.83333,4.40537,-0.0220695,0.286499,-0.0103694,0.2875348053499089
37.9233,9.83333,4.4844,-0.0271354,0.289826,-0.0135907,0.29141061637430093
38.0711,9.83333,4.56338,-0.0304192,0.290428,-0.0158588,0.2924470079349078
38.2187,9.83333,4.64228,-0.0328986,0.286025,-0.0173882,0.2884353792553888
38.3661,9.83333,4.72103,-0.0316484,0.267223,-0.0170432,0.269629789930193
38.5128,9.83333,4.79944,-0.0267284,0.218087,-0.0142998,0.22018363067131036
38.6577,9.83333,4.87685,-0.014678,0.0855128,-0.00785146,0.08711789754104263
38.7893,9.83333,4.94722,0.00336674,0.00186881,0.00179332,0.004247750659596206
34.8139,10.1667,2.82268,0.181133,0.2404,0.125099,0.32596178225368694
34.9621,10.1667,2.90183,0.168499,0.233932,0.117247,0.3112281359935184
35.1102,10.1667,2.98099,0.155191,0.228226,0.108878,0.2966913757442235
35.2583,10.1667,3.06015,0.141305,0.223394,0.100061,0.28263790613079487
35.4064,10.1667,3.1393,0.12696,0.219534,0.0908773,0.2693932115167158
35.5545,10.1667,3.21846,0.11229,0.216733,0.0814227,0.25731671819819635
35.7026,10.1667,3.29761,0.0974467,0.215063,0.071801,0.24678601441510012
35.8507,10.1667,3.37676,0.0825903,0.214576,0.0621245,0.23816689721777035
35.9988,10.1667,3.45591,0.0678944,0.215295,0.0525096,0.23177326133210446
36.1469,10.1667,3.53506,0.0535231,0.217219,0.0430702,0.22782418291886838
36.295,10.1667,3.61421,0.0396493,0.220236,0.0339422,0.2263361120708094
36.4431,10.1667,3.69335,0.026449,0.224182,0.0252541,0.22714508203306977
36.5912,10.1667,3.77249,0.0140909,0.22894,0.0171101,0.23001050537925438
36.7393,10.1667,3.85163,0.00263554,0.234381,0.00958252,0.23459161093620123
36.8874,10.1667,3.93076,-0.00773665,0.240335,0.00267465,0.24047436813690767
37.0354,10.1667,4.00989,-0.0167756,0.246327,-0.0034206,0.2469212671859595
37.1835,10.1667,4.08901,-0.0245498,0.252311,-0.00870448,0.25365192956709476
37.3315,10.1667,4.16812,-0.0312716,0.258136,-0.0132604,0.2603611831105397
37.4795,10.1667,4.24722,-0.0366785,0.263622,-0.0170591,0.26670748796961063
37.6275,10.1667,4.32631,-0.0412788,0.268496,-0.0202247,0.2724024225948257
37.7754,10.1667,4.40537,-0.0446087,0.272448,-0.0226732,0.2770052757943971
37.9233,10.1667,4.4844,-0.0474654,0.274328,-0.0246094,0.2794896032941476
38.0711,10.1667,4.56338,-0.0482702,0.272142,-0.0255216,0.277565546202334
38.2187,10.1667,4.64228,-0.0478606,0.261051,-0.0254599,0.26662045709466853
38.3661,10.1667,4.72103,-0.0418565,0.231957,-0.0225722,0.23678158850318154
38.5128,10.1667,4.79944,-0.0322448,0.165041,-0.0172379,0.16904261002614104
38.6577,10.1667,4.87685,-0.012987,0.0179589,-0.00690631,0.02321381864377552
38.7893,10.1667,4.94722,0.00354081,-0.0139436,0.0018943,0.014510330420293675
34.8139,10.5,2.82268,0.0999759,0.2024,0.0813206,0.23994578672102165
34.9621,10.5,2.90183,0.0878203,0.197563,0.0733197,0.22829656692377132
35.1102,10.5,2.98099,0.075132,0.193656,0.0648859,0.21761811454658364
35.2583,10.5,3.06015,0.0620369,0.190755,0.0561082,0.20828868690797875
35.4064,10.5,3.1393,0.0486895,0.188865,0.0471262,0.20065277063048495
35.5545,10.5,3.21846,0.0352962,0.188017,0.0380829,0.19505517500402292
35.7026,10.5,3.29761,0.0220772,0.188214,0.0291253,0.19172948561953113
35.8507,10.5,3.37676,0.00920908,0.189458,0.0204045,0.1907760061923312
35.9988,10.5,3.45591,-0.00311594,0.191738,0.0120422,0.19214105315346744
36.1469,10.5,3.53506,-0.0145041,0.194956,0.0041575,0.1955389875678505
36.295,10.5,3.61421,-0.0247031,0.198874,-0.00300785,0.2004249440245213
36.4431,10.5,3.69335,-0.0338432,0.20337,-0.009392,0.20638054353606106
36.5912,10.5,3.77249,-0.0417904,0.208368,-0.0149884,0.21304533106998613
36.7393,10.5,3.85163,-0.0485895,0.213768,-0.0198261,0.22011535969909052
36.8874,10.5,3.93076,-0.0541912,0.219447,-0.0239198,0.22730118521134024
37.0354,10.5,4.00989,-0.0586578,0.225218,-0.0272899,0.2343258920112116
37.1835,10.5,4.08901,-0.0620794,0.231085,-0.0299971,0.2411513117065093
37.3315,10.5,4.16812,-0.0647112,0.236839,-0.0321492,0.24761628053720536
37.4795,10.5,4.24722,-0.0664979,0.242341,-0.0337912,0.25356059666842956
37.6275,10.5,4.32631,-0.0678079,0.246969,-0.0350333,0.2584935789769255
37.7754,10.5,4.40537,-0.0682896,0.250184,-0.0357982,0.26179574948306555
37.9233,10.5,4.4844,-0.0681682,0.249604,-0.0360839,0.2612491304223805
38.0711,10.5,4.56338,-0.0660702,0.242968,-0.0353228,0.2542566037527442
38.2187,10.5,4.64228,-0.0614687,0.222491,-0.0330335,0.23317773968142844
38.3661,10.5,4.72103,-0.0510019,0.18205,-0.0275099,0.19105023135714858
38.5128,10.5,4.79944,-0.0344036,0.099387,-0.0184859,0.1067853546174287
38.6577,10.5,4.87685,-0.000272654,-0.0436999,-0.000193822,0.04370118038659139
38.7893,10.5,4.94722,-0.00055517,-0.0191136,-0.000284511,0.019123777482443708
34.8139,10.8333,2.82268,-0.000468511,0.159549,0.0258037,0.16162281348017402
34.9621,10.8333,2.90183,-0.0129206,0.157075,0.0172194,0.15854338606741059
35.1102,10.8333,2.98099,-0.0252669,0.155568,0.00846063,0.15783346007614135
35.2583,10.8333,3.06015,-0.0372159,0.154981,-0.00015562,0.15938681812306313
35.4064,10.8333,3.1393,-0.048693,0.155125,-0.00838694,0.1628039146843945
35.5545,10.8333,3.21846,-0.0593821,0.155924,-0.0161029,0.1676240763280144
35.7026,10.8333,3.29761,-0.0691261,0.157332,-0.0232084,0.17340820556066544
35.8507,10.8333,3.37676,-0.0777715,0.159316,-0.0295985,0.17973888079795092
35.9988,10.8333,3.45591,-0.085189,0.161846,-0.0351948,0.18625242920305762
36.1469,10.8333,3.53506,-0.0912728,0.164872,-0.0399504,0.19263835252617792
36.295,10.8333,3.61421,-0.0959763,0.168369,-0.0438159,0.19869424605534
36.4431,10.8333,3.69335,-0.0994031,0.172331,-0.0468202,0.20437974698744002
36.5912,10.8333,3.77249,-0.101597,0.176721,-0.0490218,0.20965542951528823
36.7393,10.8333,3.85163,-0.102668,0.181512,-0.0504945,0.21456238929097057
36.8874,10.8333,3.93076,-0.1027,0.186664,-0.0513101,0.21914256833853618
37.0354,10.8333,4.00989,-0.101841,0.192105,-0.0515536,0.22345848379276184
37.1835,10.8333,4.08901,-0.100224,0.197813,-0.0513108,0.22761289801248083
37.3315,10.8333,4.16812,-0.0980117,0.203574,-0.0506735,0.23155230600263949
37.4795,10.8333,4.24722,-0.0952908,0.209077,-0.0496978,0.23508168754388337
37.6275,10.8333,4.32631,-0.0920573,0.213471,-0.0484088,0.23746120997276587
37.7754,10.8333,4.40537,-0.0883022,0.215455,-0.0467383,0.23749232458488
37.9233,10.8333,4.4844,-0.083238,0.212096,-0.0444133,0.23213319253585862
38.0711,10.8333,4.56338,-0.0767931,0.199253,-0.0410994,0.21745826932303589
38.2187,10.8333,4.64228,-0.0658524,0.168804,-0.0355543,0.18464949837530023
38.3661,10.8333,4.72103,-0.0513858,0.110475,-0.027591,0.12492593544832875
38.5128,10.8333,4.79944,-0.0248522,-0.00330262,-0.0133453,0.02840134109147665
38.6577,10.8333,4.87685,0.00468576,-0.074001,0.00243325,0.0741891168119698
38.7893,10.8333,4.94722,-0.00298688,-0.019755,-0.00159689,0.02004324162421089
34.8139,11.1667,2.82268,-0.133775,0.119458,-0.0513417,0.18655276612232263
34.9621,11.1667,2.90183,-0.143342,0.11883,-0.0587338,0.1952361573234835
35.1102,11.1667,2.98099,-0.151846,0.118536,-0.0655103,0.20346889299863508
35.2583,11.1667,3.06015,-0.159117,0.118587,-0.0714849,0.21092934169055286
35.4064,11.1667,3.1393,-0.16508,0.118962,-0.0765696,0.2174080667504313
35.5545,11.1667,3.21846,-0.169658,0.119648,-0.0807395,0.22275176257046767
35.7026,11.1667,3.29761,-0.172839,0.120675,-0.0839895,0.22691410634037276
35.8507,11.1667,3.37676,-0.174622,0.122071,-0.0863224,0.22988198856535064
35.9988,11.1667,3.45591,-0.175031,0.123866,-0.0877576,0.2316895191301497
36.1469,11.1667,3.53506,-0.174109,0.126082,-0.0883259,0.23240498965342807
36.295,11.1667,3.61421,-0.171919,0.128744,-0.0880702,0.23213685667088713
36.4431,11.1667,3.69335,-0.16855,0.131877,-0.0870463,0.23103615295596056
36.5912,11.1667,3.77249,-0.164079,0.135494,-0.0853171,0.22925869630051116
36.7393,11.1667,3.85163,-0.158595,0.139609,-0.0829442,0.2269863150492558
36.8874,11.1667,3.93076,-0.15217,0.144221,-0.0799875,0.22439564589637206
37.0354,11.1667,4.00989,-0.144894,0.149297,-0.0764998,0.2216666074198818
37.1835,11.1667,4.08901,-0.13681,0.154736,-0.0725272,0.21890728753479177
37.3315,11.1667,4.16812,-0.127982,0.1603,-0.0680947,0.2161304478598284
37.4795,11.1667,4.24722,-0.118358,0.165396,-0.0632104,0.21297889014679364
37.6275,11.1667,4.32631,-0.107936,0.16912,-0.0578386,0.20879908559656096
37.7754,11.1667,4.40537,-0.0965101,0.169273,-0.0519139,0.2016496985968985
37.9233,11.1667,4.4844,-0.0839301,0.163216,-0.0452797,0.18903432379888052
38.0711,11.1667,4.56338,-0.0698381,0.144142,-0.0377985,0.16456914345605617
38.2187,11.1667,4.64228,-0.0533268,0.106748,-0.0288525,0.12276542615284647
38.3661,11.1667,4.72103,-0.0326676,0.0341309,-0.0176818,0.05044538111472645
38.5128,11.1667,4.79944,-0.00031265,-0.0725402,-0.000294012,0.07254146958201663
38.6577,11.1667,4.87685,-0.000647475,-0.0864552,-0.000317367,0.08645820697150915
38.7893,11.1667,4.94722,0.000338713,-0.0208025,0.000183795,0.02080606914696753
34.8139,11.5,2.82268,-0.284208,0.0755572,-0.141092,0.32617484605628316
34.9621,11.5,2.90183,-0.285639,0.0745815,-0.143699,0.32833129772266606
35.1102,11.5,2.98099,-0.285757,0.073754,-0.145434,0.32901027935461225
35.2583,11.5,3.06015,-0.284571,0.0731217,-0.146285,0.32821751671245397
35.4064,11.5,3.1393,-0.282103,0.0727132,-0.146271,0.325982388334462
35.5545,11.5,3.21846,-0.278386,0.0725538,-0.145419,0.32234997200471416
35.7026,11.5,3.29761,-0.27346,0.0726752,-0.14376,0.3173783135235298
35.8507,11.5,3.37676,-0.267361,0.0731062,-0.141322,0.31112429748163356
35.9988,11.5,3.45591,-0.260126,0.0738746,-0.138137,0.30365247104240733
36.1469,11.5,3.53506,-0.25179,0.0750057,-0.134232,0.2950293018608321
36.295,11.5,3.61421,-0.242383,0.0765255,-0.129637,0.28532686976212035
36.4431,11.5,3.69335,-0.231929,0.0784597,-0.124376,0.27462041974530954
36.5912,11.5,3.77249,-0.220438,0.0808282,-0.118473,0.26298661845850635
36.7393,11.5,3.85163,-0.207914,0.0836482,-0.111938,0.25051021656459443
36.8874,11.5,3.93076,-0.194321,0.0869249,-0.104778,0.23726571299918156
37.0354,11.5,4.00989,-0.179646,0.0906275,-0.0969751,0.22336114051522032
37.1835,11.5,4.08901,-0.163765,0.0946668,-0.088517,0.208844529581792
37.3315,11.5,4.16812,-0.146699,0.0988117,-0.0793512,0.1938580965534584
37.4795,11.5,4.24722,-0.128142,0.102601,-0.0694499,0.17824316529676532
37.6275,11.5,4.32631,-0.108439,0.105156,-0.0587835,0.16208732501108777
37.7754,11.5,4.40537,-0.0869037,0.104801,-0.0473232,0.14413531119378764
37.9233,11.5,4.4844,-0.0652198,0.0987122,-0.035432,0.12350363300275825
38.0711,11.5,4.56338,-0.0418224,0.0810722,-0.022969,0.09407119493022292
38.2187,11.5,4.64228,-0.0198269,0.0407947,-0.0108768,0.04664352355836767
38.3661,11.5,4.72103,0.00686118,-0.0414781,0.0036452,0.04219947930534688
38.5128,11.5,4.79944,0.00925962,-0.0793893,0.00500162,0.08008381683997584
38.6577,11.5,4.87685,0.0009627,-0.0801109,0.000561204,0.08011864976414428
38.7893,11.5,4.94722,-0.000210105,-0.0211907,-0.000104529,0.021191999360911325
34.8139,11.8333,2.82268,-0.403043,0.0254782,-0.215495,0.457745446235394
34.9621,11.8333,2.90183,-0.396401,0.0246097,-0.213248,0.4507927457702597
35.1102,11.8333,2.98099,-0.388868,0.0238475,-0.210363,0.44276361238165224
35.2583,11.8333,3.06015,-0.380449,0.0232005,-0.206847,0.43366506224302875
35.4064,11.8333,3.1393,-0.371143,0.0226751,-0.202704,0.42349757759048634
35.5545,11.8333,3.21846,-0.360941,0.0222784,-0.197935,0.4122535588840441
35.7026,11.8333,3.29761,-0.349834,0.0220202,-0.192542,0.39992641639186577
35.8507,11.8333,3.37676,-0.337801,0.0219109,-0.18652,0.3864962011971269
35.9988,11.8333,3.45591,-0.324814,0.0219625,-0.179862,0.3719365873993173
36.1469,11.8333,3.53506,-0.310834,0.0221876,-0.172555,0.35620961971114706
36.295,11.8333,3.61421,-0.295808,0.0226007,-0.16458,0.3392635272240298
36.4431,11.8333,3.69335,-0.279663,0.0232177,-0.155907,0.3210256186214583
36.5912,11.8333,3.77249,-0.262303,0.0240561,-0.146497,0.3014016104223897
36.7393,11.8333,3.85163,-0.243607,0.0251311,-0.136292,0.28027031933511976
36.8874,11.8333,3.93076,-0.223416,0.0264567,-0.125219,0.2574771135302903
37.0354,11.8333,4.00989,-0.201545,0.0280267,-0.113181,0.2328429120649585
37.1835,11.8333,4.08901,-0.177751,0.0298255,-0.100064,0.20614990309784287
37.3315,11.8333,4.16812,-0.151814,0.0317465,-0.0857372,0.1772179401812638
37.4795,11.8333,4.24722,-0.123443,0.0336722,-0.0700666,0.14588118363037778
37.6275,11.8333,4.32631,-0.092597,0.0351145,-0.0530035,0.11232365526237116
37.7754,11.8333,4.40537,-0.0591223,0.0357121,-0.0344807,0.07719921706979935
37.9233,11.8333,4.4844,-0.0240782,0.0332454,-0.0151468,0.04375433563248333
38.0711,11.8333,4.56338,0.0118119,0.0216539,0.00520754,0.02520973700123823
38.2187,11.8333,4.64228,0.038643,-0.00626877,0.0201584,0.0440333966084028
38.3661,11.8333,4.72103,0.048332,-0.0245816,0.0257803,0.060040495922752006
38.5128,11.8333,4.79944,0.0382549,-0.0471322,0.0204879,0.06406743086202224
38.6577,11.8333,4.87685,0.0192632,-0.0628183,0.0103955,0.06652274881106462
38.7893,11.8333,4.94722,-0.00266997,-0.021612,-0.00140775,0.021821756204838325
35.9988,0.166667,3.48842,-0.320484,-0.0218767,-0.175978,0.3662742698346282
36.1469,0.166667,3.5659,-0.307576,-0.0220759,-0.169594,0.3519267906437502
36.295,0.166667,3.64338,-0.293551,-0.0225093,-0.162448,0.33625616855529955
36.4431,0.166667,3.72086,-0.278319,-0.0231979,-0.154504,0.31917251501564164
36.5912,0.166667,3.79833,-0.261758,-0.0241628,-0.145715,0.30055607246043126
36.7393,0.166667,3.8758,-0.243724,-0.0254185,-0.136017,0.2802643619999696
36.8874,0.166667,3.95327,-0.224032,-0.0269743,-0.125333,0.25812072906585787
37.0354,0.166667,4.03073,-0.202476,-0.0288135,-0.113564,0.23393061034043836
37.1835,0.166667,4.10819,-0.178805,-0.0309029,-0.100597,0.2074752362630538
37.3315,0.166667,4.18563,-0.152784,-0.0331099,-0.0863119,0.17857480285757002
37.4795,0.166667,4.26307,-0.12415,-0.0352783,-0.0705858,0.14710586702280096
37.6275,0.166667,4.34049,-0.0928721,-0.0368682,-0.0534034,0.11329790051545527
37.7754,0.166667,4.41789,-0.0588869,-0.0374171,-0.034704,0.07792351365294047
37.9233,0.166667,4.49526,-0.0234334,-0.0345942,-0.0153256,0.04450569541710364
38.0711,0.166667,4.57258,0.0128534,-0.0216947,0.00517529,0.025742057536920004
38.2187,0.166667,4.64981,0.0395546,0.00632314,0.0200668,0.044802064046867304
38.3661,0.166667,4.7269,0.0488502,0.0251446,0.0254583,0.06055343085317297
38.5128,0.166667,4.80367,0.0386188,0.0479643,0.0202796,0.06483246072832652
38.6577,0.166667,4.87944,0.0192805,0.0638604,0.0102167,0.06748532675552515
38.7893,0.166667,4.94833,-0.00271607,0.0220409,-0.00139042,0.022251102822810828
35.9988,0.5,3.48842,-0.253755,-0.0714354,-0.131187,0.2944565254280503
36.1469,0.5,3.5659,-0.246648,-0.0724538,-0.128406,0.2873549892979762
36.295,0.5,3.64338,-0.238389,-0.0739718,-0.124835,0.27907869811442076
36.4431,0.5,3.72086,-0.228992,-0.0760361,-0.120492,0.2696982510718414
36.5912,0.5,3.79833,-0.218455,-0.0786871,-0.115399,0.25928975284883515
36.7393,0.5,3.8758,-0.206766,-0.0819496,-0.109562,0.24793496635238846
36.8874,0.5,3.95327,-0.193874,-0.0858253,-0.102987,0.23571048378273293
37.0354,0.5,4.03073,-0.179747,-0.0902609,-0.0956549,0.2227237615788221
37.1835,0.5,4.10819,-0.164252,-0.0951281,-0.0875595,0.2090328705105013
37.3315,0.5,4.18563,-0.1474,-0.100132,-0.0786538,0.19478089659522568
37.4795,0.5,4.26307,-0.128903,-0.104733,-0.0689286,0.17982251415203826
37.6275,0.5,4.34049,-0.109102,-0.107905,-0.0583637,0.16417386182547453
37.7754,0.5,4.41789,-0.087385,-0.107847,-0.0469711,0.14653804239585705
37.9233,0.5,4.49526,-0.0654181,-0.101434,-0.035104,0.12570073579581784
38.0711,0.5,4.57258,-0.0417169,-0.0826047,-0.022643,0.09527088567185675
38.2187,0.5,4.64981,-0.0192575,-0.0398744,-0.0105234,0.045514404633807966
38.3661,0.5,4.7269,0.0070595,0.0423547,0.00366051,0.04309473849323256
38.5128,0.5,4.80367,0.00878154,0.0807941,0.00466938,0.0814039627362575
38.6577,0.5,4.87944,0.000756441,0.0810143,0.000457179,0.0810191213240092
38.7893,0.5,4.94833,-0.000233374,0.0214871,-0.000110202,0.021488649895111605
35.9988,0.833333,3.48842,-0.163901,-0.117743,-0.0767239,0.2159016180606574
36.1469,0.833333,3.5659,-0.164549,-0.119793,-0.0787496,0.21823894187371787
36.295,0.833333,3.64338,-0.163854,-0.122415,-0.0798595,0.21957027412937755
36.4431,0.833333,3.72086,-0.161886,-0.125673,-0.0801003,0.22003826482021258
36.5912,0.833333,3.79833,-0.158723,-0.129639,-0.0795264,0.2198265437724935
36.7393,0.833333,3.8758,-0.154449,-0.134357,-0.0781936,0.21913588508265824
36.8874,0.833333,3.95327,-0.149123,-0.139841,-0.0761625,0.21816026406348613
37.0354,0.833333,4.03073,-0.142818,-0.146044,-0.0734801,0.21708329312964184
37.1835,0.833333,4.10819,-0.135555,-0.152811,-0.0701924,0.21599382575379325
37.3315,0.833333,4.18563,-0.127395,-0.159831,-0.0663224,0.21488158443142585
37.4795,0.833333,4.26307,-0.118261,-0.16639,-0.0618841,0.21330948889772813
37.6275,0.833333,4.34049,-0.108181,-0.171401,-0.0568522,0.21050796708637895
37.7754,0.833333,4.41789,-0.0969064,-0.172466,-0.0511774,0.20433917340470967
37.9233,0.833333,4.49526,-0.0844045,-0.166656,-0.0447232,0.19208983985232014
38.0711,0.833333,4.57258,-0.0701312,-0.146919,-0.0373259,0.16702335341277877
38.2187,0.833333,4.64981,-0.0534061,-0.107537,-0.0283839,0.12337772759059877
38.3661,0.833333,4.7269,-0.0319488,-0.0312718,-0.0170059,0.04783149518350853
38.5128,0.833333,4.80367,-0.000215388,0.0736471,-0.000273773,0.07364792381361522
38.6577,0.833333,4.87944,-0.0011989,0.0863549,-0.000584662,0.08636520100639056
38.7893,0.833333,4.94833,0.000504734,0.02072,0.0002679,0.020727878010562393
35.9988,1.16667,3.48842,-0.0697303,-0.151794,-0.0208092,0.16833524877080855
36.1469,1.16667,3.5659,-0.0774245,-0.154607,-0.0270954,0.17502010841731871
36.295,1.16667,3.64338,-0.0837842,-0.15799,-0.0324875,0.18175827333546607
36.4431,1.16667,3.72086,-0.0887736,-0.161962,-0.0369685,0.18835899631610378
36.5912,1.16667,3.79833,-0.0924697,-0.166589,-0.0405558,0.19480070136611416
36.7393,1.16667,3.8758,-0.0949926,-0.171912,-0.0433092,0.201129352913492
36.8874,1.16667,3.95327,-0.0964224,-0.177959,-0.0453133,0.20741258414004202
37.0354,1.16667,4.03073,-0.0968956,-0.184683,-0.0466522,0.213712413193993
37.1835,1.16667,4.10819,-0.0965001,-0.191994,-0.0473988,0.2200468395079784
37.3315,1.16667,4.18563,-0.0953937,-0.199646,-0.0476333,0.226334740118657
37.4795,1.16667,4.26307,-0.0936372,-0.207193,-0.0473987,0.23225740297034667
37.6275,1.16667,4.34049,-0.0911935,-0.213576,-0.0467236,0.23688405817025762
37.7754,1.16667,4.41789,-0.088053,-0.217218,-0.0455348,0.2387685246091704
37.9233,1.16667,4.49526,-0.0834096,-0.214973,-0.0435854,0.2346704906764376
38.0711,1.16667,4.57258,-0.0772102,-0.202271,-0.0405203,0.2202654469886959
38.2187,1.16667,4.64981,-0.0662967,-0.1709,-0.0351522,0.18664870638643602
38.3661,1.16667,4.7269,-0.0516154,-0.110048,-0.0271957,0.1245564848558677
38.5128,1.16667,4.80367,-0.0241265,0.00735928,-0.0126825,0.02823283213952153
38.6577,1.16667,4.87944,0.00445383,0.0736541,0.00223148,0.0738223716191054
38.7893,1.16667,4.94833,-0.00293943,0.0192848,-0.00153739,0.019568017982846398
35.9988,1.5,3.48842,0.0137355,-0.178207,0.0275599,0.18084785566121597
36.1469,1.5,3.5659,0.00122315,-0.180855,0.0185378,0.18180670270857038
36.295,1.5,3.64338,-0.0104044,-0.184473,0.0100474,0.18503915670776278
36.4431,1.5,3.72086,-0.0208144,-0.188883,0.00225246,0.19003973403583682
36.5912,1.5,3.79833,-0.0300811,-0.193978,-0.00472839,0.19635349432389054
36.7393,1.5,3.8758,-0.0382391,-0.199729,-0.010862,0.2036464712530271
36.8874,1.5,3.95327,-0.0452286,-0.206155,-0.016197,0.21167865525829477
37.0354,1.5,4.03073,-0.0511547,-0.213161,-0.0207914,0.22019695176602694
37.1835,1.5,4.10819,-0.0559416,-0.220653,-0.0246535,0.22896507175071484
37.3315,1.5,4.18563,-0.0598964,-0.228469,-0.0278668,0.2378281338197817
37.4795,1.5,4.26307,-0.0629336,-0.2364,-0.0304626,0.24652295635035695
37.6275,1.5,4.34049,-0.0653597,-0.243567,-0.0325311,0.25427356594876316
37.7754,1.5,4.41789,-0.0667967,-0.24916,-0.0339899,0.2601880436009695
37.9233,1.5,4.49526,-0.0674126,-0.250525,-0.0348087,0.2617611121986037
38.0711,1.5,4.57258,-0.065865,-0.245023,-0.0344623,0.2560510083465597
38.2187,1.5,4.64981,-0.0615328,-0.224633,-0.0324323,0.2351555320381173
38.3661,1.5,4.7269,-0.0512088,-0.182886,-0.0270868,0.19184192692860444
38.5128,1.5,4.80367,-0.0342567,-0.0978631,-0.0180426,0.10524373259847829
38.6577,1.5,4.87944,0.000605007,0.0437823,0.000252116,0.043787205771064056
38.7893,1.5,4.94833,-0.00097232,0.0188913,-0.000494505,0.018922768218932056
35.9988,1.83333,3.48842,0.082853,-0.199476,0.0669763,0.2261440225756365
36.1469,1.83333,3.5659,0.0679948,-0.20063,0.0567292,0.21930319619120922
36.295,1.83333,3.64338,0.0535442,-0.202987,0.0467189,0.21506594137577897
36.4431,1.83333,3.72086,0.0396421,-0.206486,0.0370687,0.21349953819177223
36.5912,1.83333,3.79833,0.0264665,-0.210987,0.0279114,0.21446453329445875
36.7393,1.83333,3.8758,0.0141242,-0.216381,0.0193408,0.2177023121863431
36.8874,1.83333,3.95327,0.00275065,-0.222645,0.0114376,0.222955557890317
37.0354,1.83333,4.03073,-0.0076489,-0.229695,0.00415953,0.22985995820505775
37.1835,1.83333,4.10819,-0.016654,-0.237166,-0.00229743,0.23776111005924602
37.3315,1.83333,4.18563,-0.0246614,-0.24499,-0.00796216,0.2463568159029208
37.4795,1.83333,4.26307,-0.0314057,-0.253067,-0.0128135,0.25533000267054395
37.6275,1.83333,4.34049,-0.0372801,-0.260834,-0.0169416,0.26402878483712716
37.7754,1.83333,4.41789,-0.0417522,-0.267729,-0.0202313,0.27171928372040505
37.9233,1.83333,4.49526,-0.0455927,-0.272319,-0.0228436,0.27705263419655474
38.0711,1.83333,4.57258,-0.0471507,-0.272184,-0.0242943,0.2773040414039795
38.2187,1.83333,4.64981,-0.0472666,-0.262193,-0.024595,0.26755226545398564
38.3661,1.83333,4.7269,-0.0415408,-0.232877,-0.0219787,0.23757188059054885
38.5128,1.83333,4.80367,-0.0320166,-0.163913,-0.0167672,0.1678501511479808
38.6577,1.83333,4.87944,-0.0123721,-0.0148096,-0.00642084,0.02033765711372871
38.7893,1.83333,4.94833,0.00337089,0.0140906,0.00175957,0.014594656362415663
35.9988,2.16667,3.48842,0.140537,-0.216736,0.0991063,0.27667164792347265
36.1469,2.16667,3.5659,0.123626,-0.21639,0.0879015,0.26426254687005873
36.295,2.16667,3.64338,0.106917,-0.217293,0.0767762,0.2540513287200836
36.4431,2.16667,3.72086,0.0905397,-0.219433,0.0658403,0.24633965143512726
36.5912,2.16667,3.79833,0.0746549,-0.222754,0.0552051,0.24133027509208205
36.7393,2.16667,3.8758,0.0593978,-0.227181,0.0449851,0.23908777599001166
36.8874,2.16667,3.95327,0.0449643,-0.232605,0.0352817,0.2395238456905283
37.0354,2.16667,4.03073,0.031427,-0.238934,0.0261707,0.2424087833051641
37.1835,2.16667,4.10819,0.0190146,-0.245993,0.0177637,0.24736543836973263
37.3315,2.16667,4.18563,0.00771041,-0.25363,0.0101546,0.25395027706920914
37.4795,2.16667,4.26307,-0.00226271,-0.261787,0.00335293,0.2618182487244329
37.6275,2.16667,4.34049,-0.011005,-0.269952,-0.00254997,0.27018825784256595
37.7754,2.16667,4.41789,-0.0180629,-0.277582,-0.00740271,0.2782675604445371
37.9233,2.16667,4.49526,-0.0242924,-0.28421,-0.0114239,0.2854749556247798
38.0711,2.16667,4.57258,-0.028507,-0.287592,-0.0143364,0.28935676919325737
38.2187,2.16667,4.64981,-0.0317424,-0.285156,-0.0163426,0.2873823322135862
38.3661,2.16667,4.7269,-0.0310126,-0.267116,-0.0163646,0.2694077559164175
38.5128,2.16667,4.80367,-0.0264997,-0.216978,-0.0138704,0.21902984860573227
38.6577,2.16667,4.87944,-0.014403,-0.0824466,-0.00753133,0.0840333814155357
38.7893,2.16667,4.94833,0.00339865,-0.001637,0.00176512,0.004164881683421511
35.9988,2.5,3.48842,0.191924,-0.227625,0.127604,0.3239301517565168
36.1469,2.5,3.5659,0.172911,-0.225922,0.11542,0.30701912058534725
36.295,2.5,3.64338,0.153999,-0.225454,0.103219,0.2918892942161463
36.4431,2.5,3.72086,0.135323,-0.226242,0.0911123,0.2789250940741797
36.5912,2.5,3.79833,0.117036,-0.228271,0.079208,0.26847529122993796
36.7393,2.5,3.8758,0.0992779,-0.231503,0.0676209,0.2608109019082983
36.8874,2.5,3.95327,0.0822363,-0.235854,0.0564612,0.25608159922011187
37.0354,2.5,4.03073,0.0660375,-0.241232,0.0458423,0.25427415460392355
37.1835,2.5,4.10819,0.0509228,-0.247477,0.0358761,0.2551961826517983
37.3315,2.5,4.18563,0.0369649,-0.254484,0.0266771,0.2585346741781845
37.4795,2.5,4.26307,0.0244819,-0.262047,0.0183608,0.26382780864277744
37.6275,2.5,4.34049,0.0133298,-0.270088,0.010997,0.2706402507407943
37.7754,2.5,4.41789,0.00394527,-0.278035,0.0047587,0.2781037065665664
37.9233,2.5,4.49526,-0.00430155,-0.285877,-0.000537838,0.2859098664459076
38.0711,2.5,4.57258,-0.0106052,-0.291396,-0.00464648,0.29162593996321795
38.2187,2.5,4.64981,-0.0158847,-0.293628,-0.0078341,0.2941616888734833
38.3661,2.5,4.7269,-0.0186247,-0.284231,-0.00967354,0.28500476870961583
38.5128,2.5,4.80367,-0.0180155,-0.248645,-0.00938195,0.24947327562497051
38.6577,2.5,4.87944,-0.0120321,-0.128048,-0.00630414,0.12876647046319784
38.7893,2.5,4.94833,0.00238552,-0.0124331,0.00123764,0.012720237185288646
35.9988,2.83333,3.48842,0.238957,-0.232291,0.153489,0.3669038425132667
36.1469,2.83333,3.5659,0.217756,-0.229529,0.140257,0.3460827407225041
36.295,2.83333,3.64338,0.196592,-0.227946,0.126941,0.3266830434243565
36.4431,2.83333,3.72086,0.175607,-0.227581,0.11365,0.30910718611834315
36.5912,2.83333,3.79833,0.154957,-0.228448,0.100498,0.2937686309955507
36.7393,2.83333,3.8758,0.134791,-0.23054,0.0876024,0.28105423990176703
36.8874,2.83333,3.95327,0.115291,-0.233806,0.0750814,0.27128302000486504
37.0354,2.83333,4.03073,0.096616,-0.238193,0.0630606,0.26466430809113645
37.1835,2.83333,4.10819,0.0789996,-0.243574,0.0516661,0.2612252211509639
37.3315,2.83333,4.18563,0.0626012,-0.249875,0.0410386,0.260845917269947
37.4795,2.83333,4.26307,0.0477066,-0.256873,0.0313198,0.26313606306357934
37.6275,2.83333,4.34049,0.0343764,-0.264524,0.0226426,0.2677076218334472
37.7754,2.83333,4.41789,0.0228501,-0.272332,0.0151216,0.2737069748482307
37.9233,2.83333,4.49526,0.0129186,-0.280337,0.00876668,0.2807713989586233
38.0711,2.83333,4.57258,0.00464399,-0.287081,0.00355645,0.2871405849766323
38.2187,2.83333,4.64981,-0.00239273,-0.292083,-0.000676224,0.2920935831625732
38.3661,2.83333,4.7269,-0.00786343,-0.288819,-0.00393438,0.2889528121308898
38.5128,2.83333,4.80367,-0.0106432,-0.265197,-0.00551788,0.265467838946518
38.6577,2.83333,4.87944,-0.00942624,-0.163171,-0.00494509,0.16351783742651962
38.7893,2.83333,4.94833,0.00142932,-0.0266294,0.000736933,0.026677911654941978
35.9988,3.16667,3.48842,0.282965,-0.230081,0.177744,0.4057085004310361
36.1469,3.16667,3.5659,0.259559,-0.226488,0.16345,0.38129200244038686
36.295,3.16667,3.64338,0.23614,-0.223999,0.149012,0.3579695905310953
36.4431,3.16667,3.72086,0.21286,-0.222665,0.134547,0.33614279262539604
36.5912,3.16667,3.79833,0.189881,-0.222513,0.120171,0.31624025450755
36.7393,3.16667,3.8758,0.167368,-0.223557,0.10601,0.2987103944843567
36.8874,3.16667,3.95327,0.145503,-0.225777,0.0921892,0.2839810298851668
37.0354,3.16667,4.03073,0.124469,-0.229143,0.0788426,0.27242467212930627
37.1835,3.16667,4.10819,0.104488,-0.233571,0.0661061,0.26427858528872517
37.3315,3.16667,4.18563,0.0857754,-0.239009,0.0541346,0.25964066754520565
37.4795,3.16667,4.26307,0.0685857,-0.245285,0.0430831,0.2583116005430263
37.6275,3.16667,4.34049,0.0531232,-0.252358,0.0331262,0.26000765309636564
37.7754,3.16667,4.41789,0.0395423,-0.25984,0.024389,0.2639606834554912
37.9233,3.16667,4.49526,0.027887,-0.267671,0.0169719,0.26965439807206926
38.0711,3.16667,4.57258,0.0179261,-0.274766,0.010774,0.2755608442671237
38.2187,3.16667,4.64981,0.00952694,-0.280708,0.00571452,0.2809277479861931
38.3661,3.16667,4.7269,0.00207555,-0.281339,0.00140618,0.2813501700212653
38.5128,3.16667,4.80367,-0.00338747,-0.266623,-0.00166214,0.26664969865233396
38.6577,3.16667,4.87944,-0.00589179,-0.181251,-0.00306474,0.18137262974790794
38.7893,3.16667,4.94833,0.000700457,-0.0345458,0.000358933,0.03455476480237332
35.9988,3.5,3.48842,0.324058,-0.22141,0.200326,0.4406432590429587
36.1469,3.5,3.5659,0.298461,-0.217255,0.184965,0.4129052612537167
36.295,3.5,3.64338,0.272807,-0.214122,0.169409,0.3859680030961116
36.4431,3.5,3.72086,0.247259,-0.212064,0.153777,0.3602159337203173
36.5912,3.5,3.79833,0.221988,-0.211118,0.138194,0.3360759790642586
36.7393,3.5,3.8758,0.197171,-0.21131,0.122791,0.31401584199208804
36.8874,3.5,3.95327,0.172996,-0.212639,0.107702,0.2945211047463322
37.0354,3.5,4.03073,0.149668,-0.215099,0.0930699,0.2780828946753288
37.1835,3.5,4.10819,0.127403,-0.218638,0.079042,0.2651070297389339
37.3315,3.5,4.18563,0.106456,-0.223225,0.0657829,0.2559094966846874
37.4795,3.5,4.26307,0.0870691,-0.22874,0.0534624,0.2505219431278825
37.6275,3.5,4.34049,0.0695233,-0.235136,0.042274,0.2488162350307753
37.7754,3.5,4.41789,0.0539475,-0.242136,0.0323642,0.2501751720173087
37.9233,3.5,4.49526,0.0405078,-0.249608,0.0238706,0.25399771862991205
38.0711,3.5,4.57258,0.0289241,-0.256771,0.0167204,0.2589353621620076
38.2187,3.5,4.64981,0.0191398,-0.262999,0.010844,0.26391740806744823
38.3661,3.5,4.7269,0.0102685,-0.26544,0.00576175,0.2657010226839793
38.5128,3.5,4.80367,0.00274104,-0.257182,0.00156334,0.2572013578040311
38.6577,3.5,4.87944,-0.00302882,-0.188511,-0.00154147,0.1885416320109522
38.7893,3.5,4.94833,0.000169472,-0.0415362,8.2887e-05,0.0415366284314646
35.9988,3.83333,3.48842,0.36233,-0.2062,0.22137,0.4720234589509297
36.1469,3.83333,3.5659,0.334624,-0.201705,0.204983,0.4412212128739959
36.295,3.83333,3.64338,0.306825,-0.19814,0.188356,0.4109489298696372
36.4431,3.83333,3.72086,0.279106,-0.195556,0.171612,0.38156649081909694
36.5912,3.83333,3.79833,0.251645,-0.193994,0.15488,0.35347799430940535
36.7393,3.83333,3.8758,0.22463,-0.193486,0.138298,0.32714187426864205
36.8874,3.83333,3.95327,0.198257,-0.194047,0.122007,0.3030606940977335
37.0354,3.83333,4.03073,0.172746,-0.195683,0.106159,0.28178493622974243
37.1835,3.83333,4.10819,0.148317,-0.198374,0.0909099,0.26384614130778944
37.3315,3.83333,4.18563,0.12525,-0.202106,0.0764348,0.24975323098418567
37.4795,3.83333,4.26307,0.103785,-0.206806,0.0629155,0.23978825659579328
37.6275,3.83333,4.34049,0.0842491,-0.212437,0.0505589,0.23405895024335213
37.7754,3.83333,4.41789,0.0667807,-0.218799,0.0395351,0.23215444950614234
37.9233,3.83333,4.49526,0.0516071,-0.225732,0.0300038,0.23349187696545246
38.0711,3.83333,4.57258,0.0384692,-0.232624,0.0219325,0.23680126537012003
38.2187,3.83333,4.64981,0.0272989,-0.2388,0.0152398,0.240837956820037
38.3661,3.83333,4.7269,0.0172703,-0.242058,0.0095051,0.24285939461363237
38.5128,3.83333,4.80367,0.00826808,-0.236921,0.00450029,0.2371079374419391
38.6577,3.83333,4.87944,-2.18959e-07,-0.184383,6.5215e-05,0.1843830115331783
38.7893,3.83333,4.94833,-0.000141133,-0.0433,-7.29556e-05,0.04330029146603127
35.9988,4.16667,3.48842,0.397342,-0.184921,0.240562,0.4999465141882679
36.1469,4.16667,3.5659,0.36764,-0.180355,0.223207,0.46637802314646004
36.295,4.16667,3.64338,0.337819,-0.176616,0.205572,0.43309899030244803
36.4431,4.16667,3.72086,0.308057,-0.173751,0.187784,0.4004389540316976
36.5912,4.16667,3.79833,0.278537,-0.171802,0.169975,0.36876861064629674
36.7393,4.16667,3.8758,0.249459,-0.170803,0.152287,0.3385185192260535
36.8874,4.16667,3.95327,0.221024,-0.170778,0.134872,0.31017283930737716
37.0354,4.16667,4.03073,0.193466,-0.171743,0.117886,0.28429185743000096
37.1835,4.16667,4.10819,0.167011,-0.173701,0.101497,0.26146960154289445
37.3315,4.16667,4.18563,0.141954,-0.176655,0.0858859,0.24235163494354645
37.4795,4.16667,4.26307,0.118545,-0.180573,0.0712485,0.227455213407497
37.6275,4.16667,4.34049,0.0971384,-0.185436,0.0578012,0.21717126322789576
37.7754,4.16667,4.41789,0.0778918,-0.191107,0.0457359,0.2113783113402366
37.9233,4.16667,4.49526,0.0610773,-0.197426,0.0352317,0.2096395352412803
38.0711,4.16667,4.57258,0.0464649,-0.20389,0.0262914,0.21076374627997577
38.2187,4.16667,4.64981,0.033998,-0.209835,0.0188402,0.2134046493519764
38.3661,4.16667,4.7269,0.022852,-0.213426,0.0124724,0.2150079815768708
38.5128,4.16667,4.80367,0.0127757,-0.210184,0.00688678,0.21068450371410424
38.6577,4.16667,4.87944,0.00291757,-0.170164,0.00159953,0.1701965264243833
38.7893,4.16667,4.94833,-0.000597054,-0.0430734,-0.000306421,0.04307862758802974
35.9988,4.5,3.48842,0.428637,-0.157781,0.257676,0.5244248685045361
36.1469,4.5,3.5659,0.397123,-0.153381,0.239452,0.4884359411366039
36.295,4.5,3.64338,0.365474,-0.149688,0.220916,0.4525280334697509
36.4431,4.5,3.72086,0.333872,-0.146748,0.202195,0.41699916776056045
36.5912,4.5,3.79833,0.302504,-0.144596,0.183427,0.38218076555603897
36.7393,4.5,3.8758,0.271577,-0.143269,0.164757,0.3484608189438233
36.8874,4.5,3.95327,0.241295,-0.142795,0.146341,0.31627421224469127
37.0354,4.5,4.03073,0.211903,-0.143201,0.128342,0.2861486969636591
37.1835,4.5,4.10819,0.183631,-0.144505,0.110935,0.25866699327707043
37.3315,4.5,4.18563,0.156788,-0.146731,0.0943089,0.23453492687489
37.4795,4.5,4.26307,0.131628,-0.149883,0.0786676,0.21442815897815284
37.6275,4.5,4.34049,0.108527,-0.153965,0.064236,0.19902159342644204
37.7754,4.5,4.41789,0.0876625,-0.158897,0.051224,0.18856529026109234
37.9233,4.5,4.49526,0.0693401,-0.164537,0.0398281,0.1829392013391881
38.0711,4.5,4.57258,0.0533638,-0.170462,0.0300829,0.18113522425759712
38.2187,4.5,4.64981,0.0396903,-0.176025,0.0219246,0.1817713085837531
38.3661,4.5,4.7269,0.0275103,-0.179668,0.0149668,0.18237711460687714
38.5128,4.5,4.80367,0.0164788,-0.177584,0.00885173,0.1785664610990342
38.6577,4.5,4.87944,0.0056249,-0.146913,0.00303423,0.14705194871440125
38.7893,4.5,4.94833,-0.000793176,-0.0386577,-0.000403827,0.03866794504111778
35.9988,4.83333,3.48842,0.455541,-0.125377,0.272312,0.5453355115467908
36.1469,4.83333,3.5659,0.422443,-0.121436,0.253339,0.5073316856515074
36.295,4.83333,3.64338,0.389203,-0.118069,0.234029,0.4692428335211951
36.4431,4.83333,3.72086,0.356004,-0.11531,0.214509,0.43133438907302535
36.5912,4.83333,3.79833,0.323035,-0.113193,0.194917,0.39389961076776914
36.7393,4.83333,3.8758,0.290504,-0.111751,0.175403,0.35727730466123925
36.8874,4.83333,3.95327,0.258622,-0.111014,0.156124,0.3218449167782521
37.0354,4.83333,4.03073,0.227635,-0.111015,0.137249,0.28806129807907205
37.1835,4.83333,4.10819,0.197782,-0.111786,0.118959,0.25644701792183117
37.3315,4.83333,4.18563,0.169374,-0.113369,0.101447,0.2276654911179997
37.4795,4.83333,4.26307,0.142675,-0.115799,0.0849257,0.20243008310646418
37.6275,4.83333,4.34049,0.118075,-0.119113,0.0696265,0.18159697656142296
37.7754,4.83333,4.41789,0.0957738,-0.123283,0.0557765,0.16577797443475414
37.9233,4.83333,4.49526,0.0761047,-0.128201,0.0435886,0.15532993212208007
38.0711,4.83333,4.57258,0.0589124,-0.133517,0.0331283,0.14964940502270632
38.2187,4.83333,4.64981,0.0441627,-0.138626,0.0243439,0.1475131770876758
38.3661,4.83333,4.7269,0.0310836,-0.14217,0.0168739,0.14650333644722907
38.5128,4.83333,4.80367,0.0192377,-0.140888,0.0103113,0.14256872221136024
38.6577,4.83333,4.87944,0.00764552,-0.117392,0.00410024,0.11771213874587445
38.7893,4.83333,4.94833,-0.000878331,-0.0311981,-0.000444193,0.0312136222886228
35.9988,5.16667,3.48842,0.477118,-0.0882231,0.283937,0.5621789050352298
36.1469,5.16667,3.5659,0.442749,-0.0849834,0.264384,0.5226353936852728
36.295,5.16667,3.64338,0.408244,-0.0821603,0.244478,0.48289022656923797
36.4431,5.16667,3.72086,0.373784,-0.0797809,0.224345,0.4431818471979758
36.5912,5.16667,3.79833,0.33956,-0.0778726,0.204125,0.4037724000668693
36.7393,5.16667,3.8758,0.30578,-0.0764644,0.183966,0.36495438348286763
36.8874,5.16667,3.95327,0.272656,-0.0755879,0.16403,0.3270484151657213
37.0354,5.16667,4.03073,0.240436,-0.0752808,0.144487,0.2904361584128946
37.1835,5.16667,4.10819,0.209357,-0.0755887,0.125521,0.2555377202248036
37.3315,5.16667,4.18563,0.179733,-0.0765737,0.107327,0.22290484012172102
37.4795,5.16667,4.26307,0.151827,-0.078305,0.0901198,0.19314421892989703
37.6275,5.16667,4.34049,0.126034,-0.0808616,0.0741341,0.16708989285223091
37.7754,5.16667,4.41789,0.102565,-0.08427,0.059605,0.14551208936030025
37.9233,5.16667,4.49526,0.0817689,-0.0884833,0.0467565,0.12923473866708596
38.0711,5.16667,4.57258,0.0635186,-0.0932108,0.0356755,0.11830303074245392
38.2187,5.16667,4.64981,0.0477969,-0.0979224,0.0263267,0.11210011241858772
38.3661,5.16667,4.7269,0.0338596,-0.101369,0.0183686,0.10844146872446905
38.5128,5.16667,4.80367,0.0212548,-0.100795,0.0113874,0.10363914041905209
38.6577,5.16667,4.87944,0.00897652,-0.0829831,0.00480618,0.08360545534301454
38.7893,5.16667,4.94833,-0.000916,-0.0210987,-0.000460913,0.021123603823296085
35.9988,5.5,3.48842,0.492625,-0.0471609,0.292154,0.5746803466535201
36.1469,5.5,3.5659,0.457348,-0.0449496,0.272217,0.534125223831603
36.295,5.5,3.64338,0.421947,-0.0429775,0.251914,0.49330213836071096
36.4431,5.5,3.72086,0.386599,-0.0412621,0.231371,0.4524310857339602
36.5912,5.5,3.79833,0.351493,-0.0398224,0.210727,0.4117511640782088
36.7393,5.5,3.8758,0.316835,-0.0386805,0.190131,0.371524421089987
36.8874,5.5,3.95327,0.282834,-0.0378638,0.169743,0.3320262413657089
37.0354,5.5,4.03073,0.249733,-0.0374098,0.14973,0.2935730527910217
37.1835,5.5,4.10819,0.217765,-0.0373702,0.130277,0.2564960502659641
37.3315,5.5,4.18563,0.187236,-0.0378197,0.111576,0.22121675610154398
37.4795,5.5,4.26307,0.158401,-0.0388543,0.0938388,0.1881654958140041
37.6275,5.5,4.34049,0.131657,-0.04059,0.0773015,0.15797669337990966
37.7754,5.5,4.41789,0.107217,-0.0431139,0.0622062,0.1312398749643187
37.9233,5.5,4.49526,0.0854644,-0.0464453,0.0487954,0.10882242701120941
38.0711,5.5,4.57258,0.0662961,-0.0503979,0.037183,0.09120140727324333
38.2187,5.5,4.64981,0.0497723,-0.0545469,0.027376,0.07875335880392657
38.3661,5.5,4.7269,0.0351656,-0.0578782,0.0190548,0.07035332871755251
38.5128,5.5,4.80367,0.0221073,-0.0580601,0.0118342,0.06324362588387861
38.6577,5.5,4.87944,0.0093402,-0.0457468,0.00499502,0.04695699384628875
38.7893,5.5,4.94833,-0.00116905,-0.00976467,-0.000593586,0.009852299348415881
35.9988,5.83333,3.48842,0.499837,-0.00319145,0.295674,0.5807497965545081
36.1469,5.83333,3.5659,0.464119,-0.00219189,0.275604,0.5397858977027579
36.295,5.83333,3.64338,0.428296,-0.0012369,0.255164,0.49854554499424625
36.4431,5.83333,3.72086,0.392549,-0.000331576,0.234481,0.45724847370400673
36.5912,5.83333,3.79833,0.357067,0.000517345,0.213698,0.4161297217681633
36.7393,5.83333,3.8758,0.32206,0.00129969,0.192964,0.37544565264508806
36.8874,5.83333,3.95327,0.287741,0.00199847,0.172445,0.3354640889698045
37.0354,5.83333,4.03073,0.254358,0.00258409,0.152312,0.2964854381401017
37.1835,5.83333,4.10819,0.222148,0.00300522,0.132753,0.2588090498036118
37.3315,5.83333,4.18563,0.191421,0.00317696,0.113962,0.22279907935142282
37.4795,5.83333,4.26307,0.162427,0.00296854,0.0961528,0.1887768616821765
37.6275,5.83333,4.34049,0.135544,0.00220298,0.0795501,0.15717902998457015
37.7754,5.83333,4.41789,0.110949,0.000678525,0.0643746,0.1282740430575712
37.9233,5.83333,4.49526,0.0889427,-0.00176465,0.0508245,0.10245510076693351
38.0711,5.83333,4.57258,0.0693083,-0.00515258,0.0389468,0.07966832971630822
38.2187,5.83333,4.64981,0.051936,-0.00923615,0.0286563,0.06003197558395443
38.3661,5.83333,4.7269,0.035944,-0.0132555,0.0195492,0.04300988998928037
38.5128,5.83333,4.80367,0.021,-0.014832,0.0112853,0.028077503808031083
38.6577,5.83333,4.87944,0.00673695,-0.00791496,0.00362434,0.011007675846412811
38.7893,5.83333,4.94833,-0.00118106,0.000164898,-0.000606432,0.0013378541940839443
35.9988,6.16667,3.48842,0.496049,0.0424846,0.293602,0.5779893476891766
36.1469,6.16667,3.5659,0.46047,0.0420075,0.273588,0.5372593830732507
36.295,6.16667,3.64338,0.424783,0.0416766,0.253204,0.4962759330176711
36.4431,6.16667,3.72086,0.389169,0.0414936,0.232581,0.4552671204501375
36.5912,6.16667,3.79833,0.353821,0.0414568,0.211861,0.41447925114321466
36.7393,6.16667,3.8758,0.318957,0.0415594,0.191199,0.37418953643622904
36.8874,6.16667,3.95327,0.284796,0.0417851,0.170763,0.334686059415402
37.0354,6.16667,4.03073,0.251596,0.0421036,0.150731,0.2962989954589114
37.1835,6.16667,4.10819,0.219606,0.0424625,0.131296,0.2593617141334665
37.3315,6.16667,4.18563,0.18915,0.0427803,0.112661,0.22427745648880987
37.4795,6.16667,4.26307,0.16049,0.0429417,0.0950446,0.19140142551206352
37.6275,6.16667,4.34049,0.134009,0.0428097,0.0786749,0.16118567673679943
37.7754,6.16667,4.41789,0.109875,0.0422563,0.0637662,0.13388143552087423
37.9233,6.16667,4.49526,0.0883593,0.041231,0.0504978,0.10980614309923649
38.0711,6.16667,4.57258,0.0691908,0.039804,0.0388843,0.08879028103981877
38.2187,6.16667,4.64981,0.0521946,0.0381456,0.0288028,0.07077403730436749
38.3661,6.16667,4.7269,0.0364311,0.0362047,0.0198173,0.0550520728818634
38.5128,6.16667,4.80367,0.0215285,0.0325431,0.0115714,0.04069922564152787
38.6577,6.16667,4.87944,0.00713344,0.0215399,0.0038409,0.023013165168085853
38.7893,6.16667,4.94833,-0.00118453,0.00376365,-0.000607195,0.003992099499188992
35.9988,6.5,3.48842,0.485326,0.0852666,0.288193,0.5708475493514533
36.1469,6.5,3.5659,0.450374,0.0836847,0.268399,0.53092173819791
36.295,6.5,3.64338,0.415283,0.0824269,0.248238,0.49079147158096587
36.4431,6.5,3.72086,0.380239,0.0815023,0.227839,0.45070492780453375
36.5912,6.5,3.79833,0.345435,0.0809145,0.207344,0.41093068742946176
36.7393,6.5,3.8758,0.311087,0.0806596,0.186906,0.37177270674050295
36.8874,6.5,3.95327,0.277415,0.0807208,0.166692,0.3335583197008284
37.0354,6.5,4.03073,0.244679,0.0810637,0.146878,0.29666864239870383
37.1835,6.5,4.10819,0.21313,0.0816263,0.127657,0.26150250362222155
37.3315,6.5,4.18563,0.183095,0.0823158,0.109232,0.22854168061568114
37.4795,6.5,4.26307,0.154851,0.0829993,0.091827,0.19824205893424834
37.6275,6.5,4.34049,0.1288,0.0835268,0.0756823,0.17115483297742426
37.7754,6.5,4.41789,0.105142,0.0837427,0.0610307,0.14762258062295214
37.9233,6.5,4.49526,0.0842025,0.0835731,0.0480847,0.1280103996710814
38.0711,6.5,4.57258,0.0657995,0.0829883,0.0369069,0.11215503289977673
38.2187,6.5,4.64981,0.0498813,0.0820474,0.0274412,0.09986460531084074
38.3661,6.5,4.7269,0.035657,0.0803945,0.0193267,0.09004564738031483
38.5128,6.5,4.80367,0.0226963,0.0764636,0.0121537,0.0806815752346222
38.6577,6.5,4.87944,0.00983005,0.0609709,0.00525793,0.061981661462866586
38.7893,6.5,4.94833,-0.00112696,0.0148337,-0.000570614,0.014887387106829592
35.9988,6.83333,3.48842,0.467284,0.125215,0.278512,0.5582132809464496
36.1469,6.83333,3.5659,0.433429,0.122693,0.25922,0.5197203851014505
36.295,6.83333,3.64338,0.399421,0.120658,0.23957,0.48113332154923544
36.4431,6.83333,3.72086,0.365446,0.119126,0.219692,0.4427260526058976
36.5912,6.83333,3.79833,0.331697,0.118107,0.199728,0.40480049066422835
36.7393,6.83333,3.8758,0.298391,0.117599,0.179828,0.3677020849356174
36.8874,6.83333,3.95327,0.265749,0.117586,0.160159,0.33181305531579075
37.0354,6.83333,4.03073,0.23403,0.11803,0.140896,0.29757823276577205
37.1835,6.83333,4.10819,0.203485,0.118861,0.122228,0.2654689558686665
37.3315,6.83333,4.18563,0.174446,0.119977,0.10436,0.23604426924837638
37.4795,6.83333,4.26307,0.14719,0.12123,0.0875135,0.2098099656409342
37.6275,6.83333,4.34049,0.122119,0.122458,0.0719291,0.18730405054832636
37.7754,6.83333,4.41789,0.0994385,0.123485,0.0578379,0.16876546798341183
37.9233,6.83333,4.49526,0.0794531,0.124213,0.0454455,0.15429503536685812
38.0711,6.83333,4.57258,0.0619836,0.124549,0.0348046,0.14340774125241634
38.2187,6.83333,4.64981,0.0469255,0.124443,0.0258337,0.13548226029609928
38.3661,6.83333,4.7269,0.0335059,0.123303,0.0181648,0.12905903727693774
38.5128,6.83333,4.80367,0.0212139,0.119059,0.011359,0.1214664641586722
38.6577,6.83333,4.87944,0.00913118,0.0986796,0.00488591,0.09922154010536473
38.7893,6.83333,4.94833,-0.000876537,0.0268111,-0.000439604,0.026829026296143976
35.9988,7.16667,3.48842,0.443678,0.160582,0.26571,0.5415150510447517
36.1469,7.16667,3.5659,0.411244,0.157458,0.247085,0.5049412307635414
36.295,7.16667,3.64338,0.378645,0.15496,0.228116,0.46842453723198574
36.4431,7.16667,3.72086,0.346067,0.15311,0.208933,0.43227079369071425
36.5912,7.16667,3.79833,0.313702,0.151919,0.189674,0.39681803593208814
36.7393,7.16667,3.8758,0.281766,0.151389,0.170492,0.36246134985816075
36.8874,7.16667,3.95327,0.250477,0.151499,0.151547,0.32963186699559255
37.0354,7.16667,4.03073,0.220092,0.152202,0.133011,0.2988274809802472
37.1835,7.16667,4.10819,0.190863,0.153415,0.115074,0.27056768556130273
37.3315,7.16667,4.18563,0.163121,0.155018,0.0979357,0.2454189118619223
37.4795,7.16667,4.26307,0.137146,0.156844,0.0818177,0.22383744477921919
37.6275,7.16667,4.34049,0.11334,0.158712,0.06696,0.20620159103168917
37.7754,7.16667,4.41789,0.0918986,0.160432,0.0535881,0.19249795782701173
37.9233,7.16667,4.49526,0.0731171,0.16189,0.0418996,0.1825104350237816
38.0711,7.16667,4.57258,0.0567875,0.162976,0.0319266,0.17551439975059027
38.2187,7.16667,4.64981,0.0427941,0.163566,0.0235731,0.1707069488756096
38.3661,7.16667,4.7269,0.0303199,0.162958,0.016444,0.1665683380358044
38.5128,7.16667,4.80367,0.0188818,0.158494,0.0101112,0.15993469533744076
38.6577,7.16667,4.87944,0.00753937,0.132885,0.00404121,0.1331600416914211
38.7893,7.16667,4.94833,-0.000899556,0.0368795,-0.000455513,0.03689328141193604
35.9988,7.5,3.48842,0.415105,0.191181,0.250117,0.5209806613253509
36.1469,7.5,3.5659,0.38438,0.187697,0.232317,0.48677442075154276
36.295,7.5,3.64338,0.353492,0.18496,0.214196,0.4528208498733246
36.4431,7.5,3.72086,0.322625,0.182995,0.195882,0.41945657531382197
36.5912,7.5,3.79833,0.29197,0.18182,0.177513,0.38706053592300005
36.7393,7.5,3.8758,0.261736,0.181432,0.159236,0.35606096109514734
36.8874,7.5,3.95327,0.232137,0.181804,0.141209,0.32692546989489824
37.0354,7.5,4.03073,0.203426,0.182883,0.1236,0.3001754306484793
37.1835,7.5,4.10819,0.175851,0.184567,0.106589,0.27631461526853773
37.3315,7.5,4.18563,0.149738,0.18672,0.090374,0.2558384000106317
37.4795,7.5,4.26307,0.125362,0.189149,0.07517,0.23904707516512308
37.6275,7.5,4.34049,0.103113,0.191666,0.0612113,0.22608619942997407
37.7754,7.5,4.41789,0.0831653,0.19406,0.0487087,0.2166755366435722
37.9233,7.5,4.49526,0.0657915,0.196227,0.0378447,0.21039434003637075
38.0711,7.5,4.57258,0.0507394,0.198017,0.0286202,0.20640817534535788
38.2187,7.5,4.64981,0.0378894,0.199291,0.0209287,0.20393753895997174
38.3661,7.5,4.7269,0.0263801,0.199116,0.0143477,0.20136769261055756
38.5128,7.5,4.80367,0.01583,0.194244,0.00850137,0.19507330347301985
38.6577,7.5,4.87944,0.00530159,0.161639,0.00286352,0.16175126869461798
38.7893,7.5,4.94833,-0.000832172,0.0438333,-0.000424331,0.0438432521139245
35.9988,7.83333,3.48842,0.382404,0.216183,0.232169,0.49686049678556654
36.1469,7.83333,3.5659,0.353582,0.212628,0.215295,0.4653846088269357
36.295,7.83333,3.64338,0.324609,0.209922,0.19813,0.4343889338657236
36.4431,7.83333,3.72086,0.295666,0.208096,0.1808,0.4042412259678619
36.5912,7.83333,3.79833,0.266937,0.207164,0.16344,0.3753463979646001
36.7393,7.83333,3.8758,0.238628,0.207122,0.146192,0.34815936887006216
36.8874,7.83333,3.95327,0.210947,0.207933,0.129211,0.3231566985519564
37.0354,7.83333,4.03073,0.184138,0.209529,0.112656,0.3008331418261625
37.1835,7.83333,4.10819,0.158446,0.211788,0.0967037,0.2816219051382367
37.3315,7.83333,4.18563,0.134187,0.214555,0.0815452,0.26587519372261864
37.4795,7.83333,4.26307,0.111633,0.217614,0.0673869,0.25369031116030033
37.6275,7.83333,4.34049,0.0911532,0.22077,0.0544563,0.24497711603317154
37.7754,7.83333,4.41789,0.0729011,0.223799,0.0429453,0.2392589843126063
37.9233,7.83333,4.49526,0.057109,0.226621,0.0330168,0.23602674552736602
38.0711,7.83333,4.57258,0.0434914,0.22905,0.0246379,0.23444067584438072
38.2187,7.83333,4.64981,0.0319071,0.230929,0.0176882,0.23379293935157666
38.3661,7.83333,4.7269,0.0214882,0.231047,0.0117281,0.23234028337300874
38.5128,7.83333,4.80367,0.0119401,0.225351,0.00643826,0.2257589209330112
38.6577,7.83333,4.87944,0.00247298,0.183476,0.00136423,0.18349773657888344
38.7893,7.83333,4.94833,-0.000607577,0.0474003,-0.000312153,0.04740522154147513
35.9988,8.16667,3.48842,0.346204,0.235337,0.212285,0.469367270279895
36.1469,8.16667,3.5659,0.319443,0.231947,0.196421,0.4409358800313261
36.295,8.16667,3.64338,0.292556,0.229494,0.180305,0.4132389166051523
36.4431,8.16667,3.72086,0.265718,0.228012,0.16406,0.3866667961798633
36.5912,8.16667,3.79833,0.239108,0.227509,0.147816,0.3616387017466466
36.7393,8.16667,3.8758,0.212921,0.227976,0.131711,0.33860920887949875
36.8874,8.16667,3.95327,0.187361,0.22936,0.115891,0.31802653631733313
37.0354,8.16667,4.03073,0.16266,0.231576,0.100512,0.3003138050772891
37.1835,8.16667,4.10819,0.139059,0.234478,0.0857388,0.2857769756128719
37.3315,8.16667,4.18563,0.11686,0.237892,0.0717571,0.27458686178404457
37.4795,8.16667,4.26307,0.0963266,0.241574,0.0587616,0.2666265871553698
37.6275,8.16667,4.34049,0.0777997,0.245337,0.0469689,0.26162781667150764
37.7754,8.16667,4.41789,0.061405,0.248936,0.0365461,0.2589890413631627
37.9233,8.16667,4.49526,0.0473304,0.252337,0.0276333,0.2582203082680562
38.0711,8.16667,4.57258,0.0352444,0.255288,0.0201566,0.2584964587744289
38.2187,8.16667,4.64981,0.0250124,0.257627,0.0139928,0.2592162991298965
38.3661,8.16667,4.7269,0.0157386,0.257736,0.00868099,0.2583619724598419
38.5128,8.16667,4.80367,0.00731143,0.250459,0.00399335,0.25059751501933814
38.6577,8.16667,4.87944,-0.000457243,0.196019,-0.000175885,0.19601961220167302
38.7893,8.16667,4.94833,-0.00015995,0.0468911,-8.31205e-05,0.04689144647193153
35.9988,8.5,3.48842,0.306881,0.248314,0.190604,0.43836705575693075
36.1469,8.5,3.5659,0.28227,0.245343,0.175794,0.4132469854517998
36.295,8.5,3.64338,0.25757,0.243388,0.160778,0.38913954916970345
36.4431,8.5,3.72086,0.232946,0.242478,0.145675,0.3664432084580092
36.5912,8.5,3.79833,0.208572,0.242616,0.13061,0.34557745114518107
36.7393,8.5,3.8758,0.184632,0.243776,0.115716,0.32696468655804406
36.8874,8.5,3.95327,0.161324,0.245888,0.101132,0.31098878266587043
37.0354,8.5,4.03073,0.138868,0.248844,0.0870081,0.2979564854565344
37.1835,8.5,4.10819,0.117503,0.252465,0.0734998,0.2880065135271076
37.3315,8.5,4.18563,0.0975096,0.256563,0.0607845,0.28111821446041163
37.4795,8.5,4.26307,0.0791478,0.260861,0.0490433,0.2769802896249659
37.6275,8.5,4.34049,0.0627077,0.2652,0.0384776,0.2752159540089382
37.7754,8.5,4.41789,0.0482986,0.2693,0.0292247,0.2751532806492592
37.9233,8.5,4.49526,0.0360353,0.273214,0.0213969,0.2764095873367999
38.0711,8.5,4.57258,0.0255665,0.276542,0.014877,0.2781194865795096
38.2187,8.5,4.64981,0.0167509,0.279193,0.00954729,0.27985795440929334
38.3661,8.5,4.7269,0.00866596,0.278822,0.00490344,0.2789997316675326
38.5128,8.5,4.80367,0.00175765,0.268537,0.00104314,0.26854477809777294
38.6577,8.5,4.87944,-0.00345912,0.198407,-0.00176938,0.19844503991221044
38.7893,8.5,4.94833,0.00015243,0.0442288,7.41672e-05,0.0442291248513743
35.9988,8.83333,3.48842,0.264809,0.254846,0.167431,0.4038606566106681
36.1469,8.83333,3.5659,0.242414,0.25251,0.153707,0.3822979065401745
36.295,8.83333,3.64338,0.219978,0.251256,0.139831,0.3620395096961104
36.4431,8.83333,3.72086,0.197656,0.251105,0.125918,0.34347774030495776
36.5912,8.83333,3.79833,0.175615,0.252045,0.112089,0.3270034467264833
36.7393,8.83333,3.8758,0.154028,0.254032,0.0984698,0.312974732718218
36.8874,8.83333,3.95327,0.133091,0.256964,0.085193,0.3016646462978385
37.0354,8.83333,4.03073,0.113006,0.260709,0.0724005,0.29322580227062217
37.1835,8.83333,4.10819,0.0940161,0.265049,0.0602389,0.2876086308395838
37.3315,8.83333,4.18563,0.0763625,0.269788,0.0488749,0.28461474346958904
37.4795,8.83333,4.26307,0.0603133,0.274616,0.0384726,0.2837812230639124
37.6275,8.83333,4.34049,0.0460715,0.279417,0.0292083,0.2846920578276465
37.7754,8.83333,4.41789,0.0337585,0.283865,0.0211888,0.28664950687676055
37.9233,8.83333,4.49526,0.0233515,0.288121,0.0144802,0.28942819383275364
38.0711,8.83333,4.57258,0.0145486,0.291547,0.00893544,0.2920464981110946
38.2187,8.83333,4.64981,0.00714881,0.294213,0.00443847,0.29433330574258326
38.3661,8.83333,4.7269,0.000495881,0.292306,0.000567039,0.29230697060999705
38.5128,8.83333,4.80367,-0.00432521,0.275939,-0.00215403,0.2759813019169686
38.6577,8.83333,4.87944,-0.00634972,0.18939,-0.00330529,0.18952523838809043
38.7893,8.83333,4.94833,0.000723445,0.0365246,0.000371009,0.03653364785380876
35.9988,9.16667,3.48842,0.219814,0.254983,0.142553,0.36558977378203567
36.1469,9.16667,3.5659,0.199642,0.253527,0.129907,0.3478630427941433
36.295,9.16667,3.64338,0.179488,0.253207,0.117172,0.3317514198567958
36.4431,9.16667,3.72086,0.159498,0.254027,0.10446,0.3176180415735227
36.5912,9.16667,3.79833,0.139837,0.255953,0.0918889,0.3057938761996551
36.7393,9.16667,3.8758,0.120666,0.258911,0.0795806,0.29652699940032445
36.8874,9.16667,3.95327,0.102184,0.262765,0.06766,0.28993946037233365
37.0354,9.16667,4.03073,0.084568,0.267347,0.0562617,0.28599220954405385
37.1835,9.16667,4.10819,0.0680747,0.272404,0.045523,0.28444761824471304
37.3315,9.16667,4.18563,0.0528801,0.277732,0.0355912,0.2849528071759427
37.4795,9.16667,4.26307,0.0392654,0.283,0.0266088,0.2869473817176243
37.6275,9.16667,4.34049,0.0272886,0.288148,0.0187063,0.2900411406225848
37.7754,9.16667,4.41789,0.0171247,0.292824,0.0119611,0.2935680810975539
37.9233,9.16667,4.49526,0.00852863,0.297306,0.00636995,0.29749650658231164
38.0711,9.16667,4.57258,0.00144157,0.300577,0.00182603,0.3005860033977394
38.2187,9.16667,4.64981,-0.0045571,0.30258,-0.00183059,0.3026198516623754
38.3661,9.16667,4.7269,-0.00925942,0.297276,-0.00466938,0.2974568206384261
38.5128,9.16667,4.80367,-0.0114755,0.272385,-0.0059517,0.27269158046800784
38.6577,9.16667,4.87944,-0.00979753,0.169376,-0.00513903,0.16973694529901792
38.7893,9.16667,4.94833,0.00145306,0.0278424,0.000749481,0.027890362903572285
35.9988,9.5,3.48842,0.171687,0.248452,0.115965,0.3235007009235065
36.1469,9.5,3.5659,0.153732,0.248081,0.104389,0.30995930975855523
36.295,9.5,3.64338,0.135877,0.248872,0.0928048,0.29834973171772755
36.4431,9.5,3.72086,0.118266,0.250802,0.081325,0.2889675510935441
36.5912,9.5,3.79833,0.101063,0.253801,0.070064,0.28202418631386916
36.7393,9.5,3.8758,0.0844209,0.257756,0.0591408,0.2776016536648332
36.8874,9.5,3.95327,0.0685405,0.262492,0.0486712,0.2756242658288453
37.0354,9.5,4.03073,0.0535594,0.267804,0.0387748,0.275846110828846
37.1835,9.5,4.10819,0.0397452,0.273419,0.029576,0.27787113966736454
37.3315,9.5,4.18563,0.0271698,0.279159,0.0211805,0.28127665899126786
37.4795,9.5,4.26307,0.0161345,0.284717,0.0137069,0.2855030144969751
37.6275,9.5,4.34049,0.00651016,0.290039,0.00724042,0.290202390386437
37.7754,9.5,4.41789,-0.00146368,0.294801,0.00179681,0.29481010919966516
37.9233,9.5,4.49526,-0.00821386,0.299079,-0.00265868,0.2992035833950556
38.0711,9.5,4.57258,-0.0133779,0.301505,-0.00611962,0.30186368278140785
38.2187,9.5,4.64981,-0.0177176,0.301316,-0.0087946,0.3019645512223578
38.3661,9.5,4.7269,-0.0197998,0.29042,-0.0102815,0.29127567306984287
38.5128,9.5,4.80367,-0.0187139,0.253981,-0.00974121,0.2548557426986375
38.6577,9.5,4.87944,-0.0123628,0.132871,-0.00647528,0.13360191134829769
38.7893,9.5,4.94833,0.00242864,0.0132476,0.00126029,0.013527214380414765
35.9988,9.83333,3.48842,0.11908,0.235905,0.0866388,0.2780962011434892
36.1469,9.83333,3.5659,0.103309,0.236845,0.0760974,0.2693679969720976
36.295,9.83333,3.64338,0.0877627,0.238918,0.0656597,0.2628598456200186
36.4431,9.83333,3.72086,0.0725914,0.24206,0.0554471,0.2587217344027556
36.5912,9.83333,3.79833,0.0579731,0.246162,0.0455755,0.2569703032800872
36.7393,9.83333,3.8758,0.0440456,0.251077,0.0361533,0.25746210577335454
36.8874,9.83333,3.95327,0.0310046,0.256624,0.0272769,0.25992535826804203
37.0354,9.83333,4.03073,0.0189247,0.262551,0.0190561,0.26392102382777316
37.1835,9.83333,4.10819,0.00807709,0.268599,0.0116054,0.26897090454736566
37.3315,9.83333,4.18563,-0.00169335,0.274659,0.00490269,0.27470797237149597
37.4795,9.83333,4.26307,-0.00990117,0.280352,-0.000903002,0.28052823830049783
37.6275,9.83333,4.34049,-0.016972,0.285582,-0.00582409,0.2861451511599106
37.7754,9.83333,4.41789,-0.022564,0.290097,-0.00982339,0.2911389745398099
37.9233,9.83333,4.49526,-0.0274421,0.293625,-0.0130976,0.295195285536829
38.0711,9.83333,4.57258,-0.0306408,0.294466,-0.0154462,0.29645854495203877
38.2187,9.83333,4.64981,-0.0330752,0.290214,-0.017024,0.2925883648182887
38.3661,9.83333,4.7269,-0.0318152,0.271212,-0.0167663,0.2735859366099252
38.5128,9.83333,4.80367,-0.0268965,0.220668,-0.0140697,0.22274591891736198
38.6577,9.83333,4.87944,-0.0145872,0.0856838,-0.00762536,0.08725047908985716
38.7893,9.83333,4.94833,0.00338866,0.00195539,0.0017599,0.004289966743192772
35.9988,10.1667,3.48842,0.0600978,0.217203,0.0535848,0.23164675599904266
36.1469,10.1667,3.5659,0.0466168,0.21954,0.0441437,0.22873478942200726
36.295,10.1667,3.64338,0.0336057,0.22288,0.0350094,0.22810194115975865
36.4431,10.1667,3.72086,0.0212295,0.227075,0.0263109,0.229577896919673
36.5912,10.1667,3.79833,0.00964137,0.232018,0.018153,0.23292668320412951
36.7393,10.1667,3.8758,-0.00109726,0.237593,0.0106008,0.23783190406072016
36.8874,10.1667,3.95327,-0.0107093,0.243573,0.00370101,0.24383640604001303
37.0354,10.1667,4.03073,-0.0191331,0.249612,-0.0024309,0.250356017172386
37.1835,10.1667,4.10819,-0.0263833,0.255652,-0.00776099,0.2571269270004021
37.3315,10.1667,4.18563,-0.0326416,0.261546,-0.0123635,0.2638648144387766
37.4795,10.1667,4.26307,-0.0376796,0.267126,-0.0162316,0.2702582412632777
37.6275,10.1667,4.34049,-0.0419939,0.27214,-0.0194666,0.27604821273243196
37.7754,10.1667,4.41789,-0.0451389,0.276253,-0.0220058,0.28078015516743704
37.9233,10.1667,4.49526,-0.0478572,0.278308,-0.0240077,0.28341140434910167
38.0711,10.1667,4.57258,-0.0486009,0.276246,-0.0250192,0.2816023088780523
38.2187,10.1667,4.64981,-0.0481352,0.265097,-0.0250168,0.27059057110379886
38.3661,10.1667,4.7269,-0.0420999,0.235332,-0.0222472,0.24010099898136616
38.5128,10.1667,4.80367,-0.0323977,0.166642,-0.0169531,0.1706064908756405
38.6577,10.1667,4.87944,-0.0128293,0.0179765,-0.00665293,0.023065276246446734
38.7893,10.1667,4.94833,0.0035151,-0.013953,0.00183407,0.01450537658163
35.9988,10.5,3.48842,-0.00958655,0.194337,0.0137327,0.195057321214028
36.1469,10.5,3.5659,-0.020002,0.197774,0.00584478,0.1988687922557192
36.295,10.5,3.64338,-0.0294133,0.201864,-0.0013778,0.20400028197463355
36.4431,10.5,3.72086,-0.0378379,0.206493,-0.00782132,0.2100767449575331
36.5912,10.5,3.79833,-0.0451442,0.211591,-0.0134858,0.21677319224544347
36.7393,10.5,3.8758,-0.0513622,0.217062,-0.0183911,0.2238129129251706
36.8874,10.5,3.95327,-0.0564355,0.222788,-0.0225545,0.2309289156309794
37.0354,10.5,4.03073,-0.0604568,0.228624,-0.0260096,0.2379085062253975
37.1835,10.5,4.10819,-0.0635077,0.234565,-0.0288096,0.24471199446788464
37.3315,10.5,4.18563,-0.0658256,0.240411,-0.0310541,0.2511868142701165
37.4795,10.5,4.26307,-0.0673717,0.246019,-0.0328003,0.2571772812710718
37.6275,10.5,4.34049,-0.0684951,0.250776,-0.0341405,0.2621941163341771
37.7754,10.5,4.41789,-0.0688564,0.254099,-0.035013,0.26558127906718126
37.9233,10.5,4.49526,-0.0686409,0.253599,-0.0353901,0.26509712395991775
38.0711,10.5,4.57258,-0.066493,0.246864,-0.0347382,0.2580114262668225
38.2187,10.5,4.64981,-0.0618252,0.225985,-0.0325376,0.23653809628429834
38.3661,10.5,4.7269,-0.0512901,0.184382,-0.0271136,0.19329393054871122
38.5128,10.5,4.80367,-0.0344444,0.0998652,-0.0181337,0.10718351523480651
38.6577,10.5,4.87944,-0.00015555,-0.0434042,-0.000135057,0.04340468884620357
38.7893,10.5,4.94833,-0.000660799,-0.0191095,-0.000332452,0.019123811594467903
35.9988,10.8333,3.48842,-0.08984,0.16475,-0.0328698,0.19051039827799426
36.1469,10.8333,3.5659,-0.0952096,0.167914,-0.0377187,0.19667912867879503
36.295,10.8333,3.64338,-0.0993116,0.171528,-0.0416969,0.20254204538359438
36.4431,10.8333,3.72086,-0.102215,0.175587,-0.0448169,0.20805589470046265
36.5912,10.8333,3.79833,-0.103956,0.180061,-0.0471376,0.21319185488840797
36.7393,10.8333,3.8758,-0.104633,0.184927,-0.0487296,0.21799227952879432
36.8874,10.8333,3.95327,-0.104326,0.190152,-0.0496674,0.22250516399122067
37.0354,10.8333,4.03073,-0.103183,0.195675,-0.0500368,0.22680193665010887
37.1835,10.8333,4.10819,-0.101333,0.20147,-0.0499221,0.23097782113746335
37.3315,10.8333,4.18563,-0.09893,0.207323,-0.0494133,0.2349715843371066
37.4795,10.8333,4.26307,-0.0960629,0.212913,-0.0485684,0.23857685513052182
37.6275,10.8333,4.34049,-0.0927203,0.217375,-0.0474125,0.24103296416328618
37.7754,10.8333,4.41789,-0.0888878,0.219357,-0.0458712,0.2410865019599397
37.9233,10.8333,4.49526,-0.0837686,0.215864,-0.043687,0.23563318698977867
38.0711,10.8333,4.57258,-0.0772666,0.202602,-0.0404887,0.2205833917303159
38.2187,10.8333,4.64981,-0.0662442,0.171261,-0.0350858,0.1869482214846667
38.3661,10.8333,4.7269,-0.0516162,0.111457,-0.0271831,0.12580069903243782
38.5128,10.8333,4.80367,-0.024765,-0.00374029,-0.0130122,0.02822432183638962
38.6577,10.8333,4.87944,0.00470537,-0.0740913,0.0023589,0.07427802940127652
38.7893,10.8333,4.94833,-0.00305298,-0.0198261,-0.00159554,0.020123137826442476
35.9988,11.1667,3.48842,-0.177735,0.12683,-0.0849689,0.2342974457654415
36.1469,11.1667,3.5659,-0.176385,0.129156,-0.085703,0.23481470305327987
36.295,11.1667,3.64338,-0.173837,0.131918,-0.0856135,0.23441700594293494
36.4431,11.1667,3.72086,-0.170166,0.135142,-0.0847522,0.2332439991186054
36.5912,11.1667,3.79833,-0.165441,0.138843,-0.0831826,0.2314464259234953
36.7393,11.1667,3.8758,-0.159744,0.14304,-0.0809663,0.22920324795187785
36.8874,11.1667,3.95327,-0.153141,0.147731,-0.0781657,0.2266858859710723
37.0354,11.1667,4.03073,-0.14572,0.152885,-0.0748342,0.2240720846393856
37.1835,11.1667,4.10819,-0.137518,0.158396,-0.0710203,0.22145964903812612
37.3315,11.1667,4.18563,-0.128598,0.164018,-0.0667493,0.21884884961655612
37.4795,11.1667,4.26307,-0.118906,0.169142,-0.0620337,0.21586067945712112
37.6275,11.1667,4.34049,-0.108438,0.172827,-0.0568367,0.21179797506088202
37.7754,11.1667,4.41789,-0.0969828,0.172824,-0.0510943,0.20465684929737873
37.9233,11.1667,4.49526,-0.0843797,0.166374,-0.0446415,0.19181528919859334
38.0711,11.1667,4.57258,-0.0702298,0.146588,-0.0373211,0.1667726927804729
38.2187,11.1667,4.64981,-0.0535871,0.107951,-0.0284815,0.12383937794441638
38.3661,11.1667,4.7269,-0.0325981,0.0337522,-0.0173409,0.05002553289331359
38.5128,11.1667,4.80367,-0.000396709,-0.0730478,-0.000371642,0.07304982259148098
38.6577,11.1667,4.87944,-0.000712185,-0.0866807,-0.000332828,0.08668426462998811
38.7893,11.1667,4.94833,0.000361091,-0.0208628,0.000193053,0.02086681767810056
35.9988,11.5,3.48842,-0.261152,0.0767861,-0.135347,0.30399882017239804
36.1469,11.5,3.5659,-0.252656,0.0780017,-0.131652,0.2953837650293089
36.295,11.5,3.64338,-0.243119,0.079597,-0.127253,0.2857198918153932
36.4431,11.5,3.72086,-0.232561,0.0815985,-0.122176,0.27508164042561983
36.5912,11.5,3.79833,-0.220985,0.0840275,-0.116447,0.26354296573851105
36.7393,11.5,3.8758,-0.208391,0.0869018,-0.110078,0.2511889683251237
36.8874,11.5,3.95327,-0.194738,0.0902257,-0.10308,0.23809462821426694
37.0354,11.5,4.03073,-0.180011,0.093966,-0.0954371,0.22436980486110425
37.1835,11.5,4.10819,-0.164082,0.0980265,-0.087143,0.21006189534337252
37.3315,11.5,4.18563,-0.146972,0.102165,-0.0781446,0.1953075383034664
37.4795,11.5,4.26307,-0.128376,0.105898,-0.0684271,0.17993624369317596
37.6275,11.5,4.34049,-0.108636,0.108311,-0.0579475,0.16398465163926165
37.7754,11.5,4.41789,-0.0870785,0.107668,-0.0467041,0.14613807287308808
37.9233,11.5,4.49526,-0.0653561,0.101044,-0.0350008,0.12532504037043035
38.0711,11.5,4.57258,-0.041901,0.0824606,-0.0227346,0.09524865558379289
38.2187,11.5,4.64981,-0.0197378,0.0408108,-0.0107667,0.04659424829708062
38.3661,11.5,4.7269,0.00664568,-0.0415908,0.00343207,0.04225800293183884
38.5128,11.5,4.80367,0.00912616,-0.0801938,0.00484049,0.08085643263356168
38.6577,11.5,4.87944,0.000835774,-0.0804064,0.000501181,0.08041230541113616
38.7893,11.5,4.94833,-0.000174833,-0.0212191,-7.9307e-05,0.021219968449272916
35.9988,11.8333,3.48842,-0.324115,0.0238907,-0.177642,0.370375456713171
36.1469,11.8333,3.5659,-0.310188,0.0241575,-0.170597,0.3548288553080908
36.295,11.8333,3.64338,-0.295219,0.0246064,-0.162859,0.3380573719991327
36.4431,11.8333,3.72086,-0.279131,0.0252535,-0.1544,0.3199862722418729
36.5912,11.8333,3.79833,-0.261824,0.026116,-0.145184,0.300519959882867
36.7393,11.8333,3.8758,-0.243172,0.0272086,-0.135155,0.27953497728005344
36.8874,11.8333,3.95327,-0.223014,0.0285439,-0.124246,0.25687947940466166
37.0354,11.8333,4.03073,-0.20116,0.0301132,-0.112361,0.232372857139641
37.1835,11.8333,4.10819,-0.177367,0.0318957,-0.0993905,0.20580296367579354
37.3315,11.8333,4.18563,-0.151414,0.0337776,-0.0852095,0.17699656648649995
37.4795,11.8333,4.26307,-0.123014,0.0356258,-0.0696889,0.14580186763155675
37.6275,11.8333,4.34049,-0.092127,0.036937,-0.0527862,0.1124193444583271
37.7754,11.8333,4.41789,-0.0586291,0.0372937,-0.0344371,0.07755066268517632
37.9233,11.8333,4.49526,-0.0235949,0.0344198,-0.0153236,0.04445508581714808
38.0711,11.8333,4.57258,0.0121102,0.0221352,0.00483529,0.02569054402818477
38.2187,11.8333,4.64981,0.0388653,-0.00591111,0.0196917,0.043968350144303794
38.3661,11.8333,4.7269,0.0485001,-0.0247337,0.0252682,0.06002080928261464
38.5128,11.8333,4.80367,0.0383441,-0.0477157,0.0201334,0.06443921032151154
38.6577,11.8333,4.87944,0.0191257,-0.0633431,0.0101369,0.06693950597151131
38.7893,11.8333,4.94833,-0.00271367,-0.0217244,-0.001389,0.021937248716028635
36.7393,0.166667,3.89998,-0.242891,-0.0272003,-0.134694,0.2790669594149225
36.8874,0.166667,3.97578,-0.223239,-0.0287715,-0.124175,0.2570659078101373
37.0354,0.166667,4.05158,-0.201715,-0.0306131,-0.112559,0.2330142304615965
37.1835,0.166667,4.12737,-0.178065,-0.0326871,-0.0997413,0.20669764792348266
37.3315,0.166667,4.20315,-0.152055,-0.0348537,-0.0856065,0.17794374468055907
37.4795,0.166667,4.27892,-0.123427,-0.0369431,-0.0700379,0.1466435283366436
37.6275,0.166667,4.35467,-0.0921506,-0.0384004,-0.0530307,0.11304237675761246
37.7754,0.166667,4.43041,-0.0581967,-0.0387148,-0.0345238,0.07795886348818844
37.9233,0.166667,4.50611,-0.0227978,-0.0354934,-0.015393,0.04490507295840861
38.0711,0.166667,4.58177,0.0132346,-0.0219962,0.00485307,0.02612546152750033
38.2187,0.166667,4.65735,0.0397733,0.00607711,0.0196038,0.04475662669686021
38.3661,0.166667,4.73278,0.0489432,0.0252887,0.0249004,0.0604564727228607
38.5128,0.166667,4.80789,0.0386196,0.0484214,0.0198692,0.06504529645377903
38.6577,0.166667,4.88204,0.0190977,0.0641597,0.00993099,0.06767432165718472
38.7893,0.166667,4.94944,-0.00274603,0.0220229,-0.00136664,0.02223547863349247
36.7393,0.5,3.89998,-0.206883,-0.0847583,-0.107636,0.24813313685175142
36.8874,0.5,3.97578,-0.193934,-0.08868,-0.101217,0.2360496131007208
37.0354,0.5,4.05158,-0.179762,-0.0931433,-0.0940368,0.22323299651514336
37.1835,0.5,4.12737,-0.164234,-0.0980132,-0.0860945,0.20974188198948246
37.3315,0.5,4.20315,-0.147356,-0.102984,-0.0773464,0.19570886690428718
37.4795,0.5,4.27892,-0.128843,-0.107497,-0.0677927,0.18097506411461775
37.6275,0.5,4.35467,-0.109027,-0.110496,-0.057409,0.16550542597147683
37.7754,0.5,4.43041,-0.0873175,-0.11013,-0.0462244,0.1479515388957141
37.9233,0.5,4.50611,-0.0653388,-0.10319,-0.0345547,0.12693054075962176
38.0711,0.5,4.58177,-0.0416251,-0.0834963,-0.0222991,0.09592461062996294
38.2187,0.5,4.65735,-0.0190587,-0.039597,-0.0103527,0.04514792190101334
38.3661,0.5,4.73278,0.00688484,0.0425071,0.00346894,0.04320055690566037
38.5128,0.5,4.80789,0.00863973,0.0813669,0.00450771,0.08194837887064638
38.6577,0.5,4.88204,0.000639849,0.0810207,0.000402434,0.08102422593494588
38.7893,0.5,4.94944,-0.000200996,0.0213956,-8.75601e-05,0.021396723242663306
36.7393,0.833333,3.89998,-0.155415,-0.137292,-0.0762366,0.22094102079188463
36.8874,0.833333,3.97578,-0.14989,-0.142855,-0.0743499,0.22000561528063323
37.0354,0.833333,4.05158,-0.143426,-0.149121,-0.0718095,0.21900843455732474
37.1835,0.833333,4.12737,-0.136037,-0.15593,-0.0686639,0.2180251394500414
37.3315,0.833333,4.20315,-0.127782,-0.162962,-0.0649365,0.21702903492447734
37.4795,0.833333,4.27892,-0.118581,-0.169488,-0.060646,0.21555874610184575
37.6275,0.833333,4.35467,-0.108455,-0.17439,-0.0557678,0.2128013313911358
37.7754,0.833333,4.43041,-0.0971533,-0.175236,-0.0502557,0.206572153930243
37.9233,0.833333,4.50611,-0.0846309,-0.168998,-0.0439665,0.19405093754233707
38.0711,0.833333,4.58177,-0.0703125,-0.148579,-0.036726,0.16842911260601595
38.2187,0.833333,4.65735,-0.0534851,-0.108111,-0.027903,0.1238031568741686
38.3661,0.833333,4.73278,-0.0317632,-0.030591,-0.0166053,0.0471216101521372
38.5128,0.833333,4.80789,-0.000269207,0.0740455,-0.000333889,0.07404674216009216
38.6577,0.833333,4.88204,-0.0012512,0.0862878,-0.000586374,0.08629886305593994
38.7893,0.833333,4.94944,0.000526742,0.0206655,0.000274539,0.020674034900016132
36.7393,1.16667,3.89998,-0.0969628,-0.174795,-0.0416456,0.20417990255703425
36.8874,1.16667,3.97578,-0.0980147,-0.180932,-0.0437589,0.21037611881889068
37.0354,1.16667,4.05158,-0.0981666,-0.187733,-0.0452066,0.21661947587444672
37.1835,1.16667,4.12737,-0.09751,-0.19511,-0.0460642,0.22293053339917349
37.3315,1.16667,4.20315,-0.0961925,-0.20281,-0.0464069,0.2292127691117142
37.4795,1.16667,4.27892,-0.0942723,-0.210372,-0.0462791,0.23512847557899066
37.6275,1.16667,4.35467,-0.0917045,-0.216732,-0.0457107,0.23973306663608174
37.7754,1.16667,4.43041,-0.0884723,-0.220272,-0.0446255,0.2415337183532353
37.9233,1.16667,4.50611,-0.0837626,-0.217798,-0.042789,0.23724046974274854
38.0711,1.16667,4.58177,-0.0774956,-0.204628,-0.0398209,0.22240478969700722
38.2187,1.16667,4.65735,-0.0665083,-0.172433,-0.0345788,0.18802177232259568
38.3661,1.16667,4.73278,-0.051688,-0.110356,-0.026698,0.12475126966888954
38.5128,1.16667,4.80789,-0.0239647,0.0079645,-0.0123163,0.028096821030678898
38.6577,1.16667,4.88204,0.00446874,0.0735803,0.00216099,0.07374754275945539
38.7893,1.16667,4.94944,-0.00298027,0.0192534,-0.00152418,0.019542224681578603
36.7393,1.5,3.89998,-0.0411771,-0.202435,-0.0095793,0.20680243175045115
36.8874,1.5,3.97578,-0.0476082,-0.208956,-0.0149773,0.21483358712857262
37.0354,1.5,4.05158,-0.0530302,-0.216035,-0.0196331,0.22331319251815376
37.1835,1.5,4.12737,-0.0574044,-0.2236,-0.0235723,0.2320514565062025
37.3315,1.5,4.20315,-0.0610151,-0.231484,-0.0268607,0.24089246955540142
37.4795,1.5,4.27892,-0.0637833,-0.239461,-0.0295363,0.24956416589242134
37.6275,1.5,4.35467,-0.0659942,-0.246666,-0.0316776,0.25729908731163426
37.7754,1.5,4.43041,-0.0672861,-0.252252,-0.0332152,0.26317625323773036
37.9233,1.5,4.50611,-0.0677835,-0.25356,-0.0340986,0.2646695883440521
38.0711,1.5,4.58177,-0.0661637,-0.247833,-0.0338317,0.258734255582016
38.2187,1.5,4.65735,-0.0617488,-0.226975,-0.0318694,0.23737359495697916
38.3661,1.5,4.73278,-0.0513586,-0.1842,-0.0266104,0.1930685349354472
38.5128,1.5,4.80789,-0.0341937,-0.0977564,-0.0176331,0.10505450526398188
38.6577,1.5,4.88204,0.000723542,0.0435191,0.00029873,0.04352613947329425
38.7893,1.5,4.94944,-0.00107078,0.0188054,-0.000531732,0.018843364293252517
36.7393,1.83333,3.89998,0.0101741,-0.218903,0.0201821,0.22006670097999834
36.8874,1.83333,3.97578,-0.000506921,-0.225317,0.0122585,0.22565078834373753
37.0354,1.83333,4.05158,-0.0101866,-0.232425,0.00498655,0.23270155376675614
37.1835,1.83333,4.12737,-0.0186164,-0.239967,-0.0015057,0.24069274723275316
37.3315,1.83333,4.20315,-0.0261335,-0.247869,-0.0072048,0.24934696734929424
37.4795,1.83333,4.27892,-0.032479,-0.256004,-0.0121022,0.2583396924629276
37.6275,1.83333,4.35467,-0.0380278,-0.26383,-0.016274,0.2670528516021501
37.7754,1.83333,4.43041,-0.042286,-0.270778,-0.019626,0.2747617348831529
37.9233,1.83333,4.50611,-0.0459552,-0.275391,-0.0222762,0.28008625881053145
38.0711,1.83333,4.58177,-0.0474241,-0.275214,-0.0237941,0.28028191210211906
38.2187,1.83333,4.65735,-0.0474543,-0.264997,-0.0241298,0.27029163480494545
38.3661,1.83333,4.73278,-0.0416827,-0.234982,-0.0216046,0.23962626430433287
38.5128,1.83333,4.80789,-0.0320724,-0.164575,-0.0164352,0.16847458344153873
38.6577,1.83333,4.88204,-0.0121904,-0.0146413,-0.00616614,0.02002485456500496
38.7893,1.83333,4.94944,0.0033305,0.0140592,0.00169728,0.01454764909833888
36.7393,2.16667,3.89998,0.0546795,-0.229343,0.0454447,0.24011097460828398
36.8874,2.16667,3.97578,0.0410387,-0.234964,0.03576,0.24118671977057526
37.0354,2.16667,4.05158,0.0282513,-0.241441,0.0266637,0.2445462028541437
37.1835,2.16667,4.12737,0.0165283,-0.248613,0.0182663,0.24983047489363663
37.3315,2.16667,4.20315,0.0058384,-0.256352,0.0106608,0.2566399958603491
37.4795,2.16667,4.27892,-0.00359407,-0.264579,0.00385105,0.26463143268755396
37.6275,2.16667,4.35467,-0.0118801,-0.272794,-0.00206444,0.2730603690111833
37.7754,2.16667,4.43041,-0.0186391,-0.280507,-0.00695931,0.2812117086706848
37.9233,2.16667,4.50611,-0.02464,-0.28719,-0.011002,0.28845496997625125
38.0711,2.16667,4.58177,-0.0287374,-0.290633,-0.0139647,0.2923839798857831
38.2187,2.16667,4.65735,-0.0318926,-0.288131,-0.015992,0.2903314574064616
38.3661,2.16667,4.73278,-0.031125,-0.269716,-0.0160698,0.27198111102251205
38.5128,2.16667,4.80789,-0.0265931,-0.21832,-0.0136042,0.22035400977801606
38.6577,2.16667,4.88204,-0.0142759,-0.082194,-0.0072905,0.08374250024366361
38.7893,2.16667,4.94944,0.003403,-0.00166305,0.00172452,0.004161744049422069
36.7393,2.5,3.89998,0.0938523,-0.23329,0.0677042,0.26041570039636625
36.8874,2.5,3.97578,0.0776777,-0.237891,0.0566065,0.2565740610438631
37.0354,2.5,4.05158,0.0623073,-0.243464,0.0460403,0.2554929121392216
37.1835,2.5,4.12737,0.0479698,-0.249861,0.0361163,0.25697472280115413
37.3315,2.5,4.20315,0.034729,-0.256989,0.0269509,0.26072169179569626
37.4795,2.5,4.27892,0.022876,-0.264654,0.0186499,0.26629470490794593
37.6275,2.5,4.35467,0.0122598,-0.272778,0.0112956,0.27328690155109886
37.7754,2.5,4.43041,0.00327142,-0.280826,0.0050438,0.28089034227480375
37.9233,2.5,4.50611,-0.00466598,-0.288721,-0.000257946,0.2887588158766747
38.0711,2.5,4.58177,-0.0108075,-0.294339,-0.0044012,0.2945702285341986
38.2187,2.5,4.65735,-0.0159994,-0.296591,-0.00760434,0.2971195518107073
38.3661,2.5,4.73278,-0.018703,-0.287036,-0.00947439,0.28780068028215655
38.5128,2.5,4.80789,-0.0181056,-0.250454,-0.00920552,0.25127626323596586
38.6577,2.5,4.88204,-0.0119784,-0.127906,-0.00613526,0.1286120846492568
38.7893,2.5,4.94944,0.00241811,-0.0124209,0.00122426,0.01271317526543625
36.7393,2.83333,3.89998,0.1287,-0.231947,0.0873161,0.2792618880696218
36.8874,2.83333,3.97578,0.110141,-0.235506,0.0749031,0.27056346816710125
37.0354,2.83333,4.05158,0.0923707,-0.240126,0.0629756,0.26487500503039163
37.1835,2.83333,4.12737,0.0756122,-0.245693,0.0516602,0.26220417865068435
37.3315,2.83333,4.20315,0.0600139,-0.252139,0.0410986,0.2624211089759549
37.4795,2.83333,4.27892,0.0458383,-0.259257,0.031428,0.2651472439605775
37.6275,2.83333,4.35467,0.0331253,-0.267005,0.0227827,0.2700148272676521
37.7754,2.83333,4.43041,0.0220868,-0.274913,0.0152732,0.2762213875525934
37.9233,2.83333,4.50611,0.0125072,-0.282999,0.00891545,0.2834155064592312
38.0711,2.83333,4.58177,0.00445066,-0.289847,0.00369608,0.2899047305422973
38.2187,2.83333,4.65735,-0.00247654,-0.294908,-0.00054748,0.29491890656368913
38.3661,2.83333,4.73278,-0.00790772,-0.291612,-0.00381605,0.29174415644053764
38.5128,2.83333,4.80789,-0.0107124,-0.267274,-0.00541043,0.26754330367726437
38.6577,2.83333,4.88204,-0.00942315,-0.163309,-0.00483187,0.16365198503110007
38.7893,2.83333,4.94944,0.00147801,-0.0266199,0.000743484,0.026671264649962813
36.7393,3.16667,3.89998,0.160619,-0.22462,0.105357,0.29555491031278774
36.8874,3.16667,3.97578,0.139769,-0.227157,0.0916913,0.2820336336426739
37.0354,3.16667,4.05158,0.119714,-0.230785,0.07848,0.271573688749481
37.1835,3.16667,4.12737,0.100667,-0.235425,0.0658599,0.2643790875655826
37.3315,3.16667,4.20315,0.0828315,-0.241031,0.0539867,0.2605217152755985
37.4795,3.16667,4.27892,0.066442,-0.247444,0.0430143,0.25979473147947013
37.6275,3.16667,4.35467,0.0516755,-0.254626,0.033115,0.26191861407935485
37.7754,3.16667,4.43041,0.0386611,-0.262208,0.0244141,0.26616491916858614
37.9233,3.16667,4.50611,0.0274193,-0.270123,0.0170113,0.2720434477600591
38.0711,3.16667,4.58177,0.017727,-0.277314,0.0108182,0.278090515077807
38.2187,3.16667,4.65735,0.00945994,-0.283333,0.00575293,0.28354924714657326
38.3661,3.16667,4.73278,0.00205682,-0.283986,0.00144972,0.2839971485641904
38.5128,3.16667,4.80789,-0.00342948,-0.268768,-0.00161542,0.26879473346560717
38.6577,3.16667,4.88204,-0.00591238,-0.181601,-0.00299985,0.1817219814394695
38.7893,3.16667,4.94944,0.000747716,-0.0345217,0.000373965,0.03453182155531158
36.7393,3.5,3.89998,0.189787,-0.212057,0.121784,0.3095458274214014
36.8874,3.5,3.97578,0.1667,-0.213716,0.106898,0.29135991670097655
37.0354,3.5,4.05158,0.144423,-0.216452,0.092444,0.2761437386018376
37.1835,3.5,4.12737,0.123165,-0.220218,0.0785703,0.26427046144260996
37.3315,3.5,4.20315,0.103168,-0.224988,0.0654424,0.2560194213058064
37.4795,3.5,4.27892,0.0846552,-0.230652,0.0532308,0.2513968298520886
37.6275,3.5,4.35467,0.0678781,-0.237168,0.0421258,0.25026122294364744
37.7754,3.5,4.43041,0.0529395,-0.24427,0.0322754,0.25201612052686234
37.9233,3.5,4.50611,0.0399754,-0.251826,0.0238146,0.25608885577923923
38.0711,3.5,4.58177,0.0287087,-0.259072,0.0166841,0.26119121316097144
38.2187,3.5,4.65735,0.019087,-0.265372,0.0108136,0.26627719748029494
38.3661,3.5,4.73278,0.0102726,-0.267855,0.00574391,0.2681134458356166
38.5128,3.5,4.80789,0.00272059,-0.259249,0.00155691,0.25926794938768694
38.6577,3.5,4.88204,-0.0030611,-0.189033,-0.00150913,0.18906380641351453
38.7893,3.5,4.94944,0.0002116,-0.0415179,0.000102041,0.04151856461073385
36.7393,3.83333,3.89998,0.216631,-0.193962,0.13695,0.32141180766269306
36.8874,3.83333,3.97578,0.191414,-0.194852,0.120909,0.2987065576464635
37.0354,3.83333,4.05158,0.167024,-0.196769,0.105279,0.27874490807546604
37.1835,3.83333,4.12737,0.143672,-0.199693,0.0902218,0.26202845461560087
37.3315,3.83333,4.20315,0.121623,-0.203616,0.0759105,0.24902617050272044
37.4795,3.83333,4.27892,0.1011,-0.208473,0.0625292,0.2399835464810869
37.6275,3.83333,4.35467,0.0824011,-0.21423,0.0502816,0.23497377189756732
37.7754,3.83333,4.43041,0.0656353,-0.220695,0.0393397,0.23358486172519827
37.9233,3.83333,4.50611,0.0509966,-0.227708,0.0298602,0.23525139323625693
38.0711,3.83333,4.58177,0.0382225,-0.234672,0.0218231,0.2387638054309321
38.2187,3.83333,4.65735,0.0272497,-0.240905,0.015149,0.2429140946427152
38.3661,3.83333,4.73278,0.0172925,-0.244194,0.00943638,0.24498731693651898
38.5128,3.83333,4.80789,0.00826851,-0.238818,0.00445062,0.23900253848025235
38.6577,3.83333,4.88204,-3.72472e-05,-0.184963,6.3502e-05,0.18496301465119427
38.7893,3.83333,4.94944,-0.00011005,-0.0432809,-5.43126e-05,0.04328107398934341
36.7393,4.16667,3.89998,0.240883,-0.171046,0.150621,0.3316142931871303
36.8874,4.16667,3.97578,0.213669,-0.171336,0.133498,0.3046837417076927
37.0354,4.16667,4.05158,0.187296,-0.172574,0.116771,0.2801732384311535
37.1835,4.16667,4.12737,0.161982,-0.174761,0.100608,0.25865332997856416
37.3315,4.16667,4.20315,0.138008,-0.177908,0.0851928,0.2407390240485327
37.4795,4.16667,4.27892,0.115604,-0.181985,0.0707213,0.226901580679135
37.6275,4.16667,4.35467,0.0950962,-0.186976,0.0574075,0.21748317839936496
37.7754,4.16667,4.43041,0.0766115,-0.192749,0.0454455,0.21233650746751015
37.9233,4.16667,4.50611,0.0603859,-0.199147,0.0350111,0.2110255000018244
38.0711,4.16667,4.58177,0.046181,-0.205671,0.0261192,0.21240399622097508
38.2187,4.16667,4.65735,0.033943,-0.211657,0.0186983,0.21517536875973978
38.3661,4.16667,4.73278,0.0228868,-0.21526,0.0123617,0.2168259321232818
38.5128,4.16667,4.80789,0.0127949,-0.211827,0.00680543,0.21232216387484115
38.6577,4.16667,4.88204,0.00287907,-0.170753,0.00156498,0.1707844407885721
38.7893,4.16667,4.94944,-0.000578307,-0.0430475,-0.000287503,0.04305234434047998
36.7393,4.5,3.89998,0.262469,-0.143326,0.162795,0.34049160086850894
36.8874,4.5,3.97578,0.233465,-0.143144,0.144712,0.3097380730633546
37.0354,4.5,4.05158,0.205317,-0.143804,0.127008,0.2810083503545758
37.1835,4.5,4.12737,0.178245,-0.145326,0.109861,0.25487323441664095
37.3315,4.5,4.20315,0.152542,-0.147738,0.0934594,0.23201344326646248
37.4795,4.5,4.27892,0.128444,-0.151045,0.0780099,0.2130680587488655
37.6275,4.5,4.35467,0.106297,-0.155255,0.0637347,0.19865870033323482
37.7754,4.5,4.43041,0.0862477,-0.160287,0.050846,0.18898651761511984
37.9233,4.5,4.50611,0.0685634,-0.166,0.0395369,0.18390243685489868
38.0711,4.5,4.58177,0.0530346,-0.171974,0.0298535,0.18242520915545088
38.2187,4.5,4.65735,0.0396199,-0.177563,0.0217364,0.18322343335384259
38.3661,4.5,4.73278,0.0275473,-0.181196,0.0148189,0.18387616471554977
38.5128,4.5,4.80789,0.0165115,-0.178941,0.00874249,0.17991370777306018
38.6577,4.5,4.88204,0.00559032,-0.14743,0.00297476,0.14756593704090387
38.7893,4.5,4.94944,-0.000790811,-0.038621,-0.000390066,0.03863106488982768
36.7393,4.83333,3.89998,0.280923,-0.111663,0.173173,0.34838950246383715
36.8874,4.83333,3.97578,0.25037,-0.11118,0.154265,0.3143943694231816
37.0354,4.83333,4.05158,0.22068,-0.111406,0.135719,0.2820117128720011
37.1835,4.83333,4.12737,0.192077,-0.112373,0.117719,0.2517519176073938
37.3315,4.83333,4.20315,0.16486,-0.114127,0.100459,0.22426725666044076
37.4795,4.83333,4.27892,0.139273,-0.116705,0.0841532,0.20024681426739355
37.6275,4.83333,4.35467,0.115676,-0.120142,0.0690315,0.18050037432717417
37.7754,4.83333,4.43041,0.0942365,-0.124409,0.0553228,0.1655860181690773
37.9233,4.83333,4.50611,0.0752479,-0.129396,0.043237,0.15580439480133418
38.0711,4.83333,4.58177,0.0585377,-0.134753,0.0328506,0.15054632260752834
38.2187,4.83333,4.65735,0.0440723,-0.139874,0.0241172,0.1486228207212136
38.3661,4.83333,4.73278,0.0311153,-0.14339,0.0166948,0.14767386478700284
38.5128,4.83333,4.80789,0.0192751,-0.141946,0.0101793,0.14360993887785065
38.6577,4.83333,4.88204,0.00761332,-0.117787,0.0040222,0.11810130440965672
38.7893,4.83333,4.94944,-0.000890663,-0.0311541,-0.000436195,0.031169881191104885
36.7393,5.16667,3.89998,0.295802,-0.0762853,0.181505,0.3553341177330007
36.8874,5.16667,3.97578,0.264049,-0.0756143,0.161972,0.31886411768885187
37.0354,5.16667,4.05158,0.233167,-0.0754921,0.142788,0.2836447073283935
37.1835,5.16667,4.12737,0.203381,-0.0759664,0.124139,0.2500904164716433
37.3315,5.16667,4.20315,0.174988,-0.0771009,0.106219,0.21874145671502238
37.4795,5.16667,4.27892,0.148234,-0.0789657,0.0892473,0.19019458743555245
37.6275,5.16667,4.35467,0.123482,-0.0816378,0.0734564,0.1652524656814536
37.7754,5.16667,4.43041,0.100913,-0.0851395,0.0590835,0.1446479450303391
37.9233,5.16667,4.50611,0.0808319,-0.0894172,0.0463499,0.12914156938592625
38.0711,5.16667,4.58177,0.0630926,-0.0941779,0.0353529,0.11874333901983723
38.2187,5.16667,4.65735,0.0476767,-0.0988879,0.0260638,0.11283264669296737
38.3661,5.16667,4.73278,0.0338746,-0.102291,0.0181605,0.10927369750498059
38.5128,5.16667,4.80789,0.0212842,-0.101558,0.0112341,0.1043707312250422
38.6577,5.16667,4.88204,0.00893918,-0.0832367,0.00471315,0.08384790366422347
38.7893,5.16667,4.94944,-0.000937636,-0.0210538,-0.00045676,0.021079617771821577
36.7393,5.5,3.89998,0.306532,-0.0384525,0.187473,0.36136766251181085
36.8874,5.5,3.97578,0.273937,-0.0377762,0.167517,0.32331171730149216
37.0354,5.5,4.05158,0.24221,-0.0374531,0.147889,0.2862508954057786
37.1835,5.5,4.12737,0.211568,-0.037537,0.128775,0.2505055800136995
37.3315,5.5,4.20315,0.182305,-0.0381046,0.110367,0.21649006502645796
37.4795,5.5,4.27892,0.154655,-0.039252,0.0928832,0.1846244224669098
37.6275,5.5,4.35467,0.128986,-0.0410917,0.076556,0.15552085757508538
37.7754,5.5,4.43041,0.105479,-0.0437045,0.0616305,0.12974675830825216
37.9233,5.5,4.50611,0.0844704,-0.0470997,0.048346,0.10812477020669223
38.0711,5.5,4.58177,0.0658357,-0.0510849,0.0368275,0.09110582395626528
38.2187,5.5,4.65735,0.0496311,-0.055229,0.0270873,0.07903929623611283
38.3661,5.5,4.73278,0.0351651,-0.058512,0.0188275,0.07081463943465363
38.5128,5.5,4.80789,0.0221207,-0.0585474,0.0116659,0.0636648775861542
38.6577,5.5,4.88204,0.00929062,-0.0458806,0.00489209,0.04706673582172977
38.7893,5.5,4.94944,-0.00119274,-0.00973596,-0.00058762,0.009826334163542375
36.7393,5.83333,3.89998,0.311577,0.00151804,0.190181,0.3650360860729273
36.8874,5.83333,3.97578,0.278684,0.00215451,0.170114,0.32650909139768236
37.0354,5.83333,4.05158,0.246693,0.0026734,0.150385,0.2889294577255147
37.1835,5.83333,4.12737,0.215829,0.00302043,0.13118,0.2525855748818307
37.3315,5.83333,4.20315,0.186382,0.00310829,0.112698,0.21782734124697042
37.4795,5.83333,4.27892,0.158587,0.00280629,0.0951522,0.18496392350240654
37.6275,5.83333,4.35467,0.13279,0.00194236,0.078768,0.15440645934147185
37.7754,5.83333,4.43041,0.109134,0.000325972,0.063768,0.12639894792973866
37.9233,5.83333,4.50611,0.0878755,-0.00218739,0.0503472,0.10130019113062966
38.0711,5.83333,4.58177,0.0687759,-0.00560963,0.038564,0.07904919016376385
38.2187,5.83333,4.65735,0.0517218,-0.00968232,0.02834,0.059766608702706225
38.3661,5.83333,4.73278,0.0358708,-0.0136364,0.0192956,0.04295329879019771
38.5128,5.83333,4.80789,0.0209437,-0.0150699,0.0111006,0.028088498999768573
38.6577,5.83333,4.88204,0.00666335,-0.00798002,0.00353572,0.010980995780952655
38.7893,5.83333,4.94944,-0.00118446,0.000157691,-0.000591284,0.0013332024271418802
36.7393,6.16667,3.89998,0.308612,0.0416638,0.188494,0.36401542111624885
36.8874,6.16667,3.97578,0.275865,0.0419329,0.168503,0.3259649173399033
37.0354,6.16667,4.05158,0.244049,0.0422757,0.148868,0.28897894496916204
37.1835,6.16667,4.12737,0.213395,0.0426381,0.129783,0.2533753355905227
37.3315,6.16667,4.20315,0.18421,0.0429387,0.111451,0.2195412978432304
37.4795,6.16667,4.27892,0.156739,0.0430644,0.0940928,0.1878166970218569
37.6275,6.16667,4.35467,0.131332,0.0428854,0.0779357,0.1586229021662698
37.7754,6.16667,4.43041,0.108123,0.0422859,0.0631952,0.13218288002177134
37.9233,6.16667,4.50611,0.087339,0.0412283,0.0500477,0.10877796613827637
38.0711,6.16667,4.58177,0.0686901,0.0397908,0.03852,0.08823507240689497
38.2187,6.16667,4.65735,0.0520005,0.0381359,0.028497,0.07050161613792977
38.3661,6.16667,4.73278,0.0363706,0.036187,0.0195682,0.054911146087110584
38.5128,6.16667,4.80789,0.0214813,0.032449,0.011388,0.04054713793463109
38.6577,6.16667,4.88204,0.00706044,0.0213116,0.00375067,0.022761845992856116
38.7893,6.16667,4.94944,-0.00119109,0.00368351,-0.000593403,0.003916512278623546
36.7393,6.5,3.89998,0.300913,0.0807622,0.184326,0.362004476206911
36.8874,6.5,3.97578,0.26864,0.0809326,0.164537,0.32525368516245895
37.0354,6.5,4.05158,0.237273,0.0813546,0.145103,0.2897791022126337
37.1835,6.5,4.12737,0.207046,0.0819655,0.126217,0.255963123115909
37.3315,6.5,4.20315,0.178274,0.0826733,0.108084,0.22427359332941985
37.4795,6.5,4.27892,0.15121,0.0833494,0.0909283,0.19513980199141848
37.6275,6.5,4.35467,0.126226,0.0838528,0.0749891,0.16907885811848272
37.7754,6.5,4.43041,0.103487,0.0840417,0.0605006,0.14639975788316725
37.9233,6.5,4.50611,0.0832742,0.0838549,0.0476722,0.127431845676385
38.0711,6.5,4.58177,0.0653864,0.0832715,0.0365784,0.11201563892497332
38.2187,6.5,4.65735,0.049773,0.0823419,0.0271707,0.09997893259632251
38.3661,6.5,4.73278,0.0356807,0.0806893,0.0191105,0.09027229196841077
38.5128,6.5,4.80789,0.0227304,0.0766731,0.0119921,0.08086560338104205
38.6577,6.5,4.88204,0.0097923,0.0608667,0.00515739,0.061864715143546085
38.7893,6.5,4.94944,-0.00115569,0.0147092,-0.00056757,0.014765443431234973
36.7393,6.83333,3.89998,0.288537,0.117738,0.177439,0.3586090290748408
36.8874,6.83333,3.97578,0.257256,0.117893,0.158168,0.32418594233710996
37.0354,6.83333,4.05158,0.226869,0.118464,0.139259,0.2913697505541713
37.1835,6.83333,4.12737,0.197613,0.119383,0.120904,0.2606165299323894
37.3315,6.83333,4.20315,0.169803,0.120547,0.103308,0.23245898752683236
37.4795,6.83333,4.27892,0.143698,0.121816,0.0866951,0.20737476563943355
37.6275,6.83333,4.35467,0.119667,0.123037,0.0713025,0.18585569876721564
37.7754,6.83333,4.43041,0.0978785,0.124052,0.0573629,0.16810592423427556
37.9233,6.83333,4.50611,0.0785963,0.124776,0.0450789,0.15420290456051727
38.0711,6.83333,4.58177,0.0616223,0.125125,0.0345142,0.14368299650247413
38.2187,6.83333,4.65735,0.0468549,0.125042,0.0255955,0.13596327827123028
38.3661,6.83333,4.73278,0.0335581,0.123913,0.0179745,0.12962893309311774
38.5128,6.83333,4.80789,0.0212712,0.119577,0.0112179,0.1219711611769356
38.6577,6.83333,4.88204,0.00911013,0.098745,0.00479911,0.09928041574454148
38.7893,6.83333,4.94944,-0.000900216,0.0266906,-0.000436783,0.026709348486920175
36.7393,7.16667,3.89998,0.272311,0.151625,0.168337,0.3542326451853358
36.8874,7.16667,3.97578,0.242339,0.151944,0.149756,0.32286534281802376
37.0354,7.16667,4.05158,0.213243,0.152808,0.131546,0.2934743805326114
37.1835,7.16667,4.12737,0.185261,0.154134,0.113896,0.2665543601087778
37.3315,7.16667,4.20315,0.158708,0.155805,0.0970078,0.24263952800366223
37.4795,7.16667,4.27892,0.133846,0.157662,0.0811038,0.22214833858131822
37.6275,7.16667,4.35467,0.111042,0.159537,0.0664212,0.205412161135703
37.7754,7.16667,4.43041,0.0904575,0.161258,0.0531863,0.19239408613036943
37.9233,7.16667,4.50611,0.072345,0.162726,0.0415935,0.18287583039661093
38.0711,7.16667,4.58177,0.0564817,0.163841,0.0316862,0.17617624977938995
38.2187,7.16667,4.65735,0.0427562,0.164474,0.0233755,0.17154067539417583
38.3661,7.16667,4.73278,0.0303895,0.163897,0.0162859,0.16748426450881884
38.5128,7.16667,4.80789,0.0189453,0.159343,0.00999312,0.16077617512686512
38.6577,7.16667,4.88204,0.00752035,0.133136,0.00397041,0.13340732482023093
38.7893,7.16667,4.94944,-0.000911441,0.036778,-0.000446967,0.03679200712377037
36.7393,7.5,3.89998,0.252755,0.181807,0.157349,0.3488518067532401
36.8874,7.5,3.97578,0.224421,0.18242,0.13965,0.3211603402367733
37.0354,7.5,4.05158,0.196947,0.183683,0.122332,0.2957916217914226
37.1835,7.5,4.12737,0.170567,0.185497,0.105578,0.27321960504692927
37.3315,7.5,4.20315,0.145593,0.18773,0.0895875,0.2539011514453017
37.4795,7.5,4.27892,0.122281,0.190201,0.0745746,0.23809753112361332
37.6275,7.5,4.35467,0.100986,0.192735,0.0607708,0.22591600774101864
37.7754,7.5,4.43041,0.0818496,0.195143,0.0483876,0.217074888697242
37.9233,7.5,4.50611,0.0651021,0.197335,0.0376038,0.2111715686920235
38.0711,7.5,4.58177,0.0504809,0.199174,0.0284329,0.20742958647025259
38.2187,7.5,4.65735,0.0378717,0.200513,0.0207734,0.20511280549358687
38.3661,7.5,4.73278,0.0264538,0.200392,0.0142237,0.2026303798548727
38.5128,7.5,4.80789,0.0158862,0.195427,0.00840804,0.19625182500063942
38.6577,7.5,4.88204,0.00527788,0.162048,0.00281258,0.16215832056219256
38.7893,7.5,4.94944,-0.000827933,0.043754,-0.000409082,0.043763744551114606
36.7393,7.83333,3.89998,0.230183,0.207683,0.144603,0.34209131761417155
36.8874,7.83333,3.97578,0.203709,0.208751,0.127909,0.318488695188699
37.0354,7.83333,4.05158,0.178078,0.210543,0.11161,0.2974843206506857
37.1835,7.83333,4.12737,0.153523,0.212939,0.0958831,0.2794743246089164
37.3315,7.83333,4.20315,0.130347,0.215792,0.0809199,0.26477265321216614
37.4795,7.83333,4.27892,0.108801,0.218897,0.0669274,0.25344196787580386
37.6275,7.83333,4.35467,0.0892191,0.222077,0.0541289,0.24537355103804484
37.7754,7.83333,4.43041,0.071723,0.225132,0.0427171,0.2401111342387312
37.9233,7.83333,4.50611,0.0565067,0.227996,0.0328513,0.23718008152578918
38.0711,7.83333,4.58177,0.0432782,0.230495,0.0245114,0.2358002467136114
38.2187,7.83333,4.65735,0.0319037,0.232463,0.0175819,0.2352998420107842
38.3661,7.83333,4.73278,0.0215578,0.232661,0.0116433,0.23394752851169426
38.5128,7.83333,4.80789,0.0119805,0.226854,0.0063742,0.22725954352213681
38.6577,7.83333,4.88204,0.00244412,0.183989,0.00133917,0.1840101062981686
38.7893,7.83333,4.94944,-0.0005872,0.0473485,-0.000292229,0.04735304270982427
36.7393,8.16667,3.89998,0.205056,0.228762,0.130441,0.3337587006521328
36.8874,8.16667,3.97578,0.180639,0.230409,0.114866,0.3145042981550491
37.0354,8.16667,4.05158,0.157051,0.232823,0.0997039,0.2980141500083679
37.1835,8.16667,4.12737,0.134524,0.235861,0.0851221,0.28455735767224505
37.3315,8.16667,4.20315,0.113345,0.239358,0.0713053,0.2742695517134376
37.4795,8.16667,4.27892,0.0937561,0.243087,0.0584484,0.2670163128326994
37.6275,8.16667,4.35467,0.0760644,0.246879,0.0467632,0.26252967539423044
37.7754,8.16667,4.43041,0.0603643,0.250516,0.0364177,0.2602467364709498
37.9233,8.16667,4.50611,0.0468093,0.253976,0.0275487,0.2597187902601196
38.0711,8.16667,4.58177,0.0350674,0.257019,0.0200962,0.2601775281576024
38.2187,8.16667,4.65735,0.0250124,0.259472,0.0139398,0.2610472312854515
38.3661,8.16667,4.73278,0.0157932,0.259685,0.00863982,0.26030822284528854
38.5128,8.16667,4.80789,0.00733149,0.25225,0.00396245,0.25238762698599665
38.6577,8.16667,4.88204,-0.000486382,0.196555,-0.000168845,0.19655567430395884
38.7893,8.16667,4.94944,-0.00012706,0.046854,-6.33356e-05,0.04685421508937939
36.7393,8.5,3.89998,0.177387,0.244823,0.114786,0.32338873649835115
36.8874,8.5,3.97578,0.155155,0.247191,0.100403,0.308637695226944
37.0354,8.5,4.05158,0.133745,0.250334,0.0864563,0.2966977054017944
37.1835,8.5,4.12737,0.113386,0.25408,0.0731039,0.2876755317909571
37.3315,8.5,4.20315,0.0943429,0.258253,0.060522,0.28152816426320476
37.4795,8.5,4.27892,0.0768559,0.262595,0.0488906,0.277944696222414
37.6275,8.5,4.35467,0.0611805,0.266966,0.0384065,0.27656637174193827
37.7754,8.5,4.43041,0.0473976,0.271117,0.0292075,0.27677434532667583
37.9233,8.5,4.50611,0.0355918,0.275108,0.0214035,0.2782252643156081
38.0711,8.5,4.58177,0.0254185,0.278553,0.014892,0.28010648977710245
38.2187,8.5,4.65735,0.0167448,0.281337,0.00955627,0.2819968407488866
38.3661,8.5,4.73278,0.00870041,0.281084,0.00491448,0.2812615585248694
38.5128,8.5,4.80789,0.00175545,0.270539,0.00105583,0.2705467554835788
38.6577,8.5,4.88204,-0.0034858,0.198906,-0.00172956,0.19894406001545661
38.7893,8.5,4.94944,0.000196473,0.044206,9.46002e-05,0.04420653782912172
36.7393,8.83333,3.89998,0.147426,0.255373,0.0978919,0.3106969885444821
36.8874,8.83333,3.97578,0.127495,0.258541,0.0847707,0.30047378468759967
37.0354,8.83333,4.05158,0.108384,0.262452,0.0721156,0.29296553299553857
37.1835,8.83333,4.12737,0.0903279,0.266899,0.0600738,0.2881025289126251
37.3315,8.83333,4.20315,0.0735517,0.271698,0.0488112,0.2856784714015566
37.4795,8.83333,4.27892,0.0583007,0.276565,0.0384891,0.2852517864348968
37.6275,8.83333,4.35467,0.0447469,0.281403,0.0292798,0.28643889428052544
37.7754,8.83333,4.43041,0.0329852,0.285917,0.0212895,0.28859971780701726
37.9233,8.83333,4.50611,0.0229707,0.290265,0.0145849,0.29153754919649716
38.0711,8.83333,4.58177,0.0144138,0.293833,0.00903254,0.29432495017971483
38.2187,8.83333,4.65735,0.00712511,0.296644,0.00451769,0.2967639456730689
38.3661,8.83333,4.73278,0.000505343,0.29484,0.000639621,0.29484112685745056
38.5128,8.83333,4.80789,-0.00435272,0.278057,-0.0020898,0.27809891888397986
38.6577,8.83333,4.88204,-0.00636509,0.189736,-0.00323215,0.18987024743316316
38.7893,8.83333,4.94944,0.000771946,0.0365066,0.000386484,0.03651680591274615
36.7393,9.16667,3.89998,0.114738,0.260567,0.0793693,0.29556633082184786
36.8874,9.16667,3.97578,0.0971889,0.264621,0.0675596,0.2898866252112539
37.0354,9.16667,4.05158,0.080474,0.269337,0.0562593,0.28667680945882246
37.1835,9.16667,4.12737,0.0648367,0.274472,0.0456045,0.28568942379993695
37.3315,9.16667,4.20315,0.0504392,0.279843,0.0357418,0.28658976571552586
37.4795,9.16667,4.27892,0.0375369,0.285146,0.0268082,0.2888527994755287
37.6275,9.16667,4.35467,0.0261635,0.290337,0.0189337,0.29212769005511957
37.7754,9.16667,4.43041,0.0164687,0.295096,0.0121912,0.2958065121885081
37.9233,9.16667,4.50611,0.00819957,0.299683,0.00658683,0.2998675036856008
38.0711,9.16667,4.58177,0.0013073,0.303117,0.00201901,0.30312654308666226
38.2187,9.16667,4.65735,-0.00460327,0.305254,-0.00166318,0.3052932373610744
38.3661,9.16667,4.73278,-0.00928075,0.299996,-0.00452413,0.3001736165768394
38.5128,9.16667,4.80789,-0.0115318,0.274471,-0.00582741,0.2747749460186429
38.6577,9.16667,4.88204,-0.00978943,0.169528,-0.00501832,0.16988454685270024
38.7893,9.16667,4.94944,0.0015022,0.0278494,0.000756041,0.02790013052287894
36.7393,9.5,3.89998,0.0791837,0.259739,0.0593012,0.2779407109225455
36.8874,9.5,3.97578,0.0641627,0.264628,0.0488993,0.2766513545887314
37.0354,9.5,4.05158,0.0500048,0.270031,0.0390626,0.27738620676378273
37.1835,9.5,4.12737,0.0369616,0.275699,0.0299118,0.2797692160599518
37.3315,9.5,4.20315,0.025095,0.281467,0.021552,0.2834041633744995
37.4795,9.5,4.27892,0.0146769,0.287057,0.0140956,0.28777737677234116
37.6275,9.5,4.35467,0.00556208,0.292431,0.00763206,0.29258344935209507
37.7754,9.5,4.43041,-0.00202708,0.297289,0.00216707,0.2973038088668077
37.9233,9.5,4.50611,-0.00851022,0.301677,-0.00231726,0.30180590760844295
38.0711,9.5,4.58177,-0.0135331,0.304267,-0.00582366,0.30462348415774776
38.2187,9.5,4.65735,-0.0178027,0.304172,-0.00852929,0.30481189363145605
38.3661,9.5,4.73278,-0.0198591,0.293193,-0.0100572,0.29403684526543605
38.5128,9.5,4.80789,-0.0187928,0.255834,-0.00954923,0.25670097912051854
38.6577,9.5,4.88204,-0.0123051,0.132765,-0.00629966,0.13348275704047172
38.7893,9.5,4.94944,0.0024615,0.0132588,0.00124658,0.013542847609952642
36.7393,9.83333,3.89998,0.0395548,0.253365,0.0366954,0.2590462464680776
36.8874,9.83333,3.97578,0.027295,0.259005,0.0278481,0.2619238891808267
37.0354,9.83333,4.05158,0.0159521,0.264979,0.0196536,0.2661852812015909
37.1835,9.83333,4.12737,0.00576671,0.271058,0.0122153,0.27139437699096514
37.3315,9.83333,4.20315,-0.00338832,0.277131,0.00552038,0.2772066854691041
37.4795,9.83333,4.27892,-0.0110722,0.282844,-0.000299159,0.28306079107666476
37.6275,9.83333,4.35467,-0.0177455,0.288144,-0.00525154,0.2887376771026282
37.7754,9.83333,4.43041,-0.0230587,0.292766,-0.00930246,0.2938199621600643
37.9233,9.83333,4.50611,-0.0277382,0.296409,-0.0126191,0.2979713823591957
38.0711,9.83333,4.58177,-0.0308356,0.297375,-0.0150299,0.2993469938823004
38.2187,9.83333,4.65735,-0.0332027,0.293129,-0.0166424,0.29547250194569713
38.3661,9.83333,4.73278,-0.0319121,0.273823,-0.0164498,0.27616664059123797
38.5128,9.83333,4.80789,-0.0269809,0.222084,-0.0137917,0.22414165835404182
38.6577,9.83333,4.88204,-0.0144595,0.0854859,-0.00738139,0.08701379866085666
38.7893,9.83333,4.94944,0.00339369,0.00200971,0.00171977,0.0043027520208698995
36.7393,10.1667,3.89998,-0.00477833,0.240142,0.0115466,0.24046691367659898
36.8874,10.1667,3.97578,-0.0136501,0.246124,0.00465711,0.24654621732965626
37.0354,10.1667,4.05158,-0.0214616,0.252182,-0.00149641,0.2530980060005375
37.1835,10.1667,4.12737,-0.028183,0.258244,-0.0068592,0.25986783881357844
37.3315,10.1667,4.20315,-0.0339753,0.264167,-0.011499,0.2665909824058008
37.4795,10.1667,4.27892,-0.0386432,0.269798,-0.0154253,0.2729875410899369
37.6275,10.1667,4.35467,-0.0426665,0.274893,-0.0187193,0.27881356470541385
37.7754,10.1667,4.43041,-0.0456168,0.279097,-0.0213334,0.2836038466008527
37.9233,10.1667,4.50611,-0.0481836,0.281236,-0.0233903,0.2862908540960573
38.0711,10.1667,4.58177,-0.0488493,0.279195,-0.0244809,0.28449150532186374
38.2187,10.1667,4.65735,-0.048307,0.26789,-0.0245251,0.27331318826395845
38.3661,10.1667,4.73278,-0.042231,0.237495,-0.0218548,0.2422085148566004
38.5128,10.1667,4.80789,-0.0324503,0.167411,-0.0166108,0.17133412843835288
38.6577,10.1667,4.88204,-0.0126473,0.0178787,-0.00639087,0.02281327092586462
38.7893,10.1667,4.94944,0.00347601,-0.013893,0.00177053,0.014430276192817655
36.7393,10.5,3.89998,-0.0540655,0.219701,-0.0170004,0.22689341394454357
36.8874,10.5,3.97578,-0.0586093,0.225449,-0.0212215,0.23390736138424545
37.0354,10.5,4.05158,-0.0621817,0.231319,-0.024748,0.24080595316538583
37.1835,10.5,4.12737,-0.0648563,0.237297,-0.0276275,0.24754693416590723
37.3315,10.5,4.20315,-0.0668558,0.243193,-0.029954,0.25398774647340766
37.4795,10.5,4.27892,-0.0681557,0.248857,-0.0317917,0.2599725333191566
37.6275,10.5,4.35467,-0.069085,0.253684,-0.0332191,0.2650128632459376
37.7754,10.5,4.43041,-0.0693148,0.257046,-0.0341842,0.2684133885347003
37.9233,10.5,4.50611,-0.0689917,0.256547,-0.0346401,0.2679107209611068
38.0711,10.5,4.58177,-0.0667782,0.249649,-0.0340796,0.26066332755568056
38.2187,10.5,4.65735,-0.0620325,0.228368,-0.0319559,0.2387910258469945
38.3661,10.5,4.73278,-0.0514351,0.185795,-0.0266287,0.1946135637634232
38.5128,10.5,4.80789,-0.0343879,0.099881,-0.0177243,0.10711158965256747
38.6577,10.5,4.88204,-4.1556e-05,-0.0430465,-7.90076e-05,0.043046592563779004
38.7893,10.5,4.94944,-0.000753569,-0.0189989,-0.000370522,0.01901744867221271
36.7393,10.8333,3.89998,-0.106458,0.187705,-0.0469663,0.22084452930668216
36.8874,10.8333,3.97578,-0.105808,0.192974,-0.0480134,0.2252544874570982
37.0354,10.8333,4.05158,-0.104377,0.198547,-0.0484967,0.22949378912922677
37.1835,10.8333,4.12737,-0.10229,0.204391,-0.0484988,0.23364729526027045
37.3315,10.8333,4.20315,-0.0996935,0.210295,-0.0481079,0.23764921840742503
37.4795,10.8333,4.27892,-0.0966757,0.215921,-0.0473827,0.24127409614540057
37.6275,10.8333,4.35467,-0.0932184,0.220397,-0.0463472,0.24374693978673867
37.7754,10.8333,4.43041,-0.0892999,0.222322,-0.0449229,0.24376138079773835
37.9233,10.8333,4.50611,-0.0841178,0.218657,-0.0428633,0.23816790382570444
38.0711,10.8333,4.58177,-0.077551,0.204985,-0.0397725,0.22274393276192733
38.2187,10.8333,4.65735,-0.0664578,0.172884,-0.0345045,0.18840402638237327
38.3661,10.8333,4.73278,-0.0516986,0.111901,-0.0266865,0.1261219581405633
38.5128,10.8333,4.80789,-0.0246175,-0.00421933,-0.0126453,0.027995136434546986
38.6577,10.8333,4.88204,0.00472089,-0.0739387,0.00228487,0.0741244817249942
38.7893,10.8333,4.94944,-0.00309839,-0.019774,-0.00158318,0.02007778761478714
36.7393,11.1667,3.89998,-0.160683,0.145871,-0.0789227,0.23092459311491706
36.8874,11.1667,3.97578,-0.153901,0.150615,-0.0762689,0.22844548831878908
37.0354,11.1667,4.05158,-0.146334,0.155818,-0.0730854,0.2259078670014836
37.1835,11.1667,4.12737,-0.138015,0.16137,-0.0694221,0.22340063807744598
37.3315,11.1667,4.20315,-0.129004,0.167014,-0.065305,0.2209082416683452
37.4795,11.1667,4.27892,-0.119245,0.172128,-0.0607494,0.21803189677054136
37.6275,11.1667,4.35467,-0.108731,0.175738,-0.0557188,0.21403471605896088
37.7754,11.1667,4.43041,-0.0972456,0.175558,-0.0501497,0.20686302350456448
37.9233,11.1667,4.50611,-0.0846213,0.16873,-0.0438729,0.19379217906845467
38.0711,11.1667,4.58177,-0.0704267,0.148314,-0.0367158,0.16824093627452863
38.2187,11.1667,4.65735,-0.0536856,0.108638,-0.0280047,0.12437291470995604
38.3661,11.1667,4.73278,-0.03244,0.0331979,-0.0169464,0.049412899503773304
38.5128,11.1667,4.80789,-0.000458121,-0.0733712,-0.00043265,0.07337390578613857
38.6577,11.1667,4.88204,-0.000767269,-0.0865668,-0.000342247,0.08657087672518611
38.7893,11.1667,4.94944,0.000380066,-0.0207928,0.000199822,0.02079723324954644
36.7393,11.5,3.89998,-0.208564,0.0896275,-0.108067,0.2514169989106743
36.8874,11.5,3.97578,-0.194858,0.0929855,-0.101232,0.23846144593675936
37.0354,11.5,4.05158,-0.180086,0.096749,-0.0937508,0.22490119807960116
37.1835,11.5,4.12737,-0.164122,0.100815,-0.0856223,0.2107863215825211
37.3315,11.5,4.20315,-0.146981,0.104932,-0.076795,0.19624375406621225
37.4795,11.5,4.27892,-0.128365,0.108597,-0.0672627,0.18109431919662747
37.6275,11.5,4.35467,-0.108604,0.110862,-0.0569765,0.16532251332546938
37.7754,11.5,4.43041,-0.0870491,0.109944,-0.0459519,0.14756966510912736
37.9233,11.5,4.50611,-0.0653122,0.102831,-0.0344533,0.1265975035722664
38.0711,11.5,4.58177,-0.0418434,0.0834212,-0.0224025,0.09597832431986922
38.2187,11.5,4.65735,-0.0195741,0.0406159,-0.010607,0.0463174391846095
38.3661,11.5,4.73278,0.00645649,-0.0416922,0.00323612,0.04231309816846906
38.5128,11.5,4.80789,0.00897615,-0.0807348,0.00466814,0.08136627514469431
38.6577,11.5,4.88204,0.000711028,-0.0803828,0.00044189,0.08038715919491672
38.7893,11.5,4.94944,-0.000141747,-0.0211193,-5.68442e-05,0.021119852176686337
36.7393,11.8333,3.89998,-0.242437,0.0289526,-0.133729,0.2783835437966117
36.8874,11.8333,3.97578,-0.222317,0.0302996,-0.122997,0.25587335980551
37.0354,11.8333,4.05158,-0.200493,0.0318703,-0.111281,0.23150943832183174
37.1835,11.8333,4.12737,-0.176719,0.0336394,-0.0984761,0.20508231631364512
37.3315,11.8333,4.20315,-0.150772,0.0354863,-0.0844621,0.17642369400990332
37.4795,11.8333,4.27892,-0.122372,0.0372644,-0.0691149,0.14539742533267225
37.6275,11.8333,4.35467,-0.091479,0.0384557,-0.0524005,0.11221880726393416
37.7754,11.8333,4.43041,-0.0580007,0.038594,-0.0342564,0.07763426419726022
37.9233,11.8333,4.50611,-0.0230233,0.0353489,-0.0153971,0.04490754683246458
38.0711,11.8333,4.58177,0.0124558,0.0224615,0.00451643,0.026078038189919498
38.2187,11.8333,4.65735,0.039061,-0.00564524,0.0192226,0.04389918913166392
38.3661,11.8333,4.73278,0.0485782,-0.0248667,0.0247045,0.05990414513520746
38.5128,11.8333,4.80789,0.0383303,-0.0481641,0.019718,0.06463584107057012
38.6577,11.8333,4.88204,0.0189354,-0.0636242,0.00984921,0.06710883053983359
38.7893,11.8333,4.94944,-0.0027427,-0.0217013,-0.00136469,0.021916459654243884
37.0354,0.166667,4.07242,-0.200853,-0.0322259,-0.111372,0.2319141190695599
37.1835,0.166667,4.14655,-0.177227,-0.0342861,-0.0987173,0.205742682741088
37.3315,0.166667,4.22066,-0.151233,-0.0364147,-0.0847495,0.17714380716056657
37.4795,0.166667,4.29477,-0.122621,-0.0384291,-0.0693572,0.1460244039866282
37.6275,0.166667,4.36886,-0.0913576,-0.0397601,-0.0525461,0.1126417740226955
37.7754,0.166667,4.44293,-0.0574519,-0.0398525,-0.0342545,0.07786085884518613
37.9233,0.166667,4.51697,-0.0221287,-0.0362541,-0.0153935,0.04517741662324219
38.0711,0.166667,4.59096,0.0136323,-0.0222169,0.00456732,0.02646300551491459
38.2187,0.166667,4.66488,0.0399758,0.00588465,0.0191434,0.044712005712364326
38.3661,0.166667,4.73865,0.0489879,0.025426,0.024321,0.06031423433493954
38.5128,0.166667,4.81211,0.0385653,0.048808,0.0194301,0.06516925666370608
38.6577,0.166667,4.88463,0.0188891,0.0643311,0.00963438,0.06773558742643633
38.7893,0.166667,4.95056,-0.00276802,0.0219361,-0.00133966,0.0221506005978619
37.0354,0.5,4.07242,-0.179653,-0.095725,-0.0923329,0.22352592792875284
37.1835,0.5,4.14655,-0.164094,-0.100587,-0.0845453,0.2102201064529509
37.3315,0.5,4.22066,-0.147192,-0.105514,-0.0759578,0.19638807611675407
37.4795,0.5,4.29477,-0.128669,-0.109931,-0.0665781,0.1818603302581682
37.6275,0.5,4.36886,-0.108844,-0.112753,-0.0563808,0.16655044267020128
37.7754,0.5,4.44293,-0.0871513,-0.112087,-0.045407,0.1490658925096214
37.9233,0.5,4.51697,-0.065171,-0.104645,-0.033945,0.12786750287309126
38.0711,0.5,4.59096,-0.0414651,-0.0841567,-0.0219063,0.09634101230831033
38.2187,0.5,4.66488,-0.0188285,-0.0392207,-0.0101598,0.044676585106518604
38.3661,0.5,4.73865,0.00672304,0.0426535,0.00328836,0.04330512256744229
38.5128,0.5,4.81211,0.00849016,0.0817984,0.00434262,0.0823524098484677
38.6577,0.5,4.88463,0.00052541,0.0808633,0.000349574,0.08086576249896847
38.7893,0.5,4.95056,-0.000170025,0.02124,-6.67603e-05,0.02124078542423234
37.0354,0.833333,4.07242,-0.143941,-0.151859,-0.0701072,0.22066985941410305
37.1835,0.833333,4.14655,-0.136426,-0.158688,-0.0670964,0.21976319462767188
37.3315,0.833333,4.22066,-0.128074,-0.165708,-0.0635055,0.2188493529125686
37.4795,0.833333,4.29477,-0.118804,-0.172178,-0.0593566,0.21744622338307004
37.6275,0.833333,4.36886,-0.10863,-0.17695,-0.0546264,0.2146993781475857
37.7754,0.833333,4.44293,-0.0972991,-0.177563,-0.049271,0.2083827374587684
37.9233,0.833333,4.51697,-0.0847546,-0.170908,-0.0431436,0.19558695484648256
38.0711,0.833333,4.59096,-0.0703958,-0.149854,-0.0360604,0.16944657689608247
38.2187,0.833333,4.66488,-0.053481,-0.108418,-0.0273695,0.12395067412180541
38.3661,0.833333,4.73865,-0.031537,-0.0298405,-0.0161843,0.04633540089111132
38.5128,0.833333,4.81211,-0.000312394,0.0743383,-0.000384351,0.07433994997706439
38.6577,0.833333,4.88463,-0.00129695,0.0860502,-0.000584433,0.08606195768906252
38.7893,0.833333,4.95056,0.000546225,0.0205461,0.000279311,0.020555257273878767
37.0354,1.16667,4.07242,-0.0993718,-0.190434,-0.0437734,0.2192167273243536
37.1835,1.16667,4.14655,-0.098452,-0.19785,-0.0447306,0.22547338064694022
37.3315,1.16667,4.22066,-0.096921,-0.20557,-0.0451713,0.23171782729149262
37.4795,1.16667,4.29477,-0.0948342,-0.213118,-0.0451409,0.2375931570278277
37.6275,1.16667,4.36886,-0.092139,-0.219421,-0.0446694,0.24213741110856868
37.7754,1.16667,4.44293,-0.0888101,-0.222826,-0.0436787,0.2438165067662565
37.9233,1.16667,4.51697,-0.0840294,-0.220102,-0.0419442,0.23930137145866923
38.0711,1.16667,4.59096,-0.07769,-0.206471,-0.0390677,0.22403637009264812
38.2187,1.16667,4.66488,-0.0666321,-0.173529,-0.0339471,0.1889564928490683
38.3661,1.16667,4.73865,-0.0516859,-0.110394,-0.0261564,0.12466926147118222
38.5128,1.16667,4.81211,-0.0237755,0.00856578,-0.0119393,0.027949845648024607
38.6577,1.16667,4.88463,0.00448185,0.0733802,0.00209217,0.07354670561467319
38.7893,1.16667,4.95056,-0.00301055,0.019161,-0.00150533,0.019454391553358846
37.0354,1.5,4.07242,-0.0548715,-0.218565,-0.0185208,0.22610740980757355
37.1835,1.5,4.14655,-0.0588325,-0.226179,-0.0225231,0.2347881878009624
37.3315,1.5,4.22066,-0.0620973,-0.234104,-0.0258744,0.2435779999479633
37.4795,1.5,4.29477,-0.0645934,-0.242095,-0.0286176,0.2521929090563809
37.6275,1.5,4.36886,-0.0665864,-0.2493,-0.0308216,0.2598734493778077
37.7754,1.5,4.44293,-0.067727,-0.254838,-0.0324258,0.26567044487228914
37.9233,1.5,4.51697,-0.0680997,-0.256044,-0.0333642,0.26703795407718733
38.0711,1.5,4.59096,-0.0663995,-0.25006,-0.033165,0.2608425088540018
38.2187,1.5,4.66488,-0.0618955,-0.228735,-0.0312629,0.2390148992461767
38.3661,1.5,4.73865,-0.0514383,-0.185041,-0.0260893,0.19382136611421355
38.5128,1.5,4.81211,-0.0340825,-0.0974256,-0.0171985,0.10463819925753692
38.6577,1.5,4.88463,0.000836655,0.0432194,0.000341443,0.043228845823955024
38.7893,1.5,4.95056,-0.00115963,0.0186664,-0.000562039,0.01871082891093874
37.0354,1.83333,4.07242,-0.0127008,-0.234816,0.00573886,0.23522924709895154
37.1835,1.83333,4.14655,-0.0205624,-0.24241,-0.000772509,0.24328176496382764
37.3315,1.83333,4.22066,-0.0275898,-0.250361,-0.00649264,0.2519602781376652
37.4795,1.83333,4.29477,-0.0335356,-0.258525,-0.011423,0.26094117540426615
37.6275,1.83333,4.36886,-0.03876,-0.266374,-0.0156285,0.2696325193448483
37.7754,1.83333,4.44293,-0.0427993,-0.273332,-0.019029,0.2773161826246171
37.9233,1.83333,4.51697,-0.0462919,-0.27792,-0.0217083,0.28258399936036716
38.0711,1.83333,4.59096,-0.0476627,-0.277643,-0.0232794,0.2826646403154275
38.2187,1.83333,4.66488,-0.0475974,-0.267151,-0.0236417,0.27238593808537553
38.3661,1.83333,4.73865,-0.0417731,-0.236462,-0.0211967,0.2410571911777369
38.5128,1.83333,4.81211,-0.0320788,-0.164822,-0.0160762,0.16868249849904404
38.6577,1.83333,4.88463,-0.0119992,-0.0144296,-0.00591243,0.019676152705874694
38.7893,1.83333,4.95056,0.00328467,0.0139906,0.0016343,0.014463639993407607
37.0354,2.16667,4.07242,0.0250789,-0.243632,0.0270681,0.2464106018149787
37.1835,2.16667,4.14655,0.0140451,-0.250894,0.0186945,0.2519812461280799
37.3315,2.16667,4.22066,0.00396643,-0.25871,0.0111029,0.25897851465972016
37.4795,2.16667,4.29477,-0.00492173,-0.266969,0.00429962,0.2670489788771665
37.6275,2.16667,4.36886,-0.0127626,-0.275207,-0.00162049,0.27550753673103046
37.7754,2.16667,4.44293,-0.0192204,-0.282963,-0.00654262,0.2836904810204678
37.9233,2.16667,4.51697,-0.0249894,-0.289653,-0.0105976,0.2909220508093534
38.0711,2.16667,4.59096,-0.0289613,-0.293093,-0.0135967,0.29483407841967657
38.2187,2.16667,4.66488,-0.0320253,-0.290452,-0.0156357,0.29263024323979225
38.3661,2.16667,4.73865,-0.0312087,-0.271613,-0.0157561,0.2738537190032299
38.5128,2.16667,4.81211,-0.0266467,-0.219081,-0.0133152,0.22109686956836364
38.6577,2.16667,4.88463,-0.0141316,-0.0817707,-0.00704457,0.08328130320507059
38.7893,2.16667,4.95056,0.00339853,-0.0016756,0.00168056,0.004145108374276841
37.0354,2.5,4.07242,0.0585664,-0.2454,0.0461349,0.25647536374273844
37.1835,2.5,4.14655,0.0450079,-0.251925,0.0362664,0.25847082708957697
37.3315,2.5,4.22066,0.0324829,-0.259148,0.0271461,0.2625828163487093
37.4795,2.5,4.29477,0.0212562,-0.26689,0.0188727,0.26839947269644554
37.6275,2.5,4.36886,0.0111702,-0.275067,0.0115389,0.27553543160590077
37.7754,2.5,4.44293,0.00257638,-0.283176,0.00528574,0.2832370451710934
37.9233,2.5,4.51697,-0.00505179,-0.29108,-1.13198e-05,0.2911238346654942
38.0711,2.5,4.59096,-0.0110254,-0.296738,-0.00417562,0.2969721129862944
38.2187,2.5,4.66488,-0.0161189,-0.298932,-0.00738372,0.2994573072780966
38.3661,2.5,4.73865,-0.0187737,-0.28913,-0.00927122,0.28988715775621793
38.5128,2.5,4.81211,-0.0181713,-0.251579,-0.00901483,0.25239543685379673
38.6577,2.5,4.88463,-0.0119066,-0.127484,-0.00595863,0.1281773874403629
38.7893,2.5,4.95056,0.00244259,-0.0123624,0.00120686,0.012659055680725163
37.0354,2.83333,4.07242,0.0881028,-0.241789,0.0627772,0.2648867696369149
37.1835,2.83333,4.14655,0.0722044,-0.247517,0.0515533,0.26293703316431105
37.3315,2.83333,4.22066,0.0574053,-0.254084,0.0410691,0.2637057422562125
37.4795,2.83333,4.29477,0.0439446,-0.261297,0.0314583,0.2668274249717409
37.6275,2.83333,4.36886,0.031843,-0.269114,0.0228558,0.27195350565609555
37.7754,2.83333,4.44293,0.0212875,-0.277087,0.0153692,0.2783281795540833
37.9233,2.83333,4.51697,0.0120588,-0.285216,0.00902039,0.2856132853163384
38.0711,2.83333,4.59096,0.00422397,-0.292116,0.00380368,0.29217129797449864
38.2187,2.83333,4.66488,-0.00258434,-0.297164,-0.000439317,0.2971755620986727
38.3661,2.83333,4.73865,-0.00796326,-0.293734,-0.00370581,0.29386529106647435
38.5128,2.83333,4.81211,-0.0107738,-0.268631,-0.0052978,0.2688991550977429
38.6577,2.83333,4.88463,-0.00940428,-0.163067,-0.00471065,0.16340586646366434
38.7893,2.83333,4.95056,0.00152002,-0.0265197,0.000746094,0.02657370138214163
37.0354,3.16667,4.07242,0.11493,-0.232183,0.0779959,0.2705572227936449
37.1835,3.16667,4.14655,0.0968185,-0.237011,0.0655036,0.2642702360770316
37.3315,3.16667,4.22066,0.0798593,-0.242762,0.05374,0.2611491605203624
37.4795,3.16667,4.29477,0.0642656,-0.249288,0.0428576,0.26098150923986935
37.6275,3.16667,4.36886,0.0501886,-0.256553,0.0330269,0.26349404832475815
37.7754,3.16667,4.44293,0.0377341,-0.264206,0.0243734,0.26799764059851344
37.9233,3.16667,4.51697,0.0269032,-0.272168,0.016997,0.2740220801381524
38.0711,3.16667,4.59096,0.0174816,-0.279411,0.0108205,0.280166372856933
38.2187,3.16667,4.66488,0.00935481,-0.285447,0.00576167,0.28565836084442725
38.3661,3.16667,4.73865,0.00201186,-0.28603,0.00147519,0.28604087936201655
38.5128,3.16667,4.81211,-0.00347853,-0.270218,-0.00157254,0.2702449640178564
38.6577,3.16667,4.88463,-0.00592291,-0.181512,-0.00292953,0.18163223599595146
38.7893,3.16667,4.95056,0.000790275,-0.034383,0.000385821,0.034394244888057444
37.0354,3.5,4.07242,0.139144,-0.217589,0.0916912,0.27406806055146227
37.1835,3.5,4.14655,0.118895,-0.221561,0.0779818,0.2632611989588287
37.3315,3.5,4.22066,0.0998464,-0.226494,0.0649959,0.2559165931427073
37.4795,3.5,4.29477,0.0822028,-0.232285,0.0529037,0.2520167118000907
37.6275,3.5,4.36886,0.0661873,-0.238896,0.0418929,0.25141016798789184
37.7754,3.5,4.44293,0.0518782,-0.246073,0.0321131,0.2535242003356879
37.9233,3.5,4.51697,0.0393856,-0.253681,0.0236974,0.2578116405733457
38.0711,3.5,4.59096,0.0284366,-0.260972,0.0165986,0.2630409445799646
38.2187,3.5,4.66488,0.0189847,-0.267293,0.0107465,0.26818175542967126
38.3661,3.5,4.73865,0.010239,-0.269742,0.00570106,0.26999645510658765
38.5128,3.5,4.81211,0.00268046,-0.26069,0.00153945,0.26070832528347476
38.6577,3.5,4.88463,-0.00308945,-0.18909,-0.00147442,0.18912098433447014
38.7893,3.5,4.95056,0.000250736,-0.0413634,0.000118835,0.04136433064681358
37.0354,3.83333,4.07242,0.161266,-0.197668,0.104269,0.2755927889858514
37.1835,3.83333,4.14655,0.138991,-0.200807,0.0894115,0.2600699245630875
37.3315,3.83333,4.22066,0.117958,-0.204902,0.075274,0.2481231437089253
37.4795,3.83333,4.29477,0.0983736,-0.209896,0.0620409,0.23996409995199283
37.6275,3.83333,4.36886,0.0805035,-0.215757,0.0499131,0.23563364384752022
37.7754,3.83333,4.44293,0.0644317,-0.222301,0.0390642,0.23472364663052164
37.9233,3.83333,4.51697,0.0503224,-0.229368,0.0296489,0.23668772810809183
38.0711,3.83333,4.59096,0.0379118,-0.23637,0.0216584,0.24036881613428976
38.2187,3.83333,4.66488,0.0271426,-0.242618,0.0150158,0.24459290445227555
38.3661,3.83333,4.73865,0.0172684,-0.245876,0.00933721,0.2466584450310674
38.5128,3.83333,4.81211,0.00823988,-0.240178,0.0043842,0.24035929047169033
38.6577,3.83333,4.88463,-7.7142e-05,-0.185092,6.05696e-05,0.18509202598589874
38.7893,3.83333,4.95056,-8.06994e-05,-0.0431205,-3.73189e-05,0.04312059166272487
37.0354,4.16667,4.07242,0.181091,-0.173251,0.115522,0.2759623013492966
37.1835,4.16667,4.14655,0.156916,-0.175651,0.0995939,0.2557241673643889
37.3315,4.16667,4.22066,0.134022,-0.178972,0.0843829,0.2389839891716807
37.4795,4.16667,4.29477,0.112618,-0.183191,0.070087,0.22617237668203427
37.6275,4.16667,4.36886,0.0930011,-0.188291,0.0569174,0.21758284791079005
37.7754,4.16667,4.44293,0.0752693,-0.194146,0.0450698,0.2130479375880696
37.9233,4.16667,4.51697,0.0596261,-0.200598,0.0347177,0.21213238342718915
38.0711,4.16667,4.59096,0.0458274,-0.207154,0.0258869,0.21373596304405584
38.2187,4.16667,4.66488,0.0338239,-0.213148,0.0185096,0.21660732076125683
38.3661,4.16667,4.73865,0.022869,-0.216716,0.0122167,0.21826145691782137
38.5128,4.16667,4.81211,0.012778,-0.213026,0.00670324,0.2135141386102981
38.6577,4.16667,4.88463,0.00283141,-0.170939,0.001526,0.17096925828811477
38.7893,4.16667,4.95056,-0.000559591,-0.042882,-0.000269276,0.04288649642546541
37.0354,4.5,4.07242,0.198697,-0.144287,0.125539,0.2757884636800459
37.1835,4.5,4.14655,0.172822,-0.146012,0.108658,0.25098507683127297
37.3315,4.5,4.22066,0.148254,-0.148594,0.0924893,0.22937675550606693
37.4795,4.5,4.29477,0.125213,-0.152042,0.0772409,0.21156848008578688
37.6275,4.5,4.36886,0.104012,-0.156363,0.0631328,0.1981252996182971
37.7754,4.5,4.44293,0.0847688,-0.161478,0.0503783,0.18920588534273983
37.9233,4.5,4.51697,0.067715,-0.167244,0.0391687,0.18463494745223616
38.0711,4.5,4.59096,0.0526319,-0.173244,0.0295602,0.18345954828694527
38.2187,4.5,4.66488,0.0394812,-0.178831,0.0214983,0.18439487145072664
38.3661,4.5,4.73865,0.0275272,-0.182419,0.0146338,0.18506373605674342
38.5128,4.5,4.81211,0.0165035,-0.179946,0.00860961,0.18090620169746005
38.6577,4.5,4.88463,0.00554109,-0.147615,0.00290789,0.1477475811228062
38.7893,4.5,4.95056,-0.000787111,-0.0384605,-0.000376059,0.03847039152839236
37.0354,4.83333,4.07242,0.213692,-0.111711,0.134054,0.275887827388234
37.1835,4.83333,4.14655,0.186336,-0.112863,0.116349,0.24697419190271683
37.3315,4.83333,4.22066,0.160305,-0.114775,0.099348,0.22077368220419752
37.4795,4.83333,4.29477,0.135823,-0.117487,0.0832665,0.1979504799697389
37.6275,4.83333,4.36886,0.113221,-0.121034,0.0683326,0.17926954069155196
37.7754,4.83333,4.44293,0.0926333,-0.125383,0.0547763,0.16523397955499347
37.9233,4.83333,4.51697,0.0743171,-0.130423,0.0428055,0.15609452620659062
38.0711,4.83333,4.59096,0.0580866,-0.135803,0.0325063,0.15123877627199317
38.2187,4.83333,4.66488,0.0439104,-0.140913,0.0238384,0.1495087492815053
38.3661,4.83333,4.73865,0.0310873,-0.144376,0.0164771,0.14860129347249976
38.5128,4.83333,4.81211,0.0192691,-0.142738,0.0100222,0.14438102143858797
38.6577,4.83333,4.88463,0.00756293,-0.117931,0.00393496,0.11823875245192034
38.7893,4.83333,4.95056,-0.00090065,-0.0310116,-0.000427193,0.031027616712241194
37.0354,5.16667,4.07242,0.22587,-0.0756529,0.140955,0.27678318266002
37.1835,5.16667,4.14655,0.197371,-0.0762838,0.122625,0.2445637348595249
37.3315,5.16667,4.22066,0.170203,-0.0775584,0.104986,0.21449108796302002
37.4795,5.16667,4.29477,0.144594,-0.0795468,0.0882585,0.18714882059069995
37.6275,5.16667,4.36886,0.120875,-0.0823231,0.0726725,0.16330692169917355
37.7754,5.16667,4.44293,0.0991941,-0.0859055,0.0584669,0.14365793678272704
37.9233,5.16667,4.51697,0.07982,-0.0902341,0.0458611,0.12890564648617997
38.0711,5.16667,4.59096,0.0625888,-0.0950135,0.0349621,0.11902634794069757
38.2187,5.16667,4.66488,0.0474835,-0.0997061,0.0257474,0.11339716820194409
38.3661,5.16667,4.73865,0.0338287,-0.103049,0.0179131,0.10992887016748604
38.5128,5.16667,4.81211,0.0212692,-0.102138,0.0110552,0.10491314197792383
38.6577,5.16667,4.88463,0.00888227,-0.0833219,0.00461035,0.08392073085409468
38.7893,5.16667,4.95056,-0.000956314,-0.0209433,-0.00045114,0.020969975647486958
37.0354,5.5,4.07242,0.234664,-0.0374807,0.145916,0.2788610313838956
37.1835,5.5,4.14655,0.205342,-0.0376824,0.127142,0.2444389257007975
37.3315,5.5,4.22066,0.177336,-0.038362,0.109034,0.21167926940539075
37.4795,5.5,4.29477,0.150865,-0.0396152,0.0918106,0.18099391859507324
37.6275,5.5,4.36886,0.126261,-0.0415507,0.075703,0.15296811759477857
37.7754,5.5,4.44293,0.103674,-0.0442423,0.0609583,0.128146766343049
37.9233,5.5,4.51697,0.0834005,-0.0476904,0.0478133,0.10731322988942231
38.0711,5.5,4.59096,0.0652962,-0.0516969,0.0364029,0.09089188265439328
38.2187,5.5,4.66488,0.0494158,-0.0558249,0.0267451,0.0792063199729668
38.3661,5.5,4.73865,0.0351033,-0.0590483,0.0185612,0.07115800411211658
38.5128,5.5,4.81211,0.0220905,-0.0589288,0.011473,0.06397048841997378
38.6577,5.5,4.88463,0.00922237,-0.0459241,0.00478021,0.04708423809377189
38.7893,5.5,4.95056,-0.00121256,-0.00967682,-0.000579744,0.009769710854039437
37.0354,5.83333,4.07242,0.239013,0.00274297,0.14833,0.28131215216094185
37.1835,5.83333,4.14655,0.209484,0.0030171,0.129481,0.24628840514610104
37.3315,5.83333,4.22066,0.18131,0.00302312,0.11131,0.21277305152329418
37.4795,5.83333,4.29477,0.154705,0.00263125,0.0940351,0.18106120659482114
37.6275,5.83333,4.36886,0.129983,0.00167494,0.0778782,0.15153679338115744
37.7754,5.83333,4.44293,0.107253,-2.5247e-05,0.0630638,0.12441965084684578
37.9233,5.83333,4.51697,0.0867331,-0.00259947,0.0497851,0.10003971242412135
38.0711,5.83333,4.59096,0.0681648,-0.00604686,0.0381107,0.07832898524422233
38.2187,5.83333,4.66488,0.0514345,-0.0101007,0.0279697,0.05941242335429518
38.3661,5.83333,4.73865,0.0357387,-0.0139836,0.0190043,0.042824749446319005
38.5128,5.83333,4.81211,0.0208491,-0.0152738,0.010895,0.028047726507686856
38.6577,5.83333,4.88463,0.00657763,-0.00802574,0.00344185,0.010932705538291974
38.7893,5.83333,4.95056,-0.00118496,0.000151148,-0.000575082,0.0013257809872780648
37.0354,6.16667,4.07242,0.236478,0.0424016,0.146875,0.2815883623155616
37.1835,6.16667,4.14655,0.207153,0.0427622,0.12814,0.2473071587274416
37.3315,6.16667,4.22066,0.179232,0.0430418,0.110115,0.2147138085830532
37.4795,6.16667,4.29477,0.152942,0.0431306,0.0930229,0.1841324630388949
37.6275,6.16667,4.36886,0.128599,0.0429059,0.0770872,0.15595209347633007
37.7754,6.16667,4.44293,0.106302,0.0422635,0.0625252,0.1303676312252777
37.9233,6.16667,4.51697,0.0862413,0.0411775,0.0495115,0.10763148686230252
38.0711,6.16667,4.59096,0.0681092,0.0397321,0.0380839,0.08756646809287216
38.2187,6.16667,4.66488,0.0517319,0.0380818,0.028136,0.070128791981967
38.3661,6.16667,4.73865,0.0362497,0.0361237,0.0192802,0.05468718829689455
38.5128,6.16667,4.81211,0.0213941,0.0323109,0.0111825,0.04033298996937866
38.6577,6.16667,4.88463,0.00697417,0.0210561,0.00365452,0.022480078087704677
38.7893,6.16667,4.95056,-0.00119456,0.00359613,-0.000578391,0.0038332311069619843
37.0354,6.5,4.07242,0.229844,0.0815661,0.143197,0.28281915390264856
37.1835,6.5,4.14655,0.200934,0.0822167,0.124648,0.2503421299319992
37.3315,6.5,4.22066,0.173416,0.0829363,0.106812,0.2199098502970933
37.4795,6.5,4.29477,0.147525,0.0836011,0.0899134,0.1919301671071278
37.6275,6.5,4.36886,0.123597,0.0840789,0.0741887,0.16688152396805345
37.7754,6.5,4.44293,0.101764,0.0842411,0.0598736,0.14504248550741952
37.9233,6.5,4.51697,0.0822685,0.0840377,0.0471754,0.1267121125966259
38.0711,6.5,4.59096,0.0648925,0.0834545,0.0361794,0.11173468177276025
38.2187,6.5,4.66488,0.0495889,0.0825324,0.026845,0.0999565409464033
38.3661,6.5,4.73865,0.0356412,0.0808733,0.0188536,0.09036727296588073
38.5128,6.5,4.81211,0.0227188,0.0767643,0.0118043,0.08092121555204172
38.6577,6.5,4.88463,0.00973384,0.060659,0.00504655,0.06164194666822342
38.7893,6.5,4.95056,-0.00118042,0.014545,-0.000562427,0.014603655039295095
37.0354,6.83333,4.07242,0.219684,0.118786,0.13749,0.28508713361356736
37.1835,6.83333,4.14655,0.191712,0.119779,0.119452,0.2556741678171653
37.3315,6.83333,4.22066,0.165125,0.120982,0.102134,0.22876683305278322
37.4795,6.83333,4.29477,0.140163,0.12226,0.0857622,0.20481291247829078
37.6275,6.83333,4.36886,0.117161,0.123472,0.0705708,0.18426142438839443
37.7754,6.83333,4.44293,0.096253,0.124472,0.056793,0.1672822872930664
37.9233,6.83333,4.51697,0.077664,0.125189,0.0446296,0.15393434903607447
38.0711,6.83333,4.59096,0.0611819,0.125545,0.0341546,0.14377520166485594
38.2187,6.83333,4.66488,0.0467097,0.125475,0.0253025,0.1362570666253314
38.3661,6.83333,4.73865,0.0335474,0.124343,0.0177433,0.13000551677005864
38.5128,6.83333,4.81211,0.0212822,0.119898,0.0110497,0.12227247568823492
38.6577,6.83333,4.88463,0.00906757,0.0986238,0.00470123,0.09915127994966982
38.7893,6.83333,4.95056,-0.000921032,0.0264917,-0.000432483,0.026511233663869982
37.0354,7.16667,4.07242,0.206369,0.153266,0.12995,0.28803755556697813
37.1835,7.16667,4.14655,0.17963,0.154691,0.112592,0.262437041678571
37.3315,7.16667,4.22066,0.154262,0.156418,0.0959603,0.23973263137105472
37.4795,7.16667,4.29477,0.130505,0.158297,0.0802785,0.22030463634760392
37.6275,7.16667,4.36886,0.108693,0.160173,0.0657803,0.20444218264851802
37.7754,7.16667,4.44293,0.0889522,0.16189,0.0526925,0.1920868697779471
37.9233,7.16667,4.51697,0.0714991,0.163361,0.0412073,0.18302179978106436
38.0711,7.16667,4.59096,0.0560988,0.164496,0.0313787,0.17660869794868542
38.2187,7.16667,4.66488,0.0426455,0.165155,0.0231247,0.1721324038214188
38.3661,7.16667,4.73865,0.030398,0.164586,0.016088,0.16814105252436123
38.5128,7.16667,4.81211,0.0189638,0.159911,0.0098487,0.16133242241759715
38.6577,7.16667,4.88463,0.00748176,0.133113,0.00388946,0.13337981631712198
38.7893,7.16667,4.95056,-0.00092103,0.0365637,-0.000437436,0.036577914158751536
37.0354,7.5,4.07242,0.190441,0.184301,0.120933,0.29130640839329297
37.1835,7.5,4.14655,0.165255,0.186229,0.104444,0.269998156664078
37.3315,7.5,4.22066,0.141416,0.188529,0.0886844,0.2518066553932997
37.4795,7.5,4.29477,0.119161,0.19103,0.0738713,0.23695732481755022
37.6275,7.5,4.36886,0.0988102,0.193572,0.0602317,0.2255247935215328
37.7754,7.5,4.44293,0.0804721,0.195985,0.0479778,0.21722741170545212
37.9233,7.5,4.51697,0.0643418,0.198192,0.0372862,0.21168419119452453
38.0711,7.5,4.59096,0.0501486,0.200065,0.0281811,0.2081707489158119
38.2187,7.5,4.66488,0.0377849,0.201446,0.0205673,0.2059883574702706
38.3661,7.5,4.73865,0.0264696,0.201346,0.0140616,0.20356468268027242
38.5128,7.5,4.81211,0.0159005,0.196238,0.00829008,0.19705558599201495
38.6577,7.5,4.88463,0.00523872,0.162097,0.00275361,0.1622050059778381
38.7893,7.5,4.95056,-0.00082244,0.0435366,-0.000393665,0.04354614700803993
37.0354,7.83333,4.07242,0.171991,0.211341,0.110436,0.2940102591033177
37.1835,7.83333,4.14655,0.148573,0.213856,0.0949419,0.27716834133899565
37.3315,7.83333,4.22066,0.126476,0.216779,0.0801824,0.263473965861449
37.4795,7.83333,4.29477,0.105931,0.219917,0.0663645,0.25296068965404483
37.6275,7.83333,4.36886,0.0872372,0.223111,0.0537075,0.2455062991882082
37.7754,7.83333,4.44293,0.0704856,0.22618,0.0424047,0.24067357725651978
37.9233,7.83333,4.51697,0.0558367,0.229072,0.0326133,0.23802383407503544
38.0711,7.83333,4.59096,0.0429954,0.23162,0.0243246,0.2368292950340392
38.2187,7.83333,4.66488,0.0318357,0.233647,0.0174284,0.23644910981022957
38.3661,7.83333,4.73865,0.021574,0.23388,0.0115234,0.235155439281255
38.5128,7.83333,4.81211,0.011984,0.227892,0.00628857,0.2282935085205992
38.6577,7.83333,4.88463,0.00240575,0.184069,0.00130932,0.18408937696924532
38.7893,7.83333,4.95056,-0.000566967,0.0471441,-0.000273076,0.04714829993638016
37.0354,8.16667,4.07242,0.151418,0.233821,0.0987714,0.2955595713607665
37.1835,8.16667,4.14655,0.129965,0.236975,0.0843891,0.2831423176581169
37.3315,8.16667,4.22066,0.109802,0.24054,0.0707463,0.2737170249869197
37.4795,8.16667,4.29477,0.0911512,0.244301,0.058037,0.2671325761329756
37.6275,8.16667,4.36886,0.0742846,0.24811,0.0464688,0.263127579836474
37.7754,8.16667,4.44293,0.0592683,0.25177,0.0362105,0.26117439498377326
37.9233,8.16667,4.51697,0.0462255,0.255271,0.0273967,0.26086521320816236
38.0711,8.16667,4.59096,0.0348266,0.25838,0.0199801,0.2614810143463001
38.2187,8.16667,4.66488,0.0249545,0.260906,0.013844,0.2624620434315218
38.3661,8.16667,4.73865,0.0158012,0.261161,0.00856756,0.26177881680302856
38.5128,8.16667,4.81211,0.00732209,0.25348,0.00391419,0.2536159385474899
38.6577,8.16667,4.88463,-0.00051834,0.196608,-0.00016316,0.19660875097904776
38.7893,8.16667,4.95056,-9.59897e-05,0.0466643,-4.52733e-05,0.04666442068840241
37.0354,8.5,4.07242,0.128599,0.251544,0.085785,0.2952476129657952
37.1835,8.5,4.14655,0.109247,0.255395,0.0725977,0.287109629025726
37.3315,8.5,4.22066,0.091152,0.259625,0.0601587,0.28166096093475573
37.4795,8.5,4.29477,0.0745329,0.263995,0.0486464,0.2785946615431997
37.6275,8.5,4.36886,0.0596126,0.268385,0.0382533,0.27757428783057336
37.7754,8.5,4.44293,0.0464459,0.27257,0.029118,0.27802784833683475
37.9233,8.5,4.51697,0.035092,0.276613,0.0213492,0.2796461846219969
38.0711,8.5,4.59096,0.0252141,0.280142,0.0148576,0.2816665391568015
38.2187,8.5,4.66488,0.0166892,0.283012,0.0095282,0.28366372368683307
38.3661,8.5,4.73865,0.00869716,0.282799,0.0049,0.2829751314039197
38.5128,8.5,4.81211,0.00173344,0.271888,0.00105706,0.27189558057106633
38.6577,8.5,4.88463,-0.00350822,0.19891,-0.0016873,0.19894809043782855
38.7893,8.5,4.95056,0.00023742,0.0440377,0.000112573,0.04403848387747617
37.0354,8.83333,4.07242,0.103746,0.263887,0.0717172,0.2924772436632293
37.1835,8.83333,4.14655,0.0866239,0.26842,0.0598056,0.288322226410955
37.3315,8.83333,4.22066,0.0707221,0.273261,0.0486541,0.28642697323440053
37.4795,8.83333,4.29477,0.0562623,0.278152,0.0384216,0.28637423217155905
37.6275,8.83333,4.36886,0.0433874,0.283009,0.0292767,0.28780841843603183
37.7754,8.83333,4.44293,0.0321684,0.287567,0.0213256,0.29014542330169535
37.9233,8.83333,4.51697,0.0225425,0.291979,0.0146363,0.2932134410714147
38.0711,8.83333,4.59096,0.0142331,0.295649,0.00908765,0.2961308793745301
38.2187,8.83333,4.66488,0.00706358,0.298545,0.00456685,0.29866346831565943
38.3661,8.83333,4.73865,0.000488769,0.296749,0.000693728,0.2967502134029112
38.5128,8.83333,4.81211,-0.00438707,0.279453,-0.00202966,0.2794948033719062
38.6577,8.83333,4.88463,-0.00636993,0.189617,-0.00315345,0.18975016981311876
38.7893,8.83333,4.95056,0.000815615,0.0363662,0.000398697,0.0363775300091421
37.0354,9.16667,4.07242,0.0763702,0.270992,0.056152,0.28709252622811343
37.1835,9.16667,4.14655,0.0615893,0.276187,0.0455922,0.28662021831045
37.3315,9.16667,4.22066,0.0479855,0.281583,0.0358084,0.2878781610504868
37.4795,9.16667,4.29477,0.0357888,0.286904,0.0269334,0.29037932339786177
37.6275,9.16667,4.36886,0.0250107,0.292118,0.0190961,0.29380796802282266
37.7754,9.16667,4.44293,0.0157783,0.296935,0.0123669,0.29761096954161487
37.9233,9.16667,4.51697,0.00783448,0.301594,0.00676007,0.3017714672716347
38.0711,9.16667,4.59096,0.00114008,0.305142,0.00217968,0.3051519145463597
38.2187,9.16667,4.66488,-0.00467272,0.307342,-0.00151653,0.30738126022813966
38.3661,9.16667,4.73865,-0.00931294,0.302025,-0.00438727,0.3022003964499327
38.5128,9.16667,4.81211,-0.01158,0.27581,-0.00569814,0.2761117913082663
38.6577,9.16667,4.88463,-0.00976516,0.169279,-0.00488951,0.16963090962105257
38.7893,9.16667,4.95056,0.0015446,0.0277597,0.000758625,0.027812986987028648
37.0354,9.5,4.07242,0.0464514,0.271903,0.0392558,0.27862159249526947
37.1835,9.5,4.14655,0.0341789,0.277603,0.0301643,0.2813210049191137
37.3315,9.5,4.22066,0.0230171,0.283381,0.0218502,0.28515260702551887
37.4795,9.5,4.29477,0.0132095,0.288986,0.0144215,0.2896469898833751
37.6275,9.5,4.36886,0.004597,0.294391,0.00796967,0.2945347329771294
37.7754,9.5,4.44293,-0.0026103,0.299314,0.0024947,0.29933577766478237
37.9233,9.5,4.51697,-0.00882696,0.303773,-0.00200855,0.3039078561421934
38.0711,9.5,4.59096,-0.0137029,0.306469,-0.00554765,0.30682534746974943
38.2187,9.5,4.66488,-0.0178918,0.306391,-0.00827345,0.3070244475007528
38.3661,9.5,4.73865,-0.0199103,0.295235,-0.00982931,0.2960688105933587
38.5128,9.5,4.81211,-0.018847,0.256977,-0.0093432,0.2578365438106864
38.6577,9.5,4.88463,-0.0122291,0.132361,-0.00611624,0.13306537340550922
38.7893,9.5,4.95056,0.00248615,0.0132185,0.00122881,0.013506282171219436
37.0354,9.83333,4.07242,0.0129907,0.267036,0.0201716,0.26811168760248033
37.1835,9.83333,4.14655,0.00346562,0.273129,0.0127561,0.27344867754332697
37.3315,9.83333,4.22066,-0.00507005,0.27919,0.00608115,0.2793022411158296
37.4795,9.83333,4.29477,-0.0122444,0.284909,0.000254884,0.2851721034361767
37.6275,9.83333,4.36886,-0.0185237,0.290253,-0.00471791,0.2908817459818648
37.7754,9.83333,4.44293,-0.0235572,0.294947,-0.00880815,0.2960173271740398
37.9233,9.83333,4.51697,-0.0280348,0.298661,-0.0121579,0.3002201816408251
38.0711,9.83333,4.59096,-0.0310231,0.299691,-0.0146178,0.3016468270866611
38.2187,9.83333,4.66488,-0.0333121,0.295375,-0.0162555,0.2976916658417901
38.3661,9.83333,4.73865,-0.0319801,0.275714,-0.0161149,0.27802990233789604
38.5128,9.83333,4.81211,-0.0270255,0.222897,-0.0134911,0.2249343460622677
38.6577,9.83333,4.88463,-0.0143142,0.0851033,-0.0071322,0.0865929342924121
38.7893,9.83333,4.95056,0.00338992,0.00204664,0.00167627,0.004300020233545419
37.0354,10.1667,4.07242,-0.0237686,0.25437,-0.000626307,0.255478835730904
37.1835,10.1667,4.14655,-0.0299605,0.260437,-0.00600879,0.2622235078830921
37.3315,10.1667,4.22066,-0.0352885,0.266369,-0.0106762,0.26890835546648606
37.4795,10.1667,4.29477,-0.0395886,0.272028,-0.0146498,0.27528368399525605
37.6275,10.1667,4.36886,-0.0433211,0.277175,-0.017993,0.2811164285117645
37.7754,10.1667,4.44293,-0.0460726,0.281432,-0.0206697,0.2859263744267919
37.9233,10.1667,4.51697,-0.048483,0.283608,-0.0227727,0.2886220622514676
38.0711,10.1667,4.59096,-0.0490624,0.281533,-0.0239289,0.2867761172726383
38.2187,10.1667,4.66488,-0.0484338,0.270019,-0.0240114,0.275377269710846
38.3661,10.1667,4.73865,-0.0423105,0.239017,-0.0214293,0.2436770805753795
38.5128,10.1667,4.81211,-0.0324531,0.167746,-0.0162415,0.1716266603353337
38.6577,10.1667,4.88463,-0.0124547,0.0177234,-0.00612942,0.02251240211941853
38.7893,10.1667,4.95056,0.00343105,-0.0137994,0.00170609,0.014321532304561548
37.0354,10.5,4.07242,-0.0638692,0.233633,-0.0235252,0.24334561519098716
37.1835,10.5,4.14655,-0.0661653,0.23963,-0.0264724,0.25000234356071543
37.3315,10.5,4.22066,-0.0678456,0.245553,-0.0288713,0.25638419064374857
37.4795,10.5,4.29477,-0.0688975,0.251248,-0.0307901,0.26233652675191843
37.6275,10.5,4.36886,-0.0696301,0.256111,-0.032295,0.26736522244302824
37.7754,10.5,4.44293,-0.0697232,0.259474,-0.0333414,0.2707392292376559
37.9233,10.5,4.51697,-0.0692867,0.258934,-0.0338666,0.2701747762994355
38.0711,10.5,4.59096,-0.0669999,0.251841,-0.0333858,0.26273082712664303
38.2187,10.5,4.66488,-0.0621702,0.230157,-0.0313315,0.24045590304521533
38.3661,10.5,4.73865,-0.05151,0.18672,-0.0260995,0.19544519027146715
38.5128,10.5,4.81211,-0.0342825,0.0996567,-0.0172892,0.1067973037945247
38.6577,10.5,4.88463,6.84565e-05,-0.0426611,-2.62591e-05,0.042661163006213566
38.7893,10.5,4.95056,-0.000837913,-0.0188369,-0.000402323,0.018859818758458366
37.0354,10.8333,4.07242,-0.105501,0.20104,-0.0469649,0.2318474594059853
37.1835,10.8333,4.14655,-0.103175,0.206914,-0.0470744,0.23595440906319168
37.3315,10.8333,4.22066,-0.100383,0.212844,-0.0467929,0.23993517982032148
37.4795,10.8333,4.29477,-0.0972127,0.218481,-0.0461788,0.2435502781187696
37.6275,10.8333,4.36886,-0.093638,0.22294,-0.0452544,0.24600463280873391
37.7754,10.8333,4.44293,-0.0896293,0.224779,-0.0439381,0.24594626830082217
37.9233,10.8333,4.51697,-0.0843799,0.220921,-0.0419924,0.2401862140564483
38.0711,10.8333,4.59096,-0.0777439,0.206846,-0.0390035,0.22438951560948656
38.2187,10.8333,4.66488,-0.0665831,0.174058,-0.0338655,0.18941058222776255
38.3661,10.8333,4.73865,-0.0517056,0.112059,-0.0261457,0.12615183780211053
38.5128,10.8333,4.81211,-0.0244402,-0.00471305,-0.012266,0.02774871118344958
38.6577,10.8333,4.88463,0.00473427,-0.0736672,0.00221238,0.0738523140702937
38.7893,10.8333,4.95056,-0.00313258,-0.0196609,-0.00156478,0.019970292504487758
37.0354,11.1667,4.07242,-0.146852,0.158393,-0.0713035,0.22745997772190607
37.1835,11.1667,4.14655,-0.138416,0.163966,-0.0677848,0.22503025868322687
37.3315,11.1667,4.22066,-0.129311,0.169613,-0.0638162,0.22262617068179566
37.4795,11.1667,4.29477,-0.119485,0.174696,-0.0594149,0.21983058927958593
37.6275,11.1667,4.36886,-0.108922,0.178213,-0.0545448,0.21586803992263423
37.7754,11.1667,4.44293,-0.0974058,0.177843,-0.0491432,0.20864102336041204
37.9233,11.1667,4.51697,-0.0847595,0.170646,-0.0430383,0.19533695355241926
38.0711,11.1667,4.59096,-0.0705247,0.149647,-0.0360448,0.16931386690442696
38.2187,11.1667,4.66488,-0.0536998,0.109048,-0.027474,0.12461924209382756
38.3661,11.1667,4.73865,-0.0322378,0.0325582,-0.016529,0.048708520579873904
38.5128,11.1667,4.81211,-0.000507865,-0.0735969,-0.000483134,0.07360023800865172
38.6577,11.1667,4.88463,-0.000816168,-0.0862861,-0.000347989,0.08629066160227504
38.7893,11.1667,4.95056,0.000397115,-0.0206589,0.000205055,0.020663733861193866
37.0354,11.5,4.07242,-0.180033,0.0992192,-0.0919799,0.22520353625476222
37.1835,11.5,4.14655,-0.164036,0.103283,-0.0840187,0.21126838224090702
37.3315,11.5,4.22066,-0.146868,0.107369,-0.0753656,0.1969220283471608
37.4795,11.5,4.29477,-0.128237,0.110959,-0.0660206,0.18197622777264066
37.6275,11.5,4.36886,-0.108463,0.113074,-0.0559324,0.16636822176954347
37.7754,11.5,4.44293,-0.0869193,0.111889,-0.0451287,0.14869671347134744
37.9233,11.5,4.51697,-0.065178,0.104311,-0.0338446,0.12757120895468538
38.0711,11.5,4.59096,-0.0417155,0.0841439,-0.0220193,0.09646361189562622
38.2187,11.5,4.66488,-0.0193758,0.0403139,-0.0104226,0.04592671063346471
38.3661,11.5,4.73865,0.00628228,-0.0417924,0.00305291,0.04237206626099912
38.5128,11.5,4.81211,0.00881898,-0.0811374,0.00449311,0.08173885321236468
38.6577,11.5,4.88463,0.000589088,-0.080199,0.000384976,0.0802020874553295
38.7893,11.5,4.95056,-0.000110303,-0.0209571,-3.63595e-05,0.02095742181603093
37.0354,11.8333,4.07242,-0.199723,0.0334352,-0.11002,0.23045951863188469
37.1835,11.8333,4.14655,-0.175969,0.0351936,-0.0973953,0.20418012367527352
37.3315,11.8333,4.22066,-0.150033,0.0370085,-0.0835644,0.17567737221568974
37.4795,11.8333,4.29477,-0.121643,0.0387212,-0.0684087,0.14483128465262607
37.6275,11.8333,4.36886,-0.0907566,0.0397992,-0.0519026,0.1118687474273311
37.7754,11.8333,4.44293,-0.0573153,0.0397317,-0.0339851,0.07757988541490636
37.9233,11.8333,4.51697,-0.0224152,0.0361362,-0.0154013,0.04522683034626681
38.0711,11.8333,4.59096,0.012822,0.0227028,0.00423644,0.02641530305927986
38.2187,11.8333,4.66488,0.0392434,-0.00543627,0.0187586,0.04383471853488853
38.3661,11.8333,4.73865,0.0486099,-0.0249949,0.0241207,0.0597450882710035
38.5128,11.8333,4.81211,0.0382628,-0.0485428,0.0192751,0.06474546142927703
38.6577,11.8333,4.88463,0.0187204,-0.063779,0.00955131,0.06715237702327521
38.7893,11.8333,4.95056,-0.00276377,-0.0216108,-0.00133721,0.021827808681519085
37.3315,0.166667,4.23817,-0.150375,-0.0378532,-0.083776,0.1762496058186798
37.4795,0.166667,4.31061,-0.12178,-0.0397958,-0.0685753,0.14531567660693048
37.6275,0.166667,4.38304,-0.0905343,-0.0410043,-0.0519774,0.11215820168734875
37.7754,0.166667,4.45544,-0.0566838,-0.0408832,-0.03392,0.0776856204498619
37.9233,0.166667,4.52782,-0.0214459,-0.0369226,-0.0153468,0.04537322214489511
38.0711,0.166667,4.60015,0.0140366,-0.0223877,0.00430601,0.026772690805559683
38.2187,0.166667,4.67241,0.0401689,0.0057297,0.0186845,0.044670801756292663
38.3661,0.166667,4.74452,0.0490042,0.0255617,0.0237296,0.06014903191814478
38.5128,0.166667,4.81633,0.0384782,0.0491516,0.0189748,0.0652418170565474
38.6577,0.166667,4.88722,0.0186669,0.0644248,0.00933393,0.06772097355985737
38.7893,0.166667,4.95167,-0.0027848,0.0218098,-0.00131047,0.022025889736873288
37.3315,0.5,4.23817,-0.146967,-0.107836,-0.0745146,0.19692721396028534
37.4795,0.5,4.31061,-0.128435,-0.112151,-0.0653109,0.1825894566638775
37.6275,0.5,4.38304,-0.108604,-0.114792,-0.055304,0.16742330929712268
37.7754,0.5,4.45544,-0.0869308,-0.11383,-0.0445438,0.14999460992675703
37.9233,0.5,4.52782,-0.0649535,-0.105905,-0.0332972,0.12862165336789136
38.0711,0.5,4.60015,-0.0412658,-0.0846694,-0.0214839,0.096609168846492
38.2187,0.5,4.67241,-0.0185835,-0.03879,-0.00995544,0.04414885454735604
38.3661,0.5,4.74452,0.00656962,0.0427974,0.00311647,0.043410709956936896
38.5128,0.5,4.81633,0.00833691,0.0821418,0.00417746,0.08266940514869876
38.6577,0.5,4.88722,0.000413419,0.0806091,0.000299353,0.0806107159768363
38.7893,0.5,4.95167,-0.000140212,0.0210488,-4.749e-05,0.021049320562551276
37.3315,0.833333,4.23817,-0.128316,-0.168211,-0.0620491,0.22047681780135073
37.4795,0.833333,4.31061,-0.118975,-0.174608,-0.0580368,0.21911475177002576
37.6275,0.833333,4.38304,-0.108751,-0.179237,-0.0534503,0.2163553020845341
37.7754,0.833333,4.45544,-0.0973885,-0.179609,-0.0482475,0.20993268937804804
37.9233,0.833333,4.52782,-0.0848201,-0.172543,-0.0422793,0.19685800827373012
38.0711,0.833333,4.60015,-0.0704223,-0.150886,-0.0353538,0.1702227261787626
38.2187,0.833333,4.67241,-0.0534276,-0.108562,-0.0268036,0.12393001758540988
38.3661,0.833333,4.74452,-0.0312894,-0.0290567,-0.0157538,0.045513740581169554
38.5128,0.833333,4.81633,-0.000349469,0.0745629,-0.000428056,0.07456494764251563
38.6577,0.833333,4.88722,-0.00133801,0.0857138,-0.000579923,0.08572620423118027
38.7893,0.833333,4.95167,0.000564051,0.02039,0.000282725,0.020399759482803367
37.3315,1.16667,4.23817,-0.0976119,-0.208077,-0.0439362,0.23399681754470508
37.4795,1.16667,4.31061,-0.0953566,-0.215589,-0.0439952,0.23980632958201917
37.6275,1.16667,4.38304,-0.092532,-0.221815,-0.0436129,0.24426655582664197
37.7754,1.16667,4.45544,-0.0891035,-0.225066,-0.0427098,0.24580127152700001
37.9233,1.16667,4.52782,-0.0842485,-0.222078,-0.0410696,0.24104597047121532
38.0711,1.16667,4.60015,-0.0778337,-0.207994,-0.0382806,0.2253552600407854
38.2187,1.16667,4.67241,-0.0667057,-0.174352,-0.0332784,0.18961994152264156
38.3661,1.16667,4.74452,-0.0516405,-0.11027,-0.0255877,0.12442244384169601
38.5128,1.16667,4.81633,-0.0235721,0.00915545,-0.0115587,0.02780413114633327
38.6577,1.16667,4.88722,0.00449374,0.0731061,0.00202466,0.0732720601901789
38.7893,1.16667,4.95167,-0.00303413,0.0190336,-0.00148276,0.01933086782931641
37.3315,1.5,4.23817,-0.0631603,-0.236478,-0.0249093,0.2460315857904834
37.4795,1.5,4.31061,-0.0653829,-0.244463,-0.0277102,0.2545681385512531
37.6275,1.5,4.38304,-0.0671569,-0.251643,-0.0299684,0.2621685596427802
37.7754,1.5,4.45544,-0.0681429,-0.257108,-0.0316299,0.2678589723313744
37.9233,1.5,4.52782,-0.0683877,-0.258185,-0.0326159,0.2690727943681784
38.0711,1.5,4.60015,-0.0666017,-0.251924,-0.0324759,0.2625950728778055
38.2187,1.5,4.67241,-0.0620049,-0.230134,-0.030629,0.24030064756677208
38.3661,1.5,4.74452,-0.051478,-0.18559,-0.0255402,0.19428312947870693
38.5128,1.5,4.81633,-0.0339439,-0.0969632,-0.01675,0.10408944711857201
38.6577,1.5,4.88722,0.000944525,0.0428982,0.000380253,0.04291028178723176
38.7893,1.5,4.95167,-0.00124146,0.0184976,-0.000587147,0.018548508573230597
37.3315,1.83333,4.23817,-0.0290366,-0.252618,-0.00581987,0.25434788961258736
37.4795,1.83333,4.31061,-0.0345836,-0.260789,-0.0107727,0.26329257295877145
37.6275,1.83333,4.38304,-0.039486,-0.268641,-0.0150033,0.271941593155387
37.7754,1.83333,4.45544,-0.0433039,-0.275581,-0.0184412,0.27957144556204233
37.9233,1.83333,4.52782,-0.0466175,-0.280111,-0.0211423,0.2847496452614823
38.0711,1.83333,4.60015,-0.0478848,-0.279701,-0.0227564,0.28468132571877625
38.2187,1.83333,4.67241,-0.0477183,-0.268902,-0.0231399,0.27408169718333986
38.3661,1.83333,4.74452,-0.0418361,-0.23756,-0.0207678,0.24210806343459526
38.5128,1.83333,4.81633,-0.0320568,-0.164818,-0.0157013,0.168639089098376
38.6577,1.83333,4.88722,-0.0118044,-0.0141962,-0.00566227,0.019311583450170523
38.7893,1.83333,4.95167,0.00323617,0.0139005,0.00157146,0.01435848818819377
37.3315,2.16667,4.23817,0.00209875,-0.260846,0.0114911,0.26110742204459164
37.4795,2.16667,4.31061,-0.00624453,-0.269114,0.00470653,0.2692275813796978
37.6275,2.16667,4.38304,-0.0136514,-0.277358,-0.00121065,0.2776963927734433
37.7754,2.16667,4.45544,-0.0198077,-0.285129,-0.00614796,0.28588229926396563
37.9233,2.16667,4.52782,-0.025344,-0.291797,-0.0102076,0.29307337416210294
38.0711,2.16667,4.60015,-0.0291856,-0.295196,-0.0132328,0.29693026901816527
38.2187,2.16667,4.67241,-0.032152,-0.29237,-0.0152766,0.2945290181146164
38.3661,2.16667,4.74452,-0.0312792,-0.27308,-0.0154307,0.27529834953215754
38.5128,2.16667,4.81633,-0.0266782,-0.219493,-0.0130128,0.22149093969749645
38.6577,2.16667,4.88722,-0.0139783,-0.0812509,-0.00679768,0.0827243015992423
38.7893,2.16667,4.95167,0.00338861,-0.00168048,0.00163457,0.0041204987377015416
37.3315,2.5,4.23817,0.0302372,-0.261101,0.0272759,0.2642574411168965
37.4795,2.5,4.31061,0.0196318,-0.2689,0.0190412,0.2702872266102858
37.6275,2.5,4.38304,0.0100695,-0.27711,0.0117377,0.27754120510572844
37.7754,2.5,4.45544,0.00186755,-0.285257,0.00549383,0.28531601069703644
37.9233,2.5,4.52782,-0.00545393,-0.293142,0.000209681,0.2931928059870615
38.0711,2.5,4.60015,-0.0112564,-0.298802,-0.00396485,0.299040234384075
38.2187,2.5,4.67241,-0.0162451,-0.300892,-0.00716992,0.30141550506040066
38.3661,2.5,4.74452,-0.0188434,-0.290789,-0.00906581,0.2915398860456595
38.5128,2.5,4.81633,-0.0182241,-0.252294,-0.00881569,0.2531049123327837
38.6577,2.5,4.88722,-0.0118247,-0.126901,-0.00577849,0.12758165337449623
38.7893,2.5,4.95167,0.00246171,-0.0122775,0.0011867,0.012577968010139794
37.3315,2.83333,4.23817,0.0547925,-0.25584,0.0409663,0.2648293061425416
37.4795,2.83333,4.31061,0.0420414,-0.263129,0.0314254,0.2683130740760129
37.6275,2.83333,4.38304,0.0305443,-0.270997,0.0228754,0.27367062720842
37.7754,2.83333,4.45544,0.020466,-0.279015,0.0154218,0.28018932759161264
37.9233,2.83333,4.52782,0.0115857,-0.28716,0.00909227,0.28753741220620826
38.0711,2.83333,4.60015,0.00397358,-0.29408,0.00388782,0.29413253965239683
38.2187,2.83333,4.67241,-0.00271012,-0.299071,-0.000345556,0.2990834786482923
38.3661,2.83333,4.74452,-0.00802887,-0.295446,-0.003601,0.29557701005064124
38.5128,2.83333,4.81633,-0.0108323,-0.269558,-0.00518197,0.2698253266473904
38.6577,2.83333,4.88722,-0.00937635,-0.162607,-0.00458511,0.1629416325621988
38.7893,2.83333,4.95167,0.0015574,-0.0263676,0.000745804,0.026424080837872413
37.3315,3.16667,4.23817,0.0768809,-0.244323,0.0534129,0.2616435342220786
37.4795,3.16667,4.31061,0.0620775,-0.250945,0.0426305,0.2620007033606971
37.6275,3.16667,4.38304,0.0486825,-0.258276,0.0328782,0.26487252408940043
37.7754,3.16667,4.45544,0.0367805,-0.265978,0.0242822,0.26960476053120797
37.9233,3.16667,4.52782,0.0263563,-0.273967,0.0169425,0.27575282400174983
38.0711,3.16667,4.60015,0.0172052,-0.281233,0.0107924,0.2819654147121593
38.2187,3.16667,4.67241,0.00922332,-0.287247,0.00574978,0.2874525501902371
38.3661,3.16667,4.74452,0.00194807,-0.287704,0.00148875,0.2877144469248762
38.5128,3.16667,4.81633,-0.00353347,-0.271253,-0.00153187,0.2712803384783678
38.6577,3.16667,4.88722,-0.00592762,-0.181171,-0.00285609,0.18129044423232157
38.7893,3.16667,4.95167,0.000829451,-0.0341789,0.000395262,0.034191247801448325
37.3315,3.5,4.23817,0.0965163,-0.227848,0.0644636,0.25570620445083064
37.4795,3.5,4.31061,0.0797367,-0.233751,0.0525004,0.25249507584911435
37.6275,3.5,4.38304,0.0644749,-0.240441,0.0415938,0.25238647231864464
37.7754,3.5,4.45544,0.0507869,-0.247675,0.0318943,0.25483222168536696
37.9233,3.5,4.52782,0.0387602,-0.255316,0.0235344,0.259311551889614
38.0711,3.5,4.60015,0.0281276,-0.262626,0.0164774,0.26464142243518873
38.2187,3.5,4.67241,0.0188492,-0.268937,0.0106539,0.26980716798270943
38.3661,3.5,4.74452,0.0101798,-0.271306,0.00564166,0.27155552340469086
38.5128,3.5,4.81633,0.0026268,-0.261755,0.00151543,0.2617725666133197
38.6577,3.5,4.88722,-0.00311555,-0.188879,-0.0014382,0.18891016836592595
38.7893,3.5,4.95167,0.000287633,-0.0411311,0.000133771,0.041132323234083557
37.3315,3.83333,4.23817,0.114285,-0.206059,0.0745474,0.24714102765983637
37.4795,3.83333,4.31061,0.0956326,-0.211175,0.0614717,0.23983170080006105
37.6275,3.83333,4.38304,0.0785833,-0.217125,0.0494734,0.23614872002924345
37.7754,3.83333,4.45544,0.0631964,-0.223732,0.0387274,0.2356896355543026
37.9233,3.83333,4.52782,0.0496095,-0.230835,0.029387,0.23792750047913755
38.0711,3.83333,4.60015,0.03756,-0.237854,0.0214536,0.24175511549698386
38.2187,3.83333,4.67241,0.0269974,-0.244091,0.0148531,0.24602823103735474
38.3661,3.83333,4.74452,0.0172134,-0.247281,0.00921776,0.24805072303861078
38.5128,3.83333,4.81633,0.00819199,-0.241213,0.00430753,0.24139050288663183
38.6577,3.83333,4.88722,-0.000118846,-0.184958,5.7225e-05,0.1849580470351921
38.7893,3.83333,4.95167,-5.27171e-05,-0.0428795,-2.16583e-05,0.042879537875595064
37.3315,4.16667,4.23817,0.130027,-0.17993,0.0834796,0.237172235401111
37.4795,4.16667,4.31061,0.109618,-0.184277,0.0693681,0.22535760903641575
37.6275,4.16667,4.38304,0.0908828,-0.189473,0.0563523,0.21756673178620392
37.7754,4.16667,4.45544,0.073894,-0.195396,0.0446289,0.2136156800593299
37.9233,4.16667,4.52782,0.0588253,-0.201885,0.03437,0.2130710352091293
38.0711,4.16667,4.60015,0.0454296,-0.208457,0.0256111,0.21488159029653983
38.2187,4.16667,4.67241,0.033663,-0.214436,0.0182883,0.21783125942318288
38.3661,4.16667,4.74452,0.0228163,-0.21794,0.0120488,0.21946207127230435
38.5128,4.16667,4.81633,0.0127375,-0.213955,0.00658802,0.21443504363506075
38.6577,4.16667,4.88722,0.00277814,-0.170889,0.00148486,0.17091803062310076
38.7893,4.16667,4.95167,-0.00054112,-0.0426368,-0.000251706,0.04264097654844265
37.3315,4.5,4.23817,0.143959,-0.149366,0.0914233,0.22669939439683115
37.4795,4.5,4.31061,0.121968,-0.152943,0.0763845,0.21000558590963717
37.6275,4.5,4.38304,0.101704,-0.157363,0.0624527,0.19750229649877493
37.7754,4.5,4.45544,0.0832562,-0.162548,0.0498424,0.1893085100575249
37.9233,4.5,4.52782,0.0668244,-0.168354,0.0387432,0.18522852182533878
38.0711,4.5,4.60015,0.0521829,-0.174366,0.0292208,0.18433776650770725
38.2187,4.5,4.67241,0.0392979,-0.179934,0.0212252,0.18539438614869116
38.3661,4.5,4.74452,0.0274697,-0.183454,0.0144238,0.18605913183859052
38.5128,4.5,4.81633,0.0164688,-0.180735,0.00846171,0.18168093497823073
38.6577,4.5,4.88722,0.00548284,-0.147604,0.00283705,0.14773304032330786
38.7893,4.5,4.95167,-0.000782659,-0.0382295,-0.000361974,0.038239223979272347
37.3315,4.83333,4.23817,0.155744,-0.115363,0.0981393,0.21724672036532564
37.4795,4.83333,4.31061,0.132361,-0.1182,0.0822902,0.19560764641761835
37.6275,4.83333,4.38304,0.110743,-0.121846,0.0675532,0.17797161176783222
37.7754,4.83333,4.45544,0.0909964,-0.126267,0.0541591,0.16479353207808248
37.9233,4.83333,4.52782,0.0733432,-0.131347,0.0423144,0.15627465515111524
38.0711,4.83333,4.60015,0.0575877,-0.136737,0.0321139,0.15180465385982078
38.2187,4.83333,4.67241,0.0437023,-0.141825,0.023523,0.15025828822161527
38.3661,4.83333,4.74452,0.0310199,-0.145218,0.0162332,0.14937877527363116
38.5128,4.83333,4.81633,0.0192346,-0.143367,0.00984889,0.14498643784986268
38.6577,4.83333,4.88722,0.00750122,-0.117926,0.00384257,0.11822679527794577
38.7893,4.83333,4.95167,-0.000909109,-0.0308132,-0.000417494,0.030829435198425497
37.3315,5.16667,4.23817,0.165415,-0.0779798,0.103655,0.21020782682393155
37.4795,5.16667,4.31061,0.140942,-0.0800842,0.0871787,0.1840604579678373
37.6275,5.16667,4.38304,0.118246,-0.0829564,0.0718064,0.16130728408202774
37.7754,5.16667,4.45544,0.0974423,-0.0866103,0.0577779,0.14259954987232604
37.9233,5.16667,4.52782,0.0787647,-0.09098,0.0453111,0.1285859018294774
38.0711,5.16667,4.60015,0.0620365,-0.095768,0.0345217,0.11921319107858828
38.2187,5.16667,4.67241,0.047243,-0.100433,0.0253935,0.1138574476275048
38.3661,5.16667,4.74452,0.0337427,-0.103703,0.017639,0.11047178976231896
38.5128,5.16667,4.81633,0.0212251,-0.102604,0.0108599,0.10533766237210697
38.6577,5.16667,4.88722,0.00881311,-0.0833057,0.004502,0.08389146896056893
38.7893,5.16667,4.95167,-0.000972976,-0.0207956,-0.000444436,0.020823092590071056
37.3315,5.5,4.23817,0.172367,-0.0386085,0.107603,0.20683182678265452
37.4795,5.5,4.31061,0.147065,-0.0399624,0.0906466,0.17731867845864405
37.6275,5.5,4.38304,0.123516,-0.0419871,0.0747672,0.15036373571526482
37.7754,5.5,4.45544,0.101837,-0.0447501,0.0602128,0.12648686612787116
37.9233,5.5,4.52782,0.0822868,-0.0482429,0.0472187,0.10643354961824772
38.0711,5.5,4.60015,0.0647073,-0.0522625,0.0359281,0.09060481195361535
38.2187,5.5,4.67241,0.0491524,-0.0563667,0.0263651,0.07929868720640966
38.3661,5.5,4.74452,0.0350009,-0.059523,0.0182685,0.07142680604688971
38.5128,5.5,4.81633,0.0220314,-0.0592436,0.0112642,0.06420334047820253
38.6577,5.5,4.88722,0.00914237,-0.0459123,0.00466328,0.04704538660554614
38.7893,5.5,4.95167,-0.00122977,-0.0096004,-0.000570484,0.009695641619158374
37.3315,5.83333,4.23817,0.176241,0.00292282,0.109826,0.20768048351675322
37.4795,5.83333,4.31061,0.150816,0.00244386,0.0928271,0.17711100700439147
37.6275,5.83333,4.38304,0.127158,0.00139983,0.0769051,0.14861194734623087
37.7754,5.83333,4.45544,0.105341,-0.000377766,0.0622855,0.12237790853908542
37.9233,5.83333,4.52782,0.0855479,-0.00300565,0.0491599,0.09871257718417902
38.0711,5.83333,4.60015,0.067505,-0.00647128,0.0376063,0.07754377015291686
38.2187,5.83333,4.67241,0.0510999,-0.0105007,0.0275612,0.059000713774834956
38.3661,5.83333,4.74452,0.0355677,-0.0143083,0.0186874,0.04264982591922269
38.5128,5.83333,4.81633,0.0207293,-0.0154556,0.010676,0.02797421001297445
38.6577,5.83333,4.88722,0.00648448,-0.00805922,0.00334539,0.010871574960919877
38.7893,5.83333,4.95167,-0.00118367,0.000145013,-0.000558229,0.0013167091765116548
37.3315,6.16667,4.23817,0.174253,0.0431083,0.108681,0.2098427823368962
37.4795,6.16667,4.31061,0.149135,0.0431592,0.0918607,0.1803949915439173
37.6275,6.16667,4.38304,0.125844,0.0428899,0.0761543,0.15321792736654546
37.7754,6.16667,4.45544,0.104448,0.0422074,0.0617799,0.1284819262105375
37.9233,6.16667,4.52782,0.0850991,0.0410963,0.048911,0.10640981446981289
38.0711,6.16667,4.60015,0.0674782,0.0396456,0.0375956,0.08682459452228959
38.2187,6.16667,4.67241,0.051415,0.0380004,0.0277358,0.06969079728916867
38.3661,6.16667,4.74452,0.0360891,0.0360325,0.0189658,0.05441016232929286
38.5128,6.16667,4.81633,0.0212807,0.0321461,0.0109628,0.040080206106505985
38.6577,6.16667,4.88722,0.0068797,0.0207855,0.00355532,0.02218124393812033
38.7893,6.16667,4.95167,-0.00119606,0.00350563,-0.00056259,0.003746532894370474
37.3315,6.5,4.23817,0.168558,0.0831401,0.105442,0.21550427131732217
37.4795,6.5,4.31061,0.14383,0.0837908,0.0888074,0.188665633752944
37.6275,6.5,4.38304,0.120947,0.0842423,0.0733054,0.1646165957230619
37.7754,6.5,4.45544,0.100008,0.0843784,0.0591728,0.1436061792208121
37.9233,6.5,4.52782,0.081218,0.0841595,0.0466157,0.1259055536929964
38.0711,6.5,4.60015,0.0643482,0.0835762,0.0357293,0.11136541172271577
38.2187,6.5,4.67241,0.0493556,0.0826596,0.0264803,0.09984884081255024
38.3661,6.5,4.74452,0.03556,0.0809895,0.0185689,0.09038040029486483
38.5128,6.5,4.81633,0.0226769,0.0767832,0.0115992,0.08089773196134735
38.6577,6.5,4.88722,0.00966228,0.0603905,0.00492973,0.06135694241828955
38.7893,6.5,4.95167,-0.00120242,0.0143593,-0.000555732,0.014420268666090242
37.3315,6.83333,4.23817,0.160447,0.121335,0.100864,0.22503103903684044
37.4795,6.83333,4.31061,0.13662,0.122618,0.0847398,0.20219058343068305
37.6275,6.83333,4.38304,0.114635,0.123817,0.0697577,0.1825868818488612
37.7754,6.83333,4.45544,0.0945946,0.124801,0.0561508,0.1663620758790897
37.9233,6.83333,4.52782,0.076688,0.125509,0.0441188,0.15355789441914083
38.0711,6.83333,4.60015,0.0606921,0.12587,0.0337448,0.14375499792859378
38.2187,6.83333,4.67241,0.0465161,0.125809,0.024971,0.13643754205206865
38.3661,6.83333,4.74452,0.0334954,0.124664,0.0174843,0.13026417567255397
38.5128,6.83333,4.81633,0.0212626,0.120099,0.0108639,0.12244954995005086
38.6577,6.83333,4.88722,0.00901141,0.0983929,0.00459689,0.098911575046959
38.7893,6.83333,4.95167,-0.000939898,0.0262491,-0.000427078,0.02626939387725739
37.3315,7.16667,4.23817,0.149815,0.156925,0.0948178,0.23677078588128225
37.4795,7.16667,4.31061,0.127155,0.15882,0.0793655,0.21838284963625232
37.6275,7.16667,4.38304,0.106323,0.160693,0.0650601,0.20337068911229564
37.7754,7.16667,4.45544,0.0874143,0.162402,0.0521285,0.19165868089063953
37.9233,7.16667,4.52782,0.0706101,0.163874,0.0407615,0.1830354446009297
38.0711,7.16667,4.60015,0.0556675,0.165022,0.0310225,0.17689976412222827
38.2187,7.16667,4.67241,0.0424876,0.1657,0.0228365,0.17257807475461648
38.3661,7.16667,4.74452,0.0303661,0.165123,0.0158629,0.16863966542489342
38.5128,7.16667,4.81633,0.0189527,0.160306,0.00968726,0.16171289830931113
38.6577,7.16667,4.88722,0.00743083,0.132929,0.00380269,0.13319082823800218
38.7893,7.16667,4.95167,-0.000929155,0.0362858,-0.000427237,0.0363002085683842
37.3315,7.5,4.23817,0.137238,0.189197,0.0876886,0.24963786576350952
37.4795,7.5,4.31061,0.116032,0.191722,0.0730828,0.2357156039888747
37.6275,7.5,4.38304,0.0966147,0.194267,0.0596159,0.22500694006607885
37.7754,7.5,4.45544,0.0790628,0.19668,0.0475005,0.2172331610138977
37.9233,7.5,4.52782,0.0635395,0.198898,0.0369113,0.21203803086224884
38.0711,7.5,4.60015,0.0497696,0.200795,0.0278828,0.2087416959905232
38.2187,7.5,4.67241,0.0376528,0.202205,0.0203256,0.2066826683304626
38.3661,7.5,4.74452,0.0264469,0.202105,0.0138737,0.2042996551546282
38.5128,7.5,4.81633,0.0158874,0.196824,0.00815638,0.19763254537009942
38.6577,7.5,4.88722,0.0051899,0.161936,0.00269018,0.1620414768707148
38.7893,7.5,4.95167,-0.000816294,0.0432412,-0.000378249,0.043250558211894066
37.3315,7.83333,4.23817,0.122604,0.217614,0.0793551,0.26207790007555004
37.4795,7.83333,4.31061,0.103052,0.220777,0.0657197,0.2523514957377705
37.6275,7.83333,4.38304,0.0852357,0.223979,0.0532129,0.24548590534264894
37.7754,7.83333,4.45544,0.0692168,0.227055,0.0420281,0.24106285407928366
37.9233,7.83333,4.52782,0.0551262,0.229967,0.0323212,0.23868049561051274
38.0711,7.83333,4.60015,0.042668,0.232553,0.024094,0.2376593715152003
38.2187,7.83333,4.67241,0.0317252,0.23462,0.0172416,0.23738219285700435
38.3661,7.83333,4.74452,0.0215547,0.234858,0.0113799,0.23611943456670398
38.5128,7.83333,4.81633,0.0119633,0.228649,0.00618932,0.2290453960025226
38.6577,7.83333,4.88722,0.00236141,0.183898,0.00127695,0.1839175936730649
38.7893,7.83333,4.95167,-0.000547086,0.0468528,-0.000254653,0.04685668595922897
37.3315,8.16667,4.23817,0.106258,0.241547,0.0701012,0.27303826474404647
37.4795,8.16667,4.31061,0.0885378,0.245333,0.0575475,0.2670934998724042
37.6275,8.16667,4.38304,0.0724858,0.24915,0.046105,0.2635442746990342
37.7754,8.16667,4.45544,0.0581421,0.252826,0.0359428,0.2619033694709749
37.9233,8.16667,4.52782,0.0456035,0.256356,0.0271944,0.26179689329632994
38.0711,8.16667,4.60015,0.0345444,0.259515,0.0198238,0.26255348758453007
38.2187,8.16667,4.67241,0.024858,0.262092,0.013718,0.26362534049669806
38.3661,8.16667,4.74452,0.0157778,0.262352,0.00847446,0.26296259686337825
38.5128,8.16667,4.81633,0.00729296,0.254373,0.00385514,0.254506723877742
38.6577,8.16667,4.88722,-0.000552231,0.196382,-0.000158086,0.19638284007076778
38.7893,8.16667,4.95167,-6.63745e-05,0.0463879,-2.86149e-05,0.04638795631192166
37.3315,8.5,4.23817,0.0879604,0.260804,0.0597139,0.2816407432126431
37.4795,8.5,4.31061,0.0722015,0.265194,0.048329,0.27906380359919486
37.6275,8.5,4.38304,0.0580263,0.269593,0.0380355,0.2783776866074938
37.7754,8.5,4.45544,0.0454655,0.273801,0.028973,0.27905829860487935
37.9233,8.5,4.52782,0.0345568,0.277883,0.0212493,0.2808285364163158
38.0711,8.5,4.60015,0.0249725,0.281476,0.0147873,0.2829682465817322
38.2187,8.5,4.67241,0.0166002,0.284402,0.00947414,0.2850435468007995
38.3661,8.5,4.74452,0.00866789,0.284182,0.00486844,0.2843558389572574
38.5128,8.5,4.81633,0.00169758,0.272846,0.00105124,0.2728533060078143
38.6577,8.5,4.88722,-0.00352835,0.198629,-0.00164358,0.1986671342973943
38.7893,8.5,4.95167,0.000276029,0.0437863,0.000128599,0.04378735887675394
37.3315,8.83333,4.23817,0.0678931,0.274613,0.0484209,0.2869953943069819
37.4795,8.83333,4.31061,0.0542169,0.279516,0.0382865,0.287288222146088
37.6275,8.83333,4.38304,0.0420113,0.284384,0.0292147,0.2889510468570412
37.7754,8.83333,4.45544,0.0313259,0.288974,0.0213119,0.29144721952425623
37.9233,8.83333,4.52782,0.0220836,0.293433,0.0146475,0.29462715444135495
38.0711,8.83333,4.60015,0.0140212,0.297179,0.00911201,0.2976490900652648
38.2187,8.83333,4.67241,0.00697547,0.300126,0.00459483,0.30024221142346025
38.3661,8.83333,4.74452,0.000453117,0.298279,0.000735368,0.2982802506404189
38.5128,8.83333,4.81633,-0.00442746,0.280417,-0.00197211,0.28045888381169837
38.6577,8.83333,4.88722,-0.00636879,0.18923,-0.00307167,0.1893620594064529
38.7893,8.83333,4.95167,0.000855803,0.0361557,0.000408425,0.03616813310423188
37.3315,9.16667,4.23817,0.0455336,0.283095,0.0358059,0.2889604648196185
37.4795,9.16667,4.31061,0.0340349,0.288423,0.0269981,0.29167635960190536
37.6275,9.16667,4.38304,0.0238433,0.29365,0.0192066,0.2952417974109527
37.7754,9.16667,4.45544,0.0150663,0.29851,0.0124998,0.29915123014243145
37.9233,9.16667,4.52782,0.00744461,0.303222,0.00690005,0.3033918492511864
38.0711,9.16667,4.60015,0.000948924,0.306852,0.00231635,0.30686220985660695
38.2187,9.16667,4.67241,-0.00476023,0.309072,-0.00138483,0.309111757666676
38.3661,9.16667,4.74452,-0.00935531,0.303634,-0.00425635,0.30380790690256665
38.5128,9.16667,4.81633,-0.0116254,0.276703,-0.00556606,0.27700303456475633
38.6577,9.16667,4.88722,-0.00973173,0.168799,-0.00475646,0.1691461879012486
38.7893,9.16667,4.95167,0.00158233,0.0276143,0.000758284,0.027669989652031966
37.3315,9.5,4.23817,0.0209438,0.285055,0.0220876,0.28667552713337774
37.4795,9.5,4.31061,0.0117394,0.290662,0.0146957,0.29126993554922553
37.6275,9.5,4.38304,0.00362158,0.296086,0.00826339,0.29622342725042616
37.7754,9.5,4.45544,-0.00320715,0.301054,0.00278839,0.3010839946691199
37.9233,9.5,4.52782,-0.00916001,0.305561,-0.00172541,0.30570313630034646
38.0711,9.5,4.60015,-0.0138859,0.308328,-0.00528713,0.3086858071671694
38.2187,9.5,4.67241,-0.0179876,0.30822,-0.00802507,0.30884870714034873
38.3661,9.5,4.74452,-0.0199606,0.296832,-0.00959978,0.2976572148502509
38.5128,9.5,4.81633,-0.0188883,0.257695,-0.00912911,0.258547522810183
38.6577,9.5,4.88722,-0.0121429,0.131786,-0.00592937,0.1324770064766218
38.7893,9.5,4.95167,0.00250537,0.0131485,0.00120823,0.013439484767646415
37.3315,9.83333,4.23817,-0.00673961,0.280993,0.00659284,0.2811511229414133
37.4795,9.83333,4.31061,-0.0134176,0.286712,0.00076683,0.28702681227022836
37.6275,9.83333,4.38304,-0.0193072,0.292084,-0.00421709,0.2927517973914218
37.7754,9.83333,4.45544,-0.0240615,0.296827,-0.00833657,0.2979173075043055
37.9233,9.83333,4.52782,-0.0283362,0.300585,-0.0117116,0.30214474019913035
38.0711,9.83333,4.60015,-0.0312109,0.301641,-0.0142105,0.30358417526290793
38.2187,9.83333,4.67241,-0.0334154,0.297211,-0.0158666,0.29950411762398194
38.3661,9.83333,4.74452,-0.0320349,0.277164,-0.015769,0.27945443112430696
38.5128,9.83333,4.81633,-0.0270481,0.223346,-0.0131776,0.22536344994557123
38.6577,9.83333,4.88722,-0.0141597,0.0846148,-0.00688205,0.08606697447530325
38.7893,9.83333,4.95167,0.00338072,0.00207305,0.00163073,0.004287899760232275
37.3315,10.1667,4.23817,-0.0365901,0.268313,-0.00989112,0.2709770020534296
37.4795,10.1667,4.31061,-0.0405254,0.273986,-0.0139029,0.27731557271377677
37.6275,10.1667,4.38304,-0.0439684,0.279166,-0.0172869,0.283135502306175
37.7754,10.1667,4.45544,-0.0465193,0.283453,-0.020016,0.28794146755458827
37.9233,10.1667,4.52782,-0.048771,0.285635,-0.0221581,0.29061477089372106
38.0711,10.1667,4.60015,-0.0492587,0.283493,-0.0233697,0.2886881422102058
38.2187,10.1667,4.67241,-0.0485384,0.271738,-0.0234848,0.2770361939342944
38.3661,10.1667,4.74452,-0.0423627,0.240145,-0.0209836,0.24475402110128855
38.5128,10.1667,4.81633,-0.0324274,0.167817,-0.0158566,0.17165521700000846
38.6577,10.1667,4.88722,-0.0122579,0.0175365,-0.00587135,0.022186881157172586
38.7893,10.1667,4.95167,0.00338315,-0.0136867,0.00164168,0.014193892138342464
37.3315,10.5,4.23817,-0.0688146,0.247651,-0.0278092,0.25853397954388896
37.4795,10.5,4.31061,-0.0696178,0.25336,-0.0298001,0.26443519742434063
37.6275,10.5,4.38304,-0.0701528,0.258238,-0.0313745,0.2694302121924897
37.7754,10.5,4.45544,-0.0701061,0.26158,-0.0324934,0.2727540699985428
37.9233,10.5,4.52782,-0.0695532,0.260971,-0.0330806,0.27209894628167897
38.0711,10.5,4.60015,-0.0671881,0.253664,-0.0326708,0.26443722667251296
38.2187,10.5,4.67241,-0.0622705,0.231576,-0.0306807,0.2417568288564772
38.3661,10.5,4.74452,-0.0515452,0.187341,-0.0255429,0.195974482176762
38.5128,10.5,4.81633,-0.0341495,0.0992894,-0.0168402,0.10633985912464808
38.6577,10.5,4.88722,0.000174167,-0.0422609,2.29391e-05,0.042261265115424516
38.7893,10.5,4.95167,-0.000916026,-0.0186465,-0.000429369,0.01867392362683421
37.3315,10.8333,4.23817,-0.101034,0.215127,-0.045479,0.2419831290110945
37.4795,10.8333,4.31061,-0.0977092,0.220758,-0.0449687,0.24556743739415046
37.6275,10.8333,4.38304,-0.0940153,0.225181,-0.044148,0.24798065509045256
37.7754,10.8333,4.45544,-0.0899137,0.226916,-0.0429328,0.24782770188082284
37.9233,10.8333,4.52782,-0.084594,0.222851,-0.041093,0.24188292144341236
38.0711,10.8333,4.60015,-0.0778859,0.20838,-0.0382015,0.22571617669334204
38.2187,10.8333,4.67241,-0.0666583,0.174951,-0.03319,0.19013878473338888
38.3661,10.8333,4.74452,-0.0516688,0.112044,-0.0255773,0.12600682959558185
38.5128,10.8333,4.81633,-0.024247,-0.00520877,-0.0118819,0.02749959711564699
38.6577,10.8333,4.88722,0.0047462,-0.0733274,0.00214116,0.0735120301130747
38.7893,10.8333,4.95167,-0.00315962,-0.0195134,-0.00154237,0.019827629291503814
37.3315,11.1667,4.23817,-0.129567,0.171958,-0.0623037,0.2241403852202677
37.4795,11.1667,4.31061,-0.119671,0.176997,-0.0580519,0.22140259561172718
37.6275,11.1667,4.38304,-0.109059,0.180409,-0.0533376,0.21745383955166211
37.7754,11.1667,4.45544,-0.0975089,0.179841,-0.048099,0.21015300297928172
37.9233,11.1667,4.52782,-0.0848387,0.172283,-0.0421627,0.19661314904649688
38.0711,11.1667,4.60015,-0.070565,0.150731,-0.0353328,0.1701401197302976
38.2187,11.1667,4.67241,-0.0536639,0.109285,-0.0269098,0.12468826217511414
38.3661,11.1667,4.74452,-0.0320116,0.0318736,-0.0161003,0.04795715349778384
38.5128,11.1667,4.81633,-0.000550803,-0.0737601,-0.000526252,0.07376403376390361
38.6577,11.1667,4.88722,-0.000860519,-0.0859096,-0.000351076,0.08591462692386632
38.7893,11.1667,4.95167,0.000412906,-0.0204891,0.000209162,0.020494327481453984
37.3315,11.5,4.23817,-0.146692,0.109591,-0.0738837,0.19745260512510338
37.4795,11.5,4.31061,-0.128048,0.113101,-0.0647275,0.18269585589511875
37.6275,11.5,4.38304,-0.108262,0.115065,-0.0548406,0.16723667742860715
37.7754,11.5,4.45544,-0.0867337,0.113617,-0.0442597,0.14963448281990352
37.9233,11.5,4.52782,-0.0649925,0.105592,-0.0331973,0.12835792241829094
38.0711,11.5,4.60015,-0.0415465,0.0847136,-0.0216049,0.09679502771950634
38.2187,11.5,4.67241,-0.01916,0.039951,-0.0102246,0.0454723041659426
38.3661,11.5,4.74452,0.00611798,-0.0418939,0.00287966,0.042436081089162796
38.5128,11.5,4.81633,0.00865862,-0.081454,0.00431862,0.0820266803851576
38.6577,11.5,4.88722,0.000470127,-0.0799208,0.00033109,0.07992286852099484
38.7893,11.5,4.95167,-8.01675e-05,-0.0207604,-1.74959e-05,0.020760562157479574
37.3315,11.8333,4.23817,-0.149255,0.0384052,-0.0825522,0.17483386438810988
37.4795,11.8333,4.31061,-0.120876,0.0400561,-0.0676023,0.14417201354111692
37.6275,11.8333,4.38304,-0.0900013,0.041025,-0.0513207,0.11143203702338031
37.7754,11.8333,4.45544,-0.0566046,0.0407604,-0.0336477,0.07744455219452173
37.9233,11.8333,4.52782,-0.021791,0.0368284,-0.0153568,0.04546438203473132
38.0711,11.8333,4.60015,0.0131985,0.0228907,0.00398271,0.026721649044999074
38.2187,11.8333,4.67241,0.0394185,-0.00526738,0.0182978,0.04377639682699343
38.3661,11.8333,4.74452,0.0486145,-0.0251229,0.0235261,0.059565150011311144
38.5128,11.8333,4.81633,0.0381636,-0.0488792,0.0188168,0.06480515812680346
38.6577,11.8333,4.88722,0.0184924,-0.0638574,0.00924999,0.0671215219398376
38.7893,11.8333,4.95167,-0.00277964,-0.0214817,-0.00130756,0.02170021996600956
37.6275,0.166667,4.39722,-0.0897003,-0.0421635,-0.0513412,0.11162357891494072
37.7754,0.166667,4.46796,-0.0559079,-0.0418352,-0.0335339,0.07746224687329951
37.9233,0.166667,4.53868,-0.0207598,-0.0375236,-0.015263,0.0455186667423377
38.0711,0.166667,4.60934,0.0144414,-0.0225251,0.00406371,0.027063774735503913
38.2187,0.166667,4.67994,0.0403551,0.00560318,0.0182273,0.044633666524411815
38.3661,0.166667,4.7504,0.0490014,0.025698,0.0231318,0.059971698135037
38.5128,0.166667,4.82056,0.0383693,0.0494658,0.0185096,0.06528149695196948
38.6577,0.166667,4.88981,0.0184374,0.0644664,0.00903305,0.06765685804131388
38.7893,0.166667,4.95278,-0.00279766,0.0216589,-0.00127977,0.021876303662604884
37.6275,0.5,4.39722,-0.10833,-0.116676,-0.0541936,0.16818330522664848
37.7754,0.5,4.46796,-0.0866777,-0.115422,-0.0436488,0.15079946784630904
37.9233,0.5,4.53868,-0.064706,-0.107026,-0.0326232,0.12925054851040285
38.0711,0.5,4.60934,-0.0410424,-0.0850791,-0.0210416,0.09677644747111769
38.2187,0.5,4.67994,-0.0183326,-0.0383282,-0.0097443,0.043589981882193984
38.3661,0.5,4.7504,0.0064222,0.0429401,0.00295195,0.04351793710244662
38.5128,0.5,4.82056,0.00818223,0.0824239,0.00401362,0.08292621614717084
38.6577,0.5,4.88981,0.000304144,0.0802919,0.000251893,0.08029287116093299
38.7893,0.5,4.95278,-0.000111377,0.0208363,-2.9612e-05,0.020836618713137526
37.6275,0.833333,4.39722,-0.108839,-0.181332,-0.052253,0.21784764895219777
37.7754,0.833333,4.46796,-0.097443,-0.181458,-0.0471989,0.21130518255407274
37.9233,0.833333,4.53868,-0.0848488,-0.173987,-0.0413873,0.19794873990942707
38.0711,0.833333,4.60934,-0.0704124,-0.151751,-0.0346192,0.17083547958020898
38.2187,0.833333,4.67994,-0.0533423,-0.108595,-0.026216,0.12379642018366283
38.3661,0.833333,4.7504,-0.0310302,-0.028259,-0.0153194,0.04467805288281932
38.5128,0.833333,4.82056,-0.000382821,0.0747381,-0.000466552,0.07474053662034241
38.6577,0.833333,4.88981,-0.00137536,0.0853144,-0.000573449,0.08532741239628212
38.7893,0.833333,4.95278,0.000580678,0.0202116,0.000285054,0.020221948899218394
37.6275,1.16667,4.39722,-0.0928993,-0.224004,-0.0425501,0.24620841367934607
37.7754,1.16667,4.46796,-0.0893695,-0.227088,-0.0417285,0.24758258215492465
37.9233,1.16667,4.53868,-0.084438,-0.223827,-0.0401761,0.24257456747196315
38.0711,1.16667,4.60934,-0.0779458,-0.209295,-0.0374711,0.2264597714779603
38.2187,1.16667,4.67994,-0.0667474,-0.17499,-0.0325845,0.19010119712145424
38.3661,1.16667,4.7504,-0.0515673,-0.110041,-0.025001,0.12406956964255982
38.5128,1.16667,4.82056,-0.0233612,0.00972932,-0.0111783,0.027665135531791632
38.6577,1.16667,4.88981,0.00450449,0.0727842,0.00195839,0.0729497463408352
38.7893,1.16667,4.95278,-0.00305298,0.0188847,-0.00145755,0.019185333798839677
37.6275,1.5,4.39722,-0.0677146,-0.253788,-0.0291225,0.26427587102005734
37.7754,1.5,4.46796,-0.0685439,-0.259162,-0.0308331,0.26984048718978404
37.9233,1.5,4.53868,-0.068659,-0.260088,-0.0318604,0.2708780373399807
38.0711,1.5,4.60934,-0.0667838,-0.253538,-0.0317726,0.26410431934597356
38.2187,1.5,4.67994,-0.0620915,-0.231285,-0.0299769,0.24134357279790983
38.3661,1.5,4.7504,-0.0514924,-0.185942,-0.0249727,0.1945495576120645
38.5128,1.5,4.82056,-0.0337884,-0.0964175,-0.0162942,0.10345767847023246
38.6577,1.5,4.88981,0.0010473,0.0425629,0.000415197,0.04257780739127849
38.7893,1.5,4.95278,-0.00131774,0.0183107,-0.000607942,0.018368118212624938
37.6275,1.83333,4.39722,-0.0402087,-0.270718,-0.0143986,0.27406622331409247
37.7754,1.83333,4.46796,-0.043804,-0.277621,-0.0178643,0.28162269665545425
37.9233,1.83333,4.53868,-0.0469379,-0.282071,-0.0205809,0.2866893596599288
38.0711,1.83333,4.60934,-0.048098,-0.281503,-0.0222296,0.28644635052512013
38.2187,1.83333,4.67994,-0.0478269,-0.270379,-0.0226298,0.27550739346277076
38.3661,1.83333,4.7504,-0.0418827,-0.238398,-0.0203252,0.24290096895304886
38.5128,1.83333,4.82056,-0.0320165,-0.16465,-0.0153167,0.16843182618240532
38.6577,1.83333,4.88981,-0.0116088,-0.0139526,-0.00541713,0.01894160979528667
38.7893,1.83333,4.95278,0.00318623,0.0137966,0.00150937,0.01423995895253213
37.6275,2.16667,4.39722,-0.0145446,-0.279333,-0.000832219,0.27971264337999446
37.7754,2.16667,4.46796,-0.0203999,-0.2871,-0.00577402,0.28788175563409785
37.9233,2.16667,4.53868,-0.0257041,-0.293724,-0.00983157,0.2950104213438483
38.0711,2.16667,4.60934,-0.0294124,-0.297055,-0.0128738,0.2987850348079703
38.2187,2.16667,4.67994,-0.032277,-0.294014,-0.0149169,0.29615629459900056
38.3661,2.16667,4.7504,-0.0313429,-0.274256,-0.0150979,0.2764537529150581
38.5128,2.16667,4.82056,-0.0266956,-0.219675,-0.0127022,0.22165537793881745
38.6577,2.16667,4.88981,-0.0138198,-0.0806728,-0.00655212,0.08210979118457433
38.7893,2.16667,4.95278,0.00337487,-0.00168081,0.00158741,0.004090811689762802
37.6275,2.5,4.39722,0.00896317,-0.27899,0.0118969,0.2793873560955451
37.7754,2.5,4.46796,0.00114975,-0.287154,0.00567202,0.2872123142414735
37.9233,2.5,4.53868,-0.00586874,-0.295003,0.000408254,0.29506165252285177
38.0711,2.5,4.60934,-0.0114984,-0.300639,-0.00376707,0.3008823895477183
38.2187,2.5,4.67994,-0.016378,-0.302592,-0.00696235,0.3031148819598314
38.3661,2.5,4.7504,-0.0189144,-0.292155,-0.00885956,0.2929006492921339
38.5128,2.5,4.82056,-0.0182691,-0.252738,-0.00861131,0.25354370691998274
38.6577,2.5,4.88981,-0.0117366,-0.12622,-0.00559707,0.12688799538232487
38.7893,2.5,4.95278,0.00247684,-0.0121768,0.00116452,0.01248059699918237
37.6275,2.83333,4.39722,0.0292379,-0.27273,0.022848,0.2752426907302172
37.7754,2.83333,4.46796,0.0196305,-0.280776,0.0154369,0.2818844028815004
37.9233,2.83333,4.53868,0.011095,-0.288921,0.00913606,0.28927825853030087
38.0711,2.83333,4.60934,0.0037053,-0.295837,0.00395239,0.2958866019335822
38.2187,2.83333,4.67994,-0.00284997,-0.300741,-0.000263498,0.300754618985639
38.3661,2.83333,4.7504,-0.00810311,-0.296882,-0.00350065,0.29701319308423757
38.5128,2.83333,4.82056,-0.0108897,-0.270201,-0.00506421,0.2704677655285637
38.6577,2.83333,4.88981,-0.00934258,-0.16201,-0.00445721,0.1623403542623968
38.7893,2.83333,4.95278,0.00159118,-0.0261836,0.000743205,0.026242429697427502
37.6275,3.16667,4.39722,0.0471679,-0.259862,0.0326767,0.2661218453214617
37.7754,3.16667,4.46796,0.0358107,-0.2676,0.0241476,0.27106322661004756
37.9233,3.16667,4.53868,0.0257883,-0.275599,0.0168543,0.27731554706936284
38.0711,3.16667,4.60934,0.0169061,-0.282868,0.0107395,0.2835761952305941
38.2187,3.16667,4.67994,0.00907211,-0.288836,0.00572155,0.28903507435993747
38.3661,3.16667,4.7504,0.00186982,-0.289129,0.00149325,0.2891389020235688
38.5128,3.16667,4.82056,-0.00359323,-0.272011,-0.00149283,0.27203882804526597
38.6577,3.16667,4.88981,-0.00592849,-0.180668,-0.00278077,0.1807866308648762
38.7893,3.16667,4.95278,0.000865953,-0.0339346,0.000402697,0.03394803553421049
37.6275,3.5,4.39722,0.0627538,-0.241866,0.0412371,0.25325421968221973
37.7754,3.5,4.46796,0.0496779,-0.249143,0.0316276,0.25600865860195043
37.9233,3.5,4.53868,0.0381109,-0.256802,0.0233332,0.26066097929120496
38.0711,3.5,4.60934,0.0277922,-0.264116,0.0163273,0.26607564443618287
38.2187,3.5,4.67994,0.0186895,-0.270394,0.0105412,0.27124404056806484
38.3661,3.5,4.7504,0.0101016,-0.272652,0.00556982,0.2728959111481746
38.5128,3.5,4.82056,0.00256315,-0.262568,0.00148691,0.26258472016336104
38.6577,3.5,4.88981,-0.00314012,-0.188497,-0.00140097,0.1885283588205109
38.7893,3.5,4.95278,0.000322722,-0.040851,0.000147104,0.0408525395792734
37.6275,3.83333,4.39722,0.076655,-0.218389,0.0489723,0.23657563381145152
37.7754,3.83333,4.46796,0.061943,-0.225046,0.0383387,0.23654279376613863
37.9233,3.83333,4.53868,0.0488713,-0.232172,0.0290832,0.23903571714271069
38.0711,3.83333,4.60934,0.0371794,-0.239193,0.0212164,0.24299328110530133
38.2187,3.83333,4.67994,0.0268246,-0.245402,0.0146672,0.2472990649497082
38.3661,3.83333,4.7504,0.0171358,-0.248499,0.00908307,0.24925467057462514
38.5128,3.83333,4.82056,0.00813018,-0.242031,0.00422376,0.24220434541182367
38.6577,3.83333,4.88981,-0.000161702,-0.184657,5.37817e-05,0.18465707863228004
38.7893,3.83333,4.95278,-2.58625e-05,-0.0425887,-7.18415e-06,0.04258870845859167
37.6275,4.16667,4.39722,0.088757,-0.190569,0.0557226,0.2174841533555031
37.7754,4.16667,4.46796,0.0725006,-0.196547,0.044133,0.21409059273671974
37.9233,4.16667,4.53868,0.0579981,-0.203064,0.0339775,0.2139000659323414
38.0711,4.16667,4.60934,0.0450011,-0.209637,0.0253003,0.21590015273338736
38.2187,4.16667,4.67994,0.0334721,-0.215587,0.0180415,0.21891466778098723
38.3661,4.16667,4.7504,0.0227383,-0.219006,0.0118635,0.22050260986015563
38.5128,4.16667,4.82056,0.0126799,-0.214702,0.0064636,0.21517320184672162
38.6577,4.16667,4.88981,0.00272116,-0.170688,0.00144258,0.17071578454496233
38.7893,4.16667,4.95278,-0.000522941,-0.0423424,-0.000234805,0.04234628010153319
37.6275,4.5,4.39722,0.0993901,-0.158295,0.0617055,0.19683309613289124
37.7754,4.5,4.46796,0.0817261,-0.16354,0.0492489,0.18934080693928604
37.9233,4.5,4.53868,0.0659069,-0.169374,0.0382704,0.18573070521529284
38.0711,4.5,4.60934,0.051702,-0.175387,0.028844,0.1851098941412911
38.2187,4.5,4.67994,0.0390829,-0.180923,0.0209247,0.18627519446104468
38.3661,4.5,4.7504,0.027385,-0.184361,0.014195,0.18692355274550077
38.5128,4.5,4.82056,0.0164149,-0.181377,0.0083031,0.18230745058998551
38.6577,4.5,4.88981,0.0054185,-0.147465,0.00276388,0.14759039738378782
38.7893,4.5,4.95278,-0.000777695,-0.0379551,-0.000347936,0.03796466100182011
37.6275,4.83333,4.39722,0.10826,-0.122607,0.0667048,0.17664154209030217
37.7754,4.83333,4.46796,0.0893423,-0.127091,0.0534824,0.16430013986619124
37.9233,4.83333,4.53868,0.0723422,-0.132204,0.041774,0.15638528892718775
38.0711,4.83333,4.60934,0.0570561,-0.137594,0.0316826,0.15228688231745371
38.2187,4.83333,4.67994,0.043461,-0.142649,0.0231788,0.1509133940094119
38.3661,4.83333,4.7504,0.0309241,-0.145961,0.0159694,0.15005310799237048
38.5128,4.83333,4.82056,0.0191795,-0.143884,0.00966399,0.14547800994985496
38.6577,4.83333,4.88981,0.00743178,-0.117822,0.00374703,0.11811560130562473
38.7893,4.83333,4.95278,-0.000916412,-0.0305803,-0.000407301,0.030596739256795735
37.6275,5.16667,4.39722,0.115613,-0.0835575,0.07087,0.15928207204594622
37.7754,5.16667,4.46796,0.0956743,-0.0872754,0.0570279,0.14150176148748114
37.9233,5.16667,4.53868,0.0776826,-0.0916785,0.0447106,0.12821299254510052
38.0711,5.16667,4.60934,0.0614512,-0.0964673,0.0340413,0.11933566129376416
38.2187,5.16667,4.67994,0.0469688,-0.101097,0.02501,0.11424610138836248
38.3661,5.16667,4.7504,0.0336275,-0.104287,0.0173445,0.11093880658047481
38.5128,5.16667,4.82056,0.0211598,-0.102992,0.0106526,0.10568144154391536
38.6577,5.16667,4.88981,0.00873553,-0.0832224,0.00439023,0.0837946983143552
38.7893,5.16667,4.95278,-0.000988067,-0.0206251,-0.000436897,0.020653375157467558
37.6275,5.5,4.39722,0.120768,-0.0424113,0.0737608,0.1477304430655036
37.7754,5.5,4.46796,0.0999836,-0.0452393,0.0594058,0.124789276811311
37.9233,5.5,4.53868,0.0811464,-0.0487703,0.0465729,0.10550978821635461
38.0711,5.5,4.60934,0.0640848,-0.0527965,0.035413,0.09026855804924547
38.2187,5.5,4.67994,0.0488545,-0.056871,0.0259554,0.07933949584166766
38.3661,5.5,4.7504,0.034869,-0.0599548,0.0179555,0.07164373792795851
38.5128,5.5,4.82056,0.0219513,-0.0595121,0.0110437,0.06438565778020754
38.6577,5.5,4.88981,0.00905428,-0.0458635,0.00454332,0.04696895118257167
38.7893,5.5,4.95278,-0.00124496,-0.00951343,-0.000560179,0.009610883220523543
37.6275,5.83333,4.39722,0.124332,0.00111684,0.0758611,0.14565232592991983
37.7754,5.83333,4.46796,0.103416,-0.000732697,0.0614448,0.12029492652615824
37.9233,5.83333,4.53868,0.0843368,-0.00340817,0.0484825,0.09733891443425337
38.0711,5.83333,4.60934,0.0668123,-0.00688641,0.0370606,0.07671241194447023
38.2187,5.83333,4.67994,0.0507318,-0.0108869,0.0271228,0.05854815456263332
38.3661,5.83333,4.7504,0.0353686,-0.0146163,0.018351,0.04244211696711181
38.5128,5.83333,4.82056,0.0205911,-0.0156215,0.0104475,0.02787785712191667
38.6577,5.83333,4.88981,0.00638642,-0.00808416,0.0032477,0.010802201563199975
38.7893,5.83333,4.95278,-0.00118108,0.00013914,-0.000541002,0.0013065194487660717
37.6275,6.16667,4.39722,0.123087,0.0428474,0.0751492,0.1504450448383063
37.7754,6.16667,4.46796,0.102578,0.0421273,0.0609711,0.12654813520751698
37.9233,6.16667,4.53868,0.0839294,0.040994,0.0482573,0.10513524253859884
38.0711,6.16667,4.60934,0.0668133,0.0395401,0.037065,0.08603052243186718
38.2187,6.16667,4.67994,0.0510638,0.0379008,0.0273048,0.06920646222803185
38.3661,6.16667,4.7504,0.0358996,0.0359223,0.0186313,0.0540954550506787
38.5128,6.16667,4.82056,0.0211483,0.0319635,0.0107332,0.03980097369889335
38.6577,6.16667,4.88981,0.00677978,0.020506,0.00345457,0.02187225426729719
38.7893,6.16667,4.95278,-0.00119611,0.00341408,-0.00054629,0.0036585590254361072
37.6275,6.5,4.39722,0.118295,0.0843622,0.0723512,0.16231261181830572
37.7754,6.5,4.46796,0.0982357,0.0844733,0.0584099,0.14211863912024347
37.9233,6.5,4.53868,0.0801396,0.0842399,0.0460041,0.1250403673098412
38.0711,6.5,4.60934,0.0637694,0.0836569,0.0352377,0.11093560652585806
38.2187,6.5,4.67994,0.049087,0.0827444,0.0260849,0.09968245235932952
38.3661,6.5,4.7504,0.0354484,0.0810599,0.018263,0.09033733236912633
38.5128,6.5,4.82056,0.0226131,0.0767535,0.0113816,0.08082074530972849
38.6577,6.5,4.88981,0.00958161,0.0600829,0.00480914,0.061031876508441885
38.7893,6.5,4.95278,-0.00122229,0.0141616,-0.000547829,0.014224803127542433
37.6275,6.83333,4.39722,0.112107,0.1241,0.0688749,0.18086608664702733
37.7754,6.83333,4.46796,0.0929204,0.125068,0.0554478,0.16538036124340763
37.9233,6.83333,4.53868,0.0756848,0.125767,0.0435571,0.153110248515408
38.0711,6.83333,4.60934,0.0601685,0.126132,0.0332943,0.14365945923864534
38.2187,6.83333,4.67994,0.0462878,0.126075,0.0246092,0.1365396600936153
38.3661,6.83333,4.7504,0.0334133,0.124911,0.0172042,0.13044229005782595
38.5128,6.83333,4.82056,0.0212209,0.120218,0.0106654,0.12254160468171617
38.6577,6.83333,4.88981,0.00894576,0.0980909,0.00448841,0.09860018817992032
38.7893,6.83333,4.95278,-0.00095724,0.0259805,-0.000420809,0.026001533971711763
37.6275,7.16667,4.39722,0.103951,0.161133,0.0642719,0.20223879751326154
37.7754,7.16667,4.46796,0.0858603,0.162834,0.0515054,0.1911536264402274
37.9233,7.16667,4.53868,0.069694,0.164305,0.0402664,0.18296111507629156
38.0711,7.16667,4.60934,0.0552028,0.165462,0.030627,0.17709611994857483
38.2187,7.16667,4.67994,0.0422958,0.166152,0.0225189,0.1729234589604603
38.3661,7.16667,4.7504,0.0303048,0.165558,0.0156173,0.1690317494624309
38.5128,7.16667,4.82056,0.0189201,0.160587,0.00951346,0.16197734617588228
38.6577,7.16667,4.88981,0.00737136,0.132641,0.00371224,0.1328975265197483
38.7893,7.16667,4.95278,-0.000936186,0.0359695,-0.000416574,0.0359840924350479
37.6275,7.5,4.39722,0.0944155,0.194866,0.0589343,0.2244109986447634
37.7754,7.5,4.46796,0.0776371,0.197277,0.046966,0.21714405168323173
37.9233,7.5,4.53868,0.0627106,0.199501,0.0364891,0.2122845325787303
38.0711,7.5,4.60934,0.0493582,0.201417,0.0275468,0.20919815005510925
38.2187,7.5,4.67994,0.0374883,0.202846,0.0200558,0.2072537272681242
38.3661,7.5,4.7504,0.0263963,0.202732,0.0136663,0.2048994783628792
38.5128,7.5,4.82056,0.0158542,0.197258,0.00801135,0.1980561939209741
38.6577,7.5,4.88981,0.00513445,0.16164,0.00262403,0.16174281347325267
38.7893,7.5,4.95278,-0.000809736,0.042898,-0.000362959,0.04290717673799311
37.6275,7.83333,4.39722,0.0832297,0.224734,0.052655,0.2453672813214712
37.7754,7.83333,4.46796,0.0679312,0.227815,0.041597,0.24133924788032302
37.9233,7.83333,4.53868,0.0543894,0.230741,0.0319842,0.2392124682431917
38.0711,7.83333,4.60934,0.0423093,0.233355,0.0238281,0.23835354253943866
38.2187,7.83333,4.67994,0.031584,0.235451,0.0170288,0.2381694826933963
38.3661,7.83333,4.7504,0.0215094,0.235675,0.0112185,0.23692027067266744
38.5128,7.83333,4.82056,0.0119249,0.229218,0.00608036,0.2296085049420853
38.6577,7.83333,4.88981,0.002313,0.183566,0.00124314,0.18358478074736914
38.7893,7.83333,4.95278,-0.000527594,0.0465083,-0.000236969,0.04651189609794248
37.6275,8.16667,4.39722,0.0706817,0.250063,0.0456811,0.26384497262805673
37.7754,8.16667,4.46796,0.056999,0.253749,0.0356237,0.2625004552447291
37.9233,8.16667,4.53868,0.0449562,0.257301,0.0269501,0.2625855525527823
38.0711,8.16667,4.60934,0.034233,0.2605,0.0196346,0.2634723245545156
38.2187,8.16667,4.67994,0.0247333,0.263111,0.0135683,0.2646190341127788
38.3661,8.16667,4.7504,0.0157313,0.263351,0.00836552,0.2639530354543406
38.5128,8.16667,4.82056,0.00724942,0.255041,0.00378847,0.25517213459991533
38.6577,8.16667,4.88981,-0.000587463,0.195979,-0.000153334,0.19597994046608933
38.7893,8.16667,4.95278,-3.79702e-05,0.0460582,-1.32107e-05,0.04605821754582653
37.6275,8.5,4.39722,0.0564335,0.270659,0.0377616,0.27904654206388224
37.7754,8.5,4.46796,0.0444682,0.274883,0.0287804,0.2799399862906334
37.9233,8.5,4.53868,0.0339976,0.278996,0.0211112,0.28185153465468304
38.0711,8.5,4.60934,0.0247041,0.282638,0.0146877,0.2840955123406563
38.2187,8.5,4.67994,0.0164863,0.285601,0.00939945,0.2862308141150992
38.3661,8.5,4.7504,0.00861913,0.285341,0.00482384,0.2855119001290533
38.5128,8.5,4.82056,0.0016513,0.273545,0.00104041,0.2735519626499837
38.6577,8.5,4.88981,-0.00354702,0.198168,-0.001599,0.198206191567974
38.7893,8.5,4.95278,0.000312741,0.0434836,0.000142938,0.043484959551147395
37.6275,8.83333,4.39722,0.0406284,0.285603,0.029101,0.2899424230714781
37.7754,8.83333,4.46796,0.0304675,0.290217,0.0212551,0.2925849533404956
37.9233,8.83333,4.53868,0.0216033,0.294713,0.0146248,0.2958654081080281
38.0711,8.83333,4.60934,0.0137862,0.298518,0.00911099,0.2989750253335889
38.2187,8.83333,4.67994,0.00686718,0.301489,0.00460583,0.3016023689431854
38.3661,8.83333,4.7504,0.000402609,0.299554,0.000767326,0.2995552533326651
38.5128,8.83333,4.82056,-0.00447298,0.281097,-0.00191663,0.28113911935132274
38.6577,8.83333,4.88981,-0.0063638,0.188674,-0.00298814,0.18880493957282896
38.7893,8.83333,4.95278,0.000893237,0.0359019,0.000416086,0.03591542041390529
37.6275,9.16667,4.39722,0.0226692,0.295016,0.0192709,0.29651256376661345
37.7754,9.16667,4.46796,0.0143401,0.299908,0.0125955,0.300514714368964
37.9233,9.16667,4.53868,0.00703657,0.304659,0.00701145,0.3048208982820361
38.0711,9.16667,4.60934,0.000739375,0.30835,0.00243276,0.30836048303342667
38.2187,9.16667,4.67994,-0.00486225,0.31056,-0.00126556,0.3106006386296978
38.3661,9.16667,4.7504,-0.00940663,0.304961,-0.00413051,0.3051339989608123
38.5128,9.16667,4.82056,-0.0116699,0.277301,-0.00543251,0.2775996097474024
38.6577,9.16667,4.88981,-0.00969245,0.168174,-0.0046212,0.16851644831422985
38.7893,9.16667,4.95278,0.00161642,0.0274342,0.000755609,0.02749216412393322
37.6275,9.5,4.39722,0.0026403,0.297604,0.0085173,0.2977375629633923
37.7754,9.5,4.46796,-0.0038133,0.302602,0.0030518,0.30264141346506096
37.9233,9.5,4.53868,-0.00950617,0.307143,-0.00146492,0.3072935660043589
38.0711,9.5,4.60934,-0.0140802,0.309956,-0.00504048,0.3103165809406104
38.2187,9.5,4.67994,-0.0180903,0.309784,-0.00778373,0.31040936207338027
38.3661,9.5,4.7504,-0.0200124,0.298129,-0.00937012,0.2989468112283093
38.5128,9.5,4.82056,-0.0189222,0.258132,-0.00891026,0.2589779369176216
38.6577,9.5,4.88981,-0.0120503,0.131103,-0.00574136,0.13178076321580323
38.7893,9.5,4.95278,0.00252055,0.0130599,0.00118562,0.013353645760499263
37.6275,9.83333,4.39722,-0.0200948,0.293727,-0.0037472,0.29443741783930927
37.7754,9.83333,4.46796,-0.0245714,0.298506,-0.00788683,0.2996194049480255
37.9233,9.83333,4.53868,-0.0286434,0.302287,-0.0112799,0.3038504745373454
38.0711,9.83333,4.60934,-0.0314013,0.303343,-0.0138093,0.30527645513072243
38.2187,9.83333,4.67994,-0.0335171,0.298767,-0.015478,0.30103934089319623
38.3661,9.83333,4.7504,-0.0320833,0.278316,-0.0154167,0.2805829799431534
38.5128,9.83333,4.82056,-0.0270568,0.223556,-0.0128563,0.22555407336585612
38.6577,9.83333,4.88981,-0.014,0.084061,-0.00663326,0.08547661586204498
38.7893,9.83333,4.95278,0.00336772,0.00209266,0.00158402,0.004269646734145578
37.6275,10.1667,4.39722,-0.0446124,0.28096,-0.0166019,0.2849638765130942
37.7754,10.1667,4.46796,-0.0469619,0.28526,-0.0193746,0.2897482748469264
37.9233,10.1667,4.53868,-0.0490539,0.287427,-0.0215492,0.29237806596058125
38.0711,10.1667,4.60934,-0.0494465,0.285193,-0.022808,0.2903449818323885
38.2187,10.1667,4.67994,-0.048631,0.273177,-0.022951,0.2784194603309905
38.3661,10.1667,4.7504,-0.0423989,0.241006,-0.0205249,0.24556634597847482
38.5128,10.1667,4.82056,-0.0323836,0.167713,-0.0154623,0.17150927275004696
38.6577,10.1667,4.88981,-0.0120598,0.0173316,-0.00561823,0.021849202340884208
38.7893,10.1667,4.95278,0.00333364,-0.0135625,0.00157792,0.014055048681025618
37.6275,10.5,4.39722,-0.0706624,0.26016,-0.0304628,0.27130127636559326
37.7754,10.5,4.46796,-0.0704741,0.263464,-0.0316461,0.2745566493677033
37.9233,10.5,4.53868,-0.0698031,0.262767,-0.0322889,0.27379105559133954
38.0711,10.5,4.60934,-0.0673563,0.255232,-0.0319429,0.2658958326753167
38.2187,10.5,4.67994,-0.0623483,0.23274,-0.0300129,0.2428085506717175
38.3661,10.5,4.7504,-0.0515554,0.187758,-0.0249684,0.19630192773307145
38.5128,10.5,4.82056,-0.0339993,0.0988299,-0.0163835,0.10579092875454871
38.6577,10.5,4.88981,0.000275475,-0.0418521,6.84823e-05,0.04185306262044677
38.7893,10.5,4.95278,-0.000989152,-0.0184393,-0.000452431,0.018471353496126507
37.6275,10.8333,4.39722,-0.0943666,0.227212,-0.0430371,0.24976496975350646
37.7754,10.8333,4.46796,-0.0901705,0.228831,-0.0419168,0.2495022319609386
37.9233,10.8333,4.53868,-0.0847785,0.224551,-0.0401762,0.243361198036355
38.0711,10.8333,4.60934,-0.0779964,0.209687,-0.0373782,0.22682417467545207
38.2187,10.8333,4.67994,-0.0667016,0.17565,-0.0324898,0.19067672392455248
38.3661,10.8333,4.7504,-0.0516039,0.111915,-0.0249908,0.1257476433371616
38.5128,10.8333,4.82056,-0.0240448,-0.00569957,-0.0114972,0.02725478147160421
38.6577,10.8333,4.88981,0.00475681,-0.0729442,0.00207116,0.07312847091770551
38.7893,10.8333,4.95278,-0.00318156,-0.0193448,-0.00151709,0.01966329507335177
37.6275,11.1667,4.39722,-0.109161,0.182408,-0.052111,0.21887064377389673
37.7754,11.1667,4.46796,-0.0975766,0.181638,-0.047031,0.2114839730867566
37.9233,11.1667,4.53868,-0.0848807,0.173723,-0.0412602,0.1977038645690316
38.0711,11.1667,4.60934,-0.0705684,0.151641,-0.0345929,0.17079684039808818
38.2187,11.1667,4.67994,-0.0535952,0.109404,-0.0263231,0.12463782039433297
38.3661,11.1667,4.7504,-0.0317717,0.0311657,-0.015666,0.04718225655243717
38.5128,11.1667,4.82056,-0.000589518,-0.0738782,-0.0005637,0.07388270247089182
38.6577,11.1667,4.88981,-0.000901221,-0.0854726,-0.000352075,0.08547807617662241
38.7893,11.1667,4.95278,0.000427791,-0.0202978,0.000212357,0.020303418073692174
37.6275,11.5,4.39722,-0.108027,0.116897,-0.0537161,0.16798857323404467
37.7754,11.5,4.46796,-0.0865143,0.11519,-0.0433593,0.15044430564491298
37.9233,11.5,4.53868,-0.0647758,0.106731,-0.0325234,0.12901620895918467
38.0711,11.5,4.60934,-0.0413521,0.0851755,-0.0211691,0.09702057910294083
38.2187,11.5,4.67994,-0.0189364,0.0395517,-0.0100181,0.04498095758718349
38.3661,11.5,4.7504,0.00596087,-0.0419969,0.00271481,0.04250460885719335
38.5128,11.5,4.82056,0.0084972,-0.081711,0.00414597,0.0822561790753795
38.6577,11.5,4.88981,0.000354332,-0.0795814,0.000280303,0.07958268245603457
38.7893,11.5,4.95278,-5.11174e-05,-0.0205433,-9.09568e-08,0.020543363597202283
37.6275,11.8333,4.39722,-0.0892331,0.0421637,-0.0506719,0.1109412690702157
37.7754,11.8333,4.46796,-0.0558843,0.0417084,-0.033258,0.077257622155034
37.9233,11.8333,4.53868,-0.0211614,0.0374506,-0.0152738,0.045646919466268476
38.0711,11.8333,4.60934,0.0135784,0.023042,0.00374945,0.027006760003052938
38.2187,11.8333,4.67994,0.0395884,-0.00512905,0.0178402,0.04372437883495316
38.3661,11.8333,4.7504,0.048601,-0.0252527,0.022926,0.05937472134073557
38.5128,11.8333,4.82056,0.0380435,-0.0491866,0.0183493,0.0648330650386051
38.6577,11.8333,4.88981,0.0182577,-0.0638844,0.00894862,0.06704206121946431
38.7893,11.8333,4.95278,-0.00279162,-0.0213285,-0.00127643,0.02154825579993193
37.7754,0.166667,4.48048,-0.0551331,-0.0427252,-0.0331043,0.07720748739040793
37.9233,0.166667,4.54953,-0.0200765,-0.0380719,-0.0151477,0.045628809289197984
38.0711,0.166667,4.61854,0.0148424,-0.0226387,0.00383729,0.02734103820256466
38.2187,0.166667,4.68747,0.0405352,0.00549946,0.0177722,0.044600421434910234
38.3661,0.166667,4.75627,0.0489848,0.0258359,0.0225309,0.05978834179553737
38.5128,0.166667,4.82478,0.0382453,0.0497585,0.0180383,0.06529924625315364
38.6577,0.166667,4.89241,0.018204,0.0644706,0.00873375,0.06755828794028532
38.7893,0.166667,4.95389,-0.00280737,0.0214921,-0.00124795,0.021710575025305063
37.7754,0.5,4.48048,-0.0864046,-0.116897,-0.0427305,0.1515142209180709
37.9233,0.5,4.54953,-0.0644399,-0.108042,-0.0319301,0.1297886965880311
38.0711,0.5,4.61854,-0.040804,-0.0854122,-0.0205851,0.09687082464214908
38.2187,0.5,4.68747,-0.0180811,-0.0378489,-0.00952902,0.04301473736500549
38.3661,0.5,4.75627,0.00627939,0.0430818,0.00279407,0.043626586586358096
38.5128,0.5,4.82478,0.00802742,0.0826603,0.00385189,0.08313844913467235
38.6577,0.5,4.89241,0.000197753,0.0799313,0.000207217,0.07993181322117057
38.7893,0.5,4.95389,-8.34082e-05,0.0206108,-1.30305e-05,0.020610972887317995
37.7754,0.833333,4.48048,-0.0974748,-0.183158,-0.0461332,0.21254755171791556
37.9233,0.833333,4.54953,-0.084853,-0.175287,-0.0404758,0.19890664735910663
38.0711,0.833333,4.61854,-0.0703778,-0.152491,-0.0338644,0.1713281570589026
38.2187,0.833333,4.68747,-0.053235,-0.108549,-0.0256131,0.12358350018351966
38.3661,0.833333,4.75627,-0.0307652,-0.0274588,-0.0148845,0.04384098047181427
38.5128,0.833333,4.82478,-0.000413835,0.0748747,-0.000500728,0.07487751790776194
38.6577,0.833333,4.89241,-0.0014096,0.0848726,-0.000565401,0.08488618781174474
38.7893,0.833333,4.95389,0.000596372,0.0200192,0.000286466,0.02003012957949948
37.7754,1.16667,4.48048,-0.0896174,-0.228946,-0.0407401,0.24921337252798054
37.9233,1.16667,4.54953,-0.0846078,-0.225408,-0.0392699,0.24394542695211566
38.0711,1.16667,4.61854,-0.0780367,-0.210432,-0.0366457,0.22740769665818264
38.2187,1.16667,4.68747,-0.0667675,-0.175492,-0.0318722,0.1904499363430978
38.3661,1.16667,4.75627,-0.0514752,-0.109741,-0.024402,0.12364562628754808
38.5128,1.16667,4.82478,-0.0231466,0.010285,-0.0108005,0.02753537936564521
38.6577,1.16667,4.89241,0.0045141,0.0724294,0.0018933,0.07259462561415964
38.7893,1.16667,4.95389,-0.00306821,0.0187218,-0.00143034,0.019025393040873032
37.7754,1.5,4.48048,-0.0689352,-0.261055,-0.0300385,0.27166907499067683
37.9233,1.5,4.54953,-0.0689197,-0.261817,-0.0311015,0.2725167331364077
38.0711,1.5,4.61854,-0.0669528,-0.254968,-0.0310597,0.26543561067786287
38.2187,1.5,4.68747,-0.0621633,-0.232254,-0.0293121,0.24220940441960545
38.3661,1.5,4.75627,-0.0514894,-0.186153,-0.0243923,0.19467686565344638
38.5128,1.5,4.82478,-0.0336218,-0.0958168,-0.0158347,0.10277170000330829
38.6577,1.5,4.89241,0.00114511,0.0422177,0.000446368,0.04223558587960541
38.7893,1.5,4.95389,-0.00138935,0.0181126,-0.000625007,0.01817655649270645
37.7754,1.83333,4.48048,-0.0443017,-0.279509,-0.0172991,0.2835263313427873
37.9233,1.83333,4.54953,-0.0472558,-0.283862,-0.0200253,0.28846448363313293
38.0711,1.83333,4.61854,-0.0483062,-0.283119,-0.0217012,0.2880291638026955
38.2187,1.83333,4.68747,-0.0479282,-0.271656,-0.0221145,0.27673660003962247
38.3661,1.83333,4.75627,-0.0419189,-0.239049,-0.019873,0.24350883907408782
38.5128,1.83333,4.82478,-0.0319638,-0.164367,-0.014926,0.16811002550544094
38.6577,1.83333,4.89241,-0.0114142,-0.0137054,-0.00517789,0.01857235837614868
38.7893,1.83333,4.95389,0.00313553,0.0136836,0.00144834,0.01411276535964869
37.7754,2.16667,4.48048,-0.0209961,-0.288928,-0.00542,0.2897405767220222
37.9233,2.16667,4.54953,-0.0260695,-0.295494,-0.00946891,0.2967928286243421
38.0711,2.16667,4.61854,-0.0296424,-0.298735,-0.0125203,0.3004630260362329
38.2187,2.16667,4.68747,-0.0324021,-0.295458,-0.0145578,0.2975857109964287
38.3661,2.16667,4.75627,-0.0314031,-0.275223,-0.0147602,0.2774017266035848
38.5128,2.16667,4.82478,-0.0267035,-0.219694,-0.0123862,0.22165727711647548
38.6577,2.16667,4.89241,-0.0136586,-0.0800585,-0.00630926,0.08145997506725373
38.7893,2.16667,4.95389,0.00335827,-0.00167846,0.00153959,0.004057775589236054
37.7754,2.5,4.48048,0.000426205,-0.288919,0.00582268,0.28897798153853244
37.9233,2.5,4.54953,-0.00629367,-0.296718,0.000586404,0.2967853191714848
38.0711,2.5,4.61854,-0.0117498,-0.302311,-0.00358106,0.3025604443937832
38.2187,2.5,4.68747,-0.0165172,-0.304103,-0.00676054,0.3046262585627372
38.3661,2.5,4.75627,-0.0189877,-0.293308,-0.00865314,0.29404930274896013
38.5128,2.5,4.82478,-0.0183091,-0.252991,-0.00840354,0.25379182159467156
38.6577,2.5,4.89241,-0.0116444,-0.125473,-0.00541573,0.12612848969123866
38.7893,2.5,4.95389,0.00248876,-0.0120662,0.00114078,0.012372893266572696
37.7754,2.83333,4.48048,0.0187858,-0.282417,0.0154179,0.2834607200496217
37.9233,2.83333,4.54953,0.010591,-0.290548,0.00915477,0.2908850621787803
38.0711,2.83333,4.61854,0.00342276,-0.297443,0.00399977,0.2974895824983969
38.2187,2.83333,4.68747,-0.00300128,-0.302239,-0.000191443,0.3022539618484109
38.3661,2.83333,4.75627,-0.00818485,-0.298117,-0.00340409,0.29824876410012263
38.5128,2.83333,4.82478,-0.0109468,-0.270642,-0.00494523,0.27090843451984453
38.6577,2.83333,4.89241,-0.00930473,-0.16132,-0.00432811,0.1616460730625554
38.7893,2.83333,4.95389,0.00162198,-0.0259792,0.000738669,0.02604026274160768
37.7754,3.16667,4.48048,0.0348308,-0.269114,0.0239739,0.2724156337397874
37.9233,3.16667,4.54953,0.0252049,-0.27711,0.0167363,0.2787567807636256
38.0711,3.16667,4.61854,0.0165896,-0.284367,0.0106651,0.2850500830997423
38.2187,3.16667,4.68747,0.00890525,-0.290271,0.0056796,0.2904631039817665
38.3661,3.16667,4.75627,0.0017799,-0.290372,0.00149045,0.2903812801631891
38.5128,3.16667,4.82478,-0.00365702,-0.272573,-0.00145502,0.2726014145368303
38.6577,3.16667,4.89241,-0.00592659,-0.180059,-0.0027043,0.18017680535662214
38.7893,3.16667,4.95389,0.000900205,-0.0336646,0.000408392,0.03367910993817517
37.7754,3.5,4.48048,0.0485587,-0.250516,0.0313178,0.2570934036464763
37.9233,3.5,4.54953,0.0374447,-0.258182,0.0230985,0.2619037826842904
38.0711,3.5,4.61854,0.0274368,-0.265485,0.0161523,0.2673872846911947
38.2187,3.5,4.68747,0.0185108,-0.271716,0.0104118,0.272544748531099
38.3661,3.5,4.75627,0.0100083,-0.273839,0.005488,0.27407678145711284
38.5128,3.5,4.82478,0.00249169,-0.263201,0.00145515,0.2632168162970949
38.6577,3.5,4.89241,-0.00316352,-0.187999,-0.00136306,0.18803055547531097
38.7893,3.5,4.95389,0.000356268,-0.0405401,0.000159002,0.04054197721539772
37.7754,3.83333,4.48048,0.0606799,-0.226278,0.0379036,0.23731933431764468
37.9233,3.83333,4.54953,0.0481156,-0.233416,0.0287426,0.24005057190958742
38.0711,3.83333,4.61854,0.0367772,-0.240428,0.0209515,0.2441252772166168
38.2187,3.83333,4.68747,0.0266305,-0.246595,0.0144619,0.24845004348331276
38.3661,3.83333,4.75627,0.0170405,-0.24958,0.00893616,0.2503206144043986
38.5128,3.83333,4.82478,0.00805762,-0.242692,0.00413477,0.2428609240429948
38.6577,3.83333,4.89241,-0.000205287,-0.18424,5.04076e-05,0.18424012126482792
38.7893,3.83333,4.95389,1.77495e-08,-0.0422659,6.20369e-06,0.042265900455285284
37.7754,4.16667,4.48048,0.0710982,-0.197629,0.043588,0.21450428766866178
37.9233,4.16667,4.54953,0.0571531,-0.204163,0.0335456,0.21464928298964803
38.0711,4.16667,4.61854,0.0445497,-0.210728,0.0249594,0.216826975725923
38.2187,4.16667,4.68747,0.0332579,-0.216637,0.0177735,0.21989446328559525
38.3661,4.16667,4.75627,0.0226405,-0.219957,0.0116644,0.22142658448481295
38.5128,4.16667,4.82478,0.0126092,-0.215318,0.00633231,0.21577982111072413
38.6577,4.16667,4.89241,0.0026616,-0.170381,0.00139978,0.1704075369800538
38.7893,4.16667,4.95389,-0.000505063,-0.0420163,-0.000218569,0.04201990393529868
37.7754,4.5,4.48048,0.080188,-0.164475,0.0486041,0.18932643636272778
37.9233,4.5,4.54953,0.0649717,-0.170331,0.0377562,0.18617062604054915
38.0711,4.5,4.61854,0.0511976,-0.176335,0.0284354,0.18580580842352587
38.2187,4.5,4.68747,0.0388435,-0.181831,0.0206013,0.18707149332525252
38.3661,4.5,4.75627,0.0272791,-0.185174,0.0139509,0.18769173445738094
38.5128,4.5,4.82478,0.0163462,-0.181913,0.00813637,0.18282707223006361
38.6577,4.5,4.89241,0.0053498,-0.147238,0.00268935,0.14735970143652743
38.7893,4.5,4.95389,-0.000772344,-0.0376526,-0.000334015,0.03766200164668045
37.7754,4.83333,4.48048,0.0876812,-0.127873,0.0527526,0.16377525383646943
37.9233,4.83333,4.54953,0.0713236,-0.13301,0.0411907,0.1564461242199691
38.0711,4.83333,4.61854,0.0565005,-0.138394,0.031218,0.15270811785969338
38.2187,4.83333,4.68747,0.0431946,-0.143408,0.0228107,0.15149902959309675
38.3661,4.83333,4.75627,0.0308062,-0.14663,0.0156897,0.1506504083782384
38.5128,4.83333,4.82478,0.0191085,-0.14432,0.0094702,0.14588722308787017
38.6577,4.83333,4.89241,0.00735672,-0.11765,0.00364955,0.11793626687478666
38.7893,4.83333,4.95389,-0.000922761,-0.0303254,-0.00039674,0.030342029853830162
37.7754,5.16667,4.48048,0.0939004,-0.0879129,0.0562237,0.14038186331666924
37.9233,5.16667,4.54953,0.0765836,-0.0923429,0.0440659,0.12780478282200555
38.0711,5.16667,4.61854,0.0608419,-0.0971263,0.0335268,0.11941231622215523
38.2187,5.16667,4.68747,0.046669,-0.101715,0.0246019,0.11458267875036784
38.3661,5.16667,4.75627,0.0334897,-0.104819,0.0170337,0.11134958330761727
38.5128,5.16667,4.82478,0.0210781,-0.103322,0.0104362,0.10596525965640814
38.6577,5.16667,4.89241,0.00865181,-0.0830917,0.00427633,0.08365029242886722
38.7893,5.16667,4.95389,-0.00100184,-0.0204401,-0.000428678,0.020469126415733622
37.7754,5.5,4.48048,0.0981257,-0.0457164,0.0585441,0.12306930516688554
37.9233,5.5,4.54953,0.079989,-0.0492799,0.0458824,0.1045559338094687
38.0711,5.5,4.61854,0.0634378,-0.0533071,0.0348633,0.08989689130409349
38.2187,5.5,4.68747,0.0485303,-0.0573473,0.0255211,0.07934248156309456
38.3661,5.5,4.75627,0.034714,-0.0603543,0.0176263,0.07182193102514023
38.5128,5.5,4.82478,0.0218547,-0.0597462,0.0108143,0.06453049985100069
38.6577,5.5,4.89241,0.00896031,-0.0457882,0.00442153,0.046865726731557256
38.7893,5.5,4.95389,-0.0012585,-0.00941981,-0.000549041,0.009519353376452678
37.7754,5.83333,4.48048,0.101486,-0.00109043,0.0605488,0.11818102392103777
37.9233,5.83333,4.54953,0.0831099,-0.00380814,0.0477595,0.09593084617848215
38.0711,5.83333,4.61854,0.066096,-0.00729414,0.0364795,0.0758461575466391
38.2187,5.83333,4.68747,0.0503383,-0.011262,0.0266593,0.05806457928358734
38.3661,5.83333,4.75627,0.0351476,-0.0149111,0.0179991,0.042209741645501696
38.5128,5.83333,4.82478,0.020439,-0.0157752,0.010212,0.027764988745540668
38.6577,5.83333,4.89241,0.00628499,-0.00810275,0.00314961,0.01072733424550107
38.7893,5.83333,4.95389,-0.00117749,0.00013344,-0.000523566,0.0012955347506169027
37.7754,6.16667,4.48048,0.100702,0.042029,0.0601058,0.1245794398712725
37.9233,6.16667,4.54953,0.0827426,0.0408763,0.0475569,0.10382132966813706
38.0711,6.16667,4.61854,0.0661238,0.039421,0.0364981,0.0851967339224339
38.2187,6.16667,4.68747,0.0506866,0.0377882,0.0268481,0.06868697076163717
38.3661,6.16667,4.75627,0.0356879,0.0357986,0.0182806,0.05375263997916754
38.5128,6.16667,4.82478,0.0210012,0.0317683,0.010496,0.03950242147425902
38.6577,6.16667,4.89241,0.00667607,0.0202214,0.00335314,0.021557329993867516
38.7893,6.16667,4.95389,-0.00119502,0.00332263,-0.000529668,0.0035705029208115764
37.7754,6.5,4.48048,0.0964573,0.084537,0.0575917,0.14059629796399337
37.9233,6.5,4.54953,0.0790435,0.0842906,0.0453469,0.12413348251064256
38.0711,6.5,4.61854,0.0631653,0.0837081,0.0347106,0.11046142712304598
38.2187,6.5,4.68747,0.0487916,0.0827988,0.0256638,0.09947307244897988
38.3661,6.5,4.75627,0.0353134,0.0810975,0.0179399,0.09025342507528455
38.5128,6.5,4.82478,0.0225322,0.0766888,0.0111543,0.08070495951780163
38.6577,6.5,4.89241,0.00949421,0.0597486,0.00468612,0.06067944418119286
38.7893,6.5,4.95389,-0.00124038,0.0139571,-0.000538935,0.014022468894193526
37.7754,6.83333,4.48048,0.0912405,0.12529,0.0546906,0.16435776424802695
37.9233,6.83333,4.54953,0.074664,0.125981,0.0429509,0.1526129256249614
38.0711,6.83333,4.61854,0.0596201,0.126347,0.0328092,0.1435080636676908
38.2187,6.83333,4.68747,0.0460332,0.126292,0.0242221,0.1365848999510927
38.3661,6.83333,4.75627,0.0333078,0.125105,0.0169069,0.1305622986679156
38.5128,6.83333,4.82478,0.021162,0.120278,0.0104569,0.12257232267363624
38.6577,6.83333,4.89241,0.00887308,0.0977402,0.00437718,0.09823969640363717
38.7893,6.83333,4.95389,-0.000973295,0.025696,-0.000413826,0.02571775595022437
37.7754,7.16667,4.48048,0.0842999,0.163208,0.0508295,0.1905963338426529
37.9233,7.16667,4.54953,0.0687602,0.164676,0.0397281,0.18282360900510086
38.0711,7.16667,4.61854,0.0547136,0.165842,0.0301978,0.177225997285387
38.2187,7.16667,4.68747,0.0420782,0.166538,0.0221767,0.17319724703969747
38.3661,7.16667,4.75627,0.0302207,0.16592,0.0153551,0.16934732417283718
38.5128,7.16667,4.82478,0.0188709,0.160784,0.00933015,0.16215627407483346
38.6577,7.16667,4.89241,0.00730559,0.132281,0.00361937,0.13253201290799518
38.7893,7.16667,4.95389,-0.000942324,0.035629,-0.000405571,0.0356437666830684
37.7754,7.5,4.48048,0.0762043,0.197803,0.0463807,0.21698915060431018
37.9233,7.5,4.54953,0.061864,0.20003,0.0360253,0.2124546484219397
38.0711,7.5,4.61854,0.0489228,0.201962,0.0271785,0.20957280516825172
38.2187,7.5,4.68747,0.0372987,0.203404,0.0197626,0.20773767254990128
38.3661,7.5,4.75627,0.0263239,0.203264,0.0134432,0.20540185255603222
38.5128,7.5,4.82478,0.0158056,0.197584,0.00785765,0.1983708565058953
38.6577,7.5,4.89241,0.00507416,0.161251,0.00255616,0.16135106462199497
38.7893,7.5,4.95389,-0.000802887,0.0425245,-0.000347864,0.042533501350667864
37.7754,7.83333,4.48048,0.0666375,0.228491,0.0411172,0.24153533410888356
37.9233,7.83333,4.54953,0.0536347,0.231428,0.0316079,0.23965529322445603
38.0711,7.83333,4.61854,0.0419273,0.234065,0.0235317,0.23895201111348696
38.2187,7.83333,4.68747,0.0314191,0.236179,0.0167942,0.23885084266012127
38.3661,7.83333,4.75627,0.0214437,0.236375,0.0110426,0.23760242403950763
38.5128,7.83333,4.82478,0.0118729,0.229652,0.00596401,0.23003603255509797
38.6577,7.83333,4.89241,0.00226165,0.183124,0.00120848,0.18314195275969106
38.7893,7.83333,4.95389,-0.00050849,0.0461295,-0.000220015,0.04613282712917478
37.7754,8.16667,4.48048,0.0558469,0.254577,0.0352587,0.26300475488914643
37.9233,8.16667,4.54953,0.0442911,0.258147,0.026669,0.2632732624274824
38.0711,8.16667,4.61854,0.0338993,0.261377,0.0194174,0.26428040807492714
38.2187,8.16667,4.68747,0.0245867,0.26401,0.0133988,0.2654907037135764
38.3661,8.16667,4.75627,0.0156666,0.26421,0.00824381,0.2648024298583306
38.5128,8.16667,4.82478,0.00719464,0.255549,0.00371608,0.2556772643320012
38.6577,8.16667,4.89241,-0.000623639,0.195455,-0.000148746,0.19545605152047565
38.7893,8.16667,4.95389,-1.06187e-05,0.0456941,1.04247e-06,0.04569410124571369
37.7754,8.5,4.48048,0.043461,0.275859,0.0285452,0.28071671636195805
37.9233,8.5,4.54953,0.0334211,0.279996,0.0209394,0.2827599483900965
38.0711,8.5,4.61854,0.024415,0.283677,0.0145626,0.2850978812140841
38.2187,8.5,4.68747,0.0163529,0.286661,0.00930741,0.2872778692143168
38.3661,8.5,4.75627,0.00855482,0.286339,0.00476868,0.28650645398520225
38.5128,8.5,4.82478,0.00159675,0.274059,0.00102582,0.27406557134787085
38.6577,8.5,4.89241,-0.00356463,0.197585,-0.00155387,0.19762326109042377
38.7893,8.5,4.95389,0.000347825,0.0431479,0.000155764,0.043149583069414715
37.7754,8.83333,4.48048,0.0295991,0.291343,0.0211593,0.29360614153368797
37.9233,8.83333,4.54953,0.021107,0.295868,0.0145719,0.29697764081258715
38.0711,8.83333,4.61854,0.013533,0.29972,0.00908784,0.3001629712753816
38.2187,8.83333,4.68747,0.00674269,0.302697,0.0046024,0.3028070668977131
38.3661,8.83333,4.75627,0.000339935,0.300644,0.000791339,0.30064523363794937
38.5128,8.83333,4.82478,-0.00452287,0.281574,-0.00186283,0.2816164838297748
38.6577,8.83333,4.89241,-0.00635609,0.188003,-0.00290362,0.1881328224903685
38.7893,8.83333,4.95389,0.000928351,0.0356202,0.000421952,0.03563479377110951
37.7754,9.16667,4.48048,0.0136042,0.30118,0.012657,0.301752657497229
37.9233,9.16667,4.54953,0.00661452,0.30596,0.00709713,0.30611377415769336
38.0711,9.16667,4.61854,0.000514968,0.309696,0.00253123,0.3097067721787077
38.2187,9.16667,4.68747,-0.00497642,0.311874,-0.00115712,0.31191584691822055
38.3661,9.16667,4.75627,-0.00946586,0.306083,-0.00400912,0.3062555769903856
38.5128,9.16667,4.82478,-0.0117144,0.277692,-0.00529823,0.2779894697151187
38.6577,9.16667,4.89241,-0.00964917,0.16745,-0.00448493,0.16778773369586286
38.7893,9.16667,4.95389,0.00164751,0.0272315,0.000750979,0.02729162602170382
37.7754,9.5,4.48048,-0.00442646,0.304013,0.00328679,0.30406298805615206
37.9233,9.5,4.54953,-0.0098632,0.308576,-0.00122523,0.30873602264522504
38.0711,9.5,4.61854,-0.0142843,0.311416,-0.0048066,0.3117804831705314
38.2187,9.5,4.68747,-0.0181997,0.311157,-0.00754902,0.3117802037205865
38.3661,9.5,4.75627,-0.0200669,0.299209,-0.00914104,0.30002044058512345
38.5128,9.5,4.82478,-0.0189512,0.25837,-0.00868853,0.2592097518130846
38.6577,9.5,4.89241,-0.0119537,0.13035,-0.00555358,0.1310147155647273
38.7893,9.5,4.95389,0.0025325,0.0129594,0.00116143,0.013255509203908389
37.7754,9.83333,4.48048,-0.025086,0.300038,-0.00745833,0.3011772493505924
37.9233,9.83333,4.54953,-0.0289564,0.30383,-0.0108626,0.3053999641121786
38.0711,9.83333,4.61854,-0.0315954,0.304865,-0.0134147,0.3067912836151803
38.2187,9.83333,4.68747,-0.0336195,0.300121,-0.015091,0.3023749720169479
38.3661,9.83333,4.75627,-0.0321285,0.279253,-0.0150602,0.28149829154950473
38.5128,9.83333,4.82478,-0.0270562,0.223594,-0.0125302,0.22557331559047492
38.6577,9.83333,4.89241,-0.0138374,0.0834656,-0.00638723,0.08484560524383629
38.7893,9.83333,4.95389,0.00335185,0.00210768,0.00153662,0.004247165458196796
37.7754,10.1667,4.48048,-0.0474026,0.28691,-0.0187465,0.291403132874391
37.9233,10.1667,4.54953,-0.0493348,0.289047,-0.0209475,0.29397429897235916
38.0711,10.1667,4.61854,-0.0496296,0.286704,-0.022246,0.29181700657802656
38.2187,10.1667,4.68747,-0.0487166,0.274412,-0.0224132,0.27960258295266155
38.3661,10.1667,4.75627,-0.042425,0.241673,-0.0200574,0.24618695913626293
38.5128,10.1667,4.82478,-0.0323275,0.167487,-0.0150623,0.1712420372062304
38.6577,10.1667,4.89241,-0.0118622,0.0171166,-0.00537099,0.021506680775519496
38.7893,10.1667,4.95389,0.00328322,-0.0134307,0.00151517,0.01390895309458264
37.7754,10.5,4.48048,-0.0708327,0.265186,-0.0308028,0.27620589869358325
37.9233,10.5,4.54953,-0.0700427,0.264385,-0.0314953,0.2753132070395098
38.0711,10.5,4.61854,-0.0675117,0.256613,-0.0312069,0.26717397330859155
38.2187,10.5,4.68747,-0.0624116,0.233719,-0.0293335,0.2436805962685786
38.3661,10.5,4.75627,-0.0515484,0.188026,-0.0243816,0.1964827642240408
38.5128,10.5,4.82478,-0.0338379,0.0983082,-0.0159232,0.10518105324577236
38.6577,10.5,4.89241,0.000372363,-0.0414379,0.000110369,0.04143971997890346
38.7893,10.5,4.95389,-0.00105805,-0.0182221,-0.000472016,0.01825889364985612
37.7754,10.8333,4.48048,-0.0904092,0.23058,-0.0408956,0.2510247197867174
37.9233,10.8333,4.54953,-0.0849434,0.226078,-0.0392482,0.24467747033758544
38.0711,10.8333,4.61854,-0.0780857,0.210827,-0.0365401,0.22777308748291575
38.2187,10.8333,4.68747,-0.0667233,0.176208,-0.0317719,0.19107776337528132
38.3661,10.8333,4.75627,-0.0515197,0.111706,-0.0243919,0.12540922896541545
38.5128,10.8333,4.82478,-0.0238376,-0.00618136,-0.0111143,0.02701792089890708
38.6577,10.8333,4.89241,0.00476613,-0.0725318,0.00200235,0.0727157989156373
38.7893,10.8333,4.95389,-0.0031996,-0.019163,-0.00148962,0.01948530156051992
37.7754,11.1667,4.48048,-0.0976209,0.183284,-0.0459473,0.212682907517506
37.9233,11.1667,4.54953,-0.0848978,0.175018,-0.0403387,0.19866088564820705
38.0711,11.1667,4.61854,-0.0705465,0.152422,-0.0338331,0.17132995477107907
38.2187,11.1667,4.68747,-0.0535038,0.109439,-0.0257204,0.12450337469964418
38.3661,11.1667,4.75627,-0.0315243,0.0304474,-0.0152299,0.04639801193219382
38.5128,11.1667,4.82478,-0.000625504,-0.0739612,-0.000596461,0.07396624991452884
38.6577,11.1667,4.89241,-0.000938823,-0.0849951,-0.000351359,0.08500101096917737
38.7893,11.1667,4.95389,0.000441975,-0.020093,0.000214773,0.020099007894474642
37.7754,11.5,4.48048,-0.0862738,0.116642,-0.0424357,0.15115989337430083
37.9233,11.5,4.54953,-0.0645393,0.10776,-0.0318301,0.1295789107474669
38.0711,11.5,4.61854,-0.0411416,0.0855565,-0.020718,0.09716882970793668
38.2187,11.5,4.68747,-0.0187103,0.0391304,-0.00980609,0.044468223838355636
38.3661,11.5,4.75627,0.00580936,-0.0421014,0.00255746,0.04257719045711213
38.5128,11.5,4.82478,0.00833597,-0.0819235,0.00397592,0.08244244166651846
38.6577,11.5,4.89241,0.000241818,-0.0792001,0.000232599,0.0792008107171254
38.7893,11.5,4.95389,-2.30141e-05,-0.0203138,1.59661e-05,0.020313819311127784
37.7754,11.8333,4.48048,-0.0551635,0.0425926,-0.0328243,0.07703619913715888
37.9233,11.8333,4.54953,-0.0205329,0.0380178,-0.0151584,0.04579006649711267
38.0711,11.8333,4.61854,0.0139575,0.0231667,0.00353328,0.027276214229588383
38.2187,11.8333,4.68747,0.0397536,-0.00501535,0.0173861,0.04367812864343549
38.3661,11.8333,4.75627,0.0485746,-0.0253849,0.0223235,0.05917958740494901
38.5128,11.8333,4.82478,0.037909,-0.0494729,0.0178763,0.06483997391347408
38.6577,11.8333,4.89241,0.0180195,-0.0638747,0.00864914,0.06692897207547417
38.7893,11.8333,4.95389,-0.00280045,-0.0211599,-0.00124422,0.02138064478964327
37.9233,0.166667,4.56038,-0.0193996,-0.0385767,-0.0150051,0.04571279130681039
38.0711,0.166667,4.62773,0.015237,-0.0227349,0.00362448,0.027607584144223846
38.2187,0.166667,4.695,0.0407099,0.00541472,0.0173193,0.04457099172307478
38.3661,0.166667,4.76214,0.0489576,0.0259758,0.0219288,0.05960252555756341
38.5128,0.166667,4.829,0.0381101,0.0500343,0.0175634,0.0653014848074682
38.6577,0.166667,4.895,0.0179691,0.0644467,0.00843728,0.0674348084411782
38.7893,0.166667,4.955,-0.00281442,0.0213147,-0.0012153,0.02153402772628474
37.9233,0.5,4.56038,-0.0641622,-0.108973,-0.0312226,0.13025649077339677
38.0711,0.5,4.62773,-0.0405565,-0.085686,-0.0201181,0.09691056823618362
38.2187,0.5,4.695,-0.0178321,-0.0373609,-0.00931119,0.04243252170724832
38.3661,0.5,4.76214,0.0061404,0.0432225,0.00264235,0.043736381102378596
38.5128,0.5,4.829,0.00787331,0.0828606,0.00369281,0.08331569413029097
38.6577,0.5,4.895,9.43433e-05,0.0795395,0.000165327,0.07953972777125393
38.7893,0.5,4.955,-5.62321e-05,0.0203775,2.32812e-06,0.020377577719621464
37.9233,0.833333,4.56038,-0.0848402,-0.176476,-0.0395498,0.1997644232391744
38.0711,0.833333,4.62773,-0.0703257,-0.153135,-0.0330943,0.17173020991654322
38.2187,0.833333,4.695,-0.0531122,-0.108446,-0.0249992,0.12331423561568226
38.3661,0.833333,4.76214,-0.030498,-0.0266631,-0.0144509,0.04301020130643427
38.5128,0.833333,4.829,-0.000443344,0.0749796,-0.000531144,0.07498279191928686
38.6577,0.833333,4.895,-0.00144112,0.0844011,-0.000556053,0.08441523383254476
38.7893,0.833333,4.955,0.000611304,0.0198178,0.000287076,0.019829304124204458
37.9233,1.16667,4.56038,-0.084764,-0.226856,-0.0383546,0.24519309895092886
38.0711,1.16667,4.62773,-0.0781128,-0.211443,-0.0358084,0.22823670450521316
38.2187,1.16667,4.695,-0.0667722,-0.175891,-0.0311461,0.19069937105048354
38.3661,1.16667,4.76214,-0.0513696,-0.10939,-0.0237944,0.12317134965372425
38.5128,1.16667,4.829,-0.0229306,0.0108212,-0.0104268,0.027415852057523216
38.6577,1.16667,4.895,0.00452254,0.0720511,0.00182936,0.0722160711841291
38.7893,1.16667,4.955,-0.00308055,0.0185498,-0.00140155,0.018856012588694356
37.9233,1.5,4.56038,-0.0691734,-0.263411,-0.0303411,0.27402718211478583
38.0711,1.5,4.62773,-0.067113,-0.256257,-0.0303402,0.2666314545473583
38.2187,1.5,4.695,-0.0622249,-0.233084,-0.0286379,0.24294077169635403
38.3661,1.5,4.76214,-0.0514738,-0.186256,-0.0238026,0.19469826241957067
38.5128,1.5,4.829,-0.033448,-0.0951794,-0.015374,0.10205021687561472
38.6577,1.5,4.895,0.00123809,0.0418654,0.000473889,0.041886383882980646
38.7893,1.5,4.955,-0.00145686,0.0179075,-0.000638755,0.017978014497146925
37.9233,1.83333,4.56038,-0.0475728,-0.285522,-0.0194761,0.2901125682473098
38.0711,1.83333,4.62773,-0.0485116,-0.28459,-0.0211724,0.289470402556669
38.2187,1.83333,4.695,-0.0480252,-0.272779,-0.0215957,0.2778150048765005
38.3661,1.83333,4.76214,-0.041948,-0.239558,-0.0194137,0.24397655997183415
38.5128,1.83333,4.829,-0.0319022,-0.164,-0.0145315,0.16770484446517936
38.6577,1.83333,4.895,-0.0112215,-0.0134588,-0.00494504,0.018207547344208663
38.7893,1.83333,4.955,0.00308451,0.0135642,0.00138854,0.013979619698393087
37.9233,2.16667,4.56038,-0.0264397,-0.297142,-0.00911904,0.2984553279648591
38.0711,2.16667,4.62773,-0.0298758,-0.300278,-0.0121721,0.302005961411443
38.2187,2.16667,4.695,-0.0325286,-0.29675,-0.0141997,0.29886502605365184
38.3661,2.16667,4.76214,-0.0314616,-0.276029,-0.014419,0.2781901304441982
38.5128,2.16667,4.829,-0.0267043,-0.219593,-0.0120668,0.2215396419373517
38.6577,2.16667,4.895,-0.0134959,-0.0794219,-0.00606994,0.08078874728589125
38.7893,2.16667,4.955,0.00333942,-0.00167459,0.00149144,0.004022483173128261
37.9233,2.5,4.56038,-0.00672693,-0.298321,0.000745748,0.2983977660243193
38.0711,2.5,4.62773,-0.0120093,-0.303855,-0.00340582,0.30411130186391033
38.2187,2.5,4.695,-0.0166621,-0.30547,-0.00656398,0.30599449718883903
38.3661,2.5,4.76214,-0.0190636,-0.294299,-0.00844683,0.2950367285322437
38.5128,2.5,4.829,-0.0183455,-0.253102,-0.00819347,0.25389823300860304
38.6577,2.5,4.895,-0.0115493,-0.124683,-0.0052353,0.12532615523337498
38.7893,2.5,4.955,0.00249801,-0.0119495,0.0011158,0.01225869543834498
37.9233,2.83333,4.56038,0.0100768,-0.292075,0.00915062,0.29239199949660793
38.0711,2.83333,4.62773,0.00312844,-0.298935,0.00403171,0.29897855449406013
38.2187,2.83333,4.695,-0.00316222,-0.303604,-0.000128106,0.3036204947998004
38.3661,2.83333,4.76214,-0.0082732,-0.299199,-0.00331073,0.29933166951121776
38.5128,2.83333,4.829,-0.011004,-0.270934,-0.00482539,0.2712003037620941
38.6577,2.83333,4.895,-0.0092639,-0.160568,-0.00419854,0.16088980764902913
38.7893,2.83333,4.955,0.0016502,-0.0257616,0.000732453,0.025824788130732242
37.9233,3.16667,4.56038,0.02461,-0.278531,0.0165913,0.280107910093039
38.0711,3.16667,4.62773,0.016259,-0.285764,0.0105716,0.2864213286463842
38.2187,3.16667,4.695,0.00872548,-0.291588,0.00562579,0.29177276305089633
38.3661,3.16667,4.76214,0.0016802,-0.291476,0.00148162,0.2914846082486422
38.5128,3.16667,4.829,-0.00372422,-0.272988,-0.00141814,0.2730170856918446
38.6577,3.16667,4.895,-0.00592259,-0.179373,-0.00262715,0.1794899777659761
38.7893,3.16667,4.955,0.000932482,-0.0333779,0.00041253,0.03339347109977075
37.9233,3.5,4.56038,0.0367661,-0.25948,0.0228335,0.26306460277175264
38.0711,3.5,4.62773,0.0270654,-0.266763,0.0159553,0.26860678629597207
38.2187,3.5,4.695,0.0183166,-0.272934,0.0102679,0.27374056323820556
38.3661,3.5,4.76214,0.00990262,-0.274903,0.00539793,0.2751342562098535
38.5128,3.5,4.829,0.00241389,-0.263698,0.00142098,0.26371287654017295
38.6577,3.5,4.895,-0.00318593,-0.187419,-0.00132465,0.18745075728998112
38.7893,3.5,4.955,0.000388441,-0.0402092,0.000169584,0.04021143381904626
37.9233,3.83333,4.56038,0.0473473,-0.234589,0.0283689,0.24099493817402057
38.0711,3.83333,4.62773,0.036358,-0.241583,0.020662,0.24517579060135605
38.2187,3.83333,4.695,0.0264191,-0.247697,0.01424,0.2495086175942827
38.3661,3.83333,4.76214,0.0169307,-0.250556,0.00877909,0.2512807795270425
38.5128,3.83333,4.829,0.00797641,-0.243234,0.00404181,0.2433983116222547
38.6577,3.83333,4.895,-0.000249304,-0.183742,4.72038e-05,0.1837421751930763
38.7893,3.83333,4.955,2.50265e-05,-0.0419222,1.85795e-05,0.041922211587218566
37.9233,4.16667,4.56038,0.0562956,-0.205202,0.0330783,0.21533979965220082
38.0711,4.16667,4.62773,0.0440807,-0.211751,0.024592,0.21768408434584738
38.2187,4.16667,4.695,0.0330252,-0.217611,0.017487,0.22079630052389917
38.3661,4.16667,4.76214,0.0225266,-0.22082,0.0114537,0.2222613492068515
38.5128,4.16667,4.829,0.012528,-0.215833,0.00619565,0.21628504514164287
38.6577,4.16667,4.895,0.00260019,-0.169999,0.00135682,0.17002429811514735
38.7893,4.16667,4.955,-0.000487483,-0.0416694,-0.000202989,0.04167274577669931
37.9233,4.5,4.56038,0.0640246,-0.171238,0.0372046,0.18656308399659352
38.0711,4.5,4.62773,0.0506752,-0.177227,0.0279986,0.18644384416225707
38.2187,4.5,4.695,0.0385846,-0.182675,0.0202582,0.1878012823422673
38.3661,4.5,4.76214,0.027156,-0.185915,0.0136942,0.188386216785199
38.5128,4.5,4.829,0.0162655,-0.182368,0.00796322,0.18326501790308591
38.6577,4.5,4.895,0.00527787,-0.146947,0.00261406,0.14706498573902796
38.7893,4.5,4.955,-0.000766678,-0.037332,-0.000320253,0.03734124504003171
37.9233,4.83333,4.56038,0.0702936,-0.13378,0.0405685,0.15647390131651348
38.0711,4.83333,4.62773,0.0559267,-0.139151,0.0307239,0.15308414223916206
38.2187,4.83333,4.695,0.042908,-0.144119,0.0224219,0.1520332997228239
38.3661,4.83333,4.76214,0.0306702,-0.147244,0.0153966,0.15119031713572137
38.5128,4.83333,4.829,0.0190246,-0.144692,0.00926935,0.14623142999568356
38.6577,4.83333,4.895,0.00727743,-0.117427,0.00355086,0.11770586188947643
38.7893,4.83333,4.955,-0.000928282,-0.0300562,-0.000385892,0.030073007474264828
37.9233,5.16667,4.56038,0.0754737,-0.0929814,0.0433813,0.12737251401829203
38.0711,5.16667,4.62773,0.0602144,-0.0977541,0.0329819,0.11945477705717758
38.2187,5.16667,4.695,0.0463487,-0.102297,0.0241726,0.11487903547405855
38.3661,5.16667,4.76214,0.0333336,-0.105309,0.0167091,0.11171530062068491
38.5128,5.16667,4.829,0.0209831,-0.103607,0.0102124,0.10620260848194832
38.6577,5.16667,4.895,0.00856344,-0.0829261,0.00416109,0.08347086459257326
38.7893,5.16667,4.955,-0.00101444,-0.0202457,-0.000419885,0.020275447230994066
37.9233,5.5,4.56038,0.0788212,-0.0497759,0.0451519,0.10358144555787972
38.0711,5.5,4.62773,0.0627724,-0.0537996,0.0342832,0.08949921208681115
38.2187,5.5,4.695,0.0481851,-0.0578014,0.0250655,0.07931636019271182
38.3661,5.5,4.76214,0.0345403,-0.0607282,0.0172835,0.07196989628712828
38.5128,5.5,4.829,0.0217448,-0.0599533,0.0105779,0.06464616366297385
38.6577,5.5,4.895,0.0088619,-0.0456931,0.00429871,0.046742609756881354
38.7893,5.5,4.955,-0.00127058,-0.00932199,-0.000537212,0.009423506132509493
37.9233,5.83333,4.56038,0.0818735,-0.00420605,0.0469955,0.0944962320894463
38.0711,5.83333,4.62773,0.0653621,-0.00769554,0.0358672,0.07495252823048466
38.2187,5.83333,4.695,0.0499247,-0.0116276,0.0261744,0.05755671956609411
38.3661,5.83333,4.76214,0.0349091,-0.0151948,0.0176343,0.04195826195566256
38.5128,5.83333,4.829,0.0202755,-0.0159189,0.00997109,0.027639282068246635
38.6577,5.83333,4.895,0.00618123,-0.00811637,0.00305165,0.010648738611323878
38.7893,5.83333,4.955,-0.00117307,0.000127858,-0.000506027,0.0012839408934187742
37.9233,6.16667,4.56038,0.0815451,0.0407467,0.0468145,0.10247679886271818
38.0711,6.16667,4.62773,0.0654159,0.0392919,0.0358991,0.08433171858340135
38.2187,6.16667,4.695,0.0502888,0.0376661,0.0263691,0.06813976760644257
38.3661,6.16667,4.76214,0.0354582,0.0356647,0.0179164,0.05338775292414919
38.5128,6.16667,4.829,0.0208425,0.0315639,0.010253,0.03918945774643992
38.6577,6.16667,4.895,0.00656966,0.0199341,0.00325162,0.021239157420905378
38.7893,6.16667,4.955,-0.00119298,0.00323202,-0.000512838,0.0034831246568338605
37.9233,6.5,4.56038,0.077936,0.0843187,0.0446488,0.12319569232375782
38.0711,6.5,4.62773,0.0625421,0.0837372,0.0341521,0.10995362145313814
38.2187,6.5,4.695,0.0484747,0.0828304,0.0252205,0.09923076803340787
38.3661,6.5,4.76214,0.0351591,0.0811101,0.0176024,0.09013797823659016
38.5128,6.5,4.829,0.0224373,0.0765977,0.0109192,0.08055972321960894
38.6577,6.5,4.895,0.00940167,0.0593957,0.00456152,0.06030794344022436
38.7893,6.5,4.955,-0.00125691,0.0137491,-0.000529197,0.013816570595589522
37.9233,6.83333,4.56038,0.073632,0.126161,0.0423046,0.15207875764274248
38.0711,6.83333,4.62773,0.059053,0.126529,0.0322932,0.14331676599839951
38.2187,6.83333,4.695,0.0457574,0.126474,0.023813,0.13658869389433373
38.3661,6.83333,4.76214,0.0331834,0.125259,0.0165952,0.13063826307632848
38.5128,6.83333,4.829,0.0210891,0.120295,0.0102405,0.12255816987887834
38.6577,6.83333,4.895,0.00879497,0.0973547,0.00426409,0.09784411874465936
38.7893,6.83333,4.955,-0.00098821,0.0254019,-0.000406229,0.025424360456352508
37.9233,7.16667,4.56038,0.0678147,0.165004,0.0391508,0.18264155795636985
38.0711,7.16667,4.62773,0.0542055,0.166174,0.0297387,0.1773032001514355
38.2187,7.16667,4.695,0.0418397,0.166874,0.0218133,0.17341658637218066
38.3661,7.16667,4.76214,0.030118,0.166225,0.0150787,0.1696031006281725
38.5128,7.16667,4.829,0.0188081,0.160919,0.00913919,0.1622719753391389
38.6577,7.16667,4.895,0.00723497,0.13187,0.0035249,0.1321153534261287
38.7893,7.16667,4.955,-0.000947691,0.0352732,-0.000394306,0.03528813162655565
37.9233,7.5,4.56038,0.0610052,0.200505,0.035524,0.212569621602053
38.0711,7.5,4.62773,0.0484688,0.202448,0.0267816,0.2098849003049052
38.2187,7.5,4.695,0.0370891,0.203898,0.0194492,0.20815443094839464
38.3661,7.5,4.76214,0.0262337,0.203724,0.0132067,0.20583025073244213
38.5128,7.5,4.829,0.0157445,0.197828,0.00769702,0.19860274666058977
38.6577,7.5,4.895,0.00501019,0.160796,0.0024872,0.16089326208289798
38.7893,7.5,4.955,-0.000795817,0.0421314,-0.000333,0.04214023112961637
37.9233,7.83333,4.56038,0.0528673,0.232049,0.0311959,0.24003098547291765
38.0711,7.83333,4.62773,0.041527,0.234706,0.0232083,0.23947864905642424
38.2187,7.83333,4.695,0.031235,0.236831,0.0165407,0.23945384219613183
38.3661,7.83333,4.76214,0.0213614,0.236986,0.0108546,0.2381942399536983
38.5128,7.83333,4.829,0.0118098,0.229985,0.00584184,0.230362103427681
38.6577,7.83333,4.895,0.00220812,0.182603,0.00117338,0.18262011998561054
38.7893,7.83333,4.955,-0.000489768,0.0457283,-0.000203777,0.045731376741243564
37.9233,8.16667,4.56038,0.0436132,0.258917,0.0263545,0.2638838452302263
38.0711,8.16667,4.62773,0.033548,0.262172,0.019175,0.26500435187558713
38.2187,8.16667,4.695,0.0244222,0.264819,0.0132121,0.26627073853551764
38.3661,8.16667,4.76214,0.0155868,0.264964,0.00811138,0.2655459736387362
38.5128,8.16667,4.829,0.00713071,0.255936,0.00363923,0.2560611784634621
38.6577,8.16667,4.895,-0.000660478,0.194846,-0.00014422,0.19484717279600666
38.7893,8.16667,4.955,1.57866e-05,0.0453077,1.4222e-05,0.045307704982398125
37.9233,8.5,4.56038,0.0328317,0.280912,0.0207369,0.28358330573307733
38.0711,8.5,4.62773,0.0241092,0.284624,0.014415,0.28600676062925506
38.2187,8.5,4.695,0.0162034,0.287618,0.00920027,0.28822093793413567
38.3661,8.5,4.76214,0.00847757,0.287214,0.00470466,0.2873775997095468
38.5128,8.5,4.829,0.00153539,0.274434,0.00100832,0.27444014736855554
38.6577,8.5,4.895,-0.00358138,0.196916,-0.00150842,0.1969543415860661
38.7893,8.5,4.955,0.000381458,0.0427905,0.000167199,0.04279252687048715
37.9233,8.83333,4.56038,0.0205984,0.296929,0.0144916,0.2979951871995922
38.0711,8.83333,4.62773,0.0132649,0.300816,0.00904489,0.3012441426204368
38.2187,8.83333,4.695,0.00660462,0.303787,0.00458638,0.3038933978484047
38.3661,8.83333,4.76214,0.000266931,0.301593,0.000808658,0.30159420224685973
38.5128,8.83333,4.829,-0.00457655,0.281901,-0.00181043,0.28194395944529016
38.6577,8.83333,4.895,-0.00634636,0.187254,-0.0028186,0.187382713469545
38.7893,8.83333,4.955,0.00096143,0.0353203,0.000426213,0.03533595332315614
37.9233,9.16667,4.56038,0.00618123,0.307158,0.00715923,0.3073035944184607
38.0711,9.16667,4.62773,0.000278112,0.310926,0.00261349,0.3109371080335453
38.2187,9.16667,4.695,-0.00510107,0.313055,-0.00105829,0.3130983454409637
38.3661,9.16667,4.76214,-0.00953217,0.307049,-0.00389162,0.30722157374138503
38.5128,9.16667,4.829,-0.0117595,0.277929,-0.00516358,0.2782255873201931
38.6577,9.16667,4.895,-0.00960299,0.16666,-0.00434839,0.16699305827648106
38.7893,9.16667,4.955,0.00167601,0.027014,0.000744649,0.02707618340263821
37.9233,9.5,4.56038,-0.0102295,0.309896,-0.00100483,0.31006641735211976
38.0711,9.5,4.62773,-0.0144972,0.312747,-0.00458453,0.3131163884758524
38.2187,9.5,4.695,-0.0183155,0.312384,-0.00732045,0.3130060861779727
38.3661,9.5,4.76214,-0.0201245,0.300124,-0.00891284,0.3009299745673661
38.5128,9.5,4.829,-0.0189771,0.258461,-0.00846502,0.2592949583177629
38.6577,9.5,4.895,-0.0118543,0.12955,-0.0053669,0.13020188379628
38.7893,9.5,4.955,0.00254175,0.0128511,0.00113598,0.013149209665713755
37.9233,9.83333,4.56038,-0.0292748,0.305249,-0.0104591,0.30682789750746264
38.0711,9.83333,4.62773,-0.0317935,0.306247,-0.0130267,0.3081683737247221
38.2187,9.83333,4.695,-0.0337236,0.301319,-0.0147061,0.3035567333056047
38.3661,9.83333,4.76214,-0.0321724,0.280026,-0.014701,0.28225120619540317
38.5128,9.83333,4.829,-0.027049,0.223507,-0.0122011,0.22546816691322527
38.6577,9.83333,4.895,-0.0136734,0.0828434,-0.00614481,0.08418877289197235
38.7893,9.83333,4.955,0.00333373,0.00211956,0.00148888,0.00422173589426198
37.9233,10.1667,4.56038,-0.0496153,0.290535,-0.0203535,0.2954429372676558
38.0711,10.1667,4.62773,-0.0498105,0.288068,-0.0216851,0.2931458717025706
38.2187,10.1667,4.695,-0.0487983,0.27549,-0.0218729,0.28063221115420806
38.3661,10.1667,4.76214,-0.0424444,0.242193,-0.0195837,0.24666272042213835
38.5128,10.1667,4.829,-0.0322625,0.167171,-0.0146589,0.17088562109335
38.6577,10.1667,4.895,-0.0116661,0.0168968,-0.00513019,0.021164087244341535
38.7893,10.1667,4.955,0.00323237,-0.0132942,0.00145361,0.013758522867263041
37.9233,10.5,4.56038,-0.0702756,0.265866,-0.0307019,0.27670561355883255
38.0711,10.5,4.62773,-0.0676586,0.25785,-0.0304655,0.2683140982956542
38.2187,10.5,4.695,-0.0624651,0.234553,-0.0286457,0.2444127137763091
38.3661,10.5,4.76214,-0.0515293,0.18818,-0.0237861,0.19655218063328628
38.5128,10.5,4.829,-0.0336691,0.0977434,-0.0154616,0.10452962074421776
38.6577,10.5,4.895,0.00046487,-0.0410208,0.000148658,0.04102370334279761
38.7893,10.5,4.955,-0.00112321,-0.017999,-0.000488493,0.018040627126437402
37.9233,10.8333,4.56038,-0.0850948,0.227472,-0.0383127,0.2458708985470424
38.0711,10.8333,4.62773,-0.0781604,0.211836,-0.0356913,0.22859879247242318
38.2187,10.8333,4.695,-0.0667296,0.176657,-0.0310407,0.19137413676265141
38.3661,10.8333,4.76214,-0.0514218,0.11144,-0.0237842,0.12501505223324108
38.5128,10.8333,4.829,-0.023628,-0.00665162,-0.0107349,0.02679112746105322
38.6577,10.8333,4.895,0.00477415,-0.0720993,0.0019347,0.07228308676863836
38.7893,10.8333,4.955,-0.00321449,-0.0189728,-0.00146041,0.01929852023260333
37.9233,11.1667,4.56038,-0.0848976,0.176197,-0.0394036,0.1995134807167676
38.0711,11.1667,4.62773,-0.0705068,0.153102,-0.0330583,0.17176810661217057
38.2187,11.1667,4.695,-0.0533962,0.109411,-0.025106,0.12430700837619735
38.3661,11.1667,4.76214,-0.031273,0.0297268,-0.014794,0.04561299818297412
38.5128,11.1667,4.829,-0.000659672,-0.0740155,-0.000625164,0.07402107968291519
38.6577,11.1667,4.895,-0.000973696,-0.0844898,-0.000349193,0.08449613200432116
38.7893,11.1667,4.955,0.000455589,-0.0198801,0.0002165,0.01988649817330646
37.9233,11.5,4.56038,-0.0642903,0.108702,-0.0311223,0.13006907793699468
38.0711,11.5,4.62773,-0.0409208,0.0858742,-0.0202554,0.09725827125463417
38.2187,11.5,4.695,-0.0184853,0.0386961,-0.00959017,0.04394389413705731
38.3661,11.5,4.76214,0.00566248,-0.0422071,0.00240702,0.04265321459680149
38.5128,11.5,4.829,0.00817572,-0.0821011,0.00380897,0.08259504386577503
38.6577,11.5,4.895,0.000132645,-0.0787889,0.00018795,0.07878923583274891
38.7893,11.5,4.955,4.23141e-06,-0.0200771,3.07593e-05,0.020077124008417317
37.9233,11.8333,4.56038,-0.019909,0.0385396,-0.0150149,0.04590333616601303
38.0711,11.8333,4.62773,0.0143329,0.0232712,0.00333173,0.027533274353823228
38.2187,11.8333,4.695,0.0399144,-0.00492223,0.0169353,0.04363704918555906
38.3661,11.8333,4.76214,0.0485383,-0.0255198,0.0217207,0.05898318037729061
38.5128,11.8333,4.829,0.037764,-0.0497426,0.0174002,0.06483219039026832
38.6577,11.8333,4.895,0.0177802,-0.0638375,0.00835275,0.06679169372648444
38.7893,11.8333,4.955,-0.00280665,-0.0209811,-0.00121121,0.021202614723109033
37.9233,0.166667,4.57124,-0.0187312,-0.0390445,-0.0148378,0.045776534846250654
38.0711,0.166667,4.63692,0.0156232,-0.0228176,0.00342358,0.027864819181476846
38.2187,0.166667,4.70253,0.0408793,0.00534628,0.0168686,0.04454491603189302
38.3661,0.166667,4.76802,0.0489219,0.0261177,0.0213269,0.05941652309341232
38.5128,0.166667,4.83322,0.0379667,0.0502965,0.0170864,0.06529282721784989
38.6577,0.166667,4.89759,0.0177341,0.0644009,0.00814443,0.0672926887829941
38.7893,0.166667,4.95611,-0.00281917,0.0211303,-0.00118202,0.021350280299314576
37.9233,0.5,4.57124,-0.0638778,-0.109834,-0.0305037,0.13066888153852851
38.0711,0.5,4.63692,-0.0403038,-0.0859122,-0.0196434,0.09690802632826653
38.2187,0.5,4.70253,-0.0175877,-0.0368698,-0.0090918,0.04184937479305993
38.3661,0.5,4.76802,0.00600475,0.0433621,0.0024965,0.04384702100739
38.5128,0.5,4.83322,0.00772049,0.0830314,0.00353674,0.08346453067997028
38.6577,0.5,4.89759,-6.02093e-06,0.0791248,0.000126197,0.07912490086549497
38.7893,0.5,4.95611,-2.98008e-05,0.0201398,1.65221e-05,0.02013982882517796
37.9233,0.833333,4.57124,-0.0848153,-0.177574,-0.0386127,0.20054201851826464
38.0711,0.833333,4.63692,-0.0702609,-0.153701,-0.0323126,0.1720601510767964
38.2187,0.833333,4.70253,-0.0529779,-0.1083,-0.0243771,0.12300321496944704
38.3661,0.833333,4.76802,-0.0302309,-0.0258769,-0.0140201,0.04219104730188622
38.5128,0.833333,4.83322,-0.000471868,0.0750575,-0.000558171,0.07506105861580067
38.6577,0.833333,4.89759,-0.0014702,0.0839086,-0.000545612,0.08392325264463088
38.7893,0.833333,4.95611,0.000625588,0.0196111,0.000286967,0.019623173892488265
37.9233,1.16667,4.57124,-0.0849103,-0.228198,-0.0374327,0.24634385171824363
38.0711,1.16667,4.63692,-0.0781783,-0.212352,-0.0349621,0.22897066827718351
38.2187,1.16667,4.70253,-0.0667654,-0.176209,-0.0304091,0.19087153711585705
38.3661,1.16667,4.76802,-0.0512542,-0.109002,-0.0231807,0.12266121585134399
38.5128,1.16667,4.83322,-0.0227149,0.0113371,-0.0100582,0.02730684723031936
38.6577,1.16667,4.89759,0.00452982,0.0716556,0.00176653,0.07182036555764179
38.7893,1.16667,4.95611,-0.00309047,0.018372,-0.00137147,0.018680533150362704
37.9233,1.5,4.57124,-0.0694223,-0.264895,-0.0295805,0.27543388089075027
38.0711,1.5,4.63692,-0.0672669,-0.257431,-0.0296155,0.26771745075145925
38.2187,1.5,4.70253,-0.0622795,-0.233803,-0.0279564,0.24356547216346164
38.3661,1.5,4.76802,-0.0514489,-0.186276,-0.0232061,0.19463879511654403
38.5128,1.5,4.83322,-0.0332694,-0.0945174,-0.0149138,0.10130554431796909
38.6577,1.5,4.89759,0.00132638,0.0415078,0.000497899,0.04153197139744995
38.7893,1.5,4.95611,-0.00152067,0.0176982,-0.000649497,0.01777527965580033
37.9233,1.83333,4.57124,-0.0478898,-0.287078,-0.0189334,0.2916602212568591
38.0711,1.83333,4.63692,-0.0487154,-0.285946,-0.020644,0.2907997246373524
38.2187,1.83333,4.70253,-0.0481197,-0.27378,-0.0210745,0.27877433253142225
38.3661,1.83333,4.76802,-0.0419723,-0.239955,-0.0189491,0.24433408354771136
38.5128,1.83333,4.83322,-0.0318339,-0.163572,-0.0141348,0.16723931638299053
38.6577,1.83333,4.89759,-0.0110314,-0.0132154,-0.00471886,0.01784954405074819
38.7893,1.83333,4.95611,0.00303344,0.0134403,0.00133008,0.01384241796544231
37.9233,2.16667,4.57124,-0.0268143,-0.298693,-0.00878129,0.30002270911974993
38.0711,2.16667,4.63692,-0.0301126,-0.301711,-0.0118293,0.303440650767576
38.2187,2.16667,4.70253,-0.0326569,-0.297919,-0.0138429,0.30002304837965366
38.3661,2.16667,4.76802,-0.0315195,-0.27671,-0.014075,0.27885481635655857
38.5128,2.16667,4.83322,-0.0266999,-0.219401,-0.0117452,0.22133150065919222
38.6577,2.16667,4.89759,-0.0133329,-0.0787723,-0.00583471,0.08010546367435932
38.7893,2.16667,4.95611,0.00331873,-0.00166998,0.00144318,0.003985670649426518
37.9233,2.5,4.57124,-0.00716714,-0.299835,0.000887632,0.2999219615355752
38.0711,2.5,4.63692,-0.0122759,-0.305296,-0.00324048,0.3055598894610358
38.2187,2.5,4.70253,-0.0168124,-0.306721,-0.00637218,0.30724751148335183
38.3661,2.5,4.76802,-0.0191422,-0.295161,-0.00824074,0.29589584237969213
38.5128,2.5,4.83322,-0.0183795,-0.253105,-0.00798184,0.25389694132666435
38.6577,2.5,4.89759,-0.0114525,-0.123865,-0.00505634,0.12449604232844352
38.7893,2.5,4.95611,0.00250494,-0.0118294,0.00108978,0.012140718644791998
37.9233,2.83333,4.57124,0.00955448,-0.293521,0.00912535,0.29381820491877775
38.0711,2.83333,4.63692,0.00282423,-0.300334,0.00404959,0.30037457783617605
38.2187,2.83333,4.70253,-0.00333149,-0.304864,-7.25231e-05,0.30488221099503354
38.3661,2.83333,4.76802,-0.00836744,-0.300159,-0.00322011,0.300292871113461
38.5128,2.83333,4.83322,-0.0110616,-0.27111,-0.00470492,0.27137635742040317
38.6577,2.83333,4.89759,-0.00922083,-0.159772,-0.004069,0.16008957633427887
38.7893,2.83333,4.95611,0.00167614,-0.0255357,0.000724748,0.025600911691834417
37.9233,3.16667,4.57124,0.0240063,-0.279878,0.0164213,0.2813852455573675
38.0711,3.16667,4.63692,0.0159168,-0.287077,0.0104607,0.28770814151798
38.2187,3.16667,4.70253,0.00853475,-0.29281,0.00556148,0.29298714667601533
38.3661,3.16667,4.76802,0.00157212,-0.292469,0.00146769,0.2924769078683486
38.5128,3.16667,4.83322,-0.00379433,-0.273289,-0.00138197,0.27331883268854673
38.6577,3.16667,4.89759,-0.00591689,-0.178635,-0.00254963,0.17875114943800782
38.7893,3.16667,4.95611,0.000962979,-0.0330806,0.000415253,0.03309721831164139
37.9233,3.5,4.57124,0.0360785,-0.260714,0.0225405,0.26416192401347327
38.0711,3.5,4.63692,0.0266812,-0.267967,0.0157382,0.2697515346790079
38.2187,3.5,4.70253,0.0181095,-0.274068,0.0101111,0.27485169993554703
38.3661,3.5,4.76802,0.00978645,-0.27587,0.00530085,0.2760944231858459
38.5128,3.5,4.83322,0.00233082,-0.264089,0.001385,0.26410291718925105
38.6577,3.5,4.89759,-0.00320746,-0.18678,-0.0012859,0.18681196358494176
38.7893,3.5,4.95611,0.000419361,-0.0398653,0.000178941,0.03986790723902876
37.9233,3.83333,4.57124,0.0465702,-0.235706,0.0279647,0.2418845311509812
38.0711,3.83333,4.63692,0.0359252,-0.242674,0.0203503,0.2461613799545534
38.2187,3.83333,4.70253,0.0261933,-0.248727,0.0140034,0.2504941210995779
38.3661,3.83333,4.76802,0.0168088,-0.251447,0.00861334,0.25215534734047496
38.5128,3.83333,4.83322,0.00788805,-0.243683,0.00394575,0.24384256143024952
38.6577,3.83333,4.89759,-0.000293535,-0.183183,4.42283e-05,0.18318324052144822
38.7893,3.83333,4.95611,4.92365e-05,-0.0415648,2.99997e-05,0.04156483998832345
37.9233,4.16667,4.57124,0.0554298,-0.206194,0.0325784,0.21598560255396654
38.0711,4.16667,4.63692,0.0435975,-0.212719,0.0242005,0.21848519210120396
38.2187,4.16667,4.70253,0.0327771,-0.218523,0.0171843,0.22163469940399677
38.3661,4.16667,4.76802,0.0223992,-0.221612,0.011233,0.2230241758053149
38.5128,4.16667,4.83322,0.012438,-0.216269,0.0060547,0.21671096787447097
38.6577,4.16667,4.89759,0.00253746,-0.16956,0.00131394,0.169584075731111
38.7893,4.16667,4.95611,-0.000470197,-0.041309,-0.000188052,0.0413121039136657
37.9233,4.5,4.57124,0.0630698,-0.172106,0.0366187,0.18692031483423624
38.0711,4.5,4.63692,0.0501387,-0.178074,0.0275363,0.18703605676815366
38.2187,4.5,4.70253,0.0383097,-0.183468,0.0198977,0.1884782709051099
38.3661,4.5,4.76802,0.0270185,-0.186598,0.0134265,0.18902138463279758
38.5128,4.5,4.83322,0.0161749,-0.182757,0.00778487,0.18363646870904182
38.6577,4.5,4.89759,0.0052035,-0.146607,0.00253843,0.14672127483127623
38.7893,4.5,4.95611,-0.000760746,-0.0369994,-0.000306679,0.037008490739903956
37.9233,4.83333,4.57124,0.0692565,-0.13452,0.0399108,0.15647672398439966
38.0711,4.83333,4.63692,0.0553387,-0.139873,0.0302033,0.15342446733679735
38.2187,4.83333,4.70253,0.0426047,-0.144789,0.0220148,0.15252431413427173
38.3661,4.83333,4.76802,0.0305193,-0.147812,0.0150919,0.15168249886555799
38.5128,4.83333,4.83322,0.01893,-0.145015,0.0090627,0.14652586002576473
38.6577,4.83333,4.89759,0.00719488,-0.117167,0.0034515,0.11743843084554731
38.7893,4.83333,4.95611,-0.000933057,-0.0297777,-0.000374817,0.029794672349914137
37.9233,5.16667,4.57124,0.0743576,-0.0935993,0.0426603,0.12692431931800935
38.0711,5.16667,4.63692,0.059573,-0.0983566,0.0324098,0.11947116065645298
38.2187,5.16667,4.70253,0.0460117,-0.10285,0.0237243,0.11514356884941512
38.3661,5.16667,4.76802,0.0331621,-0.105767,0.0163727,0.11204663524934606
38.5128,5.16667,4.83322,0.020877,-0.103857,0.00998273,0.10640385555163356
38.6577,5.16667,4.89759,0.00847148,-0.0827339,0.0040451,0.08326480058590424
38.7893,5.16667,4.95611,-0.00102599,-0.0200455,-0.000410598,0.02007593874387208
37.9233,5.5,4.57124,0.0776473,-0.0502611,0.0443845,0.10259271519338008
38.0711,5.5,4.63692,0.0620927,-0.054277,0.0336755,0.08908162224914856
38.2187,5.5,4.70253,0.0478227,-0.0582372,0.024591,0.07926726550178201
38.3661,5.5,4.76802,0.0343508,-0.0610811,0.0169289,0.0720934524978517
38.5128,5.5,4.83322,0.0216237,-0.0601384,0.0103356,0.06473821270015107
38.6577,5.5,4.89759,0.0087601,-0.0455826,0.0041754,0.046604149385328336
38.7893,5.5,4.95611,-0.00128137,-0.0092216,-0.000524799,0.009324978800367376
37.9233,5.83333,4.57124,0.0806322,-0.00460208,0.0461939,0.09304089001281318
38.0711,5.83333,4.63692,0.0646148,-0.0080912,0.0352266,0.07403683707479676
38.2187,5.83333,4.70253,0.0494948,-0.0119849,0.0256703,0.057029267548689415
38.3661,5.83333,4.76802,0.034656,-0.0154687,0.0172584,0.04169138263778259
38.5128,5.83333,4.83322,0.0201029,-0.0160542,0.00972594,0.02750377855738371
38.6577,5.83333,4.89759,0.00607589,-0.00812597,0.00295419,0.010567642418680715
38.7893,5.83333,4.95611,-0.00116796,0.00012236,-0.000488463,0.0012718878227143304
37.9233,6.16667,4.57124,0.0803414,0.0406078,0.0460334,0.10110790221520768
38.0711,6.16667,4.63692,0.0646939,0.039155,0.035271,0.08344134564596858
38.2187,6.16667,4.70253,0.0498741,0.0375366,0.0258704,0.06756996216167359
38.3661,6.16667,4.76802,0.0352135,0.0355231,0.0175406,0.053005224876610045
38.5128,6.16667,4.83322,0.020674,0.0313526,0.0100053,0.038865226499404326
38.6577,6.16667,4.89759,0.00646137,0.0196456,0.00315039,0.020919461245189848
38.7893,6.16667,4.95611,-0.00119012,0.0031427,-0.000495885,0.003396888405235739
37.9233,6.5,4.57124,0.0768216,0.0843293,0.043913,0.12223477669652773
38.0711,6.5,4.63692,0.0619041,0.0837493,0.0335652,0.10941976740214722
38.2187,6.5,4.70253,0.0481401,0.0828443,0.0247574,0.09896249858032082
38.3661,6.5,4.76802,0.0349888,0.0811034,0.0172523,0.08999788593233733
38.5128,6.5,4.83322,0.0223309,0.0764862,0.0106775,0.08039164690127949
38.6577,6.5,4.89759,0.00930508,0.0590295,0.00443595,0.05992281732744965
38.7893,6.5,4.95611,-0.00127203,0.0135399,-0.000518727,0.013609409613625015
37.9233,6.83333,4.57124,0.072593,0.126315,0.0416214,0.15151753631827572
38.0711,6.83333,4.63692,0.0584711,0.126684,0.0317493,0.14309340810009383
38.2187,6.83333,4.70253,0.0454641,0.126627,0.0233844,0.13655845518008028
38.3661,6.83333,4.76802,0.033043,0.125381,0.016271,0.1306789212191469
38.5128,6.83333,4.83322,0.0210044,0.120277,0.0100174,0.12250750936624252
38.6577,6.83333,4.89759,0.00871256,0.0969438,0.00414975,0.09742294126773271
38.7893,6.83333,4.95611,-0.00100208,0.0251025,-0.000398096,0.025125647275276632
37.9233,7.16667,4.57124,0.0668616,0.165296,0.0385377,0.18242367031679302
38.0711,7.16667,4.63692,0.0536827,0.166471,0.0292525,0.177341858782804
38.2187,7.16667,4.70253,0.041584,0.167171,0.0214309,0.17359336327120917
38.3661,7.16667,4.76802,0.0299997,0.166487,0.0147903,0.16981359233930599
38.5128,7.16667,4.83322,0.0187339,0.161004,0.0089419,0.16233670133651232
38.6577,7.16667,4.89759,0.00716052,0.131422,0.00342936,0.13166159516229478
38.7893,7.16667,4.95611,-0.000952367,0.0349081,-0.000382839,0.034923187343262496
37.9233,7.5,4.57124,0.0601384,0.200937,0.0349883,0.21264168514298884
38.0711,7.5,4.63692,0.048,0.202889,0.0263588,0.21014931039249216
38.2187,7.5,4.70253,0.0368627,0.204342,0.0191177,0.20851857967236395
38.3661,7.5,4.76802,0.0261285,0.204128,0.0129588,0.206201041204185
38.5128,7.5,4.83322,0.0156728,0.198008,0.00753071,0.19877000859522068
38.6577,7.5,4.89759,0.00494335,0.160292,0.00241758,0.1603864291836404
38.7893,7.5,4.95611,-0.000788568,0.0417259,-0.000318394,0.04173456535103559
37.9233,7.83333,4.57124,0.0520911,0.23262,0.0307512,0.24035636750593897
38.0711,7.83333,4.63692,0.041112,0.235291,0.0228605,0.23994718936726475
38.2187,7.83333,4.70253,0.0310347,0.237423,0.0162703,0.23999490868595527
38.3661,7.83333,4.76802,0.021265,0.237528,0.0106561,0.23871594725993903
38.5128,7.83333,4.83322,0.0117374,0.230239,0.00571493,0.23060881185389448
38.6577,7.83333,4.89759,0.00215293,0.182025,0.00113808,0.18204128915900178
38.7893,7.83333,4.95611,-0.000471416,0.0453127,-0.000188239,0.045315543119951424
37.9233,8.16667,4.57124,0.0429258,0.259629,0.0260093,0.2644358629859611
38.0711,8.16667,4.63692,0.0331823,0.262904,0.01891,0.2656636338479356
38.2187,8.16667,4.70253,0.0242426,0.265556,0.01301,0.266977438917149
38.3661,8.16667,4.76802,0.0154943,0.265635,0.00796972,0.2662058282501876
38.5128,8.16667,4.83322,0.00705913,0.256228,0.00355882,0.25634992588286293
38.6577,8.16667,4.89759,-0.000697769,0.194173,-0.000139695,0.19417430397781885
38.7893,8.16667,4.95611,4.13221e-05,0.0449068,2.63871e-05,0.044906826764257064
37.9233,8.5,4.57124,0.0322324,0.281761,0.0205061,0.2843390385929621
38.0711,8.5,4.63692,0.0237897,0.285499,0.0142468,0.28684246571477173
38.2187,8.5,4.70253,0.0160402,0.288492,0.00907969,0.28908020141569035
38.3661,8.5,4.76802,0.00838926,0.287992,0.00463304,0.28815141298801433
38.5128,8.5,4.83322,0.00146827,0.274702,0.000988522,0.27470770247034826
38.6577,8.5,4.89759,-0.00359742,0.196185,-0.0014628,0.19622343244244914
38.7893,8.5,4.95611,0.000413763,0.0424192,0.00017734,0.04242158858335893
37.9233,8.83333,4.57124,0.0200801,0.297916,0.0143858,0.2989382958298418
38.0711,8.83333,4.63692,0.0129843,0.301831,0.00898391,0.302243701748073
38.2187,8.83333,4.70253,0.00645489,0.304782,0.00455914,0.30488443529713305
38.3661,8.83333,4.76802,0.000184956,0.30243,0.000820221,0.3024311688156675
38.5128,8.83333,4.83322,-0.00463355,0.282111,-0.00175918,0.2821545335819981
38.6577,8.83333,4.89759,-0.00633506,0.186447,-0.0027334,0.18657461850359927
38.7893,8.83333,4.95611,0.000992672,0.0350085,0.000429012,0.035025198375537116
37.9233,9.16667,4.57124,0.00573872,0.308275,0.00719939,0.30841245070296774
38.0711,9.16667,4.63692,3.05901e-05,0.312064,0.0026809,0.312075516913077
38.2187,9.16667,4.70253,-0.00523497,0.31413,-0.000968109,0.3141751088898304
38.3661,9.16667,4.76802,-0.00960488,0.307893,-0.00377753,0.30806593921061004
38.5128,9.16667,4.83322,-0.0118053,0.278047,-0.00502879,0.27834293245195596
38.6577,9.16667,4.89759,-0.00955469,0.165822,-0.00421207,0.16615044182511524
38.7893,9.16667,4.95611,0.0017022,0.0267869,0.000736814,0.026851040786543004
37.9233,9.5,4.57124,-0.0106037,0.311127,-0.000802486,0.3113086773067371
38.0711,9.5,4.63692,-0.014718,0.313977,-0.00437344,0.31435219584159674
38.2187,9.5,4.70253,-0.0184372,0.313494,-0.00709756,0.3141158922082638
38.3661,9.5,4.76802,-0.0201853,0.300909,-0.0086856,0.30171031182982455
38.5128,9.5,4.83322,-0.0190007,0.258439,-0.00824043,0.25926752208495935
38.6577,9.5,4.89759,-0.0117532,0.128717,-0.00518187,0.12935631247038892
38.7893,9.5,4.95611,0.00254866,0.012738,0.00110949,0.013037763606374368
37.9233,9.83333,4.57124,-0.0295984,0.306571,-0.0100689,0.3081610391836872
38.0711,9.83333,4.63692,-0.0319957,0.307519,-0.0126452,0.3094374916885961
38.2187,9.83333,4.70253,-0.03383,0.302394,-0.0143234,0.30461739924626763
38.3661,9.83333,4.76802,-0.032216,0.28067,-0.01434,0.2828765722996515
38.5128,9.83333,4.83322,-0.0270368,0.223324,-0.0118704,0.22526762733779568
38.6577,9.83333,4.89759,-0.013509,0.0822044,-0.00590655,0.08351612894083693
38.7893,9.83333,4.95611,0.00331378,0.00212925,0.00144101,0.004194204724497839
37.9233,10.1667,4.57124,-0.0498965,0.291917,-0.0197675,0.296809618539393
38.0711,10.1667,4.63692,-0.0499904,0.289316,-0.0211258,0.2943621704190265
38.2187,10.1667,4.70253,-0.0488779,0.276443,-0.0213312,0.2815400530135099
38.3661,10.1667,4.76802,-0.0424594,0.242597,-0.0191053,0.2470245282263484
38.5128,10.1667,4.83322,-0.0321911,0.166786,-0.0142536,0.17046114462882736
38.6577,10.1667,4.89759,-0.0114725,0.0166753,-0.00489613,0.020824408162464066
38.7893,10.1667,4.95611,0.00318139,-0.0131545,0.00139336,0.013605277089118765
37.9233,10.5,4.57124,-0.0705042,0.267237,-0.0299099,0.2779947094903966
38.0711,10.5,4.63692,-0.0677996,0.258971,-0.0297204,0.26934377063024867
38.2187,10.5,4.70253,-0.0625118,0.235273,-0.0279517,0.24503552232509068
38.3661,10.5,4.76802,-0.0515011,0.188247,-0.0231843,0.19653703996117372
38.5128,10.5,4.83322,-0.0334955,0.0971484,-0.0150004,0.10384975754892257
38.6577,10.5,4.89759,0.000553068,-0.0406022,0.000183445,0.040606381039445624
38.7893,10.5,4.95611,-0.00118498,-0.0177727,-0.000502138,0.017819236388281173
37.9233,10.8333,4.57124,-0.0852365,0.228756,-0.037372,0.24696403554414556
38.0711,10.8333,4.63692,-0.0782246,0.212741,-0.0348345,0.2293278515933248
38.2187,10.8333,4.70253,-0.0667247,0.17702,-0.0302992,0.19158890236840442
38.3661,10.8333,4.76802,-0.0513139,0.11113,-0.0231703,0.12457871421434723
38.5128,10.8333,4.83322,-0.0234177,-0.00710879,-0.0103601,0.026575463129813934
38.6577,10.8333,4.89759,0.00478089,-0.0716527,0.00186817,0.07183631662071073
38.7893,10.8333,4.95611,-0.00322674,-0.0187774,-0.00142977,0.019106199099781725
37.9233,11.1667,4.57124,-0.0848849,0.177282,-0.0384581,0.20028324749618975
38.0711,11.1667,4.63692,-0.0704539,0.153701,-0.032272,0.17213143643800222
38.2187,11.1667,4.70253,-0.0532766,0.109333,-0.024483,0.12406255795186556
38.3661,11.1667,4.76802,-0.0310206,0.0290093,-0.0143598,0.04483325737541273
38.5128,11.1667,4.83322,-0.000692592,-0.0740457,-0.000650233,0.07405179386836455
38.6577,11.1667,4.89759,-0.00100611,-0.0839651,-0.000345784,0.0839718395768293
38.7893,11.1667,4.95611,0.000468719,-0.0196623,0.000217605,0.0196690897279713
37.9233,11.5,4.57124,-0.0640336,0.109571,-0.030403,0.13050076007043024
38.0711,11.5,4.63692,-0.0406937,0.0861407,-0.0197839,0.09730159359121515
38.2187,11.5,4.70253,-0.0182633,0.038255,-0.0093715,0.04341449255882187
38.3661,11.5,4.76802,0.00551967,-0.0423135,0.00226308,0.042731961928342346
38.5128,11.5,4.83322,0.00801699,-0.0822502,0.00364544,0.08272035276456272
38.6577,11.5,4.89759,2.68481e-05,-0.0783561,0.000146306,0.07835624119032325
38.7893,11.5,4.95611,3.0679e-05,-0.0198365,4.43539e-05,0.01983657331091956
37.9233,11.8333,4.57124,-0.0192923,0.0390227,-0.0148462,0.04599319089843626
38.0711,11.8333,4.63692,0.0147025,0.0233598,0.0031429,0.027779877298145145
38.2187,11.8333,4.70253,0.0400709,-0.00484684,0.0164876,0.04360057153932274
38.3661,11.8333,4.76802,0.0484942,-0.0256575,0.0211187,0.05878770474835704
38.5128,11.8333,4.83322,0.0376112,-0.0499989,0.0169225,0.0648140677083301
38.6577,11.8333,4.89759,0.0175412,-0.063779,0.00806022,0.06663648913987291
38.7893,11.8333,4.95611,-0.00281055,-0.0207956,-0.00117759,0.021017680387488056
38.0711,0.166667,4.64611,0.0159994,-0.0228899,0.00323326,0.028113738502689393
38.2187,0.166667,4.71006,0.0410438,0.00529213,0.0164198,0.04452201691766558
38.3661,0.166667,4.77389,0.0488792,0.0262617,0.0207262,0.05923198836751979
38.5128,0.166667,4.83744,0.037817,0.0505471,0.0166086,0.06527618556081537
38.6577,0.166667,4.90019,0.0175001,0.0643377,0.00785575,0.06713647257163947
38.7893,0.166667,4.95722,-0.00282189,0.0209414,-0.00114825,0.021161847159324253
38.0711,0.5,4.64611,-0.0400485,-0.0860992,-0.0191626,0.09687187327418625
38.2187,0.5,4.71006,-0.0173493,-0.0363793,-0.00887147,0.04126929438385033
38.3661,0.5,4.77389,0.00587217,0.0435005,0.00235629,0.04395825273282595
38.5128,0.5,4.83744,0.00756938,0.0831773,0.00338394,0.08358953163403895
38.6577,0.5,4.90019,-0.000103298,0.0786932,8.97857e-05,0.07869331901876252
38.7893,0.5,4.95722,-4.08157e-06,0.0199001,2.95989e-05,0.01990012243088205
38.0711,0.833333,4.64611,-0.0701867,-0.154204,-0.0315215,0.1723329667682304
38.2187,0.833333,4.71006,-0.0528355,-0.108119,-0.0237491,0.12265939822149789
38.3661,0.833333,4.77389,-0.0299657,-0.0251033,-0.0135928,0.041386991425084285
38.5128,0.833333,4.83744,-0.000499725,0.0751121,-0.000582065,0.07511601754053426
38.6577,0.833333,4.90019,-0.00149707,0.0834011,-0.000534243,0.0834162461117614
38.7893,0.833333,4.95722,0.000639303,0.0194014,0.000286201,0.019414039798512056
38.0711,1.16667,4.64611,-0.0782359,-0.213178,-0.0341084,0.22962817484657672
38.2187,1.16667,4.71006,-0.0667502,-0.17646,-0.0296634,0.1909807270370495
38.3661,1.16667,4.77389,-0.0511317,-0.108588,-0.0225628,0.12212650995066551
38.5128,1.16667,4.83744,-0.0225005,0.0118324,-0.00969524,0.027208011111942747
38.6577,1.16667,4.90019,0.00453595,0.0712476,0.00170478,0.07141219519809554
38.7893,1.16667,4.95722,-0.00309833,0.0181905,-0.00134033,0.018501092496060873
38.0711,1.5,4.64611,-0.0674162,-0.258511,-0.028887,0.26871423466656913
38.2187,1.5,4.71006,-0.0623288,-0.234431,-0.027269,0.2441031983228405
38.3661,1.5,4.77389,-0.0514168,-0.18623,-0.0226044,0.1945154469999748
38.5128,1.5,4.83744,-0.0330879,-0.0938395,-0.0144553,0.10054658912539004
38.6577,1.5,4.90019,0.00141011,0.0411466,0.000518545,0.04117402082246917
38.7893,1.5,4.95722,-0.00158108,0.0174866,-0.000657482,0.017570238362262593
38.0711,1.83333,4.64611,-0.0489185,-0.287205,-0.0201163,0.2920349246116635
38.2187,1.83333,4.71006,-0.0482127,-0.274679,-0.0205514,0.27963436399028285
38.3661,1.83333,4.77389,-0.0419932,-0.240261,-0.0184801,0.2446023120562232
38.5128,1.83333,4.83744,-0.0317607,-0.163096,-0.0137371,0.16672658815228
38.6577,1.83333,4.90019,-0.0108445,-0.0129768,-0.00449948,0.01749988110703613
38.7893,1.83333,4.95722,0.00298254,0.0133134,0.00127303,0.013702655574468038
38.0711,2.16667,4.64611,-0.0303526,-0.303051,-0.0114915,0.30478392920232855
38.2187,2.16667,4.71006,-0.0327873,-0.298987,-0.0134873,0.3010816176248228
38.3661,2.16667,4.77389,-0.0315772,-0.277287,-0.0137289,0.27941668279480025
38.5128,2.16667,4.83744,-0.0266914,-0.219138,-0.0114223,0.221052850728621
38.6577,2.16667,4.90019,-0.0131703,-0.0781163,-0.00560394,0.07941673168359172
38.7893,2.16667,4.95722,0.00329654,-0.00166515,0.00139497,0.003947890803327772
38.0711,2.5,4.64611,-0.0125486,-0.306654,-0.00308429,0.3069261408266883
38.2187,2.5,4.71006,-0.0169676,-0.307876,-0.00618473,0.3084052232225208
38.3661,2.5,4.77389,-0.0192236,-0.295919,-0.00803488,0.2966515812440149
38.5128,2.5,4.83744,-0.0184114,-0.253021,-0.00776915,0.2538089158849281
38.6577,2.5,4.90019,-0.0113545,-0.123029,-0.00487926,0.12364815683785019
38.7893,2.5,4.95722,0.00250984,-0.0117075,0.00106291,0.012020591946476679
38.0711,2.83333,4.64611,0.00251164,-0.301657,0.00405458,0.3016947026440239
38.2187,2.83333,4.71006,-0.00350811,-0.306036,-2.39454e-05,0.30605610711951864
38.3661,2.83333,4.77389,-0.00846694,-0.301019,-0.00313184,0.30115433892897703
38.5128,2.83333,4.83744,-0.0111196,-0.271194,-0.004584,0.271460575767753
38.6577,2.83333,4.90019,-0.00917603,-0.158945,-0.00393983,0.15925839008350487
38.7893,2.83333,4.95722,0.0017,-0.0253048,0.000715706,0.025371936034099485
38.0711,3.16667,4.64611,0.0155649,-0.288322,0.0103338,0.2889266848500671
38.2187,3.16667,4.71006,0.00833456,-0.293955,0.00548776,0.2941243315763101
38.3661,3.16667,4.77389,0.00145674,-0.29337,0.00144938,0.2933771969560893
38.5128,3.16667,4.83744,-0.00386694,-0.273498,-0.00134635,0.2735286491161138
38.6577,3.16667,4.90019,-0.0059098,-0.177857,-0.00247197,0.17797232599682708
38.7893,3.16667,4.95722,0.000991839,-0.032777,0.000416669,0.032794650274968355
38.0711,3.5,4.64611,0.0262861,-0.269112,0.0155028,0.2708367855462954
38.2187,3.5,4.71006,0.0178913,-0.275134,0.00994281,0.2758943204242996
38.3661,3.5,4.77389,0.00966123,-0.276757,0.0051977,0.27697435350480176
38.5128,3.5,4.83744,0.00224329,-0.264395,0.00134764,0.2644079509178831
38.6577,3.5,4.90019,-0.00322819,-0.186097,-0.00124691,0.18612917397394801
38.7893,3.5,4.95722,0.000449113,-0.0395133,0.000187144,0.03951629540143541
38.0711,3.83333,4.64611,0.0354812,-0.243712,0.0200182,0.24709346982200886
38.2187,3.83333,4.71006,0.0259553,-0.249696,0.0137534,0.2514178315586426
38.3661,3.83333,4.77389,0.0166764,-0.25227,0.00844002,0.2529614380781395
38.5128,3.83333,4.83744,0.00779364,-0.244055,0.00384725,0.24420971557661686
38.6577,3.83333,4.90019,-0.000337806,-0.182579,4.15126e-05,0.18257931722182988
38.7893,3.83333,4.95722,7.27008e-05,-0.041199,4.05088e-05,0.041199084059833156
38.0711,4.16667,4.64611,0.0431031,-0.213643,0.023787,0.21924194408828343
38.2187,4.16667,4.71006,0.032516,-0.219384,0.0168669,0.2224210467280693
38.3661,4.16667,4.77389,0.0222603,-0.222345,0.0110036,0.22372728754903812
38.5128,4.16667,4.83744,0.0123406,-0.21664,0.00591024,0.21707167236932967
38.6577,4.16667,4.90019,0.0024738,-0.169079,0.00127131,0.16910187508291002
38.7893,4.16667,4.95722,-0.000453201,-0.04094,-0.000173751,0.04094287704297784
38.0711,4.5,4.64611,0.0495908,-0.178885,0.0270505,0.18759216460153658
38.2187,4.5,4.71006,0.0380212,-0.184219,0.0195213,0.1891119582790311
38.3661,4.5,4.77389,0.0268688,-0.187233,0.0131493,0.18960757577937123
38.5128,4.5,4.83744,0.0160758,-0.183094,0.0076022,0.1839555316550171
38.6577,4.5,4.90019,0.00512728,-0.14623,0.00246274,0.1463405855820797
38.7893,4.5,4.95722,-0.00075458,-0.0366596,-0.000293316,0.036668538250280124
38.0711,4.83333,4.64611,0.0547395,-0.140565,0.0296582,0.1537352949471591
38.2187,4.83333,4.71006,0.0422876,-0.145425,0.021591,0.15297987782633374
38.3661,4.83333,4.77389,0.0303555,-0.148342,0.014777,0.15213535116221344
38.5128,4.83333,4.83744,0.0188263,-0.145297,0.00885121,0.14677871677853743
38.6577,4.83333,4.90019,0.0071098,-0.116877,0.00335182,0.11714101366452485
38.7893,4.83333,4.95722,-0.000937148,-0.0294937,-0.000363563,0.02951082452455155
38.0711,5.16667,4.64611,0.0589207,-0.0989379,0.0318125,0.11946711723796635
38.2187,5.16667,4.71006,0.0456606,-0.103378,0.0232591,0.11538148468957227
38.3661,5.16667,4.77389,0.0329775,-0.106196,0.0160259,0.11234738712164159
38.5128,5.16667,4.83744,0.0207615,-0.104077,0.00974801,0.10657431918717614
38.6577,5.16667,4.90019,0.00837672,-0.0825211,0.00392875,0.0830381626707317
38.7893,5.16667,4.95722,-0.00103655,-0.0198419,-0.000400881,0.019873000203508805
38.0711,5.5,4.64611,0.0614019,-0.0547417,0.0330427,0.08864912332217392
38.2187,5.5,4.71006,0.0474458,-0.0586573,0.0240996,0.07919958018253632
38.3661,5.5,4.77389,0.0341478,-0.0614159,0.016564,0.07219661428107277
38.5128,5.5,4.83744,0.0214932,-0.0603051,0.0100886,0.06481082149001044
38.6577,5.5,4.90019,0.00865569,-0.0454601,0.00405201,0.04645385286955432
38.7893,5.5,4.95722,-0.00129097,-0.00911979,-0.000511889,0.009224922955413828
38.0711,5.83333,4.64611,0.0638574,-0.00848139,0.0345602,0.0731034126093447
38.2187,5.83333,4.71006,0.0490513,-0.0123342,0.0251491,0.05648574822147619
38.3661,5.83333,4.77389,0.0343906,-0.0157339,0.0168729,0.041412120592647754
38.5128,5.83333,4.83744,0.0199225,-0.0161822,0.00947742,0.027360392777633878
38.6577,5.83333,4.90019,0.00596955,-0.00813222,0.00285747,0.010484925566345239
38.7893,5.83333,4.95722,-0.00116224,0.000116923,-0.000470933,0.0012594644480960944
38.0711,6.16667,4.64611,0.0639609,0.0390121,0.0346162,0.08253012769685988
38.2187,6.16667,4.71006,0.0494454,0.0374014,0.0253539,0.06698158365050799
38.3661,6.16667,4.77389,0.0349561,0.0353753,0.0171547,0.05260821712803048
38.5128,6.16667,4.83744,0.0204975,0.0311362,0.00975386,0.038532431036590466
38.6577,6.16667,4.90019,0.00635182,0.0193572,0.00304974,0.020599702017747735
38.7893,6.16667,4.95722,-0.00118652,0.00305499,-0.000478874,0.0033121162295994384
38.0711,6.5,4.64611,0.0612544,0.0837479,0.0329522,0.10886532854224067
38.2187,6.5,4.71006,0.0477907,0.0828442,0.0242764,0.09867348213724901
38.3661,6.5,4.77389,0.0348046,0.081081,0.0168911,0.08983762018981803
38.5128,6.5,4.83744,0.0222145,0.0763583,0.0104304,0.08020515714902628
38.6577,6.5,4.90019,0.00920531,0.058654,0.00430984,0.05952817962126592
38.7893,6.5,4.95722,-0.00128584,0.0133311,-0.000507615,0.013402585000805814
38.0711,6.83333,4.64611,0.0578775,0.126817,0.0311799,0.1428444701738923
38.2187,6.83333,4.71006,0.0451562,0.126757,0.0229382,0.13650121049529196
38.3661,6.83333,4.77389,0.0328888,0.125478,0.0159357,0.13069180610860806
38.5128,6.83333,4.83744,0.0209097,0.120231,0.00978878,0.12242764854794198
38.6577,6.83333,4.90019,0.00862668,0.0965141,0.00403461,0.0969828293281058
38.7893,6.83333,4.95722,-0.00101498,0.0248005,-0.000389489,0.0248243164323113
38.0711,7.16667,4.64611,0.0531479,0.166739,0.0287415,0.17734899835538964
38.2187,7.16667,4.71006,0.0413136,0.167437,0.0210315,0.1737362555893559
38.3661,7.16667,4.77389,0.0298679,0.166713,0.0144911,0.16998619884749466
38.5128,7.16667,4.83744,0.01865,0.161051,0.00873925,0.16236262375178132
38.6577,7.16667,4.90019,0.007083,0.130945,0.00333317,0.13117877852857487
38.7893,7.16667,4.95722,-0.000956405,0.0345377,-0.000371215,0.034552933773997395
38.0711,7.5,4.64611,0.0475193,0.203294,0.0259121,0.21037578576181243
38.2187,7.5,4.71006,0.036622,0.204746,0.0187699,0.20884061996175457
38.3661,7.5,4.77389,0.0260104,0.204486,0.0127008,0.20652451531186317
38.5128,7.5,4.83744,0.0155921,0.198136,0.00735963,0.19888477124241288
38.6577,7.5,4.90019,0.00487426,0.159752,0.00234762,0.15984358365042997
38.7893,7.5,4.95722,-0.000781169,0.0413131,-0.000304064,0.04132160344822859
38.0711,7.83333,4.64611,0.0406848,0.235833,0.0224902,0.2403711004594354
38.2187,7.83333,4.71006,0.0308207,0.237965,0.0159848,0.24048444981854855
38.3661,7.83333,4.77389,0.0211563,0.238013,0.0104484,0.2391797363098513
38.5128,7.83333,4.83744,0.0116571,0.230428,0.00558408,0.23079023617531222
38.6577,7.83333,4.90019,0.00209649,0.181404,0.00110277,0.18141946584639973
38.7893,7.83333,4.95722,-0.000453424,0.0448882,-0.00017339,0.044890824860497676
38.0711,8.16667,4.64611,0.0328046,0.263584,0.0186241,0.2662696451681453
38.2187,8.16667,4.71006,0.0240501,0.266235,0.0127941,0.2676250577390316
38.3661,8.16667,4.77389,0.0153908,0.266238,0.00781995,0.2667971157764688
38.5128,8.16667,4.83744,0.00698101,0.256445,0.0034755,0.2565635430568226
38.6577,8.16667,4.90019,-0.00073534,0.193454,-0.000135132,0.19345544474522555
38.7893,8.16667,4.95722,6.60444e-05,0.0444971,3.75852e-05,0.044497164886316415
38.0711,8.5,4.64611,0.0234585,0.286314,0.0140597,0.28761725084274764
38.2187,8.5,4.71006,0.0158652,0.289299,0.00894695,0.28987180595280815
38.3661,8.5,4.77389,0.00829129,0.28869,0.00455476,0.2888449539606356
38.5128,8.5,4.83744,0.00139623,0.274884,0.000966871,0.27488924634067363
38.6577,8.5,4.90019,-0.00361281,0.195409,-0.00141711,0.19544753228897058
38.7893,8.5,4.95722,0.00044483,0.0420391,0.000186261,0.042041865987358616
38.0711,8.83333,4.64611,0.012693,0.302779,0.00890627,0.3031757852060631
38.2187,8.83333,4.71006,0.00629495,0.305701,0.00452174,0.30579923794726843
38.3661,8.83333,4.77389,9.50798e-05,0.303177,0.000826759,0.30317814218642547
38.5128,8.83333,4.83744,-0.00469345,0.282229,-0.00170891,0.28227319618995106
38.6577,8.83333,4.90019,-0.00632248,0.1856,-0.00264826,0.18572653831474378
38.7893,8.83333,4.95722,0.00102223,0.0346895,0.000430462,0.034707227805694074
38.0711,9.16667,4.64611,-0.000226186,0.313126,0.00273457,0.3131380221391064
38.2187,9.16667,4.71006,-0.0053771,0.315119,-0.000885783,0.315166118066224
38.3661,9.16667,4.77389,-0.00968336,0.308636,-0.00366645,0.308809635232601
38.5128,9.16667,4.83744,-0.0118518,0.27807,-0.00489401,0.27836548169110353
38.6577,9.16667,4.90019,-0.00950478,0.164952,-0.00407634,0.16527588963500997
38.7893,9.16667,4.95722,0.00172629,0.0265536,0.000727624,0.026619601552417646
38.0711,9.5,4.64611,-0.0149457,0.315122,-0.00417261,0.3155038185295102
38.2187,9.5,4.71006,-0.0185644,0.314509,-0.00687991,0.31513152998385946
38.3661,9.5,4.77389,-0.0202493,0.301588,-0.00845934,0.3023853771724513
38.5128,9.5,4.83744,-0.0190227,0.258328,-0.00801529,0.2591514298109777
38.6577,9.5,4.90019,-0.0116511,0.127864,-0.00499891,0.12849101030188104
38.7893,9.5,4.95722,0.00255353,0.0126219,0.00108215,0.012922999794683894
38.0711,9.83333,4.64611,-0.0322018,0.308699,-0.01227,0.31061645388523773
38.2187,9.83333,4.71006,-0.033939,0.303367,-0.0139429,0.30557780820997127
38.3661,9.83333,4.77389,-0.0322601,0.281209,-0.0139776,0.28339828692984365
38.5128,9.83333,4.83744,-0.0270208,0.223065,-0.0115387,0.2249916875249617
38.6577,9.83333,4.90019,-0.013345,0.0815558,-0.00567284,0.08283488789336049
38.7893,9.83333,4.95722,0.00329232,0.00213743,0.00139318,0.004165204496744427
38.0711,10.1667,4.64611,-0.0501702,0.290467,-0.0205686,0.2954846770358829
38.2187,10.1667,4.71006,-0.0489566,0.277294,-0.0207888,0.2823488716552627
38.3661,10.1667,4.77389,-0.0424714,0.242906,-0.0186235,0.24729330643228095
38.5128,10.1667,4.83744,-0.0321148,0.16635,-0.0138477,0.16998659263109547
38.6577,10.1667,4.90019,-0.0112817,0.0164546,-0.00466897,0.02048975102120326
38.7893,10.1667,4.95722,0.0031305,-0.0130129,0.0013345,0.013450519949429465
38.0711,10.5,4.64611,-0.0679366,0.259995,-0.0289728,0.2702817137440119
38.2187,10.5,4.71006,-0.0625536,0.235899,-0.0272529,0.2455687513352829
38.3661,10.5,4.77389,-0.0514661,0.188242,-0.0225779,0.19645246646866005
38.5128,10.5,4.83744,-0.0333188,0.0965324,-0.0145408,0.10315077095126338
38.6577,10.5,4.90019,0.000637045,-0.0401833,0.000214838,0.04018892360574327
38.7893,10.5,4.95722,-0.00124362,-0.0175451,-0.000513173,0.017596603969014277
38.0711,10.8333,4.64611,-0.0782812,0.213558,-0.0339714,0.2299761327951229
38.2187,10.8333,4.71006,-0.0667113,0.177312,-0.0295497,0.19173713167193254
38.3661,10.8333,4.77389,-0.0511986,0.110788,-0.0225521,0.12411234749359146
38.5128,10.8333,4.83744,-0.023208,-0.00755189,-0.00999046,0.026371416298403463
38.6577,10.8333,4.90019,0.00478638,-0.0711962,0.00180275,0.0713796766279233
38.7893,10.8333,4.95722,-0.00323673,-0.0185791,-0.00139794,0.01891067460844536
38.0711,11.1667,4.64611,-0.0703914,0.154232,-0.0314767,0.17243329626510653
38.2187,11.1667,4.71006,-0.0531482,0.109216,-0.0238536,0.12378150125200453
38.3661,11.1667,4.77389,-0.0307688,0.0282989,-0.0139282,0.044062927159801805
38.5128,11.1667,4.83744,-0.000724621,-0.0740549,-0.000671967,0.07406149356617601
38.6577,11.1667,4.90019,-0.00103626,-0.083427,-0.000341297,0.08343413358709857
38.7893,11.1667,4.95722,0.000481422,-0.019442,0.000218136,0.01944918287375025
38.0711,11.5,4.64611,-0.0404632,0.0863645,-0.0193055,0.09730775788568967
38.2187,11.5,4.71006,-0.0180459,0.0378111,-0.00915082,0.04288439455900479
38.3661,11.5,4.77389,0.00538057,-0.0424205,0.00212537,0.04281315862456075
38.5128,11.5,4.83744,0.0078602,-0.0823753,0.00348557,0.0828228349693181
38.6577,11.5,4.90019,-7.5554e-05,-0.0779073,0.000107608,0.07790741095158137
38.7893,11.5,4.95722,5.63697e-05,-0.0195943,5.68035e-05,0.019594463418799973
38.0711,11.8333,4.64611,0.0150648,0.0234355,0.00296532,0.028017208675961996
38.2187,11.8333,4.71006,0.0402233,-0.00478701,0.0160429,0.043568382664956704
38.3661,11.8333,4.77389,0.0484437,-0.0257979,0.0205184,0.058594611123037585
38.5128,11.8333,4.83744,0.0374526,-0.0502439,0.0164445,0.06478864340468937
38.6577,11.8333,4.90019,0.0173035,-0.0637034,0.00777206,0.06646758007069009
38.7893,11.8333,4.95722,-0.00281243,-0.0206059,-0.00114352,0.02082835844000434
38.2187,0.166667,4.71759,0.0412035,0.00525073,0.015973,0.04450208204997717
38.3661,0.166667,4.77976,0.0488308,0.0264076,0.0201272,0.059050085065476404
38.5128,0.166667,4.84167,0.0376625,0.0507877,0.0161309,0.0652538145425231
38.6577,0.166667,4.90278,0.017268,0.0642604,0.0075716,0.06696948528038721
38.7893,0.166667,4.95833,-0.00282278,0.02075,-0.00111412,0.020970737953224253
38.2187,0.5,4.71759,-0.0171176,-0.0358923,-0.00865057,0.04069523056053252
38.3661,0.5,4.77976,0.00574254,0.0436376,0.00222158,0.04406985723947832
38.5128,0.5,4.84167,0.00742033,0.0833019,0.00323458,0.08369426711964983
38.6577,0.5,4.90278,-0.000197465,0.0782492,5.60397e-05,0.07824946922193277
38.7893,0.5,4.95833,2.09476e-05,0.0196602,4.16005e-05,0.019660255172391478
38.2187,0.833333,4.71759,-0.052687,-0.107911,-0.0231167,0.12229098784820573
38.3661,0.833333,4.77976,-0.0297035,-0.0243447,-0.0131696,0.04060050116069997
38.5128,0.833333,4.84167,-0.00052711,0.0751461,-0.00060301,0.07515036800456934
38.6577,0.833333,4.90278,-0.0015219,0.0828833,-0.000522083,0.08289891536780737
38.7893,0.833333,4.95833,0.000652509,0.0191904,0.000284829,0.01920360246709773
38.2187,1.16667,4.71759,-0.0667284,-0.176657,-0.0289108,0.19103981096148523
38.3661,1.16667,4.77976,-0.051004,-0.108155,-0.021942,0.12157451790979884
38.5128,1.16667,4.84167,-0.0222884,0.0123072,-0.00933842,0.02711910829095234
38.6577,1.16667,4.90278,0.00454095,0.0708305,0.00164408,0.07099495021618721
38.7893,1.16667,4.95833,-0.00310439,0.0180072,-0.00130828,0.018319609320902562
38.2187,1.5,4.71759,-0.0623743,-0.234983,-0.026577,0.24456880528491362
38.3661,1.5,4.77976,-0.0513792,-0.18613,-0.021999,0.19434030743425307
38.5128,1.5,4.84167,-0.0329049,-0.093152,-0.0139993,0.09977979729634652
38.6577,1.5,4.90278,0.00148944,0.0407829,0.00053598,0.040813608496235665
38.7893,1.5,4.95833,-0.00163832,0.0172743,-0.000662915,0.01736447491891491
38.2187,1.83333,4.71759,-0.0483051,-0.275494,-0.020027,0.2804129231169812
38.3661,1.83333,4.77976,-0.0420117,-0.240492,-0.0180078,0.2447971933289473
38.5128,1.83333,4.84167,-0.0316838,-0.162584,-0.0133391,0.1661786744057432
38.6577,1.83333,4.90278,-0.010661,-0.0127444,-0.00428696,0.0171596817686576
38.7893,1.83333,4.95833,0.00293196,0.0131844,0.00121742,0.013561227977510002
38.2187,2.16667,4.71759,-0.0329197,-0.29997,-0.0131331,0.302056593809339
38.3661,2.16667,4.77976,-0.0316353,-0.27778,-0.0133811,0.2798956492039489
38.5128,2.16667,4.84167,-0.0266796,-0.218818,-0.0110987,0.2207176914564168
38.6577,2.16667,4.90278,-0.0130085,-0.0774587,-0.0053779,0.07872733379424202
38.7893,2.16667,4.95833,0.00327309,-0.00166045,0.00134697,0.003909544798502761
38.2187,2.5,4.71759,-0.0171271,-0.308951,-0.00600125,0.30948355845985176
38.3661,2.5,4.77976,-0.0193076,-0.296589,-0.00782926,0.2973198877487135
38.5128,2.5,4.84167,-0.0184418,-0.252869,-0.00755579,0.2536531511942324
38.6577,2.5,4.90278,-0.0112558,-0.122182,-0.00470434,0.12278951491261622
38.7893,2.5,4.95833,0.00251292,-0.0115852,0.00103534,0.011899729193641342
38.2187,2.83333,4.71759,-0.00369123,-0.307134,1.82654e-05,0.3071561809056392
38.3661,2.83333,4.77976,-0.00857113,-0.301794,-0.00304557,0.3019310487546814
38.5128,2.83333,4.84167,-0.0111779,-0.271204,-0.00446272,0.27147093939169326
38.6577,2.83333,4.90278,-0.0091299,-0.158097,-0.00381132,0.1584062582196562
38.7893,2.83333,4.95833,0.00172195,-0.0250713,0.000705452,0.0251402636823245
38.2187,3.16667,4.71759,0.00812616,-0.295033,0.00540552,0.295194385467976
38.3661,3.16667,4.77976,0.00133498,-0.294194,0.00142729,0.29420049110146723
38.5128,3.16667,4.84167,-0.00394168,-0.273634,-0.00131115,0.2736655292716729
38.6577,3.16667,4.90278,-0.00590154,-0.177052,-0.00239437,0.1771665089289409
38.7893,3.16667,4.95833,0.00101917,-0.0324701,0.000416872,0.03248876550075863
38.2187,3.5,4.71759,0.0176635,-0.276141,0.00976402,0.2768775671660859
38.3661,3.5,4.77976,0.00952812,-0.277576,0.00508924,0.2777861069429355
38.5128,3.5,4.84167,0.002152,-0.264629,0.00130925,0.26464098866306124
38.6577,3.5,4.90278,-0.00324814,-0.185382,-0.00120779,0.1854143875057804
38.7893,3.5,4.95833,0.000477765,-0.039157,0.000194254,0.039160396359226766
38.2187,3.83333,4.71759,0.0257068,-0.250615,0.0134914,0.25229097420478597
38.3661,3.83333,4.77976,0.0165349,-0.253033,0.00826001,0.25370717327700865
38.5128,3.83333,4.84167,0.00769408,-0.244365,0.0037468,0.24451480650931223
38.6577,3.83333,4.90278,-0.000381974,-0.18194,3.907e-05,0.1819404051622442
38.7893,3.83333,4.95833,9.54593e-05,-0.0408283,5.01442e-05,0.040828442387736884
38.2187,4.16667,4.71759,0.0322436,-0.220202,0.0165361,0.22316364656495916
38.3661,4.16667,4.77976,0.0221113,-0.223029,0.0107664,0.22438083652052374
38.5128,4.16667,4.84167,0.0122369,-0.216958,0.00576288,0.21737922226262657
38.6577,4.16667,4.90278,0.00240952,-0.168564,0.00122906,0.1685857006721329
38.7893,4.16667,4.95833,-0.000436491,-0.0405662,-0.000160075,0.040568864056548415
38.2187,4.5,4.71759,0.0377211,-0.184934,0.0191306,0.1897088442787262
38.3661,4.5,4.77976,0.0267083,-0.187827,0.0128635,0.19015200459143203
38.5128,4.5,4.84167,0.0159695,-0.183387,0.00741591,0.18423032437787784
38.6577,4.5,4.90278,0.00504967,-0.145825,0.00238719,0.14593193094112408
38.7893,4.5,4.95833,-0.000748205,-0.0363156,-0.000280183,0.03632438735334038
38.2187,4.83333,4.71759,0.0419587,-0.146033,0.0211522,0.1534066007690999
38.3661,4.83333,4.77976,0.0301806,-0.14884,0.0144531,0.15255525659894514
38.5128,4.83333,4.84167,0.0187146,-0.145544,0.00863563,0.14699614380879827
38.6577,4.83333,4.90278,0.00702276,-0.116564,0.00325209,0.11682063748921122
38.7893,4.83333,4.95833,-0.000940599,-0.0292067,-0.000352172,0.029223964078926475
38.2187,5.16667,4.71759,0.0452976,-0.103884,0.0227784,0.11559677127117349
38.3661,5.16667,4.77976,0.0327815,-0.106601,0.0156698,0.1126230108605253
38.5128,5.16667,4.84167,0.0206378,-0.104272,0.00950905,0.10671921478694688
38.6577,5.16667,4.90278,0.0082798,-0.0822919,0.00381235,0.08279520460855508
38.7893,5.16667,4.95833,-0.00104619,-0.0196366,-0.000390792,0.019668332198317276
38.2187,5.5,4.71759,0.0470567,-0.0590634,0.0235927,0.07911658313994607
38.3661,5.5,4.77976,0.0339333,-0.0617349,0.01619,0.07228265924065053
38.5128,5.5,4.84167,0.0213545,-0.0604559,0.00983749,0.06486683840422701
38.6577,5.5,4.90278,0.00854931,-0.045328,0.00392881,0.04629420950283307
38.7893,5.5,4.95833,-0.00129948,-0.0090174,-0.000498554,0.009124182545374462
38.2187,5.83333,4.71759,0.0485966,-0.0126762,0.0246124,0.05592929296674507
38.3661,5.83333,4.77976,0.0341146,-0.0159909,0.0164789,0.04112260888100365
38.5128,5.83333,4.84167,0.0197357,-0.0163037,0.00922621,0.027210869871139732
38.6577,5.83333,4.90278,0.00586268,-0.0081356,0.00276169,0.010401246838648721
38.7893,5.83333,4.95833,-0.00115598,0.000111535,-0.000453485,0.0012467471523328218
38.2187,6.16667,4.71759,0.0490051,0.0372619,0.0248211,0.06637797844790093
38.3661,6.16667,4.77976,0.034688,0.0352227,0.0167598,0.05219949075738191
38.5128,6.16667,4.84167,0.0203141,0.0309159,0.0094994,0.03819285446232057
38.6577,6.16667,4.90278,0.0062415,0.0190699,0.00294988,0.020281005898978483
38.7893,6.16667,4.95833,-0.00118228,0.00296911,-0.000461859,0.0032290422614733613
38.2187,6.5,4.71759,0.0474287,0.0828327,0.0237792,0.09836761726106819
38.3661,6.5,4.77976,0.0346086,0.0810458,0.0165201,0.0896609758791973
38.5128,6.5,4.84167,0.0220895,0.0762174,0.0101786,0.08000401221795067
38.6577,6.5,4.90278,0.00910301,0.0582719,0.00418351,0.059126820281410364
38.7893,6.5,4.95833,-0.00129844,0.0131236,-0.000495939,0.013196998859033101
38.2187,6.83333,4.71759,0.0448357,0.126868,0.0224759,0.13642175596033063
38.3661,6.83333,4.77976,0.0327228,0.125554,0.0155906,0.1306815035274694
38.5128,6.83333,4.84167,0.0208062,0.120163,0.00955533,0.12232476796973253
38.6577,6.83333,4.90278,0.00853801,0.0960706,0.003919,0.09652883693549871
38.7893,6.83333,4.95833,-0.00102695,0.0244981,-0.00038046,0.02452256674420726
38.2187,7.16667,4.71759,0.0410308,0.167677,0.0206163,0.17385089790774735
38.3661,7.16667,4.77976,0.0297243,0.16691,0.0141822,0.17012823665497154
38.5128,7.16667,4.84167,0.0185575,0.161064,0.00853203,0.16235389874644496
38.6577,7.16667,4.90278,0.00700301,0.130447,0.00323661,0.13067493104016625
38.7893,7.16667,4.95833,-0.000959848,0.0341651,-0.000359473,0.03418047084273171
38.2187,7.5,4.71759,0.0363691,0.205116,0.0184072,0.20912701858595412
38.3661,7.5,4.77976,0.0258809,0.204805,0.0124336,0.20680789012697265
38.5128,7.5,4.84167,0.0155036,0.198221,0.00718449,0.1989561342369722
38.6577,7.5,4.90278,0.0048034,0.159184,0.00227754,0.15927273996516667
38.7893,7.5,4.95833,-0.00077364,0.0408965,-0.000290026,0.04090484502085635
38.2187,7.83333,4.71759,0.0305947,0.238466,0.0156853,0.2409317277989348
38.3661,7.83333,4.77976,0.021037,0.238451,0.0102325,0.2395957821545488
38.5128,7.83333,4.84167,0.01157,0.230565,0.00544992,0.23091943563287695
38.6577,7.83333,4.90278,0.00203911,0.18075,0.00106756,0.18076465405035824
38.7893,7.83333,4.95833,-0.000435784,0.0444588,-0.000159215,0.04446122079465296
38.2187,8.16667,4.71759,0.0238462,0.266865,0.0125655,0.2682227829057219
38.3661,8.16667,4.77976,0.0152775,0.266784,0.00766297,0.26733092932070335
38.5128,8.16667,4.84167,0.00689725,0.2566,0.0033898,0.2567150615012732
38.6577,8.16667,4.90278,-0.000773048,0.192701,-0.000130513,0.19270259478754684
38.7893,8.16667,4.95833,8.99962e-05,0.0440823,4.78563e-05,0.044082417842394535
38.2187,8.5,4.71759,0.0156799,0.290049,0.0088031,0.29060587783907604
38.3661,8.5,4.77976,0.00818482,0.289321,0.0044706,0.28947127419450863
38.5128,8.5,4.84167,0.00131993,0.274995,0.00094372,0.27499978699563254
38.6577,8.5,4.90278,-0.0036276,0.194599,-0.00137146,0.19463764072062628
38.7893,8.5,4.95833,0.000474729,0.0416542,0.000194027,0.04165735699417535
38.2187,8.83333,4.71759,0.00612599,0.306555,0.00447507,0.30664885786512397
38.3661,8.83333,4.77976,-1.814e-06,0.303846,0.000828871,0.30384713055486506
38.5128,8.83333,4.84167,-0.00475589,0.282271,-0.00165948,0.28231593969268276
38.6577,8.83333,4.90278,-0.00630886,0.184723,-0.00256337,0.18484847662141146
38.7893,8.83333,4.95833,0.00105021,0.0343665,0.00043066,0.03438524002140599
38.2187,9.16667,4.71759,-0.00552661,0.316034,-0.000810645,0.31608335881442434
38.3661,9.16667,4.77976,-0.00976707,0.309294,-0.00355806,0.3094686315013987
38.5128,9.16667,4.84167,-0.011899,0.278017,-0.00475935,0.278312216588533
38.6577,9.16667,4.90278,-0.00945367,0.164058,-0.00394147,0.16437741458676675
38.7893,9.16667,4.95833,0.00174846,0.0263169,0.000717209,0.02638466840290552
38.2187,9.5,4.71759,-0.0186967,0.315444,-0.00666711,0.3160679263744458
38.3661,9.5,4.77976,-0.0203164,0.302178,-0.00823405,0.3029721098919214
38.5128,9.5,4.84167,-0.0190436,0.258146,-0.00778995,0.2589646681266819
38.6577,9.5,4.90278,-0.0115483,0.126997,-0.0048183,0.1276119792839998
38.7893,9.5,4.95833,0.00255656,0.0125042,0.00105408,0.01280633051736523
38.2187,9.83333,4.71759,-0.0340506,0.304255,-0.0135648,0.3064548126305084
38.3661,9.83333,4.77976,-0.0323049,0.281661,-0.0136143,0.2838342379796701
38.5128,9.83333,4.84167,-0.0270019,0.222747,-0.0112069,0.22465734624138156
38.6577,9.83333,4.90278,-0.0131819,0.0809026,-0.00544394,0.0821500435611181
38.7893,9.83333,4.95833,0.0032696,0.00214458,0.00134553,0.004135209609838418
38.2187,10.1667,4.71759,-0.0490351,0.278058,-0.0202461,0.28307348332406557
38.3661,10.1667,4.77976,-0.0424814,0.243138,-0.018139,0.24748692836382288
38.5128,10.1667,4.84167,-0.032035,0.165873,-0.0134418,0.16947204884947842
38.6577,10.1667,4.90278,-0.0110942,0.0162361,-0.0044488,0.02016144931025545
38.7893,10.1667,4.95833,0.00307987,-0.0128704,0.00127706,0.013295250190218311
38.2187,10.5,4.71759,-0.0625919,0.236446,-0.0265505,0.24602720563356403
38.3661,10.5,4.77976,-0.0514259,0.188179,-0.0219683,0.19631241793809173
38.5128,10.5,4.84167,-0.0331405,0.0959022,-0.0140836,0.10243960412872553
38.6577,10.5,4.90278,0.000716905,-0.0397654,0.000242965,0.03977260391186689
38.7893,10.5,4.95833,-0.00129933,-0.0173176,-0.000521786,0.017374112605790717
38.2187,10.8333,4.71759,-0.0666915,0.177546,-0.0287937,0.1918317373323299
38.3661,10.8333,4.77976,-0.0510779,0.110422,-0.021931,0.12362418336802068
38.5128,10.8333,4.84167,-0.0229997,-0.00798038,-0.00962659,0.026179073705203938
38.6577,10.8333,4.90278,0.00479064,-0.0707331,0.00173842,0.07091645628002008
38.7893,10.8333,4.95833,-0.00324474,-0.0183794,-0.00136509,0.018713475164589287
38.2187,11.1667,4.71759,-0.0530132,0.109068,-0.0232194,0.12347213667301624
38.3661,11.1667,4.77976,-0.0305189,0.0275982,-0.0135,0.043304894647718514
38.5128,11.1667,4.84167,-0.000755982,-0.0740457,-0.000690583,0.07405277916563438
38.6577,11.1667,4.90278,-0.00106431,-0.08288,-0.000335871,0.08288751392764016
38.7893,11.1667,4.95833,0.000493741,-0.0192211,0.000218132,0.019228677722467166
38.2187,11.5,4.71759,-0.017834,0.0373674,-0.00892859,0.04235674513165642
38.3661,11.5,4.77976,0.00524499,-0.0425278,0.00199365,0.04289636736674331
38.5128,11.5,4.84167,0.00770566,-0.0824799,0.00332952,0.08290595155642326
38.6577,11.5,4.90278,-0.000174556,-0.077447,7.17819e-05,0.07744722997911742
38.7893,11.5,4.95833,8.13321e-05,-0.0193523,6.8154e-05,0.01935259091615917
38.2187,11.8333,4.71759,0.0403717,-0.00474107,0.015601,0.04354013213846394
38.3661,11.8333,4.77976,0.048388,-0.0259407,0.0199204,0.05840497236237682
38.5128,11.8333,4.84167,0.0372898,-0.0504791,0.0159669,0.06475809305762485
38.6577,11.8333,4.90278,0.017068,-0.0636141,0.00748864,0.06628838564831399
38.7893,11.8333,4.95833,-0.00281251,-0.0204138,-0.00110913,0.02063646317315542
38.2187,0.166667,4.72512,0.0413586,0.00522087,0.0155279,0.04448490705764035
38.3661,0.166667,4.78563,0.0487775,0.0265554,0.0195306,0.058871708925170504
38.5128,0.166667,4.84589,0.0375044,0.0510194,0.0156539,0.06522732388294035
38.6577,0.166667,4.90537,0.0170385,0.0641715,0.00729225,0.06679422732963157
38.7893,0.166667,4.95944,-0.00282202,0.0205573,-0.00107975,0.02077816739351428
38.2187,0.5,4.72512,-0.0168933,-0.0354107,-0.0084293,0.04012922074835244
38.3661,0.5,4.78563,0.00561581,0.0437732,0.00209224,0.04418153266256955
38.5128,0.5,4.84589,0.0072736,0.0834078,0.00308881,0.08378130522387497
38.6577,0.5,4.90537,-0.00028851,0.0777964,2.48962e-05,0.07779693895521131
38.7893,0.5,4.95944,4.53019e-05,0.0194212,5.25638e-05,0.019421323967619048
38.2187,0.833333,4.72512,-0.0525344,-0.107683,-0.0224811,0.12190525636563011
38.3661,0.833333,4.78563,-0.0294453,-0.0236025,-0.0127508,0.0398332348545784
38.5128,0.833333,4.84589,-0.000554135,0.0751618,-0.000621144,0.07516640915134207
38.6577,0.833333,4.90537,-0.00154483,0.0823586,-0.000509248,0.08237466131775234
38.7893,0.833333,4.95944,0.00066525,0.0189795,0.000282892,0.0189932621130801
38.2187,1.16667,4.72512,-0.0667017,-0.176808,-0.0281524,0.19105691108319006
38.3661,1.16667,4.78563,-0.0508726,-0.107709,-0.0213195,0.1210114506648441
38.5128,1.16667,4.84589,-0.022079,0.0127617,-0.00898802,0.02703937372444858
38.6577,1.16667,4.90537,0.00454486,0.070407,0.00158442,0.07057132412075034
38.7893,1.16667,4.95944,-0.00310886,0.0178231,-0.00127548,0.01813710983977326
38.2187,1.5,4.72512,-0.0624168,-0.235469,-0.0258812,0.2449721277955515
38.3661,1.5,4.78563,-0.0513371,-0.185986,-0.0213909,0.19412331296168422
38.5128,1.5,4.84589,-0.0327213,-0.0924599,-0.0135465,0.0990102229264736
38.6577,1.5,4.90537,0.00156451,0.040418,0.000550359,0.04045201244152114
38.7893,1.5,4.95944,-0.00169258,0.0170623,-0.000665975,0.017158975233009254
38.2187,1.83333,4.72512,-0.0483971,-0.276235,-0.0195016,0.2811198444008712
38.3661,1.83333,4.78563,-0.0420284,-0.240661,-0.0175327,0.2449316208594758
38.5128,1.83333,4.84589,-0.031604,-0.162045,-0.0129415,0.16560458104548315
38.6577,1.83333,4.90537,-0.0104813,-0.0125188,-0.00408132,0.016829592272910237
38.7893,1.83333,4.95944,0.00288183,0.0130541,0.00116329,0.013418931201217184
38.2187,2.16667,4.72512,-0.0330542,-0.30088,-0.01278,0.30295987017695925
38.3661,2.16667,4.78563,-0.0316938,-0.2782,-0.0130319,0.2803026353355423
38.5128,2.16667,4.84589,-0.0266652,-0.218453,-0.010775,0.22033802832248453
38.6577,2.16667,4.90537,-0.0128481,-0.0768031,-0.00515677,0.07804090030268039
38.7893,2.16667,4.95944,0.00324859,-0.00165615,0.00129927,0.0038709523819726844
38.2187,2.5,4.72512,-0.0172907,-0.309955,-0.00582138,0.3104914794267218
38.3661,2.5,4.78563,-0.0193939,-0.297184,-0.00762385,0.29791370613322327
38.5128,2.5,4.84589,-0.0184709,-0.252661,-0.00734206,0.2534416321618325
38.6577,2.5,4.90537,-0.0111569,-0.12133,-0.00453182,0.12192613628801005
38.7893,2.5,4.95944,0.00251435,-0.0114634,0.00100717,0.011779044396359154
38.2187,2.83333,4.72512,-0.00388011,-0.308168,5.46687e-05,0.308192430903614
38.3661,2.83333,4.78563,-0.0086795,-0.302498,-0.00296104,0.3026369797003195
38.5128,2.83333,4.84589,-0.0112365,-0.271152,-0.0043412,0.27141943934377655
38.6577,2.83333,4.90537,-0.00908275,-0.157236,-0.00368367,0.15754118657745153
38.7893,2.83333,4.95944,0.00174213,-0.0248371,0.000694096,0.02490779642208672
38.2187,3.16667,4.72512,0.00791058,-0.296053,0.0053155,0.29620636493023983
38.3661,3.16667,4.78563,0.0012076,-0.294952,0.00140189,0.29495780358778795
38.5128,3.16667,4.84589,-0.00401823,-0.273707,-0.00127628,0.2737394690430507
38.6577,3.16667,4.90537,-0.00589227,-0.176227,-0.00231696,0.17634070057248413
38.7893,3.16667,4.95944,0.00104507,-0.0321621,0.000415943,0.032181762790346784
38.2187,3.5,4.72512,0.0174274,-0.277098,0.00957562,0.2778105620258963
38.3661,3.5,4.78563,0.00938809,-0.278336,0.00497611,0.27853873482979025
38.5128,3.5,4.84589,0.00205749,-0.264805,0.0012701,0.2648160388724786
38.6577,3.5,4.90537,-0.00326736,-0.184643,-0.00116862,0.18467560413620962
38.7893,3.5,4.95944,0.000505365,-0.0387989,0.000200323,0.03880270820828816
38.2187,3.83333,4.72512,0.0254491,-0.25149,0.0132182,0.25311972977634517
38.3661,3.83333,4.78563,0.0163855,-0.253746,0.00807406,0.2544026485143848
38.5128,3.83333,4.84589,0.00759012,-0.244621,0.00364479,0.24476586374892742
38.6577,3.83333,4.90537,-0.000425918,-0.181275,3.69022e-05,0.1812755041171175
38.7893,3.83333,4.95944,0.000117542,-0.0404557,5.89381e-05,0.04045591368775887
38.2187,4.16667,4.72512,0.0319617,-0.220982,0.016193,0.22386783565284676
38.3661,4.16667,4.78563,0.0219534,-0.223669,0.0105224,0.22498998696457584
38.5128,4.16667,4.84589,0.0121278,-0.217229,0.00561312,0.21763967719598926
38.6577,4.16667,4.90537,0.00234488,-0.168025,0.00118725,0.1680455552812299
38.7893,4.16667,4.95944,-0.000420063,-0.0401903,-0.000147016,0.040192764034316236
38.2187,4.5,4.72512,0.0374112,-0.185617,0.0187266,0.19027336682257978
38.3661,4.5,4.78563,0.0265385,-0.188385,0.0125701,0.1906599266265987
38.5128,4.5,4.84589,0.015857,-0.183641,0.00722655,0.18446594361806326
38.6577,4.5,4.90537,0.00497107,-0.145397,0.00231195,0.14550032391286075
38.7893,4.5,4.95944,-0.000741643,-0.03597,-0.000267296,0.035978637849299756
38.2187,4.83333,4.72512,0.0416197,-0.146616,0.0206994,0.15380804934869305
38.3661,4.83333,4.78563,0.0299959,-0.14931,0.014121,0.15294650292769038
38.5128,4.83333,4.84589,0.0185962,-0.145761,0.00841655,0.14718330778095218
38.6577,4.83333,4.90537,0.00693423,-0.116234,0.00315253,0.11648332390129412
38.7893,4.83333,4.95944,-0.000943448,-0.0289188,-0.00034068,0.02893619101456002
38.2187,5.16667,4.72512,0.0449247,-0.104371,0.0222834,0.11579328230363797
38.3661,5.16667,4.78563,0.0325757,-0.106985,0.0153054,0.11287702035689105
38.5128,5.16667,4.84589,0.0205071,-0.104445,0.00926647,0.10684178322019387
38.6577,5.16667,4.90537,0.00818123,-0.0820499,0.00369612,0.08253956576925577
38.7893,5.16667,4.95944,-0.00105496,-0.0194309,-0.000380378,0.019463234644695727
38.2187,5.5,4.72512,0.0466573,-0.0594569,0.0230716,0.079021043573595
38.3661,5.5,4.78563,0.0337085,-0.0620398,0.0158079,0.07235391806046165
38.5128,5.5,4.84589,0.0212087,-0.0605929,0.00958294,0.06490871455470058
38.6577,5.5,4.90537,0.00844149,-0.0451881,0.00380605,0.04612709780197102
38.7893,5.5,4.95944,-0.00130696,-0.00891505,-0.000484856,0.009023377764719596
38.2187,5.83333,4.72512,0.0481326,-0.013011,0.0240614,0.05536230011226051
38.3661,5.83333,4.78563,0.0338296,-0.0162404,0.0160774,0.04082493379149561
38.5128,5.83333,4.84589,0.0195434,-0.0164192,0.00897287,0.02705636724020614
38.6577,5.83333,4.90537,0.00575566,-0.0081365,0.00266699,0.010317126050683882
38.7893,5.83333,4.95944,-0.00114925,0.000106188,-0.000436159,0.0012338095992190205
38.2187,6.16667,4.72512,0.048555,0.037119,0.0242734,0.06576173761055892
38.3661,6.16667,4.78563,0.0344105,0.0350664,0.0163569,0.05178110752793918
38.5128,6.16667,4.84589,0.0201249,0.0306929,0.00924248,0.03784823836019848
38.6577,6.16667,4.90537,0.00613083,0.0187843,0.00285095,0.019964090735152453
38.7893,6.16667,4.95944,-0.00117745,0.00288522,-0.000444888,0.0031478259614286176
38.2187,6.5,4.72512,0.047056,0.0828117,0.0232669,0.09804791394262298
38.3661,6.5,4.78563,0.0344021,0.081,0.01614,0.0894706884091656
38.5128,6.5,4.84589,0.021957,0.0760656,0.00992269,0.07979063309183666
38.6577,6.5,4.90537,0.00899875,0.0578855,0.00405722,0.058721117546764214
38.7893,6.5,4.95944,-0.0013099,0.0129183,-0.000483764,0.012993549957871251
38.2187,6.83333,4.72512,0.0445045,0.126964,0.0219987,0.13632479825013494
38.3661,6.83333,4.78563,0.0325463,0.125612,0.0152365,0.13065139539989612
38.5128,6.83333,4.84589,0.0206951,0.120076,0.00931771,0.12220209760742284
38.6577,6.83333,4.90537,0.0084471,0.0956169,0.00380318,0.09606460972768484
38.7893,6.83333,4.95944,-0.00103804,0.024197,-0.000371059,0.024222097779157795
38.2187,7.16667,4.72512,0.0407372,0.167895,0.0201866,0.17394179862356257
38.3661,7.16667,4.78563,0.0295704,0.167082,0.0138647,0.1702440400902481
38.5128,7.16667,4.84589,0.0184577,0.161051,0.00832083,0.1623186603634311
38.6577,7.16667,4.90537,0.00692105,0.129933,0.00313991,0.13015507849066282
38.7893,7.16667,4.95944,-0.000962729,0.0337924,-0.000347648,0.03380789854485701
38.2187,7.5,4.72512,0.0361056,0.205459,0.0180307,0.20938510256188236
38.3661,7.5,4.78563,0.0257415,0.205091,0.0121583,0.20705740112862422
38.5128,7.5,4.84589,0.0154083,0.198271,0.00700586,0.19899217880165443
38.6577,7.5,4.90537,0.00473115,0.158594,0.00220751,0.1586799096190901
38.7893,7.5,4.95944,-0.000765998,0.0404789,-0.000276292,0.04048708973753569
38.2187,7.83333,4.72512,0.0303584,0.238933,0.015373,0.24134402845017733
38.3661,7.83333,4.78563,0.0209082,0.238848,0.0100091,0.23997021068051344
38.5128,7.83333,4.84589,0.0114769,0.230658,0.00531296,0.23100445827206798
38.6577,7.83333,4.90537,0.00198105,0.180071,0.00103256,0.18008485716532668
38.7893,7.83333,4.95944,-0.000418488,0.0440275,-0.000145706,0.04402972994119519
38.2187,8.16667,4.72512,0.0236324,0.267455,0.0123252,0.2687797944597027
38.3661,8.16667,4.78563,0.0151556,0.267281,0.00749952,0.2678153617188349
38.5128,8.16667,4.84589,0.00680858,0.256702,0.00330212,0.25681350735915504
38.6577,8.16667,4.90537,-0.000810772,0.191921,-0.000125829,0.1919227537973891
38.7893,8.16667,4.95944,0.000113211,0.0436657,5.7235e-05,0.043665884269824956
38.2187,8.5,4.72512,0.0154853,0.290752,0.00864902,0.2912925086009773
38.3661,8.5,4.78563,0.0080708,0.289896,0.0043812,0.29004141694261526
38.5128,8.5,4.84589,0.00123993,0.275046,0.000919351,0.275050331300775
38.6577,8.5,4.90537,-0.00364183,0.193765,-0.00132592,0.19380375696718394
38.7893,8.5,4.95944,0.000503512,0.0412673,0.000200691,0.04127085958035797
38.2187,8.83333,4.72512,0.00594904,0.307354,0.00441989,0.3074433408297108
38.3661,8.83333,4.78563,-0.000104963,0.304451,0.000827059,0.3044521414686073
38.5128,8.83333,4.84589,-0.00482055,0.28225,-0.00161079,0.2822957577554551
38.6577,8.83333,4.90537,-0.00629437,0.183826,-0.00247888,0.18395043412765108
38.7893,8.83333,4.95944,0.00107671,0.0340419,0.000429688,0.03406163372199643
38.2187,9.16667,4.72512,-0.00568273,0.316888,-0.000742109,0.3169398187196124
38.3661,9.16667,4.78563,-0.00985551,0.309881,-0.00345205,0.3100569010481183
38.5128,9.16667,4.84589,-0.0119469,0.277902,-0.00462488,0.27819712352686965
38.6577,9.16667,4.90537,-0.00940167,0.163149,-0.00380768,0.16346402058793028
38.7893,9.16667,4.95944,0.00176884,0.0260787,0.000705676,0.026148142711339483
38.2187,9.5,4.72512,-0.0188337,0.31631,-0.0064588,0.31693601949467654
38.3661,9.5,4.78563,-0.0203864,0.302693,-0.00800967,0.3034844516074405
38.5128,9.5,4.84589,-0.0190635,0.257905,-0.0075647,0.2587192121651193
38.6577,9.5,4.90537,-0.0114455,0.126123,-0.00464028,0.12672625141512078
38.7893,9.5,4.95944,0.00255794,0.0123861,0.00102543,0.012688973045069487
38.2187,9.83333,4.72512,-0.0341649,0.305069,-0.0131889,0.3072593078105527
38.3661,9.83333,4.78563,-0.0323506,0.282039,-0.0132503,0.2841973421611293
38.5128,9.83333,4.84589,-0.0269807,0.22238,-0.0108754,0.22427460154384402
38.6577,9.83333,4.90537,-0.0130202,0.0802489,-0.00522003,0.0814656999752098
38.7893,9.83333,4.95944,0.00324581,0.00215105,0.00129817,0.004104575983886765
38.2187,10.1667,4.72512,-0.0491137,0.278748,-0.0197033,0.2837266696357253
38.3661,10.1667,4.78563,-0.04249,0.243305,-0.0176525,0.2476173133713594
38.5128,10.1667,4.84589,-0.0319523,0.165364,-0.0130367,0.168926485543801
38.6577,10.1667,4.90537,-0.0109103,0.0160211,-0.00423565,0.019840640670666355
38.7893,10.1667,4.95944,0.00302962,-0.0127277,0.00122109,0.013140167632968006
38.2187,10.5,4.72512,-0.0626277,0.236925,-0.0258452,0.2464217092614407
38.3661,10.5,4.78563,-0.0513816,0.188068,-0.0213565,0.1961268506217596
38.5128,10.5,4.84589,-0.0329616,0.0952631,-0.0136296,0.10172163630383656
38.6577,10.5,4.90537,0.000792769,-0.0393491,0.000267956,0.039357997331105364
38.7893,10.5,4.95944,-0.00135227,-0.0170914,-0.000528135,0.017152944781906255
38.2187,10.8333,4.72512,-0.0666668,0.177729,-0.0280325,0.19187986011952896
38.3661,10.8333,4.78563,-0.0509532,0.110037,-0.0213081,0.12311947483988875
38.5128,10.8333,4.84589,-0.0227935,-0.00839394,-0.00926882,0.02599832485307467
38.6577,10.8333,4.90537,0.00479371,-0.070266,0.00167518,0.07044924868014207
38.7893,10.8333,4.95944,-0.003251,-0.0181798,-0.00133138,0.01851612005103661
38.2187,11.1667,4.72512,-0.0528734,0.108894,-0.0225817,0.12313989133684503
38.3661,11.1667,4.78563,-0.0302719,0.0269091,-0.0130755,0.04256120642874212
38.5128,11.1667,4.84589,-0.000786809,-0.0740203,-0.000706248,0.07402785061535952
38.6577,11.1667,4.90537,-0.00109042,-0.0823275,-0.000329626,0.082335380762624
38.7893,11.1667,4.95944,0.000505706,-0.0190008,0.000217627,0.019008774308449376
38.2187,11.5,4.72512,-0.0176283,0.036926,-0.00870512,0.04183378480492053
38.3661,11.5,4.78563,0.00511284,-0.0426351,0.00186775,0.04298117465749511
38.5128,11.5,4.84589,0.00755362,-0.0825666,0.00317741,0.08297226370885936
38.6577,11.5,4.90537,-0.000270166,-0.0769786,3.87501e-05,0.0769790838422867
38.7893,11.5,4.95944,0.000105586,-0.0191117,7.84464e-05,0.0191121526556029
38.2187,11.8333,4.72512,0.040516,-0.00470767,0.0151617,0.04351534855334265
38.3661,11.8333,4.78563,0.0483278,-0.0260859,0.0193252,0.058219530972775796
38.5128,11.8333,4.84589,0.0371238,-0.0507055,0.0154905,0.06472387385609733
38.6577,11.8333,4.90537,0.0168353,-0.0635137,0.00721017,0.06610146719407142
38.7893,11.8333,4.95944,-0.00281096,-0.0202207,-0.00107451,0.02044340422609943
38.2187,0.166667,4.73265,0.0415093,0.00520154,0.0150845,0.04447044125159542
38.3661,0.166667,4.79151,0.04872,0.0267048,0.0189367,0.058697387931065555
38.5128,0.166667,4.85011,0.0373438,0.0512431,0.0151781,0.06519807831263127
38.6577,0.166667,4.90796,0.0168119,0.064073,0.00701786,0.0666126089384705
38.7893,0.166667,4.96056,-0.00281978,0.0203644,-0.00104522,0.02058524790855821
38.2187,0.5,4.73265,-0.0166766,-0.0349357,-0.00820777,0.03957246025233837
38.3661,0.5,4.79151,0.005492,0.0439072,0.00196816,0.04429309121776894
38.5128,0.5,4.85011,0.00712941,0.0834972,0.00294671,0.08385281148901448
38.6577,0.5,4.90796,-0.000376435,0.0773374,-3.71346e-06,0.07733831622073893
38.7893,0.5,4.96056,6.89914e-05,0.0191843,6.25236e-05,0.019184525938991323
38.2187,0.833333,4.73265,-0.0523788,-0.107438,-0.0218434,0.12150554167197479
38.3661,0.833333,4.79151,-0.0291917,-0.0228779,-0.0123367,0.03908641482906817
38.5128,0.833333,4.85011,-0.000580851,0.0751612,-0.000636572,0.0751661399649828
38.6577,0.833333,4.90796,-0.00156599,0.0818301,-0.000495839,0.0818465848218728
38.7893,0.833333,4.96056,0.000677557,0.0187697,0.000280425,0.01878401873292491
38.2187,1.16667,4.73265,-0.066671,-0.176921,-0.0273893,0.19103988127218358
38.3661,1.16667,4.79151,-0.0507386,-0.107254,-0.0206961,0.12044149866707073
38.5128,1.16667,4.85011,-0.021873,0.013196,-0.00864423,0.026968226810320694
38.6577,1.16667,4.90796,0.00454772,0.0699794,0.0015258,0.07014361159220703
38.7893,1.16667,4.96056,-0.00311192,0.0176393,-0.00124202,0.017954708693175725
38.2187,1.5,4.73265,-0.0624572,-0.235899,-0.0251822,0.24532301814073623
38.3661,1.5,4.79151,-0.0512917,-0.185805,-0.0207809,0.19387156139748812
38.5128,1.5,4.85011,-0.032538,-0.0917669,-0.0130975,0.09824169117976339
38.6577,1.5,4.90796,0.00163547,0.0400527,0.000561835,0.04009001369391291
38.7893,1.5,4.96056,-0.00174401,0.0168516,-0.000666819,0.016954723265770546
38.2187,1.83333,4.73265,-0.0484892,-0.276913,-0.0189753,0.28176599173024774
38.3661,1.83333,4.79151,-0.0420438,-0.240777,-0.0170555,0.2450145606442401
38.5128,1.83333,4.85011,-0.031522,-0.161484,-0.0125448,0.16500936563431784
38.6577,1.83333,4.90796,-0.0103056,-0.0123006,-0.0038825,0.01651011683695788
38.7893,1.83333,4.96056,0.00283226,0.0129232,0.00111064,0.01327645721407635
38.2187,2.16667,4.73265,-0.0331905,-0.301726,-0.0124282,0.3038003431885652
38.3661,2.16667,4.79151,-0.0317529,-0.278558,-0.0126814,0.28064857727836423
38.5128,2.16667,4.85011,-0.0266486,-0.218052,-0.0104515,0.2199228420110335
38.6577,2.16667,4.90796,-0.0126895,-0.0761522,-0.00494066,0.07736013893682975
38.7893,2.16667,4.96056,0.0032232,-0.00165241,0.00125196,0.003832346655731968
38.2187,2.5,4.73265,-0.0174578,-0.310898,-0.0056448,0.3114389265199198
38.3661,2.5,4.79151,-0.0194825,-0.297714,-0.0074186,0.29844300834197807
38.5128,2.5,4.85011,-0.0184989,-0.252408,-0.00712818,0.2531853445903266
38.6577,2.5,4.90796,-0.011058,-0.120477,-0.00436186,0.12106202012051344
38.7893,2.5,4.96056,0.0025143,-0.0113429,0.000978521,0.011659356253560528
38.2187,2.83333,4.73265,-0.00407405,-0.309145,8.57658e-05,0.3091718555499109
38.3661,2.83333,4.79151,-0.00879157,-0.303138,-0.00287798,0.3032791148693647
38.5128,2.83333,4.85011,-0.0112953,-0.27105,-0.0042195,0.2713180614746096
38.6577,2.83333,4.90796,-0.00903484,-0.156366,-0.00355705,0.1566671851235226
38.7893,2.83333,4.96056,0.00176065,-0.0246036,0.000681732,0.024675935238655574
38.2187,3.16667,4.73265,0.00768877,-0.297023,0.00521837,0.29716832115582203
38.3661,3.16667,4.79151,0.00107529,-0.29565,0.00137361,0.29565514633271006
38.5128,3.16667,4.85011,-0.00409629,-0.273727,-0.00124164,0.27376046425781375
38.6577,3.16667,4.90796,-0.00588214,-0.175389,-0.00223988,0.17550190299365415
38.7893,3.16667,4.96056,0.00106961,-0.0318549,0.000413952,0.031875540400445046
38.2187,3.5,4.73265,0.0171841,-0.278009,0.00937838,0.27869741905018497
38.3661,3.5,4.79151,0.00924199,-0.279044,0.00485884,0.27923928205269705
38.5128,3.5,4.85011,0.00196028,-0.264929,0.00123038,0.2649391091810019
38.6577,3.5,4.90796,-0.00328586,-0.183887,-0.00112947,0.18391982314970973
38.7893,3.5,4.96056,0.000531956,-0.0384412,0.000205398,0.03844542915567909
38.2187,3.83333,4.73265,0.0251837,-0.252325,0.0129348,0.25390831696053207
38.3661,3.83333,4.79151,0.0162291,-0.254414,0.00788278,0.2550529460785317
38.5128,3.83333,4.85011,0.00748239,-0.244831,0.00354156,0.2449709112697785
38.6577,3.83333,4.90796,-0.000469531,-0.180591,3.50033e-05,0.18059161377425856
38.7893,3.83333,4.96056,0.000138974,-0.0400832,6.69194e-05,0.0400834967813285
38.2187,4.16667,4.73265,0.0316715,-0.221728,0.0158386,0.22453786127557643
38.3661,4.16667,4.79151,0.0217879,-0.224271,0.0102721,0.2255608788460889
38.5128,4.16667,4.85011,0.012014,-0.217461,0.00546135,0.21786107743427346
38.6577,4.16667,4.90796,0.00228009,-0.167466,0.00114595,0.16748544165929946
38.7893,4.16667,4.96056,-0.000403918,-0.0398145,-0.000134567,0.03981677621654236
38.2187,4.5,4.73265,0.0370929,-0.186272,0.0183104,0.19080988434190194
38.3661,4.5,4.79151,0.0263605,-0.188912,0.0122697,0.19113650944374808
38.5128,4.5,4.85011,0.0157389,-0.183863,0.00703459,0.18466943764109453
38.6577,4.5,4.90796,0.00489178,-0.144951,0.00223713,0.14505077270806005
38.7893,4.5,4.96056,-0.000734911,-0.0356248,-0.000254668,0.03563328956198326
38.2187,4.83333,4.73265,0.0412721,-0.147176,0.0202338,0.15418679540365965
38.3661,4.83333,4.79151,0.0298027,-0.149754,0.0137815,0.1533114189665597
38.5128,4.83333,4.85011,0.0184718,-0.145952,0.00819447,0.14734430100217957
38.6577,4.83333,4.90796,0.00684461,-0.115889,0.0030533,0.11613109681709761
38.7893,4.83333,4.96056,-0.000945728,-0.0286313,-0.000329119,0.02864880556770465
38.2187,5.16667,4.73265,0.0445432,-0.104841,0.0217752,0.11597366633111156
38.3661,5.16667,4.79151,0.0323612,-0.10735,0.0149334,0.11311178630452266
38.5128,5.16667,4.85011,0.0203702,-0.104598,0.00902079,0.10694419715096327
38.6577,5.16667,4.90796,0.00808147,-0.0817976,0.00358025,0.08227378509089879
38.7893,5.16667,4.96056,-0.0010629,-0.019226,-0.000369685,0.01925890701491715
38.2187,5.5,4.73265,0.0462491,-0.0598388,0.0225375,0.07891514520356659
38.3661,5.5,4.79151,0.033475,-0.0623317,0.0154183,0.07241229470732162
38.5128,5.5,4.85011,0.0210568,-0.0607175,0.00932547,0.06493818617124211
38.6577,5.5,4.90796,0.00833268,-0.045042,0.00368389,0.04595417680161946
38.7893,5.5,4.96056,-0.00131348,-0.00881324,-0.000470853,0.008923011350189409
38.2187,5.83333,4.73265,0.0476608,-0.0133388,0.0234972,0.05478680361108868
38.3661,5.83333,4.79151,0.033537,-0.0164825,0.0156692,0.040520698462514194
38.5128,5.83333,4.85011,0.0193465,-0.0165292,0.00871788,0.02689801008595989
38.6577,5.83333,4.90796,0.00564883,-0.00813523,0.00257347,0.010232985652423246
38.7893,5.83333,4.96056,-0.0011421,0.00010088,-0.00041899,0.001220705453620979
38.2187,6.16667,4.73265,0.0480968,0.0369736,0.023712,0.06513530694792188
38.3661,6.16667,4.79151,0.0341251,0.0349071,0.0159469,0.05135495789142466
38.5128,6.16667,4.85011,0.0199309,0.030468,0.00898357,0.037499924383322426
38.6577,6.16667,4.90796,0.00602016,0.0185012,0.00275308,0.019649839117712897
38.7893,6.16667,4.96056,-0.00117208,0.00280342,-0.000427999,0.0030685694332703312
38.2187,6.5,4.73265,0.0466742,0.0827829,0.0227406,0.09771706282123917
38.3661,6.5,4.79151,0.0341865,0.0809453,0.0157519,0.08926914768244401
38.5128,6.5,4.85011,0.021818,0.0759051,0.00966328,0.07956750788084543
38.6577,6.5,4.90796,0.00889301,0.0574966,0.00393117,0.058312937981111874
38.7893,6.5,4.96056,-0.00132027,0.0127159,-0.000471152,0.012792935937071053
38.2187,6.83333,4.73265,0.0441641,0.127047,0.0215078,0.1362130441574888
38.3661,6.83333,4.79151,0.0323606,0.125656,0.0148743,0.13060583282859153
38.5128,6.83333,4.85011,0.0205772,0.119973,0.00907646,0.12206278718336559
38.6577,6.83333,4.90796,0.00835441,0.0951561,0.00368735,0.09559328472063609
38.7893,6.83333,4.96056,-0.00104829,0.0238982,-0.000361328,0.023923909235066165
38.2187,7.16667,4.73265,0.0404343,0.168094,0.0197436,0.17401245700653156
38.3661,7.16667,4.79151,0.0294073,0.167232,0.0135393,0.1703368537979377
38.5128,7.16667,4.85011,0.0183514,0.161014,0.00810619,0.16225902869879413
38.6577,7.16667,4.90796,0.00683753,0.129407,0.00304327,0.12962324235180125
38.7893,7.16667,4.96056,-0.000965077,0.0334216,-0.000335769,0.03343721670530145
38.2187,7.5,4.73265,0.0358328,0.205777,0.0176414,0.2096172280104858
38.3661,7.5,4.79151,0.0255932,0.20535,0.0118756,0.20727919399109984
38.5128,7.5,4.85011,0.0153069,0.19829,0.00682423,0.19899697335060879
38.6577,7.5,4.90796,0.00465785,0.157989,0.00213767,0.15807210165190883
38.7893,7.5,4.96056,-0.000758257,0.0400624,-0.000262873,0.040070437352893694
38.2187,7.83333,4.73265,0.030113,0.23937,0.0150487,0.24172557382430598
38.3661,7.83333,4.79151,0.020771,0.23921,0.00977901,0.24030915000802633
38.5128,7.83333,4.85011,0.0113786,0.230713,0.0051736,0.23105135153017392
38.6577,7.83333,4.90796,0.00192255,0.179374,0.000997841,0.1793870780217008
38.7893,7.83333,4.96056,-0.000401532,0.0435968,-0.00013285,0.043598851444843406
38.2187,8.16667,4.73265,0.02341,0.268008,0.0120741,0.2692992760012734
38.3661,8.16667,4.79151,0.0150261,0.267736,0.00733024,0.268257491592812
38.5128,8.16667,4.85011,0.00671564,0.25676,0.00321279,0.25686790270524984
38.6577,8.16667,4.90796,-0.000848405,0.191122,-0.000121079,0.19112392141008477
38.7893,8.16667,4.96056,0.000135715,0.0432496,6.57526e-05,0.04324986291452994
38.2187,8.5,4.73265,0.0152828,0.291413,0.00848547,0.2919368146465274
38.3661,8.5,4.79151,0.00795006,0.290421,0.0042871,0.2905614219427858
38.5128,8.5,4.85011,0.00115673,0.275048,0.000893992,0.2750518851962098
38.6577,8.5,4.90796,-0.0036555,0.192913,-0.00128056,0.19295188022707527
38.7893,8.5,4.96056,0.000531224,0.0408806,0.000206305,0.04088457187070939
38.2187,8.83333,4.73265,0.005765,0.308105,0.00435687,0.3081897281970911
38.3661,8.83333,4.79151,-0.000213689,0.304998,0.000821755,0.30499918188131053
38.5128,8.83333,4.85011,-0.00488714,0.282177,-0.00156272,0.2822236445802832
38.6577,8.83333,4.90796,-0.00627916,0.182915,-0.0023949,0.1830384129665563
38.7893,8.83333,4.96056,0.0011018,0.0337177,0.00042762,0.03373840712592105
38.2187,9.16667,4.73265,-0.00584479,0.317687,-0.00067965,0.3177414884198578
38.3661,9.16667,4.79151,-0.00994821,0.310406,-0.00334815,0.31058342168671305
38.5128,9.16667,4.85011,-0.0119954,0.277735,-0.00449066,0.2780301887806351
38.6577,9.16667,4.90796,-0.00934905,0.162232,-0.00367512,0.16254271151582558
38.7893,9.16667,4.96056,0.00178755,0.0258405,0.000693122,0.025911526264567743
38.2187,9.5,4.73265,-0.0189749,0.317115,-0.00625463,0.3177437496654291
38.3661,9.5,4.79151,-0.0204591,0.303143,-0.00778613,0.3039323560303952
38.5128,9.5,4.85011,-0.0190826,0.257617,-0.00733975,0.25842704239653885
38.6577,9.5,4.90796,-0.0113428,0.125247,-0.004465,0.12583881096799984
38.7893,9.5,4.96056,0.00255783,0.0122684,0.000996283,0.012571742627217159
38.2187,9.83333,4.73265,-0.0342816,0.305819,-0.012815,0.3080011576026298
38.3661,9.83333,4.79151,-0.0323974,0.282354,-0.0128859,0.284498539999013
38.5128,9.83333,4.85011,-0.0269576,0.221974,-0.0105446,0.22385342852616755
38.6577,9.83333,4.90796,-0.0128602,0.0795976,-0.00500122,0.08078474405039852
38.7893,9.83333,4.96056,0.00322114,0.00215711,0.00125118,0.004073612382652527
38.2187,10.1667,4.73265,-0.0491929,0.279373,-0.0191606,0.28431732822986716
38.3661,10.1667,4.79151,-0.0424976,0.243415,-0.0171645,0.2476924066074897
38.5128,10.1667,4.85011,-0.0318677,0.164831,-0.0126329,0.16835794910457896
38.6577,10.1667,4.90796,-0.0107301,0.0158103,-0.00402947,0.01952785857642614
38.7893,10.1667,4.96056,0.00297989,-0.0125852,0.0011666,0.012985682847355389
38.2187,10.5,4.73265,-0.0626616,0.237345,-0.0251377,0.24676107695673968
38.3661,10.5,4.79151,-0.0513341,0.187917,-0.0207433,0.19590373453995202
38.5128,10.5,4.85011,-0.0327828,0.0946191,-0.0131793,0.10100089113042518
38.6577,10.5,4.90796,0.000864755,-0.0389354,0.000289945,0.038946081221004125
38.7893,10.5,4.96056,-0.00140257,-0.0168672,-0.000532367,0.016933784369348424
38.2187,10.8333,4.73265,-0.0666382,0.177871,-0.0272672,0.19189122579232223
38.3661,10.8333,4.79151,-0.0508257,0.109638,-0.0206843,0.12260335676880955
38.5128,10.8333,4.85011,-0.0225899,-0.00879251,-0.00891738,0.02582888848120453
38.6577,10.8333,4.90796,0.00479565,-0.069797,0.00161302,0.06998014933852957
38.7893,10.8333,4.96056,-0.00325567,-0.017981,-0.00129693,0.018319327923638464
38.2187,11.1667,4.73265,-0.0527303,0.108699,-0.0219416,0.12279002789172254
38.3661,11.1667,4.79151,-0.0300286,0.0262332,-0.012655,0.04183355860072151
38.5128,11.1667,4.85011,-0.000817171,-0.0739804,-0.000719095,0.07398840753944003
38.6577,11.1667,4.90796,-0.00111469,-0.0817723,-0.000322668,0.08178053372119996
38.7893,11.1667,4.96056,0.00051734,-0.018782,0.000216649,0.018790372573868806
38.2187,11.5,4.73265,-0.017429,0.0364884,-0.0084806,0.04131699350049565
38.3661,11.5,4.79151,0.00498406,-0.0427422,0.00174751,0.04306727651156618
38.5128,11.5,4.85011,0.00740429,-0.0826376,0.0030293,0.08302393090340941
38.6577,11.5,4.90796,-0.000362397,-0.0765049,8.42949e-06,0.07650575878096962
38.7893,11.5,4.96056,0.000129146,-0.0188734,8.77182e-05,0.018874045690628366
38.2187,11.8333,4.73265,0.0406564,-0.0046857,0.0147249,0.04349392285664746
38.3661,11.8333,4.79151,0.0482639,-0.0262331,0.0187333,0.0580389189054207
38.5128,11.8333,4.85011,0.0369556,-0.0509241,0.0150157,0.06468733708122479
38.6577,11.8333,4.90796,0.0166059,-0.0634039,0.00693683,0.06590849763474282
38.7893,11.8333,4.96056,-0.00280793,-0.0200275,-0.00103978,0.020250095545041265
38.3661,0.166667,4.79738,0.048659,0.0268557,0.0183458,0.05852773087289478
38.5128,0.166667,4.85433,0.0371815,0.0514595,0.0147041,0.06516712851821845
38.6577,0.166667,4.91056,0.0165889,0.0639666,0.00674854,0.06642635253347574
38.7893,0.166667,4.96167,-0.00281618,0.0201723,-0.00101062,0.020392986781410907
38.3661,0.5,4.79738,0.00537117,0.0440396,0.00184925,0.04440445429111138
38.5128,0.5,4.85433,0.00698796,0.083572,0.00280836,0.08391065280911118
38.6577,0.5,4.91056,-0.000461248,0.0768747,-2.98627e-05,0.07687608953106521
38.7893,0.5,4.96167,9.20229e-05,0.0189502,7.15125e-05,0.018950558363588676
38.3661,0.833333,4.79738,-0.0289433,-0.0221716,-0.0119273,0.03836085174680041
38.5128,0.833333,4.85433,-0.000607273,0.0751458,-0.000649382,0.0751510594410914
38.6577,0.833333,4.91056,-0.00158548,0.0812999,-0.000481947,0.08131678645735582
38.7893,0.833333,4.96167,0.000689458,0.0185617,0.000277459,0.018576572415826473
38.3661,1.16667,4.79738,-0.050603,-0.106793,-0.0200727,0.11986793459174143
38.5128,1.16667,4.85433,-0.0216707,0.0136108,-0.00830716,0.026905055703261422
38.6577,1.16667,4.91056,0.00454957,0.0695496,0.00146821,0.06971370803471151
38.7893,1.16667,4.96167,-0.00311369,0.0174566,-0.00120801,0.017773216848286075
38.3661,1.5,4.79738,-0.0512435,-0.185592,-0.0201699,0.19359006075276697
38.5128,1.5,4.85433,-0.0323557,-0.0910761,-0.0126526,0.09747735942494543
38.6577,1.5,4.91056,0.00170248,0.0396879,0.000570562,0.03972849588842049
38.7893,1.5,4.96167,-0.00179275,0.0166428,-0.00066559,0.016752305944275254
38.3661,1.83333,4.79738,-0.0420584,-0.240847,-0.0165764,0.24505298091743347
38.5128,1.83333,4.85433,-0.0314386,-0.160909,-0.0121495,0.16440104075464362
38.6577,1.83333,4.91056,-0.010134,-0.0120901,-0.00369045,0.016201478179860625
38.7893,1.83333,4.96167,0.00278333,0.0127922,0.00105948,0.013134298785976356
38.3661,2.16667,4.79738,-0.0318126,-0.278862,-0.0123299,0.2809414227143623
38.5128,2.16667,4.85433,-0.0266302,-0.217621,-0.0101287,0.21947814869988766
38.6577,2.16667,4.91056,-0.0125328,-0.0755082,-0.00472966,0.07668721553685204
38.7893,2.16667,4.96167,0.0031971,-0.00164934,0.00120512,0.0037939537503770392
38.3661,2.5,4.79738,-0.019573,-0.298187,-0.00721346,0.2989157461613081
38.5128,2.5,4.85433,-0.018526,-0.252116,-0.00691436,0.2528902894660244
38.6577,2.5,4.91056,-0.0109596,-0.119628,-0.00419459,0.12020218717406143
38.7893,2.5,4.96167,0.00251289,-0.011224,0.000949474,0.011540983191599232
38.3661,2.83333,4.79738,-0.00890689,-0.303723,-0.00279617,0.3038664377405656
38.5128,2.83333,4.85433,-0.0113542,-0.270905,-0.00409767,0.2711737962673918
38.6577,2.83333,4.91056,-0.00898639,-0.155494,-0.0034316,0.1557912549528763
38.7893,2.83333,4.96167,0.00177763,-0.0243718,0.000668448,0.024445683185086154
38.3661,3.16667,4.79738,0.000938697,-0.296297,0.00134282,0.296301529740584
38.5128,3.16667,4.85433,-0.00417559,-0.273704,-0.00120718,0.2737385110856719
38.6577,3.16667,4.91056,-0.00587125,-0.174543,-0.00216322,0.17465511714899998
38.7893,3.16667,4.96167,0.00109286,-0.0315499,0.000410966,0.03157149705102303
38.3661,3.5,4.79738,0.00909059,-0.279706,0.0047379,0.2798937887109289
38.5128,3.5,4.85433,0.00186079,-0.265011,0.0011903,0.2650202057853591
38.6577,3.5,4.91056,-0.00330366,-0.183119,-0.00109041,0.1831520442811483
38.7893,3.5,4.96167,0.000557571,-0.0380855,0.000209521,0.03809015745201747
38.3661,3.83333,4.79738,0.0160666,-0.255042,0.00768673,0.2556631440345927
38.5128,3.83333,4.85433,0.00737146,-0.245002,0.00343736,0.24513696961148312
38.6577,3.83333,4.91056,-0.000512722,-0.179892,3.33614e-05,0.17989273376329656
38.7893,3.83333,4.96167,0.000159772,-0.0397126,7.41143e-05,0.0397129905544955
38.3661,4.16667,4.79738,0.0216156,-0.22484,0.0100162,0.2260986157096058
38.5128,4.16667,4.85433,0.0118961,-0.217658,0.00530791,0.21804746287856253
38.6577,4.16667,4.91056,0.00221536,-0.166892,0.0011052,0.16691036202396065
38.7893,4.16667,4.96167,-0.000388055,-0.0394404,-0.00012272,0.03944249990861919
38.3661,4.5,4.79738,0.0261753,-0.18941,0.0119631,0.19158395076754212
38.5128,4.5,4.85433,0.0156162,-0.184055,0.00684042,0.1848429064725406
38.6577,4.5,4.91056,0.0048121,-0.144492,0.00216283,0.14458828515484545
38.7893,4.5,4.96167,-0.000728027,-0.0352812,-0.000242313,0.035289542535185944
38.3661,4.83333,4.79738,0.0296021,-0.150175,0.0134354,0.15365326199781768
38.5128,4.83333,4.85433,0.0183423,-0.14612,0.00796982,0.1474822443554559
38.6577,4.83333,4.91056,0.00675426,-0.115533,0.00295452,0.11576797184704413
38.7893,4.83333,4.96167,-0.000947467,-0.0283456,-0.000317519,0.028363207706312944
38.3661,5.16667,4.79738,0.0321393,-0.107698,0.0145546,0.11332974097583565
38.5128,5.16667,4.85433,0.0202281,-0.104735,0.00877245,0.10703061306753549
38.6577,5.16667,4.91056,0.0079809,-0.0815372,0.00346489,0.08200009275215547
38.7893,5.16667,4.96167,-0.00107005,-0.0190226,-0.000358753,0.019056049471952708
38.3661,5.5,4.79738,0.0332338,-0.0626117,0.0150221,0.07245946403155354
38.5128,5.5,4.85433,0.0208997,-0.0608312,0.00906554,0.06495703479240413
38.6577,5.5,4.91056,0.00822328,-0.0448908,0.00356249,0.04577660530880922
38.7893,5.5,4.96167,-0.00131909,-0.00871235,-0.000456596,0.008823464220917768
38.3661,5.83333,4.79738,0.0332378,-0.0167176,0.015255,0.04021124871973015
38.5128,5.83333,4.85433,0.0191459,-0.0166341,0.00846162,0.026736824468219855
38.6577,5.83333,4.91056,0.00554249,-0.00813202,0.00248121,0.010149155026138876
38.7893,5.83333,4.96167,-0.00113456,9.56086e-05,-0.000402008,0.0012074675275376807
38.3661,6.16667,4.79738,0.0338329,0.0347456,0.0155305,0.05092266952959163
38.5128,6.16667,4.85433,0.0197328,0.030242,0.00872309,0.03714908153626547
38.6577,6.16667,4.91056,0.00590982,0.0182211,0.00265636,0.019338839316049967
38.7893,6.16667,4.96167,-0.00116622,0.00272382,-0.000411228,0.002991383116350027
38.3661,6.5,4.79738,0.0339629,0.080883,0.0153563,0.08905815075050683
38.5128,6.5,4.85433,0.0216732,0.0757372,0.0094008,0.07933615886038345
38.6577,6.5,4.91056,0.00878621,0.0571068,0.00380553,0.05790393899369023
38.7893,6.5,4.96167,-0.0013296,0.0125168,-0.000458158,0.012595555849305103
38.3661,6.83333,4.79738,0.0321668,0.125686,0.0145047,0.13054524097158807
38.5128,6.83333,4.85433,0.0204534,0.119857,0.00883206,0.12190999673695181
38.6577,6.83333,4.91056,0.00826037,0.0946907,0.0035717,0.09511739809265654
38.7893,6.83333,4.96167,-0.00105773,0.0236029,-0.000351306,0.02362920009370897
38.3661,7.16667,4.79738,0.0292362,0.167364,0.0132066,0.17041090977399306
38.5128,7.16667,4.85433,0.0182393,0.160958,0.00788855,0.1621800821605184
38.6577,7.16667,4.91056,0.00675283,0.128872,0.00294681,0.12908244181988887
38.7893,7.16667,4.96167,-0.000966916,0.0330539,-0.000323866,0.03306962535238359
38.3661,7.5,4.79738,0.025437,0.205584,0.0115861,0.2074754436992725
38.5128,7.5,4.85433,0.0152003,0.198283,0.00663999,0.19897559316732819
38.6577,7.5,4.91056,0.00458381,0.157372,0.00206812,0.15745232554157623
38.7893,7.5,4.96167,-0.00075043,0.0396487,-0.000249779,0.03965658768002791
38.3661,7.83333,4.79738,0.0206265,0.239542,0.00954281,0.24061772064614464
38.5128,7.83333,4.85433,0.0112757,0.230736,0.00503221,0.2310661512294133
38.6577,7.83333,4.91056,0.00186379,0.178664,0.000963445,0.17867631861954208
38.7893,7.83333,4.96167,-0.000384912,0.0431683,-0.000120638,0.04317018456834286
38.3661,8.16667,4.79738,0.0148899,0.268154,0.00715568,0.2686623914772449
38.5128,8.16667,4.85433,0.006619,0.256781,0.00312211,0.2568852675667721
38.6577,8.16667,4.91056,-0.00088585,0.190309,-0.000116266,0.19031109723031198
38.7893,8.16667,4.96167,0.00015753,0.0428356,7.34376e-05,0.042835952611585446
38.3661,8.5,4.79738,0.00782336,0.290902,0.00418878,0.29103732482892636
38.5128,8.5,4.85433,0.00107077,0.275008,0.000867837,0.2750114538586556
38.6577,8.5,4.91056,-0.00366864,0.19205,-0.00123545,0.19208900998274758
38.7893,8.5,4.96167,0.000557902,0.0404959,0.000210913,0.04050029204518374
38.3661,8.83333,4.79738,-0.00032737,0.305496,0.000813343,0.30549725811200423
38.5128,8.83333,4.85433,-0.00495537,0.28206,-0.00151522,0.2821075950475018
38.6577,8.83333,4.91056,-0.00626333,0.181996,-0.00231153,0.18211841337335935
38.7893,8.83333,4.96167,0.00112557,0.0333953,0.000424523,0.03341695961173651
38.3661,9.16667,4.79738,-0.0100447,0.310877,-0.00324614,0.31105617266337865
38.5128,9.16667,4.85433,-0.0120444,0.277524,-0.00435673,0.27781940040906594
38.6577,9.16667,4.91056,-0.00929602,0.16131,-0.00354393,0.1616164952215129
38.7893,9.16667,4.96167,0.0018047,0.0256034,0.000679635,0.025675921354125247
38.3661,9.5,4.79738,-0.0205343,0.303536,-0.00756338,0.30432378396949916
38.5128,9.5,4.85433,-0.0191011,0.257289,-0.00711529,0.2580951547278525
38.6577,9.5,4.91056,-0.0112405,0.124372,-0.0042926,0.12495266959537119
38.7893,9.5,4.96167,0.00255635,0.0121516,0.000966739,0.012455155244982738
38.3661,9.83333,4.79738,-0.0324452,0.282613,-0.0125211,0.284744757137423
38.5128,9.83333,4.85433,-0.026933,0.221536,-0.0102148,0.2234008234632093
38.6577,9.83333,4.91056,-0.0127022,0.0789513,-0.0047876,0.08010976700933539
38.7893,9.83333,4.96167,0.00319573,0.00216295,0.00120463,0.004042545778627621
38.3661,10.1667,4.79738,-0.0425048,0.243478,-0.0166753,0.24772214300932002
38.5128,10.1667,4.85433,-0.0317817,0.164278,-0.0122308,0.16777046881835314
38.6577,10.1667,4.91056,-0.0105541,0.0156043,-0.00383022,0.019223781900250533
38.7893,10.1667,4.96167,0.00293074,-0.0124435,0.0011136,0.012832382247953808
38.3661,10.5,4.79738,-0.0512842,0.187731,-0.0201295,0.19564813901719075
38.5128,10.5,4.85433,-0.032605,0.0939735,-0.012733,0.10028077590570388
38.6577,10.5,4.91056,0.000932992,-0.038525,0.000309069,0.03853753524447075
38.7893,10.5,4.96167,-0.00145035,-0.0166457,-0.00053461,0.01671731591687493
38.3661,10.8333,4.79738,-0.0506963,0.109229,-0.0200605,0.12207994485147837
38.5128,10.8333,4.85433,-0.0223895,-0.00917613,-0.00857244,0.025670562899564552
38.6577,10.8333,4.91056,0.00479651,-0.0693278,0.00155193,0.06951085417217227
38.7893,10.8333,4.96167,-0.00325893,-0.0177839,-0.00126184,0.01812401622545345
38.3661,11.1667,4.79738,-0.0297896,0.0255715,-0.0122388,0.04112310914619662
38.5128,11.1667,4.85433,-0.000847097,-0.0739277,-0.000729232,0.07393614934473686
38.6577,11.1667,4.91056,-0.00113723,-0.0812167,-0.000315091,0.08122527274993406
38.7893,11.1667,4.96167,0.000528658,-0.0185656,0.000215222,0.018574372214162395
38.3661,11.5,4.79738,0.00485869,-0.042849,0.00163281,0.043154486881576984
38.5128,11.5,4.85433,0.00725785,-0.0826945,0.00288527,0.08306251561231096
38.6577,11.5,4.91056,-0.000451272,-0.0760282,-1.92667e-05,0.0760295417115197
38.7893,11.5,4.96167,0.000152023,-0.0186383,9.60049e-05,0.018639167224512823
38.3661,11.8333,4.79738,0.048197,-0.0263821,0.0181447,0.0578635995034875
38.5128,11.8333,4.85433,0.0367862,-0.0511354,0.0145429,0.06464943606877016
38.6577,11.8333,4.91056,0.0163801,-0.0632866,0.00666871,0.06571128600654609
38.7893,11.8333,4.96167,-0.00280358,-0.0198353,-0.001005,0.020057647217617523
38.3661,0.166667,4.80325,0.0485951,0.0270079,0.0177582,0.058363208219391095
38.5128,0.166667,4.85856,0.0370182,0.0516689,0.0142322,0.06513507407910119
38.6577,0.166667,4.91315,0.0163697,0.0638536,0.00648436,0.06623666836171335
38.7893,0.166667,4.96278,-0.00281136,0.0199816,-0.000976024,0.020201997585837298
38.3661,0.5,4.80325,0.00525338,0.0441703,0.00173542,0.04451544772425411
38.5128,0.5,4.85856,0.0068494,0.0836336,0.0026738,0.0839561941476625
38.6577,0.5,4.91315,-0.000542967,0.0764101,-5.36291e-05,0.07641204794568364
38.7893,0.5,4.96278,0.000114401,0.0187195,7.9562e-05,0.018720018641834868
38.3661,0.833333,4.80325,-0.0287004,-0.0214843,-0.0115228,0.03765717762246661
38.5128,0.833333,4.85856,-0.000633388,0.0751174,-0.000659648,0.07512296651891782
38.6577,0.833333,4.91315,-0.00160342,0.0807701,-0.000467653,0.08078736726144013
38.7893,0.833333,4.96278,0.000700972,0.0183564,0.000274022,0.018371822739218557
38.3661,1.16667,4.80325,-0.0504665,-0.10633,-0.0194497,0.11929470798128473
38.5128,1.16667,4.85856,-0.0214723,0.0140065,-0.00797689,0.026849068579973125
38.6577,1.16667,4.91315,0.00455046,0.0691191,0.00141164,0.06928311048524886
38.7893,1.16667,4.96278,-0.00311431,0.0172755,-0.00117353,0.01759315206797804
38.3661,1.5,4.80325,-0.0511932,-0.185355,-0.0195583,0.19328669599879347
38.5128,1.5,4.85856,-0.032175,-0.0903897,-0.0122121,0.09671951135887732
38.6577,1.5,4.91315,0.0017657,0.0393244,0.000576691,0.03936824487273317
38.7893,1.5,4.96278,-0.0018389,0.0164365,-0.000662419,0.016552307524679483
38.3661,1.83333,4.80325,-0.0420722,-0.240877,-0.016096,0.24505281136489743
38.5128,1.83333,4.85856,-0.0313542,-0.160321,-0.0117559,0.16378067677064348
38.6577,1.83333,4.91315,-0.00996667,-0.0118873,-0.00350504,0.01590370137988324
38.7893,1.83333,4.96278,0.00273511,0.0126615,0.0010098,0.01299284822516218
38.3661,2.16667,4.80325,-0.0318728,-0.279119,-0.0119776,0.2811881122000004
38.5128,2.16667,4.85856,-0.0266103,-0.217167,-0.00980671,0.21901092556334742
38.6577,2.16667,4.91315,-0.0123785,-0.0748728,-0.00452381,0.07602386664072079
38.7893,2.16667,4.96278,0.0031704,-0.00164703,0.00115881,0.003755926596327463
38.3661,2.5,4.80325,-0.0196652,-0.29861,-0.00700839,0.29933888775338247
38.5128,2.5,4.85856,-0.0185523,-0.251792,-0.00670075,0.25256345568956035
38.6577,2.5,4.91315,-0.0108617,-0.118784,-0.00403011,0.11934763076618697
38.7893,2.5,4.96278,0.00251025,-0.0111073,0.000920113,0.011424538340137382
38.3661,2.83333,4.80325,-0.00902501,-0.304258,-0.00271543,0.3044039338273817
38.5128,2.83333,4.85856,-0.0114132,-0.270723,-0.00397578,0.27099263954921066
38.6577,2.83333,4.91315,-0.00893757,-0.154621,-0.00330744,0.1549144052625788
38.7893,2.83333,4.96278,0.00179314,-0.0241427,0.000654322,0.024218039797417212
38.3661,3.16667,4.80325,0.000798396,-0.296897,0.00130984,0.2969009628243035
38.5128,3.16667,4.85856,-0.00425587,-0.273642,-0.00117285,0.2736776062643405
38.6577,3.16667,4.91315,-0.00585971,-0.173693,-0.00208707,0.1738043449153933
38.7893,3.16667,4.96278,0.00111487,-0.031248,0.000407043,0.0312705312254325
38.3661,3.5,4.80325,0.00893458,-0.280327,0.00461371,0.2805072904021222
38.5128,3.5,4.85856,0.00175945,-0.265054,0.00114998,0.2650623342429152
38.6577,3.5,4.91315,-0.00332076,-0.182344,-0.00105149,0.18237726671435148
38.7893,3.5,4.96278,0.000582239,-0.037733,0.000212732,0.03773809144825616
38.3661,3.83333,4.80325,0.0158987,-0.255633,0.00748637,0.2562363071199452
38.5128,3.83333,4.85856,0.00725783,-0.245138,0.00333245,0.24526805817984412
38.6577,3.83333,4.91315,-0.000555405,-0.179183,3.196e-05,0.17918386362938943
38.7893,3.83333,4.96278,0.000179953,-0.0393452,8.05475e-05,0.03934569397052192
38.3661,4.16667,4.80325,0.0214374,-0.225377,0.00975522,0.2266043215938487
38.5128,4.16667,4.85856,0.0117748,-0.217825,0.00515311,0.2182038750405503
38.6577,4.16667,4.91315,0.00215084,-0.166308,0.00106503,0.16632531757254065
38.7893,4.16667,4.96278,-0.000372476,-0.0390694,-0.000111467,0.03907133450015068
38.3661,4.5,4.80325,0.0259839,-0.189882,0.0116507,0.1920054056366643
38.5128,4.5,4.85856,0.0154895,-0.184222,0.00664437,0.18499139857557403
38.6577,4.5,4.91315,0.00473228,-0.144023,0.00208911,0.14411586791047856
38.7893,4.5,4.96278,-0.000721007,-0.0349407,-0.000230242,0.03494889667732892
38.3661,4.83333,4.80325,0.0293951,-0.150576,0.0130832,0.15397523762686646
38.5128,4.83333,4.85856,0.0182084,-0.146268,0.00774298,0.14760022829874078
38.6577,4.83333,4.91315,0.00666348,-0.115168,0.00285629,0.11539596432403736
38.7893,4.83333,4.96278,-0.000948695,-0.0280625,-0.000305908,0.028080197794130457
38.3661,5.16667,4.80325,0.0319109,-0.108029,0.0141696,0.1135312641696991
38.5128,5.16667,4.85856,0.0200814,-0.104857,0.00852185,0.10710217085746909
38.6577,5.16667,4.91315,0.00787986,-0.0812705,0.00335015,0.08172031490940364
38.7893,5.16667,4.96278,-0.00107643,-0.0188214,-0.00034762,0.018855361019330816
38.3661,5.5,4.80325,0.032986,-0.0628806,0.0146198,0.07249679030412312
38.5128,5.5,4.85856,0.020738,-0.0609347,0.00880352,0.06496617791189813
38.6577,5.5,4.91315,0.00811364,-0.0447356,0.00344195,0.04559552698688875
38.7893,5.5,4.96278,-0.00132384,-0.00861268,-0.00044213,0.008725037997905796
38.3661,5.83333,4.80325,0.0329332,-0.0169458,0.0148355,0.03989796812031911
38.5128,5.83333,4.85856,0.0189424,-0.0167342,0.00820444,0.026573686291397364
38.6577,5.83333,4.91315,0.00543689,-0.0081271,0.00239026,0.010065926194330057
38.7893,5.83333,4.96278,-0.00112668,9.03771e-05,-0.00038524,0.0011941464316424556
38.3661,6.16667,4.80325,0.033535,0.0345826,0.0151083,0.05048577202192713
38.5128,6.16667,4.85856,0.0195315,0.0300155,0.0084614,0.03679680723187815
38.6577,6.16667,4.91315,0.00580008,0.0179443,0.00256084,0.01903146689044226
38.7893,6.16667,4.96278,-0.00115993,0.00264645,-0.000394607,0.0029163075784026963
38.3661,6.5,4.80325,0.0337325,0.0808144,0.014954,0.08883957969064238
38.5128,6.5,4.85856,0.0215236,0.0755635,0.00913567,0.07909847252355068
38.6577,6.5,4.91315,0.00867871,0.0567173,0.00368044,0.057495371684577364
38.7893,6.5,4.96278,-0.00133796,0.0123215,-0.000444833,0.012401910159708826
38.3661,6.83333,4.80325,0.031966,0.125705,0.0141283,0.13047291305818998
38.5128,6.83333,4.85856,0.0203245,0.11973,0.0085849,0.12174587758219989
38.6577,6.83333,4.91315,0.00816533,0.0942226,0.00345634,0.09463887811552132
38.7893,6.83333,4.96278,-0.00106638,0.0233118,-0.000341033,0.02333866939333708
38.3661,7.16667,4.80325,0.0290579,0.167479,0.0128673,0.17046742915495616
38.5128,7.16667,4.85856,0.0181222,0.160885,0.00766829,0.16208392896695248
38.6577,7.16667,4.91315,0.00666727,0.128332,0.00285066,0.12853669116516303
38.7893,7.16667,4.96278,-0.00096827,0.0326903,-0.000311964,0.03270612453991142
38.3661,7.5,4.80325,0.025274,0.205796,0.0112904,0.20764932416013301
38.5128,7.5,4.85856,0.0150891,0.198254,0.00645351,0.19893209204683418
38.6577,7.5,4.91315,0.00450927,0.156748,0.00199894,0.15682558713761127
38.7893,7.5,4.96278,-0.00074253,0.0392391,-0.000237018,0.03924684060078243
38.3661,7.83333,4.80325,0.0204753,0.239846,0.00930104,0.24089800947947163
38.5128,7.83333,4.85856,0.0111689,0.230731,0.00488908,0.23105289825374709
38.6577,7.83333,4.91315,0.00180496,0.177945,0.000929416,0.17795658099576608
38.7893,7.83333,4.96278,-0.000368627,0.0427437,-0.00010906,0.042745428640250285
38.3661,8.16667,4.80325,0.0147476,0.268539,0.00697632,0.2690341154342743
38.5128,8.16667,4.85856,0.00651917,0.256768,0.00303032,0.2568686205841253
38.6577,8.16667,4.91315,-0.00092302,0.189487,-0.000111401,0.18948928081847585
38.7893,8.16667,4.96278,0.000178673,0.0424254,8.03168e-05,0.04242585226002291
38.3661,8.5,4.80325,0.00769138,0.291344,0.00408667,0.2914741575748926
38.5128,8.5,4.85856,0.000982475,0.274931,0.000841051,0.27493404188079407
38.6577,8.5,4.91315,-0.00368125,0.19118,-0.00119064,0.19121914555078448
38.7893,8.5,4.96278,0.000583576,0.0401146,0.000214559,0.04011941836158965
38.3661,8.83333,4.80325,-0.000445424,0.305949,0.000802162,0.3059503758249269
38.5128,8.83333,4.85856,-0.00502497,0.281906,-0.0014682,0.2819546040956609
38.6577,8.83333,4.91315,-0.00624699,0.181073,-0.00222886,0.18119443708337105
38.7893,8.83333,4.96278,0.00114806,0.033076,0.00042046,0.03309858915989018
38.3661,9.16667,4.80325,-0.0101446,0.311299,-0.0031458,0.31148013799887786
38.5128,9.16667,4.85856,-0.0120938,0.277278,-0.00422314,0.2775737455054055
38.6577,9.16667,4.91315,-0.00924276,0.160387,-0.00341423,0.16068937534233713
38.7893,9.16667,4.96278,0.00182037,0.0253686,0.000665293,0.025442527934007444
38.3661,9.5,4.80325,-0.0206117,0.303879,-0.00734133,0.30466569210211203
38.5128,9.5,4.85856,-0.0191192,0.256928,-0.00689147,0.2577305440792785
38.6577,9.5,4.91315,-0.011139,0.123502,-0.00412318,0.12407184184299191
38.7893,9.5,4.96278,0.00255364,0.0120364,0.000936877,0.012339924664386286
38.3661,9.83333,4.80325,-0.032494,0.282825,-0.0121561,0.28494492700908014
38.5128,9.83333,4.85856,-0.0269071,0.221072,-0.00988623,0.2229227641090584
38.6577,9.83333,4.91315,-0.0125465,0.0783117,-0.0045792,0.07944247032777871
38.7893,9.83333,4.96278,0.00316972,0.00216871,0.0011586,0.004011580972945704
38.3661,10.1667,4.80325,-0.0425116,0.2435,-0.0161854,0.24771244076089516
38.5128,10.1667,4.85856,-0.0316948,0.163712,-0.0118307,0.1671710045239006
38.6577,10.1667,4.91315,-0.0103821,0.0154037,-0.0036378,0.018928696810398753
38.7893,10.1667,4.96278,0.00288228,-0.0123029,0.00106208,0.012680571766872345
38.3661,10.5,4.80325,-0.0512324,0.187517,-0.0195155,0.19536693384247497
38.5128,10.5,4.85856,-0.0324286,0.093329,-0.0122911,0.09956398685353053
38.6577,10.5,4.91315,0.000997617,-0.0381186,0.000325465,0.038133041225489925
38.7893,10.5,4.96278,-0.00149571,-0.0164274,-0.000534985,0.016504024603542163
38.3661,10.8333,4.80325,-0.0505657,0.108814,-0.0194371,0.1215531878187487
38.5128,10.8333,4.85856,-0.0221926,-0.00954495,-0.0082341,0.025522891060232575
38.6577,10.8333,4.91315,0.00479633,-0.06886,0.00149193,0.06904295935570694
38.7893,10.8333,4.96278,-0.00326089,-0.017589,-0.00122621,0.01793069757583904
38.3661,11.1667,4.80325,-0.0295553,0.0249249,-0.0118269,0.04043070567909989
38.5128,11.1667,4.85856,-0.000876586,-0.0738635,-0.000736754,0.07387237536266118
38.6577,11.1667,4.91315,-0.00115814,-0.0806626,-0.00030698,0.08067149783994344
38.7893,11.1667,4.96278,0.000539673,-0.0183522,0.000213366,0.01836137295620578
38.3661,11.5,4.80325,0.00473675,-0.0429554,0.0015235,0.04324262066494698
38.5128,11.5,4.85856,0.00711446,-0.082739,0.00274533,0.0830896774509355
38.6577,11.5,4.91315,-0.000536821,-0.0755504,-4.44284e-05,0.07555232022134574
38.7893,11.5,4.96278,0.000174224,-0.0184068,0.00010334,0.018407914585790972
38.3661,11.8333,4.80325,0.0481275,-0.0265327,0.0175599,0.05769393827387761
38.5128,11.8333,4.85856,0.036616,-0.0513399,0.0140725,0.06461077343802657
38.6577,11.8333,4.91315,0.0161585,-0.063163,0.00640587,0.06551104381481722
38.7893,11.8333,4.96278,-0.00279802,-0.0196446,-0.000970248,0.01986657006787795
38.3661,0.166667,4.80913,0.0485288,0.027161,0.0171741,0.05820407254866278
38.5128,0.166667,4.86278,0.0368545,0.051872,0.0137625,0.06510272621403808
38.6577,0.166667,4.91574,0.0161546,0.0637351,0.00622534,0.06604459804772529
38.7893,0.166667,4.96389,-0.00280544,0.0197928,-0.000941486,0.020012791442519856
38.3661,0.5,4.80913,0.00513873,0.0442992,0.00162658,0.044625905359435565
38.5128,0.5,4.86278,0.00671387,0.0836834,0.00254305,0.08399080062268367
38.6577,0.5,4.91574,-0.000621616,0.0759454,-7.50918e-05,0.07594798105539002
38.7893,0.5,4.96389,0.000136128,0.0184928,8.67025e-05,0.018493504264900425
38.3661,0.833333,4.80913,-0.0284634,-0.0208162,-0.0111231,0.0369757038555049
38.5128,0.833333,4.86278,-0.000659163,0.0750771,-0.000667436,0.07508296019127553
38.6577,0.833333,4.91574,-0.00161988,0.0802424,-0.00045303,0.08026002744302609
38.7893,0.833333,4.96389,0.000712115,0.018154,0.000270137,0.01816996966898938
38.3661,1.16667,4.80913,-0.0503297,-0.105867,-0.0188278,0.11872399270547634
38.5128,1.16667,4.86278,-0.0212782,0.0143836,-0.00765341,0.02679970949148703
38.6577,1.16667,4.91574,0.00455045,0.0686894,0.00135609,0.06885331689650542
38.7893,1.16667,4.96389,-0.00311388,0.0170966,-0.00113866,0.017415123508318853
38.3661,1.5,4.80913,-0.0511413,-0.185095,-0.0189466,0.19296260063092538
38.5128,1.5,4.86278,-0.0319963,-0.08971,-0.0117763,0.09597045668006378
38.6577,1.5,4.91574,0.00182527,0.0389631,0.000580367,0.03901014737267201
38.7893,1.5,4.96389,-0.00188259,0.0162331,-0.000657428,0.01635511822926646
38.3661,1.83333,4.80913,-0.0420856,-0.240873,-0.0156144,0.24502001825099923
38.5128,1.83333,4.86278,-0.0312691,-0.159727,-0.0113643,0.16315519746027093
38.6577,1.83333,4.91574,-0.00980371,-0.0116924,-0.00332619,0.0156169295138385
38.7893,1.83333,4.96389,0.00268768,0.0125315,0.000961602,0.012852501485656555
38.3661,2.16667,4.80913,-0.0319335,-0.279335,-0.0116244,0.2813945936271875
38.5128,2.16667,4.86278,-0.0265892,-0.216694,-0.00948585,0.21852518514547128
38.6577,2.16667,4.91574,-0.0122267,-0.0742475,-0.00432311,0.07537156446042564
38.7893,2.16667,4.96389,0.00314323,-0.00164551,0.00111309,0.00371840924873796
38.3661,2.5,4.80913,-0.0197588,-0.298989,-0.00680333,0.2997183971622845
38.5128,2.5,4.86278,-0.0185777,-0.251443,-0.00648749,0.25221181715532304
38.6577,2.5,4.91574,-0.0107647,-0.117948,-0.00386851,0.11850137062376156
38.7893,2.5,4.96389,0.00250649,-0.0109932,0.000890511,0.011310435367448107
38.3661,2.83333,4.80913,-0.00914552,-0.304749,-0.00263556,0.3048975888943434
38.5128,2.83333,4.86278,-0.0114722,-0.270512,-0.00385387,0.2707825803681191
38.6577,2.83333,4.91574,-0.00888857,-0.153753,-0.00318465,0.15404263592027825
38.7893,2.83333,4.96389,0.00180727,-0.0239169,0.000639426,0.023993607400146735
38.3661,3.16667,4.80913,0.000654947,-0.297455,0.00127497,0.2974584534503495
38.5128,3.16667,4.86278,-0.00433689,-0.273548,-0.0011386,0.27358474615524914
38.6577,3.16667,4.91574,-0.0058476,-0.172843,-0.00201151,0.17295358697419402
38.7893,3.16667,4.96389,0.00113569,-0.0309503,0.000402239,0.03097374142849425
38.3661,3.5,4.80913,0.00877463,-0.280909,0.00448664,0.28108182145262706
38.5128,3.5,4.86278,0.00165662,-0.265065,0.00110957,0.26507249906470737
38.6577,3.5,4.91574,-0.00333717,-0.181565,-0.00101277,0.18159849016905896
38.7893,3.5,4.96389,0.000605987,-0.0373849,0.00021507,0.03739042956906311
38.3661,3.83333,4.80913,0.0157264,-0.256191,0.00728216,0.2567765137083717
38.5128,3.83333,4.86278,0.007142,-0.245243,0.00322701,0.245368194366222
38.6577,3.83333,4.91574,-0.000597504,-0.178468,3.07809e-05,0.17846900286182418
38.7893,3.83333,4.96389,0.00019953,-0.0389821,8.62425e-05,0.03898270604254797
38.3661,4.16667,4.80913,0.0212542,-0.225885,0.00948962,0.22708110253912456
38.5128,4.16667,4.86278,0.0116506,-0.217964,0.00499719,0.218332346857391
38.6577,4.16667,4.91574,0.0020867,-0.165715,0.00102547,0.16573131004916028
38.7893,4.16667,4.96389,-0.000357184,-0.0387027,-0.0001008,0.038704479435071285
38.3661,4.5,4.80913,0.0257872,-0.19033,0.0113332,0.1924030405323159
38.5128,4.5,4.86278,0.0153593,-0.184367,0.00644676,0.18511796104102812
38.6577,4.5,4.91574,0.00465254,-0.143546,0.00201605,0.1436355272975809
38.7893,4.5,4.96389,-0.000713868,-0.0346042,-0.000218464,0.03461225204578171
38.3661,4.83333,4.80913,0.0291826,-0.150957,0.0127254,0.1542775933080368
38.5128,4.83333,4.86278,0.0180706,-0.146397,0.00751426,0.1476993307253205
38.6577,4.83333,4.91574,0.00657257,-0.114797,0.00275871,0.11501808712662978
38.7893,4.83333,4.96389,-0.000949436,-0.0277829,-0.00029431,0.02780067588214711
38.3661,5.16667,4.80913,0.031677,-0.108346,0.013779,0.11371960642738789
38.5128,5.16667,4.86278,0.0199309,-0.104965,0.00826932,0.10716003757498595
38.6577,5.16667,4.91574,0.00777869,-0.0809991,0.00323613,0.08143607773157423
38.7893,5.16667,4.96389,-0.0010821,-0.0186228,-0.000336323,0.0186572434569078
38.3661,5.5,4.80913,0.0327326,-0.0631389,0.0142121,0.07252535820235567
38.5128,5.5,4.86278,0.0205725,-0.0610292,0.00853977,0.06496705842612008
38.6577,5.5,4.91574,0.00800409,-0.0445772,0.00332238,0.045411787296169036
38.7893,5.5,4.96389,-0.00132778,-0.0085145,-0.000427501,0.008628004814753003
38.3661,5.83333,4.80913,0.0326243,-0.0171674,0.0144113,0.039582194746375546
38.5128,5.83333,4.86278,0.0187365,-0.0168297,0.00794666,0.02640917718323689
38.6577,5.83333,4.91574,0.00533229,-0.00812063,0.00230067,0.009983537984597444
38.7893,5.83333,4.96389,-0.0011185,8.51878e-05,-0.000368711,0.0011807823731703653
38.3661,6.16667,4.80913,0.0332325,0.0344184,0.0146809,0.050045520674881584
38.5128,6.16667,4.86278,0.0193276,0.0297891,0.00819881,0.03644402675317452
38.6577,6.16667,4.91574,0.0056912,0.0176714,0.00246659,0.018728379578279056
38.7893,6.16667,4.96389,-0.00115323,0.00257138,-0.000378164,0.0028434033389929045
38.3661,6.5,4.80913,0.0334961,0.0807403,0.0145455,0.08861465076131599
38.5128,6.5,4.86278,0.0213698,0.075385,0.00886823,0.07885564076445577
38.6577,6.5,4.91574,0.00857088,0.0563291,0.003556,0.05708828800011785
38.7893,6.5,4.96389,-0.00134539,0.0121302,-0.000431226,0.012212198088598792
38.3661,6.83333,4.80913,0.031759,0.125714,0.0137457,0.13039013822176124
38.5128,6.83333,4.86278,0.0201912,0.119593,0.00833534,0.12157157603385588
38.6577,6.83333,4.91574,0.00806965,0.0937536,0.0033414,0.09415955457648736
38.7893,6.83333,4.96389,-0.00107428,0.0230254,-0.000330542,0.02305281719643315
38.3661,7.16667,4.80913,0.0288735,0.167579,0.012522,0.17050865293952094
38.5128,7.16667,4.86278,0.0180007,0.160797,0.00744575,0.16197265078571907
38.6577,7.16667,4.91574,0.00658115,0.127789,0.00275493,0.12798800606161267
38.7893,7.16667,4.96389,-0.000969162,0.032332,-0.000300087,0.032347914170620225
38.3661,7.5,4.80913,0.0251049,0.205988,0.010989,0.20780296020271224
38.5128,7.5,4.86278,0.014974,0.198205,0.0062651,0.1988685349144253
38.6577,7.5,4.91574,0.00443448,0.156118,0.0019302,0.1561928942330937
38.7893,7.5,4.96389,-0.000734569,0.0388348,-0.000224597,0.03884239599288605
38.3661,7.83333,4.80913,0.0203184,0.240126,0.0090542,0.24115412455979268
38.5128,7.83333,4.86278,0.0110587,0.230702,0.00474449,0.23101562249131571
38.6577,7.83333,4.91574,0.00174621,0.17722,0.000895783,0.17723086660214463
38.7893,7.83333,4.96389,-0.000352675,0.042324,-9.81052e-05,0.04232558304720553
38.3661,8.16667,4.80913,0.0146001,0.268895,0.00679263,0.2693767320451544
38.5128,8.16667,4.86278,0.00641662,0.256727,0.00293764,0.2568239772100611
38.6577,8.16667,4.91574,-0.000959835,0.18866,-0.000106495,0.1886624716906154
38.7893,8.16667,4.96389,0.000199159,0.0420202,8.64158e-05,0.04202076082173871
38.3661,8.5,4.80913,0.00755478,0.291752,0.00398116,0.2918769498261108
38.5128,8.5,4.86278,0.000892212,0.274823,0.000813774,0.2748256530955144
38.6577,8.5,4.91574,-0.00369334,0.190307,-0.00114617,0.19034628631792244
38.7893,8.5,4.96389,0.000608276,0.039738,0.000217282,0.03974324917718354
38.3661,8.83333,4.80913,-0.000567296,0.306362,0.000788521,0.3063635399882288
38.5128,8.83333,4.86278,-0.00509571,0.281719,-0.00142163,0.28176866797651756
38.6577,8.83333,4.91574,-0.00623023,0.180149,-0.00214697,0.18026948562370115
38.7893,8.83333,4.96389,0.00116933,0.0327608,0.000415488,0.032784294709007296
38.3661,9.16667,4.80913,-0.0102474,0.311678,-0.00304692,0.31186129707330856
38.5128,9.16667,4.86278,-0.0121434,0.277,-0.00408991,0.2772962126091305
38.6577,9.16667,4.91574,-0.00918945,0.159469,-0.00328609,0.15976735066899808
38.7893,9.16667,4.96389,0.00183465,0.0251366,0.00065017,0.025211848825728744
38.3661,9.5,4.80913,-0.020691,0.304178,-0.00711993,0.30496404143473194
38.5128,9.5,4.86278,-0.0191367,0.25654,-0.00666839,0.2573391775693746
38.6577,9.5,4.91574,-0.0110385,0.122639,-0.0039568,0.12319833225125248
38.7893,9.5,4.96389,0.0025498,0.011923,0.000906772,0.012226268625381334
38.3661,9.83333,4.80913,-0.0325437,0.282995,-0.011791,0.2851039987718342
38.5128,9.83333,4.86278,-0.0268803,0.220588,-0.0095592,0.22242525615750114
38.6577,9.83333,4.91574,-0.0123935,0.0776806,-0.00437603,0.07878466917599451
38.7893,9.83333,4.96389,0.00314323,0.00217449,0.00111312,0.003980871478382592
38.3661,10.1667,4.80913,-0.0425182,0.243485,-0.0156949,0.24766726154712093
38.5128,10.1667,4.86278,-0.0316074,0.163135,-0.0114329,0.16656160170390413
38.6577,10.1667,4.91574,-0.0102145,0.0152085,-0.00345211,0.018642734401157466
38.7893,10.1667,4.96389,0.00283456,-0.0121638,0.00101205,0.012530642682484407
38.3661,10.5,4.80913,-0.0511793,0.187279,-0.0189019,0.19506415973494465
38.5128,10.5,4.86278,-0.0322541,0.0926878,-0.0118537,0.09885274624075954
38.6577,10.5,4.91574,0.00105876,-0.0377167,0.000339266,0.03773308273977036
38.7893,10.5,4.96389,-0.00153875,-0.0162127,-0.000533606,0.01629429741399536
38.3661,10.8333,4.80913,-0.0504348,0.108393,-0.0188147,0.1210235697545317
38.5128,10.8333,4.86278,-0.0219994,-0.00989921,-0.00790241,0.025385350948769647
38.6577,10.8333,4.91574,0.00479519,-0.0683947,0.00143299,0.06857756408306
38.7893,10.8333,4.96389,-0.00326167,-0.017397,-0.00119011,0.017740080665008262
38.3661,11.1667,4.80913,-0.029326,0.0242939,-0.0114193,0.0397568643846569
38.5128,11.1667,4.86278,-0.000905613,-0.0737892,-0.000741744,0.0737984847792101
38.6577,11.1667,4.91574,-0.00117751,-0.0801117,-0.000298413,0.08012090898765857
38.7893,11.1667,4.96389,0.000550393,-0.0181422,0.000211103,0.018151774507498105
38.3661,11.5,4.80913,0.00461829,-0.0430612,0.00141947,0.04333140250493861
38.5128,11.5,4.86278,0.00697425,-0.0827723,0.00260949,0.0831065776482981
38.6577,11.5,4.91574,-0.000619078,-0.0750731,-6.71464e-05,0.07507568254647518
38.7893,11.5,4.96389,0.000195754,-0.0181795,0.000109757,0.018180885195104364
38.3661,11.8333,4.80913,0.0480559,-0.0266846,0.0169788,0.057530140373633715
38.5128,11.8333,4.86278,0.0364459,-0.0515381,0.0136048,0.06457220734542067
38.6577,11.8333,4.91574,0.0159412,-0.0630344,0.00614831,0.06530895158135751
38.7893,11.8333,4.96389,-0.00279138,-0.019456,-0.000935588,0.019677476037595475
38.3661,0.166667,4.815,0.0484604,0.027315,0.0165936,0.05805055688036076
38.5128,0.166667,4.867,0.036691,0.0520689,0.0132955,0.0650705013693609
38.6577,0.166667,4.91833,0.015944,0.0636124,0.00597149,0.0658514028899924
38.7893,0.166667,4.965,-0.00279851,0.0196066,-0.00090707,0.01982607368504919
38.3661,0.5,4.815,0.00502731,0.0444263,0.00152264,0.04473576209360583
38.5128,0.5,4.867,0.0065815,0.0837226,0.00241613,0.08401563888459636
38.6577,0.5,4.91833,-0.000697225,0.0754821,-9.43327e-05,0.07548537899334488
38.7893,0.5,4.965,0.000157208,0.0182704,9.29643e-05,0.01827131283943052
38.3661,0.833333,4.815,-0.0282324,-0.0201676,-0.0107281,0.03631656136158819
38.5128,0.833333,4.867,-0.000684552,0.0750264,-0.000672808,0.07503253946792396
38.6577,0.833333,4.91833,-0.00163497,0.0797182,-0.000438143,0.07973616812607282
38.7893,0.833333,4.965,0.0007229,0.0179552,0.000265828,0.01797171266116794
38.3661,1.16667,4.815,-0.0501934,-0.105404,-0.0182073,0.11815619489832092
38.5128,1.16667,4.867,-0.0210886,0.0147427,-0.00733672,0.026756377064326178
38.6577,1.16667,4.91833,0.00454958,0.0682616,0.00130155,0.06842542469827206
38.7893,1.16667,4.965,-0.00311251,0.0169204,-0.00110345,0.017239642007959445
38.3661,1.5,4.815,-0.0510882,-0.184818,-0.0183353,0.19262367593141294
38.5128,1.5,4.867,-0.0318201,-0.0890385,-0.0113453,0.09523176507001224
38.6577,1.5,4.91833,0.00188135,0.0386047,0.000581733,0.03865489300458338
38.7893,1.5,4.965,-0.0019239,0.016033,-0.000650732,0.01616112410526644
38.3661,1.83333,4.815,-0.0420986,-0.24084,-0.0151318,0.24495952541838417
38.5128,1.83333,4.867,-0.0311839,-0.159128,-0.0109748,0.16252569716278714
38.6577,1.83333,4.91833,-0.0096452,-0.0115054,-0.00315374,0.015341127344090459
38.7893,1.83333,4.965,0.0026411,0.0124026,0.000914864,0.012713649047716238
38.3661,2.16667,4.815,-0.0319946,-0.279513,-0.0112706,0.28156384359949344
38.5128,2.16667,4.867,-0.0265671,-0.216207,-0.0091663,0.2180259129257346
38.6577,2.16667,4.91833,-0.0120777,-0.0736333,-0.00412757,0.07473132235070445
38.7893,2.16667,4.965,0.0031157,-0.0016448,0.00106799,0.0036815154719354367
38.3661,2.5,4.815,-0.0198537,-0.299327,-0.00659825,0.3000572599284218
38.5128,2.5,4.867,-0.0186024,-0.251072,-0.00627471,0.2518383816167506
38.6577,2.5,4.91833,-0.0106688,-0.117122,-0.00370983,0.11766541129860084
38.7893,2.5,4.965,0.00250171,-0.0108817,0.000860733,0.011198696759506839
38.3661,2.83333,4.815,-0.00926799,-0.305199,-0.00255642,0.3053503897538965
38.5128,2.83333,4.867,-0.011531,-0.270274,-0.00373199,0.270545609438335
38.6577,2.83333,4.91833,-0.00883953,-0.15289,-0.00306333,0.15317595562394837
38.7893,2.83333,4.965,0.00182011,-0.023695,0.000623829,0.023772988622243967
38.3661,3.16667,4.815,0.000508886,-0.297974,0.00123847,0.29797700825550605
38.5128,3.16667,4.867,-0.0044184,-0.273426,-0.0011044,0.27346392711639317
38.6577,3.16667,4.91833,-0.00583501,-0.171996,-0.0019366,0.1721058446923291
38.7893,3.16667,4.965,0.00115538,-0.0306574,0.000396608,0.030681727063678537
38.3661,3.5,4.815,0.00861137,-0.281456,0.00435704,0.28162141152057046
38.5128,3.5,4.867,0.00155267,-0.265047,0.00106916,0.2650537041737664
38.6577,3.5,4.91833,-0.00335292,-0.180785,-0.000974303,0.18081871463944824
38.7893,3.5,4.965,0.000628836,-0.037042,0.000216569,0.03704797026621913
38.3661,3.83333,4.815,0.0155501,-0.256719,0.00707447,0.25728680241471946
38.5128,3.83333,4.867,0.00702439,-0.245321,0.00312123,0.24544139254124395
38.6577,3.83333,4.91833,-0.000638949,-0.177749,2.9803e-05,0.1777501509001987
38.7893,3.83333,4.965,0.000218512,-0.0386242,9.12217e-05,0.038624925819122226
38.3661,4.16667,4.815,0.0210667,-0.226368,0.00921986,0.22753303736229077
38.5128,4.16667,4.867,0.0115241,-0.21808,0.00484038,0.21843791007825175
38.6577,4.16667,4.91833,0.00202307,-0.165118,0.000986516,0.16513333991064055
38.7893,4.16667,4.965,-0.000342182,-0.0383411,-9.07107e-05,0.038342734203004075
38.3661,4.5,4.815,0.025586,-0.190756,0.011011,0.19277898498799084
38.5128,4.5,4.867,0.0152263,-0.18449,0.00624783,0.1852226651665473
38.6577,4.5,4.91833,0.0045731,-0.143064,0.00194367,0.14315026787498128
38.7893,4.5,4.965,-0.000706624,-0.0342724,-0.000206988,0.034280308681071125
38.3661,4.83333,4.815,0.0289654,-0.151321,0.0123626,0.1545634928335925
38.5128,4.83333,4.867,0.0179298,-0.14651,0.00728397,0.14778265814025981
38.6577,4.83333,4.91833,0.00648178,-0.114422,0.00266184,0.11463635090212006
38.7893,4.83333,4.965,-0.000949717,-0.0275075,-0.00028275,0.027525342253868323
38.3661,5.16667,4.815,0.0314385,-0.108649,0.0133832,0.1138951031673004
38.5128,5.16667,4.867,0.0197771,-0.105061,0.00801518,0.10720629886271794
38.6577,5.16667,4.91833,0.00767766,-0.0807243,0.0031229,0.0811487004084206
38.7893,5.16667,4.965,-0.00108707,-0.0184274,-0.000324894,0.01846229530844245
38.3661,5.5,4.815,0.0324745,-0.0633871,0.0137995,0.07254614942855342
38.5128,5.5,4.867,0.0204039,-0.0611152,0.00827459,0.06496041599249577
38.6577,5.5,4.91833,0.00789492,-0.0444165,0.00320384,0.045226317833779034
38.7893,5.5,4.965,-0.00133095,-0.008418,-0.000412747,0.008532556005588771
38.3661,5.83333,4.815,0.0323119,-0.0173824,0.0139829,0.03926484692164226
38.5128,5.83333,4.867,0.0185289,-0.0169208,0.00768853,0.026243991720218556
38.6577,5.83333,4.91833,0.00522888,-0.00811277,0.00221246,0.009902181697934047
38.7893,5.83333,4.965,-0.00111006,8.00447e-05,-0.000352439,0.0011674132114718805
38.3661,6.16667,4.815,0.0329263,0.0342537,0.0142489,0.049603309835030154
38.5128,6.16667,4.867,0.0191217,0.0295634,0.0079356,0.036091658008603596
38.6577,6.16667,4.91833,0.00558343,0.0174026,0.00237364,0.01842984927161641
38.7893,6.16667,4.965,-0.00114617,0.00249861,-0.000361925,0.002772678724018526
38.3661,6.5,4.815,0.0332547,0.0806616,0.0141314,0.08838475690191154
38.5128,6.5,4.867,0.0212124,0.0752027,0.00859883,0.07860885368976513
38.6577,6.5,4.91833,0.00846302,0.0559433,0.00343231,0.05668382727327522
38.7893,6.5,4.965,-0.00135192,0.0119433,-0.000417381,0.012026816265145195
38.3661,6.83333,4.815,0.0315468,0.125714,0.0133575,0.13029824708141702
38.5128,6.83333,4.867,0.020054,0.119448,0.0080837,0.12138918331420637
38.6577,6.83333,4.91833,0.00797362,0.0932852,0.00322698,0.09368095086443562
38.7893,6.83333,4.965,-0.00108146,0.0227444,-0.000319869,0.02277234294640675
38.3661,7.16667,4.815,0.0286837,0.167667,0.0121711,0.17053771785121322
38.5128,7.16667,4.867,0.0178754,0.160697,0.00722125,0.1618493193860342
38.6577,7.16667,4.91833,0.00649475,0.127244,0.00265969,0.1274374013563467
38.7893,7.16667,4.965,-0.000969615,0.0319795,-0.000288258,0.03199549446676499
38.3661,7.5,4.815,0.0249306,0.206163,0.0106825,0.2079394940640426
38.5128,7.5,4.867,0.0148554,0.198139,0.00607503,0.19878795793422926
38.6577,7.5,4.91833,0.00435966,0.155486,0.00186197,0.15555825199453902
38.7893,7.5,4.965,-0.00072656,0.0384366,-0.000212523,0.03844405383175829
38.3661,7.83333,4.815,0.0201564,0.240383,0.00880274,0.24138714833534036
38.5128,7.83333,4.867,0.0109456,0.230651,0.00459867,0.23095635459135758
38.6577,7.83333,4.91833,0.00168771,0.176492,0.000862569,0.17650217691100545
38.7893,7.83333,4.965,-0.000337058,0.0419105,-8.77643e-05,0.04191194723366738
38.3661,8.16667,4.815,0.014448,0.269223,0.006605,0.26969129473900333
38.5128,8.16667,4.867,0.0063118,0.256662,0.00284425,0.2567553520791777
38.6577,8.16667,4.91833,-0.000996221,0.187832,-0.000101561,0.18783466931032075
38.7893,8.16667,4.965,0.000219002,0.0416209,9.17591e-05,0.04162157731776196
38.3661,8.5,4.815,0.00741418,0.292127,0.00387261,0.2922467301823658
38.5128,8.5,4.867,0.000800345,0.274688,0.00078613,0.2746902908668159
38.6577,8.5,4.91833,-0.00370492,0.189434,-0.0011021,0.18947343194394406
38.7893,8.5,4.965,0.000632025,0.0393668,0.000219122,0.0393724829327731
38.3661,8.83333,4.815,-0.000692452,0.306739,0.000772701,0.3067407548364053
38.5128,8.83333,4.867,-0.00516734,0.281506,-0.00137544,0.2815567816158389
38.6577,8.83333,4.91833,-0.00621312,0.179229,-0.00206591,0.179348558079686
38.7893,8.83333,4.965,0.00118944,0.0324503,0.000409662,0.03247467568056445
38.3661,9.16667,4.815,-0.0103528,0.312019,-0.00294934,0.3122046371136656
38.5128,9.16667,4.867,-0.0121933,0.276697,-0.00395708,0.27699379930968926
38.6577,9.16667,4.91833,-0.00913623,0.158556,-0.00315961,0.1588504295554941
38.7893,9.16667,4.965,0.00184763,0.0249083,0.000634334,0.024984785873216047
38.3661,9.5,4.815,-0.020772,0.304438,-0.00689909,0.30522380194019616
38.5128,9.5,4.867,-0.0191539,0.25613,-0.00644618,0.256926063336911
38.6577,9.5,4.91833,-0.0109391,0.121785,-0.00379351,0.12233413608609046
38.7893,9.5,4.965,0.00254493,0.0118119,0.00087649,0.012114697067405358
38.3661,9.83333,4.815,-0.0325942,0.283127,-0.0114259,0.285225930086046
38.5128,9.83333,4.867,-0.0268528,0.220088,-0.00923384,0.2219122899097425
38.6577,9.83333,4.91833,-0.0122431,0.0770593,-0.00417809,0.07813760714373137
38.7893,9.83333,4.965,0.00311636,0.00218039,0.00106826,0.003950567000988592
38.3661,10.1667,4.815,-0.0425249,0.24344,-0.0152041,0.24759354873829
38.5128,10.1667,4.867,-0.0315198,0.16255,-0.0110377,0.16594526541402138
38.6577,10.1667,4.91833,-0.0100512,0.0150192,-0.00327302,0.018366155014057788
38.7893,10.1667,4.965,0.00278766,-0.0120264,0.000963487,0.012382796632213942
38.3661,10.5,4.815,-0.0511252,0.18702,-0.018289,0.19474278933002886
38.5128,10.5,4.867,-0.032082,0.0920518,-0.0114212,0.09814903166450498
38.6577,10.5,4.91833,0.00111656,-0.0373201,0.000350605,0.03733844525565607
38.7893,10.5,4.965,-0.00157956,-0.016002,-0.000530577,0.01608852155253953
38.3661,10.8333,4.815,-0.0503039,0.107971,-0.0181938,0.12049578231062695
38.5128,10.8333,4.867,-0.0218102,-0.0102392,-0.00757738,0.025257528151907502
38.6577,10.8333,4.91833,0.00479315,-0.0679332,0.00137513,0.06811596678958172
38.7893,10.8333,4.965,-0.00326138,-0.0172081,-0.00115363,0.01755238352165597
38.3661,11.1667,4.815,-0.0291021,0.0236791,-0.0110162,0.039102284634788285
38.5128,11.1667,4.867,-0.000934142,-0.073706,-0.00074428,0.0737156768265378
38.6577,11.1667,4.91833,-0.00119543,-0.0795653,-0.00028946,0.07957480634011309
38.7893,11.1667,4.965,0.000560824,-0.0179362,0.00020845,0.01794617634487848
38.3661,11.5,4.815,0.00450338,-0.0431663,0.00132059,0.04342066149959602
38.5128,11.5,4.867,0.00683733,-0.0827955,0.00247777,0.08311427823155176
38.6577,11.5,4.91833,-0.000698084,-0.0745978,-8.75131e-05,0.07460111758314167
38.7893,11.5,4.965,0.000216619,-0.0179568,0.000115287,0.01795847658136764
38.3661,11.8333,4.815,0.0479826,-0.0268375,0.0164017,0.05737244174601601
38.5128,11.8333,4.867,0.0362763,-0.0517303,0.0131399,0.06453410611289195
38.6577,11.8333,4.91833,0.0157285,-0.0629016,0.00589603,0.06510576137770681
38.7893,11.8333,4.965,-0.00278376,-0.0192699,-0.000901077,0.019490774882172567
38.3661,0.166667,4.82087,0.0483905,0.0274695,0.0160168,0.05790295158918931
38.5128,0.166667,4.87122,0.0365283,0.05226,0.0128311,0.06503892240881609
38.6577,0.166667,4.92093,0.015738,0.0634861,0.00572278,0.06565759474834881
38.7893,0.166667,4.96611,-0.00279068,0.0194232,-0.000872825,0.019642057340895455
38.3661,0.5,4.82087,0.00491921,0.0445515,0.0014235,0.04484485624376669
38.5128,0.5,4.87122,0.00645241,0.0837523,0.00229302,0.08403177548295943
38.6577,0.5,4.92093,-0.000769829,0.0750214,-0.000111435,0.07502543243733066
38.7893,0.5,4.96611,0.00017764,0.0180527,9.83768e-05,0.01805384200812609
38.3661,0.833333,4.82087,-0.0280078,-0.0195386,-0.0103379,0.035680049428357015
38.5128,0.833333,4.87122,-0.000709504,0.0749664,-0.000675822,0.07497280347073665
38.6577,0.833333,4.92093,-0.00164876,0.0791989,-0.000423052,0.07921718969858943
38.7893,0.833333,4.96611,0.000733338,0.0177602,0.000261115,0.017777251466564482
38.3661,1.16667,4.82087,-0.0500578,-0.104946,-0.0175886,0.11759594000984898
38.5128,1.16667,4.87122,-0.0209035,0.0150845,-0.00702676,0.02671841703016105
38.6577,1.16667,4.92093,0.00454793,0.067837,0.00124801,0.0680007335640212
38.7893,1.16667,4.96611,-0.00311027,0.0167471,-0.00106798,0.017066918853832404
38.3661,1.5,4.82087,-0.0510343,-0.184526,-0.0177248,0.19227197660483444
38.5128,1.5,4.87122,-0.0316467,-0.0883767,-0.0109193,0.09450495138494068
38.6577,1.5,4.92093,0.00193411,0.0382498,0.000580927,0.038303073737122315
38.7893,1.5,4.96611,-0.00196294,0.0158367,-0.000642438,0.01597081484826131
38.3661,1.83333,4.82087,-0.0421115,-0.24078,-0.0146487,0.24487337798123338
38.5128,1.83333,4.87122,-0.0310987,-0.158527,-0.0105877,0.16189514588763926
38.6577,1.83333,4.92093,-0.00949118,-0.011326,-0.00298756,0.015076016998730134
38.7893,1.83333,4.96611,0.00259541,0.012275,0.000869569,0.012576483145691444
38.3661,2.16667,4.82087,-0.0320559,-0.279658,-0.0109162,0.28170080069330655
38.5128,2.16667,4.87122,-0.0265442,-0.215709,-0.00884822,0.21751611028107412
38.6577,2.16667,4.92093,-0.0119315,-0.0730313,-0.00393715,0.07410420110940066
38.7893,2.16667,4.96611,0.00308792,-0.0016449,0.00102355,0.00364535328039684
38.3661,2.5,4.82087,-0.0199494,-0.299629,-0.00639309,0.30036042981908934
38.5128,2.5,4.87122,-0.0186265,-0.250684,-0.00606249,0.2514481420556734
38.6577,2.5,4.92093,-0.010574,-0.116309,-0.00355411,0.11684273471162894
38.7893,2.5,4.96611,0.00249601,-0.0107732,0.000830839,0.011089733883372541
38.3661,2.83333,4.82087,-0.00939203,-0.305613,-0.00247784,0.30576732279232605
38.5128,2.83333,4.87122,-0.0115894,-0.270015,-0.00361016,0.27028771276657326
38.6577,2.83333,4.92093,-0.00879058,-0.152036,-0.00294353,0.15231836383574143
38.7893,2.83333,4.96611,0.00183173,-0.0234774,0.000607592,0.023556585355084127
38.3661,3.16667,4.82087,0.000360732,-0.298457,0.00120057,0.29845963268908027
38.5128,3.16667,4.87122,-0.00450019,-0.27328,-0.00107022,0.27331914583666567
38.6577,3.16667,4.92093,-0.005822,-0.171154,-0.00186241,0.17126311912086647
38.7893,3.16667,4.96611,0.00117398,-0.03037,0.0003902,0.03039518687358905
38.3661,3.5,4.82087,0.0084454,-0.281972,0.00422521,0.2821300869540576
38.5128,3.5,4.87122,0.00144793,-0.265004,0.00102886,0.2650099527757109
38.6577,3.5,4.92093,-0.00336799,-0.180008,-0.000936133,0.18004193890767173
38.7893,3.5,4.96611,0.000650809,-0.0367051,0.000217266,0.03671151213011031
38.3661,3.83333,4.82087,0.0153707,-0.257218,0.00686369,0.25776824510188623
38.5128,3.83333,4.87122,0.00690543,-0.245375,0.00301525,0.24549066646422102
38.6577,3.83333,4.92093,-0.000679677,-0.17703,2.90037e-05,0.17703130712401957
38.7893,3.83333,4.96611,0.000236909,-0.0382724,9.55072e-05,0.03827325239980962
38.3661,4.16667,4.82087,0.0208756,-0.226826,0.00894633,0.22796021971350375
38.5128,4.16667,4.87122,0.0113957,-0.218174,0.00468288,0.2185215907401015
38.6577,4.16667,4.92093,0.0019601,-0.164519,0.00094818,0.1645334081526375
38.7893,4.16667,4.96611,-0.000327473,-0.0379854,-8.11915e-05,0.03798689831751734
38.3661,4.5,4.82087,0.025381,-0.191162,0.0106845,0.19313535136077495
38.5128,4.5,4.87122,0.0150909,-0.184596,0.00604783,0.185310535929609
38.6577,4.5,4.92093,0.00449415,-0.14258,0.00187201,0.14266309335515828
38.7893,4.5,4.96611,-0.000699294,-0.0339462,-0.000195823,0.03395396667822134
38.3661,4.83333,4.82087,0.0287444,-0.151667,0.0119952,0.15483218090371265
38.5128,4.83333,4.87122,0.0177863,-0.146609,0.00705235,0.14785224715645176
38.6577,4.83333,4.92093,0.00639135,-0.114043,0.00256572,0.11425076858796575
38.7893,4.83333,4.96611,-0.000949563,-0.0272368,-0.000271249,0.027254697212608505
38.3661,5.16667,4.82087,0.0311962,-0.108938,0.0129828,0.1140580722013133
38.5128,5.16667,4.87122,0.0196207,-0.105145,0.0077597,0.10724111076252428
38.6577,5.16667,4.92093,0.00757705,-0.0804473,0.00301053,0.08085940300839105
38.7893,5.16667,4.96611,-0.00109139,-0.0182355,-0.000313365,0.01827081798949694
38.3661,5.5,4.82087,0.0322128,-0.0636258,0.0133825,0.07256030743960502
38.5128,5.5,4.87122,0.0202329,-0.0611935,0.00800827,0.06494726378418801
38.6577,5.5,4.92093,0.00778641,-0.0442542,0.00308639,0.045039851260413814
38.7893,5.5,4.96611,-0.0013334,-0.00832337,-0.000397906,0.008438884576870097
38.3661,5.83333,4.82087,0.0319971,-0.017591,0.0135507,0.038947132884205996
38.5128,5.83333,4.87122,0.0183204,-0.0170077,0.00743031,0.026078888437701866
38.6577,5.83333,4.92093,0.00512689,-0.00810368,0.00212564,0.009822065771725418
38.7893,5.83333,4.96611,-0.00110138,7.49522e-05,-0.000336445,0.00115405847976168
38.3661,6.16667,4.82087,0.0326173,0.0340889,0.0138128,0.04916029705300813
38.5128,6.16667,4.87122,0.0189145,0.0293387,0.00767203,0.03574042070626618
38.6577,6.16667,4.92093,0.00547696,0.0171384,0.002282,0.01813641004723923
38.7893,6.16667,4.96611,-0.00113879,0.00242817,-0.000345912,0.0027041648109432975
38.3661,6.5,4.82087,0.0330093,0.080579,0.0137122,0.08815108369345212
38.5128,6.5,4.87122,0.0210522,0.0750176,0.00832774,0.07835934333637311
38.6577,6.5,4.92093,0.00835544,0.0555607,0.00330945,0.05628283238596028
38.7893,6.5,4.96611,-0.00135761,0.0117608,-0.00040334,0.011845767375214658
38.3661,6.83333,4.82087,0.0313302,0.125707,0.012964,0.13019944921941876
38.5128,6.83333,4.87122,0.0199137,0.119297,0.00783029,0.12120083786085845
38.6577,6.83333,4.92093,0.00787754,0.0928187,0.00311316,0.09320439083716604
38.7893,6.83333,4.96611,-0.00108794,0.0224691,-0.000309044,0.02249754600945481
38.3661,7.16667,4.82087,0.0284894,0.167743,0.0118152,0.17055485602116405
38.5128,7.16667,4.87122,0.017747,0.160586,0.00699506,0.1617150279640195
38.6577,7.16667,4.92093,0.00640833,0.126701,0.00256501,0.12688888592264103
38.7893,7.16667,4.96611,-0.00096965,0.0316335,-0.000276497,0.0316495654624753
38.3661,7.5,4.82087,0.0247518,0.206323,0.0103713,0.208061038630326
38.5128,7.5,4.87122,0.0147339,0.198058,0.00588355,0.198692413880884
38.6577,7.5,4.92093,0.00428502,0.154854,0.00179428,0.1549236655683011
38.7893,7.5,4.96611,-0.000718515,0.0380453,-0.000200802,0.038052614067083865
38.3661,7.83333,4.82087,0.0199902,0.240621,0.00854707,0.24160117164994233
38.5128,7.83333,4.87122,0.0108301,0.230583,0.00445184,0.2308801200502018
38.6577,7.83333,4.92093,0.00162958,0.175764,0.000829786,0.1757735127138961
38.7893,7.83333,4.96611,-0.000321776,0.0415038,-7.80268e-05,0.04150512067704049
38.3661,8.16667,4.82087,0.0142921,0.269527,0.00641381,0.26998186015013326
38.5128,8.16667,4.87122,0.00620515,0.256574,0.00275032,0.25666375985445417
38.6577,8.16667,4.92093,-0.00103211,0.187004,-9.66145e-05,0.1870068731395018
38.7893,8.16667,4.96611,0.000238213,0.0412283,9.63705e-05,0.041229100809945386
38.3661,8.5,4.82087,0.00727018,0.292474,0.00376133,0.29258852300902255
38.5128,8.5,4.87122,0.00070722,0.27453,0.000758227,0.27453195800910307
38.6577,8.5,4.92093,-0.00371599,0.188565,-0.00105847,0.18860458150697454
38.7893,8.5,4.96611,0.000654847,0.0390019,0.000220114,0.039008018129307785
38.3661,8.83333,4.82087,-0.000820375,0.307083,0.000754962,0.3070850238480575
38.5128,8.83333,4.87122,-0.00523963,0.28127,-0.0013296,0.28132194094790564
38.6577,8.83333,4.92093,-0.00619574,0.178315,-0.00198574,0.17843365596908897
38.7893,8.83333,4.96611,0.00120843,0.0321454,0.000403033,0.032170630702925126
38.3661,9.16667,4.82087,-0.0104603,0.312324,-0.00285288,0.31251214020639967
38.5128,9.16667,4.87122,-0.0122433,0.276372,-0.00382467,0.2766694939444877
38.6577,9.16667,4.92093,-0.00908324,0.157651,-0.00303482,0.1579416132066847
38.7893,9.16667,4.96611,0.00185938,0.024684,0.000617849,0.024761641451470882
38.3661,9.5,4.82087,-0.0208545,0.304662,-0.00667876,0.3054479501476276
38.5128,9.5,4.87122,-0.0191706,0.255703,-0.0062249,0.25649617052379164
38.6577,9.5,4.92093,-0.010841,0.120943,-0.00363336,0.12148225316847559
38.7893,9.5,4.96611,0.00253914,0.0117032,0.00084609,0.01200533175167184
38.3661,9.83333,4.82087,-0.0326454,0.283226,-0.0110607,0.2853156643117408
38.5128,9.83333,4.87122,-0.0268247,0.219576,-0.0089103,0.2213878446351109
38.6577,9.83333,4.92093,-0.0120957,0.0764489,-0.00398534,0.07750240773431236
38.7893,9.83333,4.96611,0.00308923,0.00218644,0.00102404,0.003920780507513778
38.3661,10.1667,4.82087,-0.0425316,0.243366,-0.0147132,0.24749227302847254
38.5128,10.1667,4.87122,-0.0314324,0.161962,-0.0106451,0.16532695898663957
38.6577,10.1667,4.92093,-0.00989241,0.0148357,-0.0031004,0.018098901907521905
38.7893,10.1667,4.96611,0.00274162,-0.011891,0.000916377,0.012237324382009697
38.3661,10.5,4.82087,-0.0510704,0.186744,-0.0176771,0.1944067569725137
38.5128,10.5,4.87122,-0.0319126,0.0914227,-0.0109936,0.09745451941808547
38.6577,10.5,4.92093,0.00117115,-0.0369292,0.00035961,0.036949515887418606
38.7893,10.5,4.96611,-0.00161821,-0.0157956,-0.000525999,0.015886983914894008
38.3661,10.8333,4.82087,-0.0501737,0.107548,-0.0175746,0.11997015895984302
38.5128,10.8333,4.87122,-0.0216252,-0.0105652,-0.007259,0.025138930110090208
38.6577,10.8333,4.92093,0.00479026,-0.0674766,0.00131833,0.06765926494144389
38.7893,10.8333,4.96611,-0.00326011,-0.0170227,-0.00111681,0.017368013619242704
38.3661,11.1667,4.82087,-0.0288839,0.0230807,-0.0106175,0.038467254879312615
38.5128,11.1667,4.87122,-0.000962127,-0.0736149,-0.000744434,0.07362495074602417
38.6577,11.1667,4.92093,-0.00121197,-0.0790248,-0.000280186,0.0790345898358149
38.7893,11.1667,4.96611,0.000570972,-0.0177343,0.000205423,0.017744678191607563
38.3661,11.5,4.82087,0.00439209,-0.0432707,0.00122674,0.043510330084770676
38.5128,11.5,4.87122,0.00670382,-0.0828098,0.00235013,0.0831139416081881
38.6577,11.5,4.92093,-0.000773886,-0.0741258,-0.000105622,0.07412991488722943
38.7893,11.5,4.96611,0.000236822,-0.017739,0.000119961,0.01774098633958115
38.3661,11.8333,4.82087,0.0479082,-0.0269912,0.0158287,0.05722122201045692
38.5128,11.8333,4.87122,0.0361077,-0.0519167,0.012678,0.06449683265230938
38.6577,11.8333,4.92093,0.0155206,-0.0627657,0.005649,0.06490249087554345
38.7893,11.8333,4.96611,-0.00277526,-0.0190869,-0.000866763,0.019307073775582075
38.5128,0.166667,4.87544,0.0363668,0.0524454,0.0123697,0.06500825794843298
38.6577,0.166667,4.92352,0.0155369,0.0633571,0.00547916,0.06546402505441902
38.7893,0.166667,4.96722,-0.00278205,0.0192431,-0.000838797,0.019461250736263303
38.5128,0.5,4.87544,0.00632668,0.0837733,0.00217372,0.08403997698328337
38.6577,0.5,4.92352,-0.000839468,0.0745646,-0.000126482,0.07456943259392113
38.7893,0.5,4.96722,0.000197428,0.01784,0.00010297,0.01784138953770373
38.5128,0.833333,4.87544,-0.000733958,0.0748983,-0.000676537,0.07490495136870548
38.6577,0.833333,4.92352,-0.00166133,0.0786855,-0.000407811,0.07870409288868414
38.7893,0.833333,4.96722,0.000743436,0.0175693,0.000256017,0.017586885576485252
38.5128,1.16667,4.87544,-0.0207232,0.0154096,-0.00672347,0.02668542372234138
38.6577,1.16667,4.92352,0.00454553,0.0674166,0.00119548,0.06758024098041748
38.7893,1.16667,4.96722,-0.00310724,0.0165771,-0.00103228,0.016897360350835867
38.5128,1.5,4.87544,-0.0314764,-0.0877259,-0.0104984,0.09379133057127402
38.6577,1.5,4.92352,0.00198368,0.037899,0.000578081,0.03795528112114257
38.7893,1.5,4.96722,-0.0019998,0.0156443,-0.00063265,0.015784282326178154
38.5128,1.83333,4.87544,-0.0310138,-0.157927,-0.0102031,0.16126653828072954
38.6577,1.83333,4.92352,-0.00934171,-0.0111543,-0.00282749,0.014821627910394998
38.7893,1.83333,4.96722,0.00255066,0.012149,0.000825695,0.012441295739135251
38.5128,2.16667,4.87544,-0.0265206,-0.215203,-0.00853174,0.21699876502134202
38.6577,2.16667,4.92352,-0.0117885,-0.0724423,-0.0037518,0.07349103050563381
38.7893,2.16667,4.96722,0.00305998,-0.0016458,0.000979818,0.003610010879973078
38.5128,2.5,4.87544,-0.0186499,-0.250282,-0.00585092,0.2510440828995107
38.6577,2.5,4.92352,-0.0104807,-0.115509,-0.00340137,0.11603337223129774
38.7893,2.5,4.96722,0.00248948,-0.0106678,0.000800884,0.01098366435630004
38.5128,2.83333,4.87544,-0.0116475,-0.269738,-0.00348843,0.2700118924123804
38.6577,2.83333,4.92352,-0.00874186,-0.151193,-0.0028253,0.15147186433575577
38.7893,2.83333,4.96722,0.0018422,-0.0232646,0.000590775,0.023344899423656234
38.5128,3.16667,4.87544,-0.00458204,-0.273113,-0.00103604,0.2731533987312682
38.6577,3.16667,4.92352,-0.00580865,-0.170319,-0.00178898,0.1704274116017224
38.7893,3.16667,4.96722,0.00119153,-0.0300885,0.00038306,0.030114519935647323
38.5128,3.5,4.87544,0.00134272,-0.264939,0.000988742,0.2649442473969589
38.6577,3.5,4.92352,-0.00338241,-0.179235,-0.000898304,0.17926916319457878
38.7893,3.5,4.96722,0.000671925,-0.0363748,0.000217192,0.03638165376409501
38.5128,3.83333,4.87544,0.00678553,-0.245408,0.00290922,0.24551902867677955
38.6577,3.83333,4.92352,-0.000719626,-0.176313,2.83604e-05,0.17631447086071
38.7893,3.83333,4.96722,0.000254729,-0.0379272,9.91203e-05,0.03792818492278945
38.5128,4.16667,4.87544,0.0112659,-0.218249,0.00452487,0.2185864152968498
38.6577,4.16667,4.92352,0.0018979,-0.163919,0.000910462,0.16393251515932844
38.7893,4.16667,4.96722,-0.000313064,-0.0376363,-7.22332e-05,0.03763767134658144
38.5128,4.5,4.87544,0.0149538,-0.184685,0.00584698,0.18538164023052658
38.6577,4.5,4.92352,0.00441587,-0.142094,0.0018011,0.14217400854258452
38.7893,4.5,4.96722,-0.000691892,-0.033626,-0.000184975,0.03363362612461358
38.5128,4.83333,4.87544,0.0176408,-0.146693,0.00681966,0.14790720684319475
38.6577,4.83333,4.92352,0.00630152,-0.113664,0.00247041,0.1138653458075744
38.7893,4.83333,4.96722,-0.000949,-0.0269713,-0.000259829,0.02698924111195498
38.5128,5.16667,4.87544,0.0194624,-0.10522,0.00750313,0.10726756440582073
38.6577,5.16667,4.92352,0.00747711,-0.0801691,0.00289906,0.08056920204175848
38.7893,5.16667,4.96722,-0.00109508,-0.0180475,-0.000301767,0.01808321099193086
38.5128,5.5,4.87544,0.02006,-0.0612646,0.00774106,0.06492825904861149
38.6577,5.5,4.92352,0.00767883,-0.0440908,0.00297007,0.04485291953277735
38.7893,5.5,4.96722,-0.00133517,-0.00823076,-0.000383013,0.008347142508946939
38.5128,5.83333,4.87544,0.0181114,-0.0170906,0.0071722,0.02591431787950437
38.6577,5.83333,4.92352,0.00502648,-0.00809348,0.00204023,0.00974332890513812
38.7893,5.83333,4.96722,-0.00109252,6.99152e-05,-0.000320745,0.0011407740532708658
38.5128,6.16667,4.87544,0.0187067,0.0291157,0.00740831,0.03539135019232948
38.6577,6.16667,4.92352,0.00537201,0.016879,0.0021917,0.01784832432835363
38.7893,6.16667,4.96722,-0.00113112,0.00236007,-0.000330147,0.002637870334362362
38.5128,6.5,4.87544,0.0208897,0.0748303,0.00805524,0.07810787575934709
38.6577,6.5,4.92352,0.00824842,0.055182,0.00318747,0.05588604048863455
38.7893,6.5,4.96722,-0.0013625,0.0115831,-0.000389143,0.011669449178708009
38.5128,6.83333,4.87544,0.0197707,0.11914,0.00757535,0.12100663662011477
38.6577,6.83333,4.92352,0.00778168,0.0923554,0.00299999,0.09273119428101041
38.7893,6.83333,4.96722,-0.00109375,0.0221999,-0.000298098,0.02222882613837501
38.5128,7.16667,4.87544,0.017616,0.160466,0.00676742,0.1615718372286965
38.6577,7.16667,4.92352,0.00632213,0.126159,0.00247095,0.12634147459420994
38.7893,7.16667,4.96722,-0.000969291,0.0312946,-0.000264825,0.03131072733877809
38.5128,7.5,4.87544,0.0146101,0.197965,0.0056909,0.19858495056227196
38.6577,7.5,4.92352,0.00421076,0.154224,0.00172717,0.15429113970668082
38.7893,7.5,4.96722,-0.000710447,0.0376617,-0.000189437,0.03766887665177684
38.5128,7.83333,4.87544,0.0107127,0.230498,0.00430419,0.23078694936422664
38.6577,7.83333,4.92352,0.00157196,0.175038,0.000797447,0.17504687493342863
38.7893,7.83333,4.96722,-0.000306831,0.0411048,-6.88821e-05,0.041106002883353435
38.5128,8.16667,4.87544,0.00609706,0.256469,0.002656,0.2565552112852974
38.6577,8.16667,4.92352,-0.00106744,0.18618,-9.16719e-05,0.18618308256093208
38.7893,8.16667,4.96722,0.0002568,0.0408433,0.000100273,0.04084423038575374
38.5128,8.5,4.87544,0.000613169,0.274351,0.00073016,0.2743526568321294
38.6577,8.5,4.92352,-0.00372657,0.187701,-0.0010153,0.1877407349486384
38.7893,8.5,4.96722,0.000676765,0.0386441,0.000220296,0.03865065337096957
38.5128,8.83333,4.87544,-0.00531235,0.281014,-0.00128406,0.2810671415669325
38.6577,8.83333,4.92352,-0.00617816,0.177409,-0.00190651,0.17752678029628574
38.7893,8.83333,4.96722,0.00122634,0.0318465,0.000395651,0.03187255891451769
38.5128,9.16667,4.87544,-0.0122932,0.27603,-0.00369269,0.2763282823485068
38.6577,9.16667,4.92352,-0.0090306,0.156757,-0.00291179,0.15704390248068884
38.7893,9.16667,4.96722,0.00186996,0.0244642,0.000600773,0.024542916701955554
38.5128,9.5,4.87544,-0.019187,0.255261,-0.00600463,0.2560515078483954
38.6577,9.5,4.92352,-0.0107444,0.120113,-0.00347635,0.1206426952189087
38.7893,9.5,4.96722,0.00253252,0.0115972,0.000815627,0.0118984853150949
38.5128,9.83333,4.87544,-0.0267962,0.219054,-0.0085887,0.22085392687957803
38.6577,9.83333,4.92352,-0.0119514,0.0758503,-0.00379773,0.07687995008585073
38.7893,9.83333,4.96722,0.00306192,0.00219269,0.000980496,0.0038916083986593516
38.5128,10.1667,4.87544,-0.0313454,0.161372,-0.0102553,0.1647077037155518
38.6577,10.1667,4.92352,-0.00973812,0.0146581,-0.00293409,0.017840957397866855
38.7893,10.1667,4.96722,0.0026965,-0.0117578,0.0008707,0.012094423987110754
38.5128,10.5,4.87544,-0.0317462,0.0908018,-0.0105709,0.09677051216403683
38.6577,10.5,4.92352,0.00122267,-0.0365447,0.000366408,0.03656698339816075
38.7893,10.5,4.96722,-0.0016548,-0.0155938,-0.000519969,0.015689975437869905
38.5128,10.8333,4.87544,-0.0214446,-0.0108777,-0.00694722,0.0250291648318197
38.6577,10.8333,4.92352,0.00478659,-0.0670257,0.0012626,0.06720825889039307
38.7893,10.8333,4.96722,-0.00325795,-0.0168411,-0.00107973,0.017187283214208114
38.5128,11.1667,4.87544,-0.000989514,-0.0735172,-0.000742279,0.07352760578116248
38.6577,11.1667,4.92352,-0.00122722,-0.0784913,-0.000270649,0.07850135983216852
38.7893,11.1667,4.96722,0.000580838,-0.017537,0.000202039,0.017547779390560077
38.5128,11.5,4.87544,0.00657381,-0.082816,0.00222656,0.08310633190888465
38.6577,11.5,4.92352,-0.00084653,-0.0736582,-0.000121565,0.0736631645962222
38.7893,11.5,4.96722,0.000256368,-0.0175263,0.000123811,0.017528612192787684
38.5128,11.8333,4.87544,0.0359407,-0.0520976,0.0122193,0.0644608806543938
38.6577,11.8333,4.92352,0.0153178,-0.0626274,0.00540715,0.06469979519845871
38.7893,11.8333,4.96722,-0.00276597,-0.0189071,-0.000832693,0.01912648420602043
38.5128,0.166667,4.87967,0.0362069,0.0526255,0.0119113,0.06497893447533593
38.6577,0.166667,4.92611,0.0153409,0.0632263,0.00524056,0.06527152283816887
38.7893,0.166667,4.96833,-0.00277271,0.0190664,-0.000805026,0.01928376510344326
38.5128,0.5,4.87967,0.0062044,0.0837867,0.0020582,0.08404131045795277
38.6577,0.5,4.92611,-0.000906186,0.0741127,-0.000139557,0.07411837120790529
38.7893,0.5,4.96833,0.000216573,0.0176325,0.000106772,0.017634153236668695
38.5128,0.833333,4.87967,-0.000757852,0.0748231,-0.000675013,0.07482998246568065
38.6577,0.833333,4.92611,-0.00167276,0.0781793,-0.000392469,0.07819817840860208
38.7893,0.833333,4.96833,0.000753202,0.0173829,0.000250553,0.017401014409183534
38.5128,1.16667,4.87967,-0.0205478,0.0157186,-0.00642674,0.026656883873168672
38.6577,1.16667,4.92611,0.00454246,0.0670013,0.00114393,0.06716484735623612
38.7893,1.16667,4.96833,-0.00310351,0.0164107,-0.000996412,0.0167312786625483
38.5128,1.5,4.87967,-0.0313096,-0.0870872,-0.0100826,0.09309205271536342
38.6577,1.5,4.92611,0.00203023,0.0375532,0.000573322,0.0376124096836215
38.7893,1.5,4.96833,-0.00203456,0.0154561,-0.000621465,0.015601816572111885
38.5128,1.83333,4.87967,-0.0309297,-0.15733,-0.00982122,0.16064193600793786
38.6577,1.83333,4.92611,-0.00919681,-0.01099,-0.00267338,0.014577666987570403
38.7893,1.83333,4.96833,0.00250689,0.0120248,0.000783216,0.012308279319821923
38.5128,2.16667,4.87967,-0.0264965,-0.214692,-0.00821698,0.21647687667871227
38.6577,2.16667,4.92611,-0.0116487,-0.071867,-0.00357146,0.07289247716480488
38.7893,2.16667,4.96833,0.00303197,-0.00164748,0.000936803,0.003575560416509418
38.5128,2.5,4.87967,-0.0186726,-0.24987,-0.00564009,0.2506301927261919
38.6577,2.5,4.92611,-0.0103889,-0.114723,-0.00325163,0.11523831424429508
38.7893,2.5,4.96833,0.0024822,-0.0105657,0.000770915,0.01088070049524501
38.5128,2.83333,4.87967,-0.0117052,-0.269447,-0.00336683,0.2697221404710575
38.6577,2.83333,4.92611,-0.00869349,-0.150362,-0.00270868,0.15063746134253092
38.7893,2.83333,4.96833,0.00185158,-0.0230569,0.000573432,0.023138232654311003
38.5128,3.16667,4.87967,-0.00466372,-0.272928,-0.00100184,0.27296968174437247
38.6577,3.16667,4.92611,-0.00579502,-0.169495,-0.00171637,0.16960272169920299
38.7893,3.16667,4.96833,0.00120808,-0.0298134,0.000375236,0.029840225852062446
38.5128,3.5,4.87967,0.00123738,-0.264854,0.000948875,0.26485859017413427
38.6577,3.5,4.92611,-0.00339618,-0.178469,-0.000860853,0.17850338671151314
38.7893,3.5,4.96833,0.000692203,-0.0360515,0.000216383,0.0360587939183481
38.5128,3.83333,4.87967,0.00666508,-0.245422,0.00280325,0.24552849037529006
38.6577,3.83333,4.92611,-0.000758744,-0.175599,2.78494e-05,0.17560064142549883
38.7893,3.83333,4.96833,0.000271979,-0.0375892,0.000102082,0.03759032255715778
38.5128,4.16667,4.87967,0.0111352,-0.218307,0.00436651,0.2186344102322873
38.6577,4.16667,4.92611,0.00183659,-0.163321,0.000873359,0.1633336611350244
38.7893,4.16667,4.96833,-0.000298958,-0.0372943,-6.38267e-05,0.03729555284780475
38.5128,4.5,4.87967,0.0148154,-0.184758,0.00564546,0.18543701318715097
38.6577,4.5,4.92611,0.00433844,-0.141608,0.00173095,0.14168501654563231
38.7893,4.5,4.96833,-0.000684435,-0.0333124,-0.00017445,0.03331988712213361
38.5128,4.83333,4.87967,0.0174939,-0.146766,0.00658611,0.1479515871430317
38.6577,4.83333,4.92611,0.00621249,-0.113284,0.00237594,0.1134790940168439
38.7893,4.83333,4.96833,-0.000948055,-0.0267113,-0.000248508,0.026729274442062377
38.5128,5.16667,4.87967,0.0193026,-0.105284,0.00724569,0.10728378743471029
38.6577,5.16667,4.92611,0.00737809,-0.0798908,0.00278855,0.0802792136719749
38.7893,5.16667,4.96833,-0.00109817,-0.0178636,-0.000290125,0.01789967471281322
38.5128,5.5,4.87967,0.0198859,-0.0613291,0.00747318,0.0649042059109608
38.6577,5.5,4.92611,0.00757241,-0.043927,0.00285493,0.04466624393782177
38.7893,5.5,4.96833,-0.0013363,-0.00814028,-0.000368101,0.008257442371255218
38.5128,5.83333,4.87967,0.0179025,-0.0171696,0.00691439,0.02575079531746738
38.6577,5.83333,4.92611,0.00492783,-0.0080823,0.00195621,0.009666118112406863
38.7893,5.83333,4.96833,-0.00108348,6.4939e-05,-0.000305352,0.0011275574610746008
38.5128,6.16667,4.87967,0.0184988,0.0288946,0.00714466,0.03504496650184731
38.6577,6.16667,4.92611,0.00526876,0.0166248,0.00210274,0.017566027510088896
38.7893,6.16667,4.96833,-0.0011232,0.00229431,-0.000314647,0.002573798622796469
38.5128,6.5,4.87967,0.0207256,0.0746418,0.00778156,0.07785564513016124
38.6577,6.5,4.92611,0.00814222,0.054808,0.00306644,0.05549428497423856
38.7893,6.5,4.96833,-0.00136663,0.0114101,-0.000374827,0.01149776303664452
38.5128,6.83333,4.87967,0.0196258,0.118979,0.00731914,0.12080870944174348
38.6577,6.83333,4.92611,0.00768631,0.0918964,0.00288755,0.0922624822957772
38.7893,6.83333,4.96833,-0.00109892,0.0219372,-0.00028706,0.021966583085450502
38.5128,7.16667,4.87967,0.017483,0.160339,0.00653858,0.16142181772739522
38.6577,7.16667,4.92611,0.00623638,0.125621,0.00237755,0.12579817494903056
38.7893,7.16667,4.96833,-0.000968559,0.0309632,-0.00025326,0.030979380261781885
38.5128,7.5,4.87967,0.0144845,0.19786,0.00549728,0.19846561522754616
38.6577,7.5,4.92611,0.00413704,0.153597,0.00166066,0.15366167804822778
38.7893,7.5,4.96833,-0.00070237,0.0372862,-0.000178432,0.037293241640215774
38.5128,7.83333,4.87967,0.0105939,0.230399,0.00415589,0.23067986765190865
38.6577,7.83333,4.92611,0.00151498,0.174317,0.000765555,0.1743252641697652
38.7893,7.83333,4.96833,-0.000292227,0.0407141,-6.03197e-05,0.040715193403639105
38.5128,8.16667,4.87967,0.00598793,0.256347,0.00256143,0.25642971871124803
38.6577,8.16667,4.92611,-0.00110214,0.185362,-8.67495e-05,0.18536529686555506
38.7893,8.16667,4.96833,0.000274774,0.0404663,0.000103491,0.04046736520738849
38.5128,8.5,4.87967,0.000518511,0.274156,0.000702012,0.2741573891225718
38.6577,8.5,4.92611,-0.00373665,0.186846,-0.000972652,0.18688589117730534
38.7893,8.5,4.96833,0.000697798,0.0382938,0.000219702,0.03830078732164142
38.5128,8.83333,4.87967,-0.00538529,0.280742,-0.0012388,0.28079637913944705
38.6577,8.83333,4.92611,-0.00616044,0.176514,-0.00182825,0.17663093079938208
38.7893,8.83333,4.96833,0.00124323,0.0315542,0.000387562,0.03158106019082867
38.5128,9.16667,4.87967,-0.0123429,0.275674,-0.00356116,0.2759731568775405
38.6577,9.16667,4.92611,-0.00897844,0.155876,-0.00279055,0.15615929985158136
38.7893,9.16667,4.96833,0.00187945,0.0242493,0.000583163,0.024329014815176322
38.5128,9.5,4.87967,-0.019203,0.254808,-0.00578544,0.25559605511234634
38.6577,9.5,4.92611,-0.0106494,0.119298,-0.00332249,0.11981845210217039
38.7893,9.5,4.96833,0.00252515,0.011494,0.00078515,0.01179427314610782
38.5128,9.83333,4.87967,-0.0267675,0.218527,-0.00826914,0.2203155179772628
38.6577,9.83333,4.92611,-0.0118104,0.0752646,-0.0036152,0.0762713264101261
38.7893,9.83333,4.96833,0.00303453,0.00219916,0.000937656,0.0038631432539883892
38.5128,10.1667,4.87967,-0.0312592,0.160783,-0.00986858,0.16409052241021235
38.6577,10.1667,4.92611,-0.00958839,0.0144866,-0.00277393,0.017592427063853357
38.7893,10.1667,4.96833,0.00265234,-0.011627,0.000826432,0.011954289034744978
38.5128,10.5,4.87967,-0.0315832,0.0901905,-0.0101534,0.096098472121309
38.6577,10.5,4.92611,0.00127126,-0.0361671,0.000371117,0.036191338082824306
38.7893,10.5,4.96833,-0.00168939,-0.0153967,-0.000512577,0.015497585122948316
38.5128,10.8333,4.87967,-0.0212685,-0.0111769,-0.00664197,0.02492765434895349
38.6577,10.8333,4.92611,0.0047822,-0.0665815,0.00120793,0.06676394741157012
38.7893,10.8333,4.96833,-0.00325498,-0.0166636,-0.00104243,0.017010500288507095
38.5128,11.1667,4.87967,-0.00101625,-0.0734137,-0.000737884,0.07342444132950522
38.6577,11.1667,4.92611,-0.00124124,-0.0779658,-0.000260904,0.07797611632592903
38.7893,11.1667,4.96833,0.000590425,-0.0173445,0.000198313,0.01735567947320398
38.5128,11.5,4.87967,0.00644737,-0.0828151,0.00210702,0.08309241181484203
38.6577,11.5,4.92611,-0.000916071,-0.073196,-0.000135437,0.07320185752600825
38.7893,11.5,4.96833,0.000275259,-0.017319,0.000126867,0.017321651877138338
38.5128,11.8333,4.87967,0.0357755,-0.0522731,0.0117639,0.0644263356638417
38.6577,11.8333,4.92611,0.0151201,-0.0624874,0.00517042,0.06449826219167769
38.7893,11.8333,4.96833,-0.002756,-0.018731,-0.000798904,0.01894951568249743
38.5128,0.166667,4.88389,0.0360491,0.0528002,0.011456,0.06495104823519017
38.6577,0.166667,4.9287,0.01515,0.0630941,0.00500691,0.06508038953907774
38.7893,0.166667,4.96944,-0.00276274,0.0188936,-0.000771547,0.019110105652267048
38.5128,0.5,4.88389,0.00608565,0.0837933,0.00194642,0.08403654450076407
38.6577,0.5,4.9287,-0.000970029,0.0736666,-0.000150744,0.0736731405301442
38.7893,0.5,4.96944,0.000235076,0.0174305,0.000109813,0.017432430979950703
38.5128,0.833333,4.88389,-0.000781125,0.0747418,-0.000671309,0.07474889617431889
38.6577,0.833333,4.9287,-0.00168311,0.077681,-0.000377071,0.07770014673609787
38.7893,0.833333,4.96944,0.000762642,0.0172011,0.000244741,0.017219737576027256
38.5128,1.16667,4.88389,-0.0203774,0.0160122,-0.00613646,0.026632407343903406
38.6577,1.16667,4.9287,0.00453876,0.0665919,0.00109337,0.06675535144019916
38.7893,1.16667,4.96944,-0.00309914,0.016248,-0.000960416,0.016568783046218453
38.5128,1.5,4.88389,-0.0311465,-0.0864614,-0.00967203,0.0924079342726094
38.6577,1.5,4.9287,0.00207391,0.0372128,0.000566772,0.037274855023568955
38.7893,1.5,4.96944,-0.00206731,0.0152723,-0.000608977,0.01542361082602349
38.5128,1.83333,4.88389,-0.0308464,-0.156738,-0.00944206,0.1600232905985988
38.6577,1.83333,4.9287,-0.00905649,-0.010833,-0.00252504,0.014343978775838314
38.7893,1.83333,4.96944,0.00246414,0.0119027,0.000742105,0.012177724461516815
38.5128,2.16667,4.88389,-0.0264721,-0.214179,-0.00790404,0.21595344398210373
38.6577,2.16667,4.9287,-0.0115122,-0.0713059,-0.00339606,0.07230902673369073
38.7893,2.16667,4.96944,0.00300397,-0.0016499,0.000894531,0.0035420603440456796
38.5128,2.5,4.88389,-0.0186947,-0.24945,-0.00543005,0.25020847258055134
38.6577,2.5,4.9287,-0.0102987,-0.113954,-0.00310487,0.1144605502145036
38.7893,2.5,4.96944,0.00247426,-0.0104668,0.000740978,0.010780765890421885
38.5128,2.83333,4.88389,-0.0117622,-0.269143,-0.00324537,0.26941944292177006
38.6577,2.83333,4.9287,-0.00864557,-0.149544,-0.00259372,0.1498161580072834
38.7893,2.83333,4.96944,0.00185995,-0.0228545,0.000555617,0.022936789106219487
38.5128,3.16667,4.88389,-0.00474504,-0.272729,-0.000967604,0.2727719910531549
38.6577,3.16667,4.9287,-0.00578117,-0.168682,-0.00164459,0.1687890509684707
38.7893,3.16667,4.96944,0.00122367,-0.029545,0.00036677,0.029572604104167084
38.5128,3.5,4.88389,0.00113219,-0.264753,0.000909319,0.26475698238996426
38.6577,3.5,4.9287,-0.00340932,-0.177711,-0.000823816,0.17774560938786718
38.7893,3.5,4.96944,0.00071166,-0.0357358,0.000214868,0.03574353130082454
38.5128,3.83333,4.88389,0.00654445,-0.245419,0.00269745,0.24552106146582414
38.6577,3.83333,4.9287,-0.000796981,-0.174892,2.74466e-05,0.1748938180612174
38.7893,3.83333,4.96944,0.000288664,-0.037259,0.000104414,0.03726026449434158
38.5128,4.16667,4.88389,0.011004,-0.218349,0.00420794,0.21866659684561698
38.6577,4.16667,4.9287,0.00177628,-0.162727,0.000836862,0.16273884612361442
38.7893,4.16667,4.96944,-0.000285162,-0.03696,-5.59623e-05,0.036961142422079776
38.5128,4.5,4.88389,0.0146762,-0.184819,0.00544345,0.1854806856665742
38.6577,4.5,4.9287,0.00426202,-0.141125,0.00166158,0.14119911928753948
38.7893,4.5,4.96944,-0.000676941,-0.0330059,-0.000164252,0.03301324980438892
38.5128,4.83333,4.88389,0.0173461,-0.146827,0.00635189,0.14798446411965718
38.6577,4.83333,4.9287,0.00612447,-0.112905,0.00228232,0.11309401903886562
38.7893,4.83333,4.96944,-0.000946752,-0.0264573,-0.000237305,0.02647529747335295
38.5128,5.16667,4.88389,0.019142,-0.10534,0.0069876,0.10729286238030934
38.6577,5.16667,4.9287,0.0072802,-0.0796132,0.002679,0.07999024920126202
38.7893,5.16667,4.96944,-0.0011007,-0.017684,-0.000278467,0.017720410276291263
38.5128,5.5,4.88389,0.0197111,-0.0613875,0.00720484,0.0648757453821195
38.6577,5.5,4.9287,0.00746739,-0.0437632,0.00274098,0.04448024908892148
38.7893,5.5,4.96944,-0.00133684,-0.00805205,-0.0003532,0.008169908238658498
38.5128,5.83333,4.88389,0.0176943,-0.017245,0.00665707,0.025588959698958063
38.6577,5.83333,4.9287,0.0048311,-0.00807024,0.00187357,0.00959054562642293
38.7893,5.83333,4.96944,-0.00107432,6.00285e-05,-0.000290279,0.0011144634498507565
38.5128,6.16667,4.88389,0.0182913,0.028676,0.00688125,0.03470210704341308
38.6577,6.16667,4.9287,0.0051674,0.0163758,0.0020151,0.017289577103272363
38.7893,6.16667,4.96944,-0.00111507,0.00223087,-0.000299429,0.0025119354664961038
38.5128,6.5,4.88389,0.0205604,0.0744527,0.00750693,0.07760340574662235
38.6577,6.5,4.9287,0.00803709,0.0544394,0.00294638,0.055108295592700925
38.7893,6.5,4.96944,-0.00137004,0.0112421,-0.000360428,0.011331007473070698
38.5128,6.83333,4.88389,0.0194794,0.118814,0.00706188,0.12060714642795592
38.6577,6.83333,4.9287,0.00759167,0.0914426,0.00277588,0.09179917242504586
38.7893,6.83333,4.96944,-0.00110348,0.0216812,-0.000275956,0.02171101686389507
38.5128,7.16667,4.88389,0.0173484,0.160204,0.00630875,0.16126403481595797
38.6577,7.16667,4.9287,0.0061513,0.125088,0.00228485,0.12525999670769794
38.7893,7.16667,4.96944,-0.000967479,0.0306397,-0.000241819,0.030655924519319293
38.5128,7.5,4.88389,0.0143576,0.197747,0.00530288,0.1983384411127969
38.6577,7.5,4.9287,0.00406406,0.152976,0.00159479,0.15303828447427034
38.7893,7.5,4.96944,-0.000694298,0.0369194,-0.000167791,0.03692630904778441
38.5128,7.83333,4.88389,0.0104741,0.230289,0.0040071,0.2305618943846099
38.6577,7.83333,4.9287,0.00145875,0.173602,0.000734111,0.17360968082028957
38.7893,7.83333,4.96944,-0.000277965,0.0403321,-5.23283e-05,0.04033309178828479
38.5128,8.16667,4.88389,0.00587815,0.256212,0.00246672,0.25629129189065497
38.6577,8.16667,4.9287,-0.00113617,0.184551,-8.18647e-05,0.1845545154828188
38.7893,8.16667,4.96944,0.000292143,0.040098,0.000106045,0.040099204444408544
38.5128,8.5,4.88389,0.000423559,0.273946,0.000673859,0.2739471562257553
38.6577,8.5,4.9287,-0.00374624,0.186001,-0.000930538,0.18604104981456926
38.7893,8.5,4.96944,0.000717967,0.0379515,0.000218365,0.03795891874298205
38.5128,8.83333,4.88389,-0.00545821,0.280457,-0.00119379,0.2805126486274161
38.6577,8.83333,4.9287,-0.00614264,0.175632,-0.001751,0.17574810795900367
38.7893,8.83333,4.96944,0.00125912,0.0312688,0.000378811,0.03129643325345751
38.5128,9.16667,4.88389,-0.0123923,0.275306,-0.00343009,0.2756061106954962
38.6577,9.16667,4.9287,-0.00892687,0.155009,-0.00267112,0.15528880826077357
38.7893,9.16667,4.96944,0.00188792,0.0240396,0.000565071,0.02412023870780389
38.5128,9.5,4.88389,-0.0192187,0.254348,-0.00556737,0.2551338063495446
38.6577,9.5,4.9287,-0.0105561,0.118499,-0.00317177,0.11901052211104234
38.7893,9.5,4.96944,0.00251711,0.0113938,0.000754703,0.011692908013420317
38.5128,9.83333,4.88389,-0.0267386,0.217997,-0.00795171,0.21977459914850056
38.6577,9.83333,4.9287,-0.0116727,0.0746922,-0.00343766,0.07567690646693746
38.7893,9.83333,4.96944,0.00300713,0.00220587,0.000895539,0.003835450872364421
38.5128,10.1667,4.88389,-0.0311739,0.160197,-0.00948485,0.16347737834248657
38.6577,10.1667,4.9287,-0.00944325,0.014321,-0.00261976,0.01735307333068411
38.7893,10.1667,4.96944,0.00260917,-0.0114987,0.000783547,0.011817013822455697
38.5128,10.5,4.88389,-0.0314237,0.0895899,-0.00974091,0.09543942807523577
38.6577,10.5,4.9287,0.00131706,-0.0357968,0.000373858,0.035822971779121894
38.7893,10.5,4.96944,-0.00172207,-0.0152046,-0.000503911,0.015310104916061842
38.5128,10.8333,4.88389,-0.0210972,-0.0114633,-0.00634317,0.024834147868990793
38.6577,10.8333,4.9287,0.00477717,-0.0661447,0.00115431,0.06632703161513412
38.7893,10.8333,4.96944,-0.00325129,-0.0164904,-0.00100496,0.01683787764018078
38.5128,11.1667,4.88389,-0.00104227,-0.0733054,-0.000731321,0.07331645672233446
38.6577,11.1667,4.9287,-0.00125411,-0.0774492,-0.000250999,0.07745975970160313
38.7893,11.1667,4.96944,0.000599733,-0.017157,0.000194259,0.017168577845307106
38.5128,11.5,4.88389,0.00632459,-0.0828078,0.00199145,0.08307284786625893
38.6577,11.5,4.9287,-0.000982564,-0.0727403,-0.000147328,0.07274708503880879
38.7893,11.5,4.96944,0.000293499,-0.0171173,0.00012916,0.01712030324668932
38.5128,11.8333,4.88389,0.0356127,-0.0524435,0.0113117,0.0643936305113324
38.6577,11.8333,4.9287,0.0149278,-0.0623464,0.00493871,0.0642985510121659
38.7893,11.8333,4.96944,-0.00274542,-0.0185587,-0.000765431,0.01877627655532803
38.5128,0.166667,4.88811,0.0358938,0.0529699,0.0110039,0.06492504139128445
38.6577,0.166667,4.9313,0.0149645,0.0629613,0.00477812,0.06489138608994571
38.7893,0.166667,4.97056,-0.00275222,0.0187248,-0.00073839,0.018940381985601558
38.5128,0.5,4.88811,0.0059705,0.0837937,0.00183833,0.08402624879838978
38.6577,0.5,4.9313,-0.00103105,0.0732273,-0.000160127,0.0732347333582135
38.7893,0.5,4.97056,0.000252939,0.0172341,0.000112121,0.017236320723007043
38.5128,0.833333,4.88811,-0.000803712,0.0746555,-0.000665486,0.07466279197060031
38.6577,0.833333,4.9313,-0.00169246,0.0771917,-0.000361655,0.07721109871048738
38.7893,0.833333,4.97056,0.000771759,0.0170241,0.000238596,0.01704325440798491
38.5128,1.16667,4.88811,-0.020212,0.0162911,-0.00585252,0.026611592841474182
38.6577,1.16667,4.9313,0.00453449,0.0661893,0.00104378,0.0663526526277473
38.7893,1.16667,4.97056,-0.00309421,0.0160894,-0.000924332,0.01641028084861207
38.5128,1.5,4.88811,-0.0309874,-0.0858495,-0.00926659,0.09173998746042043
38.6577,1.5,4.9313,0.00211487,0.0368784,0.000558547,0.036943213672176775
38.7893,1.5,4.97056,-0.00209813,0.0150932,-0.000595274,0.01524995694656139
38.5128,1.83333,4.88811,-0.0307641,-0.156152,-0.00906572,0.15941161887368313
38.6577,1.83333,4.9313,-0.00892077,-0.0106831,-0.00238232,0.014120347431465698
38.7893,1.83333,4.97056,0.00242244,0.0117828,0.000702329,0.012049724371031937
38.5128,2.16667,4.88811,-0.0264475,-0.213666,-0.007593,0.2154304608481586
38.6577,2.16667,4.9313,-0.0113792,-0.0707596,-0.00322551,0.07174127890942635
38.7893,2.16667,4.97056,0.00297606,-0.00165303,0.000853016,0.0035095694323885374
38.5128,2.5,4.88811,-0.0187161,-0.249025,-0.00522086,0.24978190567643124
38.6577,2.5,4.9313,-0.0102104,-0.113201,-0.00296108,0.11369910581849972
38.7893,2.5,4.97056,0.00246574,-0.0103713,0.000711112,0.010684073086334817
38.5128,2.83333,4.88811,-0.0118185,-0.26883,-0.00312409,0.26910779583761246
38.6577,2.83333,4.9313,-0.00859822,-0.148742,-0.00248042,0.14901095407568132
38.7893,2.83333,4.97056,0.00186736,-0.0226576,0.000537376,0.02274077052553356
38.5128,3.16667,4.88811,-0.0048258,-0.272518,-0.000933318,0.27256232269359815
38.6577,3.16667,4.9313,-0.00576717,-0.167882,-0.0015737,0.16798840050878186
38.7893,3.16667,4.97056,0.00123833,-0.0292838,0.000357703,0.029312153709086422
38.5128,3.5,4.88811,0.00102745,-0.264638,0.000870127,0.2646414249857694
38.6577,3.5,4.9313,-0.00342184,-0.176964,-0.000787225,0.17699883052773605
38.7893,3.5,4.97056,0.000730316,-0.0354281,0.000212679,0.035436264806366045
38.5128,3.83333,4.88811,0.00642402,-0.245401,0.00259191,0.2454987511809551
38.6577,3.83333,4.9313,-0.000834289,-0.174192,2.7129e-05,0.1741940000060799
38.7893,3.83333,4.97056,0.000304791,-0.0369368,0.000106137,0.03693820998446527
38.5128,4.16667,4.88811,0.0108727,-0.218377,0.0040493,0.21868499391768972
38.6577,4.16667,4.9313,0.00171707,-0.162138,0.000800961,0.16214907003097
38.7893,4.16667,4.97056,-0.000271681,-0.0366338,-4.86299e-05,0.03663483967308899
38.5128,4.5,4.88811,0.0145367,-0.184867,0.00524112,0.18551170495347294
38.6577,4.5,4.9313,0.00418675,-0.140645,0.00159299,0.14071631930129
38.7893,4.5,4.97056,-0.000669426,-0.0327068,-0.000154385,0.032714014307903286
38.5128,4.83333,4.88811,0.0171978,-0.146879,0.00611718,0.14800886749445927
38.6577,4.83333,4.9313,0.00603764,-0.112529,0.00218958,0.11271212533860765
38.7893,4.83333,4.97056,-0.000945118,-0.0262095,-0.000226234,0.026227510749338757
38.5128,5.16667,4.88811,0.018981,-0.105389,0.00672904,0.10729585109090473
38.6577,5.16667,4.9313,0.00718366,-0.0793371,0.00257045,0.07970312177454594
38.7893,5.16667,4.97056,-0.00110271,-0.017509,-0.000266818,0.01754571862846387
38.5128,5.5,4.88811,0.0195362,-0.0614402,0.00693624,0.06484344771692511
38.6577,5.5,4.9313,0.00736398,-0.0436001,0.00262824,0.04429564952620065
38.7893,5.5,4.97056,-0.00133683,-0.00796617,-0.000338336,0.008084642859563803
38.5128,5.83333,4.88811,0.0174874,-0.0173167,0.00640037,0.025429156371907034
38.6577,5.83333,4.9313,0.00473643,-0.00805743,0.0017923,0.009516737184550176
38.7893,5.83333,4.97056,-0.00106506,5.51893e-05,-0.000275536,0.001101507489638854
38.5128,6.16667,4.88811,0.0180849,0.0284601,0.00661824,0.034363381683379185
38.6577,6.16667,4.9313,0.00506807,0.0161325,0.0019288,0.01701949350641493
38.7893,6.16667,4.97056,-0.00110676,0.00216976,-0.000284506,0.0024522886900273386
38.5128,6.5,4.88811,0.0203946,0.0742635,0.00723156,0.07735181058930424
38.6577,6.5,4.9313,0.00793327,0.0540768,0.00282733,0.05472870239702199
38.7893,6.5,4.97056,-0.00137278,0.0110792,-0.000345976,0.011169283636875554
38.5128,6.83333,4.88811,0.0193321,0.118646,0.00680377,0.12040305101044117
38.6577,6.83333,4.9313,0.00749799,0.0909949,0.002665,0.09134218031692751
38.7893,6.83333,4.97056,-0.00110746,0.021432,-0.000264813,0.021462227693708057
38.5128,7.16667,4.88811,0.0172129,0.160065,0.00607811,0.16110254986368808
38.6577,7.16667,4.9313,0.00606711,0.124562,0.00219289,0.12472894786016678
38.7893,7.16667,4.97056,-0.000966075,0.0303245,-0.000230518,0.03034076036792666
38.5128,7.5,4.88811,0.0142298,0.197625,0.00510787,0.1982024676157613
38.6577,7.5,4.9313,0.00399197,0.152362,0.00152956,0.15242196174526326
38.7893,7.5,4.97056,-0.000686246,0.0365617,-0.000157514,0.0365684789282069
38.5128,7.83333,4.88811,0.0103536,0.230169,0.00385796,0.2304340457686789
38.6577,7.83333,4.9313,0.00140338,0.172895,0.000703115,0.17290212512033395
38.7893,7.83333,4.97056,-0.000264051,0.0399595,-4.48965e-05,0.03996039763160914
38.5128,8.16667,4.88811,0.00576809,0.256065,0.00237199,0.2561409405460365
38.6577,8.16667,4.9313,-0.00116947,0.183751,-7.7034e-05,0.18375473761326008
38.7893,8.16667,4.97056,0.000308914,0.0397387,0.000107959,0.03974004731621588
38.5128,8.5,4.88811,0.000328615,0.273724,0.000645764,0.27372495899161614
38.6577,8.5,4.9313,-0.00375536,0.185167,-0.00088899,0.18520721076931562
38.7893,8.5,4.97056,0.000737291,0.0376178,0.00021632,0.03762564642901277
38.5128,8.83333,4.88811,-0.00553093,0.280161,-0.00114901,0.28021794612701917
38.6577,8.83333,4.9313,-0.00612482,0.174763,-0.00167478,0.1748783133412511
38.7893,8.83333,4.97056,0.00127407,0.0309907,0.000369441,0.031019078443876778
38.5128,9.16667,4.88811,-0.0124414,0.274931,-0.00329951,0.2752321383145509
38.6577,9.16667,4.9313,-0.00887599,0.154158,-0.00255352,0.154434428243415
38.7893,9.16667,4.97056,0.00189542,0.0238354,0.000546546,0.023916889903716914
38.5128,9.5,4.88811,-0.019234,0.253883,-0.00535046,0.254666746685176
38.6577,9.5,4.9313,-0.0104648,0.117716,-0.00302417,0.11821892530060024
38.7893,9.5,4.97056,0.00250849,0.0112967,0.000724328,0.011594507493709424
38.5128,9.83333,4.88811,-0.0267097,0.217465,-0.00763646,0.2192321824468789
38.6577,9.83333,4.9313,-0.0115386,0.0741339,-0.00326504,0.07509750265735606
38.7893,9.83333,4.97056,0.00297981,0.00221282,0.000854162,0.0038085998359953755
38.5128,10.1667,4.88811,-0.0310897,0.159615,-0.00910424,0.16286928764216904
38.6577,10.1667,4.9313,-0.00930274,0.0141614,-0.00247141,0.017122911226064918
38.7893,10.1667,4.97056,0.00256704,-0.0113732,0.000742015,0.011682891716601033
38.5128,10.5,4.88811,-0.0312681,0.089001,-0.00933356,0.09479444825981952
38.6577,10.5,4.9313,0.00136019,-0.0354344,0.00037474,0.03546247665157779
38.7893,10.5,4.97056,-0.00175291,-0.0150176,-0.000494053,0.015127626766777036
38.5128,10.8333,4.88811,-0.0209307,-0.0117373,-0.0060507,0.024748118802648413
38.6577,10.8333,4.9313,0.00477154,-0.065716,0.00110172,0.06589820966407206
38.7893,10.8333,4.97056,-0.00324693,-0.0163217,-0.000967375,0.01666962086268086
38.5128,11.1667,4.88811,-0.00106751,-0.0731933,-0.00072266,0.07320465135471721
38.6577,11.1667,4.9313,-0.0012659,-0.0769423,-0.000240979,0.07695309027568965
38.7893,11.1667,4.97056,0.000608764,-0.0169745,0.000189891,0.016986474102931925
38.5128,11.5,4.88811,0.00620553,-0.082795,0.0018798,0.08304850555922665
38.6577,11.5,4.9313,-0.00104607,-0.0722919,-0.00015733,0.07229963914698193
38.7893,11.5,4.97056,0.000311093,-0.0169213,0.000130718,0.016924664243055842
38.5128,11.8333,4.88811,0.0354526,-0.0526088,0.010863,0.0643628577146789
38.6577,11.8333,4.9313,0.014741,-0.0622051,0.00471194,0.06410127865786766
38.7893,11.8333,4.97056,-0.00273432,-0.0183905,-0.000732304,0.018607075677301257
38.5128,0.166667,4.89233,0.0357412,0.0531345,0.010555,0.06490082043156312
38.6577,0.166667,4.93389,0.0147845,0.0628284,0.00455407,0.06470493675427634
38.7893,0.166667,4.97167,-0.00274124,0.0185603,-0.000705582,0.018774902896854725
38.5128,0.5,4.89233,0.00585901,0.0837889,0.00173388,0.08401139268720939
38.6577,0.5,4.93389,-0.0010893,0.0727956,-0.000167787,0.07280394293118587
38.7893,0.5,4.97167,0.000270167,0.0170434,0.000113725,0.017045920542567188
38.5128,0.833333,4.89233,-0.000825551,0.0745651,-0.000657609,0.07457256950152973
38.6577,0.833333,4.93389,-0.00170086,0.0767122,-0.000346258,0.07673183464626766
38.7893,0.833333,4.97167,0.000780557,0.0168521,0.000232135,0.016871764291219633
38.5128,1.16667,4.89233,-0.0200518,0.0165559,-0.00557478,0.02659418508054721
38.6577,1.16667,4.93389,0.00452971,0.0657943,0.000995139,0.06595755064284468
38.7893,1.16667,4.97167,-0.00308876,0.0159349,-0.000888195,0.016255779486251187
38.5128,1.5,4.89233,-0.0308324,-0.0852523,-0.00886629,0.0910889820088802
38.6577,1.5,4.93389,0.00215325,0.0365505,0.000548758,0.03661798289304128
38.7893,1.5,4.97167,-0.00212711,0.0149188,-0.00058044,0.01508085213062246
38.5128,1.83333,4.89233,-0.0306832,-0.155574,-0.00869227,0.15880895376518572
38.6577,1.83333,4.93389,-0.00878965,-0.01054,-0.00224503,0.013906462771797867
38.7893,1.83333,4.97167,0.00238181,0.0116653,0.000663857,0.011924468503147174
38.5128,2.16667,4.89233,-0.0264228,-0.213155,-0.0072839,0.21490991969671852
38.6577,2.16667,4.93389,-0.0112499,-0.0702285,-0.0030597,0.07118963566664743
38.7893,2.16667,4.97167,0.00294831,-0.00165682,0.00081227,0.0034781269271549017
38.5128,2.5,4.89233,-0.018737,-0.248598,-0.00501256,0.2493534971295843
38.6577,2.5,4.93389,-0.0101239,-0.112466,-0.00282024,0.11295595717299553
38.7893,2.5,4.97167,0.00245671,-0.0102792,0.000681354,0.010590638315862553
38.5128,2.83333,4.89233,-0.011874,-0.268511,-0.00300302,0.2687901916479104
38.6577,2.83333,4.93389,-0.00855154,-0.147956,-0.0023688,0.1482218539413524
38.7893,2.83333,4.97167,0.00187388,-0.0224665,0.000518756,0.022550480178744222
38.5128,3.16667,4.89233,-0.00490579,-0.272297,-0.000898973,0.2723426722659871
38.6577,3.16667,4.93389,-0.00575308,-0.167096,-0.0015037,0.1672017711005969
38.7893,3.16667,4.97167,0.00125211,-0.0290298,0.000348074,0.02905887511590179
38.5128,3.5,4.89233,0.000923447,-0.264511,0.00083134,0.2645139183512985
38.6577,3.5,4.93389,-0.00343375,-0.176228,-0.000751107,0.1762630499701737
38.7893,3.5,4.97167,0.000748185,-0.0351286,0.000209847,0.03513719332157357
38.5128,3.83333,4.89233,0.00630413,-0.24537,0.00248673,0.24546356711567158
38.6577,3.83333,4.93389,-0.000870627,-0.173502,2.68735e-05,0.17350418645542282
38.7893,3.83333,4.97167,0.000320365,-0.0366232,0.00010727,0.03662475827669208
38.5128,4.16667,4.89233,0.0107417,-0.218393,0.00389069,0.21869161857868744
38.6577,4.16667,4.93389,0.00165905,-0.161555,0.000765643,0.16156533254725763
38.7893,4.16667,4.97167,-0.000258522,-0.036316,-4.18189e-05,0.03631694423330357
38.5128,4.5,4.89233,0.0143974,-0.184904,0.0050386,0.18553210458764274
38.6577,4.5,4.93389,0.0041128,-0.14017,0.00152517,0.14023861867320606
38.7893,4.5,4.97167,-0.000661908,-0.0324155,-0.000144853,0.03242258078626797
38.5128,4.83333,4.89233,0.0170496,-0.146921,0.00588214,0.1480238787227912
38.6577,4.83333,4.93389,0.00595221,-0.112157,0.00209773,0.11233442003249494
38.7893,4.83333,4.97167,-0.00094318,-0.0259682,-0.000215312,0.02598621478803221
38.5128,5.16667,4.89233,0.0188203,-0.10543,0.00647018,0.10729190007322267
38.6577,5.16667,4.93389,0.00708868,-0.0790634,0.00246291,0.0794187416758192
38.7893,5.16667,4.97167,-0.00110422,-0.0173387,-0.000255198,0.01737569985691523
38.5128,5.5,4.89233,0.0193618,-0.0614876,0.00666753,0.0648078715072552
38.6577,5.5,4.93389,0.00726238,-0.043438,0.00251671,0.04411276273924021
38.7893,5.5,4.97167,-0.0013363,-0.0078827,-0.000323537,0.008001708140789002
38.5128,5.83333,4.89233,0.0172823,-0.0173849,0.00614444,0.02527185755368212
38.6577,5.83333,4.93389,0.00464397,-0.00804397,0.00171238,0.009444795179684946
38.7893,5.83333,4.97167,-0.00105574,5.04264e-05,-0.000261131,0.0010887236419670331
38.5128,6.16667,4.89233,0.0178801,0.0282474,0.00635578,0.03402953896511676
38.6577,6.16667,4.93389,0.00497094,0.0158951,0.00184379,0.016756014145902956
38.7893,6.16667,4.97167,-0.00109831,0.00211095,-0.000269891,0.002394835257482443
38.5128,6.5,4.89233,0.020229,0.074075,0.00695562,0.07710187232217128
38.6577,6.5,4.93389,0.00783099,0.0537207,0.00270932,0.054356033958820986
38.7893,6.5,4.97167,-0.00137489,0.0109213,-0.000331503,0.011012493379844049
38.5128,6.83333,4.89233,0.0191844,0.118477,0.006545,0.12019849315760993
38.6577,6.83333,4.93389,0.00740551,0.0905544,0.00255495,0.0908926218525057
38.7893,6.83333,4.97167,-0.00111088,0.0211901,-0.000253654,0.02122071470841913
38.5128,7.16667,4.89233,0.0170768,0.159921,0.00584684,0.16093641252751226
38.6577,7.16667,4.93389,0.005984,0.124043,0.00210168,0.12420503678926391
38.7893,7.16667,4.97167,-0.00096437,0.0300179,-0.00021937,0.03003418807132632
38.5128,7.5,4.89233,0.0141016,0.197497,0.0049124,0.1980607275693998
38.6577,7.5,4.93389,0.00392093,0.151756,0.00146498,0.15181371280113434
38.7893,7.5,4.97167,-0.000678227,0.0362134,-0.000147604,0.03622005133022791
38.5128,7.83333,4.89233,0.0102331,0.23004,0.00370861,0.23029735500813311
38.6577,7.83333,4.93389,0.00134898,0.172197,0.000672561,0.1722035972166061
38.7893,7.83333,4.97167,-0.000250489,0.0395966,-3.80121e-05,0.03959741053678722
38.5128,8.16667,4.89233,0.00565812,0.255908,0.00227733,0.25598067313346784
38.6577,8.16667,4.93389,-0.00120199,0.182962,-7.22741e-05,0.1829659625381334
38.7893,8.16667,4.97167,0.000325094,0.0393889,0.000109255,0.03939039306701395
38.5128,8.5,4.89233,0.000233974,0.273493,0.000617786,0.2734937978316409
38.6577,8.5,4.93389,-0.00376401,0.184348,-0.000848031,0.1843883728217619
38.7893,8.5,4.97167,0.000755789,0.0372929,0.000213598,0.03730116930510523
38.5128,8.83333,4.89233,-0.00560323,0.279857,-0.00110442,0.27991526642712666
38.6577,8.83333,4.93389,-0.00610704,0.173911,-0.00159961,0.17402554585667504
38.7893,8.83333,4.97167,0.00128812,0.0307202,0.000359491,0.030749295519629082
38.5128,9.16667,4.89233,-0.01249,0.274549,-0.00316941,0.2748512300513645
38.6577,9.16667,4.93389,-0.0088259,0.153324,-0.00243776,0.15359716195499054
38.7893,9.16667,4.97167,0.00190202,0.0236368,0.000527634,0.023719072324995257
38.5128,9.5,4.89233,-0.019249,0.253415,-0.00513475,0.25419687622699555
38.6577,9.5,4.93389,-0.0103755,0.116952,-0.00287967,0.11744664236817884
38.7893,9.5,4.97167,0.00249936,0.0112027,0.000694059,0.011499087163556982
38.5128,9.83333,4.89233,-0.026681,0.216935,-0.00732344,0.21869225582867263
38.6577,9.83333,4.93389,-0.0114081,0.0735903,-0.00309723,0.07453368254267932
38.7893,9.83333,4.97167,0.00295263,0.00222,0.000813534,0.0037826262683558895
38.5128,10.1667,4.89233,-0.0310069,0.15904,-0.00872679,0.1622692401883798
38.6577,10.1667,4.93389,-0.00916685,0.0140076,-0.00232869,0.016901680206375936
38.7893,10.1667,4.97167,0.00252596,-0.0112505,0.000701803,0.011551915495813194
38.5128,10.5,4.89233,-0.0311165,0.0884248,-0.00893128,0.09416448157202588
38.6577,10.5,4.93389,0.0014008,-0.0350803,0.000373873,0.03511024736099319
38.7893,10.5,4.97167,-0.00178199,-0.0148359,-0.000483084,0.014950344053604788
38.5128,10.8333,4.89233,-0.0207691,-0.0119992,-0.00576446,0.024669116614536482
38.6577,10.8333,4.93389,0.00476538,-0.0652963,0.00105016,0.0654783817474134
38.7893,10.8333,4.97167,-0.00324199,-0.0161575,-0.000929704,0.016505746118782878
38.5128,11.1667,4.89233,-0.00109192,-0.0730782,-0.000711971,0.07308982492270207
38.6577,11.1667,4.93389,-0.00127667,-0.0764461,-0.000230883,0.07645710822715301
38.7893,11.1667,4.97167,0.000617515,-0.0167974,0.000185222,0.016809767360808685
38.5128,11.5,4.89233,0.00609025,-0.0827773,0.00177201,0.08301995278119953
38.6577,11.5,4.93389,-0.00110664,-0.0718515,-0.000165534,0.07186021225855624
38.7893,11.5,4.97167,0.000328045,-0.0167312,0.000131573,0.016734932877557476
38.5128,11.8333,4.89233,0.0352955,-0.0527691,0.0104177,0.0643341177630501
38.6577,11.8333,4.93389,0.0145598,-0.0620639,0.00448998,0.06390677100003096
38.7893,11.8333,4.97167,-0.00272278,-0.0182266,-0.000699547,0.01844212147486316
38.5128,0.166667,4.89656,0.0355918,0.0532943,0.0101093,0.06487878379115934
38.6577,0.166667,4.93648,0.01461,0.062696,0.00433467,0.06452154585879744
38.7893,0.166667,4.97278,-0.00272986,0.0184002,-0.000673145,0.01861377500268618
38.5128,0.5,4.89656,0.00575123,0.0837794,0.00163301,0.08399244747316868
38.6577,0.5,4.93648,-0.00114483,0.0723722,-0.000173807,0.07238146294074298
38.7893,0.5,4.97278,0.000286761,0.0168587,0.000114655,0.016861528499224083
38.5128,0.833333,4.89656,-0.000846583,0.0744715,-0.000647744,0.07447912853488167
38.6577,0.833333,4.93648,-0.0017084,0.0762431,-0.000330911,0.07626295581906015
38.7893,0.833333,4.97278,0.000789041,0.0166852,0.000225372,0.016705366720849473
38.5128,1.16667,4.89656,-0.0198968,0.0168072,-0.00530308,0.02657982843372771
38.6577,1.16667,4.93648,0.00452447,0.0654075,0.000947445,0.06557064539150827
38.7893,1.16667,4.97278,-0.00308288,0.0157847,-0.000852038,0.016105491980620893
38.5128,1.5,4.89656,-0.0306817,-0.0846705,-0.00847109,0.09045562255011073
38.6577,1.5,4.93648,0.00218919,0.0362298,0.000537509,0.03629986056200741
38.7893,1.5,4.97278,-0.00215433,0.0147494,-0.000564556,0.014916590146076816
38.5128,1.83333,4.89656,-0.0306037,-0.155005,-0.00832172,0.1582162681346277
38.6577,1.83333,4.93648,-0.00866311,-0.0104035,-0.00211299,0.013702080639895533
38.7893,1.83333,4.97278,0.00234228,0.0115504,0.000626652,0.011802148469134932
38.5128,2.16667,4.89656,-0.0263981,-0.212648,-0.00697681,0.21439381396249776
38.6577,2.16667,4.93648,-0.0111242,-0.0697129,-0.00289855,0.0706543547430199
38.7893,2.16667,4.97278,0.0029208,-0.00166122,0.000772298,0.003447777360736044
38.5128,2.5,4.89656,-0.0187572,-0.24817,-0.00480519,0.24892422803491046
38.6577,2.5,4.93648,-0.0100395,-0.11175,-0.00268232,0.11223212062877723
38.7893,2.5,4.97278,0.00244725,-0.0101905,0.000651734,0.010500479989945985
38.5128,2.83333,4.89656,-0.0119286,-0.268187,-0.00288215,0.26846762422233056
38.6577,2.83333,4.93648,-0.00850562,-0.147188,-0.00225887,0.14745085760775115
38.7893,2.83333,4.97278,0.00187956,-0.0222812,0.000499799,0.022365920912719002
38.5128,3.16667,4.89656,-0.00498483,-0.272068,-0.000864562,0.2721150356404084
38.6577,3.16667,4.93648,-0.00573894,-0.166327,-0.00143463,0.1664321619295997
38.7893,3.16667,4.97278,0.00126505,-0.0287833,0.000337922,0.028813068244645242
38.5128,3.5,4.89656,0.000820463,-0.264374,0.000792995,0.26437646241033713
38.6577,3.5,4.93648,-0.00344506,-0.175506,-0.000715488,0.17554126693595937
38.7893,3.5,4.97278,0.000765287,-0.0348376,0.000206402,0.03484661590080123
38.5128,3.83333,4.89656,0.00618515,-0.245329,0.00238196,0.24541851612085852
38.6577,3.83333,4.93648,-0.000905957,-0.172822,2.66574e-05,0.1728243766159821
38.7893,3.83333,4.97278,0.000335391,-0.0363183,0.000107836,0.036320008681383555
38.5128,4.16667,4.89656,0.0106115,-0.218398,0.00373224,0.21868749381633054
38.6577,4.16667,4.93648,0.00160232,-0.160981,0.000730893,0.1609906332522481
38.7893,4.16667,4.97278,-0.000245691,-0.036007,-3.55182e-05,0.03600785573468673
38.5128,4.5,4.89656,0.0142587,-0.184932,0.00483601,0.18554390893373487
38.6577,4.5,4.93648,0.00404028,-0.139701,0.00145813,0.1397670183075224
38.7893,4.5,4.97278,-0.000654404,-0.0321322,-0.000135656,0.032139149397355744
38.5128,4.83333,4.89656,0.016902,-0.146955,0.00564692,0.14803154168786598
38.6577,4.83333,4.93648,0.00586832,-0.111788,0.00200676,0.11195990893761927
38.7893,4.83333,4.97278,-0.000940964,-0.0257337,-0.000204551,0.025751710041294288
38.5128,5.16667,4.89656,0.0186603,-0.105465,0.00621118,0.10728304515664346
38.6577,5.16667,4.93648,0.00699544,-0.0787926,0.00235637,0.07913761732027634
38.7893,5.16667,4.97278,-0.00110527,-0.0171733,-0.000243629,0.017210555184320492
38.5128,5.5,4.89656,0.0191884,-0.0615302,0.00639888,0.06476963695941486
38.6577,5.5,4.93648,0.00716279,-0.0432774,0.0024064,0.04393210298066893
38.7893,5.5,4.97278,-0.00133531,-0.00780173,-0.000308823,0.007921200378372522
38.5128,5.83333,4.89656,0.0170794,-0.0174498,0.0058894,0.02511745322997537
38.6577,5.83333,4.93648,0.00455383,-0.00802995,0.00163377,0.009374789015455227
38.7893,5.83333,4.97278,-0.00104637,4.57451e-05,-0.000247071,0.0010761165690179712
38.5128,6.16667,4.89656,0.0176774,0.0280382,0.00609401,0.03370115855397408
38.6577,6.16667,4.93648,0.00487614,0.0156636,0.00176007,0.01649918036341503
38.7893,6.16667,4.97278,-0.00108975,0.00205442,-0.000255595,0.0023395566680302917
38.5128,6.5,4.89656,0.0200639,0.0738877,0.0066793,0.07685418233895927
38.6577,6.5,4.93648,0.00773046,0.0533716,0.00259235,0.05399081381952026
38.7893,6.5,4.97278,-0.00137642,0.0107687,-0.000317037,0.010860936615493574
38.5128,6.83333,4.89656,0.0190369,0.118307,0.00628574,0.11999358456999941
38.6577,6.83333,4.93648,0.00731443,0.0901216,0.00244575,0.0904510108613906
38.7893,6.83333,4.97278,-0.00111379,0.0209554,-0.0002425,0.02098637947751112
38.5128,7.16667,4.89656,0.0169408,0.159774,0.00561511,0.1607676933993646
38.6577,7.16667,4.93648,0.00590216,0.123532,0.00201124,0.12368927036329061
38.7893,7.16667,4.97278,-0.00096239,0.0297201,-0.00020839,0.029736408070145257
38.5128,7.5,4.89656,0.0139735,0.197364,0.00471663,0.1979142587000919
38.6577,7.5,4.93648,0.0038511,0.151159,0.00140106,0.15121454037668997
38.7893,7.5,4.97278,-0.000670257,0.0358749,-0.00013806,0.03588142632365175
38.5128,7.83333,4.89656,0.0101128,0.229904,0.00355915,0.23015383005408035
38.6577,7.83333,4.93648,0.00129564,0.171511,0.000642441,0.1715170969158704
38.7893,7.83333,4.97278,-0.000237282,0.0392438,-3.1663e-05,0.039244530112272885
38.5128,8.16667,4.89656,0.00554859,0.255743,0.00218282,0.25581249696435965
38.6577,8.16667,4.93648,-0.00123369,0.182187,-6.76014e-05,0.1821911894959945
38.7893,8.16667,4.97278,0.00034069,0.0390489,0.000109955,0.03905054098201618
38.5128,8.5,4.89656,0.000139925,0.273255,0.000589973,0.27325567271723084
38.6577,8.5,4.93648,-0.00377221,0.183544,-0.000807681,0.18358453598514735
38.7893,8.5,4.97278,0.000773481,0.0369773,0.000210231,0.036985986335647744
38.5128,8.83333,4.89656,-0.00567492,0.279548,-0.00106001,0.27960760476461743
38.6577,8.83333,4.93648,-0.00608935,0.173075,-0.00152551,0.17318880734384254
38.7893,8.83333,4.97278,0.0013013,0.0304575,0.000349002,0.030487284076086606
38.5128,9.16667,4.89656,-0.0125379,0.274165,-0.0030398,0.2744683707559944
38.6577,9.16667,4.93648,-0.0087767,0.152509,-0.00232384,0.15277900960614846
38.7893,9.16667,4.97278,0.00190778,0.0234442,0.000508378,0.02352718823742616
38.5128,9.5,4.89656,-0.0192636,0.252947,-0.00492025,0.2537271762228526
38.6577,9.5,4.93648,-0.0102883,0.116206,-0.00273821,0.11669267906297336
38.7893,9.5,4.97278,0.0024898,0.011112,0.000663929,0.011406859767571486
38.5128,9.83333,4.89656,-0.0266525,0.216409,-0.0070127,0.21815679911141894
38.6577,9.83333,4.93648,-0.0112812,0.0730618,-0.00293412,0.07398581724124158
38.7893,9.83333,4.97278,0.00292566,0.00222741,0.000773663,0.0037575784996815437
38.5128,10.1667,4.89656,-0.0309257,0.158473,-0.00835252,0.16167824603155614
38.6577,10.1667,4.93648,-0.00903561,0.0138597,-0.00219143,0.016689394764550333
38.7893,10.1667,4.97278,0.00248597,-0.0111308,0.000662878,0.011424279527558139
38.5128,10.5,4.89656,-0.030969,0.0878621,-0.00853405,0.0935502944239755
38.6577,10.5,4.93648,0.00143901,-0.0347349,0.00037136,0.03476667853045068
38.7893,10.5,4.97278,-0.00180938,-0.0146595,-0.00047108,0.014778251337719225
38.5128,10.8333,4.89656,-0.0206125,-0.0122496,-0.00548431,0.024596859811490162
38.6577,10.8333,4.93648,0.00475876,-0.064886,0.000999615,0.06506794927524476
38.7893,10.8333,4.97278,-0.00323653,-0.0159981,-0.000891988,0.016346558434210057
38.5128,11.1667,4.89656,-0.00111545,-0.0729611,-0.00069933,0.07297297722007373
38.6577,11.1667,4.93648,-0.00128648,-0.0759611,-0.000220748,0.07597231386287971
38.7893,11.1667,4.97278,0.000625988,-0.0166256,0.000180264,0.016638357233989178
38.5128,11.5,4.89656,0.0059788,-0.0827554,0.001668,0.08298785756121194
38.6577,11.5,4.93648,-0.00116435,-0.07142,-0.000172026,0.0714296976324776
38.7893,11.5,4.97278,0.000344359,-0.016547,0.000131754,0.016551107251099456
38.5128,11.8333,4.89656,0.0351418,-0.0529246,0.00997587,0.06430767741612894
38.6577,11.8333,4.93648,0.0143843,-0.0619235,0.00427273,0.06371565082766478
38.7893,11.8333,4.97278,-0.00271086,-0.0180671,-0.000667183,0.018281520656255292
38.5128,0.166667,4.90078,0.0354459,0.0534492,0.00966682,0.06485889465880836
38.6577,0.166667,4.93907,0.0144413,0.0625645,0.00411979,0.0643415921125993
38.7893,0.166667,4.97389,-0.00271816,0.0182446,-0.000641098,0.018457107833872673
38.5128,0.5,4.90078,0.00564721,0.0837659,0.00153564,0.08397008499342906
38.6577,0.5,4.93907,-0.00119769,0.071958,-0.000178266,0.07196818744489022
38.7893,0.5,4.97389,0.000302725,0.0166799,0.000114937,0.01668304279649231
38.5128,0.833333,4.90078,-0.000866748,0.0743755,-0.000635957,0.07438326890942178
38.6577,0.833333,4.93907,-0.00171511,0.0757852,-0.000315642,0.07580526216051404
38.7893,0.833333,4.97389,0.000797211,0.0165235,0.000218322,0.01654416096767089
38.5128,1.16667,4.90078,-0.019747,0.0170457,-0.00503727,0.026568289115840714
38.6577,1.16667,4.93907,0.00451882,0.0650297,0.000900675,0.06519273603506778
38.7893,1.16667,4.97389,-0.0030766,0.0156389,-0.000815888,0.015959521734643052
38.5128,1.5,4.90078,-0.0305355,-0.0841046,-0.00808092,0.08984042391627724
38.6577,1.5,4.93907,0.00222284,0.0359167,0.000524899,0.035989246665022054
38.7893,1.5,4.97389,-0.00217988,0.014585,-0.000547699,0.014757170325269036
38.5128,1.83333,4.90078,-0.0305259,-0.154448,-0.0079541,0.15763655344373653
38.6577,1.83333,4.93907,-0.00854114,-0.0102734,-0.00198601,0.013506963233077224
38.7893,1.83333,4.97389,0.00230386,0.0114383,0.000590678,0.01168295246456494
38.5128,2.16667,4.90078,-0.0263735,-0.212147,-0.00667175,0.21388413536144402
38.6577,2.16667,4.93907,-0.0110022,-0.0692132,-0.00274192,0.07013582240457725
38.7893,2.16667,4.97389,0.00289359,-0.0016662,0.000733105,0.003418556489093752
38.5128,2.5,4.90078,-0.0187768,-0.247743,-0.00459878,0.24849609865092126
38.6577,2.5,4.93907,-0.00995725,-0.111054,-0.00254726,0.11152858950542727
38.7893,2.5,4.97389,0.00243742,-0.0101054,0.000622282,0.01041380623518241
38.5128,2.83333,4.90078,-0.0119822,-0.26786,-0.00276153,0.26814208689569957
38.6577,2.83333,4.93907,-0.00846056,-0.146439,-0.00215063,0.1466989672966736
38.7893,2.83333,4.97389,0.00188447,-0.022102,0.000480544,0.022187396280700357
38.5128,3.16667,4.90078,-0.00506273,-0.271834,-0.000830079,0.27188240807782904
38.6577,3.16667,4.93907,-0.00572482,-0.165574,-0.00136649,0.16567857536492914
38.7893,3.16667,4.97389,0.00127717,-0.0285446,0.000327283,0.028575032222746297
38.5128,3.5,4.90078,0.000718767,-0.264228,0.000755122,0.26423005661588767
38.6577,3.5,4.93907,-0.0034558,-0.174799,-0.000680388,0.1748344813887425
38.7893,3.5,4.97389,0.000781637,-0.0345555,0.000202371,0.03456493151550297
38.5128,3.83333,4.90078,0.00606741,-0.245277,0.00227768,0.24536260517709396
38.6577,3.83333,4.93907,-0.000940244,-0.172155,2.64595e-05,0.17215756963864434
38.7893,3.83333,4.97389,0.000349872,-0.0360225,0.000107854,0.03602436049608237
38.5128,4.16667,4.90078,0.0104825,-0.218394,0.00357401,0.21867463407933282
38.6577,4.16667,4.93907,0.00154696,-0.160416,0.000696694,0.16042497163400476
38.7893,4.16667,4.97389,-0.000233195,-0.0357071,-2.9716e-05,0.035707873828592494
38.5128,4.5,4.90078,0.014121,-0.18495,0.00463349,0.1855461515919425
38.6577,4.5,4.93907,0.00396934,-0.139239,0.00139186,0.13930251991724774
38.7893,4.5,4.97389,-0.000646932,-0.0318573,-0.000126795,0.03186412028088409
38.5128,4.83333,4.90078,0.0167554,-0.146982,0.00541165,0.14803289400968456
38.6577,4.83333,4.93907,0.00578615,-0.111425,0.00191669,0.11159159402651528
38.7893,4.83333,4.97389,-0.000938498,-0.0255062,-0.000193963,0.025524197119231252
38.5128,5.16667,4.90078,0.0185016,-0.105494,0.00595217,0.10726938783394312
38.6577,5.16667,4.93907,0.00690413,-0.0785256,0.00225086,0.07886065709310631
38.7893,5.16667,4.97389,-0.00110588,-0.0170129,-0.00023213,0.017050384785139015
38.5128,5.5,4.90078,0.0190166,-0.0615684,0.00613042,0.0647292901513403
38.6577,5.5,4.93907,0.0070654,-0.0431188,0.00229729,0.04375418073674903
38.7893,5.5,4.97389,-0.00133389,-0.00772331,-0.000294218,0.007843171815007242
38.5128,5.83333,4.90078,0.0168794,-0.0175115,0.00563535,0.02496645642121645
38.6577,5.83333,4.93907,0.00446614,-0.00801549,0.00155645,0.009306826690241955
38.7893,5.83333,4.97389,-0.001037,4.11505e-05,-0.000233362,0.001063729376624642
38.5128,6.16667,4.90078,0.0174773,0.0278329,0.00583302,0.03337889243249992
38.6577,6.16667,4.93907,0.00478381,0.0154384,0.00167761,0.016249412542864432
38.7893,6.16667,4.97389,-0.00108111,0.00200016,-0.000241624,0.0022864428737836423
38.5128,6.5,4.90078,0.0199001,0.0737022,0.00640274,0.07660955126064635
38.6577,6.5,4.93907,0.0076319,0.0530302,0.00247644,0.05363376515520423
38.7893,6.5,4.97389,-0.0013774,0.0106212,-0.000302603,0.010714414999224597
38.5128,6.83333,4.90078,0.01889,0.118137,0.00602614,0.11978938697689208
38.6577,6.83333,4.93907,0.00722496,0.0896975,0.00233742,0.09001835971349399
38.7893,6.83333,4.97389,-0.00111621,0.0207281,-0.000231374,0.02075942167551823
38.5128,7.16667,4.90078,0.0168053,0.159625,0.00538306,0.16059743481156105
38.6577,7.16667,4.93907,0.00582177,0.123031,0.00192157,0.12318365312896756
38.7893,7.16667,4.97389,-0.000960159,0.0294313,-0.000197588,0.029447620719050036
38.5128,7.5,4.90078,0.0138459,0.197226,0.00452068,0.19776309203304948
38.6577,7.5,4.93907,0.00378261,0.150574,0.00133779,0.15062744536271006
38.7893,7.5,4.97389,-0.000662351,0.0355465,-0.00012888,0.035552903976350525
38.5128,7.83333,4.90078,0.00999319,0.229762,0.0034097,0.23000449244409574
38.6577,7.83333,4.93907,0.00124347,0.170837,0.000612748,0.17084262420939456
38.7893,7.83333,4.97389,-0.000224437,0.0389013,-2.58361e-05,0.0389019560068775
38.5128,8.16667,4.90078,0.00543986,0.255572,0.00208855,0.2556384190647449
38.6577,8.16667,4.93907,-0.00126453,0.181427,-6.30308e-05,0.18143141772582458
38.7893,8.16667,4.97389,0.000355708,0.0387191,0.00011008,0.038720890364216366
38.5128,8.5,4.90078,4.67467e-05,0.273011,0.00056237,0.2730115832089746
38.6577,8.5,4.93907,-0.00377997,0.182756,-0.000767957,0.1827966998256663
38.7893,8.5,4.97389,0.000790385,0.036671,0.00020625,0.03668009662624575
38.5128,8.83333,4.90078,-0.00574579,0.279235,-0.00101577,0.2792959561404658
38.6577,8.83333,4.93907,-0.00607181,0.172259,-0.00145249,0.17237209659592875
38.7893,8.83333,4.97389,0.00131365,0.030203,0.00033801,0.030233443999693455
38.5128,9.16667,4.90078,-0.0125852,0.273779,-0.00291069,0.2740835642943883
38.6577,9.16667,4.93907,-0.00872846,0.151713,-0.00221176,0.15197997323749335
38.7893,9.16667,4.97389,0.00191276,0.0232576,0.000488817,0.023341241411653516
38.5128,9.5,4.90078,-0.0192778,0.252482,-0.00470699,0.2532606358116083
38.6577,9.5,4.93907,-0.0102034,0.11548,-0.00259977,0.11595903835239794
38.7893,9.5,4.97389,0.00247987,0.0110246,0.000633967,0.011317838774871684
38.5128,9.83333,4.90078,-0.0266242,0.215888,-0.00670423,0.2176267981419864
38.6577,9.83333,4.93907,-0.0111582,0.0725489,-0.00277559,0.07345442272796172
38.7893,9.83333,4.97389,0.00289898,0.00223504,0.000734554,0.00373350484409971
38.5128,10.1667,4.90078,-0.0308461,0.157916,-0.00798145,0.16109825723859492
38.6577,10.1667,4.93907,-0.008909,0.0137175,-0.00205943,0.016485792039659483
38.7893,10.1667,4.97389,0.00244708,-0.0110143,0.000625203,0.011300171848587481
38.5128,10.5,4.90078,-0.030826,0.0873136,-0.00814178,0.09295265247709934
38.6577,10.5,4.93907,0.00147495,-0.0343987,0.000367299,0.034432266084995056
38.7893,10.5,4.97389,-0.00183516,-0.0144886,-0.000458112,0.0146115436826553
38.5128,10.8333,4.90078,-0.020461,-0.0124887,-0.00521011,0.024530906931911425
38.6577,10.8333,4.93907,0.00475172,-0.0644859,0.000950063,0.06466771034660473
38.7893,10.8333,4.97389,-0.00323061,-0.0158437,-0.000854257,0.01619226437791049
38.5128,11.1667,4.90078,-0.00113803,-0.0728426,-0.000684809,0.07285470781224354
38.6577,11.1667,4.93907,-0.0012954,-0.0754881,-0.000210605,0.07549950766220946
38.7893,11.1667,4.97389,0.000634181,-0.0164594,0.000175032,0.016472542915463444
38.5128,11.5,4.90078,0.00587123,-0.0827301,0.0015677,0.08295298952426548
38.6577,11.5,4.93907,-0.00121926,-0.070998,-0.000176894,0.07100868883759816
38.7893,11.5,4.97389,0.000360041,-0.0163689,0.00013129,0.016373385532496967
38.5128,11.8333,4.90078,0.0349918,-0.0530754,0.00953743,0.06428364273596278
38.6577,11.8333,4.93907,0.0142146,-0.0617844,0.00406005,0.06352834755069976
38.7893,11.8333,4.97389,-0.00269863,-0.0179123,-0.000635228,0.01812557888120774
38.6577,0.166667,4.94167,0.0142783,0.0624345,0.00390929,0.06416556077401724
38.7893,0.166667,4.975,-0.00270619,0.0180938,-0.000609454,0.018305204094306516
38.6577,0.5,4.94167,-0.00124796,0.0715534,-0.000181242,0.07156451148707832
38.7893,0.5,4.975,0.000318064,0.0165071,0.000114602,0.01651056173291811
38.6577,0.833333,4.94167,-0.00172108,0.0753392,-0.000300474,0.07535945499823546
38.7893,0.833333,4.975,0.000805071,0.0163672,0.000211,0.016388346352058863
38.6577,1.16667,4.94167,0.00451281,0.0646614,0.000854812,0.06482432265447471
38.7893,1.16667,4.975,-0.00307,0.0154978,-0.000779772,0.015818177809469206
38.6577,1.5,4.94167,0.00225434,0.0356118,0.000511022,0.035686741117116366
38.7893,1.5,4.975,-0.00220382,0.0144259,-0.000529941,0.014602885018580439
38.6577,1.83333,4.94167,-0.00842373,-0.0101494,-0.00186391,0.01332079982437241
38.7893,1.83333,4.975,0.00226657,0.011329,0.000555897,0.011566875206360143
38.6577,2.16667,4.94167,-0.0108842,-0.0687297,-0.00258969,0.0696343590910845
38.7893,2.16667,4.975,0.00286673,-0.00167169,0.000694689,0.0033904691645436037
38.6577,2.5,4.94167,-0.00987721,-0.110377,-0.00241502,0.11084436714594252
38.7893,2.5,4.975,0.0024273,-0.0100237,0.000593021,0.010330441466193059
38.6577,2.83333,4.94167,-0.00841644,-0.14571,-0.00204407,0.14596718392994537
38.7893,2.83333,4.975,0.00188867,-0.021929,0.000461029,0.02201500995020763
38.6577,3.16667,4.94167,-0.00571076,-0.16484,-0.0012993,0.1649440103800911
38.7893,3.16667,4.975,0.00128852,-0.0283138,0.00031619,0.02834486779553752
38.6577,3.5,4.94167,-0.00346598,-0.174107,-0.000645824,0.17414269308529537
38.7893,3.5,4.975,0.000797251,-0.0342823,0.000197785,0.034292139352236774
38.6577,3.83333,4.94167,-0.000973457,-0.171501,2.62595e-05,0.17150376470821913
38.7893,3.83333,4.975,0.000363815,-0.035736,0.000107346,0.03573801310254868
38.6577,4.16667,4.94167,0.00149306,-0.159862,0.000663028,0.15987034708879688
38.7893,4.16667,4.975,-0.000221041,-0.0354166,-2.44001e-05,0.03541729817544756
38.6577,4.5,4.94167,0.0039001,-0.138785,0.00132634,0.13884612411877256
38.7893,4.5,4.975,-0.00063951,-0.0315909,-0.00011827,0.03159759363690533
38.6577,4.83333,4.94167,0.00570586,-0.111068,0.0018275,0.11122947998884829
38.7893,4.83333,4.975,-0.000935809,-0.0252858,-0.000183557,0.025303776660742364
38.6577,5.16667,4.94167,0.00681492,-0.078263,0.00214634,0.07858846657749469
38.7893,5.16667,4.975,-0.0011061,-0.0168576,-0.000220718,0.016895290805592073
38.6577,5.5,4.94167,0.00697037,-0.0429625,0.00218938,0.04357930528325687
38.7893,5.5,4.975,-0.00133208,-0.0076475,-0.000279738,0.007767686059892225
38.6577,5.83333,4.94167,0.00438099,-0.00800068,0.00148038,0.009240967416179973
38.7893,5.83333,4.975,-0.00102765,3.66475e-05,-0.000220006,0.0010515751051599928
38.6577,6.16667,4.94167,0.00469407,0.0152197,0.00159638,0.01600693569548213
38.7893,6.16667,4.975,-0.00107244,0.00194814,-0.000227985,0.002235476274404405
38.6577,6.5,4.94167,0.00753549,0.0526968,0.00236159,0.05328520852082874
38.7893,6.5,4.975,-0.00137787,0.0104791,-0.000288225,0.01057322733121373
38.6577,6.83333,4.94167,0.00713731,0.0892827,0.00222995,0.08959528107176516
38.7893,6.83333,4.975,-0.00111817,0.0205084,-0.000220293,0.020540041473053286
38.6577,7.16667,4.94167,0.00574302,0.12254,0.00183269,0.12268819271371022
38.7893,7.16667,4.975,-0.000957703,0.0291518,-0.000186975,0.029168126404121912
38.6577,7.5,4.94167,0.0037156,0.15,0.00127518,0.1500514304076852
38.7893,7.5,4.975,-0.000654524,0.0352285,-0.000120064,0.03523478436546295
38.6577,7.83333,4.94167,0.00119256,0.170178,0.000583468,0.17018317871711242
38.7893,7.83333,4.975,-0.000211957,0.0385696,-2.05182e-05,0.038570187851842005
38.6577,8.16667,4.94167,-0.00129447,0.180683,-5.85771e-05,0.180687646431231
38.7893,8.16667,4.975,0.000370155,0.0383997,0.000109654,0.038401640574508546
38.6577,8.5,4.94167,-0.00378729,0.181987,-0.000728872,0.18202786322136644
38.7893,8.5,4.975,0.000806518,0.0363746,0.000201686,0.03638409918751487
38.6577,8.83333,4.94167,-0.00605446,0.171463,-0.00138056,0.1715754143250285
38.7893,8.83333,4.975,0.0013252,0.0299567,0.00032655,0.029987775256469094
38.6577,9.16667,4.94167,-0.00868129,0.150938,-0.00210149,0.1512020532277396
38.7893,9.16667,4.975,0.00191702,0.0230773,0.00046899,0.023161534763277234
38.6577,9.5,4.94167,-0.0101207,0.114774,-0.00246427,0.11524570391612392
38.7893,9.5,4.975,0.00246964,0.0109405,0.000604196,0.0112320396538659
38.6577,9.83333,4.94167,-0.0110391,0.072052,-0.00262153,0.07293987148570322
38.7893,9.83333,4.975,0.00287263,0.00224287,0.000696205,0.0037104137715118783
38.6577,10.1667,4.94167,-0.00878702,0.013581,-0.00193251,0.016290791152688073
38.7893,10.1667,4.975,0.00240932,-0.010901,0.000588741,0.01117959032467116
38.6577,10.5,4.94167,0.00150874,-0.034072,0.000361784,0.03410730666661113
38.7893,10.5,4.975,-0.00185941,-0.0143233,-0.000444251,0.014450317899240176
38.6577,10.8333,4.94167,0.00474434,-0.0640965,0.000901488,0.06427816701571183
38.7893,10.8333,4.975,-0.00322429,-0.0156942,-0.000816543,0.016042777256913745
38.6577,11.1667,4.94167,-0.00130348,-0.0750277,-0.000200484,0.07503928985028213
38.7893,11.1667,4.975,0.000642092,-0.0162988,0.000169536,0.016312323747147736
38.6577,11.5,4.94167,-0.00127142,-0.0705862,-0.000180223,0.07059787971027266
38.7893,11.5,4.975,0.000375097,-0.0161969,0.00013021,0.01620176601526849
38.6577,11.8333,4.94167,0.0140507,-0.0616469,0.00385182,0.06334507847822433
38.7893,11.8333,4.975,-0.00268618,-0.0177622,-0.000603697,0.01797430838447502
38.6577,0.166667,4.94426,0.0141211,0.0623064,0.00370305,0.06399379286674997
38.7893,0.166667,4.97611,-0.00269404,0.0179478,-0.000578226,0.018158075935205138
38.6577,0.5,4.94426,-0.00129567,0.0711593,-0.000182813,0.07117132960562048
38.7893,0.5,4.97611,0.000332783,0.0163406,0.000113675,0.016344383588582163
38.6577,0.833333,4.94426,-0.00172634,0.0749057,-0.000285428,0.0749261343686486
38.7893,0.833333,4.97611,0.000812623,0.0162163,0.000203418,0.016237922302833357
38.6577,1.16667,4.94426,0.00450649,0.0643033,0.000809835,0.06446610485935476
38.7893,1.16667,4.97611,-0.00306311,0.0153613,-0.000743714,0.015681367640480087
38.6577,1.5,4.94426,0.00228382,0.0353154,0.000495967,0.03539264463440799
38.7893,1.5,4.97611,-0.00222626,0.0142719,-0.000511351,0.01445354084793069
38.6577,1.83333,4.94426,-0.00831083,-0.0100314,-0.0017465,0.013143406845217111
38.7893,1.83333,4.97611,0.00223043,0.0112227,0.00052227,0.011454107526464034
38.6577,2.16667,4.94426,-0.01077,-0.0682627,-0.00244175,0.06915020791257609
38.7893,2.16667,4.97611,0.00284028,-0.00167765,0.000657046,0.0033635412063799663
38.6577,2.5,4.94426,-0.0097995,-0.109721,-0.00228554,0.11018144913887092
38.7893,2.5,4.97611,0.00241694,-0.00994548,0.000563974,0.010250475016635863
38.6577,2.83333,4.94426,-0.00837334,-0.145001,-0.00193918,0.14525551019781657
38.7893,2.83333,4.97611,0.0018922,-0.0217622,0.000441289,0.02184876439667747
38.6577,3.16667,4.94426,-0.00569683,-0.164126,-0.00123306,0.16422946807748146
38.7893,3.16667,4.97611,0.00129913,-0.0280911,0.000304676,0.028122774852988388
38.6577,3.5,4.94426,-0.00347562,-0.173433,-0.000611811,0.1734689013514645
38.7893,3.5,4.97611,0.000812147,-0.0340184,0.00019267,0.03402863857162829
38.6577,3.83333,4.94426,-0.00100557,-0.170863,2.60378e-05,0.17086596096938655
38.7893,3.83333,4.97611,0.000377223,-0.0354591,0.00010633,0.03546126585544612
38.6577,4.16667,4.94426,0.00144069,-0.159319,0.000629873,0.15932675885949674
38.7893,4.16667,4.97611,-0.000209237,-0.0351355,-1.95578e-05,0.03513612845604521
38.6577,4.5,4.94426,0.00383267,-0.13834,0.00126156,0.13839883125576782
38.7893,4.5,4.97611,-0.000632156,-0.0313333,-0.000110079,0.03133986961499006
38.6577,4.83333,4.94426,0.00562759,-0.110718,0.00173918,0.11087456895194903
38.7893,4.83333,4.97611,-0.000932924,-0.0250727,-0.000173344,0.02509064926665135
38.6577,5.16667,4.94426,0.00672797,-0.0780053,0.00204282,0.07832155209112815
38.7893,5.16667,4.97611,-0.00110596,-0.0167076,-0.000209408,0.01674547392557356
38.6577,5.5,4.94426,0.00687786,-0.042809,0.00208264,0.0434079811618693
38.7893,5.5,4.97611,-0.00132993,-0.00757434,-0.000265402,0.007694789045978064
38.6577,5.83333,4.94426,0.00429849,-0.0079856,0.00140551,0.009177269855474448
38.7893,5.83333,4.97611,-0.00101835,3.22411e-05,-0.000207004,0.0010396763280200285
38.6577,6.16667,4.94426,0.00460702,0.0150075,0.00151633,0.01577177688782402
38.7893,6.16667,4.97611,-0.00106375,0.00189834,-0.000214683,0.0021866292800996243
38.6577,6.5,4.94426,0.00744142,0.052372,0.00224778,0.052945761214140644
38.7893,6.5,4.97611,-0.0013779,0.0103422,-0.000273923,0.010437180800385177
38.6577,6.83333,4.94426,0.00705165,0.0888778,0.00212336,0.08918238479796389
38.7893,6.83333,4.97611,-0.00111971,0.0202964,-0.000209275,0.020328339810956646
38.6577,7.16667,4.94426,0.00566606,0.122061,0.00174459,0.12220489168274608
38.7893,7.16667,4.97611,-0.000955049,0.0288817,-0.000176559,0.028898025651640666
38.6577,7.5,4.94426,0.00365021,0.149439,0.00121322,0.1494884967374162
38.7893,7.5,4.97611,-0.000646794,0.0349211,-0.000111607,0.03492726762589488
38.6577,7.83333,4.94426,0.00114298,0.169533,0.00055459,0.16953775998976894
38.7893,7.83333,4.97611,-0.00019985,0.0382488,-1.56955e-05,0.03824932532491547
38.6577,8.16667,4.94426,-0.00132348,0.179957,-5.42538e-05,0.1799618748284903
38.7893,8.16667,4.97611,0.000384035,0.0380909,0.000108698,0.03809299096876522
38.6577,8.5,4.94426,-0.00379421,0.181238,-0.000690435,0.18127902629375892
38.7893,8.5,4.97611,0.0008219,0.036088,0.000196567,0.036097893320739496
38.6577,8.83333,4.94426,-0.00603736,0.170687,-0.00130971,0.17079876177845582
38.7893,8.83333,4.97611,0.00133601,0.0297189,0.000314656,0.029750578957869644
38.6577,9.16667,4.94426,-0.00863526,0.150185,-0.00199303,0.1504462498995854
38.7893,9.16667,4.97611,0.00192061,0.0229032,0.00044893,0.022987971880028907
38.6577,9.5,4.94426,-0.0100405,0.11409,-0.00233166,0.11455468728343507
38.7893,9.5,4.97611,0.00245918,0.0108598,0.000574639,0.011149575431052116
38.6577,9.83333,4.94426,-0.0109239,0.0715713,-0.00247179,0.07244233790197621
38.7893,9.83333,4.97611,0.00284667,0.00225088,0.000658613,0.003688327798212762
38.6577,10.1667,4.94426,-0.00866966,0.01345,-0.00181048,0.016104140534222867
38.7893,10.1667,4.97611,0.00237269,-0.010791,0.000553454,0.011062624018116859
38.6577,10.5,4.94426,0.00154052,-0.0337553,0.000354906,0.033792298504677604
38.7893,10.5,4.97611,-0.00188219,-0.0141637,-0.000429562,0.014294668950274574
38.6577,10.8333,4.94426,0.00473665,-0.0637184,0.000853868,0.06389991738917918
38.7893,10.8333,4.97611,-0.00321765,-0.0155498,-0.000778871,0.01589830782181365
38.6577,11.1667,4.94426,-0.00131079,-0.0745804,-0.000190408,0.07459216104786456
38.7893,11.1667,4.97611,0.000649721,-0.0161438,0.000163788,0.016157699165623336
38.6577,11.5,4.94426,-0.00132092,-0.0701852,-0.000182094,0.07019786525893246
38.7893,11.5,4.97611,0.000389532,-0.0160311,0.000128542,0.016036347010300944
38.6577,11.8333,4.94426,0.0138928,-0.0615116,0.00364788,0.06316639814723014
38.7893,11.8333,4.97611,-0.00267355,-0.017617,-0.0005726,0.01782791152554051
38.6577,0.166667,4.94685,0.0139699,0.0621807,0.00350092,0.06382674987296784
38.7893,0.166667,4.97722,-0.00268174,0.0178068,-0.000547422,0.018015924248111284
38.6577,0.5,4.94685,-0.0013409,0.0707761,-0.000183054,0.07078903765970347
38.7893,0.5,4.97722,0.000346886,0.0161802,0.000112187,0.016184306839032835
38.6577,0.833333,4.94685,-0.00173095,0.0744852,-0.000270522,0.07450580104324081
38.7893,0.833333,4.97722,0.000819866,0.0160709,0.000195591,0.01609298800432154
38.6577,1.16667,4.94685,0.00449992,0.0639558,0.000765722,0.0641184837923331
38.7893,1.16667,4.97722,-0.00305601,0.0152296,-0.000707733,0.015549302211976876
38.6577,1.5,4.94685,0.00231141,0.0350281,0.000479816,0.035107558006673666
38.7893,1.5,4.97722,-0.00224725,0.0141234,-0.000491995,0.014309528965082148
38.6577,1.83333,4.94685,-0.00820243,-0.00991898,-0.00163359,0.01297438393271141
38.7893,1.83333,4.97722,0.00219543,0.0111196,0.000489756,0.011344834859284466
38.6577,2.16667,4.94685,-0.0106598,-0.0678122,-0.00229794,0.06868337741494371
38.7893,2.16667,4.97722,0.0028143,-0.00168403,0.00062017,0.003337791539296605
38.6577,2.5,4.94685,-0.00972419,-0.109087,-0.00215876,0.109540831131107
38.7893,2.5,4.97722,0.00240641,-0.00987074,0.000535157,0.010173923051131701
38.6577,2.83333,4.94685,-0.00833135,-0.144314,-0.00183593,0.14456594560195496
38.7893,2.83333,4.97722,0.00189513,-0.0216017,0.000421353,0.021688764348332733
38.6577,3.16667,4.94685,-0.00568307,-0.163432,-0.00116777,0.16353494915582356
38.7893,3.16667,4.97722,0.00130904,-0.0278765,0.000292773,0.027908754074682893
38.6577,3.5,4.94685,-0.00348474,-0.172778,-0.000578358,0.1728141058908206
38.7893,3.5,4.97722,0.00082634,-0.0337639,0.000187055,0.03377452842866388
38.6577,3.83333,4.94685,-0.00103655,-0.170241,2.5777e-05,0.1702441575542498
38.7893,3.83333,4.97722,0.000390099,-0.0351919,0.000104829,0.03519421816092868
38.6577,4.16667,4.94685,0.00138991,-0.15879,0.00059721,0.1587972059250168
38.7893,4.16667,4.97722,-0.000197788,-0.0348643,-1.51757e-05,0.03486486433194333
38.6577,4.5,4.94685,0.00376716,-0.137906,0.00119751,0.13796264117747856
38.7893,4.5,4.97722,-0.000624887,-0.0310846,-0.000102219,0.031091048384490512
38.6577,4.83333,4.94685,0.00555147,-0.110376,0.00165171,0.11052786228406393
38.7893,4.83333,4.97722,-0.00092987,-0.0248671,-0.00016333,0.02488501551769257
38.6577,5.16667,4.94685,0.00664344,-0.0777533,0.00194028,0.07806071766517395
38.7893,5.16667,4.97722,-0.00110549,-0.016563,-0.000198214,0.016601035086099183
38.6577,5.5,4.94685,0.00678802,-0.0426586,0.00197706,0.043240514979865814
38.7893,5.5,4.97722,-0.00132747,-0.00750388,-0.000251222,0.007624533044625356
38.6577,5.83333,4.94685,0.00421873,-0.00797036,0.00133181,0.00911581259233646
38.7893,5.83333,4.97722,-0.00100913,2.79359e-05,-0.000194357,0.0010280556477437444
38.6577,6.16667,4.94685,0.00452278,0.0148021,0.00143745,0.015544258291758407
38.7893,6.16667,4.97722,-0.00105508,0.00185072,-0.00020172,0.0021398713239818884
38.6577,6.5,4.94685,0.00734988,0.0520561,0.00213501,0.052615744325482085
38.7893,6.5,4.97722,-0.0013775,0.0102106,-0.000259717,0.010306372374899377
38.6577,6.83333,4.94685,0.00696816,0.0884837,0.00201763,0.08878057924057772
38.7893,6.83333,4.97722,-0.00112086,0.0200921,-0.000198335,0.020124317288341114
38.6577,7.16667,4.94685,0.00559106,0.121594,0.00165727,0.12173375592569424
38.7893,7.16667,4.97722,-0.000952221,0.0286212,-0.000166347,0.028637518844991616
38.6577,7.5,4.94685,0.00358656,0.148893,0.0011519,0.14894064500747806
38.7893,7.5,4.97722,-0.000639175,0.0346244,-0.000103506,0.03463045384531743
38.6577,7.83333,4.94685,0.00109482,0.168905,0.0005261,0.16890936752306665
38.7893,7.83333,4.97722,-0.00018812,0.0379392,-1.13535e-05,0.037939668088642554
38.6577,8.16667,4.94685,-0.00135152,0.179249,-5.00729e-05,0.17925410208585385
38.7893,8.16667,4.97722,0.000397356,0.0377929,0.000107233,0.03779514097231316
38.6577,8.5,4.94685,-0.00380072,0.180508,-0.000652652,0.1805491885640905
38.7893,8.5,4.97722,0.000836547,0.0358116,0.000190922,0.0358218781843344
38.6577,8.83333,4.94685,-0.00602055,0.169934,-0.00123993,0.17004513755090853
38.7893,8.83333,4.97722,0.00134609,0.0294897,0.000302361,0.029521954314584615
38.6577,9.16667,4.94685,-0.00859045,0.149455,-0.00188634,0.1497135636300135
38.7893,9.16667,4.97722,0.00192358,0.0227357,0.000428671,0.022820954698097997
38.6577,9.5,4.94685,-0.0099628,0.113428,-0.00220186,0.11388598138181714
38.7893,9.5,4.97722,0.00244854,0.0107825,0.000545314,0.011070457160397488
38.6577,9.83333,4.94685,-0.0108127,0.0711074,-0.00232624,0.07196240830174877
38.7893,9.83333,4.97722,0.00282117,0.00225905,0.000621772,0.0036672752134771667
38.6577,10.1667,4.94685,-0.00855689,0.0133245,-0.00169314,0.015925746129513054
38.7893,10.1667,4.97722,0.0023372,-0.0106844,0.0005193,0.010949364350956635
38.6577,10.5,4.94685,0.0015704,-0.033449,0.000346749,0.033487639391706917
38.7893,10.5,4.97722,-0.00190357,-0.0140098,-0.000414106,0.014144594676558816
38.6577,10.8333,4.94685,0.00472872,-0.063352,0.00080718,0.06353336317550647
38.7893,10.8333,4.97722,-0.00321072,-0.0154105,-0.000741264,0.015758861173514285
38.6577,11.1667,4.94685,-0.00131737,-0.0741468,-0.0001804,0.07415872138944211
38.7893,11.1667,4.97722,0.000657065,-0.0159946,0.000157802,0.016008868324945053
38.6577,11.5,4.94685,-0.0013678,-0.0697955,-0.000182589,0.06980914005939996
38.7893,11.5,4.97722,0.000403353,-0.0158715,0.000126315,0.01587712698733099
38.6577,11.8333,4.94685,0.0137409,-0.0613789,0.0034481,0.06299262727994444
38.7893,11.8333,4.97722,-0.0026608,-0.0174768,-0.000541944,0.017686494796288383
38.6577,0.166667,4.94944,0.0138246,0.0620577,0.00330275,0.06366463580365869
38.7893,0.166667,4.97833,-0.00266938,0.0176709,-0.000517047,0.01787885997469103
38.6577,0.5,4.94944,-0.0013837,0.0704044,-0.000182037,0.07041823132200474
38.7893,0.5,4.97833,0.00036038,0.016026,0.000110162,0.016030429982088566
38.6577,0.833333,4.94944,-0.00173497,0.0740782,-0.00025577,0.07409895582552968
38.7893,0.833333,4.97833,0.000826804,0.0159311,0.00018753,0.01595364283056744
38.6577,1.16667,4.94944,0.00449312,0.0636196,0.000722448,0.0637821570865011
38.7893,1.16667,4.97833,-0.00304872,0.0151028,-0.000671848,0.015422082907749653
38.6577,1.5,4.94944,0.00233724,0.0347502,0.000462647,0.034831783375305514
38.7893,1.5,4.97833,-0.00226689,0.0139803,-0.000471934,0.014170755098527953
38.6577,1.83333,4.94944,-0.0080985,-0.00981204,-0.001525,0.012813565320066075
38.7893,1.83333,4.97833,0.00216159,0.0110197,0.000458314,0.011239052946787642
38.6577,2.16667,4.94944,-0.0105537,-0.0673786,-0.00215813,0.06823425713486518
38.7893,2.16667,4.97833,0.00278884,-0.00169076,0.00058405,0.0033132178204428393
38.6577,2.5,4.94944,-0.00965137,-0.108474,-0.00203461,0.10892151879554839
38.7893,2.5,4.97833,0.00239578,-0.00979945,0.000506587,0.010100772866442894
38.6577,2.83333,4.94944,-0.00829055,-0.143649,-0.00173429,0.1438984926331982
38.7893,2.83333,4.97833,0.0018975,-0.0214476,0.000401252,0.021535112146852265
38.6577,3.16667,4.94944,-0.00566954,-0.16276,-0.00110343,0.16286245375032424
38.7893,3.16667,4.97833,0.00131828,-0.0276701,0.00028051,0.027702905660390572
38.6577,3.5,4.94944,-0.00349336,-0.172141,-0.000545473,0.17217730682608356
38.7893,3.5,4.97833,0.000839847,-0.033519,0.000180964,0.03353000823072826
38.6577,3.83333,4.94944,-0.00106639,-0.169636,2.54607e-05,0.16963935372394975
38.7893,3.83333,4.97833,0.000402449,-0.0349345,0.000102861,0.03493696947121948
38.6577,4.16667,4.94944,0.00134079,-0.158275,0.000565016,0.158281687462272
38.7893,4.16667,4.97833,-0.000186703,-0.034603,-1.12399e-05,0.03460350550660382
38.6577,4.5,4.94944,0.00370368,-0.137483,0.00113415,0.13753755425615544
38.7893,4.5,4.97833,-0.000617722,-0.0308451,-9.46862e-05,0.030851430112002174
38.6577,4.83333,4.94944,0.00547766,-0.110043,0.00156509,0.11019036307583209
38.7893,4.83333,4.97833,-0.000926675,-0.024669,-0.000153521,0.024686876194712565
38.6577,5.16667,4.94944,0.00656148,-0.0775074,0.0018387,0.07780636794145065
38.7893,5.16667,4.97833,-0.00110473,-0.0164237,-0.000187147,0.01646187638340505
38.6577,5.5,4.94944,0.00670101,-0.0425116,0.00187259,0.043077212803153825
38.7893,5.5,4.97833,-0.00132474,-0.00743613,-0.000237212,0.007556932908094659
38.6577,5.83333,4.94944,0.00414178,-0.00795505,0.00125924,0.009056646589577182
38.7893,5.83333,4.97833,-0.00100001,2.37367e-05,-0.000182062,0.0010167251363426056
38.6577,6.16667,4.94944,0.00444144,0.0146035,0.00135967,0.015324402240625897
38.7893,6.16667,4.97833,-0.00104647,0.00180526,-0.000189097,0.002095189920725326
38.6577,6.5,4.94944,0.00726102,0.0517496,0.00202327,0.052295670309245486
38.7893,6.5,4.97833,-0.00137673,0.0100843,-0.000245623,0.010180806581063653
38.6577,6.83333,4.94944,0.00688702,0.0881008,0.00191277,0.08839027488470268
38.7893,6.83333,4.97833,-0.00112165,0.0198957,-0.000187487,0.019928174241201045
38.6577,7.16667,4.94944,0.00551816,0.12114,0.00157071,0.12127578826661858
38.7893,7.16667,4.97833,-0.000949247,0.0283705,-0.000156346,0.02838680651620969
38.6577,7.5,4.94944,0.00352476,0.148361,0.0010912,0.1484068764292868
38.7893,7.5,4.97833,-0.000631684,0.0343386,-9.57562e-05,0.03434454314568319
38.6577,7.83333,4.94944,0.00104815,0.168294,0.000497983,0.16829800070556628
38.7893,7.83333,4.97833,-0.000176774,0.037641,-7.47733e-06,0.03764141583359399
38.6577,8.16667,4.94944,-0.00137857,0.178562,-4.60454e-05,0.17856732741300624
38.7893,8.16667,4.97833,0.000410121,0.037506,0.000105282,0.03750838998856342
38.6577,8.5,4.94944,-0.00380686,0.179801,-0.000615527,0.1798423494551473
38.7893,8.5,4.97833,0.000850478,0.0355455,0.00018478,0.035556153148602616
38.6577,8.83333,4.94944,-0.00600409,0.169205,-0.00117123,0.16931554240955257
38.7893,8.83333,4.97833,0.00135549,0.0292692,0.000289694,0.02930200239563392
38.6577,9.16667,4.94944,-0.00854694,0.148748,-0.00178139,0.14900399671718775
38.7893,9.16667,4.97833,0.001926,0.0225746,0.00040824,0.022660289077096964
38.6577,9.5,4.94944,-0.00988766,0.112788,-0.00207481,0.11323958495513704
38.7893,9.5,4.97833,0.0024378,0.0107086,0.000516235,0.010994702423222969
38.6577,9.83333,4.94944,-0.0107055,0.0706604,-0.00218473,0.071500160164736
38.7893,9.83333,4.97833,0.00279616,0.00226735,0.000585672,0.003647245324856007
38.6577,10.1667,4.94944,-0.0084487,0.0132044,-0.00158031,0.015755446383587488
38.7893,10.1667,4.97833,0.00230288,-0.0105813,0.00048624,0.010839907532908203
38.6577,10.5,4.94944,0.00159849,-0.0331532,0.000337393,0.0331934281832496
38.7893,10.5,4.97833,-0.00192364,-0.0138616,-0.000397944,0.014000096600978723
38.6577,10.8333,4.94944,0.0047206,-0.0629978,0.000761398,0.0631790043931875
38.7893,10.8333,4.97833,-0.00320357,-0.0152766,-0.000703744,0.0156247439634202
38.6577,11.1667,4.94944,-0.00132328,-0.0737275,-0.000170478,0.07373957139119323
38.7893,11.1667,4.97833,0.000664123,-0.0158512,0.000151587,0.01586583056186149
38.6577,11.5,4.94944,-0.00141214,-0.0694177,-0.000181784,0.0694322998185445
38.7893,11.5,4.97833,0.000416567,-0.0157182,0.000123557,0.015724204451664257
38.6577,11.8333,4.94944,0.013595,-0.0612492,0.00325232,0.06282408862070663
38.7893,11.8333,4.97833,-0.002648,-0.0173416,-0.000511733,0.017550067385149522
38.6577,0.166667,4.95204,0.0136853,0.0619378,0.0031084,0.06350779995787918
38.7893,0.166667,4.97944,-0.00265698,0.0175401,-0.000487104,0.017746884826279116
38.6577,0.5,4.95204,-0.00142412,0.0700447,-0.000179834,0.07005940662132357
38.7893,0.5,4.97944,0.000373269,0.0158782,0.00010763,0.01588295152681834
38.6577,0.833333,4.95204,-0.00173844,0.0736853,-0.000241183,0.07370619905383188
38.7893,0.833333,4.97944,0.000833437,0.0157969,0.000179249,0.015819886126232703
38.6577,1.16667,4.95204,0.00448616,0.0632952,0.000679988,0.06345762647834965
38.7893,1.16667,4.97944,-0.0030413,0.0149809,-0.000636073,0.015299720891615277
38.6577,1.5,4.95204,0.00236143,0.0344822,0.000444532,0.034565822385470936
38.7893,1.5,4.97944,-0.00228525,0.0138427,-0.000451225,0.014037318648984392
38.6577,1.83333,4.95204,-0.00799898,-0.00971029,-0.00142052,0.012660619652880343
38.7893,1.83333,4.97944,0.00212892,0.0109232,0.000427903,0.01113695198803555
38.6577,2.16667,4.95204,-0.0104516,-0.066962,-0.00202217,0.06780290965783768
38.7893,2.16667,4.97944,0.00276395,-0.00169782,0.000548673,0.003289841092792933
38.6577,2.5,4.95204,-0.00958111,-0.107884,-0.001913,0.10832550343216549
38.7893,2.5,4.97944,0.00238508,-0.0097316,0.000478274,0.010031021442778197
38.6577,2.83333,4.95204,-0.00825099,-0.143007,-0.00163424,0.14325415046468182
38.7893,2.83333,4.97944,0.00189937,-0.0212999,0.000381011,0.0213878123189124
38.6577,3.16667,4.95204,-0.00565628,-0.162109,-0.00104003,0.16221098312641874
38.7893,3.16667,4.97944,0.00132689,-0.0274721,0.000267915,0.02750543026257406
38.6577,3.5,4.95204,-0.0035015,-0.171525,-0.000513157,0.17156150342473878
38.7893,3.5,4.97944,0.000852682,-0.0332836,0.000174425,0.0332949773935011
38.6577,3.83333,4.95204,-0.00109506,-0.169049,2.50743e-05,0.16905254859399227
38.7893,3.83333,4.97944,0.000414276,-0.0346873,0.000100449,0.03468991922584682
38.6577,4.16667,4.95204,0.0012934,-0.157775,0.00053327,0.15778120257322448
38.7893,4.16667,4.97944,-0.000175987,-0.0343518,-7.73609e-06,0.03435225166581163
38.6577,4.5,4.95204,0.00364232,-0.137071,0.00107148,0.13712357056820246
38.7893,4.5,4.97944,-0.000610678,-0.0306149,-8.74763e-05,0.030621114965538824
38.6577,4.83333,4.95204,0.00540625,-0.109718,0.00147928,0.10986107287106246
38.7893,4.83333,4.97944,-0.000923364,-0.0244787,-0.00014392,0.024496531749063907
38.6577,5.16667,4.95204,0.00648221,-0.0772681,0.00173806,0.0775590044846999
38.7893,5.16667,4.97944,-0.0011037,-0.01629,-0.000176218,0.016328297721242224
38.6577,5.5,4.95204,0.00661694,-0.0423684,0.00176922,0.042918473329465016
38.7893,5.5,4.97944,-0.00132178,-0.00737114,-0.000223382,0.007492042898030149
38.6577,5.83333,4.95204,0.00406772,-0.00793974,0.00118774,0.008999807974262563
38.7893,5.83333,4.97944,-0.000991026,1.96478e-05,-0.000170118,0.0010057130319553586
38.6577,6.16667,4.95204,0.00436309,0.0144121,0.00128297,0.015112617006296429
38.7893,6.16667,4.97944,-0.00103794,0.00176194,-0.000176813,0.0020525629939587725
38.6577,6.5,4.95204,0.007175,0.0514529,0.00191254,0.05198595341687599
38.7893,6.5,4.97944,-0.00137564,0.00996341,-0.000231655,0.010060595821159153
38.6577,6.83333,4.95204,0.00680838,0.0877297,0.00180875,0.0880120780170364
38.7893,6.83333,4.97944,-0.00112211,0.0197071,-0.000176743,0.019739811532792025
38.6577,7.16667,4.95204,0.00544751,0.120699,0.00148491,0.12083099322569603
38.7893,7.16667,4.97944,-0.000946151,0.0281296,-0.000146558,0.028145889169151596
38.6577,7.5,4.95204,0.00346492,0.147846,0.00103111,0.14789019093380906
38.7893,7.5,4.97944,-0.000624336,0.034064,-8.83511e-05,0.03406983559334807
38.6577,7.83333,4.95204,0.00100304,0.167702,0.000470221,0.16770565882232608
38.7893,7.83333,4.97944,-0.000165817,0.0373543,-4.05166e-06,0.03735466825155107
38.6577,8.16667,4.95204,-0.00140461,0.177897,-4.21808e-05,0.17790255005893532
38.7893,8.16667,4.97944,0.000422337,0.0372302,0.000102865,0.037232737500616224
38.6577,8.5,4.95204,-0.00381263,0.179117,-0.000579057,0.17915850843185246
38.7893,8.5,4.97944,0.00086371,0.0352898,0.000178168,0.035300817594502314
38.6577,8.83333,4.95204,-0.00598803,0.168499,-0.00110358,0.16860897779506673
38.7893,8.83333,4.97944,0.00136425,0.0290576,0.000276684,0.0290909238398913
38.6577,9.16667,4.95204,-0.00850479,0.148065,-0.00167815,0.1483185486221012
38.7893,9.16667,4.97944,0.0019279,0.0224201,0.000387665,0.022506176187265237
38.6577,9.5,4.95204,-0.00981517,0.112171,-0.00195042,0.11261649497877876
38.7893,9.5,4.97944,0.002427,0.0106381,0.000487415,0.010922319991294203
38.6577,9.83333,4.95204,-0.0106025,0.0702305,-0.00204712,0.07105580086660343
38.7893,9.83333,4.97944,0.0027717,0.00227577,0.000550301,0.0036282614532997756
38.6577,10.1667,4.95204,-0.00834505,0.0130895,-0.00147177,0.015592978441766667
38.7893,10.1667,4.97944,0.00226972,-0.0104818,0.000454231,0.01073434142925224
38.6577,10.5,4.95204,0.00162492,-0.0328685,0.000326915,0.03291026482229557
38.7893,10.5,4.97944,-0.00194246,-0.0137193,-0.00038113,0.013861370906894455
38.6577,10.8333,4.95204,0.00471233,-0.0626563,0.000716497,0.0628373404248613
38.7893,10.8333,4.97944,-0.00319625,-0.0151479,-0.000666327,0.015495769749948823
38.6577,11.1667,4.95204,-0.00132857,-0.0733228,-0.000160656,0.07333501147770576
38.7893,11.1667,4.97944,0.000670895,-0.0157136,0.000145156,0.015728585293196623
38.6577,11.5,4.95204,-0.00145399,-0.0690523,-0.000179757,0.06906784009066122
38.7893,11.5,4.97944,0.000429182,-0.0155712,0.000120295,0.015577578037556062
38.6577,11.8333,4.95204,0.0134552,-0.0611229,0.00306039,0.06266113068244221
38.7893,11.8333,4.97944,-0.0026352,-0.0172117,-0.000481969,0.017418931943347187
38.6577,0.166667,4.95463,0.013552,0.0618214,0.00291771,0.06335657214215507
38.7893,0.166667,4.98056,-0.00264462,0.0174146,-0.000457591,0.017620207082428996
38.6577,0.5,4.95463,-0.00146222,0.0696975,-0.000176513,0.06971306011370874
38.7893,0.5,4.98056,0.000385562,0.0157367,0.000104617,0.015741770220103358
38.6577,0.833333,4.95463,-0.00174141,0.0733069,-0.000226769,0.07332793138073282
38.7893,0.833333,4.98056,0.000839767,0.0156683,0.00017076,0.015691717320991002
38.6577,1.16667,4.95463,0.00447907,0.062983,0.000638314,0.06314529120866809
38.7893,1.16667,4.98056,-0.00303381,0.0148641,-0.000600422,0.015182423340961877
38.6577,1.5,4.95463,0.00238411,0.0342245,0.00042554,0.03431007818460489
38.7893,1.5,4.98056,-0.0023024,0.0137107,-0.000429923,0.01390931968271378
38.6577,1.83333,4.95463,-0.00790385,-0.00961352,-0.00131997,0.01251530792325143
38.7893,1.83333,4.98056,0.0020974,0.0108301,0.000398481,0.011038520728673793
38.6577,2.16667,4.95463,-0.0103537,-0.0665625,-0.00188991,0.06738944479477553
38.7893,2.16667,4.98056,0.00273966,-0.00170513,0.000514024,0.003267633073812909
38.6577,2.5,4.95463,-0.00951349,-0.107316,-0.00179386,0.10775179015533663
38.7893,2.5,4.98056,0.0023744,-0.00966716,0.000450229,0.009964660755792994
38.6577,2.83333,4.95463,-0.00821277,-0.142389,-0.00153574,0.14263392096349486
38.7893,2.83333,4.98056,0.00190078,-0.0211587,0.000360656,0.02124696738475249
38.6577,3.16667,4.95463,-0.00564334,-0.161482,-0.000977551,0.16158353634053563
38.7893,3.16667,4.98056,0.00133489,-0.0272826,0.000255014,0.027316427771806037
38.6577,3.5,4.95463,-0.00350918,-0.17093,-0.000481412,0.1709666955924052
38.7893,3.5,4.98056,0.000864862,-0.0330581,0.000167462,0.033069835279458046
38.6577,3.83333,4.95463,-0.00112255,-0.168482,2.46052e-05,0.16848574137866493
38.7893,3.83333,4.98056,0.000425583,-0.0344501,9.76107e-05,0.034452866916247236
38.6577,4.16667,4.95463,0.00124779,-0.15729,0.00050195,0.157295750208601
38.7893,4.16667,4.98056,-0.00016565,-0.0341109,-4.64924e-06,0.03411130253080249
38.6577,4.5,4.95463,0.00358318,-0.136673,0.00100946,0.13672368894015402
38.7893,4.5,4.98056,-0.000603773,-0.030394,-8.05832e-05,0.030400103149292954
38.6577,4.83333,4.95463,0.00533738,-0.109404,0.00139427,0.10954299078488455
38.7893,4.83333,4.98056,-0.000919966,-0.0242961,-0.000134532,0.02431388310225621
38.6577,5.16667,4.95463,0.00640578,-0.0770361,0.00163832,0.07731933013833474
38.7893,5.16667,4.98056,-0.00110245,-0.0161618,-0.000165434,0.016200201963273667
38.6577,5.5,4.95463,0.00653595,-0.0422294,0.0016669,0.042764698319671335
38.7893,5.5,4.98056,-0.00131864,-0.00730894,-0.000209739,0.007429899448937448
38.6577,5.83333,4.95463,0.00399661,-0.00792452,0.00111728,0.008945346461758761
38.7893,5.83333,4.98056,-0.000982201,1.56738e-05,-0.000158518,0.0009950338832077229
38.6577,6.16667,4.95463,0.0042878,0.0142278,0.0012073,0.01490882607618722
38.7893,6.16667,4.98056,-0.00102953,0.00172071,-0.000164866,0.002011953210926139
38.6577,6.5,4.95463,0.00709198,0.0511664,0.00180278,0.05168700692639109
38.7893,6.5,4.98056,-0.00137425,0.00984782,-0.000217826,0.00994563069800885
38.6577,6.83333,4.95463,0.00673239,0.0873711,0.00170555,0.08764669469594731
38.7893,6.83333,4.98056,-0.00112228,0.0195266,-0.000166112,0.01955952998297618
38.6577,7.16667,4.95463,0.00537924,0.120273,0.00139984,0.12040137168655182
38.7893,7.16667,4.98056,-0.000942961,0.0278987,-0.000136988,0.027914967362504026
38.6577,7.5,4.95463,0.00340715,0.147347,0.000971618,0.14738958959729967
38.7893,7.5,4.98056,-0.000617148,0.0338007,-8.12837e-05,0.03380643132872486
38.6577,7.83333,4.95463,0.000959567,0.167129,0.0004428,0.16713234121996703
38.7893,7.83333,4.98056,-0.000155255,0.0370793,-1.06067e-06,0.03707962504840153
38.6577,8.16667,4.95463,-0.00142961,0.177254,-3.84867e-05,0.17725976921450104
38.7893,8.16667,4.98056,0.000434008,0.0369658,0.000100004,0.036968482973799184
38.6577,8.5,4.95463,-0.00381805,0.178456,-0.000543239,0.1784976653920539
38.7893,8.5,4.98056,0.00087626,0.0350448,0.000171111,0.03505617089189749
38.6577,8.83333,4.95463,-0.0059724,0.167819,-0.00103696,0.16792844192929796
38.7893,8.83333,4.98056,0.00137238,0.0288549,0.000263359,0.028888718193046933
38.6577,9.16667,4.95463,-0.00846407,0.147408,-0.00157657,0.14765921751766736
38.7893,9.16667,4.98056,0.00192935,0.0222723,0.000366971,0.02235872103737915
38.6577,9.5,4.95463,-0.0097454,0.111578,-0.0018286,0.11201770700706205
38.7893,9.5,4.98056,0.00241621,0.0105711,0.000458863,0.010853422558201124
38.6577,9.83333,4.95463,-0.0105037,0.0698181,-0.00191326,0.07062970596801037
38.7893,9.83333,4.98056,0.00274783,0.00228429,0.000515645,0.0036103241238183864
38.6577,10.1667,4.95463,-0.00824593,0.0129797,-0.00136734,0.015438186173592416
38.7893,10.1667,4.98056,0.00223772,-0.010386,0.000423233,0.010632756602626104
38.6577,10.5,4.95463,0.00164979,-0.0325951,0.000315387,0.03263834891678605
38.7893,10.5,4.98056,-0.00196011,-0.0135828,-0.000363716,0.01372832023157808
38.6577,10.8333,4.95463,0.00470397,-0.0623279,0.000672447,0.06250877248145822
38.7893,10.8333,4.98056,-0.0031888,-0.0150245,-0.000629029,0.015372043558773862
38.6577,11.1667,4.95463,-0.00133328,-0.0729333,-0.000150948,0.07294564188316602
38.7893,11.1667,4.98056,0.000677378,-0.0155819,0.000138519,0.015597231679956702
38.6577,11.5,4.95463,-0.00149343,-0.0686997,-0.00017658,0.06871615744314652
38.7893,11.5,4.98056,0.000441204,-0.0154305,0.000116556,0.015437246403447475
38.6577,11.8333,4.95463,0.0133215,-0.0610004,0.00287215,0.06250408313088435
38.7893,11.8333,4.98056,-0.00262244,-0.0170869,-0.000452652,0.017292895564268697
38.6577,0.166667,4.95722,0.0134249,0.0617089,0.00273053,0.06321132867849638
38.7893,0.166667,4.98167,-0.00263233,0.0172945,-0.000428508,0.017498928841073787
38.6577,0.5,4.95722,-0.00149806,0.0693633,-0.000172143,0.06937968869824979
38.7893,0.5,4.98167,0.000397265,0.0156015,0.000101149,0.015606884790067043
38.6577,0.833333,4.95722,-0.00174393,0.0729435,-0.000212536,0.07296465346759481
38.7893,0.833333,4.98167,0.000845793,0.0155455,0.000162074,0.015569335375356427
38.6577,1.16667,4.95722,0.00447188,0.0626834,0.000597397,0.06284555059405565
38.7893,1.16667,4.98167,-0.00302627,0.0147523,-0.000564906,0.01507009569285265
38.6577,1.5,4.95722,0.00240539,0.0339775,0.000405733,0.03406495305397307
38.7893,1.5,4.98167,-0.00231843,0.0135844,-0.000408079,0.01378686220628686
38.6577,1.83333,4.95722,-0.00781307,-0.00952151,-0.00122316,0.012377371929880754
38.7893,1.83333,4.98167,0.00206705,0.0107406,0.000370005,0.010943952108928703
38.6577,2.16667,4.95722,-0.01026,-0.0661803,-0.0017612,0.06699404103000506
38.7893,2.16667,4.98167,0.00271603,-0.00171265,0.000480087,0.003246609386878717
38.6577,2.5,4.95722,-0.00944856,-0.106772,-0.0016771,0.10720236907122715
38.7893,2.5,4.98167,0.00236376,-0.00960611,0.000422457,0.009901675645391995
38.6577,2.83333,4.95722,-0.00817594,-0.141795,-0.00143875,0.14203780490223755
38.7893,2.83333,4.98167,0.00190179,-0.021024,0.000340208,0.02111258209427175
38.6577,3.16667,4.95722,-0.00563076,-0.160879,-0.00091598,0.1609801140468536
38.7893,3.16667,4.98167,0.00134233,-0.0271015,0.000241831,0.02713579986496549
38.6577,3.5,4.95722,-0.00351643,-0.170358,-0.000450232,0.170394883000631
38.7893,3.5,4.98167,0.000876402,-0.0328425,0.000160099,0.03285458139141944
38.6577,3.83333,4.95722,-0.00114884,-0.167935,2.40423e-05,0.16793893127079793
38.7893,3.83333,4.98167,0.000436374,-0.0342233,9.43679e-05,0.03422621203782893
38.6577,4.16667,4.95722,0.00120401,-0.156823,0.000471032,0.15682832920179032
38.7893,4.16667,4.98167,-0.000155696,-0.0338804,-1.96393e-06,0.03388075780234907
38.6577,4.5,4.95722,0.00352634,-0.136288,0.000948079,0.13633690942509236
38.7893,4.5,4.98167,-0.000597024,-0.0301826,-7.40001e-05,0.03018859480716809
38.6577,4.83333,4.95722,0.00527116,-0.1091,0.00131003,0.10923511938175606
38.7893,4.83333,4.98167,-0.000916507,-0.0241215,-0.000125356,0.02413923075530339
38.6577,5.16667,4.95722,0.0063323,-0.0768117,0.00153946,0.0770876463337129
38.7893,5.16667,4.98167,-0.00110099,-0.0160393,-0.000154801,0.01607778861721042
38.6577,5.5,4.95722,0.00645815,-0.0420948,0.00156561,0.042616088782695676
38.7893,5.5,4.98167,-0.00131534,-0.00724953,-0.00019629,0.007370504345063505
38.6577,5.83333,4.95722,0.00392852,-0.00790947,0.0010478,0.008893304780074726
38.7893,5.83333,4.98167,-0.000973559,1.18189e-05,-0.000147258,0.000984703880078783
38.6577,6.16667,4.95722,0.00421564,0.0140508,0.00113261,0.014713239162798245
38.7893,6.16667,4.98167,-0.00102126,0.00168155,-0.000153251,0.001973339367443167
38.6577,6.5,4.95722,0.00701209,0.0508903,0.00169397,0.051399042545742034
38.7893,6.5,4.98167,-0.00137261,0.00973756,-0.000204145,0.009835944700267737
38.6577,6.83333,4.95722,0.00665921,0.0870253,0.00160317,0.08729443322436431
38.7893,6.83333,4.98167,-0.00112219,0.019354,-0.000155602,0.019387130741254727
38.6577,7.16667,4.95722,0.00531349,0.119863,0.0013155,0.11998792641441096
38.7893,7.16667,4.98167,-0.000939702,0.0276779,-0.000127636,0.027694141604449485
38.6577,7.5,4.95722,0.00335155,0.146866,0.000912694,0.14690707217060767
38.7893,7.5,4.98167,-0.000610135,0.0335487,-7.45461e-05,0.03355433047356556
38.6577,7.83333,4.95722,0.000917782,0.166577,0.000415702,0.16658004700729415
38.7893,7.83333,4.98167,-0.000145094,0.0368162,1.51213e-06,0.036816485940341634
38.6577,8.16667,4.95722,-0.00145355,0.176634,-3.49693e-05,0.17663998411020776
38.7893,8.16667,4.98167,0.00044514,0.0367129,9.67211e-05,0.03671572593590906
38.6577,8.5,4.95722,-0.00382315,0.177821,-0.000508064,0.17786281974024418
38.7893,8.5,4.98167,0.000888145,0.0348104,0.000163637,0.03482211261208593
38.6577,8.83333,4.95722,-0.00595725,0.167165,-0.000971364,0.16727393580765354
38.7893,8.83333,4.98167,0.00137994,0.0286612,0.000249743,0.02869548730043888
38.6577,9.16667,4.95722,-0.00842486,0.146777,-0.0014766,0.14702600566763555
38.7893,9.16667,4.98167,0.00193038,0.0221312,0.000346179,0.022217925652149462
38.6577,9.5,4.95722,-0.00967842,0.111009,-0.00170927,0.11144322096309538
38.7893,9.5,4.98167,0.00240546,0.0105074,0.000430586,0.010787821692769862
38.6577,9.83333,4.95722,-0.010409,0.0694233,-0.00178298,0.07022194017235923
38.7893,9.83333,4.98167,0.00272459,0.00229287,0.000481687,0.003593419801660947
38.6577,10.1667,4.95722,-0.0081513,0.0128749,-0.00126683,0.015290899252460596
38.7893,10.1667,4.98167,0.00220689,-0.0102939,0.000393202,0.010535148242663888
38.6577,10.5,4.95722,0.00167322,-0.0323334,0.000302878,0.032378081410288716
38.7893,10.5,4.98167,-0.00197664,-0.0134523,-0.000345751,0.013601140567378937
38.6577,10.8333,4.95722,0.00469556,-0.062013,0.000629217,0.06219370037830752
38.7893,10.8333,4.98167,-0.00318129,-0.0149066,-0.000591864,0.015253774372875588
38.6577,11.1667,4.95722,-0.00133747,-0.0725593,-0.000141362,0.07257176328094793
38.7893,11.1667,4.98167,0.00068357,-0.0154561,0.000131687,0.015471769020408397
38.6577,11.5,4.95722,-0.0015305,-0.0683603,-0.000172324,0.06837764796993953
38.7893,11.5,4.98167,0.000452643,-0.0152962,0.000112368,0.015303308357766075
38.6577,11.8333,4.95722,0.0131939,-0.060882,0.00268744,0.062353181594555385
38.7893,11.8333,4.98167,-0.00260978,-0.0169676,-0.000423776,0.01717236115118058
38.6577,0.166667,4.95981,0.0133038,0.0616006,0.00254668,0.06307226485407354
38.7893,0.166667,4.98278,-0.00262016,0.0171797,-0.000399847,0.017382957404855164
38.6577,0.5,4.95981,-0.00153169,0.0690424,-0.000166787,0.06905958941319786
38.7893,0.5,4.98278,0.000408384,0.0154726,9.72524e-05,0.015478294036513254
38.6577,0.833333,4.95981,-0.00174603,0.0725955,-0.000198485,0.07261676553872476
38.7893,0.833333,4.98278,0.000851518,0.0154285,0.000153203,0.015452739767223576
38.6577,1.16667,4.95981,0.00446465,0.0623969,0.000557207,0.06255890591173528
38.7893,1.16667,4.98278,-0.00301873,0.0146456,-0.000529534,0.014962845198359035
38.6577,1.5,4.95981,0.00242539,0.0337415,0.000385171,0.03383075073954672
38.7893,1.5,4.98278,-0.0023334,0.0134637,-0.000385739,0.013669848858934797
38.6577,1.83333,4.95981,-0.00772659,-0.00943403,-0.0011299,0.012246541923294102
38.7893,1.83333,4.98278,0.00203786,0.0106546,0.000342433,0.01085313940291421
38.6577,2.16667,4.95981,-0.0101704,-0.0658154,-0.00163587,0.06661666446150617
38.7893,2.16667,4.98278,0.00269308,-0.00172035,0.00044684,0.0032267553353949848
38.6577,2.5,4.95981,-0.00938638,-0.106251,-0.00156262,0.10667624342733859
38.7893,2.5,4.98278,0.00235323,-0.00954842,0.000394963,0.009842053225860395
38.6577,2.83333,4.95981,-0.00814056,-0.141226,-0.00134321,0.14146680178125784
38.7893,2.83333,4.98278,0.00190243,-0.0208958,0.000319686,0.020984658602976984
38.6577,3.16667,4.95981,-0.0056186,-0.160301,-0.000855294,0.16040171693216515
38.7893,3.16667,4.98278,0.00134922,-0.026929,0.000228391,0.026963745994525338
38.6577,3.5,4.95981,-0.00352327,-0.169808,-0.00041961,0.16984506577479663
38.7893,3.5,4.98278,0.000887318,-0.0326368,0.000152361,0.032649215325141354
38.6577,3.83333,4.95981,-0.00117393,-0.16741,2.33765e-05,0.16741411755914032
38.7893,3.83333,4.98278,0.000446653,-0.0340069,9.07403e-05,0.03400995413572992
38.6577,4.16667,4.95981,0.00116211,-0.156374,0.000440493,0.15637893851070594
38.7893,4.16667,4.98278,-0.000146133,-0.0336603,3.35805e-07,0.03366061721146025
38.6577,4.5,4.95981,0.00347187,-0.135918,0.000887298,0.13596523049308493
38.7893,4.5,4.98278,-0.000590448,-0.0299809,-6.77189e-05,0.029986790083303703
38.6577,4.83333,4.95981,0.00520768,-0.108807,0.00122652,0.10893845754045171
38.7893,4.83333,4.98278,-0.000913012,-0.0239548,-0.000116392,0.023972475488564127
38.6577,5.16667,4.95981,0.00626188,-0.0765954,0.00144144,0.07686445336804262
38.7893,5.16667,4.98278,-0.00109937,-0.0159224,-0.000144325,0.015960960681065693
38.6577,5.5,4.95981,0.00638364,-0.041965,0.00146529,0.042473040383679855
38.7893,5.5,4.98278,-0.00131193,-0.00719294,-0.000183038,0.0073138942484796705
38.6577,5.83333,4.95981,0.00386349,-0.00789468,0.000979248,0.008843723985290585
38.7893,5.83333,4.98278,-0.000965125,8.0874e-06,-0.000136329,0.0009747395897904015
38.6577,6.16667,4.95981,0.00414669,0.0138812,0.00105886,0.014525974524819324
38.7893,6.16667,4.98278,-0.00101316,0.00164442,-0.000141962,0.001936688806040867
38.6577,6.5,4.95981,0.00693546,0.0506251,0.00158608,0.05112256845257288
38.7893,6.5,4.98278,-0.00137077,0.00963263,-0.00019062,0.009731541866230653
38.6577,6.83333,4.95981,0.00658897,0.086693,0.00150156,0.08695599724627681
38.7893,6.83333,4.98278,-0.00112187,0.0191895,-0.000145221,0.01922281435393218
38.6577,7.16667,4.95981,0.00525037,0.119468,0.00123184,0.11958966025088666
38.7893,7.16667,4.98278,-0.000936399,0.0274671,-0.000118501,0.027483312536595767
38.6577,7.5,4.95981,0.00329821,0.146404,0.000854319,0.1464436385308623
38.7893,7.5,4.98278,-0.000603313,0.0333082,-6.81293e-05,0.0333137331354126
38.6577,7.83333,4.95981,0.000877744,0.166046,0.000388908,0.16604877536423446
38.7893,7.83333,4.98278,-0.00013534,0.0365651,3.68357e-06,0.0365653506546059
38.6577,8.16667,4.95981,-0.00147642,0.176039,-3.16331e-05,0.17604519402036914
38.7893,8.16667,4.98278,0.000455737,0.0364715,9.30368e-05,0.036474465922194436
38.6577,8.5,4.95981,-0.00382795,0.177211,-0.000473522,0.17725297161200707
38.7893,8.5,4.98278,0.000899382,0.0345868,0.000155771,0.034598842275809824
38.6577,8.83333,4.95981,-0.00594263,0.166538,-0.000906752,0.1666464595918749
38.7893,8.83333,4.98278,0.00138694,0.0284766,0.000235862,0.02851133074773333
38.6577,9.16667,4.95981,-0.0083872,0.146172,-0.0013782,0.14641891320140304
38.7893,9.16667,4.98278,0.00193105,0.0219969,0.00032531,0.02208389436464049
38.6577,9.5,4.95981,-0.00961429,0.110465,-0.00159231,0.11089403161730661
38.7893,9.5,4.98278,0.00239483,0.0104472,0.000402587,0.010725729572456552
38.6577,9.83333,4.95981,-0.0103186,0.0690463,-0.00165612,0.06983271284365515
38.7893,9.83333,4.98278,0.00270202,0.00230149,0.000448409,0.0035775464961032995
38.6577,10.1667,4.95981,-0.00806112,0.012775,-0.00117003,0.015150948843399214
38.7893,10.1667,4.98278,0.00217723,-0.0102057,0.000364096,0.010441705265909203
38.6577,10.5,4.95981,0.0016953,-0.0320835,0.000289451,0.0321295626521962
38.7893,10.5,4.98278,-0.00199214,-0.0133276,-0.000327282,0.013479638609663244
38.6577,10.8333,4.95981,0.00468714,-0.061712,0.000586774,0.0618925240162871
38.7893,10.8333,4.98278,-0.00317376,-0.0147941,-0.00055484,0.015140871664907539
38.6577,11.1667,4.95981,-0.00134117,-0.0722012,-0.000131905,0.07221377581416114
38.7893,11.1667,4.98278,0.000689472,-0.0153363,0.000124671,0.015352296642099677
38.6577,11.5,4.95981,-0.00156528,-0.0680346,-0.000167057,0.06805280895510228
38.7893,11.5,4.98278,0.000463506,-0.0151682,0.000107756,0.015175662766665975
38.6577,11.8333,4.95981,0.0130725,-0.060768,0.0025061,0.0622086860290426
38.7893,11.8333,4.98278,-0.00259726,-0.0168535,-0.000395337,0.017057037055161983
38.6577,0.166667,4.96241,0.0131889,0.0614968,0.00236602,0.06293966590386701
38.7893,0.166667,4.98389,-0.00260815,0.0170704,-0.000371604,0.01727249524866966
38.6577,0.5,4.96241,-0.00156317,0.0687353,-0.000160509,0.06875325977492253
38.7893,0.5,4.98389,0.000418928,0.0153502,9.29529e-05,0.015356196825737889
38.6577,0.833333,4.96241,-0.00174775,0.0722633,-0.000184618,0.07228466808914892
38.7893,0.833333,4.98389,0.000856942,0.0153173,0.000144159,0.01534192982315605
38.6577,1.16667,4.96241,0.00445739,0.0621239,0.000517713,0.06228575522198049
38.7893,1.16667,4.98389,-0.00301124,0.0145441,-0.000494311,0.014860779068148516
38.6577,1.5,4.96241,0.00244422,0.0335169,0.000363907,0.03360787445410747
38.7893,1.5,4.98389,-0.00234738,0.0133487,-0.000362947,0.013558381727891016
38.6577,1.83333,4.96241,-0.00764436,-0.00935087,-0.00104,0.012122566129598963
38.7893,1.83333,4.98389,0.00200983,0.0105724,0.000315724,0.010766370792104274
38.6577,2.16667,4.96241,-0.0100851,-0.0654679,-0.00151377,0.06625742729711817
38.7893,2.16667,4.98389,0.00267086,-0.00172815,0.000414264,0.0032080539621078697
38.6577,2.5,4.96241,-0.00932702,-0.105754,-0.00145034,0.1061744098368152
38.7893,2.5,4.98389,0.00234286,-0.00949405,0.000367748,0.009785766039181808
38.6577,2.83333,4.96241,-0.00810669,-0.140682,-0.00124907,0.14092091300662582
38.7893,2.83333,4.98389,0.00190277,-0.0207742,0.000299108,0.020863302349066505
38.6577,3.16667,4.96241,-0.0056069,-0.159748,-0.000795467,0.1598483456259654
38.7893,3.16667,4.98389,0.00135561,-0.0267651,0.000214716,0.02680026789871243
38.6577,3.5,4.96241,-0.00352972,-0.169282,-0.000389536,0.16931924340007456
38.7893,3.5,4.98389,0.000897623,-0.0324411,0.000144271,0.032453836604961976
38.6577,3.83333,4.96241,-0.00119781,-0.166907,2.2601e-05,0.1669112995234334
38.7893,3.83333,4.98389,0.000456424,-0.0338008,8.6748e-05,0.03380399279261667
38.6577,4.16667,4.96241,0.00112214,-0.155943,0.000410311,0.1559475770965882
38.7893,4.16667,4.98389,-0.000136967,-0.0334508,2.26641e-06,0.033451080486819905
38.6577,4.5,4.96241,0.00341986,-0.135562,0.000827093,0.13560765232556107
38.7893,4.5,4.98389,-0.000584061,-0.0297888,-6.17307e-05,0.029794589162649036
38.6577,4.83333,4.96241,0.00514704,-0.108526,0.00114372,0.10865400495241766
38.7893,4.83333,4.98389,-0.000909507,-0.0237962,-0.00010764,0.02381381791718096
38.6577,5.16667,4.96241,0.00619463,-0.0763878,0.00134424,0.07665035166817241
38.7893,5.16667,4.98389,-0.00109762,-0.0158112,-0.000134008,0.015849819344347874
38.6577,5.5,4.96241,0.00631254,-0.0418401,0.00136591,0.042335656831915335
38.7893,5.5,4.98389,-0.00130844,-0.00713918,-0.000169987,0.007260082774057676
38.6577,5.83333,4.96241,0.00380158,-0.0078802,0.000911584,0.008796621392640244
38.7893,5.83333,4.98389,-0.000956922,4.48333e-06,-0.000125723,0.000965155991050612
38.6577,6.16667,4.96241,0.004081,0.0137192,0.000985996,0.014347236589392956
38.7893,6.16667,4.98389,-0.00100526,0.00160931,-0.000130994,0.001901995208126456
38.6577,6.5,4.96241,0.00686223,0.0503711,0.00147908,0.050857896077495184
38.7893,6.5,4.98389,-0.00136876,0.009533,-0.000177257,0.009632393938250708
38.6577,6.83333,4.96241,0.0065218,0.0863746,0.00140071,0.08663179202177512
38.7893,6.83333,4.98389,-0.00112135,0.0190331,-0.000134973,0.019066581737249837
38.6577,7.16667,4.96241,0.00518999,0.11909,0.00114886,0.11920857341441386
38.7893,7.16667,4.98389,-0.000933077,0.0272666,-0.000109583,0.02728278058926212
38.6577,7.5,4.96241,0.00324722,0.145961,0.000796472,0.14599928878722385
38.7893,7.5,4.98389,-0.000596698,0.0330793,-6.20234e-05,0.03308473944124921
38.6577,7.83333,4.96241,0.000839507,0.165538,0.000362403,0.16554052540673372
38.7893,7.83333,4.98389,-0.000125999,0.036326,5.47105e-06,0.03632621892903787
38.6577,8.16667,4.96241,-0.00149821,0.175469,-2.84804e-05,0.1754753982908638
38.7893,8.16667,4.98389,0.000465805,0.0362418,8.89724e-05,0.03624490250540049
38.6577,8.5,4.96241,-0.00383245,0.176627,-0.000439598,0.17666912024574102
38.7893,8.5,4.98389,0.000909986,0.0343741,0.000147536,0.034386459431024474
38.6577,8.83333,4.96241,-0.00592858,0.165939,-0.000843096,0.16604701320012238
38.7893,8.83333,4.98389,0.00139342,0.0283011,0.000221737,0.02833624971310722
38.6577,9.16667,4.96241,-0.00835116,0.145594,-0.0012813,0.14583894006415296
38.7893,9.16667,4.98389,0.0019314,0.0218694,0.000304381,0.021956630208507886
38.6577,9.5,4.96241,-0.00955305,0.109945,-0.00147764,0.11036914065658072
38.7893,9.5,4.98389,0.00238435,0.0103903,0.000374869,0.010666957662785626
38.6577,9.83333,4.96241,-0.0102325,0.0686873,-0.00153253,0.06946220472847735
38.7893,9.83333,4.98389,0.00268015,0.00231013,0.000415788,0.0035626934053246853
38.6577,10.1667,4.96241,-0.00797535,0.0126799,-0.00107674,0.015018170349949423
38.7893,10.1667,4.98389,0.00214873,-0.0101212,0.000335873,0.010352223950679825
38.6577,10.5,4.96241,0.00171615,-0.0318459,0.000275166,0.03189329449837468
38.7893,10.5,4.98389,-0.00200666,-0.013209,-0.000308349,0.013364110313126011
38.6577,10.8333,4.96241,0.00467876,-0.0614253,0.000545084,0.06160564415534226
38.7893,10.8333,4.98389,-0.00316624,-0.0146871,-0.000517966,0.015033438426546203
38.6577,11.1667,4.96241,-0.00134442,-0.0718594,-0.000122583,0.07187207983694566
38.7893,11.1667,4.98389,0.00069508,-0.0152224,0.000117482,0.015238713856055046
38.6577,11.5,4.96241,-0.00159782,-0.0677229,-0.000160845,0.06774193741159479
38.7893,11.5,4.98389,0.000473801,-0.0150466,0.000102747,0.015054408520217924
38.6577,11.8333,4.96241,0.0129572,-0.0606588,0.00232796,0.062070914662518066
38.7893,11.8333,4.98389,-0.00258493,-0.016745,-0.000367326,0.01694732475924079
38.6577,0.166667,4.965,0.01308,0.0613979,0.00218837,0.06281383197725561
38.7893,0.166667,4.985,-0.00259635,0.0169666,-0.000343767,0.017167548591245897
38.6577,0.5,4.965,-0.00159253,0.0684423,-0.000153369,0.06846099694819716
38.7893,0.5,4.985,0.000428904,0.0152341,8.82755e-05,0.015240392187050708
38.6577,0.833333,4.965,-0.00174914,0.0719471,-0.000170934,0.07196856193909919
38.7893,0.833333,4.985,0.000862067,0.0152118,0.000134953,0.015236805146246965
38.6577,1.16667,4.965,0.00445016,0.0618648,0.000478879,0.062026500208880404
38.7893,1.16667,4.985,-0.00300382,0.0144478,-0.000459243,0.014763900689365565
38.6577,1.5,4.965,0.00246198,0.033304,0.000341992,0.03339662737535729
38.7893,1.5,4.985,-0.00236046,0.0132395,-0.000339742,0.01345256690331492
38.6577,1.83333,4.965,-0.00756634,-0.00927184,-0.000953278,0.012005217904165005
38.7893,1.83333,4.985,0.00198296,0.0104939,0.000289835,0.010683542104509393
38.6577,2.16667,4.965,-0.010004,-0.065138,-0.00139473,0.06591649514175416
38.7893,2.16667,4.985,0.00264939,-0.00173603,0.000382334,0.0031904931939366367
38.6577,2.5,4.965,-0.00927052,-0.105281,-0.00134014,0.10569686597666934
38.7893,2.5,4.985,0.00233269,-0.00944298,0.000340811,0.009732803607091896
38.6577,2.83333,4.965,-0.0080744,-0.140165,-0.00115629,0.14040213733032736
38.7893,2.83333,4.985,0.00190283,-0.0206591,0.000278488,0.02074841512947541
38.6577,3.16667,4.965,-0.00559569,-0.159221,-0.000736472,0.1593209998041152
38.7893,3.16667,4.985,0.00136151,-0.0266098,0.000200825,0.026645365379381176
38.6577,3.5,4.965,-0.0035358,-0.168781,-0.000359995,0.16881841558029154
38.7893,3.5,4.985,0.000907333,-0.0322555,0.000135852,0.03226854488799879
38.6577,3.83333,4.965,-0.00122047,-0.166427,2.17107e-05,0.16643147643212022
38.7893,3.83333,4.985,0.00046569,-0.0336054,8.2411e-05,0.03360872755563681
38.6577,4.16667,4.965,0.00108412,-0.155531,0.000380464,0.15553524369103516
38.7893,4.16667,4.985,-0.000128205,-0.033252,3.84478e-06,0.033252247372235734
38.6577,4.5,4.965,0.00337037,-0.135223,0.000767436,0.13526717296133234
38.7893,4.5,4.985,-0.00057788,-0.0296065,-5.60257e-05,0.029612192192126886
38.6577,4.83333,4.965,0.00508934,-0.108258,0.0010616,0.10838276126855044
38.7893,4.83333,4.985,-0.000906016,-0.0236456,-9.90956e-05,0.023663158797806248
38.6577,5.16667,4.965,0.00613065,-0.0761891,0.0012478,0.07644554161671235
38.7893,5.16667,4.985,-0.00109576,-0.0157057,-0.000123851,0.015744365390126115
38.6577,5.5,4.965,0.00624493,-0.0417206,0.00126742,0.04220443067405719
38.7893,5.5,4.985,-0.00130491,-0.00708826,-0.000157136,0.007209085355174815
38.6577,5.83333,4.965,0.00374282,-0.00786612,0.000844755,0.008752037272362647
38.7893,5.83333,4.985,-0.000948972,1.01079e-06,-0.00011543,0.0009559670304881984
38.6577,6.16667,4.965,0.00401861,0.0135647,0.000913974,0.014176941168488217
38.7893,6.16667,4.985,-0.000997585,0.00157617,-0.000120335,0.0018692159354526164
38.6577,6.5,4.965,0.00679249,0.0501285,0.00137293,0.050605230652917686
38.7893,6.5,4.985,-0.00136661,0.00943867,-0.000164058,0.009538502465710433
38.6577,6.83333,4.965,0.00645781,0.0860706,0.00130059,0.08632232057066237
38.7893,6.83333,4.985,-0.00112066,0.0188848,-0.000124862,0.01891843387795734
38.6577,7.16667,4.965,0.00513247,0.118728,0.00106651,0.11884366906100215
38.7893,7.16667,4.985,-0.000929761,0.0270763,-0.000100878,0.02709244643028763
38.6577,7.5,4.965,0.00319865,0.145538,0.000739128,0.14557502229442687
38.7893,7.5,4.985,-0.000590303,0.032862,-5.62173e-05,0.032867349482680046
38.6577,7.83333,4.965,0.000803118,0.165053,0.000336167,0.16505529623666673
38.7893,7.83333,4.985,-0.000117075,0.0360991,6.89223e-06,0.036099290503671395
38.6577,8.16667,4.965,-0.0015189,0.174925,-2.5512e-05,0.1749315961542458
38.7893,8.16667,4.985,0.000475347,0.0360238,8.4549e-05,0.036027035261644975
38.6577,8.5,4.965,-0.00383669,0.176071,-0.000406273,0.1761132655108826
38.7893,8.5,4.985,0.000919974,0.0341723,0.000138956,0.03418496377386719
38.6577,8.83333,4.965,-0.00591513,0.165368,-0.000780364,0.16547559685612073
38.7893,8.83333,4.985,0.00139942,0.0281349,0.00020739,0.028170445238911296
38.6577,9.16667,4.965,-0.0083168,0.145044,-0.00118584,0.1452870858498635
38.7893,9.16667,4.985,0.00193147,0.0217488,0.000283408,0.021836235891182436
38.6577,9.5,4.965,-0.00949476,0.109451,-0.00136515,0.10987053974100656
38.7893,9.5,4.985,0.00237406,0.0103369,0.00034743,0.010611709103556317
38.6577,9.83333,4.965,-0.0101507,0.0683464,-0.00141203,0.0691104979881559
38.7893,9.83333,4.985,0.00265902,0.00231877,0.000383804,0.003548857165865653
38.6577,10.1667,4.965,-0.00789396,0.0125895,-0.00098678,0.014892409123442722
38.7893,10.1667,4.985,0.0021214,-0.0100407,0.000308488,0.010266993683456906
38.6577,10.5,4.965,0.00173585,-0.0316207,0.000260081,0.03166937773053113
38.7893,10.5,4.985,-0.00202028,-0.0130963,-0.000288993,0.013254362373288614
38.6577,10.8333,4.965,0.00467045,-0.0611531,0.000504111,0.06133326072134777
38.7893,10.8333,4.985,-0.00315879,-0.0145857,-0.000481249,0.014931583953288445
38.6577,11.1667,4.965,-0.00134727,-0.0715342,-0.000113396,0.07154697593012381
38.7893,11.1667,4.985,0.000700396,-0.0151145,0.000110131,0.015131120039308953
38.6577,11.5,4.965,-0.00162817,-0.0674256,-0.000153753,0.06744543063020585
38.7893,11.5,4.985,0.000483539,-0.0149313,9.73644e-05,0.01493944475142595
38.6577,11.8333,4.965,0.0128481,-0.0605546,0.00215286,0.06194003601023816
38.7893,11.8333,4.985,-0.00257281,-0.0166419,-0.000339734,0.016843028412279547
38.6577,0.166667,4.96759,0.0129774,0.061304,0.00201357,0.06269487850618183
38.7893,0.166667,4.98611,-0.00258479,0.0168683,-0.000316327,0.01706812078129953
38.6577,0.5,4.96759,-0.00161984,0.0681638,-0.000145427,0.06818319925815984
38.7893,0.5,4.98611,0.00043832,0.0151243,8.32452e-05,0.015130879177223082
38.6577,0.833333,4.96759,-0.00175022,0.0716474,-0.00015743,0.07166894711807409
38.7893,0.833333,4.98611,0.000866892,0.0151122,0.000125595,0.015137564688010056
38.6577,1.16667,4.96759,0.00444298,0.0616199,0.000440673,0.06178144009314876
38.7893,1.16667,4.98611,-0.00299652,0.0143567,-0.000424332,0.014672219486043138
38.6577,1.5,4.96759,0.00247878,0.033103,0.000319471,0.033197214054920945
38.7893,1.5,4.98611,-0.00237268,0.0131361,-0.000316163,0.01335240400208775
38.6577,1.83333,4.96759,-0.00749248,-0.0091967,-0.000869536,0.01189422718362551
38.7893,1.83333,4.98611,0.00195722,0.0104193,0.000264723,0.010604838560069125
38.6577,2.16667,4.96759,-0.00992726,-0.0648256,-0.00127858,0.06559377770249247
38.7893,2.16667,4.98611,0.00262871,-0.00174394,0.000351026,0.0031740608438364883
38.6577,2.5,4.96759,-0.00921692,-0.104833,-0.00123193,0.1052446062979538
38.7893,2.5,4.98611,0.00232275,-0.00939516,0.00031415,0.009683123938616091
38.6577,2.83333,4.96759,-0.00804374,-0.139674,-0.00106479,0.13990947718768623
38.7893,2.83333,4.98611,0.00190266,-0.0205506,0.000257841,0.02064010071237253
38.6577,3.16667,4.96759,-0.00558502,-0.15872,-0.000678275,0.15881968047246545
38.7893,3.16667,4.98611,0.00136697,-0.0264631,0.000186738,0.026499040353785343
38.6577,3.5,4.96759,-0.00354155,-0.168304,-0.000330969,0.1683415828988235
38.7893,3.5,4.98611,0.000916463,-0.03208,0.000127124,0.03209333988449543
38.6577,3.83333,4.96759,-0.0012419,-0.16597,2.07026e-05,0.16597464759476868
38.7893,3.83333,4.98611,0.000474456,-0.0334205,7.77492e-05,0.0334239580792586
38.6577,4.16667,4.96759,0.00104811,-0.15514,0.000350929,0.15514393731543344
38.7893,4.16667,4.98611,-0.000119852,-0.0330639,5.0883e-06,0.03306411761415539
38.6577,4.5,4.96759,0.00332347,-0.1349,0.000708296,0.13494279208636717
38.7893,4.5,4.98611,-0.000571919,-0.029434,-5.05929e-05,0.029439599300671387
38.6577,4.83333,4.96759,0.00503464,-0.108002,0.000980111,0.1081237264503121
38.7893,4.83333,4.98611,-0.000902564,-0.0235032,-9.07546e-05,0.02352069872285934
38.6577,5.16667,4.96759,0.00607003,-0.0759998,0.0011521,0.0762505226123133
38.7893,5.16667,4.98611,-0.00109383,-0.015606,-0.000113854,0.01564470078979512
38.6577,5.5,4.96759,0.00618089,-0.0416066,0.00116978,0.04207945995376485
38.7893,5.5,4.98611,-0.00130136,-0.00704019,-0.000144483,0.007160913937689029
38.6577,5.83333,4.96759,0.00368724,-0.00785249,0.000778711,0.008709978693385018
38.7893,5.83333,4.98611,-0.000941297,-2.32623e-06,-0.00010544,0.0009471869124702964
38.6577,6.16667,4.96759,0.00395959,0.013418,0.000842745,0.01401539496778899
38.7893,6.16667,4.98611,-0.000990159,0.00154497,-0.000109978,0.001838325952236164
38.6577,6.5,4.96759,0.00672637,0.0498977,0.00126758,0.05036498066835031
38.7893,6.5,4.98611,-0.00136437,0.00934961,-0.000151026,0.009449842406182019
38.6577,6.83333,4.96759,0.00639711,0.0857813,0.00120115,0.08602788621932193
38.7893,6.83333,4.98611,-0.00111984,0.0187446,-0.000114887,0.018778372395081767
38.6577,7.16667,4.96759,0.0050779,0.118385,0.000984774,0.11849794543890234
38.7893,7.16667,4.98611,-0.000926474,0.0268963,-9.23809e-05,0.026912410557089844
38.6577,7.5,4.96759,0.00315258,0.145136,0.00068226,0.14517183864429076
38.7893,7.5,4.98611,-0.000584144,0.0326565,-5.06993e-05,0.03266176337679514
38.6577,7.83333,4.96759,0.000768621,0.164591,0.000310183,0.16459308695305258
38.7893,7.83333,4.98611,-0.000108575,0.0358844,7.9655e-06,0.03588456514073725
38.6577,8.16667,4.96759,-0.00153848,0.174409,-2.27266e-05,0.1744157868950192
38.7893,8.16667,4.98611,0.000484369,0.0358176,7.97873e-05,0.035820963821502655
38.6577,8.5,4.96759,-0.00384069,0.175543,-0.000373526,0.17558540733884687
38.7893,8.5,4.98611,0.000929361,0.0339816,0.000130055,0.03399455492768432
38.6577,8.83333,4.96759,-0.00590233,0.164825,-0.000718517,0.16493221150250847
38.7893,8.83333,4.98611,0.00140495,0.0279778,0.00019284,0.028013717436429247
38.6577,9.16667,4.96759,-0.00828416,0.144523,-0.00109176,0.14476434911884625
38.7893,9.16667,4.98611,0.0019313,0.021635,0.000262404,0.021722614956519764
38.6577,9.5,4.96759,-0.00943946,0.108983,-0.00125472,0.10939822675148807
38.7893,9.5,4.98611,0.00236402,0.0102868,0.000320268,0.01055980191065268
38.6577,9.83333,4.96759,-0.0100731,0.0680237,-0.00129446,0.06877766157693645
38.7893,9.83333,4.98611,0.00263866,0.00232738,0.00035243,0.00353601911263217
38.6577,10.1667,4.96759,-0.00781692,0.0125037,-0.000899944,0.014773511809300319
38.7893,10.1667,4.98611,0.00209522,-0.00996411,0.000281901,0.010185916901010974
38.6577,10.5,4.96759,0.00175451,-0.0314082,0.000244249,0.031458114853787744
38.7893,10.5,4.98611,-0.00203305,-0.0129896,-0.000269249,0.013150494115678734
38.6577,10.8333,4.96759,0.00466225,-0.0608959,0.000463817,0.06107587361701828
38.7893,10.8333,4.98611,-0.00315144,-0.0144897,-0.00044469,0.01483511811074317
38.6577,11.1667,4.96759,-0.00134975,-0.0712259,-0.000104346,0.07123876433487751
38.7893,11.1667,4.98611,0.000705417,-0.0150126,0.000102627,0.015029514436768008
38.6577,11.5,4.96759,-0.00165638,-0.067143,-0.000145842,0.06716358621748367
38.7893,11.5,4.98611,0.000492726,-0.0148224,9.16344e-05,0.01483087042402904
38.6577,11.8333,4.96759,0.0127452,-0.0604558,0.00198062,0.061816395335415664
38.7893,11.8333,4.98611,-0.00256096,-0.0165443,-0.000312549,0.016744254700911624
38.6577,0.166667,4.97019,0.0128809,0.0612156,0.00184145,0.0625832102586029
38.7893,0.166667,4.98722,-0.00257351,0.0167757,-0.000289271,0.01697441433221014
38.6577,0.5,4.97019,-0.00164513,0.0679001,-0.000136739,0.06792016438643993
38.7893,0.5,4.98722,0.000447184,0.015021,7.78862e-05,0.015027856826241272
38.6577,0.833333,4.97019,-0.00175102,0.0713644,-0.000144101,0.07138602400679421
38.7893,0.833333,4.98722,0.000871421,0.0150184,0.000116097,0.015044108203301716
38.6577,1.16667,4.97019,0.00443588,0.0613894,0.000403058,0.06155077513310262
38.7893,1.16667,4.98722,-0.00298938,0.0142709,-0.00038958,0.014585840811238822
38.6577,1.5,4.97019,0.00249473,0.0329144,0.000296386,0.03301013859095257
38.7893,1.5,4.98722,-0.00238413,0.0130385,-0.000292242,0.013257901926529099
38.6577,1.83333,4.97019,-0.00742275,-0.0091253,-0.000788592,0.011789410290381958
38.7893,1.83333,4.98722,0.00193263,0.0103485,0.000240347,0.010530160380892068
38.6577,2.16667,4.97019,-0.00985475,-0.0645308,-0.00116515,0.06528933925783749
38.7893,2.16667,4.98722,0.00260886,-0.00175184,0.000320313,0.003158748850916926
38.6577,2.5,4.97019,-0.00916628,-0.10441,-0.0011256,0.1048176309806628
38.7893,2.5,4.98722,0.00231311,-0.00935056,0.000287758,0.009636713903207049
38.6577,2.83333,4.97019,-0.00801475,-0.13921,-0.000974521,0.1394439314159707
38.7893,2.83333,4.98722,0.0019023,-0.0204486,0.000237177,0.02053826283256033
38.6577,3.16667,4.97019,-0.00557494,-0.158247,-0.000620838,0.15834638740693088
38.7893,3.16667,4.98722,0.001372,-0.0263251,0.000172473,0.026361392621516207
38.6577,3.5,4.97019,-0.00354697,-0.167853,-0.000302437,0.16789074445400456
38.7893,3.5,4.98722,0.000925025,-0.0319147,0.00011811,0.031928321241692696
38.6577,3.83333,4.97019,-0.00126211,-0.165538,1.95759e-05,0.16554281243493466
38.7893,3.83333,4.98722,0.000482724,-0.0332462,7.27824e-05,0.0332497839718986
38.6577,4.16667,4.97019,0.00101413,-0.154769,0.000321685,0.15477265682896357
38.7893,4.16667,4.98722,-0.000111915,-0.0328866,6.01473e-06,0.03288679097607734
38.6577,4.5,4.97019,0.00327921,-0.134594,0.000649643,0.13463550828162513
38.7893,4.5,4.98722,-0.000566194,-0.0292715,-4.54207e-05,0.02927701062157174
38.6577,4.83333,4.97019,0.00498304,-0.10776,0.000899229,0.10787889923630126
38.7893,4.83333,4.98722,-0.000899172,-0.023369,-8.26113e-05,0.02338643829043815
38.6577,5.16667,4.97019,0.00601285,-0.0758203,0.0010571,0.07606569343417897
38.7893,5.16667,4.98722,-0.00109185,-0.0155121,-0.000104015,0.01555082640738829
38.6577,5.5,4.97019,0.0061205,-0.0414984,0.00107293,0.0419610402825633
38.7893,5.5,4.98722,-0.00129784,-0.00699497,-0.000132026,0.007115576212168344
38.6577,5.83333,4.97019,0.00363488,-0.00783939,0.000713403,0.008670486262425482
38.7893,5.83333,4.98722,-0.000933917,-5.52379e-06,-9.5739e-05,0.0009388276898696395
38.6577,6.16667,4.97019,0.00390396,0.0132791,0.00077226,0.013862603867931884
38.7893,6.16667,4.98722,-0.000983007,0.0015157,-9.99103e-05,0.0018093179157061066
38.6577,6.5,4.97019,0.00666396,0.0496789,0.001163,0.05013735171597718
38.7893,6.5,4.98722,-0.00136207,0.00926581,-0.00013816,0.009366405811547992
38.6577,6.83333,4.97019,0.00633982,0.0855071,0.00110237,0.08574889321536051
38.7893,6.83333,4.98722,-0.00111891,0.0186125,-0.00010505,0.01864639781138974
38.6577,7.16667,4.97019,0.00502637,0.118059,0.000903617,0.1181694055162316
38.7893,7.16667,4.98722,-0.00092324,0.0267267,-8.40867e-05,0.026742773520349695
38.6577,7.5,4.97019,0.00310908,0.144755,0.000625842,0.14478973748734875
38.7893,7.5,4.98722,-0.000578234,0.0324627,-4.54568e-05,0.032467881239302054
38.6577,7.83333,4.97019,0.000736057,0.164155,0.000284435,0.16415689662081356
38.7893,7.83333,4.98722,-0.000100503,0.0356821,8.70943e-06,0.035682242602128864
38.6577,8.16667,4.97019,-0.00155695,0.17392,-2.01211e-05,0.17392697001374216
38.7893,8.16667,4.98722,0.000492876,0.0356233,7.47081e-05,0.03562678782800354
38.6577,8.5,4.97019,-0.00384445,0.175043,-0.000341334,0.17508554524489467
38.7893,8.5,4.98722,0.000938163,0.0338019,0.000120855,0.03381513269758961
38.6577,8.83333,4.97019,-0.00589021,0.164312,-0.000657514,0.16441885610386753
38.7893,8.83333,4.98722,0.00141004,0.0278301,0.000178107,0.027866366840961686
38.6577,9.16667,4.97019,-0.0082533,0.14403,-0.000998983,0.14426973288921097
38.7893,9.16667,4.98722,0.00193094,0.021528,0.000241381,0.021615771512272258
38.6577,9.5,4.97019,-0.0093872,0.10854,-0.00114625,0.10895120473359851
38.7893,9.5,4.98722,0.00235427,0.0102401,0.000293378,0.010511341774187728
38.6577,9.83333,4.97019,-0.00999991,0.0677194,-0.00117964,0.06846390937492322
38.7893,9.83333,4.98722,0.0026191,0.00233594,0.000321643,0.0035241672368162384
38.6577,10.1667,4.97019,-0.00774417,0.0124223,-0.00081604,0.014661228719329768
38.7893,10.1667,4.98722,0.0020702,-0.00989153,0.000256069,0.010109088243440208
38.6577,10.5,4.97019,0.00177223,-0.0312086,0.00022772,0.03125970840445093
38.7893,10.5,4.98722,-0.00204504,-0.0128889,-0.00024915,0.013052509625895704
38.6577,10.8333,4.97019,0.0046542,-0.0606538,0.000424164,0.060833584040223175
38.7893,10.8333,4.98722,-0.00314424,-0.0143993,-0.000408294,0.014744245984723533
38.6577,11.1667,4.97019,-0.00135188,-0.0709348,-9.54297e-05,0.07094774511851693
38.7893,11.1667,4.98722,0.000710143,-0.0149166,9.49804e-05,0.014933796567411556
38.6577,11.5,4.97019,-0.00168251,-0.0668754,-0.00013717,0.06689670231535333
38.7893,11.5,4.98722,0.000501373,-0.0147198,8.55809e-05,0.014728584827320437
38.6577,11.8333,4.97019,0.0126485,-0.0603626,0.00181108,0.06170014620547021
38.7893,11.8333,4.98722,-0.0025494,-0.0164524,-0.000285756,0.016651203037965034
38.6577,0.166667,4.97278,0.0127905,0.0611327,0.00167184,0.06247878798860938
38.7893,0.166667,4.98833,-0.00256254,0.0166886,-0.000262583,0.01688623495760642
38.6577,0.5,4.97278,-0.00166845,0.0676514,-0.000127361,0.06767209076263879
38.7893,0.5,4.98833,0.000455504,0.014924,7.22228e-05,0.014931124405980142
38.6577,0.833333,4.97278,-0.00175159,0.0710985,-0.00013094,0.07112019344083437
38.7893,0.833333,4.98833,0.000875654,0.0149305,0.000106469,0.014956534886987593
38.6577,1.16667,4.97278,0.00442889,0.0611739,0.000365997,0.0613351046436387
38.7893,1.16667,4.98833,-0.00298242,0.0141905,-0.000354986,0.014504865885853478
38.6577,1.5,4.97278,0.00250991,0.0327384,0.000272777,0.03283560400022861
38.7893,1.5,4.98833,-0.00239486,0.0129467,-0.000268009,0.013169063145633443
38.6577,1.83333,4.97278,-0.00735708,-0.00905743,-0.000710261,0.011690514745699652
38.7893,1.83333,4.98833,0.00190917,0.0102817,0.000216667,0.010459695481599309
38.6577,2.16667,4.97278,-0.00978655,-0.0642537,-0.00105427,0.06500327691605555
38.7893,2.16667,4.98833,0.00258985,-0.00175968,0.000290168,0.0031445181177922952
38.6577,2.5,4.97278,-0.00911863,-0.104011,-0.00102104,0.104414941731337
38.7893,2.5,4.98833,0.00230379,-0.00930916,0.00026163,0.009593558178621737
38.6577,2.83333,4.97278,-0.00798748,-0.138773,-0.000885404,0.13900550099184428
38.7893,2.83333,4.98833,0.00190179,-0.0203532,0.000216506,0.02044300443408786
38.6577,3.16667,4.97278,-0.00556546,-0.157801,-0.000564124,0.15790012090527028
38.7893,3.16667,4.98833,0.00137664,-0.0261958,0.000158046,0.02623242371317824
38.6577,3.5,4.97278,-0.0035521,-0.167429,-0.000274377,0.16746690042557105
38.7893,3.5,4.98833,0.000933033,-0.0317596,0.00010883,0.03177348873995409
38.6577,3.83333,4.97278,-0.00128109,-0.165131,1.83318e-05,0.16513597030520938
38.7893,3.83333,4.98833,0.000490498,-0.0330827,6.75304e-05,0.03308640488075016
38.6577,4.16667,4.97278,0.000982207,-0.154419,0.000292711,0.1544224011318318
38.7893,4.16667,4.98833,-0.000104397,-0.0327201,6.64226e-06,0.03272026721870142
38.6577,4.5,4.97278,0.00323765,-0.134305,0.000591445,0.13434532075852335
38.7893,4.5,4.98833,-0.000560719,-0.0291188,-4.04966e-05,0.029124226328120246
38.6577,4.83333,4.97278,0.00493461,-0.107531,0.000818914,0.10764728030466676
38.7893,4.83333,4.98833,-0.000895865,-0.023243,-7.46586e-05,0.02326037826443884
38.6577,5.16667,4.97278,0.0059592,-0.0756509,0.000962741,0.07589135395868939
38.7893,5.16667,4.98833,-0.00108985,-0.0154239,-9.43311e-05,0.01546264410082982
38.6577,5.5,4.97278,0.00606384,-0.0413962,0.000976826,0.0418493693981149
38.7893,5.5,4.98833,-0.00129437,-0.00695262,-0.000119759,0.007073094144671128
38.6577,5.83333,4.97278,0.00358577,-0.00782685,0.000648781,0.008633553393670591
38.7893,5.83333,4.98833,-0.000926852,-8.57799e-06,-8.63147e-05,0.0009309019493225537
38.6577,6.16667,4.97278,0.00385176,0.013148,0.000702472,0.013718579591502321
38.7893,6.16667,4.98833,-0.000976151,0.00148831,-9.01193e-05,0.0017821500832234894
38.6577,6.5,4.97278,0.00660534,0.0494723,0.00105914,0.049922547624747675
38.7893,6.5,4.98833,-0.00135975,0.00918725,-0.000125458,0.009288176480599623
38.6577,6.83333,4.97278,0.00628603,0.0852485,0.0010042,0.08548584293934815
38.7893,6.83333,4.98833,-0.00111789,0.0184885,-9.53474e-05,0.01852251066753065
38.6577,7.16667,4.97278,0.00497797,0.117752,0.000823005,0.11786004847509152
38.7893,7.16667,4.98833,-0.000920079,0.0265674,-7.59877e-05,0.026583435862521466
38.6577,7.5,4.97278,0.00306821,0.144396,0.000569846,0.14442971803984045
38.7893,7.5,4.98833,-0.000572586,0.0322807,-4.04762e-05,0.03228580315773734
38.6577,7.83333,4.97278,0.000705464,0.163743,0.000258903,0.1637447243706456
38.7893,7.83333,4.98833,-9.28634e-05,0.0354921,9.14319e-06,0.03549222266383134
38.6577,8.16667,4.97278,-0.0015743,0.17346,-1.76903e-05,0.17346714482413295
38.7893,8.16667,4.98833,0.000500872,0.0354409,6.93321e-05,0.03544450694410171
38.6577,8.5,4.97278,-0.00384801,0.174573,-0.000309669,0.17461567914952444
38.7893,8.5,4.98833,0.000946393,0.0336332,0.000111377,0.03364669681835913
38.6577,8.83333,4.97278,-0.00587882,0.16383,-0.00059731,0.16393653102291905
38.7893,8.83333,4.98833,0.00141473,0.0276916,0.000163206,0.027728195176234174
38.6577,9.16667,4.97278,-0.00822425,0.143566,-0.000907442,0.14380423531678704
38.7893,9.16667,4.98833,0.00193043,0.021428,0.000220348,0.021515908003753966
38.6577,9.5,4.97278,-0.00933802,0.108124,-0.00103962,0.10853146457716675
38.7893,9.5,4.98833,0.00234484,0.0101967,0.000266752,0.010466237248653596
38.6577,9.83333,4.97278,-0.00993104,0.0674335,-0.00106741,0.06816921476619558
38.7893,9.83333,4.98833,0.00260037,0.00234443,0.000291414,0.0035132888126648515
38.6577,10.1667,4.97278,-0.00767567,0.0123453,-0.000734873,0.014555493133694542
38.7893,10.1667,4.98833,0.00204631,-0.00982298,0.000230949,0.010036516235083816
38.6577,10.5,4.97278,0.00178908,-0.0310222,0.000210539,0.03107445939605259
38.7893,10.5,4.98833,-0.00205631,-0.0127942,-0.000228727,0.012960412049646763
38.6577,10.8333,4.97278,0.00464633,-0.0604272,0.000385111,0.060606791639149005
38.7893,10.8333,4.98833,-0.00313722,-0.0143145,-0.000372058,0.014658972908555497
38.6577,11.1667,4.97278,-0.00135371,-0.0706612,-8.66434e-05,0.07067421894356431
38.7893,11.1667,4.98833,0.000714574,-0.0148266,8.7202e-05,0.01484406574191451
38.6577,11.5,4.97278,-0.0017066,-0.0666231,-0.000127796,0.06664507685484065
38.7893,11.5,4.98833,0.000509488,-0.0146235,7.92278e-05,0.014632587170983702
38.6577,11.8333,4.97278,0.0125579,-0.0602753,0.00164407,0.06159152221422117
38.7893,11.8333,4.98833,-0.00253817,-0.016366,-0.000259342,0.016563680787248465
38.6577,0.166667,4.97537,0.0127063,0.0610557,0.00150458,0.062381987169025
38.7893,0.166667,4.98944,-0.00255191,0.0166073,-0.00023625,0.016803882646596886
38.6577,0.5,4.97537,-0.00168983,0.067418,-0.000117347,0.06743927653635759
38.7893,0.5,4.98944,0.000463288,0.0148334,6.62781e-05,0.01484078111547649
38.6577,0.833333,4.97537,-0.00175194,0.0708498,-0.000117939,0.07087155539009513
38.7893,0.833333,4.98944,0.000879592,0.0148484,9.67204e-05,0.014874744350147339
38.6577,1.16667,4.97537,0.00442204,0.0609735,0.000329453,0.06113452935363786
38.7893,1.16667,4.98944,-0.00297567,0.0141153,-0.000320549,0.014429104535635642
38.6577,1.5,4.97537,0.00252443,0.0325752,0.000248678,0.032673815856318095
38.7893,1.5,4.98944,-0.00240494,0.0128608,-0.000243493,0.013085992583088566
38.6577,1.83333,4.97537,-0.00729543,-0.0089929,-0.000634358,0.011597325526476524
38.7893,1.83333,4.98944,0.00188683,0.0102189,0.00019364,0.010393437405810457
38.6577,2.16667,4.97537,-0.00972266,-0.0639942,-0.000945773,0.06473547897160513
38.7893,2.16667,4.98944,0.00257171,-0.00176743,0.00026056,0.003131356358289487
38.6577,2.5,4.97537,-0.009074,-0.103637,-0.000918131,0.10403753269629745
38.7893,2.5,4.98944,0.00229483,-0.0092709,0.000235756,0.009553607299362686
38.6577,2.83333,4.97537,-0.00796198,-0.138363,-0.000797372,0.1385941870953713
38.7893,2.83333,4.98944,0.00190117,-0.0202643,0.000195835,0.020354229369006455
38.6577,3.16667,4.97537,-0.00555664,-0.157383,-0.00050809,0.15748188179132766
38.7893,3.16667,4.98944,0.0013809,-0.0260751,0.000143473,0.026112033802860493
38.6577,3.5,4.97537,-0.00355695,-0.167031,-0.000246761,0.1670690508301691
38.7893,3.5,4.98944,0.000940501,-0.0316147,9.93037e-05,0.03162884220843113
38.6577,3.83333,4.97537,-0.00129884,-0.16475,1.69732e-05,0.1647551206288749
38.7893,3.83333,4.98944,0.000497782,-0.0329298,6.20128e-05,0.0329336205198713
38.6577,4.16667,4.97537,0.000952372,-0.154092,0.000263986,0.1540951691813685
38.7893,4.16667,4.98944,-9.73042e-05,-0.0325645,6.98941e-06,0.032564646124427485
38.6577,4.5,4.97537,0.00319882,-0.134034,0.000533673,0.1340732277983316
38.7893,4.5,4.98944,-0.000555507,-0.0289761,-3.58069e-05,0.028981446502394193
38.6577,4.83333,4.97537,0.00488939,-0.107317,0.000739128,0.10743086583367223
38.7893,4.83333,4.98944,-0.000892662,-0.0231252,-6.68885e-05,0.023142519192120726
38.6577,5.16667,4.97537,0.00590913,-0.0754918,0.000868992,0.07572770187780006
38.7893,5.16667,4.98944,-0.00108786,-0.0153416,-8.47962e-05,0.01538035501329974
38.6577,5.5,4.97537,0.00601097,-0.0413003,0.000881423,0.04174474154831754
38.7893,5.5,4.98944,-0.00129098,-0.00691312,-0.000107677,0.007033452340858577
38.6577,5.83333,4.97537,0.00353993,-0.00781494,0.000584798,0.008599208121059984
38.7893,5.83333,4.98944,-0.000920119,-1.1485e-05,-7.71526e-05,0.0009234194080009147
38.6577,6.16667,4.97537,0.00380303,0.0130249,0.000633332,0.013583525559041144
38.7893,6.16667,4.98944,-0.000969613,0.00146278,-8.05914e-05,0.0017568066689089496
38.6577,6.5,4.97537,0.00655061,0.0492782,0.000955957,0.0497208742923729
38.7893,6.5,4.98944,-0.00135744,0.0091139,-0.000112915,0.009215127039863585
38.6577,6.83333,4.97537,0.00623583,0.0850057,0.000906615,0.08523893804498696
38.7893,6.83333,4.98944,-0.00111683,0.0183726,-8.5777e-05,0.018406713386768126
38.6577,7.16667,4.97537,0.00493278,0.117464,0.000742901,0.1175698750378863
38.7893,7.16667,4.98944,-0.000917014,0.0264185,-6.80757e-05,0.026434498127014375
38.6577,7.5,4.97537,0.00303004,0.144059,0.000514243,0.14409178001976602
38.7893,7.5,4.98944,-0.000567214,0.0321106,-3.57432e-05,0.032115629242755656
38.6577,7.83333,4.97537,0.000676873,0.163357,0.000233573,0.16335856929590337
38.7893,7.83333,4.98944,-8.56606e-05,0.0353145,9.28611e-06,0.03531460511205288
38.6577,8.16667,4.97537,-0.00159052,0.173029,-1.54275e-05,0.17303631073528514
38.7893,8.16667,4.98944,0.000508362,0.0352704,6.36797e-05,0.035274120870508394
38.6577,8.5,4.97537,-0.00385139,0.174132,-0.0002785,0.17417480928992604
38.7893,8.5,4.98944,0.000954067,0.0334757,0.000101643,0.033489447078593845
38.6577,8.83333,4.97537,-0.00586817,0.163378,-0.000537858,0.1634842365317741
38.7893,8.83333,4.98944,0.00141904,0.0275624,0.000148155,0.02759930285687711
38.6577,9.16667,4.97537,-0.00819707,0.143131,-0.000817058,0.143367857978559
38.7893,9.16667,4.98944,0.00192979,0.0213348,0.000199314,0.02142282676386793
38.6577,9.5,4.97537,-0.00929195,0.107735,-0.000934716,0.10813900431298208
38.7893,9.5,4.98944,0.00233577,0.0101567,0.000240381,0.010424593968498772
38.6577,9.83333,4.97537,-0.00986653,0.0671661,-0.000957573,0.0678936694361207
38.7893,9.83333,4.98944,0.00258249,0.00235283,0.000261715,0.00350336386209383
38.6577,10.1667,4.97537,-0.00761139,0.0122724,-0.000656251,0.014455992697393734
38.7893,10.1667,4.98944,0.00202357,-0.0097585,0.0002065,0.009968239565986563
38.6577,10.5,4.97537,0.00180517,-0.0308491,0.000192751,0.030902471786038426
38.7893,10.5,4.98944,-0.00206691,-0.0127055,-0.000208007,0.012874203435946979
38.6577,10.8333,4.97537,0.00463867,-0.0602163,0.000346617,0.060395696770577864
38.7893,10.8333,4.98944,-0.00313041,-0.0142352,-0.000335983,0.014579206781728181
38.6577,11.1667,4.97537,-0.00135526,-0.0704053,-7.79817e-05,0.07041838594360947
38.7893,11.1667,4.98944,0.00071871,-0.0147426,7.93016e-05,0.01476032139107623
38.6577,11.5,4.97537,-0.00172869,-0.0663863,-0.000117774,0.06640890804343326
38.7893,11.5,4.98944,0.000517081,-0.0145335,7.25985e-05,0.014542876797689074
38.6577,11.8333,4.97537,0.0124735,-0.0601941,0.00147941,0.061490702801383725
38.7893,11.8333,4.98944,-0.0025273,-0.0162852,-0.00023329,0.01648179021083875
38.6577,0.166667,4.97796,0.0126282,0.0609848,0.00133949,0.06229294903711093
38.7893,0.166667,4.99056,-0.00254165,0.0165316,-0.000210252,0.016727163213946468
38.6577,0.5,4.97796,-0.00170932,0.0672002,-0.000106749,0.06722202057548853
38.7893,0.5,4.99056,0.000470545,0.0147491,6.00754e-05,0.014756726346338138
38.6577,0.833333,4.97796,-0.0017521,0.0706187,-0.000105087,0.0706405102429022
38.7893,0.833333,4.99056,0.000883238,0.0147722,8.68625e-05,0.014798836011610852
38.6577,1.16667,4.97796,0.00441535,0.0607884,0.000293385,0.06094924909250913
38.7893,1.16667,4.99056,-0.00296917,0.0140455,-0.000286264,0.014358759967928847
38.6577,1.5,4.97796,0.00253837,0.032425,0.00022412,0.0325249777406734
38.7893,1.5,4.99056,-0.00241442,0.0127807,-0.000218718,0.013008595388815967
38.6577,1.83333,4.97796,-0.00723775,-0.00893156,-0.0005607,0.011509655667573204
38.7893,1.83333,4.99056,0.00186561,0.0101602,0.000171227,0.010331480213291267
38.6577,2.16667,4.97796,-0.00966309,-0.0637524,-0.00083948,0.06448603368775677
38.7893,2.16667,4.99056,0.00255447,-0.00177506,0.000231461,0.0031192513811844342
38.6577,2.5,4.97796,-0.00903244,-0.103289,-0.000816759,0.10368640021052752
38.7893,2.5,4.99056,0.00228627,-0.00923576,0.000210125,0.009516850624346533
38.6577,2.83333,4.97796,-0.00793828,-0.137982,-0.00071035,0.13821198649350533
38.7893,2.83333,4.99056,0.00190047,-0.020182,0.000175171,0.0202720397370403
38.6577,3.16667,4.97796,-0.00554849,-0.156994,-0.000452688,0.15709266915965697
38.7893,3.16667,4.99056,0.00138482,-0.0259631,0.000128768,0.026000324406442007
38.6577,3.5,4.97796,-0.00356155,-0.166661,-0.000219559,0.16669919545563794
38.7893,3.5,4.99056,0.000947441,-0.03148,8.95508e-05,0.031494381463909746
38.6577,3.83333,4.97796,-0.00131536,-0.164395,1.55055e-05,0.16440026288710774
38.7893,3.83333,4.99056,0.000504581,-0.0327876,5.62489e-05,0.032791530609050754
38.6577,4.16667,4.97796,0.000924648,-0.153787,0.00023549,0.1537899600054048
38.7893,4.16667,4.99056,-9.06401e-05,-0.0324198,7.07509e-06,0.03241992747870708
38.6577,4.5,4.97796,0.00316279,-0.133782,0.000476294,0.13382022874199004
38.7893,4.5,4.99056,-0.00055057,-0.0288434,-3.13377e-05,0.028848671250793188
38.6577,4.83333,4.97796,0.00484747,-0.107117,0.000659833,0.10722865770860321
38.7893,4.83333,4.99056,-0.000889583,-0.0230157,-5.92915e-05,0.02303296159606622
38.6577,5.16667,4.97796,0.00586272,-0.0753435,0.000775806,0.07557523637407981
38.7893,5.16667,4.99056,-0.0010859,-0.0152651,-7.54047e-05,0.01530386038517021
38.6577,5.5,4.97796,0.00596194,-0.0412107,0.000786666,0.04164715316140056
38.7893,5.5,4.99056,-0.0012877,-0.00687647,-9.57694e-05,0.006996655110041966
38.6577,5.83333,4.97796,0.00349736,-0.00780371,0.000521406,0.008567454753340458
38.7893,5.83333,4.99056,-0.000913735,-1.42409e-05,-6.82376e-05,0.0009163901044378262
38.6577,6.16667,4.97796,0.00375779,0.0129098,0.000564793,0.013457448229770345
38.7893,6.16667,4.99056,-0.000963413,0.00143908,-7.13117e-05,0.0017332631691482658
38.6577,6.5,4.97796,0.00649984,0.0490968,0.000853401,0.04953253459628733
38.7893,6.5,4.99056,-0.00135516,0.00904573,-0.000100526,0.009147228833650987
38.6577,6.83333,4.97796,0.0061893,0.0847791,0.000809564,0.0850085797150505
38.7893,6.83333,4.99056,-0.00111573,0.0182649,-7.63335e-05,0.018299105230751646
38.6577,7.16667,4.97796,0.00489087,0.117196,0.000663271,0.11729988471339749
38.7893,7.16667,4.99056,-0.000914064,0.02628,-6.0341e-05,0.026295960793102372
38.6577,7.5,4.97796,0.0029946,0.143746,0.000459006,0.1437779219201197
38.7893,7.5,4.99056,-0.000562127,0.0319524,-3.12427e-05,0.03195735953783466
38.6577,7.83333,4.97796,0.000650314,0.162998,0.000208427,0.16299943053309396
38.7893,7.83333,4.99056,-7.8898e-05,0.0351493,9.15801e-06,0.03514938974226368
38.6577,8.16667,4.97796,-0.00160562,0.172627,-1.33237e-05,0.17263446736415466
38.7893,8.16667,4.99056,0.000515351,0.0351119,5.77711e-05,0.03511572932124857
38.6577,8.5,4.97796,-0.00385459,0.173722,-0.000247796,0.17376493475648563
38.7893,8.5,4.99056,0.000961198,0.0333294,9.1672e-05,0.033343383297301854
38.6577,8.83333,4.97796,-0.0058583,0.162956,-0.000479107,0.16306197336720615
38.7893,8.83333,4.99056,0.001423,0.0274425,0.000132967,0.02747969096392987
38.6577,9.16667,4.97796,-0.00817179,0.142727,-0.000727753,0.1429625975744464
38.7893,9.16667,4.99056,0.00192907,0.0212485,0.000178285,0.0213366316192628
38.6577,9.5,4.97796,-0.00924902,0.107372,-0.000831407,0.10777282585401594
38.7893,9.5,4.99056,0.0023271,0.0101199,0.000214256,0.010386225303426457
38.6577,9.83333,4.97796,-0.00980637,0.0669173,-0.000849968,0.06763735933245711
38.7893,9.83333,4.99056,0.00256549,0.00236112,0.000232516,0.003494379814037965
38.6577,10.1667,4.97796,-0.00755129,0.0122038,-0.000579981,0.01436283722195796
38.7893,10.1667,4.99056,0.00200196,-0.00969812,0.000182681,0.00990427926321552
38.6577,10.5,4.97796,0.00182057,-0.0306896,0.000174395,0.03074404717829006
38.7893,10.5,4.99056,-0.0020769,-0.0126229,-0.000187014,0.012793986566203513
38.6577,10.8333,4.97796,0.00463125,-0.0600214,0.000308639,0.060200599602950974
38.7893,10.8333,4.99056,-0.00312385,-0.0141616,-0.000300063,0.014505150505474563
38.6577,11.1667,4.97796,-0.00135656,-0.0701673,-6.94372e-05,0.07018044646372908
38.7893,11.1667,4.99056,0.000722551,-0.0146646,7.1289e-05,0.014682562965270131
38.6577,11.5,4.97796,-0.00174883,-0.0661652,-0.000107159,0.06618839460555136
38.7893,11.5,4.99056,0.00052416,-0.0144499,6.57157e-05,0.014459552976106368
38.6577,11.8333,4.97796,0.0123953,-0.0601192,0.00131694,0.06139785013902034
38.7893,11.8333,4.99056,-0.00251681,-0.0162101,-0.000207581,0.016405632095645113
38.6577,0.166667,4.98056,0.0125563,0.0609202,0.00117641,0.06221185882304193
38.7893,0.166667,4.99167,-0.00253179,0.0164616,-0.000184572,0.016656179093275984
38.6577,0.5,4.98056,-0.00172694,0.0669982,-9.56169e-05,0.06702052124234162
38.7893,0.5,4.99167,0.000477282,0.0146711,5.36372e-05,0.014678959440871407
38.6577,0.833333,4.98056,-0.00175208,0.0704053,-9.23745e-05,0.07042715801070387
38.7893,0.833333,4.99167,0.000886594,0.0147019,7.6905e-05,0.014728809419293231
38.6577,1.16667,4.98056,0.00440885,0.060619,0.000257754,0.06077966400406485
38.7893,1.16667,4.99167,-0.00296294,0.013981,-0.000252126,0.014293737858358675
38.6577,1.5,4.98056,0.00255183,0.0322882,0.000199131,0.03238949441939564
38.7893,1.5,4.99167,-0.00242337,0.0127065,-0.000193704,0.01293697745404683
38.6577,1.83333,4.98056,-0.007184,-0.00887323,-0.000489108,0.011427304724586808
38.7893,1.83333,4.99167,0.00184549,0.0101055,0.000149387,0.010273717928085674
38.6577,2.16667,4.98056,-0.00960783,-0.0635282,-0.000735215,0.0642548296522925
38.7893,2.16667,4.99167,0.00253814,-0.00178253,0.000202838,0.003108168450187988
38.6577,2.5,4.98056,-0.00899395,-0.102967,-0.000716806,0.10336154041249646
38.7893,2.5,4.99167,0.00227814,-0.0092037,0.000184726,0.009483255730216075
38.6577,2.83333,4.98056,-0.00791643,-0.137628,-0.000624263,0.13785690389762156
38.7893,2.83333,4.99167,0.00189972,-0.0201062,0.000154516,0.020196338522431637
38.6577,3.16667,4.98056,-0.00554106,-0.156633,-0.000397873,0.1567314848326517
38.7893,3.16667,4.99167,0.00138841,-0.0258597,0.000113944,0.025897195787444555
38.6577,3.5,4.98056,-0.00356591,-0.166319,-0.00019274,0.16635733414501358
38.7893,3.5,4.99167,0.000953865,-0.0313555,7.959e-05,0.03137010636348441
38.6577,3.83333,4.98056,-0.00133065,-0.164067,1.39353e-05,0.16407239655900405
38.7893,3.83333,4.99167,0.000510897,-0.0326562,5.02584e-05,0.0326602348444003
38.6577,4.16667,4.98056,0.000899054,-0.153505,0.000207205,0.15350777262733944
38.7893,4.16667,4.99167,-8.44086e-05,-0.032286,6.91847e-06,0.03228611108010659
38.6577,4.5,4.98056,0.00312958,-0.133549,0.000419277,0.13358632214856103
38.7893,4.5,4.99167,-0.000545921,-0.0287207,-2.7074e-05,0.028725900703541342
38.6577,4.83333,4.98056,0.00480888,-0.106932,0.000580989,0.10704165310323137
38.7893,4.83333,4.99167,-0.000886648,-0.0229145,-5.18572e-05,0.02293170608775317
38.6577,5.16667,4.98056,0.00582002,-0.0752062,0.00068314,0.07543415560275066
38.7893,5.16667,4.99167,-0.00108399,-0.0151944,-6.61487e-05,0.015233161238909398
38.6577,5.5,4.98056,0.00591682,-0.0411277,0.000692505,0.04155690110411778
38.7893,5.5,4.99167,-0.00128455,-0.00684268,-8.40285e-05,0.006962714921186437
38.6577,5.83333,4.98056,0.0034581,-0.00779319,0.000458558,0.008538298508805135
38.7893,5.83333,4.99167,-0.000907717,-1.6842e-05,-5.95537e-05,0.0009098244051665629
38.6577,6.16667,4.98056,0.00371606,0.0128027,0.000496808,0.013340354095842583
38.7893,6.16667,4.99167,-0.000957569,0.00141719,-6.22643e-05,0.0017115030613222666
38.6577,6.5,4.98056,0.0064531,0.0489283,0.000751427,0.04935773174525273
38.7893,6.5,4.99167,-0.00135296,0.00898272,-8.82827e-05,0.009084467689144988
38.6577,6.83333,4.98056,0.00614651,0.084569,0.000713007,0.08479506899084492
38.7893,6.83333,4.99167,-0.00111463,0.0181652,-6.70106e-05,0.018199488495488338
38.6577,7.16667,4.98056,0.0048523,0.116947,0.000584076,0.11704907846311212
38.7893,7.16667,4.99167,-0.000911248,0.0261519,-5.27729e-05,0.026167824355618072
38.6577,7.5,4.98056,0.00296196,0.143455,0.000404105,0.14348614404496562
38.7893,7.5,4.99167,-0.000557338,0.0318061,-2.69588e-05,0.03181099416291703
38.6577,7.83333,4.98056,0.000625814,0.162666,0.000183449,0.16266730726454592
38.7893,7.83333,4.99167,-7.25787e-05,0.0349966,8.77887e-06,0.03499667636070963
38.6577,8.16667,4.98056,-0.00161959,0.172256,-1.13685e-05,0.17226361408321517
38.7893,8.16667,4.99167,0.000521843,0.0349653,5.16268e-05,0.034969232040940317
38.6577,8.5,4.98056,-0.00385764,0.173343,-0.000217521,0.17338605581405628
38.7893,8.5,4.99167,0.000967799,0.0331941,8.14846e-05,0.03320830542882967
38.6577,8.83333,4.98056,-0.00584925,0.162567,-0.000421005,0.16267274037088242
38.7893,8.83333,4.99167,0.00142662,0.0273319,0.000117656,0.02736935960465162
38.6577,9.16667,4.98056,-0.00814845,0.142353,-0.000639444,0.14258745644351623
38.7893,9.16667,4.99167,0.0019283,0.0211691,0.000157264,0.02125732503551884
38.6577,9.5,4.98056,-0.00920926,0.107036,-0.000729574,0.1074339240834527
38.7893,9.5,4.99167,0.00231887,0.0100865,0.000188364,0.01035133427744443
38.6577,9.83333,4.98056,-0.00975058,0.0666872,-0.000744415,0.06740037542824687
38.7893,9.83333,4.99167,0.00254938,0.00236928,0.000203787,0.0034863096885057415
38.6577,10.1667,4.98056,-0.00749531,0.0121391,-0.000505873,0.014275620067031378
38.7893,10.1667,4.99167,0.00198146,-0.00964186,0.00015945,0.00984464688517064
38.6577,10.5,4.98056,0.00183538,-0.0305439,0.000155509,0.030599389373049277
38.7893,10.5,4.99167,-0.00208634,-0.0125462,-0.00016577,0.012719568732016821
38.6577,10.8333,4.98056,0.0046241,-0.0598426,0.000271132,0.060021601012730616
38.7893,10.8333,4.99167,-0.00311757,-0.0140935,-0.000264295,0.014436614450830396
38.6577,11.1667,4.98056,-0.00135762,-0.0699474,-6.10014e-05,0.06996060048338067
38.7893,11.1667,4.99167,0.000726097,-0.0145925,6.3174e-05,0.014610690060968544
38.6577,11.5,4.98056,-0.00176705,-0.06596,-9.60022e-05,0.06598373498162184
38.7893,11.5,4.99167,0.000530735,-0.0143724,5.86017e-05,0.014382315375469553
38.6577,11.8333,4.98056,0.0123233,-0.0600507,0.00115648,0.061313030746900775
38.7893,11.8333,4.99167,-0.00250673,-0.0161407,-0.000182197,0.01633521005465522
38.6577,0.166667,4.98315,0.0124905,0.0608621,0.00101515,0.06213886333191572
38.7893,0.166667,4.99278,-0.00252235,0.0163973,-0.00015919,0.016590932411067197
38.6577,0.5,4.98315,-0.00174272,0.0668122,-8.40013e-05,0.06683497735510055
38.7893,0.5,4.99278,0.000483508,0.0145994,4.69855e-05,0.014607479864209098
38.6577,0.833333,4.98315,-0.00175192,0.0702098,-7.97876e-05,0.07023169943684629
38.7893,0.833333,4.99278,0.000889661,0.0146374,6.68574e-05,0.014664564274701645
38.6577,1.16667,4.98315,0.00440257,0.0604655,0.000222519,0.060625974858638444
38.7893,1.16667,4.99278,-0.00295701,0.0139219,-0.000218129,0.01423414163238307
38.6577,1.5,4.98315,0.0025649,0.0321649,0.000173736,0.03226747105395302
38.7893,1.5,4.99278,-0.00243183,0.0126381,-0.000168471,0.012871043129317103
38.6577,1.83333,4.98315,-0.00713413,-0.00881773,-0.000419399,0.011350069106882169
38.7893,1.83333,4.99278,0.00182646,0.0100549,0.000128081,0.01022024338673796
38.6577,2.16667,4.98315,-0.0095569,-0.0633217,-0.000632803,0.0640419586531893
38.7893,2.16667,4.99278,0.00252275,-0.0017898,0.000174659,0.0030980893093616587
38.6577,2.5,4.98315,-0.00895858,-0.102669,-0.000618151,0.10306096170362083
38.7893,2.5,4.99278,0.00227048,-0.00917469,0.000159544,0.009452802246658712
38.6577,2.83333,4.98315,-0.00789645,-0.137303,-0.000539029,0.13753093573398437
38.7893,2.83333,4.99278,0.00189895,-0.0200369,0.000133875,0.020127128340330248
38.6577,3.16667,4.98315,-0.00553437,-0.156302,-0.000343592,0.1564003277194756
38.7893,3.16667,4.99278,0.0013917,-0.025765,9.90118e-05,0.02580274902460083
38.6577,3.5,4.98315,-0.00357005,-0.166004,-0.000166269,0.16604246721361035
38.7893,3.5,4.99278,0.000959786,-0.0312413,6.94394e-05,0.0312561167883355
38.6577,3.83333,4.98315,-0.00134473,-0.163766,1.22715e-05,0.16377152135021097
38.7893,3.83333,4.99278,0.000516735,-0.0325355,4.40601e-05,0.03253963301272215
38.6577,4.16667,4.98315,0.000875607,-0.153246,0.000179111,0.15324860614168329
38.7893,4.16667,4.99278,-7.86126e-05,-0.0321632,6.53899e-06,0.032163296736175365
38.6577,4.5,4.98315,0.00309924,-0.133335,0.00036259,0.13337150739601655
38.7893,4.5,4.99278,-0.000541569,-0.028608,-2.30001e-05,0.028613134920633235
38.6577,4.83333,4.98315,0.00477367,-0.106763,0.000502557,0.10687085036532247
38.7893,4.83333,4.99278,-0.000883873,-0.0228215,-4.45739e-05,0.022838653212540583
38.6577,5.16667,4.98315,0.00578109,-0.07508,0.000590946,0.07530455908351774
38.7893,5.16667,4.99278,-0.00108216,-0.0151295,-5.70195e-05,0.015168259350992792
38.6577,5.5,4.98315,0.00587564,-0.0410514,0.000598887,0.041474079290665024
38.7893,5.5,4.99278,-0.00128157,-0.00681174,-7.24429e-05,0.006931628341613564
38.6577,5.83333,4.98315,0.00342215,-0.00778341,0.000396207,0.008511730836759877
38.7893,5.83333,4.99278,-0.000902078,-1.92843e-05,-5.1084e-05,0.000903729039793726
38.6577,6.16667,4.98315,0.00367787,0.0127037,0.000429331,0.01323234848900455
38.7893,6.16667,4.99278,-0.0009521,0.00139708,-5.34323e-05,0.0016915028664129688
38.6577,6.5,4.98315,0.00641045,0.0487729,0.000649982,0.049196667775499026
38.7893,6.5,4.99278,-0.00135085,0.00892484,-7.61765e-05,0.009026813812594799
38.6577,6.83333,4.98315,0.00610753,0.0843756,0.000616899,0.08459860733154595
38.7893,6.83333,4.99278,-0.00111355,0.0180737,-5.78007e-05,0.01810806356884746
38.6577,7.16667,4.98315,0.00481713,0.116719,0.000505278,0.1168194547508855
38.7893,7.16667,4.99278,-0.000908583,0.0260342,-4.53595e-05,0.026050089254974335
38.6577,7.5,4.98315,0.00293216,0.143189,0.000349509,0.14321944504782402
38.7893,7.5,4.99278,-0.000552856,0.0316716,-2.28749e-05,0.031676433189009555
38.6577,7.83333,4.98315,0.000603395,0.162361,0.000158624,0.16236219870431481
38.7893,7.83333,4.99278,-6.67053e-05,0.0348563,8.16904e-06,0.03485636478493221
38.6577,8.16667,4.98315,-0.00163243,0.171916,-9.54971e-06,0.17192375046776365
38.7893,8.16667,4.99278,0.000527843,0.0348307,4.52665e-05,0.034834728788648135
38.6577,8.5,4.98315,-0.00386055,0.172995,-0.000187636,0.1730381723163158
38.7893,8.5,4.99278,0.000973883,0.0330701,7.10997e-05,0.033084513254316265
38.6577,8.83333,4.98315,-0.00584103,0.162209,-0.000363495,0.16231453860044676
38.7893,8.83333,4.99278,0.00142993,0.0272306,0.000102235,0.02726830996156757
38.6577,9.16667,4.98315,-0.00812708,0.142009,-0.000552046,0.14224243482559104
38.7893,9.16667,4.99278,0.00192751,0.0210966,0.000136256,0.021184909536215536
38.6577,9.5,4.98315,-0.00917269,0.106727,-0.000629093,0.10712229706666465
38.7893,9.5,4.99278,0.00231109,0.0100562,0.00016269,0.010319630006167856
38.6577,9.83333,4.98315,-0.00969914,0.0664756,-0.000640734,0.06718250703984152
38.7893,9.83333,4.99278,0.00253419,0.0023773,0.000175496,0.0034791483285591604
38.6577,10.1667,4.98315,-0.00744341,0.0120784,-0.000433737,0.014194373067285113
38.7893,10.1667,4.99278,0.00196207,-0.00958975,0.000136766,0.00978936814539917
38.6577,10.5,4.98315,0.00184967,-0.030412,0.000136128,0.03046850101237808
38.7893,10.5,4.99278,-0.00209527,-0.0124755,-0.000144295,0.01265105045717252
38.6577,10.8333,4.98315,0.00461725,-0.0596802,0.000234053,0.05985900141506964
38.7893,10.8333,4.99278,-0.0031116,-0.0140311,-0.000228671,0.014373799504523534
38.6577,11.1667,4.98315,-0.00135848,-0.0697457,-5.26642e-05,0.06975894860101003
38.7893,11.1667,4.99278,0.000729349,-0.0145264,5.49662e-05,0.014544802102708152
38.6577,11.5,4.98315,-0.00178338,-0.0657709,-8.43544e-05,0.06579512783405166
38.7893,11.5,4.99278,0.000536815,-0.0143013,5.12784e-05,0.014311463290262514
38.6577,11.8333,4.98315,0.0122574,-0.059989,0.000997865,0.061236588003563894
38.7893,11.8333,4.99278,-0.00249708,-0.0160769,-0.000157117,0.01627042740336249
38.7893,0.166667,4.99389,-0.00251335,0.0163388,-0.000134086,0.01653152421036536
38.7893,0.5,4.99389,0.000489232,0.014534,4.01419e-05,0.01454228714205436
38.7893,0.833333,4.99389,0.000892444,0.0145787,5.67294e-05,0.014606100376485175
38.7893,1.16667,4.99389,-0.0029514,0.0138681,-0.000184266,0.014179877063245505
38.7893,1.5,4.99389,-0.00243986,0.0125757,-0.000143035,0.012810995524190343
38.7893,1.83333,4.99389,0.00180851,0.0100085,0.000107269,0.01017114975351661
38.7893,2.16667,4.99389,0.00250831,-0.00179685,0.000146891,0.0030889910884431184
38.7893,2.5,4.99389,0.00226331,-0.00914868,0.000134563,0.009425445618084536
38.7893,2.83333,4.99389,0.0018982,-0.019974,0.000113248,0.020064313204032277
38.7893,3.16667,4.99389,0.00139472,-0.0256789,8.39833e-05,0.025716885547886214
38.7893,3.5,4.99389,0.000965215,-0.0311373,5.91166e-05,0.031152312691975544
38.7893,3.83333,4.99389,0.000522099,-0.0324255,3.76732e-05,0.032429724896856575
38.7893,4.16667,4.99389,-7.32544e-05,-0.0320512,5.9563e-06,0.03205128426638516
38.7893,4.5,4.99389,-0.000537525,-0.0285053,-1.91e-05,0.028510374007115813
38.7893,4.83333,4.99389,-0.000881274,-0.0227368,-3.74294e-05,0.022753903380806125
38.7893,5.16667,4.99389,-0.00108043,-0.0150704,-4.80069e-05,0.015109155827091983
38.7893,5.5,4.99389,-0.00127877,-0.00678363,-6.10003e-05,0.0069033766901712736
38.7893,5.83333,4.99389,-0.000896832,-2.15642e-05,-4.28109e-05,0.0008981121445033743
38.7893,6.16667,4.99389,-0.00094702,0.00137873,-4.47978e-05,0.001673245390307363
38.7893,6.5,4.99389,-0.00134886,0.00887206,-6.41967e-05,0.008974240533855267
38.7893,6.83333,4.99389,-0.00111251,0.0179902,-4.86949e-05,0.018024631639325838
38.7893,7.16667,4.99389,-0.000906085,0.0259268,-3.80882e-05,0.025942655973862895
38.7893,7.5,4.99389,-0.000548689,0.0315491,-1.89739e-05,0.03155387663089279
38.7893,7.83333,4.99389,-6.12794e-05,0.0347285,7.34891e-06,0.03472855484210857
38.7893,8.16667,4.99389,0.000533356,0.0347081,3.87102e-05,0.03471221935734332
38.7893,8.5,4.99389,0.000979463,0.0329571,6.05355e-05,0.03297170685186209
38.7893,8.83333,4.99389,0.00143295,0.0271386,8.67144e-05,0.02717654273541186
38.7893,9.16667,4.99389,0.00192672,0.0210309,0.000115262,0.021119287158828163
38.7893,9.5,4.99389,0.00230381,0.0100293,0.00013722,0.01029141527363948
38.7893,9.83333,4.99389,0.00251994,0.00238515,0.000147611,0.003472870157869568
38.7893,10.1667,4.99389,0.00194379,-0.0095418,0.00011459,0.009738449449075554
38.7893,10.5,4.99389,-0.00210374,-0.0124109,-0.000122603,0.012588534159830089
38.7893,10.8333,4.99389,-0.00310597,-0.0139742,-0.000193183,0.014316516159750214
38.7893,11.1667,4.99389,0.000732309,-0.0144663,4.66751e-05,0.014484898713019743
38.7893,11.5,4.99389,0.000542409,-0.0142363,4.37668e-05,0.01424669648536331
38.7893,11.8333,4.99389,-0.0024879,-0.0160188,-0.000132319,0.016211388224571053
38.7893,0.166667,4.995,-0.00250481,0.016286,-0.00010924,0.016477857946762983
38.7893,0.5,4.995,0.000494462,0.0144749,3.31294e-05,0.014483380828956628
38.7893,0.833333,4.995,0.000894944,0.0145259,4.65322e-05,0.014553517128817103
38.7893,1.16667,4.995,-0.00294614,0.0138198,-0.000150534,0.014131145509998685
38.7893,1.5,4.995,-0.00244751,0.0125191,-0.000117413,0.012756643595502267
38.7893,1.83333,4.995,0.00179164,0.00996628,8.69156e-05,0.010126414234541433
38.7893,2.16667,4.995,0.00249485,-0.00180366,0.000119505,0.0030808679561326545
38.7893,2.5,4.995,0.00225666,-0.00912566,0.000109771,0.009401182609844414
38.7893,2.83333,4.995,0.00189749,-0.0199176,9.26384e-05,0.020007994400570352
38.7893,3.16667,4.995,0.00139747,-0.0256014,6.88708e-05,0.0256396050583466
38.7893,3.5,4.995,0.000970162,-0.0310435,4.86408e-05,0.031058693991919056
38.7893,3.83333,4.995,0.000526994,-0.0323262,3.11178e-05,0.03233051031817334
38.7893,4.16667,4.995,-6.83359e-05,-0.0319501,5.19057e-06,0.031950173501050755
38.7893,4.5,4.995,-0.000533797,-0.0284126,-1.53574e-05,0.028417618018527584
38.7893,4.83333,4.995,-0.000878866,-0.0226603,-3.04115e-05,0.02267735712986168
38.7893,5.16667,4.995,-0.00107881,-0.0150171,-3.91015e-05,0.015055851100266708
38.7893,5.5,4.995,-0.00127617,-0.00675835,-4.96895e-05,0.006877962898839325
38.7893,5.83333,4.995,-0.000891991,-2.36776e-05,-3.47174e-05,0.0008929803305143513
38.7893,6.16667,4.995,-0.000942345,0.00136211,-3.63438e-05,0.0016567071626945541
38.7893,6.5,4.995,-0.00134702,0.00882434,-5.23336e-05,0.008926711495376612
38.7893,6.83333,4.995,-0.00111152,0.0179147,-3.96849e-05,0.017949192953770593
38.7893,7.16667,4.995,-0.000903769,0.0258299,-3.09463e-05,0.025845724793258258
38.7893,7.5,4.995,-0.000544846,0.0314384,-1.5239e-05,0.03144312458950028
38.7893,7.83333,4.995,-5.63023e-05,0.0346131,6.33967e-06,0.034613146371724156
38.7893,8.16667,4.995,0.000538388,0.0345975,3.19786e-05,0.03460170357828357
38.7893,8.5,4.995,0.000984551,0.0328554,4.9812e-05,0.03287018605160222
38.7893,8.83333,4.995,0.0014357,0.0270559,7.1108e-05,0.02709405867801397
38.7893,9.16667,4.995,0.00192598,0.0209721,9.42845e-05,0.021060561885603627
38.7893,9.5,4.995,0.00229705,0.0100055,0.000111941,0.010266401499063877
38.7893,9.83333,4.995,0.00250664,0.00239283,0.000120101,0.003467463590104588
38.7893,10.1667,4.995,0.00192659,-0.00949803,9.2885e-05,0.009691901285724334
38.7893,10.5,4.995,-0.0021118,-0.0123522,-0.000100716,0.01253182699340587
38.7893,10.8333,4.995,-0.00310069,-0.0139229,-0.000157828,0.014264863566248504
38.7893,11.1667,4.995,0.000734977,-0.014412,3.83116e-05,0.014430779707598046
38.7893,11.5,4.995,0.000547527,-0.0141776,3.60898e-05,0.014188214477142396
38.7893,11.8333,4.995,-0.00247919,-0.0159664,-0.000107786,0.01615809177588418
38.7893,0.166667,4.99611,-0.00249676,0.0162389,-8.46369e-05,0.016429937526127165
38.7893,0.5,4.99611,0.000499205,0.014422,2.59704e-05,0.014430660556388303
38.7893,0.833333,4.99611,0.000897165,0.0144789,3.62766e-05,0.014506714522555841
38.7893,1.16667,4.99611,-0.00294123,0.0137767,-0.000116928,0.014087653067849306
38.7893,1.5,4.99611,-0.00245482,0.0124684,-9.16239e-05,0.012708089342283175
38.7893,1.83333,4.99611,0.00177582,0.00992823,6.69868e-05,0.010086018780305451
38.7893,2.16667,4.99611,0.00248238,-0.00181019,9.24681e-05,0.0030736864918233953
38.7893,2.5,4.99611,0.00225055,-0.00910557,8.51554e-05,0.00937995904946014
38.7893,2.83333,4.99611,0.00189686,-0.0198676,7.20489e-05,0.01995807602610009
38.7893,3.16667,4.99611,0.00139997,-0.0255324,5.36862e-05,0.025570808512226796
38.7893,3.5,4.99611,0.000974639,-0.0309598,3.80306e-05,0.030975160750944575
38.7893,3.83333,4.99611,0.000531424,-0.0322376,2.44142e-05,0.0322419891024257
38.7893,4.16667,4.99611,-6.38578e-05,-0.03186,4.26226e-06,0.03186006428093768
38.7893,4.5,4.99611,-0.000530392,-0.0283299,-1.17555e-05,0.02833486699943101
38.7893,4.83333,4.99611,-0.000876663,-0.0225921,-2.35072e-05,0.02260911482154976
38.7893,5.16667,4.99611,-0.00107733,-0.0149696,-3.02927e-05,0.015008347068767209
38.7893,5.5,4.99611,-0.0012738,-0.00673589,-3.8498e-05,0.006855382019122202
38.7893,5.83333,4.99611,-0.000887565,-2.56207e-05,-2.67857e-05,0.0008883386309386641
38.7893,6.16667,4.99611,-0.000938086,0.0013472,-2.80522e-05,0.0016418709173747002
38.7893,6.5,4.99611,-0.00134535,0.00878166,-4.05761e-05,0.008884208766006752
38.7893,6.83333,4.99611,-0.00111061,0.0178472,-3.07614e-05,0.017881749038498165
38.7893,7.16667,4.99611,-0.000901647,0.0257432,-2.39205e-05,0.02575899620992498
38.7893,7.5,4.99611,-0.000541334,0.0313396,-1.16524e-05,0.031344277092285634
38.7893,7.83333,4.99611,-5.17743e-05,0.0345102,5.16274e-06,0.034510239223627885
38.7893,8.16667,4.99611,0.000542944,0.0344987,2.50926e-05,0.034502981313441754
38.7893,8.5,4.99611,0.000989158,0.0327647,3.8949e-05,0.03277965095396174
38.7893,8.83333,4.99611,0.00143821,0.0269824,5.5428e-05,0.027020759242243435
38.7893,9.16667,4.99611,0.00192529,0.0209202,7.33277e-05,0.02100873357857839
38.7893,9.5,4.99611,0.00229084,0.00998493,8.68398e-05,0.010244721380367746
38.7893,9.83333,4.99611,0.00249431,0.00240032,9.29375e-05,0.003462911471205444
38.7893,10.1667,4.99611,0.00191048,-0.00945846,7.16153e-05,0.009649742387918658
38.7893,10.5,4.99611,-0.00211949,-0.0122995,-7.86497e-05,0.012481030561833029
38.7893,10.8333,4.99611,-0.0030958,-0.0138771,-0.000122603,0.014218752179625644
38.7893,11.1667,4.99611,0.000737356,-0.0143637,2.98864e-05,0.014382644567590515
38.7893,11.5,4.99611,0.000552176,-0.014125,2.82695e-05,0.014135817008563964
38.7893,11.8333,4.99611,-0.00247097,-0.0159196,-8.34996e-05,0.016110441616668986
38.7893,0.166667,4.99722,-0.00248921,0.0161975,-6.02098e-05,0.016387763663603283
38.7893,0.5,4.99722,0.000503472,0.0143754,1.86714e-05,0.014384226007539021
38.7893,0.833333,4.99722,0.000899112,0.0144377,2.5953e-05,0.014465692421614424
38.7893,1.16667,4.99722,-0.00293672,0.013739,-8.33814e-05,0.014049604898938117
38.7893,1.5,4.99722,-0.00246184,0.0124236,-6.56263e-05,0.012665338525158009
38.7893,1.83333,4.99722,0.00176105,0.00989439,4.74143e-05,0.010049999934847982
38.7893,2.16667,4.99722,0.0024709,-0.00181642,6.57029e-05,0.003067416714023122
38.7893,2.5,4.99722,0.00224502,-0.00908839,6.06539e-05,0.00936176406923851
38.7893,2.83333,4.99722,0.00189631,-0.019824,5.14403e-05,0.019914557833920495
38.7893,3.16667,4.99722,0.00140226,-0.025472,3.84099e-05,0.02551059764936953
38.7893,3.5,4.99722,0.000978656,-0.0308863,2.7282e-05,0.030901812884746097
38.7893,3.83333,4.99722,0.000535394,-0.0321596,1.75677e-05,0.03216406111670788
38.7893,4.16667,4.99722,-5.98202e-05,-0.0317806,3.18842e-06,0.031780656459273304
38.7893,4.5,4.99722,-0.000527316,-0.0282571,-8.2714e-06,0.028262020999742996
38.7893,4.83333,4.99722,-0.000874675,-0.022532,-1.66903e-05,0.022548976893015327
38.7893,5.16667,4.99722,-0.00107599,-0.0149279,-2.15525e-05,0.014966643491456467
38.7893,5.5,4.99722,-0.00127167,-0.00671623,-2.73913e-05,0.006835615574702522
38.7893,5.83333,4.99722,-0.000883563,-2.73896e-05,-1.8984e-05,0.0008841912448182011
38.7893,6.16667,4.99722,-0.000934257,0.00133399,-1.98896e-05,0.0016287298911535823
38.7893,6.5,4.99722,-0.00134386,0.00874399,-2.88897e-05,0.008846703082757219
38.7893,6.83333,4.99722,-0.00110979,0.0177877,-2.18967e-05,0.017822300205068115
38.7893,7.16667,4.99722,-0.000899732,0.0256668,-1.6984e-05,0.02568257051714411
38.7893,7.5,4.99722,-0.000538157,0.0312525,-8.19017e-06,0.031257134166227295
38.7893,7.83333,4.99722,-4.76947e-05,0.0344196,3.83535e-06,0.034419633258567964
38.7893,8.16667,4.99722,0.000547029,0.0344119,1.80582e-05,0.034416252388013255
38.7893,8.5,4.99722,0.000993296,0.0326851,2.79424e-05,0.03270020152432296
38.7893,8.83333,4.99722,0.00144048,0.0269182,3.96544e-05,0.026956743986279934
38.7893,9.16667,4.99722,0.0019247,0.020875,5.23518e-05,0.020963607413824636
38.7893,9.5,4.99722,0.00228519,0.00996753,6.18542e-05,0.010226317694021521
38.7893,9.83333,4.99722,0.00248297,0.00240762,6.60414e-05,0.003459210249726657
38.7893,10.1667,4.99722,0.00189543,-0.00942308,5.07094e-05,0.009611954172516032
38.7893,10.5,4.99722,-0.00212686,-0.0122528,-5.63714e-05,0.012436149686874067
38.7893,10.8333,4.99722,-0.00309132,-0.013837,-8.74339e-05,0.014178380479775158
38.7893,11.1667,4.99722,0.00073945,-0.0143213,2.13931e-05,0.01434039321836147
38.7893,11.5,4.99722,0.000556369,-0.0140785,2.03107e-05,0.014089503938701871
38.7893,11.8333,4.99722,-0.00246327,-0.0158785,-5.93939e-05,0.016068540349958898
38.7893,0.166667,4.99833,-0.00248217,0.0161619,-3.5795e-05,0.016351436047054857
38.7893,0.5,4.99833,0.000507269,0.0143349,1.12082e-05,0.014343876933106622
38.7893,0.833333,4.99833,0.00090079,0.0144023,1.55083e-05,0.01443045073521506
38.7893,1.16667,4.99833,-0.0029326,0.0137067,-4.9684e-05,0.014016998114783921
38.7893,1.5,4.99833,-0.00246861,0.0123846,-3.92683e-05,0.012628297371042738
38.7893,1.83333,4.99833,0.00174732,0.00986478,2.80538e-05,0.010018373053869297
38.7893,2.16667,4.99833,0.00246045,-0.00182233,3.90197e-05,0.0030620619471833175
38.7893,2.5,4.99833,0.00224008,-0.00907409,3.61041e-05,0.009346570025444458
38.7893,2.83333,4.99833,0.00189589,-0.0197867,3.06866e-05,0.01987734482896344
38.7893,3.16667,4.99833,0.00140434,-0.0254201,2.29572e-05,0.025458872360704272
38.7893,3.5,4.99833,0.000982224,-0.0308228,1.63446e-05,0.030838450528068446
38.7893,3.83333,4.99833,0.00053891,-0.0320923,1.05534e-05,0.03209682623955758
38.7893,4.16667,4.99833,-5.62224e-05,-0.0317121,1.98001e-06,0.031712149900136086
38.7893,4.5,4.99833,-0.000524576,-0.0281942,-4.86898e-06,0.028199080079441285
38.7893,4.83333,4.99833,-0.000872914,-0.0224802,-9.90718e-06,0.022497143575209974
38.7893,5.16667,4.99833,-0.00107481,-0.0148918,-1.28175e-05,0.014930542122254177
38.7893,5.5,4.99833,-0.0012698,-0.00669936,-1.62898e-05,0.006818656891733447
38.7893,5.83333,4.99833,-0.000879994,-2.89803e-05,-1.12493e-05,0.0008805429260260853
38.7893,6.16667,4.99833,-0.000930867,0.00132245,-1.17902e-05,0.0016172589103186415
38.7893,6.5,4.99833,-0.00134258,0.00871128,-1.71924e-05,0.008814148618750297
38.7893,6.83333,4.99833,-0.00110908,0.0177362,-1.30277e-05,0.017770847436387703
38.7893,7.16667,4.99833,-0.000898033,0.0256007,-1.00822e-05,0.02561644794677525
38.7893,7.5,4.99833,-0.00053532,0.0311773,-4.81562e-06,0.031181895804819115
38.7893,7.83333,4.99833,-4.40621e-05,0.0343414,2.36778e-06,0.034341428348789435
38.7893,8.16667,4.99833,0.00055065,0.0343369,1.085e-05,0.0343413167300702
38.7893,8.5,4.99833,0.000996977,0.0326165,1.67408e-05,0.032631737858148366
38.7893,8.83333,4.99833,0.00144254,0.0268631,2.37002e-05,0.026901814529155466
38.7893,9.16667,4.99833,0.00192422,0.0208366,3.12289e-05,0.020925283687744718
38.7893,9.5,4.99833,0.00228014,0.00995327,3.68189e-05,0.010211169264285908
38.7893,9.83333,4.99833,0.00247262,0.0024147,3.92231e-05,0.003456322352728925
38.7893,10.1667,4.99833,0.00188145,-0.00939191,3.00141e-05,0.009578555652957224
38.7893,10.5,4.99833,-0.00213393,-0.012212,-3.37521e-05,0.012397085966030664
38.7893,10.8333,4.99833,-0.00308726,-0.0138023,-5.21025e-05,0.014143456941925698
38.7893,11.1667,4.99833,0.00074126,-0.0142847,1.27894e-05,0.014303925476817626
38.7893,11.5,4.99833,0.000560113,-0.0140382,1.21847e-05,0.014049374871491013
38.7893,11.8333,4.99833,-0.0024561,-0.0158431,-3.53063e-05,0.016032388822468713
38.7893,0.166667,4.99944,-0.00247561,0.0161318,-1.23854e-05,0.016320654690000436
38.7893,0.5,4.99944,0.000510626,0.0143004,3.90761e-06,0.014309514119678974
38.7893,0.833333,4.99944,0.000902209,0.0143725,5.38734e-06,0.01440079047667569
38.7893,1.16667,4.99944,-0.00292886,0.0136795,-1.72232e-05,0.01398954029938862
38.7893,1.5,4.99944,-0.00247521,0.0123512,-1.36613e-05,0.012596785011073962
38.7893,1.83333,4.99944,0.00173453,0.00983924,9.66767e-06,0.00999096249429169
38.7893,2.16667,4.99944,0.00245095,-0.00182795,1.34897e-05,0.003057570780375507
38.7893,2.5,4.99944,0.00223571,-0.00906257,1.25059e-05,0.009334277187149246
38.7893,2.83333,4.99944,0.00189559,-0.0197556,1.06483e-05,0.019846337349606676
38.7893,3.16667,4.99944,0.00140624,-0.0253763,7.9785e-06,0.025415235121557744
38.7893,3.5,4.99944,0.000985368,-0.0307691,5.69083e-06,0.03078487448879677
38.7893,3.83333,4.99944,0.000541995,-0.0320351,3.68243e-06,0.03203968483225632
38.7893,4.16667,4.99944,-5.30423e-05,-0.031654,7.0893e-07,0.031654044449140634
38.7893,4.5,4.99944,-0.000522156,-0.0281409,-1.67104e-06,0.028145743949853426
38.7893,4.83333,4.99944,-0.000871375,-0.0224362,-3.42377e-06,0.02245311507459101
38.7893,5.16667,4.99944,-0.00107379,-0.0148613,-4.43638e-06,0.014900043031332744
38.7893,5.5,4.99944,-0.00126818,-0.00668517,-5.63824e-06,0.006804396389912208
38.7893,5.83333,4.99944,-0.00087684,-3.03978e-05,-3.88201e-06,0.0008773753369262668
38.7893,6.16667,4.99944,-0.000927901,0.0013125,-4.06997e-06,0.0016073808137640566
38.7893,6.5,4.99944,-0.00134151,0.00868334,-5.95389e-06,0.00878635749810501
38.7893,6.83333,4.99944,-0.00110848,0.0176922,-4.51053e-06,0.017726891692997983
38.7893,7.16667,4.99944,-0.000896547,0.0255445,-3.48441e-06,0.025560228655360697
38.7893,7.5,4.99944,-0.000532807,0.0311134,-1.65095e-06,0.031117961783910027
38.7893,7.83333,4.99944,-4.08535e-05,0.034275,8.44013e-07,0.03427502435769842
38.7893,8.16667,4.99944,0.000553832,0.0342733,3.78659e-06,0.034277774681453405
38.7893,8.5,4.99944,0.00100023,0.0325586,5.82896e-06,0.03257396088887065
38.7893,8.83333,4.99944,0.00144442,0.0268168,8.23646e-06,0.026855673129074113
38.7893,9.16667,4.99944,0.00192386,0.0208048,1.0836e-05,0.020893564984427525
38.7893,9.5,4.99944,0.00227567,0.00994208,1.27536e-05,0.010199205426385576
38.7893,9.83333,4.99944,0.0024632,0.00242162,1.35606e-05,0.0034542410967204305
38.7893,10.1667,4.99944,0.00186842,-0.00936476,1.03463e-05,0.009549336636642551
38.7893,10.5,4.99944,-0.0021408,-0.0121769,-1.17487e-05,0.012363658693200476
38.7893,10.8333,4.99944,-0.00308361,-0.0137731,-1.80628e-05,0.014114080221780087
38.7893,11.1667,4.99944,0.000742797,-0.0142538,4.44433e-06,0.01427314196577888
38.7893,11.5,4.99944,0.000563437,-0.0140037,4.24601e-06,0.01401503096577278
38.7893,11.8333,4.99944,-0.00244941,-0.0158132,-1.22153e-05,0.016001782800727362
